operation_id,stage,synthetic,kind,module,call,estimator_class,pid,utc,n_rows,parameters,target_hash,event,wall_seconds,process_cpu_seconds,return_is_none
9b7e20d3aa5f46319372ef83aa89869f,owner_fit_h1_cqr_l90,False,cqr_wrapper_fit,mapie.regression.quantile_regression,fit,ConformalizedQuantileRegressor,9028,2026-09-14T10:02:26.871115+00:00,51664,{},32692a4e5945c7f081d6b81a9969bad5080e65499005031b78c7393221573c75,started,,,
898a93a677f44067b6e06c1d3533fb85,owner_fit_h1_cqr_l90,False,quantile_estimator_fit,sklearn.ensemble._hist_gradient_boosting.gradient_boosting,fit,HistGradientBoostingRegressor,9028,2026-09-14T10:02:26.881557+00:00,51664,"{'categorical_features': 'warn', 'early_stopping': 'auto', 'interaction_cst': None, 'l2_regularization': 0.0, 'learning_rate': 0.05, 'loss': 'quantile', 'max_bins': 255, 'max_depth': None, 'max_features': 1.0, 'max_iter': 300, 'max_leaf_nodes': 31, 'min_samples_leaf': 50, 'monotonic_cst': None, 'n_iter_no_change': 10, 'quantile': 0.05, 'random_state': 43, 'scoring': 'loss', 'tol': 1e-07, 'validation_fraction': 0.1, 'verbose': 0, 'warm_start': False}",32692a4e5945c7f081d6b81a9969bad5080e65499005031b78c7393221573c75,started,,,
898a93a677f44067b6e06c1d3533fb85,owner_fit_h1_cqr_l90,False,quantile_estimator_fit,sklearn.ensemble._hist_gradient_boosting.gradient_boosting,fit,HistGradientBoostingRegressor,9028,2026-09-14T10:02:26.881557+00:00,51664,"{'categorical_features': 'warn', 'early_stopping': 'auto', 'interaction_cst': None, 'l2_regularization': 0.0, 'learning_rate': 0.05, 'loss': 'quantile', 'max_bins': 255, 'max_depth': None, 'max_features': 1.0, 'max_iter': 300, 'max_leaf_nodes': 31, 'min_samples_leaf': 50, 'monotonic_cst': None, 'n_iter_no_change': 10, 'quantile': 0.05, 'random_state': 43, 'scoring': 'loss', 'tol': 1e-07, 'validation_fraction': 0.1, 'verbose': 0, 'warm_start': False}",32692a4e5945c7f081d6b81a9969bad5080e65499005031b78c7393221573c75,returned,4.325173299992457,4.25,False
022036cc99ee42d08838e05a6dc13486,owner_fit_h1_cqr_l90,False,quantile_estimator_fit,sklearn.ensemble._hist_gradient_boosting.gradient_boosting,fit,HistGradientBoostingRegressor,9028,2026-09-14T10:02:31.213756+00:00,51664,"{'categorical_features': 'warn', 'early_stopping': 'auto', 'interaction_cst': None, 'l2_regularization': 0.0, 'learning_rate': 0.05, 'loss': 'quantile', 'max_bins': 255, 'max_depth': None, 'max_features': 1.0, 'max_iter': 300, 'max_leaf_nodes': 31, 'min_samples_leaf': 50, 'monotonic_cst': None, 'n_iter_no_change': 10, 'quantile': 0.95, 'random_state': 43, 'scoring': 'loss', 'tol': 1e-07, 'validation_fraction': 0.1, 'verbose': 0, 'warm_start': False}",32692a4e5945c7f081d6b81a9969bad5080e65499005031b78c7393221573c75,started,,,
022036cc99ee42d08838e05a6dc13486,owner_fit_h1_cqr_l90,False,quantile_estimator_fit,sklearn.ensemble._hist_gradient_boosting.gradient_boosting,fit,HistGradientBoostingRegressor,9028,2026-09-14T10:02:31.213756+00:00,51664,"{'categorical_features': 'warn', 'early_stopping': 'auto', 'interaction_cst': None, 'l2_regularization': 0.0, 'learning_rate': 0.05, 'loss': 'quantile', 'max_bins': 255, 'max_depth': None, 'max_features': 1.0, 'max_iter': 300, 'max_leaf_nodes': 31, 'min_samples_leaf': 50, 'monotonic_cst': None, 'n_iter_no_change': 10, 'quantile': 0.95, 'random_state': 43, 'scoring': 'loss', 'tol': 1e-07, 'validation_fraction': 0.1, 'verbose': 0, 'warm_start': False}",32692a4e5945c7f081d6b81a9969bad5080e65499005031b78c7393221573c75,returned,4.307942300001741,4.25,False
7e1b49d9225a45b39665f2ecd32bd0f7,owner_fit_h1_cqr_l90,False,quantile_estimator_fit,sklearn.ensemble._hist_gradient_boosting.gradient_boosting,fit,HistGradientBoostingRegressor,9028,2026-09-14T10:02:35.526991+00:00,51664,"{'categorical_features': 'warn', 'early_stopping': 'auto', 'interaction_cst': None, 'l2_regularization': 0.0, 'learning_rate': 0.05, 'loss': 'quantile', 'max_bins': 255, 'max_depth': None, 'max_features': 1.0, 'max_iter': 300, 'max_leaf_nodes': 31, 'min_samples_leaf': 50, 'monotonic_cst': None, 'n_iter_no_change': 10, 'quantile': 0.5, 'random_state': 43, 'scoring': 'loss', 'tol': 1e-07, 'validation_fraction': 0.1, 'verbose': 0, 'warm_start': False}",32692a4e5945c7f081d6b81a9969bad5080e65499005031b78c7393221573c75,started,,,
7e1b49d9225a45b39665f2ecd32bd0f7,owner_fit_h1_cqr_l90,False,quantile_estimator_fit,sklearn.ensemble._hist_gradient_boosting.gradient_boosting,fit,HistGradientBoostingRegressor,9028,2026-09-14T10:02:35.526991+00:00,51664,"{'categorical_features': 'warn', 'early_stopping': 'auto', 'interaction_cst': None, 'l2_regularization': 0.0, 'learning_rate': 0.05, 'loss': 'quantile', 'max_bins': 255, 'max_depth': None, 'max_features': 1.0, 'max_iter': 300, 'max_leaf_nodes': 31, 'min_samples_leaf': 50, 'monotonic_cst': None, 'n_iter_no_change': 10, 'quantile': 0.5, 'random_state': 43, 'scoring': 'loss', 'tol': 1e-07, 'validation_fraction': 0.1, 'verbose': 0, 'warm_start': False}",32692a4e5945c7f081d6b81a9969bad5080e65499005031b78c7393221573c75,returned,4.889794100003201,4.765625,False
9b7e20d3aa5f46319372ef83aa89869f,owner_fit_h1_cqr_l90,False,cqr_wrapper_fit,mapie.regression.quantile_regression,fit,ConformalizedQuantileRegressor,9028,2026-09-14T10:02:26.871115+00:00,51664,{},32692a4e5945c7f081d6b81a9969bad5080e65499005031b78c7393221573c75,returned,13.547734100007801,13.265625,False
5319d080f4094ff7bc3e2cb10ae24b10,owner_cal_h1_cqr_l90,False,calibrator_conformalize,mapie.regression.quantile_regression,conformalize,ConformalizedQuantileRegressor,9028,2026-09-14T10:02:40.546553+00:00,17370,{},fa63c425f272718e0a3c978ff7f9b5c7e6dd93e7dac3116dca6b18d6bc82b553,started,,,
e94cd259fe0042149d278fc830bc34c9,owner_cal_h1_cqr_l90,False,calibrator_conformalize,mapie.regression.quantile_regression,conformalize,_MapieQuantileRegressor,9028,2026-09-14T10:02:40.548553+00:00,17370,"{'alpha': 0.1, 'cv': 'split', 'estimator': ""HistGradientBoostingRegressor(learning_rate=0.05, loss='quantile', max_iter=300,\n                              min_samples_leaf=50, random_state=43)"", 'method': 'quantile'}",fa63c425f272718e0a3c978ff7f9b5c7e6dd93e7dac3116dca6b18d6bc82b553,started,,,
e94cd259fe0042149d278fc830bc34c9,owner_cal_h1_cqr_l90,False,calibrator_conformalize,mapie.regression.quantile_regression,conformalize,_MapieQuantileRegressor,9028,2026-09-14T10:02:40.548553+00:00,17370,"{'alpha': 0.1, 'cv': 'split', 'estimator': ""HistGradientBoostingRegressor(learning_rate=0.05, loss='quantile', max_iter=300,\n                              min_samples_leaf=50, random_state=43)"", 'method': 'quantile'}",fa63c425f272718e0a3c978ff7f9b5c7e6dd93e7dac3116dca6b18d6bc82b553,returned,1.6317885000025854,1.578125,False
5319d080f4094ff7bc3e2cb10ae24b10,owner_cal_h1_cqr_l90,False,calibrator_conformalize,mapie.regression.quantile_regression,conformalize,ConformalizedQuantileRegressor,9028,2026-09-14T10:02:40.546553+00:00,17370,{},fa63c425f272718e0a3c978ff7f9b5c7e6dd93e7dac3116dca6b18d6bc82b553,returned,1.6354197000036947,1.578125,False
9aed9d7b63c547e39cdc52a36fdcc76d,owner_fit_h1_cqr_l95,False,cqr_wrapper_fit,mapie.regression.quantile_regression,fit,ConformalizedQuantileRegressor,9028,2026-09-14T10:03:19.136314+00:00,51664,{},32692a4e5945c7f081d6b81a9969bad5080e65499005031b78c7393221573c75,started,,,
085e0d0c336d4dbda4032770af2e9285,owner_fit_h1_cqr_l95,False,quantile_estimator_fit,sklearn.ensemble._hist_gradient_boosting.gradient_boosting,fit,HistGradientBoostingRegressor,9028,2026-09-14T10:03:19.142654+00:00,51664,"{'categorical_features': 'warn', 'early_stopping': 'auto', 'interaction_cst': None, 'l2_regularization': 0.0, 'learning_rate': 0.05, 'loss': 'quantile', 'max_bins': 255, 'max_depth': None, 'max_features': 1.0, 'max_iter': 300, 'max_leaf_nodes': 31, 'min_samples_leaf': 50, 'monotonic_cst': None, 'n_iter_no_change': 10, 'quantile': 0.025, 'random_state': 43, 'scoring': 'loss', 'tol': 1e-07, 'validation_fraction': 0.1, 'verbose': 0, 'warm_start': False}",32692a4e5945c7f081d6b81a9969bad5080e65499005031b78c7393221573c75,started,,,
085e0d0c336d4dbda4032770af2e9285,owner_fit_h1_cqr_l95,False,quantile_estimator_fit,sklearn.ensemble._hist_gradient_boosting.gradient_boosting,fit,HistGradientBoostingRegressor,9028,2026-09-14T10:03:19.142654+00:00,51664,"{'categorical_features': 'warn', 'early_stopping': 'auto', 'interaction_cst': None, 'l2_regularization': 0.0, 'learning_rate': 0.05, 'loss': 'quantile', 'max_bins': 255, 'max_depth': None, 'max_features': 1.0, 'max_iter': 300, 'max_leaf_nodes': 31, 'min_samples_leaf': 50, 'monotonic_cst': None, 'n_iter_no_change': 10, 'quantile': 0.025, 'random_state': 43, 'scoring': 'loss', 'tol': 1e-07, 'validation_fraction': 0.1, 'verbose': 0, 'warm_start': False}",32692a4e5945c7f081d6b81a9969bad5080e65499005031b78c7393221573c75,returned,4.2940724000072805,4.234375,False
ea4665045da946bf96ddae2f062d46b0,owner_fit_h1_cqr_l95,False,quantile_estimator_fit,sklearn.ensemble._hist_gradient_boosting.gradient_boosting,fit,HistGradientBoostingRegressor,9028,2026-09-14T10:03:23.451372+00:00,51664,"{'categorical_features': 'warn', 'early_stopping': 'auto', 'interaction_cst': None, 'l2_regularization': 0.0, 'learning_rate': 0.05, 'loss': 'quantile', 'max_bins': 255, 'max_depth': None, 'max_features': 1.0, 'max_iter': 300, 'max_leaf_nodes': 31, 'min_samples_leaf': 50, 'monotonic_cst': None, 'n_iter_no_change': 10, 'quantile': 0.975, 'random_state': 43, 'scoring': 'loss', 'tol': 1e-07, 'validation_fraction': 0.1, 'verbose': 0, 'warm_start': False}",32692a4e5945c7f081d6b81a9969bad5080e65499005031b78c7393221573c75,started,,,
ea4665045da946bf96ddae2f062d46b0,owner_fit_h1_cqr_l95,False,quantile_estimator_fit,sklearn.ensemble._hist_gradient_boosting.gradient_boosting,fit,HistGradientBoostingRegressor,9028,2026-09-14T10:03:23.451372+00:00,51664,"{'categorical_features': 'warn', 'early_stopping': 'auto', 'interaction_cst': None, 'l2_regularization': 0.0, 'learning_rate': 0.05, 'loss': 'quantile', 'max_bins': 255, 'max_depth': None, 'max_features': 1.0, 'max_iter': 300, 'max_leaf_nodes': 31, 'min_samples_leaf': 50, 'monotonic_cst': None, 'n_iter_no_change': 10, 'quantile': 0.975, 'random_state': 43, 'scoring': 'loss', 'tol': 1e-07, 'validation_fraction': 0.1, 'verbose': 0, 'warm_start': False}",32692a4e5945c7f081d6b81a9969bad5080e65499005031b78c7393221573c75,returned,4.2053909999958705,4.140625,False
b772d35829fb43e8a2755f7ccea30408,owner_fit_h1_cqr_l95,False,quantile_estimator_fit,sklearn.ensemble._hist_gradient_boosting.gradient_boosting,fit,HistGradientBoostingRegressor,9028,2026-09-14T10:03:27.657964+00:00,51664,"{'categorical_features': 'warn', 'early_stopping': 'auto', 'interaction_cst': None, 'l2_regularization': 0.0, 'learning_rate': 0.05, 'loss': 'quantile', 'max_bins': 255, 'max_depth': None, 'max_features': 1.0, 'max_iter': 300, 'max_leaf_nodes': 31, 'min_samples_leaf': 50, 'monotonic_cst': None, 'n_iter_no_change': 10, 'quantile': 0.5, 'random_state': 43, 'scoring': 'loss', 'tol': 1e-07, 'validation_fraction': 0.1, 'verbose': 0, 'warm_start': False}",32692a4e5945c7f081d6b81a9969bad5080e65499005031b78c7393221573c75,started,,,
b772d35829fb43e8a2755f7ccea30408,owner_fit_h1_cqr_l95,False,quantile_estimator_fit,sklearn.ensemble._hist_gradient_boosting.gradient_boosting,fit,HistGradientBoostingRegressor,9028,2026-09-14T10:03:27.657964+00:00,51664,"{'categorical_features': 'warn', 'early_stopping': 'auto', 'interaction_cst': None, 'l2_regularization': 0.0, 'learning_rate': 0.05, 'loss': 'quantile', 'max_bins': 255, 'max_depth': None, 'max_features': 1.0, 'max_iter': 300, 'max_leaf_nodes': 31, 'min_samples_leaf': 50, 'monotonic_cst': None, 'n_iter_no_change': 10, 'quantile': 0.5, 'random_state': 43, 'scoring': 'loss', 'tol': 1e-07, 'validation_fraction': 0.1, 'verbose': 0, 'warm_start': False}",32692a4e5945c7f081d6b81a9969bad5080e65499005031b78c7393221573c75,returned,4.5586375999992015,4.515625,False
9aed9d7b63c547e39cdc52a36fdcc76d,owner_fit_h1_cqr_l95,False,cqr_wrapper_fit,mapie.regression.quantile_regression,fit,ConformalizedQuantileRegressor,9028,2026-09-14T10:03:19.136314+00:00,51664,{},32692a4e5945c7f081d6b81a9969bad5080e65499005031b78c7393221573c75,returned,13.081554799995502,12.921875,False
69a22d5f52544a46a5b716506dd316fb,owner_cal_h1_cqr_l95,False,calibrator_conformalize,mapie.regression.quantile_regression,conformalize,ConformalizedQuantileRegressor,9028,2026-09-14T10:03:32.347578+00:00,17370,{},fa63c425f272718e0a3c978ff7f9b5c7e6dd93e7dac3116dca6b18d6bc82b553,started,,,
9ffb04d588d44cd1834814690f556c90,owner_cal_h1_cqr_l95,False,calibrator_conformalize,mapie.regression.quantile_regression,conformalize,_MapieQuantileRegressor,9028,2026-09-14T10:03:32.349482+00:00,17370,"{'alpha': 0.05, 'cv': 'split', 'estimator': ""HistGradientBoostingRegressor(learning_rate=0.05, loss='quantile', max_iter=300,\n                              min_samples_leaf=50, random_state=43)"", 'method': 'quantile'}",fa63c425f272718e0a3c978ff7f9b5c7e6dd93e7dac3116dca6b18d6bc82b553,started,,,
9ffb04d588d44cd1834814690f556c90,owner_cal_h1_cqr_l95,False,calibrator_conformalize,mapie.regression.quantile_regression,conformalize,_MapieQuantileRegressor,9028,2026-09-14T10:03:32.349482+00:00,17370,"{'alpha': 0.05, 'cv': 'split', 'estimator': ""HistGradientBoostingRegressor(learning_rate=0.05, loss='quantile', max_iter=300,\n                              min_samples_leaf=50, random_state=43)"", 'method': 'quantile'}",fa63c425f272718e0a3c978ff7f9b5c7e6dd93e7dac3116dca6b18d6bc82b553,returned,1.5441449000063585,1.515625,False
69a22d5f52544a46a5b716506dd316fb,owner_cal_h1_cqr_l95,False,calibrator_conformalize,mapie.regression.quantile_regression,conformalize,ConformalizedQuantileRegressor,9028,2026-09-14T10:03:32.347578+00:00,17370,{},fa63c425f272718e0a3c978ff7f9b5c7e6dd93e7dac3116dca6b18d6bc82b553,returned,1.5488368999940576,1.515625,False
c546b8bbf5fe4ba6a5b3a8e722e9291e,owner_fit_h1_enbpi,False,enbpi_wrapper_fit,mapie.regression.regression,fit,TimeSeriesRegressor,9028,2026-09-14T10:04:10.425978+00:00,51664,"{'agg_function': 'mean', 'conformity_score': None, 'cv': 'BlockBootstrap(length=24, n_blocks=None, n_resamplings=5, overlapping=True,\n        random_state=43)', 'estimator': 'XGBRegressor(base_score=None, booster=None, callbacks=None,\n             colsample_bylevel=None, colsample_bynode=None,\n             colsample_bytree=0.8, device=None, early_stopping_rounds=None,\n             enable_categorical=False, eval_metric=None, feature_types=None,\n             feature_weights=None, gamma=None, grow_policy=None,\n             importance_type=None, interaction_constraints=None,\n             learning_rate=0.05, max_bin=None, max_cat_threshold=None,\n             max_cat_to_onehot=None, max_delta_step=None, max_depth=5,\n             max_leaves=None, min_child_weight=None, missing=nan,\n             monotone_constraints=None, multi_strategy=None, n_estimators=60,\n             n_jobs=1, num_parallel_tree=None, ...)', 'method': 'enbpi', 'n_jobs': 1, 'random_state': 43, 'verbose': 0}",32692a4e5945c7f081d6b81a9969bad5080e65499005031b78c7393221573c75,started,,,
c39fb3434b08456c8c734bc374bd79e7,owner_fit_h1_enbpi,False,xgboost_estimator_fit,xgboost.sklearn,fit,XGBRegressor,9028,2026-09-14T10:04:10.430709+00:00,51664,"{'objective': 'reg:squarederror', 'base_score': None, 'booster': None, 'callbacks': None, 'colsample_bylevel': None, 'colsample_bynode': None, 'colsample_bytree': 0.8, 'device': None, 'early_stopping_rounds': None, 'enable_categorical': False, 'eval_metric': None, 'feature_types': None, 'feature_weights': None, 'gamma': None, 'grow_policy': None, 'importance_type': None, 'interaction_constraints': None, 'learning_rate': 0.05, 'max_bin': None, 'max_cat_threshold': None, 'max_cat_to_onehot': None, 'max_delta_step': None, 'max_depth': 5, 'max_leaves': None, 'min_child_weight': None, 'missing': nan, 'monotone_constraints': None, 'multi_strategy': None, 'n_estimators': 60, 'n_jobs': 1, 'num_parallel_tree': None, 'random_state': 43, 'reg_alpha': None, 'reg_lambda': None, 'sampling_method': None, 'scale_pos_weight': None, 'subsample': 0.8, 'tree_method': 'hist', 'validate_parameters': None, 'verbosity': None}",32692a4e5945c7f081d6b81a9969bad5080e65499005031b78c7393221573c75,started,,,
c39fb3434b08456c8c734bc374bd79e7,owner_fit_h1_enbpi,False,xgboost_estimator_fit,xgboost.sklearn,fit,XGBRegressor,9028,2026-09-14T10:04:10.430709+00:00,51664,"{'objective': 'reg:squarederror', 'base_score': None, 'booster': None, 'callbacks': None, 'colsample_bylevel': None, 'colsample_bynode': None, 'colsample_bytree': 0.8, 'device': None, 'early_stopping_rounds': None, 'enable_categorical': False, 'eval_metric': None, 'feature_types': None, 'feature_weights': None, 'gamma': None, 'grow_policy': None, 'importance_type': None, 'interaction_constraints': None, 'learning_rate': 0.05, 'max_bin': None, 'max_cat_threshold': None, 'max_cat_to_onehot': None, 'max_delta_step': None, 'max_depth': 5, 'max_leaves': None, 'min_child_weight': None, 'missing': nan, 'monotone_constraints': None, 'multi_strategy': None, 'n_estimators': 60, 'n_jobs': 1, 'num_parallel_tree': None, 'random_state': 43, 'reg_alpha': None, 'reg_lambda': None, 'sampling_method': None, 'scale_pos_weight': None, 'subsample': 0.8, 'tree_method': 'hist', 'validate_parameters': None, 'verbosity': None}",32692a4e5945c7f081d6b81a9969bad5080e65499005031b78c7393221573c75,returned,0.5653097000031266,0.546875,False
834b0d12a44f46a28b99c2d985e94949,owner_fit_h1_enbpi,False,calibrator_conformalize,mapie.regression.regression,conformalize,TimeSeriesRegressor,9028,2026-09-14T10:04:11.001897+00:00,51664,"{'agg_function': 'mean', 'conformity_score': None, 'cv': 'BlockBootstrap(length=24, n_blocks=None, n_resamplings=5, overlapping=True,\n        random_state=43)', 'estimator': 'XGBRegressor(base_score=None, booster=None, callbacks=None,\n             colsample_bylevel=None, colsample_bynode=None,\n             colsample_bytree=0.8, device=None, early_stopping_rounds=None,\n             enable_categorical=False, eval_metric=None, feature_types=None,\n             feature_weights=None, gamma=None, grow_policy=None,\n             importance_type=None, interaction_constraints=None,\n             learning_rate=0.05, max_bin=None, max_cat_threshold=None,\n             max_cat_to_onehot=None, max_delta_step=None, max_depth=5,\n             max_leaves=None, min_child_weight=None, missing=nan,\n             monotone_constraints=None, multi_strategy=None, n_estimators=60,\n             n_jobs=1, num_parallel_tree=None, ...)', 'method': 'enbpi', 'n_jobs': 1, 'random_state': 43, 'verbose': 0}",32692a4e5945c7f081d6b81a9969bad5080e65499005031b78c7393221573c75,started,,,
647d952c751a4539a903880b62590ef5,owner_fit_h1_enbpi,False,xgboost_estimator_fit,xgboost.sklearn,fit,XGBRegressor,9028,2026-09-14T10:04:11.026386+00:00,51672,"{'objective': 'reg:squarederror', 'base_score': None, 'booster': None, 'callbacks': None, 'colsample_bylevel': None, 'colsample_bynode': None, 'colsample_bytree': 0.8, 'device': None, 'early_stopping_rounds': None, 'enable_categorical': False, 'eval_metric': None, 'feature_types': None, 'feature_weights': None, 'gamma': None, 'grow_policy': None, 'importance_type': None, 'interaction_constraints': None, 'learning_rate': 0.05, 'max_bin': None, 'max_cat_threshold': None, 'max_cat_to_onehot': None, 'max_delta_step': None, 'max_depth': 5, 'max_leaves': None, 'min_child_weight': None, 'missing': nan, 'monotone_constraints': None, 'multi_strategy': None, 'n_estimators': 60, 'n_jobs': 1, 'num_parallel_tree': None, 'random_state': 43, 'reg_alpha': None, 'reg_lambda': None, 'sampling_method': None, 'scale_pos_weight': None, 'subsample': 0.8, 'tree_method': 'hist', 'validate_parameters': None, 'verbosity': None}",04763e779020a7cca9d3cbfb2251de520d65212560f4391e88801ae06199922e,started,,,
647d952c751a4539a903880b62590ef5,owner_fit_h1_enbpi,False,xgboost_estimator_fit,xgboost.sklearn,fit,XGBRegressor,9028,2026-09-14T10:04:11.026386+00:00,51672,"{'objective': 'reg:squarederror', 'base_score': None, 'booster': None, 'callbacks': None, 'colsample_bylevel': None, 'colsample_bynode': None, 'colsample_bytree': 0.8, 'device': None, 'early_stopping_rounds': None, 'enable_categorical': False, 'eval_metric': None, 'feature_types': None, 'feature_weights': None, 'gamma': None, 'grow_policy': None, 'importance_type': None, 'interaction_constraints': None, 'learning_rate': 0.05, 'max_bin': None, 'max_cat_threshold': None, 'max_cat_to_onehot': None, 'max_delta_step': None, 'max_depth': 5, 'max_leaves': None, 'min_child_weight': None, 'missing': nan, 'monotone_constraints': None, 'multi_strategy': None, 'n_estimators': 60, 'n_jobs': 1, 'num_parallel_tree': None, 'random_state': 43, 'reg_alpha': None, 'reg_lambda': None, 'sampling_method': None, 'scale_pos_weight': None, 'subsample': 0.8, 'tree_method': 'hist', 'validate_parameters': None, 'verbosity': None}",04763e779020a7cca9d3cbfb2251de520d65212560f4391e88801ae06199922e,returned,0.566116999994847,0.515625,False
f5c2a71b2d3e4e7e8161dad767598ec6,owner_fit_h1_enbpi,False,xgboost_estimator_fit,xgboost.sklearn,fit,XGBRegressor,9028,2026-09-14T10:04:11.605720+00:00,51672,"{'objective': 'reg:squarederror', 'base_score': None, 'booster': None, 'callbacks': None, 'colsample_bylevel': None, 'colsample_bynode': None, 'colsample_bytree': 0.8, 'device': None, 'early_stopping_rounds': None, 'enable_categorical': False, 'eval_metric': None, 'feature_types': None, 'feature_weights': None, 'gamma': None, 'grow_policy': None, 'importance_type': None, 'interaction_constraints': None, 'learning_rate': 0.05, 'max_bin': None, 'max_cat_threshold': None, 'max_cat_to_onehot': None, 'max_delta_step': None, 'max_depth': 5, 'max_leaves': None, 'min_child_weight': None, 'missing': nan, 'monotone_constraints': None, 'multi_strategy': None, 'n_estimators': 60, 'n_jobs': 1, 'num_parallel_tree': None, 'random_state': 43, 'reg_alpha': None, 'reg_lambda': None, 'sampling_method': None, 'scale_pos_weight': None, 'subsample': 0.8, 'tree_method': 'hist', 'validate_parameters': None, 'verbosity': None}",41ebfe6fe0b47e5f948161d1a1e473715b65d85ffb1ee0b255c5a1b1d929a2b0,started,,,
f5c2a71b2d3e4e7e8161dad767598ec6,owner_fit_h1_enbpi,False,xgboost_estimator_fit,xgboost.sklearn,fit,XGBRegressor,9028,2026-09-14T10:04:11.605720+00:00,51672,"{'objective': 'reg:squarederror', 'base_score': None, 'booster': None, 'callbacks': None, 'colsample_bylevel': None, 'colsample_bynode': None, 'colsample_bytree': 0.8, 'device': None, 'early_stopping_rounds': None, 'enable_categorical': False, 'eval_metric': None, 'feature_types': None, 'feature_weights': None, 'gamma': None, 'grow_policy': None, 'importance_type': None, 'interaction_constraints': None, 'learning_rate': 0.05, 'max_bin': None, 'max_cat_threshold': None, 'max_cat_to_onehot': None, 'max_delta_step': None, 'max_depth': 5, 'max_leaves': None, 'min_child_weight': None, 'missing': nan, 'monotone_constraints': None, 'multi_strategy': None, 'n_estimators': 60, 'n_jobs': 1, 'num_parallel_tree': None, 'random_state': 43, 'reg_alpha': None, 'reg_lambda': None, 'sampling_method': None, 'scale_pos_weight': None, 'subsample': 0.8, 'tree_method': 'hist', 'validate_parameters': None, 'verbosity': None}",41ebfe6fe0b47e5f948161d1a1e473715b65d85ffb1ee0b255c5a1b1d929a2b0,returned,0.5615604999911739,0.5625,False
7176e2f6db29434087d10b40832e57d4,owner_fit_h1_enbpi,False,xgboost_estimator_fit,xgboost.sklearn,fit,XGBRegressor,9028,2026-09-14T10:04:12.190246+00:00,51672,"{'objective': 'reg:squarederror', 'base_score': None, 'booster': None, 'callbacks': None, 'colsample_bylevel': None, 'colsample_bynode': None, 'colsample_bytree': 0.8, 'device': None, 'early_stopping_rounds': None, 'enable_categorical': False, 'eval_metric': None, 'feature_types': None, 'feature_weights': None, 'gamma': None, 'grow_policy': None, 'importance_type': None, 'interaction_constraints': None, 'learning_rate': 0.05, 'max_bin': None, 'max_cat_threshold': None, 'max_cat_to_onehot': None, 'max_delta_step': None, 'max_depth': 5, 'max_leaves': None, 'min_child_weight': None, 'missing': nan, 'monotone_constraints': None, 'multi_strategy': None, 'n_estimators': 60, 'n_jobs': 1, 'num_parallel_tree': None, 'random_state': 43, 'reg_alpha': None, 'reg_lambda': None, 'sampling_method': None, 'scale_pos_weight': None, 'subsample': 0.8, 'tree_method': 'hist', 'validate_parameters': None, 'verbosity': None}",a5cd9f7f23f59c5ccbbd2792d6eed137e92cfa3815318342790e39a089cb7a50,started,,,
7176e2f6db29434087d10b40832e57d4,owner_fit_h1_enbpi,False,xgboost_estimator_fit,xgboost.sklearn,fit,XGBRegressor,9028,2026-09-14T10:04:12.190246+00:00,51672,"{'objective': 'reg:squarederror', 'base_score': None, 'booster': None, 'callbacks': None, 'colsample_bylevel': None, 'colsample_bynode': None, 'colsample_bytree': 0.8, 'device': None, 'early_stopping_rounds': None, 'enable_categorical': False, 'eval_metric': None, 'feature_types': None, 'feature_weights': None, 'gamma': None, 'grow_policy': None, 'importance_type': None, 'interaction_constraints': None, 'learning_rate': 0.05, 'max_bin': None, 'max_cat_threshold': None, 'max_cat_to_onehot': None, 'max_delta_step': None, 'max_depth': 5, 'max_leaves': None, 'min_child_weight': None, 'missing': nan, 'monotone_constraints': None, 'multi_strategy': None, 'n_estimators': 60, 'n_jobs': 1, 'num_parallel_tree': None, 'random_state': 43, 'reg_alpha': None, 'reg_lambda': None, 'sampling_method': None, 'scale_pos_weight': None, 'subsample': 0.8, 'tree_method': 'hist', 'validate_parameters': None, 'verbosity': None}",a5cd9f7f23f59c5ccbbd2792d6eed137e92cfa3815318342790e39a089cb7a50,returned,0.5912228000088362,0.578125,False
ce7a196ac9ee45ae8d3604ddd6628d15,owner_fit_h1_enbpi,False,xgboost_estimator_fit,xgboost.sklearn,fit,XGBRegressor,9028,2026-09-14T10:04:12.807801+00:00,51672,"{'objective': 'reg:squarederror', 'base_score': None, 'booster': None, 'callbacks': None, 'colsample_bylevel': None, 'colsample_bynode': None, 'colsample_bytree': 0.8, 'device': None, 'early_stopping_rounds': None, 'enable_categorical': False, 'eval_metric': None, 'feature_types': None, 'feature_weights': None, 'gamma': None, 'grow_policy': None, 'importance_type': None, 'interaction_constraints': None, 'learning_rate': 0.05, 'max_bin': None, 'max_cat_threshold': None, 'max_cat_to_onehot': None, 'max_delta_step': None, 'max_depth': 5, 'max_leaves': None, 'min_child_weight': None, 'missing': nan, 'monotone_constraints': None, 'multi_strategy': None, 'n_estimators': 60, 'n_jobs': 1, 'num_parallel_tree': None, 'random_state': 43, 'reg_alpha': None, 'reg_lambda': None, 'sampling_method': None, 'scale_pos_weight': None, 'subsample': 0.8, 'tree_method': 'hist', 'validate_parameters': None, 'verbosity': None}",425fe5b0495ce750273260ec5e289d88ef4ab53dbcea4939c4ae80bcba889d80,started,,,
ce7a196ac9ee45ae8d3604ddd6628d15,owner_fit_h1_enbpi,False,xgboost_estimator_fit,xgboost.sklearn,fit,XGBRegressor,9028,2026-09-14T10:04:12.807801+00:00,51672,"{'objective': 'reg:squarederror', 'base_score': None, 'booster': None, 'callbacks': None, 'colsample_bylevel': None, 'colsample_bynode': None, 'colsample_bytree': 0.8, 'device': None, 'early_stopping_rounds': None, 'enable_categorical': False, 'eval_metric': None, 'feature_types': None, 'feature_weights': None, 'gamma': None, 'grow_policy': None, 'importance_type': None, 'interaction_constraints': None, 'learning_rate': 0.05, 'max_bin': None, 'max_cat_threshold': None, 'max_cat_to_onehot': None, 'max_delta_step': None, 'max_depth': 5, 'max_leaves': None, 'min_child_weight': None, 'missing': nan, 'monotone_constraints': None, 'multi_strategy': None, 'n_estimators': 60, 'n_jobs': 1, 'num_parallel_tree': None, 'random_state': 43, 'reg_alpha': None, 'reg_lambda': None, 'sampling_method': None, 'scale_pos_weight': None, 'subsample': 0.8, 'tree_method': 'hist', 'validate_parameters': None, 'verbosity': None}",425fe5b0495ce750273260ec5e289d88ef4ab53dbcea4939c4ae80bcba889d80,returned,0.5771034000063082,0.578125,False
8122ab439268435596c65ad27454bdf1,owner_fit_h1_enbpi,False,xgboost_estimator_fit,xgboost.sklearn,fit,XGBRegressor,9028,2026-09-14T10:04:13.407732+00:00,51672,"{'objective': 'reg:squarederror', 'base_score': None, 'booster': None, 'callbacks': None, 'colsample_bylevel': None, 'colsample_bynode': None, 'colsample_bytree': 0.8, 'device': None, 'early_stopping_rounds': None, 'enable_categorical': False, 'eval_metric': None, 'feature_types': None, 'feature_weights': None, 'gamma': None, 'grow_policy': None, 'importance_type': None, 'interaction_constraints': None, 'learning_rate': 0.05, 'max_bin': None, 'max_cat_threshold': None, 'max_cat_to_onehot': None, 'max_delta_step': None, 'max_depth': 5, 'max_leaves': None, 'min_child_weight': None, 'missing': nan, 'monotone_constraints': None, 'multi_strategy': None, 'n_estimators': 60, 'n_jobs': 1, 'num_parallel_tree': None, 'random_state': 43, 'reg_alpha': None, 'reg_lambda': None, 'sampling_method': None, 'scale_pos_weight': None, 'subsample': 0.8, 'tree_method': 'hist', 'validate_parameters': None, 'verbosity': None}",4e97713d3edd61a61434d45b6bcc1cda1d9be5c909fe6757df1d53a3ec011793,started,,,
8122ab439268435596c65ad27454bdf1,owner_fit_h1_enbpi,False,xgboost_estimator_fit,xgboost.sklearn,fit,XGBRegressor,9028,2026-09-14T10:04:13.407732+00:00,51672,"{'objective': 'reg:squarederror', 'base_score': None, 'booster': None, 'callbacks': None, 'colsample_bylevel': None, 'colsample_bynode': None, 'colsample_bytree': 0.8, 'device': None, 'early_stopping_rounds': None, 'enable_categorical': False, 'eval_metric': None, 'feature_types': None, 'feature_weights': None, 'gamma': None, 'grow_policy': None, 'importance_type': None, 'interaction_constraints': None, 'learning_rate': 0.05, 'max_bin': None, 'max_cat_threshold': None, 'max_cat_to_onehot': None, 'max_delta_step': None, 'max_depth': 5, 'max_leaves': None, 'min_child_weight': None, 'missing': nan, 'monotone_constraints': None, 'multi_strategy': None, 'n_estimators': 60, 'n_jobs': 1, 'num_parallel_tree': None, 'random_state': 43, 'reg_alpha': None, 'reg_lambda': None, 'sampling_method': None, 'scale_pos_weight': None, 'subsample': 0.8, 'tree_method': 'hist', 'validate_parameters': None, 'verbosity': None}",4e97713d3edd61a61434d45b6bcc1cda1d9be5c909fe6757df1d53a3ec011793,returned,0.57800930000667,0.578125,False
834b0d12a44f46a28b99c2d985e94949,owner_fit_h1_enbpi,False,calibrator_conformalize,mapie.regression.regression,conformalize,TimeSeriesRegressor,9028,2026-09-14T10:04:11.001897+00:00,51664,"{'agg_function': 'mean', 'conformity_score': None, 'cv': 'BlockBootstrap(length=24, n_blocks=None, n_resamplings=5, overlapping=True,\n        random_state=43)', 'estimator': 'XGBRegressor(base_score=None, booster=None, callbacks=None,\n             colsample_bylevel=None, colsample_bynode=None,\n             colsample_bytree=0.8, device=None, early_stopping_rounds=None,\n             enable_categorical=False, eval_metric=None, feature_types=None,\n             feature_weights=None, gamma=None, grow_policy=None,\n             importance_type=None, interaction_constraints=None,\n             learning_rate=0.05, max_bin=None, max_cat_threshold=None,\n             max_cat_to_onehot=None, max_delta_step=None, max_depth=5,\n             max_leaves=None, min_child_weight=None, missing=nan,\n             monotone_constraints=None, multi_strategy=None, n_estimators=60,\n             n_jobs=1, num_parallel_tree=None, ...)', 'method': 'enbpi', 'n_jobs': 1, 'random_state': 43, 'verbose': 0}",32692a4e5945c7f081d6b81a9969bad5080e65499005031b78c7393221573c75,returned,3.1630036999995355,3.046875,False
c546b8bbf5fe4ba6a5b3a8e722e9291e,owner_fit_h1_enbpi,False,enbpi_wrapper_fit,mapie.regression.regression,fit,TimeSeriesRegressor,9028,2026-09-14T10:04:10.425978+00:00,51664,"{'agg_function': 'mean', 'conformity_score': None, 'cv': 'BlockBootstrap(length=24, n_blocks=None, n_resamplings=5, overlapping=True,\n        random_state=43)', 'estimator': 'XGBRegressor(base_score=None, booster=None, callbacks=None,\n             colsample_bylevel=None, colsample_bynode=None,\n             colsample_bytree=0.8, device=None, early_stopping_rounds=None,\n             enable_categorical=False, eval_metric=None, feature_types=None,\n             feature_weights=None, gamma=None, grow_policy=None,\n             importance_type=None, interaction_constraints=None,\n             learning_rate=0.05, max_bin=None, max_cat_threshold=None,\n             max_cat_to_onehot=None, max_delta_step=None, max_depth=5,\n             max_leaves=None, min_child_weight=None, missing=nan,\n             monotone_constraints=None, multi_strategy=None, n_estimators=60,\n             n_jobs=1, num_parallel_tree=None, ...)', 'method': 'enbpi', 'n_jobs': 1, 'random_state': 43, 'verbose': 0}",32692a4e5945c7f081d6b81a9969bad5080e65499005031b78c7393221573c75,returned,3.7430657999939285,3.609375,False
1b0cdedd95ec4825b86c127d374a8181,owner_cal_h1_enbpi,False,calibrator_conformalize,mapie.regression.regression,conformalize,TimeSeriesRegressor,9028,2026-09-14T10:04:14.264727+00:00,17370,"{'agg_function': 'mean', 'conformity_score': None, 'cv': 'BlockBootstrap(length=24, n_blocks=None, n_resamplings=5, overlapping=True,\n        random_state=43)', 'estimator': 'XGBRegressor(base_score=None, booster=None, callbacks=None,\n             colsample_bylevel=None, colsample_bynode=None,\n             colsample_bytree=0.8, device=None, early_stopping_rounds=None,\n             enable_categorical=False, eval_metric=None, feature_types=None,\n             feature_weights=None, gamma=None, grow_policy=None,\n             importance_type=None, interaction_constraints=None,\n             learning_rate=0.05, max_bin=None, max_cat_threshold=None,\n             max_cat_to_onehot=None, max_delta_step=None, max_depth=5,\n             max_leaves=None, min_child_weight=None, missing=nan,\n             monotone_constraints=None, multi_strategy=None, n_estimators=60,\n             n_jobs=1, num_parallel_tree=None, ...)', 'method': 'enbpi', 'n_jobs': 1, 'random_state': 43, 'verbose': 0}",fa63c425f272718e0a3c978ff7f9b5c7e6dd93e7dac3116dca6b18d6bc82b553,started,,,
0b181f7532e54835a6dbcd5f27917d29,owner_cal_h1_enbpi,False,xgboost_estimator_fit,xgboost.sklearn,fit,XGBRegressor,9028,2026-09-14T10:04:14.274833+00:00,17376,"{'objective': 'reg:squarederror', 'base_score': None, 'booster': None, 'callbacks': None, 'colsample_bylevel': None, 'colsample_bynode': None, 'colsample_bytree': 0.8, 'device': None, 'early_stopping_rounds': None, 'enable_categorical': False, 'eval_metric': None, 'feature_types': None, 'feature_weights': None, 'gamma': None, 'grow_policy': None, 'importance_type': None, 'interaction_constraints': None, 'learning_rate': 0.05, 'max_bin': None, 'max_cat_threshold': None, 'max_cat_to_onehot': None, 'max_delta_step': None, 'max_depth': 5, 'max_leaves': None, 'min_child_weight': None, 'missing': nan, 'monotone_constraints': None, 'multi_strategy': None, 'n_estimators': 60, 'n_jobs': 1, 'num_parallel_tree': None, 'random_state': 43, 'reg_alpha': None, 'reg_lambda': None, 'sampling_method': None, 'scale_pos_weight': None, 'subsample': 0.8, 'tree_method': 'hist', 'validate_parameters': None, 'verbosity': None}",5ad5b2e9a79cbf21fd3f66417c231844ff084111d53ba1164cecf7a93f4efe46,started,,,
0b181f7532e54835a6dbcd5f27917d29,owner_cal_h1_enbpi,False,xgboost_estimator_fit,xgboost.sklearn,fit,XGBRegressor,9028,2026-09-14T10:04:14.274833+00:00,17376,"{'objective': 'reg:squarederror', 'base_score': None, 'booster': None, 'callbacks': None, 'colsample_bylevel': None, 'colsample_bynode': None, 'colsample_bytree': 0.8, 'device': None, 'early_stopping_rounds': None, 'enable_categorical': False, 'eval_metric': None, 'feature_types': None, 'feature_weights': None, 'gamma': None, 'grow_policy': None, 'importance_type': None, 'interaction_constraints': None, 'learning_rate': 0.05, 'max_bin': None, 'max_cat_threshold': None, 'max_cat_to_onehot': None, 'max_delta_step': None, 'max_depth': 5, 'max_leaves': None, 'min_child_weight': None, 'missing': nan, 'monotone_constraints': None, 'multi_strategy': None, 'n_estimators': 60, 'n_jobs': 1, 'num_parallel_tree': None, 'random_state': 43, 'reg_alpha': None, 'reg_lambda': None, 'sampling_method': None, 'scale_pos_weight': None, 'subsample': 0.8, 'tree_method': 'hist', 'validate_parameters': None, 'verbosity': None}",5ad5b2e9a79cbf21fd3f66417c231844ff084111d53ba1164cecf7a93f4efe46,returned,0.23645219999889378,0.234375,False
79e239d39eec41f69de6139aab01a429,owner_cal_h1_enbpi,False,xgboost_estimator_fit,xgboost.sklearn,fit,XGBRegressor,9028,2026-09-14T10:04:14.517086+00:00,17376,"{'objective': 'reg:squarederror', 'base_score': None, 'booster': None, 'callbacks': None, 'colsample_bylevel': None, 'colsample_bynode': None, 'colsample_bytree': 0.8, 'device': None, 'early_stopping_rounds': None, 'enable_categorical': False, 'eval_metric': None, 'feature_types': None, 'feature_weights': None, 'gamma': None, 'grow_policy': None, 'importance_type': None, 'interaction_constraints': None, 'learning_rate': 0.05, 'max_bin': None, 'max_cat_threshold': None, 'max_cat_to_onehot': None, 'max_delta_step': None, 'max_depth': 5, 'max_leaves': None, 'min_child_weight': None, 'missing': nan, 'monotone_constraints': None, 'multi_strategy': None, 'n_estimators': 60, 'n_jobs': 1, 'num_parallel_tree': None, 'random_state': 43, 'reg_alpha': None, 'reg_lambda': None, 'sampling_method': None, 'scale_pos_weight': None, 'subsample': 0.8, 'tree_method': 'hist', 'validate_parameters': None, 'verbosity': None}",58134f0e4a60116114ad63899870b77a11412b76329ce6c42de9727494abcb4c,started,,,
79e239d39eec41f69de6139aab01a429,owner_cal_h1_enbpi,False,xgboost_estimator_fit,xgboost.sklearn,fit,XGBRegressor,9028,2026-09-14T10:04:14.517086+00:00,17376,"{'objective': 'reg:squarederror', 'base_score': None, 'booster': None, 'callbacks': None, 'colsample_bylevel': None, 'colsample_bynode': None, 'colsample_bytree': 0.8, 'device': None, 'early_stopping_rounds': None, 'enable_categorical': False, 'eval_metric': None, 'feature_types': None, 'feature_weights': None, 'gamma': None, 'grow_policy': None, 'importance_type': None, 'interaction_constraints': None, 'learning_rate': 0.05, 'max_bin': None, 'max_cat_threshold': None, 'max_cat_to_onehot': None, 'max_delta_step': None, 'max_depth': 5, 'max_leaves': None, 'min_child_weight': None, 'missing': nan, 'monotone_constraints': None, 'multi_strategy': None, 'n_estimators': 60, 'n_jobs': 1, 'num_parallel_tree': None, 'random_state': 43, 'reg_alpha': None, 'reg_lambda': None, 'sampling_method': None, 'scale_pos_weight': None, 'subsample': 0.8, 'tree_method': 'hist', 'validate_parameters': None, 'verbosity': None}",58134f0e4a60116114ad63899870b77a11412b76329ce6c42de9727494abcb4c,returned,0.24546830001054332,0.25,False
8fbb1cdcd9024702a19d16806ba91e9f,owner_cal_h1_enbpi,False,xgboost_estimator_fit,xgboost.sklearn,fit,XGBRegressor,9028,2026-09-14T10:04:14.777361+00:00,17376,"{'objective': 'reg:squarederror', 'base_score': None, 'booster': None, 'callbacks': None, 'colsample_bylevel': None, 'colsample_bynode': None, 'colsample_bytree': 0.8, 'device': None, 'early_stopping_rounds': None, 'enable_categorical': False, 'eval_metric': None, 'feature_types': None, 'feature_weights': None, 'gamma': None, 'grow_policy': None, 'importance_type': None, 'interaction_constraints': None, 'learning_rate': 0.05, 'max_bin': None, 'max_cat_threshold': None, 'max_cat_to_onehot': None, 'max_delta_step': None, 'max_depth': 5, 'max_leaves': None, 'min_child_weight': None, 'missing': nan, 'monotone_constraints': None, 'multi_strategy': None, 'n_estimators': 60, 'n_jobs': 1, 'num_parallel_tree': None, 'random_state': 43, 'reg_alpha': None, 'reg_lambda': None, 'sampling_method': None, 'scale_pos_weight': None, 'subsample': 0.8, 'tree_method': 'hist', 'validate_parameters': None, 'verbosity': None}",36fa104ca1975a32147ff13876587ce0ab5096d17b45c4b3a22c2c19353b80c4,started,,,
8fbb1cdcd9024702a19d16806ba91e9f,owner_cal_h1_enbpi,False,xgboost_estimator_fit,xgboost.sklearn,fit,XGBRegressor,9028,2026-09-14T10:04:14.777361+00:00,17376,"{'objective': 'reg:squarederror', 'base_score': None, 'booster': None, 'callbacks': None, 'colsample_bylevel': None, 'colsample_bynode': None, 'colsample_bytree': 0.8, 'device': None, 'early_stopping_rounds': None, 'enable_categorical': False, 'eval_metric': None, 'feature_types': None, 'feature_weights': None, 'gamma': None, 'grow_policy': None, 'importance_type': None, 'interaction_constraints': None, 'learning_rate': 0.05, 'max_bin': None, 'max_cat_threshold': None, 'max_cat_to_onehot': None, 'max_delta_step': None, 'max_depth': 5, 'max_leaves': None, 'min_child_weight': None, 'missing': nan, 'monotone_constraints': None, 'multi_strategy': None, 'n_estimators': 60, 'n_jobs': 1, 'num_parallel_tree': None, 'random_state': 43, 'reg_alpha': None, 'reg_lambda': None, 'sampling_method': None, 'scale_pos_weight': None, 'subsample': 0.8, 'tree_method': 'hist', 'validate_parameters': None, 'verbosity': None}",36fa104ca1975a32147ff13876587ce0ab5096d17b45c4b3a22c2c19353b80c4,returned,0.2283556999900611,0.234375,False
739bfba3926143579c975d851f60d71c,owner_cal_h1_enbpi,False,xgboost_estimator_fit,xgboost.sklearn,fit,XGBRegressor,9028,2026-09-14T10:04:15.015558+00:00,17376,"{'objective': 'reg:squarederror', 'base_score': None, 'booster': None, 'callbacks': None, 'colsample_bylevel': None, 'colsample_bynode': None, 'colsample_bytree': 0.8, 'device': None, 'early_stopping_rounds': None, 'enable_categorical': False, 'eval_metric': None, 'feature_types': None, 'feature_weights': None, 'gamma': None, 'grow_policy': None, 'importance_type': None, 'interaction_constraints': None, 'learning_rate': 0.05, 'max_bin': None, 'max_cat_threshold': None, 'max_cat_to_onehot': None, 'max_delta_step': None, 'max_depth': 5, 'max_leaves': None, 'min_child_weight': None, 'missing': nan, 'monotone_constraints': None, 'multi_strategy': None, 'n_estimators': 60, 'n_jobs': 1, 'num_parallel_tree': None, 'random_state': 43, 'reg_alpha': None, 'reg_lambda': None, 'sampling_method': None, 'scale_pos_weight': None, 'subsample': 0.8, 'tree_method': 'hist', 'validate_parameters': None, 'verbosity': None}",d16140e89803b6ba2f045bb8b27548edd3494f81908fd0344a43240aa08cdd09,started,,,
739bfba3926143579c975d851f60d71c,owner_cal_h1_enbpi,False,xgboost_estimator_fit,xgboost.sklearn,fit,XGBRegressor,9028,2026-09-14T10:04:15.015558+00:00,17376,"{'objective': 'reg:squarederror', 'base_score': None, 'booster': None, 'callbacks': None, 'colsample_bylevel': None, 'colsample_bynode': None, 'colsample_bytree': 0.8, 'device': None, 'early_stopping_rounds': None, 'enable_categorical': False, 'eval_metric': None, 'feature_types': None, 'feature_weights': None, 'gamma': None, 'grow_policy': None, 'importance_type': None, 'interaction_constraints': None, 'learning_rate': 0.05, 'max_bin': None, 'max_cat_threshold': None, 'max_cat_to_onehot': None, 'max_delta_step': None, 'max_depth': 5, 'max_leaves': None, 'min_child_weight': None, 'missing': nan, 'monotone_constraints': None, 'multi_strategy': None, 'n_estimators': 60, 'n_jobs': 1, 'num_parallel_tree': None, 'random_state': 43, 'reg_alpha': None, 'reg_lambda': None, 'sampling_method': None, 'scale_pos_weight': None, 'subsample': 0.8, 'tree_method': 'hist', 'validate_parameters': None, 'verbosity': None}",d16140e89803b6ba2f045bb8b27548edd3494f81908fd0344a43240aa08cdd09,returned,0.24264520000724588,0.265625,False
1dbed64b422849739cccfbff5f653642,owner_cal_h1_enbpi,False,xgboost_estimator_fit,xgboost.sklearn,fit,XGBRegressor,9028,2026-09-14T10:04:15.268586+00:00,17376,"{'objective': 'reg:squarederror', 'base_score': None, 'booster': None, 'callbacks': None, 'colsample_bylevel': None, 'colsample_bynode': None, 'colsample_bytree': 0.8, 'device': None, 'early_stopping_rounds': None, 'enable_categorical': False, 'eval_metric': None, 'feature_types': None, 'feature_weights': None, 'gamma': None, 'grow_policy': None, 'importance_type': None, 'interaction_constraints': None, 'learning_rate': 0.05, 'max_bin': None, 'max_cat_threshold': None, 'max_cat_to_onehot': None, 'max_delta_step': None, 'max_depth': 5, 'max_leaves': None, 'min_child_weight': None, 'missing': nan, 'monotone_constraints': None, 'multi_strategy': None, 'n_estimators': 60, 'n_jobs': 1, 'num_parallel_tree': None, 'random_state': 43, 'reg_alpha': None, 'reg_lambda': None, 'sampling_method': None, 'scale_pos_weight': None, 'subsample': 0.8, 'tree_method': 'hist', 'validate_parameters': None, 'verbosity': None}",ad7d92d3a9d120fc1dace40162f2470202d89da8d5e36925acdb7a3d7e4d581c,started,,,
1dbed64b422849739cccfbff5f653642,owner_cal_h1_enbpi,False,xgboost_estimator_fit,xgboost.sklearn,fit,XGBRegressor,9028,2026-09-14T10:04:15.268586+00:00,17376,"{'objective': 'reg:squarederror', 'base_score': None, 'booster': None, 'callbacks': None, 'colsample_bylevel': None, 'colsample_bynode': None, 'colsample_bytree': 0.8, 'device': None, 'early_stopping_rounds': None, 'enable_categorical': False, 'eval_metric': None, 'feature_types': None, 'feature_weights': None, 'gamma': None, 'grow_policy': None, 'importance_type': None, 'interaction_constraints': None, 'learning_rate': 0.05, 'max_bin': None, 'max_cat_threshold': None, 'max_cat_to_onehot': None, 'max_delta_step': None, 'max_depth': 5, 'max_leaves': None, 'min_child_weight': None, 'missing': nan, 'monotone_constraints': None, 'multi_strategy': None, 'n_estimators': 60, 'n_jobs': 1, 'num_parallel_tree': None, 'random_state': 43, 'reg_alpha': None, 'reg_lambda': None, 'sampling_method': None, 'scale_pos_weight': None, 'subsample': 0.8, 'tree_method': 'hist', 'validate_parameters': None, 'verbosity': None}",ad7d92d3a9d120fc1dace40162f2470202d89da8d5e36925acdb7a3d7e4d581c,returned,0.2359295999922324,0.25,False
1b0cdedd95ec4825b86c127d374a8181,owner_cal_h1_enbpi,False,calibrator_conformalize,mapie.regression.regression,conformalize,TimeSeriesRegressor,9028,2026-09-14T10:04:14.264727+00:00,17370,"{'agg_function': 'mean', 'conformity_score': None, 'cv': 'BlockBootstrap(length=24, n_blocks=None, n_resamplings=5, overlapping=True,\n        random_state=43)', 'estimator': 'XGBRegressor(base_score=None, booster=None, callbacks=None,\n             colsample_bylevel=None, colsample_bynode=None,\n             colsample_bytree=0.8, device=None, early_stopping_rounds=None,\n             enable_categorical=False, eval_metric=None, feature_types=None,\n             feature_weights=None, gamma=None, grow_policy=None,\n             importance_type=None, interaction_constraints=None,\n             learning_rate=0.05, max_bin=None, max_cat_threshold=None,\n             max_cat_to_onehot=None, max_delta_step=None, max_depth=5,\n             max_leaves=None, min_child_weight=None, missing=nan,\n             monotone_constraints=None, multi_strategy=None, n_estimators=60,\n             n_jobs=1, num_parallel_tree=None, ...)', 'method': 'enbpi', 'n_jobs': 1, 'random_state': 43, 'verbose': 0}",fa63c425f272718e0a3c978ff7f9b5c7e6dd93e7dac3116dca6b18d6bc82b553,returned,1.2929437999991933,1.328125,False
529a5047f1a3413f82b019e383f96510,owner_fit_h3_cqr_l90,False,cqr_wrapper_fit,mapie.regression.quantile_regression,fit,ConformalizedQuantileRegressor,9028,2026-09-14T10:05:55.720666+00:00,51634,{},7219f08e91cd07b928ddb088f9ba3f3ec957cf0ba48a9beff8b2ef9365285782,started,,,
b1e93d43f3f24304976e60431495eb33,owner_fit_h3_cqr_l90,False,quantile_estimator_fit,sklearn.ensemble._hist_gradient_boosting.gradient_boosting,fit,HistGradientBoostingRegressor,9028,2026-09-14T10:05:55.727794+00:00,51634,"{'categorical_features': 'warn', 'early_stopping': 'auto', 'interaction_cst': None, 'l2_regularization': 0.0, 'learning_rate': 0.05, 'loss': 'quantile', 'max_bins': 255, 'max_depth': None, 'max_features': 1.0, 'max_iter': 300, 'max_leaf_nodes': 31, 'min_samples_leaf': 50, 'monotonic_cst': None, 'n_iter_no_change': 10, 'quantile': 0.05, 'random_state': 43, 'scoring': 'loss', 'tol': 1e-07, 'validation_fraction': 0.1, 'verbose': 0, 'warm_start': False}",7219f08e91cd07b928ddb088f9ba3f3ec957cf0ba48a9beff8b2ef9365285782,started,,,
b1e93d43f3f24304976e60431495eb33,owner_fit_h3_cqr_l90,False,quantile_estimator_fit,sklearn.ensemble._hist_gradient_boosting.gradient_boosting,fit,HistGradientBoostingRegressor,9028,2026-09-14T10:05:55.727794+00:00,51634,"{'categorical_features': 'warn', 'early_stopping': 'auto', 'interaction_cst': None, 'l2_regularization': 0.0, 'learning_rate': 0.05, 'loss': 'quantile', 'max_bins': 255, 'max_depth': None, 'max_features': 1.0, 'max_iter': 300, 'max_leaf_nodes': 31, 'min_samples_leaf': 50, 'monotonic_cst': None, 'n_iter_no_change': 10, 'quantile': 0.05, 'random_state': 43, 'scoring': 'loss', 'tol': 1e-07, 'validation_fraction': 0.1, 'verbose': 0, 'warm_start': False}",7219f08e91cd07b928ddb088f9ba3f3ec957cf0ba48a9beff8b2ef9365285782,returned,4.67142130000866,4.59375,False
5edd26b0244445d3ae8a4807a8589c14,owner_fit_h3_cqr_l90,False,quantile_estimator_fit,sklearn.ensemble._hist_gradient_boosting.gradient_boosting,fit,HistGradientBoostingRegressor,9028,2026-09-14T10:06:00.409323+00:00,51634,"{'categorical_features': 'warn', 'early_stopping': 'auto', 'interaction_cst': None, 'l2_regularization': 0.0, 'learning_rate': 0.05, 'loss': 'quantile', 'max_bins': 255, 'max_depth': None, 'max_features': 1.0, 'max_iter': 300, 'max_leaf_nodes': 31, 'min_samples_leaf': 50, 'monotonic_cst': None, 'n_iter_no_change': 10, 'quantile': 0.95, 'random_state': 43, 'scoring': 'loss', 'tol': 1e-07, 'validation_fraction': 0.1, 'verbose': 0, 'warm_start': False}",7219f08e91cd07b928ddb088f9ba3f3ec957cf0ba48a9beff8b2ef9365285782,started,,,
5edd26b0244445d3ae8a4807a8589c14,owner_fit_h3_cqr_l90,False,quantile_estimator_fit,sklearn.ensemble._hist_gradient_boosting.gradient_boosting,fit,HistGradientBoostingRegressor,9028,2026-09-14T10:06:00.409323+00:00,51634,"{'categorical_features': 'warn', 'early_stopping': 'auto', 'interaction_cst': None, 'l2_regularization': 0.0, 'learning_rate': 0.05, 'loss': 'quantile', 'max_bins': 255, 'max_depth': None, 'max_features': 1.0, 'max_iter': 300, 'max_leaf_nodes': 31, 'min_samples_leaf': 50, 'monotonic_cst': None, 'n_iter_no_change': 10, 'quantile': 0.95, 'random_state': 43, 'scoring': 'loss', 'tol': 1e-07, 'validation_fraction': 0.1, 'verbose': 0, 'warm_start': False}",7219f08e91cd07b928ddb088f9ba3f3ec957cf0ba48a9beff8b2ef9365285782,returned,4.3959140999941155,4.359375,False
3516d45c77d9475a9679711e4df99e8d,owner_fit_h3_cqr_l90,False,quantile_estimator_fit,sklearn.ensemble._hist_gradient_boosting.gradient_boosting,fit,HistGradientBoostingRegressor,9028,2026-09-14T10:06:04.811326+00:00,51634,"{'categorical_features': 'warn', 'early_stopping': 'auto', 'interaction_cst': None, 'l2_regularization': 0.0, 'learning_rate': 0.05, 'loss': 'quantile', 'max_bins': 255, 'max_depth': None, 'max_features': 1.0, 'max_iter': 300, 'max_leaf_nodes': 31, 'min_samples_leaf': 50, 'monotonic_cst': None, 'n_iter_no_change': 10, 'quantile': 0.5, 'random_state': 43, 'scoring': 'loss', 'tol': 1e-07, 'validation_fraction': 0.1, 'verbose': 0, 'warm_start': False}",7219f08e91cd07b928ddb088f9ba3f3ec957cf0ba48a9beff8b2ef9365285782,started,,,
3516d45c77d9475a9679711e4df99e8d,owner_fit_h3_cqr_l90,False,quantile_estimator_fit,sklearn.ensemble._hist_gradient_boosting.gradient_boosting,fit,HistGradientBoostingRegressor,9028,2026-09-14T10:06:04.811326+00:00,51634,"{'categorical_features': 'warn', 'early_stopping': 'auto', 'interaction_cst': None, 'l2_regularization': 0.0, 'learning_rate': 0.05, 'loss': 'quantile', 'max_bins': 255, 'max_depth': None, 'max_features': 1.0, 'max_iter': 300, 'max_leaf_nodes': 31, 'min_samples_leaf': 50, 'monotonic_cst': None, 'n_iter_no_change': 10, 'quantile': 0.5, 'random_state': 43, 'scoring': 'loss', 'tol': 1e-07, 'validation_fraction': 0.1, 'verbose': 0, 'warm_start': False}",7219f08e91cd07b928ddb088f9ba3f3ec957cf0ba48a9beff8b2ef9365285782,returned,4.898951399998623,4.8125,False
529a5047f1a3413f82b019e383f96510,owner_fit_h3_cqr_l90,False,cqr_wrapper_fit,mapie.regression.quantile_regression,fit,ConformalizedQuantileRegressor,9028,2026-09-14T10:05:55.720666+00:00,51634,{},7219f08e91cd07b928ddb088f9ba3f3ec957cf0ba48a9beff8b2ef9365285782,returned,13.990752199999406,13.78125,False
a4035a962a7a4543afab68424451130a,owner_cal_h3_cqr_l90,False,calibrator_conformalize,mapie.regression.quantile_regression,conformalize,ConformalizedQuantileRegressor,9028,2026-09-14T10:06:09.817270+00:00,17360,{},0f46080de37021df3a0f5b441026dca901f9e120d4122009433514315f4a6e5b,started,,,
00465456978541f98702daebd3dda334,owner_cal_h3_cqr_l90,False,calibrator_conformalize,mapie.regression.quantile_regression,conformalize,_MapieQuantileRegressor,9028,2026-09-14T10:06:09.821653+00:00,17360,"{'alpha': 0.1, 'cv': 'split', 'estimator': ""HistGradientBoostingRegressor(learning_rate=0.05, loss='quantile', max_iter=300,\n                              min_samples_leaf=50, random_state=43)"", 'method': 'quantile'}",0f46080de37021df3a0f5b441026dca901f9e120d4122009433514315f4a6e5b,started,,,
00465456978541f98702daebd3dda334,owner_cal_h3_cqr_l90,False,calibrator_conformalize,mapie.regression.quantile_regression,conformalize,_MapieQuantileRegressor,9028,2026-09-14T10:06:09.821653+00:00,17360,"{'alpha': 0.1, 'cv': 'split', 'estimator': ""HistGradientBoostingRegressor(learning_rate=0.05, loss='quantile', max_iter=300,\n                              min_samples_leaf=50, random_state=43)"", 'method': 'quantile'}",0f46080de37021df3a0f5b441026dca901f9e120d4122009433514315f4a6e5b,returned,1.5917778000002727,1.515625,False
a4035a962a7a4543afab68424451130a,owner_cal_h3_cqr_l90,False,calibrator_conformalize,mapie.regression.quantile_regression,conformalize,ConformalizedQuantileRegressor,9028,2026-09-14T10:06:09.817270+00:00,17360,{},0f46080de37021df3a0f5b441026dca901f9e120d4122009433514315f4a6e5b,returned,1.5958166999917012,1.515625,False
4fb840e658c743df8b1a02dd3152f18d,owner_fit_h3_cqr_l95,False,cqr_wrapper_fit,mapie.regression.quantile_regression,fit,ConformalizedQuantileRegressor,9028,2026-09-14T10:06:48.377460+00:00,51634,{},7219f08e91cd07b928ddb088f9ba3f3ec957cf0ba48a9beff8b2ef9365285782,started,,,
4e93f8d5b97f43a0bd3d6b52512dc73c,owner_fit_h3_cqr_l95,False,quantile_estimator_fit,sklearn.ensemble._hist_gradient_boosting.gradient_boosting,fit,HistGradientBoostingRegressor,9028,2026-09-14T10:06:48.380049+00:00,51634,"{'categorical_features': 'warn', 'early_stopping': 'auto', 'interaction_cst': None, 'l2_regularization': 0.0, 'learning_rate': 0.05, 'loss': 'quantile', 'max_bins': 255, 'max_depth': None, 'max_features': 1.0, 'max_iter': 300, 'max_leaf_nodes': 31, 'min_samples_leaf': 50, 'monotonic_cst': None, 'n_iter_no_change': 10, 'quantile': 0.025, 'random_state': 43, 'scoring': 'loss', 'tol': 1e-07, 'validation_fraction': 0.1, 'verbose': 0, 'warm_start': False}",7219f08e91cd07b928ddb088f9ba3f3ec957cf0ba48a9beff8b2ef9365285782,started,,,
4e93f8d5b97f43a0bd3d6b52512dc73c,owner_fit_h3_cqr_l95,False,quantile_estimator_fit,sklearn.ensemble._hist_gradient_boosting.gradient_boosting,fit,HistGradientBoostingRegressor,9028,2026-09-14T10:06:48.380049+00:00,51634,"{'categorical_features': 'warn', 'early_stopping': 'auto', 'interaction_cst': None, 'l2_regularization': 0.0, 'learning_rate': 0.05, 'loss': 'quantile', 'max_bins': 255, 'max_depth': None, 'max_features': 1.0, 'max_iter': 300, 'max_leaf_nodes': 31, 'min_samples_leaf': 50, 'monotonic_cst': None, 'n_iter_no_change': 10, 'quantile': 0.025, 'random_state': 43, 'scoring': 'loss', 'tol': 1e-07, 'validation_fraction': 0.1, 'verbose': 0, 'warm_start': False}",7219f08e91cd07b928ddb088f9ba3f3ec957cf0ba48a9beff8b2ef9365285782,returned,4.249458599995705,4.1875,False
8ddeb1f839fe408c93a13e9c4733973f,owner_fit_h3_cqr_l95,False,quantile_estimator_fit,sklearn.ensemble._hist_gradient_boosting.gradient_boosting,fit,HistGradientBoostingRegressor,9028,2026-09-14T10:06:52.634500+00:00,51634,"{'categorical_features': 'warn', 'early_stopping': 'auto', 'interaction_cst': None, 'l2_regularization': 0.0, 'learning_rate': 0.05, 'loss': 'quantile', 'max_bins': 255, 'max_depth': None, 'max_features': 1.0, 'max_iter': 300, 'max_leaf_nodes': 31, 'min_samples_leaf': 50, 'monotonic_cst': None, 'n_iter_no_change': 10, 'quantile': 0.975, 'random_state': 43, 'scoring': 'loss', 'tol': 1e-07, 'validation_fraction': 0.1, 'verbose': 0, 'warm_start': False}",7219f08e91cd07b928ddb088f9ba3f3ec957cf0ba48a9beff8b2ef9365285782,started,,,
8ddeb1f839fe408c93a13e9c4733973f,owner_fit_h3_cqr_l95,False,quantile_estimator_fit,sklearn.ensemble._hist_gradient_boosting.gradient_boosting,fit,HistGradientBoostingRegressor,9028,2026-09-14T10:06:52.634500+00:00,51634,"{'categorical_features': 'warn', 'early_stopping': 'auto', 'interaction_cst': None, 'l2_regularization': 0.0, 'learning_rate': 0.05, 'loss': 'quantile', 'max_bins': 255, 'max_depth': None, 'max_features': 1.0, 'max_iter': 300, 'max_leaf_nodes': 31, 'min_samples_leaf': 50, 'monotonic_cst': None, 'n_iter_no_change': 10, 'quantile': 0.975, 'random_state': 43, 'scoring': 'loss', 'tol': 1e-07, 'validation_fraction': 0.1, 'verbose': 0, 'warm_start': False}",7219f08e91cd07b928ddb088f9ba3f3ec957cf0ba48a9beff8b2ef9365285782,returned,4.305140600001323,4.234375,False
15cc9a5e06bd4a12a33d97c2753b26bd,owner_fit_h3_cqr_l95,False,quantile_estimator_fit,sklearn.ensemble._hist_gradient_boosting.gradient_boosting,fit,HistGradientBoostingRegressor,9028,2026-09-14T10:06:56.949388+00:00,51634,"{'categorical_features': 'warn', 'early_stopping': 'auto', 'interaction_cst': None, 'l2_regularization': 0.0, 'learning_rate': 0.05, 'loss': 'quantile', 'max_bins': 255, 'max_depth': None, 'max_features': 1.0, 'max_iter': 300, 'max_leaf_nodes': 31, 'min_samples_leaf': 50, 'monotonic_cst': None, 'n_iter_no_change': 10, 'quantile': 0.5, 'random_state': 43, 'scoring': 'loss', 'tol': 1e-07, 'validation_fraction': 0.1, 'verbose': 0, 'warm_start': False}",7219f08e91cd07b928ddb088f9ba3f3ec957cf0ba48a9beff8b2ef9365285782,started,,,
15cc9a5e06bd4a12a33d97c2753b26bd,owner_fit_h3_cqr_l95,False,quantile_estimator_fit,sklearn.ensemble._hist_gradient_boosting.gradient_boosting,fit,HistGradientBoostingRegressor,9028,2026-09-14T10:06:56.949388+00:00,51634,"{'categorical_features': 'warn', 'early_stopping': 'auto', 'interaction_cst': None, 'l2_regularization': 0.0, 'learning_rate': 0.05, 'loss': 'quantile', 'max_bins': 255, 'max_depth': None, 'max_features': 1.0, 'max_iter': 300, 'max_leaf_nodes': 31, 'min_samples_leaf': 50, 'monotonic_cst': None, 'n_iter_no_change': 10, 'quantile': 0.5, 'random_state': 43, 'scoring': 'loss', 'tol': 1e-07, 'validation_fraction': 0.1, 'verbose': 0, 'warm_start': False}",7219f08e91cd07b928ddb088f9ba3f3ec957cf0ba48a9beff8b2ef9365285782,returned,4.5555678000091575,4.546875,False
4fb840e658c743df8b1a02dd3152f18d,owner_fit_h3_cqr_l95,False,cqr_wrapper_fit,mapie.regression.quantile_regression,fit,ConformalizedQuantileRegressor,9028,2026-09-14T10:06:48.377460+00:00,51634,{},7219f08e91cd07b928ddb088f9ba3f3ec957cf0ba48a9beff8b2ef9365285782,returned,13.128874799993355,12.96875,False
17d4fc204ed54a649ac9ee3d1095a6c6,owner_cal_h3_cqr_l95,False,calibrator_conformalize,mapie.regression.quantile_regression,conformalize,ConformalizedQuantileRegressor,9028,2026-09-14T10:07:01.619133+00:00,17360,{},0f46080de37021df3a0f5b441026dca901f9e120d4122009433514315f4a6e5b,started,,,
83b78b23c8a740208af355d47ce61c36,owner_cal_h3_cqr_l95,False,calibrator_conformalize,mapie.regression.quantile_regression,conformalize,_MapieQuantileRegressor,9028,2026-09-14T10:07:01.620132+00:00,17360,"{'alpha': 0.05, 'cv': 'split', 'estimator': ""HistGradientBoostingRegressor(learning_rate=0.05, loss='quantile', max_iter=300,\n                              min_samples_leaf=50, random_state=43)"", 'method': 'quantile'}",0f46080de37021df3a0f5b441026dca901f9e120d4122009433514315f4a6e5b,started,,,
83b78b23c8a740208af355d47ce61c36,owner_cal_h3_cqr_l95,False,calibrator_conformalize,mapie.regression.quantile_regression,conformalize,_MapieQuantileRegressor,9028,2026-09-14T10:07:01.620132+00:00,17360,"{'alpha': 0.05, 'cv': 'split', 'estimator': ""HistGradientBoostingRegressor(learning_rate=0.05, loss='quantile', max_iter=300,\n                              min_samples_leaf=50, random_state=43)"", 'method': 'quantile'}",0f46080de37021df3a0f5b441026dca901f9e120d4122009433514315f4a6e5b,returned,1.6422673000051873,1.625,False
17d4fc204ed54a649ac9ee3d1095a6c6,owner_cal_h3_cqr_l95,False,calibrator_conformalize,mapie.regression.quantile_regression,conformalize,ConformalizedQuantileRegressor,9028,2026-09-14T10:07:01.619133+00:00,17360,{},0f46080de37021df3a0f5b441026dca901f9e120d4122009433514315f4a6e5b,returned,1.6468678999954136,1.625,False
d68a771fb2154305a921d74c42d6ba71,owner_fit_h3_enbpi,False,enbpi_wrapper_fit,mapie.regression.regression,fit,TimeSeriesRegressor,9028,2026-09-14T10:07:39.530551+00:00,51634,"{'agg_function': 'mean', 'conformity_score': None, 'cv': 'BlockBootstrap(length=24, n_blocks=None, n_resamplings=5, overlapping=True,\n        random_state=43)', 'estimator': 'XGBRegressor(base_score=None, booster=None, callbacks=None,\n             colsample_bylevel=None, colsample_bynode=None,\n             colsample_bytree=0.8, device=None, early_stopping_rounds=None,\n             enable_categorical=False, eval_metric=None, feature_types=None,\n             feature_weights=None, gamma=None, grow_policy=None,\n             importance_type=None, interaction_constraints=None,\n             learning_rate=0.05, max_bin=None, max_cat_threshold=None,\n             max_cat_to_onehot=None, max_delta_step=None, max_depth=5,\n             max_leaves=None, min_child_weight=None, missing=nan,\n             monotone_constraints=None, multi_strategy=None, n_estimators=60,\n             n_jobs=1, num_parallel_tree=None, ...)', 'method': 'enbpi', 'n_jobs': 1, 'random_state': 43, 'verbose': 0}",7219f08e91cd07b928ddb088f9ba3f3ec957cf0ba48a9beff8b2ef9365285782,started,,,
cb003e9c1c61475daeacff5a7b59dc14,owner_fit_h3_enbpi,False,xgboost_estimator_fit,xgboost.sklearn,fit,XGBRegressor,9028,2026-09-14T10:07:39.536498+00:00,51634,"{'objective': 'reg:squarederror', 'base_score': None, 'booster': None, 'callbacks': None, 'colsample_bylevel': None, 'colsample_bynode': None, 'colsample_bytree': 0.8, 'device': None, 'early_stopping_rounds': None, 'enable_categorical': False, 'eval_metric': None, 'feature_types': None, 'feature_weights': None, 'gamma': None, 'grow_policy': None, 'importance_type': None, 'interaction_constraints': None, 'learning_rate': 0.05, 'max_bin': None, 'max_cat_threshold': None, 'max_cat_to_onehot': None, 'max_delta_step': None, 'max_depth': 5, 'max_leaves': None, 'min_child_weight': None, 'missing': nan, 'monotone_constraints': None, 'multi_strategy': None, 'n_estimators': 60, 'n_jobs': 1, 'num_parallel_tree': None, 'random_state': 43, 'reg_alpha': None, 'reg_lambda': None, 'sampling_method': None, 'scale_pos_weight': None, 'subsample': 0.8, 'tree_method': 'hist', 'validate_parameters': None, 'verbosity': None}",7219f08e91cd07b928ddb088f9ba3f3ec957cf0ba48a9beff8b2ef9365285782,started,,,
cb003e9c1c61475daeacff5a7b59dc14,owner_fit_h3_enbpi,False,xgboost_estimator_fit,xgboost.sklearn,fit,XGBRegressor,9028,2026-09-14T10:07:39.536498+00:00,51634,"{'objective': 'reg:squarederror', 'base_score': None, 'booster': None, 'callbacks': None, 'colsample_bylevel': None, 'colsample_bynode': None, 'colsample_bytree': 0.8, 'device': None, 'early_stopping_rounds': None, 'enable_categorical': False, 'eval_metric': None, 'feature_types': None, 'feature_weights': None, 'gamma': None, 'grow_policy': None, 'importance_type': None, 'interaction_constraints': None, 'learning_rate': 0.05, 'max_bin': None, 'max_cat_threshold': None, 'max_cat_to_onehot': None, 'max_delta_step': None, 'max_depth': 5, 'max_leaves': None, 'min_child_weight': None, 'missing': nan, 'monotone_constraints': None, 'multi_strategy': None, 'n_estimators': 60, 'n_jobs': 1, 'num_parallel_tree': None, 'random_state': 43, 'reg_alpha': None, 'reg_lambda': None, 'sampling_method': None, 'scale_pos_weight': None, 'subsample': 0.8, 'tree_method': 'hist', 'validate_parameters': None, 'verbosity': None}",7219f08e91cd07b928ddb088f9ba3f3ec957cf0ba48a9beff8b2ef9365285782,returned,0.5555191000021296,0.546875,False
142c862ef01e4fecac47dd7eaca3447f,owner_fit_h3_enbpi,False,calibrator_conformalize,mapie.regression.regression,conformalize,TimeSeriesRegressor,9028,2026-09-14T10:07:40.103399+00:00,51634,"{'agg_function': 'mean', 'conformity_score': None, 'cv': 'BlockBootstrap(length=24, n_blocks=None, n_resamplings=5, overlapping=True,\n        random_state=43)', 'estimator': 'XGBRegressor(base_score=None, booster=None, callbacks=None,\n             colsample_bylevel=None, colsample_bynode=None,\n             colsample_bytree=0.8, device=None, early_stopping_rounds=None,\n             enable_categorical=False, eval_metric=None, feature_types=None,\n             feature_weights=None, gamma=None, grow_policy=None,\n             importance_type=None, interaction_constraints=None,\n             learning_rate=0.05, max_bin=None, max_cat_threshold=None,\n             max_cat_to_onehot=None, max_delta_step=None, max_depth=5,\n             max_leaves=None, min_child_weight=None, missing=nan,\n             monotone_constraints=None, multi_strategy=None, n_estimators=60,\n             n_jobs=1, num_parallel_tree=None, ...)', 'method': 'enbpi', 'n_jobs': 1, 'random_state': 43, 'verbose': 0}",7219f08e91cd07b928ddb088f9ba3f3ec957cf0ba48a9beff8b2ef9365285782,started,,,
043514e117c049a1842d5c58e9a79a29,owner_fit_h3_enbpi,False,xgboost_estimator_fit,xgboost.sklearn,fit,XGBRegressor,9028,2026-09-14T10:07:40.124390+00:00,51648,"{'objective': 'reg:squarederror', 'base_score': None, 'booster': None, 'callbacks': None, 'colsample_bylevel': None, 'colsample_bynode': None, 'colsample_bytree': 0.8, 'device': None, 'early_stopping_rounds': None, 'enable_categorical': False, 'eval_metric': None, 'feature_types': None, 'feature_weights': None, 'gamma': None, 'grow_policy': None, 'importance_type': None, 'interaction_constraints': None, 'learning_rate': 0.05, 'max_bin': None, 'max_cat_threshold': None, 'max_cat_to_onehot': None, 'max_delta_step': None, 'max_depth': 5, 'max_leaves': None, 'min_child_weight': None, 'missing': nan, 'monotone_constraints': None, 'multi_strategy': None, 'n_estimators': 60, 'n_jobs': 1, 'num_parallel_tree': None, 'random_state': 43, 'reg_alpha': None, 'reg_lambda': None, 'sampling_method': None, 'scale_pos_weight': None, 'subsample': 0.8, 'tree_method': 'hist', 'validate_parameters': None, 'verbosity': None}",7e754a9813186a2ec6affc87416fd0c9617bb11de2a866b85c4d7a117f038864,started,,,
043514e117c049a1842d5c58e9a79a29,owner_fit_h3_enbpi,False,xgboost_estimator_fit,xgboost.sklearn,fit,XGBRegressor,9028,2026-09-14T10:07:40.124390+00:00,51648,"{'objective': 'reg:squarederror', 'base_score': None, 'booster': None, 'callbacks': None, 'colsample_bylevel': None, 'colsample_bynode': None, 'colsample_bytree': 0.8, 'device': None, 'early_stopping_rounds': None, 'enable_categorical': False, 'eval_metric': None, 'feature_types': None, 'feature_weights': None, 'gamma': None, 'grow_policy': None, 'importance_type': None, 'interaction_constraints': None, 'learning_rate': 0.05, 'max_bin': None, 'max_cat_threshold': None, 'max_cat_to_onehot': None, 'max_delta_step': None, 'max_depth': 5, 'max_leaves': None, 'min_child_weight': None, 'missing': nan, 'monotone_constraints': None, 'multi_strategy': None, 'n_estimators': 60, 'n_jobs': 1, 'num_parallel_tree': None, 'random_state': 43, 'reg_alpha': None, 'reg_lambda': None, 'sampling_method': None, 'scale_pos_weight': None, 'subsample': 0.8, 'tree_method': 'hist', 'validate_parameters': None, 'verbosity': None}",7e754a9813186a2ec6affc87416fd0c9617bb11de2a866b85c4d7a117f038864,returned,0.5680190999992192,0.5625,False
a30031089cb54d49a93bb46d2d021c10,owner_fit_h3_enbpi,False,xgboost_estimator_fit,xgboost.sklearn,fit,XGBRegressor,9028,2026-09-14T10:07:40.712220+00:00,51648,"{'objective': 'reg:squarederror', 'base_score': None, 'booster': None, 'callbacks': None, 'colsample_bylevel': None, 'colsample_bynode': None, 'colsample_bytree': 0.8, 'device': None, 'early_stopping_rounds': None, 'enable_categorical': False, 'eval_metric': None, 'feature_types': None, 'feature_weights': None, 'gamma': None, 'grow_policy': None, 'importance_type': None, 'interaction_constraints': None, 'learning_rate': 0.05, 'max_bin': None, 'max_cat_threshold': None, 'max_cat_to_onehot': None, 'max_delta_step': None, 'max_depth': 5, 'max_leaves': None, 'min_child_weight': None, 'missing': nan, 'monotone_constraints': None, 'multi_strategy': None, 'n_estimators': 60, 'n_jobs': 1, 'num_parallel_tree': None, 'random_state': 43, 'reg_alpha': None, 'reg_lambda': None, 'sampling_method': None, 'scale_pos_weight': None, 'subsample': 0.8, 'tree_method': 'hist', 'validate_parameters': None, 'verbosity': None}",c89f6bb4d74d2274efafb101fc179198633bd1610782e57f8a25c71510254360,started,,,
a30031089cb54d49a93bb46d2d021c10,owner_fit_h3_enbpi,False,xgboost_estimator_fit,xgboost.sklearn,fit,XGBRegressor,9028,2026-09-14T10:07:40.712220+00:00,51648,"{'objective': 'reg:squarederror', 'base_score': None, 'booster': None, 'callbacks': None, 'colsample_bylevel': None, 'colsample_bynode': None, 'colsample_bytree': 0.8, 'device': None, 'early_stopping_rounds': None, 'enable_categorical': False, 'eval_metric': None, 'feature_types': None, 'feature_weights': None, 'gamma': None, 'grow_policy': None, 'importance_type': None, 'interaction_constraints': None, 'learning_rate': 0.05, 'max_bin': None, 'max_cat_threshold': None, 'max_cat_to_onehot': None, 'max_delta_step': None, 'max_depth': 5, 'max_leaves': None, 'min_child_weight': None, 'missing': nan, 'monotone_constraints': None, 'multi_strategy': None, 'n_estimators': 60, 'n_jobs': 1, 'num_parallel_tree': None, 'random_state': 43, 'reg_alpha': None, 'reg_lambda': None, 'sampling_method': None, 'scale_pos_weight': None, 'subsample': 0.8, 'tree_method': 'hist', 'validate_parameters': None, 'verbosity': None}",c89f6bb4d74d2274efafb101fc179198633bd1610782e57f8a25c71510254360,returned,0.5475083999917842,0.53125,False
44803065ca624aabaaeb3dd47bac843b,owner_fit_h3_enbpi,False,xgboost_estimator_fit,xgboost.sklearn,fit,XGBRegressor,9028,2026-09-14T10:07:41.280259+00:00,51648,"{'objective': 'reg:squarederror', 'base_score': None, 'booster': None, 'callbacks': None, 'colsample_bylevel': None, 'colsample_bynode': None, 'colsample_bytree': 0.8, 'device': None, 'early_stopping_rounds': None, 'enable_categorical': False, 'eval_metric': None, 'feature_types': None, 'feature_weights': None, 'gamma': None, 'grow_policy': None, 'importance_type': None, 'interaction_constraints': None, 'learning_rate': 0.05, 'max_bin': None, 'max_cat_threshold': None, 'max_cat_to_onehot': None, 'max_delta_step': None, 'max_depth': 5, 'max_leaves': None, 'min_child_weight': None, 'missing': nan, 'monotone_constraints': None, 'multi_strategy': None, 'n_estimators': 60, 'n_jobs': 1, 'num_parallel_tree': None, 'random_state': 43, 'reg_alpha': None, 'reg_lambda': None, 'sampling_method': None, 'scale_pos_weight': None, 'subsample': 0.8, 'tree_method': 'hist', 'validate_parameters': None, 'verbosity': None}",80374bd0dd98e3d8dc1a895ab8b6494610d8adc329f25744372959fafba5c5f1,started,,,
44803065ca624aabaaeb3dd47bac843b,owner_fit_h3_enbpi,False,xgboost_estimator_fit,xgboost.sklearn,fit,XGBRegressor,9028,2026-09-14T10:07:41.280259+00:00,51648,"{'objective': 'reg:squarederror', 'base_score': None, 'booster': None, 'callbacks': None, 'colsample_bylevel': None, 'colsample_bynode': None, 'colsample_bytree': 0.8, 'device': None, 'early_stopping_rounds': None, 'enable_categorical': False, 'eval_metric': None, 'feature_types': None, 'feature_weights': None, 'gamma': None, 'grow_policy': None, 'importance_type': None, 'interaction_constraints': None, 'learning_rate': 0.05, 'max_bin': None, 'max_cat_threshold': None, 'max_cat_to_onehot': None, 'max_delta_step': None, 'max_depth': 5, 'max_leaves': None, 'min_child_weight': None, 'missing': nan, 'monotone_constraints': None, 'multi_strategy': None, 'n_estimators': 60, 'n_jobs': 1, 'num_parallel_tree': None, 'random_state': 43, 'reg_alpha': None, 'reg_lambda': None, 'sampling_method': None, 'scale_pos_weight': None, 'subsample': 0.8, 'tree_method': 'hist', 'validate_parameters': None, 'verbosity': None}",80374bd0dd98e3d8dc1a895ab8b6494610d8adc329f25744372959fafba5c5f1,returned,0.5451307000039378,0.53125,False
24fc84e9aa304f9b88b789201bf2d40a,owner_fit_h3_enbpi,False,xgboost_estimator_fit,xgboost.sklearn,fit,XGBRegressor,9028,2026-09-14T10:07:41.846132+00:00,51648,"{'objective': 'reg:squarederror', 'base_score': None, 'booster': None, 'callbacks': None, 'colsample_bylevel': None, 'colsample_bynode': None, 'colsample_bytree': 0.8, 'device': None, 'early_stopping_rounds': None, 'enable_categorical': False, 'eval_metric': None, 'feature_types': None, 'feature_weights': None, 'gamma': None, 'grow_policy': None, 'importance_type': None, 'interaction_constraints': None, 'learning_rate': 0.05, 'max_bin': None, 'max_cat_threshold': None, 'max_cat_to_onehot': None, 'max_delta_step': None, 'max_depth': 5, 'max_leaves': None, 'min_child_weight': None, 'missing': nan, 'monotone_constraints': None, 'multi_strategy': None, 'n_estimators': 60, 'n_jobs': 1, 'num_parallel_tree': None, 'random_state': 43, 'reg_alpha': None, 'reg_lambda': None, 'sampling_method': None, 'scale_pos_weight': None, 'subsample': 0.8, 'tree_method': 'hist', 'validate_parameters': None, 'verbosity': None}",289695b3842a428b82d57bb5e7d1d8a488a926e982a999e33846dfc4b6c10146,started,,,
24fc84e9aa304f9b88b789201bf2d40a,owner_fit_h3_enbpi,False,xgboost_estimator_fit,xgboost.sklearn,fit,XGBRegressor,9028,2026-09-14T10:07:41.846132+00:00,51648,"{'objective': 'reg:squarederror', 'base_score': None, 'booster': None, 'callbacks': None, 'colsample_bylevel': None, 'colsample_bynode': None, 'colsample_bytree': 0.8, 'device': None, 'early_stopping_rounds': None, 'enable_categorical': False, 'eval_metric': None, 'feature_types': None, 'feature_weights': None, 'gamma': None, 'grow_policy': None, 'importance_type': None, 'interaction_constraints': None, 'learning_rate': 0.05, 'max_bin': None, 'max_cat_threshold': None, 'max_cat_to_onehot': None, 'max_delta_step': None, 'max_depth': 5, 'max_leaves': None, 'min_child_weight': None, 'missing': nan, 'monotone_constraints': None, 'multi_strategy': None, 'n_estimators': 60, 'n_jobs': 1, 'num_parallel_tree': None, 'random_state': 43, 'reg_alpha': None, 'reg_lambda': None, 'sampling_method': None, 'scale_pos_weight': None, 'subsample': 0.8, 'tree_method': 'hist', 'validate_parameters': None, 'verbosity': None}",289695b3842a428b82d57bb5e7d1d8a488a926e982a999e33846dfc4b6c10146,returned,0.5462467999896035,0.546875,False
718ea4fc979d4275ba3f0678946a8e1e,owner_fit_h3_enbpi,False,xgboost_estimator_fit,xgboost.sklearn,fit,XGBRegressor,9028,2026-09-14T10:07:42.415104+00:00,51648,"{'objective': 'reg:squarederror', 'base_score': None, 'booster': None, 'callbacks': None, 'colsample_bylevel': None, 'colsample_bynode': None, 'colsample_bytree': 0.8, 'device': None, 'early_stopping_rounds': None, 'enable_categorical': False, 'eval_metric': None, 'feature_types': None, 'feature_weights': None, 'gamma': None, 'grow_policy': None, 'importance_type': None, 'interaction_constraints': None, 'learning_rate': 0.05, 'max_bin': None, 'max_cat_threshold': None, 'max_cat_to_onehot': None, 'max_delta_step': None, 'max_depth': 5, 'max_leaves': None, 'min_child_weight': None, 'missing': nan, 'monotone_constraints': None, 'multi_strategy': None, 'n_estimators': 60, 'n_jobs': 1, 'num_parallel_tree': None, 'random_state': 43, 'reg_alpha': None, 'reg_lambda': None, 'sampling_method': None, 'scale_pos_weight': None, 'subsample': 0.8, 'tree_method': 'hist', 'validate_parameters': None, 'verbosity': None}",e460216aaeb3c65653518c725d377d35290511b874749cabfe00945c505d9b01,started,,,
718ea4fc979d4275ba3f0678946a8e1e,owner_fit_h3_enbpi,False,xgboost_estimator_fit,xgboost.sklearn,fit,XGBRegressor,9028,2026-09-14T10:07:42.415104+00:00,51648,"{'objective': 'reg:squarederror', 'base_score': None, 'booster': None, 'callbacks': None, 'colsample_bylevel': None, 'colsample_bynode': None, 'colsample_bytree': 0.8, 'device': None, 'early_stopping_rounds': None, 'enable_categorical': False, 'eval_metric': None, 'feature_types': None, 'feature_weights': None, 'gamma': None, 'grow_policy': None, 'importance_type': None, 'interaction_constraints': None, 'learning_rate': 0.05, 'max_bin': None, 'max_cat_threshold': None, 'max_cat_to_onehot': None, 'max_delta_step': None, 'max_depth': 5, 'max_leaves': None, 'min_child_weight': None, 'missing': nan, 'monotone_constraints': None, 'multi_strategy': None, 'n_estimators': 60, 'n_jobs': 1, 'num_parallel_tree': None, 'random_state': 43, 'reg_alpha': None, 'reg_lambda': None, 'sampling_method': None, 'scale_pos_weight': None, 'subsample': 0.8, 'tree_method': 'hist', 'validate_parameters': None, 'verbosity': None}",e460216aaeb3c65653518c725d377d35290511b874749cabfe00945c505d9b01,returned,0.5753166000067722,0.5625,False
142c862ef01e4fecac47dd7eaca3447f,owner_fit_h3_enbpi,False,calibrator_conformalize,mapie.regression.regression,conformalize,TimeSeriesRegressor,9028,2026-09-14T10:07:40.103399+00:00,51634,"{'agg_function': 'mean', 'conformity_score': None, 'cv': 'BlockBootstrap(length=24, n_blocks=None, n_resamplings=5, overlapping=True,\n        random_state=43)', 'estimator': 'XGBRegressor(base_score=None, booster=None, callbacks=None,\n             colsample_bylevel=None, colsample_bynode=None,\n             colsample_bytree=0.8, device=None, early_stopping_rounds=None,\n             enable_categorical=False, eval_metric=None, feature_types=None,\n             feature_weights=None, gamma=None, grow_policy=None,\n             importance_type=None, interaction_constraints=None,\n             learning_rate=0.05, max_bin=None, max_cat_threshold=None,\n             max_cat_to_onehot=None, max_delta_step=None, max_depth=5,\n             max_leaves=None, min_child_weight=None, missing=nan,\n             monotone_constraints=None, multi_strategy=None, n_estimators=60,\n             n_jobs=1, num_parallel_tree=None, ...)', 'method': 'enbpi', 'n_jobs': 1, 'random_state': 43, 'verbose': 0}",7219f08e91cd07b928ddb088f9ba3f3ec957cf0ba48a9beff8b2ef9365285782,returned,3.0407921000005445,2.984375,False
d68a771fb2154305a921d74c42d6ba71,owner_fit_h3_enbpi,False,enbpi_wrapper_fit,mapie.regression.regression,fit,TimeSeriesRegressor,9028,2026-09-14T10:07:39.530551+00:00,51634,"{'agg_function': 'mean', 'conformity_score': None, 'cv': 'BlockBootstrap(length=24, n_blocks=None, n_resamplings=5, overlapping=True,\n        random_state=43)', 'estimator': 'XGBRegressor(base_score=None, booster=None, callbacks=None,\n             colsample_bylevel=None, colsample_bynode=None,\n             colsample_bytree=0.8, device=None, early_stopping_rounds=None,\n             enable_categorical=False, eval_metric=None, feature_types=None,\n             feature_weights=None, gamma=None, grow_policy=None,\n             importance_type=None, interaction_constraints=None,\n             learning_rate=0.05, max_bin=None, max_cat_threshold=None,\n             max_cat_to_onehot=None, max_delta_step=None, max_depth=5,\n             max_leaves=None, min_child_weight=None, missing=nan,\n             monotone_constraints=None, multi_strategy=None, n_estimators=60,\n             n_jobs=1, num_parallel_tree=None, ...)', 'method': 'enbpi', 'n_jobs': 1, 'random_state': 43, 'verbose': 0}",7219f08e91cd07b928ddb088f9ba3f3ec957cf0ba48a9beff8b2ef9365285782,returned,3.615911300003063,3.546875,False
f8ed2114fa17466e836d0249f587497b,owner_cal_h3_enbpi,False,calibrator_conformalize,mapie.regression.regression,conformalize,TimeSeriesRegressor,9028,2026-09-14T10:07:43.233251+00:00,17360,"{'agg_function': 'mean', 'conformity_score': None, 'cv': 'BlockBootstrap(length=24, n_blocks=None, n_resamplings=5, overlapping=True,\n        random_state=43)', 'estimator': 'XGBRegressor(base_score=None, booster=None, callbacks=None,\n             colsample_bylevel=None, colsample_bynode=None,\n             colsample_bytree=0.8, device=None, early_stopping_rounds=None,\n             enable_categorical=False, eval_metric=None, feature_types=None,\n             feature_weights=None, gamma=None, grow_policy=None,\n             importance_type=None, interaction_constraints=None,\n             learning_rate=0.05, max_bin=None, max_cat_threshold=None,\n             max_cat_to_onehot=None, max_delta_step=None, max_depth=5,\n             max_leaves=None, min_child_weight=None, missing=nan,\n             monotone_constraints=None, multi_strategy=None, n_estimators=60,\n             n_jobs=1, num_parallel_tree=None, ...)', 'method': 'enbpi', 'n_jobs': 1, 'random_state': 43, 'verbose': 0}",0f46080de37021df3a0f5b441026dca901f9e120d4122009433514315f4a6e5b,started,,,
fce09ade1ec74006b76e9fadd541e321,owner_cal_h3_enbpi,False,xgboost_estimator_fit,xgboost.sklearn,fit,XGBRegressor,9028,2026-09-14T10:07:43.245438+00:00,17376,"{'objective': 'reg:squarederror', 'base_score': None, 'booster': None, 'callbacks': None, 'colsample_bylevel': None, 'colsample_bynode': None, 'colsample_bytree': 0.8, 'device': None, 'early_stopping_rounds': None, 'enable_categorical': False, 'eval_metric': None, 'feature_types': None, 'feature_weights': None, 'gamma': None, 'grow_policy': None, 'importance_type': None, 'interaction_constraints': None, 'learning_rate': 0.05, 'max_bin': None, 'max_cat_threshold': None, 'max_cat_to_onehot': None, 'max_delta_step': None, 'max_depth': 5, 'max_leaves': None, 'min_child_weight': None, 'missing': nan, 'monotone_constraints': None, 'multi_strategy': None, 'n_estimators': 60, 'n_jobs': 1, 'num_parallel_tree': None, 'random_state': 43, 'reg_alpha': None, 'reg_lambda': None, 'sampling_method': None, 'scale_pos_weight': None, 'subsample': 0.8, 'tree_method': 'hist', 'validate_parameters': None, 'verbosity': None}",ff490f80951a2329dae07a8af23f071271bc0fbf21680bc35c8061657dd35381,started,,,
fce09ade1ec74006b76e9fadd541e321,owner_cal_h3_enbpi,False,xgboost_estimator_fit,xgboost.sklearn,fit,XGBRegressor,9028,2026-09-14T10:07:43.245438+00:00,17376,"{'objective': 'reg:squarederror', 'base_score': None, 'booster': None, 'callbacks': None, 'colsample_bylevel': None, 'colsample_bynode': None, 'colsample_bytree': 0.8, 'device': None, 'early_stopping_rounds': None, 'enable_categorical': False, 'eval_metric': None, 'feature_types': None, 'feature_weights': None, 'gamma': None, 'grow_policy': None, 'importance_type': None, 'interaction_constraints': None, 'learning_rate': 0.05, 'max_bin': None, 'max_cat_threshold': None, 'max_cat_to_onehot': None, 'max_delta_step': None, 'max_depth': 5, 'max_leaves': None, 'min_child_weight': None, 'missing': nan, 'monotone_constraints': None, 'multi_strategy': None, 'n_estimators': 60, 'n_jobs': 1, 'num_parallel_tree': None, 'random_state': 43, 'reg_alpha': None, 'reg_lambda': None, 'sampling_method': None, 'scale_pos_weight': None, 'subsample': 0.8, 'tree_method': 'hist', 'validate_parameters': None, 'verbosity': None}",ff490f80951a2329dae07a8af23f071271bc0fbf21680bc35c8061657dd35381,returned,0.24114450000342913,0.25,False
ccf666b8b11848cda7ea7a8469db184d,owner_cal_h3_enbpi,False,xgboost_estimator_fit,xgboost.sklearn,fit,XGBRegressor,9028,2026-09-14T10:07:43.494255+00:00,17376,"{'objective': 'reg:squarederror', 'base_score': None, 'booster': None, 'callbacks': None, 'colsample_bylevel': None, 'colsample_bynode': None, 'colsample_bytree': 0.8, 'device': None, 'early_stopping_rounds': None, 'enable_categorical': False, 'eval_metric': None, 'feature_types': None, 'feature_weights': None, 'gamma': None, 'grow_policy': None, 'importance_type': None, 'interaction_constraints': None, 'learning_rate': 0.05, 'max_bin': None, 'max_cat_threshold': None, 'max_cat_to_onehot': None, 'max_delta_step': None, 'max_depth': 5, 'max_leaves': None, 'min_child_weight': None, 'missing': nan, 'monotone_constraints': None, 'multi_strategy': None, 'n_estimators': 60, 'n_jobs': 1, 'num_parallel_tree': None, 'random_state': 43, 'reg_alpha': None, 'reg_lambda': None, 'sampling_method': None, 'scale_pos_weight': None, 'subsample': 0.8, 'tree_method': 'hist', 'validate_parameters': None, 'verbosity': None}",31090e5186025821c8473869917fcdc77db9f65207dea519073e5aba6f12f4fd,started,,,
ccf666b8b11848cda7ea7a8469db184d,owner_cal_h3_enbpi,False,xgboost_estimator_fit,xgboost.sklearn,fit,XGBRegressor,9028,2026-09-14T10:07:43.494255+00:00,17376,"{'objective': 'reg:squarederror', 'base_score': None, 'booster': None, 'callbacks': None, 'colsample_bylevel': None, 'colsample_bynode': None, 'colsample_bytree': 0.8, 'device': None, 'early_stopping_rounds': None, 'enable_categorical': False, 'eval_metric': None, 'feature_types': None, 'feature_weights': None, 'gamma': None, 'grow_policy': None, 'importance_type': None, 'interaction_constraints': None, 'learning_rate': 0.05, 'max_bin': None, 'max_cat_threshold': None, 'max_cat_to_onehot': None, 'max_delta_step': None, 'max_depth': 5, 'max_leaves': None, 'min_child_weight': None, 'missing': nan, 'monotone_constraints': None, 'multi_strategy': None, 'n_estimators': 60, 'n_jobs': 1, 'num_parallel_tree': None, 'random_state': 43, 'reg_alpha': None, 'reg_lambda': None, 'sampling_method': None, 'scale_pos_weight': None, 'subsample': 0.8, 'tree_method': 'hist', 'validate_parameters': None, 'verbosity': None}",31090e5186025821c8473869917fcdc77db9f65207dea519073e5aba6f12f4fd,returned,0.24835389999498148,0.25,False
29f94fe5e77843b48bf4a829089983bd,owner_cal_h3_enbpi,False,xgboost_estimator_fit,xgboost.sklearn,fit,XGBRegressor,9028,2026-09-14T10:07:43.755714+00:00,17376,"{'objective': 'reg:squarederror', 'base_score': None, 'booster': None, 'callbacks': None, 'colsample_bylevel': None, 'colsample_bynode': None, 'colsample_bytree': 0.8, 'device': None, 'early_stopping_rounds': None, 'enable_categorical': False, 'eval_metric': None, 'feature_types': None, 'feature_weights': None, 'gamma': None, 'grow_policy': None, 'importance_type': None, 'interaction_constraints': None, 'learning_rate': 0.05, 'max_bin': None, 'max_cat_threshold': None, 'max_cat_to_onehot': None, 'max_delta_step': None, 'max_depth': 5, 'max_leaves': None, 'min_child_weight': None, 'missing': nan, 'monotone_constraints': None, 'multi_strategy': None, 'n_estimators': 60, 'n_jobs': 1, 'num_parallel_tree': None, 'random_state': 43, 'reg_alpha': None, 'reg_lambda': None, 'sampling_method': None, 'scale_pos_weight': None, 'subsample': 0.8, 'tree_method': 'hist', 'validate_parameters': None, 'verbosity': None}",ebd737e5eae129386bd3c56bfc560b6776559f1c36cd96c2e15f043d31c92f20,started,,,
29f94fe5e77843b48bf4a829089983bd,owner_cal_h3_enbpi,False,xgboost_estimator_fit,xgboost.sklearn,fit,XGBRegressor,9028,2026-09-14T10:07:43.755714+00:00,17376,"{'objective': 'reg:squarederror', 'base_score': None, 'booster': None, 'callbacks': None, 'colsample_bylevel': None, 'colsample_bynode': None, 'colsample_bytree': 0.8, 'device': None, 'early_stopping_rounds': None, 'enable_categorical': False, 'eval_metric': None, 'feature_types': None, 'feature_weights': None, 'gamma': None, 'grow_policy': None, 'importance_type': None, 'interaction_constraints': None, 'learning_rate': 0.05, 'max_bin': None, 'max_cat_threshold': None, 'max_cat_to_onehot': None, 'max_delta_step': None, 'max_depth': 5, 'max_leaves': None, 'min_child_weight': None, 'missing': nan, 'monotone_constraints': None, 'multi_strategy': None, 'n_estimators': 60, 'n_jobs': 1, 'num_parallel_tree': None, 'random_state': 43, 'reg_alpha': None, 'reg_lambda': None, 'sampling_method': None, 'scale_pos_weight': None, 'subsample': 0.8, 'tree_method': 'hist', 'validate_parameters': None, 'verbosity': None}",ebd737e5eae129386bd3c56bfc560b6776559f1c36cd96c2e15f043d31c92f20,returned,0.23278160000336356,0.234375,False
845c538ab57a49d5aa8b9d28e42065f5,owner_cal_h3_enbpi,False,xgboost_estimator_fit,xgboost.sklearn,fit,XGBRegressor,9028,2026-09-14T10:07:43.997658+00:00,17376,"{'objective': 'reg:squarederror', 'base_score': None, 'booster': None, 'callbacks': None, 'colsample_bylevel': None, 'colsample_bynode': None, 'colsample_bytree': 0.8, 'device': None, 'early_stopping_rounds': None, 'enable_categorical': False, 'eval_metric': None, 'feature_types': None, 'feature_weights': None, 'gamma': None, 'grow_policy': None, 'importance_type': None, 'interaction_constraints': None, 'learning_rate': 0.05, 'max_bin': None, 'max_cat_threshold': None, 'max_cat_to_onehot': None, 'max_delta_step': None, 'max_depth': 5, 'max_leaves': None, 'min_child_weight': None, 'missing': nan, 'monotone_constraints': None, 'multi_strategy': None, 'n_estimators': 60, 'n_jobs': 1, 'num_parallel_tree': None, 'random_state': 43, 'reg_alpha': None, 'reg_lambda': None, 'sampling_method': None, 'scale_pos_weight': None, 'subsample': 0.8, 'tree_method': 'hist', 'validate_parameters': None, 'verbosity': None}",aaf4accdffe03c4e5627c48519270c95f1fb6075980ba79ec4dcf076c0bf035e,started,,,
845c538ab57a49d5aa8b9d28e42065f5,owner_cal_h3_enbpi,False,xgboost_estimator_fit,xgboost.sklearn,fit,XGBRegressor,9028,2026-09-14T10:07:43.997658+00:00,17376,"{'objective': 'reg:squarederror', 'base_score': None, 'booster': None, 'callbacks': None, 'colsample_bylevel': None, 'colsample_bynode': None, 'colsample_bytree': 0.8, 'device': None, 'early_stopping_rounds': None, 'enable_categorical': False, 'eval_metric': None, 'feature_types': None, 'feature_weights': None, 'gamma': None, 'grow_policy': None, 'importance_type': None, 'interaction_constraints': None, 'learning_rate': 0.05, 'max_bin': None, 'max_cat_threshold': None, 'max_cat_to_onehot': None, 'max_delta_step': None, 'max_depth': 5, 'max_leaves': None, 'min_child_weight': None, 'missing': nan, 'monotone_constraints': None, 'multi_strategy': None, 'n_estimators': 60, 'n_jobs': 1, 'num_parallel_tree': None, 'random_state': 43, 'reg_alpha': None, 'reg_lambda': None, 'sampling_method': None, 'scale_pos_weight': None, 'subsample': 0.8, 'tree_method': 'hist', 'validate_parameters': None, 'verbosity': None}",aaf4accdffe03c4e5627c48519270c95f1fb6075980ba79ec4dcf076c0bf035e,returned,0.25150939999730326,0.25,False
37edbc33609a42109369787227b0e319,owner_cal_h3_enbpi,False,xgboost_estimator_fit,xgboost.sklearn,fit,XGBRegressor,9028,2026-09-14T10:07:44.260864+00:00,17376,"{'objective': 'reg:squarederror', 'base_score': None, 'booster': None, 'callbacks': None, 'colsample_bylevel': None, 'colsample_bynode': None, 'colsample_bytree': 0.8, 'device': None, 'early_stopping_rounds': None, 'enable_categorical': False, 'eval_metric': None, 'feature_types': None, 'feature_weights': None, 'gamma': None, 'grow_policy': None, 'importance_type': None, 'interaction_constraints': None, 'learning_rate': 0.05, 'max_bin': None, 'max_cat_threshold': None, 'max_cat_to_onehot': None, 'max_delta_step': None, 'max_depth': 5, 'max_leaves': None, 'min_child_weight': None, 'missing': nan, 'monotone_constraints': None, 'multi_strategy': None, 'n_estimators': 60, 'n_jobs': 1, 'num_parallel_tree': None, 'random_state': 43, 'reg_alpha': None, 'reg_lambda': None, 'sampling_method': None, 'scale_pos_weight': None, 'subsample': 0.8, 'tree_method': 'hist', 'validate_parameters': None, 'verbosity': None}",5780f048357e54ae81e167f187fef65fab5ad04cfaedf1ed73455ebdf21d1d71,started,,,
37edbc33609a42109369787227b0e319,owner_cal_h3_enbpi,False,xgboost_estimator_fit,xgboost.sklearn,fit,XGBRegressor,9028,2026-09-14T10:07:44.260864+00:00,17376,"{'objective': 'reg:squarederror', 'base_score': None, 'booster': None, 'callbacks': None, 'colsample_bylevel': None, 'colsample_bynode': None, 'colsample_bytree': 0.8, 'device': None, 'early_stopping_rounds': None, 'enable_categorical': False, 'eval_metric': None, 'feature_types': None, 'feature_weights': None, 'gamma': None, 'grow_policy': None, 'importance_type': None, 'interaction_constraints': None, 'learning_rate': 0.05, 'max_bin': None, 'max_cat_threshold': None, 'max_cat_to_onehot': None, 'max_delta_step': None, 'max_depth': 5, 'max_leaves': None, 'min_child_weight': None, 'missing': nan, 'monotone_constraints': None, 'multi_strategy': None, 'n_estimators': 60, 'n_jobs': 1, 'num_parallel_tree': None, 'random_state': 43, 'reg_alpha': None, 'reg_lambda': None, 'sampling_method': None, 'scale_pos_weight': None, 'subsample': 0.8, 'tree_method': 'hist', 'validate_parameters': None, 'verbosity': None}",5780f048357e54ae81e167f187fef65fab5ad04cfaedf1ed73455ebdf21d1d71,returned,0.2348719000001438,0.234375,False
f8ed2114fa17466e836d0249f587497b,owner_cal_h3_enbpi,False,calibrator_conformalize,mapie.regression.regression,conformalize,TimeSeriesRegressor,9028,2026-09-14T10:07:43.233251+00:00,17360,"{'agg_function': 'mean', 'conformity_score': None, 'cv': 'BlockBootstrap(length=24, n_blocks=None, n_resamplings=5, overlapping=True,\n        random_state=43)', 'estimator': 'XGBRegressor(base_score=None, booster=None, callbacks=None,\n             colsample_bylevel=None, colsample_bynode=None,\n             colsample_bytree=0.8, device=None, early_stopping_rounds=None,\n             enable_categorical=False, eval_metric=None, feature_types=None,\n             feature_weights=None, gamma=None, grow_policy=None,\n             importance_type=None, interaction_constraints=None,\n             learning_rate=0.05, max_bin=None, max_cat_threshold=None,\n             max_cat_to_onehot=None, max_delta_step=None, max_depth=5,\n             max_leaves=None, min_child_weight=None, missing=nan,\n             monotone_constraints=None, multi_strategy=None, n_estimators=60,\n             n_jobs=1, num_parallel_tree=None, ...)', 'method': 'enbpi', 'n_jobs': 1, 'random_state': 43, 'verbose': 0}",0f46080de37021df3a0f5b441026dca901f9e120d4122009433514315f4a6e5b,returned,1.318446800010861,1.328125,False
80f40de1e8d8401da94679a4c9db0b85,owner_fit_h6_cqr_l90,False,cqr_wrapper_fit,mapie.regression.quantile_regression,fit,ConformalizedQuantileRegressor,9028,2026-09-14T10:09:22.888801+00:00,51584,{},d21420037c47a56964ad3ee14da0584fb1998ced6b9884e2079e7f3ca6e757b2,started,,,
80cb7e3a961948468258202f900adac6,owner_fit_h6_cqr_l90,False,quantile_estimator_fit,sklearn.ensemble._hist_gradient_boosting.gradient_boosting,fit,HistGradientBoostingRegressor,9028,2026-09-14T10:09:22.895109+00:00,51584,"{'categorical_features': 'warn', 'early_stopping': 'auto', 'interaction_cst': None, 'l2_regularization': 0.0, 'learning_rate': 0.05, 'loss': 'quantile', 'max_bins': 255, 'max_depth': None, 'max_features': 1.0, 'max_iter': 300, 'max_leaf_nodes': 31, 'min_samples_leaf': 50, 'monotonic_cst': None, 'n_iter_no_change': 10, 'quantile': 0.05, 'random_state': 43, 'scoring': 'loss', 'tol': 1e-07, 'validation_fraction': 0.1, 'verbose': 0, 'warm_start': False}",d21420037c47a56964ad3ee14da0584fb1998ced6b9884e2079e7f3ca6e757b2,started,,,
80cb7e3a961948468258202f900adac6,owner_fit_h6_cqr_l90,False,quantile_estimator_fit,sklearn.ensemble._hist_gradient_boosting.gradient_boosting,fit,HistGradientBoostingRegressor,9028,2026-09-14T10:09:22.895109+00:00,51584,"{'categorical_features': 'warn', 'early_stopping': 'auto', 'interaction_cst': None, 'l2_regularization': 0.0, 'learning_rate': 0.05, 'loss': 'quantile', 'max_bins': 255, 'max_depth': None, 'max_features': 1.0, 'max_iter': 300, 'max_leaf_nodes': 31, 'min_samples_leaf': 50, 'monotonic_cst': None, 'n_iter_no_change': 10, 'quantile': 0.05, 'random_state': 43, 'scoring': 'loss', 'tol': 1e-07, 'validation_fraction': 0.1, 'verbose': 0, 'warm_start': False}",d21420037c47a56964ad3ee14da0584fb1998ced6b9884e2079e7f3ca6e757b2,returned,4.2083057000127155,4.078125,False
ac6afad9df3b41a9978553b1b0d39be6,owner_fit_h6_cqr_l90,False,quantile_estimator_fit,sklearn.ensemble._hist_gradient_boosting.gradient_boosting,fit,HistGradientBoostingRegressor,9028,2026-09-14T10:09:27.097021+00:00,51584,"{'categorical_features': 'warn', 'early_stopping': 'auto', 'interaction_cst': None, 'l2_regularization': 0.0, 'learning_rate': 0.05, 'loss': 'quantile', 'max_bins': 255, 'max_depth': None, 'max_features': 1.0, 'max_iter': 300, 'max_leaf_nodes': 31, 'min_samples_leaf': 50, 'monotonic_cst': None, 'n_iter_no_change': 10, 'quantile': 0.95, 'random_state': 43, 'scoring': 'loss', 'tol': 1e-07, 'validation_fraction': 0.1, 'verbose': 0, 'warm_start': False}",d21420037c47a56964ad3ee14da0584fb1998ced6b9884e2079e7f3ca6e757b2,started,,,
ac6afad9df3b41a9978553b1b0d39be6,owner_fit_h6_cqr_l90,False,quantile_estimator_fit,sklearn.ensemble._hist_gradient_boosting.gradient_boosting,fit,HistGradientBoostingRegressor,9028,2026-09-14T10:09:27.097021+00:00,51584,"{'categorical_features': 'warn', 'early_stopping': 'auto', 'interaction_cst': None, 'l2_regularization': 0.0, 'learning_rate': 0.05, 'loss': 'quantile', 'max_bins': 255, 'max_depth': None, 'max_features': 1.0, 'max_iter': 300, 'max_leaf_nodes': 31, 'min_samples_leaf': 50, 'monotonic_cst': None, 'n_iter_no_change': 10, 'quantile': 0.95, 'random_state': 43, 'scoring': 'loss', 'tol': 1e-07, 'validation_fraction': 0.1, 'verbose': 0, 'warm_start': False}",d21420037c47a56964ad3ee14da0584fb1998ced6b9884e2079e7f3ca6e757b2,returned,4.347644599998603,4.234375,False
30fb98341d2c460d931223fce615aebc,owner_fit_h6_cqr_l90,False,quantile_estimator_fit,sklearn.ensemble._hist_gradient_boosting.gradient_boosting,fit,HistGradientBoostingRegressor,9028,2026-09-14T10:09:31.463241+00:00,51584,"{'categorical_features': 'warn', 'early_stopping': 'auto', 'interaction_cst': None, 'l2_regularization': 0.0, 'learning_rate': 0.05, 'loss': 'quantile', 'max_bins': 255, 'max_depth': None, 'max_features': 1.0, 'max_iter': 300, 'max_leaf_nodes': 31, 'min_samples_leaf': 50, 'monotonic_cst': None, 'n_iter_no_change': 10, 'quantile': 0.5, 'random_state': 43, 'scoring': 'loss', 'tol': 1e-07, 'validation_fraction': 0.1, 'verbose': 0, 'warm_start': False}",d21420037c47a56964ad3ee14da0584fb1998ced6b9884e2079e7f3ca6e757b2,started,,,
30fb98341d2c460d931223fce615aebc,owner_fit_h6_cqr_l90,False,quantile_estimator_fit,sklearn.ensemble._hist_gradient_boosting.gradient_boosting,fit,HistGradientBoostingRegressor,9028,2026-09-14T10:09:31.463241+00:00,51584,"{'categorical_features': 'warn', 'early_stopping': 'auto', 'interaction_cst': None, 'l2_regularization': 0.0, 'learning_rate': 0.05, 'loss': 'quantile', 'max_bins': 255, 'max_depth': None, 'max_features': 1.0, 'max_iter': 300, 'max_leaf_nodes': 31, 'min_samples_leaf': 50, 'monotonic_cst': None, 'n_iter_no_change': 10, 'quantile': 0.5, 'random_state': 43, 'scoring': 'loss', 'tol': 1e-07, 'validation_fraction': 0.1, 'verbose': 0, 'warm_start': False}",d21420037c47a56964ad3ee14da0584fb1998ced6b9884e2079e7f3ca6e757b2,returned,4.844551499991212,4.734375,False
80f40de1e8d8401da94679a4c9db0b85,owner_fit_h6_cqr_l90,False,cqr_wrapper_fit,mapie.regression.quantile_regression,fit,ConformalizedQuantileRegressor,9028,2026-09-14T10:09:22.888801+00:00,51584,{},d21420037c47a56964ad3ee14da0584fb1998ced6b9884e2079e7f3ca6e757b2,returned,13.420943400007673,13.0625,False
ba1c328bfe5649ebb34e8ef23fd4dd9d,owner_cal_h6_cqr_l90,False,calibrator_conformalize,mapie.regression.quantile_regression,conformalize,ConformalizedQuantileRegressor,9028,2026-09-14T10:09:36.428785+00:00,17350,{},c541735ac86756cc443c9028a43d8eea68c87123361f8edc415469d30153306a,started,,,
505bc9a1044f4b89bb5e190f859b9815,owner_cal_h6_cqr_l90,False,calibrator_conformalize,mapie.regression.quantile_regression,conformalize,_MapieQuantileRegressor,9028,2026-09-14T10:09:36.428785+00:00,17350,"{'alpha': 0.1, 'cv': 'split', 'estimator': ""HistGradientBoostingRegressor(learning_rate=0.05, loss='quantile', max_iter=300,\n                              min_samples_leaf=50, random_state=43)"", 'method': 'quantile'}",c541735ac86756cc443c9028a43d8eea68c87123361f8edc415469d30153306a,started,,,
505bc9a1044f4b89bb5e190f859b9815,owner_cal_h6_cqr_l90,False,calibrator_conformalize,mapie.regression.quantile_regression,conformalize,_MapieQuantileRegressor,9028,2026-09-14T10:09:36.428785+00:00,17350,"{'alpha': 0.1, 'cv': 'split', 'estimator': ""HistGradientBoostingRegressor(learning_rate=0.05, loss='quantile', max_iter=300,\n                              min_samples_leaf=50, random_state=43)"", 'method': 'quantile'}",c541735ac86756cc443c9028a43d8eea68c87123361f8edc415469d30153306a,returned,1.625644600004307,1.5625,False
ba1c328bfe5649ebb34e8ef23fd4dd9d,owner_cal_h6_cqr_l90,False,calibrator_conformalize,mapie.regression.quantile_regression,conformalize,ConformalizedQuantileRegressor,9028,2026-09-14T10:09:36.428785+00:00,17350,{},c541735ac86756cc443c9028a43d8eea68c87123361f8edc415469d30153306a,returned,1.63037909999548,1.5625,False
e15b9dabeacb4423808fbe841f52fdae,owner_fit_h6_cqr_l95,False,cqr_wrapper_fit,mapie.regression.quantile_regression,fit,ConformalizedQuantileRegressor,9028,2026-09-14T10:10:14.899218+00:00,51584,{},d21420037c47a56964ad3ee14da0584fb1998ced6b9884e2079e7f3ca6e757b2,started,,,
53f1a54b71214a44a3ca497c2ae52cd8,owner_fit_h6_cqr_l95,False,quantile_estimator_fit,sklearn.ensemble._hist_gradient_boosting.gradient_boosting,fit,HistGradientBoostingRegressor,9028,2026-09-14T10:10:14.899218+00:00,51584,"{'categorical_features': 'warn', 'early_stopping': 'auto', 'interaction_cst': None, 'l2_regularization': 0.0, 'learning_rate': 0.05, 'loss': 'quantile', 'max_bins': 255, 'max_depth': None, 'max_features': 1.0, 'max_iter': 300, 'max_leaf_nodes': 31, 'min_samples_leaf': 50, 'monotonic_cst': None, 'n_iter_no_change': 10, 'quantile': 0.025, 'random_state': 43, 'scoring': 'loss', 'tol': 1e-07, 'validation_fraction': 0.1, 'verbose': 0, 'warm_start': False}",d21420037c47a56964ad3ee14da0584fb1998ced6b9884e2079e7f3ca6e757b2,started,,,
53f1a54b71214a44a3ca497c2ae52cd8,owner_fit_h6_cqr_l95,False,quantile_estimator_fit,sklearn.ensemble._hist_gradient_boosting.gradient_boosting,fit,HistGradientBoostingRegressor,9028,2026-09-14T10:10:14.899218+00:00,51584,"{'categorical_features': 'warn', 'early_stopping': 'auto', 'interaction_cst': None, 'l2_regularization': 0.0, 'learning_rate': 0.05, 'loss': 'quantile', 'max_bins': 255, 'max_depth': None, 'max_features': 1.0, 'max_iter': 300, 'max_leaf_nodes': 31, 'min_samples_leaf': 50, 'monotonic_cst': None, 'n_iter_no_change': 10, 'quantile': 0.025, 'random_state': 43, 'scoring': 'loss', 'tol': 1e-07, 'validation_fraction': 0.1, 'verbose': 0, 'warm_start': False}",d21420037c47a56964ad3ee14da0584fb1998ced6b9884e2079e7f3ca6e757b2,returned,4.420351699998719,4.328125,False
ba039cfed00b4d51b76cbb72d8b30df5,owner_fit_h6_cqr_l95,False,quantile_estimator_fit,sklearn.ensemble._hist_gradient_boosting.gradient_boosting,fit,HistGradientBoostingRegressor,9028,2026-09-14T10:10:19.326746+00:00,51584,"{'categorical_features': 'warn', 'early_stopping': 'auto', 'interaction_cst': None, 'l2_regularization': 0.0, 'learning_rate': 0.05, 'loss': 'quantile', 'max_bins': 255, 'max_depth': None, 'max_features': 1.0, 'max_iter': 300, 'max_leaf_nodes': 31, 'min_samples_leaf': 50, 'monotonic_cst': None, 'n_iter_no_change': 10, 'quantile': 0.975, 'random_state': 43, 'scoring': 'loss', 'tol': 1e-07, 'validation_fraction': 0.1, 'verbose': 0, 'warm_start': False}",d21420037c47a56964ad3ee14da0584fb1998ced6b9884e2079e7f3ca6e757b2,started,,,
ba039cfed00b4d51b76cbb72d8b30df5,owner_fit_h6_cqr_l95,False,quantile_estimator_fit,sklearn.ensemble._hist_gradient_boosting.gradient_boosting,fit,HistGradientBoostingRegressor,9028,2026-09-14T10:10:19.326746+00:00,51584,"{'categorical_features': 'warn', 'early_stopping': 'auto', 'interaction_cst': None, 'l2_regularization': 0.0, 'learning_rate': 0.05, 'loss': 'quantile', 'max_bins': 255, 'max_depth': None, 'max_features': 1.0, 'max_iter': 300, 'max_leaf_nodes': 31, 'min_samples_leaf': 50, 'monotonic_cst': None, 'n_iter_no_change': 10, 'quantile': 0.975, 'random_state': 43, 'scoring': 'loss', 'tol': 1e-07, 'validation_fraction': 0.1, 'verbose': 0, 'warm_start': False}",d21420037c47a56964ad3ee14da0584fb1998ced6b9884e2079e7f3ca6e757b2,returned,4.416471800010186,4.265625,False
528371d8b7ba4092bcad3cd3d98f7c06,owner_fit_h6_cqr_l95,False,quantile_estimator_fit,sklearn.ensemble._hist_gradient_boosting.gradient_boosting,fit,HistGradientBoostingRegressor,9028,2026-09-14T10:10:23.752924+00:00,51584,"{'categorical_features': 'warn', 'early_stopping': 'auto', 'interaction_cst': None, 'l2_regularization': 0.0, 'learning_rate': 0.05, 'loss': 'quantile', 'max_bins': 255, 'max_depth': None, 'max_features': 1.0, 'max_iter': 300, 'max_leaf_nodes': 31, 'min_samples_leaf': 50, 'monotonic_cst': None, 'n_iter_no_change': 10, 'quantile': 0.5, 'random_state': 43, 'scoring': 'loss', 'tol': 1e-07, 'validation_fraction': 0.1, 'verbose': 0, 'warm_start': False}",d21420037c47a56964ad3ee14da0584fb1998ced6b9884e2079e7f3ca6e757b2,started,,,
528371d8b7ba4092bcad3cd3d98f7c06,owner_fit_h6_cqr_l95,False,quantile_estimator_fit,sklearn.ensemble._hist_gradient_boosting.gradient_boosting,fit,HistGradientBoostingRegressor,9028,2026-09-14T10:10:23.752924+00:00,51584,"{'categorical_features': 'warn', 'early_stopping': 'auto', 'interaction_cst': None, 'l2_regularization': 0.0, 'learning_rate': 0.05, 'loss': 'quantile', 'max_bins': 255, 'max_depth': None, 'max_features': 1.0, 'max_iter': 300, 'max_leaf_nodes': 31, 'min_samples_leaf': 50, 'monotonic_cst': None, 'n_iter_no_change': 10, 'quantile': 0.5, 'random_state': 43, 'scoring': 'loss', 'tol': 1e-07, 'validation_fraction': 0.1, 'verbose': 0, 'warm_start': False}",d21420037c47a56964ad3ee14da0584fb1998ced6b9884e2079e7f3ca6e757b2,returned,4.982332100000349,4.828125,False
e15b9dabeacb4423808fbe841f52fdae,owner_fit_h6_cqr_l95,False,cqr_wrapper_fit,mapie.regression.quantile_regression,fit,ConformalizedQuantileRegressor,9028,2026-09-14T10:10:14.899218+00:00,51584,{},d21420037c47a56964ad3ee14da0584fb1998ced6b9884e2079e7f3ca6e757b2,returned,13.838557299997774,13.46875,False
9ac46b68bf624b5c9d94bb6d953b99f1,owner_cal_h6_cqr_l95,False,calibrator_conformalize,mapie.regression.quantile_regression,conformalize,ConformalizedQuantileRegressor,9028,2026-09-14T10:10:28.853869+00:00,17350,{},c541735ac86756cc443c9028a43d8eea68c87123361f8edc415469d30153306a,started,,,
4c0bd939bdfa4eb9a65e66fc4ea840ea,owner_cal_h6_cqr_l95,False,calibrator_conformalize,mapie.regression.quantile_regression,conformalize,_MapieQuantileRegressor,9028,2026-09-14T10:10:28.853869+00:00,17350,"{'alpha': 0.05, 'cv': 'split', 'estimator': ""HistGradientBoostingRegressor(learning_rate=0.05, loss='quantile', max_iter=300,\n                              min_samples_leaf=50, random_state=43)"", 'method': 'quantile'}",c541735ac86756cc443c9028a43d8eea68c87123361f8edc415469d30153306a,started,,,
4c0bd939bdfa4eb9a65e66fc4ea840ea,owner_cal_h6_cqr_l95,False,calibrator_conformalize,mapie.regression.quantile_regression,conformalize,_MapieQuantileRegressor,9028,2026-09-14T10:10:28.853869+00:00,17350,"{'alpha': 0.05, 'cv': 'split', 'estimator': ""HistGradientBoostingRegressor(learning_rate=0.05, loss='quantile', max_iter=300,\n                              min_samples_leaf=50, random_state=43)"", 'method': 'quantile'}",c541735ac86756cc443c9028a43d8eea68c87123361f8edc415469d30153306a,returned,1.644834799997625,1.625,False
9ac46b68bf624b5c9d94bb6d953b99f1,owner_cal_h6_cqr_l95,False,calibrator_conformalize,mapie.regression.quantile_regression,conformalize,ConformalizedQuantileRegressor,9028,2026-09-14T10:10:28.853869+00:00,17350,{},c541735ac86756cc443c9028a43d8eea68c87123361f8edc415469d30153306a,returned,1.6497633999970276,1.640625,False
7650de3c93624cae9f42d3121151e8bb,owner_fit_h6_enbpi,False,enbpi_wrapper_fit,mapie.regression.regression,fit,TimeSeriesRegressor,9028,2026-09-14T10:11:05.990530+00:00,51584,"{'agg_function': 'mean', 'conformity_score': None, 'cv': 'BlockBootstrap(length=24, n_blocks=None, n_resamplings=5, overlapping=True,\n        random_state=43)', 'estimator': 'XGBRegressor(base_score=None, booster=None, callbacks=None,\n             colsample_bylevel=None, colsample_bynode=None,\n             colsample_bytree=0.8, device=None, early_stopping_rounds=None,\n             enable_categorical=False, eval_metric=None, feature_types=None,\n             feature_weights=None, gamma=None, grow_policy=None,\n             importance_type=None, interaction_constraints=None,\n             learning_rate=0.05, max_bin=None, max_cat_threshold=None,\n             max_cat_to_onehot=None, max_delta_step=None, max_depth=5,\n             max_leaves=None, min_child_weight=None, missing=nan,\n             monotone_constraints=None, multi_strategy=None, n_estimators=60,\n             n_jobs=1, num_parallel_tree=None, ...)', 'method': 'enbpi', 'n_jobs': 1, 'random_state': 43, 'verbose': 0}",d21420037c47a56964ad3ee14da0584fb1998ced6b9884e2079e7f3ca6e757b2,started,,,
6d200d043ec547b78e50758c95f1194c,owner_fit_h6_enbpi,False,xgboost_estimator_fit,xgboost.sklearn,fit,XGBRegressor,9028,2026-09-14T10:11:05.998496+00:00,51584,"{'objective': 'reg:squarederror', 'base_score': None, 'booster': None, 'callbacks': None, 'colsample_bylevel': None, 'colsample_bynode': None, 'colsample_bytree': 0.8, 'device': None, 'early_stopping_rounds': None, 'enable_categorical': False, 'eval_metric': None, 'feature_types': None, 'feature_weights': None, 'gamma': None, 'grow_policy': None, 'importance_type': None, 'interaction_constraints': None, 'learning_rate': 0.05, 'max_bin': None, 'max_cat_threshold': None, 'max_cat_to_onehot': None, 'max_delta_step': None, 'max_depth': 5, 'max_leaves': None, 'min_child_weight': None, 'missing': nan, 'monotone_constraints': None, 'multi_strategy': None, 'n_estimators': 60, 'n_jobs': 1, 'num_parallel_tree': None, 'random_state': 43, 'reg_alpha': None, 'reg_lambda': None, 'sampling_method': None, 'scale_pos_weight': None, 'subsample': 0.8, 'tree_method': 'hist', 'validate_parameters': None, 'verbosity': None}",d21420037c47a56964ad3ee14da0584fb1998ced6b9884e2079e7f3ca6e757b2,started,,,
6d200d043ec547b78e50758c95f1194c,owner_fit_h6_enbpi,False,xgboost_estimator_fit,xgboost.sklearn,fit,XGBRegressor,9028,2026-09-14T10:11:05.998496+00:00,51584,"{'objective': 'reg:squarederror', 'base_score': None, 'booster': None, 'callbacks': None, 'colsample_bylevel': None, 'colsample_bynode': None, 'colsample_bytree': 0.8, 'device': None, 'early_stopping_rounds': None, 'enable_categorical': False, 'eval_metric': None, 'feature_types': None, 'feature_weights': None, 'gamma': None, 'grow_policy': None, 'importance_type': None, 'interaction_constraints': None, 'learning_rate': 0.05, 'max_bin': None, 'max_cat_threshold': None, 'max_cat_to_onehot': None, 'max_delta_step': None, 'max_depth': 5, 'max_leaves': None, 'min_child_weight': None, 'missing': nan, 'monotone_constraints': None, 'multi_strategy': None, 'n_estimators': 60, 'n_jobs': 1, 'num_parallel_tree': None, 'random_state': 43, 'reg_alpha': None, 'reg_lambda': None, 'sampling_method': None, 'scale_pos_weight': None, 'subsample': 0.8, 'tree_method': 'hist', 'validate_parameters': None, 'verbosity': None}",d21420037c47a56964ad3ee14da0584fb1998ced6b9884e2079e7f3ca6e757b2,returned,0.5597774000052596,0.546875,False
2cd547098b4d43fbb2722fc50ce57fad,owner_fit_h6_enbpi,False,calibrator_conformalize,mapie.regression.regression,conformalize,TimeSeriesRegressor,9028,2026-09-14T10:11:06.562555+00:00,51584,"{'agg_function': 'mean', 'conformity_score': None, 'cv': 'BlockBootstrap(length=24, n_blocks=None, n_resamplings=5, overlapping=True,\n        random_state=43)', 'estimator': 'XGBRegressor(base_score=None, booster=None, callbacks=None,\n             colsample_bylevel=None, colsample_bynode=None,\n             colsample_bytree=0.8, device=None, early_stopping_rounds=None,\n             enable_categorical=False, eval_metric=None, feature_types=None,\n             feature_weights=None, gamma=None, grow_policy=None,\n             importance_type=None, interaction_constraints=None,\n             learning_rate=0.05, max_bin=None, max_cat_threshold=None,\n             max_cat_to_onehot=None, max_delta_step=None, max_depth=5,\n             max_leaves=None, min_child_weight=None, missing=nan,\n             monotone_constraints=None, multi_strategy=None, n_estimators=60,\n             n_jobs=1, num_parallel_tree=None, ...)', 'method': 'enbpi', 'n_jobs': 1, 'random_state': 43, 'verbose': 0}",d21420037c47a56964ad3ee14da0584fb1998ced6b9884e2079e7f3ca6e757b2,started,,,
f3e0ae5828f34d069a2191b287a86e8e,owner_fit_h6_enbpi,False,xgboost_estimator_fit,xgboost.sklearn,fit,XGBRegressor,9028,2026-09-14T10:11:06.580568+00:00,51600,"{'objective': 'reg:squarederror', 'base_score': None, 'booster': None, 'callbacks': None, 'colsample_bylevel': None, 'colsample_bynode': None, 'colsample_bytree': 0.8, 'device': None, 'early_stopping_rounds': None, 'enable_categorical': False, 'eval_metric': None, 'feature_types': None, 'feature_weights': None, 'gamma': None, 'grow_policy': None, 'importance_type': None, 'interaction_constraints': None, 'learning_rate': 0.05, 'max_bin': None, 'max_cat_threshold': None, 'max_cat_to_onehot': None, 'max_delta_step': None, 'max_depth': 5, 'max_leaves': None, 'min_child_weight': None, 'missing': nan, 'monotone_constraints': None, 'multi_strategy': None, 'n_estimators': 60, 'n_jobs': 1, 'num_parallel_tree': None, 'random_state': 43, 'reg_alpha': None, 'reg_lambda': None, 'sampling_method': None, 'scale_pos_weight': None, 'subsample': 0.8, 'tree_method': 'hist', 'validate_parameters': None, 'verbosity': None}",9e7abca7ab8f6a971a6385374e3179f9d0f4d9dc034c636d5367ce1c90ea4ab0,started,,,
f3e0ae5828f34d069a2191b287a86e8e,owner_fit_h6_enbpi,False,xgboost_estimator_fit,xgboost.sklearn,fit,XGBRegressor,9028,2026-09-14T10:11:06.580568+00:00,51600,"{'objective': 'reg:squarederror', 'base_score': None, 'booster': None, 'callbacks': None, 'colsample_bylevel': None, 'colsample_bynode': None, 'colsample_bytree': 0.8, 'device': None, 'early_stopping_rounds': None, 'enable_categorical': False, 'eval_metric': None, 'feature_types': None, 'feature_weights': None, 'gamma': None, 'grow_policy': None, 'importance_type': None, 'interaction_constraints': None, 'learning_rate': 0.05, 'max_bin': None, 'max_cat_threshold': None, 'max_cat_to_onehot': None, 'max_delta_step': None, 'max_depth': 5, 'max_leaves': None, 'min_child_weight': None, 'missing': nan, 'monotone_constraints': None, 'multi_strategy': None, 'n_estimators': 60, 'n_jobs': 1, 'num_parallel_tree': None, 'random_state': 43, 'reg_alpha': None, 'reg_lambda': None, 'sampling_method': None, 'scale_pos_weight': None, 'subsample': 0.8, 'tree_method': 'hist', 'validate_parameters': None, 'verbosity': None}",9e7abca7ab8f6a971a6385374e3179f9d0f4d9dc034c636d5367ce1c90ea4ab0,returned,0.5857009999890579,0.578125,False
bbf4c29e490d49e4904e929bec3e2380,owner_fit_h6_enbpi,False,xgboost_estimator_fit,xgboost.sklearn,fit,XGBRegressor,9028,2026-09-14T10:11:07.190918+00:00,51600,"{'objective': 'reg:squarederror', 'base_score': None, 'booster': None, 'callbacks': None, 'colsample_bylevel': None, 'colsample_bynode': None, 'colsample_bytree': 0.8, 'device': None, 'early_stopping_rounds': None, 'enable_categorical': False, 'eval_metric': None, 'feature_types': None, 'feature_weights': None, 'gamma': None, 'grow_policy': None, 'importance_type': None, 'interaction_constraints': None, 'learning_rate': 0.05, 'max_bin': None, 'max_cat_threshold': None, 'max_cat_to_onehot': None, 'max_delta_step': None, 'max_depth': 5, 'max_leaves': None, 'min_child_weight': None, 'missing': nan, 'monotone_constraints': None, 'multi_strategy': None, 'n_estimators': 60, 'n_jobs': 1, 'num_parallel_tree': None, 'random_state': 43, 'reg_alpha': None, 'reg_lambda': None, 'sampling_method': None, 'scale_pos_weight': None, 'subsample': 0.8, 'tree_method': 'hist', 'validate_parameters': None, 'verbosity': None}",808303b8c1dd480e5dee5064e915fdceb4ae8347bc4d334112526025f741718c,started,,,
bbf4c29e490d49e4904e929bec3e2380,owner_fit_h6_enbpi,False,xgboost_estimator_fit,xgboost.sklearn,fit,XGBRegressor,9028,2026-09-14T10:11:07.190918+00:00,51600,"{'objective': 'reg:squarederror', 'base_score': None, 'booster': None, 'callbacks': None, 'colsample_bylevel': None, 'colsample_bynode': None, 'colsample_bytree': 0.8, 'device': None, 'early_stopping_rounds': None, 'enable_categorical': False, 'eval_metric': None, 'feature_types': None, 'feature_weights': None, 'gamma': None, 'grow_policy': None, 'importance_type': None, 'interaction_constraints': None, 'learning_rate': 0.05, 'max_bin': None, 'max_cat_threshold': None, 'max_cat_to_onehot': None, 'max_delta_step': None, 'max_depth': 5, 'max_leaves': None, 'min_child_weight': None, 'missing': nan, 'monotone_constraints': None, 'multi_strategy': None, 'n_estimators': 60, 'n_jobs': 1, 'num_parallel_tree': None, 'random_state': 43, 'reg_alpha': None, 'reg_lambda': None, 'sampling_method': None, 'scale_pos_weight': None, 'subsample': 0.8, 'tree_method': 'hist', 'validate_parameters': None, 'verbosity': None}",808303b8c1dd480e5dee5064e915fdceb4ae8347bc4d334112526025f741718c,returned,0.5708506000082707,0.515625,False
f3e7e502e2084fcda8d4ad14a344fa65,owner_fit_h6_enbpi,False,xgboost_estimator_fit,xgboost.sklearn,fit,XGBRegressor,9028,2026-09-14T10:11:07.783570+00:00,51600,"{'objective': 'reg:squarederror', 'base_score': None, 'booster': None, 'callbacks': None, 'colsample_bylevel': None, 'colsample_bynode': None, 'colsample_bytree': 0.8, 'device': None, 'early_stopping_rounds': None, 'enable_categorical': False, 'eval_metric': None, 'feature_types': None, 'feature_weights': None, 'gamma': None, 'grow_policy': None, 'importance_type': None, 'interaction_constraints': None, 'learning_rate': 0.05, 'max_bin': None, 'max_cat_threshold': None, 'max_cat_to_onehot': None, 'max_delta_step': None, 'max_depth': 5, 'max_leaves': None, 'min_child_weight': None, 'missing': nan, 'monotone_constraints': None, 'multi_strategy': None, 'n_estimators': 60, 'n_jobs': 1, 'num_parallel_tree': None, 'random_state': 43, 'reg_alpha': None, 'reg_lambda': None, 'sampling_method': None, 'scale_pos_weight': None, 'subsample': 0.8, 'tree_method': 'hist', 'validate_parameters': None, 'verbosity': None}",10a753724aebacdee2321720ac68bd8589769a49c49a208e566f55e90ef5a732,started,,,
f3e7e502e2084fcda8d4ad14a344fa65,owner_fit_h6_enbpi,False,xgboost_estimator_fit,xgboost.sklearn,fit,XGBRegressor,9028,2026-09-14T10:11:07.783570+00:00,51600,"{'objective': 'reg:squarederror', 'base_score': None, 'booster': None, 'callbacks': None, 'colsample_bylevel': None, 'colsample_bynode': None, 'colsample_bytree': 0.8, 'device': None, 'early_stopping_rounds': None, 'enable_categorical': False, 'eval_metric': None, 'feature_types': None, 'feature_weights': None, 'gamma': None, 'grow_policy': None, 'importance_type': None, 'interaction_constraints': None, 'learning_rate': 0.05, 'max_bin': None, 'max_cat_threshold': None, 'max_cat_to_onehot': None, 'max_delta_step': None, 'max_depth': 5, 'max_leaves': None, 'min_child_weight': None, 'missing': nan, 'monotone_constraints': None, 'multi_strategy': None, 'n_estimators': 60, 'n_jobs': 1, 'num_parallel_tree': None, 'random_state': 43, 'reg_alpha': None, 'reg_lambda': None, 'sampling_method': None, 'scale_pos_weight': None, 'subsample': 0.8, 'tree_method': 'hist', 'validate_parameters': None, 'verbosity': None}",10a753724aebacdee2321720ac68bd8589769a49c49a208e566f55e90ef5a732,returned,0.5964324999949895,0.59375,False
a5dc58d598c54c688dde71e884e89aa3,owner_fit_h6_enbpi,False,xgboost_estimator_fit,xgboost.sklearn,fit,XGBRegressor,9028,2026-09-14T10:11:08.403816+00:00,51600,"{'objective': 'reg:squarederror', 'base_score': None, 'booster': None, 'callbacks': None, 'colsample_bylevel': None, 'colsample_bynode': None, 'colsample_bytree': 0.8, 'device': None, 'early_stopping_rounds': None, 'enable_categorical': False, 'eval_metric': None, 'feature_types': None, 'feature_weights': None, 'gamma': None, 'grow_policy': None, 'importance_type': None, 'interaction_constraints': None, 'learning_rate': 0.05, 'max_bin': None, 'max_cat_threshold': None, 'max_cat_to_onehot': None, 'max_delta_step': None, 'max_depth': 5, 'max_leaves': None, 'min_child_weight': None, 'missing': nan, 'monotone_constraints': None, 'multi_strategy': None, 'n_estimators': 60, 'n_jobs': 1, 'num_parallel_tree': None, 'random_state': 43, 'reg_alpha': None, 'reg_lambda': None, 'sampling_method': None, 'scale_pos_weight': None, 'subsample': 0.8, 'tree_method': 'hist', 'validate_parameters': None, 'verbosity': None}",67d5ded10eac4db500144c6d3c274a94ed6e884b0f5b3282c021c60ff5501d1e,started,,,
a5dc58d598c54c688dde71e884e89aa3,owner_fit_h6_enbpi,False,xgboost_estimator_fit,xgboost.sklearn,fit,XGBRegressor,9028,2026-09-14T10:11:08.403816+00:00,51600,"{'objective': 'reg:squarederror', 'base_score': None, 'booster': None, 'callbacks': None, 'colsample_bylevel': None, 'colsample_bynode': None, 'colsample_bytree': 0.8, 'device': None, 'early_stopping_rounds': None, 'enable_categorical': False, 'eval_metric': None, 'feature_types': None, 'feature_weights': None, 'gamma': None, 'grow_policy': None, 'importance_type': None, 'interaction_constraints': None, 'learning_rate': 0.05, 'max_bin': None, 'max_cat_threshold': None, 'max_cat_to_onehot': None, 'max_delta_step': None, 'max_depth': 5, 'max_leaves': None, 'min_child_weight': None, 'missing': nan, 'monotone_constraints': None, 'multi_strategy': None, 'n_estimators': 60, 'n_jobs': 1, 'num_parallel_tree': None, 'random_state': 43, 'reg_alpha': None, 'reg_lambda': None, 'sampling_method': None, 'scale_pos_weight': None, 'subsample': 0.8, 'tree_method': 'hist', 'validate_parameters': None, 'verbosity': None}",67d5ded10eac4db500144c6d3c274a94ed6e884b0f5b3282c021c60ff5501d1e,returned,0.5815449999936391,0.578125,False
5461e01f27a74fb28002d86da9b51a69,owner_fit_h6_enbpi,False,xgboost_estimator_fit,xgboost.sklearn,fit,XGBRegressor,9028,2026-09-14T10:11:09.004505+00:00,51600,"{'objective': 'reg:squarederror', 'base_score': None, 'booster': None, 'callbacks': None, 'colsample_bylevel': None, 'colsample_bynode': None, 'colsample_bytree': 0.8, 'device': None, 'early_stopping_rounds': None, 'enable_categorical': False, 'eval_metric': None, 'feature_types': None, 'feature_weights': None, 'gamma': None, 'grow_policy': None, 'importance_type': None, 'interaction_constraints': None, 'learning_rate': 0.05, 'max_bin': None, 'max_cat_threshold': None, 'max_cat_to_onehot': None, 'max_delta_step': None, 'max_depth': 5, 'max_leaves': None, 'min_child_weight': None, 'missing': nan, 'monotone_constraints': None, 'multi_strategy': None, 'n_estimators': 60, 'n_jobs': 1, 'num_parallel_tree': None, 'random_state': 43, 'reg_alpha': None, 'reg_lambda': None, 'sampling_method': None, 'scale_pos_weight': None, 'subsample': 0.8, 'tree_method': 'hist', 'validate_parameters': None, 'verbosity': None}",6acd4af237d74c571cc64c1b3ff9cebea9ed765d0286de6e43f00a7569b42697,started,,,
5461e01f27a74fb28002d86da9b51a69,owner_fit_h6_enbpi,False,xgboost_estimator_fit,xgboost.sklearn,fit,XGBRegressor,9028,2026-09-14T10:11:09.004505+00:00,51600,"{'objective': 'reg:squarederror', 'base_score': None, 'booster': None, 'callbacks': None, 'colsample_bylevel': None, 'colsample_bynode': None, 'colsample_bytree': 0.8, 'device': None, 'early_stopping_rounds': None, 'enable_categorical': False, 'eval_metric': None, 'feature_types': None, 'feature_weights': None, 'gamma': None, 'grow_policy': None, 'importance_type': None, 'interaction_constraints': None, 'learning_rate': 0.05, 'max_bin': None, 'max_cat_threshold': None, 'max_cat_to_onehot': None, 'max_delta_step': None, 'max_depth': 5, 'max_leaves': None, 'min_child_weight': None, 'missing': nan, 'monotone_constraints': None, 'multi_strategy': None, 'n_estimators': 60, 'n_jobs': 1, 'num_parallel_tree': None, 'random_state': 43, 'reg_alpha': None, 'reg_lambda': None, 'sampling_method': None, 'scale_pos_weight': None, 'subsample': 0.8, 'tree_method': 'hist', 'validate_parameters': None, 'verbosity': None}",6acd4af237d74c571cc64c1b3ff9cebea9ed765d0286de6e43f00a7569b42697,returned,0.5892516000021715,0.578125,False
2cd547098b4d43fbb2722fc50ce57fad,owner_fit_h6_enbpi,False,calibrator_conformalize,mapie.regression.regression,conformalize,TimeSeriesRegressor,9028,2026-09-14T10:11:06.562555+00:00,51584,"{'agg_function': 'mean', 'conformity_score': None, 'cv': 'BlockBootstrap(length=24, n_blocks=None, n_resamplings=5, overlapping=True,\n        random_state=43)', 'estimator': 'XGBRegressor(base_score=None, booster=None, callbacks=None,\n             colsample_bylevel=None, colsample_bynode=None,\n             colsample_bytree=0.8, device=None, early_stopping_rounds=None,\n             enable_categorical=False, eval_metric=None, feature_types=None,\n             feature_weights=None, gamma=None, grow_policy=None,\n             importance_type=None, interaction_constraints=None,\n             learning_rate=0.05, max_bin=None, max_cat_threshold=None,\n             max_cat_to_onehot=None, max_delta_step=None, max_depth=5,\n             max_leaves=None, min_child_weight=None, missing=nan,\n             monotone_constraints=None, multi_strategy=None, n_estimators=60,\n             n_jobs=1, num_parallel_tree=None, ...)', 'method': 'enbpi', 'n_jobs': 1, 'random_state': 43, 'verbose': 0}",d21420037c47a56964ad3ee14da0584fb1998ced6b9884e2079e7f3ca6e757b2,returned,3.1848724000010407,3.09375,False
7650de3c93624cae9f42d3121151e8bb,owner_fit_h6_enbpi,False,enbpi_wrapper_fit,mapie.regression.regression,fit,TimeSeriesRegressor,9028,2026-09-14T10:11:05.990530+00:00,51584,"{'agg_function': 'mean', 'conformity_score': None, 'cv': 'BlockBootstrap(length=24, n_blocks=None, n_resamplings=5, overlapping=True,\n        random_state=43)', 'estimator': 'XGBRegressor(base_score=None, booster=None, callbacks=None,\n             colsample_bylevel=None, colsample_bynode=None,\n             colsample_bytree=0.8, device=None, early_stopping_rounds=None,\n             enable_categorical=False, eval_metric=None, feature_types=None,\n             feature_weights=None, gamma=None, grow_policy=None,\n             importance_type=None, interaction_constraints=None,\n             learning_rate=0.05, max_bin=None, max_cat_threshold=None,\n             max_cat_to_onehot=None, max_delta_step=None, max_depth=5,\n             max_leaves=None, min_child_weight=None, missing=nan,\n             monotone_constraints=None, multi_strategy=None, n_estimators=60,\n             n_jobs=1, num_parallel_tree=None, ...)', 'method': 'enbpi', 'n_jobs': 1, 'random_state': 43, 'verbose': 0}",d21420037c47a56964ad3ee14da0584fb1998ced6b9884e2079e7f3ca6e757b2,returned,3.760288199991919,3.640625,False
db42ae6df6254b459d24a9343beddc23,owner_cal_h6_enbpi,False,calibrator_conformalize,mapie.regression.regression,conformalize,TimeSeriesRegressor,9028,2026-09-14T10:11:09.834939+00:00,17350,"{'agg_function': 'mean', 'conformity_score': None, 'cv': 'BlockBootstrap(length=24, n_blocks=None, n_resamplings=5, overlapping=True,\n        random_state=43)', 'estimator': 'XGBRegressor(base_score=None, booster=None, callbacks=None,\n             colsample_bylevel=None, colsample_bynode=None,\n             colsample_bytree=0.8, device=None, early_stopping_rounds=None,\n             enable_categorical=False, eval_metric=None, feature_types=None,\n             feature_weights=None, gamma=None, grow_policy=None,\n             importance_type=None, interaction_constraints=None,\n             learning_rate=0.05, max_bin=None, max_cat_threshold=None,\n             max_cat_to_onehot=None, max_delta_step=None, max_depth=5,\n             max_leaves=None, min_child_weight=None, missing=nan,\n             monotone_constraints=None, multi_strategy=None, n_estimators=60,\n             n_jobs=1, num_parallel_tree=None, ...)', 'method': 'enbpi', 'n_jobs': 1, 'random_state': 43, 'verbose': 0}",c541735ac86756cc443c9028a43d8eea68c87123361f8edc415469d30153306a,started,,,
57b753a06cc44da3b1aa02fc686112ca,owner_cal_h6_enbpi,False,xgboost_estimator_fit,xgboost.sklearn,fit,XGBRegressor,9028,2026-09-14T10:11:09.853240+00:00,17352,"{'objective': 'reg:squarederror', 'base_score': None, 'booster': None, 'callbacks': None, 'colsample_bylevel': None, 'colsample_bynode': None, 'colsample_bytree': 0.8, 'device': None, 'early_stopping_rounds': None, 'enable_categorical': False, 'eval_metric': None, 'feature_types': None, 'feature_weights': None, 'gamma': None, 'grow_policy': None, 'importance_type': None, 'interaction_constraints': None, 'learning_rate': 0.05, 'max_bin': None, 'max_cat_threshold': None, 'max_cat_to_onehot': None, 'max_delta_step': None, 'max_depth': 5, 'max_leaves': None, 'min_child_weight': None, 'missing': nan, 'monotone_constraints': None, 'multi_strategy': None, 'n_estimators': 60, 'n_jobs': 1, 'num_parallel_tree': None, 'random_state': 43, 'reg_alpha': None, 'reg_lambda': None, 'sampling_method': None, 'scale_pos_weight': None, 'subsample': 0.8, 'tree_method': 'hist', 'validate_parameters': None, 'verbosity': None}",7de4a28fcaa632f6e59dc0f5ed0aa95db1c64ff4159c3c3dff45383403341698,started,,,
57b753a06cc44da3b1aa02fc686112ca,owner_cal_h6_enbpi,False,xgboost_estimator_fit,xgboost.sklearn,fit,XGBRegressor,9028,2026-09-14T10:11:09.853240+00:00,17352,"{'objective': 'reg:squarederror', 'base_score': None, 'booster': None, 'callbacks': None, 'colsample_bylevel': None, 'colsample_bynode': None, 'colsample_bytree': 0.8, 'device': None, 'early_stopping_rounds': None, 'enable_categorical': False, 'eval_metric': None, 'feature_types': None, 'feature_weights': None, 'gamma': None, 'grow_policy': None, 'importance_type': None, 'interaction_constraints': None, 'learning_rate': 0.05, 'max_bin': None, 'max_cat_threshold': None, 'max_cat_to_onehot': None, 'max_delta_step': None, 'max_depth': 5, 'max_leaves': None, 'min_child_weight': None, 'missing': nan, 'monotone_constraints': None, 'multi_strategy': None, 'n_estimators': 60, 'n_jobs': 1, 'num_parallel_tree': None, 'random_state': 43, 'reg_alpha': None, 'reg_lambda': None, 'sampling_method': None, 'scale_pos_weight': None, 'subsample': 0.8, 'tree_method': 'hist', 'validate_parameters': None, 'verbosity': None}",7de4a28fcaa632f6e59dc0f5ed0aa95db1c64ff4159c3c3dff45383403341698,returned,0.26101570000173524,0.25,False
642850e0055e47e8a0be4faf51288376,owner_cal_h6_enbpi,False,xgboost_estimator_fit,xgboost.sklearn,fit,XGBRegressor,9028,2026-09-14T10:11:10.123980+00:00,17352,"{'objective': 'reg:squarederror', 'base_score': None, 'booster': None, 'callbacks': None, 'colsample_bylevel': None, 'colsample_bynode': None, 'colsample_bytree': 0.8, 'device': None, 'early_stopping_rounds': None, 'enable_categorical': False, 'eval_metric': None, 'feature_types': None, 'feature_weights': None, 'gamma': None, 'grow_policy': None, 'importance_type': None, 'interaction_constraints': None, 'learning_rate': 0.05, 'max_bin': None, 'max_cat_threshold': None, 'max_cat_to_onehot': None, 'max_delta_step': None, 'max_depth': 5, 'max_leaves': None, 'min_child_weight': None, 'missing': nan, 'monotone_constraints': None, 'multi_strategy': None, 'n_estimators': 60, 'n_jobs': 1, 'num_parallel_tree': None, 'random_state': 43, 'reg_alpha': None, 'reg_lambda': None, 'sampling_method': None, 'scale_pos_weight': None, 'subsample': 0.8, 'tree_method': 'hist', 'validate_parameters': None, 'verbosity': None}",6f0df7c632d49333aaab7d76e8595b78e8f9d850a694b1261ab117fa5eec4995,started,,,
642850e0055e47e8a0be4faf51288376,owner_cal_h6_enbpi,False,xgboost_estimator_fit,xgboost.sklearn,fit,XGBRegressor,9028,2026-09-14T10:11:10.123980+00:00,17352,"{'objective': 'reg:squarederror', 'base_score': None, 'booster': None, 'callbacks': None, 'colsample_bylevel': None, 'colsample_bynode': None, 'colsample_bytree': 0.8, 'device': None, 'early_stopping_rounds': None, 'enable_categorical': False, 'eval_metric': None, 'feature_types': None, 'feature_weights': None, 'gamma': None, 'grow_policy': None, 'importance_type': None, 'interaction_constraints': None, 'learning_rate': 0.05, 'max_bin': None, 'max_cat_threshold': None, 'max_cat_to_onehot': None, 'max_delta_step': None, 'max_depth': 5, 'max_leaves': None, 'min_child_weight': None, 'missing': nan, 'monotone_constraints': None, 'multi_strategy': None, 'n_estimators': 60, 'n_jobs': 1, 'num_parallel_tree': None, 'random_state': 43, 'reg_alpha': None, 'reg_lambda': None, 'sampling_method': None, 'scale_pos_weight': None, 'subsample': 0.8, 'tree_method': 'hist', 'validate_parameters': None, 'verbosity': None}",6f0df7c632d49333aaab7d76e8595b78e8f9d850a694b1261ab117fa5eec4995,returned,0.23870970000280067,0.25,False
9d308b2c305c4caa8bf677a64d829b83,owner_cal_h6_enbpi,False,xgboost_estimator_fit,xgboost.sklearn,fit,XGBRegressor,9028,2026-09-14T10:11:10.373388+00:00,17352,"{'objective': 'reg:squarederror', 'base_score': None, 'booster': None, 'callbacks': None, 'colsample_bylevel': None, 'colsample_bynode': None, 'colsample_bytree': 0.8, 'device': None, 'early_stopping_rounds': None, 'enable_categorical': False, 'eval_metric': None, 'feature_types': None, 'feature_weights': None, 'gamma': None, 'grow_policy': None, 'importance_type': None, 'interaction_constraints': None, 'learning_rate': 0.05, 'max_bin': None, 'max_cat_threshold': None, 'max_cat_to_onehot': None, 'max_delta_step': None, 'max_depth': 5, 'max_leaves': None, 'min_child_weight': None, 'missing': nan, 'monotone_constraints': None, 'multi_strategy': None, 'n_estimators': 60, 'n_jobs': 1, 'num_parallel_tree': None, 'random_state': 43, 'reg_alpha': None, 'reg_lambda': None, 'sampling_method': None, 'scale_pos_weight': None, 'subsample': 0.8, 'tree_method': 'hist', 'validate_parameters': None, 'verbosity': None}",2008ca5b8972dd8525d778f391b235f12e3e24f98e3ef9e1718b0c9d6332aa2e,started,,,
9d308b2c305c4caa8bf677a64d829b83,owner_cal_h6_enbpi,False,xgboost_estimator_fit,xgboost.sklearn,fit,XGBRegressor,9028,2026-09-14T10:11:10.373388+00:00,17352,"{'objective': 'reg:squarederror', 'base_score': None, 'booster': None, 'callbacks': None, 'colsample_bylevel': None, 'colsample_bynode': None, 'colsample_bytree': 0.8, 'device': None, 'early_stopping_rounds': None, 'enable_categorical': False, 'eval_metric': None, 'feature_types': None, 'feature_weights': None, 'gamma': None, 'grow_policy': None, 'importance_type': None, 'interaction_constraints': None, 'learning_rate': 0.05, 'max_bin': None, 'max_cat_threshold': None, 'max_cat_to_onehot': None, 'max_delta_step': None, 'max_depth': 5, 'max_leaves': None, 'min_child_weight': None, 'missing': nan, 'monotone_constraints': None, 'multi_strategy': None, 'n_estimators': 60, 'n_jobs': 1, 'num_parallel_tree': None, 'random_state': 43, 'reg_alpha': None, 'reg_lambda': None, 'sampling_method': None, 'scale_pos_weight': None, 'subsample': 0.8, 'tree_method': 'hist', 'validate_parameters': None, 'verbosity': None}",2008ca5b8972dd8525d778f391b235f12e3e24f98e3ef9e1718b0c9d6332aa2e,returned,0.24666839999554213,0.25,False
ac703acdfaa34b67b3628c8f058b6646,owner_cal_h6_enbpi,False,xgboost_estimator_fit,xgboost.sklearn,fit,XGBRegressor,9028,2026-09-14T10:11:10.628646+00:00,17352,"{'objective': 'reg:squarederror', 'base_score': None, 'booster': None, 'callbacks': None, 'colsample_bylevel': None, 'colsample_bynode': None, 'colsample_bytree': 0.8, 'device': None, 'early_stopping_rounds': None, 'enable_categorical': False, 'eval_metric': None, 'feature_types': None, 'feature_weights': None, 'gamma': None, 'grow_policy': None, 'importance_type': None, 'interaction_constraints': None, 'learning_rate': 0.05, 'max_bin': None, 'max_cat_threshold': None, 'max_cat_to_onehot': None, 'max_delta_step': None, 'max_depth': 5, 'max_leaves': None, 'min_child_weight': None, 'missing': nan, 'monotone_constraints': None, 'multi_strategy': None, 'n_estimators': 60, 'n_jobs': 1, 'num_parallel_tree': None, 'random_state': 43, 'reg_alpha': None, 'reg_lambda': None, 'sampling_method': None, 'scale_pos_weight': None, 'subsample': 0.8, 'tree_method': 'hist', 'validate_parameters': None, 'verbosity': None}",35a16f75ad4c15984218b31b9f1b3d4b8ebe0c6a29ac3dd6e0bdf97ef8cc8457,started,,,
ac703acdfaa34b67b3628c8f058b6646,owner_cal_h6_enbpi,False,xgboost_estimator_fit,xgboost.sklearn,fit,XGBRegressor,9028,2026-09-14T10:11:10.628646+00:00,17352,"{'objective': 'reg:squarederror', 'base_score': None, 'booster': None, 'callbacks': None, 'colsample_bylevel': None, 'colsample_bynode': None, 'colsample_bytree': 0.8, 'device': None, 'early_stopping_rounds': None, 'enable_categorical': False, 'eval_metric': None, 'feature_types': None, 'feature_weights': None, 'gamma': None, 'grow_policy': None, 'importance_type': None, 'interaction_constraints': None, 'learning_rate': 0.05, 'max_bin': None, 'max_cat_threshold': None, 'max_cat_to_onehot': None, 'max_delta_step': None, 'max_depth': 5, 'max_leaves': None, 'min_child_weight': None, 'missing': nan, 'monotone_constraints': None, 'multi_strategy': None, 'n_estimators': 60, 'n_jobs': 1, 'num_parallel_tree': None, 'random_state': 43, 'reg_alpha': None, 'reg_lambda': None, 'sampling_method': None, 'scale_pos_weight': None, 'subsample': 0.8, 'tree_method': 'hist', 'validate_parameters': None, 'verbosity': None}",35a16f75ad4c15984218b31b9f1b3d4b8ebe0c6a29ac3dd6e0bdf97ef8cc8457,returned,0.24726899999950547,0.234375,False
82559cef43bb4d1d9f93a5293cd1524c,owner_cal_h6_enbpi,False,xgboost_estimator_fit,xgboost.sklearn,fit,XGBRegressor,9028,2026-09-14T10:11:10.887216+00:00,17352,"{'objective': 'reg:squarederror', 'base_score': None, 'booster': None, 'callbacks': None, 'colsample_bylevel': None, 'colsample_bynode': None, 'colsample_bytree': 0.8, 'device': None, 'early_stopping_rounds': None, 'enable_categorical': False, 'eval_metric': None, 'feature_types': None, 'feature_weights': None, 'gamma': None, 'grow_policy': None, 'importance_type': None, 'interaction_constraints': None, 'learning_rate': 0.05, 'max_bin': None, 'max_cat_threshold': None, 'max_cat_to_onehot': None, 'max_delta_step': None, 'max_depth': 5, 'max_leaves': None, 'min_child_weight': None, 'missing': nan, 'monotone_constraints': None, 'multi_strategy': None, 'n_estimators': 60, 'n_jobs': 1, 'num_parallel_tree': None, 'random_state': 43, 'reg_alpha': None, 'reg_lambda': None, 'sampling_method': None, 'scale_pos_weight': None, 'subsample': 0.8, 'tree_method': 'hist', 'validate_parameters': None, 'verbosity': None}",2abfb651d6edc74b86436193306d373ce86a8c2014c3569967db91614bb8a62e,started,,,
82559cef43bb4d1d9f93a5293cd1524c,owner_cal_h6_enbpi,False,xgboost_estimator_fit,xgboost.sklearn,fit,XGBRegressor,9028,2026-09-14T10:11:10.887216+00:00,17352,"{'objective': 'reg:squarederror', 'base_score': None, 'booster': None, 'callbacks': None, 'colsample_bylevel': None, 'colsample_bynode': None, 'colsample_bytree': 0.8, 'device': None, 'early_stopping_rounds': None, 'enable_categorical': False, 'eval_metric': None, 'feature_types': None, 'feature_weights': None, 'gamma': None, 'grow_policy': None, 'importance_type': None, 'interaction_constraints': None, 'learning_rate': 0.05, 'max_bin': None, 'max_cat_threshold': None, 'max_cat_to_onehot': None, 'max_delta_step': None, 'max_depth': 5, 'max_leaves': None, 'min_child_weight': None, 'missing': nan, 'monotone_constraints': None, 'multi_strategy': None, 'n_estimators': 60, 'n_jobs': 1, 'num_parallel_tree': None, 'random_state': 43, 'reg_alpha': None, 'reg_lambda': None, 'sampling_method': None, 'scale_pos_weight': None, 'subsample': 0.8, 'tree_method': 'hist', 'validate_parameters': None, 'verbosity': None}",2abfb651d6edc74b86436193306d373ce86a8c2014c3569967db91614bb8a62e,returned,0.25279240000236314,0.21875,False
db42ae6df6254b459d24a9343beddc23,owner_cal_h6_enbpi,False,calibrator_conformalize,mapie.regression.regression,conformalize,TimeSeriesRegressor,9028,2026-09-14T10:11:09.834939+00:00,17350,"{'agg_function': 'mean', 'conformity_score': None, 'cv': 'BlockBootstrap(length=24, n_blocks=None, n_resamplings=5, overlapping=True,\n        random_state=43)', 'estimator': 'XGBRegressor(base_score=None, booster=None, callbacks=None,\n             colsample_bylevel=None, colsample_bynode=None,\n             colsample_bytree=0.8, device=None, early_stopping_rounds=None,\n             enable_categorical=False, eval_metric=None, feature_types=None,\n             feature_weights=None, gamma=None, grow_policy=None,\n             importance_type=None, interaction_constraints=None,\n             learning_rate=0.05, max_bin=None, max_cat_threshold=None,\n             max_cat_to_onehot=None, max_delta_step=None, max_depth=5,\n             max_leaves=None, min_child_weight=None, missing=nan,\n             monotone_constraints=None, multi_strategy=None, n_estimators=60,\n             n_jobs=1, num_parallel_tree=None, ...)', 'method': 'enbpi', 'n_jobs': 1, 'random_state': 43, 'verbose': 0}",c541735ac86756cc443c9028a43d8eea68c87123361f8edc415469d30153306a,returned,1.3676306999986991,1.296875,False
ed65bd0da34b4454b00b9935625ec7df,dscp_fit,False,dscp_calibrator_fit,src.conformal_dscp,fit_dscp,,9028,2026-09-14T10:12:47.214311+00:00,17270,{},33a4a115e5c57e1764d5035d5b10d9907d163fba6549ef3127a275ce8e961955,started,,,
49930c8bba834a4d998bb07a2cfeabdd,dscp_fit,False,kmeans_candidate_fit,sklearn.cluster._kmeans,fit,KMeans,9028,2026-09-14T10:12:47.220353+00:00,17270,"{'algorithm': 'lloyd', 'copy_x': True, 'init': 'k-means++', 'max_iter': 300, 'n_clusters': 2, 'n_init': 10, 'random_state': 43, 'tol': 0.0001, 'verbose': 0}",,started,,,
49930c8bba834a4d998bb07a2cfeabdd,dscp_fit,False,kmeans_candidate_fit,sklearn.cluster._kmeans,fit,KMeans,9028,2026-09-14T10:12:47.220353+00:00,17270,"{'algorithm': 'lloyd', 'copy_x': True, 'init': 'k-means++', 'max_iter': 300, 'n_clusters': 2, 'n_init': 10, 'random_state': 43, 'tol': 0.0001, 'verbose': 0}",,returned,0.13716569999814965,0.125,False
360098accf2f4e609fa8b0487e58c12f,dscp_fit,False,kmeans_candidate_fit,sklearn.cluster._kmeans,fit,KMeans,9028,2026-09-14T10:12:47.426495+00:00,17270,"{'algorithm': 'lloyd', 'copy_x': True, 'init': 'k-means++', 'max_iter': 300, 'n_clusters': 3, 'n_init': 10, 'random_state': 43, 'tol': 0.0001, 'verbose': 0}",,started,,,
360098accf2f4e609fa8b0487e58c12f,dscp_fit,False,kmeans_candidate_fit,sklearn.cluster._kmeans,fit,KMeans,9028,2026-09-14T10:12:47.426495+00:00,17270,"{'algorithm': 'lloyd', 'copy_x': True, 'init': 'k-means++', 'max_iter': 300, 'n_clusters': 3, 'n_init': 10, 'random_state': 43, 'tol': 0.0001, 'verbose': 0}",,returned,0.039685399999143556,0.03125,False
93fd5891439f42618a932cc51db2c479,dscp_fit,False,kmeans_candidate_fit,sklearn.cluster._kmeans,fit,KMeans,9028,2026-09-14T10:12:47.529357+00:00,17270,"{'algorithm': 'lloyd', 'copy_x': True, 'init': 'k-means++', 'max_iter': 300, 'n_clusters': 4, 'n_init': 10, 'random_state': 43, 'tol': 0.0001, 'verbose': 0}",,started,,,
93fd5891439f42618a932cc51db2c479,dscp_fit,False,kmeans_candidate_fit,sklearn.cluster._kmeans,fit,KMeans,9028,2026-09-14T10:12:47.529357+00:00,17270,"{'algorithm': 'lloyd', 'copy_x': True, 'init': 'k-means++', 'max_iter': 300, 'n_clusters': 4, 'n_init': 10, 'random_state': 43, 'tol': 0.0001, 'verbose': 0}",,returned,0.06067069999699015,0.046875,False
c8d610d914b24adbb18f05d4a76f3b67,dscp_fit,False,kmeans_candidate_fit,sklearn.cluster._kmeans,fit,KMeans,9028,2026-09-14T10:12:47.656663+00:00,17270,"{'algorithm': 'lloyd', 'copy_x': True, 'init': 'k-means++', 'max_iter': 300, 'n_clusters': 5, 'n_init': 10, 'random_state': 43, 'tol': 0.0001, 'verbose': 0}",,started,,,
c8d610d914b24adbb18f05d4a76f3b67,dscp_fit,False,kmeans_candidate_fit,sklearn.cluster._kmeans,fit,KMeans,9028,2026-09-14T10:12:47.656663+00:00,17270,"{'algorithm': 'lloyd', 'copy_x': True, 'init': 'k-means++', 'max_iter': 300, 'n_clusters': 5, 'n_init': 10, 'random_state': 43, 'tol': 0.0001, 'verbose': 0}",,returned,0.11705059999076184,0.109375,False
62bdbfd82495487fa016925b83225b40,dscp_fit,False,kmeans_candidate_fit,sklearn.cluster._kmeans,fit,KMeans,9028,2026-09-14T10:12:47.836449+00:00,17270,"{'algorithm': 'lloyd', 'copy_x': True, 'init': 'k-means++', 'max_iter': 300, 'n_clusters': 6, 'n_init': 10, 'random_state': 43, 'tol': 0.0001, 'verbose': 0}",,started,,,
62bdbfd82495487fa016925b83225b40,dscp_fit,False,kmeans_candidate_fit,sklearn.cluster._kmeans,fit,KMeans,9028,2026-09-14T10:12:47.836449+00:00,17270,"{'algorithm': 'lloyd', 'copy_x': True, 'init': 'k-means++', 'max_iter': 300, 'n_clusters': 6, 'n_init': 10, 'random_state': 43, 'tol': 0.0001, 'verbose': 0}",,returned,0.09896899999876041,0.09375,False
ed65bd0da34b4454b00b9935625ec7df,dscp_fit,False,dscp_calibrator_fit,src.conformal_dscp,fit_dscp,,9028,2026-09-14T10:12:47.214311+00:00,17270,{},33a4a115e5c57e1764d5035d5b10d9907d163fba6549ef3127a275ce8e961955,returned,0.7995276000001468,0.71875,False
