group_id,status,pre_coverage,window_steps,recovery_minutes,recovery_censored,followup_minutes,role,candidate_id,catalogue_seed
Eagle_assembly_Benny,observed,0.9583333333333334,2,120.0,False,540.0,inner0_selection,c0000_f5146f1247fa,42
Eagle_assembly_Ian,observed,0.875,10,600.0,False,2460.0,inner0_selection,c0000_f5146f1247fa,42
Fox_education_Henrietta,observed,1.0,12,720.0,False,3000.0,inner0_selection,c0000_f5146f1247fa,42
Hog_assembly_Colette,right_censored,0.543859649122807,5,,True,1260.0,inner0_selection,c0000_f5146f1247fa,42
Hog_assembly_Dona,observed,0.864406779661017,9,600.0,False,2220.0,inner0_selection,c0000_f5146f1247fa,42
Lamb_assembly_Bertie,observed,0.6153846153846154,7,780.0,False,1860.0,inner0_selection,c0000_f5146f1247fa,42
Lamb_assembly_Cesar,right_censored,0.9035532994923858,4,,True,960.0,inner0_selection,c0000_f5146f1247fa,42
Moose_education_Ricardo,observed,1.0,2,120.0,False,480.0,inner0_selection,c0000_f5146f1247fa,42
Mouse_health_Estela,observed,1.0,1,60.0,False,300.0,inner0_selection,c0000_f5146f1247fa,42
Mouse_health_Justin,observed,0.6666666666666666,24,5160.0,False,8520.0,inner0_selection,c0000_f5146f1247fa,42
Eagle_assembly_Benny,right_censored,0.9108910891089109,5,,True,1200.0,inner0_selection,c0000_f5146f1247fa,43
Eagle_assembly_Ian,observed,0.8348623853211009,22,1320.0,False,5400.0,inner0_selection,c0000_f5146f1247fa,43
Fox_education_Henrietta,observed,1.0,24,1440.0,False,6660.0,inner0_selection,c0000_f5146f1247fa,43
Hog_assembly_Colette,right_censored,0.5517241379310345,22,,True,5400.0,inner0_selection,c0000_f5146f1247fa,43
Hog_assembly_Dona,observed,0.75,24,1560.0,False,7200.0,inner0_selection,c0000_f5146f1247fa,43
Lamb_assembly_Bertie,right_censored,0.37735849056603776,19,,True,4740.0,inner0_selection,c0000_f5146f1247fa,43
Lamb_assembly_Cesar,right_censored,0.875,1,,True,180.0,inner0_selection,c0000_f5146f1247fa,43
Moose_education_Ricardo,observed,1.0,15,900.0,False,3780.0,inner0_selection,c0000_f5146f1247fa,43
Mouse_health_Estela,observed,1.0,5,360.0,False,1320.0,inner0_selection,c0000_f5146f1247fa,43
Mouse_health_Justin,right_censored,0.47058823529411764,24,,True,6780.0,inner0_selection,c0000_f5146f1247fa,43
Eagle_assembly_Benny,right_censored,0.8985507246376812,2,,True,540.0,inner0_selection,c0000_f5146f1247fa,44
Eagle_assembly_Ian,right_censored,0.8088235294117647,2,,True,600.0,inner0_selection,c0000_f5146f1247fa,44
Fox_education_Henrietta,observed,1.0,17,1980.0,False,4140.0,inner0_selection,c0000_f5146f1247fa,44
Hog_assembly_Colette,observed,0.6358695652173914,9,780.0,False,2220.0,inner0_selection,c0000_f5146f1247fa,44
Hog_assembly_Dona,observed,0.8636363636363636,17,1680.0,False,4140.0,inner0_selection,c0000_f5146f1247fa,44
Lamb_assembly_Bertie,right_censored,0.39215686274509803,24,,True,7140.0,inner0_selection,c0000_f5146f1247fa,44
Lamb_assembly_Cesar,observed,1.0,13,780.0,False,3120.0,inner0_selection,c0000_f5146f1247fa,44
Moose_education_Ricardo,observed,1.0,22,1320.0,False,5280.0,inner0_selection,c0000_f5146f1247fa,44
Mouse_health_Estela,right_censored,0.8035714285714286,24,,True,6960.0,inner0_selection,c0000_f5146f1247fa,44
Mouse_health_Justin,right_censored,0.6756756756756757,14,,True,3420.0,inner0_selection,c0000_f5146f1247fa,44
Eagle_assembly_Benny,right_censored,0.8627450980392157,24,,True,5880.0,inner0_selection,c0000_f5146f1247fa,45
Eagle_assembly_Ian,observed,0.8888888888888888,23,1380.0,False,5580.0,inner0_selection,c0000_f5146f1247fa,45
Fox_education_Henrietta,observed,1.0,3,240.0,False,720.0,inner0_selection,c0000_f5146f1247fa,45
Hog_assembly_Colette,observed,0.7272727272727273,16,2760.0,False,3900.0,inner0_selection,c0000_f5146f1247fa,45
Hog_assembly_Dona,observed,0.75,8,780.0,False,1980.0,inner0_selection,c0000_f5146f1247fa,45
Lamb_assembly_Bertie,right_censored,0.4444444444444444,16,,True,4020.0,inner0_selection,c0000_f5146f1247fa,45
Lamb_assembly_Cesar,right_censored,0.94,8,,True,1920.0,inner0_selection,c0000_f5146f1247fa,45
Moose_education_Ricardo,observed,1.0,5,300.0,False,1260.0,inner0_selection,c0000_f5146f1247fa,45
Mouse_health_Estela,observed,1.0,20,1260.0,False,4980.0,inner0_selection,c0000_f5146f1247fa,45
Mouse_health_Justin,observed,0.8571428571428571,7,660.0,False,1800.0,inner0_selection,c0000_f5146f1247fa,45
Eagle_assembly_Benny,right_censored,0.9142857142857143,5,,True,1260.0,inner0_selection,c0000_f5146f1247fa,46
Eagle_assembly_Ian,right_censored,0.8333333333333334,19,,True,4680.0,inner0_selection,c0000_f5146f1247fa,46
Fox_education_Henrietta,observed,1.0,14,1020.0,False,3360.0,inner0_selection,c0000_f5146f1247fa,46
Hog_assembly_Colette,right_censored,0.5535714285714286,24,,True,8580.0,inner0_selection,c0000_f5146f1247fa,46
Hog_assembly_Dona,right_censored,0.8653846153846154,3,,True,840.0,inner0_selection,c0000_f5146f1247fa,46
Lamb_assembly_Bertie,observed,0.2857142857142857,3,360.0,False,720.0,inner0_selection,c0000_f5146f1247fa,46
Lamb_assembly_Cesar,observed,1.0,3,180.0,False,900.0,inner0_selection,c0000_f5146f1247fa,46
Moose_education_Ricardo,observed,1.0,2,180.0,False,540.0,inner0_selection,c0000_f5146f1247fa,46
Mouse_health_Estela,observed,0.8918918918918919,21,4680.0,False,5040.0,inner0_selection,c0000_f5146f1247fa,46
Mouse_health_Justin,observed,0.7887323943661971,6,360.0,False,1440.0,inner0_selection,c0000_f5146f1247fa,46
Eagle_assembly_Benny,observed,0.9583333333333334,2,120.0,False,540.0,inner0_selection,c0001_ee0570e08213,42
Eagle_assembly_Ian,observed,0.875,10,600.0,False,2460.0,inner0_selection,c0001_ee0570e08213,42
Fox_education_Henrietta,observed,1.0,12,720.0,False,3000.0,inner0_selection,c0001_ee0570e08213,42
Hog_assembly_Colette,right_censored,0.543859649122807,5,,True,1260.0,inner0_selection,c0001_ee0570e08213,42
Hog_assembly_Dona,observed,0.864406779661017,9,600.0,False,2220.0,inner0_selection,c0001_ee0570e08213,42
Lamb_assembly_Bertie,observed,0.6153846153846154,7,780.0,False,1860.0,inner0_selection,c0001_ee0570e08213,42
Lamb_assembly_Cesar,right_censored,0.9035532994923858,4,,True,960.0,inner0_selection,c0001_ee0570e08213,42
Moose_education_Ricardo,observed,1.0,2,120.0,False,480.0,inner0_selection,c0001_ee0570e08213,42
Mouse_health_Estela,observed,1.0,1,60.0,False,300.0,inner0_selection,c0001_ee0570e08213,42
Mouse_health_Justin,observed,0.6666666666666666,24,5160.0,False,8520.0,inner0_selection,c0001_ee0570e08213,42
Eagle_assembly_Benny,right_censored,0.9108910891089109,5,,True,1200.0,inner0_selection,c0001_ee0570e08213,43
Eagle_assembly_Ian,observed,0.8348623853211009,22,1320.0,False,5400.0,inner0_selection,c0001_ee0570e08213,43
Fox_education_Henrietta,observed,1.0,24,1440.0,False,6660.0,inner0_selection,c0001_ee0570e08213,43
Hog_assembly_Colette,right_censored,0.5517241379310345,22,,True,5400.0,inner0_selection,c0001_ee0570e08213,43
Hog_assembly_Dona,observed,0.75,24,1560.0,False,7200.0,inner0_selection,c0001_ee0570e08213,43
Lamb_assembly_Bertie,right_censored,0.37735849056603776,19,,True,4740.0,inner0_selection,c0001_ee0570e08213,43
Lamb_assembly_Cesar,right_censored,0.875,1,,True,180.0,inner0_selection,c0001_ee0570e08213,43
Moose_education_Ricardo,observed,1.0,15,900.0,False,3780.0,inner0_selection,c0001_ee0570e08213,43
Mouse_health_Estela,observed,1.0,5,360.0,False,1320.0,inner0_selection,c0001_ee0570e08213,43
Mouse_health_Justin,right_censored,0.47058823529411764,24,,True,6780.0,inner0_selection,c0001_ee0570e08213,43
Eagle_assembly_Benny,right_censored,0.8985507246376812,2,,True,540.0,inner0_selection,c0001_ee0570e08213,44
Eagle_assembly_Ian,right_censored,0.8088235294117647,2,,True,600.0,inner0_selection,c0001_ee0570e08213,44
Fox_education_Henrietta,observed,1.0,17,1980.0,False,4140.0,inner0_selection,c0001_ee0570e08213,44
Hog_assembly_Colette,observed,0.6358695652173914,9,780.0,False,2220.0,inner0_selection,c0001_ee0570e08213,44
Hog_assembly_Dona,observed,0.8636363636363636,17,1680.0,False,4140.0,inner0_selection,c0001_ee0570e08213,44
Lamb_assembly_Bertie,right_censored,0.39215686274509803,24,,True,7140.0,inner0_selection,c0001_ee0570e08213,44
Lamb_assembly_Cesar,observed,1.0,13,780.0,False,3120.0,inner0_selection,c0001_ee0570e08213,44
Moose_education_Ricardo,observed,1.0,22,1320.0,False,5280.0,inner0_selection,c0001_ee0570e08213,44
Mouse_health_Estela,right_censored,0.8035714285714286,24,,True,6960.0,inner0_selection,c0001_ee0570e08213,44
Mouse_health_Justin,right_censored,0.6756756756756757,14,,True,3420.0,inner0_selection,c0001_ee0570e08213,44
Eagle_assembly_Benny,right_censored,0.8627450980392157,24,,True,5880.0,inner0_selection,c0001_ee0570e08213,45
Eagle_assembly_Ian,observed,0.8888888888888888,23,1380.0,False,5580.0,inner0_selection,c0001_ee0570e08213,45
Fox_education_Henrietta,observed,1.0,3,240.0,False,720.0,inner0_selection,c0001_ee0570e08213,45
Hog_assembly_Colette,observed,0.7272727272727273,16,2760.0,False,3900.0,inner0_selection,c0001_ee0570e08213,45
Hog_assembly_Dona,observed,0.75,8,780.0,False,1980.0,inner0_selection,c0001_ee0570e08213,45
Lamb_assembly_Bertie,right_censored,0.4444444444444444,16,,True,4020.0,inner0_selection,c0001_ee0570e08213,45
Lamb_assembly_Cesar,right_censored,0.94,8,,True,1920.0,inner0_selection,c0001_ee0570e08213,45
Moose_education_Ricardo,observed,1.0,5,300.0,False,1260.0,inner0_selection,c0001_ee0570e08213,45
Mouse_health_Estela,observed,1.0,20,1260.0,False,4980.0,inner0_selection,c0001_ee0570e08213,45
Mouse_health_Justin,observed,0.8571428571428571,7,660.0,False,1800.0,inner0_selection,c0001_ee0570e08213,45
Eagle_assembly_Benny,right_censored,0.9142857142857143,5,,True,1260.0,inner0_selection,c0001_ee0570e08213,46
Eagle_assembly_Ian,right_censored,0.8333333333333334,19,,True,4680.0,inner0_selection,c0001_ee0570e08213,46
Fox_education_Henrietta,observed,1.0,14,1020.0,False,3360.0,inner0_selection,c0001_ee0570e08213,46
Hog_assembly_Colette,right_censored,0.5535714285714286,24,,True,8580.0,inner0_selection,c0001_ee0570e08213,46
Hog_assembly_Dona,right_censored,0.8653846153846154,3,,True,840.0,inner0_selection,c0001_ee0570e08213,46
Lamb_assembly_Bertie,observed,0.2857142857142857,3,360.0,False,720.0,inner0_selection,c0001_ee0570e08213,46
Lamb_assembly_Cesar,observed,1.0,3,180.0,False,900.0,inner0_selection,c0001_ee0570e08213,46
Moose_education_Ricardo,observed,1.0,2,180.0,False,540.0,inner0_selection,c0001_ee0570e08213,46
Mouse_health_Estela,observed,0.8918918918918919,21,4680.0,False,5040.0,inner0_selection,c0001_ee0570e08213,46
Mouse_health_Justin,observed,0.7887323943661971,6,360.0,False,1440.0,inner0_selection,c0001_ee0570e08213,46
Eagle_assembly_Benny,observed,0.9583333333333334,2,120.0,False,540.0,inner0_selection,c0002_fa76e087b17d,42
Eagle_assembly_Ian,observed,0.875,10,600.0,False,2460.0,inner0_selection,c0002_fa76e087b17d,42
Fox_education_Henrietta,observed,1.0,12,720.0,False,3000.0,inner0_selection,c0002_fa76e087b17d,42
Hog_assembly_Colette,right_censored,0.543859649122807,5,,True,1260.0,inner0_selection,c0002_fa76e087b17d,42
Hog_assembly_Dona,observed,0.864406779661017,9,600.0,False,2220.0,inner0_selection,c0002_fa76e087b17d,42
Lamb_assembly_Bertie,observed,0.6153846153846154,7,780.0,False,1860.0,inner0_selection,c0002_fa76e087b17d,42
Lamb_assembly_Cesar,right_censored,0.9035532994923858,4,,True,960.0,inner0_selection,c0002_fa76e087b17d,42
Moose_education_Ricardo,observed,1.0,2,120.0,False,480.0,inner0_selection,c0002_fa76e087b17d,42
Mouse_health_Estela,observed,1.0,1,60.0,False,300.0,inner0_selection,c0002_fa76e087b17d,42
Mouse_health_Justin,observed,0.6666666666666666,24,5160.0,False,8520.0,inner0_selection,c0002_fa76e087b17d,42
Eagle_assembly_Benny,right_censored,0.9108910891089109,5,,True,1200.0,inner0_selection,c0002_fa76e087b17d,43
Eagle_assembly_Ian,observed,0.8348623853211009,22,1320.0,False,5400.0,inner0_selection,c0002_fa76e087b17d,43
Fox_education_Henrietta,observed,1.0,24,1440.0,False,6660.0,inner0_selection,c0002_fa76e087b17d,43
Hog_assembly_Colette,right_censored,0.5517241379310345,22,,True,5400.0,inner0_selection,c0002_fa76e087b17d,43
Hog_assembly_Dona,observed,0.75,24,1560.0,False,7200.0,inner0_selection,c0002_fa76e087b17d,43
Lamb_assembly_Bertie,right_censored,0.37735849056603776,19,,True,4740.0,inner0_selection,c0002_fa76e087b17d,43
Lamb_assembly_Cesar,right_censored,0.875,1,,True,180.0,inner0_selection,c0002_fa76e087b17d,43
Moose_education_Ricardo,observed,1.0,15,900.0,False,3780.0,inner0_selection,c0002_fa76e087b17d,43
Mouse_health_Estela,observed,1.0,5,360.0,False,1320.0,inner0_selection,c0002_fa76e087b17d,43
Mouse_health_Justin,right_censored,0.47058823529411764,24,,True,6780.0,inner0_selection,c0002_fa76e087b17d,43
Eagle_assembly_Benny,right_censored,0.8985507246376812,2,,True,540.0,inner0_selection,c0002_fa76e087b17d,44
Eagle_assembly_Ian,right_censored,0.8088235294117647,2,,True,600.0,inner0_selection,c0002_fa76e087b17d,44
Fox_education_Henrietta,observed,1.0,17,1980.0,False,4140.0,inner0_selection,c0002_fa76e087b17d,44
Hog_assembly_Colette,observed,0.6358695652173914,9,780.0,False,2220.0,inner0_selection,c0002_fa76e087b17d,44
Hog_assembly_Dona,observed,0.8636363636363636,17,1680.0,False,4140.0,inner0_selection,c0002_fa76e087b17d,44
Lamb_assembly_Bertie,right_censored,0.39215686274509803,24,,True,7140.0,inner0_selection,c0002_fa76e087b17d,44
Lamb_assembly_Cesar,observed,1.0,13,780.0,False,3120.0,inner0_selection,c0002_fa76e087b17d,44
Moose_education_Ricardo,observed,1.0,22,1320.0,False,5280.0,inner0_selection,c0002_fa76e087b17d,44
Mouse_health_Estela,right_censored,0.8035714285714286,24,,True,6960.0,inner0_selection,c0002_fa76e087b17d,44
Mouse_health_Justin,right_censored,0.6756756756756757,14,,True,3420.0,inner0_selection,c0002_fa76e087b17d,44
Eagle_assembly_Benny,right_censored,0.8627450980392157,24,,True,5880.0,inner0_selection,c0002_fa76e087b17d,45
Eagle_assembly_Ian,observed,0.8888888888888888,23,1380.0,False,5580.0,inner0_selection,c0002_fa76e087b17d,45
Fox_education_Henrietta,observed,1.0,3,240.0,False,720.0,inner0_selection,c0002_fa76e087b17d,45
Hog_assembly_Colette,observed,0.7272727272727273,16,2760.0,False,3900.0,inner0_selection,c0002_fa76e087b17d,45
Hog_assembly_Dona,observed,0.75,8,780.0,False,1980.0,inner0_selection,c0002_fa76e087b17d,45
Lamb_assembly_Bertie,right_censored,0.4444444444444444,16,,True,4020.0,inner0_selection,c0002_fa76e087b17d,45
Lamb_assembly_Cesar,right_censored,0.94,8,,True,1920.0,inner0_selection,c0002_fa76e087b17d,45
Moose_education_Ricardo,observed,1.0,5,300.0,False,1260.0,inner0_selection,c0002_fa76e087b17d,45
Mouse_health_Estela,observed,1.0,20,1260.0,False,4980.0,inner0_selection,c0002_fa76e087b17d,45
Mouse_health_Justin,observed,0.8571428571428571,7,660.0,False,1800.0,inner0_selection,c0002_fa76e087b17d,45
Eagle_assembly_Benny,right_censored,0.9142857142857143,5,,True,1260.0,inner0_selection,c0002_fa76e087b17d,46
Eagle_assembly_Ian,right_censored,0.8333333333333334,19,,True,4680.0,inner0_selection,c0002_fa76e087b17d,46
Fox_education_Henrietta,observed,1.0,14,1020.0,False,3360.0,inner0_selection,c0002_fa76e087b17d,46
Hog_assembly_Colette,right_censored,0.5535714285714286,24,,True,8580.0,inner0_selection,c0002_fa76e087b17d,46
Hog_assembly_Dona,right_censored,0.8653846153846154,3,,True,840.0,inner0_selection,c0002_fa76e087b17d,46
Lamb_assembly_Bertie,observed,0.2857142857142857,3,360.0,False,720.0,inner0_selection,c0002_fa76e087b17d,46
Lamb_assembly_Cesar,observed,1.0,3,180.0,False,900.0,inner0_selection,c0002_fa76e087b17d,46
Moose_education_Ricardo,observed,1.0,2,180.0,False,540.0,inner0_selection,c0002_fa76e087b17d,46
Mouse_health_Estela,observed,0.8918918918918919,21,4680.0,False,5040.0,inner0_selection,c0002_fa76e087b17d,46
Mouse_health_Justin,observed,0.7887323943661971,6,360.0,False,1440.0,inner0_selection,c0002_fa76e087b17d,46
Eagle_assembly_Benny,observed,1.0,2,120.0,False,540.0,inner0_selection,c0012_23099bed3753,42
Eagle_assembly_Ian,observed,0.875,10,600.0,False,2460.0,inner0_selection,c0012_23099bed3753,42
Fox_education_Henrietta,observed,1.0,12,720.0,False,3000.0,inner0_selection,c0012_23099bed3753,42
Hog_assembly_Colette,right_censored,0.7368421052631579,5,,True,1260.0,inner0_selection,c0012_23099bed3753,42
Hog_assembly_Dona,observed,0.9830508474576272,9,540.0,False,2220.0,inner0_selection,c0012_23099bed3753,42
Lamb_assembly_Bertie,observed,0.8461538461538461,7,600.0,False,1860.0,inner0_selection,c0012_23099bed3753,42
Lamb_assembly_Cesar,observed,1.0,4,240.0,False,960.0,inner0_selection,c0012_23099bed3753,42
Moose_education_Ricardo,observed,1.0,2,120.0,False,480.0,inner0_selection,c0012_23099bed3753,42
Mouse_health_Estela,observed,1.0,1,60.0,False,300.0,inner0_selection,c0012_23099bed3753,42
Mouse_health_Justin,right_censored,0.6666666666666666,24,,True,8520.0,inner0_selection,c0012_23099bed3753,42
Eagle_assembly_Benny,observed,1.0,5,300.0,False,1200.0,inner0_selection,c0012_23099bed3753,43
Eagle_assembly_Ian,observed,0.8990825688073395,22,1320.0,False,5400.0,inner0_selection,c0012_23099bed3753,43
Fox_education_Henrietta,observed,1.0,24,1440.0,False,6660.0,inner0_selection,c0012_23099bed3753,43
Hog_assembly_Colette,right_censored,0.6896551724137931,22,,True,5400.0,inner0_selection,c0012_23099bed3753,43
Hog_assembly_Dona,observed,1.0,24,2580.0,False,7200.0,inner0_selection,c0012_23099bed3753,43
Lamb_assembly_Bertie,right_censored,0.6792452830188679,19,,True,4740.0,inner0_selection,c0012_23099bed3753,43
Lamb_assembly_Cesar,observed,1.0,1,60.0,False,180.0,inner0_selection,c0012_23099bed3753,43
Moose_education_Ricardo,observed,1.0,15,900.0,False,3780.0,inner0_selection,c0012_23099bed3753,43
Mouse_health_Estela,observed,1.0,5,360.0,False,1320.0,inner0_selection,c0012_23099bed3753,43
Mouse_health_Justin,right_censored,0.5294117647058824,24,,True,6780.0,inner0_selection,c0012_23099bed3753,43
Eagle_assembly_Benny,observed,1.0,2,120.0,False,540.0,inner0_selection,c0012_23099bed3753,44
Eagle_assembly_Ian,right_censored,0.8823529411764706,2,,True,600.0,inner0_selection,c0012_23099bed3753,44
Fox_education_Henrietta,observed,1.0,17,1020.0,False,4140.0,inner0_selection,c0012_23099bed3753,44
Hog_assembly_Colette,observed,0.7934782608695652,9,600.0,False,2220.0,inner0_selection,c0012_23099bed3753,44
Hog_assembly_Dona,observed,1.0,17,1020.0,False,4140.0,inner0_selection,c0012_23099bed3753,44
Lamb_assembly_Bertie,right_censored,0.6862745098039216,24,,True,7140.0,inner0_selection,c0012_23099bed3753,44
Lamb_assembly_Cesar,observed,1.0,13,780.0,False,3120.0,inner0_selection,c0012_23099bed3753,44
Moose_education_Ricardo,observed,1.0,22,1320.0,False,5280.0,inner0_selection,c0012_23099bed3753,44
Mouse_health_Estela,observed,0.9464285714285714,24,1440.0,False,6960.0,inner0_selection,c0012_23099bed3753,44
Mouse_health_Justin,right_censored,0.7567567567567568,14,,True,3420.0,inner0_selection,c0012_23099bed3753,44
Eagle_assembly_Benny,observed,1.0,24,1440.0,False,5880.0,inner0_selection,c0012_23099bed3753,45
Eagle_assembly_Ian,observed,0.8888888888888888,23,1380.0,False,5580.0,inner0_selection,c0012_23099bed3753,45
Fox_education_Henrietta,observed,1.0,3,180.0,False,720.0,inner0_selection,c0012_23099bed3753,45
Hog_assembly_Colette,observed,0.8181818181818182,16,2280.0,False,3900.0,inner0_selection,c0012_23099bed3753,45
Hog_assembly_Dona,observed,1.0,8,480.0,False,1980.0,inner0_selection,c0012_23099bed3753,45
Lamb_assembly_Bertie,right_censored,0.7333333333333333,16,,True,4020.0,inner0_selection,c0012_23099bed3753,45
Lamb_assembly_Cesar,observed,1.0,8,480.0,False,1920.0,inner0_selection,c0012_23099bed3753,45
Moose_education_Ricardo,observed,1.0,5,300.0,False,1260.0,inner0_selection,c0012_23099bed3753,45
Mouse_health_Estela,observed,1.0,20,1260.0,False,4980.0,inner0_selection,c0012_23099bed3753,45
Mouse_health_Justin,right_censored,0.8571428571428571,7,,True,1800.0,inner0_selection,c0012_23099bed3753,45
Eagle_assembly_Benny,observed,1.0,5,300.0,False,1260.0,inner0_selection,c0012_23099bed3753,46
Eagle_assembly_Ian,observed,0.8921568627450981,19,1140.0,False,4680.0,inner0_selection,c0012_23099bed3753,46
Fox_education_Henrietta,observed,1.0,14,840.0,False,3360.0,inner0_selection,c0012_23099bed3753,46
Hog_assembly_Colette,right_censored,0.7321428571428571,24,,True,8580.0,inner0_selection,c0012_23099bed3753,46
Hog_assembly_Dona,observed,0.9807692307692307,3,180.0,False,840.0,inner0_selection,c0012_23099bed3753,46
Lamb_assembly_Bertie,observed,0.7142857142857143,3,180.0,False,720.0,inner0_selection,c0012_23099bed3753,46
Lamb_assembly_Cesar,observed,1.0,3,180.0,False,900.0,inner0_selection,c0012_23099bed3753,46
Moose_education_Ricardo,observed,1.0,2,120.0,False,540.0,inner0_selection,c0012_23099bed3753,46
Mouse_health_Estela,observed,0.9459459459459459,21,1260.0,False,5040.0,inner0_selection,c0012_23099bed3753,46
Mouse_health_Justin,observed,0.8591549295774648,6,360.0,False,1440.0,inner0_selection,c0012_23099bed3753,46
Eagle_assembly_Benny,observed,1.0,2,120.0,False,540.0,inner0_selection,c0013_a21278d4e492,42
Eagle_assembly_Ian,observed,0.875,10,600.0,False,2460.0,inner0_selection,c0013_a21278d4e492,42
Fox_education_Henrietta,observed,1.0,12,720.0,False,3000.0,inner0_selection,c0013_a21278d4e492,42
Hog_assembly_Colette,right_censored,0.7368421052631579,5,,True,1260.0,inner0_selection,c0013_a21278d4e492,42
Hog_assembly_Dona,observed,0.9830508474576272,9,540.0,False,2220.0,inner0_selection,c0013_a21278d4e492,42
Lamb_assembly_Bertie,observed,0.8461538461538461,7,600.0,False,1860.0,inner0_selection,c0013_a21278d4e492,42
Lamb_assembly_Cesar,observed,1.0,4,240.0,False,960.0,inner0_selection,c0013_a21278d4e492,42
Moose_education_Ricardo,observed,1.0,2,120.0,False,480.0,inner0_selection,c0013_a21278d4e492,42
Mouse_health_Estela,observed,1.0,1,60.0,False,300.0,inner0_selection,c0013_a21278d4e492,42
Mouse_health_Justin,right_censored,0.6666666666666666,24,,True,8520.0,inner0_selection,c0013_a21278d4e492,42
Eagle_assembly_Benny,observed,1.0,5,300.0,False,1200.0,inner0_selection,c0013_a21278d4e492,43
Eagle_assembly_Ian,observed,0.8990825688073395,22,1320.0,False,5400.0,inner0_selection,c0013_a21278d4e492,43
Fox_education_Henrietta,observed,1.0,24,1440.0,False,6660.0,inner0_selection,c0013_a21278d4e492,43
Hog_assembly_Colette,right_censored,0.6896551724137931,22,,True,5400.0,inner0_selection,c0013_a21278d4e492,43
Hog_assembly_Dona,observed,1.0,24,2580.0,False,7200.0,inner0_selection,c0013_a21278d4e492,43
Lamb_assembly_Bertie,right_censored,0.6792452830188679,19,,True,4740.0,inner0_selection,c0013_a21278d4e492,43
Lamb_assembly_Cesar,observed,1.0,1,60.0,False,180.0,inner0_selection,c0013_a21278d4e492,43
Moose_education_Ricardo,observed,1.0,15,900.0,False,3780.0,inner0_selection,c0013_a21278d4e492,43
Mouse_health_Estela,observed,1.0,5,360.0,False,1320.0,inner0_selection,c0013_a21278d4e492,43
Mouse_health_Justin,right_censored,0.5294117647058824,24,,True,6780.0,inner0_selection,c0013_a21278d4e492,43
Eagle_assembly_Benny,observed,1.0,2,120.0,False,540.0,inner0_selection,c0013_a21278d4e492,44
Eagle_assembly_Ian,right_censored,0.8823529411764706,2,,True,600.0,inner0_selection,c0013_a21278d4e492,44
Fox_education_Henrietta,observed,1.0,17,1020.0,False,4140.0,inner0_selection,c0013_a21278d4e492,44
Hog_assembly_Colette,observed,0.7934782608695652,9,600.0,False,2220.0,inner0_selection,c0013_a21278d4e492,44
Hog_assembly_Dona,observed,1.0,17,1020.0,False,4140.0,inner0_selection,c0013_a21278d4e492,44
Lamb_assembly_Bertie,right_censored,0.6862745098039216,24,,True,7140.0,inner0_selection,c0013_a21278d4e492,44
Lamb_assembly_Cesar,observed,1.0,13,780.0,False,3120.0,inner0_selection,c0013_a21278d4e492,44
Moose_education_Ricardo,observed,1.0,22,1320.0,False,5280.0,inner0_selection,c0013_a21278d4e492,44
Mouse_health_Estela,observed,0.9464285714285714,24,1440.0,False,6960.0,inner0_selection,c0013_a21278d4e492,44
Mouse_health_Justin,right_censored,0.7567567567567568,14,,True,3420.0,inner0_selection,c0013_a21278d4e492,44
Eagle_assembly_Benny,observed,1.0,24,1440.0,False,5880.0,inner0_selection,c0013_a21278d4e492,45
Eagle_assembly_Ian,observed,0.8888888888888888,23,1380.0,False,5580.0,inner0_selection,c0013_a21278d4e492,45
Fox_education_Henrietta,observed,1.0,3,180.0,False,720.0,inner0_selection,c0013_a21278d4e492,45
Hog_assembly_Colette,observed,0.8181818181818182,16,2280.0,False,3900.0,inner0_selection,c0013_a21278d4e492,45
Hog_assembly_Dona,observed,1.0,8,480.0,False,1980.0,inner0_selection,c0013_a21278d4e492,45
Lamb_assembly_Bertie,right_censored,0.7333333333333333,16,,True,4020.0,inner0_selection,c0013_a21278d4e492,45
Lamb_assembly_Cesar,observed,1.0,8,480.0,False,1920.0,inner0_selection,c0013_a21278d4e492,45
Moose_education_Ricardo,observed,1.0,5,300.0,False,1260.0,inner0_selection,c0013_a21278d4e492,45
Mouse_health_Estela,observed,1.0,20,1260.0,False,4980.0,inner0_selection,c0013_a21278d4e492,45
Mouse_health_Justin,right_censored,0.8571428571428571,7,,True,1800.0,inner0_selection,c0013_a21278d4e492,45
Eagle_assembly_Benny,observed,1.0,5,300.0,False,1260.0,inner0_selection,c0013_a21278d4e492,46
Eagle_assembly_Ian,observed,0.8921568627450981,19,1140.0,False,4680.0,inner0_selection,c0013_a21278d4e492,46
Fox_education_Henrietta,observed,1.0,14,840.0,False,3360.0,inner0_selection,c0013_a21278d4e492,46
Hog_assembly_Colette,right_censored,0.7321428571428571,24,,True,8580.0,inner0_selection,c0013_a21278d4e492,46
Hog_assembly_Dona,observed,0.9807692307692307,3,180.0,False,840.0,inner0_selection,c0013_a21278d4e492,46
Lamb_assembly_Bertie,observed,0.7142857142857143,3,180.0,False,720.0,inner0_selection,c0013_a21278d4e492,46
Lamb_assembly_Cesar,observed,1.0,3,180.0,False,900.0,inner0_selection,c0013_a21278d4e492,46
Moose_education_Ricardo,observed,1.0,2,120.0,False,540.0,inner0_selection,c0013_a21278d4e492,46
Mouse_health_Estela,observed,0.9459459459459459,21,1260.0,False,5040.0,inner0_selection,c0013_a21278d4e492,46
Mouse_health_Justin,observed,0.8591549295774648,6,360.0,False,1440.0,inner0_selection,c0013_a21278d4e492,46
Eagle_assembly_Benny,observed,1.0,2,120.0,False,540.0,inner0_selection,c0014_54a0e1ef5720,42
Eagle_assembly_Ian,observed,0.875,10,600.0,False,2460.0,inner0_selection,c0014_54a0e1ef5720,42
Fox_education_Henrietta,observed,1.0,12,720.0,False,3000.0,inner0_selection,c0014_54a0e1ef5720,42
Hog_assembly_Colette,right_censored,0.7368421052631579,5,,True,1260.0,inner0_selection,c0014_54a0e1ef5720,42
Hog_assembly_Dona,observed,0.9830508474576272,9,540.0,False,2220.0,inner0_selection,c0014_54a0e1ef5720,42
Lamb_assembly_Bertie,observed,0.8461538461538461,7,600.0,False,1860.0,inner0_selection,c0014_54a0e1ef5720,42
Lamb_assembly_Cesar,observed,1.0,4,240.0,False,960.0,inner0_selection,c0014_54a0e1ef5720,42
Moose_education_Ricardo,observed,1.0,2,120.0,False,480.0,inner0_selection,c0014_54a0e1ef5720,42
Mouse_health_Estela,observed,1.0,1,60.0,False,300.0,inner0_selection,c0014_54a0e1ef5720,42
Mouse_health_Justin,right_censored,0.6666666666666666,24,,True,8520.0,inner0_selection,c0014_54a0e1ef5720,42
Eagle_assembly_Benny,observed,1.0,5,300.0,False,1200.0,inner0_selection,c0014_54a0e1ef5720,43
Eagle_assembly_Ian,observed,0.8990825688073395,22,1320.0,False,5400.0,inner0_selection,c0014_54a0e1ef5720,43
Fox_education_Henrietta,observed,1.0,24,1440.0,False,6660.0,inner0_selection,c0014_54a0e1ef5720,43
Hog_assembly_Colette,right_censored,0.6896551724137931,22,,True,5400.0,inner0_selection,c0014_54a0e1ef5720,43
Hog_assembly_Dona,observed,1.0,24,2580.0,False,7200.0,inner0_selection,c0014_54a0e1ef5720,43
Lamb_assembly_Bertie,right_censored,0.6792452830188679,19,,True,4740.0,inner0_selection,c0014_54a0e1ef5720,43
Lamb_assembly_Cesar,observed,1.0,1,60.0,False,180.0,inner0_selection,c0014_54a0e1ef5720,43
Moose_education_Ricardo,observed,1.0,15,900.0,False,3780.0,inner0_selection,c0014_54a0e1ef5720,43
Mouse_health_Estela,observed,1.0,5,360.0,False,1320.0,inner0_selection,c0014_54a0e1ef5720,43
Mouse_health_Justin,right_censored,0.5294117647058824,24,,True,6780.0,inner0_selection,c0014_54a0e1ef5720,43
Eagle_assembly_Benny,observed,1.0,2,120.0,False,540.0,inner0_selection,c0014_54a0e1ef5720,44
Eagle_assembly_Ian,right_censored,0.8823529411764706,2,,True,600.0,inner0_selection,c0014_54a0e1ef5720,44
Fox_education_Henrietta,observed,1.0,17,1020.0,False,4140.0,inner0_selection,c0014_54a0e1ef5720,44
Hog_assembly_Colette,observed,0.7934782608695652,9,600.0,False,2220.0,inner0_selection,c0014_54a0e1ef5720,44
Hog_assembly_Dona,observed,1.0,17,1020.0,False,4140.0,inner0_selection,c0014_54a0e1ef5720,44
Lamb_assembly_Bertie,right_censored,0.6862745098039216,24,,True,7140.0,inner0_selection,c0014_54a0e1ef5720,44
Lamb_assembly_Cesar,observed,1.0,13,780.0,False,3120.0,inner0_selection,c0014_54a0e1ef5720,44
Moose_education_Ricardo,observed,1.0,22,1320.0,False,5280.0,inner0_selection,c0014_54a0e1ef5720,44
Mouse_health_Estela,observed,0.9464285714285714,24,1440.0,False,6960.0,inner0_selection,c0014_54a0e1ef5720,44
Mouse_health_Justin,right_censored,0.7567567567567568,14,,True,3420.0,inner0_selection,c0014_54a0e1ef5720,44
Eagle_assembly_Benny,observed,1.0,24,1440.0,False,5880.0,inner0_selection,c0014_54a0e1ef5720,45
Eagle_assembly_Ian,observed,0.8888888888888888,23,1380.0,False,5580.0,inner0_selection,c0014_54a0e1ef5720,45
Fox_education_Henrietta,observed,1.0,3,180.0,False,720.0,inner0_selection,c0014_54a0e1ef5720,45
Hog_assembly_Colette,observed,0.8181818181818182,16,2280.0,False,3900.0,inner0_selection,c0014_54a0e1ef5720,45
Hog_assembly_Dona,observed,1.0,8,480.0,False,1980.0,inner0_selection,c0014_54a0e1ef5720,45
Lamb_assembly_Bertie,right_censored,0.7333333333333333,16,,True,4020.0,inner0_selection,c0014_54a0e1ef5720,45
Lamb_assembly_Cesar,observed,1.0,8,480.0,False,1920.0,inner0_selection,c0014_54a0e1ef5720,45
Moose_education_Ricardo,observed,1.0,5,300.0,False,1260.0,inner0_selection,c0014_54a0e1ef5720,45
Mouse_health_Estela,observed,1.0,20,1260.0,False,4980.0,inner0_selection,c0014_54a0e1ef5720,45
Mouse_health_Justin,right_censored,0.8571428571428571,7,,True,1800.0,inner0_selection,c0014_54a0e1ef5720,45
Eagle_assembly_Benny,observed,1.0,5,300.0,False,1260.0,inner0_selection,c0014_54a0e1ef5720,46
Eagle_assembly_Ian,observed,0.8921568627450981,19,1140.0,False,4680.0,inner0_selection,c0014_54a0e1ef5720,46
Fox_education_Henrietta,observed,1.0,14,840.0,False,3360.0,inner0_selection,c0014_54a0e1ef5720,46
Hog_assembly_Colette,right_censored,0.7321428571428571,24,,True,8580.0,inner0_selection,c0014_54a0e1ef5720,46
Hog_assembly_Dona,observed,0.9807692307692307,3,180.0,False,840.0,inner0_selection,c0014_54a0e1ef5720,46
Lamb_assembly_Bertie,observed,0.7142857142857143,3,180.0,False,720.0,inner0_selection,c0014_54a0e1ef5720,46
Lamb_assembly_Cesar,observed,1.0,3,180.0,False,900.0,inner0_selection,c0014_54a0e1ef5720,46
Moose_education_Ricardo,observed,1.0,2,120.0,False,540.0,inner0_selection,c0014_54a0e1ef5720,46
Mouse_health_Estela,observed,0.9459459459459459,21,1260.0,False,5040.0,inner0_selection,c0014_54a0e1ef5720,46
Mouse_health_Justin,observed,0.8591549295774648,6,360.0,False,1440.0,inner0_selection,c0014_54a0e1ef5720,46
Eagle_assembly_Benny,observed,0.9583333333333334,2,120.0,False,540.0,inner0_selection,c0024_ba16b82adffd,42
Eagle_assembly_Ian,observed,0.875,10,600.0,False,2460.0,inner0_selection,c0024_ba16b82adffd,42
Fox_education_Henrietta,right_censored,0.7878787878787878,12,,True,3000.0,inner0_selection,c0024_ba16b82adffd,42
Hog_assembly_Colette,observed,0.9824561403508771,5,420.0,False,1260.0,inner0_selection,c0024_ba16b82adffd,42
Hog_assembly_Dona,observed,0.9322033898305084,9,1020.0,False,2220.0,inner0_selection,c0024_ba16b82adffd,42
Lamb_assembly_Bertie,observed,0.8461538461538461,7,600.0,False,1860.0,inner0_selection,c0024_ba16b82adffd,42
Lamb_assembly_Cesar,right_censored,0.9289340101522843,4,,True,960.0,inner0_selection,c0024_ba16b82adffd,42
Moose_education_Ricardo,observed,1.0,2,120.0,False,480.0,inner0_selection,c0024_ba16b82adffd,42
Mouse_health_Estela,observed,1.0,1,60.0,False,300.0,inner0_selection,c0024_ba16b82adffd,42
Mouse_health_Justin,observed,1.0,24,1440.0,False,8520.0,inner0_selection,c0024_ba16b82adffd,42
Eagle_assembly_Benny,observed,0.9504950495049505,5,300.0,False,1200.0,inner0_selection,c0024_ba16b82adffd,43
Eagle_assembly_Ian,observed,0.9541284403669725,22,1320.0,False,5400.0,inner0_selection,c0024_ba16b82adffd,43
Fox_education_Henrietta,right_censored,0.25,24,,True,6660.0,inner0_selection,c0024_ba16b82adffd,43
Hog_assembly_Colette,observed,0.9655172413793104,22,1320.0,False,5400.0,inner0_selection,c0024_ba16b82adffd,43
Hog_assembly_Dona,observed,1.0,24,1440.0,False,7200.0,inner0_selection,c0024_ba16b82adffd,43
Lamb_assembly_Bertie,observed,0.8490566037735849,19,3960.0,False,4740.0,inner0_selection,c0024_ba16b82adffd,43
Lamb_assembly_Cesar,right_censored,0.9166666666666666,1,,True,180.0,inner0_selection,c0024_ba16b82adffd,43
Moose_education_Ricardo,observed,1.0,15,900.0,False,3780.0,inner0_selection,c0024_ba16b82adffd,43
Mouse_health_Estela,observed,1.0,5,300.0,False,1320.0,inner0_selection,c0024_ba16b82adffd,43
Mouse_health_Justin,observed,0.8823529411764706,24,2760.0,False,6780.0,inner0_selection,c0024_ba16b82adffd,43
Eagle_assembly_Benny,observed,0.9565217391304348,2,120.0,False,540.0,inner0_selection,c0024_ba16b82adffd,44
Eagle_assembly_Ian,right_censored,0.9411764705882353,2,,True,600.0,inner0_selection,c0024_ba16b82adffd,44
Fox_education_Henrietta,right_censored,0.7962962962962963,17,,True,4140.0,inner0_selection,c0024_ba16b82adffd,44
Hog_assembly_Colette,observed,0.9836956521739131,9,540.0,False,2220.0,inner0_selection,c0024_ba16b82adffd,44
Hog_assembly_Dona,observed,0.9545454545454546,17,1020.0,False,4140.0,inner0_selection,c0024_ba16b82adffd,44
Lamb_assembly_Bertie,observed,0.8627450980392157,24,1920.0,False,7140.0,inner0_selection,c0024_ba16b82adffd,44
Lamb_assembly_Cesar,observed,1.0,13,780.0,False,3120.0,inner0_selection,c0024_ba16b82adffd,44
Moose_education_Ricardo,observed,1.0,22,1320.0,False,5280.0,inner0_selection,c0024_ba16b82adffd,44
Mouse_health_Estela,observed,0.9107142857142857,24,1440.0,False,6960.0,inner0_selection,c0024_ba16b82adffd,44
Mouse_health_Justin,observed,0.9459459459459459,14,840.0,False,3420.0,inner0_selection,c0024_ba16b82adffd,44
Eagle_assembly_Benny,right_censored,0.9411764705882353,24,,True,5880.0,inner0_selection,c0024_ba16b82adffd,45
Eagle_assembly_Ian,right_censored,0.8888888888888888,23,,True,5580.0,inner0_selection,c0024_ba16b82adffd,45
Fox_education_Henrietta,right_censored,0.78125,3,,True,720.0,inner0_selection,c0024_ba16b82adffd,45
Hog_assembly_Colette,observed,1.0,16,960.0,False,3900.0,inner0_selection,c0024_ba16b82adffd,45
Hog_assembly_Dona,observed,1.0,8,480.0,False,1980.0,inner0_selection,c0024_ba16b82adffd,45
Lamb_assembly_Bertie,observed,0.8444444444444444,16,3240.0,False,4020.0,inner0_selection,c0024_ba16b82adffd,45
Lamb_assembly_Cesar,observed,0.96,8,540.0,False,1920.0,inner0_selection,c0024_ba16b82adffd,45
Moose_education_Ricardo,observed,1.0,5,300.0,False,1260.0,inner0_selection,c0024_ba16b82adffd,45
Mouse_health_Estela,observed,1.0,20,1260.0,False,4980.0,inner0_selection,c0024_ba16b82adffd,45
Mouse_health_Justin,observed,1.0,7,420.0,False,1800.0,inner0_selection,c0024_ba16b82adffd,45
Eagle_assembly_Benny,observed,0.9523809523809523,5,300.0,False,1260.0,inner0_selection,c0024_ba16b82adffd,46
Eagle_assembly_Ian,observed,0.9509803921568627,19,1140.0,False,4680.0,inner0_selection,c0024_ba16b82adffd,46
Fox_education_Henrietta,observed,0.8409090909090909,14,2700.0,False,3360.0,inner0_selection,c0024_ba16b82adffd,46
Hog_assembly_Colette,observed,0.9821428571428571,24,1440.0,False,8580.0,inner0_selection,c0024_ba16b82adffd,46
Hog_assembly_Dona,right_censored,0.9423076923076923,3,,True,840.0,inner0_selection,c0024_ba16b82adffd,46
Lamb_assembly_Bertie,observed,0.7142857142857143,3,180.0,False,720.0,inner0_selection,c0024_ba16b82adffd,46
Lamb_assembly_Cesar,observed,1.0,3,180.0,False,900.0,inner0_selection,c0024_ba16b82adffd,46
Moose_education_Ricardo,observed,1.0,2,120.0,False,540.0,inner0_selection,c0024_ba16b82adffd,46
Mouse_health_Estela,observed,0.9459459459459459,21,1260.0,False,5040.0,inner0_selection,c0024_ba16b82adffd,46
Mouse_health_Justin,observed,0.971830985915493,6,420.0,False,1440.0,inner0_selection,c0024_ba16b82adffd,46
Eagle_assembly_Benny,observed,0.9583333333333334,2,120.0,False,540.0,inner0_selection,c0025_63dd1cc1601e,42
Eagle_assembly_Ian,observed,0.875,10,600.0,False,2460.0,inner0_selection,c0025_63dd1cc1601e,42
Fox_education_Henrietta,right_censored,0.7878787878787878,12,,True,3000.0,inner0_selection,c0025_63dd1cc1601e,42
Hog_assembly_Colette,observed,0.9824561403508771,5,420.0,False,1260.0,inner0_selection,c0025_63dd1cc1601e,42
Hog_assembly_Dona,observed,0.9322033898305084,9,1020.0,False,2220.0,inner0_selection,c0025_63dd1cc1601e,42
Lamb_assembly_Bertie,observed,0.8461538461538461,7,600.0,False,1860.0,inner0_selection,c0025_63dd1cc1601e,42
Lamb_assembly_Cesar,right_censored,0.9289340101522843,4,,True,960.0,inner0_selection,c0025_63dd1cc1601e,42
Moose_education_Ricardo,observed,1.0,2,120.0,False,480.0,inner0_selection,c0025_63dd1cc1601e,42
Mouse_health_Estela,observed,1.0,1,60.0,False,300.0,inner0_selection,c0025_63dd1cc1601e,42
Mouse_health_Justin,observed,1.0,24,1440.0,False,8520.0,inner0_selection,c0025_63dd1cc1601e,42
Eagle_assembly_Benny,observed,0.9504950495049505,5,300.0,False,1200.0,inner0_selection,c0025_63dd1cc1601e,43
Eagle_assembly_Ian,observed,0.9541284403669725,22,1320.0,False,5400.0,inner0_selection,c0025_63dd1cc1601e,43
Fox_education_Henrietta,right_censored,0.25,24,,True,6660.0,inner0_selection,c0025_63dd1cc1601e,43
Hog_assembly_Colette,observed,0.9655172413793104,22,1320.0,False,5400.0,inner0_selection,c0025_63dd1cc1601e,43
Hog_assembly_Dona,observed,1.0,24,1440.0,False,7200.0,inner0_selection,c0025_63dd1cc1601e,43
Lamb_assembly_Bertie,observed,0.8490566037735849,19,3960.0,False,4740.0,inner0_selection,c0025_63dd1cc1601e,43
Lamb_assembly_Cesar,right_censored,0.9166666666666666,1,,True,180.0,inner0_selection,c0025_63dd1cc1601e,43
Moose_education_Ricardo,observed,1.0,15,900.0,False,3780.0,inner0_selection,c0025_63dd1cc1601e,43
Mouse_health_Estela,observed,1.0,5,300.0,False,1320.0,inner0_selection,c0025_63dd1cc1601e,43
Mouse_health_Justin,observed,0.8823529411764706,24,2760.0,False,6780.0,inner0_selection,c0025_63dd1cc1601e,43
Eagle_assembly_Benny,observed,0.9565217391304348,2,120.0,False,540.0,inner0_selection,c0025_63dd1cc1601e,44
Eagle_assembly_Ian,right_censored,0.9411764705882353,2,,True,600.0,inner0_selection,c0025_63dd1cc1601e,44
Fox_education_Henrietta,right_censored,0.7962962962962963,17,,True,4140.0,inner0_selection,c0025_63dd1cc1601e,44
Hog_assembly_Colette,observed,0.9836956521739131,9,540.0,False,2220.0,inner0_selection,c0025_63dd1cc1601e,44
Hog_assembly_Dona,observed,0.9545454545454546,17,1020.0,False,4140.0,inner0_selection,c0025_63dd1cc1601e,44
Lamb_assembly_Bertie,observed,0.8627450980392157,24,1920.0,False,7140.0,inner0_selection,c0025_63dd1cc1601e,44
Lamb_assembly_Cesar,observed,1.0,13,780.0,False,3120.0,inner0_selection,c0025_63dd1cc1601e,44
Moose_education_Ricardo,observed,1.0,22,1320.0,False,5280.0,inner0_selection,c0025_63dd1cc1601e,44
Mouse_health_Estela,observed,0.9107142857142857,24,1440.0,False,6960.0,inner0_selection,c0025_63dd1cc1601e,44
Mouse_health_Justin,observed,0.9459459459459459,14,840.0,False,3420.0,inner0_selection,c0025_63dd1cc1601e,44
Eagle_assembly_Benny,right_censored,0.9411764705882353,24,,True,5880.0,inner0_selection,c0025_63dd1cc1601e,45
Eagle_assembly_Ian,right_censored,0.8888888888888888,23,,True,5580.0,inner0_selection,c0025_63dd1cc1601e,45
Fox_education_Henrietta,right_censored,0.78125,3,,True,720.0,inner0_selection,c0025_63dd1cc1601e,45
Hog_assembly_Colette,observed,1.0,16,960.0,False,3900.0,inner0_selection,c0025_63dd1cc1601e,45
Hog_assembly_Dona,observed,1.0,8,480.0,False,1980.0,inner0_selection,c0025_63dd1cc1601e,45
Lamb_assembly_Bertie,observed,0.8444444444444444,16,3240.0,False,4020.0,inner0_selection,c0025_63dd1cc1601e,45
Lamb_assembly_Cesar,observed,0.96,8,540.0,False,1920.0,inner0_selection,c0025_63dd1cc1601e,45
Moose_education_Ricardo,observed,1.0,5,300.0,False,1260.0,inner0_selection,c0025_63dd1cc1601e,45
Mouse_health_Estela,observed,1.0,20,1260.0,False,4980.0,inner0_selection,c0025_63dd1cc1601e,45
Mouse_health_Justin,observed,1.0,7,420.0,False,1800.0,inner0_selection,c0025_63dd1cc1601e,45
Eagle_assembly_Benny,observed,0.9523809523809523,5,300.0,False,1260.0,inner0_selection,c0025_63dd1cc1601e,46
Eagle_assembly_Ian,observed,0.9509803921568627,19,1140.0,False,4680.0,inner0_selection,c0025_63dd1cc1601e,46
Fox_education_Henrietta,observed,0.8409090909090909,14,2700.0,False,3360.0,inner0_selection,c0025_63dd1cc1601e,46
Hog_assembly_Colette,observed,0.9821428571428571,24,1440.0,False,8580.0,inner0_selection,c0025_63dd1cc1601e,46
Hog_assembly_Dona,right_censored,0.9423076923076923,3,,True,840.0,inner0_selection,c0025_63dd1cc1601e,46
Lamb_assembly_Bertie,observed,0.7142857142857143,3,180.0,False,720.0,inner0_selection,c0025_63dd1cc1601e,46
Lamb_assembly_Cesar,observed,1.0,3,180.0,False,900.0,inner0_selection,c0025_63dd1cc1601e,46
Moose_education_Ricardo,observed,1.0,2,120.0,False,540.0,inner0_selection,c0025_63dd1cc1601e,46
Mouse_health_Estela,observed,0.9459459459459459,21,1260.0,False,5040.0,inner0_selection,c0025_63dd1cc1601e,46
Mouse_health_Justin,observed,0.971830985915493,6,420.0,False,1440.0,inner0_selection,c0025_63dd1cc1601e,46
Eagle_assembly_Benny,observed,0.9583333333333334,2,120.0,False,540.0,inner0_selection,c0026_47d9fe7d15ba,42
Eagle_assembly_Ian,observed,0.875,10,600.0,False,2460.0,inner0_selection,c0026_47d9fe7d15ba,42
Fox_education_Henrietta,right_censored,0.7878787878787878,12,,True,3000.0,inner0_selection,c0026_47d9fe7d15ba,42
Hog_assembly_Colette,observed,0.9824561403508771,5,420.0,False,1260.0,inner0_selection,c0026_47d9fe7d15ba,42
Hog_assembly_Dona,observed,0.9322033898305084,9,1020.0,False,2220.0,inner0_selection,c0026_47d9fe7d15ba,42
Lamb_assembly_Bertie,observed,0.8461538461538461,7,600.0,False,1860.0,inner0_selection,c0026_47d9fe7d15ba,42
Lamb_assembly_Cesar,right_censored,0.9289340101522843,4,,True,960.0,inner0_selection,c0026_47d9fe7d15ba,42
Moose_education_Ricardo,observed,1.0,2,120.0,False,480.0,inner0_selection,c0026_47d9fe7d15ba,42
Mouse_health_Estela,observed,1.0,1,60.0,False,300.0,inner0_selection,c0026_47d9fe7d15ba,42
Mouse_health_Justin,observed,1.0,24,1440.0,False,8520.0,inner0_selection,c0026_47d9fe7d15ba,42
Eagle_assembly_Benny,observed,0.9504950495049505,5,300.0,False,1200.0,inner0_selection,c0026_47d9fe7d15ba,43
Eagle_assembly_Ian,observed,0.9541284403669725,22,1320.0,False,5400.0,inner0_selection,c0026_47d9fe7d15ba,43
Fox_education_Henrietta,right_censored,0.25,24,,True,6660.0,inner0_selection,c0026_47d9fe7d15ba,43
Hog_assembly_Colette,observed,0.9655172413793104,22,1320.0,False,5400.0,inner0_selection,c0026_47d9fe7d15ba,43
Hog_assembly_Dona,observed,1.0,24,1440.0,False,7200.0,inner0_selection,c0026_47d9fe7d15ba,43
Lamb_assembly_Bertie,observed,0.8490566037735849,19,3960.0,False,4740.0,inner0_selection,c0026_47d9fe7d15ba,43
Lamb_assembly_Cesar,right_censored,0.9166666666666666,1,,True,180.0,inner0_selection,c0026_47d9fe7d15ba,43
Moose_education_Ricardo,observed,1.0,15,900.0,False,3780.0,inner0_selection,c0026_47d9fe7d15ba,43
Mouse_health_Estela,observed,1.0,5,300.0,False,1320.0,inner0_selection,c0026_47d9fe7d15ba,43
Mouse_health_Justin,observed,0.8823529411764706,24,2760.0,False,6780.0,inner0_selection,c0026_47d9fe7d15ba,43
Eagle_assembly_Benny,observed,0.9565217391304348,2,120.0,False,540.0,inner0_selection,c0026_47d9fe7d15ba,44
Eagle_assembly_Ian,right_censored,0.9411764705882353,2,,True,600.0,inner0_selection,c0026_47d9fe7d15ba,44
Fox_education_Henrietta,right_censored,0.7962962962962963,17,,True,4140.0,inner0_selection,c0026_47d9fe7d15ba,44
Hog_assembly_Colette,observed,0.9836956521739131,9,540.0,False,2220.0,inner0_selection,c0026_47d9fe7d15ba,44
Hog_assembly_Dona,observed,0.9545454545454546,17,1020.0,False,4140.0,inner0_selection,c0026_47d9fe7d15ba,44
Lamb_assembly_Bertie,observed,0.8627450980392157,24,1920.0,False,7140.0,inner0_selection,c0026_47d9fe7d15ba,44
Lamb_assembly_Cesar,observed,1.0,13,780.0,False,3120.0,inner0_selection,c0026_47d9fe7d15ba,44
Moose_education_Ricardo,observed,1.0,22,1320.0,False,5280.0,inner0_selection,c0026_47d9fe7d15ba,44
Mouse_health_Estela,observed,0.9107142857142857,24,1440.0,False,6960.0,inner0_selection,c0026_47d9fe7d15ba,44
Mouse_health_Justin,observed,0.9459459459459459,14,840.0,False,3420.0,inner0_selection,c0026_47d9fe7d15ba,44
Eagle_assembly_Benny,right_censored,0.9411764705882353,24,,True,5880.0,inner0_selection,c0026_47d9fe7d15ba,45
Eagle_assembly_Ian,right_censored,0.8888888888888888,23,,True,5580.0,inner0_selection,c0026_47d9fe7d15ba,45
Fox_education_Henrietta,right_censored,0.78125,3,,True,720.0,inner0_selection,c0026_47d9fe7d15ba,45
Hog_assembly_Colette,observed,1.0,16,960.0,False,3900.0,inner0_selection,c0026_47d9fe7d15ba,45
Hog_assembly_Dona,observed,1.0,8,480.0,False,1980.0,inner0_selection,c0026_47d9fe7d15ba,45
Lamb_assembly_Bertie,observed,0.8444444444444444,16,3240.0,False,4020.0,inner0_selection,c0026_47d9fe7d15ba,45
Lamb_assembly_Cesar,observed,0.96,8,540.0,False,1920.0,inner0_selection,c0026_47d9fe7d15ba,45
Moose_education_Ricardo,observed,1.0,5,300.0,False,1260.0,inner0_selection,c0026_47d9fe7d15ba,45
Mouse_health_Estela,observed,1.0,20,1260.0,False,4980.0,inner0_selection,c0026_47d9fe7d15ba,45
Mouse_health_Justin,observed,1.0,7,420.0,False,1800.0,inner0_selection,c0026_47d9fe7d15ba,45
Eagle_assembly_Benny,observed,0.9523809523809523,5,300.0,False,1260.0,inner0_selection,c0026_47d9fe7d15ba,46
Eagle_assembly_Ian,observed,0.9509803921568627,19,1140.0,False,4680.0,inner0_selection,c0026_47d9fe7d15ba,46
Fox_education_Henrietta,observed,0.8409090909090909,14,2700.0,False,3360.0,inner0_selection,c0026_47d9fe7d15ba,46
Hog_assembly_Colette,observed,0.9821428571428571,24,1440.0,False,8580.0,inner0_selection,c0026_47d9fe7d15ba,46
Hog_assembly_Dona,right_censored,0.9423076923076923,3,,True,840.0,inner0_selection,c0026_47d9fe7d15ba,46
Lamb_assembly_Bertie,observed,0.7142857142857143,3,180.0,False,720.0,inner0_selection,c0026_47d9fe7d15ba,46
Lamb_assembly_Cesar,observed,1.0,3,180.0,False,900.0,inner0_selection,c0026_47d9fe7d15ba,46
Moose_education_Ricardo,observed,1.0,2,120.0,False,540.0,inner0_selection,c0026_47d9fe7d15ba,46
Mouse_health_Estela,observed,0.9459459459459459,21,1260.0,False,5040.0,inner0_selection,c0026_47d9fe7d15ba,46
Mouse_health_Justin,observed,0.971830985915493,6,420.0,False,1440.0,inner0_selection,c0026_47d9fe7d15ba,46
Eagle_assembly_Benny,right_censored,0.875,4,,True,1140.0,inner1_selection,c0000_f5146f1247fa,42
Eagle_assembly_Ian,observed,0.8333333333333334,5,300.0,False,1380.0,inner1_selection,c0000_f5146f1247fa,42
Fox_education_Henrietta,observed,1.0,6,360.0,False,1620.0,inner1_selection,c0000_f5146f1247fa,42
Hog_assembly_Colette,observed,0.96,10,600.0,False,2580.0,inner1_selection,c0000_f5146f1247fa,42
Hog_assembly_Dona,observed,0.875,14,1200.0,False,3540.0,inner1_selection,c0000_f5146f1247fa,42
Lamb_assembly_Bertie,observed,0.6666666666666666,7,540.0,False,1680.0,inner1_selection,c0000_f5146f1247fa,42
Lamb_assembly_Cesar,right_censored,1.0,1,,True,180.0,inner1_selection,c0000_f5146f1247fa,42
Moose_education_Ricardo,observed,0.9615384615384616,5,360.0,False,1320.0,inner1_selection,c0000_f5146f1247fa,42
Mouse_health_Estela,observed,1.0,5,300.0,False,1320.0,inner1_selection,c0000_f5146f1247fa,42
Mouse_health_Justin,observed,0.8333333333333334,18,1080.0,False,4380.0,inner1_selection,c0000_f5146f1247fa,42
Eagle_assembly_Benny,observed,1.0,11,1200.0,False,2820.0,inner1_selection,c0000_f5146f1247fa,43
Eagle_assembly_Ian,right_censored,0.6666666666666666,16,,True,3900.0,inner1_selection,c0000_f5146f1247fa,43
Fox_education_Henrietta,observed,0.968,4,240.0,False,960.0,inner1_selection,c0000_f5146f1247fa,43
Hog_assembly_Colette,observed,0.9230769230769231,16,1320.0,False,3960.0,inner1_selection,c0000_f5146f1247fa,43
Hog_assembly_Dona,right_censored,0.8709677419354839,5,,True,1320.0,inner1_selection,c0000_f5146f1247fa,43
Lamb_assembly_Bertie,observed,0.8846153846153846,7,720.0,False,1800.0,inner1_selection,c0000_f5146f1247fa,43
Lamb_assembly_Cesar,right_censored,1.0,5,,True,1380.0,inner1_selection,c0000_f5146f1247fa,43
Moose_education_Ricardo,observed,0.975609756097561,16,960.0,False,3900.0,inner1_selection,c0000_f5146f1247fa,43
Mouse_health_Estela,observed,1.0,2,120.0,False,660.0,inner1_selection,c0000_f5146f1247fa,43
Mouse_health_Justin,observed,0.7777777777777778,11,1620.0,False,2640.0,inner1_selection,c0000_f5146f1247fa,43
Eagle_assembly_Benny,observed,0.8823529411764706,10,600.0,False,2400.0,inner1_selection,c0000_f5146f1247fa,44
Eagle_assembly_Ian,observed,0.8,9,540.0,False,2340.0,inner1_selection,c0000_f5146f1247fa,44
Fox_education_Henrietta,observed,0.9714285714285714,23,1380.0,False,5700.0,inner1_selection,c0000_f5146f1247fa,44
Hog_assembly_Colette,observed,0.8888888888888888,12,720.0,False,3000.0,inner1_selection,c0000_f5146f1247fa,44
Hog_assembly_Dona,right_censored,0.9036144578313253,2,,True,480.0,inner1_selection,c0000_f5146f1247fa,44
Lamb_assembly_Bertie,observed,0.8961038961038961,16,960.0,False,3900.0,inner1_selection,c0000_f5146f1247fa,44
Lamb_assembly_Cesar,observed,1.0,16,1320.0,False,3900.0,inner1_selection,c0000_f5146f1247fa,44
Moose_education_Ricardo,observed,1.0,17,1080.0,False,4200.0,inner1_selection,c0000_f5146f1247fa,44
Mouse_health_Estela,observed,0.972972972972973,15,960.0,False,3780.0,inner1_selection,c0000_f5146f1247fa,44
Mouse_health_Justin,observed,1.0,11,660.0,False,2820.0,inner1_selection,c0000_f5146f1247fa,44
Eagle_assembly_Benny,right_censored,0.8558558558558559,2,,True,540.0,inner1_selection,c0000_f5146f1247fa,45
Eagle_assembly_Ian,right_censored,0.8516483516483516,1,,True,360.0,inner1_selection,c0000_f5146f1247fa,45
Fox_education_Henrietta,observed,1.0,15,2040.0,False,3600.0,inner1_selection,c0000_f5146f1247fa,45
Hog_assembly_Colette,observed,0.9583333333333334,3,180.0,False,780.0,inner1_selection,c0000_f5146f1247fa,45
Hog_assembly_Dona,observed,0.8787878787878788,17,1020.0,False,4260.0,inner1_selection,c0000_f5146f1247fa,45
Lamb_assembly_Bertie,right_censored,0.8571428571428571,20,,True,4800.0,inner1_selection,c0000_f5146f1247fa,45
Lamb_assembly_Cesar,right_censored,1.0,19,,True,4740.0,inner1_selection,c0000_f5146f1247fa,45
Moose_education_Ricardo,observed,1.0,4,240.0,False,1080.0,inner1_selection,c0000_f5146f1247fa,45
Mouse_health_Estela,observed,1.0,8,480.0,False,2100.0,inner1_selection,c0000_f5146f1247fa,45
Mouse_health_Justin,observed,1.0,1,60.0,False,180.0,inner1_selection,c0000_f5146f1247fa,45
Eagle_assembly_Benny,right_censored,0.9007633587786259,6,,True,1500.0,inner1_selection,c0000_f5146f1247fa,46
Eagle_assembly_Ian,observed,0.9,18,1080.0,False,4500.0,inner1_selection,c0000_f5146f1247fa,46
Fox_education_Henrietta,observed,1.0,12,1140.0,False,2880.0,inner1_selection,c0000_f5146f1247fa,46
Hog_assembly_Colette,observed,0.9523809523809523,12,720.0,False,2880.0,inner1_selection,c0000_f5146f1247fa,46
Hog_assembly_Dona,observed,0.9,24,1800.0,False,7800.0,inner1_selection,c0000_f5146f1247fa,46
Lamb_assembly_Bertie,observed,0.90625,9,840.0,False,2280.0,inner1_selection,c0000_f5146f1247fa,46
Lamb_assembly_Cesar,right_censored,1.0,1,,True,180.0,inner1_selection,c0000_f5146f1247fa,46
Moose_education_Ricardo,observed,0.9523809523809523,1,60.0,False,180.0,inner1_selection,c0000_f5146f1247fa,46
Mouse_health_Estela,observed,0.96,14,900.0,False,3540.0,inner1_selection,c0000_f5146f1247fa,46
Mouse_health_Justin,observed,0.8181818181818182,15,2580.0,False,3600.0,inner1_selection,c0000_f5146f1247fa,46
Eagle_assembly_Benny,right_censored,0.875,4,,True,1140.0,inner1_selection,c0001_ee0570e08213,42
Eagle_assembly_Ian,observed,0.8333333333333334,5,300.0,False,1380.0,inner1_selection,c0001_ee0570e08213,42
Fox_education_Henrietta,observed,1.0,6,360.0,False,1620.0,inner1_selection,c0001_ee0570e08213,42
Hog_assembly_Colette,observed,0.96,10,600.0,False,2580.0,inner1_selection,c0001_ee0570e08213,42
Hog_assembly_Dona,observed,0.875,14,1200.0,False,3540.0,inner1_selection,c0001_ee0570e08213,42
Lamb_assembly_Bertie,observed,0.6666666666666666,7,540.0,False,1680.0,inner1_selection,c0001_ee0570e08213,42
Lamb_assembly_Cesar,right_censored,1.0,1,,True,180.0,inner1_selection,c0001_ee0570e08213,42
Moose_education_Ricardo,observed,0.9615384615384616,5,360.0,False,1320.0,inner1_selection,c0001_ee0570e08213,42
Mouse_health_Estela,observed,1.0,5,300.0,False,1320.0,inner1_selection,c0001_ee0570e08213,42
Mouse_health_Justin,observed,0.8333333333333334,18,1080.0,False,4380.0,inner1_selection,c0001_ee0570e08213,42
Eagle_assembly_Benny,observed,1.0,11,1200.0,False,2820.0,inner1_selection,c0001_ee0570e08213,43
Eagle_assembly_Ian,right_censored,0.6666666666666666,16,,True,3900.0,inner1_selection,c0001_ee0570e08213,43
Fox_education_Henrietta,observed,0.968,4,240.0,False,960.0,inner1_selection,c0001_ee0570e08213,43
Hog_assembly_Colette,observed,0.9230769230769231,16,1320.0,False,3960.0,inner1_selection,c0001_ee0570e08213,43
Hog_assembly_Dona,right_censored,0.8709677419354839,5,,True,1320.0,inner1_selection,c0001_ee0570e08213,43
Lamb_assembly_Bertie,observed,0.8846153846153846,7,720.0,False,1800.0,inner1_selection,c0001_ee0570e08213,43
Lamb_assembly_Cesar,right_censored,1.0,5,,True,1380.0,inner1_selection,c0001_ee0570e08213,43
Moose_education_Ricardo,observed,0.975609756097561,16,960.0,False,3900.0,inner1_selection,c0001_ee0570e08213,43
Mouse_health_Estela,observed,1.0,2,120.0,False,660.0,inner1_selection,c0001_ee0570e08213,43
Mouse_health_Justin,observed,0.7777777777777778,11,1620.0,False,2640.0,inner1_selection,c0001_ee0570e08213,43
Eagle_assembly_Benny,observed,0.8823529411764706,10,600.0,False,2400.0,inner1_selection,c0001_ee0570e08213,44
Eagle_assembly_Ian,observed,0.8,9,540.0,False,2340.0,inner1_selection,c0001_ee0570e08213,44
Fox_education_Henrietta,observed,0.9714285714285714,23,1380.0,False,5700.0,inner1_selection,c0001_ee0570e08213,44
Hog_assembly_Colette,observed,0.8888888888888888,12,720.0,False,3000.0,inner1_selection,c0001_ee0570e08213,44
Hog_assembly_Dona,right_censored,0.9036144578313253,2,,True,480.0,inner1_selection,c0001_ee0570e08213,44
Lamb_assembly_Bertie,observed,0.8961038961038961,16,960.0,False,3900.0,inner1_selection,c0001_ee0570e08213,44
Lamb_assembly_Cesar,observed,1.0,16,1320.0,False,3900.0,inner1_selection,c0001_ee0570e08213,44
Moose_education_Ricardo,observed,1.0,17,1080.0,False,4200.0,inner1_selection,c0001_ee0570e08213,44
Mouse_health_Estela,observed,0.972972972972973,15,960.0,False,3780.0,inner1_selection,c0001_ee0570e08213,44
Mouse_health_Justin,observed,1.0,11,660.0,False,2820.0,inner1_selection,c0001_ee0570e08213,44
Eagle_assembly_Benny,right_censored,0.8558558558558559,2,,True,540.0,inner1_selection,c0001_ee0570e08213,45
Eagle_assembly_Ian,right_censored,0.8516483516483516,1,,True,360.0,inner1_selection,c0001_ee0570e08213,45
Fox_education_Henrietta,observed,1.0,15,2040.0,False,3600.0,inner1_selection,c0001_ee0570e08213,45
Hog_assembly_Colette,observed,0.9583333333333334,3,180.0,False,780.0,inner1_selection,c0001_ee0570e08213,45
Hog_assembly_Dona,observed,0.8787878787878788,17,1020.0,False,4260.0,inner1_selection,c0001_ee0570e08213,45
Lamb_assembly_Bertie,right_censored,0.8571428571428571,20,,True,4800.0,inner1_selection,c0001_ee0570e08213,45
Lamb_assembly_Cesar,right_censored,1.0,19,,True,4740.0,inner1_selection,c0001_ee0570e08213,45
Moose_education_Ricardo,observed,1.0,4,240.0,False,1080.0,inner1_selection,c0001_ee0570e08213,45
Mouse_health_Estela,observed,1.0,8,480.0,False,2100.0,inner1_selection,c0001_ee0570e08213,45
Mouse_health_Justin,observed,1.0,1,60.0,False,180.0,inner1_selection,c0001_ee0570e08213,45
Eagle_assembly_Benny,right_censored,0.9007633587786259,6,,True,1500.0,inner1_selection,c0001_ee0570e08213,46
Eagle_assembly_Ian,observed,0.9,18,1080.0,False,4500.0,inner1_selection,c0001_ee0570e08213,46
Fox_education_Henrietta,observed,1.0,12,1140.0,False,2880.0,inner1_selection,c0001_ee0570e08213,46
Hog_assembly_Colette,observed,0.9523809523809523,12,720.0,False,2880.0,inner1_selection,c0001_ee0570e08213,46
Hog_assembly_Dona,observed,0.9,24,1800.0,False,7800.0,inner1_selection,c0001_ee0570e08213,46
Lamb_assembly_Bertie,observed,0.90625,9,840.0,False,2280.0,inner1_selection,c0001_ee0570e08213,46
Lamb_assembly_Cesar,right_censored,1.0,1,,True,180.0,inner1_selection,c0001_ee0570e08213,46
Moose_education_Ricardo,observed,0.9523809523809523,1,60.0,False,180.0,inner1_selection,c0001_ee0570e08213,46
Mouse_health_Estela,observed,0.96,14,900.0,False,3540.0,inner1_selection,c0001_ee0570e08213,46
Mouse_health_Justin,observed,0.8181818181818182,15,2580.0,False,3600.0,inner1_selection,c0001_ee0570e08213,46
Eagle_assembly_Benny,right_censored,0.875,4,,True,1140.0,inner1_selection,c0002_fa76e087b17d,42
Eagle_assembly_Ian,observed,0.8333333333333334,5,300.0,False,1380.0,inner1_selection,c0002_fa76e087b17d,42
Fox_education_Henrietta,observed,1.0,6,360.0,False,1620.0,inner1_selection,c0002_fa76e087b17d,42
Hog_assembly_Colette,observed,0.96,10,600.0,False,2580.0,inner1_selection,c0002_fa76e087b17d,42
Hog_assembly_Dona,observed,0.875,14,1200.0,False,3540.0,inner1_selection,c0002_fa76e087b17d,42
Lamb_assembly_Bertie,observed,0.6666666666666666,7,540.0,False,1680.0,inner1_selection,c0002_fa76e087b17d,42
Lamb_assembly_Cesar,right_censored,1.0,1,,True,180.0,inner1_selection,c0002_fa76e087b17d,42
Moose_education_Ricardo,observed,0.9615384615384616,5,360.0,False,1320.0,inner1_selection,c0002_fa76e087b17d,42
Mouse_health_Estela,observed,1.0,5,300.0,False,1320.0,inner1_selection,c0002_fa76e087b17d,42
Mouse_health_Justin,observed,0.8333333333333334,18,1080.0,False,4380.0,inner1_selection,c0002_fa76e087b17d,42
Eagle_assembly_Benny,observed,1.0,11,1200.0,False,2820.0,inner1_selection,c0002_fa76e087b17d,43
Eagle_assembly_Ian,right_censored,0.6666666666666666,16,,True,3900.0,inner1_selection,c0002_fa76e087b17d,43
Fox_education_Henrietta,observed,0.968,4,240.0,False,960.0,inner1_selection,c0002_fa76e087b17d,43
Hog_assembly_Colette,observed,0.9230769230769231,16,1320.0,False,3960.0,inner1_selection,c0002_fa76e087b17d,43
Hog_assembly_Dona,right_censored,0.8709677419354839,5,,True,1320.0,inner1_selection,c0002_fa76e087b17d,43
Lamb_assembly_Bertie,observed,0.8846153846153846,7,720.0,False,1800.0,inner1_selection,c0002_fa76e087b17d,43
Lamb_assembly_Cesar,right_censored,1.0,5,,True,1380.0,inner1_selection,c0002_fa76e087b17d,43
Moose_education_Ricardo,observed,0.975609756097561,16,960.0,False,3900.0,inner1_selection,c0002_fa76e087b17d,43
Mouse_health_Estela,observed,1.0,2,120.0,False,660.0,inner1_selection,c0002_fa76e087b17d,43
Mouse_health_Justin,observed,0.7777777777777778,11,1620.0,False,2640.0,inner1_selection,c0002_fa76e087b17d,43
Eagle_assembly_Benny,observed,0.8823529411764706,10,600.0,False,2400.0,inner1_selection,c0002_fa76e087b17d,44
Eagle_assembly_Ian,observed,0.8,9,540.0,False,2340.0,inner1_selection,c0002_fa76e087b17d,44
Fox_education_Henrietta,observed,0.9714285714285714,23,1380.0,False,5700.0,inner1_selection,c0002_fa76e087b17d,44
Hog_assembly_Colette,observed,0.8888888888888888,12,720.0,False,3000.0,inner1_selection,c0002_fa76e087b17d,44
Hog_assembly_Dona,right_censored,0.9036144578313253,2,,True,480.0,inner1_selection,c0002_fa76e087b17d,44
Lamb_assembly_Bertie,observed,0.8961038961038961,16,960.0,False,3900.0,inner1_selection,c0002_fa76e087b17d,44
Lamb_assembly_Cesar,observed,1.0,16,1320.0,False,3900.0,inner1_selection,c0002_fa76e087b17d,44
Moose_education_Ricardo,observed,1.0,17,1080.0,False,4200.0,inner1_selection,c0002_fa76e087b17d,44
Mouse_health_Estela,observed,0.972972972972973,15,960.0,False,3780.0,inner1_selection,c0002_fa76e087b17d,44
Mouse_health_Justin,observed,1.0,11,660.0,False,2820.0,inner1_selection,c0002_fa76e087b17d,44
Eagle_assembly_Benny,right_censored,0.8558558558558559,2,,True,540.0,inner1_selection,c0002_fa76e087b17d,45
Eagle_assembly_Ian,right_censored,0.8516483516483516,1,,True,360.0,inner1_selection,c0002_fa76e087b17d,45
Fox_education_Henrietta,observed,1.0,15,2040.0,False,3600.0,inner1_selection,c0002_fa76e087b17d,45
Hog_assembly_Colette,observed,0.9583333333333334,3,180.0,False,780.0,inner1_selection,c0002_fa76e087b17d,45
Hog_assembly_Dona,observed,0.8787878787878788,17,1020.0,False,4260.0,inner1_selection,c0002_fa76e087b17d,45
Lamb_assembly_Bertie,right_censored,0.8571428571428571,20,,True,4800.0,inner1_selection,c0002_fa76e087b17d,45
Lamb_assembly_Cesar,right_censored,1.0,19,,True,4740.0,inner1_selection,c0002_fa76e087b17d,45
Moose_education_Ricardo,observed,1.0,4,240.0,False,1080.0,inner1_selection,c0002_fa76e087b17d,45
Mouse_health_Estela,observed,1.0,8,480.0,False,2100.0,inner1_selection,c0002_fa76e087b17d,45
Mouse_health_Justin,observed,1.0,1,60.0,False,180.0,inner1_selection,c0002_fa76e087b17d,45
Eagle_assembly_Benny,right_censored,0.9007633587786259,6,,True,1500.0,inner1_selection,c0002_fa76e087b17d,46
Eagle_assembly_Ian,observed,0.9,18,1080.0,False,4500.0,inner1_selection,c0002_fa76e087b17d,46
Fox_education_Henrietta,observed,1.0,12,1140.0,False,2880.0,inner1_selection,c0002_fa76e087b17d,46
Hog_assembly_Colette,observed,0.9523809523809523,12,720.0,False,2880.0,inner1_selection,c0002_fa76e087b17d,46
Hog_assembly_Dona,observed,0.9,24,1800.0,False,7800.0,inner1_selection,c0002_fa76e087b17d,46
Lamb_assembly_Bertie,observed,0.90625,9,840.0,False,2280.0,inner1_selection,c0002_fa76e087b17d,46
Lamb_assembly_Cesar,right_censored,1.0,1,,True,180.0,inner1_selection,c0002_fa76e087b17d,46
Moose_education_Ricardo,observed,0.9523809523809523,1,60.0,False,180.0,inner1_selection,c0002_fa76e087b17d,46
Mouse_health_Estela,observed,0.96,14,900.0,False,3540.0,inner1_selection,c0002_fa76e087b17d,46
Mouse_health_Justin,observed,0.8181818181818182,15,2580.0,False,3600.0,inner1_selection,c0002_fa76e087b17d,46
Eagle_assembly_Benny,right_censored,0.875,4,,True,1140.0,inner1_selection,c0012_23099bed3753,42
Eagle_assembly_Ian,right_censored,0.9,5,,True,1380.0,inner1_selection,c0012_23099bed3753,42
Fox_education_Henrietta,observed,1.0,6,360.0,False,1620.0,inner1_selection,c0012_23099bed3753,42
Hog_assembly_Colette,observed,0.96,10,600.0,False,2580.0,inner1_selection,c0012_23099bed3753,42
Hog_assembly_Dona,observed,0.875,14,1560.0,False,3540.0,inner1_selection,c0012_23099bed3753,42
Lamb_assembly_Bertie,right_censored,0.8333333333333334,7,,True,1680.0,inner1_selection,c0012_23099bed3753,42
Lamb_assembly_Cesar,observed,1.0,1,60.0,False,180.0,inner1_selection,c0012_23099bed3753,42
Moose_education_Ricardo,observed,1.0,5,360.0,False,1320.0,inner1_selection,c0012_23099bed3753,42
Mouse_health_Estela,observed,1.0,5,300.0,False,1320.0,inner1_selection,c0012_23099bed3753,42
Mouse_health_Justin,observed,0.8725490196078431,18,1080.0,False,4380.0,inner1_selection,c0012_23099bed3753,42
Eagle_assembly_Benny,observed,1.0,11,660.0,False,2820.0,inner1_selection,c0012_23099bed3753,43
Eagle_assembly_Ian,observed,1.0,16,1020.0,False,3900.0,inner1_selection,c0012_23099bed3753,43
Fox_education_Henrietta,observed,1.0,4,240.0,False,960.0,inner1_selection,c0012_23099bed3753,43
Hog_assembly_Colette,observed,0.9230769230769231,16,1320.0,False,3960.0,inner1_selection,c0012_23099bed3753,43
Hog_assembly_Dona,right_censored,0.8709677419354839,5,,True,1320.0,inner1_selection,c0012_23099bed3753,43
Lamb_assembly_Bertie,right_censored,0.9230769230769231,7,,True,1800.0,inner1_selection,c0012_23099bed3753,43
Lamb_assembly_Cesar,observed,1.0,5,300.0,False,1380.0,inner1_selection,c0012_23099bed3753,43
Moose_education_Ricardo,observed,1.0,16,960.0,False,3900.0,inner1_selection,c0012_23099bed3753,43
Mouse_health_Estela,observed,1.0,2,120.0,False,660.0,inner1_selection,c0012_23099bed3753,43
Mouse_health_Justin,observed,0.8888888888888888,11,660.0,False,2640.0,inner1_selection,c0012_23099bed3753,43
Eagle_assembly_Benny,right_censored,0.9411764705882353,10,,True,2400.0,inner1_selection,c0012_23099bed3753,44
Eagle_assembly_Ian,observed,0.8571428571428571,9,600.0,False,2340.0,inner1_selection,c0012_23099bed3753,44
Fox_education_Henrietta,observed,1.0,23,1380.0,False,5700.0,inner1_selection,c0012_23099bed3753,44
Hog_assembly_Colette,observed,0.8888888888888888,12,720.0,False,3000.0,inner1_selection,c0012_23099bed3753,44
Hog_assembly_Dona,right_censored,0.9156626506024096,2,,True,480.0,inner1_selection,c0012_23099bed3753,44
Lamb_assembly_Bertie,observed,0.935064935064935,16,960.0,False,3900.0,inner1_selection,c0012_23099bed3753,44
Lamb_assembly_Cesar,observed,1.0,16,960.0,False,3900.0,inner1_selection,c0012_23099bed3753,44
Moose_education_Ricardo,observed,1.0,17,1080.0,False,4200.0,inner1_selection,c0012_23099bed3753,44
Mouse_health_Estela,observed,0.972972972972973,15,900.0,False,3780.0,inner1_selection,c0012_23099bed3753,44
Mouse_health_Justin,observed,1.0,11,660.0,False,2820.0,inner1_selection,c0012_23099bed3753,44
Eagle_assembly_Benny,right_censored,0.918918918918919,2,,True,540.0,inner1_selection,c0012_23099bed3753,45
Eagle_assembly_Ian,right_censored,0.8736263736263736,1,,True,360.0,inner1_selection,c0012_23099bed3753,45
Fox_education_Henrietta,observed,1.0,15,900.0,False,3600.0,inner1_selection,c0012_23099bed3753,45
Hog_assembly_Colette,observed,0.9583333333333334,3,180.0,False,780.0,inner1_selection,c0012_23099bed3753,45
Hog_assembly_Dona,observed,0.8787878787878788,17,1020.0,False,4260.0,inner1_selection,c0012_23099bed3753,45
Lamb_assembly_Bertie,observed,1.0,20,1200.0,False,4800.0,inner1_selection,c0012_23099bed3753,45
Lamb_assembly_Cesar,observed,1.0,19,1140.0,False,4740.0,inner1_selection,c0012_23099bed3753,45
Moose_education_Ricardo,observed,1.0,4,240.0,False,1080.0,inner1_selection,c0012_23099bed3753,45
Mouse_health_Estela,observed,1.0,8,480.0,False,2100.0,inner1_selection,c0012_23099bed3753,45
Mouse_health_Justin,observed,1.0,1,60.0,False,180.0,inner1_selection,c0012_23099bed3753,45
Eagle_assembly_Benny,observed,0.950381679389313,6,360.0,False,1500.0,inner1_selection,c0012_23099bed3753,46
Eagle_assembly_Ian,observed,1.0,18,1740.0,False,4500.0,inner1_selection,c0012_23099bed3753,46
Fox_education_Henrietta,observed,1.0,12,720.0,False,2880.0,inner1_selection,c0012_23099bed3753,46
Hog_assembly_Colette,observed,0.9523809523809523,12,720.0,False,2880.0,inner1_selection,c0012_23099bed3753,46
Hog_assembly_Dona,observed,0.9,24,1800.0,False,7800.0,inner1_selection,c0012_23099bed3753,46
Lamb_assembly_Bertie,right_censored,0.9479166666666666,9,,True,2280.0,inner1_selection,c0012_23099bed3753,46
Lamb_assembly_Cesar,observed,1.0,1,60.0,False,180.0,inner1_selection,c0012_23099bed3753,46
Moose_education_Ricardo,observed,1.0,1,60.0,False,180.0,inner1_selection,c0012_23099bed3753,46
Mouse_health_Estela,observed,0.96,14,900.0,False,3540.0,inner1_selection,c0012_23099bed3753,46
Mouse_health_Justin,observed,0.9090909090909091,15,900.0,False,3600.0,inner1_selection,c0012_23099bed3753,46
Eagle_assembly_Benny,right_censored,0.875,4,,True,1140.0,inner1_selection,c0013_a21278d4e492,42
Eagle_assembly_Ian,right_censored,0.9,5,,True,1380.0,inner1_selection,c0013_a21278d4e492,42
Fox_education_Henrietta,observed,1.0,6,360.0,False,1620.0,inner1_selection,c0013_a21278d4e492,42
Hog_assembly_Colette,observed,0.96,10,600.0,False,2580.0,inner1_selection,c0013_a21278d4e492,42
Hog_assembly_Dona,observed,0.875,14,1560.0,False,3540.0,inner1_selection,c0013_a21278d4e492,42
Lamb_assembly_Bertie,right_censored,0.8333333333333334,7,,True,1680.0,inner1_selection,c0013_a21278d4e492,42
Lamb_assembly_Cesar,observed,1.0,1,60.0,False,180.0,inner1_selection,c0013_a21278d4e492,42
Moose_education_Ricardo,observed,1.0,5,360.0,False,1320.0,inner1_selection,c0013_a21278d4e492,42
Mouse_health_Estela,observed,1.0,5,300.0,False,1320.0,inner1_selection,c0013_a21278d4e492,42
Mouse_health_Justin,observed,0.8725490196078431,18,1080.0,False,4380.0,inner1_selection,c0013_a21278d4e492,42
Eagle_assembly_Benny,observed,1.0,11,660.0,False,2820.0,inner1_selection,c0013_a21278d4e492,43
Eagle_assembly_Ian,observed,1.0,16,1020.0,False,3900.0,inner1_selection,c0013_a21278d4e492,43
Fox_education_Henrietta,observed,1.0,4,240.0,False,960.0,inner1_selection,c0013_a21278d4e492,43
Hog_assembly_Colette,observed,0.9230769230769231,16,1320.0,False,3960.0,inner1_selection,c0013_a21278d4e492,43
Hog_assembly_Dona,right_censored,0.8709677419354839,5,,True,1320.0,inner1_selection,c0013_a21278d4e492,43
Lamb_assembly_Bertie,right_censored,0.9230769230769231,7,,True,1800.0,inner1_selection,c0013_a21278d4e492,43
Lamb_assembly_Cesar,observed,1.0,5,300.0,False,1380.0,inner1_selection,c0013_a21278d4e492,43
Moose_education_Ricardo,observed,1.0,16,960.0,False,3900.0,inner1_selection,c0013_a21278d4e492,43
Mouse_health_Estela,observed,1.0,2,120.0,False,660.0,inner1_selection,c0013_a21278d4e492,43
Mouse_health_Justin,observed,0.8888888888888888,11,660.0,False,2640.0,inner1_selection,c0013_a21278d4e492,43
Eagle_assembly_Benny,right_censored,0.9411764705882353,10,,True,2400.0,inner1_selection,c0013_a21278d4e492,44
Eagle_assembly_Ian,observed,0.8571428571428571,9,600.0,False,2340.0,inner1_selection,c0013_a21278d4e492,44
Fox_education_Henrietta,observed,1.0,23,1380.0,False,5700.0,inner1_selection,c0013_a21278d4e492,44
Hog_assembly_Colette,observed,0.8888888888888888,12,720.0,False,3000.0,inner1_selection,c0013_a21278d4e492,44
Hog_assembly_Dona,right_censored,0.9156626506024096,2,,True,480.0,inner1_selection,c0013_a21278d4e492,44
Lamb_assembly_Bertie,observed,0.935064935064935,16,960.0,False,3900.0,inner1_selection,c0013_a21278d4e492,44
Lamb_assembly_Cesar,observed,1.0,16,960.0,False,3900.0,inner1_selection,c0013_a21278d4e492,44
Moose_education_Ricardo,observed,1.0,17,1080.0,False,4200.0,inner1_selection,c0013_a21278d4e492,44
Mouse_health_Estela,observed,0.972972972972973,15,900.0,False,3780.0,inner1_selection,c0013_a21278d4e492,44
Mouse_health_Justin,observed,1.0,11,660.0,False,2820.0,inner1_selection,c0013_a21278d4e492,44
Eagle_assembly_Benny,right_censored,0.918918918918919,2,,True,540.0,inner1_selection,c0013_a21278d4e492,45
Eagle_assembly_Ian,right_censored,0.8736263736263736,1,,True,360.0,inner1_selection,c0013_a21278d4e492,45
Fox_education_Henrietta,observed,1.0,15,900.0,False,3600.0,inner1_selection,c0013_a21278d4e492,45
Hog_assembly_Colette,observed,0.9583333333333334,3,180.0,False,780.0,inner1_selection,c0013_a21278d4e492,45
Hog_assembly_Dona,observed,0.8787878787878788,17,1020.0,False,4260.0,inner1_selection,c0013_a21278d4e492,45
Lamb_assembly_Bertie,observed,1.0,20,1200.0,False,4800.0,inner1_selection,c0013_a21278d4e492,45
Lamb_assembly_Cesar,observed,1.0,19,1140.0,False,4740.0,inner1_selection,c0013_a21278d4e492,45
Moose_education_Ricardo,observed,1.0,4,240.0,False,1080.0,inner1_selection,c0013_a21278d4e492,45
Mouse_health_Estela,observed,1.0,8,480.0,False,2100.0,inner1_selection,c0013_a21278d4e492,45
Mouse_health_Justin,observed,1.0,1,60.0,False,180.0,inner1_selection,c0013_a21278d4e492,45
Eagle_assembly_Benny,observed,0.950381679389313,6,360.0,False,1500.0,inner1_selection,c0013_a21278d4e492,46
Eagle_assembly_Ian,observed,1.0,18,1740.0,False,4500.0,inner1_selection,c0013_a21278d4e492,46
Fox_education_Henrietta,observed,1.0,12,720.0,False,2880.0,inner1_selection,c0013_a21278d4e492,46
Hog_assembly_Colette,observed,0.9523809523809523,12,720.0,False,2880.0,inner1_selection,c0013_a21278d4e492,46
Hog_assembly_Dona,observed,0.9,24,1800.0,False,7800.0,inner1_selection,c0013_a21278d4e492,46
Lamb_assembly_Bertie,right_censored,0.9479166666666666,9,,True,2280.0,inner1_selection,c0013_a21278d4e492,46
Lamb_assembly_Cesar,observed,1.0,1,60.0,False,180.0,inner1_selection,c0013_a21278d4e492,46
Moose_education_Ricardo,observed,1.0,1,60.0,False,180.0,inner1_selection,c0013_a21278d4e492,46
Mouse_health_Estela,observed,0.96,14,900.0,False,3540.0,inner1_selection,c0013_a21278d4e492,46
Mouse_health_Justin,observed,0.9090909090909091,15,900.0,False,3600.0,inner1_selection,c0013_a21278d4e492,46
Eagle_assembly_Benny,right_censored,0.875,4,,True,1140.0,inner1_selection,c0014_54a0e1ef5720,42
Eagle_assembly_Ian,right_censored,0.9,5,,True,1380.0,inner1_selection,c0014_54a0e1ef5720,42
Fox_education_Henrietta,observed,1.0,6,360.0,False,1620.0,inner1_selection,c0014_54a0e1ef5720,42
Hog_assembly_Colette,observed,0.96,10,600.0,False,2580.0,inner1_selection,c0014_54a0e1ef5720,42
Hog_assembly_Dona,observed,0.875,14,1560.0,False,3540.0,inner1_selection,c0014_54a0e1ef5720,42
Lamb_assembly_Bertie,right_censored,0.8333333333333334,7,,True,1680.0,inner1_selection,c0014_54a0e1ef5720,42
Lamb_assembly_Cesar,observed,1.0,1,60.0,False,180.0,inner1_selection,c0014_54a0e1ef5720,42
Moose_education_Ricardo,observed,1.0,5,360.0,False,1320.0,inner1_selection,c0014_54a0e1ef5720,42
Mouse_health_Estela,observed,1.0,5,300.0,False,1320.0,inner1_selection,c0014_54a0e1ef5720,42
Mouse_health_Justin,observed,0.8725490196078431,18,1080.0,False,4380.0,inner1_selection,c0014_54a0e1ef5720,42
Eagle_assembly_Benny,observed,1.0,11,660.0,False,2820.0,inner1_selection,c0014_54a0e1ef5720,43
Eagle_assembly_Ian,observed,1.0,16,1020.0,False,3900.0,inner1_selection,c0014_54a0e1ef5720,43
Fox_education_Henrietta,observed,1.0,4,240.0,False,960.0,inner1_selection,c0014_54a0e1ef5720,43
Hog_assembly_Colette,observed,0.9230769230769231,16,1320.0,False,3960.0,inner1_selection,c0014_54a0e1ef5720,43
Hog_assembly_Dona,right_censored,0.8709677419354839,5,,True,1320.0,inner1_selection,c0014_54a0e1ef5720,43
Lamb_assembly_Bertie,right_censored,0.9230769230769231,7,,True,1800.0,inner1_selection,c0014_54a0e1ef5720,43
Lamb_assembly_Cesar,observed,1.0,5,300.0,False,1380.0,inner1_selection,c0014_54a0e1ef5720,43
Moose_education_Ricardo,observed,1.0,16,960.0,False,3900.0,inner1_selection,c0014_54a0e1ef5720,43
Mouse_health_Estela,observed,1.0,2,120.0,False,660.0,inner1_selection,c0014_54a0e1ef5720,43
Mouse_health_Justin,observed,0.8888888888888888,11,660.0,False,2640.0,inner1_selection,c0014_54a0e1ef5720,43
Eagle_assembly_Benny,right_censored,0.9411764705882353,10,,True,2400.0,inner1_selection,c0014_54a0e1ef5720,44
Eagle_assembly_Ian,observed,0.8571428571428571,9,600.0,False,2340.0,inner1_selection,c0014_54a0e1ef5720,44
Fox_education_Henrietta,observed,1.0,23,1380.0,False,5700.0,inner1_selection,c0014_54a0e1ef5720,44
Hog_assembly_Colette,observed,0.8888888888888888,12,720.0,False,3000.0,inner1_selection,c0014_54a0e1ef5720,44
Hog_assembly_Dona,right_censored,0.9156626506024096,2,,True,480.0,inner1_selection,c0014_54a0e1ef5720,44
Lamb_assembly_Bertie,observed,0.935064935064935,16,960.0,False,3900.0,inner1_selection,c0014_54a0e1ef5720,44
Lamb_assembly_Cesar,observed,1.0,16,960.0,False,3900.0,inner1_selection,c0014_54a0e1ef5720,44
Moose_education_Ricardo,observed,1.0,17,1080.0,False,4200.0,inner1_selection,c0014_54a0e1ef5720,44
Mouse_health_Estela,observed,0.972972972972973,15,900.0,False,3780.0,inner1_selection,c0014_54a0e1ef5720,44
Mouse_health_Justin,observed,1.0,11,660.0,False,2820.0,inner1_selection,c0014_54a0e1ef5720,44
Eagle_assembly_Benny,right_censored,0.918918918918919,2,,True,540.0,inner1_selection,c0014_54a0e1ef5720,45
Eagle_assembly_Ian,right_censored,0.8736263736263736,1,,True,360.0,inner1_selection,c0014_54a0e1ef5720,45
Fox_education_Henrietta,observed,1.0,15,900.0,False,3600.0,inner1_selection,c0014_54a0e1ef5720,45
Hog_assembly_Colette,observed,0.9583333333333334,3,180.0,False,780.0,inner1_selection,c0014_54a0e1ef5720,45
Hog_assembly_Dona,observed,0.8787878787878788,17,1020.0,False,4260.0,inner1_selection,c0014_54a0e1ef5720,45
Lamb_assembly_Bertie,observed,1.0,20,1200.0,False,4800.0,inner1_selection,c0014_54a0e1ef5720,45
Lamb_assembly_Cesar,observed,1.0,19,1140.0,False,4740.0,inner1_selection,c0014_54a0e1ef5720,45
Moose_education_Ricardo,observed,1.0,4,240.0,False,1080.0,inner1_selection,c0014_54a0e1ef5720,45
Mouse_health_Estela,observed,1.0,8,480.0,False,2100.0,inner1_selection,c0014_54a0e1ef5720,45
Mouse_health_Justin,observed,1.0,1,60.0,False,180.0,inner1_selection,c0014_54a0e1ef5720,45
Eagle_assembly_Benny,observed,0.950381679389313,6,360.0,False,1500.0,inner1_selection,c0014_54a0e1ef5720,46
Eagle_assembly_Ian,observed,1.0,18,1740.0,False,4500.0,inner1_selection,c0014_54a0e1ef5720,46
Fox_education_Henrietta,observed,1.0,12,720.0,False,2880.0,inner1_selection,c0014_54a0e1ef5720,46
Hog_assembly_Colette,observed,0.9523809523809523,12,720.0,False,2880.0,inner1_selection,c0014_54a0e1ef5720,46
Hog_assembly_Dona,observed,0.9,24,1800.0,False,7800.0,inner1_selection,c0014_54a0e1ef5720,46
Lamb_assembly_Bertie,right_censored,0.9479166666666666,9,,True,2280.0,inner1_selection,c0014_54a0e1ef5720,46
Lamb_assembly_Cesar,observed,1.0,1,60.0,False,180.0,inner1_selection,c0014_54a0e1ef5720,46
Moose_education_Ricardo,observed,1.0,1,60.0,False,180.0,inner1_selection,c0014_54a0e1ef5720,46
Mouse_health_Estela,observed,0.96,14,900.0,False,3540.0,inner1_selection,c0014_54a0e1ef5720,46
Mouse_health_Justin,observed,0.9090909090909091,15,900.0,False,3600.0,inner1_selection,c0014_54a0e1ef5720,46
Eagle_assembly_Benny,right_censored,0.875,4,,True,1140.0,inner1_selection,c0024_ba16b82adffd,42
Eagle_assembly_Ian,right_censored,0.9,5,,True,1380.0,inner1_selection,c0024_ba16b82adffd,42
Fox_education_Henrietta,observed,1.0,6,360.0,False,1620.0,inner1_selection,c0024_ba16b82adffd,42
Hog_assembly_Colette,observed,0.96,10,600.0,False,2580.0,inner1_selection,c0024_ba16b82adffd,42
Hog_assembly_Dona,observed,0.96875,14,840.0,False,3540.0,inner1_selection,c0024_ba16b82adffd,42
Lamb_assembly_Bertie,observed,0.8333333333333334,7,1380.0,False,1680.0,inner1_selection,c0024_ba16b82adffd,42
Lamb_assembly_Cesar,right_censored,1.0,1,,True,180.0,inner1_selection,c0024_ba16b82adffd,42
Moose_education_Ricardo,right_censored,0.9230769230769231,5,,True,1320.0,inner1_selection,c0024_ba16b82adffd,42
Mouse_health_Estela,observed,1.0,5,300.0,False,1320.0,inner1_selection,c0024_ba16b82adffd,42
Mouse_health_Justin,right_censored,0.8921568627450981,18,,True,4380.0,inner1_selection,c0024_ba16b82adffd,42
Eagle_assembly_Benny,observed,1.0,11,660.0,False,2820.0,inner1_selection,c0024_ba16b82adffd,43
Eagle_assembly_Ian,observed,1.0,16,1020.0,False,3900.0,inner1_selection,c0024_ba16b82adffd,43
Fox_education_Henrietta,observed,0.976,4,240.0,False,960.0,inner1_selection,c0024_ba16b82adffd,43
Hog_assembly_Colette,observed,0.9230769230769231,16,3540.0,False,3960.0,inner1_selection,c0024_ba16b82adffd,43
Hog_assembly_Dona,observed,0.967741935483871,5,600.0,False,1320.0,inner1_selection,c0024_ba16b82adffd,43
Lamb_assembly_Bertie,right_censored,0.9230769230769231,7,,True,1800.0,inner1_selection,c0024_ba16b82adffd,43
Lamb_assembly_Cesar,observed,1.0,5,300.0,False,1380.0,inner1_selection,c0024_ba16b82adffd,43
Moose_education_Ricardo,right_censored,0.926829268292683,16,,True,3900.0,inner1_selection,c0024_ba16b82adffd,43
Mouse_health_Estela,observed,1.0,2,120.0,False,660.0,inner1_selection,c0024_ba16b82adffd,43
Mouse_health_Justin,observed,0.8888888888888888,11,660.0,False,2640.0,inner1_selection,c0024_ba16b82adffd,43
Eagle_assembly_Benny,right_censored,0.8529411764705882,10,,True,2400.0,inner1_selection,c0024_ba16b82adffd,44
Eagle_assembly_Ian,observed,0.8857142857142857,9,600.0,False,2340.0,inner1_selection,c0024_ba16b82adffd,44
Fox_education_Henrietta,observed,0.9714285714285714,23,1380.0,False,5700.0,inner1_selection,c0024_ba16b82adffd,44
Hog_assembly_Colette,observed,0.8888888888888888,12,2580.0,False,3000.0,inner1_selection,c0024_ba16b82adffd,44
Hog_assembly_Dona,observed,0.963855421686747,2,120.0,False,480.0,inner1_selection,c0024_ba16b82adffd,44
Lamb_assembly_Bertie,observed,0.935064935064935,16,960.0,False,3900.0,inner1_selection,c0024_ba16b82adffd,44
Lamb_assembly_Cesar,observed,1.0,16,960.0,False,3900.0,inner1_selection,c0024_ba16b82adffd,44
Moose_education_Ricardo,observed,1.0,17,1080.0,False,4200.0,inner1_selection,c0024_ba16b82adffd,44
Mouse_health_Estela,observed,0.972972972972973,15,900.0,False,3780.0,inner1_selection,c0024_ba16b82adffd,44
Mouse_health_Justin,observed,1.0,11,660.0,False,2820.0,inner1_selection,c0024_ba16b82adffd,44
Eagle_assembly_Benny,right_censored,0.8648648648648649,2,,True,540.0,inner1_selection,c0024_ba16b82adffd,45
Eagle_assembly_Ian,right_censored,0.9340659340659341,1,,True,360.0,inner1_selection,c0024_ba16b82adffd,45
Fox_education_Henrietta,observed,1.0,15,900.0,False,3600.0,inner1_selection,c0024_ba16b82adffd,45
Hog_assembly_Colette,observed,0.9583333333333334,3,180.0,False,780.0,inner1_selection,c0024_ba16b82adffd,45
Hog_assembly_Dona,observed,0.9696969696969697,17,1020.0,False,4260.0,inner1_selection,c0024_ba16b82adffd,45
Lamb_assembly_Bertie,observed,1.0,20,1200.0,False,4800.0,inner1_selection,c0024_ba16b82adffd,45
Lamb_assembly_Cesar,observed,1.0,19,1440.0,False,4740.0,inner1_selection,c0024_ba16b82adffd,45
Moose_education_Ricardo,observed,1.0,4,240.0,False,1080.0,inner1_selection,c0024_ba16b82adffd,45
Mouse_health_Estela,observed,1.0,8,480.0,False,2100.0,inner1_selection,c0024_ba16b82adffd,45
Mouse_health_Justin,observed,1.0,1,60.0,False,180.0,inner1_selection,c0024_ba16b82adffd,45
Eagle_assembly_Benny,right_censored,0.9312977099236641,6,,True,1500.0,inner1_selection,c0024_ba16b82adffd,46
Eagle_assembly_Ian,observed,1.0,18,1740.0,False,4500.0,inner1_selection,c0024_ba16b82adffd,46
Fox_education_Henrietta,observed,1.0,12,1140.0,False,2880.0,inner1_selection,c0024_ba16b82adffd,46
Hog_assembly_Colette,observed,0.9523809523809523,12,720.0,False,2880.0,inner1_selection,c0024_ba16b82adffd,46
Hog_assembly_Dona,observed,0.95,24,1440.0,False,7800.0,inner1_selection,c0024_ba16b82adffd,46
Lamb_assembly_Bertie,right_censored,0.9479166666666666,9,,True,2280.0,inner1_selection,c0024_ba16b82adffd,46
Lamb_assembly_Cesar,right_censored,1.0,1,,True,180.0,inner1_selection,c0024_ba16b82adffd,46
Moose_education_Ricardo,right_censored,0.9047619047619048,1,,True,180.0,inner1_selection,c0024_ba16b82adffd,46
Mouse_health_Estela,observed,0.96,14,900.0,False,3540.0,inner1_selection,c0024_ba16b82adffd,46
Mouse_health_Justin,observed,0.9090909090909091,15,900.0,False,3600.0,inner1_selection,c0024_ba16b82adffd,46
Eagle_assembly_Benny,right_censored,0.875,4,,True,1140.0,inner1_selection,c0025_63dd1cc1601e,42
Eagle_assembly_Ian,right_censored,0.9,5,,True,1380.0,inner1_selection,c0025_63dd1cc1601e,42
Fox_education_Henrietta,observed,1.0,6,360.0,False,1620.0,inner1_selection,c0025_63dd1cc1601e,42
Hog_assembly_Colette,observed,0.96,10,600.0,False,2580.0,inner1_selection,c0025_63dd1cc1601e,42
Hog_assembly_Dona,observed,0.96875,14,840.0,False,3540.0,inner1_selection,c0025_63dd1cc1601e,42
Lamb_assembly_Bertie,observed,0.8333333333333334,7,1380.0,False,1680.0,inner1_selection,c0025_63dd1cc1601e,42
Lamb_assembly_Cesar,right_censored,1.0,1,,True,180.0,inner1_selection,c0025_63dd1cc1601e,42
Moose_education_Ricardo,right_censored,0.9230769230769231,5,,True,1320.0,inner1_selection,c0025_63dd1cc1601e,42
Mouse_health_Estela,observed,1.0,5,300.0,False,1320.0,inner1_selection,c0025_63dd1cc1601e,42
Mouse_health_Justin,right_censored,0.8921568627450981,18,,True,4380.0,inner1_selection,c0025_63dd1cc1601e,42
Eagle_assembly_Benny,observed,1.0,11,660.0,False,2820.0,inner1_selection,c0025_63dd1cc1601e,43
Eagle_assembly_Ian,observed,1.0,16,1020.0,False,3900.0,inner1_selection,c0025_63dd1cc1601e,43
Fox_education_Henrietta,observed,0.976,4,240.0,False,960.0,inner1_selection,c0025_63dd1cc1601e,43
Hog_assembly_Colette,observed,0.9230769230769231,16,3540.0,False,3960.0,inner1_selection,c0025_63dd1cc1601e,43
Hog_assembly_Dona,observed,0.967741935483871,5,600.0,False,1320.0,inner1_selection,c0025_63dd1cc1601e,43
Lamb_assembly_Bertie,right_censored,0.9230769230769231,7,,True,1800.0,inner1_selection,c0025_63dd1cc1601e,43
Lamb_assembly_Cesar,observed,1.0,5,300.0,False,1380.0,inner1_selection,c0025_63dd1cc1601e,43
Moose_education_Ricardo,right_censored,0.926829268292683,16,,True,3900.0,inner1_selection,c0025_63dd1cc1601e,43
Mouse_health_Estela,observed,1.0,2,120.0,False,660.0,inner1_selection,c0025_63dd1cc1601e,43
Mouse_health_Justin,observed,0.8888888888888888,11,660.0,False,2640.0,inner1_selection,c0025_63dd1cc1601e,43
Eagle_assembly_Benny,right_censored,0.8529411764705882,10,,True,2400.0,inner1_selection,c0025_63dd1cc1601e,44
Eagle_assembly_Ian,observed,0.8857142857142857,9,600.0,False,2340.0,inner1_selection,c0025_63dd1cc1601e,44
Fox_education_Henrietta,observed,0.9714285714285714,23,1380.0,False,5700.0,inner1_selection,c0025_63dd1cc1601e,44
Hog_assembly_Colette,observed,0.8888888888888888,12,2580.0,False,3000.0,inner1_selection,c0025_63dd1cc1601e,44
Hog_assembly_Dona,observed,0.963855421686747,2,120.0,False,480.0,inner1_selection,c0025_63dd1cc1601e,44
Lamb_assembly_Bertie,observed,0.935064935064935,16,960.0,False,3900.0,inner1_selection,c0025_63dd1cc1601e,44
Lamb_assembly_Cesar,observed,1.0,16,960.0,False,3900.0,inner1_selection,c0025_63dd1cc1601e,44
Moose_education_Ricardo,observed,1.0,17,1080.0,False,4200.0,inner1_selection,c0025_63dd1cc1601e,44
Mouse_health_Estela,observed,0.972972972972973,15,900.0,False,3780.0,inner1_selection,c0025_63dd1cc1601e,44
Mouse_health_Justin,observed,1.0,11,660.0,False,2820.0,inner1_selection,c0025_63dd1cc1601e,44
Eagle_assembly_Benny,right_censored,0.8648648648648649,2,,True,540.0,inner1_selection,c0025_63dd1cc1601e,45
Eagle_assembly_Ian,right_censored,0.9340659340659341,1,,True,360.0,inner1_selection,c0025_63dd1cc1601e,45
Fox_education_Henrietta,observed,1.0,15,900.0,False,3600.0,inner1_selection,c0025_63dd1cc1601e,45
Hog_assembly_Colette,observed,0.9583333333333334,3,180.0,False,780.0,inner1_selection,c0025_63dd1cc1601e,45
Hog_assembly_Dona,observed,0.9696969696969697,17,1020.0,False,4260.0,inner1_selection,c0025_63dd1cc1601e,45
Lamb_assembly_Bertie,observed,1.0,20,1200.0,False,4800.0,inner1_selection,c0025_63dd1cc1601e,45
Lamb_assembly_Cesar,observed,1.0,19,1440.0,False,4740.0,inner1_selection,c0025_63dd1cc1601e,45
Moose_education_Ricardo,observed,1.0,4,240.0,False,1080.0,inner1_selection,c0025_63dd1cc1601e,45
Mouse_health_Estela,observed,1.0,8,480.0,False,2100.0,inner1_selection,c0025_63dd1cc1601e,45
Mouse_health_Justin,observed,1.0,1,60.0,False,180.0,inner1_selection,c0025_63dd1cc1601e,45
Eagle_assembly_Benny,right_censored,0.9312977099236641,6,,True,1500.0,inner1_selection,c0025_63dd1cc1601e,46
Eagle_assembly_Ian,observed,1.0,18,1740.0,False,4500.0,inner1_selection,c0025_63dd1cc1601e,46
Fox_education_Henrietta,observed,1.0,12,1140.0,False,2880.0,inner1_selection,c0025_63dd1cc1601e,46
Hog_assembly_Colette,observed,0.9523809523809523,12,720.0,False,2880.0,inner1_selection,c0025_63dd1cc1601e,46
Hog_assembly_Dona,observed,0.95,24,1440.0,False,7800.0,inner1_selection,c0025_63dd1cc1601e,46
Lamb_assembly_Bertie,right_censored,0.9479166666666666,9,,True,2280.0,inner1_selection,c0025_63dd1cc1601e,46
Lamb_assembly_Cesar,right_censored,1.0,1,,True,180.0,inner1_selection,c0025_63dd1cc1601e,46
Moose_education_Ricardo,right_censored,0.9047619047619048,1,,True,180.0,inner1_selection,c0025_63dd1cc1601e,46
Mouse_health_Estela,observed,0.96,14,900.0,False,3540.0,inner1_selection,c0025_63dd1cc1601e,46
Mouse_health_Justin,observed,0.9090909090909091,15,900.0,False,3600.0,inner1_selection,c0025_63dd1cc1601e,46
Eagle_assembly_Benny,right_censored,0.875,4,,True,1140.0,inner1_selection,c0026_47d9fe7d15ba,42
Eagle_assembly_Ian,right_censored,0.9,5,,True,1380.0,inner1_selection,c0026_47d9fe7d15ba,42
Fox_education_Henrietta,observed,1.0,6,360.0,False,1620.0,inner1_selection,c0026_47d9fe7d15ba,42
Hog_assembly_Colette,observed,0.96,10,600.0,False,2580.0,inner1_selection,c0026_47d9fe7d15ba,42
Hog_assembly_Dona,observed,0.96875,14,840.0,False,3540.0,inner1_selection,c0026_47d9fe7d15ba,42
Lamb_assembly_Bertie,observed,0.8333333333333334,7,1380.0,False,1680.0,inner1_selection,c0026_47d9fe7d15ba,42
Lamb_assembly_Cesar,right_censored,1.0,1,,True,180.0,inner1_selection,c0026_47d9fe7d15ba,42
Moose_education_Ricardo,right_censored,0.9230769230769231,5,,True,1320.0,inner1_selection,c0026_47d9fe7d15ba,42
Mouse_health_Estela,observed,1.0,5,300.0,False,1320.0,inner1_selection,c0026_47d9fe7d15ba,42
Mouse_health_Justin,right_censored,0.8921568627450981,18,,True,4380.0,inner1_selection,c0026_47d9fe7d15ba,42
Eagle_assembly_Benny,observed,1.0,11,660.0,False,2820.0,inner1_selection,c0026_47d9fe7d15ba,43
Eagle_assembly_Ian,observed,1.0,16,1020.0,False,3900.0,inner1_selection,c0026_47d9fe7d15ba,43
Fox_education_Henrietta,observed,0.976,4,240.0,False,960.0,inner1_selection,c0026_47d9fe7d15ba,43
Hog_assembly_Colette,observed,0.9230769230769231,16,3540.0,False,3960.0,inner1_selection,c0026_47d9fe7d15ba,43
Hog_assembly_Dona,observed,0.967741935483871,5,600.0,False,1320.0,inner1_selection,c0026_47d9fe7d15ba,43
Lamb_assembly_Bertie,right_censored,0.9230769230769231,7,,True,1800.0,inner1_selection,c0026_47d9fe7d15ba,43
Lamb_assembly_Cesar,observed,1.0,5,300.0,False,1380.0,inner1_selection,c0026_47d9fe7d15ba,43
Moose_education_Ricardo,right_censored,0.926829268292683,16,,True,3900.0,inner1_selection,c0026_47d9fe7d15ba,43
Mouse_health_Estela,observed,1.0,2,120.0,False,660.0,inner1_selection,c0026_47d9fe7d15ba,43
Mouse_health_Justin,observed,0.8888888888888888,11,660.0,False,2640.0,inner1_selection,c0026_47d9fe7d15ba,43
Eagle_assembly_Benny,right_censored,0.8529411764705882,10,,True,2400.0,inner1_selection,c0026_47d9fe7d15ba,44
Eagle_assembly_Ian,observed,0.8857142857142857,9,600.0,False,2340.0,inner1_selection,c0026_47d9fe7d15ba,44
Fox_education_Henrietta,observed,0.9714285714285714,23,1380.0,False,5700.0,inner1_selection,c0026_47d9fe7d15ba,44
Hog_assembly_Colette,observed,0.8888888888888888,12,2580.0,False,3000.0,inner1_selection,c0026_47d9fe7d15ba,44
Hog_assembly_Dona,observed,0.963855421686747,2,120.0,False,480.0,inner1_selection,c0026_47d9fe7d15ba,44
Lamb_assembly_Bertie,observed,0.935064935064935,16,960.0,False,3900.0,inner1_selection,c0026_47d9fe7d15ba,44
Lamb_assembly_Cesar,observed,1.0,16,960.0,False,3900.0,inner1_selection,c0026_47d9fe7d15ba,44
Moose_education_Ricardo,observed,1.0,17,1080.0,False,4200.0,inner1_selection,c0026_47d9fe7d15ba,44
Mouse_health_Estela,observed,0.972972972972973,15,900.0,False,3780.0,inner1_selection,c0026_47d9fe7d15ba,44
Mouse_health_Justin,observed,1.0,11,660.0,False,2820.0,inner1_selection,c0026_47d9fe7d15ba,44
Eagle_assembly_Benny,right_censored,0.8648648648648649,2,,True,540.0,inner1_selection,c0026_47d9fe7d15ba,45
Eagle_assembly_Ian,right_censored,0.9340659340659341,1,,True,360.0,inner1_selection,c0026_47d9fe7d15ba,45
Fox_education_Henrietta,observed,1.0,15,900.0,False,3600.0,inner1_selection,c0026_47d9fe7d15ba,45
Hog_assembly_Colette,observed,0.9583333333333334,3,180.0,False,780.0,inner1_selection,c0026_47d9fe7d15ba,45
Hog_assembly_Dona,observed,0.9696969696969697,17,1020.0,False,4260.0,inner1_selection,c0026_47d9fe7d15ba,45
Lamb_assembly_Bertie,observed,1.0,20,1200.0,False,4800.0,inner1_selection,c0026_47d9fe7d15ba,45
Lamb_assembly_Cesar,observed,1.0,19,1440.0,False,4740.0,inner1_selection,c0026_47d9fe7d15ba,45
Moose_education_Ricardo,observed,1.0,4,240.0,False,1080.0,inner1_selection,c0026_47d9fe7d15ba,45
Mouse_health_Estela,observed,1.0,8,480.0,False,2100.0,inner1_selection,c0026_47d9fe7d15ba,45
Mouse_health_Justin,observed,1.0,1,60.0,False,180.0,inner1_selection,c0026_47d9fe7d15ba,45
Eagle_assembly_Benny,right_censored,0.9312977099236641,6,,True,1500.0,inner1_selection,c0026_47d9fe7d15ba,46
Eagle_assembly_Ian,observed,1.0,18,1740.0,False,4500.0,inner1_selection,c0026_47d9fe7d15ba,46
Fox_education_Henrietta,observed,1.0,12,1140.0,False,2880.0,inner1_selection,c0026_47d9fe7d15ba,46
Hog_assembly_Colette,observed,0.9523809523809523,12,720.0,False,2880.0,inner1_selection,c0026_47d9fe7d15ba,46
Hog_assembly_Dona,observed,0.95,24,1440.0,False,7800.0,inner1_selection,c0026_47d9fe7d15ba,46
Lamb_assembly_Bertie,right_censored,0.9479166666666666,9,,True,2280.0,inner1_selection,c0026_47d9fe7d15ba,46
Lamb_assembly_Cesar,right_censored,1.0,1,,True,180.0,inner1_selection,c0026_47d9fe7d15ba,46
Moose_education_Ricardo,right_censored,0.9047619047619048,1,,True,180.0,inner1_selection,c0026_47d9fe7d15ba,46
Mouse_health_Estela,observed,0.96,14,900.0,False,3540.0,inner1_selection,c0026_47d9fe7d15ba,46
Mouse_health_Justin,observed,0.9090909090909091,15,900.0,False,3600.0,inner1_selection,c0026_47d9fe7d15ba,46
Eagle_assembly_Benny,observed,0.9565217391304348,4,300.0,False,1080.0,outer_test,c0000_f5146f1247fa,42
Eagle_assembly_Ian,observed,1.0,24,1440.0,False,6360.0,outer_test,c0000_f5146f1247fa,42
Fox_education_Henrietta,right_censored,0.7792207792207793,3,,True,780.0,outer_test,c0000_f5146f1247fa,42
Hog_assembly_Colette,observed,0.9545454545454546,2,120.0,False,600.0,outer_test,c0000_f5146f1247fa,42
Hog_assembly_Dona,observed,1.0,1,60.0,False,180.0,outer_test,c0000_f5146f1247fa,42
Lamb_assembly_Bertie,observed,0.8181818181818182,19,4080.0,False,4680.0,outer_test,c0000_f5146f1247fa,42
Lamb_assembly_Cesar,observed,1.0,8,600.0,False,1920.0,outer_test,c0000_f5146f1247fa,42
Moose_education_Ricardo,observed,0.96,9,540.0,False,2340.0,outer_test,c0000_f5146f1247fa,42
Mouse_health_Estela,right_censored,1.0,18,,True,4380.0,outer_test,c0000_f5146f1247fa,42
Mouse_health_Justin,right_censored,0.9470588235294117,1,,True,300.0,outer_test,c0000_f5146f1247fa,42
Eagle_assembly_Benny,right_censored,0.9230769230769231,3,,True,840.0,outer_test,c0000_f5146f1247fa,43
Eagle_assembly_Ian,observed,0.8235294117647058,24,7200.0,False,9060.0,outer_test,c0000_f5146f1247fa,43
Fox_education_Henrietta,right_censored,0.8490566037735849,5,,True,1260.0,outer_test,c0000_f5146f1247fa,43
Hog_assembly_Colette,observed,0.9411764705882353,24,1440.0,False,14340.0,outer_test,c0000_f5146f1247fa,43
Hog_assembly_Dona,observed,0.9696969696969697,5,660.0,False,1200.0,outer_test,c0000_f5146f1247fa,43
Lamb_assembly_Bertie,observed,0.8,20,1200.0,False,4800.0,outer_test,c0000_f5146f1247fa,43
Lamb_assembly_Cesar,observed,1.0,24,1440.0,False,11820.0,outer_test,c0000_f5146f1247fa,43
Moose_education_Ricardo,observed,0.9682539682539683,5,300.0,False,1380.0,outer_test,c0000_f5146f1247fa,43
Mouse_health_Estela,observed,0.9803921568627451,3,300.0,False,720.0,outer_test,c0000_f5146f1247fa,43
Mouse_health_Justin,right_censored,0.935064935064935,19,,True,4680.0,outer_test,c0000_f5146f1247fa,43
Eagle_assembly_Benny,observed,0.95,16,1260.0,False,3840.0,outer_test,c0000_f5146f1247fa,44
Eagle_assembly_Ian,observed,1.0,9,1020.0,False,2280.0,outer_test,c0000_f5146f1247fa,44
Fox_education_Henrietta,right_censored,0.8518518518518519,2,,True,540.0,outer_test,c0000_f5146f1247fa,44
Hog_assembly_Colette,observed,0.9722222222222222,8,600.0,False,1920.0,outer_test,c0000_f5146f1247fa,44
Hog_assembly_Dona,observed,0.9512195121951219,3,180.0,False,720.0,outer_test,c0000_f5146f1247fa,44
Lamb_assembly_Bertie,right_censored,0.9464285714285714,2,,True,480.0,outer_test,c0000_f5146f1247fa,44
Lamb_assembly_Cesar,observed,1.0,4,300.0,False,1140.0,outer_test,c0000_f5146f1247fa,44
Moose_education_Ricardo,observed,0.972972972972973,1,60.0,False,360.0,outer_test,c0000_f5146f1247fa,44
Mouse_health_Estela,right_censored,0.9833333333333333,9,,True,2340.0,outer_test,c0000_f5146f1247fa,44
Mouse_health_Justin,right_censored,0.9,1,,True,300.0,outer_test,c0000_f5146f1247fa,44
Eagle_assembly_Benny,observed,0.9,15,1140.0,False,3720.0,outer_test,c0000_f5146f1247fa,45
Eagle_assembly_Ian,observed,0.8888888888888888,24,2640.0,False,6000.0,outer_test,c0000_f5146f1247fa,45
Fox_education_Henrietta,right_censored,0.851063829787234,2,,True,540.0,outer_test,c0000_f5146f1247fa,45
Hog_assembly_Colette,right_censored,0.9411764705882353,7,,True,1860.0,outer_test,c0000_f5146f1247fa,45
Hog_assembly_Dona,right_censored,0.9411764705882353,5,,True,1320.0,outer_test,c0000_f5146f1247fa,45
Lamb_assembly_Bertie,right_censored,0.6666666666666666,2,,True,660.0,outer_test,c0000_f5146f1247fa,45
Lamb_assembly_Cesar,observed,1.0,6,360.0,False,1500.0,outer_test,c0000_f5146f1247fa,45
Moose_education_Ricardo,observed,0.9777777777777777,3,300.0,False,780.0,outer_test,c0000_f5146f1247fa,45
Mouse_health_Estela,right_censored,0.981651376146789,3,,True,780.0,outer_test,c0000_f5146f1247fa,45
Mouse_health_Justin,right_censored,0.9428571428571428,4,,True,960.0,outer_test,c0000_f5146f1247fa,45
Eagle_assembly_Benny,right_censored,0.9411764705882353,5,,True,1320.0,outer_test,c0000_f5146f1247fa,46
Eagle_assembly_Ian,observed,0.8947368421052632,7,420.0,False,1860.0,outer_test,c0000_f5146f1247fa,46
Fox_education_Henrietta,observed,0.9166666666666666,19,1800.0,False,4740.0,outer_test,c0000_f5146f1247fa,46
Hog_assembly_Colette,observed,0.875,22,1320.0,False,5340.0,outer_test,c0000_f5146f1247fa,46
Hog_assembly_Dona,right_censored,0.9166666666666666,5,,True,1260.0,outer_test,c0000_f5146f1247fa,46
Lamb_assembly_Bertie,observed,0.9047619047619048,24,2400.0,False,7680.0,outer_test,c0000_f5146f1247fa,46
Lamb_assembly_Cesar,observed,1.0,4,240.0,False,1140.0,outer_test,c0000_f5146f1247fa,46
Moose_education_Ricardo,observed,0.9736842105263158,18,1080.0,False,4500.0,outer_test,c0000_f5146f1247fa,46
Mouse_health_Estela,right_censored,1.0,15,,True,3660.0,outer_test,c0000_f5146f1247fa,46
Mouse_health_Justin,right_censored,0.9565217391304348,14,,True,3540.0,outer_test,c0000_f5146f1247fa,46
Eagle_assembly_Benny,observed,0.9565217391304348,4,240.0,False,1080.0,outer_test,c0012_23099bed3753,42
Eagle_assembly_Ian,observed,1.0,24,1440.0,False,6360.0,outer_test,c0012_23099bed3753,42
Fox_education_Henrietta,right_censored,0.8311688311688312,3,,True,780.0,outer_test,c0012_23099bed3753,42
Hog_assembly_Colette,observed,0.9545454545454546,2,120.0,False,600.0,outer_test,c0012_23099bed3753,42
Hog_assembly_Dona,observed,1.0,1,60.0,False,180.0,outer_test,c0012_23099bed3753,42
Lamb_assembly_Bertie,observed,0.8181818181818182,19,4080.0,False,4680.0,outer_test,c0012_23099bed3753,42
Lamb_assembly_Cesar,observed,1.0,8,480.0,False,1920.0,outer_test,c0012_23099bed3753,42
Moose_education_Ricardo,observed,1.0,9,540.0,False,2340.0,outer_test,c0012_23099bed3753,42
Mouse_health_Estela,observed,1.0,18,1080.0,False,4380.0,outer_test,c0012_23099bed3753,42
Mouse_health_Justin,observed,0.9529411764705882,1,60.0,False,300.0,outer_test,c0012_23099bed3753,42
Eagle_assembly_Benny,right_censored,0.9230769230769231,3,,True,840.0,outer_test,c0012_23099bed3753,43
Eagle_assembly_Ian,observed,0.8235294117647058,24,7200.0,False,9060.0,outer_test,c0012_23099bed3753,43
Fox_education_Henrietta,right_censored,0.8867924528301887,5,,True,1260.0,outer_test,c0012_23099bed3753,43
Hog_assembly_Colette,observed,0.9411764705882353,24,1440.0,False,14340.0,outer_test,c0012_23099bed3753,43
Hog_assembly_Dona,observed,0.9696969696969697,5,660.0,False,1200.0,outer_test,c0012_23099bed3753,43
Lamb_assembly_Bertie,observed,0.8,20,4200.0,False,4800.0,outer_test,c0012_23099bed3753,43
Lamb_assembly_Cesar,observed,1.0,24,1440.0,False,11820.0,outer_test,c0012_23099bed3753,43
Moose_education_Ricardo,observed,0.9841269841269841,5,300.0,False,1380.0,outer_test,c0012_23099bed3753,43
Mouse_health_Estela,observed,1.0,3,180.0,False,720.0,outer_test,c0012_23099bed3753,43
Mouse_health_Justin,observed,0.948051948051948,19,1140.0,False,4680.0,outer_test,c0012_23099bed3753,43
Eagle_assembly_Benny,observed,0.95,16,1260.0,False,3840.0,outer_test,c0012_23099bed3753,44
Eagle_assembly_Ian,observed,1.0,9,1020.0,False,2280.0,outer_test,c0012_23099bed3753,44
Fox_education_Henrietta,right_censored,0.8888888888888888,2,,True,540.0,outer_test,c0012_23099bed3753,44
Hog_assembly_Colette,observed,0.9722222222222222,8,600.0,False,1920.0,outer_test,c0012_23099bed3753,44
Hog_assembly_Dona,observed,0.9512195121951219,3,180.0,False,720.0,outer_test,c0012_23099bed3753,44
Lamb_assembly_Bertie,right_censored,0.9464285714285714,2,,True,480.0,outer_test,c0012_23099bed3753,44
Lamb_assembly_Cesar,observed,1.0,4,240.0,False,1140.0,outer_test,c0012_23099bed3753,44
Moose_education_Ricardo,observed,1.0,1,60.0,False,360.0,outer_test,c0012_23099bed3753,44
Mouse_health_Estela,observed,1.0,9,540.0,False,2340.0,outer_test,c0012_23099bed3753,44
Mouse_health_Justin,right_censored,0.9333333333333333,1,,True,300.0,outer_test,c0012_23099bed3753,44
Eagle_assembly_Benny,observed,0.9411764705882353,15,1140.0,False,3720.0,outer_test,c0012_23099bed3753,45
Eagle_assembly_Ian,observed,0.8888888888888888,24,2640.0,False,6000.0,outer_test,c0012_23099bed3753,45
Fox_education_Henrietta,right_censored,0.8936170212765957,2,,True,540.0,outer_test,c0012_23099bed3753,45
Hog_assembly_Colette,right_censored,0.9411764705882353,7,,True,1860.0,outer_test,c0012_23099bed3753,45
Hog_assembly_Dona,right_censored,0.9411764705882353,5,,True,1320.0,outer_test,c0012_23099bed3753,45
Lamb_assembly_Bertie,right_censored,0.6666666666666666,2,,True,660.0,outer_test,c0012_23099bed3753,45
Lamb_assembly_Cesar,observed,1.0,6,360.0,False,1500.0,outer_test,c0012_23099bed3753,45
Moose_education_Ricardo,observed,1.0,3,300.0,False,780.0,outer_test,c0012_23099bed3753,45
Mouse_health_Estela,observed,1.0,3,180.0,False,780.0,outer_test,c0012_23099bed3753,45
Mouse_health_Justin,observed,0.9571428571428572,4,300.0,False,960.0,outer_test,c0012_23099bed3753,45
Eagle_assembly_Benny,right_censored,0.9411764705882353,5,,True,1320.0,outer_test,c0012_23099bed3753,46
Eagle_assembly_Ian,observed,0.8947368421052632,7,420.0,False,1860.0,outer_test,c0012_23099bed3753,46
Fox_education_Henrietta,observed,1.0,19,1200.0,False,4740.0,outer_test,c0012_23099bed3753,46
Hog_assembly_Colette,observed,0.875,22,1320.0,False,5340.0,outer_test,c0012_23099bed3753,46
Hog_assembly_Dona,right_censored,0.9166666666666666,5,,True,1260.0,outer_test,c0012_23099bed3753,46
Lamb_assembly_Bertie,observed,0.9047619047619048,24,2400.0,False,7680.0,outer_test,c0012_23099bed3753,46
Lamb_assembly_Cesar,observed,1.0,4,240.0,False,1140.0,outer_test,c0012_23099bed3753,46
Moose_education_Ricardo,observed,1.0,18,1080.0,False,4500.0,outer_test,c0012_23099bed3753,46
Mouse_health_Estela,observed,1.0,15,900.0,False,3660.0,outer_test,c0012_23099bed3753,46
Mouse_health_Justin,observed,0.9652173913043478,14,840.0,False,3540.0,outer_test,c0012_23099bed3753,46
Eagle_assembly_Benny,observed,0.9565217391304348,4,240.0,False,1080.0,outer_test,c0013_a21278d4e492,42
Eagle_assembly_Ian,observed,1.0,24,1440.0,False,6360.0,outer_test,c0013_a21278d4e492,42
Fox_education_Henrietta,right_censored,0.8311688311688312,3,,True,780.0,outer_test,c0013_a21278d4e492,42
Hog_assembly_Colette,observed,0.9545454545454546,2,120.0,False,600.0,outer_test,c0013_a21278d4e492,42
Hog_assembly_Dona,observed,1.0,1,60.0,False,180.0,outer_test,c0013_a21278d4e492,42
Lamb_assembly_Bertie,observed,0.8181818181818182,19,4080.0,False,4680.0,outer_test,c0013_a21278d4e492,42
Lamb_assembly_Cesar,observed,1.0,8,480.0,False,1920.0,outer_test,c0013_a21278d4e492,42
Moose_education_Ricardo,observed,1.0,9,540.0,False,2340.0,outer_test,c0013_a21278d4e492,42
Mouse_health_Estela,observed,1.0,18,1080.0,False,4380.0,outer_test,c0013_a21278d4e492,42
Mouse_health_Justin,observed,0.9529411764705882,1,60.0,False,300.0,outer_test,c0013_a21278d4e492,42
Eagle_assembly_Benny,right_censored,0.9230769230769231,3,,True,840.0,outer_test,c0013_a21278d4e492,43
Eagle_assembly_Ian,observed,0.8235294117647058,24,7200.0,False,9060.0,outer_test,c0013_a21278d4e492,43
Fox_education_Henrietta,right_censored,0.8867924528301887,5,,True,1260.0,outer_test,c0013_a21278d4e492,43
Hog_assembly_Colette,observed,0.9411764705882353,24,1440.0,False,14340.0,outer_test,c0013_a21278d4e492,43
Hog_assembly_Dona,observed,0.9696969696969697,5,660.0,False,1200.0,outer_test,c0013_a21278d4e492,43
Lamb_assembly_Bertie,observed,0.8,20,4200.0,False,4800.0,outer_test,c0013_a21278d4e492,43
Lamb_assembly_Cesar,observed,1.0,24,1440.0,False,11820.0,outer_test,c0013_a21278d4e492,43
Moose_education_Ricardo,observed,0.9841269841269841,5,300.0,False,1380.0,outer_test,c0013_a21278d4e492,43
Mouse_health_Estela,observed,1.0,3,180.0,False,720.0,outer_test,c0013_a21278d4e492,43
Mouse_health_Justin,observed,0.948051948051948,19,1140.0,False,4680.0,outer_test,c0013_a21278d4e492,43
Eagle_assembly_Benny,observed,0.95,16,1260.0,False,3840.0,outer_test,c0013_a21278d4e492,44
Eagle_assembly_Ian,observed,1.0,9,1020.0,False,2280.0,outer_test,c0013_a21278d4e492,44
Fox_education_Henrietta,right_censored,0.8888888888888888,2,,True,540.0,outer_test,c0013_a21278d4e492,44
Hog_assembly_Colette,observed,0.9722222222222222,8,600.0,False,1920.0,outer_test,c0013_a21278d4e492,44
Hog_assembly_Dona,observed,0.9512195121951219,3,180.0,False,720.0,outer_test,c0013_a21278d4e492,44
Lamb_assembly_Bertie,right_censored,0.9464285714285714,2,,True,480.0,outer_test,c0013_a21278d4e492,44
Lamb_assembly_Cesar,observed,1.0,4,240.0,False,1140.0,outer_test,c0013_a21278d4e492,44
Moose_education_Ricardo,observed,1.0,1,60.0,False,360.0,outer_test,c0013_a21278d4e492,44
Mouse_health_Estela,observed,1.0,9,540.0,False,2340.0,outer_test,c0013_a21278d4e492,44
Mouse_health_Justin,right_censored,0.9333333333333333,1,,True,300.0,outer_test,c0013_a21278d4e492,44
Eagle_assembly_Benny,observed,0.9411764705882353,15,1140.0,False,3720.0,outer_test,c0013_a21278d4e492,45
Eagle_assembly_Ian,observed,0.8888888888888888,24,2640.0,False,6000.0,outer_test,c0013_a21278d4e492,45
Fox_education_Henrietta,right_censored,0.8936170212765957,2,,True,540.0,outer_test,c0013_a21278d4e492,45
Hog_assembly_Colette,right_censored,0.9411764705882353,7,,True,1860.0,outer_test,c0013_a21278d4e492,45
Hog_assembly_Dona,right_censored,0.9411764705882353,5,,True,1320.0,outer_test,c0013_a21278d4e492,45
Lamb_assembly_Bertie,right_censored,0.6666666666666666,2,,True,660.0,outer_test,c0013_a21278d4e492,45
Lamb_assembly_Cesar,observed,1.0,6,360.0,False,1500.0,outer_test,c0013_a21278d4e492,45
Moose_education_Ricardo,observed,1.0,3,300.0,False,780.0,outer_test,c0013_a21278d4e492,45
Mouse_health_Estela,observed,1.0,3,180.0,False,780.0,outer_test,c0013_a21278d4e492,45
Mouse_health_Justin,observed,0.9571428571428572,4,300.0,False,960.0,outer_test,c0013_a21278d4e492,45
Eagle_assembly_Benny,right_censored,0.9411764705882353,5,,True,1320.0,outer_test,c0013_a21278d4e492,46
Eagle_assembly_Ian,observed,0.8947368421052632,7,420.0,False,1860.0,outer_test,c0013_a21278d4e492,46
Fox_education_Henrietta,observed,1.0,19,1200.0,False,4740.0,outer_test,c0013_a21278d4e492,46
Hog_assembly_Colette,observed,0.875,22,1320.0,False,5340.0,outer_test,c0013_a21278d4e492,46
Hog_assembly_Dona,right_censored,0.9166666666666666,5,,True,1260.0,outer_test,c0013_a21278d4e492,46
Lamb_assembly_Bertie,observed,0.9047619047619048,24,2400.0,False,7680.0,outer_test,c0013_a21278d4e492,46
Lamb_assembly_Cesar,observed,1.0,4,240.0,False,1140.0,outer_test,c0013_a21278d4e492,46
Moose_education_Ricardo,observed,1.0,18,1080.0,False,4500.0,outer_test,c0013_a21278d4e492,46
Mouse_health_Estela,observed,1.0,15,900.0,False,3660.0,outer_test,c0013_a21278d4e492,46
Mouse_health_Justin,observed,0.9652173913043478,14,840.0,False,3540.0,outer_test,c0013_a21278d4e492,46
Eagle_assembly_Benny,observed,1.0,4,300.0,False,1080.0,outer_test,c0024_ba16b82adffd,42
Eagle_assembly_Ian,observed,1.0,24,1440.0,False,6360.0,outer_test,c0024_ba16b82adffd,42
Fox_education_Henrietta,right_censored,0.935064935064935,3,,True,780.0,outer_test,c0024_ba16b82adffd,42
Hog_assembly_Colette,observed,0.9545454545454546,2,120.0,False,600.0,outer_test,c0024_ba16b82adffd,42
Hog_assembly_Dona,observed,1.0,1,60.0,False,180.0,outer_test,c0024_ba16b82adffd,42
Lamb_assembly_Bertie,right_censored,0.8181818181818182,19,,True,4680.0,outer_test,c0024_ba16b82adffd,42
Lamb_assembly_Cesar,right_censored,0.2857142857142857,8,,True,1920.0,outer_test,c0024_ba16b82adffd,42
Moose_education_Ricardo,observed,0.92,9,1680.0,False,2340.0,outer_test,c0024_ba16b82adffd,42
Mouse_health_Estela,observed,1.0,18,2520.0,False,4380.0,outer_test,c0024_ba16b82adffd,42
Mouse_health_Justin,observed,0.9647058823529412,1,60.0,False,300.0,outer_test,c0024_ba16b82adffd,42
Eagle_assembly_Benny,observed,1.0,3,240.0,False,840.0,outer_test,c0024_ba16b82adffd,43
Eagle_assembly_Ian,observed,0.8235294117647058,24,5700.0,False,9060.0,outer_test,c0024_ba16b82adffd,43
Fox_education_Henrietta,right_censored,0.9245283018867925,5,,True,1260.0,outer_test,c0024_ba16b82adffd,43
Hog_assembly_Colette,observed,0.9411764705882353,24,1440.0,False,14340.0,outer_test,c0024_ba16b82adffd,43
Hog_assembly_Dona,observed,1.0,5,300.0,False,1200.0,outer_test,c0024_ba16b82adffd,43
Lamb_assembly_Bertie,right_censored,0.8,20,,True,4800.0,outer_test,c0024_ba16b82adffd,43
Lamb_assembly_Cesar,right_censored,0.375,24,,True,11820.0,outer_test,c0024_ba16b82adffd,43
Moose_education_Ricardo,right_censored,0.9365079365079365,5,,True,1380.0,outer_test,c0024_ba16b82adffd,43
Mouse_health_Estela,observed,1.0,3,180.0,False,720.0,outer_test,c0024_ba16b82adffd,43
Mouse_health_Justin,observed,0.974025974025974,19,1200.0,False,4680.0,outer_test,c0024_ba16b82adffd,43
Eagle_assembly_Benny,observed,1.0,16,960.0,False,3840.0,outer_test,c0024_ba16b82adffd,44
Eagle_assembly_Ian,observed,1.0,9,1020.0,False,2280.0,outer_test,c0024_ba16b82adffd,44
Fox_education_Henrietta,right_censored,0.9259259259259259,2,,True,540.0,outer_test,c0024_ba16b82adffd,44
Hog_assembly_Colette,observed,0.9722222222222222,8,480.0,False,1920.0,outer_test,c0024_ba16b82adffd,44
Hog_assembly_Dona,observed,0.975609756097561,3,180.0,False,720.0,outer_test,c0024_ba16b82adffd,44
Lamb_assembly_Bertie,right_censored,0.9464285714285714,2,,True,480.0,outer_test,c0024_ba16b82adffd,44
Lamb_assembly_Cesar,observed,0.7222222222222222,4,240.0,False,1140.0,outer_test,c0024_ba16b82adffd,44
Moose_education_Ricardo,right_censored,0.9459459459459459,1,,True,360.0,outer_test,c0024_ba16b82adffd,44
Mouse_health_Estela,observed,1.0,9,540.0,False,2340.0,outer_test,c0024_ba16b82adffd,44
Mouse_health_Justin,observed,0.9666666666666667,1,60.0,False,300.0,outer_test,c0024_ba16b82adffd,44
Eagle_assembly_Benny,observed,0.9470588235294117,15,1140.0,False,3720.0,outer_test,c0024_ba16b82adffd,45
Eagle_assembly_Ian,observed,0.8888888888888888,24,4140.0,False,6000.0,outer_test,c0024_ba16b82adffd,45
Fox_education_Henrietta,right_censored,0.9148936170212766,2,,True,540.0,outer_test,c0024_ba16b82adffd,45
Hog_assembly_Colette,right_censored,0.9411764705882353,7,,True,1860.0,outer_test,c0024_ba16b82adffd,45
Hog_assembly_Dona,observed,1.0,5,360.0,False,1320.0,outer_test,c0024_ba16b82adffd,45
Lamb_assembly_Bertie,right_censored,0.6666666666666666,2,,True,660.0,outer_test,c0024_ba16b82adffd,45
Lamb_assembly_Cesar,right_censored,0.9206349206349206,6,,True,1500.0,outer_test,c0024_ba16b82adffd,45
Moose_education_Ricardo,observed,0.9555555555555556,3,300.0,False,780.0,outer_test,c0024_ba16b82adffd,45
Mouse_health_Estela,observed,0.9908256880733946,3,180.0,False,780.0,outer_test,c0024_ba16b82adffd,45
Mouse_health_Justin,observed,0.9857142857142858,4,300.0,False,960.0,outer_test,c0024_ba16b82adffd,45
Eagle_assembly_Benny,observed,1.0,5,360.0,False,1320.0,outer_test,c0024_ba16b82adffd,46
Eagle_assembly_Ian,observed,0.8947368421052632,7,420.0,False,1860.0,outer_test,c0024_ba16b82adffd,46
Fox_education_Henrietta,observed,1.0,19,1200.0,False,4740.0,outer_test,c0024_ba16b82adffd,46
Hog_assembly_Colette,right_censored,0.875,22,,True,5340.0,outer_test,c0024_ba16b82adffd,46
Hog_assembly_Dona,observed,1.0,5,300.0,False,1260.0,outer_test,c0024_ba16b82adffd,46
Lamb_assembly_Bertie,observed,0.9047619047619048,24,1920.0,False,7680.0,outer_test,c0024_ba16b82adffd,46
Lamb_assembly_Cesar,right_censored,0.0,4,,True,1140.0,outer_test,c0024_ba16b82adffd,46
Moose_education_Ricardo,observed,0.9473684210526315,18,1320.0,False,4500.0,outer_test,c0024_ba16b82adffd,46
Mouse_health_Estela,observed,1.0,15,900.0,False,3660.0,outer_test,c0024_ba16b82adffd,46
Mouse_health_Justin,observed,0.9826086956521739,14,840.0,False,3540.0,outer_test,c0024_ba16b82adffd,46
Eagle_assembly_Benny,observed,1.0,4,240.0,False,1080.0,outer_test,diagnostic_persistence_split_095_single_sample,42
Eagle_assembly_Ian,observed,1.0,24,1680.0,False,6360.0,outer_test,diagnostic_persistence_split_095_single_sample,42
Fox_education_Henrietta,observed,1.0,3,180.0,False,780.0,outer_test,diagnostic_persistence_split_095_single_sample,42
Hog_assembly_Colette,right_censored,0.8636363636363636,2,,True,600.0,outer_test,diagnostic_persistence_split_095_single_sample,42
Hog_assembly_Dona,observed,1.0,1,120.0,False,180.0,outer_test,diagnostic_persistence_split_095_single_sample,42
Lamb_assembly_Bertie,observed,1.0,19,1500.0,False,4680.0,outer_test,diagnostic_persistence_split_095_single_sample,42
Lamb_assembly_Cesar,observed,1.0,8,480.0,False,1920.0,outer_test,diagnostic_persistence_split_095_single_sample,42
Moose_education_Ricardo,observed,1.0,9,540.0,False,2340.0,outer_test,diagnostic_persistence_split_095_single_sample,42
Mouse_health_Estela,observed,1.0,18,1080.0,False,4380.0,outer_test,diagnostic_persistence_split_095_single_sample,42
Mouse_health_Justin,right_censored,0.8235294117647058,1,,True,300.0,outer_test,diagnostic_persistence_split_095_single_sample,42
Eagle_assembly_Benny,observed,1.0,3,180.0,False,840.0,outer_test,diagnostic_persistence_split_095_single_sample,43
Eagle_assembly_Ian,observed,0.8235294117647058,24,5280.0,False,9060.0,outer_test,diagnostic_persistence_split_095_single_sample,43
Fox_education_Henrietta,observed,1.0,5,300.0,False,1260.0,outer_test,diagnostic_persistence_split_095_single_sample,43
Hog_assembly_Colette,observed,0.8823529411764706,24,1440.0,False,14340.0,outer_test,diagnostic_persistence_split_095_single_sample,43
Hog_assembly_Dona,right_censored,0.9090909090909091,5,,True,1200.0,outer_test,diagnostic_persistence_split_095_single_sample,43
Lamb_assembly_Bertie,observed,1.0,20,1680.0,False,4800.0,outer_test,diagnostic_persistence_split_095_single_sample,43
Lamb_assembly_Cesar,observed,1.0,24,1440.0,False,11820.0,outer_test,diagnostic_persistence_split_095_single_sample,43
Moose_education_Ricardo,observed,1.0,5,300.0,False,1380.0,outer_test,diagnostic_persistence_split_095_single_sample,43
Mouse_health_Estela,observed,0.9607843137254902,3,180.0,False,720.0,outer_test,diagnostic_persistence_split_095_single_sample,43
Mouse_health_Justin,right_censored,0.7532467532467533,19,,True,4680.0,outer_test,diagnostic_persistence_split_095_single_sample,43
Eagle_assembly_Benny,observed,1.0,16,960.0,False,3840.0,outer_test,diagnostic_persistence_split_095_single_sample,44
Eagle_assembly_Ian,right_censored,1.0,9,,True,2280.0,outer_test,diagnostic_persistence_split_095_single_sample,44
Fox_education_Henrietta,observed,1.0,2,120.0,False,540.0,outer_test,diagnostic_persistence_split_095_single_sample,44
Hog_assembly_Colette,observed,0.8611111111111112,8,960.0,False,1920.0,outer_test,diagnostic_persistence_split_095_single_sample,44
Hog_assembly_Dona,right_censored,0.8780487804878049,3,,True,720.0,outer_test,diagnostic_persistence_split_095_single_sample,44
Lamb_assembly_Bertie,observed,1.0,2,120.0,False,480.0,outer_test,diagnostic_persistence_split_095_single_sample,44
Lamb_assembly_Cesar,observed,1.0,4,240.0,False,1140.0,outer_test,diagnostic_persistence_split_095_single_sample,44
Moose_education_Ricardo,observed,1.0,1,60.0,False,360.0,outer_test,diagnostic_persistence_split_095_single_sample,44
Mouse_health_Estela,right_censored,0.95,9,,True,2340.0,outer_test,diagnostic_persistence_split_095_single_sample,44
Mouse_health_Justin,right_censored,0.7,1,,True,300.0,outer_test,diagnostic_persistence_split_095_single_sample,44
Eagle_assembly_Benny,observed,1.0,15,900.0,False,3720.0,outer_test,diagnostic_persistence_split_095_single_sample,45
Eagle_assembly_Ian,observed,0.8888888888888888,24,1440.0,False,6000.0,outer_test,diagnostic_persistence_split_095_single_sample,45
Fox_education_Henrietta,observed,1.0,2,120.0,False,540.0,outer_test,diagnostic_persistence_split_095_single_sample,45
Hog_assembly_Colette,observed,0.8823529411764706,7,840.0,False,1860.0,outer_test,diagnostic_persistence_split_095_single_sample,45
Hog_assembly_Dona,right_censored,0.9411764705882353,5,,True,1320.0,outer_test,diagnostic_persistence_split_095_single_sample,45
Lamb_assembly_Bertie,observed,1.0,2,180.0,False,660.0,outer_test,diagnostic_persistence_split_095_single_sample,45
Lamb_assembly_Cesar,observed,1.0,6,360.0,False,1500.0,outer_test,diagnostic_persistence_split_095_single_sample,45
Moose_education_Ricardo,observed,1.0,3,180.0,False,780.0,outer_test,diagnostic_persistence_split_095_single_sample,45
Mouse_health_Estela,observed,0.9724770642201835,3,180.0,False,780.0,outer_test,diagnostic_persistence_split_095_single_sample,45
Mouse_health_Justin,observed,0.7428571428571429,4,240.0,False,960.0,outer_test,diagnostic_persistence_split_095_single_sample,45
Eagle_assembly_Benny,observed,1.0,5,300.0,False,1320.0,outer_test,diagnostic_persistence_split_095_single_sample,46
Eagle_assembly_Ian,observed,0.8421052631578947,7,600.0,False,1860.0,outer_test,diagnostic_persistence_split_095_single_sample,46
Fox_education_Henrietta,observed,1.0,19,1140.0,False,4740.0,outer_test,diagnostic_persistence_split_095_single_sample,46
Hog_assembly_Colette,observed,0.75,22,1740.0,False,5340.0,outer_test,diagnostic_persistence_split_095_single_sample,46
Hog_assembly_Dona,right_censored,0.9166666666666666,5,,True,1260.0,outer_test,diagnostic_persistence_split_095_single_sample,46
Lamb_assembly_Bertie,observed,1.0,24,1440.0,False,7680.0,outer_test,diagnostic_persistence_split_095_single_sample,46
Lamb_assembly_Cesar,observed,1.0,4,240.0,False,1140.0,outer_test,diagnostic_persistence_split_095_single_sample,46
Moose_education_Ricardo,observed,1.0,18,1080.0,False,4500.0,outer_test,diagnostic_persistence_split_095_single_sample,46
Mouse_health_Estela,right_censored,0.9333333333333333,15,,True,3660.0,outer_test,diagnostic_persistence_split_095_single_sample,46
Mouse_health_Justin,right_censored,0.8173913043478261,14,,True,3540.0,outer_test,diagnostic_persistence_split_095_single_sample,46
