role,candidate_id,family,severity,channel,n_events,n_detected,recall
inner0_selection,c0000_f5146f1247fa,random_missing,0.5,availability_only,34,34,1.0
inner0_selection,c0000_f5146f1247fa,random_missing,0.5,numerical_only,34,18,0.5294117647058824
inner0_selection,c0000_f5146f1247fa,random_missing,0.5,combined,34,33,0.9705882352941176
inner0_selection,c0000_f5146f1247fa,random_missing,1.0,availability_only,74,74,1.0
inner0_selection,c0000_f5146f1247fa,random_missing,1.0,numerical_only,74,28,0.3783783783783784
inner0_selection,c0000_f5146f1247fa,random_missing,1.0,combined,74,74,1.0
inner0_selection,c0000_f5146f1247fa,random_missing,2.0,availability_only,113,113,1.0
inner0_selection,c0000_f5146f1247fa,random_missing,2.0,numerical_only,113,52,0.46017699115044247
inner0_selection,c0000_f5146f1247fa,random_missing,2.0,combined,113,106,0.9380530973451328
inner0_selection,c0000_f5146f1247fa,block_missing,0.5,availability_only,129,129,1.0
inner0_selection,c0000_f5146f1247fa,block_missing,0.5,numerical_only,129,56,0.43410852713178294
inner0_selection,c0000_f5146f1247fa,block_missing,0.5,combined,129,123,0.9534883720930233
inner0_selection,c0000_f5146f1247fa,block_missing,1.0,availability_only,130,130,1.0
inner0_selection,c0000_f5146f1247fa,block_missing,1.0,numerical_only,130,69,0.5307692307692308
inner0_selection,c0000_f5146f1247fa,block_missing,1.0,combined,130,119,0.9153846153846154
inner0_selection,c0000_f5146f1247fa,block_missing,2.0,availability_only,130,130,1.0
inner0_selection,c0000_f5146f1247fa,block_missing,2.0,numerical_only,130,68,0.5230769230769231
inner0_selection,c0000_f5146f1247fa,block_missing,2.0,combined,130,114,0.8769230769230769
inner0_selection,c0000_f5146f1247fa,stuck,0.5,availability_only,126,0,0.0
inner0_selection,c0000_f5146f1247fa,stuck,0.5,numerical_only,126,63,0.5
inner0_selection,c0000_f5146f1247fa,stuck,0.5,combined,126,63,0.5
inner0_selection,c0000_f5146f1247fa,stuck,1.0,availability_only,129,0,0.0
inner0_selection,c0000_f5146f1247fa,stuck,1.0,numerical_only,129,71,0.5503875968992248
inner0_selection,c0000_f5146f1247fa,stuck,1.0,combined,129,71,0.5503875968992248
inner0_selection,c0000_f5146f1247fa,stuck,2.0,availability_only,128,0,0.0
inner0_selection,c0000_f5146f1247fa,stuck,2.0,numerical_only,128,69,0.5390625
inner0_selection,c0000_f5146f1247fa,stuck,2.0,combined,128,69,0.5390625
inner0_selection,c0000_f5146f1247fa,dropout,0.5,availability_only,130,0,0.0
inner0_selection,c0000_f5146f1247fa,dropout,0.5,numerical_only,130,123,0.9461538461538461
inner0_selection,c0000_f5146f1247fa,dropout,0.5,combined,130,123,0.9461538461538461
inner0_selection,c0000_f5146f1247fa,dropout,1.0,availability_only,130,0,0.0
inner0_selection,c0000_f5146f1247fa,dropout,1.0,numerical_only,130,125,0.9615384615384616
inner0_selection,c0000_f5146f1247fa,dropout,1.0,combined,130,125,0.9615384615384616
inner0_selection,c0000_f5146f1247fa,dropout,2.0,availability_only,130,0,0.0
inner0_selection,c0000_f5146f1247fa,dropout,2.0,numerical_only,130,121,0.9307692307692308
inner0_selection,c0000_f5146f1247fa,dropout,2.0,combined,130,121,0.9307692307692308
inner0_selection,c0000_f5146f1247fa,bias,0.5,availability_only,130,0,0.0
inner0_selection,c0000_f5146f1247fa,bias,0.5,numerical_only,130,84,0.6461538461538462
inner0_selection,c0000_f5146f1247fa,bias,0.5,combined,130,84,0.6461538461538462
inner0_selection,c0000_f5146f1247fa,bias,1.0,availability_only,130,0,0.0
inner0_selection,c0000_f5146f1247fa,bias,1.0,numerical_only,130,109,0.8384615384615385
inner0_selection,c0000_f5146f1247fa,bias,1.0,combined,130,109,0.8384615384615385
inner0_selection,c0000_f5146f1247fa,bias,2.0,availability_only,130,0,0.0
inner0_selection,c0000_f5146f1247fa,bias,2.0,numerical_only,130,120,0.9230769230769231
inner0_selection,c0000_f5146f1247fa,bias,2.0,combined,130,120,0.9230769230769231
inner0_selection,c0000_f5146f1247fa,level_shift,0.5,availability_only,130,0,0.0
inner0_selection,c0000_f5146f1247fa,level_shift,0.5,numerical_only,130,74,0.5692307692307692
inner0_selection,c0000_f5146f1247fa,level_shift,0.5,combined,130,74,0.5692307692307692
inner0_selection,c0000_f5146f1247fa,level_shift,1.0,availability_only,130,0,0.0
inner0_selection,c0000_f5146f1247fa,level_shift,1.0,numerical_only,130,104,0.8
inner0_selection,c0000_f5146f1247fa,level_shift,1.0,combined,130,104,0.8
inner0_selection,c0000_f5146f1247fa,level_shift,2.0,availability_only,130,0,0.0
inner0_selection,c0000_f5146f1247fa,level_shift,2.0,numerical_only,130,116,0.8923076923076924
inner0_selection,c0000_f5146f1247fa,level_shift,2.0,combined,130,116,0.8923076923076924
inner0_selection,c0000_f5146f1247fa,drift,0.5,availability_only,129,0,0.0
inner0_selection,c0000_f5146f1247fa,drift,0.5,numerical_only,129,81,0.627906976744186
inner0_selection,c0000_f5146f1247fa,drift,0.5,combined,129,81,0.627906976744186
inner0_selection,c0000_f5146f1247fa,drift,1.0,availability_only,128,0,0.0
inner0_selection,c0000_f5146f1247fa,drift,1.0,numerical_only,128,98,0.765625
inner0_selection,c0000_f5146f1247fa,drift,1.0,combined,128,98,0.765625
inner0_selection,c0000_f5146f1247fa,drift,2.0,availability_only,127,0,0.0
inner0_selection,c0000_f5146f1247fa,drift,2.0,numerical_only,127,113,0.889763779527559
inner0_selection,c0000_f5146f1247fa,drift,2.0,combined,127,113,0.889763779527559
inner0_selection,c0001_ee0570e08213,random_missing,0.5,availability_only,34,1,0.029411764705882353
inner0_selection,c0001_ee0570e08213,random_missing,0.5,numerical_only,34,0,0.0
inner0_selection,c0001_ee0570e08213,random_missing,0.5,combined,34,3,0.08823529411764706
inner0_selection,c0001_ee0570e08213,random_missing,1.0,availability_only,74,1,0.013513513513513514
inner0_selection,c0001_ee0570e08213,random_missing,1.0,numerical_only,74,3,0.04054054054054054
inner0_selection,c0001_ee0570e08213,random_missing,1.0,combined,74,11,0.14864864864864866
inner0_selection,c0001_ee0570e08213,random_missing,2.0,availability_only,113,16,0.1415929203539823
inner0_selection,c0001_ee0570e08213,random_missing,2.0,numerical_only,113,5,0.04424778761061947
inner0_selection,c0001_ee0570e08213,random_missing,2.0,combined,113,38,0.336283185840708
inner0_selection,c0001_ee0570e08213,block_missing,0.5,availability_only,129,0,0.0
inner0_selection,c0001_ee0570e08213,block_missing,0.5,numerical_only,129,9,0.06976744186046512
inner0_selection,c0001_ee0570e08213,block_missing,0.5,combined,129,16,0.12403100775193798
inner0_selection,c0001_ee0570e08213,block_missing,1.0,availability_only,130,0,0.0
inner0_selection,c0001_ee0570e08213,block_missing,1.0,numerical_only,130,9,0.06923076923076923
inner0_selection,c0001_ee0570e08213,block_missing,1.0,combined,130,45,0.34615384615384615
inner0_selection,c0001_ee0570e08213,block_missing,2.0,availability_only,130,130,1.0
inner0_selection,c0001_ee0570e08213,block_missing,2.0,numerical_only,130,4,0.03076923076923077
inner0_selection,c0001_ee0570e08213,block_missing,2.0,combined,130,128,0.9846153846153847
inner0_selection,c0001_ee0570e08213,stuck,0.5,availability_only,126,0,0.0
inner0_selection,c0001_ee0570e08213,stuck,0.5,numerical_only,126,10,0.07936507936507936
inner0_selection,c0001_ee0570e08213,stuck,0.5,combined,126,10,0.07936507936507936
inner0_selection,c0001_ee0570e08213,stuck,1.0,availability_only,129,0,0.0
inner0_selection,c0001_ee0570e08213,stuck,1.0,numerical_only,129,13,0.10077519379844961
inner0_selection,c0001_ee0570e08213,stuck,1.0,combined,129,13,0.10077519379844961
inner0_selection,c0001_ee0570e08213,stuck,2.0,availability_only,128,0,0.0
inner0_selection,c0001_ee0570e08213,stuck,2.0,numerical_only,128,10,0.078125
inner0_selection,c0001_ee0570e08213,stuck,2.0,combined,128,10,0.078125
inner0_selection,c0001_ee0570e08213,dropout,0.5,availability_only,130,0,0.0
inner0_selection,c0001_ee0570e08213,dropout,0.5,numerical_only,130,27,0.2076923076923077
inner0_selection,c0001_ee0570e08213,dropout,0.5,combined,130,27,0.2076923076923077
inner0_selection,c0001_ee0570e08213,dropout,1.0,availability_only,130,0,0.0
inner0_selection,c0001_ee0570e08213,dropout,1.0,numerical_only,130,77,0.5923076923076923
inner0_selection,c0001_ee0570e08213,dropout,1.0,combined,130,77,0.5923076923076923
inner0_selection,c0001_ee0570e08213,dropout,2.0,availability_only,130,0,0.0
inner0_selection,c0001_ee0570e08213,dropout,2.0,numerical_only,130,92,0.7076923076923077
inner0_selection,c0001_ee0570e08213,dropout,2.0,combined,130,92,0.7076923076923077
inner0_selection,c0001_ee0570e08213,bias,0.5,availability_only,130,0,0.0
inner0_selection,c0001_ee0570e08213,bias,0.5,numerical_only,130,8,0.06153846153846154
inner0_selection,c0001_ee0570e08213,bias,0.5,combined,130,8,0.06153846153846154
inner0_selection,c0001_ee0570e08213,bias,1.0,availability_only,130,0,0.0
inner0_selection,c0001_ee0570e08213,bias,1.0,numerical_only,130,17,0.13076923076923078
inner0_selection,c0001_ee0570e08213,bias,1.0,combined,130,17,0.13076923076923078
inner0_selection,c0001_ee0570e08213,bias,2.0,availability_only,130,0,0.0
inner0_selection,c0001_ee0570e08213,bias,2.0,numerical_only,130,23,0.17692307692307693
inner0_selection,c0001_ee0570e08213,bias,2.0,combined,130,23,0.17692307692307693
inner0_selection,c0001_ee0570e08213,level_shift,0.5,availability_only,130,0,0.0
inner0_selection,c0001_ee0570e08213,level_shift,0.5,numerical_only,130,12,0.09230769230769231
inner0_selection,c0001_ee0570e08213,level_shift,0.5,combined,130,12,0.09230769230769231
inner0_selection,c0001_ee0570e08213,level_shift,1.0,availability_only,130,0,0.0
inner0_selection,c0001_ee0570e08213,level_shift,1.0,numerical_only,130,26,0.2
inner0_selection,c0001_ee0570e08213,level_shift,1.0,combined,130,26,0.2
inner0_selection,c0001_ee0570e08213,level_shift,2.0,availability_only,130,0,0.0
inner0_selection,c0001_ee0570e08213,level_shift,2.0,numerical_only,130,40,0.3076923076923077
inner0_selection,c0001_ee0570e08213,level_shift,2.0,combined,130,40,0.3076923076923077
inner0_selection,c0001_ee0570e08213,drift,0.5,availability_only,129,0,0.0
inner0_selection,c0001_ee0570e08213,drift,0.5,numerical_only,129,10,0.07751937984496124
inner0_selection,c0001_ee0570e08213,drift,0.5,combined,129,10,0.07751937984496124
inner0_selection,c0001_ee0570e08213,drift,1.0,availability_only,128,0,0.0
inner0_selection,c0001_ee0570e08213,drift,1.0,numerical_only,128,25,0.1953125
inner0_selection,c0001_ee0570e08213,drift,1.0,combined,128,25,0.1953125
inner0_selection,c0001_ee0570e08213,drift,2.0,availability_only,127,0,0.0
inner0_selection,c0001_ee0570e08213,drift,2.0,numerical_only,127,62,0.4881889763779528
inner0_selection,c0001_ee0570e08213,drift,2.0,combined,127,62,0.4881889763779528
inner0_selection,c0002_fa76e087b17d,random_missing,0.5,availability_only,34,1,0.029411764705882353
inner0_selection,c0002_fa76e087b17d,random_missing,0.5,numerical_only,34,0,0.0
inner0_selection,c0002_fa76e087b17d,random_missing,0.5,combined,34,3,0.08823529411764706
inner0_selection,c0002_fa76e087b17d,random_missing,1.0,availability_only,74,0,0.0
inner0_selection,c0002_fa76e087b17d,random_missing,1.0,numerical_only,74,1,0.013513513513513514
inner0_selection,c0002_fa76e087b17d,random_missing,1.0,combined,74,13,0.17567567567567569
inner0_selection,c0002_fa76e087b17d,random_missing,2.0,availability_only,113,4,0.035398230088495575
inner0_selection,c0002_fa76e087b17d,random_missing,2.0,numerical_only,113,5,0.04424778761061947
inner0_selection,c0002_fa76e087b17d,random_missing,2.0,combined,113,40,0.35398230088495575
inner0_selection,c0002_fa76e087b17d,block_missing,0.5,availability_only,129,0,0.0
inner0_selection,c0002_fa76e087b17d,block_missing,0.5,numerical_only,129,8,0.06201550387596899
inner0_selection,c0002_fa76e087b17d,block_missing,0.5,combined,129,18,0.13953488372093023
inner0_selection,c0002_fa76e087b17d,block_missing,1.0,availability_only,130,0,0.0
inner0_selection,c0002_fa76e087b17d,block_missing,1.0,numerical_only,130,6,0.046153846153846156
inner0_selection,c0002_fa76e087b17d,block_missing,1.0,combined,130,39,0.3
inner0_selection,c0002_fa76e087b17d,block_missing,2.0,availability_only,130,130,1.0
inner0_selection,c0002_fa76e087b17d,block_missing,2.0,numerical_only,130,0,0.0
inner0_selection,c0002_fa76e087b17d,block_missing,2.0,combined,130,123,0.9461538461538461
inner0_selection,c0002_fa76e087b17d,stuck,0.5,availability_only,126,0,0.0
inner0_selection,c0002_fa76e087b17d,stuck,0.5,numerical_only,126,11,0.0873015873015873
inner0_selection,c0002_fa76e087b17d,stuck,0.5,combined,126,11,0.0873015873015873
inner0_selection,c0002_fa76e087b17d,stuck,1.0,availability_only,129,0,0.0
inner0_selection,c0002_fa76e087b17d,stuck,1.0,numerical_only,129,8,0.06201550387596899
inner0_selection,c0002_fa76e087b17d,stuck,1.0,combined,129,8,0.06201550387596899
inner0_selection,c0002_fa76e087b17d,stuck,2.0,availability_only,128,0,0.0
inner0_selection,c0002_fa76e087b17d,stuck,2.0,numerical_only,128,4,0.03125
inner0_selection,c0002_fa76e087b17d,stuck,2.0,combined,128,4,0.03125
inner0_selection,c0002_fa76e087b17d,dropout,0.5,availability_only,130,0,0.0
inner0_selection,c0002_fa76e087b17d,dropout,0.5,numerical_only,130,24,0.18461538461538463
inner0_selection,c0002_fa76e087b17d,dropout,0.5,combined,130,24,0.18461538461538463
inner0_selection,c0002_fa76e087b17d,dropout,1.0,availability_only,130,0,0.0
inner0_selection,c0002_fa76e087b17d,dropout,1.0,numerical_only,130,40,0.3076923076923077
inner0_selection,c0002_fa76e087b17d,dropout,1.0,combined,130,40,0.3076923076923077
inner0_selection,c0002_fa76e087b17d,dropout,2.0,availability_only,130,0,0.0
inner0_selection,c0002_fa76e087b17d,dropout,2.0,numerical_only,130,92,0.7076923076923077
inner0_selection,c0002_fa76e087b17d,dropout,2.0,combined,130,92,0.7076923076923077
inner0_selection,c0002_fa76e087b17d,bias,0.5,availability_only,130,0,0.0
inner0_selection,c0002_fa76e087b17d,bias,0.5,numerical_only,130,10,0.07692307692307693
inner0_selection,c0002_fa76e087b17d,bias,0.5,combined,130,10,0.07692307692307693
inner0_selection,c0002_fa76e087b17d,bias,1.0,availability_only,130,0,0.0
inner0_selection,c0002_fa76e087b17d,bias,1.0,numerical_only,130,17,0.13076923076923078
inner0_selection,c0002_fa76e087b17d,bias,1.0,combined,130,17,0.13076923076923078
inner0_selection,c0002_fa76e087b17d,bias,2.0,availability_only,130,0,0.0
inner0_selection,c0002_fa76e087b17d,bias,2.0,numerical_only,130,18,0.13846153846153847
inner0_selection,c0002_fa76e087b17d,bias,2.0,combined,130,18,0.13846153846153847
inner0_selection,c0002_fa76e087b17d,level_shift,0.5,availability_only,130,0,0.0
inner0_selection,c0002_fa76e087b17d,level_shift,0.5,numerical_only,130,9,0.06923076923076923
inner0_selection,c0002_fa76e087b17d,level_shift,0.5,combined,130,9,0.06923076923076923
inner0_selection,c0002_fa76e087b17d,level_shift,1.0,availability_only,130,0,0.0
inner0_selection,c0002_fa76e087b17d,level_shift,1.0,numerical_only,130,21,0.16153846153846155
inner0_selection,c0002_fa76e087b17d,level_shift,1.0,combined,130,21,0.16153846153846155
inner0_selection,c0002_fa76e087b17d,level_shift,2.0,availability_only,130,0,0.0
inner0_selection,c0002_fa76e087b17d,level_shift,2.0,numerical_only,130,42,0.3230769230769231
inner0_selection,c0002_fa76e087b17d,level_shift,2.0,combined,130,42,0.3230769230769231
inner0_selection,c0002_fa76e087b17d,drift,0.5,availability_only,129,0,0.0
inner0_selection,c0002_fa76e087b17d,drift,0.5,numerical_only,129,10,0.07751937984496124
inner0_selection,c0002_fa76e087b17d,drift,0.5,combined,129,10,0.07751937984496124
inner0_selection,c0002_fa76e087b17d,drift,1.0,availability_only,128,0,0.0
inner0_selection,c0002_fa76e087b17d,drift,1.0,numerical_only,128,19,0.1484375
inner0_selection,c0002_fa76e087b17d,drift,1.0,combined,128,19,0.1484375
inner0_selection,c0002_fa76e087b17d,drift,2.0,availability_only,127,0,0.0
inner0_selection,c0002_fa76e087b17d,drift,2.0,numerical_only,127,47,0.3700787401574803
inner0_selection,c0002_fa76e087b17d,drift,2.0,combined,127,47,0.3700787401574803
inner0_selection,c0012_23099bed3753,random_missing,0.5,availability_only,34,34,1.0
inner0_selection,c0012_23099bed3753,random_missing,0.5,numerical_only,34,9,0.2647058823529412
inner0_selection,c0012_23099bed3753,random_missing,0.5,combined,34,34,1.0
inner0_selection,c0012_23099bed3753,random_missing,1.0,availability_only,74,74,1.0
inner0_selection,c0012_23099bed3753,random_missing,1.0,numerical_only,74,15,0.20270270270270271
inner0_selection,c0012_23099bed3753,random_missing,1.0,combined,74,74,1.0
inner0_selection,c0012_23099bed3753,random_missing,2.0,availability_only,113,113,1.0
inner0_selection,c0012_23099bed3753,random_missing,2.0,numerical_only,113,21,0.18584070796460178
inner0_selection,c0012_23099bed3753,random_missing,2.0,combined,113,111,0.9823008849557522
inner0_selection,c0012_23099bed3753,block_missing,0.5,availability_only,129,129,1.0
inner0_selection,c0012_23099bed3753,block_missing,0.5,numerical_only,129,21,0.16279069767441862
inner0_selection,c0012_23099bed3753,block_missing,0.5,combined,129,129,1.0
inner0_selection,c0012_23099bed3753,block_missing,1.0,availability_only,130,130,1.0
inner0_selection,c0012_23099bed3753,block_missing,1.0,numerical_only,130,36,0.27692307692307694
inner0_selection,c0012_23099bed3753,block_missing,1.0,combined,130,128,0.9846153846153847
inner0_selection,c0012_23099bed3753,block_missing,2.0,availability_only,130,130,1.0
inner0_selection,c0012_23099bed3753,block_missing,2.0,numerical_only,130,37,0.2846153846153846
inner0_selection,c0012_23099bed3753,block_missing,2.0,combined,130,125,0.9615384615384616
inner0_selection,c0012_23099bed3753,stuck,0.5,availability_only,126,0,0.0
inner0_selection,c0012_23099bed3753,stuck,0.5,numerical_only,126,29,0.23015873015873015
inner0_selection,c0012_23099bed3753,stuck,0.5,combined,126,29,0.23015873015873015
inner0_selection,c0012_23099bed3753,stuck,1.0,availability_only,129,0,0.0
inner0_selection,c0012_23099bed3753,stuck,1.0,numerical_only,129,36,0.27906976744186046
inner0_selection,c0012_23099bed3753,stuck,1.0,combined,129,36,0.27906976744186046
inner0_selection,c0012_23099bed3753,stuck,2.0,availability_only,128,0,0.0
inner0_selection,c0012_23099bed3753,stuck,2.0,numerical_only,128,31,0.2421875
inner0_selection,c0012_23099bed3753,stuck,2.0,combined,128,31,0.2421875
inner0_selection,c0012_23099bed3753,dropout,0.5,availability_only,130,0,0.0
inner0_selection,c0012_23099bed3753,dropout,0.5,numerical_only,130,115,0.8846153846153846
inner0_selection,c0012_23099bed3753,dropout,0.5,combined,130,115,0.8846153846153846
inner0_selection,c0012_23099bed3753,dropout,1.0,availability_only,130,0,0.0
inner0_selection,c0012_23099bed3753,dropout,1.0,numerical_only,130,115,0.8846153846153846
inner0_selection,c0012_23099bed3753,dropout,1.0,combined,130,115,0.8846153846153846
inner0_selection,c0012_23099bed3753,dropout,2.0,availability_only,130,0,0.0
inner0_selection,c0012_23099bed3753,dropout,2.0,numerical_only,130,115,0.8846153846153846
inner0_selection,c0012_23099bed3753,dropout,2.0,combined,130,115,0.8846153846153846
inner0_selection,c0012_23099bed3753,bias,0.5,availability_only,130,0,0.0
inner0_selection,c0012_23099bed3753,bias,0.5,numerical_only,130,42,0.3230769230769231
inner0_selection,c0012_23099bed3753,bias,0.5,combined,130,42,0.3230769230769231
inner0_selection,c0012_23099bed3753,bias,1.0,availability_only,130,0,0.0
inner0_selection,c0012_23099bed3753,bias,1.0,numerical_only,130,68,0.5230769230769231
inner0_selection,c0012_23099bed3753,bias,1.0,combined,130,68,0.5230769230769231
inner0_selection,c0012_23099bed3753,bias,2.0,availability_only,130,0,0.0
inner0_selection,c0012_23099bed3753,bias,2.0,numerical_only,130,97,0.7461538461538462
inner0_selection,c0012_23099bed3753,bias,2.0,combined,130,97,0.7461538461538462
inner0_selection,c0012_23099bed3753,level_shift,0.5,availability_only,130,0,0.0
inner0_selection,c0012_23099bed3753,level_shift,0.5,numerical_only,130,37,0.2846153846153846
inner0_selection,c0012_23099bed3753,level_shift,0.5,combined,130,37,0.2846153846153846
inner0_selection,c0012_23099bed3753,level_shift,1.0,availability_only,130,0,0.0
inner0_selection,c0012_23099bed3753,level_shift,1.0,numerical_only,130,59,0.45384615384615384
inner0_selection,c0012_23099bed3753,level_shift,1.0,combined,130,59,0.45384615384615384
inner0_selection,c0012_23099bed3753,level_shift,2.0,availability_only,130,0,0.0
inner0_selection,c0012_23099bed3753,level_shift,2.0,numerical_only,130,94,0.7230769230769231
inner0_selection,c0012_23099bed3753,level_shift,2.0,combined,130,94,0.7230769230769231
inner0_selection,c0012_23099bed3753,drift,0.5,availability_only,129,0,0.0
inner0_selection,c0012_23099bed3753,drift,0.5,numerical_only,129,35,0.2713178294573643
inner0_selection,c0012_23099bed3753,drift,0.5,combined,129,35,0.2713178294573643
inner0_selection,c0012_23099bed3753,drift,1.0,availability_only,128,0,0.0
inner0_selection,c0012_23099bed3753,drift,1.0,numerical_only,128,57,0.4453125
inner0_selection,c0012_23099bed3753,drift,1.0,combined,128,57,0.4453125
inner0_selection,c0012_23099bed3753,drift,2.0,availability_only,127,0,0.0
inner0_selection,c0012_23099bed3753,drift,2.0,numerical_only,127,78,0.6141732283464567
inner0_selection,c0012_23099bed3753,drift,2.0,combined,127,78,0.6141732283464567
inner0_selection,c0013_a21278d4e492,random_missing,0.5,availability_only,34,1,0.029411764705882353
inner0_selection,c0013_a21278d4e492,random_missing,0.5,numerical_only,34,0,0.0
inner0_selection,c0013_a21278d4e492,random_missing,0.5,combined,34,4,0.11764705882352941
inner0_selection,c0013_a21278d4e492,random_missing,1.0,availability_only,74,1,0.013513513513513514
inner0_selection,c0013_a21278d4e492,random_missing,1.0,numerical_only,74,0,0.0
inner0_selection,c0013_a21278d4e492,random_missing,1.0,combined,74,3,0.04054054054054054
inner0_selection,c0013_a21278d4e492,random_missing,2.0,availability_only,113,16,0.1415929203539823
inner0_selection,c0013_a21278d4e492,random_missing,2.0,numerical_only,113,2,0.017699115044247787
inner0_selection,c0013_a21278d4e492,random_missing,2.0,combined,113,24,0.21238938053097345
inner0_selection,c0013_a21278d4e492,block_missing,0.5,availability_only,129,0,0.0
inner0_selection,c0013_a21278d4e492,block_missing,0.5,numerical_only,129,0,0.0
inner0_selection,c0013_a21278d4e492,block_missing,0.5,combined,129,2,0.015503875968992248
inner0_selection,c0013_a21278d4e492,block_missing,1.0,availability_only,130,0,0.0
inner0_selection,c0013_a21278d4e492,block_missing,1.0,numerical_only,130,2,0.015384615384615385
inner0_selection,c0013_a21278d4e492,block_missing,1.0,combined,130,24,0.18461538461538463
inner0_selection,c0013_a21278d4e492,block_missing,2.0,availability_only,130,130,1.0
inner0_selection,c0013_a21278d4e492,block_missing,2.0,numerical_only,130,2,0.015384615384615385
inner0_selection,c0013_a21278d4e492,block_missing,2.0,combined,130,129,0.9923076923076923
inner0_selection,c0013_a21278d4e492,stuck,0.5,availability_only,126,0,0.0
inner0_selection,c0013_a21278d4e492,stuck,0.5,numerical_only,126,4,0.031746031746031744
inner0_selection,c0013_a21278d4e492,stuck,0.5,combined,126,4,0.031746031746031744
inner0_selection,c0013_a21278d4e492,stuck,1.0,availability_only,129,0,0.0
inner0_selection,c0013_a21278d4e492,stuck,1.0,numerical_only,129,4,0.031007751937984496
inner0_selection,c0013_a21278d4e492,stuck,1.0,combined,129,4,0.031007751937984496
inner0_selection,c0013_a21278d4e492,stuck,2.0,availability_only,128,0,0.0
inner0_selection,c0013_a21278d4e492,stuck,2.0,numerical_only,128,2,0.015625
inner0_selection,c0013_a21278d4e492,stuck,2.0,combined,128,2,0.015625
inner0_selection,c0013_a21278d4e492,dropout,0.5,availability_only,130,0,0.0
inner0_selection,c0013_a21278d4e492,dropout,0.5,numerical_only,130,8,0.06153846153846154
inner0_selection,c0013_a21278d4e492,dropout,0.5,combined,130,8,0.06153846153846154
inner0_selection,c0013_a21278d4e492,dropout,1.0,availability_only,130,0,0.0
inner0_selection,c0013_a21278d4e492,dropout,1.0,numerical_only,130,47,0.36153846153846153
inner0_selection,c0013_a21278d4e492,dropout,1.0,combined,130,47,0.36153846153846153
inner0_selection,c0013_a21278d4e492,dropout,2.0,availability_only,130,0,0.0
inner0_selection,c0013_a21278d4e492,dropout,2.0,numerical_only,130,45,0.34615384615384615
inner0_selection,c0013_a21278d4e492,dropout,2.0,combined,130,45,0.34615384615384615
inner0_selection,c0013_a21278d4e492,bias,0.5,availability_only,130,0,0.0
inner0_selection,c0013_a21278d4e492,bias,0.5,numerical_only,130,0,0.0
inner0_selection,c0013_a21278d4e492,bias,0.5,combined,130,0,0.0
inner0_selection,c0013_a21278d4e492,bias,1.0,availability_only,130,0,0.0
inner0_selection,c0013_a21278d4e492,bias,1.0,numerical_only,130,1,0.007692307692307693
inner0_selection,c0013_a21278d4e492,bias,1.0,combined,130,1,0.007692307692307693
inner0_selection,c0013_a21278d4e492,bias,2.0,availability_only,130,0,0.0
inner0_selection,c0013_a21278d4e492,bias,2.0,numerical_only,130,10,0.07692307692307693
inner0_selection,c0013_a21278d4e492,bias,2.0,combined,130,10,0.07692307692307693
inner0_selection,c0013_a21278d4e492,level_shift,0.5,availability_only,130,0,0.0
inner0_selection,c0013_a21278d4e492,level_shift,0.5,numerical_only,130,4,0.03076923076923077
inner0_selection,c0013_a21278d4e492,level_shift,0.5,combined,130,4,0.03076923076923077
inner0_selection,c0013_a21278d4e492,level_shift,1.0,availability_only,130,0,0.0
inner0_selection,c0013_a21278d4e492,level_shift,1.0,numerical_only,130,9,0.06923076923076923
inner0_selection,c0013_a21278d4e492,level_shift,1.0,combined,130,9,0.06923076923076923
inner0_selection,c0013_a21278d4e492,level_shift,2.0,availability_only,130,0,0.0
inner0_selection,c0013_a21278d4e492,level_shift,2.0,numerical_only,130,20,0.15384615384615385
inner0_selection,c0013_a21278d4e492,level_shift,2.0,combined,130,20,0.15384615384615385
inner0_selection,c0013_a21278d4e492,drift,0.5,availability_only,129,0,0.0
inner0_selection,c0013_a21278d4e492,drift,0.5,numerical_only,129,2,0.015503875968992248
inner0_selection,c0013_a21278d4e492,drift,0.5,combined,129,2,0.015503875968992248
inner0_selection,c0013_a21278d4e492,drift,1.0,availability_only,128,0,0.0
inner0_selection,c0013_a21278d4e492,drift,1.0,numerical_only,128,7,0.0546875
inner0_selection,c0013_a21278d4e492,drift,1.0,combined,128,7,0.0546875
inner0_selection,c0013_a21278d4e492,drift,2.0,availability_only,127,0,0.0
inner0_selection,c0013_a21278d4e492,drift,2.0,numerical_only,127,31,0.2440944881889764
inner0_selection,c0013_a21278d4e492,drift,2.0,combined,127,31,0.2440944881889764
inner0_selection,c0014_54a0e1ef5720,random_missing,0.5,availability_only,34,1,0.029411764705882353
inner0_selection,c0014_54a0e1ef5720,random_missing,0.5,numerical_only,34,0,0.0
inner0_selection,c0014_54a0e1ef5720,random_missing,0.5,combined,34,3,0.08823529411764706
inner0_selection,c0014_54a0e1ef5720,random_missing,1.0,availability_only,74,0,0.0
inner0_selection,c0014_54a0e1ef5720,random_missing,1.0,numerical_only,74,0,0.0
inner0_selection,c0014_54a0e1ef5720,random_missing,1.0,combined,74,2,0.02702702702702703
inner0_selection,c0014_54a0e1ef5720,random_missing,2.0,availability_only,113,4,0.035398230088495575
inner0_selection,c0014_54a0e1ef5720,random_missing,2.0,numerical_only,113,3,0.02654867256637168
inner0_selection,c0014_54a0e1ef5720,random_missing,2.0,combined,113,20,0.17699115044247787
inner0_selection,c0014_54a0e1ef5720,block_missing,0.5,availability_only,129,0,0.0
inner0_selection,c0014_54a0e1ef5720,block_missing,0.5,numerical_only,129,0,0.0
inner0_selection,c0014_54a0e1ef5720,block_missing,0.5,combined,129,3,0.023255813953488372
inner0_selection,c0014_54a0e1ef5720,block_missing,1.0,availability_only,130,0,0.0
inner0_selection,c0014_54a0e1ef5720,block_missing,1.0,numerical_only,130,1,0.007692307692307693
inner0_selection,c0014_54a0e1ef5720,block_missing,1.0,combined,130,9,0.06923076923076923
inner0_selection,c0014_54a0e1ef5720,block_missing,2.0,availability_only,130,130,1.0
inner0_selection,c0014_54a0e1ef5720,block_missing,2.0,numerical_only,130,0,0.0
inner0_selection,c0014_54a0e1ef5720,block_missing,2.0,combined,130,128,0.9846153846153847
inner0_selection,c0014_54a0e1ef5720,stuck,0.5,availability_only,126,0,0.0
inner0_selection,c0014_54a0e1ef5720,stuck,0.5,numerical_only,126,4,0.031746031746031744
inner0_selection,c0014_54a0e1ef5720,stuck,0.5,combined,126,4,0.031746031746031744
inner0_selection,c0014_54a0e1ef5720,stuck,1.0,availability_only,129,0,0.0
inner0_selection,c0014_54a0e1ef5720,stuck,1.0,numerical_only,129,2,0.015503875968992248
inner0_selection,c0014_54a0e1ef5720,stuck,1.0,combined,129,2,0.015503875968992248
inner0_selection,c0014_54a0e1ef5720,stuck,2.0,availability_only,128,0,0.0
inner0_selection,c0014_54a0e1ef5720,stuck,2.0,numerical_only,128,1,0.0078125
inner0_selection,c0014_54a0e1ef5720,stuck,2.0,combined,128,1,0.0078125
inner0_selection,c0014_54a0e1ef5720,dropout,0.5,availability_only,130,0,0.0
inner0_selection,c0014_54a0e1ef5720,dropout,0.5,numerical_only,130,8,0.06153846153846154
inner0_selection,c0014_54a0e1ef5720,dropout,0.5,combined,130,8,0.06153846153846154
inner0_selection,c0014_54a0e1ef5720,dropout,1.0,availability_only,130,0,0.0
inner0_selection,c0014_54a0e1ef5720,dropout,1.0,numerical_only,130,13,0.1
inner0_selection,c0014_54a0e1ef5720,dropout,1.0,combined,130,13,0.1
inner0_selection,c0014_54a0e1ef5720,dropout,2.0,availability_only,130,0,0.0
inner0_selection,c0014_54a0e1ef5720,dropout,2.0,numerical_only,130,45,0.34615384615384615
inner0_selection,c0014_54a0e1ef5720,dropout,2.0,combined,130,45,0.34615384615384615
inner0_selection,c0014_54a0e1ef5720,bias,0.5,availability_only,130,0,0.0
inner0_selection,c0014_54a0e1ef5720,bias,0.5,numerical_only,130,0,0.0
inner0_selection,c0014_54a0e1ef5720,bias,0.5,combined,130,0,0.0
inner0_selection,c0014_54a0e1ef5720,bias,1.0,availability_only,130,0,0.0
inner0_selection,c0014_54a0e1ef5720,bias,1.0,numerical_only,130,1,0.007692307692307693
inner0_selection,c0014_54a0e1ef5720,bias,1.0,combined,130,1,0.007692307692307693
inner0_selection,c0014_54a0e1ef5720,bias,2.0,availability_only,130,0,0.0
inner0_selection,c0014_54a0e1ef5720,bias,2.0,numerical_only,130,7,0.05384615384615385
inner0_selection,c0014_54a0e1ef5720,bias,2.0,combined,130,7,0.05384615384615385
inner0_selection,c0014_54a0e1ef5720,level_shift,0.5,availability_only,130,0,0.0
inner0_selection,c0014_54a0e1ef5720,level_shift,0.5,numerical_only,130,3,0.023076923076923078
inner0_selection,c0014_54a0e1ef5720,level_shift,0.5,combined,130,3,0.023076923076923078
inner0_selection,c0014_54a0e1ef5720,level_shift,1.0,availability_only,130,0,0.0
inner0_selection,c0014_54a0e1ef5720,level_shift,1.0,numerical_only,130,6,0.046153846153846156
inner0_selection,c0014_54a0e1ef5720,level_shift,1.0,combined,130,6,0.046153846153846156
inner0_selection,c0014_54a0e1ef5720,level_shift,2.0,availability_only,130,0,0.0
inner0_selection,c0014_54a0e1ef5720,level_shift,2.0,numerical_only,130,23,0.17692307692307693
inner0_selection,c0014_54a0e1ef5720,level_shift,2.0,combined,130,23,0.17692307692307693
inner0_selection,c0014_54a0e1ef5720,drift,0.5,availability_only,129,0,0.0
inner0_selection,c0014_54a0e1ef5720,drift,0.5,numerical_only,129,2,0.015503875968992248
inner0_selection,c0014_54a0e1ef5720,drift,0.5,combined,129,2,0.015503875968992248
inner0_selection,c0014_54a0e1ef5720,drift,1.0,availability_only,128,0,0.0
inner0_selection,c0014_54a0e1ef5720,drift,1.0,numerical_only,128,3,0.0234375
inner0_selection,c0014_54a0e1ef5720,drift,1.0,combined,128,3,0.0234375
inner0_selection,c0014_54a0e1ef5720,drift,2.0,availability_only,127,0,0.0
inner0_selection,c0014_54a0e1ef5720,drift,2.0,numerical_only,127,18,0.14173228346456693
inner0_selection,c0014_54a0e1ef5720,drift,2.0,combined,127,18,0.14173228346456693
inner0_selection,c0024_ba16b82adffd,random_missing,0.5,availability_only,34,34,1.0
inner0_selection,c0024_ba16b82adffd,random_missing,0.5,numerical_only,34,11,0.3235294117647059
inner0_selection,c0024_ba16b82adffd,random_missing,0.5,combined,34,34,1.0
inner0_selection,c0024_ba16b82adffd,random_missing,1.0,availability_only,74,74,1.0
inner0_selection,c0024_ba16b82adffd,random_missing,1.0,numerical_only,74,13,0.17567567567567569
inner0_selection,c0024_ba16b82adffd,random_missing,1.0,combined,74,74,1.0
inner0_selection,c0024_ba16b82adffd,random_missing,2.0,availability_only,113,113,1.0
inner0_selection,c0024_ba16b82adffd,random_missing,2.0,numerical_only,113,28,0.24778761061946902
inner0_selection,c0024_ba16b82adffd,random_missing,2.0,combined,113,111,0.9823008849557522
inner0_selection,c0024_ba16b82adffd,block_missing,0.5,availability_only,129,129,1.0
inner0_selection,c0024_ba16b82adffd,block_missing,0.5,numerical_only,129,19,0.14728682170542637
inner0_selection,c0024_ba16b82adffd,block_missing,0.5,combined,129,127,0.9844961240310077
inner0_selection,c0024_ba16b82adffd,block_missing,1.0,availability_only,130,130,1.0
inner0_selection,c0024_ba16b82adffd,block_missing,1.0,numerical_only,130,32,0.24615384615384617
inner0_selection,c0024_ba16b82adffd,block_missing,1.0,combined,130,130,1.0
inner0_selection,c0024_ba16b82adffd,block_missing,2.0,availability_only,130,130,1.0
inner0_selection,c0024_ba16b82adffd,block_missing,2.0,numerical_only,130,35,0.2692307692307692
inner0_selection,c0024_ba16b82adffd,block_missing,2.0,combined,130,126,0.9692307692307692
inner0_selection,c0024_ba16b82adffd,stuck,0.5,availability_only,126,0,0.0
inner0_selection,c0024_ba16b82adffd,stuck,0.5,numerical_only,126,26,0.20634920634920634
inner0_selection,c0024_ba16b82adffd,stuck,0.5,combined,126,26,0.20634920634920634
inner0_selection,c0024_ba16b82adffd,stuck,1.0,availability_only,129,0,0.0
inner0_selection,c0024_ba16b82adffd,stuck,1.0,numerical_only,129,29,0.2248062015503876
inner0_selection,c0024_ba16b82adffd,stuck,1.0,combined,129,29,0.2248062015503876
inner0_selection,c0024_ba16b82adffd,stuck,2.0,availability_only,128,0,0.0
inner0_selection,c0024_ba16b82adffd,stuck,2.0,numerical_only,128,38,0.296875
inner0_selection,c0024_ba16b82adffd,stuck,2.0,combined,128,38,0.296875
inner0_selection,c0024_ba16b82adffd,dropout,0.5,availability_only,130,0,0.0
inner0_selection,c0024_ba16b82adffd,dropout,0.5,numerical_only,130,128,0.9846153846153847
inner0_selection,c0024_ba16b82adffd,dropout,0.5,combined,130,128,0.9846153846153847
inner0_selection,c0024_ba16b82adffd,dropout,1.0,availability_only,130,0,0.0
inner0_selection,c0024_ba16b82adffd,dropout,1.0,numerical_only,130,128,0.9846153846153847
inner0_selection,c0024_ba16b82adffd,dropout,1.0,combined,130,128,0.9846153846153847
inner0_selection,c0024_ba16b82adffd,dropout,2.0,availability_only,130,0,0.0
inner0_selection,c0024_ba16b82adffd,dropout,2.0,numerical_only,130,127,0.9769230769230769
inner0_selection,c0024_ba16b82adffd,dropout,2.0,combined,130,127,0.9769230769230769
inner0_selection,c0024_ba16b82adffd,bias,0.5,availability_only,130,0,0.0
inner0_selection,c0024_ba16b82adffd,bias,0.5,numerical_only,130,44,0.3384615384615385
inner0_selection,c0024_ba16b82adffd,bias,0.5,combined,130,44,0.3384615384615385
inner0_selection,c0024_ba16b82adffd,bias,1.0,availability_only,130,0,0.0
inner0_selection,c0024_ba16b82adffd,bias,1.0,numerical_only,130,76,0.5846153846153846
inner0_selection,c0024_ba16b82adffd,bias,1.0,combined,130,76,0.5846153846153846
inner0_selection,c0024_ba16b82adffd,bias,2.0,availability_only,130,0,0.0
inner0_selection,c0024_ba16b82adffd,bias,2.0,numerical_only,130,112,0.8615384615384616
inner0_selection,c0024_ba16b82adffd,bias,2.0,combined,130,112,0.8615384615384616
inner0_selection,c0024_ba16b82adffd,level_shift,0.5,availability_only,130,0,0.0
inner0_selection,c0024_ba16b82adffd,level_shift,0.5,numerical_only,130,45,0.34615384615384615
inner0_selection,c0024_ba16b82adffd,level_shift,0.5,combined,130,45,0.34615384615384615
inner0_selection,c0024_ba16b82adffd,level_shift,1.0,availability_only,130,0,0.0
inner0_selection,c0024_ba16b82adffd,level_shift,1.0,numerical_only,130,72,0.5538461538461539
inner0_selection,c0024_ba16b82adffd,level_shift,1.0,combined,130,72,0.5538461538461539
inner0_selection,c0024_ba16b82adffd,level_shift,2.0,availability_only,130,0,0.0
inner0_selection,c0024_ba16b82adffd,level_shift,2.0,numerical_only,130,112,0.8615384615384616
inner0_selection,c0024_ba16b82adffd,level_shift,2.0,combined,130,112,0.8615384615384616
inner0_selection,c0024_ba16b82adffd,drift,0.5,availability_only,129,0,0.0
inner0_selection,c0024_ba16b82adffd,drift,0.5,numerical_only,129,36,0.27906976744186046
inner0_selection,c0024_ba16b82adffd,drift,0.5,combined,129,36,0.27906976744186046
inner0_selection,c0024_ba16b82adffd,drift,1.0,availability_only,128,0,0.0
inner0_selection,c0024_ba16b82adffd,drift,1.0,numerical_only,128,65,0.5078125
inner0_selection,c0024_ba16b82adffd,drift,1.0,combined,128,65,0.5078125
inner0_selection,c0024_ba16b82adffd,drift,2.0,availability_only,127,0,0.0
inner0_selection,c0024_ba16b82adffd,drift,2.0,numerical_only,127,103,0.8110236220472441
inner0_selection,c0024_ba16b82adffd,drift,2.0,combined,127,103,0.8110236220472441
inner0_selection,c0025_63dd1cc1601e,random_missing,0.5,availability_only,34,1,0.029411764705882353
inner0_selection,c0025_63dd1cc1601e,random_missing,0.5,numerical_only,34,1,0.029411764705882353
inner0_selection,c0025_63dd1cc1601e,random_missing,0.5,combined,34,5,0.14705882352941177
inner0_selection,c0025_63dd1cc1601e,random_missing,1.0,availability_only,74,1,0.013513513513513514
inner0_selection,c0025_63dd1cc1601e,random_missing,1.0,numerical_only,74,1,0.013513513513513514
inner0_selection,c0025_63dd1cc1601e,random_missing,1.0,combined,74,4,0.05405405405405406
inner0_selection,c0025_63dd1cc1601e,random_missing,2.0,availability_only,113,16,0.1415929203539823
inner0_selection,c0025_63dd1cc1601e,random_missing,2.0,numerical_only,113,1,0.008849557522123894
inner0_selection,c0025_63dd1cc1601e,random_missing,2.0,combined,113,23,0.20353982300884957
inner0_selection,c0025_63dd1cc1601e,block_missing,0.5,availability_only,129,0,0.0
inner0_selection,c0025_63dd1cc1601e,block_missing,0.5,numerical_only,129,3,0.023255813953488372
inner0_selection,c0025_63dd1cc1601e,block_missing,0.5,combined,129,8,0.06201550387596899
inner0_selection,c0025_63dd1cc1601e,block_missing,1.0,availability_only,130,0,0.0
inner0_selection,c0025_63dd1cc1601e,block_missing,1.0,numerical_only,130,2,0.015384615384615385
inner0_selection,c0025_63dd1cc1601e,block_missing,1.0,combined,130,21,0.16153846153846155
inner0_selection,c0025_63dd1cc1601e,block_missing,2.0,availability_only,130,130,1.0
inner0_selection,c0025_63dd1cc1601e,block_missing,2.0,numerical_only,130,0,0.0
inner0_selection,c0025_63dd1cc1601e,block_missing,2.0,combined,130,130,1.0
inner0_selection,c0025_63dd1cc1601e,stuck,0.5,availability_only,126,0,0.0
inner0_selection,c0025_63dd1cc1601e,stuck,0.5,numerical_only,126,2,0.015873015873015872
inner0_selection,c0025_63dd1cc1601e,stuck,0.5,combined,126,2,0.015873015873015872
inner0_selection,c0025_63dd1cc1601e,stuck,1.0,availability_only,129,0,0.0
inner0_selection,c0025_63dd1cc1601e,stuck,1.0,numerical_only,129,4,0.031007751937984496
inner0_selection,c0025_63dd1cc1601e,stuck,1.0,combined,129,4,0.031007751937984496
inner0_selection,c0025_63dd1cc1601e,stuck,2.0,availability_only,128,0,0.0
inner0_selection,c0025_63dd1cc1601e,stuck,2.0,numerical_only,128,5,0.0390625
inner0_selection,c0025_63dd1cc1601e,stuck,2.0,combined,128,5,0.0390625
inner0_selection,c0025_63dd1cc1601e,dropout,0.5,availability_only,130,0,0.0
inner0_selection,c0025_63dd1cc1601e,dropout,0.5,numerical_only,130,8,0.06153846153846154
inner0_selection,c0025_63dd1cc1601e,dropout,0.5,combined,130,8,0.06153846153846154
inner0_selection,c0025_63dd1cc1601e,dropout,1.0,availability_only,130,0,0.0
inner0_selection,c0025_63dd1cc1601e,dropout,1.0,numerical_only,130,41,0.3153846153846154
inner0_selection,c0025_63dd1cc1601e,dropout,1.0,combined,130,41,0.3153846153846154
inner0_selection,c0025_63dd1cc1601e,dropout,2.0,availability_only,130,0,0.0
inner0_selection,c0025_63dd1cc1601e,dropout,2.0,numerical_only,130,36,0.27692307692307694
inner0_selection,c0025_63dd1cc1601e,dropout,2.0,combined,130,36,0.27692307692307694
inner0_selection,c0025_63dd1cc1601e,bias,0.5,availability_only,130,0,0.0
inner0_selection,c0025_63dd1cc1601e,bias,0.5,numerical_only,130,3,0.023076923076923078
inner0_selection,c0025_63dd1cc1601e,bias,0.5,combined,130,3,0.023076923076923078
inner0_selection,c0025_63dd1cc1601e,bias,1.0,availability_only,130,0,0.0
inner0_selection,c0025_63dd1cc1601e,bias,1.0,numerical_only,130,3,0.023076923076923078
inner0_selection,c0025_63dd1cc1601e,bias,1.0,combined,130,3,0.023076923076923078
inner0_selection,c0025_63dd1cc1601e,bias,2.0,availability_only,130,0,0.0
inner0_selection,c0025_63dd1cc1601e,bias,2.0,numerical_only,130,14,0.1076923076923077
inner0_selection,c0025_63dd1cc1601e,bias,2.0,combined,130,14,0.1076923076923077
inner0_selection,c0025_63dd1cc1601e,level_shift,0.5,availability_only,130,0,0.0
inner0_selection,c0025_63dd1cc1601e,level_shift,0.5,numerical_only,130,5,0.038461538461538464
inner0_selection,c0025_63dd1cc1601e,level_shift,0.5,combined,130,5,0.038461538461538464
inner0_selection,c0025_63dd1cc1601e,level_shift,1.0,availability_only,130,0,0.0
inner0_selection,c0025_63dd1cc1601e,level_shift,1.0,numerical_only,130,7,0.05384615384615385
inner0_selection,c0025_63dd1cc1601e,level_shift,1.0,combined,130,7,0.05384615384615385
inner0_selection,c0025_63dd1cc1601e,level_shift,2.0,availability_only,130,0,0.0
inner0_selection,c0025_63dd1cc1601e,level_shift,2.0,numerical_only,130,19,0.14615384615384616
inner0_selection,c0025_63dd1cc1601e,level_shift,2.0,combined,130,19,0.14615384615384616
inner0_selection,c0025_63dd1cc1601e,drift,0.5,availability_only,129,0,0.0
inner0_selection,c0025_63dd1cc1601e,drift,0.5,numerical_only,129,3,0.023255813953488372
inner0_selection,c0025_63dd1cc1601e,drift,0.5,combined,129,3,0.023255813953488372
inner0_selection,c0025_63dd1cc1601e,drift,1.0,availability_only,128,0,0.0
inner0_selection,c0025_63dd1cc1601e,drift,1.0,numerical_only,128,5,0.0390625
inner0_selection,c0025_63dd1cc1601e,drift,1.0,combined,128,5,0.0390625
inner0_selection,c0025_63dd1cc1601e,drift,2.0,availability_only,127,0,0.0
inner0_selection,c0025_63dd1cc1601e,drift,2.0,numerical_only,127,36,0.28346456692913385
inner0_selection,c0025_63dd1cc1601e,drift,2.0,combined,127,36,0.28346456692913385
inner0_selection,c0026_47d9fe7d15ba,random_missing,0.5,availability_only,34,1,0.029411764705882353
inner0_selection,c0026_47d9fe7d15ba,random_missing,0.5,numerical_only,34,1,0.029411764705882353
inner0_selection,c0026_47d9fe7d15ba,random_missing,0.5,combined,34,4,0.11764705882352941
inner0_selection,c0026_47d9fe7d15ba,random_missing,1.0,availability_only,74,0,0.0
inner0_selection,c0026_47d9fe7d15ba,random_missing,1.0,numerical_only,74,0,0.0
inner0_selection,c0026_47d9fe7d15ba,random_missing,1.0,combined,74,4,0.05405405405405406
inner0_selection,c0026_47d9fe7d15ba,random_missing,2.0,availability_only,113,4,0.035398230088495575
inner0_selection,c0026_47d9fe7d15ba,random_missing,2.0,numerical_only,113,1,0.008849557522123894
inner0_selection,c0026_47d9fe7d15ba,random_missing,2.0,combined,113,20,0.17699115044247787
inner0_selection,c0026_47d9fe7d15ba,block_missing,0.5,availability_only,129,0,0.0
inner0_selection,c0026_47d9fe7d15ba,block_missing,0.5,numerical_only,129,0,0.0
inner0_selection,c0026_47d9fe7d15ba,block_missing,0.5,combined,129,4,0.031007751937984496
inner0_selection,c0026_47d9fe7d15ba,block_missing,1.0,availability_only,130,0,0.0
inner0_selection,c0026_47d9fe7d15ba,block_missing,1.0,numerical_only,130,0,0.0
inner0_selection,c0026_47d9fe7d15ba,block_missing,1.0,combined,130,7,0.05384615384615385
inner0_selection,c0026_47d9fe7d15ba,block_missing,2.0,availability_only,130,130,1.0
inner0_selection,c0026_47d9fe7d15ba,block_missing,2.0,numerical_only,130,0,0.0
inner0_selection,c0026_47d9fe7d15ba,block_missing,2.0,combined,130,129,0.9923076923076923
inner0_selection,c0026_47d9fe7d15ba,stuck,0.5,availability_only,126,0,0.0
inner0_selection,c0026_47d9fe7d15ba,stuck,0.5,numerical_only,126,2,0.015873015873015872
inner0_selection,c0026_47d9fe7d15ba,stuck,0.5,combined,126,2,0.015873015873015872
inner0_selection,c0026_47d9fe7d15ba,stuck,1.0,availability_only,129,0,0.0
inner0_selection,c0026_47d9fe7d15ba,stuck,1.0,numerical_only,129,2,0.015503875968992248
inner0_selection,c0026_47d9fe7d15ba,stuck,1.0,combined,129,2,0.015503875968992248
inner0_selection,c0026_47d9fe7d15ba,stuck,2.0,availability_only,128,0,0.0
inner0_selection,c0026_47d9fe7d15ba,stuck,2.0,numerical_only,128,3,0.0234375
inner0_selection,c0026_47d9fe7d15ba,stuck,2.0,combined,128,3,0.0234375
inner0_selection,c0026_47d9fe7d15ba,dropout,0.5,availability_only,130,0,0.0
inner0_selection,c0026_47d9fe7d15ba,dropout,0.5,numerical_only,130,5,0.038461538461538464
inner0_selection,c0026_47d9fe7d15ba,dropout,0.5,combined,130,5,0.038461538461538464
inner0_selection,c0026_47d9fe7d15ba,dropout,1.0,availability_only,130,0,0.0
inner0_selection,c0026_47d9fe7d15ba,dropout,1.0,numerical_only,130,8,0.06153846153846154
inner0_selection,c0026_47d9fe7d15ba,dropout,1.0,combined,130,8,0.06153846153846154
inner0_selection,c0026_47d9fe7d15ba,dropout,2.0,availability_only,130,0,0.0
inner0_selection,c0026_47d9fe7d15ba,dropout,2.0,numerical_only,130,37,0.2846153846153846
inner0_selection,c0026_47d9fe7d15ba,dropout,2.0,combined,130,37,0.2846153846153846
inner0_selection,c0026_47d9fe7d15ba,bias,0.5,availability_only,130,0,0.0
inner0_selection,c0026_47d9fe7d15ba,bias,0.5,numerical_only,130,2,0.015384615384615385
inner0_selection,c0026_47d9fe7d15ba,bias,0.5,combined,130,2,0.015384615384615385
inner0_selection,c0026_47d9fe7d15ba,bias,1.0,availability_only,130,0,0.0
inner0_selection,c0026_47d9fe7d15ba,bias,1.0,numerical_only,130,1,0.007692307692307693
inner0_selection,c0026_47d9fe7d15ba,bias,1.0,combined,130,1,0.007692307692307693
inner0_selection,c0026_47d9fe7d15ba,bias,2.0,availability_only,130,0,0.0
inner0_selection,c0026_47d9fe7d15ba,bias,2.0,numerical_only,130,4,0.03076923076923077
inner0_selection,c0026_47d9fe7d15ba,bias,2.0,combined,130,4,0.03076923076923077
inner0_selection,c0026_47d9fe7d15ba,level_shift,0.5,availability_only,130,0,0.0
inner0_selection,c0026_47d9fe7d15ba,level_shift,0.5,numerical_only,130,2,0.015384615384615385
inner0_selection,c0026_47d9fe7d15ba,level_shift,0.5,combined,130,2,0.015384615384615385
inner0_selection,c0026_47d9fe7d15ba,level_shift,1.0,availability_only,130,0,0.0
inner0_selection,c0026_47d9fe7d15ba,level_shift,1.0,numerical_only,130,4,0.03076923076923077
inner0_selection,c0026_47d9fe7d15ba,level_shift,1.0,combined,130,4,0.03076923076923077
inner0_selection,c0026_47d9fe7d15ba,level_shift,2.0,availability_only,130,0,0.0
inner0_selection,c0026_47d9fe7d15ba,level_shift,2.0,numerical_only,130,17,0.13076923076923078
inner0_selection,c0026_47d9fe7d15ba,level_shift,2.0,combined,130,17,0.13076923076923078
inner0_selection,c0026_47d9fe7d15ba,drift,0.5,availability_only,129,0,0.0
inner0_selection,c0026_47d9fe7d15ba,drift,0.5,numerical_only,129,0,0.0
inner0_selection,c0026_47d9fe7d15ba,drift,0.5,combined,129,0,0.0
inner0_selection,c0026_47d9fe7d15ba,drift,1.0,availability_only,128,0,0.0
inner0_selection,c0026_47d9fe7d15ba,drift,1.0,numerical_only,128,0,0.0
inner0_selection,c0026_47d9fe7d15ba,drift,1.0,combined,128,0,0.0
inner0_selection,c0026_47d9fe7d15ba,drift,2.0,availability_only,127,0,0.0
inner0_selection,c0026_47d9fe7d15ba,drift,2.0,numerical_only,127,17,0.13385826771653545
inner0_selection,c0026_47d9fe7d15ba,drift,2.0,combined,127,17,0.13385826771653545
inner1_selection,c0000_f5146f1247fa,random_missing,0.5,availability_only,52,52,1.0
inner1_selection,c0000_f5146f1247fa,random_missing,0.5,numerical_only,52,24,0.46153846153846156
inner1_selection,c0000_f5146f1247fa,random_missing,0.5,combined,52,51,0.9807692307692307
inner1_selection,c0000_f5146f1247fa,random_missing,1.0,availability_only,77,77,1.0
inner1_selection,c0000_f5146f1247fa,random_missing,1.0,numerical_only,77,31,0.4025974025974026
inner1_selection,c0000_f5146f1247fa,random_missing,1.0,combined,77,76,0.987012987012987
inner1_selection,c0000_f5146f1247fa,random_missing,2.0,availability_only,115,115,1.0
inner1_selection,c0000_f5146f1247fa,random_missing,2.0,numerical_only,115,48,0.41739130434782606
inner1_selection,c0000_f5146f1247fa,random_missing,2.0,combined,115,106,0.9217391304347826
inner1_selection,c0000_f5146f1247fa,block_missing,0.5,availability_only,129,129,1.0
inner1_selection,c0000_f5146f1247fa,block_missing,0.5,numerical_only,129,62,0.4806201550387597
inner1_selection,c0000_f5146f1247fa,block_missing,0.5,combined,129,126,0.9767441860465116
inner1_selection,c0000_f5146f1247fa,block_missing,1.0,availability_only,130,130,1.0
inner1_selection,c0000_f5146f1247fa,block_missing,1.0,numerical_only,130,63,0.4846153846153846
inner1_selection,c0000_f5146f1247fa,block_missing,1.0,combined,130,125,0.9615384615384616
inner1_selection,c0000_f5146f1247fa,block_missing,2.0,availability_only,130,130,1.0
inner1_selection,c0000_f5146f1247fa,block_missing,2.0,numerical_only,130,74,0.5692307692307692
inner1_selection,c0000_f5146f1247fa,block_missing,2.0,combined,130,119,0.9153846153846154
inner1_selection,c0000_f5146f1247fa,stuck,0.5,availability_only,123,0,0.0
inner1_selection,c0000_f5146f1247fa,stuck,0.5,numerical_only,123,48,0.3902439024390244
inner1_selection,c0000_f5146f1247fa,stuck,0.5,combined,123,48,0.3902439024390244
inner1_selection,c0000_f5146f1247fa,stuck,1.0,availability_only,116,0,0.0
inner1_selection,c0000_f5146f1247fa,stuck,1.0,numerical_only,116,48,0.41379310344827586
inner1_selection,c0000_f5146f1247fa,stuck,1.0,combined,116,48,0.41379310344827586
inner1_selection,c0000_f5146f1247fa,stuck,2.0,availability_only,123,0,0.0
inner1_selection,c0000_f5146f1247fa,stuck,2.0,numerical_only,123,56,0.45528455284552843
inner1_selection,c0000_f5146f1247fa,stuck,2.0,combined,123,56,0.45528455284552843
inner1_selection,c0000_f5146f1247fa,dropout,0.5,availability_only,129,0,0.0
inner1_selection,c0000_f5146f1247fa,dropout,0.5,numerical_only,129,118,0.9147286821705426
inner1_selection,c0000_f5146f1247fa,dropout,0.5,combined,129,118,0.9147286821705426
inner1_selection,c0000_f5146f1247fa,dropout,1.0,availability_only,130,0,0.0
inner1_selection,c0000_f5146f1247fa,dropout,1.0,numerical_only,130,125,0.9615384615384616
inner1_selection,c0000_f5146f1247fa,dropout,1.0,combined,130,125,0.9615384615384616
inner1_selection,c0000_f5146f1247fa,dropout,2.0,availability_only,130,0,0.0
inner1_selection,c0000_f5146f1247fa,dropout,2.0,numerical_only,130,126,0.9692307692307692
inner1_selection,c0000_f5146f1247fa,dropout,2.0,combined,130,126,0.9692307692307692
inner1_selection,c0000_f5146f1247fa,bias,0.5,availability_only,130,0,0.0
inner1_selection,c0000_f5146f1247fa,bias,0.5,numerical_only,130,101,0.7769230769230769
inner1_selection,c0000_f5146f1247fa,bias,0.5,combined,130,101,0.7769230769230769
inner1_selection,c0000_f5146f1247fa,bias,1.0,availability_only,130,0,0.0
inner1_selection,c0000_f5146f1247fa,bias,1.0,numerical_only,130,121,0.9307692307692308
inner1_selection,c0000_f5146f1247fa,bias,1.0,combined,130,121,0.9307692307692308
inner1_selection,c0000_f5146f1247fa,bias,2.0,availability_only,130,0,0.0
inner1_selection,c0000_f5146f1247fa,bias,2.0,numerical_only,130,124,0.9538461538461539
inner1_selection,c0000_f5146f1247fa,bias,2.0,combined,130,124,0.9538461538461539
inner1_selection,c0000_f5146f1247fa,level_shift,0.5,availability_only,130,0,0.0
inner1_selection,c0000_f5146f1247fa,level_shift,0.5,numerical_only,130,106,0.8153846153846154
inner1_selection,c0000_f5146f1247fa,level_shift,0.5,combined,130,106,0.8153846153846154
inner1_selection,c0000_f5146f1247fa,level_shift,1.0,availability_only,130,0,0.0
inner1_selection,c0000_f5146f1247fa,level_shift,1.0,numerical_only,130,120,0.9230769230769231
inner1_selection,c0000_f5146f1247fa,level_shift,1.0,combined,130,120,0.9230769230769231
inner1_selection,c0000_f5146f1247fa,level_shift,2.0,availability_only,130,0,0.0
inner1_selection,c0000_f5146f1247fa,level_shift,2.0,numerical_only,130,121,0.9307692307692308
inner1_selection,c0000_f5146f1247fa,level_shift,2.0,combined,130,121,0.9307692307692308
inner1_selection,c0000_f5146f1247fa,drift,0.5,availability_only,129,0,0.0
inner1_selection,c0000_f5146f1247fa,drift,0.5,numerical_only,129,94,0.7286821705426356
inner1_selection,c0000_f5146f1247fa,drift,0.5,combined,129,94,0.7286821705426356
inner1_selection,c0000_f5146f1247fa,drift,1.0,availability_only,128,0,0.0
inner1_selection,c0000_f5146f1247fa,drift,1.0,numerical_only,128,113,0.8828125
inner1_selection,c0000_f5146f1247fa,drift,1.0,combined,128,113,0.8828125
inner1_selection,c0000_f5146f1247fa,drift,2.0,availability_only,127,0,0.0
inner1_selection,c0000_f5146f1247fa,drift,2.0,numerical_only,127,121,0.952755905511811
inner1_selection,c0000_f5146f1247fa,drift,2.0,combined,127,121,0.952755905511811
inner1_selection,c0001_ee0570e08213,random_missing,0.5,availability_only,52,0,0.0
inner1_selection,c0001_ee0570e08213,random_missing,0.5,numerical_only,52,3,0.057692307692307696
inner1_selection,c0001_ee0570e08213,random_missing,0.5,combined,52,5,0.09615384615384616
inner1_selection,c0001_ee0570e08213,random_missing,1.0,availability_only,77,1,0.012987012987012988
inner1_selection,c0001_ee0570e08213,random_missing,1.0,numerical_only,77,1,0.012987012987012988
inner1_selection,c0001_ee0570e08213,random_missing,1.0,combined,77,7,0.09090909090909091
inner1_selection,c0001_ee0570e08213,random_missing,2.0,availability_only,115,17,0.14782608695652175
inner1_selection,c0001_ee0570e08213,random_missing,2.0,numerical_only,115,8,0.06956521739130435
inner1_selection,c0001_ee0570e08213,random_missing,2.0,combined,115,34,0.2956521739130435
inner1_selection,c0001_ee0570e08213,block_missing,0.5,availability_only,129,0,0.0
inner1_selection,c0001_ee0570e08213,block_missing,0.5,numerical_only,129,5,0.03875968992248062
inner1_selection,c0001_ee0570e08213,block_missing,0.5,combined,129,6,0.046511627906976744
inner1_selection,c0001_ee0570e08213,block_missing,1.0,availability_only,130,0,0.0
inner1_selection,c0001_ee0570e08213,block_missing,1.0,numerical_only,130,5,0.038461538461538464
inner1_selection,c0001_ee0570e08213,block_missing,1.0,combined,130,46,0.35384615384615387
inner1_selection,c0001_ee0570e08213,block_missing,2.0,availability_only,130,130,1.0
inner1_selection,c0001_ee0570e08213,block_missing,2.0,numerical_only,130,5,0.038461538461538464
inner1_selection,c0001_ee0570e08213,block_missing,2.0,combined,130,127,0.9769230769230769
inner1_selection,c0001_ee0570e08213,stuck,0.5,availability_only,123,0,0.0
inner1_selection,c0001_ee0570e08213,stuck,0.5,numerical_only,123,0,0.0
inner1_selection,c0001_ee0570e08213,stuck,0.5,combined,123,0,0.0
inner1_selection,c0001_ee0570e08213,stuck,1.0,availability_only,116,0,0.0
inner1_selection,c0001_ee0570e08213,stuck,1.0,numerical_only,116,2,0.017241379310344827
inner1_selection,c0001_ee0570e08213,stuck,1.0,combined,116,2,0.017241379310344827
inner1_selection,c0001_ee0570e08213,stuck,2.0,availability_only,123,0,0.0
inner1_selection,c0001_ee0570e08213,stuck,2.0,numerical_only,123,5,0.04065040650406504
inner1_selection,c0001_ee0570e08213,stuck,2.0,combined,123,5,0.04065040650406504
inner1_selection,c0001_ee0570e08213,dropout,0.5,availability_only,129,0,0.0
inner1_selection,c0001_ee0570e08213,dropout,0.5,numerical_only,129,15,0.11627906976744186
inner1_selection,c0001_ee0570e08213,dropout,0.5,combined,129,15,0.11627906976744186
inner1_selection,c0001_ee0570e08213,dropout,1.0,availability_only,130,0,0.0
inner1_selection,c0001_ee0570e08213,dropout,1.0,numerical_only,130,38,0.2923076923076923
inner1_selection,c0001_ee0570e08213,dropout,1.0,combined,130,38,0.2923076923076923
inner1_selection,c0001_ee0570e08213,dropout,2.0,availability_only,130,0,0.0
inner1_selection,c0001_ee0570e08213,dropout,2.0,numerical_only,130,41,0.3153846153846154
inner1_selection,c0001_ee0570e08213,dropout,2.0,combined,130,41,0.3153846153846154
inner1_selection,c0001_ee0570e08213,bias,0.5,availability_only,130,0,0.0
inner1_selection,c0001_ee0570e08213,bias,0.5,numerical_only,130,11,0.08461538461538462
inner1_selection,c0001_ee0570e08213,bias,0.5,combined,130,11,0.08461538461538462
inner1_selection,c0001_ee0570e08213,bias,1.0,availability_only,130,0,0.0
inner1_selection,c0001_ee0570e08213,bias,1.0,numerical_only,130,13,0.1
inner1_selection,c0001_ee0570e08213,bias,1.0,combined,130,13,0.1
inner1_selection,c0001_ee0570e08213,bias,2.0,availability_only,130,0,0.0
inner1_selection,c0001_ee0570e08213,bias,2.0,numerical_only,130,31,0.23846153846153847
inner1_selection,c0001_ee0570e08213,bias,2.0,combined,130,31,0.23846153846153847
inner1_selection,c0001_ee0570e08213,level_shift,0.5,availability_only,130,0,0.0
inner1_selection,c0001_ee0570e08213,level_shift,0.5,numerical_only,130,10,0.07692307692307693
inner1_selection,c0001_ee0570e08213,level_shift,0.5,combined,130,10,0.07692307692307693
inner1_selection,c0001_ee0570e08213,level_shift,1.0,availability_only,130,0,0.0
inner1_selection,c0001_ee0570e08213,level_shift,1.0,numerical_only,130,11,0.08461538461538462
inner1_selection,c0001_ee0570e08213,level_shift,1.0,combined,130,11,0.08461538461538462
inner1_selection,c0001_ee0570e08213,level_shift,2.0,availability_only,130,0,0.0
inner1_selection,c0001_ee0570e08213,level_shift,2.0,numerical_only,130,40,0.3076923076923077
inner1_selection,c0001_ee0570e08213,level_shift,2.0,combined,130,40,0.3076923076923077
inner1_selection,c0001_ee0570e08213,drift,0.5,availability_only,129,0,0.0
inner1_selection,c0001_ee0570e08213,drift,0.5,numerical_only,129,11,0.08527131782945736
inner1_selection,c0001_ee0570e08213,drift,0.5,combined,129,11,0.08527131782945736
inner1_selection,c0001_ee0570e08213,drift,1.0,availability_only,128,0,0.0
inner1_selection,c0001_ee0570e08213,drift,1.0,numerical_only,128,41,0.3203125
inner1_selection,c0001_ee0570e08213,drift,1.0,combined,128,41,0.3203125
inner1_selection,c0001_ee0570e08213,drift,2.0,availability_only,127,0,0.0
inner1_selection,c0001_ee0570e08213,drift,2.0,numerical_only,127,66,0.5196850393700787
inner1_selection,c0001_ee0570e08213,drift,2.0,combined,127,66,0.5196850393700787
inner1_selection,c0002_fa76e087b17d,random_missing,0.5,availability_only,52,0,0.0
inner1_selection,c0002_fa76e087b17d,random_missing,0.5,numerical_only,52,3,0.057692307692307696
inner1_selection,c0002_fa76e087b17d,random_missing,0.5,combined,52,5,0.09615384615384616
inner1_selection,c0002_fa76e087b17d,random_missing,1.0,availability_only,77,0,0.0
inner1_selection,c0002_fa76e087b17d,random_missing,1.0,numerical_only,77,1,0.012987012987012988
inner1_selection,c0002_fa76e087b17d,random_missing,1.0,combined,77,3,0.03896103896103896
inner1_selection,c0002_fa76e087b17d,random_missing,2.0,availability_only,115,5,0.043478260869565216
inner1_selection,c0002_fa76e087b17d,random_missing,2.0,numerical_only,115,5,0.043478260869565216
inner1_selection,c0002_fa76e087b17d,random_missing,2.0,combined,115,27,0.23478260869565218
inner1_selection,c0002_fa76e087b17d,block_missing,0.5,availability_only,129,0,0.0
inner1_selection,c0002_fa76e087b17d,block_missing,0.5,numerical_only,129,2,0.015503875968992248
inner1_selection,c0002_fa76e087b17d,block_missing,0.5,combined,129,5,0.03875968992248062
inner1_selection,c0002_fa76e087b17d,block_missing,1.0,availability_only,130,0,0.0
inner1_selection,c0002_fa76e087b17d,block_missing,1.0,numerical_only,130,1,0.007692307692307693
inner1_selection,c0002_fa76e087b17d,block_missing,1.0,combined,130,24,0.18461538461538463
inner1_selection,c0002_fa76e087b17d,block_missing,2.0,availability_only,130,130,1.0
inner1_selection,c0002_fa76e087b17d,block_missing,2.0,numerical_only,130,0,0.0
inner1_selection,c0002_fa76e087b17d,block_missing,2.0,combined,130,124,0.9538461538461539
inner1_selection,c0002_fa76e087b17d,stuck,0.5,availability_only,123,0,0.0
inner1_selection,c0002_fa76e087b17d,stuck,0.5,numerical_only,123,0,0.0
inner1_selection,c0002_fa76e087b17d,stuck,0.5,combined,123,0,0.0
inner1_selection,c0002_fa76e087b17d,stuck,1.0,availability_only,116,0,0.0
inner1_selection,c0002_fa76e087b17d,stuck,1.0,numerical_only,116,0,0.0
inner1_selection,c0002_fa76e087b17d,stuck,1.0,combined,116,0,0.0
inner1_selection,c0002_fa76e087b17d,stuck,2.0,availability_only,123,0,0.0
inner1_selection,c0002_fa76e087b17d,stuck,2.0,numerical_only,123,3,0.024390243902439025
inner1_selection,c0002_fa76e087b17d,stuck,2.0,combined,123,3,0.024390243902439025
inner1_selection,c0002_fa76e087b17d,dropout,0.5,availability_only,129,0,0.0
inner1_selection,c0002_fa76e087b17d,dropout,0.5,numerical_only,129,10,0.07751937984496124
inner1_selection,c0002_fa76e087b17d,dropout,0.5,combined,129,10,0.07751937984496124
inner1_selection,c0002_fa76e087b17d,dropout,1.0,availability_only,130,0,0.0
inner1_selection,c0002_fa76e087b17d,dropout,1.0,numerical_only,130,10,0.07692307692307693
inner1_selection,c0002_fa76e087b17d,dropout,1.0,combined,130,10,0.07692307692307693
inner1_selection,c0002_fa76e087b17d,dropout,2.0,availability_only,130,0,0.0
inner1_selection,c0002_fa76e087b17d,dropout,2.0,numerical_only,130,43,0.33076923076923076
inner1_selection,c0002_fa76e087b17d,dropout,2.0,combined,130,43,0.33076923076923076
inner1_selection,c0002_fa76e087b17d,bias,0.5,availability_only,130,0,0.0
inner1_selection,c0002_fa76e087b17d,bias,0.5,numerical_only,130,6,0.046153846153846156
inner1_selection,c0002_fa76e087b17d,bias,0.5,combined,130,6,0.046153846153846156
inner1_selection,c0002_fa76e087b17d,bias,1.0,availability_only,130,0,0.0
inner1_selection,c0002_fa76e087b17d,bias,1.0,numerical_only,130,11,0.08461538461538462
inner1_selection,c0002_fa76e087b17d,bias,1.0,combined,130,11,0.08461538461538462
inner1_selection,c0002_fa76e087b17d,bias,2.0,availability_only,130,0,0.0
inner1_selection,c0002_fa76e087b17d,bias,2.0,numerical_only,130,10,0.07692307692307693
inner1_selection,c0002_fa76e087b17d,bias,2.0,combined,130,10,0.07692307692307693
inner1_selection,c0002_fa76e087b17d,level_shift,0.5,availability_only,130,0,0.0
inner1_selection,c0002_fa76e087b17d,level_shift,0.5,numerical_only,130,5,0.038461538461538464
inner1_selection,c0002_fa76e087b17d,level_shift,0.5,combined,130,5,0.038461538461538464
inner1_selection,c0002_fa76e087b17d,level_shift,1.0,availability_only,130,0,0.0
inner1_selection,c0002_fa76e087b17d,level_shift,1.0,numerical_only,130,12,0.09230769230769231
inner1_selection,c0002_fa76e087b17d,level_shift,1.0,combined,130,12,0.09230769230769231
inner1_selection,c0002_fa76e087b17d,level_shift,2.0,availability_only,130,0,0.0
inner1_selection,c0002_fa76e087b17d,level_shift,2.0,numerical_only,130,44,0.3384615384615385
inner1_selection,c0002_fa76e087b17d,level_shift,2.0,combined,130,44,0.3384615384615385
inner1_selection,c0002_fa76e087b17d,drift,0.5,availability_only,129,0,0.0
inner1_selection,c0002_fa76e087b17d,drift,0.5,numerical_only,129,6,0.046511627906976744
inner1_selection,c0002_fa76e087b17d,drift,0.5,combined,129,6,0.046511627906976744
inner1_selection,c0002_fa76e087b17d,drift,1.0,availability_only,128,0,0.0
inner1_selection,c0002_fa76e087b17d,drift,1.0,numerical_only,128,25,0.1953125
inner1_selection,c0002_fa76e087b17d,drift,1.0,combined,128,25,0.1953125
inner1_selection,c0002_fa76e087b17d,drift,2.0,availability_only,127,0,0.0
inner1_selection,c0002_fa76e087b17d,drift,2.0,numerical_only,127,47,0.3700787401574803
inner1_selection,c0002_fa76e087b17d,drift,2.0,combined,127,47,0.3700787401574803
inner1_selection,c0012_23099bed3753,random_missing,0.5,availability_only,52,52,1.0
inner1_selection,c0012_23099bed3753,random_missing,0.5,numerical_only,52,13,0.25
inner1_selection,c0012_23099bed3753,random_missing,0.5,combined,52,52,1.0
inner1_selection,c0012_23099bed3753,random_missing,1.0,availability_only,77,77,1.0
inner1_selection,c0012_23099bed3753,random_missing,1.0,numerical_only,77,25,0.3246753246753247
inner1_selection,c0012_23099bed3753,random_missing,1.0,combined,77,76,0.987012987012987
inner1_selection,c0012_23099bed3753,random_missing,2.0,availability_only,115,115,1.0
inner1_selection,c0012_23099bed3753,random_missing,2.0,numerical_only,115,25,0.21739130434782608
inner1_selection,c0012_23099bed3753,random_missing,2.0,combined,115,114,0.991304347826087
inner1_selection,c0012_23099bed3753,block_missing,0.5,availability_only,129,129,1.0
inner1_selection,c0012_23099bed3753,block_missing,0.5,numerical_only,129,40,0.31007751937984496
inner1_selection,c0012_23099bed3753,block_missing,0.5,combined,129,129,1.0
inner1_selection,c0012_23099bed3753,block_missing,1.0,availability_only,130,130,1.0
inner1_selection,c0012_23099bed3753,block_missing,1.0,numerical_only,130,43,0.33076923076923076
inner1_selection,c0012_23099bed3753,block_missing,1.0,combined,130,130,1.0
inner1_selection,c0012_23099bed3753,block_missing,2.0,availability_only,130,130,1.0
inner1_selection,c0012_23099bed3753,block_missing,2.0,numerical_only,130,57,0.43846153846153846
inner1_selection,c0012_23099bed3753,block_missing,2.0,combined,130,124,0.9538461538461539
inner1_selection,c0012_23099bed3753,stuck,0.5,availability_only,123,0,0.0
inner1_selection,c0012_23099bed3753,stuck,0.5,numerical_only,123,33,0.2682926829268293
inner1_selection,c0012_23099bed3753,stuck,0.5,combined,123,33,0.2682926829268293
inner1_selection,c0012_23099bed3753,stuck,1.0,availability_only,116,0,0.0
inner1_selection,c0012_23099bed3753,stuck,1.0,numerical_only,116,35,0.3017241379310345
inner1_selection,c0012_23099bed3753,stuck,1.0,combined,116,35,0.3017241379310345
inner1_selection,c0012_23099bed3753,stuck,2.0,availability_only,123,0,0.0
inner1_selection,c0012_23099bed3753,stuck,2.0,numerical_only,123,47,0.3821138211382114
inner1_selection,c0012_23099bed3753,stuck,2.0,combined,123,47,0.3821138211382114
inner1_selection,c0012_23099bed3753,dropout,0.5,availability_only,129,0,0.0
inner1_selection,c0012_23099bed3753,dropout,0.5,numerical_only,129,115,0.8914728682170543
inner1_selection,c0012_23099bed3753,dropout,0.5,combined,129,115,0.8914728682170543
inner1_selection,c0012_23099bed3753,dropout,1.0,availability_only,130,0,0.0
inner1_selection,c0012_23099bed3753,dropout,1.0,numerical_only,130,122,0.9384615384615385
inner1_selection,c0012_23099bed3753,dropout,1.0,combined,130,122,0.9384615384615385
inner1_selection,c0012_23099bed3753,dropout,2.0,availability_only,130,0,0.0
inner1_selection,c0012_23099bed3753,dropout,2.0,numerical_only,130,128,0.9846153846153847
inner1_selection,c0012_23099bed3753,dropout,2.0,combined,130,128,0.9846153846153847
inner1_selection,c0012_23099bed3753,bias,0.5,availability_only,130,0,0.0
inner1_selection,c0012_23099bed3753,bias,0.5,numerical_only,130,71,0.5461538461538461
inner1_selection,c0012_23099bed3753,bias,0.5,combined,130,71,0.5461538461538461
inner1_selection,c0012_23099bed3753,bias,1.0,availability_only,130,0,0.0
inner1_selection,c0012_23099bed3753,bias,1.0,numerical_only,130,108,0.8307692307692308
inner1_selection,c0012_23099bed3753,bias,1.0,combined,130,108,0.8307692307692308
inner1_selection,c0012_23099bed3753,bias,2.0,availability_only,130,0,0.0
inner1_selection,c0012_23099bed3753,bias,2.0,numerical_only,130,122,0.9384615384615385
inner1_selection,c0012_23099bed3753,bias,2.0,combined,130,122,0.9384615384615385
inner1_selection,c0012_23099bed3753,level_shift,0.5,availability_only,130,0,0.0
inner1_selection,c0012_23099bed3753,level_shift,0.5,numerical_only,130,77,0.5923076923076923
inner1_selection,c0012_23099bed3753,level_shift,0.5,combined,130,77,0.5923076923076923
inner1_selection,c0012_23099bed3753,level_shift,1.0,availability_only,130,0,0.0
inner1_selection,c0012_23099bed3753,level_shift,1.0,numerical_only,130,106,0.8153846153846154
inner1_selection,c0012_23099bed3753,level_shift,1.0,combined,130,106,0.8153846153846154
inner1_selection,c0012_23099bed3753,level_shift,2.0,availability_only,130,0,0.0
inner1_selection,c0012_23099bed3753,level_shift,2.0,numerical_only,130,120,0.9230769230769231
inner1_selection,c0012_23099bed3753,level_shift,2.0,combined,130,120,0.9230769230769231
inner1_selection,c0012_23099bed3753,drift,0.5,availability_only,129,0,0.0
inner1_selection,c0012_23099bed3753,drift,0.5,numerical_only,129,62,0.4806201550387597
inner1_selection,c0012_23099bed3753,drift,0.5,combined,129,62,0.4806201550387597
inner1_selection,c0012_23099bed3753,drift,1.0,availability_only,128,0,0.0
inner1_selection,c0012_23099bed3753,drift,1.0,numerical_only,128,96,0.75
inner1_selection,c0012_23099bed3753,drift,1.0,combined,128,96,0.75
inner1_selection,c0012_23099bed3753,drift,2.0,availability_only,127,0,0.0
inner1_selection,c0012_23099bed3753,drift,2.0,numerical_only,127,108,0.8503937007874016
inner1_selection,c0012_23099bed3753,drift,2.0,combined,127,108,0.8503937007874016
inner1_selection,c0013_a21278d4e492,random_missing,0.5,availability_only,52,0,0.0
inner1_selection,c0013_a21278d4e492,random_missing,0.5,numerical_only,52,0,0.0
inner1_selection,c0013_a21278d4e492,random_missing,0.5,combined,52,2,0.038461538461538464
inner1_selection,c0013_a21278d4e492,random_missing,1.0,availability_only,77,1,0.012987012987012988
inner1_selection,c0013_a21278d4e492,random_missing,1.0,numerical_only,77,0,0.0
inner1_selection,c0013_a21278d4e492,random_missing,1.0,combined,77,3,0.03896103896103896
inner1_selection,c0013_a21278d4e492,random_missing,2.0,availability_only,115,17,0.14782608695652175
inner1_selection,c0013_a21278d4e492,random_missing,2.0,numerical_only,115,0,0.0
inner1_selection,c0013_a21278d4e492,random_missing,2.0,combined,115,28,0.24347826086956523
inner1_selection,c0013_a21278d4e492,block_missing,0.5,availability_only,129,0,0.0
inner1_selection,c0013_a21278d4e492,block_missing,0.5,numerical_only,129,1,0.007751937984496124
inner1_selection,c0013_a21278d4e492,block_missing,0.5,combined,129,2,0.015503875968992248
inner1_selection,c0013_a21278d4e492,block_missing,1.0,availability_only,130,0,0.0
inner1_selection,c0013_a21278d4e492,block_missing,1.0,numerical_only,130,0,0.0
inner1_selection,c0013_a21278d4e492,block_missing,1.0,combined,130,35,0.2692307692307692
inner1_selection,c0013_a21278d4e492,block_missing,2.0,availability_only,130,130,1.0
inner1_selection,c0013_a21278d4e492,block_missing,2.0,numerical_only,130,1,0.007692307692307693
inner1_selection,c0013_a21278d4e492,block_missing,2.0,combined,130,130,1.0
inner1_selection,c0013_a21278d4e492,stuck,0.5,availability_only,123,0,0.0
inner1_selection,c0013_a21278d4e492,stuck,0.5,numerical_only,123,0,0.0
inner1_selection,c0013_a21278d4e492,stuck,0.5,combined,123,0,0.0
inner1_selection,c0013_a21278d4e492,stuck,1.0,availability_only,116,0,0.0
inner1_selection,c0013_a21278d4e492,stuck,1.0,numerical_only,116,1,0.008620689655172414
inner1_selection,c0013_a21278d4e492,stuck,1.0,combined,116,1,0.008620689655172414
inner1_selection,c0013_a21278d4e492,stuck,2.0,availability_only,123,0,0.0
inner1_selection,c0013_a21278d4e492,stuck,2.0,numerical_only,123,2,0.016260162601626018
inner1_selection,c0013_a21278d4e492,stuck,2.0,combined,123,2,0.016260162601626018
inner1_selection,c0013_a21278d4e492,dropout,0.5,availability_only,129,0,0.0
inner1_selection,c0013_a21278d4e492,dropout,0.5,numerical_only,129,9,0.06976744186046512
inner1_selection,c0013_a21278d4e492,dropout,0.5,combined,129,9,0.06976744186046512
inner1_selection,c0013_a21278d4e492,dropout,1.0,availability_only,130,0,0.0
inner1_selection,c0013_a21278d4e492,dropout,1.0,numerical_only,130,18,0.13846153846153847
inner1_selection,c0013_a21278d4e492,dropout,1.0,combined,130,18,0.13846153846153847
inner1_selection,c0013_a21278d4e492,dropout,2.0,availability_only,130,0,0.0
inner1_selection,c0013_a21278d4e492,dropout,2.0,numerical_only,130,16,0.12307692307692308
inner1_selection,c0013_a21278d4e492,dropout,2.0,combined,130,16,0.12307692307692308
inner1_selection,c0013_a21278d4e492,bias,0.5,availability_only,130,0,0.0
inner1_selection,c0013_a21278d4e492,bias,0.5,numerical_only,130,4,0.03076923076923077
inner1_selection,c0013_a21278d4e492,bias,0.5,combined,130,4,0.03076923076923077
inner1_selection,c0013_a21278d4e492,bias,1.0,availability_only,130,0,0.0
inner1_selection,c0013_a21278d4e492,bias,1.0,numerical_only,130,5,0.038461538461538464
inner1_selection,c0013_a21278d4e492,bias,1.0,combined,130,5,0.038461538461538464
inner1_selection,c0013_a21278d4e492,bias,2.0,availability_only,130,0,0.0
inner1_selection,c0013_a21278d4e492,bias,2.0,numerical_only,130,17,0.13076923076923078
inner1_selection,c0013_a21278d4e492,bias,2.0,combined,130,17,0.13076923076923078
inner1_selection,c0013_a21278d4e492,level_shift,0.5,availability_only,130,0,0.0
inner1_selection,c0013_a21278d4e492,level_shift,0.5,numerical_only,130,3,0.023076923076923078
inner1_selection,c0013_a21278d4e492,level_shift,0.5,combined,130,3,0.023076923076923078
inner1_selection,c0013_a21278d4e492,level_shift,1.0,availability_only,130,0,0.0
inner1_selection,c0013_a21278d4e492,level_shift,1.0,numerical_only,130,5,0.038461538461538464
inner1_selection,c0013_a21278d4e492,level_shift,1.0,combined,130,5,0.038461538461538464
inner1_selection,c0013_a21278d4e492,level_shift,2.0,availability_only,130,0,0.0
inner1_selection,c0013_a21278d4e492,level_shift,2.0,numerical_only,130,34,0.26153846153846155
inner1_selection,c0013_a21278d4e492,level_shift,2.0,combined,130,34,0.26153846153846155
inner1_selection,c0013_a21278d4e492,drift,0.5,availability_only,129,0,0.0
inner1_selection,c0013_a21278d4e492,drift,0.5,numerical_only,129,2,0.015503875968992248
inner1_selection,c0013_a21278d4e492,drift,0.5,combined,129,2,0.015503875968992248
inner1_selection,c0013_a21278d4e492,drift,1.0,availability_only,128,0,0.0
inner1_selection,c0013_a21278d4e492,drift,1.0,numerical_only,128,22,0.171875
inner1_selection,c0013_a21278d4e492,drift,1.0,combined,128,22,0.171875
inner1_selection,c0013_a21278d4e492,drift,2.0,availability_only,127,0,0.0
inner1_selection,c0013_a21278d4e492,drift,2.0,numerical_only,127,53,0.41732283464566927
inner1_selection,c0013_a21278d4e492,drift,2.0,combined,127,53,0.41732283464566927
inner1_selection,c0014_54a0e1ef5720,random_missing,0.5,availability_only,52,0,0.0
inner1_selection,c0014_54a0e1ef5720,random_missing,0.5,numerical_only,52,0,0.0
inner1_selection,c0014_54a0e1ef5720,random_missing,0.5,combined,52,1,0.019230769230769232
inner1_selection,c0014_54a0e1ef5720,random_missing,1.0,availability_only,77,0,0.0
inner1_selection,c0014_54a0e1ef5720,random_missing,1.0,numerical_only,77,1,0.012987012987012988
inner1_selection,c0014_54a0e1ef5720,random_missing,1.0,combined,77,0,0.0
inner1_selection,c0014_54a0e1ef5720,random_missing,2.0,availability_only,115,5,0.043478260869565216
inner1_selection,c0014_54a0e1ef5720,random_missing,2.0,numerical_only,115,2,0.017391304347826087
inner1_selection,c0014_54a0e1ef5720,random_missing,2.0,combined,115,21,0.1826086956521739
inner1_selection,c0014_54a0e1ef5720,block_missing,0.5,availability_only,129,0,0.0
inner1_selection,c0014_54a0e1ef5720,block_missing,0.5,numerical_only,129,0,0.0
inner1_selection,c0014_54a0e1ef5720,block_missing,0.5,combined,129,2,0.015503875968992248
inner1_selection,c0014_54a0e1ef5720,block_missing,1.0,availability_only,130,0,0.0
inner1_selection,c0014_54a0e1ef5720,block_missing,1.0,numerical_only,130,0,0.0
inner1_selection,c0014_54a0e1ef5720,block_missing,1.0,combined,130,14,0.1076923076923077
inner1_selection,c0014_54a0e1ef5720,block_missing,2.0,availability_only,130,130,1.0
inner1_selection,c0014_54a0e1ef5720,block_missing,2.0,numerical_only,130,0,0.0
inner1_selection,c0014_54a0e1ef5720,block_missing,2.0,combined,130,129,0.9923076923076923
inner1_selection,c0014_54a0e1ef5720,stuck,0.5,availability_only,123,0,0.0
inner1_selection,c0014_54a0e1ef5720,stuck,0.5,numerical_only,123,0,0.0
inner1_selection,c0014_54a0e1ef5720,stuck,0.5,combined,123,0,0.0
inner1_selection,c0014_54a0e1ef5720,stuck,1.0,availability_only,116,0,0.0
inner1_selection,c0014_54a0e1ef5720,stuck,1.0,numerical_only,116,0,0.0
inner1_selection,c0014_54a0e1ef5720,stuck,1.0,combined,116,0,0.0
inner1_selection,c0014_54a0e1ef5720,stuck,2.0,availability_only,123,0,0.0
inner1_selection,c0014_54a0e1ef5720,stuck,2.0,numerical_only,123,2,0.016260162601626018
inner1_selection,c0014_54a0e1ef5720,stuck,2.0,combined,123,2,0.016260162601626018
inner1_selection,c0014_54a0e1ef5720,dropout,0.5,availability_only,129,0,0.0
inner1_selection,c0014_54a0e1ef5720,dropout,0.5,numerical_only,129,4,0.031007751937984496
inner1_selection,c0014_54a0e1ef5720,dropout,0.5,combined,129,4,0.031007751937984496
inner1_selection,c0014_54a0e1ef5720,dropout,1.0,availability_only,130,0,0.0
inner1_selection,c0014_54a0e1ef5720,dropout,1.0,numerical_only,130,3,0.023076923076923078
inner1_selection,c0014_54a0e1ef5720,dropout,1.0,combined,130,3,0.023076923076923078
inner1_selection,c0014_54a0e1ef5720,dropout,2.0,availability_only,130,0,0.0
inner1_selection,c0014_54a0e1ef5720,dropout,2.0,numerical_only,130,18,0.13846153846153847
inner1_selection,c0014_54a0e1ef5720,dropout,2.0,combined,130,18,0.13846153846153847
inner1_selection,c0014_54a0e1ef5720,bias,0.5,availability_only,130,0,0.0
inner1_selection,c0014_54a0e1ef5720,bias,0.5,numerical_only,130,1,0.007692307692307693
inner1_selection,c0014_54a0e1ef5720,bias,0.5,combined,130,1,0.007692307692307693
inner1_selection,c0014_54a0e1ef5720,bias,1.0,availability_only,130,0,0.0
inner1_selection,c0014_54a0e1ef5720,bias,1.0,numerical_only,130,4,0.03076923076923077
inner1_selection,c0014_54a0e1ef5720,bias,1.0,combined,130,4,0.03076923076923077
inner1_selection,c0014_54a0e1ef5720,bias,2.0,availability_only,130,0,0.0
inner1_selection,c0014_54a0e1ef5720,bias,2.0,numerical_only,130,7,0.05384615384615385
inner1_selection,c0014_54a0e1ef5720,bias,2.0,combined,130,7,0.05384615384615385
inner1_selection,c0014_54a0e1ef5720,level_shift,0.5,availability_only,130,0,0.0
inner1_selection,c0014_54a0e1ef5720,level_shift,0.5,numerical_only,130,3,0.023076923076923078
inner1_selection,c0014_54a0e1ef5720,level_shift,0.5,combined,130,3,0.023076923076923078
inner1_selection,c0014_54a0e1ef5720,level_shift,1.0,availability_only,130,0,0.0
inner1_selection,c0014_54a0e1ef5720,level_shift,1.0,numerical_only,130,4,0.03076923076923077
inner1_selection,c0014_54a0e1ef5720,level_shift,1.0,combined,130,4,0.03076923076923077
inner1_selection,c0014_54a0e1ef5720,level_shift,2.0,availability_only,130,0,0.0
inner1_selection,c0014_54a0e1ef5720,level_shift,2.0,numerical_only,130,35,0.2692307692307692
inner1_selection,c0014_54a0e1ef5720,level_shift,2.0,combined,130,35,0.2692307692307692
inner1_selection,c0014_54a0e1ef5720,drift,0.5,availability_only,129,0,0.0
inner1_selection,c0014_54a0e1ef5720,drift,0.5,numerical_only,129,3,0.023255813953488372
inner1_selection,c0014_54a0e1ef5720,drift,0.5,combined,129,3,0.023255813953488372
inner1_selection,c0014_54a0e1ef5720,drift,1.0,availability_only,128,0,0.0
inner1_selection,c0014_54a0e1ef5720,drift,1.0,numerical_only,128,10,0.078125
inner1_selection,c0014_54a0e1ef5720,drift,1.0,combined,128,10,0.078125
inner1_selection,c0014_54a0e1ef5720,drift,2.0,availability_only,127,0,0.0
inner1_selection,c0014_54a0e1ef5720,drift,2.0,numerical_only,127,37,0.29133858267716534
inner1_selection,c0014_54a0e1ef5720,drift,2.0,combined,127,37,0.29133858267716534
inner1_selection,c0024_ba16b82adffd,random_missing,0.5,availability_only,52,52,1.0
inner1_selection,c0024_ba16b82adffd,random_missing,0.5,numerical_only,52,13,0.25
inner1_selection,c0024_ba16b82adffd,random_missing,0.5,combined,52,52,1.0
inner1_selection,c0024_ba16b82adffd,random_missing,1.0,availability_only,77,77,1.0
inner1_selection,c0024_ba16b82adffd,random_missing,1.0,numerical_only,77,13,0.16883116883116883
inner1_selection,c0024_ba16b82adffd,random_missing,1.0,combined,77,77,1.0
inner1_selection,c0024_ba16b82adffd,random_missing,2.0,availability_only,115,115,1.0
inner1_selection,c0024_ba16b82adffd,random_missing,2.0,numerical_only,115,21,0.1826086956521739
inner1_selection,c0024_ba16b82adffd,random_missing,2.0,combined,115,114,0.991304347826087
inner1_selection,c0024_ba16b82adffd,block_missing,0.5,availability_only,129,129,1.0
inner1_selection,c0024_ba16b82adffd,block_missing,0.5,numerical_only,129,36,0.27906976744186046
inner1_selection,c0024_ba16b82adffd,block_missing,0.5,combined,129,129,1.0
inner1_selection,c0024_ba16b82adffd,block_missing,1.0,availability_only,130,130,1.0
inner1_selection,c0024_ba16b82adffd,block_missing,1.0,numerical_only,130,37,0.2846153846153846
inner1_selection,c0024_ba16b82adffd,block_missing,1.0,combined,130,130,1.0
inner1_selection,c0024_ba16b82adffd,block_missing,2.0,availability_only,130,130,1.0
inner1_selection,c0024_ba16b82adffd,block_missing,2.0,numerical_only,130,52,0.4
inner1_selection,c0024_ba16b82adffd,block_missing,2.0,combined,130,126,0.9692307692307692
inner1_selection,c0024_ba16b82adffd,stuck,0.5,availability_only,123,0,0.0
inner1_selection,c0024_ba16b82adffd,stuck,0.5,numerical_only,123,30,0.24390243902439024
inner1_selection,c0024_ba16b82adffd,stuck,0.5,combined,123,30,0.24390243902439024
inner1_selection,c0024_ba16b82adffd,stuck,1.0,availability_only,116,0,0.0
inner1_selection,c0024_ba16b82adffd,stuck,1.0,numerical_only,116,28,0.2413793103448276
inner1_selection,c0024_ba16b82adffd,stuck,1.0,combined,116,28,0.2413793103448276
inner1_selection,c0024_ba16b82adffd,stuck,2.0,availability_only,123,0,0.0
inner1_selection,c0024_ba16b82adffd,stuck,2.0,numerical_only,123,36,0.2926829268292683
inner1_selection,c0024_ba16b82adffd,stuck,2.0,combined,123,36,0.2926829268292683
inner1_selection,c0024_ba16b82adffd,dropout,0.5,availability_only,129,0,0.0
inner1_selection,c0024_ba16b82adffd,dropout,0.5,numerical_only,129,119,0.9224806201550387
inner1_selection,c0024_ba16b82adffd,dropout,0.5,combined,129,119,0.9224806201550387
inner1_selection,c0024_ba16b82adffd,dropout,1.0,availability_only,130,0,0.0
inner1_selection,c0024_ba16b82adffd,dropout,1.0,numerical_only,130,124,0.9538461538461539
inner1_selection,c0024_ba16b82adffd,dropout,1.0,combined,130,124,0.9538461538461539
inner1_selection,c0024_ba16b82adffd,dropout,2.0,availability_only,130,0,0.0
inner1_selection,c0024_ba16b82adffd,dropout,2.0,numerical_only,130,128,0.9846153846153847
inner1_selection,c0024_ba16b82adffd,dropout,2.0,combined,130,128,0.9846153846153847
inner1_selection,c0024_ba16b82adffd,bias,0.5,availability_only,130,0,0.0
inner1_selection,c0024_ba16b82adffd,bias,0.5,numerical_only,130,75,0.5769230769230769
inner1_selection,c0024_ba16b82adffd,bias,0.5,combined,130,75,0.5769230769230769
inner1_selection,c0024_ba16b82adffd,bias,1.0,availability_only,130,0,0.0
inner1_selection,c0024_ba16b82adffd,bias,1.0,numerical_only,130,115,0.8846153846153846
inner1_selection,c0024_ba16b82adffd,bias,1.0,combined,130,115,0.8846153846153846
inner1_selection,c0024_ba16b82adffd,bias,2.0,availability_only,130,0,0.0
inner1_selection,c0024_ba16b82adffd,bias,2.0,numerical_only,130,123,0.9461538461538461
inner1_selection,c0024_ba16b82adffd,bias,2.0,combined,130,123,0.9461538461538461
inner1_selection,c0024_ba16b82adffd,level_shift,0.5,availability_only,130,0,0.0
inner1_selection,c0024_ba16b82adffd,level_shift,0.5,numerical_only,130,84,0.6461538461538462
inner1_selection,c0024_ba16b82adffd,level_shift,0.5,combined,130,84,0.6461538461538462
inner1_selection,c0024_ba16b82adffd,level_shift,1.0,availability_only,130,0,0.0
inner1_selection,c0024_ba16b82adffd,level_shift,1.0,numerical_only,130,115,0.8846153846153846
inner1_selection,c0024_ba16b82adffd,level_shift,1.0,combined,130,115,0.8846153846153846
inner1_selection,c0024_ba16b82adffd,level_shift,2.0,availability_only,130,0,0.0
inner1_selection,c0024_ba16b82adffd,level_shift,2.0,numerical_only,130,127,0.9769230769230769
inner1_selection,c0024_ba16b82adffd,level_shift,2.0,combined,130,127,0.9769230769230769
inner1_selection,c0024_ba16b82adffd,drift,0.5,availability_only,129,0,0.0
inner1_selection,c0024_ba16b82adffd,drift,0.5,numerical_only,129,55,0.4263565891472868
inner1_selection,c0024_ba16b82adffd,drift,0.5,combined,129,55,0.4263565891472868
inner1_selection,c0024_ba16b82adffd,drift,1.0,availability_only,128,0,0.0
inner1_selection,c0024_ba16b82adffd,drift,1.0,numerical_only,128,87,0.6796875
inner1_selection,c0024_ba16b82adffd,drift,1.0,combined,128,87,0.6796875
inner1_selection,c0024_ba16b82adffd,drift,2.0,availability_only,127,0,0.0
inner1_selection,c0024_ba16b82adffd,drift,2.0,numerical_only,127,118,0.9291338582677166
inner1_selection,c0024_ba16b82adffd,drift,2.0,combined,127,118,0.9291338582677166
inner1_selection,c0025_63dd1cc1601e,random_missing,0.5,availability_only,52,0,0.0
inner1_selection,c0025_63dd1cc1601e,random_missing,0.5,numerical_only,52,1,0.019230769230769232
inner1_selection,c0025_63dd1cc1601e,random_missing,0.5,combined,52,2,0.038461538461538464
inner1_selection,c0025_63dd1cc1601e,random_missing,1.0,availability_only,77,1,0.012987012987012988
inner1_selection,c0025_63dd1cc1601e,random_missing,1.0,numerical_only,77,0,0.0
inner1_selection,c0025_63dd1cc1601e,random_missing,1.0,combined,77,1,0.012987012987012988
inner1_selection,c0025_63dd1cc1601e,random_missing,2.0,availability_only,115,17,0.14782608695652175
inner1_selection,c0025_63dd1cc1601e,random_missing,2.0,numerical_only,115,2,0.017391304347826087
inner1_selection,c0025_63dd1cc1601e,random_missing,2.0,combined,115,29,0.25217391304347825
inner1_selection,c0025_63dd1cc1601e,block_missing,0.5,availability_only,129,0,0.0
inner1_selection,c0025_63dd1cc1601e,block_missing,0.5,numerical_only,129,1,0.007751937984496124
inner1_selection,c0025_63dd1cc1601e,block_missing,0.5,combined,129,2,0.015503875968992248
inner1_selection,c0025_63dd1cc1601e,block_missing,1.0,availability_only,130,0,0.0
inner1_selection,c0025_63dd1cc1601e,block_missing,1.0,numerical_only,130,1,0.007692307692307693
inner1_selection,c0025_63dd1cc1601e,block_missing,1.0,combined,130,34,0.26153846153846155
inner1_selection,c0025_63dd1cc1601e,block_missing,2.0,availability_only,130,130,1.0
inner1_selection,c0025_63dd1cc1601e,block_missing,2.0,numerical_only,130,0,0.0
inner1_selection,c0025_63dd1cc1601e,block_missing,2.0,combined,130,130,1.0
inner1_selection,c0025_63dd1cc1601e,stuck,0.5,availability_only,123,0,0.0
inner1_selection,c0025_63dd1cc1601e,stuck,0.5,numerical_only,123,0,0.0
inner1_selection,c0025_63dd1cc1601e,stuck,0.5,combined,123,0,0.0
inner1_selection,c0025_63dd1cc1601e,stuck,1.0,availability_only,116,0,0.0
inner1_selection,c0025_63dd1cc1601e,stuck,1.0,numerical_only,116,1,0.008620689655172414
inner1_selection,c0025_63dd1cc1601e,stuck,1.0,combined,116,1,0.008620689655172414
inner1_selection,c0025_63dd1cc1601e,stuck,2.0,availability_only,123,0,0.0
inner1_selection,c0025_63dd1cc1601e,stuck,2.0,numerical_only,123,1,0.008130081300813009
inner1_selection,c0025_63dd1cc1601e,stuck,2.0,combined,123,1,0.008130081300813009
inner1_selection,c0025_63dd1cc1601e,dropout,0.5,availability_only,129,0,0.0
inner1_selection,c0025_63dd1cc1601e,dropout,0.5,numerical_only,129,5,0.03875968992248062
inner1_selection,c0025_63dd1cc1601e,dropout,0.5,combined,129,5,0.03875968992248062
inner1_selection,c0025_63dd1cc1601e,dropout,1.0,availability_only,130,0,0.0
inner1_selection,c0025_63dd1cc1601e,dropout,1.0,numerical_only,130,20,0.15384615384615385
inner1_selection,c0025_63dd1cc1601e,dropout,1.0,combined,130,20,0.15384615384615385
inner1_selection,c0025_63dd1cc1601e,dropout,2.0,availability_only,130,0,0.0
inner1_selection,c0025_63dd1cc1601e,dropout,2.0,numerical_only,130,21,0.16153846153846155
inner1_selection,c0025_63dd1cc1601e,dropout,2.0,combined,130,21,0.16153846153846155
inner1_selection,c0025_63dd1cc1601e,bias,0.5,availability_only,130,0,0.0
inner1_selection,c0025_63dd1cc1601e,bias,0.5,numerical_only,130,2,0.015384615384615385
inner1_selection,c0025_63dd1cc1601e,bias,0.5,combined,130,2,0.015384615384615385
inner1_selection,c0025_63dd1cc1601e,bias,1.0,availability_only,130,0,0.0
inner1_selection,c0025_63dd1cc1601e,bias,1.0,numerical_only,130,5,0.038461538461538464
inner1_selection,c0025_63dd1cc1601e,bias,1.0,combined,130,5,0.038461538461538464
inner1_selection,c0025_63dd1cc1601e,bias,2.0,availability_only,130,0,0.0
inner1_selection,c0025_63dd1cc1601e,bias,2.0,numerical_only,130,19,0.14615384615384616
inner1_selection,c0025_63dd1cc1601e,bias,2.0,combined,130,19,0.14615384615384616
inner1_selection,c0025_63dd1cc1601e,level_shift,0.5,availability_only,130,0,0.0
inner1_selection,c0025_63dd1cc1601e,level_shift,0.5,numerical_only,130,7,0.05384615384615385
inner1_selection,c0025_63dd1cc1601e,level_shift,0.5,combined,130,7,0.05384615384615385
inner1_selection,c0025_63dd1cc1601e,level_shift,1.0,availability_only,130,0,0.0
inner1_selection,c0025_63dd1cc1601e,level_shift,1.0,numerical_only,130,6,0.046153846153846156
inner1_selection,c0025_63dd1cc1601e,level_shift,1.0,combined,130,6,0.046153846153846156
inner1_selection,c0025_63dd1cc1601e,level_shift,2.0,availability_only,130,0,0.0
inner1_selection,c0025_63dd1cc1601e,level_shift,2.0,numerical_only,130,34,0.26153846153846155
inner1_selection,c0025_63dd1cc1601e,level_shift,2.0,combined,130,34,0.26153846153846155
inner1_selection,c0025_63dd1cc1601e,drift,0.5,availability_only,129,0,0.0
inner1_selection,c0025_63dd1cc1601e,drift,0.5,numerical_only,129,5,0.03875968992248062
inner1_selection,c0025_63dd1cc1601e,drift,0.5,combined,129,5,0.03875968992248062
inner1_selection,c0025_63dd1cc1601e,drift,1.0,availability_only,128,0,0.0
inner1_selection,c0025_63dd1cc1601e,drift,1.0,numerical_only,128,23,0.1796875
inner1_selection,c0025_63dd1cc1601e,drift,1.0,combined,128,23,0.1796875
inner1_selection,c0025_63dd1cc1601e,drift,2.0,availability_only,127,0,0.0
inner1_selection,c0025_63dd1cc1601e,drift,2.0,numerical_only,127,57,0.44881889763779526
inner1_selection,c0025_63dd1cc1601e,drift,2.0,combined,127,57,0.44881889763779526
inner1_selection,c0026_47d9fe7d15ba,random_missing,0.5,availability_only,52,0,0.0
inner1_selection,c0026_47d9fe7d15ba,random_missing,0.5,numerical_only,52,1,0.019230769230769232
inner1_selection,c0026_47d9fe7d15ba,random_missing,0.5,combined,52,1,0.019230769230769232
inner1_selection,c0026_47d9fe7d15ba,random_missing,1.0,availability_only,77,0,0.0
inner1_selection,c0026_47d9fe7d15ba,random_missing,1.0,numerical_only,77,0,0.0
inner1_selection,c0026_47d9fe7d15ba,random_missing,1.0,combined,77,0,0.0
inner1_selection,c0026_47d9fe7d15ba,random_missing,2.0,availability_only,115,5,0.043478260869565216
inner1_selection,c0026_47d9fe7d15ba,random_missing,2.0,numerical_only,115,0,0.0
inner1_selection,c0026_47d9fe7d15ba,random_missing,2.0,combined,115,16,0.1391304347826087
inner1_selection,c0026_47d9fe7d15ba,block_missing,0.5,availability_only,129,0,0.0
inner1_selection,c0026_47d9fe7d15ba,block_missing,0.5,numerical_only,129,1,0.007751937984496124
inner1_selection,c0026_47d9fe7d15ba,block_missing,0.5,combined,129,1,0.007751937984496124
inner1_selection,c0026_47d9fe7d15ba,block_missing,1.0,availability_only,130,0,0.0
inner1_selection,c0026_47d9fe7d15ba,block_missing,1.0,numerical_only,130,0,0.0
inner1_selection,c0026_47d9fe7d15ba,block_missing,1.0,combined,130,5,0.038461538461538464
inner1_selection,c0026_47d9fe7d15ba,block_missing,2.0,availability_only,130,130,1.0
inner1_selection,c0026_47d9fe7d15ba,block_missing,2.0,numerical_only,130,0,0.0
inner1_selection,c0026_47d9fe7d15ba,block_missing,2.0,combined,130,130,1.0
inner1_selection,c0026_47d9fe7d15ba,stuck,0.5,availability_only,123,0,0.0
inner1_selection,c0026_47d9fe7d15ba,stuck,0.5,numerical_only,123,0,0.0
inner1_selection,c0026_47d9fe7d15ba,stuck,0.5,combined,123,0,0.0
inner1_selection,c0026_47d9fe7d15ba,stuck,1.0,availability_only,116,0,0.0
inner1_selection,c0026_47d9fe7d15ba,stuck,1.0,numerical_only,116,0,0.0
inner1_selection,c0026_47d9fe7d15ba,stuck,1.0,combined,116,0,0.0
inner1_selection,c0026_47d9fe7d15ba,stuck,2.0,availability_only,123,0,0.0
inner1_selection,c0026_47d9fe7d15ba,stuck,2.0,numerical_only,123,0,0.0
inner1_selection,c0026_47d9fe7d15ba,stuck,2.0,combined,123,0,0.0
inner1_selection,c0026_47d9fe7d15ba,dropout,0.5,availability_only,129,0,0.0
inner1_selection,c0026_47d9fe7d15ba,dropout,0.5,numerical_only,129,4,0.031007751937984496
inner1_selection,c0026_47d9fe7d15ba,dropout,0.5,combined,129,4,0.031007751937984496
inner1_selection,c0026_47d9fe7d15ba,dropout,1.0,availability_only,130,0,0.0
inner1_selection,c0026_47d9fe7d15ba,dropout,1.0,numerical_only,130,6,0.046153846153846156
inner1_selection,c0026_47d9fe7d15ba,dropout,1.0,combined,130,6,0.046153846153846156
inner1_selection,c0026_47d9fe7d15ba,dropout,2.0,availability_only,130,0,0.0
inner1_selection,c0026_47d9fe7d15ba,dropout,2.0,numerical_only,130,21,0.16153846153846155
inner1_selection,c0026_47d9fe7d15ba,dropout,2.0,combined,130,21,0.16153846153846155
inner1_selection,c0026_47d9fe7d15ba,bias,0.5,availability_only,130,0,0.0
inner1_selection,c0026_47d9fe7d15ba,bias,0.5,numerical_only,130,2,0.015384615384615385
inner1_selection,c0026_47d9fe7d15ba,bias,0.5,combined,130,2,0.015384615384615385
inner1_selection,c0026_47d9fe7d15ba,bias,1.0,availability_only,130,0,0.0
inner1_selection,c0026_47d9fe7d15ba,bias,1.0,numerical_only,130,2,0.015384615384615385
inner1_selection,c0026_47d9fe7d15ba,bias,1.0,combined,130,2,0.015384615384615385
inner1_selection,c0026_47d9fe7d15ba,bias,2.0,availability_only,130,0,0.0
inner1_selection,c0026_47d9fe7d15ba,bias,2.0,numerical_only,130,5,0.038461538461538464
inner1_selection,c0026_47d9fe7d15ba,bias,2.0,combined,130,5,0.038461538461538464
inner1_selection,c0026_47d9fe7d15ba,level_shift,0.5,availability_only,130,0,0.0
inner1_selection,c0026_47d9fe7d15ba,level_shift,0.5,numerical_only,130,4,0.03076923076923077
inner1_selection,c0026_47d9fe7d15ba,level_shift,0.5,combined,130,4,0.03076923076923077
inner1_selection,c0026_47d9fe7d15ba,level_shift,1.0,availability_only,130,0,0.0
inner1_selection,c0026_47d9fe7d15ba,level_shift,1.0,numerical_only,130,7,0.05384615384615385
inner1_selection,c0026_47d9fe7d15ba,level_shift,1.0,combined,130,7,0.05384615384615385
inner1_selection,c0026_47d9fe7d15ba,level_shift,2.0,availability_only,130,0,0.0
inner1_selection,c0026_47d9fe7d15ba,level_shift,2.0,numerical_only,130,32,0.24615384615384617
inner1_selection,c0026_47d9fe7d15ba,level_shift,2.0,combined,130,32,0.24615384615384617
inner1_selection,c0026_47d9fe7d15ba,drift,0.5,availability_only,129,0,0.0
inner1_selection,c0026_47d9fe7d15ba,drift,0.5,numerical_only,129,1,0.007751937984496124
inner1_selection,c0026_47d9fe7d15ba,drift,0.5,combined,129,1,0.007751937984496124
inner1_selection,c0026_47d9fe7d15ba,drift,1.0,availability_only,128,0,0.0
inner1_selection,c0026_47d9fe7d15ba,drift,1.0,numerical_only,128,9,0.0703125
inner1_selection,c0026_47d9fe7d15ba,drift,1.0,combined,128,9,0.0703125
inner1_selection,c0026_47d9fe7d15ba,drift,2.0,availability_only,127,0,0.0
inner1_selection,c0026_47d9fe7d15ba,drift,2.0,numerical_only,127,25,0.1968503937007874
inner1_selection,c0026_47d9fe7d15ba,drift,2.0,combined,127,25,0.1968503937007874
outer_test,c0000_f5146f1247fa,random_missing,0.5,availability_only,50,50,1.0
outer_test,c0000_f5146f1247fa,random_missing,0.5,numerical_only,50,20,0.4
outer_test,c0000_f5146f1247fa,random_missing,0.5,combined,50,46,0.92
outer_test,c0000_f5146f1247fa,random_missing,1.0,availability_only,101,101,1.0
outer_test,c0000_f5146f1247fa,random_missing,1.0,numerical_only,101,44,0.43564356435643564
outer_test,c0000_f5146f1247fa,random_missing,1.0,combined,101,89,0.8811881188118812
outer_test,c0000_f5146f1247fa,random_missing,2.0,availability_only,149,149,1.0
outer_test,c0000_f5146f1247fa,random_missing,2.0,numerical_only,149,60,0.40268456375838924
outer_test,c0000_f5146f1247fa,random_missing,2.0,combined,149,127,0.8523489932885906
outer_test,c0000_f5146f1247fa,block_missing,0.5,availability_only,174,174,1.0
outer_test,c0000_f5146f1247fa,block_missing,0.5,numerical_only,174,85,0.4885057471264368
outer_test,c0000_f5146f1247fa,block_missing,0.5,combined,174,153,0.8793103448275862
outer_test,c0000_f5146f1247fa,block_missing,1.0,availability_only,175,175,1.0
outer_test,c0000_f5146f1247fa,block_missing,1.0,numerical_only,175,78,0.44571428571428573
outer_test,c0000_f5146f1247fa,block_missing,1.0,combined,175,156,0.8914285714285715
outer_test,c0000_f5146f1247fa,block_missing,2.0,availability_only,174,174,1.0
outer_test,c0000_f5146f1247fa,block_missing,2.0,numerical_only,174,86,0.4942528735632184
outer_test,c0000_f5146f1247fa,block_missing,2.0,combined,174,144,0.8275862068965517
outer_test,c0000_f5146f1247fa,stuck,0.5,availability_only,138,0,0.0
outer_test,c0000_f5146f1247fa,stuck,0.5,numerical_only,138,51,0.3695652173913043
outer_test,c0000_f5146f1247fa,stuck,0.5,combined,138,51,0.3695652173913043
outer_test,c0000_f5146f1247fa,stuck,1.0,availability_only,145,0,0.0
outer_test,c0000_f5146f1247fa,stuck,1.0,numerical_only,145,61,0.4206896551724138
outer_test,c0000_f5146f1247fa,stuck,1.0,combined,145,61,0.4206896551724138
outer_test,c0000_f5146f1247fa,stuck,2.0,availability_only,149,0,0.0
outer_test,c0000_f5146f1247fa,stuck,2.0,numerical_only,149,64,0.42953020134228187
outer_test,c0000_f5146f1247fa,stuck,2.0,combined,149,64,0.42953020134228187
outer_test,c0000_f5146f1247fa,dropout,0.5,availability_only,153,0,0.0
outer_test,c0000_f5146f1247fa,dropout,0.5,numerical_only,153,149,0.9738562091503268
outer_test,c0000_f5146f1247fa,dropout,0.5,combined,153,149,0.9738562091503268
outer_test,c0000_f5146f1247fa,dropout,1.0,availability_only,155,0,0.0
outer_test,c0000_f5146f1247fa,dropout,1.0,numerical_only,155,152,0.9806451612903225
outer_test,c0000_f5146f1247fa,dropout,1.0,combined,155,152,0.9806451612903225
outer_test,c0000_f5146f1247fa,dropout,2.0,availability_only,155,0,0.0
outer_test,c0000_f5146f1247fa,dropout,2.0,numerical_only,155,148,0.9548387096774194
outer_test,c0000_f5146f1247fa,dropout,2.0,combined,155,148,0.9548387096774194
outer_test,c0000_f5146f1247fa,bias,0.5,availability_only,170,0,0.0
outer_test,c0000_f5146f1247fa,bias,0.5,numerical_only,170,129,0.7588235294117647
outer_test,c0000_f5146f1247fa,bias,0.5,combined,170,129,0.7588235294117647
outer_test,c0000_f5146f1247fa,bias,1.0,availability_only,170,0,0.0
outer_test,c0000_f5146f1247fa,bias,1.0,numerical_only,170,146,0.8588235294117647
outer_test,c0000_f5146f1247fa,bias,1.0,combined,170,146,0.8588235294117647
outer_test,c0000_f5146f1247fa,bias,2.0,availability_only,170,0,0.0
outer_test,c0000_f5146f1247fa,bias,2.0,numerical_only,170,162,0.9529411764705882
outer_test,c0000_f5146f1247fa,bias,2.0,combined,170,162,0.9529411764705882
outer_test,c0000_f5146f1247fa,level_shift,0.5,availability_only,170,0,0.0
outer_test,c0000_f5146f1247fa,level_shift,0.5,numerical_only,170,127,0.7470588235294118
outer_test,c0000_f5146f1247fa,level_shift,0.5,combined,170,127,0.7470588235294118
outer_test,c0000_f5146f1247fa,level_shift,1.0,availability_only,170,0,0.0
outer_test,c0000_f5146f1247fa,level_shift,1.0,numerical_only,170,146,0.8588235294117647
outer_test,c0000_f5146f1247fa,level_shift,1.0,combined,170,146,0.8588235294117647
outer_test,c0000_f5146f1247fa,level_shift,2.0,availability_only,170,0,0.0
outer_test,c0000_f5146f1247fa,level_shift,2.0,numerical_only,170,154,0.9058823529411765
outer_test,c0000_f5146f1247fa,level_shift,2.0,combined,170,154,0.9058823529411765
outer_test,c0000_f5146f1247fa,drift,0.5,availability_only,170,0,0.0
outer_test,c0000_f5146f1247fa,drift,0.5,numerical_only,170,115,0.6764705882352942
outer_test,c0000_f5146f1247fa,drift,0.5,combined,170,115,0.6764705882352942
outer_test,c0000_f5146f1247fa,drift,1.0,availability_only,170,0,0.0
outer_test,c0000_f5146f1247fa,drift,1.0,numerical_only,170,141,0.8294117647058824
outer_test,c0000_f5146f1247fa,drift,1.0,combined,170,141,0.8294117647058824
outer_test,c0000_f5146f1247fa,drift,2.0,availability_only,170,0,0.0
outer_test,c0000_f5146f1247fa,drift,2.0,numerical_only,170,158,0.9294117647058824
outer_test,c0000_f5146f1247fa,drift,2.0,combined,170,158,0.9294117647058824
outer_test,c0012_23099bed3753,random_missing,0.5,availability_only,50,50,1.0
outer_test,c0012_23099bed3753,random_missing,0.5,numerical_only,50,10,0.2
outer_test,c0012_23099bed3753,random_missing,0.5,combined,50,50,1.0
outer_test,c0012_23099bed3753,random_missing,1.0,availability_only,101,101,1.0
outer_test,c0012_23099bed3753,random_missing,1.0,numerical_only,101,26,0.25742574257425743
outer_test,c0012_23099bed3753,random_missing,1.0,combined,101,101,1.0
outer_test,c0012_23099bed3753,random_missing,2.0,availability_only,149,149,1.0
outer_test,c0012_23099bed3753,random_missing,2.0,numerical_only,149,33,0.2214765100671141
outer_test,c0012_23099bed3753,random_missing,2.0,combined,149,146,0.9798657718120806
outer_test,c0012_23099bed3753,block_missing,0.5,availability_only,174,174,1.0
outer_test,c0012_23099bed3753,block_missing,0.5,numerical_only,174,52,0.2988505747126437
outer_test,c0012_23099bed3753,block_missing,0.5,combined,174,173,0.9942528735632183
outer_test,c0012_23099bed3753,block_missing,1.0,availability_only,175,175,1.0
outer_test,c0012_23099bed3753,block_missing,1.0,numerical_only,175,46,0.26285714285714284
outer_test,c0012_23099bed3753,block_missing,1.0,combined,175,175,1.0
outer_test,c0012_23099bed3753,block_missing,2.0,availability_only,174,174,1.0
outer_test,c0012_23099bed3753,block_missing,2.0,numerical_only,174,55,0.3160919540229885
outer_test,c0012_23099bed3753,block_missing,2.0,combined,174,169,0.9712643678160919
outer_test,c0012_23099bed3753,stuck,0.5,availability_only,138,0,0.0
outer_test,c0012_23099bed3753,stuck,0.5,numerical_only,138,38,0.2753623188405797
outer_test,c0012_23099bed3753,stuck,0.5,combined,138,38,0.2753623188405797
outer_test,c0012_23099bed3753,stuck,1.0,availability_only,145,0,0.0
outer_test,c0012_23099bed3753,stuck,1.0,numerical_only,145,56,0.38620689655172413
outer_test,c0012_23099bed3753,stuck,1.0,combined,145,56,0.38620689655172413
outer_test,c0012_23099bed3753,stuck,2.0,availability_only,149,0,0.0
outer_test,c0012_23099bed3753,stuck,2.0,numerical_only,149,56,0.37583892617449666
outer_test,c0012_23099bed3753,stuck,2.0,combined,149,56,0.37583892617449666
outer_test,c0012_23099bed3753,dropout,0.5,availability_only,153,0,0.0
outer_test,c0012_23099bed3753,dropout,0.5,numerical_only,153,140,0.9150326797385621
outer_test,c0012_23099bed3753,dropout,0.5,combined,153,140,0.9150326797385621
outer_test,c0012_23099bed3753,dropout,1.0,availability_only,155,0,0.0
outer_test,c0012_23099bed3753,dropout,1.0,numerical_only,155,143,0.9225806451612903
outer_test,c0012_23099bed3753,dropout,1.0,combined,155,143,0.9225806451612903
outer_test,c0012_23099bed3753,dropout,2.0,availability_only,155,0,0.0
outer_test,c0012_23099bed3753,dropout,2.0,numerical_only,155,140,0.9032258064516129
outer_test,c0012_23099bed3753,dropout,2.0,combined,155,140,0.9032258064516129
outer_test,c0012_23099bed3753,bias,0.5,availability_only,170,0,0.0
outer_test,c0012_23099bed3753,bias,0.5,numerical_only,170,131,0.7705882352941177
outer_test,c0012_23099bed3753,bias,0.5,combined,170,131,0.7705882352941177
outer_test,c0012_23099bed3753,bias,1.0,availability_only,170,0,0.0
outer_test,c0012_23099bed3753,bias,1.0,numerical_only,170,145,0.8529411764705882
outer_test,c0012_23099bed3753,bias,1.0,combined,170,145,0.8529411764705882
outer_test,c0012_23099bed3753,bias,2.0,availability_only,170,0,0.0
outer_test,c0012_23099bed3753,bias,2.0,numerical_only,170,167,0.9823529411764705
outer_test,c0012_23099bed3753,bias,2.0,combined,170,167,0.9823529411764705
outer_test,c0012_23099bed3753,level_shift,0.5,availability_only,170,0,0.0
outer_test,c0012_23099bed3753,level_shift,0.5,numerical_only,170,117,0.6882352941176471
outer_test,c0012_23099bed3753,level_shift,0.5,combined,170,117,0.6882352941176471
outer_test,c0012_23099bed3753,level_shift,1.0,availability_only,170,0,0.0
outer_test,c0012_23099bed3753,level_shift,1.0,numerical_only,170,150,0.8823529411764706
outer_test,c0012_23099bed3753,level_shift,1.0,combined,170,150,0.8823529411764706
outer_test,c0012_23099bed3753,level_shift,2.0,availability_only,170,0,0.0
outer_test,c0012_23099bed3753,level_shift,2.0,numerical_only,170,162,0.9529411764705882
outer_test,c0012_23099bed3753,level_shift,2.0,combined,170,162,0.9529411764705882
outer_test,c0012_23099bed3753,drift,0.5,availability_only,170,0,0.0
outer_test,c0012_23099bed3753,drift,0.5,numerical_only,170,102,0.6
outer_test,c0012_23099bed3753,drift,0.5,combined,170,102,0.6
outer_test,c0012_23099bed3753,drift,1.0,availability_only,170,0,0.0
outer_test,c0012_23099bed3753,drift,1.0,numerical_only,170,144,0.8470588235294118
outer_test,c0012_23099bed3753,drift,1.0,combined,170,144,0.8470588235294118
outer_test,c0012_23099bed3753,drift,2.0,availability_only,170,0,0.0
outer_test,c0012_23099bed3753,drift,2.0,numerical_only,170,160,0.9411764705882353
outer_test,c0012_23099bed3753,drift,2.0,combined,170,160,0.9411764705882353
outer_test,c0013_a21278d4e492,random_missing,0.5,availability_only,50,0,0.0
outer_test,c0013_a21278d4e492,random_missing,0.5,numerical_only,50,0,0.0
outer_test,c0013_a21278d4e492,random_missing,0.5,combined,50,0,0.0
outer_test,c0013_a21278d4e492,random_missing,1.0,availability_only,101,4,0.039603960396039604
outer_test,c0013_a21278d4e492,random_missing,1.0,numerical_only,101,0,0.0
outer_test,c0013_a21278d4e492,random_missing,1.0,combined,101,7,0.06930693069306931
outer_test,c0013_a21278d4e492,random_missing,2.0,availability_only,149,21,0.14093959731543623
outer_test,c0013_a21278d4e492,random_missing,2.0,numerical_only,149,2,0.013422818791946308
outer_test,c0013_a21278d4e492,random_missing,2.0,combined,149,31,0.2080536912751678
outer_test,c0013_a21278d4e492,block_missing,0.5,availability_only,174,0,0.0
outer_test,c0013_a21278d4e492,block_missing,0.5,numerical_only,174,1,0.005747126436781609
outer_test,c0013_a21278d4e492,block_missing,0.5,combined,174,5,0.028735632183908046
outer_test,c0013_a21278d4e492,block_missing,1.0,availability_only,175,0,0.0
outer_test,c0013_a21278d4e492,block_missing,1.0,numerical_only,175,1,0.005714285714285714
outer_test,c0013_a21278d4e492,block_missing,1.0,combined,175,31,0.17714285714285713
outer_test,c0013_a21278d4e492,block_missing,2.0,availability_only,174,174,1.0
outer_test,c0013_a21278d4e492,block_missing,2.0,numerical_only,174,0,0.0
outer_test,c0013_a21278d4e492,block_missing,2.0,combined,174,174,1.0
outer_test,c0013_a21278d4e492,stuck,0.5,availability_only,138,0,0.0
outer_test,c0013_a21278d4e492,stuck,0.5,numerical_only,138,0,0.0
outer_test,c0013_a21278d4e492,stuck,0.5,combined,138,0,0.0
outer_test,c0013_a21278d4e492,stuck,1.0,availability_only,145,0,0.0
outer_test,c0013_a21278d4e492,stuck,1.0,numerical_only,145,1,0.006896551724137931
outer_test,c0013_a21278d4e492,stuck,1.0,combined,145,1,0.006896551724137931
outer_test,c0013_a21278d4e492,stuck,2.0,availability_only,149,0,0.0
outer_test,c0013_a21278d4e492,stuck,2.0,numerical_only,149,4,0.026845637583892617
outer_test,c0013_a21278d4e492,stuck,2.0,combined,149,4,0.026845637583892617
outer_test,c0013_a21278d4e492,dropout,0.5,availability_only,153,0,0.0
outer_test,c0013_a21278d4e492,dropout,0.5,numerical_only,153,9,0.058823529411764705
outer_test,c0013_a21278d4e492,dropout,0.5,combined,153,9,0.058823529411764705
outer_test,c0013_a21278d4e492,dropout,1.0,availability_only,155,0,0.0
outer_test,c0013_a21278d4e492,dropout,1.0,numerical_only,155,9,0.05806451612903226
outer_test,c0013_a21278d4e492,dropout,1.0,combined,155,9,0.05806451612903226
outer_test,c0013_a21278d4e492,dropout,2.0,availability_only,155,0,0.0
outer_test,c0013_a21278d4e492,dropout,2.0,numerical_only,155,7,0.04516129032258064
outer_test,c0013_a21278d4e492,dropout,2.0,combined,155,7,0.04516129032258064
outer_test,c0013_a21278d4e492,bias,0.5,availability_only,170,0,0.0
outer_test,c0013_a21278d4e492,bias,0.5,numerical_only,170,3,0.01764705882352941
outer_test,c0013_a21278d4e492,bias,0.5,combined,170,3,0.01764705882352941
outer_test,c0013_a21278d4e492,bias,1.0,availability_only,170,0,0.0
outer_test,c0013_a21278d4e492,bias,1.0,numerical_only,170,0,0.0
outer_test,c0013_a21278d4e492,bias,1.0,combined,170,0,0.0
outer_test,c0013_a21278d4e492,bias,2.0,availability_only,170,0,0.0
outer_test,c0013_a21278d4e492,bias,2.0,numerical_only,170,23,0.13529411764705881
outer_test,c0013_a21278d4e492,bias,2.0,combined,170,23,0.13529411764705881
outer_test,c0013_a21278d4e492,level_shift,0.5,availability_only,170,0,0.0
outer_test,c0013_a21278d4e492,level_shift,0.5,numerical_only,170,16,0.09411764705882353
outer_test,c0013_a21278d4e492,level_shift,0.5,combined,170,16,0.09411764705882353
outer_test,c0013_a21278d4e492,level_shift,1.0,availability_only,170,0,0.0
outer_test,c0013_a21278d4e492,level_shift,1.0,numerical_only,170,27,0.1588235294117647
outer_test,c0013_a21278d4e492,level_shift,1.0,combined,170,27,0.1588235294117647
outer_test,c0013_a21278d4e492,level_shift,2.0,availability_only,170,0,0.0
outer_test,c0013_a21278d4e492,level_shift,2.0,numerical_only,170,41,0.2411764705882353
outer_test,c0013_a21278d4e492,level_shift,2.0,combined,170,41,0.2411764705882353
outer_test,c0013_a21278d4e492,drift,0.5,availability_only,170,0,0.0
outer_test,c0013_a21278d4e492,drift,0.5,numerical_only,170,15,0.08823529411764706
outer_test,c0013_a21278d4e492,drift,0.5,combined,170,15,0.08823529411764706
outer_test,c0013_a21278d4e492,drift,1.0,availability_only,170,0,0.0
outer_test,c0013_a21278d4e492,drift,1.0,numerical_only,170,32,0.18823529411764706
outer_test,c0013_a21278d4e492,drift,1.0,combined,170,32,0.18823529411764706
outer_test,c0013_a21278d4e492,drift,2.0,availability_only,170,0,0.0
outer_test,c0013_a21278d4e492,drift,2.0,numerical_only,170,87,0.5117647058823529
outer_test,c0013_a21278d4e492,drift,2.0,combined,170,87,0.5117647058823529
outer_test,c0024_ba16b82adffd,random_missing,0.5,availability_only,50,50,1.0
outer_test,c0024_ba16b82adffd,random_missing,0.5,numerical_only,50,12,0.24
outer_test,c0024_ba16b82adffd,random_missing,0.5,combined,50,50,1.0
outer_test,c0024_ba16b82adffd,random_missing,1.0,availability_only,101,101,1.0
outer_test,c0024_ba16b82adffd,random_missing,1.0,numerical_only,101,22,0.21782178217821782
outer_test,c0024_ba16b82adffd,random_missing,1.0,combined,101,99,0.9801980198019802
outer_test,c0024_ba16b82adffd,random_missing,2.0,availability_only,149,149,1.0
outer_test,c0024_ba16b82adffd,random_missing,2.0,numerical_only,149,24,0.1610738255033557
outer_test,c0024_ba16b82adffd,random_missing,2.0,combined,149,146,0.9798657718120806
outer_test,c0024_ba16b82adffd,block_missing,0.5,availability_only,174,174,1.0
outer_test,c0024_ba16b82adffd,block_missing,0.5,numerical_only,174,42,0.2413793103448276
outer_test,c0024_ba16b82adffd,block_missing,0.5,combined,174,172,0.9885057471264368
outer_test,c0024_ba16b82adffd,block_missing,1.0,availability_only,175,175,1.0
outer_test,c0024_ba16b82adffd,block_missing,1.0,numerical_only,175,43,0.24571428571428572
outer_test,c0024_ba16b82adffd,block_missing,1.0,combined,175,172,0.9828571428571429
outer_test,c0024_ba16b82adffd,block_missing,2.0,availability_only,174,174,1.0
outer_test,c0024_ba16b82adffd,block_missing,2.0,numerical_only,174,51,0.29310344827586204
outer_test,c0024_ba16b82adffd,block_missing,2.0,combined,174,170,0.9770114942528736
outer_test,c0024_ba16b82adffd,stuck,0.5,availability_only,138,0,0.0
outer_test,c0024_ba16b82adffd,stuck,0.5,numerical_only,138,28,0.2028985507246377
outer_test,c0024_ba16b82adffd,stuck,0.5,combined,138,28,0.2028985507246377
outer_test,c0024_ba16b82adffd,stuck,1.0,availability_only,145,0,0.0
outer_test,c0024_ba16b82adffd,stuck,1.0,numerical_only,145,36,0.2482758620689655
outer_test,c0024_ba16b82adffd,stuck,1.0,combined,145,36,0.2482758620689655
outer_test,c0024_ba16b82adffd,stuck,2.0,availability_only,149,0,0.0
outer_test,c0024_ba16b82adffd,stuck,2.0,numerical_only,149,50,0.33557046979865773
outer_test,c0024_ba16b82adffd,stuck,2.0,combined,149,50,0.33557046979865773
outer_test,c0024_ba16b82adffd,dropout,0.5,availability_only,153,0,0.0
outer_test,c0024_ba16b82adffd,dropout,0.5,numerical_only,153,148,0.9673202614379085
outer_test,c0024_ba16b82adffd,dropout,0.5,combined,153,148,0.9673202614379085
outer_test,c0024_ba16b82adffd,dropout,1.0,availability_only,155,0,0.0
outer_test,c0024_ba16b82adffd,dropout,1.0,numerical_only,155,152,0.9806451612903225
outer_test,c0024_ba16b82adffd,dropout,1.0,combined,155,152,0.9806451612903225
outer_test,c0024_ba16b82adffd,dropout,2.0,availability_only,155,0,0.0
outer_test,c0024_ba16b82adffd,dropout,2.0,numerical_only,155,147,0.9483870967741935
outer_test,c0024_ba16b82adffd,dropout,2.0,combined,155,147,0.9483870967741935
outer_test,c0024_ba16b82adffd,bias,0.5,availability_only,170,0,0.0
outer_test,c0024_ba16b82adffd,bias,0.5,numerical_only,170,112,0.6588235294117647
outer_test,c0024_ba16b82adffd,bias,0.5,combined,170,112,0.6588235294117647
outer_test,c0024_ba16b82adffd,bias,1.0,availability_only,170,0,0.0
outer_test,c0024_ba16b82adffd,bias,1.0,numerical_only,170,140,0.8235294117647058
outer_test,c0024_ba16b82adffd,bias,1.0,combined,170,140,0.8235294117647058
outer_test,c0024_ba16b82adffd,bias,2.0,availability_only,170,0,0.0
outer_test,c0024_ba16b82adffd,bias,2.0,numerical_only,170,163,0.9588235294117647
outer_test,c0024_ba16b82adffd,bias,2.0,combined,170,163,0.9588235294117647
outer_test,c0024_ba16b82adffd,level_shift,0.5,availability_only,170,0,0.0
outer_test,c0024_ba16b82adffd,level_shift,0.5,numerical_only,170,111,0.6529411764705882
outer_test,c0024_ba16b82adffd,level_shift,0.5,combined,170,111,0.6529411764705882
outer_test,c0024_ba16b82adffd,level_shift,1.0,availability_only,170,0,0.0
outer_test,c0024_ba16b82adffd,level_shift,1.0,numerical_only,170,138,0.8117647058823529
outer_test,c0024_ba16b82adffd,level_shift,1.0,combined,170,138,0.8117647058823529
outer_test,c0024_ba16b82adffd,level_shift,2.0,availability_only,170,0,0.0
outer_test,c0024_ba16b82adffd,level_shift,2.0,numerical_only,170,159,0.9352941176470588
outer_test,c0024_ba16b82adffd,level_shift,2.0,combined,170,159,0.9352941176470588
outer_test,c0024_ba16b82adffd,drift,0.5,availability_only,170,0,0.0
outer_test,c0024_ba16b82adffd,drift,0.5,numerical_only,170,81,0.4764705882352941
outer_test,c0024_ba16b82adffd,drift,0.5,combined,170,81,0.4764705882352941
outer_test,c0024_ba16b82adffd,drift,1.0,availability_only,170,0,0.0
outer_test,c0024_ba16b82adffd,drift,1.0,numerical_only,170,123,0.7235294117647059
outer_test,c0024_ba16b82adffd,drift,1.0,combined,170,123,0.7235294117647059
outer_test,c0024_ba16b82adffd,drift,2.0,availability_only,170,0,0.0
outer_test,c0024_ba16b82adffd,drift,2.0,numerical_only,170,157,0.9235294117647059
outer_test,c0024_ba16b82adffd,drift,2.0,combined,170,157,0.9235294117647059
outer_test,diagnostic_persistence_split_095_single_sample,random_missing,0.5,availability_only,50,50,1.0
outer_test,diagnostic_persistence_split_095_single_sample,random_missing,0.5,numerical_only,50,11,0.22
outer_test,diagnostic_persistence_split_095_single_sample,random_missing,0.5,combined,50,49,0.98
outer_test,diagnostic_persistence_split_095_single_sample,random_missing,1.0,availability_only,101,101,1.0
outer_test,diagnostic_persistence_split_095_single_sample,random_missing,1.0,numerical_only,101,21,0.2079207920792079
outer_test,diagnostic_persistence_split_095_single_sample,random_missing,1.0,combined,101,100,0.9900990099009901
outer_test,diagnostic_persistence_split_095_single_sample,random_missing,2.0,availability_only,149,149,1.0
outer_test,diagnostic_persistence_split_095_single_sample,random_missing,2.0,numerical_only,149,31,0.2080536912751678
outer_test,diagnostic_persistence_split_095_single_sample,random_missing,2.0,combined,149,148,0.9932885906040269
outer_test,diagnostic_persistence_split_095_single_sample,block_missing,0.5,availability_only,174,174,1.0
outer_test,diagnostic_persistence_split_095_single_sample,block_missing,0.5,numerical_only,174,44,0.25287356321839083
outer_test,diagnostic_persistence_split_095_single_sample,block_missing,0.5,combined,174,171,0.9827586206896551
outer_test,diagnostic_persistence_split_095_single_sample,block_missing,1.0,availability_only,175,175,1.0
outer_test,diagnostic_persistence_split_095_single_sample,block_missing,1.0,numerical_only,175,45,0.2571428571428571
outer_test,diagnostic_persistence_split_095_single_sample,block_missing,1.0,combined,175,173,0.9885714285714285
outer_test,diagnostic_persistence_split_095_single_sample,block_missing,2.0,availability_only,174,174,1.0
outer_test,diagnostic_persistence_split_095_single_sample,block_missing,2.0,numerical_only,174,48,0.27586206896551724
outer_test,diagnostic_persistence_split_095_single_sample,block_missing,2.0,combined,174,168,0.9655172413793104
outer_test,diagnostic_persistence_split_095_single_sample,stuck,0.5,availability_only,138,0,0.0
outer_test,diagnostic_persistence_split_095_single_sample,stuck,0.5,numerical_only,138,37,0.26811594202898553
outer_test,diagnostic_persistence_split_095_single_sample,stuck,0.5,combined,138,37,0.26811594202898553
outer_test,diagnostic_persistence_split_095_single_sample,stuck,1.0,availability_only,145,0,0.0
outer_test,diagnostic_persistence_split_095_single_sample,stuck,1.0,numerical_only,145,41,0.2827586206896552
outer_test,diagnostic_persistence_split_095_single_sample,stuck,1.0,combined,145,41,0.2827586206896552
outer_test,diagnostic_persistence_split_095_single_sample,stuck,2.0,availability_only,149,0,0.0
outer_test,diagnostic_persistence_split_095_single_sample,stuck,2.0,numerical_only,149,51,0.3422818791946309
outer_test,diagnostic_persistence_split_095_single_sample,stuck,2.0,combined,149,51,0.3422818791946309
outer_test,diagnostic_persistence_split_095_single_sample,dropout,0.5,availability_only,153,0,0.0
outer_test,diagnostic_persistence_split_095_single_sample,dropout,0.5,numerical_only,153,94,0.6143790849673203
outer_test,diagnostic_persistence_split_095_single_sample,dropout,0.5,combined,153,94,0.6143790849673203
outer_test,diagnostic_persistence_split_095_single_sample,dropout,1.0,availability_only,155,0,0.0
outer_test,diagnostic_persistence_split_095_single_sample,dropout,1.0,numerical_only,155,102,0.6580645161290323
outer_test,diagnostic_persistence_split_095_single_sample,dropout,1.0,combined,155,102,0.6580645161290323
outer_test,diagnostic_persistence_split_095_single_sample,dropout,2.0,availability_only,155,0,0.0
outer_test,diagnostic_persistence_split_095_single_sample,dropout,2.0,numerical_only,155,97,0.6258064516129033
outer_test,diagnostic_persistence_split_095_single_sample,dropout,2.0,combined,155,97,0.6258064516129033
outer_test,diagnostic_persistence_split_095_single_sample,bias,0.5,availability_only,170,0,0.0
outer_test,diagnostic_persistence_split_095_single_sample,bias,0.5,numerical_only,170,67,0.3941176470588235
outer_test,diagnostic_persistence_split_095_single_sample,bias,0.5,combined,170,67,0.3941176470588235
outer_test,diagnostic_persistence_split_095_single_sample,bias,1.0,availability_only,170,0,0.0
outer_test,diagnostic_persistence_split_095_single_sample,bias,1.0,numerical_only,170,77,0.45294117647058824
outer_test,diagnostic_persistence_split_095_single_sample,bias,1.0,combined,170,77,0.45294117647058824
outer_test,diagnostic_persistence_split_095_single_sample,bias,2.0,availability_only,170,0,0.0
outer_test,diagnostic_persistence_split_095_single_sample,bias,2.0,numerical_only,170,124,0.7294117647058823
outer_test,diagnostic_persistence_split_095_single_sample,bias,2.0,combined,170,124,0.7294117647058823
outer_test,diagnostic_persistence_split_095_single_sample,level_shift,0.5,availability_only,170,0,0.0
outer_test,diagnostic_persistence_split_095_single_sample,level_shift,0.5,numerical_only,170,66,0.38823529411764707
outer_test,diagnostic_persistence_split_095_single_sample,level_shift,0.5,combined,170,66,0.38823529411764707
outer_test,diagnostic_persistence_split_095_single_sample,level_shift,1.0,availability_only,170,0,0.0
outer_test,diagnostic_persistence_split_095_single_sample,level_shift,1.0,numerical_only,170,79,0.4647058823529412
outer_test,diagnostic_persistence_split_095_single_sample,level_shift,1.0,combined,170,79,0.4647058823529412
outer_test,diagnostic_persistence_split_095_single_sample,level_shift,2.0,availability_only,170,0,0.0
outer_test,diagnostic_persistence_split_095_single_sample,level_shift,2.0,numerical_only,170,121,0.711764705882353
outer_test,diagnostic_persistence_split_095_single_sample,level_shift,2.0,combined,170,121,0.711764705882353
outer_test,diagnostic_persistence_split_095_single_sample,drift,0.5,availability_only,170,0,0.0
outer_test,diagnostic_persistence_split_095_single_sample,drift,0.5,numerical_only,170,60,0.35294117647058826
outer_test,diagnostic_persistence_split_095_single_sample,drift,0.5,combined,170,60,0.35294117647058826
outer_test,diagnostic_persistence_split_095_single_sample,drift,1.0,availability_only,170,0,0.0
outer_test,diagnostic_persistence_split_095_single_sample,drift,1.0,numerical_only,170,78,0.4588235294117647
outer_test,diagnostic_persistence_split_095_single_sample,drift,1.0,combined,170,78,0.4588235294117647
outer_test,diagnostic_persistence_split_095_single_sample,drift,2.0,availability_only,170,0,0.0
outer_test,diagnostic_persistence_split_095_single_sample,drift,2.0,numerical_only,170,116,0.6823529411764706
outer_test,diagnostic_persistence_split_095_single_sample,drift,2.0,combined,170,116,0.6823529411764706
