{
  "frozen": true,
  "models_fitted": 0,
  "data_hash": "8bfbf2d874682c3d69016a5b2b5cd9586d83211bbc7d08f2d1563f696869362b",
  "role_bank_hash": "8892aaa62fd2dbf5f922cc593f23e7df743bbe64a25d183d1c972c5f3f0a731a",
  "roles": {
    "fit": {
      "n": 14858,
      "membership_hash": "44caea14eb9235d38ecc221b7d59fdc2f8f54bff0f52fbbd9e0bb1b805ca2387",
      "row_id_hash": "24ce73785501ff4786fb0ae996364f8e145b4b21700a3a571554a5938dd70ade",
      "origin_min": "2021-01-07 23:50:00",
      "origin_max": "2021-04-21 04:00:00",
      "target_min": "2021-01-08 00:00:00",
      "target_max": "2021-04-21 04:10:00"
    },
    "calibration": {
      "n": 4953,
      "membership_hash": "05d6c30f8c3813efdcab97c9bdab0eee81ce669af9af5b8b70b88518c07f2ca8",
      "row_id_hash": "f15ad2a2ec27d37ae1857a3e23c7c43a238d7f5a9db3b667111c380b16382500",
      "origin_min": "2021-04-21 04:30:00",
      "origin_max": "2021-05-25 13:50:00",
      "target_min": "2021-04-21 04:40:00",
      "target_max": "2021-05-25 14:00:00"
    },
    "test": {
      "n": 9907,
      "membership_hash": "b6bdcea0efeca5c07185bc1f75980e8a2570387a5c08e31f9cd301cf38cb60bd",
      "row_id_hash": "99d72f4e202d73a2f0741156b0869793469cfbd9485f853689fa883bce87daa3",
      "origin_min": "2021-05-25 14:10:00",
      "origin_max": "2021-08-02 09:10:00",
      "target_min": "2021-05-25 14:20:00",
      "target_max": "2021-08-02 09:20:00"
    },
    "inner0_train": {
      "n": 4951,
      "membership_hash": "0388e109290a61d05fa9d59bbd9c237bab2a32267e29b1fb8a9d86b58d147f6d",
      "row_id_hash": "70cade1f008e511232829b472a3b7c67bc84c109140470714270e792d5c7e97b",
      "origin_min": "2021-01-07 23:50:00",
      "origin_max": "2021-02-11 08:50:00",
      "target_min": "2021-01-08 00:00:00",
      "target_max": "2021-02-11 09:00:00"
    },
    "inner0_validation": {
      "n": 4952,
      "membership_hash": "d9b8de7f361f4bdbe04542b9c243a2685ce657a01202469acaf8acd43c1c7106",
      "row_id_hash": "9381f3eb0d221051813de2df0d6f8b60e2bc3ec108c925e0eb875f7a6e607493",
      "origin_min": "2021-02-11 09:10:00",
      "origin_max": "2021-03-17 18:20:00",
      "target_min": "2021-02-11 09:20:00",
      "target_max": "2021-03-17 18:30:00"
    },
    "inner1_train": {
      "n": 9903,
      "membership_hash": "ce74106a5bae27e1e344fdc38942436bf694eabfb98ddbe63b832a5414090828",
      "row_id_hash": "98d395a3458442f6b33b72140be4827f7cc87caf92ea1fa3046b332b25d90001",
      "origin_min": "2021-01-07 23:50:00",
      "origin_max": "2021-03-17 18:20:00",
      "target_min": "2021-01-08 00:00:00",
      "target_max": "2021-03-17 18:30:00"
    },
    "inner1_validation": {
      "n": 4953,
      "membership_hash": "36a56bf1ec8357c98060da403a08ce064b57ba57997bc7c82896591862424bbd",
      "row_id_hash": "ff9099d61e16e3b26aa2737196df355bb32d37e67b948e5e9e55852fa0e92a33",
      "origin_min": "2021-03-17 18:40:00",
      "origin_max": "2021-04-21 04:00:00",
      "target_min": "2021-03-17 18:50:00",
      "target_max": "2021-04-21 04:10:00"
    }
  }
}
{"command": ["C:/cfs_venv/Scripts/python.exe", "-B", "-m", "src.matched_forecasting005", "freeze", "--matrix", "C:\\Users\\nigel\\OneDrive\\Desktop\\GitHub\\confosense\\smart_building_conformal\\outputs\\amendment005\\support_design_v1\\experiment_matrix.csv", "--dataset", "pleia_energy", "--horizon", "1", "--outer-fold", "2", "--model-seed", "43", "--design-dir", "C:\\Users\\nigel\\OneDrive\\Desktop\\GitHub\\confosense\\smart_building_conformal\\protocols\\matched_forecasting005\\pleia_energy_h1_f2_s43_v1", "--authorization", "C:\\Users\\nigel\\OneDrive\\Desktop\\GitHub\\confosense\\smart_building_conformal\\configs\\matched_forecasting005_fold2_multiseed_authorization_v1.json"], "cwd": "C:\\Users\\nigel\\OneDrive\\Desktop\\GitHub\\confosense\\smart_building_conformal", "started_utc": "2026-09-13T22:34:59.413519+00:00", "logger_pid": 27444, "child_pid": 29308, "ended_utc": "2026-09-13T22:35:09.257151+00:00", "seconds": 9.843609000003198, "exit_status": 0}
{
  "first_unit_ready": true,
  "full_study_ready": false,
  "models_fitted": 0,
  "source_hash": "cd907183301a189ddfcc195774dad58c8fa07d5b326d2ac29cf3636383dc681e",
  "protocol_hash": "9a5f8e926042af5fac0c3fceb0e887889cd310cf57cdaa89b6239e4da7611673",
  "fresh_support_verified": true,
  "resources": {
    "rss_bytes": 385835008,
    "private_bytes": 340484096,
    "lifetime_peak_rss_bytes": 410443776,
    "available_ram_bytes": 4375871488,
    "physical_ram_bytes": 16890978304,
    "free_disk_bytes": 44969930752,
    "launch_ram_reference_bytes": 3221225472,
    "launch_ram_reference_met": true,
    "later_user_nonblocking_ram_instruction": true
  },
  "preparation_resources": {
    "seconds": 4.2140775000007125,
    "baseline_rss_bytes": 324956160,
    "peak_rss_bytes": 401444864,
    "baseline_private_bytes": 282898432,
    "peak_private_bytes": 356290560,
    "incremental_peak_rss_bytes": 76488704,
    "lifetime_peak_rss_bytes": 410443776,
    "min_available_ram_bytes": 4366114816,
    "sample_interval_seconds": 0.05,
    "process_cpu_seconds": 4.109375
  },
  "expected_point_cells": 3,
  "expected_interval_cells": 6
}
{"command": ["C:/cfs_venv/Scripts/python.exe", "-B", "-m", "src.matched_forecasting005", "readiness", "--matrix", "C:\\Users\\nigel\\OneDrive\\Desktop\\GitHub\\confosense\\smart_building_conformal\\outputs\\amendment005\\support_design_v1\\experiment_matrix.csv", "--dataset", "pleia_energy", "--horizon", "1", "--outer-fold", "2", "--model-seed", "43", "--design-dir", "C:\\Users\\nigel\\OneDrive\\Desktop\\GitHub\\confosense\\smart_building_conformal\\protocols\\matched_forecasting005\\pleia_energy_h1_f2_s43_v1"], "cwd": "C:\\Users\\nigel\\OneDrive\\Desktop\\GitHub\\confosense\\smart_building_conformal", "started_utc": "2026-09-13T22:35:09.379048+00:00", "logger_pid": 20764, "child_pid": 24308, "ended_utc": "2026-09-13T22:35:17.727048+00:00", "seconds": 8.348318000003928, "exit_status": 0}
PREFLIGHT 1/52 pleia_energy_h1_f2_s43_v1
{
  "frozen": true,
  "models_fitted": 0,
  "data_hash": "1ffa2b29dc13b120254046c80e97d22647f7b50e5487694b306f692a84d92e14",
  "role_bank_hash": "2d8a91b93c1a8b8aa8ef5a6496971ee12250108a24504ff6b046cf70b7262f75",
  "roles": {
    "fit": {
      "n": 14855,
      "membership_hash": "9fc9e18746429e574996b5d318c420366de84a249898bc72faa113826ebf5288",
      "row_id_hash": "558cff0744ce974849383acc7967f940020b64bfac9013ed4a208009b2708bf5",
      "origin_min": "2021-01-07 23:30:00",
      "origin_max": "2021-04-21 03:10:00",
      "target_min": "2021-01-08 00:00:00",
      "target_max": "2021-04-21 03:40:00"
    },
    "calibration": {
      "n": 4952,
      "membership_hash": "314903ce4f8c8409c5417c2d6b829e4549971bebc3d6a0dc881d54aa3c565364",
      "row_id_hash": "4229dfd898ed95c9f9693260d3cb9bb25c08cf354ea18d6e850f1422de1405f1",
      "origin_min": "2021-04-21 04:00:00",
      "origin_max": "2021-05-25 13:10:00",
      "target_min": "2021-04-21 04:30:00",
      "target_max": "2021-05-25 13:40:00"
    },
    "test": {
      "n": 9907,
      "membership_hash": "f7a8b2ab436b98d9e3c4127b8c0c687d2944e7cc7512d2ddf6c76666e097c7ea",
      "row_id_hash": "c2d53e2fc20a6e6e5143df383f37e38aeb9e86b2de67c63088da1d4583d4b1dd",
      "origin_min": "2021-05-25 13:50:00",
      "origin_max": "2021-08-02 08:50:00",
      "target_min": "2021-05-25 14:20:00",
      "target_max": "2021-08-02 09:20:00"
    },
    "inner0_train": {
      "n": 4948,
      "membership_hash": "ebf7520964f58026cc222578bba1f1d2a33b67198299f1c5bba1566bd6784377",
      "row_id_hash": "894b35f84e79ef291432eb4ec2ea7a1f5f02cfd69a67e241ecae730eafa5e89a",
      "origin_min": "2021-01-07 23:30:00",
      "origin_max": "2021-02-11 08:00:00",
      "target_min": "2021-01-08 00:00:00",
      "target_max": "2021-02-11 08:30:00"
    },
    "inner0_validation": {
      "n": 4949,
      "membership_hash": "2aa22d1ba1125056fdd68d6b2027eacd834f9664eaae2b53cff2a9faa7ddf126",
      "row_id_hash": "41af3db740ef555be369e15e8e0eabcc34559abc88a624a17301e8eed7414656",
      "origin_min": "2021-02-11 08:40:00",
      "origin_max": "2021-03-17 17:20:00",
      "target_min": "2021-02-11 09:10:00",
      "target_max": "2021-03-17 17:50:00"
    },
    "inner1_train": {
      "n": 9897,
      "membership_hash": "78a72344eb383f72004edb224f83c552a272dfeaffbb94ff79fcbecf0505fce1",
      "row_id_hash": "581506cccfe66c620c944cd60584ec2109d04279aca39b38d38f40d6b80f9d9a",
      "origin_min": "2021-01-07 23:30:00",
      "origin_max": "2021-03-17 17:20:00",
      "target_min": "2021-01-08 00:00:00",
      "target_max": "2021-03-17 17:50:00"
    },
    "inner1_validation": {
      "n": 4952,
      "membership_hash": "5e7ec7b15735ad3fbb7d39223dba2b0d10397023ec6e05681ca69c5b3cfa1106",
      "row_id_hash": "72c8599283ed3e772db63a8669d21aa9c29578597a29d0cc7558d3f93476d419",
      "origin_min": "2021-03-17 18:00:00",
      "origin_max": "2021-04-21 03:10:00",
      "target_min": "2021-03-17 18:30:00",
      "target_max": "2021-04-21 03:40:00"
    }
  }
}
{"command": ["C:/cfs_venv/Scripts/python.exe", "-B", "-m", "src.matched_forecasting005", "freeze", "--matrix", "C:\\Users\\nigel\\OneDrive\\Desktop\\GitHub\\confosense\\smart_building_conformal\\outputs\\amendment005\\support_design_v1\\experiment_matrix.csv", "--dataset", "pleia_energy", "--horizon", "3", "--outer-fold", "2", "--model-seed", "43", "--design-dir", "C:\\Users\\nigel\\OneDrive\\Desktop\\GitHub\\confosense\\smart_building_conformal\\protocols\\matched_forecasting005\\pleia_energy_h3_f2_s43_v1", "--authorization", "C:\\Users\\nigel\\OneDrive\\Desktop\\GitHub\\confosense\\smart_building_conformal\\configs\\matched_forecasting005_fold2_multiseed_authorization_v1.json"], "cwd": "C:\\Users\\nigel\\OneDrive\\Desktop\\GitHub\\confosense\\smart_building_conformal", "started_utc": "2026-09-13T22:35:17.967932+00:00", "logger_pid": 21952, "child_pid": 28916, "ended_utc": "2026-09-13T22:35:27.013834+00:00", "seconds": 9.046258100002888, "exit_status": 0}
{
  "first_unit_ready": true,
  "full_study_ready": false,
  "models_fitted": 0,
  "source_hash": "cd907183301a189ddfcc195774dad58c8fa07d5b326d2ac29cf3636383dc681e",
  "protocol_hash": "0994b58ad507c89e4477b9d8f239790b940d570f5a1e8d13854e7914fd34622b",
  "fresh_support_verified": true,
  "resources": {
    "rss_bytes": 378699776,
    "private_bytes": 334041088,
    "lifetime_peak_rss_bytes": 408449024,
    "available_ram_bytes": 4363214848,
    "physical_ram_bytes": 16890978304,
    "free_disk_bytes": 44967161856,
    "launch_ram_reference_bytes": 3221225472,
    "launch_ram_reference_met": true,
    "later_user_nonblocking_ram_instruction": true
  },
  "preparation_resources": {
    "seconds": 4.444080399996892,
    "baseline_rss_bytes": 324800512,
    "peak_rss_bytes": 401838080,
    "baseline_private_bytes": 282599424,
    "peak_private_bytes": 356978688,
    "incremental_peak_rss_bytes": 77037568,
    "lifetime_peak_rss_bytes": 408449024,
    "min_available_ram_bytes": 4351873024,
    "sample_interval_seconds": 0.05,
    "process_cpu_seconds": 4.28125
  },
  "expected_point_cells": 3,
  "expected_interval_cells": 6
}
{"command": ["C:/cfs_venv/Scripts/python.exe", "-B", "-m", "src.matched_forecasting005", "readiness", "--matrix", "C:\\Users\\nigel\\OneDrive\\Desktop\\GitHub\\confosense\\smart_building_conformal\\outputs\\amendment005\\support_design_v1\\experiment_matrix.csv", "--dataset", "pleia_energy", "--horizon", "3", "--outer-fold", "2", "--model-seed", "43", "--design-dir", "C:\\Users\\nigel\\OneDrive\\Desktop\\GitHub\\confosense\\smart_building_conformal\\protocols\\matched_forecasting005\\pleia_energy_h3_f2_s43_v1"], "cwd": "C:\\Users\\nigel\\OneDrive\\Desktop\\GitHub\\confosense\\smart_building_conformal", "started_utc": "2026-09-13T22:35:27.126404+00:00", "logger_pid": 27820, "child_pid": 5636, "ended_utc": "2026-09-13T22:35:35.732914+00:00", "seconds": 8.610242400005518, "exit_status": 0}
PREFLIGHT 2/52 pleia_energy_h3_f2_s43_v1
{
  "frozen": true,
  "models_fitted": 0,
  "data_hash": "ca819e9cb10c685d7ce5286d8ed34afe6e70fd34aab9a6c95d5a4f3367012ead",
  "role_bank_hash": "17388d3fc0eb13d4265cd50d42d6e7474b004321277d6027e30ba7f2f8e58674",
  "roles": {
    "fit": {
      "n": 14850,
      "membership_hash": "c21c125ed8b2b56ebab6814a8c4c6928ac9b4775caaa9582d3c5ea87dcb4ad99",
      "row_id_hash": "81ae297f2155a20502ed6b8c4f4e4ee7495737057e22b71392aeb2aa2ddc47a5",
      "origin_min": "2021-01-07 23:00:00",
      "origin_max": "2021-04-21 01:50:00",
      "target_min": "2021-01-08 00:00:00",
      "target_max": "2021-04-21 02:50:00"
    },
    "calibration": {
      "n": 4951,
      "membership_hash": "1b95885bd959657f0d1505f6455c91dfcaf78fa9649478e989853104b5d655ff",
      "row_id_hash": "0ee87531d3a77d326c99ffdf39a8bb6058827ab4d41014255a2219c6f898c125",
      "origin_min": "2021-04-21 03:10:00",
      "origin_max": "2021-05-25 12:10:00",
      "target_min": "2021-04-21 04:10:00",
      "target_max": "2021-05-25 13:10:00"
    },
    "test": {
      "n": 9907,
      "membership_hash": "061c08c3374dc0f9d45dfa8547f11e8a31a823c67efe645c11e25597c6f32a22",
      "row_id_hash": "de4207e52d512c374af24bbef6311e23f19f23ecb4445280cc7d8e7442dfa6fc",
      "origin_min": "2021-05-25 13:20:00",
      "origin_max": "2021-08-02 08:20:00",
      "target_min": "2021-05-25 14:20:00",
      "target_max": "2021-08-02 09:20:00"
    },
    "inner0_train": {
      "n": 4944,
      "membership_hash": "ef4c97630e1a30ed5ea78b5d3220a444b45a45deea3db4bc05921facedfefdd0",
      "row_id_hash": "328842348301366ce8fe85db3fa1025816d1385a1911ecdf0085057400431be3",
      "origin_min": "2021-01-07 23:00:00",
      "origin_max": "2021-02-11 06:50:00",
      "target_min": "2021-01-08 00:00:00",
      "target_max": "2021-02-11 07:50:00"
    },
    "inner0_validation": {
      "n": 4944,
      "membership_hash": "987b5f86df7c4ef83440458fc6052673b666f7afaa8cafe432b957312a7baf1a",
      "row_id_hash": "3fca8ca2b13c38ef70b28003e66e17aaa36980997b69268ed2b7829d5d5eaec1",
      "origin_min": "2021-02-11 08:00:00",
      "origin_max": "2021-03-17 15:50:00",
      "target_min": "2021-02-11 09:00:00",
      "target_max": "2021-03-17 16:50:00"
    },
    "inner1_train": {
      "n": 9888,
      "membership_hash": "2dc694d5d8c75613f988358567fc902a59612824bf4fe52e48f329877f9414ae",
      "row_id_hash": "2827d1ac25edee475ef3b63d536bcbb06ff0c60d11e75fbecbab90adb8c43ffc",
      "origin_min": "2021-01-07 23:00:00",
      "origin_max": "2021-03-17 15:50:00",
      "target_min": "2021-01-08 00:00:00",
      "target_max": "2021-03-17 16:50:00"
    },
    "inner1_validation": {
      "n": 4950,
      "membership_hash": "572dcac44c6e1158610a08b78ecb5c1149b22c6d871aff27ae12237385d67cc1",
      "row_id_hash": "ad6053be09fd9bdb574b94eeacd9604602b0c455963142350f227dfa3ec50447",
      "origin_min": "2021-03-17 17:00:00",
      "origin_max": "2021-04-21 01:50:00",
      "target_min": "2021-03-17 18:00:00",
      "target_max": "2021-04-21 02:50:00"
    }
  }
}
{"command": ["C:/cfs_venv/Scripts/python.exe", "-B", "-m", "src.matched_forecasting005", "freeze", "--matrix", "C:\\Users\\nigel\\OneDrive\\Desktop\\GitHub\\confosense\\smart_building_conformal\\outputs\\amendment005\\support_design_v1\\experiment_matrix.csv", "--dataset", "pleia_energy", "--horizon", "6", "--outer-fold", "2", "--model-seed", "43", "--design-dir", "C:\\Users\\nigel\\OneDrive\\Desktop\\GitHub\\confosense\\smart_building_conformal\\protocols\\matched_forecasting005\\pleia_energy_h6_f2_s43_v1", "--authorization", "C:\\Users\\nigel\\OneDrive\\Desktop\\GitHub\\confosense\\smart_building_conformal\\configs\\matched_forecasting005_fold2_multiseed_authorization_v1.json"], "cwd": "C:\\Users\\nigel\\OneDrive\\Desktop\\GitHub\\confosense\\smart_building_conformal", "started_utc": "2026-09-13T22:35:35.997169+00:00", "logger_pid": 23948, "child_pid": 24888, "ended_utc": "2026-09-13T22:35:45.508567+00:00", "seconds": 9.51251400000183, "exit_status": 0}
{
  "first_unit_ready": true,
  "full_study_ready": false,
  "models_fitted": 0,
  "source_hash": "cd907183301a189ddfcc195774dad58c8fa07d5b326d2ac29cf3636383dc681e",
  "protocol_hash": "b93741f34b2850dc828bbe017dd62253e0e099a5101de4a74885b6a91db639c5",
  "fresh_support_verified": true,
  "resources": {
    "rss_bytes": 377815040,
    "private_bytes": 333598720,
    "lifetime_peak_rss_bytes": 412139520,
    "available_ram_bytes": 4378611712,
    "physical_ram_bytes": 16890978304,
    "free_disk_bytes": 44964532224,
    "launch_ram_reference_bytes": 3221225472,
    "launch_ram_reference_met": true,
    "later_user_nonblocking_ram_instruction": true
  },
  "preparation_resources": {
    "seconds": 4.390988099999959,
    "baseline_rss_bytes": 324321280,
    "peak_rss_bytes": 402939904,
    "baseline_private_bytes": 282390528,
    "peak_private_bytes": 358531072,
    "incremental_peak_rss_bytes": 78618624,
    "lifetime_peak_rss_bytes": 412139520,
    "min_available_ram_bytes": 4355903488,
    "sample_interval_seconds": 0.05,
    "process_cpu_seconds": 4.1875
  },
  "expected_point_cells": 3,
  "expected_interval_cells": 6
}
{"command": ["C:/cfs_venv/Scripts/python.exe", "-B", "-m", "src.matched_forecasting005", "readiness", "--matrix", "C:\\Users\\nigel\\OneDrive\\Desktop\\GitHub\\confosense\\smart_building_conformal\\outputs\\amendment005\\support_design_v1\\experiment_matrix.csv", "--dataset", "pleia_energy", "--horizon", "6", "--outer-fold", "2", "--model-seed", "43", "--design-dir", "C:\\Users\\nigel\\OneDrive\\Desktop\\GitHub\\confosense\\smart_building_conformal\\protocols\\matched_forecasting005\\pleia_energy_h6_f2_s43_v1"], "cwd": "C:\\Users\\nigel\\OneDrive\\Desktop\\GitHub\\confosense\\smart_building_conformal", "started_utc": "2026-09-13T22:35:45.617208+00:00", "logger_pid": 8672, "child_pid": 26900, "ended_utc": "2026-09-13T22:35:54.260759+00:00", "seconds": 8.639153000003716, "exit_status": 0}
PREFLIGHT 3/52 pleia_energy_h6_f2_s43_v1
{
  "frozen": true,
  "models_fitted": 0,
  "data_hash": "cc0f3758889c55292cd641d866995da797e5144f79a6beaca9bfb01d2d278ff5",
  "role_bank_hash": "c92f78dc224b34d0b5f434d8a31bd57857057a8bd4a92f1675bf095005b45f1d",
  "roles": {
    "fit": {
      "n": 12932,
      "membership_hash": "3658387a50ac69383d169c4cd64e0f10af6cb1173d670d23cd36cc41340234e7",
      "row_id_hash": "c755dd01ece762dbd51ba428c055e8553cdf95dcc026a35d8a864ea2dda9baaa",
      "origin_min": "2023-07-26 15:24:00",
      "origin_max": "2023-08-07 22:55:00",
      "target_min": "2023-07-26 15:29:00",
      "target_max": "2023-08-07 23:00:00"
    },
    "calibration": {
      "n": 4452,
      "membership_hash": "5d80e479d7f2d8194826bd75f476bb30f29d341ebeb04f975816feb43ded72c5",
      "row_id_hash": "95fbd3e9e78192059585691a00d55cc264e607ec334a8f3a3988fe57e1814fdc",
      "origin_min": "2023-08-07 23:24:00",
      "origin_max": "2023-08-12 02:55:00",
      "target_min": "2023-08-07 23:29:00",
      "target_max": "2023-08-12 03:00:00"
    },
    "test": {
      "n": 8692,
      "membership_hash": "0083f660ce00ba82b7680ac8a176432167c878e986a4911db7dc1df20306108f",
      "row_id_hash": "7d1aee54ebd66b5f6541f1af4efedc077913db45c4fb7ea01f732b52411d52d0",
      "origin_min": "2023-08-12 07:24:00",
      "origin_max": "2024-02-04 10:55:00",
      "target_min": "2023-08-12 07:29:00",
      "target_max": "2024-02-04 11:00:00"
    },
    "inner0_train": {
      "n": 4240,
      "membership_hash": "c1a4e771c1a038bd72f692838b5d8582f89cb22ed86367cf0f4b67f5ee82d04c",
      "row_id_hash": "d0fae55550952c749ca4cb3c93ec3f59e8b3a9f62c2bdde723c9cc80c6bf88de",
      "origin_min": "2023-07-26 15:24:00",
      "origin_max": "2023-07-30 22:55:00",
      "target_min": "2023-07-26 15:29:00",
      "target_max": "2023-07-30 23:00:00"
    },
    "inner0_validation": {
      "n": 4240,
      "membership_hash": "e3a07ebc686275bff2d1dc7d8558595990613af830655e24b8a205e8d43a0609",
      "row_id_hash": "28e29d294b80eeb6a5f8994b0744951494a3e4717e07f370f158f948a33d0e48",
      "origin_min": "2023-07-30 23:24:00",
      "origin_max": "2023-08-03 22:55:00",
      "target_min": "2023-07-30 23:29:00",
      "target_max": "2023-08-03 23:00:00"
    },
    "inner1_train": {
      "n": 8480,
      "membership_hash": "6e488b9c421d5b5bde8e49d51a5acc9fd405fbdec90e71ed8be66f739b614b6e",
      "row_id_hash": "2208aa8747a405f6e07db0aca45f47b897d2142c3d45af5770fdc650c204e411",
      "origin_min": "2023-07-26 15:24:00",
      "origin_max": "2023-08-03 22:55:00",
      "target_min": "2023-07-26 15:29:00",
      "target_max": "2023-08-03 23:00:00"
    },
    "inner1_validation": {
      "n": 4452,
      "membership_hash": "4ed20a262cd2134ba3c9e63f62e81a4e9e1ba38dc0ab4bbcbffcb4b038b50f0f",
      "row_id_hash": "f610fdc1f2fd8e841130d8948f2add6ece5b3ea6a1cb4ee8babd9615dfaf6e16",
      "origin_min": "2023-08-03 23:24:00",
      "origin_max": "2023-08-07 22:55:00",
      "target_min": "2023-08-03 23:29:00",
      "target_max": "2023-08-07 23:00:00"
    }
  }
}
{"command": ["C:/cfs_venv/Scripts/python.exe", "-B", "-m", "src.matched_forecasting005", "freeze", "--matrix", "C:\\Users\\nigel\\OneDrive\\Desktop\\GitHub\\confosense\\smart_building_conformal\\outputs\\amendment005\\support_design_v1\\experiment_matrix.csv", "--dataset", "rico", "--horizon", "5", "--outer-fold", "2", "--model-seed", "43", "--design-dir", "C:\\Users\\nigel\\OneDrive\\Desktop\\GitHub\\confosense\\smart_building_conformal\\protocols\\matched_forecasting005\\rico_h5_f2_s43_v1", "--authorization", "C:\\Users\\nigel\\OneDrive\\Desktop\\GitHub\\confosense\\smart_building_conformal\\configs\\matched_forecasting005_fold2_multiseed_authorization_v1.json"], "cwd": "C:\\Users\\nigel\\OneDrive\\Desktop\\GitHub\\confosense\\smart_building_conformal", "started_utc": "2026-09-13T22:35:54.490169+00:00", "logger_pid": 29560, "child_pid": 9488, "ended_utc": "2026-09-13T22:36:10.210316+00:00", "seconds": 15.72572599999694, "exit_status": 0}
{
  "first_unit_ready": true,
  "full_study_ready": false,
  "models_fitted": 0,
  "source_hash": "cd907183301a189ddfcc195774dad58c8fa07d5b326d2ac29cf3636383dc681e",
  "protocol_hash": "74eb284e91314998933d2de50059b1b6b26eb11ff0398586688a4f60985be4fd",
  "fresh_support_verified": true,
  "resources": {
    "rss_bytes": 427831296,
    "private_bytes": 383983616,
    "lifetime_peak_rss_bytes": 485466112,
    "available_ram_bytes": 4328435712,
    "physical_ram_bytes": 16890978304,
    "free_disk_bytes": 44961280000,
    "launch_ram_reference_bytes": 3221225472,
    "launch_ram_reference_met": true,
    "later_user_nonblocking_ram_instruction": true
  },
  "preparation_resources": {
    "seconds": 18.801907099994423,
    "baseline_rss_bytes": 324894720,
    "peak_rss_bytes": 469180416,
    "baseline_private_bytes": 282710016,
    "peak_private_bytes": 424988672,
    "incremental_peak_rss_bytes": 144285696,
    "lifetime_peak_rss_bytes": 485466112,
    "min_available_ram_bytes": 4202582016,
    "sample_interval_seconds": 0.05,
    "process_cpu_seconds": 18.21875
  },
  "expected_point_cells": 3,
  "expected_interval_cells": 6
}
{"command": ["C:/cfs_venv/Scripts/python.exe", "-B", "-m", "src.matched_forecasting005", "readiness", "--matrix", "C:\\Users\\nigel\\OneDrive\\Desktop\\GitHub\\confosense\\smart_building_conformal\\outputs\\amendment005\\support_design_v1\\experiment_matrix.csv", "--dataset", "rico", "--horizon", "5", "--outer-fold", "2", "--model-seed", "43", "--design-dir", "C:\\Users\\nigel\\OneDrive\\Desktop\\GitHub\\confosense\\smart_building_conformal\\protocols\\matched_forecasting005\\rico_h5_f2_s43_v1"], "cwd": "C:\\Users\\nigel\\OneDrive\\Desktop\\GitHub\\confosense\\smart_building_conformal", "started_utc": "2026-09-13T22:36:10.331699+00:00", "logger_pid": 9048, "child_pid": 17712, "ended_utc": "2026-09-13T22:36:33.379405+00:00", "seconds": 23.034510400000727, "exit_status": 0}
PREFLIGHT 4/52 rico_h5_f2_s43_v1
{
  "frozen": true,
  "models_fitted": 0,
  "data_hash": "7e4af27dc022bb221d3b1e6ac6c130c46417825d4cf4e768c0617fa61a5e9667",
  "role_bank_hash": "9518d3e3e4e1177df814581d4389340b2e13bea0f7456bc9375d6104e6e3bf31",
  "roles": {
    "fit": {
      "n": 12322,
      "membership_hash": "43b916ba9404ba05674434bee730459042f5429db85147bf7480e4994566518e",
      "row_id_hash": "78091d5eff830e5cec75e981f2374fa92a1411659cefc3dbe1f2a66d39d9d20a",
      "origin_min": "2023-07-26 15:24:00",
      "origin_max": "2023-08-07 22:45:00",
      "target_min": "2023-07-26 15:39:00",
      "target_max": "2023-08-07 23:00:00"
    },
    "calibration": {
      "n": 4242,
      "membership_hash": "33982386d1966661ed68b05d6d47cf1b0655579aae4145632efa839b722621cd",
      "row_id_hash": "b24b1ffac74ec3618d19e253737eb069d0f486f2215540f259dccc4a7533bdc7",
      "origin_min": "2023-08-07 23:24:00",
      "origin_max": "2023-08-12 02:45:00",
      "target_min": "2023-08-07 23:39:00",
      "target_max": "2023-08-12 03:00:00"
    },
    "test": {
      "n": 8282,
      "membership_hash": "94377b43ba0ad98a55be4a3e803052ff54825de93fe43932bd54dd5a5999210f",
      "row_id_hash": "70ee9d673d19e218dbcf71db42bc92f130090496931b95a3f5272b32330ac9ff",
      "origin_min": "2023-08-12 07:24:00",
      "origin_max": "2024-02-04 10:45:00",
      "target_min": "2023-08-12 07:39:00",
      "target_max": "2024-02-04 11:00:00"
    },
    "inner0_train": {
      "n": 4040,
      "membership_hash": "5829454b8cc8ac6982c945339d4310a9a179cdd14bcd461b9599ce0e6d31a025",
      "row_id_hash": "8b5377dedc5eef41e49d14b9d7048a8d4b20a24cc3f0213b3b402a19a9daf73e",
      "origin_min": "2023-07-26 15:24:00",
      "origin_max": "2023-07-30 22:45:00",
      "target_min": "2023-07-26 15:39:00",
      "target_max": "2023-07-30 23:00:00"
    },
    "inner0_validation": {
      "n": 4040,
      "membership_hash": "6649edb21bb9388ae4121dd285b20bb3005dcbe0c29f1f6f44aeabe295515229",
      "row_id_hash": "e40b4a7e2ed7d0eff6a01bcacf6dd491fd4801938e5c53b8aeade8bf81122560",
      "origin_min": "2023-07-30 23:24:00",
      "origin_max": "2023-08-03 22:45:00",
      "target_min": "2023-07-30 23:39:00",
      "target_max": "2023-08-03 23:00:00"
    },
    "inner1_train": {
      "n": 8080,
      "membership_hash": "f9a21800560e18a5ee7609e4a2a91977dcc135238791f272cd6cd8c2fe8fb273",
      "row_id_hash": "9180db22b831fe0e7ca58b24616399502cd01d6e796e73eda4fa4cf2184cfcec",
      "origin_min": "2023-07-26 15:24:00",
      "origin_max": "2023-08-03 22:45:00",
      "target_min": "2023-07-26 15:39:00",
      "target_max": "2023-08-03 23:00:00"
    },
    "inner1_validation": {
      "n": 4242,
      "membership_hash": "869e32a55876afd5037cfa569780a029ba6195f2b33156bd33c1e987f35d2fdc",
      "row_id_hash": "57e398b6b31b811e1694aff2168883e9bc8e05d8adeeda9dcf5e072c177a184c",
      "origin_min": "2023-08-03 23:24:00",
      "origin_max": "2023-08-07 22:45:00",
      "target_min": "2023-08-03 23:39:00",
      "target_max": "2023-08-07 23:00:00"
    }
  }
}
{"command": ["C:/cfs_venv/Scripts/python.exe", "-B", "-m", "src.matched_forecasting005", "freeze", "--matrix", "C:\\Users\\nigel\\OneDrive\\Desktop\\GitHub\\confosense\\smart_building_conformal\\outputs\\amendment005\\support_design_v1\\experiment_matrix.csv", "--dataset", "rico", "--horizon", "15", "--outer-fold", "2", "--model-seed", "43", "--design-dir", "C:\\Users\\nigel\\OneDrive\\Desktop\\GitHub\\confosense\\smart_building_conformal\\protocols\\matched_forecasting005\\rico_h15_f2_s43_v1", "--authorization", "C:\\Users\\nigel\\OneDrive\\Desktop\\GitHub\\confosense\\smart_building_conformal\\configs\\matched_forecasting005_fold2_multiseed_authorization_v1.json"], "cwd": "C:\\Users\\nigel\\OneDrive\\Desktop\\GitHub\\confosense\\smart_building_conformal", "started_utc": "2026-09-13T22:36:33.622923+00:00", "logger_pid": 4384, "child_pid": 15312, "ended_utc": "2026-09-13T22:36:49.712943+00:00", "seconds": 16.095105699998385, "exit_status": 0}
{
  "first_unit_ready": true,
  "full_study_ready": false,
  "models_fitted": 0,
  "source_hash": "cd907183301a189ddfcc195774dad58c8fa07d5b326d2ac29cf3636383dc681e",
  "protocol_hash": "6118ae753e7869a6676eab873bbd97832260b434782324da367a8542c2dd9c41",
  "fresh_support_verified": true,
  "resources": {
    "rss_bytes": 427229184,
    "private_bytes": 382988288,
    "lifetime_peak_rss_bytes": 487141376,
    "available_ram_bytes": 4304097280,
    "physical_ram_bytes": 16890978304,
    "free_disk_bytes": 44959133696,
    "launch_ram_reference_bytes": 3221225472,
    "launch_ram_reference_met": true,
    "later_user_nonblocking_ram_instruction": true
  },
  "preparation_resources": {
    "seconds": 18.237233300002117,
    "baseline_rss_bytes": 324833280,
    "peak_rss_bytes": 476540928,
    "baseline_private_bytes": 282640384,
    "peak_private_bytes": 428601344,
    "incremental_peak_rss_bytes": 151707648,
    "lifetime_peak_rss_bytes": 487141376,
    "min_available_ram_bytes": 4263051264,
    "sample_interval_seconds": 0.05,
    "process_cpu_seconds": 17.53125
  },
  "expected_point_cells": 3,
  "expected_interval_cells": 6
}
{"command": ["C:/cfs_venv/Scripts/python.exe", "-B", "-m", "src.matched_forecasting005", "readiness", "--matrix", "C:\\Users\\nigel\\OneDrive\\Desktop\\GitHub\\confosense\\smart_building_conformal\\outputs\\amendment005\\support_design_v1\\experiment_matrix.csv", "--dataset", "rico", "--horizon", "15", "--outer-fold", "2", "--model-seed", "43", "--design-dir", "C:\\Users\\nigel\\OneDrive\\Desktop\\GitHub\\confosense\\smart_building_conformal\\protocols\\matched_forecasting005\\rico_h15_f2_s43_v1"], "cwd": "C:\\Users\\nigel\\OneDrive\\Desktop\\GitHub\\confosense\\smart_building_conformal", "started_utc": "2026-09-13T22:36:49.827773+00:00", "logger_pid": 28788, "child_pid": 15176, "ended_utc": "2026-09-13T22:37:12.270390+00:00", "seconds": 22.439720100002887, "exit_status": 0}
PREFLIGHT 5/52 rico_h15_f2_s43_v1
{
  "frozen": true,
  "models_fitted": 0,
  "data_hash": "eeb750317701dae7f55594ab5587faa8c9ebea97e3975d6b334e974d3ade445f",
  "role_bank_hash": "1e2ca90b7a53d0080a55f9a00d7855611ae30d8d8cbc8448efdaed67a04ba02c",
  "roles": {
    "fit": {
      "n": 11407,
      "membership_hash": "3d3d4fbb4d8f672ec67c556a83ae19646d5a6de50b7cef115aeeb5cfb30d6489",
      "row_id_hash": "6694a63ad907e314cbbc07e2400b311ddd6b4f95f7a83bc06ccbfbeb0182f11d",
      "origin_min": "2023-07-26 15:24:00",
      "origin_max": "2023-08-07 22:30:00",
      "target_min": "2023-07-26 15:54:00",
      "target_max": "2023-08-07 23:00:00"
    },
    "calibration": {
      "n": 3927,
      "membership_hash": "1342cd8dc9aab44620a5efca7a56fe3be333047033313391a9fdd3a20a8b7ca6",
      "row_id_hash": "f9b289627840a6d96ddd5e6badfd891669d409792d950a9f947a49ad9da2cce1",
      "origin_min": "2023-08-07 23:24:00",
      "origin_max": "2023-08-12 02:30:00",
      "target_min": "2023-08-07 23:54:00",
      "target_max": "2023-08-12 03:00:00"
    },
    "test": {
      "n": 7667,
      "membership_hash": "4290f7193c9add8034e3beb246e9dc5ec1c5c7bc64043a75f4aef0370f2da91a",
      "row_id_hash": "c55446a7da7e2c214397a68556bddc7f23f1100285beae4d6b6b40dd40de0584",
      "origin_min": "2023-08-12 07:24:00",
      "origin_max": "2024-02-04 10:30:00",
      "target_min": "2023-08-12 07:54:00",
      "target_max": "2024-02-04 11:00:00"
    },
    "inner0_train": {
      "n": 3740,
      "membership_hash": "198603de0d21c28b727a91bb36f1d71531516714d0ef322aad814988637b63aa",
      "row_id_hash": "9d917672abf8233ef65c066aade1c65e97bc2f98f30ac865e3880f9148611e97",
      "origin_min": "2023-07-26 15:24:00",
      "origin_max": "2023-07-30 22:30:00",
      "target_min": "2023-07-26 15:54:00",
      "target_max": "2023-07-30 23:00:00"
    },
    "inner0_validation": {
      "n": 3740,
      "membership_hash": "1587766cd9a1b662669f11a62c95e7d2fd19b24001ef93ceaa6cfb25ca8059b0",
      "row_id_hash": "0097da66de91d3a060f37562847bdc9aac7b47a0108c449f7bb67c62b7b490ce",
      "origin_min": "2023-07-30 23:24:00",
      "origin_max": "2023-08-03 22:30:00",
      "target_min": "2023-07-30 23:54:00",
      "target_max": "2023-08-03 23:00:00"
    },
    "inner1_train": {
      "n": 7480,
      "membership_hash": "e8aa89ac449919910789c941c06679a8faba7d42a3be6a5e7d1c598619b933ac",
      "row_id_hash": "39428fb6ae40555288f096d7afd6fd9eb71c9e5d48b714de4c1f38d81aebc06c",
      "origin_min": "2023-07-26 15:24:00",
      "origin_max": "2023-08-03 22:30:00",
      "target_min": "2023-07-26 15:54:00",
      "target_max": "2023-08-03 23:00:00"
    },
    "inner1_validation": {
      "n": 3927,
      "membership_hash": "0c1086ba100d4a63d10c3054ddcf3d1803ca6464fc6960b4acbf90b625f25618",
      "row_id_hash": "776e68499bf8cfa868629e2b39477d8a3b6a9656f0f716467b99404358cfdea4",
      "origin_min": "2023-08-03 23:24:00",
      "origin_max": "2023-08-07 22:30:00",
      "target_min": "2023-08-03 23:54:00",
      "target_max": "2023-08-07 23:00:00"
    }
  }
}
{"command": ["C:/cfs_venv/Scripts/python.exe", "-B", "-m", "src.matched_forecasting005", "freeze", "--matrix", "C:\\Users\\nigel\\OneDrive\\Desktop\\GitHub\\confosense\\smart_building_conformal\\outputs\\amendment005\\support_design_v1\\experiment_matrix.csv", "--dataset", "rico", "--horizon", "30", "--outer-fold", "2", "--model-seed", "43", "--design-dir", "C:\\Users\\nigel\\OneDrive\\Desktop\\GitHub\\confosense\\smart_building_conformal\\protocols\\matched_forecasting005\\rico_h30_f2_s43_v1", "--authorization", "C:\\Users\\nigel\\OneDrive\\Desktop\\GitHub\\confosense\\smart_building_conformal\\configs\\matched_forecasting005_fold2_multiseed_authorization_v1.json"], "cwd": "C:\\Users\\nigel\\OneDrive\\Desktop\\GitHub\\confosense\\smart_building_conformal", "started_utc": "2026-09-13T22:37:12.491953+00:00", "logger_pid": 4120, "child_pid": 28844, "ended_utc": "2026-09-13T22:37:26.731050+00:00", "seconds": 14.239032000004954, "exit_status": 0}
{
  "first_unit_ready": true,
  "full_study_ready": false,
  "models_fitted": 0,
  "source_hash": "cd907183301a189ddfcc195774dad58c8fa07d5b326d2ac29cf3636383dc681e",
  "protocol_hash": "050b5ce09462d58b7bce831cbc47f90ab7c8a1dad2cdbf0f11daf141c77b099b",
  "fresh_support_verified": true,
  "resources": {
    "rss_bytes": 425951232,
    "private_bytes": 379961344,
    "lifetime_peak_rss_bytes": 482725888,
    "available_ram_bytes": 4323303424,
    "physical_ram_bytes": 16890978304,
    "free_disk_bytes": 44957085696,
    "launch_ram_reference_bytes": 3221225472,
    "launch_ram_reference_met": true,
    "later_user_nonblocking_ram_instruction": true
  },
  "preparation_resources": {
    "seconds": 17.075083099996846,
    "baseline_rss_bytes": 324476928,
    "peak_rss_bytes": 468426752,
    "baseline_private_bytes": 282828800,
    "peak_private_bytes": 421142528,
    "incremental_peak_rss_bytes": 143949824,
    "lifetime_peak_rss_bytes": 482725888,
    "min_available_ram_bytes": 4291780608,
    "sample_interval_seconds": 0.05,
    "process_cpu_seconds": 16.6875
  },
  "expected_point_cells": 3,
  "expected_interval_cells": 6
}
{"command": ["C:/cfs_venv/Scripts/python.exe", "-B", "-m", "src.matched_forecasting005", "readiness", "--matrix", "C:\\Users\\nigel\\OneDrive\\Desktop\\GitHub\\confosense\\smart_building_conformal\\outputs\\amendment005\\support_design_v1\\experiment_matrix.csv", "--dataset", "rico", "--horizon", "30", "--outer-fold", "2", "--model-seed", "43", "--design-dir", "C:\\Users\\nigel\\OneDrive\\Desktop\\GitHub\\confosense\\smart_building_conformal\\protocols\\matched_forecasting005\\rico_h30_f2_s43_v1"], "cwd": "C:\\Users\\nigel\\OneDrive\\Desktop\\GitHub\\confosense\\smart_building_conformal", "started_utc": "2026-09-13T22:37:26.844875+00:00", "logger_pid": 7312, "child_pid": 15500, "ended_utc": "2026-09-13T22:37:48.039591+00:00", "seconds": 21.194414300000062, "exit_status": 0}
PREFLIGHT 6/52 rico_h30_f2_s43_v1
{
  "frozen": true,
  "models_fitted": 0,
  "data_hash": "0c5fe27756b43d49f61814b8caa31857212c601f949748975dc68470e36cac57",
  "role_bank_hash": "639ceecb5bf9b521418ca6a7fdd7b58284343f14208c4fd7e92beae3218dfb9b",
  "roles": {
    "fit": {
      "n": 9577,
      "membership_hash": "3b2ee7b2aa12c1ffb1d92fa0d145bb40ec7eda5553d5aea200e775ff319f45fe",
      "row_id_hash": "917983dc467388ac885978e9b74c0f5ae88208d9e772efb9a39ac7017ffda1e5",
      "origin_min": "2023-07-26 15:24:00",
      "origin_max": "2023-08-07 22:00:00",
      "target_min": "2023-07-26 16:24:00",
      "target_max": "2023-08-07 23:00:00"
    },
    "calibration": {
      "n": 3297,
      "membership_hash": "19a46d1f1e763d33d1e2c9dbf5a850710435131d3255b74cb7409a8b19d08a11",
      "row_id_hash": "4a3e49a4d097af747bc134411c84fb6696c6a47b21c1662b14e547fb2301bda0",
      "origin_min": "2023-08-07 23:24:00",
      "origin_max": "2023-08-12 02:00:00",
      "target_min": "2023-08-08 00:24:00",
      "target_max": "2023-08-12 03:00:00"
    },
    "test": {
      "n": 6437,
      "membership_hash": "96e3e48ce62ca523eaae571b05e9ad301988a1f12a3ac66ae726426480decd2d",
      "row_id_hash": "11822b6b9a8ddf1e52a552fb0d6807f186a45a3e449b33787f74c1ab55098a86",
      "origin_min": "2023-08-12 07:24:00",
      "origin_max": "2024-02-04 10:00:00",
      "target_min": "2023-08-12 08:24:00",
      "target_max": "2024-02-04 11:00:00"
    },
    "inner0_train": {
      "n": 3140,
      "membership_hash": "e1a9b7343d9985a4ced316edb7ca5ace194bf2d2e7e084f168c35f13e080aa6d",
      "row_id_hash": "906ab9a1ce19f9094aefe6e85d3d493ca1b0ddbbfc4ec199202eb446fe8e10a3",
      "origin_min": "2023-07-26 15:24:00",
      "origin_max": "2023-07-30 22:00:00",
      "target_min": "2023-07-26 16:24:00",
      "target_max": "2023-07-30 23:00:00"
    },
    "inner0_validation": {
      "n": 3140,
      "membership_hash": "39d39957ce206e9dc8190020883a07fd168cf109f8d1fef65ca5b15ba45f3e7b",
      "row_id_hash": "406473e2a41452b02d46fde11295f5af4f59560a02cff20d21cc7edb15b284d6",
      "origin_min": "2023-07-30 23:24:00",
      "origin_max": "2023-08-03 22:00:00",
      "target_min": "2023-07-31 00:24:00",
      "target_max": "2023-08-03 23:00:00"
    },
    "inner1_train": {
      "n": 6280,
      "membership_hash": "c3047313f13abd432da4994930a13dcfbc9e03a7b7b859795cb091b4566b1a2c",
      "row_id_hash": "1291fe31555aec90de912a6b974688464079c6c237fe80da5387b28dbf887b01",
      "origin_min": "2023-07-26 15:24:00",
      "origin_max": "2023-08-03 22:00:00",
      "target_min": "2023-07-26 16:24:00",
      "target_max": "2023-08-03 23:00:00"
    },
    "inner1_validation": {
      "n": 3297,
      "membership_hash": "a6ae4c6f274995caa3ad0f21a8955eef12dc85407e9117f47e34988102374fe8",
      "row_id_hash": "b2de499abb1d5fd66ddd772d071f835e97be3afc0f2f49bebe556b036ece718e",
      "origin_min": "2023-08-03 23:24:00",
      "origin_max": "2023-08-07 22:00:00",
      "target_min": "2023-08-04 00:24:00",
      "target_max": "2023-08-07 23:00:00"
    }
  }
}
{"command": ["C:/cfs_venv/Scripts/python.exe", "-B", "-m", "src.matched_forecasting005", "freeze", "--matrix", "C:\\Users\\nigel\\OneDrive\\Desktop\\GitHub\\confosense\\smart_building_conformal\\outputs\\amendment005\\support_design_v1\\experiment_matrix.csv", "--dataset", "rico", "--horizon", "60", "--outer-fold", "2", "--model-seed", "43", "--design-dir", "C:\\Users\\nigel\\OneDrive\\Desktop\\GitHub\\confosense\\smart_building_conformal\\protocols\\matched_forecasting005\\rico_h60_f2_s43_v1", "--authorization", "C:\\Users\\nigel\\OneDrive\\Desktop\\GitHub\\confosense\\smart_building_conformal\\configs\\matched_forecasting005_fold2_multiseed_authorization_v1.json"], "cwd": "C:\\Users\\nigel\\OneDrive\\Desktop\\GitHub\\confosense\\smart_building_conformal", "started_utc": "2026-09-13T22:37:48.277336+00:00", "logger_pid": 29308, "child_pid": 4128, "ended_utc": "2026-09-13T22:38:01.989569+00:00", "seconds": 13.721160000000964, "exit_status": 0}
{
  "first_unit_ready": true,
  "full_study_ready": false,
  "models_fitted": 0,
  "source_hash": "cd907183301a189ddfcc195774dad58c8fa07d5b326d2ac29cf3636383dc681e",
  "protocol_hash": "85ad761357274da3f86ef8417ede058f4bfe3615117513b11d0b1ac2c3765dfe",
  "fresh_support_verified": true,
  "resources": {
    "rss_bytes": 420274176,
    "private_bytes": 372977664,
    "lifetime_peak_rss_bytes": 474030080,
    "available_ram_bytes": 4285837312,
    "physical_ram_bytes": 16890978304,
    "free_disk_bytes": 44955295744,
    "launch_ram_reference_bytes": 3221225472,
    "launch_ram_reference_met": true,
    "later_user_nonblocking_ram_instruction": true
  },
  "preparation_resources": {
    "seconds": 16.83474519999436,
    "baseline_rss_bytes": 324890624,
    "peak_rss_bytes": 466759680,
    "baseline_private_bytes": 282554368,
    "peak_private_bytes": 419274752,
    "incremental_peak_rss_bytes": 141869056,
    "lifetime_peak_rss_bytes": 474030080,
    "min_available_ram_bytes": 4235894784,
    "sample_interval_seconds": 0.05,
    "process_cpu_seconds": 16.390625
  },
  "expected_point_cells": 3,
  "expected_interval_cells": 6
}
{"command": ["C:/cfs_venv/Scripts/python.exe", "-B", "-m", "src.matched_forecasting005", "readiness", "--matrix", "C:\\Users\\nigel\\OneDrive\\Desktop\\GitHub\\confosense\\smart_building_conformal\\outputs\\amendment005\\support_design_v1\\experiment_matrix.csv", "--dataset", "rico", "--horizon", "60", "--outer-fold", "2", "--model-seed", "43", "--design-dir", "C:\\Users\\nigel\\OneDrive\\Desktop\\GitHub\\confosense\\smart_building_conformal\\protocols\\matched_forecasting005\\rico_h60_f2_s43_v1"], "cwd": "C:\\Users\\nigel\\OneDrive\\Desktop\\GitHub\\confosense\\smart_building_conformal", "started_utc": "2026-09-13T22:38:02.123769+00:00", "logger_pid": 6888, "child_pid": 25820, "ended_utc": "2026-09-13T22:38:23.219395+00:00", "seconds": 21.095880499997293, "exit_status": 0}
PREFLIGHT 7/52 rico_h60_f2_s43_v1
{
  "frozen": true,
  "models_fitted": 0,
  "data_hash": "fa848b25f5d2ffb553914a71627dd43e06a0209f876a4c92fe46cfd09cfb3a4b",
  "role_bank_hash": "dc1777931a9ff3ea7618ea2f42593508ea058ed2eee51e5d7da3023e49b50342",
  "roles": {
    "fit": {
      "n": 51664,
      "membership_hash": "6e0d45c48d3a4b44d9f76f6b73bcfa544059c044e4fcb2bb043113a3ea0c98b3",
      "row_id_hash": "a768c33faacf5ee1c4dc438e25212bf45d7ea78dfea5619e155deb5319db6fde",
      "origin_min": "2016-01-07 23:00:00",
      "origin_max": "2016-08-12 00:00:00",
      "target_min": "2016-01-08 00:00:00",
      "target_max": "2016-08-12 01:00:00"
    },
    "calibration": {
      "n": 17370,
      "membership_hash": "6a3ee02d97428f6ac606609430e38532655800cc84db58c3aa6ea5cd92b5b046",
      "row_id_hash": "26c6b13b52297d2afd3247d44c89c4f19830685e9ff40c4c6362776af4a4537a",
      "origin_min": "2016-08-12 03:00:00",
      "origin_max": "2016-10-23 11:00:00",
      "target_min": "2016-08-12 04:00:00",
      "target_max": "2016-10-23 12:00:00"
    },
    "test": {
      "n": 34640,
      "membership_hash": "c0a9c62ab5c2c19e2bcda261042739e825c4525966fbd8708bf07bb1a963c3a3",
      "row_id_hash": "b57c00d734ecf2193bf555669b2e5662f0e8634317096680bd62d91bca9d41b9",
      "origin_min": "2016-10-23 13:00:00",
      "origin_max": "2017-03-17 07:00:00",
      "target_min": "2016-10-23 14:00:00",
      "target_max": "2017-03-17 08:00:00"
    },
    "inner0_train": {
      "n": 17103,
      "membership_hash": "3b0ce3c40fb104a4f9776689f902c2ebe24fb8f34c3c1dee00a43f065304be50",
      "row_id_hash": "39798ad61dbc450c98f123d94ad9dd68d17987e19b2eba92912c07cd4315061a",
      "origin_min": "2016-01-07 23:00:00",
      "origin_max": "2016-03-20 05:00:00",
      "target_min": "2016-01-08 00:00:00",
      "target_max": "2016-03-20 06:00:00"
    },
    "inner0_validation": {
      "n": 17225,
      "membership_hash": "5107d05697add3596888e9689d63abf9f53717168f4d4e2512a41f0ed22456bf",
      "row_id_hash": "7f1a703b31df6c2e9b0965dafe1ac65d9043ef8e91b79743ba2c5671dd174389",
      "origin_min": "2016-03-20 07:00:00",
      "origin_max": "2016-05-31 14:00:00",
      "target_min": "2016-03-20 08:00:00",
      "target_max": "2016-05-31 15:00:00"
    },
    "inner1_train": {
      "n": 34328,
      "membership_hash": "e84068cb2e5bb9ddf91d2e95c8970ef283ab8f0917ce39666fca328339caea80",
      "row_id_hash": "2a9ec624a426e36fb1aa25c4c6154cd94037384dc1380aca8518429489b22811",
      "origin_min": "2016-01-07 23:00:00",
      "origin_max": "2016-05-31 14:00:00",
      "target_min": "2016-01-08 00:00:00",
      "target_max": "2016-05-31 15:00:00"
    },
    "inner1_validation": {
      "n": 17316,
      "membership_hash": "69372493d379fab7967b2ee8f30590cb6c7908fa72c8046b7992da14d71184e0",
      "row_id_hash": "870d2f28235a81b4591b8c3e267d4762572c5b01721d5748e2c50872ca667b5a",
      "origin_min": "2016-05-31 16:00:00",
      "origin_max": "2016-08-12 00:00:00",
      "target_min": "2016-05-31 17:00:00",
      "target_max": "2016-08-12 01:00:00"
    }
  }
}
{"command": ["C:/cfs_venv/Scripts/python.exe", "-B", "-m", "src.matched_forecasting005", "freeze", "--matrix", "C:\\Users\\nigel\\OneDrive\\Desktop\\GitHub\\confosense\\smart_building_conformal\\outputs\\amendment005\\support_design_v1\\experiment_matrix.csv", "--dataset", "bdg2", "--horizon", "1", "--outer-fold", "2", "--model-seed", "43", "--design-dir", "C:\\Users\\nigel\\OneDrive\\Desktop\\GitHub\\confosense\\smart_building_conformal\\protocols\\matched_forecasting005\\bdg2_h1_f2_s43_v1", "--authorization", "C:\\Users\\nigel\\OneDrive\\Desktop\\GitHub\\confosense\\smart_building_conformal\\configs\\matched_forecasting005_fold2_multiseed_authorization_v1.json"], "cwd": "C:\\Users\\nigel\\OneDrive\\Desktop\\GitHub\\confosense\\smart_building_conformal", "started_utc": "2026-09-13T22:38:23.447137+00:00", "logger_pid": 28604, "child_pid": 16764, "ended_utc": "2026-09-13T22:38:46.334243+00:00", "seconds": 22.888155000000552, "exit_status": 0}
{
  "first_unit_ready": true,
  "full_study_ready": false,
  "models_fitted": 0,
  "source_hash": "cd907183301a189ddfcc195774dad58c8fa07d5b326d2ac29cf3636383dc681e",
  "protocol_hash": "58027826a3a98cb7b4370662f19aaa693ba6370fe417a19ca4c32b3141872a0e",
  "fresh_support_verified": true,
  "resources": {
    "rss_bytes": 442568704,
    "private_bytes": 400109568,
    "lifetime_peak_rss_bytes": 1032298496,
    "available_ram_bytes": 4364300288,
    "physical_ram_bytes": 16890978304,
    "free_disk_bytes": 44946563072,
    "launch_ram_reference_bytes": 3221225472,
    "launch_ram_reference_met": true,
    "later_user_nonblocking_ram_instruction": true
  },
  "preparation_resources": {
    "seconds": 16.791797099998803,
    "baseline_rss_bytes": 325431296,
    "peak_rss_bytes": 972963840,
    "baseline_private_bytes": 283021312,
    "peak_private_bytes": 997273600,
    "incremental_peak_rss_bytes": 647532544,
    "lifetime_peak_rss_bytes": 1032298496,
    "min_available_ram_bytes": 3843895296,
    "sample_interval_seconds": 0.05,
    "process_cpu_seconds": 16.296875
  },
  "expected_point_cells": 3,
  "expected_interval_cells": 6
}
{"command": ["C:/cfs_venv/Scripts/python.exe", "-B", "-m", "src.matched_forecasting005", "readiness", "--matrix", "C:\\Users\\nigel\\OneDrive\\Desktop\\GitHub\\confosense\\smart_building_conformal\\outputs\\amendment005\\support_design_v1\\experiment_matrix.csv", "--dataset", "bdg2", "--horizon", "1", "--outer-fold", "2", "--model-seed", "43", "--design-dir", "C:\\Users\\nigel\\OneDrive\\Desktop\\GitHub\\confosense\\smart_building_conformal\\protocols\\matched_forecasting005\\bdg2_h1_f2_s43_v1"], "cwd": "C:\\Users\\nigel\\OneDrive\\Desktop\\GitHub\\confosense\\smart_building_conformal", "started_utc": "2026-09-13T22:38:46.451647+00:00", "logger_pid": 3112, "child_pid": 29204, "ended_utc": "2026-09-13T22:39:07.375966+00:00", "seconds": 20.922518500003207, "exit_status": 0}
PREFLIGHT 8/52 bdg2_h1_f2_s43_v1
{
  "frozen": true,
  "models_fitted": 0,
  "data_hash": "9f5a2d248e63aadf2db9e2701591a2d16924b87085f18ded69819a86cfadad9c",
  "role_bank_hash": "c1131a9d34af97210a5165e90d03721d8528ad05e9579d3299c486047d4e9b55",
  "roles": {
    "fit": {
      "n": 51634,
      "membership_hash": "24548642307cad42aa249770e9c2f9976be06ca00a3344af4cc76eb72d8340b5",
      "row_id_hash": "ffa384f38312c9dc3d731360d923fcf346a931431bf149fc831c4adea813d691",
      "origin_min": "2016-01-07 21:00:00",
      "origin_max": "2016-08-11 19:00:00",
      "target_min": "2016-01-08 00:00:00",
      "target_max": "2016-08-11 22:00:00"
    },
    "calibration": {
      "n": 17360,
      "membership_hash": "d0abd97ca8d625e40fb2a1cb4a703de04db6f055eefe3ab56cd15b66319b5aba",
      "row_id_hash": "863c0af90269298b0e6f5a2f56b55eaff6d6133311914cf4e057fa69feec07d4",
      "origin_min": "2016-08-12 00:00:00",
      "origin_max": "2016-10-23 07:00:00",
      "target_min": "2016-08-12 03:00:00",
      "target_max": "2016-10-23 10:00:00"
    },
    "test": {
      "n": 34640,
      "membership_hash": "ac209fd38c4629ceb7d8ca27dc61c0e078efffe969b14c5a757d27aa8ff1b6c5",
      "row_id_hash": "c96bb83824e1a9ba2a796cae7018992bad567e577c67a2840e377bec1990828c",
      "origin_min": "2016-10-23 11:00:00",
      "origin_max": "2017-03-17 05:00:00",
      "target_min": "2016-10-23 14:00:00",
      "target_max": "2017-03-17 08:00:00"
    },
    "inner0_train": {
      "n": 17073,
      "membership_hash": "8e295ef626f371c07b1ec49afd7f2693659cd6afde4f22be484735f11239b065",
      "row_id_hash": "e1dc0b63558312fca058d40b4bfa82e47e74c4313fcadb1123b077c3d0c819f3",
      "origin_min": "2016-01-07 21:00:00",
      "origin_max": "2016-03-20 00:00:00",
      "target_min": "2016-01-08 00:00:00",
      "target_max": "2016-03-20 03:00:00"
    },
    "inner0_validation": {
      "n": 17195,
      "membership_hash": "c1889776e05fcec42d92ea64731f69999ff88e2a223554807aa3617934c1addb",
      "row_id_hash": "3e1e48c2f2fee5c8f54852c9b499600ff5daf14d9974942119e4e5e818d41013",
      "origin_min": "2016-03-20 04:00:00",
      "origin_max": "2016-05-31 08:00:00",
      "target_min": "2016-03-20 07:00:00",
      "target_max": "2016-05-31 11:00:00"
    },
    "inner1_train": {
      "n": 34268,
      "membership_hash": "95b32a00537cd05f86880ccdef0381bf1831d69289c8361feb735b598d2d9ff1",
      "row_id_hash": "6a6104fa7e43733847fe9b10a19040ca38296c59a9f9056b38739bc2e0aab954",
      "origin_min": "2016-01-07 21:00:00",
      "origin_max": "2016-05-31 08:00:00",
      "target_min": "2016-01-08 00:00:00",
      "target_max": "2016-05-31 11:00:00"
    },
    "inner1_validation": {
      "n": 17306,
      "membership_hash": "5974dd749dae94b806e58e7445c48c198e82f3cba50cd0d6c54572d87fcd2191",
      "row_id_hash": "ce214c17538c51e016a687e3548b8d719a95205251378923f0db0f3b4a862fb9",
      "origin_min": "2016-05-31 12:00:00",
      "origin_max": "2016-08-11 19:00:00",
      "target_min": "2016-05-31 15:00:00",
      "target_max": "2016-08-11 22:00:00"
    }
  }
}
{"command": ["C:/cfs_venv/Scripts/python.exe", "-B", "-m", "src.matched_forecasting005", "freeze", "--matrix", "C:\\Users\\nigel\\OneDrive\\Desktop\\GitHub\\confosense\\smart_building_conformal\\outputs\\amendment005\\support_design_v1\\experiment_matrix.csv", "--dataset", "bdg2", "--horizon", "3", "--outer-fold", "2", "--model-seed", "43", "--design-dir", "C:\\Users\\nigel\\OneDrive\\Desktop\\GitHub\\confosense\\smart_building_conformal\\protocols\\matched_forecasting005\\bdg2_h3_f2_s43_v1", "--authorization", "C:\\Users\\nigel\\OneDrive\\Desktop\\GitHub\\confosense\\smart_building_conformal\\configs\\matched_forecasting005_fold2_multiseed_authorization_v1.json"], "cwd": "C:\\Users\\nigel\\OneDrive\\Desktop\\GitHub\\confosense\\smart_building_conformal", "started_utc": "2026-09-13T22:39:07.600278+00:00", "logger_pid": 2312, "child_pid": 23996, "ended_utc": "2026-09-13T22:39:30.260370+00:00", "seconds": 22.663106100000732, "exit_status": 0}
{
  "first_unit_ready": true,
  "full_study_ready": false,
  "models_fitted": 0,
  "source_hash": "cd907183301a189ddfcc195774dad58c8fa07d5b326d2ac29cf3636383dc681e",
  "protocol_hash": "6225a33e725729d2d0c357a6cdf095480c5fe7a60e3289df38edacdb5f0da356",
  "fresh_support_verified": true,
  "resources": {
    "rss_bytes": 443162624,
    "private_bytes": 400302080,
    "lifetime_peak_rss_bytes": 1033158656,
    "available_ram_bytes": 4351078400,
    "physical_ram_bytes": 16890978304,
    "free_disk_bytes": 44937768960,
    "launch_ram_reference_bytes": 3221225472,
    "launch_ram_reference_met": true,
    "later_user_nonblocking_ram_instruction": true
  },
  "preparation_resources": {
    "seconds": 17.311791200001608,
    "baseline_rss_bytes": 324661248,
    "peak_rss_bytes": 999038976,
    "baseline_private_bytes": 282509312,
    "peak_private_bytes": 999673856,
    "incremental_peak_rss_bytes": 674377728,
    "lifetime_peak_rss_bytes": 1033158656,
    "min_available_ram_bytes": 3814662144,
    "sample_interval_seconds": 0.05,
    "process_cpu_seconds": 16.15625
  },
  "expected_point_cells": 3,
  "expected_interval_cells": 6
}
{"command": ["C:/cfs_venv/Scripts/python.exe", "-B", "-m", "src.matched_forecasting005", "readiness", "--matrix", "C:\\Users\\nigel\\OneDrive\\Desktop\\GitHub\\confosense\\smart_building_conformal\\outputs\\amendment005\\support_design_v1\\experiment_matrix.csv", "--dataset", "bdg2", "--horizon", "3", "--outer-fold", "2", "--model-seed", "43", "--design-dir", "C:\\Users\\nigel\\OneDrive\\Desktop\\GitHub\\confosense\\smart_building_conformal\\protocols\\matched_forecasting005\\bdg2_h3_f2_s43_v1"], "cwd": "C:\\Users\\nigel\\OneDrive\\Desktop\\GitHub\\confosense\\smart_building_conformal", "started_utc": "2026-09-13T22:39:30.369457+00:00", "logger_pid": 15340, "child_pid": 2656, "ended_utc": "2026-09-13T22:39:51.827627+00:00", "seconds": 21.45371719999821, "exit_status": 0}
PREFLIGHT 9/52 bdg2_h3_f2_s43_v1
{
  "frozen": true,
  "models_fitted": 0,
  "data_hash": "79cd64593080031680a39460f2948bf4cd4b4562c85f66f5d8f6565610b946b8",
  "role_bank_hash": "9abcf13664a5dbd8c96c390b879095bce984f2809c147423d9338c3ecce0555b",
  "roles": {
    "fit": {
      "n": 51584,
      "membership_hash": "ee0d65d4d8fd886cddd0836feb6cc554b3a0668bb8646e26ad368612e89933cf",
      "row_id_hash": "2238d76a4dbf3773688730ddc491de3cefe37795d6a581e2848ae721c331e6bf",
      "origin_min": "2016-01-07 18:00:00",
      "origin_max": "2016-08-11 11:00:00",
      "target_min": "2016-01-08 00:00:00",
      "target_max": "2016-08-11 17:00:00"
    },
    "calibration": {
      "n": 17350,
      "membership_hash": "cb99d3f6083f8add3d0568883b9be9ed322386b154e74837371f8bb0570068e3",
      "row_id_hash": "aa683503ff148880151cae8fc08bfc24515ae8c36edb5767a336c52e0cdd96ed",
      "origin_min": "2016-08-11 19:00:00",
      "origin_max": "2016-10-23 01:00:00",
      "target_min": "2016-08-12 01:00:00",
      "target_max": "2016-10-23 07:00:00"
    },
    "test": {
      "n": 34640,
      "membership_hash": "d2c8963470de5f63c6abdd989a9a7e8e9784ee1b533d376fa55278f758ab13ef",
      "row_id_hash": "37fd04542c9ea0f00adda74f2d1670855cd47ee8d91e3a242b6c76c5ce0d762f",
      "origin_min": "2016-10-23 08:00:00",
      "origin_max": "2017-03-17 02:00:00",
      "target_min": "2016-10-23 14:00:00",
      "target_max": "2017-03-17 08:00:00"
    },
    "inner0_train": {
      "n": 17033,
      "membership_hash": "f02c7d71705a3d16569d09c94aa6c7fb805b688993dc198b089dcc5412c536ac",
      "row_id_hash": "8ca497a9ec0ddfa4978eff0e12b817bc3d8788f0c11d3e52e52fc002b3b19c38",
      "origin_min": "2016-01-07 18:00:00",
      "origin_max": "2016-03-19 17:00:00",
      "target_min": "2016-01-08 00:00:00",
      "target_max": "2016-03-19 23:00:00"
    },
    "inner0_validation": {
      "n": 17145,
      "membership_hash": "6ddab6cde7fed95f1e35d8f0d2de163d9dfa7e49b74cc1fe856e19a448cc3e0d",
      "row_id_hash": "a8bce31b5505b65db6595bffdb69845940891da0b8f2b8d6250d99ce20b5dfdd",
      "origin_min": "2016-03-20 00:00:00",
      "origin_max": "2016-05-30 23:00:00",
      "target_min": "2016-03-20 06:00:00",
      "target_max": "2016-05-31 05:00:00"
    },
    "inner1_train": {
      "n": 34178,
      "membership_hash": "c721e4717a3a7db386cdb7de77770e79babb33f799d974a9fc843c6e093156f0",
      "row_id_hash": "e68a0b396351fba557fbf54a0dece8e1c5545ebb7b8a096a7e1cd6d0fc3eb0dc",
      "origin_min": "2016-01-07 18:00:00",
      "origin_max": "2016-05-30 23:00:00",
      "target_min": "2016-01-08 00:00:00",
      "target_max": "2016-05-31 05:00:00"
    },
    "inner1_validation": {
      "n": 17286,
      "membership_hash": "d9afb522d74237fbcb0085a235ee27867d8cc18c0b883edd9a4606f91b4382ee",
      "row_id_hash": "decf7a3acf92420ae63e05af24db95ff28729fcdf67cd117b4ecbe0ba825a85f",
      "origin_min": "2016-05-31 06:00:00",
      "origin_max": "2016-08-11 11:00:00",
      "target_min": "2016-05-31 12:00:00",
      "target_max": "2016-08-11 17:00:00"
    }
  }
}
{"command": ["C:/cfs_venv/Scripts/python.exe", "-B", "-m", "src.matched_forecasting005", "freeze", "--matrix", "C:\\Users\\nigel\\OneDrive\\Desktop\\GitHub\\confosense\\smart_building_conformal\\outputs\\amendment005\\support_design_v1\\experiment_matrix.csv", "--dataset", "bdg2", "--horizon", "6", "--outer-fold", "2", "--model-seed", "43", "--design-dir", "C:\\Users\\nigel\\OneDrive\\Desktop\\GitHub\\confosense\\smart_building_conformal\\protocols\\matched_forecasting005\\bdg2_h6_f2_s43_v1", "--authorization", "C:\\Users\\nigel\\OneDrive\\Desktop\\GitHub\\confosense\\smart_building_conformal\\configs\\matched_forecasting005_fold2_multiseed_authorization_v1.json"], "cwd": "C:\\Users\\nigel\\OneDrive\\Desktop\\GitHub\\confosense\\smart_building_conformal", "started_utc": "2026-09-13T22:39:52.065803+00:00", "logger_pid": 24792, "child_pid": 28372, "ended_utc": "2026-09-13T22:40:15.144336+00:00", "seconds": 23.07957919999899, "exit_status": 0}
{
  "first_unit_ready": true,
  "full_study_ready": false,
  "models_fitted": 0,
  "source_hash": "cd907183301a189ddfcc195774dad58c8fa07d5b326d2ac29cf3636383dc681e",
  "protocol_hash": "077b77572186c5f9d9893e3c98265d76a061cc7ec7c7da76d384cccbee2ffa0f",
  "fresh_support_verified": true,
  "resources": {
    "rss_bytes": 444059648,
    "private_bytes": 401870848,
    "lifetime_peak_rss_bytes": 1031761920,
    "available_ram_bytes": 4350193664,
    "physical_ram_bytes": 16890978304,
    "free_disk_bytes": 44929028096,
    "launch_ram_reference_bytes": 3221225472,
    "launch_ram_reference_met": true,
    "later_user_nonblocking_ram_instruction": true
  },
  "preparation_resources": {
    "seconds": 17.290348800001084,
    "baseline_rss_bytes": 325165056,
    "peak_rss_bytes": 1021808640,
    "baseline_private_bytes": 283148288,
    "peak_private_bytes": 993656832,
    "incremental_peak_rss_bytes": 696643584,
    "lifetime_peak_rss_bytes": 1031761920,
    "min_available_ram_bytes": 3782922240,
    "sample_interval_seconds": 0.05,
    "process_cpu_seconds": 16.421875
  },
  "expected_point_cells": 3,
  "expected_interval_cells": 6
}
{"command": ["C:/cfs_venv/Scripts/python.exe", "-B", "-m", "src.matched_forecasting005", "readiness", "--matrix", "C:\\Users\\nigel\\OneDrive\\Desktop\\GitHub\\confosense\\smart_building_conformal\\outputs\\amendment005\\support_design_v1\\experiment_matrix.csv", "--dataset", "bdg2", "--horizon", "6", "--outer-fold", "2", "--model-seed", "43", "--design-dir", "C:\\Users\\nigel\\OneDrive\\Desktop\\GitHub\\confosense\\smart_building_conformal\\protocols\\matched_forecasting005\\bdg2_h6_f2_s43_v1"], "cwd": "C:\\Users\\nigel\\OneDrive\\Desktop\\GitHub\\confosense\\smart_building_conformal", "started_utc": "2026-09-13T22:40:15.259532+00:00", "logger_pid": 16488, "child_pid": 10072, "ended_utc": "2026-09-13T22:40:36.825735+00:00", "seconds": 21.568023100000573, "exit_status": 0}
PREFLIGHT 10/52 bdg2_h6_f2_s43_v1
{
  "frozen": true,
  "models_fitted": 0,
  "data_hash": "ea4daa5dc3579aec204c02fd26d09ba7467a2ad3c45790efc705c7883bde6741",
  "role_bank_hash": "badafb8398bc754b251fa2a13514fa6111f8bf96e4054696777b03dce5e878f2",
  "roles": {
    "fit": {
      "n": 14858,
      "membership_hash": "082d3c719093d84e13379d5a2c367aacae289407ac707cb64d266f759ebb787b",
      "row_id_hash": "a5da64445ac5f1af2fd4c56cb88650223d7690fede620e9a6758367516928aca",
      "origin_min": "2021-01-08 00:00:00",
      "origin_max": "2021-04-21 04:10:00",
      "target_min": "2021-01-08 00:10:00",
      "target_max": "2021-04-21 04:20:00"
    },
    "calibration": {
      "n": 4953,
      "membership_hash": "9eb8650e22c2484bd09a282820451387cd0610e0cf55aa2ec428816a260b5143",
      "row_id_hash": "7794c3f938f5b39a6b7c298611ca6e5d91de32415f98091ff059cd97e6946b01",
      "origin_min": "2021-04-21 04:40:00",
      "origin_max": "2021-05-25 14:00:00",
      "target_min": "2021-04-21 04:50:00",
      "target_max": "2021-05-25 14:10:00"
    },
    "test": {
      "n": 9907,
      "membership_hash": "9873f938ec58b7643a4b9bb6625e3522fa47921a83ef136da20c6e62a17a410f",
      "row_id_hash": "ca2d8ac2f6c4a85d87a0b3e689792f73277921d41eae2f48c6b4eb1e307d2a61",
      "origin_min": "2021-05-25 14:20:00",
      "origin_max": "2021-08-02 09:20:00",
      "target_min": "2021-05-25 14:30:00",
      "target_max": "2021-08-02 09:30:00"
    },
    "inner0_train": {
      "n": 4951,
      "membership_hash": "772e37103d6ec8c04ebb7c7e034fb82e77efacdfb42740094dd62aba1cdcbb46",
      "row_id_hash": "9ff5cf13265f7071fd9c0761e23cbdb0a3b06a17108fe4c9e29d7b526dbb16f6",
      "origin_min": "2021-01-08 00:00:00",
      "origin_max": "2021-02-11 09:00:00",
      "target_min": "2021-01-08 00:10:00",
      "target_max": "2021-02-11 09:10:00"
    },
    "inner0_validation": {
      "n": 4952,
      "membership_hash": "3ee052b31b48d8aee119b1a1a23488da243b59b1055ebe21d22b810798c26df1",
      "row_id_hash": "94101a1db88057481d0b93b3f6f6f8a0ba0768c95d5d786cc94219111fc8b01a",
      "origin_min": "2021-02-11 09:20:00",
      "origin_max": "2021-03-17 18:30:00",
      "target_min": "2021-02-11 09:30:00",
      "target_max": "2021-03-17 18:40:00"
    },
    "inner1_train": {
      "n": 9903,
      "membership_hash": "bc9acab132bf77c6fdb966545b0c1c36c2d8d40c0debf6ad9879832e8eed3f18",
      "row_id_hash": "5bb7052421dc4dc1014d0183a0a86dc9346860360b70733932af01792401ebea",
      "origin_min": "2021-01-08 00:00:00",
      "origin_max": "2021-03-17 18:30:00",
      "target_min": "2021-01-08 00:10:00",
      "target_max": "2021-03-17 18:40:00"
    },
    "inner1_validation": {
      "n": 4953,
      "membership_hash": "af2dbfce54bc80c97b7250e3d85c70b3feb7714d2fb1b6436b4b00eeaec9ed9e",
      "row_id_hash": "28760e0529920ab50fc08711863e3203a9e12a65c4321ba66c5ea2a7711920b5",
      "origin_min": "2021-03-17 18:50:00",
      "origin_max": "2021-04-21 04:10:00",
      "target_min": "2021-03-17 19:00:00",
      "target_max": "2021-04-21 04:20:00"
    }
  }
}
{"command": ["C:/cfs_venv/Scripts/python.exe", "-B", "-m", "src.matched_forecasting005", "freeze", "--matrix", "C:\\Users\\nigel\\OneDrive\\Desktop\\GitHub\\confosense\\smart_building_conformal\\outputs\\amendment005\\support_design_v1\\experiment_matrix.csv", "--dataset", "pleia", "--horizon", "1", "--outer-fold", "2", "--model-seed", "43", "--design-dir", "C:\\Users\\nigel\\OneDrive\\Desktop\\GitHub\\confosense\\smart_building_conformal\\protocols\\matched_forecasting005\\pleia_h1_f2_s43_v1", "--authorization", "C:\\Users\\nigel\\OneDrive\\Desktop\\GitHub\\confosense\\smart_building_conformal\\configs\\matched_forecasting005_fold2_multiseed_authorization_v1.json"], "cwd": "C:\\Users\\nigel\\OneDrive\\Desktop\\GitHub\\confosense\\smart_building_conformal", "started_utc": "2026-09-13T22:40:37.065001+00:00", "logger_pid": 25116, "child_pid": 8404, "ended_utc": "2026-09-13T22:40:50.089581+00:00", "seconds": 13.024326099999598, "exit_status": 0}
{
  "first_unit_ready": true,
  "full_study_ready": false,
  "models_fitted": 0,
  "source_hash": "cd907183301a189ddfcc195774dad58c8fa07d5b326d2ac29cf3636383dc681e",
  "protocol_hash": "006c7b08726fdfe876769e33b3062b900b78e677877db0102c7be60883189b03",
  "fresh_support_verified": true,
  "resources": {
    "rss_bytes": 382779392,
    "private_bytes": 337833984,
    "lifetime_peak_rss_bytes": 1245130752,
    "available_ram_bytes": 4435955712,
    "physical_ram_bytes": 16890978304,
    "free_disk_bytes": 44926410752,
    "launch_ram_reference_bytes": 3221225472,
    "launch_ram_reference_met": true,
    "later_user_nonblocking_ram_instruction": true
  },
  "preparation_resources": {
    "seconds": 7.8551891000024625,
    "baseline_rss_bytes": 324911104,
    "peak_rss_bytes": 1234296832,
    "baseline_private_bytes": 282750976,
    "peak_private_bytes": 1207562240,
    "incremental_peak_rss_bytes": 909385728,
    "lifetime_peak_rss_bytes": 1245130752,
    "min_available_ram_bytes": 3599953920,
    "sample_interval_seconds": 0.05,
    "process_cpu_seconds": 7.125
  },
  "expected_point_cells": 3,
  "expected_interval_cells": 6
}
{"command": ["C:/cfs_venv/Scripts/python.exe", "-B", "-m", "src.matched_forecasting005", "readiness", "--matrix", "C:\\Users\\nigel\\OneDrive\\Desktop\\GitHub\\confosense\\smart_building_conformal\\outputs\\amendment005\\support_design_v1\\experiment_matrix.csv", "--dataset", "pleia", "--horizon", "1", "--outer-fold", "2", "--model-seed", "43", "--design-dir", "C:\\Users\\nigel\\OneDrive\\Desktop\\GitHub\\confosense\\smart_building_conformal\\protocols\\matched_forecasting005\\pleia_h1_f2_s43_v1"], "cwd": "C:\\Users\\nigel\\OneDrive\\Desktop\\GitHub\\confosense\\smart_building_conformal", "started_utc": "2026-09-13T22:40:50.200566+00:00", "logger_pid": 3208, "child_pid": 27284, "ended_utc": "2026-09-13T22:41:02.316099+00:00", "seconds": 12.118550200000755, "exit_status": 0}
PREFLIGHT 11/52 pleia_h1_f2_s43_v1
{
  "frozen": true,
  "models_fitted": 0,
  "data_hash": "d9952ed2b0af11ec34f4cb849c9c45e91f7c74a3cdaa2393e449e2715e7f934c",
  "role_bank_hash": "6fa371901b6c3e9ddf59ab5f6a3dfd4df7833e00db6e5ee2c633f99798fb542a",
  "roles": {
    "fit": {
      "n": 14855,
      "membership_hash": "227c29f26e08b12144a3144f7b4e485ceef61eeffddfb8383055cdb14249180b",
      "row_id_hash": "4074dfa6f8e6042743030c8386a0f02bf142e81c22c53c260629dc0e31aea099",
      "origin_min": "2021-01-07 23:40:00",
      "origin_max": "2021-04-21 03:20:00",
      "target_min": "2021-01-08 00:10:00",
      "target_max": "2021-04-21 03:50:00"
    },
    "calibration": {
      "n": 4952,
      "membership_hash": "7fa06de8c38dda4d17b6b0cf6e9ef56c1df4e74c93e4a91c0e4cc3ac109ef25d",
      "row_id_hash": "e7a9e5a4d0f065e905f3b68d0ddcc8cfa81961e510bbeaa67844d8b295557883",
      "origin_min": "2021-04-21 04:10:00",
      "origin_max": "2021-05-25 13:20:00",
      "target_min": "2021-04-21 04:40:00",
      "target_max": "2021-05-25 13:50:00"
    },
    "test": {
      "n": 9907,
      "membership_hash": "bac99d6be4cb79fe22304f53e75236e112bbd0869eb6fec15e881e232b076cc3",
      "row_id_hash": "980af583f5f37c78a95e0b099badf318c309a782627933d4b65363f009fed507",
      "origin_min": "2021-05-25 14:00:00",
      "origin_max": "2021-08-02 09:00:00",
      "target_min": "2021-05-25 14:30:00",
      "target_max": "2021-08-02 09:30:00"
    },
    "inner0_train": {
      "n": 4948,
      "membership_hash": "fdb3d26c48df5c39e6763480535e204d2594b8749ab6df0a1371c11c4991afd2",
      "row_id_hash": "ddaf23d54fbb3a4e9b995b43253825c4ae6a3c46f5831e9bc1bc774c65ae348c",
      "origin_min": "2021-01-07 23:40:00",
      "origin_max": "2021-02-11 08:10:00",
      "target_min": "2021-01-08 00:10:00",
      "target_max": "2021-02-11 08:40:00"
    },
    "inner0_validation": {
      "n": 4949,
      "membership_hash": "249bb3d7f2b16be8c15ebb503c1a33019c0aed25686b3ca72cf4bf16dc16264d",
      "row_id_hash": "1046774ecf67bd5d7b3cda329101e3229f1720d1f12b59feb24732dffedd21a3",
      "origin_min": "2021-02-11 08:50:00",
      "origin_max": "2021-03-17 17:30:00",
      "target_min": "2021-02-11 09:20:00",
      "target_max": "2021-03-17 18:00:00"
    },
    "inner1_train": {
      "n": 9897,
      "membership_hash": "e4a2af2e86062f34ecc2da38f038c54771899f808d45a3482679b08ab9163cba",
      "row_id_hash": "50e5f199066eca1e0f35e3294dda145841773b547bab055401b3e8d8067ed3c0",
      "origin_min": "2021-01-07 23:40:00",
      "origin_max": "2021-03-17 17:30:00",
      "target_min": "2021-01-08 00:10:00",
      "target_max": "2021-03-17 18:00:00"
    },
    "inner1_validation": {
      "n": 4952,
      "membership_hash": "4439d1e24df439cf5dbec4b37090c9521460fad2488d498a7c821cf963a6daa2",
      "row_id_hash": "e567401ae33f835a2879ba5be9304ca8129f612468e33f9ab19c6e25dd3b1e5c",
      "origin_min": "2021-03-17 18:10:00",
      "origin_max": "2021-04-21 03:20:00",
      "target_min": "2021-03-17 18:40:00",
      "target_max": "2021-04-21 03:50:00"
    }
  }
}
{"command": ["C:/cfs_venv/Scripts/python.exe", "-B", "-m", "src.matched_forecasting005", "freeze", "--matrix", "C:\\Users\\nigel\\OneDrive\\Desktop\\GitHub\\confosense\\smart_building_conformal\\outputs\\amendment005\\support_design_v1\\experiment_matrix.csv", "--dataset", "pleia", "--horizon", "3", "--outer-fold", "2", "--model-seed", "43", "--design-dir", "C:\\Users\\nigel\\OneDrive\\Desktop\\GitHub\\confosense\\smart_building_conformal\\protocols\\matched_forecasting005\\pleia_h3_f2_s43_v1", "--authorization", "C:\\Users\\nigel\\OneDrive\\Desktop\\GitHub\\confosense\\smart_building_conformal\\configs\\matched_forecasting005_fold2_multiseed_authorization_v1.json"], "cwd": "C:\\Users\\nigel\\OneDrive\\Desktop\\GitHub\\confosense\\smart_building_conformal", "started_utc": "2026-09-13T22:41:02.555230+00:00", "logger_pid": 24508, "child_pid": 4304, "ended_utc": "2026-09-13T22:41:15.613203+00:00", "seconds": 13.054201200000534, "exit_status": 0}
{
  "first_unit_ready": true,
  "full_study_ready": false,
  "models_fitted": 0,
  "source_hash": "cd907183301a189ddfcc195774dad58c8fa07d5b326d2ac29cf3636383dc681e",
  "protocol_hash": "591cc9bc729f1568eb03adc14a89532c11b371bf24f5f2b6e51e6eb80bd8971b",
  "fresh_support_verified": true,
  "resources": {
    "rss_bytes": 392667136,
    "private_bytes": 347758592,
    "lifetime_peak_rss_bytes": 1244614656,
    "available_ram_bytes": 4420177920,
    "physical_ram_bytes": 16890978304,
    "free_disk_bytes": 44923555840,
    "launch_ram_reference_bytes": 3221225472,
    "launch_ram_reference_met": true,
    "later_user_nonblocking_ram_instruction": true
  },
  "preparation_resources": {
    "seconds": 9.383292999998957,
    "baseline_rss_bytes": 323604480,
    "peak_rss_bytes": 1141497856,
    "baseline_private_bytes": 281337856,
    "peak_private_bytes": 1207664640,
    "incremental_peak_rss_bytes": 817893376,
    "lifetime_peak_rss_bytes": 1244614656,
    "min_available_ram_bytes": 3673747456,
    "sample_interval_seconds": 0.05,
    "process_cpu_seconds": 8.953125
  },
  "expected_point_cells": 3,
  "expected_interval_cells": 6
}
{"command": ["C:/cfs_venv/Scripts/python.exe", "-B", "-m", "src.matched_forecasting005", "readiness", "--matrix", "C:\\Users\\nigel\\OneDrive\\Desktop\\GitHub\\confosense\\smart_building_conformal\\outputs\\amendment005\\support_design_v1\\experiment_matrix.csv", "--dataset", "pleia", "--horizon", "3", "--outer-fold", "2", "--model-seed", "43", "--design-dir", "C:\\Users\\nigel\\OneDrive\\Desktop\\GitHub\\confosense\\smart_building_conformal\\protocols\\matched_forecasting005\\pleia_h3_f2_s43_v1"], "cwd": "C:\\Users\\nigel\\OneDrive\\Desktop\\GitHub\\confosense\\smart_building_conformal", "started_utc": "2026-09-13T22:41:15.737090+00:00", "logger_pid": 29128, "child_pid": 16776, "ended_utc": "2026-09-13T22:41:29.392329+00:00", "seconds": 13.651041999997688, "exit_status": 0}
PREFLIGHT 12/52 pleia_h3_f2_s43_v1
{
  "frozen": true,
  "models_fitted": 0,
  "data_hash": "5f82d9b1241b651ae41db34771b44ea8dc61cee2367a2af45ca7be1d9403d5cb",
  "role_bank_hash": "71eb667e2ed175651d70ebdcf17848409bd01b14568e768b8f7d37b654481b9f",
  "roles": {
    "fit": {
      "n": 14850,
      "membership_hash": "ef9d6a6abac88bf6870ca419233277f25ca38ffcec8d2e50ef36e5a7ae619400",
      "row_id_hash": "1a376d5a8a154a77f83f187423efb4d9fc845968a0043a1454205c7b56a18c46",
      "origin_min": "2021-01-07 23:10:00",
      "origin_max": "2021-04-21 02:00:00",
      "target_min": "2021-01-08 00:10:00",
      "target_max": "2021-04-21 03:00:00"
    },
    "calibration": {
      "n": 4951,
      "membership_hash": "9247b241a0fa2d22e3929a301f0ff3511dbadd5e2e8ec374799c5c7abceab76d",
      "row_id_hash": "2d7a6ad1c542e4d2f60a787f5e43892e1e19f63a3d75ff6e0accd70b674462a7",
      "origin_min": "2021-04-21 03:20:00",
      "origin_max": "2021-05-25 12:20:00",
      "target_min": "2021-04-21 04:20:00",
      "target_max": "2021-05-25 13:20:00"
    },
    "test": {
      "n": 9907,
      "membership_hash": "c6974f8d3bde0930d9d56239e658a56ee8f6554aea2606844b45a070315571f1",
      "row_id_hash": "ac5e21416b994368c2c6ea779989080df106bc5896da0483b1f5982a7af732fa",
      "origin_min": "2021-05-25 13:30:00",
      "origin_max": "2021-08-02 08:30:00",
      "target_min": "2021-05-25 14:30:00",
      "target_max": "2021-08-02 09:30:00"
    },
    "inner0_train": {
      "n": 4944,
      "membership_hash": "7e1d872fdae249702364dcedccb8344e6e44d13dde4694244d1d8af8576495fb",
      "row_id_hash": "8f691537f61aeaf3b6b2bce9234e1f3f2fce1fa89f579c6620a77d4e9430bbe6",
      "origin_min": "2021-01-07 23:10:00",
      "origin_max": "2021-02-11 07:00:00",
      "target_min": "2021-01-08 00:10:00",
      "target_max": "2021-02-11 08:00:00"
    },
    "inner0_validation": {
      "n": 4944,
      "membership_hash": "2984744e642beefa7ce03314b45942af4ef6594d8939fdf4b62e61c263f6bdb8",
      "row_id_hash": "2d75f8c14ab352752c56668098b1a13d6f545d051d41b03dbb9af51140add5f3",
      "origin_min": "2021-02-11 08:10:00",
      "origin_max": "2021-03-17 16:00:00",
      "target_min": "2021-02-11 09:10:00",
      "target_max": "2021-03-17 17:00:00"
    },
    "inner1_train": {
      "n": 9888,
      "membership_hash": "b302ee02c2b16f2a988275f6ff329f6f03774c4c85d10d37902b32b54795d4e0",
      "row_id_hash": "2330831bef316a2f27daff3f18c8507290a36952db81e8e9e7594e746f48686e",
      "origin_min": "2021-01-07 23:10:00",
      "origin_max": "2021-03-17 16:00:00",
      "target_min": "2021-01-08 00:10:00",
      "target_max": "2021-03-17 17:00:00"
    },
    "inner1_validation": {
      "n": 4950,
      "membership_hash": "94c11b73e5e68059ca8334f73f6dc70805df5c01f5112cc20d147b640c4f52fd",
      "row_id_hash": "30c0df9856e41df5c927bceaf854572d24fb209861c6708cc43afdf2762d6890",
      "origin_min": "2021-03-17 17:10:00",
      "origin_max": "2021-04-21 02:00:00",
      "target_min": "2021-03-17 18:10:00",
      "target_max": "2021-04-21 03:00:00"
    }
  }
}
{"command": ["C:/cfs_venv/Scripts/python.exe", "-B", "-m", "src.matched_forecasting005", "freeze", "--matrix", "C:\\Users\\nigel\\OneDrive\\Desktop\\GitHub\\confosense\\smart_building_conformal\\outputs\\amendment005\\support_design_v1\\experiment_matrix.csv", "--dataset", "pleia", "--horizon", "6", "--outer-fold", "2", "--model-seed", "43", "--design-dir", "C:\\Users\\nigel\\OneDrive\\Desktop\\GitHub\\confosense\\smart_building_conformal\\protocols\\matched_forecasting005\\pleia_h6_f2_s43_v1", "--authorization", "C:\\Users\\nigel\\OneDrive\\Desktop\\GitHub\\confosense\\smart_building_conformal\\configs\\matched_forecasting005_fold2_multiseed_authorization_v1.json"], "cwd": "C:\\Users\\nigel\\OneDrive\\Desktop\\GitHub\\confosense\\smart_building_conformal", "started_utc": "2026-09-13T22:41:29.628000+00:00", "logger_pid": 11228, "child_pid": 20844, "ended_utc": "2026-09-13T22:41:43.215576+00:00", "seconds": 13.589092000001983, "exit_status": 0}
{
  "first_unit_ready": true,
  "full_study_ready": false,
  "models_fitted": 0,
  "source_hash": "cd907183301a189ddfcc195774dad58c8fa07d5b326d2ac29cf3636383dc681e",
  "protocol_hash": "12a21c7ab9474210c38718dc5d0ad8b0f6eeab8c5f54e8c84e545f094db17d5f",
  "fresh_support_verified": true,
  "resources": {
    "rss_bytes": 382869504,
    "private_bytes": 338178048,
    "lifetime_peak_rss_bytes": 1243394048,
    "available_ram_bytes": 4417802240,
    "physical_ram_bytes": 16890978304,
    "free_disk_bytes": 44921114624,
    "launch_ram_reference_bytes": 3221225472,
    "launch_ram_reference_met": true,
    "later_user_nonblocking_ram_instruction": true
  },
  "preparation_resources": {
    "seconds": 8.94071249999979,
    "baseline_rss_bytes": 324861952,
    "peak_rss_bytes": 1154232320,
    "baseline_private_bytes": 282632192,
    "peak_private_bytes": 1202958336,
    "incremental_peak_rss_bytes": 829370368,
    "lifetime_peak_rss_bytes": 1243394048,
    "min_available_ram_bytes": 3663892480,
    "sample_interval_seconds": 0.05,
    "process_cpu_seconds": 8.671875
  },
  "expected_point_cells": 3,
  "expected_interval_cells": 6
}
{"command": ["C:/cfs_venv/Scripts/python.exe", "-B", "-m", "src.matched_forecasting005", "readiness", "--matrix", "C:\\Users\\nigel\\OneDrive\\Desktop\\GitHub\\confosense\\smart_building_conformal\\outputs\\amendment005\\support_design_v1\\experiment_matrix.csv", "--dataset", "pleia", "--horizon", "6", "--outer-fold", "2", "--model-seed", "43", "--design-dir", "C:\\Users\\nigel\\OneDrive\\Desktop\\GitHub\\confosense\\smart_building_conformal\\protocols\\matched_forecasting005\\pleia_h6_f2_s43_v1"], "cwd": "C:\\Users\\nigel\\OneDrive\\Desktop\\GitHub\\confosense\\smart_building_conformal", "started_utc": "2026-09-13T22:41:43.336208+00:00", "logger_pid": 21676, "child_pid": 27164, "ended_utc": "2026-09-13T22:41:56.426700+00:00", "seconds": 13.09206410000479, "exit_status": 0}
PREFLIGHT 13/52 pleia_h6_f2_s43_v1
{
  "frozen": true,
  "models_fitted": 0,
  "data_hash": "8bfbf2d874682c3d69016a5b2b5cd9586d83211bbc7d08f2d1563f696869362b",
  "role_bank_hash": "8892aaa62fd2dbf5f922cc593f23e7df743bbe64a25d183d1c972c5f3f0a731a",
  "roles": {
    "fit": {
      "n": 14858,
      "membership_hash": "44caea14eb9235d38ecc221b7d59fdc2f8f54bff0f52fbbd9e0bb1b805ca2387",
      "row_id_hash": "24ce73785501ff4786fb0ae996364f8e145b4b21700a3a571554a5938dd70ade",
      "origin_min": "2021-01-07 23:50:00",
      "origin_max": "2021-04-21 04:00:00",
      "target_min": "2021-01-08 00:00:00",
      "target_max": "2021-04-21 04:10:00"
    },
    "calibration": {
      "n": 4953,
      "membership_hash": "05d6c30f8c3813efdcab97c9bdab0eee81ce669af9af5b8b70b88518c07f2ca8",
      "row_id_hash": "f15ad2a2ec27d37ae1857a3e23c7c43a238d7f5a9db3b667111c380b16382500",
      "origin_min": "2021-04-21 04:30:00",
      "origin_max": "2021-05-25 13:50:00",
      "target_min": "2021-04-21 04:40:00",
      "target_max": "2021-05-25 14:00:00"
    },
    "test": {
      "n": 9907,
      "membership_hash": "b6bdcea0efeca5c07185bc1f75980e8a2570387a5c08e31f9cd301cf38cb60bd",
      "row_id_hash": "99d72f4e202d73a2f0741156b0869793469cfbd9485f853689fa883bce87daa3",
      "origin_min": "2021-05-25 14:10:00",
      "origin_max": "2021-08-02 09:10:00",
      "target_min": "2021-05-25 14:20:00",
      "target_max": "2021-08-02 09:20:00"
    },
    "inner0_train": {
      "n": 4951,
      "membership_hash": "0388e109290a61d05fa9d59bbd9c237bab2a32267e29b1fb8a9d86b58d147f6d",
      "row_id_hash": "70cade1f008e511232829b472a3b7c67bc84c109140470714270e792d5c7e97b",
      "origin_min": "2021-01-07 23:50:00",
      "origin_max": "2021-02-11 08:50:00",
      "target_min": "2021-01-08 00:00:00",
      "target_max": "2021-02-11 09:00:00"
    },
    "inner0_validation": {
      "n": 4952,
      "membership_hash": "d9b8de7f361f4bdbe04542b9c243a2685ce657a01202469acaf8acd43c1c7106",
      "row_id_hash": "9381f3eb0d221051813de2df0d6f8b60e2bc3ec108c925e0eb875f7a6e607493",
      "origin_min": "2021-02-11 09:10:00",
      "origin_max": "2021-03-17 18:20:00",
      "target_min": "2021-02-11 09:20:00",
      "target_max": "2021-03-17 18:30:00"
    },
    "inner1_train": {
      "n": 9903,
      "membership_hash": "ce74106a5bae27e1e344fdc38942436bf694eabfb98ddbe63b832a5414090828",
      "row_id_hash": "98d395a3458442f6b33b72140be4827f7cc87caf92ea1fa3046b332b25d90001",
      "origin_min": "2021-01-07 23:50:00",
      "origin_max": "2021-03-17 18:20:00",
      "target_min": "2021-01-08 00:00:00",
      "target_max": "2021-03-17 18:30:00"
    },
    "inner1_validation": {
      "n": 4953,
      "membership_hash": "36a56bf1ec8357c98060da403a08ce064b57ba57997bc7c82896591862424bbd",
      "row_id_hash": "ff9099d61e16e3b26aa2737196df355bb32d37e67b948e5e9e55852fa0e92a33",
      "origin_min": "2021-03-17 18:40:00",
      "origin_max": "2021-04-21 04:00:00",
      "target_min": "2021-03-17 18:50:00",
      "target_max": "2021-04-21 04:10:00"
    }
  }
}
{"command": ["C:/cfs_venv/Scripts/python.exe", "-B", "-m", "src.matched_forecasting005", "freeze", "--matrix", "C:\\Users\\nigel\\OneDrive\\Desktop\\GitHub\\confosense\\smart_building_conformal\\outputs\\amendment005\\support_design_v1\\experiment_matrix.csv", "--dataset", "pleia_energy", "--horizon", "1", "--outer-fold", "2", "--model-seed", "44", "--design-dir", "C:\\Users\\nigel\\OneDrive\\Desktop\\GitHub\\confosense\\smart_building_conformal\\protocols\\matched_forecasting005\\pleia_energy_h1_f2_s44_v1", "--authorization", "C:\\Users\\nigel\\OneDrive\\Desktop\\GitHub\\confosense\\smart_building_conformal\\configs\\matched_forecasting005_fold2_multiseed_authorization_v1.json"], "cwd": "C:\\Users\\nigel\\OneDrive\\Desktop\\GitHub\\confosense\\smart_building_conformal", "started_utc": "2026-09-13T22:41:56.682796+00:00", "logger_pid": 3632, "child_pid": 8316, "ended_utc": "2026-09-13T22:42:05.863897+00:00", "seconds": 9.179372799990233, "exit_status": 0}
{
  "first_unit_ready": true,
  "full_study_ready": false,
  "models_fitted": 0,
  "source_hash": "cd907183301a189ddfcc195774dad58c8fa07d5b326d2ac29cf3636383dc681e",
  "protocol_hash": "7305c5b5c944d7ca23477856f743db6c5d3fc66016caca920440b0e349553e29",
  "fresh_support_verified": true,
  "resources": {
    "rss_bytes": 377180160,
    "private_bytes": 332627968,
    "lifetime_peak_rss_bytes": 409657344,
    "available_ram_bytes": 4434903040,
    "physical_ram_bytes": 16890978304,
    "free_disk_bytes": 44918448128,
    "launch_ram_reference_bytes": 3221225472,
    "launch_ram_reference_met": true,
    "later_user_nonblocking_ram_instruction": true
  },
  "preparation_resources": {
    "seconds": 4.606226899995818,
    "baseline_rss_bytes": 324407296,
    "peak_rss_bytes": 397701120,
    "baseline_private_bytes": 282406912,
    "peak_private_bytes": 352825344,
    "incremental_peak_rss_bytes": 73293824,
    "lifetime_peak_rss_bytes": 409657344,
    "min_available_ram_bytes": 4414173184,
    "sample_interval_seconds": 0.05,
    "process_cpu_seconds": 4.4375
  },
  "expected_point_cells": 3,
  "expected_interval_cells": 6
}
{"command": ["C:/cfs_venv/Scripts/python.exe", "-B", "-m", "src.matched_forecasting005", "readiness", "--matrix", "C:\\Users\\nigel\\OneDrive\\Desktop\\GitHub\\confosense\\smart_building_conformal\\outputs\\amendment005\\support_design_v1\\experiment_matrix.csv", "--dataset", "pleia_energy", "--horizon", "1", "--outer-fold", "2", "--model-seed", "44", "--design-dir", "C:\\Users\\nigel\\OneDrive\\Desktop\\GitHub\\confosense\\smart_building_conformal\\protocols\\matched_forecasting005\\pleia_energy_h1_f2_s44_v1"], "cwd": "C:\\Users\\nigel\\OneDrive\\Desktop\\GitHub\\confosense\\smart_building_conformal", "started_utc": "2026-09-13T22:42:06.002304+00:00", "logger_pid": 26940, "child_pid": 10552, "ended_utc": "2026-09-13T22:42:14.759610+00:00", "seconds": 8.755717299995013, "exit_status": 0}
PREFLIGHT 14/52 pleia_energy_h1_f2_s44_v1
{
  "frozen": true,
  "models_fitted": 0,
  "data_hash": "1ffa2b29dc13b120254046c80e97d22647f7b50e5487694b306f692a84d92e14",
  "role_bank_hash": "2d8a91b93c1a8b8aa8ef5a6496971ee12250108a24504ff6b046cf70b7262f75",
  "roles": {
    "fit": {
      "n": 14855,
      "membership_hash": "9fc9e18746429e574996b5d318c420366de84a249898bc72faa113826ebf5288",
      "row_id_hash": "558cff0744ce974849383acc7967f940020b64bfac9013ed4a208009b2708bf5",
      "origin_min": "2021-01-07 23:30:00",
      "origin_max": "2021-04-21 03:10:00",
      "target_min": "2021-01-08 00:00:00",
      "target_max": "2021-04-21 03:40:00"
    },
    "calibration": {
      "n": 4952,
      "membership_hash": "314903ce4f8c8409c5417c2d6b829e4549971bebc3d6a0dc881d54aa3c565364",
      "row_id_hash": "4229dfd898ed95c9f9693260d3cb9bb25c08cf354ea18d6e850f1422de1405f1",
      "origin_min": "2021-04-21 04:00:00",
      "origin_max": "2021-05-25 13:10:00",
      "target_min": "2021-04-21 04:30:00",
      "target_max": "2021-05-25 13:40:00"
    },
    "test": {
      "n": 9907,
      "membership_hash": "f7a8b2ab436b98d9e3c4127b8c0c687d2944e7cc7512d2ddf6c76666e097c7ea",
      "row_id_hash": "c2d53e2fc20a6e6e5143df383f37e38aeb9e86b2de67c63088da1d4583d4b1dd",
      "origin_min": "2021-05-25 13:50:00",
      "origin_max": "2021-08-02 08:50:00",
      "target_min": "2021-05-25 14:20:00",
      "target_max": "2021-08-02 09:20:00"
    },
    "inner0_train": {
      "n": 4948,
      "membership_hash": "ebf7520964f58026cc222578bba1f1d2a33b67198299f1c5bba1566bd6784377",
      "row_id_hash": "894b35f84e79ef291432eb4ec2ea7a1f5f02cfd69a67e241ecae730eafa5e89a",
      "origin_min": "2021-01-07 23:30:00",
      "origin_max": "2021-02-11 08:00:00",
      "target_min": "2021-01-08 00:00:00",
      "target_max": "2021-02-11 08:30:00"
    },
    "inner0_validation": {
      "n": 4949,
      "membership_hash": "2aa22d1ba1125056fdd68d6b2027eacd834f9664eaae2b53cff2a9faa7ddf126",
      "row_id_hash": "41af3db740ef555be369e15e8e0eabcc34559abc88a624a17301e8eed7414656",
      "origin_min": "2021-02-11 08:40:00",
      "origin_max": "2021-03-17 17:20:00",
      "target_min": "2021-02-11 09:10:00",
      "target_max": "2021-03-17 17:50:00"
    },
    "inner1_train": {
      "n": 9897,
      "membership_hash": "78a72344eb383f72004edb224f83c552a272dfeaffbb94ff79fcbecf0505fce1",
      "row_id_hash": "581506cccfe66c620c944cd60584ec2109d04279aca39b38d38f40d6b80f9d9a",
      "origin_min": "2021-01-07 23:30:00",
      "origin_max": "2021-03-17 17:20:00",
      "target_min": "2021-01-08 00:00:00",
      "target_max": "2021-03-17 17:50:00"
    },
    "inner1_validation": {
      "n": 4952,
      "membership_hash": "5e7ec7b15735ad3fbb7d39223dba2b0d10397023ec6e05681ca69c5b3cfa1106",
      "row_id_hash": "72c8599283ed3e772db63a8669d21aa9c29578597a29d0cc7558d3f93476d419",
      "origin_min": "2021-03-17 18:00:00",
      "origin_max": "2021-04-21 03:10:00",
      "target_min": "2021-03-17 18:30:00",
      "target_max": "2021-04-21 03:40:00"
    }
  }
}
{"command": ["C:/cfs_venv/Scripts/python.exe", "-B", "-m", "src.matched_forecasting005", "freeze", "--matrix", "C:\\Users\\nigel\\OneDrive\\Desktop\\GitHub\\confosense\\smart_building_conformal\\outputs\\amendment005\\support_design_v1\\experiment_matrix.csv", "--dataset", "pleia_energy", "--horizon", "3", "--outer-fold", "2", "--model-seed", "44", "--design-dir", "C:\\Users\\nigel\\OneDrive\\Desktop\\GitHub\\confosense\\smart_building_conformal\\protocols\\matched_forecasting005\\pleia_energy_h3_f2_s44_v1", "--authorization", "C:\\Users\\nigel\\OneDrive\\Desktop\\GitHub\\confosense\\smart_building_conformal\\configs\\matched_forecasting005_fold2_multiseed_authorization_v1.json"], "cwd": "C:\\Users\\nigel\\OneDrive\\Desktop\\GitHub\\confosense\\smart_building_conformal", "started_utc": "2026-09-13T22:42:14.996008+00:00", "logger_pid": 8760, "child_pid": 27188, "ended_utc": "2026-09-13T22:42:24.839612+00:00", "seconds": 9.840766900000744, "exit_status": 0}
{
  "first_unit_ready": true,
  "full_study_ready": false,
  "models_fitted": 0,
  "source_hash": "cd907183301a189ddfcc195774dad58c8fa07d5b326d2ac29cf3636383dc681e",
  "protocol_hash": "7005585684404ffcda0b1dfc1efe74e1c1f8f20f66456d7cf8b530c192a57eff",
  "fresh_support_verified": true,
  "resources": {
    "rss_bytes": 377221120,
    "private_bytes": 333762560,
    "lifetime_peak_rss_bytes": 411537408,
    "available_ram_bytes": 3942309888,
    "physical_ram_bytes": 16890978304,
    "free_disk_bytes": 44904304640,
    "launch_ram_reference_bytes": 3221225472,
    "launch_ram_reference_met": true,
    "later_user_nonblocking_ram_instruction": true
  },
  "preparation_resources": {
    "seconds": 4.781860300005064,
    "baseline_rss_bytes": 325693440,
    "peak_rss_bytes": 397455360,
    "baseline_private_bytes": 283578368,
    "peak_private_bytes": 352325632,
    "incremental_peak_rss_bytes": 71761920,
    "lifetime_peak_rss_bytes": 411537408,
    "min_available_ram_bytes": 3940884480,
    "sample_interval_seconds": 0.05,
    "process_cpu_seconds": 4.671875
  },
  "expected_point_cells": 3,
  "expected_interval_cells": 6
}
{"command": ["C:/cfs_venv/Scripts/python.exe", "-B", "-m", "src.matched_forecasting005", "readiness", "--matrix", "C:\\Users\\nigel\\OneDrive\\Desktop\\GitHub\\confosense\\smart_building_conformal\\outputs\\amendment005\\support_design_v1\\experiment_matrix.csv", "--dataset", "pleia_energy", "--horizon", "3", "--outer-fold", "2", "--model-seed", "44", "--design-dir", "C:\\Users\\nigel\\OneDrive\\Desktop\\GitHub\\confosense\\smart_building_conformal\\protocols\\matched_forecasting005\\pleia_energy_h3_f2_s44_v1"], "cwd": "C:\\Users\\nigel\\OneDrive\\Desktop\\GitHub\\confosense\\smart_building_conformal", "started_utc": "2026-09-13T22:42:24.959447+00:00", "logger_pid": 12832, "child_pid": 27572, "ended_utc": "2026-09-13T22:42:34.088745+00:00", "seconds": 9.127460700008669, "exit_status": 0}
PREFLIGHT 15/52 pleia_energy_h3_f2_s44_v1
{
  "frozen": true,
  "models_fitted": 0,
  "data_hash": "ca819e9cb10c685d7ce5286d8ed34afe6e70fd34aab9a6c95d5a4f3367012ead",
  "role_bank_hash": "17388d3fc0eb13d4265cd50d42d6e7474b004321277d6027e30ba7f2f8e58674",
  "roles": {
    "fit": {
      "n": 14850,
      "membership_hash": "c21c125ed8b2b56ebab6814a8c4c6928ac9b4775caaa9582d3c5ea87dcb4ad99",
      "row_id_hash": "81ae297f2155a20502ed6b8c4f4e4ee7495737057e22b71392aeb2aa2ddc47a5",
      "origin_min": "2021-01-07 23:00:00",
      "origin_max": "2021-04-21 01:50:00",
      "target_min": "2021-01-08 00:00:00",
      "target_max": "2021-04-21 02:50:00"
    },
    "calibration": {
      "n": 4951,
      "membership_hash": "1b95885bd959657f0d1505f6455c91dfcaf78fa9649478e989853104b5d655ff",
      "row_id_hash": "0ee87531d3a77d326c99ffdf39a8bb6058827ab4d41014255a2219c6f898c125",
      "origin_min": "2021-04-21 03:10:00",
      "origin_max": "2021-05-25 12:10:00",
      "target_min": "2021-04-21 04:10:00",
      "target_max": "2021-05-25 13:10:00"
    },
    "test": {
      "n": 9907,
      "membership_hash": "061c08c3374dc0f9d45dfa8547f11e8a31a823c67efe645c11e25597c6f32a22",
      "row_id_hash": "de4207e52d512c374af24bbef6311e23f19f23ecb4445280cc7d8e7442dfa6fc",
      "origin_min": "2021-05-25 13:20:00",
      "origin_max": "2021-08-02 08:20:00",
      "target_min": "2021-05-25 14:20:00",
      "target_max": "2021-08-02 09:20:00"
    },
    "inner0_train": {
      "n": 4944,
      "membership_hash": "ef4c97630e1a30ed5ea78b5d3220a444b45a45deea3db4bc05921facedfefdd0",
      "row_id_hash": "328842348301366ce8fe85db3fa1025816d1385a1911ecdf0085057400431be3",
      "origin_min": "2021-01-07 23:00:00",
      "origin_max": "2021-02-11 06:50:00",
      "target_min": "2021-01-08 00:00:00",
      "target_max": "2021-02-11 07:50:00"
    },
    "inner0_validation": {
      "n": 4944,
      "membership_hash": "987b5f86df7c4ef83440458fc6052673b666f7afaa8cafe432b957312a7baf1a",
      "row_id_hash": "3fca8ca2b13c38ef70b28003e66e17aaa36980997b69268ed2b7829d5d5eaec1",
      "origin_min": "2021-02-11 08:00:00",
      "origin_max": "2021-03-17 15:50:00",
      "target_min": "2021-02-11 09:00:00",
      "target_max": "2021-03-17 16:50:00"
    },
    "inner1_train": {
      "n": 9888,
      "membership_hash": "2dc694d5d8c75613f988358567fc902a59612824bf4fe52e48f329877f9414ae",
      "row_id_hash": "2827d1ac25edee475ef3b63d536bcbb06ff0c60d11e75fbecbab90adb8c43ffc",
      "origin_min": "2021-01-07 23:00:00",
      "origin_max": "2021-03-17 15:50:00",
      "target_min": "2021-01-08 00:00:00",
      "target_max": "2021-03-17 16:50:00"
    },
    "inner1_validation": {
      "n": 4950,
      "membership_hash": "572dcac44c6e1158610a08b78ecb5c1149b22c6d871aff27ae12237385d67cc1",
      "row_id_hash": "ad6053be09fd9bdb574b94eeacd9604602b0c455963142350f227dfa3ec50447",
      "origin_min": "2021-03-17 17:00:00",
      "origin_max": "2021-04-21 01:50:00",
      "target_min": "2021-03-17 18:00:00",
      "target_max": "2021-04-21 02:50:00"
    }
  }
}
{"command": ["C:/cfs_venv/Scripts/python.exe", "-B", "-m", "src.matched_forecasting005", "freeze", "--matrix", "C:\\Users\\nigel\\OneDrive\\Desktop\\GitHub\\confosense\\smart_building_conformal\\outputs\\amendment005\\support_design_v1\\experiment_matrix.csv", "--dataset", "pleia_energy", "--horizon", "6", "--outer-fold", "2", "--model-seed", "44", "--design-dir", "C:\\Users\\nigel\\OneDrive\\Desktop\\GitHub\\confosense\\smart_building_conformal\\protocols\\matched_forecasting005\\pleia_energy_h6_f2_s44_v1", "--authorization", "C:\\Users\\nigel\\OneDrive\\Desktop\\GitHub\\confosense\\smart_building_conformal\\configs\\matched_forecasting005_fold2_multiseed_authorization_v1.json"], "cwd": "C:\\Users\\nigel\\OneDrive\\Desktop\\GitHub\\confosense\\smart_building_conformal", "started_utc": "2026-09-13T22:42:34.333017+00:00", "logger_pid": 25908, "child_pid": 25792, "ended_utc": "2026-09-13T22:42:43.769044+00:00", "seconds": 9.440462400001707, "exit_status": 0}
{
  "first_unit_ready": true,
  "full_study_ready": false,
  "models_fitted": 0,
  "source_hash": "cd907183301a189ddfcc195774dad58c8fa07d5b326d2ac29cf3636383dc681e",
  "protocol_hash": "5d84a3cdb1f24e4bae241c0a4e3a47bf0400815a82460b134e1a6e358a87472e",
  "fresh_support_verified": true,
  "resources": {
    "rss_bytes": 377712640,
    "private_bytes": 333508608,
    "lifetime_peak_rss_bytes": 409890816,
    "available_ram_bytes": 4007989248,
    "physical_ram_bytes": 16890978304,
    "free_disk_bytes": 44911763456,
    "launch_ram_reference_bytes": 3221225472,
    "launch_ram_reference_met": true,
    "later_user_nonblocking_ram_instruction": true
  },
  "preparation_resources": {
    "seconds": 4.056773099990096,
    "baseline_rss_bytes": 323891200,
    "peak_rss_bytes": 397811712,
    "baseline_private_bytes": 281649152,
    "peak_private_bytes": 353157120,
    "incremental_peak_rss_bytes": 73920512,
    "lifetime_peak_rss_bytes": 409890816,
    "min_available_ram_bytes": 3994566656,
    "sample_interval_seconds": 0.05,
    "process_cpu_seconds": 4.015625
  },
  "expected_point_cells": 3,
  "expected_interval_cells": 6
}
{"command": ["C:/cfs_venv/Scripts/python.exe", "-B", "-m", "src.matched_forecasting005", "readiness", "--matrix", "C:\\Users\\nigel\\OneDrive\\Desktop\\GitHub\\confosense\\smart_building_conformal\\outputs\\amendment005\\support_design_v1\\experiment_matrix.csv", "--dataset", "pleia_energy", "--horizon", "6", "--outer-fold", "2", "--model-seed", "44", "--design-dir", "C:\\Users\\nigel\\OneDrive\\Desktop\\GitHub\\confosense\\smart_building_conformal\\protocols\\matched_forecasting005\\pleia_energy_h6_f2_s44_v1"], "cwd": "C:\\Users\\nigel\\OneDrive\\Desktop\\GitHub\\confosense\\smart_building_conformal", "started_utc": "2026-09-13T22:42:43.886316+00:00", "logger_pid": 4088, "child_pid": 11140, "ended_utc": "2026-09-13T22:42:52.025400+00:00", "seconds": 8.136488599993754, "exit_status": 0}
PREFLIGHT 16/52 pleia_energy_h6_f2_s44_v1
{
  "frozen": true,
  "models_fitted": 0,
  "data_hash": "cc0f3758889c55292cd641d866995da797e5144f79a6beaca9bfb01d2d278ff5",
  "role_bank_hash": "c92f78dc224b34d0b5f434d8a31bd57857057a8bd4a92f1675bf095005b45f1d",
  "roles": {
    "fit": {
      "n": 12932,
      "membership_hash": "3658387a50ac69383d169c4cd64e0f10af6cb1173d670d23cd36cc41340234e7",
      "row_id_hash": "c755dd01ece762dbd51ba428c055e8553cdf95dcc026a35d8a864ea2dda9baaa",
      "origin_min": "2023-07-26 15:24:00",
      "origin_max": "2023-08-07 22:55:00",
      "target_min": "2023-07-26 15:29:00",
      "target_max": "2023-08-07 23:00:00"
    },
    "calibration": {
      "n": 4452,
      "membership_hash": "5d80e479d7f2d8194826bd75f476bb30f29d341ebeb04f975816feb43ded72c5",
      "row_id_hash": "95fbd3e9e78192059585691a00d55cc264e607ec334a8f3a3988fe57e1814fdc",
      "origin_min": "2023-08-07 23:24:00",
      "origin_max": "2023-08-12 02:55:00",
      "target_min": "2023-08-07 23:29:00",
      "target_max": "2023-08-12 03:00:00"
    },
    "test": {
      "n": 8692,
      "membership_hash": "0083f660ce00ba82b7680ac8a176432167c878e986a4911db7dc1df20306108f",
      "row_id_hash": "7d1aee54ebd66b5f6541f1af4efedc077913db45c4fb7ea01f732b52411d52d0",
      "origin_min": "2023-08-12 07:24:00",
      "origin_max": "2024-02-04 10:55:00",
      "target_min": "2023-08-12 07:29:00",
      "target_max": "2024-02-04 11:00:00"
    },
    "inner0_train": {
      "n": 4240,
      "membership_hash": "c1a4e771c1a038bd72f692838b5d8582f89cb22ed86367cf0f4b67f5ee82d04c",
      "row_id_hash": "d0fae55550952c749ca4cb3c93ec3f59e8b3a9f62c2bdde723c9cc80c6bf88de",
      "origin_min": "2023-07-26 15:24:00",
      "origin_max": "2023-07-30 22:55:00",
      "target_min": "2023-07-26 15:29:00",
      "target_max": "2023-07-30 23:00:00"
    },
    "inner0_validation": {
      "n": 4240,
      "membership_hash": "e3a07ebc686275bff2d1dc7d8558595990613af830655e24b8a205e8d43a0609",
      "row_id_hash": "28e29d294b80eeb6a5f8994b0744951494a3e4717e07f370f158f948a33d0e48",
      "origin_min": "2023-07-30 23:24:00",
      "origin_max": "2023-08-03 22:55:00",
      "target_min": "2023-07-30 23:29:00",
      "target_max": "2023-08-03 23:00:00"
    },
    "inner1_train": {
      "n": 8480,
      "membership_hash": "6e488b9c421d5b5bde8e49d51a5acc9fd405fbdec90e71ed8be66f739b614b6e",
      "row_id_hash": "2208aa8747a405f6e07db0aca45f47b897d2142c3d45af5770fdc650c204e411",
      "origin_min": "2023-07-26 15:24:00",
      "origin_max": "2023-08-03 22:55:00",
      "target_min": "2023-07-26 15:29:00",
      "target_max": "2023-08-03 23:00:00"
    },
    "inner1_validation": {
      "n": 4452,
      "membership_hash": "4ed20a262cd2134ba3c9e63f62e81a4e9e1ba38dc0ab4bbcbffcb4b038b50f0f",
      "row_id_hash": "f610fdc1f2fd8e841130d8948f2add6ece5b3ea6a1cb4ee8babd9615dfaf6e16",
      "origin_min": "2023-08-03 23:24:00",
      "origin_max": "2023-08-07 22:55:00",
      "target_min": "2023-08-03 23:29:00",
      "target_max": "2023-08-07 23:00:00"
    }
  }
}
{"command": ["C:/cfs_venv/Scripts/python.exe", "-B", "-m", "src.matched_forecasting005", "freeze", "--matrix", "C:\\Users\\nigel\\OneDrive\\Desktop\\GitHub\\confosense\\smart_building_conformal\\outputs\\amendment005\\support_design_v1\\experiment_matrix.csv", "--dataset", "rico", "--horizon", "5", "--outer-fold", "2", "--model-seed", "44", "--design-dir", "C:\\Users\\nigel\\OneDrive\\Desktop\\GitHub\\confosense\\smart_building_conformal\\protocols\\matched_forecasting005\\rico_h5_f2_s44_v1", "--authorization", "C:\\Users\\nigel\\OneDrive\\Desktop\\GitHub\\confosense\\smart_building_conformal\\configs\\matched_forecasting005_fold2_multiseed_authorization_v1.json"], "cwd": "C:\\Users\\nigel\\OneDrive\\Desktop\\GitHub\\confosense\\smart_building_conformal", "started_utc": "2026-09-13T22:42:52.265625+00:00", "logger_pid": 22284, "child_pid": 22980, "ended_utc": "2026-09-13T22:43:07.322240+00:00", "seconds": 15.057450699998299, "exit_status": 0}
{
  "first_unit_ready": true,
  "full_study_ready": false,
  "models_fitted": 0,
  "source_hash": "cd907183301a189ddfcc195774dad58c8fa07d5b326d2ac29cf3636383dc681e",
  "protocol_hash": "6e0a75894df5a2ec4fa8ed9012956025089b82b4d04a42a051dc20244c9643c2",
  "fresh_support_verified": true,
  "resources": {
    "rss_bytes": 428933120,
    "private_bytes": 383561728,
    "lifetime_peak_rss_bytes": 487714816,
    "available_ram_bytes": 4236525568,
    "physical_ram_bytes": 16890978304,
    "free_disk_bytes": 44912680960,
    "launch_ram_reference_bytes": 3221225472,
    "launch_ram_reference_met": true,
    "later_user_nonblocking_ram_instruction": true
  },
  "preparation_resources": {
    "seconds": 18.11398239999835,
    "baseline_rss_bytes": 324431872,
    "peak_rss_bytes": 476336128,
    "baseline_private_bytes": 282439680,
    "peak_private_bytes": 430043136,
    "incremental_peak_rss_bytes": 151904256,
    "lifetime_peak_rss_bytes": 487714816,
    "min_available_ram_bytes": 4188721152,
    "sample_interval_seconds": 0.05,
    "process_cpu_seconds": 17.734375
  },
  "expected_point_cells": 3,
  "expected_interval_cells": 6
}
{"command": ["C:/cfs_venv/Scripts/python.exe", "-B", "-m", "src.matched_forecasting005", "readiness", "--matrix", "C:\\Users\\nigel\\OneDrive\\Desktop\\GitHub\\confosense\\smart_building_conformal\\outputs\\amendment005\\support_design_v1\\experiment_matrix.csv", "--dataset", "rico", "--horizon", "5", "--outer-fold", "2", "--model-seed", "44", "--design-dir", "C:\\Users\\nigel\\OneDrive\\Desktop\\GitHub\\confosense\\smart_building_conformal\\protocols\\matched_forecasting005\\rico_h5_f2_s44_v1"], "cwd": "C:\\Users\\nigel\\OneDrive\\Desktop\\GitHub\\confosense\\smart_building_conformal", "started_utc": "2026-09-13T22:43:07.431177+00:00", "logger_pid": 28040, "child_pid": 24496, "ended_utc": "2026-09-13T22:43:29.685222+00:00", "seconds": 22.25562670000363, "exit_status": 0}
PREFLIGHT 17/52 rico_h5_f2_s44_v1
{
  "frozen": true,
  "models_fitted": 0,
  "data_hash": "7e4af27dc022bb221d3b1e6ac6c130c46417825d4cf4e768c0617fa61a5e9667",
  "role_bank_hash": "9518d3e3e4e1177df814581d4389340b2e13bea0f7456bc9375d6104e6e3bf31",
  "roles": {
    "fit": {
      "n": 12322,
      "membership_hash": "43b916ba9404ba05674434bee730459042f5429db85147bf7480e4994566518e",
      "row_id_hash": "78091d5eff830e5cec75e981f2374fa92a1411659cefc3dbe1f2a66d39d9d20a",
      "origin_min": "2023-07-26 15:24:00",
      "origin_max": "2023-08-07 22:45:00",
      "target_min": "2023-07-26 15:39:00",
      "target_max": "2023-08-07 23:00:00"
    },
    "calibration": {
      "n": 4242,
      "membership_hash": "33982386d1966661ed68b05d6d47cf1b0655579aae4145632efa839b722621cd",
      "row_id_hash": "b24b1ffac74ec3618d19e253737eb069d0f486f2215540f259dccc4a7533bdc7",
      "origin_min": "2023-08-07 23:24:00",
      "origin_max": "2023-08-12 02:45:00",
      "target_min": "2023-08-07 23:39:00",
      "target_max": "2023-08-12 03:00:00"
    },
    "test": {
      "n": 8282,
      "membership_hash": "94377b43ba0ad98a55be4a3e803052ff54825de93fe43932bd54dd5a5999210f",
      "row_id_hash": "70ee9d673d19e218dbcf71db42bc92f130090496931b95a3f5272b32330ac9ff",
      "origin_min": "2023-08-12 07:24:00",
      "origin_max": "2024-02-04 10:45:00",
      "target_min": "2023-08-12 07:39:00",
      "target_max": "2024-02-04 11:00:00"
    },
    "inner0_train": {
      "n": 4040,
      "membership_hash": "5829454b8cc8ac6982c945339d4310a9a179cdd14bcd461b9599ce0e6d31a025",
      "row_id_hash": "8b5377dedc5eef41e49d14b9d7048a8d4b20a24cc3f0213b3b402a19a9daf73e",
      "origin_min": "2023-07-26 15:24:00",
      "origin_max": "2023-07-30 22:45:00",
      "target_min": "2023-07-26 15:39:00",
      "target_max": "2023-07-30 23:00:00"
    },
    "inner0_validation": {
      "n": 4040,
      "membership_hash": "6649edb21bb9388ae4121dd285b20bb3005dcbe0c29f1f6f44aeabe295515229",
      "row_id_hash": "e40b4a7e2ed7d0eff6a01bcacf6dd491fd4801938e5c53b8aeade8bf81122560",
      "origin_min": "2023-07-30 23:24:00",
      "origin_max": "2023-08-03 22:45:00",
      "target_min": "2023-07-30 23:39:00",
      "target_max": "2023-08-03 23:00:00"
    },
    "inner1_train": {
      "n": 8080,
      "membership_hash": "f9a21800560e18a5ee7609e4a2a91977dcc135238791f272cd6cd8c2fe8fb273",
      "row_id_hash": "9180db22b831fe0e7ca58b24616399502cd01d6e796e73eda4fa4cf2184cfcec",
      "origin_min": "2023-07-26 15:24:00",
      "origin_max": "2023-08-03 22:45:00",
      "target_min": "2023-07-26 15:39:00",
      "target_max": "2023-08-03 23:00:00"
    },
    "inner1_validation": {
      "n": 4242,
      "membership_hash": "869e32a55876afd5037cfa569780a029ba6195f2b33156bd33c1e987f35d2fdc",
      "row_id_hash": "57e398b6b31b811e1694aff2168883e9bc8e05d8adeeda9dcf5e072c177a184c",
      "origin_min": "2023-08-03 23:24:00",
      "origin_max": "2023-08-07 22:45:00",
      "target_min": "2023-08-03 23:39:00",
      "target_max": "2023-08-07 23:00:00"
    }
  }
}
{"command": ["C:/cfs_venv/Scripts/python.exe", "-B", "-m", "src.matched_forecasting005", "freeze", "--matrix", "C:\\Users\\nigel\\OneDrive\\Desktop\\GitHub\\confosense\\smart_building_conformal\\outputs\\amendment005\\support_design_v1\\experiment_matrix.csv", "--dataset", "rico", "--horizon", "15", "--outer-fold", "2", "--model-seed", "44", "--design-dir", "C:\\Users\\nigel\\OneDrive\\Desktop\\GitHub\\confosense\\smart_building_conformal\\protocols\\matched_forecasting005\\rico_h15_f2_s44_v1", "--authorization", "C:\\Users\\nigel\\OneDrive\\Desktop\\GitHub\\confosense\\smart_building_conformal\\configs\\matched_forecasting005_fold2_multiseed_authorization_v1.json"], "cwd": "C:\\Users\\nigel\\OneDrive\\Desktop\\GitHub\\confosense\\smart_building_conformal", "started_utc": "2026-09-13T22:43:29.930236+00:00", "logger_pid": 3908, "child_pid": 24380, "ended_utc": "2026-09-13T22:43:44.719386+00:00", "seconds": 14.789484699998866, "exit_status": 0}
{
  "first_unit_ready": true,
  "full_study_ready": false,
  "models_fitted": 0,
  "source_hash": "cd907183301a189ddfcc195774dad58c8fa07d5b326d2ac29cf3636383dc681e",
  "protocol_hash": "01fd3965e400bdbca1098dcdcbf99395ee6b446384d55833c260e9b9f41206df",
  "fresh_support_verified": true,
  "resources": {
    "rss_bytes": 425594880,
    "private_bytes": 379535360,
    "lifetime_peak_rss_bytes": 489123840,
    "available_ram_bytes": 4403240960,
    "physical_ram_bytes": 16890978304,
    "free_disk_bytes": 44910465024,
    "launch_ram_reference_bytes": 3221225472,
    "launch_ram_reference_met": true,
    "later_user_nonblocking_ram_instruction": true
  },
  "preparation_resources": {
    "seconds": 17.91106050000235,
    "baseline_rss_bytes": 325197824,
    "peak_rss_bytes": 476663808,
    "baseline_private_bytes": 283197440,
    "peak_private_bytes": 429019136,
    "incremental_peak_rss_bytes": 151465984,
    "lifetime_peak_rss_bytes": 489123840,
    "min_available_ram_bytes": 4255543296,
    "sample_interval_seconds": 0.05,
    "process_cpu_seconds": 17.09375
  },
  "expected_point_cells": 3,
  "expected_interval_cells": 6
}
{"command": ["C:/cfs_venv/Scripts/python.exe", "-B", "-m", "src.matched_forecasting005", "readiness", "--matrix", "C:\\Users\\nigel\\OneDrive\\Desktop\\GitHub\\confosense\\smart_building_conformal\\outputs\\amendment005\\support_design_v1\\experiment_matrix.csv", "--dataset", "rico", "--horizon", "15", "--outer-fold", "2", "--model-seed", "44", "--design-dir", "C:\\Users\\nigel\\OneDrive\\Desktop\\GitHub\\confosense\\smart_building_conformal\\protocols\\matched_forecasting005\\rico_h15_f2_s44_v1"], "cwd": "C:\\Users\\nigel\\OneDrive\\Desktop\\GitHub\\confosense\\smart_building_conformal", "started_utc": "2026-09-13T22:43:44.833057+00:00", "logger_pid": 8512, "child_pid": 25708, "ended_utc": "2026-09-13T22:44:06.976772+00:00", "seconds": 22.149601599987363, "exit_status": 0}
PREFLIGHT 18/52 rico_h15_f2_s44_v1
{
  "frozen": true,
  "models_fitted": 0,
  "data_hash": "eeb750317701dae7f55594ab5587faa8c9ebea97e3975d6b334e974d3ade445f",
  "role_bank_hash": "1e2ca90b7a53d0080a55f9a00d7855611ae30d8d8cbc8448efdaed67a04ba02c",
  "roles": {
    "fit": {
      "n": 11407,
      "membership_hash": "3d3d4fbb4d8f672ec67c556a83ae19646d5a6de50b7cef115aeeb5cfb30d6489",
      "row_id_hash": "6694a63ad907e314cbbc07e2400b311ddd6b4f95f7a83bc06ccbfbeb0182f11d",
      "origin_min": "2023-07-26 15:24:00",
      "origin_max": "2023-08-07 22:30:00",
      "target_min": "2023-07-26 15:54:00",
      "target_max": "2023-08-07 23:00:00"
    },
    "calibration": {
      "n": 3927,
      "membership_hash": "1342cd8dc9aab44620a5efca7a56fe3be333047033313391a9fdd3a20a8b7ca6",
      "row_id_hash": "f9b289627840a6d96ddd5e6badfd891669d409792d950a9f947a49ad9da2cce1",
      "origin_min": "2023-08-07 23:24:00",
      "origin_max": "2023-08-12 02:30:00",
      "target_min": "2023-08-07 23:54:00",
      "target_max": "2023-08-12 03:00:00"
    },
    "test": {
      "n": 7667,
      "membership_hash": "4290f7193c9add8034e3beb246e9dc5ec1c5c7bc64043a75f4aef0370f2da91a",
      "row_id_hash": "c55446a7da7e2c214397a68556bddc7f23f1100285beae4d6b6b40dd40de0584",
      "origin_min": "2023-08-12 07:24:00",
      "origin_max": "2024-02-04 10:30:00",
      "target_min": "2023-08-12 07:54:00",
      "target_max": "2024-02-04 11:00:00"
    },
    "inner0_train": {
      "n": 3740,
      "membership_hash": "198603de0d21c28b727a91bb36f1d71531516714d0ef322aad814988637b63aa",
      "row_id_hash": "9d917672abf8233ef65c066aade1c65e97bc2f98f30ac865e3880f9148611e97",
      "origin_min": "2023-07-26 15:24:00",
      "origin_max": "2023-07-30 22:30:00",
      "target_min": "2023-07-26 15:54:00",
      "target_max": "2023-07-30 23:00:00"
    },
    "inner0_validation": {
      "n": 3740,
      "membership_hash": "1587766cd9a1b662669f11a62c95e7d2fd19b24001ef93ceaa6cfb25ca8059b0",
      "row_id_hash": "0097da66de91d3a060f37562847bdc9aac7b47a0108c449f7bb67c62b7b490ce",
      "origin_min": "2023-07-30 23:24:00",
      "origin_max": "2023-08-03 22:30:00",
      "target_min": "2023-07-30 23:54:00",
      "target_max": "2023-08-03 23:00:00"
    },
    "inner1_train": {
      "n": 7480,
      "membership_hash": "e8aa89ac449919910789c941c06679a8faba7d42a3be6a5e7d1c598619b933ac",
      "row_id_hash": "39428fb6ae40555288f096d7afd6fd9eb71c9e5d48b714de4c1f38d81aebc06c",
      "origin_min": "2023-07-26 15:24:00",
      "origin_max": "2023-08-03 22:30:00",
      "target_min": "2023-07-26 15:54:00",
      "target_max": "2023-08-03 23:00:00"
    },
    "inner1_validation": {
      "n": 3927,
      "membership_hash": "0c1086ba100d4a63d10c3054ddcf3d1803ca6464fc6960b4acbf90b625f25618",
      "row_id_hash": "776e68499bf8cfa868629e2b39477d8a3b6a9656f0f716467b99404358cfdea4",
      "origin_min": "2023-08-03 23:24:00",
      "origin_max": "2023-08-07 22:30:00",
      "target_min": "2023-08-03 23:54:00",
      "target_max": "2023-08-07 23:00:00"
    }
  }
}
{"command": ["C:/cfs_venv/Scripts/python.exe", "-B", "-m", "src.matched_forecasting005", "freeze", "--matrix", "C:\\Users\\nigel\\OneDrive\\Desktop\\GitHub\\confosense\\smart_building_conformal\\outputs\\amendment005\\support_design_v1\\experiment_matrix.csv", "--dataset", "rico", "--horizon", "30", "--outer-fold", "2", "--model-seed", "44", "--design-dir", "C:\\Users\\nigel\\OneDrive\\Desktop\\GitHub\\confosense\\smart_building_conformal\\protocols\\matched_forecasting005\\rico_h30_f2_s44_v1", "--authorization", "C:\\Users\\nigel\\OneDrive\\Desktop\\GitHub\\confosense\\smart_building_conformal\\configs\\matched_forecasting005_fold2_multiseed_authorization_v1.json"], "cwd": "C:\\Users\\nigel\\OneDrive\\Desktop\\GitHub\\confosense\\smart_building_conformal", "started_utc": "2026-09-13T22:44:07.220401+00:00", "logger_pid": 21140, "child_pid": 25232, "ended_utc": "2026-09-13T22:44:21.259749+00:00", "seconds": 14.040823399991496, "exit_status": 0}
{
  "first_unit_ready": true,
  "full_study_ready": false,
  "models_fitted": 0,
  "source_hash": "cd907183301a189ddfcc195774dad58c8fa07d5b326d2ac29cf3636383dc681e",
  "protocol_hash": "d77ff883b70c530d7ef4a845d9f8bb9579906f566e5c281d2756cae0377e97b9",
  "fresh_support_verified": true,
  "resources": {
    "rss_bytes": 427085824,
    "private_bytes": 385200128,
    "lifetime_peak_rss_bytes": 479911936,
    "available_ram_bytes": 4387893248,
    "physical_ram_bytes": 16890978304,
    "free_disk_bytes": 44908605440,
    "launch_ram_reference_bytes": 3221225472,
    "launch_ram_reference_met": true,
    "later_user_nonblocking_ram_instruction": true
  },
  "preparation_resources": {
    "seconds": 17.825404599992908,
    "baseline_rss_bytes": 324276224,
    "peak_rss_bytes": 465035264,
    "baseline_private_bytes": 281878528,
    "peak_private_bytes": 418181120,
    "incremental_peak_rss_bytes": 140759040,
    "lifetime_peak_rss_bytes": 479911936,
    "min_available_ram_bytes": 4348944384,
    "sample_interval_seconds": 0.05,
    "process_cpu_seconds": 17.375
  },
  "expected_point_cells": 3,
  "expected_interval_cells": 6
}
{"command": ["C:/cfs_venv/Scripts/python.exe", "-B", "-m", "src.matched_forecasting005", "readiness", "--matrix", "C:\\Users\\nigel\\OneDrive\\Desktop\\GitHub\\confosense\\smart_building_conformal\\outputs\\amendment005\\support_design_v1\\experiment_matrix.csv", "--dataset", "rico", "--horizon", "30", "--outer-fold", "2", "--model-seed", "44", "--design-dir", "C:\\Users\\nigel\\OneDrive\\Desktop\\GitHub\\confosense\\smart_building_conformal\\protocols\\matched_forecasting005\\rico_h30_f2_s44_v1"], "cwd": "C:\\Users\\nigel\\OneDrive\\Desktop\\GitHub\\confosense\\smart_building_conformal", "started_utc": "2026-09-13T22:44:21.380976+00:00", "logger_pid": 27892, "child_pid": 15700, "ended_utc": "2026-09-13T22:44:43.459217+00:00", "seconds": 22.075278899996192, "exit_status": 0}
PREFLIGHT 19/52 rico_h30_f2_s44_v1
{
  "frozen": true,
  "models_fitted": 0,
  "data_hash": "0c5fe27756b43d49f61814b8caa31857212c601f949748975dc68470e36cac57",
  "role_bank_hash": "639ceecb5bf9b521418ca6a7fdd7b58284343f14208c4fd7e92beae3218dfb9b",
  "roles": {
    "fit": {
      "n": 9577,
      "membership_hash": "3b2ee7b2aa12c1ffb1d92fa0d145bb40ec7eda5553d5aea200e775ff319f45fe",
      "row_id_hash": "917983dc467388ac885978e9b74c0f5ae88208d9e772efb9a39ac7017ffda1e5",
      "origin_min": "2023-07-26 15:24:00",
      "origin_max": "2023-08-07 22:00:00",
      "target_min": "2023-07-26 16:24:00",
      "target_max": "2023-08-07 23:00:00"
    },
    "calibration": {
      "n": 3297,
      "membership_hash": "19a46d1f1e763d33d1e2c9dbf5a850710435131d3255b74cb7409a8b19d08a11",
      "row_id_hash": "4a3e49a4d097af747bc134411c84fb6696c6a47b21c1662b14e547fb2301bda0",
      "origin_min": "2023-08-07 23:24:00",
      "origin_max": "2023-08-12 02:00:00",
      "target_min": "2023-08-08 00:24:00",
      "target_max": "2023-08-12 03:00:00"
    },
    "test": {
      "n": 6437,
      "membership_hash": "96e3e48ce62ca523eaae571b05e9ad301988a1f12a3ac66ae726426480decd2d",
      "row_id_hash": "11822b6b9a8ddf1e52a552fb0d6807f186a45a3e449b33787f74c1ab55098a86",
      "origin_min": "2023-08-12 07:24:00",
      "origin_max": "2024-02-04 10:00:00",
      "target_min": "2023-08-12 08:24:00",
      "target_max": "2024-02-04 11:00:00"
    },
    "inner0_train": {
      "n": 3140,
      "membership_hash": "e1a9b7343d9985a4ced316edb7ca5ace194bf2d2e7e084f168c35f13e080aa6d",
      "row_id_hash": "906ab9a1ce19f9094aefe6e85d3d493ca1b0ddbbfc4ec199202eb446fe8e10a3",
      "origin_min": "2023-07-26 15:24:00",
      "origin_max": "2023-07-30 22:00:00",
      "target_min": "2023-07-26 16:24:00",
      "target_max": "2023-07-30 23:00:00"
    },
    "inner0_validation": {
      "n": 3140,
      "membership_hash": "39d39957ce206e9dc8190020883a07fd168cf109f8d1fef65ca5b15ba45f3e7b",
      "row_id_hash": "406473e2a41452b02d46fde11295f5af4f59560a02cff20d21cc7edb15b284d6",
      "origin_min": "2023-07-30 23:24:00",
      "origin_max": "2023-08-03 22:00:00",
      "target_min": "2023-07-31 00:24:00",
      "target_max": "2023-08-03 23:00:00"
    },
    "inner1_train": {
      "n": 6280,
      "membership_hash": "c3047313f13abd432da4994930a13dcfbc9e03a7b7b859795cb091b4566b1a2c",
      "row_id_hash": "1291fe31555aec90de912a6b974688464079c6c237fe80da5387b28dbf887b01",
      "origin_min": "2023-07-26 15:24:00",
      "origin_max": "2023-08-03 22:00:00",
      "target_min": "2023-07-26 16:24:00",
      "target_max": "2023-08-03 23:00:00"
    },
    "inner1_validation": {
      "n": 3297,
      "membership_hash": "a6ae4c6f274995caa3ad0f21a8955eef12dc85407e9117f47e34988102374fe8",
      "row_id_hash": "b2de499abb1d5fd66ddd772d071f835e97be3afc0f2f49bebe556b036ece718e",
      "origin_min": "2023-08-03 23:24:00",
      "origin_max": "2023-08-07 22:00:00",
      "target_min": "2023-08-04 00:24:00",
      "target_max": "2023-08-07 23:00:00"
    }
  }
}
{"command": ["C:/cfs_venv/Scripts/python.exe", "-B", "-m", "src.matched_forecasting005", "freeze", "--matrix", "C:\\Users\\nigel\\OneDrive\\Desktop\\GitHub\\confosense\\smart_building_conformal\\outputs\\amendment005\\support_design_v1\\experiment_matrix.csv", "--dataset", "rico", "--horizon", "60", "--outer-fold", "2", "--model-seed", "44", "--design-dir", "C:\\Users\\nigel\\OneDrive\\Desktop\\GitHub\\confosense\\smart_building_conformal\\protocols\\matched_forecasting005\\rico_h60_f2_s44_v1", "--authorization", "C:\\Users\\nigel\\OneDrive\\Desktop\\GitHub\\confosense\\smart_building_conformal\\configs\\matched_forecasting005_fold2_multiseed_authorization_v1.json"], "cwd": "C:\\Users\\nigel\\OneDrive\\Desktop\\GitHub\\confosense\\smart_building_conformal", "started_utc": "2026-09-13T22:44:43.701734+00:00", "logger_pid": 22052, "child_pid": 19020, "ended_utc": "2026-09-13T22:44:57.719943+00:00", "seconds": 14.015792899997905, "exit_status": 0}
{
  "first_unit_ready": true,
  "full_study_ready": false,
  "models_fitted": 0,
  "source_hash": "cd907183301a189ddfcc195774dad58c8fa07d5b326d2ac29cf3636383dc681e",
  "protocol_hash": "01b0ab222def6a097a71173f162a9d0a123cee2401f80ab01e645ea937b84d41",
  "fresh_support_verified": true,
  "resources": {
    "rss_bytes": 419237888,
    "private_bytes": 373293056,
    "lifetime_peak_rss_bytes": 472875008,
    "available_ram_bytes": 4372135936,
    "physical_ram_bytes": 16890978304,
    "free_disk_bytes": 44906934272,
    "launch_ram_reference_bytes": 3221225472,
    "launch_ram_reference_met": true,
    "later_user_nonblocking_ram_instruction": true
  },
  "preparation_resources": {
    "seconds": 17.414997799991397,
    "baseline_rss_bytes": 325140480,
    "peak_rss_bytes": 452976640,
    "baseline_private_bytes": 283406336,
    "peak_private_bytes": 406765568,
    "incremental_peak_rss_bytes": 127836160,
    "lifetime_peak_rss_bytes": 472875008,
    "min_available_ram_bytes": 4336795648,
    "sample_interval_seconds": 0.05,
    "process_cpu_seconds": 16.890625
  },
  "expected_point_cells": 3,
  "expected_interval_cells": 6
}
{"command": ["C:/cfs_venv/Scripts/python.exe", "-B", "-m", "src.matched_forecasting005", "readiness", "--matrix", "C:\\Users\\nigel\\OneDrive\\Desktop\\GitHub\\confosense\\smart_building_conformal\\outputs\\amendment005\\support_design_v1\\experiment_matrix.csv", "--dataset", "rico", "--horizon", "60", "--outer-fold", "2", "--model-seed", "44", "--design-dir", "C:\\Users\\nigel\\OneDrive\\Desktop\\GitHub\\confosense\\smart_building_conformal\\protocols\\matched_forecasting005\\rico_h60_f2_s44_v1"], "cwd": "C:\\Users\\nigel\\OneDrive\\Desktop\\GitHub\\confosense\\smart_building_conformal", "started_utc": "2026-09-13T22:44:57.836548+00:00", "logger_pid": 10680, "child_pid": 10960, "ended_utc": "2026-09-13T22:45:19.458722+00:00", "seconds": 21.624362799993833, "exit_status": 0}
PREFLIGHT 20/52 rico_h60_f2_s44_v1
{
  "frozen": true,
  "models_fitted": 0,
  "data_hash": "fa848b25f5d2ffb553914a71627dd43e06a0209f876a4c92fe46cfd09cfb3a4b",
  "role_bank_hash": "dc1777931a9ff3ea7618ea2f42593508ea058ed2eee51e5d7da3023e49b50342",
  "roles": {
    "fit": {
      "n": 51664,
      "membership_hash": "6e0d45c48d3a4b44d9f76f6b73bcfa544059c044e4fcb2bb043113a3ea0c98b3",
      "row_id_hash": "a768c33faacf5ee1c4dc438e25212bf45d7ea78dfea5619e155deb5319db6fde",
      "origin_min": "2016-01-07 23:00:00",
      "origin_max": "2016-08-12 00:00:00",
      "target_min": "2016-01-08 00:00:00",
      "target_max": "2016-08-12 01:00:00"
    },
    "calibration": {
      "n": 17370,
      "membership_hash": "6a3ee02d97428f6ac606609430e38532655800cc84db58c3aa6ea5cd92b5b046",
      "row_id_hash": "26c6b13b52297d2afd3247d44c89c4f19830685e9ff40c4c6362776af4a4537a",
      "origin_min": "2016-08-12 03:00:00",
      "origin_max": "2016-10-23 11:00:00",
      "target_min": "2016-08-12 04:00:00",
      "target_max": "2016-10-23 12:00:00"
    },
    "test": {
      "n": 34640,
      "membership_hash": "c0a9c62ab5c2c19e2bcda261042739e825c4525966fbd8708bf07bb1a963c3a3",
      "row_id_hash": "b57c00d734ecf2193bf555669b2e5662f0e8634317096680bd62d91bca9d41b9",
      "origin_min": "2016-10-23 13:00:00",
      "origin_max": "2017-03-17 07:00:00",
      "target_min": "2016-10-23 14:00:00",
      "target_max": "2017-03-17 08:00:00"
    },
    "inner0_train": {
      "n": 17103,
      "membership_hash": "3b0ce3c40fb104a4f9776689f902c2ebe24fb8f34c3c1dee00a43f065304be50",
      "row_id_hash": "39798ad61dbc450c98f123d94ad9dd68d17987e19b2eba92912c07cd4315061a",
      "origin_min": "2016-01-07 23:00:00",
      "origin_max": "2016-03-20 05:00:00",
      "target_min": "2016-01-08 00:00:00",
      "target_max": "2016-03-20 06:00:00"
    },
    "inner0_validation": {
      "n": 17225,
      "membership_hash": "5107d05697add3596888e9689d63abf9f53717168f4d4e2512a41f0ed22456bf",
      "row_id_hash": "7f1a703b31df6c2e9b0965dafe1ac65d9043ef8e91b79743ba2c5671dd174389",
      "origin_min": "2016-03-20 07:00:00",
      "origin_max": "2016-05-31 14:00:00",
      "target_min": "2016-03-20 08:00:00",
      "target_max": "2016-05-31 15:00:00"
    },
    "inner1_train": {
      "n": 34328,
      "membership_hash": "e84068cb2e5bb9ddf91d2e95c8970ef283ab8f0917ce39666fca328339caea80",
      "row_id_hash": "2a9ec624a426e36fb1aa25c4c6154cd94037384dc1380aca8518429489b22811",
      "origin_min": "2016-01-07 23:00:00",
      "origin_max": "2016-05-31 14:00:00",
      "target_min": "2016-01-08 00:00:00",
      "target_max": "2016-05-31 15:00:00"
    },
    "inner1_validation": {
      "n": 17316,
      "membership_hash": "69372493d379fab7967b2ee8f30590cb6c7908fa72c8046b7992da14d71184e0",
      "row_id_hash": "870d2f28235a81b4591b8c3e267d4762572c5b01721d5748e2c50872ca667b5a",
      "origin_min": "2016-05-31 16:00:00",
      "origin_max": "2016-08-12 00:00:00",
      "target_min": "2016-05-31 17:00:00",
      "target_max": "2016-08-12 01:00:00"
    }
  }
}
{"command": ["C:/cfs_venv/Scripts/python.exe", "-B", "-m", "src.matched_forecasting005", "freeze", "--matrix", "C:\\Users\\nigel\\OneDrive\\Desktop\\GitHub\\confosense\\smart_building_conformal\\outputs\\amendment005\\support_design_v1\\experiment_matrix.csv", "--dataset", "bdg2", "--horizon", "1", "--outer-fold", "2", "--model-seed", "44", "--design-dir", "C:\\Users\\nigel\\OneDrive\\Desktop\\GitHub\\confosense\\smart_building_conformal\\protocols\\matched_forecasting005\\bdg2_h1_f2_s44_v1", "--authorization", "C:\\Users\\nigel\\OneDrive\\Desktop\\GitHub\\confosense\\smart_building_conformal\\configs\\matched_forecasting005_fold2_multiseed_authorization_v1.json"], "cwd": "C:\\Users\\nigel\\OneDrive\\Desktop\\GitHub\\confosense\\smart_building_conformal", "started_utc": "2026-09-13T22:45:19.670496+00:00", "logger_pid": 6608, "child_pid": 24612, "ended_utc": "2026-09-13T22:45:42.973059+00:00", "seconds": 23.300773399998434, "exit_status": 0}
{
  "first_unit_ready": true,
  "full_study_ready": false,
  "models_fitted": 0,
  "source_hash": "cd907183301a189ddfcc195774dad58c8fa07d5b326d2ac29cf3636383dc681e",
  "protocol_hash": "e7988effe69158185667915053b64a81aacdfba8f19abf3f913ea7b779a2aa11",
  "fresh_support_verified": true,
  "resources": {
    "rss_bytes": 438325248,
    "private_bytes": 399343616,
    "lifetime_peak_rss_bytes": 1032228864,
    "available_ram_bytes": 4563972096,
    "physical_ram_bytes": 16890978304,
    "free_disk_bytes": 44897947648,
    "launch_ram_reference_bytes": 3221225472,
    "launch_ram_reference_met": true,
    "later_user_nonblocking_ram_instruction": true
  },
  "preparation_resources": {
    "seconds": 19.604912200011313,
    "baseline_rss_bytes": 324505600,
    "peak_rss_bytes": 969809920,
    "baseline_private_bytes": 282394624,
    "peak_private_bytes": 998805504,
    "incremental_peak_rss_bytes": 645304320,
    "lifetime_peak_rss_bytes": 1032228864,
    "min_available_ram_bytes": 3825324032,
    "sample_interval_seconds": 0.05,
    "process_cpu_seconds": 18.953125
  },
  "expected_point_cells": 3,
  "expected_interval_cells": 6
}
{"command": ["C:/cfs_venv/Scripts/python.exe", "-B", "-m", "src.matched_forecasting005", "readiness", "--matrix", "C:\\Users\\nigel\\OneDrive\\Desktop\\GitHub\\confosense\\smart_building_conformal\\outputs\\amendment005\\support_design_v1\\experiment_matrix.csv", "--dataset", "bdg2", "--horizon", "1", "--outer-fold", "2", "--model-seed", "44", "--design-dir", "C:\\Users\\nigel\\OneDrive\\Desktop\\GitHub\\confosense\\smart_building_conformal\\protocols\\matched_forecasting005\\bdg2_h1_f2_s44_v1"], "cwd": "C:\\Users\\nigel\\OneDrive\\Desktop\\GitHub\\confosense\\smart_building_conformal", "started_utc": "2026-09-13T22:45:43.100255+00:00", "logger_pid": 7140, "child_pid": 28076, "ended_utc": "2026-09-13T22:46:06.930104+00:00", "seconds": 23.830366900001536, "exit_status": 0}
PREFLIGHT 21/52 bdg2_h1_f2_s44_v1
{
  "frozen": true,
  "models_fitted": 0,
  "data_hash": "9f5a2d248e63aadf2db9e2701591a2d16924b87085f18ded69819a86cfadad9c",
  "role_bank_hash": "c1131a9d34af97210a5165e90d03721d8528ad05e9579d3299c486047d4e9b55",
  "roles": {
    "fit": {
      "n": 51634,
      "membership_hash": "24548642307cad42aa249770e9c2f9976be06ca00a3344af4cc76eb72d8340b5",
      "row_id_hash": "ffa384f38312c9dc3d731360d923fcf346a931431bf149fc831c4adea813d691",
      "origin_min": "2016-01-07 21:00:00",
      "origin_max": "2016-08-11 19:00:00",
      "target_min": "2016-01-08 00:00:00",
      "target_max": "2016-08-11 22:00:00"
    },
    "calibration": {
      "n": 17360,
      "membership_hash": "d0abd97ca8d625e40fb2a1cb4a703de04db6f055eefe3ab56cd15b66319b5aba",
      "row_id_hash": "863c0af90269298b0e6f5a2f56b55eaff6d6133311914cf4e057fa69feec07d4",
      "origin_min": "2016-08-12 00:00:00",
      "origin_max": "2016-10-23 07:00:00",
      "target_min": "2016-08-12 03:00:00",
      "target_max": "2016-10-23 10:00:00"
    },
    "test": {
      "n": 34640,
      "membership_hash": "ac209fd38c4629ceb7d8ca27dc61c0e078efffe969b14c5a757d27aa8ff1b6c5",
      "row_id_hash": "c96bb83824e1a9ba2a796cae7018992bad567e577c67a2840e377bec1990828c",
      "origin_min": "2016-10-23 11:00:00",
      "origin_max": "2017-03-17 05:00:00",
      "target_min": "2016-10-23 14:00:00",
      "target_max": "2017-03-17 08:00:00"
    },
    "inner0_train": {
      "n": 17073,
      "membership_hash": "8e295ef626f371c07b1ec49afd7f2693659cd6afde4f22be484735f11239b065",
      "row_id_hash": "e1dc0b63558312fca058d40b4bfa82e47e74c4313fcadb1123b077c3d0c819f3",
      "origin_min": "2016-01-07 21:00:00",
      "origin_max": "2016-03-20 00:00:00",
      "target_min": "2016-01-08 00:00:00",
      "target_max": "2016-03-20 03:00:00"
    },
    "inner0_validation": {
      "n": 17195,
      "membership_hash": "c1889776e05fcec42d92ea64731f69999ff88e2a223554807aa3617934c1addb",
      "row_id_hash": "3e1e48c2f2fee5c8f54852c9b499600ff5daf14d9974942119e4e5e818d41013",
      "origin_min": "2016-03-20 04:00:00",
      "origin_max": "2016-05-31 08:00:00",
      "target_min": "2016-03-20 07:00:00",
      "target_max": "2016-05-31 11:00:00"
    },
    "inner1_train": {
      "n": 34268,
      "membership_hash": "95b32a00537cd05f86880ccdef0381bf1831d69289c8361feb735b598d2d9ff1",
      "row_id_hash": "6a6104fa7e43733847fe9b10a19040ca38296c59a9f9056b38739bc2e0aab954",
      "origin_min": "2016-01-07 21:00:00",
      "origin_max": "2016-05-31 08:00:00",
      "target_min": "2016-01-08 00:00:00",
      "target_max": "2016-05-31 11:00:00"
    },
    "inner1_validation": {
      "n": 17306,
      "membership_hash": "5974dd749dae94b806e58e7445c48c198e82f3cba50cd0d6c54572d87fcd2191",
      "row_id_hash": "ce214c17538c51e016a687e3548b8d719a95205251378923f0db0f3b4a862fb9",
      "origin_min": "2016-05-31 12:00:00",
      "origin_max": "2016-08-11 19:00:00",
      "target_min": "2016-05-31 15:00:00",
      "target_max": "2016-08-11 22:00:00"
    }
  }
}
{"command": ["C:/cfs_venv/Scripts/python.exe", "-B", "-m", "src.matched_forecasting005", "freeze", "--matrix", "C:\\Users\\nigel\\OneDrive\\Desktop\\GitHub\\confosense\\smart_building_conformal\\outputs\\amendment005\\support_design_v1\\experiment_matrix.csv", "--dataset", "bdg2", "--horizon", "3", "--outer-fold", "2", "--model-seed", "44", "--design-dir", "C:\\Users\\nigel\\OneDrive\\Desktop\\GitHub\\confosense\\smart_building_conformal\\protocols\\matched_forecasting005\\bdg2_h3_f2_s44_v1", "--authorization", "C:\\Users\\nigel\\OneDrive\\Desktop\\GitHub\\confosense\\smart_building_conformal\\configs\\matched_forecasting005_fold2_multiseed_authorization_v1.json"], "cwd": "C:\\Users\\nigel\\OneDrive\\Desktop\\GitHub\\confosense\\smart_building_conformal", "started_utc": "2026-09-13T22:46:07.168804+00:00", "logger_pid": 26828, "child_pid": 25180, "ended_utc": "2026-09-13T22:46:31.165336+00:00", "seconds": 23.996934099995997, "exit_status": 0}
{
  "first_unit_ready": true,
  "full_study_ready": false,
  "models_fitted": 0,
  "source_hash": "cd907183301a189ddfcc195774dad58c8fa07d5b326d2ac29cf3636383dc681e",
  "protocol_hash": "1c272b5857ac435b4dc16a2df23f54cc875cd939040fe756c81d6838e1cc680f",
  "fresh_support_verified": true,
  "resources": {
    "rss_bytes": 443867136,
    "private_bytes": 402677760,
    "lifetime_peak_rss_bytes": 1033256960,
    "available_ram_bytes": 4316450816,
    "physical_ram_bytes": 16890978304,
    "free_disk_bytes": 44887453696,
    "launch_ram_reference_bytes": 3221225472,
    "launch_ram_reference_met": true,
    "later_user_nonblocking_ram_instruction": true
  },
  "preparation_resources": {
    "seconds": 17.225526000009268,
    "baseline_rss_bytes": 324636672,
    "peak_rss_bytes": 994484224,
    "baseline_private_bytes": 282480640,
    "peak_private_bytes": 999284736,
    "incremental_peak_rss_bytes": 669847552,
    "lifetime_peak_rss_bytes": 1033256960,
    "min_available_ram_bytes": 3967315968,
    "sample_interval_seconds": 0.05,
    "process_cpu_seconds": 16.671875
  },
  "expected_point_cells": 3,
  "expected_interval_cells": 6
}
{"command": ["C:/cfs_venv/Scripts/python.exe", "-B", "-m", "src.matched_forecasting005", "readiness", "--matrix", "C:\\Users\\nigel\\OneDrive\\Desktop\\GitHub\\confosense\\smart_building_conformal\\outputs\\amendment005\\support_design_v1\\experiment_matrix.csv", "--dataset", "bdg2", "--horizon", "3", "--outer-fold", "2", "--model-seed", "44", "--design-dir", "C:\\Users\\nigel\\OneDrive\\Desktop\\GitHub\\confosense\\smart_building_conformal\\protocols\\matched_forecasting005\\bdg2_h3_f2_s44_v1"], "cwd": "C:\\Users\\nigel\\OneDrive\\Desktop\\GitHub\\confosense\\smart_building_conformal", "started_utc": "2026-09-13T22:46:31.281762+00:00", "logger_pid": 2528, "child_pid": 4800, "ended_utc": "2026-09-13T22:46:52.633629+00:00", "seconds": 21.351485999999568, "exit_status": 0}
PREFLIGHT 22/52 bdg2_h3_f2_s44_v1
{
  "frozen": true,
  "models_fitted": 0,
  "data_hash": "79cd64593080031680a39460f2948bf4cd4b4562c85f66f5d8f6565610b946b8",
  "role_bank_hash": "9abcf13664a5dbd8c96c390b879095bce984f2809c147423d9338c3ecce0555b",
  "roles": {
    "fit": {
      "n": 51584,
      "membership_hash": "ee0d65d4d8fd886cddd0836feb6cc554b3a0668bb8646e26ad368612e89933cf",
      "row_id_hash": "2238d76a4dbf3773688730ddc491de3cefe37795d6a581e2848ae721c331e6bf",
      "origin_min": "2016-01-07 18:00:00",
      "origin_max": "2016-08-11 11:00:00",
      "target_min": "2016-01-08 00:00:00",
      "target_max": "2016-08-11 17:00:00"
    },
    "calibration": {
      "n": 17350,
      "membership_hash": "cb99d3f6083f8add3d0568883b9be9ed322386b154e74837371f8bb0570068e3",
      "row_id_hash": "aa683503ff148880151cae8fc08bfc24515ae8c36edb5767a336c52e0cdd96ed",
      "origin_min": "2016-08-11 19:00:00",
      "origin_max": "2016-10-23 01:00:00",
      "target_min": "2016-08-12 01:00:00",
      "target_max": "2016-10-23 07:00:00"
    },
    "test": {
      "n": 34640,
      "membership_hash": "d2c8963470de5f63c6abdd989a9a7e8e9784ee1b533d376fa55278f758ab13ef",
      "row_id_hash": "37fd04542c9ea0f00adda74f2d1670855cd47ee8d91e3a242b6c76c5ce0d762f",
      "origin_min": "2016-10-23 08:00:00",
      "origin_max": "2017-03-17 02:00:00",
      "target_min": "2016-10-23 14:00:00",
      "target_max": "2017-03-17 08:00:00"
    },
    "inner0_train": {
      "n": 17033,
      "membership_hash": "f02c7d71705a3d16569d09c94aa6c7fb805b688993dc198b089dcc5412c536ac",
      "row_id_hash": "8ca497a9ec0ddfa4978eff0e12b817bc3d8788f0c11d3e52e52fc002b3b19c38",
      "origin_min": "2016-01-07 18:00:00",
      "origin_max": "2016-03-19 17:00:00",
      "target_min": "2016-01-08 00:00:00",
      "target_max": "2016-03-19 23:00:00"
    },
    "inner0_validation": {
      "n": 17145,
      "membership_hash": "6ddab6cde7fed95f1e35d8f0d2de163d9dfa7e49b74cc1fe856e19a448cc3e0d",
      "row_id_hash": "a8bce31b5505b65db6595bffdb69845940891da0b8f2b8d6250d99ce20b5dfdd",
      "origin_min": "2016-03-20 00:00:00",
      "origin_max": "2016-05-30 23:00:00",
      "target_min": "2016-03-20 06:00:00",
      "target_max": "2016-05-31 05:00:00"
    },
    "inner1_train": {
      "n": 34178,
      "membership_hash": "c721e4717a3a7db386cdb7de77770e79babb33f799d974a9fc843c6e093156f0",
      "row_id_hash": "e68a0b396351fba557fbf54a0dece8e1c5545ebb7b8a096a7e1cd6d0fc3eb0dc",
      "origin_min": "2016-01-07 18:00:00",
      "origin_max": "2016-05-30 23:00:00",
      "target_min": "2016-01-08 00:00:00",
      "target_max": "2016-05-31 05:00:00"
    },
    "inner1_validation": {
      "n": 17286,
      "membership_hash": "d9afb522d74237fbcb0085a235ee27867d8cc18c0b883edd9a4606f91b4382ee",
      "row_id_hash": "decf7a3acf92420ae63e05af24db95ff28729fcdf67cd117b4ecbe0ba825a85f",
      "origin_min": "2016-05-31 06:00:00",
      "origin_max": "2016-08-11 11:00:00",
      "target_min": "2016-05-31 12:00:00",
      "target_max": "2016-08-11 17:00:00"
    }
  }
}
{"command": ["C:/cfs_venv/Scripts/python.exe", "-B", "-m", "src.matched_forecasting005", "freeze", "--matrix", "C:\\Users\\nigel\\OneDrive\\Desktop\\GitHub\\confosense\\smart_building_conformal\\outputs\\amendment005\\support_design_v1\\experiment_matrix.csv", "--dataset", "bdg2", "--horizon", "6", "--outer-fold", "2", "--model-seed", "44", "--design-dir", "C:\\Users\\nigel\\OneDrive\\Desktop\\GitHub\\confosense\\smart_building_conformal\\protocols\\matched_forecasting005\\bdg2_h6_f2_s44_v1", "--authorization", "C:\\Users\\nigel\\OneDrive\\Desktop\\GitHub\\confosense\\smart_building_conformal\\configs\\matched_forecasting005_fold2_multiseed_authorization_v1.json"], "cwd": "C:\\Users\\nigel\\OneDrive\\Desktop\\GitHub\\confosense\\smart_building_conformal", "started_utc": "2026-09-13T22:46:52.857463+00:00", "logger_pid": 8360, "child_pid": 22300, "ended_utc": "2026-09-13T22:47:16.504376+00:00", "seconds": 23.65183810000599, "exit_status": 0}
{
  "first_unit_ready": true,
  "full_study_ready": false,
  "models_fitted": 0,
  "source_hash": "cd907183301a189ddfcc195774dad58c8fa07d5b326d2ac29cf3636383dc681e",
  "protocol_hash": "6dfe0e0bfd3dc2f5fff2b69f9b2dbbe2d7192a01735568515ad77c163d63c11a",
  "fresh_support_verified": true,
  "resources": {
    "rss_bytes": 442068992,
    "private_bytes": 400273408,
    "lifetime_peak_rss_bytes": 1033154560,
    "available_ram_bytes": 4529180672,
    "physical_ram_bytes": 16890978304,
    "free_disk_bytes": 44878577664,
    "launch_ram_reference_bytes": 3221225472,
    "launch_ram_reference_met": true,
    "later_user_nonblocking_ram_instruction": true
  },
  "preparation_resources": {
    "seconds": 16.601809600004344,
    "baseline_rss_bytes": 324288512,
    "peak_rss_bytes": 956178432,
    "baseline_private_bytes": 282034176,
    "peak_private_bytes": 999067648,
    "incremental_peak_rss_bytes": 631889920,
    "lifetime_peak_rss_bytes": 1033154560,
    "min_available_ram_bytes": 4014170112,
    "sample_interval_seconds": 0.05,
    "process_cpu_seconds": 16.453125
  },
  "expected_point_cells": 3,
  "expected_interval_cells": 6
}
{"command": ["C:/cfs_venv/Scripts/python.exe", "-B", "-m", "src.matched_forecasting005", "readiness", "--matrix", "C:\\Users\\nigel\\OneDrive\\Desktop\\GitHub\\confosense\\smart_building_conformal\\outputs\\amendment005\\support_design_v1\\experiment_matrix.csv", "--dataset", "bdg2", "--horizon", "6", "--outer-fold", "2", "--model-seed", "44", "--design-dir", "C:\\Users\\nigel\\OneDrive\\Desktop\\GitHub\\confosense\\smart_building_conformal\\protocols\\matched_forecasting005\\bdg2_h6_f2_s44_v1"], "cwd": "C:\\Users\\nigel\\OneDrive\\Desktop\\GitHub\\confosense\\smart_building_conformal", "started_utc": "2026-09-13T22:47:16.632023+00:00", "logger_pid": 23792, "child_pid": 1720, "ended_utc": "2026-09-13T22:47:37.365238+00:00", "seconds": 20.73110689999885, "exit_status": 0}
PREFLIGHT 23/52 bdg2_h6_f2_s44_v1
{
  "frozen": true,
  "models_fitted": 0,
  "data_hash": "ea4daa5dc3579aec204c02fd26d09ba7467a2ad3c45790efc705c7883bde6741",
  "role_bank_hash": "badafb8398bc754b251fa2a13514fa6111f8bf96e4054696777b03dce5e878f2",
  "roles": {
    "fit": {
      "n": 14858,
      "membership_hash": "082d3c719093d84e13379d5a2c367aacae289407ac707cb64d266f759ebb787b",
      "row_id_hash": "a5da64445ac5f1af2fd4c56cb88650223d7690fede620e9a6758367516928aca",
      "origin_min": "2021-01-08 00:00:00",
      "origin_max": "2021-04-21 04:10:00",
      "target_min": "2021-01-08 00:10:00",
      "target_max": "2021-04-21 04:20:00"
    },
    "calibration": {
      "n": 4953,
      "membership_hash": "9eb8650e22c2484bd09a282820451387cd0610e0cf55aa2ec428816a260b5143",
      "row_id_hash": "7794c3f938f5b39a6b7c298611ca6e5d91de32415f98091ff059cd97e6946b01",
      "origin_min": "2021-04-21 04:40:00",
      "origin_max": "2021-05-25 14:00:00",
      "target_min": "2021-04-21 04:50:00",
      "target_max": "2021-05-25 14:10:00"
    },
    "test": {
      "n": 9907,
      "membership_hash": "9873f938ec58b7643a4b9bb6625e3522fa47921a83ef136da20c6e62a17a410f",
      "row_id_hash": "ca2d8ac2f6c4a85d87a0b3e689792f73277921d41eae2f48c6b4eb1e307d2a61",
      "origin_min": "2021-05-25 14:20:00",
      "origin_max": "2021-08-02 09:20:00",
      "target_min": "2021-05-25 14:30:00",
      "target_max": "2021-08-02 09:30:00"
    },
    "inner0_train": {
      "n": 4951,
      "membership_hash": "772e37103d6ec8c04ebb7c7e034fb82e77efacdfb42740094dd62aba1cdcbb46",
      "row_id_hash": "9ff5cf13265f7071fd9c0761e23cbdb0a3b06a17108fe4c9e29d7b526dbb16f6",
      "origin_min": "2021-01-08 00:00:00",
      "origin_max": "2021-02-11 09:00:00",
      "target_min": "2021-01-08 00:10:00",
      "target_max": "2021-02-11 09:10:00"
    },
    "inner0_validation": {
      "n": 4952,
      "membership_hash": "3ee052b31b48d8aee119b1a1a23488da243b59b1055ebe21d22b810798c26df1",
      "row_id_hash": "94101a1db88057481d0b93b3f6f6f8a0ba0768c95d5d786cc94219111fc8b01a",
      "origin_min": "2021-02-11 09:20:00",
      "origin_max": "2021-03-17 18:30:00",
      "target_min": "2021-02-11 09:30:00",
      "target_max": "2021-03-17 18:40:00"
    },
    "inner1_train": {
      "n": 9903,
      "membership_hash": "bc9acab132bf77c6fdb966545b0c1c36c2d8d40c0debf6ad9879832e8eed3f18",
      "row_id_hash": "5bb7052421dc4dc1014d0183a0a86dc9346860360b70733932af01792401ebea",
      "origin_min": "2021-01-08 00:00:00",
      "origin_max": "2021-03-17 18:30:00",
      "target_min": "2021-01-08 00:10:00",
      "target_max": "2021-03-17 18:40:00"
    },
    "inner1_validation": {
      "n": 4953,
      "membership_hash": "af2dbfce54bc80c97b7250e3d85c70b3feb7714d2fb1b6436b4b00eeaec9ed9e",
      "row_id_hash": "28760e0529920ab50fc08711863e3203a9e12a65c4321ba66c5ea2a7711920b5",
      "origin_min": "2021-03-17 18:50:00",
      "origin_max": "2021-04-21 04:10:00",
      "target_min": "2021-03-17 19:00:00",
      "target_max": "2021-04-21 04:20:00"
    }
  }
}
{"command": ["C:/cfs_venv/Scripts/python.exe", "-B", "-m", "src.matched_forecasting005", "freeze", "--matrix", "C:\\Users\\nigel\\OneDrive\\Desktop\\GitHub\\confosense\\smart_building_conformal\\outputs\\amendment005\\support_design_v1\\experiment_matrix.csv", "--dataset", "pleia", "--horizon", "1", "--outer-fold", "2", "--model-seed", "44", "--design-dir", "C:\\Users\\nigel\\OneDrive\\Desktop\\GitHub\\confosense\\smart_building_conformal\\protocols\\matched_forecasting005\\pleia_h1_f2_s44_v1", "--authorization", "C:\\Users\\nigel\\OneDrive\\Desktop\\GitHub\\confosense\\smart_building_conformal\\configs\\matched_forecasting005_fold2_multiseed_authorization_v1.json"], "cwd": "C:\\Users\\nigel\\OneDrive\\Desktop\\GitHub\\confosense\\smart_building_conformal", "started_utc": "2026-09-13T22:47:37.607014+00:00", "logger_pid": 29528, "child_pid": 18548, "ended_utc": "2026-09-13T22:47:50.976255+00:00", "seconds": 13.374478799989447, "exit_status": 0}
{
  "first_unit_ready": true,
  "full_study_ready": false,
  "models_fitted": 0,
  "source_hash": "cd907183301a189ddfcc195774dad58c8fa07d5b326d2ac29cf3636383dc681e",
  "protocol_hash": "556741a9a18d9a9f8ebb1031f0e532e5233caa8c07bcda907c7ae3ae195edb7f",
  "fresh_support_verified": true,
  "resources": {
    "rss_bytes": 380956672,
    "private_bytes": 337276928,
    "lifetime_peak_rss_bytes": 1244319744,
    "available_ram_bytes": 4435877888,
    "physical_ram_bytes": 16890978304,
    "free_disk_bytes": 44876034048,
    "launch_ram_reference_bytes": 3221225472,
    "launch_ram_reference_met": true,
    "later_user_nonblocking_ram_instruction": true
  },
  "preparation_resources": {
    "seconds": 8.000941200007219,
    "baseline_rss_bytes": 324714496,
    "peak_rss_bytes": 1242882048,
    "baseline_private_bytes": 282738688,
    "peak_private_bytes": 1207635968,
    "incremental_peak_rss_bytes": 918167552,
    "lifetime_peak_rss_bytes": 1244319744,
    "min_available_ram_bytes": 3598688256,
    "sample_interval_seconds": 0.05,
    "process_cpu_seconds": 7.859375
  },
  "expected_point_cells": 3,
  "expected_interval_cells": 6
}
{"command": ["C:/cfs_venv/Scripts/python.exe", "-B", "-m", "src.matched_forecasting005", "readiness", "--matrix", "C:\\Users\\nigel\\OneDrive\\Desktop\\GitHub\\confosense\\smart_building_conformal\\outputs\\amendment005\\support_design_v1\\experiment_matrix.csv", "--dataset", "pleia", "--horizon", "1", "--outer-fold", "2", "--model-seed", "44", "--design-dir", "C:\\Users\\nigel\\OneDrive\\Desktop\\GitHub\\confosense\\smart_building_conformal\\protocols\\matched_forecasting005\\pleia_h1_f2_s44_v1"], "cwd": "C:\\Users\\nigel\\OneDrive\\Desktop\\GitHub\\confosense\\smart_building_conformal", "started_utc": "2026-09-13T22:47:51.096179+00:00", "logger_pid": 7512, "child_pid": 3972, "ended_utc": "2026-09-13T22:48:03.191436+00:00", "seconds": 12.097142700004042, "exit_status": 0}
PREFLIGHT 24/52 pleia_h1_f2_s44_v1
{
  "frozen": true,
  "models_fitted": 0,
  "data_hash": "d9952ed2b0af11ec34f4cb849c9c45e91f7c74a3cdaa2393e449e2715e7f934c",
  "role_bank_hash": "6fa371901b6c3e9ddf59ab5f6a3dfd4df7833e00db6e5ee2c633f99798fb542a",
  "roles": {
    "fit": {
      "n": 14855,
      "membership_hash": "227c29f26e08b12144a3144f7b4e485ceef61eeffddfb8383055cdb14249180b",
      "row_id_hash": "4074dfa6f8e6042743030c8386a0f02bf142e81c22c53c260629dc0e31aea099",
      "origin_min": "2021-01-07 23:40:00",
      "origin_max": "2021-04-21 03:20:00",
      "target_min": "2021-01-08 00:10:00",
      "target_max": "2021-04-21 03:50:00"
    },
    "calibration": {
      "n": 4952,
      "membership_hash": "7fa06de8c38dda4d17b6b0cf6e9ef56c1df4e74c93e4a91c0e4cc3ac109ef25d",
      "row_id_hash": "e7a9e5a4d0f065e905f3b68d0ddcc8cfa81961e510bbeaa67844d8b295557883",
      "origin_min": "2021-04-21 04:10:00",
      "origin_max": "2021-05-25 13:20:00",
      "target_min": "2021-04-21 04:40:00",
      "target_max": "2021-05-25 13:50:00"
    },
    "test": {
      "n": 9907,
      "membership_hash": "bac99d6be4cb79fe22304f53e75236e112bbd0869eb6fec15e881e232b076cc3",
      "row_id_hash": "980af583f5f37c78a95e0b099badf318c309a782627933d4b65363f009fed507",
      "origin_min": "2021-05-25 14:00:00",
      "origin_max": "2021-08-02 09:00:00",
      "target_min": "2021-05-25 14:30:00",
      "target_max": "2021-08-02 09:30:00"
    },
    "inner0_train": {
      "n": 4948,
      "membership_hash": "fdb3d26c48df5c39e6763480535e204d2594b8749ab6df0a1371c11c4991afd2",
      "row_id_hash": "ddaf23d54fbb3a4e9b995b43253825c4ae6a3c46f5831e9bc1bc774c65ae348c",
      "origin_min": "2021-01-07 23:40:00",
      "origin_max": "2021-02-11 08:10:00",
      "target_min": "2021-01-08 00:10:00",
      "target_max": "2021-02-11 08:40:00"
    },
    "inner0_validation": {
      "n": 4949,
      "membership_hash": "249bb3d7f2b16be8c15ebb503c1a33019c0aed25686b3ca72cf4bf16dc16264d",
      "row_id_hash": "1046774ecf67bd5d7b3cda329101e3229f1720d1f12b59feb24732dffedd21a3",
      "origin_min": "2021-02-11 08:50:00",
      "origin_max": "2021-03-17 17:30:00",
      "target_min": "2021-02-11 09:20:00",
      "target_max": "2021-03-17 18:00:00"
    },
    "inner1_train": {
      "n": 9897,
      "membership_hash": "e4a2af2e86062f34ecc2da38f038c54771899f808d45a3482679b08ab9163cba",
      "row_id_hash": "50e5f199066eca1e0f35e3294dda145841773b547bab055401b3e8d8067ed3c0",
      "origin_min": "2021-01-07 23:40:00",
      "origin_max": "2021-03-17 17:30:00",
      "target_min": "2021-01-08 00:10:00",
      "target_max": "2021-03-17 18:00:00"
    },
    "inner1_validation": {
      "n": 4952,
      "membership_hash": "4439d1e24df439cf5dbec4b37090c9521460fad2488d498a7c821cf963a6daa2",
      "row_id_hash": "e567401ae33f835a2879ba5be9304ca8129f612468e33f9ab19c6e25dd3b1e5c",
      "origin_min": "2021-03-17 18:10:00",
      "origin_max": "2021-04-21 03:20:00",
      "target_min": "2021-03-17 18:40:00",
      "target_max": "2021-04-21 03:50:00"
    }
  }
}
{"command": ["C:/cfs_venv/Scripts/python.exe", "-B", "-m", "src.matched_forecasting005", "freeze", "--matrix", "C:\\Users\\nigel\\OneDrive\\Desktop\\GitHub\\confosense\\smart_building_conformal\\outputs\\amendment005\\support_design_v1\\experiment_matrix.csv", "--dataset", "pleia", "--horizon", "3", "--outer-fold", "2", "--model-seed", "44", "--design-dir", "C:\\Users\\nigel\\OneDrive\\Desktop\\GitHub\\confosense\\smart_building_conformal\\protocols\\matched_forecasting005\\pleia_h3_f2_s44_v1", "--authorization", "C:\\Users\\nigel\\OneDrive\\Desktop\\GitHub\\confosense\\smart_building_conformal\\configs\\matched_forecasting005_fold2_multiseed_authorization_v1.json"], "cwd": "C:\\Users\\nigel\\OneDrive\\Desktop\\GitHub\\confosense\\smart_building_conformal", "started_utc": "2026-09-13T22:48:03.428235+00:00", "logger_pid": 29052, "child_pid": 19636, "ended_utc": "2026-09-13T22:48:16.399865+00:00", "seconds": 12.975644999998622, "exit_status": 0}
{
  "first_unit_ready": true,
  "full_study_ready": false,
  "models_fitted": 0,
  "source_hash": "cd907183301a189ddfcc195774dad58c8fa07d5b326d2ac29cf3636383dc681e",
  "protocol_hash": "b7e3fa5ed8095f5fd84d9934e8cfc8e570437f6da1fa9ab9bb67e1ef8b940f33",
  "fresh_support_verified": true,
  "resources": {
    "rss_bytes": 392015872,
    "private_bytes": 347000832,
    "lifetime_peak_rss_bytes": 1243254784,
    "available_ram_bytes": 4486791168,
    "physical_ram_bytes": 16890978304,
    "free_disk_bytes": 44873494528,
    "launch_ram_reference_bytes": 3221225472,
    "launch_ram_reference_met": true,
    "later_user_nonblocking_ram_instruction": true
  },
  "preparation_resources": {
    "seconds": 7.866433599992888,
    "baseline_rss_bytes": 324202496,
    "peak_rss_bytes": 1082290176,
    "baseline_private_bytes": 282079232,
    "peak_private_bytes": 1202917376,
    "incremental_peak_rss_bytes": 758087680,
    "lifetime_peak_rss_bytes": 1243254784,
    "min_available_ram_bytes": 3797053440,
    "sample_interval_seconds": 0.05,
    "process_cpu_seconds": 7.6875
  },
  "expected_point_cells": 3,
  "expected_interval_cells": 6
}
{"command": ["C:/cfs_venv/Scripts/python.exe", "-B", "-m", "src.matched_forecasting005", "readiness", "--matrix", "C:\\Users\\nigel\\OneDrive\\Desktop\\GitHub\\confosense\\smart_building_conformal\\outputs\\amendment005\\support_design_v1\\experiment_matrix.csv", "--dataset", "pleia", "--horizon", "3", "--outer-fold", "2", "--model-seed", "44", "--design-dir", "C:\\Users\\nigel\\OneDrive\\Desktop\\GitHub\\confosense\\smart_building_conformal\\protocols\\matched_forecasting005\\pleia_h3_f2_s44_v1"], "cwd": "C:\\Users\\nigel\\OneDrive\\Desktop\\GitHub\\confosense\\smart_building_conformal", "started_utc": "2026-09-13T22:48:16.515413+00:00", "logger_pid": 23812, "child_pid": 27296, "ended_utc": "2026-09-13T22:48:28.557151+00:00", "seconds": 12.038600200001383, "exit_status": 0}
PREFLIGHT 25/52 pleia_h3_f2_s44_v1
{
  "frozen": true,
  "models_fitted": 0,
  "data_hash": "5f82d9b1241b651ae41db34771b44ea8dc61cee2367a2af45ca7be1d9403d5cb",
  "role_bank_hash": "71eb667e2ed175651d70ebdcf17848409bd01b14568e768b8f7d37b654481b9f",
  "roles": {
    "fit": {
      "n": 14850,
      "membership_hash": "ef9d6a6abac88bf6870ca419233277f25ca38ffcec8d2e50ef36e5a7ae619400",
      "row_id_hash": "1a376d5a8a154a77f83f187423efb4d9fc845968a0043a1454205c7b56a18c46",
      "origin_min": "2021-01-07 23:10:00",
      "origin_max": "2021-04-21 02:00:00",
      "target_min": "2021-01-08 00:10:00",
      "target_max": "2021-04-21 03:00:00"
    },
    "calibration": {
      "n": 4951,
      "membership_hash": "9247b241a0fa2d22e3929a301f0ff3511dbadd5e2e8ec374799c5c7abceab76d",
      "row_id_hash": "2d7a6ad1c542e4d2f60a787f5e43892e1e19f63a3d75ff6e0accd70b674462a7",
      "origin_min": "2021-04-21 03:20:00",
      "origin_max": "2021-05-25 12:20:00",
      "target_min": "2021-04-21 04:20:00",
      "target_max": "2021-05-25 13:20:00"
    },
    "test": {
      "n": 9907,
      "membership_hash": "c6974f8d3bde0930d9d56239e658a56ee8f6554aea2606844b45a070315571f1",
      "row_id_hash": "ac5e21416b994368c2c6ea779989080df106bc5896da0483b1f5982a7af732fa",
      "origin_min": "2021-05-25 13:30:00",
      "origin_max": "2021-08-02 08:30:00",
      "target_min": "2021-05-25 14:30:00",
      "target_max": "2021-08-02 09:30:00"
    },
    "inner0_train": {
      "n": 4944,
      "membership_hash": "7e1d872fdae249702364dcedccb8344e6e44d13dde4694244d1d8af8576495fb",
      "row_id_hash": "8f691537f61aeaf3b6b2bce9234e1f3f2fce1fa89f579c6620a77d4e9430bbe6",
      "origin_min": "2021-01-07 23:10:00",
      "origin_max": "2021-02-11 07:00:00",
      "target_min": "2021-01-08 00:10:00",
      "target_max": "2021-02-11 08:00:00"
    },
    "inner0_validation": {
      "n": 4944,
      "membership_hash": "2984744e642beefa7ce03314b45942af4ef6594d8939fdf4b62e61c263f6bdb8",
      "row_id_hash": "2d75f8c14ab352752c56668098b1a13d6f545d051d41b03dbb9af51140add5f3",
      "origin_min": "2021-02-11 08:10:00",
      "origin_max": "2021-03-17 16:00:00",
      "target_min": "2021-02-11 09:10:00",
      "target_max": "2021-03-17 17:00:00"
    },
    "inner1_train": {
      "n": 9888,
      "membership_hash": "b302ee02c2b16f2a988275f6ff329f6f03774c4c85d10d37902b32b54795d4e0",
      "row_id_hash": "2330831bef316a2f27daff3f18c8507290a36952db81e8e9e7594e746f48686e",
      "origin_min": "2021-01-07 23:10:00",
      "origin_max": "2021-03-17 16:00:00",
      "target_min": "2021-01-08 00:10:00",
      "target_max": "2021-03-17 17:00:00"
    },
    "inner1_validation": {
      "n": 4950,
      "membership_hash": "94c11b73e5e68059ca8334f73f6dc70805df5c01f5112cc20d147b640c4f52fd",
      "row_id_hash": "30c0df9856e41df5c927bceaf854572d24fb209861c6708cc43afdf2762d6890",
      "origin_min": "2021-03-17 17:10:00",
      "origin_max": "2021-04-21 02:00:00",
      "target_min": "2021-03-17 18:10:00",
      "target_max": "2021-04-21 03:00:00"
    }
  }
}
{"command": ["C:/cfs_venv/Scripts/python.exe", "-B", "-m", "src.matched_forecasting005", "freeze", "--matrix", "C:\\Users\\nigel\\OneDrive\\Desktop\\GitHub\\confosense\\smart_building_conformal\\outputs\\amendment005\\support_design_v1\\experiment_matrix.csv", "--dataset", "pleia", "--horizon", "6", "--outer-fold", "2", "--model-seed", "44", "--design-dir", "C:\\Users\\nigel\\OneDrive\\Desktop\\GitHub\\confosense\\smart_building_conformal\\protocols\\matched_forecasting005\\pleia_h6_f2_s44_v1", "--authorization", "C:\\Users\\nigel\\OneDrive\\Desktop\\GitHub\\confosense\\smart_building_conformal\\configs\\matched_forecasting005_fold2_multiseed_authorization_v1.json"], "cwd": "C:\\Users\\nigel\\OneDrive\\Desktop\\GitHub\\confosense\\smart_building_conformal", "started_utc": "2026-09-13T22:48:28.781466+00:00", "logger_pid": 19900, "child_pid": 27412, "ended_utc": "2026-09-13T22:48:41.859957+00:00", "seconds": 13.079462300011073, "exit_status": 0}
{
  "first_unit_ready": true,
  "full_study_ready": false,
  "models_fitted": 0,
  "source_hash": "cd907183301a189ddfcc195774dad58c8fa07d5b326d2ac29cf3636383dc681e",
  "protocol_hash": "525531103bdd604f7fcaff1fd54d3b905c82394b6ab9d0a9f351f372258537df",
  "fresh_support_verified": true,
  "resources": {
    "rss_bytes": 383328256,
    "private_bytes": 339165184,
    "lifetime_peak_rss_bytes": 1243361280,
    "available_ram_bytes": 4486471680,
    "physical_ram_bytes": 16890978304,
    "free_disk_bytes": 44871028736,
    "launch_ram_reference_bytes": 3221225472,
    "launch_ram_reference_met": true,
    "later_user_nonblocking_ram_instruction": true
  },
  "preparation_resources": {
    "seconds": 8.421820799994748,
    "baseline_rss_bytes": 324612096,
    "peak_rss_bytes": 1144672256,
    "baseline_private_bytes": 282734592,
    "peak_private_bytes": 1203240960,
    "incremental_peak_rss_bytes": 820060160,
    "lifetime_peak_rss_bytes": 1243361280,
    "min_available_ram_bytes": 3733204992,
    "sample_interval_seconds": 0.05,
    "process_cpu_seconds": 8.078125
  },
  "expected_point_cells": 3,
  "expected_interval_cells": 6
}
{"command": ["C:/cfs_venv/Scripts/python.exe", "-B", "-m", "src.matched_forecasting005", "readiness", "--matrix", "C:\\Users\\nigel\\OneDrive\\Desktop\\GitHub\\confosense\\smart_building_conformal\\outputs\\amendment005\\support_design_v1\\experiment_matrix.csv", "--dataset", "pleia", "--horizon", "6", "--outer-fold", "2", "--model-seed", "44", "--design-dir", "C:\\Users\\nigel\\OneDrive\\Desktop\\GitHub\\confosense\\smart_building_conformal\\protocols\\matched_forecasting005\\pleia_h6_f2_s44_v1"], "cwd": "C:\\Users\\nigel\\OneDrive\\Desktop\\GitHub\\confosense\\smart_building_conformal", "started_utc": "2026-09-13T22:48:41.989160+00:00", "logger_pid": 29520, "child_pid": 24328, "ended_utc": "2026-09-13T22:48:54.593140+00:00", "seconds": 12.609715300000971, "exit_status": 0}
PREFLIGHT 26/52 pleia_h6_f2_s44_v1
{
  "frozen": true,
  "models_fitted": 0,
  "data_hash": "8bfbf2d874682c3d69016a5b2b5cd9586d83211bbc7d08f2d1563f696869362b",
  "role_bank_hash": "8892aaa62fd2dbf5f922cc593f23e7df743bbe64a25d183d1c972c5f3f0a731a",
  "roles": {
    "fit": {
      "n": 14858,
      "membership_hash": "44caea14eb9235d38ecc221b7d59fdc2f8f54bff0f52fbbd9e0bb1b805ca2387",
      "row_id_hash": "24ce73785501ff4786fb0ae996364f8e145b4b21700a3a571554a5938dd70ade",
      "origin_min": "2021-01-07 23:50:00",
      "origin_max": "2021-04-21 04:00:00",
      "target_min": "2021-01-08 00:00:00",
      "target_max": "2021-04-21 04:10:00"
    },
    "calibration": {
      "n": 4953,
      "membership_hash": "05d6c30f8c3813efdcab97c9bdab0eee81ce669af9af5b8b70b88518c07f2ca8",
      "row_id_hash": "f15ad2a2ec27d37ae1857a3e23c7c43a238d7f5a9db3b667111c380b16382500",
      "origin_min": "2021-04-21 04:30:00",
      "origin_max": "2021-05-25 13:50:00",
      "target_min": "2021-04-21 04:40:00",
      "target_max": "2021-05-25 14:00:00"
    },
    "test": {
      "n": 9907,
      "membership_hash": "b6bdcea0efeca5c07185bc1f75980e8a2570387a5c08e31f9cd301cf38cb60bd",
      "row_id_hash": "99d72f4e202d73a2f0741156b0869793469cfbd9485f853689fa883bce87daa3",
      "origin_min": "2021-05-25 14:10:00",
      "origin_max": "2021-08-02 09:10:00",
      "target_min": "2021-05-25 14:20:00",
      "target_max": "2021-08-02 09:20:00"
    },
    "inner0_train": {
      "n": 4951,
      "membership_hash": "0388e109290a61d05fa9d59bbd9c237bab2a32267e29b1fb8a9d86b58d147f6d",
      "row_id_hash": "70cade1f008e511232829b472a3b7c67bc84c109140470714270e792d5c7e97b",
      "origin_min": "2021-01-07 23:50:00",
      "origin_max": "2021-02-11 08:50:00",
      "target_min": "2021-01-08 00:00:00",
      "target_max": "2021-02-11 09:00:00"
    },
    "inner0_validation": {
      "n": 4952,
      "membership_hash": "d9b8de7f361f4bdbe04542b9c243a2685ce657a01202469acaf8acd43c1c7106",
      "row_id_hash": "9381f3eb0d221051813de2df0d6f8b60e2bc3ec108c925e0eb875f7a6e607493",
      "origin_min": "2021-02-11 09:10:00",
      "origin_max": "2021-03-17 18:20:00",
      "target_min": "2021-02-11 09:20:00",
      "target_max": "2021-03-17 18:30:00"
    },
    "inner1_train": {
      "n": 9903,
      "membership_hash": "ce74106a5bae27e1e344fdc38942436bf694eabfb98ddbe63b832a5414090828",
      "row_id_hash": "98d395a3458442f6b33b72140be4827f7cc87caf92ea1fa3046b332b25d90001",
      "origin_min": "2021-01-07 23:50:00",
      "origin_max": "2021-03-17 18:20:00",
      "target_min": "2021-01-08 00:00:00",
      "target_max": "2021-03-17 18:30:00"
    },
    "inner1_validation": {
      "n": 4953,
      "membership_hash": "36a56bf1ec8357c98060da403a08ce064b57ba57997bc7c82896591862424bbd",
      "row_id_hash": "ff9099d61e16e3b26aa2737196df355bb32d37e67b948e5e9e55852fa0e92a33",
      "origin_min": "2021-03-17 18:40:00",
      "origin_max": "2021-04-21 04:00:00",
      "target_min": "2021-03-17 18:50:00",
      "target_max": "2021-04-21 04:10:00"
    }
  }
}
{"command": ["C:/cfs_venv/Scripts/python.exe", "-B", "-m", "src.matched_forecasting005", "freeze", "--matrix", "C:\\Users\\nigel\\OneDrive\\Desktop\\GitHub\\confosense\\smart_building_conformal\\outputs\\amendment005\\support_design_v1\\experiment_matrix.csv", "--dataset", "pleia_energy", "--horizon", "1", "--outer-fold", "2", "--model-seed", "45", "--design-dir", "C:\\Users\\nigel\\OneDrive\\Desktop\\GitHub\\confosense\\smart_building_conformal\\protocols\\matched_forecasting005\\pleia_energy_h1_f2_s45_v1", "--authorization", "C:\\Users\\nigel\\OneDrive\\Desktop\\GitHub\\confosense\\smart_building_conformal\\configs\\matched_forecasting005_fold2_multiseed_authorization_v1.json"], "cwd": "C:\\Users\\nigel\\OneDrive\\Desktop\\GitHub\\confosense\\smart_building_conformal", "started_utc": "2026-09-13T22:48:54.829374+00:00", "logger_pid": 9884, "child_pid": 23988, "ended_utc": "2026-09-13T22:49:03.961696+00:00", "seconds": 9.132555100004538, "exit_status": 0}
{
  "first_unit_ready": true,
  "full_study_ready": false,
  "models_fitted": 0,
  "source_hash": "cd907183301a189ddfcc195774dad58c8fa07d5b326d2ac29cf3636383dc681e",
  "protocol_hash": "62525d471de44634625aece820db117b886a496789ecd0dc85fc593cfee8dbee",
  "fresh_support_verified": true,
  "resources": {
    "rss_bytes": 377401344,
    "private_bytes": 332967936,
    "lifetime_peak_rss_bytes": 410742784,
    "available_ram_bytes": 4511473664,
    "physical_ram_bytes": 16890978304,
    "free_disk_bytes": 44868489216,
    "launch_ram_reference_bytes": 3221225472,
    "launch_ram_reference_met": true,
    "later_user_nonblocking_ram_instruction": true
  },
  "preparation_resources": {
    "seconds": 4.17007829999784,
    "baseline_rss_bytes": 325255168,
    "peak_rss_bytes": 401629184,
    "baseline_private_bytes": 283238400,
    "peak_private_bytes": 356618240,
    "incremental_peak_rss_bytes": 76374016,
    "lifetime_peak_rss_bytes": 410742784,
    "min_available_ram_bytes": 4489732096,
    "sample_interval_seconds": 0.05,
    "process_cpu_seconds": 4.0625
  },
  "expected_point_cells": 3,
  "expected_interval_cells": 6
}
{"command": ["C:/cfs_venv/Scripts/python.exe", "-B", "-m", "src.matched_forecasting005", "readiness", "--matrix", "C:\\Users\\nigel\\OneDrive\\Desktop\\GitHub\\confosense\\smart_building_conformal\\outputs\\amendment005\\support_design_v1\\experiment_matrix.csv", "--dataset", "pleia_energy", "--horizon", "1", "--outer-fold", "2", "--model-seed", "45", "--design-dir", "C:\\Users\\nigel\\OneDrive\\Desktop\\GitHub\\confosense\\smart_building_conformal\\protocols\\matched_forecasting005\\pleia_energy_h1_f2_s45_v1"], "cwd": "C:\\Users\\nigel\\OneDrive\\Desktop\\GitHub\\confosense\\smart_building_conformal", "started_utc": "2026-09-13T22:49:04.086550+00:00", "logger_pid": 26132, "child_pid": 1980, "ended_utc": "2026-09-13T22:49:12.362212+00:00", "seconds": 8.277731299996958, "exit_status": 0}
PREFLIGHT 27/52 pleia_energy_h1_f2_s45_v1
{
  "frozen": true,
  "models_fitted": 0,
  "data_hash": "1ffa2b29dc13b120254046c80e97d22647f7b50e5487694b306f692a84d92e14",
  "role_bank_hash": "2d8a91b93c1a8b8aa8ef5a6496971ee12250108a24504ff6b046cf70b7262f75",
  "roles": {
    "fit": {
      "n": 14855,
      "membership_hash": "9fc9e18746429e574996b5d318c420366de84a249898bc72faa113826ebf5288",
      "row_id_hash": "558cff0744ce974849383acc7967f940020b64bfac9013ed4a208009b2708bf5",
      "origin_min": "2021-01-07 23:30:00",
      "origin_max": "2021-04-21 03:10:00",
      "target_min": "2021-01-08 00:00:00",
      "target_max": "2021-04-21 03:40:00"
    },
    "calibration": {
      "n": 4952,
      "membership_hash": "314903ce4f8c8409c5417c2d6b829e4549971bebc3d6a0dc881d54aa3c565364",
      "row_id_hash": "4229dfd898ed95c9f9693260d3cb9bb25c08cf354ea18d6e850f1422de1405f1",
      "origin_min": "2021-04-21 04:00:00",
      "origin_max": "2021-05-25 13:10:00",
      "target_min": "2021-04-21 04:30:00",
      "target_max": "2021-05-25 13:40:00"
    },
    "test": {
      "n": 9907,
      "membership_hash": "f7a8b2ab436b98d9e3c4127b8c0c687d2944e7cc7512d2ddf6c76666e097c7ea",
      "row_id_hash": "c2d53e2fc20a6e6e5143df383f37e38aeb9e86b2de67c63088da1d4583d4b1dd",
      "origin_min": "2021-05-25 13:50:00",
      "origin_max": "2021-08-02 08:50:00",
      "target_min": "2021-05-25 14:20:00",
      "target_max": "2021-08-02 09:20:00"
    },
    "inner0_train": {
      "n": 4948,
      "membership_hash": "ebf7520964f58026cc222578bba1f1d2a33b67198299f1c5bba1566bd6784377",
      "row_id_hash": "894b35f84e79ef291432eb4ec2ea7a1f5f02cfd69a67e241ecae730eafa5e89a",
      "origin_min": "2021-01-07 23:30:00",
      "origin_max": "2021-02-11 08:00:00",
      "target_min": "2021-01-08 00:00:00",
      "target_max": "2021-02-11 08:30:00"
    },
    "inner0_validation": {
      "n": 4949,
      "membership_hash": "2aa22d1ba1125056fdd68d6b2027eacd834f9664eaae2b53cff2a9faa7ddf126",
      "row_id_hash": "41af3db740ef555be369e15e8e0eabcc34559abc88a624a17301e8eed7414656",
      "origin_min": "2021-02-11 08:40:00",
      "origin_max": "2021-03-17 17:20:00",
      "target_min": "2021-02-11 09:10:00",
      "target_max": "2021-03-17 17:50:00"
    },
    "inner1_train": {
      "n": 9897,
      "membership_hash": "78a72344eb383f72004edb224f83c552a272dfeaffbb94ff79fcbecf0505fce1",
      "row_id_hash": "581506cccfe66c620c944cd60584ec2109d04279aca39b38d38f40d6b80f9d9a",
      "origin_min": "2021-01-07 23:30:00",
      "origin_max": "2021-03-17 17:20:00",
      "target_min": "2021-01-08 00:00:00",
      "target_max": "2021-03-17 17:50:00"
    },
    "inner1_validation": {
      "n": 4952,
      "membership_hash": "5e7ec7b15735ad3fbb7d39223dba2b0d10397023ec6e05681ca69c5b3cfa1106",
      "row_id_hash": "72c8599283ed3e772db63a8669d21aa9c29578597a29d0cc7558d3f93476d419",
      "origin_min": "2021-03-17 18:00:00",
      "origin_max": "2021-04-21 03:10:00",
      "target_min": "2021-03-17 18:30:00",
      "target_max": "2021-04-21 03:40:00"
    }
  }
}
{"command": ["C:/cfs_venv/Scripts/python.exe", "-B", "-m", "src.matched_forecasting005", "freeze", "--matrix", "C:\\Users\\nigel\\OneDrive\\Desktop\\GitHub\\confosense\\smart_building_conformal\\outputs\\amendment005\\support_design_v1\\experiment_matrix.csv", "--dataset", "pleia_energy", "--horizon", "3", "--outer-fold", "2", "--model-seed", "45", "--design-dir", "C:\\Users\\nigel\\OneDrive\\Desktop\\GitHub\\confosense\\smart_building_conformal\\protocols\\matched_forecasting005\\pleia_energy_h3_f2_s45_v1", "--authorization", "C:\\Users\\nigel\\OneDrive\\Desktop\\GitHub\\confosense\\smart_building_conformal\\configs\\matched_forecasting005_fold2_multiseed_authorization_v1.json"], "cwd": "C:\\Users\\nigel\\OneDrive\\Desktop\\GitHub\\confosense\\smart_building_conformal", "started_utc": "2026-09-13T22:49:12.625975+00:00", "logger_pid": 27804, "child_pid": 26440, "ended_utc": "2026-09-13T22:49:22.004580+00:00", "seconds": 9.385330399993109, "exit_status": 0}
{
  "first_unit_ready": true,
  "full_study_ready": false,
  "models_fitted": 0,
  "source_hash": "cd907183301a189ddfcc195774dad58c8fa07d5b326d2ac29cf3636383dc681e",
  "protocol_hash": "c4251293278cc903db86fe4f42a91a7108a0c33bdffb224f47cfe4b37bfbafc1",
  "fresh_support_verified": true,
  "resources": {
    "rss_bytes": 375685120,
    "private_bytes": 331444224,
    "lifetime_peak_rss_bytes": 410238976,
    "available_ram_bytes": 4526817280,
    "physical_ram_bytes": 16890978304,
    "free_disk_bytes": 44865867776,
    "launch_ram_reference_bytes": 3221225472,
    "launch_ram_reference_met": true,
    "later_user_nonblocking_ram_instruction": true
  },
  "preparation_resources": {
    "seconds": 4.156260799994925,
    "baseline_rss_bytes": 324300800,
    "peak_rss_bytes": 401125376,
    "baseline_private_bytes": 282460160,
    "peak_private_bytes": 356134912,
    "incremental_peak_rss_bytes": 76824576,
    "lifetime_peak_rss_bytes": 410238976,
    "min_available_ram_bytes": 4488802304,
    "sample_interval_seconds": 0.05,
    "process_cpu_seconds": 4.078125
  },
  "expected_point_cells": 3,
  "expected_interval_cells": 6
}
{"command": ["C:/cfs_venv/Scripts/python.exe", "-B", "-m", "src.matched_forecasting005", "readiness", "--matrix", "C:\\Users\\nigel\\OneDrive\\Desktop\\GitHub\\confosense\\smart_building_conformal\\outputs\\amendment005\\support_design_v1\\experiment_matrix.csv", "--dataset", "pleia_energy", "--horizon", "3", "--outer-fold", "2", "--model-seed", "45", "--design-dir", "C:\\Users\\nigel\\OneDrive\\Desktop\\GitHub\\confosense\\smart_building_conformal\\protocols\\matched_forecasting005\\pleia_energy_h3_f2_s45_v1"], "cwd": "C:\\Users\\nigel\\OneDrive\\Desktop\\GitHub\\confosense\\smart_building_conformal", "started_utc": "2026-09-13T22:49:22.149937+00:00", "logger_pid": 6272, "child_pid": 23876, "ended_utc": "2026-09-13T22:49:30.404282+00:00", "seconds": 8.253154899997753, "exit_status": 0}
PREFLIGHT 28/52 pleia_energy_h3_f2_s45_v1
{
  "frozen": true,
  "models_fitted": 0,
  "data_hash": "ca819e9cb10c685d7ce5286d8ed34afe6e70fd34aab9a6c95d5a4f3367012ead",
  "role_bank_hash": "17388d3fc0eb13d4265cd50d42d6e7474b004321277d6027e30ba7f2f8e58674",
  "roles": {
    "fit": {
      "n": 14850,
      "membership_hash": "c21c125ed8b2b56ebab6814a8c4c6928ac9b4775caaa9582d3c5ea87dcb4ad99",
      "row_id_hash": "81ae297f2155a20502ed6b8c4f4e4ee7495737057e22b71392aeb2aa2ddc47a5",
      "origin_min": "2021-01-07 23:00:00",
      "origin_max": "2021-04-21 01:50:00",
      "target_min": "2021-01-08 00:00:00",
      "target_max": "2021-04-21 02:50:00"
    },
    "calibration": {
      "n": 4951,
      "membership_hash": "1b95885bd959657f0d1505f6455c91dfcaf78fa9649478e989853104b5d655ff",
      "row_id_hash": "0ee87531d3a77d326c99ffdf39a8bb6058827ab4d41014255a2219c6f898c125",
      "origin_min": "2021-04-21 03:10:00",
      "origin_max": "2021-05-25 12:10:00",
      "target_min": "2021-04-21 04:10:00",
      "target_max": "2021-05-25 13:10:00"
    },
    "test": {
      "n": 9907,
      "membership_hash": "061c08c3374dc0f9d45dfa8547f11e8a31a823c67efe645c11e25597c6f32a22",
      "row_id_hash": "de4207e52d512c374af24bbef6311e23f19f23ecb4445280cc7d8e7442dfa6fc",
      "origin_min": "2021-05-25 13:20:00",
      "origin_max": "2021-08-02 08:20:00",
      "target_min": "2021-05-25 14:20:00",
      "target_max": "2021-08-02 09:20:00"
    },
    "inner0_train": {
      "n": 4944,
      "membership_hash": "ef4c97630e1a30ed5ea78b5d3220a444b45a45deea3db4bc05921facedfefdd0",
      "row_id_hash": "328842348301366ce8fe85db3fa1025816d1385a1911ecdf0085057400431be3",
      "origin_min": "2021-01-07 23:00:00",
      "origin_max": "2021-02-11 06:50:00",
      "target_min": "2021-01-08 00:00:00",
      "target_max": "2021-02-11 07:50:00"
    },
    "inner0_validation": {
      "n": 4944,
      "membership_hash": "987b5f86df7c4ef83440458fc6052673b666f7afaa8cafe432b957312a7baf1a",
      "row_id_hash": "3fca8ca2b13c38ef70b28003e66e17aaa36980997b69268ed2b7829d5d5eaec1",
      "origin_min": "2021-02-11 08:00:00",
      "origin_max": "2021-03-17 15:50:00",
      "target_min": "2021-02-11 09:00:00",
      "target_max": "2021-03-17 16:50:00"
    },
    "inner1_train": {
      "n": 9888,
      "membership_hash": "2dc694d5d8c75613f988358567fc902a59612824bf4fe52e48f329877f9414ae",
      "row_id_hash": "2827d1ac25edee475ef3b63d536bcbb06ff0c60d11e75fbecbab90adb8c43ffc",
      "origin_min": "2021-01-07 23:00:00",
      "origin_max": "2021-03-17 15:50:00",
      "target_min": "2021-01-08 00:00:00",
      "target_max": "2021-03-17 16:50:00"
    },
    "inner1_validation": {
      "n": 4950,
      "membership_hash": "572dcac44c6e1158610a08b78ecb5c1149b22c6d871aff27ae12237385d67cc1",
      "row_id_hash": "ad6053be09fd9bdb574b94eeacd9604602b0c455963142350f227dfa3ec50447",
      "origin_min": "2021-03-17 17:00:00",
      "origin_max": "2021-04-21 01:50:00",
      "target_min": "2021-03-17 18:00:00",
      "target_max": "2021-04-21 02:50:00"
    }
  }
}
{"command": ["C:/cfs_venv/Scripts/python.exe", "-B", "-m", "src.matched_forecasting005", "freeze", "--matrix", "C:\\Users\\nigel\\OneDrive\\Desktop\\GitHub\\confosense\\smart_building_conformal\\outputs\\amendment005\\support_design_v1\\experiment_matrix.csv", "--dataset", "pleia_energy", "--horizon", "6", "--outer-fold", "2", "--model-seed", "45", "--design-dir", "C:\\Users\\nigel\\OneDrive\\Desktop\\GitHub\\confosense\\smart_building_conformal\\protocols\\matched_forecasting005\\pleia_energy_h6_f2_s45_v1", "--authorization", "C:\\Users\\nigel\\OneDrive\\Desktop\\GitHub\\confosense\\smart_building_conformal\\configs\\matched_forecasting005_fold2_multiseed_authorization_v1.json"], "cwd": "C:\\Users\\nigel\\OneDrive\\Desktop\\GitHub\\confosense\\smart_building_conformal", "started_utc": "2026-09-13T22:49:30.666687+00:00", "logger_pid": 22844, "child_pid": 25648, "ended_utc": "2026-09-13T22:49:39.937344+00:00", "seconds": 9.270174100005534, "exit_status": 0}
{
  "first_unit_ready": true,
  "full_study_ready": false,
  "models_fitted": 0,
  "source_hash": "cd907183301a189ddfcc195774dad58c8fa07d5b326d2ac29cf3636383dc681e",
  "protocol_hash": "3fd3655fa8c8f5b07cbc7734a71eee3a1d2ad04dceebe9ed0c4d80fa5c1ad796",
  "fresh_support_verified": true,
  "resources": {
    "rss_bytes": 384688128,
    "private_bytes": 339128320,
    "lifetime_peak_rss_bytes": 410611712,
    "available_ram_bytes": 4470468608,
    "physical_ram_bytes": 16890978304,
    "free_disk_bytes": 44863320064,
    "launch_ram_reference_bytes": 3221225472,
    "launch_ram_reference_met": true,
    "later_user_nonblocking_ram_instruction": true
  },
  "preparation_resources": {
    "seconds": 4.281044100003783,
    "baseline_rss_bytes": 324325376,
    "peak_rss_bytes": 401498112,
    "baseline_private_bytes": 282091520,
    "peak_private_bytes": 356126720,
    "incremental_peak_rss_bytes": 77172736,
    "lifetime_peak_rss_bytes": 410611712,
    "min_available_ram_bytes": 4429889536,
    "sample_interval_seconds": 0.05,
    "process_cpu_seconds": 4.125
  },
  "expected_point_cells": 3,
  "expected_interval_cells": 6
}
{"command": ["C:/cfs_venv/Scripts/python.exe", "-B", "-m", "src.matched_forecasting005", "readiness", "--matrix", "C:\\Users\\nigel\\OneDrive\\Desktop\\GitHub\\confosense\\smart_building_conformal\\outputs\\amendment005\\support_design_v1\\experiment_matrix.csv", "--dataset", "pleia_energy", "--horizon", "6", "--outer-fold", "2", "--model-seed", "45", "--design-dir", "C:\\Users\\nigel\\OneDrive\\Desktop\\GitHub\\confosense\\smart_building_conformal\\protocols\\matched_forecasting005\\pleia_energy_h6_f2_s45_v1"], "cwd": "C:\\Users\\nigel\\OneDrive\\Desktop\\GitHub\\confosense\\smart_building_conformal", "started_utc": "2026-09-13T22:49:40.055395+00:00", "logger_pid": 24448, "child_pid": 7712, "ended_utc": "2026-09-13T22:49:48.490382+00:00", "seconds": 8.434940499995719, "exit_status": 0}
PREFLIGHT 29/52 pleia_energy_h6_f2_s45_v1
{
  "frozen": true,
  "models_fitted": 0,
  "data_hash": "cc0f3758889c55292cd641d866995da797e5144f79a6beaca9bfb01d2d278ff5",
  "role_bank_hash": "c92f78dc224b34d0b5f434d8a31bd57857057a8bd4a92f1675bf095005b45f1d",
  "roles": {
    "fit": {
      "n": 12932,
      "membership_hash": "3658387a50ac69383d169c4cd64e0f10af6cb1173d670d23cd36cc41340234e7",
      "row_id_hash": "c755dd01ece762dbd51ba428c055e8553cdf95dcc026a35d8a864ea2dda9baaa",
      "origin_min": "2023-07-26 15:24:00",
      "origin_max": "2023-08-07 22:55:00",
      "target_min": "2023-07-26 15:29:00",
      "target_max": "2023-08-07 23:00:00"
    },
    "calibration": {
      "n": 4452,
      "membership_hash": "5d80e479d7f2d8194826bd75f476bb30f29d341ebeb04f975816feb43ded72c5",
      "row_id_hash": "95fbd3e9e78192059585691a00d55cc264e607ec334a8f3a3988fe57e1814fdc",
      "origin_min": "2023-08-07 23:24:00",
      "origin_max": "2023-08-12 02:55:00",
      "target_min": "2023-08-07 23:29:00",
      "target_max": "2023-08-12 03:00:00"
    },
    "test": {
      "n": 8692,
      "membership_hash": "0083f660ce00ba82b7680ac8a176432167c878e986a4911db7dc1df20306108f",
      "row_id_hash": "7d1aee54ebd66b5f6541f1af4efedc077913db45c4fb7ea01f732b52411d52d0",
      "origin_min": "2023-08-12 07:24:00",
      "origin_max": "2024-02-04 10:55:00",
      "target_min": "2023-08-12 07:29:00",
      "target_max": "2024-02-04 11:00:00"
    },
    "inner0_train": {
      "n": 4240,
      "membership_hash": "c1a4e771c1a038bd72f692838b5d8582f89cb22ed86367cf0f4b67f5ee82d04c",
      "row_id_hash": "d0fae55550952c749ca4cb3c93ec3f59e8b3a9f62c2bdde723c9cc80c6bf88de",
      "origin_min": "2023-07-26 15:24:00",
      "origin_max": "2023-07-30 22:55:00",
      "target_min": "2023-07-26 15:29:00",
      "target_max": "2023-07-30 23:00:00"
    },
    "inner0_validation": {
      "n": 4240,
      "membership_hash": "e3a07ebc686275bff2d1dc7d8558595990613af830655e24b8a205e8d43a0609",
      "row_id_hash": "28e29d294b80eeb6a5f8994b0744951494a3e4717e07f370f158f948a33d0e48",
      "origin_min": "2023-07-30 23:24:00",
      "origin_max": "2023-08-03 22:55:00",
      "target_min": "2023-07-30 23:29:00",
      "target_max": "2023-08-03 23:00:00"
    },
    "inner1_train": {
      "n": 8480,
      "membership_hash": "6e488b9c421d5b5bde8e49d51a5acc9fd405fbdec90e71ed8be66f739b614b6e",
      "row_id_hash": "2208aa8747a405f6e07db0aca45f47b897d2142c3d45af5770fdc650c204e411",
      "origin_min": "2023-07-26 15:24:00",
      "origin_max": "2023-08-03 22:55:00",
      "target_min": "2023-07-26 15:29:00",
      "target_max": "2023-08-03 23:00:00"
    },
    "inner1_validation": {
      "n": 4452,
      "membership_hash": "4ed20a262cd2134ba3c9e63f62e81a4e9e1ba38dc0ab4bbcbffcb4b038b50f0f",
      "row_id_hash": "f610fdc1f2fd8e841130d8948f2add6ece5b3ea6a1cb4ee8babd9615dfaf6e16",
      "origin_min": "2023-08-03 23:24:00",
      "origin_max": "2023-08-07 22:55:00",
      "target_min": "2023-08-03 23:29:00",
      "target_max": "2023-08-07 23:00:00"
    }
  }
}
{"command": ["C:/cfs_venv/Scripts/python.exe", "-B", "-m", "src.matched_forecasting005", "freeze", "--matrix", "C:\\Users\\nigel\\OneDrive\\Desktop\\GitHub\\confosense\\smart_building_conformal\\outputs\\amendment005\\support_design_v1\\experiment_matrix.csv", "--dataset", "rico", "--horizon", "5", "--outer-fold", "2", "--model-seed", "45", "--design-dir", "C:\\Users\\nigel\\OneDrive\\Desktop\\GitHub\\confosense\\smart_building_conformal\\protocols\\matched_forecasting005\\rico_h5_f2_s45_v1", "--authorization", "C:\\Users\\nigel\\OneDrive\\Desktop\\GitHub\\confosense\\smart_building_conformal\\configs\\matched_forecasting005_fold2_multiseed_authorization_v1.json"], "cwd": "C:\\Users\\nigel\\OneDrive\\Desktop\\GitHub\\confosense\\smart_building_conformal", "started_utc": "2026-09-13T22:49:48.721329+00:00", "logger_pid": 26852, "child_pid": 10756, "ended_utc": "2026-09-13T22:50:03.688339+00:00", "seconds": 14.96592810000584, "exit_status": 0}
{
  "first_unit_ready": true,
  "full_study_ready": false,
  "models_fitted": 0,
  "source_hash": "cd907183301a189ddfcc195774dad58c8fa07d5b326d2ac29cf3636383dc681e",
  "protocol_hash": "adda24f5b9ed20420c5e5eb85728317dc112a5ed5567a38f1aafc895df114e1c",
  "fresh_support_verified": true,
  "resources": {
    "rss_bytes": 428793856,
    "private_bytes": 384282624,
    "lifetime_peak_rss_bytes": 487497728,
    "available_ram_bytes": 4440027136,
    "physical_ram_bytes": 16890978304,
    "free_disk_bytes": 44861087744,
    "launch_ram_reference_bytes": 3221225472,
    "launch_ram_reference_met": true,
    "later_user_nonblocking_ram_instruction": true
  },
  "preparation_resources": {
    "seconds": 16.966916499994113,
    "baseline_rss_bytes": 324440064,
    "peak_rss_bytes": 475201536,
    "baseline_private_bytes": 282189824,
    "peak_private_bytes": 431706112,
    "incremental_peak_rss_bytes": 150761472,
    "lifetime_peak_rss_bytes": 487497728,
    "min_available_ram_bytes": 4408745984,
    "sample_interval_seconds": 0.05,
    "process_cpu_seconds": 16.65625
  },
  "expected_point_cells": 3,
  "expected_interval_cells": 6
}
{"command": ["C:/cfs_venv/Scripts/python.exe", "-B", "-m", "src.matched_forecasting005", "readiness", "--matrix", "C:\\Users\\nigel\\OneDrive\\Desktop\\GitHub\\confosense\\smart_building_conformal\\outputs\\amendment005\\support_design_v1\\experiment_matrix.csv", "--dataset", "rico", "--horizon", "5", "--outer-fold", "2", "--model-seed", "45", "--design-dir", "C:\\Users\\nigel\\OneDrive\\Desktop\\GitHub\\confosense\\smart_building_conformal\\protocols\\matched_forecasting005\\rico_h5_f2_s45_v1"], "cwd": "C:\\Users\\nigel\\OneDrive\\Desktop\\GitHub\\confosense\\smart_building_conformal", "started_utc": "2026-09-13T22:50:03.809658+00:00", "logger_pid": 512, "child_pid": 18180, "ended_utc": "2026-09-13T22:50:24.875772+00:00", "seconds": 21.068397399998503, "exit_status": 0}
PREFLIGHT 30/52 rico_h5_f2_s45_v1
{
  "frozen": true,
  "models_fitted": 0,
  "data_hash": "7e4af27dc022bb221d3b1e6ac6c130c46417825d4cf4e768c0617fa61a5e9667",
  "role_bank_hash": "9518d3e3e4e1177df814581d4389340b2e13bea0f7456bc9375d6104e6e3bf31",
  "roles": {
    "fit": {
      "n": 12322,
      "membership_hash": "43b916ba9404ba05674434bee730459042f5429db85147bf7480e4994566518e",
      "row_id_hash": "78091d5eff830e5cec75e981f2374fa92a1411659cefc3dbe1f2a66d39d9d20a",
      "origin_min": "2023-07-26 15:24:00",
      "origin_max": "2023-08-07 22:45:00",
      "target_min": "2023-07-26 15:39:00",
      "target_max": "2023-08-07 23:00:00"
    },
    "calibration": {
      "n": 4242,
      "membership_hash": "33982386d1966661ed68b05d6d47cf1b0655579aae4145632efa839b722621cd",
      "row_id_hash": "b24b1ffac74ec3618d19e253737eb069d0f486f2215540f259dccc4a7533bdc7",
      "origin_min": "2023-08-07 23:24:00",
      "origin_max": "2023-08-12 02:45:00",
      "target_min": "2023-08-07 23:39:00",
      "target_max": "2023-08-12 03:00:00"
    },
    "test": {
      "n": 8282,
      "membership_hash": "94377b43ba0ad98a55be4a3e803052ff54825de93fe43932bd54dd5a5999210f",
      "row_id_hash": "70ee9d673d19e218dbcf71db42bc92f130090496931b95a3f5272b32330ac9ff",
      "origin_min": "2023-08-12 07:24:00",
      "origin_max": "2024-02-04 10:45:00",
      "target_min": "2023-08-12 07:39:00",
      "target_max": "2024-02-04 11:00:00"
    },
    "inner0_train": {
      "n": 4040,
      "membership_hash": "5829454b8cc8ac6982c945339d4310a9a179cdd14bcd461b9599ce0e6d31a025",
      "row_id_hash": "8b5377dedc5eef41e49d14b9d7048a8d4b20a24cc3f0213b3b402a19a9daf73e",
      "origin_min": "2023-07-26 15:24:00",
      "origin_max": "2023-07-30 22:45:00",
      "target_min": "2023-07-26 15:39:00",
      "target_max": "2023-07-30 23:00:00"
    },
    "inner0_validation": {
      "n": 4040,
      "membership_hash": "6649edb21bb9388ae4121dd285b20bb3005dcbe0c29f1f6f44aeabe295515229",
      "row_id_hash": "e40b4a7e2ed7d0eff6a01bcacf6dd491fd4801938e5c53b8aeade8bf81122560",
      "origin_min": "2023-07-30 23:24:00",
      "origin_max": "2023-08-03 22:45:00",
      "target_min": "2023-07-30 23:39:00",
      "target_max": "2023-08-03 23:00:00"
    },
    "inner1_train": {
      "n": 8080,
      "membership_hash": "f9a21800560e18a5ee7609e4a2a91977dcc135238791f272cd6cd8c2fe8fb273",
      "row_id_hash": "9180db22b831fe0e7ca58b24616399502cd01d6e796e73eda4fa4cf2184cfcec",
      "origin_min": "2023-07-26 15:24:00",
      "origin_max": "2023-08-03 22:45:00",
      "target_min": "2023-07-26 15:39:00",
      "target_max": "2023-08-03 23:00:00"
    },
    "inner1_validation": {
      "n": 4242,
      "membership_hash": "869e32a55876afd5037cfa569780a029ba6195f2b33156bd33c1e987f35d2fdc",
      "row_id_hash": "57e398b6b31b811e1694aff2168883e9bc8e05d8adeeda9dcf5e072c177a184c",
      "origin_min": "2023-08-03 23:24:00",
      "origin_max": "2023-08-07 22:45:00",
      "target_min": "2023-08-03 23:39:00",
      "target_max": "2023-08-07 23:00:00"
    }
  }
}
{"command": ["C:/cfs_venv/Scripts/python.exe", "-B", "-m", "src.matched_forecasting005", "freeze", "--matrix", "C:\\Users\\nigel\\OneDrive\\Desktop\\GitHub\\confosense\\smart_building_conformal\\outputs\\amendment005\\support_design_v1\\experiment_matrix.csv", "--dataset", "rico", "--horizon", "15", "--outer-fold", "2", "--model-seed", "45", "--design-dir", "C:\\Users\\nigel\\OneDrive\\Desktop\\GitHub\\confosense\\smart_building_conformal\\protocols\\matched_forecasting005\\rico_h15_f2_s45_v1", "--authorization", "C:\\Users\\nigel\\OneDrive\\Desktop\\GitHub\\confosense\\smart_building_conformal\\configs\\matched_forecasting005_fold2_multiseed_authorization_v1.json"], "cwd": "C:\\Users\\nigel\\OneDrive\\Desktop\\GitHub\\confosense\\smart_building_conformal", "started_utc": "2026-09-13T22:50:25.093826+00:00", "logger_pid": 3312, "child_pid": 14076, "ended_utc": "2026-09-13T22:50:39.513310+00:00", "seconds": 14.41607729998941, "exit_status": 0}
{
  "first_unit_ready": true,
  "full_study_ready": false,
  "models_fitted": 0,
  "source_hash": "cd907183301a189ddfcc195774dad58c8fa07d5b326d2ac29cf3636383dc681e",
  "protocol_hash": "992e3d20e746f1fcb3e78f8d1a69d9ebf12ed9e0140eadbf817f49e2ed57c3f8",
  "fresh_support_verified": true,
  "resources": {
    "rss_bytes": 427368448,
    "private_bytes": 380915712,
    "lifetime_peak_rss_bytes": 488386560,
    "available_ram_bytes": 4417851392,
    "physical_ram_bytes": 16890978304,
    "free_disk_bytes": 44859019264,
    "launch_ram_reference_bytes": 3221225472,
    "launch_ram_reference_met": true,
    "later_user_nonblocking_ram_instruction": true
  },
  "preparation_resources": {
    "seconds": 17.62253539999074,
    "baseline_rss_bytes": 324919296,
    "peak_rss_bytes": 472936448,
    "baseline_private_bytes": 282857472,
    "peak_private_bytes": 425021440,
    "incremental_peak_rss_bytes": 148017152,
    "lifetime_peak_rss_bytes": 488386560,
    "min_available_ram_bytes": 4371001344,
    "sample_interval_seconds": 0.05,
    "process_cpu_seconds": 17.21875
  },
  "expected_point_cells": 3,
  "expected_interval_cells": 6
}
{"command": ["C:/cfs_venv/Scripts/python.exe", "-B", "-m", "src.matched_forecasting005", "readiness", "--matrix", "C:\\Users\\nigel\\OneDrive\\Desktop\\GitHub\\confosense\\smart_building_conformal\\outputs\\amendment005\\support_design_v1\\experiment_matrix.csv", "--dataset", "rico", "--horizon", "15", "--outer-fold", "2", "--model-seed", "45", "--design-dir", "C:\\Users\\nigel\\OneDrive\\Desktop\\GitHub\\confosense\\smart_building_conformal\\protocols\\matched_forecasting005\\rico_h15_f2_s45_v1"], "cwd": "C:\\Users\\nigel\\OneDrive\\Desktop\\GitHub\\confosense\\smart_building_conformal", "started_utc": "2026-09-13T22:50:39.629790+00:00", "logger_pid": 29416, "child_pid": 26676, "ended_utc": "2026-09-13T22:51:01.435206+00:00", "seconds": 21.805134299997007, "exit_status": 0}
PREFLIGHT 31/52 rico_h15_f2_s45_v1
{
  "frozen": true,
  "models_fitted": 0,
  "data_hash": "eeb750317701dae7f55594ab5587faa8c9ebea97e3975d6b334e974d3ade445f",
  "role_bank_hash": "1e2ca90b7a53d0080a55f9a00d7855611ae30d8d8cbc8448efdaed67a04ba02c",
  "roles": {
    "fit": {
      "n": 11407,
      "membership_hash": "3d3d4fbb4d8f672ec67c556a83ae19646d5a6de50b7cef115aeeb5cfb30d6489",
      "row_id_hash": "6694a63ad907e314cbbc07e2400b311ddd6b4f95f7a83bc06ccbfbeb0182f11d",
      "origin_min": "2023-07-26 15:24:00",
      "origin_max": "2023-08-07 22:30:00",
      "target_min": "2023-07-26 15:54:00",
      "target_max": "2023-08-07 23:00:00"
    },
    "calibration": {
      "n": 3927,
      "membership_hash": "1342cd8dc9aab44620a5efca7a56fe3be333047033313391a9fdd3a20a8b7ca6",
      "row_id_hash": "f9b289627840a6d96ddd5e6badfd891669d409792d950a9f947a49ad9da2cce1",
      "origin_min": "2023-08-07 23:24:00",
      "origin_max": "2023-08-12 02:30:00",
      "target_min": "2023-08-07 23:54:00",
      "target_max": "2023-08-12 03:00:00"
    },
    "test": {
      "n": 7667,
      "membership_hash": "4290f7193c9add8034e3beb246e9dc5ec1c5c7bc64043a75f4aef0370f2da91a",
      "row_id_hash": "c55446a7da7e2c214397a68556bddc7f23f1100285beae4d6b6b40dd40de0584",
      "origin_min": "2023-08-12 07:24:00",
      "origin_max": "2024-02-04 10:30:00",
      "target_min": "2023-08-12 07:54:00",
      "target_max": "2024-02-04 11:00:00"
    },
    "inner0_train": {
      "n": 3740,
      "membership_hash": "198603de0d21c28b727a91bb36f1d71531516714d0ef322aad814988637b63aa",
      "row_id_hash": "9d917672abf8233ef65c066aade1c65e97bc2f98f30ac865e3880f9148611e97",
      "origin_min": "2023-07-26 15:24:00",
      "origin_max": "2023-07-30 22:30:00",
      "target_min": "2023-07-26 15:54:00",
      "target_max": "2023-07-30 23:00:00"
    },
    "inner0_validation": {
      "n": 3740,
      "membership_hash": "1587766cd9a1b662669f11a62c95e7d2fd19b24001ef93ceaa6cfb25ca8059b0",
      "row_id_hash": "0097da66de91d3a060f37562847bdc9aac7b47a0108c449f7bb67c62b7b490ce",
      "origin_min": "2023-07-30 23:24:00",
      "origin_max": "2023-08-03 22:30:00",
      "target_min": "2023-07-30 23:54:00",
      "target_max": "2023-08-03 23:00:00"
    },
    "inner1_train": {
      "n": 7480,
      "membership_hash": "e8aa89ac449919910789c941c06679a8faba7d42a3be6a5e7d1c598619b933ac",
      "row_id_hash": "39428fb6ae40555288f096d7afd6fd9eb71c9e5d48b714de4c1f38d81aebc06c",
      "origin_min": "2023-07-26 15:24:00",
      "origin_max": "2023-08-03 22:30:00",
      "target_min": "2023-07-26 15:54:00",
      "target_max": "2023-08-03 23:00:00"
    },
    "inner1_validation": {
      "n": 3927,
      "membership_hash": "0c1086ba100d4a63d10c3054ddcf3d1803ca6464fc6960b4acbf90b625f25618",
      "row_id_hash": "776e68499bf8cfa868629e2b39477d8a3b6a9656f0f716467b99404358cfdea4",
      "origin_min": "2023-08-03 23:24:00",
      "origin_max": "2023-08-07 22:30:00",
      "target_min": "2023-08-03 23:54:00",
      "target_max": "2023-08-07 23:00:00"
    }
  }
}
{"command": ["C:/cfs_venv/Scripts/python.exe", "-B", "-m", "src.matched_forecasting005", "freeze", "--matrix", "C:\\Users\\nigel\\OneDrive\\Desktop\\GitHub\\confosense\\smart_building_conformal\\outputs\\amendment005\\support_design_v1\\experiment_matrix.csv", "--dataset", "rico", "--horizon", "30", "--outer-fold", "2", "--model-seed", "45", "--design-dir", "C:\\Users\\nigel\\OneDrive\\Desktop\\GitHub\\confosense\\smart_building_conformal\\protocols\\matched_forecasting005\\rico_h30_f2_s45_v1", "--authorization", "C:\\Users\\nigel\\OneDrive\\Desktop\\GitHub\\confosense\\smart_building_conformal\\configs\\matched_forecasting005_fold2_multiseed_authorization_v1.json"], "cwd": "C:\\Users\\nigel\\OneDrive\\Desktop\\GitHub\\confosense\\smart_building_conformal", "started_utc": "2026-09-13T22:51:01.662855+00:00", "logger_pid": 15256, "child_pid": 11044, "ended_utc": "2026-09-13T22:51:16.323141+00:00", "seconds": 14.667284099996323, "exit_status": 0}
{
  "first_unit_ready": true,
  "full_study_ready": false,
  "models_fitted": 0,
  "source_hash": "cd907183301a189ddfcc195774dad58c8fa07d5b326d2ac29cf3636383dc681e",
  "protocol_hash": "5769aea4df39adc1c5884a4ac4950471da7bbe227eea0549a15de94fbdebfb6d",
  "fresh_support_verified": true,
  "resources": {
    "rss_bytes": 424669184,
    "private_bytes": 377798656,
    "lifetime_peak_rss_bytes": 482865152,
    "available_ram_bytes": 4403523584,
    "physical_ram_bytes": 16890978304,
    "free_disk_bytes": 44856889344,
    "launch_ram_reference_bytes": 3221225472,
    "launch_ram_reference_met": true,
    "later_user_nonblocking_ram_instruction": true
  },
  "preparation_resources": {
    "seconds": 17.861643700001878,
    "baseline_rss_bytes": 324775936,
    "peak_rss_bytes": 468443136,
    "baseline_private_bytes": 282476544,
    "peak_private_bytes": 421646336,
    "incremental_peak_rss_bytes": 143667200,
    "lifetime_peak_rss_bytes": 482865152,
    "min_available_ram_bytes": 4350709760,
    "sample_interval_seconds": 0.05,
    "process_cpu_seconds": 17.390625
  },
  "expected_point_cells": 3,
  "expected_interval_cells": 6
}
{"command": ["C:/cfs_venv/Scripts/python.exe", "-B", "-m", "src.matched_forecasting005", "readiness", "--matrix", "C:\\Users\\nigel\\OneDrive\\Desktop\\GitHub\\confosense\\smart_building_conformal\\outputs\\amendment005\\support_design_v1\\experiment_matrix.csv", "--dataset", "rico", "--horizon", "30", "--outer-fold", "2", "--model-seed", "45", "--design-dir", "C:\\Users\\nigel\\OneDrive\\Desktop\\GitHub\\confosense\\smart_building_conformal\\protocols\\matched_forecasting005\\rico_h30_f2_s45_v1"], "cwd": "C:\\Users\\nigel\\OneDrive\\Desktop\\GitHub\\confosense\\smart_building_conformal", "started_utc": "2026-09-13T22:51:16.447448+00:00", "logger_pid": 22236, "child_pid": 26784, "ended_utc": "2026-09-13T22:51:38.556910+00:00", "seconds": 22.116004999988945, "exit_status": 0}
PREFLIGHT 32/52 rico_h30_f2_s45_v1
{
  "frozen": true,
  "models_fitted": 0,
  "data_hash": "0c5fe27756b43d49f61814b8caa31857212c601f949748975dc68470e36cac57",
  "role_bank_hash": "639ceecb5bf9b521418ca6a7fdd7b58284343f14208c4fd7e92beae3218dfb9b",
  "roles": {
    "fit": {
      "n": 9577,
      "membership_hash": "3b2ee7b2aa12c1ffb1d92fa0d145bb40ec7eda5553d5aea200e775ff319f45fe",
      "row_id_hash": "917983dc467388ac885978e9b74c0f5ae88208d9e772efb9a39ac7017ffda1e5",
      "origin_min": "2023-07-26 15:24:00",
      "origin_max": "2023-08-07 22:00:00",
      "target_min": "2023-07-26 16:24:00",
      "target_max": "2023-08-07 23:00:00"
    },
    "calibration": {
      "n": 3297,
      "membership_hash": "19a46d1f1e763d33d1e2c9dbf5a850710435131d3255b74cb7409a8b19d08a11",
      "row_id_hash": "4a3e49a4d097af747bc134411c84fb6696c6a47b21c1662b14e547fb2301bda0",
      "origin_min": "2023-08-07 23:24:00",
      "origin_max": "2023-08-12 02:00:00",
      "target_min": "2023-08-08 00:24:00",
      "target_max": "2023-08-12 03:00:00"
    },
    "test": {
      "n": 6437,
      "membership_hash": "96e3e48ce62ca523eaae571b05e9ad301988a1f12a3ac66ae726426480decd2d",
      "row_id_hash": "11822b6b9a8ddf1e52a552fb0d6807f186a45a3e449b33787f74c1ab55098a86",
      "origin_min": "2023-08-12 07:24:00",
      "origin_max": "2024-02-04 10:00:00",
      "target_min": "2023-08-12 08:24:00",
      "target_max": "2024-02-04 11:00:00"
    },
    "inner0_train": {
      "n": 3140,
      "membership_hash": "e1a9b7343d9985a4ced316edb7ca5ace194bf2d2e7e084f168c35f13e080aa6d",
      "row_id_hash": "906ab9a1ce19f9094aefe6e85d3d493ca1b0ddbbfc4ec199202eb446fe8e10a3",
      "origin_min": "2023-07-26 15:24:00",
      "origin_max": "2023-07-30 22:00:00",
      "target_min": "2023-07-26 16:24:00",
      "target_max": "2023-07-30 23:00:00"
    },
    "inner0_validation": {
      "n": 3140,
      "membership_hash": "39d39957ce206e9dc8190020883a07fd168cf109f8d1fef65ca5b15ba45f3e7b",
      "row_id_hash": "406473e2a41452b02d46fde11295f5af4f59560a02cff20d21cc7edb15b284d6",
      "origin_min": "2023-07-30 23:24:00",
      "origin_max": "2023-08-03 22:00:00",
      "target_min": "2023-07-31 00:24:00",
      "target_max": "2023-08-03 23:00:00"
    },
    "inner1_train": {
      "n": 6280,
      "membership_hash": "c3047313f13abd432da4994930a13dcfbc9e03a7b7b859795cb091b4566b1a2c",
      "row_id_hash": "1291fe31555aec90de912a6b974688464079c6c237fe80da5387b28dbf887b01",
      "origin_min": "2023-07-26 15:24:00",
      "origin_max": "2023-08-03 22:00:00",
      "target_min": "2023-07-26 16:24:00",
      "target_max": "2023-08-03 23:00:00"
    },
    "inner1_validation": {
      "n": 3297,
      "membership_hash": "a6ae4c6f274995caa3ad0f21a8955eef12dc85407e9117f47e34988102374fe8",
      "row_id_hash": "b2de499abb1d5fd66ddd772d071f835e97be3afc0f2f49bebe556b036ece718e",
      "origin_min": "2023-08-03 23:24:00",
      "origin_max": "2023-08-07 22:00:00",
      "target_min": "2023-08-04 00:24:00",
      "target_max": "2023-08-07 23:00:00"
    }
  }
}
{"command": ["C:/cfs_venv/Scripts/python.exe", "-B", "-m", "src.matched_forecasting005", "freeze", "--matrix", "C:\\Users\\nigel\\OneDrive\\Desktop\\GitHub\\confosense\\smart_building_conformal\\outputs\\amendment005\\support_design_v1\\experiment_matrix.csv", "--dataset", "rico", "--horizon", "60", "--outer-fold", "2", "--model-seed", "45", "--design-dir", "C:\\Users\\nigel\\OneDrive\\Desktop\\GitHub\\confosense\\smart_building_conformal\\protocols\\matched_forecasting005\\rico_h60_f2_s45_v1", "--authorization", "C:\\Users\\nigel\\OneDrive\\Desktop\\GitHub\\confosense\\smart_building_conformal\\configs\\matched_forecasting005_fold2_multiseed_authorization_v1.json"], "cwd": "C:\\Users\\nigel\\OneDrive\\Desktop\\GitHub\\confosense\\smart_building_conformal", "started_utc": "2026-09-13T22:51:38.807594+00:00", "logger_pid": 29484, "child_pid": 26320, "ended_utc": "2026-09-13T22:51:52.655673+00:00", "seconds": 13.84866289999627, "exit_status": 0}
{
  "first_unit_ready": true,
  "full_study_ready": false,
  "models_fitted": 0,
  "source_hash": "cd907183301a189ddfcc195774dad58c8fa07d5b326d2ac29cf3636383dc681e",
  "protocol_hash": "13626bbe92c4fc2e657cc07a12d739e6c76c86fd5e6e16d106077d5e6ffeef37",
  "fresh_support_verified": true,
  "resources": {
    "rss_bytes": 420016128,
    "private_bytes": 372695040,
    "lifetime_peak_rss_bytes": 471986176,
    "available_ram_bytes": 4387528704,
    "physical_ram_bytes": 16890978304,
    "free_disk_bytes": 44855148544,
    "launch_ram_reference_bytes": 3221225472,
    "launch_ram_reference_met": true,
    "later_user_nonblocking_ram_instruction": true
  },
  "preparation_resources": {
    "seconds": 17.149461599998176,
    "baseline_rss_bytes": 324624384,
    "peak_rss_bytes": 458727424,
    "baseline_private_bytes": 282423296,
    "peak_private_bytes": 410488832,
    "incremental_peak_rss_bytes": 134103040,
    "lifetime_peak_rss_bytes": 471986176,
    "min_available_ram_bytes": 4358451200,
    "sample_interval_seconds": 0.05,
    "process_cpu_seconds": 16.515625
  },
  "expected_point_cells": 3,
  "expected_interval_cells": 6
}
{"command": ["C:/cfs_venv/Scripts/python.exe", "-B", "-m", "src.matched_forecasting005", "readiness", "--matrix", "C:\\Users\\nigel\\OneDrive\\Desktop\\GitHub\\confosense\\smart_building_conformal\\outputs\\amendment005\\support_design_v1\\experiment_matrix.csv", "--dataset", "rico", "--horizon", "60", "--outer-fold", "2", "--model-seed", "45", "--design-dir", "C:\\Users\\nigel\\OneDrive\\Desktop\\GitHub\\confosense\\smart_building_conformal\\protocols\\matched_forecasting005\\rico_h60_f2_s45_v1"], "cwd": "C:\\Users\\nigel\\OneDrive\\Desktop\\GitHub\\confosense\\smart_building_conformal", "started_utc": "2026-09-13T22:51:52.782188+00:00", "logger_pid": 26220, "child_pid": 1288, "ended_utc": "2026-09-13T22:52:14.195829+00:00", "seconds": 21.413247399992542, "exit_status": 0}
PREFLIGHT 33/52 rico_h60_f2_s45_v1
{
  "frozen": true,
  "models_fitted": 0,
  "data_hash": "fa848b25f5d2ffb553914a71627dd43e06a0209f876a4c92fe46cfd09cfb3a4b",
  "role_bank_hash": "dc1777931a9ff3ea7618ea2f42593508ea058ed2eee51e5d7da3023e49b50342",
  "roles": {
    "fit": {
      "n": 51664,
      "membership_hash": "6e0d45c48d3a4b44d9f76f6b73bcfa544059c044e4fcb2bb043113a3ea0c98b3",
      "row_id_hash": "a768c33faacf5ee1c4dc438e25212bf45d7ea78dfea5619e155deb5319db6fde",
      "origin_min": "2016-01-07 23:00:00",
      "origin_max": "2016-08-12 00:00:00",
      "target_min": "2016-01-08 00:00:00",
      "target_max": "2016-08-12 01:00:00"
    },
    "calibration": {
      "n": 17370,
      "membership_hash": "6a3ee02d97428f6ac606609430e38532655800cc84db58c3aa6ea5cd92b5b046",
      "row_id_hash": "26c6b13b52297d2afd3247d44c89c4f19830685e9ff40c4c6362776af4a4537a",
      "origin_min": "2016-08-12 03:00:00",
      "origin_max": "2016-10-23 11:00:00",
      "target_min": "2016-08-12 04:00:00",
      "target_max": "2016-10-23 12:00:00"
    },
    "test": {
      "n": 34640,
      "membership_hash": "c0a9c62ab5c2c19e2bcda261042739e825c4525966fbd8708bf07bb1a963c3a3",
      "row_id_hash": "b57c00d734ecf2193bf555669b2e5662f0e8634317096680bd62d91bca9d41b9",
      "origin_min": "2016-10-23 13:00:00",
      "origin_max": "2017-03-17 07:00:00",
      "target_min": "2016-10-23 14:00:00",
      "target_max": "2017-03-17 08:00:00"
    },
    "inner0_train": {
      "n": 17103,
      "membership_hash": "3b0ce3c40fb104a4f9776689f902c2ebe24fb8f34c3c1dee00a43f065304be50",
      "row_id_hash": "39798ad61dbc450c98f123d94ad9dd68d17987e19b2eba92912c07cd4315061a",
      "origin_min": "2016-01-07 23:00:00",
      "origin_max": "2016-03-20 05:00:00",
      "target_min": "2016-01-08 00:00:00",
      "target_max": "2016-03-20 06:00:00"
    },
    "inner0_validation": {
      "n": 17225,
      "membership_hash": "5107d05697add3596888e9689d63abf9f53717168f4d4e2512a41f0ed22456bf",
      "row_id_hash": "7f1a703b31df6c2e9b0965dafe1ac65d9043ef8e91b79743ba2c5671dd174389",
      "origin_min": "2016-03-20 07:00:00",
      "origin_max": "2016-05-31 14:00:00",
      "target_min": "2016-03-20 08:00:00",
      "target_max": "2016-05-31 15:00:00"
    },
    "inner1_train": {
      "n": 34328,
      "membership_hash": "e84068cb2e5bb9ddf91d2e95c8970ef283ab8f0917ce39666fca328339caea80",
      "row_id_hash": "2a9ec624a426e36fb1aa25c4c6154cd94037384dc1380aca8518429489b22811",
      "origin_min": "2016-01-07 23:00:00",
      "origin_max": "2016-05-31 14:00:00",
      "target_min": "2016-01-08 00:00:00",
      "target_max": "2016-05-31 15:00:00"
    },
    "inner1_validation": {
      "n": 17316,
      "membership_hash": "69372493d379fab7967b2ee8f30590cb6c7908fa72c8046b7992da14d71184e0",
      "row_id_hash": "870d2f28235a81b4591b8c3e267d4762572c5b01721d5748e2c50872ca667b5a",
      "origin_min": "2016-05-31 16:00:00",
      "origin_max": "2016-08-12 00:00:00",
      "target_min": "2016-05-31 17:00:00",
      "target_max": "2016-08-12 01:00:00"
    }
  }
}
{"command": ["C:/cfs_venv/Scripts/python.exe", "-B", "-m", "src.matched_forecasting005", "freeze", "--matrix", "C:\\Users\\nigel\\OneDrive\\Desktop\\GitHub\\confosense\\smart_building_conformal\\outputs\\amendment005\\support_design_v1\\experiment_matrix.csv", "--dataset", "bdg2", "--horizon", "1", "--outer-fold", "2", "--model-seed", "45", "--design-dir", "C:\\Users\\nigel\\OneDrive\\Desktop\\GitHub\\confosense\\smart_building_conformal\\protocols\\matched_forecasting005\\bdg2_h1_f2_s45_v1", "--authorization", "C:\\Users\\nigel\\OneDrive\\Desktop\\GitHub\\confosense\\smart_building_conformal\\configs\\matched_forecasting005_fold2_multiseed_authorization_v1.json"], "cwd": "C:\\Users\\nigel\\OneDrive\\Desktop\\GitHub\\confosense\\smart_building_conformal", "started_utc": "2026-09-13T22:52:14.443014+00:00", "logger_pid": 22296, "child_pid": 24428, "ended_utc": "2026-09-13T22:52:37.642151+00:00", "seconds": 23.18965929999831, "exit_status": 0}
{
  "first_unit_ready": true,
  "full_study_ready": false,
  "models_fitted": 0,
  "source_hash": "cd907183301a189ddfcc195774dad58c8fa07d5b326d2ac29cf3636383dc681e",
  "protocol_hash": "d17374d7dfe7206b1bc2d78ed29eb81be4f2ec7661fd25177f694623751f05b4",
  "fresh_support_verified": true,
  "resources": {
    "rss_bytes": 442822656,
    "private_bytes": 400363520,
    "lifetime_peak_rss_bytes": 1033060352,
    "available_ram_bytes": 4411871232,
    "physical_ram_bytes": 16890978304,
    "free_disk_bytes": 44846288896,
    "launch_ram_reference_bytes": 3221225472,
    "launch_ram_reference_met": true,
    "later_user_nonblocking_ram_instruction": true
  },
  "preparation_resources": {
    "seconds": 17.271494499989785,
    "baseline_rss_bytes": 324292608,
    "peak_rss_bytes": 898138112,
    "baseline_private_bytes": 282296320,
    "peak_private_bytes": 1002332160,
    "incremental_peak_rss_bytes": 573845504,
    "lifetime_peak_rss_bytes": 1033060352,
    "min_available_ram_bytes": 3975348224,
    "sample_interval_seconds": 0.05,
    "process_cpu_seconds": 16.234375
  },
  "expected_point_cells": 3,
  "expected_interval_cells": 6
}
{"command": ["C:/cfs_venv/Scripts/python.exe", "-B", "-m", "src.matched_forecasting005", "readiness", "--matrix", "C:\\Users\\nigel\\OneDrive\\Desktop\\GitHub\\confosense\\smart_building_conformal\\outputs\\amendment005\\support_design_v1\\experiment_matrix.csv", "--dataset", "bdg2", "--horizon", "1", "--outer-fold", "2", "--model-seed", "45", "--design-dir", "C:\\Users\\nigel\\OneDrive\\Desktop\\GitHub\\confosense\\smart_building_conformal\\protocols\\matched_forecasting005\\bdg2_h1_f2_s45_v1"], "cwd": "C:\\Users\\nigel\\OneDrive\\Desktop\\GitHub\\confosense\\smart_building_conformal", "started_utc": "2026-09-13T22:52:37.761926+00:00", "logger_pid": 25168, "child_pid": 9896, "ended_utc": "2026-09-13T22:52:59.229856+00:00", "seconds": 21.46884269999282, "exit_status": 0}
PREFLIGHT 34/52 bdg2_h1_f2_s45_v1
{
  "frozen": true,
  "models_fitted": 0,
  "data_hash": "9f5a2d248e63aadf2db9e2701591a2d16924b87085f18ded69819a86cfadad9c",
  "role_bank_hash": "c1131a9d34af97210a5165e90d03721d8528ad05e9579d3299c486047d4e9b55",
  "roles": {
    "fit": {
      "n": 51634,
      "membership_hash": "24548642307cad42aa249770e9c2f9976be06ca00a3344af4cc76eb72d8340b5",
      "row_id_hash": "ffa384f38312c9dc3d731360d923fcf346a931431bf149fc831c4adea813d691",
      "origin_min": "2016-01-07 21:00:00",
      "origin_max": "2016-08-11 19:00:00",
      "target_min": "2016-01-08 00:00:00",
      "target_max": "2016-08-11 22:00:00"
    },
    "calibration": {
      "n": 17360,
      "membership_hash": "d0abd97ca8d625e40fb2a1cb4a703de04db6f055eefe3ab56cd15b66319b5aba",
      "row_id_hash": "863c0af90269298b0e6f5a2f56b55eaff6d6133311914cf4e057fa69feec07d4",
      "origin_min": "2016-08-12 00:00:00",
      "origin_max": "2016-10-23 07:00:00",
      "target_min": "2016-08-12 03:00:00",
      "target_max": "2016-10-23 10:00:00"
    },
    "test": {
      "n": 34640,
      "membership_hash": "ac209fd38c4629ceb7d8ca27dc61c0e078efffe969b14c5a757d27aa8ff1b6c5",
      "row_id_hash": "c96bb83824e1a9ba2a796cae7018992bad567e577c67a2840e377bec1990828c",
      "origin_min": "2016-10-23 11:00:00",
      "origin_max": "2017-03-17 05:00:00",
      "target_min": "2016-10-23 14:00:00",
      "target_max": "2017-03-17 08:00:00"
    },
    "inner0_train": {
      "n": 17073,
      "membership_hash": "8e295ef626f371c07b1ec49afd7f2693659cd6afde4f22be484735f11239b065",
      "row_id_hash": "e1dc0b63558312fca058d40b4bfa82e47e74c4313fcadb1123b077c3d0c819f3",
      "origin_min": "2016-01-07 21:00:00",
      "origin_max": "2016-03-20 00:00:00",
      "target_min": "2016-01-08 00:00:00",
      "target_max": "2016-03-20 03:00:00"
    },
    "inner0_validation": {
      "n": 17195,
      "membership_hash": "c1889776e05fcec42d92ea64731f69999ff88e2a223554807aa3617934c1addb",
      "row_id_hash": "3e1e48c2f2fee5c8f54852c9b499600ff5daf14d9974942119e4e5e818d41013",
      "origin_min": "2016-03-20 04:00:00",
      "origin_max": "2016-05-31 08:00:00",
      "target_min": "2016-03-20 07:00:00",
      "target_max": "2016-05-31 11:00:00"
    },
    "inner1_train": {
      "n": 34268,
      "membership_hash": "95b32a00537cd05f86880ccdef0381bf1831d69289c8361feb735b598d2d9ff1",
      "row_id_hash": "6a6104fa7e43733847fe9b10a19040ca38296c59a9f9056b38739bc2e0aab954",
      "origin_min": "2016-01-07 21:00:00",
      "origin_max": "2016-05-31 08:00:00",
      "target_min": "2016-01-08 00:00:00",
      "target_max": "2016-05-31 11:00:00"
    },
    "inner1_validation": {
      "n": 17306,
      "membership_hash": "5974dd749dae94b806e58e7445c48c198e82f3cba50cd0d6c54572d87fcd2191",
      "row_id_hash": "ce214c17538c51e016a687e3548b8d719a95205251378923f0db0f3b4a862fb9",
      "origin_min": "2016-05-31 12:00:00",
      "origin_max": "2016-08-11 19:00:00",
      "target_min": "2016-05-31 15:00:00",
      "target_max": "2016-08-11 22:00:00"
    }
  }
}
{"command": ["C:/cfs_venv/Scripts/python.exe", "-B", "-m", "src.matched_forecasting005", "freeze", "--matrix", "C:\\Users\\nigel\\OneDrive\\Desktop\\GitHub\\confosense\\smart_building_conformal\\outputs\\amendment005\\support_design_v1\\experiment_matrix.csv", "--dataset", "bdg2", "--horizon", "3", "--outer-fold", "2", "--model-seed", "45", "--design-dir", "C:\\Users\\nigel\\OneDrive\\Desktop\\GitHub\\confosense\\smart_building_conformal\\protocols\\matched_forecasting005\\bdg2_h3_f2_s45_v1", "--authorization", "C:\\Users\\nigel\\OneDrive\\Desktop\\GitHub\\confosense\\smart_building_conformal\\configs\\matched_forecasting005_fold2_multiseed_authorization_v1.json"], "cwd": "C:\\Users\\nigel\\OneDrive\\Desktop\\GitHub\\confosense\\smart_building_conformal", "started_utc": "2026-09-13T22:52:59.452271+00:00", "logger_pid": 18900, "child_pid": 27148, "ended_utc": "2026-09-13T22:53:22.708137+00:00", "seconds": 23.251829699991504, "exit_status": 0}
{
  "first_unit_ready": true,
  "full_study_ready": false,
  "models_fitted": 0,
  "source_hash": "cd907183301a189ddfcc195774dad58c8fa07d5b326d2ac29cf3636383dc681e",
  "protocol_hash": "b09d5d8c367121e6d22677abdb3f3bdb6a98e8404434e14ad1bfa57c42d265dd",
  "fresh_support_verified": true,
  "resources": {
    "rss_bytes": 443039744,
    "private_bytes": 401092608,
    "lifetime_peak_rss_bytes": 1031618560,
    "available_ram_bytes": 4463591424,
    "physical_ram_bytes": 16890978304,
    "free_disk_bytes": 44837347328,
    "launch_ram_reference_bytes": 3221225472,
    "launch_ram_reference_met": true,
    "later_user_nonblocking_ram_instruction": true
  },
  "preparation_resources": {
    "seconds": 16.490349800005788,
    "baseline_rss_bytes": 324210688,
    "peak_rss_bytes": 876482560,
    "baseline_private_bytes": 282206208,
    "peak_private_bytes": 995303424,
    "incremental_peak_rss_bytes": 552271872,
    "lifetime_peak_rss_bytes": 1031618560,
    "min_available_ram_bytes": 3982065664,
    "sample_interval_seconds": 0.05,
    "process_cpu_seconds": 16.15625
  },
  "expected_point_cells": 3,
  "expected_interval_cells": 6
}
{"command": ["C:/cfs_venv/Scripts/python.exe", "-B", "-m", "src.matched_forecasting005", "readiness", "--matrix", "C:\\Users\\nigel\\OneDrive\\Desktop\\GitHub\\confosense\\smart_building_conformal\\outputs\\amendment005\\support_design_v1\\experiment_matrix.csv", "--dataset", "bdg2", "--horizon", "3", "--outer-fold", "2", "--model-seed", "45", "--design-dir", "C:\\Users\\nigel\\OneDrive\\Desktop\\GitHub\\confosense\\smart_building_conformal\\protocols\\matched_forecasting005\\bdg2_h3_f2_s45_v1"], "cwd": "C:\\Users\\nigel\\OneDrive\\Desktop\\GitHub\\confosense\\smart_building_conformal", "started_utc": "2026-09-13T22:53:22.829473+00:00", "logger_pid": 29044, "child_pid": 26932, "ended_utc": "2026-09-13T22:53:43.475257+00:00", "seconds": 20.641296800007694, "exit_status": 0}
PREFLIGHT 35/52 bdg2_h3_f2_s45_v1
{
  "frozen": true,
  "models_fitted": 0,
  "data_hash": "79cd64593080031680a39460f2948bf4cd4b4562c85f66f5d8f6565610b946b8",
  "role_bank_hash": "9abcf13664a5dbd8c96c390b879095bce984f2809c147423d9338c3ecce0555b",
  "roles": {
    "fit": {
      "n": 51584,
      "membership_hash": "ee0d65d4d8fd886cddd0836feb6cc554b3a0668bb8646e26ad368612e89933cf",
      "row_id_hash": "2238d76a4dbf3773688730ddc491de3cefe37795d6a581e2848ae721c331e6bf",
      "origin_min": "2016-01-07 18:00:00",
      "origin_max": "2016-08-11 11:00:00",
      "target_min": "2016-01-08 00:00:00",
      "target_max": "2016-08-11 17:00:00"
    },
    "calibration": {
      "n": 17350,
      "membership_hash": "cb99d3f6083f8add3d0568883b9be9ed322386b154e74837371f8bb0570068e3",
      "row_id_hash": "aa683503ff148880151cae8fc08bfc24515ae8c36edb5767a336c52e0cdd96ed",
      "origin_min": "2016-08-11 19:00:00",
      "origin_max": "2016-10-23 01:00:00",
      "target_min": "2016-08-12 01:00:00",
      "target_max": "2016-10-23 07:00:00"
    },
    "test": {
      "n": 34640,
      "membership_hash": "d2c8963470de5f63c6abdd989a9a7e8e9784ee1b533d376fa55278f758ab13ef",
      "row_id_hash": "37fd04542c9ea0f00adda74f2d1670855cd47ee8d91e3a242b6c76c5ce0d762f",
      "origin_min": "2016-10-23 08:00:00",
      "origin_max": "2017-03-17 02:00:00",
      "target_min": "2016-10-23 14:00:00",
      "target_max": "2017-03-17 08:00:00"
    },
    "inner0_train": {
      "n": 17033,
      "membership_hash": "f02c7d71705a3d16569d09c94aa6c7fb805b688993dc198b089dcc5412c536ac",
      "row_id_hash": "8ca497a9ec0ddfa4978eff0e12b817bc3d8788f0c11d3e52e52fc002b3b19c38",
      "origin_min": "2016-01-07 18:00:00",
      "origin_max": "2016-03-19 17:00:00",
      "target_min": "2016-01-08 00:00:00",
      "target_max": "2016-03-19 23:00:00"
    },
    "inner0_validation": {
      "n": 17145,
      "membership_hash": "6ddab6cde7fed95f1e35d8f0d2de163d9dfa7e49b74cc1fe856e19a448cc3e0d",
      "row_id_hash": "a8bce31b5505b65db6595bffdb69845940891da0b8f2b8d6250d99ce20b5dfdd",
      "origin_min": "2016-03-20 00:00:00",
      "origin_max": "2016-05-30 23:00:00",
      "target_min": "2016-03-20 06:00:00",
      "target_max": "2016-05-31 05:00:00"
    },
    "inner1_train": {
      "n": 34178,
      "membership_hash": "c721e4717a3a7db386cdb7de77770e79babb33f799d974a9fc843c6e093156f0",
      "row_id_hash": "e68a0b396351fba557fbf54a0dece8e1c5545ebb7b8a096a7e1cd6d0fc3eb0dc",
      "origin_min": "2016-01-07 18:00:00",
      "origin_max": "2016-05-30 23:00:00",
      "target_min": "2016-01-08 00:00:00",
      "target_max": "2016-05-31 05:00:00"
    },
    "inner1_validation": {
      "n": 17286,
      "membership_hash": "d9afb522d74237fbcb0085a235ee27867d8cc18c0b883edd9a4606f91b4382ee",
      "row_id_hash": "decf7a3acf92420ae63e05af24db95ff28729fcdf67cd117b4ecbe0ba825a85f",
      "origin_min": "2016-05-31 06:00:00",
      "origin_max": "2016-08-11 11:00:00",
      "target_min": "2016-05-31 12:00:00",
      "target_max": "2016-08-11 17:00:00"
    }
  }
}
{"command": ["C:/cfs_venv/Scripts/python.exe", "-B", "-m", "src.matched_forecasting005", "freeze", "--matrix", "C:\\Users\\nigel\\OneDrive\\Desktop\\GitHub\\confosense\\smart_building_conformal\\outputs\\amendment005\\support_design_v1\\experiment_matrix.csv", "--dataset", "bdg2", "--horizon", "6", "--outer-fold", "2", "--model-seed", "45", "--design-dir", "C:\\Users\\nigel\\OneDrive\\Desktop\\GitHub\\confosense\\smart_building_conformal\\protocols\\matched_forecasting005\\bdg2_h6_f2_s45_v1", "--authorization", "C:\\Users\\nigel\\OneDrive\\Desktop\\GitHub\\confosense\\smart_building_conformal\\configs\\matched_forecasting005_fold2_multiseed_authorization_v1.json"], "cwd": "C:\\Users\\nigel\\OneDrive\\Desktop\\GitHub\\confosense\\smart_building_conformal", "started_utc": "2026-09-13T22:53:43.714280+00:00", "logger_pid": 12660, "child_pid": 9860, "ended_utc": "2026-09-13T22:54:06.300985+00:00", "seconds": 22.587967000014032, "exit_status": 0}
{
  "first_unit_ready": true,
  "full_study_ready": false,
  "models_fitted": 0,
  "source_hash": "cd907183301a189ddfcc195774dad58c8fa07d5b326d2ac29cf3636383dc681e",
  "protocol_hash": "bf3712ec340f3bdba2b4f5fb836947320a1d97c097af41bf3d3d7cb8c8c05269",
  "fresh_support_verified": true,
  "resources": {
    "rss_bytes": 442888192,
    "private_bytes": 400658432,
    "lifetime_peak_rss_bytes": 1031823360,
    "available_ram_bytes": 4464893952,
    "physical_ram_bytes": 16890978304,
    "free_disk_bytes": 44832681984,
    "launch_ram_reference_bytes": 3221225472,
    "launch_ram_reference_met": true,
    "later_user_nonblocking_ram_instruction": true
  },
  "preparation_resources": {
    "seconds": 17.464083400001982,
    "baseline_rss_bytes": 324042752,
    "peak_rss_bytes": 854794240,
    "baseline_private_bytes": 281849856,
    "peak_private_bytes": 994897920,
    "incremental_peak_rss_bytes": 530751488,
    "lifetime_peak_rss_bytes": 1031823360,
    "min_available_ram_bytes": 4034945024,
    "sample_interval_seconds": 0.05,
    "process_cpu_seconds": 17.0
  },
  "expected_point_cells": 3,
  "expected_interval_cells": 6
}
{"command": ["C:/cfs_venv/Scripts/python.exe", "-B", "-m", "src.matched_forecasting005", "readiness", "--matrix", "C:\\Users\\nigel\\OneDrive\\Desktop\\GitHub\\confosense\\smart_building_conformal\\outputs\\amendment005\\support_design_v1\\experiment_matrix.csv", "--dataset", "bdg2", "--horizon", "6", "--outer-fold", "2", "--model-seed", "45", "--design-dir", "C:\\Users\\nigel\\OneDrive\\Desktop\\GitHub\\confosense\\smart_building_conformal\\protocols\\matched_forecasting005\\bdg2_h6_f2_s45_v1"], "cwd": "C:\\Users\\nigel\\OneDrive\\Desktop\\GitHub\\confosense\\smart_building_conformal", "started_utc": "2026-09-13T22:54:06.410820+00:00", "logger_pid": 23736, "child_pid": 26132, "ended_utc": "2026-09-13T22:54:28.096391+00:00", "seconds": 21.68566469999496, "exit_status": 0}
PREFLIGHT 36/52 bdg2_h6_f2_s45_v1
{
  "frozen": true,
  "models_fitted": 0,
  "data_hash": "ea4daa5dc3579aec204c02fd26d09ba7467a2ad3c45790efc705c7883bde6741",
  "role_bank_hash": "badafb8398bc754b251fa2a13514fa6111f8bf96e4054696777b03dce5e878f2",
  "roles": {
    "fit": {
      "n": 14858,
      "membership_hash": "082d3c719093d84e13379d5a2c367aacae289407ac707cb64d266f759ebb787b",
      "row_id_hash": "a5da64445ac5f1af2fd4c56cb88650223d7690fede620e9a6758367516928aca",
      "origin_min": "2021-01-08 00:00:00",
      "origin_max": "2021-04-21 04:10:00",
      "target_min": "2021-01-08 00:10:00",
      "target_max": "2021-04-21 04:20:00"
    },
    "calibration": {
      "n": 4953,
      "membership_hash": "9eb8650e22c2484bd09a282820451387cd0610e0cf55aa2ec428816a260b5143",
      "row_id_hash": "7794c3f938f5b39a6b7c298611ca6e5d91de32415f98091ff059cd97e6946b01",
      "origin_min": "2021-04-21 04:40:00",
      "origin_max": "2021-05-25 14:00:00",
      "target_min": "2021-04-21 04:50:00",
      "target_max": "2021-05-25 14:10:00"
    },
    "test": {
      "n": 9907,
      "membership_hash": "9873f938ec58b7643a4b9bb6625e3522fa47921a83ef136da20c6e62a17a410f",
      "row_id_hash": "ca2d8ac2f6c4a85d87a0b3e689792f73277921d41eae2f48c6b4eb1e307d2a61",
      "origin_min": "2021-05-25 14:20:00",
      "origin_max": "2021-08-02 09:20:00",
      "target_min": "2021-05-25 14:30:00",
      "target_max": "2021-08-02 09:30:00"
    },
    "inner0_train": {
      "n": 4951,
      "membership_hash": "772e37103d6ec8c04ebb7c7e034fb82e77efacdfb42740094dd62aba1cdcbb46",
      "row_id_hash": "9ff5cf13265f7071fd9c0761e23cbdb0a3b06a17108fe4c9e29d7b526dbb16f6",
      "origin_min": "2021-01-08 00:00:00",
      "origin_max": "2021-02-11 09:00:00",
      "target_min": "2021-01-08 00:10:00",
      "target_max": "2021-02-11 09:10:00"
    },
    "inner0_validation": {
      "n": 4952,
      "membership_hash": "3ee052b31b48d8aee119b1a1a23488da243b59b1055ebe21d22b810798c26df1",
      "row_id_hash": "94101a1db88057481d0b93b3f6f6f8a0ba0768c95d5d786cc94219111fc8b01a",
      "origin_min": "2021-02-11 09:20:00",
      "origin_max": "2021-03-17 18:30:00",
      "target_min": "2021-02-11 09:30:00",
      "target_max": "2021-03-17 18:40:00"
    },
    "inner1_train": {
      "n": 9903,
      "membership_hash": "bc9acab132bf77c6fdb966545b0c1c36c2d8d40c0debf6ad9879832e8eed3f18",
      "row_id_hash": "5bb7052421dc4dc1014d0183a0a86dc9346860360b70733932af01792401ebea",
      "origin_min": "2021-01-08 00:00:00",
      "origin_max": "2021-03-17 18:30:00",
      "target_min": "2021-01-08 00:10:00",
      "target_max": "2021-03-17 18:40:00"
    },
    "inner1_validation": {
      "n": 4953,
      "membership_hash": "af2dbfce54bc80c97b7250e3d85c70b3feb7714d2fb1b6436b4b00eeaec9ed9e",
      "row_id_hash": "28760e0529920ab50fc08711863e3203a9e12a65c4321ba66c5ea2a7711920b5",
      "origin_min": "2021-03-17 18:50:00",
      "origin_max": "2021-04-21 04:10:00",
      "target_min": "2021-03-17 19:00:00",
      "target_max": "2021-04-21 04:20:00"
    }
  }
}
{"command": ["C:/cfs_venv/Scripts/python.exe", "-B", "-m", "src.matched_forecasting005", "freeze", "--matrix", "C:\\Users\\nigel\\OneDrive\\Desktop\\GitHub\\confosense\\smart_building_conformal\\outputs\\amendment005\\support_design_v1\\experiment_matrix.csv", "--dataset", "pleia", "--horizon", "1", "--outer-fold", "2", "--model-seed", "45", "--design-dir", "C:\\Users\\nigel\\OneDrive\\Desktop\\GitHub\\confosense\\smart_building_conformal\\protocols\\matched_forecasting005\\pleia_h1_f2_s45_v1", "--authorization", "C:\\Users\\nigel\\OneDrive\\Desktop\\GitHub\\confosense\\smart_building_conformal\\configs\\matched_forecasting005_fold2_multiseed_authorization_v1.json"], "cwd": "C:\\Users\\nigel\\OneDrive\\Desktop\\GitHub\\confosense\\smart_building_conformal", "started_utc": "2026-09-13T22:54:28.344128+00:00", "logger_pid": 18672, "child_pid": 14192, "ended_utc": "2026-09-13T22:54:42.200746+00:00", "seconds": 13.859693399994285, "exit_status": 0}
{
  "first_unit_ready": true,
  "full_study_ready": false,
  "models_fitted": 0,
  "source_hash": "cd907183301a189ddfcc195774dad58c8fa07d5b326d2ac29cf3636383dc681e",
  "protocol_hash": "ce8d6b4c952de02d809dfc2b4fbd7b34988a37c2c5ca18c286a65afd2a71556a",
  "fresh_support_verified": true,
  "resources": {
    "rss_bytes": 382500864,
    "private_bytes": 337412096,
    "lifetime_peak_rss_bytes": 1241731072,
    "available_ram_bytes": 4512944128,
    "physical_ram_bytes": 16890978304,
    "free_disk_bytes": 44829814784,
    "launch_ram_reference_bytes": 3221225472,
    "launch_ram_reference_met": true,
    "later_user_nonblocking_ram_instruction": true
  },
  "preparation_resources": {
    "seconds": 8.52285569999367,
    "baseline_rss_bytes": 324194304,
    "peak_rss_bytes": 1103958016,
    "baseline_private_bytes": 282025984,
    "peak_private_bytes": 1199448064,
    "incremental_peak_rss_bytes": 779763712,
    "lifetime_peak_rss_bytes": 1241731072,
    "min_available_ram_bytes": 3813752832,
    "sample_interval_seconds": 0.05,
    "process_cpu_seconds": 8.21875
  },
  "expected_point_cells": 3,
  "expected_interval_cells": 6
}
{"command": ["C:/cfs_venv/Scripts/python.exe", "-B", "-m", "src.matched_forecasting005", "readiness", "--matrix", "C:\\Users\\nigel\\OneDrive\\Desktop\\GitHub\\confosense\\smart_building_conformal\\outputs\\amendment005\\support_design_v1\\experiment_matrix.csv", "--dataset", "pleia", "--horizon", "1", "--outer-fold", "2", "--model-seed", "45", "--design-dir", "C:\\Users\\nigel\\OneDrive\\Desktop\\GitHub\\confosense\\smart_building_conformal\\protocols\\matched_forecasting005\\pleia_h1_f2_s45_v1"], "cwd": "C:\\Users\\nigel\\OneDrive\\Desktop\\GitHub\\confosense\\smart_building_conformal", "started_utc": "2026-09-13T22:54:42.320901+00:00", "logger_pid": 28564, "child_pid": 3376, "ended_utc": "2026-09-13T22:54:54.960452+00:00", "seconds": 12.643053599997074, "exit_status": 0}
PREFLIGHT 37/52 pleia_h1_f2_s45_v1
{
  "frozen": true,
  "models_fitted": 0,
  "data_hash": "d9952ed2b0af11ec34f4cb849c9c45e91f7c74a3cdaa2393e449e2715e7f934c",
  "role_bank_hash": "6fa371901b6c3e9ddf59ab5f6a3dfd4df7833e00db6e5ee2c633f99798fb542a",
  "roles": {
    "fit": {
      "n": 14855,
      "membership_hash": "227c29f26e08b12144a3144f7b4e485ceef61eeffddfb8383055cdb14249180b",
      "row_id_hash": "4074dfa6f8e6042743030c8386a0f02bf142e81c22c53c260629dc0e31aea099",
      "origin_min": "2021-01-07 23:40:00",
      "origin_max": "2021-04-21 03:20:00",
      "target_min": "2021-01-08 00:10:00",
      "target_max": "2021-04-21 03:50:00"
    },
    "calibration": {
      "n": 4952,
      "membership_hash": "7fa06de8c38dda4d17b6b0cf6e9ef56c1df4e74c93e4a91c0e4cc3ac109ef25d",
      "row_id_hash": "e7a9e5a4d0f065e905f3b68d0ddcc8cfa81961e510bbeaa67844d8b295557883",
      "origin_min": "2021-04-21 04:10:00",
      "origin_max": "2021-05-25 13:20:00",
      "target_min": "2021-04-21 04:40:00",
      "target_max": "2021-05-25 13:50:00"
    },
    "test": {
      "n": 9907,
      "membership_hash": "bac99d6be4cb79fe22304f53e75236e112bbd0869eb6fec15e881e232b076cc3",
      "row_id_hash": "980af583f5f37c78a95e0b099badf318c309a782627933d4b65363f009fed507",
      "origin_min": "2021-05-25 14:00:00",
      "origin_max": "2021-08-02 09:00:00",
      "target_min": "2021-05-25 14:30:00",
      "target_max": "2021-08-02 09:30:00"
    },
    "inner0_train": {
      "n": 4948,
      "membership_hash": "fdb3d26c48df5c39e6763480535e204d2594b8749ab6df0a1371c11c4991afd2",
      "row_id_hash": "ddaf23d54fbb3a4e9b995b43253825c4ae6a3c46f5831e9bc1bc774c65ae348c",
      "origin_min": "2021-01-07 23:40:00",
      "origin_max": "2021-02-11 08:10:00",
      "target_min": "2021-01-08 00:10:00",
      "target_max": "2021-02-11 08:40:00"
    },
    "inner0_validation": {
      "n": 4949,
      "membership_hash": "249bb3d7f2b16be8c15ebb503c1a33019c0aed25686b3ca72cf4bf16dc16264d",
      "row_id_hash": "1046774ecf67bd5d7b3cda329101e3229f1720d1f12b59feb24732dffedd21a3",
      "origin_min": "2021-02-11 08:50:00",
      "origin_max": "2021-03-17 17:30:00",
      "target_min": "2021-02-11 09:20:00",
      "target_max": "2021-03-17 18:00:00"
    },
    "inner1_train": {
      "n": 9897,
      "membership_hash": "e4a2af2e86062f34ecc2da38f038c54771899f808d45a3482679b08ab9163cba",
      "row_id_hash": "50e5f199066eca1e0f35e3294dda145841773b547bab055401b3e8d8067ed3c0",
      "origin_min": "2021-01-07 23:40:00",
      "origin_max": "2021-03-17 17:30:00",
      "target_min": "2021-01-08 00:10:00",
      "target_max": "2021-03-17 18:00:00"
    },
    "inner1_validation": {
      "n": 4952,
      "membership_hash": "4439d1e24df439cf5dbec4b37090c9521460fad2488d498a7c821cf963a6daa2",
      "row_id_hash": "e567401ae33f835a2879ba5be9304ca8129f612468e33f9ab19c6e25dd3b1e5c",
      "origin_min": "2021-03-17 18:10:00",
      "origin_max": "2021-04-21 03:20:00",
      "target_min": "2021-03-17 18:40:00",
      "target_max": "2021-04-21 03:50:00"
    }
  }
}
{"command": ["C:/cfs_venv/Scripts/python.exe", "-B", "-m", "src.matched_forecasting005", "freeze", "--matrix", "C:\\Users\\nigel\\OneDrive\\Desktop\\GitHub\\confosense\\smart_building_conformal\\outputs\\amendment005\\support_design_v1\\experiment_matrix.csv", "--dataset", "pleia", "--horizon", "3", "--outer-fold", "2", "--model-seed", "45", "--design-dir", "C:\\Users\\nigel\\OneDrive\\Desktop\\GitHub\\confosense\\smart_building_conformal\\protocols\\matched_forecasting005\\pleia_h3_f2_s45_v1", "--authorization", "C:\\Users\\nigel\\OneDrive\\Desktop\\GitHub\\confosense\\smart_building_conformal\\configs\\matched_forecasting005_fold2_multiseed_authorization_v1.json"], "cwd": "C:\\Users\\nigel\\OneDrive\\Desktop\\GitHub\\confosense\\smart_building_conformal", "started_utc": "2026-09-13T22:54:55.190915+00:00", "logger_pid": 24140, "child_pid": 14420, "ended_utc": "2026-09-13T22:55:08.591289+00:00", "seconds": 13.412395800012746, "exit_status": 0}
{
  "first_unit_ready": true,
  "full_study_ready": false,
  "models_fitted": 0,
  "source_hash": "cd907183301a189ddfcc195774dad58c8fa07d5b326d2ac29cf3636383dc681e",
  "protocol_hash": "43fdef7973feabb27f49a6f3a57657663ea1c46bff243e5d984ce84c66f35ce8",
  "fresh_support_verified": true,
  "resources": {
    "rss_bytes": 382169088,
    "private_bytes": 337563648,
    "lifetime_peak_rss_bytes": 1244102656,
    "available_ram_bytes": 4502953984,
    "physical_ram_bytes": 16890978304,
    "free_disk_bytes": 44827148288,
    "launch_ram_reference_bytes": 3221225472,
    "launch_ram_reference_met": true,
    "later_user_nonblocking_ram_instruction": true
  },
  "preparation_resources": {
    "seconds": 7.924917599986657,
    "baseline_rss_bytes": 324599808,
    "peak_rss_bytes": 1147781120,
    "baseline_private_bytes": 282750976,
    "peak_private_bytes": 1207324672,
    "incremental_peak_rss_bytes": 823181312,
    "lifetime_peak_rss_bytes": 1244102656,
    "min_available_ram_bytes": 3770220544,
    "sample_interval_seconds": 0.05,
    "process_cpu_seconds": 7.8125
  },
  "expected_point_cells": 3,
  "expected_interval_cells": 6
}
{"command": ["C:/cfs_venv/Scripts/python.exe", "-B", "-m", "src.matched_forecasting005", "readiness", "--matrix", "C:\\Users\\nigel\\OneDrive\\Desktop\\GitHub\\confosense\\smart_building_conformal\\outputs\\amendment005\\support_design_v1\\experiment_matrix.csv", "--dataset", "pleia", "--horizon", "3", "--outer-fold", "2", "--model-seed", "45", "--design-dir", "C:\\Users\\nigel\\OneDrive\\Desktop\\GitHub\\confosense\\smart_building_conformal\\protocols\\matched_forecasting005\\pleia_h3_f2_s45_v1"], "cwd": "C:\\Users\\nigel\\OneDrive\\Desktop\\GitHub\\confosense\\smart_building_conformal", "started_utc": "2026-09-13T22:55:08.699728+00:00", "logger_pid": 29548, "child_pid": 26656, "ended_utc": "2026-09-13T22:55:20.718713+00:00", "seconds": 12.008457200005068, "exit_status": 0}
PREFLIGHT 38/52 pleia_h3_f2_s45_v1
{
  "frozen": true,
  "models_fitted": 0,
  "data_hash": "5f82d9b1241b651ae41db34771b44ea8dc61cee2367a2af45ca7be1d9403d5cb",
  "role_bank_hash": "71eb667e2ed175651d70ebdcf17848409bd01b14568e768b8f7d37b654481b9f",
  "roles": {
    "fit": {
      "n": 14850,
      "membership_hash": "ef9d6a6abac88bf6870ca419233277f25ca38ffcec8d2e50ef36e5a7ae619400",
      "row_id_hash": "1a376d5a8a154a77f83f187423efb4d9fc845968a0043a1454205c7b56a18c46",
      "origin_min": "2021-01-07 23:10:00",
      "origin_max": "2021-04-21 02:00:00",
      "target_min": "2021-01-08 00:10:00",
      "target_max": "2021-04-21 03:00:00"
    },
    "calibration": {
      "n": 4951,
      "membership_hash": "9247b241a0fa2d22e3929a301f0ff3511dbadd5e2e8ec374799c5c7abceab76d",
      "row_id_hash": "2d7a6ad1c542e4d2f60a787f5e43892e1e19f63a3d75ff6e0accd70b674462a7",
      "origin_min": "2021-04-21 03:20:00",
      "origin_max": "2021-05-25 12:20:00",
      "target_min": "2021-04-21 04:20:00",
      "target_max": "2021-05-25 13:20:00"
    },
    "test": {
      "n": 9907,
      "membership_hash": "c6974f8d3bde0930d9d56239e658a56ee8f6554aea2606844b45a070315571f1",
      "row_id_hash": "ac5e21416b994368c2c6ea779989080df106bc5896da0483b1f5982a7af732fa",
      "origin_min": "2021-05-25 13:30:00",
      "origin_max": "2021-08-02 08:30:00",
      "target_min": "2021-05-25 14:30:00",
      "target_max": "2021-08-02 09:30:00"
    },
    "inner0_train": {
      "n": 4944,
      "membership_hash": "7e1d872fdae249702364dcedccb8344e6e44d13dde4694244d1d8af8576495fb",
      "row_id_hash": "8f691537f61aeaf3b6b2bce9234e1f3f2fce1fa89f579c6620a77d4e9430bbe6",
      "origin_min": "2021-01-07 23:10:00",
      "origin_max": "2021-02-11 07:00:00",
      "target_min": "2021-01-08 00:10:00",
      "target_max": "2021-02-11 08:00:00"
    },
    "inner0_validation": {
      "n": 4944,
      "membership_hash": "2984744e642beefa7ce03314b45942af4ef6594d8939fdf4b62e61c263f6bdb8",
      "row_id_hash": "2d75f8c14ab352752c56668098b1a13d6f545d051d41b03dbb9af51140add5f3",
      "origin_min": "2021-02-11 08:10:00",
      "origin_max": "2021-03-17 16:00:00",
      "target_min": "2021-02-11 09:10:00",
      "target_max": "2021-03-17 17:00:00"
    },
    "inner1_train": {
      "n": 9888,
      "membership_hash": "b302ee02c2b16f2a988275f6ff329f6f03774c4c85d10d37902b32b54795d4e0",
      "row_id_hash": "2330831bef316a2f27daff3f18c8507290a36952db81e8e9e7594e746f48686e",
      "origin_min": "2021-01-07 23:10:00",
      "origin_max": "2021-03-17 16:00:00",
      "target_min": "2021-01-08 00:10:00",
      "target_max": "2021-03-17 17:00:00"
    },
    "inner1_validation": {
      "n": 4950,
      "membership_hash": "94c11b73e5e68059ca8334f73f6dc70805df5c01f5112cc20d147b640c4f52fd",
      "row_id_hash": "30c0df9856e41df5c927bceaf854572d24fb209861c6708cc43afdf2762d6890",
      "origin_min": "2021-03-17 17:10:00",
      "origin_max": "2021-04-21 02:00:00",
      "target_min": "2021-03-17 18:10:00",
      "target_max": "2021-04-21 03:00:00"
    }
  }
}
{"command": ["C:/cfs_venv/Scripts/python.exe", "-B", "-m", "src.matched_forecasting005", "freeze", "--matrix", "C:\\Users\\nigel\\OneDrive\\Desktop\\GitHub\\confosense\\smart_building_conformal\\outputs\\amendment005\\support_design_v1\\experiment_matrix.csv", "--dataset", "pleia", "--horizon", "6", "--outer-fold", "2", "--model-seed", "45", "--design-dir", "C:\\Users\\nigel\\OneDrive\\Desktop\\GitHub\\confosense\\smart_building_conformal\\protocols\\matched_forecasting005\\pleia_h6_f2_s45_v1", "--authorization", "C:\\Users\\nigel\\OneDrive\\Desktop\\GitHub\\confosense\\smart_building_conformal\\configs\\matched_forecasting005_fold2_multiseed_authorization_v1.json"], "cwd": "C:\\Users\\nigel\\OneDrive\\Desktop\\GitHub\\confosense\\smart_building_conformal", "started_utc": "2026-09-13T22:55:20.967612+00:00", "logger_pid": 5960, "child_pid": 24160, "ended_utc": "2026-09-13T22:55:33.877350+00:00", "seconds": 12.91106139999465, "exit_status": 0}
{
  "first_unit_ready": true,
  "full_study_ready": false,
  "models_fitted": 0,
  "source_hash": "cd907183301a189ddfcc195774dad58c8fa07d5b326d2ac29cf3636383dc681e",
  "protocol_hash": "7b3af2e5082254e020ca867fb95d22cc2dc6b99331e9a1c7f86c6a385461bbeb",
  "fresh_support_verified": true,
  "resources": {
    "rss_bytes": 382287872,
    "private_bytes": 338427904,
    "lifetime_peak_rss_bytes": 1245110272,
    "available_ram_bytes": 4513591296,
    "physical_ram_bytes": 16890978304,
    "free_disk_bytes": 44828622848,
    "launch_ram_reference_bytes": 3221225472,
    "launch_ram_reference_met": true,
    "later_user_nonblocking_ram_instruction": true
  },
  "preparation_resources": {
    "seconds": 8.281342999995104,
    "baseline_rss_bytes": 324935680,
    "peak_rss_bytes": 1145249792,
    "baseline_private_bytes": 282816512,
    "peak_private_bytes": 1207631872,
    "incremental_peak_rss_bytes": 820314112,
    "lifetime_peak_rss_bytes": 1245110272,
    "min_available_ram_bytes": 3757363200,
    "sample_interval_seconds": 0.05,
    "process_cpu_seconds": 8.0
  },
  "expected_point_cells": 3,
  "expected_interval_cells": 6
}
{"command": ["C:/cfs_venv/Scripts/python.exe", "-B", "-m", "src.matched_forecasting005", "readiness", "--matrix", "C:\\Users\\nigel\\OneDrive\\Desktop\\GitHub\\confosense\\smart_building_conformal\\outputs\\amendment005\\support_design_v1\\experiment_matrix.csv", "--dataset", "pleia", "--horizon", "6", "--outer-fold", "2", "--model-seed", "45", "--design-dir", "C:\\Users\\nigel\\OneDrive\\Desktop\\GitHub\\confosense\\smart_building_conformal\\protocols\\matched_forecasting005\\pleia_h6_f2_s45_v1"], "cwd": "C:\\Users\\nigel\\OneDrive\\Desktop\\GitHub\\confosense\\smart_building_conformal", "started_utc": "2026-09-13T22:55:33.990044+00:00", "logger_pid": 20048, "child_pid": 19164, "ended_utc": "2026-09-13T22:55:46.509287+00:00", "seconds": 12.517486600001575, "exit_status": 0}
PREFLIGHT 39/52 pleia_h6_f2_s45_v1
{
  "frozen": true,
  "models_fitted": 0,
  "data_hash": "8bfbf2d874682c3d69016a5b2b5cd9586d83211bbc7d08f2d1563f696869362b",
  "role_bank_hash": "8892aaa62fd2dbf5f922cc593f23e7df743bbe64a25d183d1c972c5f3f0a731a",
  "roles": {
    "fit": {
      "n": 14858,
      "membership_hash": "44caea14eb9235d38ecc221b7d59fdc2f8f54bff0f52fbbd9e0bb1b805ca2387",
      "row_id_hash": "24ce73785501ff4786fb0ae996364f8e145b4b21700a3a571554a5938dd70ade",
      "origin_min": "2021-01-07 23:50:00",
      "origin_max": "2021-04-21 04:00:00",
      "target_min": "2021-01-08 00:00:00",
      "target_max": "2021-04-21 04:10:00"
    },
    "calibration": {
      "n": 4953,
      "membership_hash": "05d6c30f8c3813efdcab97c9bdab0eee81ce669af9af5b8b70b88518c07f2ca8",
      "row_id_hash": "f15ad2a2ec27d37ae1857a3e23c7c43a238d7f5a9db3b667111c380b16382500",
      "origin_min": "2021-04-21 04:30:00",
      "origin_max": "2021-05-25 13:50:00",
      "target_min": "2021-04-21 04:40:00",
      "target_max": "2021-05-25 14:00:00"
    },
    "test": {
      "n": 9907,
      "membership_hash": "b6bdcea0efeca5c07185bc1f75980e8a2570387a5c08e31f9cd301cf38cb60bd",
      "row_id_hash": "99d72f4e202d73a2f0741156b0869793469cfbd9485f853689fa883bce87daa3",
      "origin_min": "2021-05-25 14:10:00",
      "origin_max": "2021-08-02 09:10:00",
      "target_min": "2021-05-25 14:20:00",
      "target_max": "2021-08-02 09:20:00"
    },
    "inner0_train": {
      "n": 4951,
      "membership_hash": "0388e109290a61d05fa9d59bbd9c237bab2a32267e29b1fb8a9d86b58d147f6d",
      "row_id_hash": "70cade1f008e511232829b472a3b7c67bc84c109140470714270e792d5c7e97b",
      "origin_min": "2021-01-07 23:50:00",
      "origin_max": "2021-02-11 08:50:00",
      "target_min": "2021-01-08 00:00:00",
      "target_max": "2021-02-11 09:00:00"
    },
    "inner0_validation": {
      "n": 4952,
      "membership_hash": "d9b8de7f361f4bdbe04542b9c243a2685ce657a01202469acaf8acd43c1c7106",
      "row_id_hash": "9381f3eb0d221051813de2df0d6f8b60e2bc3ec108c925e0eb875f7a6e607493",
      "origin_min": "2021-02-11 09:10:00",
      "origin_max": "2021-03-17 18:20:00",
      "target_min": "2021-02-11 09:20:00",
      "target_max": "2021-03-17 18:30:00"
    },
    "inner1_train": {
      "n": 9903,
      "membership_hash": "ce74106a5bae27e1e344fdc38942436bf694eabfb98ddbe63b832a5414090828",
      "row_id_hash": "98d395a3458442f6b33b72140be4827f7cc87caf92ea1fa3046b332b25d90001",
      "origin_min": "2021-01-07 23:50:00",
      "origin_max": "2021-03-17 18:20:00",
      "target_min": "2021-01-08 00:00:00",
      "target_max": "2021-03-17 18:30:00"
    },
    "inner1_validation": {
      "n": 4953,
      "membership_hash": "36a56bf1ec8357c98060da403a08ce064b57ba57997bc7c82896591862424bbd",
      "row_id_hash": "ff9099d61e16e3b26aa2737196df355bb32d37e67b948e5e9e55852fa0e92a33",
      "origin_min": "2021-03-17 18:40:00",
      "origin_max": "2021-04-21 04:00:00",
      "target_min": "2021-03-17 18:50:00",
      "target_max": "2021-04-21 04:10:00"
    }
  }
}
{"command": ["C:/cfs_venv/Scripts/python.exe", "-B", "-m", "src.matched_forecasting005", "freeze", "--matrix", "C:\\Users\\nigel\\OneDrive\\Desktop\\GitHub\\confosense\\smart_building_conformal\\outputs\\amendment005\\support_design_v1\\experiment_matrix.csv", "--dataset", "pleia_energy", "--horizon", "1", "--outer-fold", "2", "--model-seed", "46", "--design-dir", "C:\\Users\\nigel\\OneDrive\\Desktop\\GitHub\\confosense\\smart_building_conformal\\protocols\\matched_forecasting005\\pleia_energy_h1_f2_s46_v1", "--authorization", "C:\\Users\\nigel\\OneDrive\\Desktop\\GitHub\\confosense\\smart_building_conformal\\configs\\matched_forecasting005_fold2_multiseed_authorization_v1.json"], "cwd": "C:\\Users\\nigel\\OneDrive\\Desktop\\GitHub\\confosense\\smart_building_conformal", "started_utc": "2026-09-13T22:55:46.742002+00:00", "logger_pid": 24816, "child_pid": 18524, "ended_utc": "2026-09-13T22:55:56.111693+00:00", "seconds": 9.376500899990788, "exit_status": 0}
{
  "first_unit_ready": true,
  "full_study_ready": false,
  "models_fitted": 0,
  "source_hash": "cd907183301a189ddfcc195774dad58c8fa07d5b326d2ac29cf3636383dc681e",
  "protocol_hash": "d3f48a48b1e9bd268b7a135c9afd44e18a498537f9d3262d88eb1ded5694a0c3",
  "fresh_support_verified": true,
  "resources": {
    "rss_bytes": 387387392,
    "private_bytes": 341942272,
    "lifetime_peak_rss_bytes": 408113152,
    "available_ram_bytes": 4469899264,
    "physical_ram_bytes": 16890978304,
    "free_disk_bytes": 44825714688,
    "launch_ram_reference_bytes": 3221225472,
    "launch_ram_reference_met": true,
    "later_user_nonblocking_ram_instruction": true
  },
  "preparation_resources": {
    "seconds": 4.396675899988622,
    "baseline_rss_bytes": 324874240,
    "peak_rss_bytes": 401367040,
    "baseline_private_bytes": 282669056,
    "peak_private_bytes": 356675584,
    "incremental_peak_rss_bytes": 76492800,
    "lifetime_peak_rss_bytes": 408113152,
    "min_available_ram_bytes": 4462338048,
    "sample_interval_seconds": 0.05,
    "process_cpu_seconds": 4.21875
  },
  "expected_point_cells": 3,
  "expected_interval_cells": 6
}
{"command": ["C:/cfs_venv/Scripts/python.exe", "-B", "-m", "src.matched_forecasting005", "readiness", "--matrix", "C:\\Users\\nigel\\OneDrive\\Desktop\\GitHub\\confosense\\smart_building_conformal\\outputs\\amendment005\\support_design_v1\\experiment_matrix.csv", "--dataset", "pleia_energy", "--horizon", "1", "--outer-fold", "2", "--model-seed", "46", "--design-dir", "C:\\Users\\nigel\\OneDrive\\Desktop\\GitHub\\confosense\\smart_building_conformal\\protocols\\matched_forecasting005\\pleia_energy_h1_f2_s46_v1"], "cwd": "C:\\Users\\nigel\\OneDrive\\Desktop\\GitHub\\confosense\\smart_building_conformal", "started_utc": "2026-09-13T22:55:56.231938+00:00", "logger_pid": 2124, "child_pid": 27068, "ended_utc": "2026-09-13T22:56:04.886162+00:00", "seconds": 8.656786100007594, "exit_status": 0}
PREFLIGHT 40/52 pleia_energy_h1_f2_s46_v1
{
  "frozen": true,
  "models_fitted": 0,
  "data_hash": "1ffa2b29dc13b120254046c80e97d22647f7b50e5487694b306f692a84d92e14",
  "role_bank_hash": "2d8a91b93c1a8b8aa8ef5a6496971ee12250108a24504ff6b046cf70b7262f75",
  "roles": {
    "fit": {
      "n": 14855,
      "membership_hash": "9fc9e18746429e574996b5d318c420366de84a249898bc72faa113826ebf5288",
      "row_id_hash": "558cff0744ce974849383acc7967f940020b64bfac9013ed4a208009b2708bf5",
      "origin_min": "2021-01-07 23:30:00",
      "origin_max": "2021-04-21 03:10:00",
      "target_min": "2021-01-08 00:00:00",
      "target_max": "2021-04-21 03:40:00"
    },
    "calibration": {
      "n": 4952,
      "membership_hash": "314903ce4f8c8409c5417c2d6b829e4549971bebc3d6a0dc881d54aa3c565364",
      "row_id_hash": "4229dfd898ed95c9f9693260d3cb9bb25c08cf354ea18d6e850f1422de1405f1",
      "origin_min": "2021-04-21 04:00:00",
      "origin_max": "2021-05-25 13:10:00",
      "target_min": "2021-04-21 04:30:00",
      "target_max": "2021-05-25 13:40:00"
    },
    "test": {
      "n": 9907,
      "membership_hash": "f7a8b2ab436b98d9e3c4127b8c0c687d2944e7cc7512d2ddf6c76666e097c7ea",
      "row_id_hash": "c2d53e2fc20a6e6e5143df383f37e38aeb9e86b2de67c63088da1d4583d4b1dd",
      "origin_min": "2021-05-25 13:50:00",
      "origin_max": "2021-08-02 08:50:00",
      "target_min": "2021-05-25 14:20:00",
      "target_max": "2021-08-02 09:20:00"
    },
    "inner0_train": {
      "n": 4948,
      "membership_hash": "ebf7520964f58026cc222578bba1f1d2a33b67198299f1c5bba1566bd6784377",
      "row_id_hash": "894b35f84e79ef291432eb4ec2ea7a1f5f02cfd69a67e241ecae730eafa5e89a",
      "origin_min": "2021-01-07 23:30:00",
      "origin_max": "2021-02-11 08:00:00",
      "target_min": "2021-01-08 00:00:00",
      "target_max": "2021-02-11 08:30:00"
    },
    "inner0_validation": {
      "n": 4949,
      "membership_hash": "2aa22d1ba1125056fdd68d6b2027eacd834f9664eaae2b53cff2a9faa7ddf126",
      "row_id_hash": "41af3db740ef555be369e15e8e0eabcc34559abc88a624a17301e8eed7414656",
      "origin_min": "2021-02-11 08:40:00",
      "origin_max": "2021-03-17 17:20:00",
      "target_min": "2021-02-11 09:10:00",
      "target_max": "2021-03-17 17:50:00"
    },
    "inner1_train": {
      "n": 9897,
      "membership_hash": "78a72344eb383f72004edb224f83c552a272dfeaffbb94ff79fcbecf0505fce1",
      "row_id_hash": "581506cccfe66c620c944cd60584ec2109d04279aca39b38d38f40d6b80f9d9a",
      "origin_min": "2021-01-07 23:30:00",
      "origin_max": "2021-03-17 17:20:00",
      "target_min": "2021-01-08 00:00:00",
      "target_max": "2021-03-17 17:50:00"
    },
    "inner1_validation": {
      "n": 4952,
      "membership_hash": "5e7ec7b15735ad3fbb7d39223dba2b0d10397023ec6e05681ca69c5b3cfa1106",
      "row_id_hash": "72c8599283ed3e772db63a8669d21aa9c29578597a29d0cc7558d3f93476d419",
      "origin_min": "2021-03-17 18:00:00",
      "origin_max": "2021-04-21 03:10:00",
      "target_min": "2021-03-17 18:30:00",
      "target_max": "2021-04-21 03:40:00"
    }
  }
}
{"command": ["C:/cfs_venv/Scripts/python.exe", "-B", "-m", "src.matched_forecasting005", "freeze", "--matrix", "C:\\Users\\nigel\\OneDrive\\Desktop\\GitHub\\confosense\\smart_building_conformal\\outputs\\amendment005\\support_design_v1\\experiment_matrix.csv", "--dataset", "pleia_energy", "--horizon", "3", "--outer-fold", "2", "--model-seed", "46", "--design-dir", "C:\\Users\\nigel\\OneDrive\\Desktop\\GitHub\\confosense\\smart_building_conformal\\protocols\\matched_forecasting005\\pleia_energy_h3_f2_s46_v1", "--authorization", "C:\\Users\\nigel\\OneDrive\\Desktop\\GitHub\\confosense\\smart_building_conformal\\configs\\matched_forecasting005_fold2_multiseed_authorization_v1.json"], "cwd": "C:\\Users\\nigel\\OneDrive\\Desktop\\GitHub\\confosense\\smart_building_conformal", "started_utc": "2026-09-13T22:56:05.130412+00:00", "logger_pid": 12900, "child_pid": 27484, "ended_utc": "2026-09-13T22:56:14.467686+00:00", "seconds": 9.33677889998944, "exit_status": 0}
{
  "first_unit_ready": true,
  "full_study_ready": false,
  "models_fitted": 0,
  "source_hash": "cd907183301a189ddfcc195774dad58c8fa07d5b326d2ac29cf3636383dc681e",
  "protocol_hash": "fb989e0b28343b79b68029382ab18ade0ee12ee10ed49917a8ceffa6f9970124",
  "fresh_support_verified": true,
  "resources": {
    "rss_bytes": 387104768,
    "private_bytes": 341753856,
    "lifetime_peak_rss_bytes": 411914240,
    "available_ram_bytes": 4528328704,
    "physical_ram_bytes": 16890978304,
    "free_disk_bytes": 44822327296,
    "launch_ram_reference_bytes": 3221225472,
    "launch_ram_reference_met": true,
    "later_user_nonblocking_ram_instruction": true
  },
  "preparation_resources": {
    "seconds": 4.35317610000493,
    "baseline_rss_bytes": 324222976,
    "peak_rss_bytes": 399507456,
    "baseline_private_bytes": 281960448,
    "peak_private_bytes": 354893824,
    "incremental_peak_rss_bytes": 75284480,
    "lifetime_peak_rss_bytes": 411914240,
    "min_available_ram_bytes": 4517543936,
    "sample_interval_seconds": 0.05,
    "process_cpu_seconds": 4.140625
  },
  "expected_point_cells": 3,
  "expected_interval_cells": 6
}
{"command": ["C:/cfs_venv/Scripts/python.exe", "-B", "-m", "src.matched_forecasting005", "readiness", "--matrix", "C:\\Users\\nigel\\OneDrive\\Desktop\\GitHub\\confosense\\smart_building_conformal\\outputs\\amendment005\\support_design_v1\\experiment_matrix.csv", "--dataset", "pleia_energy", "--horizon", "3", "--outer-fold", "2", "--model-seed", "46", "--design-dir", "C:\\Users\\nigel\\OneDrive\\Desktop\\GitHub\\confosense\\smart_building_conformal\\protocols\\matched_forecasting005\\pleia_energy_h3_f2_s46_v1"], "cwd": "C:\\Users\\nigel\\OneDrive\\Desktop\\GitHub\\confosense\\smart_building_conformal", "started_utc": "2026-09-13T22:56:14.577046+00:00", "logger_pid": 24932, "child_pid": 14444, "ended_utc": "2026-09-13T22:56:23.158636+00:00", "seconds": 8.580415599994012, "exit_status": 0}
PREFLIGHT 41/52 pleia_energy_h3_f2_s46_v1
{
  "frozen": true,
  "models_fitted": 0,
  "data_hash": "ca819e9cb10c685d7ce5286d8ed34afe6e70fd34aab9a6c95d5a4f3367012ead",
  "role_bank_hash": "17388d3fc0eb13d4265cd50d42d6e7474b004321277d6027e30ba7f2f8e58674",
  "roles": {
    "fit": {
      "n": 14850,
      "membership_hash": "c21c125ed8b2b56ebab6814a8c4c6928ac9b4775caaa9582d3c5ea87dcb4ad99",
      "row_id_hash": "81ae297f2155a20502ed6b8c4f4e4ee7495737057e22b71392aeb2aa2ddc47a5",
      "origin_min": "2021-01-07 23:00:00",
      "origin_max": "2021-04-21 01:50:00",
      "target_min": "2021-01-08 00:00:00",
      "target_max": "2021-04-21 02:50:00"
    },
    "calibration": {
      "n": 4951,
      "membership_hash": "1b95885bd959657f0d1505f6455c91dfcaf78fa9649478e989853104b5d655ff",
      "row_id_hash": "0ee87531d3a77d326c99ffdf39a8bb6058827ab4d41014255a2219c6f898c125",
      "origin_min": "2021-04-21 03:10:00",
      "origin_max": "2021-05-25 12:10:00",
      "target_min": "2021-04-21 04:10:00",
      "target_max": "2021-05-25 13:10:00"
    },
    "test": {
      "n": 9907,
      "membership_hash": "061c08c3374dc0f9d45dfa8547f11e8a31a823c67efe645c11e25597c6f32a22",
      "row_id_hash": "de4207e52d512c374af24bbef6311e23f19f23ecb4445280cc7d8e7442dfa6fc",
      "origin_min": "2021-05-25 13:20:00",
      "origin_max": "2021-08-02 08:20:00",
      "target_min": "2021-05-25 14:20:00",
      "target_max": "2021-08-02 09:20:00"
    },
    "inner0_train": {
      "n": 4944,
      "membership_hash": "ef4c97630e1a30ed5ea78b5d3220a444b45a45deea3db4bc05921facedfefdd0",
      "row_id_hash": "328842348301366ce8fe85db3fa1025816d1385a1911ecdf0085057400431be3",
      "origin_min": "2021-01-07 23:00:00",
      "origin_max": "2021-02-11 06:50:00",
      "target_min": "2021-01-08 00:00:00",
      "target_max": "2021-02-11 07:50:00"
    },
    "inner0_validation": {
      "n": 4944,
      "membership_hash": "987b5f86df7c4ef83440458fc6052673b666f7afaa8cafe432b957312a7baf1a",
      "row_id_hash": "3fca8ca2b13c38ef70b28003e66e17aaa36980997b69268ed2b7829d5d5eaec1",
      "origin_min": "2021-02-11 08:00:00",
      "origin_max": "2021-03-17 15:50:00",
      "target_min": "2021-02-11 09:00:00",
      "target_max": "2021-03-17 16:50:00"
    },
    "inner1_train": {
      "n": 9888,
      "membership_hash": "2dc694d5d8c75613f988358567fc902a59612824bf4fe52e48f329877f9414ae",
      "row_id_hash": "2827d1ac25edee475ef3b63d536bcbb06ff0c60d11e75fbecbab90adb8c43ffc",
      "origin_min": "2021-01-07 23:00:00",
      "origin_max": "2021-03-17 15:50:00",
      "target_min": "2021-01-08 00:00:00",
      "target_max": "2021-03-17 16:50:00"
    },
    "inner1_validation": {
      "n": 4950,
      "membership_hash": "572dcac44c6e1158610a08b78ecb5c1149b22c6d871aff27ae12237385d67cc1",
      "row_id_hash": "ad6053be09fd9bdb574b94eeacd9604602b0c455963142350f227dfa3ec50447",
      "origin_min": "2021-03-17 17:00:00",
      "origin_max": "2021-04-21 01:50:00",
      "target_min": "2021-03-17 18:00:00",
      "target_max": "2021-04-21 02:50:00"
    }
  }
}
{"command": ["C:/cfs_venv/Scripts/python.exe", "-B", "-m", "src.matched_forecasting005", "freeze", "--matrix", "C:\\Users\\nigel\\OneDrive\\Desktop\\GitHub\\confosense\\smart_building_conformal\\outputs\\amendment005\\support_design_v1\\experiment_matrix.csv", "--dataset", "pleia_energy", "--horizon", "6", "--outer-fold", "2", "--model-seed", "46", "--design-dir", "C:\\Users\\nigel\\OneDrive\\Desktop\\GitHub\\confosense\\smart_building_conformal\\protocols\\matched_forecasting005\\pleia_energy_h6_f2_s46_v1", "--authorization", "C:\\Users\\nigel\\OneDrive\\Desktop\\GitHub\\confosense\\smart_building_conformal\\configs\\matched_forecasting005_fold2_multiseed_authorization_v1.json"], "cwd": "C:\\Users\\nigel\\OneDrive\\Desktop\\GitHub\\confosense\\smart_building_conformal", "started_utc": "2026-09-13T22:56:23.400992+00:00", "logger_pid": 17940, "child_pid": 28488, "ended_utc": "2026-09-13T22:56:32.710418+00:00", "seconds": 9.310338100010995, "exit_status": 0}
{
  "first_unit_ready": true,
  "full_study_ready": false,
  "models_fitted": 0,
  "source_hash": "cd907183301a189ddfcc195774dad58c8fa07d5b326d2ac29cf3636383dc681e",
  "protocol_hash": "a7fb23eab8e276cf1692aec7b1d3928e3ec2e9cf037d4dbfff4e0ac7d3af6d87",
  "fresh_support_verified": true,
  "resources": {
    "rss_bytes": 385253376,
    "private_bytes": 340668416,
    "lifetime_peak_rss_bytes": 411004928,
    "available_ram_bytes": 4511518720,
    "physical_ram_bytes": 16890978304,
    "free_disk_bytes": 44819795968,
    "launch_ram_reference_bytes": 3221225472,
    "launch_ram_reference_met": true,
    "later_user_nonblocking_ram_instruction": true
  },
  "preparation_resources": {
    "seconds": 4.319813399997656,
    "baseline_rss_bytes": 323702784,
    "peak_rss_bytes": 397975552,
    "baseline_private_bytes": 281362432,
    "peak_private_bytes": 352698368,
    "incremental_peak_rss_bytes": 74272768,
    "lifetime_peak_rss_bytes": 411004928,
    "min_available_ram_bytes": 4500463616,
    "sample_interval_seconds": 0.05,
    "process_cpu_seconds": 4.234375
  },
  "expected_point_cells": 3,
  "expected_interval_cells": 6
}
{"command": ["C:/cfs_venv/Scripts/python.exe", "-B", "-m", "src.matched_forecasting005", "readiness", "--matrix", "C:\\Users\\nigel\\OneDrive\\Desktop\\GitHub\\confosense\\smart_building_conformal\\outputs\\amendment005\\support_design_v1\\experiment_matrix.csv", "--dataset", "pleia_energy", "--horizon", "6", "--outer-fold", "2", "--model-seed", "46", "--design-dir", "C:\\Users\\nigel\\OneDrive\\Desktop\\GitHub\\confosense\\smart_building_conformal\\protocols\\matched_forecasting005\\pleia_energy_h6_f2_s46_v1"], "cwd": "C:\\Users\\nigel\\OneDrive\\Desktop\\GitHub\\confosense\\smart_building_conformal", "started_utc": "2026-09-13T22:56:32.837138+00:00", "logger_pid": 22360, "child_pid": 15820, "ended_utc": "2026-09-13T22:56:41.297500+00:00", "seconds": 8.459695099998498, "exit_status": 0}
PREFLIGHT 42/52 pleia_energy_h6_f2_s46_v1
{
  "frozen": true,
  "models_fitted": 0,
  "data_hash": "cc0f3758889c55292cd641d866995da797e5144f79a6beaca9bfb01d2d278ff5",
  "role_bank_hash": "c92f78dc224b34d0b5f434d8a31bd57857057a8bd4a92f1675bf095005b45f1d",
  "roles": {
    "fit": {
      "n": 12932,
      "membership_hash": "3658387a50ac69383d169c4cd64e0f10af6cb1173d670d23cd36cc41340234e7",
      "row_id_hash": "c755dd01ece762dbd51ba428c055e8553cdf95dcc026a35d8a864ea2dda9baaa",
      "origin_min": "2023-07-26 15:24:00",
      "origin_max": "2023-08-07 22:55:00",
      "target_min": "2023-07-26 15:29:00",
      "target_max": "2023-08-07 23:00:00"
    },
    "calibration": {
      "n": 4452,
      "membership_hash": "5d80e479d7f2d8194826bd75f476bb30f29d341ebeb04f975816feb43ded72c5",
      "row_id_hash": "95fbd3e9e78192059585691a00d55cc264e607ec334a8f3a3988fe57e1814fdc",
      "origin_min": "2023-08-07 23:24:00",
      "origin_max": "2023-08-12 02:55:00",
      "target_min": "2023-08-07 23:29:00",
      "target_max": "2023-08-12 03:00:00"
    },
    "test": {
      "n": 8692,
      "membership_hash": "0083f660ce00ba82b7680ac8a176432167c878e986a4911db7dc1df20306108f",
      "row_id_hash": "7d1aee54ebd66b5f6541f1af4efedc077913db45c4fb7ea01f732b52411d52d0",
      "origin_min": "2023-08-12 07:24:00",
      "origin_max": "2024-02-04 10:55:00",
      "target_min": "2023-08-12 07:29:00",
      "target_max": "2024-02-04 11:00:00"
    },
    "inner0_train": {
      "n": 4240,
      "membership_hash": "c1a4e771c1a038bd72f692838b5d8582f89cb22ed86367cf0f4b67f5ee82d04c",
      "row_id_hash": "d0fae55550952c749ca4cb3c93ec3f59e8b3a9f62c2bdde723c9cc80c6bf88de",
      "origin_min": "2023-07-26 15:24:00",
      "origin_max": "2023-07-30 22:55:00",
      "target_min": "2023-07-26 15:29:00",
      "target_max": "2023-07-30 23:00:00"
    },
    "inner0_validation": {
      "n": 4240,
      "membership_hash": "e3a07ebc686275bff2d1dc7d8558595990613af830655e24b8a205e8d43a0609",
      "row_id_hash": "28e29d294b80eeb6a5f8994b0744951494a3e4717e07f370f158f948a33d0e48",
      "origin_min": "2023-07-30 23:24:00",
      "origin_max": "2023-08-03 22:55:00",
      "target_min": "2023-07-30 23:29:00",
      "target_max": "2023-08-03 23:00:00"
    },
    "inner1_train": {
      "n": 8480,
      "membership_hash": "6e488b9c421d5b5bde8e49d51a5acc9fd405fbdec90e71ed8be66f739b614b6e",
      "row_id_hash": "2208aa8747a405f6e07db0aca45f47b897d2142c3d45af5770fdc650c204e411",
      "origin_min": "2023-07-26 15:24:00",
      "origin_max": "2023-08-03 22:55:00",
      "target_min": "2023-07-26 15:29:00",
      "target_max": "2023-08-03 23:00:00"
    },
    "inner1_validation": {
      "n": 4452,
      "membership_hash": "4ed20a262cd2134ba3c9e63f62e81a4e9e1ba38dc0ab4bbcbffcb4b038b50f0f",
      "row_id_hash": "f610fdc1f2fd8e841130d8948f2add6ece5b3ea6a1cb4ee8babd9615dfaf6e16",
      "origin_min": "2023-08-03 23:24:00",
      "origin_max": "2023-08-07 22:55:00",
      "target_min": "2023-08-03 23:29:00",
      "target_max": "2023-08-07 23:00:00"
    }
  }
}
{"command": ["C:/cfs_venv/Scripts/python.exe", "-B", "-m", "src.matched_forecasting005", "freeze", "--matrix", "C:\\Users\\nigel\\OneDrive\\Desktop\\GitHub\\confosense\\smart_building_conformal\\outputs\\amendment005\\support_design_v1\\experiment_matrix.csv", "--dataset", "rico", "--horizon", "5", "--outer-fold", "2", "--model-seed", "46", "--design-dir", "C:\\Users\\nigel\\OneDrive\\Desktop\\GitHub\\confosense\\smart_building_conformal\\protocols\\matched_forecasting005\\rico_h5_f2_s46_v1", "--authorization", "C:\\Users\\nigel\\OneDrive\\Desktop\\GitHub\\confosense\\smart_building_conformal\\configs\\matched_forecasting005_fold2_multiseed_authorization_v1.json"], "cwd": "C:\\Users\\nigel\\OneDrive\\Desktop\\GitHub\\confosense\\smart_building_conformal", "started_utc": "2026-09-13T22:56:41.528102+00:00", "logger_pid": 27736, "child_pid": 23848, "ended_utc": "2026-09-13T22:56:57.471108+00:00", "seconds": 15.940342100002454, "exit_status": 0}
{
  "first_unit_ready": true,
  "full_study_ready": false,
  "models_fitted": 0,
  "source_hash": "cd907183301a189ddfcc195774dad58c8fa07d5b326d2ac29cf3636383dc681e",
  "protocol_hash": "bc0f06119e0a0e1ed46353afd0b76b2c92cad9e7003e51737073831e86c9ecd3",
  "fresh_support_verified": true,
  "resources": {
    "rss_bytes": 427851776,
    "private_bytes": 382029824,
    "lifetime_peak_rss_bytes": 488263680,
    "available_ram_bytes": 4438036480,
    "physical_ram_bytes": 16890978304,
    "free_disk_bytes": 44816961536,
    "launch_ram_reference_bytes": 3221225472,
    "launch_ram_reference_met": true,
    "later_user_nonblocking_ram_instruction": true
  },
  "preparation_resources": {
    "seconds": 18.54454020000412,
    "baseline_rss_bytes": 324636672,
    "peak_rss_bytes": 475787264,
    "baseline_private_bytes": 282664960,
    "peak_private_bytes": 431116288,
    "incremental_peak_rss_bytes": 151150592,
    "lifetime_peak_rss_bytes": 488263680,
    "min_available_ram_bytes": 4387356672,
    "sample_interval_seconds": 0.05,
    "process_cpu_seconds": 17.859375
  },
  "expected_point_cells": 3,
  "expected_interval_cells": 6
}
{"command": ["C:/cfs_venv/Scripts/python.exe", "-B", "-m", "src.matched_forecasting005", "readiness", "--matrix", "C:\\Users\\nigel\\OneDrive\\Desktop\\GitHub\\confosense\\smart_building_conformal\\outputs\\amendment005\\support_design_v1\\experiment_matrix.csv", "--dataset", "rico", "--horizon", "5", "--outer-fold", "2", "--model-seed", "46", "--design-dir", "C:\\Users\\nigel\\OneDrive\\Desktop\\GitHub\\confosense\\smart_building_conformal\\protocols\\matched_forecasting005\\rico_h5_f2_s46_v1"], "cwd": "C:\\Users\\nigel\\OneDrive\\Desktop\\GitHub\\confosense\\smart_building_conformal", "started_utc": "2026-09-13T22:56:57.585476+00:00", "logger_pid": 26672, "child_pid": 9028, "ended_utc": "2026-09-13T22:57:20.337048+00:00", "seconds": 22.75339939999685, "exit_status": 0}
PREFLIGHT 43/52 rico_h5_f2_s46_v1
{
  "frozen": true,
  "models_fitted": 0,
  "data_hash": "7e4af27dc022bb221d3b1e6ac6c130c46417825d4cf4e768c0617fa61a5e9667",
  "role_bank_hash": "9518d3e3e4e1177df814581d4389340b2e13bea0f7456bc9375d6104e6e3bf31",
  "roles": {
    "fit": {
      "n": 12322,
      "membership_hash": "43b916ba9404ba05674434bee730459042f5429db85147bf7480e4994566518e",
      "row_id_hash": "78091d5eff830e5cec75e981f2374fa92a1411659cefc3dbe1f2a66d39d9d20a",
      "origin_min": "2023-07-26 15:24:00",
      "origin_max": "2023-08-07 22:45:00",
      "target_min": "2023-07-26 15:39:00",
      "target_max": "2023-08-07 23:00:00"
    },
    "calibration": {
      "n": 4242,
      "membership_hash": "33982386d1966661ed68b05d6d47cf1b0655579aae4145632efa839b722621cd",
      "row_id_hash": "b24b1ffac74ec3618d19e253737eb069d0f486f2215540f259dccc4a7533bdc7",
      "origin_min": "2023-08-07 23:24:00",
      "origin_max": "2023-08-12 02:45:00",
      "target_min": "2023-08-07 23:39:00",
      "target_max": "2023-08-12 03:00:00"
    },
    "test": {
      "n": 8282,
      "membership_hash": "94377b43ba0ad98a55be4a3e803052ff54825de93fe43932bd54dd5a5999210f",
      "row_id_hash": "70ee9d673d19e218dbcf71db42bc92f130090496931b95a3f5272b32330ac9ff",
      "origin_min": "2023-08-12 07:24:00",
      "origin_max": "2024-02-04 10:45:00",
      "target_min": "2023-08-12 07:39:00",
      "target_max": "2024-02-04 11:00:00"
    },
    "inner0_train": {
      "n": 4040,
      "membership_hash": "5829454b8cc8ac6982c945339d4310a9a179cdd14bcd461b9599ce0e6d31a025",
      "row_id_hash": "8b5377dedc5eef41e49d14b9d7048a8d4b20a24cc3f0213b3b402a19a9daf73e",
      "origin_min": "2023-07-26 15:24:00",
      "origin_max": "2023-07-30 22:45:00",
      "target_min": "2023-07-26 15:39:00",
      "target_max": "2023-07-30 23:00:00"
    },
    "inner0_validation": {
      "n": 4040,
      "membership_hash": "6649edb21bb9388ae4121dd285b20bb3005dcbe0c29f1f6f44aeabe295515229",
      "row_id_hash": "e40b4a7e2ed7d0eff6a01bcacf6dd491fd4801938e5c53b8aeade8bf81122560",
      "origin_min": "2023-07-30 23:24:00",
      "origin_max": "2023-08-03 22:45:00",
      "target_min": "2023-07-30 23:39:00",
      "target_max": "2023-08-03 23:00:00"
    },
    "inner1_train": {
      "n": 8080,
      "membership_hash": "f9a21800560e18a5ee7609e4a2a91977dcc135238791f272cd6cd8c2fe8fb273",
      "row_id_hash": "9180db22b831fe0e7ca58b24616399502cd01d6e796e73eda4fa4cf2184cfcec",
      "origin_min": "2023-07-26 15:24:00",
      "origin_max": "2023-08-03 22:45:00",
      "target_min": "2023-07-26 15:39:00",
      "target_max": "2023-08-03 23:00:00"
    },
    "inner1_validation": {
      "n": 4242,
      "membership_hash": "869e32a55876afd5037cfa569780a029ba6195f2b33156bd33c1e987f35d2fdc",
      "row_id_hash": "57e398b6b31b811e1694aff2168883e9bc8e05d8adeeda9dcf5e072c177a184c",
      "origin_min": "2023-08-03 23:24:00",
      "origin_max": "2023-08-07 22:45:00",
      "target_min": "2023-08-03 23:39:00",
      "target_max": "2023-08-07 23:00:00"
    }
  }
}
{"command": ["C:/cfs_venv/Scripts/python.exe", "-B", "-m", "src.matched_forecasting005", "freeze", "--matrix", "C:\\Users\\nigel\\OneDrive\\Desktop\\GitHub\\confosense\\smart_building_conformal\\outputs\\amendment005\\support_design_v1\\experiment_matrix.csv", "--dataset", "rico", "--horizon", "15", "--outer-fold", "2", "--model-seed", "46", "--design-dir", "C:\\Users\\nigel\\OneDrive\\Desktop\\GitHub\\confosense\\smart_building_conformal\\protocols\\matched_forecasting005\\rico_h15_f2_s46_v1", "--authorization", "C:\\Users\\nigel\\OneDrive\\Desktop\\GitHub\\confosense\\smart_building_conformal\\configs\\matched_forecasting005_fold2_multiseed_authorization_v1.json"], "cwd": "C:\\Users\\nigel\\OneDrive\\Desktop\\GitHub\\confosense\\smart_building_conformal", "started_utc": "2026-09-13T22:57:20.593578+00:00", "logger_pid": 28472, "child_pid": 12072, "ended_utc": "2026-09-13T22:57:34.850496+00:00", "seconds": 14.256092299998272, "exit_status": 0}
{
  "first_unit_ready": true,
  "full_study_ready": false,
  "models_fitted": 0,
  "source_hash": "cd907183301a189ddfcc195774dad58c8fa07d5b326d2ac29cf3636383dc681e",
  "protocol_hash": "fba4163656ab14c306dd508668113d90ba96f38e46ee7b8f52fa4a00e8ee546f",
  "fresh_support_verified": true,
  "resources": {
    "rss_bytes": 427327488,
    "private_bytes": 385789952,
    "lifetime_peak_rss_bytes": 488878080,
    "available_ram_bytes": 4444200960,
    "physical_ram_bytes": 16890978304,
    "free_disk_bytes": 44814491648,
    "launch_ram_reference_bytes": 3221225472,
    "launch_ram_reference_met": true,
    "later_user_nonblocking_ram_instruction": true
  },
  "preparation_resources": {
    "seconds": 18.924967099999776,
    "baseline_rss_bytes": 325070848,
    "peak_rss_bytes": 473759744,
    "baseline_private_bytes": 282935296,
    "peak_private_bytes": 426356736,
    "incremental_peak_rss_bytes": 148688896,
    "lifetime_peak_rss_bytes": 488878080,
    "min_available_ram_bytes": 4368908288,
    "sample_interval_seconds": 0.05,
    "process_cpu_seconds": 18.53125
  },
  "expected_point_cells": 3,
  "expected_interval_cells": 6
}
{"command": ["C:/cfs_venv/Scripts/python.exe", "-B", "-m", "src.matched_forecasting005", "readiness", "--matrix", "C:\\Users\\nigel\\OneDrive\\Desktop\\GitHub\\confosense\\smart_building_conformal\\outputs\\amendment005\\support_design_v1\\experiment_matrix.csv", "--dataset", "rico", "--horizon", "15", "--outer-fold", "2", "--model-seed", "46", "--design-dir", "C:\\Users\\nigel\\OneDrive\\Desktop\\GitHub\\confosense\\smart_building_conformal\\protocols\\matched_forecasting005\\rico_h15_f2_s46_v1"], "cwd": "C:\\Users\\nigel\\OneDrive\\Desktop\\GitHub\\confosense\\smart_building_conformal", "started_utc": "2026-09-13T22:57:34.961662+00:00", "logger_pid": 24268, "child_pid": 25648, "ended_utc": "2026-09-13T22:57:58.086957+00:00", "seconds": 23.126905199998873, "exit_status": 0}
PREFLIGHT 44/52 rico_h15_f2_s46_v1
{
  "frozen": true,
  "models_fitted": 0,
  "data_hash": "eeb750317701dae7f55594ab5587faa8c9ebea97e3975d6b334e974d3ade445f",
  "role_bank_hash": "1e2ca90b7a53d0080a55f9a00d7855611ae30d8d8cbc8448efdaed67a04ba02c",
  "roles": {
    "fit": {
      "n": 11407,
      "membership_hash": "3d3d4fbb4d8f672ec67c556a83ae19646d5a6de50b7cef115aeeb5cfb30d6489",
      "row_id_hash": "6694a63ad907e314cbbc07e2400b311ddd6b4f95f7a83bc06ccbfbeb0182f11d",
      "origin_min": "2023-07-26 15:24:00",
      "origin_max": "2023-08-07 22:30:00",
      "target_min": "2023-07-26 15:54:00",
      "target_max": "2023-08-07 23:00:00"
    },
    "calibration": {
      "n": 3927,
      "membership_hash": "1342cd8dc9aab44620a5efca7a56fe3be333047033313391a9fdd3a20a8b7ca6",
      "row_id_hash": "f9b289627840a6d96ddd5e6badfd891669d409792d950a9f947a49ad9da2cce1",
      "origin_min": "2023-08-07 23:24:00",
      "origin_max": "2023-08-12 02:30:00",
      "target_min": "2023-08-07 23:54:00",
      "target_max": "2023-08-12 03:00:00"
    },
    "test": {
      "n": 7667,
      "membership_hash": "4290f7193c9add8034e3beb246e9dc5ec1c5c7bc64043a75f4aef0370f2da91a",
      "row_id_hash": "c55446a7da7e2c214397a68556bddc7f23f1100285beae4d6b6b40dd40de0584",
      "origin_min": "2023-08-12 07:24:00",
      "origin_max": "2024-02-04 10:30:00",
      "target_min": "2023-08-12 07:54:00",
      "target_max": "2024-02-04 11:00:00"
    },
    "inner0_train": {
      "n": 3740,
      "membership_hash": "198603de0d21c28b727a91bb36f1d71531516714d0ef322aad814988637b63aa",
      "row_id_hash": "9d917672abf8233ef65c066aade1c65e97bc2f98f30ac865e3880f9148611e97",
      "origin_min": "2023-07-26 15:24:00",
      "origin_max": "2023-07-30 22:30:00",
      "target_min": "2023-07-26 15:54:00",
      "target_max": "2023-07-30 23:00:00"
    },
    "inner0_validation": {
      "n": 3740,
      "membership_hash": "1587766cd9a1b662669f11a62c95e7d2fd19b24001ef93ceaa6cfb25ca8059b0",
      "row_id_hash": "0097da66de91d3a060f37562847bdc9aac7b47a0108c449f7bb67c62b7b490ce",
      "origin_min": "2023-07-30 23:24:00",
      "origin_max": "2023-08-03 22:30:00",
      "target_min": "2023-07-30 23:54:00",
      "target_max": "2023-08-03 23:00:00"
    },
    "inner1_train": {
      "n": 7480,
      "membership_hash": "e8aa89ac449919910789c941c06679a8faba7d42a3be6a5e7d1c598619b933ac",
      "row_id_hash": "39428fb6ae40555288f096d7afd6fd9eb71c9e5d48b714de4c1f38d81aebc06c",
      "origin_min": "2023-07-26 15:24:00",
      "origin_max": "2023-08-03 22:30:00",
      "target_min": "2023-07-26 15:54:00",
      "target_max": "2023-08-03 23:00:00"
    },
    "inner1_validation": {
      "n": 3927,
      "membership_hash": "0c1086ba100d4a63d10c3054ddcf3d1803ca6464fc6960b4acbf90b625f25618",
      "row_id_hash": "776e68499bf8cfa868629e2b39477d8a3b6a9656f0f716467b99404358cfdea4",
      "origin_min": "2023-08-03 23:24:00",
      "origin_max": "2023-08-07 22:30:00",
      "target_min": "2023-08-03 23:54:00",
      "target_max": "2023-08-07 23:00:00"
    }
  }
}
{"command": ["C:/cfs_venv/Scripts/python.exe", "-B", "-m", "src.matched_forecasting005", "freeze", "--matrix", "C:\\Users\\nigel\\OneDrive\\Desktop\\GitHub\\confosense\\smart_building_conformal\\outputs\\amendment005\\support_design_v1\\experiment_matrix.csv", "--dataset", "rico", "--horizon", "30", "--outer-fold", "2", "--model-seed", "46", "--design-dir", "C:\\Users\\nigel\\OneDrive\\Desktop\\GitHub\\confosense\\smart_building_conformal\\protocols\\matched_forecasting005\\rico_h30_f2_s46_v1", "--authorization", "C:\\Users\\nigel\\OneDrive\\Desktop\\GitHub\\confosense\\smart_building_conformal\\configs\\matched_forecasting005_fold2_multiseed_authorization_v1.json"], "cwd": "C:\\Users\\nigel\\OneDrive\\Desktop\\GitHub\\confosense\\smart_building_conformal", "started_utc": "2026-09-13T22:57:58.324039+00:00", "logger_pid": 19408, "child_pid": 14428, "ended_utc": "2026-09-13T22:58:13.514396+00:00", "seconds": 15.192631099998835, "exit_status": 0}
{
  "first_unit_ready": true,
  "full_study_ready": false,
  "models_fitted": 0,
  "source_hash": "cd907183301a189ddfcc195774dad58c8fa07d5b326d2ac29cf3636383dc681e",
  "protocol_hash": "0db7f0a10aa75d45d291b57c800923360aa803d8a48eb3fa75d6968e1b6a27fe",
  "fresh_support_verified": true,
  "resources": {
    "rss_bytes": 424275968,
    "private_bytes": 379928576,
    "lifetime_peak_rss_bytes": 482828288,
    "available_ram_bytes": 4432846848,
    "physical_ram_bytes": 16890978304,
    "free_disk_bytes": 44811841536,
    "launch_ram_reference_bytes": 3221225472,
    "launch_ram_reference_met": true,
    "later_user_nonblocking_ram_instruction": true
  },
  "preparation_resources": {
    "seconds": 18.58129139999801,
    "baseline_rss_bytes": 324112384,
    "peak_rss_bytes": 469295104,
    "baseline_private_bytes": 281997312,
    "peak_private_bytes": 423219200,
    "incremental_peak_rss_bytes": 145182720,
    "lifetime_peak_rss_bytes": 482828288,
    "min_available_ram_bytes": 4382134272,
    "sample_interval_seconds": 0.05,
    "process_cpu_seconds": 17.984375
  },
  "expected_point_cells": 3,
  "expected_interval_cells": 6
}
{"command": ["C:/cfs_venv/Scripts/python.exe", "-B", "-m", "src.matched_forecasting005", "readiness", "--matrix", "C:\\Users\\nigel\\OneDrive\\Desktop\\GitHub\\confosense\\smart_building_conformal\\outputs\\amendment005\\support_design_v1\\experiment_matrix.csv", "--dataset", "rico", "--horizon", "30", "--outer-fold", "2", "--model-seed", "46", "--design-dir", "C:\\Users\\nigel\\OneDrive\\Desktop\\GitHub\\confosense\\smart_building_conformal\\protocols\\matched_forecasting005\\rico_h30_f2_s46_v1"], "cwd": "C:\\Users\\nigel\\OneDrive\\Desktop\\GitHub\\confosense\\smart_building_conformal", "started_utc": "2026-09-13T22:58:13.628790+00:00", "logger_pid": 10988, "child_pid": 6568, "ended_utc": "2026-09-13T22:58:36.470642+00:00", "seconds": 22.84462849999545, "exit_status": 0}
PREFLIGHT 45/52 rico_h30_f2_s46_v1
{
  "frozen": true,
  "models_fitted": 0,
  "data_hash": "0c5fe27756b43d49f61814b8caa31857212c601f949748975dc68470e36cac57",
  "role_bank_hash": "639ceecb5bf9b521418ca6a7fdd7b58284343f14208c4fd7e92beae3218dfb9b",
  "roles": {
    "fit": {
      "n": 9577,
      "membership_hash": "3b2ee7b2aa12c1ffb1d92fa0d145bb40ec7eda5553d5aea200e775ff319f45fe",
      "row_id_hash": "917983dc467388ac885978e9b74c0f5ae88208d9e772efb9a39ac7017ffda1e5",
      "origin_min": "2023-07-26 15:24:00",
      "origin_max": "2023-08-07 22:00:00",
      "target_min": "2023-07-26 16:24:00",
      "target_max": "2023-08-07 23:00:00"
    },
    "calibration": {
      "n": 3297,
      "membership_hash": "19a46d1f1e763d33d1e2c9dbf5a850710435131d3255b74cb7409a8b19d08a11",
      "row_id_hash": "4a3e49a4d097af747bc134411c84fb6696c6a47b21c1662b14e547fb2301bda0",
      "origin_min": "2023-08-07 23:24:00",
      "origin_max": "2023-08-12 02:00:00",
      "target_min": "2023-08-08 00:24:00",
      "target_max": "2023-08-12 03:00:00"
    },
    "test": {
      "n": 6437,
      "membership_hash": "96e3e48ce62ca523eaae571b05e9ad301988a1f12a3ac66ae726426480decd2d",
      "row_id_hash": "11822b6b9a8ddf1e52a552fb0d6807f186a45a3e449b33787f74c1ab55098a86",
      "origin_min": "2023-08-12 07:24:00",
      "origin_max": "2024-02-04 10:00:00",
      "target_min": "2023-08-12 08:24:00",
      "target_max": "2024-02-04 11:00:00"
    },
    "inner0_train": {
      "n": 3140,
      "membership_hash": "e1a9b7343d9985a4ced316edb7ca5ace194bf2d2e7e084f168c35f13e080aa6d",
      "row_id_hash": "906ab9a1ce19f9094aefe6e85d3d493ca1b0ddbbfc4ec199202eb446fe8e10a3",
      "origin_min": "2023-07-26 15:24:00",
      "origin_max": "2023-07-30 22:00:00",
      "target_min": "2023-07-26 16:24:00",
      "target_max": "2023-07-30 23:00:00"
    },
    "inner0_validation": {
      "n": 3140,
      "membership_hash": "39d39957ce206e9dc8190020883a07fd168cf109f8d1fef65ca5b15ba45f3e7b",
      "row_id_hash": "406473e2a41452b02d46fde11295f5af4f59560a02cff20d21cc7edb15b284d6",
      "origin_min": "2023-07-30 23:24:00",
      "origin_max": "2023-08-03 22:00:00",
      "target_min": "2023-07-31 00:24:00",
      "target_max": "2023-08-03 23:00:00"
    },
    "inner1_train": {
      "n": 6280,
      "membership_hash": "c3047313f13abd432da4994930a13dcfbc9e03a7b7b859795cb091b4566b1a2c",
      "row_id_hash": "1291fe31555aec90de912a6b974688464079c6c237fe80da5387b28dbf887b01",
      "origin_min": "2023-07-26 15:24:00",
      "origin_max": "2023-08-03 22:00:00",
      "target_min": "2023-07-26 16:24:00",
      "target_max": "2023-08-03 23:00:00"
    },
    "inner1_validation": {
      "n": 3297,
      "membership_hash": "a6ae4c6f274995caa3ad0f21a8955eef12dc85407e9117f47e34988102374fe8",
      "row_id_hash": "b2de499abb1d5fd66ddd772d071f835e97be3afc0f2f49bebe556b036ece718e",
      "origin_min": "2023-08-03 23:24:00",
      "origin_max": "2023-08-07 22:00:00",
      "target_min": "2023-08-04 00:24:00",
      "target_max": "2023-08-07 23:00:00"
    }
  }
}
{"command": ["C:/cfs_venv/Scripts/python.exe", "-B", "-m", "src.matched_forecasting005", "freeze", "--matrix", "C:\\Users\\nigel\\OneDrive\\Desktop\\GitHub\\confosense\\smart_building_conformal\\outputs\\amendment005\\support_design_v1\\experiment_matrix.csv", "--dataset", "rico", "--horizon", "60", "--outer-fold", "2", "--model-seed", "46", "--design-dir", "C:\\Users\\nigel\\OneDrive\\Desktop\\GitHub\\confosense\\smart_building_conformal\\protocols\\matched_forecasting005\\rico_h60_f2_s46_v1", "--authorization", "C:\\Users\\nigel\\OneDrive\\Desktop\\GitHub\\confosense\\smart_building_conformal\\configs\\matched_forecasting005_fold2_multiseed_authorization_v1.json"], "cwd": "C:\\Users\\nigel\\OneDrive\\Desktop\\GitHub\\confosense\\smart_building_conformal", "started_utc": "2026-09-13T22:58:36.726911+00:00", "logger_pid": 24792, "child_pid": 16028, "ended_utc": "2026-09-13T22:58:50.179598+00:00", "seconds": 13.450515900010942, "exit_status": 0}
{
  "first_unit_ready": true,
  "full_study_ready": false,
  "models_fitted": 0,
  "source_hash": "cd907183301a189ddfcc195774dad58c8fa07d5b326d2ac29cf3636383dc681e",
  "protocol_hash": "27622b6cebbf93f20aeec4af03f6497dc542faf718a8e023032df13475a84c65",
  "fresh_support_verified": true,
  "resources": {
    "rss_bytes": 418779136,
    "private_bytes": 370073600,
    "lifetime_peak_rss_bytes": 472883200,
    "available_ram_bytes": 4432613376,
    "physical_ram_bytes": 16890978304,
    "free_disk_bytes": 44809560064,
    "launch_ram_reference_bytes": 3221225472,
    "launch_ram_reference_met": true,
    "later_user_nonblocking_ram_instruction": true
  },
  "preparation_resources": {
    "seconds": 17.26950220001163,
    "baseline_rss_bytes": 324538368,
    "peak_rss_bytes": 460685312,
    "baseline_private_bytes": 282398720,
    "peak_private_bytes": 416993280,
    "incremental_peak_rss_bytes": 136146944,
    "lifetime_peak_rss_bytes": 472883200,
    "min_available_ram_bytes": 4386500608,
    "sample_interval_seconds": 0.05,
    "process_cpu_seconds": 16.953125
  },
  "expected_point_cells": 3,
  "expected_interval_cells": 6
}
{"command": ["C:/cfs_venv/Scripts/python.exe", "-B", "-m", "src.matched_forecasting005", "readiness", "--matrix", "C:\\Users\\nigel\\OneDrive\\Desktop\\GitHub\\confosense\\smart_building_conformal\\outputs\\amendment005\\support_design_v1\\experiment_matrix.csv", "--dataset", "rico", "--horizon", "60", "--outer-fold", "2", "--model-seed", "46", "--design-dir", "C:\\Users\\nigel\\OneDrive\\Desktop\\GitHub\\confosense\\smart_building_conformal\\protocols\\matched_forecasting005\\rico_h60_f2_s46_v1"], "cwd": "C:\\Users\\nigel\\OneDrive\\Desktop\\GitHub\\confosense\\smart_building_conformal", "started_utc": "2026-09-13T22:58:50.302145+00:00", "logger_pid": 28556, "child_pid": 23648, "ended_utc": "2026-09-13T22:59:11.749247+00:00", "seconds": 21.447139199997764, "exit_status": 0}
PREFLIGHT 46/52 rico_h60_f2_s46_v1
{
  "frozen": true,
  "models_fitted": 0,
  "data_hash": "fa848b25f5d2ffb553914a71627dd43e06a0209f876a4c92fe46cfd09cfb3a4b",
  "role_bank_hash": "dc1777931a9ff3ea7618ea2f42593508ea058ed2eee51e5d7da3023e49b50342",
  "roles": {
    "fit": {
      "n": 51664,
      "membership_hash": "6e0d45c48d3a4b44d9f76f6b73bcfa544059c044e4fcb2bb043113a3ea0c98b3",
      "row_id_hash": "a768c33faacf5ee1c4dc438e25212bf45d7ea78dfea5619e155deb5319db6fde",
      "origin_min": "2016-01-07 23:00:00",
      "origin_max": "2016-08-12 00:00:00",
      "target_min": "2016-01-08 00:00:00",
      "target_max": "2016-08-12 01:00:00"
    },
    "calibration": {
      "n": 17370,
      "membership_hash": "6a3ee02d97428f6ac606609430e38532655800cc84db58c3aa6ea5cd92b5b046",
      "row_id_hash": "26c6b13b52297d2afd3247d44c89c4f19830685e9ff40c4c6362776af4a4537a",
      "origin_min": "2016-08-12 03:00:00",
      "origin_max": "2016-10-23 11:00:00",
      "target_min": "2016-08-12 04:00:00",
      "target_max": "2016-10-23 12:00:00"
    },
    "test": {
      "n": 34640,
      "membership_hash": "c0a9c62ab5c2c19e2bcda261042739e825c4525966fbd8708bf07bb1a963c3a3",
      "row_id_hash": "b57c00d734ecf2193bf555669b2e5662f0e8634317096680bd62d91bca9d41b9",
      "origin_min": "2016-10-23 13:00:00",
      "origin_max": "2017-03-17 07:00:00",
      "target_min": "2016-10-23 14:00:00",
      "target_max": "2017-03-17 08:00:00"
    },
    "inner0_train": {
      "n": 17103,
      "membership_hash": "3b0ce3c40fb104a4f9776689f902c2ebe24fb8f34c3c1dee00a43f065304be50",
      "row_id_hash": "39798ad61dbc450c98f123d94ad9dd68d17987e19b2eba92912c07cd4315061a",
      "origin_min": "2016-01-07 23:00:00",
      "origin_max": "2016-03-20 05:00:00",
      "target_min": "2016-01-08 00:00:00",
      "target_max": "2016-03-20 06:00:00"
    },
    "inner0_validation": {
      "n": 17225,
      "membership_hash": "5107d05697add3596888e9689d63abf9f53717168f4d4e2512a41f0ed22456bf",
      "row_id_hash": "7f1a703b31df6c2e9b0965dafe1ac65d9043ef8e91b79743ba2c5671dd174389",
      "origin_min": "2016-03-20 07:00:00",
      "origin_max": "2016-05-31 14:00:00",
      "target_min": "2016-03-20 08:00:00",
      "target_max": "2016-05-31 15:00:00"
    },
    "inner1_train": {
      "n": 34328,
      "membership_hash": "e84068cb2e5bb9ddf91d2e95c8970ef283ab8f0917ce39666fca328339caea80",
      "row_id_hash": "2a9ec624a426e36fb1aa25c4c6154cd94037384dc1380aca8518429489b22811",
      "origin_min": "2016-01-07 23:00:00",
      "origin_max": "2016-05-31 14:00:00",
      "target_min": "2016-01-08 00:00:00",
      "target_max": "2016-05-31 15:00:00"
    },
    "inner1_validation": {
      "n": 17316,
      "membership_hash": "69372493d379fab7967b2ee8f30590cb6c7908fa72c8046b7992da14d71184e0",
      "row_id_hash": "870d2f28235a81b4591b8c3e267d4762572c5b01721d5748e2c50872ca667b5a",
      "origin_min": "2016-05-31 16:00:00",
      "origin_max": "2016-08-12 00:00:00",
      "target_min": "2016-05-31 17:00:00",
      "target_max": "2016-08-12 01:00:00"
    }
  }
}
{"command": ["C:/cfs_venv/Scripts/python.exe", "-B", "-m", "src.matched_forecasting005", "freeze", "--matrix", "C:\\Users\\nigel\\OneDrive\\Desktop\\GitHub\\confosense\\smart_building_conformal\\outputs\\amendment005\\support_design_v1\\experiment_matrix.csv", "--dataset", "bdg2", "--horizon", "1", "--outer-fold", "2", "--model-seed", "46", "--design-dir", "C:\\Users\\nigel\\OneDrive\\Desktop\\GitHub\\confosense\\smart_building_conformal\\protocols\\matched_forecasting005\\bdg2_h1_f2_s46_v1", "--authorization", "C:\\Users\\nigel\\OneDrive\\Desktop\\GitHub\\confosense\\smart_building_conformal\\configs\\matched_forecasting005_fold2_multiseed_authorization_v1.json"], "cwd": "C:\\Users\\nigel\\OneDrive\\Desktop\\GitHub\\confosense\\smart_building_conformal", "started_utc": "2026-09-13T22:59:11.979074+00:00", "logger_pid": 22960, "child_pid": 5428, "ended_utc": "2026-09-13T22:59:34.451243+00:00", "seconds": 22.47349380000378, "exit_status": 0}
{
  "first_unit_ready": true,
  "full_study_ready": false,
  "models_fitted": 0,
  "source_hash": "cd907183301a189ddfcc195774dad58c8fa07d5b326d2ac29cf3636383dc681e",
  "protocol_hash": "b6643b6b0997a0780ea6392f425b4a0cb5398cc5509f4332b3c8d5941770a46d",
  "fresh_support_verified": true,
  "resources": {
    "rss_bytes": 442953728,
    "private_bytes": 400695296,
    "lifetime_peak_rss_bytes": 1031700480,
    "available_ram_bytes": 4420591616,
    "physical_ram_bytes": 16890978304,
    "free_disk_bytes": 44799533056,
    "launch_ram_reference_bytes": 3221225472,
    "launch_ram_reference_met": true,
    "later_user_nonblocking_ram_instruction": true
  },
  "preparation_resources": {
    "seconds": 17.63488569999754,
    "baseline_rss_bytes": 323534848,
    "peak_rss_bytes": 875352064,
    "baseline_private_bytes": 281542656,
    "peak_private_bytes": 995459072,
    "incremental_peak_rss_bytes": 551817216,
    "lifetime_peak_rss_bytes": 1031700480,
    "min_available_ram_bytes": 4018065408,
    "sample_interval_seconds": 0.05,
    "process_cpu_seconds": 16.8125
  },
  "expected_point_cells": 3,
  "expected_interval_cells": 6
}
{"command": ["C:/cfs_venv/Scripts/python.exe", "-B", "-m", "src.matched_forecasting005", "readiness", "--matrix", "C:\\Users\\nigel\\OneDrive\\Desktop\\GitHub\\confosense\\smart_building_conformal\\outputs\\amendment005\\support_design_v1\\experiment_matrix.csv", "--dataset", "bdg2", "--horizon", "1", "--outer-fold", "2", "--model-seed", "46", "--design-dir", "C:\\Users\\nigel\\OneDrive\\Desktop\\GitHub\\confosense\\smart_building_conformal\\protocols\\matched_forecasting005\\bdg2_h1_f2_s46_v1"], "cwd": "C:\\Users\\nigel\\OneDrive\\Desktop\\GitHub\\confosense\\smart_building_conformal", "started_utc": "2026-09-13T22:59:34.566368+00:00", "logger_pid": 29032, "child_pid": 4128, "ended_utc": "2026-09-13T22:59:56.501551+00:00", "seconds": 21.93147009999666, "exit_status": 0}
PREFLIGHT 47/52 bdg2_h1_f2_s46_v1
{
  "frozen": true,
  "models_fitted": 0,
  "data_hash": "9f5a2d248e63aadf2db9e2701591a2d16924b87085f18ded69819a86cfadad9c",
  "role_bank_hash": "c1131a9d34af97210a5165e90d03721d8528ad05e9579d3299c486047d4e9b55",
  "roles": {
    "fit": {
      "n": 51634,
      "membership_hash": "24548642307cad42aa249770e9c2f9976be06ca00a3344af4cc76eb72d8340b5",
      "row_id_hash": "ffa384f38312c9dc3d731360d923fcf346a931431bf149fc831c4adea813d691",
      "origin_min": "2016-01-07 21:00:00",
      "origin_max": "2016-08-11 19:00:00",
      "target_min": "2016-01-08 00:00:00",
      "target_max": "2016-08-11 22:00:00"
    },
    "calibration": {
      "n": 17360,
      "membership_hash": "d0abd97ca8d625e40fb2a1cb4a703de04db6f055eefe3ab56cd15b66319b5aba",
      "row_id_hash": "863c0af90269298b0e6f5a2f56b55eaff6d6133311914cf4e057fa69feec07d4",
      "origin_min": "2016-08-12 00:00:00",
      "origin_max": "2016-10-23 07:00:00",
      "target_min": "2016-08-12 03:00:00",
      "target_max": "2016-10-23 10:00:00"
    },
    "test": {
      "n": 34640,
      "membership_hash": "ac209fd38c4629ceb7d8ca27dc61c0e078efffe969b14c5a757d27aa8ff1b6c5",
      "row_id_hash": "c96bb83824e1a9ba2a796cae7018992bad567e577c67a2840e377bec1990828c",
      "origin_min": "2016-10-23 11:00:00",
      "origin_max": "2017-03-17 05:00:00",
      "target_min": "2016-10-23 14:00:00",
      "target_max": "2017-03-17 08:00:00"
    },
    "inner0_train": {
      "n": 17073,
      "membership_hash": "8e295ef626f371c07b1ec49afd7f2693659cd6afde4f22be484735f11239b065",
      "row_id_hash": "e1dc0b63558312fca058d40b4bfa82e47e74c4313fcadb1123b077c3d0c819f3",
      "origin_min": "2016-01-07 21:00:00",
      "origin_max": "2016-03-20 00:00:00",
      "target_min": "2016-01-08 00:00:00",
      "target_max": "2016-03-20 03:00:00"
    },
    "inner0_validation": {
      "n": 17195,
      "membership_hash": "c1889776e05fcec42d92ea64731f69999ff88e2a223554807aa3617934c1addb",
      "row_id_hash": "3e1e48c2f2fee5c8f54852c9b499600ff5daf14d9974942119e4e5e818d41013",
      "origin_min": "2016-03-20 04:00:00",
      "origin_max": "2016-05-31 08:00:00",
      "target_min": "2016-03-20 07:00:00",
      "target_max": "2016-05-31 11:00:00"
    },
    "inner1_train": {
      "n": 34268,
      "membership_hash": "95b32a00537cd05f86880ccdef0381bf1831d69289c8361feb735b598d2d9ff1",
      "row_id_hash": "6a6104fa7e43733847fe9b10a19040ca38296c59a9f9056b38739bc2e0aab954",
      "origin_min": "2016-01-07 21:00:00",
      "origin_max": "2016-05-31 08:00:00",
      "target_min": "2016-01-08 00:00:00",
      "target_max": "2016-05-31 11:00:00"
    },
    "inner1_validation": {
      "n": 17306,
      "membership_hash": "5974dd749dae94b806e58e7445c48c198e82f3cba50cd0d6c54572d87fcd2191",
      "row_id_hash": "ce214c17538c51e016a687e3548b8d719a95205251378923f0db0f3b4a862fb9",
      "origin_min": "2016-05-31 12:00:00",
      "origin_max": "2016-08-11 19:00:00",
      "target_min": "2016-05-31 15:00:00",
      "target_max": "2016-08-11 22:00:00"
    }
  }
}
{"command": ["C:/cfs_venv/Scripts/python.exe", "-B", "-m", "src.matched_forecasting005", "freeze", "--matrix", "C:\\Users\\nigel\\OneDrive\\Desktop\\GitHub\\confosense\\smart_building_conformal\\outputs\\amendment005\\support_design_v1\\experiment_matrix.csv", "--dataset", "bdg2", "--horizon", "3", "--outer-fold", "2", "--model-seed", "46", "--design-dir", "C:\\Users\\nigel\\OneDrive\\Desktop\\GitHub\\confosense\\smart_building_conformal\\protocols\\matched_forecasting005\\bdg2_h3_f2_s46_v1", "--authorization", "C:\\Users\\nigel\\OneDrive\\Desktop\\GitHub\\confosense\\smart_building_conformal\\configs\\matched_forecasting005_fold2_multiseed_authorization_v1.json"], "cwd": "C:\\Users\\nigel\\OneDrive\\Desktop\\GitHub\\confosense\\smart_building_conformal", "started_utc": "2026-09-13T22:59:56.730973+00:00", "logger_pid": 26304, "child_pid": 20684, "ended_utc": "2026-09-13T23:00:19.354949+00:00", "seconds": 22.62342720000015, "exit_status": 0}
{
  "first_unit_ready": true,
  "full_study_ready": false,
  "models_fitted": 0,
  "source_hash": "cd907183301a189ddfcc195774dad58c8fa07d5b326d2ac29cf3636383dc681e",
  "protocol_hash": "f93cc7009437b45a97bce046887aaf78f96bc32475a26a555e30540eb666b963",
  "fresh_support_verified": true,
  "resources": {
    "rss_bytes": 444059648,
    "private_bytes": 401154048,
    "lifetime_peak_rss_bytes": 1032744960,
    "available_ram_bytes": 4387753984,
    "physical_ram_bytes": 16890978304,
    "free_disk_bytes": 44790415360,
    "launch_ram_reference_bytes": 3221225472,
    "launch_ram_reference_met": true,
    "later_user_nonblocking_ram_instruction": true
  },
  "preparation_resources": {
    "seconds": 16.716022900000098,
    "baseline_rss_bytes": 324395008,
    "peak_rss_bytes": 816951296,
    "baseline_private_bytes": 282439680,
    "peak_private_bytes": 996782080,
    "incremental_peak_rss_bytes": 492556288,
    "lifetime_peak_rss_bytes": 1032744960,
    "min_available_ram_bytes": 4050821120,
    "sample_interval_seconds": 0.05,
    "process_cpu_seconds": 16.3125
  },
  "expected_point_cells": 3,
  "expected_interval_cells": 6
}
{"command": ["C:/cfs_venv/Scripts/python.exe", "-B", "-m", "src.matched_forecasting005", "readiness", "--matrix", "C:\\Users\\nigel\\OneDrive\\Desktop\\GitHub\\confosense\\smart_building_conformal\\outputs\\amendment005\\support_design_v1\\experiment_matrix.csv", "--dataset", "bdg2", "--horizon", "3", "--outer-fold", "2", "--model-seed", "46", "--design-dir", "C:\\Users\\nigel\\OneDrive\\Desktop\\GitHub\\confosense\\smart_building_conformal\\protocols\\matched_forecasting005\\bdg2_h3_f2_s46_v1"], "cwd": "C:\\Users\\nigel\\OneDrive\\Desktop\\GitHub\\confosense\\smart_building_conformal", "started_utc": "2026-09-13T23:00:19.470988+00:00", "logger_pid": 512, "child_pid": 27104, "ended_utc": "2026-09-13T23:00:40.364774+00:00", "seconds": 20.893678200009163, "exit_status": 0}
PREFLIGHT 48/52 bdg2_h3_f2_s46_v1
{
  "frozen": true,
  "models_fitted": 0,
  "data_hash": "79cd64593080031680a39460f2948bf4cd4b4562c85f66f5d8f6565610b946b8",
  "role_bank_hash": "9abcf13664a5dbd8c96c390b879095bce984f2809c147423d9338c3ecce0555b",
  "roles": {
    "fit": {
      "n": 51584,
      "membership_hash": "ee0d65d4d8fd886cddd0836feb6cc554b3a0668bb8646e26ad368612e89933cf",
      "row_id_hash": "2238d76a4dbf3773688730ddc491de3cefe37795d6a581e2848ae721c331e6bf",
      "origin_min": "2016-01-07 18:00:00",
      "origin_max": "2016-08-11 11:00:00",
      "target_min": "2016-01-08 00:00:00",
      "target_max": "2016-08-11 17:00:00"
    },
    "calibration": {
      "n": 17350,
      "membership_hash": "cb99d3f6083f8add3d0568883b9be9ed322386b154e74837371f8bb0570068e3",
      "row_id_hash": "aa683503ff148880151cae8fc08bfc24515ae8c36edb5767a336c52e0cdd96ed",
      "origin_min": "2016-08-11 19:00:00",
      "origin_max": "2016-10-23 01:00:00",
      "target_min": "2016-08-12 01:00:00",
      "target_max": "2016-10-23 07:00:00"
    },
    "test": {
      "n": 34640,
      "membership_hash": "d2c8963470de5f63c6abdd989a9a7e8e9784ee1b533d376fa55278f758ab13ef",
      "row_id_hash": "37fd04542c9ea0f00adda74f2d1670855cd47ee8d91e3a242b6c76c5ce0d762f",
      "origin_min": "2016-10-23 08:00:00",
      "origin_max": "2017-03-17 02:00:00",
      "target_min": "2016-10-23 14:00:00",
      "target_max": "2017-03-17 08:00:00"
    },
    "inner0_train": {
      "n": 17033,
      "membership_hash": "f02c7d71705a3d16569d09c94aa6c7fb805b688993dc198b089dcc5412c536ac",
      "row_id_hash": "8ca497a9ec0ddfa4978eff0e12b817bc3d8788f0c11d3e52e52fc002b3b19c38",
      "origin_min": "2016-01-07 18:00:00",
      "origin_max": "2016-03-19 17:00:00",
      "target_min": "2016-01-08 00:00:00",
      "target_max": "2016-03-19 23:00:00"
    },
    "inner0_validation": {
      "n": 17145,
      "membership_hash": "6ddab6cde7fed95f1e35d8f0d2de163d9dfa7e49b74cc1fe856e19a448cc3e0d",
      "row_id_hash": "a8bce31b5505b65db6595bffdb69845940891da0b8f2b8d6250d99ce20b5dfdd",
      "origin_min": "2016-03-20 00:00:00",
      "origin_max": "2016-05-30 23:00:00",
      "target_min": "2016-03-20 06:00:00",
      "target_max": "2016-05-31 05:00:00"
    },
    "inner1_train": {
      "n": 34178,
      "membership_hash": "c721e4717a3a7db386cdb7de77770e79babb33f799d974a9fc843c6e093156f0",
      "row_id_hash": "e68a0b396351fba557fbf54a0dece8e1c5545ebb7b8a096a7e1cd6d0fc3eb0dc",
      "origin_min": "2016-01-07 18:00:00",
      "origin_max": "2016-05-30 23:00:00",
      "target_min": "2016-01-08 00:00:00",
      "target_max": "2016-05-31 05:00:00"
    },
    "inner1_validation": {
      "n": 17286,
      "membership_hash": "d9afb522d74237fbcb0085a235ee27867d8cc18c0b883edd9a4606f91b4382ee",
      "row_id_hash": "decf7a3acf92420ae63e05af24db95ff28729fcdf67cd117b4ecbe0ba825a85f",
      "origin_min": "2016-05-31 06:00:00",
      "origin_max": "2016-08-11 11:00:00",
      "target_min": "2016-05-31 12:00:00",
      "target_max": "2016-08-11 17:00:00"
    }
  }
}
{"command": ["C:/cfs_venv/Scripts/python.exe", "-B", "-m", "src.matched_forecasting005", "freeze", "--matrix", "C:\\Users\\nigel\\OneDrive\\Desktop\\GitHub\\confosense\\smart_building_conformal\\outputs\\amendment005\\support_design_v1\\experiment_matrix.csv", "--dataset", "bdg2", "--horizon", "6", "--outer-fold", "2", "--model-seed", "46", "--design-dir", "C:\\Users\\nigel\\OneDrive\\Desktop\\GitHub\\confosense\\smart_building_conformal\\protocols\\matched_forecasting005\\bdg2_h6_f2_s46_v1", "--authorization", "C:\\Users\\nigel\\OneDrive\\Desktop\\GitHub\\confosense\\smart_building_conformal\\configs\\matched_forecasting005_fold2_multiseed_authorization_v1.json"], "cwd": "C:\\Users\\nigel\\OneDrive\\Desktop\\GitHub\\confosense\\smart_building_conformal", "started_utc": "2026-09-13T23:00:40.619905+00:00", "logger_pid": 3908, "child_pid": 28144, "ended_utc": "2026-09-13T23:01:04.079419+00:00", "seconds": 23.46088470000541, "exit_status": 0}
{
  "first_unit_ready": true,
  "full_study_ready": false,
  "models_fitted": 0,
  "source_hash": "cd907183301a189ddfcc195774dad58c8fa07d5b326d2ac29cf3636383dc681e",
  "protocol_hash": "ce484c863017f245f239e40a1cfb85455667277e7f8f3899f4fecb6301a7ab69",
  "fresh_support_verified": true,
  "resources": {
    "rss_bytes": 443289600,
    "private_bytes": 400801792,
    "lifetime_peak_rss_bytes": 1033195520,
    "available_ram_bytes": 4542271488,
    "physical_ram_bytes": 16890978304,
    "free_disk_bytes": 44781182976,
    "launch_ram_reference_bytes": 3221225472,
    "launch_ram_reference_met": true,
    "later_user_nonblocking_ram_instruction": true
  },
  "preparation_resources": {
    "seconds": 17.076784200005932,
    "baseline_rss_bytes": 324804608,
    "peak_rss_bytes": 876830720,
    "baseline_private_bytes": 282591232,
    "peak_private_bytes": 998682624,
    "incremental_peak_rss_bytes": 552026112,
    "lifetime_peak_rss_bytes": 1033195520,
    "min_available_ram_bytes": 4132454400,
    "sample_interval_seconds": 0.05,
    "process_cpu_seconds": 16.609375
  },
  "expected_point_cells": 3,
  "expected_interval_cells": 6
}
{"command": ["C:/cfs_venv/Scripts/python.exe", "-B", "-m", "src.matched_forecasting005", "readiness", "--matrix", "C:\\Users\\nigel\\OneDrive\\Desktop\\GitHub\\confosense\\smart_building_conformal\\outputs\\amendment005\\support_design_v1\\experiment_matrix.csv", "--dataset", "bdg2", "--horizon", "6", "--outer-fold", "2", "--model-seed", "46", "--design-dir", "C:\\Users\\nigel\\OneDrive\\Desktop\\GitHub\\confosense\\smart_building_conformal\\protocols\\matched_forecasting005\\bdg2_h6_f2_s46_v1"], "cwd": "C:\\Users\\nigel\\OneDrive\\Desktop\\GitHub\\confosense\\smart_building_conformal", "started_utc": "2026-09-13T23:01:04.200809+00:00", "logger_pid": 8712, "child_pid": 11748, "ended_utc": "2026-09-13T23:01:25.369812+00:00", "seconds": 21.164410299999872, "exit_status": 0}
PREFLIGHT 49/52 bdg2_h6_f2_s46_v1
{
  "frozen": true,
  "models_fitted": 0,
  "data_hash": "ea4daa5dc3579aec204c02fd26d09ba7467a2ad3c45790efc705c7883bde6741",
  "role_bank_hash": "badafb8398bc754b251fa2a13514fa6111f8bf96e4054696777b03dce5e878f2",
  "roles": {
    "fit": {
      "n": 14858,
      "membership_hash": "082d3c719093d84e13379d5a2c367aacae289407ac707cb64d266f759ebb787b",
      "row_id_hash": "a5da64445ac5f1af2fd4c56cb88650223d7690fede620e9a6758367516928aca",
      "origin_min": "2021-01-08 00:00:00",
      "origin_max": "2021-04-21 04:10:00",
      "target_min": "2021-01-08 00:10:00",
      "target_max": "2021-04-21 04:20:00"
    },
    "calibration": {
      "n": 4953,
      "membership_hash": "9eb8650e22c2484bd09a282820451387cd0610e0cf55aa2ec428816a260b5143",
      "row_id_hash": "7794c3f938f5b39a6b7c298611ca6e5d91de32415f98091ff059cd97e6946b01",
      "origin_min": "2021-04-21 04:40:00",
      "origin_max": "2021-05-25 14:00:00",
      "target_min": "2021-04-21 04:50:00",
      "target_max": "2021-05-25 14:10:00"
    },
    "test": {
      "n": 9907,
      "membership_hash": "9873f938ec58b7643a4b9bb6625e3522fa47921a83ef136da20c6e62a17a410f",
      "row_id_hash": "ca2d8ac2f6c4a85d87a0b3e689792f73277921d41eae2f48c6b4eb1e307d2a61",
      "origin_min": "2021-05-25 14:20:00",
      "origin_max": "2021-08-02 09:20:00",
      "target_min": "2021-05-25 14:30:00",
      "target_max": "2021-08-02 09:30:00"
    },
    "inner0_train": {
      "n": 4951,
      "membership_hash": "772e37103d6ec8c04ebb7c7e034fb82e77efacdfb42740094dd62aba1cdcbb46",
      "row_id_hash": "9ff5cf13265f7071fd9c0761e23cbdb0a3b06a17108fe4c9e29d7b526dbb16f6",
      "origin_min": "2021-01-08 00:00:00",
      "origin_max": "2021-02-11 09:00:00",
      "target_min": "2021-01-08 00:10:00",
      "target_max": "2021-02-11 09:10:00"
    },
    "inner0_validation": {
      "n": 4952,
      "membership_hash": "3ee052b31b48d8aee119b1a1a23488da243b59b1055ebe21d22b810798c26df1",
      "row_id_hash": "94101a1db88057481d0b93b3f6f6f8a0ba0768c95d5d786cc94219111fc8b01a",
      "origin_min": "2021-02-11 09:20:00",
      "origin_max": "2021-03-17 18:30:00",
      "target_min": "2021-02-11 09:30:00",
      "target_max": "2021-03-17 18:40:00"
    },
    "inner1_train": {
      "n": 9903,
      "membership_hash": "bc9acab132bf77c6fdb966545b0c1c36c2d8d40c0debf6ad9879832e8eed3f18",
      "row_id_hash": "5bb7052421dc4dc1014d0183a0a86dc9346860360b70733932af01792401ebea",
      "origin_min": "2021-01-08 00:00:00",
      "origin_max": "2021-03-17 18:30:00",
      "target_min": "2021-01-08 00:10:00",
      "target_max": "2021-03-17 18:40:00"
    },
    "inner1_validation": {
      "n": 4953,
      "membership_hash": "af2dbfce54bc80c97b7250e3d85c70b3feb7714d2fb1b6436b4b00eeaec9ed9e",
      "row_id_hash": "28760e0529920ab50fc08711863e3203a9e12a65c4321ba66c5ea2a7711920b5",
      "origin_min": "2021-03-17 18:50:00",
      "origin_max": "2021-04-21 04:10:00",
      "target_min": "2021-03-17 19:00:00",
      "target_max": "2021-04-21 04:20:00"
    }
  }
}
{"command": ["C:/cfs_venv/Scripts/python.exe", "-B", "-m", "src.matched_forecasting005", "freeze", "--matrix", "C:\\Users\\nigel\\OneDrive\\Desktop\\GitHub\\confosense\\smart_building_conformal\\outputs\\amendment005\\support_design_v1\\experiment_matrix.csv", "--dataset", "pleia", "--horizon", "1", "--outer-fold", "2", "--model-seed", "46", "--design-dir", "C:\\Users\\nigel\\OneDrive\\Desktop\\GitHub\\confosense\\smart_building_conformal\\protocols\\matched_forecasting005\\pleia_h1_f2_s46_v1", "--authorization", "C:\\Users\\nigel\\OneDrive\\Desktop\\GitHub\\confosense\\smart_building_conformal\\configs\\matched_forecasting005_fold2_multiseed_authorization_v1.json"], "cwd": "C:\\Users\\nigel\\OneDrive\\Desktop\\GitHub\\confosense\\smart_building_conformal", "started_utc": "2026-09-13T23:01:25.630795+00:00", "logger_pid": 14648, "child_pid": 23792, "ended_utc": "2026-09-13T23:01:38.683240+00:00", "seconds": 13.052354600004037, "exit_status": 0}
{
  "first_unit_ready": true,
  "full_study_ready": false,
  "models_fitted": 0,
  "source_hash": "cd907183301a189ddfcc195774dad58c8fa07d5b326d2ac29cf3636383dc681e",
  "protocol_hash": "4989341ff9d463b283be2be3ec47d0d71a904ea498b2ec581d160b37a8fe96a9",
  "fresh_support_verified": true,
  "resources": {
    "rss_bytes": 392110080,
    "private_bytes": 347172864,
    "lifetime_peak_rss_bytes": 1244545024,
    "available_ram_bytes": 4550623232,
    "physical_ram_bytes": 16890978304,
    "free_disk_bytes": 44778311680,
    "launch_ram_reference_bytes": 3221225472,
    "launch_ram_reference_met": true,
    "later_user_nonblocking_ram_instruction": true
  },
  "preparation_resources": {
    "seconds": 8.221523199987132,
    "baseline_rss_bytes": 324472832,
    "peak_rss_bytes": 1170821120,
    "baseline_private_bytes": 282378240,
    "peak_private_bytes": 1207562240,
    "incremental_peak_rss_bytes": 846348288,
    "lifetime_peak_rss_bytes": 1244545024,
    "min_available_ram_bytes": 3783053312,
    "sample_interval_seconds": 0.05,
    "process_cpu_seconds": 7.984375
  },
  "expected_point_cells": 3,
  "expected_interval_cells": 6
}
{"command": ["C:/cfs_venv/Scripts/python.exe", "-B", "-m", "src.matched_forecasting005", "readiness", "--matrix", "C:\\Users\\nigel\\OneDrive\\Desktop\\GitHub\\confosense\\smart_building_conformal\\outputs\\amendment005\\support_design_v1\\experiment_matrix.csv", "--dataset", "pleia", "--horizon", "1", "--outer-fold", "2", "--model-seed", "46", "--design-dir", "C:\\Users\\nigel\\OneDrive\\Desktop\\GitHub\\confosense\\smart_building_conformal\\protocols\\matched_forecasting005\\pleia_h1_f2_s46_v1"], "cwd": "C:\\Users\\nigel\\OneDrive\\Desktop\\GitHub\\confosense\\smart_building_conformal", "started_utc": "2026-09-13T23:01:38.793905+00:00", "logger_pid": 17556, "child_pid": 26836, "ended_utc": "2026-09-13T23:01:51.155375+00:00", "seconds": 12.359628700010944, "exit_status": 0}
PREFLIGHT 50/52 pleia_h1_f2_s46_v1
{
  "frozen": true,
  "models_fitted": 0,
  "data_hash": "d9952ed2b0af11ec34f4cb849c9c45e91f7c74a3cdaa2393e449e2715e7f934c",
  "role_bank_hash": "6fa371901b6c3e9ddf59ab5f6a3dfd4df7833e00db6e5ee2c633f99798fb542a",
  "roles": {
    "fit": {
      "n": 14855,
      "membership_hash": "227c29f26e08b12144a3144f7b4e485ceef61eeffddfb8383055cdb14249180b",
      "row_id_hash": "4074dfa6f8e6042743030c8386a0f02bf142e81c22c53c260629dc0e31aea099",
      "origin_min": "2021-01-07 23:40:00",
      "origin_max": "2021-04-21 03:20:00",
      "target_min": "2021-01-08 00:10:00",
      "target_max": "2021-04-21 03:50:00"
    },
    "calibration": {
      "n": 4952,
      "membership_hash": "7fa06de8c38dda4d17b6b0cf6e9ef56c1df4e74c93e4a91c0e4cc3ac109ef25d",
      "row_id_hash": "e7a9e5a4d0f065e905f3b68d0ddcc8cfa81961e510bbeaa67844d8b295557883",
      "origin_min": "2021-04-21 04:10:00",
      "origin_max": "2021-05-25 13:20:00",
      "target_min": "2021-04-21 04:40:00",
      "target_max": "2021-05-25 13:50:00"
    },
    "test": {
      "n": 9907,
      "membership_hash": "bac99d6be4cb79fe22304f53e75236e112bbd0869eb6fec15e881e232b076cc3",
      "row_id_hash": "980af583f5f37c78a95e0b099badf318c309a782627933d4b65363f009fed507",
      "origin_min": "2021-05-25 14:00:00",
      "origin_max": "2021-08-02 09:00:00",
      "target_min": "2021-05-25 14:30:00",
      "target_max": "2021-08-02 09:30:00"
    },
    "inner0_train": {
      "n": 4948,
      "membership_hash": "fdb3d26c48df5c39e6763480535e204d2594b8749ab6df0a1371c11c4991afd2",
      "row_id_hash": "ddaf23d54fbb3a4e9b995b43253825c4ae6a3c46f5831e9bc1bc774c65ae348c",
      "origin_min": "2021-01-07 23:40:00",
      "origin_max": "2021-02-11 08:10:00",
      "target_min": "2021-01-08 00:10:00",
      "target_max": "2021-02-11 08:40:00"
    },
    "inner0_validation": {
      "n": 4949,
      "membership_hash": "249bb3d7f2b16be8c15ebb503c1a33019c0aed25686b3ca72cf4bf16dc16264d",
      "row_id_hash": "1046774ecf67bd5d7b3cda329101e3229f1720d1f12b59feb24732dffedd21a3",
      "origin_min": "2021-02-11 08:50:00",
      "origin_max": "2021-03-17 17:30:00",
      "target_min": "2021-02-11 09:20:00",
      "target_max": "2021-03-17 18:00:00"
    },
    "inner1_train": {
      "n": 9897,
      "membership_hash": "e4a2af2e86062f34ecc2da38f038c54771899f808d45a3482679b08ab9163cba",
      "row_id_hash": "50e5f199066eca1e0f35e3294dda145841773b547bab055401b3e8d8067ed3c0",
      "origin_min": "2021-01-07 23:40:00",
      "origin_max": "2021-03-17 17:30:00",
      "target_min": "2021-01-08 00:10:00",
      "target_max": "2021-03-17 18:00:00"
    },
    "inner1_validation": {
      "n": 4952,
      "membership_hash": "4439d1e24df439cf5dbec4b37090c9521460fad2488d498a7c821cf963a6daa2",
      "row_id_hash": "e567401ae33f835a2879ba5be9304ca8129f612468e33f9ab19c6e25dd3b1e5c",
      "origin_min": "2021-03-17 18:10:00",
      "origin_max": "2021-04-21 03:20:00",
      "target_min": "2021-03-17 18:40:00",
      "target_max": "2021-04-21 03:50:00"
    }
  }
}
{"command": ["C:/cfs_venv/Scripts/python.exe", "-B", "-m", "src.matched_forecasting005", "freeze", "--matrix", "C:\\Users\\nigel\\OneDrive\\Desktop\\GitHub\\confosense\\smart_building_conformal\\outputs\\amendment005\\support_design_v1\\experiment_matrix.csv", "--dataset", "pleia", "--horizon", "3", "--outer-fold", "2", "--model-seed", "46", "--design-dir", "C:\\Users\\nigel\\OneDrive\\Desktop\\GitHub\\confosense\\smart_building_conformal\\protocols\\matched_forecasting005\\pleia_h3_f2_s46_v1", "--authorization", "C:\\Users\\nigel\\OneDrive\\Desktop\\GitHub\\confosense\\smart_building_conformal\\configs\\matched_forecasting005_fold2_multiseed_authorization_v1.json"], "cwd": "C:\\Users\\nigel\\OneDrive\\Desktop\\GitHub\\confosense\\smart_building_conformal", "started_utc": "2026-09-13T23:01:51.385834+00:00", "logger_pid": 17104, "child_pid": 17264, "ended_utc": "2026-09-13T23:02:04.563056+00:00", "seconds": 13.176416000002064, "exit_status": 0}
{
  "first_unit_ready": true,
  "full_study_ready": false,
  "models_fitted": 0,
  "source_hash": "cd907183301a189ddfcc195774dad58c8fa07d5b326d2ac29cf3636383dc681e",
  "protocol_hash": "b27f1feef915808c6510c0377190a06d1c9c41d2cf628facd895b6f01110082d",
  "fresh_support_verified": true,
  "resources": {
    "rss_bytes": 381968384,
    "private_bytes": 337375232,
    "lifetime_peak_rss_bytes": 1244323840,
    "available_ram_bytes": 4529532928,
    "physical_ram_bytes": 16890978304,
    "free_disk_bytes": 44775702528,
    "launch_ram_reference_bytes": 3221225472,
    "launch_ram_reference_met": true,
    "later_user_nonblocking_ram_instruction": true
  },
  "preparation_resources": {
    "seconds": 8.431320699994103,
    "baseline_rss_bytes": 324448256,
    "peak_rss_bytes": 1155612672,
    "baseline_private_bytes": 282324992,
    "peak_private_bytes": 1207308288,
    "incremental_peak_rss_bytes": 831164416,
    "lifetime_peak_rss_bytes": 1244323840,
    "min_available_ram_bytes": 3786698752,
    "sample_interval_seconds": 0.05,
    "process_cpu_seconds": 8.171875
  },
  "expected_point_cells": 3,
  "expected_interval_cells": 6
}
{"command": ["C:/cfs_venv/Scripts/python.exe", "-B", "-m", "src.matched_forecasting005", "readiness", "--matrix", "C:\\Users\\nigel\\OneDrive\\Desktop\\GitHub\\confosense\\smart_building_conformal\\outputs\\amendment005\\support_design_v1\\experiment_matrix.csv", "--dataset", "pleia", "--horizon", "3", "--outer-fold", "2", "--model-seed", "46", "--design-dir", "C:\\Users\\nigel\\OneDrive\\Desktop\\GitHub\\confosense\\smart_building_conformal\\protocols\\matched_forecasting005\\pleia_h3_f2_s46_v1"], "cwd": "C:\\Users\\nigel\\OneDrive\\Desktop\\GitHub\\confosense\\smart_building_conformal", "started_utc": "2026-09-13T23:02:04.678189+00:00", "logger_pid": 28856, "child_pid": 20348, "ended_utc": "2026-09-13T23:02:17.211689+00:00", "seconds": 12.529972799995448, "exit_status": 0}
PREFLIGHT 51/52 pleia_h3_f2_s46_v1
{
  "frozen": true,
  "models_fitted": 0,
  "data_hash": "5f82d9b1241b651ae41db34771b44ea8dc61cee2367a2af45ca7be1d9403d5cb",
  "role_bank_hash": "71eb667e2ed175651d70ebdcf17848409bd01b14568e768b8f7d37b654481b9f",
  "roles": {
    "fit": {
      "n": 14850,
      "membership_hash": "ef9d6a6abac88bf6870ca419233277f25ca38ffcec8d2e50ef36e5a7ae619400",
      "row_id_hash": "1a376d5a8a154a77f83f187423efb4d9fc845968a0043a1454205c7b56a18c46",
      "origin_min": "2021-01-07 23:10:00",
      "origin_max": "2021-04-21 02:00:00",
      "target_min": "2021-01-08 00:10:00",
      "target_max": "2021-04-21 03:00:00"
    },
    "calibration": {
      "n": 4951,
      "membership_hash": "9247b241a0fa2d22e3929a301f0ff3511dbadd5e2e8ec374799c5c7abceab76d",
      "row_id_hash": "2d7a6ad1c542e4d2f60a787f5e43892e1e19f63a3d75ff6e0accd70b674462a7",
      "origin_min": "2021-04-21 03:20:00",
      "origin_max": "2021-05-25 12:20:00",
      "target_min": "2021-04-21 04:20:00",
      "target_max": "2021-05-25 13:20:00"
    },
    "test": {
      "n": 9907,
      "membership_hash": "c6974f8d3bde0930d9d56239e658a56ee8f6554aea2606844b45a070315571f1",
      "row_id_hash": "ac5e21416b994368c2c6ea779989080df106bc5896da0483b1f5982a7af732fa",
      "origin_min": "2021-05-25 13:30:00",
      "origin_max": "2021-08-02 08:30:00",
      "target_min": "2021-05-25 14:30:00",
      "target_max": "2021-08-02 09:30:00"
    },
    "inner0_train": {
      "n": 4944,
      "membership_hash": "7e1d872fdae249702364dcedccb8344e6e44d13dde4694244d1d8af8576495fb",
      "row_id_hash": "8f691537f61aeaf3b6b2bce9234e1f3f2fce1fa89f579c6620a77d4e9430bbe6",
      "origin_min": "2021-01-07 23:10:00",
      "origin_max": "2021-02-11 07:00:00",
      "target_min": "2021-01-08 00:10:00",
      "target_max": "2021-02-11 08:00:00"
    },
    "inner0_validation": {
      "n": 4944,
      "membership_hash": "2984744e642beefa7ce03314b45942af4ef6594d8939fdf4b62e61c263f6bdb8",
      "row_id_hash": "2d75f8c14ab352752c56668098b1a13d6f545d051d41b03dbb9af51140add5f3",
      "origin_min": "2021-02-11 08:10:00",
      "origin_max": "2021-03-17 16:00:00",
      "target_min": "2021-02-11 09:10:00",
      "target_max": "2021-03-17 17:00:00"
    },
    "inner1_train": {
      "n": 9888,
      "membership_hash": "b302ee02c2b16f2a988275f6ff329f6f03774c4c85d10d37902b32b54795d4e0",
      "row_id_hash": "2330831bef316a2f27daff3f18c8507290a36952db81e8e9e7594e746f48686e",
      "origin_min": "2021-01-07 23:10:00",
      "origin_max": "2021-03-17 16:00:00",
      "target_min": "2021-01-08 00:10:00",
      "target_max": "2021-03-17 17:00:00"
    },
    "inner1_validation": {
      "n": 4950,
      "membership_hash": "94c11b73e5e68059ca8334f73f6dc70805df5c01f5112cc20d147b640c4f52fd",
      "row_id_hash": "30c0df9856e41df5c927bceaf854572d24fb209861c6708cc43afdf2762d6890",
      "origin_min": "2021-03-17 17:10:00",
      "origin_max": "2021-04-21 02:00:00",
      "target_min": "2021-03-17 18:10:00",
      "target_max": "2021-04-21 03:00:00"
    }
  }
}
{"command": ["C:/cfs_venv/Scripts/python.exe", "-B", "-m", "src.matched_forecasting005", "freeze", "--matrix", "C:\\Users\\nigel\\OneDrive\\Desktop\\GitHub\\confosense\\smart_building_conformal\\outputs\\amendment005\\support_design_v1\\experiment_matrix.csv", "--dataset", "pleia", "--horizon", "6", "--outer-fold", "2", "--model-seed", "46", "--design-dir", "C:\\Users\\nigel\\OneDrive\\Desktop\\GitHub\\confosense\\smart_building_conformal\\protocols\\matched_forecasting005\\pleia_h6_f2_s46_v1", "--authorization", "C:\\Users\\nigel\\OneDrive\\Desktop\\GitHub\\confosense\\smart_building_conformal\\configs\\matched_forecasting005_fold2_multiseed_authorization_v1.json"], "cwd": "C:\\Users\\nigel\\OneDrive\\Desktop\\GitHub\\confosense\\smart_building_conformal", "started_utc": "2026-09-13T23:02:17.440949+00:00", "logger_pid": 19164, "child_pid": 29044, "ended_utc": "2026-09-13T23:02:30.259704+00:00", "seconds": 12.819090199991479, "exit_status": 0}
{
  "first_unit_ready": true,
  "full_study_ready": false,
  "models_fitted": 0,
  "source_hash": "cd907183301a189ddfcc195774dad58c8fa07d5b326d2ac29cf3636383dc681e",
  "protocol_hash": "167204fe887068fae49a0bf3704d7bec6197c99a453a7be4422e9f5affd4de08",
  "fresh_support_verified": true,
  "resources": {
    "rss_bytes": 381820928,
    "private_bytes": 336662528,
    "lifetime_peak_rss_bytes": 1242836992,
    "available_ram_bytes": 4522762240,
    "physical_ram_bytes": 16890978304,
    "free_disk_bytes": 44773089280,
    "launch_ram_reference_bytes": 3221225472,
    "launch_ram_reference_met": true,
    "later_user_nonblocking_ram_instruction": true
  },
  "preparation_resources": {
    "seconds": 8.811630799988052,
    "baseline_rss_bytes": 324902912,
    "peak_rss_bytes": 1142185984,
    "baseline_private_bytes": 282796032,
    "peak_private_bytes": 1203007488,
    "incremental_peak_rss_bytes": 817283072,
    "lifetime_peak_rss_bytes": 1242836992,
    "min_available_ram_bytes": 3768438784,
    "sample_interval_seconds": 0.05,
    "process_cpu_seconds": 8.59375
  },
  "expected_point_cells": 3,
  "expected_interval_cells": 6
}
{"command": ["C:/cfs_venv/Scripts/python.exe", "-B", "-m", "src.matched_forecasting005", "readiness", "--matrix", "C:\\Users\\nigel\\OneDrive\\Desktop\\GitHub\\confosense\\smart_building_conformal\\outputs\\amendment005\\support_design_v1\\experiment_matrix.csv", "--dataset", "pleia", "--horizon", "6", "--outer-fold", "2", "--model-seed", "46", "--design-dir", "C:\\Users\\nigel\\OneDrive\\Desktop\\GitHub\\confosense\\smart_building_conformal\\protocols\\matched_forecasting005\\pleia_h6_f2_s46_v1"], "cwd": "C:\\Users\\nigel\\OneDrive\\Desktop\\GitHub\\confosense\\smart_building_conformal", "started_utc": "2026-09-13T23:02:30.386637+00:00", "logger_pid": 24092, "child_pid": 24072, "ended_utc": "2026-09-13T23:02:43.299284+00:00", "seconds": 12.909453800006304, "exit_status": 0}
PREFLIGHT 52/52 pleia_h6_f2_s46_v1
ALL 52 FROZEN AND READY; ZERO FITS
