dataset,outer_fold,role,context_id,group_id,segment_id,onset_offset,duration,warmup,followup,context_start_row_id,context_end_row_id,onset_row_id,onset,context_rows,sigma,context_row_hash
pleia,0,inner0_selection,b34e2b28d5408aaf0965,None,None:segment:0,69,6,36,6,7568f90b970565d33e169cc2515538895694e44ff523b38bb6d951a7de38739a,5e552b414b77bcd9e224c534dd0678e8f65774b0d40e32a2334f6ab77a1f478e,741f8e50d00625d4755632a07aeddf60c6de32fb3d26938a5660f448f9567896,2021-04-21 16:10:00,144,2.9652,6bed1b12ee566456f0e85858f26fde0ec255b8bcceebf39713fb47d429f2676d
pleia,0,inner0_selection,bc01ec4ca9123cc16bdc,None,None:segment:0,64,6,36,6,ffea0f010f6588f57ad63ff7e207f428b76fc336eba478338d23c87a076b01c8,5fe16de547479c190ff09091b54817ad0773f057ab135bbda00b5be4412be3eb,ddca0486903dc0e817b867b2b09600381fc02cba80ed764321b98803f0dc3649,2021-04-22 15:20:00,144,2.9652,990622d8763847f5e44471b7ef6e1ed9ac4e7e27bc7756d0025557f700a42b13
pleia,0,inner0_selection,67a643b22b77f63cf757,None,None:segment:0,59,6,36,6,f108187e7ea2fa460b766872e3eceb3dd5f036cd0807a293d3132cde290eff23,8c193d11b83bd3b65d7041874ab44604456865ada58e0c12dfe54452b340a1e1,a3dd484e517ff8036332e155aa8399bb28b20cb0cba56ab4aa3b6f972614263b,2021-04-23 14:30:00,144,2.9652,5bde8591f7fd2143867ede2fe98be5b97325b6a079c8989e030b673ed693aedd
pleia,0,inner0_selection,9d58db7401a7834e80a9,None,None:segment:0,109,6,36,6,2cde267c4b42b49ac651a15b6dcf3423c03b04beb5ab9284624afe7246365580,6d87e2abb9fb05ad32ca01e88580ac962c298cc0a507f936a7e32b40308b83b1,ca903dd04125f81de9876ea54417b43ce2b72d1fc1ad44efbf60a64b1a049cb9,2021-04-24 22:50:00,144,2.9652,18a6a5e8c4bb811b43fa9984c531962576817040004a391314ec671d2e33fdf9
pleia,0,inner0_selection,d11a864bd0bc5102ded6,None,None:segment:0,98,6,36,6,5024437397494f0920a91f623ff97210af24f6f5b0694d7141296592307f7ec0,e41f09dbfa5278a66ee2f77d814588c3ec0cdd469a7c7ee3b4e74e1a7043fba6,77bae6ae266e117a2598dd16c611b520db89238b1ef4257a43b5addedcb8a784,2021-04-25 21:00:00,144,2.9652,0c964fb61651b47cfa78b246d82ec057603b411531ce35424e4d6725a93497ad
pleia,0,inner0_selection,37d208f3b082de018723,None,None:segment:0,94,6,36,6,5e2661299e804c93dcc245d6882df1f0cc2df0e4b2005c5810b25e912ac12362,6954054208f1ae0c1d3069bb023d83bd2e9143eec351bdc6507bcc4709f4b62b,680a61246dfa6623c5e955b839778136d52f19cca639dd31390b75e7b09764c0,2021-04-26 20:20:00,144,2.9652,469237460f3ad2d055512b3abd47d9de4b0b0c17afcdb13a891e15b61f9d5d2b
pleia,0,inner0_selection,d0104064bd20e563047c,None,None:segment:0,56,6,36,6,9ffd0771b749d1bc7198a425750e88f74b6b4ccb22c1b1c72f7062626e487386,3263634a28134d079a1b6c249d50784710171a34d06f0909fd7785dc94c57cbc,57d2c49c9f18fa22aa50c9795d0a12a9718121ee65674ef46cf3bb1a0818ada9,2021-04-27 14:00:00,144,2.9652,3b96eb8be1a313af49431a4b3e260ecb81ee01a27f7483182d601fff674a0dac
pleia,0,inner0_selection,2a76de7de7569434c69f,None,None:segment:0,116,6,36,6,ac35940d49be562a3663ccb4e4ea55f32816a41a3d8bde645f1840965ee38a5f,74ed55e9945e0fcf19743e435b98183c58b369ea688a97c96c0da10e117d7b9e,264f6c24c92342039ac9df64cbdb2ade5ce92f16279fd44786340423cef4f7b4,2021-04-29 00:00:00,144,2.9652,a1cd08beca3e8c2040c9e29e4459e95400a088e80b7cdc299d13cb2c46a77262
pleia,0,inner0_selection,2ffbbc50251fb3d6c71c,None,None:segment:0,82,6,36,6,2ce2f770ac9de1f73e45076bb54b3e7e103449e90eceedcbdd41894ec0af2ff9,1cdc78a7f85bbfa2578dab5d14c5d6b2cbc961f171202c1e12cc203b7fbab69a,dc6e2bd2533a95c645749be73eee896295add56e669945fbdc7166c2cdca3c4a,2021-04-29 18:20:00,144,2.9652,0ef12b9245d87cbb32fc140d2838c59b6427b56022e55cb143f1cba58cf75065
pleia,0,inner0_selection,9f9635677f0aff2f90aa,None,None:segment:0,92,6,36,6,c3710a3dea2e441d68673a0c42eb166c6a51bbec65810ad6b875b7d491755e7e,d57cf105055a81d92fdb175ba1e70a8082e22416ddc6a5ad4caf824e91b3f1ad,0a3b9375255269906bace1c062ecb82040a00fc4f25decac5b26b67b9827044f,2021-04-30 20:00:00,144,2.9652,d3adbb84eb3abe45a4a21c1237880a6c1c1e6f168efff3f886bb743beb1bbfe3
pleia,0,inner0_selection,a71672c291754971d1c9,None,None:segment:0,121,6,36,6,a5cd120a7cab0f600e49d0a3c21485362bf636a9f05121afbd13cc500a517b6b,63305b087ebab86ed356113ab9a97a14ecddacb8a71ff67c5a4ad539df71a7b9,bbc2e1dd6d87feaf52d8638f4098068f9e0e95b10a22e1d1ceb230c1f7b40334,2021-05-02 00:50:00,144,2.9652,ed4fd66e7e1aa571f521f38c65405ca762f266d248a56e84124bc8c0ec1a9390
pleia,0,inner0_selection,1dfd54815940b3af3d26,None,None:segment:0,109,6,36,6,ac80092d26dc4c6c66b7a6e310b00d7c5942ca4c0197c5449290d364d4b7d859,9c6cefae9fb55e0e9b82f4dab1df567ded01ea68ee3d39b12eb1913bcfad391e,db3ecc682374f8a7e0916d849ba35a42b152414b5c42b8293605e55fdb5c2033,2021-05-02 22:50:00,144,2.9652,1973858f975454b519ba6034dd36d6389650f30fd96cc589c8596d4ec9906701
pleia,0,inner0_selection,138a428e6826f724ba55,None,None:segment:0,129,6,36,6,7d1f6a981c047abe9d91f821d58fef2f6efb7cf15c586da455892fe0989898ad,8fad43f26fb746668baafa4763e39bba8e7b9df938f9bc2afcf7c98a626d547c,15641efc2fe08b318ca2cfd7bd49f5ed50620ee522794e91a26ad94eb336e090,2021-05-04 02:10:00,144,2.9652,0dd4ccc1365b476c0b503311f03652e0db2388c8a8b5ab5219d77d889ac1d075
pleia,0,inner0_selection,504d106cc30bcdd65687,None,None:segment:0,63,6,36,6,f99c7fec5774f138537a7ed7ac270522cce7b59cbeb227c848d08ff159458774,c6ae302cbad60c53964641ec2c990378c3fa3c2cd1b943c1269162f65bbebd35,c1def39141046fc574a5c48e4d846f00f0f007f069263989fb23c808b2dc5b43,2021-05-04 15:10:00,144,2.9652,4d6871217c126e4ba8e789cab57d4c4174e6b774c77dfefaa83e3e2c89784533
pleia,0,inner0_selection,2b9d69bda8271ec84d74,None,None:segment:0,55,6,36,6,2571a51fd8678ed3f72652d241eeffc611b6b6f5b6c48f29f6a2b3494a816551,a67b8a66a676c89aa8333fa7e7ef37b932340ce7df401ad2a65531a2ca1536a9,b5dc4cce49b536e5458905b923377ff79402a9b7383fa1b077476bed185be978,2021-05-05 13:50:00,144,2.9652,2d6c0b7bb5403a4bd8b7996addb19fe28ba0967a1780ec01a372b9980bcfe599
pleia,0,inner0_selection,bd475027ae69169ad6b9,None,None:segment:0,106,6,36,6,d5b9a3217e0c4d95f3550d9085207c5fd4d86a37b214c62a6d211120d9f6b0f2,2049932d44c008b4a5b2cf0fdcf27330a84e747b1033039cb64f983fdc5c361d,fcbb7bd791cfde4e4dac7e17a5ca33ede5a04346a790d9fbfe35a41be9bb6669,2021-05-06 22:20:00,144,2.9652,864569ae388532abae575117b65f55648d012f00762b177e48c3a31a29356c36
pleia,0,inner0_selection,906180fd539acfde8f9c,None,None:segment:0,124,6,36,6,1381e5a923826c0c6aec09a70b45c9926072249871a00b63386ea96d36fde841,2606f93433caa165bc1dae98d9e39ded76ccf4f4b7fac3f2d366d221e2243cb3,942bc3c8f346a2f8480d8e1e8715bf4381ea7ca254c331ffcdce0c62fc692676,2021-05-08 01:20:00,144,2.9652,d2fdc515c9a4c201e04c085c3dfc50a4fe6db6dae9e2f7c7e8f401ad7d6b8e7d
pleia,0,inner0_selection,fbc0beca2e263fb83673,None,None:segment:0,95,6,36,6,729e2d541e72d0291b03951b73e76e7f7ba12ea96c6da001a96da33bf97de429,40c84780804a331278b54b5ada847df4b42218b6296d1600c5aa7b90292486f1,282a9815603e32a3d754b00e4d65ee7e189fbed6b122bdce7743532c1f908c62,2021-05-08 20:30:00,144,2.9652,428b16ce897c6a81b413fbeaff6831b9b2ea3a21e71b567a2af14af91dcf06be
pleia,0,inner0_selection,690a77084eb773510dfb,None,None:segment:0,117,6,36,6,00389de579390f5d31a1217a5211b2cb20b7207cbf3779a16b1e1ba97c05f55e,71506175d3c3d532842f5ac198166e352245242776a2298ac2360013ef7ace81,1fa9f83ded68ddcb7e77219aebcc452fcfbc600c20de7e09a8c4265343fd7ec7,2021-05-10 00:10:00,144,2.9652,57093fb7e2f6723d05f34564367f7dd77be44030fd8c1e16623f9a79153040e0
pleia,0,inner0_selection,51dab6420c54b53bd616,None,None:segment:0,89,6,36,6,e1d83336742e8e7f41ea3f5d291769415660f9c2935d3eaf9b776557bd769772,f6e0101c2caf5b64c7124d73d6a6c7a3d412a865c61af00d8e1b48f5c1b408a8,52e89256e32bfc3613db0d1bd37d74874c4e96d27fe89ac8062777f9d7f1b3a5,2021-05-10 19:30:00,144,2.9652,d9d2b6764416cdb6d2f87fd0dc212e1e39520f5d7fa37d6846dc5bc94c629d06
pleia,0,inner0_selection,c08ed88842e24e8e3be7,None,None:segment:0,86,6,36,6,6b26be17c2aa7895464fb6cdca2665d0dbf1e222aef9df882d9070353c2aa38e,23f173af5bee26d37f5fdbf4ed8169aac996a6f60159ad7e7209d99fda9d025d,982c6ce3509106cad7eaa974392748cf3d3101fae8ab3250bcf86e88a3582274,2021-05-11 19:00:00,144,2.9652,a704dd14dc8238b22a3f9fe27f7f9830ddc8726f6a22b2fe068fe3978332e188
pleia,0,inner0_selection,cb29a9dfd98580f7581c,None,None:segment:0,98,6,36,6,c4b3cac38222c614da1281025646ab67fe2dce50a8c907d4913dd8a8927d805c,4a1db154e8c19ff9f26a00aedc89fd3b9de30903e9c964764197fd599881c721,26ea9756bf5f7dfe76ac704017d31a87293f83dd249c99c5bb420e85dbfe4f98,2021-05-12 21:00:00,144,2.9652,a86b5d21c69e2617b7352ed67321617ef35909442a22910c2ea4312ed23a0bf5
pleia,0,inner0_selection,1d3cb0a9c0dd9fd11a5d,None,None:segment:0,89,6,36,6,bb7ba5cdecf3c9de13aaceaf95d1cffc1808dfa881bd0127d0d315ff540bb185,18ff6a04b57627c131299e0779fd923a21eae1d67d7dab98ecf51606330388ea,98b1fa524c77377afc8496713a84b492947f3e317e3fa06a166d748a4225e54d,2021-05-13 19:30:00,144,2.9652,2551d8d9ee15e1685fc725d7d2e2d9e1bfc67665aa02ab95311cb6ac9b9aed41
pleia,0,inner0_selection,798a9242e039b62cf77a,None,None:segment:0,64,6,36,6,6df8dcbe3658d871606a4e5d601f81f829301fbaa5f5ba30606758592a6188c3,65e5529b01f02c0a770df4a0c91c40e438228adb56bf898aa4b35e938db49334,9a359084c4ef2cb68b882c66f396e38a5c455c8ec8f72ecc79d1017850ced62e,2021-05-14 15:20:00,144,2.9652,e0b0a6baaa2204917eb793b9d12af99e4aeba3f35edd42333d578cc299d83842
pleia,0,inner0_selection,85bdb210f8ce6406261e,None,None:segment:0,76,6,36,6,0ddf9f98680c296c5311f03438cad03631912c341e843bed12d39bb9046c4968,3953c11a40e6458f7b9c91ffb2a8812218d190eb930932e3ae20ef2a1a5adf1f,74fba96912068d06ec9d2125abfa4d9ed62d11f0a8b202ee43413338ac3ef5d9,2021-05-15 17:20:00,144,2.9652,21a7835ccdff902217b711542b0696b221b8fe5a43fff0a97642359eb3a42115
pleia,0,inner0_selection,d840307063d9e7320168,None,None:segment:0,49,6,36,6,f47c552e76eb4bc5081833efed567d7bd03804462c9a7d0bcef1dcc6081e97eb,5365dd5bcffdd0c4afc8244ff5bc23c6b564c68ecc786ac420cb7146bcc8cdf0,6272339b68c33691283ec8c65e3c965b58b9b67b43445446d8b322f245fb47ab,2021-05-16 12:50:00,144,2.9652,20d4cb8550924c4a8952b728daa690871ff91aba16cf8e67ff153be69651fddd
pleia,0,inner0_selection,d96ed3b6d3a2c1f47ce9,None,None:segment:0,119,6,36,6,e585a2660c1125488ecc7021edb2d08ce6b93c9159e0f1d587489a3db82f2fe8,2d002154e43bf3d5705ccdfeec456a1424b347f9502f73ee852f90f278957097,8b9829002834ff152fb9e4b63c17b9daa80fd5f045b5cf3738c2118d67b974d7,2021-05-18 00:30:00,144,2.9652,f05a698b8db3daa827b73abbdcf4cc51a4d2f3cd960a8e193919d1c031545963
pleia,0,inner0_selection,b7ecbb58a4057b454c0a,None,None:segment:0,86,6,36,6,fc2b4db14842193f5bded705e44fd5e337d5f5f891b07e6af27949d2bd42b3f3,7a9945937b485bbb9941f9ac83695fcde8ecb4cb576c9759d0b50cf63dc50600,3c20630704696b7453b4b889e0112d03d3d93ecbb26999c334e1779357c65a66,2021-05-18 19:00:00,144,2.9652,27d76d93fc6a2fb73e44da126d7b1dae51f9f31a0b8ee95e06a344f9786863af
pleia,0,inner0_selection,e2f33f87e0e79704e72e,None,None:segment:0,104,6,36,6,1572476ba33c574165192f7a9eb944b2058d6b471b7fd97205bc8d8e4c833595,1f502752fdb86a8283124c2f12a9960049c723dc89a0c7f0980cb51a940426a1,46024de4fdde62d88ba366d97cd8520e2f5784975a5080a87e64a2649eae9235,2021-05-19 22:00:00,144,2.9652,bc3a7a64b4b8856d8d44f8e211854538e15c7b3da50b110dfc822b7d594ad5cc
pleia,0,inner0_selection,949d4836f255e26a55d4,None,None:segment:0,40,6,36,6,78e6efa977ec113bf822a90915aeaa132091fc79a970b690ace8079467dfe8a6,b2bfc7a9f51cc32739c085adba3b54cd10c7082388e1e209f1b489153e59292a,eebe9eee21249bccbbc9275e61376387af92528e0dcb0cf2a27f93c0075d9abf,2021-05-20 11:20:00,144,2.9652,3fc800c0ffe179e974da2ed669c5b841942b7b48ef6854c1ee4d125b60491308
pleia,0,inner0_selection,8ab6292344f450de8d0a,None,None:segment:0,46,6,36,6,80c8e54595e3b4fcb6944dce825ae94a01f4640ff7d54f95f13316a22adb5567,d0f8a88f2122a71e01c09170dfb809671200e6c277bcc2c545d5b430a4149352,65ed76752573d47c590236644521edd574a6b8f844ff373ee172b7ffb4f2825b,2021-05-21 12:20:00,144,2.9652,27481532baf239c885ab5345579c8f033008c3d8018bb19f5d48198bab296205
pleia,0,inner0_selection,2f7ce68489eccf4affa8,None,None:segment:0,131,6,36,6,92938ce1a8201a73fe47eff3d26ea16e7cac23a8e383dcf78978b056cc727a8e,495bbd34278008b3fc2e2636e2a9a63ecad29fe05cc5131d8065727a3a6c0993,dbde117010562aab8b855d7e6d940a41c0264c45f38e830a53a1250ecf170829,2021-05-23 02:30:00,144,2.9652,9310e976839686c6d3d6f18d33de654dacd791d0c6c295071e724553addb8e04
pleia,0,inner0_selection,b2715dfdc256a176ecf2,None,None:segment:0,43,6,36,6,0de7629b38a9e59dc6d4cbf6cd7778e4086f87c0efd69b51142c7f2449488d4d,8e0364e5918e1ec0a7684bc7c4d3d5e82ad427522a07037e6921ab4da08902c4,55975372fc199e6b2d98c6af84da6a9fca9329ce89fdff8fc66ef3ad73c3d2ae,2021-05-23 11:50:00,144,2.9652,c41bbb4814f5267b72bf30f29c2b26472d611818d015dd966946e4f8f7095240
pleia,0,inner0_selection,eca1b3b78ef026eb4635,None,None:segment:0,124,6,36,6,4bd00dba5d9af2f430d5e44f93be8d8fef5fca3914eb68700504609089005bee,dcee53e565a3bd10e3a36d66e63e492b1900d06a8cfe857263903dbf88157a25,ce2860abba9aad97de7f3032d60d24cc8901f63d5c1cfb549d8fcaf24bade48f,2021-05-25 01:20:00,144,2.9652,e333d0a4044fee4f98aba540a3c4151d8568921648c05b0276cc92a2a2466f1f
pleia,0,inner0_selection,6f43d0b0b2f81c9c64ad,None,None:segment:0,64,6,36,6,c25cccb32a88bf498b5fa640267d03e9dfeb9939b724ae3ff0d1115cedf18bb9,6e5329717fcb5a20151baa1bdb377802b41c8f27d17dbd2f7267705221721f4c,cb8e11b1a95593440e57ccc81779878445928c774659ba153dec773561c5ac7f,2021-05-25 15:20:00,144,2.9652,e2dc993c84f8cde2b92f4afab7d8e0e68624bd608ef3cec6ddbb1d0b636141bb
pleia,0,inner0_selection,db60bd0f6fb70358b1ef,None,None:segment:0,130,6,36,6,db6e0ee7739b1ea7103090ee6478051025de6c3871e125b2fa45b8d8f3e6b7f2,f89dbfacbff99b5202de0197062c37b8ae1a12f72577aa228c9eeb6b2ce66728,524a23dba91bd6f0f6d70daf2a8b5ae247bafe3352037c4f644ba36f52a0506b,2021-05-27 02:20:00,144,2.9652,56968a9dc5203024028efec46b7bfae76e3967060e9d3acec0ba6cd470dece03
pleia,0,inner0_selection,3f8486a26344b62e0af8,None,None:segment:0,39,6,36,6,6bae189a0df48e5873042425037060e03b0500c328893e97350ef67b0ff39498,be3bb2e0a64171fe975ffd4214428bec2bf99637da5912ded5486823841089c0,04aaf8a82780f755a38acf5b1d72f7eb8f2599a78ee7cf90c41c824578982504,2021-05-27 11:10:00,144,2.9652,ae78ec29e7fd2c31ff44629a1286a852422b19f0b383f4dd4f1bb02ebe059137
pleia,0,inner0_selection,5beaab2f25bd7a19de63,None,None:segment:0,119,6,36,6,9e27e7cae81156aaab3ea4c63e604bbe648396c8caaa1b09f51eb90514989176,7fb283ae90b2966bf28de716a3f826532da14123fa2379302edb916f969ec558,136dc33d80ead431ecbecc51fdb609e7abb24ebafa5c83cc074640f7b6654f71,2021-05-29 00:30:00,144,2.9652,7077d34617f6e0dd180d456c5d8ca717401d87f65763abf9aae525ab2f215dcb
pleia,0,inner0_selection,1e02e5f8d3522a8dd0b9,None,None:segment:0,118,6,36,6,1cf94930f41706b08cfd2d53e93a775e5406170270a3884cf417b304bf6b9a00,f62baa7b0d0199ed96d33e7b12957a15357c3abc73336a785fbc4f3d388b6aa4,aed41ce6983f02fdd56b81fe6de942ea3e00351b8ce6636363e99f28055e2454,2021-05-30 00:20:00,144,2.9652,42f8c510a63107e7da560af23e1042d95fd876f5b095ec623acc394f13d87c3b
pleia,0,inner0_selection,22cd4633779731a41aa6,None,None:segment:0,126,6,36,6,3c68ac829239fd81a39f23f9083c0f3f639d08e9ce5fce76283807a155a18e20,0ba90e8e42b2e822f48fb0c32ee606ec98a64aad2db3b5de498f10b873341c81,be540ba45bb1b5125d6075f775ff348ec6d7ce0c62595a603a7325f2602d6919,2021-05-31 01:40:00,144,2.9652,4dd29e5b096ddf261e4d1fb06e52034781a13abe6dab9530c8faa8902e691451
pleia,0,inner0_selection,da38547b45157f074aeb,None,None:segment:0,85,6,36,6,e3ae9e1756c015da37cee10547531d5134d4356c0d367d797d106591390e9f59,e271544ec0412d44ff0f60925a2fcb83beb5d0fddf657a3e7cc9c8d3e69604ad,385b3664ebf674cc8da202c9f8370c8fad780d970a161d05cfcb1abd1df11bfc,2021-05-31 18:50:00,144,2.9652,2c340661d18318aa53b3b53e4543ff93f1a04c39a6ba5cba58e6249940b67947
pleia,0,inner0_selection,149cbdba4d390bf02db0,None,None:segment:0,42,6,36,6,dced3bc4de56923825677f2e833bfc3861dcfcf83a7b38203558314429e9444c,dd14041c0e1cfd25594484a9315881c2e8416093b66d462a8d5a791e4a78e9a9,e99a965cd0da8e6d1adb37ddad178d9cd1b27aa1f03bf1dc5cfe9f14486fa3ae,2021-06-01 11:40:00,144,2.9652,4655a79e168e857a3d487da88202f7891164d2a2681335a7b6ebdba78b99bf8e
pleia,0,inner0_selection,680cbb1b3c48f96d62c3,None,None:segment:0,65,6,36,6,71f2360e39c6c2743a2b70648cfff322ffe2d8d0ba6819b518f4eabdb3b271a0,f845629441970d7cf11eeb24ecf3c5723ae57c783aa2fcee845eb6ef14b8e2e0,41b0305dd7ab7908c6e965e81051b2610de7236d55745a66efc686dea81be3d9,2021-06-02 15:30:00,144,2.9652,3078fea95fbb386445f5e3efbb203e2d2475d582d778d5ca9f62270270d15ed8
pleia,0,inner0_selection,0556c8e2a262a9dd1c75,None,None:segment:0,98,6,36,6,03a035bc71158c9a0527ffdd76d477098f57f3605a72e8dbac9a1ebcb7b1fae3,eef9be82df29eb287bd2ba0041036ac92bd6ba115439358d53e48e9772ade8dd,e5e8cec836716bbad48d2360b6e03538c53177b705ad123379fc9291c079dcbe,2021-06-03 21:00:00,144,2.9652,7a9417a8ce4cff0b9c942a9db649699fc42b90ee715b084e9ed324fb14e6cc2f
pleia,0,inner0_selection,4bbe871d6e1272ceb007,None,None:segment:0,59,6,36,6,091462197b8c4170d2d9507ab8f52a3fb3610422e3bb43aaa0c23de2d84c02ed,35682f51613834d8bf0e0ad56301d8294afcb297a59c8525a7fcd198b713da87,325703444b14698f8daaea66d35a49baef19e9da664db6d206b241bd1b5c9cb2,2021-06-04 14:30:00,144,2.9652,c899e8def3124d8b7482af2caf51d2bdca5b3bc2b0e0f11a678cf8912a2e5c61
pleia,0,inner0_selection,0bf785ecbd988679d34e,None,None:segment:0,132,6,36,6,09620b0c26b336d4e76198ef0bda9e846a006ba0940d9a9afb99509c74ddad75,39b5f38382581c625715fc96b5056bf81d46a26df849c145bcf38ddf30bf7a4c,2e8b0cdf96999c72b104e8a1d158b50918e73358c5d1eb27863182a83b5f371c,2021-06-06 02:40:00,144,2.9652,0e1f41fb5cf79d0a11640980b5a168318ccd28c2844817efe794ed01011ad21e
pleia,0,inner0_selection,8f5a6c906d37e42efba0,None,None:segment:0,50,6,36,6,d7f1477deb2c78657b3d7561d568596ae02fc2b63e86ac5f1082560ad4490ed5,8baaa5c6e6d83a095dad87c9a69ff06cd0806c5b1580060020b4d1d34e5716fb,b2349c97538d9400c44c7ca74c092f921f1ae42d38d4ff495e9744b24253c5d8,2021-06-06 13:00:00,144,2.9652,b7dad3f46eea6dac45f27308258978d3e2715e8d956af9ccf9c80eed46222bfc
pleia,0,inner0_selection,3be2f3986ff73094c14f,None,None:segment:0,68,6,36,6,f677c1beecbb21464e3ead9bbb8429b68e9615de58e075a96ccb73db67bb49fc,a45cb9523757b556e8781273b77313e42acdee81a177c7c5442a20f43c781fee,5f5ec618fee201a6a72deecee2e40db85ec23facea0e153dbd0cd8b01cb35dbd,2021-06-07 16:00:00,144,2.9652,1af721b68e3f16a177902b85e20d5df26fdb3a84bdbf849ccd8098caf4d5e9f1
pleia,0,inner0_selection,2208de2b59ebd4489b16,None,None:segment:0,49,6,36,6,46193e80e30a818b8cd3586ba1c94c1163f1f76d88dd30705917f0fa7f6f7e7d,f6cf5e79bf2a4a04662d3c24c0dee1ff02548c10b76c9ea09e45dd2e49852234,fd41533ebcad546f8ed7a0575edc7ff7fbbe4971be57218a605e6d1955abc8aa,2021-06-08 12:50:00,144,2.9652,81af64c59175e4a4a2562e488ae8bbbeeae3fa62b34137eecccec70a6565feb6
pleia,0,inner0_selection,817b3ef5a63f0bc4fe86,None,None:segment:0,129,6,36,6,f89bfdfe98175787a3d3e17247fd7a33b16fdaf37bc595b2c94b3bcb4a0f5aa9,c348d8edd33d2d9d8f28292d43554e00c6b4063b3493cf0ed8b8f232ca546d78,e0aa00350b130b3253d00299eedcea68e002e11b920aafd63a6e8c01cdf43d5c,2021-06-10 02:10:00,144,2.9652,73ee4b5377f33f9d7f257c995fa8215e51d528bfb2d166143384580886cde8b6
pleia,0,inner0_selection,3556116d0ff08b80d161,None,None:segment:0,95,6,36,6,76b2535b23801d52b468d7ff6c5b1fc69a51b2bc9329e95e4d212a1eeb6b3d3a,4b576a1596f25cb12c8419c6bf33bd4f150eda1946bbeba1d22da04a9baf9d96,d37e2324ffc280853d008c34a6e8716dab8bb3fbe406d045e95dd18081405618,2021-06-10 20:30:00,144,2.9652,f1668c970516b1a7452ea55c068a9a151749ff3993a52e5765799ea15e877c89
pleia,0,inner1_selection,d23a85cc6b2cec3eaf0e,None,None:segment:0,54,6,36,6,2e9410192c515ec35818daa3896cedd0750213560d3d7cc233d57a4e40ea427d,db45e4058e6a71b8f10e783adb82f4193344dffec10b614c3236fae7d11cf9a4,8e15be4760eb146c5073ee4246b5a6fb68da54d5997160344a71ef6b46f7f1de,2021-06-12 04:00:00,144,2.8169399999999976,057ad524f26978cfa1a998f31a03e2eede58483d35b52403556a1bd7d1b5d59a
pleia,0,inner1_selection,62cea58d015e9a91b228,None,None:segment:0,49,6,36,6,57dafa3cd1a9082c06fcfc8f4a3291e9cb6487c528bfa8c2f4728ada9fadcc97,004197cf13e6ef279c7b176eecfdc96e709903153ab1d73ba60ecb554c7e0173,8769313717090180f147a1dfbde8a47b4c4ddf7072b95b044d52f92c47ec56d6,2021-06-13 03:10:00,144,2.8169399999999976,e89491cd288420e8be6d9b1069803832da233a552726da31d6e924412c7e4a7f
pleia,0,inner1_selection,84070a30cf5117417915,None,None:segment:0,54,6,36,6,a320e74b784bb0b4562d95575db7f3516f1359bf4f0acfa3f2046c83ad8c4e3e,3129b79168093d0bc2d352169f833be961a55bba4f9941c50b605136a0121429,5f1a19e4e97e44ca7e001921eb31f9fa33d1d773698d5211bbd4d7e7a52c7f99,2021-06-14 04:00:00,144,2.8169399999999976,dcd3771440af31337bd10e0a2eb9d9699acd903d24c733793bbeae5dacf6c69e
pleia,0,inner1_selection,5b092c31f639149b85ee,None,None:segment:0,132,6,36,6,780356c6522dfc660322f73f922fa85422ffe341e2f3fd0c96b7967bfbf86132,82e0e87f870b7841f2b677724c65674cd4168301a3e489bdbb231b9f71c2eea3,0cedde7f08d8a076858264b735ef0e4da08cf6d0ed49f8fce291ece60b652721,2021-06-15 17:00:00,144,2.8169399999999976,e495fd31566a39deea024972a0cea788cb53053d57bfbe4a1a10f288ec4f90aa
pleia,0,inner1_selection,37d6e7dc2a076fde8709,None,None:segment:0,116,6,36,6,91bab87eaf76241a663714dfc904370a0d87779f7c88871734dcbfa2288fa937,5152a5d8d1aa4df44ad9e5032bf9ff7be22f57c4211ee3e973211bd0c050ea0d,93ede0162115cb3a19a8d4d01f39afc8c8c8af778fddb435938202be4293e7a0,2021-06-16 14:20:00,144,2.8169399999999976,aa3675a41a0c347027c8964e166ae9148a016e5f3ef2eb51c7378d7a5ceda377
pleia,0,inner1_selection,b7e1308ac2e702141e95,None,None:segment:0,76,6,36,6,2175eff471ad9420776e68519ca0ad393910afc5b0599e828fd4d672ff3c154f,907daf0252d2100a0c2880c12e7f2e009a67d7202f7a96826371a39ef818640f,1ffc3e81b7394f40cd4baeea3cd4e3b3793c68f9077ea3f7158a8f7d56561c48,2021-06-17 07:40:00,144,2.8169399999999976,115dcf149f1ea298db372617e762adbe6b9c9f5e9d9067f87ccbebbc9f091b61
pleia,0,inner1_selection,44f07e6f746c7f331d8e,None,None:segment:0,46,6,36,6,beba8ecec957c1f5aaa7f980c91aa6723125355b8c777dea7dcf86fad9dfb471,6fbc52823b58ca5c4986a2d02a38348e51cf676070784fa185dba2b21be49097,f855b31c9f71c0d5450e444c5afa1708a4a401b47f7d011e5e1c56aeb677c537,2021-06-18 02:40:00,144,2.8169399999999976,8fa5852a45f178f46786398f476f68b9e0657fae29f50fcd52183cdf6fb51ccc
pleia,0,inner1_selection,e63fdd53027154d3b9a3,None,None:segment:0,120,6,36,6,4107e67f1d6ac516afab018683b68df9d852e54fb66529fb7374c33b334f2357,5c2c6d4bb227e2f3229e87d03104ad3588ba0a9a2e21d2dfb71671bee6200325,541514e6d78ca965f44191676458ed34fc408207a8a61f5f4bf03eef2a0ddaed,2021-06-19 15:00:00,144,2.8169399999999976,6ed34a2ae3e39c0f95e2ea9f0eb9b9d34f9d3a26bf76ed83ebd9bf3cb36fd573
pleia,0,inner1_selection,c78565c57a5b4a534fbb,None,None:segment:0,107,6,36,6,dd8fab1431465c17ca8d32af16b74dd30a014a6efdd07df5e82e8fe6a435a5fc,d3ac2f95e189ead52bc80bc195f23485325b1a0dc87ef0735941a88b38e14f66,42317310c93a42cff9efa6797de382bd550d45d9fce9cd1cfe88ee147cfe74b5,2021-06-20 12:50:00,144,2.8169399999999976,b0dc51ede4a082443b1ee0e11d6f074f56192547ea0ee5fd1c51798d7e524310
pleia,0,inner1_selection,f10f6e6477ed7289270c,None,None:segment:0,108,6,36,6,098f5c1f4c51d009400107d415a574b6dcd072851307d02b765e339758e9476c,3aaf07f3a8ae8699f89f19dc6c2d9722c666f3ebf923c80ed7fe3e92f06f9bb8,d7d6533b3d1ff746e2a8a6418993bef3db85ac77db0c3871d70e28535f9bc26d,2021-06-21 13:00:00,144,2.8169399999999976,11740038a79d84f8876e10d138655366cd5cf0ff28c7db7dcc91c0616377a448
pleia,0,inner1_selection,1292d816daab29f8c7cc,None,None:segment:0,83,6,36,6,7cc5d43e40ba168aa64dcb11bb4eb889059f2a4d3b8b3e887b99169004d97358,d12c2e29e10f94589ef4a5fd1769278e1205f6799232adf8eedcc59430f03629,0c28f1f62761b5ec67b445ea68f10b1ebc34f347ee6dbafc761f9cfbd2167b5d,2021-06-22 08:50:00,144,2.8169399999999976,ea5d553f0e154a64773f2c620fa680a5f8a0f15c59f7509879690d1fd59b7cb5
pleia,0,inner1_selection,ea027f8e8aabcb71caba,None,None:segment:0,64,6,36,6,ed578a0aaf85e890b70c6a05ebbaca2e6ebc2979a163f5e84ea5e787e242959e,97b39037e2e1b9be0657d6f5ef63a7b304b75f807aa7f1478531de58466d243a,f73d6736281c99621f1fe716a8b776cd4c1c8d74e65e4df7c5b7555773aa05e3,2021-06-23 05:40:00,144,2.8169399999999976,11cadd29b9fd13d63a54e5aa2d50ff1b26a0f97ae7e3afcc1e8a12af3234b2b4
pleia,0,inner1_selection,9e34ebd27a7519266775,None,None:segment:0,117,6,36,6,b7504a4d814704813e8fa7c67900a3c37251fae3da2c02efc1f565c18ec2f762,1884110f9ab83b04417468de19261fbac1cbb4d05b9b7c2749e30313b47ed370,ccfbaf23230407717336c58968984a0591e8e31de42bc2d17fb9f1173d3a083c,2021-06-24 14:30:00,144,2.8169399999999976,91ff559b3ce2b680ee3ef9dad886830f7c9d453d0e023509b60eae28fffdc43f
pleia,0,inner1_selection,a7996d80ff0a9be1cd09,None,None:segment:0,56,6,36,6,79349cecb59a315f421c9642ef3ca03a2a0b0ab5b31ec67df969265e00183f06,0ef82ad6ff357294065a006c71d35c24c15b8bb2f7eac7c7bc8d7caf53fe4914,bd71131b02802a167cc29923da7529ca6821769bda341294b3962ce6dff973c3,2021-06-25 04:20:00,144,2.8169399999999976,c2c7f457f6a25cb0170af267ac6896a7ba89fa3ee28bfe829f6f14c751c20e26
pleia,0,inner1_selection,6155dda727bb61f7e7e6,None,None:segment:0,114,6,36,6,669631e54a45816d0345aa6518a9560ec759c1ea995dfd53bbe073fd21bbc47f,1b5e5ce1fb0c10f71d2a59bd5369c3ead624ce66682ada4a69db2a71ecd4d51f,98aebe7cb3f76e23f723bd2a5e06cd138af8e36e9d706ac50816ff6924382898,2021-06-26 14:00:00,144,2.8169399999999976,140ae36f76baee4ca1d483dd5369158fe0226c308c344fbb7fd0038f69e4cd08
pleia,0,inner1_selection,8f89f7dceecf4fb7c8d6,None,None:segment:0,107,6,36,6,a41fb14bb1f88f83207e94f88003ef14a01e39edc0030092e6d14ea9d2ad4455,54f46d9995032c2bb082330597151599c7b2211e05c62a9f6d01c91752ed0124,14fadc57c4ac3cb33a31c9f0503bec561665744cc931c08fc2a2b4c528e6773f,2021-06-27 12:50:00,144,2.8169399999999976,61bbd8235fdf6cdddad6458a60d6226b3730871ce1c3df1bdc646998a6e7b2fa
pleia,0,inner1_selection,e43f40cf053359c03e16,None,None:segment:0,110,6,36,6,dd1937c63be2f51b5f610a57e0b8032a3b8b1989dc88d930cff702a6e8c24bfa,191d58aea1eaad5245d0ffde856b5afc4036e760bcc03e550e5bba325b72e655,cb2a3684c4b84648314fcf130da0a9cccada97a1a3822573a9563819441a1e6e,2021-06-28 13:20:00,144,2.8169399999999976,babb9a85b20cf08ec16a5ef212ac20de784eb659cd368306869df808717c3424
pleia,0,inner1_selection,d2de62de283c61777633,None,None:segment:0,108,6,36,6,62979e8103830b749661218849d8b07be9a5333a0c5846b28419f4a28a0a5906,4de583f0e32c11447951694435c2bcaa6d06fda3c48a6c813bc9bc297459cfe5,cd0ae97fb1cc26b1b718130bbe66e020e0904744a4be719207be26d9b0c40999,2021-06-29 13:00:00,144,2.8169399999999976,bc74864cad0c2f2cd62ecaf14d39726b63472ebeb3f225ee11e81fff865723ec
pleia,0,inner1_selection,fe88401067887e8540f1,None,None:segment:0,130,6,36,6,db776079401eb8daec4e56407ebe4e51cf04e99fe526a010d984ca2705c2b2f2,2734ebf56a7714aebf703ed0ffb4854c3e429fe7af44ccd039051686fc7ba930,51d27765ff616a70bce5f399ca4159c45422d344b6838225fc3ae9274ee16e85,2021-06-30 16:40:00,144,2.8169399999999976,788cbb23c83a504512f51521325661c3a1b76785d376bcabcca223919034d447
pleia,0,inner1_selection,9dd15a52b28520cd541f,None,None:segment:0,103,6,36,6,12038e7913f736f706d01f30d052e3d1d447477c42d6918c2390999711bffb71,fdc49970a745d4737bf6fa7a42ee4869559091a61841d69f1d3e5df61a919a8c,3a2be4f37fde8e6a5108f93a01099a6c3e90c5752be4c5b58a17f6bd457afabc,2021-07-01 12:10:00,144,2.8169399999999976,3243b8e3ac4205cc2bc36bfe9f9ec7491bf1ed3b48615e291ba774cb765f1962
pleia,0,inner1_selection,aaa7c7f3434348bb5116,None,None:segment:0,58,6,36,6,4e98987dbe3bc28ae24014e0e0f07f1aece6f2af3ef0e6489140b8c5ef91d156,9c266d044c72f8d0ae2e4dbecc5f6d8832db8d4a6eec066574cb36ddee40bbac,9788db3ab1bcb7ed0e36c07e80ec904af680569e6b799ca80a9f30f32b07d352,2021-07-02 04:40:00,144,2.8169399999999976,51842fc3ea6369539ee26a62d13d8c015006b6f6e2d87d03f16a8491d0f7200f
pleia,0,inner1_selection,9b2839a70e637ceb741f,None,None:segment:0,129,6,36,6,156f9f797f0aa4b0f02c5877e0c1f8de92991bffb10b19c51afd2037280c6f5a,88d05bf639f3e89b690972521a5c31feb2d41cfed6fe1892fe588b6675ab3e47,5d8dd3a090c79c75a2f0bb2af8d303f76782c5c2137bb278f26d678a63d83c6f,2021-07-03 16:30:00,144,2.8169399999999976,8958164c74aeeed3d725571e03570e1d4e4088b446b2f0132e941190cc9fbe51
pleia,0,inner1_selection,278c50b8e1047f6c5681,None,None:segment:0,106,6,36,6,785d609257e9a4b1071aa5dcaa2ec9a608f8e2d5c26d9c400b665c3096b8b832,27ff9c132667ff1f3249024b7df74168d1f1d4ff09f557c0f483156cb9046256,f45a6094de9ff0e3cb2ed84164442fe33651f6abc02430df94ef5f44928546c3,2021-07-04 12:40:00,144,2.8169399999999976,69500380c09a0aa3cb6957ea3cc100919328ebc7156bda43feec27296a8baa1b
pleia,0,inner1_selection,df88d7852f8f84c4f3e1,None,None:segment:0,107,6,36,6,271df87f412ff74a4326b4068dd8b6a62af85fa9ff186dd3cdff4b32e8fd8124,4cedd8371e0c827cf9dba54abbc3c59929a1c4828546913791b6999c83504a2d,df3669da8c103c7c9d3ce65d4561278820d0b3464c59d0d707e313f8e7e59398,2021-07-05 12:50:00,144,2.8169399999999976,a4fb80fe4f8dfaad076595879f8c6c5d1ffae8868a5652531b46e64e71acc7c0
pleia,0,inner1_selection,2049e0b3e13e2733d17b,None,None:segment:0,41,6,36,6,d05a6f3e51683fd9117e57a5fa58258e05936d05db9ebc45fb5bbec96c312cec,00cf019a1f5f09758ad79cb3daaa069843abdee4715b4a6ba820196bf655569d,90ec2935d000ab094eac8ba7c568751352e54c40dd361b003a7156ee9ca99514,2021-07-06 01:50:00,144,2.8169399999999976,5fb73af4a8891fbe41c608767d5cfb4f613b45b187268a07376f03584fb4f839
pleia,0,inner1_selection,ba24894b175508467de7,None,None:segment:0,43,6,36,6,12b00ef0962e8b32e524579169f0f6bfb944fb78db4884f3281b3a86cc569075,675cf0a8835321298c0360b9037cde5f4e88a77bc7740ed2657984a4ca4420d3,ab5a0cc29d1213a9a72944327431c6a118c22dbadab07eb052cc4ceef27cddd0,2021-07-07 02:10:00,144,2.8169399999999976,b38838797140d48ea79d245acc2aa7a82510b0e9acb6843486f89b675219c0ed
pleia,0,inner1_selection,1217069bf54658bacd60,None,None:segment:0,92,6,36,6,8f1cf40441d76f513f39b4de9d5daf49ad0ec05b0a8360285baa909a74ef5d3a,9c60d32dd2ea135fa7abdd8207087d39402f70b71b181e764613efe98e84a7db,71b0798ac2774e3357d2a72a5e1cc151cc4ccbefbcd4548e7484ca99d4c34d60,2021-07-08 10:20:00,144,2.8169399999999976,843afd6c54acb65c6ae77a9f06692431fb7af539142dd40b4c932c74af40cfe7
pleia,0,inner1_selection,3a9769a324d53371f048,None,None:segment:0,128,6,36,6,a6bac9606d2f745d032fe8aa2dbe7ea8f92051fd0167cb673fdfa74082c6a0a3,dde831d20e950d4e7041140c500ed81eba7e4625b013de31bc47feee6261116b,ef54c9f18bbbc81368a62faeaeb417428e9a9f0118eab9481366bdaf05324ee5,2021-07-09 16:20:00,144,2.8169399999999976,dcef05d21b5fe2bfc4de03588705252d3b1e9c0f6d038298a0cd74f5dd1319b9
pleia,0,inner1_selection,502fbb57eec5878687b9,None,None:segment:0,88,6,36,6,e1e147713e151ede41806a004c8a8a3f571e079fa690b653df89fb253766c1fe,c6a27c98cdaeccefd7aff714870a83fae273242ccdde2a00d5274dcab5c50099,115a949b7a2d2b92ea92a1d68baf2e5bf234b76168e86425cb5b7ad46db630bb,2021-07-10 09:40:00,144,2.8169399999999976,973d249ac778a25fdfb7ee88ea5d43f68e5dbdb7de7c8e082de3dfb77103b02c
pleia,0,inner1_selection,0d00e71726e68a34433d,None,None:segment:0,87,6,36,6,439a1efc5e93bb08bc008ae82c92c0d47e6e26be1574de7bdbdd7d720dfeddd9,6588788f75b6939206ec746e1e7dae41f029a20191e4a9ed6ed31300d0a2ee6f,2a24fedb1dca92507885ace221e0eede8551897beef3f2fb7d6433abf5274a27,2021-07-11 09:30:00,144,2.8169399999999976,40e19fd8b8c0c4f8d35d579c4e5c3be8e9200e1ebd5b90c89ba76530c132229d
pleia,0,inner1_selection,dea6d0240a9b0f92d2ce,None,None:segment:0,125,6,36,6,aeea24bd4e8379f44da587454b0d7fa620939c9f4e3f3cd12f7f7a94d9ad1a95,13b69dc16f3825e1372192c03662b4663267bcbde9bb5f0388f77a7669311c6c,13211bd5bafc9cfe470877e58c3d8528645c476dddaf8f44a2ed612dfa36aa59,2021-07-12 15:50:00,144,2.8169399999999976,afa0d58e42cb72a21d5ae671fc057e94fce4960cf88b03a9e0ece710b0cadf8a
pleia,0,inner1_selection,e9f012f39c41371db692,None,None:segment:0,40,6,36,6,5b6a9f5539154cdd885e35585bcc540cdb1d21922ab71cdfee04d15bac9469d3,46072ba5ee9448bb415783ee5b9f69fd92299739e89d634b18483685b4f52f7b,ac68ae72a47f7398ddd17c61bbe0972c07aa4797b81850d65aa76b80a2839a5c,2021-07-13 01:40:00,144,2.8169399999999976,bf44f8d0c934f539e1d693aa7013de842dd34d9a4d6ee16cd2065011e5bc9fe1
pleia,0,inner1_selection,df4fd760b28cd95c44f1,None,None:segment:0,77,6,36,6,8d70e74ac81bf3aec3f0ee06a7f50c7fc47c7b342022ae34ba86628d5977de14,c690b5a74af150e4663e0738bcd1aa2eecb74bc4483caf2c09dbd123dc5a336e,515472539419ee86fa067f7dcb096dd579e15a826552a6a445e190e695b656d8,2021-07-14 07:50:00,144,2.8169399999999976,9689ebf88d8949c5cea388348f14f660bdec15632cd7640f1607553f042fc5de
pleia,0,inner1_selection,b4c2750d45577816a891,None,None:segment:0,102,6,36,6,4a8ed4ee04e26ce84423e142bc2a380c9371032fe0375e736964173fbaa9d8eb,6b8207c53a81cb18fdf0e1086bae11cc5e25765a71fe04d2ee04ff48c51b726c,a13add51c77585a326161689b3de5ef09e1b80230f45f5ab804bbdbb942b06a7,2021-07-15 12:00:00,144,2.8169399999999976,d55b681d362cb31d97f6c8a8f9f8faf1cc41cdd8c3b588c1e429d79d589972b5
pleia,0,inner1_selection,6a2ae833a359aa3db88c,None,None:segment:0,84,6,36,6,f6fcbfd11b9ab4b4b25078e33105fe60d13c5ac13da10d1360a9a3d357e8f1bb,ae26c9051e8b79070ac467a89d30648d93fd79c18c50637e5909a3bf9d619151,96fd360910da96b42b9cc6d673713436bebf17e47f9d7ba66abc8c63d95c1bbd,2021-07-16 09:00:00,144,2.8169399999999976,07d0316ba55160d27b8a1b2b9f9e33d4bd6c1b9e34b673f13a5ea5445d6dc557
pleia,0,inner1_selection,9ffda4d4ecce58b35873,None,None:segment:0,64,6,36,6,51f4cb7f29986b4abec768236c76d3374b9a219c212a6253da9032d57c485c52,1e183098d4046904a647257535ba9001b96181e84b7cda13626c56aecd236fd3,8a7482cc0f997d98a1a48907186cfeb9adb38c5842d7d1e32be035e2aee303f7,2021-07-17 05:40:00,144,2.8169399999999976,ad51230f1ec1ab7b0a1e435489d7a7b59b55e0a000b103daf3bb37e8edcbb352
pleia,0,inner1_selection,05cb93e168824124dcc8,None,None:segment:0,132,6,36,6,ef472384f2bed6e9ef56a6f648a05a1539181f29f3a370398fcf794e1e88bb4a,40c488eb018c6faaddf47198388ae4feefe586ba94e431684edbe8b36dade832,393f56bfe5555c8f28774c642f7c5aa55770af2285cf7c7b2989530eeb710848,2021-07-18 17:00:00,144,2.8169399999999976,e741ae1fb258e5c935773c6a07c82a3c03106fd4625024891481c85c450c9320
pleia,0,inner1_selection,8f9ac080458a7d2714c0,None,None:segment:0,58,6,36,6,d0f0b5154a83733e4c8c5d1506bc3c116a13d5acfa89519edbbc1e346c52ac58,dbf2d399fba7618a2ed39913d0ad657e86727b1e450f6a2f6c39af1ad3e31c9a,a961a640f2939e9fb707db839bda2876121dd4cb566abe87ff0b7d6bea8f502f,2021-07-19 04:40:00,144,2.8169399999999976,8ad95ea0277c15fee5427b8941c1ecea04f6989a1af1e8ad9049bb637c1102c6
pleia,0,inner1_selection,111b361b3a26a276eb58,None,None:segment:0,129,6,36,6,25a872fbcc368b5e826d662e63b455bc12f5a14d55de0948e5e0eda591bdb9bb,ec1b47c08dce1d6967493eb37035bcca1190e73674ebe2ba9cd14d69cb2b7db9,8dd5fd1d4ba14e6529b3c850fa411264726f2246e28d6b6753ec699f9a439bf8,2021-07-20 16:30:00,144,2.8169399999999976,d5eece45b8531b067f964ccde9e483a514624bb8187d8eee77fdf5a7c43b08c1
pleia,0,inner1_selection,94adb07a809229e1ac28,None,None:segment:0,130,6,36,6,c4bf27772b556e882e0d0b97f3ee6df2c67618465c6a90a8cf941c0f41b308e5,92dd94db1069e97d861ffc8b8967eacf9932f6aaa9d5f9b26636c475237031af,1b86fc3c5bab309f68833e6ad8e2d1c18e73d1e790b1f7da0c9b38f33e46af74,2021-07-21 16:40:00,144,2.8169399999999976,1257d21012f5328603cd71ece4dc1b4b50c77edf0b52f6436bbc274540e919b7
pleia,0,inner1_selection,5aa343161b802ca6ba86,None,None:segment:0,68,6,36,6,42ccdaa3084e5fe170e460813eebb3970958b8c541c109f3d2d89dab3c41d954,603015c4749b47e658514ef28680639dd37a48fbc5c8d32e652d365bde80cd62,bbdf021abb4d1456a45e51e25f981883db09c6a5799f81a51a0e36c940769484,2021-07-22 06:20:00,144,2.8169399999999976,4a553d54e72749ebd1a80cbc3cbc6166fb8d08cd34bc0cf7b5dae9fc03204f37
pleia,0,inner1_selection,40acceed9b1a2a7895dd,None,None:segment:0,49,6,36,6,153bfd70016cfea25488b2d3fd55022b7b7cf99becbda4a383246bcc637e5d56,97541044d253b3d127f5b317ba4a185e5b6189e1e81acf8effa6ca2f937acb31,ba0baedf98325c60fbd00e587ea9a108ea22880c9b1cacfc22fb9491145150b4,2021-07-23 03:10:00,144,2.8169399999999976,450d0555443d88abfeef47736e9fa58b7fa1619fba324863eb0eef5bc5036f9e
pleia,0,inner1_selection,8792eb108d6444d7a2d4,None,None:segment:0,103,6,36,6,462b1269395fa2513638c696cfb4519eed22efdf026f6e51f9de6417d4576282,eb77a9ecd9a06349aa202c9b202d08fdd6cc1fd0ef7c244a77bc43a25930e334,50d6278dd823d48b72964ec845810830b6fda3ccde2b7324aa4aefd8860e5e10,2021-07-24 12:10:00,144,2.8169399999999976,8fa11f3ed85c48bf5c754ae981ad8c53c2c4c9db8c2bed67d6d77bdd66d77786
pleia,0,inner1_selection,9575280ca2da433f0928,None,None:segment:0,132,6,36,6,0dcd1a944c691c050318e1a2d95c50915987c02c2e424625ac620c554e62a89b,c0ecf7ad5fd3b2321548b60dd0d1f16afe9575626fc5d9e42eb3fc1f08b0c432,6ffda64157c38b1e3a981af181bb8202bb72346c2d08ca3b0369ff9ae920b4b2,2021-07-25 17:00:00,144,2.8169399999999976,591ceca07c018d65c15fb687fc46932f9372d76c89b8152e6b48db29452f45d9
pleia,0,inner1_selection,bf9366748919aed3933f,None,None:segment:0,75,6,36,6,8076cfdf2182341b353426dc6e9828792326fb1436d98360c23f1dc7b8426ff9,97290bcc59da6deadf427af8f7977d5dc1aed0f08893d302e571882a1d385bed,dad7e9b87ecfbc896b370fda08f583bc7e9ef9883a203cc2869ba7a106a7ff28,2021-07-26 07:30:00,144,2.8169399999999976,4061e8f2ee564e8cba6cb3d72dbd4dc24f1acae3be7cf3a94a66485b374d6f73
pleia,0,inner1_selection,13f3b8bab2043a609fd0,None,None:segment:0,111,6,36,6,58be0b380c7e79048cfbe934c1c0dbb939a9f1a7574e9fc19802de2c203154af,8b511627e438cd4a72e1d10da9eaeb17ce0e5ce9472da9d42b879c1cbd818df3,95ab0da9e22be59c7cf99e501ba3504fa533e28ac572c2b686adf44f99712569,2021-07-27 13:30:00,144,2.8169399999999976,471bacb070553cfc466f0c1df074ca26e00aa5aa6cfbd667a0c2aeff6b74703f
pleia,0,inner1_selection,24509f7416834bce87c0,None,None:segment:0,46,6,36,6,aa624efd260caf1012de47caa03d402dbedd2396dbb8f19d63bc3ff10225c4f8,4dafd01aa78fb37f5b12b17ac0a776aee4ffc9b98b0b6356b0f8816e851cc92e,f9a3e6f9032ac4d3d95583c0b724d95e7638f3dac2228b4dcf962f37e96789bb,2021-07-28 02:40:00,144,2.8169399999999976,59924ed207a82003699e1ec823ec1edc3712e468102c2a333dae4cea53e7a365
pleia,0,inner1_selection,159705675c7fa7edbd65,None,None:segment:0,63,6,36,6,e0f5022727e8d0cfab1f57c65a67458aafa737a2aadcfb9fa19d6d9684eac62a,bff39ec188a38020d9411394d63d913ed6fd74518a9e72052584fe48cb0bed12,c24a5a5a06c36651446cd7cc40603838f6e8d817cbda757cff4c0c51ac9fd288,2021-07-29 05:30:00,144,2.8169399999999976,dea17640545ecdd2c331a41e734adb22d239136cb55f14e347a9bf7441a6ebbe
pleia,0,inner1_selection,ddcfa62eae6680091786,None,None:segment:0,93,6,36,6,18d3bbf7d41830b4cc305b82b33b034f174fd11eb9fb809539c5147b39caf398,84e073d70982d9c85e0fa69f0a4789b592effa679bf0af47736c5c0adaa813d3,e7bba9f774e3b38d102dd71e13d5c67aebad73b03f484cdd6181f32948edfba8,2021-07-30 10:30:00,144,2.8169399999999976,c8883acfdd4a1e944721b3b8a227ed809eddd93b37b8c508e32017ee41eef854
pleia,0,inner1_selection,27dc95bd73ff55562f62,None,None:segment:0,73,6,36,6,4053c5f9c29311c1867c084cf43799d1822f3c05229c04dc866dc8575ce1c799,96e4450fb84da349f0726704e19d1746cd9c7fe6ea74131c0cef6315a4c0eb1a,bbacc1523876b2a18bbec42b4088f7019416b8c32dbc420c26f3f205d9c89deb,2021-07-31 07:10:00,144,2.8169399999999976,4a84066f2cd63e75fa2b781490e4826c5aa023e3f77cc5364d4a0810fe81f5e3
pleia,0,inner1_selection,b6ff4402967bec0a10b5,None,None:segment:0,90,6,36,6,f38c5ced9524e34fa53536c20e0dcf152b552f92f5209fc524db353dc270cf5c,a3eda5b6fb6e4165b96fc416761944a83c4df6b5071e167f633354a7662b83b2,cd23f3733ad0dfe9c359b712d1ccd1cf916a0d1520fa6593c73c4137bc95bde3,2021-08-01 10:00:00,144,2.8169399999999976,3bbfe44ff2fba19b5c3cae801caeb81888efc5485d1b5375832bd1af042e79b1
pleia,0,outer_test,f657717b7a37b0cd6c51,None,None:segment:0,73,6,36,6,b761984c4eadd422b330a5dcee3a37b0a7af9d16a20436a632cabad5857db6aa,4d77b5bbd58d0017af3cba8ac73c43de576b5dc2a34d68d942e2c1767c9d4617,87e0d11cec37e67df0915dd92c627da6e084b4bd010a1f2171527459a3ad4316,2021-10-10 17:00:00,144,5.4856200000000035,ceb244b8760da1a90bae8bc3ac2c94f965bbf43a79cdf5c833af656a8e245031
pleia,0,outer_test,cded4b06f83107ebfece,None,None:segment:0,110,6,36,6,cb4821d694be9c8f505f42c583c484f9cc60567acafbed143969877475f23ba0,bdc13d22b7f105db0186cf5dd0b9d2c6e149be7825a335113b7633929c7d253e,ec2b387646420bbc63518f35b0f31b41f083bc471b6625a2e6ef01a380b9639e,2021-10-11 23:10:00,144,5.4856200000000035,e60939cdeb45cd5854ebe430ceaa18a38789a657c35a01f7ca5db48f6d5df3b6
pleia,0,outer_test,13520f0d928970776a45,None,None:segment:0,53,6,36,6,da3a08576b24c91c6ba1ae90daebfb7c34088a275a28a414a02ebc9d84ba1230,7d2d9256bb90e27fdc93147a04342709f5c87d8227b3572d84af8babb9968238,680764b1c03422436453178278c9da347d0a3bd9da205a59a78f6f212fd50d3e,2021-10-12 13:40:00,144,5.4856200000000035,6400c50fb11617d312ac6a5a327eca744f2bc4b0939661fdea0c0a73186b3a9b
pleia,0,outer_test,0968bd736b25b2b9185a,None,None:segment:0,96,6,36,6,93051180a396b75ee24c1848666f7698af854e5ddb300a8fda09aeb41220b571,547f5857cdadf36a7ae64d71927d7895fd6c55a5ad3553dbe0b0f171a5c8bc99,83bf585d723c845e468f40652b7c97985203399d4c2cf7e62c34e587d0da6606,2021-10-13 20:50:00,144,5.4856200000000035,35e0ee72cabfd3074e02cfb63adcc9f4537edb2cc5c1463b24a3fa89c7d03241
pleia,0,outer_test,468b9ba77b271b61dbe2,None,None:segment:0,61,6,36,6,4352abae8878c6251a1c6d118c7c241e1200428a58f36333ebb2b0379b484419,46b9f231a85660e95fb9a46277a5621a1bd4dfbbdbb112fad12fcf8f62f2eb22,a3310fc02822fccd6b3fc74f5ea9f81eeeba1a507d6b4c480263535ab50bc6b0,2021-10-14 15:00:00,144,5.4856200000000035,c5e8d68621f6538e9fdc02077959428c39dcdcc228136a1bfb812e00b54e6c4d
pleia,0,outer_test,eb75c2dce424f1bd69fa,None,None:segment:0,74,6,36,6,4fed329de3a13bfbcb038be805ac4c4c7c9ba1297f7f892819e0e3d1061bb830,d69ec41a5d1c2bc7dd027a39e08d71b7208ee14fa3602772c39fddbbc92777d9,7617722bed654eb1ea7f36265c513838dfdfe543b31b0b98f7f99e39ed2f6ff7,2021-10-15 17:10:00,144,5.4856200000000035,d488f854b66c0e2d192717bf3b321116787afa5f8bf92d9c2e07031ffc3d7e0e
pleia,0,outer_test,8253812017d24c18b45d,None,None:segment:0,110,6,36,6,8cc5069fbc49cbce4aa7455edb84ce51eaaec0f3069b3f6c66600d53dacb93c8,2839e9c02870f6861d1505e9b8d54394596f54fdb7ee3b1004c76d7d1f8ae596,44ce5a112ebcbc83a313a222da060ab9f5c95a57f39bff5135a59b8397ea0a97,2021-10-16 23:10:00,144,5.4856200000000035,204dc25ccaebd004c81c546b802c1ef425b032aec35e6f63a79af1385f38a33f
pleia,0,outer_test,c916831a93d4f5d46d84,None,None:segment:0,52,6,36,6,46bcb120598c549cc2222dad84f7f27b8e238a2250734ca6d9ff202b76fb3491,f58b3265173f6543b3f1aa3a11da00bd2f4b597eb0fa54a0a425ad018304bce1,483f42f4c8ee5d62ee23a2fbfadf189539134c01cfd3a418da1ebbf6b0a06f26,2021-10-17 13:30:00,144,5.4856200000000035,ee19eb9427864b91c82ad2bc339cc5edb10b12cc0f4aa26b8abe99a87bf2e5a1
pleia,0,outer_test,4678204310871d37448e,None,None:segment:0,44,6,36,6,01a4081688761741c8a9fc5fe894bf6bb7183084d77ad4dd2cca326a885c2c01,3afd7ee7963191681c867002786a884ff540fb256788c5de3a11175b90a66d90,982e3ccd8fd1f0786a0bb645c87077969c6426cfe557a5bc30c0e624a2905715,2021-10-18 12:10:00,144,5.4856200000000035,75b79dc71e2913f84eb1ea0c9541a52b4cb7ac25fc893a7615d1b6d5cc91d874
pleia,0,outer_test,7c94e10f22cbe693bba2,None,None:segment:0,118,6,36,6,6c33d216779264b1642127f29f988d16c41c21f79c8df0e0fe4f2ba355ee3ba8,fb487ff2dd7e88236b39a26422ae81ba58e2364397aae289fe5c08cadb74d57d,048ffd270364f33ae15cce15fd3ed5c7847add35c1d47d6ae46509b16deb3bba,2021-10-20 00:30:00,144,5.4856200000000035,bc158bd2107e4051fc0e9ae3778321743265c6f7fe575a703b7680355a0d528c
pleia,0,outer_test,54387799808c048edd94,None,None:segment:0,38,6,36,6,498d990702a3e65384546d3032cbf10935731ea0166a039b7a6facf5405f13e8,3b8819743366b9c971926ae699b63fb03f53d17a384e955a3b968e8ff115ed81,2a89c250c81e89e2ba1a1a9f147bb29d62a4f248786e8b2df0148aaaed26aa31,2021-10-20 11:10:00,144,5.4856200000000035,6ff1d1b5c6eb61612e06c3cccaac7fe192a11e8a6bca73075773c5a2d56edbf5
pleia,0,outer_test,ead5a91cd5115afa9cfe,None,None:segment:0,78,6,36,6,201628398de0823dc2654e15cfc9c4193c94bcc5e8a06326aea471e8a79acfc9,fed13ee12cc866036579a2d9e2209ed2e3cd9e382386a4c951dd8fae45622849,f4895b2bc1b984e06abb97933865c33e788df43c262bec2a9db7668c25068722,2021-10-21 17:50:00,144,5.4856200000000035,25c40074c3ab12af3858a67789b66ddbf83e2638d0ef5a15a008b131917bdda0
pleia,0,outer_test,25b556c07d0919b60666,None,None:segment:0,96,6,36,6,7dfdd9440c258d06e2a83a09a20eda3cad84ac55593fc3db44ba5ff3daeec5c3,8acf6cbebb0fc1306efe200f2d517694832c4725ea3f4ccb47df61d06a873048,6c891ee96bc76c14c358096843ac944507812ebf14f5c7be6720a185eeb333b6,2021-10-22 20:50:00,144,5.4856200000000035,64e683f08a3e53d6d9411a9d60b39ac31673ec6f13f759c28705c1efcffb6dce
pleia,0,outer_test,6302bd200571b30b5c6b,None,None:segment:0,48,6,36,6,86a1bdaf04e0b6ede3bbda2c5f7be0e8269c15906737b6cc531940bb919429f0,10a42a78928536c57474cab548d0e61c28c64f3df6f6348ab6ec6d57e9376a44,5c85f5eba59a292def46fad8f7950e7f7a0b6a1d128e313f21cab66a18165d2a,2021-10-23 12:50:00,144,5.4856200000000035,6a41ee041f447837604bf79ca10cd569de6a10da449ddace9fca410eb3142d99
pleia,0,outer_test,780fdbd635d2b2c05b18,None,None:segment:0,120,6,36,6,90119ff567d2e69299d7f2151c647d2252d09f13e658f34f4c6e42a0a0d8d181,bc8fcfc86184a753f53dc30bd9e5740d50ad7ff1fbcc03da0cac110928264af3,99998ab402d47af438ecbf31609ca1550367ce414af328e68192d66d98ae4bdf,2021-10-25 00:50:00,144,5.4856200000000035,74a198e0483664a6f5d2f3bb265b2da933bb7d40e990e36a3c67813a2bef4659
pleia,0,outer_test,a2dcec507bc9f91b50a8,None,None:segment:0,129,6,36,6,e67c34f77ce038e0775c33717b318cf440160af5084a9e3729a3fc53f1c936cf,bf1ed8828b5740c1a3fd010921d59a7a7858ae67759f5d1f0ce38cddab0c04b4,48ae1c7c2ab3d6188a1e1abfb5541461e0fae21bf3c374ecffae100f616a89c1,2021-10-26 02:20:00,144,5.4856200000000035,6f597e0e7c073805e047d8fc4d2360fee29d9338823069aa61316cd005fc79bd
pleia,0,outer_test,8b179d5d97de10685817,None,None:segment:0,96,6,36,6,211fdd650ed37364bed4f07e3f6fa2e715470faeed4a176b6e517cf71588af73,0267c6012b736583b7059a4786e9fd036b9c0c5b2917436a87be1d561744248d,7aee74980af91e0119c0b55c3ed568d596760f953e6c29a5a6771fa071b25db5,2021-10-26 20:50:00,144,5.4856200000000035,3dc87eeff0b0c9093035a7f9cd5fed1f986619f1353a87b13a5fbffeb8a56819
pleia,0,outer_test,46af9aee7617a419de9e,None,None:segment:0,45,6,36,6,db93c922ba11e40834fbb0a429838803bf4da36444e645c0abc58a267f049bae,f3d86d217d66617c9ba11dd13a9fb7e911751c4f37e18489e7324ca283cf3aec,f9c690cfe336c16b13d16f541ae6e698f1b9c278745c970488fe231215adee5c,2021-10-27 12:20:00,144,5.4856200000000035,2ca27f7804315a162942c782db19d90290f3dc09730ecfbbbe631bf351013534
pleia,0,outer_test,298ab75c00ab68aab187,None,None:segment:0,54,6,36,6,ddf89e690562a5e1730788b07ac51053b2dcb04064b7c854e7fb81536079f8c1,c62794137685f79ba21661821d1f503c23d9f073b36130c858d8ab386af7afc0,f32f47ce2e2a9470d1a78dfd41649b5a4a849da72f89aedf68aee3bb854753ca,2021-10-28 13:50:00,144,5.4856200000000035,561dc2b2359b24330d104c7a27cb3ed4d22d9c61caec35213749b0c2af05b79a
pleia,0,outer_test,8a49a9c05a4afabac650,None,None:segment:0,39,6,36,6,211afcf0079c92719f0c8098f19d4e0c0a4583eb961e339c3d5bacd3513fc6be,5b88495ee7631faf9d6c406f5a2b2afd3a6627dadb40a4f92ae4251472a07c39,ffa129f27b8c9fdf7ba5fb71488330a39f3928db8564212e164f021fc9db5d84,2021-10-29 11:20:00,144,5.4856200000000035,c2919c051db4a9536099dd3b2abdd879749b1cb1231bb61d2da1e1329e46949a
pleia,0,outer_test,f0b672661ce577553b9f,None,None:segment:0,92,6,36,6,6367dbea036adbf30008dffbdac6a65b64e5ff782dac4f744c7d10d4e3a23237,a7e2773306e69c170b2489ba54fe4255d4fa463dbc24677669dd95bcdcf87d1a,44d5a93babbbd0edf82b0f6559617671c5a8fa46d112e8c9235f89b54b061217,2021-10-30 20:10:00,144,5.4856200000000035,13fb3c2833185c33b6cd796b905e43402b2edc433c99a1c518be6f684484eb45
pleia,0,outer_test,0b9ace2f4f3851576a71,None,None:segment:0,100,6,36,6,f76d343a4e44c13b671ce9c50c2060241a0582986e268ddc124422c8a778a412,cd3502b6572894bc12bd1555b7f045b482ea4a0112fc4b214d0851d93e937781,147e7ca87f22e04ce0394ef46795b4e605182735e94f363fcf045e43c502fd59,2021-10-31 21:30:00,144,5.4856200000000035,d06b78675d76d810913f3aa8d9700632a641b01e63c7102af782f2dc6d4a5645
pleia,0,outer_test,17fa2fcf2f191cd7e2a0,None,None:segment:0,113,6,36,6,6e706dedee1bdef8c683fe1797bfc29b88f5c909e4265fa431a356f20975d090,f1fe3852e4665c67031998d1fc7f6beea6bd57c3b48ea492e8ce8663a0711858,a984a79d19976d2d0f2dd8f6a461b92b28569535511209e30a7defcb54764af0,2021-11-01 23:40:00,144,5.4856200000000035,51aa4bc71a87bda4945c98bcd4eb6df06516f1984044d438ed0ee4a5512af58a
pleia,0,outer_test,fe00ad4e304a57f2e976,None,None:segment:0,69,6,36,6,0d04e91b530ea314c57b200903b3435e6253c1daca1ee075a3a63211561d0499,959c1358dfc30f4a0cb7f4c5c8cffb01b9156e833492624731bedba2ab4b05af,a193cfcc5eea18f78cb763f4a89073c6a0739526edbab4eb9fa493b85ca30c14,2021-11-02 16:20:00,144,5.4856200000000035,dea444062065b67e8ee2998c61b98bf332f027c020b5edbfd72ea4b154858709
pleia,0,outer_test,e67875ba6120da85b462,None,None:segment:0,59,6,36,6,8eafa7760193606fcb08eb31fd3828cd793e9caa91c233f8a8f55a1d71281edf,a1da614814b108023bbf73fe59e94a21c1a851b6e20947805fbdab6701856332,84458c376f21402f94bf56eae0c07eb06b942bb568ebc0c9efbe59498d765dca,2021-11-03 14:40:00,144,5.4856200000000035,82fcdb2e684ab3529b63c379a7c9041e5c2cd3949af9ac77ad8302db23c51e95
pleia,0,outer_test,929478c0a67c56ea94c7,None,None:segment:0,71,6,36,6,c3c38466b3c826e49e51eed8fca7f1c54a06e273bf03c99977a211290d1479f1,e24584e1c0b5ef595ad0741e2f2367fd86140ee6565fef96e383a977080a7d93,59487100bb38aadc050e50660593cc05dfb90269567e6ac2aa1b89556be39197,2021-11-04 16:40:00,144,5.4856200000000035,ab4c7c6f90433beeb1d8ce895a7c59c385e1e8dcc1735387e02d2bff2236ee19
pleia,0,outer_test,a558052cdad54a1d34f0,None,None:segment:0,65,6,36,6,3f74791e4568121bea161872d3b285b3f138c605bee0773c0ae79dec4972968d,6035fc4ddb82d5da1f0a2d67a414837383402776d455a91b0947eeb88cb4ee63,3a22178c74966bd96bcb60e92093e6e6b904692461a0a93a9c9328f310115097,2021-11-05 15:40:00,144,5.4856200000000035,f536ba954bab897d66320ae828c45efe34e1f5d4cb527895986bc0b93c9611db
pleia,0,outer_test,65317d3b2bcc1a2a693e,None,None:segment:0,131,6,36,6,973cb4acad4b72be3f3fe94cf780aaef2519953e046137626335bcaa6d31f38d,21eb7940eed9fc6219dd72df3e2cf742b69d15cabef72755e7bc2a0bfee451e1,fef832a75daa7ac52ff9369f09ddac8d6287480b82c95daedc40d23bb07c4c6b,2021-11-07 02:40:00,144,5.4856200000000035,792966bfd699fb8305916629f3699f190044a8935af7a49b95c01f7ebbb5a84f
pleia,0,outer_test,21c6ff718b08bb59c50a,None,None:segment:0,123,6,36,6,ad4d6c8977f0f6e741eb037ede5fa5c7a83cc17f57b00eb8ce691125243d473a,72d275d7b03e881e9f08b884a107612441c75064028d08b24536f35d2549085c,996b761a2ad637733db3e928bde2b4c933a2c2ab94c4e3af50d5b224f3ad50a6,2021-11-08 01:20:00,144,5.4856200000000035,b574749c7a1ec1572bebd5aa4ec208c64fb500202320b7cdee986ff11145d147
pleia,0,outer_test,cba890958e21cefbb370,None,None:segment:0,63,6,36,6,bb776746157d3e4ecee4608eea671444b14ae6d6948068306c13ed556060901e,2f5f6df07d459ac5cf50d5760d34ae8888ff9b54b585d61815be4daabc5e3c3c,0ac81378de9c5a6c8229cb8bd2c71e742831222e3689356e594e5abd7c7ecfb8,2021-11-08 15:20:00,144,5.4856200000000035,b249296ea5ed19b4dad2dd5eea35d5e04d46d320c0193077f8b7e62ef3d69dc6
pleia,0,outer_test,30e45584ccc3e6fcf7d1,None,None:segment:0,44,6,36,6,1555ecd27e8be477619afa517aad50e20501ef4019acf469938b2a1ce384c741,9fafee05e47be4dd1e0a4a7b47d2d1f71bc632c90b615a8bd8ebd2ff874918af,879ebbde7829e7ff5afc76ba95186e136f1d5dec8b46daa56f53b34e0c8b1f19,2021-11-09 12:10:00,144,5.4856200000000035,1141a2c6d74541380f8dba372c6c242c65068e8a8bfcf9d0737fc8f527230578
pleia,0,outer_test,994ab17188e4abe370e4,None,None:segment:0,115,6,36,6,66580207e66d16862f2163bc8de37aa92e216c15bbafdb2ec77a477c37bc7453,f5e0b7b464c84c107ea177c40d2477a4703aaca8557be3b57308a41379404e42,b76e523e0e6d31f684cf141c1f2842297ec31863e2b0f71d60bedc3ce090c800,2021-11-11 00:00:00,144,5.4856200000000035,ab31ded8e9342da1c43f019a529a2ffd227d2e5590c990087a52fb4d7474db58
pleia,0,outer_test,901e619b393c74a6d689,None,None:segment:0,40,6,36,6,1ef1a5f36c88736929165b178b6585ac404f6246f6579b394707fa2b32ee1507,b9b75212f5b304a81d1e3969044e9141307b46e578159368251790cf4f18111e,f71b6ab54d7bd40a1bc17dbf0ab40f2ae86083e78c1f68544674013dacfab86f,2021-11-11 11:30:00,144,5.4856200000000035,bc9ffd2294939a8cef124a264625b321453757e3f8081926ea990bbaac05aaf1
pleia,0,outer_test,e5c6662798c110f80461,None,None:segment:0,116,6,36,6,1b7ca2bce0d3dc54f38d0ce4ee12221f11de86e7782affc4b1b1795dfd43d879,e69135ee8dbef1b1edc6e499d07e2c2feb458b322f089e2de6ed7b2f75a28966,4499fe1b9f77f6959385f50e3f9ad38c95f5b3168394e415030a95d8fbb2fcbe,2021-11-13 00:10:00,144,5.4856200000000035,6d10bce4f38af8d17cf2968f45041ddeb9ebdbe9032c0f28e29c427f42ada753
pleia,0,outer_test,5da074ab9cc08320a558,None,None:segment:0,100,6,36,6,d83b57ba1f5f2aedd5b3416a81db0011f27026194581cf34fba406975d9ca96d,df94b14abd24a18eb82e369cea0e387a6551d39e94920fb770017f78402b4efa,8ff9eda97083e179179be071948252337cf5491ff3180dc38bd63129480e29f6,2021-11-13 21:30:00,144,5.4856200000000035,db63c15c26e8aaa6fbfd6e93512555748522e17c1edc6babae708e716f06f3f0
pleia,0,outer_test,a48df411e5f639aa8ae8,None,None:segment:0,82,6,36,6,108f1902a9187c59e0f10b8102cff66bf490c355c1e2ca4e927133f3de009bc5,f3e515d1279b33dfa7817b41c243c34ebebb76a449d962c572537cf7891cddfe,902e441983ee667606ddc3c1305e6a1fa2f9af8dd60e364b37a66b7c9e2ae4fd,2021-11-14 18:30:00,144,5.4856200000000035,f71d8ed62873cabce80385c69218cdfe828ac6110d4f78d86b0a4b5a0d5f0ee1
pleia,0,outer_test,7d5a23aa748350afadf3,None,None:segment:0,38,6,36,6,8a22c0a137efd89fc76822dc44bd3911e5af803d639cc42ee9fc9452cda7b012,bb316836a030ec5983bbe9ce286f6aaed1de64165d4a7b56e5f2f73871f973ac,4a67f41585cb0edc4621ae700ee5cd65db10cbed8e1b8aa38dc6d408e3cf8948,2021-11-15 11:10:00,144,5.4856200000000035,cd742d92f5b37fa51baa2522acd1e30e994f65c060d3e2ac79f4acb912621163
pleia,0,outer_test,0613c25762b69fbc4e8f,None,None:segment:0,97,6,36,6,6a7ba805ee9bb36e1a0fdcb6d16156f64d76e87e5c5cf84f759bd03d4733aa37,d361c4cc147257c747e2a4cd52ab5179fedc727f059cca8c5b3bd532cd4d11a2,1ac63d0d4d56408cf404c2d78e336803e11740e62110561c1f996873588ed3f5,2021-11-16 21:00:00,144,5.4856200000000035,3727889c33a82d0334ccb5afc424cc8b699643a8b3c1db8d24edc9940730e7a5
pleia,0,outer_test,6df514b557c864a5ae45,None,None:segment:0,54,6,36,6,54c82e0192fbdcc21c5d2565efe25f35b82e9862bba379df84f7bb733c367794,4d1f9f35c2de2aa0eed97104a89e4ca776e472ef32450f3fa4fef6443b531169,afbaba86a527b809886b705c21a471c2b702f167ae9a31d488e2cacde813a0cc,2021-11-17 13:50:00,144,5.4856200000000035,5641b3ee280925cf40158a3a92ea31f59c30c583b75088d54c7209e11f6a7b45
pleia,0,outer_test,5e5ffb898606229c6210,None,None:segment:0,67,6,36,6,11d364b839c5dd85d3928f6ec97398120e487784aa0f4f7471bf9a7c48ccbe65,9ba04dc8f001192f794f1aced3b22184ce74845aa7ee3457de1c964e79bf8b0a,d6dfc11a157cc5557376b5dfd9763676f1f5a5fba5580051d9c9ab5067dd6be3,2021-11-18 16:00:00,144,5.4856200000000035,b1de21a700e449d0fc2bceb30d7be5c6e7b9f94b9609050a099dbc4509e4ae2d
pleia,0,outer_test,f6c52a897cab788b4b37,None,None:segment:0,125,6,36,6,27527f976c6b64c2c3a7e390d7ca5626b1e61ae25cbd7d8b0541a8269e77eb5c,781731d3ec0afe1127de80c5a1d03b734f5101fa783e019a516e3410ae0133dd,211a3408be8b03a6ec4dc433f596b326b995e75af3fbd38a4fd4c319bd890a1a,2021-11-20 01:40:00,144,5.4856200000000035,e0c4380f4fffff99fd6336b2afd1e018e226e16b7a551f4522d6cf66f1aa61b5
pleia,0,outer_test,5f6204c9b32798ebf8eb,None,None:segment:0,61,6,36,6,59de2fd3e9dad21f5d997a460350c748ae82fa1e58f15ae19c2410e51588919c,e3fc8638c507a7d1da9385a683b8346fe6fea1f3240a2ab7a1631efd1eceb411,5cd50ed18c69fae7e74d2633cf3dc00588258cb090ea810b848996457371b3fe,2021-11-20 15:00:00,144,5.4856200000000035,85036850345429345d2aea2e0f03f2a79b7c89f6dadc404a79b23eb569b8e4c2
pleia,0,outer_test,6638c1a47f5b7f4b325f,None,None:segment:0,49,6,36,6,8b3bf887f8bad6b81932425c277a7517510ce967ea43a8467cc287127837843b,138348bd10abda4264cf4834f777d9f4d1f711b323ac930d1ed5050d6f6e897f,88b47144af4f1cee98d645b697f78d289b4ed7fe47a35d466a0dd7a7a4fbf920,2021-11-21 13:00:00,144,5.4856200000000035,729be260d6baa8743d3aca5c52f0d50fdde70aeab395e8b86ea48dbe50396abf
pleia,0,outer_test,a7859cb3c056567b58c2,None,None:segment:0,63,6,36,6,70db8bad402cc38a3f73a70696d56e3000239718636fd469caa8e351bd12bbca,529b16eff8fbc4331b928742641ce2d8d6900f3b9a489be352a43599cb688c30,5cf6642991767be0c91797391d86cbebd324bd4e20dafbf8d7a1732b11df2ac7,2021-11-22 15:20:00,144,5.4856200000000035,1de39f36e66488c633fe3a4200629ab55d6c4e2c9e67aed2d940b1de952e2220
pleia,0,outer_test,5e68c52d262a160a5f2e,None,None:segment:0,119,6,36,6,bd5c25c1ecfb185808fff30fcd0553d3dff2cbd24a24c858ee7208b5682f6ab6,f035d88a6028628fadcdfb2153f42b7e5ae4e03de3b535cb6876e47bbe0d9d00,9a4c3d570ff621fe2923bcc96b6c0faf1656d49b0f6e1d04cca85dc1cb33fdbd,2021-11-24 00:40:00,144,5.4856200000000035,34b2e6588288167c2a1a3cb81c9b47e5d7da20d03526584238eed359fa870768
pleia,0,outer_test,ea68dc707c5fa6efb2e7,None,None:segment:0,122,6,36,6,1ea50f275b34201ef7437d4ce51120b4c33aa3478955495a12d81ab7ef7ccbf6,bbb9cf8ad9b6b32bfcb14adfdc2da9cd535f71ed425e0ce4ea0512f6b961bd39,4e98725cff9bef84b3674c7d86b1ac117ab9b52a22fed42e22bbebf949fbbcf3,2021-11-25 01:10:00,144,5.4856200000000035,f713de749cd5003fdbd5202c8942aa123975de1cced1ba6899fe014285e76a62
pleia,0,outer_test,b13f01aaef9b0ffed48f,None,None:segment:0,106,6,36,6,40b1c02c031e754b35dc07f12f6440dbc162a5f9e5e179109054af0421cc4c53,d67c7def3d2456d777c9a31d0894cd5178c790af26fa6064ea892f0a2438a724,e477b7b17ae1928ab6d9571e4ae8d6ee778e319c6ac0ec5a0919a003c683bfbc,2021-11-25 22:30:00,144,5.4856200000000035,c1cc30e3f9ac4f68446645fa808023d5636bb00ed43f512ce3ba1256ea48b3ca
pleia,0,outer_test,4a8b33d3a5f9a29928c5,None,None:segment:0,62,6,36,6,6335bc77f62c9f4e0ae29e874570a9540aabf952cae99862fa109b49ef884b8d,47aed78e74ecd17fdfaafb4eee33b376cd94b3d5b3f1af10c5f63bf774032ba3,4f62fb7e9d49dcd878bb3b79aa247ffa304bf8d0a328dac099347e046b4759ec,2021-11-26 15:10:00,144,5.4856200000000035,c70d78a5d4fa77b66bdda937537dcb12becda9811a8e72ec3d911580d6541347
pleia,0,outer_test,9f4d3ec96753389eac65,None,None:segment:0,107,6,36,6,fadfcc5689934abd7a479383c97c923160be4628595ff948fc50d8c52d5aca53,906747e776bf386bff135388c036fd77eb658e5dbe121a1cab911e0b6d6c3da7,41515fb80a64db8bd5d27a6cfd1e57077884b947a946a64c5c054dd820841560,2021-11-27 22:40:00,144,5.4856200000000035,1b674deb996dff26809063cb25d9e11661007bca39b0b2126a0c78033b1d110e
pleia,0,outer_test,e66d85268dc13d33b1d1,None,None:segment:0,75,6,36,6,33fbf6ae24f6b5422046859ed29728dc93fd9afe0db463ed5cb729a9dca7314c,7d155e71d1bc49ff36d233a01ef7b4c1eb11b99f8e94e1dd63a7d65fe6b1c89c,ad8284e8ed51455cf696e0773f93d2d326bf407a161d2a82cb4fdfd73b577960,2021-11-28 17:20:00,144,5.4856200000000035,cd6f14ad7b9735a9063b71f0cf528fef6e46a56afcc697705fd3f03930ce3f0b
pleia,0,outer_test,9f00dacace68cc481812,None,None:segment:0,108,6,36,6,62f96d00c2d1c03bb13a0c356a1307bb7ff898569c0a2dbe708a7fc82d336a32,8ff0d72faafacf618a6aa6969447b3bb7fb26b8c00118ae11f906dcb49555552,4c3a6ba60efbda6d36456682e8d819344c65ef7d25e77892d82d7c35e470e274,2021-11-29 22:50:00,144,5.4856200000000035,f980eedd7e70f570e914b5fb53cb1a54a9d4dc75e0d7ed445636b5f73c8087b0
pleia,0,outer_test,50e85db5384ddbf24634,None,None:segment:0,72,6,36,6,7234da41efcc7f30d0c3548b3fd756c153b777aa699eaebe456e0a205a3d0993,e2c4c66d56d2c26c24c8ec482b237376314cd6fb411bd1c72b33131b2645196a,22412c99c9c3a36c72b41d14c267e08aa303e42697b748080b7fecc466720a5b,2021-11-30 16:50:00,144,5.4856200000000035,8c1b16b3d75689f6d75a5c70f2b496d47ade4ccd9ae983fe0ac27a3d1dc84400
pleia,0,outer_test,35d76e13bbe3eaf6da94,None,None:segment:0,51,6,36,6,43829e026d195aae88d6c5e26509fa0f04d1811244a61addcdb22f656b2eab1f,1d2b295c99f091aff7780b1c0ff627eea1e034f28dc4d6902b9ee11c2d6fcc07,8cb935ce344a80cf5f9053e97773de228b251b7c59da312df1c48e2c6adbefaa,2021-12-01 13:20:00,144,5.4856200000000035,3359aa1580a4ab3d09f70e15541fd7eac123c3340afada880e55e8e43bd904bd
pleia,0,outer_test,3b3db0bfe0a7d73676be,None,None:segment:0,88,6,36,6,65a126cc97b32dd1af1fc0f54c444935f3f117fe8676752e40cc9930528fa401,ab4ef48ca638ac56fe235351bd36a105d5ab95cc912b396cf7de2ecb66155714,1b0d69390e8836af74e1f87f6a6252fe7a2ef8b8e2495834062783733ce4cf73,2021-12-02 19:30:00,144,5.4856200000000035,a1f00eaf9d47c3d6e06fb520bb55cf3f3c29cb0b07ffbfd2a564a30ed44f58d7
pleia,0,outer_test,de4e769d69c352cf9699,None,None:segment:0,111,6,36,6,1fbaec725dc6229c8aa1050fa7906ee6c0623c75e1c74da10733f32b7b8584ae,c35f1aa51fd083a8ba9b4ab7ceeaa5045e50b237ff619a56722fff96d72f529c,5c35115f2aed83d7d595da9660f1e06d7a590390d4039cb1e0b51ded19fbae47,2021-12-03 23:20:00,144,5.4856200000000035,79808188a8986ac8165159d3c928ffb6605e210bba3fcfb662c72c0316ea3c03
pleia,0,outer_test,36b4ecf3308e119a066b,None,None:segment:0,95,6,36,6,1d3e4dc5d3078f20f9b19d8ec0fcab787e9d6e232a5f17ae82773bb6dca5cf37,c9f7f79ac6512c9e62b2f7cc33df2993d7427b907a4611f91da2ffbed7803afe,4305c15d17aff3c6ef221a4f6467d5f1cabbefd1ed1a54b61cb6df2d6a491a05,2021-12-04 20:40:00,144,5.4856200000000035,07a2ab0afb23ddb9dcea460ba07824dc34fa33fdab7e1d1042d2e8053f6544e8
pleia,0,outer_test,788ca0b76e1ef7c30bcf,None,None:segment:0,84,6,36,6,f9e101c7f7784281061eb3e8783a66bc1683484ccf4c870dc8117cb503eda181,c6c2c2d38675faa86cc7a9192c5bcb65022dfae543c79c445bf2ce1c2daab83b,994a11a3f75585f29d0567592ee33794d92ee406da2d58f7ae24326e931c783d,2021-12-05 18:50:00,144,5.4856200000000035,4e4c97e5bdec993e9c0d109eb12136ab085da5cb07ff73e280ddd3ff0157ef4f
pleia,0,outer_test,948577f8cdfc7ecd5b75,None,None:segment:0,103,6,36,6,bcaebd9bb670b333aefc4caf8bcdfbab4a1c9d3679776023b109e278703003f4,64610943375a4a40d02017dc74637c33d34e2a2828c3e0666831ae35c4188ec4,6dbf9d274040ce8eb8e1f6c2a994131df9b30bf83c81c943fdc51234ec442e6a,2021-12-06 22:00:00,144,5.4856200000000035,69fdf41993e685e73696c79e6fad30df9526d9c56099fb2bdd8ef1517efe49d2
pleia,0,outer_test,aeb65e9f14865a3af7ec,None,None:segment:0,76,6,36,6,9b6a3c9ae3f78408a5fbe06de3adc7b4497e62f5edffeab901439cc24bc2d3f0,1db5fab3bb55259037bb4c920b73959395e9fffef5cfb4862abeadd8d2deceaf,670e4410620b9578467f527e96d62447645778409c44e31a499b4127fe8224f5,2021-12-07 17:30:00,144,5.4856200000000035,7d940bfd23974f749406d564cf5b74dc5ecd77be2a27bcbb011e17faa9365e8d
pleia,0,outer_test,efa3db0a59b66ba2b693,None,None:segment:0,127,6,36,6,709e035c32bbaacd80e04ca41daac7962154f879c7b8f014c8a10e1f0ec4fbe2,c291cd432824562268ec03c27884ed933dcc493d6426b6e9f656fcc4926ede78,6063562a34f2dda3a1f2f8a4956ccb4b03fe4a1e359779b2bc4bd2373460ec5b,2021-12-09 02:00:00,144,5.4856200000000035,dd6e849b938d6c56654e790a0123c59fa3c37c24b00ee53066e35523ed098365
pleia,0,outer_test,f6dc8da5246eda1c994a,None,None:segment:0,117,6,36,6,f6d150cdec17e6ed4bc2e82fa43861790e7fec26fcf34f876cb706687eba3a0a,7a404b4938520d118634c8524dd694bfcf601231e46c8e0b270590dd7f362b53,e7c1c27a3c88fa4e8cdc90627776095b84936c045dd2586f4cbcb9336fdc5174,2021-12-10 00:20:00,144,5.4856200000000035,8ee3f3b2bb50409e3940548a68ae2c2aed363f42b15a28aeaab95359c5b96c41
pleia,0,outer_test,179dee9da23dfca7ab7b,None,None:segment:0,77,6,36,6,8ea8c49f0015b33d0caaef79c59e272d107cd84b63e0896ae95d9168f469f878,132019ad425b7cc2696bddf1e13e7584032769c73a46de9293995f213a1db3f6,ee8da30414c79ca1313ee49732ea26a61b5a75636d788005262bd55dcc27b01d,2021-12-10 17:40:00,144,5.4856200000000035,29e5d03cb6e98f45227a511ac4c6697879df0eef555066df7155930e07c3b0d3
pleia,0,outer_test,328a7da914ea4f20c847,None,None:segment:0,94,6,36,6,ffcadfd7ba59c03921f7e977006226f09360f585ad6288a0eb99c2bbe22ba053,29b925990c18279a505faf19ed1552ab42456ebefbe3e96f733909d654542137,97725061e746b415ac3d510861eac9c5bbe09edeb0e02a370cb6fdf348adb630,2021-12-11 20:30:00,144,5.4856200000000035,8ebcce9d4ce19bdef491e21e1577984e268754ebbf49befe00197f632338bd11
pleia,0,outer_test,79cb9434cf1c63c2214a,None,None:segment:0,62,6,36,6,3a7bdf04cc687af368273fa0e4b74bb13811b38a03d9b5a787748d9b888446d7,a3f0a0c5af22ee2af1d6928670f8f95f915d928672265914db5c04ab9c49918e,b2c07a2132102089961b1ac180a4125330db9aa94a8d56097c1d7fe880309dbf,2021-12-12 15:10:00,144,5.4856200000000035,7b7bf726d5d034b637bcfb592e75aaa236ae09581894446874368f879c5e2f87
pleia,0,outer_test,af229888979a547e01c2,None,None:segment:0,127,6,36,6,ceb28f50631b1ffe26957820a5d781bf8672939ef9e576a41cf482db641ae3b2,40cd7a8acc88d5c26f6d123f54b6fc3f67c1944686ff32d1acddd017d982e0c3,22ef1d8e6d7add452817a0a3e56bdb67268cfb5965b2b08c39277429cede4a0d,2021-12-14 02:00:00,144,5.4856200000000035,21a6e4997fef83f779c710ae771fc1450e958b9dd13adbaf2dd0a7c2ea17c954
pleia,0,outer_test,328f264bb28383053e14,None,None:segment:0,114,6,36,6,c74073101d2bb27e2268b75f2cf59144fb06ed1cd409b688c9f9e012a8934406,251c5e45f30b0228d5e39178b56a5ace288e6101dd6142cef562a57d0e886ece,f6f8e8934d6e9fb89ec6bd47b4b910b333ab27e103ef36737d153a715d57201b,2021-12-14 23:50:00,144,5.4856200000000035,d1f6f67f9bd97bb029a8d2415e4bce287d3083b9c384a071de10c67e5af7df71
pleia,0,outer_test,e45f249a9a6f96d0f53e,None,None:segment:0,129,6,36,6,c55bba5cc5779d00f451a07eb3dba322662201e5b566d77043d918213db91d62,2abaf7fadf842b2e2a4ec034c28b4b6728f17fff6da292a615d579b293cddd3d,d7acd6d59c3e4974efd0c70187c0bdacc9a9894aa4496865af0ed5707bb94973,2021-12-16 02:20:00,144,5.4856200000000035,72a4d5ea3f0f1dcf47a2fb13c1e4b0851e033cf17aeb4232c558b4b259093016
pleia,0,outer_test,69b434a85d224795f59f,None,None:segment:0,37,6,36,6,9dd74a1a373197ee05f67d7abd0728ff25a3755067d5fe0c8e6c0ce4ebbb30f7,9de47a743c2e52f9007ef04f35f74883d943909a487c1522e8864c7a5d8bfd98,9897f2065d1298678a14e6c3034228be19dbb65538a1c681a6599a1129caddbb,2021-12-16 11:00:00,144,5.4856200000000035,0d959a353054d3bc84e33d3b7371ca84b80b5075644b7c46a8bc86958ad161ff
pleia,1,inner0_selection,4546d6feecf36212257f,None,None:segment:0,97,6,36,6,8351c52faf33fcdbe33f6eaa7999995e19c632f57378499950b283a29c477f82,0a4f377b3042845ccc16534d91689d5e4f6498037b3f9065d1ab0de6f1c0e078,279c5f179b54a330f87b8dd9db94f5c3517b5831968d4f7f263bd19b7f51ba59,2021-03-27 01:40:00,144,2.9652,464c63939eb0bb98f0df65ff22a4427bad06b7df6312f8c3816274210f405c13
pleia,1,inner0_selection,f478edd17e7b95e4c70b,None,None:segment:0,112,6,36,6,38a106489659b116be7674b226f73c47982d31c17ae5c8884aa20d947e1acde7,2d251889b3c80a304aa39e5e7efa9dd21dec8967d6e443ff0a09023bb309693a,a79dc4040e139a674794da22b55ae43f55bb5aff09b006887a1c4b0e68207fcf,2021-03-28 04:10:00,144,2.9652,6ced4df58ebdf3909f2ed3d5202d288215f195d5280353181258d9e6b19db2c1
pleia,1,inner0_selection,b5df6920623faf50a518,None,None:segment:0,36,6,36,6,2af73d03f506de66bc0a9199bd65a43740925935018e93effbe1d78e30cefac5,700e0f3f458b01bf2e773d5c592abd34429cdfda47fee11c881d9e5060d4542b,c134996eca0aa619e11c6212462d59a6c539d5de75d4d17412a3726fd6104705,2021-03-28 15:30:00,144,2.9652,bea8bc0deefe602b96f333521c56e3bb4baa031b81c02b01775dc4a35660611e
pleia,1,inner0_selection,8cac73fe92bc5e4d211c,None,None:segment:0,65,6,36,6,c50d0f550c3dfda5ce785ec20702917b06f2420354ad78881d56e447141532af,442d40bf490a4f5c94d94e0dc3dbd3fab880e25e4257bfcb537710d65e5d29f7,964fa9ea4a899e6ac696c6f411eac0a40d88c971898c1817aaffb544c6d0d019,2021-03-29 20:20:00,144,2.9652,d07d7634bcc3464c88618c78fe3eea26e9ab17b64b72a9169ea001b4a78164ac
pleia,1,inner0_selection,a4429ae6ef7d8b34c258,None,None:segment:0,108,6,36,6,f4177965c47f9edfebcf7b1a6aa25feb0c53f9d52a9228bc2a8cb5d7be0146af,02adc092277b303e536e5a5e1f63642710f7ccbe5ea16cfb80454f227baaac12,7e419622a7368e01c1ea5a80bd6ba388003bc3ecc9b4936dca991508047a4f84,2021-03-31 03:30:00,144,2.9652,e6e2beee5225f26a7371c97e363c02a4b2a8756916d7e5a87bb7f94e86e61c4d
pleia,1,inner0_selection,53f3100c7be561f46013,None,None:segment:0,77,6,36,6,e676fad21283ded4a2ca483f08a1a66959778f7c33ee64ed39b1e68d044d55aa,6a4b994d1b7939f8831c7867e973dddc39232ad0d4b1b9ee073d8afa56ef6da5,da3f96b7f56563a3e221e63799262a8c5d4b104495f6050f4b634bef11b350f1,2021-03-31 22:20:00,144,2.9652,5e28613ff808aa10d85eb6a2623796ba43797591d09abdc30f507bd20d8cd872
pleia,1,inner0_selection,04358288f55163e07ee9,None,None:segment:0,63,6,36,6,9dcdbddae3dec266c75d3754d9853c4ff230fa059c0dcdffd821a78d01a31cfb,04ab5cc13ea60546c360dac7422e93891492e706436a84ecad20706d11a1c407,11368e0988cb5678d776ceb469e3f3a6783ac3faa16f2546b2e81651581764e9,2021-04-01 20:00:00,144,2.9652,d3896cb1752d77e36710d52560ee56e3a595363f07e1c4f9647b447a4a83d96a
pleia,1,inner0_selection,f6e4e7be7371b1d78682,None,None:segment:0,40,6,36,6,436fae114c1f351c234bf78bc91c5cf2348d2a2cb272491849dc912fc309c43d,ee856e7033e21852768b6277488c02e25aa38008e4f513cb2a982a94fc292e7a,e893611a74e5e1ebaed95058dc0f66ba81817685280eff008788b00d8b9df03b,2021-04-02 16:10:00,144,2.9652,c95b54d9808348122ade81264af41f7e47c415214bd248d24b43a9fb6b5bab01
pleia,1,inner0_selection,d3e1c21fd9d4d5d1456c,None,None:segment:0,82,6,36,6,684e690cd07798b7ce424ba2ea7158865e93087aa40d15d71cc2116e9a2c2490,90f2cb5f891b88418fe36b2b3e9757bb162a590ed4b74c0af5a394319fbe21d6,1951055bdbc4c0087a56d924100b5b871c6071ca57e09e1d8e5085e514f8a1e0,2021-04-03 23:10:00,144,2.9652,0878840ce2612c081f0f3af62777d3cdde917bf1f2bb5b2c34c2c0d3f74e1a02
pleia,1,inner0_selection,c1fbf5973330f6ab626e,None,None:segment:0,114,6,36,6,a3f76fc4d776a97f5f10111f89f240d6990e5674c2100fbbbdfe5e04a7ba27e6,e885230457c69eeb39b119b5fd46cd29b50341ae0c6746a132458f4cc8a0c5b8,7673b402e8c84ec2eaa08ef830b429d7d430473092b19af197bd869a7f681611,2021-04-05 04:30:00,144,2.9652,e962ddf11c56c51c1ad3c1162528aaa73e635e39a740154839fd899fe9b14b41
pleia,1,inner0_selection,6bb84333a22cf92cafa1,None,None:segment:0,52,6,36,6,9d6d726a3b1f74211b28cc247d681dec9d08cfb3dbf8ba8f999c4efd2171960d,20301ce578e54b0c64d3036171b21c0657ee0aac10abefa2a96737a624712fb1,ed90814188eca704daab711ba094b91fd3c0c26f6e1d773fa80c5be95fbf2293,2021-04-05 18:10:00,144,2.9652,334c386e25bc913a2f2d9c67c10cf3f383e1666b3d95c27ca6d8963ede565ddf
pleia,1,inner0_selection,50c9ad5bf4dbf70e1474,None,None:segment:0,123,6,36,6,8d79caa29c2d6f2b76ae72ed7c2e16596fbc35fa7228a0a76087217347d98b65,16385bb2e120b5ce97704eba742096c02926603b4f1e47b00b5dd9b8aae9c3fb,0e0e980729b845bbbebbf32539a994c6a6b1d045a9e1c81ea3f7b90f01cee7d4,2021-04-07 06:00:00,144,2.9652,9dad4398f4e687d4c94ab203c0ffa9977b1ab92dd895a960f63d9cdcdfc6f03d
pleia,1,inner0_selection,86931cf4aa465b261e67,None,None:segment:0,79,6,36,6,1ba26cef589fbfd8f1211a2d6456561c692c0c5d53d84ebfda6efad2261a5136,15d5a203858528401e0d3cdee984d3761beb67865a43107f780dbf901d7b3fab,f147efc5a27c754f06e80813d50949809fcccdec72c3c9bba0bb460d284fb76c,2021-04-07 22:40:00,144,2.9652,22ded492df8499547ac769ef1e972b84be84e018fb9dca5652b51db958ca917b
pleia,1,inner0_selection,4ddc600e47c092cb244f,None,None:segment:0,103,6,36,6,8f3ed082e458b930322d9c76b23d9e698f14c3f9b6b96d01d1b7d052d947e22c,f2ec9c31468339161006fef01ef97088cd8d2f6f62d2868ef47ce9302d89ad3b,e43ffe0ddb2b92d4cf795dbeb783fa283e2c115b24236ba55d09cbeaa0c24532,2021-04-09 02:40:00,144,2.9652,5afb94852c6c4fd71de5ac701019d8461fa4b91a2d7a1eff18f29ad488318e58
pleia,1,inner0_selection,8e7978bbdfb7180c7369,None,None:segment:0,78,6,36,6,eaab4a3910f3a82ec4a70a60585f55c5a5127386d4da376eb84faaf9d49d2091,b4a03f932051e513069ebe3be39e8028f6327fcb8c05a5d8d9b783f21fbaa47f,b0b488d44b479492c86faaa4d3829af3abaca2dab6898d2e64477d0fcc4b1bd4,2021-04-09 22:30:00,144,2.9652,c3e4a5526557eb99db955534cb16728ba01d98dff05627fb5c60577de1fe4c1e
pleia,1,inner0_selection,7f20d5be24cf42e4e49e,None,None:segment:0,76,6,36,6,3e729a5ead8ce660c6febb5e490f55cb1d2761eb572c3f1b46bda00c97059e79,377d459aff72c05a209c57a2a5bb19fa1ce06636c8d780ac65f22663fd519f40,6688d010d3b6bf4793d35347d97e2c1df6f3c6eb10febee2ed7897dcfe3aa646,2021-04-10 22:10:00,144,2.9652,97ef42fb096ad1365f795e7c90071a1cc9b7e469484eaf64e62cc07e3bec29a6
pleia,1,inner0_selection,06c7184632da4eda3c3c,None,None:segment:0,63,6,36,6,57a9126705d2b06f519d4608fa3be63e97d25bbc9dad1c836b95fb27aba45240,d5a2d37e7faa863837c52843fe9eb6b87610ec2032da622b71211819c299ff89,5901b1f4a9df7c28ee1984000fe3f2f96ef119226d0a2296a0fdc6d6aef9232c,2021-04-11 20:00:00,144,2.9652,6d110cd3e2de2f871c51a3bf0da182aa82910dcee6a5b9116a0fbeaf9a6a543e
pleia,1,inner0_selection,901829bb9e4bf5922951,None,None:segment:0,99,6,36,6,a25915bbe125a652560d7ec36dca964e7e8886cdff144cf10b9008e4921718a3,16b5b793ed1c730279f6ac7ea7088c733bcfc4135ca7a9b605c633924b295f96,89e3a3b7e9eebc16f528fdbeca4e9e11522c4e7b13d1fbb416f556b9c1917ace,2021-04-13 02:00:00,144,2.9652,5a4688a8e617b4184092bd4504ce11c84bb85de11a21984101fab0a566e6b1a5
pleia,1,inner0_selection,af030ce0799169b8f097,None,None:segment:0,56,6,36,6,2f32d662b13a52eea4ff62dd66e325d0087aa206ce6baf9f0ec8da5530dfafa4,389d129acfd3b4c28ae8d9d7ca5489356315973e0633ab4e2462c6dccc8376bf,55d32af255609a0c79c081f2ff30b1001cde99de982053cf4bc8ea9f7e9370c3,2021-04-13 18:50:00,144,2.9652,6df05478eced2c267a9602b1a0f5d32a468998b375d148b211487c69a3327f40
pleia,1,inner0_selection,cd907f112ae428eba38c,None,None:segment:0,52,6,36,6,f9b508fcc0f5e72a12f6b3806f29c71f287bf3f4cc17ba40afd5b6046a67ce1b,9adccf90eb4a37b6b1774f04619f031c1a68c061e9e1048212da3a05439f91f4,54b1ce1931e84a5bd172d9a368a52fb147f0f2a2c4a3f335d582830b8b501bfd,2021-04-14 18:10:00,144,2.9652,dd8a5036c4760b683e164376bf2dc72c6b5d2f9f02d3ae29e4edd0a852050b71
pleia,1,inner0_selection,72431da42bdd3b274ad9,None,None:segment:0,111,6,36,6,227385b002199dcdcd8c68fdbaebfed260980da375a15d762d467c17f3f3690a,1fd1b79e98f245802a64b4ec7805383c0b34ceb9a89b32806bdd0eeaae3b4f43,dbbfd1d1326fc7dbb0cf48f62376196caff2ca2eda2aa57839bf55625597a515,2021-04-16 04:00:00,144,2.9652,c63a5559cacc4ded36b2159048ab308797ef44d96c9f06a44b2bfdc6bf45dae8
pleia,1,inner0_selection,ea3c791f1dd1956cd8b3,None,None:segment:0,112,6,36,6,b7c4f3981b3a7ad30be8bc28fa760863f07c9d76b25a1f9c24b6e3ffb87d1883,e781e93935272e3e163b8794913ae2bb8858ce57150220fd1c4bb1d1dcfbf338,2b71e78eb696f48a2d32530f7da747eaf8b6d0d2caee44e58e917ec1b5f58dfd,2021-04-17 04:10:00,144,2.9652,b10f484ab70b930ab180c8f2c1e5f5c7e75da0189031feccc2cd4dbb370b57db
pleia,1,inner0_selection,ac0a0086ef70530117ca,None,None:segment:0,68,6,36,6,4ba61e6bcb4581c3463dc6fe281ccf8ae3fd47424626fc85c9e37a3e93ccce41,2930beb5a37e623b4bd26a62bfd54e2caa7c09c1edce00ca8a470949221670cb,459579868a61c089fd08b83339c63632fabc2a1725db735c8d2b23148b659bc6,2021-04-17 20:50:00,144,2.9652,19b95c21f50d5d4503fe7378ab0040094138addf1b129d4c7ec92dc25f727bf5
pleia,1,inner0_selection,8545c6e06570bd8ee1a8,None,None:segment:0,52,6,36,6,996df1516d43019467a03bb8c62a0e8dca0ac098f20820be803947ad248b4ec1,0d22e28c8168926220280b6a385cbda6abbef06fee6712589f414b25e2a465c2,015f14038ccd62a17a02b4e0901ffa02b83ffafb3280acda5213b4b22ddcc180,2021-04-18 18:10:00,144,2.9652,66fa6c0068e315afc41e21f5cd1ed007763181beb1c434c1a5090b107ab18b1a
pleia,1,inner0_selection,14805bdf0a6dac49d8e9,None,None:segment:0,119,6,36,6,57963b218af7128f949e25c0079fdd36891b5cf72595d45620c94a34641271c5,5467a29f27c7f4e4d9c186e3fad0b60048e3ac28ed152c4faaa20ef73bbeb487,066a4994c8e81bb398cae3facda343ae2e26ca4e4f1179b388259e3e9d0ca6ac,2021-04-20 05:20:00,144,2.9652,0f63d57332c9a353b95426c9381447dd8b0899eb5e4f9d5d1a02522a21a9b830
pleia,1,inner0_selection,d7a29da567ff38f4906c,None,None:segment:0,106,6,36,6,aa43cfaba653ad0b5c65ef58a13c231f86caedfb7afd8bb70edfd4857c04cc92,3c7887e514fd76a44c2f27680841017e3aba98af543944d63e9f37fd6c2b5372,641ec5ecf0a95ee67a443d083060e76570c5fa967ae3f2dec78d49a3f9be3f0c,2021-04-21 03:10:00,144,2.9652,465c7216214a3f0ccf878a34468328a12301cbf15150b34512cbd45294351e98
pleia,1,inner0_selection,6fef04b784a6be70aba6,None,None:segment:0,50,6,36,6,22baaf121014321bcad2230c50b40614004d42a6e620688bbcdf965c0c727ee4,799ad4dc6e556ccb2a12d1514d69e3895ce815ff2a0d5921cff3320f724bc439,52dd0a956e16009584834b0cf3943eddd2ffd3a934d43aaf21b5bbd50a0b8ddb,2021-04-21 17:50:00,144,2.9652,1b15870518b1e21cb3e629844a382a5239c859dcdbec961a906c05d111dadb41
pleia,1,inner0_selection,284632ef832b96e80267,None,None:segment:0,37,6,36,6,b208e22ac293b555181471edaa089037334a9385349c04d022037fdf87f24d70,28492d93308a2b07e9e441179a0810ab6ad3facd0d0ebfa63e810fe4551523ba,20f5f7e73386e66275baedac68f0576fca3ddb1605b5de2e6a9551a3b1df2f19,2021-04-22 15:40:00,144,2.9652,b0f1105fa4ee148ff6e81ad09f6ba3f44144cc32e6aed4e1a776018e311cd3ac
pleia,1,inner0_selection,ebcc18a1c113a4c29373,None,None:segment:0,128,6,36,6,b625e1a0708e9b3a9ece5e4b1019317b36219ff8b180f7c74b50703f6b52c60a,b08ead66773f108557706f9f78572103a1b641f34b20ea81c1b965795e017471,953f0de49152d1d2f0036a85253873c8fe9af7505b4acc4b9efbd731c7c8d66c,2021-04-24 06:50:00,144,2.9652,52190dd390570bff2c69dbf12e295d752fe9b015e9b8fc0bcefa8cd427302531
pleia,1,inner0_selection,f3155ba42dea645cb875,None,None:segment:0,123,6,36,6,b4103e6d0b076d3b75ed151fa4ab70e32076fe3d54ff28b703d9827717767e6c,444a6086d856057175b70555d36f3023279fd8367cf3aab0cbdb9276c516ea4d,51b16598ae603eaa42dc35e4a6038123eb5dbf3a397d16a95c9b459ee90391aa,2021-04-25 06:00:00,144,2.9652,d63c9ee82ed9426c8c716b68d385c0647329092096314a4015d4ab973f4f257e
pleia,1,inner0_selection,48f6b362a59b9552b2e4,None,None:segment:0,89,6,36,6,c23314ba2dbec650d42b72279bb210e26c5c755126a3335681f7cefb84332e13,2e51d8c677b9136fec0f69c6c795f6685cbcf11127e4e9cf2f55281d17a9b208,900503263f3e6e44a493220fb31bfdcfad2e251b18a6028b46c1fde064f64a3d,2021-04-26 00:20:00,144,2.9652,a43a931320d96a714fdbb12549fe079fa3b7adabf39741014e41261bc0c53cb9
pleia,1,inner0_selection,f1467523d1093b105e9b,None,None:segment:0,129,6,36,6,74773201699fbd9bd6760d37791b09afa244ff4cf4bd03d7c53e479847a15abe,798fb67185e24bafb79d2e515247d333ec59d0a273b5b19f78e8a797c2458743,3bb9da3dc85570f3974c2185d9c173d46e03caadc34bc4190898fabc15c8ee73,2021-04-27 07:00:00,144,2.9652,2192f90113a03d2dc946542b2cea7e6e847b47c45202d6817abfdcb70f54e853
pleia,1,inner0_selection,21921dfdb85f6832b998,None,None:segment:0,44,6,36,6,70e8c20cfb52e84ad3fe5c881c916eeb34a8103c414c66144fd1328f956547ae,0d3fd3fb13ef5df900359fad2ffd91d261db2d49d0e16af0ab02f9f06e9a8da4,fa170a71e15c9f6680b08870c6d13a4c6fd1057b4e0812451cb761eb6c089f5b,2021-04-27 16:50:00,144,2.9652,ef93e813493969c554c676ca4d21a3674840c3cd0c6f48608f0842bd52f18f51
pleia,1,inner0_selection,38a743dc004be31d46d1,None,None:segment:0,75,6,36,6,feb3491980b2d989c71d60da0f60ca7cd3775e907a3b082b25176190f2921467,8d18d60f1ca07d01673f3c5501d234e6466b6d36ea7f8a99b6d894e3ca47c574,d62cead34f39d34d0706be4a00ff0b369f67f261718c21baf55f7e20bf6cdcd3,2021-04-28 22:00:00,144,2.9652,c4f9f68c8e87394d40cb1271014a0e0de6c056614e1bd56d6d63f43bf72e4b0a
pleia,1,inner0_selection,b8a5c7a5eefa837edc48,None,None:segment:0,77,6,36,6,8b4f0039d84ecf12113d5624ec28ba278161987967d9007c6eb6d0d0ffcbaeb6,bc19944a299e839a145f623768aadc1dc223082f3d72f6a99dd8e6d942c6746a,15e55bec0790970fddd276445750b70f7699affb2467bcfb3d832c45886663bf,2021-04-29 22:20:00,144,2.9652,866f27e579b7a56fe5576abc59aeee4111455b20c45442dc7e398d4bb8b237a1
pleia,1,inner0_selection,b0967f9b7494572cdb08,None,None:segment:0,47,6,36,6,9353b6d333120bac6c052560b479817d0500956f7cef48bcdf5453d8658247e7,bc092041d5963ec78cfdc3ff7e75c0652b584f9ba941c5665ec582c7dc1527b3,595a82b88ff9971ac889c073479ade917d0bd2e99bb900b4cdc45e71a64a7b1f,2021-04-30 17:20:00,144,2.9652,4ef33ac571921c20fef97d97b3270b6dc6ea738e83e0e492d5622f13ff2afa25
pleia,1,inner0_selection,d574a837f196261c0cb9,None,None:segment:0,55,6,36,6,317845e209a829e1fc2b4525fe7a144374697b381a4453f8e6796ad25f2552b7,2cf6a059457baea2f8690420fe77ecdcc8d3f9b796332b7be50f3caf3d221969,ff51038d4305fffec5b29218c097c74c31952549ddbddea0ed8181b86ddad081,2021-05-01 18:40:00,144,2.9652,f26785650ce115ac23b56d247fb12159d9376a3ab87a8846227ea1af080cc45c
pleia,1,inner0_selection,fc7c8c272bad763608f0,None,None:segment:0,119,6,36,6,5c1673660ac8940109c24cd3407a6030fa7ca1d5a0b9f61458b39af1c2c85661,dcce14e5b2b40e1ac5c08d3f65c15a667defc6461ee978707146b254f20bff23,9fedbd4514870e818c8876ea8b1d96b8af697547a5f83f2388ae9823e91e469b,2021-05-03 05:20:00,144,2.9652,71834e57aa9855290b373984b1a598b51a30d308f779ea882653548d3f7d7758
pleia,1,inner1_selection,85b8a185a30c306ada52,None,None:segment:0,91,6,36,6,15641efc2fe08b318ca2cfd7bd49f5ed50620ee522794e91a26ad94eb336e090,7e43760041876493349f685eda1b44f8c101ae07471c436a49400b77b2a849c9,d2a39187bb6e07703f7ed90762c28d676354d819c46887a76fd5c04ff198369f,2021-05-04 17:20:00,144,2.9652,dea4564600bd344c46c07099fbb81afcc1aa1d1b61cb1324ec6c0be8ad46a900
pleia,1,inner1_selection,ece75764693aae633e49,None,None:segment:0,42,6,36,6,090fb442b2ef6c9052325132a72e15c2851b3ae45f74b13d588fb810b7f0b6bd,27594b36dd0ed39acc1cef983213a95684580b35c1a563fdce7350b35022fede,dae6e11a3fccf576a9fafcbdabd6531103fa9121cc68a14338481e906592aac6,2021-05-05 09:10:00,144,2.9652,7d06984e76e732bfb7ba861c7dedbf4ad92f1c6ee618410532de21275f68dc73
pleia,1,inner1_selection,88c6b28b623c5276a30d,None,None:segment:0,74,6,36,6,db6d24c6cdd217b508449c6b9d994cceb7552a0ec1ae83ae9dd8303a52e44a37,87e83cb62eed810a737cdcb3a6f86b69dba02d067e3b110e24ed91e0a76ae5b4,272e617bd8562f20a69bc4f6ac63afb34f1e33ed75a799652975f41432b629c8,2021-05-06 14:30:00,144,2.9652,bc3be436aa52bb2f648627ec776f61350aeffedd5edc4ee26f9bb1e7761b74bb
pleia,1,inner1_selection,1edad069a6942dac0f88,None,None:segment:0,84,6,36,6,34014701a05e13638707c8f7423c03cd3cab266a15e37c94e3cc6ade224956b8,6aeddaa8033a17868e8535fbcdd2f71c7879081eb0258ab865ad5e13aba93aae,be25d3c1f585c763ec170990602625b9f238549ad2050be0cfc859c85c4cd7bc,2021-05-07 16:10:00,144,2.9652,e29d054358aea5f78c8b8c4fce3189d76fd2994aa6aeb1bc31538fc38e6a213f
pleia,1,inner1_selection,a14c2f3d516a836ab2e8,None,None:segment:0,58,6,36,6,11fffe9cd7f8826045b47d8a9a38b94a0fe73fe170eeaaf9e615b28612d5d8db,bf1c07b119b258d408301e64723184a6563951b86a7d3db639b86d077220cbc8,039b554b64ded0a834f319efd6e0d03ef03fada3f4617bdf41f47d3eadbd360d,2021-05-08 11:50:00,144,2.9652,0fd0daaccb5066f39967a2ed7ec0a4fa9d73c7b93b5bb72c5d5b379e4be9a8d5
pleia,1,inner1_selection,9ff17c4ed12778651f85,None,None:segment:0,114,6,36,6,102db788024dc09a1740742c9f8838fd3bd66ac08672b2b32dd3ea61cd33d63c,4ff7f77dc20d87514f340c40ab09529091f10ad0dadba7110d97b31ab1d438f3,3ca22ec05fd0b95fdeec8a08db69cc50855b23a92ad58c4df34621c59bac1cb6,2021-05-09 21:10:00,144,2.9652,de6af3471d27148d90878ad25f30c4f46e20239bca2e0a8640f2ee67b306ee1a
pleia,1,inner1_selection,0148a592a438aef76bea,None,None:segment:0,66,6,36,6,bce6cf0af030ae36827559652fef19910ca258c435aac0d6e8dd9718122e5d97,5d7e57eca0c37e114404273864ae3a947d57a77fbcd79f8eb571fe60ba6c4468,5a38394d48e44726d57a8ded6c29baa9c68d0d0473dab105860047e3c7d8ab6a,2021-05-10 13:10:00,144,2.9652,f1e32d59a90a84933acb727821c54b0428c995ffdc569b2fa6a2c0fdc12798dd
pleia,1,inner1_selection,8234e2913a6b7d97bcc1,None,None:segment:0,100,6,36,6,31fa962460cbf4eb6a1737bd15f6085516126a203d98f8787d35e24a5bf35f10,bb80609b69be72d96a29926aa087ec5425a4fc5cd00618dd18461f6a56bc0969,bc16b46a6bcd73be71c46241a208bda459dd51704573fbc96dfe3ac4363b2955,2021-05-11 18:50:00,144,2.9652,59931eb6271b4621bed9caf5d3bd584291f418cb91e9adebbe80c28d263bdf18
pleia,1,inner1_selection,be696d4fecd76d163e96,None,None:segment:0,60,6,36,6,c5b3fd00860300f3dd2c8fe828888d850e6a65b5f592a8ecc48b080253223962,f411c0c8fd6ee13165d900a972e32e11f743e061b7b96026fce7b96fac69638f,60252ddf72d53ef6dccbe3e3a12b2a6fad52bf561c70f48879bf3bebff75b521,2021-05-12 12:10:00,144,2.9652,9ee347c2f9c0cf88ec560f35015fc411a2e4afebb4795dcf8f1b81ca62205ffa
pleia,1,inner1_selection,d7e8621fae04ebf38679,None,None:segment:0,105,6,36,6,375a5b8a7d3b3e9784f28a7b5c38f33a42de8ca152a4efaf10565315a356d7c2,2662bb294c47d3fbfcefc82ea39c8201a82f58efeb9af88a7bb5181f8414ca5a,aa2f8c5fe8610dcdf9d8b1a9d88b1801479b3a3aef1ce4368732446361cc79e1,2021-05-13 19:40:00,144,2.9652,b8132339a1753aeefa330ca4d7aef8d17f769a898f9aca7cc47d71b39210f0e7
pleia,1,inner1_selection,ceb7c8c2deb98f33f50d,None,None:segment:0,101,6,36,6,77af29462fc257cd4c70020ad8d51975cff019d88775309b2d8e6eae7ac4714e,98c82e15c15455297b0cb039a04d71cb95f4c30554b3d31460ce98b7e7328c90,18e9ac0c19bdf3adf6ad99ddbc77b2b727dd471cac27c6adba62581c8f6f1302,2021-05-14 19:00:00,144,2.9652,e3df931ec0e807347fd77d7c724b899e4dd92cc64ccdb9495d429b048fab49f2
pleia,1,inner1_selection,039b00a6faaa81f0796f,None,None:segment:0,47,6,36,6,507da77874b89746ab940cefe93ab72d5704d34696321f759efeb81a92f7dea2,809805fd5cee74a61802e961f85fb2c8694a6ccc7211d6564bf7651869d43f2b,e6b598f91721ba87479d10a049798a3dfc478f43d7ee02738cec8255962c5c48,2021-05-15 10:00:00,144,2.9652,e5f3c726d38f4d4d44284423168c54bfc2b5fcbea3f14c04bb8b8eeea9f8c6ce
pleia,1,inner1_selection,3b98c8776b19159bd678,None,None:segment:0,47,6,36,6,95af0795517e0dea7f7ff359b5359bb57d6db08fd835ad15f14944361f53893c,1c590b788bff90beb4b3d07dca253509af6313abbe85a889a8fb09b17eec1ef8,417ecf4d72ff164e4831cee3fa265b4952c3300e8b7aade536822606ff7afa5c,2021-05-16 10:00:00,144,2.9652,cd9649d996b35ab685bb8ea6ce3221a5640f073bb289a54c01f902a2970e8ac2
pleia,1,inner1_selection,03539aca124b8f10e24e,None,None:segment:0,54,6,36,6,bfd5a543c4400159b81d1d5c796442c9716ca2e67371acec39862e973a0fa2ab,74c7636edef77030109a9d307be2413eee9c8efdea811e45c0cf12c9e2b72a41,1e3c3ed9e436f7474e67d8ca6a4fe2e54e155eb51054273ee34f78d6f33459a2,2021-05-17 11:10:00,144,2.9652,26bf75bfbc30a069ca3943fdad1a0d63abe5184a5d466c7e3afc0e4bd8831ab0
pleia,1,inner1_selection,105415ba895e8f043987,None,None:segment:0,111,6,36,6,35e92a4c30b44806f4afdc6e0ff932ca78d44674e318e7edd52c4e90666ad990,7eee5d6c8af2e4927688faca4c16d2ff40d6d9976f464f9c0742a6aac9070b92,d531b94e677eba3e697f4b9e3b9c2f57c36d1a0e5aaa184810b88e1f5acbcafc,2021-05-18 20:40:00,144,2.9652,628eb249d266ae7f7df280d0ab14057e67287e20bb9be54e90807a8ee1dd4858
pleia,1,inner1_selection,640b826ccfa02e2ab23d,None,None:segment:0,79,6,36,6,24fa47302c1154bac12c225c9cdcb1f198925c7eff0abb7588763cf60a436853,8afdc3aedce18d1b4ba91bb677768cd704671d4dcc8f685340283f32ddf97d62,e4f1969f6f8b5a93e90634e3aac2ce9cea3f84afbded685057908f982ca15076,2021-05-19 15:20:00,144,2.9652,321ac77b25a7051f1d1f18aa9fd95d18863258cc5739ec11eab083bb7fafd93a
pleia,1,inner1_selection,f1bd92229cf27ed68f8e,None,None:segment:0,98,6,36,6,bd25d1bb64d85d0f87096e1b3772ec358dc13026528e92720682c13a543a25c7,399b5ec672fa86bf9852dc9ccc7a17ca22adda05cfee697d46af9370cd465c93,9e12403f864d06d432aa79324a362b0ec7a546b57acd233ef3ff6ac9b1884cb9,2021-05-20 18:30:00,144,2.9652,84c57b90fd95316f62a36edaeb82c80ea0a7d58d8da8b4354e0cbd8a999a73b5
pleia,1,inner1_selection,fb9d28d26e2784014c77,None,None:segment:0,54,6,36,6,823d45ae37cdf3a66b481c6b2bcc4f455d4f87b6190156de51388d6ba37115af,36a07d7010237dce7c23a286e1db2d9e3ac7503f92a32aaf0d2900e391b416ba,9f5132352ae0201ab4b05296267e66f6369609988f192ab77be0afedcd8ba2a5,2021-05-21 11:10:00,144,2.9652,a73325f4efc6489269edc178177326b1ff44eb2d8d1fe6ed7dc1db956decb2e2
pleia,1,inner1_selection,0fd757dd998882eb73e1,None,None:segment:0,115,6,36,6,c395624f78f7e0e11257446ad4861e0b9bcf438053f0699b2e2bf0a3ea63075c,30d26621ba3c1c5a21b1509522c825963a3721f3749e5a0a8585fbd8d43811ec,fc929dad361881f1a1561903554d4184c3d30fae7f8d0e1c47fc82dc82a3894f,2021-05-22 21:20:00,144,2.9652,6a5b45f56a1cfa0443ab31d4bbb1d482c61ae0e6c95a870dc57d6a3ab4dce697
pleia,1,inner1_selection,e4d5f5eafe75dd9ead89,None,None:segment:0,94,6,36,6,2c49f0ee47104a33a6ea60505b147d4e875ec21aae055ab53091de13a133f877,82f56bf3d81ccbb5a9fea7fd5aa5030e7df519a6e061af3ddb52a94490839384,e1a9eff7bd21a7e19f471f23f7fd6338a0852b7dcf816e88c859570ad10c5c0e,2021-05-23 17:50:00,144,2.9652,91ec6404ddc68b40acd5430907bf0a3c1e4e91571a7566df5ceff500e4d665a8
pleia,1,inner1_selection,6447bd7357e4e8114ad6,None,None:segment:0,38,6,36,6,7523259197cd2498a505f6a70301c1ee53e107a7a8647e62e42d0df72a7f1a37,4a9cd0838640624422fd6fe26bcf21a7e10574a8adf744193bbc94ccd048c738,b4162cf00c86dcf11b156fa27f899c8c9bb16ce1a8cce39f888b7234253a7331,2021-05-24 08:30:00,144,2.9652,cb10ee762791ee75a5c5c1ba6a16a969e76e4348f81d069c0b7c9f74608d008a
pleia,1,inner1_selection,fda44fd2ebe811b50a8e,None,None:segment:0,117,6,36,6,b729d949a0344b6fe831b7aeafb4b23cc06d01709571bc128c5d257a570f5db3,d13615a9abef26a3b109e5ee39e7d978c348e664e464b2603f6fb32f0153100b,d4e527ca9dbc4b1500ff00825894580c3c9887e5e0eec79a4eed6b507a754abf,2021-05-25 21:40:00,144,2.9652,c8cc0b78eebda3fea468d9b129a90c1eafd997630eda221d2d1b73ae5e87b246
pleia,1,inner1_selection,cad6b0fe4dbe8e30f1ea,None,None:segment:0,78,6,36,6,0d5f1079de05562c9df0d228441fbb00df01ab89e2833b5ea6f76d02e00280b9,71d6c4c7ff2d25f5cb67de75c24ac2a66e61e49cc6c716d75039111a7028af79,44accdd74076710bf97b662d29239ff9e9a68dcc783caefd8eefa7bdbe2e73f5,2021-05-26 15:10:00,144,2.9652,33e265e4df693e1dc3fe75507b337b9d850d25d9d95221622160ed89429cba83
pleia,1,inner1_selection,6784e523027ae943a17d,None,None:segment:0,60,6,36,6,b32f08e0f9be09ae8cb810b4f7c73a35df0aabfc91fe107867e65cc735641e4d,1871613ebd3a93eb038597c4c4a17516e9c4690e938dc16325e0c7407d22d5c6,467e38798791bbe51006fac1352409eccc722a5719abde45d74c912bb777109a,2021-05-27 12:10:00,144,2.9652,6203e448813aeb44b5c3ff9ea6075bbc8484c87d4bb078df2f735ef2a246d7d1
pleia,1,inner1_selection,06a4dc1c42bfdb995ac0,None,None:segment:0,99,6,36,6,16e410f5e4f0add2de32587c476744afdafa0e65c500a13c515db72f98d88282,12eb34530f7e9f3ed7ce8f0c4781e9df34bb902a01424f6e320cd20099ecee6c,b390cb147ba46a7829dea5aac9cb6f552e43e24bd07a1b65d8b6cb9f417ed312,2021-05-28 18:40:00,144,2.9652,32b1f074909764d86484379da909b231248e3bd1b78994528ce2bb728e87966f
pleia,1,inner1_selection,11d135cf9b0c814f4765,None,None:segment:0,69,6,36,6,fa4ce236f11c04ad30c4c8bbecb65b1bfaeb56ebccabf6e8b8b755440169ebcb,fc97c8e1b3915c3977e102371aba5b695414b94e85da8fff05d7bd4a8e9627fd,a98b2ee156a0a5148ee1638471cf5ca9cd00b77914314b18a9677519a0560717,2021-05-29 13:40:00,144,2.9652,e6ac5139e8f7e98bd4264594955287d640d2d29fd7d21bef9f1de106de0ae60c
pleia,1,inner1_selection,56218ca25905d2050a61,None,None:segment:0,106,6,36,6,a3a315b2feeb0bbb60bc33bcf587126b84356174d1696feb61d2f1d0cc91023e,7d17f7c05042ff444e6f6cfc4efb527c0325ae8b0868dd26a008f06ef41b081f,0b658a8c8f1424b40950d15bad95cc2cdceefbbc1ffe6a919cf3932c917e3415,2021-05-30 19:50:00,144,2.9652,8a218ece5356540e933d7ad2047f1bbd5c4b1299bab93f15642492e179de6580
pleia,1,inner1_selection,a4cd9b1d3cc37010676a,None,None:segment:0,66,6,36,6,9e8eaafdbf4f1cb358f1a89cf81e84d5227bbae2379b7ce58fcdd45d5df2139c,17808eece53fffdb2ab4fc78cdc618c7d3a045ed682c48d7004442b50e1a688e,5bef70adf48fc81623ffde5bf3166ca1cb99594c1ff6b8f615a06b4c8f18650d,2021-05-31 13:10:00,144,2.9652,8306f433d06048fb274760282225c3bd1346931ad13f907c5c51b37cf56abc4f
pleia,1,inner1_selection,e398f8b1a09f5c67f206,None,None:segment:0,83,6,36,6,11c66db948c787c24a6afad13b38114592f917eb2f2f4644abaaf903e691b207,fbeed7f0e101899d4091a73e538a9107b0dd5522434a7037b7de44c11b00a76e,61c6400c5d9a3bcc571633f1de77a8ab6de744363b3cb711f59845dd0d8d2c8a,2021-06-01 16:00:00,144,2.9652,a73554630e3969813fc78f75a9b2455aaba7719cbf8f5c71a81f4f4ff0c3b04a
pleia,1,inner1_selection,0990920beca83ef11d29,None,None:segment:0,81,6,36,6,1b95db949f5e4c8085df6ba879171f1a2237bb70855355fa435952e58d710367,d2b0904501345b45ed4b51e4f4f83c890efefe14baec99c1d0320e4090b82f81,520b60e267feec3cbe919ec320f4e13ec3b9ea9887b4153c4dd6c89f3bf67511,2021-06-02 15:40:00,144,2.9652,84cd7e7558255727747971a7a873fc0ad2aa5cdb64803764575d86cc283cfc59
pleia,1,inner1_selection,20311f436130b8600197,None,None:segment:0,129,6,36,6,8234222ffdd2eab9081313dd767ddbeaf09d88d951f95c87be555dd0c9821bfe,8346c2ae1032f3f4e90321a1da9c468f16bcdca98137525b2b50cde2611f4f6b,9b4e4b415364660be9f13f91358dd1fc6138b7f116cbcb1498c5181359506b22,2021-06-03 23:40:00,144,2.9652,a3851f86faec2718f317d5fe9f5db37fe6cdaaebe3971c425d335e6465855c35
pleia,1,inner1_selection,f2687a9f03c248b33ce6,None,None:segment:0,122,6,36,6,e98232b52a573eb06a88267338e72fb3d371d11fdc315d0d7db4ee0db8913837,7b97450780ce8beec4738e7ff38a0e49434d4cde290ac3c72d23b088d4cf7935,a3b68b9cf719894145403a86e762a78853208033524f119ec2bb10f9210a837d,2021-06-04 22:30:00,144,2.9652,381edbe14cfdd17c70b9dc4ec89fb70d9a85f20eaabd1b1ddb8b26a807e8132d
pleia,1,inner1_selection,cc4a462596b3f259f42e,None,None:segment:0,42,6,36,6,5fc046acc77efeff9cf3fc42680de55e1eec168e3aeeac723742766af48acd74,f9946e6e280699fd2c59f24be31288701ad925aefae4efcec9d1bcc48494b8c3,f4ed2c99418b5f347052b92ed94df02e0479dcb2f11436d8d67c5ea22e0c069b,2021-06-05 09:10:00,144,2.9652,e483a30edbe970d0a7b5e665f0d4a870051fad5820886cacbe207936618d5514
pleia,1,inner1_selection,519abb76a2e46346be4a,None,None:segment:0,51,6,36,6,91f9e8c595f6bacce90654e07fec9c760311573fde8051aef8459ff7ab9bcbd8,dc71b91b9717a260c0846000a524e5386a3b5dc8b1015b5882dd80f9e3567a86,f9fe00c4f133a4f711fd11e24e8ef3602e4a2f698928651de2bed387dcbe4e0b,2021-06-06 10:40:00,144,2.9652,2bde26c09bb7da073dc233aaff7fa1b78a247d925390f8afe4d7a9ab27348920
pleia,1,inner1_selection,1cc3347f3a79d6b9fba0,None,None:segment:0,130,6,36,6,a169a953d4aaf5bd5d95ad2ecacb67ee5baf17c7876d6e180342190dd778fd95,7bcc2d5d68d1d76ed3f426851fe7cfa140450c17b96878705e106b96dda4dc3f,1d3a1a6cb4025ee80600b64732e90c61703f4d8e49ddf7b368bd2a16ce96a2b0,2021-06-07 23:50:00,144,2.9652,3c45f2d0e8f359618d4cb59544326719dbe4747a3d4a10dd97bb667958db3c39
pleia,1,inner1_selection,14bd24c978f57769b61d,None,None:segment:0,45,6,36,6,eef57ff12797e3e94ab31eadfad26e5b2431db884a2dfe261c25f80bb5d88272,4acb6e8fb502703d268c300a86ef52ced652272d7c828f994c23a0fa4cb6b4c1,f6c7100162c2f9ebc7451000cc8e1369d53136d0f615596a7a64fe25c9798e19,2021-06-08 09:40:00,144,2.9652,f355c6654ff27ef78d12e3d90207f4f3d872fef439b54fc015c3beae2836cdf7
pleia,1,inner1_selection,aa9c3e58a4d2829a3b38,None,None:segment:0,89,6,36,6,9e2997cdaa3cecd235e5e399e8cadd25ffff3d9c5b37ec2d0dd297613076922f,46af6f871bc562d6fc84f55e0f865d8d540cb5ce8cb0b3531b4ed507efa44702,bd02ae9afdf249f665efb604e37582780555a0ae78344efd9c48b1f7dea1b234,2021-06-09 17:00:00,144,2.9652,d7afca4e337898629f1077933f46e9ff75fdf40d4dfdda2708801dabfdead081
pleia,1,inner1_selection,46bda2601f894de37239,None,None:segment:0,79,6,36,6,e0aa00350b130b3253d00299eedcea68e002e11b920aafd63a6e8c01cdf43d5c,3562f79c055b1f804833cda18a2dbbd8ee7a7ecc6b136961a00a004da5d62d9b,5c9e743f720289c3363a8f66d02f8ddc653d9416bfe99431693f93f5950a4681,2021-06-10 15:20:00,144,2.9652,497a0491929d2a714befeff5d938c573f785851f8748f1d15ee19830fc18f92e
pleia,1,outer_test,4cf4886b25014f9087f3,None,None:segment:0,41,6,36,6,153359af13bae6860b5ab37adac98f4afcda8fa4a9ad4f3b7ff90d51a03d5ea8,c57ecdfc25afff2ad73f89b245508a17fae1e7d0cad5bfb3a0f93a82e072b6e8,2e036754a71a178dfbf23429d14275985aaf6505a993deac7d1fc7b708416303,2021-08-02 16:30:00,144,3.409980000000001,8b546df7f8a6e2effe6348c73b4f8ce91aa0585a33661c013e764754f2754e73
pleia,1,outer_test,d61c6915ef1ca796f702,None,None:segment:0,121,6,36,6,c80ae8c1cc4a9e1e84abe243b8e8484c4372dedfb0b1b32e2ff103daa8292635,a714fff3a2fee432a86d00ab49e6117c54b174680d9f9e3c3b52abb88966420b,7027ed08876008ae745a5001a30fcfe3d308523e446a0df40a9916c4698a6f16,2021-08-04 05:50:00,144,3.409980000000001,9c2498b73b4b29f2c806104691b5f585a0029e88b679152adcb4fa0b60d78341
pleia,1,outer_test,54c7a7a8ebca717c5490,None,None:segment:0,122,6,36,6,a2a583c34d2b966d1cdffb95bbc5116853f9c8e0e8c9bff5d964e39e697e2fe2,494393107bd7cf2ddcdb536eafd3f74d31b2fefa154dd030ec7934380d54a2f3,72f70e9c3a1d71039ccae1335c6e96c0d388e6d13a0305f4b07a6b2a50a92be1,2021-08-05 06:00:00,144,3.409980000000001,526bc9ec422819014e374cd07199f759e1144c4b244c02af5826b3b7c7ac1ab2
pleia,1,outer_test,8eed37530fe8e729c0ab,None,None:segment:0,100,6,36,6,05bbc76b502895eb4919cee6abe1f47856cc2d7aabdf5934d17bc34d38650303,a7667ecd6976a4086d6e30e787a14a1db7ce1b1546734f3841eaa82a09bc5dfc,23b52e57c6163c5728334078ec1904d80212c60b617aaeeca79fccf1719d441e,2021-08-06 02:20:00,144,3.409980000000001,3924e59a9fe0a831e984c79d00c548b71e5e74dbae9e7ba1321d809238699937
pleia,1,outer_test,3811691411cd6f6c0b68,None,None:segment:0,40,6,36,6,371f959e25935d5d3df42fdd13d421d940cde849262a021e3c9469e62b1edc32,dc0ee62cc25a9157873d7dbf9ea7db10d7ce316303730076672d72750bbb2094,ad97735f2167f433f6ca77dba1b8fa951254a7796621f267b855446a38076041,2021-08-06 16:20:00,144,3.409980000000001,04f9b2402a9e9c5e8f3109d34e26945be7e153bd9d330bb206e4b96b251ee890
pleia,1,outer_test,5fa79d66fcb2e1d6ebb4,None,None:segment:0,82,6,36,6,54f05d0541969f75ae6730e876fd8486488b22b4eefede56ae81846d72d19326,cca4209180e05e14c859ab8f99a51546a8664ddf09863f5dd12cecd06664ceb2,e3ad048de02b5ab5fb396f4c4499068f3957ff062ac51e23394baf4b951f5709,2021-08-07 23:20:00,144,3.409980000000001,de1674a6b90ccb1e745e3411a6e092dfda29fc865418ac27d012c7d2b344734b
pleia,1,outer_test,b3e544d581066a4820a1,None,None:segment:0,59,6,36,6,254e34adae279289438db1cc2a6493ed8277fde4dff1fb492c579985194e598a,794828fd08cd6b475484a8c01dfdf084ae07a8ccd427b409677c3107f577716b,04a4cc57de3c198361b6348f7825ba5b0cfce948419612aef536e768f5e5ba1c,2021-08-08 19:30:00,144,3.409980000000001,a627f9e60c56c42b1815dd876df77d849e9aed1c779e29e56a5f5bf27fc4f468
pleia,1,outer_test,c22a35fae65dfa98553b,None,None:segment:0,49,6,36,6,835b9ad0a72fb193834774e32d1896ad5fe7e99352525d4ad973868b25041d79,d97e8d43de589e5451e60b4bc1b356697f58a64be5419504c2be9e5624e51d27,5a90e0af7a662b7fef67aa7177f550a0ee079b3261b051b4257cd2d19a2e5987,2021-08-09 17:50:00,144,3.409980000000001,5bbcd45b5cac5c3af00547198904b993a247577781245891e0fa9b5d7fad2a4b
pleia,1,outer_test,177de4cc03051f668d07,None,None:segment:0,70,6,36,6,a0a432c02d0053d2b466e8b6e5aa188fe5a700f2c35bfe9b29ca8340020629ce,0f02cf3349456f19ec88dd4aa80852d14e59f3f7f13e99056ceac07184e714e2,af69ee1ad90d671d3022711a2ccb325c2c51897fc63ad9acdf5ef0a381c84815,2021-08-10 21:20:00,144,3.409980000000001,87650cc1cd0f3bf89b2402e1b8567b6a6ccb06d29b21ad763b097b586ccddad4
pleia,1,outer_test,9127515c41d27ecd44c4,None,None:segment:0,120,6,36,6,20a5ce996d9875a4fd338d2135c90aeb393538225fff4e3e4fc736589a83e818,bd17dd8b4b5b7efea4d2d606b0b3f8b1420ee0f29c8fcb0b2977b5308487a5a5,7c36ec4af0a6f6c0fa0ab51e77eb4ac9286b08f2737a902eec08ad4117820c74,2021-08-12 05:40:00,144,3.409980000000001,f65a47526083a90d1d0ce76d3c4e2736ef7632497ef41622e5ba691a7e9c12f9
pleia,1,outer_test,a4131a673b669596325c,None,None:segment:0,83,6,36,6,d8557ff9042fd56d734b94eaf5baa71588c9a278a774dade5adf7651c072ded7,eb4ce62065d63948f6768eb198cc81b9769324725618153a1a73e651e095f0e5,45168060d5b0cb43e8f9a27b42e146ba6270d40985990b24d44c22f7de3f1858,2021-08-12 23:30:00,144,3.409980000000001,687c8440ca365acebb0ae7808a180db908400846b2779f27aa385064b6f62cae
pleia,1,outer_test,4174df8a09e43bbde345,None,None:segment:0,94,6,36,6,6b73d2fb3390afdd0b75590951c95f64d6b02aa67fc6c5c6320433bf8c615941,cd9972583778e98f3f53425169bc99940f5e8bf2566c7782834dbcb52d0249b5,4f756c61f5aef0391e651cc3b9016cce2a080b6e12bc77f8190f3cd4ccb659f5,2021-08-14 01:20:00,144,3.409980000000001,0f8063f77afeaed662d8ef9993c1e0ef44981b9bac88d1c4cb22c1a7c7034616
pleia,1,outer_test,35711c525b29c04e25c0,None,None:segment:0,91,6,36,6,0b0bb6c6b69fc4702e179ad32c03b4f8ea07510ef0cb956b5a7914ced85cb52d,16df116880da069b9b8de3ec89a27fdfa540d55dded83e4178d5e5b3d999b039,622057c5e44d5b722a0bb65d21b018247f747853b75ba2a94b076e4d91eaf83e,2021-08-15 00:50:00,144,3.409980000000001,5f7a557c071529e5df9233b981756708cce2ea7c5ad5ad76dd9cdf73f9e0c0de
pleia,1,outer_test,bbeae67df6f594952099,None,None:segment:0,76,6,36,6,8c6434ad9a468d3b345f7d3159633f41abad4d4931435b3cbc234db6dc260b92,38f2ca29abb3bea3e52a9a0836f7ce80a49853bdcb23d97fe91ebac03bee9ce2,19eab5840b7b4f960e9db81a7408b2fe7577fbca3fe777a274cc110d150c491a,2021-08-15 22:20:00,144,3.409980000000001,3e2769f433c087523b7d1710625336902037f9dbcc74b7eeaf8a83e9bf3bd9f2
pleia,1,outer_test,a168e3faa2b88ff06459,None,None:segment:0,111,6,36,6,7bda95d7fbd933f1d276a00e977fda33701ae3095bd8514f49ca41b1b3346c38,aea8c3093feb413cb1bf0ff566f34f0a3db863bb0d6c318ba904beb7e1ec1d7d,6da656afe881ec714cb53fb980d300d484d18469c2b5f527efde32c95547de62,2021-08-17 04:10:00,144,3.409980000000001,66f1825eafaa1f5fdab1eed1727d10e1d9e23d30b0c7aa9eee123d787bba1879
pleia,1,outer_test,e9e0fa0af21e254bda29,None,None:segment:0,66,6,36,6,aa16f9912d581b76dc696dfd449c7569e5efae123b6f41ea784022941379f91f,f1e3c04f6e82ef1865a956cada82b1f01c15cd6d2afdb2f169939a9c59320376,37ebc50900e0d754abb88ef9308a6744de1476cf8c118a2d0d1edd819737071a,2021-08-17 20:40:00,144,3.409980000000001,73533dff6fd17a029559e8e454111a7ad3da0073769db40a0aa3f38edd8507c6
pleia,1,outer_test,7371700821ebe4972605,None,None:segment:0,54,6,36,6,b0b8882f7ea1dc08ee7b5e95360018b314b0c60ad2d08431ffd41eb378c11678,6c49b67138f87440c3eb2c72ca0b24994bc41f35071ec8e2aaf228975d06aea8,e60b49fd90ce588e8a909abf8f684fbdc2ea14e22d8806d78f50816775dffc63,2021-08-18 18:40:00,144,3.409980000000001,45f111b1c85eb4e8ca8383e20332c8ea4962c3d5121350f7ddb93e5413b1812d
pleia,1,outer_test,0cd13e198829a925a467,None,None:segment:0,127,6,36,6,c0f0a33d1de3075b14e5a3080b08f8d9a0840d04753cb4200b26d397a95a59b7,ad9401bc39e700197dccca016fadf3b3f30bcf5532b4c00989b22107da39004f,49ec30bca135dd00b6a181b72a6d1f157e6a2c8c103053ec188a208c439cfb2e,2021-08-20 06:50:00,144,3.409980000000001,1965ed29dd932c19c0376934468302c22b2aee05a97b3e7a8e7b0d3f5ad1d052
pleia,1,outer_test,6f8ae3e6bda6a2d3cda6,None,None:segment:0,118,6,36,6,04fcc26c811f1e0f01a1bf3761863209c3f39678729427366b09b9623cf1ab8d,3aa5f65f54eb05d93b08af79ea1c1ab47acdb3dee25b6976f566f7d5c968bb85,95606125f86e22ddbd23d00f9a63bc283e757084820da86b2956a9bb8e3acf0d,2021-08-21 05:20:00,144,3.409980000000001,c4c2f6b0687b10e5971a1ac98200cf4620dfc05043c0bd2e61859ff55a5e9c52
pleia,1,outer_test,9c955653d55b16dc141c,None,None:segment:0,57,6,36,6,d693b223c3dba7694cbbe2468e343c58fb715e55094f5f72c7f35e03f2679390,66251951a38afd3207124f2c121e7bed75bc27e64c1fe50543bb137775d11f2d,39bb32678bd987d58f2386222fdeee7088515b20f9fc4badf0bb520e2131e196,2021-08-21 19:10:00,144,3.409980000000001,3aa8f6b6ad7ef1267b1ef85919f3258dad72bf190aee5c5e0338630efbcf1a66
pleia,1,outer_test,52c99b7c5f657070a756,None,None:segment:0,92,6,36,6,c1e2ebc3630a619eaf97be6e86f3bec399990a8d0a4579a3b97bd7cf6fd979c4,f5f4235c5f78e978ce113a1ad6c42cabb1dd055f6ab88896281dd9d3adf4def5,48730b81ea97d3ca55e88473421a3dfd2d99e9111f2ea825af02cc3323ca07fc,2021-08-23 01:00:00,144,3.409980000000001,b6c4d126633274245cfe0019d03a23cecbf9c32ce1ea3f9e826329579e27efe5
pleia,1,outer_test,ca2f3a1665500b3c914a,None,None:segment:0,88,6,36,6,745b08cff1ed739c5d9ab693606725beb859906766670e26ce26ba4d62cbc4e6,7802a5f708ec2860863db03d49fed322155b9e5cb67f571146cd7f6f85cba7d0,adb4f8aa310532db416a8c786d74dbabc32d25b53fbd21291723c7ed8cfdda08,2021-08-24 00:20:00,144,3.409980000000001,8e63538e74ca4b16b48a2ea17406d54d56d3ccc380fa15d0cf1fd3e31178446d
pleia,1,outer_test,56df4902a28c139bd5cc,None,None:segment:0,43,6,36,6,7f2428aafc81bcb22dd13b18fd4eaa90b73fee4d793e8a9b3552b33f872fb9ad,3f3d4dea3fdcd303b7ee69a0bdfee9d4f1dc7765c91e4bda3bcdd4f3209e69cd,8a9f787b300f2751f5518a4efe79b916268b6abb1336c6ddf9429ce67c4159fd,2021-08-24 16:50:00,144,3.409980000000001,9db50cebd5d7c1349b688a7789000416a9f4a592e67050920478752ef9222f8b
pleia,1,outer_test,17088addfcd4685c593c,None,None:segment:0,80,6,36,6,720d19715cba1e453a3b746cb91df68e50fd1f51aad196c141242ca0a816e468,dfe9fa5e786b3cf10d6c7fe9759d5a1d28ee538cbeb9d759a836ccf44fad8f2d,a4d45cbb172c8f2b1a3514b0e79df22d3348064d3aa337d93ec10306d98117e6,2021-08-25 23:00:00,144,3.409980000000001,48df84e792d5a1222fff051f4a4376837225f90b61a7cf4dd1972738c39bd934
pleia,1,outer_test,cfdb3d54cf7d993eb616,None,None:segment:0,112,6,36,6,cb5eae1e92b26b34935d7728ab0872f2bda1f03715d05c524fe63b2de3a61f42,4f46fc440cf355c680ee4006444e7aabe48eb63a1974f0cc1c338cc5e1055349,b4483ef12435c5642144465f2e033e23ff9acb434bdedb9603447a237e7d90c5,2021-08-27 04:20:00,144,3.409980000000001,ae6bd45ad491054c1098893307087db5cd3ec9a83f37e6e64c27dbd1c0fb4faa
pleia,1,outer_test,65377359ecdb171d221b,None,None:segment:0,70,6,36,6,1abd2a853aa468b66e1e727eed65624eaa729e7d4e17bf72517faf5c5be88eaf,a6719f6b5b09431b2a7a5c4dcf2c3fc4dda3207b93a3616fbbdd1f3bd0c9e331,38a0cbb55112b9c71c487642681af792545adcd0e67fb391e948bb1c8d86a0e7,2021-08-27 21:20:00,144,3.409980000000001,6c730b7e651c4df03b30115c1ebf6c46e24932844d3fb9ac1dd8fb35781ac488
pleia,1,outer_test,7460a76fe9d9071f149b,None,None:segment:0,92,6,36,6,50a5a4d80f396fc7f36065496fef3bad6bc637e89b00b3f58e77de161703c645,bb9c972cdb45aaafa86e5a0b0bd46f802369a34d39b76282a8473def13d50e1d,c7d0f769bb7343b71b2f9962894b0544c712f8ccb15c4cdcd2b73bc3ea120856,2021-08-29 01:00:00,144,3.409980000000001,4f7a843c7e788524649f7313d8cf9d50a1d389cb657fed2e24cc3cbf41b33ac9
pleia,1,outer_test,d968dfddcc6da003fc62,None,None:segment:0,77,6,36,6,cb53997e53a6583759c101384f865c1396bea56846869f59954e11d78ba02094,e4c484b5a03e081a834da1db089f65ecc20235f1b4194f7039d67fb33d8fc1e2,4ea22cbc2d814f12743b37f7127c2a90199ce4dc51cdf9394f044c0b68d700dc,2021-08-29 22:30:00,144,3.409980000000001,804fc5b38d06f6e29779bbdd49c2a4b481720e1ca106f94f5d90e41d2e6f85c8
pleia,1,outer_test,3176ac173a93a7a29bfe,None,None:segment:0,78,6,36,6,f3735965aa70e2387f3e11319662fe6b1193e8eb5951ca40ee3d45b9fb67d6fa,4ac07a86de0979ec22fc69390713abca6058219e8697b337d51cfd976fae7562,86c3cb9ae95307f111a68209e6330896117dfe31b288af5f213dcfb0e6d9c3b0,2021-08-30 22:40:00,144,3.409980000000001,a16468eb2d27a46f1e3f81149ec255a37fe303e2ba2cfdf7ae6adc5e4d3c0754
pleia,1,outer_test,ae25f7f8a6635e7577f8,None,None:segment:0,102,6,36,6,474b1e4b6be32de998bc6f5085da17aa54ddfa56e80c50c5399d215eba25de78,81ed7b908765a79f3da902266ba92e74ec9eb7c9c47a679449a89e5beb34f53f,10e23761f5d6356e312dd327babba470922207551fd56228464775d85f81f328,2021-09-01 02:40:00,144,3.409980000000001,b8a85387a622809911fccf0fd14dbd6c6e54be13f6f2d3a9b1f63b24a28ddeed
pleia,1,outer_test,5729fd6f6e95fed23c26,None,None:segment:0,123,6,36,6,44beb7093a7de3183f62a57d502eb1bf99639dbd6d565a67ef16780fc5b2516c,1ca794cb6899eb1c79c0ef950238a67591f5f4c501e4465ac9abb15f0f9d9d3b,2d4bbe2d4732765084d99f45e1dae0b9d641ccf356b23fc997df0c5edce90cc6,2021-09-02 06:10:00,144,3.409980000000001,b3c32f9edf4b128c7e5e020b2d6cc4bda7df948415918c3477ae14ce8a59e8e7
pleia,1,outer_test,3da19dfb9b502ffba39a,None,None:segment:0,39,6,36,6,0b020537dad15f6038cadbdaf9c1bfc00a2f4126fa7ab2bc78f6cb0eac8ca502,27be5bb1d0b43841b2ffd8d8412c8585a490787b94bb92bc7477b98ec7b4434d,9f7a7aadc44affdb1bb08e9627c3ec05aa05673108fe00bd1e5074e0bbea5769,2021-09-02 16:10:00,144,3.409980000000001,2b10b5cf9c8eb4e985d516d4f9f60136c9e9253a1c8ed8b6f35fff228e849079
pleia,1,outer_test,69c5e07be58fd7b5e88b,None,None:segment:0,61,6,36,6,31f9771ebc845e3ff3bb6c32a52511d4f7426a065b1b20ab4ee51ec6b10d1a59,47460f7b47330737fb46b029f7a0c0bc1ae4a599f8a6132a330f9de38e6bde98,6e2aa8fd7db43bdbbab9dba837c35c916e1bbed2ffcbb3cadc2583dbb5c41db9,2021-09-03 19:50:00,144,3.409980000000001,c026b92cfc89307fc433c1fab7a6177ba657144b15bd1f5055792194ea104792
pleia,1,outer_test,d425d0926a775308a5e7,None,None:segment:0,106,6,36,6,ffff3218ae58991bf144449dcc8115c00a369be32634293f79bfc3c539b06038,e80c4607ea630f3d30d997f11ce21c2766f1b3917e155ba8898280d1f57614c2,5096bc03a6186a27937f3a0cbc58d9673898fd16031c770c3a91736b3307afa8,2021-09-05 03:20:00,144,3.409980000000001,db09bcf0fdf611d2146431b02af2f17c85319f92a9f462a036ca5d78fb9b81ef
pleia,1,outer_test,6af5de4611c941389f86,None,None:segment:0,122,6,36,6,418bf4066e38cb1b800933b29234443426586b0d866b6fa8e42cdea758b8429d,c02c05335cdc5c941852948f25ceeefd4678cde8a401b993f3222b2bcc95bd4e,3e1b7d471072a329df6eed6fd8254823687bad82645b9bfbfc2defa7d02e9ece,2021-09-06 06:00:00,144,3.409980000000001,20db543192f4d4072c0a3d7dda85eb71330288f3f536fa62e6fdb8c8c80264e0
pleia,1,outer_test,bc82bd2214160d1197b1,None,None:segment:0,82,6,36,6,4163acd279026db5a1b782249fd2e7ce331880d1ac13df62a9f1a603b7051181,99204f649bef86f5ec9c3a30c3b6d668d46def39f27c12df2958d37b125b16fa,4833738b31f683ede09766de405f66e4fcd6cff68c824cfd53c51732c6b5f9b0,2021-09-06 23:20:00,144,3.409980000000001,21b6537cafc8cbb41c96329e2c440403830fbd4d58eaef0beb748ef5b9a15529
pleia,1,outer_test,3ebb3c1010d4341ac72e,None,None:segment:0,118,6,36,6,11c7adb735ce91d01888d008e7b06bf136a9b0ec8b5d239912ba2b6364804661,97ed68248f3001b23743a5b2448c6007b2540f1ae102e8e9f781d3cb88f9a88c,dece7a73d2b25be08992dfa6dd9628a07ad997b19d29b3dd97f392a6f5a8594e,2021-09-08 05:20:00,144,3.409980000000001,86eacdf7aeb0cf64bd9676a29415152507bda3e39da32b7f99f25118389ccef3
pleia,1,outer_test,167d9e2560436d8fc7d6,None,None:segment:0,96,6,36,6,4a411ce9ce1cb7d245b938107695404d1b0f975cc76520e0635e825fa883c3b2,868ac1056591064eccbe15c1c420aab9dd91df170118c6a4a0b41fea1aedd8ef,d3cc0724dce16df5adea40dc0a3503fae6e1c8c6253c6a348be39822c28fda4d,2021-09-09 01:40:00,144,3.409980000000001,1ed666cc5a813c6a965063830d754d73fb5ae47754f6f6aecfe2f81eaaeb14e1
pleia,1,outer_test,aa6099329154300bdaa3,None,None:segment:0,64,6,36,6,cc90dbd5819a70451c15cab3991a3417ea31860531219f1fdf2afb09385e5b78,fc0f3edf49808c7381a43c3f472b53ba7ee7d4d97789054317298aeee614cd0c,a756941d6e0f9d9487069c8c2e9aac4b4fdf34c0d2f287b3dc26c5d38d2a249a,2021-09-09 20:20:00,144,3.409980000000001,4bf1b9bd023ff0a1b17df592ebac253aeedf5b75552ee6876c1dcd56cf6913e6
pleia,1,outer_test,85aed7f86c926616062a,None,None:segment:0,115,6,36,6,b71e9950720c43ef582896010dff58e6a234cdab64d15293275d3cc078d15dd6,cad49e3bf5d16b5a3a35db40e14e0daa288981fdb33231ae530c0f916a335eaf,5a6f2ee5dc0f921f87db8ef033ad02ff143c73a67d12592a9aeff5eea0637160,2021-09-11 04:50:00,144,3.409980000000001,25a3887059568e67b2579728ff65b6c19693cb9bd9e902e3d6fe97d8286e810c
pleia,1,outer_test,b0851bdeb1f54f81a846,None,None:segment:0,129,6,36,6,84553cb89082367cd9f2d02588a14e51aadf4ac18a95e9b3494edc0e323cc875,0a10976c045eeaebe81d9c59f7ccc23903ccf3780509e676659fa3854c349142,57200c6936caf3a8934e5b1de2118949bb6e1ce95379e91fc35e44c0dbdeb021,2021-09-12 07:10:00,144,3.409980000000001,5f19fb1b7f6624640513fd3a6fbb7dce85bd02833de9c4f7f2666dcdb4790a12
pleia,1,outer_test,2124ad5d2244e1878439,None,None:segment:0,108,6,36,6,f532bf595931d5c5f16c9fca48d661758695ac2c336b55cff2d43a623f2e7856,e6b88d84b0031bb4378b3421d3833873e1400f2697aa9ec42a18b0f217f9b024,dbdd6c84afb7d9b33e117ac3e249491f5ac12f13327d9351697380d00024cf83,2021-09-13 03:40:00,144,3.409980000000001,eefa2adcf1fee533835a9320a041b50d1dbf72be1a739697fdf2b768bfe74e92
pleia,1,outer_test,ef04d60c867cad21e86b,None,None:segment:0,130,6,36,6,76549d94f0683644147fe88b63146461ae8f2515c114b7b21ad67ebed5134b46,c79ec34c3af871fe287fb18e45c2ac7685c8dbd3e1783a709191882db28306e9,b0cbb2336010b0fe7b9c109b52df6fc2471505b5c46df5ef99c7b137e4c6e3fc,2021-09-14 07:20:00,144,3.409980000000001,e18fb136b26445d999c21df5040acdd380fdd23798f4d9541f7e8f169c814314
pleia,1,outer_test,34c0138cebdfa2da3b4e,None,None:segment:0,63,6,36,6,f4746b3a10202e0d4066e4c372faf3430699265e5e44cf17c712c148318830f3,6d06d159729931fd1948a9975bf9417e26e3a38398f7af7010d835f836c61836,933c7a16279a2ce58d48f5a64b7ac7f62ba72d7f7ffafa5679407d13a1bd063d,2021-09-14 20:10:00,144,3.409980000000001,e7a204b689bc157e8d8b62f0c3ff6fdc6c04fb9e1ce0cc6d3f968e20179a6c8c
pleia,1,outer_test,09a613d1e179f3aca245,None,None:segment:0,58,6,36,6,82186bc14a09f497f121c30e3b4a2a40011f92a711eade35c37e240621fb896c,5dfe4ddfad63d1034e263bf104e7fba3d9df4904eac4c4950115bd018bdb1ded,e4003bdf460ca9f8427292d09c042b396ed1d0afcdd8b69f4299ba5c4d65fcb9,2021-09-15 19:20:00,144,3.409980000000001,ac25f6706e162e581d0e24f68b3ce257f8cff57f92dcf0b87037238a522f78a6
pleia,1,outer_test,31471fc9787d95c4a8ef,None,None:segment:0,63,6,36,6,c5a41da635c8717b4fc91b1dbb8a431e90ddd56718d85e0b574b46c16e573e05,294302113538905724eea5773b6e68f4641dd9fe700fe8542cd1f695e3d161eb,c5155a7286786088364c7ff2241a36b457e55990a01e7a32952ae17c9ab42ee3,2021-09-16 20:10:00,144,3.409980000000001,5bde8e172953d039ac07c9bbf42d53693f81d2caf6769de7ca10bfd73fe038af
pleia,1,outer_test,92bc00164970c8d6c692,None,None:segment:0,69,6,36,6,13ed8f136a57c1f31d79de4147fd2e1962f7718a1c161a5bf3181191567ce50b,e3e55eaf4b156c8340de8ff7d3ce03f6ee863dfcdfa35ea3bfa1d2d1274d9099,b000518ba863e3db0f924462b8681371a67a1f0112aa8bc10eb0d5c7ec55bef9,2021-09-17 21:10:00,144,3.409980000000001,fd54ee0bcee7d602333697554b3d7a9071a84d2af19dad6679c352a19538c04d
pleia,1,outer_test,eac998cee0a52726bab5,None,None:segment:0,91,6,36,6,249fed3f1e95877e15e748d89f86e7280e85b0f33b7d9955e8cfa0e03a103435,02505f2daf4cb5c8f57abc18e64d72f3312e300a8c0167f7dcf07aafeb76fdf8,5d7b3d15c35fb56bddd673a82b571b076c2e57e8df3514c87abdb1ae228f1c86,2021-09-19 00:50:00,144,3.409980000000001,0961873ed49c6740dbb8d2a4f410ca48bfd92218bba65f5e656ab457f3771c98
pleia,1,outer_test,401ed9a2f48af768d06e,None,None:segment:0,91,6,36,6,3bfdc5c19171a1410b4a2fc364db3eb2374b1b9bac497932f6abf4fe8a824af9,018d16c8362ea00e05038ba21cd9c6259493836495356dd751aaa48a013bf384,06376054fad2fdd7f2bf7894dea047982023fc58a642007c43be26079b14abd7,2021-09-20 00:50:00,144,3.409980000000001,bed9a8ad3e2a0e92f8ec9971388204419379e36c091cb3c649d4c270bd4d04ba
pleia,1,outer_test,bee2a23d8862137aff4d,None,None:segment:0,99,6,36,6,713944ee3796206b7ee47a49a5ad86b5709e5fbc308d4b5581f64f214350492f,904c4557288f8d838d26f448c0eebe760c4aa2a0cc9a809c34c8116e7cb653a7,674f9ba7a10955f413d1a403f08b564de8feaee5a1fad21cd907bdc23c077c96,2021-09-21 02:10:00,144,3.409980000000001,df00cbcf4de8da99bb0c7207c4e2ff00dce072a48cba883c2c8761d295d11874
pleia,1,outer_test,7cd4fc56ba2f40a5c49e,None,None:segment:0,44,6,36,6,842aca8aa660c26190f8f00fea135ebfc684e18647279d42d27a46d1aa63c6a4,bb225c3048af010d04a0656d485ebf8998c83b29056547a434349f2a75b82f02,171d08d9bcca782e889760a9567748d98c163840155ccaafd3a1618c0f39fb55,2021-09-21 17:00:00,144,3.409980000000001,17b84ecb2fb5e4425c32509a4ea2a040e01ff30f7625ad04379b7bfcaf904351
pleia,1,outer_test,de3bfb6fc69edcf0fb90,None,None:segment:0,114,6,36,6,d4141d27c42ffb2c751ae0271396a038859e30dc6c7ec3094f9bb62d2e6218c4,f63cd93b5e0806c1d481adc4621e4023b210e7b736a3551d82346298e1ff8285,c0b7ad3b6ff40968754ce6c29c18869a382667d40c390b6fe81eaaa3c94afc6f,2021-09-23 04:40:00,144,3.409980000000001,641fd4f28bb248b1f0cbb0521246ea13a3138fde05ece3633ba1acfcf6d23531
pleia,1,outer_test,61120c9320f0b6b72889,None,None:segment:0,47,6,36,6,47da979478d9e1bce690cbcff5875e5b0078b0ab85065d750a847dedc000d0e1,cdfc0d017b59ec4d7b86c05d2e165775867840f389ab5c7b20812a8dba422ee0,02bc3143bd4f4f285d142fca02e3ecdc4f1149150462ef50fe104b1a8497eb4a,2021-09-23 17:30:00,144,3.409980000000001,ff65bfa82e6dbe9f641751f5fabe86ce63b81c8686b946c6b7c8fab762250312
pleia,1,outer_test,6e84434bc2067fb1c40b,None,None:segment:0,119,6,36,6,265d926c76f1dc42a1441a5d1230b64215a9410c46bd5a79b9f8c8a7dc7aa8f3,9c4dcbbabf253906c3cdd44eeb0270e8b466eba4f1fd79bc27a972119ce61ee5,904e40ac029efa8516103a3def3a09077f337f3bd654dc30bb16148a7a650aef,2021-09-25 05:30:00,144,3.409980000000001,7e680502b3ba577a65d042bfe01daa989f7c5aa0264081706ef9fb8a92121a5f
pleia,1,outer_test,d4808c58690a427c2ede,None,None:segment:0,97,6,36,6,24180dac36860d45d06b75835d38d129db74ff0047794d62e6dd1d90c4a3a815,ba0b1aa045ffbe19cd7a9d1df336a3ad624d1f2b1af5a832f637ab37806d29ce,f42900184608e061f85e0925f9c9cf04c85ece8c65395cc29ae597f78adcc4b7,2021-09-26 01:50:00,144,3.409980000000001,10d51e5bbbf5158d80a0e7f60b59dae16af4416ec993a882e6f626d3d39502f7
pleia,1,outer_test,ae63c9ba2ab770cbb395,None,None:segment:0,54,6,36,6,22995e9f11cb9545672bc223d17bdafdbb24e13ea32d5ecaac479650ca9fd588,e8ba0c0f0704c57fc850ee51a36a5fa118319e342b31811daa9fe1ea6e3d7280,1b771db9aaeea0bdf0cba7fb2ece7599a25f1e214fdae5fefc358df249d87dd7,2021-09-26 18:40:00,144,3.409980000000001,2e588a8657e6f9687adc0981d7cd89bb4b259ee9a525f57a4b88e3167e8c20e7
pleia,1,outer_test,27dc88125d08dd9a22b9,None,None:segment:0,80,6,36,6,64da628d9d3ae4f252f37e0343f24c74ae8b5e5df38c3164c60fa23180e3cf57,2a2f022ae03520c64df99f6f74b8a609d7ab71d13436c39df43178f02e870b7c,7a8f228aee4e1b2289f2586c39c1dfdf9118a78ecca889ba833151737f652caf,2021-09-27 23:00:00,144,3.409980000000001,d6e9dc92f9c10d3fbf0f2826c3c92a20b7f3a85d052289ac587249444e902982
pleia,1,outer_test,5c99f4f4ee4b6dc4a451,None,None:segment:0,96,6,36,6,6970ca226707a64d8123b5bb37c1dbd67ec5bc3f17397030a70a57429bff4872,a72bfb71f9bfbc6a6db98482c8775b07e703d861c5944663e391600191865d09,c32d42e85654a1956dc7b5fccb1573fe04b297818569482273873e3496ed0661,2021-09-29 01:40:00,144,3.409980000000001,5770dacc03af69fd6e56fe02b68661f7e1b1e277108c79059a241c5787d8a6d0
pleia,1,outer_test,b27f9d61f61da8ec30bf,None,None:segment:0,87,6,36,6,5b963c513b40ce4e57e9f7e33bf8d2272b610d6e54e5cd4e198c72e7d1a6ec1c,e4b4249cf3b33e990a32f6c643a9aac8a6aca2de70ee5fc76015788473b444ef,bd05de3fb10f9ed71c8fdd0f4f3e282405aa0ce656964a1c7ef784b74ef77d29,2021-09-30 00:10:00,144,3.409980000000001,87222e2f5e931a691513aa985e378fd82d788fe300efee4b580e5953bf60c4f0
pleia,1,outer_test,e155064863acf1c19a37,None,None:segment:0,86,6,36,6,08a802061dd6a29b9f5ba5c1eec5a50be64e4c4e9b8aff40b4f5e1b86dbe57af,dee83420c123ad5acbe2fcecf10a985b6b11332ef5f12e182673085a6455bae8,3f6ace7c899c5bd33a19d419c19c4ca5bac318fe16defc7da4987eff68c59f22,2021-10-01 00:00:00,144,3.409980000000001,2706a2f7413b0e28f5ab72888987ca72dbe5c45e426b63d3bcf46d622a2343d1
pleia,1,outer_test,8dc1b407b3998731b165,None,None:segment:0,90,6,36,6,de02464e05978edd339a0b46a9fdc98fc709fbc631dc2cc7d4f1070d2f2589fd,09304b255f24691e72c9a8a12fe1702693d50068a56f192079e31f792ed2c411,090ee6f650ffe99b661b174f70984d6ff91e0891c7f17be6867102f6291cf798,2021-10-02 00:40:00,144,3.409980000000001,f46868b0ae2113cd29d217ba37589334f4c49c13061b469a851075d064390637
pleia,1,outer_test,d61e6ffa0bec2cced201,None,None:segment:0,71,6,36,6,4b43d8b4776b7984552b0c75e2c2d7e3d12f33db791489196e3cd9b62d390bb5,17de7f082491d5c18a96827d5fbc20cdb5854dd7f40fa168c000c32b4fb10dba,623a647f5b7e46465a6723c34f0fd22b8304761b67bfaa9d7d4b3cbac204bae2,2021-10-02 21:30:00,144,3.409980000000001,83b439704cf2009871a198eacd87aca9311b122e4f263c12647c0e77c5cb526e
pleia,1,outer_test,53cad1abf446b2bcb6c3,None,None:segment:0,88,6,36,6,ff7ece3832e31405587bcd7120c4060cdb7fcdcbaf8c7677fef7634b24d310ce,90c2eb4debbf863d5bba338870769754a89479b28232195cdb4a790e23cff5ff,433e6d2569130bf4ae6e0bd12e7400165f155b02274649acc70499b54cd849f7,2021-10-04 00:20:00,144,3.409980000000001,037d7a336b1ee425c124a05da1177bfbe36d7d2182f31b34e8de618af5b4c0b6
pleia,1,outer_test,4977284273a9df3f302a,None,None:segment:0,56,6,36,6,3a94975b34582857a286b4e03d4d32978d35c86c0e723b181415f9d64a44aac2,9ba84d57b2ebf89cad9694c03125703c3adadd172cf35d5b023d9825a52d9fd5,0205b7323b0dc2f55baa3e7b6616bb22accf9a72c1f82500e095de74b8bd5432,2021-10-04 19:00:00,144,3.409980000000001,c8632ba4075eccce1adf38d0f46376fb82d55caca528d333b29035c68e92de26
pleia,1,outer_test,f0386c8c6bd351e46fb9,None,None:segment:0,85,6,36,6,d45e85a0fc5c45990a7753a9feb9a6db4dd4f470202b3c79841ed125e287e4f4,3dfd88f8f22180e27c71d6af0aec085ae8a5a3a93a07d01e8860205742c74266,b970663a5a6a1f35d1b07dc525a42bd3155a6e49e2160fdda5870998c21f77b4,2021-10-05 23:50:00,144,3.409980000000001,29acd428606fde36842b13ac01ca08a051c017aeb0938380a2b59de0d2fb7442
pleia,1,outer_test,c39a78fb6bda5aa97cd4,None,None:segment:0,55,6,36,6,ef012f0e915b371a74b8a008917277357c0f0071b03dcddad3ab5086b895859c,d2833c1ca76829ebbb4a34c1a1f5784e1e2108b56b1229c556153f152a04dac6,de478b13b800398d2f46576c798d04b4fbc30b0bc95cb285e867666fc7fc902c,2021-10-06 18:50:00,144,3.409980000000001,368a522fc5bb3d7d2c21ae09163776fd0bc92b55cc1fec1569e16c17c64b7dd7
pleia,1,outer_test,e570283196323a4f146b,None,None:segment:0,110,6,36,6,fae70f8f1bcd3063230b484fbb3cc51c13d97c491459701b14d894b5ab198d9b,51f4df7793e201ea3256597701ee349ce439988a7c4ede554f40c4a7ea19d63f,17e8a4d19b0936acf87ef73cd5c6a1379edd7e0f8bda63890660dd6a5efbce73,2021-10-08 04:00:00,144,3.409980000000001,6f39e38efcaeee0f5ac6e9856e4189be551ac373f60bc80fb9afe429fa9605ae
pleia,1,outer_test,33b3499df4569d517b7e,None,None:segment:0,46,6,36,6,06bc9e397a39f2389adcaa14e1ee415618f0b7b78e066a849cbf41c11f8d64ec,26f608ced48f368017eb65f584100a504265e8eb70932ccf2d3c70520b3b4170,875fb0a97c0156970f8dc87a0434ad59d6f14a19f614cac32ed5e46089571faf,2021-10-08 17:20:00,144,3.409980000000001,02f87a0fee1102fd1e61bd966c586273ad5fba0edfd9139580114c647478fa5a
pleia,2,inner0_selection,8fc5a94e306b580b3e65,None,None:segment:0,57,6,36,6,ddd8a3d875e7f6cd1a2d9c6f0f8f2735c8958512d89b082d992c2b2c79a28ff8,5b45f4ab6366a1ba07f4b4efb588f8d075450989039bacf0d30522d647d314c1,0e37154d187a4af809612a4077765c6bfbc3ac77f930527647a91480e4398f94,2021-02-28 23:50:00,144,2.3721599999999965,1cb9afce3eff7d6f54ac53d03ad6743f0e26672a0f19d0cddced31f17ac4eb39
pleia,2,inner0_selection,32f1f0c651d9299df97e,None,None:segment:0,72,6,36,6,a6c9bc0d478ef3305a5bd2a538236040eec1f572a771d5d63fb5b980ec72161e,5e26bdfef539bfb0c57374a4242300a8154554bba6f3d7cd704d5fe1a6fd5b78,116dee856fd6bd8e8e3166522134c6cb984ee355e679ee82a443d7f7a1ec19bc,2021-03-02 02:20:00,144,2.3721599999999965,96cb5984d12c60201143728c53ab765c92e169ac0125a9fb5cb72e3ed787eb0f
pleia,2,inner0_selection,aa58ad2f4adb4227fbc3,None,None:segment:0,108,6,36,6,cff6300a9c4b9452ddcb8788d23c870417b2d36aa917867d59ed008a8963e730,99bc364a85667aab288398e0c514ee32a418770d84b1c544ddd1a679db87a9f9,8c3281abec71974ace00c046c1bf68b7241f5cd39466fba20dc67784628f6960,2021-03-03 08:20:00,144,2.3721599999999965,5bdfd3b06b416f9e14ad3907270c8fd9bb3757d8801c9b69a927d38ed1e7208e
pleia,2,inner0_selection,7bb7f30b14516949a5ac,None,None:segment:0,69,6,36,6,48c97ad15d0d1d911f18c97988d995ba2f2b57178cb9a1ae542f62160c04876d,332a20496f2e862ac5c6f996f1b8a6fd989b450e9961594dbb3bfa8117229f6d,3695da05a0bdc93e79693b452644c00e918be58d3bf1094519ac5f562aed2602,2021-03-04 01:50:00,144,2.3721599999999965,939b0a3cf4df61e71c002573d78a96c8eea2b6ce13555eedc0669a1d6bd40e08
pleia,2,inner0_selection,05cf291e25df60af6f96,None,None:segment:0,65,6,36,6,2a93e844621d5164c75f12ce5cbd911b3ec41fede363626a0b14709767bf19a9,482e65f471c933dc8e35c22848d2e5ba94decbb2862c86e7b14c69bf014fc1aa,cd3bfbc19c79c85563d3dc93acbe7545f410a36685066d1a91f8e6b8a6dfe543,2021-03-05 01:10:00,144,2.3721599999999965,0c756f907bfdfd1cf82b3aa5b82d39154f893bf918b940edf4e85906459c9020
pleia,2,inner0_selection,d7ac60ce2685077c743c,None,None:segment:0,84,6,36,6,9f508b6e895b9569137576d51703924049be4c70d4921a1bb1f3574a87ae9e3e,398e4b492170d2f4c39c2a0c09abb8f3d5d78fcb246d2895a0bbc4a60b10cbb3,ccc734679b18017e6c584ab574e415f8cb8631e7ddb383e9f93c954736524b04,2021-03-06 04:20:00,144,2.3721599999999965,4fadfe4a7588dab5099731628059c65c515a323b3d3c0e38f934bb4afd36ec5c
pleia,2,inner0_selection,9e68b60ae8a1ce1a4e9f,None,None:segment:0,72,6,36,6,3106f525bff9c20bd5e8fb19d2f26d546c391ed6adf219e1b724f4174f3a1da2,f507838c71ea853a3264e86644c36abe437dd9456156c1432873fd70a3c90c5a,c92fac3547be37a47d79795508457d6d2a9d338cd0f9900556c4076c558fd4f9,2021-03-07 02:20:00,144,2.3721599999999965,71922b48c8582a2b77b06eb9e85a7aabad3110b4aa91851659adbb7f2589cc17
pleia,2,inner0_selection,5545d00efefa36279d44,None,None:segment:0,53,6,36,6,34876a423b72afcab29a250ba59814c11b1c0c5c7d62e262c43908953a61f4a4,b668f3bef29101c82d5d4a1855b98778bf294db851e53e4df304e00c5f0ad2d7,42cca8b532857f0eb77488abe4e7d730e96f682846afb5a073bd7e8846767391,2021-03-07 23:10:00,144,2.3721599999999965,d6cbe6eba15c1b85e4536390430afffdb40da89a1e7de4ed894a4ecb777162ff
pleia,2,inner0_selection,282e0178b7230bad2800,None,None:segment:0,90,6,36,6,221bb2a3369e80052240afa9d2c5bd3278d061dfa5d30864cb419080651988ad,c657843bdd3ca9229c9bb54e39ff6db1ccfbd62743778ff43e576eb49b223067,0e6ca164c79daf755b04a4a8df2d6680e67331ec5ad3ab142c17c228cfda3972,2021-03-09 05:20:00,144,2.3721599999999965,ad524a263d368f399143179b05557e59aa321e44a8c6d41ac9731afea9cb50c3
pleia,2,inner0_selection,578d9292a5bb604a697a,None,None:segment:0,56,6,36,6,0e2dffa5a2989a78b5c675e2af79ed516a4359965e0f5df84091eef16e8208ca,197c07bf0f4322fdf3d6d6bb0ec5a339211d3acda5afe21b5a9031629e0253a0,e8687c7260464bfebdcf73d4241ac8b56706100e55945a0ed1e4d560082c6856,2021-03-09 23:40:00,144,2.3721599999999965,3ac9d7df9e77eb317e90655339fe0f853fc5830d5ba304b6bee7e751a5f850d8
pleia,2,inner0_selection,509b520ba31be8249e62,None,None:segment:0,72,6,36,6,8b35be2a29144608d65a12909c15e41396b1d7636ae96f0dbb2cb40aec012d89,728ed9347e6bec7d9272389dce7a4380c37eaeaaeb66650bef0728d21ef33e1e,e5233bc5e507cec862298378ee5640d936341c97c4d39ed85aaf466bc2613d80,2021-03-11 02:20:00,144,2.3721599999999965,a966901f11fd7e20741e44ff93ee8745270718ab6b5a7179651a01da4e5f6e8e
pleia,2,inner0_selection,b3e0f195a9235d6115eb,None,None:segment:0,110,6,36,6,033f29c4579690fa49a25ed96def142cbe05b4baad46ff250e53f68242ff737b,48da23941ad3e06654c92fdf50b022346d805ab5e2662c53269c637c9d63f59f,9e07688029662fe4311c6b75ca8da0da16b9fcc606fa559311c2dfa8b88f0548,2021-03-12 08:40:00,144,2.3721599999999965,a6367fab4368910fad0624555c603cfa967946acdca3bbe20b553491e1346af5
pleia,2,inner0_selection,8bc9b240bf7dcec0c8b2,None,None:segment:0,95,6,36,6,04acc118c507007a9d19e46b920d7111f85151b87eb9d624fb5ce925e48df0bd,9166c926b2768386f9cda1c6cc8eb413c586c3a86577e9bc5d6aed5b34f28ec1,0ac811bd39b3f55fb94fbdf4e72fde6f3edbf9ba9c9ce18b24d83f2f7460b6a7,2021-03-13 06:10:00,144,2.3721599999999965,8939cb409da8b8ad2e293732f1c4e91ab5349ad017e18b15251e24c0715db468
pleia,2,inner0_selection,ce707dae59879266974e,None,None:segment:0,104,6,36,6,2697f6caa800af4659fcc59f9eeb7ebab04f1f66bc943a2a51069478a946dd4c,55cd858637deea62d685c9bd950359fec1af6cab3f277c96ac30ebb915654f62,b91e45e502acaf636c205071b9fddec12dfcef5752aaee6ab028fe0037bd4fa2,2021-03-14 07:40:00,144,2.3721599999999965,ff7206f9278a1c76982c18cf02886450f8aef70c33505808ba9dfaabd56ff7cf
pleia,2,inner0_selection,42785aa284be078ca9aa,None,None:segment:0,65,6,36,6,c974dee824b9af772ad4508fcaf767f153eb96b90ec06504f522fe92383def87,689f541f2fe03ba7bbd53a400d755e6131e4093e08d59ea96b3bd9c6501e013e,a11c74210dc5ad4e535dfc0a58a1265d1748d3342c59f71e2fbfd0a8e8ba664c,2021-03-15 01:10:00,144,2.3721599999999965,4a44d7ae65f7c56181b1ddca779644ae283be40338c58d81831cc090da09a0e6
pleia,2,inner0_selection,998a0385b27998a59fed,None,None:segment:0,79,6,36,6,d603d0ce268185268a08da7c1364d616a06e0a5279168bd1d4672b6e80ff6136,315dc5ab46ea370988bac0df78b184b9b5a879b61a6c210a3fe823c7c47a7119,1cd9550a063a8a2469c4287e477f7f6328edb2a8081224a06dd76dbe55206fb1,2021-03-16 03:30:00,144,2.3721599999999965,e44f25f0f2964d1db283fcb62f91574cdb00bf0ed9c16a8798eb16e0c10f4ba9
pleia,2,inner0_selection,4c44dc316bad25160df9,None,None:segment:0,117,6,36,6,9dca19477b382cb671e1f2d6562748346c81c8965d5a459f91f25148652690e1,536de360901149b672bb8329aaafd0165eb6a132e4f861886178d1c5ccc0d917,853a5c9cbdd5a3c9538b6effca04e1a75935c2cc4c659e79b94fe8054ef45372,2021-03-17 09:50:00,144,2.3721599999999965,1026ec33218ee0a917c547431b187af93231f76c159c9b7fdeaaaf73dfb98ca4
pleia,2,inner0_selection,ffae8445feb09183c6e5,None,None:segment:0,59,6,36,6,405b553ac2e8c70691e493c9b23a321214f2058013ff2bae7414de9cfa064350,d57a82ca23d87258c3c9abb86bddaa875434f88670962badee497b0453550ae0,ace48875612c0224a1b8c119fd1fd1c289c42c052cc206eaa30cd765e1e550fb,2021-03-18 00:10:00,144,2.3721599999999965,7007a1fb8fadacbe5451c03a1cb56a1cd338c36fe381ced6fbd1981602383294
pleia,2,inner0_selection,ec357c57e9873f4c1071,None,None:segment:0,73,6,36,6,1d225ded6696b103a10d7d816174a9330cda83d1d571fa90ed6ca7ffdda4e07b,935988133afeea077eded27f50bfb032ffc092e6e36d0396ff257f03efd920f2,12a85988b5f84d00950ab0f955e211791f66052899d9baec7588a85cfb7f4b72,2021-03-19 02:30:00,144,2.3721599999999965,6caa212db29b1782bd6bf23ca900816a8eb7b6b756d7f53a03bc51783f6b4914
pleia,2,inner0_selection,8e0f44e69b6a8476f562,None,None:segment:0,74,6,36,6,fe97e80e8a88f8fdbca4836f783264ad2a31cf219501de9404c6d57db2cea7b6,792d6026a3da718053352192d0da0dce1e61c6db8cc19d5ffcd5599d43e3b50e,3f85d88ac064c8bccd064a8495bc0577a9b83c5580c06e47007d4e4881a2efa0,2021-03-20 02:40:00,144,2.3721599999999965,d8aee0e7aab04321aa8896d11cbf09512294d387d4af4a97c587ec909ae612de
pleia,2,inner0_selection,2b74ab7d5325bc6fb8e6,None,None:segment:0,95,6,36,6,7e4332695c1f1d1571e71810a3854da729caec5b2a82340f06569b9d3bbcbcd7,ad85ca6a8c0f312a9e0cb83136cfaa66737854349df78383d18987cc4a125443,bd880be90b643a8b13bbc307127235efcc6ee3440dd36ed17ba6be7dee8f6186,2021-03-21 06:10:00,144,2.3721599999999965,db083e971a69fc94ad970887da7a70f7aae81d5a160c9c43a9f5cbce2877f761
pleia,2,inner0_selection,6d5ed2662f5e41ebbb0e,None,None:segment:0,99,6,36,6,5cd779b925b2f397de5ed041ea43d314b4939e1417ca64a9f76904e7996aa9f7,67f2cbc34dec88b74c785549355150a61d757f1cb1622478dbc42eaa621db2a9,26677e7cb50f4c49f4702dd615e73d919ea6b089aa87238ab2868d9e4eb0d155,2021-03-22 06:50:00,144,2.3721599999999965,bb5b8ebfbb606c8b082d2aa02331fb3c52b043f6376168272d56dc50c7f8157e
pleia,2,inner0_selection,1f1db957764fc59589f7,None,None:segment:0,127,6,36,6,39e786451bfca9a0250576f07b8b7ae5513334f0e5f3f27afbf56f0956fc3ac5,9c34c15042b109ed9d58790df506f8d33d7444227dddbb652702d06a5f0f0611,aaec48abb36549405e29f5e6c7996c2c6767c115621c86372eafac09193a6aee,2021-03-23 11:30:00,144,2.3721599999999965,d9a884f4df16f59c572961ce53a716081aaf0ae8b7aa934200432e64c044daeb
pleia,2,inner0_selection,5cef040a9c432cb07d9a,None,None:segment:0,103,6,36,6,7cdcf4ef635025c357c2e26ebd4d721d1662e82eeb41667b17cfa82ebca2bc1f,5e2246c9c0ecf0172395289bb836e5cfb1aba067b25bfba0fa468b685f641d7a,57f5c3e72ba1f529198f38d3be90bcbd23fe103a0af418676228a6bf1d6d54ec,2021-03-24 07:30:00,144,2.3721599999999965,f744fbe6be7089da259430395f380f7e5c938cdda65b8cccb856c5bca7e643a9
pleia,2,inner0_selection,6957af79552fd1bd98dc,None,None:segment:0,50,6,36,6,159ad3979ed70002a45d29324e0b4292f74febf328e9006b0018c9fff70fb795,1dfe440b496f53f7b31cc29d3415a4fd372043c7bb17b8abb2af3a629082eec0,72dca49866b83b5580dd93e21b9f1173204360295bcf04aebd2286f2d8a2f193,2021-03-24 22:40:00,144,2.3721599999999965,5aebd89464d11225d096a4737bbb4bf4362685e66bfff66150c40e1782ffd00b
pleia,2,inner1_selection,29b7a06bbb1ce8ea402a,None,None:segment:0,83,6,36,6,f5f41e07ec20abdaefed0e5b8a430ce314b2885a45db7dda5347b57d79d8552f,55dc6e6597a1f61eb72c34018261cc4ff4882bbc1d64d4a3896e7274b4ba0191,0ea0b7d95796ba5136772ba1a52436f4374bb36c7217fc7bfdb4a582320171c7,2021-03-26 23:10:00,144,2.9652,810778419f2a16aaef49cc32c6d4865d303e03bd602e1f743ca2edfd18084b90
pleia,2,inner1_selection,36c9860832d19efcacbf,None,None:segment:0,117,6,36,6,0a4f377b3042845ccc16534d91689d5e4f6498037b3f9065d1ab0de6f1c0e078,f65e8c29d9202c044486536fdd2c5fc124409fd42688b859fdc323049ba78dc4,c8b1de54a6e24682077fd973056acf3c74f10cc32fed6a87d6294ca82f22b38f,2021-03-28 04:50:00,144,2.9652,cd2e85856e76f018a5559beafe6e7dabd5c989c4bb513103194cebcb9852f845
pleia,2,inner1_selection,323cc650c9479c694566,None,None:segment:0,123,6,36,6,2d251889b3c80a304aa39e5e7efa9dd21dec8967d6e443ff0a09023bb309693a,bf5de172e79c0e9b149ba0e9b40a991bfe8f72a39e04c03fe5814ec6b4ae8c44,53bdea1d775b35426db6ba1273ebc7693377d65bce1b1e60369686a352d4f493,2021-03-29 05:50:00,144,2.9652,0e59d8432465f9a66e65cc4883942956a27e613b731e73b443bd9e5507145812
pleia,2,inner1_selection,148812c9707c51afcca1,None,None:segment:0,61,6,36,6,700e0f3f458b01bf2e773d5c592abd34429cdfda47fee11c881d9e5060d4542b,0cd5463404c6db5e835c17cc91f12385a778a0ce334e4b32b0b0d0c07345d3e3,5ed490a453f84fc53c14ebe0eb48801c83866ee15c6435c3e6dbf4b6a7b5d98d,2021-03-29 19:30:00,144,2.9652,2b0d16453ece5830b1102b9fd28af1e1fee74f2d4247a8e38f30a3ffbf2294d5
pleia,2,inner1_selection,9ca89d1b7b80626315e9,None,None:segment:0,49,6,36,6,442d40bf490a4f5c94d94e0dc3dbd3fab880e25e4257bfcb537710d65e5d29f7,3fb63a734b03147b87e0718c4ba52987bed5dded30abded80828ca51616cbaf6,086227d6a9a1ad5377bec65c9c1814308266689b45a7d386edce4fdb60e55ec9,2021-03-30 17:30:00,144,2.9652,126c29e7f5c2ff3bf98d03a55f3521b572417bff218fec15848ed8619105c0a9
pleia,2,inner1_selection,66775e31bd52d61aedc7,None,None:segment:0,111,6,36,6,02adc092277b303e536e5a5e1f63642710f7ccbe5ea16cfb80454f227baaac12,c4bdb6b95f4d81f4623f03fa8347d361096e2a78f4957414cccd776e795671c9,17f7cd37e9a9066885549e4b3813d761cad323f3c8f768dfbc1b2923e2156a41,2021-04-01 03:50:00,144,2.9652,2a1484fad0eea49dad1cdbf1f0f6fdd3045cdc8738df1eb98c7958c92af16bc4
pleia,2,inner1_selection,6d97f070d16d0635c2fb,None,None:segment:0,46,6,36,6,6a4b994d1b7939f8831c7867e973dddc39232ad0d4b1b9ee073d8afa56ef6da5,6d044fb41c8d1caaba96086bb161942b591f245578b4b42043193b9b45a1eeee,6bb39042a6b1d0bae0f74c90a6c3d22c0ce0430140448616eeb7eaf48c06b73c,2021-04-01 17:00:00,144,2.9652,4af59eb092121a4897502a0a5e9ba196bea3b71351cf1475ddf9a2feb9632780
pleia,2,inner1_selection,b162738b40339d82f763,None,None:segment:0,112,6,36,6,04ab5cc13ea60546c360dac7422e93891492e706436a84ecad20706d11a1c407,8d39850e9e4e8cf50ec80deb7ee59740f68f8eff06b3fcfbc5746080bc8c9731,42189127d7d440659f600e9ba5b512e75faa025ab8155a006871d4a0f9ed17e6,2021-04-03 04:00:00,144,2.9652,d93de9508b6d86a331927822a4a07fc230c9021da1fbf8e883b9149bef27c3b9
pleia,2,inner1_selection,c9724bbb5ddca60bbd9b,None,None:segment:0,72,6,36,6,ee856e7033e21852768b6277488c02e25aa38008e4f513cb2a982a94fc292e7a,ae65fbc09a33248f3db1fe72ace183fb718553f98a7fbcd36e1cfb831cdd79ab,8c12cb4ff39c3834784f379c0b54608e62f91cbc3667ec1c252dd7fdb5bf38bf,2021-04-03 21:20:00,144,2.9652,bdaa69ae79959b428f8bfc37a55c288edf1552868df75d09fc8d8bbff37bb1b2
pleia,2,inner1_selection,79beb77cc9afd0ebaca6,None,None:segment:0,66,6,36,6,90f2cb5f891b88418fe36b2b3e9757bb162a590ed4b74c0af5a394319fbe21d6,cd41bd1fe0035974587b0ba44ebcc2b3776e9ef61ac6a8332340ec33fb73d9ea,20447b7ccdddf16864ed96753d4462f1e168e07ac8765904b72345b049907178,2021-04-04 20:20:00,144,2.9652,afe4b34210f4e7be0cfaca4441c863a79fd9f96b747de2d676b601f6133d1245
pleia,2,inner1_selection,0f7cf498f57f1e3797b0,None,None:segment:0,45,6,36,6,e885230457c69eeb39b119b5fd46cd29b50341ae0c6746a132458f4cc8a0c5b8,64793728a341feaf8e0dc6bc3d4f44e07d45635acda1febdd8c04d98fdc608db,ab8367f30f1649ad8641d953d442dfc55fa7a5f260e8ec6a61335ad165b6de93,2021-04-05 16:50:00,144,2.9652,f93064bffdc1ccedc63b2228e20f99a311fa0371951d0a970528bcfee9a0a781
pleia,2,inner1_selection,5720e316fd3fc3666929,None,None:segment:0,67,6,36,6,20301ce578e54b0c64d3036171b21c0657ee0aac10abefa2a96737a624712fb1,0158bcd2ec779dc3fdf22b0898644992efe97f46fa435432f0c288a840402f7f,2234b7d10b6f1633617900b7773df8fc4e5de3ecd94cc54b082160f122b6f35f,2021-04-06 20:30:00,144,2.9652,f0b9e524ea402905f153468da8e74b8ea5f23ea923852aa3eb73e7ece947f964
pleia,2,inner1_selection,b504cb549452151d8cbb,None,None:segment:0,54,6,36,6,16385bb2e120b5ce97704eba742096c02926603b4f1e47b00b5dd9b8aae9c3fb,9053aa78ea9610a02995ca3ccd00e390cb9af61faa180e989fd7af3174bacc74,5ac9db286acdecfe423d1bd17044c5302b2fa9023884a0e3b4d362b74ded4643,2021-04-07 18:20:00,144,2.9652,c9a60377d5d17857ea36fbfa6842210240ac570d1c4d752900522de945fac66e
pleia,2,inner1_selection,c45131f34d69aa08a9d7,None,None:segment:0,124,6,36,6,15d5a203858528401e0d3cdee984d3761beb67865a43107f780dbf901d7b3fab,2c723d1058bc7176f3abfe91ae28d872a571cd28cd8ff37ad34850d4415eb6f1,a2e9bdc26aa6865636719c0119cb0abfcc9d088be4575b21456b1030646739ac,2021-04-09 06:00:00,144,2.9652,8a27ba8e206bb24f8688416282c9a3f2c910ae8b7be129dac9bfda72ad5ec2a5
pleia,2,inner1_selection,6ae31ee98825a1ec31f9,None,None:segment:0,91,6,36,6,f2ec9c31468339161006fef01ef97088cd8d2f6f62d2868ef47ce9302d89ad3b,579856b077d4c94eba712d2ed10169c53d30d452b20bc37fd77fd13932235e87,5a3bc3eee1f40db370e76f4208a57b1915d5d15638f4c132f9c08ba56d62d582,2021-04-10 00:30:00,144,2.9652,8d3e4046ec762e7a99690edf765964bfd6ca5a8685348e5334486af47261d852
pleia,2,inner1_selection,21bcf0003513c03dbcf3,None,None:segment:0,86,6,36,6,b4a03f932051e513069ebe3be39e8028f6327fcb8c05a5d8d9b783f21fbaa47f,412510936c694e1fc2d12beecddebb3ed04d060e5e7d3b2191fdc3732d5ca51d,c79a1b85bd2598f6895be9c325606020f15b581a0f7e4594e655c36a7b457b47,2021-04-10 23:40:00,144,2.9652,fab08ab8de09e26adfafc8083c2ce85142d58b579aaaa2f326d22fb15805cd6b
pleia,2,inner1_selection,7a3dbe903a4288f438e8,None,None:segment:0,106,6,36,6,377d459aff72c05a209c57a2a5bb19fa1ce06636c8d780ac65f22663fd519f40,85f4066fea35e8c94e99e59b15c5490d21b36c422faa327a0de829471aee506a,8d26d4831f822f621f950c2279a465d50774b210d97c1ddd187956b75bfefbd0,2021-04-12 03:00:00,144,2.9652,6929947191ae2250592c34579194c63c31df33e96018dce2ccd4a688fd7da140
pleia,2,inner1_selection,bccb900e3200fb681b30,None,None:segment:0,84,6,36,6,d5a2d37e7faa863837c52843fe9eb6b87610ec2032da622b71211819c299ff89,7e4658702803b4f5201dfaf9cf2548149d1bde3b0669375076a4c757064ee5ab,8350832f2b2980f96d8fd42b895438bc5348aadece3c84786b0805b73f62205e,2021-04-12 23:20:00,144,2.9652,56fac26803e4a8e87ecc880a6313e0669734adcdea53df02777a63c83b2a0943
pleia,2,inner1_selection,8b0037240ead3e4e0294,None,None:segment:0,38,6,36,6,16b5b793ed1c730279f6ac7ea7088c733bcfc4135ca7a9b605c633924b295f96,f6c3002bee2cc5b924659a60fd63092a92a6898799929ec388f6ae271ccd24a5,fffe491bc9076a9bc8a09c2ff69104fa187aaef8027104d2ae3b15dcc63a9850,2021-04-13 15:40:00,144,2.9652,4f260fab21cfa8fbd0136f2b3e0361b0b467ece768714c4e6a106825c49b3581
pleia,2,inner1_selection,0a42b7cdf03111e07fbd,None,None:segment:0,90,6,36,6,389d129acfd3b4c28ae8d9d7ca5489356315973e0633ab4e2462c6dccc8376bf,3301ba4b9ffb3b64cddd90257f29a21e1c92c15b7215c8583a983fa35df26c86,5e397ae10e523242f45b593f5b4c23fe042f74fdd141c211983556d285efc4c1,2021-04-15 00:20:00,144,2.9652,afd790181af65b9a4fd50d9222f15457e450b85933e6f49d4a05b045f7af05c7
pleia,2,inner1_selection,318ce3237350a40d75fe,None,None:segment:0,42,6,36,6,9adccf90eb4a37b6b1774f04619f031c1a68c061e9e1048212da3a05439f91f4,c6b781d101b9a4c0c92579aedef1f2e6d041a39c976ce25c1295b4defcff53eb,4f325e916eeabcfd9b3fad7f3062ac29cb7ef1944591deb6ca6ff198abc5959c,2021-04-15 16:20:00,144,2.9652,58dcc02e180e04aaf1acbf4b94fe12e2c447c0ac08711f205b6c4fdcd74c0319
pleia,2,inner1_selection,024ce13e39a11e3666e3,None,None:segment:0,84,6,36,6,1fd1b79e98f245802a64b4ec7805383c0b34ceb9a89b32806bdd0eeaae3b4f43,c4ac439663e49f9b147a4877c3f879a9a1561ec82fe7afdebc7fbf59b46b5d78,0db155682a007961b12050b8fb24abd6168bfe061c6f80c5d8d79fa7f7ea74ec,2021-04-16 23:20:00,144,2.9652,5d4958994a2a0d2cfbd928d434dee95e2a5b42849db0249d753948632e1c0d46
pleia,2,inner1_selection,e84f3ef8854794d34af6,None,None:segment:0,72,6,36,6,e781e93935272e3e163b8794913ae2bb8858ce57150220fd1c4bb1d1dcfbf338,7df3272c32c3edb0004812bc3d9102a7a71e741fa97ec7025a5ae93dd65a8030,2d3ce136721d9e45026cf2fe12bab3d4a853b5d7a27409b687fad4b9d25ba370,2021-04-17 21:20:00,144,2.9652,ed1173d279c68e3e540a73778a33bfa2da6615c13e4dd1b5e3a2ea4026f5f0cf
pleia,2,inner1_selection,667b9dd1988500580d0c,None,None:segment:0,56,6,36,6,2930beb5a37e623b4bd26a62bfd54e2caa7c09c1edce00ca8a470949221670cb,d33a7633ee9307a0b7c9a137c3555ac49b22815d2580dd264c8b6e3090d0d8b9,532f87ddc417d423249cfdae952c2e1a3d8daffbab4a506d14d2f4e6ffc0a69a,2021-04-18 18:40:00,144,2.9652,dcb8f4b3722934003b83ed19e2d951d3d7ad21a25c705d1aa2966bc2b1607302
pleia,2,inner1_selection,5c1f4aa3ef00a47938e4,None,None:segment:0,110,6,36,6,0d22e28c8168926220280b6a385cbda6abbef06fee6712589f414b25e2a465c2,8c3a112d465ae34aef6be3211956c3ad7eb2470f852cd74876977f620a3f4ad4,561d1eb56f4b735686fd8fd618e48cc8ad239d069ad20d56eb4676b0853657de,2021-04-20 03:40:00,144,2.9652,d5f2132e5353623b91e445b2993b859f29f5a801fa51dfb0f3c0cfc8ab48faf8
pleia,2,outer_test,ec3730985769999acec0,None,None:segment:0,75,6,36,6,a57d5c1e7baa68a96d6fe7c6f27f231b63e95a02bec9f66bba4128ae8fd86edd,6052859d6e2ea2b87f543b4a0c1c4ba659db49e9e539e33994c96676e6b0a1c4,8e5bf605d67352fd0b00e13dd5ccfbe57540b46a9ccac898f13fbb6dee55d846,2021-05-26 03:00:00,144,2.8169399999999976,e9e02ffd5b54d2a83a02d5b88537728266ef8b044bc7bfe2eaae46b74e3259ff
pleia,2,outer_test,3c2ed441cb78fe67ef35,None,None:segment:0,103,6,36,6,dedce5c033fa67342850f264e828d3e5f8eb8c0e3bb63a7bbdbd7be844242491,73dbf4f63c40ff700b650eb10a5646c79d199593ba55f7c6c08b33b841cae8d4,06f9df17983679ac06817579ffe0f27007f39fae73c1962589addfb8bdec7654,2021-05-27 07:40:00,144,2.8169399999999976,3404954509bba01d36ab117ea4a8a96eebd81a0c71cb865cf56366fc00c48e31
pleia,2,outer_test,8b9681a4024d46b3e7ec,None,None:segment:0,66,6,36,6,4e599e64c570aa7884063429e488e635ca3262affc392fc90bd9b9db53d27fa3,8e2851b90d6e902afaae067b74fe8920c1e9f0978ef740888e1c7539c924091e,90d445caa5178c4ffcf8b1fb384ba01ed68537405d86233cea109b218225b7a9,2021-05-28 01:30:00,144,2.8169399999999976,5ffd3c575c43ec87f1c25e6d3d428a505d85fe471ea65a4f6c746dce08ee22fb
pleia,2,outer_test,45e3b6a5fdbd65e8305e,None,None:segment:0,70,6,36,6,2706146763ef0e38d5b0c314106596cee8379d026d049c8dd4b9593752704635,39c390007141d986a95d1b8906a06171c871dad90d75ae625514f17714addaa2,fa4ce236f11c04ad30c4c8bbecb65b1bfaeb56ebccabf6e8b8b755440169ebcb,2021-05-29 02:10:00,144,2.8169399999999976,6c58d84ec363e98e3ec96250fed2c9f5b2d4896df5fe0d705bc32064777505c8
pleia,2,outer_test,9cb0d333b98f74f847ab,None,None:segment:0,42,6,36,6,3c364cea65088e3a881d2853186f8f6739d4a48f595a3b8b34c70377737b6012,dd899bc5ccc1555eae217b1f1d91a8a6b4fd0819d83c04156d6c671981842d1b,c6d6a800592389b08c2d970e8ee0d0e9eb46bb314e5852ef8a2a540b4c3b3fd6,2021-05-29 21:30:00,144,2.8169399999999976,ab2d6628eed09f2dc2c1100670e5248fb2d2c5730353888a6e46b3aa5c173caf
pleia,2,outer_test,2481337af1f347d1dac3,None,None:segment:0,69,6,36,6,3d8bf7d0cbaf4b17920df83824503ff3a5a9c72c284c8fb900b80b3ccc952b97,0a269e542556fff8bcf6a70e28426f50d0f2c987075706539110d1570771b233,7d17f7c05042ff444e6f6cfc4efb527c0325ae8b0868dd26a008f06ef41b081f,2021-05-31 02:00:00,144,2.8169399999999976,2487a139d29de3cc1326f0c6a8d55dd6143aa6d32161df4beb2d2470d72386d7
pleia,2,outer_test,783ec13683ecfbb3bc3b,None,None:segment:0,42,6,36,6,8b31fb8f3b89f3d0ef5d805f36c52d270cb72ec1495a144cc30855b21e3aa4bb,1fcb2f27b99fa83d4fcea5d342826044e5d946715ba23623a074ea2a3b9945e0,88748d313230328476d4521eb484aeffde73a8560569886f84f9ddeabec6e68b,2021-05-31 21:30:00,144,2.8169399999999976,235adbad953e5a53292401c5ebac9838bf8a936735a8bb032122ada6bf842b8e
pleia,2,outer_test,612a34cba7b4e3c2dac2,None,None:segment:0,126,6,36,6,eb135be1964c046a1a6d3aae566940bdd9c58a773d589b0e08bee3fec5e001dd,3f7f604649c61fb7ad22941f2c16c44c7c48dbfbb8d507181c378fe9155ccd0b,5b264ea5c0c2c24fea02771c0000f44efbb05b23afb91950e0f48bc2b08264a9,2021-06-02 11:30:00,144,2.8169399999999976,0ad761c54e0c51bc8176b192966d650ae04b7bceee7e1ff60b4ac2e9cac40d56
pleia,2,outer_test,d8bf8e87c5509cf4cea6,None,None:segment:0,47,6,36,6,855eb9ef3bc4419a5ad373643bd848a40ac1ee159e7dbc18f1097d6c8fb49482,29945d46776cead36a050b4cb4fcf84d209a5f726cdf5e3650baeb43dad753e4,ac0321cf299b05964f6f31d605811bd6c80bfd35ba66f8a1900ee011e2a4c2bf,2021-06-02 22:20:00,144,2.8169399999999976,cd63c9550f2b1d5438d2b28aaba364497da1f74d30b22fe7ba4db58e132023ba
pleia,2,outer_test,bd5c98fb895a6434103f,None,None:segment:0,127,6,36,6,077b8876bb355f647dd3eb981c3d26cdb91768feb8c0e8ace6ccb13684d3db75,aaea5180b5f47c517e71f304ed4f1263ab52bfdf9f821c11fc68cf24bb0777ee,74c7c5e310fca4dc733e8b9f247f1b49096e9ff5b1997c6e0fa47ede4373d5a7,2021-06-04 11:40:00,144,2.8169399999999976,e3a89c225bc86f73b79040e37801c8c36c55bb28cdd689caed9248544f14892c
pleia,2,outer_test,6dc6912aa0bc1eb2f0bc,None,None:segment:0,128,6,36,6,325703444b14698f8daaea66d35a49baef19e9da664db6d206b241bd1b5c9cb2,49928569d5e665f6cf269c9c95ffb613f5898f95338bcb0e128b06e2bd9b49b0,75700b666e23f3b9a8353e36cdd58a36f610a2bf825c185e16ed060ae5247fd8,2021-06-05 11:50:00,144,2.8169399999999976,114e93272d24b209ed16d4478640fe1b9e251f3b322f837be92d8eef46e6cfc6
pleia,2,outer_test,9c545d5dd7b52b39686b,None,None:segment:0,71,6,36,6,1372da94f93a12835a25398ceeac3f1c1bfe2190e181d8eb8cea7e0d07a933c2,37d1ca1978c743db08ac3961c9faf8aecf4ef1581451865444d31d9e0b0d8af9,106b0859f0f5123773da2223b708cefa99b74b8cbbd203d897a0c32fe4a1fc80,2021-06-06 02:20:00,144,2.8169399999999976,52e800e6b14f651d15b58106fae3c2e421274f67cb0140c833a9f89bab6f3cc4
pleia,2,outer_test,85583af4fc2a9beddd7c,None,None:segment:0,113,6,36,6,f2eef8fba89972412c5c34ea64f55151d2c50845f6d355becec836020ecc7b4a,1be9221e3feccda22706c633db9e7ab24fbc4aa23deed9200cc28d6bd1814db1,b0edac136f400032f98beb651e9942edd6eabc74bba7e447fa1a346015932561,2021-06-07 09:20:00,144,2.8169399999999976,1fcb38f82b285c87478ef16b7a59f6047005035c246a05931c9909ebbe2195f0
pleia,2,outer_test,205f9629a76c37a65cf4,None,None:segment:0,98,6,36,6,f44f99825a1fbf7b95afddfa6a7670c20e89f95fb0834e783c7fb157315c4a91,c6cd681f390ce9bb2b40729d5a13004c62c292fd3fee9390224f3ec06baf99ac,2591155c11c9259694e4d7e6b3ac51684ed2c8f3225b0c1359d9ddaae012fb14,2021-06-08 06:50:00,144,2.8169399999999976,1f37f1022a277d07c0f84b28fb0c38ee6e5a6aefd07f247d03e454ae95bc5420
pleia,2,outer_test,fa2f3f67d852c43ab114,None,None:segment:0,132,6,36,6,4310df92f3b125f99a4582f80bff36b7acc5769929e26860626f1fb046e2ed91,aa48750545cca2de3ec2b57a725388cc8a5b69354fc0b4cc086035ad412a7bd0,9f5a64d95dfe145e4cdfde4a01394b6e84fbb866cbd8d80df806b100ca471539,2021-06-09 12:30:00,144,2.8169399999999976,6550f304abb2c6ca70d29455eb2d0e572bf0e30626f24dc1b33a83d2368ec081
pleia,2,outer_test,16087b4f2e552fc77bb5,None,None:segment:0,97,6,36,6,9a3905b0c004a8f464c1863071efc466f284b97e395d75236f4a18edb46cb186,e872b26aa5a87608621c0f15199203552de8cd36946e65369a898c508df34bd1,5ca1bec8cb8cce070a31bb599003f509d5bc74c34a5bed21a209e8e107158ad1,2021-06-10 06:40:00,144,2.8169399999999976,9d7015c05942fe7a28faf03c7e8dc06aa6c88c245459adb1f8d3cdee5c3e87d5
pleia,2,outer_test,5eecab36f17da3497a31,None,None:segment:0,80,6,36,6,f9f16950601495991b9b8e51fdb1f2b545bf4f2f605bbb292471caeb208cbbcf,ad44efa091a759a64ed758dc3138dfe079a5fbdefd8309a34b0ab082977e9461,9ddec9e62610afaadcaa8c93395d6ac7145cef4650c391327fe13feade432759,2021-06-11 03:50:00,144,2.8169399999999976,2432ac5c0b11cfd1d95047f5d28ba209b03d34728f1c2da21a884c6ac3dda9ee
pleia,2,outer_test,1b99b5a6213801af4c20,None,None:segment:0,47,6,36,6,b1156bb9d4086caf440b65e90937c33fb5de1926598a4c8c5bfe29e568b52fcf,edc7d3c92d7703df7ab89239ff3cd6c1a113760d3dd298e3510d46451f6cbc54,8ee138d22238bebce263bbf220e40e36ce717a71b8c3f8ecd3732932a02bc33f,2021-06-11 22:20:00,144,2.8169399999999976,71b044cb0d8f9cb909a45047c1cdaab012ed49ebd14b894b0d6807020155a5cf
pleia,2,outer_test,fbedee8ece0a55c3b2f6,None,None:segment:0,79,6,36,6,607b2d73618355384a2167188a479f9d5cf99d46e31daf3f6bcd91cb5f5dc19d,72a810b85475a002ecf61369963f28bcd98352b2bfece3dbae56386ab6b9564d,5523a00f3a49585ae0dfb5c908513e70f816eaef1e4a59816ad05ecd8405ceb3,2021-06-13 03:40:00,144,2.8169399999999976,d601090890481bdc51843239de160fee819a1857b0958739a480e46fc7235c2b
pleia,2,outer_test,0406505c2d05431e3e3e,None,None:segment:0,87,6,36,6,3e34a4d51b76a17f36869ebb8eb939b47f49f4bb94338f34b9163ba4cd6af55f,62a3dff6b11d750fbdac0516a3ce34bfd89dc4e1454907dca4d6d7d64fe0e68d,f25c7510dfe91efff02ccd933a01a46ce076d377b4d7a00e2bbf70f860b99bb5,2021-06-14 05:00:00,144,2.8169399999999976,2935820cb1c5d40e752ef1fcd07f9431d3ee2e41ceb7113bdc06de85a588a259
pleia,2,outer_test,68ad9b110fdf27884f7e,None,None:segment:0,88,6,36,6,d9881cf9244e1e7cc7a4e53881cc99d57c38010e55836f96b0c2346c7ee1fae1,c03f6aa01db3e586b494903ede95ff60a7c1115cdd38a73b78076df2a07c4c21,d15cd29bfa0e8a8f97fa8dfa1a0a234d3a4a55e0c20e937519efaded9f803c9c,2021-06-15 05:10:00,144,2.8169399999999976,32bb3508c0c8f224a3de35c8345c57a925ec94e7fc1c9113d7f3de8da7935992
pleia,2,outer_test,c7ec52ac7a6f897519c8,None,None:segment:0,97,6,36,6,9849a879ac50ef4f9195e8886c2999d02acf1fd5575e6fc1b8987e90f7c78733,93ede0162115cb3a19a8d4d01f39afc8c8c8af778fddb435938202be4293e7a0,5f7a5dbd8c3f361dfb81e56b9ff887fd8352d1b1e902eea60119347901e4aa70,2021-06-16 06:40:00,144,2.8169399999999976,41d08696f2fe82ef3c2ddc4047a26ec791ae7ae5e891828fbe86a417a607966c
pleia,2,outer_test,1da99732b990083accbd,None,None:segment:0,45,6,36,6,004d9b31f535623c78175643594aa9c312aca6ec56fcd95153eab931c0af9e8c,a2811b7ad59141c2a6828d49e8256b0d21a17c8988b9a135bafbcaf6f08af4c6,0937cc50dac52b83269f5723a847e888f5da018b5dec25a6801b68167efe17fb,2021-06-16 22:00:00,144,2.8169399999999976,2513723c9b5d355bbd45bd576e466f2ac86bb1baccece7f781ab307dcde5f662
pleia,2,outer_test,21f1051d019484c75fae,None,None:segment:0,64,6,36,6,830112ff871630b6cee80a633d1a3e43aa79c9645d618386c0c836e9f38db4fd,4d3b415c443d24a471d5397a1e5beba103f425af4f494bf3d083b288739ce7fd,1f77cc0aed9b41f952c6ddaf73abc8105b3ad02797ab7f334aea9681faf71cac,2021-06-18 01:10:00,144,2.8169399999999976,16aa4c2518de06e80281aabd4d2d237b4bf6c1e9241d3463a60de3dd29c7fab6
pleia,2,outer_test,e33b302dfc0ced0081e7,None,None:segment:0,93,6,36,6,1f048b7d5c9ff0c461ba71613a2c3f1eb880dcdfa11dc7ce3376254017e45956,82a4d3806e25faad9030353a862fff35ff384e9133c504e59d63bfa03d350a7c,ae1cd9fae5d0fc38bb85a392fa5532d5e1924d565332d07cc14e975c98e7da11,2021-06-19 06:00:00,144,2.8169399999999976,0757e6bcefd81f59bf153006aa07375bbd03a30c5ebb106ef77ad5eb2ca58c13
pleia,2,outer_test,4d2dd324d9e57f85e28c,None,None:segment:0,58,6,36,6,cd7f2e3c206267789b0a7d8dd162f3554374bb2544b9e62b3f575912326b0062,5ae1d3f72391c3d43407828365f803b2ed02d3fd4e8565ca5d0f69de6e26b521,8079d60eadd9f43763d57cec6d5f805d9f40220740839094cec91306a3f22095,2021-06-20 00:10:00,144,2.8169399999999976,9369fb807e4d2b1af9b6a5381e0b9873335a175fa03d78596651482cc70fd722
pleia,2,outer_test,98ea992a4d9aaf724cad,None,None:segment:0,123,6,36,6,3ecf69228a728b133715dfc3c4e83e03e20f754e6750f430d320ffcfb0ecf4e7,c983e7ecf3da8be2ca7004d1078cee96db55c6ba82d213a156796a79d592e55d,4ac97619e736a266ba28c021966baaea5e11851bd975fff02933fb9c4dd77161,2021-06-21 11:00:00,144,2.8169399999999976,7cc8f58635126e53e88475e3162bdfa64d3c6bf144d2aa78eb2a5e6925aff3bb
pleia,2,outer_test,da992078544103521ed8,None,None:segment:0,81,6,36,6,06d0ef1e0431aec38bb0cb7df3b8b718f713a0dc6be73b052f698b87375968bf,d302eb3a116bd6ae23298ad800560b5db2ed966bdd04ee6e187824f2e453a4e0,57ef53a5ba22177d76beb4f4dddf9be5ee9668dd7ffae81481bc15d5b3c0c6ff,2021-06-22 04:00:00,144,2.8169399999999976,fae5a8ff39b6ba19ba5626ef850a6f47d53806a55322da41f97811f49c4c4ce1
pleia,2,outer_test,1b46aa11c483553a9719,None,None:segment:0,42,6,36,6,1f48f221ddc25422fc494325f3df03a611b8be3cd0157196636bfa25ea5ccaa5,0019e87ddd96a79035b59576661dd752e3a68ed640abfc6e508256d3e153e6ab,bf3c9cc970bff8f475c49d8a3d0c00fc2a228ee4b93f499c75d4d69f79e70d65,2021-06-22 21:30:00,144,2.8169399999999976,a395f4fb011be586aff8142f817ede51a132d0fa2194983bd84e890e8719eff8
pleia,2,outer_test,09ef47e6b1f1491bf9c8,None,None:segment:0,37,6,36,6,3dee41190402544521f38a7c3f0ce920eb1f8b02ee736d76af0c92bcf54efe5c,c48bac853323e58b8bb2188b2b5a15e0190ce81b9dc640505febfd875387ed4c,ffb554096b3c8f54c8d26a2c9678cf736edfa8153f51d523ca5cd01eb055a9e1,2021-06-23 20:40:00,144,2.8169399999999976,a20b44b73a9213a22fbf69dfcc26b6944439c108b4f960440e7cd6bba1d16c34
pleia,2,outer_test,d1796c311ee099619d1d,None,None:segment:0,109,6,36,6,ccfbaf23230407717336c58968984a0591e8e31de42bc2d17fb9f1173d3a083c,4b43e4f3bcdca2cb0889095475c8f74a55903c7a8d2418106f707e55076918e8,6659159fe64535bec20847cc4b244d54e23e798bdf937ad75eea8fe7f3b9a236,2021-06-25 08:40:00,144,2.8169399999999976,cb475f6428b5c2c2821b6183812611503aef513f4caa1360b1ed58446b0c366c
pleia,2,outer_test,6e09ef0dc34b75069bc8,None,None:segment:0,128,6,36,6,9c056a7db49bd86dee97f013de6a92abd58051e72abd58f6ddf542db6d6af4a5,9bb60c6ab3428f3806e1ea9fed42c5c25c20838674a3cb447415a8c8d34a3992,b9ff8f8b1aae5324baf8cf89bf010acae600f2fa8870dcbb60b48c12926c160c,2021-06-26 11:50:00,144,2.8169399999999976,16aa4bbbcc090c7f90f26d97898fbec8aa414e4a1e37d4cc541bff8a4f3cd922
pleia,2,outer_test,85f530fa6f3b1098adf2,None,None:segment:0,63,6,36,6,c0505571c6a11d26fb6ccd619e9423cf0ee2f9e1aab53f563bf988997932041a,08b5e529cb8634e8d843fbefa18ab0251e0ea311ee1c884e95599ea518edac87,d1e5086e7640d8856ce04c8802f434fee2c44b2b91d4f7fd8c93929702f759b9,2021-06-27 01:00:00,144,2.8169399999999976,32180cc94b1a47c747a4bc57db1cb8d212d6027d676e7d11cb360d84c30601f9
pleia,2,outer_test,892bf97c5c22b241ac2f,None,None:segment:0,108,6,36,6,d6d6d058dbf05f84560fb5297391e9a364bfa3f41ad7a4b7450b9da393926563,007886ebab89c160ed281d52b5dcd66347f6711222a17ced2da799537bd4770e,66da9b86ae852bf90f1292deec236bbadf51f66f2e8c3b5b4ed2583933218dd6,2021-06-28 08:30:00,144,2.8169399999999976,ddfa82078828ad343611943b1a707bcabfabb21e3c0440c34edd6a26ee18ff84
pleia,2,outer_test,9441c888be2dea91753d,None,None:segment:0,63,6,36,6,076b2e05ee53ab0d88449ddbd3eb63dd604fc2093ca50dd3ebc1b9e4ed3ca3a3,80478157e6c374e603b92a2ae921631a820a0ec4fb0f2281a2179ae7637f1b09,26f234d43e7e2129080b1fbaf6ca9f8bf0ad7e8b70fb558c54af2d7a40977256,2021-06-29 01:00:00,144,2.8169399999999976,ef73359ee6b99e4d25a18e19513369280eb0ff21d9e56106a00de510321eaac8
pleia,2,outer_test,bdd398f2a67f1481e250,None,None:segment:0,52,6,36,6,cc0bc93989340aa18d7f457a505d48cf049aaedc381d70cddec6d6d4d7f89445,c6a2455e28e0efe7809d1b055188d030f10b27dff6e5cb1d3f2b2755a7e34464,6fd8018ef97044a3dc12df904d2c321014e6feaa46c2e4eeb0e8c47ba1c4816e,2021-06-29 23:10:00,144,2.8169399999999976,3d1fff292072e62a90d93326957f528adab566b22a2daada966bbdc3cf33e28a
pleia,2,outer_test,9138547b51bc16a6136d,None,None:segment:0,97,6,36,6,b250e5006450ec4bafe5b0abb8c672fe1c0577f65fb6ef16ab8e1c2804d44c97,c22471068aaf3a287cf4ddf541c99d400eaeb5a9d80deb333dea3537d683c497,3734aeae1dc27451ccad56b1a5e6d74fa11b623c599bd5df825c6337ee8928b4,2021-07-01 06:40:00,144,2.8169399999999976,7b038bfec3c850a4d737362f9af35f668b2274d106d4f4d020b669b8fbd8efce
pleia,2,outer_test,0d5024b30639d542d6ba,None,None:segment:0,119,6,36,6,d758c2bdfffa98dd5f606fcbb0ff55b843c5554ccb9d54f1ac331fa671ee406a,4835c67ba9266332753e193762f1d9aca545aff5a22158302d95a40317724da0,df8ff622f5b6cbe4ceaae3be155d4678b70f53583c87c1a872bc29c63a96ea44,2021-07-02 10:20:00,144,2.8169399999999976,e25a1c08425cf30473b40548b1c9d64a050b7fa8ad7f8bb01253869bd7f731b6
pleia,2,outer_test,e10acda8b98e50f3d35d,None,None:segment:0,120,6,36,6,31ae6ecbb984cb9f1c6c699dbbda88f192eddc99125b1159851a4d94dc7c579a,18073cd38e01ac55788dba764e42cde2c9af9c92c3c857123ab1e1ad9365c249,483768bbbc3008d1cbd7d51e58a0904e55b0d629cf6ace58dc4af9aabe662008,2021-07-03 10:30:00,144,2.8169399999999976,192c1ce114f24a553c10faff1cb278ced0e672f25544ba117e59cce2821fd4a4
pleia,2,outer_test,36de58d27c666754f38a,None,None:segment:0,86,6,36,6,f8ee95d706e6cd04b0e1243fb5e2e8d8969e444f0c6c49f7f51335aeb09d3fae,8e96a9933acd48ff3e7e175473e869db53a2c666703cd9b01bda13f0b38a187c,884596ff5791b31064a18a30a5124465a553b1a706f38c8cf81ddd50bb07ef75,2021-07-04 04:50:00,144,2.8169399999999976,3cd2b54e42303ee6e830a1bd798f9bf3c505b74b88ccc0eb53c213455535d78b
pleia,2,outer_test,fe11c3fc33eee8cb7e0a,None,None:segment:0,102,6,36,6,9dda4d8ebfa6697b3b072cb3a9a4f7a26bd3dbe8946e738da361f8e56c6ab5d5,4e8a2b7feef5c0f98fbca75c84ead8735451481e6338558e00514d1b9e34ec8d,652602ed49a7cf689b14bf1d941b6992bfdc32d8808bd0f6cfbcd00401e8f47e,2021-07-05 07:30:00,144,2.8169399999999976,990c6cfc029d926dd508c75a03d5c33013a53afb0a99a712847457ed9126c0cb
pleia,2,outer_test,69f1488040fc7445c73c,None,None:segment:0,98,6,36,6,3f36d7a30ed3f41dce312c1c98652bb687310b834049f490dab949708fa7ce1c,75e3c27a5993a245080b8d84886a43efdb80835d798e24a7f4564a911de2c8be,aaf3299aed0e7c6bc2646e117afa299c68d203a1504464afff7d1ac91b03c728,2021-07-06 06:50:00,144,2.8169399999999976,7b8b4d154a8c4b3ffa9a44212b8aeb4e5677bd25c3d9a3168f26c019686ff66a
pleia,2,outer_test,5429c70ed16977f0d59f,None,None:segment:0,61,6,36,6,9e59b609b17253a2d8864b844ab340dc10b57f40778f9a26df92bcf629f4148a,5f20214c5115354b69de84cca9b1f0665bdbb5b7bfc8f679fd2db4a4498079ff,b6d6f4156e4dc8e5817c01156c5d4c9bdd9fa1d97561960c99fba619ff91225c,2021-07-07 00:40:00,144,2.8169399999999976,0a066085f6a75b121341613d444921e56be5a11162ed11448a5fcc24dc7a5f15
pleia,2,outer_test,93a84165eb93de404525,None,None:segment:0,64,6,36,6,cb262bd702b7380c32bfd2b45173abafdfd07f5aff4bd1b8ed93e25f8c850b19,03b59463e5703de84da5983129cd569cdec38930abc351ab89b63a89d4655b9d,f79b842561f85ad172659b47229de7a196c9ac5d09802f3d6262a0610135b3bd,2021-07-08 01:10:00,144,2.8169399999999976,0d5a5c895b7e03ee38b9e1ad6c4079c6f369a43c9a5038ef7522960af351cc9c
pleia,2,outer_test,bf1fde12598a3b4a9607,None,None:segment:0,111,6,36,6,1f849f22510c608090cd954eb23b1c02ce7f22c6678b5fa61ee2b9ae35b85d00,fdd763be5b3806d1d5abebe29ffafe936cd827c29872c1b464f547f86ba3a8ef,c43d56a044905c5ff159e18a30a169316ccf20df162ecea02b39474367cb88d8,2021-07-09 09:00:00,144,2.8169399999999976,a509bf609775af79e06470113e67358e90170cba5530ab23d3ff6840bde20a0e
pleia,2,outer_test,534324c1b80b2836b1de,None,None:segment:0,76,6,36,6,4987b97b252fd60b7379d460512169304c266357df9a935a8c172f96f9a1397a,19296afad37c4ee9a7a2dce073db7373d2ed625bd94e32721d76551ab9715a72,02760ae122937c87960f99f617b3ea5ad9cb9d9ec2e255199d7aeca68d7700a9,2021-07-10 03:10:00,144,2.8169399999999976,b214c63418225dd3fedc06df577b01c006ed1b3d21c8e717c7e6f56de0fa4640
pleia,2,outer_test,2a7b38da1134087fb2f0,None,None:segment:0,125,6,36,6,6cadcd7bc28a6f71bdc7d250258ae19321f05bc5cfa33f7d67363329f8c37aee,6f4b3d5a2350889304bb84927a8187926f692dd3f3cd4e20a26a36991be4faa0,ac83adeb3250e0ad84e3daf0d527498fff469cbd5ffcc39bedd325e0cfef3228,2021-07-11 11:20:00,144,2.8169399999999976,0d6d0f977d5c6c29af3d9c8d215621874ebd5e3bae9f34f9720f66548e58d9cf
pleia,2,outer_test,8f2d6069464912b9cddf,None,None:segment:0,72,6,36,6,eeab1ee673837212695d0b88a451afac8640b3843e79c35e4366b3cfd2ff644a,d9089e4f20b807afd284bf986cfa2862b74133594e53a00de0c5ff4ccf5a8638,f1b2e476ad3b44e08f62c843e7ef51d8b1913fbd56121a8a92802f000d005eee,2021-07-12 02:30:00,144,2.8169399999999976,d1eba634b5ecab53c6de962154b4626a20894feefe4d8b607851d7615d0bb3d1
pleia,2,outer_test,c1208554d2ab2ad410c3,None,None:segment:0,72,6,36,6,d3f09eb5724ecd351bb30296495cb32ffc6f9104efb4663487fc34e51e65da20,6430dd9aa7e69d27c77224941389338e314d9bb0871e2090a6fc245c26d0e380,238d14d5107bb134329d841d39f9eaf8f95a95815597228b7b5e560a9145455a,2021-07-13 02:30:00,144,2.8169399999999976,0972f4c747545a1dc975bcd8019b98e1400f357f3687b362ce2bc4cb2da3c533
pleia,2,outer_test,fa41b7bbda81524af2b1,None,None:segment:0,130,6,36,6,d928ada6b1d6590355e8676ce8a8984adadd096f4d6f65773dafeedd2e803f9d,680159f6c1c1d5ac7ceb8cfb2ad6811f161bd1f9741c4b331cfcabd6c9c35cfe,83eb9eb29fa3525cd4d631c06846086c25391ccf5fafd52e2d4457bb9c126799,2021-07-14 12:10:00,144,2.8169399999999976,942589e42fbed90e13fa55eeaedd3991ffd6d034825bfcbb7118e854316c65c7
pleia,2,outer_test,10c5d571f33a0eaf5823,None,None:segment:0,71,6,36,6,4824254fc4133bdedee901a64addb3d3ff8032616030b21804ec80d0a9975aae,3bd33504edfdfdae6ec8a7d75df6e91a106ed72f60b8ba726375d3a2f7f51737,09b695384f43131ef52585df84815dae78bf7908b2648a4fb3b9b9e91e584d40,2021-07-15 02:20:00,144,2.8169399999999976,78e789453d116ccdfdec38018633f850d19555bd8c113c4dc9cebc94d1fdb417
pleia,2,outer_test,70ee2cd4569e7dd0b897,None,None:segment:0,129,6,36,6,a853ec21d091337f5a588158125713bcb245226e295a9604352fac89542dd07a,f09eca9b96abf08ae4f40a884650aeb4f580ca5cd4ff3539094ef5bdb5011963,2139055991213972d953fd7050b33f3296feb4974fbfc4a44d2fde4c7f3ad773,2021-07-16 12:00:00,144,2.8169399999999976,05bf6cadb81876a70c64900fb036e198ad9f14a7ab4b336450919560de9a4c43
pleia,2,outer_test,7a3610915bd5aaf6448f,None,None:segment:0,124,6,36,6,d40bb56fdffe621dad342fabd73ec68278279ee814622a6704b30c978b610da6,afaab8754ccd40c95d91bcf95900bff8609b6a24204d888cc295524b0b24a5be,07bf417628d7142f7b8bdd5dc5d1b879deab0173ae479c2dcb684a2b2f70fafd,2021-07-17 11:10:00,144,2.8169399999999976,9ed0c8a7cb8486ae5eb78c2cd9486f2be6531ff3857b54615f039ea8a548e3c8
pleia,2,outer_test,f2d11277aa84c358d45c,None,None:segment:0,128,6,36,6,127dff04f24856c7f5bd8478265b75f6d95cf078514f528828ad5a71b0c50316,2debe760e1cc4d7349c8ed640dda377ab380c243b1d21b419717426d17a22bbf,f58b47e5ae2fdd671672a938666b27eb5410e3bdbd9ebfa4c5a5d0b6a6f30e69,2021-07-18 11:50:00,144,2.8169399999999976,de990a18bedb03c4608face56bbeb8f91f25fb62fbb5096e77560ca3d438b5c8
pleia,2,outer_test,21e52a65cacca62742cd,None,None:segment:0,112,6,36,6,1426cd02d8aac4d3ce2038e25dda76b7a2b61b47f6cec6b0e1b974561b6dafe4,c5e10873de63c20a9d0c7573205a731daff12e971853ca23e24683a292f00060,96c74eda60e122cdd9e98e02c289aa3a6bdefbf08426ed860eebcd57cdfbef47,2021-07-19 09:10:00,144,2.8169399999999976,d89628ee34e7a21b8e176f5324d86a4861e7bb87c247f8843b2ad9f8dc7bfa7d
pleia,2,outer_test,0093306fd4c7e4c38ccb,None,None:segment:0,67,6,36,6,f216327c7fa5744c160070f0c17cf46bae994c0b8f636c290a019df20d02b948,ba4c9c1180af35554fd7950d29807c9c184ac6d50c2e24e4f64d28d0418bce08,50fa14f132647743bbc2771e04d2b64ccb415cf5410bcec75c769426f38384ae,2021-07-20 01:40:00,144,2.8169399999999976,debb2d2e26296c220f9596388cbe36110e2ab73c2668abc38082d728336ebb10
pleia,2,outer_test,21085913480fec641b4d,None,None:segment:0,37,6,36,6,080831c402602fecc133034edd5d5c958b25d6d0135117e0275da7cb189d8d21,ead86ad4e798c1195ece8f19bd5cda6413ad476ab2371d09db92e9ec37a71a82,cca4985720e2619b2ae2b574f057a6ebda1c9fa8d37e299135f6d1c1468b6b7c,2021-07-20 20:40:00,144,2.8169399999999976,a7d9905696bed1fcdaf50db07b5b421ec5916516a748c3c3030dacc935b1d5fd
pleia,2,outer_test,2be122248cada100f570,None,None:segment:0,36,6,36,6,ad5c5650895842b6751be114378c29ba669aab25b15be22e2e10593ba70256f0,af63046939d94d0c22a6ae22205ad341124a7e864f18cf6446927b741416867c,4cfd243c1704b442c179dae58594747e904edccae4515a09bd7dd23172247de6,2021-07-21 20:30:00,144,2.8169399999999976,4d76750da9dff6eb450897539d6949441f00650f3d4217847c9ed896b686efb0
pleia,2,outer_test,4261e698c0d36473c404,None,None:segment:0,124,6,36,6,51caf4c706d7fa340faf398fd312a2c4b1cf8f15f7d5e4604ae9bf58d28ebb11,9d4f48a25a77525999548ab3d5d950c76aaa20aa35ae120d7894243b8f11b8f8,b1936ccadfc0180425639e2a909d479085ece78b75e7636e3a221dbf20d79ef3,2021-07-23 11:10:00,144,2.8169399999999976,05999d07c5f8cb319b878842f7270af12ce03bf135a29f42c7b0d71fe70d463b
pleia,2,outer_test,13add70dc7dbbe87171c,None,None:segment:0,81,6,36,6,2e559988b385e8270ff8526c4b52c28fbdf1791b6b0489777f1fb16ca0e8737e,77e19d694d8f0ba728a6fbbfcee6ba9caa653fa11252f8ad7c5f398c0e9eec2f,d21e6e980136224db87d915ed42fb35d15408489a7754d4ffb5f0eb80d392b38,2021-07-24 04:00:00,144,2.8169399999999976,f06dceab742856dd2ade13138bc66eeef3ea44e422fe628ac31797aee6bd979b
pleia,2,outer_test,f5cfb21dceb1ecdf2e0d,None,None:segment:0,43,6,36,6,dcde1475439bfba30df50339fea57e55165840a13ca11276f2b2cd53c5ee19d4,7d9346898930fd60b9e9b30de13fdb292bc984b35b028864e9c510a8c1cda4b6,befc3229b58510bbdac2eed873181d9b4743cead35c2afa9c33665fea1416943,2021-07-24 21:40:00,144,2.8169399999999976,6605b92d799272e94cb32af9f9bbab3c05493f0384ec4163d5309f974a41d895
pleia,2,outer_test,e1ad3030357188f27f39,None,None:segment:0,67,6,36,6,8b8edf781c91807a7d5330cf2c08b90ff1a7fb8ba65ad1e1b05147dee4d423bd,01eb01a116d99ea28f6ac33aa8abdf8117ad0964c515e99a73fa072badc3ea99,b2cce67ceb3be9ff5e790af6404a7becbf6ab7069bd7bf3350c538df769e12cc,2021-07-26 01:40:00,144,2.8169399999999976,c74b3431bd0c23887d56ab6f520cdab3851ebcb1e31bc2d2c5cc2f465ffb0b84
pleia,2,outer_test,c75f1253120be02e0c08,None,None:segment:0,119,6,36,6,f70e21eebbea01ab90680f0402770cf25e3f960c3861e09aac7ca2f721db49ac,aaaecb604b5a283a4f6b9cdb9b8085163a52b28b7beb48a1dbeee545aaeee6e5,70a39a9ad03d3e1343fe510192ab08fb8a7a1b8ee26b406e0742879cfb6b72f6,2021-07-27 10:20:00,144,2.8169399999999976,52a109828decc8188f8715330e6b08ff542fa31b29b4d92c7fde46c751430843
pleia,2,outer_test,c9c1a768c89822deede4,None,None:segment:0,92,6,36,6,70e2bb0243bef7b55f7f4f742f7a97718c7788d5fca57392f5c668ac2a4383f0,4c3076291f41ac9da35b9be7a0da36d1e430f54e8570799b8d9d935ac0fa4b94,8ecb0caf6aa6cf60f3a611cfecb3e47c3975179dec859849588127fddeec6086,2021-07-28 05:50:00,144,2.8169399999999976,0e0bb23f77b09e08e25d85e7ced54c8114cfd420ae70fbe314660dd43fe28c4d
pleia,2,outer_test,a35a89df1c49aa67a377,None,None:segment:0,124,6,36,6,fdc5dcd7997a42a7650725642a5b34ea1fa430d17be8412e465d0ada628f3c35,fc9dcda9acb5bae096965b536d1c66980e62027c89f6550701910dc5ad92038e,9dcf5d05f85bd1617f057a5c597908e4d4b52161451ba6cb106ba168b25db7a3,2021-07-29 11:10:00,144,2.8169399999999976,d41b3e7b43fb85ace0a7287796c71fbbf5275c8945145aa340f3897b056e6e72
pleia,2,outer_test,28e2e38d51a0ef1a30ff,None,None:segment:0,47,6,36,6,8db148fcf24cfa73ff7d7a8ec5cace200ce950934d6552376065e32ded43eb34,f2ff0e2a41b269607fc7e6cb206a6555f91fcbef250504d139b2b30aa52f3af7,7eb385ce05f3ea1f7fdd6c5d8ca1287131e1e64dc8ac10bf791dfa83eee23913,2021-07-29 22:20:00,144,2.8169399999999976,eea8f1fb587ba26c5fd417c6f8982f573ae750be81fe327769b7b40e71fe0172
pleia,2,outer_test,b687fe9abc42db4a9eba,None,None:segment:0,53,6,36,6,ec8b48fb2418f8702fdccdade055ca70168c2a48c4e1427690607cfc69ffbdf3,4f2f2a6e994ce3abcd5f8e898fc82aedafb313c04362b0bd0a318e00fe1098c5,e3ee15f752f9d3e49eb89a6407ace1430f337a3a7bd74be142320a05ba98ed4d,2021-07-30 23:20:00,144,2.8169399999999976,b8b5a340828b591b888711af7f2e4e6e54545eb923547260f5c8ae616d644e5a
pleia,2,outer_test,edb0de7011de49da8029,None,None:segment:0,38,6,36,6,945734ae39577c8ece34caa477416ab0d50d86f2a1dc5b5a563a4cc1939d058e,7e74352aaea28763321fa4f5f1fdc374df269a64ec954c6588279cf621075b3d,3249b2af9f1a6a1400009da52062cc8f5ee76a8d825f6429360c0e17aeb3d62a,2021-07-31 20:50:00,144,2.8169399999999976,a7a1c24ca7a085e1fb4d273f1addea668c574315869943d247023e9d6d60283c
pleia_energy,0,inner0_selection,440d10ee10ec4343bfe5,None,None:segment:0,115,6,36,6,72ba352d3cde3225a3f77a89c6bf1534bdbf406dbfccc21aec84263d22e12ecc,9595f9813364f98fe93bb46b8a6d865dd4b0e611b44b92836cef9a5f82cfa823,e23c522f6c6e0a413d94718b0037369190adb40ec334c125aee8d2af0986457d,2021-04-21 23:40:00,144,0.11582812499999999,9b2f9956e2e14ac7c4108b48abc3cc07f0f880620bbd429abc1ae429ee5267bc
pleia_energy,0,inner0_selection,1aa9f41ec3a662129a4e,None,None:segment:0,113,6,36,6,5e552b414b77bcd9e224c534dd0678e8f65774b0d40e32a2334f6ab77a1f478e,f1cbbc5a44ac4881833e5cbd179af0cfc651a1396730d565afc64c905802269e,d339a9e1416e35138f489b90d33cb09ffb311308b3a355e4407354fb268b6297,2021-04-22 23:20:00,144,0.11582812499999999,30bbd556b18c34926e2704e68fb16f91c699ec295bc8fe862da4d62d1afd078a
pleia_energy,0,inner0_selection,66af0f479e4842226595,None,None:segment:0,124,6,36,6,5fe16de547479c190ff09091b54817ad0773f057ab135bbda00b5be4412be3eb,c6d464e37c53a7f2d3877b3ab71ad01aa567b78185311800435d3fa8d4161197,4c9644adee1889142000c06a44cf89685893a38a4d97ee2a03612b079d49766a,2021-04-24 01:10:00,144,0.11582812499999999,ed3bb7303e8c83c697445149b51aa4d243ae2860fd75e1b4c8f668a2b37c8c18
pleia_energy,0,inner0_selection,f57951f16684d3338d31,None,None:segment:0,50,6,36,6,8c193d11b83bd3b65d7041874ab44604456865ada58e0c12dfe54452b340a1e1,d84820c27b68994f73f7585dab56ec021809212fc2bee0f5f66a2327347bafc3,172fffad571e6db1dcdf880f917c8fcc8607e4eccb98107e388d7e55c4349ec4,2021-04-24 12:50:00,144,0.11582812499999999,515f701e5211fa3ce9932aa8bb59406dbb1be56ac1d863f5361c24e4cb7128ed
pleia_energy,0,inner0_selection,9003cb7d47a93afdbf56,None,None:segment:0,110,6,36,6,6d87e2abb9fb05ad32ca01e88580ac962c298cc0a507f936a7e32b40308b83b1,beaff88525d7909f38e83a468c7554d328cf0e8720c81e6794ce0312d588308b,796fcc7652f8f19bb9737bb3d7653facd16b227b60c1b3dbc9fdc67d3a621ddc,2021-04-25 22:50:00,144,0.11582812499999999,fb50b493f4e22a97d4b1b0c8eb7e3e0774fdeb61f2b1c9bee950b7c023397629
pleia_energy,0,inner0_selection,fadfb892d4fe24f29a00,None,None:segment:0,91,6,36,6,e41f09dbfa5278a66ee2f77d814588c3ec0cdd469a7c7ee3b4e74e1a7043fba6,8b6621684eec91b00d5643c2e4c5a5efd1f7dc49604da87a27409db68a22f203,9792cd345e6568bffdd828acc7d913a2d73d62c232c2097ed2f430eb3f386de3,2021-04-26 19:40:00,144,0.11582812499999999,62c7bdd97c231d45dc00a6774d9a6c922cc9df2a4059fafd6b6450cdcb4587bd
pleia_energy,0,inner0_selection,25ebd43ba8987db14812,None,None:segment:0,113,6,36,6,6954054208f1ae0c1d3069bb023d83bd2e9143eec351bdc6507bcc4709f4b62b,9c32274d7596bec7fe483449e376e5d78e4d3b3feabc7b930f7dc9e3fd58153d,891949c6e7fa87514e832c18acbea814a6618b428fbb8d91f2bf6f1a0edb6cf0,2021-04-27 23:20:00,144,0.11582812499999999,1e9a049eaca8d7b804f2c18f6a582d7faf328213b7583173a954050e95043d26
pleia_energy,0,inner0_selection,3e8b126da72396f79303,None,None:segment:0,60,6,36,6,3263634a28134d079a1b6c249d50784710171a34d06f0909fd7785dc94c57cbc,050bc2fe158c2f732bcef9d55ebf5d500d9e227c7205e5b73684980d87dd7385,6e231b1004baccfb712e4ff4c0174f8e8784f650583b0a89deff2339c7d344db,2021-04-28 14:30:00,144,0.11582812499999999,bf47de2434f69f969027c700e7a9ceb644ac5a5b34232822ec45a24e316eca35
pleia_energy,0,inner0_selection,91b76022e5c7bc4fcf59,None,None:segment:0,42,6,36,6,74ed55e9945e0fcf19743e435b98183c58b369ea688a97c96c0da10e117d7b9e,92003604267765245f4bca1bb15a971d54bbe4664877a1e1090be326fb2b0475,60a5de9c2eef936968b3949c8d009b3f3a430dcb5b68177c0272bf49acd6814e,2021-04-29 11:30:00,144,0.11582812499999999,2a8ac408a065d677bcb1e913d4c9a4d0489078d9ff301485d673806ea45a88e7
pleia_energy,0,inner0_selection,37ce593b75c9c5048ee2,None,None:segment:0,115,6,36,6,1cdc78a7f85bbfa2578dab5d14c5d6b2cbc961f171202c1e12cc203b7fbab69a,9780d088dbaa02dc6792d4659772a157d029ab2c860bdd5c93e54334a49b99e8,39848dfbd812f576068c496855e2888d583e8a886564dc38d9ac67abb12bb1b8,2021-04-30 23:40:00,144,0.11582812499999999,4f34a8639052451dfe2a3cd8b78b95da5e964be5e9d23d81b17bfea730310a82
pleia_energy,0,inner0_selection,f0adc8cb515c630d4d7e,None,None:segment:0,118,6,36,6,d57cf105055a81d92fdb175ba1e70a8082e22416ddc6a5ad4caf824e91b3f1ad,1658e991a067491a8730c26576e2b7139e9bfc1c0b4f21217d94f5dc3914670f,7c58104e4ded0756fa294b20d86a7d1f7bbcd3a36c0a258c44aa03f67246b6f8,2021-05-02 00:10:00,144,0.11582812499999999,25dd27f6fdc0a1d226fef09c6e17169c0a7237b3c129033ba6a7edd2d4a9290e
pleia_energy,0,inner0_selection,12a5c4c092b3b2f970d7,None,None:segment:0,39,6,36,6,63305b087ebab86ed356113ab9a97a14ecddacb8a71ff67c5a4ad539df71a7b9,7d9ec41d2f7d9cd3e5659c4c252043d039bd7ceb84c0fffea46d6a4b6140c886,90d7a6547e670e034d86c95f44d172356bfde580152e43431f541c3fa5c8dc98,2021-05-02 11:00:00,144,0.11582812499999999,3919ccd95ea544ed8394276e0ba31ff6c9d0b380fc5a4904806cb00e5e925caa
pleia_energy,0,inner0_selection,d5ba709c0c5b95a6fea3,None,None:segment:0,54,6,36,6,9c6cefae9fb55e0e9b82f4dab1df567ded01ea68ee3d39b12eb1913bcfad391e,35a4e7cd30e74839fd07c9c864aff45fd958a96a43e80615c766cf6959f352a8,3b078b65c29da99517595c3b565eb8de9ecc40f7adc620e10064b750d2eef954,2021-05-03 13:30:00,144,0.11582812499999999,591ca727893a3f7acd991eb1099f430c5f456493b122e0e341008ea220e7ba94
pleia_energy,0,inner0_selection,efd9d4948be0c6747353,None,None:segment:0,93,6,36,6,8fad43f26fb746668baafa4763e39bba8e7b9df938f9bc2afcf7c98a626d547c,66a2e295dabf28d8e562ce6b19b0b2be61daf2ebf661f76f7aa7b4b1b7903e69,e37903eaac7f85acbf18f0d6af95c3d76e15e521d0481a0be06aba805a558718,2021-05-04 20:00:00,144,0.11582812499999999,2926d41c8c21f2f3cd1c056f430cae6f3a71a4ea693bbc4a4a37d47ce856020b
pleia_energy,0,inner0_selection,ab69ded86672360939ad,None,None:segment:0,93,6,36,6,c6ae302cbad60c53964641ec2c990378c3fa3c2cd1b943c1269162f65bbebd35,c7250c039fed0f22225b95393fc589e2299e14333744f0fde8623391d37a1b7f,eb4447f0cec83fc80d37aa901d934045c1ae878c117eea1227e3ec134ed48b91,2021-05-05 20:00:00,144,0.11582812499999999,a07019a030f7e795c6a4c159c4928e16ecc8a42a93206826d11f02d835d372b0
pleia_energy,0,inner0_selection,0d26567f6f6b63340bfd,None,None:segment:0,63,6,36,6,a67b8a66a676c89aa8333fa7e7ef37b932340ce7df401ad2a65531a2ca1536a9,cfb04577c32a573960c0b9943a4fa98d70d6040e03c207a0bca59a6d7c321c81,fa093f3891d571cbf9e5946eda702e7ce3d7a208a6e6b82be9889451bd41a63f,2021-05-06 15:00:00,144,0.11582812499999999,12f944fe0f96bca311d62b1e66dc675f91c931acc8fbf33eca4ad2e0dbe0d386
pleia_energy,0,inner0_selection,d7581894fede91e4667f,None,None:segment:0,89,6,36,6,2049932d44c008b4a5b2cf0fdcf27330a84e747b1033039cb64f983fdc5c361d,117aeb7e5ffd0b2d80743bba1022ea750b73b753f6ff2ffaa10064da42bb14f6,ba752158555d4b05c0f6e148f2ee2d270180ca2f93f0d7cf378635ef7bb0696e,2021-05-07 19:20:00,144,0.11582812499999999,a1da56c84c15136b4100d7332c6db6e0b4b65b7886e5daa7c5628b31f55ba3df
pleia_energy,0,inner0_selection,ce862c66ce3242a52a42,None,None:segment:0,114,6,36,6,2606f93433caa165bc1dae98d9e39ded76ccf4f4b7fac3f2d366d221e2243cb3,3b011a7c3f96b5e8d2db8be815d185289053a5431db92fd1f953e0b920f51c59,b066247fe330d473ac48f3a24fb9414a430a51b56a449ec43f1a37915237407b,2021-05-08 23:30:00,144,0.11582812499999999,01efb112333164d192067805bd6c435c69796d117f0003a50be9dbdbe7042b6a
pleia_energy,0,inner0_selection,8b1163fba410ca90a508,None,None:segment:0,128,6,36,6,40c84780804a331278b54b5ada847df4b42218b6296d1600c5aa7b90292486f1,c5281bf2ae299fcd8dc22af3bfbaf13ec9227e7ba74b536bda720fbad2294e1e,ab81893df66a2e193b79d6c4136362c49e9e05191cc3f95b1f6bc5e7d733ae51,2021-05-10 01:50:00,144,0.11582812499999999,31a66340e66a7b77ad8c93752456be0f1f243c2cda0cf768d67a42d39f1b09b9
pleia_energy,0,inner0_selection,304f95d84c141ef20183,None,None:segment:0,36,6,36,6,71506175d3c3d532842f5ac198166e352245242776a2298ac2360013ef7ace81,17fb84ded6dc44157f7d92612143305fbcef059c0ba4109d99b702a337f9e0e2,6b0158a1cf41e34afc947af7005bc9c0cf18f1599a343b830c5147db79110460,2021-05-10 10:30:00,144,0.11582812499999999,486a9045b401f658011238dbf7b6a89893e29a02b5b3b4dc7c268d7b1e8df04a
pleia_energy,0,inner0_selection,cfd6600a1935a745bdab,None,None:segment:0,43,6,36,6,f6e0101c2caf5b64c7124d73d6a6c7a3d412a865c61af00d8e1b48f5c1b408a8,c5a5ad15ab62f70edb24ca78d30fd49e40708c14b7d756b3d511c5d016537158,8217845c7e21bc84813f3241530ddf767b3ef16392c2703f9bf77dd53982aa80,2021-05-11 11:40:00,144,0.11582812499999999,0bc40ca6bc5d413127293aba9e58d218468e92f0eddaf1904dd9568d41c9da6f
pleia_energy,0,inner0_selection,b248fc21a1079c2c018e,None,None:segment:0,71,6,36,6,23f173af5bee26d37f5fdbf4ed8169aac996a6f60159ad7e7209d99fda9d025d,feab00d783859b4c227e17068c0fe1edfaebaaa84a6812cd26d4dfca8a24de3a,2135d15ce231d1552bfa9c98370a41fb390d679cea46c643c94f9732c7b0e991,2021-05-12 16:20:00,144,0.11582812499999999,4afbefd374e9712831b778ed3752bdd473b1d9f831cfbf87e04e55220876110a
pleia_energy,0,inner0_selection,1cf2ccea0628c599132b,None,None:segment:0,61,6,36,6,4a1db154e8c19ff9f26a00aedc89fd3b9de30903e9c964764197fd599881c721,34ed8727fd6c166791fd2fb5ed5d78cb0e7a9cc80701e8df39e37f5b8ad9ab2c,17047b0d12f35178219f6386570d6bb7ab5429cfd2bac1a1966a977bfe0e560e,2021-05-13 14:40:00,144,0.11582812499999999,a74b8ee759bd22d7d84867aeef24ce34475d80632150e980d8c7b4ef938e524e
pleia_energy,0,inner0_selection,9a93e43b2c7e8d8f4a94,None,None:segment:0,57,6,36,6,18ff6a04b57627c131299e0779fd923a21eae1d67d7dab98ecf51606330388ea,660505f7cd89e985f43aa03cdcd1d2caf321249efbe656d0365ff733d3321b8c,fb046aa5f4bec23f529f896c2d7b7f99fa27b83272790715e73fee6c1372f6b4,2021-05-14 14:00:00,144,0.11582812499999999,0ac29bee42b1aa5c556a98d577a8544d55f6312f5293a783182173e96d745657
pleia_energy,0,inner0_selection,049eda6006db80551541,None,None:segment:0,132,6,36,6,65e5529b01f02c0a770df4a0c91c40e438228adb56bf898aa4b35e938db49334,90fd2b7c9d46bccfc5cac08a3cfb086332b3897816baf8acfecd6a20dfeb60c6,99e78f00467aa14031b312d5eb14d6a76d4cc4a4fbf346c29a8c57ea07a00ac1,2021-05-16 02:30:00,144,0.11582812499999999,34d8f0a428c77e835006254946d0f92d779a03f5d6e7f67df180da05d8e16810
pleia_energy,0,inner0_selection,eb8fa494ac3f849ecd37,None,None:segment:0,82,6,36,6,3953c11a40e6458f7b9c91ffb2a8812218d190eb930932e3ae20ef2a1a5adf1f,924b062ab961b3825f72c383e3be4e01c2313717048ebaece91204ec6b850366,45738466f665433254b5f6488388da1d5975357f0904e9bc08a73668f9b38a9f,2021-05-16 18:10:00,144,0.11582812499999999,efc88b9dc39844dfbee7bf1ba1e0f6ce74f5a0e911ef37a837541fc3d44e71ca
pleia_energy,0,inner0_selection,496d7b948ca7308439e5,None,None:segment:0,124,6,36,6,5365dd5bcffdd0c4afc8244ff5bc23c6b564c68ecc786ac420cb7146bcc8cdf0,8a41c906d0206deee41b6954d61c12a7a9a75db1970d2384d4ee1d5e7bf7bfdf,1f8d875becd8e6f5d62a3f6807e1205cd295d7d9337ec24c2d4a9b54d937af89,2021-05-18 01:10:00,144,0.11582812499999999,8e7caccb426113f9fc2ff67f5523c45963594364dd5a3355127d5c0e6994c1c1
pleia_energy,0,inner0_selection,6daff78d97766f275107,None,None:segment:0,122,6,36,6,2d002154e43bf3d5705ccdfeec456a1424b347f9502f73ee852f90f278957097,a87c7bf2a69537d6503ef329994f414e63051abd2598779ee1d0b36ae5965caf,740aec40938d67bc16a9b6288073016e7d4dec41f729e49226581faff7e608b8,2021-05-19 00:50:00,144,0.11582812499999999,db7796edb2f34c07c4ac39d331e7e16e8b30ff5574c345cc7ae91b0c4e63a169
pleia_energy,0,inner0_selection,f1bcc3248c091acabbc6,None,None:segment:0,110,6,36,6,7a9945937b485bbb9941f9ac83695fcde8ecb4cb576c9759d0b50cf63dc50600,141b5b4bd050fff8d9d105b67d23b794e93a7ae16f8721e36d0e9df787506bd3,a3b6aae46a5002825d98296e09177f3d00a760ed7a20f384ab4c3c2517acc850,2021-05-19 22:50:00,144,0.11582812499999999,ef676f5c441ea478ea2cfc6e3615e21b65a2bb829033c25b72d9b7edd78ef507
pleia_energy,0,inner0_selection,865eb08080eee8edca2d,None,None:segment:0,83,6,36,6,1f502752fdb86a8283124c2f12a9960049c723dc89a0c7f0980cb51a940426a1,23f282158bb6cf553b3aee2c0cf9936074acec6654722908a60e99102f1437c0,121252ba93634b21a34a321e85476476708f5c3843fdd2dc19cc5bad3d975c84,2021-05-20 18:20:00,144,0.11582812499999999,c166d9a74e03981746578e9516137c791d35303bcb99aa653aade49c11b2a2b6
pleia_energy,0,inner0_selection,f1280023b73e3608d1ca,None,None:segment:0,82,6,36,6,b2bfc7a9f51cc32739c085adba3b54cd10c7082388e1e209f1b489153e59292a,f63eb2a645eb8d9456e4892a5123fcbd9b831715382d7679cf403ba645448e2c,741455a0b71a4cf13915a6b6d555ea83fde8466e8eb4189cecfcdb9f3cd6c317,2021-05-21 18:10:00,144,0.11582812499999999,e69fcac1ff14b860dad87a8e53bc637295248ce667118c870803b30c26b5e9da
pleia_energy,0,inner0_selection,c4691e615fe6830852fc,None,None:segment:0,96,6,36,6,d0f8a88f2122a71e01c09170dfb809671200e6c277bcc2c545d5b430a4149352,312a71c891e1cdf2c8e1d392b8deb0ac08f2d5624d129563837357db41229e87,5b604a0f860091eed60346adc52042382b6a5ed67c3a21c016d206bec9525165,2021-05-22 20:30:00,144,0.11582812499999999,035eb3c02695f3b1bdd6514eda2347e42f69616b86bdda2b1e3a9819dac09747
pleia_energy,0,inner0_selection,eee8546690dd30cdce7a,None,None:segment:0,132,6,36,6,495bbd34278008b3fc2e2636e2a9a63ecad29fe05cc5131d8065727a3a6c0993,a98452840d49f6406522b2069623ea91b5ba802d5cdf1cfe7aafce89abeeac15,9e8feafd15133445ca5e1214201e65b8f8f91f66a8bb2f0e0f28e7cbd344e3fc,2021-05-24 02:30:00,144,0.11582812499999999,dd399129718137f48fedfb956ae6f29fcf7038bef95d9b9ad523be47c8c069b4
pleia_energy,0,inner0_selection,037ca4c091637000bca8,None,None:segment:0,63,6,36,6,8e0364e5918e1ec0a7684bc7c4d3d5e82ad427522a07037e6921ab4da08902c4,170f334831564d2b007500c962832a449cfa9bf9be159791777a5d89eef8d42b,9a93093c09ace2c19bf807602dd395d950304ed9c4ccbc28cb84b153be83733d,2021-05-24 15:00:00,144,0.11582812499999999,7cd1dc1a41e7df467dcded97e2c38a1e7f8abd6c807aeafb56494f4435482e93
pleia_energy,0,inner0_selection,d95b68e97ce677e13aff,None,None:segment:0,126,6,36,6,dcee53e565a3bd10e3a36d66e63e492b1900d06a8cfe857263903dbf88157a25,4f23d3bf916c243743aeb454a42daa2339491e984e1e64ccf846188b04cd6427,047e0fa5ab45c4c4b407423aac6921644eb937756d06efd63682fb1370d929a3,2021-05-26 01:30:00,144,0.11582812499999999,97795587b5a58391675d05c33cb6ba11e8478cf1bb6350a4965ec3e3b707c3cd
pleia_energy,0,inner0_selection,4feedba3fa649fe1498f,None,None:segment:0,91,6,36,6,6e5329717fcb5a20151baa1bdb377802b41c8f27d17dbd2f7267705221721f4c,f44f111abf8a8010e0940b3448c3318e309aa0e94024ccf1604ad77433b05d16,05414f2136fb16ceb3aa6b21be0f210b20dd4951a455444196c95b32a2a1edd8,2021-05-26 19:40:00,144,0.11582812499999999,6e959a993dedffe0a3f3c5291c9fca0b5f2fa60b6165bf962f7a9b94327d3799
pleia_energy,0,inner0_selection,7667f8a3ea2d994790ea,None,None:segment:0,74,6,36,6,f89dbfacbff99b5202de0197062c37b8ae1a12f72577aa228c9eeb6b2ce66728,1833cfdbfc9f055da6a64c522cd62237892714620c886e14ab1d04d890e1b14f,3047b08e7f4a6f867300242bf6cd38dca5d25d32fab295120f7ef356fbab9a0e,2021-05-27 16:50:00,144,0.11582812499999999,92a26e494769d0323d17a78feda267ac1cf0766686f78694a6cdfcd4b3c6250c
pleia_energy,0,inner0_selection,1f4f44bf0163040802f1,None,None:segment:0,64,6,36,6,be3bb2e0a64171fe975ffd4214428bec2bf99637da5912ded5486823841089c0,8c5504159445b99f197c047bde770b7b34c32844ed4e0099c1087bdcbdbf01bf,35d1fac8df11f0da97bb30ebcf642f0b888724e0ed86c047b1466e8e44d6539b,2021-05-28 15:10:00,144,0.11582812499999999,3664597935757c30f103a6de289174e4d4bd936aa97b9f326c73d40597dbd490
pleia_energy,0,inner0_selection,0564c025c740a03ccb59,None,None:segment:0,43,6,36,6,7fb283ae90b2966bf28de716a3f826532da14123fa2379302edb916f969ec558,fb84be52717ed3493c6770e480909eaed1365dec05cdafa4ca3358628433da7e,e0b3fe63ebd97d04551a4bdfdcd56945ef5e2dae4aba5adf48d7957573639bba,2021-05-29 11:40:00,144,0.11582812499999999,e6d982823aa997f2328e8211d73798ab7b60387bf0559c0621229ba5a08c7b30
pleia_energy,0,inner0_selection,90b315fb044124373776,None,None:segment:0,100,6,36,6,f62baa7b0d0199ed96d33e7b12957a15357c3abc73336a785fbc4f3d388b6aa4,f24941a5cd652bad6b4bca9f6db6d2e9ba6ade5283aaf0a81fd91862582eee23,74ec92bbc1ee71391c03a012b3e37e54fa0571f0866c3a2d64097d1d3beada56,2021-05-30 21:10:00,144,0.11582812499999999,7b703ecd73aa81a5840d811e7129164e2c635725334b8647153975cf7fa03afb
pleia_energy,0,inner0_selection,dfbd19bf0a1e31947c35,None,None:segment:0,87,6,36,6,0ba90e8e42b2e822f48fb0c32ee606ec98a64aad2db3b5de498f10b873341c81,afde1ba6c0378626f71dca17c030690c01672da17127943b836872ee0c33a493,8ac24cda0b8d6ed7285d9c5e5ed8b1844762f54d129977e24ee0a5f00e5a72df,2021-05-31 19:00:00,144,0.11582812499999999,b0248a8ecdb2827ef9974bff558a81abbbfc3f1979cb90b2b77b2d9779ee4ba2
pleia_energy,0,inner0_selection,0e22bcc01aba843a4677,None,None:segment:0,62,6,36,6,e271544ec0412d44ff0f60925a2fcb83beb5d0fddf657a3e7cc9c8d3e69604ad,fd01aa241ca5cbd33696c22f190d38ba771baa8af6f10e155964c38d4eda02a9,d23a24f57e75d0ecfba2b04e968a5a4389e955960ad240be324b4da18013d582,2021-06-01 14:50:00,144,0.11582812499999999,98c487b2b6f374a28ad75a206ff01a86b9c16c843f717cc69a66ae227fbb7166
pleia_energy,0,inner0_selection,58939dc78b23dc84c55a,None,None:segment:0,81,6,36,6,dd14041c0e1cfd25594484a9315881c2e8416093b66d462a8d5a791e4a78e9a9,433b7c09737297081f84b1cbe367f83455ffe7b1c3ac92bc6baf42f32be26d30,9125571a281157a4a35784f45d43922bb949e023d9981aaea7ccbee48e49bedc,2021-06-02 18:00:00,144,0.11582812499999999,3fca0bbed1169f5cdc50e587987292b3a2e5f97c78aeafe72574835147f2358c
pleia_energy,0,inner0_selection,cd9fe38a5f1c0eed6e8e,None,None:segment:0,75,6,36,6,f845629441970d7cf11eeb24ecf3c5723ae57c783aa2fcee845eb6ef14b8e2e0,37aff008fa176f54ab21f52323183735b6a42a2402798d1edb9af90f5d8be6d8,6ee7da7e81d6219536e5de0e34bf5b8bfa78de2f8c7478cfcf97845a31232131,2021-06-03 17:00:00,144,0.11582812499999999,6c41be9a89f3745afb15dc31a67ec8d19cd6b79cbd1baf33ee7cc88891e591d4
pleia_energy,0,inner0_selection,3131462b39a10cbbace2,None,None:segment:0,49,6,36,6,eef9be82df29eb287bd2ba0041036ac92bd6ba115439358d53e48e9772ade8dd,f58451c76251f3cc602d59d95dc5d91f2cef6745b5e61a06c098b883aec1e3f3,10c408816e3ae3330fcf2094eefc09bd32596db6f5a5cf4bda11b68fdb6a3504,2021-06-04 12:40:00,144,0.11582812499999999,80748018c05b549af3e96e1f96b904f99d0b2df90baa28684c185f2df94ef1a0
pleia_energy,0,inner0_selection,00a73015757e42fe95f0,None,None:segment:0,107,6,36,6,35682f51613834d8bf0e0ad56301d8294afcb297a59c8525a7fcd198b713da87,9d145736a0e3a8909eecec2cf4086581be38d401eefa6f2ce87b1a78ab0a285e,9389840a0bf51f66e405a56ec7b0f0cf331e8bfa500cc60bd889ef7105cb5632,2021-06-05 22:20:00,144,0.11582812499999999,c8e25ed015394c6fa597a36da143f4552c6fb0f509d5d2ccffbdb7430836980e
pleia_energy,0,inner0_selection,07351b58f72a9edec15e,None,None:segment:0,68,6,36,6,39b5f38382581c625715fc96b5056bf81d46a26df849c145bcf38ddf30bf7a4c,73c807ee5f6f39196ee4b027c9c63ab348340ec6fdc32c4deb9072d491b86200,345aae99eb1bfc149eb0b2b3b79bfd8b8fa6b2e3df808745c0761e711b429f80,2021-06-06 15:50:00,144,0.11582812499999999,7d0793f5bb6e4d6809afe27e9f90cb83875a34e0d869664e9c56e66932d14d50
pleia_energy,0,inner0_selection,a33fabccc8f9f2391d61,None,None:segment:0,43,6,36,6,8baaa5c6e6d83a095dad87c9a69ff06cd0806c5b1580060020b4d1d34e5716fb,237f4a8fe7189a4b23f5ee2f2e0bcb4ca5775b9ee9b88c842d3c9be8b4a36aac,9d1bd4e34418bd6afe55e163a6040130066cc63e1aa606bce43476bf1dace45c,2021-06-07 11:40:00,144,0.11582812499999999,cf744b272d159ac7bcc105879e395da006ae238a925542480fc4fa6f5d61901b
pleia_energy,0,inner0_selection,ad3ebb91eab3586a0eb3,None,None:segment:0,42,6,36,6,a45cb9523757b556e8781273b77313e42acdee81a177c7c5442a20f43c781fee,4ed6fe12a4c49dd7d179fb2e4d2a4ef3516bc3372a16ada984a02e7fdad7db21,abb41624ab87779d050e1467fb1fc4a29864263272687b84e5dc0b2f3b5fd709,2021-06-08 11:30:00,144,0.11582812499999999,aefa5b49c1396759f2653dd7e3eb9bc7487d08fca122746f278b622413698dcd
pleia_energy,0,inner0_selection,bf0d5f369b44329bc39b,None,None:segment:0,82,6,36,6,f6cf5e79bf2a4a04662d3c24c0dee1ff02548c10b76c9ea09e45dd2e49852234,8152d38c2423441a42a89f0aa22a8a38b11a7ea5b2b6f003c1cbcce2f04c915b,a9589fc1bb2e9c589ff52df731a449c3938220cf1f12203d2becd280e2d30449,2021-06-09 18:10:00,144,0.11582812499999999,4199f015e6904a0ef777e731a798fb6d8bfa57aef4a3bd6976b30cad46ca24c5
pleia_energy,0,inner0_selection,545f30625230fd012dd2,None,None:segment:0,75,6,36,6,c348d8edd33d2d9d8f28292d43554e00c6b4063b3493cf0ed8b8f232ca546d78,7b038e8a7bd6a757df2a8479e0617a9a7bfe70cb56dab3f43cba9b41fef1bb40,c55c2b1a2de21a80cfc624d2c9b5ce47904d0b780f893e13d9f2b687e8d97e11,2021-06-10 17:00:00,144,0.11582812499999999,d164ae4416ec3317191bd08905ce4881c21f4ad33a8134f6f8bb3e75eef9b9f1
pleia_energy,0,inner1_selection,6f56f5610fca361c6df9,None,None:segment:0,114,6,36,6,2bc08741e994fe6d5a26d326ae8ef86a1d57e4a1f436a18ec2e5b98ec0f0ed38,be9d4503c368356c8ef38ec72e26f6fb95294f990880b8d1eee7ed3d4719251a,e6f182b057a5da92249c91774dd11d74ce4ca80605bd6324d5bb9e1365584016,2021-06-12 13:50:00,144,0.162159375,099c896b756a96fcb825be977c8c6e667ec8626f3fb88dea42de51d24d92cf7c
pleia_energy,0,inner1_selection,9e004ba36c69656a4820,None,None:segment:0,74,6,36,6,db45e4058e6a71b8f10e783adb82f4193344dffec10b614c3236fae7d11cf9a4,0c77ed655b8c8d6e36b123850f2965716ee3ee71c858a790bca9653991267c76,73663c004632d0bdff9d75d29373d45aeb6c02a7694e40320a1865f1f24a0e0a,2021-06-13 07:10:00,144,0.162159375,563ab7afd37539880aa0a20d36bb20f18c4721139672dcbcd3402508401dc368
pleia_energy,0,inner1_selection,51724f694eb8ac4d455f,None,None:segment:0,79,6,36,6,004197cf13e6ef279c7b176eecfdc96e709903153ab1d73ba60ecb554c7e0173,d8b89145ded6d642f2face60716c0da11e12d36dd1fd5717b0ecc107a13a9316,603c15ed46d01cf1ee6f9a9ec60cef53aedfb1229806fea02024233424c40ab9,2021-06-14 08:00:00,144,0.162159375,c50dac75930ec856dd1f74a010c3f346584596af51e99c4fa7080140025e2e9c
pleia_energy,0,inner1_selection,b8b6c1acfc62705aaf8b,None,None:segment:0,51,6,36,6,3129b79168093d0bc2d352169f833be961a55bba4f9941c50b605136a0121429,55ba1f43cb292c72c830d9ac0e0447c2a87d1532d8eda7bf48092a0db2c31773,50bed01c12bcedca89497b7d72ee73ed1a771956b6ab97bfe34d10bdefc54a24,2021-06-15 03:20:00,144,0.162159375,b0ba717930c9d629f58647feba9ff9af269d989c3c9d1493e5933a30cb362c86
pleia_energy,0,inner1_selection,dc8142fb5e1059ef1843,None,None:segment:0,131,6,36,6,82e0e87f870b7841f2b677724c65674cd4168301a3e489bdbb231b9f71c2eea3,4805a118fb3b3752b4e5401342c42de529a00fff6149ba6458b74684b2968867,8a6e4ad89e2d1af5fe22365b4af10dd65079747be128b35819fbe1cb84b17191,2021-06-16 16:40:00,144,0.162159375,3fe89dc4be3d9d5171a1263f05e23f804dae07006d5c58faba4a824c64d15685
pleia_energy,0,inner1_selection,346513a31e9a4baec99a,None,None:segment:0,97,6,36,6,5152a5d8d1aa4df44ad9e5032bf9ff7be22f57c4211ee3e973211bd0c050ea0d,70131694830ba9f11e9455bdbd7e07e69927013754f9063d2afd01ba412367c6,2f216cec3214cdefb897580b5f136955aaafc1fefd15064afa545e942b30efb6,2021-06-17 11:00:00,144,0.162159375,823b85e71a54f507539deb9487595d0187c5d84852e2a2dbc00c3f00aa812517
pleia_energy,0,inner1_selection,e590abec813914d4ec11,None,None:segment:0,106,6,36,6,907daf0252d2100a0c2880c12e7f2e009a67d7202f7a96826371a39ef818640f,340645b016f510e12bda933b82a40cb458283bc37d77bec4f3350b2a91466b66,49c7b39f6d489bfc1224d77bf7a2727f42cd783d9020c72a346f5d814de1111d,2021-06-18 12:30:00,144,0.162159375,c03dffe4c5abbffc5aae9ce740c2a0309c8f69189e8113634ad1e14327402a8f
pleia_energy,0,inner1_selection,e3b64fae869a720c4289,None,None:segment:0,131,6,36,6,6fbc52823b58ca5c4986a2d02a38348e51cf676070784fa185dba2b21be49097,3c77c183d9e468cf90efaaf94d90b8349046b6f90c243ce414af66d64c1a4160,e706c175490c3d12d2f32b6768c8a9bae59c2f2b29f45d1a8baa99fe04c4487a,2021-06-19 16:40:00,144,0.162159375,bf85e42952bb37a95872f8e7bd85b878bf930fb069cd645bed1a0bb47c99463d
pleia_energy,0,inner1_selection,644ddc8b1995f9cf6c81,None,None:segment:0,132,6,36,6,5c2c6d4bb227e2f3229e87d03104ad3588ba0a9a2e21d2dfb71671bee6200325,83a5fbc36c99f22f7d08d54cd1259efe5d7307c5c8389b593ea545d96462d77d,dc5d6d17f58ee4bbe0d69df88381e1d846a52e8ae0f4651c57ad0cb6cf9c4906,2021-06-20 16:50:00,144,0.162159375,2d600a5d779eb1ed6ed28a0d4e4924418d32cc55ec0aadc17540eae2f5253d6b
pleia_energy,0,inner1_selection,02484ee8cb187a916470,None,None:segment:0,113,6,36,6,d3ac2f95e189ead52bc80bc195f23485325b1a0dc87ef0735941a88b38e14f66,a5cc554dd3ab000d09006f797ca04bd19a44ada166c7bef4f8903b35374701c5,3ab765e51e9849d1a99b49ca7a86a08e42c0cd2d0e08095d4db35a9a50ede144,2021-06-21 13:40:00,144,0.162159375,16082532cf4034a40a77312f714d583bb34af746d59b32830b5d7ddbf948c3b6
pleia_energy,0,inner1_selection,7461caa7fbe85691ab13,None,None:segment:0,103,6,36,6,3aaf07f3a8ae8699f89f19dc6c2d9722c666f3ebf923c80ed7fe3e92f06f9bb8,074fbffa5b0783a0e64dbebc7612b8a4b317a492dcec9b72d812258423e25fe0,308ac8416f9d584b2dab048900c3528fa261c7fa03b097df377572f42787f461,2021-06-22 12:00:00,144,0.162159375,34c355389af227df8e5dd2bd5d39120a8c83f44e4519fef9064913e4e0da105e
pleia_energy,0,inner1_selection,c237bad60692b38ac286,None,None:segment:0,97,6,36,6,d12c2e29e10f94589ef4a5fd1769278e1205f6799232adf8eedcc59430f03629,632a64b4bc791df9adb11b484ce5a0fac2a40c438cd2e703804021f9a2fbfa83,c17db230a858dfa31705b626fabd46d2ffc79686d769c478663101fff665ee79,2021-06-23 11:00:00,144,0.162159375,20e6528b39739b58280199166c0dba251dd0c5926c7c9a2196308ba620d1b6fa
pleia_energy,0,inner1_selection,0382219ca900e28b94d1,None,None:segment:0,127,6,36,6,97b39037e2e1b9be0657d6f5ef63a7b304b75f807aa7f1478531de58466d243a,97a129cc1a2adf116e41d5642b1dffa0f5fd5757b5792f38e8466686afeca093,8dcfdbfc658cd5e03fe96d571aa46669b382c6d888c736fad51c070b21b11aa6,2021-06-24 16:00:00,144,0.162159375,43c0f94eb8424c72544ceebc41d6d2ce48a1cacc52feb078db00c23de546cead
pleia_energy,0,inner1_selection,fde34f360a2536e61c72,None,None:segment:0,50,6,36,6,1884110f9ab83b04417468de19261fbac1cbb4d05b9b7c2749e30313b47ed370,3bd790964213467f3711613de1ae82c29e0abdc3176cb7a64c2e504a6bc7f67c,a909a86bebf1e38a660abc5610f558dd3c8490e6d65644f509bd36cc22374b1c,2021-06-25 03:10:00,144,0.162159375,5bbc599b29d0fd715bd8a3b90ec8cdc19aa474e8e17732ecc5d3ba5c42db74d5
pleia_energy,0,inner1_selection,4bfb56234dd93ced4f31,None,None:segment:0,120,6,36,6,0ef82ad6ff357294065a006c71d35c24c15b8bb2f7eac7c7bc8d7caf53fe4914,b5e20543f411ca187c653426cd3288e154ce22e821798d9a0f9914b7693d108e,08e5635167bc37e30ef8f3d90faa7b2827e536c741e98071401e65d2025a6fb6,2021-06-26 14:50:00,144,0.162159375,89193ebb5a4dc14cdb2cfe74ad23e32b2712f9e826c07de073a6c3788f18b908
pleia_energy,0,inner1_selection,6668078bbf8810548e02,None,None:segment:0,96,6,36,6,1b5e5ce1fb0c10f71d2a59bd5369c3ead624ce66682ada4a69db2a71ecd4d51f,a6d1d3f39e871893e2b12758db127367bd463172dd04463c2ccf62cfb777ca1f,2cfba9bc72eb39a44e1344f51506bb361e1c8f08a435b0a49d569fa79d483b1d,2021-06-27 10:50:00,144,0.162159375,d57eb0968140b49fae90d6c44e6ee3a5807b043badaa18679a86ab61fb3a334e
pleia_energy,0,inner1_selection,b98e5f8421d38372d499,None,None:segment:0,105,6,36,6,54f46d9995032c2bb082330597151599c7b2211e05c62a9f6d01c91752ed0124,b0c217130160ed4001dbd165c8e8fa3140ffd60ac76788298e5deba3af4ae769,82d5dfd57a70930b52a73f2d177f7841eea81eec72cce02aef82ae0fd53fe5ff,2021-06-28 12:20:00,144,0.162159375,6cca2d03369132d39152d78b315f3d553dcfb968c116259d7833dffd58e6e659
pleia_energy,0,inner1_selection,b55f96d7dcaccaa80d7a,None,None:segment:0,124,6,36,6,191d58aea1eaad5245d0ffde856b5afc4036e760bcc03e550e5bba325b72e655,a432cf271085c0100d89fdedafa0d3576826719d190b99236c0439714d12dfb3,6a1a8ff216670f9cbe4b0d96ae5029a98cab955665f40c163ddb0c137834f4ff,2021-06-29 15:30:00,144,0.162159375,9457d4bb1be2067d8037b4c364db690188418663cc2c990838b5e244670780b4
pleia_energy,0,inner1_selection,3370a2a32b5aabb8259c,None,None:segment:0,120,6,36,6,4de583f0e32c11447951694435c2bcaa6d06fda3c48a6c813bc9bc297459cfe5,6881d5ce91d1be16036716782f943a12bbee0a21c47bc62207ac8d5b4dbfeb85,923360ff6b309e0505628a08f3ec416dd202a6ad8785e02d568655920a35b7b7,2021-06-30 14:50:00,144,0.162159375,a5bd28b5a8e7ccf799878bf6ff34a98a647daa3193de4898ebdb3e5c5094f7ad
pleia_energy,0,inner1_selection,46cc5865fe7c5a9fb577,None,None:segment:0,125,6,36,6,2734ebf56a7714aebf703ed0ffb4854c3e429fe7af44ccd039051686fc7ba930,d34cbe18b9db3bec6291733101cd4d69f16102b9132542b473c247084174a631,e0a09f1e37d1e61f936d6aa041272c0918f91ddc5b6a9f26fd3ba716b32f0fe7,2021-07-01 15:40:00,144,0.162159375,aa3899106954b4fb9924e711c0eaf6a7175456cc59af69ca6676cca5e8766d2b
pleia_energy,0,inner1_selection,2435ac97b03a50919eed,None,None:segment:0,119,6,36,6,fdc49970a745d4737bf6fa7a42ee4869559091a61841d69f1d3e5df61a919a8c,69384f724fd3f6edcf28f2cb7a249e756bb6442ae96dde5f78f221180888615c,c8a45cebf5c3712e86a72fe2e80e7ec562d7a32a3524c90220c403d040a1aadc,2021-07-02 14:40:00,144,0.162159375,a38503e1b4c9cb3094c80940a8dfa15ec7996a337b91401b84e4ceba5cb44372
pleia_energy,0,inner1_selection,fbfd4dd31b901ad66639,None,None:segment:0,105,6,36,6,9c266d044c72f8d0ae2e4dbecc5f6d8832db8d4a6eec066574cb36ddee40bbac,f25d61fc558054eb1c57f61f4c5d8adfe170e8462ae3947f9bb93a60a8bf2945,63af5a0d39d73491245a0ae2d0de784b637d6c091221e00953d60d7c3ef9fe01,2021-07-03 12:20:00,144,0.162159375,8e841fbfbd513863a37e022de7ce525c11e77036c9168dfaa57c42bad02d606a
pleia_energy,0,inner1_selection,a3f0bd3d02c204997d5d,None,None:segment:0,109,6,36,6,88d05bf639f3e89b690972521a5c31feb2d41cfed6fe1892fe588b6675ab3e47,226b6f8cff5a797758d37f4aa3b7ca037acd963f707be391a63dc32d184fd09a,11ce9c049cd3f3ce9e85d62d5e8bfbaad2d26639a72233390dd9b98da99f0ba6,2021-07-04 13:00:00,144,0.162159375,7b1bd75f09e28f4617852c7803bfef29b462e030d4f90a79ab217d53267a8716
pleia_energy,0,inner1_selection,fb69e95176425e031f40,None,None:segment:0,116,6,36,6,27ff9c132667ff1f3249024b7df74168d1f1d4ff09f557c0f483156cb9046256,34cf5b259aa07531b30a0e54f05e073ad91e8d7e84345114daa4eb5bfc31bcfc,1092571a3c701ddbfa14946311f94c1b9b87166a5c6718c4dd66ef3aa1cba901,2021-07-05 14:10:00,144,0.162159375,235a25f29508fcb1333d30366c577fd146dd48712873b06815041c7e2dccfb78
pleia_energy,0,inner1_selection,b2c2afdfc8fabb3db94d,None,None:segment:0,87,6,36,6,4cedd8371e0c827cf9dba54abbc3c59929a1c4828546913791b6999c83504a2d,d3786f4a7316369a923fe48fca959e08c35205d25536909d64f2e046a4e5281c,734a8eae6c37109839f054c2966f358b680c79307c2797e21a64f1f96ca4bc6f,2021-07-06 09:20:00,144,0.162159375,511e94476ef5b91e4fc259e55501c90c70ad7794743173b18d863bcefce9f038
pleia_energy,0,inner1_selection,78016e2d26b6a98372e7,None,None:segment:0,94,6,36,6,00cf019a1f5f09758ad79cb3daaa069843abdee4715b4a6ba820196bf655569d,81d5f7759c6d651f9eb478e0421e0e071c0350da503e917b28eef92a73106960,4892f33df22c425d21b4a8081ede9ca18770d37db9f88584dc7ba91a4b3bf394,2021-07-07 10:30:00,144,0.162159375,f753475bfec29a613c5badc310c9150cac37e868f7ba9011d3211a56bb5d2ede
pleia_energy,0,inner1_selection,4530816ceb985a1f2610,None,None:segment:0,46,6,36,6,675cf0a8835321298c0360b9037cde5f4e88a77bc7740ed2657984a4ca4420d3,4fc7aa59331059c3ea74392ccb60fef66f1aec3cf321e07fcc9586769b4b1b38,0d1d86ac35e9d4db2262b187a99c2eb3f812c9d99821af05e878ffbad9674fce,2021-07-08 02:30:00,144,0.162159375,90c6362d3aa08df5f18e412890368928b89cb09e9bb02254002a4be2cc5f779e
pleia_energy,0,inner1_selection,3f6fbf3604a550a71199,None,None:segment:0,79,6,36,6,9c60d32dd2ea135fa7abdd8207087d39402f70b71b181e764613efe98e84a7db,d7701e744dced7fbc7989fb5b5cba04700adc93fde668d1f7d9ac1dd6ddf6c0f,1c8c117662fb295b44789cdab6a3f83e2cb5d62dcd6c71bda41586ff56cb7675,2021-07-09 08:00:00,144,0.162159375,00bc0bc0c0d077fc4ba598ce5d0c9301ebd915d660d92b82598dc7eaa0f8e30f
pleia_energy,0,inner1_selection,55e9ef6c8bbb31ec715a,None,None:segment:0,80,6,36,6,dde831d20e950d4e7041140c500ed81eba7e4625b013de31bc47feee6261116b,330e00cf7172c33a638dfa63f2ad050b52242d787092aba981ed4b7989a36c66,5184b167803b0d6ed0404c8afd16f488f8e85a22fedac1b571be8aa6e8433ae7,2021-07-10 08:10:00,144,0.162159375,53fe972376685580c2f9e78a200f1356cd00fd001a848e70a52001605b3fd22d
pleia_energy,0,inner1_selection,1ec29cfe8d76253248ec,None,None:segment:0,121,6,36,6,c6a27c98cdaeccefd7aff714870a83fae273242ccdde2a00d5274dcab5c50099,915b9e80fae3b1081ba60f3e9541aef534076c2783dbc0364f3029d5d54b764b,e202c40de96034387b0262f4a10ce845eee83648e605d206a046e90aefeb0fff,2021-07-11 15:00:00,144,0.162159375,88678b812373f09436ee5c16765c092485663be1fe62af27afccfbe03d759f5a
pleia_energy,0,inner1_selection,670509015c60426ea9c4,None,None:segment:0,49,6,36,6,6588788f75b6939206ec746e1e7dae41f029a20191e4a9ed6ed31300d0a2ee6f,6babade012f4da839512dd196e83ec8a15635b038d68fa396959813657624997,cf5eb5238f4f188f9a69e8bf26529bede82cc6fb5cf56a967f10dbc334b03280,2021-07-12 03:00:00,144,0.162159375,00d662931c4285ebf7fafeb0620f871727faf993a412d868c7b62e8a03dc8673
pleia_energy,0,inner1_selection,37fc38a0759aff733eb1,None,None:segment:0,91,6,36,6,13b69dc16f3825e1372192c03662b4663267bcbde9bb5f0388f77a7669311c6c,baac5f4b12d0c4b47f28092aa57051371fd6a37fbae3178ddb8eddf60468315b,c1adf4bb97bcfdbcd3d830c7e6d443712074ecf3b803d4dbb93080eb55e5a1b2,2021-07-13 10:00:00,144,0.162159375,3a2e6556b29fdb2bb02554fbc36256ad956ad0dbfdea9cca6b820a972ab5073d
pleia_energy,0,inner1_selection,e5ea5cfa68ce8ee82b56,None,None:segment:0,37,6,36,6,46072ba5ee9448bb415783ee5b9f69fd92299739e89d634b18483685b4f52f7b,df64901c8f4a85b009dab54d60b9bb00743b1b386d742d0602bc2f6e67b9cb1f,25a7bafcec89c080ecfa7841930f68896d4fc06291a38f60e1f597839b342a5b,2021-07-14 01:00:00,144,0.162159375,c98bbc7defc440cf0bd77536344ef99961ecd5852162eb36ec9eff4be946c092
pleia_energy,0,inner1_selection,af735fed3248f916bf2a,None,None:segment:0,80,6,36,6,c690b5a74af150e4663e0738bcd1aa2eecb74bc4483caf2c09dbd123dc5a336e,5f137bb2eab7966d77b3c7e19806769dd69dfa5cc22945c1a50a29486c51b3c2,ec1c94a4b5b9fa84365818ed7e3d92b7a72bba6da27efe3e11c52f4914c0020e,2021-07-15 08:10:00,144,0.162159375,87ced271ea00b8648c47ac8c802af49e7bd31173643001f624c4259f022ffdf1
pleia_energy,0,inner1_selection,5157346b7905fc1b9c65,None,None:segment:0,63,6,36,6,6b8207c53a81cb18fdf0e1086bae11cc5e25765a71fe04d2ee04ff48c51b726c,9ef21faf40a97fd994cf0da0a556e92c0633b521188807d57ef2c62bb7f26939,7b4b5f55ef0f2f0dea8ed27d9eadc812074f2f4e4cc3a3c333551eae053ccd61,2021-07-16 05:20:00,144,0.162159375,6c087c241b6c625f508cab9da06dc6d831e768d9bdff6ea2230b179beb0ea280
pleia_energy,0,inner1_selection,7baf0d2d91326491ca71,None,None:segment:0,106,6,36,6,ae26c9051e8b79070ac467a89d30648d93fd79c18c50637e5909a3bf9d619151,4f73b570d6e44753fc82883131cd17fb01518c0ab82fda8a23e381e93f7d3603,d1dfd4ba48c172aa943bc50453bb5195fea7df32303ca5794acbafbd4f1b7968,2021-07-17 12:30:00,144,0.162159375,f6736c373a388bb932d535eb8e8af195d19d2f9421d372c7da27029df790d738
pleia_energy,0,inner1_selection,c228da5270aeadd16450,None,None:segment:0,38,6,36,6,1e183098d4046904a647257535ba9001b96181e84b7cda13626c56aecd236fd3,fa1820df48256deb926c530a8430d1ccadd2bade0efe6b3b15630b287c55c0ea,c37233dc1672f1071bfca3aa8ddba6db41aea8433da1eea435982cca82be5655,2021-07-18 01:10:00,144,0.162159375,4e9037c4597cab598b823b3a225ed1bf614b88684c4ddb3f4e412e9cbe726f19
pleia_energy,0,inner1_selection,a84523447e628e6b4fb9,None,None:segment:0,67,6,36,6,40c488eb018c6faaddf47198388ae4feefe586ba94e431684edbe8b36dade832,01f6efa462192d7d5962028f337cffb1d4103ae3480fe07fbd7f03b6b1078770,7703b7b3aeae4c903adc6a49c6ec20199fb41f7ae679f54fbc881864c164cd6a,2021-07-19 06:00:00,144,0.162159375,143b4a4901c59514e187bfd9813b5aeb6003a98e5793eafd36ec7506c91e8c0e
pleia_energy,0,inner1_selection,1a60e259115d9fbe19b6,None,None:segment:0,79,6,36,6,dbf2d399fba7618a2ed39913d0ad657e86727b1e450f6a2f6c39af1ad3e31c9a,c79fce16ecb8ca7097040e7f201280c962debb8463367c205f73d1ccb9adb45c,606acbc39b46848af7a472e4a3fb7b4ce811b90dc8204a36a1497db20a956d0d,2021-07-20 08:00:00,144,0.162159375,28b444f60baf34588ea220b9771bdd18ebb7cac4f0c8d711e497acb56a50ac48
pleia_energy,0,inner1_selection,21bb81a609fa6ca28877,None,None:segment:0,42,6,36,6,ec1b47c08dce1d6967493eb37035bcca1190e73674ebe2ba9cd14d69cb2b7db9,662d24438a51c13a39d6059b82c1aa2c1c7193e85f204b2eb46668e2dd3ae71b,9e903b9f4fc357e16c8358530c56dceea35ec4a6c60de1ae171676a359a6360a,2021-07-21 01:50:00,144,0.162159375,dfc91b6ab9c95c5bd319e041ac01fc5580f0a208934d7a330b9ff4c99ce33c7c
pleia_energy,0,inner1_selection,d9cf9774cf5ed6cb55f7,None,None:segment:0,95,6,36,6,92dd94db1069e97d861ffc8b8967eacf9932f6aaa9d5f9b26636c475237031af,791ea3115e820612b9de40204f5ed13c16331b0b50da60ef02b38bc6095e8c8f,60b41d9e026eb051ec107d6a45bf5c0de7e3d9d87f7f825f04fa273b789ef50f,2021-07-22 10:40:00,144,0.162159375,6532de2c1c99d9b5063ece29486234bb8468df4921e4e3eb8a8246d182e11ec0
pleia_energy,0,inner1_selection,259c6963d36780dc0eaf,None,None:segment:0,74,6,36,6,603015c4749b47e658514ef28680639dd37a48fbc5c8d32e652d365bde80cd62,3667775a5b0005239d455f68d7b099acc7a74926ab3d6a15594c17f0042d5daa,cf76807c2fd6c51cd1b8980d169daa4146cfa1b6e462085a4c456cf1096c0916,2021-07-23 07:10:00,144,0.162159375,a5469db0eb0c8d65d31b453015ff54c48aeba07db282929a3115aba83372fbdf
pleia_energy,0,inner1_selection,1f846b5aa02696950c4d,None,None:segment:0,56,6,36,6,97541044d253b3d127f5b317ba4a185e5b6189e1e81acf8effa6ca2f937acb31,736d9908bf92e329cebfe7d8cc89ad97e0f61c6df7480d9763afff2ca53bd191,a7f11ba98e8e7a6340280caa530eecab2d0eb446c45492d046d91cbead53011c,2021-07-24 04:10:00,144,0.162159375,8e302e77da43479233080f1d40441d550501c8c8de22ad16427ca5ccef3c721e
pleia_energy,0,inner1_selection,00895e9333355b6c9a4a,None,None:segment:0,117,6,36,6,eb77a9ecd9a06349aa202c9b202d08fdd6cc1fd0ef7c244a77bc43a25930e334,f63ca3e6e5b236836c3bad8eda6cbffad39a0408197097a7b6a1cb797d56ccb7,7d9346898930fd60b9e9b30de13fdb292bc984b35b028864e9c510a8c1cda4b6,2021-07-25 14:20:00,144,0.162159375,a8796f81a0d71c4bbb51497a505da484c21f6c3cf067ef25ac2596658bffbd50
pleia_energy,0,inner1_selection,7f96cecc5faa776a0f16,None,None:segment:0,116,6,36,6,c0ecf7ad5fd3b2321548b60dd0d1f16afe9575626fc5d9e42eb3fc1f08b0c432,7d87c6f0baf7f7ba1efcb6c56976573ff9a9d452811a37acb5dbef75e7a96893,5c8b090974b8c9c38b7eac16e4a4c78bd33ca6bcf34910be286972d6118765ae,2021-07-26 14:10:00,144,0.162159375,a767a6a720b37f622f0eb3d5a2d775e00ebcbb6ad6562230cd759dbca1caf3f0
pleia_energy,0,inner1_selection,5f63a1e9db7915db9e78,None,None:segment:0,94,6,36,6,97290bcc59da6deadf427af8f7977d5dc1aed0f08893d302e571882a1d385bed,fa2a14d503cf49dbfed475861bbbec98750c387a4bd197b47da2ed696b87a64d,a7a7bb9f53e304c9131d4da88e5f8b2d72cd33387b23317dfdc7bc9f90d62577,2021-07-27 10:30:00,144,0.162159375,33d899facfd312185580c8fc4b8222656167f49181800ce5e824fb059514b504
pleia_energy,0,inner1_selection,7feb72ccdd2916c8c2f2,None,None:segment:0,118,6,36,6,8b511627e438cd4a72e1d10da9eaeb17ce0e5ce9472da9d42b879c1cbd818df3,c69e60098eb1850f51848886f90b47a03dcfdc134f13a2c0c87d0a44027bd7c6,fdc5dcd7997a42a7650725642a5b34ea1fa430d17be8412e465d0ada628f3c35,2021-07-28 14:30:00,144,0.162159375,660757dc44c76fb249176d9704f0291b4a2f72a27e4804a48447ab38ae6dc395
pleia_energy,0,inner1_selection,8c755f08f774e1a1ae9a,None,None:segment:0,123,6,36,6,4dafd01aa78fb37f5b12b17ac0a776aee4ffc9b98b0b6356b0f8816e851cc92e,214f39a600efaac1e64a16c28f6591faaef8fd940ea59749924612dedd11f1e3,a41229924a843e4607a9ef3532b49272d5af801d9a663ee51aa8b4614ac9f1a8,2021-07-29 15:20:00,144,0.162159375,b98019af83674cc6ecbd200b352adbfc7b59191d46701851607df6c342f9624c
pleia_energy,0,inner1_selection,a68264a56d9fd2d9f88a,None,None:segment:0,123,6,36,6,bff39ec188a38020d9411394d63d913ed6fd74518a9e72052584fe48cb0bed12,fc594943b7ae86ee9ad1300f3c9e3d01bbed1b2c3a4e83cc25714a60572a3b85,9ee07ad521d29c1de9e409e60aca81022d7d5ffeb6abf12ff2e090b07d6ce13e,2021-07-30 15:20:00,144,0.162159375,ff0197bf62d5c70b4ebf959feab13b8f406a9aa65e8e28e34cccf98f63cedba8
pleia_energy,0,inner1_selection,f03b6e9119ebc3ae89c7,None,None:segment:0,104,6,36,6,84e073d70982d9c85e0fa69f0a4789b592effa679bf0af47736c5c0adaa813d3,907cda13b1492b4c16e9cf250174e475926a51add99a13979d34a9e751e96c21,e988263ab9aa8093cdbb8cccd954eff3805584cd278a2734f6d2e31879496236,2021-07-31 12:10:00,144,0.162159375,3caa320b7d96f81b2b2bfec2dcafd8583782ff6dc7817426dfbedc967862614d
pleia_energy,0,inner1_selection,08a029f31322e458c7e2,None,None:segment:0,71,6,36,6,96e4450fb84da349f0726704e19d1746cd9c7fe6ea74131c0cef6315a4c0eb1a,e1af1b4bf64fb3825667cdd0f24f163745e6d92943b8f3f063ce934c7018f568,34f3136f78b15f3309e120048a4e03dc58cba3a7e5b67a724d628364352da3cd,2021-08-01 06:40:00,144,0.162159375,aaca1ebdf3577a73a29ef849eddb744cd686db299318e9267b7e0da1136553fc
pleia_energy,0,outer_test,f3da39914336b76988d1,None,None:segment:0,117,6,36,6,d9184ca7be6c3e58a4951785432cf8c8b27c7787e19ada3a1e9b84517f04d97c,4f4ce18ec9e5a12200b3a1c9786d5eafb2f3ffa2d9eb953231d6c919e4fbff7d,343527af12fad69e6225fe2fe110572f89f8a0579431d37eaf3e8d0e316290af,2021-10-11 00:10:00,144,0.4053984375,746a16ebe6c3ab6bf18f0701a8b8ac99347a3dd639877fd4891cbc2163ed0577
pleia_energy,0,outer_test,16d28befe52e590c29e9,None,None:segment:0,43,6,36,6,4d77b5bbd58d0017af3cba8ac73c43de576b5dc2a34d68d942e2c1767c9d4617,edf200e61c3a5b1d3547f8855357331e39d3ab57033108dedc1c238c1786634c,6a9648ae0317e086bc6926322aa7e65f34fa081d7bbff33dc4f2fa4ba2cb714c,2021-10-11 11:50:00,144,0.4053984375,2c2e2c1a0ff43a422d612d61436e1a1ef8fcb7e479e6dd763b3229804935b33e
pleia_energy,0,outer_test,c545391b739358772b16,None,None:segment:0,63,6,36,6,bdc13d22b7f105db0186cf5dd0b9d2c6e149be7825a335113b7633929c7d253e,10f3efa06811a534f87c8d1a3056781ab9ece66a4e25032c53df0a9c26e5231b,b50613a8a0d9bb595ee0154877e47ae401b2f733f39e602743930564d7f291c7,2021-10-12 15:10:00,144,0.4053984375,d294a47cf688ebf168090ee19dc770bfc33c9e5ef2bdca554077653383b6158e
pleia_energy,0,outer_test,e8f66a4f98286569cefa,None,None:segment:0,101,6,36,6,7d2d9256bb90e27fdc93147a04342709f5c87d8227b3572d84af8babb9968238,7890f9fdeb073cf3eb44bb3f39b1b7ff169a520b654af4bdcd51f1cf6e5802cf,db6faf114b369940975405e6b9d98ab81f0721ebbe894f14e6818768fea58f3e,2021-10-13 21:30:00,144,0.4053984375,1c9bece1806ddd879be5209420ac719f1369580ce45b167bfc7a37cb57f25e17
pleia_energy,0,outer_test,cd1e3d6f061e44dc0da6,None,None:segment:0,68,6,36,6,547f5857cdadf36a7ae64d71927d7895fd6c55a5ad3553dbe0b0f171a5c8bc99,4dfeeb905abc66f4527691075b85f2273c555a8d407d897be0e864b01f5bd5b0,5edd2c4d453b5b950436765052dcf46083e9e5924bc8b22ccfd6a2d45db0a7f8,2021-10-14 16:00:00,144,0.4053984375,dfaa0ef8085838dc752d95e606e82db281a4b9410781b1c0ad1bbead3d6df10e
pleia_energy,0,outer_test,4b57565731e54fad4696,None,None:segment:0,55,6,36,6,46b9f231a85660e95fb9a46277a5621a1bd4dfbbdbb112fad12fcf8f62f2eb22,e279b5697b7e7471dc98fceaa9b400384fd93b6a6a4b525b4a63dbe356072d1f,f87a9aaead7e972b9ae09cefb72bf5a3a72ed8ed4d56cfb5ebe5783df448bbbe,2021-10-15 13:50:00,144,0.4053984375,91365895792eec79af1176b943882087b4c89245359b7782b884cfe9b24df935
pleia_energy,0,outer_test,a9eb405de9b25bd189e9,None,None:segment:0,64,6,36,6,d69ec41a5d1c2bc7dd027a39e08d71b7208ee14fa3602772c39fddbbc92777d9,350491e9fb1ccfd079efa0b8b7807ca02c259b8ec1a99a09424968cd232a6c8b,74d13280535d18870250e500aaebadb1da0e938204315acd0d282911e9d00c42,2021-10-16 15:20:00,144,0.4053984375,216f984d0d251c30671444a09b13e257ae14aaf3bd2dfc9439d8182cde5d32b3
pleia_energy,0,outer_test,233208f02e700f0456c6,None,None:segment:0,89,6,36,6,2839e9c02870f6861d1505e9b8d54394596f54fdb7ee3b1004c76d7d1f8ae596,43f2838799b30af620cdd5575921240c781f4424db75c21f401a4d0719aba0ba,8f08004a5d7d8b1834e7ba9f1bf22cf5eccb8d31865e6bf59a7e9f8e1cb7b5a5,2021-10-17 19:30:00,144,0.4053984375,b3c606b482c1343741fa488e94e161a6773342b27dab652d7f96e389fd84a43f
pleia_energy,0,outer_test,77b42e4efc22766674f2,None,None:segment:0,112,6,36,6,f58b3265173f6543b3f1aa3a11da00bd2f4b597eb0fa54a0a425ad018304bce1,32c1da4b9c762403a946d886c94bb81e6e605bc4dafd7171266512377693aedd,1e7bfb1e9728859c9f7e93a39acdaafd332c2906b7dc2308326a957d55585901,2021-10-18 23:20:00,144,0.4053984375,fe2fa196d1c5e5091f8ed3b867c4cef1f23b021764ae49ad2ac3b3e364d5dbdf
pleia_energy,0,outer_test,21398ad268b7a9f8ba36,None,None:segment:0,127,6,36,6,3afd7ee7963191681c867002786a884ff540fb256788c5de3a11175b90a66d90,b0ba792c87e373e1d9885172a573cc2229e190fa5f0b06ddb5e9b38e7c0d4caa,1f30dfbcf3492c8bd1725e0005705bb0b8fd1d4bfe7966ff66143a79cbd8dd73,2021-10-20 01:50:00,144,0.4053984375,ca7c6ca58270bf28bc15b499fed54e3a4c45591a5a482bea7c5daff2170315d8
pleia_energy,0,outer_test,4a031ef8e983e630b07e,None,None:segment:0,51,6,36,6,fb487ff2dd7e88236b39a26422ae81ba58e2364397aae289fe5c08cadb74d57d,077ff274ea778ecbd5b9f8cca59c2ccc96c1b33e843748af3d7a507e6e67033c,cd2ab4c84ad97e6c1e0f8e214989c876736f9b1952166326250686542532999a,2021-10-20 13:10:00,144,0.4053984375,3e2309f882d6c11b712b244a1a9b3cb275d6496477ec0a0dc042ba4aa0e1ef89
pleia_energy,0,outer_test,f4a3baab0378043cfd21,None,None:segment:0,112,6,36,6,3b8819743366b9c971926ae699b63fb03f53d17a384e955a3b968e8ff115ed81,d94fef2a5a234f320ff385b9db6d6543c4f5fa52abc902c5a0d31bdecf486ea8,11089147a1beed32a1dca93682032104f5c570659a127ecaa9059b03963fd25d,2021-10-21 23:20:00,144,0.4053984375,d494dc2e2116d74a5913b37c52e4e1ccf23031871942c5c9fa43043ef0cb5c42
pleia_energy,0,outer_test,285cfb7dd42664d21d0f,None,None:segment:0,98,6,36,6,fed13ee12cc866036579a2d9e2209ed2e3cd9e382386a4c951dd8fae45622849,e1fd54c4c30b78b4d0752a5131922c9d403613193b4be3bc6f0b5778acb234d3,b069e6c7643ae50f78bf2cf76da68e646a2841ae6ea4e8ea331a44e89811a2d0,2021-10-22 21:00:00,144,0.4053984375,34106e7a8179a855562e70871875e0e25ff8e73039d5838cbab0e71b24ad7b5e
pleia_energy,0,outer_test,8cbac9c3471ed21cd66c,None,None:segment:0,79,6,36,6,8acf6cbebb0fc1306efe200f2d517694832c4725ea3f4ccb47df61d06a873048,1bd186f1f7468985edc6232dbbf745d2f1272690061a48a58418378c336e027c,1778aadb421c0d4fa432d75c233ea670b03c87fc4af8c544de8f16d520d2ccd8,2021-10-23 17:50:00,144,0.4053984375,f345cab4e7dfaf0e8971cabd729261d8d973cd5cf4293bc2fa0f0c01a76a75ae
pleia_energy,0,outer_test,d0480b4b6caf6a6d447c,None,None:segment:0,108,6,36,6,10a42a78928536c57474cab548d0e61c28c64f3df6f6348ab6ec6d57e9376a44,eadf3565d04414f8f48faa41f51701aa91e9957470d0156fcf63ba09acb1202f,2b738479b5f6be7ea6fbdb91ac0fd9138a2cc0e10110d44483f1468ed09d46cb,2021-10-24 22:40:00,144,0.4053984375,5cc5315ae0052a139f0ed02fb62b03f4f06e61fbc8c420fdd6829fe5db770321
pleia_energy,0,outer_test,1a59a1a1621a195d1ac0,None,None:segment:0,71,6,36,6,bc8fcfc86184a753f53dc30bd9e5740d50ad7ff1fbcc03da0cac110928264af3,b7396956a1ab6856977166d5983c693bdfccfe546e2e8b236e96999d2e783c5b,2225d5ad57ab86ff4e64e409285e232fbeac0b45a2aea00e3b287715c69a63cb,2021-10-25 16:30:00,144,0.4053984375,996b91e2622814115c5310736d14e01bffc4f3c4f4874f2e7ffbf290db894d81
pleia_energy,0,outer_test,fa5df0f1d61c2c50bbda,None,None:segment:0,51,6,36,6,bf1ed8828b5740c1a3fd010921d59a7a7858ae67759f5d1f0ce38cddab0c04b4,543fac4cdf6446026c46cef5e96d8e6921f33094d96ce2b7179160827e3a2300,1adf9ad8a2abcd94857150446e249fd8f0267fff891c805a0981606657d283e2,2021-10-26 13:10:00,144,0.4053984375,1baa74f6ef5a67ec6327b26e9692b7dba13af7a42e751bf53fc2109e1a02a95f
pleia_energy,0,outer_test,cfbf663c2cdbf58b7668,None,None:segment:0,44,6,36,6,0267c6012b736583b7059a4786e9fd036b9c0c5b2917436a87be1d561744248d,bc0199f041cbd8a88a3f95b69ab32f68952d2a47bbc434c3fe852a67a69c28e6,f68d12c0ad1a3fea8b567f92b1d4623a0f6432e82aead394c47189347832e459,2021-10-27 12:00:00,144,0.4053984375,dc1bf9e21bfbc76cfe0d5e6a2fff9d5f9dd9e9d071243fb3aca8fdb630f13fb9
pleia_energy,0,outer_test,6f0ec03a66922ce6b94f,None,None:segment:0,77,6,36,6,f3d86d217d66617c9ba11dd13a9fb7e911751c4f37e18489e7324ca283cf3aec,599210c4e3d4e390ec5dd32cf6722073c1481875e727014913866865001b2cb9,8721d69e083560db72a7ccff159b150908a46f7b0647bd19da7baca6e00333e1,2021-10-28 17:30:00,144,0.4053984375,d8066c4dd780cb77401b3480a1c736941000953a7a17de41d40577199df8559c
pleia_energy,0,outer_test,a883fc49c42c1b556f76,None,None:segment:0,116,6,36,6,c62794137685f79ba21661821d1f503c23d9f073b36130c858d8ab386af7afc0,01274024bb903c57ceea09861591e52f6eb8485ae1eac44ed8b578e526234d50,2fb900e24ddee64957633b40599df7d76c9f0b9f723b5a48ed746aa74084b010,2021-10-30 00:00:00,144,0.4053984375,f3f90769d2975540559515eb6cdc987c85c4bfbc904eca4100d381cdba9d6cf0
pleia_energy,0,outer_test,8252c365222a6eaed409,None,None:segment:0,74,6,36,6,5b88495ee7631faf9d6c406f5a2b2afd3a6627dadb40a4f92ae4251472a07c39,55708fa81dbfc2ae2758c3dfbd7597b212b7c7dd72c9edac9ebb283891743397,5c0db3b06c5fae856c968a1346f095c07a509bf0e1ee943798b90053a1caf83c,2021-10-30 17:00:00,144,0.4053984375,959ee684c9948867cb2e108d09ad96f6716db8af6c5a2ee394515a33387a611f
pleia_energy,0,outer_test,be8680d77de9cfd88dde,None,None:segment:0,70,6,36,6,a7e2773306e69c170b2489ba54fe4255d4fa463dbc24677669dd95bcdcf87d1a,c08788f63a95acc53dcc177fb0bd9f92811a2456ac8250c992353b3d8c770323,0358f680dbbcb24e1bcd244658a5c2d8fe130d886ace966f45be0af3b914f9bd,2021-10-31 16:20:00,144,0.4053984375,4dd25bc96feac9fa78d0e860a88977860364103f8f76d7894d533bfd0d33f056
pleia_energy,0,outer_test,f747c5199ea473f07eec,None,None:segment:0,79,6,36,6,cd3502b6572894bc12bd1555b7f045b482ea4a0112fc4b214d0851d93e937781,fe5366a47a1f471c56c1c42bf688915402578dc7634a81c795df3b2252000d60,11aa9b6977b8d54e723079071a1a5d0e812599187ef4849e20b702e4e110276b,2021-11-01 17:50:00,144,0.4053984375,2053dacac060197d28b660f6356983c75db22b6e1da5c5f9bd4d18dce1e86bce
pleia_energy,0,outer_test,a5cc7c04b2c2de1963ff,None,None:segment:0,39,6,36,6,f1fe3852e4665c67031998d1fc7f6beea6bd57c3b48ea492e8ce8663a0711858,972c2d304fa19ea75f9e121a5860a4daa21bac576d408e154579528028154d25,fc10acd5f52cc406364c9aa83f77d88460943396c9cf5acf974765fce9112cec,2021-11-02 11:10:00,144,0.4053984375,342b2dc8415f5ef4c97109a694f8e9ea3c5a0161e1f073455293f0b751cc6950
pleia_energy,0,outer_test,c82fac9d60765c14245d,None,None:segment:0,61,6,36,6,959c1358dfc30f4a0cb7f4c5c8cffb01b9156e833492624731bedba2ab4b05af,71d5965faeed1f461b5f51c254f8a3be22a4c29672d03512ddb0525cbcef022b,685a6ddb6147a88aa61aea79a531f4b5ecf3e7c378dba1812d9aa3c7b81ec2f2,2021-11-03 14:50:00,144,0.4053984375,28c89399ba13f934789211aab7864d3f1dc7be4f3445cdc5227078d9e50a1548
pleia_energy,0,outer_test,f254b6c45a1b72219f16,None,None:segment:0,47,6,36,6,a1da614814b108023bbf73fe59e94a21c1a851b6e20947805fbdab6701856332,7f6971fac5445c52e50f18197f2da1f98611f4a86a187ccffe3d586e4fbfe411,2b8aa3d4990e824803620c7ba411cb8911e67411e0b63a8a4c1944304ae83e95,2021-11-04 12:30:00,144,0.4053984375,a6783e96540fe33a4e8ecf93af10bc49311681fde3d808cbb15708f0bc07daee
pleia_energy,0,outer_test,993157ed2b2fb5b59226,None,None:segment:0,55,6,36,6,e24584e1c0b5ef595ad0741e2f2367fd86140ee6565fef96e383a977080a7d93,54eb2f30cd7900100973378a384575149ed4a17a3d77de14895eef6c6de68571,9d086d42885cf8b9bab42b46fcfb2185ebcbd9c2b9fc53311bd0b276b8ab4cb6,2021-11-05 13:50:00,144,0.4053984375,0cf8da05dfc5995ff9fb446562338f7d591bed75705f3119e547354b535c5d4f
pleia_energy,0,outer_test,dd14d26f2ab67cd70245,None,None:segment:0,126,6,36,6,6035fc4ddb82d5da1f0a2d67a414837383402776d455a91b0947eeb88cb4ee63,207fa6b144381fccae31ca76e0f319a47aca728d07fd9d9efb228eabe82000a1,1ec5b90930f24ecdde4fa390ef6a2f5cc1566242b6f36cd535c37307a28e3c04,2021-11-07 01:40:00,144,0.4053984375,5e3508256eb607cab154dbc41b8c4ea4713f8ee16def236b3b1645541667475b
pleia_energy,0,outer_test,464c6e157e16c0f56f6c,None,None:segment:0,80,6,36,6,21eb7940eed9fc6219dd72df3e2cf742b69d15cabef72755e7bc2a0bfee451e1,713020772194bf7d575b7d702086681fa4bd1c8be6b3cb5d43e0c804f5658c23,390cde3a2acd2c3fbd91040b94503fa4803f43ff940bad41cb9873906c522833,2021-11-07 18:00:00,144,0.4053984375,30356a17001e361e579c980ae8eb1f2eeebb421706f95c09b1a8299b7ccd5814
pleia_energy,0,outer_test,28c9d35bf5ff609a63d3,None,None:segment:0,91,6,36,6,72d275d7b03e881e9f08b884a107612441c75064028d08b24536f35d2549085c,9a06f254b91af5d4fbfb0d34b84f181358e054be79c4a646b12c1d22d88c33fd,8ca094901b3f1bd6f1a24b0ff07d7d9405d212956b410055c90b08c265d772c3,2021-11-08 19:50:00,144,0.4053984375,65d42ca7dc42bebda0beadd15f66ed35f78aa079c9a8335eb654c1d5743fb683
pleia_energy,0,outer_test,fac3f68181bedcb089a6,None,None:segment:0,80,6,36,6,2f5f6df07d459ac5cf50d5760d34ae8888ff9b54b585d61815be4daabc5e3c3c,077d93594ffb1e8ea002dbc0cf8ab839b3953d38fbc829482a661845d8b4f07d,fbc2d379f2132691d5321b9e04676d981f7c5f9be2c2bc0d59d115472e3d4e46,2021-11-09 18:00:00,144,0.4053984375,bb7d97002bd9179dd76de6d9d09e8ea49d2bbe424f4c69e95ac87ad28d618241
pleia_energy,0,outer_test,1393a633b7319bbfba3e,None,None:segment:0,83,6,36,6,9fafee05e47be4dd1e0a4a7b47d2d1f71bc632c90b615a8bd8ebd2ff874918af,a975250666d276973a76ad37372c338ccd8a14d2b255958b688c2035d6c49226,ffe4932553b6768f15178706bce67228e8c39e76a4a8832944fe621aabce7231,2021-11-10 18:30:00,144,0.4053984375,53a4130f7993cff0cb80639d7818cc3e34edc11c5e1a62392098c7f435edcc16
pleia_energy,0,outer_test,ca5a8e6f38f5bd3ccc9f,None,None:segment:0,127,6,36,6,f5e0b7b464c84c107ea177c40d2477a4703aaca8557be3b57308a41379404e42,a6ef6b6cf4d37b1f13b653820250a94e9fcf9753b3d17c425f0a9e39c03cd171,0cdb5bb6682f707ef3563bd2c2da45f3ae4f2020fcae885841a17e87a6ee4ee6,2021-11-12 01:50:00,144,0.4053984375,67eb19715027ccc934eab1939674d8c8e2d1e6d50af0970604170f9c20737d02
pleia_energy,0,outer_test,f0483faeb74b58fda002,None,None:segment:0,117,6,36,6,b9b75212f5b304a81d1e3969044e9141307b46e578159368251790cf4f18111e,37548d8269fe694fdeeeea30307be98026faade54312945896db069b18c922b4,4499fe1b9f77f6959385f50e3f9ad38c95f5b3168394e415030a95d8fbb2fcbe,2021-11-13 00:10:00,144,0.4053984375,d222ae1c4d559489c1e0a1bcf09429a4efd7c9872667f83015f0ac443c2c8be4
pleia_energy,0,outer_test,08968da90124bac3fe14,None,None:segment:0,58,6,36,6,e69135ee8dbef1b1edc6e499d07e2c2feb458b322f089e2de6ed7b2f75a28966,3765aca6c01ef8607e4839349c6b6c1a2a4476b8e4adcb3a8fea85c8eeaf5005,5cd2f8cc7145661c581888e3b87746602ac6d66aa8acdd04aa1e8252af71d29e,2021-11-13 14:20:00,144,0.4053984375,01ef702cedef09dcba6b735e0157b0698f4afacaabc26534ab25bbf4c73be4a8
pleia_energy,0,outer_test,ec4b351c20f701b7c1e3,None,None:segment:0,79,6,36,6,df94b14abd24a18eb82e369cea0e387a6551d39e94920fb770017f78402b4efa,ac347ccc3552e48e9583b1b3ce08aa373fc0ae462d6c5bd1d4bf996d40139720,5ff86f095e8c358537e820e2705faf8634d271a088988ebe5632ffb59dc655c9,2021-11-14 17:50:00,144,0.4053984375,8c75f166acb2e6e2c36c237d0fb6d378fc255af512f095bded650e57f00541b6
pleia_energy,0,outer_test,02d837607b43aed81e43,None,None:segment:0,63,6,36,6,f3e515d1279b33dfa7817b41c243c34ebebb76a449d962c572537cf7891cddfe,b87d9d6b2f9ad22fab128a53e8da8f312e954478624773f467b76f49132d7da8,9640d5995ac7a15f9c52e405255ab578c40f7aa59010ce27a520530de889a00d,2021-11-15 15:10:00,144,0.4053984375,7728778e99cc3906ad5217646d5e5cf4851a0239c12e4313440aa456e2cdce44
pleia_energy,0,outer_test,d663c24bc98faac449c5,None,None:segment:0,43,6,36,6,bb316836a030ec5983bbe9ce286f6aaed1de64165d4a7b56e5f2f73871f973ac,1e8657f0cf6be04bb1be94abb8b426bfc4d44d83ce866069e3f4629d84ddf481,25e89ae06cba36f14c2b56f197f75abe55e9e27c06669a0b9a693b5ee6b11828,2021-11-16 11:50:00,144,0.4053984375,69b28b9be53a754bb7cf2bcf8e8b48b2cc913604f5fae2e3745ebbf0173c5325
pleia_energy,0,outer_test,95d297315c87b2da71f4,None,None:segment:0,114,6,36,6,d361c4cc147257c747e2a4cd52ab5179fedc727f059cca8c5b3bd532cd4d11a2,f93e5a7bf509fbc358cee0d504dabf3f8756a648db161d5b5c15fcae5dadace2,7f834ab911802556f42917e558d9e138b91f65533fafe75ec9d8ab4384d4f03e,2021-11-17 23:40:00,144,0.4053984375,7901037d8e591c26e551f0a52b4fa186ae65855e034c3c47a43aa73dd23bb809
pleia_energy,0,outer_test,142e9c346c005e5aa4a5,None,None:segment:0,68,6,36,6,4d1f9f35c2de2aa0eed97104a89e4ca776e472ef32450f3fa4fef6443b531169,b74566c63fff7819456ffa70cd12969c45099b9e29bc8d9e22add859f1c03c69,d6dfc11a157cc5557376b5dfd9763676f1f5a5fba5580051d9c9ab5067dd6be3,2021-11-18 16:00:00,144,0.4053984375,3e26b25a3f2a09094c87d58779c25243a396cc902f3a7adfa71de0718670fc6b
pleia_energy,0,outer_test,2a310e3dd8a04f5300ba,None,None:segment:0,69,6,36,6,9ba04dc8f001192f794f1aced3b22184ce74845aa7ee3457de1c964e79bf8b0a,d43c35cff2796b6f1bba910c599da8a4f39d5a5dc6b3bdf3930e5b8b7fb3babe,6f32fcc1ca307bc8fe3ff10487a92362c09223a7c6bcbbfa772c28d3d8a7a4bc,2021-11-19 16:10:00,144,0.4053984375,2ec88ca49fcb0266351ce44fc0a016092399b712e7a371cce206f4921f6a17f9
pleia_energy,0,outer_test,dfba38294c9381c7f3b1,None,None:segment:0,102,6,36,6,781731d3ec0afe1127de80c5a1d03b734f5101fa783e019a516e3410ae0133dd,125a2c38453fc583556b83cb0fb2667dec3fee3f71a6758616997b79724f85b3,70ce4b53b31f4e9f659f58e3a66bf1da1fee52c098007b941a4611637fc2abb2,2021-11-20 21:40:00,144,0.4053984375,9ee4cef22a19b1b8ffd36e8c7abe73fa398320e30d84e1b4cae4c1d29ea93d3a
pleia_energy,0,outer_test,f22e3c64619753db10a7,None,None:segment:0,86,6,36,6,e3fc8638c507a7d1da9385a683b8346fe6fea1f3240a2ab7a1631efd1eceb411,b34d2c13c2c136e4033640b64c601f5c16f8e42575fae1aadb09c5f47a956436,1b4bf8c537c70565ec283246be5daebe7cd28227d8af6fe923296a4bb559db22,2021-11-21 19:00:00,144,0.4053984375,0839f5feba24f7c886b6a1c9e665e65ebb23a1551dc3c963c9f581026dd7a8ff
pleia_energy,0,outer_test,45d842ed77b428699d89,None,None:segment:0,63,6,36,6,138348bd10abda4264cf4834f777d9f4d1f711b323ac930d1ed5050d6f6e897f,c974a4bcd6dccf38ed40fd19b32c5bea1930636c80ae369911ecbe2af3026942,bccc3475be63d9eac498bd1fd9d78f8c87cf7fbed5182dd6480b7c8e2b87c26f,2021-11-22 15:10:00,144,0.4053984375,9c470476213478e6e214a214a2d0b338b07f7536effe620829f663f1557cfe13
pleia_energy,0,outer_test,f0901d415bba2d621e53,None,None:segment:0,80,6,36,6,529b16eff8fbc4331b928742641ce2d8d6900f3b9a489be352a43599cb688c30,9b1fd92cafbb24131a81213b0c5caca3808abe82b58e50972efc17b6bf7285bd,fd95d62cef521e5ff65edaaae410f085d7ef1894743bd783c4c440b364966868,2021-11-23 18:00:00,144,0.4053984375,2670c4a442488925e83a6458b2e7a28f28e93842e5684497c2932406e573ba1c
pleia_energy,0,outer_test,389daf4c3d02b1488a92,None,None:segment:0,40,6,36,6,f035d88a6028628fadcdfb2153f42b7e5ae4e03de3b535cb6876e47bbe0d9d00,15880b7b689cf2b527f168680e78e01608bbd3e6c21a40ae770c674dc2cd2141,9fd50db347493fd6308d3971045a4a9c6bb94cce264da13eb4ae9ad7df8813d9,2021-11-24 11:20:00,144,0.4053984375,1aab6346cb707a8f13058a3da81b425f53676eb53f69684a830bf65c02ed98fe
pleia_energy,0,outer_test,147135cd1e2227afdb1b,None,None:segment:0,124,6,36,6,bbb9cf8ad9b6b32bfcb14adfdc2da9cd535f71ed425e0ce4ea0512f6b961bd39,8152a5e59943ee775454841741049f7491d14b8d9ea869744904a46d3d259dfa,4e57899fa3791eecbed38cc7a6357b45e514f61213df472ba4a3de0b546ef5d2,2021-11-26 01:20:00,144,0.4053984375,f3facf4c12b09d677f48e88a49c6c62d42c89b696cff58f0560503d75fb9f13a
pleia_energy,0,outer_test,48736cf1bec6aeb64427,None,None:segment:0,111,6,36,6,d67c7def3d2456d777c9a31d0894cd5178c790af26fa6064ea892f0a2438a724,bbcb35e1135d2ec659eafdffa5e6d58ede4f31873dd4e5778e4035eb9c968360,a08dbf2b63c6666b01e1743b748f3103558be9161bcdda3e3c3a347a9c1843de,2021-11-26 23:10:00,144,0.4053984375,711aa29f7d2f99a4aa6a37186b66768c2c007fd0eb88e255a239f52e5afc155e
pleia_energy,0,outer_test,dd88f19e729cb736b4b9,None,None:segment:0,42,6,36,6,47aed78e74ecd17fdfaafb4eee33b376cd94b3d5b3f1af10c5f63bf774032ba3,3830517e6c6b9e4e5f0228cde98e3522654de9573289d6656585ad6006314751,7b855d44a49a1030d439c2992f7f820dd2efdcffb7028e5fed11b213e2ed3497,2021-11-27 11:40:00,144,0.4053984375,ce6a77ea6a278f9810be7df870312f8247b6a7c66105f469354d333703452565
pleia_energy,0,outer_test,ced0ed03b3027366d086,None,None:segment:0,112,6,36,6,906747e776bf386bff135388c036fd77eb658e5dbe121a1cab911e0b6d6c3da7,297a3d7733cfbab4c310afb2ad20a057bc6985406ddf391bbc6c284a6ac7f121,68581873a8eceeb888b196cffe3075cc3fc66b254c87d8125d633403d9b5a5fc,2021-11-28 23:20:00,144,0.4053984375,f5c6cb9ad0894bc647d4d5077637e0d23871bd29f43f8d3f519f6384c26678fb
pleia_energy,0,outer_test,c5a29ae5cbb677e1abc8,None,None:segment:0,44,6,36,6,7d155e71d1bc49ff36d233a01ef7b4c1eb11b99f8e94e1dd63a7d65fe6b1c89c,ec703bfce008d3aa124b8d10492fb6151f5828354df0bb7373577606b876ea7f,7505be208b62bab5019f5ae940396a2dfcb08a202e633fdb4d471428a7f02e69,2021-11-29 12:00:00,144,0.4053984375,d5356e75823f5105dd21b2d3a8f04dc9f3f95e8fb75fe2257f7c4db819ef2c56
pleia_energy,0,outer_test,1f3ebf02409399c16ab3,None,None:segment:0,103,6,36,6,8ff0d72faafacf618a6aa6969447b3bb7fb26b8c00118ae11f906dcb49555552,163230336c36775c30863e642e976c5cafdbddebd65889e7b6b495f8fa859c3b,d4ba91a8a7662e1caff971698e31ccfd5749451642f688e90d0416f3e30740c4,2021-11-30 21:50:00,144,0.4053984375,41e7ca88f97ecfb733b7eeb84ead610559af38c35a54006e7158ddf03583ec05
pleia_energy,0,outer_test,726968c9d7340f937e54,None,None:segment:0,130,6,36,6,e2c4c66d56d2c26c24c8ec482b237376314cd6fb411bd1c72b33131b2645196a,dbc5645b4dd1e28afca10eb92f24f128912737328e35458b128973b75298e23b,17c3301dc80bb6c7e9a4564a9696f9c66e3a7bc4fbbde7bdef8722d8f6f40a2c,2021-12-02 02:20:00,144,0.4053984375,99701de87fb9ebf7a57ce903e21e6960a7c75ea274d0d1278c73053d43388770
pleia_energy,0,outer_test,94563b162cff9b48c8e4,None,None:segment:0,128,6,36,6,1d2b295c99f091aff7780b1c0ff627eea1e034f28dc4d6902b9ee11c2d6fcc07,ff3d3619a4ad6a3bdd0f9c0ad50c2b65aa35f56020f1eab80acd05bbde5f5445,ec168c90bd708982e56574e4ec9482902d6eb5e08f0b9609e1aa54e87d9c207e,2021-12-03 02:00:00,144,0.4053984375,c244455432d0ea54ea87e630f62018eb29c76bfc6a8c283acb2503b115df2ac3
pleia_energy,0,outer_test,69e7476d7d25a178ebce,None,None:segment:0,113,6,36,6,ab4ef48ca638ac56fe235351bd36a105d5ab95cc912b396cf7de2ecb66155714,bd6775720386803870afc9a1d14b86acee0c1d4340b82687bafa2c5f22e329c3,c67d210c5b4b113047a1b0acaa44a520921a72edd8506c509951955380baa294,2021-12-03 23:30:00,144,0.4053984375,0c4ca6a59059a12844c6ee83226dd89badefb16541bff0d0c22e8705e0e804fb
pleia_energy,0,outer_test,ac4a997573d1314f136b,None,None:segment:0,115,6,36,6,c35f1aa51fd083a8ba9b4ab7ceeaa5045e50b237ff619a56722fff96d72f529c,4532e8dbb81a3927eceff5f14a3218a5bf5dea784ba028a9bd160285c1b17014,e9240b58ce2e114a94cb0482269cffb4f421272b381051a41f6622d051053714,2021-12-04 23:50:00,144,0.4053984375,d849e1974cea850e349ea6dad8c892d62d8ba9071670c254ca5b0fcde953beff
pleia_energy,0,outer_test,97ec0b66273a03ceefe0,None,None:segment:0,65,6,36,6,c9f7f79ac6512c9e62b2f7cc33df2993d7427b907a4611f91da2ffbed7803afe,244214f37a448c526822dd0ad1bce382bc84042e8127837967d27537214faa85,ef74ae583eb4bb6261ab63d1d2c92c2ec5197ba02e67c7cd7edc8f1efccb7e9d,2021-12-05 15:30:00,144,0.4053984375,1fad10f566010fba20e553180053eff0e6881e6c8e62156c7841547d74fc6491
pleia_energy,0,outer_test,4c10e0f0bc4f9e8d7511,None,None:segment:0,126,6,36,6,c6c2c2d38675faa86cc7a9192c5bcb65022dfae543c79c445bf2ce1c2daab83b,5605d82864712d5ab2c294e1a8f5f4491820ce5c7cede1e425fc8fbb30f1b4f6,fb6b303cfab5e8d7876125c099efb6ca0a7c7ce19310442484131bf9bbb1de92,2021-12-07 01:40:00,144,0.4053984375,03ac5a44bd2bf1fbcd9d985b516e6b9a62b1062209cb050f22523b53a9a3f0df
pleia_energy,0,outer_test,325dd31dc85eff12536f,None,None:segment:0,99,6,36,6,64610943375a4a40d02017dc74637c33d34e2a2828c3e0666831ae35c4188ec4,10d21d5d3cb101f66d43d1b47aed7a2e0d27b8a16b619ecb5d0d575e69df2b04,8871190bdc020583cfd00796ac911ff7a2926d8d408b7ab85030aa73f5a05528,2021-12-07 21:10:00,144,0.4053984375,3b3d0af491f8f28ad13ac27e92bfac9881a62a82b1d873ed667302529af840a8
pleia_energy,0,outer_test,3da16fe674beb76b272d,None,None:segment:0,58,6,36,6,1db5fab3bb55259037bb4c920b73959395e9fffef5cfb4862abeadd8d2deceaf,afc776f178545d46f989df000d0b3b137f92aa4370d58a2881b7538fa232ff7c,fef3309f0c2115d3c4c9cdb9d9209ae398122e585a13965c924028555ee7bb43,2021-12-08 14:20:00,144,0.4053984375,f15244317dd690c96de919e786cf7310da8a30fdf382c73f207458bfbf0f307c
pleia_energy,0,outer_test,e6300168612d629920f4,None,None:segment:0,119,6,36,6,c291cd432824562268ec03c27884ed933dcc493d6426b6e9f656fcc4926ede78,4d7bff83f73905b5850c503c74a151660725b27e63f80bcd2827b2c48d7d1967,b376cdcb4e0da4def48219897ecf8b68d67c531be9b27aa0a1494f48c652fd28,2021-12-10 00:30:00,144,0.4053984375,0e0755e72d06e7990c58791b92214b60a47aebd2c8ae4978037c8e572de102c2
pleia_energy,0,outer_test,5d49c03dc1e9672aecec,None,None:segment:0,59,6,36,6,7a404b4938520d118634c8524dd694bfcf601231e46c8e0b270590dd7f362b53,494da9eb21f2ab1ab09d65787b634a76aef3b79687571756bef2c0d2ce9d6e55,554a3e093402a452c10a1823334a21cf3894d75e42686879a85fe94accf0f17e,2021-12-10 14:30:00,144,0.4053984375,d013dad324656c2c17ca16be3d7262d8df6439dbc84d77e910870b2575c17d29
pleia_energy,0,outer_test,a8044fdda442c15bf49b,None,None:segment:0,92,6,36,6,132019ad425b7cc2696bddf1e13e7584032769c73a46de9293995f213a1db3f6,5b3d87c35a466fa5a26b2e43c3cac523e2a226dc59608e65798aaffb6a0ce3c2,45281c5c5823aeafad192d3284c80c5eeb8542fc4b79327bdc30abfc2bb622be,2021-12-11 20:00:00,144,0.4053984375,497f4699fd46811972b8eb3edeb92ff09504b0e376fc71421d2055ccd6c90045
pleia_energy,0,outer_test,f85a8c83806599337a98,None,None:segment:0,69,6,36,6,29b925990c18279a505faf19ed1552ab42456ebefbe3e96f733909d654542137,4e07c03954eef0089079747d2fd25e45e318de4ce02b6899bb1d1e1578012d69,bdcc0c56e9d57b99f54d8052082ea5123fecd9adb933c45343722869f4f4e442,2021-12-12 16:10:00,144,0.4053984375,8aa2de396b91b16f71a81db56892b796367fb37e4d1542576ed1e4cc8da017e4
pleia_energy,0,outer_test,9c2b46ea3eac35ec86df,None,None:segment:0,69,6,36,6,a3f0a0c5af22ee2af1d6928670f8f95f915d928672265914db5c04ab9c49918e,784addfb1d446bdcb216c551aa344f0d6b0abc52269eee99232151ee42812dd6,993a2acb874923ae91bea32849293be3982905283c4651e5ef0844589d79314f,2021-12-13 16:10:00,144,0.4053984375,d4be60fccddf9c77a6bee9f0b51647b51ab809d3b170fa6e68b48bf188b88395
pleia_energy,0,outer_test,0e76f395900c0c22e1dd,None,None:segment:0,97,6,36,6,40cd7a8acc88d5c26f6d123f54b6fc3f67c1944686ff32d1acddd017d982e0c3,3548a6081f0c52868d777ade9eaf2cfa5d138ec7b420cb7a9dc00e368be3d4cf,ac6a88a1e1944ab29a115704324f072e4e7e46a4a2bc4632d064b8abdc871836,2021-12-14 20:50:00,144,0.4053984375,a30fd3958b432ae8c80701b60582ce69f15fc819e75714133f67f88fa51f057a
pleia_energy,0,outer_test,752f075f37441ce43709,None,None:segment:0,89,6,36,6,251c5e45f30b0228d5e39178b56a5ace288e6101dd6142cef562a57d0e886ece,9b94eb1c3a6ca28b9303dd34d9a1a61a45a82c155127e4ba38195d4d2e605847,e4e3cdbca8068e9bf55b7571596e0d1eafb08d532e7bf7c5b28d5e66cf2d3f0d,2021-12-15 19:30:00,144,0.4053984375,0a60c0b4278436485fd9e9ea9586bd61b47a97b5c4c0113e51a12937e41fd77f
pleia_energy,0,outer_test,9fe8df2c5d36674c1aca,None,None:segment:0,84,6,36,6,2abaf7fadf842b2e2a4ec034c28b4b6728f17fff6da292a615d579b293cddd3d,480658c50701a17ac1b879c4ce71402c44f3df296d3e3af73afd347532a356d1,e7ab4c8eaef98e4f96d5f0b8d6a41bb7c028094467a6d38db2a0eeb7ef65cd88,2021-12-16 18:40:00,144,0.4053984375,e4e717a44b30dc1bc07506bddea15d5f43f2ed9a3583af880ddf7b0729c48fae
pleia_energy,1,inner0_selection,a0d0b5e685b2cf8e62f7,None,None:segment:0,62,6,36,6,f5f41e07ec20abdaefed0e5b8a430ce314b2885a45db7dda5347b57d79d8552f,55dc6e6597a1f61eb72c34018261cc4ff4882bbc1d64d4a3896e7274b4ba0191,123ffa36750fe79858b6e1ef288c78df97525dee87c4a36798730cac520dbd92,2021-03-26 19:40:00,144,0.1274109375,810778419f2a16aaef49cc32c6d4865d303e03bd602e1f743ca2edfd18084b90
pleia_energy,1,inner0_selection,0804030f590164180752,None,None:segment:0,69,6,36,6,0a4f377b3042845ccc16534d91689d5e4f6498037b3f9065d1ab0de6f1c0e078,f65e8c29d9202c044486536fdd2c5fc124409fd42688b859fdc323049ba78dc4,52e348d0e10965e93b59a9e69d0a43aff7bbcd15d14064ec598f995c7bfc4b17,2021-03-27 20:50:00,144,0.1274109375,cd2e85856e76f018a5559beafe6e7dabd5c989c4bb513103194cebcb9852f845
pleia_energy,1,inner0_selection,f68b9c5a2fe3c2939911,None,None:segment:0,130,6,36,6,2d251889b3c80a304aa39e5e7efa9dd21dec8967d6e443ff0a09023bb309693a,bf5de172e79c0e9b149ba0e9b40a991bfe8f72a39e04c03fe5814ec6b4ae8c44,ab483fb72dc8f8b79bbcf2808c89aa4376dccfed08a40b079fded0eb7cdb530a,2021-03-29 07:00:00,144,0.1274109375,0e59d8432465f9a66e65cc4883942956a27e613b731e73b443bd9e5507145812
pleia_energy,1,inner0_selection,d97dd7e1c5bc91b340b7,None,None:segment:0,63,6,36,6,700e0f3f458b01bf2e773d5c592abd34429cdfda47fee11c881d9e5060d4542b,0cd5463404c6db5e835c17cc91f12385a778a0ce334e4b32b0b0d0c07345d3e3,3811da3d560f4fb8139917e50e2174ce61079b89030768777470bdee183729d8,2021-03-29 19:50:00,144,0.1274109375,2b0d16453ece5830b1102b9fd28af1e1fee74f2d4247a8e38f30a3ffbf2294d5
pleia_energy,1,inner0_selection,76d73aaeab35d34b0635,None,None:segment:0,100,6,36,6,442d40bf490a4f5c94d94e0dc3dbd3fab880e25e4257bfcb537710d65e5d29f7,3fb63a734b03147b87e0718c4ba52987bed5dded30abded80828ca51616cbaf6,549c61796d9ec5aa5a357523188ea17a3ce2f3e83b739fed898d638a8439fe5f,2021-03-31 02:00:00,144,0.1274109375,126c29e7f5c2ff3bf98d03a55f3521b572417bff218fec15848ed8619105c0a9
pleia_energy,1,inner0_selection,66c3cc5397e8bcecf0d3,None,None:segment:0,38,6,36,6,02adc092277b303e536e5a5e1f63642710f7ccbe5ea16cfb80454f227baaac12,c4bdb6b95f4d81f4623f03fa8347d361096e2a78f4957414cccd776e795671c9,61e80b08c47486b1468b0f11d35ed40c0e89af7acd45e062a4e398f4ec5e09aa,2021-03-31 15:40:00,144,0.1274109375,2a1484fad0eea49dad1cdbf1f0f6fdd3045cdc8738df1eb98c7958c92af16bc4
pleia_energy,1,inner0_selection,e553eda7703dbdc2e2e4,None,None:segment:0,54,6,36,6,6a4b994d1b7939f8831c7867e973dddc39232ad0d4b1b9ee073d8afa56ef6da5,6d044fb41c8d1caaba96086bb161942b591f245578b4b42043193b9b45a1eeee,39c493b8406bba5703f637fe9aa9c523b2fdf3c115f9b9fe7b2258025d02a90a,2021-04-01 18:20:00,144,0.1274109375,4af59eb092121a4897502a0a5e9ba196bea3b71351cf1475ddf9a2feb9632780
pleia_energy,1,inner0_selection,3ca620e2692c6758c22d,None,None:segment:0,68,6,36,6,04ab5cc13ea60546c360dac7422e93891492e706436a84ecad20706d11a1c407,8d39850e9e4e8cf50ec80deb7ee59740f68f8eff06b3fcfbc5746080bc8c9731,d0f74abc4a8a8b05db8877d61f3595a43714e826b2eaefd00b3dfa72ff4cadaf,2021-04-02 20:40:00,144,0.1274109375,d93de9508b6d86a331927822a4a07fc230c9021da1fbf8e883b9149bef27c3b9
pleia_energy,1,inner0_selection,8f58c8cb85582a0f0a7e,None,None:segment:0,128,6,36,6,ee856e7033e21852768b6277488c02e25aa38008e4f513cb2a982a94fc292e7a,ae65fbc09a33248f3db1fe72ace183fb718553f98a7fbcd36e1cfb831cdd79ab,5b56131efb804d75d74293e4f7e1d25d236887212ed7d3e3df30c64ede028d6e,2021-04-04 06:40:00,144,0.1274109375,bdaa69ae79959b428f8bfc37a55c288edf1552868df75d09fc8d8bbff37bb1b2
pleia_energy,1,inner0_selection,4c9e34c7e3443280b404,None,None:segment:0,113,6,36,6,90f2cb5f891b88418fe36b2b3e9757bb162a590ed4b74c0af5a394319fbe21d6,cd41bd1fe0035974587b0ba44ebcc2b3776e9ef61ac6a8332340ec33fb73d9ea,f973fbf213c67b8821e27ae3a992b1d909024c0e75357249ba39339e45bbc0e1,2021-04-05 04:10:00,144,0.1274109375,afe4b34210f4e7be0cfaca4441c863a79fd9f96b747de2d676b601f6133d1245
pleia_energy,1,inner0_selection,858ff9f1581fc16edbea,None,None:segment:0,60,6,36,6,e885230457c69eeb39b119b5fd46cd29b50341ae0c6746a132458f4cc8a0c5b8,64793728a341feaf8e0dc6bc3d4f44e07d45635acda1febdd8c04d98fdc608db,9af1fdd5b88aba94ab0beb41c6fca884a23b40c8e472fd0414318a3441281951,2021-04-05 19:20:00,144,0.1274109375,f93064bffdc1ccedc63b2228e20f99a311fa0371951d0a970528bcfee9a0a781
pleia_energy,1,inner0_selection,4d654b5d253c75dca59a,None,None:segment:0,126,6,36,6,20301ce578e54b0c64d3036171b21c0657ee0aac10abefa2a96737a624712fb1,0158bcd2ec779dc3fdf22b0898644992efe97f46fa435432f0c288a840402f7f,90e24cd3e19938a899c6e8e9526ca556751c6a6dd7f349ced423b8474a85bb55,2021-04-07 06:20:00,144,0.1274109375,f0b9e524ea402905f153468da8e74b8ea5f23ea923852aa3eb73e7ece947f964
pleia_energy,1,inner0_selection,7929faf9c9861d9914da,None,None:segment:0,76,6,36,6,16385bb2e120b5ce97704eba742096c02926603b4f1e47b00b5dd9b8aae9c3fb,9053aa78ea9610a02995ca3ccd00e390cb9af61faa180e989fd7af3174bacc74,eb4bd6baa285c2f66f407c77f164b64c2a7f9d6cb81407c5c816e84462ccc551,2021-04-07 22:00:00,144,0.1274109375,c9a60377d5d17857ea36fbfa6842210240ac570d1c4d752900522de945fac66e
pleia_energy,1,inner0_selection,621ae34d814a3f34a570,None,None:segment:0,107,6,36,6,15d5a203858528401e0d3cdee984d3761beb67865a43107f780dbf901d7b3fab,2c723d1058bc7176f3abfe91ae28d872a571cd28cd8ff37ad34850d4415eb6f1,0aec7614483f4e2baff2e5d06af7c06dadf8706138d4661b9c50aee50d47fb5f,2021-04-09 03:10:00,144,0.1274109375,8a27ba8e206bb24f8688416282c9a3f2c910ae8b7be129dac9bfda72ad5ec2a5
pleia_energy,1,inner0_selection,68f9f802f12d880bb1ed,None,None:segment:0,100,6,36,6,f2ec9c31468339161006fef01ef97088cd8d2f6f62d2868ef47ce9302d89ad3b,579856b077d4c94eba712d2ed10169c53d30d452b20bc37fd77fd13932235e87,bf5727e0b77550e2c94dc0b16bd83fc888de25ed30feae04874d87129aaf5ae2,2021-04-10 02:00:00,144,0.1274109375,8d3e4046ec762e7a99690edf765964bfd6ca5a8685348e5334486af47261d852
pleia_energy,1,inner0_selection,860b878b6b15e5a810d7,None,None:segment:0,122,6,36,6,b4a03f932051e513069ebe3be39e8028f6327fcb8c05a5d8d9b783f21fbaa47f,412510936c694e1fc2d12beecddebb3ed04d060e5e7d3b2191fdc3732d5ca51d,7f8ce2d702ae2eade77917362c8ebbb773c0d15aeb499564fc358e767973d0f8,2021-04-11 05:40:00,144,0.1274109375,fab08ab8de09e26adfafc8083c2ce85142d58b579aaaa2f326d22fb15805cd6b
pleia_energy,1,inner0_selection,3b362c259367b2a7c54c,None,None:segment:0,71,6,36,6,377d459aff72c05a209c57a2a5bb19fa1ce06636c8d780ac65f22663fd519f40,85f4066fea35e8c94e99e59b15c5490d21b36c422faa327a0de829471aee506a,137b704215caeb06a59de0283f9db08bd1b35125d4b871e516b7448f2dda5258,2021-04-11 21:10:00,144,0.1274109375,6929947191ae2250592c34579194c63c31df33e96018dce2ccd4a688fd7da140
pleia_energy,1,inner0_selection,861677959c2f16487274,None,None:segment:0,45,6,36,6,d5a2d37e7faa863837c52843fe9eb6b87610ec2032da622b71211819c299ff89,7e4658702803b4f5201dfaf9cf2548149d1bde3b0669375076a4c757064ee5ab,3cf73f00183ca6cb82a2d8fc7cf60ccbd09f4d2196697b4d6bd9c94143dc0dbd,2021-04-12 16:50:00,144,0.1274109375,56fac26803e4a8e87ecc880a6313e0669734adcdea53df02777a63c83b2a0943
pleia_energy,1,inner0_selection,842b6f9dce17c173988c,None,None:segment:0,122,6,36,6,16b5b793ed1c730279f6ac7ea7088c733bcfc4135ca7a9b605c633924b295f96,f6c3002bee2cc5b924659a60fd63092a92a6898799929ec388f6ae271ccd24a5,9763b39d9e5f5c9542e04376a0508eb427e222546342c9dc003b27ee578dc944,2021-04-14 05:40:00,144,0.1274109375,4f260fab21cfa8fbd0136f2b3e0361b0b467ece768714c4e6a106825c49b3581
pleia_energy,1,inner0_selection,edac5f1519cf3ff5fa9d,None,None:segment:0,40,6,36,6,389d129acfd3b4c28ae8d9d7ca5489356315973e0633ab4e2462c6dccc8376bf,3301ba4b9ffb3b64cddd90257f29a21e1c92c15b7215c8583a983fa35df26c86,ed74d7b14f1faeceabdf90ba6514f7ba5c57f1f1136d0bb9a622fbf288f49a88,2021-04-14 16:00:00,144,0.1274109375,afd790181af65b9a4fd50d9222f15457e450b85933e6f49d4a05b045f7af05c7
pleia_energy,1,inner0_selection,dda2dfaadea83ca95f63,None,None:segment:0,126,6,36,6,9adccf90eb4a37b6b1774f04619f031c1a68c061e9e1048212da3a05439f91f4,c6b781d101b9a4c0c92579aedef1f2e6d041a39c976ce25c1295b4defcff53eb,b50bdeaa7bbaaa2b2006b5065d6aff7b248fe081253960d57c6f692979a4661d,2021-04-16 06:20:00,144,0.1274109375,58dcc02e180e04aaf1acbf4b94fe12e2c447c0ac08711f205b6c4fdcd74c0319
pleia_energy,1,inner0_selection,0f8777db47547b0ae217,None,None:segment:0,50,6,36,6,1fd1b79e98f245802a64b4ec7805383c0b34ceb9a89b32806bdd0eeaae3b4f43,c4ac439663e49f9b147a4877c3f879a9a1561ec82fe7afdebc7fbf59b46b5d78,6f07de37f87b80abf37f9869626430169e8cc0d03e1f46d59a6a6ca9387b9cfc,2021-04-16 17:40:00,144,0.1274109375,5d4958994a2a0d2cfbd928d434dee95e2a5b42849db0249d753948632e1c0d46
pleia_energy,1,inner0_selection,b0652960e82f0e2b6b76,None,None:segment:0,122,6,36,6,e781e93935272e3e163b8794913ae2bb8858ce57150220fd1c4bb1d1dcfbf338,7df3272c32c3edb0004812bc3d9102a7a71e741fa97ec7025a5ae93dd65a8030,8ae3eb51e611d6b4e048df658d4ad1e814b3217b191cf1467aa193c50c8dc281,2021-04-18 05:40:00,144,0.1274109375,ed1173d279c68e3e540a73778a33bfa2da6615c13e4dd1b5e3a2ea4026f5f0cf
pleia_energy,1,inner0_selection,5e1f0a22c8e58170e3eb,None,None:segment:0,60,6,36,6,2930beb5a37e623b4bd26a62bfd54e2caa7c09c1edce00ca8a470949221670cb,d33a7633ee9307a0b7c9a137c3555ac49b22815d2580dd264c8b6e3090d0d8b9,341a08754903ad3c97eea4e98544b0f708b8586d6fac86dc41217e835390be21,2021-04-18 19:20:00,144,0.1274109375,dcb8f4b3722934003b83ed19e2d951d3d7ad21a25c705d1aa2966bc2b1607302
pleia_energy,1,inner0_selection,13a15de358d0326272f9,None,None:segment:0,36,6,36,6,0d22e28c8168926220280b6a385cbda6abbef06fee6712589f414b25e2a465c2,8c3a112d465ae34aef6be3211956c3ad7eb2470f852cd74876977f620a3f4ad4,cfef12e2aada84fcfdae77a51c2bbf5c112e0f6503a70bdeff326631e3ea05d2,2021-04-19 15:20:00,144,0.1274109375,d5f2132e5353623b91e445b2993b859f29f5a801fa51dfb0f3c0cfc8ab48faf8
pleia_energy,1,inner0_selection,23db4a2fb90e63a73615,None,None:segment:0,70,6,36,6,5467a29f27c7f4e4d9c186e3fad0b60048e3ac28ed152c4faaa20ef73bbeb487,5dbbd272a936894167a87e3a2bae883e7ca12f3e336beb0d0db01fd0684709cb,ea11c5a52bd9c3701c62618e3877bd37a2007ba7b1dcbfe93d4381505f91283c,2021-04-20 21:00:00,144,0.1274109375,3588cb1b616e3221198c86eee59166368d3046a8218957fab6e7a3bf4c2db062
pleia_energy,1,inner0_selection,aa04cbdc8125df3d6259,None,None:segment:0,53,6,36,6,3c7887e514fd76a44c2f27680841017e3aba98af543944d63e9f37fd6c2b5372,8fc1bdc3ba46fc86ed938fef73f630eb72a4d90837ad66d99e05876bb474960a,d66caa4c87fa5f9350c3eeb845ee13406ef65b9476ef5ef367aac7f53013fce5,2021-04-21 18:10:00,144,0.1274109375,30e83ae91e4ed3c6bd6f004d47246e82e283d24535990ddac7014f9d6369a4fe
pleia_energy,1,inner0_selection,a46dd122ab37496f5ccd,None,None:segment:0,128,6,36,6,799ad4dc6e556ccb2a12d1514d69e3895ce815ff2a0d5921cff3320f724bc439,8089428c4b53e642b700dcf11d1a84b14d44e649b3fba6b6013012cf7f8b3db9,9e64fc122e614c39d70eb01b08baf259f1cb0f67151ad63356ddef3b72a92ce6,2021-04-23 06:40:00,144,0.1274109375,af954ee3c147ce7ec46c47a6b59511da2f0fc73232da77b35a69d59ec9193417
pleia_energy,1,inner0_selection,8ab2375998655f0f2060,None,None:segment:0,61,6,36,6,28492d93308a2b07e9e441179a0810ab6ad3facd0d0ebfa63e810fe4551523ba,a982cb42d89c8dc659211e1e50858c1e72bd65382e5bc44c4a233b134e2acae4,82bca582e45810ffa29e2b8eec870c6ce270229519ebf9be69094233e9a35fa1,2021-04-23 19:30:00,144,0.1274109375,bd1cf55ba66d20a4f492a784b925820618da2951988d342c8fa0b0a737bbf4a0
pleia_energy,1,inner0_selection,dd1e8c0e3963f57d23f9,None,None:segment:0,44,6,36,6,b08ead66773f108557706f9f78572103a1b641f34b20ea81c1b965795e017471,873adc05c43e7a5c12262c4b08adc0660a70d6bef3f62818ca84010c6b783d82,f6f86121a5fa98cf2e7522f1ebf1c1ae1a5b1d3d193a92e3c899bffdfa811ac3,2021-04-24 16:40:00,144,0.1274109375,741bcb812e07b9de7f542191881763fee10e56a766049282bcdb0f5d321dafaa
pleia_energy,1,inner0_selection,caf7113f32b17f45684e,None,None:segment:0,93,6,36,6,444a6086d856057175b70555d36f3023279fd8367cf3aab0cbdb9276c516ea4d,d3d0f1a3ff8e33ce294ec36ca1dcb6d0cef12e5c17312162d04faa9283acdf94,b7a0dec1f7b6ccc1e00a3e27118bc7c33b1a0c675e5722cecadb0f12f22f03a6,2021-04-26 00:50:00,144,0.1274109375,753581362b24335a0588c1595960b06c2e5a74effbe8cc7cf44840171bcacb0b
pleia_energy,1,inner0_selection,d35f4611a4744368584c,None,None:segment:0,99,6,36,6,2e51d8c677b9136fec0f69c6c795f6685cbcf11127e4e9cf2f55281d17a9b208,31ce307a7c22ffe2c62fc68ea88a3b49525a494e2a6e325e163e108ea240b4c4,d7ad1fc5c763dde9b5b3cb123d7fdb2913e26a8255ceff610901bd084802b115,2021-04-27 01:50:00,144,0.1274109375,f8d2ea71a77baff9e9c71f5b2d4917f4cfee5a586095c390f6e8cd08ea2c5371
pleia_energy,1,inner0_selection,2a049baae713a01e2fbd,None,None:segment:0,91,6,36,6,798fb67185e24bafb79d2e515247d333ec59d0a273b5b19f78e8a797c2458743,dc2207af655ebb8628870cf8c2af31b946efaa289de478c7394566de3c3e9b13,c74bee7521802556d103bc58c1668748734aa4d3201c6b8444e426749773a257,2021-04-28 00:30:00,144,0.1274109375,20f6a58dc5a9e9aa3f18f4ef80ef1f4351251f04f1c57110daff3766af02f20f
pleia_energy,1,inner0_selection,5118e765ad5872471961,None,None:segment:0,69,6,36,6,0d3fd3fb13ef5df900359fad2ffd91d261db2d49d0e16af0ab02f9f06e9a8da4,cadae244de6c2740a47e86e1e2971c04ae6ca09b375e3acf17a47e1e1682b244,d7e5ab49b88e6b06b32ec942de465e5a1d3ca2fe57736b2c9fba9466ddf5e1c3,2021-04-28 20:50:00,144,0.1274109375,b5dece567a986ce28de4833a9a0ced380c3e2e2592b318780e6065805fe7fb76
pleia_energy,1,inner0_selection,12a4e4606eb586deb00e,None,None:segment:0,92,6,36,6,8d18d60f1ca07d01673f3c5501d234e6466b6d36ea7f8a99b6d894e3ca47c574,44cadce2e941802d729055fbc90c06cda49a073760ecd3b9f9eda8fbd3f3c982,1492f2fda6b4bcb78d7f916f95f9894a1729b895c5ee107fc0bc1b49a25760bf,2021-04-30 00:40:00,144,0.1274109375,571cc55c8d006db44614ff49bbd25c6125c37f5cc9c3e7eaa3c748d78e437e66
pleia_energy,1,inner0_selection,d0501e2731ea5b654380,None,None:segment:0,83,6,36,6,bc19944a299e839a145f623768aadc1dc223082f3d72f6a99dd8e6d942c6746a,dab7ce4107748d68e0b4ec6c589740b49e9528d7dfbf8591b40fd953fe848312,91aad529e887871f3f3cf8bd2bc2a8a286bbfe65cd426fbe6649f05718347276,2021-04-30 23:10:00,144,0.1274109375,64b0002c0756617e9f90d38646608dba641203dfc735b139110d90baabfc32fb
pleia_energy,1,inner0_selection,d90f6e088be6b8a0d8a7,None,None:segment:0,92,6,36,6,bc092041d5963ec78cfdc3ff7e75c0652b584f9ba941c5665ec582c7dc1527b3,5cfbee61367177ac761eb17e291b486c0c2f16d38df9a284a5e186e6ba54fb63,73f188d189776f81587eee87324623958fa5ab116486b44ae94deb9e7a50576f,2021-05-02 00:40:00,144,0.1274109375,d6de8c179824bd5a66d859960a70719f00fbdf13977cd91b9a1609461855ea8e
pleia_energy,1,inner0_selection,c095c172916786bf15d6,None,None:segment:0,98,6,36,6,2cf6a059457baea2f8690420fe77ecdcc8d3f9b796332b7be50f3caf3d221969,96e9b95c93116c7911e6224ad21395638eec21d751de5dd077beab9f30707d11,682761a5589943bffb5a2a7e009f09d58f1b7eefdd7bd434281fe3c8ada80db0,2021-05-03 01:40:00,144,0.1274109375,6e31a8ce6f860362afcd7e1fd607631c5da122fe0ba857a9a64c14f8bc0e8c33
pleia_energy,1,inner1_selection,57354a4c4bcbf78357e7,None,None:segment:0,104,6,36,6,a7d63dcf24280a9e1db1b60fb39d026a020f0afaaaaa3751cbb605a11d8d34d0,1c9de61399214b32284b432deda3399b0d200fef46fb055559ccf7b86e126ad5,863f1b4dc066dc10f64c51f60dac03057bb51b38844993f4ae106fe473b4adee,2021-05-04 19:20:00,144,0.13320234374999998,b8063fe073116f478672ed88ee1a6ad3bd6095f913d6abf3617cbf324a00d670
pleia_energy,1,inner1_selection,582868b45810b6995504,None,None:segment:0,101,6,36,6,7e43760041876493349f685eda1b44f8c101ae07471c436a49400b77b2a849c9,77fa52d09b2b2ff5ad9f29dd33d3c4684979b1c8bfab52511e096608405be8b1,3f68d0e69f82b064b0f9a8e20593788d8733a2066c17599efbd1f8b4edab6900,2021-05-05 18:50:00,144,0.13320234374999998,d52c7f1a6d42294099e14ba0d9b1d9744a2ee2c8ad107e851f16d1435d23316e
pleia_energy,1,inner1_selection,dad0644abdc42fbca9d3,None,None:segment:0,57,6,36,6,27594b36dd0ed39acc1cef983213a95684580b35c1a563fdce7350b35022fede,5c8c952b90fffb4f61af8e39daf754ba63fc82208c3e8807765c4b7109199a44,48e2c7f28126c005b63be965d6e58edbcc39d04d39229637f60cc2a6a4f64df5,2021-05-06 11:30:00,144,0.13320234374999998,6b7d9e58df9219cdc8d461af9c93fc5893ed7074f42600cac115308011bb6193
pleia_energy,1,inner1_selection,1e9649becb4b45db4867,None,None:segment:0,96,6,36,6,87e83cb62eed810a737cdcb3a6f86b69dba02d067e3b110e24ed91e0a76ae5b4,2893a639bdf8be00dd32726adebb7c76cd3ffd9b360269a5a51be0a2f0e4bad1,2c2def1c7aba02647a6d96a5006ef4ac2500e3867b929592cf2ea4951e9084fd,2021-05-07 18:00:00,144,0.13320234374999998,153e88264daedffa3c5df9fc2b9d3071d574cdd77b7e09d8532bfd9d195b0228
pleia_energy,1,inner1_selection,387322f2c5e31ea4692d,None,None:segment:0,60,6,36,6,6aeddaa8033a17868e8535fbcdd2f71c7879081eb0258ab865ad5e13aba93aae,6fc38f4c21cffedf2497d375646253f707b2c67fbbcbbe7c9c2dfaf3810a33a5,48cd946d965e05d22cf1eff051fe308618fa838bcbbabe4bfa6cd4e98f3f6050,2021-05-08 12:00:00,144,0.13320234374999998,1b5cc9ed11fd54af3defa5c5627e7ad064c28e691109985960cb2fb458f99686
pleia_energy,1,inner1_selection,73811b2cf05335488830,None,None:segment:0,123,6,36,6,bf1c07b119b258d408301e64723184a6563951b86a7d3db639b86d077220cbc8,ab81893df66a2e193b79d6c4136362c49e9e05191cc3f95b1f6bc5e7d733ae51,a26f7f2399b897ce63307d8feec87c3014bd409a9b3cc6b1526c03ec7fb94d32,2021-05-09 22:30:00,144,0.13320234374999998,e4b5077bc8c5e8655d5880115034fa1936b645d0b8cdf52eda6dfc83bd0a620e
pleia_energy,1,inner1_selection,4283c90ef24ab47deec8,None,None:segment:0,120,6,36,6,4ff7f77dc20d87514f340c40ab09529091f10ad0dadba7110d97b31ab1d438f3,3e80f381e3a9d6ef9b67d86dadc00d1660cdf16bb461e9cd06fa443f98dea06a,ff2b0325c12178b6d48640ea46a0982ddf2d45669429333c027f7e37edf125a9,2021-05-10 22:00:00,144,0.13320234374999998,7bc6fa696fe05f9a593de42038536674130ae7b5b23fb4da8e1feb20518e7e11
pleia_energy,1,inner1_selection,b56801252f91b0ef75b8,None,None:segment:0,56,6,36,6,5d7e57eca0c37e114404273864ae3a947d57a77fbcd79f8eb571fe60ba6c4468,c4fc6122284465f1aafb34849f3a422364969e971e0e86024da81c47e5401e1f,12338749ef0e3338eadf955f39f735a5683fa0a543c4f94b5baf6e01e7c806ec,2021-05-11 11:20:00,144,0.13320234374999998,eb1bb47c573b045b8a0c3bc43c4c2c8bd2f85cc65ad32196bf3aa7a1a0894b84
pleia_energy,1,inner1_selection,b5e86273ef9424154c48,None,None:segment:0,111,6,36,6,bb80609b69be72d96a29926aa087ec5425a4fc5cd00618dd18461f6a56bc0969,c9d01fea9ab7eecdc2d18d79f74f2d81d626b0058d3f5bddc5758da00b97db01,f23147f5761910cc0315fdf5e20f26f2d4f8c0524b6688119e42c7b10604ed41,2021-05-12 20:30:00,144,0.13320234374999998,4f370d4062eedd40366460d863fec060c2c14ef2bc51ced71cc690d732feab49
pleia_energy,1,inner1_selection,70deeb86628777fb4170,None,None:segment:0,69,6,36,6,f411c0c8fd6ee13165d900a972e32e11f743e061b7b96026fce7b96fac69638f,c8ee5a71f92564dfdda63527e8bdb050535663a75cf12241c66c877066dcd75e,d3c721dc6471b225ae4ba6503b7b506316485c904341c91659444b873cedfc23,2021-05-13 13:30:00,144,0.13320234374999998,97163cadab3304fa05fbf925af7dd51ea6e2d64d5967ad88009476151e13dc85
pleia_energy,1,inner1_selection,9d6cb93d2d9accdc7791,None,None:segment:0,39,6,36,6,2662bb294c47d3fbfcefc82ea39c8201a82f58efeb9af88a7bb5181f8414ca5a,596561cf929003e985036089be6a3729fe690281b1ad86843309e146cb24d590,c2007663dc47ffbb434e21923a6c6adbf84738705f932446de4d321696f8b05d,2021-05-14 08:30:00,144,0.13320234374999998,fb7428d5ba02540845381cfe5d6fc56ac879830533e2b16328d88d769c4cf8f9
pleia_energy,1,inner1_selection,c04300248f2e06000899,None,None:segment:0,63,6,36,6,98c82e15c15455297b0cb039a04d71cb95f4c30554b3d31460ce98b7e7328c90,73fa786293aefa8a324c172036b74209ddf468c15619cde9f7a3c87a532b2d2c,30a3a5338c6b32519e047d86d61e060925fafa4cc7c8aaa2954c56fa6662eff1,2021-05-15 12:30:00,144,0.13320234374999998,cf4593d00d8383ec2bd4b6d35e62c0c79388a2a9d1042e823d7b7fefe1bb360d
pleia_energy,1,inner1_selection,a603a11e460b33307f0c,None,None:segment:0,87,6,36,6,809805fd5cee74a61802e961f85fb2c8694a6ccc7211d6564bf7651869d43f2b,ff939b5356b4c7ea2d6fb1bd7c20f7fa13138948f2946eb1634f187ad48925f7,d2869ea3b39d11bd4266e1e56c9de5d2003a198b34f744d15595c15a9c873448,2021-05-16 16:30:00,144,0.13320234374999998,525a9d660ed5aa19f098c8f5be1dee2d36964b60bde25dbaf67cda6cec767449
pleia_energy,1,inner1_selection,0d1ce20802924abf74ef,None,None:segment:0,100,6,36,6,1c590b788bff90beb4b3d07dca253509af6313abbe85a889a8fb09b17eec1ef8,0be8760937536b4e1f8b45e9c071868086a911075447c6794168928f985b7f14,0a4272335debb528f0d48f5fe95d197cba391e2b7fec2b5fe2f91aab00b9be3b,2021-05-17 18:40:00,144,0.13320234374999998,41c85631f28fe71be93ca41e7b34d78fc3b8a0fac9e3fca311e4bdc4f6893bb2
pleia_energy,1,inner1_selection,61e432699ffc13e3775f,None,None:segment:0,112,6,36,6,74c7636edef77030109a9d307be2413eee9c8efdea811e45c0cf12c9e2b72a41,9ac88d17fc2deaec9a71a0f460c6ae5c43007a2590b27d9eb2c3edf77f9a2b07,d531b94e677eba3e697f4b9e3b9c2f57c36d1a0e5aaa184810b88e1f5acbcafc,2021-05-18 20:40:00,144,0.13320234374999998,7b379c7a27ff81bad9731c3a2c455469fb12d9acea07f5ec8db58671b52ee3b9
pleia_energy,1,inner1_selection,fef03d3204cf63b3e2c8,None,None:segment:0,69,6,36,6,7eee5d6c8af2e4927688faca4c16d2ff40d6d9976f464f9c0742a6aac9070b92,60bdc5f8b915fee3fa7dab7cc4fb06df38681e2a0a28db84b4dc9dc4a24b5639,e6a6d2bcf35781bda7454f84219c67b180f60e5eeba80713772da5c1ad79bfa4,2021-05-19 13:30:00,144,0.13320234374999998,da063d4d99ac1a639b14ae13147ecbde3c917457d8c8427601245c263a49b88b
pleia_energy,1,inner1_selection,04813327d82e92ef4ebe,None,None:segment:0,43,6,36,6,8afdc3aedce18d1b4ba91bb677768cd704671d4dcc8f685340283f32ddf97d62,85aa0c99ade7033af9dd522ca3e71bd3238a0049ce009d6561032650e9e45cfb,91ad290fc223c59f262c0beb636bbdca37b8fe416841b654790e191c506b5d08,2021-05-20 09:10:00,144,0.13320234374999998,19192ac5e35af52a6613174190f886b06a42639314312dd09bc8f88e85f1e9d2
pleia_energy,1,inner1_selection,c773f1a24d94a7dbab68,None,None:segment:0,102,6,36,6,399b5ec672fa86bf9852dc9ccc7a17ca22adda05cfee697d46af9370cd465c93,4a349efc8a930b0a3bf71eb141d1cb5491a8937993c586ed693f6b0b5264cb56,327d3752d4746ecbd6e7014c40e44c4d168aa191ee39312a9fe84bee3b3c6b60,2021-05-21 19:00:00,144,0.13320234374999998,862bc7a22afbec439a9a1d8d3830a4dc6672990ddc736e5c88e9acbcf98a3c07
pleia_energy,1,inner1_selection,d1ca613f5f5eff77cb71,None,None:segment:0,63,6,36,6,36a07d7010237dce7c23a286e1db2d9e3ac7503f92a32aaf0d2900e391b416ba,4b6ec8321660753ddb123c8931129a8ca6f4d3283b40fd56693dca0b412cba44,e8e7592aca034800d7bcb74ce3ccea55c745c3cbb3d3c1e3f95e85cda8eba3c5,2021-05-22 12:30:00,144,0.13320234374999998,514fd1927e83de4aff2f6e753c17bb186f848d543ebfe9e3e34b7876764a6e29
pleia_energy,1,inner1_selection,28265cd62d8e69382e28,None,None:segment:0,39,6,36,6,30d26621ba3c1c5a21b1509522c825963a3721f3749e5a0a8585fbd8d43811ec,a934b266fcefb8333b55c5f4f320e56fa079369cd10a91971a0e75a991d2b9a8,c822a0246c1e5fa92f6ec0ea901b66cbf356b160a379b737c4c2bd78f1aaee0d,2021-05-23 08:30:00,144,0.13320234374999998,971444272e1c2f238c98e4397b9446f9861cdcd505d98180d3d219afbc60c5ba
pleia_energy,1,inner1_selection,aa2821f825e2f57a55e0,None,None:segment:0,98,6,36,6,82f56bf3d81ccbb5a9fea7fd5aa5030e7df519a6e061af3ddb52a94490839384,4a0a7db711acaae3494845c8d9cd57c13144d80999d798dd8c64d26aa1b83a5a,719bcf139758d1f8c574f8286c2ee352be137b61fcc0f4510245e1aeaf533ff1,2021-05-24 18:20:00,144,0.13320234374999998,54712b32a949238491001c6450b7030d453ca21609dce1c1b850c23e86a2b2cc
pleia_energy,1,inner1_selection,003be062e4af77de23fa,None,None:segment:0,124,6,36,6,4a9cd0838640624422fd6fe26bcf21a7e10574a8adf744193bbc94ccd048c738,af1dff8014a2ddd91c095e7144762cf3a0479f2e84b899036bb30009348c2848,964f26f90f36526b1e07351c28722b905b5f27d723631fced821a65e781d990d,2021-05-25 22:40:00,144,0.13320234374999998,8662e66e7dcbe38b89095a579be4c40249cd759e853d0dd164bf56d65fd0c6c9
pleia_energy,1,inner1_selection,cce69cb9c45f2f0ac215,None,None:segment:0,87,6,36,6,d13615a9abef26a3b109e5ee39e7d978c348e664e464b2603f6fb32f0153100b,0d51b81cb1d4cb34132ed2a4d6f7752f2cb37e12af9f8ad329669ecfd7f32420,3bb87d23bb3199f835199a0c909e79f1f02176935c298885d8a911213a99fb8c,2021-05-26 16:30:00,144,0.13320234374999998,8bb0b8d8f4f99db5e815533361aaeaf26d8abb7f3a88e30843c71a55f674de61
pleia_energy,1,inner1_selection,701b6241f1b798275a4f,None,None:segment:0,115,6,36,6,71d6c4c7ff2d25f5cb67de75c24ac2a66e61e49cc6c716d75039111a7028af79,90de147c0fb2c0e4b0f9c97207a89b4429fa2570008abdf3e2240375a5135ab2,cdf2cb62d7491e9f903598afc51edb9e624f5296f4ecdad56cfb12e5a70eb0cb,2021-05-27 21:10:00,144,0.13320234374999998,d184af45156e583b1e5d413b1125edc140507c086bbd70ef42ad7dd5e5095c08
pleia_energy,1,inner1_selection,4f9ff790a6b2b4dc1295,None,None:segment:0,69,6,36,6,1871613ebd3a93eb038597c4c4a17516e9c4690e938dc16325e0c7407d22d5c6,d2a3e165cb2b43ba7983dbb1f572a685302c46cad045fc21cd2c40c6f7c2b1ad,1801da10d18980d25433485f9baa37e1d4045b5356e899d0fc24648e2aa2dd67,2021-05-28 13:30:00,144,0.13320234374999998,13b975b509f34ce1caa5f18a0f695db3c708b2fd07a1db3e9f1f398569746c74
pleia_energy,1,inner1_selection,e29b6f8b78fe915f7974,None,None:segment:0,120,6,36,6,12eb34530f7e9f3ed7ce8f0c4781e9df34bb902a01424f6e320cd20099ecee6c,b7ae6c0172fc67da5e039613ab4bcaf56a980084da18454cb1190c635abf8421,e5742280b9f178be29e66452a75a8d37594ef024d561eb60e073f01a48cafaa7,2021-05-29 22:00:00,144,0.13320234374999998,54a490fe97698d1c1df947c046f58db3ddd44f49d602774ccd4171e4d13541f9
pleia_energy,1,inner1_selection,a7b35d14220bb78c086e,None,None:segment:0,130,6,36,6,fc97c8e1b3915c3977e102371aba5b695414b94e85da8fff05d7bd4a8e9627fd,49b38c638933f19c4b8e17812fb883438334ee3c4ea2af8ae838801b0065e005,47479c05f537d0829d1fca746bdd4ceb9b0394e38f7cd03bd29dc2f1f85f41a6,2021-05-30 23:40:00,144,0.13320234374999998,059b90553724a33a7f8bafffaa10f3d7868c107cc0ba2080d33a3f05d98f8d1c
pleia_energy,1,inner1_selection,cab8ec7be81e3aa18558,None,None:segment:0,78,6,36,6,7d17f7c05042ff444e6f6cfc4efb527c0325ae8b0868dd26a008f06ef41b081f,d085e57dc1c2e503fd1d4baa243c15c240e010e988e3d1953557edf78fa1f86a,852acd7b03f95cc21f2fbcf78b4ffe2b1ecb71a7c0e016c8e2eecb065ed54abf,2021-05-31 15:00:00,144,0.13320234374999998,954c334d6b96059ab4a5e530eed3255025a32e304823ba6b5d1c8f0e48d0b236
pleia_energy,1,inner1_selection,0437ed217f3b12548f78,None,None:segment:0,37,6,36,6,17808eece53fffdb2ab4fc78cdc618c7d3a045ed682c48d7004442b50e1a688e,de4f8a7bac61ff77bc87fa7a20f7d8bbffea88438152bf29518c6f79b7a1b6ed,228e363c5f53d417e4b035d5885c16083f2f4032354ceac4b3fb0264f56a3180,2021-06-01 08:10:00,144,0.13320234374999998,dfc4ae379b77b578d073555d48f2eec8e8af9a91ab15a6cdf808cf9280916d2b
pleia_energy,1,inner1_selection,8f2b389f000353045ad6,None,None:segment:0,118,6,36,6,fbeed7f0e101899d4091a73e538a9107b0dd5522434a7037b7de44c11b00a76e,feff026f7f1e51c06c4cec2d728be9c4aab9c0f5a4e2c8a2153ea713c0f75f0b,0ec8e97ac4d7ce30adfcdceb43013b8af841880d1d80ae0820201ee92c51c536,2021-06-02 21:40:00,144,0.13320234374999998,b613a5b76f5d224669e38ffc4de4b7f0085af66840bc3f3b6ef3b1e34ad2349a
pleia_energy,1,inner1_selection,5aece91d4d8ee6968cb8,None,None:segment:0,58,6,36,6,d2b0904501345b45ed4b51e4f4f83c890efefe14baec99c1d0320e4090b82f81,0866911711fb4f5399c1b62054e01b94378020d4f57de49d4a9011ff5a53fff8,69c6ffc0ac2a901e10a1b78097fb12ed17013a144e266a5d5c85fc53af2e8b07,2021-06-03 11:40:00,144,0.13320234374999998,719605750c964f557b39ac244796567b701fc3c637007b5969747bac68e7ee85
pleia_energy,1,inner1_selection,2ee87f8638ef8e620ae3,None,None:segment:0,98,6,36,6,8346c2ae1032f3f4e90321a1da9c468f16bcdca98137525b2b50cde2611f4f6b,49c97b53cd1a17bec7d57989f97e722e77437d98c47bb30b66edd2db88982f28,ffe761940552d523bcc09ae2d7485e82804124b93ad250fbc36353431932886b,2021-06-04 18:20:00,144,0.13320234374999998,77a57b0fec99210afc6bafae6c3fec500edf5df13278c15ea4e98dd7d65cdcef
pleia_energy,1,inner1_selection,8ea92ea931ee8feafef5,None,None:segment:0,95,6,36,6,7b97450780ce8beec4738e7ff38a0e49434d4cde290ac3c72d23b088d4cf7935,491ba55f285d2493c364cb3870165505b28241ce967b6979304a2d3c82f1f4de,ac910577e18f1c16214ceef4655d759961f5eb0ad9faa6f36ac8e27c9cf7d0df,2021-06-05 17:50:00,144,0.13320234374999998,5700e7981f854b1886724ab58b00983d87115af6e27ce5f6396c49cdb033f6a2
pleia_energy,1,inner1_selection,216b2cfd6ca37884ee85,None,None:segment:0,81,6,36,6,f9946e6e280699fd2c59f24be31288701ad925aefae4efcec9d1bcc48494b8c3,4b8fbb77ee158760aff02701748ba3243e654170ed8eed7f72c2169c17cd0ee0,2f6b19520f0225f9fb9af768a5249d34814c62645b06f6dfd9341ab03accd4fd,2021-06-06 15:30:00,144,0.13320234374999998,a3e4ff5c6bdbd02eb23f7dcacf4d12733339ef773478f9dec52546d0c6d713cd
pleia_energy,1,inner1_selection,685e8928baf4028fd005,None,None:segment:0,48,6,36,6,dc71b91b9717a260c0846000a524e5386a3b5dc8b1015b5882dd80f9e3567a86,d0d7790a473c44df6a0cb930bb15615b95585628af54803786840f035dc50232,7db616220dca81814839dfa5e56eb5cb37797dde4dcb548c2b36fae306706a52,2021-06-07 10:00:00,144,0.13320234374999998,46a514dc4cb0c7e417ca3f2f88d90e226a539f4579efbd5a80f10c712a0b03ba
pleia_energy,1,inner1_selection,9490f81ad087c4c62f92,None,None:segment:0,118,6,36,6,7bcc2d5d68d1d76ed3f426851fe7cfa140450c17b96878705e106b96dda4dc3f,f21c0ec78d55cb90939dd74cf62507866e8e774e0a1bd37aa2c69b81f2007c3d,9cbf1f586bd417950f8e77116bc69244ef0542fe60b0ca09e19fa7cc68c14799,2021-06-08 21:40:00,144,0.13320234374999998,9cd613c34c6dd83e02f8b3d9d0af2b5184a306495ade3501ea11c96621dd0c65
pleia_energy,1,inner1_selection,9408bf1f8dc9d0d9198b,None,None:segment:0,55,6,36,6,4acb6e8fb502703d268c300a86ef52ced652272d7c828f994c23a0fa4cb6b4c1,cf504714663e1121743224c8439802d8a17477fa614a0fa06ac6975087ee04a7,8352303fcca468a5d356250cea736afcd4f4780dbae107d49ae4fe5d52caad13,2021-06-09 11:10:00,144,0.13320234374999998,3f6d15d651864fe6ec87cad4232eac2a77af4badbb61da3d41a15342a19d6d4b
pleia_energy,1,inner1_selection,dc02510cd677ce77d407,None,None:segment:0,89,6,36,6,46af6f871bc562d6fc84f55e0f865d8d540cb5ce8cb0b3531b4ed507efa44702,fbf34505a54886f81c98ca356b91ed68a6f6b35cc9bb031ba1d816162ff99f23,0ab899e263997fd1e607c0f6338ef2030ab9dcd269eaa917a2aa25ce8f289d91,2021-06-10 16:50:00,144,0.13320234374999998,b6e35530be802cd447a67eaa08ee4056793715cccffe526f266d8c5cef16ff34
pleia_energy,1,outer_test,b7a61e4c49bf0366126a,None,None:segment:0,114,6,36,6,51f709c370aa0ee85363af257d5c42823ef96f847fe5099ddc7ded8164d38ea2,cc520ad6b5866d356ffc6e11f3b4983d9b8c673de10f60125d3b2461c6f4a56b,069bf64e680eaf9ea8a1f75021d8968e6f6960c8a7e0d3d24cb700f053193885,2021-08-03 04:30:00,144,0.393815625,fcc08013694ec78b64e9fb7d2db3677e7f6de523eac740586f3c89e18078641f
pleia_energy,1,outer_test,672ffcfef13049b988aa,None,None:segment:0,114,6,36,6,c57ecdfc25afff2ad73f89b245508a17fae1e7d0cad5bfb3a0f93a82e072b6e8,cb55b6209bf65a43ed66372a2b6db45d3f42e36f022ab00e3553cee17c267500,f05dba20dfc5b95ab91ae1253a80e601cf7875fa57f25bd3b0c6c28dcc8ae6c3,2021-08-04 04:30:00,144,0.393815625,d1e3384a457cde3c9e6209e9c578f846d115092c0a909f8abce2e024398c09b7
pleia_energy,1,outer_test,59a1ccbfb48a92c485d1,None,None:segment:0,61,6,36,6,a714fff3a2fee432a86d00ab49e6117c54b174680d9f9e3c3b52abb88966420b,233a0c0720918f97fd1aab3e267aad9bc296ebe6968eaddb4d5949a389c009fc,3dda8cb153983fda015f0c9fd4ea930740bb8ad6098ea9facc58bb74f77fa882,2021-08-04 19:40:00,144,0.393815625,55569f1caf6510757dcee6bf2d5060b10e088403c722cbde2be139a4d64c8072
pleia_energy,1,outer_test,bdcc9dc348d21d0c84d2,None,None:segment:0,109,6,36,6,494393107bd7cf2ddcdb536eafd3f74d31b2fefa154dd030ec7934380d54a2f3,edbb56b7cac0a58077729d2e6bf37ec0915772a086551653a924b742917342c0,a2123d1e2640b75361aca043580a632ccea77bf51a2fb31f3db661295003947e,2021-08-06 03:40:00,144,0.393815625,611b540d3d2c152eaefd4bd078adb1e00a899a349b5f9e5f93adfaa6e7cfcdf9
pleia_energy,1,outer_test,a6585695ec3450cfbc81,None,None:segment:0,85,6,36,6,a7667ecd6976a4086d6e30e787a14a1db7ce1b1546734f3841eaa82a09bc5dfc,f8255bd2794eb339d5c928cf2b30d78147d39c6b0bd77598c5b26482c71ceadf,3a820283d97bd41e047daecd04ff3b00f96e3650a59f7d64a0de7f69d29ef5f9,2021-08-06 23:40:00,144,0.393815625,83f0cd7813c5f83d0893e0e0ff739f34486ff0fa65c1a8c4e209c9d65ded121d
pleia_energy,1,outer_test,8aa57b34ca3aaef3df36,None,None:segment:0,64,6,36,6,dc0ee62cc25a9157873d7dbf9ea7db10d7ce316303730076672d72750bbb2094,0426dcf998ff7041d5ee93633db4b96ca6ae8d9ef2c0e42ed94dcdfb339cd6ac,927f56e5aacc5c07669fe78b915865adfa4c13eb7f655e8d22dd846b95edae82,2021-08-07 20:10:00,144,0.393815625,68b581c525ade4d7ef69d33b25daf4c0b9474fcbb88ee2e6086bfdd1590045e5
pleia_energy,1,outer_test,bd9b0f76ebddb8e173ce,None,None:segment:0,109,6,36,6,cca4209180e05e14c859ab8f99a51546a8664ddf09863f5dd12cecd06664ceb2,b7829cfa3c6b3facdab63a9b4f5f97714b8227d81a57afe0cd19e06c0c822289,d6b8ae133c4cf3d1b3b3c4db48d799a8a872187e24151a6874b89caa5023b530,2021-08-09 03:40:00,144,0.393815625,c2362286fe2a2e0f5d2d29753f90adf017248b44bd5769412f68c3b46aca6e26
pleia_energy,1,outer_test,35d5d221b0f729c25602,None,None:segment:0,76,6,36,6,794828fd08cd6b475484a8c01dfdf084ae07a8ccd427b409677c3107f577716b,7feabc15f618b59c933e515f1b8dc50d5adff206a5a15ad7eb4aed36746c1f22,664ceea0fbf9447a57d1421c36401bf6ceb12c6791c874936ef47cc387589751,2021-08-09 22:10:00,144,0.393815625,a7858fde67580161379466347f7a0042418b565ef34d07becd84f16bd064606b
pleia_energy,1,outer_test,8925d2fcc02c42e58391,None,None:segment:0,81,6,36,6,d97e8d43de589e5451e60b4bc1b356697f58a64be5419504c2be9e5624e51d27,49c04e8096b92b57879db43892db9f76c7e8161911ac7ac77fd24cbc181bf573,8e5ac715ec1a541ecdd459a0a2f34e4c9ca10794d78077cb149c07ff6f605f5d,2021-08-10 23:00:00,144,0.393815625,2c0d2cbee2922583b73494c96ba6a002d35cccb9ea4790555f8ca771aaa45b61
pleia_energy,1,outer_test,e714ee4e4a5679d0cbfe,None,None:segment:0,95,6,36,6,0f02cf3349456f19ec88dd4aa80852d14e59f3f7f13e99056ceac07184e714e2,9872a4193b9c86e737c7d8e78258012571203eb2bfff32ce08ac28b373ade982,26c689f57fec698b30bbf0fbe1ebc093348cbcb0291f022a909d4d1184d24b7a,2021-08-12 01:20:00,144,0.393815625,af7d555ad959bafe6574d71e5c775ef89f1f09c7a60364e7d2d7118aa23ba0e3
pleia_energy,1,outer_test,a31935914b905945988c,None,None:segment:0,83,6,36,6,bd17dd8b4b5b7efea4d2d606b0b3f8b1420ee0f29c8fcb0b2977b5308487a5a5,39c14ec90b3a40727c3e41ad563c43a776343a0f07ad816687f57e0a2132c460,1d05838c3e638419cb08a2cfd906c0925006d2bd7f66b68709dd28cc7ab896ec,2021-08-12 23:20:00,144,0.393815625,e6de42b7790434396f7ef6841c2a9a35044d36e9fa659e63adda91deffec1b7a
pleia_energy,1,outer_test,9c58216d7b25962ed590,None,None:segment:0,52,6,36,6,eb4ce62065d63948f6768eb198cc81b9769324725618153a1a73e651e095f0e5,59f41661eefe68cc7103be55cf31822d397393578f5ef3af74dd0c57a002c3d8,580a76e437f95fbac53c8bd6a8969f67a9154afbc414fbdef1eee29c2998cc2a,2021-08-13 18:10:00,144,0.393815625,6a931115d14cf288a2d8e1d819f930b00d30a040bf900c78eff20ea29af54fae
pleia_energy,1,outer_test,45812dccfc7849550a40,None,None:segment:0,119,6,36,6,cd9972583778e98f3f53425169bc99940f5e8bf2566c7782834dbcb52d0249b5,2e059c6a29f38bfa2fb041249c9e2cf2994d0c43ce3aaaf7e0b9c72e06f0a879,cb029da4a17ec4b0ac65f5b760f84ff1d40e90dd02e021a56e35feb492c1777f,2021-08-15 05:20:00,144,0.393815625,9a4596a44542ac43cd906d9589b15622c2a9e0bb89b51cc26621949cd3e9857f
pleia_energy,1,outer_test,418fee276c6acdc5160e,None,None:segment:0,124,6,36,6,16df116880da069b9b8de3ec89a27fdfa540d55dded83e4178d5e5b3d999b039,1006f2cfd464a5e1b68e23d3dc87c3127e04b2d1a3deb878c96971856c8f643c,62f7c3613921c2bfb90b8fee81f04aba0900fa1c46d53aec83be260597574a83,2021-08-16 06:10:00,144,0.393815625,7af20ad193204abf3b47d1d9eaa55d0a3da090ad393b602680dedf7995c324df
pleia_energy,1,outer_test,836b049222f0c2927b86,None,None:segment:0,53,6,36,6,38f2ca29abb3bea3e52a9a0836f7ce80a49853bdcb23d97fe91ebac03bee9ce2,18c1b618f6fc8b9ea9becbdab2cf571cd6e975c643126335cc2979e0c69e3f9c,a880e37a36a2df44265e29b612b524835b100342cdf6cd96f96f2a620a6e82d5,2021-08-16 18:20:00,144,0.393815625,1f7b09639d97fb33561211b31c91d67adfe4bf79a6571a8674e93d8b04984eeb
pleia_energy,1,outer_test,01c7cbe8273e22f32cf2,None,None:segment:0,53,6,36,6,aea8c3093feb413cb1bf0ff566f34f0a3db863bb0d6c318ba904beb7e1ec1d7d,138bb868a5d34c6cc1b1332f4316198a54de1fe764e2639afacb8abe46e3e1f0,25aea4c834a8369795e62d6631c2a6d86116e8c67def4fb47ae3223d4b31f598,2021-08-17 18:20:00,144,0.393815625,9eb5dcfda6c21fe92ec87f9e0cd5e6959433372d095a4d4c6db51ccaf0ab8660
pleia_energy,1,outer_test,474ad4193ebde05d522c,None,None:segment:0,91,6,36,6,f1e3c04f6e82ef1865a956cada82b1f01c15cd6d2afdb2f169939a9c59320376,3d7d49b7b9f1ee35e31db05f78c76b79a30c8897f49441edfb04ebdfd088a37c,0b851b46a369e3ff01db44152bccead336b5a109c55d68b773f174eb8ce2e645,2021-08-19 00:40:00,144,0.393815625,5f6feb3d55fd7ebce373fd0a900a857a86d7848a0763e0878fea9a95fe6708a2
pleia_energy,1,outer_test,e1917bf924056903c511,None,None:segment:0,120,6,36,6,6c49b67138f87440c3eb2c72ca0b24994bc41f35071ec8e2aaf228975d06aea8,ba34e921a0dc93cfe85954a6754cf848763a789dca5100db7b968ef140e0cece,897fbf352eea3bf88ec5fc355d3378f9368ac16f4957ea28eef6f55bf26bb30b,2021-08-20 05:30:00,144,0.393815625,fa9576c5145e9ed5eba1dff2d5c517f2be8b40e016e20f6dee5e2f0468356316
pleia_energy,1,outer_test,51ecc007c1bd1ed3d52c,None,None:segment:0,98,6,36,6,ad9401bc39e700197dccca016fadf3b3f30bcf5532b4c00989b22107da39004f,4d5df24ae0a619c18a114870e1967861ae87ece8d20dd0b98c6ad39a2fbd476c,a810bb4e305fca66e4d25b10c1839844279fce03e43b0275e5572c8ca7eb3db7,2021-08-21 01:50:00,144,0.393815625,390b46039713fdb50a4c1e15db6fc76497fff1b7eeb3f15754d948e02c6e90d2
pleia_energy,1,outer_test,edfd3fc8269b775eabc6,None,None:segment:0,127,6,36,6,3aa5f65f54eb05d93b08af79ea1c1ab47acdb3dee25b6976f566f7d5c968bb85,9f981a2ba98eea54efc89eff2d12a99ea352c443941ba5255617f2b90c29c2ef,03910314da8f586504b27046d96192cdc4ab6c8901c25045c7f0cc8ec4a03925,2021-08-22 06:40:00,144,0.393815625,3fc9dbc3a5a3b2378409e7ccf760812b84d0e8f5dadf0b3d5234cc29e0f5f0d1
pleia_energy,1,outer_test,d7efef7e51b1b63b6bdf,None,None:segment:0,112,6,36,6,66251951a38afd3207124f2c121e7bed75bc27e64c1fe50543bb137775d11f2d,8a128ba4700af8ba233ba3ca65cb5a07266b83b92490c50c46c4e0cb6af348c8,fea58ced48f24121e68f111e1af8aae123cbb1a17130a49ef107c81961c87960,2021-08-23 04:10:00,144,0.393815625,2a84ea5b05e1aa33f03ed7096b9d4b3dc6ca94637f6ba5b1ae42d3aa757fd7e8
pleia_energy,1,outer_test,af6d149546fbf3f64602,None,None:segment:0,99,6,36,6,f5f4235c5f78e978ce113a1ad6c42cabb1dd055f6ab88896281dd9d3adf4def5,6532412a90216ff68054fcca3765af02b639dc556d8a367b04072ba7f5b3794e,22499963dd24afd9c74ea035db9c79e4d742c712877f4d00370cc251a74d6415,2021-08-24 02:00:00,144,0.393815625,4a1062a44a36eb007bd170fe0c1151a61224979dbe2e1b18c2eebc43e2d39c08
pleia_energy,1,outer_test,3ee2023af3bd2357e5e7,None,None:segment:0,77,6,36,6,7802a5f708ec2860863db03d49fed322155b9e5cb67f571146cd7f6f85cba7d0,098155e6c548167ca8214164464ac1dfd73a3e6259036a75f770aced73035c47,c136a9a6d4d2315c4e15d24d68b7c152f42360970dba32cf69afc6b27605d6dc,2021-08-24 22:20:00,144,0.393815625,4e9cb90da4adad0d3c15b9500cf86529c0772d882659716823871a3d0fe7addf
pleia_energy,1,outer_test,074529153eaa9adf9b7d,None,None:segment:0,106,6,36,6,3f3d4dea3fdcd303b7ee69a0bdfee9d4f1dc7765c91e4bda3bcdd4f3209e69cd,c46c953268346e21e68edbc0279d838fbd7d2a4e369be07bac04ec62d27d4425,1e306dad9e9d56b49a68b2d589a76a3705c3ac838e96d1dc0c408eb526b6e3ff,2021-08-26 03:10:00,144,0.393815625,70f43ba3a2f5da3261d236b0b681fad283a3b3a6de08b0977f98bad05d5f4720
pleia_energy,1,outer_test,702f15a37909678875e6,None,None:segment:0,76,6,36,6,dfe9fa5e786b3cf10d6c7fe9759d5a1d28ee538cbeb9d759a836ccf44fad8f2d,7e63bb17fbf79ed79be1a49448c03ff6bf87df9fc6d16c452eb7c7531232db31,e8ee2fbaca245457c9035170158bcd45b22984ec9eaf0dec379ad90f0272b28a,2021-08-26 22:10:00,144,0.393815625,6c7c33d7f14c9a1c4d8823cab924dda30cc32b308ddd78ac7322b582a60c0854
pleia_energy,1,outer_test,74d4d00566a602c803ea,None,None:segment:0,77,6,36,6,4f46fc440cf355c680ee4006444e7aabe48eb63a1974f0cc1c338cc5e1055349,a8953edd5a4224c82a431cb2cc190c2db7788c3a565393b9aefc20240353e8ba,972aa800b05ea6ec53f70fdf7d93a7ee540f937f73982ffbd6e36c13951139bc,2021-08-27 22:20:00,144,0.393815625,2721bce04229023195486c2880dc7dac0faac718018a5419ab98b1583cf54b69
pleia_energy,1,outer_test,3881f039e147236f2feb,None,None:segment:0,74,6,36,6,a6719f6b5b09431b2a7a5c4dcf2c3fc4dda3207b93a3616fbbdd1f3bd0c9e331,6a53e98d7c29b02d960e8c295e5cac236fbfed476e0610a56b0f6b0176714978,382f696f972436b089752bc9dc9e71d6bea4b53f908a446b8740b95d069860ab,2021-08-28 21:50:00,144,0.393815625,10f6e68b783e8431f8c7cab5104e625e9ea2dc3cdf7bcf4f317df64c2d931ec8
pleia_energy,1,outer_test,af29ff00c1a5662260c9,None,None:segment:0,102,6,36,6,bb9c972cdb45aaafa86e5a0b0bd46f802369a34d39b76282a8473def13d50e1d,1ff3a1232218d2de52789cd20bcfd70ecd3912dee8179f21672494b7f9c34f3b,2d748f093c829199caa5dea70a48e965d5b5c6c94d485338cbd68fe0a5358fd5,2021-08-30 02:30:00,144,0.393815625,452a5723f933e592aee23047d85215c71757866e086af94e77221b1622fb23b0
pleia_energy,1,outer_test,5f6480d79f59b1ff470c,None,None:segment:0,56,6,36,6,e4c484b5a03e081a834da1db089f65ecc20235f1b4194f7039d67fb33d8fc1e2,0085152692bd73de38b1db24bb9b5620882ea846097448ef4e4b0a7538e1a98b,8327cd2c7f520e12e21d7370f5d282b5ad3739fe462c741ced7c3482cfd512da,2021-08-30 18:50:00,144,0.393815625,a7c97e22a5d667ddc382e39ff2d01cc49bd17deef8da70f01115795dc36676e6
pleia_energy,1,outer_test,7fee02cae0bb23b3d7b0,None,None:segment:0,99,6,36,6,4ac07a86de0979ec22fc69390713abca6058219e8697b337d51cfd976fae7562,78c1faf76703431b881952736a1219ac90ce3ebf9a719bd7d711828fc1526cfa,462fbc419005162b42d5c919fa7ecd9a7600852e24ee4265b34de771c05054fd,2021-09-01 02:00:00,144,0.393815625,1e4ad7dd9122cdf244e7751f7572a57bc356652f9475053459fcd1b00cff8fd3
pleia_energy,1,outer_test,9686e4be1ef136c0e6c7,None,None:segment:0,74,6,36,6,81ed7b908765a79f3da902266ba92e74ec9eb7c9c47a679449a89e5beb34f53f,aaf5a50f5bb5eed6d6d51e374bc220b4c621a834084bc2a963002f26ee2d44f6,252cc70b4d7c3f971d9a94890d8aecab95024ea66d39a9c6ae84db009c7541f2,2021-09-01 21:50:00,144,0.393815625,57411665ac313d28a263e9e22e84503102c1ba02c8216f27a4aa2e3ce26f19a7
pleia_energy,1,outer_test,fc111a078404f7b7f5a5,None,None:segment:0,41,6,36,6,1ca794cb6899eb1c79c0ef950238a67591f5f4c501e4465ac9abb15f0f9d9d3b,122b882f5b8118b03d322a78efc21efde91c5642aa8ccf91f8584d66f525ee93,823bc71caf16890c1593785ad451c96ebccf0c44cb395c3a7abc439cfb0e7892,2021-09-02 16:20:00,144,0.393815625,5d89c87365d0f431c365aed665f3de353dcc2c572a61f821073f36021104a664
pleia_energy,1,outer_test,cfa0da7d41fc49ef6490,None,None:segment:0,44,6,36,6,27be5bb1d0b43841b2ffd8d8412c8585a490787b94bb92bc7477b98ec7b4434d,558830f40198359d0002107c2eb0021cdfea4f774d627fe065684ab90b1b97ae,64dbd19be2ee98a9a49d813f149303f75b8789b62e5bb9a0b24f7b58bb935005,2021-09-03 16:50:00,144,0.393815625,b46e6014968789d2fde131863f65bb395349ea3f1bda316d7f3476671db2cc6c
pleia_energy,1,outer_test,fd117e09dfd4150022fe,None,None:segment:0,62,6,36,6,47460f7b47330737fb46b029f7a0c0bc1ae4a599f8a6132a330f9de38e6bde98,cecb39a11bdb1eb4d41a871b8b9f8a5ab9b3e8af9e11138dbd8c29cba417983b,aa132f1ee80dd9a8d10bf08b10ec3919f85e28d83ffe4f87401784ea56737093,2021-09-04 19:50:00,144,0.393815625,7128553c2b5773dee2f86f7779ece8a83185782286d3ddcb5eba904efb58213a
pleia_energy,1,outer_test,808dbafabe8e062c4045,None,None:segment:0,77,6,36,6,e80c4607ea630f3d30d997f11ce21c2766f1b3917e155ba8898280d1f57614c2,c0281969d87df10efa54f8395b29c8f6798f1740c041ecbe627945880af4cb5f,25f7fcf87fd9f887b23064519d50fd92e2d4135c36df1726c264e750310361b5,2021-09-05 22:20:00,144,0.393815625,9e54cc29f8e89857fda766806be767c8075cc4fe4080e19c475d29e3c450e13b
pleia_energy,1,outer_test,5753ff73f936acdcdfe1,None,None:segment:0,123,6,36,6,c02c05335cdc5c941852948f25ceeefd4678cde8a401b993f3222b2bcc95bd4e,124dfcca7762439532e9b02785d54749648e1739cc218598c364593bd435b917,2f2bd6079b4a171099d1177cb53ff35c8012569f0b9969a02147fb341bff0341,2021-09-07 06:00:00,144,0.393815625,a26cbab4da413650055dfc2f6fe6dbe3c67849a2226a077d28eb864e179d75dd
pleia_energy,1,outer_test,2988bfff4b8f3e577c94,None,None:segment:0,105,6,36,6,99204f649bef86f5ec9c3a30c3b6d668d46def39f27c12df2958d37b125b16fa,d9150376eacf7e719dfcbadb0b5bc78c023e24812836683d5f6d1cca137a1012,0b28144e536f50eb13cd864c826d3bbd07db767834e95aeec159c384a49bb5aa,2021-09-08 03:00:00,144,0.393815625,b324f6bd5c51daf9c23fe5abe495c21c8cc73cbee726d31279d2ef615eb7b965
pleia_energy,1,outer_test,f9f74491d2904f1029bc,None,None:segment:0,65,6,36,6,97ed68248f3001b23743a5b2448c6007b2540f1ae102e8e9f781d3cb88f9a88c,e1f8ed4ca61cb494de30282f2b5313dc8c477f1861486752d4c43a794ef1b2a4,a932a2a9745ee5b56f5a68793232bb803d4f226c2005c6dcd264e25c993864c2,2021-09-08 20:20:00,144,0.393815625,b1b9e8b45370ed20327418435f304d10ec537fbd68c54bce33ded4481dc2dbed
pleia_energy,1,outer_test,390239fdcfdd5f88474d,None,None:segment:0,129,6,36,6,868ac1056591064eccbe15c1c420aab9dd91df170118c6a4a0b41fea1aedd8ef,4e9c896be4f741b39f4fa111bffe30645de96c1bf2cadd29a13f271a18014984,219c6156bbe198ae54cd3af87716f8798b7abf770f99ad3e84ce250d1bb5694a,2021-09-10 07:00:00,144,0.393815625,381d222202d6bceea29c099d1514dedecb7bf10ff30463802351f7b9fbe5cd25
pleia_energy,1,outer_test,f26b3706e871c8d320e3,None,None:segment:0,115,6,36,6,fc0f3edf49808c7381a43c3f472b53ba7ee7d4d97789054317298aeee614cd0c,0615f289e6bbf72b1056b96be7adc3d95ba853ac5b990d984016596db94fc3dd,9674be1e1c1389566820f52cf65ecc7b4ae448bce78fb276de6b9b491be5be9d,2021-09-11 04:40:00,144,0.393815625,e85174838bb05f8eaedf78ac394190afe5c7172d78f29c9e7555be079088a8f4
pleia_energy,1,outer_test,f80b35aa37164ac440b1,None,None:segment:0,53,6,36,6,cad49e3bf5d16b5a3a35db40e14e0daa288981fdb33231ae530c0f916a335eaf,75b3285e9c6f8bb039249b78064a2e45750b040f4592aa8491f6814f0eba2d26,8ada1efcbcf4123e0c616f5920eab5312b7a197809ac688a5bbbfaaf33fd3909,2021-09-11 18:20:00,144,0.393815625,3e279b50a349e127f0b67825d2bd5b2a2515cd9919d7c8653f3862c185c4e394
pleia_energy,1,outer_test,dd1a1a3fdbb61ffaab19,None,None:segment:0,100,6,36,6,0a10976c045eeaebe81d9c59f7ccc23903ccf3780509e676659fa3854c349142,5099db965a6fd11617fcd1d83f1a10613667e7923b84e01823b6bc5c008b39a3,e039fdeaba610356faa99dd681b3c3678a8c13a792d7acac00a391adc290edf7,2021-09-13 02:10:00,144,0.393815625,c5edec4c6a39a46f7a43433e43aaf67e5ec49015753da8d383984de84ae06391
pleia_energy,1,outer_test,72f5dc65c495da4db376,None,None:segment:0,56,6,36,6,e6b88d84b0031bb4378b3421d3833873e1400f2697aa9ec42a18b0f217f9b024,6523073be7f10996a53b490c679bee41daf6e19fb92073db6d301cad93cd4b84,1e7f363b4f18a012844bb7475db3d7ccdce937381d917f56341991f7a3c0949d,2021-09-13 18:50:00,144,0.393815625,5b1de26d332246b353f8bb82cb7fa059f32b0fc6172889b6a6c405b8f535cf6d
pleia_energy,1,outer_test,ce3ecfce2ef239a7852a,None,None:segment:0,90,6,36,6,c79ec34c3af871fe287fb18e45c2ac7685c8dbd3e1783a709191882db28306e9,623cf116f52d015b455907f3021b276587f809f9464d46974e84c701392e8302,273d984bf06261511089d93b4e7336e7fad555f31bc7c10ea44dc65b1b140362,2021-09-15 00:30:00,144,0.393815625,e98b39abc1cc944c04f948f780e03fb0f54c1d3b78036c4336b3e4606675da0f
pleia_energy,1,outer_test,8d3f020c538e44e576d3,None,None:segment:0,59,6,36,6,6d06d159729931fd1948a9975bf9417e26e3a38398f7af7010d835f836c61836,1fef83e993d9961e8c541e7d15ad5a2d976db7d11ff01c69484a7a1521638a6c,e4003bdf460ca9f8427292d09c042b396ed1d0afcdd8b69f4299ba5c4d65fcb9,2021-09-15 19:20:00,144,0.393815625,adca9ad4ab6664b94e001b6992d6dae7a9b3e09664c33632073adc53adf71bb2
pleia_energy,1,outer_test,4cc68c6aaad7c99a8fd1,None,None:segment:0,99,6,36,6,5dfe4ddfad63d1034e263bf104e7fba3d9df4904eac4c4950115bd018bdb1ded,be45a4cd81035de180baf6d312bda4af5e69e3e4ab6e10aeb6d7c43ea3b89d4f,697cf02acaaef1a67c0f97c90e55f0fa0f9221e8f6ecd7acc6374afc3c373c77,2021-09-17 02:00:00,144,0.393815625,128783133997cc1854639bf3dd2dc65a5adbcc296f6616b7c0c8358946986dcf
pleia_energy,1,outer_test,d86adda84c6f28f28c65,None,None:segment:0,59,6,36,6,294302113538905724eea5773b6e68f4641dd9fe700fe8542cd1f695e3d161eb,24f8d899707e6fcd252affa3e0e8f83d890dae125ecd6779fc7ae3550158e7ec,2dd74ed819e0b1be6e9d3258287f41dddb8dcf71c4abd5140e54d7e10620512e,2021-09-17 19:20:00,144,0.393815625,c2d36c3bd59b6ad88bd9949b3e072f2b13a2ce80a4f765c89623e359d33729f9
pleia_energy,1,outer_test,85b7a262edf189018fa1,None,None:segment:0,48,6,36,6,e3e55eaf4b156c8340de8ff7d3ce03f6ee863dfcdfa35ea3bfa1d2d1274d9099,fef744fcc14acce085d8c52ffc09076c431c5e8e968d9217675e8249d825bc4d,5547213221de64ff6b6f72ba17ab2225eaf6a5dfa73cc141051058ef7dd15ffa,2021-09-18 17:30:00,144,0.393815625,6ec214316fba54d78c67c356ba1dcf02d39b4a6a9bd057cd58f7e61c5848e409
pleia_energy,1,outer_test,f2e4ffbbabf2cd3702ca,None,None:segment:0,84,6,36,6,02505f2daf4cb5c8f57abc18e64d72f3312e300a8c0167f7dcf07aafeb76fdf8,fca28ab714d6eca44c64d57e249e0874918145a16fc512144c174af2d18448b8,b9dfb34aeb6f6824fc454edad160e974b5682dfe6463e97bc315a0de875e7ad3,2021-09-19 23:30:00,144,0.393815625,c1218afced402c993b4c98508c3ab116deab1151b723dcf04a554d54664ce969
pleia_energy,1,outer_test,f71b0cb1a4334e8fc7aa,None,None:segment:0,132,6,36,6,018d16c8362ea00e05038ba21cd9c6259493836495356dd751aaa48a013bf384,9ff6650bef2e87554f4f4d61b748b55bb84cf4d54fac49a7054be1e55ed7c8bb,f09abbeac947a998f6faa0633455f8b3510e703280b9c0e2426ea26210461fb9,2021-09-21 07:30:00,144,0.393815625,3747135622d0952797bbd9f01b6c0bd3cc83add1af0d6647378fce5c62c29d12
pleia_energy,1,outer_test,436eb9cd23fcf352219f,None,None:segment:0,65,6,36,6,904c4557288f8d838d26f448c0eebe760c4aa2a0cc9a809c34c8116e7cb653a7,45bbb66720f4e2ab2998c0a4e20ee5222a76a74599f4bc7eb5f65fbd9ac535b4,cadf6e16314727b95caf037dfce3077059cc429d2b4eb0f8c6fd49b656b51c77,2021-09-21 20:20:00,144,0.393815625,1681a863c8b8379225213f5f7c85291880edd6f1246761a3ac91e004da1cad01
pleia_energy,1,outer_test,e0d5054e1aa5aa275b2d,None,None:segment:0,111,6,36,6,bb225c3048af010d04a0656d485ebf8998c83b29056547a434349f2a75b82f02,65173f0b93f8e85a7667d8db13c6d5a8fa145c9f0a65f7c736c238208cc0205e,d802b1f0cefc572a011dd0471efe5ee8e188bf96823c59e95441280818ad6150,2021-09-23 04:00:00,144,0.393815625,60eaa684ac7da835e467023609e680756ee0dfceee4571e531a80a2d0207c01a
pleia_energy,1,outer_test,6c698b9d1105ed546adb,None,None:segment:0,60,6,36,6,f63cd93b5e0806c1d481adc4621e4023b210e7b736a3551d82346298e1ff8285,f6acc2808c5bfc8eebf32952a760b8e9b4122b2220582d0d6a28ba7383f66585,9cd98bc17b4f819735bdb917ccb40ed41d4d55cfbdc4c532f0f9b07f10026c5b,2021-09-23 19:30:00,144,0.393815625,1dca5d1bfce36909f13736a3b27939d2e3ebaf570d6f98d4d2950cf8210e6bcc
pleia_energy,1,outer_test,ab578e64edfe617712ce,None,None:segment:0,109,6,36,6,cdfc0d017b59ec4d7b86c05d2e165775867840f389ab5c7b20812a8dba422ee0,c071cc18d62ec9101c5f5420f087272c202dd7cfd02f3ea40274e1e9b8d372b9,a1f19d7971ca6e83c21b0b765da524f659377e9415734c3311d5808f9da1edbf,2021-09-25 03:40:00,144,0.393815625,1ef644fb592b74e34fda266c9fcdf072996b9168397e2bd2ce7b2233b9e3cc71
pleia_energy,1,outer_test,9b50afbc68c2112cf262,None,None:segment:0,108,6,36,6,9c4dcbbabf253906c3cdd44eeb0270e8b466eba4f1fd79bc27a972119ce61ee5,34de4ea1841770c78168020a9a640ff534c18203b07ad81875d4b4a48c304686,9ef642df6be644477997e5adb5605c41d8236bc8529a3ad2c710b0954f06deb6,2021-09-26 03:30:00,144,0.393815625,a04a81e7e420aa733044bfec1500eee04880169e8317fa67485bff40b47461e2
pleia_energy,1,outer_test,434952de993ba97e6b70,None,None:segment:0,60,6,36,6,ba0b1aa045ffbe19cd7a9d1df336a3ad624d1f2b1af5a832f637ab37806d29ce,0f4ae84da9be579db791a12b99e6febdb224a61f0fa813cc93dac7da5be681ce,29ad5aad843721dc06b90dfc6b5f9412bae6e98a000b64ab93667560427aade9,2021-09-26 19:30:00,144,0.393815625,d805e4b84f483c8f58a3024f1309672df35e379f25eeed9b80b5cd35bed9b87d
pleia_energy,1,outer_test,655b18a165332206c5ff,None,None:segment:0,123,6,36,6,e8ba0c0f0704c57fc850ee51a36a5fa118319e342b31811daa9fe1ea6e3d7280,c31e156a5e82ccab4d39c62cd0cab58736ef1a91e9b6e0d4a649303f866c2be2,cc75e66ed256a01cb0fb4f43f244db6340ef32d94ccb28146bc1eddfddb95ab6,2021-09-28 06:00:00,144,0.393815625,4662cae24c793f916a598fda49e97963086454d4b2502af9b3ac68238fce8f33
pleia_energy,1,outer_test,8a7b7300c350a182f21c,None,None:segment:0,70,6,36,6,2a2f022ae03520c64df99f6f74b8a609d7ab71d13436c39df43178f02e870b7c,6370ab385c001cc00520e1f71c72c7e43b36ac96e8e3c3a07ae080be6e4a251c,328cb03522d40a34be66612931d0c903bb6fa9b75ab4ed656b5aa8c2e7e92fc7,2021-09-28 21:10:00,144,0.393815625,532caa4b642898e7418482478d38c02f786e75aea76cda87ed368358d041b301
pleia_energy,1,outer_test,f7a58c75e60e40f5e9e5,None,None:segment:0,125,6,36,6,a72bfb71f9bfbc6a6db98482c8775b07e703d861c5944663e391600191865d09,824101377aec3d601ca15b798d9c8bdd6ada11878fa797f351f18dc86e0654eb,caa8e94f94ee4b33dff524156e6e51b4d691cc713273ded42d302de4912d0b9d,2021-09-30 06:20:00,144,0.393815625,91bf20250f5b92564ea1b3a03e10b5cc4015ad3bb4fb81b3ac1977bb30ba94f8
pleia_energy,1,outer_test,3ea71001931f978322f2,None,None:segment:0,122,6,36,6,e4b4249cf3b33e990a32f6c643a9aac8a6aca2de70ee5fc76015788473b444ef,e286a64227a62b9b490d7e6f5c845d67c1d8e33661c811d1e227999c4f4df994,0a99771a732eb59751b2c5f9f5489fb49b4a220160712e4221ffc62628fb05d0,2021-10-01 05:50:00,144,0.393815625,cac2d6e4a13f815ce5e6a08479c492359424eac8373b83a7560c5007e938fdfc
pleia_energy,1,outer_test,2eb401ed9227835de2cf,None,None:segment:0,42,6,36,6,dee83420c123ad5acbe2fcecf10a985b6b11332ef5f12e182673085a6455bae8,cf446b077aa823a4955ef5980cadc2e7c223ae4dbbd1e9d4be62eb9781926021,3162c0906146eed8f2027329fac5930ffb13e9fa6be41e9d47e6252b1caf3f89,2021-10-01 16:30:00,144,0.393815625,a42ba5fe70f9c2bc913973aca8cca2847dd63c76baebad8b074a82200aa65e25
pleia_energy,1,outer_test,d462ea9a795d388ecd88,None,None:segment:0,116,6,36,6,09304b255f24691e72c9a8a12fe1702693d50068a56f192079e31f792ed2c411,d595de1e7024dab0555ffaa2adf4a4c3d071850cda1dfbf450d610ef09beee04,478e2987a264c6e69d8d67f4fbdba72562dd798a9336107168d1a7cc15c34311,2021-10-03 04:50:00,144,0.393815625,fc3f78e8f630e01133a674f374526128374616fb9e68d37dfa59424ad74f96a5
pleia_energy,1,outer_test,5c77af3690fb4f82299d,None,None:segment:0,113,6,36,6,17de7f082491d5c18a96827d5fbc20cdb5854dd7f40fa168c000c32b4fb10dba,4bc64cafd49212ac6cba500c9eb3ec52405025ce6a9869130ac8c18ed3cfd408,50a2aa051ddbdca0398c35356a6f1ec615ba3eeddacf4dd05f3bd60c97f1f9ee,2021-10-04 04:20:00,144,0.393815625,301d14b03c4c706923be85e867bc462c681eca4bec44a7d8ec4c71b3270f81d2
pleia_energy,1,outer_test,95c6fdb25f3636b4ef3c,None,None:segment:0,79,6,36,6,90c2eb4debbf863d5bba338870769754a89479b28232195cdb4a790e23cff5ff,d9548fbd3ac298f8d91cc28e8348326f3eacf50c4b9bed219e72cf9f7d8d821d,90f2e15f30459aab58ed90622667dd54477538311cb7ae6f8e76ac04b5c766f9,2021-10-04 22:40:00,144,0.393815625,5d75fb295757d133ff416559b6f9258a1cd443607647ca0f3e58f4186ab21b18
pleia_energy,1,outer_test,67a4b8b9a3efbda8e5d9,None,None:segment:0,83,6,36,6,9ba84d57b2ebf89cad9694c03125703c3adadd172cf35d5b023d9825a52d9fd5,e0e2c6f6c6034815616c1b8603a4a6c4fe6dfcb5da2b87edfedaa49e95234a21,56149948b8ef6fd9576ea9ad5e35cfb53d3dadf21925a91b6809048cbce195d6,2021-10-05 23:20:00,144,0.393815625,5be7e1df3fae289db6fd731ea7791461577fde95996d53200d471f6d11970f11
pleia_energy,1,outer_test,ab6c5a77bdbb0b22e29e,None,None:segment:0,101,6,36,6,3dfd88f8f22180e27c71d6af0aec085ae8a5a3a93a07d01e8860205742c74266,e42e364416706c2d627ff9925df14ac6a94e760a5f3f9aa863dc957e1e850875,98677fcbe340d2bda9397fadda344cd9d10b08ac14da3a215685c01f0650a2b2,2021-10-07 02:20:00,144,0.393815625,84dcb8744becbc0834ef00a756b53c3ce9ff034c075ff4d557e19f727ba4bee6
pleia_energy,1,outer_test,74223dee0304f6080a09,None,None:segment:0,99,6,36,6,d2833c1ca76829ebbb4a34c1a1f5784e1e2108b56b1229c556153f152a04dac6,1c71ba58a2a08498547c79b3f8b309129f6609bd9fcd3de0c8ec3f441c606d5c,492ab7fdb628e5b22726e3d48e6f291413bf1fa869b45c4bc1a4744be18191af,2021-10-08 02:00:00,144,0.393815625,81dc24dff8efe0206f9269bd466182dab4fb69d403fd20752a92ec7b341b3048
pleia_energy,1,outer_test,e715255e3f94663dad59,None,None:segment:0,55,6,36,6,51f4df7793e201ea3256597701ee349ce439988a7c4ede554f40c4a7ea19d63f,9bcf29db1fb67f639940e9675e16df7b0bbb279389a5b82ffaf310ed9dfa313e,1eff5923befac8958a4016a5bdf65a7f66cd0dd1a01a9fa5c90d4d9d5dc275ad,2021-10-08 18:40:00,144,0.393815625,73688059fadaee9a89284dc5d8a7096bf192ed3b8d45da01d6a7a7bdad6e9078
pleia_energy,2,inner0_selection,3cc854d2cc8fd69027c6,None,None:segment:0,116,6,36,6,9466a08a1b049ae346b68852f9b3428114e6a9c55d12b1ab91c3192ff4092ba4,6cf88f7991b507784b4d752233b55be3ea4b552b416e5100510d2c15a3793459,b4a858ff345a84ec88926da0343d932fa92158fc73e71ce1613f0f6abfcc0f60,2021-03-01 09:30:00,144,0.11582812499999999,656bf602be029a799882841632b5ed3234a8bf9e3fd8d2fc2457e0e2db09bf71
pleia_energy,2,inner0_selection,44e83c826ef0241aea04,None,None:segment:0,73,6,36,6,5b45f4ab6366a1ba07f4b4efb588f8d075450989039bacf0d30522d647d314c1,7df0d74dcf8ceee79acec4fba9e127b4943946e787ecef6556892968ce27ccc6,116dee856fd6bd8e8e3166522134c6cb984ee355e679ee82a443d7f7a1ec19bc,2021-03-02 02:20:00,144,0.11582812499999999,22c4868e79aeb997e76f72667c748f7e1c824b7e271359f25c8aead635b93638
pleia_energy,2,inner0_selection,a284f311485feceb558b,None,None:segment:0,43,6,36,6,5e26bdfef539bfb0c57374a4242300a8154554bba6f3d7cd704d5fe1a6fd5b78,cc3b50824e869bd5a3432641ca3b393cbc607ada8bfb0645c6f4af0505666f89,bbf7230bcf38d1599d88b824759899515f71a467958bd8f5cc01ecd694720fc4,2021-03-02 21:20:00,144,0.11582812499999999,af5497bc387fd795526b7c0d39a5e98860c02094e8fe0f09ef99a95476ef18b5
pleia_energy,2,inner0_selection,c39110cc830a570478ce,None,None:segment:0,99,6,36,6,99bc364a85667aab288398e0c514ee32a418770d84b1c544ddd1a679db87a9f9,3e168ce75c2bd63cea683db7e415d9ae55093296414c90739c55ff3b3d2936eb,a3a51ec928a1c90fb3987a274c6100a00ce3fb6f61ffe626d9250be962b105c4,2021-03-04 06:40:00,144,0.11582812499999999,fbc6de3489790e0f4734a82f1e13f301414a6c7a16c1a28103e5df3149a7b22f
pleia_energy,2,inner0_selection,be5cac15c8aa2c50e528,None,None:segment:0,81,6,36,6,332a20496f2e862ac5c6f996f1b8a6fd989b450e9961594dbb3bfa8117229f6d,05b88d83a7c9758b87708789bc1b1fcb333b46cc05eb40670ecc4f357c69d80c,7dd10a3dbc67d13b141ae81d55535e057c40e3f2a425daf213805aa64923da3c,2021-03-05 03:40:00,144,0.11582812499999999,1e21743caec0060df6d0a8fed3fb8240f888ac0c9df922954a6114a1f9e7d0f3
pleia_energy,2,inner0_selection,58080b534ef3a49b7eeb,None,None:segment:0,49,6,36,6,482e65f471c933dc8e35c22848d2e5ba94decbb2862c86e7b14c69bf014fc1aa,eba166fde29e3e034e00f06bd0bd1cff1d9b8d69eeb5ea4e4040b85538913c15,24e16369755b392fe1418d760b8abf1e8982964d4ac7b9db3fec7e0b932ba7e3,2021-03-05 22:20:00,144,0.11582812499999999,38303eb7fcd62bbe3696f79dddb0f7ac2b02ee09771a14214eb6d1041f3ed88d
pleia_energy,2,inner0_selection,c2885d56d3980b19cdec,None,None:segment:0,64,6,36,6,398e4b492170d2f4c39c2a0c09abb8f3d5d78fcb246d2895a0bbc4a60b10cbb3,7ec1e555c5f077072e5cd80e7d32175c74119e358dbba83e054ff5e1eef3f04b,ee90036e5ce29ca17231912a727d87920c15a1151bd7fdb39f08d5055352662e,2021-03-07 00:50:00,144,0.11582812499999999,cf5f05d2636f217cd404e69f3672cd03ada75986ab4cd9012c9d2caf17987fd1
pleia_energy,2,inner0_selection,b12e2167707fc90e9572,None,None:segment:0,87,6,36,6,f507838c71ea853a3264e86644c36abe437dd9456156c1432873fd70a3c90c5a,a1d1b63b0bad3e3f3a34d51619ce7157219b58ee37a91be9e7f88874b878ff66,6cfb372825d1630eebd8582fc95737b47a55127a198f068633b785d965dd560c,2021-03-08 04:40:00,144,0.11582812499999999,713236bb84f74b08458480f08b544ef1bbfba444c241760bf394048ae66ec23d
pleia_energy,2,inner0_selection,d7ea481c0d013480e8fe,None,None:segment:0,86,6,36,6,b668f3bef29101c82d5d4a1855b98778bf294db851e53e4df304e00c5f0ad2d7,dc8fb9730e56713d1049a44563d8b7a6fca06add714c4d0afc437b269b0f016c,19346af5fe35a3be997a992e80c0acb7d10c01eeeb1b8103ddbf3f84a1666925,2021-03-09 04:30:00,144,0.11582812499999999,832feb8f9e00780b38b5a5e1c63733376f84f68634e719a4dc9485ae52410289
pleia_energy,2,inner0_selection,00d756247480d65af5b5,None,None:segment:0,54,6,36,6,c657843bdd3ca9229c9bb54e39ff6db1ccfbd62743778ff43e576eb49b223067,efc09a1c99208237aa23bf9d0178337097d4f560d5b33cf8a7b740657425f18f,e0c938a860222f7e0063bac2abd95a02ce70708f85b2f3a4864c8d29f9d7bcf9,2021-03-09 23:10:00,144,0.11582812499999999,b1319ccedd82e070e96b9857fd20e3ec3abb882b5f9000ab88ee6c7c0b32c9b1
pleia_energy,2,inner0_selection,373750cc461b887f522d,None,None:segment:0,78,6,36,6,197c07bf0f4322fdf3d6d6bb0ec5a339211d3acda5afe21b5a9031629e0253a0,33113dc57ee757e39ff1cbec96c3802c627e377761e480b5f8508c9f4df8fe59,7537621da46b5744bcad4238b3021dd9a9028a01455607337844c197d802a0a1,2021-03-11 03:10:00,144,0.11582812499999999,b337aabc2c5a9d4f657d41db5001aedf1eb1425254141b53cfef8f543759284b
pleia_energy,2,inner0_selection,fc938802cc96c4b9dc7c,None,None:segment:0,56,6,36,6,728ed9347e6bec7d9272389dce7a4380c37eaeaaeb66650bef0728d21ef33e1e,4732bfa16579852bded2e855a0a80eec153997cae518a58f67e5fad1f887d15b,08a35434e84569f2a56cb958b269276db50599d33cbb8c383b3299fa434ab46d,2021-03-11 23:30:00,144,0.11582812499999999,938439f2f9f080ced22072259836aa7be5c0662240cca79fc19a2459d51c3a3f
pleia_energy,2,inner0_selection,cc7d3572821ff3a28d75,None,None:segment:0,107,6,36,6,48da23941ad3e06654c92fdf50b022346d805ab5e2662c53269c637c9d63f59f,ac0a144cdf18e74674d8a67893fe4835953f93c3f7876434527f48b0aa9d2b6f,7b4e3ce78043aaaa82c256aa0e0455c0124e5611a7851f1e53cf045052963edb,2021-03-13 08:00:00,144,0.11582812499999999,05d91f2549fd37b853f2b496555e78d7fb64101fdd3d29c3d98e72e1705605e1
pleia_energy,2,inner0_selection,0769ab2347e71ead49f7,None,None:segment:0,65,6,36,6,9166c926b2768386f9cda1c6cc8eb413c586c3a86577e9bc5d6aed5b34f28ec1,6f5d95207f70743393087c9d9d15225d4dc5a1413ec765e7e5f4ab2b876aa01a,d663855d856fb1ea76d9e2df12edba4138da903938c92b2ecc000888dc5a2759,2021-03-14 01:00:00,144,0.11582812499999999,befdf49407c591585571058ff47f5f35395c93d2da6c131bef8089aa93d36188
pleia_energy,2,inner0_selection,ac7b7a5271b6edc8ad38,None,None:segment:0,59,6,36,6,55cd858637deea62d685c9bd950359fec1af6cab3f277c96ac30ebb915654f62,fb8cc2ec707d45dfcdab2e26fc28c08d1c1802372e912d36887f4f9f680f6cce,99d6cd6eb1b1897c60e4fc0d8da78e3503055ee9d5d1471c85d9adf73c502dc8,2021-03-15 00:00:00,144,0.11582812499999999,7fb20f5b15e798b37be1c0999a8828337ee24003dd7b414bd0c97d92c3eaf600
pleia_energy,2,inner0_selection,0968a7d768e6b348cae4,None,None:segment:0,109,6,36,6,689f541f2fe03ba7bbd53a400d755e6131e4093e08d59ea96b3bd9c6501e013e,ac91db6655b321e2dcb107806719eab006e464c3fc19a30ebb71aacac16e8e1d,08e05a4cf5923357197ff69def84bb77dc9a77a4c5869c6d1a0dd0e73c7059cb,2021-03-16 08:20:00,144,0.11582812499999999,50fc87ff52d0379ab30c8dc8fe42f7d38da827f1ad2da4bcf5338a11122a5783
pleia_energy,2,inner0_selection,b9368499db485dd73d47,None,None:segment:0,131,6,36,6,315dc5ab46ea370988bac0df78b184b9b5a879b61a6c210a3fe823c7c47a7119,b51168907b1059ef8e0c034e274a26653c92d543f5c66c3aad475f566a2d01a8,e491718cf50db496de00864ecb6c336ddede4517a35fa92fe9353422bddf1bf9,2021-03-17 12:00:00,144,0.11582812499999999,4ced9d615be472a895d964d2d24a95588fe1db15d28af4d49d63c64fec44e242
pleia_energy,2,inner0_selection,4efa59a57aeca3082d03,None,None:segment:0,36,6,36,6,536de360901149b672bb8329aaafd0165eb6a132e4f861886178d1c5ccc0d917,a448a0b4316b1d8476513b7bc2ac7b85263e77ff7962c8ae0fa768e20ac82991,43b2f552e5f6d5c9a3e81cdf73ba2238fb0eaefede60de6ddfa9e6ee1f5bc5e7,2021-03-17 20:10:00,144,0.11582812499999999,d7d4f95cd4e7816201aa3bae3ea5a29a603b5429c08e75b5afba4826d9311e8c
pleia_energy,2,inner0_selection,9807ad078f5f3b80d796,None,None:segment:0,116,6,36,6,d57a82ca23d87258c3c9abb86bddaa875434f88670962badee497b0453550ae0,a2062ac930c6e2a1531037e5265d53d32d1ecb66d3411b61dea5bc7e0d4108e2,d5a733f6dc2ed990e25ad5c2a6a08b69265fbb8762379c4c796d3d4af43ee091,2021-03-19 09:30:00,144,0.11582812499999999,f5fed504a36f97cf29c11e83519c828ba4a4417b9a220498cc6e8b4d19572d5e
pleia_energy,2,inner0_selection,9889e917221dedf15793,None,None:segment:0,95,6,36,6,935988133afeea077eded27f50bfb032ffc092e6e36d0396ff257f03efd920f2,604c6e3ab1fa54d1aa829fd36b028f213c561809927945b33633169ac5db0ad5,433cba8163d79a6431878eae05ddf006f5881da80c41bf3e640b363b6a0e07d8,2021-03-20 06:00:00,144,0.11582812499999999,f148b208cd4177e9bf14b2c0f029dd640baa3071ccc5339438da6ac728203ed7
pleia_energy,2,inner0_selection,2f28e0541428b35c8e34,None,None:segment:0,113,6,36,6,792d6026a3da718053352192d0da0dce1e61c6db8cc19d5ffcd5599d43e3b50e,8e6a98f482fa57de2dd422fb26c383db469ca41b0e94946a70b9b6146dbb2910,ac65170d800a4f9428aa52fd97eadaf07c43b4cb74e8032205807bc02b2227cf,2021-03-21 09:00:00,144,0.11582812499999999,7f5727cbb8f9325975a071a34fbf8e7de46ec1f15550ab5c4d1f5812c4e1a3f7
pleia_energy,2,inner0_selection,96e7e35dbc52e4545ff6,None,None:segment:0,116,6,36,6,ad85ca6a8c0f312a9e0cb83136cfaa66737854349df78383d18987cc4a125443,4762408bdd0f5a7cfe1d0e8c54b4ecb4b3ee913f9720eaba01289d545160c983,87fe4e1a4339eab79656770629ddb8c105695d4dc391b2faf1d233b3a904f730,2021-03-22 09:30:00,144,0.11582812499999999,df8c7896ff9bb70f9dc1401dc8ca75030635d9e17aa3a15bdd9307060ce9258f
pleia_energy,2,inner0_selection,9ec01ec00c5cf6af6e16,None,None:segment:0,107,6,36,6,67f2cbc34dec88b74c785549355150a61d757f1cb1622478dbc42eaa621db2a9,9dcc2e6fda2d86aafd1783cdd8daa1fa420409a755c14620d4161d3222e735f1,4cf1ab7866ada1c56a8a12d35b581f2591bfa862aa0d53987dc86a06137aad8e,2021-03-23 08:00:00,144,0.11582812499999999,9bfbae53ee30db43b9a9d050ef7b03158f129c8d0904c5ccb903d53bfa654d7c
pleia_energy,2,inner0_selection,5a1e84e6ae8989a4d4c0,None,None:segment:0,67,6,36,6,9c34c15042b109ed9d58790df506f8d33d7444227dddbb652702d06a5f0f0611,14818c4b661ac102d42470c573f6914795486eb654245761ebbaddef091108b2,16ebd86ee5d0d35cc9035f19cfd772e99801a6ca65b6f71672e33efada5e1d30,2021-03-24 01:20:00,144,0.11582812499999999,195d802d51dbb8b7cf229459c008a62ba74ae963a34ca653b93bbeee05c9eafc
pleia_energy,2,inner0_selection,328692e3298491a4afca,None,None:segment:0,84,6,36,6,5e2246c9c0ecf0172395289bb836e5cfb1aba067b25bfba0fa468b685f641d7a,988c176d79a99da2ac36e9c385283e4106e60f3d6efbb39d7edb7aa7267e792d,233b5a8b4daa5e40a7dda0d53d32ffd3c934137f7d0e78d5b7821f8c2e32b981,2021-03-25 04:10:00,144,0.11582812499999999,52657b7740413adc31e267e03960176f0f27216efd42abffb3e3c9ff269a2f69
pleia_energy,2,inner1_selection,a4b4971e1e3ba49fda64,None,None:segment:0,117,6,36,6,fb18cf7dbee6f6616bc1bdbfbb1850b279a83a65872f51d061b1a207e2908826,86b0d45b8766bd2e55cab74d9917ce0bb3df7a94a1e69c5edec48217b808d36d,a18c7ed5761072ce52b3ca2f982a303b06e64e5e3ff20edbed19af7ae846eff5,2021-03-27 04:40:00,144,0.11582812499999999,df411d57a242c8dc277838fd93e1eef1f6b364c8d92c34785fba973cb37abd41
pleia_energy,2,inner1_selection,c8dff664604225021251,None,None:segment:0,48,6,36,6,55dc6e6597a1f61eb72c34018261cc4ff4882bbc1d64d4a3896e7274b4ba0191,12df96c92635d99edf88a6ea5b15d8ff095c1c69e8e7351d35e5b743c10a0432,c9f8d55cfa41aa59c5692c8baf61a931b30990b65b6263dd74a5fde954b99994,2021-03-27 17:10:00,144,0.11582812499999999,27bee432567815b8754f99b084ebca408cec9e5bb26467eec05c02c3d7a73fe3
pleia_energy,2,inner1_selection,859c6e52ca20c01c0ca7,None,None:segment:0,103,6,36,6,f65e8c29d9202c044486536fdd2c5fc124409fd42688b859fdc323049ba78dc4,b99e02c5972f0787adb717e20131c3328fc0c99733bc0f63998ab3fd44a5068c,eea6336bcb8fd81d85cfa1bcc380e63af0c29c124521011a4fc70df1ef8986cd,2021-03-29 02:20:00,144,0.11582812499999999,6f7c6c88d66dae814a13a67e319da4790710faf79ad882eee03228bda10993ce
pleia_energy,2,inner1_selection,82851346997d1180f1d3,None,None:segment:0,38,6,36,6,bf5de172e79c0e9b149ba0e9b40a991bfe8f72a39e04c03fe5814ec6b4ae8c44,4872334e9b6f51677925cd107afaa55cdb35a69b2723cb522ac5bfe2ef48ac88,92107f4fac1bc1a9afeb22257e6c15a5baf69b8042ef38e252242a14b9b169e5,2021-03-29 15:30:00,144,0.11582812499999999,309329f5e44434908dd60fec4b24fe02b1a9a6488bd24082d8f35c3e4ab54537
pleia_energy,2,inner1_selection,e1e166e0341a3d18458a,None,None:segment:0,41,6,36,6,0cd5463404c6db5e835c17cc91f12385a778a0ce334e4b32b0b0d0c07345d3e3,25854e557c9a053b0565982ad0ae859c6597d7b36a477a12ff8461641fb3e953,31e1db37d78b7d298fce1ca3e902bca89a6dad2f49308716abaa4100c603cf75,2021-03-30 16:00:00,144,0.11582812499999999,e211abe3218aa4905fbcb0174a6e7ba0988f9043ac4825f40a80b5cd9d96cb92
pleia_energy,2,inner1_selection,bb8a1ceeece59168081f,None,None:segment:0,91,6,36,6,3fb63a734b03147b87e0718c4ba52987bed5dded30abded80828ca51616cbaf6,d17facf6beeaf44c5ab5953f53f000e40bc71c41bc0265e7f520be7c15799293,db13005add49c2633370ec3a6557a548563e75bcdbc7035f638363cbcf9a97d0,2021-04-01 00:20:00,144,0.11582812499999999,226cf4b382f62b1d2f92e7a438b1e06e62acca7ec86d637b81047e570fd1b56c
pleia_energy,2,inner1_selection,5923b03c5602be7a0fc6,None,None:segment:0,115,6,36,6,c4bdb6b95f4d81f4623f03fa8347d361096e2a78f4957414cccd776e795671c9,f438afd08e980cf82e86394452f95681e3d094dd511ecc6a8a3779eae64937f7,5531b5ea666bdce494e2bb074656f8ffc8acbc029c6fea6df9559a5a78c74605,2021-04-02 04:20:00,144,0.11582812499999999,1e96fa2a7d5a3190f88b6bb822bf8c29533dfb53ae00beb0fa016f5ea38e7678
pleia_energy,2,inner1_selection,9bcfb8a79561e5f77630,None,None:segment:0,60,6,36,6,6d044fb41c8d1caaba96086bb161942b591f245578b4b42043193b9b45a1eeee,73c3d76d4b7482820cdf0ceba1089771b2a463874448e729e0604a3c02e1ba64,46cbdd7654d64f7a264447f92269e0a87cdfd77daa762953fa15b9f8fbb13a33,2021-04-02 19:10:00,144,0.11582812499999999,8b331504baea01354e45dd32e68d61ab01ac8a0cd7ed6ae57be76c0d9e509275
pleia_energy,2,inner1_selection,1aab9b0577fabe6111be,None,None:segment:0,89,6,36,6,8d39850e9e4e8cf50ec80deb7ee59740f68f8eff06b3fcfbc5746080bc8c9731,a0db01e9e8446137ed3317b872516d177d80bd1f46aa2b91b3d2f96b77d4e9cf,990de85b6034de717f9cb62a66b5e0da2d35604bdc430e725a93060f5b04d16f,2021-04-04 00:00:00,144,0.11582812499999999,5ba602d92993c62b46a6a3726af1b0a88931f73cd9d49be40e842f5fe58a6cbb
pleia_energy,2,inner1_selection,67481885a63746aa15e5,None,None:segment:0,98,6,36,6,ae65fbc09a33248f3db1fe72ace183fb718553f98a7fbcd36e1cfb831cdd79ab,d4c1ffd76d4e7ca4b8c4257fbd0804ada5add17040213582beb5c3126ff3e183,b262d533899f692daa6efdd0a9217b5fde7994bc6f74410961af09b32dcea4d3,2021-04-05 01:30:00,144,0.11582812499999999,a0f7c90cb3e44e6114323475588414088d9e16b8ac25e7df0125f0388c39399b
pleia_energy,2,inner1_selection,b21722f0ad2413201357,None,None:segment:0,79,6,36,6,cd41bd1fe0035974587b0ba44ebcc2b3776e9ef61ac6a8332340ec33fb73d9ea,e6a4187b6e586756aafc29fd387864e4abbd30b1795e5db673a40e1d130708c8,fac06ac99179bb726f53cdb25aaa6a4f466f8bc56a5759fcbeb8a22d583dc941,2021-04-05 22:20:00,144,0.11582812499999999,6b36938ff60712f352bf0f0c5c5283c7d9b33477795fc1c5dd90371eccde8d6d
pleia_energy,2,inner1_selection,df0a14349a71cb5bfce5,None,None:segment:0,48,6,36,6,64793728a341feaf8e0dc6bc3d4f44e07d45635acda1febdd8c04d98fdc608db,0de390fec2aa0e448a29ca31f8ab392da3b07829d1ff2d7aba67ab1cdd981102,02f83db2019eb514101c7e5ee250f7dbb917ba9cad4634bfbd039759ee99e7c0,2021-04-06 17:10:00,144,0.11582812499999999,8e6918430202b6b1e5da40c623d2e34e07f388cba9af01b5cc4e3ea4fdac8c26
pleia_energy,2,inner1_selection,329b19769ecd9066025c,None,None:segment:0,97,6,36,6,0158bcd2ec779dc3fdf22b0898644992efe97f46fa435432f0c288a840402f7f,bc89863bd5023fa9c05a95db75c22b259b4847f839b78dc61f46268f79a5ba2c,d2b9d7db1d35030b57479e437de94752856defb3f1c4f209166a8a2f1bec2875,2021-04-08 01:20:00,144,0.11582812499999999,b2c797c1addf6bfb84be3ff2f42258f7f736e9178008a9b390e675158dbcae5c
pleia_energy,2,inner1_selection,88e835f394114f48c172,None,None:segment:0,89,6,36,6,9053aa78ea9610a02995ca3ccd00e390cb9af61faa180e989fd7af3174bacc74,5e4da16a1cd6cd48a06100a8800df26fbca9a2c043906919bd25f448d0eaa567,be88ee7306e83954155bd4d81d4f5ba50a668d22d914bd84866f50c46e37dca2,2021-04-09 00:00:00,144,0.11582812499999999,d3e4d4e1ac63abe08aa0752de1e5a09a5e8ab84c82913366b73f7f7617a2c540
pleia_energy,2,inner1_selection,64bbcba463d1889ab595,None,None:segment:0,36,6,36,6,2c723d1058bc7176f3abfe91ae28d872a571cd28cd8ff37ad34850d4415eb6f1,5259d8e36f4617a2743f717567bed09772e861141af60a678468a181304ffe28,642f877461aeb1c9b5f9d56423b6d16a555ed4c7504f76f6d416620d382421be,2021-04-09 15:10:00,144,0.11582812499999999,d618152f5c486c1d3d86a4122227d12c2693b766758145a38a7fe31e2f7a5276
pleia_energy,2,inner1_selection,4a7066bf79a84abfb6e7,None,None:segment:0,107,6,36,6,579856b077d4c94eba712d2ed10169c53d30d452b20bc37fd77fd13932235e87,5ec47fc3a4e4a939ad2050b939f915cbac8db021d5cf0d34fe35e19babb9db3a,fba588b060db1155ad036e79000f1548358a6e2ab6877cc977569abb42424438,2021-04-11 03:00:00,144,0.11582812499999999,35508f4fd73e243ba03ee88a75f5a88ee3dd2ab44f74464af59e291019c032c7
pleia_energy,2,inner1_selection,e3f21e0db2a7d77c43c0,None,None:segment:0,124,6,36,6,412510936c694e1fc2d12beecddebb3ed04d060e5e7d3b2191fdc3732d5ca51d,59fd9c098db4d2876ef41a60756ee08160915ac9a39af8f43e8e52e18823331c,c7d08dc91353b90686d2cd9b77bea57311285ed6cffbe97db7810092b28f1c44,2021-04-12 05:50:00,144,0.11582812499999999,caee63fddcef7a8fa091250d1221564faa1d61e42332609d11f32b2cc941ff29
pleia_energy,2,inner1_selection,8181b7ac2898a423c022,None,None:segment:0,48,6,36,6,85f4066fea35e8c94e99e59b15c5490d21b36c422faa327a0de829471aee506a,d89a3b6c760257c0e84e1212036f8823cd8bf8b8b7cb9a4460f48ca58960d8c6,bb38c2484f5e6f4aa16305530cd80a2f6790fcffa08750a8b95a93a61c7bcd1b,2021-04-12 17:10:00,144,0.11582812499999999,f45f8da65c1ab4a54ca3e187fb522d174cc96118c4af18eb8a402bf7aa5bda4e
pleia_energy,2,inner1_selection,d8ba18e227790754222a,None,None:segment:0,41,6,36,6,7e4658702803b4f5201dfaf9cf2548149d1bde3b0669375076a4c757064ee5ab,e12d0308245d78f319ac76443b382e347992ce739d9e60e0d8fbcb6b56a2ffae,e2927c096abbe909f0864d443c836d38864145d598bf5b4d92cfef2741e64c5d,2021-04-13 16:00:00,144,0.11582812499999999,5c0077b7b24d056a578e444f4b518f45306d32f1ae46d3e2e7cb68cb03088c6e
pleia_energy,2,inner1_selection,69d739b0a429b1e9551e,None,None:segment:0,73,6,36,6,f6c3002bee2cc5b924659a60fd63092a92a6898799929ec388f6ae271ccd24a5,6b2f70beabdce1baa779d5c4b9933f8d694392f094b4d34f00bd59ec513ffaab,edc165f4c308ec47ae98e1b062e8aaa5b86dfe36ab6d15b79a06077e9f951f8f,2021-04-14 21:20:00,144,0.11582812499999999,eb9a033658a02a9a3491ed9d8de49184ba94e8fbc45236b62f8af5fb18a54b6d
pleia_energy,2,inner1_selection,6428b108820f9fca302b,None,None:segment:0,85,6,36,6,3301ba4b9ffb3b64cddd90257f29a21e1c92c15b7215c8583a983fa35df26c86,914f2ecacfc7fe0cced2962ca5a2ef2fe009ada2f6b140a0d6bd43919ce327f6,c2eb2c647de4b16ac4bc8cc0cce0537164c7254052baa32edb414614f7a0e6a7,2021-04-15 23:20:00,144,0.11582812499999999,15945d1a6bc23281a5cec0f3839f9bdb709159e2245e8f959f0256a1d19e917d
pleia_energy,2,inner1_selection,c48273713c32f03b3bcf,None,None:segment:0,88,6,36,6,c6b781d101b9a4c0c92579aedef1f2e6d041a39c976ce25c1295b4defcff53eb,7e12c28064d6c140b3e71efb0b04eeb9dc23db5d2df737cd763b296169daad8d,dd1c48982086462c099dd76f2f5da2b4f52e3f40c7f6be1e45ba935e37f38f84,2021-04-16 23:50:00,144,0.11582812499999999,d4ed56f4740a3d1a30da58975dc91712c25998af542f12977fdbedc8cc174a46
pleia_energy,2,inner1_selection,6ebc1b46490899f17639,None,None:segment:0,66,6,36,6,c4ac439663e49f9b147a4877c3f879a9a1561ec82fe7afdebc7fbf59b46b5d78,dfd08808f172cdf842b6473a302a01de2489fe2070c22dfbb74febe9aecb5768,38f59942f634d2dafbb5aac2568d9acd8890d76254f9c37dc9cf14dd0699df03,2021-04-17 20:10:00,144,0.11582812499999999,3b464f812330a1b891ad9ad4fdf66833421a2c7631938ed187aacc7c598f6a8f
pleia_energy,2,inner1_selection,5dbcab14e7492ce6b44e,None,None:segment:0,83,6,36,6,7df3272c32c3edb0004812bc3d9102a7a71e741fa97ec7025a5ae93dd65a8030,32cc6482c6dc18023911ebf0d04ad4c92c77b37d1327180466f044f2389bdfa9,bdf8b46fd39f674ff0590c2cfefd96e057650cec355ae9b7224733686752fafd,2021-04-18 23:00:00,144,0.11582812499999999,406409c059c0b7c65b15ecc9ea206381a3612a919e70f78483ad5d8f581046c8
pleia_energy,2,inner1_selection,a1b7b4506020d890a2ee,None,None:segment:0,55,6,36,6,d33a7633ee9307a0b7c9a137c3555ac49b22815d2580dd264c8b6e3090d0d8b9,37421c91e6a344de99794b02f8aaa4b23350a4d25aabfcbcbc3880918113fa06,f0e5d1e5497d9f8ec383c7645208e0d3346e2fde875c1f0afba66115da1799d8,2021-04-19 18:20:00,144,0.11582812499999999,e846d7eef38f333501db4c116fde7559d711438f8f56982cdb8e656d3bdbd32f
pleia_energy,2,outer_test,52ff058ac620f898f36b,None,None:segment:0,75,6,36,6,563a18e05a1363d50a452609cacb471aefa0f51c56ad4caf113e915f24be43e4,468f429790668220292c7067a1c34737c95f54aac3cefc3511e3b3f08e63c987,02808ed7a95d0302ce21dd6bb0bd8e336fe506df38cfff4c4d4c8748d10c13b8,2021-05-26 02:50:00,144,0.162159375,fd5f232d51c7592f38643e67072c6a3d08b80219817adb6ef3cf88d5b50df1a3
pleia_energy,2,outer_test,27b322d680d6e9c660ac,None,None:segment:0,123,6,36,6,6052859d6e2ea2b87f543b4a0c1c4ba659db49e9e539e33994c96676e6b0a1c4,b04022b920b0474d9619ad38b8182f9d1548d3c8306629db8db2e7fa9d2b34b0,909a01b21ecfbe3f63318a72f272750c15b2bc28efad7ffa24bad81eb762ae00,2021-05-27 10:50:00,144,0.162159375,6a6a55e9acbd468bfab38c3323ec8bfbe8a7e2d8547ac24f3f7ad90aa37f94a2
pleia_energy,2,outer_test,e1daa44a8746acf0df3b,None,None:segment:0,66,6,36,6,73dbf4f63c40ff700b650eb10a5646c79d199593ba55f7c6c08b33b841cae8d4,03661a96822c6f6e0f777e22ca355845ad94d0f6e2b855d771431a760ba0c10f,fdde5b1ae6ed990677b128a8908aa05cccbea47e9843f59ffbcfc0ee6a5f4879,2021-05-28 01:20:00,144,0.162159375,7df7524c541029ecb5e2c0c7c5fb19f3c454ce038193d063268ca29e7b2f32b7
pleia_energy,2,outer_test,556ad03f3b8cb2008375,None,None:segment:0,49,6,36,6,8e2851b90d6e902afaae067b74fe8920c1e9f0978ef740888e1c7539c924091e,6e9615b2de24a27b66438b0c476a9397dde0cef0796c89d1e618203992f73c6b,2c658cf77395f6692466eba0c885fea0b923ec720afc5fbdb67afcdc10ce1880,2021-05-28 22:30:00,144,0.162159375,fd8d27d8b8a651706d28214f35bcc0da1705440cbac94c0f1cc6ef25cbc65fc6
pleia_energy,2,outer_test,b4182efff39fb85fe94d,None,None:segment:0,55,6,36,6,39c390007141d986a95d1b8906a06171c871dad90d75ae625514f17714addaa2,b0bc26f0041a1c71043cdf3b03085a43a47f61a19b7a5f0bb26012d56176b3f1,2f9570997d218917571f1347414b7adc102b55f2472f9738665007725a909cd9,2021-05-29 23:30:00,144,0.162159375,fc634117ea02a4fe595eb6aa57c0933eb926545e543d4e7f0f9fc7b895d6fd5c
pleia_energy,2,outer_test,e3f77ea122d4c41ae893,None,None:segment:0,120,6,36,6,dd899bc5ccc1555eae217b1f1d91a8a6b4fd0819d83c04156d6c671981842d1b,52f0602f2ed85e3a4f74ef3520e5a1f33b0d1f1b035ec7ac7950e6505256addf,62233cdaefdba70d5b6e032cf7efe7786beee29f891e5bfa4f5f20dd006bc1a5,2021-05-31 10:20:00,144,0.162159375,7a1ddefe1d316aefbbb777c91894675fc1e87551aa3b19d9a33b59f1e934190f
pleia_energy,2,outer_test,856dbbc24ac283a3ae88,None,None:segment:0,70,6,36,6,0a269e542556fff8bcf6a70e28426f50d0f2c987075706539110d1570771b233,5d120f276ea087e899c7c1020d1e853b5a9e504e79996eaf816b91d1d3977b78,17808eece53fffdb2ab4fc78cdc618c7d3a045ed682c48d7004442b50e1a688e,2021-06-01 02:00:00,144,0.162159375,74685b7db42be2fc0548874e4246456dc5dc813e0dcd80685ac83848691e259a
pleia_energy,2,outer_test,868d5ab92e4c18d43162,None,None:segment:0,109,6,36,6,1fcb2f27b99fa83d4fcea5d342826044e5d946715ba23623a074ea2a3b9945e0,153baf6b3f7c7363dfb50d1de015f0b5198f275c1bab706f5950fd50f72797ec,6c3896fe5569f47fccd9d7703fe637569369b2ee667b0da8d186b55196da28c0,2021-06-02 08:30:00,144,0.162159375,86af1acf122028d62d19077b4945c062fed63aadca98dad77e5d0d8a6e3b02b1
pleia_energy,2,outer_test,f1b1ec0c8d3ab72068fe,None,None:segment:0,123,6,36,6,3f7f604649c61fb7ad22941f2c16c44c7c48dbfbb8d507181c378fe9155ccd0b,5247e4c248c9dacfa9fbcfbf782e17d1787f21305888f3f0f82b759729299886,16c2e5534eddd36d46fd0c872db3ed600e92ce5ce50ce5e5d937ff478b9e7cec,2021-06-03 10:50:00,144,0.162159375,3bd693605cca2c2b58c420d65b9c3f2c1283f772e4852998c8e3a0f0b3aecb75
pleia_energy,2,outer_test,7387aa3d8984e42d92b3,None,None:segment:0,109,6,36,6,29945d46776cead36a050b4cb4fcf84d209a5f726cdf5e3650baeb43dad753e4,ae69881a6c9f91a5918683bbfcc145d862ecf83c038f33fa15b26a0b336d3fee,df205103ee650db8c4acddc3d8e501ec9d641afa2b91d5b60a63a0f023f4f2cb,2021-06-04 08:30:00,144,0.162159375,f6b426720de0ed289f0d8ab2a8a6808805f200fa8afad01215cfdc46fd1f4a8e
pleia_energy,2,outer_test,7c3ba76c2a08f43270a0,None,None:segment:0,96,6,36,6,aaea5180b5f47c517e71f304ed4f1263ab52bfdf9f821c11fc68cf24bb0777ee,d7092af5e782a45f2777dcdb11f8929ff43f0f0a41d6b8c2f01dec7c8aac1c9d,b8006efc6f897ff6f96f06119ac89fc5e36654c12065b3533f579be3c13672f9,2021-06-05 06:20:00,144,0.162159375,47c62a723a6e87c8787a64564977ed5e343e60db68bb2914be59e07aa0e32cc7
pleia_energy,2,outer_test,f53a3400919cd63bf98e,None,None:segment:0,80,6,36,6,49928569d5e665f6cf269c9c95ffb613f5898f95338bcb0e128b06e2bd9b49b0,b7dfb284421eaaba8b724378274fb248d8319a29f1d2e19fb6b9340e9f9a7854,77ebd8bbf1ece1cd74036572e9e95b95cfaf428fbb4af6439c34e00dd86c857f,2021-06-06 03:40:00,144,0.162159375,214d0a70af1db7ef58e4e7a5c8f9d0fcb29c4c2effd38d096e862e0f8b29edc0
pleia_energy,2,outer_test,e4e382f71c58d9c3df47,None,None:segment:0,51,6,36,6,37d1ca1978c743db08ac3961c9faf8aecf4ef1581451865444d31d9e0b0d8af9,2319af74f34605d2953317c4a5096b87d33ad80323bd83e95b3082c34a7b75ea,7e6d57cacf2e7e59ac18dbbb65061a7c5b1e9b14df4f47e29932c46f3d6185ac,2021-06-06 22:50:00,144,0.162159375,c0aa8ba9af8185f806a7d58f5abd56a126e756a9257e0cc8964b9229b41f1348
pleia_energy,2,outer_test,13133ce5d5279b52b902,None,None:segment:0,64,6,36,6,1be9221e3feccda22706c633db9e7ab24fbc4aa23deed9200cc28d6bd1814db1,5bfaf156aead2d6e9cf58c225ea274528f2d5338521da062b51ac0b2c73ba5ac,9bee0003355bafe356c7635eae822cd42f04b5228c57e60c75dfe2a63edc59ce,2021-06-08 01:00:00,144,0.162159375,6e482bf29c858c7e6a7fadee9f0a87c5658be55af1d9190af8f44e3a65536f9b
pleia_energy,2,outer_test,4bbc12325c12f5483ccc,None,None:segment:0,110,6,36,6,c6cd681f390ce9bb2b40729d5a13004c62c292fd3fee9390224f3ec06baf99ac,8e28b862affe0edff639ddaabd99db1d4b37bd3dbd982144e3d18fb2299e3a54,7b29ca06a71d5799f353b1a413bda31a0f5642bfd64ef553af70b680d8a83f80,2021-06-09 08:40:00,144,0.162159375,35f1c9ddd2bc2608b56e0d354bcd83dd4d11d3f80f04d6cc1cdc51772e9753b6
pleia_energy,2,outer_test,56d11c632d69c3ef14ca,None,None:segment:0,108,6,36,6,aa48750545cca2de3ec2b57a725388cc8a5b69354fc0b4cc086035ad412a7bd0,6f2dde1fc92fadaca3972786c920564d64958b6019dea48cfa70ea49cda06e1e,ec0d223ec5884de7caaa335646a3d78cd897305f80570b66036f1f06c9c3568d,2021-06-10 08:20:00,144,0.162159375,20a4701965e76eed884be3152d0f76bf55f30cd198dfb6df4403f5550f7e57a4
pleia_energy,2,outer_test,260b938541800c4a432d,None,None:segment:0,98,6,36,6,e872b26aa5a87608621c0f15199203552de8cd36946e65369a898c508df34bd1,adc221cfa334c748ae5355ac79799aaf8cd721f2284d664fb38bbe292621a334,1182d17bf6d509d92d62c1c0eb865b821c0cc5a33c900aa02ae33746780c298a,2021-06-11 06:40:00,144,0.162159375,740c5eaf911d1f6ab511092287c36e2c0603779dd57a992ea9b1e00d6c974f8b
pleia_energy,2,outer_test,7f2d8ca057203a50db9d,None,None:segment:0,63,6,36,6,ad44efa091a759a64ed758dc3138dfe079a5fbdefd8309a34b0ab082977e9461,fa6902333fc325cff69e7d662a5d1e255b2e1d9a524107d351f99eb672e8fabb,d832e5e97b1e45ed4c829e22b085f6b6e8a531bab0f275691c4fe53fe6af9feb,2021-06-12 00:50:00,144,0.162159375,e5487ab0c2ebda014b6df4ce2c1506dbdf431cce816a50cb87cf131d5de7d91e
pleia_energy,2,outer_test,9d90290c800e41fee9b6,None,None:segment:0,116,6,36,6,edc7d3c92d7703df7ab89239ff3cd6c1a113760d3dd298e3510d46451f6cbc54,c50d1d1e4c4b0cc9cab0a79bfb2e595a3e28090e40f9ac95a41f15c2476b6698,aa9466575ac0ab131901368f4c32e48bf4eade75dafd7b7690fcef46a6055dbe,2021-06-13 09:40:00,144,0.162159375,d12a8f7dff46b61c6dc44e6f6d39b7ca2a6f4cedfa1ee1ddc97f2e80134089b6
pleia_energy,2,outer_test,f44687e1c1afe59e1a02,None,None:segment:0,115,6,36,6,72a810b85475a002ecf61369963f28bcd98352b2bfece3dbae56386ab6b9564d,88f27a6dc5bcd1e984b30dad95e494c0b1d57163702de37f1a8508d49054f3c8,d7af58cdc783bd3cdd0a59c23155c918359c81d79e753f3de528fffe250d425b,2021-06-14 09:30:00,144,0.162159375,bd2ae4e5ccdcf063bcadf3ae97c718b2a423ed877c106a36fe15734d0a65012c
pleia_energy,2,outer_test,319ba8552cda456e67f9,None,None:segment:0,55,6,36,6,62a3dff6b11d750fbdac0516a3ce34bfd89dc4e1454907dca4d6d7d64fe0e68d,e0b5f987f07b51533800366f00079b5f7cfb47b598c909f065bd9ab7a8bd511c,2486b7ddc93b31d3e998f8b6d64814000d0c051bda56e5a6abe04a31f6b89cc1,2021-06-14 23:30:00,144,0.162159375,c10b019b1d813e871a661cff1db044a0885b8097fdeac1fe8be442d6b107f565
pleia_energy,2,outer_test,67ecd3ed806c4bbb9aa5,None,None:segment:0,71,6,36,6,c03f6aa01db3e586b494903ede95ff60a7c1115cdd38a73b78076df2a07c4c21,7273251575a0f54b4a1b850047f6be4298f6d1d1edd7fe3a29afc39fa6555dc3,c3453e9b9a5f6a621f2015380b8b777a09f2beaaf3ef061ddf35e9e5d0ed12a4,2021-06-16 02:10:00,144,0.162159375,c06109cd23d1f32376d4ae5e69a8a50a282a51e6bb6c30101078f456e3fe132e
pleia_energy,2,outer_test,8a09d76221d57cae4044,None,None:segment:0,64,6,36,6,93ede0162115cb3a19a8d4d01f39afc8c8c8af778fddb435938202be4293e7a0,26e2a9c293e302bb207619fbe93eaaf8e698b612853c5cc670d3f9d141e5bd68,270bf06c7636aa7b24177dbcad666e25257d68d4b6ea0dd1a716ae29f1e6a90d,2021-06-17 01:00:00,144,0.162159375,b792b5f89b41058229807309e35020c4d7ddb504867e8c5759a5f9ffbd04c74d
pleia_energy,2,outer_test,aaaec13740dc4cc30d5a,None,None:segment:0,68,6,36,6,a2811b7ad59141c2a6828d49e8256b0d21a17c8988b9a135bafbcaf6f08af4c6,a062b0accd0b32f0f3cd8cf01e9906a0452b2c47c07e609b843ee0dcbbde40ad,98d3eee6a5d2bc19c07d03ff7bbac9ab3c2977856f959cbd052bf47fed10b325,2021-06-18 01:40:00,144,0.162159375,f5f95e0116b42599d7665ac819782de2f871dd791d2d1b042a4b6bc1df3ccb25
pleia_energy,2,outer_test,07cc822c1068773a0cf2,None,None:segment:0,127,6,36,6,4d3b415c443d24a471d5397a1e5beba103f425af4f494bf3d083b288739ce7fd,2d1c74e8a757e5c11f3a99f4c22f08b4533ddd9f06b117e171ebe994e7b97722,37923b8ccbc41a8da4d845adb9a6f7f3cd18d0626f6fcebc519cca7e5d0fe6ee,2021-06-19 11:30:00,144,0.162159375,f327c562ee73896acc7773bc3b561d3d12fe48368548ca3a1c4b57dd10e724ec
pleia_energy,2,outer_test,e4bb01376a6471794653,None,None:segment:0,76,6,36,6,82a4d3806e25faad9030353a862fff35ff384e9133c504e59d63bfa03d350a7c,2f4418447628f8278593da8bf9627497d3cf2d5392da8a3853dbc749a3b8ced9,70cd4258fd84daee3446c0cb20b0a94060610f11d18ff07573cae3ae28aff9ef,2021-06-20 03:00:00,144,0.162159375,6d8c87df6d756ef9856ebd4384197ba17dd13a5620da3007b04fe31533d00389
pleia_energy,2,outer_test,49b115b97a96dd52f775,None,None:segment:0,132,6,36,6,5ae1d3f72391c3d43407828365f803b2ed02d3fd4e8565ca5d0f69de6e26b521,782c7a2f283447fb2e533b9fbc4b4f4e5333c1fba6d215e8ee6a1722790ac3ca,31a821315fb98a3da9fdeed85d7b56717527c39fc4f1c48b4eca4314868ecaeb,2021-06-21 12:20:00,144,0.162159375,70c8ff07730b5afd395aaa49147fd4a1beb14c90fef3eea0ee1d233f15569dbc
pleia_energy,2,outer_test,13889fc844c4dc20beac,None,None:segment:0,100,6,36,6,c983e7ecf3da8be2ca7004d1078cee96db55c6ba82d213a156796a79d592e55d,ea1adfe3ab1044673dc5b01cb180655135b63d3c5eca48a5d29228709201c9a5,95906c36f993635615956932c60eb88f665aa463955d7c079db888d12fe5964f,2021-06-22 07:00:00,144,0.162159375,1705c018a2ec6058b442bcc518af8ad9d7ebd0eef6a0024bdadba3aaff929c15
pleia_energy,2,outer_test,223de8aab912ad8e1314,None,None:segment:0,89,6,36,6,d302eb3a116bd6ae23298ad800560b5db2ed966bdd04ee6e187824f2e453a4e0,1e0ebf12831c2632bb44bd7ee6cfbe9a289536886b779d2a789835b6fff53fa0,15e5127745b92cfbf071c42b7c2da849ee33be2e7ffb69d55c27dc22e6825c21,2021-06-23 05:10:00,144,0.162159375,51327bc67921e07e2cbc794b32cc9ee39dc90f41b04946e82c3bce3afd86124e
pleia_energy,2,outer_test,998e4e781e70385b4c86,None,None:segment:0,118,6,36,6,0019e87ddd96a79035b59576661dd752e3a68ed640abfc6e508256d3e153e6ab,ca4f877b403ff5021f0658d349413c57104c20dd9958f1e44f116291c05af9c8,7095590672042e6bc45f41985641e8f1ac13f5e174570a942e1edba634b18785,2021-06-24 10:00:00,144,0.162159375,43070ae5cca5aabc1963c0243e9d24b5e2f6bfb76d938fcf96f3c376e9bc7057
pleia_energy,2,outer_test,e5c0f6bebd4ddb1f58f9,None,None:segment:0,67,6,36,6,c48bac853323e58b8bb2188b2b5a15e0190ce81b9dc640505febfd875387ed4c,184335a4c69d583903699cd57a991998c763fd6ce9505b7c62aff298891fddcc,9d0aae0e982bd7fb81283bef87c720b7e205c6de324c0142525885fc47aa2e5a,2021-06-25 01:30:00,144,0.162159375,6397c01fbdb5a8384447ab0fcf291481ee36ea7ab570065ebc3bb57a06772e7e
pleia_energy,2,outer_test,72af2c98653f8e58a9d6,None,None:segment:0,39,6,36,6,4b43e4f3bcdca2cb0889095475c8f74a55903c7a8d2418106f707e55076918e8,32f452af83d9721a921262fc2791fcc3e558482060072a6db44281f74719ee6d,7a295ed239eab8912ad720527cbdb0d44342fcea797dd3c9e32e397f02e3bf09,2021-06-25 20:50:00,144,0.162159375,6dbb2133d6858360be2cd1a5a8fd9b2a4ceae75c1ffcf15dd96387b573599063
pleia_energy,2,outer_test,216384675e084850261a,None,None:segment:0,109,6,36,6,9bb60c6ab3428f3806e1ea9fed42c5c25c20838674a3cb447415a8c8d34a3992,6419e1ba1de655cae0c0d0ae7cbdbe87cf9484b0b9f3f583ef6dc6236a42321a,ae63005f87371ba4a7891a66cecf6f04aaa184fc56f7f6accc01b85d044ee228,2021-06-27 08:30:00,144,0.162159375,eff0e29a14e514814cc2624f149bff3cc359bdf4cffe2b21e6a410e850c00350
pleia_energy,2,outer_test,d5858223e66340a75051,None,None:segment:0,96,6,36,6,08b5e529cb8634e8d843fbefa18ab0251e0ea311ee1c884e95599ea518edac87,990b48d3d6d3f5b9ddbfab8e98c6e2967d9bae509463a7c11a853a5d04fba861,b32b8ea4eb435c2f94b17568905afa53f12acaeb3fe25f497a95feb7dec804b0,2021-06-28 06:20:00,144,0.162159375,3b2cdf88c9461234fc9b2b0bf1180565d685ef178198d45b75af0545de5f41e0
pleia_energy,2,outer_test,733628b77f4eb544501a,None,None:segment:0,108,6,36,6,007886ebab89c160ed281d52b5dcd66347f6711222a17ced2da799537bd4770e,6af09b8985f338b6ae56881e567ad217200b1ab68aaadd4ef2527228df0d3ee1,4cec05b1f537bc51dd2db7e945c15e263a32183471c4fb1b613d28138de6075c,2021-06-29 08:20:00,144,0.162159375,af154b5d555e3a7943b1a43792fb0b6755a34337b782b99bb83391a02b5f28ff
pleia_energy,2,outer_test,f496206491dc6dd71e34,None,None:segment:0,82,6,36,6,80478157e6c374e603b92a2ae921631a820a0ec4fb0f2281a2179ae7637f1b09,8b520cbe609d42679abeb1fdd962877ee76bf403d8cf409addbc6a5f401a8d01,fb8f353b0450dfce63768b798ab40d1e9060b6a2373fbc690341947754d98add,2021-06-30 04:00:00,144,0.162159375,69fdf5da9b482206c81d71d0adeebb823a292bfcbfc382490d45ef1d2351a7e0
pleia_energy,2,outer_test,a2a5de61d99802517b90,None,None:segment:0,75,6,36,6,c6a2455e28e0efe7809d1b055188d030f10b27dff6e5cb1d3f2b2755a7e34464,48c54716cea1cc8971961dbff96d4ca3df2e0d7b67db8313003fc8407437b83a,b90956a37609825a2b33b1100e6735b8171a2c462bafb39ed521d8c56e1d6b0c,2021-07-01 02:50:00,144,0.162159375,0ddc15172af9974fc93f7704ae7510a404e6e1682b96ba9518f89af24a76692c
pleia_energy,2,outer_test,8e12b30988912a65d556,None,None:segment:0,77,6,36,6,c22471068aaf3a287cf4ddf541c99d400eaeb5a9d80deb333dea3537d683c497,65b567d2235395c21c2ea9b6fee00960c8bc7bfd59ab0f879f90b695299f2895,cf7d0e06b14ec1a29eb6b3baa0760e55400e37b4c4398f698a95bc2416d1e35d,2021-07-02 03:10:00,144,0.162159375,5787483713752a8787b912200a7f452eb21cf2f9117fa2f2e3fa8631251e6bb3
pleia_energy,2,outer_test,540d6fb736fe77cc6129,None,None:segment:0,125,6,36,6,4835c67ba9266332753e193762f1d9aca545aff5a22158302d95a40317724da0,86fb6f53020a1291c29b0a40258e7a1a4437f3fa47e2fd0b7bab95c5794e20b9,16c87d353e62e0e41fed44157444ca51546281b49564ef0101f71249933ce78e,2021-07-03 11:10:00,144,0.162159375,302e15e3534556f67c75bd31e456e8949d6be6fe1c00c4862958f0ced426379b
pleia_energy,2,outer_test,bbf84eb34993492fdd28,None,None:segment:0,92,6,36,6,18073cd38e01ac55788dba764e42cde2c9af9c92c3c857123ab1e1ad9365c249,aeb238986ae321f1fab2c376a047bcfc4898c3eeb7b34bfb7c30ad6f65cc0158,96f1d06b6d62c66af2f5e3b887707d782491d5a30fc2c23acd12eb44bf4bc1b0,2021-07-04 05:40:00,144,0.162159375,60833c0f7fb5aa415da44f6d82d1cf8041a0188df2e1f25c17c606605cdce776
pleia_energy,2,outer_test,28f8be4389088f7db906,None,None:segment:0,43,6,36,6,8e96a9933acd48ff3e7e175473e869db53a2c666703cd9b01bda13f0b38a187c,1092571a3c701ddbfa14946311f94c1b9b87166a5c6718c4dd66ef3aa1cba901,f55d30b79ba457522e8b03b16aed1a023dcb8499f049d73ca54d0efcad856e6b,2021-07-04 21:30:00,144,0.162159375,5097d0a3fc7cc85a13966f0abbb57aac18e9a8cdb232927b5751c2b15f32cbcf
pleia_energy,2,outer_test,12de1cb3d6f52f871993,None,None:segment:0,42,6,36,6,4e8a2b7feef5c0f98fbca75c84ead8735451481e6338558e00514d1b9e34ec8d,aec40327800ca7dd47d760ad039e9381fc9920bdfaffcd1b20568bd0de0ea797,da514836ba509cd1d63b8908db75fee87a5e615845818487e3672bf6cc920914,2021-07-05 21:20:00,144,0.162159375,43743ec6cfc12c9f0c41d96b91b186419b6053e2bc78c2a593c35e88b5693bdc
pleia_energy,2,outer_test,cd4ae17c29b35ab1c39d,None,None:segment:0,41,6,36,6,75e3c27a5993a245080b8d84886a43efdb80835d798e24a7f4564a911de2c8be,eb871960888ad5eeafcd8109288dbb7c4ac16fc1b113c0af6feb302a56a07933,eb3fbb93c5542d8373426e5769d26352b0d1e2d7dcaf729578ddedac8708bb66,2021-07-06 21:10:00,144,0.162159375,4db04ffffc3dcf4dfe97d88ab900791aa77d3b34da48c9b9ed4206b4900eb7c2
pleia_energy,2,outer_test,1a4e8a821f98be5ac3c1,None,None:segment:0,127,6,36,6,5f20214c5115354b69de84cca9b1f0665bdbb5b7bfc8f679fd2db4a4498079ff,a9d1c84422412e570ef1fcab1c6f77f2a6664c0ea892bfb759b79f6712edfb13,a9f21ac39dc307279f2fdff2230706e7eda9ef1a99e279128a67f3b1e393d364,2021-07-08 11:30:00,144,0.162159375,4e7ff0129d6d4511ba7b2e1d18b3b4932e0837889f0512b715e702e008292060
pleia_energy,2,outer_test,09fdd1ac978146e6f60d,None,None:segment:0,94,6,36,6,03b59463e5703de84da5983129cd569cdec38930abc351ab89b63a89d4655b9d,a3a04803d1340ea0dc4f6cc227611f8e102e873a5cba139465ef1c3a2eb6adae,be099621a7c230f93f27f404e2886abfccacdf21132b4dfb3eae3c395f1bfcb1,2021-07-09 06:00:00,144,0.162159375,4afef246a09ad712ae2d1f635277919213fd6c6b6db449269e49d517f6b9727e
pleia_energy,2,outer_test,62a6552a4e3ec81538e8,None,None:segment:0,47,6,36,6,fdd763be5b3806d1d5abebe29ffafe936cd827c29872c1b464f547f86ba3a8ef,7ee5609d16b6abcb1b6db650542253b20185a4bce9b1064502a51b2123bb923a,40925e8200a82c0edacd172b245e062be6fe55500f861909f1bd73828aa80ac3,2021-07-09 22:10:00,144,0.162159375,12da22c40276e587cc298a24ae9277bdc1218db147552dc4ee7b20040ab00d4c
pleia_energy,2,outer_test,322e7f7f845d3e74d2d1,None,None:segment:0,44,6,36,6,19296afad37c4ee9a7a2dce073db7373d2ed625bd94e32721d76551ab9715a72,d0a523c747eb02e0e7523db0051a4a96947537d661f81ac200255f7168306890,3efbffb4d1d34a60d410ade6d8ce64b559da56ef4d014fffd5430b542e195305,2021-07-10 21:40:00,144,0.162159375,fb760fdf85dc2f04423cfa0cc80b4d5e3e0283e214a900c1f7e8a46649794a4d
pleia_energy,2,outer_test,8832483b0606da68b1de,None,None:segment:0,89,6,36,6,6f4b3d5a2350889304bb84927a8187926f692dd3f3cd4e20a26a36991be4faa0,38bd7cb149ffe2693695eb641e951c47baf35875be0d1ebbc0a767f4ab17d7a4,676456dca68a53c23d817ebbfb84f38a0cbc72c443e30368997d07b5303af9a0,2021-07-12 05:10:00,144,0.162159375,7fac46e85f91c9c03878115e0038d28fec048b5d44f42f3516aab57412e845b7
pleia_energy,2,outer_test,9197e35d61ec41fc7cc9,None,None:segment:0,48,6,36,6,d9089e4f20b807afd284bf986cfa2862b74133594e53a00de0c5ff4ccf5a8638,5357320975e0b6ce62db816363a8cadbf8bbd22d6188529fb13958119e06874d,2f98a1df97edbd701d0853ad6bfcb6e411cd905864edc80ce29ea72857b44e12,2021-07-12 22:20:00,144,0.162159375,8aed39dcddea4f7b59100de6fe726239b7b24d2c8dd09b6925e86f54d1d925c1
pleia_energy,2,outer_test,bad967005567c6460843,None,None:segment:0,107,6,36,6,6430dd9aa7e69d27c77224941389338e314d9bb0871e2090a6fc245c26d0e380,978a62acb28b724cd55f2b8d6cc9d1f3baa68518e4b5941181b0424cecca2688,f237c28e1b3a8eec994bff9defcb10b68320494e5534c3ec5c846ab256b44b51,2021-07-14 08:10:00,144,0.162159375,ef7a5be43142ed3d4781dfa62cb489f32bf491d0e1c490ec6257d9fe55ce03c2
pleia_energy,2,outer_test,b4d3b22c80d45dbde1f4,None,None:segment:0,84,6,36,6,680159f6c1c1d5ac7ceb8cfb2ad6811f161bd1f9741c4b331cfcabd6c9c35cfe,8ae59c029a979ff8cd677831616d954417a09144b48a34bd2d0707ff46381ee1,ca3cf1880c8f58a053f619d7ef65998d3c40030adcfd19fd6b84bd8691c045eb,2021-07-15 04:20:00,144,0.162159375,bd905ae4c36754492f19e5b16bb7d1b4819ca8318cb2506efff65622c2eb711a
pleia_energy,2,outer_test,46e472efe4508810e95f,None,None:segment:0,78,6,36,6,3bd33504edfdfdae6ec8a7d75df6e91a106ed72f60b8ba726375d3a2f7f51737,0653ce9bf5651fd8d7c154df5ba693b00b5bd915731c1326a56e69c46fe371da,b7bd60a2606f3e82b01e9e5328fcbf61f7bc39ff316f16c7cecf8bd45e05ddd8,2021-07-16 03:20:00,144,0.162159375,c448592defb19156230e83a16a047e41dcebf597fad656ca36003beed0c31bb4
pleia_energy,2,outer_test,306f6e0ace8d60927430,None,None:segment:0,107,6,36,6,f09eca9b96abf08ae4f40a884650aeb4f580ca5cd4ff3539094ef5bdb5011963,1a53326b99e7780d62fc15a767885eb481ee5956d521259c6914547c71e27a05,6a9709fb82e27a949f1e269e9b8a9315db8f357639d8b191116494b410b91457,2021-07-17 08:10:00,144,0.162159375,7f169603770ded5f2589a78eedc699d7774a94bf9153aa4e189491b3a47fd286
pleia_energy,2,outer_test,b22031e6adf9a301080a,None,None:segment:0,67,6,36,6,afaab8754ccd40c95d91bcf95900bff8609b6a24204d888cc295524b0b24a5be,9dc4c3b293934768e9bef05a9efc89d3c537d89d999b93123db9f66e9e4beae2,0c643409a4a0428d6bd305b227e5bc7b2fba9677889eb15c40be817cde8ac57c,2021-07-18 01:30:00,144,0.162159375,2e3c0dcaf0e96683f9de576232e0454022be63ddea30fae346af64f0ab5fd458
pleia_energy,2,outer_test,337e8939fab67115a65e,None,None:segment:0,74,6,36,6,2debe760e1cc4d7349c8ed640dda377ab380c243b1d21b419717426d17a22bbf,fc44f25fe4238212f10d3c94394e3b4de84bcbcb5ce48e9d525d263f0dd8798d,a8b6f7d75da8787d360db325b0370e55bab2d0c8f8f856908531eb9c41aaa8ca,2021-07-19 02:40:00,144,0.162159375,c1aeab283c2f4383e1c83d1abaf2c6c28d0f46d9385753e790ace5f3ff473dba
pleia_energy,2,outer_test,5c30c55925c583aaedeb,None,None:segment:0,127,6,36,6,c5e10873de63c20a9d0c7573205a731daff12e971853ca23e24683a292f00060,a3ba0b2b3ca1416c28e51c9c491b68bb4776764ea36bb3cc727c49f0dd5a5ad5,642ca1e99ad36ad910bfcf51916fe4055f33f662f66884134bf8e31dff5ee811,2021-07-20 11:30:00,144,0.162159375,ed9740c42d8c7ac5836853f5f89f9cd414344319a56d2c788a1dff36e8313122
pleia_energy,2,outer_test,43215c024e194c1820d4,None,None:segment:0,130,6,36,6,ba4c9c1180af35554fd7950d29807c9c184ac6d50c2e24e4f64d28d0418bce08,17a283bf175f6bb7f88caccbce7162e9db5ffc563b6ea9584f03151c08612542,9657df85cd4c99d9fce589a8f27fc2d7ce0bf25025a845c07e941370b86a74fa,2021-07-21 12:00:00,144,0.162159375,141911c85155b061e8dbf17918264cf67f3d67fc944ea972c1be9586b42a7306
pleia_energy,2,outer_test,b806dc2cd540d972fa96,None,None:segment:0,100,6,36,6,ead86ad4e798c1195ece8f19bd5cda6413ad476ab2371d09db92e9ec37a71a82,f1b4cd0d3218e9004b638ad362c06358a8043de01c9fe5fe737090800e80c834,6bec742b1e37eb806ab492717d10fbeeccb001315f1a16e4b9ad3793fa5709ca,2021-07-22 07:00:00,144,0.162159375,c88ed1cd1afdaccb3a664b3f9cad76f3585418528245a3a2475b6abdbfa43bd8
pleia_energy,2,outer_test,6649fc8f63cd7ad1e020,None,None:segment:0,46,6,36,6,af63046939d94d0c22a6ae22205ad341124a7e864f18cf6446927b741416867c,f3c73accd16e1800c965549b6b210fc01273c6e22bc11deb29d2c18ee6466059,caf885fd7e92536793161dc44c19dfa6324941c99ca984142d9c270480448484,2021-07-22 22:00:00,144,0.162159375,886c2a6cee4ff3bd89633503f3237c22e48cf8c405e76e193a94ff45cdc3bb7f
pleia_energy,2,outer_test,d831661c6244c5b8ca44,None,None:segment:0,101,6,36,6,9d4f48a25a77525999548ab3d5d950c76aaa20aa35ae120d7894243b8f11b8f8,99c8f7e843a0f790694f87ad59d3d63b09c1830a4a5da6dd3e1febf186e138d6,e432b52384079e792cc65a9787690ceabaa0570cb1759e3d0a7f6e059b1e9c0c,2021-07-24 07:10:00,144,0.162159375,712aa1a01ab1ae6420dd4fa0378b2ff95a4f04373896d2c1483af92deb4671c8
pleia_energy,2,outer_test,1926b0e919e9f3b3bb9e,None,None:segment:0,88,6,36,6,77e19d694d8f0ba728a6fbbfcee6ba9caa653fa11252f8ad7c5f398c0e9eec2f,7336106c9055d169203467016e61d87c362851ab60d6bf32930be4cad3d05ebe,cd0d23c7c4b457e61b955ae089d02e5a7ce3a663f03f7f5b996d4dec89a73a3d,2021-07-25 05:00:00,144,0.162159375,bc1e7b492b76d0567e763a03a49926a0bb75ee784c318f956563fdc9928f6542
pleia_energy,2,outer_test,41056bae96c9b317672b,None,None:segment:0,60,6,36,6,7d9346898930fd60b9e9b30de13fdb292bc984b35b028864e9c510a8c1cda4b6,5c8b090974b8c9c38b7eac16e4a4c78bd33ca6bcf34910be286972d6118765ae,d92f5cd269d852cd43006fae0ac5fe2635b8cc2be46d783cac5fd3c0de95721e,2021-07-26 00:20:00,144,0.162159375,16316948a3c08e3dd21b8ac2ae2fa9a6b097ee12e310d2b5c60b01e2d7acb8bc
pleia_energy,2,outer_test,b8eb5151ec2f0158c527,None,None:segment:0,69,6,36,6,01eb01a116d99ea28f6ac33aa8abdf8117ad0964c515e99a73fa072badc3ea99,929b8f4d502319c580da475dfb3b8349f6ec22a1e34c703a903cfa3e13c60d17,e46db9038ac1929852e2e5b22864e7a12d65150381ba285ca8a3a7eb15a59659,2021-07-27 01:50:00,144,0.162159375,f585b7d5f73ba6fafa9aaa9868942aae78791dfb0decaf9263d7d1772c32b6ca
pleia_energy,2,outer_test,3dff4d01d176b28344ff,None,None:segment:0,61,6,36,6,aaaecb604b5a283a4f6b9cdb9b8085163a52b28b7beb48a1dbeee545aaeee6e5,62c2435fb1794752fc73ae576a48e50d52122ec547bc423c26908fe10708147e,c94731cd66835646183d9c100a0c0a1c28238026debae909a22ab3a068457b35,2021-07-28 00:30:00,144,0.162159375,0dfbef0f7b0bd967d777dfaa26cb7ed7d4404edb5af9f2858d9411decc1f2734
pleia_energy,2,outer_test,ac05e627ed720bb2a234,None,None:segment:0,110,6,36,6,4c3076291f41ac9da35b9be7a0da36d1e430f54e8570799b8d9d935ac0fa4b94,7d40f6bdd292b2a1f11567097f7e4815198d0cd4f42176ff9c3c49bfe811166c,a6ace45a2aee44d982167cf4cf59dc31dbb402d4544880215ce9eff379ee6189,2021-07-29 08:40:00,144,0.162159375,f6fe9b06f999101001f1e532360222064d7323e2d01f74c324cb203fbc12434f
pleia_energy,2,outer_test,ab7fe71153a53a939227,None,None:segment:0,88,6,36,6,fc9dcda9acb5bae096965b536d1c66980e62027c89f6550701910dc5ad92038e,7ee51c3e9f6c4dad1d3efa87aae3d2f7abed6bb1c6ef1ef2805672010982f404,d49e42e6eb05036eb046f16d3ae1ed1726e0556356b5ae929a98670f4c9b6b32,2021-07-30 05:00:00,144,0.162159375,9362dd49e011453375aa5e79a32de26a06ba3abf79561a0e4327e15184dd8405
pleia_energy,2,outer_test,1ed0b85aa5792f30aefd,None,None:segment:0,39,6,36,6,f2ff0e2a41b269607fc7e6cb206a6555f91fcbef250504d139b2b30aa52f3af7,270a5f02402505c485b428de9dedecd7da398aaf40a16da008592b7a05e5e37c,84fd5392979910dedb4de95b319bff24146aa2be6787fb6de4aef9cc07d36da8,2021-07-30 20:50:00,144,0.162159375,20c9abffd7fc0952cc4ff735c61a8eba5dfcafdacebdce9eb84f59f87f81bddd
pleia_energy,2,outer_test,9c95e56928c890ef43a4,None,None:segment:0,87,6,36,6,4f2f2a6e994ce3abcd5f8e898fc82aedafb313c04362b0bd0a318e00fe1098c5,b19ccf57089eb73ea7deac574eeb28d71a5b23cb569fe86c5af334fff11e0c10,b69f387a2007c0912c7d73d125f40d9991d19bed3fd8cef05b6455dd6a9aa476,2021-08-01 04:50:00,144,0.162159375,e4fda1ac66db01dfb3201c2e2382693ef7d7e39fcba236ee0ac5989251a30707
rico,0,inner0_selection,cb3978c8b88c64aebaeb,P1S101,P1S101:segment:0,73,60,60,60,c1d5ef097bf4edec7dd5126f8ffb4d0cd920e46fbdd17937291b7484639552cf,f01fca270322f55f6d04ec9df8eb830e1c5bfe51a7e641c650807a8a088b0979,6186a25904ae9e7d2ab266265c9544992464c276972f20daeadb0b799c6bd5b8,2023-08-12 08:33:00,221,3.7064999999999997,2fc53f60cb81d84e36d9c0cc8de70a35b57aefc11f2227856cf57be8474996a4
rico,0,inner0_selection,1f81f8eb7f725e587431,P1S75,P1S75:segment:0,93,60,60,60,6d5ddcb9a1e61e1dbea142803291e4c53f3bf5be988ccb6ab4fed183ebfd5cc4,9167230262e11e9c1726ee54bbb7cb854b7b36012e4e7881404f022e94095851,8be1294ca8aa65654b99ee33dcf01ee6e17f1a46bda89047bf9883899b6fbfbb,2023-08-08 00:53:00,221,3.7064999999999997,4f8490289ecfbad928892e28e6e223d0e379cdfe125a8ca46af422c33849c7fa
rico,0,inner0_selection,767ccb3a39007f127232,P1S76,P1S76:segment:0,95,60,60,60,312a29998fd144b7c2ebfbffae02f5a7093d7846c6f6e5d36a60fac732e33846,4087aaad25f1781adf6de9ae3d5f0473c3c76d4f3f34e6294eead51a3fe13cdf,8a2ee1e6d194ca1195b682949731c99ecb9b52b2b7e1ec3f6a6a0f2c373180f1,2023-08-08 04:55:00,221,3.7064999999999997,ae6be575822e5698f18c67fef00735612cb14ab9ae00dcf1d923c2ab2687e9fb
rico,0,inner0_selection,c160aff0f3194d88fe3b,P1S77,P1S77:segment:0,97,60,60,60,bed64b47f6e4d828e399b7f6dbcf96fc1066e341354118360444a0689c7dbae8,7fddae87e6439d92c7f606b801c77ac88675558350464e100003234517e957a6,b9a5b2bda78595cb0be8c62b4a151a380e0bca45cfe5b44d9545394fb9c39ed0,2023-08-08 08:57:00,221,3.7064999999999997,eb88600f7cba074dac4e78aac94f964f8000f99299694b19fc6325ab206b7e18
rico,0,inner0_selection,1b7d8aa1294edb1f5d41,P1S78,P1S78:segment:0,72,60,60,60,27b48f0aa603204d0247a30a979826f803fc9807a0eea1139644196e891a9880,d4456c07651217c1a8d724d6b893bf46ff6af17522f4eb792f348bbb3d9788bc,c056e0422439e4207d9d0a3e893581ad392288b02cea3cabd87089676087fd7d,2023-08-08 12:32:00,221,3.7064999999999997,aba3c445e0e922164e4819151a5d9856933117456959aac02217c2669e8259d9
rico,0,inner0_selection,03c7c89fe9110c50a601,P1S79,P1S79:segment:0,80,60,60,60,b762503524ccd4b8050f9b6028968cfdf86dc7ea3bc909fc99d85e483ad00e72,45cee61c97a7c100f3c412025255e35415b175551433b2737a1347bdd560067e,e22fb1061d7a04d14d407393c69311efd4be1650ed0b9812eddfc517cf7acb39,2023-08-08 16:40:00,221,3.7064999999999997,d531a38b3b7ee1d15cfef58303976d62b9d78d3a028c55219e9ebb9bb21dca9f
rico,0,inner0_selection,d0dade50fa020ac1d837,P1S80,P1S80:segment:0,101,60,60,60,b1ad1291ffd670e68809665eda6f6727f2c9f9aec4dcdfbd23af82f69bf1d23a,724b77f7554bfc9325564d3f535a8da3ed7be7bfad596500b71bc917c825bf35,7ff7f005770ab623249535afc73f859eb3e0ac65c4bdf1c2ed4de1db5d3c0a49,2023-08-08 21:01:00,221,3.7064999999999997,26d804c2d769ec4e14a70efee17fdc7dd4acaacdc31ccf6cc18257a0defcc6cb
rico,0,inner0_selection,699c5a89f524bce16ffc,P1S81,P1S81:segment:0,78,60,60,60,6ef1317b12a22d137c9cd7e533951c04371a77516e783bdce2ef2e6e2fdabdd3,f98475bddfd9776164241434cf57c3d91a0e5f62bff8bad6cb15a12384f060c9,fe16f60db5e129278d97f5f1404c0828b9a23369bd5fdab4c87802981507c94d,2023-08-09 00:38:00,221,3.7064999999999997,7e118ca28494b7946e4ced4357bc39755a61be64341379c7c61c4bcbf44d8583
rico,0,inner0_selection,72e29cc50d3aa603e246,P1S82,P1S82:segment:0,82,60,60,60,f1a7add38ec52fff84090c11ebadaf01aa158fea9e15c8072dd4df22864ab3d7,40d2f849e2d2f36264c6be59dc26171f0b09f3d316dbd959b02687943bc5d313,ab35ecb0073acf444406440844bfdb06c2044787274bed17e7ca800e824af3dc,2023-08-09 04:42:00,221,3.7064999999999997,67f0917ef1dc2146cb25a2f55d37a57d9729091d0c55c41da75f261579455958
rico,0,inner0_selection,3d9bb5d90cd5661f5141,P1S83,P1S83:segment:0,99,60,60,60,85dd3b8640b7d393de8df252f5e2a672eacb4ac6c7480b31e9702bb71b1ba4da,30c5b0b4db75406f7d1eb547204b93ec4b7134f1433cf52c125cee48390317b7,31fa644101aa9081806de00f9970d916a5d7b11dc9db89f3f9549a6c22922acd,2023-08-09 08:59:00,221,3.7064999999999997,3faf20c56628c530b572819429a6080dc1f7228f2a0d00080699e34bae053edd
rico,0,inner0_selection,6c48c2450a1861b96380,P1S85,P1S85:segment:0,81,60,60,60,2bc0ad823a4a195a1e14fc26dfb1c566c59ba9f787a456381e0b430a368e5b17,af23e509340e0773ca73aae4b67a66e33056c8b7758980e98ef1bb4f02ffd4b8,2533c7c3694c35255083fb2cc08a02efe03d599d23f2b850ac95cf69fcc1ef67,2023-08-09 16:41:00,221,3.7064999999999997,f125f86d806f8086422fc89b9cc4d0dc021658cf0b2f388928d5bc614976958d
rico,0,inner0_selection,15b9b48b83b5cf4e84f4,P1S86,P1S86:segment:0,61,60,60,60,6f66428d18cad6ceccf9df670970a8e0d7cf32498a2b717f2bb6d9b91f4569ff,57daa5590e6db93185bab2668dc34906c3eafe37c5d6d01054c30a693e81453e,66752df8b779c36ea9bd62f1b64c5320766354f0bfee360b790898910da38698,2023-08-09 20:21:00,221,3.7064999999999997,6dd5cb55bb05e5d5ebc4c6d60551144d1ecce1da314c2828c82c3557ae9c5c34
rico,0,inner0_selection,80fa29538a7eb684ddd4,P1S87,P1S87:segment:0,100,60,60,60,da5c5f69d4e96546696d563e2ec8bf934a15572209ef9145c1ce8db0afef1936,de37685ab1e77253f37f86d16d89f50df258c94aad7dc7405c8d0467ca9f5d9e,18fe4982086d56554577f5fa0fd1da30acb1bf26c07b56e52aa304f1de96f51e,2023-08-10 01:00:00,221,3.7064999999999997,b2e318bd24fee93a9c157cb85756fe59f8b470a303bf6991cd83d01b56485a19
rico,0,inner0_selection,d1f8d67b084d5a9c786e,P1S89,P1S89:segment:0,74,60,60,60,635fb507a37494d5986db82974fb2bba3a2fa72ec568d1e9ef6dbbe808138c7d,836922096dedd92906302e7095222d8c95d2bf8c87dda265d057fe61e1de404b,b27e4633c093c23f789bd300ce081d6daec96bae300ec8ba19e452feab02e150,2023-08-10 08:34:00,221,3.7064999999999997,5a75b5cd14472d05831a6106869dfd9367cae3bf7054c2b58b90d1a4c96e3817
rico,0,inner0_selection,faed81aceea42945713e,P1S91,P1S91:segment:0,65,60,60,60,3681617b7d903fe74b6455010777b710cbe035c5d65500aa8b5569d45da0057c,fe16403a13a413c8945e417a9f677eaad9e0e92b7f71245258cd9928fdab81db,12a72b55f7e241adc34165601742a1c267959d0e73af5ec568f0ed58fb4f4ead,2023-08-10 16:25:00,221,3.7064999999999997,62870b3888b0dd5c8bef2e3c4ae347cb8cbd13b3c064cfd0d36ff5a247d6901e
rico,0,inner0_selection,cc77a11ba4b1ae26cdff,P1S92,P1S92:segment:0,80,60,60,60,ab5d5998013ef2bd52c2d007c8684e9dbc8bcdcd0ff8df451cdd1b333de942d0,83b1659577ee25ec155980a7b27b8fbfea1fa75cfdb36e165bd6c6e252e71a60,61fee06ff66f22571cf20ef141d8fb8552fed2135d29db93a0e6b6cfb12fa169,2023-08-10 20:40:00,221,3.7064999999999997,0a04915ec12f4142f9009a124a3d6e210ef2a566d53c1e443288ad90735eed71
rico,0,inner0_selection,a0ab61986e037f765308,P1S93,P1S93:segment:0,74,60,60,60,6c759c3d0375cb43011f1db260bd39d5c9172a02ba05eb5325bbb9086f944324,3f4fc661186676e75f44f2f684641c59786b5c8b5a64c0eca48533f6d48f73b7,cc9b1eb022f0489d177f824fd091f3c992d309cffa0bab397a5a8b600c85a4b7,2023-08-11 00:34:00,221,3.7064999999999997,94ba0429f6bdebb18fcfb866cd926352a27d0bc8095a807a33c0805a2d06f52d
rico,0,inner0_selection,c54755c1ed50db05d7a8,P1S94,P1S94:segment:0,76,60,60,60,0c7d89cb20580f9b3360f90e0a47da8e197654fb787e71ebd4ada9f090e5fd79,3fdc1176fe81f99e955d1d592f9d480ea20e5a02480c8b5f17118710efe74267,01186ad3f397b8366e0c09ceb7e2c5881343c9f819c6dbb38fec323db742a3f8,2023-08-11 04:36:00,221,3.7064999999999997,b15353fe3737fe90d3ef353fb74c085fcf87930f15a0066b57cc49b787d1afcc
rico,0,inner0_selection,5a204a8755dd9bfacbc5,P1S95,P1S95:segment:0,67,60,60,60,ae1d48ac17ff89b2f3dd940ae4e4c3d33e3d6966a6c33adfec8fa88363f23749,b92619f41776ba4a4a6be2330b26bfb2be524db61f0b79d5eb80aa7416e4a7d0,c0ac023288dc5f425b48e950febf98deda4d3e64666c374daefa21ca7b2b0417,2023-08-11 08:27:00,221,3.7064999999999997,a45e9c387ab4925c020d42dcd08054ab98bd64a98c1efe9423dfec6be67ce1a6
rico,0,inner0_selection,0f3727795857b1d04481,P1S96,P1S96:segment:0,73,60,60,60,7032d93095706b97c534406f779fb9d4fff2f0105612dd2be85ad98a76b4faf6,ba219f485832cd6b88d2186a09112b973faba292a1af6981e4c36d3791ba9a7b,efda9c23b4ac77bff86e35b2c8f680feb1018bb1f84b99aa01874c359a41917f,2023-08-11 12:33:00,221,3.7064999999999997,ff22aa7e88526c6f4e4af6499fdcc55acbc48954edc413ad5de19fa2eb58d585
rico,0,inner0_selection,78aef65c216700a82ee8,P1S98,P1S98:segment:0,86,60,60,60,abee0dbbcc731bb9f8d0b36246591d066536f64ac28611acb74494806ac9a7ed,1a517cedeb56f9f11d533f5c873ed351f76df7b8da8d1ccc8cfdcafe653ca756,c1d83e521bfd19f10788c91d1864363c93406d150ab250f0f7480591946b3bb5,2023-08-11 20:46:00,221,3.7064999999999997,f72b0eea774e2dfb3ddecc731eebdc3bcefe33177939cf8e6cb4e84272da41d8
rico,0,inner0_selection,36f0b27de66d1cbb32a1,P1S99,P1S99:segment:0,68,60,60,60,41613f1416112fb40fea9655e9cd1a363f340ecb6ec425acdda62e43e6519c5d,3feacb223b2ee782ab6b38ea9fc045377eb6f148079e96147072539e668767fb,ebb6d918330f3442f06a7dc8c0896694aa4fd14b756558a7a31ceaba37273d85,2023-08-12 00:28:00,221,3.7064999999999997,86266513142536fa5c95dfac4dfb1ed59f5783b4b68bb801eaa945b263a5b304
rico,0,inner0_selection,dbcc1fc9686cefc624e3,P3S0,P3S0:segment:0,99,60,60,60,eb20d5e4e4304af265a3635b905b4fefa87b67c2eb2c6505b77f2830392980e9,3d81acf2bde5095d244ea2330c2247330680888fedf1cb1eaa8e72223771978c,c4db4787fd41db3caf5fb29d5dca2a7cafaea4bade3fe7f8a63f50e847587623,2024-01-22 15:28:00,221,3.7064999999999997,952cddcf61e6c8340545653b161871ef5a5ce8883e22a5b1c1524f2714f3f81c
rico,0,inner0_selection,597bb34c423805e426cc,P3S1,P3S1:segment:0,99,60,60,60,a9d69424e228b8bb786889365058259742112fb499083d8e86bcc9c59af4e3c2,aa7f614625f50aa3cc6d01a576aba148be5952204ede8153fc13a866476ce40c,d4f74970a542a71794a2b6500c5f37d782696ff2caa71328c92324e266f49da3,2024-01-23 07:28:00,221,3.7064999999999997,3b4bece9d3031174b5957cfea962ab0dd39218656d25c8836adfdef6ac0562f2
rico,0,inner0_selection,9e8f02ba879936d6df44,P3S2,P3S2:segment:0,93,60,60,60,497a414b8c6c2844d733f305c56eae6222986607b43ca7f8eb7ff7855f945465,b3d8e3b4edf6967b24bd5fe2d140356b614d721c46d58feef61381b961b5e4b7,73f8d8ac929a270e66e27565a92a9cfc2ed7048a4b60e2fa777613fc99357fee,2024-01-23 23:22:00,221,3.7064999999999997,defc3a88b11bb1b68a03a6db5a872c56dac942f10152a1555d8395a9e976383b
rico,0,inner0_selection,f8f383bf18511a3025f4,P3S3,P3S3:segment:0,96,60,60,60,6ca95401f9fc4fc768b3202380349b6ab769821b9afbfa11f849aa7a97a56fd4,2cd5b6d52188bce237fd2503d516a5ff7e962ecec823aa19a4c1d2c441cc6c4d,dbefdca3d4c36dc61901d2a25e562752e98d3065783897306b0f1cdaa6705d9e,2024-01-24 15:25:00,221,3.7064999999999997,4445937ba3013431c8696e3422df30b629ebb1cb9109db0cef4b204372804252
rico,0,inner0_selection,fb90fd536290f1381c06,P3S4,P3S4:segment:0,101,60,60,60,1edd07e331abff67cd5a0cd01c46167ce53b31ebcb2ab24e903469e42446acfb,e70d6c520e6e97119f487d704fbf842d28a105a13e701a463bd1b9adf279ec2f,df8dee85b249cbd5e618e25fea3ed93ae2bd20492fb7d69324e0ef1a1f2ead9d,2024-01-25 07:30:00,221,3.7064999999999997,a4eb6f18653698d7e72493c7405815821e7d3625318db35d76c44145cef0b50a
rico,0,inner0_selection,5b7fc633bbc7bc1ff6bf,P3S5,P3S5:segment:0,64,60,60,60,0cd39e5eb9c5dae53acfc9f8b0ef801e201b4afa4e3417d565a2c9c3e063a2ae,9fa7dc3617d20fadbee96017e6d27fdacd7b5d8281f8655d93b0a9bcd9c3f446,7e9dea917e4542c976f6e9897dc5e247a4319b30601a158994703120c1b07f1c,2024-01-25 22:53:00,221,3.7064999999999997,f265c816ae4288a090900a4745bbd56f3e768ff96e73e185a82a2f47b3652a5a
rico,0,inner0_selection,ba86a5c7077b27392462,P4S0,P4S0:segment:0,67,60,60,60,c7006312ce908e2afa550514cadcf051e1e8feee6ceb2450c91004e8b876c657,9a0a8ffb610040a40706ae4606584d7a874e9f63d50fba28b17e38ae50a7ac58,d86f403115dd1d685cce9e87dbc1865c0c6d5400beb0a40797add53d56f79d0c,2024-01-29 16:27:00,221,3.7064999999999997,b2d144670cde8ba8e7b6a1ecc7231b81e328a72fed0c95fe6ee9daaceaf33614
rico,0,inner0_selection,7a9daa8c1d817386105a,P4S1,P4S1:segment:0,75,60,60,60,9c9b543cdba9921ce689db708fbc84639ce10d05fa6c15252c6a982236cd32fd,8dd91eaf8f8171bebe425bc049a1539b51afc8098d06495b92850d33f8541116,9e0f37f6e184f3895906af4a2ba71516cf89405e8f1ea7a6864f9e30d6b69bbc,2024-01-29 20:35:00,221,3.7064999999999997,d3a5cb1b095c22ef64ecf463309ceb73b0d9c2e388ab95eaed22c2d9c6e1d0f5
rico,0,inner0_selection,896f53c2234a457c3a8b,P4S2,P4S2:segment:0,83,60,60,60,a6a70b1733881ec5dbd9d7dd8578c4500d7b343968e38e2c389cbf8531185dbb,0799c42bcb435309e90ce4b0478c2d4f9bc1dbb94eddcd2fc8aea66f51175f50,1dad077eb57a5ec3f31b052b7c90f95ecfbb1b698d71665ad4f999b5589bb7cf,2024-01-30 00:43:00,221,3.7064999999999997,fba1838adec9de72dfd0801f9d19863f2dc15c08f98c3dc540f4e38c033b258f
rico,0,inner1_selection,5346fb856bd75186d283,P4S10,P4S10:segment:0,90,60,60,60,d8c6a999cec833d2dff77546021178711ffe8e046c391bb25dcd58fa28396136,cee7e21ac5619e97c378cb37f7727443375eab8c43e747155487ae19eae14687,ba42d9f29ef42aa9e92eef78334fa591cedbe36301ef9dd5cfdbf4a6de42b635,2024-01-31 08:50:00,221,3.8547599999999966,1151e8fee19cc7351a3a17b48dcebc64e3cd29ce0089151e0d6e9a246446c348
rico,0,inner1_selection,c3c2fd95119e79b1a205,P4S11,P4S11:segment:0,64,60,60,60,3c897145d28ba2abbbbf61b41feaf92f5a842270a66c41fc091e9a1bca09d925,a3c935b493365f8da1f1572ac0112c363ce1aef600e77d7241257d917f9d71a1,3bf5e795b7b5e8c6bbf420634e3477bbaa39d5031bb20ef0500618768a598ad7,2024-01-31 12:24:00,221,3.8547599999999966,74e7d96a3c46eb3a6a26adbb496e2588144e17d209966f566d293e2f27f70381
rico,0,inner1_selection,93d3e162f7b046eb76d9,P4S12,P4S12:segment:0,75,60,60,60,1cba7932c0aa5dda7ed852a2f478d92300536bce7bbaff96c8813de64b4ae138,2f9011552d3c9cb75c9340794c17d3bc902f03b8cfe91a6ffceba3d21d49e2eb,10d7500bf4ac5edb48d6c91dff907202dd6645648d7bcbaac939b5b6a09d4627,2024-01-31 16:35:00,221,3.8547599999999966,da57b23bc6e380ffb0db106df847890b179fc78b38afcfafcff7d3c7849f10a7
rico,0,inner1_selection,4463b37648aa972fdf51,P4S13,P4S13:segment:0,99,60,60,60,8f49ad1f27296042f24dd5c9d3865a1e536cad4560826ec55d1aa1f86bb8f864,25bfd2798ace1eb40a5f70a77c663eeb7d6258ca230aa6b2ada575f8ae06f82d,d698671b8d91013f050e2f566b98e4e58f2b9a660d25287b7a77841c41c550f0,2024-01-31 20:59:00,221,3.8547599999999966,d4f91a7d90b2bf85171ad297ce478f1d15a481205d4f36f5cc92625df94bd134
rico,0,inner1_selection,abbc73450315aa6a512b,P4S14,P4S14:segment:0,76,60,60,60,a04c47c19866ec443a5f0ef3621525e6330cb2dd111251d864f8341965b5cd4b,cda22f05d1108cf22c2accb14a80a1f8c8f218291c697cd9eebeb7849167ed2f,161bdfd4dac0c7097b12c74241e7d44c17a36c69d2fef38415c3bbd13401f475,2024-02-01 00:36:00,221,3.8547599999999966,33749be44780f4fd198bf038a39a2a9a64ff5c4aabeba2f71c97415825a2ec8f
rico,0,inner1_selection,6b87918f261ca41e926e,P4S15,P4S15:segment:0,66,60,60,60,4c7aaf0cf9d4d8028b8b2f4e7a049cdefb296e1501c105ac7e91b27173d259a5,1aaef40c78284fd4d28a8f78101d2d733d1ad00560338e2fcc72d98a8cbee329,69116c4702a368b74c44fe90331407c09ff7b9167384001e0779e720569a6021,2024-02-01 04:26:00,221,3.8547599999999966,902335b8b22580ee7f5960ca54293739989aeb4b1b0509d9d7181ee9a8b5ddb0
rico,0,inner1_selection,dac795e51360c1c485e6,P4S16,P4S16:segment:0,88,60,60,60,f17b667b150a9646793ddda37b5ab22c255f7829e9926c1ce841ee74d735f78c,835e1302668525bed18cdd0b341265e8a460b1180c9d3d85e72cce9ce8b6f717,08901ee945e351d199f9603eaf5bd64e6b87313eca6226f39377381ae6eb3b62,2024-02-01 08:48:00,221,3.8547599999999966,8ae2ea316e8bd6b754cc6e0e556a98af20e34ff18108436adc124a43c5cb1a06
rico,0,inner1_selection,94ff663f21559f502d30,P4S17,P4S17:segment:0,82,60,60,60,7e850ba0c84a95f61cfb82050f50e10082c221263bbac3802cfd02a1b35ddfb8,cc9926c88c4f27bab571c971a9575bd750408a4468412ca7e7d470c04d119baa,0e6f8dc8ed03eee8ca5134fd9e6ca8bec351d8c32edaf6891d360d927dfc4189,2024-02-01 12:42:00,221,3.8547599999999966,e57028f4d99e5b2507fe05b80c921583e8d70f25863389acdcd6efb104a5d0bb
rico,0,inner1_selection,6b7972413fde42d2dc2c,P4S18,P4S18:segment:0,78,60,60,60,1642be135620d76c0a1a893030287000b2ee0553f8335f86067162abe72aea91,f7973c509d714ec562e3c9a1c57b7245ad687b4079a03196c28dfa46a6c8ce75,d8ea80cf8c56ba569df9c321408bdf71aeb9136493abf39dcb6bfe3c30d64680,2024-02-01 16:38:00,221,3.8547599999999966,f1da32f2ddd0b76749b7212450e8f5305f33ae249141f2ced6786aa0574558eb
rico,0,inner1_selection,0eeca66e606431da1d3c,P4S19,P4S19:segment:0,78,60,60,60,8c9942bd85621bdf75ec6a7283fc61a54cac7c7bda3ffefa5f357e51d81aaf42,ca0c5b8f4f74a58f677c1008aca5dcdabfc9288a96d5dd1f91e89c63237d35b0,16ea2de845ef39f0876613d795da799a6a96301e576fd49267b18e0bb778282d,2024-02-01 20:38:00,221,3.8547599999999966,03e5094093dbc526e9bfae7bdd297175c5cb2078a96305c0fe57c683050ab626
rico,0,inner1_selection,453a5458e35ef39367e2,P4S20,P4S20:segment:0,73,60,60,60,f885dff42d06c7e8e2b67d88c34548698dc79c7b6aacb108652e94e8b21948c4,4dba3181be0e5b9ca515ef89f46685fe72d123aa3209859f8968cce0efca4b87,3a0f5e313a2203fb296a15209d9b23c29ace49c784ebd73af97906796d278c45,2024-02-02 00:33:00,221,3.8547599999999966,8a514a292a0841579c8b9dc8a43f2334d730633a7e52eba31f53e277dd0f1140
rico,0,inner1_selection,f84966620f6a3d2f7ac1,P4S21,P4S21:segment:0,64,60,60,60,baf5c9aefe6231b9daa25d4d7e4148232f6328219cce193ceb211578cf81807f,4d413aa330436fdd714a1b52622d5b787bc116d17e8025fb837cc8307ea2e5e0,26059d5300fca8518ea45c293b0c8e89af42fd6ace81c32d8b7825eddcdc51d7,2024-02-02 04:24:00,221,3.8547599999999966,bcabb434947b6e487f017f0a8ea2642ad9e41be82c6b7233a31fcab1428921ec
rico,0,inner1_selection,a922239c10cfc7204769,P4S22,P4S22:segment:0,65,60,60,60,59b531d375e1bc7604e85c6d872018702e8b78fa5c5f8200c402ff8e38d4eee2,05284c16e1ee448cfe6271dadad46a8fa4e76ca41926cc138b9b6b9d7a8b4970,b8f17c706b5ff63b8bd4ff26a4a9b3014d463d14e369ca56127d7ec4cf659b8c,2024-02-02 08:25:00,221,3.8547599999999966,188f456d0ab7d21da462eb057806619c34370deccd8eee24e3f9059fa0f11421
rico,0,inner1_selection,47a6d58e2c7a7bd794f3,P4S23,P4S23:segment:0,95,60,60,60,10f3bf2b1fd92d78b878978bc8a3385a547f2a92b58d9be0a619bf2f65d12a33,65d5d48b7ee7b88500e34da92534615902be4ce8609738b7a503bd678c525075,db0490f83866b54618a336c81860501b61d3ca67c5f580afcdf2de92041ff2a3,2024-02-02 12:55:00,221,3.8547599999999966,7e495985acb4158ba0cf943a1d195319daf4a932f7dab94a0dce3b0a08dc7072
rico,0,inner1_selection,95838cc7f4f4bcc15369,P4S24,P4S24:segment:0,71,60,60,60,0362546c284bf2c1b36aa34214f59916ac74bf0b0fa5398f14a2b816affa1a16,adf233d21efff624e2f0e5b3a3946bc0fd3979f0367270e088a335fc7e00ba83,43264836ab23c7a5ce657cf49141b91422589235fc38c54b07db371b88d7f482,2024-02-02 16:31:00,221,3.8547599999999966,401f017521aa8441e64749ea8e2203fa0ce09ce635341f26acaec854eb7604c2
rico,0,inner1_selection,4fd8a46b3fe5632acb75,P4S25,P4S25:segment:0,60,60,60,60,4b12c11e0a2571d153dc4a887d4c5026572cc354070210d2e071aed7a9251024,c2575242db622ca04bc0e0cf71092a272d6760d3cb3754026cfca90bad1ef1bd,983cd0868c43970658f351561e1696c1a7fd5a41f793f56c1a6864ee43e237df,2024-02-02 20:20:00,221,3.8547599999999966,6b6c586d4c386f3204e1074d3bc80723ab1e1cd79c52866cb0356545d68704e0
rico,0,inner1_selection,0cb7ccc59eaccfabbaa3,P4S26,P4S26:segment:0,90,60,60,60,ff5bbc78d2a0d39e220c85c22d9801999bef51e20ff0d73a5b949be1c8e79a88,2f44280a9a56fd163755fe685284375f3e589bc45e91fdad8b78f633fdc2c9ac,291e5fda4feaa1d0e1b3194db39944d1e445442e2dd17a2514257cab47676a95,2024-02-03 00:50:00,221,3.8547599999999966,cc5c571e0619f8ad06328f796258d457229f4ea93a564b807e11947be776db1b
rico,0,inner1_selection,f9e9dcb4be7ff28128f7,P4S27,P4S27:segment:0,99,60,60,60,c13b1aed63c4d632ea598f94cc67856af585658db6ecfa2afc23df42bb158161,cceecb503e062b13106cbc6f26afdc7544146f4eb6f119f9b95f112d1ae20310,e700e7bf333e4ee880cbdefc50f3cb450f23d932614ce4077095ac9d198a4510,2024-02-03 04:59:00,221,3.8547599999999966,61042ba35f98600250ca92c67990aa16da21ce65873a13be5b5422907eab4796
rico,0,inner1_selection,69edcad66b3a4caa154a,P4S28,P4S28:segment:0,96,60,60,60,ddcd46606fac736c977fbc9ed4e43fb9423addd957fea4bb5c211d73d1d5c05c,8e33b0d39eaed029b71fcbd0a79f0e0c324924afba169e949f47f930efbd3ddc,4b1be50e9a62d2202348d72704c9e1fde81149763b34e6e177c4e0a37df42ab6,2024-02-03 08:56:00,221,3.8547599999999966,44d3c25b3e777864cb6f5200acc7a864dc7d4d4f98d9a7b05f3248aba24e453d
rico,0,inner1_selection,e2c283c3b92b43d88912,P4S29,P4S29:segment:0,101,60,60,60,dba98a37fc94d4bccaf2f3e711614eeb5524b4413881092fc5ee5f8f688e2ac4,84afabd5e15ea0ab7ae8e6491d172c707b7c20fae3e3720331bfde46bd04ce1b,4c0d642f621823cd7a9c0228fc0b4e14cbcb05a25ced7d8fc4a6932a2785ccd9,2024-02-03 13:01:00,221,3.8547599999999966,760a27343eabdd8021b17cfad7db92d359ec203ad78e0de596ba307562c9cb32
rico,0,inner1_selection,c4b815612938a5b4add3,P4S3,P4S3:segment:0,94,60,60,60,543fcd72de5db6bfbf2009de358dceb6cc3d2c29566997cf72e566baa4f41eac,b18ed51c69d38f675fbe1e738e6942e5f2ffa0e3e612d06417349f7b5f38bd47,c41b96b757f034a76d581a10ba05d37fd10a6c667e318b00d8b3c486c2d5b870,2024-01-30 04:54:00,221,3.8547599999999966,72900a72febbc7152a27834fbf15b0fca2f66d158a5e0498eabb6c92ef586f66
rico,0,inner1_selection,e7866ad8826550504ff9,P4S30,P4S30:segment:0,101,60,60,60,b3c4b92fe5cced815972f5b623844e969e316495adc5779631d6b42d1b3668eb,dd7e36de5ff5069243f7f0b76ad7d7b0dc748c65eb41096a8a73a8c511be23d4,8294adf4322ea21efda8448b9cc6c024bd15be0a06e51701bd62a18b41fac06a,2024-02-03 17:01:00,221,3.8547599999999966,8e4fd085316aae9972fe72d6600088bdc74c9e61076a2cdbb74cba2991c7569d
rico,0,inner1_selection,cf931f1ca17c1488175e,P4S31,P4S31:segment:0,94,60,60,60,fd5cc7e5b379bb10cc2713a2e6234443e6296e564f665e4fe8fd1016cef9e458,be0b4fc9909b19e35dc0ef049ac1d990e782079c4a43a3f8273ccedb78c8b1dd,40a35cdff43b824a567915daeef0a0b952935e9f57a88b4dc276349643f97b65,2024-02-03 20:54:00,221,3.8547599999999966,28892e25d7d931563364a00672d6325509c2010ef298bfba22d603944da6ad8b
rico,0,inner1_selection,f6ea9bb1cdbb379c50be,P4S32,P4S32:segment:0,71,60,60,60,9eb4ad1e085e0e64c118fcf0e5b614eb2ad7df6f6c4174fe66d54c29e455ecf8,16a0aa2f65f88835260aea46058a92987feefc1e3a89ff02dd42fc73bf7a79a4,1a71dbc5622e6ed549d3e8a609e561370ca88cebfdc70295de83af98d96e5c17,2024-02-04 00:31:00,221,3.8547599999999966,308c51c1ff48ec3a59bde23a894b0d0a1a83cd504676428fa0c83011f1494fbf
rico,0,inner1_selection,9db962112cd88d9d1576,P4S33,P4S33:segment:0,66,60,60,60,8c30925574e383029688ff122d94d9a5c41fc31e55d7e74213ea0d73653eea31,3882850bda06790df6aa6090f231099307dbe1bbef1ba347aa6c645cd1f47b34,e1f5ad6425e568d491bbf5031b139acd28aeb90808f978750cf02334cd0413fb,2024-02-04 04:26:00,221,3.8547599999999966,8536933b7fb0f40673c56481fb85d6da2b6c9fda678597b5d6c346bf482f697c
rico,0,inner1_selection,c25e86066f66377aab49,P4S34,P4S34:segment:0,80,60,60,60,4c7b78be4d204c6af61320e8924484aed6ed666bf7c1ceaafcacb73f3c4fc363,6a908fee0165bbc7e0d7a41b3865146a4ab433049ceb34e3ee27922c35e64187,d3a0681ed8dd025f888ab40ad580f507021e89645629478d6d9fad97c457a70d,2024-02-04 08:40:00,221,3.8547599999999966,54cd2cb00c8fbc7e6dbca1fb495418256b9ca9460b8585b5cd47cff5680116e4
rico,0,inner1_selection,ea41f4250d470b7985bf,P4S5,P4S5:segment:0,70,60,60,60,f59695837a097927e9515e55682505e0089f202d512b02c0d191f9fc9fa98628,21fe50dff6d804f19399b1e6846f91e7b15639a559508a529000c2caf87b3e9c,dffbb61a20e9ea9a7a646ca48172e534410a0a176c88599af1a240b4d0c43125,2024-01-30 12:30:00,221,3.8547599999999966,4d9dff58e9676e26a0aa960ff078fe1fa70efb9f9d6cd28f28471b26099f1040
rico,0,inner1_selection,d4df894d9474b177f3c5,P4S6,P4S6:segment:0,72,60,60,60,820496ea3344a767e258873c151c882de195cd24aed88892b7d61e000efb7e66,0fe1b4b9fb88ef690e4ac194bb18a0c3eed4f30d4b1215689daea4a11460c3f9,35ccaa6af33f46348e3d1e995f933f117290131bf67bd9ae862613e455d3c4af,2024-01-30 16:32:00,221,3.8547599999999966,2dc8c95579e2c7eecafc62d3cf103117ab7ce3b1fdaa9edfb88330fcc0588f62
rico,0,inner1_selection,f08dbea8ed01b1cfef6a,P4S7,P4S7:segment:0,81,60,60,60,175add70a8881fcf6892194a7ebbcfbedce07124bd3ef39d6b4b32042b5f6286,8d7a3aa90d9b49f0bca7cb787821f7f94ac076a96d472ba86830d78e96f068b5,21703f639ce281bfbcf1de0651c36f7a6eaddeacf0f0a2524f27e525a8a26af7,2024-01-30 20:41:00,221,3.8547599999999966,33f7c108a0e486d5a6128bd4f02fdc19900b17c3c5d3d25df8e719c6bf438f30
rico,0,inner1_selection,cb4256aa030b5d5bbb1a,P4S8,P4S8:segment:0,93,60,60,60,4bf774bcf7d299adedf5b976bb726a5227cc225dda49126614cb59d9d9c67ecb,5ef384b32d2395259c91abed8c6b6f25e449be48670098d01999058f041a3d27,d7667272ec47efe28eaee3afca061ca4601301e5d76d5d781b0de46adb099412,2024-01-31 00:53:00,221,3.8547599999999966,b10bee5e08c3f31b2a7ea0e0a031f6c48d6a5c9c94a67b45f0c379ed91da13e8
rico,0,inner1_selection,cdce31bb6f5ebcbec315,P4S9,P4S9:segment:0,96,60,60,60,3c6a0b86055b24b03fccadc3b8a40a488c105836ed7e1954f9f0cd3691e2dde7,47c9f46359ee5964a8d7e8af50a38e7bb67634b0e36e8b79053226932b6efce5,b486f9e1ce90e03151aca8c3356ea0be5c9469699de88a6ab4328642bf7dd160,2024-01-31 04:56:00,221,3.8547599999999966,a57e4531e5bb8cf19bb9eacb5cce6617c577757e1af48f4fc4be266e410d6e9b
rico,0,outer_test,faf909adb558deb5fc20,P5S17,P5S17:segment:0,62,60,60,60,8fe0720f1c020c88e2613c75ae5f13f25e7635fa01d3ad8e603ab44f56da07ad,0b0eff124b2160860d414c3c931c6c8eda1dc91fa61d7dfce489e9df79ecb88c,daa7f64c70465870f5be9f1976eb8182450d0eb5bb6f1fb0700db5a7c57e2711,2024-05-11 04:22:00,221,5.4856200000000035,746965ade05079d56148e3ad6fdb0ddc31147f1aabab089ac88d79b7201d8869
rico,0,outer_test,2b6caa496cc74ab68f07,P5S18,P5S18:segment:0,90,60,60,60,add1b1c8a729d3ed0fe93d65be8fd179e158d949dd5e10f7be8acefce5d10e9f,2ec8765c550ab37250d3cf4c1c9c81cbd7540bee46ce42897655d365e8580e5c,070229fe8d5c54f803848bd052568121fda06c53a7a66c8b133dd59345ed738d,2024-05-11 08:50:00,221,5.4856200000000035,d0724870f9c5e1832cc48446f80e3c14787de221a8b4ab78571cc3ab1ac3f71f
rico,0,outer_test,3be66a219e1dac3081eb,P5S19,P5S19:segment:0,86,60,60,60,3e5bbc2ff57b56607a5057ddae652b7566d2a1621bddb91bfa043ac71748dc72,e754517072c2fab62f9da586fdce7dc1d25e7f73e1fa9cb9173ae0ffb8127e32,b07dc3fe44bc1e4e8aec1bc079cb841f054bfcf8fd930f4c244879b0e7d6df47,2024-05-11 12:46:00,221,5.4856200000000035,e27406a376f11f181f89791bba01de489d070ba6d151257203f76aee4f7ac807
rico,0,outer_test,1fdc75cbccc668a59572,P5S20,P5S20:segment:0,75,60,60,60,2e45309e2edc9abd714c9f62df80cc1d3bac09c41e1945658e26e83b572d0e5c,fe31223cb18221b6120d2031b4676fcb1ca22caed398bfca9895f8d3adaafdd8,e39fa8d889946f1255de069488d49274d0e88f61665379122862206b6e14adb1,2024-05-11 16:35:00,221,5.4856200000000035,0d9b1f724196d733915efa3cad60707879fcc36e0e496c015c4232dea68c93e0
rico,0,outer_test,71157c2df8fd7f489d47,P5S21,P5S21:segment:0,70,60,60,60,08c19fd1f241797ebe248e27e3e5c2045055f133715b5a53f4aea4ec07cc3460,5928475cee4409a7c0430c059721eec6d7652507dc4edbf8b4c3f12ad9c5c21f,814203bffeb6767d7b046e21aa1217f5b11b5e3215138b921ab9cf990bcb834d,2024-05-11 20:30:00,221,5.4856200000000035,5bfe1ddf64ce81c2fb0975e4ef4f5d8ef53e051f17aacaa6edcd358b9da42978
rico,0,outer_test,112407f2e56601297139,P5S22,P5S22:segment:0,95,60,60,60,e581bb16d53048871837f406d05c3220ad1636e4f4dbc00bc1190b49a24ec614,1fc9bf2506657f914184efe49b5aceccc13934a1bdbdab6f80b153956f5a4b0d,adabd34fc5f1c96e81369881019a1f5c180e67525eef6d40619b39eb3104decc,2024-05-12 00:55:00,221,5.4856200000000035,6fd5a736d04531c72a2d555c02992b723ecba6b38e56e8398da8fb5a5c571ed9
rico,0,outer_test,606964c2396796d18f69,P5S23,P5S23:segment:0,92,60,60,60,d756d64ed41e804891388329b84452135c3068f7f5b394acb5d5756604490a07,859b319f44aaeb837ad7d20777a3f79d8434433ac06bf95928ef3fddb7c8b5d3,9ea87b35798197d9380a9959b70603309926e054b4fd5e5bd520d9ce6c01aad5,2024-05-12 04:52:00,221,5.4856200000000035,e738e4f2104fa63583723a416eea88219344b9153194c113aa978ab7d4d619d9
rico,0,outer_test,bb2c2dbb13826ece064d,P5S24,P5S24:segment:0,82,60,60,60,c9cfc5ec5b5b76f2bd8e3b07d778cb8389237605e3375a7894650d66fd0c6e3e,9c2ea69a234d5eac6d7ad31c0c7a06c75374e57fdb0852620763dfa2a4e0255c,df6a84b6d72a933709ef41b6bb7ae1ff3a359d76118dc4ab0e200e665137df68,2024-05-12 08:42:00,221,5.4856200000000035,615c601661004f5278e3c1b79357a2accdfc8950c93aa9b339baba4065fbaae5
rico,0,outer_test,ac5593bad8f7d7e17849,P5S25,P5S25:segment:0,92,60,60,60,5a6f985ba4820ab252564a195d2f951e12cc1a2e43e5c67e62df3372335f69f9,59e4ad8870e674c30f8e233b392909f463693678aa82fb7a1afe85b82efce227,38f584349fbb05d042143b5ce8a86269dfb33d0e4878add1474b038d2630c0ad,2024-05-12 12:52:00,221,5.4856200000000035,53952f5a5699914f0f961bdaea437d0bebd7aa163716d66fa2e4463cdeb7bab8
rico,0,outer_test,f4a15875c3271a66398e,P5S26,P5S26:segment:0,86,60,60,60,dddcb3908cdb367e7449a79407bc93e9326ccf50d42eab5f527b2d0e1909cf22,9ee75e87a4c90cce2d651a0219e27ccefa8970ce20707dcb2fb2830febe89a01,2e281bd823e4bf742835911932e1329d2077bd283aae6d1d9e86dc4c9e420f5a,2024-05-12 16:46:00,221,5.4856200000000035,bf889f2f03972cc90f9da840134b7266e19e8c7c5152edd5f7f4e81679d75bf2
rico,0,outer_test,05b00827aee4c4216f18,P5S27,P5S27:segment:0,84,60,60,60,b7ab84f81632f1e74988d6a1b8564c6ecf399bed7f0d1b1998b6ef343ea3850c,14863ddab7143b99d6332f1e2948ce7e760c88feb56bd65407691ad5d3600d6c,5699b90fe4b7488cf6d9afb2a05e89793176e4968de4687d4fe3bf675a95f6b4,2024-05-12 20:44:00,221,5.4856200000000035,1a321400c4c5be38ca240a839f74e10f3b9f205ce7457eee17a2e647e176f4f2
rico,0,outer_test,fd82858722e4e67d6ca9,P5S28,P5S28:segment:0,60,60,60,60,8866819bc4fd113fc9728059dcc665d5f3928ddaf6bc2260fd17c8f2b77c7830,1809681c8f563c5667dd8b2e4d0e8db9dbeada807d1cfb8b67bb8686f0ddee03,bfc0f36987b9425a6bceb9ef6403b772b91bb40cd9aea864afcad286687a9692,2024-05-13 00:20:00,221,5.4856200000000035,f31e73447de43076aed2d23b501c0f21da4fbe659b58d6e196188a730ef0220a
rico,0,outer_test,876681720f14b6b018f1,P5S29,P5S29:segment:0,65,60,60,60,4848d08934c2702f3141198fc95dfa92b8b836437fd3bc2921f9890a2021ca5c,230e748b3c8b81195cb159565eb5f6feb067788792d18af48f5a30bd355178d5,4914143c43a1697494b5c9268a2d509a31e11722d7778a23d30cf90e49ea2b01,2024-05-13 04:25:00,221,5.4856200000000035,6de074e94127db5390275c6530e880d1dfb98ed98957bd7fc387b89853679486
rico,0,outer_test,94f77566933586451c66,P5S30,P5S30:segment:0,86,60,60,60,60d5c1dc5fdafb6798e9de373845edd5f0d2fa4832df87b8411b0043e39b16da,88029c7a2d2414d59f26e0a5f618cee4dc90b632dc6faddeac9c8376ee76099d,c1b3711ff1933791a507d360c53ebfff1c5f4e3bb0ec270e7991474337984d80,2024-05-13 08:46:00,221,5.4856200000000035,dfbbdd191aa42e7290efa8bab7beab54fa00f2592136280fa1d1cc19a29d49ae
rico,0,outer_test,78b3b732260b96543afd,P5S31,P5S31:segment:0,91,60,60,60,03fc963418112c0a0f6c1ec94a460e8824eed4de3dd601b7751dd6fd87b346a8,da841afbc9573ea40f3e677ed37611fff03adcaca8ed8673fc86952268701826,cae2dc13e3091cf1fcbfdcd96325fe78e4bafb4490f389d05ec166360e4ae50d,2024-05-13 12:51:00,221,5.4856200000000035,8ab96f4029894d6ef23b3225b17d3d3660daa42960dc7b05e00e491efbca3e88
rico,0,outer_test,40908e2a979f5e8a18bf,P5S32,P5S32:segment:0,71,60,60,60,07f111cb757ad27674230c20404e2b6e3591a7c08ce03f48d30fe4ae9c1dd048,d326943dd3a25edada2855e11c2c5ca659cd0586cc02da7c3bab8f1561d5f472,1449a9e55c5be2d48a1e8d2320e96cb43b006347ae13fc099aff155ec842d510,2024-05-13 16:31:00,221,5.4856200000000035,a9a89ebaed025936b0fb3008c2fbff224f31735c4864062f82cf523ebe9cc7a8
rico,0,outer_test,4158518cbe6fb2f63747,P5S33,P5S33:segment:0,73,60,60,60,d279a478f698da07ec5d70e3e242ade6b616b318b796d298daf788b2942a2da9,62cfddfe8e63e963970ecf6d8e4c73bb7995bb16b8091db4dbf94e1815d63be4,11a50e33bd1a76b16472045d055e7cc13595f94be26ee768b05b13686bcb6855,2024-05-13 20:33:00,221,5.4856200000000035,7ec781d4e636904cdef6bff7f92a0210238c2c2f88cea1adf93c60aa6b821497
rico,0,outer_test,d503b1c2c0e502ac0e03,P5S34,P5S34:segment:0,76,60,60,60,8c96b05cabe6d6d4b98a6e447ecd307ceaa9f2a4de5e71cc9cf3a545414e0257,97e66a36497a752c555f241bd8cfb7ab6850cd9b85e5c7954f869ff07acb5631,619f523c54bcc017eb961562a09d5d06379c1bd6655fd9dea0f39684c324f9c2,2024-05-14 00:36:00,221,5.4856200000000035,ec598057ec82383900dba52ee3a8942d0e1eb4f024e4408e5eba2228ddbd8bce
rico,0,outer_test,9581be73f0c9747f5c56,P5S35,P5S35:segment:0,79,60,60,60,a51197ffd8c234b93280921c3cc9828f99e237aca8d2d8d47c9240263f950cb4,eca6abe2db0b3a014e945bcb8e37df27239d05b7a560e4e3e70f2facba6b214e,99b9893cf03793abeaf04865614e4a703471a299f2bf02b459b4249609169cb8,2024-05-14 04:39:00,221,5.4856200000000035,bf32dbe9874da2708ac8ee20391a7692a2c29c66c9946908d5cc2717c1c4d020
rico,0,outer_test,e028ba46f74838ac3b4c,P5S36,P5S36:segment:0,70,60,60,60,b515db1499914327088fe069993f6c39cde7ce0546f89ae203f308d20a5d327c,0742d2957e1cb99ce59a3e26ffc2202ad65e77f0f0eccc7df3cef5b1a70eaf68,999807384ade91efdf208007139b0ea457d3c791329b01be3e71b077ed3e3da4,2024-05-14 08:30:00,221,5.4856200000000035,728d22c2251ffb4c6904b5f0e2201ee09ddb59e9d6220757ebdac909a81d3d54
rico,0,outer_test,87077c858eee5d0d16e7,P5S37,P5S37:segment:0,100,60,60,60,234723425727696f7939df73a6e742af8f2c0c9468eebea7dd3a7adbafdda3f4,46eaa0c8d94de18875be2eeb2c2d2f0e3d4e49f5873237bbbd6dc48a0c5db4b2,1182dc0a21bfd76b45721e8bd18f55d730b7e341efc0676903168b48ff2ecc02,2024-05-14 13:00:00,221,5.4856200000000035,5de19c460288e67410e6ea7dcd652c0f58667092c445dc6bb157cf5ebbce812e
rico,0,outer_test,503d72adf7adaf68de00,P5S38,P5S38:segment:0,69,60,60,60,e72a5bc3ffd8011759bbc6caf1e23959522f7ff084466cacda722f1307de867e,52769f7ac20ed14e477d06a15fe430937416f545e1928688c468047f5c37eff1,0d110fd9a24ea5bb840050400f81b66ffa8294cb97c043a390c6dec43c0cbec7,2024-05-14 16:29:00,221,5.4856200000000035,8397f4dc5ee013a7e408ff0a0a91f5c54a51197433939f291fda7eff35549bac
rico,0,outer_test,b72d39c1b54b3bcc20c7,P5S39,P5S39:segment:0,76,60,60,60,7a908bb19b5d14d659a61ff80301383744e363f48ff0f853f2b873876f7591ea,5e889ba7d3868f55e3ba5ebb12db082d0764ecab3fcc95e48384a649d01c0544,ffe39923c829895fb4678a472014c34b85524aae099f363362279eae5f27d5cb,2024-05-14 20:36:00,221,5.4856200000000035,254a9f5421ba433ee14761b7b8d0d5ae408b33f8fd649ab5435a58622e48d1f8
rico,0,outer_test,76dd287e3a599510300b,P5S40,P5S40:segment:0,90,60,60,60,9625ffc0e788618ec09d49aee60af1ff9a535a849a6478dd4e7d5d7eeb6e7dd8,991b9d0d0e305ccf0752d13b7499ff355715238a8e55162edfe97fde07ff11ee,d53719bbd9c2f51e6dfe1cc144b15c2fb8450246f93931c5c4513aa3999067e0,2024-05-15 00:50:00,221,5.4856200000000035,191800e91a0491201af3e6818fefe3ba476d1e86e66ea1986a94d3f48c33a655
rico,0,outer_test,085a259961d22b8fb6bd,P5S41,P5S41:segment:0,96,60,60,60,92c554e1d2c6165d1bae68405cf8347c8671f18594c2b644e6903396783c20b2,fd8aa499d89fec9fd35f0ff7d93dbb1a7efc81dec5f24028b16c8c1f2088f2a7,a7489a2e13566691e6e1a35a4e71b5013e8fa843f64d665c197480e0181d4c74,2024-05-15 04:56:00,221,5.4856200000000035,922c8fc1ec010a624908b2a8a06b9187b4e4c14af1d5e585813544077edf800a
rico,0,outer_test,a03372c0164b2cccf35b,P5S42,P5S42:segment:0,72,60,60,60,8eb254c33e9b0e78d4f5c18b5f81c554f9da7d6025aeddb6f1273a43af8880dd,926f6d9d1230ec797b8865073d630ca0bfaba40fd67c1b925da39538d669cddf,047a60b145b3b86dee9f71d169891255eb90636d94432fb3ece39c1185ad0682,2024-05-15 08:32:00,221,5.4856200000000035,252bb9607bde9f2e23a8dbba94865d219ac5bda002fe0b1e903b79842e277361
rico,0,outer_test,5bc8004654802f2311d4,P5S43,P5S43:segment:0,76,60,60,60,b1d734217c435df1a9b03dc0f6597d3dfa180a4854fa65432b342dcd17bdca6a,e76bbb8d30a42d01324bb7156c998127c7e1d56fb309fb64edad4c6894b75b50,d1045b9294139d78ceb309dde56cc008e163b83cc7f6747a9aa7ff439a7ea893,2024-05-15 12:36:00,221,5.4856200000000035,6c278b7dace301795d5e754200cb58551b63c503608b132f22ca6f268860baab
rico,0,outer_test,9b1471944e20af9d0dc3,P5S44,P5S44:segment:0,76,60,60,60,bf3cd249a6af119c6f55a9c39ad9ca0ad624ad558cadadf3b7380e34e273f9c6,b564fd83bcc0a90538283cd7805722002aa50dace9c035e9a8db15b65fef97df,b78570565c957b7840fb29ff77566142b6f06d58c6e64d1c8f610c55de971f8e,2024-05-15 16:36:00,221,5.4856200000000035,dce5c17f89e742fa523a2168bb35b97cfeaab313e463ae802af796755c1c4e2a
rico,0,outer_test,eda839ddf28ea0e040b5,P5S45,P5S45:segment:0,61,60,60,60,8ce8cd6110e25b9decae27674ac46e34aed194a81390fa1afbc7c2320a1b1d0a,7c5ab42c3aadfb0c7f61a4a67cd59af80b7ca85445134ef985dff064220a690c,1b830dcad69b3bb4ccefd9b8a646670ebaf637db2b84e5f80b80f6161849ff55,2024-05-15 20:21:00,221,5.4856200000000035,3c5e075c305c0f8c203cdcf05138c8747c69bc412ad7dee62008bfc1623639af
rico,0,outer_test,95c26e65daa6f1495b9c,P5S46,P5S46:segment:0,82,60,60,60,aa0fc165c59364882f9355505aa10db565d87190c2d90cd83b17d37cf98428a5,8cd72588abc92b65aae9e886cff9fc8578cecaa8122accb345e4dbe5fd152de5,b03386fe8579c071272495ad7043ec83263277baf8bdd8de3157177d956a4bd8,2024-05-16 00:42:00,221,5.4856200000000035,14c4f7c320884e27c57b8eb6b7a3f5eb57b6612e6ac7e79fa4c019e62c9b8e84
rico,0,outer_test,3bff9ee2303e96853d35,P5S47,P5S47:segment:0,71,60,60,60,084d3aa9649b6c1e95cebcd17dd592eebb6bd2a328334db5ded1ec056b7ef12f,274071b7b9c3217d905dae8155cf741737a36bb8b7f585fd20350f6a218eed40,335eebd9d020d2dbff4a8734d7c7f48acfdf0f8ccac94eed05dc32ab35b79394,2024-05-16 04:31:00,221,5.4856200000000035,f72780ec3e339fb93ee4e715191887466e419e16a5ca7247b9b6371c455e9caf
rico,0,outer_test,8e1929acc548d0dafbaf,P5S48,P5S48:segment:0,68,60,60,60,446de14b65a45d5246cd462faba2b36132d9f7c8a1f3544e9ca0ad9edd6b2fe2,79e9833d16e4bf5d8690de04e2a7d939734b18dfd728ad8da2f6587663292f93,84681ab615f0175cffed19dd0485cbf362f98a2504028ab442498524be0a86fb,2024-05-16 08:28:00,221,5.4856200000000035,8b2c9a58f5c26e7e2a56d86a38d66eee834e608319fae85ed73fd989c9015d5d
rico,0,outer_test,8a84c46362278d18eb77,P5S49,P5S49:segment:0,97,60,60,60,a33998c18a1e0d0d358699138976e2f563cfb6908dba7262230edde04b10dd0f,fe28f8ff083f6f8f52c0cc9178b96ad1ab4691ff0d7fe8206ad6dfda219fd62a,77e19cd5fb3198655fc180096ff2212ab350782dd47c6e42424a4e8712f6adfa,2024-05-16 12:57:00,221,5.4856200000000035,14f76eb3093235e557c7659ac5c934de20d69e02d36f708a0f3d18b0a44532a6
rico,0,outer_test,a1d79df96ff417e3d525,P5S50,P5S50:segment:0,91,60,60,60,417b5a58efeb2b6c3a44d7aeac3ab4ce2c440cf5767fea6c019e6ba2ae1036fe,72e69927d8c8b4c93645bf42de76f528adef450417e606291335cab0fc0c2e11,ac863d8da8e3b8aa8525dbb83ac1a69141c8d2ad62980847885d79c2933ba214,2024-05-16 16:51:00,221,5.4856200000000035,e3324a5e97d8c151cb4307098939e3e7080faef09030909985d5881a37631f69
rico,0,outer_test,11d862921624efeaad66,P5S51,P5S51:segment:0,83,60,60,60,a408d10bbee6f935340a9f8454ba79a0c75c0def164c3c96e7ed2ec93e07494b,7469f7bf4b348c524cd2a55d0abfcd42d861b17c8fb47e5c10f49371343a672d,b9f20cff00e83f83465bfaeefe607d45a7b68cdebaa9bd8c0662ba433006cc57,2024-05-16 20:43:00,221,5.4856200000000035,e1b4a2b81551d43fe797ab23d1e321fc859e465342ad440beefff132bdf52b15
rico,0,outer_test,7bf0cfc267abeea23591,P5S52,P5S52:segment:0,69,60,60,60,a714ad7cb65e8c4fa9a13c06992ee120c3329b26f322b83847895a54e7fdb0ba,622fc0124e2bc177c601092962f5918e82e988ceb60aafae01a0c4385680cf00,918baf0f049e13599e0c6f13134b650cbd4de13442ea7ba20de616cfca55ede0,2024-05-17 00:29:00,221,5.4856200000000035,07c55ba68d3b0675f8cea699c13c1640fd6526883998e6682bcead722e30276d
rico,0,outer_test,0f3560a89eb9dfc3e43a,P5S53,P5S53:segment:0,82,60,60,60,60764af7df8f681eb4208b37c9a055fce914fd37c7e2f30b29ef3ca5c2187e0f,08e130bea56ab7ceca485ddf53af303b11dc86759601455cd0a68e56201d9c38,b0adaaca1cc0fa1a24b7bbffb1af63bcdfbb48d609a995edf2e0db2a41d0b1f3,2024-05-17 04:42:00,221,5.4856200000000035,27421ab69b0c8025b629cb297bdec3ae97ca1870648d9d02db89598920b9aaef
rico,0,outer_test,c0a31cc454efff98b79b,P5S54,P5S54:segment:0,99,60,60,60,0aa316467b2aea90c71c1066a698377265ab4140c152ec70051821bc3acead2f,cc5e849bab0c30118168c68620311a190bff99bf286e366c9bbd3f619e8b136e,85f7c0844a7acf5d53c50b29f126748ba4ab2e482de935c0ee53895ed3762ac5,2024-05-17 08:59:00,221,5.4856200000000035,83f161e0735c30540d1a87aac6b108d90bc9f52f89a7acabd92af496f24d1cd6
rico,0,outer_test,872568288ef53bf67055,P5S55,P5S55:segment:0,80,60,60,60,a9024cf5d115d391da965a68dfacdea4286e247dcd61adf30655f9be8801d6a8,9e0a8d2e5cec8562aae93fd90374ebc23a0b7fa80b0c5bc408be764433eb2c66,3e869f428fe75ac4271dada161dd380bc806fc2dc740228da53c5e1a73b2e59b,2024-05-17 12:40:00,221,5.4856200000000035,e51ac4c8bf598c8007e6da8cd0ba38de112fe757aeda58bd83a834f68a0dc374
rico,0,outer_test,0eb1d879e277d676a9cc,P5S56,P5S56:segment:0,73,60,60,60,54645e2ed8f7d3538702f51e7da479735a0bd5a3a55c9a2d69654d8cefd0d82d,14f5d99577a49c674ad2d22f40ab066ce2f3931738df5d2e811a9565975d93c5,9f1fdf930c35905e5171b7ed145368f4bd48011de8879421cd8407a93c993d7f,2024-05-17 16:33:00,221,5.4856200000000035,ecea01645997723c2c571679c8cdbcb7a5377d3c93ea6cf5fdd95f3ef41c4ce3
rico,0,outer_test,eec11f11e52aba575580,P5S57,P5S57:segment:0,77,60,60,60,67fc21fd06050b3da9abcd1ebb12c5d0268835941a7450f0b8b46accc6ff9e5c,a9d0f263b48f6d860e8249a5d3e7a03ea2b74e4a4461e95cf0d9eae0aad05e4a,ac6e0ea4ae227d76dcbcc7d9d37a0336cb92281fc39e85cf5095d7c2d0c7b065,2024-05-17 20:37:00,221,5.4856200000000035,1e88d213a76bf3dec4d10db2639e69473ac2052f9e5783493ba41a37d9e4e460
rico,0,outer_test,1f630babd17939816f64,P5S58,P5S58:segment:0,92,60,60,60,1997ff0abf7d50389f5d77ee22f4ea0b23339b586f04c1bf3b1fa3ae4755aa93,48f35cd49b18ac76b8abfc89e62a20d36d43b49450c49640aee8a739a77ed249,7eab3fcc1543e5c15343eb1bad912263bf3789790c2b864ba72d91b502d57585,2024-05-18 00:52:00,221,5.4856200000000035,8325f1cb9c7e520d0e95426e63a5c0c05d5abe15d35c7fca985d5d7bf9241cf5
rico,0,outer_test,67743125855aaea0f138,P5S59,P5S59:segment:0,65,60,60,60,4466d662cf2f3808cf6fe1e37be9d4074ee067a02c02fad12c934433173ac362,5a5244434bba2cd6b2030d00cff334620ad7f1f5a2027f0f6f2917550c535a93,4766dbd898e247f890688f86a816829c4ba7ce234354f66e7eb36d5f7100db9d,2024-05-18 04:25:00,221,5.4856200000000035,52a263738154fb3a4ab003ff3e3526197a741973dbd95c72f0471e91daae1567
rico,1,inner0_selection,b2b18cfa84fa871bb384,P1S58,P1S58:segment:0,67,60,60,60,e62044c12fc39bc58ab97055008217cbaa5b41bcdd587bbbb001fb83f6652ab6,6cb9a1e6e884b26effef44c69f217c9753a02de4f6331258bbc03c28665d7734,e86812c561fd1b419a7dee4b0353e844a1fcc145ab4f1304b507f9c362155182,2023-08-05 04:27:00,221,3.7064999999999997,886be9633cb18834ac107dc46b60f4196fcc62e5785bff946b0f45e47875fe12
rico,1,inner0_selection,d3b22fcb0da2dd5c1bc1,P1S59,P1S59:segment:0,79,60,60,60,d5c128a8112df6064b2a9af70cbae067ef2a401a04a173d830206cbd8d18a3a8,a7397eefb8aa5c82249b96b4c14a22bc302fec186d575d2214877654f0883053,a3e0df267d9bcc324822df2491c2d0ab4d05ecd3e085b529faa5f06b223a91b8,2023-08-05 08:39:00,221,3.7064999999999997,339ee19825ce7483099d8ac4e114ea57895af6b37bdf20b9192f2a5aa99159a3
rico,1,inner0_selection,42fc5b0aa3a8a0f6259d,P1S60,P1S60:segment:0,61,60,60,60,46dd82d0df7706e8fa5d1300d0a3d49305f45c094587c5b3440d690044f05a8b,d3c5d1914b37ef13099ba6502b47dfa3beab2e38e55f36204fd21fc7e168777d,7505d1f3b12ac6f0653708a0c45c8cd20607a0151a6c38d6b41579c948c292d7,2023-08-05 12:21:00,221,3.7064999999999997,6ad672b67402820a6551f45bb12965efb6a50c20cb3dc68d3ebbb9c5a8fa6b6a
rico,1,inner0_selection,b94eef784053fb4f7b4f,P1S61,P1S61:segment:0,69,60,60,60,bbba50c36f9a692992dae81ffe57dde2f562c91889bd624a1ea2e96306f4d113,f2376fc7e17216c2e26371bb029afd9a00bc5f06b7bf36693871b729b9a6595e,058915863cf68545a940d263ca1668a7665d734744713a0075ca100361e78db7,2023-08-05 16:29:00,221,3.7064999999999997,88039461bcd871492efd709b7d1ee197b193261ac599c82bf8d0cc96cd340524
rico,1,inner0_selection,26ab0ac92d2818aa5fa0,P1S62,P1S62:segment:0,87,60,60,60,0c90c6910212550f32e7e43488d06771f5ab259999d797135d4846f4cab0b0f5,ac278da8af42d50cbcd4d9a4c28cdf99eb2a8e230e503e71b3ce2c64d72c93a1,6c9230c5fe833142c053fe4c24fbb666a3ec2d3b9fa559ca7d946c993ef132a8,2023-08-05 20:47:00,221,3.7064999999999997,5966b76a68e0b64defe299820735f469c2ef035601bf49597e1fe3a3391e31d6
rico,1,inner0_selection,da70e0a3e3d8646acf70,P1S63,P1S63:segment:0,80,60,60,60,dfdef0cbf7e62739ef3c237838d8593d6ef0aedea496167cc321f04f24d4ae90,b9122868c183e2ab6a38361a97fb09c83f61459951cff689e1253d5aa7e6ecd1,f5afcd19480b92e32e2de4e8234d182fb9ffe23e7504595a5abe902e4f428162,2023-08-06 00:40:00,221,3.7064999999999997,83f7e6597ce806b1843e135f129178a799b7e0d0eee4b3bb37db12b057bed3a4
rico,1,inner0_selection,ed36fa29d6788be7faac,P1S64,P1S64:segment:0,78,60,60,60,73d1d650aee09694543e7365febfca9620b4e48cbd550e7eca1f6fa3161e0470,7e9c2a7c7389af5c29380144dda28b5b3c3c1fcf632e9454e793896442cef3b8,13012a94179a60df0f9ed7418f2aeab725313a08587b89d43776b03624ed7405,2023-08-06 04:38:00,221,3.7064999999999997,14aed85dcfbcc8303710c15429701cd667e61fc2081eb38d169a5017c84f3bee
rico,1,inner0_selection,383c85a9a99978f4bffc,P1S65,P1S65:segment:0,91,60,60,60,7c1a495969b328b97db5b1838ff7bfd85261e7721014b78ee7c82ec2a24ee22d,9844e610b67860464ff994731f16e8864cfcc2544c29787c08fa5bb05045a297,a6465f46657bcee234fd7bb4007d8188d96e1aa433d29a285d1b018e16e8081d,2023-08-06 08:51:00,221,3.7064999999999997,53fb4208e1bdf3272d0f8921dd96fdb3a4e2a3af566d7a702c516db38233acae
rico,1,inner0_selection,e8941061d7ffd24f1731,P1S67,P1S67:segment:0,81,60,60,60,131e0b9eb739fc7fea09c46d53803d282823f2d02c3ff146a653191b59a92245,8378e820eb974907e2b06bad13faca38cdef168839c5c365ed9004f6d4bf721a,85a270366b152748ac68e7e11625152b448a6a5ff07ec0a52c23c41840f87ff8,2023-08-06 16:41:00,221,3.7064999999999997,1852bdae1372c192be9731e3c10d899257c6700073b16478ed7c48be86b1a299
rico,1,inner0_selection,347b287ba3f731675f5b,P1S68,P1S68:segment:0,90,60,60,60,074147e64ebf0d27ec37df653e1d5eec1f86e283c52b403e54aa3b40a80aeb98,3c4c0916dd0d76ec75212ca14d85f5053c50e3b2c2eccdc069d250535023be2b,b50d090eef95c1e197654931b94a9bfd193a1322842c125a250cc84193c0a9d3,2023-08-06 20:50:00,221,3.7064999999999997,10da70520b9b6e9b5367c42b05b2a5f3986c3ff260268e40b4cf0babeedb2949
rico,1,inner0_selection,07f9402a9036995dd749,P1S69,P1S69:segment:0,77,60,60,60,b33910bbc0fdca70d3d8edfb018c2196a7c33653a560c606e51634a7bd1ce217,de38694175b6571ddc9bc68526b7ddb78a7c466e1d41091afe15bc7c5c8327f2,96a8ebb71c6a5771876b66f5ba98eb8fd6b945fceced5f8383c1e8bd5367434a,2023-08-07 00:37:00,221,3.7064999999999997,ac13b5fa780dc1e812cf88724623eb16ad2bb5a2baec637767b121ad102463e6
rico,1,inner0_selection,d1575e2dd0f39c9010f9,P1S70,P1S70:segment:0,60,60,60,60,527cf758c3d0fae67ae454795ea4283b48909e9fcde12b0f39cb473328d312c1,4ccc61c96eabcf526de4e556d842965edac1144504efb9c235417d1686064cd2,a792bb5015cd33ace2985679e1cc42e18f6ad817dc8e35c3a020839749565c3c,2023-08-07 04:20:00,221,3.7064999999999997,5fb9dd21acc1754e76c3c435779b56a32bac160e8b51a2ac2483ac49e3b5014c
rico,1,inner0_selection,603b54a9aed2e5dc53ca,P1S72,P1S72:segment:0,77,60,60,60,7a16b4cf556b23ed3c37331cda8a210a4893d43f50b7c00c11c29da9cd25076d,2e884419f66c2453f1906e2741a751482b6be8e130ff98b415e0e4dba883054a,aa3a3d694346f1e49a0f55b2186d7d25965d814ec3216646291e17d6824f1700,2023-08-07 12:37:00,221,3.7064999999999997,42385ebb2e6d22b68b681e1e903456e72d1dd48a22e8c7284335a5dd3f54a2ae
rico,1,inner0_selection,41fe7ac07004d1459614,P1S73,P1S73:segment:0,89,60,60,60,25edcb380aa434e9d8395cce0e33c11ff880bd04890a23501d687b4ec838c100,5ea5487c30354a6d36ea7d9de53aa300ae29b3ebe5069498564989c9fe1f5b5e,392e238315b8d0a40ebd5708c0366aa02a52e5782e2402eabf09fbb93edabdb9,2023-08-07 16:49:00,221,3.7064999999999997,e4c4f196782e5d8502360a6f0d991f8a9843dfdc03287775648e48c110f34ad1
rico,1,inner0_selection,8db1fe3bfe1737a0e72b,P1S74,P1S74:segment:0,86,60,60,60,d64aec236a4f8d87f508dd80e099a332f87cad645d97e0c33ac2c54c75427135,6dd66c42c80ba5aeaa9397cf97d0b7f0731f313edfbe8a408edd8b79d886ce8a,4e9ba39085c47e4a327ae9d5bf2e907a4bd6c4e96809e7fb34d99f9d998d8178,2023-08-07 20:46:00,221,3.7064999999999997,85ea2a269583ffe17a626a329ea999bb4e5bbeae7b05eb0c30c4f5d96ac6c75c
rico,1,inner0_selection,f762f03850cce51f6718,P1S75,P1S75:segment:0,98,60,60,60,6d5ddcb9a1e61e1dbea142803291e4c53f3bf5be988ccb6ab4fed183ebfd5cc4,9167230262e11e9c1726ee54bbb7cb854b7b36012e4e7881404f022e94095851,b89954f8f7040434e778379f2f3220cbaf06fac738563cb8f631f345d6e6e837,2023-08-08 00:58:00,221,3.7064999999999997,4f8490289ecfbad928892e28e6e223d0e379cdfe125a8ca46af422c33849c7fa
rico,1,inner0_selection,a70e2812b7ece218e23a,P1S76,P1S76:segment:0,79,60,60,60,312a29998fd144b7c2ebfbffae02f5a7093d7846c6f6e5d36a60fac732e33846,4087aaad25f1781adf6de9ae3d5f0473c3c76d4f3f34e6294eead51a3fe13cdf,67c5e27d74c625718aef880dda55267e83b992a8448d35399f6d89117ca2b21b,2023-08-08 04:39:00,221,3.7064999999999997,ae6be575822e5698f18c67fef00735612cb14ab9ae00dcf1d923c2ab2687e9fb
rico,1,inner0_selection,2e37b78a58ffd39c4e87,P1S77,P1S77:segment:0,64,60,60,60,bed64b47f6e4d828e399b7f6dbcf96fc1066e341354118360444a0689c7dbae8,7fddae87e6439d92c7f606b801c77ac88675558350464e100003234517e957a6,84b6f961f6d3acdccf9338b15f34aae199f614e07c53398245c5adfc5348ae71,2023-08-08 08:24:00,221,3.7064999999999997,eb88600f7cba074dac4e78aac94f964f8000f99299694b19fc6325ab206b7e18
rico,1,inner0_selection,253aac1f1660aff64a73,P1S78,P1S78:segment:0,66,60,60,60,27b48f0aa603204d0247a30a979826f803fc9807a0eea1139644196e891a9880,d4456c07651217c1a8d724d6b893bf46ff6af17522f4eb792f348bbb3d9788bc,03384936243e018dcaa221ae6a3340699b69a273b911bcaf8955c79e0bfe5f3c,2023-08-08 12:26:00,221,3.7064999999999997,aba3c445e0e922164e4819151a5d9856933117456959aac02217c2669e8259d9
rico,1,inner0_selection,526dddc84f97477307f8,P1S79,P1S79:segment:0,65,60,60,60,b762503524ccd4b8050f9b6028968cfdf86dc7ea3bc909fc99d85e483ad00e72,45cee61c97a7c100f3c412025255e35415b175551433b2737a1347bdd560067e,3fd4a8840f6f134f276bcabb85f0429199cda97b34c3434d0399a15686da7d8d,2023-08-08 16:25:00,221,3.7064999999999997,d531a38b3b7ee1d15cfef58303976d62b9d78d3a028c55219e9ebb9bb21dca9f
rico,1,inner0_selection,f3b0cc06c65a7d3b5490,P1S80,P1S80:segment:0,77,60,60,60,b1ad1291ffd670e68809665eda6f6727f2c9f9aec4dcdfbd23af82f69bf1d23a,724b77f7554bfc9325564d3f535a8da3ed7be7bfad596500b71bc917c825bf35,e91b09bb4938678062d0036fd4e3a078b3ab3fa9151b011fd955ea44197ce06d,2023-08-08 20:37:00,221,3.7064999999999997,26d804c2d769ec4e14a70efee17fdc7dd4acaacdc31ccf6cc18257a0defcc6cb
rico,1,inner0_selection,9e41d3f7e0e4e5e8d647,P1S81,P1S81:segment:0,98,60,60,60,6ef1317b12a22d137c9cd7e533951c04371a77516e783bdce2ef2e6e2fdabdd3,f98475bddfd9776164241434cf57c3d91a0e5f62bff8bad6cb15a12384f060c9,f098938112dfec97a2992d7cef8d3b3b1b3f9ec4640347572a3efd23de535f0b,2023-08-09 00:58:00,221,3.7064999999999997,7e118ca28494b7946e4ced4357bc39755a61be64341379c7c61c4bcbf44d8583
rico,1,inner0_selection,363cfdea10d65d748e1a,P1S82,P1S82:segment:0,70,60,60,60,f1a7add38ec52fff84090c11ebadaf01aa158fea9e15c8072dd4df22864ab3d7,40d2f849e2d2f36264c6be59dc26171f0b09f3d316dbd959b02687943bc5d313,182c26d1e41cd16db95a6a0329fe7793da6322e3ad3dd2f70d289dd657a92f35,2023-08-09 04:30:00,221,3.7064999999999997,67f0917ef1dc2146cb25a2f55d37a57d9729091d0c55c41da75f261579455958
rico,1,inner1_selection,2d3663c6c592c7cad806,P1S101,P1S101:segment:0,82,60,60,60,c1d5ef097bf4edec7dd5126f8ffb4d0cd920e46fbdd17937291b7484639552cf,f01fca270322f55f6d04ec9df8eb830e1c5bfe51a7e641c650807a8a088b0979,377e6d98099b5492026ed841d867a8de65310cc35702fa8b6be6e4f0c5cc632b,2023-08-12 08:42:00,221,4.151279999999995,2fc53f60cb81d84e36d9c0cc8de70a35b57aefc11f2227856cf57be8474996a4
rico,1,inner1_selection,4e38e18e320ed9155030,P1S83,P1S83:segment:0,86,60,60,60,85dd3b8640b7d393de8df252f5e2a672eacb4ac6c7480b31e9702bb71b1ba4da,30c5b0b4db75406f7d1eb547204b93ec4b7134f1433cf52c125cee48390317b7,22f37be65a4b1a4494f864e4b487907e27b8df85a4f44cb1241cf43d3bfa8c80,2023-08-09 08:46:00,221,4.151279999999995,3faf20c56628c530b572819429a6080dc1f7228f2a0d00080699e34bae053edd
rico,1,inner1_selection,d8d8f7e97faadf92852c,P1S85,P1S85:segment:0,73,60,60,60,2bc0ad823a4a195a1e14fc26dfb1c566c59ba9f787a456381e0b430a368e5b17,af23e509340e0773ca73aae4b67a66e33056c8b7758980e98ef1bb4f02ffd4b8,2f4b6fd8f24d47e9bce67d6a38be92bcb795fd37a491ebbf4d8401b7c97501c0,2023-08-09 16:33:00,221,4.151279999999995,f125f86d806f8086422fc89b9cc4d0dc021658cf0b2f388928d5bc614976958d
rico,1,inner1_selection,507b6e6db60ccab15f05,P1S86,P1S86:segment:0,98,60,60,60,6f66428d18cad6ceccf9df670970a8e0d7cf32498a2b717f2bb6d9b91f4569ff,57daa5590e6db93185bab2668dc34906c3eafe37c5d6d01054c30a693e81453e,ce5bc2d95c12960f0325a68328288fda6a0845f01ae32505f549d77b8eb53647,2023-08-09 20:58:00,221,4.151279999999995,6dd5cb55bb05e5d5ebc4c6d60551144d1ecce1da314c2828c82c3557ae9c5c34
rico,1,inner1_selection,4d9acb56294064ce8b93,P1S87,P1S87:segment:0,83,60,60,60,da5c5f69d4e96546696d563e2ec8bf934a15572209ef9145c1ce8db0afef1936,de37685ab1e77253f37f86d16d89f50df258c94aad7dc7405c8d0467ca9f5d9e,24175aa18aec7b7f12aa10f633a6290ed5b6ba09cc3bf4f894acc73b199590e6,2023-08-10 00:43:00,221,4.151279999999995,b2e318bd24fee93a9c157cb85756fe59f8b470a303bf6991cd83d01b56485a19
rico,1,inner1_selection,513062538ec4b0a1cdd0,P1S89,P1S89:segment:0,76,60,60,60,635fb507a37494d5986db82974fb2bba3a2fa72ec568d1e9ef6dbbe808138c7d,836922096dedd92906302e7095222d8c95d2bf8c87dda265d057fe61e1de404b,0118231998c064a3b0287dcf42188966527d2afdec168ccbb6ed953cf5a34bf8,2023-08-10 08:36:00,221,4.151279999999995,5a75b5cd14472d05831a6106869dfd9367cae3bf7054c2b58b90d1a4c96e3817
rico,1,inner1_selection,1d2b20725b0bf243128b,P1S91,P1S91:segment:0,82,60,60,60,3681617b7d903fe74b6455010777b710cbe035c5d65500aa8b5569d45da0057c,fe16403a13a413c8945e417a9f677eaad9e0e92b7f71245258cd9928fdab81db,c815b3cc751a756b81f1f449c08431a9cf9536699f3970f16bf589e3a44a44ec,2023-08-10 16:42:00,221,4.151279999999995,62870b3888b0dd5c8bef2e3c4ae347cb8cbd13b3c064cfd0d36ff5a247d6901e
rico,1,inner1_selection,284d53afed0c38b687ce,P1S92,P1S92:segment:0,70,60,60,60,ab5d5998013ef2bd52c2d007c8684e9dbc8bcdcd0ff8df451cdd1b333de942d0,83b1659577ee25ec155980a7b27b8fbfea1fa75cfdb36e165bd6c6e252e71a60,5c9ac168dd3d747858bf5adf05724bf3358b8dcc49179a5250a00183582de47e,2023-08-10 20:30:00,221,4.151279999999995,0a04915ec12f4142f9009a124a3d6e210ef2a566d53c1e443288ad90735eed71
rico,1,inner1_selection,f8ba70541ab5aebbad2d,P1S93,P1S93:segment:0,74,60,60,60,6c759c3d0375cb43011f1db260bd39d5c9172a02ba05eb5325bbb9086f944324,3f4fc661186676e75f44f2f684641c59786b5c8b5a64c0eca48533f6d48f73b7,cc9b1eb022f0489d177f824fd091f3c992d309cffa0bab397a5a8b600c85a4b7,2023-08-11 00:34:00,221,4.151279999999995,94ba0429f6bdebb18fcfb866cd926352a27d0bc8095a807a33c0805a2d06f52d
rico,1,inner1_selection,d9bfdb267e325c7a4c0a,P1S94,P1S94:segment:0,86,60,60,60,0c7d89cb20580f9b3360f90e0a47da8e197654fb787e71ebd4ada9f090e5fd79,3fdc1176fe81f99e955d1d592f9d480ea20e5a02480c8b5f17118710efe74267,f9e3e067f449f8803333d9a46b9e9f62ed8f5667cf0f6c5a571f6cbcc1efb3de,2023-08-11 04:46:00,221,4.151279999999995,b15353fe3737fe90d3ef353fb74c085fcf87930f15a0066b57cc49b787d1afcc
rico,1,inner1_selection,700b65a510de4206b933,P1S95,P1S95:segment:0,60,60,60,60,ae1d48ac17ff89b2f3dd940ae4e4c3d33e3d6966a6c33adfec8fa88363f23749,b92619f41776ba4a4a6be2330b26bfb2be524db61f0b79d5eb80aa7416e4a7d0,d644135ba4565f2069528f27441d40de43245c237421f045b2299fb26052d897,2023-08-11 08:20:00,221,4.151279999999995,a45e9c387ab4925c020d42dcd08054ab98bd64a98c1efe9423dfec6be67ce1a6
rico,1,inner1_selection,905d8d14da8f9defa989,P1S96,P1S96:segment:0,73,60,60,60,7032d93095706b97c534406f779fb9d4fff2f0105612dd2be85ad98a76b4faf6,ba219f485832cd6b88d2186a09112b973faba292a1af6981e4c36d3791ba9a7b,efda9c23b4ac77bff86e35b2c8f680feb1018bb1f84b99aa01874c359a41917f,2023-08-11 12:33:00,221,4.151279999999995,ff22aa7e88526c6f4e4af6499fdcc55acbc48954edc413ad5de19fa2eb58d585
rico,1,inner1_selection,a0bf335ded0febbb68fc,P1S98,P1S98:segment:0,89,60,60,60,abee0dbbcc731bb9f8d0b36246591d066536f64ac28611acb74494806ac9a7ed,1a517cedeb56f9f11d533f5c873ed351f76df7b8da8d1ccc8cfdcafe653ca756,7b18518ae8e3c3a342becf7435262a66c380efd9e8f0e1aea288d6f85f250e6e,2023-08-11 20:49:00,221,4.151279999999995,f72b0eea774e2dfb3ddecc731eebdc3bcefe33177939cf8e6cb4e84272da41d8
rico,1,inner1_selection,d82b11713e2bab23850a,P1S99,P1S99:segment:0,86,60,60,60,41613f1416112fb40fea9655e9cd1a363f340ecb6ec425acdda62e43e6519c5d,3feacb223b2ee782ab6b38ea9fc045377eb6f148079e96147072539e668767fb,213cb63c9bc199048464a1e2deaabcd8b51bf849b51c01c4a04e7c9a39f134ba,2023-08-12 00:46:00,221,4.151279999999995,86266513142536fa5c95dfac4dfb1ed59f5783b4b68bb801eaa945b263a5b304
rico,1,inner1_selection,8a6de6f7c1c8bedf2b42,P3S0,P3S0:segment:0,84,60,60,60,eb20d5e4e4304af265a3635b905b4fefa87b67c2eb2c6505b77f2830392980e9,3d81acf2bde5095d244ea2330c2247330680888fedf1cb1eaa8e72223771978c,354af35d506abd8099330c03b7b4cafab24042203d7f0e18c42806b0c2cad01f,2024-01-22 15:13:00,221,4.151279999999995,952cddcf61e6c8340545653b161871ef5a5ce8883e22a5b1c1524f2714f3f81c
rico,1,inner1_selection,c4b32c24d7fafd986824,P3S1,P3S1:segment:0,94,60,60,60,a9d69424e228b8bb786889365058259742112fb499083d8e86bcc9c59af4e3c2,aa7f614625f50aa3cc6d01a576aba148be5952204ede8153fc13a866476ce40c,4b7f1c9c6632b2f5421f227c672b1998aecae81b2089cb794f1e4f7e043d2f69,2024-01-23 07:23:00,221,4.151279999999995,3b4bece9d3031174b5957cfea962ab0dd39218656d25c8836adfdef6ac0562f2
rico,1,inner1_selection,6442bac678972de4f114,P3S2,P3S2:segment:0,87,60,60,60,497a414b8c6c2844d733f305c56eae6222986607b43ca7f8eb7ff7855f945465,b3d8e3b4edf6967b24bd5fe2d140356b614d721c46d58feef61381b961b5e4b7,a7eaa3cf744c95fe5e901c64cf4614f67b777b8549230f87563c808d6e2ecaa5,2024-01-23 23:16:00,221,4.151279999999995,defc3a88b11bb1b68a03a6db5a872c56dac942f10152a1555d8395a9e976383b
rico,1,inner1_selection,bffc7715dd800dd3b9df,P3S3,P3S3:segment:0,88,60,60,60,6ca95401f9fc4fc768b3202380349b6ab769821b9afbfa11f849aa7a97a56fd4,2cd5b6d52188bce237fd2503d516a5ff7e962ecec823aa19a4c1d2c441cc6c4d,90cff3a69e15179c87e886510edc9e628945fda50c2403bd04a47f20b10f5d29,2024-01-24 15:17:00,221,4.151279999999995,4445937ba3013431c8696e3422df30b629ebb1cb9109db0cef4b204372804252
rico,1,inner1_selection,bc4359fbdda364532a0c,P3S4,P3S4:segment:0,100,60,60,60,1edd07e331abff67cd5a0cd01c46167ce53b31ebcb2ab24e903469e42446acfb,e70d6c520e6e97119f487d704fbf842d28a105a13e701a463bd1b9adf279ec2f,d491938c546b3b4ec0fa2e74e7d8978759e03b1c75a6d425f351d221e6586f71,2024-01-25 07:29:00,221,4.151279999999995,a4eb6f18653698d7e72493c7405815821e7d3625318db35d76c44145cef0b50a
rico,1,inner1_selection,a6fea2b294cd7ed2fd56,P3S5,P3S5:segment:0,93,60,60,60,0cd39e5eb9c5dae53acfc9f8b0ef801e201b4afa4e3417d565a2c9c3e063a2ae,9fa7dc3617d20fadbee96017e6d27fdacd7b5d8281f8655d93b0a9bcd9c3f446,564b16f6d58963e4fcdaca5cf63c54d98950218ae30a57dd9c531aa293c20b5a,2024-01-25 23:22:00,221,4.151279999999995,f265c816ae4288a090900a4745bbd56f3e768ff96e73e185a82a2f47b3652a5a
rico,1,inner1_selection,663a2360f624778c4e54,P4S0,P4S0:segment:0,96,60,60,60,c7006312ce908e2afa550514cadcf051e1e8feee6ceb2450c91004e8b876c657,9a0a8ffb610040a40706ae4606584d7a874e9f63d50fba28b17e38ae50a7ac58,156402786655e2026c4b9d6db855c52305212e0c38395ab42eaa17b09c3882e3,2024-01-29 16:56:00,221,4.151279999999995,b2d144670cde8ba8e7b6a1ecc7231b81e328a72fed0c95fe6ee9daaceaf33614
rico,1,inner1_selection,bfbd5f2b09595e227b78,P4S1,P4S1:segment:0,89,60,60,60,9c9b543cdba9921ce689db708fbc84639ce10d05fa6c15252c6a982236cd32fd,8dd91eaf8f8171bebe425bc049a1539b51afc8098d06495b92850d33f8541116,77ec9a40f0f921105ee7e55ef94cf8585629141d7199a6f158276309ddf0b702,2024-01-29 20:49:00,221,4.151279999999995,d3a5cb1b095c22ef64ecf463309ceb73b0d9c2e388ab95eaed22c2d9c6e1d0f5
rico,1,inner1_selection,537fcc35e791a92cecf2,P4S2,P4S2:segment:0,82,60,60,60,a6a70b1733881ec5dbd9d7dd8578c4500d7b343968e38e2c389cbf8531185dbb,0799c42bcb435309e90ce4b0478c2d4f9bc1dbb94eddcd2fc8aea66f51175f50,24a035569b5258c1ad6415cd8226cc02e325f7dd6909dcca7eadc9f04646eea3,2024-01-30 00:42:00,221,4.151279999999995,fba1838adec9de72dfd0801f9d19863f2dc15c08f98c3dc540f4e38c033b258f
rico,1,outer_test,f5d5118b04785513d0e4,P4S35,P4S35:segment:0,98,60,60,60,a7ea8c328befe4c5f838665a463502a87ca730271565a5a32ce6e6366ee29680,7a7ba1b525e477ff9849804c9b4e43be0a7d831140f3f3dcbd958ac4877c93a8,fd25265465dbba1daa152e1e172892d7d0334d942e7928b36d2bca80289dcf39,2024-02-04 12:58:00,221,4.151280000000001,abd09278f301d17a4a0e8e89afc9b07f967a32be26aa85ead164f186665a8ad9
rico,1,outer_test,af8b636d3d340912e98e,P4S36,P4S36:segment:0,67,60,60,60,2eaef236826f86528440a69899136ef1c99fa90080df343fb3bbc889aa660aa8,a0c15210609baa8d4d82db9b49cccb9621dd337cfc7d66ac70fd2e6601ba98ae,d6b2ea8a62b467ce795033b8ccdea2b510d8ac4f8357bfc26533b65aef1a9410,2024-02-04 16:27:00,221,4.151280000000001,9425af62168dd48d47cd1c3ed4365fc766727bfc574e344cbc80819c90589538
rico,1,outer_test,35bed158f34fa7c57eb6,P4S37,P4S37:segment:0,74,60,60,60,3b5038cd9a4c8ab04c3c753e57e4fef28d5dac6b3b27cff48dbf85cc1f000a59,0764ef83366a296b6a022589b1873cbe6422cd0af9a8060abce3d42aa55320e5,98275e81a3eb11c14995909d8336b7ffeeadd4167ad1abf98c3e4d6dabdc99b4,2024-02-04 20:34:00,221,4.151280000000001,1397cf4d625350ef2b40377cb65050a864e97ac30e07dcd06a96ffe44d852096
rico,1,outer_test,5ab044d54484c8092f0c,P4S38,P4S38:segment:0,83,60,60,60,7704447f27667a85229d20b874bfac698dc2131b90485872e84b3bbe8ddbe9b5,5f4bb16f00f72a4ade7dd598c436ffd04a57572e9e4ed522ddf69b8f2266c650,58abbda55758bbf6e90db4a059a39ba4c827abe2c3c15dc67d2970b59c1b6d33,2024-02-05 00:43:00,221,4.151280000000001,11890fd0907b6f2ee4db8565c7ff55b7bd0bdc0fdeedada89d37eadd33db9ad1
rico,1,outer_test,be703b77e1b8d6cc2929,P4S39,P4S39:segment:0,89,60,60,60,17f5c9d3774e433875d609c2f296db809b3db8ea51442c051cbed0a441a7d0b8,01c667fd9f823e6603192a2dbd625ce38a68de60cf6f946dcfcfcc2493cb8993,52e06c78a2d3c3abb63208a4efd36b3bbf0a07a71a1d6c6a6741baa5e1d2789f,2024-02-05 04:49:00,221,4.151280000000001,2e1cf625fc97ff0c6e178f9d45d071d7801645d372fa1609b988b55342db6d22
rico,1,outer_test,50c2a2cac175868f31d9,P4S40,P4S40:segment:0,72,60,60,60,9dc0559d0796a4b812ef79116d83a45da1496023ca45ce373db2c453c2d8cf70,bf56bf09bf5084d79bc636c558dce77d29be61e34039d13d8055930341da4092,1cb389f72910da9af65ecc7e00b1e22358036e1f1a956f904b3d9805e47600a3,2024-02-05 08:32:00,221,4.151280000000001,4267653fe18d74f18b2cab322ca26e26bdfd9d073c7436411f72ee2dd17805f8
rico,1,outer_test,29a591d6719c9f3348cd,P4S41,P4S41:segment:0,85,60,60,60,c48babb384e9ca7b895931c6923f3e66feeee9766ee8e6cb5f39fd98a0fc194f,dfab4627626644614bac85b73632411ecf20c14b44bba778bad0d5c60a4a9212,184f86143c1182ff2f722d141b4348f03d2652b0412143b91308bd4399c9e04c,2024-02-05 12:45:00,221,4.151280000000001,93c8843dd9fb43aabc8bf27ea3d0549fe2a51a6bc492b46da4cd5714f6f00c8e
rico,1,outer_test,5b58ecc64ab4223c3fd1,P4S42,P4S42:segment:0,80,60,60,60,54489b56f5e1d5411c33ea0e1bc96cf94de6b381d20c90643b99ca1d8f5b4c55,514cbcb0e5a399d58c5c18d5a035f43b55faccbfc7bab79dcccbce58fd6a9040,a6608674ffe3bf3e5a36292afd7d62a50a81e57c8e0f1579a9ebcf9fd33f5091,2024-02-05 16:40:00,221,4.151280000000001,9439c7e602b1c1629bbe2d3997e72de26dc2c6b8fff049df7cd4552bfd5c5c60
rico,1,outer_test,456a84458cc3d82bf1b4,P4S43,P4S43:segment:0,96,60,60,60,2b4656cbdd4a6ca889bdf9c2ea18cd24e2495e0f04e8465391026ffb3e8e2a4a,141e2bb193da84a7525d46dc96fb07de5ccba962a501c3366d53512d6cd4ed27,c95d0eb7016d24ab6f456e71dc91f891cc69f3c93a3ca728eb9d275fa844af31,2024-02-05 20:56:00,221,4.151280000000001,33c9a0947e67a0bbb6d740269a0693391908750e97af28d201977e7c7bc85e3e
rico,1,outer_test,17fa3e74f637785f9d41,P4S44,P4S44:segment:0,95,60,60,60,ffc8780c715424f8df0f3b4ffefcc5f08d14d5630c224b55e37a7bf44ca42203,fced85289844a2b799835ac2e5151aeeb333199a98d0a5c24308d2aa65b7abb6,fccdb8540e6d7b8f43dcabfa40c11491ada74132803cefbc2051a81f22be76c2,2024-02-06 00:55:00,221,4.151280000000001,33c3748491c7891028bf5ff8334410377f1c65880f0ab13e11c8ea30bc959340
rico,1,outer_test,8213a8694d42f55ca6e9,P4S45,P4S45:segment:0,77,60,60,60,26365b5d3fb8568332f915c4b79b115cd57f05a74dce664f2ff933e6d1bc2dfc,1d532da46a335b288081ce40cc7d124afdf00ab394f6d08b0442a8c8114b5506,578b2331433ccd2b1e141e5c4936082bec5e0c50d26f0623ce5e6339994b1c9e,2024-02-06 04:37:00,221,4.151280000000001,26ca8d8c8927c5278474f97aea6262ff34b70dee6302e9c3fd1b8e3bbfa78005
rico,1,outer_test,d12cb877241060675cdc,P4S46,P4S46:segment:0,66,60,60,60,2bdea360b57dc2d56b0ac05e43ff04e310920999055ac09e6d8753b61c5c2694,6fa3b4ea9936670d0cc478504730199f3af95cfb9e63a6b0b491f2c1a1ddeeb9,f997085598c84b1759585beacdfd90ea06aad9bac7b99a559994fe6e72699a76,2024-02-06 08:26:00,221,4.151280000000001,0c1b8c46f5e584629052870a19610eeea7cd2b9a953e57da45c8e4390d8ee8ed
rico,1,outer_test,ede457fc526673d01035,P4S47,P4S47:segment:0,85,60,60,60,2dbc6bc2383a20a9f524853c8e10e971df8b770abf9e5df9bc7b5d96358cdd32,b13104c84cd22f691673960c61ba4ebc950daa2fdcd4602caf273ae37575baa2,46489b51fa95dba95145b76824a3ec6792bc64e4f00ff317cabad8284d00b6fa,2024-02-06 12:45:00,221,4.151280000000001,3bf064dc1dfc3440bd1895fd4c518f9e10c90e586b9fa7b00e975cdcaa3d1899
rico,1,outer_test,0285d665e21210523d7e,P4S48,P4S48:segment:0,94,60,60,60,2c79df88bc41b7240d4609632ae63cd258db2f572db418892cac6bc634abda6f,2632a1e6a81ca0d5d180e92971cb38da15f632131b2865f96deb0c6223474622,1da2ddcc5413385e58803161964abbf1b5babc5038b0143e18810ab4d6b8ea30,2024-02-06 16:54:00,221,4.151280000000001,d560bb1822da8a7c4d7a2b204df5481dcd4380eb9147dcd386fcdae32e84a347
rico,1,outer_test,658515d9d05144498cde,P4S49,P4S49:segment:0,69,60,60,60,bb46236384a6ed7b0fd5bb15cc1e3e86dc028b944a7f153d97d9b8aa67abd202,dfa45ab2529e779adfda1a81c179f4ca650b2f135faf94317c53aa36f1e3ee86,266023e0b470ae93c861dc941e320f2c1f8c57951789fb216bc59eda70d086f6,2024-02-06 20:29:00,221,4.151280000000001,9adb566d753dab79dfa6b2f5753aa4ca561bee986d996f1f19f022c89c3770f1
rico,1,outer_test,b2fe06bbe30f58221fbc,P4S50,P4S50:segment:0,88,60,60,60,778366db458d709a4d5ce8c61d2aeb137657d9dd9def4cd7f6f61ffb267ea577,07a7d36249f68a51f548834d8c03378ab1e3c7e2f6b4038e085c96f86c3979ca,14a089df8f44b7c9fa979d3778ea49f1dd673c750155eaac016543c6a09a6ef0,2024-02-07 00:48:00,221,4.151280000000001,10476503a433bb7acdc19dff0d9722e6578536d82c166e97a97e3966e9e1727e
rico,1,outer_test,b923918eb81f37292e0f,P4S51,P4S51:segment:0,61,60,60,60,11264de9d11b12558cbf1b13701073832bc3ba1d0bdd666fd21fd5a358ffe9b9,ce361579d4e1af97c3cbab34ea9b8235464a40b50b0ffe6b0687af02217c5e52,6ef0ea8ea72b14679c665e8f4664a8c13a1df708a7e3563696710e30c66566e3,2024-02-07 04:21:00,221,4.151280000000001,fc7d7a8cfecb741c598507dbce4b515b8a385c573a9de1efac44d60ae2ea74d9
rico,1,outer_test,01e2f641fb64685072ca,P4S52,P4S52:segment:0,95,60,60,60,98174565efafa0fc7aac7b359f76363eb8f30818d0bcafd3e90ac2eade244e52,4ad9b5ce292454f81c3fe8c9fb12839f8b258757ae0e12e7a9a2f0b847b824b0,7588974f1a5b610b55f619d7cc6daa93cf069cb4d09528f332efa743f8ac4220,2024-02-07 08:55:00,221,4.151280000000001,da46f3f0259d4c36c9283facfad6aa84603e218b920127196876a3148da7df18
rico,1,outer_test,4149f87cfee29050fde6,P4S53,P4S53:segment:0,86,60,60,60,d4130537a73736dd0101110a57ed30b000ed93e3a67778dcbc4e2fe0305e01bb,5913a62a6da9926349aefdb467d66f7728db1e9d7945b3899095ee03e8a7c9c2,db3dbdb42b222e64a5060fe8d04c1f993f4b9d1f5b2e1f3207017f751c338f03,2024-02-07 12:46:00,221,4.151280000000001,febe252dd25d24470c45eebdd41e2d19d4576a6a9635478521c2154ac6ea0564
rico,1,outer_test,db29321f9c44f6b3b06b,P4S54,P4S54:segment:0,64,60,60,60,2ced4ade002a9edfca71fbe4252e2bfc199ed41993ce26f412b8172c6405da3f,e2d32f0fac59261fd3beb23b8053520accde722dc18ebabd3cd35d82a357516f,5e0938b9bd92d6adec4de40f96773c241fe83855b7a53c30e63a78fbb45e3c86,2024-02-07 16:24:00,221,4.151280000000001,c8274acd32995d00ff6aa197caa0b7c12b89cab365d40880959cd9b156541070
rico,1,outer_test,bad4afd504711a8194c7,P4S55,P4S55:segment:0,67,60,60,60,20bd6edc472b65688190caef77267018b3ed3a9d1cd3717b15bd18215e0b62fe,bc4aef7c6ed92c2423f5465522754b7cdaef314579705d21b052a3d27837f5d0,2a629b81fc07e3463df5abfd6ce052fb789d561e9dc1831408342841de476adf,2024-02-07 20:27:00,221,4.151280000000001,2f4db854a30c9970e7428ba3a3ceb2a28847dcd7230ef3a47921534ba9a563a8
rico,1,outer_test,ede38c5594fd81d5aa9f,P4S56,P4S56:segment:0,66,60,60,60,764b02c3912b57e27ff717b1b8d64f23d28a2d638961e025eb8b0340c84bf0f7,e6f80149dc4564ce8431df99b0b0bf3c5cb90f49e69ba00ec5654b136e78ac34,5ead6825b8e77aba42e8905e9224a61916f0e8c830645ca31a52ac7b571d74d2,2024-02-08 00:26:00,221,4.151280000000001,bd39743ed459321990768b2ddf20fffc534d4d7fbfeaf07dce267e877fcc3295
rico,1,outer_test,cfec372f2238c40299f1,P4S57,P4S57:segment:0,64,60,60,60,5ab15c7b103e2cc1ab2422582d9c6da0f393f67c57a5702cd65a5db48978b19c,1e411be604a5678b7fead4be1b656c83b18eeb71e177030b7dd22393e75d8db7,7ca733a9a4171f50e4c543d15499876d697837433fb9140bc8fab42a642344d5,2024-02-08 04:24:00,221,4.151280000000001,f6e3aeecd3b9506f330aa37f48973020948bc6e5d6281275c235027b8912d55b
rico,1,outer_test,48b6fc337dc80cc34e28,P4S58,P4S58:segment:0,61,60,60,60,a23d61bb46d4b3e854e67740012fca169c0ed9a99a62a16c9807222c8d9daf50,9b740d1e399c051cfa4abe7b6c71bb916b879d535daa27591f36edbefad66091,b43de06bb69d14395b96352f349531394e24d9c4556c6cdb3946761f1fd15139,2024-02-08 08:21:00,221,4.151280000000001,f3b2e2e06ad7317c7c8474c1ad9a3aee50155f3d41bfe50e73e817eb1762aaa3
rico,1,outer_test,11094b8bba4e4057d1f2,P5S0,P5S0:segment:0,84,60,60,60,790e646b77fe46d8c5da4cbc7563d3563342ba7fee0d56994f77ba9b9a76b917,c30be014e945c4a5cc6de06dc4af79da01ccee1edc351cdfa44dd17d2bbeb288,1cbdc9dd51c3a19d9141d2027f470b673fdcfe975ff3b747e565e10912b30b6b,2024-05-08 08:44:00,221,4.151280000000001,a98f0089eb9dcf3d9ce6b192fae04daae84d8332b817461daa258cb22674a697
rico,1,outer_test,7b99e27aabc84376e132,P5S1,P5S1:segment:0,62,60,60,60,1e03b68499aa93fd8d1c0f03527eeec3470577452385a214be4a59ead582beb9,1dc05d3062f585b0f8ec1325b314a96034f1bd7d0736d1667643b63398844852,955f044d9cb6a03df09a0caa8b05640627e04483ea348794dd1ed06855b96815,2024-05-08 12:22:00,221,4.151280000000001,51ac9262c8c3276698119a767fa2f6a7546904ba12f98944edf40c1e60852df2
rico,1,outer_test,9ee174f52eac3d2b01ca,P5S10,P5S10:segment:0,83,60,60,60,614cd91cf82d4cb7e86f8910f0aeb2af2809474f1ef252ae178a3a21ee1b2b7d,ca215e28e91afbc6b05529c7573a7b13e933e139d938cfbe9cf43dc2d864a351,41a02e5cdc8db966f26e01d3c7889f02b64be3c9d266ec6257c78d8f916f5b0f,2024-05-10 00:43:00,221,4.151280000000001,5e5ff0b57089a47d1eb06270b849e2eaab0dbd6ecae91640d669e3241c530749
rico,1,outer_test,fdfc18b6fdb03a71f29e,P5S11,P5S11:segment:0,95,60,60,60,590cded67df704f57ec9c869f6cc8665bb597b5cb8b66ceccc73fa7cc3a43c9f,12ce6ce54f2e90aa80a9b2c259abe00dc1247e1bde2823c82b2c779df67f93f2,2879644d2b595f64e54b100ebf10eb9b714aacdb7e3bcb5fb21581c7717e9f22,2024-05-10 04:55:00,221,4.151280000000001,f86fa14b6a96e87a79a5702505864bab114881b98743fe9b877800523f6a6d7e
rico,1,outer_test,4e466fb1210498296d1e,P5S12,P5S12:segment:0,62,60,60,60,9ac52bbfb3ff1c2d4c23ed4d3b8d5b37fedb76d8e5832a72856408007105da19,848864b40d146096d7825b7891175a092b3751055a17c9a46a288f2bad1a0ab7,e9d074a580348c51c491858b443241c305b37582b92fb1bbfdb6fa3d2f76278c,2024-05-10 08:22:00,221,4.151280000000001,a92aac736168c6034a23eb15bcb717c06aea485a9393e36644f8bc7de5ff09c4
rico,1,outer_test,8a437bd83c36b50115f0,P5S13,P5S13:segment:0,89,60,60,60,08996a266590313f072d8dc6507adde202826853d849cc9fba4865bfb19fadd0,779dcb8d069a70cce2d3a0db67e273e196446006154c5faa82b4e4cd7cdf0660,b5b08e630427cd25208b7f8d9c1b983b08c8e772d56a8d2769d58a5445f08782,2024-05-10 12:49:00,221,4.151280000000001,5a7b7dcd926c8b6bc8cafc2ba301ce8f2c018b41c01c03801c393280f10a830a
rico,1,outer_test,24a2bdbab9f754efbe2c,P5S14,P5S14:segment:0,78,60,60,60,3d5b7db7f4f98a139718a56b1f3a18edd6fbe4f6f7b449aa61b5fdb6c4df13e4,2adef9db3f3b69b773194861214ce125e3b81be9e8844432b2428ef5910919bf,64f7f20acfdbbe0142d95c5b30cc6329fb74c5281798a9b3e0656886b0739287,2024-05-10 16:38:00,221,4.151280000000001,1f3517248c761f869e1cbb5f201663f7f0032f8603999beac546e467d3cf5755
rico,1,outer_test,717ed6a0bf1d5e2108f9,P5S15,P5S15:segment:0,74,60,60,60,d88d7d95e552e3129cbaf40bd1c5133c7c2b9eba0ea3a74f67e20873e6c7f626,f99931d1d890cb791776fef587d81aa19c8d4f6fa32a599dd72887100ccc12c0,b0cfb60a8d46acb197cc8361a4c0e311d182966d205b0c0bb00bdf356b727968,2024-05-10 20:34:00,221,4.151280000000001,3bfb4010818ec3105fa86dbf2adcf7e3bce35e40eed8e84a0e0d342c396afd80
rico,1,outer_test,d0dec4ad9dc900e4e227,P5S16,P5S16:segment:0,94,60,60,60,b2b5800b3654e741480366207ed3546c3f0b091fce1f78ec92a1293cc45d64e7,bf048063faf44ea2c8e7b0381839d39ea03df1aa67e70aa7552b9caa51265e77,09d19361131f7d7a066aa38a6e953c4663a7aeab7b1bfb1b9c1ae11ad87e0da7,2024-05-11 00:54:00,221,4.151280000000001,210c184720fefd8c604fe8cca3050926212a871a2926c174486f4129cf2dc59f
rico,1,outer_test,33efb8496b850609c3c2,P5S2,P5S2:segment:0,85,60,60,60,6c8c1f33882e52343790bdcb696cb9129e4e02cddb502c466f549d559746dfd9,d5884c26fa1d423dfcbc23e800e4de5b6a1aba0bcab22fc5ebe3fc4f600414d3,e2de3b8d9fd0fec9c6903541a3dfaa9a3f2fdecccc0afaea24e36b458acfc43c,2024-05-08 16:45:00,221,4.151280000000001,67b8f23c4df903f96db0832fcb26affea969bb203070fea0b8a412949b47b6b3
rico,1,outer_test,e8d7d538bfc830e610fc,P5S3,P5S3:segment:0,92,60,60,60,6afc1622996f17a406e78303c9df8413747d0f4b890b59d5b82b7b5b066440a2,d9b9c18664f05504f23fd2b6fbde961cacf52a8a1362bb6ba2710fbca270954a,a837d2e17371fd9eb10894af7343d72400d2fe5689547e1881f13f95108c210b,2024-05-08 20:52:00,221,4.151280000000001,66b0ec1d402161b28d63c1b09851e7d0e1c7812ad611a43990dc3782b5ab953e
rico,1,outer_test,503895787c824390573d,P5S4,P5S4:segment:0,72,60,60,60,c5be79d2b31690f1bac8d80d486cf25f69070725053ec71b12d116f443e7c46b,fdae58a5e1da59c8cfd644fd6ae335caba3ea386536c45fdc800d5adffe3d3e1,56364a1ddfc74bea166a00cb31d8070da45cb099a89c6d414623670a75524b2b,2024-05-09 00:32:00,221,4.151280000000001,63c31dca560ded89ac33ac0404c424c292c9cc334b30208935f4ead90012ada5
rico,1,outer_test,1e688d76afb7ceb1a96d,P5S5,P5S5:segment:0,87,60,60,60,d47c4b3c27a6bd097cb59e1722531b53664da5f75ed6a8f357a18bb0f84eebde,04f12e5acfb726e2a3e272e73f03616d78f66c3a2c2f1bf8e0b9760027d17e5f,778dc25b8781a11936924f80d5419a938607634ff5efb1be305643bf7fdbe4d0,2024-05-09 04:47:00,221,4.151280000000001,9810043c5d2ca8d2cfbc60b3b8506113e54201e9dceae89fe0ce907b6f767bfe
rico,1,outer_test,5ce6b24cf8c55918e3c4,P5S6,P5S6:segment:0,99,60,60,60,f435cd1691b7c2e450557d2c9280ca526a69d461bf3357bbe98d69495430fecb,c04075929229a57003f0df8228a0dd2a5888bb455c6a373125c546867a10bbba,6841c6efc7c140c3e10ce1556954b018d19dfe8c4d142434cb799a7c248dfa3d,2024-05-09 08:59:00,221,4.151280000000001,c701434a9ec73c359bd85a15169384db282fd20dc302a031dc70f9fcacae87d9
rico,1,outer_test,5dd345d3b5af2f9e2191,P5S7,P5S7:segment:0,71,60,60,60,8040966eb1791cd4398dbc3b1830262cea61224c4783156f8ff0172e069fc699,f84e8467716ae686db6059ae32b0dddef2a8c981d8085ccb1eeb1f4d88b7b38c,4f2e0d840c1b1b3b2ed900847162851a3540fed9f654b81fd4671fac1fa267b3,2024-05-09 12:31:00,221,4.151280000000001,bd7f06ab6986bceaaab19982f9fc26df7c076d9dd75deadf9a3b4b8beb1057d4
rico,1,outer_test,e9bba86a60867fc3f24c,P5S8,P5S8:segment:0,82,60,60,60,163214dac9685df555f71d6b799dfd0a25539bc11d423f7ff49dc7df555c0b52,d23cd9d0a05a064f4dea0bbdeeef3cab25fa31c23f5c429136616fd03ceed574,37ebdb1e3f713460c3dfde9142dc7b72583b758468bbc62e23339a17e2718ee5,2024-05-09 16:42:00,221,4.151280000000001,d46de095ad79496153bff2dd331face1bcc001267878aa4393105f5134aaac71
rico,1,outer_test,79bc597efbb12c160972,P5S9,P5S9:segment:0,60,60,60,60,221df8815a25371e75346a89a439c4d23b59e27bf9c43d0a995535e74e0cde6d,0b9cb3f0253f96507f134a90d580a620a647ab37ef90e1c3009f71b856fb1fea,b65558a893b77f9ee1e7748cf8ce4873d3f19e1f6d59ade494a8e1d777059b22,2024-05-09 20:20:00,221,4.151280000000001,597194247495efd25e30c2e418f08754eba42ef992b2c28a389cde261d8aceb8
rico,2,inner0_selection,9390814624da412f96a6,P1S40,P1S40:segment:0,95,60,60,60,7db2576d2350a24651243177d79d52863f5030b9ac592ec6a0e1a6fa7c46b2cc,6d321a55ed691bef803513576af017246158ff373b73ddec95d6c9793b01baf5,a00201d3190da94a0d6f31a7dce1c7f94b98ef687b1323ad992ef4e2963a0ca2,2023-08-02 04:55:00,221,6.523439999999997,e7eee1a5cb4d98105976a1bcad2246ed346c84e584e69793b534d660f21e1f31
rico,2,inner0_selection,3cdf24edbfbeecd177bf,P1S41,P1S41:segment:0,84,60,60,60,cde0e397ac513d144175c68be383b93a7d8b5f077ed1e1c9029066b3493fe23a,75b9b901fb301b5a712b1b377fa201c8c16d629a15d1803083b2343440b2c8da,608a8465323b8ab290ef5e0d4afcac6d8d8a34edf4daca26d4921bf234f056eb,2023-08-02 08:44:00,221,6.523439999999997,5a8b68f637586d436ebd804711f246d8454540b0ddbecb7a348859a2d1b0081b
rico,2,inner0_selection,36abe465052aecf6ca01,P1S42,P1S42:segment:0,61,60,60,60,37aeea131946da2a222fcbd2072340e995e7a95ecc51e4f0b60d82331cc41de5,f9307aae3c25d9afbd700cb619994415b23e732cae90210ac8f37de1382937d3,6998e87daf98ce2d30194f9e163bc56aa84933f9ec4c3f4ab25a0acbd96cae93,2023-08-02 12:21:00,221,6.523439999999997,62e34614fe06de0536d7e0c43f7dacb2b20fc7bf71b6d682ae774555fea8ba9c
rico,2,inner0_selection,58ab7f5513ddf8a284cc,P1S43,P1S43:segment:0,73,60,60,60,8d9c6809c2f6e10fa0e910f6833ba1a48e41efcffad60aca11cae00dd07eb5fa,f4a1d0f868c251efb6ed9d450c67e717a748f7359c7c4c1befb86336d49173da,b10ac273ee0f24bb546414550d581d9e8c37da9d4233287b031d7540627aaaeb,2023-08-02 16:33:00,221,6.523439999999997,55144738532df0343ab4772fada93fc1e81488d30cf59ee80080d95c2d20ba9a
rico,2,inner0_selection,f38f76c579bd1c00cb85,P1S44,P1S44:segment:0,72,60,60,60,292e41a56cfa91819160c7054a27fb3dc58cd9dd4fde2d181e74a40b0ae331a3,1fe38523803e709a350ce471467e95dc45180607b4a4976d83c93ccb6b0247f6,048d9f5d9e916a3aeb3400602596613ca3a3b703044177535694e07bdb1fec4d,2023-08-02 20:32:00,221,6.523439999999997,49fff2d9989852db820f3f1ee889543bbb93e12f5f87a4e0b7d313ddcd2e583c
rico,2,inner0_selection,77359c7f513dd14216ea,P1S45,P1S45:segment:0,65,60,60,60,fe34bf9436f41a9c5b2c56d0a2ad9831f40dc8c1f9fa6b436121da5466e88fd6,d9f535ea53b585183471e20a638a183768f6115352caf84ec58557872d032093,a663e38ffb5fa0d6e3a5e44358af936c37b19eb8b0a2c72e6d32239f6c2e2f54,2023-08-03 00:25:00,221,6.523439999999997,6a7e98dd6f1b5d93fa0545f41375287a5274fd1cf596a8b49299700d713f17b4
rico,2,inner0_selection,6930ff5ce4c03959dbd9,P1S46,P1S46:segment:0,96,60,60,60,c8297f986f18409baa511ffd782e4653bd639f360a2cb323debb822681d4df2a,fe868d3b89d8f5b801e1f3f21538020613911eda62cd67e5ac37976fa6280194,67ab26453169a4cc18d86be00df7474be4d7138ade703a0f81a6623dc7204ba1,2023-08-03 04:56:00,221,6.523439999999997,b8a1593df85ff73868601fae2b75f9062eb04e1e342ea4cba5bcaf87d9ad7f0c
rico,2,inner0_selection,ac3fb68c3e3b40e395f1,P1S47,P1S47:segment:0,99,60,60,60,0823ddaf39dfc0802fa22808dced7ec030e569eb2a4590e8d87123afd7d1bd35,678d69118662bd71cc72010f2b99ccae51ffed1c69afa5ce34a900534cd03b05,81b9abd9cc5d11da1c1fa30c0a848244b14850ce6742557429f70d07c3c44fc7,2023-08-03 08:59:00,221,6.523439999999997,9b1efc4b153aed9643cf83c5b188966131b3f3edb7e3e1e5b01c2802f3ca1fff
rico,2,inner0_selection,d1463d173c19d3e91fcd,P1S49,P1S49:segment:0,72,60,60,60,7b52da1c6238b22da35e9916b43fdcae8e28876827e9e44499f7ddaa019d8211,752b94c1a36dbb2e4f05d129de66725269f31776ae8c469227a221da554fae32,09553600d9d86dbacbec20edd367b2d2fcadb9aaac7896fa8c1b8ade9b5fc456,2023-08-03 16:32:00,221,6.523439999999997,e08574c9457373621b28d7c2aef3ecda72c6987775d83f20a8970cee648da44b
rico,2,inner0_selection,e9431547ca142bcfe521,P1S50,P1S50:segment:0,97,60,60,60,90cf86572f04b7485157fbee0d09b7237dc3112e4d24a04718b9be813525c869,a4a5026ac1e2498fc0a6c28d0847e78aba62d803c8645692643887a088809366,fd631f4a6fdc8b25effcec078f21a1ecae71ac76351f6782d881de297e33c92d,2023-08-03 20:57:00,221,6.523439999999997,5632a72125d4710c27ed440eb388ca7d8edd17a28632974704219a44fda6e9ef
rico,2,inner0_selection,d0d28a45f498582ae98a,P1S51,P1S51:segment:0,73,60,60,60,fcf2823f84698fe8ef9a257609a418833007b4294be81c5a0d21751db57afc26,0a47e94c4bb94732bcc52a1970e960f0611ad885c8cc55004543cda2c1a8560a,f593e4807bc762ea2757011b71390bf00bf95abe81725383533e4f9513e36878,2023-08-04 00:33:00,221,6.523439999999997,eafb891f7d0fe9b6713421191192dc623b495b8dfe6e995433155509438c0769
rico,2,inner0_selection,af20773d449d63827809,P1S52,P1S52:segment:0,62,60,60,60,37f7cc108d741742afc292f45ef7bcf4a88b09d318d603543df5f7d48cb83123,094f49828230ec190de133053350f24bc66fa56cae3154b00d300e788644a8d3,9237fbb1af6b5cae27b3fa661768db7bc564ae30ac125b60ff1cc3b148296e31,2023-08-04 04:22:00,221,6.523439999999997,1975a2de9ea18d1193d8a49de77090d7f04b31ea32ba3cdea900ab267f139d14
rico,2,inner0_selection,024140645197ee12ea58,P1S53,P1S53:segment:0,92,60,60,60,01662b575b2edab5143da70b46b382a83c69b4293993848d39bfaf6cfa659330,0549c2456f5f80a38217a492cd1a62a69d5d54959494df321481480ab44b3e49,21ddf4df9a5192ff83992cfa8b90ff5c73825634f8b6fa289d1076b86380e08f,2023-08-04 08:52:00,221,6.523439999999997,544e1fd2d897a07d13a58659824609ac3bb5678dcbeb3dc6f72aa42c77beabef
rico,2,inner0_selection,12fe46f36dcec978f2fd,P1S55,P1S55:segment:0,101,60,60,60,4f3c795dd470ca53c7c97c12da77eba1d645d735af2935c2865e4674b8a4bcda,955c0b2950f35dcf852f30affb8acc769413e752c107a5de083c6e7572436f41,34cfa22671c463955ffa5266d179eda145050482d9b278cc8359f477ec54912c,2023-08-04 17:01:00,221,6.523439999999997,996eb4343891e5471fa76a156ab86b85c2b79aeb18fb3cd4f8e53f015ae27008
rico,2,inner0_selection,90ebcd26dfbb0ab3f1ff,P1S56,P1S56:segment:0,80,60,60,60,ef0b3ee6fbacfc8e37a421924b79a0dee196e90b47b133f2aac5a42bf2c685d9,fd7fb6d9a7b6d7cf7f9298ff90c3ef885079fe8ecaa51d1bf9401bbc16c79f6d,bedab874e6d03bab6ffba10b13bfe9c8f9216422b0448a90cfea5d4d86b10912,2023-08-04 20:40:00,221,6.523439999999997,b96cc5aa2fd745242ea7f06d6d100eecbaa200c187130265594a8a2a1c3b226a
rico,2,inner1_selection,168b48098541c1d60488,P1S57,P1S57:segment:0,90,60,60,60,16daf493efb95fa3cdbd31cf7de43bef3fc11a370f1c3d4b7969507bbcfb782d,0e3d3ab15febc93463112d5a833462ab264ed3d03f7432c0c6f2f5274f1a46c5,bdc1eca024c332c3c5bc4e5ce9d4b137fff645bf3982dbf7d0aedc1d39f330c9,2023-08-05 00:50:00,221,3.7064999999999997,fe9c2c37055dbecccb9b8cfb6e7369d2974a646cb42fd875550e4969db6f1225
rico,2,inner1_selection,ec6a9eabd88ab050387b,P1S58,P1S58:segment:0,69,60,60,60,e62044c12fc39bc58ab97055008217cbaa5b41bcdd587bbbb001fb83f6652ab6,6cb9a1e6e884b26effef44c69f217c9753a02de4f6331258bbc03c28665d7734,092c5e4731b331d3a37e79ce13b89bdd3f560cdb6f00639fc79e2a5e148ba008,2023-08-05 04:29:00,221,3.7064999999999997,886be9633cb18834ac107dc46b60f4196fcc62e5785bff946b0f45e47875fe12
rico,2,inner1_selection,3da2e1902bd3f9630798,P1S59,P1S59:segment:0,83,60,60,60,d5c128a8112df6064b2a9af70cbae067ef2a401a04a173d830206cbd8d18a3a8,a7397eefb8aa5c82249b96b4c14a22bc302fec186d575d2214877654f0883053,f84e1887ef75930145619fa8e713bc300c54234ef26ba16f0dd2e10184dfc295,2023-08-05 08:43:00,221,3.7064999999999997,339ee19825ce7483099d8ac4e114ea57895af6b37bdf20b9192f2a5aa99159a3
rico,2,inner1_selection,c27964469aaabaa7a206,P1S60,P1S60:segment:0,77,60,60,60,46dd82d0df7706e8fa5d1300d0a3d49305f45c094587c5b3440d690044f05a8b,d3c5d1914b37ef13099ba6502b47dfa3beab2e38e55f36204fd21fc7e168777d,9d693efd1c287ec76f1f55383d16327820e50f735dc04dbd7a307dce63e4ccc7,2023-08-05 12:37:00,221,3.7064999999999997,6ad672b67402820a6551f45bb12965efb6a50c20cb3dc68d3ebbb9c5a8fa6b6a
rico,2,inner1_selection,ad506030b6817eb9d1fb,P1S61,P1S61:segment:0,97,60,60,60,bbba50c36f9a692992dae81ffe57dde2f562c91889bd624a1ea2e96306f4d113,f2376fc7e17216c2e26371bb029afd9a00bc5f06b7bf36693871b729b9a6595e,1d677f6b4dfa210f11f167dc43b48a5410787b58aa46734707275d0267cde371,2023-08-05 16:57:00,221,3.7064999999999997,88039461bcd871492efd709b7d1ee197b193261ac599c82bf8d0cc96cd340524
rico,2,inner1_selection,f18e2daeec3231079712,P1S62,P1S62:segment:0,65,60,60,60,0c90c6910212550f32e7e43488d06771f5ab259999d797135d4846f4cab0b0f5,ac278da8af42d50cbcd4d9a4c28cdf99eb2a8e230e503e71b3ce2c64d72c93a1,f4525d893fa157e8511494f914200360f2a0a4a5b923ff5ae9a673927297c70b,2023-08-05 20:25:00,221,3.7064999999999997,5966b76a68e0b64defe299820735f469c2ef035601bf49597e1fe3a3391e31d6
rico,2,inner1_selection,6125e2344f1a379d260f,P1S63,P1S63:segment:0,69,60,60,60,dfdef0cbf7e62739ef3c237838d8593d6ef0aedea496167cc321f04f24d4ae90,b9122868c183e2ab6a38361a97fb09c83f61459951cff689e1253d5aa7e6ecd1,d04d8119f6f19142faaf17047bdec6503324752fc9cd2be98537b4a9ff677321,2023-08-06 00:29:00,221,3.7064999999999997,83f7e6597ce806b1843e135f129178a799b7e0d0eee4b3bb37db12b057bed3a4
rico,2,inner1_selection,99fb66bf022d84f4e321,P1S64,P1S64:segment:0,77,60,60,60,73d1d650aee09694543e7365febfca9620b4e48cbd550e7eca1f6fa3161e0470,7e9c2a7c7389af5c29380144dda28b5b3c3c1fcf632e9454e793896442cef3b8,f8bab4346e34fe4b7ea0aeb0a808e39be99dbb2e677be958f8852a7b6dde16ee,2023-08-06 04:37:00,221,3.7064999999999997,14aed85dcfbcc8303710c15429701cd667e61fc2081eb38d169a5017c84f3bee
rico,2,inner1_selection,cef0100c5cf681024f7f,P1S65,P1S65:segment:0,69,60,60,60,7c1a495969b328b97db5b1838ff7bfd85261e7721014b78ee7c82ec2a24ee22d,9844e610b67860464ff994731f16e8864cfcc2544c29787c08fa5bb05045a297,a49df659f11338319bf0d1cdec88fcc9a89c76f81f2ae7ac3784f55a3450e5ef,2023-08-06 08:29:00,221,3.7064999999999997,53fb4208e1bdf3272d0f8921dd96fdb3a4e2a3af566d7a702c516db38233acae
rico,2,inner1_selection,ddf82083c423a527965b,P1S67,P1S67:segment:0,83,60,60,60,131e0b9eb739fc7fea09c46d53803d282823f2d02c3ff146a653191b59a92245,8378e820eb974907e2b06bad13faca38cdef168839c5c365ed9004f6d4bf721a,1fa898945b1e75d99ac86a9c4561492025fb40fa7cc565b26bf3420e4c10a8c3,2023-08-06 16:43:00,221,3.7064999999999997,1852bdae1372c192be9731e3c10d899257c6700073b16478ed7c48be86b1a299
rico,2,inner1_selection,54cdd9d8d9d8ab5300da,P1S68,P1S68:segment:0,89,60,60,60,074147e64ebf0d27ec37df653e1d5eec1f86e283c52b403e54aa3b40a80aeb98,3c4c0916dd0d76ec75212ca14d85f5053c50e3b2c2eccdc069d250535023be2b,554565d10c0bdc9df6ec7333927d1fd90c8d16902d5c5d8abd387fd94e7cf9d6,2023-08-06 20:49:00,221,3.7064999999999997,10da70520b9b6e9b5367c42b05b2a5f3986c3ff260268e40b4cf0babeedb2949
rico,2,inner1_selection,873be4655794a8eba177,P1S69,P1S69:segment:0,80,60,60,60,b33910bbc0fdca70d3d8edfb018c2196a7c33653a560c606e51634a7bd1ce217,de38694175b6571ddc9bc68526b7ddb78a7c466e1d41091afe15bc7c5c8327f2,81c3007e993ed0fb6f590049d1d8f1c0336bdcc23171a93a96a884724f61d00b,2023-08-07 00:40:00,221,3.7064999999999997,ac13b5fa780dc1e812cf88724623eb16ad2bb5a2baec637767b121ad102463e6
rico,2,inner1_selection,71b459d3fa1536a1283c,P1S70,P1S70:segment:0,88,60,60,60,527cf758c3d0fae67ae454795ea4283b48909e9fcde12b0f39cb473328d312c1,4ccc61c96eabcf526de4e556d842965edac1144504efb9c235417d1686064cd2,239076d650adbd7a62d2a343bf8911a42b84e3096601dd579ec5e5c442791841,2023-08-07 04:48:00,221,3.7064999999999997,5fb9dd21acc1754e76c3c435779b56a32bac160e8b51a2ac2483ac49e3b5014c
rico,2,inner1_selection,8152d9aebd0348af0889,P1S72,P1S72:segment:0,80,60,60,60,7a16b4cf556b23ed3c37331cda8a210a4893d43f50b7c00c11c29da9cd25076d,2e884419f66c2453f1906e2741a751482b6be8e130ff98b415e0e4dba883054a,73b7370eecadcc9a7ea41ceddca1f8ee6fd2f74362271c5e0cc8b96fa8fffb6a,2023-08-07 12:40:00,221,3.7064999999999997,42385ebb2e6d22b68b681e1e903456e72d1dd48a22e8c7284335a5dd3f54a2ae
rico,2,inner1_selection,5302ab2b2cc2a10c2bc6,P1S73,P1S73:segment:0,100,60,60,60,25edcb380aa434e9d8395cce0e33c11ff880bd04890a23501d687b4ec838c100,5ea5487c30354a6d36ea7d9de53aa300ae29b3ebe5069498564989c9fe1f5b5e,a5636ca34fd4030dc4a9b53ebb582f54fcdffb27cb64df2b51376667efa41ea6,2023-08-07 17:00:00,221,3.7064999999999997,e4c4f196782e5d8502360a6f0d991f8a9843dfdc03287775648e48c110f34ad1
rico,2,inner1_selection,48f32fd519c038ed037e,P1S74,P1S74:segment:0,67,60,60,60,d64aec236a4f8d87f508dd80e099a332f87cad645d97e0c33ac2c54c75427135,6dd66c42c80ba5aeaa9397cf97d0b7f0731f313edfbe8a408edd8b79d886ce8a,583b8897ad2e2b46e21055c854f2b3badecddbdb972819dc2057ce72cef4679b,2023-08-07 20:27:00,221,3.7064999999999997,85ea2a269583ffe17a626a329ea999bb4e5bbeae7b05eb0c30c4f5d96ac6c75c
rico,2,outer_test,148776351a7ade1173cd,P1S101,P1S101:segment:0,87,60,60,60,c1d5ef097bf4edec7dd5126f8ffb4d0cd920e46fbdd17937291b7484639552cf,f01fca270322f55f6d04ec9df8eb830e1c5bfe51a7e641c650807a8a088b0979,38bd6dd62062a1b2ec6e22d10f9f1dc4bd06f6b78d49e1333e1c28f401dfbe50,2023-08-12 08:47:00,221,3.8547599999999966,2fc53f60cb81d84e36d9c0cc8de70a35b57aefc11f2227856cf57be8474996a4
rico,2,outer_test,cd9f325f3165809cd461,P3S0,P3S0:segment:0,100,60,60,60,eb20d5e4e4304af265a3635b905b4fefa87b67c2eb2c6505b77f2830392980e9,3d81acf2bde5095d244ea2330c2247330680888fedf1cb1eaa8e72223771978c,844a1bc9245a472b39127e1b8192975a0250b558bed0af137d1d57afdce1f036,2024-01-22 15:29:00,221,3.8547599999999966,952cddcf61e6c8340545653b161871ef5a5ce8883e22a5b1c1524f2714f3f81c
rico,2,outer_test,43b4c14c76ec13af70b9,P3S1,P3S1:segment:0,85,60,60,60,a9d69424e228b8bb786889365058259742112fb499083d8e86bcc9c59af4e3c2,aa7f614625f50aa3cc6d01a576aba148be5952204ede8153fc13a866476ce40c,ad0faffed20ab487075d3b02f3f0385eb8221cfcfe7e6a7d82aa8b840c82833b,2024-01-23 07:14:00,221,3.8547599999999966,3b4bece9d3031174b5957cfea962ab0dd39218656d25c8836adfdef6ac0562f2
rico,2,outer_test,5489ab032285edb2fd2e,P3S2,P3S2:segment:0,67,60,60,60,497a414b8c6c2844d733f305c56eae6222986607b43ca7f8eb7ff7855f945465,b3d8e3b4edf6967b24bd5fe2d140356b614d721c46d58feef61381b961b5e4b7,eb7969617cc377bac17b5743f0235a4770a731de53122f9af250ea83f3fec169,2024-01-23 22:56:00,221,3.8547599999999966,defc3a88b11bb1b68a03a6db5a872c56dac942f10152a1555d8395a9e976383b
rico,2,outer_test,f8599e6333bd6983410f,P3S3,P3S3:segment:0,71,60,60,60,6ca95401f9fc4fc768b3202380349b6ab769821b9afbfa11f849aa7a97a56fd4,2cd5b6d52188bce237fd2503d516a5ff7e962ecec823aa19a4c1d2c441cc6c4d,26de75f38c2e2cbb4f9879dda2e47eaf750de0508769e6af650407f03357bd31,2024-01-24 15:00:00,221,3.8547599999999966,4445937ba3013431c8696e3422df30b629ebb1cb9109db0cef4b204372804252
rico,2,outer_test,d81148a88844793ae7f3,P3S4,P3S4:segment:0,73,60,60,60,1edd07e331abff67cd5a0cd01c46167ce53b31ebcb2ab24e903469e42446acfb,e70d6c520e6e97119f487d704fbf842d28a105a13e701a463bd1b9adf279ec2f,d203154dae930f1cf47caf4ec126596feab604cf0f29fad1378f9b15dd6742d3,2024-01-25 07:02:00,221,3.8547599999999966,a4eb6f18653698d7e72493c7405815821e7d3625318db35d76c44145cef0b50a
rico,2,outer_test,4acd127dbba5bc2efe14,P3S5,P3S5:segment:0,91,60,60,60,0cd39e5eb9c5dae53acfc9f8b0ef801e201b4afa4e3417d565a2c9c3e063a2ae,9fa7dc3617d20fadbee96017e6d27fdacd7b5d8281f8655d93b0a9bcd9c3f446,8b6b7ba9149845501743f6564ea448377eadb2b1424d48557d220677481ee57a,2024-01-25 23:20:00,221,3.8547599999999966,f265c816ae4288a090900a4745bbd56f3e768ff96e73e185a82a2f47b3652a5a
rico,2,outer_test,9c0f3313166d696ab43e,P4S0,P4S0:segment:0,77,60,60,60,c7006312ce908e2afa550514cadcf051e1e8feee6ceb2450c91004e8b876c657,9a0a8ffb610040a40706ae4606584d7a874e9f63d50fba28b17e38ae50a7ac58,fd2421596b0fb5cd21db44d78c84e8d7df04318055eacd1aadaa42c5f8ef4ff7,2024-01-29 16:37:00,221,3.8547599999999966,b2d144670cde8ba8e7b6a1ecc7231b81e328a72fed0c95fe6ee9daaceaf33614
rico,2,outer_test,a5caa4f25fcbc1a9f972,P4S1,P4S1:segment:0,90,60,60,60,9c9b543cdba9921ce689db708fbc84639ce10d05fa6c15252c6a982236cd32fd,8dd91eaf8f8171bebe425bc049a1539b51afc8098d06495b92850d33f8541116,9545e11810fa3111125720e34ddaa93ddda0df435f21eb7de9ab4a6409c9dc0a,2024-01-29 20:50:00,221,3.8547599999999966,d3a5cb1b095c22ef64ecf463309ceb73b0d9c2e388ab95eaed22c2d9c6e1d0f5
rico,2,outer_test,cac990a1c204dbcd4f16,P4S10,P4S10:segment:0,72,60,60,60,d8c6a999cec833d2dff77546021178711ffe8e046c391bb25dcd58fa28396136,cee7e21ac5619e97c378cb37f7727443375eab8c43e747155487ae19eae14687,ddd2d0c4f0274fba18cd1111a1066185b985642384f4a0574da18c6b87432bf8,2024-01-31 08:32:00,221,3.8547599999999966,1151e8fee19cc7351a3a17b48dcebc64e3cd29ce0089151e0d6e9a246446c348
rico,2,outer_test,eb18704d05f9f6e48e61,P4S11,P4S11:segment:0,86,60,60,60,3c897145d28ba2abbbbf61b41feaf92f5a842270a66c41fc091e9a1bca09d925,a3c935b493365f8da1f1572ac0112c363ce1aef600e77d7241257d917f9d71a1,bb62ff7b17afbbfbbe248814b25ad1dbdeaaff746b106043c914f5dbd7849a3f,2024-01-31 12:46:00,221,3.8547599999999966,74e7d96a3c46eb3a6a26adbb496e2588144e17d209966f566d293e2f27f70381
rico,2,outer_test,623f9c2bc86945fb1710,P4S12,P4S12:segment:0,76,60,60,60,1cba7932c0aa5dda7ed852a2f478d92300536bce7bbaff96c8813de64b4ae138,2f9011552d3c9cb75c9340794c17d3bc902f03b8cfe91a6ffceba3d21d49e2eb,c0bfdd255e62abc5863a7cabc6ffb64b23c783eca1c2a2284d4666c97cc2b196,2024-01-31 16:36:00,221,3.8547599999999966,da57b23bc6e380ffb0db106df847890b179fc78b38afcfafcff7d3c7849f10a7
rico,2,outer_test,3f943b988e3954ad0600,P4S13,P4S13:segment:0,60,60,60,60,8f49ad1f27296042f24dd5c9d3865a1e536cad4560826ec55d1aa1f86bb8f864,25bfd2798ace1eb40a5f70a77c663eeb7d6258ca230aa6b2ada575f8ae06f82d,bb351a3f653d4b81fb15763dbf2814d868f6a0a8be2bb9bfb3168f9c1772994c,2024-01-31 20:20:00,221,3.8547599999999966,d4f91a7d90b2bf85171ad297ce478f1d15a481205d4f36f5cc92625df94bd134
rico,2,outer_test,78ee205f71e1c79ae8c2,P4S14,P4S14:segment:0,98,60,60,60,a04c47c19866ec443a5f0ef3621525e6330cb2dd111251d864f8341965b5cd4b,cda22f05d1108cf22c2accb14a80a1f8c8f218291c697cd9eebeb7849167ed2f,0f2761771db5218f57cc4b8c351756a800f6ed2d63f90c4e4f811ee923223614,2024-02-01 00:58:00,221,3.8547599999999966,33749be44780f4fd198bf038a39a2a9a64ff5c4aabeba2f71c97415825a2ec8f
rico,2,outer_test,9ffbcd0aa04e498d784e,P4S15,P4S15:segment:0,82,60,60,60,4c7aaf0cf9d4d8028b8b2f4e7a049cdefb296e1501c105ac7e91b27173d259a5,1aaef40c78284fd4d28a8f78101d2d733d1ad00560338e2fcc72d98a8cbee329,a8f9223a6b40969893cba562f2e474c86ec14c663234ddc44751f1805deb37f9,2024-02-01 04:42:00,221,3.8547599999999966,902335b8b22580ee7f5960ca54293739989aeb4b1b0509d9d7181ee9a8b5ddb0
rico,2,outer_test,faf6ee161f6c8c851a69,P4S16,P4S16:segment:0,62,60,60,60,f17b667b150a9646793ddda37b5ab22c255f7829e9926c1ce841ee74d735f78c,835e1302668525bed18cdd0b341265e8a460b1180c9d3d85e72cce9ce8b6f717,612a03ff2f7a8826234e3bfdeaef3e1ed81d560c0a8ad547dbdbfc339dc5a818,2024-02-01 08:22:00,221,3.8547599999999966,8ae2ea316e8bd6b754cc6e0e556a98af20e34ff18108436adc124a43c5cb1a06
rico,2,outer_test,b2efb6f3fd16d62c089d,P4S17,P4S17:segment:0,89,60,60,60,7e850ba0c84a95f61cfb82050f50e10082c221263bbac3802cfd02a1b35ddfb8,cc9926c88c4f27bab571c971a9575bd750408a4468412ca7e7d470c04d119baa,9c995d7ad4ae36980b055c7e4d87b5706e2367bb08fa33bd853c9446b261622d,2024-02-01 12:49:00,221,3.8547599999999966,e57028f4d99e5b2507fe05b80c921583e8d70f25863389acdcd6efb104a5d0bb
rico,2,outer_test,3a11041eefd1a90f579e,P4S18,P4S18:segment:0,96,60,60,60,1642be135620d76c0a1a893030287000b2ee0553f8335f86067162abe72aea91,f7973c509d714ec562e3c9a1c57b7245ad687b4079a03196c28dfa46a6c8ce75,1ad8fc41d71c77a48fad432f84ce4d56738707f7eb983a1ac407025d154fc62a,2024-02-01 16:56:00,221,3.8547599999999966,f1da32f2ddd0b76749b7212450e8f5305f33ae249141f2ced6786aa0574558eb
rico,2,outer_test,0a709843d64e4da94da7,P4S19,P4S19:segment:0,72,60,60,60,8c9942bd85621bdf75ec6a7283fc61a54cac7c7bda3ffefa5f357e51d81aaf42,ca0c5b8f4f74a58f677c1008aca5dcdabfc9288a96d5dd1f91e89c63237d35b0,89ed762ee97874f7ad137bc9ad17ef511143a1c4aa255036de28f87fb38803f9,2024-02-01 20:32:00,221,3.8547599999999966,03e5094093dbc526e9bfae7bdd297175c5cb2078a96305c0fe57c683050ab626
rico,2,outer_test,cc7b0ab7ebb8ce6e279f,P4S2,P4S2:segment:0,68,60,60,60,a6a70b1733881ec5dbd9d7dd8578c4500d7b343968e38e2c389cbf8531185dbb,0799c42bcb435309e90ce4b0478c2d4f9bc1dbb94eddcd2fc8aea66f51175f50,fd6070f87ee9096295453a374429ef0f1bea0b7cad4ffe20dcd96dccee38155e,2024-01-30 00:28:00,221,3.8547599999999966,fba1838adec9de72dfd0801f9d19863f2dc15c08f98c3dc540f4e38c033b258f
rico,2,outer_test,7f7dc45c2f412470cbf7,P4S20,P4S20:segment:0,72,60,60,60,f885dff42d06c7e8e2b67d88c34548698dc79c7b6aacb108652e94e8b21948c4,4dba3181be0e5b9ca515ef89f46685fe72d123aa3209859f8968cce0efca4b87,dbefa27de9164fede2ae3d181bda271fdb97815b7d1616ce231d68240437728a,2024-02-02 00:32:00,221,3.8547599999999966,8a514a292a0841579c8b9dc8a43f2334d730633a7e52eba31f53e277dd0f1140
rico,2,outer_test,ecfd7edf877039dcb0e2,P4S21,P4S21:segment:0,76,60,60,60,baf5c9aefe6231b9daa25d4d7e4148232f6328219cce193ceb211578cf81807f,4d413aa330436fdd714a1b52622d5b787bc116d17e8025fb837cc8307ea2e5e0,6b2cff215cec816e359da0f94c244233888f82f38a2898eaf4779b2109567b81,2024-02-02 04:36:00,221,3.8547599999999966,bcabb434947b6e487f017f0a8ea2642ad9e41be82c6b7233a31fcab1428921ec
rico,2,outer_test,96d34a880d7b39fcff8f,P4S22,P4S22:segment:0,71,60,60,60,59b531d375e1bc7604e85c6d872018702e8b78fa5c5f8200c402ff8e38d4eee2,05284c16e1ee448cfe6271dadad46a8fa4e76ca41926cc138b9b6b9d7a8b4970,11ca00cf3f2fcd294056c5f1ae8756fa309701c14925260daf4a4bfb18ec2f99,2024-02-02 08:31:00,221,3.8547599999999966,188f456d0ab7d21da462eb057806619c34370deccd8eee24e3f9059fa0f11421
rico,2,outer_test,e172328f7247aee7b461,P4S23,P4S23:segment:0,66,60,60,60,10f3bf2b1fd92d78b878978bc8a3385a547f2a92b58d9be0a619bf2f65d12a33,65d5d48b7ee7b88500e34da92534615902be4ce8609738b7a503bd678c525075,0b3f252424536b6ee8534a5d720a254b8b311f95579ea7bb24678fef78efab74,2024-02-02 12:26:00,221,3.8547599999999966,7e495985acb4158ba0cf943a1d195319daf4a932f7dab94a0dce3b0a08dc7072
rico,2,outer_test,3748f6b719b696f5e662,P4S24,P4S24:segment:0,95,60,60,60,0362546c284bf2c1b36aa34214f59916ac74bf0b0fa5398f14a2b816affa1a16,adf233d21efff624e2f0e5b3a3946bc0fd3979f0367270e088a335fc7e00ba83,3b6b40d2d641a5bfca69304f01e99e558541cb7bf77f63e9bc541d20fb234efd,2024-02-02 16:55:00,221,3.8547599999999966,401f017521aa8441e64749ea8e2203fa0ce09ce635341f26acaec854eb7604c2
rico,2,outer_test,d23aeb7bf9f94038c08d,P4S25,P4S25:segment:0,81,60,60,60,4b12c11e0a2571d153dc4a887d4c5026572cc354070210d2e071aed7a9251024,c2575242db622ca04bc0e0cf71092a272d6760d3cb3754026cfca90bad1ef1bd,91ae17a413e65a51aa418a90b05fc3ac3760591c64a763c717a5b3d1fdf4b990,2024-02-02 20:41:00,221,3.8547599999999966,6b6c586d4c386f3204e1074d3bc80723ab1e1cd79c52866cb0356545d68704e0
rico,2,outer_test,529ef29e03bfbcf1ff4d,P4S26,P4S26:segment:0,98,60,60,60,ff5bbc78d2a0d39e220c85c22d9801999bef51e20ff0d73a5b949be1c8e79a88,2f44280a9a56fd163755fe685284375f3e589bc45e91fdad8b78f633fdc2c9ac,e0cc95247ebfb7d9f86c5e2cba493cd5fdac26c23020ca70565772c3e99a54bc,2024-02-03 00:58:00,221,3.8547599999999966,cc5c571e0619f8ad06328f796258d457229f4ea93a564b807e11947be776db1b
rico,2,outer_test,d5c881db3c59a1fcefb4,P4S27,P4S27:segment:0,86,60,60,60,c13b1aed63c4d632ea598f94cc67856af585658db6ecfa2afc23df42bb158161,cceecb503e062b13106cbc6f26afdc7544146f4eb6f119f9b95f112d1ae20310,0471dc7037d3c6985653e68c94a34d0c353e98e76e127f941d1f0fa9b64da5ab,2024-02-03 04:46:00,221,3.8547599999999966,61042ba35f98600250ca92c67990aa16da21ce65873a13be5b5422907eab4796
rico,2,outer_test,8f8a03b02f991e7d99dd,P4S28,P4S28:segment:0,100,60,60,60,ddcd46606fac736c977fbc9ed4e43fb9423addd957fea4bb5c211d73d1d5c05c,8e33b0d39eaed029b71fcbd0a79f0e0c324924afba169e949f47f930efbd3ddc,73f299ca1a026f23818cd15adffd69560b3af64763a9925850b45ba0ba763ec7,2024-02-03 09:00:00,221,3.8547599999999966,44d3c25b3e777864cb6f5200acc7a864dc7d4d4f98d9a7b05f3248aba24e453d
rico,2,outer_test,7862a85aa9802c677011,P4S29,P4S29:segment:0,84,60,60,60,dba98a37fc94d4bccaf2f3e711614eeb5524b4413881092fc5ee5f8f688e2ac4,84afabd5e15ea0ab7ae8e6491d172c707b7c20fae3e3720331bfde46bd04ce1b,55df983fbef475349214c3daac8596928604061f1e43fcf91fb15aaacbef7e1b,2024-02-03 12:44:00,221,3.8547599999999966,760a27343eabdd8021b17cfad7db92d359ec203ad78e0de596ba307562c9cb32
rico,2,outer_test,f8b68c41694638ec444e,P4S3,P4S3:segment:0,97,60,60,60,543fcd72de5db6bfbf2009de358dceb6cc3d2c29566997cf72e566baa4f41eac,b18ed51c69d38f675fbe1e738e6942e5f2ffa0e3e612d06417349f7b5f38bd47,8a8d6d41c10321f4a1bd96d2ccf0ceb58737d825ea04db39b01e2badde46732e,2024-01-30 04:57:00,221,3.8547599999999966,72900a72febbc7152a27834fbf15b0fca2f66d158a5e0498eabb6c92ef586f66
rico,2,outer_test,515fdb12661338138141,P4S30,P4S30:segment:0,68,60,60,60,b3c4b92fe5cced815972f5b623844e969e316495adc5779631d6b42d1b3668eb,dd7e36de5ff5069243f7f0b76ad7d7b0dc748c65eb41096a8a73a8c511be23d4,34f898651db3550de3887496ac9411b1fbebd2fc2055dd09775cb1fb7cbbd55d,2024-02-03 16:28:00,221,3.8547599999999966,8e4fd085316aae9972fe72d6600088bdc74c9e61076a2cdbb74cba2991c7569d
rico,2,outer_test,d6bacd71ff39a7dca71e,P4S31,P4S31:segment:0,92,60,60,60,fd5cc7e5b379bb10cc2713a2e6234443e6296e564f665e4fe8fd1016cef9e458,be0b4fc9909b19e35dc0ef049ac1d990e782079c4a43a3f8273ccedb78c8b1dd,391eaa5810449f4f8c6b4b3b4142c14bdd2063252bbece9e0633d8a37010c969,2024-02-03 20:52:00,221,3.8547599999999966,28892e25d7d931563364a00672d6325509c2010ef298bfba22d603944da6ad8b
rico,2,outer_test,b0ed66d833ca9f357276,P4S32,P4S32:segment:0,83,60,60,60,9eb4ad1e085e0e64c118fcf0e5b614eb2ad7df6f6c4174fe66d54c29e455ecf8,16a0aa2f65f88835260aea46058a92987feefc1e3a89ff02dd42fc73bf7a79a4,aa252999b33188755760b7ea2e405d23a4902578f7e22ece76edbf217f0e61b4,2024-02-04 00:43:00,221,3.8547599999999966,308c51c1ff48ec3a59bde23a894b0d0a1a83cd504676428fa0c83011f1494fbf
rico,2,outer_test,c4a4480f2bb7d5a20e9a,P4S33,P4S33:segment:0,62,60,60,60,8c30925574e383029688ff122d94d9a5c41fc31e55d7e74213ea0d73653eea31,3882850bda06790df6aa6090f231099307dbe1bbef1ba347aa6c645cd1f47b34,ca1b0f29b3d3d77b28773685d33920d67cf1a6c6c250739327912b5995e9f3f0,2024-02-04 04:22:00,221,3.8547599999999966,8536933b7fb0f40673c56481fb85d6da2b6c9fda678597b5d6c346bf482f697c
rico,2,outer_test,83f6c99e367cad923ed5,P4S34,P4S34:segment:0,94,60,60,60,4c7b78be4d204c6af61320e8924484aed6ed666bf7c1ceaafcacb73f3c4fc363,6a908fee0165bbc7e0d7a41b3865146a4ab433049ceb34e3ee27922c35e64187,6d55504e9dfdf520d07684e47dd01eac7e4cd0d5ba4aeeeba507af463f97c6b4,2024-02-04 08:54:00,221,3.8547599999999966,54cd2cb00c8fbc7e6dbca1fb495418256b9ca9460b8585b5cd47cff5680116e4
rico,2,outer_test,7e9c7912b114ef1e6403,P4S5,P4S5:segment:0,83,60,60,60,f59695837a097927e9515e55682505e0089f202d512b02c0d191f9fc9fa98628,21fe50dff6d804f19399b1e6846f91e7b15639a559508a529000c2caf87b3e9c,779de47fc97ae281e4f92ed8f768615c7cf5bcd7e25a44649972d7b78796cab8,2024-01-30 12:43:00,221,3.8547599999999966,4d9dff58e9676e26a0aa960ff078fe1fa70efb9f9d6cd28f28471b26099f1040
rico,2,outer_test,ef34680758519e012852,P4S6,P4S6:segment:0,77,60,60,60,820496ea3344a767e258873c151c882de195cd24aed88892b7d61e000efb7e66,0fe1b4b9fb88ef690e4ac194bb18a0c3eed4f30d4b1215689daea4a11460c3f9,f499d4736123bd3a11d0b998085733e9de9c5ceb7d564c6e33620d9e7e61466a,2024-01-30 16:37:00,221,3.8547599999999966,2dc8c95579e2c7eecafc62d3cf103117ab7ce3b1fdaa9edfb88330fcc0588f62
rico,2,outer_test,cc0d25c9b21a14e8dc73,P4S7,P4S7:segment:0,64,60,60,60,175add70a8881fcf6892194a7ebbcfbedce07124bd3ef39d6b4b32042b5f6286,8d7a3aa90d9b49f0bca7cb787821f7f94ac076a96d472ba86830d78e96f068b5,40f81bd02c2e50c20a2594ccd13e4be7fa7e619aee0b2a9c8dca8b60993a32e1,2024-01-30 20:24:00,221,3.8547599999999966,33f7c108a0e486d5a6128bd4f02fdc19900b17c3c5d3d25df8e719c6bf438f30
rico,2,outer_test,807b68329b276663243e,P4S8,P4S8:segment:0,87,60,60,60,4bf774bcf7d299adedf5b976bb726a5227cc225dda49126614cb59d9d9c67ecb,5ef384b32d2395259c91abed8c6b6f25e449be48670098d01999058f041a3d27,3d3bd59dcdea2fe6b587fa27e2b6839d90440e97b59d1a339bb9a423ac6364d1,2024-01-31 00:47:00,221,3.8547599999999966,b10bee5e08c3f31b2a7ea0e0a031f6c48d6a5c9c94a67b45f0c379ed91da13e8
rico,2,outer_test,6e392e82ea6f85d84bc2,P4S9,P4S9:segment:0,93,60,60,60,3c6a0b86055b24b03fccadc3b8a40a488c105836ed7e1954f9f0cd3691e2dde7,47c9f46359ee5964a8d7e8af50a38e7bb67634b0e36e8b79053226932b6efce5,a70a7c8bfd2c9070ec42be36b5881a1cac32bd5126388100e84ac6365d00db32,2024-01-31 04:53:00,221,3.8547599999999966,a57e4531e5bb8cf19bb9eacb5cce6617c577757e1af48f4fc4be266e410d6e9b
