dataset,horizon,outer_fold,model_seed,target_units,physical_minutes,source_run,source_hash,protocol_hash,new_batch_unit,model,nominal_level,groups,aggregation,mae,coverage,mpiw,winkler,root_mean_group_mse
rico,5,2,42,degrees C,5,smart_building_conformal/outputs/matched_forecasting005/rico_h5_f2_s42_v2,cd907183301a189ddfcc195774dad58c8fa07d5b326d2ac29cf3636383dc681e,fcd243df8728f29a5ddeaa179aaa67eaffcd023ef5f5e0019e33c99af69c918c,False,persistence,0.9,41,equal original group diagnostic; distinct from pooled,0.07447077772664519,0.9282098481362173,0.3999999999999986,0.6013345605154169,0.12451008457023499
rico,5,2,42,degrees C,5,smart_building_conformal/outputs/matched_forecasting005/rico_h5_f2_s42_v2,cd907183301a189ddfcc195774dad58c8fa07d5b326d2ac29cf3636383dc681e,fcd243df8728f29a5ddeaa179aaa67eaffcd023ef5f5e0019e33c99af69c918c,False,persistence,0.95,41,equal original group diagnostic; distinct from pooled,0.07447077772664519,0.9723884031293143,0.6000000000000014,0.7808559595029918,0.12451008457023499
rico,5,2,42,degrees C,5,smart_building_conformal/outputs/matched_forecasting005/rico_h5_f2_s42_v2,cd907183301a189ddfcc195774dad58c8fa07d5b326d2ac29cf3636383dc681e,fcd243df8728f29a5ddeaa179aaa67eaffcd023ef5f5e0019e33c99af69c918c,False,xgboost,0.9,41,equal original group diagnostic; distinct from pooled,0.24349519415380103,0.5679935572940635,0.3424011230468764,2.8665838047594567,0.41148572415493
rico,5,2,42,degrees C,5,smart_building_conformal/outputs/matched_forecasting005/rico_h5_f2_s42_v2,cd907183301a189ddfcc195774dad58c8fa07d5b326d2ac29cf3636383dc681e,fcd243df8728f29a5ddeaa179aaa67eaffcd023ef5f5e0019e33c99af69c918c,False,xgboost,0.95,41,equal original group diagnostic; distinct from pooled,0.24349519415380103,0.7346985734008283,0.5625030517578153,4.111477070934352,0.41148572415493
rico,5,2,42,degrees C,5,smart_building_conformal/outputs/matched_forecasting005/rico_h5_f2_s42_v2,cd907183301a189ddfcc195774dad58c8fa07d5b326d2ac29cf3636383dc681e,fcd243df8728f29a5ddeaa179aaa67eaffcd023ef5f5e0019e33c99af69c918c,False,attention_lstm,0.9,41,equal original group diagnostic; distinct from pooled,2.2230605132449237,0.16682006442705938,1.3618728637695339,33.32642641677539,2.702293397046354
rico,5,2,42,degrees C,5,smart_building_conformal/outputs/matched_forecasting005/rico_h5_f2_s42_v2,cd907183301a189ddfcc195774dad58c8fa07d5b326d2ac29cf3636383dc681e,fcd243df8728f29a5ddeaa179aaa67eaffcd023ef5f5e0019e33c99af69c918c,False,attention_lstm,0.95,41,equal original group diagnostic; distinct from pooled,2.2230605132449237,0.18810400368154623,1.5061462402343724,63.06255947732726,2.702293397046354
bdg2,1,2,42,kWh per hour,60,smart_building_conformal/outputs/matched_forecasting005/bdg2_h1_f2_s42_v2,cd907183301a189ddfcc195774dad58c8fa07d5b326d2ac29cf3636383dc681e,dddadb59c5972ba0474291c8081e54c3173f4957c52de269cdc336d78fbf546e,False,persistence,0.9,10,equal original group diagnostic; distinct from pooled,20.947362168612568,0.8952452136359262,115.80600000000075,207.12505286318105,41.61243200970418
bdg2,1,2,42,kWh per hour,60,smart_building_conformal/outputs/matched_forecasting005/bdg2_h1_f2_s42_v2,cd907183301a189ddfcc195774dad58c8fa07d5b326d2ac29cf3636383dc681e,dddadb59c5972ba0474291c8081e54c3173f4957c52de269cdc336d78fbf546e,False,persistence,0.95,10,equal original group diagnostic; distinct from pooled,20.947362168612568,0.9469343110949577,165.40000000000003,273.3481909816455,41.61243200970418
bdg2,1,2,42,kWh per hour,60,smart_building_conformal/outputs/matched_forecasting005/bdg2_h1_f2_s42_v2,cd907183301a189ddfcc195774dad58c8fa07d5b326d2ac29cf3636383dc681e,dddadb59c5972ba0474291c8081e54c3173f4957c52de269cdc336d78fbf546e,False,xgboost,0.9,10,equal original group diagnostic; distinct from pooled,17.72403989658674,0.9040519097352135,93.58798510742191,171.92185993404215,34.90839734920384
bdg2,1,2,42,kWh per hour,60,smart_building_conformal/outputs/matched_forecasting005/bdg2_h1_f2_s42_v2,cd907183301a189ddfcc195774dad58c8fa07d5b326d2ac29cf3636383dc681e,dddadb59c5972ba0474291c8081e54c3173f4957c52de269cdc336d78fbf546e,False,xgboost,0.95,10,equal original group diagnostic; distinct from pooled,17.72403989658674,0.9479981185927929,135.84407348632817,232.2860576907479,34.90839734920384
bdg2,1,2,42,kWh per hour,60,smart_building_conformal/outputs/matched_forecasting005/bdg2_h1_f2_s42_v2,cd907183301a189ddfcc195774dad58c8fa07d5b326d2ac29cf3636383dc681e,dddadb59c5972ba0474291c8081e54c3173f4957c52de269cdc336d78fbf546e,False,attention_lstm,0.9,10,equal original group diagnostic; distinct from pooled,19.17439084292692,0.9028720536201055,98.60187109374942,176.33132778285625,35.98317113227494
bdg2,1,2,42,kWh per hour,60,smart_building_conformal/outputs/matched_forecasting005/bdg2_h1_f2_s42_v2,cd907183301a189ddfcc195774dad58c8fa07d5b326d2ac29cf3636383dc681e,dddadb59c5972ba0474291c8081e54c3173f4957c52de269cdc336d78fbf546e,False,attention_lstm,0.95,10,equal original group diagnostic; distinct from pooled,19.17439084292692,0.9497822912546635,141.03879687500006,236.6738109731648,35.98317113227494
pleia,1,0,42,degrees C,10,smart_building_conformal/outputs/model_comparison_pilot_v1/runs/pilot_v1_20260913,965ff02d8cb67183210632bfbc3a2251c430a2b027b8b44d87df356fd19e3d71,af29d2340427f043c605f777e54389bc86ccbb44c9630aba57964536d0845ce3,False,persistence,0.9,1,equal original group diagnostic; distinct from pooled,0.20377510850913494,0.9204602806096699,1.0,1.5598061976380337,0.3274649132433441
pleia,1,0,42,degrees C,10,smart_building_conformal/outputs/model_comparison_pilot_v1/runs/pilot_v1_20260913,965ff02d8cb67183210632bfbc3a2251c430a2b027b8b44d87df356fd19e3d71,af29d2340427f043c605f777e54389bc86ccbb44c9630aba57964536d0845ce3,False,persistence,0.95,1,equal original group diagnostic; distinct from pooled,0.20377510850913494,0.9596245079236904,1.3999999999999984,1.9842333703442006,0.3274649132433441
pleia,1,0,42,degrees C,10,smart_building_conformal/outputs/model_comparison_pilot_v1/runs/pilot_v1_20260913,965ff02d8cb67183210632bfbc3a2251c430a2b027b8b44d87df356fd19e3d71,af29d2340427f043c605f777e54389bc86ccbb44c9630aba57964536d0845ce3,False,xgboost,0.9,1,equal original group diagnostic; distinct from pooled,0.2445261592639736,0.8871504996467144,0.995648193359372,1.6334668737927278,0.353309709615502
pleia,1,0,42,degrees C,10,smart_building_conformal/outputs/model_comparison_pilot_v1/runs/pilot_v1_20260913,965ff02d8cb67183210632bfbc3a2251c430a2b027b8b44d87df356fd19e3d71,af29d2340427f043c605f777e54389bc86ccbb44c9630aba57964536d0845ce3,False,xgboost,0.95,1,equal original group diagnostic; distinct from pooled,0.2445261592639736,0.9363076612496215,1.271244812011716,2.076633822016679,0.353309709615502
pleia,1,0,42,degrees C,10,smart_building_conformal/outputs/model_comparison_pilot_v1/runs/pilot_v1_20260913,965ff02d8cb67183210632bfbc3a2251c430a2b027b8b44d87df356fd19e3d71,af29d2340427f043c605f777e54389bc86ccbb44c9630aba57964536d0845ce3,False,attention_lstm,0.9,1,equal original group diagnostic; distinct from pooled,0.3610993958751694,0.8724134450388614,1.3804168701171875,2.17718302860647,0.48662172202262477
pleia,1,0,42,degrees C,10,smart_building_conformal/outputs/model_comparison_pilot_v1/runs/pilot_v1_20260913,965ff02d8cb67183210632bfbc3a2251c430a2b027b8b44d87df356fd19e3d71,af29d2340427f043c605f777e54389bc86ccbb44c9630aba57964536d0845ce3,False,attention_lstm,0.95,1,equal original group diagnostic; distinct from pooled,0.3610993958751694,0.9227818714040578,1.668119812011717,2.6856906025660225,0.48662172202262477
pleia,3,0,42,degrees C,30,smart_building_conformal/outputs/model_comparison_pilot_v1/runs/pilot_v1_20260913,965ff02d8cb67183210632bfbc3a2251c430a2b027b8b44d87df356fd19e3d71,af29d2340427f043c605f777e54389bc86ccbb44c9630aba57964536d0845ce3,False,persistence,0.9,1,equal original group diagnostic; distinct from pooled,0.3773493489451903,0.892702129807207,1.6000000000000016,2.9449076410618753,0.6099061114818022
pleia,3,0,42,degrees C,30,smart_building_conformal/outputs/model_comparison_pilot_v1/runs/pilot_v1_20260913,965ff02d8cb67183210632bfbc3a2251c430a2b027b8b44d87df356fd19e3d71,af29d2340427f043c605f777e54389bc86ccbb44c9630aba57964536d0845ce3,False,persistence,0.95,1,equal original group diagnostic; distinct from pooled,0.3773493489451903,0.9417583526799232,2.200000000000003,3.825517310992226,0.6099061114818022
pleia,3,0,42,degrees C,30,smart_building_conformal/outputs/model_comparison_pilot_v1/runs/pilot_v1_20260913,965ff02d8cb67183210632bfbc3a2251c430a2b027b8b44d87df356fd19e3d71,af29d2340427f043c605f777e54389bc86ccbb44c9630aba57964536d0845ce3,False,xgboost,0.9,1,equal original group diagnostic; distinct from pooled,0.5612760152419208,0.765721207227213,1.5938430786132753,3.4326886047012195,0.7298684172914721
pleia,3,0,42,degrees C,30,smart_building_conformal/outputs/model_comparison_pilot_v1/runs/pilot_v1_20260913,965ff02d8cb67183210632bfbc3a2251c430a2b027b8b44d87df356fd19e3d71,af29d2340427f043c605f777e54389bc86ccbb44c9630aba57964536d0845ce3,False,xgboost,0.95,1,equal original group diagnostic; distinct from pooled,0.5612760152419208,0.8802866659937418,2.0759643554687486,4.1207628417426605,0.7298684172914721
pleia,3,0,42,degrees C,30,smart_building_conformal/outputs/model_comparison_pilot_v1/runs/pilot_v1_20260913,965ff02d8cb67183210632bfbc3a2251c430a2b027b8b44d87df356fd19e3d71,af29d2340427f043c605f777e54389bc86ccbb44c9630aba57964536d0845ce3,False,attention_lstm,0.9,1,equal original group diagnostic; distinct from pooled,0.6531397834824808,0.8210356313717574,2.101978302001953,4.057245998242025,0.8792127260205383
pleia,3,0,42,degrees C,30,smart_building_conformal/outputs/model_comparison_pilot_v1/runs/pilot_v1_20260913,965ff02d8cb67183210632bfbc3a2251c430a2b027b8b44d87df356fd19e3d71,af29d2340427f043c605f777e54389bc86ccbb44c9630aba57964536d0845ce3,False,attention_lstm,0.95,1,equal original group diagnostic; distinct from pooled,0.6531397834824808,0.8970424952054104,2.6310157775878906,5.088480114130626,0.8792127260205383
pleia,6,0,42,degrees C,60,smart_building_conformal/outputs/model_comparison_pilot_v1/runs/pilot_v1_20260913,965ff02d8cb67183210632bfbc3a2251c430a2b027b8b44d87df356fd19e3d71,af29d2340427f043c605f777e54389bc86ccbb44c9630aba57964536d0845ce3,False,persistence,0.9,1,equal original group diagnostic; distinct from pooled,0.5481174926819421,0.8939133945694964,2.3999999999999986,4.21992530533966,0.8776005350395164
pleia,6,0,42,degrees C,60,smart_building_conformal/outputs/model_comparison_pilot_v1/runs/pilot_v1_20260913,965ff02d8cb67183210632bfbc3a2251c430a2b027b8b44d87df356fd19e3d71,af29d2340427f043c605f777e54389bc86ccbb44c9630aba57964536d0845ce3,False,persistence,0.95,1,equal original group diagnostic; distinct from pooled,0.5481174926819421,0.9402442717270617,3.1999999999999957,5.547431109316643,0.8776005350395164
pleia,6,0,42,degrees C,60,smart_building_conformal/outputs/model_comparison_pilot_v1/runs/pilot_v1_20260913,965ff02d8cb67183210632bfbc3a2251c430a2b027b8b44d87df356fd19e3d71,af29d2340427f043c605f777e54389bc86ccbb44c9630aba57964536d0845ce3,False,xgboost,0.9,1,equal original group diagnostic; distinct from pooled,0.758970369165909,0.7753103865953366,2.269615936279294,4.437111560624776,0.9858096215899382
pleia,6,0,42,degrees C,60,smart_building_conformal/outputs/model_comparison_pilot_v1/runs/pilot_v1_20260913,965ff02d8cb67183210632bfbc3a2251c430a2b027b8b44d87df356fd19e3d71,af29d2340427f043c605f777e54389bc86ccbb44c9630aba57964536d0845ce3,False,xgboost,0.95,1,equal original group diagnostic; distinct from pooled,0.758970369165909,0.8819016856767942,2.7935714721679688,5.371068596178097,0.9858096215899382
pleia,6,0,42,degrees C,60,smart_building_conformal/outputs/model_comparison_pilot_v1/runs/pilot_v1_20260913,965ff02d8cb67183210632bfbc3a2251c430a2b027b8b44d87df356fd19e3d71,af29d2340427f043c605f777e54389bc86ccbb44c9630aba57964536d0845ce3,False,attention_lstm,0.9,1,equal original group diagnostic; distinct from pooled,1.246394193931727,0.7191884526092662,3.29086532592774,7.819547741644378,1.5676521183221808
pleia,6,0,42,degrees C,60,smart_building_conformal/outputs/model_comparison_pilot_v1/runs/pilot_v1_20260913,965ff02d8cb67183210632bfbc3a2251c430a2b027b8b44d87df356fd19e3d71,af29d2340427f043c605f777e54389bc86ccbb44c9630aba57964536d0845ce3,False,attention_lstm,0.95,1,equal original group diagnostic; distinct from pooled,1.246394193931727,0.8073079640658121,3.9118721008300814,10.048865994197067,1.5676521183221808
pleia_energy,1,0,42,kWh per 10 minutes,10,smart_building_conformal/outputs/matched_forecasting005/pleia_energy_h1_f0_s42_v1,7335d436f6e4f8c2144de372e8817d036bae216426c157f5bbdc1eb921927955,4e6c91f9f835e0f37ebf21e4de23c4f65c9911d42d933912d0ce4fbf7500a4c3,False,persistence,0.9,1,equal original group diagnostic; distinct from pooled,0.14425096503178927,0.9570087798970632,1.015625,2.194871770612574,3.4973458927613192
pleia_energy,1,0,42,kWh per 10 minutes,10,smart_building_conformal/outputs/matched_forecasting005/pleia_energy_h1_f0_s42_v1,7335d436f6e4f8c2144de372e8817d036bae216426c157f5bbdc1eb921927955,4e6c91f9f835e0f37ebf21e4de23c4f65c9911d42d933912d0ce4fbf7500a4c3,False,persistence,0.95,1,equal original group diagnostic; distinct from pooled,0.14425096503178927,0.9754768392370572,1.234375,3.452844320819455,3.4973458927613192
pleia_energy,1,0,42,kWh per 10 minutes,10,smart_building_conformal/outputs/matched_forecasting005/pleia_energy_h1_f0_s42_v1,7335d436f6e4f8c2144de372e8817d036bae216426c157f5bbdc1eb921927955,4e6c91f9f835e0f37ebf21e4de23c4f65c9911d42d933912d0ce4fbf7500a4c3,False,xgboost,0.9,1,equal original group diagnostic; distinct from pooled,0.10136274642733323,0.9597335755373902,0.7051993012428284,1.3825880121524283,2.474090309353983
pleia_energy,1,0,42,kWh per 10 minutes,10,smart_building_conformal/outputs/matched_forecasting005/pleia_energy_h1_f0_s42_v1,7335d436f6e4f8c2144de372e8817d036bae216426c157f5bbdc1eb921927955,4e6c91f9f835e0f37ebf21e4de23c4f65c9911d42d933912d0ce4fbf7500a4c3,False,xgboost,0.95,1,equal original group diagnostic; distinct from pooled,0.10136274642733323,0.9789080633767282,0.9261906147003174,2.149957266467672,2.474090309353983
pleia_energy,1,0,42,kWh per 10 minutes,10,smart_building_conformal/outputs/matched_forecasting005/pleia_energy_h1_f0_s42_v1,7335d436f6e4f8c2144de372e8817d036bae216426c157f5bbdc1eb921927955,4e6c91f9f835e0f37ebf21e4de23c4f65c9911d42d933912d0ce4fbf7500a4c3,False,attention_lstm,0.9,1,equal original group diagnostic; distinct from pooled,0.10133807272401704,0.9616510243213241,0.7234830856323242,1.383633936681015,2.475524998093707
pleia_energy,1,0,42,kWh per 10 minutes,10,smart_building_conformal/outputs/matched_forecasting005/pleia_energy_h1_f0_s42_v1,7335d436f6e4f8c2144de372e8817d036bae216426c157f5bbdc1eb921927955,4e6c91f9f835e0f37ebf21e4de23c4f65c9911d42d933912d0ce4fbf7500a4c3,False,attention_lstm,0.95,1,equal original group diagnostic; distinct from pooled,0.10133807272401704,0.9819356140882026,0.9758375883102417,2.1609889997316176,2.475524998093707
pleia_energy,1,2,42,kWh per 10 minutes,10,smart_building_conformal/outputs/matched_forecasting005/pleia_energy_h1_f2_s42_v1,cd907183301a189ddfcc195774dad58c8fa07d5b326d2ac29cf3636383dc681e,7c23adb6f9815cd9e08f59c1ae4d7cf37f0cc5eb3a25efede0b901b902eb75bd,False,persistence,0.9,1,equal original group diagnostic; distinct from pooled,0.12760863530836783,0.5603108912889876,0.078125,2.097025777228223,0.24188010063684087
pleia_energy,1,2,42,kWh per 10 minutes,10,smart_building_conformal/outputs/matched_forecasting005/pleia_energy_h1_f2_s42_v1,cd907183301a189ddfcc195774dad58c8fa07d5b326d2ac29cf3636383dc681e,7c23adb6f9815cd9e08f59c1ae4d7cf37f0cc5eb3a25efede0b901b902eb75bd,False,persistence,0.95,1,equal original group diagnostic; distinct from pooled,0.12760863530836783,0.6428787725850409,0.125,3.783587362470977,0.24188010063684087
pleia_energy,1,2,42,kWh per 10 minutes,10,smart_building_conformal/outputs/matched_forecasting005/pleia_energy_h1_f2_s42_v1,cd907183301a189ddfcc195774dad58c8fa07d5b326d2ac29cf3636383dc681e,7c23adb6f9815cd9e08f59c1ae4d7cf37f0cc5eb3a25efede0b901b902eb75bd,False,xgboost,0.9,1,equal original group diagnostic; distinct from pooled,0.12377272844555232,0.6688200262440699,0.2122400999069214,1.5212555512646029,0.21441656372173365
pleia_energy,1,2,42,kWh per 10 minutes,10,smart_building_conformal/outputs/matched_forecasting005/pleia_energy_h1_f2_s42_v1,cd907183301a189ddfcc195774dad58c8fa07d5b326d2ac29cf3636383dc681e,7c23adb6f9815cd9e08f59c1ae4d7cf37f0cc5eb3a25efede0b901b902eb75bd,False,xgboost,0.95,1,equal original group diagnostic; distinct from pooled,0.12377272844555232,0.802866659937418,0.4104323983192444,2.0013129589078003,0.21441656372173365
pleia_energy,1,2,42,kWh per 10 minutes,10,smart_building_conformal/outputs/matched_forecasting005/pleia_energy_h1_f2_s42_v1,cd907183301a189ddfcc195774dad58c8fa07d5b326d2ac29cf3636383dc681e,7c23adb6f9815cd9e08f59c1ae4d7cf37f0cc5eb3a25efede0b901b902eb75bd,False,attention_lstm,0.9,1,equal original group diagnostic; distinct from pooled,0.12046819212964437,0.5419400423942666,0.10988640785217285,1.7599119923965982,0.22024027508302332
pleia_energy,1,2,42,kWh per 10 minutes,10,smart_building_conformal/outputs/matched_forecasting005/pleia_energy_h1_f2_s42_v1,cd907183301a189ddfcc195774dad58c8fa07d5b326d2ac29cf3636383dc681e,7c23adb6f9815cd9e08f59c1ae4d7cf37f0cc5eb3a25efede0b901b902eb75bd,False,attention_lstm,0.95,1,equal original group diagnostic; distinct from pooled,0.12046819212964437,0.6031089128898759,0.14232784509658813,3.167092771111166,0.22024027508302332
pleia_energy,3,2,42,kWh per 10 minutes,30,smart_building_conformal/outputs/matched_forecasting005/pleia_energy_h3_f2_s42_v1,cd907183301a189ddfcc195774dad58c8fa07d5b326d2ac29cf3636383dc681e,45c20ac2ea3ebec21844295e8ee7adc51484f1134040e1864ee0068833924297,False,persistence,0.9,1,equal original group diagnostic; distinct from pooled,0.13126135560714647,0.5711113354194004,0.078125,2.1860568915918046,0.257541502923049
pleia_energy,3,2,42,kWh per 10 minutes,30,smart_building_conformal/outputs/matched_forecasting005/pleia_energy_h3_f2_s42_v1,cd907183301a189ddfcc195774dad58c8fa07d5b326d2ac29cf3636383dc681e,45c20ac2ea3ebec21844295e8ee7adc51484f1134040e1864ee0068833924297,False,persistence,0.95,1,equal original group diagnostic; distinct from pooled,0.13126135560714647,0.6392449782981731,0.125,3.9634475623296628,0.257541502923049
pleia_energy,3,2,42,kWh per 10 minutes,30,smart_building_conformal/outputs/matched_forecasting005/pleia_energy_h3_f2_s42_v1,cd907183301a189ddfcc195774dad58c8fa07d5b326d2ac29cf3636383dc681e,45c20ac2ea3ebec21844295e8ee7adc51484f1134040e1864ee0068833924297,False,xgboost,0.9,1,equal original group diagnostic; distinct from pooled,0.1194715031413368,0.6820429998990613,0.19844549894332886,1.553191707195494,0.22614617294253928
pleia_energy,3,2,42,kWh per 10 minutes,30,smart_building_conformal/outputs/matched_forecasting005/pleia_energy_h3_f2_s42_v1,cd907183301a189ddfcc195774dad58c8fa07d5b326d2ac29cf3636383dc681e,45c20ac2ea3ebec21844295e8ee7adc51484f1134040e1864ee0068833924297,False,xgboost,0.95,1,equal original group diagnostic; distinct from pooled,0.1194715031413368,0.7359442818209347,0.2602016031742096,2.6116582523522616,0.22614617294253928
pleia_energy,3,2,42,kWh per 10 minutes,30,smart_building_conformal/outputs/matched_forecasting005/pleia_energy_h3_f2_s42_v1,cd907183301a189ddfcc195774dad58c8fa07d5b326d2ac29cf3636383dc681e,45c20ac2ea3ebec21844295e8ee7adc51484f1134040e1864ee0068833924297,False,attention_lstm,0.9,1,equal original group diagnostic; distinct from pooled,0.12752749631524482,0.5655597052589079,0.13233381509780884,1.787407805721828,0.2402362233179673
pleia_energy,3,2,42,kWh per 10 minutes,30,smart_building_conformal/outputs/matched_forecasting005/pleia_energy_h3_f2_s42_v1,cd907183301a189ddfcc195774dad58c8fa07d5b326d2ac29cf3636383dc681e,45c20ac2ea3ebec21844295e8ee7adc51484f1134040e1864ee0068833924297,False,attention_lstm,0.95,1,equal original group diagnostic; distinct from pooled,0.12752749631524482,0.6591299081457556,0.1859319806098938,3.0860990094370835,0.2402362233179673
pleia_energy,6,2,42,kWh per 10 minutes,60,smart_building_conformal/outputs/matched_forecasting005/pleia_energy_h6_f2_s42_v1,cd907183301a189ddfcc195774dad58c8fa07d5b326d2ac29cf3636383dc681e,2209e00bc338132a6a2a2933be0893ff9f893cbddb45082541941604ab05632b,False,persistence,0.9,1,equal original group diagnostic; distinct from pooled,0.12998936988997678,0.5607146462097506,0.078125,2.156516541334411,0.25754481604675455
pleia_energy,6,2,42,kWh per 10 minutes,60,smart_building_conformal/outputs/matched_forecasting005/pleia_energy_h6_f2_s42_v1,cd907183301a189ddfcc195774dad58c8fa07d5b326d2ac29cf3636383dc681e,2209e00bc338132a6a2a2933be0893ff9f893cbddb45082541941604ab05632b,False,persistence,0.95,1,equal original group diagnostic; distinct from pooled,0.12998936988997678,0.6406581205208438,0.125,3.899036035126675,0.25754481604675455
pleia_energy,6,2,42,kWh per 10 minutes,60,smart_building_conformal/outputs/matched_forecasting005/pleia_energy_h6_f2_s42_v1,cd907183301a189ddfcc195774dad58c8fa07d5b326d2ac29cf3636383dc681e,2209e00bc338132a6a2a2933be0893ff9f893cbddb45082541941604ab05632b,False,xgboost,0.9,1,equal original group diagnostic; distinct from pooled,0.1287675866078985,0.6169375189260119,0.14787453413009644,1.813980611755074,0.2461221827631574
pleia_energy,6,2,42,kWh per 10 minutes,60,smart_building_conformal/outputs/matched_forecasting005/pleia_energy_h6_f2_s42_v1,cd907183301a189ddfcc195774dad58c8fa07d5b326d2ac29cf3636383dc681e,2209e00bc338132a6a2a2933be0893ff9f893cbddb45082541941604ab05632b,False,xgboost,0.95,1,equal original group diagnostic; distinct from pooled,0.1287675866078985,0.6847683456142122,0.2103307843208313,3.108883889120713,0.2461221827631574
pleia_energy,6,2,42,kWh per 10 minutes,60,smart_building_conformal/outputs/matched_forecasting005/pleia_energy_h6_f2_s42_v1,cd907183301a189ddfcc195774dad58c8fa07d5b326d2ac29cf3636383dc681e,2209e00bc338132a6a2a2933be0893ff9f893cbddb45082541941604ab05632b,False,attention_lstm,0.9,1,equal original group diagnostic; distinct from pooled,0.1568325963892224,0.5880690420914505,0.20918864011764526,1.774322251041638,0.26239633956243075
pleia_energy,6,2,42,kWh per 10 minutes,60,smart_building_conformal/outputs/matched_forecasting005/pleia_energy_h6_f2_s42_v1,cd907183301a189ddfcc195774dad58c8fa07d5b326d2ac29cf3636383dc681e,2209e00bc338132a6a2a2933be0893ff9f893cbddb45082541941604ab05632b,False,attention_lstm,0.95,1,equal original group diagnostic; distinct from pooled,0.1568325963892224,0.6448975471888564,0.23959028720855713,3.1375937770495206,0.26239633956243075
rico,15,2,42,degrees C,15,smart_building_conformal/outputs/matched_forecasting005/rico_h15_f2_s42_v1,cd907183301a189ddfcc195774dad58c8fa07d5b326d2ac29cf3636383dc681e,03d1d452482977385b92c01bd2a2ba832e17ca51725e86b5a2d03b6d5399184a,False,persistence,0.9,41,equal original group diagnostic; distinct from pooled,0.20938179183772038,0.9153586090316349,1.0,1.6582950978024635,0.33076021266260025
rico,15,2,42,degrees C,15,smart_building_conformal/outputs/matched_forecasting005/rico_h15_f2_s42_v1,cd907183301a189ddfcc195774dad58c8fa07d5b326d2ac29cf3636383dc681e,03d1d452482977385b92c01bd2a2ba832e17ca51725e86b5a2d03b6d5399184a,False,persistence,0.95,41,equal original group diagnostic; distinct from pooled,0.20938179183772038,0.9629316590195606,1.6000000000000012,2.1462448683892776,0.33076021266260025
rico,15,2,42,degrees C,15,smart_building_conformal/outputs/matched_forecasting005/rico_h15_f2_s42_v1,cd907183301a189ddfcc195774dad58c8fa07d5b326d2ac29cf3636383dc681e,03d1d452482977385b92c01bd2a2ba832e17ca51725e86b5a2d03b6d5399184a,False,xgboost,0.9,41,equal original group diagnostic; distinct from pooled,0.4244604439586869,0.6016662641873943,0.7542602539062528,4.460707377120792,0.6166621338996906
rico,15,2,42,degrees C,15,smart_building_conformal/outputs/matched_forecasting005/rico_h15_f2_s42_v1,cd907183301a189ddfcc195774dad58c8fa07d5b326d2ac29cf3636383dc681e,03d1d452482977385b92c01bd2a2ba832e17ca51725e86b5a2d03b6d5399184a,False,xgboost,0.95,41,equal original group diagnostic; distinct from pooled,0.4244604439586869,0.8117604443371166,1.5278099060058568,4.6402000202472875,0.6166621338996906
rico,15,2,42,degrees C,15,smart_building_conformal/outputs/matched_forecasting005/rico_h15_f2_s42_v1,cd907183301a189ddfcc195774dad58c8fa07d5b326d2ac29cf3636383dc681e,03d1d452482977385b92c01bd2a2ba832e17ca51725e86b5a2d03b6d5399184a,False,attention_lstm,0.9,41,equal original group diagnostic; distinct from pooled,2.382613208966968,0.15225790871770103,1.386624908447267,36.22929489865334,2.8661501569173096
rico,15,2,42,degrees C,15,smart_building_conformal/outputs/matched_forecasting005/rico_h15_f2_s42_v1,cd907183301a189ddfcc195774dad58c8fa07d5b326d2ac29cf3636383dc681e,03d1d452482977385b92c01bd2a2ba832e17ca51725e86b5a2d03b6d5399184a,False,attention_lstm,0.95,41,equal original group diagnostic; distinct from pooled,2.382613208966968,0.17797633421878775,1.5523620605468764,68.46653170554534,2.8661501569173096
rico,30,2,42,degrees C,30,smart_building_conformal/outputs/matched_forecasting005/rico_h30_f2_s42_v1,cd907183301a189ddfcc195774dad58c8fa07d5b326d2ac29cf3636383dc681e,1ad851efbc64721175170cedc494487931981286fb015270b140f28c8c0a751b,False,persistence,0.9,41,equal original group diagnostic; distinct from pooled,0.38969610016955786,0.921612103821573,2.0,3.0014347202295557,0.5994280130858493
rico,30,2,42,degrees C,30,smart_building_conformal/outputs/matched_forecasting005/rico_h30_f2_s42_v1,cd907183301a189ddfcc195774dad58c8fa07d5b326d2ac29cf3636383dc681e,1ad851efbc64721175170cedc494487931981286fb015270b140f28c8c0a751b,False,persistence,0.95,41,equal original group diagnostic; distinct from pooled,0.38969610016955786,0.9641319942611192,3.0,3.862397287074474,0.5994280130858493
rico,30,2,42,degrees C,30,smart_building_conformal/outputs/matched_forecasting005/rico_h30_f2_s42_v1,cd907183301a189ddfcc195774dad58c8fa07d5b326d2ac29cf3636383dc681e,1ad851efbc64721175170cedc494487931981286fb015270b140f28c8c0a751b,False,xgboost,0.9,41,equal original group diagnostic; distinct from pooled,0.6456994589201953,0.6884048519629582,1.4331306457519517,5.652209475940068,0.9054184288208361
rico,30,2,42,degrees C,30,smart_building_conformal/outputs/matched_forecasting005/rico_h30_f2_s42_v1,cd907183301a189ddfcc195774dad58c8fa07d5b326d2ac29cf3636383dc681e,1ad851efbc64721175170cedc494487931981286fb015270b140f28c8c0a751b,False,xgboost,0.95,41,equal original group diagnostic; distinct from pooled,0.6456994589201953,0.8494848050084779,2.4165054321289006,6.751449154482785,0.9054184288208361
rico,30,2,42,degrees C,30,smart_building_conformal/outputs/matched_forecasting005/rico_h30_f2_s42_v1,cd907183301a189ddfcc195774dad58c8fa07d5b326d2ac29cf3636383dc681e,1ad851efbc64721175170cedc494487931981286fb015270b140f28c8c0a751b,False,attention_lstm,0.9,41,equal original group diagnostic; distinct from pooled,2.647748233262292,0.11595148037041868,1.470456695556642,40.72088509894605,3.094275563720874
rico,30,2,42,degrees C,30,smart_building_conformal/outputs/matched_forecasting005/rico_h30_f2_s42_v1,cd907183301a189ddfcc195774dad58c8fa07d5b326d2ac29cf3636383dc681e,1ad851efbc64721175170cedc494487931981286fb015270b140f28c8c0a751b,False,attention_lstm,0.95,41,equal original group diagnostic; distinct from pooled,2.647748233262292,0.13577670536063652,1.8360275268554749,73.92563312073256,3.094275563720874
rico,60,2,42,degrees C,60,smart_building_conformal/outputs/matched_forecasting005/rico_h60_f2_s42_v1,cd907183301a189ddfcc195774dad58c8fa07d5b326d2ac29cf3636383dc681e,1313d1f837d1a817bae522e566b1ae780eac3779acb6c6ce8a1d3c571d0498f2,False,persistence,0.9,41,equal original group diagnostic; distinct from pooled,0.7156750038837968,0.9241882864688519,3.600000000000002,5.100388379679976,1.041377894828978
rico,60,2,42,degrees C,60,smart_building_conformal/outputs/matched_forecasting005/rico_h60_f2_s42_v1,cd907183301a189ddfcc195774dad58c8fa07d5b326d2ac29cf3636383dc681e,1313d1f837d1a817bae522e566b1ae780eac3779acb6c6ce8a1d3c571d0498f2,False,persistence,0.95,41,equal original group diagnostic; distinct from pooled,0.7156750038837968,0.9608513282585055,5.0,6.3975454404225545,1.041377894828978
rico,60,2,42,degrees C,60,smart_building_conformal/outputs/matched_forecasting005/rico_h60_f2_s42_v1,cd907183301a189ddfcc195774dad58c8fa07d5b326d2ac29cf3636383dc681e,1313d1f837d1a817bae522e566b1ae780eac3779acb6c6ce8a1d3c571d0498f2,False,xgboost,0.9,41,equal original group diagnostic; distinct from pooled,1.1955028583123035,0.6420692869349076,2.5353652954101586,10.745355068631689,1.788193478359507
rico,60,2,42,degrees C,60,smart_building_conformal/outputs/matched_forecasting005/rico_h60_f2_s42_v1,cd907183301a189ddfcc195774dad58c8fa07d5b326d2ac29cf3636383dc681e,1313d1f837d1a817bae522e566b1ae780eac3779acb6c6ce8a1d3c571d0498f2,False,xgboost,0.95,41,equal original group diagnostic; distinct from pooled,1.1955028583123035,0.815597327947802,3.8751304626464824,13.210315206781646,1.788193478359507
rico,60,2,42,degrees C,60,smart_building_conformal/outputs/matched_forecasting005/rico_h60_f2_s42_v1,cd907183301a189ddfcc195774dad58c8fa07d5b326d2ac29cf3636383dc681e,1313d1f837d1a817bae522e566b1ae780eac3779acb6c6ce8a1d3c571d0498f2,False,attention_lstm,0.9,41,equal original group diagnostic; distinct from pooled,2.6362711015280236,0.1753922634767749,1.9796203613281302,36.84274492843077,3.1143982277118103
rico,60,2,42,degrees C,60,smart_building_conformal/outputs/matched_forecasting005/rico_h60_f2_s42_v1,cd907183301a189ddfcc195774dad58c8fa07d5b326d2ac29cf3636383dc681e,1313d1f837d1a817bae522e566b1ae780eac3779acb6c6ce8a1d3c571d0498f2,False,attention_lstm,0.95,41,equal original group diagnostic; distinct from pooled,2.6362711015280236,0.2033556004349852,2.2582244873046875,67.46031344231372,3.1143982277118103
bdg2,3,2,42,kWh per hour,180,smart_building_conformal/outputs/matched_forecasting005/bdg2_h3_f2_s42_v1,cd907183301a189ddfcc195774dad58c8fa07d5b326d2ac29cf3636383dc681e,9f6ebede3e1cdfa1160ebb06d88768caf7c37e45b8bec777807b19531e87a260,False,persistence,0.9,10,equal original group diagnostic; distinct from pooled,42.73484162524506,0.8981573326776916,250.0,401.5787293406737,78.59821564851958
bdg2,3,2,42,kWh per hour,180,smart_building_conformal/outputs/matched_forecasting005/bdg2_h3_f2_s42_v1,cd907183301a189ddfcc195774dad58c8fa07d5b326d2ac29cf3636383dc681e,9f6ebede3e1cdfa1160ebb06d88768caf7c37e45b8bec777807b19531e87a260,False,persistence,0.95,10,equal original group diagnostic; distinct from pooled,42.73484162524506,0.946158273381295,344.1999999999999,504.24377058992786,78.59821564851958
bdg2,3,2,42,kWh per hour,180,smart_building_conformal/outputs/matched_forecasting005/bdg2_h3_f2_s42_v1,cd907183301a189ddfcc195774dad58c8fa07d5b326d2ac29cf3636383dc681e,9f6ebede3e1cdfa1160ebb06d88768caf7c37e45b8bec777807b19531e87a260,False,xgboost,0.9,10,equal original group diagnostic; distinct from pooled,26.926339837546692,0.9063224689193665,139.05042675781255,255.6906539401933,52.03601514190041
bdg2,3,2,42,kWh per hour,180,smart_building_conformal/outputs/matched_forecasting005/bdg2_h3_f2_s42_v1,cd907183301a189ddfcc195774dad58c8fa07d5b326d2ac29cf3636383dc681e,9f6ebede3e1cdfa1160ebb06d88768caf7c37e45b8bec777807b19531e87a260,False,xgboost,0.95,10,equal original group diagnostic; distinct from pooled,26.926339837546692,0.950273381294964,201.50898242187492,349.0161279187133,52.03601514190041
bdg2,3,2,42,kWh per hour,180,smart_building_conformal/outputs/matched_forecasting005/bdg2_h3_f2_s42_v1,cd907183301a189ddfcc195774dad58c8fa07d5b326d2ac29cf3636383dc681e,9f6ebede3e1cdfa1160ebb06d88768caf7c37e45b8bec777807b19531e87a260,False,attention_lstm,0.9,10,equal original group diagnostic; distinct from pooled,32.85558157012599,0.9046558414486835,163.77541503906247,316.29819160935347,65.8056042937338
bdg2,3,2,42,kWh per hour,180,smart_building_conformal/outputs/matched_forecasting005/bdg2_h3_f2_s42_v1,cd907183301a189ddfcc195774dad58c8fa07d5b326d2ac29cf3636383dc681e,9f6ebede3e1cdfa1160ebb06d88768caf7c37e45b8bec777807b19531e87a260,False,attention_lstm,0.95,10,equal original group diagnostic; distinct from pooled,32.85558157012599,0.9499158284071108,236.05321655273434,440.46336463123316,65.8056042937338
bdg2,6,2,42,kWh per hour,360,smart_building_conformal/outputs/matched_forecasting005/bdg2_h6_f2_s42_v1,cd907183301a189ddfcc195774dad58c8fa07d5b326d2ac29cf3636383dc681e,dcffb11d9ae7c3210ce7211cd66ccbe05e3e96c486c605648bf7838a00e07f2c,False,persistence,0.9,10,equal original group diagnostic; distinct from pooled,73.178199145204,0.8978705035971224,406.31199999999984,579.7212572661871,119.78364520238526
bdg2,6,2,42,kWh per hour,360,smart_building_conformal/outputs/matched_forecasting005/bdg2_h6_f2_s42_v1,cd907183301a189ddfcc195774dad58c8fa07d5b326d2ac29cf3636383dc681e,dcffb11d9ae7c3210ce7211cd66ccbe05e3e96c486c605648bf7838a00e07f2c,False,persistence,0.95,10,equal original group diagnostic; distinct from pooled,73.178199145204,0.9444028776978417,498.0,702.3863086043164,119.78364520238526
bdg2,6,2,42,kWh per hour,360,smart_building_conformal/outputs/matched_forecasting005/bdg2_h6_f2_s42_v1,cd907183301a189ddfcc195774dad58c8fa07d5b326d2ac29cf3636383dc681e,dcffb11d9ae7c3210ce7211cd66ccbe05e3e96c486c605648bf7838a00e07f2c,False,xgboost,0.9,10,equal original group diagnostic; distinct from pooled,34.107828583872305,0.9089477588805627,177.1885986328125,322.45111845036695,66.6851974363498
bdg2,6,2,42,kWh per hour,360,smart_building_conformal/outputs/matched_forecasting005/bdg2_h6_f2_s42_v1,cd907183301a189ddfcc195774dad58c8fa07d5b326d2ac29cf3636383dc681e,dcffb11d9ae7c3210ce7211cd66ccbe05e3e96c486c605648bf7838a00e07f2c,False,xgboost,0.95,10,equal original group diagnostic; distinct from pooled,34.107828583872305,0.9499856115107914,248.75102539062496,442.2697685645793,66.6851974363498
bdg2,6,2,42,kWh per hour,360,smart_building_conformal/outputs/matched_forecasting005/bdg2_h6_f2_s42_v1,cd907183301a189ddfcc195774dad58c8fa07d5b326d2ac29cf3636383dc681e,dcffb11d9ae7c3210ce7211cd66ccbe05e3e96c486c605648bf7838a00e07f2c,False,attention_lstm,0.9,10,equal original group diagnostic; distinct from pooled,39.91142837120425,0.9055172693939945,197.4254506835937,371.8671763516795,77.59816848578926
bdg2,6,2,42,kWh per hour,360,smart_building_conformal/outputs/matched_forecasting005/bdg2_h6_f2_s42_v1,cd907183301a189ddfcc195774dad58c8fa07d5b326d2ac29cf3636383dc681e,dcffb11d9ae7c3210ce7211cd66ccbe05e3e96c486c605648bf7838a00e07f2c,False,attention_lstm,0.95,10,equal original group diagnostic; distinct from pooled,39.91142837120425,0.9493086897495377,276.34259033203125,515.4779908960523,77.59816848578926
bdg2,1,1,42,kWh per hour,60,smart_building_conformal/outputs/matched_forecasting005/bdg2_h1_f1_s42_v1,cd907183301a189ddfcc195774dad58c8fa07d5b326d2ac29cf3636383dc681e,3a12b8bb0420a6d8259bdf93ab6cb7ae75b0cf7fa3bea5f7cdbd7e0113915139,False,persistence,0.9,10,equal original group diagnostic; distinct from pooled,18.03227690287246,0.9204804241602661,118.33199999999995,187.2731211975764,38.28946486508666
bdg2,1,1,42,kWh per hour,60,smart_building_conformal/outputs/matched_forecasting005/bdg2_h1_f1_s42_v1,cd907183301a189ddfcc195774dad58c8fa07d5b326d2ac29cf3636383dc681e,3a12b8bb0420a6d8259bdf93ab6cb7ae75b0cf7fa3bea5f7cdbd7e0113915139,False,persistence,0.95,10,equal original group diagnostic; distinct from pooled,18.03227690287246,0.9601118484123479,170.0,249.28065430459236,38.28946486508666
bdg2,1,1,42,kWh per hour,60,smart_building_conformal/outputs/matched_forecasting005/bdg2_h1_f1_s42_v1,cd907183301a189ddfcc195774dad58c8fa07d5b326d2ac29cf3636383dc681e,3a12b8bb0420a6d8259bdf93ab6cb7ae75b0cf7fa3bea5f7cdbd7e0113915139,False,xgboost,0.9,10,equal original group diagnostic; distinct from pooled,16.47762095243943,0.9155567555288904,90.48958593750002,153.3315588894855,32.78268649511623
bdg2,1,1,42,kWh per hour,60,smart_building_conformal/outputs/matched_forecasting005/bdg2_h1_f1_s42_v1,cd907183301a189ddfcc195774dad58c8fa07d5b326d2ac29cf3636383dc681e,3a12b8bb0420a6d8259bdf93ab6cb7ae75b0cf7fa3bea5f7cdbd7e0113915139,False,xgboost,0.95,10,equal original group diagnostic; distinct from pooled,16.47762095243943,0.9601690188984386,134.82417041015628,208.39178651584115,32.78268649511623
bdg2,1,1,42,kWh per hour,60,smart_building_conformal/outputs/matched_forecasting005/bdg2_h1_f1_s42_v1,cd907183301a189ddfcc195774dad58c8fa07d5b326d2ac29cf3636383dc681e,3a12b8bb0420a6d8259bdf93ab6cb7ae75b0cf7fa3bea5f7cdbd7e0113915139,False,attention_lstm,0.9,10,equal original group diagnostic; distinct from pooled,16.395728602845026,0.9190361563307284,92.84837890624999,150.42175868284727,32.429120490467064
bdg2,1,1,42,kWh per hour,60,smart_building_conformal/outputs/matched_forecasting005/bdg2_h1_f1_s42_v1,cd907183301a189ddfcc195774dad58c8fa07d5b326d2ac29cf3636383dc681e,3a12b8bb0420a6d8259bdf93ab6cb7ae75b0cf7fa3bea5f7cdbd7e0113915139,False,attention_lstm,0.95,10,equal original group diagnostic; distinct from pooled,16.395728602845026,0.9648612002634277,138.66099609374993,204.26729339759112,32.429120490467064
pleia,1,2,42,degrees C,10,smart_building_conformal/outputs/matched_forecasting005/pleia_h1_f2_s42_v1,cd907183301a189ddfcc195774dad58c8fa07d5b326d2ac29cf3636383dc681e,afeec26a5064a899df55a5081826d94b2ef6a3b5229ee6a692855ac3f89534e2,False,persistence,0.9,1,equal original group diagnostic; distinct from pooled,0.23937619864742102,0.9408499041082063,1.2000000000000028,1.5472292318562646,0.3366736506882145
pleia,1,2,42,degrees C,10,smart_building_conformal/outputs/matched_forecasting005/pleia_h1_f2_s42_v1,cd907183301a189ddfcc195774dad58c8fa07d5b326d2ac29cf3636383dc681e,afeec26a5064a899df55a5081826d94b2ef6a3b5229ee6a692855ac3f89534e2,False,persistence,0.95,1,equal original group diagnostic; distinct from pooled,0.23937619864742102,0.9651761380841829,1.599999999999994,1.9044312102553733,0.3366736506882145
pleia,1,2,42,degrees C,10,smart_building_conformal/outputs/matched_forecasting005/pleia_h1_f2_s42_v1,cd907183301a189ddfcc195774dad58c8fa07d5b326d2ac29cf3636383dc681e,afeec26a5064a899df55a5081826d94b2ef6a3b5229ee6a692855ac3f89534e2,False,xgboost,0.9,1,equal original group diagnostic; distinct from pooled,2.2618093530838386,0.2561824972241849,2.110757446289064,28.720407573483932,2.6662944008183764
pleia,1,2,42,degrees C,10,smart_building_conformal/outputs/matched_forecasting005/pleia_h1_f2_s42_v1,cd907183301a189ddfcc195774dad58c8fa07d5b326d2ac29cf3636383dc681e,afeec26a5064a899df55a5081826d94b2ef6a3b5229ee6a692855ac3f89534e2,False,xgboost,0.95,1,equal original group diagnostic; distinct from pooled,2.2618093530838386,0.3341071969314626,2.6888351440429688,47.78030926184681,2.6662944008183764
pleia,1,2,42,degrees C,10,smart_building_conformal/outputs/matched_forecasting005/pleia_h1_f2_s42_v1,cd907183301a189ddfcc195774dad58c8fa07d5b326d2ac29cf3636383dc681e,afeec26a5064a899df55a5081826d94b2ef6a3b5229ee6a692855ac3f89534e2,False,attention_lstm,0.9,1,equal original group diagnostic; distinct from pooled,3.031291556211537,0.20127182800040375,3.4408645629882812,32.573000491176835,3.3386067777834803
pleia,1,2,42,degrees C,10,smart_building_conformal/outputs/matched_forecasting005/pleia_h1_f2_s42_v1,cd907183301a189ddfcc195774dad58c8fa07d5b326d2ac29cf3636383dc681e,afeec26a5064a899df55a5081826d94b2ef6a3b5229ee6a692855ac3f89534e2,False,attention_lstm,0.95,1,equal original group diagnostic; distinct from pooled,3.031291556211537,0.2768749369132936,4.1923980712890625,51.032570378888856,3.3386067777834803
pleia,3,2,42,degrees C,30,smart_building_conformal/outputs/matched_forecasting005/pleia_h3_f2_s42_v1,cd907183301a189ddfcc195774dad58c8fa07d5b326d2ac29cf3636383dc681e,8196306a329a6c9ca8326b0c397aea778201506a8cf246687569ae5edd3a0c84,False,persistence,0.9,1,equal original group diagnostic; distinct from pooled,0.3915918037751086,0.9363076612496215,2.0,2.665186231957202,0.5655364111359953
pleia,3,2,42,degrees C,30,smart_building_conformal/outputs/matched_forecasting005/pleia_h3_f2_s42_v1,cd907183301a189ddfcc195774dad58c8fa07d5b326d2ac29cf3636383dc681e,8196306a329a6c9ca8326b0c397aea778201506a8cf246687569ae5edd3a0c84,False,persistence,0.95,1,equal original group diagnostic; distinct from pooled,0.3915918037751086,0.9600282628444534,2.4000000000000057,3.2700918542444737,0.5655364111359953
pleia,3,2,42,degrees C,30,smart_building_conformal/outputs/matched_forecasting005/pleia_h3_f2_s42_v1,cd907183301a189ddfcc195774dad58c8fa07d5b326d2ac29cf3636383dc681e,8196306a329a6c9ca8326b0c397aea778201506a8cf246687569ae5edd3a0c84,False,xgboost,0.9,1,equal original group diagnostic; distinct from pooled,3.5233621233994703,0.21378823054405977,3.9351074218750033,38.4647797790632,3.9173721260654064
pleia,3,2,42,degrees C,30,smart_building_conformal/outputs/matched_forecasting005/pleia_h3_f2_s42_v1,cd907183301a189ddfcc195774dad58c8fa07d5b326d2ac29cf3636383dc681e,8196306a329a6c9ca8326b0c397aea778201506a8cf246687569ae5edd3a0c84,False,xgboost,0.95,1,equal original group diagnostic; distinct from pooled,3.5233621233994703,0.28293126072474006,4.713183593750003,62.053966457759216,3.9173721260654064
pleia,3,2,42,degrees C,30,smart_building_conformal/outputs/matched_forecasting005/pleia_h3_f2_s42_v1,cd907183301a189ddfcc195774dad58c8fa07d5b326d2ac29cf3636383dc681e,8196306a329a6c9ca8326b0c397aea778201506a8cf246687569ae5edd3a0c84,False,attention_lstm,0.9,1,equal original group diagnostic; distinct from pooled,3.7605450324553997,0.20298778641364693,4.64738311767578,37.22460164826467,4.086237381599427
pleia,3,2,42,degrees C,30,smart_building_conformal/outputs/matched_forecasting005/pleia_h3_f2_s42_v1,cd907183301a189ddfcc195774dad58c8fa07d5b326d2ac29cf3636383dc681e,8196306a329a6c9ca8326b0c397aea778201506a8cf246687569ae5edd3a0c84,False,attention_lstm,0.95,1,equal original group diagnostic; distinct from pooled,3.7605450324553997,0.2527505803976986,5.3073478698730465,60.26762875061859,4.086237381599427
pleia,6,2,42,degrees C,60,smart_building_conformal/outputs/matched_forecasting005/pleia_h6_f2_s42_v1,cd907183301a189ddfcc195774dad58c8fa07d5b326d2ac29cf3636383dc681e,ff4f03a56c5f3fee34466478e87f5f2f7fb26fcbfc1ef160d240ad250f347b1b,False,persistence,0.9,1,equal original group diagnostic; distinct from pooled,0.5479458968406178,0.9193499545775714,2.6000000000000014,3.6683355203391548,0.7817754844230004
pleia,6,2,42,degrees C,60,smart_building_conformal/outputs/matched_forecasting005/pleia_h6_f2_s42_v1,cd907183301a189ddfcc195774dad58c8fa07d5b326d2ac29cf3636383dc681e,ff4f03a56c5f3fee34466478e87f5f2f7fb26fcbfc1ef160d240ad250f347b1b,False,persistence,0.95,1,equal original group diagnostic; distinct from pooled,0.5479458968406178,0.95306349046129,3.2000000000000033,4.51422226708388,0.7817754844230004
pleia,6,2,42,degrees C,60,smart_building_conformal/outputs/matched_forecasting005/pleia_h6_f2_s42_v1,cd907183301a189ddfcc195774dad58c8fa07d5b326d2ac29cf3636383dc681e,ff4f03a56c5f3fee34466478e87f5f2f7fb26fcbfc1ef160d240ad250f347b1b,False,xgboost,0.9,1,equal original group diagnostic; distinct from pooled,4.279730004668417,0.2445745432522459,5.532695007324222,40.75229083048029,4.691436060986669
pleia,6,2,42,degrees C,60,smart_building_conformal/outputs/matched_forecasting005/pleia_h6_f2_s42_v1,cd907183301a189ddfcc195774dad58c8fa07d5b326d2ac29cf3636383dc681e,ff4f03a56c5f3fee34466478e87f5f2f7fb26fcbfc1ef160d240ad250f347b1b,False,xgboost,0.95,1,equal original group diagnostic; distinct from pooled,4.279730004668417,0.31079035025739377,6.303394317626953,65.60955215528027,4.691436060986669
pleia,6,2,42,degrees C,60,smart_building_conformal/outputs/matched_forecasting005/pleia_h6_f2_s42_v1,cd907183301a189ddfcc195774dad58c8fa07d5b326d2ac29cf3636383dc681e,ff4f03a56c5f3fee34466478e87f5f2f7fb26fcbfc1ef160d240ad250f347b1b,False,attention_lstm,0.9,1,equal original group diagnostic; distinct from pooled,4.463557159309852,0.20934692641566569,6.312603759765622,37.03828693488853,4.752998409263015
pleia,6,2,42,degrees C,60,smart_building_conformal/outputs/matched_forecasting005/pleia_h6_f2_s42_v1,cd907183301a189ddfcc195774dad58c8fa07d5b326d2ac29cf3636383dc681e,ff4f03a56c5f3fee34466478e87f5f2f7fb26fcbfc1ef160d240ad250f347b1b,False,attention_lstm,0.95,1,equal original group diagnostic; distinct from pooled,4.463557159309852,0.2748561623094781,7.084327697753906,56.822748299141686,4.752998409263015
pleia_energy,1,2,43,kWh per 10 minutes,10,smart_building_conformal/outputs/matched_forecasting005/pleia_energy_h1_f2_s43_v1,cd907183301a189ddfcc195774dad58c8fa07d5b326d2ac29cf3636383dc681e,9a5f8e926042af5fac0c3fceb0e887889cd310cf57cdaa89b6239e4da7611673,True,persistence,0.9,1,equal original group diagnostic; distinct from pooled,0.12760863530836783,0.5603108912889876,0.078125,2.097025777228223,0.24188010063684087
pleia_energy,1,2,43,kWh per 10 minutes,10,smart_building_conformal/outputs/matched_forecasting005/pleia_energy_h1_f2_s43_v1,cd907183301a189ddfcc195774dad58c8fa07d5b326d2ac29cf3636383dc681e,9a5f8e926042af5fac0c3fceb0e887889cd310cf57cdaa89b6239e4da7611673,True,persistence,0.95,1,equal original group diagnostic; distinct from pooled,0.12760863530836783,0.6428787725850409,0.125,3.783587362470977,0.24188010063684087
pleia_energy,1,2,43,kWh per 10 minutes,10,smart_building_conformal/outputs/matched_forecasting005/pleia_energy_h1_f2_s43_v1,cd907183301a189ddfcc195774dad58c8fa07d5b326d2ac29cf3636383dc681e,9a5f8e926042af5fac0c3fceb0e887889cd310cf57cdaa89b6239e4da7611673,True,xgboost,0.9,1,equal original group diagnostic; distinct from pooled,0.1511315438887769,0.6840617745028768,0.3288354277610779,1.6151078535465537,0.24385366270656145
pleia_energy,1,2,43,kWh per 10 minutes,10,smart_building_conformal/outputs/matched_forecasting005/pleia_energy_h1_f2_s43_v1,cd907183301a189ddfcc195774dad58c8fa07d5b326d2ac29cf3636383dc681e,9a5f8e926042af5fac0c3fceb0e887889cd310cf57cdaa89b6239e4da7611673,True,xgboost,0.95,1,equal original group diagnostic; distinct from pooled,0.1511315438887769,0.7711718986575149,0.4667136073112488,2.2974087363645754,0.24385366270656145
pleia_energy,1,2,43,kWh per 10 minutes,10,smart_building_conformal/outputs/matched_forecasting005/pleia_energy_h1_f2_s43_v1,cd907183301a189ddfcc195774dad58c8fa07d5b326d2ac29cf3636383dc681e,9a5f8e926042af5fac0c3fceb0e887889cd310cf57cdaa89b6239e4da7611673,True,attention_lstm,0.9,1,equal original group diagnostic; distinct from pooled,0.1286929638063052,0.5776723528818007,0.151836097240448,1.6559600614028585,0.22771109100449605
pleia_energy,1,2,43,kWh per 10 minutes,10,smart_building_conformal/outputs/matched_forecasting005/pleia_energy_h1_f2_s43_v1,cd907183301a189ddfcc195774dad58c8fa07d5b326d2ac29cf3636383dc681e,9a5f8e926042af5fac0c3fceb0e887889cd310cf57cdaa89b6239e4da7611673,True,attention_lstm,0.95,1,equal original group diagnostic; distinct from pooled,0.1286929638063052,0.638336529726456,0.18179559707641602,2.9571747471083643,0.22771109100449605
pleia_energy,3,2,43,kWh per 10 minutes,30,smart_building_conformal/outputs/matched_forecasting005/pleia_energy_h3_f2_s43_v1,cd907183301a189ddfcc195774dad58c8fa07d5b326d2ac29cf3636383dc681e,0994b58ad507c89e4477b9d8f239790b940d570f5a1e8d13854e7914fd34622b,True,persistence,0.9,1,equal original group diagnostic; distinct from pooled,0.13126135560714647,0.5711113354194004,0.078125,2.1860568915918046,0.257541502923049
pleia_energy,3,2,43,kWh per 10 minutes,30,smart_building_conformal/outputs/matched_forecasting005/pleia_energy_h3_f2_s43_v1,cd907183301a189ddfcc195774dad58c8fa07d5b326d2ac29cf3636383dc681e,0994b58ad507c89e4477b9d8f239790b940d570f5a1e8d13854e7914fd34622b,True,persistence,0.95,1,equal original group diagnostic; distinct from pooled,0.13126135560714647,0.6392449782981731,0.125,3.9634475623296628,0.257541502923049
pleia_energy,3,2,43,kWh per 10 minutes,30,smart_building_conformal/outputs/matched_forecasting005/pleia_energy_h3_f2_s43_v1,cd907183301a189ddfcc195774dad58c8fa07d5b326d2ac29cf3636383dc681e,0994b58ad507c89e4477b9d8f239790b940d570f5a1e8d13854e7914fd34622b,True,xgboost,0.9,1,equal original group diagnostic; distinct from pooled,0.12097164125725939,0.6710406783082669,0.20214924216270447,1.553685468577275,0.22595912463705314
pleia_energy,3,2,43,kWh per 10 minutes,30,smart_building_conformal/outputs/matched_forecasting005/pleia_energy_h3_f2_s43_v1,cd907183301a189ddfcc195774dad58c8fa07d5b326d2ac29cf3636383dc681e,0994b58ad507c89e4477b9d8f239790b940d570f5a1e8d13854e7914fd34622b,True,xgboost,0.95,1,equal original group diagnostic; distinct from pooled,0.12097164125725939,0.7372564853134148,0.2754065990447998,2.5496136793048687,0.22595912463705314
pleia_energy,3,2,43,kWh per 10 minutes,30,smart_building_conformal/outputs/matched_forecasting005/pleia_energy_h3_f2_s43_v1,cd907183301a189ddfcc195774dad58c8fa07d5b326d2ac29cf3636383dc681e,0994b58ad507c89e4477b9d8f239790b940d570f5a1e8d13854e7914fd34622b,True,attention_lstm,0.9,1,equal original group diagnostic; distinct from pooled,0.15876354579007673,0.5771676592308469,0.2269691824913025,1.706536331781528,0.2585929217543702
pleia_energy,3,2,43,kWh per 10 minutes,30,smart_building_conformal/outputs/matched_forecasting005/pleia_energy_h3_f2_s43_v1,cd907183301a189ddfcc195774dad58c8fa07d5b326d2ac29cf3636383dc681e,0994b58ad507c89e4477b9d8f239790b940d570f5a1e8d13854e7914fd34622b,True,attention_lstm,0.95,1,equal original group diagnostic; distinct from pooled,0.15876354579007673,0.6606439890986171,0.2646532654762268,2.9377796090827193,0.2585929217543702
pleia_energy,6,2,43,kWh per 10 minutes,60,smart_building_conformal/outputs/matched_forecasting005/pleia_energy_h6_f2_s43_v1,cd907183301a189ddfcc195774dad58c8fa07d5b326d2ac29cf3636383dc681e,b93741f34b2850dc828bbe017dd62253e0e099a5101de4a74885b6a91db639c5,True,persistence,0.9,1,equal original group diagnostic; distinct from pooled,0.12998936988997678,0.5607146462097506,0.078125,2.156516541334411,0.25754481604675455
pleia_energy,6,2,43,kWh per 10 minutes,60,smart_building_conformal/outputs/matched_forecasting005/pleia_energy_h6_f2_s43_v1,cd907183301a189ddfcc195774dad58c8fa07d5b326d2ac29cf3636383dc681e,b93741f34b2850dc828bbe017dd62253e0e099a5101de4a74885b6a91db639c5,True,persistence,0.95,1,equal original group diagnostic; distinct from pooled,0.12998936988997678,0.6406581205208438,0.125,3.899036035126675,0.25754481604675455
pleia_energy,6,2,43,kWh per 10 minutes,60,smart_building_conformal/outputs/matched_forecasting005/pleia_energy_h6_f2_s43_v1,cd907183301a189ddfcc195774dad58c8fa07d5b326d2ac29cf3636383dc681e,b93741f34b2850dc828bbe017dd62253e0e099a5101de4a74885b6a91db639c5,True,xgboost,0.9,1,equal original group diagnostic; distinct from pooled,0.1275753094787926,0.6616533764005249,0.17726391553878784,1.721472655559953,0.2453679381741562
pleia_energy,6,2,43,kWh per 10 minutes,60,smart_building_conformal/outputs/matched_forecasting005/pleia_energy_h6_f2_s43_v1,cd907183301a189ddfcc195774dad58c8fa07d5b326d2ac29cf3636383dc681e,b93741f34b2850dc828bbe017dd62253e0e099a5101de4a74885b6a91db639c5,True,xgboost,0.95,1,equal original group diagnostic; distinct from pooled,0.1275753094787926,0.7303926516604421,0.24725034832954407,2.914543624129172,0.2453679381741562
pleia_energy,6,2,43,kWh per 10 minutes,60,smart_building_conformal/outputs/matched_forecasting005/pleia_energy_h6_f2_s43_v1,cd907183301a189ddfcc195774dad58c8fa07d5b326d2ac29cf3636383dc681e,b93741f34b2850dc828bbe017dd62253e0e099a5101de4a74885b6a91db639c5,True,attention_lstm,0.9,1,equal original group diagnostic; distinct from pooled,0.15473173186145373,0.5892803068537398,0.2132309079170227,1.8033140359702668,0.2650504133471614
pleia_energy,6,2,43,kWh per 10 minutes,60,smart_building_conformal/outputs/matched_forecasting005/pleia_energy_h6_f2_s43_v1,cd907183301a189ddfcc195774dad58c8fa07d5b326d2ac29cf3636383dc681e,b93741f34b2850dc828bbe017dd62253e0e099a5101de4a74885b6a91db639c5,True,attention_lstm,0.95,1,equal original group diagnostic; distinct from pooled,0.15473173186145373,0.6870899364085999,0.2753656506538391,3.010165868035787,0.2650504133471614
rico,5,2,43,degrees C,5,smart_building_conformal/outputs/matched_forecasting005/rico_h5_f2_s43_v1,cd907183301a189ddfcc195774dad58c8fa07d5b326d2ac29cf3636383dc681e,74eb284e91314998933d2de50059b1b6b26eb11ff0398586688a4f60985be4fd,True,persistence,0.9,41,equal original group diagnostic; distinct from pooled,0.07447077772664519,0.9282098481362173,0.3999999999999986,0.6013345605154169,0.12451008457023499
rico,5,2,43,degrees C,5,smart_building_conformal/outputs/matched_forecasting005/rico_h5_f2_s43_v1,cd907183301a189ddfcc195774dad58c8fa07d5b326d2ac29cf3636383dc681e,74eb284e91314998933d2de50059b1b6b26eb11ff0398586688a4f60985be4fd,True,persistence,0.95,41,equal original group diagnostic; distinct from pooled,0.07447077772664519,0.9723884031293143,0.6000000000000014,0.7808559595029918,0.12451008457023499
rico,5,2,43,degrees C,5,smart_building_conformal/outputs/matched_forecasting005/rico_h5_f2_s43_v1,cd907183301a189ddfcc195774dad58c8fa07d5b326d2ac29cf3636383dc681e,74eb284e91314998933d2de50059b1b6b26eb11ff0398586688a4f60985be4fd,True,xgboost,0.9,41,equal original group diagnostic; distinct from pooled,0.28833440296999935,0.47871606074551315,0.3388984680175753,3.569380141994245,0.4575429241977965
rico,5,2,43,degrees C,5,smart_building_conformal/outputs/matched_forecasting005/rico_h5_f2_s43_v1,cd907183301a189ddfcc195774dad58c8fa07d5b326d2ac29cf3636383dc681e,74eb284e91314998933d2de50059b1b6b26eb11ff0398586688a4f60985be4fd,True,xgboost,0.95,41,equal original group diagnostic; distinct from pooled,0.28833440296999935,0.674643350207087,0.5792343139648466,5.065537093083958,0.4575429241977965
rico,5,2,43,degrees C,5,smart_building_conformal/outputs/matched_forecasting005/rico_h5_f2_s43_v1,cd907183301a189ddfcc195774dad58c8fa07d5b326d2ac29cf3636383dc681e,74eb284e91314998933d2de50059b1b6b26eb11ff0398586688a4f60985be4fd,True,attention_lstm,0.9,41,equal original group diagnostic; distinct from pooled,2.594214298601146,0.13782788771283938,1.6013786315917993,38.515414000369404,2.997098435025381
rico,5,2,43,degrees C,5,smart_building_conformal/outputs/matched_forecasting005/rico_h5_f2_s43_v1,cd907183301a189ddfcc195774dad58c8fa07d5b326d2ac29cf3636383dc681e,74eb284e91314998933d2de50059b1b6b26eb11ff0398586688a4f60985be4fd,True,attention_lstm,0.95,41,equal original group diagnostic; distinct from pooled,2.594214298601146,0.1606074551311551,1.9035972595214834,70.5891708303803,2.997098435025381
rico,15,2,43,degrees C,15,smart_building_conformal/outputs/matched_forecasting005/rico_h15_f2_s43_v1,cd907183301a189ddfcc195774dad58c8fa07d5b326d2ac29cf3636383dc681e,6118ae753e7869a6676eab873bbd97832260b434782324da367a8542c2dd9c41,True,persistence,0.9,41,equal original group diagnostic; distinct from pooled,0.20938179183772038,0.9153586090316349,1.0,1.6582950978024635,0.33076021266260025
rico,15,2,43,degrees C,15,smart_building_conformal/outputs/matched_forecasting005/rico_h15_f2_s43_v1,cd907183301a189ddfcc195774dad58c8fa07d5b326d2ac29cf3636383dc681e,6118ae753e7869a6676eab873bbd97832260b434782324da367a8542c2dd9c41,True,persistence,0.95,41,equal original group diagnostic; distinct from pooled,0.20938179183772038,0.9629316590195606,1.6000000000000012,2.1462448683892776,0.33076021266260025
rico,15,2,43,degrees C,15,smart_building_conformal/outputs/matched_forecasting005/rico_h15_f2_s43_v1,cd907183301a189ddfcc195774dad58c8fa07d5b326d2ac29cf3636383dc681e,6118ae753e7869a6676eab873bbd97832260b434782324da367a8542c2dd9c41,True,xgboost,0.9,41,equal original group diagnostic; distinct from pooled,0.38351859802268207,0.6825645979232069,0.8795959472656278,3.2587551151027765,0.5478541777805536
rico,15,2,43,degrees C,15,smart_building_conformal/outputs/matched_forecasting005/rico_h15_f2_s43_v1,cd907183301a189ddfcc195774dad58c8fa07d5b326d2ac29cf3636383dc681e,6118ae753e7869a6676eab873bbd97832260b434782324da367a8542c2dd9c41,True,xgboost,0.95,41,equal original group diagnostic; distinct from pooled,0.38351859802268207,0.777589954117363,1.158412170410159,4.442901674706807,0.5478541777805536
rico,15,2,43,degrees C,15,smart_building_conformal/outputs/matched_forecasting005/rico_h15_f2_s43_v1,cd907183301a189ddfcc195774dad58c8fa07d5b326d2ac29cf3636383dc681e,6118ae753e7869a6676eab873bbd97832260b434782324da367a8542c2dd9c41,True,attention_lstm,0.9,41,equal original group diagnostic; distinct from pooled,2.8085448794997103,0.0981646945182323,1.575314331054685,42.84565804893057,3.194394953123783
rico,15,2,43,degrees C,15,smart_building_conformal/outputs/matched_forecasting005/rico_h15_f2_s43_v1,cd907183301a189ddfcc195774dad58c8fa07d5b326d2ac29cf3636383dc681e,6118ae753e7869a6676eab873bbd97832260b434782324da367a8542c2dd9c41,True,attention_lstm,0.95,41,equal original group diagnostic; distinct from pooled,2.8085448794997103,0.11156725428640424,1.8199203491210914,79.97536352544957,3.194394953123783
rico,30,2,43,degrees C,30,smart_building_conformal/outputs/matched_forecasting005/rico_h30_f2_s43_v1,cd907183301a189ddfcc195774dad58c8fa07d5b326d2ac29cf3636383dc681e,050b5ce09462d58b7bce831cbc47f90ab7c8a1dad2cdbf0f11daf141c77b099b,True,persistence,0.9,41,equal original group diagnostic; distinct from pooled,0.38969610016955786,0.921612103821573,2.0,3.0014347202295557,0.5994280130858493
rico,30,2,43,degrees C,30,smart_building_conformal/outputs/matched_forecasting005/rico_h30_f2_s43_v1,cd907183301a189ddfcc195774dad58c8fa07d5b326d2ac29cf3636383dc681e,050b5ce09462d58b7bce831cbc47f90ab7c8a1dad2cdbf0f11daf141c77b099b,True,persistence,0.95,41,equal original group diagnostic; distinct from pooled,0.38969610016955786,0.9641319942611192,3.0,3.862397287074474,0.5994280130858493
rico,30,2,43,degrees C,30,smart_building_conformal/outputs/matched_forecasting005/rico_h30_f2_s43_v1,cd907183301a189ddfcc195774dad58c8fa07d5b326d2ac29cf3636383dc681e,050b5ce09462d58b7bce831cbc47f90ab7c8a1dad2cdbf0f11daf141c77b099b,True,xgboost,0.9,41,equal original group diagnostic; distinct from pooled,0.6901035285950703,0.6164079822616408,1.2959991455078137,6.610559422353788,0.9480814017578155
rico,30,2,43,degrees C,30,smart_building_conformal/outputs/matched_forecasting005/rico_h30_f2_s43_v1,cd907183301a189ddfcc195774dad58c8fa07d5b326d2ac29cf3636383dc681e,050b5ce09462d58b7bce831cbc47f90ab7c8a1dad2cdbf0f11daf141c77b099b,True,xgboost,0.95,41,equal original group diagnostic; distinct from pooled,0.6901035285950703,0.7888352680318247,2.1206932067871094,7.982106318883666,0.9480814017578155
rico,30,2,43,degrees C,30,smart_building_conformal/outputs/matched_forecasting005/rico_h30_f2_s43_v1,cd907183301a189ddfcc195774dad58c8fa07d5b326d2ac29cf3636383dc681e,050b5ce09462d58b7bce831cbc47f90ab7c8a1dad2cdbf0f11daf141c77b099b,True,attention_lstm,0.9,41,equal original group diagnostic; distinct from pooled,3.181346144949237,0.06312769010043041,1.5912155151367176,49.76551666160258,3.5009079497265385
rico,30,2,43,degrees C,30,smart_building_conformal/outputs/matched_forecasting005/rico_h30_f2_s43_v1,cd907183301a189ddfcc195774dad58c8fa07d5b326d2ac29cf3636383dc681e,050b5ce09462d58b7bce831cbc47f90ab7c8a1dad2cdbf0f11daf141c77b099b,True,attention_lstm,0.95,41,equal original group diagnostic; distinct from pooled,3.181346144949237,0.09130037824442415,1.9049430847167907,92.47995505889581,3.5009079497265385
rico,60,2,43,degrees C,60,smart_building_conformal/outputs/matched_forecasting005/rico_h60_f2_s43_v1,cd907183301a189ddfcc195774dad58c8fa07d5b326d2ac29cf3636383dc681e,85ad761357274da3f86ef8417ede058f4bfe3615117513b11d0b1ac2c3765dfe,True,persistence,0.9,41,equal original group diagnostic; distinct from pooled,0.7156750038837968,0.9241882864688519,3.600000000000002,5.100388379679976,1.041377894828978
rico,60,2,43,degrees C,60,smart_building_conformal/outputs/matched_forecasting005/rico_h60_f2_s43_v1,cd907183301a189ddfcc195774dad58c8fa07d5b326d2ac29cf3636383dc681e,85ad761357274da3f86ef8417ede058f4bfe3615117513b11d0b1ac2c3765dfe,True,persistence,0.95,41,equal original group diagnostic; distinct from pooled,0.7156750038837968,0.9608513282585055,5.0,6.3975454404225545,1.041377894828978
rico,60,2,43,degrees C,60,smart_building_conformal/outputs/matched_forecasting005/rico_h60_f2_s43_v1,cd907183301a189ddfcc195774dad58c8fa07d5b326d2ac29cf3636383dc681e,85ad761357274da3f86ef8417ede058f4bfe3615117513b11d0b1ac2c3765dfe,True,xgboost,0.9,41,equal original group diagnostic; distinct from pooled,1.2461093089512756,0.6872766816840143,3.0183586120605455,10.606001338037219,1.8670279524605418
rico,60,2,43,degrees C,60,smart_building_conformal/outputs/matched_forecasting005/rico_h60_f2_s43_v1,cd907183301a189ddfcc195774dad58c8fa07d5b326d2ac29cf3636383dc681e,85ad761357274da3f86ef8417ede058f4bfe3615117513b11d0b1ac2c3765dfe,True,xgboost,0.95,41,equal original group diagnostic; distinct from pooled,1.2461093089512756,0.870281186888302,4.954713439941408,11.722176437769049,1.8670279524605418
rico,60,2,43,degrees C,60,smart_building_conformal/outputs/matched_forecasting005/rico_h60_f2_s43_v1,cd907183301a189ddfcc195774dad58c8fa07d5b326d2ac29cf3636383dc681e,85ad761357274da3f86ef8417ede058f4bfe3615117513b11d0b1ac2c3765dfe,True,attention_lstm,0.9,41,equal original group diagnostic; distinct from pooled,3.168240174392338,0.11325151468075191,1.7072830200195312,48.98195249715429,3.6269567967429404
rico,60,2,43,degrees C,60,smart_building_conformal/outputs/matched_forecasting005/rico_h60_f2_s43_v1,cd907183301a189ddfcc195774dad58c8fa07d5b326d2ac29cf3636383dc681e,85ad761357274da3f86ef8417ede058f4bfe3615117513b11d0b1ac2c3765dfe,True,attention_lstm,0.95,41,equal original group diagnostic; distinct from pooled,3.168240174392338,0.1373310548392108,2.108522796630859,89.65355773885477,3.6269567967429404
bdg2,1,2,43,kWh per hour,60,smart_building_conformal/outputs/matched_forecasting005/bdg2_h1_f2_s43_v1,cd907183301a189ddfcc195774dad58c8fa07d5b326d2ac29cf3636383dc681e,58027826a3a98cb7b4370662f19aaa693ba6370fe417a19ca4c32b3141872a0e,True,persistence,0.9,10,equal original group diagnostic; distinct from pooled,20.947362168612568,0.8952452136359262,115.80600000000075,207.12505286318105,41.61243200970418
bdg2,1,2,43,kWh per hour,60,smart_building_conformal/outputs/matched_forecasting005/bdg2_h1_f2_s43_v1,cd907183301a189ddfcc195774dad58c8fa07d5b326d2ac29cf3636383dc681e,58027826a3a98cb7b4370662f19aaa693ba6370fe417a19ca4c32b3141872a0e,True,persistence,0.95,10,equal original group diagnostic; distinct from pooled,20.947362168612568,0.9469343110949577,165.40000000000003,273.3481909816455,41.61243200970418
bdg2,1,2,43,kWh per hour,60,smart_building_conformal/outputs/matched_forecasting005/bdg2_h1_f2_s43_v1,cd907183301a189ddfcc195774dad58c8fa07d5b326d2ac29cf3636383dc681e,58027826a3a98cb7b4370662f19aaa693ba6370fe417a19ca4c32b3141872a0e,True,xgboost,0.9,10,equal original group diagnostic; distinct from pooled,17.71954774136252,0.9026975103423949,93.38885986328124,171.87931802461418,34.886655130163746
bdg2,1,2,43,kWh per hour,60,smart_building_conformal/outputs/matched_forecasting005/bdg2_h1_f2_s43_v1,cd907183301a189ddfcc195774dad58c8fa07d5b326d2ac29cf3636383dc681e,58027826a3a98cb7b4370662f19aaa693ba6370fe417a19ca4c32b3141872a0e,True,xgboost,0.95,10,equal original group diagnostic; distinct from pooled,17.71954774136252,0.9491789154115045,136.78737792968747,232.22806035674125,34.886655130163746
bdg2,1,2,43,kWh per hour,60,smart_building_conformal/outputs/matched_forecasting005/bdg2_h1_f2_s43_v1,cd907183301a189ddfcc195774dad58c8fa07d5b326d2ac29cf3636383dc681e,58027826a3a98cb7b4370662f19aaa693ba6370fe417a19ca4c32b3141872a0e,True,attention_lstm,0.9,10,equal original group diagnostic; distinct from pooled,19.575850063919933,0.9038811292719167,100.19955859375,182.23694424283457,37.660469642560756
bdg2,1,2,43,kWh per hour,60,smart_building_conformal/outputs/matched_forecasting005/bdg2_h1_f2_s43_v1,cd907183301a189ddfcc195774dad58c8fa07d5b326d2ac29cf3636383dc681e,58027826a3a98cb7b4370662f19aaa693ba6370fe417a19ca4c32b3141872a0e,True,attention_lstm,0.95,10,equal original group diagnostic; distinct from pooled,19.575850063919933,0.951884892086331,146.74984326171875,246.54641442080703,37.660469642560756
bdg2,3,2,43,kWh per hour,180,smart_building_conformal/outputs/matched_forecasting005/bdg2_h3_f2_s43_v1,cd907183301a189ddfcc195774dad58c8fa07d5b326d2ac29cf3636383dc681e,6225a33e725729d2d0c357a6cdf095480c5fe7a60e3289df38edacdb5f0da356,True,persistence,0.9,10,equal original group diagnostic; distinct from pooled,42.73484162524506,0.8981573326776916,250.0,401.5787293406737,78.59821564851958
bdg2,3,2,43,kWh per hour,180,smart_building_conformal/outputs/matched_forecasting005/bdg2_h3_f2_s43_v1,cd907183301a189ddfcc195774dad58c8fa07d5b326d2ac29cf3636383dc681e,6225a33e725729d2d0c357a6cdf095480c5fe7a60e3289df38edacdb5f0da356,True,persistence,0.95,10,equal original group diagnostic; distinct from pooled,42.73484162524506,0.946158273381295,344.1999999999999,504.24377058992786,78.59821564851958
bdg2,3,2,43,kWh per hour,180,smart_building_conformal/outputs/matched_forecasting005/bdg2_h3_f2_s43_v1,cd907183301a189ddfcc195774dad58c8fa07d5b326d2ac29cf3636383dc681e,6225a33e725729d2d0c357a6cdf095480c5fe7a60e3289df38edacdb5f0da356,True,xgboost,0.9,10,equal original group diagnostic; distinct from pooled,28.53219501446863,0.90663995638556,146.7899169921875,264.69904927866344,54.060084787992686
bdg2,3,2,43,kWh per hour,180,smart_building_conformal/outputs/matched_forecasting005/bdg2_h3_f2_s43_v1,cd907183301a189ddfcc195774dad58c8fa07d5b326d2ac29cf3636383dc681e,6225a33e725729d2d0c357a6cdf095480c5fe7a60e3289df38edacdb5f0da356,True,xgboost,0.95,10,equal original group diagnostic; distinct from pooled,28.53219501446863,0.9485467625899281,207.56235546874996,358.9338302801854,54.060084787992686
bdg2,3,2,43,kWh per hour,180,smart_building_conformal/outputs/matched_forecasting005/bdg2_h3_f2_s43_v1,cd907183301a189ddfcc195774dad58c8fa07d5b326d2ac29cf3636383dc681e,6225a33e725729d2d0c357a6cdf095480c5fe7a60e3289df38edacdb5f0da356,True,attention_lstm,0.9,10,equal original group diagnostic; distinct from pooled,33.40249165606262,0.9055917560156928,165.1125371093749,314.181912230799,65.43854190913906
bdg2,3,2,43,kWh per hour,180,smart_building_conformal/outputs/matched_forecasting005/bdg2_h3_f2_s43_v1,cd907183301a189ddfcc195774dad58c8fa07d5b326d2ac29cf3636383dc681e,6225a33e725729d2d0c357a6cdf095480c5fe7a60e3289df38edacdb5f0da356,True,attention_lstm,0.95,10,equal original group diagnostic; distinct from pooled,33.40249165606262,0.9495483126129113,237.4423278808594,435.0557901713981,65.43854190913906
bdg2,6,2,43,kWh per hour,360,smart_building_conformal/outputs/matched_forecasting005/bdg2_h6_f2_s43_v1,cd907183301a189ddfcc195774dad58c8fa07d5b326d2ac29cf3636383dc681e,077b77572186c5f9d9893e3c98265d76a061cc7ec7c7da76d384cccbee2ffa0f,True,persistence,0.9,10,equal original group diagnostic; distinct from pooled,73.178199145204,0.8978705035971224,406.31199999999984,579.7212572661871,119.78364520238526
bdg2,6,2,43,kWh per hour,360,smart_building_conformal/outputs/matched_forecasting005/bdg2_h6_f2_s43_v1,cd907183301a189ddfcc195774dad58c8fa07d5b326d2ac29cf3636383dc681e,077b77572186c5f9d9893e3c98265d76a061cc7ec7c7da76d384cccbee2ffa0f,True,persistence,0.95,10,equal original group diagnostic; distinct from pooled,73.178199145204,0.9444028776978417,498.0,702.3863086043164,119.78364520238526
bdg2,6,2,43,kWh per hour,360,smart_building_conformal/outputs/matched_forecasting005/bdg2_h6_f2_s43_v1,cd907183301a189ddfcc195774dad58c8fa07d5b326d2ac29cf3636383dc681e,077b77572186c5f9d9893e3c98265d76a061cc7ec7c7da76d384cccbee2ffa0f,True,xgboost,0.9,10,equal original group diagnostic; distinct from pooled,34.19704346133559,0.9081986167381103,176.23862402343724,323.4196048285511,66.79669097394803
bdg2,6,2,43,kWh per hour,360,smart_building_conformal/outputs/matched_forecasting005/bdg2_h6_f2_s43_v1,cd907183301a189ddfcc195774dad58c8fa07d5b326d2ac29cf3636383dc681e,077b77572186c5f9d9893e3c98265d76a061cc7ec7c7da76d384cccbee2ffa0f,True,xgboost,0.95,10,equal original group diagnostic; distinct from pooled,34.19704346133559,0.94863309352518,247.0686191406247,443.8251026888418,66.79669097394803
bdg2,6,2,43,kWh per hour,360,smart_building_conformal/outputs/matched_forecasting005/bdg2_h6_f2_s43_v1,cd907183301a189ddfcc195774dad58c8fa07d5b326d2ac29cf3636383dc681e,077b77572186c5f9d9893e3c98265d76a061cc7ec7c7da76d384cccbee2ffa0f,True,attention_lstm,0.9,10,equal original group diagnostic; distinct from pooled,40.10653001895161,0.9085459929233434,201.8639169921875,366.4043160709014,76.70828246701694
bdg2,6,2,43,kWh per hour,360,smart_building_conformal/outputs/matched_forecasting005/bdg2_h6_f2_s43_v1,cd907183301a189ddfcc195774dad58c8fa07d5b326d2ac29cf3636383dc681e,077b77572186c5f9d9893e3c98265d76a061cc7ec7c7da76d384cccbee2ffa0f,True,attention_lstm,0.95,10,equal original group diagnostic; distinct from pooled,40.10653001895161,0.9543790821725977,287.7535937499998,504.85938896693835,76.70828246701694
pleia,1,2,43,degrees C,10,smart_building_conformal/outputs/matched_forecasting005/pleia_h1_f2_s43_v1,cd907183301a189ddfcc195774dad58c8fa07d5b326d2ac29cf3636383dc681e,006c7b08726fdfe876769e33b3062b900b78e677877db0102c7be60883189b03,True,persistence,0.9,1,equal original group diagnostic; distinct from pooled,0.23937619864742102,0.9408499041082063,1.2000000000000028,1.5472292318562646,0.3366736506882145
pleia,1,2,43,degrees C,10,smart_building_conformal/outputs/matched_forecasting005/pleia_h1_f2_s43_v1,cd907183301a189ddfcc195774dad58c8fa07d5b326d2ac29cf3636383dc681e,006c7b08726fdfe876769e33b3062b900b78e677877db0102c7be60883189b03,True,persistence,0.95,1,equal original group diagnostic; distinct from pooled,0.23937619864742102,0.9651761380841829,1.599999999999994,1.9044312102553733,0.3366736506882145
pleia,1,2,43,degrees C,10,smart_building_conformal/outputs/matched_forecasting005/pleia_h1_f2_s43_v1,cd907183301a189ddfcc195774dad58c8fa07d5b326d2ac29cf3636383dc681e,006c7b08726fdfe876769e33b3062b900b78e677877db0102c7be60883189b03,True,xgboost,0.9,1,equal original group diagnostic; distinct from pooled,2.289884834524432,0.2546684162713233,2.1529594421386733,28.899633950244716,2.691467848820989
pleia,1,2,43,degrees C,10,smart_building_conformal/outputs/matched_forecasting005/pleia_h1_f2_s43_v1,cd907183301a189ddfcc195774dad58c8fa07d5b326d2ac29cf3636383dc681e,006c7b08726fdfe876769e33b3062b900b78e677877db0102c7be60883189b03,True,xgboost,0.95,1,equal original group diagnostic; distinct from pooled,2.289884834524432,0.32724336327848996,2.727000427246097,48.09584814418001,2.691467848820989
pleia,1,2,43,degrees C,10,smart_building_conformal/outputs/matched_forecasting005/pleia_h1_f2_s43_v1,cd907183301a189ddfcc195774dad58c8fa07d5b326d2ac29cf3636383dc681e,006c7b08726fdfe876769e33b3062b900b78e677877db0102c7be60883189b03,True,attention_lstm,0.9,1,equal original group diagnostic; distinct from pooled,3.102227869801027,0.2281215302311497,3.288228607177736,35.865988668447734,3.4921198483310514
pleia,1,2,43,degrees C,10,smart_building_conformal/outputs/matched_forecasting005/pleia_h1_f2_s43_v1,cd907183301a189ddfcc195774dad58c8fa07d5b326d2ac29cf3636383dc681e,006c7b08726fdfe876769e33b3062b900b78e677877db0102c7be60883189b03,True,attention_lstm,0.95,1,equal original group diagnostic; distinct from pooled,3.102227869801027,0.29443827596648836,4.078415679931638,57.56652318735566,3.4921198483310514
pleia,3,2,43,degrees C,30,smart_building_conformal/outputs/matched_forecasting005/pleia_h3_f2_s43_v1,cd907183301a189ddfcc195774dad58c8fa07d5b326d2ac29cf3636383dc681e,591cc9bc729f1568eb03adc14a89532c11b371bf24f5f2b6e51e6eb80bd8971b,True,persistence,0.9,1,equal original group diagnostic; distinct from pooled,0.3915918037751086,0.9363076612496215,2.0,2.665186231957202,0.5655364111359953
pleia,3,2,43,degrees C,30,smart_building_conformal/outputs/matched_forecasting005/pleia_h3_f2_s43_v1,cd907183301a189ddfcc195774dad58c8fa07d5b326d2ac29cf3636383dc681e,591cc9bc729f1568eb03adc14a89532c11b371bf24f5f2b6e51e6eb80bd8971b,True,persistence,0.95,1,equal original group diagnostic; distinct from pooled,0.3915918037751086,0.9600282628444534,2.4000000000000057,3.2700918542444737,0.5655364111359953
pleia,3,2,43,degrees C,30,smart_building_conformal/outputs/matched_forecasting005/pleia_h3_f2_s43_v1,cd907183301a189ddfcc195774dad58c8fa07d5b326d2ac29cf3636383dc681e,591cc9bc729f1568eb03adc14a89532c11b371bf24f5f2b6e51e6eb80bd8971b,True,xgboost,0.9,1,equal original group diagnostic; distinct from pooled,3.319667929328509,0.23407691531240538,3.9783088684082064,34.31631218388569,3.6956747238295584
pleia,3,2,43,degrees C,30,smart_building_conformal/outputs/matched_forecasting005/pleia_h3_f2_s43_v1,cd907183301a189ddfcc195774dad58c8fa07d5b326d2ac29cf3636383dc681e,591cc9bc729f1568eb03adc14a89532c11b371bf24f5f2b6e51e6eb80bd8971b,True,xgboost,0.95,1,equal original group diagnostic; distinct from pooled,3.319667929328509,0.31200161501968304,4.72201232910156,54.59111551793248,3.6956747238295584
pleia,3,2,43,degrees C,30,smart_building_conformal/outputs/matched_forecasting005/pleia_h3_f2_s43_v1,cd907183301a189ddfcc195774dad58c8fa07d5b326d2ac29cf3636383dc681e,591cc9bc729f1568eb03adc14a89532c11b371bf24f5f2b6e51e6eb80bd8971b,True,attention_lstm,0.9,1,equal original group diagnostic; distinct from pooled,3.5752859793097294,0.23215907943878067,4.591982269287108,34.4771654432641,3.914436126986378
pleia,3,2,43,degrees C,30,smart_building_conformal/outputs/matched_forecasting005/pleia_h3_f2_s43_v1,cd907183301a189ddfcc195774dad58c8fa07d5b326d2ac29cf3636383dc681e,591cc9bc729f1568eb03adc14a89532c11b371bf24f5f2b6e51e6eb80bd8971b,True,attention_lstm,0.95,1,equal original group diagnostic; distinct from pooled,3.5752859793097294,0.300393661047744,5.441480255126953,52.73237168587474,3.914436126986378
pleia,6,2,43,degrees C,60,smart_building_conformal/outputs/matched_forecasting005/pleia_h6_f2_s43_v1,cd907183301a189ddfcc195774dad58c8fa07d5b326d2ac29cf3636383dc681e,12a21c7ab9474210c38718dc5d0ad8b0f6eeab8c5f54e8c84e545f094db17d5f,True,persistence,0.9,1,equal original group diagnostic; distinct from pooled,0.5479458968406178,0.9193499545775714,2.6000000000000014,3.6683355203391548,0.7817754844230004
pleia,6,2,43,degrees C,60,smart_building_conformal/outputs/matched_forecasting005/pleia_h6_f2_s43_v1,cd907183301a189ddfcc195774dad58c8fa07d5b326d2ac29cf3636383dc681e,12a21c7ab9474210c38718dc5d0ad8b0f6eeab8c5f54e8c84e545f094db17d5f,True,persistence,0.95,1,equal original group diagnostic; distinct from pooled,0.5479458968406178,0.95306349046129,3.2000000000000033,4.51422226708388,0.7817754844230004
pleia,6,2,43,degrees C,60,smart_building_conformal/outputs/matched_forecasting005/pleia_h6_f2_s43_v1,cd907183301a189ddfcc195774dad58c8fa07d5b326d2ac29cf3636383dc681e,12a21c7ab9474210c38718dc5d0ad8b0f6eeab8c5f54e8c84e545f094db17d5f,True,xgboost,0.9,1,equal original group diagnostic; distinct from pooled,4.518625914524671,0.2433632784899566,5.993245697021484,41.805766577550735,4.940293577016207
pleia,6,2,43,degrees C,60,smart_building_conformal/outputs/matched_forecasting005/pleia_h6_f2_s43_v1,cd907183301a189ddfcc195774dad58c8fa07d5b326d2ac29cf3636383dc681e,12a21c7ab9474210c38718dc5d0ad8b0f6eeab8c5f54e8c84e545f094db17d5f,True,xgboost,0.95,1,equal original group diagnostic; distinct from pooled,4.518625914524671,0.32572928232562837,6.950659942626955,64.89765624006561,4.940293577016207
pleia,6,2,43,degrees C,60,smart_building_conformal/outputs/matched_forecasting005/pleia_h6_f2_s43_v1,cd907183301a189ddfcc195774dad58c8fa07d5b326d2ac29cf3636383dc681e,12a21c7ab9474210c38718dc5d0ad8b0f6eeab8c5f54e8c84e545f094db17d5f,True,attention_lstm,0.9,1,equal original group diagnostic; distinct from pooled,4.644988419538648,0.19612395276067426,6.348213195800781,40.08319898247057,4.948151953795947
pleia,6,2,43,degrees C,60,smart_building_conformal/outputs/matched_forecasting005/pleia_h6_f2_s43_v1,cd907183301a189ddfcc195774dad58c8fa07d5b326d2ac29cf3636383dc681e,12a21c7ab9474210c38718dc5d0ad8b0f6eeab8c5f54e8c84e545f094db17d5f,True,attention_lstm,0.95,1,equal original group diagnostic; distinct from pooled,4.644988419538648,0.2692035934187948,7.287944793701172,60.32703394537024,4.948151953795947
pleia_energy,1,2,44,kWh per 10 minutes,10,smart_building_conformal/outputs/matched_forecasting005/pleia_energy_h1_f2_s44_v1,cd907183301a189ddfcc195774dad58c8fa07d5b326d2ac29cf3636383dc681e,7305c5b5c944d7ca23477856f743db6c5d3fc66016caca920440b0e349553e29,True,persistence,0.9,1,equal original group diagnostic; distinct from pooled,0.12760863530836783,0.5603108912889876,0.078125,2.097025777228223,0.24188010063684087
pleia_energy,1,2,44,kWh per 10 minutes,10,smart_building_conformal/outputs/matched_forecasting005/pleia_energy_h1_f2_s44_v1,cd907183301a189ddfcc195774dad58c8fa07d5b326d2ac29cf3636383dc681e,7305c5b5c944d7ca23477856f743db6c5d3fc66016caca920440b0e349553e29,True,persistence,0.95,1,equal original group diagnostic; distinct from pooled,0.12760863530836783,0.6428787725850409,0.125,3.783587362470977,0.24188010063684087
pleia_energy,1,2,44,kWh per 10 minutes,10,smart_building_conformal/outputs/matched_forecasting005/pleia_energy_h1_f2_s44_v1,cd907183301a189ddfcc195774dad58c8fa07d5b326d2ac29cf3636383dc681e,7305c5b5c944d7ca23477856f743db6c5d3fc66016caca920440b0e349553e29,True,xgboost,0.9,1,equal original group diagnostic; distinct from pooled,0.12417583149578902,0.6836580195821137,0.23706039786338806,1.4594009115042088,0.21421679296037713
pleia_energy,1,2,44,kWh per 10 minutes,10,smart_building_conformal/outputs/matched_forecasting005/pleia_energy_h1_f2_s44_v1,cd907183301a189ddfcc195774dad58c8fa07d5b326d2ac29cf3636383dc681e,7305c5b5c944d7ca23477856f743db6c5d3fc66016caca920440b0e349553e29,True,xgboost,0.95,1,equal original group diagnostic; distinct from pooled,0.12417583149578902,0.787221156757848,0.3861774206161499,2.0495656989676503,0.21421679296037713
pleia_energy,1,2,44,kWh per 10 minutes,10,smart_building_conformal/outputs/matched_forecasting005/pleia_energy_h1_f2_s44_v1,cd907183301a189ddfcc195774dad58c8fa07d5b326d2ac29cf3636383dc681e,7305c5b5c944d7ca23477856f743db6c5d3fc66016caca920440b0e349553e29,True,attention_lstm,0.9,1,equal original group diagnostic; distinct from pooled,0.12573126795627135,0.49318663571212273,0.11314880847930908,1.7843259784760672,0.22250128127990207
pleia_energy,1,2,44,kWh per 10 minutes,10,smart_building_conformal/outputs/matched_forecasting005/pleia_energy_h1_f2_s44_v1,cd907183301a189ddfcc195774dad58c8fa07d5b326d2ac29cf3636383dc681e,7305c5b5c944d7ca23477856f743db6c5d3fc66016caca920440b0e349553e29,True,attention_lstm,0.95,1,equal original group diagnostic; distinct from pooled,0.12573126795627135,0.5811042697082871,0.14725005626678467,3.1765613939153954,0.22250128127990207
pleia_energy,3,2,44,kWh per 10 minutes,30,smart_building_conformal/outputs/matched_forecasting005/pleia_energy_h3_f2_s44_v1,cd907183301a189ddfcc195774dad58c8fa07d5b326d2ac29cf3636383dc681e,7005585684404ffcda0b1dfc1efe74e1c1f8f20f66456d7cf8b530c192a57eff,True,persistence,0.9,1,equal original group diagnostic; distinct from pooled,0.13126135560714647,0.5711113354194004,0.078125,2.1860568915918046,0.257541502923049
pleia_energy,3,2,44,kWh per 10 minutes,30,smart_building_conformal/outputs/matched_forecasting005/pleia_energy_h3_f2_s44_v1,cd907183301a189ddfcc195774dad58c8fa07d5b326d2ac29cf3636383dc681e,7005585684404ffcda0b1dfc1efe74e1c1f8f20f66456d7cf8b530c192a57eff,True,persistence,0.95,1,equal original group diagnostic; distinct from pooled,0.13126135560714647,0.6392449782981731,0.125,3.9634475623296628,0.257541502923049
pleia_energy,3,2,44,kWh per 10 minutes,30,smart_building_conformal/outputs/matched_forecasting005/pleia_energy_h3_f2_s44_v1,cd907183301a189ddfcc195774dad58c8fa07d5b326d2ac29cf3636383dc681e,7005585684404ffcda0b1dfc1efe74e1c1f8f20f66456d7cf8b530c192a57eff,True,xgboost,0.9,1,equal original group diagnostic; distinct from pooled,0.12048123149249969,0.7304935903906329,0.26035797595977783,1.4276504947768098,0.22580041940214277
pleia_energy,3,2,44,kWh per 10 minutes,30,smart_building_conformal/outputs/matched_forecasting005/pleia_energy_h3_f2_s44_v1,cd907183301a189ddfcc195774dad58c8fa07d5b326d2ac29cf3636383dc681e,7005585684404ffcda0b1dfc1efe74e1c1f8f20f66456d7cf8b530c192a57eff,True,xgboost,0.95,1,equal original group diagnostic; distinct from pooled,0.12048123149249969,0.7855051983446049,0.3433857858181,2.279570917660476,0.22580041940214277
pleia_energy,3,2,44,kWh per 10 minutes,30,smart_building_conformal/outputs/matched_forecasting005/pleia_energy_h3_f2_s44_v1,cd907183301a189ddfcc195774dad58c8fa07d5b326d2ac29cf3636383dc681e,7005585684404ffcda0b1dfc1efe74e1c1f8f20f66456d7cf8b530c192a57eff,True,attention_lstm,0.9,1,equal original group diagnostic; distinct from pooled,0.14363490562933756,0.552538609064298,0.18830132484436035,1.727007078934332,0.24558303206076962
pleia_energy,3,2,44,kWh per 10 minutes,30,smart_building_conformal/outputs/matched_forecasting005/pleia_energy_h3_f2_s44_v1,cd907183301a189ddfcc195774dad58c8fa07d5b326d2ac29cf3636383dc681e,7005585684404ffcda0b1dfc1efe74e1c1f8f20f66456d7cf8b530c192a57eff,True,attention_lstm,0.95,1,equal original group diagnostic; distinct from pooled,0.14363490562933756,0.6464116281417179,0.2337471842765808,2.948904772735908,0.24558303206076962
pleia_energy,6,2,44,kWh per 10 minutes,60,smart_building_conformal/outputs/matched_forecasting005/pleia_energy_h6_f2_s44_v1,cd907183301a189ddfcc195774dad58c8fa07d5b326d2ac29cf3636383dc681e,5d84a3cdb1f24e4bae241c0a4e3a47bf0400815a82460b134e1a6e358a87472e,True,persistence,0.9,1,equal original group diagnostic; distinct from pooled,0.12998936988997678,0.5607146462097506,0.078125,2.156516541334411,0.25754481604675455
pleia_energy,6,2,44,kWh per 10 minutes,60,smart_building_conformal/outputs/matched_forecasting005/pleia_energy_h6_f2_s44_v1,cd907183301a189ddfcc195774dad58c8fa07d5b326d2ac29cf3636383dc681e,5d84a3cdb1f24e4bae241c0a4e3a47bf0400815a82460b134e1a6e358a87472e,True,persistence,0.95,1,equal original group diagnostic; distinct from pooled,0.12998936988997678,0.6406581205208438,0.125,3.899036035126675,0.25754481604675455
pleia_energy,6,2,44,kWh per 10 minutes,60,smart_building_conformal/outputs/matched_forecasting005/pleia_energy_h6_f2_s44_v1,cd907183301a189ddfcc195774dad58c8fa07d5b326d2ac29cf3636383dc681e,5d84a3cdb1f24e4bae241c0a4e3a47bf0400815a82460b134e1a6e358a87472e,True,xgboost,0.9,1,equal original group diagnostic; distinct from pooled,0.12891213605305413,0.6325830221055819,0.15741682052612305,1.7849850063910215,0.24450573261577294
pleia_energy,6,2,44,kWh per 10 minutes,60,smart_building_conformal/outputs/matched_forecasting005/pleia_energy_h6_f2_s44_v1,cd907183301a189ddfcc195774dad58c8fa07d5b326d2ac29cf3636383dc681e,5d84a3cdb1f24e4bae241c0a4e3a47bf0400815a82460b134e1a6e358a87472e,True,xgboost,0.95,1,equal original group diagnostic; distinct from pooled,0.12891213605305413,0.7052589078429393,0.2293204963207245,3.010205664746126,0.24450573261577294
pleia_energy,6,2,44,kWh per 10 minutes,60,smart_building_conformal/outputs/matched_forecasting005/pleia_energy_h6_f2_s44_v1,cd907183301a189ddfcc195774dad58c8fa07d5b326d2ac29cf3636383dc681e,5d84a3cdb1f24e4bae241c0a4e3a47bf0400815a82460b134e1a6e358a87472e,True,attention_lstm,0.9,1,equal original group diagnostic; distinct from pooled,0.1482799730400054,0.5812052084384779,0.20716702938079834,1.7847461006626226,0.26174505106155915
pleia_energy,6,2,44,kWh per 10 minutes,60,smart_building_conformal/outputs/matched_forecasting005/pleia_energy_h6_f2_s44_v1,cd907183301a189ddfcc195774dad58c8fa07d5b326d2ac29cf3636383dc681e,5d84a3cdb1f24e4bae241c0a4e3a47bf0400815a82460b134e1a6e358a87472e,True,attention_lstm,0.95,1,equal original group diagnostic; distinct from pooled,0.1482799730400054,0.6838598970424952,0.27022701501846313,2.9654084210187865,0.26174505106155915
rico,5,2,44,degrees C,5,smart_building_conformal/outputs/matched_forecasting005/rico_h5_f2_s44_v1,cd907183301a189ddfcc195774dad58c8fa07d5b326d2ac29cf3636383dc681e,6e0a75894df5a2ec4fa8ed9012956025089b82b4d04a42a051dc20244c9643c2,True,persistence,0.9,41,equal original group diagnostic; distinct from pooled,0.07447077772664519,0.9282098481362173,0.3999999999999986,0.6013345605154169,0.12451008457023499
rico,5,2,44,degrees C,5,smart_building_conformal/outputs/matched_forecasting005/rico_h5_f2_s44_v1,cd907183301a189ddfcc195774dad58c8fa07d5b326d2ac29cf3636383dc681e,6e0a75894df5a2ec4fa8ed9012956025089b82b4d04a42a051dc20244c9643c2,True,persistence,0.95,41,equal original group diagnostic; distinct from pooled,0.07447077772664519,0.9723884031293143,0.6000000000000014,0.7808559595029918,0.12451008457023499
rico,5,2,44,degrees C,5,smart_building_conformal/outputs/matched_forecasting005/rico_h5_f2_s44_v1,cd907183301a189ddfcc195774dad58c8fa07d5b326d2ac29cf3636383dc681e,6e0a75894df5a2ec4fa8ed9012956025089b82b4d04a42a051dc20244c9643c2,True,xgboost,0.9,41,equal original group diagnostic; distinct from pooled,0.2889231949537183,0.4466175793833409,0.3372200012207003,3.603546852852649,0.4426592272943201
rico,5,2,44,degrees C,5,smart_building_conformal/outputs/matched_forecasting005/rico_h5_f2_s44_v1,cd907183301a189ddfcc195774dad58c8fa07d5b326d2ac29cf3636383dc681e,6e0a75894df5a2ec4fa8ed9012956025089b82b4d04a42a051dc20244c9643c2,True,xgboost,0.95,41,equal original group diagnostic; distinct from pooled,0.2889231949537183,0.6022779567418315,0.5208442687988253,5.297879300422526,0.4426592272943201
rico,5,2,44,degrees C,5,smart_building_conformal/outputs/matched_forecasting005/rico_h5_f2_s44_v1,cd907183301a189ddfcc195774dad58c8fa07d5b326d2ac29cf3636383dc681e,6e0a75894df5a2ec4fa8ed9012956025089b82b4d04a42a051dc20244c9643c2,True,attention_lstm,0.9,41,equal original group diagnostic; distinct from pooled,2.752001226392694,0.05050621260929591,1.4559997558593738,42.40996272091049,2.9923127390267306
rico,5,2,44,degrees C,5,smart_building_conformal/outputs/matched_forecasting005/rico_h5_f2_s44_v1,cd907183301a189ddfcc195774dad58c8fa07d5b326d2ac29cf3636383dc681e,6e0a75894df5a2ec4fa8ed9012956025089b82b4d04a42a051dc20244c9643c2,True,attention_lstm,0.95,41,equal original group diagnostic; distinct from pooled,2.752001226392694,0.05878969167050161,1.632712554931643,80.19769451669751,2.9923127390267306
rico,15,2,44,degrees C,15,smart_building_conformal/outputs/matched_forecasting005/rico_h15_f2_s44_v1,cd907183301a189ddfcc195774dad58c8fa07d5b326d2ac29cf3636383dc681e,01fd3965e400bdbca1098dcdcbf99395ee6b446384d55833c260e9b9f41206df,True,persistence,0.9,41,equal original group diagnostic; distinct from pooled,0.20938179183772038,0.9153586090316349,1.0,1.6582950978024635,0.33076021266260025
rico,15,2,44,degrees C,15,smart_building_conformal/outputs/matched_forecasting005/rico_h15_f2_s44_v1,cd907183301a189ddfcc195774dad58c8fa07d5b326d2ac29cf3636383dc681e,01fd3965e400bdbca1098dcdcbf99395ee6b446384d55833c260e9b9f41206df,True,persistence,0.95,41,equal original group diagnostic; distinct from pooled,0.20938179183772038,0.9629316590195606,1.6000000000000012,2.1462448683892776,0.33076021266260025
rico,15,2,44,degrees C,15,smart_building_conformal/outputs/matched_forecasting005/rico_h15_f2_s44_v1,cd907183301a189ddfcc195774dad58c8fa07d5b326d2ac29cf3636383dc681e,01fd3965e400bdbca1098dcdcbf99395ee6b446384d55833c260e9b9f41206df,True,xgboost,0.9,41,equal original group diagnostic; distinct from pooled,0.39138907759813146,0.6580536102390727,0.8023406982421903,3.6604644618786235,0.567323996636243
rico,15,2,44,degrees C,15,smart_building_conformal/outputs/matched_forecasting005/rico_h15_f2_s44_v1,cd907183301a189ddfcc195774dad58c8fa07d5b326d2ac29cf3636383dc681e,01fd3965e400bdbca1098dcdcbf99395ee6b446384d55833c260e9b9f41206df,True,xgboost,0.95,41,equal original group diagnostic; distinct from pooled,0.39138907759813146,0.7327940111084279,1.030574035644534,5.386205442272428,0.567323996636243
rico,15,2,44,degrees C,15,smart_building_conformal/outputs/matched_forecasting005/rico_h15_f2_s44_v1,cd907183301a189ddfcc195774dad58c8fa07d5b326d2ac29cf3636383dc681e,01fd3965e400bdbca1098dcdcbf99395ee6b446384d55833c260e9b9f41206df,True,attention_lstm,0.9,41,equal original group diagnostic; distinct from pooled,2.8905310632410446,0.06049263462931659,1.3822090148925807,45.939881267238995,3.1733548159617446
rico,15,2,44,degrees C,15,smart_building_conformal/outputs/matched_forecasting005/rico_h15_f2_s44_v1,cd907183301a189ddfcc195774dad58c8fa07d5b326d2ac29cf3636383dc681e,01fd3965e400bdbca1098dcdcbf99395ee6b446384d55833c260e9b9f41206df,True,attention_lstm,0.95,41,equal original group diagnostic; distinct from pooled,2.8905310632410446,0.06737503018594543,1.5453124999999943,87.60710618867301,3.1733548159617446
rico,30,2,44,degrees C,30,smart_building_conformal/outputs/matched_forecasting005/rico_h30_f2_s44_v1,cd907183301a189ddfcc195774dad58c8fa07d5b326d2ac29cf3636383dc681e,d77ff883b70c530d7ef4a845d9f8bb9579906f566e5c281d2756cae0377e97b9,True,persistence,0.9,41,equal original group diagnostic; distinct from pooled,0.38969610016955786,0.921612103821573,2.0,3.0014347202295557,0.5994280130858493
rico,30,2,44,degrees C,30,smart_building_conformal/outputs/matched_forecasting005/rico_h30_f2_s44_v1,cd907183301a189ddfcc195774dad58c8fa07d5b326d2ac29cf3636383dc681e,d77ff883b70c530d7ef4a845d9f8bb9579906f566e5c281d2756cae0377e97b9,True,persistence,0.95,41,equal original group diagnostic; distinct from pooled,0.38969610016955786,0.9641319942611192,3.0,3.862397287074474,0.5994280130858493
rico,30,2,44,degrees C,30,smart_building_conformal/outputs/matched_forecasting005/rico_h30_f2_s44_v1,cd907183301a189ddfcc195774dad58c8fa07d5b326d2ac29cf3636383dc681e,d77ff883b70c530d7ef4a845d9f8bb9579906f566e5c281d2756cae0377e97b9,True,xgboost,0.9,41,equal original group diagnostic; distinct from pooled,0.7140483563643197,0.6224077214034172,1.323470306396487,6.76503278434517,0.98067967167522
rico,30,2,44,degrees C,30,smart_building_conformal/outputs/matched_forecasting005/rico_h30_f2_s44_v1,cd907183301a189ddfcc195774dad58c8fa07d5b326d2ac29cf3636383dc681e,d77ff883b70c530d7ef4a845d9f8bb9579906f566e5c281d2756cae0377e97b9,True,xgboost,0.95,41,equal original group diagnostic; distinct from pooled,0.7140483563643197,0.7980957349680448,2.24427947998047,7.934294730251507,0.98067967167522
rico,30,2,44,degrees C,30,smart_building_conformal/outputs/matched_forecasting005/rico_h30_f2_s44_v1,cd907183301a189ddfcc195774dad58c8fa07d5b326d2ac29cf3636383dc681e,d77ff883b70c530d7ef4a845d9f8bb9579906f566e5c281d2756cae0377e97b9,True,attention_lstm,0.9,41,equal original group diagnostic; distinct from pooled,2.664646078577187,0.09534368070953438,1.6830032348632789,39.171068092466626,2.9694857747706433
rico,30,2,44,degrees C,30,smart_building_conformal/outputs/matched_forecasting005/rico_h30_f2_s44_v1,cd907183301a189ddfcc195774dad58c8fa07d5b326d2ac29cf3636383dc681e,d77ff883b70c530d7ef4a845d9f8bb9579906f566e5c281d2756cae0377e97b9,True,attention_lstm,0.95,41,equal original group diagnostic; distinct from pooled,2.664646078577187,0.10173470718664405,1.8938499450683606,73.06946274934131,2.9694857747706433
rico,60,2,44,degrees C,60,smart_building_conformal/outputs/matched_forecasting005/rico_h60_f2_s44_v1,cd907183301a189ddfcc195774dad58c8fa07d5b326d2ac29cf3636383dc681e,01b0ab222def6a097a71173f162a9d0a123cee2401f80ab01e645ea937b84d41,True,persistence,0.9,41,equal original group diagnostic; distinct from pooled,0.7156750038837968,0.9241882864688519,3.600000000000002,5.100388379679976,1.041377894828978
rico,60,2,44,degrees C,60,smart_building_conformal/outputs/matched_forecasting005/rico_h60_f2_s44_v1,cd907183301a189ddfcc195774dad58c8fa07d5b326d2ac29cf3636383dc681e,01b0ab222def6a097a71173f162a9d0a123cee2401f80ab01e645ea937b84d41,True,persistence,0.95,41,equal original group diagnostic; distinct from pooled,0.7156750038837968,0.9608513282585055,5.0,6.3975454404225545,1.041377894828978
rico,60,2,44,degrees C,60,smart_building_conformal/outputs/matched_forecasting005/rico_h60_f2_s44_v1,cd907183301a189ddfcc195774dad58c8fa07d5b326d2ac29cf3636383dc681e,01b0ab222def6a097a71173f162a9d0a123cee2401f80ab01e645ea937b84d41,True,xgboost,0.9,41,equal original group diagnostic; distinct from pooled,1.281844045435473,0.6381854901351561,2.7330924987792993,11.550884400670412,1.890370384160418
rico,60,2,44,degrees C,60,smart_building_conformal/outputs/matched_forecasting005/rico_h60_f2_s44_v1,cd907183301a189ddfcc195774dad58c8fa07d5b326d2ac29cf3636383dc681e,01b0ab222def6a097a71173f162a9d0a123cee2401f80ab01e645ea937b84d41,True,xgboost,0.95,41,equal original group diagnostic; distinct from pooled,1.281844045435473,0.8855056703433275,5.1808181762695265,11.39725534493312,1.890370384160418
rico,60,2,44,degrees C,60,smart_building_conformal/outputs/matched_forecasting005/rico_h60_f2_s44_v1,cd907183301a189ddfcc195774dad58c8fa07d5b326d2ac29cf3636383dc681e,01b0ab222def6a097a71173f162a9d0a123cee2401f80ab01e645ea937b84d41,True,attention_lstm,0.9,41,equal original group diagnostic; distinct from pooled,2.5098706116675586,0.2024234892030449,2.376836395263673,31.620389510660377,2.9283133332821945
rico,60,2,44,degrees C,60,smart_building_conformal/outputs/matched_forecasting005/rico_h60_f2_s44_v1,cd907183301a189ddfcc195774dad58c8fa07d5b326d2ac29cf3636383dc681e,01b0ab222def6a097a71173f162a9d0a123cee2401f80ab01e645ea937b84d41,True,attention_lstm,0.95,41,equal original group diagnostic; distinct from pooled,2.5098706116675586,0.24825229144011182,2.8778091430664006,53.591702569425564,2.9283133332821945
bdg2,1,2,44,kWh per hour,60,smart_building_conformal/outputs/matched_forecasting005/bdg2_h1_f2_s44_v1,cd907183301a189ddfcc195774dad58c8fa07d5b326d2ac29cf3636383dc681e,e7988effe69158185667915053b64a81aacdfba8f19abf3f913ea7b779a2aa11,True,persistence,0.9,10,equal original group diagnostic; distinct from pooled,20.947362168612568,0.8952452136359262,115.80600000000075,207.12505286318105,41.61243200970418
bdg2,1,2,44,kWh per hour,60,smart_building_conformal/outputs/matched_forecasting005/bdg2_h1_f2_s44_v1,cd907183301a189ddfcc195774dad58c8fa07d5b326d2ac29cf3636383dc681e,e7988effe69158185667915053b64a81aacdfba8f19abf3f913ea7b779a2aa11,True,persistence,0.95,10,equal original group diagnostic; distinct from pooled,20.947362168612568,0.9469343110949577,165.40000000000003,273.3481909816455,41.61243200970418
bdg2,1,2,44,kWh per hour,60,smart_building_conformal/outputs/matched_forecasting005/bdg2_h1_f2_s44_v1,cd907183301a189ddfcc195774dad58c8fa07d5b326d2ac29cf3636383dc681e,e7988effe69158185667915053b64a81aacdfba8f19abf3f913ea7b779a2aa11,True,xgboost,0.9,10,equal original group diagnostic; distinct from pooled,17.62782401043662,0.9024682352186602,93.0466977539063,171.2399933382789,34.74717609128874
bdg2,1,2,44,kWh per hour,60,smart_building_conformal/outputs/matched_forecasting005/bdg2_h1_f2_s44_v1,cd907183301a189ddfcc195774dad58c8fa07d5b326d2ac29cf3636383dc681e,e7988effe69158185667915053b64a81aacdfba8f19abf3f913ea7b779a2aa11,True,xgboost,0.95,10,equal original group diagnostic; distinct from pooled,17.62782401043662,0.9492652463467562,136.5835107421874,230.8770246897866,34.74717609128874
bdg2,1,2,44,kWh per hour,60,smart_building_conformal/outputs/matched_forecasting005/bdg2_h1_f2_s44_v1,cd907183301a189ddfcc195774dad58c8fa07d5b326d2ac29cf3636383dc681e,e7988effe69158185667915053b64a81aacdfba8f19abf3f913ea7b779a2aa11,True,attention_lstm,0.9,10,equal original group diagnostic; distinct from pooled,19.06349674053327,0.8968223032272548,95.48613525390624,176.03603416950375,35.86731863407026
bdg2,1,2,44,kWh per hour,60,smart_building_conformal/outputs/matched_forecasting005/bdg2_h1_f2_s44_v1,cd907183301a189ddfcc195774dad58c8fa07d5b326d2ac29cf3636383dc681e,e7988effe69158185667915053b64a81aacdfba8f19abf3f913ea7b779a2aa11,True,attention_lstm,0.95,10,equal original group diagnostic; distinct from pooled,19.06349674053327,0.9469909243481887,138.217396484375,235.41063513800614,35.86731863407026
bdg2,3,2,44,kWh per hour,180,smart_building_conformal/outputs/matched_forecasting005/bdg2_h3_f2_s44_v1,cd907183301a189ddfcc195774dad58c8fa07d5b326d2ac29cf3636383dc681e,1c272b5857ac435b4dc16a2df23f54cc875cd939040fe756c81d6838e1cc680f,True,persistence,0.9,10,equal original group diagnostic; distinct from pooled,42.73484162524506,0.8981573326776916,250.0,401.5787293406737,78.59821564851958
bdg2,3,2,44,kWh per hour,180,smart_building_conformal/outputs/matched_forecasting005/bdg2_h3_f2_s44_v1,cd907183301a189ddfcc195774dad58c8fa07d5b326d2ac29cf3636383dc681e,1c272b5857ac435b4dc16a2df23f54cc875cd939040fe756c81d6838e1cc680f,True,persistence,0.95,10,equal original group diagnostic; distinct from pooled,42.73484162524506,0.946158273381295,344.1999999999999,504.24377058992786,78.59821564851958
bdg2,3,2,44,kWh per hour,180,smart_building_conformal/outputs/matched_forecasting005/bdg2_h3_f2_s44_v1,cd907183301a189ddfcc195774dad58c8fa07d5b326d2ac29cf3636383dc681e,1c272b5857ac435b4dc16a2df23f54cc875cd939040fe756c81d6838e1cc680f,True,xgboost,0.9,10,equal original group diagnostic; distinct from pooled,28.58859805751944,0.9064087998546185,147.27532958984375,265.9839093958306,54.272518201946184
bdg2,3,2,44,kWh per hour,180,smart_building_conformal/outputs/matched_forecasting005/bdg2_h3_f2_s44_v1,cd907183301a189ddfcc195774dad58c8fa07d5b326d2ac29cf3636383dc681e,1c272b5857ac435b4dc16a2df23f54cc875cd939040fe756c81d6838e1cc680f,True,xgboost,0.95,10,equal original group diagnostic; distinct from pooled,28.58859805751944,0.9488920863309351,208.6229492187499,360.95156095236956,54.272518201946184
bdg2,3,2,44,kWh per hour,180,smart_building_conformal/outputs/matched_forecasting005/bdg2_h3_f2_s44_v1,cd907183301a189ddfcc195774dad58c8fa07d5b326d2ac29cf3636383dc681e,1c272b5857ac435b4dc16a2df23f54cc875cd939040fe756c81d6838e1cc680f,True,attention_lstm,0.9,10,equal original group diagnostic; distinct from pooled,33.36467012842057,0.9069442740013042,169.59524536132812,314.35736155998995,64.52055022634212
bdg2,3,2,44,kWh per hour,180,smart_building_conformal/outputs/matched_forecasting005/bdg2_h3_f2_s44_v1,cd907183301a189ddfcc195774dad58c8fa07d5b326d2ac29cf3636383dc681e,1c272b5857ac435b4dc16a2df23f54cc875cd939040fe756c81d6838e1cc680f,True,attention_lstm,0.95,10,equal original group diagnostic; distinct from pooled,33.36467012842057,0.9501832875452981,241.45998632812507,432.00810593857534,64.52055022634212
bdg2,6,2,44,kWh per hour,360,smart_building_conformal/outputs/matched_forecasting005/bdg2_h6_f2_s44_v1,cd907183301a189ddfcc195774dad58c8fa07d5b326d2ac29cf3636383dc681e,6dfe0e0bfd3dc2f5fff2b69f9b2dbbe2d7192a01735568515ad77c163d63c11a,True,persistence,0.9,10,equal original group diagnostic; distinct from pooled,73.178199145204,0.8978705035971224,406.31199999999984,579.7212572661871,119.78364520238526
bdg2,6,2,44,kWh per hour,360,smart_building_conformal/outputs/matched_forecasting005/bdg2_h6_f2_s44_v1,cd907183301a189ddfcc195774dad58c8fa07d5b326d2ac29cf3636383dc681e,6dfe0e0bfd3dc2f5fff2b69f9b2dbbe2d7192a01735568515ad77c163d63c11a,True,persistence,0.95,10,equal original group diagnostic; distinct from pooled,73.178199145204,0.9444028776978417,498.0,702.3863086043164,119.78364520238526
bdg2,6,2,44,kWh per hour,360,smart_building_conformal/outputs/matched_forecasting005/bdg2_h6_f2_s44_v1,cd907183301a189ddfcc195774dad58c8fa07d5b326d2ac29cf3636383dc681e,6dfe0e0bfd3dc2f5fff2b69f9b2dbbe2d7192a01735568515ad77c163d63c11a,True,xgboost,0.9,10,equal original group diagnostic; distinct from pooled,34.202820555118336,0.9074791922776786,175.28107470703117,323.8709748167166,66.99345523243004
bdg2,6,2,44,kWh per hour,360,smart_building_conformal/outputs/matched_forecasting005/bdg2_h6_f2_s44_v1,cd907183301a189ddfcc195774dad58c8fa07d5b326d2ac29cf3636383dc681e,6dfe0e0bfd3dc2f5fff2b69f9b2dbbe2d7192a01735568515ad77c163d63c11a,True,xgboost,0.95,10,equal original group diagnostic; distinct from pooled,34.202820555118336,0.950043165467626,249.70303515624997,444.8675107697489,66.99345523243004
bdg2,6,2,44,kWh per hour,360,smart_building_conformal/outputs/matched_forecasting005/bdg2_h6_f2_s44_v1,cd907183301a189ddfcc195774dad58c8fa07d5b326d2ac29cf3636383dc681e,6dfe0e0bfd3dc2f5fff2b69f9b2dbbe2d7192a01735568515ad77c163d63c11a,True,attention_lstm,0.9,10,equal original group diagnostic; distinct from pooled,42.28975241562536,0.9002945257464162,202.3197021484375,373.4618690666505,77.61843362579003
bdg2,6,2,44,kWh per hour,360,smart_building_conformal/outputs/matched_forecasting005/bdg2_h6_f2_s44_v1,cd907183301a189ddfcc195774dad58c8fa07d5b326d2ac29cf3636383dc681e,6dfe0e0bfd3dc2f5fff2b69f9b2dbbe2d7192a01735568515ad77c163d63c11a,True,attention_lstm,0.95,10,equal original group diagnostic; distinct from pooled,42.28975241562536,0.9507975669984072,287.867451171875,508.7516192002222,77.61843362579003
pleia,1,2,44,degrees C,10,smart_building_conformal/outputs/matched_forecasting005/pleia_h1_f2_s44_v1,cd907183301a189ddfcc195774dad58c8fa07d5b326d2ac29cf3636383dc681e,556741a9a18d9a9f8ebb1031f0e532e5233caa8c07bcda907c7ae3ae195edb7f,True,persistence,0.9,1,equal original group diagnostic; distinct from pooled,0.23937619864742102,0.9408499041082063,1.2000000000000028,1.5472292318562646,0.3366736506882145
pleia,1,2,44,degrees C,10,smart_building_conformal/outputs/matched_forecasting005/pleia_h1_f2_s44_v1,cd907183301a189ddfcc195774dad58c8fa07d5b326d2ac29cf3636383dc681e,556741a9a18d9a9f8ebb1031f0e532e5233caa8c07bcda907c7ae3ae195edb7f,True,persistence,0.95,1,equal original group diagnostic; distinct from pooled,0.23937619864742102,0.9651761380841829,1.599999999999994,1.9044312102553733,0.3366736506882145
pleia,1,2,44,degrees C,10,smart_building_conformal/outputs/matched_forecasting005/pleia_h1_f2_s44_v1,cd907183301a189ddfcc195774dad58c8fa07d5b326d2ac29cf3636383dc681e,556741a9a18d9a9f8ebb1031f0e532e5233caa8c07bcda907c7ae3ae195edb7f,True,xgboost,0.9,1,equal original group diagnostic; distinct from pooled,2.1031593262300947,0.2693045321489856,2.1098129272460966,25.6277101660925,2.4771971847891163
pleia,1,2,44,degrees C,10,smart_building_conformal/outputs/matched_forecasting005/pleia_h1_f2_s44_v1,cd907183301a189ddfcc195774dad58c8fa07d5b326d2ac29cf3636383dc681e,556741a9a18d9a9f8ebb1031f0e532e5233caa8c07bcda907c7ae3ae195edb7f,True,xgboost,0.95,1,equal original group diagnostic; distinct from pooled,2.1031593262300947,0.3515695972544665,2.6714607238769545,41.96926949646293,2.4771971847891163
pleia,1,2,44,degrees C,10,smart_building_conformal/outputs/matched_forecasting005/pleia_h1_f2_s44_v1,cd907183301a189ddfcc195774dad58c8fa07d5b326d2ac29cf3636383dc681e,556741a9a18d9a9f8ebb1031f0e532e5233caa8c07bcda907c7ae3ae195edb7f,True,attention_lstm,0.9,1,equal original group diagnostic; distinct from pooled,3.205631897135918,0.20288684768345613,3.28509521484375,37.557005122461895,3.608646977532667
pleia,1,2,44,degrees C,10,smart_building_conformal/outputs/matched_forecasting005/pleia_h1_f2_s44_v1,cd907183301a189ddfcc195774dad58c8fa07d5b326d2ac29cf3636383dc681e,556741a9a18d9a9f8ebb1031f0e532e5233caa8c07bcda907c7ae3ae195edb7f,True,attention_lstm,0.95,1,equal original group diagnostic; distinct from pooled,3.205631897135918,0.2821237508832139,4.27587890625,57.795142920284086,3.608646977532667
pleia,3,2,44,degrees C,30,smart_building_conformal/outputs/matched_forecasting005/pleia_h3_f2_s44_v1,cd907183301a189ddfcc195774dad58c8fa07d5b326d2ac29cf3636383dc681e,b7e3fa5ed8095f5fd84d9934e8cfc8e570437f6da1fa9ab9bb67e1ef8b940f33,True,persistence,0.9,1,equal original group diagnostic; distinct from pooled,0.3915918037751086,0.9363076612496215,2.0,2.665186231957202,0.5655364111359953
pleia,3,2,44,degrees C,30,smart_building_conformal/outputs/matched_forecasting005/pleia_h3_f2_s44_v1,cd907183301a189ddfcc195774dad58c8fa07d5b326d2ac29cf3636383dc681e,b7e3fa5ed8095f5fd84d9934e8cfc8e570437f6da1fa9ab9bb67e1ef8b940f33,True,persistence,0.95,1,equal original group diagnostic; distinct from pooled,0.3915918037751086,0.9600282628444534,2.4000000000000057,3.2700918542444737,0.5655364111359953
pleia,3,2,44,degrees C,30,smart_building_conformal/outputs/matched_forecasting005/pleia_h3_f2_s44_v1,cd907183301a189ddfcc195774dad58c8fa07d5b326d2ac29cf3636383dc681e,b7e3fa5ed8095f5fd84d9934e8cfc8e570437f6da1fa9ab9bb67e1ef8b940f33,True,xgboost,0.9,1,equal original group diagnostic; distinct from pooled,3.33136218536799,0.2484102149994953,3.930916595458981,35.21342992061588,3.7371345726578644
pleia,3,2,44,degrees C,30,smart_building_conformal/outputs/matched_forecasting005/pleia_h3_f2_s44_v1,cd907183301a189ddfcc195774dad58c8fa07d5b326d2ac29cf3636383dc681e,b7e3fa5ed8095f5fd84d9934e8cfc8e570437f6da1fa9ab9bb67e1ef8b940f33,True,xgboost,0.95,1,equal original group diagnostic; distinct from pooled,3.33136218536799,0.31967295851418187,4.665321350097656,56.71252726574792,3.7371345726578644
pleia,3,2,44,degrees C,30,smart_building_conformal/outputs/matched_forecasting005/pleia_h3_f2_s44_v1,cd907183301a189ddfcc195774dad58c8fa07d5b326d2ac29cf3636383dc681e,b7e3fa5ed8095f5fd84d9934e8cfc8e570437f6da1fa9ab9bb67e1ef8b940f33,True,attention_lstm,0.9,1,equal original group diagnostic; distinct from pooled,3.604774028631372,0.2078328454628041,4.265376281738284,37.51039558704052,3.95796708603119
pleia,3,2,44,degrees C,30,smart_building_conformal/outputs/matched_forecasting005/pleia_h3_f2_s44_v1,cd907183301a189ddfcc195774dad58c8fa07d5b326d2ac29cf3636383dc681e,b7e3fa5ed8095f5fd84d9934e8cfc8e570437f6da1fa9ab9bb67e1ef8b940f33,True,attention_lstm,0.95,1,equal original group diagnostic; distinct from pooled,3.604774028631372,0.2694054708791763,5.093133544921875,59.00057643660498,3.95796708603119
pleia,6,2,44,degrees C,60,smart_building_conformal/outputs/matched_forecasting005/pleia_h6_f2_s44_v1,cd907183301a189ddfcc195774dad58c8fa07d5b326d2ac29cf3636383dc681e,525531103bdd604f7fcaff1fd54d3b905c82394b6ab9d0a9f351f372258537df,True,persistence,0.9,1,equal original group diagnostic; distinct from pooled,0.5479458968406178,0.9193499545775714,2.6000000000000014,3.6683355203391548,0.7817754844230004
pleia,6,2,44,degrees C,60,smart_building_conformal/outputs/matched_forecasting005/pleia_h6_f2_s44_v1,cd907183301a189ddfcc195774dad58c8fa07d5b326d2ac29cf3636383dc681e,525531103bdd604f7fcaff1fd54d3b905c82394b6ab9d0a9f351f372258537df,True,persistence,0.95,1,equal original group diagnostic; distinct from pooled,0.5479458968406178,0.95306349046129,3.2000000000000033,4.51422226708388,0.7817754844230004
pleia,6,2,44,degrees C,60,smart_building_conformal/outputs/matched_forecasting005/pleia_h6_f2_s44_v1,cd907183301a189ddfcc195774dad58c8fa07d5b326d2ac29cf3636383dc681e,525531103bdd604f7fcaff1fd54d3b905c82394b6ab9d0a9f351f372258537df,True,xgboost,0.9,1,equal original group diagnostic; distinct from pooled,4.378758664919074,0.24699707277682448,5.8172218322753935,40.46334559420493,4.789704498353539
pleia,6,2,44,degrees C,60,smart_building_conformal/outputs/matched_forecasting005/pleia_h6_f2_s44_v1,cd907183301a189ddfcc195774dad58c8fa07d5b326d2ac29cf3636383dc681e,525531103bdd604f7fcaff1fd54d3b905c82394b6ab9d0a9f351f372258537df,True,xgboost,0.95,1,equal original group diagnostic; distinct from pooled,4.378758664919074,0.33037246391440395,6.747196960449217,62.81865643252634,4.789704498353539
pleia,6,2,44,degrees C,60,smart_building_conformal/outputs/matched_forecasting005/pleia_h6_f2_s44_v1,cd907183301a189ddfcc195774dad58c8fa07d5b326d2ac29cf3636383dc681e,525531103bdd604f7fcaff1fd54d3b905c82394b6ab9d0a9f351f372258537df,True,attention_lstm,0.9,1,equal original group diagnostic; distinct from pooled,4.873976859072209,0.19279297466437872,6.604886627197265,42.32566096963417,5.178822731083383
pleia,6,2,44,degrees C,60,smart_building_conformal/outputs/matched_forecasting005/pleia_h6_f2_s44_v1,cd907183301a189ddfcc195774dad58c8fa07d5b326d2ac29cf3636383dc681e,525531103bdd604f7fcaff1fd54d3b905c82394b6ab9d0a9f351f372258537df,True,attention_lstm,0.95,1,equal original group diagnostic; distinct from pooled,4.873976859072209,0.2508327445240739,7.4931640625,65.1189656856864,5.178822731083383
pleia_energy,1,2,45,kWh per 10 minutes,10,smart_building_conformal/outputs/matched_forecasting005/pleia_energy_h1_f2_s45_v1,cd907183301a189ddfcc195774dad58c8fa07d5b326d2ac29cf3636383dc681e,62525d471de44634625aece820db117b886a496789ecd0dc85fc593cfee8dbee,True,persistence,0.9,1,equal original group diagnostic; distinct from pooled,0.12760863530836783,0.5603108912889876,0.078125,2.097025777228223,0.24188010063684087
pleia_energy,1,2,45,kWh per 10 minutes,10,smart_building_conformal/outputs/matched_forecasting005/pleia_energy_h1_f2_s45_v1,cd907183301a189ddfcc195774dad58c8fa07d5b326d2ac29cf3636383dc681e,62525d471de44634625aece820db117b886a496789ecd0dc85fc593cfee8dbee,True,persistence,0.95,1,equal original group diagnostic; distinct from pooled,0.12760863530836783,0.6428787725850409,0.125,3.783587362470977,0.24188010063684087
pleia_energy,1,2,45,kWh per 10 minutes,10,smart_building_conformal/outputs/matched_forecasting005/pleia_energy_h1_f2_s45_v1,cd907183301a189ddfcc195774dad58c8fa07d5b326d2ac29cf3636383dc681e,62525d471de44634625aece820db117b886a496789ecd0dc85fc593cfee8dbee,True,xgboost,0.9,1,equal original group diagnostic; distinct from pooled,0.12241416887626574,0.652669829413546,0.1939152479171753,1.5338580852935277,0.21142890573205234
pleia_energy,1,2,45,kWh per 10 minutes,10,smart_building_conformal/outputs/matched_forecasting005/pleia_energy_h1_f2_s45_v1,cd907183301a189ddfcc195774dad58c8fa07d5b326d2ac29cf3636383dc681e,62525d471de44634625aece820db117b886a496789ecd0dc85fc593cfee8dbee,True,xgboost,0.95,1,equal original group diagnostic; distinct from pooled,0.12241416887626574,0.7686484304027456,0.35456353425979614,2.117701716700751,0.21142890573205234
pleia_energy,1,2,45,kWh per 10 minutes,10,smart_building_conformal/outputs/matched_forecasting005/pleia_energy_h1_f2_s45_v1,cd907183301a189ddfcc195774dad58c8fa07d5b326d2ac29cf3636383dc681e,62525d471de44634625aece820db117b886a496789ecd0dc85fc593cfee8dbee,True,attention_lstm,0.9,1,equal original group diagnostic; distinct from pooled,0.13687283588825086,0.49318663571212273,0.1411229372024536,1.8044680689085597,0.23259256841810177
pleia_energy,1,2,45,kWh per 10 minutes,10,smart_building_conformal/outputs/matched_forecasting005/pleia_energy_h1_f2_s45_v1,cd907183301a189ddfcc195774dad58c8fa07d5b326d2ac29cf3636383dc681e,62525d471de44634625aece820db117b886a496789ecd0dc85fc593cfee8dbee,True,attention_lstm,0.95,1,equal original group diagnostic; distinct from pooled,0.13687283588825086,0.5942263046330877,0.18467450141906738,3.1172698550764797,0.23259256841810177
pleia_energy,3,2,45,kWh per 10 minutes,30,smart_building_conformal/outputs/matched_forecasting005/pleia_energy_h3_f2_s45_v1,cd907183301a189ddfcc195774dad58c8fa07d5b326d2ac29cf3636383dc681e,c4251293278cc903db86fe4f42a91a7108a0c33bdffb224f47cfe4b37bfbafc1,True,persistence,0.9,1,equal original group diagnostic; distinct from pooled,0.13126135560714647,0.5711113354194004,0.078125,2.1860568915918046,0.257541502923049
pleia_energy,3,2,45,kWh per 10 minutes,30,smart_building_conformal/outputs/matched_forecasting005/pleia_energy_h3_f2_s45_v1,cd907183301a189ddfcc195774dad58c8fa07d5b326d2ac29cf3636383dc681e,c4251293278cc903db86fe4f42a91a7108a0c33bdffb224f47cfe4b37bfbafc1,True,persistence,0.95,1,equal original group diagnostic; distinct from pooled,0.13126135560714647,0.6392449782981731,0.125,3.9634475623296628,0.257541502923049
pleia_energy,3,2,45,kWh per 10 minutes,30,smart_building_conformal/outputs/matched_forecasting005/pleia_energy_h3_f2_s45_v1,cd907183301a189ddfcc195774dad58c8fa07d5b326d2ac29cf3636383dc681e,c4251293278cc903db86fe4f42a91a7108a0c33bdffb224f47cfe4b37bfbafc1,True,xgboost,0.9,1,equal original group diagnostic; distinct from pooled,0.1202362803402926,0.6762894922781871,0.19728216528892517,1.5730727688658788,0.22629620256684296
pleia_energy,3,2,45,kWh per 10 minutes,30,smart_building_conformal/outputs/matched_forecasting005/pleia_energy_h3_f2_s45_v1,cd907183301a189ddfcc195774dad58c8fa07d5b326d2ac29cf3636383dc681e,c4251293278cc903db86fe4f42a91a7108a0c33bdffb224f47cfe4b37bfbafc1,True,xgboost,0.95,1,equal original group diagnostic; distinct from pooled,0.1202362803402926,0.7338245684869285,0.26437944173812866,2.621787073791019,0.22629620256684296
pleia_energy,3,2,45,kWh per 10 minutes,30,smart_building_conformal/outputs/matched_forecasting005/pleia_energy_h3_f2_s45_v1,cd907183301a189ddfcc195774dad58c8fa07d5b326d2ac29cf3636383dc681e,c4251293278cc903db86fe4f42a91a7108a0c33bdffb224f47cfe4b37bfbafc1,True,attention_lstm,0.9,1,equal original group diagnostic; distinct from pooled,0.1549280861907209,0.5111537296860805,0.19225221872329712,1.8024874337508625,0.25219514680089966
pleia_energy,3,2,45,kWh per 10 minutes,30,smart_building_conformal/outputs/matched_forecasting005/pleia_energy_h3_f2_s45_v1,cd907183301a189ddfcc195774dad58c8fa07d5b326d2ac29cf3636383dc681e,c4251293278cc903db86fe4f42a91a7108a0c33bdffb224f47cfe4b37bfbafc1,True,attention_lstm,0.95,1,equal original group diagnostic; distinct from pooled,0.1549280861907209,0.6162309478146765,0.23497635126113892,3.0858749805394874,0.25219514680089966
pleia_energy,6,2,45,kWh per 10 minutes,60,smart_building_conformal/outputs/matched_forecasting005/pleia_energy_h6_f2_s45_v1,cd907183301a189ddfcc195774dad58c8fa07d5b326d2ac29cf3636383dc681e,3fd3655fa8c8f5b07cbc7734a71eee3a1d2ad04dceebe9ed0c4d80fa5c1ad796,True,persistence,0.9,1,equal original group diagnostic; distinct from pooled,0.12998936988997678,0.5607146462097506,0.078125,2.156516541334411,0.25754481604675455
pleia_energy,6,2,45,kWh per 10 minutes,60,smart_building_conformal/outputs/matched_forecasting005/pleia_energy_h6_f2_s45_v1,cd907183301a189ddfcc195774dad58c8fa07d5b326d2ac29cf3636383dc681e,3fd3655fa8c8f5b07cbc7734a71eee3a1d2ad04dceebe9ed0c4d80fa5c1ad796,True,persistence,0.95,1,equal original group diagnostic; distinct from pooled,0.12998936988997678,0.6406581205208438,0.125,3.899036035126675,0.25754481604675455
pleia_energy,6,2,45,kWh per 10 minutes,60,smart_building_conformal/outputs/matched_forecasting005/pleia_energy_h6_f2_s45_v1,cd907183301a189ddfcc195774dad58c8fa07d5b326d2ac29cf3636383dc681e,3fd3655fa8c8f5b07cbc7734a71eee3a1d2ad04dceebe9ed0c4d80fa5c1ad796,True,xgboost,0.9,1,equal original group diagnostic; distinct from pooled,0.1254933455089778,0.6319773897244373,0.14650967717170715,1.7814301617215693,0.2422463442618014
pleia_energy,6,2,45,kWh per 10 minutes,60,smart_building_conformal/outputs/matched_forecasting005/pleia_energy_h6_f2_s45_v1,cd907183301a189ddfcc195774dad58c8fa07d5b326d2ac29cf3636383dc681e,3fd3655fa8c8f5b07cbc7734a71eee3a1d2ad04dceebe9ed0c4d80fa5c1ad796,True,xgboost,0.95,1,equal original group diagnostic; distinct from pooled,0.1254933455089778,0.7034420106995054,0.21583819389343262,3.0277728913523902,0.2422463442618014
pleia_energy,6,2,45,kWh per 10 minutes,60,smart_building_conformal/outputs/matched_forecasting005/pleia_energy_h6_f2_s45_v1,cd907183301a189ddfcc195774dad58c8fa07d5b326d2ac29cf3636383dc681e,3fd3655fa8c8f5b07cbc7734a71eee3a1d2ad04dceebe9ed0c4d80fa5c1ad796,True,attention_lstm,0.9,1,equal original group diagnostic; distinct from pooled,0.15451762760950166,0.5307358433430908,0.18185001611709595,1.9538361511510112,0.2640665501880576
pleia_energy,6,2,45,kWh per 10 minutes,60,smart_building_conformal/outputs/matched_forecasting005/pleia_energy_h6_f2_s45_v1,cd907183301a189ddfcc195774dad58c8fa07d5b326d2ac29cf3636383dc681e,3fd3655fa8c8f5b07cbc7734a71eee3a1d2ad04dceebe9ed0c4d80fa5c1ad796,True,attention_lstm,0.95,1,equal original group diagnostic; distinct from pooled,0.15451762760950166,0.616029070354295,0.23410159349441528,3.336322188888773,0.2640665501880576
rico,5,2,45,degrees C,5,smart_building_conformal/outputs/matched_forecasting005/rico_h5_f2_s45_v1,cd907183301a189ddfcc195774dad58c8fa07d5b326d2ac29cf3636383dc681e,adda24f5b9ed20420c5e5eb85728317dc112a5ed5567a38f1aafc895df114e1c,True,persistence,0.9,41,equal original group diagnostic; distinct from pooled,0.07447077772664519,0.9282098481362173,0.3999999999999986,0.6013345605154169,0.12451008457023499
rico,5,2,45,degrees C,5,smart_building_conformal/outputs/matched_forecasting005/rico_h5_f2_s45_v1,cd907183301a189ddfcc195774dad58c8fa07d5b326d2ac29cf3636383dc681e,adda24f5b9ed20420c5e5eb85728317dc112a5ed5567a38f1aafc895df114e1c,True,persistence,0.95,41,equal original group diagnostic; distinct from pooled,0.07447077772664519,0.9723884031293143,0.6000000000000014,0.7808559595029918,0.12451008457023499
rico,5,2,45,degrees C,5,smart_building_conformal/outputs/matched_forecasting005/rico_h5_f2_s45_v1,cd907183301a189ddfcc195774dad58c8fa07d5b326d2ac29cf3636383dc681e,adda24f5b9ed20420c5e5eb85728317dc112a5ed5567a38f1aafc895df114e1c,True,xgboost,0.9,41,equal original group diagnostic; distinct from pooled,0.26169001903612926,0.5059825126553152,0.3405502319335909,3.1304473202841994,0.42160196666675465
rico,5,2,45,degrees C,5,smart_building_conformal/outputs/matched_forecasting005/rico_h5_f2_s45_v1,cd907183301a189ddfcc195774dad58c8fa07d5b326d2ac29cf3636383dc681e,adda24f5b9ed20420c5e5eb85728317dc112a5ed5567a38f1aafc895df114e1c,True,xgboost,0.95,41,equal original group diagnostic; distinct from pooled,0.26169001903612926,0.6907501150483203,0.5435943603515625,4.532206139035667,0.42160196666675465
rico,5,2,45,degrees C,5,smart_building_conformal/outputs/matched_forecasting005/rico_h5_f2_s45_v1,cd907183301a189ddfcc195774dad58c8fa07d5b326d2ac29cf3636383dc681e,adda24f5b9ed20420c5e5eb85728317dc112a5ed5567a38f1aafc895df114e1c,True,attention_lstm,0.9,41,equal original group diagnostic; distinct from pooled,2.808647392929505,0.10791532443626323,1.634307861328125,42.46728968455724,3.1848095594088677
rico,5,2,45,degrees C,5,smart_building_conformal/outputs/matched_forecasting005/rico_h5_f2_s45_v1,cd907183301a189ddfcc195774dad58c8fa07d5b326d2ac29cf3636383dc681e,adda24f5b9ed20420c5e5eb85728317dc112a5ed5567a38f1aafc895df114e1c,True,attention_lstm,0.95,41,equal original group diagnostic; distinct from pooled,2.808647392929505,0.1228716060745513,1.9250144958496094,78.44073983309617,3.1848095594088677
rico,15,2,45,degrees C,15,smart_building_conformal/outputs/matched_forecasting005/rico_h15_f2_s45_v1,cd907183301a189ddfcc195774dad58c8fa07d5b326d2ac29cf3636383dc681e,992e3d20e746f1fcb3e78f8d1a69d9ebf12ed9e0140eadbf817f49e2ed57c3f8,True,persistence,0.9,41,equal original group diagnostic; distinct from pooled,0.20938179183772038,0.9153586090316349,1.0,1.6582950978024635,0.33076021266260025
rico,15,2,45,degrees C,15,smart_building_conformal/outputs/matched_forecasting005/rico_h15_f2_s45_v1,cd907183301a189ddfcc195774dad58c8fa07d5b326d2ac29cf3636383dc681e,992e3d20e746f1fcb3e78f8d1a69d9ebf12ed9e0140eadbf817f49e2ed57c3f8,True,persistence,0.95,41,equal original group diagnostic; distinct from pooled,0.20938179183772038,0.9629316590195606,1.6000000000000012,2.1462448683892776,0.33076021266260025
rico,15,2,45,degrees C,15,smart_building_conformal/outputs/matched_forecasting005/rico_h15_f2_s45_v1,cd907183301a189ddfcc195774dad58c8fa07d5b326d2ac29cf3636383dc681e,992e3d20e746f1fcb3e78f8d1a69d9ebf12ed9e0140eadbf817f49e2ed57c3f8,True,xgboost,0.9,41,equal original group diagnostic; distinct from pooled,0.4264353605895422,0.598526925863318,0.7575332641601591,4.377405455238539,0.6107440603424102
rico,15,2,45,degrees C,15,smart_building_conformal/outputs/matched_forecasting005/rico_h15_f2_s45_v1,cd907183301a189ddfcc195774dad58c8fa07d5b326d2ac29cf3636383dc681e,992e3d20e746f1fcb3e78f8d1a69d9ebf12ed9e0140eadbf817f49e2ed57c3f8,True,xgboost,0.95,41,equal original group diagnostic; distinct from pooled,0.4264353605895422,0.8110359816469452,1.4921005249023411,4.5420505246399925,0.6107440603424102
rico,15,2,45,degrees C,15,smart_building_conformal/outputs/matched_forecasting005/rico_h15_f2_s45_v1,cd907183301a189ddfcc195774dad58c8fa07d5b326d2ac29cf3636383dc681e,992e3d20e746f1fcb3e78f8d1a69d9ebf12ed9e0140eadbf817f49e2ed57c3f8,True,attention_lstm,0.9,41,equal original group diagnostic; distinct from pooled,2.9248662855567003,0.09707800048297513,1.7052520751953113,44.06038682961115,3.3294091675583726
rico,15,2,45,degrees C,15,smart_building_conformal/outputs/matched_forecasting005/rico_h15_f2_s45_v1,cd907183301a189ddfcc195774dad58c8fa07d5b326d2ac29cf3636383dc681e,992e3d20e746f1fcb3e78f8d1a69d9ebf12ed9e0140eadbf817f49e2ed57c3f8,True,attention_lstm,0.95,41,equal original group diagnostic; distinct from pooled,2.9248662855567003,0.1603477420912823,2.4455795288085938,74.19554974819197,3.3294091675583726
rico,30,2,45,degrees C,30,smart_building_conformal/outputs/matched_forecasting005/rico_h30_f2_s45_v1,cd907183301a189ddfcc195774dad58c8fa07d5b326d2ac29cf3636383dc681e,5769aea4df39adc1c5884a4ac4950471da7bbe227eea0549a15de94fbdebfb6d,True,persistence,0.9,41,equal original group diagnostic; distinct from pooled,0.38969610016955786,0.921612103821573,2.0,3.0014347202295557,0.5994280130858493
rico,30,2,45,degrees C,30,smart_building_conformal/outputs/matched_forecasting005/rico_h30_f2_s45_v1,cd907183301a189ddfcc195774dad58c8fa07d5b326d2ac29cf3636383dc681e,5769aea4df39adc1c5884a4ac4950471da7bbe227eea0549a15de94fbdebfb6d,True,persistence,0.95,41,equal original group diagnostic; distinct from pooled,0.38969610016955786,0.9641319942611192,3.0,3.862397287074474,0.5994280130858493
rico,30,2,45,degrees C,30,smart_building_conformal/outputs/matched_forecasting005/rico_h30_f2_s45_v1,cd907183301a189ddfcc195774dad58c8fa07d5b326d2ac29cf3636383dc681e,5769aea4df39adc1c5884a4ac4950471da7bbe227eea0549a15de94fbdebfb6d,True,xgboost,0.9,41,equal original group diagnostic; distinct from pooled,0.6355618866571814,0.6488848310943002,1.3115295410156238,5.82913282301617,0.8801031266387783
rico,30,2,45,degrees C,30,smart_building_conformal/outputs/matched_forecasting005/rico_h30_f2_s45_v1,cd907183301a189ddfcc195774dad58c8fa07d5b326d2ac29cf3636383dc681e,5769aea4df39adc1c5884a4ac4950471da7bbe227eea0549a15de94fbdebfb6d,True,xgboost,0.95,41,equal original group diagnostic; distinct from pooled,0.6355618866571814,0.8573105517151428,2.6254226684570336,5.792672054220609,0.8801031266387783
rico,30,2,45,degrees C,30,smart_building_conformal/outputs/matched_forecasting005/rico_h30_f2_s45_v1,cd907183301a189ddfcc195774dad58c8fa07d5b326d2ac29cf3636383dc681e,5769aea4df39adc1c5884a4ac4950471da7bbe227eea0549a15de94fbdebfb6d,True,attention_lstm,0.9,41,equal original group diagnostic; distinct from pooled,3.0856091811415327,0.10329985652797705,1.727713775634768,47.02525856025031,3.4916280973718963
rico,30,2,45,degrees C,30,smart_building_conformal/outputs/matched_forecasting005/rico_h30_f2_s45_v1,cd907183301a189ddfcc195774dad58c8fa07d5b326d2ac29cf3636383dc681e,5769aea4df39adc1c5884a4ac4950471da7bbe227eea0549a15de94fbdebfb6d,True,attention_lstm,0.95,41,equal original group diagnostic; distinct from pooled,3.0856091811415327,0.11503847658797445,1.9446205139160144,88.6757226837743,3.4916280973718963
rico,60,2,45,degrees C,60,smart_building_conformal/outputs/matched_forecasting005/rico_h60_f2_s45_v1,cd907183301a189ddfcc195774dad58c8fa07d5b326d2ac29cf3636383dc681e,13626bbe92c4fc2e657cc07a12d739e6c76c86fd5e6e16d106077d5e6ffeef37,True,persistence,0.9,41,equal original group diagnostic; distinct from pooled,0.7156750038837968,0.9241882864688519,3.600000000000002,5.100388379679976,1.041377894828978
rico,60,2,45,degrees C,60,smart_building_conformal/outputs/matched_forecasting005/rico_h60_f2_s45_v1,cd907183301a189ddfcc195774dad58c8fa07d5b326d2ac29cf3636383dc681e,13626bbe92c4fc2e657cc07a12d739e6c76c86fd5e6e16d106077d5e6ffeef37,True,persistence,0.95,41,equal original group diagnostic; distinct from pooled,0.7156750038837968,0.9608513282585055,5.0,6.3975454404225545,1.041377894828978
rico,60,2,45,degrees C,60,smart_building_conformal/outputs/matched_forecasting005/rico_h60_f2_s45_v1,cd907183301a189ddfcc195774dad58c8fa07d5b326d2ac29cf3636383dc681e,13626bbe92c4fc2e657cc07a12d739e6c76c86fd5e6e16d106077d5e6ffeef37,True,xgboost,0.9,41,equal original group diagnostic; distinct from pooled,1.207052885621198,0.6355445083113251,2.5011299133300757,10.914020881101704,1.7745562037147147
rico,60,2,45,degrees C,60,smart_building_conformal/outputs/matched_forecasting005/rico_h60_f2_s45_v1,cd907183301a189ddfcc195774dad58c8fa07d5b326d2ac29cf3636383dc681e,13626bbe92c4fc2e657cc07a12d739e6c76c86fd5e6e16d106077d5e6ffeef37,True,xgboost,0.95,41,equal original group diagnostic; distinct from pooled,1.207052885621198,0.8671741494485009,4.744760131835933,11.104122712883651,1.7745562037147147
rico,60,2,45,degrees C,60,smart_building_conformal/outputs/matched_forecasting005/rico_h60_f2_s45_v1,cd907183301a189ddfcc195774dad58c8fa07d5b326d2ac29cf3636383dc681e,13626bbe92c4fc2e657cc07a12d739e6c76c86fd5e6e16d106077d5e6ffeef37,True,attention_lstm,0.9,41,equal original group diagnostic; distinct from pooled,3.0750332506247076,0.13235979493552896,2.0965507507324195,44.394892202854116,3.4773222485657236
rico,60,2,45,degrees C,60,smart_building_conformal/outputs/matched_forecasting005/rico_h60_f2_s45_v1,cd907183301a189ddfcc195774dad58c8fa07d5b326d2ac29cf3636383dc681e,13626bbe92c4fc2e657cc07a12d739e6c76c86fd5e6e16d106077d5e6ffeef37,True,attention_lstm,0.95,41,equal original group diagnostic; distinct from pooled,3.0750332506247076,0.1402827404070219,2.40146179199219,81.73225626937335,3.4773222485657236
bdg2,1,2,45,kWh per hour,60,smart_building_conformal/outputs/matched_forecasting005/bdg2_h1_f2_s45_v1,cd907183301a189ddfcc195774dad58c8fa07d5b326d2ac29cf3636383dc681e,d17374d7dfe7206b1bc2d78ed29eb81be4f2ec7661fd25177f694623751f05b4,True,persistence,0.9,10,equal original group diagnostic; distinct from pooled,20.947362168612568,0.8952452136359262,115.80600000000075,207.12505286318105,41.61243200970418
bdg2,1,2,45,kWh per hour,60,smart_building_conformal/outputs/matched_forecasting005/bdg2_h1_f2_s45_v1,cd907183301a189ddfcc195774dad58c8fa07d5b326d2ac29cf3636383dc681e,d17374d7dfe7206b1bc2d78ed29eb81be4f2ec7661fd25177f694623751f05b4,True,persistence,0.95,10,equal original group diagnostic; distinct from pooled,20.947362168612568,0.9469343110949577,165.40000000000003,273.3481909816455,41.61243200970418
bdg2,1,2,45,kWh per hour,60,smart_building_conformal/outputs/matched_forecasting005/bdg2_h1_f2_s45_v1,cd907183301a189ddfcc195774dad58c8fa07d5b326d2ac29cf3636383dc681e,d17374d7dfe7206b1bc2d78ed29eb81be4f2ec7661fd25177f694623751f05b4,True,xgboost,0.9,10,equal original group diagnostic; distinct from pooled,17.862172876653155,0.9040221920531926,94.03851562499995,172.61965291406023,35.041872503218116
bdg2,1,2,45,kWh per hour,60,smart_building_conformal/outputs/matched_forecasting005/bdg2_h1_f2_s45_v1,cd907183301a189ddfcc195774dad58c8fa07d5b326d2ac29cf3636383dc681e,d17374d7dfe7206b1bc2d78ed29eb81be4f2ec7661fd25177f694623751f05b4,True,xgboost,0.95,10,equal original group diagnostic; distinct from pooled,17.862172876653155,0.9486033758431589,136.7927797851562,233.1383616602578,35.041872503218116
bdg2,1,2,45,kWh per hour,60,smart_building_conformal/outputs/matched_forecasting005/bdg2_h1_f2_s45_v1,cd907183301a189ddfcc195774dad58c8fa07d5b326d2ac29cf3636383dc681e,d17374d7dfe7206b1bc2d78ed29eb81be4f2ec7661fd25177f694623751f05b4,True,attention_lstm,0.9,10,equal original group diagnostic; distinct from pooled,19.383974709013398,0.9010024907265866,96.35858300781251,178.57131501745175,36.5376245159615
bdg2,1,2,45,kWh per hour,60,smart_building_conformal/outputs/matched_forecasting005/bdg2_h1_f2_s45_v1,cd907183301a189ddfcc195774dad58c8fa07d5b326d2ac29cf3636383dc681e,d17374d7dfe7206b1bc2d78ed29eb81be4f2ec7661fd25177f694623751f05b4,True,attention_lstm,0.95,10,equal original group diagnostic; distinct from pooled,19.383974709013398,0.9487194244604316,139.95555615234383,241.79105543409952,36.5376245159615
bdg2,3,2,45,kWh per hour,180,smart_building_conformal/outputs/matched_forecasting005/bdg2_h3_f2_s45_v1,cd907183301a189ddfcc195774dad58c8fa07d5b326d2ac29cf3636383dc681e,b09d5d8c367121e6d22677abdb3f3bdb6a98e8404434e14ad1bfa57c42d265dd,True,persistence,0.9,10,equal original group diagnostic; distinct from pooled,42.73484162524506,0.8981573326776916,250.0,401.5787293406737,78.59821564851958
bdg2,3,2,45,kWh per hour,180,smart_building_conformal/outputs/matched_forecasting005/bdg2_h3_f2_s45_v1,cd907183301a189ddfcc195774dad58c8fa07d5b326d2ac29cf3636383dc681e,b09d5d8c367121e6d22677abdb3f3bdb6a98e8404434e14ad1bfa57c42d265dd,True,persistence,0.95,10,equal original group diagnostic; distinct from pooled,42.73484162524506,0.946158273381295,344.1999999999999,504.24377058992786,78.59821564851958
bdg2,3,2,45,kWh per hour,180,smart_building_conformal/outputs/matched_forecasting005/bdg2_h3_f2_s45_v1,cd907183301a189ddfcc195774dad58c8fa07d5b326d2ac29cf3636383dc681e,b09d5d8c367121e6d22677abdb3f3bdb6a98e8404434e14ad1bfa57c42d265dd,True,xgboost,0.9,10,equal original group diagnostic; distinct from pooled,28.5192345183508,0.9062111238201119,147.11084814453125,265.02031284152923,54.03201494546956
bdg2,3,2,45,kWh per hour,180,smart_building_conformal/outputs/matched_forecasting005/bdg2_h3_f2_s45_v1,cd907183301a189ddfcc195774dad58c8fa07d5b326d2ac29cf3636383dc681e,b09d5d8c367121e6d22677abdb3f3bdb6a98e8404434e14ad1bfa57c42d265dd,True,xgboost,0.95,10,equal original group diagnostic; distinct from pooled,28.5192345183508,0.9497841726618704,209.71688232421866,359.04659376049614,54.03201494546956
bdg2,3,2,45,kWh per hour,180,smart_building_conformal/outputs/matched_forecasting005/bdg2_h3_f2_s45_v1,cd907183301a189ddfcc195774dad58c8fa07d5b326d2ac29cf3636383dc681e,b09d5d8c367121e6d22677abdb3f3bdb6a98e8404434e14ad1bfa57c42d265dd,True,attention_lstm,0.9,10,equal original group diagnostic; distinct from pooled,35.47219036349881,0.9043387388157825,168.24957812499997,319.6429805459363,66.61596420540567
bdg2,3,2,45,kWh per hour,180,smart_building_conformal/outputs/matched_forecasting005/bdg2_h3_f2_s45_v1,cd907183301a189ddfcc195774dad58c8fa07d5b326d2ac29cf3636383dc681e,b09d5d8c367121e6d22677abdb3f3bdb6a98e8404434e14ad1bfa57c42d265dd,True,attention_lstm,0.95,10,equal original group diagnostic; distinct from pooled,35.47219036349881,0.9500719424460431,240.76612792968763,441.9898466712847,66.61596420540567
bdg2,6,2,45,kWh per hour,360,smart_building_conformal/outputs/matched_forecasting005/bdg2_h6_f2_s45_v1,cd907183301a189ddfcc195774dad58c8fa07d5b326d2ac29cf3636383dc681e,bf3712ec340f3bdba2b4f5fb836947320a1d97c097af41bf3d3d7cb8c8c05269,True,persistence,0.9,10,equal original group diagnostic; distinct from pooled,73.178199145204,0.8978705035971224,406.31199999999984,579.7212572661871,119.78364520238526
bdg2,6,2,45,kWh per hour,360,smart_building_conformal/outputs/matched_forecasting005/bdg2_h6_f2_s45_v1,cd907183301a189ddfcc195774dad58c8fa07d5b326d2ac29cf3636383dc681e,bf3712ec340f3bdba2b4f5fb836947320a1d97c097af41bf3d3d7cb8c8c05269,True,persistence,0.95,10,equal original group diagnostic; distinct from pooled,73.178199145204,0.9444028776978417,498.0,702.3863086043164,119.78364520238526
bdg2,6,2,45,kWh per hour,360,smart_building_conformal/outputs/matched_forecasting005/bdg2_h6_f2_s45_v1,cd907183301a189ddfcc195774dad58c8fa07d5b326d2ac29cf3636383dc681e,bf3712ec340f3bdba2b4f5fb836947320a1d97c097af41bf3d3d7cb8c8c05269,True,xgboost,0.9,10,equal original group diagnostic; distinct from pooled,33.985162210424335,0.9072220808791303,174.94312988281257,322.7504640197959,66.76304046319562
bdg2,6,2,45,kWh per hour,360,smart_building_conformal/outputs/matched_forecasting005/bdg2_h6_f2_s45_v1,cd907183301a189ddfcc195774dad58c8fa07d5b326d2ac29cf3636383dc681e,bf3712ec340f3bdba2b4f5fb836947320a1d97c097af41bf3d3d7cb8c8c05269,True,xgboost,0.95,10,equal original group diagnostic; distinct from pooled,33.985162210424335,0.9494388489208635,249.16056518554691,443.34385412259707,66.76304046319562
bdg2,6,2,45,kWh per hour,360,smart_building_conformal/outputs/matched_forecasting005/bdg2_h6_f2_s45_v1,cd907183301a189ddfcc195774dad58c8fa07d5b326d2ac29cf3636383dc681e,bf3712ec340f3bdba2b4f5fb836947320a1d97c097af41bf3d3d7cb8c8c05269,True,attention_lstm,0.9,10,equal original group diagnostic; distinct from pooled,41.44054269124685,0.9112141704170098,202.8971640625,367.38647899433636,77.21391231721451
bdg2,6,2,45,kWh per hour,360,smart_building_conformal/outputs/matched_forecasting005/bdg2_h6_f2_s45_v1,cd907183301a189ddfcc195774dad58c8fa07d5b326d2ac29cf3636383dc681e,bf3712ec340f3bdba2b4f5fb836947320a1d97c097af41bf3d3d7cb8c8c05269,True,attention_lstm,0.95,10,equal original group diagnostic; distinct from pooled,41.44054269124685,0.9516155515409365,277.77793359375016,508.44463508460484,77.21391231721451
pleia,1,2,45,degrees C,10,smart_building_conformal/outputs/matched_forecasting005/pleia_h1_f2_s45_v1,cd907183301a189ddfcc195774dad58c8fa07d5b326d2ac29cf3636383dc681e,ce8d6b4c952de02d809dfc2b4fbd7b34988a37c2c5ca18c286a65afd2a71556a,True,persistence,0.9,1,equal original group diagnostic; distinct from pooled,0.23937619864742102,0.9408499041082063,1.2000000000000028,1.5472292318562646,0.3366736506882145
pleia,1,2,45,degrees C,10,smart_building_conformal/outputs/matched_forecasting005/pleia_h1_f2_s45_v1,cd907183301a189ddfcc195774dad58c8fa07d5b326d2ac29cf3636383dc681e,ce8d6b4c952de02d809dfc2b4fbd7b34988a37c2c5ca18c286a65afd2a71556a,True,persistence,0.95,1,equal original group diagnostic; distinct from pooled,0.23937619864742102,0.9651761380841829,1.599999999999994,1.9044312102553733,0.3366736506882145
pleia,1,2,45,degrees C,10,smart_building_conformal/outputs/matched_forecasting005/pleia_h1_f2_s45_v1,cd907183301a189ddfcc195774dad58c8fa07d5b326d2ac29cf3636383dc681e,ce8d6b4c952de02d809dfc2b4fbd7b34988a37c2c5ca18c286a65afd2a71556a,True,xgboost,0.9,1,equal original group diagnostic; distinct from pooled,2.180937218466332,0.2460886242051075,2.0160232543945327,27.68150394463185,2.5630276193214137
pleia,1,2,45,degrees C,10,smart_building_conformal/outputs/matched_forecasting005/pleia_h1_f2_s45_v1,cd907183301a189ddfcc195774dad58c8fa07d5b326d2ac29cf3636383dc681e,ce8d6b4c952de02d809dfc2b4fbd7b34988a37c2c5ca18c286a65afd2a71556a,True,xgboost,0.95,1,equal original group diagnostic; distinct from pooled,2.180937218466332,0.3201776521651358,2.5245811462402377,46.58008616585963,2.5630276193214137
pleia,1,2,45,degrees C,10,smart_building_conformal/outputs/matched_forecasting005/pleia_h1_f2_s45_v1,cd907183301a189ddfcc195774dad58c8fa07d5b326d2ac29cf3636383dc681e,ce8d6b4c952de02d809dfc2b4fbd7b34988a37c2c5ca18c286a65afd2a71556a,True,attention_lstm,0.9,1,equal original group diagnostic; distinct from pooled,3.5595529901857423,0.19935399212677904,3.9865203857421885,38.87017463352168,3.952667562557191
pleia,1,2,45,degrees C,10,smart_building_conformal/outputs/matched_forecasting005/pleia_h1_f2_s45_v1,cd907183301a189ddfcc195774dad58c8fa07d5b326d2ac29cf3636383dc681e,ce8d6b4c952de02d809dfc2b4fbd7b34988a37c2c5ca18c286a65afd2a71556a,True,attention_lstm,0.95,1,equal original group diagnostic; distinct from pooled,3.5595529901857423,0.29019884929847584,5.070796203613284,58.40985023619433,3.952667562557191
pleia,3,2,45,degrees C,30,smart_building_conformal/outputs/matched_forecasting005/pleia_h3_f2_s45_v1,cd907183301a189ddfcc195774dad58c8fa07d5b326d2ac29cf3636383dc681e,43fdef7973feabb27f49a6f3a57657663ea1c46bff243e5d984ce84c66f35ce8,True,persistence,0.9,1,equal original group diagnostic; distinct from pooled,0.3915918037751086,0.9363076612496215,2.0,2.665186231957202,0.5655364111359953
pleia,3,2,45,degrees C,30,smart_building_conformal/outputs/matched_forecasting005/pleia_h3_f2_s45_v1,cd907183301a189ddfcc195774dad58c8fa07d5b326d2ac29cf3636383dc681e,43fdef7973feabb27f49a6f3a57657663ea1c46bff243e5d984ce84c66f35ce8,True,persistence,0.95,1,equal original group diagnostic; distinct from pooled,0.3915918037751086,0.9600282628444534,2.4000000000000057,3.2700918542444737,0.5655364111359953
pleia,3,2,45,degrees C,30,smart_building_conformal/outputs/matched_forecasting005/pleia_h3_f2_s45_v1,cd907183301a189ddfcc195774dad58c8fa07d5b326d2ac29cf3636383dc681e,43fdef7973feabb27f49a6f3a57657663ea1c46bff243e5d984ce84c66f35ce8,True,xgboost,0.9,1,equal original group diagnostic; distinct from pooled,3.330021235569101,0.23488442515393157,3.9509544372558594,34.64670921264845,3.709486005375483
pleia,3,2,45,degrees C,30,smart_building_conformal/outputs/matched_forecasting005/pleia_h3_f2_s45_v1,cd907183301a189ddfcc195774dad58c8fa07d5b326d2ac29cf3636383dc681e,43fdef7973feabb27f49a6f3a57657663ea1c46bff243e5d984ce84c66f35ce8,True,xgboost,0.95,1,equal original group diagnostic; distinct from pooled,3.330021235569101,0.31593822549712325,4.717658996582031,55.00032203715127,3.709486005375483
pleia,3,2,45,degrees C,30,smart_building_conformal/outputs/matched_forecasting005/pleia_h3_f2_s45_v1,cd907183301a189ddfcc195774dad58c8fa07d5b326d2ac29cf3636383dc681e,43fdef7973feabb27f49a6f3a57657663ea1c46bff243e5d984ce84c66f35ce8,True,attention_lstm,0.9,1,equal original group diagnostic; distinct from pooled,3.517059336914789,0.21530231149692136,4.322561645507811,35.312442494680525,3.871117317243386
pleia,3,2,45,degrees C,30,smart_building_conformal/outputs/matched_forecasting005/pleia_h3_f2_s45_v1,cd907183301a189ddfcc195774dad58c8fa07d5b326d2ac29cf3636383dc681e,43fdef7973feabb27f49a6f3a57657663ea1c46bff243e5d984ce84c66f35ce8,True,attention_lstm,0.95,1,equal original group diagnostic; distinct from pooled,3.517059336914789,0.2984758251741193,5.219096374511722,53.84224329492421,3.871117317243386
pleia,6,2,45,degrees C,60,smart_building_conformal/outputs/matched_forecasting005/pleia_h6_f2_s45_v1,cd907183301a189ddfcc195774dad58c8fa07d5b326d2ac29cf3636383dc681e,7b3af2e5082254e020ca867fb95d22cc2dc6b99331e9a1c7f86c6a385461bbeb,True,persistence,0.9,1,equal original group diagnostic; distinct from pooled,0.5479458968406178,0.9193499545775714,2.6000000000000014,3.6683355203391548,0.7817754844230004
pleia,6,2,45,degrees C,60,smart_building_conformal/outputs/matched_forecasting005/pleia_h6_f2_s45_v1,cd907183301a189ddfcc195774dad58c8fa07d5b326d2ac29cf3636383dc681e,7b3af2e5082254e020ca867fb95d22cc2dc6b99331e9a1c7f86c6a385461bbeb,True,persistence,0.95,1,equal original group diagnostic; distinct from pooled,0.5479458968406178,0.95306349046129,3.2000000000000033,4.51422226708388,0.7817754844230004
pleia,6,2,45,degrees C,60,smart_building_conformal/outputs/matched_forecasting005/pleia_h6_f2_s45_v1,cd907183301a189ddfcc195774dad58c8fa07d5b326d2ac29cf3636383dc681e,7b3af2e5082254e020ca867fb95d22cc2dc6b99331e9a1c7f86c6a385461bbeb,True,xgboost,0.9,1,equal original group diagnostic; distinct from pooled,4.414289251350425,0.22711214292924195,5.857241821289065,40.08395778863547,4.77597967782788
pleia,6,2,45,degrees C,60,smart_building_conformal/outputs/matched_forecasting005/pleia_h6_f2_s45_v1,cd907183301a189ddfcc195774dad58c8fa07d5b326d2ac29cf3636383dc681e,7b3af2e5082254e020ca867fb95d22cc2dc6b99331e9a1c7f86c6a385461bbeb,True,xgboost,0.95,1,equal original group diagnostic; distinct from pooled,4.414289251350425,0.2987786413646916,6.676360321044924,63.03979005275481,4.77597967782788
pleia,6,2,45,degrees C,60,smart_building_conformal/outputs/matched_forecasting005/pleia_h6_f2_s45_v1,cd907183301a189ddfcc195774dad58c8fa07d5b326d2ac29cf3636383dc681e,7b3af2e5082254e020ca867fb95d22cc2dc6b99331e9a1c7f86c6a385461bbeb,True,attention_lstm,0.9,1,equal original group diagnostic; distinct from pooled,4.626461496504282,0.21853235086302614,6.388154602050781,40.202178815227704,4.956888648315604
pleia,6,2,45,degrees C,60,smart_building_conformal/outputs/matched_forecasting005/pleia_h6_f2_s45_v1,cd907183301a189ddfcc195774dad58c8fa07d5b326d2ac29cf3636383dc681e,7b3af2e5082254e020ca867fb95d22cc2dc6b99331e9a1c7f86c6a385461bbeb,True,attention_lstm,0.95,1,equal original group diagnostic; distinct from pooled,4.626461496504282,0.28888664580599577,7.375311279296877,60.23683053268194,4.956888648315604
pleia_energy,1,2,46,kWh per 10 minutes,10,smart_building_conformal/outputs/matched_forecasting005/pleia_energy_h1_f2_s46_v1,cd907183301a189ddfcc195774dad58c8fa07d5b326d2ac29cf3636383dc681e,d3f48a48b1e9bd268b7a135c9afd44e18a498537f9d3262d88eb1ded5694a0c3,True,persistence,0.9,1,equal original group diagnostic; distinct from pooled,0.12760863530836783,0.5603108912889876,0.078125,2.097025777228223,0.24188010063684087
pleia_energy,1,2,46,kWh per 10 minutes,10,smart_building_conformal/outputs/matched_forecasting005/pleia_energy_h1_f2_s46_v1,cd907183301a189ddfcc195774dad58c8fa07d5b326d2ac29cf3636383dc681e,d3f48a48b1e9bd268b7a135c9afd44e18a498537f9d3262d88eb1ded5694a0c3,True,persistence,0.95,1,equal original group diagnostic; distinct from pooled,0.12760863530836783,0.6428787725850409,0.125,3.783587362470977,0.24188010063684087
pleia_energy,1,2,46,kWh per 10 minutes,10,smart_building_conformal/outputs/matched_forecasting005/pleia_energy_h1_f2_s46_v1,cd907183301a189ddfcc195774dad58c8fa07d5b326d2ac29cf3636383dc681e,d3f48a48b1e9bd268b7a135c9afd44e18a498537f9d3262d88eb1ded5694a0c3,True,xgboost,0.9,1,equal original group diagnostic; distinct from pooled,0.1260102669235296,0.6798223478348643,0.22731336951255798,1.502187885233477,0.2140655842042265
pleia_energy,1,2,46,kWh per 10 minutes,10,smart_building_conformal/outputs/matched_forecasting005/pleia_energy_h1_f2_s46_v1,cd907183301a189ddfcc195774dad58c8fa07d5b326d2ac29cf3636383dc681e,d3f48a48b1e9bd268b7a135c9afd44e18a498537f9d3262d88eb1ded5694a0c3,True,xgboost,0.95,1,equal original group diagnostic; distinct from pooled,0.1260102669235296,0.8275966488341576,0.48469746112823486,1.8003877541534437,0.2140655842042265
pleia_energy,1,2,46,kWh per 10 minutes,10,smart_building_conformal/outputs/matched_forecasting005/pleia_energy_h1_f2_s46_v1,cd907183301a189ddfcc195774dad58c8fa07d5b326d2ac29cf3636383dc681e,d3f48a48b1e9bd268b7a135c9afd44e18a498537f9d3262d88eb1ded5694a0c3,True,attention_lstm,0.9,1,equal original group diagnostic; distinct from pooled,0.13523025937213706,0.5181185020692439,0.15718775987625122,1.7057790969387245,0.2264348838134962
pleia_energy,1,2,46,kWh per 10 minutes,10,smart_building_conformal/outputs/matched_forecasting005/pleia_energy_h1_f2_s46_v1,cd907183301a189ddfcc195774dad58c8fa07d5b326d2ac29cf3636383dc681e,d3f48a48b1e9bd268b7a135c9afd44e18a498537f9d3262d88eb1ded5694a0c3,True,attention_lstm,0.95,1,equal original group diagnostic; distinct from pooled,0.13523025937213706,0.6073483395578884,0.19741028547286987,2.944458366445108,0.2264348838134962
pleia_energy,3,2,46,kWh per 10 minutes,30,smart_building_conformal/outputs/matched_forecasting005/pleia_energy_h3_f2_s46_v1,cd907183301a189ddfcc195774dad58c8fa07d5b326d2ac29cf3636383dc681e,fb989e0b28343b79b68029382ab18ade0ee12ee10ed49917a8ceffa6f9970124,True,persistence,0.9,1,equal original group diagnostic; distinct from pooled,0.13126135560714647,0.5711113354194004,0.078125,2.1860568915918046,0.257541502923049
pleia_energy,3,2,46,kWh per 10 minutes,30,smart_building_conformal/outputs/matched_forecasting005/pleia_energy_h3_f2_s46_v1,cd907183301a189ddfcc195774dad58c8fa07d5b326d2ac29cf3636383dc681e,fb989e0b28343b79b68029382ab18ade0ee12ee10ed49917a8ceffa6f9970124,True,persistence,0.95,1,equal original group diagnostic; distinct from pooled,0.13126135560714647,0.6392449782981731,0.125,3.9634475623296628,0.257541502923049
pleia_energy,3,2,46,kWh per 10 minutes,30,smart_building_conformal/outputs/matched_forecasting005/pleia_energy_h3_f2_s46_v1,cd907183301a189ddfcc195774dad58c8fa07d5b326d2ac29cf3636383dc681e,fb989e0b28343b79b68029382ab18ade0ee12ee10ed49917a8ceffa6f9970124,True,xgboost,0.9,1,equal original group diagnostic; distinct from pooled,0.118150517131268,0.6484304027455334,0.16609832644462585,1.6179380828272727,0.22424131598297947
pleia_energy,3,2,46,kWh per 10 minutes,30,smart_building_conformal/outputs/matched_forecasting005/pleia_energy_h3_f2_s46_v1,cd907183301a189ddfcc195774dad58c8fa07d5b326d2ac29cf3636383dc681e,fb989e0b28343b79b68029382ab18ade0ee12ee10ed49917a8ceffa6f9970124,True,xgboost,0.95,1,equal original group diagnostic; distinct from pooled,0.118150517131268,0.7042495205410316,0.2211560159921646,2.7692302214118034,0.22424131598297947
pleia_energy,3,2,46,kWh per 10 minutes,30,smart_building_conformal/outputs/matched_forecasting005/pleia_energy_h3_f2_s46_v1,cd907183301a189ddfcc195774dad58c8fa07d5b326d2ac29cf3636383dc681e,fb989e0b28343b79b68029382ab18ade0ee12ee10ed49917a8ceffa6f9970124,True,attention_lstm,0.9,1,equal original group diagnostic; distinct from pooled,0.14873427403217443,0.593620672251943,0.2141551375389099,1.6556332442081094,0.24700807572409358
pleia_energy,3,2,46,kWh per 10 minutes,30,smart_building_conformal/outputs/matched_forecasting005/pleia_energy_h3_f2_s46_v1,cd907183301a189ddfcc195774dad58c8fa07d5b326d2ac29cf3636383dc681e,fb989e0b28343b79b68029382ab18ade0ee12ee10ed49917a8ceffa6f9970124,True,attention_lstm,0.95,1,equal original group diagnostic; distinct from pooled,0.14873427403217443,0.6667003129100636,0.2561917304992676,2.8306593950309513,0.24700807572409358
pleia_energy,6,2,46,kWh per 10 minutes,60,smart_building_conformal/outputs/matched_forecasting005/pleia_energy_h6_f2_s46_v1,cd907183301a189ddfcc195774dad58c8fa07d5b326d2ac29cf3636383dc681e,a7fb23eab8e276cf1692aec7b1d3928e3ec2e9cf037d4dbfff4e0ac7d3af6d87,True,persistence,0.9,1,equal original group diagnostic; distinct from pooled,0.12998936988997678,0.5607146462097506,0.078125,2.156516541334411,0.25754481604675455
pleia_energy,6,2,46,kWh per 10 minutes,60,smart_building_conformal/outputs/matched_forecasting005/pleia_energy_h6_f2_s46_v1,cd907183301a189ddfcc195774dad58c8fa07d5b326d2ac29cf3636383dc681e,a7fb23eab8e276cf1692aec7b1d3928e3ec2e9cf037d4dbfff4e0ac7d3af6d87,True,persistence,0.95,1,equal original group diagnostic; distinct from pooled,0.12998936988997678,0.6406581205208438,0.125,3.899036035126675,0.25754481604675455
pleia_energy,6,2,46,kWh per 10 minutes,60,smart_building_conformal/outputs/matched_forecasting005/pleia_energy_h6_f2_s46_v1,cd907183301a189ddfcc195774dad58c8fa07d5b326d2ac29cf3636383dc681e,a7fb23eab8e276cf1692aec7b1d3928e3ec2e9cf037d4dbfff4e0ac7d3af6d87,True,xgboost,0.9,1,equal original group diagnostic; distinct from pooled,0.12951562300860653,0.6093671141617039,0.1407966911792755,1.8541279375437314,0.24693131557635914
pleia_energy,6,2,46,kWh per 10 minutes,60,smart_building_conformal/outputs/matched_forecasting005/pleia_energy_h6_f2_s46_v1,cd907183301a189ddfcc195774dad58c8fa07d5b326d2ac29cf3636383dc681e,a7fb23eab8e276cf1692aec7b1d3928e3ec2e9cf037d4dbfff4e0ac7d3af6d87,True,xgboost,0.95,1,equal original group diagnostic; distinct from pooled,0.12951562300860653,0.6867871202180277,0.21007832884788513,3.1524403150897196,0.24693131557635914
pleia_energy,6,2,46,kWh per 10 minutes,60,smart_building_conformal/outputs/matched_forecasting005/pleia_energy_h6_f2_s46_v1,cd907183301a189ddfcc195774dad58c8fa07d5b326d2ac29cf3636383dc681e,a7fb23eab8e276cf1692aec7b1d3928e3ec2e9cf037d4dbfff4e0ac7d3af6d87,True,attention_lstm,0.9,1,equal original group diagnostic; distinct from pooled,0.1542452122725451,0.5951347532048047,0.2251095175743103,1.7275784795684002,0.26103274930959713
pleia_energy,6,2,46,kWh per 10 minutes,60,smart_building_conformal/outputs/matched_forecasting005/pleia_energy_h6_f2_s46_v1,cd907183301a189ddfcc195774dad58c8fa07d5b326d2ac29cf3636383dc681e,a7fb23eab8e276cf1692aec7b1d3928e3ec2e9cf037d4dbfff4e0ac7d3af6d87,True,attention_lstm,0.95,1,equal original group diagnostic; distinct from pooled,0.1542452122725451,0.6818411224386797,0.2751588821411133,2.920942772790882,0.26103274930959713
rico,5,2,46,degrees C,5,smart_building_conformal/outputs/matched_forecasting005/rico_h5_f2_s46_v1,cd907183301a189ddfcc195774dad58c8fa07d5b326d2ac29cf3636383dc681e,bc0f06119e0a0e1ed46353afd0b76b2c92cad9e7003e51737073831e86c9ecd3,True,persistence,0.9,41,equal original group diagnostic; distinct from pooled,0.07447077772664519,0.9282098481362173,0.3999999999999986,0.6013345605154169,0.12451008457023499
rico,5,2,46,degrees C,5,smart_building_conformal/outputs/matched_forecasting005/rico_h5_f2_s46_v1,cd907183301a189ddfcc195774dad58c8fa07d5b326d2ac29cf3636383dc681e,bc0f06119e0a0e1ed46353afd0b76b2c92cad9e7003e51737073831e86c9ecd3,True,persistence,0.95,41,equal original group diagnostic; distinct from pooled,0.07447077772664519,0.9723884031293143,0.6000000000000014,0.7808559595029918,0.12451008457023499
rico,5,2,46,degrees C,5,smart_building_conformal/outputs/matched_forecasting005/rico_h5_f2_s46_v1,cd907183301a189ddfcc195774dad58c8fa07d5b326d2ac29cf3636383dc681e,bc0f06119e0a0e1ed46353afd0b76b2c92cad9e7003e51737073831e86c9ecd3,True,xgboost,0.9,41,equal original group diagnostic; distinct from pooled,0.2740292439414672,0.563276576161988,0.39005737304687216,3.2204658608364274,0.4466372664209983
rico,5,2,46,degrees C,5,smart_building_conformal/outputs/matched_forecasting005/rico_h5_f2_s46_v1,cd907183301a189ddfcc195774dad58c8fa07d5b326d2ac29cf3636383dc681e,bc0f06119e0a0e1ed46353afd0b76b2c92cad9e7003e51737073831e86c9ecd3,True,xgboost,0.95,41,equal original group diagnostic; distinct from pooled,0.2740292439414672,0.6929360331339162,0.5916305541992202,4.783160812581558,0.4466372664209983
rico,5,2,46,degrees C,5,smart_building_conformal/outputs/matched_forecasting005/rico_h5_f2_s46_v1,cd907183301a189ddfcc195774dad58c8fa07d5b326d2ac29cf3636383dc681e,bc0f06119e0a0e1ed46353afd0b76b2c92cad9e7003e51737073831e86c9ecd3,True,attention_lstm,0.9,41,equal original group diagnostic; distinct from pooled,3.03429965670077,0.06189599631845376,1.6652023315429711,46.23213160848813,3.3693767978635973
rico,5,2,46,degrees C,5,smart_building_conformal/outputs/matched_forecasting005/rico_h5_f2_s46_v1,cd907183301a189ddfcc195774dad58c8fa07d5b326d2ac29cf3636383dc681e,bc0f06119e0a0e1ed46353afd0b76b2c92cad9e7003e51737073831e86c9ecd3,True,attention_lstm,0.95,41,equal original group diagnostic; distinct from pooled,3.03429965670077,0.13955361251725726,2.6238471984863305,74.51672267325715,3.3693767978635973
rico,15,2,46,degrees C,15,smart_building_conformal/outputs/matched_forecasting005/rico_h15_f2_s46_v1,cd907183301a189ddfcc195774dad58c8fa07d5b326d2ac29cf3636383dc681e,fba4163656ab14c306dd508668113d90ba96f38e46ee7b8f52fa4a00e8ee546f,True,persistence,0.9,41,equal original group diagnostic; distinct from pooled,0.20938179183772038,0.9153586090316349,1.0,1.6582950978024635,0.33076021266260025
rico,15,2,46,degrees C,15,smart_building_conformal/outputs/matched_forecasting005/rico_h15_f2_s46_v1,cd907183301a189ddfcc195774dad58c8fa07d5b326d2ac29cf3636383dc681e,fba4163656ab14c306dd508668113d90ba96f38e46ee7b8f52fa4a00e8ee546f,True,persistence,0.95,41,equal original group diagnostic; distinct from pooled,0.20938179183772038,0.9629316590195606,1.6000000000000012,2.1462448683892776,0.33076021266260025
rico,15,2,46,degrees C,15,smart_building_conformal/outputs/matched_forecasting005/rico_h15_f2_s46_v1,cd907183301a189ddfcc195774dad58c8fa07d5b326d2ac29cf3636383dc681e,fba4163656ab14c306dd508668113d90ba96f38e46ee7b8f52fa4a00e8ee546f,True,xgboost,0.9,41,equal original group diagnostic; distinct from pooled,0.42311891340685476,0.6080656846172423,0.7754089355468778,4.274328425540285,0.6121914558182814
rico,15,2,46,degrees C,15,smart_building_conformal/outputs/matched_forecasting005/rico_h15_f2_s46_v1,cd907183301a189ddfcc195774dad58c8fa07d5b326d2ac29cf3636383dc681e,fba4163656ab14c306dd508668113d90ba96f38e46ee7b8f52fa4a00e8ee546f,True,xgboost,0.95,41,equal original group diagnostic; distinct from pooled,0.42311891340685476,0.8753924172905095,1.7489578247070336,4.014105798702422,0.6121914558182814
rico,15,2,46,degrees C,15,smart_building_conformal/outputs/matched_forecasting005/rico_h15_f2_s46_v1,cd907183301a189ddfcc195774dad58c8fa07d5b326d2ac29cf3636383dc681e,fba4163656ab14c306dd508668113d90ba96f38e46ee7b8f52fa4a00e8ee546f,True,attention_lstm,0.9,41,equal original group diagnostic; distinct from pooled,3.2617364692734054,0.05312726394590678,1.588504028320315,51.39976741603766,3.593701619617502
rico,15,2,46,degrees C,15,smart_building_conformal/outputs/matched_forecasting005/rico_h15_f2_s46_v1,cd907183301a189ddfcc195774dad58c8fa07d5b326d2ac29cf3636383dc681e,fba4163656ab14c306dd508668113d90ba96f38e46ee7b8f52fa4a00e8ee546f,True,attention_lstm,0.95,41,equal original group diagnostic; distinct from pooled,3.2617364692734054,0.1232794011108428,2.6796051025390573,82.13707056107715,3.593701619617502
rico,30,2,46,degrees C,30,smart_building_conformal/outputs/matched_forecasting005/rico_h30_f2_s46_v1,cd907183301a189ddfcc195774dad58c8fa07d5b326d2ac29cf3636383dc681e,0db7f0a10aa75d45d291b57c800923360aa803d8a48eb3fa75d6968e1b6a27fe,True,persistence,0.9,41,equal original group diagnostic; distinct from pooled,0.38969610016955786,0.921612103821573,2.0,3.0014347202295557,0.5994280130858493
rico,30,2,46,degrees C,30,smart_building_conformal/outputs/matched_forecasting005/rico_h30_f2_s46_v1,cd907183301a189ddfcc195774dad58c8fa07d5b326d2ac29cf3636383dc681e,0db7f0a10aa75d45d291b57c800923360aa803d8a48eb3fa75d6968e1b6a27fe,True,persistence,0.95,41,equal original group diagnostic; distinct from pooled,0.38969610016955786,0.9641319942611192,3.0,3.862397287074474,0.5994280130858493
rico,30,2,46,degrees C,30,smart_building_conformal/outputs/matched_forecasting005/rico_h30_f2_s46_v1,cd907183301a189ddfcc195774dad58c8fa07d5b326d2ac29cf3636383dc681e,0db7f0a10aa75d45d291b57c800923360aa803d8a48eb3fa75d6968e1b6a27fe,True,xgboost,0.9,41,equal original group diagnostic; distinct from pooled,0.6249124004303811,0.676014086344072,1.3591041564941406,5.458197105967955,0.8670187575954371
rico,30,2,46,degrees C,30,smart_building_conformal/outputs/matched_forecasting005/rico_h30_f2_s46_v1,cd907183301a189ddfcc195774dad58c8fa07d5b326d2ac29cf3636383dc681e,0db7f0a10aa75d45d291b57c800923360aa803d8a48eb3fa75d6968e1b6a27fe,True,xgboost,0.95,41,equal original group diagnostic; distinct from pooled,0.6249124004303811,0.8737446197991391,2.770411682128909,5.569467757555774,0.8670187575954371
rico,30,2,46,degrees C,30,smart_building_conformal/outputs/matched_forecasting005/rico_h30_f2_s46_v1,cd907183301a189ddfcc195774dad58c8fa07d5b326d2ac29cf3636383dc681e,0db7f0a10aa75d45d291b57c800923360aa803d8a48eb3fa75d6968e1b6a27fe,True,attention_lstm,0.9,41,equal original group diagnostic; distinct from pooled,3.525510582576228,0.0639102647710969,2.0694923400878906,52.509464969438476,3.8918747305354424
rico,30,2,46,degrees C,30,smart_building_conformal/outputs/matched_forecasting005/rico_h30_f2_s46_v1,cd907183301a189ddfcc195774dad58c8fa07d5b326d2ac29cf3636383dc681e,0db7f0a10aa75d45d291b57c800923360aa803d8a48eb3fa75d6968e1b6a27fe,True,attention_lstm,0.95,41,equal original group diagnostic; distinct from pooled,3.525510582576228,0.10082170340419983,2.8284805297851534,89.74616894754944,3.8918747305354424
rico,60,2,46,degrees C,60,smart_building_conformal/outputs/matched_forecasting005/rico_h60_f2_s46_v1,cd907183301a189ddfcc195774dad58c8fa07d5b326d2ac29cf3636383dc681e,27622b6cebbf93f20aeec4af03f6497dc542faf718a8e023032df13475a84c65,True,persistence,0.9,41,equal original group diagnostic; distinct from pooled,0.7156750038837968,0.9241882864688519,3.600000000000002,5.100388379679976,1.041377894828978
rico,60,2,46,degrees C,60,smart_building_conformal/outputs/matched_forecasting005/rico_h60_f2_s46_v1,cd907183301a189ddfcc195774dad58c8fa07d5b326d2ac29cf3636383dc681e,27622b6cebbf93f20aeec4af03f6497dc542faf718a8e023032df13475a84c65,True,persistence,0.95,41,equal original group diagnostic; distinct from pooled,0.7156750038837968,0.9608513282585055,5.0,6.3975454404225545,1.041377894828978
rico,60,2,46,degrees C,60,smart_building_conformal/outputs/matched_forecasting005/rico_h60_f2_s46_v1,cd907183301a189ddfcc195774dad58c8fa07d5b326d2ac29cf3636383dc681e,27622b6cebbf93f20aeec4af03f6497dc542faf718a8e023032df13475a84c65,True,xgboost,0.9,41,equal original group diagnostic; distinct from pooled,1.1986881858798424,0.6793537362125215,2.681539154052735,10.577610448956097,1.8162390871575815
rico,60,2,46,degrees C,60,smart_building_conformal/outputs/matched_forecasting005/rico_h60_f2_s46_v1,cd907183301a189ddfcc195774dad58c8fa07d5b326d2ac29cf3636383dc681e,27622b6cebbf93f20aeec4af03f6497dc542faf718a8e023032df13475a84c65,True,xgboost,0.95,41,equal original group diagnostic; distinct from pooled,1.1986881858798424,0.8437160167780022,4.360217285156252,12.161570667446393,1.8162390871575815
rico,60,2,46,degrees C,60,smart_building_conformal/outputs/matched_forecasting005/rico_h60_f2_s46_v1,cd907183301a189ddfcc195774dad58c8fa07d5b326d2ac29cf3636383dc681e,27622b6cebbf93f20aeec4af03f6497dc542faf718a8e023032df13475a84c65,True,attention_lstm,0.9,41,equal original group diagnostic; distinct from pooled,3.74168488907114,0.08373465900264097,2.4123023986816396,53.8887523411112,4.166828382204982
rico,60,2,46,degrees C,60,smart_building_conformal/outputs/matched_forecasting005/rico_h60_f2_s46_v1,cd907183301a189ddfcc195774dad58c8fa07d5b326d2ac29cf3636383dc681e,27622b6cebbf93f20aeec4af03f6497dc542faf718a8e023032df13475a84c65,True,attention_lstm,0.95,41,equal original group diagnostic; distinct from pooled,3.74168488907114,0.09864843871368649,2.7825973510742164,98.99721826870689,4.166828382204982
bdg2,1,2,46,kWh per hour,60,smart_building_conformal/outputs/matched_forecasting005/bdg2_h1_f2_s46_v1,cd907183301a189ddfcc195774dad58c8fa07d5b326d2ac29cf3636383dc681e,b6643b6b0997a0780ea6392f425b4a0cb5398cc5509f4332b3c8d5941770a46d,True,persistence,0.9,10,equal original group diagnostic; distinct from pooled,20.947362168612568,0.8952452136359262,115.80600000000075,207.12505286318105,41.61243200970418
bdg2,1,2,46,kWh per hour,60,smart_building_conformal/outputs/matched_forecasting005/bdg2_h1_f2_s46_v1,cd907183301a189ddfcc195774dad58c8fa07d5b326d2ac29cf3636383dc681e,b6643b6b0997a0780ea6392f425b4a0cb5398cc5509f4332b3c8d5941770a46d,True,persistence,0.95,10,equal original group diagnostic; distinct from pooled,20.947362168612568,0.9469343110949577,165.40000000000003,273.3481909816455,41.61243200970418
bdg2,1,2,46,kWh per hour,60,smart_building_conformal/outputs/matched_forecasting005/bdg2_h1_f2_s46_v1,cd907183301a189ddfcc195774dad58c8fa07d5b326d2ac29cf3636383dc681e,b6643b6b0997a0780ea6392f425b4a0cb5398cc5509f4332b3c8d5941770a46d,True,xgboost,0.9,10,equal original group diagnostic; distinct from pooled,17.65603297511417,0.9035339241237026,93.579345703125,172.1227687921464,34.97247468203826
bdg2,1,2,46,kWh per hour,60,smart_building_conformal/outputs/matched_forecasting005/bdg2_h1_f2_s46_v1,cd907183301a189ddfcc195774dad58c8fa07d5b326d2ac29cf3636383dc681e,b6643b6b0997a0780ea6392f425b4a0cb5398cc5509f4332b3c8d5941770a46d,True,xgboost,0.95,10,equal original group diagnostic; distinct from pooled,17.65603297511417,0.9499558938287705,137.87353515625,232.6032687034664,34.97247468203826
bdg2,1,2,46,kWh per hour,60,smart_building_conformal/outputs/matched_forecasting005/bdg2_h1_f2_s46_v1,cd907183301a189ddfcc195774dad58c8fa07d5b326d2ac29cf3636383dc681e,b6643b6b0997a0780ea6392f425b4a0cb5398cc5509f4332b3c8d5941770a46d,True,attention_lstm,0.9,10,equal original group diagnostic; distinct from pooled,19.89608606692287,0.8988395138272741,97.01282153320312,178.7676488895487,36.92343495127498
bdg2,1,2,46,kWh per hour,60,smart_building_conformal/outputs/matched_forecasting005/bdg2_h1_f2_s46_v1,cd907183301a189ddfcc195774dad58c8fa07d5b326d2ac29cf3636383dc681e,b6643b6b0997a0780ea6392f425b4a0cb5398cc5509f4332b3c8d5941770a46d,True,attention_lstm,0.95,10,equal original group diagnostic; distinct from pooled,19.89608606692287,0.9494676258992806,142.8797558593751,240.14848159661634,36.92343495127498
bdg2,3,2,46,kWh per hour,180,smart_building_conformal/outputs/matched_forecasting005/bdg2_h3_f2_s46_v1,cd907183301a189ddfcc195774dad58c8fa07d5b326d2ac29cf3636383dc681e,f93cc7009437b45a97bce046887aaf78f96bc32475a26a555e30540eb666b963,True,persistence,0.9,10,equal original group diagnostic; distinct from pooled,42.73484162524506,0.8981573326776916,250.0,401.5787293406737,78.59821564851958
bdg2,3,2,46,kWh per hour,180,smart_building_conformal/outputs/matched_forecasting005/bdg2_h3_f2_s46_v1,cd907183301a189ddfcc195774dad58c8fa07d5b326d2ac29cf3636383dc681e,f93cc7009437b45a97bce046887aaf78f96bc32475a26a555e30540eb666b963,True,persistence,0.95,10,equal original group diagnostic; distinct from pooled,42.73484162524506,0.946158273381295,344.1999999999999,504.24377058992786,78.59821564851958
bdg2,3,2,46,kWh per hour,180,smart_building_conformal/outputs/matched_forecasting005/bdg2_h3_f2_s46_v1,cd907183301a189ddfcc195774dad58c8fa07d5b326d2ac29cf3636383dc681e,f93cc7009437b45a97bce046887aaf78f96bc32475a26a555e30540eb666b963,True,xgboost,0.9,10,equal original group diagnostic; distinct from pooled,28.419536472406747,0.908369397201407,147.55449218750005,264.1772418893079,53.95528119126235
bdg2,3,2,46,kWh per hour,180,smart_building_conformal/outputs/matched_forecasting005/bdg2_h3_f2_s46_v1,cd907183301a189ddfcc195774dad58c8fa07d5b326d2ac29cf3636383dc681e,f93cc7009437b45a97bce046887aaf78f96bc32475a26a555e30540eb666b963,True,xgboost,0.95,10,equal original group diagnostic; distinct from pooled,28.419536472406747,0.9497266187050359,208.38509375000007,358.9324148319187,53.95528119126235
bdg2,3,2,46,kWh per hour,180,smart_building_conformal/outputs/matched_forecasting005/bdg2_h3_f2_s46_v1,cd907183301a189ddfcc195774dad58c8fa07d5b326d2ac29cf3636383dc681e,f93cc7009437b45a97bce046887aaf78f96bc32475a26a555e30540eb666b963,True,attention_lstm,0.9,10,equal original group diagnostic; distinct from pooled,32.094332383656656,0.9085115717233048,159.15976611328114,300.5016463642004,63.12328467958779
bdg2,3,2,46,kWh per hour,180,smart_building_conformal/outputs/matched_forecasting005/bdg2_h3_f2_s46_v1,cd907183301a189ddfcc195774dad58c8fa07d5b326d2ac29cf3636383dc681e,f93cc7009437b45a97bce046887aaf78f96bc32475a26a555e30540eb666b963,True,attention_lstm,0.95,10,equal original group diagnostic; distinct from pooled,32.094332383656656,0.9520646947523705,230.7118505859375,419.30131316776794,63.12328467958779
bdg2,6,2,46,kWh per hour,360,smart_building_conformal/outputs/matched_forecasting005/bdg2_h6_f2_s46_v1,cd907183301a189ddfcc195774dad58c8fa07d5b326d2ac29cf3636383dc681e,ce484c863017f245f239e40a1cfb85455667277e7f8f3899f4fecb6301a7ab69,True,persistence,0.9,10,equal original group diagnostic; distinct from pooled,73.178199145204,0.8978705035971224,406.31199999999984,579.7212572661871,119.78364520238526
bdg2,6,2,46,kWh per hour,360,smart_building_conformal/outputs/matched_forecasting005/bdg2_h6_f2_s46_v1,cd907183301a189ddfcc195774dad58c8fa07d5b326d2ac29cf3636383dc681e,ce484c863017f245f239e40a1cfb85455667277e7f8f3899f4fecb6301a7ab69,True,persistence,0.95,10,equal original group diagnostic; distinct from pooled,73.178199145204,0.9444028776978417,498.0,702.3863086043164,119.78364520238526
bdg2,6,2,46,kWh per hour,360,smart_building_conformal/outputs/matched_forecasting005/bdg2_h6_f2_s46_v1,cd907183301a189ddfcc195774dad58c8fa07d5b326d2ac29cf3636383dc681e,ce484c863017f245f239e40a1cfb85455667277e7f8f3899f4fecb6301a7ab69,True,xgboost,0.9,10,equal original group diagnostic; distinct from pooled,34.23937131122196,0.9070475376014198,175.81894726562496,323.4634893157553,66.92372519487682
bdg2,6,2,46,kWh per hour,360,smart_building_conformal/outputs/matched_forecasting005/bdg2_h6_f2_s46_v1,cd907183301a189ddfcc195774dad58c8fa07d5b326d2ac29cf3636383dc681e,ce484c863017f245f239e40a1cfb85455667277e7f8f3899f4fecb6301a7ab69,True,xgboost,0.95,10,equal original group diagnostic; distinct from pooled,34.23937131122196,0.9498129496402876,249.6477172851563,444.4114431861755,66.92372519487682
bdg2,6,2,46,kWh per hour,360,smart_building_conformal/outputs/matched_forecasting005/bdg2_h6_f2_s46_v1,cd907183301a189ddfcc195774dad58c8fa07d5b326d2ac29cf3636383dc681e,ce484c863017f245f239e40a1cfb85455667277e7f8f3899f4fecb6301a7ab69,True,attention_lstm,0.9,10,equal original group diagnostic; distinct from pooled,41.17199829998049,0.9086233016558521,194.93951220703133,363.24603013018714,76.40447944926575
bdg2,6,2,46,kWh per hour,360,smart_building_conformal/outputs/matched_forecasting005/bdg2_h6_f2_s46_v1,cd907183301a189ddfcc195774dad58c8fa07d5b326d2ac29cf3636383dc681e,ce484c863017f245f239e40a1cfb85455667277e7f8f3899f4fecb6301a7ab69,True,attention_lstm,0.95,10,equal original group diagnostic; distinct from pooled,41.17199829998049,0.9552442729323228,286.29556005859376,505.6782337824404,76.40447944926575
pleia,1,2,46,degrees C,10,smart_building_conformal/outputs/matched_forecasting005/pleia_h1_f2_s46_v1,cd907183301a189ddfcc195774dad58c8fa07d5b326d2ac29cf3636383dc681e,4989341ff9d463b283be2be3ec47d0d71a904ea498b2ec581d160b37a8fe96a9,True,persistence,0.9,1,equal original group diagnostic; distinct from pooled,0.23937619864742102,0.9408499041082063,1.2000000000000028,1.5472292318562646,0.3366736506882145
pleia,1,2,46,degrees C,10,smart_building_conformal/outputs/matched_forecasting005/pleia_h1_f2_s46_v1,cd907183301a189ddfcc195774dad58c8fa07d5b326d2ac29cf3636383dc681e,4989341ff9d463b283be2be3ec47d0d71a904ea498b2ec581d160b37a8fe96a9,True,persistence,0.95,1,equal original group diagnostic; distinct from pooled,0.23937619864742102,0.9651761380841829,1.599999999999994,1.9044312102553733,0.3366736506882145
pleia,1,2,46,degrees C,10,smart_building_conformal/outputs/matched_forecasting005/pleia_h1_f2_s46_v1,cd907183301a189ddfcc195774dad58c8fa07d5b326d2ac29cf3636383dc681e,4989341ff9d463b283be2be3ec47d0d71a904ea498b2ec581d160b37a8fe96a9,True,xgboost,0.9,1,equal original group diagnostic; distinct from pooled,2.4546979366451502,0.2234783486423741,2.3515213012695284,30.293639302082884,2.8343470210141066
pleia,1,2,46,degrees C,10,smart_building_conformal/outputs/matched_forecasting005/pleia_h1_f2_s46_v1,cd907183301a189ddfcc195774dad58c8fa07d5b326d2ac29cf3636383dc681e,4989341ff9d463b283be2be3ec47d0d71a904ea498b2ec581d160b37a8fe96a9,True,xgboost,0.95,1,equal original group diagnostic; distinct from pooled,2.4546979366451502,0.31190067628949225,2.9899360656738314,49.543362877344066,2.8343470210141066
pleia,1,2,46,degrees C,10,smart_building_conformal/outputs/matched_forecasting005/pleia_h1_f2_s46_v1,cd907183301a189ddfcc195774dad58c8fa07d5b326d2ac29cf3636383dc681e,4989341ff9d463b283be2be3ec47d0d71a904ea498b2ec581d160b37a8fe96a9,True,attention_lstm,0.9,1,equal original group diagnostic; distinct from pooled,3.3024935558223216,0.22590087816695267,4.036294555664064,33.53162141020006,3.6285962975268014
pleia,1,2,46,degrees C,10,smart_building_conformal/outputs/matched_forecasting005/pleia_h1_f2_s46_v1,cd907183301a189ddfcc195774dad58c8fa07d5b326d2ac29cf3636383dc681e,4989341ff9d463b283be2be3ec47d0d71a904ea498b2ec581d160b37a8fe96a9,True,attention_lstm,0.95,1,equal original group diagnostic; distinct from pooled,3.3024935558223216,0.3096800242252952,4.917079162597659,51.00029238732336,3.6285962975268014
pleia,3,2,46,degrees C,30,smart_building_conformal/outputs/matched_forecasting005/pleia_h3_f2_s46_v1,cd907183301a189ddfcc195774dad58c8fa07d5b326d2ac29cf3636383dc681e,b27f1feef915808c6510c0377190a06d1c9c41d2cf628facd895b6f01110082d,True,persistence,0.9,1,equal original group diagnostic; distinct from pooled,0.3915918037751086,0.9363076612496215,2.0,2.665186231957202,0.5655364111359953
pleia,3,2,46,degrees C,30,smart_building_conformal/outputs/matched_forecasting005/pleia_h3_f2_s46_v1,cd907183301a189ddfcc195774dad58c8fa07d5b326d2ac29cf3636383dc681e,b27f1feef915808c6510c0377190a06d1c9c41d2cf628facd895b6f01110082d,True,persistence,0.95,1,equal original group diagnostic; distinct from pooled,0.3915918037751086,0.9600282628444534,2.4000000000000057,3.2700918542444737,0.5655364111359953
pleia,3,2,46,degrees C,30,smart_building_conformal/outputs/matched_forecasting005/pleia_h3_f2_s46_v1,cd907183301a189ddfcc195774dad58c8fa07d5b326d2ac29cf3636383dc681e,b27f1feef915808c6510c0377190a06d1c9c41d2cf628facd895b6f01110082d,True,xgboost,0.9,1,equal original group diagnostic; distinct from pooled,3.342319265966087,0.22327647118199254,3.7971824645996084,36.03067232853737,3.727628739108575
pleia,3,2,46,degrees C,30,smart_building_conformal/outputs/matched_forecasting005/pleia_h3_f2_s46_v1,cd907183301a189ddfcc195774dad58c8fa07d5b326d2ac29cf3636383dc681e,b27f1feef915808c6510c0377190a06d1c9c41d2cf628facd895b6f01110082d,True,xgboost,0.95,1,equal original group diagnostic; distinct from pooled,3.342319265966087,0.295043908347633,4.510189819335935,58.403626040597956,3.727628739108575
pleia,3,2,46,degrees C,30,smart_building_conformal/outputs/matched_forecasting005/pleia_h3_f2_s46_v1,cd907183301a189ddfcc195774dad58c8fa07d5b326d2ac29cf3636383dc681e,b27f1feef915808c6510c0377190a06d1c9c41d2cf628facd895b6f01110082d,True,attention_lstm,0.9,1,equal original group diagnostic; distinct from pooled,3.871115346222987,0.1893610578378924,4.726341247558594,38.53276942545655,4.190699403882842
pleia,3,2,46,degrees C,30,smart_building_conformal/outputs/matched_forecasting005/pleia_h3_f2_s46_v1,cd907183301a189ddfcc195774dad58c8fa07d5b326d2ac29cf3636383dc681e,b27f1feef915808c6510c0377190a06d1c9c41d2cf628facd895b6f01110082d,True,attention_lstm,0.95,1,equal original group diagnostic; distinct from pooled,3.871115346222987,0.25749470071666497,5.653884124755862,58.8621705722625,4.190699403882842
pleia,6,2,46,degrees C,60,smart_building_conformal/outputs/matched_forecasting005/pleia_h6_f2_s46_v1,cd907183301a189ddfcc195774dad58c8fa07d5b326d2ac29cf3636383dc681e,167204fe887068fae49a0bf3704d7bec6197c99a453a7be4422e9f5affd4de08,True,persistence,0.9,1,equal original group diagnostic; distinct from pooled,0.5479458968406178,0.9193499545775714,2.6000000000000014,3.6683355203391548,0.7817754844230004
pleia,6,2,46,degrees C,60,smart_building_conformal/outputs/matched_forecasting005/pleia_h6_f2_s46_v1,cd907183301a189ddfcc195774dad58c8fa07d5b326d2ac29cf3636383dc681e,167204fe887068fae49a0bf3704d7bec6197c99a453a7be4422e9f5affd4de08,True,persistence,0.95,1,equal original group diagnostic; distinct from pooled,0.5479458968406178,0.95306349046129,3.2000000000000033,4.51422226708388,0.7817754844230004
pleia,6,2,46,degrees C,60,smart_building_conformal/outputs/matched_forecasting005/pleia_h6_f2_s46_v1,cd907183301a189ddfcc195774dad58c8fa07d5b326d2ac29cf3636383dc681e,167204fe887068fae49a0bf3704d7bec6197c99a453a7be4422e9f5affd4de08,True,xgboost,0.9,1,equal original group diagnostic; distinct from pooled,4.96980373228163,0.20601594831937015,6.383818054199219,46.57644600229524,5.353443324875352
pleia,6,2,46,degrees C,60,smart_building_conformal/outputs/matched_forecasting005/pleia_h6_f2_s46_v1,cd907183301a189ddfcc195774dad58c8fa07d5b326d2ac29cf3636383dc681e,167204fe887068fae49a0bf3704d7bec6197c99a453a7be4422e9f5affd4de08,True,xgboost,0.95,1,equal original group diagnostic; distinct from pooled,4.96980373228163,0.26809326738669625,7.289404296875002,73.87316886491388,5.353443324875352
pleia,6,2,46,degrees C,60,smart_building_conformal/outputs/matched_forecasting005/pleia_h6_f2_s46_v1,cd907183301a189ddfcc195774dad58c8fa07d5b326d2ac29cf3636383dc681e,167204fe887068fae49a0bf3704d7bec6197c99a453a7be4422e9f5affd4de08,True,attention_lstm,0.9,1,equal original group diagnostic; distinct from pooled,4.795575385085506,0.2034924800646008,6.742596435546873,40.11695613397101,5.104865173713956
pleia,6,2,46,degrees C,60,smart_building_conformal/outputs/matched_forecasting005/pleia_h6_f2_s46_v1,cd907183301a189ddfcc195774dad58c8fa07d5b326d2ac29cf3636383dc681e,167204fe887068fae49a0bf3704d7bec6197c99a453a7be4422e9f5affd4de08,True,attention_lstm,0.95,1,equal original group diagnostic; distinct from pooled,4.795575385085506,0.275360855960432,7.719996643066408,59.55131634864018,5.104865173713956
pleia_energy,1,1,42,kWh per 10 minutes,10,smart_building_conformal/outputs/matched_forecasting005/pleia_energy_h1_f1_s42_v1,a94b3835135749e2f18b89fb6017d8d0b8b9d419cb0a1f9be11122d93d0a217f,f36bc65f64a09244efd5d67467ff4b54107845e8893c642dc20345a790f70a53,True,persistence,0.9,1,equal original group diagnostic; distinct from pooled,0.24709958867467446,0.9015847380639952,1.015625,2.619793769556879,4.643716044920821
pleia_energy,1,1,42,kWh per 10 minutes,10,smart_building_conformal/outputs/matched_forecasting005/pleia_energy_h1_f1_s42_v1,a94b3835135749e2f18b89fb6017d8d0b8b9d419cb0a1f9be11122d93d0a217f,f36bc65f64a09244efd5d67467ff4b54107845e8893c642dc20345a790f70a53,True,persistence,0.95,1,equal original group diagnostic; distinct from pooled,0.24709958867467446,0.9556878974462502,1.265625,4.12029846320783,4.643716044920821
pleia_energy,1,1,42,kWh per 10 minutes,10,smart_building_conformal/outputs/matched_forecasting005/pleia_energy_h1_f1_s42_v1,a94b3835135749e2f18b89fb6017d8d0b8b9d419cb0a1f9be11122d93d0a217f,f36bc65f64a09244efd5d67467ff4b54107845e8893c642dc20345a790f70a53,True,xgboost,0.9,1,equal original group diagnostic; distinct from pooled,0.18971445762952882,0.9015847380639952,0.7465925216674805,1.7612677882697636,3.287750651904667
pleia_energy,1,1,42,kWh per 10 minutes,10,smart_building_conformal/outputs/matched_forecasting005/pleia_energy_h1_f1_s42_v1,a94b3835135749e2f18b89fb6017d8d0b8b9d419cb0a1f9be11122d93d0a217f,f36bc65f64a09244efd5d67467ff4b54107845e8893c642dc20345a790f70a53,True,xgboost,0.95,1,equal original group diagnostic; distinct from pooled,0.18971445762952882,0.9572019783991117,1.055371642112732,2.662985806179007,3.287750651904667
pleia_energy,1,1,42,kWh per 10 minutes,10,smart_building_conformal/outputs/matched_forecasting005/pleia_energy_h1_f1_s42_v1,a94b3835135749e2f18b89fb6017d8d0b8b9d419cb0a1f9be11122d93d0a217f,f36bc65f64a09244efd5d67467ff4b54107845e8893c642dc20345a790f70a53,True,attention_lstm,0.9,1,equal original group diagnostic; distinct from pooled,0.19721072223486832,0.8939133945694964,0.7586605548858643,1.8343490409035248,3.288593860964665
pleia_energy,1,1,42,kWh per 10 minutes,10,smart_building_conformal/outputs/matched_forecasting005/pleia_energy_h1_f1_s42_v1,a94b3835135749e2f18b89fb6017d8d0b8b9d419cb0a1f9be11122d93d0a217f,f36bc65f64a09244efd5d67467ff4b54107845e8893c642dc20345a790f70a53,True,attention_lstm,0.95,1,equal original group diagnostic; distinct from pooled,0.19721072223486832,0.9574038558594933,1.0969135761260986,2.777169222462076,3.288593860964665
pleia_energy,3,1,42,kWh per 10 minutes,30,smart_building_conformal/outputs/matched_forecasting005/pleia_energy_h3_f1_s42_v1,a94b3835135749e2f18b89fb6017d8d0b8b9d419cb0a1f9be11122d93d0a217f,ea1016cbfb305bdfde318375e6472c7c5d7145352608bf0c9e57461d1aade77a,True,persistence,0.9,1,equal original group diagnostic; distinct from pooled,0.2506844907641062,0.9002725345715151,1.015625,2.6996930831735138,4.645720891735507
pleia_energy,3,1,42,kWh per 10 minutes,30,smart_building_conformal/outputs/matched_forecasting005/pleia_energy_h3_f1_s42_v1,a94b3835135749e2f18b89fb6017d8d0b8b9d419cb0a1f9be11122d93d0a217f,ea1016cbfb305bdfde318375e6472c7c5d7145352608bf0c9e57461d1aade77a,True,persistence,0.95,1,equal original group diagnostic; distinct from pooled,0.2506844907641062,0.9555869587160594,1.28125,4.265787448268899,4.645720891735507
pleia_energy,3,1,42,kWh per 10 minutes,30,smart_building_conformal/outputs/matched_forecasting005/pleia_energy_h3_f1_s42_v1,a94b3835135749e2f18b89fb6017d8d0b8b9d419cb0a1f9be11122d93d0a217f,ea1016cbfb305bdfde318375e6472c7c5d7145352608bf0c9e57461d1aade77a,True,xgboost,0.9,1,equal original group diagnostic; distinct from pooled,0.20714374531695565,0.8917936812354901,0.7835162878036499,1.8738838760068515,3.2895336021516313
pleia_energy,3,1,42,kWh per 10 minutes,30,smart_building_conformal/outputs/matched_forecasting005/pleia_energy_h3_f1_s42_v1,a94b3835135749e2f18b89fb6017d8d0b8b9d419cb0a1f9be11122d93d0a217f,ea1016cbfb305bdfde318375e6472c7c5d7145352608bf0c9e57461d1aade77a,True,xgboost,0.95,1,equal original group diagnostic; distinct from pooled,0.20714374531695565,0.9492278187140406,1.0724519491195679,2.8011691938847685,3.2895336021516313
pleia_energy,3,1,42,kWh per 10 minutes,30,smart_building_conformal/outputs/matched_forecasting005/pleia_energy_h3_f1_s42_v1,a94b3835135749e2f18b89fb6017d8d0b8b9d419cb0a1f9be11122d93d0a217f,ea1016cbfb305bdfde318375e6472c7c5d7145352608bf0c9e57461d1aade77a,True,attention_lstm,0.9,1,equal original group diagnostic; distinct from pooled,0.20733552657807042,0.8896739679014838,0.8142305612564087,1.9540860926429908,3.2903355844618125
pleia_energy,3,1,42,kWh per 10 minutes,30,smart_building_conformal/outputs/matched_forecasting005/pleia_energy_h3_f1_s42_v1,a94b3835135749e2f18b89fb6017d8d0b8b9d419cb0a1f9be11122d93d0a217f,ea1016cbfb305bdfde318375e6472c7c5d7145352608bf0c9e57461d1aade77a,True,attention_lstm,0.95,1,equal original group diagnostic; distinct from pooled,0.20733552657807042,0.9558897749066316,1.1731793880462646,2.9333125651394103,3.2903355844618125
pleia_energy,6,1,42,kWh per 10 minutes,60,smart_building_conformal/outputs/matched_forecasting005/pleia_energy_h6_f1_s42_v1,a94b3835135749e2f18b89fb6017d8d0b8b9d419cb0a1f9be11122d93d0a217f,417858dcf4d96f77c485476c9067e3e3303649e81c8a6bfe1533aa4215559e66,True,persistence,0.9,1,equal original group diagnostic; distinct from pooled,0.259079754214192,0.8938124558393056,1.015625,2.8072559175330576,4.6431333993305035
pleia_energy,6,1,42,kWh per 10 minutes,60,smart_building_conformal/outputs/matched_forecasting005/pleia_energy_h6_f1_s42_v1,a94b3835135749e2f18b89fb6017d8d0b8b9d419cb0a1f9be11122d93d0a217f,417858dcf4d96f77c485476c9067e3e3303649e81c8a6bfe1533aa4215559e66,True,persistence,0.95,1,equal original group diagnostic; distinct from pooled,0.259079754214192,0.9491268799838498,1.3125,4.43197991319269,4.6431333993305035
pleia_energy,6,1,42,kWh per 10 minutes,60,smart_building_conformal/outputs/matched_forecasting005/pleia_energy_h6_f1_s42_v1,a94b3835135749e2f18b89fb6017d8d0b8b9d419cb0a1f9be11122d93d0a217f,417858dcf4d96f77c485476c9067e3e3303649e81c8a6bfe1533aa4215559e66,True,xgboost,0.9,1,equal original group diagnostic; distinct from pooled,0.2156004488495996,0.8916927425052993,0.8228492736816406,1.9842286075239672,3.2908952999314907
pleia_energy,6,1,42,kWh per 10 minutes,60,smart_building_conformal/outputs/matched_forecasting005/pleia_energy_h6_f1_s42_v1,a94b3835135749e2f18b89fb6017d8d0b8b9d419cb0a1f9be11122d93d0a217f,417858dcf4d96f77c485476c9067e3e3303649e81c8a6bfe1533aa4215559e66,True,xgboost,0.95,1,equal original group diagnostic; distinct from pooled,0.2156004488495996,0.9544766326839609,1.1905080080032349,2.987701617691943,3.2908952999314907
pleia_energy,6,1,42,kWh per 10 minutes,60,smart_building_conformal/outputs/matched_forecasting005/pleia_energy_h6_f1_s42_v1,a94b3835135749e2f18b89fb6017d8d0b8b9d419cb0a1f9be11122d93d0a217f,417858dcf4d96f77c485476c9067e3e3303649e81c8a6bfe1533aa4215559e66,True,attention_lstm,0.9,1,equal original group diagnostic; distinct from pooled,0.2223054455515955,0.8826082567881296,0.8784517645835876,2.1374670081378304,3.2930829482698116
pleia_energy,6,1,42,kWh per 10 minutes,60,smart_building_conformal/outputs/matched_forecasting005/pleia_energy_h6_f1_s42_v1,a94b3835135749e2f18b89fb6017d8d0b8b9d419cb0a1f9be11122d93d0a217f,417858dcf4d96f77c485476c9067e3e3303649e81c8a6bfe1533aa4215559e66,True,attention_lstm,0.95,1,equal original group diagnostic; distinct from pooled,0.2223054455515955,0.9526597355405269,1.3227952718734741,3.172704990617414,3.2930829482698116
pleia_energy,3,0,42,kWh per 10 minutes,30,smart_building_conformal/outputs/matched_forecasting005/pleia_energy_h3_f0_s42_v1,a94b3835135749e2f18b89fb6017d8d0b8b9d419cb0a1f9be11122d93d0a217f,2e37fb412c09adb797cf213fb68ba4743e8055bd1855b5adbd4fe19f50def205,True,persistence,0.9,1,equal original group diagnostic; distinct from pooled,0.13262406650519729,0.9672015339590272,1.015625,2.1913711651024324,3.491696175451933
pleia_energy,3,0,42,kWh per 10 minutes,30,smart_building_conformal/outputs/matched_forecasting005/pleia_energy_h3_f0_s42_v1,a94b3835135749e2f18b89fb6017d8d0b8b9d419cb0a1f9be11122d93d0a217f,2e37fb412c09adb797cf213fb68ba4743e8055bd1855b5adbd4fe19f50def205,True,persistence,0.95,1,equal original group diagnostic; distinct from pooled,0.13262406650519729,0.980825512160662,1.25,3.4831340195781593,3.491696175451933
pleia_energy,3,0,42,kWh per 10 minutes,30,smart_building_conformal/outputs/matched_forecasting005/pleia_energy_h3_f0_s42_v1,a94b3835135749e2f18b89fb6017d8d0b8b9d419cb0a1f9be11122d93d0a217f,2e37fb412c09adb797cf213fb68ba4743e8055bd1855b5adbd4fe19f50def205,True,xgboost,0.9,1,equal original group diagnostic; distinct from pooled,0.10889510883760688,0.9584216368957513,0.8025715947151184,1.4731460638003677,2.474722321497662
pleia_energy,3,0,42,kWh per 10 minutes,30,smart_building_conformal/outputs/matched_forecasting005/pleia_energy_h3_f0_s42_v1,a94b3835135749e2f18b89fb6017d8d0b8b9d419cb0a1f9be11122d93d0a217f,2e37fb412c09adb797cf213fb68ba4743e8055bd1855b5adbd4fe19f50def205,True,xgboost,0.95,1,equal original group diagnostic; distinct from pooled,0.10889510883760688,0.9802200020183671,1.0228026509284973,2.232649562234702,2.474722321497662
pleia_energy,3,0,42,kWh per 10 minutes,30,smart_building_conformal/outputs/matched_forecasting005/pleia_energy_h3_f0_s42_v1,a94b3835135749e2f18b89fb6017d8d0b8b9d419cb0a1f9be11122d93d0a217f,2e37fb412c09adb797cf213fb68ba4743e8055bd1855b5adbd4fe19f50def205,True,attention_lstm,0.9,1,equal original group diagnostic; distinct from pooled,0.10718815728385918,0.9651831668180442,0.808954119682312,1.4781533161185563,2.4761359125333255
pleia_energy,3,0,42,kWh per 10 minutes,30,smart_building_conformal/outputs/matched_forecasting005/pleia_energy_h3_f0_s42_v1,a94b3835135749e2f18b89fb6017d8d0b8b9d419cb0a1f9be11122d93d0a217f,2e37fb412c09adb797cf213fb68ba4743e8055bd1855b5adbd4fe19f50def205,True,attention_lstm,0.95,1,equal original group diagnostic; distinct from pooled,0.10718815728385918,0.9802200020183671,1.0420770645141602,2.257054093880421,2.4761359125333255
pleia_energy,6,0,42,kWh per 10 minutes,60,smart_building_conformal/outputs/matched_forecasting005/pleia_energy_h6_f0_s42_v1,a94b3835135749e2f18b89fb6017d8d0b8b9d419cb0a1f9be11122d93d0a217f,64befd2dcc9d7debfcb4705e4daa4ddaa39cb0c664a78711d6fe757c3257e654,True,persistence,0.9,1,equal original group diagnostic; distinct from pooled,0.14409564537289332,0.9617519426783732,1.0625,2.2682536078312645,3.4910117759006383
pleia_energy,6,0,42,kWh per 10 minutes,60,smart_building_conformal/outputs/matched_forecasting005/pleia_energy_h6_f0_s42_v1,a94b3835135749e2f18b89fb6017d8d0b8b9d419cb0a1f9be11122d93d0a217f,64befd2dcc9d7debfcb4705e4daa4ddaa39cb0c664a78711d6fe757c3257e654,True,persistence,0.95,1,equal original group diagnostic; distinct from pooled,0.14409564537289332,0.9772933696639419,1.328125,3.5800866005651404,3.4910117759006383
pleia_energy,6,0,42,kWh per 10 minutes,60,smart_building_conformal/outputs/matched_forecasting005/pleia_energy_h6_f0_s42_v1,a94b3835135749e2f18b89fb6017d8d0b8b9d419cb0a1f9be11122d93d0a217f,64befd2dcc9d7debfcb4705e4daa4ddaa39cb0c664a78711d6fe757c3257e654,True,xgboost,0.9,1,equal original group diagnostic; distinct from pooled,0.11576913134089174,0.9509536784741145,0.803614616394043,1.5017363499688001,2.475600688881363
pleia_energy,6,0,42,kWh per 10 minutes,60,smart_building_conformal/outputs/matched_forecasting005/pleia_energy_h6_f0_s42_v1,a94b3835135749e2f18b89fb6017d8d0b8b9d419cb0a1f9be11122d93d0a217f,64befd2dcc9d7debfcb4705e4daa4ddaa39cb0c664a78711d6fe757c3257e654,True,xgboost,0.95,1,equal original group diagnostic; distinct from pooled,0.11576913134089174,0.9756786759511555,1.039863109588623,2.2678708840191253,2.475600688881363
pleia_energy,6,0,42,kWh per 10 minutes,60,smart_building_conformal/outputs/matched_forecasting005/pleia_energy_h6_f0_s42_v1,a94b3835135749e2f18b89fb6017d8d0b8b9d419cb0a1f9be11122d93d0a217f,64befd2dcc9d7debfcb4705e4daa4ddaa39cb0c664a78711d6fe757c3257e654,True,attention_lstm,0.9,1,equal original group diagnostic; distinct from pooled,0.12123720842330989,0.9652840851750933,0.8574295043945312,1.5210428510042815,2.477107897546134
pleia_energy,6,0,42,kWh per 10 minutes,60,smart_building_conformal/outputs/matched_forecasting005/pleia_energy_h6_f0_s42_v1,a94b3835135749e2f18b89fb6017d8d0b8b9d419cb0a1f9be11122d93d0a217f,64befd2dcc9d7debfcb4705e4daa4ddaa39cb0c664a78711d6fe757c3257e654,True,attention_lstm,0.95,1,equal original group diagnostic; distinct from pooled,0.12123720842330989,0.9812291855888586,1.1240663528442383,2.312280345352858,2.477107897546134
pleia_energy,1,1,43,kWh per 10 minutes,10,smart_building_conformal/outputs/matched_forecasting005/pleia_energy_h1_f1_s43_v1,a94b3835135749e2f18b89fb6017d8d0b8b9d419cb0a1f9be11122d93d0a217f,1a98689f32bf81cb4f5705d6f49d04567d08cf54152374b9868cc9788a7f3e90,True,persistence,0.9,1,equal original group diagnostic; distinct from pooled,0.24709958867467446,0.9015847380639952,1.015625,2.619793769556879,4.643716044920821
pleia_energy,1,1,43,kWh per 10 minutes,10,smart_building_conformal/outputs/matched_forecasting005/pleia_energy_h1_f1_s43_v1,a94b3835135749e2f18b89fb6017d8d0b8b9d419cb0a1f9be11122d93d0a217f,1a98689f32bf81cb4f5705d6f49d04567d08cf54152374b9868cc9788a7f3e90,True,persistence,0.95,1,equal original group diagnostic; distinct from pooled,0.24709958867467446,0.9556878974462502,1.265625,4.12029846320783,4.643716044920821
pleia_energy,1,1,43,kWh per 10 minutes,10,smart_building_conformal/outputs/matched_forecasting005/pleia_energy_h1_f1_s43_v1,a94b3835135749e2f18b89fb6017d8d0b8b9d419cb0a1f9be11122d93d0a217f,1a98689f32bf81cb4f5705d6f49d04567d08cf54152374b9868cc9788a7f3e90,True,xgboost,0.9,1,equal original group diagnostic; distinct from pooled,0.18943022945832808,0.9040072675885737,0.7523469924926758,1.7488207762659143,3.2875886393090576
pleia_energy,1,1,43,kWh per 10 minutes,10,smart_building_conformal/outputs/matched_forecasting005/pleia_energy_h1_f1_s43_v1,a94b3835135749e2f18b89fb6017d8d0b8b9d419cb0a1f9be11122d93d0a217f,1a98689f32bf81cb4f5705d6f49d04567d08cf54152374b9868cc9788a7f3e90,True,xgboost,0.95,1,equal original group diagnostic; distinct from pooled,0.18943022945832808,0.9553850812556778,1.0297159552574158,2.640690452313463,3.2875886393090576
pleia_energy,1,1,43,kWh per 10 minutes,10,smart_building_conformal/outputs/matched_forecasting005/pleia_energy_h1_f1_s43_v1,a94b3835135749e2f18b89fb6017d8d0b8b9d419cb0a1f9be11122d93d0a217f,1a98689f32bf81cb4f5705d6f49d04567d08cf54152374b9868cc9788a7f3e90,True,attention_lstm,0.9,1,equal original group diagnostic; distinct from pooled,0.19878190481345084,0.8915918037751085,0.7838953733444214,1.8841254526687774,3.2891709508209592
pleia_energy,1,1,43,kWh per 10 minutes,10,smart_building_conformal/outputs/matched_forecasting005/pleia_energy_h1_f1_s43_v1,a94b3835135749e2f18b89fb6017d8d0b8b9d419cb0a1f9be11122d93d0a217f,1a98689f32bf81cb4f5705d6f49d04567d08cf54152374b9868cc9788a7f3e90,True,attention_lstm,0.95,1,equal original group diagnostic; distinct from pooled,0.19878190481345084,0.9563944685575856,1.1237582564353943,2.8355026594370187,3.2891709508209592
pleia_energy,3,1,43,kWh per 10 minutes,30,smart_building_conformal/outputs/matched_forecasting005/pleia_energy_h3_f1_s43_v1,a94b3835135749e2f18b89fb6017d8d0b8b9d419cb0a1f9be11122d93d0a217f,b2590da06e2b79a545bec43bdff8c779a1f6cbab3721026734a31ca33a2e5c0d,True,persistence,0.9,1,equal original group diagnostic; distinct from pooled,0.2506844907641062,0.9002725345715151,1.015625,2.6996930831735138,4.645720891735507
pleia_energy,3,1,43,kWh per 10 minutes,30,smart_building_conformal/outputs/matched_forecasting005/pleia_energy_h3_f1_s43_v1,a94b3835135749e2f18b89fb6017d8d0b8b9d419cb0a1f9be11122d93d0a217f,b2590da06e2b79a545bec43bdff8c779a1f6cbab3721026734a31ca33a2e5c0d,True,persistence,0.95,1,equal original group diagnostic; distinct from pooled,0.2506844907641062,0.9555869587160594,1.28125,4.265787448268899,4.645720891735507
pleia_energy,3,1,43,kWh per 10 minutes,30,smart_building_conformal/outputs/matched_forecasting005/pleia_energy_h3_f1_s43_v1,a94b3835135749e2f18b89fb6017d8d0b8b9d419cb0a1f9be11122d93d0a217f,b2590da06e2b79a545bec43bdff8c779a1f6cbab3721026734a31ca33a2e5c0d,True,xgboost,0.9,1,equal original group diagnostic; distinct from pooled,0.20321891621278623,0.8973453113959826,0.8033461570739746,1.8616207014019897,3.2893335827233594
pleia_energy,3,1,43,kWh per 10 minutes,30,smart_building_conformal/outputs/matched_forecasting005/pleia_energy_h3_f1_s43_v1,a94b3835135749e2f18b89fb6017d8d0b8b9d419cb0a1f9be11122d93d0a217f,b2590da06e2b79a545bec43bdff8c779a1f6cbab3721026734a31ca33a2e5c0d,True,xgboost,0.95,1,equal original group diagnostic; distinct from pooled,0.20321891621278623,0.9515494095084284,1.0786885619163513,2.7860929567926727,3.2893335827233594
pleia_energy,3,1,43,kWh per 10 minutes,30,smart_building_conformal/outputs/matched_forecasting005/pleia_energy_h3_f1_s43_v1,a94b3835135749e2f18b89fb6017d8d0b8b9d419cb0a1f9be11122d93d0a217f,b2590da06e2b79a545bec43bdff8c779a1f6cbab3721026734a31ca33a2e5c0d,True,attention_lstm,0.9,1,equal original group diagnostic; distinct from pooled,0.20935593636134348,0.8876551932976683,0.8136872053146362,2.003624585661046,3.290760615449178
pleia_energy,3,1,43,kWh per 10 minutes,30,smart_building_conformal/outputs/matched_forecasting005/pleia_energy_h3_f1_s43_v1,a94b3835135749e2f18b89fb6017d8d0b8b9d419cb0a1f9be11122d93d0a217f,b2590da06e2b79a545bec43bdff8c779a1f6cbab3721026734a31ca33a2e5c0d,True,attention_lstm,0.95,1,equal original group diagnostic; distinct from pooled,0.20935593636134348,0.9519531644291915,1.1879475116729736,3.001315835182367,3.290760615449178
pleia_energy,6,1,43,kWh per 10 minutes,60,smart_building_conformal/outputs/matched_forecasting005/pleia_energy_h6_f1_s43_v1,a94b3835135749e2f18b89fb6017d8d0b8b9d419cb0a1f9be11122d93d0a217f,db5dd9e0c7159d84191407dea45948a9d0d6374cbbebfeaf5053a9bd3ddddcf0,True,persistence,0.9,1,equal original group diagnostic; distinct from pooled,0.259079754214192,0.8938124558393056,1.015625,2.8072559175330576,4.6431333993305035
pleia_energy,6,1,43,kWh per 10 minutes,60,smart_building_conformal/outputs/matched_forecasting005/pleia_energy_h6_f1_s43_v1,a94b3835135749e2f18b89fb6017d8d0b8b9d419cb0a1f9be11122d93d0a217f,db5dd9e0c7159d84191407dea45948a9d0d6374cbbebfeaf5053a9bd3ddddcf0,True,persistence,0.95,1,equal original group diagnostic; distinct from pooled,0.259079754214192,0.9491268799838498,1.3125,4.43197991319269,4.6431333993305035
pleia_energy,6,1,43,kWh per 10 minutes,60,smart_building_conformal/outputs/matched_forecasting005/pleia_energy_h6_f1_s43_v1,a94b3835135749e2f18b89fb6017d8d0b8b9d419cb0a1f9be11122d93d0a217f,db5dd9e0c7159d84191407dea45948a9d0d6374cbbebfeaf5053a9bd3ddddcf0,True,xgboost,0.9,1,equal original group diagnostic; distinct from pooled,0.21583623779865993,0.8926011910770163,0.8225703239440918,1.9839289551896935,3.2908935259877805
pleia_energy,6,1,43,kWh per 10 minutes,60,smart_building_conformal/outputs/matched_forecasting005/pleia_energy_h6_f1_s43_v1,a94b3835135749e2f18b89fb6017d8d0b8b9d419cb0a1f9be11122d93d0a217f,db5dd9e0c7159d84191407dea45948a9d0d6374cbbebfeaf5053a9bd3ddddcf0,True,xgboost,0.95,1,equal original group diagnostic; distinct from pooled,0.21583623779865993,0.9546785101443424,1.189652919769287,2.9820621678635932,3.2908935259877805
pleia_energy,6,1,43,kWh per 10 minutes,60,smart_building_conformal/outputs/matched_forecasting005/pleia_energy_h6_f1_s43_v1,a94b3835135749e2f18b89fb6017d8d0b8b9d419cb0a1f9be11122d93d0a217f,db5dd9e0c7159d84191407dea45948a9d0d6374cbbebfeaf5053a9bd3ddddcf0,True,attention_lstm,0.9,1,equal original group diagnostic; distinct from pooled,0.230438137911482,0.882911072978702,0.8834366798400879,2.1753624266676623,3.293491546033254
pleia_energy,6,1,43,kWh per 10 minutes,60,smart_building_conformal/outputs/matched_forecasting005/pleia_energy_h6_f1_s43_v1,a94b3835135749e2f18b89fb6017d8d0b8b9d419cb0a1f9be11122d93d0a217f,db5dd9e0c7159d84191407dea45948a9d0d6374cbbebfeaf5053a9bd3ddddcf0,True,attention_lstm,0.95,1,equal original group diagnostic; distinct from pooled,0.230438137911482,0.95306349046129,1.3624250292778015,3.218283456720976,3.293491546033254
pleia_energy,1,0,43,kWh per 10 minutes,10,smart_building_conformal/outputs/matched_forecasting005/pleia_energy_h1_f0_s43_v1,a94b3835135749e2f18b89fb6017d8d0b8b9d419cb0a1f9be11122d93d0a217f,52768db6d93e91109aa850904e5813ea3eb00f1033b28e8dbd2606f5135f219d,True,persistence,0.9,1,equal original group diagnostic; distinct from pooled,0.14425096503178927,0.9570087798970632,1.015625,2.194871770612574,3.4973458927613192
pleia_energy,1,0,43,kWh per 10 minutes,10,smart_building_conformal/outputs/matched_forecasting005/pleia_energy_h1_f0_s43_v1,a94b3835135749e2f18b89fb6017d8d0b8b9d419cb0a1f9be11122d93d0a217f,52768db6d93e91109aa850904e5813ea3eb00f1033b28e8dbd2606f5135f219d,True,persistence,0.95,1,equal original group diagnostic; distinct from pooled,0.14425096503178927,0.9754768392370572,1.234375,3.452844320819455,3.4973458927613192
pleia_energy,1,0,43,kWh per 10 minutes,10,smart_building_conformal/outputs/matched_forecasting005/pleia_energy_h1_f0_s43_v1,a94b3835135749e2f18b89fb6017d8d0b8b9d419cb0a1f9be11122d93d0a217f,52768db6d93e91109aa850904e5813ea3eb00f1033b28e8dbd2606f5135f219d,True,xgboost,0.9,1,equal original group diagnostic; distinct from pooled,0.10019719908035557,0.9566051064688667,0.6900267004966736,1.3748949019251322,2.4746441190555397
pleia_energy,1,0,43,kWh per 10 minutes,10,smart_building_conformal/outputs/matched_forecasting005/pleia_energy_h1_f0_s43_v1,a94b3835135749e2f18b89fb6017d8d0b8b9d419cb0a1f9be11122d93d0a217f,52768db6d93e91109aa850904e5813ea3eb00f1033b28e8dbd2606f5135f219d,True,xgboost,0.95,1,equal original group diagnostic; distinct from pooled,0.10019719908035557,0.9789080633767282,0.9221133589744568,2.1489075928827206,2.4746441190555397
pleia_energy,1,0,43,kWh per 10 minutes,10,smart_building_conformal/outputs/matched_forecasting005/pleia_energy_h1_f0_s43_v1,a94b3835135749e2f18b89fb6017d8d0b8b9d419cb0a1f9be11122d93d0a217f,52768db6d93e91109aa850904e5813ea3eb00f1033b28e8dbd2606f5135f219d,True,attention_lstm,0.9,1,equal original group diagnostic; distinct from pooled,0.10335716063216688,0.9626602078918155,0.7262616157531738,1.3836960065303483,2.4753431383070894
pleia_energy,1,0,43,kWh per 10 minutes,10,smart_building_conformal/outputs/matched_forecasting005/pleia_energy_h1_f0_s43_v1,a94b3835135749e2f18b89fb6017d8d0b8b9d419cb0a1f9be11122d93d0a217f,52768db6d93e91109aa850904e5813ea3eb00f1033b28e8dbd2606f5135f219d,True,attention_lstm,0.95,1,equal original group diagnostic; distinct from pooled,0.10335716063216688,0.981531940660006,0.9747817516326904,2.156991646886292,2.4753431383070894
pleia_energy,3,0,43,kWh per 10 minutes,30,smart_building_conformal/outputs/matched_forecasting005/pleia_energy_h3_f0_s43_v1,a94b3835135749e2f18b89fb6017d8d0b8b9d419cb0a1f9be11122d93d0a217f,3eb185e1f8b4f8ebaa2bd3e7e80457404e7814019cf1e98cb4a1a1066cddc336,True,persistence,0.9,1,equal original group diagnostic; distinct from pooled,0.13262406650519729,0.9672015339590272,1.015625,2.1913711651024324,3.491696175451933
pleia_energy,3,0,43,kWh per 10 minutes,30,smart_building_conformal/outputs/matched_forecasting005/pleia_energy_h3_f0_s43_v1,a94b3835135749e2f18b89fb6017d8d0b8b9d419cb0a1f9be11122d93d0a217f,3eb185e1f8b4f8ebaa2bd3e7e80457404e7814019cf1e98cb4a1a1066cddc336,True,persistence,0.95,1,equal original group diagnostic; distinct from pooled,0.13262406650519729,0.980825512160662,1.25,3.4831340195781593,3.491696175451933
pleia_energy,3,0,43,kWh per 10 minutes,30,smart_building_conformal/outputs/matched_forecasting005/pleia_energy_h3_f0_s43_v1,a94b3835135749e2f18b89fb6017d8d0b8b9d419cb0a1f9be11122d93d0a217f,3eb185e1f8b4f8ebaa2bd3e7e80457404e7814019cf1e98cb4a1a1066cddc336,True,xgboost,0.9,1,equal original group diagnostic; distinct from pooled,0.10932710010230162,0.9572106166111616,0.8188756704330444,1.506676334637736,2.4755987935368946
pleia_energy,3,0,43,kWh per 10 minutes,30,smart_building_conformal/outputs/matched_forecasting005/pleia_energy_h3_f0_s43_v1,a94b3835135749e2f18b89fb6017d8d0b8b9d419cb0a1f9be11122d93d0a217f,3eb185e1f8b4f8ebaa2bd3e7e80457404e7814019cf1e98cb4a1a1066cddc336,True,xgboost,0.95,1,equal original group diagnostic; distinct from pooled,0.10932710010230162,0.975275002522959,1.0401742458343506,2.2704939320104507,2.4755987935368946
pleia_energy,3,0,43,kWh per 10 minutes,30,smart_building_conformal/outputs/matched_forecasting005/pleia_energy_h3_f0_s43_v1,a94b3835135749e2f18b89fb6017d8d0b8b9d419cb0a1f9be11122d93d0a217f,3eb185e1f8b4f8ebaa2bd3e7e80457404e7814019cf1e98cb4a1a1066cddc336,True,attention_lstm,0.9,1,equal original group diagnostic; distinct from pooled,0.10868687087549476,0.9668987788878797,0.7905137538909912,1.454195731137809,2.4761102319726103
pleia_energy,3,0,43,kWh per 10 minutes,30,smart_building_conformal/outputs/matched_forecasting005/pleia_energy_h3_f0_s43_v1,a94b3835135749e2f18b89fb6017d8d0b8b9d419cb0a1f9be11122d93d0a217f,3eb185e1f8b4f8ebaa2bd3e7e80457404e7814019cf1e98cb4a1a1066cddc336,True,attention_lstm,0.95,1,equal original group diagnostic; distinct from pooled,0.10868687087549476,0.9819356140882026,1.0619638562202454,2.2510913849803287,2.4761102319726103
pleia_energy,6,0,43,kWh per 10 minutes,60,smart_building_conformal/outputs/matched_forecasting005/pleia_energy_h6_f0_s43_v1,a94b3835135749e2f18b89fb6017d8d0b8b9d419cb0a1f9be11122d93d0a217f,c316ec90721513caed8431e3a8234edc58438bc98095c78d35305dd478233aa6,True,persistence,0.9,1,equal original group diagnostic; distinct from pooled,0.14409564537289332,0.9617519426783732,1.0625,2.2682536078312645,3.4910117759006383
pleia_energy,6,0,43,kWh per 10 minutes,60,smart_building_conformal/outputs/matched_forecasting005/pleia_energy_h6_f0_s43_v1,a94b3835135749e2f18b89fb6017d8d0b8b9d419cb0a1f9be11122d93d0a217f,c316ec90721513caed8431e3a8234edc58438bc98095c78d35305dd478233aa6,True,persistence,0.95,1,equal original group diagnostic; distinct from pooled,0.14409564537289332,0.9772933696639419,1.328125,3.5800866005651404,3.4910117759006383
pleia_energy,6,0,43,kWh per 10 minutes,60,smart_building_conformal/outputs/matched_forecasting005/pleia_energy_h6_f0_s43_v1,a94b3835135749e2f18b89fb6017d8d0b8b9d419cb0a1f9be11122d93d0a217f,c316ec90721513caed8431e3a8234edc58438bc98095c78d35305dd478233aa6,True,xgboost,0.9,1,equal original group diagnostic; distinct from pooled,0.1161519978148435,0.9503481683318196,0.805335521697998,1.5131900649954253,2.47610494244532
pleia_energy,6,0,43,kWh per 10 minutes,60,smart_building_conformal/outputs/matched_forecasting005/pleia_energy_h6_f0_s43_v1,a94b3835135749e2f18b89fb6017d8d0b8b9d419cb0a1f9be11122d93d0a217f,c316ec90721513caed8431e3a8234edc58438bc98095c78d35305dd478233aa6,True,xgboost,0.95,1,equal original group diagnostic; distinct from pooled,0.1161519978148435,0.974669492380664,1.043689250946045,2.2785049469972156,2.47610494244532
pleia_energy,6,0,43,kWh per 10 minutes,60,smart_building_conformal/outputs/matched_forecasting005/pleia_energy_h6_f0_s43_v1,a94b3835135749e2f18b89fb6017d8d0b8b9d419cb0a1f9be11122d93d0a217f,c316ec90721513caed8431e3a8234edc58438bc98095c78d35305dd478233aa6,True,attention_lstm,0.9,1,equal original group diagnostic; distinct from pooled,0.11818430753880979,0.9657886769603391,0.8524850606918335,1.5157055539540583,2.4764863782625133
pleia_energy,6,0,43,kWh per 10 minutes,60,smart_building_conformal/outputs/matched_forecasting005/pleia_energy_h6_f0_s43_v1,a94b3835135749e2f18b89fb6017d8d0b8b9d419cb0a1f9be11122d93d0a217f,c316ec90721513caed8431e3a8234edc58438bc98095c78d35305dd478233aa6,True,attention_lstm,0.95,1,equal original group diagnostic; distinct from pooled,0.11818430753880979,0.9816328590170552,1.1228922605514526,2.3124479618547946,2.4764863782625133
pleia_energy,1,1,44,kWh per 10 minutes,10,smart_building_conformal/outputs/matched_forecasting005/pleia_energy_h1_f1_s44_v1,a94b3835135749e2f18b89fb6017d8d0b8b9d419cb0a1f9be11122d93d0a217f,fa040e5e8c32fadd6392986a0df8dbfd2e99fd2c41fcb16efc018f6301ac5588,True,persistence,0.9,1,equal original group diagnostic; distinct from pooled,0.24709958867467446,0.9015847380639952,1.015625,2.619793769556879,4.643716044920821
pleia_energy,1,1,44,kWh per 10 minutes,10,smart_building_conformal/outputs/matched_forecasting005/pleia_energy_h1_f1_s44_v1,a94b3835135749e2f18b89fb6017d8d0b8b9d419cb0a1f9be11122d93d0a217f,fa040e5e8c32fadd6392986a0df8dbfd2e99fd2c41fcb16efc018f6301ac5588,True,persistence,0.95,1,equal original group diagnostic; distinct from pooled,0.24709958867467446,0.9556878974462502,1.265625,4.12029846320783,4.643716044920821
pleia_energy,1,1,44,kWh per 10 minutes,10,smart_building_conformal/outputs/matched_forecasting005/pleia_energy_h1_f1_s44_v1,a94b3835135749e2f18b89fb6017d8d0b8b9d419cb0a1f9be11122d93d0a217f,fa040e5e8c32fadd6392986a0df8dbfd2e99fd2c41fcb16efc018f6301ac5588,True,xgboost,0.9,1,equal original group diagnostic; distinct from pooled,0.19008539401824293,0.9026950640960937,0.7477778196334839,1.744062269909887,3.2878894470479314
pleia_energy,1,1,44,kWh per 10 minutes,10,smart_building_conformal/outputs/matched_forecasting005/pleia_energy_h1_f1_s44_v1,a94b3835135749e2f18b89fb6017d8d0b8b9d419cb0a1f9be11122d93d0a217f,fa040e5e8c32fadd6392986a0df8dbfd2e99fd2c41fcb16efc018f6301ac5588,True,xgboost,0.95,1,equal original group diagnostic; distinct from pooled,0.19008539401824293,0.9572019783991117,1.040947437286377,2.6409391782695777,3.2878894470479314
pleia_energy,1,1,44,kWh per 10 minutes,10,smart_building_conformal/outputs/matched_forecasting005/pleia_energy_h1_f1_s44_v1,a94b3835135749e2f18b89fb6017d8d0b8b9d419cb0a1f9be11122d93d0a217f,fa040e5e8c32fadd6392986a0df8dbfd2e99fd2c41fcb16efc018f6301ac5588,True,attention_lstm,0.9,1,equal original group diagnostic; distinct from pooled,0.1985377067406916,0.8934087009185424,0.729144811630249,1.8007728329602002,3.288324275792781
pleia_energy,1,1,44,kWh per 10 minutes,10,smart_building_conformal/outputs/matched_forecasting005/pleia_energy_h1_f1_s44_v1,a94b3835135749e2f18b89fb6017d8d0b8b9d419cb0a1f9be11122d93d0a217f,fa040e5e8c32fadd6392986a0df8dbfd2e99fd2c41fcb16efc018f6301ac5588,True,attention_lstm,0.95,1,equal original group diagnostic; distinct from pooled,0.1985377067406916,0.9572019783991117,1.0470250844955444,2.7392927319175393,3.288324275792781
pleia_energy,3,1,44,kWh per 10 minutes,30,smart_building_conformal/outputs/matched_forecasting005/pleia_energy_h3_f1_s44_v1,a94b3835135749e2f18b89fb6017d8d0b8b9d419cb0a1f9be11122d93d0a217f,15744cbdf50123bfed771b75586629e0389848d25f4e791833fcffa54aa0932f,True,persistence,0.9,1,equal original group diagnostic; distinct from pooled,0.2506844907641062,0.9002725345715151,1.015625,2.6996930831735138,4.645720891735507
pleia_energy,3,1,44,kWh per 10 minutes,30,smart_building_conformal/outputs/matched_forecasting005/pleia_energy_h3_f1_s44_v1,a94b3835135749e2f18b89fb6017d8d0b8b9d419cb0a1f9be11122d93d0a217f,15744cbdf50123bfed771b75586629e0389848d25f4e791833fcffa54aa0932f,True,persistence,0.95,1,equal original group diagnostic; distinct from pooled,0.2506844907641062,0.9555869587160594,1.28125,4.265787448268899,4.645720891735507
pleia_energy,3,1,44,kWh per 10 minutes,30,smart_building_conformal/outputs/matched_forecasting005/pleia_energy_h3_f1_s44_v1,a94b3835135749e2f18b89fb6017d8d0b8b9d419cb0a1f9be11122d93d0a217f,15744cbdf50123bfed771b75586629e0389848d25f4e791833fcffa54aa0932f,True,xgboost,0.9,1,equal original group diagnostic; distinct from pooled,0.20544100416713482,0.8952255980619764,0.8093395233154297,1.8612528215675261,3.289265795053554
pleia_energy,3,1,44,kWh per 10 minutes,30,smart_building_conformal/outputs/matched_forecasting005/pleia_energy_h3_f1_s44_v1,a94b3835135749e2f18b89fb6017d8d0b8b9d419cb0a1f9be11122d93d0a217f,15744cbdf50123bfed771b75586629e0389848d25f4e791833fcffa54aa0932f,True,xgboost,0.95,1,equal original group diagnostic; distinct from pooled,0.20544100416713482,0.9539719390330069,1.0921211242675781,2.781343209102148,3.289265795053554
pleia_energy,3,1,44,kWh per 10 minutes,30,smart_building_conformal/outputs/matched_forecasting005/pleia_energy_h3_f1_s44_v1,a94b3835135749e2f18b89fb6017d8d0b8b9d419cb0a1f9be11122d93d0a217f,15744cbdf50123bfed771b75586629e0389848d25f4e791833fcffa54aa0932f,True,attention_lstm,0.9,1,equal original group diagnostic; distinct from pooled,0.2093828496212698,0.8868476834561421,0.8181416988372803,1.9816857072194483,3.2905310035621382
pleia_energy,3,1,44,kWh per 10 minutes,30,smart_building_conformal/outputs/matched_forecasting005/pleia_energy_h3_f1_s44_v1,a94b3835135749e2f18b89fb6017d8d0b8b9d419cb0a1f9be11122d93d0a217f,15744cbdf50123bfed771b75586629e0389848d25f4e791833fcffa54aa0932f,True,attention_lstm,0.95,1,equal original group diagnostic; distinct from pooled,0.2093828496212698,0.9538710003028162,1.188175916671753,2.968547839286697,3.2905310035621382
pleia_energy,6,1,44,kWh per 10 minutes,60,smart_building_conformal/outputs/matched_forecasting005/pleia_energy_h6_f1_s44_v1,a94b3835135749e2f18b89fb6017d8d0b8b9d419cb0a1f9be11122d93d0a217f,44aa0ec44a099dba2dbd7fec045eed74e79456d849161654051805ea201afed5,True,persistence,0.9,1,equal original group diagnostic; distinct from pooled,0.259079754214192,0.8938124558393056,1.015625,2.8072559175330576,4.6431333993305035
pleia_energy,6,1,44,kWh per 10 minutes,60,smart_building_conformal/outputs/matched_forecasting005/pleia_energy_h6_f1_s44_v1,a94b3835135749e2f18b89fb6017d8d0b8b9d419cb0a1f9be11122d93d0a217f,44aa0ec44a099dba2dbd7fec045eed74e79456d849161654051805ea201afed5,True,persistence,0.95,1,equal original group diagnostic; distinct from pooled,0.259079754214192,0.9491268799838498,1.3125,4.43197991319269,4.6431333993305035
pleia_energy,6,1,44,kWh per 10 minutes,60,smart_building_conformal/outputs/matched_forecasting005/pleia_energy_h6_f1_s44_v1,a94b3835135749e2f18b89fb6017d8d0b8b9d419cb0a1f9be11122d93d0a217f,44aa0ec44a099dba2dbd7fec045eed74e79456d849161654051805ea201afed5,True,xgboost,0.9,1,equal original group diagnostic; distinct from pooled,0.2144508065289766,0.8911880488543454,0.8289765119552612,1.9874163120037445,3.290847063318055
pleia_energy,6,1,44,kWh per 10 minutes,60,smart_building_conformal/outputs/matched_forecasting005/pleia_energy_h6_f1_s44_v1,a94b3835135749e2f18b89fb6017d8d0b8b9d419cb0a1f9be11122d93d0a217f,44aa0ec44a099dba2dbd7fec045eed74e79456d849161654051805ea201afed5,True,xgboost,0.95,1,equal original group diagnostic; distinct from pooled,0.2144508065289766,0.9542747552235793,1.1979727745056152,2.9749516735972614,3.290847063318055
pleia_energy,6,1,44,kWh per 10 minutes,60,smart_building_conformal/outputs/matched_forecasting005/pleia_energy_h6_f1_s44_v1,a94b3835135749e2f18b89fb6017d8d0b8b9d419cb0a1f9be11122d93d0a217f,44aa0ec44a099dba2dbd7fec045eed74e79456d849161654051805ea201afed5,True,attention_lstm,0.9,1,equal original group diagnostic; distinct from pooled,0.22755803818796314,0.8806904209145049,0.8651619553565979,2.1557484885163105,3.293415545453828
pleia_energy,6,1,44,kWh per 10 minutes,60,smart_building_conformal/outputs/matched_forecasting005/pleia_energy_h6_f1_s44_v1,a94b3835135749e2f18b89fb6017d8d0b8b9d419cb0a1f9be11122d93d0a217f,44aa0ec44a099dba2dbd7fec045eed74e79456d849161654051805ea201afed5,True,attention_lstm,0.95,1,equal original group diagnostic; distinct from pooled,0.22755803818796314,0.9525587968103362,1.3366327285766602,3.1970422551046394,3.293415545453828
pleia_energy,1,0,44,kWh per 10 minutes,10,smart_building_conformal/outputs/matched_forecasting005/pleia_energy_h1_f0_s44_v1,a94b3835135749e2f18b89fb6017d8d0b8b9d419cb0a1f9be11122d93d0a217f,1c89ab32cbb43766a72a7fdbf9f5fba751fac2b5a7248e536e812457416857ec,True,persistence,0.9,1,equal original group diagnostic; distinct from pooled,0.14425096503178927,0.9570087798970632,1.015625,2.194871770612574,3.4973458927613192
pleia_energy,1,0,44,kWh per 10 minutes,10,smart_building_conformal/outputs/matched_forecasting005/pleia_energy_h1_f0_s44_v1,a94b3835135749e2f18b89fb6017d8d0b8b9d419cb0a1f9be11122d93d0a217f,1c89ab32cbb43766a72a7fdbf9f5fba751fac2b5a7248e536e812457416857ec,True,persistence,0.95,1,equal original group diagnostic; distinct from pooled,0.14425096503178927,0.9754768392370572,1.234375,3.452844320819455,3.4973458927613192
pleia_energy,1,0,44,kWh per 10 minutes,10,smart_building_conformal/outputs/matched_forecasting005/pleia_energy_h1_f0_s44_v1,a94b3835135749e2f18b89fb6017d8d0b8b9d419cb0a1f9be11122d93d0a217f,1c89ab32cbb43766a72a7fdbf9f5fba751fac2b5a7248e536e812457416857ec,True,xgboost,0.9,1,equal original group diagnostic; distinct from pooled,0.09897195075127582,0.9571096982541124,0.7001508474349976,1.379354589403981,2.474836829042135
pleia_energy,1,0,44,kWh per 10 minutes,10,smart_building_conformal/outputs/matched_forecasting005/pleia_energy_h1_f0_s44_v1,a94b3835135749e2f18b89fb6017d8d0b8b9d419cb0a1f9be11122d93d0a217f,1c89ab32cbb43766a72a7fdbf9f5fba751fac2b5a7248e536e812457416857ec,True,xgboost,0.95,1,equal original group diagnostic; distinct from pooled,0.09897195075127582,0.9786053083055808,0.9220996499061584,2.1462483187233805,2.474836829042135
pleia_energy,1,0,44,kWh per 10 minutes,10,smart_building_conformal/outputs/matched_forecasting005/pleia_energy_h1_f0_s44_v1,a94b3835135749e2f18b89fb6017d8d0b8b9d419cb0a1f9be11122d93d0a217f,1c89ab32cbb43766a72a7fdbf9f5fba751fac2b5a7248e536e812457416857ec,True,attention_lstm,0.9,1,equal original group diagnostic; distinct from pooled,0.10312781858659559,0.9624583711777173,0.7326531410217285,1.3903216162439143,2.475744162657876
pleia_energy,1,0,44,kWh per 10 minutes,10,smart_building_conformal/outputs/matched_forecasting005/pleia_energy_h1_f0_s44_v1,a94b3835135749e2f18b89fb6017d8d0b8b9d419cb0a1f9be11122d93d0a217f,1c89ab32cbb43766a72a7fdbf9f5fba751fac2b5a7248e536e812457416857ec,True,attention_lstm,0.95,1,equal original group diagnostic; distinct from pooled,0.10312781858659559,0.9814310223029569,0.9609347581863403,2.154068752727783,2.475744162657876
pleia_energy,3,0,44,kWh per 10 minutes,30,smart_building_conformal/outputs/matched_forecasting005/pleia_energy_h3_f0_s44_v1,a94b3835135749e2f18b89fb6017d8d0b8b9d419cb0a1f9be11122d93d0a217f,fc08af58fb2aaec38a8c2665c437f882729a6d19f769022d78b9cb06448158c3,True,persistence,0.9,1,equal original group diagnostic; distinct from pooled,0.13262406650519729,0.9672015339590272,1.015625,2.1913711651024324,3.491696175451933
pleia_energy,3,0,44,kWh per 10 minutes,30,smart_building_conformal/outputs/matched_forecasting005/pleia_energy_h3_f0_s44_v1,a94b3835135749e2f18b89fb6017d8d0b8b9d419cb0a1f9be11122d93d0a217f,fc08af58fb2aaec38a8c2665c437f882729a6d19f769022d78b9cb06448158c3,True,persistence,0.95,1,equal original group diagnostic; distinct from pooled,0.13262406650519729,0.980825512160662,1.25,3.4831340195781593,3.491696175451933
pleia_energy,3,0,44,kWh per 10 minutes,30,smart_building_conformal/outputs/matched_forecasting005/pleia_energy_h3_f0_s44_v1,a94b3835135749e2f18b89fb6017d8d0b8b9d419cb0a1f9be11122d93d0a217f,fc08af58fb2aaec38a8c2665c437f882729a6d19f769022d78b9cb06448158c3,True,xgboost,0.9,1,equal original group diagnostic; distinct from pooled,0.10984324850273584,0.9573115349682108,0.8008829951286316,1.4892533843362592,2.4753283621419606
pleia_energy,3,0,44,kWh per 10 minutes,30,smart_building_conformal/outputs/matched_forecasting005/pleia_energy_h3_f0_s44_v1,a94b3835135749e2f18b89fb6017d8d0b8b9d419cb0a1f9be11122d93d0a217f,fc08af58fb2aaec38a8c2665c437f882729a6d19f769022d78b9cb06448158c3,True,xgboost,0.95,1,equal original group diagnostic; distinct from pooled,0.10984324850273584,0.975275002522959,1.0175174474716187,2.249010972357599,2.4753283621419606
pleia_energy,3,0,44,kWh per 10 minutes,30,smart_building_conformal/outputs/matched_forecasting005/pleia_energy_h3_f0_s44_v1,a94b3835135749e2f18b89fb6017d8d0b8b9d419cb0a1f9be11122d93d0a217f,fc08af58fb2aaec38a8c2665c437f882729a6d19f769022d78b9cb06448158c3,True,attention_lstm,0.9,1,equal original group diagnostic; distinct from pooled,0.11100501107037494,0.9658895953173883,0.8136336803436279,1.4692734514792352,2.4758184928268583
pleia_energy,3,0,44,kWh per 10 minutes,30,smart_building_conformal/outputs/matched_forecasting005/pleia_energy_h3_f0_s44_v1,a94b3835135749e2f18b89fb6017d8d0b8b9d419cb0a1f9be11122d93d0a217f,fc08af58fb2aaec38a8c2665c437f882729a6d19f769022d78b9cb06448158c3,True,attention_lstm,0.95,1,equal original group diagnostic; distinct from pooled,0.11100501107037494,0.9806236754465637,1.040884256362915,2.2351979347973536,2.4758184928268583
pleia_energy,6,0,44,kWh per 10 minutes,60,smart_building_conformal/outputs/matched_forecasting005/pleia_energy_h6_f0_s44_v1,a94b3835135749e2f18b89fb6017d8d0b8b9d419cb0a1f9be11122d93d0a217f,beab242517c7fb299c78020e552436a75640da60a4f7760aef5c1def1bdd79cf,True,persistence,0.9,1,equal original group diagnostic; distinct from pooled,0.14409564537289332,0.9617519426783732,1.0625,2.2682536078312645,3.4910117759006383
pleia_energy,6,0,44,kWh per 10 minutes,60,smart_building_conformal/outputs/matched_forecasting005/pleia_energy_h6_f0_s44_v1,a94b3835135749e2f18b89fb6017d8d0b8b9d419cb0a1f9be11122d93d0a217f,beab242517c7fb299c78020e552436a75640da60a4f7760aef5c1def1bdd79cf,True,persistence,0.95,1,equal original group diagnostic; distinct from pooled,0.14409564537289332,0.9772933696639419,1.328125,3.5800866005651404,3.4910117759006383
pleia_energy,6,0,44,kWh per 10 minutes,60,smart_building_conformal/outputs/matched_forecasting005/pleia_energy_h6_f0_s44_v1,a94b3835135749e2f18b89fb6017d8d0b8b9d419cb0a1f9be11122d93d0a217f,beab242517c7fb299c78020e552436a75640da60a4f7760aef5c1def1bdd79cf,True,xgboost,0.9,1,equal original group diagnostic; distinct from pooled,0.11632013677173239,0.9512564335452619,0.811721920967102,1.509584802619527,2.4756847121268746
pleia_energy,6,0,44,kWh per 10 minutes,60,smart_building_conformal/outputs/matched_forecasting005/pleia_energy_h6_f0_s44_v1,a94b3835135749e2f18b89fb6017d8d0b8b9d419cb0a1f9be11122d93d0a217f,beab242517c7fb299c78020e552436a75640da60a4f7760aef5c1def1bdd79cf,True,xgboost,0.95,1,equal original group diagnostic; distinct from pooled,0.11632013677173239,0.975981431022303,1.0484364032745361,2.276338901008723,2.4756847121268746
pleia_energy,6,0,44,kWh per 10 minutes,60,smart_building_conformal/outputs/matched_forecasting005/pleia_energy_h6_f0_s44_v1,a94b3835135749e2f18b89fb6017d8d0b8b9d419cb0a1f9be11122d93d0a217f,beab242517c7fb299c78020e552436a75640da60a4f7760aef5c1def1bdd79cf,True,attention_lstm,0.9,1,equal original group diagnostic; distinct from pooled,0.1166389591473842,0.9625592895347663,0.8512876033782959,1.5261251045255058,2.476962659917386
pleia_energy,6,0,44,kWh per 10 minutes,60,smart_building_conformal/outputs/matched_forecasting005/pleia_energy_h6_f0_s44_v1,a94b3835135749e2f18b89fb6017d8d0b8b9d419cb0a1f9be11122d93d0a217f,beab242517c7fb299c78020e552436a75640da60a4f7760aef5c1def1bdd79cf,True,attention_lstm,0.95,1,equal original group diagnostic; distinct from pooled,0.1166389591473842,0.9791099000908265,1.1420763731002808,2.3279344288946,2.476962659917386
pleia_energy,1,1,45,kWh per 10 minutes,10,smart_building_conformal/outputs/matched_forecasting005/pleia_energy_h1_f1_s45_v1,a94b3835135749e2f18b89fb6017d8d0b8b9d419cb0a1f9be11122d93d0a217f,e5c1dae79856ba2985e5bf3d1ab459636cebb345a3f6408602b78f90761804ba,True,persistence,0.9,1,equal original group diagnostic; distinct from pooled,0.24709958867467446,0.9015847380639952,1.015625,2.619793769556879,4.643716044920821
pleia_energy,1,1,45,kWh per 10 minutes,10,smart_building_conformal/outputs/matched_forecasting005/pleia_energy_h1_f1_s45_v1,a94b3835135749e2f18b89fb6017d8d0b8b9d419cb0a1f9be11122d93d0a217f,e5c1dae79856ba2985e5bf3d1ab459636cebb345a3f6408602b78f90761804ba,True,persistence,0.95,1,equal original group diagnostic; distinct from pooled,0.24709958867467446,0.9556878974462502,1.265625,4.12029846320783,4.643716044920821
pleia_energy,1,1,45,kWh per 10 minutes,10,smart_building_conformal/outputs/matched_forecasting005/pleia_energy_h1_f1_s45_v1,a94b3835135749e2f18b89fb6017d8d0b8b9d419cb0a1f9be11122d93d0a217f,e5c1dae79856ba2985e5bf3d1ab459636cebb345a3f6408602b78f90761804ba,True,xgboost,0.9,1,equal original group diagnostic; distinct from pooled,0.19205075100348554,0.9023922479055213,0.7473021745681763,1.7538876405117958,3.2876774245933174
pleia_energy,1,1,45,kWh per 10 minutes,10,smart_building_conformal/outputs/matched_forecasting005/pleia_energy_h1_f1_s45_v1,a94b3835135749e2f18b89fb6017d8d0b8b9d419cb0a1f9be11122d93d0a217f,e5c1dae79856ba2985e5bf3d1ab459636cebb345a3f6408602b78f90761804ba,True,xgboost,0.95,1,equal original group diagnostic; distinct from pooled,0.19205075100348554,0.9565963460179671,1.0442699790000916,2.6506665366213595,3.2876774245933174
pleia_energy,1,1,45,kWh per 10 minutes,10,smart_building_conformal/outputs/matched_forecasting005/pleia_energy_h1_f1_s45_v1,a94b3835135749e2f18b89fb6017d8d0b8b9d419cb0a1f9be11122d93d0a217f,e5c1dae79856ba2985e5bf3d1ab459636cebb345a3f6408602b78f90761804ba,True,attention_lstm,0.9,1,equal original group diagnostic; distinct from pooled,0.20607731576986024,0.8907842939335823,0.8210346102714539,1.948501788199315,3.2900004353118697
pleia_energy,1,1,45,kWh per 10 minutes,10,smart_building_conformal/outputs/matched_forecasting005/pleia_energy_h1_f1_s45_v1,a94b3835135749e2f18b89fb6017d8d0b8b9d419cb0a1f9be11122d93d0a217f,e5c1dae79856ba2985e5bf3d1ab459636cebb345a3f6408602b78f90761804ba,True,attention_lstm,0.95,1,equal original group diagnostic; distinct from pooled,0.20607731576986024,0.9532653679216715,1.1522581577301025,2.915281388549518,3.2900004353118697
pleia_energy,3,1,45,kWh per 10 minutes,30,smart_building_conformal/outputs/matched_forecasting005/pleia_energy_h3_f1_s45_v1,a94b3835135749e2f18b89fb6017d8d0b8b9d419cb0a1f9be11122d93d0a217f,348012fb294a1756ef25f221352a18c83e5173d14ae9c1cdbfe96d8854baf3f0,True,persistence,0.9,1,equal original group diagnostic; distinct from pooled,0.2506844907641062,0.9002725345715151,1.015625,2.6996930831735138,4.645720891735507
pleia_energy,3,1,45,kWh per 10 minutes,30,smart_building_conformal/outputs/matched_forecasting005/pleia_energy_h3_f1_s45_v1,a94b3835135749e2f18b89fb6017d8d0b8b9d419cb0a1f9be11122d93d0a217f,348012fb294a1756ef25f221352a18c83e5173d14ae9c1cdbfe96d8854baf3f0,True,persistence,0.95,1,equal original group diagnostic; distinct from pooled,0.2506844907641062,0.9555869587160594,1.28125,4.265787448268899,4.645720891735507
pleia_energy,3,1,45,kWh per 10 minutes,30,smart_building_conformal/outputs/matched_forecasting005/pleia_energy_h3_f1_s45_v1,a94b3835135749e2f18b89fb6017d8d0b8b9d419cb0a1f9be11122d93d0a217f,348012fb294a1756ef25f221352a18c83e5173d14ae9c1cdbfe96d8854baf3f0,True,xgboost,0.9,1,equal original group diagnostic; distinct from pooled,0.2054274363842407,0.8957302917129303,0.8001129627227783,1.8809463977843803,3.288994159858142
pleia_energy,3,1,45,kWh per 10 minutes,30,smart_building_conformal/outputs/matched_forecasting005/pleia_energy_h3_f1_s45_v1,a94b3835135749e2f18b89fb6017d8d0b8b9d419cb0a1f9be11122d93d0a217f,348012fb294a1756ef25f221352a18c83e5173d14ae9c1cdbfe96d8854baf3f0,True,xgboost,0.95,1,equal original group diagnostic; distinct from pooled,0.2054274363842407,0.9506409609367115,1.0944660902023315,2.809012792251707,3.288994159858142
pleia_energy,3,1,45,kWh per 10 minutes,30,smart_building_conformal/outputs/matched_forecasting005/pleia_energy_h3_f1_s45_v1,a94b3835135749e2f18b89fb6017d8d0b8b9d419cb0a1f9be11122d93d0a217f,348012fb294a1756ef25f221352a18c83e5173d14ae9c1cdbfe96d8854baf3f0,True,attention_lstm,0.9,1,equal original group diagnostic; distinct from pooled,0.21771395013174014,0.8841223377409912,0.8166946172714233,2.032521429607699,3.2913063850849826
pleia_energy,3,1,45,kWh per 10 minutes,30,smart_building_conformal/outputs/matched_forecasting005/pleia_energy_h3_f1_s45_v1,a94b3835135749e2f18b89fb6017d8d0b8b9d419cb0a1f9be11122d93d0a217f,348012fb294a1756ef25f221352a18c83e5173d14ae9c1cdbfe96d8854baf3f0,True,attention_lstm,0.95,1,equal original group diagnostic; distinct from pooled,0.21771395013174014,0.9502372060159483,1.202711582183838,3.035934928941884,3.2913063850849826
pleia_energy,6,1,45,kWh per 10 minutes,60,smart_building_conformal/outputs/matched_forecasting005/pleia_energy_h6_f1_s45_v1,a94b3835135749e2f18b89fb6017d8d0b8b9d419cb0a1f9be11122d93d0a217f,e2840eecdc0ab92509276e9c3ddbb386ba860a6883136be8b9f228010a50cac2,True,persistence,0.9,1,equal original group diagnostic; distinct from pooled,0.259079754214192,0.8938124558393056,1.015625,2.8072559175330576,4.6431333993305035
pleia_energy,6,1,45,kWh per 10 minutes,60,smart_building_conformal/outputs/matched_forecasting005/pleia_energy_h6_f1_s45_v1,a94b3835135749e2f18b89fb6017d8d0b8b9d419cb0a1f9be11122d93d0a217f,e2840eecdc0ab92509276e9c3ddbb386ba860a6883136be8b9f228010a50cac2,True,persistence,0.95,1,equal original group diagnostic; distinct from pooled,0.259079754214192,0.9491268799838498,1.3125,4.43197991319269,4.6431333993305035
pleia_energy,6,1,45,kWh per 10 minutes,60,smart_building_conformal/outputs/matched_forecasting005/pleia_energy_h6_f1_s45_v1,a94b3835135749e2f18b89fb6017d8d0b8b9d419cb0a1f9be11122d93d0a217f,e2840eecdc0ab92509276e9c3ddbb386ba860a6883136be8b9f228010a50cac2,True,xgboost,0.9,1,equal original group diagnostic; distinct from pooled,0.21463333424344316,0.8919955586958717,0.8272899389266968,1.9944278385903431,3.290808367924718
pleia_energy,6,1,45,kWh per 10 minutes,60,smart_building_conformal/outputs/matched_forecasting005/pleia_energy_h6_f1_s45_v1,a94b3835135749e2f18b89fb6017d8d0b8b9d419cb0a1f9be11122d93d0a217f,e2840eecdc0ab92509276e9c3ddbb386ba860a6883136be8b9f228010a50cac2,True,xgboost,0.95,1,equal original group diagnostic; distinct from pooled,0.21463333424344316,0.9551832037952963,1.2151398658752441,2.9999692038677757,3.290808367924718
pleia_energy,6,1,45,kWh per 10 minutes,60,smart_building_conformal/outputs/matched_forecasting005/pleia_energy_h6_f1_s45_v1,a94b3835135749e2f18b89fb6017d8d0b8b9d419cb0a1f9be11122d93d0a217f,e2840eecdc0ab92509276e9c3ddbb386ba860a6883136be8b9f228010a50cac2,True,attention_lstm,0.9,1,equal original group diagnostic; distinct from pooled,0.227532820820664,0.8841223377409912,0.8465346693992615,2.0910833482847235,3.292473278734461
pleia_energy,6,1,45,kWh per 10 minutes,60,smart_building_conformal/outputs/matched_forecasting005/pleia_energy_h6_f1_s45_v1,a94b3835135749e2f18b89fb6017d8d0b8b9d419cb0a1f9be11122d93d0a217f,e2840eecdc0ab92509276e9c3ddbb386ba860a6883136be8b9f228010a50cac2,True,attention_lstm,0.95,1,equal original group diagnostic; distinct from pooled,0.227532820820664,0.9518522256990007,1.263314962387085,3.1134679494236686,3.292473278734461
pleia_energy,1,0,45,kWh per 10 minutes,10,smart_building_conformal/outputs/matched_forecasting005/pleia_energy_h1_f0_s45_v1,a94b3835135749e2f18b89fb6017d8d0b8b9d419cb0a1f9be11122d93d0a217f,948bd682c0bd56fbbe5133392eb2d6b8646ad82ec0d0b8772fa165f286e449dc,True,persistence,0.9,1,equal original group diagnostic; distinct from pooled,0.14425096503178927,0.9570087798970632,1.015625,2.194871770612574,3.4973458927613192
pleia_energy,1,0,45,kWh per 10 minutes,10,smart_building_conformal/outputs/matched_forecasting005/pleia_energy_h1_f0_s45_v1,a94b3835135749e2f18b89fb6017d8d0b8b9d419cb0a1f9be11122d93d0a217f,948bd682c0bd56fbbe5133392eb2d6b8646ad82ec0d0b8772fa165f286e449dc,True,persistence,0.95,1,equal original group diagnostic; distinct from pooled,0.14425096503178927,0.9754768392370572,1.234375,3.452844320819455,3.4973458927613192
pleia_energy,1,0,45,kWh per 10 minutes,10,smart_building_conformal/outputs/matched_forecasting005/pleia_energy_h1_f0_s45_v1,a94b3835135749e2f18b89fb6017d8d0b8b9d419cb0a1f9be11122d93d0a217f,948bd682c0bd56fbbe5133392eb2d6b8646ad82ec0d0b8772fa165f286e449dc,True,xgboost,0.9,1,equal original group diagnostic; distinct from pooled,0.10038057911698592,0.9576142900393582,0.7038384675979614,1.3845726885243639,2.474325350020517
pleia_energy,1,0,45,kWh per 10 minutes,10,smart_building_conformal/outputs/matched_forecasting005/pleia_energy_h1_f0_s45_v1,a94b3835135749e2f18b89fb6017d8d0b8b9d419cb0a1f9be11122d93d0a217f,948bd682c0bd56fbbe5133392eb2d6b8646ad82ec0d0b8772fa165f286e449dc,True,xgboost,0.95,1,equal original group diagnostic; distinct from pooled,0.10038057911698592,0.978807145019679,0.918755829334259,2.1489264460321693,2.474325350020517
pleia_energy,1,0,45,kWh per 10 minutes,10,smart_building_conformal/outputs/matched_forecasting005/pleia_energy_h1_f0_s45_v1,a94b3835135749e2f18b89fb6017d8d0b8b9d419cb0a1f9be11122d93d0a217f,948bd682c0bd56fbbe5133392eb2d6b8646ad82ec0d0b8772fa165f286e449dc,True,attention_lstm,0.9,1,equal original group diagnostic; distinct from pooled,0.10812309865562234,0.9605409223937834,0.7209179401397705,1.3773555003775033,2.4755037157919553
pleia_energy,1,0,45,kWh per 10 minutes,10,smart_building_conformal/outputs/matched_forecasting005/pleia_energy_h1_f0_s45_v1,a94b3835135749e2f18b89fb6017d8d0b8b9d419cb0a1f9be11122d93d0a217f,948bd682c0bd56fbbe5133392eb2d6b8646ad82ec0d0b8772fa165f286e449dc,True,attention_lstm,0.95,1,equal original group diagnostic; distinct from pooled,0.10812309865562234,0.9819356140882026,0.9634587168693542,2.1450480535432415,2.4755037157919553
pleia_energy,3,0,45,kWh per 10 minutes,30,smart_building_conformal/outputs/matched_forecasting005/pleia_energy_h3_f0_s45_v1,a94b3835135749e2f18b89fb6017d8d0b8b9d419cb0a1f9be11122d93d0a217f,c5f9bfd1f2eb6f634a5c112233a2a733c43ca9f400bbe2628bde0b295469af88,True,persistence,0.9,1,equal original group diagnostic; distinct from pooled,0.13262406650519729,0.9672015339590272,1.015625,2.1913711651024324,3.491696175451933
pleia_energy,3,0,45,kWh per 10 minutes,30,smart_building_conformal/outputs/matched_forecasting005/pleia_energy_h3_f0_s45_v1,a94b3835135749e2f18b89fb6017d8d0b8b9d419cb0a1f9be11122d93d0a217f,c5f9bfd1f2eb6f634a5c112233a2a733c43ca9f400bbe2628bde0b295469af88,True,persistence,0.95,1,equal original group diagnostic; distinct from pooled,0.13262406650519729,0.980825512160662,1.25,3.4831340195781593,3.491696175451933
pleia_energy,3,0,45,kWh per 10 minutes,30,smart_building_conformal/outputs/matched_forecasting005/pleia_energy_h3_f0_s45_v1,a94b3835135749e2f18b89fb6017d8d0b8b9d419cb0a1f9be11122d93d0a217f,c5f9bfd1f2eb6f634a5c112233a2a733c43ca9f400bbe2628bde0b295469af88,True,xgboost,0.9,1,equal original group diagnostic; distinct from pooled,0.10784311211440599,0.9572106166111616,0.7935786247253418,1.4831330777056728,2.475975618579967
pleia_energy,3,0,45,kWh per 10 minutes,30,smart_building_conformal/outputs/matched_forecasting005/pleia_energy_h3_f0_s45_v1,a94b3835135749e2f18b89fb6017d8d0b8b9d419cb0a1f9be11122d93d0a217f,c5f9bfd1f2eb6f634a5c112233a2a733c43ca9f400bbe2628bde0b295469af88,True,xgboost,0.95,1,equal original group diagnostic; distinct from pooled,0.10784311211440599,0.9750731658088606,1.0235249996185303,2.252407905576399,2.475975618579967
pleia_energy,3,0,45,kWh per 10 minutes,30,smart_building_conformal/outputs/matched_forecasting005/pleia_energy_h3_f0_s45_v1,a94b3835135749e2f18b89fb6017d8d0b8b9d419cb0a1f9be11122d93d0a217f,c5f9bfd1f2eb6f634a5c112233a2a733c43ca9f400bbe2628bde0b295469af88,True,attention_lstm,0.9,1,equal original group diagnostic; distinct from pooled,0.10782320950530301,0.9664951054596831,0.8016626834869385,1.4664931442208482,2.4763088514289455
pleia_energy,3,0,45,kWh per 10 minutes,30,smart_building_conformal/outputs/matched_forecasting005/pleia_energy_h3_f0_s45_v1,a94b3835135749e2f18b89fb6017d8d0b8b9d419cb0a1f9be11122d93d0a217f,c5f9bfd1f2eb6f634a5c112233a2a733c43ca9f400bbe2628bde0b295469af88,True,attention_lstm,0.95,1,equal original group diagnostic; distinct from pooled,0.10782320950530301,0.9810273488747603,1.0495426058769226,2.254419118096794,2.4763088514289455
pleia_energy,6,0,45,kWh per 10 minutes,60,smart_building_conformal/outputs/matched_forecasting005/pleia_energy_h6_f0_s45_v1,a94b3835135749e2f18b89fb6017d8d0b8b9d419cb0a1f9be11122d93d0a217f,dd428e934c524a9daae0ec49ff2886dfff2883e6229feef74a12065f07cc7184,True,persistence,0.9,1,equal original group diagnostic; distinct from pooled,0.14409564537289332,0.9617519426783732,1.0625,2.2682536078312645,3.4910117759006383
pleia_energy,6,0,45,kWh per 10 minutes,60,smart_building_conformal/outputs/matched_forecasting005/pleia_energy_h6_f0_s45_v1,a94b3835135749e2f18b89fb6017d8d0b8b9d419cb0a1f9be11122d93d0a217f,dd428e934c524a9daae0ec49ff2886dfff2883e6229feef74a12065f07cc7184,True,persistence,0.95,1,equal original group diagnostic; distinct from pooled,0.14409564537289332,0.9772933696639419,1.328125,3.5800866005651404,3.4910117759006383
pleia_energy,6,0,45,kWh per 10 minutes,60,smart_building_conformal/outputs/matched_forecasting005/pleia_energy_h6_f0_s45_v1,a94b3835135749e2f18b89fb6017d8d0b8b9d419cb0a1f9be11122d93d0a217f,dd428e934c524a9daae0ec49ff2886dfff2883e6229feef74a12065f07cc7184,True,xgboost,0.9,1,equal original group diagnostic; distinct from pooled,0.11689774440472706,0.9544858209708346,0.8254376649856567,1.512598598008801,2.475172463024986
pleia_energy,6,0,45,kWh per 10 minutes,60,smart_building_conformal/outputs/matched_forecasting005/pleia_energy_h6_f0_s45_v1,a94b3835135749e2f18b89fb6017d8d0b8b9d419cb0a1f9be11122d93d0a217f,dd428e934c524a9daae0ec49ff2886dfff2883e6229feef74a12065f07cc7184,True,xgboost,0.95,1,equal original group diagnostic; distinct from pooled,0.11689774440472706,0.9754768392370572,1.0425082445144653,2.2685997894967826,2.475172463024986
pleia_energy,6,0,45,kWh per 10 minutes,60,smart_building_conformal/outputs/matched_forecasting005/pleia_energy_h6_f0_s45_v1,a94b3835135749e2f18b89fb6017d8d0b8b9d419cb0a1f9be11122d93d0a217f,dd428e934c524a9daae0ec49ff2886dfff2883e6229feef74a12065f07cc7184,True,attention_lstm,0.9,1,equal original group diagnostic; distinct from pooled,0.12566385112378778,0.967807044101322,0.8516026735305786,1.5085755242614696,2.476774202589842
pleia_energy,6,0,45,kWh per 10 minutes,60,smart_building_conformal/outputs/matched_forecasting005/pleia_energy_h6_f0_s45_v1,a94b3835135749e2f18b89fb6017d8d0b8b9d419cb0a1f9be11122d93d0a217f,dd428e934c524a9daae0ec49ff2886dfff2883e6229feef74a12065f07cc7184,True,attention_lstm,0.95,1,equal original group diagnostic; distinct from pooled,0.12566385112378778,0.980119083661318,1.101113885641098,2.2897895769071277,2.476774202589842
pleia_energy,1,1,46,kWh per 10 minutes,10,smart_building_conformal/outputs/matched_forecasting005/pleia_energy_h1_f1_s46_v1,a94b3835135749e2f18b89fb6017d8d0b8b9d419cb0a1f9be11122d93d0a217f,42ce421db703589fa05f08743d029d900203f71dcfc809653f70282c90d5db0c,True,persistence,0.9,1,equal original group diagnostic; distinct from pooled,0.24709958867467446,0.9015847380639952,1.015625,2.619793769556879,4.643716044920821
pleia_energy,1,1,46,kWh per 10 minutes,10,smart_building_conformal/outputs/matched_forecasting005/pleia_energy_h1_f1_s46_v1,a94b3835135749e2f18b89fb6017d8d0b8b9d419cb0a1f9be11122d93d0a217f,42ce421db703589fa05f08743d029d900203f71dcfc809653f70282c90d5db0c,True,persistence,0.95,1,equal original group diagnostic; distinct from pooled,0.24709958867467446,0.9556878974462502,1.265625,4.12029846320783,4.643716044920821
pleia_energy,1,1,46,kWh per 10 minutes,10,smart_building_conformal/outputs/matched_forecasting005/pleia_energy_h1_f1_s46_v1,a94b3835135749e2f18b89fb6017d8d0b8b9d419cb0a1f9be11122d93d0a217f,42ce421db703589fa05f08743d029d900203f71dcfc809653f70282c90d5db0c,True,xgboost,0.9,1,equal original group diagnostic; distinct from pooled,0.19474720014867442,0.9053194710810538,0.7476063966751099,1.7501484319120961,3.287887279197492
pleia_energy,1,1,46,kWh per 10 minutes,10,smart_building_conformal/outputs/matched_forecasting005/pleia_energy_h1_f1_s46_v1,a94b3835135749e2f18b89fb6017d8d0b8b9d419cb0a1f9be11122d93d0a217f,42ce421db703589fa05f08743d029d900203f71dcfc809653f70282c90d5db0c,True,xgboost,0.95,1,equal original group diagnostic; distinct from pooled,0.19474720014867442,0.955788836176441,1.0229778289794922,2.6507204241597146,3.287887279197492
pleia_energy,1,1,46,kWh per 10 minutes,10,smart_building_conformal/outputs/matched_forecasting005/pleia_energy_h1_f1_s46_v1,a94b3835135749e2f18b89fb6017d8d0b8b9d419cb0a1f9be11122d93d0a217f,42ce421db703589fa05f08743d029d900203f71dcfc809653f70282c90d5db0c,True,attention_lstm,0.9,1,equal original group diagnostic; distinct from pooled,0.19571241419647686,0.8956293529827395,0.7975600957870483,1.8658987913866198,3.288578038328627
pleia_energy,1,1,46,kWh per 10 minutes,10,smart_building_conformal/outputs/matched_forecasting005/pleia_energy_h1_f1_s46_v1,a94b3835135749e2f18b89fb6017d8d0b8b9d419cb0a1f9be11122d93d0a217f,42ce421db703589fa05f08743d029d900203f71dcfc809653f70282c90d5db0c,True,attention_lstm,0.95,1,equal original group diagnostic; distinct from pooled,0.19571241419647686,0.956192591097204,1.1173878908157349,2.8028665263609227,3.288578038328627
pleia_energy,3,1,46,kWh per 10 minutes,30,smart_building_conformal/outputs/matched_forecasting005/pleia_energy_h3_f1_s46_v1,a94b3835135749e2f18b89fb6017d8d0b8b9d419cb0a1f9be11122d93d0a217f,8776270b62861d4d439b536f09407a9ef30671a279401e7b6b22fc5064d2538e,True,persistence,0.9,1,equal original group diagnostic; distinct from pooled,0.2506844907641062,0.9002725345715151,1.015625,2.6996930831735138,4.645720891735507
pleia_energy,3,1,46,kWh per 10 minutes,30,smart_building_conformal/outputs/matched_forecasting005/pleia_energy_h3_f1_s46_v1,a94b3835135749e2f18b89fb6017d8d0b8b9d419cb0a1f9be11122d93d0a217f,8776270b62861d4d439b536f09407a9ef30671a279401e7b6b22fc5064d2538e,True,persistence,0.95,1,equal original group diagnostic; distinct from pooled,0.2506844907641062,0.9555869587160594,1.28125,4.265787448268899,4.645720891735507
pleia_energy,3,1,46,kWh per 10 minutes,30,smart_building_conformal/outputs/matched_forecasting005/pleia_energy_h3_f1_s46_v1,a94b3835135749e2f18b89fb6017d8d0b8b9d419cb0a1f9be11122d93d0a217f,8776270b62861d4d439b536f09407a9ef30671a279401e7b6b22fc5064d2538e,True,xgboost,0.9,1,equal original group diagnostic; distinct from pooled,0.20500433750686003,0.8950237206015949,0.8055276870727539,1.8735340468587747,3.289220896056798
pleia_energy,3,1,46,kWh per 10 minutes,30,smart_building_conformal/outputs/matched_forecasting005/pleia_energy_h3_f1_s46_v1,a94b3835135749e2f18b89fb6017d8d0b8b9d419cb0a1f9be11122d93d0a217f,8776270b62861d4d439b536f09407a9ef30671a279401e7b6b22fc5064d2538e,True,xgboost,0.95,1,equal original group diagnostic; distinct from pooled,0.20500433750686003,0.9531644291914808,1.1034095287322998,2.795363936388637,3.289220896056798
pleia_energy,3,1,46,kWh per 10 minutes,30,smart_building_conformal/outputs/matched_forecasting005/pleia_energy_h3_f1_s46_v1,a94b3835135749e2f18b89fb6017d8d0b8b9d419cb0a1f9be11122d93d0a217f,8776270b62861d4d439b536f09407a9ef30671a279401e7b6b22fc5064d2538e,True,attention_lstm,0.9,1,equal original group diagnostic; distinct from pooled,0.21107239094098906,0.8870495609165236,0.853797197341919,2.0449335511389903,3.291271606276002
pleia_energy,3,1,46,kWh per 10 minutes,30,smart_building_conformal/outputs/matched_forecasting005/pleia_energy_h3_f1_s46_v1,a94b3835135749e2f18b89fb6017d8d0b8b9d419cb0a1f9be11122d93d0a217f,8776270b62861d4d439b536f09407a9ef30671a279401e7b6b22fc5064d2538e,True,attention_lstm,0.95,1,equal original group diagnostic; distinct from pooled,0.21107239094098906,0.9531644291914808,1.247915267944336,3.0401968771770944,3.291271606276002
pleia_energy,6,1,46,kWh per 10 minutes,60,smart_building_conformal/outputs/matched_forecasting005/pleia_energy_h6_f1_s46_v1,a94b3835135749e2f18b89fb6017d8d0b8b9d419cb0a1f9be11122d93d0a217f,d65ac7c08324f695c221b4ac18143deff39ac0c271dc8aa96bc98db95fd1cd85,True,persistence,0.9,1,equal original group diagnostic; distinct from pooled,0.259079754214192,0.8938124558393056,1.015625,2.8072559175330576,4.6431333993305035
pleia_energy,6,1,46,kWh per 10 minutes,60,smart_building_conformal/outputs/matched_forecasting005/pleia_energy_h6_f1_s46_v1,a94b3835135749e2f18b89fb6017d8d0b8b9d419cb0a1f9be11122d93d0a217f,d65ac7c08324f695c221b4ac18143deff39ac0c271dc8aa96bc98db95fd1cd85,True,persistence,0.95,1,equal original group diagnostic; distinct from pooled,0.259079754214192,0.9491268799838498,1.3125,4.43197991319269,4.6431333993305035
pleia_energy,6,1,46,kWh per 10 minutes,60,smart_building_conformal/outputs/matched_forecasting005/pleia_energy_h6_f1_s46_v1,a94b3835135749e2f18b89fb6017d8d0b8b9d419cb0a1f9be11122d93d0a217f,d65ac7c08324f695c221b4ac18143deff39ac0c271dc8aa96bc98db95fd1cd85,True,xgboost,0.9,1,equal original group diagnostic; distinct from pooled,0.21506760680851186,0.8946199656808317,0.8356074094772339,1.9794669598717014,3.2908635037566922
pleia_energy,6,1,46,kWh per 10 minutes,60,smart_building_conformal/outputs/matched_forecasting005/pleia_energy_h6_f1_s46_v1,a94b3835135749e2f18b89fb6017d8d0b8b9d419cb0a1f9be11122d93d0a217f,d65ac7c08324f695c221b4ac18143deff39ac0c271dc8aa96bc98db95fd1cd85,True,xgboost,0.95,1,equal original group diagnostic; distinct from pooled,0.21506760680851186,0.9555869587160594,1.1924991607666016,2.9776674246251345,3.2908635037566922
pleia_energy,6,1,46,kWh per 10 minutes,60,smart_building_conformal/outputs/matched_forecasting005/pleia_energy_h6_f1_s46_v1,a94b3835135749e2f18b89fb6017d8d0b8b9d419cb0a1f9be11122d93d0a217f,d65ac7c08324f695c221b4ac18143deff39ac0c271dc8aa96bc98db95fd1cd85,True,attention_lstm,0.9,1,equal original group diagnostic; distinct from pooled,0.2274086916736677,0.8823054405975573,0.8869632482528687,2.163147029090243,3.2932565956937867
pleia_energy,6,1,46,kWh per 10 minutes,60,smart_building_conformal/outputs/matched_forecasting005/pleia_energy_h6_f1_s46_v1,a94b3835135749e2f18b89fb6017d8d0b8b9d419cb0a1f9be11122d93d0a217f,d65ac7c08324f695c221b4ac18143deff39ac0c271dc8aa96bc98db95fd1cd85,True,attention_lstm,0.95,1,equal original group diagnostic; distinct from pooled,0.2274086916736677,0.9525587968103362,1.3540684580802917,3.1973761476721454,3.2932565956937867
pleia_energy,1,0,46,kWh per 10 minutes,10,smart_building_conformal/outputs/matched_forecasting005/pleia_energy_h1_f0_s46_v1,a94b3835135749e2f18b89fb6017d8d0b8b9d419cb0a1f9be11122d93d0a217f,8ee91528127149f57a3d881cb696c3cb00739a08646ec128bcd6d9d17be0bb65,True,persistence,0.9,1,equal original group diagnostic; distinct from pooled,0.14425096503178927,0.9570087798970632,1.015625,2.194871770612574,3.4973458927613192
pleia_energy,1,0,46,kWh per 10 minutes,10,smart_building_conformal/outputs/matched_forecasting005/pleia_energy_h1_f0_s46_v1,a94b3835135749e2f18b89fb6017d8d0b8b9d419cb0a1f9be11122d93d0a217f,8ee91528127149f57a3d881cb696c3cb00739a08646ec128bcd6d9d17be0bb65,True,persistence,0.95,1,equal original group diagnostic; distinct from pooled,0.14425096503178927,0.9754768392370572,1.234375,3.452844320819455,3.4973458927613192
pleia_energy,1,0,46,kWh per 10 minutes,10,smart_building_conformal/outputs/matched_forecasting005/pleia_energy_h1_f0_s46_v1,a94b3835135749e2f18b89fb6017d8d0b8b9d419cb0a1f9be11122d93d0a217f,8ee91528127149f57a3d881cb696c3cb00739a08646ec128bcd6d9d17be0bb65,True,xgboost,0.9,1,equal original group diagnostic; distinct from pooled,0.09996193661576763,0.9581188818246039,0.708155632019043,1.3856065864128209,2.4747789211352167
pleia_energy,1,0,46,kWh per 10 minutes,10,smart_building_conformal/outputs/matched_forecasting005/pleia_energy_h1_f0_s46_v1,a94b3835135749e2f18b89fb6017d8d0b8b9d419cb0a1f9be11122d93d0a217f,8ee91528127149f57a3d881cb696c3cb00739a08646ec128bcd6d9d17be0bb65,True,xgboost,0.95,1,equal original group diagnostic; distinct from pooled,0.09996193661576763,0.9792108184478757,0.9386987686157227,2.155390744668128,2.4747789211352167
pleia_energy,1,0,46,kWh per 10 minutes,10,smart_building_conformal/outputs/matched_forecasting005/pleia_energy_h1_f0_s46_v1,a94b3835135749e2f18b89fb6017d8d0b8b9d419cb0a1f9be11122d93d0a217f,8ee91528127149f57a3d881cb696c3cb00739a08646ec128bcd6d9d17be0bb65,True,attention_lstm,0.9,1,equal original group diagnostic; distinct from pooled,0.10695788859178157,0.9599354122514886,0.7376009821891785,1.4034374576546564,2.475671844853898
pleia_energy,1,0,46,kWh per 10 minutes,10,smart_building_conformal/outputs/matched_forecasting005/pleia_energy_h1_f0_s46_v1,a94b3835135749e2f18b89fb6017d8d0b8b9d419cb0a1f9be11122d93d0a217f,8ee91528127149f57a3d881cb696c3cb00739a08646ec128bcd6d9d17be0bb65,True,attention_lstm,0.95,1,equal original group diagnostic; distinct from pooled,0.10695788859178157,0.9793117368049248,0.9626938104629517,2.165823784482287,2.475671844853898
pleia_energy,3,0,46,kWh per 10 minutes,30,smart_building_conformal/outputs/matched_forecasting005/pleia_energy_h3_f0_s46_v1,a94b3835135749e2f18b89fb6017d8d0b8b9d419cb0a1f9be11122d93d0a217f,387f6578fde438aa38920408ef4477b06f8b22821c99d213e7f3a9c1367ff215,True,persistence,0.9,1,equal original group diagnostic; distinct from pooled,0.13262406650519729,0.9672015339590272,1.015625,2.1913711651024324,3.491696175451933
pleia_energy,3,0,46,kWh per 10 minutes,30,smart_building_conformal/outputs/matched_forecasting005/pleia_energy_h3_f0_s46_v1,a94b3835135749e2f18b89fb6017d8d0b8b9d419cb0a1f9be11122d93d0a217f,387f6578fde438aa38920408ef4477b06f8b22821c99d213e7f3a9c1367ff215,True,persistence,0.95,1,equal original group diagnostic; distinct from pooled,0.13262406650519729,0.980825512160662,1.25,3.4831340195781593,3.491696175451933
pleia_energy,3,0,46,kWh per 10 minutes,30,smart_building_conformal/outputs/matched_forecasting005/pleia_energy_h3_f0_s46_v1,a94b3835135749e2f18b89fb6017d8d0b8b9d419cb0a1f9be11122d93d0a217f,387f6578fde438aa38920408ef4477b06f8b22821c99d213e7f3a9c1367ff215,True,xgboost,0.9,1,equal original group diagnostic; distinct from pooled,0.10760659450406275,0.956806943182965,0.7874652147293091,1.4736247200190642,2.4757874018073833
pleia_energy,3,0,46,kWh per 10 minutes,30,smart_building_conformal/outputs/matched_forecasting005/pleia_energy_h3_f0_s46_v1,a94b3835135749e2f18b89fb6017d8d0b8b9d419cb0a1f9be11122d93d0a217f,387f6578fde438aa38920408ef4477b06f8b22821c99d213e7f3a9c1367ff215,True,xgboost,0.95,1,equal original group diagnostic; distinct from pooled,0.10760659450406275,0.9771924513068927,1.0148963928222656,2.2368214604098826,2.4757874018073833
pleia_energy,3,0,46,kWh per 10 minutes,30,smart_building_conformal/outputs/matched_forecasting005/pleia_energy_h3_f0_s46_v1,a94b3835135749e2f18b89fb6017d8d0b8b9d419cb0a1f9be11122d93d0a217f,387f6578fde438aa38920408ef4477b06f8b22821c99d213e7f3a9c1367ff215,True,attention_lstm,0.9,1,equal original group diagnostic; distinct from pooled,0.10898400585542402,0.9632657180341104,0.7842605113983154,1.4497334439755207,2.4762272996031083
pleia_energy,3,0,46,kWh per 10 minutes,30,smart_building_conformal/outputs/matched_forecasting005/pleia_energy_h3_f0_s46_v1,a94b3835135749e2f18b89fb6017d8d0b8b9d419cb0a1f9be11122d93d0a217f,387f6578fde438aa38920408ef4477b06f8b22821c99d213e7f3a9c1367ff215,True,attention_lstm,0.95,1,equal original group diagnostic; distinct from pooled,0.10898400585542402,0.9809264305177112,1.0403273105621338,2.23934791931195,2.4762272996031083
pleia_energy,6,0,46,kWh per 10 minutes,60,smart_building_conformal/outputs/matched_forecasting005/pleia_energy_h6_f0_s46_v1,a94b3835135749e2f18b89fb6017d8d0b8b9d419cb0a1f9be11122d93d0a217f,90e1e38760c153a78db3e9dce2ebafed538278dbce33865d62c06f92cdaa1447,True,persistence,0.9,1,equal original group diagnostic; distinct from pooled,0.14409564537289332,0.9617519426783732,1.0625,2.2682536078312645,3.4910117759006383
pleia_energy,6,0,46,kWh per 10 minutes,60,smart_building_conformal/outputs/matched_forecasting005/pleia_energy_h6_f0_s46_v1,a94b3835135749e2f18b89fb6017d8d0b8b9d419cb0a1f9be11122d93d0a217f,90e1e38760c153a78db3e9dce2ebafed538278dbce33865d62c06f92cdaa1447,True,persistence,0.95,1,equal original group diagnostic; distinct from pooled,0.14409564537289332,0.9772933696639419,1.328125,3.5800866005651404,3.4910117759006383
pleia_energy,6,0,46,kWh per 10 minutes,60,smart_building_conformal/outputs/matched_forecasting005/pleia_energy_h6_f0_s46_v1,a94b3835135749e2f18b89fb6017d8d0b8b9d419cb0a1f9be11122d93d0a217f,90e1e38760c153a78db3e9dce2ebafed538278dbce33865d62c06f92cdaa1447,True,xgboost,0.9,1,equal original group diagnostic; distinct from pooled,0.11516379487855558,0.9520637804016551,0.8141043186187744,1.5114685780484256,2.4759266540690454
pleia_energy,6,0,46,kWh per 10 minutes,60,smart_building_conformal/outputs/matched_forecasting005/pleia_energy_h6_f0_s46_v1,a94b3835135749e2f18b89fb6017d8d0b8b9d419cb0a1f9be11122d93d0a217f,90e1e38760c153a78db3e9dce2ebafed538278dbce33865d62c06f92cdaa1447,True,xgboost,0.95,1,equal original group diagnostic; distinct from pooled,0.11516379487855558,0.975981431022303,1.0469707250595093,2.271790886216428,2.4759266540690454
pleia_energy,6,0,46,kWh per 10 minutes,60,smart_building_conformal/outputs/matched_forecasting005/pleia_energy_h6_f0_s46_v1,a94b3835135749e2f18b89fb6017d8d0b8b9d419cb0a1f9be11122d93d0a217f,90e1e38760c153a78db3e9dce2ebafed538278dbce33865d62c06f92cdaa1447,True,attention_lstm,0.9,1,equal original group diagnostic; distinct from pooled,0.11319268215363075,0.9629629629629629,0.8664920330047607,1.5283175304446335,2.4766194794918137
pleia_energy,6,0,46,kWh per 10 minutes,60,smart_building_conformal/outputs/matched_forecasting005/pleia_energy_h6_f0_s46_v1,a94b3835135749e2f18b89fb6017d8d0b8b9d419cb0a1f9be11122d93d0a217f,90e1e38760c153a78db3e9dce2ebafed538278dbce33865d62c06f92cdaa1447,True,attention_lstm,0.95,1,equal original group diagnostic; distinct from pooled,0.11319268215363075,0.9802200020183671,1.1253643035888672,2.3083289126260373,2.4766194794918137
rico,5,1,42,degrees C,5,smart_building_conformal/outputs/matched_forecasting005/rico_h5_f1_s42_v1,a94b3835135749e2f18b89fb6017d8d0b8b9d419cb0a1f9be11122d93d0a217f,cac92156db8910e89e83c530999b6a597b6c85ec98c14f7a800c658b2c089667,True,persistence,0.9,41,equal original group diagnostic; distinct from pooled,0.11341463414634145,0.8520478601012424,0.3999999999999986,0.8960883571099882,0.17473271943102328
rico,5,1,42,degrees C,5,smart_building_conformal/outputs/matched_forecasting005/rico_h5_f1_s42_v1,a94b3835135749e2f18b89fb6017d8d0b8b9d419cb0a1f9be11122d93d0a217f,cac92156db8910e89e83c530999b6a597b6c85ec98c14f7a800c658b2c089667,True,persistence,0.95,41,equal original group diagnostic; distinct from pooled,0.11341463414634145,0.9351127473538885,0.6000000000000014,1.0970087436723415,0.17473271943102328
rico,5,1,42,degrees C,5,smart_building_conformal/outputs/matched_forecasting005/rico_h5_f1_s42_v1,a94b3835135749e2f18b89fb6017d8d0b8b9d419cb0a1f9be11122d93d0a217f,cac92156db8910e89e83c530999b6a597b6c85ec98c14f7a800c658b2c089667,True,xgboost,0.9,41,equal original group diagnostic; distinct from pooled,0.17275715078344225,0.8575701794753798,0.6297950744628906,1.297007126683087,0.26751626269934026
rico,5,1,42,degrees C,5,smart_building_conformal/outputs/matched_forecasting005/rico_h5_f1_s42_v1,a94b3835135749e2f18b89fb6017d8d0b8b9d419cb0a1f9be11122d93d0a217f,cac92156db8910e89e83c530999b6a597b6c85ec98c14f7a800c658b2c089667,True,xgboost,0.95,41,equal original group diagnostic; distinct from pooled,0.17275715078344225,0.9139438564196962,0.7995803833007784,1.7498890386547201,0.26751626269934026
rico,5,1,42,degrees C,5,smart_building_conformal/outputs/matched_forecasting005/rico_h5_f1_s42_v1,a94b3835135749e2f18b89fb6017d8d0b8b9d419cb0a1f9be11122d93d0a217f,cac92156db8910e89e83c530999b6a597b6c85ec98c14f7a800c658b2c089667,True,attention_lstm,0.9,41,equal original group diagnostic; distinct from pooled,0.8934564462083305,0.9501840773124712,4.292807006835936,4.538055696939468,1.0859404707462395
rico,5,1,42,degrees C,5,smart_building_conformal/outputs/matched_forecasting005/rico_h5_f1_s42_v1,a94b3835135749e2f18b89fb6017d8d0b8b9d419cb0a1f9be11122d93d0a217f,cac92156db8910e89e83c530999b6a597b6c85ec98c14f7a800c658b2c089667,True,attention_lstm,0.95,41,equal original group diagnostic; distinct from pooled,0.8934564462083305,0.9796364473078693,4.8427604675292955,4.94083936597365,1.0859404707462395
rico,15,1,42,degrees C,15,smart_building_conformal/outputs/matched_forecasting005/rico_h15_f1_s42_v1,a94b3835135749e2f18b89fb6017d8d0b8b9d419cb0a1f9be11122d93d0a217f,ed3c67ad2e6adbe1a6cbc2af3381b7c8ea11ef24a4e2aef349a4f7112a58705e,True,persistence,0.9,41,equal original group diagnostic; distinct from pooled,0.32653948321661436,0.8235933349432505,1.0,2.636319729533929,0.4836895350204883
rico,15,1,42,degrees C,15,smart_building_conformal/outputs/matched_forecasting005/rico_h15_f1_s42_v1,a94b3835135749e2f18b89fb6017d8d0b8b9d419cb0a1f9be11122d93d0a217f,ed3c67ad2e6adbe1a6cbc2af3381b7c8ea11ef24a4e2aef349a4f7112a58705e,True,persistence,0.95,41,equal original group diagnostic; distinct from pooled,0.32653948321661436,0.8930210094180149,1.5999999999999943,3.163390485390008,0.4836895350204883
rico,15,1,42,degrees C,15,smart_building_conformal/outputs/matched_forecasting005/rico_h15_f1_s42_v1,a94b3835135749e2f18b89fb6017d8d0b8b9d419cb0a1f9be11122d93d0a217f,ed3c67ad2e6adbe1a6cbc2af3381b7c8ea11ef24a4e2aef349a4f7112a58705e,True,xgboost,0.9,41,equal original group diagnostic; distinct from pooled,0.4285107534307697,0.8645254769379377,1.8099403381347656,2.6500492855938873,0.5800530787360387
rico,15,1,42,degrees C,15,smart_building_conformal/outputs/matched_forecasting005/rico_h15_f1_s42_v1,a94b3835135749e2f18b89fb6017d8d0b8b9d419cb0a1f9be11122d93d0a217f,ed3c67ad2e6adbe1a6cbc2af3381b7c8ea11ef24a4e2aef349a4f7112a58705e,True,xgboost,0.95,41,equal original group diagnostic; distinct from pooled,0.4285107534307697,0.8932624969814054,2.040454864501953,3.1602019370105974,0.5800530787360387
rico,15,1,42,degrees C,15,smart_building_conformal/outputs/matched_forecasting005/rico_h15_f1_s42_v1,a94b3835135749e2f18b89fb6017d8d0b8b9d419cb0a1f9be11122d93d0a217f,ed3c67ad2e6adbe1a6cbc2af3381b7c8ea11ef24a4e2aef349a4f7112a58705e,True,attention_lstm,0.9,41,equal original group diagnostic; distinct from pooled,0.9794132351501067,0.9302100941801495,4.1220085144043,4.735104270258897,1.1962740751584358
rico,15,1,42,degrees C,15,smart_building_conformal/outputs/matched_forecasting005/rico_h15_f1_s42_v1,a94b3835135749e2f18b89fb6017d8d0b8b9d419cb0a1f9be11122d93d0a217f,ed3c67ad2e6adbe1a6cbc2af3381b7c8ea11ef24a4e2aef349a4f7112a58705e,True,attention_lstm,0.95,41,equal original group diagnostic; distinct from pooled,0.9794132351501067,0.9641390968365129,4.762339019775389,5.349357703180597,1.1962740751584358
rico,30,1,42,degrees C,30,smart_building_conformal/outputs/matched_forecasting005/rico_h30_f1_s42_v1,a94b3835135749e2f18b89fb6017d8d0b8b9d419cb0a1f9be11122d93d0a217f,5c3d3d8d79736ad0df2ee5929d1975d8474fd7152d7cdeb6a7495cd5966cef9c,True,persistence,0.9,41,equal original group diagnostic; distinct from pooled,0.6189122212077736,0.8014868918742662,1.8000000000000047,4.878387896178424,0.8909132167183795
rico,30,1,42,degrees C,30,smart_building_conformal/outputs/matched_forecasting005/rico_h30_f1_s42_v1,a94b3835135749e2f18b89fb6017d8d0b8b9d419cb0a1f9be11122d93d0a217f,5c3d3d8d79736ad0df2ee5929d1975d8474fd7152d7cdeb6a7495cd5966cef9c,True,persistence,0.95,41,equal original group diagnostic; distinct from pooled,0.6189122212077736,0.8923959827833572,2.799999999999997,5.868214425459764,0.8909132167183795
rico,30,1,42,degrees C,30,smart_building_conformal/outputs/matched_forecasting005/rico_h30_f1_s42_v1,a94b3835135749e2f18b89fb6017d8d0b8b9d419cb0a1f9be11122d93d0a217f,5c3d3d8d79736ad0df2ee5929d1975d8474fd7152d7cdeb6a7495cd5966cef9c,True,xgboost,0.9,41,equal original group diagnostic; distinct from pooled,0.735687964416878,0.8711360375635843,3.2727600097656264,4.199312327155951,0.9748465669627604
rico,30,1,42,degrees C,30,smart_building_conformal/outputs/matched_forecasting005/rico_h30_f1_s42_v1,a94b3835135749e2f18b89fb6017d8d0b8b9d419cb0a1f9be11122d93d0a217f,5c3d3d8d79736ad0df2ee5929d1975d8474fd7152d7cdeb6a7495cd5966cef9c,True,xgboost,0.95,41,equal original group diagnostic; distinct from pooled,0.735687964416878,0.9269596974044607,3.7706481933593774,4.596681157056517,0.9748465669627604
rico,30,1,42,degrees C,30,smart_building_conformal/outputs/matched_forecasting005/rico_h30_f1_s42_v1,a94b3835135749e2f18b89fb6017d8d0b8b9d419cb0a1f9be11122d93d0a217f,5c3d3d8d79736ad0df2ee5929d1975d8474fd7152d7cdeb6a7495cd5966cef9c,True,attention_lstm,0.9,41,equal original group diagnostic; distinct from pooled,1.0991584087235995,0.8638320073040303,4.137657165527344,5.316597512263712,1.3477295548760788
rico,30,1,42,degrees C,30,smart_building_conformal/outputs/matched_forecasting005/rico_h30_f1_s42_v1,a94b3835135749e2f18b89fb6017d8d0b8b9d419cb0a1f9be11122d93d0a217f,5c3d3d8d79736ad0df2ee5929d1975d8474fd7152d7cdeb6a7495cd5966cef9c,True,attention_lstm,0.95,41,equal original group diagnostic; distinct from pooled,1.0991584087235995,0.9316551454284597,4.643418884277345,5.92645982269888,1.3477295548760788
rico,60,1,42,degrees C,60,smart_building_conformal/outputs/matched_forecasting005/rico_h60_f1_s42_v1,a94b3835135749e2f18b89fb6017d8d0b8b9d419cb0a1f9be11122d93d0a217f,34d425451e5135d492a17e115b44c401310e46fac877c8dc0518c8fb9c6c1491,True,persistence,0.9,41,equal original group diagnostic; distinct from pooled,1.1399254311014448,0.7825073792139194,3.2000000000000024,8.36948889234115,1.5599375990833806
rico,60,1,42,degrees C,60,smart_building_conformal/outputs/matched_forecasting005/rico_h60_f1_s42_v1,a94b3835135749e2f18b89fb6017d8d0b8b9d419cb0a1f9be11122d93d0a217f,34d425451e5135d492a17e115b44c401310e46fac877c8dc0518c8fb9c6c1491,True,persistence,0.95,41,equal original group diagnostic; distinct from pooled,1.1399254311014448,0.8842628553674072,4.799999999999998,9.847071617212988,1.5599375990833806
rico,60,1,42,degrees C,60,smart_building_conformal/outputs/matched_forecasting005/rico_h60_f1_s42_v1,a94b3835135749e2f18b89fb6017d8d0b8b9d419cb0a1f9be11122d93d0a217f,34d425451e5135d492a17e115b44c401310e46fac877c8dc0518c8fb9c6c1491,True,xgboost,0.9,41,equal original group diagnostic; distinct from pooled,0.7844061397406115,0.9154885816374085,3.6829467773437514,4.675974895695973,1.0432297225154823
rico,60,1,42,degrees C,60,smart_building_conformal/outputs/matched_forecasting005/rico_h60_f1_s42_v1,a94b3835135749e2f18b89fb6017d8d0b8b9d419cb0a1f9be11122d93d0a217f,34d425451e5135d492a17e115b44c401310e46fac877c8dc0518c8fb9c6c1491,True,xgboost,0.95,41,equal original group diagnostic; distinct from pooled,0.7844061397406115,0.9422091036196986,4.199889373779299,5.445956214073928,1.0432297225154823
rico,60,1,42,degrees C,60,smart_building_conformal/outputs/matched_forecasting005/rico_h60_f1_s42_v1,a94b3835135749e2f18b89fb6017d8d0b8b9d419cb0a1f9be11122d93d0a217f,34d425451e5135d492a17e115b44c401310e46fac877c8dc0518c8fb9c6c1491,True,attention_lstm,0.9,41,equal original group diagnostic; distinct from pooled,1.404062415628639,0.8535031847133757,5.068256378173828,7.94199498099386,1.8010183063369436
rico,60,1,42,degrees C,60,smart_building_conformal/outputs/matched_forecasting005/rico_h60_f1_s42_v1,a94b3835135749e2f18b89fb6017d8d0b8b9d419cb0a1f9be11122d93d0a217f,34d425451e5135d492a17e115b44c401310e46fac877c8dc0518c8fb9c6c1491,True,attention_lstm,0.95,41,equal original group diagnostic; distinct from pooled,1.404062415628639,0.8760292061519342,5.48407669067383,10.083429510837492,1.8010183063369436
rico,5,0,42,degrees C,5,smart_building_conformal/outputs/matched_forecasting005/rico_h5_f0_s42_v1,a94b3835135749e2f18b89fb6017d8d0b8b9d419cb0a1f9be11122d93d0a217f,3f801ca1ae6e6bae5d5867d1603ec24dd3199541578c72841a5acb5c0996d654,True,persistence,0.9,43,equal original group diagnostic; distinct from pooled,0.10910487055726197,0.9347301448003511,0.6000000000000014,0.9780166739798162,0.19097679676376933
rico,5,0,42,degrees C,5,smart_building_conformal/outputs/matched_forecasting005/rico_h5_f0_s42_v1,a94b3835135749e2f18b89fb6017d8d0b8b9d419cb0a1f9be11122d93d0a217f,3f801ca1ae6e6bae5d5867d1603ec24dd3199541578c72841a5acb5c0996d654,True,persistence,0.95,43,equal original group diagnostic; distinct from pooled,0.10910487055726197,0.9477841158402809,0.7999999999999972,1.2967090829311105,0.19097679676376933
rico,5,0,42,degrees C,5,smart_building_conformal/outputs/matched_forecasting005/rico_h5_f0_s42_v1,a94b3835135749e2f18b89fb6017d8d0b8b9d419cb0a1f9be11122d93d0a217f,3f801ca1ae6e6bae5d5867d1603ec24dd3199541578c72841a5acb5c0996d654,True,xgboost,0.9,43,equal original group diagnostic; distinct from pooled,0.08978416035707809,0.87011847301448,0.3387325286865208,0.5400254533708284,0.11929726637515144
rico,5,0,42,degrees C,5,smart_building_conformal/outputs/matched_forecasting005/rico_h5_f0_s42_v1,a94b3835135749e2f18b89fb6017d8d0b8b9d419cb0a1f9be11122d93d0a217f,3f801ca1ae6e6bae5d5867d1603ec24dd3199541578c72841a5acb5c0996d654,True,xgboost,0.95,43,equal original group diagnostic; distinct from pooled,0.08978416035707809,0.9325362000877577,0.4319412231445341,0.6553245696753657,0.11929726637515144
rico,5,0,42,degrees C,5,smart_building_conformal/outputs/matched_forecasting005/rico_h5_f0_s42_v1,a94b3835135749e2f18b89fb6017d8d0b8b9d419cb0a1f9be11122d93d0a217f,3f801ca1ae6e6bae5d5867d1603ec24dd3199541578c72841a5acb5c0996d654,True,attention_lstm,0.9,43,equal original group diagnostic; distinct from pooled,0.38610004755215144,0.9336331724440544,1.9663482666015628,2.4450424810311624,0.514083571619857
rico,5,0,42,degrees C,5,smart_building_conformal/outputs/matched_forecasting005/rico_h5_f0_s42_v1,a94b3835135749e2f18b89fb6017d8d0b8b9d419cb0a1f9be11122d93d0a217f,3f801ca1ae6e6bae5d5867d1603ec24dd3199541578c72841a5acb5c0996d654,True,attention_lstm,0.95,43,equal original group diagnostic; distinct from pooled,0.38610004755215144,0.9531592803861342,2.3095214843749976,2.8856765489297875,0.514083571619857
rico,15,0,42,degrees C,15,smart_building_conformal/outputs/matched_forecasting005/rico_h15_f0_s42_v1,a94b3835135749e2f18b89fb6017d8d0b8b9d419cb0a1f9be11122d93d0a217f,35d7e7979e0029b011d3a644df29a6f5dfcb2060f66e6efbcf4e730e5b8e0152,True,persistence,0.9,43,equal original group diagnostic; distinct from pooled,0.310108220124338,0.9186046511627907,1.600000000000001,2.7213446926087954,0.5257189194087168
rico,15,0,42,degrees C,15,smart_building_conformal/outputs/matched_forecasting005/rico_h15_f0_s42_v1,a94b3835135749e2f18b89fb6017d8d0b8b9d419cb0a1f9be11122d93d0a217f,35d7e7979e0029b011d3a644df29a6f5dfcb2060f66e6efbcf4e730e5b8e0152,True,persistence,0.95,43,equal original group diagnostic; distinct from pooled,0.310108220124338,0.9485378770435183,2.200000000000003,3.6114667280681534,0.5257189194087168
rico,15,0,42,degrees C,15,smart_building_conformal/outputs/matched_forecasting005/rico_h15_f0_s42_v1,a94b3835135749e2f18b89fb6017d8d0b8b9d419cb0a1f9be11122d93d0a217f,35d7e7979e0029b011d3a644df29a6f5dfcb2060f66e6efbcf4e730e5b8e0152,True,xgboost,0.9,43,equal original group diagnostic; distinct from pooled,0.2174735981446928,0.8766981349297721,0.856987762451169,1.4043149125540342,0.30161030371087083
rico,15,0,42,degrees C,15,smart_building_conformal/outputs/matched_forecasting005/rico_h15_f0_s42_v1,a94b3835135749e2f18b89fb6017d8d0b8b9d419cb0a1f9be11122d93d0a217f,35d7e7979e0029b011d3a644df29a6f5dfcb2060f66e6efbcf4e730e5b8e0152,True,xgboost,0.95,43,equal original group diagnostic; distinct from pooled,0.2174735981446928,0.9271241077596132,1.0721923828125028,1.7587947563506898,0.30161030371087083
rico,15,0,42,degrees C,15,smart_building_conformal/outputs/matched_forecasting005/rico_h15_f0_s42_v1,a94b3835135749e2f18b89fb6017d8d0b8b9d419cb0a1f9be11122d93d0a217f,35d7e7979e0029b011d3a644df29a6f5dfcb2060f66e6efbcf4e730e5b8e0152,True,attention_lstm,0.9,43,equal original group diagnostic; distinct from pooled,0.4377178195652094,0.9453142988717476,2.453119659423827,2.714271089368061,0.5776303774939608
rico,15,0,42,degrees C,15,smart_building_conformal/outputs/matched_forecasting005/rico_h15_f0_s42_v1,a94b3835135749e2f18b89fb6017d8d0b8b9d419cb0a1f9be11122d93d0a217f,35d7e7979e0029b011d3a644df29a6f5dfcb2060f66e6efbcf4e730e5b8e0152,True,attention_lstm,0.95,43,equal original group diagnostic; distinct from pooled,0.4377178195652094,0.9716785632051577,2.8117164611816396,3.050706176792947,0.5776303774939608
rico,30,0,42,degrees C,30,smart_building_conformal/outputs/matched_forecasting005/rico_h30_f0_s42_v1,a94b3835135749e2f18b89fb6017d8d0b8b9d419cb0a1f9be11122d93d0a217f,5ba13322b01145d05b2c5f2b05c5619bcfe383aea85e60905e78991ecdf1b774,True,persistence,0.9,43,equal original group diagnostic; distinct from pooled,0.5826762840442731,0.9165526675786596,3.0,4.920905360029848,0.9574682395113303
rico,30,0,42,degrees C,30,smart_building_conformal/outputs/matched_forecasting005/rico_h30_f0_s42_v1,a94b3835135749e2f18b89fb6017d8d0b8b9d419cb0a1f9be11122d93d0a217f,5ba13322b01145d05b2c5f2b05c5619bcfe383aea85e60905e78991ecdf1b774,True,persistence,0.95,43,equal original group diagnostic; distinct from pooled,0.5826762840442731,0.9461509762467354,4.0,6.44447208058699,0.9574682395113303
rico,30,0,42,degrees C,30,smart_building_conformal/outputs/matched_forecasting005/rico_h30_f0_s42_v1,a94b3835135749e2f18b89fb6017d8d0b8b9d419cb0a1f9be11122d93d0a217f,5ba13322b01145d05b2c5f2b05c5619bcfe383aea85e60905e78991ecdf1b774,True,xgboost,0.9,43,equal original group diagnostic; distinct from pooled,0.40094959205425335,0.8649421713717201,1.5031795501708984,2.772786841257904,0.5701429471647874
rico,30,0,42,degrees C,30,smart_building_conformal/outputs/matched_forecasting005/rico_h30_f0_s42_v1,a94b3835135749e2f18b89fb6017d8d0b8b9d419cb0a1f9be11122d93d0a217f,5ba13322b01145d05b2c5f2b05c5619bcfe383aea85e60905e78991ecdf1b774,True,xgboost,0.95,43,equal original group diagnostic; distinct from pooled,0.40094959205425335,0.9163039422957344,2.046608734130857,3.47094987590075,0.5701429471647874
rico,30,0,42,degrees C,30,smart_building_conformal/outputs/matched_forecasting005/rico_h30_f0_s42_v1,a94b3835135749e2f18b89fb6017d8d0b8b9d419cb0a1f9be11122d93d0a217f,5ba13322b01145d05b2c5f2b05c5619bcfe383aea85e60905e78991ecdf1b774,True,attention_lstm,0.9,43,equal original group diagnostic; distinct from pooled,0.6149909239475916,0.9138166894664843,2.9292083740234385,3.8222638907620547,0.8193988018113296
rico,30,0,42,degrees C,30,smart_building_conformal/outputs/matched_forecasting005/rico_h30_f0_s42_v1,a94b3835135749e2f18b89fb6017d8d0b8b9d419cb0a1f9be11122d93d0a217f,5ba13322b01145d05b2c5f2b05c5619bcfe383aea85e60905e78991ecdf1b774,True,attention_lstm,0.95,43,equal original group diagnostic; distinct from pooled,0.6149909239475916,0.9442855366247979,3.480359649658204,4.504485066573634,0.8193988018113296
rico,60,0,42,degrees C,60,smart_building_conformal/outputs/matched_forecasting005/rico_h60_f0_s42_v1,a94b3835135749e2f18b89fb6017d8d0b8b9d419cb0a1f9be11122d93d0a217f,bf2e8cdb70aac376e7897ea8a3d31c01c5e326f268cf59ea5c736aa306992b81,True,persistence,0.9,43,equal original group diagnostic; distinct from pooled,1.0726114649681526,0.908606132424826,5.199999999999995,8.281913790549547,1.647899872273392
rico,60,0,42,degrees C,60,smart_building_conformal/outputs/matched_forecasting005/rico_h60_f0_s42_v1,a94b3835135749e2f18b89fb6017d8d0b8b9d419cb0a1f9be11122d93d0a217f,bf2e8cdb70aac376e7897ea8a3d31c01c5e326f268cf59ea5c736aa306992b81,True,persistence,0.95,43,equal original group diagnostic; distinct from pooled,1.0726114649681526,0.9425270330321432,6.799999999999997,10.610398459487481,1.647899872273392
rico,60,0,42,degrees C,60,smart_building_conformal/outputs/matched_forecasting005/rico_h60_f0_s42_v1,a94b3835135749e2f18b89fb6017d8d0b8b9d419cb0a1f9be11122d93d0a217f,bf2e8cdb70aac376e7897ea8a3d31c01c5e326f268cf59ea5c736aa306992b81,True,xgboost,0.9,43,equal original group diagnostic; distinct from pooled,0.7181983899724093,0.8272848466893794,2.6655845642089844,5.278198083406588,1.032288364026656
rico,60,0,42,degrees C,60,smart_building_conformal/outputs/matched_forecasting005/rico_h60_f0_s42_v1,a94b3835135749e2f18b89fb6017d8d0b8b9d419cb0a1f9be11122d93d0a217f,bf2e8cdb70aac376e7897ea8a3d31c01c5e326f268cf59ea5c736aa306992b81,True,xgboost,0.95,43,equal original group diagnostic; distinct from pooled,0.7181983899724093,0.8702414457117464,3.2622634887695323,6.693859928601787,1.032288364026656
rico,60,0,42,degrees C,60,smart_building_conformal/outputs/matched_forecasting005/rico_h60_f0_s42_v1,a94b3835135749e2f18b89fb6017d8d0b8b9d419cb0a1f9be11122d93d0a217f,bf2e8cdb70aac376e7897ea8a3d31c01c5e326f268cf59ea5c736aa306992b81,True,attention_lstm,0.9,43,equal original group diagnostic; distinct from pooled,0.9089567839348865,0.8483187675899869,3.4044357299804697,4.899331859418542,1.1386553296346404
rico,60,0,42,degrees C,60,smart_building_conformal/outputs/matched_forecasting005/rico_h60_f0_s42_v1,a94b3835135749e2f18b89fb6017d8d0b8b9d419cb0a1f9be11122d93d0a217f,bf2e8cdb70aac376e7897ea8a3d31c01c5e326f268cf59ea5c736aa306992b81,True,attention_lstm,0.95,43,equal original group diagnostic; distinct from pooled,0.9089567839348865,0.9183824618575027,4.2077575683593755,5.31031718761934,1.1386553296346404
rico,5,1,43,degrees C,5,smart_building_conformal/outputs/matched_forecasting005/rico_h5_f1_s43_v1,a94b3835135749e2f18b89fb6017d8d0b8b9d419cb0a1f9be11122d93d0a217f,9ed966086f249e7122ffba92921ba5ed2f8c993d1d59d1175560a89a297eb56f,True,persistence,0.9,41,equal original group diagnostic; distinct from pooled,0.11341463414634145,0.8520478601012424,0.3999999999999986,0.8960883571099882,0.17473271943102328
rico,5,1,43,degrees C,5,smart_building_conformal/outputs/matched_forecasting005/rico_h5_f1_s43_v1,a94b3835135749e2f18b89fb6017d8d0b8b9d419cb0a1f9be11122d93d0a217f,9ed966086f249e7122ffba92921ba5ed2f8c993d1d59d1175560a89a297eb56f,True,persistence,0.95,41,equal original group diagnostic; distinct from pooled,0.11341463414634145,0.9351127473538885,0.6000000000000014,1.0970087436723415,0.17473271943102328
rico,5,1,43,degrees C,5,smart_building_conformal/outputs/matched_forecasting005/rico_h5_f1_s43_v1,a94b3835135749e2f18b89fb6017d8d0b8b9d419cb0a1f9be11122d93d0a217f,9ed966086f249e7122ffba92921ba5ed2f8c993d1d59d1175560a89a297eb56f,True,xgboost,0.9,41,equal original group diagnostic; distinct from pooled,0.12750856693143173,0.8625172572480441,0.39382095336914347,1.1491123834953174,0.23584666812655444
rico,5,1,43,degrees C,5,smart_building_conformal/outputs/matched_forecasting005/rico_h5_f1_s43_v1,a94b3835135749e2f18b89fb6017d8d0b8b9d419cb0a1f9be11122d93d0a217f,9ed966086f249e7122ffba92921ba5ed2f8c993d1d59d1175560a89a297eb56f,True,xgboost,0.95,41,equal original group diagnostic; distinct from pooled,0.12750856693143173,0.9156695812241141,0.5122306823730443,1.767582326960133,0.23584666812655444
rico,5,1,43,degrees C,5,smart_building_conformal/outputs/matched_forecasting005/rico_h5_f1_s43_v1,a94b3835135749e2f18b89fb6017d8d0b8b9d419cb0a1f9be11122d93d0a217f,9ed966086f249e7122ffba92921ba5ed2f8c993d1d59d1175560a89a297eb56f,True,attention_lstm,0.9,41,equal original group diagnostic; distinct from pooled,0.8079653345381012,0.9157846295444086,3.1392669677734375,3.790073042798032,0.9705293240318601
rico,5,1,43,degrees C,5,smart_building_conformal/outputs/matched_forecasting005/rico_h5_f1_s43_v1,a94b3835135749e2f18b89fb6017d8d0b8b9d419cb0a1f9be11122d93d0a217f,9ed966086f249e7122ffba92921ba5ed2f8c993d1d59d1175560a89a297eb56f,True,attention_lstm,0.95,41,equal original group diagnostic; distinct from pooled,0.8079653345381012,0.9916014726184996,4.978664398193359,5.027480069690183,0.9705293240318601
rico,15,1,43,degrees C,15,smart_building_conformal/outputs/matched_forecasting005/rico_h15_f1_s43_v1,a94b3835135749e2f18b89fb6017d8d0b8b9d419cb0a1f9be11122d93d0a217f,ab4a46108f81da69a97ddc0ede566e35a48c3739c89bdb9bf52592a9a54d0423,True,persistence,0.9,41,equal original group diagnostic; distinct from pooled,0.32653948321661436,0.8235933349432505,1.0,2.636319729533929,0.4836895350204883
rico,15,1,43,degrees C,15,smart_building_conformal/outputs/matched_forecasting005/rico_h15_f1_s43_v1,a94b3835135749e2f18b89fb6017d8d0b8b9d419cb0a1f9be11122d93d0a217f,ab4a46108f81da69a97ddc0ede566e35a48c3739c89bdb9bf52592a9a54d0423,True,persistence,0.95,41,equal original group diagnostic; distinct from pooled,0.32653948321661436,0.8930210094180149,1.5999999999999943,3.163390485390008,0.4836895350204883
rico,15,1,43,degrees C,15,smart_building_conformal/outputs/matched_forecasting005/rico_h15_f1_s43_v1,a94b3835135749e2f18b89fb6017d8d0b8b9d419cb0a1f9be11122d93d0a217f,ab4a46108f81da69a97ddc0ede566e35a48c3739c89bdb9bf52592a9a54d0423,True,xgboost,0.9,41,equal original group diagnostic; distinct from pooled,0.43296900801945354,0.861144651050471,1.80745086669922,2.6931831927323677,0.5863833207573811
rico,15,1,43,degrees C,15,smart_building_conformal/outputs/matched_forecasting005/rico_h15_f1_s43_v1,a94b3835135749e2f18b89fb6017d8d0b8b9d419cb0a1f9be11122d93d0a217f,ab4a46108f81da69a97ddc0ede566e35a48c3739c89bdb9bf52592a9a54d0423,True,xgboost,0.95,41,equal original group diagnostic; distinct from pooled,0.43296900801945354,0.9078724945665297,2.1627799987792997,3.1155277306548146,0.5863833207573811
rico,15,1,43,degrees C,15,smart_building_conformal/outputs/matched_forecasting005/rico_h15_f1_s43_v1,a94b3835135749e2f18b89fb6017d8d0b8b9d419cb0a1f9be11122d93d0a217f,ab4a46108f81da69a97ddc0ede566e35a48c3739c89bdb9bf52592a9a54d0423,True,attention_lstm,0.9,41,equal original group diagnostic; distinct from pooled,0.9487731423247872,0.9175319971021493,3.836557006835939,4.462783299814357,1.1488322966970663
rico,15,1,43,degrees C,15,smart_building_conformal/outputs/matched_forecasting005/rico_h15_f1_s43_v1,a94b3835135749e2f18b89fb6017d8d0b8b9d419cb0a1f9be11122d93d0a217f,ab4a46108f81da69a97ddc0ede566e35a48c3739c89bdb9bf52592a9a54d0423,True,attention_lstm,0.95,41,equal original group diagnostic; distinct from pooled,0.9487731423247872,0.9751267809707801,4.916128540039061,5.23601812543687,1.1488322966970663
rico,30,1,43,degrees C,30,smart_building_conformal/outputs/matched_forecasting005/rico_h30_f1_s43_v1,a94b3835135749e2f18b89fb6017d8d0b8b9d419cb0a1f9be11122d93d0a217f,021b9b2fbef39475fd1ad6e13630cf2ec310d5c600e8eb82531cfb67c300a2c0,True,persistence,0.9,41,equal original group diagnostic; distinct from pooled,0.6189122212077736,0.8014868918742662,1.8000000000000047,4.878387896178424,0.8909132167183795
rico,30,1,43,degrees C,30,smart_building_conformal/outputs/matched_forecasting005/rico_h30_f1_s43_v1,a94b3835135749e2f18b89fb6017d8d0b8b9d419cb0a1f9be11122d93d0a217f,021b9b2fbef39475fd1ad6e13630cf2ec310d5c600e8eb82531cfb67c300a2c0,True,persistence,0.95,41,equal original group diagnostic; distinct from pooled,0.6189122212077736,0.8923959827833572,2.799999999999997,5.868214425459764,0.8909132167183795
rico,30,1,43,degrees C,30,smart_building_conformal/outputs/matched_forecasting005/rico_h30_f1_s43_v1,a94b3835135749e2f18b89fb6017d8d0b8b9d419cb0a1f9be11122d93d0a217f,021b9b2fbef39475fd1ad6e13630cf2ec310d5c600e8eb82531cfb67c300a2c0,True,xgboost,0.9,41,equal original group diagnostic; distinct from pooled,0.8192794048507849,0.8648754401982522,3.4499259948730483,4.686858411803618,1.0700935441325938
rico,30,1,43,degrees C,30,smart_building_conformal/outputs/matched_forecasting005/rico_h30_f1_s43_v1,a94b3835135749e2f18b89fb6017d8d0b8b9d419cb0a1f9be11122d93d0a217f,021b9b2fbef39475fd1ad6e13630cf2ec310d5c600e8eb82531cfb67c300a2c0,True,xgboost,0.95,41,equal original group diagnostic; distinct from pooled,0.8192794048507849,0.9272205556280162,4.192115783691406,5.025440279252995,1.0700935441325938
rico,30,1,43,degrees C,30,smart_building_conformal/outputs/matched_forecasting005/rico_h30_f1_s43_v1,a94b3835135749e2f18b89fb6017d8d0b8b9d419cb0a1f9be11122d93d0a217f,021b9b2fbef39475fd1ad6e13630cf2ec310d5c600e8eb82531cfb67c300a2c0,True,attention_lstm,0.9,41,equal original group diagnostic; distinct from pooled,1.2152624396436975,0.7982261640798226,4.037127685546878,6.673240272339868,1.530411305481792
rico,30,1,43,degrees C,30,smart_building_conformal/outputs/matched_forecasting005/rico_h30_f1_s43_v1,a94b3835135749e2f18b89fb6017d8d0b8b9d419cb0a1f9be11122d93d0a217f,021b9b2fbef39475fd1ad6e13630cf2ec310d5c600e8eb82531cfb67c300a2c0,True,attention_lstm,0.95,41,equal original group diagnostic; distinct from pooled,1.2152624396436975,0.9116994913264641,5.279957580566403,7.224565262630926,1.530411305481792
rico,60,1,43,degrees C,60,smart_building_conformal/outputs/matched_forecasting005/rico_h60_f1_s43_v1,a94b3835135749e2f18b89fb6017d8d0b8b9d419cb0a1f9be11122d93d0a217f,f608eea4dc5e72256c54e013a2db0fb9d5405cda0c6ccd1dcc8d38b362e790ff,True,persistence,0.9,41,equal original group diagnostic; distinct from pooled,1.1399254311014448,0.7825073792139194,3.2000000000000024,8.36948889234115,1.5599375990833806
rico,60,1,43,degrees C,60,smart_building_conformal/outputs/matched_forecasting005/rico_h60_f1_s43_v1,a94b3835135749e2f18b89fb6017d8d0b8b9d419cb0a1f9be11122d93d0a217f,f608eea4dc5e72256c54e013a2db0fb9d5405cda0c6ccd1dcc8d38b362e790ff,True,persistence,0.95,41,equal original group diagnostic; distinct from pooled,1.1399254311014448,0.8842628553674072,4.799999999999998,9.847071617212988,1.5599375990833806
rico,60,1,43,degrees C,60,smart_building_conformal/outputs/matched_forecasting005/rico_h60_f1_s43_v1,a94b3835135749e2f18b89fb6017d8d0b8b9d419cb0a1f9be11122d93d0a217f,f608eea4dc5e72256c54e013a2db0fb9d5405cda0c6ccd1dcc8d38b362e790ff,True,xgboost,0.9,41,equal original group diagnostic; distinct from pooled,0.8115584596447533,0.8977784682305422,3.386975097656248,5.014928514860756,1.0965833145912058
rico,60,1,43,degrees C,60,smart_building_conformal/outputs/matched_forecasting005/rico_h60_f1_s43_v1,a94b3835135749e2f18b89fb6017d8d0b8b9d419cb0a1f9be11122d93d0a217f,f608eea4dc5e72256c54e013a2db0fb9d5405cda0c6ccd1dcc8d38b362e790ff,True,xgboost,0.95,41,equal original group diagnostic; distinct from pooled,0.8115584596447533,0.9262078608047226,3.983551025390625,6.192295802793312,1.0965833145912058
rico,60,1,43,degrees C,60,smart_building_conformal/outputs/matched_forecasting005/rico_h60_f1_s43_v1,a94b3835135749e2f18b89fb6017d8d0b8b9d419cb0a1f9be11122d93d0a217f,f608eea4dc5e72256c54e013a2db0fb9d5405cda0c6ccd1dcc8d38b362e790ff,True,attention_lstm,0.9,41,equal original group diagnostic; distinct from pooled,1.4453114137861398,0.8269380146030761,4.831104278564453,8.372393685874686,1.870434648383105
rico,60,1,43,degrees C,60,smart_building_conformal/outputs/matched_forecasting005/rico_h60_f1_s43_v1,a94b3835135749e2f18b89fb6017d8d0b8b9d419cb0a1f9be11122d93d0a217f,f608eea4dc5e72256c54e013a2db0fb9d5405cda0c6ccd1dcc8d38b362e790ff,True,attention_lstm,0.95,41,equal original group diagnostic; distinct from pooled,1.4453114137861398,0.9078763399098959,6.040739440917967,10.085426529212748,1.870434648383105
rico,5,0,43,degrees C,5,smart_building_conformal/outputs/matched_forecasting005/rico_h5_f0_s43_v1,a94b3835135749e2f18b89fb6017d8d0b8b9d419cb0a1f9be11122d93d0a217f,ec20d7056803562a22b537d1a31f678fe8d0eff62f13d3c26848638427c5eb00,True,persistence,0.9,43,equal original group diagnostic; distinct from pooled,0.10910487055726197,0.9347301448003511,0.6000000000000014,0.9780166739798162,0.19097679676376933
rico,5,0,43,degrees C,5,smart_building_conformal/outputs/matched_forecasting005/rico_h5_f0_s43_v1,a94b3835135749e2f18b89fb6017d8d0b8b9d419cb0a1f9be11122d93d0a217f,ec20d7056803562a22b537d1a31f678fe8d0eff62f13d3c26848638427c5eb00,True,persistence,0.95,43,equal original group diagnostic; distinct from pooled,0.10910487055726197,0.9477841158402809,0.7999999999999972,1.2967090829311105,0.19097679676376933
rico,5,0,43,degrees C,5,smart_building_conformal/outputs/matched_forecasting005/rico_h5_f0_s43_v1,a94b3835135749e2f18b89fb6017d8d0b8b9d419cb0a1f9be11122d93d0a217f,ec20d7056803562a22b537d1a31f678fe8d0eff62f13d3c26848638427c5eb00,True,xgboost,0.9,43,equal original group diagnostic; distinct from pooled,0.09428283265412188,0.8570645019745502,0.3381553649902355,0.5818070354352874,0.12620575849481436
rico,5,0,43,degrees C,5,smart_building_conformal/outputs/matched_forecasting005/rico_h5_f0_s43_v1,a94b3835135749e2f18b89fb6017d8d0b8b9d419cb0a1f9be11122d93d0a217f,ec20d7056803562a22b537d1a31f678fe8d0eff62f13d3c26848638427c5eb00,True,xgboost,0.95,43,equal original group diagnostic; distinct from pooled,0.09428283265412188,0.9203598069328652,0.43604278564453125,0.7141639270924748,0.12620575849481436
rico,5,0,43,degrees C,5,smart_building_conformal/outputs/matched_forecasting005/rico_h5_f0_s43_v1,a94b3835135749e2f18b89fb6017d8d0b8b9d419cb0a1f9be11122d93d0a217f,ec20d7056803562a22b537d1a31f678fe8d0eff62f13d3c26848638427c5eb00,True,attention_lstm,0.9,43,equal original group diagnostic; distinct from pooled,0.4521233401940861,0.9295743747257569,1.9589752197265622,2.348074440414208,0.565517338965498
rico,5,0,43,degrees C,5,smart_building_conformal/outputs/matched_forecasting005/rico_h5_f0_s43_v1,a94b3835135749e2f18b89fb6017d8d0b8b9d419cb0a1f9be11122d93d0a217f,ec20d7056803562a22b537d1a31f678fe8d0eff62f13d3c26848638427c5eb00,True,attention_lstm,0.95,43,equal original group diagnostic; distinct from pooled,0.4521233401940861,0.9682974989030275,2.52480773925781,2.7214297935281624,0.565517338965498
rico,15,0,43,degrees C,15,smart_building_conformal/outputs/matched_forecasting005/rico_h15_f0_s43_v1,a94b3835135749e2f18b89fb6017d8d0b8b9d419cb0a1f9be11122d93d0a217f,5e4c6f01b06012be787fa7b53f389e83a242274dc394ead5405992032a32460c,True,persistence,0.9,43,equal original group diagnostic; distinct from pooled,0.310108220124338,0.9186046511627907,1.600000000000001,2.7213446926087954,0.5257189194087168
rico,15,0,43,degrees C,15,smart_building_conformal/outputs/matched_forecasting005/rico_h15_f0_s43_v1,a94b3835135749e2f18b89fb6017d8d0b8b9d419cb0a1f9be11122d93d0a217f,5e4c6f01b06012be787fa7b53f389e83a242274dc394ead5405992032a32460c,True,persistence,0.95,43,equal original group diagnostic; distinct from pooled,0.310108220124338,0.9485378770435183,2.200000000000003,3.6114667280681534,0.5257189194087168
rico,15,0,43,degrees C,15,smart_building_conformal/outputs/matched_forecasting005/rico_h15_f0_s43_v1,a94b3835135749e2f18b89fb6017d8d0b8b9d419cb0a1f9be11122d93d0a217f,5e4c6f01b06012be787fa7b53f389e83a242274dc394ead5405992032a32460c,True,xgboost,0.9,43,equal original group diagnostic; distinct from pooled,0.20195406009710082,0.8593138383605804,0.756781768798831,1.468329911096946,0.2945627155383757
rico,15,0,43,degrees C,15,smart_building_conformal/outputs/matched_forecasting005/rico_h15_f0_s43_v1,a94b3835135749e2f18b89fb6017d8d0b8b9d419cb0a1f9be11122d93d0a217f,5e4c6f01b06012be787fa7b53f389e83a242274dc394ead5405992032a32460c,True,xgboost,0.95,43,equal original group diagnostic; distinct from pooled,0.20195406009710082,0.9029472714713332,0.9376541137695323,1.939282008379033,0.2945627155383757
rico,15,0,43,degrees C,15,smart_building_conformal/outputs/matched_forecasting005/rico_h15_f0_s43_v1,a94b3835135749e2f18b89fb6017d8d0b8b9d419cb0a1f9be11122d93d0a217f,5e4c6f01b06012be787fa7b53f389e83a242274dc394ead5405992032a32460c,True,attention_lstm,0.9,43,equal original group diagnostic; distinct from pooled,0.5233464450295994,0.919871056873129,2.456691360473634,2.904427587187237,0.6790916531916895
rico,15,0,43,degrees C,15,smart_building_conformal/outputs/matched_forecasting005/rico_h15_f0_s43_v1,a94b3835135749e2f18b89fb6017d8d0b8b9d419cb0a1f9be11122d93d0a217f,5e4c6f01b06012be787fa7b53f389e83a242274dc394ead5405992032a32460c,True,attention_lstm,0.95,43,equal original group diagnostic; distinct from pooled,0.5233464450295994,0.9707575408703661,3.1327011108398457,3.392540494851629,0.6790916531916895
rico,30,0,43,degrees C,30,smart_building_conformal/outputs/matched_forecasting005/rico_h30_f0_s43_v1,a94b3835135749e2f18b89fb6017d8d0b8b9d419cb0a1f9be11122d93d0a217f,8c6793b1bbccd40a36062d6b912ccf43bdbfde27616522befa8b716b46bc1625,True,persistence,0.9,43,equal original group diagnostic; distinct from pooled,0.5826762840442731,0.9165526675786596,3.0,4.920905360029848,0.9574682395113303
rico,30,0,43,degrees C,30,smart_building_conformal/outputs/matched_forecasting005/rico_h30_f0_s43_v1,a94b3835135749e2f18b89fb6017d8d0b8b9d419cb0a1f9be11122d93d0a217f,8c6793b1bbccd40a36062d6b912ccf43bdbfde27616522befa8b716b46bc1625,True,persistence,0.95,43,equal original group diagnostic; distinct from pooled,0.5826762840442731,0.9461509762467354,4.0,6.44447208058699,0.9574682395113303
rico,30,0,43,degrees C,30,smart_building_conformal/outputs/matched_forecasting005/rico_h30_f0_s43_v1,a94b3835135749e2f18b89fb6017d8d0b8b9d419cb0a1f9be11122d93d0a217f,8c6793b1bbccd40a36062d6b912ccf43bdbfde27616522befa8b716b46bc1625,True,xgboost,0.9,43,equal original group diagnostic; distinct from pooled,0.3616829485846401,0.8278821042158935,1.2909584045410156,2.985324212529591,0.557882038276023
rico,30,0,43,degrees C,30,smart_building_conformal/outputs/matched_forecasting005/rico_h30_f0_s43_v1,a94b3835135749e2f18b89fb6017d8d0b8b9d419cb0a1f9be11122d93d0a217f,8c6793b1bbccd40a36062d6b912ccf43bdbfde27616522befa8b716b46bc1625,True,xgboost,0.95,43,equal original group diagnostic; distinct from pooled,0.3616829485846401,0.8816067653276956,1.5965766906738281,4.112006373999054,0.557882038276023
rico,30,0,43,degrees C,30,smart_building_conformal/outputs/matched_forecasting005/rico_h30_f0_s43_v1,a94b3835135749e2f18b89fb6017d8d0b8b9d419cb0a1f9be11122d93d0a217f,8c6793b1bbccd40a36062d6b912ccf43bdbfde27616522befa8b716b46bc1625,True,attention_lstm,0.9,43,equal original group diagnostic; distinct from pooled,0.7072841971864335,0.8424325332670066,2.6553394317626977,4.167166414131587,0.9197174835032743
rico,30,0,43,degrees C,30,smart_building_conformal/outputs/matched_forecasting005/rico_h30_f0_s43_v1,a94b3835135749e2f18b89fb6017d8d0b8b9d419cb0a1f9be11122d93d0a217f,8c6793b1bbccd40a36062d6b912ccf43bdbfde27616522befa8b716b46bc1625,True,attention_lstm,0.95,43,equal original group diagnostic; distinct from pooled,0.7072841971864335,0.9256311404054223,3.486174774169924,4.603432427406189,0.9197174835032743
rico,60,0,43,degrees C,60,smart_building_conformal/outputs/matched_forecasting005/rico_h60_f0_s43_v1,a94b3835135749e2f18b89fb6017d8d0b8b9d419cb0a1f9be11122d93d0a217f,89e6eaa301e5e0b123943db829657b9330a883f25f73675dce4a9316c23e7b9b,True,persistence,0.9,43,equal original group diagnostic; distinct from pooled,1.0726114649681526,0.908606132424826,5.199999999999995,8.281913790549547,1.647899872273392
rico,60,0,43,degrees C,60,smart_building_conformal/outputs/matched_forecasting005/rico_h60_f0_s43_v1,a94b3835135749e2f18b89fb6017d8d0b8b9d419cb0a1f9be11122d93d0a217f,89e6eaa301e5e0b123943db829657b9330a883f25f73675dce4a9316c23e7b9b,True,persistence,0.95,43,equal original group diagnostic; distinct from pooled,1.0726114649681526,0.9425270330321432,6.799999999999997,10.610398459487481,1.647899872273392
rico,60,0,43,degrees C,60,smart_building_conformal/outputs/matched_forecasting005/rico_h60_f0_s43_v1,a94b3835135749e2f18b89fb6017d8d0b8b9d419cb0a1f9be11122d93d0a217f,89e6eaa301e5e0b123943db829657b9330a883f25f73675dce4a9316c23e7b9b,True,xgboost,0.9,43,equal original group diagnostic; distinct from pooled,0.6458300005822794,0.830395496963413,2.246509552001953,5.019329233781229,0.9452422880364744
rico,60,0,43,degrees C,60,smart_building_conformal/outputs/matched_forecasting005/rico_h60_f0_s43_v1,a94b3835135749e2f18b89fb6017d8d0b8b9d419cb0a1f9be11122d93d0a217f,89e6eaa301e5e0b123943db829657b9330a883f25f73675dce4a9316c23e7b9b,True,xgboost,0.95,43,equal original group diagnostic; distinct from pooled,0.6458300005822794,0.8783883869056435,2.8856346130371118,6.593138487698175,0.9452422880364744
rico,60,0,43,degrees C,60,smart_building_conformal/outputs/matched_forecasting005/rico_h60_f0_s43_v1,a94b3835135749e2f18b89fb6017d8d0b8b9d419cb0a1f9be11122d93d0a217f,89e6eaa301e5e0b123943db829657b9330a883f25f73675dce4a9316c23e7b9b,True,attention_lstm,0.9,43,equal original group diagnostic; distinct from pooled,1.0273209612381193,0.8577988446156125,4.025003814697265,5.893520208083867,1.3220551705639085
rico,60,0,43,degrees C,60,smart_building_conformal/outputs/matched_forecasting005/rico_h60_f0_s43_v1,a94b3835135749e2f18b89fb6017d8d0b8b9d419cb0a1f9be11122d93d0a217f,89e6eaa301e5e0b123943db829657b9330a883f25f73675dce4a9316c23e7b9b,True,attention_lstm,0.95,43,equal original group diagnostic; distinct from pooled,1.0273209612381193,0.8923122500370315,4.509696197509767,7.039694095318302,1.3220551705639085
rico,5,1,44,degrees C,5,smart_building_conformal/outputs/matched_forecasting005/rico_h5_f1_s44_v1,a94b3835135749e2f18b89fb6017d8d0b8b9d419cb0a1f9be11122d93d0a217f,22f68cea779cc4cef709387af245bfbf7118b6a169618cd607d9be93a9792bc0,True,persistence,0.9,41,equal original group diagnostic; distinct from pooled,0.11341463414634145,0.8520478601012424,0.3999999999999986,0.8960883571099882,0.17473271943102328
rico,5,1,44,degrees C,5,smart_building_conformal/outputs/matched_forecasting005/rico_h5_f1_s44_v1,a94b3835135749e2f18b89fb6017d8d0b8b9d419cb0a1f9be11122d93d0a217f,22f68cea779cc4cef709387af245bfbf7118b6a169618cd607d9be93a9792bc0,True,persistence,0.95,41,equal original group diagnostic; distinct from pooled,0.11341463414634145,0.9351127473538885,0.6000000000000014,1.0970087436723415,0.17473271943102328
rico,5,1,44,degrees C,5,smart_building_conformal/outputs/matched_forecasting005/rico_h5_f1_s44_v1,a94b3835135749e2f18b89fb6017d8d0b8b9d419cb0a1f9be11122d93d0a217f,22f68cea779cc4cef709387af245bfbf7118b6a169618cd607d9be93a9792bc0,True,xgboost,0.9,41,equal original group diagnostic; distinct from pooled,0.13324705517571797,0.8679245283018868,0.41543273925780966,1.1454221957189619,0.23651377354039377
rico,5,1,44,degrees C,5,smart_building_conformal/outputs/matched_forecasting005/rico_h5_f1_s44_v1,a94b3835135749e2f18b89fb6017d8d0b8b9d419cb0a1f9be11122d93d0a217f,22f68cea779cc4cef709387af245bfbf7118b6a169618cd607d9be93a9792bc0,True,xgboost,0.95,41,equal original group diagnostic; distinct from pooled,0.13324705517571797,0.9135987114588127,0.5394294738769505,1.7352059318236996,0.23651377354039377
rico,5,1,44,degrees C,5,smart_building_conformal/outputs/matched_forecasting005/rico_h5_f1_s44_v1,a94b3835135749e2f18b89fb6017d8d0b8b9d419cb0a1f9be11122d93d0a217f,22f68cea779cc4cef709387af245bfbf7118b6a169618cd607d9be93a9792bc0,True,attention_lstm,0.9,41,equal original group diagnostic; distinct from pooled,0.6996193557525087,1.0,5.205833435058594,5.205833435058594,0.8790380714263535
rico,5,1,44,degrees C,5,smart_building_conformal/outputs/matched_forecasting005/rico_h5_f1_s44_v1,a94b3835135749e2f18b89fb6017d8d0b8b9d419cb0a1f9be11122d93d0a217f,22f68cea779cc4cef709387af245bfbf7118b6a169618cd607d9be93a9792bc0,True,attention_lstm,0.95,41,equal original group diagnostic; distinct from pooled,0.6996193557525087,1.0,6.172146606445309,6.172146606445309,0.8790380714263535
rico,15,1,44,degrees C,15,smart_building_conformal/outputs/matched_forecasting005/rico_h15_f1_s44_v1,a94b3835135749e2f18b89fb6017d8d0b8b9d419cb0a1f9be11122d93d0a217f,13e6c0359ecd6ef691c6e1fe3eda4da1c1570a24470a0ad1d86df1a9e01a3c81,True,persistence,0.9,41,equal original group diagnostic; distinct from pooled,0.32653948321661436,0.8235933349432505,1.0,2.636319729533929,0.4836895350204883
rico,15,1,44,degrees C,15,smart_building_conformal/outputs/matched_forecasting005/rico_h15_f1_s44_v1,a94b3835135749e2f18b89fb6017d8d0b8b9d419cb0a1f9be11122d93d0a217f,13e6c0359ecd6ef691c6e1fe3eda4da1c1570a24470a0ad1d86df1a9e01a3c81,True,persistence,0.95,41,equal original group diagnostic; distinct from pooled,0.32653948321661436,0.8930210094180149,1.5999999999999943,3.163390485390008,0.4836895350204883
rico,15,1,44,degrees C,15,smart_building_conformal/outputs/matched_forecasting005/rico_h15_f1_s44_v1,a94b3835135749e2f18b89fb6017d8d0b8b9d419cb0a1f9be11122d93d0a217f,13e6c0359ecd6ef691c6e1fe3eda4da1c1570a24470a0ad1d86df1a9e01a3c81,True,xgboost,0.9,41,equal original group diagnostic; distinct from pooled,0.4358493655927226,0.8508814296063754,1.7484779357910156,2.637504086636081,0.5835232351194801
rico,15,1,44,degrees C,15,smart_building_conformal/outputs/matched_forecasting005/rico_h15_f1_s44_v1,a94b3835135749e2f18b89fb6017d8d0b8b9d419cb0a1f9be11122d93d0a217f,13e6c0359ecd6ef691c6e1fe3eda4da1c1570a24470a0ad1d86df1a9e01a3c81,True,xgboost,0.95,41,equal original group diagnostic; distinct from pooled,0.4358493655927226,0.902921999517025,2.00138702392578,3.156155903458567,0.5835232351194801
rico,15,1,44,degrees C,15,smart_building_conformal/outputs/matched_forecasting005/rico_h15_f1_s44_v1,a94b3835135749e2f18b89fb6017d8d0b8b9d419cb0a1f9be11122d93d0a217f,13e6c0359ecd6ef691c6e1fe3eda4da1c1570a24470a0ad1d86df1a9e01a3c81,True,attention_lstm,0.9,41,equal original group diagnostic; distinct from pooled,0.741448429349942,0.9847862835063995,4.3367393493652315,4.50588464191126,0.9410581868566319
rico,15,1,44,degrees C,15,smart_building_conformal/outputs/matched_forecasting005/rico_h15_f1_s44_v1,a94b3835135749e2f18b89fb6017d8d0b8b9d419cb0a1f9be11122d93d0a217f,13e6c0359ecd6ef691c6e1fe3eda4da1c1570a24470a0ad1d86df1a9e01a3c81,True,attention_lstm,0.95,41,equal original group diagnostic; distinct from pooled,0.741448429349942,0.9874426467036949,5.205996704101565,5.300970613009343,0.9410581868566319
rico,30,1,44,degrees C,30,smart_building_conformal/outputs/matched_forecasting005/rico_h30_f1_s44_v1,a94b3835135749e2f18b89fb6017d8d0b8b9d419cb0a1f9be11122d93d0a217f,3a862f35d8cb1619052e5198c1a529caa2045b98b02cbfa6a18a11d64a615f0d,True,persistence,0.9,41,equal original group diagnostic; distinct from pooled,0.6189122212077736,0.8014868918742662,1.8000000000000047,4.878387896178424,0.8909132167183795
rico,30,1,44,degrees C,30,smart_building_conformal/outputs/matched_forecasting005/rico_h30_f1_s44_v1,a94b3835135749e2f18b89fb6017d8d0b8b9d419cb0a1f9be11122d93d0a217f,3a862f35d8cb1619052e5198c1a529caa2045b98b02cbfa6a18a11d64a615f0d,True,persistence,0.95,41,equal original group diagnostic; distinct from pooled,0.6189122212077736,0.8923959827833572,2.799999999999997,5.868214425459764,0.8909132167183795
rico,30,1,44,degrees C,30,smart_building_conformal/outputs/matched_forecasting005/rico_h30_f1_s44_v1,a94b3835135749e2f18b89fb6017d8d0b8b9d419cb0a1f9be11122d93d0a217f,3a862f35d8cb1619052e5198c1a529caa2045b98b02cbfa6a18a11d64a615f0d,True,xgboost,0.9,41,equal original group diagnostic; distinct from pooled,0.8242737544318354,0.850006521455589,3.3500801086425795,4.758629729754923,1.0747788827751041
rico,30,1,44,degrees C,30,smart_building_conformal/outputs/matched_forecasting005/rico_h30_f1_s44_v1,a94b3835135749e2f18b89fb6017d8d0b8b9d419cb0a1f9be11122d93d0a217f,3a862f35d8cb1619052e5198c1a529caa2045b98b02cbfa6a18a11d64a615f0d,True,xgboost,0.95,41,equal original group diagnostic; distinct from pooled,0.8242737544318354,0.9071344724142429,4.0848846435546875,5.10136252567823,1.0747788827751041
rico,30,1,44,degrees C,30,smart_building_conformal/outputs/matched_forecasting005/rico_h30_f1_s44_v1,a94b3835135749e2f18b89fb6017d8d0b8b9d419cb0a1f9be11122d93d0a217f,3a862f35d8cb1619052e5198c1a529caa2045b98b02cbfa6a18a11d64a615f0d,True,attention_lstm,0.9,41,equal original group diagnostic; distinct from pooled,0.8473744417645559,0.960088691796009,4.454927825927733,4.984403476737477,1.1171480927542692
rico,30,1,44,degrees C,30,smart_building_conformal/outputs/matched_forecasting005/rico_h30_f1_s44_v1,a94b3835135749e2f18b89fb6017d8d0b8b9d419cb0a1f9be11122d93d0a217f,3a862f35d8cb1619052e5198c1a529caa2045b98b02cbfa6a18a11d64a615f0d,True,attention_lstm,0.95,41,equal original group diagnostic; distinct from pooled,0.8473744417645559,0.979783487674449,5.301185607910156,5.920216887874462,1.1171480927542692
rico,60,1,44,degrees C,60,smart_building_conformal/outputs/matched_forecasting005/rico_h60_f1_s44_v1,a94b3835135749e2f18b89fb6017d8d0b8b9d419cb0a1f9be11122d93d0a217f,929eff6c9180b9dc1d9e18a9f3a1bcf82b854c58a93dcef9345bc594e42ed69a,True,persistence,0.9,41,equal original group diagnostic; distinct from pooled,1.1399254311014448,0.7825073792139194,3.2000000000000024,8.36948889234115,1.5599375990833806
rico,60,1,44,degrees C,60,smart_building_conformal/outputs/matched_forecasting005/rico_h60_f1_s44_v1,a94b3835135749e2f18b89fb6017d8d0b8b9d419cb0a1f9be11122d93d0a217f,929eff6c9180b9dc1d9e18a9f3a1bcf82b854c58a93dcef9345bc594e42ed69a,True,persistence,0.95,41,equal original group diagnostic; distinct from pooled,1.1399254311014448,0.8842628553674072,4.799999999999998,9.847071617212988,1.5599375990833806
rico,60,1,44,degrees C,60,smart_building_conformal/outputs/matched_forecasting005/rico_h60_f1_s44_v1,a94b3835135749e2f18b89fb6017d8d0b8b9d419cb0a1f9be11122d93d0a217f,929eff6c9180b9dc1d9e18a9f3a1bcf82b854c58a93dcef9345bc594e42ed69a,True,xgboost,0.9,41,equal original group diagnostic; distinct from pooled,0.8367998522891379,0.9231008233649216,4.026071929931639,5.04014775689685,1.118565684462159
rico,60,1,44,degrees C,60,smart_building_conformal/outputs/matched_forecasting005/rico_h60_f1_s44_v1,a94b3835135749e2f18b89fb6017d8d0b8b9d419cb0a1f9be11122d93d0a217f,929eff6c9180b9dc1d9e18a9f3a1bcf82b854c58a93dcef9345bc594e42ed69a,True,xgboost,0.95,41,equal original group diagnostic; distinct from pooled,0.8367998522891379,0.9519962715550723,4.618117523193361,5.920338930749588,1.118565684462159
rico,60,1,44,degrees C,60,smart_building_conformal/outputs/matched_forecasting005/rico_h60_f1_s44_v1,a94b3835135749e2f18b89fb6017d8d0b8b9d419cb0a1f9be11122d93d0a217f,929eff6c9180b9dc1d9e18a9f3a1bcf82b854c58a93dcef9345bc594e42ed69a,True,attention_lstm,0.9,41,equal original group diagnostic; distinct from pooled,1.0921747554620824,0.9067888768059655,4.768585205078125,6.441191031619113,1.4417081437941304
rico,60,1,44,degrees C,60,smart_building_conformal/outputs/matched_forecasting005/rico_h60_f1_s44_v1,a94b3835135749e2f18b89fb6017d8d0b8b9d419cb0a1f9be11122d93d0a217f,929eff6c9180b9dc1d9e18a9f3a1bcf82b854c58a93dcef9345bc594e42ed69a,True,attention_lstm,0.95,41,equal original group diagnostic; distinct from pooled,1.0921747554620824,0.929780953860494,5.5191825866699205,7.634124124244593,1.4417081437941304
rico,5,0,44,degrees C,5,smart_building_conformal/outputs/matched_forecasting005/rico_h5_f0_s44_v1,a94b3835135749e2f18b89fb6017d8d0b8b9d419cb0a1f9be11122d93d0a217f,e27e0345c56115aa6dfefa687af04ed3d2e15260de6f78e2a43cbb6be0d404d5,True,persistence,0.9,43,equal original group diagnostic; distinct from pooled,0.10910487055726197,0.9347301448003511,0.6000000000000014,0.9780166739798162,0.19097679676376933
rico,5,0,44,degrees C,5,smart_building_conformal/outputs/matched_forecasting005/rico_h5_f0_s44_v1,a94b3835135749e2f18b89fb6017d8d0b8b9d419cb0a1f9be11122d93d0a217f,e27e0345c56115aa6dfefa687af04ed3d2e15260de6f78e2a43cbb6be0d404d5,True,persistence,0.95,43,equal original group diagnostic; distinct from pooled,0.10910487055726197,0.9477841158402809,0.7999999999999972,1.2967090829311105,0.19097679676376933
rico,5,0,44,degrees C,5,smart_building_conformal/outputs/matched_forecasting005/rico_h5_f0_s44_v1,a94b3835135749e2f18b89fb6017d8d0b8b9d419cb0a1f9be11122d93d0a217f,e27e0345c56115aa6dfefa687af04ed3d2e15260de6f78e2a43cbb6be0d404d5,True,xgboost,0.9,43,equal original group diagnostic; distinct from pooled,0.08638880992469262,0.859697235629662,0.32267074584960653,0.5232306372863057,0.11487728144574486
rico,5,0,44,degrees C,5,smart_building_conformal/outputs/matched_forecasting005/rico_h5_f0_s44_v1,a94b3835135749e2f18b89fb6017d8d0b8b9d419cb0a1f9be11122d93d0a217f,e27e0345c56115aa6dfefa687af04ed3d2e15260de6f78e2a43cbb6be0d404d5,True,xgboost,0.95,43,equal original group diagnostic; distinct from pooled,0.08638880992469262,0.9263931548924967,0.40619201660156534,0.635777991421653,0.11487728144574486
rico,5,0,44,degrees C,5,smart_building_conformal/outputs/matched_forecasting005/rico_h5_f0_s44_v1,a94b3835135749e2f18b89fb6017d8d0b8b9d419cb0a1f9be11122d93d0a217f,e27e0345c56115aa6dfefa687af04ed3d2e15260de6f78e2a43cbb6be0d404d5,True,attention_lstm,0.9,43,equal original group diagnostic; distinct from pooled,0.43525474880180004,0.878565160157964,1.5908546447753906,2.224002349371448,0.5368668969821746
rico,5,0,44,degrees C,5,smart_building_conformal/outputs/matched_forecasting005/rico_h5_f0_s44_v1,a94b3835135749e2f18b89fb6017d8d0b8b9d419cb0a1f9be11122d93d0a217f,e27e0345c56115aa6dfefa687af04ed3d2e15260de6f78e2a43cbb6be0d404d5,True,attention_lstm,0.95,43,equal original group diagnostic; distinct from pooled,0.43525474880180004,0.9442738043001314,2.029674530029297,2.5756688086596315,0.5368668969821746
rico,15,0,44,degrees C,15,smart_building_conformal/outputs/matched_forecasting005/rico_h15_f0_s44_v1,a94b3835135749e2f18b89fb6017d8d0b8b9d419cb0a1f9be11122d93d0a217f,764d937d759bcd77be47c7735d6ccf9fd72aa6847f7d3182c428b3859e467156,True,persistence,0.9,43,equal original group diagnostic; distinct from pooled,0.310108220124338,0.9186046511627907,1.600000000000001,2.7213446926087954,0.5257189194087168
rico,15,0,44,degrees C,15,smart_building_conformal/outputs/matched_forecasting005/rico_h15_f0_s44_v1,a94b3835135749e2f18b89fb6017d8d0b8b9d419cb0a1f9be11122d93d0a217f,764d937d759bcd77be47c7735d6ccf9fd72aa6847f7d3182c428b3859e467156,True,persistence,0.95,43,equal original group diagnostic; distinct from pooled,0.310108220124338,0.9485378770435183,2.200000000000003,3.6114667280681534,0.5257189194087168
rico,15,0,44,degrees C,15,smart_building_conformal/outputs/matched_forecasting005/rico_h15_f0_s44_v1,a94b3835135749e2f18b89fb6017d8d0b8b9d419cb0a1f9be11122d93d0a217f,764d937d759bcd77be47c7735d6ccf9fd72aa6847f7d3182c428b3859e467156,True,xgboost,0.9,43,equal original group diagnostic; distinct from pooled,0.20228269663983545,0.8722081510476629,0.7621879577636719,1.4695714919379907,0.2940912724195172
rico,15,0,44,degrees C,15,smart_building_conformal/outputs/matched_forecasting005/rico_h15_f0_s44_v1,a94b3835135749e2f18b89fb6017d8d0b8b9d419cb0a1f9be11122d93d0a217f,764d937d759bcd77be47c7735d6ccf9fd72aa6847f7d3182c428b3859e467156,True,xgboost,0.95,43,equal original group diagnostic; distinct from pooled,0.20228269663983545,0.9054800828920101,0.9517959594726552,1.9515180232473779,0.2940912724195172
rico,15,0,44,degrees C,15,smart_building_conformal/outputs/matched_forecasting005/rico_h15_f0_s44_v1,a94b3835135749e2f18b89fb6017d8d0b8b9d419cb0a1f9be11122d93d0a217f,764d937d759bcd77be47c7735d6ccf9fd72aa6847f7d3182c428b3859e467156,True,attention_lstm,0.9,43,equal original group diagnostic; distinct from pooled,0.6083721356542324,0.8315680405249827,1.9548225402832031,2.8139411760260375,0.7148326973342309
rico,15,0,44,degrees C,15,smart_building_conformal/outputs/matched_forecasting005/rico_h15_f0_s44_v1,a94b3835135749e2f18b89fb6017d8d0b8b9d419cb0a1f9be11122d93d0a217f,764d937d759bcd77be47c7735d6ccf9fd72aa6847f7d3182c428b3859e467156,True,attention_lstm,0.95,43,equal original group diagnostic; distinct from pooled,0.6083721356542324,0.934607414229795,2.4930076599121094,3.01799132707013,0.7148326973342309
rico,30,0,44,degrees C,30,smart_building_conformal/outputs/matched_forecasting005/rico_h30_f0_s44_v1,a94b3835135749e2f18b89fb6017d8d0b8b9d419cb0a1f9be11122d93d0a217f,748c000f3e34a704f1bb4d7ef093ebc332ff85f8e26142edb9f3e52d9691dcef,True,persistence,0.9,43,equal original group diagnostic; distinct from pooled,0.5826762840442731,0.9165526675786596,3.0,4.920905360029848,0.9574682395113303
rico,30,0,44,degrees C,30,smart_building_conformal/outputs/matched_forecasting005/rico_h30_f0_s44_v1,a94b3835135749e2f18b89fb6017d8d0b8b9d419cb0a1f9be11122d93d0a217f,748c000f3e34a704f1bb4d7ef093ebc332ff85f8e26142edb9f3e52d9691dcef,True,persistence,0.95,43,equal original group diagnostic; distinct from pooled,0.5826762840442731,0.9461509762467354,4.0,6.44447208058699,0.9574682395113303
rico,30,0,44,degrees C,30,smart_building_conformal/outputs/matched_forecasting005/rico_h30_f0_s44_v1,a94b3835135749e2f18b89fb6017d8d0b8b9d419cb0a1f9be11122d93d0a217f,748c000f3e34a704f1bb4d7ef093ebc332ff85f8e26142edb9f3e52d9691dcef,True,xgboost,0.9,43,equal original group diagnostic; distinct from pooled,0.3509010043344069,0.8571073249595822,1.3528953552246106,2.6377465376078897,0.5193178159775472
rico,30,0,44,degrees C,30,smart_building_conformal/outputs/matched_forecasting005/rico_h30_f0_s44_v1,a94b3835135749e2f18b89fb6017d8d0b8b9d419cb0a1f9be11122d93d0a217f,748c000f3e34a704f1bb4d7ef093ebc332ff85f8e26142edb9f3e52d9691dcef,True,xgboost,0.95,43,equal original group diagnostic; distinct from pooled,0.3509010043344069,0.9001367989056087,1.6829277038574229,3.4703794670318486,0.5193178159775472
rico,30,0,44,degrees C,30,smart_building_conformal/outputs/matched_forecasting005/rico_h30_f0_s44_v1,a94b3835135749e2f18b89fb6017d8d0b8b9d419cb0a1f9be11122d93d0a217f,748c000f3e34a704f1bb4d7ef093ebc332ff85f8e26142edb9f3e52d9691dcef,True,attention_lstm,0.9,43,equal original group diagnostic; distinct from pooled,0.6651529088451441,0.8808605894789207,2.3754806518554688,3.249885640679833,0.8088915816580285
rico,30,0,44,degrees C,30,smart_building_conformal/outputs/matched_forecasting005/rico_h30_f0_s44_v1,a94b3835135749e2f18b89fb6017d8d0b8b9d419cb0a1f9be11122d93d0a217f,748c000f3e34a704f1bb4d7ef093ebc332ff85f8e26142edb9f3e52d9691dcef,True,attention_lstm,0.95,43,equal original group diagnostic; distinct from pooled,0.6651529088451441,0.9445342619077229,2.9786605834960938,3.7430690760162393,0.8088915816580285
rico,60,0,44,degrees C,60,smart_building_conformal/outputs/matched_forecasting005/rico_h60_f0_s44_v1,a94b3835135749e2f18b89fb6017d8d0b8b9d419cb0a1f9be11122d93d0a217f,be47b44af22e24fa1a28c4289662e0d89e524fb4d4521fe0d996678db7fdde0b,True,persistence,0.9,43,equal original group diagnostic; distinct from pooled,1.0726114649681526,0.908606132424826,5.199999999999995,8.281913790549547,1.647899872273392
rico,60,0,44,degrees C,60,smart_building_conformal/outputs/matched_forecasting005/rico_h60_f0_s44_v1,a94b3835135749e2f18b89fb6017d8d0b8b9d419cb0a1f9be11122d93d0a217f,be47b44af22e24fa1a28c4289662e0d89e524fb4d4521fe0d996678db7fdde0b,True,persistence,0.95,43,equal original group diagnostic; distinct from pooled,1.0726114649681526,0.9425270330321432,6.799999999999997,10.610398459487481,1.647899872273392
rico,60,0,44,degrees C,60,smart_building_conformal/outputs/matched_forecasting005/rico_h60_f0_s44_v1,a94b3835135749e2f18b89fb6017d8d0b8b9d419cb0a1f9be11122d93d0a217f,be47b44af22e24fa1a28c4289662e0d89e524fb4d4521fe0d996678db7fdde0b,True,xgboost,0.9,43,equal original group diagnostic; distinct from pooled,0.5993379947468538,0.8438749814842247,2.2936309814453124,4.626371604660636,0.8932149591773567
rico,60,0,44,degrees C,60,smart_building_conformal/outputs/matched_forecasting005/rico_h60_f0_s44_v1,a94b3835135749e2f18b89fb6017d8d0b8b9d419cb0a1f9be11122d93d0a217f,be47b44af22e24fa1a28c4289662e0d89e524fb4d4521fe0d996678db7fdde0b,True,xgboost,0.95,43,equal original group diagnostic; distinct from pooled,0.5993379947468538,0.8967560361427936,2.9158836364746095,6.003233938509582,0.8932149591773567
rico,60,0,44,degrees C,60,smart_building_conformal/outputs/matched_forecasting005/rico_h60_f0_s44_v1,a94b3835135749e2f18b89fb6017d8d0b8b9d419cb0a1f9be11122d93d0a217f,be47b44af22e24fa1a28c4289662e0d89e524fb4d4521fe0d996678db7fdde0b,True,attention_lstm,0.9,43,equal original group diagnostic; distinct from pooled,0.8882020186078299,0.7992889942230781,2.7726322174072267,4.64334957584454,1.089334856826714
rico,60,0,44,degrees C,60,smart_building_conformal/outputs/matched_forecasting005/rico_h60_f0_s44_v1,a94b3835135749e2f18b89fb6017d8d0b8b9d419cb0a1f9be11122d93d0a217f,be47b44af22e24fa1a28c4289662e0d89e524fb4d4521fe0d996678db7fdde0b,True,attention_lstm,0.95,43,equal original group diagnostic; distinct from pooled,0.8882020186078299,0.9050511035402163,3.4997161865234365,5.151742428946433,1.089334856826714
rico,5,1,45,degrees C,5,smart_building_conformal/outputs/matched_forecasting005/rico_h5_f1_s45_v1,a94b3835135749e2f18b89fb6017d8d0b8b9d419cb0a1f9be11122d93d0a217f,95bf54f3fdb06ac2294a15e606698913a6f064e04ee5ed6bf2a8707b84af167a,True,persistence,0.9,41,equal original group diagnostic; distinct from pooled,0.11341463414634145,0.8520478601012424,0.3999999999999986,0.8960883571099882,0.17473271943102328
rico,5,1,45,degrees C,5,smart_building_conformal/outputs/matched_forecasting005/rico_h5_f1_s45_v1,a94b3835135749e2f18b89fb6017d8d0b8b9d419cb0a1f9be11122d93d0a217f,95bf54f3fdb06ac2294a15e606698913a6f064e04ee5ed6bf2a8707b84af167a,True,persistence,0.95,41,equal original group diagnostic; distinct from pooled,0.11341463414634145,0.9351127473538885,0.6000000000000014,1.0970087436723415,0.17473271943102328
rico,5,1,45,degrees C,5,smart_building_conformal/outputs/matched_forecasting005/rico_h5_f1_s45_v1,a94b3835135749e2f18b89fb6017d8d0b8b9d419cb0a1f9be11122d93d0a217f,95bf54f3fdb06ac2294a15e606698913a6f064e04ee5ed6bf2a8707b84af167a,True,xgboost,0.9,41,equal original group diagnostic; distinct from pooled,0.1266607518466013,0.8839162448228255,0.4292396545410142,1.1194417127529381,0.2339185710743391
rico,5,1,45,degrees C,5,smart_building_conformal/outputs/matched_forecasting005/rico_h5_f1_s45_v1,a94b3835135749e2f18b89fb6017d8d0b8b9d419cb0a1f9be11122d93d0a217f,95bf54f3fdb06ac2294a15e606698913a6f064e04ee5ed6bf2a8707b84af167a,True,xgboost,0.95,41,equal original group diagnostic; distinct from pooled,0.1266607518466013,0.9323515876668202,0.5772609710693359,1.708840082715416,0.2339185710743391
rico,5,1,45,degrees C,5,smart_building_conformal/outputs/matched_forecasting005/rico_h5_f1_s45_v1,a94b3835135749e2f18b89fb6017d8d0b8b9d419cb0a1f9be11122d93d0a217f,95bf54f3fdb06ac2294a15e606698913a6f064e04ee5ed6bf2a8707b84af167a,True,attention_lstm,0.9,41,equal original group diagnostic; distinct from pooled,0.9400962600497348,0.979981592268753,4.64082489013672,4.738408518693331,1.1277748768404388
rico,5,1,45,degrees C,5,smart_building_conformal/outputs/matched_forecasting005/rico_h5_f1_s45_v1,a94b3835135749e2f18b89fb6017d8d0b8b9d419cb0a1f9be11122d93d0a217f,95bf54f3fdb06ac2294a15e606698913a6f064e04ee5ed6bf2a8707b84af167a,True,attention_lstm,0.95,41,equal original group diagnostic; distinct from pooled,0.9400962600497348,0.997814081914404,5.4092514038085975,5.413495832953213,1.1277748768404388
rico,15,1,45,degrees C,15,smart_building_conformal/outputs/matched_forecasting005/rico_h15_f1_s45_v1,a94b3835135749e2f18b89fb6017d8d0b8b9d419cb0a1f9be11122d93d0a217f,48b9d8f41fabada21e667542e662b06a1e145efe95def10151da3ea9aa0f5646,True,persistence,0.9,41,equal original group diagnostic; distinct from pooled,0.32653948321661436,0.8235933349432505,1.0,2.636319729533929,0.4836895350204883
rico,15,1,45,degrees C,15,smart_building_conformal/outputs/matched_forecasting005/rico_h15_f1_s45_v1,a94b3835135749e2f18b89fb6017d8d0b8b9d419cb0a1f9be11122d93d0a217f,48b9d8f41fabada21e667542e662b06a1e145efe95def10151da3ea9aa0f5646,True,persistence,0.95,41,equal original group diagnostic; distinct from pooled,0.32653948321661436,0.8930210094180149,1.5999999999999943,3.163390485390008,0.4836895350204883
rico,15,1,45,degrees C,15,smart_building_conformal/outputs/matched_forecasting005/rico_h15_f1_s45_v1,a94b3835135749e2f18b89fb6017d8d0b8b9d419cb0a1f9be11122d93d0a217f,48b9d8f41fabada21e667542e662b06a1e145efe95def10151da3ea9aa0f5646,True,xgboost,0.9,41,equal original group diagnostic; distinct from pooled,0.4302033543212493,0.8561941560009659,1.7956394195556629,2.7207914771103288,0.5891392995591155
rico,15,1,45,degrees C,15,smart_building_conformal/outputs/matched_forecasting005/rico_h15_f1_s45_v1,a94b3835135749e2f18b89fb6017d8d0b8b9d419cb0a1f9be11122d93d0a217f,48b9d8f41fabada21e667542e662b06a1e145efe95def10151da3ea9aa0f5646,True,xgboost,0.95,41,equal original group diagnostic; distinct from pooled,0.4302033543212493,0.9069065443129679,2.108286285400389,3.209908412960065,0.5891392995591155
rico,15,1,45,degrees C,15,smart_building_conformal/outputs/matched_forecasting005/rico_h15_f1_s45_v1,a94b3835135749e2f18b89fb6017d8d0b8b9d419cb0a1f9be11122d93d0a217f,48b9d8f41fabada21e667542e662b06a1e145efe95def10151da3ea9aa0f5646,True,attention_lstm,0.9,41,equal original group diagnostic; distinct from pooled,0.9771115040036396,0.9730741366819609,4.9089973449707,5.106080339842157,1.202501296570398
rico,15,1,45,degrees C,15,smart_building_conformal/outputs/matched_forecasting005/rico_h15_f1_s45_v1,a94b3835135749e2f18b89fb6017d8d0b8b9d419cb0a1f9be11122d93d0a217f,48b9d8f41fabada21e667542e662b06a1e145efe95def10151da3ea9aa0f5646,True,attention_lstm,0.95,41,equal original group diagnostic; distinct from pooled,0.9771115040036396,0.9859937213233518,5.564027404785158,5.738006693497571,1.202501296570398
rico,30,1,45,degrees C,30,smart_building_conformal/outputs/matched_forecasting005/rico_h30_f1_s45_v1,a94b3835135749e2f18b89fb6017d8d0b8b9d419cb0a1f9be11122d93d0a217f,61d1b3a7407c7e5d96cad7d958dbf30439d93cbf4acdc5fd1b51e69221698272,True,persistence,0.9,41,equal original group diagnostic; distinct from pooled,0.6189122212077736,0.8014868918742662,1.8000000000000047,4.878387896178424,0.8909132167183795
rico,30,1,45,degrees C,30,smart_building_conformal/outputs/matched_forecasting005/rico_h30_f1_s45_v1,a94b3835135749e2f18b89fb6017d8d0b8b9d419cb0a1f9be11122d93d0a217f,61d1b3a7407c7e5d96cad7d958dbf30439d93cbf4acdc5fd1b51e69221698272,True,persistence,0.95,41,equal original group diagnostic; distinct from pooled,0.6189122212077736,0.8923959827833572,2.799999999999997,5.868214425459764,0.8909132167183795
rico,30,1,45,degrees C,30,smart_building_conformal/outputs/matched_forecasting005/rico_h30_f1_s45_v1,a94b3835135749e2f18b89fb6017d8d0b8b9d419cb0a1f9be11122d93d0a217f,61d1b3a7407c7e5d96cad7d958dbf30439d93cbf4acdc5fd1b51e69221698272,True,xgboost,0.9,41,equal original group diagnostic; distinct from pooled,0.7981582984909389,0.8600495630624756,3.4566184997558618,4.59482298304084,1.0577167372758636
rico,30,1,45,degrees C,30,smart_building_conformal/outputs/matched_forecasting005/rico_h30_f1_s45_v1,a94b3835135749e2f18b89fb6017d8d0b8b9d419cb0a1f9be11122d93d0a217f,61d1b3a7407c7e5d96cad7d958dbf30439d93cbf4acdc5fd1b51e69221698272,True,xgboost,0.95,41,equal original group diagnostic; distinct from pooled,0.7981582984909389,0.9276118429633494,4.097834777832034,4.941037147116966,1.0577167372758636
rico,30,1,45,degrees C,30,smart_building_conformal/outputs/matched_forecasting005/rico_h30_f1_s45_v1,a94b3835135749e2f18b89fb6017d8d0b8b9d419cb0a1f9be11122d93d0a217f,61d1b3a7407c7e5d96cad7d958dbf30439d93cbf4acdc5fd1b51e69221698272,True,attention_lstm,0.9,41,equal original group diagnostic; distinct from pooled,1.0171401783246734,0.9355680187817921,4.671194458007811,5.2813063040758585,1.2923002898581313
rico,30,1,45,degrees C,30,smart_building_conformal/outputs/matched_forecasting005/rico_h30_f1_s45_v1,a94b3835135749e2f18b89fb6017d8d0b8b9d419cb0a1f9be11122d93d0a217f,61d1b3a7407c7e5d96cad7d958dbf30439d93cbf4acdc5fd1b51e69221698272,True,attention_lstm,0.95,41,equal original group diagnostic; distinct from pooled,1.0171401783246734,0.9718273118560062,5.2595672607421875,5.890502603296289,1.2923002898581313
rico,60,1,45,degrees C,60,smart_building_conformal/outputs/matched_forecasting005/rico_h60_f1_s45_v1,a94b3835135749e2f18b89fb6017d8d0b8b9d419cb0a1f9be11122d93d0a217f,63f6fb72940cbd6193f24e3b9be56dd7c7d7b5df8d61d95d8bb0531a91b5bc5c,True,persistence,0.9,41,equal original group diagnostic; distinct from pooled,1.1399254311014448,0.7825073792139194,3.2000000000000024,8.36948889234115,1.5599375990833806
rico,60,1,45,degrees C,60,smart_building_conformal/outputs/matched_forecasting005/rico_h60_f1_s45_v1,a94b3835135749e2f18b89fb6017d8d0b8b9d419cb0a1f9be11122d93d0a217f,63f6fb72940cbd6193f24e3b9be56dd7c7d7b5df8d61d95d8bb0531a91b5bc5c,True,persistence,0.95,41,equal original group diagnostic; distinct from pooled,1.1399254311014448,0.8842628553674072,4.799999999999998,9.847071617212988,1.5599375990833806
rico,60,1,45,degrees C,60,smart_building_conformal/outputs/matched_forecasting005/rico_h60_f1_s45_v1,a94b3835135749e2f18b89fb6017d8d0b8b9d419cb0a1f9be11122d93d0a217f,63f6fb72940cbd6193f24e3b9be56dd7c7d7b5df8d61d95d8bb0531a91b5bc5c,True,xgboost,0.9,41,equal original group diagnostic; distinct from pooled,0.8257661317212253,0.9224794158769613,4.061367034912109,4.968614662695472,1.0942674492427544
rico,60,1,45,degrees C,60,smart_building_conformal/outputs/matched_forecasting005/rico_h60_f1_s45_v1,a94b3835135749e2f18b89fb6017d8d0b8b9d419cb0a1f9be11122d93d0a217f,63f6fb72940cbd6193f24e3b9be56dd7c7d7b5df8d61d95d8bb0531a91b5bc5c,True,xgboost,0.95,41,equal original group diagnostic; distinct from pooled,0.8257661317212253,0.9440733260835793,4.481817626953124,5.745805257193065,1.0942674492427544
rico,60,1,45,degrees C,60,smart_building_conformal/outputs/matched_forecasting005/rico_h60_f1_s45_v1,a94b3835135749e2f18b89fb6017d8d0b8b9d419cb0a1f9be11122d93d0a217f,63f6fb72940cbd6193f24e3b9be56dd7c7d7b5df8d61d95d8bb0531a91b5bc5c,True,attention_lstm,0.9,41,equal original group diagnostic; distinct from pooled,1.2382955279134715,0.9058567655740253,5.341062164306642,6.906940412084307,1.599788583934109
rico,60,1,45,degrees C,60,smart_building_conformal/outputs/matched_forecasting005/rico_h60_f1_s45_v1,a94b3835135749e2f18b89fb6017d8d0b8b9d419cb0a1f9be11122d93d0a217f,63f6fb72940cbd6193f24e3b9be56dd7c7d7b5df8d61d95d8bb0531a91b5bc5c,True,attention_lstm,0.95,41,equal original group diagnostic; distinct from pooled,1.2382955279134715,0.9431412148516389,5.9625396728515625,8.159547353913107,1.599788583934109
rico,5,0,45,degrees C,5,smart_building_conformal/outputs/matched_forecasting005/rico_h5_f0_s45_v1,a94b3835135749e2f18b89fb6017d8d0b8b9d419cb0a1f9be11122d93d0a217f,04fd6d4a75fe7c2cdc98b330af13b52b24962d3a9a5b8569662c0bff77741edc,True,persistence,0.9,43,equal original group diagnostic; distinct from pooled,0.10910487055726197,0.9347301448003511,0.6000000000000014,0.9780166739798162,0.19097679676376933
rico,5,0,45,degrees C,5,smart_building_conformal/outputs/matched_forecasting005/rico_h5_f0_s45_v1,a94b3835135749e2f18b89fb6017d8d0b8b9d419cb0a1f9be11122d93d0a217f,04fd6d4a75fe7c2cdc98b330af13b52b24962d3a9a5b8569662c0bff77741edc,True,persistence,0.95,43,equal original group diagnostic; distinct from pooled,0.10910487055726197,0.9477841158402809,0.7999999999999972,1.2967090829311105,0.19097679676376933
rico,5,0,45,degrees C,5,smart_building_conformal/outputs/matched_forecasting005/rico_h5_f0_s45_v1,a94b3835135749e2f18b89fb6017d8d0b8b9d419cb0a1f9be11122d93d0a217f,04fd6d4a75fe7c2cdc98b330af13b52b24962d3a9a5b8569662c0bff77741edc,True,xgboost,0.9,43,equal original group diagnostic; distinct from pooled,0.08212427927664148,0.8652917946467749,0.31325340270996094,0.49295836972165086,0.1088820360678462
rico,5,0,45,degrees C,5,smart_building_conformal/outputs/matched_forecasting005/rico_h5_f0_s45_v1,a94b3835135749e2f18b89fb6017d8d0b8b9d419cb0a1f9be11122d93d0a217f,04fd6d4a75fe7c2cdc98b330af13b52b24962d3a9a5b8569662c0bff77741edc,True,xgboost,0.95,43,equal original group diagnostic; distinct from pooled,0.08212427927664148,0.9281483106625714,0.39169464111328234,0.5972570711397837,0.1088820360678462
rico,5,0,45,degrees C,5,smart_building_conformal/outputs/matched_forecasting005/rico_h5_f0_s45_v1,a94b3835135749e2f18b89fb6017d8d0b8b9d419cb0a1f9be11122d93d0a217f,04fd6d4a75fe7c2cdc98b330af13b52b24962d3a9a5b8569662c0bff77741edc,True,attention_lstm,0.9,43,equal original group diagnostic; distinct from pooled,0.3605131547458342,0.9697235629662132,1.8457397460937497,1.951959259147024,0.45044335330971247
rico,5,0,45,degrees C,5,smart_building_conformal/outputs/matched_forecasting005/rico_h5_f0_s45_v1,a94b3835135749e2f18b89fb6017d8d0b8b9d419cb0a1f9be11122d93d0a217f,04fd6d4a75fe7c2cdc98b330af13b52b24962d3a9a5b8569662c0bff77741edc,True,attention_lstm,0.95,43,equal original group diagnostic; distinct from pooled,0.3605131547458342,0.9947345326897762,2.343209075927732,2.427647597416285,0.45044335330971247
rico,15,0,45,degrees C,15,smart_building_conformal/outputs/matched_forecasting005/rico_h15_f0_s45_v1,a94b3835135749e2f18b89fb6017d8d0b8b9d419cb0a1f9be11122d93d0a217f,02b8a64fc716d3b0d159c2a37c6233c5afa5e2db3bc98070e3a88c21683aed29,True,persistence,0.9,43,equal original group diagnostic; distinct from pooled,0.310108220124338,0.9186046511627907,1.600000000000001,2.7213446926087954,0.5257189194087168
rico,15,0,45,degrees C,15,smart_building_conformal/outputs/matched_forecasting005/rico_h15_f0_s45_v1,a94b3835135749e2f18b89fb6017d8d0b8b9d419cb0a1f9be11122d93d0a217f,02b8a64fc716d3b0d159c2a37c6233c5afa5e2db3bc98070e3a88c21683aed29,True,persistence,0.95,43,equal original group diagnostic; distinct from pooled,0.310108220124338,0.9485378770435183,2.200000000000003,3.6114667280681534,0.5257189194087168
rico,15,0,45,degrees C,15,smart_building_conformal/outputs/matched_forecasting005/rico_h15_f0_s45_v1,a94b3835135749e2f18b89fb6017d8d0b8b9d419cb0a1f9be11122d93d0a217f,02b8a64fc716d3b0d159c2a37c6233c5afa5e2db3bc98070e3a88c21683aed29,True,xgboost,0.9,43,equal original group diagnostic; distinct from pooled,0.19202807294918917,0.8665668892470643,0.7200881958007841,1.3518015359750728,0.27624594307105477
rico,15,0,45,degrees C,15,smart_building_conformal/outputs/matched_forecasting005/rico_h15_f0_s45_v1,a94b3835135749e2f18b89fb6017d8d0b8b9d419cb0a1f9be11122d93d0a217f,02b8a64fc716d3b0d159c2a37c6233c5afa5e2db3bc98070e3a88c21683aed29,True,xgboost,0.95,43,equal original group diagnostic; distinct from pooled,0.19202807294918917,0.9141146672806815,0.9091926574707042,1.7620972422776136,0.27624594307105477
rico,15,0,45,degrees C,15,smart_building_conformal/outputs/matched_forecasting005/rico_h15_f0_s45_v1,a94b3835135749e2f18b89fb6017d8d0b8b9d419cb0a1f9be11122d93d0a217f,02b8a64fc716d3b0d159c2a37c6233c5afa5e2db3bc98070e3a88c21683aed29,True,attention_lstm,0.9,43,equal original group diagnostic; distinct from pooled,0.48792095726710594,0.9422058484918259,2.3265914916992188,2.780837463723222,0.6314139052686675
rico,15,0,45,degrees C,15,smart_building_conformal/outputs/matched_forecasting005/rico_h15_f0_s45_v1,a94b3835135749e2f18b89fb6017d8d0b8b9d419cb0a1f9be11122d93d0a217f,02b8a64fc716d3b0d159c2a37c6233c5afa5e2db3bc98070e3a88c21683aed29,True,attention_lstm,0.95,43,equal original group diagnostic; distinct from pooled,0.48792095726710594,0.9559060557218513,2.581530761718753,3.233279169492394,0.6314139052686675
rico,30,0,45,degrees C,30,smart_building_conformal/outputs/matched_forecasting005/rico_h30_f0_s45_v1,a94b3835135749e2f18b89fb6017d8d0b8b9d419cb0a1f9be11122d93d0a217f,3b6f77e778a009fc19ea750996d39a8b1b9c61db93bae48713725210281ce09d,True,persistence,0.9,43,equal original group diagnostic; distinct from pooled,0.5826762840442731,0.9165526675786596,3.0,4.920905360029848,0.9574682395113303
rico,30,0,45,degrees C,30,smart_building_conformal/outputs/matched_forecasting005/rico_h30_f0_s45_v1,a94b3835135749e2f18b89fb6017d8d0b8b9d419cb0a1f9be11122d93d0a217f,3b6f77e778a009fc19ea750996d39a8b1b9c61db93bae48713725210281ce09d,True,persistence,0.95,43,equal original group diagnostic; distinct from pooled,0.5826762840442731,0.9461509762467354,4.0,6.44447208058699,0.9574682395113303
rico,30,0,45,degrees C,30,smart_building_conformal/outputs/matched_forecasting005/rico_h30_f0_s45_v1,a94b3835135749e2f18b89fb6017d8d0b8b9d419cb0a1f9be11122d93d0a217f,3b6f77e778a009fc19ea750996d39a8b1b9c61db93bae48713725210281ce09d,True,xgboost,0.9,43,equal original group diagnostic; distinct from pooled,0.4240098800488392,0.8501430170376818,1.5604598999023411,2.9481243674841986,0.5970130206775867
rico,30,0,45,degrees C,30,smart_building_conformal/outputs/matched_forecasting005/rico_h30_f0_s45_v1,a94b3835135749e2f18b89fb6017d8d0b8b9d419cb0a1f9be11122d93d0a217f,3b6f77e778a009fc19ea750996d39a8b1b9c61db93bae48713725210281ce09d,True,xgboost,0.95,43,equal original group diagnostic; distinct from pooled,0.4240098800488392,0.896779007586121,1.9813331604003896,3.7215387086046348,0.5970130206775867
rico,30,0,45,degrees C,30,smart_building_conformal/outputs/matched_forecasting005/rico_h30_f0_s45_v1,a94b3835135749e2f18b89fb6017d8d0b8b9d419cb0a1f9be11122d93d0a217f,3b6f77e778a009fc19ea750996d39a8b1b9c61db93bae48713725210281ce09d,True,attention_lstm,0.9,43,equal original group diagnostic; distinct from pooled,0.6189819956697525,0.9283671185175973,2.744908142089841,3.3645352759596703,0.788856186754635
rico,30,0,45,degrees C,30,smart_building_conformal/outputs/matched_forecasting005/rico_h30_f0_s45_v1,a94b3835135749e2f18b89fb6017d8d0b8b9d419cb0a1f9be11122d93d0a217f,3b6f77e778a009fc19ea750996d39a8b1b9c61db93bae48713725210281ce09d,True,attention_lstm,0.95,43,equal original group diagnostic; distinct from pooled,0.6189819956697525,0.9700286034075365,3.5438095092773447,3.9786368852171075,0.788856186754635
rico,60,0,45,degrees C,60,smart_building_conformal/outputs/matched_forecasting005/rico_h60_f0_s45_v1,a94b3835135749e2f18b89fb6017d8d0b8b9d419cb0a1f9be11122d93d0a217f,d6b8bba37de95183b62360d706317177bfba15aba34b647f220cbbe8595bb3e2,True,persistence,0.9,43,equal original group diagnostic; distinct from pooled,1.0726114649681526,0.908606132424826,5.199999999999995,8.281913790549547,1.647899872273392
rico,60,0,45,degrees C,60,smart_building_conformal/outputs/matched_forecasting005/rico_h60_f0_s45_v1,a94b3835135749e2f18b89fb6017d8d0b8b9d419cb0a1f9be11122d93d0a217f,d6b8bba37de95183b62360d706317177bfba15aba34b647f220cbbe8595bb3e2,True,persistence,0.95,43,equal original group diagnostic; distinct from pooled,1.0726114649681526,0.9425270330321432,6.799999999999997,10.610398459487481,1.647899872273392
rico,60,0,45,degrees C,60,smart_building_conformal/outputs/matched_forecasting005/rico_h60_f0_s45_v1,a94b3835135749e2f18b89fb6017d8d0b8b9d419cb0a1f9be11122d93d0a217f,d6b8bba37de95183b62360d706317177bfba15aba34b647f220cbbe8595bb3e2,True,xgboost,0.9,43,equal original group diagnostic; distinct from pooled,0.7579228304983191,0.8154347504073471,2.5985427856445313,5.748184669934243,1.0957960158881277
rico,60,0,45,degrees C,60,smart_building_conformal/outputs/matched_forecasting005/rico_h60_f0_s45_v1,a94b3835135749e2f18b89fb6017d8d0b8b9d419cb0a1f9be11122d93d0a217f,d6b8bba37de95183b62360d706317177bfba15aba34b647f220cbbe8595bb3e2,True,xgboost,0.95,43,equal original group diagnostic; distinct from pooled,0.7579228304983191,0.8832765516219822,3.402272033691405,7.288065939694047,1.0957960158881277
rico,60,0,45,degrees C,60,smart_building_conformal/outputs/matched_forecasting005/rico_h60_f0_s45_v1,a94b3835135749e2f18b89fb6017d8d0b8b9d419cb0a1f9be11122d93d0a217f,d6b8bba37de95183b62360d706317177bfba15aba34b647f220cbbe8595bb3e2,True,attention_lstm,0.9,43,equal original group diagnostic; distinct from pooled,0.8567884939897504,0.9117167826988593,3.576392364501954,4.336535069868663,1.074412526901831
rico,60,0,45,degrees C,60,smart_building_conformal/outputs/matched_forecasting005/rico_h60_f0_s45_v1,a94b3835135749e2f18b89fb6017d8d0b8b9d419cb0a1f9be11122d93d0a217f,d6b8bba37de95183b62360d706317177bfba15aba34b647f220cbbe8595bb3e2,True,attention_lstm,0.95,43,equal original group diagnostic; distinct from pooled,0.8567884939897504,0.9579321581987853,3.9975624084472656,4.998624409768973,1.074412526901831
rico,5,1,46,degrees C,5,smart_building_conformal/outputs/matched_forecasting005/rico_h5_f1_s46_v1,a94b3835135749e2f18b89fb6017d8d0b8b9d419cb0a1f9be11122d93d0a217f,700f37b782032116d9aaac448ea39fa9e4ec658081dd60a6063305f505d86dc2,True,persistence,0.9,41,equal original group diagnostic; distinct from pooled,0.11341463414634145,0.8520478601012424,0.3999999999999986,0.8960883571099882,0.17473271943102328
rico,5,1,46,degrees C,5,smart_building_conformal/outputs/matched_forecasting005/rico_h5_f1_s46_v1,a94b3835135749e2f18b89fb6017d8d0b8b9d419cb0a1f9be11122d93d0a217f,700f37b782032116d9aaac448ea39fa9e4ec658081dd60a6063305f505d86dc2,True,persistence,0.95,41,equal original group diagnostic; distinct from pooled,0.11341463414634145,0.9351127473538885,0.6000000000000014,1.0970087436723415,0.17473271943102328
rico,5,1,46,degrees C,5,smart_building_conformal/outputs/matched_forecasting005/rico_h5_f1_s46_v1,a94b3835135749e2f18b89fb6017d8d0b8b9d419cb0a1f9be11122d93d0a217f,700f37b782032116d9aaac448ea39fa9e4ec658081dd60a6063305f505d86dc2,True,xgboost,0.9,41,equal original group diagnostic; distinct from pooled,0.13322686040889706,0.861366774045099,0.4005699157714844,1.1407222023659787,0.23635987021615773
rico,5,1,46,degrees C,5,smart_building_conformal/outputs/matched_forecasting005/rico_h5_f1_s46_v1,a94b3835135749e2f18b89fb6017d8d0b8b9d419cb0a1f9be11122d93d0a217f,700f37b782032116d9aaac448ea39fa9e4ec658081dd60a6063305f505d86dc2,True,xgboost,0.95,41,equal original group diagnostic; distinct from pooled,0.13322686040889706,0.9129084215370453,0.528937530517581,1.7265947878223566,0.23635987021615773
rico,5,1,46,degrees C,5,smart_building_conformal/outputs/matched_forecasting005/rico_h5_f1_s46_v1,a94b3835135749e2f18b89fb6017d8d0b8b9d419cb0a1f9be11122d93d0a217f,700f37b782032116d9aaac448ea39fa9e4ec658081dd60a6063305f505d86dc2,True,attention_lstm,0.9,41,equal original group diagnostic; distinct from pooled,0.5888471914555584,0.9967786470317532,4.0398994445800795,4.047106465402421,0.7320374718141199
rico,5,1,46,degrees C,5,smart_building_conformal/outputs/matched_forecasting005/rico_h5_f1_s46_v1,a94b3835135749e2f18b89fb6017d8d0b8b9d419cb0a1f9be11122d93d0a217f,700f37b782032116d9aaac448ea39fa9e4ec658081dd60a6063305f505d86dc2,True,attention_lstm,0.95,41,equal original group diagnostic; distinct from pooled,0.5888471914555584,1.0,5.0484016418457,5.0484016418457,0.7320374718141199
rico,15,1,46,degrees C,15,smart_building_conformal/outputs/matched_forecasting005/rico_h15_f1_s46_v1,a94b3835135749e2f18b89fb6017d8d0b8b9d419cb0a1f9be11122d93d0a217f,9d15fb91cb02767e342d79592b63cc27f689243bd0fd81eb9afe26372d817566,True,persistence,0.9,41,equal original group diagnostic; distinct from pooled,0.32653948321661436,0.8235933349432505,1.0,2.636319729533929,0.4836895350204883
rico,15,1,46,degrees C,15,smart_building_conformal/outputs/matched_forecasting005/rico_h15_f1_s46_v1,a94b3835135749e2f18b89fb6017d8d0b8b9d419cb0a1f9be11122d93d0a217f,9d15fb91cb02767e342d79592b63cc27f689243bd0fd81eb9afe26372d817566,True,persistence,0.95,41,equal original group diagnostic; distinct from pooled,0.32653948321661436,0.8930210094180149,1.5999999999999943,3.163390485390008,0.4836895350204883
rico,15,1,46,degrees C,15,smart_building_conformal/outputs/matched_forecasting005/rico_h15_f1_s46_v1,a94b3835135749e2f18b89fb6017d8d0b8b9d419cb0a1f9be11122d93d0a217f,9d15fb91cb02767e342d79592b63cc27f689243bd0fd81eb9afe26372d817566,True,xgboost,0.9,41,equal original group diagnostic; distinct from pooled,0.42076841343776306,0.862714320212509,1.744817352294923,2.6555088685290635,0.5733974261353765
rico,15,1,46,degrees C,15,smart_building_conformal/outputs/matched_forecasting005/rico_h15_f1_s46_v1,a94b3835135749e2f18b89fb6017d8d0b8b9d419cb0a1f9be11122d93d0a217f,9d15fb91cb02767e342d79592b63cc27f689243bd0fd81eb9afe26372d817566,True,xgboost,0.95,41,equal original group diagnostic; distinct from pooled,0.42076841343776306,0.9118570393624728,2.1141952514648423,3.1178372878494027,0.5733974261353765
rico,15,1,46,degrees C,15,smart_building_conformal/outputs/matched_forecasting005/rico_h15_f1_s46_v1,a94b3835135749e2f18b89fb6017d8d0b8b9d419cb0a1f9be11122d93d0a217f,9d15fb91cb02767e342d79592b63cc27f689243bd0fd81eb9afe26372d817566,True,attention_lstm,0.9,41,equal original group diagnostic; distinct from pooled,0.8243482508195309,0.9488046365612172,3.8539199829101562,4.105427032448595,1.0287043138083145
rico,15,1,46,degrees C,15,smart_building_conformal/outputs/matched_forecasting005/rico_h15_f1_s46_v1,a94b3835135749e2f18b89fb6017d8d0b8b9d419cb0a1f9be11122d93d0a217f,9d15fb91cb02767e342d79592b63cc27f689243bd0fd81eb9afe26372d817566,True,attention_lstm,0.95,41,equal original group diagnostic; distinct from pooled,0.8243482508195309,0.9897367785559044,4.667549133300781,4.806065369389305,1.0287043138083145
rico,30,1,46,degrees C,30,smart_building_conformal/outputs/matched_forecasting005/rico_h30_f1_s46_v1,a94b3835135749e2f18b89fb6017d8d0b8b9d419cb0a1f9be11122d93d0a217f,6036eb2eba2ee0a52cc75fdce247c1aca7a1e644acd5059d7082928021caafa9,True,persistence,0.9,41,equal original group diagnostic; distinct from pooled,0.6189122212077736,0.8014868918742662,1.8000000000000047,4.878387896178424,0.8909132167183795
rico,30,1,46,degrees C,30,smart_building_conformal/outputs/matched_forecasting005/rico_h30_f1_s46_v1,a94b3835135749e2f18b89fb6017d8d0b8b9d419cb0a1f9be11122d93d0a217f,6036eb2eba2ee0a52cc75fdce247c1aca7a1e644acd5059d7082928021caafa9,True,persistence,0.95,41,equal original group diagnostic; distinct from pooled,0.6189122212077736,0.8923959827833572,2.799999999999997,5.868214425459764,0.8909132167183795
rico,30,1,46,degrees C,30,smart_building_conformal/outputs/matched_forecasting005/rico_h30_f1_s46_v1,a94b3835135749e2f18b89fb6017d8d0b8b9d419cb0a1f9be11122d93d0a217f,6036eb2eba2ee0a52cc75fdce247c1aca7a1e644acd5059d7082928021caafa9,True,xgboost,0.9,41,equal original group diagnostic; distinct from pooled,0.832500565333458,0.839572192513369,3.239492797851561,4.703930374887849,1.0758696087994177
rico,30,1,46,degrees C,30,smart_building_conformal/outputs/matched_forecasting005/rico_h30_f1_s46_v1,a94b3835135749e2f18b89fb6017d8d0b8b9d419cb0a1f9be11122d93d0a217f,6036eb2eba2ee0a52cc75fdce247c1aca7a1e644acd5059d7082928021caafa9,True,xgboost,0.95,41,equal original group diagnostic; distinct from pooled,0.832500565333458,0.8929176992304683,3.749422454833983,5.334710111925278,1.0758696087994177
rico,30,1,46,degrees C,30,smart_building_conformal/outputs/matched_forecasting005/rico_h30_f1_s46_v1,a94b3835135749e2f18b89fb6017d8d0b8b9d419cb0a1f9be11122d93d0a217f,6036eb2eba2ee0a52cc75fdce247c1aca7a1e644acd5059d7082928021caafa9,True,attention_lstm,0.9,41,equal original group diagnostic; distinct from pooled,0.9332279433199056,0.9079170470849094,4.285650634765624,4.994415426098789,1.1878619086839772
rico,30,1,46,degrees C,30,smart_building_conformal/outputs/matched_forecasting005/rico_h30_f1_s46_v1,a94b3835135749e2f18b89fb6017d8d0b8b9d419cb0a1f9be11122d93d0a217f,6036eb2eba2ee0a52cc75fdce247c1aca7a1e644acd5059d7082928021caafa9,True,attention_lstm,0.95,41,equal original group diagnostic; distinct from pooled,0.9332279433199056,0.926829268292683,4.64515838623047,5.466495893942852,1.1878619086839772
rico,60,1,46,degrees C,60,smart_building_conformal/outputs/matched_forecasting005/rico_h60_f1_s46_v1,a94b3835135749e2f18b89fb6017d8d0b8b9d419cb0a1f9be11122d93d0a217f,4a2a4f6ad9d8dfbd01db4f8c67d990f462484df0bd056e100512edf430d256fb,True,persistence,0.9,41,equal original group diagnostic; distinct from pooled,1.1399254311014448,0.7825073792139194,3.2000000000000024,8.36948889234115,1.5599375990833806
rico,60,1,46,degrees C,60,smart_building_conformal/outputs/matched_forecasting005/rico_h60_f1_s46_v1,a94b3835135749e2f18b89fb6017d8d0b8b9d419cb0a1f9be11122d93d0a217f,4a2a4f6ad9d8dfbd01db4f8c67d990f462484df0bd056e100512edf430d256fb,True,persistence,0.95,41,equal original group diagnostic; distinct from pooled,1.1399254311014448,0.8842628553674072,4.799999999999998,9.847071617212988,1.5599375990833806
rico,60,1,46,degrees C,60,smart_building_conformal/outputs/matched_forecasting005/rico_h60_f1_s46_v1,a94b3835135749e2f18b89fb6017d8d0b8b9d419cb0a1f9be11122d93d0a217f,4a2a4f6ad9d8dfbd01db4f8c67d990f462484df0bd056e100512edf430d256fb,True,xgboost,0.9,41,equal original group diagnostic; distinct from pooled,0.8457914278635759,0.9316451763243746,4.201091766357422,5.0872936222111385,1.1206449378969652
rico,60,1,46,degrees C,60,smart_building_conformal/outputs/matched_forecasting005/rico_h60_f1_s46_v1,a94b3835135749e2f18b89fb6017d8d0b8b9d419cb0a1f9be11122d93d0a217f,4a2a4f6ad9d8dfbd01db4f8c67d990f462484df0bd056e100512edf430d256fb,True,xgboost,0.95,41,equal original group diagnostic; distinct from pooled,0.8457914278635759,0.9523069752990525,4.709014129638674,5.89910529579493,1.1206449378969652
rico,60,1,46,degrees C,60,smart_building_conformal/outputs/matched_forecasting005/rico_h60_f1_s46_v1,a94b3835135749e2f18b89fb6017d8d0b8b9d419cb0a1f9be11122d93d0a217f,4a2a4f6ad9d8dfbd01db4f8c67d990f462484df0bd056e100512edf430d256fb,True,attention_lstm,0.9,41,equal original group diagnostic; distinct from pooled,1.1949300765398592,0.8897001708870592,5.079327392578123,6.928043627061144,1.5487172855188247
rico,60,1,46,degrees C,60,smart_building_conformal/outputs/matched_forecasting005/rico_h60_f1_s46_v1,a94b3835135749e2f18b89fb6017d8d0b8b9d419cb0a1f9be11122d93d0a217f,4a2a4f6ad9d8dfbd01db4f8c67d990f462484df0bd056e100512edf430d256fb,True,attention_lstm,0.95,41,equal original group diagnostic; distinct from pooled,1.1949300765398592,0.9280720832686035,5.990090942382814,8.09385989599389,1.5487172855188247
rico,5,0,46,degrees C,5,smart_building_conformal/outputs/matched_forecasting005/rico_h5_f0_s46_v1,a94b3835135749e2f18b89fb6017d8d0b8b9d419cb0a1f9be11122d93d0a217f,fc8c69fd2c3a2a71958f06036813be5af871658ce02f58821403d78fd1d3592c,True,persistence,0.9,43,equal original group diagnostic; distinct from pooled,0.10910487055726197,0.9347301448003511,0.6000000000000014,0.9780166739798162,0.19097679676376933
rico,5,0,46,degrees C,5,smart_building_conformal/outputs/matched_forecasting005/rico_h5_f0_s46_v1,a94b3835135749e2f18b89fb6017d8d0b8b9d419cb0a1f9be11122d93d0a217f,fc8c69fd2c3a2a71958f06036813be5af871658ce02f58821403d78fd1d3592c,True,persistence,0.95,43,equal original group diagnostic; distinct from pooled,0.10910487055726197,0.9477841158402809,0.7999999999999972,1.2967090829311105,0.19097679676376933
rico,5,0,46,degrees C,5,smart_building_conformal/outputs/matched_forecasting005/rico_h5_f0_s46_v1,a94b3835135749e2f18b89fb6017d8d0b8b9d419cb0a1f9be11122d93d0a217f,fc8c69fd2c3a2a71958f06036813be5af871658ce02f58821403d78fd1d3592c,True,xgboost,0.9,43,equal original group diagnostic; distinct from pooled,0.0930959559261092,0.8646336112329969,0.34389038085937784,0.5589099668106932,0.12367550054216336
rico,5,0,46,degrees C,5,smart_building_conformal/outputs/matched_forecasting005/rico_h5_f0_s46_v1,a94b3835135749e2f18b89fb6017d8d0b8b9d419cb0a1f9be11122d93d0a217f,fc8c69fd2c3a2a71958f06036813be5af871658ce02f58821403d78fd1d3592c,True,xgboost,0.95,43,equal original group diagnostic; distinct from pooled,0.0930959559261092,0.9359368143922775,0.44589767456054796,0.6799986340069576,0.12367550054216336
rico,5,0,46,degrees C,5,smart_building_conformal/outputs/matched_forecasting005/rico_h5_f0_s46_v1,a94b3835135749e2f18b89fb6017d8d0b8b9d419cb0a1f9be11122d93d0a217f,fc8c69fd2c3a2a71958f06036813be5af871658ce02f58821403d78fd1d3592c,True,attention_lstm,0.9,43,equal original group diagnostic; distinct from pooled,0.4124285044299766,0.9030276437033786,1.7617614746093724,2.2417252124218945,0.5276530463459739
rico,5,0,46,degrees C,5,smart_building_conformal/outputs/matched_forecasting005/rico_h5_f0_s46_v1,a94b3835135749e2f18b89fb6017d8d0b8b9d419cb0a1f9be11122d93d0a217f,fc8c69fd2c3a2a71958f06036813be5af871658ce02f58821403d78fd1d3592c,True,attention_lstm,0.95,43,equal original group diagnostic; distinct from pooled,0.4124285044299766,0.9553532250987273,2.232158660888672,2.5323963173652433,0.5276530463459739
rico,15,0,46,degrees C,15,smart_building_conformal/outputs/matched_forecasting005/rico_h15_f0_s46_v1,a94b3835135749e2f18b89fb6017d8d0b8b9d419cb0a1f9be11122d93d0a217f,a9aa95f7fc5f7421389a93a8419e797cc7b79c9f83c3c516c9012ab5755f3645,True,persistence,0.9,43,equal original group diagnostic; distinct from pooled,0.310108220124338,0.9186046511627907,1.600000000000001,2.7213446926087954,0.5257189194087168
rico,15,0,46,degrees C,15,smart_building_conformal/outputs/matched_forecasting005/rico_h15_f0_s46_v1,a94b3835135749e2f18b89fb6017d8d0b8b9d419cb0a1f9be11122d93d0a217f,a9aa95f7fc5f7421389a93a8419e797cc7b79c9f83c3c516c9012ab5755f3645,True,persistence,0.95,43,equal original group diagnostic; distinct from pooled,0.310108220124338,0.9485378770435183,2.200000000000003,3.6114667280681534,0.5257189194087168
rico,15,0,46,degrees C,15,smart_building_conformal/outputs/matched_forecasting005/rico_h15_f0_s46_v1,a94b3835135749e2f18b89fb6017d8d0b8b9d419cb0a1f9be11122d93d0a217f,a9aa95f7fc5f7421389a93a8419e797cc7b79c9f83c3c516c9012ab5755f3645,True,xgboost,0.9,43,equal original group diagnostic; distinct from pooled,0.22218092818043897,0.8521759152659453,0.8401222229003906,1.4895125926433002,0.31078141507224016
rico,15,0,46,degrees C,15,smart_building_conformal/outputs/matched_forecasting005/rico_h15_f0_s46_v1,a94b3835135749e2f18b89fb6017d8d0b8b9d419cb0a1f9be11122d93d0a217f,a9aa95f7fc5f7421389a93a8419e797cc7b79c9f83c3c516c9012ab5755f3645,True,xgboost,0.95,43,equal original group diagnostic; distinct from pooled,0.22218092818043897,0.9148054340317753,1.0679519653320284,1.8469160139245053,0.31078141507224016
rico,15,0,46,degrees C,15,smart_building_conformal/outputs/matched_forecasting005/rico_h15_f0_s46_v1,a94b3835135749e2f18b89fb6017d8d0b8b9d419cb0a1f9be11122d93d0a217f,a9aa95f7fc5f7421389a93a8419e797cc7b79c9f83c3c516c9012ab5755f3645,True,attention_lstm,0.9,43,equal original group diagnostic; distinct from pooled,0.4595516712962552,0.8657609947041215,1.728338623046874,2.754298181202234,0.6003089751491962
rico,15,0,46,degrees C,15,smart_building_conformal/outputs/matched_forecasting005/rico_h15_f0_s46_v1,a94b3835135749e2f18b89fb6017d8d0b8b9d419cb0a1f9be11122d93d0a217f,a9aa95f7fc5f7421389a93a8419e797cc7b79c9f83c3c516c9012ab5755f3645,True,attention_lstm,0.95,43,equal original group diagnostic; distinct from pooled,0.4595516712962552,0.9122726226110983,2.1391677856445312,3.2884557523294813,0.6003089751491962
rico,30,0,46,degrees C,30,smart_building_conformal/outputs/matched_forecasting005/rico_h30_f0_s46_v1,a94b3835135749e2f18b89fb6017d8d0b8b9d419cb0a1f9be11122d93d0a217f,7156939e7a0a8e5a2a20d5f1c3732b58a8f7dfc65075264d23a5e285f0bde468,True,persistence,0.9,43,equal original group diagnostic; distinct from pooled,0.5826762840442731,0.9165526675786596,3.0,4.920905360029848,0.9574682395113303
rico,30,0,46,degrees C,30,smart_building_conformal/outputs/matched_forecasting005/rico_h30_f0_s46_v1,a94b3835135749e2f18b89fb6017d8d0b8b9d419cb0a1f9be11122d93d0a217f,7156939e7a0a8e5a2a20d5f1c3732b58a8f7dfc65075264d23a5e285f0bde468,True,persistence,0.95,43,equal original group diagnostic; distinct from pooled,0.5826762840442731,0.9461509762467354,4.0,6.44447208058699,0.9574682395113303
rico,30,0,46,degrees C,30,smart_building_conformal/outputs/matched_forecasting005/rico_h30_f0_s46_v1,a94b3835135749e2f18b89fb6017d8d0b8b9d419cb0a1f9be11122d93d0a217f,7156939e7a0a8e5a2a20d5f1c3732b58a8f7dfc65075264d23a5e285f0bde468,True,xgboost,0.9,43,equal original group diagnostic; distinct from pooled,0.3721412429316187,0.8460390498694192,1.353499603271487,2.88557051511683,0.5602591981112246
rico,30,0,46,degrees C,30,smart_building_conformal/outputs/matched_forecasting005/rico_h30_f0_s46_v1,a94b3835135749e2f18b89fb6017d8d0b8b9d419cb0a1f9be11122d93d0a217f,7156939e7a0a8e5a2a20d5f1c3732b58a8f7dfc65075264d23a5e285f0bde468,True,xgboost,0.95,43,equal original group diagnostic; distinct from pooled,0.3721412429316187,0.9039920407909463,1.737776947021487,3.8795163642646986,0.5602591981112246
rico,30,0,46,degrees C,30,smart_building_conformal/outputs/matched_forecasting005/rico_h30_f0_s46_v1,a94b3835135749e2f18b89fb6017d8d0b8b9d419cb0a1f9be11122d93d0a217f,7156939e7a0a8e5a2a20d5f1c3732b58a8f7dfc65075264d23a5e285f0bde468,True,attention_lstm,0.9,43,equal original group diagnostic; distinct from pooled,0.536984641302019,0.8837209302325582,2.1051315307617178,3.4705962350098383,0.7240335241000974
rico,30,0,46,degrees C,30,smart_building_conformal/outputs/matched_forecasting005/rico_h30_f0_s46_v1,a94b3835135749e2f18b89fb6017d8d0b8b9d419cb0a1f9be11122d93d0a217f,7156939e7a0a8e5a2a20d5f1c3732b58a8f7dfc65075264d23a5e285f0bde468,True,attention_lstm,0.95,43,equal original group diagnostic; distinct from pooled,0.536984641302019,0.9279940305932098,2.969091796874999,4.183585249406604,0.7240335241000974
rico,60,0,46,degrees C,60,smart_building_conformal/outputs/matched_forecasting005/rico_h60_f0_s46_v1,a94b3835135749e2f18b89fb6017d8d0b8b9d419cb0a1f9be11122d93d0a217f,c8a0f7f09c510ab5d3239bbece5a47692acdfb33881d2fa9338f70f7a34d4d65,True,persistence,0.9,43,equal original group diagnostic; distinct from pooled,1.0726114649681526,0.908606132424826,5.199999999999995,8.281913790549547,1.647899872273392
rico,60,0,46,degrees C,60,smart_building_conformal/outputs/matched_forecasting005/rico_h60_f0_s46_v1,a94b3835135749e2f18b89fb6017d8d0b8b9d419cb0a1f9be11122d93d0a217f,c8a0f7f09c510ab5d3239bbece5a47692acdfb33881d2fa9338f70f7a34d4d65,True,persistence,0.95,43,equal original group diagnostic; distinct from pooled,1.0726114649681526,0.9425270330321432,6.799999999999997,10.610398459487481,1.647899872273392
rico,60,0,46,degrees C,60,smart_building_conformal/outputs/matched_forecasting005/rico_h60_f0_s46_v1,a94b3835135749e2f18b89fb6017d8d0b8b9d419cb0a1f9be11122d93d0a217f,c8a0f7f09c510ab5d3239bbece5a47692acdfb33881d2fa9338f70f7a34d4d65,True,xgboost,0.9,43,equal original group diagnostic; distinct from pooled,0.7518243099738714,0.8299511183528366,2.720465087890625,5.856023446649396,1.0993730641101849
rico,60,0,46,degrees C,60,smart_building_conformal/outputs/matched_forecasting005/rico_h60_f0_s46_v1,a94b3835135749e2f18b89fb6017d8d0b8b9d419cb0a1f9be11122d93d0a217f,c8a0f7f09c510ab5d3239bbece5a47692acdfb33881d2fa9338f70f7a34d4d65,True,xgboost,0.95,43,equal original group diagnostic; distinct from pooled,0.7518243099738714,0.8736483483928308,3.624445343017577,7.240075302858588,1.0993730641101849
rico,60,0,46,degrees C,60,smart_building_conformal/outputs/matched_forecasting005/rico_h60_f0_s46_v1,a94b3835135749e2f18b89fb6017d8d0b8b9d419cb0a1f9be11122d93d0a217f,c8a0f7f09c510ab5d3239bbece5a47692acdfb33881d2fa9338f70f7a34d4d65,True,attention_lstm,0.9,43,equal original group diagnostic; distinct from pooled,0.8619327334682424,0.8225448081765663,2.8480072021484375,4.985335617732197,1.1227195198809732
rico,60,0,46,degrees C,60,smart_building_conformal/outputs/matched_forecasting005/rico_h60_f0_s46_v1,a94b3835135749e2f18b89fb6017d8d0b8b9d419cb0a1f9be11122d93d0a217f,c8a0f7f09c510ab5d3239bbece5a47692acdfb33881d2fa9338f70f7a34d4d65,True,attention_lstm,0.95,43,equal original group diagnostic; distinct from pooled,0.8619327334682424,0.9474151977484817,3.943964385986327,6.088641657918983,1.1227195198809732
bdg2,3,1,42,kWh per hour,180,smart_building_conformal/outputs/matched_forecasting005/bdg2_h3_f1_s42_v1,a94b3835135749e2f18b89fb6017d8d0b8b9d419cb0a1f9be11122d93d0a217f,ad66c8593217d635e7ccbc0d6004290473fb9169afeb10f8d024d50a5e53f48f,True,persistence,0.9,10,equal original group diagnostic; distinct from pooled,37.130546332908935,0.9170553002878531,255.31800000000013,378.1043080493392,72.29328058923095
bdg2,3,1,42,kWh per hour,180,smart_building_conformal/outputs/matched_forecasting005/bdg2_h3_f1_s42_v1,a94b3835135749e2f18b89fb6017d8d0b8b9d419cb0a1f9be11122d93d0a217f,ad66c8593217d635e7ccbc0d6004290473fb9169afeb10f8d024d50a5e53f48f,True,persistence,0.95,10,equal original group diagnostic; distinct from pooled,37.130546332908935,0.9575248299333898,356.6119999999993,477.77981654724556,72.29328058923095
bdg2,3,1,42,kWh per hour,180,smart_building_conformal/outputs/matched_forecasting005/bdg2_h3_f1_s42_v1,a94b3835135749e2f18b89fb6017d8d0b8b9d419cb0a1f9be11122d93d0a217f,ad66c8593217d635e7ccbc0d6004290473fb9169afeb10f8d024d50a5e53f48f,True,xgboost,0.9,10,equal original group diagnostic; distinct from pooled,24.7155025785049,0.9078523879488571,131.8398747558594,221.51458049115053,46.78345013143056
bdg2,3,1,42,kWh per hour,180,smart_building_conformal/outputs/matched_forecasting005/bdg2_h3_f1_s42_v1,a94b3835135749e2f18b89fb6017d8d0b8b9d419cb0a1f9be11122d93d0a217f,ad66c8593217d635e7ccbc0d6004290473fb9169afeb10f8d024d50a5e53f48f,True,xgboost,0.95,10,equal original group diagnostic; distinct from pooled,24.7155025785049,0.9594492132987298,196.17205810546875,294.9331926928865,46.78345013143056
bdg2,3,1,42,kWh per hour,180,smart_building_conformal/outputs/matched_forecasting005/bdg2_h3_f1_s42_v1,a94b3835135749e2f18b89fb6017d8d0b8b9d419cb0a1f9be11122d93d0a217f,ad66c8593217d635e7ccbc0d6004290473fb9169afeb10f8d024d50a5e53f48f,True,attention_lstm,0.9,10,equal original group diagnostic; distinct from pooled,28.518186873346178,0.9057392542485246,143.5853271484375,246.0958060955608,52.52229028235435
bdg2,3,1,42,kWh per hour,180,smart_building_conformal/outputs/matched_forecasting005/bdg2_h3_f1_s42_v1,a94b3835135749e2f18b89fb6017d8d0b8b9d419cb0a1f9be11122d93d0a217f,ad66c8593217d635e7ccbc0d6004290473fb9169afeb10f8d024d50a5e53f48f,True,attention_lstm,0.95,10,equal original group diagnostic; distinct from pooled,28.518186873346178,0.9596166797376903,214.31854248046875,329.65176089242476,52.52229028235435
bdg2,6,1,42,kWh per hour,360,smart_building_conformal/outputs/matched_forecasting005/bdg2_h6_f1_s42_v1,a94b3835135749e2f18b89fb6017d8d0b8b9d419cb0a1f9be11122d93d0a217f,b84f501d2e055a22e83c4ad2a296e2d89b986e587233bf753b8309b2fd241ac0,True,persistence,0.9,10,equal original group diagnostic; distinct from pooled,63.54162136840083,0.9157122302158273,416.0,567.9334998561151,111.20040542815131
bdg2,6,1,42,kWh per hour,360,smart_building_conformal/outputs/matched_forecasting005/bdg2_h6_f1_s42_v1,a94b3835135749e2f18b89fb6017d8d0b8b9d419cb0a1f9be11122d93d0a217f,b84f501d2e055a22e83c4ad2a296e2d89b986e587233bf753b8309b2fd241ac0,True,persistence,0.95,10,equal original group diagnostic; distinct from pooled,63.54162136840083,0.9532086330935252,519.5599999999997,690.4246932949637,111.20040542815131
bdg2,6,1,42,kWh per hour,360,smart_building_conformal/outputs/matched_forecasting005/bdg2_h6_f1_s42_v1,a94b3835135749e2f18b89fb6017d8d0b8b9d419cb0a1f9be11122d93d0a217f,b84f501d2e055a22e83c4ad2a296e2d89b986e587233bf753b8309b2fd241ac0,True,xgboost,0.9,10,equal original group diagnostic; distinct from pooled,31.022336824564217,0.9010650601685184,157.63340332031248,274.5443278627493,56.946234576856355
bdg2,6,1,42,kWh per hour,360,smart_building_conformal/outputs/matched_forecasting005/bdg2_h6_f1_s42_v1,a94b3835135749e2f18b89fb6017d8d0b8b9d419cb0a1f9be11122d93d0a217f,b84f501d2e055a22e83c4ad2a296e2d89b986e587233bf753b8309b2fd241ac0,True,xgboost,0.95,10,equal original group diagnostic; distinct from pooled,31.022336824564217,0.9562859717432881,236.7862457275391,363.1077711288429,56.946234576856355
bdg2,6,1,42,kWh per hour,360,smart_building_conformal/outputs/matched_forecasting005/bdg2_h6_f1_s42_v1,a94b3835135749e2f18b89fb6017d8d0b8b9d419cb0a1f9be11122d93d0a217f,b84f501d2e055a22e83c4ad2a296e2d89b986e587233bf753b8309b2fd241ac0,True,attention_lstm,0.9,10,equal original group diagnostic; distinct from pooled,35.729733545929086,0.9063161119338693,181.26897314453137,319.32982317002677,66.59478341823629
bdg2,6,1,42,kWh per hour,360,smart_building_conformal/outputs/matched_forecasting005/bdg2_h6_f1_s42_v1,a94b3835135749e2f18b89fb6017d8d0b8b9d419cb0a1f9be11122d93d0a217f,b84f501d2e055a22e83c4ad2a296e2d89b986e587233bf753b8309b2fd241ac0,True,attention_lstm,0.95,10,equal original group diagnostic; distinct from pooled,35.729733545929086,0.954241607581739,266.0299589843752,429.21988810365457,66.59478341823629
bdg2,1,0,42,kWh per hour,60,smart_building_conformal/outputs/matched_forecasting005/bdg2_h1_f0_s42_v1,a94b3835135749e2f18b89fb6017d8d0b8b9d419cb0a1f9be11122d93d0a217f,903363aeb03f9eeee3aef13f3b9fa7469364746d3885fdee5071f9affb2052d0,True,persistence,0.9,10,equal original group diagnostic; distinct from pooled,18.80876497440781,0.8919862343665418,104.0,190.18419698789924,37.71342860646991
bdg2,1,0,42,kWh per hour,60,smart_building_conformal/outputs/matched_forecasting005/bdg2_h1_f0_s42_v1,a94b3835135749e2f18b89fb6017d8d0b8b9d419cb0a1f9be11122d93d0a217f,903363aeb03f9eeee3aef13f3b9fa7469364746d3885fdee5071f9affb2052d0,True,persistence,0.95,10,equal original group diagnostic; distinct from pooled,18.80876497440781,0.9460871670902634,152.32400000000004,250.84857445356027,37.71342860646991
bdg2,1,0,42,kWh per hour,60,smart_building_conformal/outputs/matched_forecasting005/bdg2_h1_f0_s42_v1,a94b3835135749e2f18b89fb6017d8d0b8b9d419cb0a1f9be11122d93d0a217f,903363aeb03f9eeee3aef13f3b9fa7469364746d3885fdee5071f9affb2052d0,True,xgboost,0.9,10,equal original group diagnostic; distinct from pooled,16.618183017593,0.8923539363819865,82.25079882812497,156.1889234629684,31.78042704102719
bdg2,1,0,42,kWh per hour,60,smart_building_conformal/outputs/matched_forecasting005/bdg2_h1_f0_s42_v1,a94b3835135749e2f18b89fb6017d8d0b8b9d419cb0a1f9be11122d93d0a217f,903363aeb03f9eeee3aef13f3b9fa7469364746d3885fdee5071f9affb2052d0,True,xgboost,0.95,10,equal original group diagnostic; distinct from pooled,16.618183017593,0.9453103873632971,121.57402343749982,208.2205893990958,31.78042704102719
bdg2,1,0,42,kWh per hour,60,smart_building_conformal/outputs/matched_forecasting005/bdg2_h1_f0_s42_v1,a94b3835135749e2f18b89fb6017d8d0b8b9d419cb0a1f9be11122d93d0a217f,903363aeb03f9eeee3aef13f3b9fa7469364746d3885fdee5071f9affb2052d0,True,attention_lstm,0.9,10,equal original group diagnostic; distinct from pooled,16.73416814863707,0.8980792553213115,84.76675415039062,156.80321289028947,31.591488291384575
bdg2,1,0,42,kWh per hour,60,smart_building_conformal/outputs/matched_forecasting005/bdg2_h1_f0_s42_v1,a94b3835135749e2f18b89fb6017d8d0b8b9d419cb0a1f9be11122d93d0a217f,903363aeb03f9eeee3aef13f3b9fa7469364746d3885fdee5071f9affb2052d0,True,attention_lstm,0.95,10,equal original group diagnostic; distinct from pooled,16.73416814863707,0.945339263686864,123.25351025390633,209.1200036581693,31.591488291384575
bdg2,3,0,42,kWh per hour,180,smart_building_conformal/outputs/matched_forecasting005/bdg2_h3_f0_s42_v1,a94b3835135749e2f18b89fb6017d8d0b8b9d419cb0a1f9be11122d93d0a217f,9503143ce3e99710afe24d5eabf50b0791e4bbe18de2eea65e877e46d6f9de20,True,persistence,0.9,10,equal original group diagnostic; distinct from pooled,35.79757319259545,0.9072480224728856,225.47200000000066,367.2105364116809,69.72493052863285
bdg2,3,0,42,kWh per hour,180,smart_building_conformal/outputs/matched_forecasting005/bdg2_h3_f0_s42_v1,a94b3835135749e2f18b89fb6017d8d0b8b9d419cb0a1f9be11122d93d0a217f,9503143ce3e99710afe24d5eabf50b0791e4bbe18de2eea65e877e46d6f9de20,True,persistence,0.95,10,equal original group diagnostic; distinct from pooled,35.79757319259545,0.9520421055142796,334.0,470.05126050674653,69.72493052863285
bdg2,3,0,42,kWh per hour,180,smart_building_conformal/outputs/matched_forecasting005/bdg2_h3_f0_s42_v1,a94b3835135749e2f18b89fb6017d8d0b8b9d419cb0a1f9be11122d93d0a217f,9503143ce3e99710afe24d5eabf50b0791e4bbe18de2eea65e877e46d6f9de20,True,xgboost,0.9,10,equal original group diagnostic; distinct from pooled,24.199350623955574,0.8982692219075238,125.43434570312502,233.58473136707647,47.55892531196904
bdg2,3,0,42,kWh per hour,180,smart_building_conformal/outputs/matched_forecasting005/bdg2_h3_f0_s42_v1,a94b3835135749e2f18b89fb6017d8d0b8b9d419cb0a1f9be11122d93d0a217f,9503143ce3e99710afe24d5eabf50b0791e4bbe18de2eea65e877e46d6f9de20,True,xgboost,0.95,10,equal original group diagnostic; distinct from pooled,24.199350623955574,0.9440978130674816,179.35591015625,313.61504983315945,47.55892531196904
bdg2,3,0,42,kWh per hour,180,smart_building_conformal/outputs/matched_forecasting005/bdg2_h3_f0_s42_v1,a94b3835135749e2f18b89fb6017d8d0b8b9d419cb0a1f9be11122d93d0a217f,9503143ce3e99710afe24d5eabf50b0791e4bbe18de2eea65e877e46d6f9de20,True,attention_lstm,0.9,10,equal original group diagnostic; distinct from pooled,25.95962924215844,0.8951252345418285,130.08562792968746,246.52474853388853,49.49846487534464
bdg2,3,0,42,kWh per hour,180,smart_building_conformal/outputs/matched_forecasting005/bdg2_h3_f0_s42_v1,a94b3835135749e2f18b89fb6017d8d0b8b9d419cb0a1f9be11122d93d0a217f,9503143ce3e99710afe24d5eabf50b0791e4bbe18de2eea65e877e46d6f9de20,True,attention_lstm,0.95,10,equal original group diagnostic; distinct from pooled,25.95962924215844,0.9446067347176234,189.72547070312504,330.76725861277583,49.49846487534464
bdg2,6,0,42,kWh per hour,360,smart_building_conformal/outputs/matched_forecasting005/bdg2_h6_f0_s42_v1,a94b3835135749e2f18b89fb6017d8d0b8b9d419cb0a1f9be11122d93d0a217f,cb1d502556e277e1cf7e312d06c35da6bdc291d61ea507a205333d5e373cf772,True,persistence,0.9,10,equal original group diagnostic; distinct from pooled,60.58568980319764,0.906931366339129,382.2940000000003,541.2861709684855,106.21841682479366
bdg2,6,0,42,kWh per hour,360,smart_building_conformal/outputs/matched_forecasting005/bdg2_h6_f0_s42_v1,a94b3835135749e2f18b89fb6017d8d0b8b9d419cb0a1f9be11122d93d0a217f,cb1d502556e277e1cf7e312d06c35da6bdc291d61ea507a205333d5e373cf772,True,persistence,0.95,10,equal original group diagnostic; distinct from pooled,60.58568980319764,0.95644349230458,506.0,659.7631552806729,106.21841682479366
bdg2,6,0,42,kWh per hour,360,smart_building_conformal/outputs/matched_forecasting005/bdg2_h6_f0_s42_v1,a94b3835135749e2f18b89fb6017d8d0b8b9d419cb0a1f9be11122d93d0a217f,cb1d502556e277e1cf7e312d06c35da6bdc291d61ea507a205333d5e373cf772,True,xgboost,0.9,10,equal original group diagnostic; distinct from pooled,28.988194640957992,0.903160681285236,157.14646181640632,283.2537525479089,57.15232230434443
bdg2,6,0,42,kWh per hour,360,smart_building_conformal/outputs/matched_forecasting005/bdg2_h6_f0_s42_v1,a94b3835135749e2f18b89fb6017d8d0b8b9d419cb0a1f9be11122d93d0a217f,cb1d502556e277e1cf7e312d06c35da6bdc291d61ea507a205333d5e373cf772,True,xgboost,0.95,10,equal original group diagnostic; distinct from pooled,28.988194640957992,0.9481272985942304,223.72821386718755,380.77991148543623,57.15232230434443
bdg2,6,0,42,kWh per hour,360,smart_building_conformal/outputs/matched_forecasting005/bdg2_h6_f0_s42_v1,a94b3835135749e2f18b89fb6017d8d0b8b9d419cb0a1f9be11122d93d0a217f,cb1d502556e277e1cf7e312d06c35da6bdc291d61ea507a205333d5e373cf772,True,attention_lstm,0.9,10,equal original group diagnostic; distinct from pooled,33.69285602198357,0.9119020498420513,177.89471435546875,308.8547497540949,63.030944835577905
bdg2,6,0,42,kWh per hour,360,smart_building_conformal/outputs/matched_forecasting005/bdg2_h6_f0_s42_v1,a94b3835135749e2f18b89fb6017d8d0b8b9d419cb0a1f9be11122d93d0a217f,cb1d502556e277e1cf7e312d06c35da6bdc291d61ea507a205333d5e373cf772,True,attention_lstm,0.95,10,equal original group diagnostic; distinct from pooled,33.69285602198357,0.9581976865654317,263.50221093749997,420.2205616625678,63.030944835577905
bdg2,1,1,43,kWh per hour,60,smart_building_conformal/outputs/matched_forecasting005/bdg2_h1_f1_s43_v1,a94b3835135749e2f18b89fb6017d8d0b8b9d419cb0a1f9be11122d93d0a217f,d3327ce08965ad0372f97c1be428b9b0f5f943e6f24239c4a1680c22fec9d7c8,True,persistence,0.9,10,equal original group diagnostic; distinct from pooled,18.03227690287246,0.9204804241602661,118.33199999999995,187.2731211975764,38.28946486508666
bdg2,1,1,43,kWh per hour,60,smart_building_conformal/outputs/matched_forecasting005/bdg2_h1_f1_s43_v1,a94b3835135749e2f18b89fb6017d8d0b8b9d419cb0a1f9be11122d93d0a217f,d3327ce08965ad0372f97c1be428b9b0f5f943e6f24239c4a1680c22fec9d7c8,True,persistence,0.95,10,equal original group diagnostic; distinct from pooled,18.03227690287246,0.9601118484123479,170.0,249.28065430459236,38.28946486508666
bdg2,1,1,43,kWh per hour,60,smart_building_conformal/outputs/matched_forecasting005/bdg2_h1_f1_s43_v1,a94b3835135749e2f18b89fb6017d8d0b8b9d419cb0a1f9be11122d93d0a217f,d3327ce08965ad0372f97c1be428b9b0f5f943e6f24239c4a1680c22fec9d7c8,True,xgboost,0.9,10,equal original group diagnostic; distinct from pooled,17.008300248912157,0.9182037833639807,96.48285986328128,158.15181878405306,33.61448630610143
bdg2,1,1,43,kWh per hour,60,smart_building_conformal/outputs/matched_forecasting005/bdg2_h1_f1_s43_v1,a94b3835135749e2f18b89fb6017d8d0b8b9d419cb0a1f9be11122d93d0a217f,d3327ce08965ad0372f97c1be428b9b0f5f943e6f24239c4a1680c22fec9d7c8,True,xgboost,0.95,10,equal original group diagnostic; distinct from pooled,17.008300248912157,0.9607140912242974,139.9117285156251,213.2648118253664,33.61448630610143
bdg2,1,1,43,kWh per hour,60,smart_building_conformal/outputs/matched_forecasting005/bdg2_h1_f1_s43_v1,a94b3835135749e2f18b89fb6017d8d0b8b9d419cb0a1f9be11122d93d0a217f,d3327ce08965ad0372f97c1be428b9b0f5f943e6f24239c4a1680c22fec9d7c8,True,attention_lstm,0.9,10,equal original group diagnostic; distinct from pooled,17.146366029654384,0.9158416492824856,95.22630322265627,157.3705337787366,33.6988537946142
bdg2,1,1,43,kWh per hour,60,smart_building_conformal/outputs/matched_forecasting005/bdg2_h1_f1_s43_v1,a94b3835135749e2f18b89fb6017d8d0b8b9d419cb0a1f9be11122d93d0a217f,d3327ce08965ad0372f97c1be428b9b0f5f943e6f24239c4a1680c22fec9d7c8,True,attention_lstm,0.95,10,equal original group diagnostic; distinct from pooled,17.146366029654384,0.9620408646431639,139.19859667968808,212.6508844473933,33.6988537946142
bdg2,3,1,43,kWh per hour,180,smart_building_conformal/outputs/matched_forecasting005/bdg2_h3_f1_s43_v1,a94b3835135749e2f18b89fb6017d8d0b8b9d419cb0a1f9be11122d93d0a217f,487d3c82fd70e5707675be8038196a38e810a0504f785ee580590aab7c6aee7d,True,persistence,0.9,10,equal original group diagnostic; distinct from pooled,37.130546332908935,0.9170553002878531,255.31800000000013,378.1043080493392,72.29328058923095
bdg2,3,1,43,kWh per hour,180,smart_building_conformal/outputs/matched_forecasting005/bdg2_h3_f1_s43_v1,a94b3835135749e2f18b89fb6017d8d0b8b9d419cb0a1f9be11122d93d0a217f,487d3c82fd70e5707675be8038196a38e810a0504f785ee580590aab7c6aee7d,True,persistence,0.95,10,equal original group diagnostic; distinct from pooled,37.130546332908935,0.9575248299333898,356.6119999999993,477.77981654724556,72.29328058923095
bdg2,3,1,43,kWh per hour,180,smart_building_conformal/outputs/matched_forecasting005/bdg2_h3_f1_s43_v1,a94b3835135749e2f18b89fb6017d8d0b8b9d419cb0a1f9be11122d93d0a217f,487d3c82fd70e5707675be8038196a38e810a0504f785ee580590aab7c6aee7d,True,xgboost,0.9,10,equal original group diagnostic; distinct from pooled,24.273521293952545,0.906559972216954,131.3284355468752,220.9013844597029,46.54095486429573
bdg2,3,1,43,kWh per hour,180,smart_building_conformal/outputs/matched_forecasting005/bdg2_h3_f1_s43_v1,a94b3835135749e2f18b89fb6017d8d0b8b9d419cb0a1f9be11122d93d0a217f,487d3c82fd70e5707675be8038196a38e810a0504f785ee580590aab7c6aee7d,True,xgboost,0.95,10,equal original group diagnostic; distinct from pooled,24.273521293952545,0.9610607240900968,199.42576513671884,294.66861249010856,46.54095486429573
bdg2,3,1,43,kWh per hour,180,smart_building_conformal/outputs/matched_forecasting005/bdg2_h3_f1_s43_v1,a94b3835135749e2f18b89fb6017d8d0b8b9d419cb0a1f9be11122d93d0a217f,487d3c82fd70e5707675be8038196a38e810a0504f785ee580590aab7c6aee7d,True,attention_lstm,0.9,10,equal original group diagnostic; distinct from pooled,28.658762995626915,0.9129150143386126,148.9100341796875,239.6034515904592,50.479071076888765
bdg2,3,1,43,kWh per hour,180,smart_building_conformal/outputs/matched_forecasting005/bdg2_h3_f1_s43_v1,a94b3835135749e2f18b89fb6017d8d0b8b9d419cb0a1f9be11122d93d0a217f,487d3c82fd70e5707675be8038196a38e810a0504f785ee580590aab7c6aee7d,True,attention_lstm,0.95,10,equal original group diagnostic; distinct from pooled,28.658762995626915,0.9624990481268719,219.14966015624992,318.45772820912384,50.479071076888765
bdg2,6,1,43,kWh per hour,360,smart_building_conformal/outputs/matched_forecasting005/bdg2_h6_f1_s43_v1,a94b3835135749e2f18b89fb6017d8d0b8b9d419cb0a1f9be11122d93d0a217f,bb43e266e1fd63570467ce7bc0989dcaab9087af9217dbe09cfa18903e01b0f8,True,persistence,0.9,10,equal original group diagnostic; distinct from pooled,63.54162136840083,0.9157122302158273,416.0,567.9334998561151,111.20040542815131
bdg2,6,1,43,kWh per hour,360,smart_building_conformal/outputs/matched_forecasting005/bdg2_h6_f1_s43_v1,a94b3835135749e2f18b89fb6017d8d0b8b9d419cb0a1f9be11122d93d0a217f,bb43e266e1fd63570467ce7bc0989dcaab9087af9217dbe09cfa18903e01b0f8,True,persistence,0.95,10,equal original group diagnostic; distinct from pooled,63.54162136840083,0.9532086330935252,519.5599999999997,690.4246932949637,111.20040542815131
bdg2,6,1,43,kWh per hour,360,smart_building_conformal/outputs/matched_forecasting005/bdg2_h6_f1_s43_v1,a94b3835135749e2f18b89fb6017d8d0b8b9d419cb0a1f9be11122d93d0a217f,bb43e266e1fd63570467ce7bc0989dcaab9087af9217dbe09cfa18903e01b0f8,True,xgboost,0.9,10,equal original group diagnostic; distinct from pooled,31.69674091333235,0.9019220704730813,162.65625,279.68310358213915,57.97638107813287
bdg2,6,1,43,kWh per hour,360,smart_building_conformal/outputs/matched_forecasting005/bdg2_h6_f1_s43_v1,a94b3835135749e2f18b89fb6017d8d0b8b9d419cb0a1f9be11122d93d0a217f,bb43e266e1fd63570467ce7bc0989dcaab9087af9217dbe09cfa18903e01b0f8,True,xgboost,0.95,10,equal original group diagnostic; distinct from pooled,31.69674091333235,0.958157524197593,248.1456298828125,369.9274332944871,57.97638107813287
bdg2,6,1,43,kWh per hour,360,smart_building_conformal/outputs/matched_forecasting005/bdg2_h6_f1_s43_v1,a94b3835135749e2f18b89fb6017d8d0b8b9d419cb0a1f9be11122d93d0a217f,bb43e266e1fd63570467ce7bc0989dcaab9087af9217dbe09cfa18903e01b0f8,True,attention_lstm,0.9,10,equal original group diagnostic; distinct from pooled,35.73777223060753,0.9015595188310905,177.20096923828123,310.02696142058096,64.67788327993986
bdg2,6,1,43,kWh per hour,360,smart_building_conformal/outputs/matched_forecasting005/bdg2_h6_f1_s43_v1,a94b3835135749e2f18b89fb6017d8d0b8b9d419cb0a1f9be11122d93d0a217f,bb43e266e1fd63570467ce7bc0989dcaab9087af9217dbe09cfa18903e01b0f8,True,attention_lstm,0.95,10,equal original group diagnostic; distinct from pooled,35.73777223060753,0.9557311174854984,263.548095703125,412.87843853141766,64.67788327993986
bdg2,1,0,43,kWh per hour,60,smart_building_conformal/outputs/matched_forecasting005/bdg2_h1_f0_s43_v1,a94b3835135749e2f18b89fb6017d8d0b8b9d419cb0a1f9be11122d93d0a217f,bd967fc5210c19a9fad9a5e7343341181dbe2ecb2481131260439ea4feaa7bcd,True,persistence,0.9,10,equal original group diagnostic; distinct from pooled,18.80876497440781,0.8919862343665418,104.0,190.18419698789924,37.71342860646991
bdg2,1,0,43,kWh per hour,60,smart_building_conformal/outputs/matched_forecasting005/bdg2_h1_f0_s43_v1,a94b3835135749e2f18b89fb6017d8d0b8b9d419cb0a1f9be11122d93d0a217f,bd967fc5210c19a9fad9a5e7343341181dbe2ecb2481131260439ea4feaa7bcd,True,persistence,0.95,10,equal original group diagnostic; distinct from pooled,18.80876497440781,0.9460871670902634,152.32400000000004,250.84857445356027,37.71342860646991
bdg2,1,0,43,kWh per hour,60,smart_building_conformal/outputs/matched_forecasting005/bdg2_h1_f0_s43_v1,a94b3835135749e2f18b89fb6017d8d0b8b9d419cb0a1f9be11122d93d0a217f,bd967fc5210c19a9fad9a5e7343341181dbe2ecb2481131260439ea4feaa7bcd,True,xgboost,0.9,10,equal original group diagnostic; distinct from pooled,16.49238307480984,0.8944537203062854,84.04674902343754,156.88245299893327,31.820984951640614
bdg2,1,0,43,kWh per hour,60,smart_building_conformal/outputs/matched_forecasting005/bdg2_h1_f0_s43_v1,a94b3835135749e2f18b89fb6017d8d0b8b9d419cb0a1f9be11122d93d0a217f,bd967fc5210c19a9fad9a5e7343341181dbe2ecb2481131260439ea4feaa7bcd,True,xgboost,0.95,10,equal original group diagnostic; distinct from pooled,16.49238307480984,0.9441883584041857,121.52484082031242,209.11098339935242,31.820984951640614
bdg2,1,0,43,kWh per hour,60,smart_building_conformal/outputs/matched_forecasting005/bdg2_h1_f0_s43_v1,a94b3835135749e2f18b89fb6017d8d0b8b9d419cb0a1f9be11122d93d0a217f,bd967fc5210c19a9fad9a5e7343341181dbe2ecb2481131260439ea4feaa7bcd,True,attention_lstm,0.9,10,equal original group diagnostic; distinct from pooled,16.889814874480983,0.8933609402150537,81.77972109374991,155.64586223258806,31.680801327074764
bdg2,1,0,43,kWh per hour,60,smart_building_conformal/outputs/matched_forecasting005/bdg2_h1_f0_s43_v1,a94b3835135749e2f18b89fb6017d8d0b8b9d419cb0a1f9be11122d93d0a217f,bd967fc5210c19a9fad9a5e7343341181dbe2ecb2481131260439ea4feaa7bcd,True,attention_lstm,0.95,10,equal original group diagnostic; distinct from pooled,16.889814874480983,0.9439295560099679,119.3988037109375,208.44583334371796,31.680801327074764
bdg2,3,0,43,kWh per hour,180,smart_building_conformal/outputs/matched_forecasting005/bdg2_h3_f0_s43_v1,a94b3835135749e2f18b89fb6017d8d0b8b9d419cb0a1f9be11122d93d0a217f,c7929303b37300ff2f92a5b9afeb59fc488d3b5aede2ed6764630aade06f0e64,True,persistence,0.9,10,equal original group diagnostic; distinct from pooled,35.79757319259545,0.9072480224728856,225.47200000000066,367.2105364116809,69.72493052863285
bdg2,3,0,43,kWh per hour,180,smart_building_conformal/outputs/matched_forecasting005/bdg2_h3_f0_s43_v1,a94b3835135749e2f18b89fb6017d8d0b8b9d419cb0a1f9be11122d93d0a217f,c7929303b37300ff2f92a5b9afeb59fc488d3b5aede2ed6764630aade06f0e64,True,persistence,0.95,10,equal original group diagnostic; distinct from pooled,35.79757319259545,0.9520421055142796,334.0,470.05126050674653,69.72493052863285
bdg2,3,0,43,kWh per hour,180,smart_building_conformal/outputs/matched_forecasting005/bdg2_h3_f0_s43_v1,a94b3835135749e2f18b89fb6017d8d0b8b9d419cb0a1f9be11122d93d0a217f,c7929303b37300ff2f92a5b9afeb59fc488d3b5aede2ed6764630aade06f0e64,True,xgboost,0.9,10,equal original group diagnostic; distinct from pooled,24.040056503251346,0.8974418613407715,124.14791582031239,230.8680690380469,47.03318346513553
bdg2,3,0,43,kWh per hour,180,smart_building_conformal/outputs/matched_forecasting005/bdg2_h3_f0_s43_v1,a94b3835135749e2f18b89fb6017d8d0b8b9d419cb0a1f9be11122d93d0a217f,c7929303b37300ff2f92a5b9afeb59fc488d3b5aede2ed6764630aade06f0e64,True,xgboost,0.95,10,equal original group diagnostic; distinct from pooled,24.040056503251346,0.9456225789997745,178.81396972656245,310.1193882248084,47.03318346513553
bdg2,3,0,43,kWh per hour,180,smart_building_conformal/outputs/matched_forecasting005/bdg2_h3_f0_s43_v1,a94b3835135749e2f18b89fb6017d8d0b8b9d419cb0a1f9be11122d93d0a217f,c7929303b37300ff2f92a5b9afeb59fc488d3b5aede2ed6764630aade06f0e64,True,attention_lstm,0.9,10,equal original group diagnostic; distinct from pooled,25.111137185770236,0.8990925505345558,129.5947265625,233.91541850064078,46.924535622456666
bdg2,3,0,43,kWh per hour,180,smart_building_conformal/outputs/matched_forecasting005/bdg2_h3_f0_s43_v1,a94b3835135749e2f18b89fb6017d8d0b8b9d419cb0a1f9be11122d93d0a217f,c7929303b37300ff2f92a5b9afeb59fc488d3b5aede2ed6764630aade06f0e64,True,attention_lstm,0.95,10,equal original group diagnostic; distinct from pooled,25.111137185770236,0.9461147096606171,188.23114013671875,309.34118045336226,46.924535622456666
bdg2,6,0,43,kWh per hour,360,smart_building_conformal/outputs/matched_forecasting005/bdg2_h6_f0_s43_v1,a94b3835135749e2f18b89fb6017d8d0b8b9d419cb0a1f9be11122d93d0a217f,0e9192f15835bf56012a596cacb22cc5efab7bb8f7f85ac9b25b08c2162b6cef,True,persistence,0.9,10,equal original group diagnostic; distinct from pooled,60.58568980319764,0.906931366339129,382.2940000000003,541.2861709684855,106.21841682479366
bdg2,6,0,43,kWh per hour,360,smart_building_conformal/outputs/matched_forecasting005/bdg2_h6_f0_s43_v1,a94b3835135749e2f18b89fb6017d8d0b8b9d419cb0a1f9be11122d93d0a217f,0e9192f15835bf56012a596cacb22cc5efab7bb8f7f85ac9b25b08c2162b6cef,True,persistence,0.95,10,equal original group diagnostic; distinct from pooled,60.58568980319764,0.95644349230458,506.0,659.7631552806729,106.21841682479366
bdg2,6,0,43,kWh per hour,360,smart_building_conformal/outputs/matched_forecasting005/bdg2_h6_f0_s43_v1,a94b3835135749e2f18b89fb6017d8d0b8b9d419cb0a1f9be11122d93d0a217f,0e9192f15835bf56012a596cacb22cc5efab7bb8f7f85ac9b25b08c2162b6cef,True,xgboost,0.9,10,equal original group diagnostic; distinct from pooled,29.063231396133382,0.9030452582775721,157.3342304687494,283.76705090809986,57.50132840578289
bdg2,6,0,43,kWh per hour,360,smart_building_conformal/outputs/matched_forecasting005/bdg2_h6_f0_s43_v1,a94b3835135749e2f18b89fb6017d8d0b8b9d419cb0a1f9be11122d93d0a217f,0e9192f15835bf56012a596cacb22cc5efab7bb8f7f85ac9b25b08c2162b6cef,True,xgboost,0.95,10,equal original group diagnostic; distinct from pooled,29.063231396133382,0.9489326232079671,222.9802988281249,382.20680265163645,57.50132840578289
bdg2,6,0,43,kWh per hour,360,smart_building_conformal/outputs/matched_forecasting005/bdg2_h6_f0_s43_v1,a94b3835135749e2f18b89fb6017d8d0b8b9d419cb0a1f9be11122d93d0a217f,0e9192f15835bf56012a596cacb22cc5efab7bb8f7f85ac9b25b08c2162b6cef,True,attention_lstm,0.9,10,equal original group diagnostic; distinct from pooled,34.34210260555645,0.9075701935724163,173.00184179687494,305.93396144252495,62.013841368250006
bdg2,6,0,43,kWh per hour,360,smart_building_conformal/outputs/matched_forecasting005/bdg2_h6_f0_s43_v1,a94b3835135749e2f18b89fb6017d8d0b8b9d419cb0a1f9be11122d93d0a217f,0e9192f15835bf56012a596cacb22cc5efab7bb8f7f85ac9b25b08c2162b6cef,True,attention_lstm,0.95,10,equal original group diagnostic; distinct from pooled,34.34210260555645,0.953220602036857,249.079345703125,414.75821270651323,62.013841368250006
bdg2,1,1,44,kWh per hour,60,smart_building_conformal/outputs/matched_forecasting005/bdg2_h1_f1_s44_v1,a94b3835135749e2f18b89fb6017d8d0b8b9d419cb0a1f9be11122d93d0a217f,5c5a7b4dead787180940a21cedd8d9766e0c5046d927ee4ce93eed7b92089c0e,True,persistence,0.9,10,equal original group diagnostic; distinct from pooled,18.03227690287246,0.9204804241602661,118.33199999999995,187.2731211975764,38.28946486508666
bdg2,1,1,44,kWh per hour,60,smart_building_conformal/outputs/matched_forecasting005/bdg2_h1_f1_s44_v1,a94b3835135749e2f18b89fb6017d8d0b8b9d419cb0a1f9be11122d93d0a217f,5c5a7b4dead787180940a21cedd8d9766e0c5046d927ee4ce93eed7b92089c0e,True,persistence,0.95,10,equal original group diagnostic; distinct from pooled,18.03227690287246,0.9601118484123479,170.0,249.28065430459236,38.28946486508666
bdg2,1,1,44,kWh per hour,60,smart_building_conformal/outputs/matched_forecasting005/bdg2_h1_f1_s44_v1,a94b3835135749e2f18b89fb6017d8d0b8b9d419cb0a1f9be11122d93d0a217f,5c5a7b4dead787180940a21cedd8d9766e0c5046d927ee4ce93eed7b92089c0e,True,xgboost,0.9,10,equal original group diagnostic; distinct from pooled,16.39816679683373,0.9136283145041901,90.035400390625,153.2429287922371,32.67601313222582
bdg2,1,1,44,kWh per hour,60,smart_building_conformal/outputs/matched_forecasting005/bdg2_h1_f1_s44_v1,a94b3835135749e2f18b89fb6017d8d0b8b9d419cb0a1f9be11122d93d0a217f,5c5a7b4dead787180940a21cedd8d9766e0c5046d927ee4ce93eed7b92089c0e,True,xgboost,0.95,10,equal original group diagnostic; distinct from pooled,16.39816679683373,0.960658419266904,136.07731250000006,208.29879970919006,32.67601313222582
bdg2,1,1,44,kWh per hour,60,smart_building_conformal/outputs/matched_forecasting005/bdg2_h1_f1_s44_v1,a94b3835135749e2f18b89fb6017d8d0b8b9d419cb0a1f9be11122d93d0a217f,5c5a7b4dead787180940a21cedd8d9766e0c5046d927ee4ce93eed7b92089c0e,True,attention_lstm,0.9,10,equal original group diagnostic; distinct from pooled,18.333733552212177,0.9182909519492745,98.29013964843753,159.91999144793743,34.266092432376425
bdg2,1,1,44,kWh per hour,60,smart_building_conformal/outputs/matched_forecasting005/bdg2_h1_f1_s44_v1,a94b3835135749e2f18b89fb6017d8d0b8b9d419cb0a1f9be11122d93d0a217f,5c5a7b4dead787180940a21cedd8d9766e0c5046d927ee4ce93eed7b92089c0e,True,attention_lstm,0.95,10,equal original group diagnostic; distinct from pooled,18.333733552212177,0.961264461432013,141.42401074218748,215.19413347000054,34.266092432376425
bdg2,3,1,44,kWh per hour,180,smart_building_conformal/outputs/matched_forecasting005/bdg2_h3_f1_s44_v1,a94b3835135749e2f18b89fb6017d8d0b8b9d419cb0a1f9be11122d93d0a217f,0a6dfd2e310a2488ceed841238b93d433bfa8d694cc9a48564a9aef3e09db30d,True,persistence,0.9,10,equal original group diagnostic; distinct from pooled,37.130546332908935,0.9170553002878531,255.31800000000013,378.1043080493392,72.29328058923095
bdg2,3,1,44,kWh per hour,180,smart_building_conformal/outputs/matched_forecasting005/bdg2_h3_f1_s44_v1,a94b3835135749e2f18b89fb6017d8d0b8b9d419cb0a1f9be11122d93d0a217f,0a6dfd2e310a2488ceed841238b93d433bfa8d694cc9a48564a9aef3e09db30d,True,persistence,0.95,10,equal original group diagnostic; distinct from pooled,37.130546332908935,0.9575248299333898,356.6119999999993,477.77981654724556,72.29328058923095
bdg2,3,1,44,kWh per hour,180,smart_building_conformal/outputs/matched_forecasting005/bdg2_h3_f1_s44_v1,a94b3835135749e2f18b89fb6017d8d0b8b9d419cb0a1f9be11122d93d0a217f,0a6dfd2e310a2488ceed841238b93d433bfa8d694cc9a48564a9aef3e09db30d,True,xgboost,0.9,10,equal original group diagnostic; distinct from pooled,24.55973782899724,0.9078499157755504,131.3443603515625,221.73356420612518,46.85329485638008
bdg2,3,1,44,kWh per hour,180,smart_building_conformal/outputs/matched_forecasting005/bdg2_h3_f1_s44_v1,a94b3835135749e2f18b89fb6017d8d0b8b9d419cb0a1f9be11122d93d0a217f,0a6dfd2e310a2488ceed841238b93d433bfa8d694cc9a48564a9aef3e09db30d,True,xgboost,0.95,10,equal original group diagnostic; distinct from pooled,24.55973782899724,0.9599384219318233,199.329345703125,296.08009838367326,46.85329485638008
bdg2,3,1,44,kWh per hour,180,smart_building_conformal/outputs/matched_forecasting005/bdg2_h3_f1_s44_v1,a94b3835135749e2f18b89fb6017d8d0b8b9d419cb0a1f9be11122d93d0a217f,0a6dfd2e310a2488ceed841238b93d433bfa8d694cc9a48564a9aef3e09db30d,True,attention_lstm,0.9,10,equal original group diagnostic; distinct from pooled,26.885771130448422,0.9159914727605838,147.2095947265625,241.63187554099085,51.09287451888628
bdg2,3,1,44,kWh per hour,180,smart_building_conformal/outputs/matched_forecasting005/bdg2_h3_f1_s44_v1,a94b3835135749e2f18b89fb6017d8d0b8b9d419cb0a1f9be11122d93d0a217f,0a6dfd2e310a2488ceed841238b93d433bfa8d694cc9a48564a9aef3e09db30d,True,attention_lstm,0.95,10,equal original group diagnostic; distinct from pooled,26.885771130448422,0.9664983482814213,228.8194580078125,328.3211643405341,51.09287451888628
bdg2,6,1,44,kWh per hour,360,smart_building_conformal/outputs/matched_forecasting005/bdg2_h6_f1_s44_v1,a94b3835135749e2f18b89fb6017d8d0b8b9d419cb0a1f9be11122d93d0a217f,45171f33dbc5849765b7ccfe1a9c8113b9126fb2de127cb5b997a4d3804f6d90,True,persistence,0.9,10,equal original group diagnostic; distinct from pooled,63.54162136840083,0.9157122302158273,416.0,567.9334998561151,111.20040542815131
bdg2,6,1,44,kWh per hour,360,smart_building_conformal/outputs/matched_forecasting005/bdg2_h6_f1_s44_v1,a94b3835135749e2f18b89fb6017d8d0b8b9d419cb0a1f9be11122d93d0a217f,45171f33dbc5849765b7ccfe1a9c8113b9126fb2de127cb5b997a4d3804f6d90,True,persistence,0.95,10,equal original group diagnostic; distinct from pooled,63.54162136840083,0.9532086330935252,519.5599999999997,690.4246932949637,111.20040542815131
bdg2,6,1,44,kWh per hour,360,smart_building_conformal/outputs/matched_forecasting005/bdg2_h6_f1_s44_v1,a94b3835135749e2f18b89fb6017d8d0b8b9d419cb0a1f9be11122d93d0a217f,45171f33dbc5849765b7ccfe1a9c8113b9126fb2de127cb5b997a4d3804f6d90,True,xgboost,0.9,10,equal original group diagnostic; distinct from pooled,32.16103069676692,0.9026070236750803,164.146345703125,280.2316934300306,58.20921647899009
bdg2,6,1,44,kWh per hour,360,smart_building_conformal/outputs/matched_forecasting005/bdg2_h6_f1_s44_v1,a94b3835135749e2f18b89fb6017d8d0b8b9d419cb0a1f9be11122d93d0a217f,45171f33dbc5849765b7ccfe1a9c8113b9126fb2de127cb5b997a4d3804f6d90,True,xgboost,0.95,10,equal original group diagnostic; distinct from pooled,32.16103069676692,0.9565454140592646,244.106689453125,370.3855130407013,58.20921647899009
bdg2,6,1,44,kWh per hour,360,smart_building_conformal/outputs/matched_forecasting005/bdg2_h6_f1_s44_v1,a94b3835135749e2f18b89fb6017d8d0b8b9d419cb0a1f9be11122d93d0a217f,45171f33dbc5849765b7ccfe1a9c8113b9126fb2de127cb5b997a4d3804f6d90,True,attention_lstm,0.9,10,equal original group diagnostic; distinct from pooled,35.84738578794419,0.9137762372194891,191.06116992187503,314.19664198754907,64.94565174442582
bdg2,6,1,44,kWh per hour,360,smart_building_conformal/outputs/matched_forecasting005/bdg2_h6_f1_s44_v1,a94b3835135749e2f18b89fb6017d8d0b8b9d419cb0a1f9be11122d93d0a217f,45171f33dbc5849765b7ccfe1a9c8113b9126fb2de127cb5b997a4d3804f6d90,True,attention_lstm,0.95,10,equal original group diagnostic; distinct from pooled,35.84738578794419,0.9626164574848654,287.59912109375,421.6918508295627,64.94565174442582
bdg2,1,0,44,kWh per hour,60,smart_building_conformal/outputs/matched_forecasting005/bdg2_h1_f0_s44_v1,a94b3835135749e2f18b89fb6017d8d0b8b9d419cb0a1f9be11122d93d0a217f,66bc662bdf28008cfec0aac5a1d05bb2bbebdf508a16438e411f24fd29a932c9,True,persistence,0.9,10,equal original group diagnostic; distinct from pooled,18.80876497440781,0.8919862343665418,104.0,190.18419698789924,37.71342860646991
bdg2,1,0,44,kWh per hour,60,smart_building_conformal/outputs/matched_forecasting005/bdg2_h1_f0_s44_v1,a94b3835135749e2f18b89fb6017d8d0b8b9d419cb0a1f9be11122d93d0a217f,66bc662bdf28008cfec0aac5a1d05bb2bbebdf508a16438e411f24fd29a932c9,True,persistence,0.95,10,equal original group diagnostic; distinct from pooled,18.80876497440781,0.9460871670902634,152.32400000000004,250.84857445356027,37.71342860646991
bdg2,1,0,44,kWh per hour,60,smart_building_conformal/outputs/matched_forecasting005/bdg2_h1_f0_s44_v1,a94b3835135749e2f18b89fb6017d8d0b8b9d419cb0a1f9be11122d93d0a217f,66bc662bdf28008cfec0aac5a1d05bb2bbebdf508a16438e411f24fd29a932c9,True,xgboost,0.9,10,equal original group diagnostic; distinct from pooled,16.74920752149503,0.8916377154129259,82.70619604492185,156.81628998521913,31.946656894752948
bdg2,1,0,44,kWh per hour,60,smart_building_conformal/outputs/matched_forecasting005/bdg2_h1_f0_s44_v1,a94b3835135749e2f18b89fb6017d8d0b8b9d419cb0a1f9be11122d93d0a217f,66bc662bdf28008cfec0aac5a1d05bb2bbebdf508a16438e411f24fd29a932c9,True,xgboost,0.95,10,equal original group diagnostic; distinct from pooled,16.74920752149503,0.94493637771026,120.97784570312501,209.08041410011575,31.946656894752948
bdg2,1,0,44,kWh per hour,60,smart_building_conformal/outputs/matched_forecasting005/bdg2_h1_f0_s44_v1,a94b3835135749e2f18b89fb6017d8d0b8b9d419cb0a1f9be11122d93d0a217f,66bc662bdf28008cfec0aac5a1d05bb2bbebdf508a16438e411f24fd29a932c9,True,attention_lstm,0.9,10,equal original group diagnostic; distinct from pooled,17.835515628153036,0.8902018712931341,83.47317382812503,156.4608410957582,32.03512504081024
bdg2,1,0,44,kWh per hour,60,smart_building_conformal/outputs/matched_forecasting005/bdg2_h1_f0_s44_v1,a94b3835135749e2f18b89fb6017d8d0b8b9d419cb0a1f9be11122d93d0a217f,66bc662bdf28008cfec0aac5a1d05bb2bbebdf508a16438e411f24fd29a932c9,True,attention_lstm,0.95,10,equal original group diagnostic; distinct from pooled,17.835515628153036,0.9453390815540894,121.933837890625,207.72033635147278,32.03512504081024
bdg2,3,0,44,kWh per hour,180,smart_building_conformal/outputs/matched_forecasting005/bdg2_h3_f0_s44_v1,a94b3835135749e2f18b89fb6017d8d0b8b9d419cb0a1f9be11122d93d0a217f,00aef7426ec16c932c691135fa33412197f05f1715b136471aa9f2fc55174583,True,persistence,0.9,10,equal original group diagnostic; distinct from pooled,35.79757319259545,0.9072480224728856,225.47200000000066,367.2105364116809,69.72493052863285
bdg2,3,0,44,kWh per hour,180,smart_building_conformal/outputs/matched_forecasting005/bdg2_h3_f0_s44_v1,a94b3835135749e2f18b89fb6017d8d0b8b9d419cb0a1f9be11122d93d0a217f,00aef7426ec16c932c691135fa33412197f05f1715b136471aa9f2fc55174583,True,persistence,0.95,10,equal original group diagnostic; distinct from pooled,35.79757319259545,0.9520421055142796,334.0,470.05126050674653,69.72493052863285
bdg2,3,0,44,kWh per hour,180,smart_building_conformal/outputs/matched_forecasting005/bdg2_h3_f0_s44_v1,a94b3835135749e2f18b89fb6017d8d0b8b9d419cb0a1f9be11122d93d0a217f,00aef7426ec16c932c691135fa33412197f05f1715b136471aa9f2fc55174583,True,xgboost,0.9,10,equal original group diagnostic; distinct from pooled,23.98170633619649,0.897658779727221,125.19124169921865,229.65014899344038,46.91734526093944
bdg2,3,0,44,kWh per hour,180,smart_building_conformal/outputs/matched_forecasting005/bdg2_h3_f0_s44_v1,a94b3835135749e2f18b89fb6017d8d0b8b9d419cb0a1f9be11122d93d0a217f,00aef7426ec16c932c691135fa33412197f05f1715b136471aa9f2fc55174583,True,xgboost,0.95,10,equal original group diagnostic; distinct from pooled,23.98170633619649,0.9461692339943955,179.16061035156258,307.47856784082694,46.91734526093944
bdg2,3,0,44,kWh per hour,180,smart_building_conformal/outputs/matched_forecasting005/bdg2_h3_f0_s44_v1,a94b3835135749e2f18b89fb6017d8d0b8b9d419cb0a1f9be11122d93d0a217f,00aef7426ec16c932c691135fa33412197f05f1715b136471aa9f2fc55174583,True,attention_lstm,0.9,10,equal original group diagnostic; distinct from pooled,26.268065338821923,0.8990110777383356,127.81171923828128,235.09342254612767,47.99701662651722
bdg2,3,0,44,kWh per hour,180,smart_building_conformal/outputs/matched_forecasting005/bdg2_h3_f0_s44_v1,a94b3835135749e2f18b89fb6017d8d0b8b9d419cb0a1f9be11122d93d0a217f,00aef7426ec16c932c691135fa33412197f05f1715b136471aa9f2fc55174583,True,attention_lstm,0.95,10,equal original group diagnostic; distinct from pooled,26.268065338821923,0.945021374820786,182.7981376953125,314.4159906833265,47.99701662651722
bdg2,6,0,44,kWh per hour,360,smart_building_conformal/outputs/matched_forecasting005/bdg2_h6_f0_s44_v1,a94b3835135749e2f18b89fb6017d8d0b8b9d419cb0a1f9be11122d93d0a217f,a11bbded2343c28109f27463c66ff27e3a0c0e6b460377afd1af9eb41c611732,True,persistence,0.9,10,equal original group diagnostic; distinct from pooled,60.58568980319764,0.906931366339129,382.2940000000003,541.2861709684855,106.21841682479366
bdg2,6,0,44,kWh per hour,360,smart_building_conformal/outputs/matched_forecasting005/bdg2_h6_f0_s44_v1,a94b3835135749e2f18b89fb6017d8d0b8b9d419cb0a1f9be11122d93d0a217f,a11bbded2343c28109f27463c66ff27e3a0c0e6b460377afd1af9eb41c611732,True,persistence,0.95,10,equal original group diagnostic; distinct from pooled,60.58568980319764,0.95644349230458,506.0,659.7631552806729,106.21841682479366
bdg2,6,0,44,kWh per hour,360,smart_building_conformal/outputs/matched_forecasting005/bdg2_h6_f0_s44_v1,a94b3835135749e2f18b89fb6017d8d0b8b9d419cb0a1f9be11122d93d0a217f,a11bbded2343c28109f27463c66ff27e3a0c0e6b460377afd1af9eb41c611732,True,xgboost,0.9,10,equal original group diagnostic; distinct from pooled,28.903292826057463,0.9052603486626912,157.24313476562497,281.1555287682137,56.90664466249189
bdg2,6,0,44,kWh per hour,360,smart_building_conformal/outputs/matched_forecasting005/bdg2_h6_f0_s44_v1,a94b3835135749e2f18b89fb6017d8d0b8b9d419cb0a1f9be11122d93d0a217f,a11bbded2343c28109f27463c66ff27e3a0c0e6b460377afd1af9eb41c611732,True,xgboost,0.95,10,equal original group diagnostic; distinct from pooled,28.903292826057463,0.9495369648773142,221.93632128906256,378.8304181048319,56.90664466249189
bdg2,6,0,44,kWh per hour,360,smart_building_conformal/outputs/matched_forecasting005/bdg2_h6_f0_s44_v1,a94b3835135749e2f18b89fb6017d8d0b8b9d419cb0a1f9be11122d93d0a217f,a11bbded2343c28109f27463c66ff27e3a0c0e6b460377afd1af9eb41c611732,True,attention_lstm,0.9,10,equal original group diagnostic; distinct from pooled,33.371705780284614,0.9078836797454288,170.2897773437499,292.3429376384177,59.359762863557464
bdg2,6,0,44,kWh per hour,360,smart_building_conformal/outputs/matched_forecasting005/bdg2_h6_f0_s44_v1,a94b3835135749e2f18b89fb6017d8d0b8b9d419cb0a1f9be11122d93d0a217f,a11bbded2343c28109f27463c66ff27e3a0c0e6b460377afd1af9eb41c611732,True,attention_lstm,0.95,10,equal original group diagnostic; distinct from pooled,33.371705780284614,0.9552158353069187,249.19132812499993,391.3904591259603,59.359762863557464
bdg2,1,1,45,kWh per hour,60,smart_building_conformal/outputs/matched_forecasting005/bdg2_h1_f1_s45_v1,a94b3835135749e2f18b89fb6017d8d0b8b9d419cb0a1f9be11122d93d0a217f,f9d483a7c9461c72addef0357070ca45aaabc7225fa289a6966e156f7b4d304d,True,persistence,0.9,10,equal original group diagnostic; distinct from pooled,18.03227690287246,0.9204804241602661,118.33199999999995,187.2731211975764,38.28946486508666
bdg2,1,1,45,kWh per hour,60,smart_building_conformal/outputs/matched_forecasting005/bdg2_h1_f1_s45_v1,a94b3835135749e2f18b89fb6017d8d0b8b9d419cb0a1f9be11122d93d0a217f,f9d483a7c9461c72addef0357070ca45aaabc7225fa289a6966e156f7b4d304d,True,persistence,0.95,10,equal original group diagnostic; distinct from pooled,18.03227690287246,0.9601118484123479,170.0,249.28065430459236,38.28946486508666
bdg2,1,1,45,kWh per hour,60,smart_building_conformal/outputs/matched_forecasting005/bdg2_h1_f1_s45_v1,a94b3835135749e2f18b89fb6017d8d0b8b9d419cb0a1f9be11122d93d0a217f,f9d483a7c9461c72addef0357070ca45aaabc7225fa289a6966e156f7b4d304d,True,xgboost,0.9,10,equal original group diagnostic; distinct from pooled,16.457098681216483,0.9150425339162618,91.36468505859375,154.0680343851747,32.805461137758975
bdg2,1,1,45,kWh per hour,60,smart_building_conformal/outputs/matched_forecasting005/bdg2_h1_f1_s45_v1,a94b3835135749e2f18b89fb6017d8d0b8b9d419cb0a1f9be11122d93d0a217f,f9d483a7c9461c72addef0357070ca45aaabc7225fa289a6966e156f7b4d304d,True,xgboost,0.95,10,equal original group diagnostic; distinct from pooled,16.457098681216483,0.9603712246888468,135.70599365234375,208.9711907646656,32.805461137758975
bdg2,1,1,45,kWh per hour,60,smart_building_conformal/outputs/matched_forecasting005/bdg2_h1_f1_s45_v1,a94b3835135749e2f18b89fb6017d8d0b8b9d419cb0a1f9be11122d93d0a217f,f9d483a7c9461c72addef0357070ca45aaabc7225fa289a6966e156f7b4d304d,True,attention_lstm,0.9,10,equal original group diagnostic; distinct from pooled,16.797897240698067,0.915587031036005,92.851318359375,156.1623991078739,34.01490658426937
bdg2,1,1,45,kWh per hour,60,smart_building_conformal/outputs/matched_forecasting005/bdg2_h1_f1_s45_v1,a94b3835135749e2f18b89fb6017d8d0b8b9d419cb0a1f9be11122d93d0a217f,f9d483a7c9461c72addef0357070ca45aaabc7225fa289a6966e156f7b4d304d,True,attention_lstm,0.95,10,equal original group diagnostic; distinct from pooled,16.797897240698067,0.9619248334069128,137.56671020507815,212.68370096690896,34.01490658426937
bdg2,3,1,45,kWh per hour,180,smart_building_conformal/outputs/matched_forecasting005/bdg2_h3_f1_s45_v1,a94b3835135749e2f18b89fb6017d8d0b8b9d419cb0a1f9be11122d93d0a217f,776e4cf8e7c739b553eabcac630f140cbc854ea43c07db303775bbdc5162ead4,True,persistence,0.9,10,equal original group diagnostic; distinct from pooled,37.130546332908935,0.9170553002878531,255.31800000000013,378.1043080493392,72.29328058923095
bdg2,3,1,45,kWh per hour,180,smart_building_conformal/outputs/matched_forecasting005/bdg2_h3_f1_s45_v1,a94b3835135749e2f18b89fb6017d8d0b8b9d419cb0a1f9be11122d93d0a217f,776e4cf8e7c739b553eabcac630f140cbc854ea43c07db303775bbdc5162ead4,True,persistence,0.95,10,equal original group diagnostic; distinct from pooled,37.130546332908935,0.9575248299333898,356.6119999999993,477.77981654724556,72.29328058923095
bdg2,3,1,45,kWh per hour,180,smart_building_conformal/outputs/matched_forecasting005/bdg2_h3_f1_s45_v1,a94b3835135749e2f18b89fb6017d8d0b8b9d419cb0a1f9be11122d93d0a217f,776e4cf8e7c739b553eabcac630f140cbc854ea43c07db303775bbdc5162ead4,True,xgboost,0.9,10,equal original group diagnostic; distinct from pooled,26.414447966879454,0.9069602254943551,138.28936767578125,230.29577883101987,48.509401488655556
bdg2,3,1,45,kWh per hour,180,smart_building_conformal/outputs/matched_forecasting005/bdg2_h3_f1_s45_v1,a94b3835135749e2f18b89fb6017d8d0b8b9d419cb0a1f9be11122d93d0a217f,776e4cf8e7c739b553eabcac630f140cbc854ea43c07db303775bbdc5162ead4,True,xgboost,0.95,10,equal original group diagnostic; distinct from pooled,26.414447966879454,0.9597662849454078,206.44904101562497,305.10929774946976,48.509401488655556
bdg2,3,1,45,kWh per hour,180,smart_building_conformal/outputs/matched_forecasting005/bdg2_h3_f1_s45_v1,a94b3835135749e2f18b89fb6017d8d0b8b9d419cb0a1f9be11122d93d0a217f,776e4cf8e7c739b553eabcac630f140cbc854ea43c07db303775bbdc5162ead4,True,attention_lstm,0.9,10,equal original group diagnostic; distinct from pooled,26.945136298580188,0.9108365524547934,143.31468701171883,243.06948676518263,51.99197012022714
bdg2,3,1,45,kWh per hour,180,smart_building_conformal/outputs/matched_forecasting005/bdg2_h3_f1_s45_v1,a94b3835135749e2f18b89fb6017d8d0b8b9d419cb0a1f9be11122d93d0a217f,776e4cf8e7c739b553eabcac630f140cbc854ea43c07db303775bbdc5162ead4,True,attention_lstm,0.95,10,equal original group diagnostic; distinct from pooled,26.945136298580188,0.9643732259126111,218.788818359375,330.374736434081,51.99197012022714
bdg2,6,1,45,kWh per hour,360,smart_building_conformal/outputs/matched_forecasting005/bdg2_h6_f1_s45_v1,a94b3835135749e2f18b89fb6017d8d0b8b9d419cb0a1f9be11122d93d0a217f,c0d3688dee4c0dabce6e75c3ddc5934120ec0e6f3975774d7a141c176233fbc0,True,persistence,0.9,10,equal original group diagnostic; distinct from pooled,63.54162136840083,0.9157122302158273,416.0,567.9334998561151,111.20040542815131
bdg2,6,1,45,kWh per hour,360,smart_building_conformal/outputs/matched_forecasting005/bdg2_h6_f1_s45_v1,a94b3835135749e2f18b89fb6017d8d0b8b9d419cb0a1f9be11122d93d0a217f,c0d3688dee4c0dabce6e75c3ddc5934120ec0e6f3975774d7a141c176233fbc0,True,persistence,0.95,10,equal original group diagnostic; distinct from pooled,63.54162136840083,0.9532086330935252,519.5599999999997,690.4246932949637,111.20040542815131
bdg2,6,1,45,kWh per hour,360,smart_building_conformal/outputs/matched_forecasting005/bdg2_h6_f1_s45_v1,a94b3835135749e2f18b89fb6017d8d0b8b9d419cb0a1f9be11122d93d0a217f,c0d3688dee4c0dabce6e75c3ddc5934120ec0e6f3975774d7a141c176233fbc0,True,xgboost,0.9,10,equal original group diagnostic; distinct from pooled,30.65657911461932,0.9014094850503769,158.730712890625,272.7401180716664,56.52553558100185
bdg2,6,1,45,kWh per hour,360,smart_building_conformal/outputs/matched_forecasting005/bdg2_h6_f1_s45_v1,a94b3835135749e2f18b89fb6017d8d0b8b9d419cb0a1f9be11122d93d0a217f,c0d3688dee4c0dabce6e75c3ddc5934120ec0e6f3975774d7a141c176233fbc0,True,xgboost,0.95,10,equal original group diagnostic; distinct from pooled,30.65657911461932,0.9564303061455955,236.62057910156258,360.5994149825359,56.52553558100185
bdg2,6,1,45,kWh per hour,360,smart_building_conformal/outputs/matched_forecasting005/bdg2_h6_f1_s45_v1,a94b3835135749e2f18b89fb6017d8d0b8b9d419cb0a1f9be11122d93d0a217f,c0d3688dee4c0dabce6e75c3ddc5934120ec0e6f3975774d7a141c176233fbc0,True,attention_lstm,0.9,10,equal original group diagnostic; distinct from pooled,34.76145138071645,0.9065710585024599,178.3101806640625,306.5454035616784,63.9480795283649
bdg2,6,1,45,kWh per hour,360,smart_building_conformal/outputs/matched_forecasting005/bdg2_h6_f1_s45_v1,a94b3835135749e2f18b89fb6017d8d0b8b9d419cb0a1f9be11122d93d0a217f,c0d3688dee4c0dabce6e75c3ddc5934120ec0e6f3975774d7a141c176233fbc0,True,attention_lstm,0.95,10,equal original group diagnostic; distinct from pooled,34.76145138071645,0.9586446351163211,266.23883056640625,410.45396022597413,63.9480795283649
bdg2,1,0,45,kWh per hour,60,smart_building_conformal/outputs/matched_forecasting005/bdg2_h1_f0_s45_v1,a94b3835135749e2f18b89fb6017d8d0b8b9d419cb0a1f9be11122d93d0a217f,82f781b32fd6315cf99ab97bfc074bf27755e7597f62a7b010229ddf817c7190,True,persistence,0.9,10,equal original group diagnostic; distinct from pooled,18.80876497440781,0.8919862343665418,104.0,190.18419698789924,37.71342860646991
bdg2,1,0,45,kWh per hour,60,smart_building_conformal/outputs/matched_forecasting005/bdg2_h1_f0_s45_v1,a94b3835135749e2f18b89fb6017d8d0b8b9d419cb0a1f9be11122d93d0a217f,82f781b32fd6315cf99ab97bfc074bf27755e7597f62a7b010229ddf817c7190,True,persistence,0.95,10,equal original group diagnostic; distinct from pooled,18.80876497440781,0.9460871670902634,152.32400000000004,250.84857445356027,37.71342860646991
bdg2,1,0,45,kWh per hour,60,smart_building_conformal/outputs/matched_forecasting005/bdg2_h1_f0_s45_v1,a94b3835135749e2f18b89fb6017d8d0b8b9d419cb0a1f9be11122d93d0a217f,82f781b32fd6315cf99ab97bfc074bf27755e7597f62a7b010229ddf817c7190,True,xgboost,0.9,10,equal original group diagnostic; distinct from pooled,16.811094851307278,0.8907428974800815,82.70532165527345,158.27690022060156,32.1015872425052
bdg2,1,0,45,kWh per hour,60,smart_building_conformal/outputs/matched_forecasting005/bdg2_h1_f0_s45_v1,a94b3835135749e2f18b89fb6017d8d0b8b9d419cb0a1f9be11122d93d0a217f,82f781b32fd6315cf99ab97bfc074bf27755e7597f62a7b010229ddf817c7190,True,xgboost,0.95,10,equal original group diagnostic; distinct from pooled,16.811094851307278,0.9427787252361517,121.1849365234375,210.82960760052407,32.1015872425052
bdg2,1,0,45,kWh per hour,60,smart_building_conformal/outputs/matched_forecasting005/bdg2_h1_f0_s45_v1,a94b3835135749e2f18b89fb6017d8d0b8b9d419cb0a1f9be11122d93d0a217f,82f781b32fd6315cf99ab97bfc074bf27755e7597f62a7b010229ddf817c7190,True,attention_lstm,0.9,10,equal original group diagnostic; distinct from pooled,16.866638943422895,0.8969405762119808,86.69481542968751,157.72332167959883,31.912506833180142
bdg2,1,0,45,kWh per hour,60,smart_building_conformal/outputs/matched_forecasting005/bdg2_h1_f0_s45_v1,a94b3835135749e2f18b89fb6017d8d0b8b9d419cb0a1f9be11122d93d0a217f,82f781b32fd6315cf99ab97bfc074bf27755e7597f62a7b010229ddf817c7190,True,attention_lstm,0.95,10,equal original group diagnostic; distinct from pooled,16.866638943422895,0.9464324494374582,125.5927065429687,209.25792678995828,31.912506833180142
bdg2,3,0,45,kWh per hour,180,smart_building_conformal/outputs/matched_forecasting005/bdg2_h3_f0_s45_v1,a94b3835135749e2f18b89fb6017d8d0b8b9d419cb0a1f9be11122d93d0a217f,a01df018f0e3df3c16a5d0d46c92429a88d394456a5f36fdc1cf6767927748fc,True,persistence,0.9,10,equal original group diagnostic; distinct from pooled,35.79757319259545,0.9072480224728856,225.47200000000066,367.2105364116809,69.72493052863285
bdg2,3,0,45,kWh per hour,180,smart_building_conformal/outputs/matched_forecasting005/bdg2_h3_f0_s45_v1,a94b3835135749e2f18b89fb6017d8d0b8b9d419cb0a1f9be11122d93d0a217f,a01df018f0e3df3c16a5d0d46c92429a88d394456a5f36fdc1cf6767927748fc,True,persistence,0.95,10,equal original group diagnostic; distinct from pooled,35.79757319259545,0.9520421055142796,334.0,470.05126050674653,69.72493052863285
bdg2,3,0,45,kWh per hour,180,smart_building_conformal/outputs/matched_forecasting005/bdg2_h3_f0_s45_v1,a94b3835135749e2f18b89fb6017d8d0b8b9d419cb0a1f9be11122d93d0a217f,a01df018f0e3df3c16a5d0d46c92429a88d394456a5f36fdc1cf6767927748fc,True,xgboost,0.9,10,equal original group diagnostic; distinct from pooled,24.11086873784465,0.8990204199687989,125.70484570312442,232.942568969834,47.51197654673148
bdg2,3,0,45,kWh per hour,180,smart_building_conformal/outputs/matched_forecasting005/bdg2_h3_f0_s45_v1,a94b3835135749e2f18b89fb6017d8d0b8b9d419cb0a1f9be11122d93d0a217f,a01df018f0e3df3c16a5d0d46c92429a88d394456a5f36fdc1cf6767927748fc,True,xgboost,0.95,10,equal original group diagnostic; distinct from pooled,24.11086873784465,0.9450759985569238,180.3750955078126,313.12442345813133,47.51197654673148
bdg2,3,0,45,kWh per hour,180,smart_building_conformal/outputs/matched_forecasting005/bdg2_h3_f0_s45_v1,a94b3835135749e2f18b89fb6017d8d0b8b9d419cb0a1f9be11122d93d0a217f,a01df018f0e3df3c16a5d0d46c92429a88d394456a5f36fdc1cf6767927748fc,True,attention_lstm,0.9,10,equal original group diagnostic; distinct from pooled,26.454432998154907,0.897338809126898,130.30754150390618,240.08980130677725,49.04018682780882
bdg2,3,0,45,kWh per hour,180,smart_building_conformal/outputs/matched_forecasting005/bdg2_h3_f0_s45_v1,a94b3835135749e2f18b89fb6017d8d0b8b9d419cb0a1f9be11122d93d0a217f,a01df018f0e3df3c16a5d0d46c92429a88d394456a5f36fdc1cf6767927748fc,True,attention_lstm,0.95,10,equal original group diagnostic; distinct from pooled,26.454432998154907,0.946603156289999,188.70847705078126,320.99213124089044,49.04018682780882
bdg2,6,0,45,kWh per hour,360,smart_building_conformal/outputs/matched_forecasting005/bdg2_h6_f0_s45_v1,a94b3835135749e2f18b89fb6017d8d0b8b9d419cb0a1f9be11122d93d0a217f,7f7805c629899db19ecf43df4c987ee240fc9a5fb5f32ad3b1fb5a327d85c72e,True,persistence,0.9,10,equal original group diagnostic; distinct from pooled,60.58568980319764,0.906931366339129,382.2940000000003,541.2861709684855,106.21841682479366
bdg2,6,0,45,kWh per hour,360,smart_building_conformal/outputs/matched_forecasting005/bdg2_h6_f0_s45_v1,a94b3835135749e2f18b89fb6017d8d0b8b9d419cb0a1f9be11122d93d0a217f,7f7805c629899db19ecf43df4c987ee240fc9a5fb5f32ad3b1fb5a327d85c72e,True,persistence,0.95,10,equal original group diagnostic; distinct from pooled,60.58568980319764,0.95644349230458,506.0,659.7631552806729,106.21841682479366
bdg2,6,0,45,kWh per hour,360,smart_building_conformal/outputs/matched_forecasting005/bdg2_h6_f0_s45_v1,a94b3835135749e2f18b89fb6017d8d0b8b9d419cb0a1f9be11122d93d0a217f,7f7805c629899db19ecf43df4c987ee240fc9a5fb5f32ad3b1fb5a327d85c72e,True,xgboost,0.9,10,equal original group diagnostic; distinct from pooled,28.748872812727477,0.9053694968615156,155.78265820312436,280.275909655274,56.737345744986925
bdg2,6,0,45,kWh per hour,360,smart_building_conformal/outputs/matched_forecasting005/bdg2_h6_f0_s45_v1,a94b3835135749e2f18b89fb6017d8d0b8b9d419cb0a1f9be11122d93d0a217f,7f7805c629899db19ecf43df4c987ee240fc9a5fb5f32ad3b1fb5a327d85c72e,True,xgboost,0.95,10,equal original group diagnostic; distinct from pooled,28.748872812727477,0.9506300262317481,223.306884765625,378.14541181304594,56.737345744986925
bdg2,6,0,45,kWh per hour,360,smart_building_conformal/outputs/matched_forecasting005/bdg2_h6_f0_s45_v1,a94b3835135749e2f18b89fb6017d8d0b8b9d419cb0a1f9be11122d93d0a217f,7f7805c629899db19ecf43df4c987ee240fc9a5fb5f32ad3b1fb5a327d85c72e,True,attention_lstm,0.9,10,equal original group diagnostic; distinct from pooled,33.26280243386936,0.9110666942761462,171.15288671874993,306.407539547667,61.96204196882674
bdg2,6,0,45,kWh per hour,360,smart_building_conformal/outputs/matched_forecasting005/bdg2_h6_f0_s45_v1,a94b3835135749e2f18b89fb6017d8d0b8b9d419cb0a1f9be11122d93d0a217f,7f7805c629899db19ecf43df4c987ee240fc9a5fb5f32ad3b1fb5a327d85c72e,True,attention_lstm,0.95,10,equal original group diagnostic; distinct from pooled,33.26280243386936,0.9530326012817248,248.79701171874976,417.88855410542254,61.96204196882674
bdg2,1,1,46,kWh per hour,60,smart_building_conformal/outputs/matched_forecasting005/bdg2_h1_f1_s46_v1,a94b3835135749e2f18b89fb6017d8d0b8b9d419cb0a1f9be11122d93d0a217f,b4c8f84edfa9f84a127a158bf6f9ea63e695153635fc2894c0b9f7043dead668,True,persistence,0.9,10,equal original group diagnostic; distinct from pooled,18.03227690287246,0.9204804241602661,118.33199999999995,187.2731211975764,38.28946486508666
bdg2,1,1,46,kWh per hour,60,smart_building_conformal/outputs/matched_forecasting005/bdg2_h1_f1_s46_v1,a94b3835135749e2f18b89fb6017d8d0b8b9d419cb0a1f9be11122d93d0a217f,b4c8f84edfa9f84a127a158bf6f9ea63e695153635fc2894c0b9f7043dead668,True,persistence,0.95,10,equal original group diagnostic; distinct from pooled,18.03227690287246,0.9601118484123479,170.0,249.28065430459236,38.28946486508666
bdg2,1,1,46,kWh per hour,60,smart_building_conformal/outputs/matched_forecasting005/bdg2_h1_f1_s46_v1,a94b3835135749e2f18b89fb6017d8d0b8b9d419cb0a1f9be11122d93d0a217f,b4c8f84edfa9f84a127a158bf6f9ea63e695153635fc2894c0b9f7043dead668,True,xgboost,0.9,10,equal original group diagnostic; distinct from pooled,16.372401548668293,0.914549561284286,90.464111328125,153.02355405037878,32.65752694190384
bdg2,1,1,46,kWh per hour,60,smart_building_conformal/outputs/matched_forecasting005/bdg2_h1_f1_s46_v1,a94b3835135749e2f18b89fb6017d8d0b8b9d419cb0a1f9be11122d93d0a217f,b4c8f84edfa9f84a127a158bf6f9ea63e695153635fc2894c0b9f7043dead668,True,xgboost,0.95,10,equal original group diagnostic; distinct from pooled,16.372401548668293,0.9604282034395659,135.88992285156246,207.53542876073215,32.65752694190384
bdg2,1,1,46,kWh per hour,60,smart_building_conformal/outputs/matched_forecasting005/bdg2_h1_f1_s46_v1,a94b3835135749e2f18b89fb6017d8d0b8b9d419cb0a1f9be11122d93d0a217f,b4c8f84edfa9f84a127a158bf6f9ea63e695153635fc2894c0b9f7043dead668,True,attention_lstm,0.9,10,equal original group diagnostic; distinct from pooled,18.939732934585972,0.9162797522528325,97.248736328125,158.6764656956728,34.21735831499715
bdg2,1,1,46,kWh per hour,60,smart_building_conformal/outputs/matched_forecasting005/bdg2_h1_f1_s46_v1,a94b3835135749e2f18b89fb6017d8d0b8b9d419cb0a1f9be11122d93d0a217f,b4c8f84edfa9f84a127a158bf6f9ea63e695153635fc2894c0b9f7043dead668,True,attention_lstm,0.95,10,equal original group diagnostic; distinct from pooled,18.939732934585972,0.9609456491992383,141.0548095703125,213.00082871815903,34.21735831499715
bdg2,3,1,46,kWh per hour,180,smart_building_conformal/outputs/matched_forecasting005/bdg2_h3_f1_s46_v1,a94b3835135749e2f18b89fb6017d8d0b8b9d419cb0a1f9be11122d93d0a217f,d06ea67024449995488f201755c086a541264e7ca380e9acc0ba5ccb25e1345f,True,persistence,0.9,10,equal original group diagnostic; distinct from pooled,37.130546332908935,0.9170553002878531,255.31800000000013,378.1043080493392,72.29328058923095
bdg2,3,1,46,kWh per hour,180,smart_building_conformal/outputs/matched_forecasting005/bdg2_h3_f1_s46_v1,a94b3835135749e2f18b89fb6017d8d0b8b9d419cb0a1f9be11122d93d0a217f,d06ea67024449995488f201755c086a541264e7ca380e9acc0ba5ccb25e1345f,True,persistence,0.95,10,equal original group diagnostic; distinct from pooled,37.130546332908935,0.9575248299333898,356.6119999999993,477.77981654724556,72.29328058923095
bdg2,3,1,46,kWh per hour,180,smart_building_conformal/outputs/matched_forecasting005/bdg2_h3_f1_s46_v1,a94b3835135749e2f18b89fb6017d8d0b8b9d419cb0a1f9be11122d93d0a217f,d06ea67024449995488f201755c086a541264e7ca380e9acc0ba5ccb25e1345f,True,xgboost,0.9,10,equal original group diagnostic; distinct from pooled,24.897519846413918,0.9060923217179487,131.71074340820314,222.2811302246311,46.918891059007315
bdg2,3,1,46,kWh per hour,180,smart_building_conformal/outputs/matched_forecasting005/bdg2_h3_f1_s46_v1,a94b3835135749e2f18b89fb6017d8d0b8b9d419cb0a1f9be11122d93d0a217f,d06ea67024449995488f201755c086a541264e7ca380e9acc0ba5ccb25e1345f,True,xgboost,0.95,10,equal original group diagnostic; distinct from pooled,24.897519846413918,0.9590175586224708,197.28933691406246,295.7498040500209,46.918891059007315
bdg2,3,1,46,kWh per hour,180,smart_building_conformal/outputs/matched_forecasting005/bdg2_h3_f1_s46_v1,a94b3835135749e2f18b89fb6017d8d0b8b9d419cb0a1f9be11122d93d0a217f,d06ea67024449995488f201755c086a541264e7ca380e9acc0ba5ccb25e1345f,True,attention_lstm,0.9,10,equal original group diagnostic; distinct from pooled,27.51947009729537,0.9122661057092044,143.34181328124993,242.24480403184188,51.82322180802847
bdg2,3,1,46,kWh per hour,180,smart_building_conformal/outputs/matched_forecasting005/bdg2_h3_f1_s46_v1,a94b3835135749e2f18b89fb6017d8d0b8b9d419cb0a1f9be11122d93d0a217f,d06ea67024449995488f201755c086a541264e7ca380e9acc0ba5ccb25e1345f,True,attention_lstm,0.95,10,equal original group diagnostic; distinct from pooled,27.51947009729537,0.9612302366560718,213.15662890625003,327.8550178259478,51.82322180802847
bdg2,6,1,46,kWh per hour,360,smart_building_conformal/outputs/matched_forecasting005/bdg2_h6_f1_s46_v1,a94b3835135749e2f18b89fb6017d8d0b8b9d419cb0a1f9be11122d93d0a217f,0c8610996943f9845703a12913ae3f70162f1a02ab2acd5dbd27dc6202197adb,True,persistence,0.9,10,equal original group diagnostic; distinct from pooled,63.54162136840083,0.9157122302158273,416.0,567.9334998561151,111.20040542815131
bdg2,6,1,46,kWh per hour,360,smart_building_conformal/outputs/matched_forecasting005/bdg2_h6_f1_s46_v1,a94b3835135749e2f18b89fb6017d8d0b8b9d419cb0a1f9be11122d93d0a217f,0c8610996943f9845703a12913ae3f70162f1a02ab2acd5dbd27dc6202197adb,True,persistence,0.95,10,equal original group diagnostic; distinct from pooled,63.54162136840083,0.9532086330935252,519.5599999999997,690.4246932949637,111.20040542815131
bdg2,6,1,46,kWh per hour,360,smart_building_conformal/outputs/matched_forecasting005/bdg2_h6_f1_s46_v1,a94b3835135749e2f18b89fb6017d8d0b8b9d419cb0a1f9be11122d93d0a217f,0c8610996943f9845703a12913ae3f70162f1a02ab2acd5dbd27dc6202197adb,True,xgboost,0.9,10,equal original group diagnostic; distinct from pooled,32.415364684157936,0.9011429941801559,163.47927856445312,281.8819514165186,58.634306511183816
bdg2,6,1,46,kWh per hour,360,smart_building_conformal/outputs/matched_forecasting005/bdg2_h6_f1_s46_v1,a94b3835135749e2f18b89fb6017d8d0b8b9d419cb0a1f9be11122d93d0a217f,0c8610996943f9845703a12913ae3f70162f1a02ab2acd5dbd27dc6202197adb,True,xgboost,0.95,10,equal original group diagnostic; distinct from pooled,32.415364684157936,0.9560560555894305,245.68951220703133,372.177489667515,58.634306511183816
bdg2,6,1,46,kWh per hour,360,smart_building_conformal/outputs/matched_forecasting005/bdg2_h6_f1_s46_v1,a94b3835135749e2f18b89fb6017d8d0b8b9d419cb0a1f9be11122d93d0a217f,0c8610996943f9845703a12913ae3f70162f1a02ab2acd5dbd27dc6202197adb,True,attention_lstm,0.9,10,equal original group diagnostic; distinct from pooled,35.75145177281188,0.9038321507810592,184.50774169921874,320.2230046313979,66.3309294518553
bdg2,6,1,46,kWh per hour,360,smart_building_conformal/outputs/matched_forecasting005/bdg2_h6_f1_s46_v1,a94b3835135749e2f18b89fb6017d8d0b8b9d419cb0a1f9be11122d93d0a217f,0c8610996943f9845703a12913ae3f70162f1a02ab2acd5dbd27dc6202197adb,True,attention_lstm,0.95,10,equal original group diagnostic; distinct from pooled,35.75145177281188,0.9555278802731056,273.3343505859375,425.30597417754007,66.3309294518553
bdg2,1,0,46,kWh per hour,60,smart_building_conformal/outputs/matched_forecasting005/bdg2_h1_f0_s46_v1,a94b3835135749e2f18b89fb6017d8d0b8b9d419cb0a1f9be11122d93d0a217f,9fb4b1a6d38adf5accdf782307fb105436a5c66bf2f7c65471cb745055a5d0a1,True,persistence,0.9,10,equal original group diagnostic; distinct from pooled,18.80876497440781,0.8919862343665418,104.0,190.18419698789924,37.71342860646991
bdg2,1,0,46,kWh per hour,60,smart_building_conformal/outputs/matched_forecasting005/bdg2_h1_f0_s46_v1,a94b3835135749e2f18b89fb6017d8d0b8b9d419cb0a1f9be11122d93d0a217f,9fb4b1a6d38adf5accdf782307fb105436a5c66bf2f7c65471cb745055a5d0a1,True,persistence,0.95,10,equal original group diagnostic; distinct from pooled,18.80876497440781,0.9460871670902634,152.32400000000004,250.84857445356027,37.71342860646991
bdg2,1,0,46,kWh per hour,60,smart_building_conformal/outputs/matched_forecasting005/bdg2_h1_f0_s46_v1,a94b3835135749e2f18b89fb6017d8d0b8b9d419cb0a1f9be11122d93d0a217f,9fb4b1a6d38adf5accdf782307fb105436a5c66bf2f7c65471cb745055a5d0a1,True,xgboost,0.9,10,equal original group diagnostic; distinct from pooled,17.16839948856487,0.8947986715029806,85.7247314453125,158.9483643554337,32.4055388739438
bdg2,1,0,46,kWh per hour,60,smart_building_conformal/outputs/matched_forecasting005/bdg2_h1_f0_s46_v1,a94b3835135749e2f18b89fb6017d8d0b8b9d419cb0a1f9be11122d93d0a217f,9fb4b1a6d38adf5accdf782307fb105436a5c66bf2f7c65471cb745055a5d0a1,True,xgboost,0.95,10,equal original group diagnostic; distinct from pooled,17.16839948856487,0.9430376518118072,120.643798828125,211.9879541372155,32.4055388739438
bdg2,1,0,46,kWh per hour,60,smart_building_conformal/outputs/matched_forecasting005/bdg2_h1_f0_s46_v1,a94b3835135749e2f18b89fb6017d8d0b8b9d419cb0a1f9be11122d93d0a217f,9fb4b1a6d38adf5accdf782307fb105436a5c66bf2f7c65471cb745055a5d0a1,True,attention_lstm,0.9,10,equal original group diagnostic; distinct from pooled,17.172970161461457,0.895055172790939,83.54851953124998,154.99864476294178,31.507091244874836
bdg2,1,0,46,kWh per hour,60,smart_building_conformal/outputs/matched_forecasting005/bdg2_h1_f0_s46_v1,a94b3835135749e2f18b89fb6017d8d0b8b9d419cb0a1f9be11122d93d0a217f,9fb4b1a6d38adf5accdf782307fb105436a5c66bf2f7c65471cb745055a5d0a1,True,attention_lstm,0.95,10,equal original group diagnostic; distinct from pooled,17.172970161461457,0.9472379316339794,123.0557861328125,205.92984485463808,31.507091244874836
bdg2,3,0,46,kWh per hour,180,smart_building_conformal/outputs/matched_forecasting005/bdg2_h3_f0_s46_v1,a94b3835135749e2f18b89fb6017d8d0b8b9d419cb0a1f9be11122d93d0a217f,b26600fcaebd0b9dfcc5750144af7396366970ce39f8810113aef70eeda0d16a,True,persistence,0.9,10,equal original group diagnostic; distinct from pooled,35.79757319259545,0.9072480224728856,225.47200000000066,367.2105364116809,69.72493052863285
bdg2,3,0,46,kWh per hour,180,smart_building_conformal/outputs/matched_forecasting005/bdg2_h3_f0_s46_v1,a94b3835135749e2f18b89fb6017d8d0b8b9d419cb0a1f9be11122d93d0a217f,b26600fcaebd0b9dfcc5750144af7396366970ce39f8810113aef70eeda0d16a,True,persistence,0.95,10,equal original group diagnostic; distinct from pooled,35.79757319259545,0.9520421055142796,334.0,470.05126050674653,69.72493052863285
bdg2,3,0,46,kWh per hour,180,smart_building_conformal/outputs/matched_forecasting005/bdg2_h3_f0_s46_v1,a94b3835135749e2f18b89fb6017d8d0b8b9d419cb0a1f9be11122d93d0a217f,b26600fcaebd0b9dfcc5750144af7396366970ce39f8810113aef70eeda0d16a,True,xgboost,0.9,10,equal original group diagnostic; distinct from pooled,24.09644804048373,0.8970455232861069,124.49166015624996,232.28299462866238,47.339114302056416
bdg2,3,0,46,kWh per hour,180,smart_building_conformal/outputs/matched_forecasting005/bdg2_h3_f0_s46_v1,a94b3835135749e2f18b89fb6017d8d0b8b9d419cb0a1f9be11122d93d0a217f,b26600fcaebd0b9dfcc5750144af7396366970ce39f8810113aef70eeda0d16a,True,xgboost,0.95,10,equal original group diagnostic; distinct from pooled,24.09644804048373,0.9447019806108219,179.205068359375,311.93906137792,47.339114302056416
bdg2,3,0,46,kWh per hour,180,smart_building_conformal/outputs/matched_forecasting005/bdg2_h3_f0_s46_v1,a94b3835135749e2f18b89fb6017d8d0b8b9d419cb0a1f9be11122d93d0a217f,b26600fcaebd0b9dfcc5750144af7396366970ce39f8810113aef70eeda0d16a,True,attention_lstm,0.9,10,equal original group diagnostic; distinct from pooled,25.477080459503043,0.8981578263135754,127.70885620117186,236.21278790722096,47.456240603028206
bdg2,3,0,46,kWh per hour,180,smart_building_conformal/outputs/matched_forecasting005/bdg2_h3_f0_s46_v1,a94b3835135749e2f18b89fb6017d8d0b8b9d419cb0a1f9be11122d93d0a217f,b26600fcaebd0b9dfcc5750144af7396366970ce39f8810113aef70eeda0d16a,True,attention_lstm,0.95,10,equal original group diagnostic; distinct from pooled,25.477080459503043,0.9443279875153097,183.3230634765625,315.30016275059995,47.456240603028206
bdg2,6,0,46,kWh per hour,360,smart_building_conformal/outputs/matched_forecasting005/bdg2_h6_f0_s46_v1,a94b3835135749e2f18b89fb6017d8d0b8b9d419cb0a1f9be11122d93d0a217f,72a129edf79b45a6bae14d94d6e79308ac3c097daf78ee9f39bb77dea6468ab3,True,persistence,0.9,10,equal original group diagnostic; distinct from pooled,60.58568980319764,0.906931366339129,382.2940000000003,541.2861709684855,106.21841682479366
bdg2,6,0,46,kWh per hour,360,smart_building_conformal/outputs/matched_forecasting005/bdg2_h6_f0_s46_v1,a94b3835135749e2f18b89fb6017d8d0b8b9d419cb0a1f9be11122d93d0a217f,72a129edf79b45a6bae14d94d6e79308ac3c097daf78ee9f39bb77dea6468ab3,True,persistence,0.95,10,equal original group diagnostic; distinct from pooled,60.58568980319764,0.95644349230458,506.0,659.7631552806729,106.21841682479366
bdg2,6,0,46,kWh per hour,360,smart_building_conformal/outputs/matched_forecasting005/bdg2_h6_f0_s46_v1,a94b3835135749e2f18b89fb6017d8d0b8b9d419cb0a1f9be11122d93d0a217f,72a129edf79b45a6bae14d94d6e79308ac3c097daf78ee9f39bb77dea6468ab3,True,xgboost,0.9,10,equal original group diagnostic; distinct from pooled,28.958518096138874,0.9045575492298944,157.25223828124996,283.0268355102556,57.4587196225955
bdg2,6,0,46,kWh per hour,360,smart_building_conformal/outputs/matched_forecasting005/bdg2_h6_f0_s46_v1,a94b3835135749e2f18b89fb6017d8d0b8b9d419cb0a1f9be11122d93d0a217f,72a129edf79b45a6bae14d94d6e79308ac3c097daf78ee9f39bb77dea6468ab3,True,xgboost,0.95,10,equal original group diagnostic; distinct from pooled,28.958518096138874,0.9504288443107617,224.0975076171876,382.74992690028984,57.4587196225955
bdg2,6,0,46,kWh per hour,360,smart_building_conformal/outputs/matched_forecasting005/bdg2_h6_f0_s46_v1,a94b3835135749e2f18b89fb6017d8d0b8b9d419cb0a1f9be11122d93d0a217f,72a129edf79b45a6bae14d94d6e79308ac3c097daf78ee9f39bb77dea6468ab3,True,attention_lstm,0.9,10,equal original group diagnostic; distinct from pooled,33.184460756859394,0.9108195456601461,172.8612011718751,304.1418043089936,61.100386753435664
bdg2,6,0,46,kWh per hour,360,smart_building_conformal/outputs/matched_forecasting005/bdg2_h6_f0_s46_v1,a94b3835135749e2f18b89fb6017d8d0b8b9d419cb0a1f9be11122d93d0a217f,72a129edf79b45a6bae14d94d6e79308ac3c097daf78ee9f39bb77dea6468ab3,True,attention_lstm,0.95,10,equal original group diagnostic; distinct from pooled,33.184460756859394,0.9532306955424408,252.25574316406255,411.3987350287707,61.100386753435664
pleia,1,1,42,degrees C,10,smart_building_conformal/outputs/matched_forecasting005/pleia_h1_f1_s42_v1,a94b3835135749e2f18b89fb6017d8d0b8b9d419cb0a1f9be11122d93d0a217f,070314c42733d41fe1041b378179b17dfc49591072a8ba6daf548e6687c9b5e0,True,persistence,0.9,1,equal original group diagnostic; distinct from pooled,0.21849197537094983,0.9172302412435651,1.0,1.510951852225699,0.32399420033265647
pleia,1,1,42,degrees C,10,smart_building_conformal/outputs/matched_forecasting005/pleia_h1_f1_s42_v1,a94b3835135749e2f18b89fb6017d8d0b8b9d419cb0a1f9be11122d93d0a217f,070314c42733d41fe1041b378179b17dfc49591072a8ba6daf548e6687c9b5e0,True,persistence,0.95,1,equal original group diagnostic; distinct from pooled,0.21849197537094983,0.9606338952255981,1.3999999999999984,1.8796608458665585,0.32399420033265647
pleia,1,1,42,degrees C,10,smart_building_conformal/outputs/matched_forecasting005/pleia_h1_f1_s42_v1,a94b3835135749e2f18b89fb6017d8d0b8b9d419cb0a1f9be11122d93d0a217f,070314c42733d41fe1041b378179b17dfc49591072a8ba6daf548e6687c9b5e0,True,xgboost,0.9,1,equal original group diagnostic; distinct from pooled,1.1946724670354711,0.8234581608963359,4.275682067871095,6.81130299936381,1.5486733933872094
pleia,1,1,42,degrees C,10,smart_building_conformal/outputs/matched_forecasting005/pleia_h1_f1_s42_v1,a94b3835135749e2f18b89fb6017d8d0b8b9d419cb0a1f9be11122d93d0a217f,070314c42733d41fe1041b378179b17dfc49591072a8ba6daf548e6687c9b5e0,True,xgboost,0.95,1,equal original group diagnostic; distinct from pooled,1.1946724670354711,0.8731200161501969,4.90695495605469,8.047181514833548,1.5486733933872094
pleia,1,1,42,degrees C,10,smart_building_conformal/outputs/matched_forecasting005/pleia_h1_f1_s42_v1,a94b3835135749e2f18b89fb6017d8d0b8b9d419cb0a1f9be11122d93d0a217f,070314c42733d41fe1041b378179b17dfc49591072a8ba6daf548e6687c9b5e0,True,attention_lstm,0.9,1,equal original group diagnostic; distinct from pooled,1.4689482222896202,0.9269203593418794,7.789263916015627,8.501918687451749,1.9104366229356846
pleia,1,1,42,degrees C,10,smart_building_conformal/outputs/matched_forecasting005/pleia_h1_f1_s42_v1,a94b3835135749e2f18b89fb6017d8d0b8b9d419cb0a1f9be11122d93d0a217f,070314c42733d41fe1041b378179b17dfc49591072a8ba6daf548e6687c9b5e0,True,attention_lstm,0.95,1,equal original group diagnostic; distinct from pooled,1.4689482222896202,0.9628545472897951,8.639421844482424,9.143074413841331,1.9104366229356846
pleia,3,1,42,degrees C,30,smart_building_conformal/outputs/matched_forecasting005/pleia_h3_f1_s42_v1,a94b3835135749e2f18b89fb6017d8d0b8b9d419cb0a1f9be11122d93d0a217f,c142ceff9c3ec1cd16d4991c382f3bcf1e0e9cd35a875fc17560b2454c2b4adb,True,persistence,0.9,1,equal original group diagnostic; distinct from pooled,0.36611486827495704,0.9154133441001312,1.7999999999999974,2.549571010396689,0.5387600956812745
pleia,3,1,42,degrees C,30,smart_building_conformal/outputs/matched_forecasting005/pleia_h3_f1_s42_v1,a94b3835135749e2f18b89fb6017d8d0b8b9d419cb0a1f9be11122d93d0a217f,c142ceff9c3ec1cd16d4991c382f3bcf1e0e9cd35a875fc17560b2454c2b4adb,True,persistence,0.95,1,equal original group diagnostic; distinct from pooled,0.36611486827495704,0.9623498536388412,2.3999999999999986,3.154214191985464,0.5387600956812745
pleia,3,1,42,degrees C,30,smart_building_conformal/outputs/matched_forecasting005/pleia_h3_f1_s42_v1,a94b3835135749e2f18b89fb6017d8d0b8b9d419cb0a1f9be11122d93d0a217f,c142ceff9c3ec1cd16d4991c382f3bcf1e0e9cd35a875fc17560b2454c2b4adb,True,xgboost,0.9,1,equal original group diagnostic; distinct from pooled,1.5441035556687326,0.8071060866054305,4.981998443603516,7.721654118978497,1.8831396958917581
pleia,3,1,42,degrees C,30,smart_building_conformal/outputs/matched_forecasting005/pleia_h3_f1_s42_v1,a94b3835135749e2f18b89fb6017d8d0b8b9d419cb0a1f9be11122d93d0a217f,c142ceff9c3ec1cd16d4991c382f3bcf1e0e9cd35a875fc17560b2454c2b4adb,True,xgboost,0.95,1,equal original group diagnostic; distinct from pooled,1.5441035556687326,0.8716059351973352,5.666357421875,8.958707068880235,1.8831396958917581
pleia,3,1,42,degrees C,30,smart_building_conformal/outputs/matched_forecasting005/pleia_h3_f1_s42_v1,a94b3835135749e2f18b89fb6017d8d0b8b9d419cb0a1f9be11122d93d0a217f,c142ceff9c3ec1cd16d4991c382f3bcf1e0e9cd35a875fc17560b2454c2b4adb,True,attention_lstm,0.9,1,equal original group diagnostic; distinct from pooled,1.4780025308134819,0.9364085999798123,6.638525390625003,7.293483619462765,1.8258489713817285
pleia,3,1,42,degrees C,30,smart_building_conformal/outputs/matched_forecasting005/pleia_h3_f1_s42_v1,a94b3835135749e2f18b89fb6017d8d0b8b9d419cb0a1f9be11122d93d0a217f,c142ceff9c3ec1cd16d4991c382f3bcf1e0e9cd35a875fc17560b2454c2b4adb,True,attention_lstm,0.95,1,equal original group diagnostic; distinct from pooled,1.4780025308134819,0.9690118098314323,7.556049346923828,8.033211660418823,1.8258489713817285
pleia,6,1,42,degrees C,60,smart_building_conformal/outputs/matched_forecasting005/pleia_h6_f1_s42_v1,a94b3835135749e2f18b89fb6017d8d0b8b9d419cb0a1f9be11122d93d0a217f,4eab396c855866544fbd05d0a7e98ac6e2edbe77d1a5c77a913314fb3ddefd7b,True,persistence,0.9,1,equal original group diagnostic; distinct from pooled,0.5223276471181992,0.9111739174321187,2.5999999999999943,3.509256081558494,0.7472522932077557
pleia,6,1,42,degrees C,60,smart_building_conformal/outputs/matched_forecasting005/pleia_h6_f1_s42_v1,a94b3835135749e2f18b89fb6017d8d0b8b9d419cb0a1f9be11122d93d0a217f,4eab396c855866544fbd05d0a7e98ac6e2edbe77d1a5c77a913314fb3ddefd7b,True,persistence,0.95,1,equal original group diagnostic; distinct from pooled,0.5223276471181992,0.9638639345917028,3.399999999999999,4.2761481780559185,0.7472522932077557
pleia,6,1,42,degrees C,60,smart_building_conformal/outputs/matched_forecasting005/pleia_h6_f1_s42_v1,a94b3835135749e2f18b89fb6017d8d0b8b9d419cb0a1f9be11122d93d0a217f,4eab396c855866544fbd05d0a7e98ac6e2edbe77d1a5c77a913314fb3ddefd7b,True,xgboost,0.9,1,equal original group diagnostic; distinct from pooled,1.7666467741903389,0.773796305642475,5.340205383300784,8.262739334422184,2.086584345387226
pleia,6,1,42,degrees C,60,smart_building_conformal/outputs/matched_forecasting005/pleia_h6_f1_s42_v1,a94b3835135749e2f18b89fb6017d8d0b8b9d419cb0a1f9be11122d93d0a217f,4eab396c855866544fbd05d0a7e98ac6e2edbe77d1a5c77a913314fb3ddefd7b,True,xgboost,0.95,1,equal original group diagnostic; distinct from pooled,1.7666467741903389,0.8524275764610881,5.986653900146484,9.427041182783205,2.086584345387226
pleia,6,1,42,degrees C,60,smart_building_conformal/outputs/matched_forecasting005/pleia_h6_f1_s42_v1,a94b3835135749e2f18b89fb6017d8d0b8b9d419cb0a1f9be11122d93d0a217f,4eab396c855866544fbd05d0a7e98ac6e2edbe77d1a5c77a913314fb3ddefd7b,True,attention_lstm,0.9,1,equal original group diagnostic; distinct from pooled,1.8894688414603222,0.9419602301403048,7.854557800292967,8.373095215958857,2.2314162412215506
pleia,6,1,42,degrees C,60,smart_building_conformal/outputs/matched_forecasting005/pleia_h6_f1_s42_v1,a94b3835135749e2f18b89fb6017d8d0b8b9d419cb0a1f9be11122d93d0a217f,4eab396c855866544fbd05d0a7e98ac6e2edbe77d1a5c77a913314fb3ddefd7b,True,attention_lstm,0.95,1,equal original group diagnostic; distinct from pooled,1.8894688414603222,0.9879882911072979,9.175948333740237,9.357597503785328,2.2314162412215506
pleia,1,1,43,degrees C,10,smart_building_conformal/outputs/matched_forecasting005/pleia_h1_f1_s43_v1,a94b3835135749e2f18b89fb6017d8d0b8b9d419cb0a1f9be11122d93d0a217f,71f1f81054fc50bcc6b284f1a66ee091abbe146eb905dc8bd253e423ad03d1af,True,persistence,0.9,1,equal original group diagnostic; distinct from pooled,0.21849197537094983,0.9172302412435651,1.0,1.510951852225699,0.32399420033265647
pleia,1,1,43,degrees C,10,smart_building_conformal/outputs/matched_forecasting005/pleia_h1_f1_s43_v1,a94b3835135749e2f18b89fb6017d8d0b8b9d419cb0a1f9be11122d93d0a217f,71f1f81054fc50bcc6b284f1a66ee091abbe146eb905dc8bd253e423ad03d1af,True,persistence,0.95,1,equal original group diagnostic; distinct from pooled,0.21849197537094983,0.9606338952255981,1.3999999999999984,1.8796608458665585,0.32399420033265647
pleia,1,1,43,degrees C,10,smart_building_conformal/outputs/matched_forecasting005/pleia_h1_f1_s43_v1,a94b3835135749e2f18b89fb6017d8d0b8b9d419cb0a1f9be11122d93d0a217f,71f1f81054fc50bcc6b284f1a66ee091abbe146eb905dc8bd253e423ad03d1af,True,xgboost,0.9,1,equal original group diagnostic; distinct from pooled,1.1609282434197237,0.8250731805793883,4.208994293212889,6.699875474835282,1.5118653763815213
pleia,1,1,43,degrees C,10,smart_building_conformal/outputs/matched_forecasting005/pleia_h1_f1_s43_v1,a94b3835135749e2f18b89fb6017d8d0b8b9d419cb0a1f9be11122d93d0a217f,71f1f81054fc50bcc6b284f1a66ee091abbe146eb905dc8bd253e423ad03d1af,True,xgboost,0.95,1,equal original group diagnostic; distinct from pooled,1.1609282434197237,0.8736247098011507,4.818869018554686,7.936360491437557,1.5118653763815213
pleia,1,1,43,degrees C,10,smart_building_conformal/outputs/matched_forecasting005/pleia_h1_f1_s43_v1,a94b3835135749e2f18b89fb6017d8d0b8b9d419cb0a1f9be11122d93d0a217f,71f1f81054fc50bcc6b284f1a66ee091abbe146eb905dc8bd253e423ad03d1af,True,attention_lstm,0.9,1,equal original group diagnostic; distinct from pooled,1.2735810902954483,0.9093570202886848,5.711352539062503,6.696007151327906,1.6309847077223179
pleia,1,1,43,degrees C,10,smart_building_conformal/outputs/matched_forecasting005/pleia_h1_f1_s43_v1,a94b3835135749e2f18b89fb6017d8d0b8b9d419cb0a1f9be11122d93d0a217f,71f1f81054fc50bcc6b284f1a66ee091abbe146eb905dc8bd253e423ad03d1af,True,attention_lstm,0.95,1,equal original group diagnostic; distinct from pooled,1.2735810902954483,0.9386292520440093,6.275508117675784,7.391787377031439,1.6309847077223179
pleia,3,1,43,degrees C,30,smart_building_conformal/outputs/matched_forecasting005/pleia_h3_f1_s43_v1,a94b3835135749e2f18b89fb6017d8d0b8b9d419cb0a1f9be11122d93d0a217f,18365638b4cd953a61df0b84be3c4ca087476c0ac52377d1c699439a7840c313,True,persistence,0.9,1,equal original group diagnostic; distinct from pooled,0.36611486827495704,0.9154133441001312,1.7999999999999974,2.549571010396689,0.5387600956812745
pleia,3,1,43,degrees C,30,smart_building_conformal/outputs/matched_forecasting005/pleia_h3_f1_s43_v1,a94b3835135749e2f18b89fb6017d8d0b8b9d419cb0a1f9be11122d93d0a217f,18365638b4cd953a61df0b84be3c4ca087476c0ac52377d1c699439a7840c313,True,persistence,0.95,1,equal original group diagnostic; distinct from pooled,0.36611486827495704,0.9623498536388412,2.3999999999999986,3.154214191985464,0.5387600956812745
pleia,3,1,43,degrees C,30,smart_building_conformal/outputs/matched_forecasting005/pleia_h3_f1_s43_v1,a94b3835135749e2f18b89fb6017d8d0b8b9d419cb0a1f9be11122d93d0a217f,18365638b4cd953a61df0b84be3c4ca087476c0ac52377d1c699439a7840c313,True,xgboost,0.9,1,equal original group diagnostic; distinct from pooled,1.5616482888026615,0.7913596446956698,4.952691650390625,7.867985402364547,1.9043127726413398
pleia,3,1,43,degrees C,30,smart_building_conformal/outputs/matched_forecasting005/pleia_h3_f1_s43_v1,a94b3835135749e2f18b89fb6017d8d0b8b9d419cb0a1f9be11122d93d0a217f,18365638b4cd953a61df0b84be3c4ca087476c0ac52377d1c699439a7840c313,True,xgboost,0.95,1,equal original group diagnostic; distinct from pooled,1.5616482888026615,0.8718078126577168,5.695018768310547,9.090178990924802,1.9043127726413398
pleia,3,1,43,degrees C,30,smart_building_conformal/outputs/matched_forecasting005/pleia_h3_f1_s43_v1,a94b3835135749e2f18b89fb6017d8d0b8b9d419cb0a1f9be11122d93d0a217f,18365638b4cd953a61df0b84be3c4ca087476c0ac52377d1c699439a7840c313,True,attention_lstm,0.9,1,equal original group diagnostic; distinct from pooled,1.3243210963215228,0.9167255475926113,5.603774261474612,6.423826769852574,1.6283214531303758
pleia,3,1,43,degrees C,30,smart_building_conformal/outputs/matched_forecasting005/pleia_h3_f1_s43_v1,a94b3835135749e2f18b89fb6017d8d0b8b9d419cb0a1f9be11122d93d0a217f,18365638b4cd953a61df0b84be3c4ca087476c0ac52377d1c699439a7840c313,True,attention_lstm,0.95,1,equal original group diagnostic; distinct from pooled,1.3243210963215228,0.9483193701423236,6.233757019042969,7.032519662321256,1.6283214531303758
pleia,6,1,43,degrees C,60,smart_building_conformal/outputs/matched_forecasting005/pleia_h6_f1_s43_v1,a94b3835135749e2f18b89fb6017d8d0b8b9d419cb0a1f9be11122d93d0a217f,f335303cd67ebd77e5b9a6ffee0a7cfc2a3a6d3a2c9957e4e48d4752f5763d14,True,persistence,0.9,1,equal original group diagnostic; distinct from pooled,0.5223276471181992,0.9111739174321187,2.5999999999999943,3.509256081558494,0.7472522932077557
pleia,6,1,43,degrees C,60,smart_building_conformal/outputs/matched_forecasting005/pleia_h6_f1_s43_v1,a94b3835135749e2f18b89fb6017d8d0b8b9d419cb0a1f9be11122d93d0a217f,f335303cd67ebd77e5b9a6ffee0a7cfc2a3a6d3a2c9957e4e48d4752f5763d14,True,persistence,0.95,1,equal original group diagnostic; distinct from pooled,0.5223276471181992,0.9638639345917028,3.399999999999999,4.2761481780559185,0.7472522932077557
pleia,6,1,43,degrees C,60,smart_building_conformal/outputs/matched_forecasting005/pleia_h6_f1_s43_v1,a94b3835135749e2f18b89fb6017d8d0b8b9d419cb0a1f9be11122d93d0a217f,f335303cd67ebd77e5b9a6ffee0a7cfc2a3a6d3a2c9957e4e48d4752f5763d14,True,xgboost,0.9,1,equal original group diagnostic; distinct from pooled,1.8147937163197696,0.7646108811951146,5.392584991455081,8.481728234122132,2.1336819541338468
pleia,6,1,43,degrees C,60,smart_building_conformal/outputs/matched_forecasting005/pleia_h6_f1_s43_v1,a94b3835135749e2f18b89fb6017d8d0b8b9d419cb0a1f9be11122d93d0a217f,f335303cd67ebd77e5b9a6ffee0a7cfc2a3a6d3a2c9957e4e48d4752f5763d14,True,xgboost,0.95,1,equal original group diagnostic; distinct from pooled,1.8147937163197696,0.8424346421722014,6.0293220520019535,9.705840954405634,2.1336819541338468
pleia,6,1,43,degrees C,60,smart_building_conformal/outputs/matched_forecasting005/pleia_h6_f1_s43_v1,a94b3835135749e2f18b89fb6017d8d0b8b9d419cb0a1f9be11122d93d0a217f,f335303cd67ebd77e5b9a6ffee0a7cfc2a3a6d3a2c9957e4e48d4752f5763d14,True,attention_lstm,0.9,1,equal original group diagnostic; distinct from pooled,2.0098853794635816,0.8908852326637731,7.3086090087890625,8.304677223766971,2.3712892004650374
pleia,6,1,43,degrees C,60,smart_building_conformal/outputs/matched_forecasting005/pleia_h6_f1_s43_v1,a94b3835135749e2f18b89fb6017d8d0b8b9d419cb0a1f9be11122d93d0a217f,f335303cd67ebd77e5b9a6ffee0a7cfc2a3a6d3a2c9957e4e48d4752f5763d14,True,attention_lstm,0.95,1,equal original group diagnostic; distinct from pooled,2.0098853794635816,0.9579085495104471,8.20431365966797,8.94621639311392,2.3712892004650374
pleia,1,0,43,degrees C,10,smart_building_conformal/outputs/matched_forecasting005/pleia_h1_f0_s43_v1,a94b3835135749e2f18b89fb6017d8d0b8b9d419cb0a1f9be11122d93d0a217f,e024beedb3e47acec3ed1e18d27b32ccb908bae668b3ce2e23bd25efc91aa74c,True,persistence,0.9,1,equal original group diagnostic; distinct from pooled,0.20377510850913494,0.9204602806096699,1.0,1.5598061976380337,0.3274649132433441
pleia,1,0,43,degrees C,10,smart_building_conformal/outputs/matched_forecasting005/pleia_h1_f0_s43_v1,a94b3835135749e2f18b89fb6017d8d0b8b9d419cb0a1f9be11122d93d0a217f,e024beedb3e47acec3ed1e18d27b32ccb908bae668b3ce2e23bd25efc91aa74c,True,persistence,0.95,1,equal original group diagnostic; distinct from pooled,0.20377510850913494,0.9596245079236904,1.3999999999999984,1.9842333703442006,0.3274649132433441
pleia,1,0,43,degrees C,10,smart_building_conformal/outputs/matched_forecasting005/pleia_h1_f0_s43_v1,a94b3835135749e2f18b89fb6017d8d0b8b9d419cb0a1f9be11122d93d0a217f,e024beedb3e47acec3ed1e18d27b32ccb908bae668b3ce2e23bd25efc91aa74c,True,xgboost,0.9,1,equal original group diagnostic; distinct from pooled,0.2787307058873229,0.8711012415463814,1.0029777526855455,1.6450022240682343,0.3747019363001409
pleia,1,0,43,degrees C,10,smart_building_conformal/outputs/matched_forecasting005/pleia_h1_f0_s43_v1,a94b3835135749e2f18b89fb6017d8d0b8b9d419cb0a1f9be11122d93d0a217f,e024beedb3e47acec3ed1e18d27b32ccb908bae668b3ce2e23bd25efc91aa74c,True,xgboost,0.95,1,equal original group diagnostic; distinct from pooled,0.2787307058873229,0.9331785606137075,1.2720451354980469,2.0500040209304187,0.3747019363001409
pleia,1,0,43,degrees C,10,smart_building_conformal/outputs/matched_forecasting005/pleia_h1_f0_s43_v1,a94b3835135749e2f18b89fb6017d8d0b8b9d419cb0a1f9be11122d93d0a217f,e024beedb3e47acec3ed1e18d27b32ccb908bae668b3ce2e23bd25efc91aa74c,True,attention_lstm,0.9,1,equal original group diagnostic; distinct from pooled,0.33085154593742927,0.897648127586555,1.3791976928710954,2.0573341362698,0.4561268663488022
pleia,1,0,43,degrees C,10,smart_building_conformal/outputs/matched_forecasting005/pleia_h1_f0_s43_v1,a94b3835135749e2f18b89fb6017d8d0b8b9d419cb0a1f9be11122d93d0a217f,e024beedb3e47acec3ed1e18d27b32ccb908bae668b3ce2e23bd25efc91aa74c,True,attention_lstm,0.95,1,equal original group diagnostic; distinct from pooled,0.33085154593742927,0.9396386393459171,1.6674453735351589,2.565302320276076,0.4561268663488022
pleia,3,0,43,degrees C,30,smart_building_conformal/outputs/matched_forecasting005/pleia_h3_f0_s43_v1,a94b3835135749e2f18b89fb6017d8d0b8b9d419cb0a1f9be11122d93d0a217f,abf2d1f07c8927e4b2599a16b2c6b800e1e7cc64daf774a4db3122a3c294c4c1,True,persistence,0.9,1,equal original group diagnostic; distinct from pooled,0.3773493489451903,0.892702129807207,1.6000000000000016,2.9449076410618753,0.6099061114818022
pleia,3,0,43,degrees C,30,smart_building_conformal/outputs/matched_forecasting005/pleia_h3_f0_s43_v1,a94b3835135749e2f18b89fb6017d8d0b8b9d419cb0a1f9be11122d93d0a217f,abf2d1f07c8927e4b2599a16b2c6b800e1e7cc64daf774a4db3122a3c294c4c1,True,persistence,0.95,1,equal original group diagnostic; distinct from pooled,0.3773493489451903,0.9417583526799232,2.200000000000003,3.825517310992226,0.6099061114818022
pleia,3,0,43,degrees C,30,smart_building_conformal/outputs/matched_forecasting005/pleia_h3_f0_s43_v1,a94b3835135749e2f18b89fb6017d8d0b8b9d419cb0a1f9be11122d93d0a217f,abf2d1f07c8927e4b2599a16b2c6b800e1e7cc64daf774a4db3122a3c294c4c1,True,xgboost,0.9,1,equal original group diagnostic; distinct from pooled,0.597302503115091,0.728676693247199,1.5976501464843766,3.603725083646563,0.7581425557084331
pleia,3,0,43,degrees C,30,smart_building_conformal/outputs/matched_forecasting005/pleia_h3_f0_s43_v1,a94b3835135749e2f18b89fb6017d8d0b8b9d419cb0a1f9be11122d93d0a217f,abf2d1f07c8927e4b2599a16b2c6b800e1e7cc64daf774a4db3122a3c294c4c1,True,xgboost,0.95,1,equal original group diagnostic; distinct from pooled,0.597302503115091,0.8632280205915009,2.060556793212889,4.240785311006497,0.7581425557084331
pleia,3,0,43,degrees C,30,smart_building_conformal/outputs/matched_forecasting005/pleia_h3_f0_s43_v1,a94b3835135749e2f18b89fb6017d8d0b8b9d419cb0a1f9be11122d93d0a217f,abf2d1f07c8927e4b2599a16b2c6b800e1e7cc64daf774a4db3122a3c294c4c1,True,attention_lstm,0.9,1,equal original group diagnostic; distinct from pooled,0.744215290296375,0.8136671040678308,2.340405273437497,4.658690600877963,0.9866718984100488
pleia,3,0,43,degrees C,30,smart_building_conformal/outputs/matched_forecasting005/pleia_h3_f0_s43_v1,a94b3835135749e2f18b89fb6017d8d0b8b9d419cb0a1f9be11122d93d0a217f,abf2d1f07c8927e4b2599a16b2c6b800e1e7cc64daf774a4db3122a3c294c4c1,True,attention_lstm,0.95,1,equal original group diagnostic; distinct from pooled,0.744215290296375,0.8914908650449177,3.0038192749023405,5.742328681302768,0.9866718984100488
pleia,6,0,43,degrees C,60,smart_building_conformal/outputs/matched_forecasting005/pleia_h6_f0_s43_v1,a94b3835135749e2f18b89fb6017d8d0b8b9d419cb0a1f9be11122d93d0a217f,3e05e91101aab0b4be6f8b674c084befef8ba8731f5d4235a0c5cd8d2b64b4e0,True,persistence,0.9,1,equal original group diagnostic; distinct from pooled,0.5481174926819421,0.8939133945694964,2.3999999999999986,4.21992530533966,0.8776005350395164
pleia,6,0,43,degrees C,60,smart_building_conformal/outputs/matched_forecasting005/pleia_h6_f0_s43_v1,a94b3835135749e2f18b89fb6017d8d0b8b9d419cb0a1f9be11122d93d0a217f,3e05e91101aab0b4be6f8b674c084befef8ba8731f5d4235a0c5cd8d2b64b4e0,True,persistence,0.95,1,equal original group diagnostic; distinct from pooled,0.5481174926819421,0.9402442717270617,3.1999999999999957,5.547431109316643,0.8776005350395164
pleia,6,0,43,degrees C,60,smart_building_conformal/outputs/matched_forecasting005/pleia_h6_f0_s43_v1,a94b3835135749e2f18b89fb6017d8d0b8b9d419cb0a1f9be11122d93d0a217f,3e05e91101aab0b4be6f8b674c084befef8ba8731f5d4235a0c5cd8d2b64b4e0,True,xgboost,0.9,1,equal original group diagnostic; distinct from pooled,0.8149790476510897,0.73533864943979,2.2217414855957003,4.800994294469702,1.0294460112285142
pleia,6,0,43,degrees C,60,smart_building_conformal/outputs/matched_forecasting005/pleia_h6_f0_s43_v1,a94b3835135749e2f18b89fb6017d8d0b8b9d419cb0a1f9be11122d93d0a217f,3e05e91101aab0b4be6f8b674c084befef8ba8731f5d4235a0c5cd8d2b64b4e0,True,xgboost,0.95,1,equal original group diagnostic; distinct from pooled,0.8149790476510897,0.8547491672554759,2.7618865966796875,5.745094532657126,1.0294460112285142
pleia,6,0,43,degrees C,60,smart_building_conformal/outputs/matched_forecasting005/pleia_h6_f0_s43_v1,a94b3835135749e2f18b89fb6017d8d0b8b9d419cb0a1f9be11122d93d0a217f,3e05e91101aab0b4be6f8b674c084befef8ba8731f5d4235a0c5cd8d2b64b4e0,True,attention_lstm,0.9,1,equal original group diagnostic; distinct from pooled,1.048116553312259,0.7888361764409004,3.1184814453124967,6.508907762232713,1.36342956809844
pleia,6,0,43,degrees C,60,smart_building_conformal/outputs/matched_forecasting005/pleia_h6_f0_s43_v1,a94b3835135749e2f18b89fb6017d8d0b8b9d419cb0a1f9be11122d93d0a217f,3e05e91101aab0b4be6f8b674c084befef8ba8731f5d4235a0c5cd8d2b64b4e0,True,attention_lstm,0.95,1,equal original group diagnostic; distinct from pooled,1.048116553312259,0.8607045523367316,3.7682678222656283,8.320543789788973,1.36342956809844
pleia,1,1,44,degrees C,10,smart_building_conformal/outputs/matched_forecasting005/pleia_h1_f1_s44_v1,a94b3835135749e2f18b89fb6017d8d0b8b9d419cb0a1f9be11122d93d0a217f,b702b6c063bb2e57e709c411183b181930718030a31f6b5d81bea8f19cbf7b28,True,persistence,0.9,1,equal original group diagnostic; distinct from pooled,0.21849197537094983,0.9172302412435651,1.0,1.510951852225699,0.32399420033265647
pleia,1,1,44,degrees C,10,smart_building_conformal/outputs/matched_forecasting005/pleia_h1_f1_s44_v1,a94b3835135749e2f18b89fb6017d8d0b8b9d419cb0a1f9be11122d93d0a217f,b702b6c063bb2e57e709c411183b181930718030a31f6b5d81bea8f19cbf7b28,True,persistence,0.95,1,equal original group diagnostic; distinct from pooled,0.21849197537094983,0.9606338952255981,1.3999999999999984,1.8796608458665585,0.32399420033265647
pleia,1,1,44,degrees C,10,smart_building_conformal/outputs/matched_forecasting005/pleia_h1_f1_s44_v1,a94b3835135749e2f18b89fb6017d8d0b8b9d419cb0a1f9be11122d93d0a217f,b702b6c063bb2e57e709c411183b181930718030a31f6b5d81bea8f19cbf7b28,True,xgboost,0.9,1,equal original group diagnostic; distinct from pooled,1.234230669021029,0.8225497123246189,4.406133270263673,6.922917315990492,1.5884728483626434
pleia,1,1,44,degrees C,10,smart_building_conformal/outputs/matched_forecasting005/pleia_h1_f1_s44_v1,a94b3835135749e2f18b89fb6017d8d0b8b9d419cb0a1f9be11122d93d0a217f,b702b6c063bb2e57e709c411183b181930718030a31f6b5d81bea8f19cbf7b28,True,xgboost,0.95,1,equal original group diagnostic; distinct from pooled,1.234230669021029,0.8741294034521045,5.05309982299805,8.092810260129278,1.5884728483626434
pleia,1,1,44,degrees C,10,smart_building_conformal/outputs/matched_forecasting005/pleia_h1_f1_s44_v1,a94b3835135749e2f18b89fb6017d8d0b8b9d419cb0a1f9be11122d93d0a217f,b702b6c063bb2e57e709c411183b181930718030a31f6b5d81bea8f19cbf7b28,True,attention_lstm,0.9,1,equal original group diagnostic; distinct from pooled,1.5800854867842964,0.9089532653679216,7.080043029785158,8.265792110308732,1.9780733755713034
pleia,1,1,44,degrees C,10,smart_building_conformal/outputs/matched_forecasting005/pleia_h1_f1_s44_v1,a94b3835135749e2f18b89fb6017d8d0b8b9d419cb0a1f9be11122d93d0a217f,b702b6c063bb2e57e709c411183b181930718030a31f6b5d81bea8f19cbf7b28,True,attention_lstm,0.95,1,equal original group diagnostic; distinct from pooled,1.5800854867842964,0.9384273745836277,7.821421051025394,9.049367253811894,1.9780733755713034
pleia,3,1,44,degrees C,30,smart_building_conformal/outputs/matched_forecasting005/pleia_h3_f1_s44_v1,a94b3835135749e2f18b89fb6017d8d0b8b9d419cb0a1f9be11122d93d0a217f,9f50933f55f0c6130c29d5c8ea9657d0b75bfbe0fc6a7adbc6e556390d3572d3,True,persistence,0.9,1,equal original group diagnostic; distinct from pooled,0.36611486827495704,0.9154133441001312,1.7999999999999974,2.549571010396689,0.5387600956812745
pleia,3,1,44,degrees C,30,smart_building_conformal/outputs/matched_forecasting005/pleia_h3_f1_s44_v1,a94b3835135749e2f18b89fb6017d8d0b8b9d419cb0a1f9be11122d93d0a217f,9f50933f55f0c6130c29d5c8ea9657d0b75bfbe0fc6a7adbc6e556390d3572d3,True,persistence,0.95,1,equal original group diagnostic; distinct from pooled,0.36611486827495704,0.9623498536388412,2.3999999999999986,3.154214191985464,0.5387600956812745
pleia,3,1,44,degrees C,30,smart_building_conformal/outputs/matched_forecasting005/pleia_h3_f1_s44_v1,a94b3835135749e2f18b89fb6017d8d0b8b9d419cb0a1f9be11122d93d0a217f,9f50933f55f0c6130c29d5c8ea9657d0b75bfbe0fc6a7adbc6e556390d3572d3,True,xgboost,0.9,1,equal original group diagnostic; distinct from pooled,1.5891704908952207,0.8043807408902796,5.0716300964355465,7.88012637470184,1.9298030436229718
pleia,3,1,44,degrees C,30,smart_building_conformal/outputs/matched_forecasting005/pleia_h3_f1_s44_v1,a94b3835135749e2f18b89fb6017d8d0b8b9d419cb0a1f9be11122d93d0a217f,9f50933f55f0c6130c29d5c8ea9657d0b75bfbe0fc6a7adbc6e556390d3572d3,True,xgboost,0.95,1,equal original group diagnostic; distinct from pooled,1.5891704908952207,0.8706974866256183,5.761567687988281,9.16491672989096,1.9298030436229718
pleia,3,1,44,degrees C,30,smart_building_conformal/outputs/matched_forecasting005/pleia_h3_f1_s44_v1,a94b3835135749e2f18b89fb6017d8d0b8b9d419cb0a1f9be11122d93d0a217f,9f50933f55f0c6130c29d5c8ea9657d0b75bfbe0fc6a7adbc6e556390d3572d3,True,attention_lstm,0.9,1,equal original group diagnostic; distinct from pooled,1.373631900199381,0.9166246088624205,6.184919738769533,7.233443635983103,1.7205117031164388
pleia,3,1,44,degrees C,30,smart_building_conformal/outputs/matched_forecasting005/pleia_h3_f1_s44_v1,a94b3835135749e2f18b89fb6017d8d0b8b9d419cb0a1f9be11122d93d0a217f,9f50933f55f0c6130c29d5c8ea9657d0b75bfbe0fc6a7adbc6e556390d3572d3,True,attention_lstm,0.95,1,equal original group diagnostic; distinct from pooled,1.373631900199381,0.947713737761179,6.9647918701171845,7.9867528624114374,1.7205117031164388
pleia,6,1,44,degrees C,60,smart_building_conformal/outputs/matched_forecasting005/pleia_h6_f1_s44_v1,a94b3835135749e2f18b89fb6017d8d0b8b9d419cb0a1f9be11122d93d0a217f,8fddf9c9d50cf7d69e5ef493fd88bca7c8e0b7a04efb85229c6dac3caa73d797,True,persistence,0.9,1,equal original group diagnostic; distinct from pooled,0.5223276471181992,0.9111739174321187,2.5999999999999943,3.509256081558494,0.7472522932077557
pleia,6,1,44,degrees C,60,smart_building_conformal/outputs/matched_forecasting005/pleia_h6_f1_s44_v1,a94b3835135749e2f18b89fb6017d8d0b8b9d419cb0a1f9be11122d93d0a217f,8fddf9c9d50cf7d69e5ef493fd88bca7c8e0b7a04efb85229c6dac3caa73d797,True,persistence,0.95,1,equal original group diagnostic; distinct from pooled,0.5223276471181992,0.9638639345917028,3.399999999999999,4.2761481780559185,0.7472522932077557
pleia,6,1,44,degrees C,60,smart_building_conformal/outputs/matched_forecasting005/pleia_h6_f1_s44_v1,a94b3835135749e2f18b89fb6017d8d0b8b9d419cb0a1f9be11122d93d0a217f,8fddf9c9d50cf7d69e5ef493fd88bca7c8e0b7a04efb85229c6dac3caa73d797,True,xgboost,0.9,1,equal original group diagnostic; distinct from pooled,1.856129961831064,0.7629958615120622,5.48007507324219,8.578583718443582,2.177094076259965
pleia,6,1,44,degrees C,60,smart_building_conformal/outputs/matched_forecasting005/pleia_h6_f1_s44_v1,a94b3835135749e2f18b89fb6017d8d0b8b9d419cb0a1f9be11122d93d0a217f,8fddf9c9d50cf7d69e5ef493fd88bca7c8e0b7a04efb85229c6dac3caa73d797,True,xgboost,0.95,1,equal original group diagnostic; distinct from pooled,1.856129961831064,0.8442515393156355,6.162910461425781,9.684331303060599,2.177094076259965
pleia,6,1,44,degrees C,60,smart_building_conformal/outputs/matched_forecasting005/pleia_h6_f1_s44_v1,a94b3835135749e2f18b89fb6017d8d0b8b9d419cb0a1f9be11122d93d0a217f,8fddf9c9d50cf7d69e5ef493fd88bca7c8e0b7a04efb85229c6dac3caa73d797,True,attention_lstm,0.9,1,equal original group diagnostic; distinct from pooled,1.7474599133806585,0.9282325628343595,7.205311584472654,8.043034801750766,2.103645452335469
pleia,6,1,44,degrees C,60,smart_building_conformal/outputs/matched_forecasting005/pleia_h6_f1_s44_v1,a94b3835135749e2f18b89fb6017d8d0b8b9d419cb0a1f9be11122d93d0a217f,8fddf9c9d50cf7d69e5ef493fd88bca7c8e0b7a04efb85229c6dac3caa73d797,True,attention_lstm,0.95,1,equal original group diagnostic; distinct from pooled,1.7474599133806585,0.9572019783991117,8.022187805175776,8.779963874759135,2.103645452335469
pleia,1,0,44,degrees C,10,smart_building_conformal/outputs/matched_forecasting005/pleia_h1_f0_s44_v1,a94b3835135749e2f18b89fb6017d8d0b8b9d419cb0a1f9be11122d93d0a217f,bd246eaf91d9bb8fa50a2a51b43149f1a248f229cb8a3c98512f0d65c88e0780,True,persistence,0.9,1,equal original group diagnostic; distinct from pooled,0.20377510850913494,0.9204602806096699,1.0,1.5598061976380337,0.3274649132433441
pleia,1,0,44,degrees C,10,smart_building_conformal/outputs/matched_forecasting005/pleia_h1_f0_s44_v1,a94b3835135749e2f18b89fb6017d8d0b8b9d419cb0a1f9be11122d93d0a217f,bd246eaf91d9bb8fa50a2a51b43149f1a248f229cb8a3c98512f0d65c88e0780,True,persistence,0.95,1,equal original group diagnostic; distinct from pooled,0.20377510850913494,0.9596245079236904,1.3999999999999984,1.9842333703442006,0.3274649132433441
pleia,1,0,44,degrees C,10,smart_building_conformal/outputs/matched_forecasting005/pleia_h1_f0_s44_v1,a94b3835135749e2f18b89fb6017d8d0b8b9d419cb0a1f9be11122d93d0a217f,bd246eaf91d9bb8fa50a2a51b43149f1a248f229cb8a3c98512f0d65c88e0780,True,xgboost,0.9,1,equal original group diagnostic; distinct from pooled,0.27069284279868455,0.8776622590087817,1.0308586120605483,1.7170833795958909,0.3766630884828888
pleia,1,0,44,degrees C,10,smart_building_conformal/outputs/matched_forecasting005/pleia_h1_f0_s44_v1,a94b3835135749e2f18b89fb6017d8d0b8b9d419cb0a1f9be11122d93d0a217f,bd246eaf91d9bb8fa50a2a51b43149f1a248f229cb8a3c98512f0d65c88e0780,True,xgboost,0.95,1,equal original group diagnostic; distinct from pooled,0.27069284279868455,0.9319672958514182,1.3109634399414034,2.1624547964342313,0.3766630884828888
pleia,1,0,44,degrees C,10,smart_building_conformal/outputs/matched_forecasting005/pleia_h1_f0_s44_v1,a94b3835135749e2f18b89fb6017d8d0b8b9d419cb0a1f9be11122d93d0a217f,bd246eaf91d9bb8fa50a2a51b43149f1a248f229cb8a3c98512f0d65c88e0780,True,attention_lstm,0.9,1,equal original group diagnostic; distinct from pooled,0.30694742376994233,0.8452609266175432,1.0719032287597656,2.036765490457125,0.43825023611929226
pleia,1,0,44,degrees C,10,smart_building_conformal/outputs/matched_forecasting005/pleia_h1_f0_s44_v1,a94b3835135749e2f18b89fb6017d8d0b8b9d419cb0a1f9be11122d93d0a217f,bd246eaf91d9bb8fa50a2a51b43149f1a248f229cb8a3c98512f0d65c88e0780,True,attention_lstm,0.95,1,equal original group diagnostic; distinct from pooled,0.30694742376994233,0.9047138386999092,1.3497451782226622,2.596946568141079,0.43825023611929226
pleia,3,0,44,degrees C,30,smart_building_conformal/outputs/matched_forecasting005/pleia_h3_f0_s44_v1,a94b3835135749e2f18b89fb6017d8d0b8b9d419cb0a1f9be11122d93d0a217f,5157d4ace6e8209da439a9aeff6ac4d90f705640176a0994c4174211bc46856d,True,persistence,0.9,1,equal original group diagnostic; distinct from pooled,0.3773493489451903,0.892702129807207,1.6000000000000016,2.9449076410618753,0.6099061114818022
pleia,3,0,44,degrees C,30,smart_building_conformal/outputs/matched_forecasting005/pleia_h3_f0_s44_v1,a94b3835135749e2f18b89fb6017d8d0b8b9d419cb0a1f9be11122d93d0a217f,5157d4ace6e8209da439a9aeff6ac4d90f705640176a0994c4174211bc46856d,True,persistence,0.95,1,equal original group diagnostic; distinct from pooled,0.3773493489451903,0.9417583526799232,2.200000000000003,3.825517310992226,0.6099061114818022
pleia,3,0,44,degrees C,30,smart_building_conformal/outputs/matched_forecasting005/pleia_h3_f0_s44_v1,a94b3835135749e2f18b89fb6017d8d0b8b9d419cb0a1f9be11122d93d0a217f,5157d4ace6e8209da439a9aeff6ac4d90f705640176a0994c4174211bc46856d,True,xgboost,0.9,1,equal original group diagnostic; distinct from pooled,0.5161308997452555,0.824770364388816,1.6274398803710997,3.1821129494410285,0.6938016569275561
pleia,3,0,44,degrees C,30,smart_building_conformal/outputs/matched_forecasting005/pleia_h3_f0_s44_v1,a94b3835135749e2f18b89fb6017d8d0b8b9d419cb0a1f9be11122d93d0a217f,5157d4ace6e8209da439a9aeff6ac4d90f705640176a0994c4174211bc46856d,True,xgboost,0.95,1,equal original group diagnostic; distinct from pooled,0.5161308997452555,0.9097607752094479,2.1089790344238253,4.001489140988118,0.6938016569275561
pleia,3,0,44,degrees C,30,smart_building_conformal/outputs/matched_forecasting005/pleia_h3_f0_s44_v1,a94b3835135749e2f18b89fb6017d8d0b8b9d419cb0a1f9be11122d93d0a217f,5157d4ace6e8209da439a9aeff6ac4d90f705640176a0994c4174211bc46856d,True,attention_lstm,0.9,1,equal original group diagnostic; distinct from pooled,0.6046275843016444,0.8065004542242858,1.8986557006835911,4.068340862686563,0.8355271909088106
pleia,3,0,44,degrees C,30,smart_building_conformal/outputs/matched_forecasting005/pleia_h3_f0_s44_v1,a94b3835135749e2f18b89fb6017d8d0b8b9d419cb0a1f9be11122d93d0a217f,5157d4ace6e8209da439a9aeff6ac4d90f705640176a0994c4174211bc46856d,True,attention_lstm,0.95,1,equal original group diagnostic; distinct from pooled,0.6046275843016444,0.8759463005955385,2.354402923583983,5.263880226009728,0.8355271909088106
pleia,6,0,44,degrees C,60,smart_building_conformal/outputs/matched_forecasting005/pleia_h6_f0_s44_v1,a94b3835135749e2f18b89fb6017d8d0b8b9d419cb0a1f9be11122d93d0a217f,981973c5694d84c3a65d3f087a4f7cdb282e5ab268dd42b434723010c7a8938a,True,persistence,0.9,1,equal original group diagnostic; distinct from pooled,0.5481174926819421,0.8939133945694964,2.3999999999999986,4.21992530533966,0.8776005350395164
pleia,6,0,44,degrees C,60,smart_building_conformal/outputs/matched_forecasting005/pleia_h6_f0_s44_v1,a94b3835135749e2f18b89fb6017d8d0b8b9d419cb0a1f9be11122d93d0a217f,981973c5694d84c3a65d3f087a4f7cdb282e5ab268dd42b434723010c7a8938a,True,persistence,0.95,1,equal original group diagnostic; distinct from pooled,0.5481174926819421,0.9402442717270617,3.1999999999999957,5.547431109316643,0.8776005350395164
pleia,6,0,44,degrees C,60,smart_building_conformal/outputs/matched_forecasting005/pleia_h6_f0_s44_v1,a94b3835135749e2f18b89fb6017d8d0b8b9d419cb0a1f9be11122d93d0a217f,981973c5694d84c3a65d3f087a4f7cdb282e5ab268dd42b434723010c7a8938a,True,xgboost,0.9,1,equal original group diagnostic; distinct from pooled,0.7340511250017003,0.7902493186635712,2.1964752197265653,4.472939544736259,0.969444126221341
pleia,6,0,44,degrees C,60,smart_building_conformal/outputs/matched_forecasting005/pleia_h6_f0_s44_v1,a94b3835135749e2f18b89fb6017d8d0b8b9d419cb0a1f9be11122d93d0a217f,981973c5694d84c3a65d3f087a4f7cdb282e5ab268dd42b434723010c7a8938a,True,xgboost,0.95,1,equal original group diagnostic; distinct from pooled,0.7340511250017003,0.8836176440900374,2.7417831420898438,5.5568978011313295,0.969444126221341
pleia,6,0,44,degrees C,60,smart_building_conformal/outputs/matched_forecasting005/pleia_h6_f0_s44_v1,a94b3835135749e2f18b89fb6017d8d0b8b9d419cb0a1f9be11122d93d0a217f,981973c5694d84c3a65d3f087a4f7cdb282e5ab268dd42b434723010c7a8938a,True,attention_lstm,0.9,1,equal original group diagnostic; distinct from pooled,1.153705439707628,0.7753103865953366,3.4206886291503906,7.040081004147286,1.4772686882415171
pleia,6,0,44,degrees C,60,smart_building_conformal/outputs/matched_forecasting005/pleia_h6_f0_s44_v1,a94b3835135749e2f18b89fb6017d8d0b8b9d419cb0a1f9be11122d93d0a217f,981973c5694d84c3a65d3f087a4f7cdb282e5ab268dd42b434723010c7a8938a,True,attention_lstm,0.95,1,equal original group diagnostic; distinct from pooled,1.153705439707628,0.8550519834460483,4.139154052734376,8.748727597195906,1.4772686882415171
pleia,1,1,45,degrees C,10,smart_building_conformal/outputs/matched_forecasting005/pleia_h1_f1_s45_v1,a94b3835135749e2f18b89fb6017d8d0b8b9d419cb0a1f9be11122d93d0a217f,7288ab4c1b56f3c354af49e1970560e45d148cc2b3f3d2e7f20f2e3eb9b5de08,True,persistence,0.9,1,equal original group diagnostic; distinct from pooled,0.21849197537094983,0.9172302412435651,1.0,1.510951852225699,0.32399420033265647
pleia,1,1,45,degrees C,10,smart_building_conformal/outputs/matched_forecasting005/pleia_h1_f1_s45_v1,a94b3835135749e2f18b89fb6017d8d0b8b9d419cb0a1f9be11122d93d0a217f,7288ab4c1b56f3c354af49e1970560e45d148cc2b3f3d2e7f20f2e3eb9b5de08,True,persistence,0.95,1,equal original group diagnostic; distinct from pooled,0.21849197537094983,0.9606338952255981,1.3999999999999984,1.8796608458665585,0.32399420033265647
pleia,1,1,45,degrees C,10,smart_building_conformal/outputs/matched_forecasting005/pleia_h1_f1_s45_v1,a94b3835135749e2f18b89fb6017d8d0b8b9d419cb0a1f9be11122d93d0a217f,7288ab4c1b56f3c354af49e1970560e45d148cc2b3f3d2e7f20f2e3eb9b5de08,True,xgboost,0.9,1,equal original group diagnostic; distinct from pooled,1.206892061180576,0.8261835066114869,4.35146789550781,6.816869099575517,1.5608138718471676
pleia,1,1,45,degrees C,10,smart_building_conformal/outputs/matched_forecasting005/pleia_h1_f1_s45_v1,a94b3835135749e2f18b89fb6017d8d0b8b9d419cb0a1f9be11122d93d0a217f,7288ab4c1b56f3c354af49e1970560e45d148cc2b3f3d2e7f20f2e3eb9b5de08,True,xgboost,0.95,1,equal original group diagnostic; distinct from pooled,1.206892061180576,0.8749369132936308,4.965371704101562,8.031307195738723,1.5608138718471676
pleia,1,1,45,degrees C,10,smart_building_conformal/outputs/matched_forecasting005/pleia_h1_f1_s45_v1,a94b3835135749e2f18b89fb6017d8d0b8b9d419cb0a1f9be11122d93d0a217f,7288ab4c1b56f3c354af49e1970560e45d148cc2b3f3d2e7f20f2e3eb9b5de08,True,attention_lstm,0.9,1,equal original group diagnostic; distinct from pooled,1.2540722306855,0.8691834056727566,4.920581817626953,6.165532356725038,1.5962787366173008
pleia,1,1,45,degrees C,10,smart_building_conformal/outputs/matched_forecasting005/pleia_h1_f1_s45_v1,a94b3835135749e2f18b89fb6017d8d0b8b9d419cb0a1f9be11122d93d0a217f,7288ab4c1b56f3c354af49e1970560e45d148cc2b3f3d2e7f20f2e3eb9b5de08,True,attention_lstm,0.95,1,equal original group diagnostic; distinct from pooled,1.2540722306855,0.9095588977490663,5.380603790283203,6.8610090515839035,1.5962787366173008
pleia,3,1,45,degrees C,30,smart_building_conformal/outputs/matched_forecasting005/pleia_h3_f1_s45_v1,a94b3835135749e2f18b89fb6017d8d0b8b9d419cb0a1f9be11122d93d0a217f,e854081ada0b61621c32002845a0ba5eb9c0620a748d6db0f27bf8e6a2cf6f20,True,persistence,0.9,1,equal original group diagnostic; distinct from pooled,0.36611486827495704,0.9154133441001312,1.7999999999999974,2.549571010396689,0.5387600956812745
pleia,3,1,45,degrees C,30,smart_building_conformal/outputs/matched_forecasting005/pleia_h3_f1_s45_v1,a94b3835135749e2f18b89fb6017d8d0b8b9d419cb0a1f9be11122d93d0a217f,e854081ada0b61621c32002845a0ba5eb9c0620a748d6db0f27bf8e6a2cf6f20,True,persistence,0.95,1,equal original group diagnostic; distinct from pooled,0.36611486827495704,0.9623498536388412,2.3999999999999986,3.154214191985464,0.5387600956812745
pleia,3,1,45,degrees C,30,smart_building_conformal/outputs/matched_forecasting005/pleia_h3_f1_s45_v1,a94b3835135749e2f18b89fb6017d8d0b8b9d419cb0a1f9be11122d93d0a217f,e854081ada0b61621c32002845a0ba5eb9c0620a748d6db0f27bf8e6a2cf6f20,True,xgboost,0.9,1,equal original group diagnostic; distinct from pooled,1.5718024572955982,0.8151811850206925,5.14956970214844,7.794521317386209,1.9161007326572725
pleia,3,1,45,degrees C,30,smart_building_conformal/outputs/matched_forecasting005/pleia_h3_f1_s45_v1,a94b3835135749e2f18b89fb6017d8d0b8b9d419cb0a1f9be11122d93d0a217f,e854081ada0b61621c32002845a0ba5eb9c0620a748d6db0f27bf8e6a2cf6f20,True,xgboost,0.95,1,equal original group diagnostic; distinct from pooled,1.5718024572955982,0.8741294034521045,5.817852020263672,9.048102106133056,1.9161007326572725
pleia,3,1,45,degrees C,30,smart_building_conformal/outputs/matched_forecasting005/pleia_h3_f1_s45_v1,a94b3835135749e2f18b89fb6017d8d0b8b9d419cb0a1f9be11122d93d0a217f,e854081ada0b61621c32002845a0ba5eb9c0620a748d6db0f27bf8e6a2cf6f20,True,attention_lstm,0.9,1,equal original group diagnostic; distinct from pooled,1.5858223699567968,0.8925002523468255,5.988895416259766,6.76086324859462,1.9149734314055924
pleia,3,1,45,degrees C,30,smart_building_conformal/outputs/matched_forecasting005/pleia_h3_f1_s45_v1,a94b3835135749e2f18b89fb6017d8d0b8b9d419cb0a1f9be11122d93d0a217f,e854081ada0b61621c32002845a0ba5eb9c0620a748d6db0f27bf8e6a2cf6f20,True,attention_lstm,0.95,1,equal original group diagnostic; distinct from pooled,1.5858223699567968,0.9497325123649945,6.5337303161621065,7.203239441457041,1.9149734314055924
pleia,6,1,45,degrees C,60,smart_building_conformal/outputs/matched_forecasting005/pleia_h6_f1_s45_v1,a94b3835135749e2f18b89fb6017d8d0b8b9d419cb0a1f9be11122d93d0a217f,c4ea10f25e69a28240768efd813e6a648c897afbfb9ce3c3addb5eb5850a7326,True,persistence,0.9,1,equal original group diagnostic; distinct from pooled,0.5223276471181992,0.9111739174321187,2.5999999999999943,3.509256081558494,0.7472522932077557
pleia,6,1,45,degrees C,60,smart_building_conformal/outputs/matched_forecasting005/pleia_h6_f1_s45_v1,a94b3835135749e2f18b89fb6017d8d0b8b9d419cb0a1f9be11122d93d0a217f,c4ea10f25e69a28240768efd813e6a648c897afbfb9ce3c3addb5eb5850a7326,True,persistence,0.95,1,equal original group diagnostic; distinct from pooled,0.5223276471181992,0.9638639345917028,3.399999999999999,4.2761481780559185,0.7472522932077557
pleia,6,1,45,degrees C,60,smart_building_conformal/outputs/matched_forecasting005/pleia_h6_f1_s45_v1,a94b3835135749e2f18b89fb6017d8d0b8b9d419cb0a1f9be11122d93d0a217f,c4ea10f25e69a28240768efd813e6a648c897afbfb9ce3c3addb5eb5850a7326,True,xgboost,0.9,1,equal original group diagnostic; distinct from pooled,1.7450441213576793,0.7645099424649238,5.212170410156247,8.343229657272602,2.069091675849199
pleia,6,1,45,degrees C,60,smart_building_conformal/outputs/matched_forecasting005/pleia_h6_f1_s45_v1,a94b3835135749e2f18b89fb6017d8d0b8b9d419cb0a1f9be11122d93d0a217f,c4ea10f25e69a28240768efd813e6a648c897afbfb9ce3c3addb5eb5850a7326,True,xgboost,0.95,1,equal original group diagnostic; distinct from pooled,1.7450441213576793,0.8539416574139498,5.9365898132324215,9.400489542137011,2.069091675849199
pleia,6,1,45,degrees C,60,smart_building_conformal/outputs/matched_forecasting005/pleia_h6_f1_s45_v1,a94b3835135749e2f18b89fb6017d8d0b8b9d419cb0a1f9be11122d93d0a217f,c4ea10f25e69a28240768efd813e6a648c897afbfb9ce3c3addb5eb5850a7326,True,attention_lstm,0.9,1,equal original group diagnostic; distinct from pooled,1.91261104080479,0.923993136166347,7.144260406494141,7.725890487573865,2.2330589001056023
pleia,6,1,45,degrees C,60,smart_building_conformal/outputs/matched_forecasting005/pleia_h6_f1_s45_v1,a94b3835135749e2f18b89fb6017d8d0b8b9d419cb0a1f9be11122d93d0a217f,c4ea10f25e69a28240768efd813e6a648c897afbfb9ce3c3addb5eb5850a7326,True,attention_lstm,0.95,1,equal original group diagnostic; distinct from pooled,1.91261104080479,0.9679014837993338,7.885270690917966,8.291138940874495,2.2330589001056023
pleia,1,0,45,degrees C,10,smart_building_conformal/outputs/matched_forecasting005/pleia_h1_f0_s45_v1,a94b3835135749e2f18b89fb6017d8d0b8b9d419cb0a1f9be11122d93d0a217f,295dc3b4f4677caf8120a7897d372204b9891b20b6791bfa1f3dcffa0f542124,True,persistence,0.9,1,equal original group diagnostic; distinct from pooled,0.20377510850913494,0.9204602806096699,1.0,1.5598061976380337,0.3274649132433441
pleia,1,0,45,degrees C,10,smart_building_conformal/outputs/matched_forecasting005/pleia_h1_f0_s45_v1,a94b3835135749e2f18b89fb6017d8d0b8b9d419cb0a1f9be11122d93d0a217f,295dc3b4f4677caf8120a7897d372204b9891b20b6791bfa1f3dcffa0f542124,True,persistence,0.95,1,equal original group diagnostic; distinct from pooled,0.20377510850913494,0.9596245079236904,1.3999999999999984,1.9842333703442006,0.3274649132433441
pleia,1,0,45,degrees C,10,smart_building_conformal/outputs/matched_forecasting005/pleia_h1_f0_s45_v1,a94b3835135749e2f18b89fb6017d8d0b8b9d419cb0a1f9be11122d93d0a217f,295dc3b4f4677caf8120a7897d372204b9891b20b6791bfa1f3dcffa0f542124,True,xgboost,0.9,1,equal original group diagnostic; distinct from pooled,0.260573321995418,0.8802866659937418,0.9966796874999987,1.6272066644044993,0.36230082339165676
pleia,1,0,45,degrees C,10,smart_building_conformal/outputs/matched_forecasting005/pleia_h1_f0_s45_v1,a94b3835135749e2f18b89fb6017d8d0b8b9d419cb0a1f9be11122d93d0a217f,295dc3b4f4677caf8120a7897d372204b9891b20b6791bfa1f3dcffa0f542124,True,xgboost,0.95,1,equal original group diagnostic; distinct from pooled,0.260573321995418,0.9361057837892399,1.2724029541015653,2.0476765914582753,0.36230082339165676
pleia,1,0,45,degrees C,10,smart_building_conformal/outputs/matched_forecasting005/pleia_h1_f0_s45_v1,a94b3835135749e2f18b89fb6017d8d0b8b9d419cb0a1f9be11122d93d0a217f,295dc3b4f4677caf8120a7897d372204b9891b20b6791bfa1f3dcffa0f542124,True,attention_lstm,0.9,1,equal original group diagnostic; distinct from pooled,0.3390236798239558,0.8581810840819623,1.1997650146484347,2.2073600102905275,0.4737736123491725
pleia,1,0,45,degrees C,10,smart_building_conformal/outputs/matched_forecasting005/pleia_h1_f0_s45_v1,a94b3835135749e2f18b89fb6017d8d0b8b9d419cb0a1f9be11122d93d0a217f,295dc3b4f4677caf8120a7897d372204b9891b20b6791bfa1f3dcffa0f542124,True,attention_lstm,0.95,1,equal original group diagnostic; distinct from pooled,0.3390236798239558,0.9175330574341375,1.5461959838867188,2.805554922960041,0.4737736123491725
pleia,3,0,45,degrees C,30,smart_building_conformal/outputs/matched_forecasting005/pleia_h3_f0_s45_v1,a94b3835135749e2f18b89fb6017d8d0b8b9d419cb0a1f9be11122d93d0a217f,a949e734171edbc2f5fb63b001840d4eced532c555c8b3738305dcc84344b02b,True,persistence,0.9,1,equal original group diagnostic; distinct from pooled,0.3773493489451903,0.892702129807207,1.6000000000000016,2.9449076410618753,0.6099061114818022
pleia,3,0,45,degrees C,30,smart_building_conformal/outputs/matched_forecasting005/pleia_h3_f0_s45_v1,a94b3835135749e2f18b89fb6017d8d0b8b9d419cb0a1f9be11122d93d0a217f,a949e734171edbc2f5fb63b001840d4eced532c555c8b3738305dcc84344b02b,True,persistence,0.95,1,equal original group diagnostic; distinct from pooled,0.3773493489451903,0.9417583526799232,2.200000000000003,3.825517310992226,0.6099061114818022
pleia,3,0,45,degrees C,30,smart_building_conformal/outputs/matched_forecasting005/pleia_h3_f0_s45_v1,a94b3835135749e2f18b89fb6017d8d0b8b9d419cb0a1f9be11122d93d0a217f,a949e734171edbc2f5fb63b001840d4eced532c555c8b3738305dcc84344b02b,True,xgboost,0.9,1,equal original group diagnostic; distinct from pooled,0.5533538045947674,0.7776319773897244,1.6094245910644531,3.3316646405350276,0.7211388116953026
pleia,3,0,45,degrees C,30,smart_building_conformal/outputs/matched_forecasting005/pleia_h3_f0_s45_v1,a94b3835135749e2f18b89fb6017d8d0b8b9d419cb0a1f9be11122d93d0a217f,a949e734171edbc2f5fb63b001840d4eced532c555c8b3738305dcc84344b02b,True,xgboost,0.95,1,equal original group diagnostic; distinct from pooled,0.5533538045947674,0.8889673967901484,2.0815963745117188,4.019868853980937,0.7211388116953026
pleia,3,0,45,degrees C,30,smart_building_conformal/outputs/matched_forecasting005/pleia_h3_f0_s45_v1,a94b3835135749e2f18b89fb6017d8d0b8b9d419cb0a1f9be11122d93d0a217f,a949e734171edbc2f5fb63b001840d4eced532c555c8b3738305dcc84344b02b,True,attention_lstm,0.9,1,equal original group diagnostic; distinct from pooled,0.5664821995944733,0.8606036136065408,2.07987823486328,3.621211446598633,0.7832386798431457
pleia,3,0,45,degrees C,30,smart_building_conformal/outputs/matched_forecasting005/pleia_h3_f0_s45_v1,a94b3835135749e2f18b89fb6017d8d0b8b9d419cb0a1f9be11122d93d0a217f,a949e734171edbc2f5fb63b001840d4eced532c555c8b3738305dcc84344b02b,True,attention_lstm,0.95,1,equal original group diagnostic; distinct from pooled,0.5664821995944733,0.9099626526698295,2.5136680603027344,4.619077181351632,0.7832386798431457
pleia,6,0,45,degrees C,60,smart_building_conformal/outputs/matched_forecasting005/pleia_h6_f0_s45_v1,a94b3835135749e2f18b89fb6017d8d0b8b9d419cb0a1f9be11122d93d0a217f,97257302a16e0437e5478b4a57629dc907c44415717566930b5006e11a8f127f,True,persistence,0.9,1,equal original group diagnostic; distinct from pooled,0.5481174926819421,0.8939133945694964,2.3999999999999986,4.21992530533966,0.8776005350395164
pleia,6,0,45,degrees C,60,smart_building_conformal/outputs/matched_forecasting005/pleia_h6_f0_s45_v1,a94b3835135749e2f18b89fb6017d8d0b8b9d419cb0a1f9be11122d93d0a217f,97257302a16e0437e5478b4a57629dc907c44415717566930b5006e11a8f127f,True,persistence,0.95,1,equal original group diagnostic; distinct from pooled,0.5481174926819421,0.9402442717270617,3.1999999999999957,5.547431109316643,0.8776005350395164
pleia,6,0,45,degrees C,60,smart_building_conformal/outputs/matched_forecasting005/pleia_h6_f0_s45_v1,a94b3835135749e2f18b89fb6017d8d0b8b9d419cb0a1f9be11122d93d0a217f,97257302a16e0437e5478b4a57629dc907c44415717566930b5006e11a8f127f,True,xgboost,0.9,1,equal original group diagnostic; distinct from pooled,0.7563325562943505,0.7921671545371959,2.273735809326169,4.410579140169227,0.9781230533143114
pleia,6,0,45,degrees C,60,smart_building_conformal/outputs/matched_forecasting005/pleia_h6_f0_s45_v1,a94b3835135749e2f18b89fb6017d8d0b8b9d419cb0a1f9be11122d93d0a217f,97257302a16e0437e5478b4a57629dc907c44415717566930b5006e11a8f127f,True,xgboost,0.95,1,equal original group diagnostic; distinct from pooled,0.7563325562943505,0.8851317250428989,2.809059906005856,5.392287140416248,0.9781230533143114
pleia,6,0,45,degrees C,60,smart_building_conformal/outputs/matched_forecasting005/pleia_h6_f0_s45_v1,a94b3835135749e2f18b89fb6017d8d0b8b9d419cb0a1f9be11122d93d0a217f,97257302a16e0437e5478b4a57629dc907c44415717566930b5006e11a8f127f,True,attention_lstm,0.9,1,equal original group diagnostic; distinct from pooled,1.0602844310863306,0.7743009992934289,3.1952636718749967,6.46451946430663,1.3652960127872897
pleia,6,0,45,degrees C,60,smart_building_conformal/outputs/matched_forecasting005/pleia_h6_f0_s45_v1,a94b3835135749e2f18b89fb6017d8d0b8b9d419cb0a1f9be11122d93d0a217f,97257302a16e0437e5478b4a57629dc907c44415717566930b5006e11a8f127f,True,attention_lstm,0.95,1,equal original group diagnostic; distinct from pooled,1.0602844310863306,0.849803169476128,3.7865753173828125,8.103458913192984,1.3652960127872897
pleia,1,1,46,degrees C,10,smart_building_conformal/outputs/matched_forecasting005/pleia_h1_f1_s46_v1,a94b3835135749e2f18b89fb6017d8d0b8b9d419cb0a1f9be11122d93d0a217f,bb118658f965949d94cdcfa94f21c6327ff63e4667d013585a52ca1e61e50469,True,persistence,0.9,1,equal original group diagnostic; distinct from pooled,0.21849197537094983,0.9172302412435651,1.0,1.510951852225699,0.32399420033265647
pleia,1,1,46,degrees C,10,smart_building_conformal/outputs/matched_forecasting005/pleia_h1_f1_s46_v1,a94b3835135749e2f18b89fb6017d8d0b8b9d419cb0a1f9be11122d93d0a217f,bb118658f965949d94cdcfa94f21c6327ff63e4667d013585a52ca1e61e50469,True,persistence,0.95,1,equal original group diagnostic; distinct from pooled,0.21849197537094983,0.9606338952255981,1.3999999999999984,1.8796608458665585,0.32399420033265647
pleia,1,1,46,degrees C,10,smart_building_conformal/outputs/matched_forecasting005/pleia_h1_f1_s46_v1,a94b3835135749e2f18b89fb6017d8d0b8b9d419cb0a1f9be11122d93d0a217f,bb118658f965949d94cdcfa94f21c6327ff63e4667d013585a52ca1e61e50469,True,xgboost,0.9,1,equal original group diagnostic; distinct from pooled,1.1934727303060308,0.8253759967699607,4.308248138427736,6.794071961758391,1.5475987486593124
pleia,1,1,46,degrees C,10,smart_building_conformal/outputs/matched_forecasting005/pleia_h1_f1_s46_v1,a94b3835135749e2f18b89fb6017d8d0b8b9d419cb0a1f9be11122d93d0a217f,bb118658f965949d94cdcfa94f21c6327ff63e4667d013585a52ca1e61e50469,True,xgboost,0.95,1,equal original group diagnostic; distinct from pooled,1.1934727303060308,0.870798425355809,4.914194488525389,8.032642415020605,1.5475987486593124
pleia,1,1,46,degrees C,10,smart_building_conformal/outputs/matched_forecasting005/pleia_h1_f1_s46_v1,a94b3835135749e2f18b89fb6017d8d0b8b9d419cb0a1f9be11122d93d0a217f,bb118658f965949d94cdcfa94f21c6327ff63e4667d013585a52ca1e61e50469,True,attention_lstm,0.9,1,equal original group diagnostic; distinct from pooled,1.3513306382952153,0.9326738669627536,8.280416107177732,9.171391655793036,1.9088117163012746
pleia,1,1,46,degrees C,10,smart_building_conformal/outputs/matched_forecasting005/pleia_h1_f1_s46_v1,a94b3835135749e2f18b89fb6017d8d0b8b9d419cb0a1f9be11122d93d0a217f,bb118658f965949d94cdcfa94f21c6327ff63e4667d013585a52ca1e61e50469,True,attention_lstm,0.95,1,equal original group diagnostic; distinct from pooled,1.3513306382952153,0.9692136872918139,9.579782867431643,10.135285259465153,1.9088117163012746
pleia,3,1,46,degrees C,30,smart_building_conformal/outputs/matched_forecasting005/pleia_h3_f1_s46_v1,a94b3835135749e2f18b89fb6017d8d0b8b9d419cb0a1f9be11122d93d0a217f,d0b240176a9e9d7aa8bce3eeb5b07ecd0b6cc410fe141df2b30a8c30595496ce,True,persistence,0.9,1,equal original group diagnostic; distinct from pooled,0.36611486827495704,0.9154133441001312,1.7999999999999974,2.549571010396689,0.5387600956812745
pleia,3,1,46,degrees C,30,smart_building_conformal/outputs/matched_forecasting005/pleia_h3_f1_s46_v1,a94b3835135749e2f18b89fb6017d8d0b8b9d419cb0a1f9be11122d93d0a217f,d0b240176a9e9d7aa8bce3eeb5b07ecd0b6cc410fe141df2b30a8c30595496ce,True,persistence,0.95,1,equal original group diagnostic; distinct from pooled,0.36611486827495704,0.9623498536388412,2.3999999999999986,3.154214191985464,0.5387600956812745
pleia,3,1,46,degrees C,30,smart_building_conformal/outputs/matched_forecasting005/pleia_h3_f1_s46_v1,a94b3835135749e2f18b89fb6017d8d0b8b9d419cb0a1f9be11122d93d0a217f,d0b240176a9e9d7aa8bce3eeb5b07ecd0b6cc410fe141df2b30a8c30595496ce,True,xgboost,0.9,1,equal original group diagnostic; distinct from pooled,1.5098949266416195,0.8158877561320279,4.985217285156253,7.548435974583151,1.8431152983098262
pleia,3,1,46,degrees C,30,smart_building_conformal/outputs/matched_forecasting005/pleia_h3_f1_s46_v1,a94b3835135749e2f18b89fb6017d8d0b8b9d419cb0a1f9be11122d93d0a217f,d0b240176a9e9d7aa8bce3eeb5b07ecd0b6cc410fe141df2b30a8c30595496ce,True,xgboost,0.95,1,equal original group diagnostic; distinct from pooled,1.5098949266416195,0.875744423135157,5.6574485778808565,8.724343651282245,1.8431152983098262
pleia,3,1,46,degrees C,30,smart_building_conformal/outputs/matched_forecasting005/pleia_h3_f1_s46_v1,a94b3835135749e2f18b89fb6017d8d0b8b9d419cb0a1f9be11122d93d0a217f,d0b240176a9e9d7aa8bce3eeb5b07ecd0b6cc410fe141df2b30a8c30595496ce,True,attention_lstm,0.9,1,equal original group diagnostic; distinct from pooled,1.3753951164623726,0.9312607247400828,7.610864257812497,8.435869518529152,1.8162945736399208
pleia,3,1,46,degrees C,30,smart_building_conformal/outputs/matched_forecasting005/pleia_h3_f1_s46_v1,a94b3835135749e2f18b89fb6017d8d0b8b9d419cb0a1f9be11122d93d0a217f,d0b240176a9e9d7aa8bce3eeb5b07ecd0b6cc410fe141df2b30a8c30595496ce,True,attention_lstm,0.95,1,equal original group diagnostic; distinct from pooled,1.3753951164623726,0.9692136872918139,8.827492523193357,9.307898520710996,1.8162945736399208
pleia,6,1,46,degrees C,60,smart_building_conformal/outputs/matched_forecasting005/pleia_h6_f1_s46_v1,a94b3835135749e2f18b89fb6017d8d0b8b9d419cb0a1f9be11122d93d0a217f,56be416e4bab8faa97c5c37dbcad4cc2955131dce4edd05f65f71ab110d4bd31,True,persistence,0.9,1,equal original group diagnostic; distinct from pooled,0.5223276471181992,0.9111739174321187,2.5999999999999943,3.509256081558494,0.7472522932077557
pleia,6,1,46,degrees C,60,smart_building_conformal/outputs/matched_forecasting005/pleia_h6_f1_s46_v1,a94b3835135749e2f18b89fb6017d8d0b8b9d419cb0a1f9be11122d93d0a217f,56be416e4bab8faa97c5c37dbcad4cc2955131dce4edd05f65f71ab110d4bd31,True,persistence,0.95,1,equal original group diagnostic; distinct from pooled,0.5223276471181992,0.9638639345917028,3.399999999999999,4.2761481780559185,0.7472522932077557
pleia,6,1,46,degrees C,60,smart_building_conformal/outputs/matched_forecasting005/pleia_h6_f1_s46_v1,a94b3835135749e2f18b89fb6017d8d0b8b9d419cb0a1f9be11122d93d0a217f,56be416e4bab8faa97c5c37dbcad4cc2955131dce4edd05f65f71ab110d4bd31,True,xgboost,0.9,1,equal original group diagnostic; distinct from pooled,1.8075128309828028,0.7714747148480872,5.407633972167972,8.310668151954038,2.122310434495723
pleia,6,1,46,degrees C,60,smart_building_conformal/outputs/matched_forecasting005/pleia_h6_f1_s46_v1,a94b3835135749e2f18b89fb6017d8d0b8b9d419cb0a1f9be11122d93d0a217f,56be416e4bab8faa97c5c37dbcad4cc2955131dce4edd05f65f71ab110d4bd31,True,xgboost,0.95,1,equal original group diagnostic; distinct from pooled,1.8075128309828028,0.854244473604522,6.066626739501956,9.431909746405108,2.122310434495723
pleia,6,1,46,degrees C,60,smart_building_conformal/outputs/matched_forecasting005/pleia_h6_f1_s46_v1,a94b3835135749e2f18b89fb6017d8d0b8b9d419cb0a1f9be11122d93d0a217f,56be416e4bab8faa97c5c37dbcad4cc2955131dce4edd05f65f71ab110d4bd31,True,attention_lstm,0.9,1,equal original group diagnostic; distinct from pooled,1.949239498225834,0.9409508428383971,9.117969512939453,10.032263614773521,2.4091227977731053
pleia,6,1,46,degrees C,60,smart_building_conformal/outputs/matched_forecasting005/pleia_h6_f1_s46_v1,a94b3835135749e2f18b89fb6017d8d0b8b9d419cb0a1f9be11122d93d0a217f,56be416e4bab8faa97c5c37dbcad4cc2955131dce4edd05f65f71ab110d4bd31,True,attention_lstm,0.95,1,equal original group diagnostic; distinct from pooled,1.949239498225834,0.9717371555465832,10.56155014038086,11.18853074721928,2.4091227977731053
pleia,1,0,46,degrees C,10,smart_building_conformal/outputs/matched_forecasting005/pleia_h1_f0_s46_v1,a94b3835135749e2f18b89fb6017d8d0b8b9d419cb0a1f9be11122d93d0a217f,44d8b40815e2e902524ac0f6b5beda40e04d865fc48b89abb1c495ab59c0560e,True,persistence,0.9,1,equal original group diagnostic; distinct from pooled,0.20377510850913494,0.9204602806096699,1.0,1.5598061976380337,0.3274649132433441
pleia,1,0,46,degrees C,10,smart_building_conformal/outputs/matched_forecasting005/pleia_h1_f0_s46_v1,a94b3835135749e2f18b89fb6017d8d0b8b9d419cb0a1f9be11122d93d0a217f,44d8b40815e2e902524ac0f6b5beda40e04d865fc48b89abb1c495ab59c0560e,True,persistence,0.95,1,equal original group diagnostic; distinct from pooled,0.20377510850913494,0.9596245079236904,1.3999999999999984,1.9842333703442006,0.3274649132433441
pleia,1,0,46,degrees C,10,smart_building_conformal/outputs/matched_forecasting005/pleia_h1_f0_s46_v1,a94b3835135749e2f18b89fb6017d8d0b8b9d419cb0a1f9be11122d93d0a217f,44d8b40815e2e902524ac0f6b5beda40e04d865fc48b89abb1c495ab59c0560e,True,xgboost,0.9,1,equal original group diagnostic; distinct from pooled,0.2571140400201242,0.8849298475825174,1.001155090332034,1.6210492056410255,0.35952788657698026
pleia,1,0,46,degrees C,10,smart_building_conformal/outputs/matched_forecasting005/pleia_h1_f0_s46_v1,a94b3835135749e2f18b89fb6017d8d0b8b9d419cb0a1f9be11122d93d0a217f,44d8b40815e2e902524ac0f6b5beda40e04d865fc48b89abb1c495ab59c0560e,True,xgboost,0.95,1,equal original group diagnostic; distinct from pooled,0.2571140400201242,0.9379226809326738,1.280400085449216,2.049754233690953,0.35952788657698026
pleia,1,0,46,degrees C,10,smart_building_conformal/outputs/matched_forecasting005/pleia_h1_f0_s46_v1,a94b3835135749e2f18b89fb6017d8d0b8b9d419cb0a1f9be11122d93d0a217f,44d8b40815e2e902524ac0f6b5beda40e04d865fc48b89abb1c495ab59c0560e,True,attention_lstm,0.9,1,equal original group diagnostic; distinct from pooled,0.3797206998605402,0.8574745129706268,1.38201904296875,2.3883986422545593,0.5211618538965407
pleia,1,0,46,degrees C,10,smart_building_conformal/outputs/matched_forecasting005/pleia_h1_f0_s46_v1,a94b3835135749e2f18b89fb6017d8d0b8b9d419cb0a1f9be11122d93d0a217f,44d8b40815e2e902524ac0f6b5beda40e04d865fc48b89abb1c495ab59c0560e,True,attention_lstm,0.95,1,equal original group diagnostic; distinct from pooled,0.3797206998605402,0.9127889371151711,1.6848793029785156,3.0132513453455756,0.5211618538965407
pleia,3,0,46,degrees C,30,smart_building_conformal/outputs/matched_forecasting005/pleia_h3_f0_s46_v1,a94b3835135749e2f18b89fb6017d8d0b8b9d419cb0a1f9be11122d93d0a217f,9edab1a1c4603373a6f120ec34cde7a6e1ba28afcbeda86d4c2d789875f7f006,True,persistence,0.9,1,equal original group diagnostic; distinct from pooled,0.3773493489451903,0.892702129807207,1.6000000000000016,2.9449076410618753,0.6099061114818022
pleia,3,0,46,degrees C,30,smart_building_conformal/outputs/matched_forecasting005/pleia_h3_f0_s46_v1,a94b3835135749e2f18b89fb6017d8d0b8b9d419cb0a1f9be11122d93d0a217f,9edab1a1c4603373a6f120ec34cde7a6e1ba28afcbeda86d4c2d789875f7f006,True,persistence,0.95,1,equal original group diagnostic; distinct from pooled,0.3773493489451903,0.9417583526799232,2.200000000000003,3.825517310992226,0.6099061114818022
pleia,3,0,46,degrees C,30,smart_building_conformal/outputs/matched_forecasting005/pleia_h3_f0_s46_v1,a94b3835135749e2f18b89fb6017d8d0b8b9d419cb0a1f9be11122d93d0a217f,9edab1a1c4603373a6f120ec34cde7a6e1ba28afcbeda86d4c2d789875f7f006,True,xgboost,0.9,1,equal original group diagnostic; distinct from pooled,0.5974080031558509,0.7451297062682951,1.6169242858886719,3.584957118182126,0.7609969706448748
pleia,3,0,46,degrees C,30,smart_building_conformal/outputs/matched_forecasting005/pleia_h3_f0_s46_v1,a94b3835135749e2f18b89fb6017d8d0b8b9d419cb0a1f9be11122d93d0a217f,9edab1a1c4603373a6f120ec34cde7a6e1ba28afcbeda86d4c2d789875f7f006,True,xgboost,0.95,1,equal original group diagnostic; distinct from pooled,0.5974080031558509,0.8728171999596245,2.096102142333983,4.254623343853822,0.7609969706448748
pleia,3,0,46,degrees C,30,smart_building_conformal/outputs/matched_forecasting005/pleia_h3_f0_s46_v1,a94b3835135749e2f18b89fb6017d8d0b8b9d419cb0a1f9be11122d93d0a217f,9edab1a1c4603373a6f120ec34cde7a6e1ba28afcbeda86d4c2d789875f7f006,True,attention_lstm,0.9,1,equal original group diagnostic; distinct from pooled,0.6346251394838454,0.8508125567780357,2.1875083923339815,3.87637724756557,0.8516738524893055
pleia,3,0,46,degrees C,30,smart_building_conformal/outputs/matched_forecasting005/pleia_h3_f0_s46_v1,a94b3835135749e2f18b89fb6017d8d0b8b9d419cb0a1f9be11122d93d0a217f,9edab1a1c4603373a6f120ec34cde7a6e1ba28afcbeda86d4c2d789875f7f006,True,attention_lstm,0.95,1,equal original group diagnostic; distinct from pooled,0.6346251394838454,0.9028969415564753,2.6277923583984375,4.946879280531599,0.8516738524893055
pleia,6,0,46,degrees C,60,smart_building_conformal/outputs/matched_forecasting005/pleia_h6_f0_s46_v1,a94b3835135749e2f18b89fb6017d8d0b8b9d419cb0a1f9be11122d93d0a217f,c1c44d2ead5845f043974610f7749b3c8f066206d2666d8f7631438284eba851,True,persistence,0.9,1,equal original group diagnostic; distinct from pooled,0.5481174926819421,0.8939133945694964,2.3999999999999986,4.21992530533966,0.8776005350395164
pleia,6,0,46,degrees C,60,smart_building_conformal/outputs/matched_forecasting005/pleia_h6_f0_s46_v1,a94b3835135749e2f18b89fb6017d8d0b8b9d419cb0a1f9be11122d93d0a217f,c1c44d2ead5845f043974610f7749b3c8f066206d2666d8f7631438284eba851,True,persistence,0.95,1,equal original group diagnostic; distinct from pooled,0.5481174926819421,0.9402442717270617,3.1999999999999957,5.547431109316643,0.8776005350395164
pleia,6,0,46,degrees C,60,smart_building_conformal/outputs/matched_forecasting005/pleia_h6_f0_s46_v1,a94b3835135749e2f18b89fb6017d8d0b8b9d419cb0a1f9be11122d93d0a217f,c1c44d2ead5845f043974610f7749b3c8f066206d2666d8f7631438284eba851,True,xgboost,0.9,1,equal original group diagnostic; distinct from pooled,0.7602229544116977,0.7860098919955587,2.221996307373047,4.448868096265853,0.980325755487391
pleia,6,0,46,degrees C,60,smart_building_conformal/outputs/matched_forecasting005/pleia_h6_f0_s46_v1,a94b3835135749e2f18b89fb6017d8d0b8b9d419cb0a1f9be11122d93d0a217f,c1c44d2ead5845f043974610f7749b3c8f066206d2666d8f7631438284eba851,True,xgboost,0.95,1,equal original group diagnostic; distinct from pooled,0.7602229544116977,0.8809932371050773,2.7389678955078125,5.482034957576159,0.980325755487391
pleia,6,0,46,degrees C,60,smart_building_conformal/outputs/matched_forecasting005/pleia_h6_f0_s46_v1,a94b3835135749e2f18b89fb6017d8d0b8b9d419cb0a1f9be11122d93d0a217f,c1c44d2ead5845f043974610f7749b3c8f066206d2666d8f7631438284eba851,True,attention_lstm,0.9,1,equal original group diagnostic; distinct from pooled,1.2181589300822355,0.7383668113455133,3.4011863708496084,7.538811326115964,1.5389713300965895
pleia,6,0,46,degrees C,60,smart_building_conformal/outputs/matched_forecasting005/pleia_h6_f0_s46_v1,a94b3835135749e2f18b89fb6017d8d0b8b9d419cb0a1f9be11122d93d0a217f,c1c44d2ead5845f043974610f7749b3c8f066206d2666d8f7631438284eba851,True,attention_lstm,0.95,1,equal original group diagnostic; distinct from pooled,1.2181589300822355,0.8125567780357323,4.011403656005854,9.560478578480687,1.5389713300965895
