dataset,horizon,outer_fold,model_seed,target_units,physical_minutes,source_run,source_hash,protocol_hash,new_batch_unit,model,n_fit,n_calibration,n_test,mae,rmse,selected_candidate,final_epochs,estimator_class,tuning_seconds,final_fit_seconds,calibration_seconds,inference_seconds,inference_rows_per_second,model_phase_seconds,process_cpu_seconds,cpu_measurement_status,coverage90,mpiw90,winkler90,rank90,q90,coverage_deviation90,coverage95,mpiw95,winkler95,rank95,q95,coverage_deviation95,baseline_rss_MiB,peak_rss_MiB,incremental_peak_rss_MiB,artifact_serialization_seconds,launch_available_ram_MiB
rico,5,2,42,degrees C,5,smart_building_conformal/outputs/matched_forecasting005/rico_h5_f2_s42_v2,cd907183301a189ddfcc195774dad58c8fa07d5b326d2ac29cf3636383dc681e,fcd243df8728f29a5ddeaa179aaa67eaffcd023ef5f5e0019e33c99af69c918c,False,persistence,12932,4452,8692,0.07447077772664519,0.12451008457023498,0,,src.pilot_forecasters.Persistence,0.0,0.0005201999956625514,0.003924500000721309,0.003927400000975467,2213169.017121028,0.008372099997359328,0.015625,measured,0.9282098481362172,0.3999999999999986,0.6013345605154169,4008,0.1999999999999993,0.028209848136217186,0.9723884031293143,0.6000000000000014,0.7808559595029918,4231,0.3000000000000007,0.022388403129314338,412.7890625,412.953125,0.1640625,0.0007771000018692575,3149.7578125
rico,5,2,42,degrees C,5,smart_building_conformal/outputs/matched_forecasting005/rico_h5_f2_s42_v2,cd907183301a189ddfcc195774dad58c8fa07d5b326d2ac29cf3636383dc681e,fcd243df8728f29a5ddeaa179aaa67eaffcd023ef5f5e0019e33c99af69c918c,False,xgboost,12932,4452,8692,0.24349519415380105,0.41148572415493,1,,xgboost.sklearn.XGBRegressor,3.8201040999992983,1.6232746000023326,0.1166499000028125,0.20028820000152336,43397.4642536799,5.760316800005967,5.484375,measured,0.5679935572940635,0.3424011230468764,2.866583804759457,4008,0.1712005615234382,-0.3320064427059365,0.7346985734008283,0.5625030517578153,4.1114770709343516,4231,0.28125152587890767,-0.21530142659917162,411.984375,524.24609375,112.26171875,0.009555500000715256,3147.09375
rico,5,2,42,degrees C,5,smart_building_conformal/outputs/matched_forecasting005/rico_h5_f2_s42_v2,cd907183301a189ddfcc195774dad58c8fa07d5b326d2ac29cf3636383dc681e,fcd243df8728f29a5ddeaa179aaa67eaffcd023ef5f5e0019e33c99af69c918c,False,attention_lstm,12932,4452,8692,2.2230605132449237,2.702293397046354,1,18.0,src.attention_lstm.AttentionLSTM,114.35792370000127,42.65705210000306,0.23083839999890188,0.4855965999959153,17899.631093119504,157.73141079999914,151.984375,measured,0.16682006442705938,1.361872863769534,33.32642641677539,4008,0.680936431884767,-0.7331799355729407,0.18810400368154626,1.5061462402343722,63.06255947732726,4231,0.7530731201171861,-0.7618959963184537,513.94140625,620.03125,106.08984375,0.010740500001702458,2756.47265625
bdg2,1,2,42,kWh per hour,60,smart_building_conformal/outputs/matched_forecasting005/bdg2_h1_f2_s42_v2,cd907183301a189ddfcc195774dad58c8fa07d5b326d2ac29cf3636383dc681e,dddadb59c5972ba0474291c8081e54c3173f4957c52de269cdc336d78fbf546e,False,persistence,51664,17370,34640,20.987969087759815,41.67140770234165,0,,src.pilot_forecasters.Persistence,0.0,0.0006069000010029413,0.008299599998281337,0.01850469999772031,1871956.8544352236,0.027411199997004587,0.03125,measured,0.894919168591224,115.80600000000072,207.41386443418008,15634,57.90300000000036,-0.005080831408776021,0.9467667436489607,165.40000000000003,273.690915473441,16503,82.69999999999999,-0.0032332563510392154,431.0390625,431.62109375,0.58203125,0.0007585999992443249,3829.296875
bdg2,1,2,42,kWh per hour,60,smart_building_conformal/outputs/matched_forecasting005/bdg2_h1_f2_s42_v2,cd907183301a189ddfcc195774dad58c8fa07d5b326d2ac29cf3636383dc681e,dddadb59c5972ba0474291c8081e54c3173f4957c52de269cdc336d78fbf546e,False,xgboost,51664,17370,34640,17.75433961896247,34.95834656737017,1,,xgboost.sklearn.XGBRegressor,6.686444899998605,2.725211199998739,0.20948499999940395,0.4154615000006743,83377.16009773176,10.036602599997423,9.671875,measured,0.9037528868360277,93.5879851074219,172.1690876859106,15634,46.79399255371095,0.0037528868360277023,0.9478348729792148,135.84407348632817,232.59199136116771,16503,67.92203674316406,-0.002165127020785196,433.23828125,548.1796875,114.94140625,0.007207299997389782,3807.54296875
bdg2,1,2,42,kWh per hour,60,smart_building_conformal/outputs/matched_forecasting005/bdg2_h1_f2_s42_v2,cd907183301a189ddfcc195774dad58c8fa07d5b326d2ac29cf3636383dc681e,dddadb59c5972ba0474291c8081e54c3173f4957c52de269cdc336d78fbf546e,False,attention_lstm,51664,17370,34640,19.208323272641653,36.034969313698255,0,29.0,src.attention_lstm.AttentionLSTM,618.0770438999971,901.5987344000023,3.222609399999783,6.60562629999913,5244.014485046567,1529.5040139999983,1391.421875,measured,0.9025692840646651,98.60187109374942,176.57696628155787,15634,49.30093554687471,0.002569284064665056,0.9496247113163973,141.03879687500006,236.97746255500203,16503,70.5193984375,-0.0003752886836027036,538.58984375,650.3828125,111.79296875,0.008678900005179457,3698.8203125
pleia,1,0,42,degrees C,10,smart_building_conformal/outputs/model_comparison_pilot_v1/runs/pilot_v1_20260913,965ff02d8cb67183210632bfbc3a2251c430a2b027b8b44d87df356fd19e3d71,af29d2340427f043c605f777e54389bc86ccbb44c9630aba57964536d0845ce3,False,persistence,29719,9907,9907,0.20377510850913494,0.3274649132433441,0,,src.pilot_forecasters.Persistence,0.0,0.0004923999986203853,0.0053952000016579404,0.0040239000009023584,2462039.3145402116,0.009911500001180684,,not recorded per model in original temperature pilot; wall phases retained,0.9204602806096699,1.0,1.5598061976380337,8918,0.5,0.020460280609669868,0.9596245079236904,1.3999999999999984,1.9842333703442006,9413,0.6999999999999993,0.009624507923690406,391.36328125,391.453125,0.08984375,,2771.890625
pleia,1,0,42,degrees C,10,smart_building_conformal/outputs/model_comparison_pilot_v1/runs/pilot_v1_20260913,965ff02d8cb67183210632bfbc3a2251c430a2b027b8b44d87df356fd19e3d71,af29d2340427f043c605f777e54389bc86ccbb44c9630aba57964536d0845ce3,False,xgboost,29719,9907,9907,0.2445261592639736,0.353309709615502,0,,xgboost.sklearn.XGBRegressor,4.353503899998032,1.2833855000026233,0.10583609999957844,0.1025798999980907,96578.3745176628,5.845305399998324,,not recorded per model in original temperature pilot; wall phases retained,0.8871504996467144,0.995648193359372,1.6334668737927278,8918,0.4978240966796861,-0.012849500353285581,0.9363076612496215,1.271244812011716,2.076633822016679,9413,0.635622406005858,-0.013692338750378452,393.48828125,502.32421875,108.8359375,,2737.75
pleia,1,0,42,degrees C,10,smart_building_conformal/outputs/model_comparison_pilot_v1/runs/pilot_v1_20260913,965ff02d8cb67183210632bfbc3a2251c430a2b027b8b44d87df356fd19e3d71,af29d2340427f043c605f777e54389bc86ccbb44c9630aba57964536d0845ce3,False,attention_lstm,29719,9907,9907,0.3610993958751694,0.48662172202262477,0,20.0,src.attention_lstm.AttentionLSTM,252.91565009999977,82.52771489999941,0.3792401999999129,0.3653656000024057,27115.30587426613,336.1879708000015,,not recorded per model in original temperature pilot; wall phases retained,0.8724134450388614,1.3804168701171875,2.17718302860647,8918,0.6902084350585938,-0.0275865549611386,0.9227818714040578,1.668119812011717,2.6856906025660225,9413,0.8340599060058587,-0.027218128595942193,485.37890625,681.3984375,196.01953125,,2663.90625
pleia,3,0,42,degrees C,30,smart_building_conformal/outputs/model_comparison_pilot_v1/runs/pilot_v1_20260913,965ff02d8cb67183210632bfbc3a2251c430a2b027b8b44d87df356fd19e3d71,af29d2340427f043c605f777e54389bc86ccbb44c9630aba57964536d0845ce3,False,persistence,29715,9906,9907,0.3773493489451903,0.6099061114818022,0,,src.pilot_forecasters.Persistence,0.0,0.000872299999173265,0.005169799998839153,0.004166999999142718,2377489.801305059,0.010209099997155135,,not recorded per model in original temperature pilot; wall phases retained,0.892702129807207,1.6000000000000016,2.9449076410618753,8917,0.8000000000000007,-0.007297870192793043,0.9417583526799232,2.200000000000003,3.825517310992226,9412,1.1000000000000014,-0.008241647320076706,661.6015625,661.6171875,0.015625,,3760.21875
pleia,3,0,42,degrees C,30,smart_building_conformal/outputs/model_comparison_pilot_v1/runs/pilot_v1_20260913,965ff02d8cb67183210632bfbc3a2251c430a2b027b8b44d87df356fd19e3d71,af29d2340427f043c605f777e54389bc86ccbb44c9630aba57964536d0845ce3,False,xgboost,29715,9906,9907,0.5612760152419208,0.7298684172914721,0,,xgboost.sklearn.XGBRegressor,4.189542000000074,1.2421013999992283,0.10141920000023674,0.10132490000250982,97774.58452714588,5.634387500002049,,not recorded per model in original temperature pilot; wall phases retained,0.765721207227213,1.5938430786132753,3.4326886047012195,8917,0.7969215393066378,-0.13427879277278698,0.8802866659937418,2.0759643554687486,4.1207628417426605,9412,1.0379821777343743,-0.06971333400625812,660.36328125,670.03125,9.66796875,,3775.98046875
pleia,3,0,42,degrees C,30,smart_building_conformal/outputs/model_comparison_pilot_v1/runs/pilot_v1_20260913,965ff02d8cb67183210632bfbc3a2251c430a2b027b8b44d87df356fd19e3d71,af29d2340427f043c605f777e54389bc86ccbb44c9630aba57964536d0845ce3,False,attention_lstm,29715,9906,9907,0.6531397834824808,0.8792127260205383,0,14.0,src.attention_lstm.AttentionLSTM,241.38085390000003,68.47716389999994,0.5106491000000233,0.5225679000000127,18958.301878090406,310.8912348,,not recorded per model in original temperature pilot; wall phases retained,0.8210356313717574,2.101978302001953,4.057245998242025,8917,1.0509891510009766,-0.07896436862824263,0.8970424952054104,2.6310157775878906,5.088480114130626,9412,1.3155078887939453,-0.052957504794589605,403.1015625,518.4609375,115.359375,,3854.04296875
pleia,6,0,42,degrees C,60,smart_building_conformal/outputs/model_comparison_pilot_v1/runs/pilot_v1_20260913,965ff02d8cb67183210632bfbc3a2251c430a2b027b8b44d87df356fd19e3d71,af29d2340427f043c605f777e54389bc86ccbb44c9630aba57964536d0845ce3,False,persistence,29710,9904,9907,0.5481174926819421,0.8776005350395164,0,,src.pilot_forecasters.Persistence,0.0,0.00041840000005777256,0.005260300000031748,0.004077300000062678,2429794.226534154,0.009756000000152198,,not recorded per model in original temperature pilot; wall phases retained,0.8939133945694964,2.3999999999999986,4.21992530533966,8915,1.1999999999999993,-0.0060866054305036554,0.9402442717270617,3.1999999999999957,5.547431109316643,9410,1.5999999999999979,-0.009755728272938247,486.00390625,486.01953125,0.015625,,3486.6015625
pleia,6,0,42,degrees C,60,smart_building_conformal/outputs/model_comparison_pilot_v1/runs/pilot_v1_20260913,965ff02d8cb67183210632bfbc3a2251c430a2b027b8b44d87df356fd19e3d71,af29d2340427f043c605f777e54389bc86ccbb44c9630aba57964536d0845ce3,False,xgboost,29710,9904,9907,0.758970369165909,0.9858096215899382,0,,xgboost.sklearn.XGBRegressor,4.982808100000057,1.3295131999999512,0.10940660000005664,0.10729560000004312,92333.70240714455,6.529023500000108,,not recorded per model in original temperature pilot; wall phases retained,0.7753103865953366,2.269615936279294,4.437111560624776,8915,1.134807968139647,-0.12468961340466345,0.8819016856767942,2.7935714721679688,5.371068596178097,9410,1.3967857360839844,-0.06809831432320579,486.078125,598.5859375,112.5078125,,3469.37109375
pleia,6,0,42,degrees C,60,smart_building_conformal/outputs/model_comparison_pilot_v1/runs/pilot_v1_20260913,965ff02d8cb67183210632bfbc3a2251c430a2b027b8b44d87df356fd19e3d71,af29d2340427f043c605f777e54389bc86ccbb44c9630aba57964536d0845ce3,False,attention_lstm,29710,9904,9907,1.246394193931727,1.5676521183221808,1,11.0,src.attention_lstm.AttentionLSTM,164.95222739999997,51.45261340000002,0.388137699999902,0.4450994000000037,22257.949572612135,217.2380778999999,,not recorded per model in original temperature pilot; wall phases retained,0.7191884526092662,3.29086532592774,7.819547741644378,8915,1.64543266296387,-0.1808115473907338,0.8073079640658121,3.9118721008300814,10.048865994197067,9410,1.9559360504150405,-0.1426920359341879,592.46484375,639.61328125,47.1484375,,3326.75390625
pleia_energy,1,0,42,kWh per 10 minutes,10,smart_building_conformal/outputs/matched_forecasting005/pleia_energy_h1_f0_s42_v1,7335d436f6e4f8c2144de372e8817d036bae216426c157f5bbdc1eb921927955,4e6c91f9f835e0f37ebf21e4de23c4f65c9911d42d933912d0ce4fbf7500a4c3,False,persistence,29719,9907,9909,0.14425096503178927,3.4973458927613192,0,,src.pilot_forecasters.Persistence,0.0,0.0006204000019351952,0.0052474000040092506,0.004110900001251139,2410421.0749432556,0.009978700007195584,0.015625,measured,0.9570087798970632,1.015625,2.194871770612574,8918,0.5078125,0.05700877989706321,0.9754768392370572,1.234375,3.452844320819455,9413,0.6171875,0.025476839237057236,367.62109375,367.71875,0.09765625,0.0006888999996590428,3879.484375
pleia_energy,1,0,42,kWh per 10 minutes,10,smart_building_conformal/outputs/matched_forecasting005/pleia_energy_h1_f0_s42_v1,7335d436f6e4f8c2144de372e8817d036bae216426c157f5bbdc1eb921927955,4e6c91f9f835e0f37ebf21e4de23c4f65c9911d42d933912d0ce4fbf7500a4c3,False,xgboost,29719,9907,9909,0.10136274642733323,2.474090309353983,0,,xgboost.sklearn.XGBRegressor,4.558729800002766,1.1863407000055304,0.09049660000164295,0.09121669999876758,108631.4238525827,5.926783800008707,5.78125,measured,0.9597335755373902,0.7051993012428284,1.3825880121524283,8918,0.3525996506214142,0.05973357553739023,0.9789080633767282,0.9261906147003174,2.149957266467672,9413,0.4630953073501587,0.028908063376728244,368.3203125,482.890625,114.5703125,0.005070299994258676,3883.21875
pleia_energy,1,0,42,kWh per 10 minutes,10,smart_building_conformal/outputs/matched_forecasting005/pleia_energy_h1_f0_s42_v1,7335d436f6e4f8c2144de372e8817d036bae216426c157f5bbdc1eb921927955,4e6c91f9f835e0f37ebf21e4de23c4f65c9911d42d933912d0ce4fbf7500a4c3,False,attention_lstm,29719,9907,9909,0.10133807272401704,2.475524998093707,0,12.0,src.attention_lstm.AttentionLSTM,356.4512029000034,63.156503000005614,0.40559380000195233,0.5865965000048163,16892.3612737523,420.5998962000158,394.53125,measured,0.9616510243213241,0.7234830856323242,1.383633936681015,8918,0.3617415428161621,0.06165102432132408,0.9819356140882026,0.9758375883102417,2.1609889997316176,9413,0.48791879415512085,0.03193561408820267,473.7734375,594.0234375,120.25,0.008894300000974908,3872.9296875
pleia_energy,1,2,42,kWh per 10 minutes,10,smart_building_conformal/outputs/matched_forecasting005/pleia_energy_h1_f2_s42_v1,cd907183301a189ddfcc195774dad58c8fa07d5b326d2ac29cf3636383dc681e,7c23adb6f9815cd9e08f59c1ae4d7cf37f0cc5eb3a25efede0b901b902eb75bd,False,persistence,14858,4953,9907,0.12760863530836783,0.24188010063684087,0,,src.pilot_forecasters.Persistence,0.0,0.00038930000300752,0.0039366999990306795,0.0035684000031324103,2776314.312101627,0.00789440000517061,0.015625,measured,0.5603108912889876,0.078125,2.097025777228223,4459,0.0390625,-0.33968910871101243,0.6428787725850409,0.125,3.783587362470977,4707,0.0625,-0.30712122741495906,369.71875,369.8125,0.09375,0.0008994999952847138,4570.7734375
pleia_energy,1,2,42,kWh per 10 minutes,10,smart_building_conformal/outputs/matched_forecasting005/pleia_energy_h1_f2_s42_v1,cd907183301a189ddfcc195774dad58c8fa07d5b326d2ac29cf3636383dc681e,7c23adb6f9815cd9e08f59c1ae4d7cf37f0cc5eb3a25efede0b901b902eb75bd,False,xgboost,14858,4953,9907,0.12377272844555232,0.21441656372173365,0,,xgboost.sklearn.XGBRegressor,2.9368235000001732,0.6655583000028855,0.04806010000174865,0.09245499999815365,107154.83208261148,3.742896900002961,3.5,measured,0.6688200262440699,0.2122400999069214,1.5212555512646029,4459,0.1061200499534607,-0.23117997375593013,0.802866659937418,0.4104323983192444,2.0013129589078003,4707,0.2052161991596222,-0.14713334006258194,366.66796875,476.80859375,110.140625,0.005516999997780658,4573.0
pleia_energy,1,2,42,kWh per 10 minutes,10,smart_building_conformal/outputs/matched_forecasting005/pleia_energy_h1_f2_s42_v1,cd907183301a189ddfcc195774dad58c8fa07d5b326d2ac29cf3636383dc681e,7c23adb6f9815cd9e08f59c1ae4d7cf37f0cc5eb3a25efede0b901b902eb75bd,False,attention_lstm,14858,4953,9907,0.12046819212964437,0.22024027508302332,0,7.0,src.attention_lstm.AttentionLSTM,77.31889980000415,14.578470799999195,0.1863630000007106,0.3778682000047411,26218.136376323007,92.4616018000088,89.890625,measured,0.5419400423942666,0.10988640785217285,1.7599119923965982,4459,0.054943203926086426,-0.3580599576057334,0.6031089128898759,0.14232784509658813,3.167092771111166,4707,0.07116392254829407,-0.34689108711012406,474.4921875,591.5703125,117.078125,0.02153829999588197,4524.41015625
pleia_energy,3,2,42,kWh per 10 minutes,30,smart_building_conformal/outputs/matched_forecasting005/pleia_energy_h3_f2_s42_v1,cd907183301a189ddfcc195774dad58c8fa07d5b326d2ac29cf3636383dc681e,45c20ac2ea3ebec21844295e8ee7adc51484f1134040e1864ee0068833924297,False,persistence,14855,4952,9907,0.13126135560714647,0.257541502923049,0,,src.pilot_forecasters.Persistence,0.0,0.0005610000007436611,0.003707399999257177,0.004190100000414532,2364382.711395883,0.00845850000041537,0.0,measured,0.5711113354194004,0.078125,2.1860568915918046,4458,0.0390625,-0.3288886645805996,0.6392449782981731,0.125,3.9634475623296628,4706,0.0625,-0.3107550217018269,364.953125,365.02734375,0.07421875,0.000719700001354795,4548.421875
pleia_energy,3,2,42,kWh per 10 minutes,30,smart_building_conformal/outputs/matched_forecasting005/pleia_energy_h3_f2_s42_v1,cd907183301a189ddfcc195774dad58c8fa07d5b326d2ac29cf3636383dc681e,45c20ac2ea3ebec21844295e8ee7adc51484f1134040e1864ee0068833924297,False,xgboost,14855,4952,9907,0.1194715031413368,0.22614617294253928,0,,xgboost.sklearn.XGBRegressor,2.8498349000001326,0.655691800006025,0.045407899997371715,0.09316620000026887,106336.84748300788,3.644100800003798,3.578125,measured,0.6820429998990613,0.19844549894332886,1.553191707195494,4458,0.09922274947166443,-0.21795700010093877,0.7359442818209347,0.2602016031742096,2.6116582523522616,4706,0.1301008015871048,-0.2140557181790652,370.79296875,477.9375,107.14453125,0.006242700001166668,4520.75
pleia_energy,3,2,42,kWh per 10 minutes,30,smart_building_conformal/outputs/matched_forecasting005/pleia_energy_h3_f2_s42_v1,cd907183301a189ddfcc195774dad58c8fa07d5b326d2ac29cf3636383dc681e,45c20ac2ea3ebec21844295e8ee7adc51484f1134040e1864ee0068833924297,False,attention_lstm,14855,4952,9907,0.12752749631524482,0.2402362233179673,0,7.0,src.attention_lstm.AttentionLSTM,61.08946960000321,14.463546699997096,0.18376969999371795,0.3676936000047135,26943.629151752983,76.10447959999874,73.84375,measured,0.5655597052589079,0.13233381509780884,1.787407805721828,4458,0.06616690754890442,-0.33444029474109216,0.6591299081457556,0.1859319806098938,3.0860990094370835,4706,0.0929659903049469,-0.2908700918542444,473.8671875,596.4921875,122.625,0.004890600001090206,4431.328125
pleia_energy,6,2,42,kWh per 10 minutes,60,smart_building_conformal/outputs/matched_forecasting005/pleia_energy_h6_f2_s42_v1,cd907183301a189ddfcc195774dad58c8fa07d5b326d2ac29cf3636383dc681e,2209e00bc338132a6a2a2933be0893ff9f893cbddb45082541941604ab05632b,False,persistence,14850,4951,9907,0.12998936988997678,0.25754481604675455,0,,src.pilot_forecasters.Persistence,0.0,0.0005238000012468547,0.0027391000039642677,0.004077700003108475,2429555.875235497,0.007340600008319598,0.0,measured,0.5607146462097506,0.078125,2.156516541334411,4457,0.0390625,-0.3392853537902494,0.6406581205208438,0.125,3.899036035126675,4705,0.0625,-0.30934187947915615,363.84765625,363.9375,0.08984375,0.0006341999978758395,4653.58984375
pleia_energy,6,2,42,kWh per 10 minutes,60,smart_building_conformal/outputs/matched_forecasting005/pleia_energy_h6_f2_s42_v1,cd907183301a189ddfcc195774dad58c8fa07d5b326d2ac29cf3636383dc681e,2209e00bc338132a6a2a2933be0893ff9f893cbddb45082541941604ab05632b,False,xgboost,14850,4951,9907,0.1287675866078985,0.2461221827631574,0,,xgboost.sklearn.XGBRegressor,2.9332208999985596,0.6629197999936878,0.05039050000050338,0.09787130000040634,101224.77171508776,3.744402499993157,3.703125,measured,0.6169375189260119,0.14787453413009644,1.813980611755074,4457,0.07393726706504822,-0.2830624810739881,0.6847683456142122,0.2103307843208313,3.108883889120713,4705,0.10516539216041565,-0.2652316543857878,369.8671875,477.70703125,107.83984375,0.004971700000169221,4636.046875
pleia_energy,6,2,42,kWh per 10 minutes,60,smart_building_conformal/outputs/matched_forecasting005/pleia_energy_h6_f2_s42_v1,cd907183301a189ddfcc195774dad58c8fa07d5b326d2ac29cf3636383dc681e,2209e00bc338132a6a2a2933be0893ff9f893cbddb45082541941604ab05632b,False,attention_lstm,14850,4951,9907,0.1568325963892224,0.26239633956243075,0,5.0,src.attention_lstm.AttentionLSTM,49.06831029999739,10.397435900005803,0.19307669999398058,0.41387530000065453,23937.16174892373,60.07269819999783,58.953125,measured,0.5880690420914505,0.20918864011764526,1.774322251041638,4457,0.10459432005882263,-0.3119309579085495,0.6448975471888564,0.23959028720855713,3.1375937770495206,4705,0.11979514360427856,-0.30510245281114357,475.95703125,595.734375,119.77734375,0.004597899998771027,4529.2734375
rico,15,2,42,degrees C,15,smart_building_conformal/outputs/matched_forecasting005/rico_h15_f2_s42_v1,cd907183301a189ddfcc195774dad58c8fa07d5b326d2ac29cf3636383dc681e,03d1d452482977385b92c01bd2a2ba832e17ca51725e86b5a2d03b6d5399184a,False,persistence,12322,4242,8282,0.20938179183772038,0.33076021266260025,0,,src.pilot_forecasters.Persistence,0.0,0.0008008000004338101,0.002819699999236036,0.004285000002710149,1932788.7969105847,0.007905500002379995,0.015625,measured,0.9153586090316349,1.0,1.658295097802463,3819,0.5,0.015358609031634884,0.9629316590195605,1.6000000000000014,2.1462448683892776,4031,0.8000000000000007,0.012931659019560504,412.3671875,412.88671875,0.51953125,0.0005372000014176592,4676.3046875
rico,15,2,42,degrees C,15,smart_building_conformal/outputs/matched_forecasting005/rico_h15_f2_s42_v1,cd907183301a189ddfcc195774dad58c8fa07d5b326d2ac29cf3636383dc681e,03d1d452482977385b92c01bd2a2ba832e17ca51725e86b5a2d03b6d5399184a,False,xgboost,12322,4242,8282,0.4244604439586869,0.6166621338996906,1,,xgboost.sklearn.XGBRegressor,3.4355953999984195,1.7844410999969114,0.08020929999474902,0.15021739999792771,55133.42662111215,5.4504631999880075,5.3125,measured,0.6016662641873943,0.7542602539062528,4.460707377120791,3819,0.3771301269531264,-0.2983337358126057,0.8117604443371167,1.5278099060058565,4.6402000202472875,4031,0.7639049530029283,-0.13823955566288326,417.328125,524.9140625,107.5859375,0.005521799997950438,4586.55078125
rico,15,2,42,degrees C,15,smart_building_conformal/outputs/matched_forecasting005/rico_h15_f2_s42_v1,cd907183301a189ddfcc195774dad58c8fa07d5b326d2ac29cf3636383dc681e,03d1d452482977385b92c01bd2a2ba832e17ca51725e86b5a2d03b6d5399184a,False,attention_lstm,12322,4242,8282,2.382613208966968,2.86615015691731,1,16.0,src.attention_lstm.AttentionLSTM,95.37711919999856,29.80647339999996,0.19235240000125486,0.37402429999929154,22142.946327326026,125.74996929999907,123.171875,measured,0.15225790871770103,1.386624908447267,36.229294898653336,3819,0.6933124542236335,-0.747742091282299,0.17797633421878772,1.5523620605468764,68.46653170554534,4031,0.7761810302734382,-0.7720236657812123,513.18359375,622.6328125,109.44921875,0.004629600000043865,4564.16796875
rico,30,2,42,degrees C,30,smart_building_conformal/outputs/matched_forecasting005/rico_h30_f2_s42_v1,cd907183301a189ddfcc195774dad58c8fa07d5b326d2ac29cf3636383dc681e,1ad851efbc64721175170cedc494487931981286fb015270b140f28c8c0a751b,False,persistence,11407,3927,7667,0.38969610016955786,0.5994280130858491,0,,src.pilot_forecasters.Persistence,0.0,0.0005384999967645854,0.0028848000001744367,0.004305299997213297,1780828.2825732562,0.007728599994152319,0.015625,measured,0.921612103821573,2.0,3.0014347202295553,3536,1.0,0.02161210382157297,0.9641319942611191,3.0,3.8623972870744745,3732,1.5,0.014131994261119107,408.17578125,408.34375,0.16796875,0.0007999000008567236,4282.7265625
rico,30,2,42,degrees C,30,smart_building_conformal/outputs/matched_forecasting005/rico_h30_f2_s42_v1,cd907183301a189ddfcc195774dad58c8fa07d5b326d2ac29cf3636383dc681e,1ad851efbc64721175170cedc494487931981286fb015270b140f28c8c0a751b,False,xgboost,11407,3927,7667,0.6456994589201953,0.9054184288208361,1,,xgboost.sklearn.XGBRegressor,3.2230259999996633,1.2021987000043737,0.07050300000264542,0.13492669999686768,56823.4456203108,4.63065440000355,4.53125,measured,0.6884048519629581,1.4331306457519517,5.652209475940068,3536,0.7165653228759759,-0.21159514803704194,0.8494848050084779,2.4165054321289006,6.751449154482784,3732,1.2082527160644503,-0.10051519499152206,413.671875,521.359375,107.6875,0.005654199994751252,4265.140625
rico,30,2,42,degrees C,30,smart_building_conformal/outputs/matched_forecasting005/rico_h30_f2_s42_v1,cd907183301a189ddfcc195774dad58c8fa07d5b326d2ac29cf3636383dc681e,1ad851efbc64721175170cedc494487931981286fb015270b140f28c8c0a751b,False,attention_lstm,11407,3927,7667,2.647748233262293,3.094275563720874,0,18.0,src.attention_lstm.AttentionLSTM,66.42844630000036,30.212644800005364,0.17561690000002272,0.3270182999985991,23445.171111319592,97.14372630000435,94.609375,measured,0.11595148037041868,1.470456695556642,40.72088509894605,3536,0.735228347778321,-0.7840485196295813,0.1357767053606365,1.8360275268554744,73.92563312073257,3732,0.9180137634277372,-0.8142232946393635,510.45703125,617.39453125,106.9375,0.004761399999551941,4153.60546875
rico,60,2,42,degrees C,60,smart_building_conformal/outputs/matched_forecasting005/rico_h60_f2_s42_v1,cd907183301a189ddfcc195774dad58c8fa07d5b326d2ac29cf3636383dc681e,1313d1f837d1a817bae522e566b1ae780eac3779acb6c6ce8a1d3c571d0498f2,False,persistence,9577,3297,6437,0.7156750038837967,1.041377894828978,0,,src.pilot_forecasters.Persistence,0.0,0.0003800000049523078,0.0034566000031190924,0.003409799996006768,1887794.0077243238,0.007246400004078168,0.015625,measured,0.924188286468852,3.6000000000000014,5.100388379679974,2969,1.8000000000000007,0.02418828646885196,0.9608513282585055,5.0,6.397545440422556,3134,2.5,0.010851328258505544,403.1796875,403.4375,0.2578125,0.0006637999977101572,4933.7734375
rico,60,2,42,degrees C,60,smart_building_conformal/outputs/matched_forecasting005/rico_h60_f2_s42_v1,cd907183301a189ddfcc195774dad58c8fa07d5b326d2ac29cf3636383dc681e,1313d1f837d1a817bae522e566b1ae780eac3779acb6c6ce8a1d3c571d0498f2,False,xgboost,9577,3297,6437,1.1955028583123037,1.788193478359507,0,,xgboost.sklearn.XGBRegressor,2.9986902000018745,0.6641412000026321,0.05156880000140518,0.10922060000302736,58935.76852554903,3.823620800008939,3.75,measured,0.6420692869349076,2.535365295410159,10.74535506863169,2969,1.2676826477050795,-0.2579307130650924,0.8155973279478018,3.875130462646482,13.210315206781646,3134,1.9375652313232408,-0.13440267205219814,407.15234375,514.89453125,107.7421875,0.004757900002005044,4924.76171875
rico,60,2,42,degrees C,60,smart_building_conformal/outputs/matched_forecasting005/rico_h60_f2_s42_v1,cd907183301a189ddfcc195774dad58c8fa07d5b326d2ac29cf3636383dc681e,1313d1f837d1a817bae522e566b1ae780eac3779acb6c6ce8a1d3c571d0498f2,False,attention_lstm,9577,3297,6437,2.636271101528024,3.1143982277118103,0,6.0,src.attention_lstm.AttentionLSTM,40.84425190000184,8.297801699998672,0.1417241000017384,0.2677724000022863,24039.0719877965,49.55155010000453,48.765625,measured,0.1753922634767749,1.9796203613281305,36.84274492843077,2969,0.9898101806640653,-0.7246077365232251,0.20335560043498524,2.2582244873046875,67.46031344231373,3134,1.1291122436523438,-0.7466443995650147,510.6171875,611.62109375,101.00390625,0.004290799995942507,4820.03515625
bdg2,3,2,42,kWh per hour,180,smart_building_conformal/outputs/matched_forecasting005/bdg2_h3_f2_s42_v1,cd907183301a189ddfcc195774dad58c8fa07d5b326d2ac29cf3636383dc681e,9f6ebede3e1cdfa1160ebb06d88768caf7c37e45b8bec777807b19531e87a260,False,persistence,51634,17360,34640,42.80348447459585,78.69880137930757,0,,src.pilot_forecasters.Persistence,0.0,0.0005478000020957552,0.009477799998421688,0.019390800000110175,1786414.1757845567,0.02941640000062762,0.03125,measured,0.8978348729792148,250.0,402.0599384526559,15625,125.0,-0.002165127020785196,0.9459872979214781,344.19999999999993,504.7519927251731,16493,172.1,-0.00401270207852189,431.7890625,431.9375,0.1484375,0.0014418999999179505,4734.98828125
bdg2,3,2,42,kWh per hour,180,smart_building_conformal/outputs/matched_forecasting005/bdg2_h3_f2_s42_v1,cd907183301a189ddfcc195774dad58c8fa07d5b326d2ac29cf3636383dc681e,9f6ebede3e1cdfa1160ebb06d88768caf7c37e45b8bec777807b19531e87a260,False,xgboost,51634,17360,34640,26.969410939511018,52.10842213185799,1,,xgboost.sklearn.XGBRegressor,6.705195300004561,2.632350800005952,0.19403389999934006,0.380966199998511,90926.70163425362,9.912546200008364,9.625,measured,0.9060334872979214,139.05042675781255,256.0602868949838,15625,69.52521337890624,0.006033487297921414,0.9501154734411086,201.50898242187492,349.48453975487536,16493,100.75449121093749,0.00011547344110862667,433.9453125,554.58984375,120.64453125,0.006561900001543108,4796.67578125
bdg2,3,2,42,kWh per hour,180,smart_building_conformal/outputs/matched_forecasting005/bdg2_h3_f2_s42_v1,cd907183301a189ddfcc195774dad58c8fa07d5b326d2ac29cf3636383dc681e,9f6ebede3e1cdfa1160ebb06d88768caf7c37e45b8bec777807b19531e87a260,False,attention_lstm,51634,17360,34640,32.89965335330461,65.89405515011768,0,20.0,src.attention_lstm.AttentionLSTM,379.97902780000004,147.19403139999486,0.8058994000020903,1.5626174999997602,22167.93297144395,529.5415760999967,518.9375,measured,0.9043879907621247,163.77541503906247,316.76356132562995,15625,81.88770751953126,0.004387990762124705,0.9497690531177829,236.0532165527343,441.1072609826629,16493,118.0266082763672,-0.0002309468822170313,537.9296875,650.59765625,112.66796875,0.0059592999969027005,4735.94921875
bdg2,6,2,42,kWh per hour,360,smart_building_conformal/outputs/matched_forecasting005/bdg2_h6_f2_s42_v1,cd907183301a189ddfcc195774dad58c8fa07d5b326d2ac29cf3636383dc681e,dcffb11d9ae7c3210ce7211cd66ccbe05e3e96c486c605648bf7838a00e07f2c,False,persistence,51584,17350,34640,73.28396772228638,119.92957137497905,0,,src.pilot_forecasters.Persistence,0.0,0.000374399998690933,0.007192099998064805,0.012553699998534285,2759345.850549592,0.020120199995290022,0.03125,measured,0.8975461893764434,406.3119999999999,580.2719217667436,15616,203.15599999999995,-0.0024538106235566515,0.9442263279445727,498.0,703.0353413394918,16484,249.0,-0.005773672055427226,430.41015625,431.22265625,0.8125,0.0006672999952570535,4960.875
bdg2,6,2,42,kWh per hour,360,smart_building_conformal/outputs/matched_forecasting005/bdg2_h6_f2_s42_v1,cd907183301a189ddfcc195774dad58c8fa07d5b326d2ac29cf3636383dc681e,dcffb11d9ae7c3210ce7211cd66ccbe05e3e96c486c605648bf7838a00e07f2c,False,xgboost,51584,17350,34640,34.160346078852164,66.77849584385011,0,,xgboost.sklearn.XGBRegressor,6.633458999996947,2.1575358000045526,0.15511800000240328,0.31819980000000214,108862.41914671149,9.264312600003905,9.0,measured,0.9086605080831409,177.1885986328125,322.91227723374925,15616,88.59429931640625,0.008660508083140894,0.9498267898383372,248.75102539062496,442.884291132395,16484,124.37551269531252,-0.00017321016166271797,431.52734375,550.16796875,118.640625,0.005534099997021258,4938.02734375
bdg2,6,2,42,kWh per hour,360,smart_building_conformal/outputs/matched_forecasting005/bdg2_h6_f2_s42_v1,cd907183301a189ddfcc195774dad58c8fa07d5b326d2ac29cf3636383dc681e,dcffb11d9ae7c3210ce7211cd66ccbe05e3e96c486c605648bf7838a00e07f2c,False,attention_lstm,51584,17350,34640,39.96476742178126,77.69875929362189,0,13.0,src.attention_lstm.AttentionLSTM,299.6534281999993,96.53754679999838,0.6994163999988814,1.3371962000019266,25904.949475589365,398.2275875999985,387.890625,measured,0.9052540415704388,197.42545068359368,372.3769810695304,15616,98.71272534179687,0.005254041570438739,0.9491628175519631,276.34259033203125,516.1837195494899,16484,138.17129516601562,-0.0008371824480368772,535.37109375,649.5625,114.19140625,0.0048364000031142496,4813.66015625
bdg2,1,1,42,kWh per hour,60,smart_building_conformal/outputs/matched_forecasting005/bdg2_h1_f1_s42_v1,cd907183301a189ddfcc195774dad58c8fa07d5b326d2ac29cf3636383dc681e,3a12b8bb0420a6d8259bdf93ab6cb7ae75b0cf7fa3bea5f7cdbd7e0113915139,False,persistence,77682,26002,34532,18.105949944978573,38.39896815958996,0,,src.pilot_forecasters.Persistence,0.0,0.0004378000012366101,0.010219900002994109,0.011965700003202073,2885915.5745806,0.022623400007432792,0.03125,measured,0.9199872581952971,118.33199999999995,187.70410077609176,23403,59.166,0.01998725819529712,0.9598633151859145,170.0,249.7789415035329,24703,85.0,0.009863315185914545,435.5234375,436.1328125,0.609375,0.0006605000016861595,4983.5234375
bdg2,1,1,42,kWh per hour,60,smart_building_conformal/outputs/matched_forecasting005/bdg2_h1_f1_s42_v1,cd907183301a189ddfcc195774dad58c8fa07d5b326d2ac29cf3636383dc681e,3a12b8bb0420a6d8259bdf93ab6cb7ae75b0cf7fa3bea5f7cdbd7e0113915139,False,xgboost,77682,26002,34532,16.53965609228682,32.87757672469714,1,,xgboost.sklearn.XGBRegressor,8.711014000000432,3.714042799998424,0.3062480000007781,0.4174739999943995,82716.52845557629,13.148778799994034,12.328125,measured,0.9150353295494035,90.48958593750005,153.72451524985703,23403,45.244792968750005,0.015035329549403453,0.9599212324800185,134.82417041015628,208.85445486859365,24703,67.41208520507814,0.009921232480018527,436.61328125,565.3828125,128.76953125,0.006400099999154918,4973.703125
bdg2,1,1,42,kWh per hour,60,smart_building_conformal/outputs/matched_forecasting005/bdg2_h1_f1_s42_v1,cd907183301a189ddfcc195774dad58c8fa07d5b326d2ac29cf3636383dc681e,3a12b8bb0420a6d8259bdf93ab6cb7ae75b0cf7fa3bea5f7cdbd7e0113915139,False,attention_lstm,77682,26002,34532,16.457135391162176,32.52264589772589,0,29.0,src.attention_lstm.AttentionLSTM,808.4900932999954,326.0098871000009,0.9959116999962134,1.340605699995649,25758.506024636532,1136.8364977999881,1108.6875,measured,0.9185393258426966,92.84837890624999,150.78117720070446,23403,46.424189453124995,0.018539325842696575,0.9646414919494961,138.66099609374993,204.6801573903032,24703,69.330498046875,0.014641491949496155,538.11328125,651.0,112.88671875,0.004565499999444,4856.0
pleia,1,2,42,degrees C,10,smart_building_conformal/outputs/matched_forecasting005/pleia_h1_f2_s42_v1,cd907183301a189ddfcc195774dad58c8fa07d5b326d2ac29cf3636383dc681e,afeec26a5064a899df55a5081826d94b2ef6a3b5229ee6a692855ac3f89534e2,False,persistence,14858,4953,9907,0.23937619864742102,0.3366736506882145,0,,src.pilot_forecasters.Persistence,0.0,0.0007700999994995072,0.005211399999097921,0.010144699997908901,976569.0461070413,0.01612619999650633,0.015625,measured,0.9408499041082063,1.2000000000000028,1.5472292318562646,4459,0.6000000000000014,0.040849904108206325,0.9651761380841829,1.599999999999994,1.9044312102553733,4707,0.7999999999999972,0.015176138084182944,373.45703125,373.5390625,0.08203125,0.0008555000022170134,4496.94921875
pleia,1,2,42,degrees C,10,smart_building_conformal/outputs/matched_forecasting005/pleia_h1_f2_s42_v1,cd907183301a189ddfcc195774dad58c8fa07d5b326d2ac29cf3636383dc681e,afeec26a5064a899df55a5081826d94b2ef6a3b5229ee6a692855ac3f89534e2,False,xgboost,14858,4953,9907,2.2618093530838386,2.6662944008183764,0,,xgboost.sklearn.XGBRegressor,3.1506019000007655,0.7562412000042968,0.058528000001388136,0.10994899999786867,90105.41251118286,4.075320100004319,3.90625,measured,0.2561824972241849,2.110757446289064,28.720407573483932,4459,1.055378723144532,-0.6438175027758151,0.3341071969314626,2.6888351440429688,47.78030926184681,4707,1.3444175720214844,-0.6158928030685373,371.93359375,482.109375,110.17578125,0.00507110000035027,4340.4296875
pleia,1,2,42,degrees C,10,smart_building_conformal/outputs/matched_forecasting005/pleia_h1_f2_s42_v1,cd907183301a189ddfcc195774dad58c8fa07d5b326d2ac29cf3636383dc681e,afeec26a5064a899df55a5081826d94b2ef6a3b5229ee6a692855ac3f89534e2,False,attention_lstm,14858,4953,9907,3.031291556211537,3.3386067777834803,0,27.0,src.attention_lstm.AttentionLSTM,153.8800345999989,56.58516039999813,0.1937647000013385,0.3837282999957097,25817.746567325805,211.0426879999941,206.203125,measured,0.20127182800040375,3.4408645629882812,32.573000491176835,4459,1.7204322814941406,-0.6987281719995962,0.2768749369132936,4.1923980712890625,51.032570378888856,4707,2.0961990356445312,-0.6731250630867063,477.94140625,598.25,120.30859375,0.005021799996029586,4334.63671875
pleia,3,2,42,degrees C,30,smart_building_conformal/outputs/matched_forecasting005/pleia_h3_f2_s42_v1,cd907183301a189ddfcc195774dad58c8fa07d5b326d2ac29cf3636383dc681e,8196306a329a6c9ca8326b0c397aea778201506a8cf246687569ae5edd3a0c84,False,persistence,14855,4952,9907,0.3915918037751086,0.5655364111359953,0,,src.pilot_forecasters.Persistence,0.0,0.0003701999958138913,0.004157100003794767,0.0037943999996059574,2610952.9836150184,0.008321699999214616,0.0,measured,0.9363076612496215,2.0,2.665186231957202,4458,1.0,0.03630766124962148,0.9600282628444534,2.4000000000000057,3.2700918542444737,4706,1.2000000000000028,0.010028262844453462,368.47265625,368.55859375,0.0859375,0.0007547999994130805,4751.1484375
pleia,3,2,42,degrees C,30,smart_building_conformal/outputs/matched_forecasting005/pleia_h3_f2_s42_v1,cd907183301a189ddfcc195774dad58c8fa07d5b326d2ac29cf3636383dc681e,8196306a329a6c9ca8326b0c397aea778201506a8cf246687569ae5edd3a0c84,False,xgboost,14855,4952,9907,3.5233621233994703,3.9173721260654064,0,,xgboost.sklearn.XGBRegressor,2.8655339000033564,0.6883396000048378,0.05691840000508819,0.09949590000178432,99571.94215864505,3.7102878000150668,3.71875,measured,0.21378823054405977,3.9351074218750033,38.4647797790632,4458,1.9675537109375014,-0.6862117694559402,0.28293126072474006,4.713183593750003,62.053966457759216,4706,2.3565917968750014,-0.6670687392752599,371.93359375,482.015625,110.08203125,0.004441700002644211,4711.37109375
pleia,3,2,42,degrees C,30,smart_building_conformal/outputs/matched_forecasting005/pleia_h3_f2_s42_v1,cd907183301a189ddfcc195774dad58c8fa07d5b326d2ac29cf3636383dc681e,8196306a329a6c9ca8326b0c397aea778201506a8cf246687569ae5edd3a0c84,False,attention_lstm,14855,4952,9907,3.7605450324553997,4.086237381599427,0,17.0,src.attention_lstm.AttentionLSTM,128.60430249999627,35.82644370000344,0.21145619999879273,0.376654800005781,26302.598559338538,165.01885720000428,161.359375,measured,0.20298778641364693,4.64738311767578,37.22460164826467,4458,2.32369155883789,-0.6970122135863531,0.2527505803976986,5.3073478698730465,60.26762875061859,4706,2.653673934936524,-0.6972494196023014,478.6015625,605.41015625,126.80859375,0.005041199998231605,4608.33203125
pleia,6,2,42,degrees C,60,smart_building_conformal/outputs/matched_forecasting005/pleia_h6_f2_s42_v1,cd907183301a189ddfcc195774dad58c8fa07d5b326d2ac29cf3636383dc681e,ff4f03a56c5f3fee34466478e87f5f2f7fb26fcbfc1ef160d240ad250f347b1b,False,persistence,14850,4951,9907,0.5479458968406178,0.7817754844230004,0,,src.pilot_forecasters.Persistence,0.0,0.00044380000326782465,0.002950900001451373,0.004368699999758974,2267722.663617685,0.0077634000044781715,0.015625,measured,0.9193499545775714,2.6000000000000014,3.6683355203391548,4457,1.3000000000000007,0.019349954577571382,0.95306349046129,3.2000000000000033,4.51422226708388,4705,1.6000000000000014,0.0030634904612900637,367.36328125,367.453125,0.08984375,0.0007495000027120113,4867.30859375
pleia,6,2,42,degrees C,60,smart_building_conformal/outputs/matched_forecasting005/pleia_h6_f2_s42_v1,cd907183301a189ddfcc195774dad58c8fa07d5b326d2ac29cf3636383dc681e,ff4f03a56c5f3fee34466478e87f5f2f7fb26fcbfc1ef160d240ad250f347b1b,False,xgboost,14850,4951,9907,4.279730004668417,4.691436060986669,0,,xgboost.sklearn.XGBRegressor,2.8564358000003267,0.6883738999968045,0.05059129999426659,0.10419019999972079,95085.71823479126,3.6995911999911186,3.578125,measured,0.2445745432522459,5.532695007324222,40.75229083048029,4457,2.766347503662111,-0.6554254567477541,0.31079035025739377,6.303394317626953,65.60955215528027,4705,3.1516971588134766,-0.6392096497426062,372.453125,481.3828125,108.9296875,0.005138799999258481,4854.48828125
pleia,6,2,42,degrees C,60,smart_building_conformal/outputs/matched_forecasting005/pleia_h6_f2_s42_v1,cd907183301a189ddfcc195774dad58c8fa07d5b326d2ac29cf3636383dc681e,ff4f03a56c5f3fee34466478e87f5f2f7fb26fcbfc1ef160d240ad250f347b1b,False,attention_lstm,14850,4951,9907,4.463557159309852,4.752998409263015,1,12.0,src.attention_lstm.AttentionLSTM,76.29643309999665,25.133865499999956,0.18938730000081705,0.38350899999932153,25832.50979772972,102.00319489999674,99.71875,measured,0.20934692641566569,6.312603759765622,37.03828693488853,4457,3.156301879882811,-0.6906530735843344,0.2748561623094781,7.084327697753906,56.822748299141686,4705,3.542163848876953,-0.6751438376905219,477.859375,604.47265625,126.61328125,0.004398299999593291,4749.328125
pleia_energy,1,2,43,kWh per 10 minutes,10,smart_building_conformal/outputs/matched_forecasting005/pleia_energy_h1_f2_s43_v1,cd907183301a189ddfcc195774dad58c8fa07d5b326d2ac29cf3636383dc681e,9a5f8e926042af5fac0c3fceb0e887889cd310cf57cdaa89b6239e4da7611673,True,persistence,14858,4953,9907,0.12760863530836783,0.24188010063684087,0,,src.pilot_forecasters.Persistence,0.0,0.00042729999404400587,0.002486400000634603,0.005361499992432073,1847803.7888620805,0.008275199987110682,0.015625,measured,0.5603108912889876,0.078125,2.097025777228223,4459,0.0390625,-0.33968910871101243,0.6428787725850409,0.125,3.783587362470977,4707,0.0625,-0.30712122741495906,366.14453125,366.23046875,0.0859375,0.000787899989518337,4228.67578125
pleia_energy,1,2,43,kWh per 10 minutes,10,smart_building_conformal/outputs/matched_forecasting005/pleia_energy_h1_f2_s43_v1,cd907183301a189ddfcc195774dad58c8fa07d5b326d2ac29cf3636383dc681e,9a5f8e926042af5fac0c3fceb0e887889cd310cf57cdaa89b6239e4da7611673,True,xgboost,14858,4953,9907,0.1511315438887769,0.24385366270656145,1,,xgboost.sklearn.XGBRegressor,2.9386590999929467,0.9799857999896631,0.06087149999802932,0.13724599999841303,72184.25309382098,4.116762399979052,4.03125,measured,0.6840617745028768,0.3288354277610779,1.6151078535465537,4459,0.16441771388053894,-0.21593822549712327,0.7711718986575149,0.4667136073112488,2.2974087363645754,4707,0.2333568036556244,-0.17882810134248506,366.1015625,478.1953125,112.09375,0.006425600004149601,4150.875
pleia_energy,1,2,43,kWh per 10 minutes,10,smart_building_conformal/outputs/matched_forecasting005/pleia_energy_h1_f2_s43_v1,cd907183301a189ddfcc195774dad58c8fa07d5b326d2ac29cf3636383dc681e,9a5f8e926042af5fac0c3fceb0e887889cd310cf57cdaa89b6239e4da7611673,True,attention_lstm,14858,4953,9907,0.1286929638063052,0.22771109100449605,0,9.0,src.attention_lstm.AttentionLSTM,93.2409495000029,18.787344999989728,0.19604999999864958,0.3760857000015676,26342.4001496433,112.60043019999284,110.15625,measured,0.5776723528818007,0.151836097240448,1.6559600614028585,4459,0.075918048620224,-0.3223276471181993,0.638336529726456,0.18179559707641602,2.9571747471083643,4707,0.09089779853820801,-0.3116634702735439,473.98046875,592.40234375,118.421875,0.010648900002706796,4046.41015625
pleia_energy,3,2,43,kWh per 10 minutes,30,smart_building_conformal/outputs/matched_forecasting005/pleia_energy_h3_f2_s43_v1,cd907183301a189ddfcc195774dad58c8fa07d5b326d2ac29cf3636383dc681e,0994b58ad507c89e4477b9d8f239790b940d570f5a1e8d13854e7914fd34622b,True,persistence,14855,4952,9907,0.13126135560714647,0.257541502923049,0,,src.pilot_forecasters.Persistence,0.0,0.0003704000118887052,0.002419599986751564,0.004583300004014745,2161542.991146544,0.007373300002655014,0.015625,measured,0.5711113354194004,0.078125,2.1860568915918046,4458,0.0390625,-0.3288886645805996,0.6392449782981731,0.125,3.9634475623296628,4706,0.0625,-0.3107550217018269,363.5,363.578125,0.078125,0.0006708999862894416,4256.30078125
pleia_energy,3,2,43,kWh per 10 minutes,30,smart_building_conformal/outputs/matched_forecasting005/pleia_energy_h3_f2_s43_v1,cd907183301a189ddfcc195774dad58c8fa07d5b326d2ac29cf3636383dc681e,0994b58ad507c89e4477b9d8f239790b940d570f5a1e8d13854e7914fd34622b,True,xgboost,14855,4952,9907,0.12097164125725939,0.22595912463705314,0,,xgboost.sklearn.XGBRegressor,3.0019547999982024,0.6468208000005689,0.051988699997309595,0.09333319999859668,106146.58021099627,3.7940974999946775,3.6875,measured,0.6710406783082669,0.20214924216270447,1.553685468577275,4458,0.10107462108135223,-0.22895932169173316,0.7372564853134148,0.2754065990447998,2.5496136793048687,4706,0.1377032995223999,-0.21274351468658514,368.4609375,475.71875,107.2578125,0.005146100011188537,4272.11328125
pleia_energy,3,2,43,kWh per 10 minutes,30,smart_building_conformal/outputs/matched_forecasting005/pleia_energy_h3_f2_s43_v1,cd907183301a189ddfcc195774dad58c8fa07d5b326d2ac29cf3636383dc681e,0994b58ad507c89e4477b9d8f239790b940d570f5a1e8d13854e7914fd34622b,True,attention_lstm,14855,4952,9907,0.15876354579007673,0.2585929217543702,1,8.0,src.attention_lstm.AttentionLSTM,59.09416940000665,16.340059800000745,0.19350379999377765,0.3887036999949487,25487.27990016237,76.01643669999612,74.84375,measured,0.5771676592308469,0.2269691824913025,1.706536331781528,4458,0.11348459124565125,-0.3228323407691531,0.6606439890986171,0.2646532654762268,2.9377796090827193,4706,0.1323266327381134,-0.28935601090138285,474.56640625,597.8828125,123.31640625,0.005062299998826347,4125.328125
pleia_energy,6,2,43,kWh per 10 minutes,60,smart_building_conformal/outputs/matched_forecasting005/pleia_energy_h6_f2_s43_v1,cd907183301a189ddfcc195774dad58c8fa07d5b326d2ac29cf3636383dc681e,b93741f34b2850dc828bbe017dd62253e0e099a5101de4a74885b6a91db639c5,True,persistence,14850,4951,9907,0.12998936988997678,0.25754481604675455,0,,src.pilot_forecasters.Persistence,0.0,0.000630000009550713,0.002550699995481409,0.004096899996511638,2418169.837788438,0.00727760000154376,0.0,measured,0.5607146462097506,0.078125,2.156516541334411,4457,0.0390625,-0.3392853537902494,0.6406581205208438,0.125,3.899036035126675,4705,0.0625,-0.30934187947915615,364.04296875,364.1328125,0.08984375,0.001558200005092658,3878.37890625
pleia_energy,6,2,43,kWh per 10 minutes,60,smart_building_conformal/outputs/matched_forecasting005/pleia_energy_h6_f2_s43_v1,cd907183301a189ddfcc195774dad58c8fa07d5b326d2ac29cf3636383dc681e,b93741f34b2850dc828bbe017dd62253e0e099a5101de4a74885b6a91db639c5,True,xgboost,14850,4951,9907,0.1275753094787926,0.2453679381741562,0,,xgboost.sklearn.XGBRegressor,2.800623100003577,0.6621644999977434,0.04706459998851642,0.09128829999826849,108524.31253718068,3.601140499988105,3.546875,measured,0.6616533764005249,0.17726391553878784,1.721472655559953,4457,0.08863195776939392,-0.23834662359947512,0.7303926516604421,0.24725034832954407,2.914543624129172,4705,0.12362517416477203,-0.21960734833955786,370.0859375,477.86328125,107.77734375,0.004440999997314066,3860.1484375
pleia_energy,6,2,43,kWh per 10 minutes,60,smart_building_conformal/outputs/matched_forecasting005/pleia_energy_h6_f2_s43_v1,cd907183301a189ddfcc195774dad58c8fa07d5b326d2ac29cf3636383dc681e,b93741f34b2850dc828bbe017dd62253e0e099a5101de4a74885b6a91db639c5,True,attention_lstm,14850,4951,9907,0.15473173186145373,0.2650504133471614,0,4.0,src.attention_lstm.AttentionLSTM,49.0571581999975,8.833134899992729,0.1935898000083398,0.43872179999016225,22581.508373238237,58.52260469998873,57.265625,measured,0.5892803068537398,0.2132309079170227,1.8033140359702668,4457,0.10661545395851135,-0.31071969314626025,0.6870899364085999,0.2753656506538391,3.010165868035787,4705,0.13768282532691956,-0.2629100635914,475.4765625,599.375,123.8984375,0.004585600006976165,3762.38671875
rico,5,2,43,degrees C,5,smart_building_conformal/outputs/matched_forecasting005/rico_h5_f2_s43_v1,cd907183301a189ddfcc195774dad58c8fa07d5b326d2ac29cf3636383dc681e,74eb284e91314998933d2de50059b1b6b26eb11ff0398586688a4f60985be4fd,True,persistence,12932,4452,8692,0.07447077772664519,0.12451008457023498,0,,src.pilot_forecasters.Persistence,0.0,0.0003485000052023679,0.002747199992882088,0.004165400008787401,2086714.356763625,0.007261100006871857,0.015625,measured,0.9282098481362172,0.3999999999999986,0.6013345605154169,4008,0.1999999999999993,0.028209848136217186,0.9723884031293143,0.6000000000000014,0.7808559595029918,4231,0.3000000000000007,0.022388403129314338,413.39453125,413.640625,0.24609375,0.0005590000073425472,4226.390625
rico,5,2,43,degrees C,5,smart_building_conformal/outputs/matched_forecasting005/rico_h5_f2_s43_v1,cd907183301a189ddfcc195774dad58c8fa07d5b326d2ac29cf3636383dc681e,74eb284e91314998933d2de50059b1b6b26eb11ff0398586688a4f60985be4fd,True,xgboost,12932,4452,8692,0.28833440296999935,0.4575429241977966,1,,xgboost.sklearn.XGBRegressor,3.6264028000005055,1.2947019999992335,0.0786733999993885,0.14803580001171213,58715.52691519427,5.14781400001084,5.0625,measured,0.4787160607455131,0.3388984680175753,3.5693801419942446,4008,0.16944923400878764,-0.4212839392544869,0.674643350207087,0.5792343139648466,5.065537093083957,4231,0.2896171569824233,-0.27535664979291297,418.61328125,527.3515625,108.73828125,0.005708800003048964,4212.578125
rico,5,2,43,degrees C,5,smart_building_conformal/outputs/matched_forecasting005/rico_h5_f2_s43_v1,cd907183301a189ddfcc195774dad58c8fa07d5b326d2ac29cf3636383dc681e,74eb284e91314998933d2de50059b1b6b26eb11ff0398586688a4f60985be4fd,True,attention_lstm,12932,4452,8692,2.594214298601146,2.997098435025381,0,5.0,src.attention_lstm.AttentionLSTM,62.33006059999752,9.229634700008319,0.18640159998903982,0.36251659999834374,23976.833060995585,72.10861349999323,69.4375,measured,0.13782788771283938,1.6013786315917997,38.515414000369404,4008,0.8006893157958999,-0.7621721122871606,0.1606074551311551,1.903597259521483,70.5891708303803,4231,0.9517986297607415,-0.7893925448688448,515.96875,624.64453125,108.67578125,0.004462700002477504,4111.484375
rico,15,2,43,degrees C,15,smart_building_conformal/outputs/matched_forecasting005/rico_h15_f2_s43_v1,cd907183301a189ddfcc195774dad58c8fa07d5b326d2ac29cf3636383dc681e,6118ae753e7869a6676eab873bbd97832260b434782324da367a8542c2dd9c41,True,persistence,12322,4242,8282,0.20938179183772038,0.33076021266260025,0,,src.pilot_forecasters.Persistence,0.0,0.00039180000021588057,0.0025613000034354627,0.004588899988448247,1804789.8234540927,0.007541999992099591,0.0,measured,0.9153586090316349,1.0,1.658295097802463,3819,0.5,0.015358609031634884,0.9629316590195605,1.6000000000000014,2.1462448683892776,4031,0.8000000000000007,0.012931659019560504,412.85546875,413.13671875,0.28125,0.00055929999507498,4277.9609375
rico,15,2,43,degrees C,15,smart_building_conformal/outputs/matched_forecasting005/rico_h15_f2_s43_v1,cd907183301a189ddfcc195774dad58c8fa07d5b326d2ac29cf3636383dc681e,6118ae753e7869a6676eab873bbd97832260b434782324da367a8542c2dd9c41,True,xgboost,12322,4242,8282,0.383518598022682,0.5478541777805537,0,,xgboost.sklearn.XGBRegressor,3.3065476000047056,0.7891462999978103,0.06465300000854768,0.13884970000071917,59647.230062125476,4.299196600011783,4.25,measured,0.682564597923207,0.8795959472656278,3.2587551151027774,3819,0.4397979736328139,-0.21743540207679302,0.777589954117363,1.158412170410159,4.442901674706806,4031,0.5792060852050795,-0.17241004588263698,418.4140625,522.40625,103.9921875,0.00490410000202246,4249.93359375
rico,15,2,43,degrees C,15,smart_building_conformal/outputs/matched_forecasting005/rico_h15_f2_s43_v1,cd907183301a189ddfcc195774dad58c8fa07d5b326d2ac29cf3636383dc681e,6118ae753e7869a6676eab873bbd97832260b434782324da367a8542c2dd9c41,True,attention_lstm,12322,4242,8282,2.8085448794997103,3.194394953123783,0,6.0,src.attention_lstm.AttentionLSTM,54.55791780000436,10.874750499991933,0.18305929999041837,0.34398210000654217,24076.83423016048,65.95970969999325,65.203125,measured,0.09816469451823231,1.5753143310546847,42.84565804893056,3819,0.7876571655273423,-0.8018353054817677,0.11156725428640425,1.819920349121091,79.97536352544957,4031,0.9099601745605455,-0.8384327457135957,514.1640625,620.6640625,106.5,0.004099700003280304,4041.859375
rico,30,2,43,degrees C,30,smart_building_conformal/outputs/matched_forecasting005/rico_h30_f2_s43_v1,cd907183301a189ddfcc195774dad58c8fa07d5b326d2ac29cf3636383dc681e,050b5ce09462d58b7bce831cbc47f90ab7c8a1dad2cdbf0f11daf141c77b099b,True,persistence,11407,3927,7667,0.38969610016955786,0.5994280130858491,0,,src.pilot_forecasters.Persistence,0.0,0.0005375000037020072,0.0029097000078763813,0.00438410000060685,1748819.5978510366,0.007831300012185238,0.0,measured,0.921612103821573,2.0,3.0014347202295553,3536,1.0,0.02161210382157297,0.9641319942611191,3.0,3.8623972870744745,3732,1.5,0.014131994261119107,409.6796875,409.8125,0.1328125,0.0005875000060768798,4250.703125
rico,30,2,43,degrees C,30,smart_building_conformal/outputs/matched_forecasting005/rico_h30_f2_s43_v1,cd907183301a189ddfcc195774dad58c8fa07d5b326d2ac29cf3636383dc681e,050b5ce09462d58b7bce831cbc47f90ab7c8a1dad2cdbf0f11daf141c77b099b,True,xgboost,11407,3927,7667,0.6901035285950703,0.9480814017578155,1,,xgboost.sklearn.XGBRegressor,3.2243925999937346,1.1814759999979287,0.0717579000047408,0.1454959999973653,52695.6067530299,4.6231224999937695,4.46875,measured,0.6164079822616408,1.295999145507814,6.610559422353788,3536,0.647999572753907,-0.2835920177383592,0.7888352680318247,2.1206932067871094,7.982106318883667,3732,1.0603466033935547,-0.16116473196817527,414.78515625,521.98828125,107.203125,0.0076071000075899065,4248.05078125
rico,30,2,43,degrees C,30,smart_building_conformal/outputs/matched_forecasting005/rico_h30_f2_s43_v1,cd907183301a189ddfcc195774dad58c8fa07d5b326d2ac29cf3636383dc681e,050b5ce09462d58b7bce831cbc47f90ab7c8a1dad2cdbf0f11daf141c77b099b,True,attention_lstm,11407,3927,7667,3.1813461449492375,3.500907949726539,0,19.0,src.attention_lstm.AttentionLSTM,82.13027389999479,31.490185799993924,0.16130350000457838,0.3134071000094991,24463.389628912744,114.09517030000279,112.09375,measured,0.06312769010043041,1.5912155151367173,49.76551666160258,3536,0.7956077575683587,-0.8368723098995696,0.09130037824442415,1.9049430847167912,92.47995505889581,3732,0.9524715423583956,-0.8586996217555758,498.29296875,605.39453125,107.1015625,0.004266900010406971,4357.37890625
rico,60,2,43,degrees C,60,smart_building_conformal/outputs/matched_forecasting005/rico_h60_f2_s43_v1,cd907183301a189ddfcc195774dad58c8fa07d5b326d2ac29cf3636383dc681e,85ad761357274da3f86ef8417ede058f4bfe3615117513b11d0b1ac2c3765dfe,True,persistence,9577,3297,6437,0.7156750038837967,1.041377894828978,0,,src.pilot_forecasters.Persistence,0.0,0.0004616999940481037,0.002090300011332147,0.003089599995291792,2083441.2253396153,0.005641600000672042,0.015625,measured,0.924188286468852,3.6000000000000014,5.100388379679974,2969,1.8000000000000007,0.02418828646885196,0.9608513282585055,5.0,6.397545440422556,3134,2.5,0.010851328258505544,404.859375,405.515625,0.65625,0.0007063999946694821,4265.89453125
rico,60,2,43,degrees C,60,smart_building_conformal/outputs/matched_forecasting005/rico_h60_f2_s43_v1,cd907183301a189ddfcc195774dad58c8fa07d5b326d2ac29cf3636383dc681e,85ad761357274da3f86ef8417ede058f4bfe3615117513b11d0b1ac2c3765dfe,True,xgboost,9577,3297,6437,1.2461093089512756,1.8670279524605418,0,,xgboost.sklearn.XGBRegressor,2.916719499989995,0.6289911000058055,0.05241059999389108,0.1040074999909848,61889.76757020358,3.702128699980676,3.625,measured,0.6872766816840143,3.0183586120605463,10.606001338037222,2969,1.5091793060302727,-0.21272331831598568,0.870281186888302,4.954713439941407,11.72217643776905,3134,2.477356719970704,-0.07971881311169793,409.84765625,514.64453125,104.796875,0.0044646000023931265,4260.44140625
rico,60,2,43,degrees C,60,smart_building_conformal/outputs/matched_forecasting005/rico_h60_f2_s43_v1,cd907183301a189ddfcc195774dad58c8fa07d5b326d2ac29cf3636383dc681e,85ad761357274da3f86ef8417ede058f4bfe3615117513b11d0b1ac2c3765dfe,True,attention_lstm,9577,3297,6437,3.1682401743923374,3.6269567967429404,0,9.0,src.attention_lstm.AttentionLSTM,50.5015138000017,12.282222800000454,0.14482180000049993,0.26875980000477284,23950.754539502137,63.19731820000743,61.953125,measured,0.1132515146807519,1.7072830200195312,48.98195249715428,2969,0.8536415100097656,-0.7867484853192481,0.13733105483921082,2.108522796630858,89.65355773885477,3134,1.054261398315429,-0.8126689451607891,512.8828125,611.65625,98.7734375,0.004779299997608177,4193.83984375
bdg2,1,2,43,kWh per hour,60,smart_building_conformal/outputs/matched_forecasting005/bdg2_h1_f2_s43_v1,cd907183301a189ddfcc195774dad58c8fa07d5b326d2ac29cf3636383dc681e,58027826a3a98cb7b4370662f19aaa693ba6370fe417a19ca4c32b3141872a0e,True,persistence,51664,17370,34640,20.987969087759815,41.67140770234165,0,,src.pilot_forecasters.Persistence,0.0,0.00043759999971371144,0.006632700009504333,0.011502200009999797,3011597.7786757867,0.01857250001921784,0.015625,measured,0.894919168591224,115.80600000000072,207.41386443418008,15634,57.90300000000036,-0.005080831408776021,0.9467667436489607,165.40000000000003,273.690915473441,16503,82.69999999999999,-0.0032332563510392154,432.94140625,433.51171875,0.5703125,0.0006364999862853438,4303.7265625
bdg2,1,2,43,kWh per hour,60,smart_building_conformal/outputs/matched_forecasting005/bdg2_h1_f2_s43_v1,cd907183301a189ddfcc195774dad58c8fa07d5b326d2ac29cf3636383dc681e,58027826a3a98cb7b4370662f19aaa693ba6370fe417a19ca4c32b3141872a0e,True,xgboost,51664,17370,34640,17.750118577538288,34.936503849500944,1,,xgboost.sklearn.XGBRegressor,6.5850224000023445,2.4947601000021677,0.20240509998984635,0.3869944000034593,89510.33916689843,9.669181999997818,9.484375,measured,0.9023960739030024,93.3888598632812,172.12690754151686,15634,46.69442993164063,0.002396073903002338,0.9490184757505774,136.78737792968747,232.53084655008283,16503,68.39368896484376,-0.0009815242494225496,434.20703125,556.19140625,121.984375,0.0064098000002559274,4291.33203125
bdg2,1,2,43,kWh per hour,60,smart_building_conformal/outputs/matched_forecasting005/bdg2_h1_f2_s43_v1,cd907183301a189ddfcc195774dad58c8fa07d5b326d2ac29cf3636383dc681e,58027826a3a98cb7b4370662f19aaa693ba6370fe417a19ca4c32b3141872a0e,True,attention_lstm,51664,17370,34640,19.610301750955557,37.71495828709621,0,28.0,src.attention_lstm.AttentionLSTM,515.6497181000013,208.0477402000106,0.6943352999951458,1.2767772999941371,27130.80816847156,725.6685709000012,713.828125,measured,0.9035796766743649,100.19955859375,182.4966493130092,15634,50.099779296875,0.0035796766743648734,0.9517321016166281,146.74984326171875,246.8633203915778,16503,73.37492163085938,0.0017321016166281789,537.65234375,650.8359375,113.18359375,0.0045802999957231805,4174.56640625
bdg2,3,2,43,kWh per hour,180,smart_building_conformal/outputs/matched_forecasting005/bdg2_h3_f2_s43_v1,cd907183301a189ddfcc195774dad58c8fa07d5b326d2ac29cf3636383dc681e,6225a33e725729d2d0c357a6cdf095480c5fe7a60e3289df38edacdb5f0da356,True,persistence,51634,17360,34640,42.80348447459585,78.69880137930757,0,,src.pilot_forecasters.Persistence,0.0,0.00038860000495333225,0.006797399997594766,0.01217000000178814,2846343.4671249255,0.019356000004336238,0.03125,measured,0.8978348729792148,250.0,402.0599384526559,15625,125.0,-0.002165127020785196,0.9459872979214781,344.19999999999993,504.7519927251731,16493,172.1,-0.00401270207852189,429.70703125,429.8671875,0.16015625,0.0008191999950213358,4283.6171875
bdg2,3,2,43,kWh per hour,180,smart_building_conformal/outputs/matched_forecasting005/bdg2_h3_f2_s43_v1,cd907183301a189ddfcc195774dad58c8fa07d5b326d2ac29cf3636383dc681e,6225a33e725729d2d0c357a6cdf095480c5fe7a60e3289df38edacdb5f0da356,True,xgboost,51634,17360,34640,28.57570213110938,54.13507443126881,0,,xgboost.sklearn.XGBRegressor,6.326060299994424,2.065454800002044,0.16146439999283757,0.3162692000041716,109526.94729535187,8.869248699993477,8.625,measured,0.9063510392609699,146.7899169921875,265.0726901300109,15625,73.39495849609375,0.006351039260969915,0.9483833718244804,207.56235546874996,359.41451336994464,16493,103.78117773437498,-0.0016166281755195522,432.28515625,555.84375,123.55859375,0.004769500010297634,4258.53515625
bdg2,3,2,43,kWh per hour,180,smart_building_conformal/outputs/matched_forecasting005/bdg2_h3_f2_s43_v1,cd907183301a189ddfcc195774dad58c8fa07d5b326d2ac29cf3636383dc681e,6225a33e725729d2d0c357a6cdf095480c5fe7a60e3289df38edacdb5f0da356,True,attention_lstm,51634,17360,34640,33.44762582413813,65.5270102532562,0,15.0,src.attention_lstm.AttentionLSTM,326.4265493999992,106.58459459998994,0.662775300006615,1.2893418000021484,26866.421301118353,434.9632610999979,427.4375,measured,0.9053117782909931,165.11253710937487,314.6459218817097,15625,82.55626855468745,0.005311778290993052,0.9493937644341801,237.44232788085947,435.6803436862865,16493,118.72116394042968,-0.0006062355658198459,534.80078125,651.34765625,116.546875,0.004936600002110936,4126.33984375
bdg2,6,2,43,kWh per hour,360,smart_building_conformal/outputs/matched_forecasting005/bdg2_h6_f2_s43_v1,cd907183301a189ddfcc195774dad58c8fa07d5b326d2ac29cf3636383dc681e,077b77572186c5f9d9893e3c98265d76a061cc7ec7c7da76d384cccbee2ffa0f,True,persistence,51584,17350,34640,73.28396772228638,119.92957137497905,0,,src.pilot_forecasters.Persistence,0.0,0.00035930000012740493,0.0068103999947197735,0.01280100000440143,2706038.5898046684,0.01997069999924861,0.015625,measured,0.8975461893764434,406.3119999999999,580.2719217667436,15616,203.15599999999995,-0.0024538106235566515,0.9442263279445727,498.0,703.0353413394918,16484,249.0,-0.005773672055427226,431.7421875,432.31640625,0.57421875,0.0008178999996744096,4251.6796875
bdg2,6,2,43,kWh per hour,360,smart_building_conformal/outputs/matched_forecasting005/bdg2_h6_f2_s43_v1,cd907183301a189ddfcc195774dad58c8fa07d5b326d2ac29cf3636383dc681e,077b77572186c5f9d9893e3c98265d76a061cc7ec7c7da76d384cccbee2ffa0f,True,xgboost,51584,17350,34640,34.24959597998653,66.89004498068873,0,,xgboost.sklearn.XGBRegressor,6.427927500000806,2.025735299990629,0.1628398000029847,0.3211594999884255,107859.1790099574,8.937662099982845,8.671875,measured,0.9079099307159353,176.23862402343724,323.8865528830091,15616,88.11931201171859,0.007909930715935265,0.9484699769053118,247.06861914062472,444.44990676477437,16484,123.5343095703123,-0.0015300230946881932,434.171875,547.6640625,113.4921875,0.005153199992491864,4217.66015625
bdg2,6,2,43,kWh per hour,360,smart_building_conformal/outputs/matched_forecasting005/bdg2_h6_f2_s43_v1,cd907183301a189ddfcc195774dad58c8fa07d5b326d2ac29cf3636383dc681e,077b77572186c5f9d9893e3c98265d76a061cc7ec7c7da76d384cccbee2ffa0f,True,attention_lstm,51584,17350,34640,40.14975309303125,76.80445089540677,0,7.0,src.attention_lstm.AttentionLSTM,194.0276326000021,50.9113578999968,0.6599244999961229,1.3960809999989579,24812.313898710647,246.994995999994,242.0625,measured,0.9083140877598153,201.8639169921875,366.89751064282575,15616,100.93195849609373,0.008314087759815236,0.954243648960739,287.7535937499998,505.5403163812719,16484,143.87679687499997,0.004243648960739033,538.63671875,651.87890625,113.2421875,0.004551899997750297,4136.3359375
pleia,1,2,43,degrees C,10,smart_building_conformal/outputs/matched_forecasting005/pleia_h1_f2_s43_v1,cd907183301a189ddfcc195774dad58c8fa07d5b326d2ac29cf3636383dc681e,006c7b08726fdfe876769e33b3062b900b78e677877db0102c7be60883189b03,True,persistence,14858,4953,9907,0.23937619864742102,0.3366736506882145,0,,src.pilot_forecasters.Persistence,0.0,0.00038529999437741935,0.0033561000018380582,0.005066599987912923,1955354.680384187,0.0088079999841284,0.015625,measured,0.9408499041082063,1.2000000000000028,1.5472292318562646,4459,0.6000000000000014,0.040849904108206325,0.9651761380841829,1.599999999999994,1.9044312102553733,4707,0.7999999999999972,0.015176138084182944,374.9765625,375.06640625,0.08984375,0.0012937999999849126,4341.42578125
pleia,1,2,43,degrees C,10,smart_building_conformal/outputs/matched_forecasting005/pleia_h1_f2_s43_v1,cd907183301a189ddfcc195774dad58c8fa07d5b326d2ac29cf3636383dc681e,006c7b08726fdfe876769e33b3062b900b78e677877db0102c7be60883189b03,True,xgboost,14858,4953,9907,2.289884834524432,2.691467848820989,0,,xgboost.sklearn.XGBRegressor,2.8076847000047565,0.6751154999947175,0.05424450000282377,0.10268959999666549,96475.20294481328,3.6397342999989633,3.59375,measured,0.2546684162713233,2.1529594421386733,28.899633950244716,4459,1.0764797210693366,-0.6453315837286767,0.32724336327848996,2.727000427246097,48.09584814418001,4707,1.3635002136230483,-0.62275663672151,372.578125,482.12109375,109.54296875,0.004483199998503551,4341.86328125
pleia,1,2,43,degrees C,10,smart_building_conformal/outputs/matched_forecasting005/pleia_h1_f2_s43_v1,cd907183301a189ddfcc195774dad58c8fa07d5b326d2ac29cf3636383dc681e,006c7b08726fdfe876769e33b3062b900b78e677877db0102c7be60883189b03,True,attention_lstm,14858,4953,9907,3.102227869801027,3.4921198483310514,0,28.0,src.attention_lstm.AttentionLSTM,151.60269299999345,58.7090690999903,0.19358250001096167,0.3982094999955734,24878.864015323914,210.9035540999903,205.953125,measured,0.2281215302311497,3.288228607177736,35.865988668447734,4459,1.644114303588868,-0.6718784697688504,0.29443827596648836,4.078415679931638,57.56652318735566,4707,2.039207839965819,-0.6555617240335117,478.828125,599.1796875,120.3515625,0.006054600002244115,4238.9765625
pleia,3,2,43,degrees C,30,smart_building_conformal/outputs/matched_forecasting005/pleia_h3_f2_s43_v1,cd907183301a189ddfcc195774dad58c8fa07d5b326d2ac29cf3636383dc681e,591cc9bc729f1568eb03adc14a89532c11b371bf24f5f2b6e51e6eb80bd8971b,True,persistence,14855,4952,9907,0.3915918037751086,0.5655364111359953,0,,src.pilot_forecasters.Persistence,0.0,0.0005720000044675544,0.0030055000097490847,0.004144300008192658,2390512.2651389497,0.0077218000224092975,0.0,measured,0.9363076612496215,2.0,2.665186231957202,4458,1.0,0.03630766124962148,0.9600282628444534,2.4000000000000057,3.2700918542444737,4706,1.2000000000000028,0.010028262844453462,368.12109375,368.21484375,0.09375,0.00079189999087248,4335.93359375
pleia,3,2,43,degrees C,30,smart_building_conformal/outputs/matched_forecasting005/pleia_h3_f2_s43_v1,cd907183301a189ddfcc195774dad58c8fa07d5b326d2ac29cf3636383dc681e,591cc9bc729f1568eb03adc14a89532c11b371bf24f5f2b6e51e6eb80bd8971b,True,xgboost,14855,4952,9907,3.319667929328509,3.6956747238295584,0,,xgboost.sklearn.XGBRegressor,2.9635307999997167,0.7321665000054054,0.0545540000020992,0.11749119999876712,84321.20873822004,3.8677425000059884,3.8125,measured,0.23407691531240538,3.9783088684082064,34.31631218388569,4458,1.989154434204103,-0.6659230846875946,0.31200161501968304,4.72201232910156,54.59111551793248,4706,2.36100616455078,-0.6379983849803169,369.62109375,480.4140625,110.79296875,0.006591299999854527,4327.0546875
pleia,3,2,43,degrees C,30,smart_building_conformal/outputs/matched_forecasting005/pleia_h3_f2_s43_v1,cd907183301a189ddfcc195774dad58c8fa07d5b326d2ac29cf3636383dc681e,591cc9bc729f1568eb03adc14a89532c11b371bf24f5f2b6e51e6eb80bd8971b,True,attention_lstm,14855,4952,9907,3.5752859793097294,3.914436126986378,0,18.0,src.attention_lstm.AttentionLSTM,127.47844429999532,37.01752100000158,0.2044049999967683,0.37909159999981057,26133.525512052893,165.07946189999348,160.234375,measured,0.23215907943878067,4.591982269287108,34.4771654432641,4458,2.295991134643554,-0.6678409205612194,0.300393661047744,5.441480255126953,52.73237168587474,4706,2.7207401275634773,-0.649606338952256,477.71875,604.70703125,126.98828125,0.00476860000344459,3982.01171875
pleia,6,2,43,degrees C,60,smart_building_conformal/outputs/matched_forecasting005/pleia_h6_f2_s43_v1,cd907183301a189ddfcc195774dad58c8fa07d5b326d2ac29cf3636383dc681e,12a21c7ab9474210c38718dc5d0ad8b0f6eeab8c5f54e8c84e545f094db17d5f,True,persistence,14850,4951,9907,0.5479458968406178,0.7817754844230004,0,,src.pilot_forecasters.Persistence,0.0,0.0011598999990383163,0.006405200008885004,0.004321900007198565,2292278.8550172104,0.011887000015121885,0.0,measured,0.9193499545775714,2.6000000000000014,3.6683355203391548,4457,1.3000000000000007,0.019349954577571382,0.95306349046129,3.2000000000000033,4.51422226708388,4705,1.6000000000000014,0.0030634904612900637,367.796875,367.90625,0.109375,0.0010411999974166974,4226.69140625
pleia,6,2,43,degrees C,60,smart_building_conformal/outputs/matched_forecasting005/pleia_h6_f2_s43_v1,cd907183301a189ddfcc195774dad58c8fa07d5b326d2ac29cf3636383dc681e,12a21c7ab9474210c38718dc5d0ad8b0f6eeab8c5f54e8c84e545f094db17d5f,True,xgboost,14850,4951,9907,4.518625914524671,4.940293577016207,0,,xgboost.sklearn.XGBRegressor,2.8505593000008957,0.7025083999906201,0.04936439999437425,0.10163809999357909,97473.29004207937,3.704070199979469,3.609375,measured,0.2433632784899566,5.993245697021484,41.805766577550735,4457,2.996622848510743,-0.6566367215100435,0.32572928232562837,6.950659942626955,64.89765624006561,4705,3.475329971313478,-0.6242707176743716,371.8046875,481.28125,109.4765625,0.004934799988404848,4192.390625
pleia,6,2,43,degrees C,60,smart_building_conformal/outputs/matched_forecasting005/pleia_h6_f2_s43_v1,cd907183301a189ddfcc195774dad58c8fa07d5b326d2ac29cf3636383dc681e,12a21c7ab9474210c38718dc5d0ad8b0f6eeab8c5f54e8c84e545f094db17d5f,True,attention_lstm,14850,4951,9907,4.644988419538648,4.948151953795947,0,9.0,src.attention_lstm.AttentionLSTM,78.7080130999966,18.78419920000306,0.19617049999942537,0.39932099998986814,24809.61432093821,98.08770379998896,95.953125,measured,0.19612395276067426,6.348213195800781,40.08319898247057,4457,3.1741065979003906,-0.7038760472393257,0.2692035934187948,7.287944793701172,60.32703394537024,4705,3.643972396850586,-0.6807964065812051,476.0859375,604.79296875,128.70703125,0.004728500003693625,4096.29296875
pleia_energy,1,2,44,kWh per 10 minutes,10,smart_building_conformal/outputs/matched_forecasting005/pleia_energy_h1_f2_s44_v1,cd907183301a189ddfcc195774dad58c8fa07d5b326d2ac29cf3636383dc681e,7305c5b5c944d7ca23477856f743db6c5d3fc66016caca920440b0e349553e29,True,persistence,14858,4953,9907,0.12760863530836783,0.24188010063684087,0,,src.pilot_forecasters.Persistence,0.0,0.0004659999976865947,0.0025408999936189502,0.003745199996046722,2645252.5927740624,0.006752099987352267,0.0,measured,0.5603108912889876,0.078125,2.097025777228223,4459,0.0390625,-0.33968910871101243,0.6428787725850409,0.125,3.783587362470977,4707,0.0625,-0.30712122741495906,366.14453125,366.23046875,0.0859375,0.0005923999997321516,3822.5625
pleia_energy,1,2,44,kWh per 10 minutes,10,smart_building_conformal/outputs/matched_forecasting005/pleia_energy_h1_f2_s44_v1,cd907183301a189ddfcc195774dad58c8fa07d5b326d2ac29cf3636383dc681e,7305c5b5c944d7ca23477856f743db6c5d3fc66016caca920440b0e349553e29,True,xgboost,14858,4953,9907,0.12417583149578902,0.21421679296037713,0,,xgboost.sklearn.XGBRegressor,3.0026864999963436,0.6830870000121649,0.08257660000526812,0.10680769999453332,92755.4848621126,3.87515780000831,3.796875,measured,0.6836580195821137,0.23706039786338806,1.4594009115042088,4459,0.11853019893169403,-0.21634198041788633,0.787221156757848,0.3861774206161499,2.0495656989676503,4707,0.19308871030807495,-0.16277884324215197,364.08984375,476.6875,112.59765625,0.005177800005185418,3835.42578125
pleia_energy,1,2,44,kWh per 10 minutes,10,smart_building_conformal/outputs/matched_forecasting005/pleia_energy_h1_f2_s44_v1,cd907183301a189ddfcc195774dad58c8fa07d5b326d2ac29cf3636383dc681e,7305c5b5c944d7ca23477856f743db6c5d3fc66016caca920440b0e349553e29,True,attention_lstm,14858,4953,9907,0.12573126795627135,0.22250128127990207,0,8.0,src.attention_lstm.AttentionLSTM,86.31568709999556,17.626809800000046,0.19752539999899454,0.381405399995856,25974.98619607284,104.52142769999045,101.65625,measured,0.49318663571212273,0.11314880847930908,1.7843259784760672,4459,0.05657440423965454,-0.4068133642878773,0.5811042697082871,0.14725005626678467,3.1765613939153954,4707,0.07362502813339233,-0.36889573029171285,473.81640625,589.828125,116.01171875,0.006328799994662404,4128.98046875
pleia_energy,3,2,44,kWh per 10 minutes,30,smart_building_conformal/outputs/matched_forecasting005/pleia_energy_h3_f2_s44_v1,cd907183301a189ddfcc195774dad58c8fa07d5b326d2ac29cf3636383dc681e,7005585684404ffcda0b1dfc1efe74e1c1f8f20f66456d7cf8b530c192a57eff,True,persistence,14855,4952,9907,0.13126135560714647,0.257541502923049,0,,src.pilot_forecasters.Persistence,0.0,0.0003922000032616779,0.002562900001066737,0.0044329000083962455,2234880.096829479,0.00738800001272466,0.03125,measured,0.5711113354194004,0.078125,2.1860568915918046,4458,0.0390625,-0.3288886645805996,0.6392449782981731,0.125,3.9634475623296628,4706,0.0625,-0.3107550217018269,363.890625,363.96484375,0.07421875,0.0006104999920353293,4076.65625
pleia_energy,3,2,44,kWh per 10 minutes,30,smart_building_conformal/outputs/matched_forecasting005/pleia_energy_h3_f2_s44_v1,cd907183301a189ddfcc195774dad58c8fa07d5b326d2ac29cf3636383dc681e,7005585684404ffcda0b1dfc1efe74e1c1f8f20f66456d7cf8b530c192a57eff,True,xgboost,14855,4952,9907,0.12048123149249969,0.22580041940214277,0,,xgboost.sklearn.XGBRegressor,2.777250400002231,0.7059333999932278,0.07128479999664705,0.10245550000399817,96695.63859054315,3.656924099996104,3.5625,measured,0.7304935903906329,0.26035797595977783,1.4276504947768098,4458,0.13017898797988892,-0.16950640960936714,0.7855051983446049,0.3433857858181,2.279570917660476,4706,0.17169289290905,-0.1644948016553951,364.80859375,476.6171875,111.80859375,0.004457700008060783,4072.8125
pleia_energy,3,2,44,kWh per 10 minutes,30,smart_building_conformal/outputs/matched_forecasting005/pleia_energy_h3_f2_s44_v1,cd907183301a189ddfcc195774dad58c8fa07d5b326d2ac29cf3636383dc681e,7005585684404ffcda0b1dfc1efe74e1c1f8f20f66456d7cf8b530c192a57eff,True,attention_lstm,14855,4952,9907,0.14363490562933756,0.24558303206076962,0,5.0,src.attention_lstm.AttentionLSTM,57.05709859999479,10.890947799998685,0.20740630000364035,0.38474690000293776,25749.39525159099,68.54019960000005,67.015625,measured,0.552538609064298,0.18830132484436035,1.727007078934332,4458,0.09415066242218018,-0.34746139093570205,0.6464116281417179,0.2337471842765808,2.948904772735908,4706,0.1168735921382904,-0.303588371858282,475.0390625,596.40625,121.3671875,0.004386500004329719,3974.02734375
pleia_energy,6,2,44,kWh per 10 minutes,60,smart_building_conformal/outputs/matched_forecasting005/pleia_energy_h6_f2_s44_v1,cd907183301a189ddfcc195774dad58c8fa07d5b326d2ac29cf3636383dc681e,5d84a3cdb1f24e4bae241c0a4e3a47bf0400815a82460b134e1a6e358a87472e,True,persistence,14850,4951,9907,0.12998936988997678,0.25754481604675455,0,,src.pilot_forecasters.Persistence,0.0,0.0005545999883906916,0.0026556999946478754,0.004622099993866868,2143398.025387971,0.007832399976905435,0.015625,measured,0.5607146462097506,0.078125,2.156516541334411,4457,0.0390625,-0.3392853537902494,0.6406581205208438,0.125,3.899036035126675,4705,0.0625,-0.30934187947915615,364.734375,364.828125,0.09375,0.0007738999993307516,4215.66796875
pleia_energy,6,2,44,kWh per 10 minutes,60,smart_building_conformal/outputs/matched_forecasting005/pleia_energy_h6_f2_s44_v1,cd907183301a189ddfcc195774dad58c8fa07d5b326d2ac29cf3636383dc681e,5d84a3cdb1f24e4bae241c0a4e3a47bf0400815a82460b134e1a6e358a87472e,True,xgboost,14850,4951,9907,0.12891213605305413,0.24450573261577294,0,,xgboost.sklearn.XGBRegressor,2.8231430999876466,0.721464800008107,0.0494843999913428,0.09339220001129434,106079.5226882106,3.6874844999983907,3.609375,measured,0.6325830221055819,0.15741682052612305,1.7849850063910215,4457,0.07870841026306152,-0.2674169778944181,0.7052589078429393,0.2293204963207245,3.010205664746126,4705,0.11466024816036224,-0.24474109215706064,368.1328125,477.203125,109.0703125,0.004294900005334057,4203.84375
pleia_energy,6,2,44,kWh per 10 minutes,60,smart_building_conformal/outputs/matched_forecasting005/pleia_energy_h6_f2_s44_v1,cd907183301a189ddfcc195774dad58c8fa07d5b326d2ac29cf3636383dc681e,5d84a3cdb1f24e4bae241c0a4e3a47bf0400815a82460b134e1a6e358a87472e,True,attention_lstm,14850,4951,9907,0.1482799730400054,0.26174505106155915,0,4.0,src.attention_lstm.AttentionLSTM,52.5384408999962,8.350724399992032,0.1885167000000365,0.3932974000053946,25189.589353664967,61.47097939999367,60.734375,measured,0.5812052084384779,0.20716702938079834,1.7847461006626226,4457,0.10358351469039917,-0.31879479156152213,0.6838598970424952,0.27022701501846313,2.9654084210187865,4705,0.13511350750923157,-0.2661401029575048,475.66015625,598.9921875,123.33203125,0.0042575999977998435,4069.13671875
rico,5,2,44,degrees C,5,smart_building_conformal/outputs/matched_forecasting005/rico_h5_f2_s44_v1,cd907183301a189ddfcc195774dad58c8fa07d5b326d2ac29cf3636383dc681e,6e0a75894df5a2ec4fa8ed9012956025089b82b4d04a42a051dc20244c9643c2,True,persistence,12932,4452,8692,0.07447077772664519,0.12451008457023498,0,,src.pilot_forecasters.Persistence,0.0,0.0004422999918460846,0.003453600002103485,0.004591800010530278,1892939.5836201098,0.008487700004479848,0.015625,measured,0.9282098481362172,0.3999999999999986,0.6013345605154169,4008,0.1999999999999993,0.028209848136217186,0.9723884031293143,0.6000000000000014,0.7808559595029918,4231,0.3000000000000007,0.022388403129314338,416.1875,416.296875,0.109375,0.0007274000090546906,4192.68359375
rico,5,2,44,degrees C,5,smart_building_conformal/outputs/matched_forecasting005/rico_h5_f2_s44_v1,cd907183301a189ddfcc195774dad58c8fa07d5b326d2ac29cf3636383dc681e,6e0a75894df5a2ec4fa8ed9012956025089b82b4d04a42a051dc20244c9643c2,True,xgboost,12932,4452,8692,0.2889231949537183,0.44265922729432006,1,,xgboost.sklearn.XGBRegressor,3.344610799991642,1.2744161000009626,0.0877191000035964,0.15365279999969061,56569.096040016855,4.860398799995892,4.671875,measured,0.446617579383341,0.3372200012207003,3.60354685285265,4008,0.16861000061035014,-0.453382420616659,0.6022779567418316,0.5208442687988253,5.297879300422526,4231,0.26042213439941264,-0.34772204325816836,422.0703125,528.6328125,106.5625,0.005455499995150603,4172.59765625
rico,5,2,44,degrees C,5,smart_building_conformal/outputs/matched_forecasting005/rico_h5_f2_s44_v1,cd907183301a189ddfcc195774dad58c8fa07d5b326d2ac29cf3636383dc681e,6e0a75894df5a2ec4fa8ed9012956025089b82b4d04a42a051dc20244c9643c2,True,attention_lstm,12932,4452,8692,2.7520012263926943,2.9923127390267306,0,18.0,src.attention_lstm.AttentionLSTM,86.84323980000045,34.284020900013275,0.19246839999686927,0.37537809999776073,23155.319929563953,121.69510720000835,119.59375,measured,0.05050621260929591,1.4559997558593736,42.40996272091049,4008,0.7279998779296868,-0.8494937873907041,0.05878969167050161,1.6327125549316435,80.19769451669751,4231,0.8163562774658217,-0.8912103083294983,517.42578125,621.4609375,104.03515625,0.004769700011820532,4081.375
rico,15,2,44,degrees C,15,smart_building_conformal/outputs/matched_forecasting005/rico_h15_f2_s44_v1,cd907183301a189ddfcc195774dad58c8fa07d5b326d2ac29cf3636383dc681e,01fd3965e400bdbca1098dcdcbf99395ee6b446384d55833c260e9b9f41206df,True,persistence,12322,4242,8282,0.20938179183772038,0.33076021266260025,0,,src.pilot_forecasters.Persistence,0.0,0.0004304000030970201,0.0027092000091215596,0.004994400005671196,1658257.246234923,0.008134000017889775,0.015625,measured,0.9153586090316349,1.0,1.658295097802463,3819,0.5,0.015358609031634884,0.9629316590195605,1.6000000000000014,2.1462448683892776,4031,0.8000000000000007,0.012931659019560504,412.9140625,413.0234375,0.109375,0.0006285999988904223,4248.30859375
rico,15,2,44,degrees C,15,smart_building_conformal/outputs/matched_forecasting005/rico_h15_f2_s44_v1,cd907183301a189ddfcc195774dad58c8fa07d5b326d2ac29cf3636383dc681e,01fd3965e400bdbca1098dcdcbf99395ee6b446384d55833c260e9b9f41206df,True,xgboost,12322,4242,8282,0.39138907759813146,0.567323996636243,0,,xgboost.sklearn.XGBRegressor,3.355110299991793,0.8202407999924617,0.07276409999758471,0.14570639999874402,56840.33096742072,4.393821599980583,4.1875,measured,0.6580536102390727,0.8023406982421903,3.660464461878623,3819,0.40117034912109517,-0.2419463897609273,0.7327940111084279,1.030574035644534,5.386205442272429,4031,0.515287017822267,-0.21720598889157205,417.9140625,523.3984375,105.484375,0.00487750000320375,4237.7109375
rico,15,2,44,degrees C,15,smart_building_conformal/outputs/matched_forecasting005/rico_h15_f2_s44_v1,cd907183301a189ddfcc195774dad58c8fa07d5b326d2ac29cf3636383dc681e,01fd3965e400bdbca1098dcdcbf99395ee6b446384d55833c260e9b9f41206df,True,attention_lstm,12322,4242,8282,2.8905310632410446,3.1733548159617446,0,16.0,src.attention_lstm.AttentionLSTM,98.75346659999923,29.10740190000797,0.17297339999640826,0.33749940000416245,24539.30288438396,128.37134130000777,125.890625,measured,0.06049263462931659,1.382209014892581,45.939881267238995,3819,0.6911045074462905,-0.8395073653706835,0.06737503018594543,1.5453124999999943,87.60710618867303,4031,0.7726562499999972,-0.8826249698140545,515.3125,621.25390625,105.94140625,0.004219700000248849,4119.6796875
rico,30,2,44,degrees C,30,smart_building_conformal/outputs/matched_forecasting005/rico_h30_f2_s44_v1,cd907183301a189ddfcc195774dad58c8fa07d5b326d2ac29cf3636383dc681e,d77ff883b70c530d7ef4a845d9f8bb9579906f566e5c281d2756cae0377e97b9,True,persistence,11407,3927,7667,0.38969610016955786,0.5994280130858491,0,,src.pilot_forecasters.Persistence,0.0,0.0006525999924633652,0.0035483999963616952,0.004854600003454834,1579326.8229192288,0.009055599992279895,0.0,measured,0.921612103821573,2.0,3.0014347202295553,3536,1.0,0.02161210382157297,0.9641319942611191,3.0,3.8623972870744745,3732,1.5,0.014131994261119107,407.18359375,407.421875,0.23828125,0.0007274999952642247,4245.96484375
rico,30,2,44,degrees C,30,smart_building_conformal/outputs/matched_forecasting005/rico_h30_f2_s44_v1,cd907183301a189ddfcc195774dad58c8fa07d5b326d2ac29cf3636383dc681e,d77ff883b70c530d7ef4a845d9f8bb9579906f566e5c281d2756cae0377e97b9,True,xgboost,11407,3927,7667,0.7140483563643197,0.9806796716752199,1,,xgboost.sklearn.XGBRegressor,3.189616899995599,1.200198399994406,0.0731833000027109,0.13711229999898933,55917.667489032814,4.600110899991705,4.421875,measured,0.6224077214034173,1.3234703063964872,6.765032784345169,3536,0.6617351531982436,-0.27759227859658275,0.7980957349680449,2.24427947998047,7.934294730251507,3732,1.122139739990235,-0.1519042650319551,413.49609375,521.56640625,108.0703125,0.005477200000314042,4200.55859375
rico,30,2,44,degrees C,30,smart_building_conformal/outputs/matched_forecasting005/rico_h30_f2_s44_v1,cd907183301a189ddfcc195774dad58c8fa07d5b326d2ac29cf3636383dc681e,d77ff883b70c530d7ef4a845d9f8bb9579906f566e5c281d2756cae0377e97b9,True,attention_lstm,11407,3927,7667,2.6646460785771873,2.969485774770644,0,23.0,src.attention_lstm.AttentionLSTM,90.50614370001131,38.57568929999252,0.169057300008717,0.3291951999999583,23290.133027459004,129.5800855000125,127.046875,measured,0.09534368070953436,1.6830032348632784,39.171068092466626,3536,0.8415016174316392,-0.8046563192904657,0.10173470718664405,1.8938499450683608,73.06946274934131,3732,0.9469249725341804,-0.8482652928133559,510.55078125,619.58984375,109.0390625,0.004128900007344782,4100.95703125
rico,60,2,44,degrees C,60,smart_building_conformal/outputs/matched_forecasting005/rico_h60_f2_s44_v1,cd907183301a189ddfcc195774dad58c8fa07d5b326d2ac29cf3636383dc681e,01b0ab222def6a097a71173f162a9d0a123cee2401f80ab01e645ea937b84d41,True,persistence,9577,3297,6437,0.7156750038837967,1.041377894828978,0,,src.pilot_forecasters.Persistence,0.0,0.0004189000028418377,0.0024304999969899654,0.0032549000025028363,1977633.7199454075,0.006104300002334639,0.0,measured,0.924188286468852,3.6000000000000014,5.100388379679974,2969,1.8000000000000007,0.02418828646885196,0.9608513282585055,5.0,6.397545440422556,3134,2.5,0.010851328258505544,405.140625,405.28125,0.140625,0.0007452999998349696,3990.765625
rico,60,2,44,degrees C,60,smart_building_conformal/outputs/matched_forecasting005/rico_h60_f2_s44_v1,cd907183301a189ddfcc195774dad58c8fa07d5b326d2ac29cf3636383dc681e,01b0ab222def6a097a71173f162a9d0a123cee2401f80ab01e645ea937b84d41,True,xgboost,9577,3297,6437,1.281844045435473,1.8903703841604178,0,,xgboost.sklearn.XGBRegressor,3.5793348000006517,0.8714975000038976,0.061376300000119954,0.15593760000774637,41279.33224366821,4.668146200012416,4.578125,measured,0.6381854901351561,2.7330924987792993,11.550884400670412,2969,1.3665462493896499,-0.2618145098648439,0.8855056703433276,5.1808181762695265,11.397255344933118,3134,2.590409088134763,-0.06449432965667234,408.91796875,515.8671875,106.94921875,0.007337799994274974,4025.66796875
rico,60,2,44,degrees C,60,smart_building_conformal/outputs/matched_forecasting005/rico_h60_f2_s44_v1,cd907183301a189ddfcc195774dad58c8fa07d5b326d2ac29cf3636383dc681e,01b0ab222def6a097a71173f162a9d0a123cee2401f80ab01e645ea937b84d41,True,attention_lstm,9577,3297,6437,2.5098706116675586,2.928313333282194,0,10.0,src.attention_lstm.AttentionLSTM,50.72868299999391,14.423177999997279,0.13625080000201706,0.28092319999996107,22913.735853788123,65.56903499999316,63.96875,measured,0.2024234892030449,2.3768363952636733,31.62038951066037,2969,1.1884181976318366,-0.6975765107969552,0.24825229144011185,2.8778091430664006,53.59170256942555,3134,1.4389045715332003,-0.7017477085598881,513.46484375,611.1484375,97.68359375,0.004314400008297525,3441.76171875
bdg2,1,2,44,kWh per hour,60,smart_building_conformal/outputs/matched_forecasting005/bdg2_h1_f2_s44_v1,cd907183301a189ddfcc195774dad58c8fa07d5b326d2ac29cf3636383dc681e,e7988effe69158185667915053b64a81aacdfba8f19abf3f913ea7b779a2aa11,True,persistence,51664,17370,34640,20.987969087759815,41.67140770234165,0,,src.pilot_forecasters.Persistence,0.0,0.0005055999936303124,0.007012299989582971,0.011606199986999854,2984611.6764143636,0.019124099970213138,0.03125,measured,0.894919168591224,115.80600000000072,207.41386443418008,15634,57.90300000000036,-0.005080831408776021,0.9467667436489607,165.40000000000003,273.690915473441,16503,82.69999999999999,-0.0032332563510392154,433.359375,434.18359375,0.82421875,0.0006671000010101125,3548.9296875
bdg2,1,2,44,kWh per hour,60,smart_building_conformal/outputs/matched_forecasting005/bdg2_h1_f2_s44_v1,cd907183301a189ddfcc195774dad58c8fa07d5b326d2ac29cf3636383dc681e,e7988effe69158185667915053b64a81aacdfba8f19abf3f913ea7b779a2aa11,True,xgboost,51664,17370,34640,17.658105629844663,34.7969887491396,1,,xgboost.sklearn.XGBRegressor,6.267910799986566,2.5021596000005957,0.20047180000983644,0.3952406000025803,87642.81807024342,9.365782799999579,9.125,measured,0.9021651270207852,93.04669775390632,171.48683920934565,15634,46.52334887695315,0.002165127020785196,0.9491050808314088,136.5835107421874,231.17632592464022,16503,68.2917553710937,-0.0008949191685911906,433.859375,552.34765625,118.48828125,0.007468499999959022,4176.05078125
bdg2,1,2,44,kWh per hour,60,smart_building_conformal/outputs/matched_forecasting005/bdg2_h1_f2_s44_v1,cd907183301a189ddfcc195774dad58c8fa07d5b326d2ac29cf3636383dc681e,e7988effe69158185667915053b64a81aacdfba8f19abf3f913ea7b779a2aa11,True,attention_lstm,51664,17370,34640,19.09463833441331,35.917441042667775,0,28.0,src.attention_lstm.AttentionLSTM,533.4839202000003,212.3277764999948,0.6631092999887187,1.3678889000002528,25323.694051463975,747.842694899984,728.328125,measured,0.8965069284064665,95.48613525390624,176.2896792719958,15634,47.74306762695312,-0.0034930715935335144,0.946824480369515,138.217396484375,235.71867635512137,16503,69.10869824218747,-0.003175519630484902,540.89453125,653.6640625,112.76953125,0.01993189999484457,4074.5234375
bdg2,3,2,44,kWh per hour,180,smart_building_conformal/outputs/matched_forecasting005/bdg2_h3_f2_s44_v1,cd907183301a189ddfcc195774dad58c8fa07d5b326d2ac29cf3636383dc681e,1c272b5857ac435b4dc16a2df23f54cc875cd939040fe756c81d6838e1cc680f,True,persistence,51634,17360,34640,42.80348447459585,78.69880137930757,0,,src.pilot_forecasters.Persistence,0.0,0.0005004999984521419,0.007029500004136935,0.012976799989701249,2669379.201921219,0.020506799992290325,0.015625,measured,0.8978348729792148,250.0,402.0599384526559,15625,125.0,-0.002165127020785196,0.9459872979214781,344.19999999999993,504.7519927251731,16493,172.1,-0.00401270207852189,431.9609375,432.29296875,0.33203125,0.0006723999977111816,4237.8515625
bdg2,3,2,44,kWh per hour,180,smart_building_conformal/outputs/matched_forecasting005/bdg2_h3_f2_s44_v1,cd907183301a189ddfcc195774dad58c8fa07d5b326d2ac29cf3636383dc681e,1c272b5857ac435b4dc16a2df23f54cc875cd939040fe756c81d6838e1cc680f,True,xgboost,51634,17360,34640,28.631108526298345,54.347339291416304,0,,xgboost.sklearn.XGBRegressor,6.355394099999103,2.035436500009382,0.17482260000542738,0.29817609999736305,116172.95953735508,8.863829300011275,8.46875,measured,0.9061200923787529,147.27532958984375,266.3599762443684,15625,73.63766479492188,0.006120092378752884,0.948729792147806,208.6229492187499,361.43528344921424,16493,104.31147460937501,-0.0012702078521940052,435.3515625,557.35546875,122.00390625,0.004665799991926178,4234.34375
bdg2,3,2,44,kWh per hour,180,smart_building_conformal/outputs/matched_forecasting005/bdg2_h3_f2_s44_v1,cd907183301a189ddfcc195774dad58c8fa07d5b326d2ac29cf3636383dc681e,1c272b5857ac435b4dc16a2df23f54cc875cd939040fe756c81d6838e1cc680f,True,attention_lstm,51634,17360,34640,33.40862848956101,64.60586569125029,0,22.0,src.attention_lstm.AttentionLSTM,379.2760275000037,164.28734670000267,0.7026669999904698,1.4243972999975085,24319.057611286255,545.6904384999943,531.203125,measured,0.9066685912240184,169.59524536132812,314.8075102820698,15625,84.79762268066406,0.006668591224018416,0.9500288683602771,241.45998632812507,432.6068431583113,16493,120.72999316406253,2.8868360277156668e-05,537.36328125,652.70703125,115.34375,0.0052900000009685755,4059.625
bdg2,6,2,44,kWh per hour,360,smart_building_conformal/outputs/matched_forecasting005/bdg2_h6_f2_s44_v1,cd907183301a189ddfcc195774dad58c8fa07d5b326d2ac29cf3636383dc681e,6dfe0e0bfd3dc2f5fff2b69f9b2dbbe2d7192a01735568515ad77c163d63c11a,True,persistence,51584,17350,34640,73.28396772228638,119.92957137497905,0,,src.pilot_forecasters.Persistence,0.0,0.0005563000013353303,0.008035300008486956,0.012835000001359731,2698870.27630154,0.021426600011182018,0.03125,measured,0.8975461893764434,406.3119999999999,580.2719217667436,15616,203.15599999999995,-0.0024538106235566515,0.9442263279445727,498.0,703.0353413394918,16484,249.0,-0.005773672055427226,427.95703125,428.6875,0.73046875,0.0008010000019567087,5336.046875
bdg2,6,2,44,kWh per hour,360,smart_building_conformal/outputs/matched_forecasting005/bdg2_h6_f2_s44_v1,cd907183301a189ddfcc195774dad58c8fa07d5b326d2ac29cf3636383dc681e,6dfe0e0bfd3dc2f5fff2b69f9b2dbbe2d7192a01735568515ad77c163d63c11a,True,xgboost,51584,17350,34640,34.25585779488397,67.08716617656066,0,,xgboost.sklearn.XGBRegressor,6.317276100002346,2.052979200001573,0.15322079999896232,0.31717500000377186,109214.15622160655,8.840651100006653,8.609375,measured,0.9071882217090069,175.28107470703117,324.3422174264534,15616,87.64053735351558,0.007188221709006903,0.9498845265588914,249.7030351562499,445.4872593932327,16484,124.85151757812503,-0.00011547344110851565,432.2890625,547.41796875,115.12890625,0.004823299997951835,5307.39453125
bdg2,6,2,44,kWh per hour,360,smart_building_conformal/outputs/matched_forecasting005/bdg2_h6_f2_s44_v1,cd907183301a189ddfcc195774dad58c8fa07d5b326d2ac29cf3636383dc681e,6dfe0e0bfd3dc2f5fff2b69f9b2dbbe2d7192a01735568515ad77c163d63c11a,True,attention_lstm,51584,17350,34640,42.33778631787307,77.7112971860644,0,6.0,src.attention_lstm.AttentionLSTM,205.01407490001293,43.86285990000761,0.7432627999951364,1.4773475999973016,23447.42699691208,251.09754520001297,246.3125,measured,0.9000288683602772,202.3197021484375,373.93827824034656,15616,101.15985107421875,2.8868360277156668e-05,0.9506639722863741,287.867451171875,509.3784083618162,16484,143.9337255859375,0.0006639722863741593,536.08984375,656.03515625,119.9453125,0.004682200000388548,5155.90625
pleia,1,2,44,degrees C,10,smart_building_conformal/outputs/matched_forecasting005/pleia_h1_f2_s44_v1,cd907183301a189ddfcc195774dad58c8fa07d5b326d2ac29cf3636383dc681e,556741a9a18d9a9f8ebb1031f0e532e5233caa8c07bcda907c7ae3ae195edb7f,True,persistence,14858,4953,9907,0.23937619864742102,0.3366736506882145,0,,src.pilot_forecasters.Persistence,0.0,0.0006456999981310219,0.0025375999975949526,0.003860899989376776,2565982.0319767417,0.00704419998510275,0.0,measured,0.9408499041082063,1.2000000000000028,1.5472292318562646,4459,0.6000000000000014,0.040849904108206325,0.9651761380841829,1.599999999999994,1.9044312102553733,4707,0.7999999999999972,0.015176138084182944,368.9296875,369.01171875,0.08203125,0.0007122999959392473,5139.09375
pleia,1,2,44,degrees C,10,smart_building_conformal/outputs/matched_forecasting005/pleia_h1_f2_s44_v1,cd907183301a189ddfcc195774dad58c8fa07d5b326d2ac29cf3636383dc681e,556741a9a18d9a9f8ebb1031f0e532e5233caa8c07bcda907c7ae3ae195edb7f,True,xgboost,14858,4953,9907,2.1031593262300947,2.4771971847891163,0,,xgboost.sklearn.XGBRegressor,2.9958107999991626,0.7242226999951527,0.054347500001313165,0.11124630000267643,89054.64720859616,3.885627299998305,3.734375,measured,0.2693045321489856,2.1098129272460966,25.6277101660925,4459,1.0549064636230483,-0.6306954678510144,0.3515695972544665,2.6714607238769545,41.96926949646293,4707,1.3357303619384773,-0.5984304027455334,370.9453125,481.15625,110.2109375,0.004730500004370697,5351.3515625
pleia,1,2,44,degrees C,10,smart_building_conformal/outputs/matched_forecasting005/pleia_h1_f2_s44_v1,cd907183301a189ddfcc195774dad58c8fa07d5b326d2ac29cf3636383dc681e,556741a9a18d9a9f8ebb1031f0e532e5233caa8c07bcda907c7ae3ae195edb7f,True,attention_lstm,14858,4953,9907,3.205631897135918,3.608646977532667,0,29.0,src.attention_lstm.AttentionLSTM,156.66119790000084,61.446871500011184,0.19782089999353047,0.37794960000610445,26212.48970719902,218.68383990001166,214.0,measured,0.20288684768345613,3.28509521484375,37.557005122461895,4459,1.642547607421875,-0.6971131523165439,0.2821237508832139,4.27587890625,57.795142920284086,4707,2.137939453125,-0.667876249116786,478.57421875,599.7578125,121.18359375,0.004669100002502091,5238.0625
pleia,3,2,44,degrees C,30,smart_building_conformal/outputs/matched_forecasting005/pleia_h3_f2_s44_v1,cd907183301a189ddfcc195774dad58c8fa07d5b326d2ac29cf3636383dc681e,b7e3fa5ed8095f5fd84d9934e8cfc8e570437f6da1fa9ab9bb67e1ef8b940f33,True,persistence,14855,4952,9907,0.3915918037751086,0.5655364111359953,0,,src.pilot_forecasters.Persistence,0.0,0.0005481000116560608,0.002665099993464537,0.008073500008322299,1227101.0082105282,0.011286700013442896,0.015625,measured,0.9363076612496215,2.0,2.665186231957202,4458,1.0,0.03630766124962148,0.9600282628444534,2.4000000000000057,3.2700918542444737,4706,1.2000000000000028,0.010028262844453462,373.97265625,374.05859375,0.0859375,0.0008830999868223444,5322.06640625
pleia,3,2,44,degrees C,30,smart_building_conformal/outputs/matched_forecasting005/pleia_h3_f2_s44_v1,cd907183301a189ddfcc195774dad58c8fa07d5b326d2ac29cf3636383dc681e,b7e3fa5ed8095f5fd84d9934e8cfc8e570437f6da1fa9ab9bb67e1ef8b940f33,True,xgboost,14855,4952,9907,3.33136218536799,3.7371345726578644,0,,xgboost.sklearn.XGBRegressor,2.9980005999968853,0.720914499994251,0.05547230000956915,0.09815780000644736,100929.3199251539,3.8725452000071527,3.78125,measured,0.2484102149994953,3.930916595458981,35.21342992061588,4458,1.9654582977294908,-0.6515897850005047,0.31967295851418187,4.665321350097656,56.71252726574792,4706,2.332660675048828,-0.6303270414858181,370.9609375,483.5625,112.6015625,0.004488000005949289,5313.94921875
pleia,3,2,44,degrees C,30,smart_building_conformal/outputs/matched_forecasting005/pleia_h3_f2_s44_v1,cd907183301a189ddfcc195774dad58c8fa07d5b326d2ac29cf3636383dc681e,b7e3fa5ed8095f5fd84d9934e8cfc8e570437f6da1fa9ab9bb67e1ef8b940f33,True,attention_lstm,14855,4952,9907,3.604774028631372,3.95796708603119,0,22.0,src.attention_lstm.AttentionLSTM,137.81552819999342,47.15958130000217,0.1997886000026483,0.42857410000578966,23116.18924210811,185.60347220000403,181.765625,measured,0.2078328454628041,4.265376281738284,37.51039558704052,4458,2.132688140869142,-0.6921671545371959,0.2694054708791763,5.093133544921875,59.00057643660498,4706,2.546566772460938,-0.6805945291208236,479.66015625,603.38671875,123.7265625,0.0058723000111058354,5214.609375
pleia,6,2,44,degrees C,60,smart_building_conformal/outputs/matched_forecasting005/pleia_h6_f2_s44_v1,cd907183301a189ddfcc195774dad58c8fa07d5b326d2ac29cf3636383dc681e,525531103bdd604f7fcaff1fd54d3b905c82394b6ab9d0a9f351f372258537df,True,persistence,14850,4951,9907,0.5479458968406178,0.7817754844230004,0,,src.pilot_forecasters.Persistence,0.0,0.0003952000115532428,0.002595300000393763,0.003680500012706034,2691753.8285011505,0.00667100002465304,0.015625,measured,0.9193499545775714,2.6000000000000014,3.6683355203391548,4457,1.3000000000000007,0.019349954577571382,0.95306349046129,3.2000000000000033,4.51422226708388,4705,1.6000000000000014,0.0030634904612900637,374.2265625,374.31640625,0.08984375,0.0008868000004440546,5284.8671875
pleia,6,2,44,degrees C,60,smart_building_conformal/outputs/matched_forecasting005/pleia_h6_f2_s44_v1,cd907183301a189ddfcc195774dad58c8fa07d5b326d2ac29cf3636383dc681e,525531103bdd604f7fcaff1fd54d3b905c82394b6ab9d0a9f351f372258537df,True,xgboost,14850,4951,9907,4.378758664919074,4.789704498353539,0,,xgboost.sklearn.XGBRegressor,2.95968780000112,0.707056700004614,0.05362079999758862,0.10372040000220295,95516.4075706378,3.8240857000055257,3.765625,measured,0.24699707277682448,5.8172218322753935,40.46334559420493,4457,2.9086109161376967,-0.6530029272231755,0.33037246391440395,6.747196960449217,62.81865643252634,4705,3.373598480224608,-0.6196275360855961,370.9609375,481.7734375,110.8125,0.00547970000479836,5284.09765625
pleia,6,2,44,degrees C,60,smart_building_conformal/outputs/matched_forecasting005/pleia_h6_f2_s44_v1,cd907183301a189ddfcc195774dad58c8fa07d5b326d2ac29cf3636383dc681e,525531103bdd604f7fcaff1fd54d3b905c82394b6ab9d0a9f351f372258537df,True,attention_lstm,14850,4951,9907,4.873976859072209,5.178822731083383,0,9.0,src.attention_lstm.AttentionLSTM,84.26128360000439,19.491034300008323,0.19657860000734217,0.3694182000035653,26817.84492454456,104.31831470002362,102.328125,measured,0.19279297466437872,6.604886627197265,42.32566096963417,4457,3.3024433135986335,-0.7072070253356213,0.2508327445240739,7.4931640625,65.1189656856864,4705,3.74658203125,-0.6991672554759261,479.453125,593.296875,113.84375,0.004480199990211986,5159.84375
pleia_energy,1,2,45,kWh per 10 minutes,10,smart_building_conformal/outputs/matched_forecasting005/pleia_energy_h1_f2_s45_v1,cd907183301a189ddfcc195774dad58c8fa07d5b326d2ac29cf3636383dc681e,62525d471de44634625aece820db117b886a496789ecd0dc85fc593cfee8dbee,True,persistence,14858,4953,9907,0.12760863530836783,0.24188010063684087,0,,src.pilot_forecasters.Persistence,0.0,0.0004172000044491142,0.002544100003433414,0.003718400010257028,2664317.9788812436,0.006679700018139556,0.0,measured,0.5603108912889876,0.078125,2.097025777228223,4459,0.0390625,-0.33968910871101243,0.6428787725850409,0.125,3.783587362470977,4707,0.0625,-0.30712122741495906,363.53125,363.625,0.09375,0.0005593999958364293,5076.8515625
pleia_energy,1,2,45,kWh per 10 minutes,10,smart_building_conformal/outputs/matched_forecasting005/pleia_energy_h1_f2_s45_v1,cd907183301a189ddfcc195774dad58c8fa07d5b326d2ac29cf3636383dc681e,62525d471de44634625aece820db117b886a496789ecd0dc85fc593cfee8dbee,True,xgboost,14858,4953,9907,0.12241416887626574,0.21142890573205234,0,,xgboost.sklearn.XGBRegressor,2.9127499000023818,0.7250648000044748,0.04703809999045916,0.08661860000574961,114374.97257335478,3.7714714000030654,3.6875,measured,0.652669829413546,0.1939152479171753,1.5338580852935277,4459,0.09695762395858765,-0.247330170586454,0.7686484304027456,0.35456353425979614,2.117701716700751,4707,0.17728176712989807,-0.1813515695972544,365.53515625,476.72265625,111.1875,0.004755400004796684,5072.109375
pleia_energy,1,2,45,kWh per 10 minutes,10,smart_building_conformal/outputs/matched_forecasting005/pleia_energy_h1_f2_s45_v1,cd907183301a189ddfcc195774dad58c8fa07d5b326d2ac29cf3636383dc681e,62525d471de44634625aece820db117b886a496789ecd0dc85fc593cfee8dbee,True,attention_lstm,14858,4953,9907,0.13687283588825086,0.23259256841810177,1,10.0,src.attention_lstm.AttentionLSTM,72.25525420000486,21.447482400006265,0.1860817999986466,0.3988900999975158,24836.414842237748,94.28770850000728,90.734375,measured,0.49318663571212273,0.1411229372024536,1.8044680689085597,4459,0.0705614686012268,-0.4068133642878773,0.5942263046330877,0.18467450141906738,3.1172698550764797,4707,0.09233725070953369,-0.3557736953669123,474.421875,590.57421875,116.15234375,0.004565199997159652,5000.71484375
pleia_energy,3,2,45,kWh per 10 minutes,30,smart_building_conformal/outputs/matched_forecasting005/pleia_energy_h3_f2_s45_v1,cd907183301a189ddfcc195774dad58c8fa07d5b326d2ac29cf3636383dc681e,c4251293278cc903db86fe4f42a91a7108a0c33bdffb224f47cfe4b37bfbafc1,True,persistence,14855,4952,9907,0.13126135560714647,0.257541502923049,0,,src.pilot_forecasters.Persistence,0.0,0.0006055999983800575,0.002470999999786727,0.003926699995645322,2522983.6786581054,0.0070032999938121065,0.015625,measured,0.5711113354194004,0.078125,2.1860568915918046,4458,0.0390625,-0.3288886645805996,0.6392449782981731,0.125,3.9634475623296628,4706,0.0625,-0.3107550217018269,363.46875,363.54296875,0.07421875,0.0007027999963611364,5091.58984375
pleia_energy,3,2,45,kWh per 10 minutes,30,smart_building_conformal/outputs/matched_forecasting005/pleia_energy_h3_f2_s45_v1,cd907183301a189ddfcc195774dad58c8fa07d5b326d2ac29cf3636383dc681e,c4251293278cc903db86fe4f42a91a7108a0c33bdffb224f47cfe4b37bfbafc1,True,xgboost,14855,4952,9907,0.1202362803402926,0.22629620256684296,0,,xgboost.sklearn.XGBRegressor,2.8299149999947986,0.6547391999920364,0.049472099999547936,0.09847129999252502,100607.99441819132,3.632597599978908,3.53125,measured,0.6762894922781871,0.19728216528892517,1.5730727688658788,4458,0.09864108264446259,-0.2237105077218129,0.7338245684869285,0.26437944173812866,2.621787073791019,4706,0.13218972086906433,-0.2161754315130715,368.49609375,476.69921875,108.203125,0.00527739999233745,5075.5625
pleia_energy,3,2,45,kWh per 10 minutes,30,smart_building_conformal/outputs/matched_forecasting005/pleia_energy_h3_f2_s45_v1,cd907183301a189ddfcc195774dad58c8fa07d5b326d2ac29cf3636383dc681e,c4251293278cc903db86fe4f42a91a7108a0c33bdffb224f47cfe4b37bfbafc1,True,attention_lstm,14855,4952,9907,0.1549280861907209,0.25219514680089966,0,5.0,src.attention_lstm.AttentionLSTM,56.063726300009876,10.529199500000686,0.19329489998926874,0.3753965999931097,26390.75580381346,67.16161729999294,66.015625,measured,0.5111537296860805,0.19225221872329712,1.8024874337508625,4458,0.09612610936164856,-0.3888462703139195,0.6162309478146765,0.23497635126113892,3.0858749805394874,4706,0.11748817563056946,-0.3337690521853235,473.2890625,596.86328125,123.57421875,0.004426800005603582,4887.734375
pleia_energy,6,2,45,kWh per 10 minutes,60,smart_building_conformal/outputs/matched_forecasting005/pleia_energy_h6_f2_s45_v1,cd907183301a189ddfcc195774dad58c8fa07d5b326d2ac29cf3636383dc681e,3fd3655fa8c8f5b07cbc7734a71eee3a1d2ad04dceebe9ed0c4d80fa5c1ad796,True,persistence,14850,4951,9907,0.12998936988997678,0.25754481604675455,0,,src.pilot_forecasters.Persistence,0.0,0.0004321000014897436,0.002630699993460439,0.0039026999875204638,2538498.9959974606,0.0069654999824706465,0.0,measured,0.5607146462097506,0.078125,2.156516541334411,4457,0.0390625,-0.3392853537902494,0.6406581205208438,0.125,3.899036035126675,4705,0.0625,-0.30934187947915615,363.69140625,363.78125,0.08984375,0.0007078999915393069,4749.1875
pleia_energy,6,2,45,kWh per 10 minutes,60,smart_building_conformal/outputs/matched_forecasting005/pleia_energy_h6_f2_s45_v1,cd907183301a189ddfcc195774dad58c8fa07d5b326d2ac29cf3636383dc681e,3fd3655fa8c8f5b07cbc7734a71eee3a1d2ad04dceebe9ed0c4d80fa5c1ad796,True,xgboost,14850,4951,9907,0.1254933455089778,0.2422463442618014,0,,xgboost.sklearn.XGBRegressor,2.8511396999965655,0.7031285999983083,0.051757099994574673,0.11635799999930896,85142.40533576408,3.7223833999887574,3.671875,measured,0.6319773897244373,0.14650967717170715,1.7814301617215693,4457,0.07325483858585358,-0.26802261027556273,0.7034420106995054,0.21583819389343262,3.0277728913523902,4705,0.10791909694671631,-0.24655798930049455,365.46484375,476.55859375,111.09375,0.00409370000124909,4755.43359375
pleia_energy,6,2,45,kWh per 10 minutes,60,smart_building_conformal/outputs/matched_forecasting005/pleia_energy_h6_f2_s45_v1,cd907183301a189ddfcc195774dad58c8fa07d5b326d2ac29cf3636383dc681e,3fd3655fa8c8f5b07cbc7734a71eee3a1d2ad04dceebe9ed0c4d80fa5c1ad796,True,attention_lstm,14850,4951,9907,0.15451762760950166,0.2640665501880576,0,6.0,src.attention_lstm.AttentionLSTM,61.677519000004395,12.749733900011051,0.2029904999944847,0.48902359999192413,20258.735979538833,75.11926700000186,73.0625,measured,0.5307358433430908,0.18185001611709595,1.9538361511510112,4457,0.09092500805854797,-0.36926415665690926,0.616029070354295,0.23410159349441528,3.336322188888773,4705,0.11705079674720764,-0.33397092964570496,474.4921875,596.66015625,122.16796875,0.00458480000088457,4612.3671875
rico,5,2,45,degrees C,5,smart_building_conformal/outputs/matched_forecasting005/rico_h5_f2_s45_v1,cd907183301a189ddfcc195774dad58c8fa07d5b326d2ac29cf3636383dc681e,adda24f5b9ed20420c5e5eb85728317dc112a5ed5567a38f1aafc895df114e1c,True,persistence,12932,4452,8692,0.07447077772664519,0.12451008457023498,0,,src.pilot_forecasters.Persistence,0.0,0.000527900003362447,0.002634599994053133,0.0035296999994898215,2462532.226890764,0.006692199996905401,0.015625,measured,0.9282098481362172,0.3999999999999986,0.6013345605154169,4008,0.1999999999999993,0.028209848136217186,0.9723884031293143,0.6000000000000014,0.7808559595029918,4231,0.3000000000000007,0.022388403129314338,414.23828125,414.38671875,0.1484375,0.0006495999987237155,5099.35546875
rico,5,2,45,degrees C,5,smart_building_conformal/outputs/matched_forecasting005/rico_h5_f2_s45_v1,cd907183301a189ddfcc195774dad58c8fa07d5b326d2ac29cf3636383dc681e,adda24f5b9ed20420c5e5eb85728317dc112a5ed5567a38f1aafc895df114e1c,True,xgboost,12932,4452,8692,0.2616900190361293,0.4216019666667546,1,,xgboost.sklearn.XGBRegressor,3.482778799996595,1.2613031999935629,0.08657590000075288,0.16199890000279993,53654.68530866426,4.992656799993711,4.953125,measured,0.5059825126553152,0.3405502319335909,3.1304473202841985,4008,0.17027511596679545,-0.3940174873446848,0.6907501150483203,0.5435943603515625,4.532206139035667,4231,0.27179718017578125,-0.25924988495167967,419.4140625,526.5390625,107.125,0.00623680000717286,5086.56640625
rico,5,2,45,degrees C,5,smart_building_conformal/outputs/matched_forecasting005/rico_h5_f2_s45_v1,cd907183301a189ddfcc195774dad58c8fa07d5b326d2ac29cf3636383dc681e,adda24f5b9ed20420c5e5eb85728317dc112a5ed5567a38f1aafc895df114e1c,True,attention_lstm,12932,4452,8692,2.808647392929506,3.184809559408868,1,14.0,src.attention_lstm.AttentionLSTM,71.83178320000297,27.37697009999829,0.19493289999081753,0.3524050999985775,24664.79628142466,99.75609129999066,97.46875,measured,0.10791532443626323,1.634307861328125,42.46728968455722,4008,0.8171539306640625,-0.7920846755637367,0.12287160607455132,1.9250144958496094,78.44073983309616,4231,0.9625072479248047,-0.8271283939254487,515.63671875,624.94140625,109.3046875,0.0047627000021748245,5021.43359375
rico,15,2,45,degrees C,15,smart_building_conformal/outputs/matched_forecasting005/rico_h15_f2_s45_v1,cd907183301a189ddfcc195774dad58c8fa07d5b326d2ac29cf3636383dc681e,992e3d20e746f1fcb3e78f8d1a69d9ebf12ed9e0140eadbf817f49e2ed57c3f8,True,persistence,12322,4242,8282,0.20938179183772038,0.33076021266260025,0,,src.pilot_forecasters.Persistence,0.0,0.0006159999902592972,0.002781600007438101,0.004091599999810569,2024147.03303926,0.007489199997507967,0.0,measured,0.9153586090316349,1.0,1.658295097802463,3819,0.5,0.015358609031634884,0.9629316590195605,1.6000000000000014,2.1462448683892776,4031,0.8000000000000007,0.012931659019560504,412.0234375,412.63671875,0.61328125,0.0008056000078795478,5148.17578125
rico,15,2,45,degrees C,15,smart_building_conformal/outputs/matched_forecasting005/rico_h15_f2_s45_v1,cd907183301a189ddfcc195774dad58c8fa07d5b326d2ac29cf3636383dc681e,992e3d20e746f1fcb3e78f8d1a69d9ebf12ed9e0140eadbf817f49e2ed57c3f8,True,xgboost,12322,4242,8282,0.4264353605895421,0.6107440603424102,1,,xgboost.sklearn.XGBRegressor,3.656889500009129,1.22896920000494,0.09512649998941924,0.21123760000045877,39207.03511108824,5.192222800003947,5.03125,measured,0.598526925863318,0.7575332641601591,4.377405455238539,3819,0.37876663208007955,-0.301473074136682,0.8110359816469452,1.492100524902341,4.542050524639992,4031,0.7460502624511705,-0.13896401835305472,417.59375,525.32421875,107.73046875,0.005754199999500997,5124.9609375
rico,15,2,45,degrees C,15,smart_building_conformal/outputs/matched_forecasting005/rico_h15_f2_s45_v1,cd907183301a189ddfcc195774dad58c8fa07d5b326d2ac29cf3636383dc681e,992e3d20e746f1fcb3e78f8d1a69d9ebf12ed9e0140eadbf817f49e2ed57c3f8,True,attention_lstm,12322,4242,8282,2.9248662855567,3.329409167558372,1,7.0,src.attention_lstm.AttentionLSTM,54.42590129999735,12.49087409999629,0.17361800000071526,0.34733869999763556,23844.161333178185,67.43773209999199,65.875,measured,0.09707800048297513,1.705252075195311,44.06038682961115,3819,0.8526260375976555,-0.8029219995170249,0.1603477420912823,2.4455795288085938,74.19554974819197,4031,1.2227897644042969,-0.7896522579087176,516.59765625,617.46875,100.87109375,0.00581899999815505,5031.28125
rico,30,2,45,degrees C,30,smart_building_conformal/outputs/matched_forecasting005/rico_h30_f2_s45_v1,cd907183301a189ddfcc195774dad58c8fa07d5b326d2ac29cf3636383dc681e,5769aea4df39adc1c5884a4ac4950471da7bbe227eea0549a15de94fbdebfb6d,True,persistence,11407,3927,7667,0.38969610016955786,0.5994280130858491,0,,src.pilot_forecasters.Persistence,0.0,0.0005404999974416569,0.002676100004464388,0.0038748000079067424,1978682.7666860393,0.007091400009812787,0.015625,measured,0.921612103821573,2.0,3.0014347202295553,3536,1.0,0.02161210382157297,0.9641319942611191,3.0,3.8623972870744745,3732,1.5,0.014131994261119107,407.046875,407.40625,0.359375,0.000628499998128973,5223.125
rico,30,2,45,degrees C,30,smart_building_conformal/outputs/matched_forecasting005/rico_h30_f2_s45_v1,cd907183301a189ddfcc195774dad58c8fa07d5b326d2ac29cf3636383dc681e,5769aea4df39adc1c5884a4ac4950471da7bbe227eea0549a15de94fbdebfb6d,True,xgboost,11407,3927,7667,0.6355618866571815,0.8801031266387784,1,,xgboost.sklearn.XGBRegressor,3.259402099996805,1.1986987000127556,0.07636039999488275,0.14447290000680368,53068.776217816194,4.678934100011247,4.578125,measured,0.6488848310943003,1.3115295410156236,5.82913282301617,3536,0.6557647705078118,-0.25111516890569974,0.8573105517151428,2.625422668457034,5.792672054220609,3732,1.312711334228517,-0.09268944828485715,413.1484375,522.62109375,109.47265625,0.00566860000253655,5204.703125
rico,30,2,45,degrees C,30,smart_building_conformal/outputs/matched_forecasting005/rico_h30_f2_s45_v1,cd907183301a189ddfcc195774dad58c8fa07d5b326d2ac29cf3636383dc681e,5769aea4df39adc1c5884a4ac4950471da7bbe227eea0549a15de94fbdebfb6d,True,attention_lstm,11407,3927,7667,3.0856091811415336,3.4916280973718963,1,7.0,src.attention_lstm.AttentionLSTM,46.97699110000394,12.139393600009498,0.18663419999938924,0.32373470001039095,23682.97250728424,59.62675360002322,58.515625,measured,0.10329985652797705,1.7277137756347685,47.02525856025031,3536,0.8638568878173842,-0.796700143472023,0.11503847658797443,1.9446205139160142,88.67572268377428,3732,0.9723102569580071,-0.8349615234120256,510.859375,616.71484375,105.85546875,0.005180000007385388,5091.234375
rico,60,2,45,degrees C,60,smart_building_conformal/outputs/matched_forecasting005/rico_h60_f2_s45_v1,cd907183301a189ddfcc195774dad58c8fa07d5b326d2ac29cf3636383dc681e,13626bbe92c4fc2e657cc07a12d739e6c76c86fd5e6e16d106077d5e6ffeef37,True,persistence,9577,3297,6437,0.7156750038837967,1.041377894828978,0,,src.pilot_forecasters.Persistence,0.0,0.0004983000108040869,0.002766300007351674,0.003483100008452311,1848066.3731674566,0.006747700026608072,0.0,measured,0.924188286468852,3.6000000000000014,5.100388379679974,2969,1.8000000000000007,0.02418828646885196,0.9608513282585055,5.0,6.397545440422556,3134,2.5,0.010851328258505544,403.703125,403.9296875,0.2265625,0.0007412000122712925,5261.3984375
rico,60,2,45,degrees C,60,smart_building_conformal/outputs/matched_forecasting005/rico_h60_f2_s45_v1,cd907183301a189ddfcc195774dad58c8fa07d5b326d2ac29cf3636383dc681e,13626bbe92c4fc2e657cc07a12d739e6c76c86fd5e6e16d106077d5e6ffeef37,True,xgboost,9577,3297,6437,1.2070528856211982,1.774556203714715,0,,xgboost.sklearn.XGBRegressor,2.9892467000026954,0.6852588999900036,0.054276499999105,0.10331779999251012,62302.91392641579,3.832099899984314,3.75,measured,0.6355445083113251,2.5011299133300753,10.914020881101704,2969,1.2505649566650376,-0.2644554916886749,0.8671741494485009,4.744760131835932,11.104122712883647,3134,2.372380065917966,-0.08282585055149905,406.90234375,512.66796875,105.765625,0.004778800008352846,5244.48828125
rico,60,2,45,degrees C,60,smart_building_conformal/outputs/matched_forecasting005/rico_h60_f2_s45_v1,cd907183301a189ddfcc195774dad58c8fa07d5b326d2ac29cf3636383dc681e,13626bbe92c4fc2e657cc07a12d739e6c76c86fd5e6e16d106077d5e6ffeef37,True,attention_lstm,9577,3297,6437,3.075033250624707,3.4773222485657236,0,6.0,src.attention_lstm.AttentionLSTM,48.767222800001036,8.551120400006766,0.1433171999960905,0.26885150000452995,23942.58540455062,57.73051190000842,56.28125,measured,0.13235979493552896,2.096550750732419,44.394892202854116,2969,1.0482753753662095,-0.7676402050644711,0.1402827404070219,2.4014617919921903,81.73225626937335,3134,1.2007308959960952,-0.809717259592978,512.171875,611.73046875,99.55859375,0.004434299989952706,5144.421875
bdg2,1,2,45,kWh per hour,60,smart_building_conformal/outputs/matched_forecasting005/bdg2_h1_f2_s45_v1,cd907183301a189ddfcc195774dad58c8fa07d5b326d2ac29cf3636383dc681e,d17374d7dfe7206b1bc2d78ed29eb81be4f2ec7661fd25177f694623751f05b4,True,persistence,51664,17370,34640,20.987969087759815,41.67140770234165,0,,src.pilot_forecasters.Persistence,0.0,0.0005185999907553196,0.0071752000076230615,0.013597199998912401,2547583.3261826513,0.021290999997290783,0.015625,measured,0.894919168591224,115.80600000000072,207.41386443418008,15634,57.90300000000036,-0.005080831408776021,0.9467667436489607,165.40000000000003,273.690915473441,16503,82.69999999999999,-0.0032332563510392154,431.04296875,431.91015625,0.8671875,0.0005890000029467046,4979.875
bdg2,1,2,45,kWh per hour,60,smart_building_conformal/outputs/matched_forecasting005/bdg2_h1_f2_s45_v1,cd907183301a189ddfcc195774dad58c8fa07d5b326d2ac29cf3636383dc681e,d17374d7dfe7206b1bc2d78ed29eb81be4f2ec7661fd25177f694623751f05b4,True,xgboost,51664,17370,34640,17.892664542773126,35.09189166414792,1,,xgboost.sklearn.XGBRegressor,6.222918900006334,2.575269599998137,0.20510300000023562,0.3703168000065489,93541.52984522282,9.373608300011256,9.203125,measured,0.9037240184757506,94.03851562499995,172.86769614625626,15634,47.01925781249997,0.0037240184757505457,0.9484411085450346,136.7927797851562,233.444010323568,16503,68.3963898925781,-0.0015588914549653499,433.4609375,557.45703125,123.99609375,0.006528900004923344,4971.3671875
bdg2,1,2,45,kWh per hour,60,smart_building_conformal/outputs/matched_forecasting005/bdg2_h1_f2_s45_v1,cd907183301a189ddfcc195774dad58c8fa07d5b326d2ac29cf3636383dc681e,d17374d7dfe7206b1bc2d78ed29eb81be4f2ec7661fd25177f694623751f05b4,True,attention_lstm,51664,17370,34640,19.420448377560092,36.590778714828666,0,20.0,src.attention_lstm.AttentionLSTM,479.5938540000061,144.99798729999748,0.7046360000094865,1.3821611000021221,25062.201504547345,626.6786384000152,614.890625,measured,0.9006928406466512,96.35858300781251,178.8314276728747,15634,48.179291503906256,0.0006928406466512049,0.9485565819861432,139.95555615234383,242.11443606114898,16503,69.97777807617189,-0.0014434180138567232,536.921875,649.765625,112.84375,0.0044793999986723065,4842.64453125
bdg2,3,2,45,kWh per hour,180,smart_building_conformal/outputs/matched_forecasting005/bdg2_h3_f2_s45_v1,cd907183301a189ddfcc195774dad58c8fa07d5b326d2ac29cf3636383dc681e,b09d5d8c367121e6d22677abdb3f3bdb6a98e8404434e14ad1bfa57c42d265dd,True,persistence,51634,17360,34640,42.80348447459585,78.69880137930757,0,,src.pilot_forecasters.Persistence,0.0,0.0005801000079372898,0.0076717999909305945,0.013397999995504506,2585460.517362511,0.02164989999437239,0.03125,measured,0.8978348729792148,250.0,402.0599384526559,15625,125.0,-0.002165127020785196,0.9459872979214781,344.19999999999993,504.7519927251731,16493,172.1,-0.00401270207852189,428.20703125,428.65625,0.44921875,0.0008558999979868531,4907.7578125
bdg2,3,2,45,kWh per hour,180,smart_building_conformal/outputs/matched_forecasting005/bdg2_h3_f2_s45_v1,cd907183301a189ddfcc195774dad58c8fa07d5b326d2ac29cf3636383dc681e,b09d5d8c367121e6d22677abdb3f3bdb6a98e8404434e14ad1bfa57c42d265dd,True,xgboost,51634,17360,34640,28.562105723910467,54.10674273668655,0,,xgboost.sklearn.XGBRegressor,6.235413000002154,1.9667705000028946,0.16843629999493714,0.3029320999921765,114349.05710188721,8.673551899992162,8.46875,measured,0.9059180138568129,147.11084814453125,265.3941582531548,15625,73.55542407226562,0.005918013856812898,0.9496247113163973,209.71688232421866,359.5207931905767,16493,104.85844116210939,-0.0003752886836027036,429.78125,550.2890625,120.5078125,0.004756399997859262,4955.46875
bdg2,3,2,45,kWh per hour,180,smart_building_conformal/outputs/matched_forecasting005/bdg2_h3_f2_s45_v1,cd907183301a189ddfcc195774dad58c8fa07d5b326d2ac29cf3636383dc681e,b09d5d8c367121e6d22677abdb3f3bdb6a98e8404434e14ad1bfa57c42d265dd,True,attention_lstm,51634,17360,34640,35.52821021160734,66.70892253624596,0,9.0,src.attention_lstm.AttentionLSTM,278.74382240000705,66.02927030000137,0.6626408000010997,1.321484199987026,26212.950559938658,346.75721769999654,339.53125,measured,0.9040415704387991,168.24957812499997,320.1217666867862,15625,84.12478906249999,0.004041570438799047,0.9499133949191686,240.76612792968763,442.6288365402679,16493,120.38306396484376,-8.660508083135898e-05,535.01171875,652.3359375,117.32421875,0.0049633000016910955,4863.67578125
bdg2,6,2,45,kWh per hour,360,smart_building_conformal/outputs/matched_forecasting005/bdg2_h6_f2_s45_v1,cd907183301a189ddfcc195774dad58c8fa07d5b326d2ac29cf3636383dc681e,bf3712ec340f3bdba2b4f5fb836947320a1d97c097af41bf3d3d7cb8c8c05269,True,persistence,51584,17350,34640,73.28396772228638,119.92957137497905,0,,src.pilot_forecasters.Persistence,0.0,0.00043140001071151346,0.006956900004297495,0.011869599999045022,2918379.7265945766,0.01925790001405403,0.015625,measured,0.8975461893764434,406.3119999999999,580.2719217667436,15616,203.15599999999995,-0.0024538106235566515,0.9442263279445727,498.0,703.0353413394918,16484,249.0,-0.005773672055427226,429.609375,430.5546875,0.9453125,0.0006568000098923221,4948.15234375
bdg2,6,2,45,kWh per hour,360,smart_building_conformal/outputs/matched_forecasting005/bdg2_h6_f2_s45_v1,cd907183301a189ddfcc195774dad58c8fa07d5b326d2ac29cf3636383dc681e,bf3712ec340f3bdba2b4f5fb836947320a1d97c097af41bf3d3d7cb8c8c05269,True,xgboost,51584,17350,34640,34.03905614019833,66.857136876073,0,,xgboost.sklearn.XGBRegressor,6.255947700003162,2.022582000005059,0.15983190000406466,0.30965850000211503,111865.16759515209,8.7480201000144,8.546875,measured,0.9069284064665127,174.94312988281257,323.2197308697743,15616,87.47156494140626,0.006928406466512715,0.9492782909930716,249.16056518554691,443.960486968529,16484,124.58028259277344,-0.0007217090069283616,431.484375,557.9375,126.453125,0.005410500001744367,4932.61328125
bdg2,6,2,45,kWh per hour,360,smart_building_conformal/outputs/matched_forecasting005/bdg2_h6_f2_s45_v1,cd907183301a189ddfcc195774dad58c8fa07d5b326d2ac29cf3636383dc681e,bf3712ec340f3bdba2b4f5fb836947320a1d97c097af41bf3d3d7cb8c8c05269,True,attention_lstm,51584,17350,34640,41.49383100017663,77.3137386570392,0,7.0,src.attention_lstm.AttentionLSTM,292.0515887999936,50.46362879998924,0.6772012000001268,1.3329325999948196,25987.810636587797,344.5253513999778,339.109375,measured,0.9109699769053118,202.8971640625,367.88648351808337,15616,101.44858203125,0.010969976905311762,0.951472286374134,277.77793359375016,509.1680827739054,16484,138.88896679687502,0.0014722863741339909,541.2109375,655.6875,114.4765625,0.004369099988252856,4828.046875
pleia,1,2,45,degrees C,10,smart_building_conformal/outputs/matched_forecasting005/pleia_h1_f2_s45_v1,cd907183301a189ddfcc195774dad58c8fa07d5b326d2ac29cf3636383dc681e,ce8d6b4c952de02d809dfc2b4fbd7b34988a37c2c5ca18c286a65afd2a71556a,True,persistence,14858,4953,9907,0.23937619864742102,0.3366736506882145,0,,src.pilot_forecasters.Persistence,0.0,0.0003910000086762011,0.002520199996070005,0.0042003000125987455,2358641.0423741355,0.007111500017344952,0.015625,measured,0.9408499041082063,1.2000000000000028,1.5472292318562646,4459,0.6000000000000014,0.040849904108206325,0.9651761380841829,1.599999999999994,1.9044312102553733,4707,0.7999999999999972,0.015176138084182944,372.23828125,372.32421875,0.0859375,0.0008218000002671033,5090.15234375
pleia,1,2,45,degrees C,10,smart_building_conformal/outputs/matched_forecasting005/pleia_h1_f2_s45_v1,cd907183301a189ddfcc195774dad58c8fa07d5b326d2ac29cf3636383dc681e,ce8d6b4c952de02d809dfc2b4fbd7b34988a37c2c5ca18c286a65afd2a71556a,True,xgboost,14858,4953,9907,2.180937218466332,2.5630276193214137,0,,xgboost.sklearn.XGBRegressor,2.9401342000055593,0.7104336000047624,0.06171590001031291,0.10146960000565741,97635.15377460478,3.813753300026292,3.765625,measured,0.2460886242051075,2.0160232543945327,27.68150394463185,4459,1.0080116271972663,-0.6539113757948926,0.3201776521651358,2.5245811462402377,46.58008616585963,4707,1.2622905731201186,-0.6298223478348641,370.3203125,481.25,110.9296875,0.004767200007336214,5092.95703125
pleia,1,2,45,degrees C,10,smart_building_conformal/outputs/matched_forecasting005/pleia_h1_f2_s45_v1,cd907183301a189ddfcc195774dad58c8fa07d5b326d2ac29cf3636383dc681e,ce8d6b4c952de02d809dfc2b4fbd7b34988a37c2c5ca18c286a65afd2a71556a,True,attention_lstm,14858,4953,9907,3.5595529901857423,3.952667562557191,0,27.0,src.attention_lstm.AttentionLSTM,151.0546103000088,56.530639599994174,0.1844760999956634,0.3738760000123875,26498.090275042407,208.14360200001101,203.734375,measured,0.19935399212677904,3.9865203857421885,38.87017463352168,4459,1.9932601928710945,-0.700646007873221,0.29019884929847584,5.070796203613284,58.40985023619433,4707,2.535398101806642,-0.6598011507015241,478.38671875,597.5546875,119.16796875,0.005141000001458451,4968.6875
pleia,3,2,45,degrees C,30,smart_building_conformal/outputs/matched_forecasting005/pleia_h3_f2_s45_v1,cd907183301a189ddfcc195774dad58c8fa07d5b326d2ac29cf3636383dc681e,43fdef7973feabb27f49a6f3a57657663ea1c46bff243e5d984ce84c66f35ce8,True,persistence,14855,4952,9907,0.3915918037751086,0.5655364111359953,0,,src.pilot_forecasters.Persistence,0.0,0.0004565999988699332,0.0025926999951479957,0.004509199992753565,2197063.7842457374,0.007558499986771494,0.015625,measured,0.9363076612496215,2.0,2.665186231957202,4458,1.0,0.03630766124962148,0.9600282628444534,2.4000000000000057,3.2700918542444737,4706,1.2000000000000028,0.010028262844453462,374.4609375,374.546875,0.0859375,0.0006587000098079443,4783.29296875
pleia,3,2,45,degrees C,30,smart_building_conformal/outputs/matched_forecasting005/pleia_h3_f2_s45_v1,cd907183301a189ddfcc195774dad58c8fa07d5b326d2ac29cf3636383dc681e,43fdef7973feabb27f49a6f3a57657663ea1c46bff243e5d984ce84c66f35ce8,True,xgboost,14855,4952,9907,3.330021235569101,3.709486005375483,0,,xgboost.sklearn.XGBRegressor,2.95473279998987,0.6999679000000469,0.05258509999839589,0.10971330000029411,90298.98836306484,3.8169990999886068,3.75,measured,0.23488442515393157,3.9509544372558594,34.64670921264845,4458,1.9754772186279297,-0.6651155748460684,0.31593822549712325,4.717658996582031,55.00032203715127,4706,2.3588294982910156,-0.6340617745028767,371.48828125,483.5625,112.07421875,0.004348999995272607,4794.67578125
pleia,3,2,45,degrees C,30,smart_building_conformal/outputs/matched_forecasting005/pleia_h3_f2_s45_v1,cd907183301a189ddfcc195774dad58c8fa07d5b326d2ac29cf3636383dc681e,43fdef7973feabb27f49a6f3a57657663ea1c46bff243e5d984ce84c66f35ce8,True,attention_lstm,14855,4952,9907,3.517059336914789,3.871117317243386,0,23.0,src.attention_lstm.AttentionLSTM,142.04696800000966,48.09694259999378,0.19197309999435674,0.3765012999938335,26313.322158946758,190.71238499999163,186.328125,measured,0.21530231149692136,4.322561645507811,35.312442494680525,4458,2.1612808227539055,-0.6846976885030787,0.2984758251741193,5.219096374511722,53.84224329492421,4706,2.609548187255861,-0.6515241748258807,477.90234375,606.0078125,128.10546875,0.004660800012061372,4714.5
pleia,6,2,45,degrees C,60,smart_building_conformal/outputs/matched_forecasting005/pleia_h6_f2_s45_v1,cd907183301a189ddfcc195774dad58c8fa07d5b326d2ac29cf3636383dc681e,7b3af2e5082254e020ca867fb95d22cc2dc6b99331e9a1c7f86c6a385461bbeb,True,persistence,14850,4951,9907,0.5479458968406178,0.7817754844230004,0,,src.pilot_forecasters.Persistence,0.0,0.00047110000741668046,0.0031773999944562092,0.004129000008106232,2399370.30286998,0.007777500009979121,0.015625,measured,0.9193499545775714,2.6000000000000014,3.6683355203391548,4457,1.3000000000000007,0.019349954577571382,0.95306349046129,3.2000000000000033,4.51422226708388,4705,1.6000000000000014,0.0030634904612900637,373.4453125,373.53515625,0.08984375,0.0008919999963836744,5032.77734375
pleia,6,2,45,degrees C,60,smart_building_conformal/outputs/matched_forecasting005/pleia_h6_f2_s45_v1,cd907183301a189ddfcc195774dad58c8fa07d5b326d2ac29cf3636383dc681e,7b3af2e5082254e020ca867fb95d22cc2dc6b99331e9a1c7f86c6a385461bbeb,True,xgboost,14850,4951,9907,4.414289251350425,4.77597967782788,0,,xgboost.sklearn.XGBRegressor,2.8145858000061708,0.678116900002351,0.05015179999463726,0.10332220001146197,95884.52432198476,3.646176700014621,3.578125,measured,0.22711214292924195,5.857241821289065,40.08395778863547,4457,2.9286209106445327,-0.672887857070758,0.2987786413646916,6.676360321044924,63.03979005275481,4705,3.3381801605224624,-0.6512213586353084,370.90234375,481.265625,110.36328125,0.00499600000330247,5040.4375
pleia,6,2,45,degrees C,60,smart_building_conformal/outputs/matched_forecasting005/pleia_h6_f2_s45_v1,cd907183301a189ddfcc195774dad58c8fa07d5b326d2ac29cf3636383dc681e,7b3af2e5082254e020ca867fb95d22cc2dc6b99331e9a1c7f86c6a385461bbeb,True,attention_lstm,14850,4951,9907,4.626461496504282,4.956888648315604,0,11.0,src.attention_lstm.AttentionLSTM,83.6962807999953,22.775334100006148,0.19097989999863785,0.3902444999985164,25386.648626790804,107.0528392999986,103.59375,measured,0.21853235086302614,6.388154602050781,40.202178815227704,4457,3.1940773010253913,-0.6814676491369739,0.28888664580599577,7.375311279296877,60.23683053268194,4705,3.687655639648437,-0.6611133541940042,478.34765625,603.1796875,124.83203125,0.004527400000370108,4930.44921875
pleia_energy,1,2,46,kWh per 10 minutes,10,smart_building_conformal/outputs/matched_forecasting005/pleia_energy_h1_f2_s46_v1,cd907183301a189ddfcc195774dad58c8fa07d5b326d2ac29cf3636383dc681e,d3f48a48b1e9bd268b7a135c9afd44e18a498537f9d3262d88eb1ded5694a0c3,True,persistence,14858,4953,9907,0.12760863530836783,0.24188010063684087,0,,src.pilot_forecasters.Persistence,0.0,0.0004403000057209283,0.011122800002340227,0.00392920000012964,2521378.3975550057,0.015492300008190796,0.015625,measured,0.5603108912889876,0.078125,2.097025777228223,4459,0.0390625,-0.33968910871101243,0.6428787725850409,0.125,3.783587362470977,4707,0.0625,-0.30712122741495906,365.65234375,365.73828125,0.0859375,0.0006130999972810969,4971.6796875
pleia_energy,1,2,46,kWh per 10 minutes,10,smart_building_conformal/outputs/matched_forecasting005/pleia_energy_h1_f2_s46_v1,cd907183301a189ddfcc195774dad58c8fa07d5b326d2ac29cf3636383dc681e,d3f48a48b1e9bd268b7a135c9afd44e18a498537f9d3262d88eb1ded5694a0c3,True,xgboost,14858,4953,9907,0.1260102669235296,0.2140655842042265,0,,xgboost.sklearn.XGBRegressor,3.092094100007671,0.7031895999971312,0.050536599999759346,0.08813019999070093,112413.22499035901,3.9339504999952624,3.65625,measured,0.6798223478348643,0.22731336951255798,1.502187885233477,4459,0.11365668475627899,-0.22017765216513574,0.8275966488341576,0.48469746112823486,1.8003877541534437,4707,0.24234873056411743,-0.12240335116584233,368.12109375,477.05859375,108.9375,0.0045815000048605725,4952.78515625
pleia_energy,1,2,46,kWh per 10 minutes,10,smart_building_conformal/outputs/matched_forecasting005/pleia_energy_h1_f2_s46_v1,cd907183301a189ddfcc195774dad58c8fa07d5b326d2ac29cf3636383dc681e,d3f48a48b1e9bd268b7a135c9afd44e18a498537f9d3262d88eb1ded5694a0c3,True,attention_lstm,14858,4953,9907,0.13523025937213706,0.2264348838134962,0,9.0,src.attention_lstm.AttentionLSTM,74.75312559999293,17.743570300008287,0.1717858000047272,0.3451080000086222,28706.955503067107,93.01358970001456,91.4375,measured,0.5181185020692439,0.15718775987625122,1.7057790969387245,4459,0.07859387993812561,-0.3818814979307561,0.6073483395578884,0.19741028547286987,2.944458366445108,4707,0.09870514273643494,-0.3426516604421116,473.25,591.64453125,118.39453125,0.00784810000914149,4850.09375
pleia_energy,3,2,46,kWh per 10 minutes,30,smart_building_conformal/outputs/matched_forecasting005/pleia_energy_h3_f2_s46_v1,cd907183301a189ddfcc195774dad58c8fa07d5b326d2ac29cf3636383dc681e,fb989e0b28343b79b68029382ab18ade0ee12ee10ed49917a8ceffa6f9970124,True,persistence,14855,4952,9907,0.13126135560714647,0.257541502923049,0,,src.pilot_forecasters.Persistence,0.0,0.0005595000111497939,0.0026522999978624284,0.0038860000058775768,2549408.127899037,0.007097800014889799,0.015625,measured,0.5711113354194004,0.078125,2.1860568915918046,4458,0.0390625,-0.3288886645805996,0.6392449782981731,0.125,3.9634475623296628,4706,0.0625,-0.3107550217018269,367.6640625,367.73828125,0.07421875,0.0007282000005943701,4837.58984375
pleia_energy,3,2,46,kWh per 10 minutes,30,smart_building_conformal/outputs/matched_forecasting005/pleia_energy_h3_f2_s46_v1,cd907183301a189ddfcc195774dad58c8fa07d5b326d2ac29cf3636383dc681e,fb989e0b28343b79b68029382ab18ade0ee12ee10ed49917a8ceffa6f9970124,True,xgboost,14855,4952,9907,0.118150517131268,0.22424131598297947,0,,xgboost.sklearn.XGBRegressor,2.936877400003141,0.7219662999996217,0.04946080000081565,0.09895200000028126,100119.24973696176,3.8072565000038594,3.765625,measured,0.6484304027455334,0.16609832644462585,1.6179380828272727,4458,0.08304916322231293,-0.2515695972544666,0.7042495205410316,0.2211560159921646,2.7692302214118034,4706,0.1105780079960823,-0.24575047945896833,368.92578125,476.7578125,107.83203125,0.005469499999890104,4829.57421875
pleia_energy,3,2,46,kWh per 10 minutes,30,smart_building_conformal/outputs/matched_forecasting005/pleia_energy_h3_f2_s46_v1,cd907183301a189ddfcc195774dad58c8fa07d5b326d2ac29cf3636383dc681e,fb989e0b28343b79b68029382ab18ade0ee12ee10ed49917a8ceffa6f9970124,True,attention_lstm,14855,4952,9907,0.14873427403217443,0.24700807572409358,0,4.0,src.attention_lstm.AttentionLSTM,64.58407189999707,8.743867199998931,0.17851890000747517,0.37754169999971054,26240.809955582645,73.88399970000319,72.09375,measured,0.593620672251943,0.2141551375389099,1.6556332442081094,4458,0.10707756876945496,-0.306379327748057,0.6667003129100636,0.2561917304992676,2.8306593950309513,4706,0.1280958652496338,-0.28329968708993636,475.41796875,598.3203125,122.90234375,0.003801800005021505,4948.6484375
pleia_energy,6,2,46,kWh per 10 minutes,60,smart_building_conformal/outputs/matched_forecasting005/pleia_energy_h6_f2_s46_v1,cd907183301a189ddfcc195774dad58c8fa07d5b326d2ac29cf3636383dc681e,a7fb23eab8e276cf1692aec7b1d3928e3ec2e9cf037d4dbfff4e0ac7d3af6d87,True,persistence,14850,4951,9907,0.12998936988997678,0.25754481604675455,0,,src.pilot_forecasters.Persistence,0.0,0.0005152999947313219,0.002401799996732734,0.003848299995297566,2574383.4971561125,0.006765399986761622,0.0,measured,0.5607146462097506,0.078125,2.156516541334411,4457,0.0390625,-0.3392853537902494,0.6406581205208438,0.125,3.899036035126675,4705,0.0625,-0.30934187947915615,366.35546875,366.4453125,0.08984375,0.00047169999743346125,4707.4296875
pleia_energy,6,2,46,kWh per 10 minutes,60,smart_building_conformal/outputs/matched_forecasting005/pleia_energy_h6_f2_s46_v1,cd907183301a189ddfcc195774dad58c8fa07d5b326d2ac29cf3636383dc681e,a7fb23eab8e276cf1692aec7b1d3928e3ec2e9cf037d4dbfff4e0ac7d3af6d87,True,xgboost,14850,4951,9907,0.12951562300860653,0.24693131557635914,0,,xgboost.sklearn.XGBRegressor,2.702537899996969,0.6243205999926431,0.0463168999995105,0.09263549999741372,106946.04120749165,3.4658108999865362,3.4375,measured,0.6093671141617039,0.1407966911792755,1.8541279375437314,4457,0.07039834558963776,-0.29063288583829616,0.6867871202180277,0.21007832884788513,3.1524403150897196,4705,0.10503916442394257,-0.2632128797819723,367.91015625,478.39453125,110.484375,0.0041299000004073605,4710.109375
pleia_energy,6,2,46,kWh per 10 minutes,60,smart_building_conformal/outputs/matched_forecasting005/pleia_energy_h6_f2_s46_v1,cd907183301a189ddfcc195774dad58c8fa07d5b326d2ac29cf3636383dc681e,a7fb23eab8e276cf1692aec7b1d3928e3ec2e9cf037d4dbfff4e0ac7d3af6d87,True,attention_lstm,14850,4951,9907,0.1542452122725451,0.26103274930959713,0,4.0,src.attention_lstm.AttentionLSTM,49.4803222999908,7.733172199994442,0.17768389999400824,0.3543338000017684,27959.511624210158,57.74551219998102,57.265625,measured,0.5951347532048047,0.2251095175743103,1.7275784795684002,4457,0.11255475878715515,-0.30486524679519533,0.6818411224386797,0.2751588821411133,2.920942772790882,4705,0.13757944107055664,-0.2681588775613203,475.28515625,598.73046875,123.4453125,0.003818400000454858,4574.21484375
rico,5,2,46,degrees C,5,smart_building_conformal/outputs/matched_forecasting005/rico_h5_f2_s46_v1,cd907183301a189ddfcc195774dad58c8fa07d5b326d2ac29cf3636383dc681e,bc0f06119e0a0e1ed46353afd0b76b2c92cad9e7003e51737073831e86c9ecd3,True,persistence,12932,4452,8692,0.07447077772664519,0.12451008457023498,0,,src.pilot_forecasters.Persistence,0.0,0.0004749000072479248,0.002452799992170185,0.003768299997318536,2306610.409517579,0.006695999996736646,0.0,measured,0.9282098481362172,0.3999999999999986,0.6013345605154169,4008,0.1999999999999993,0.028209848136217186,0.9723884031293143,0.6000000000000014,0.7808559595029918,4231,0.3000000000000007,0.022388403129314338,414.03125,414.46484375,0.43359375,0.0005441000103019178,4984.7421875
rico,5,2,46,degrees C,5,smart_building_conformal/outputs/matched_forecasting005/rico_h5_f2_s46_v1,cd907183301a189ddfcc195774dad58c8fa07d5b326d2ac29cf3636383dc681e,bc0f06119e0a0e1ed46353afd0b76b2c92cad9e7003e51737073831e86c9ecd3,True,xgboost,12932,4452,8692,0.27402924394146727,0.4466372664209984,1,,xgboost.sklearn.XGBRegressor,3.2200561999925412,1.1861097999935737,0.08104339998681098,0.18254840000008699,47614.76956246047,4.669757799973013,4.578125,measured,0.563276576161988,0.39005737304687216,3.2204658608364265,4008,0.19502868652343608,-0.336723423838012,0.6929360331339163,0.5916305541992202,4.783160812581557,4231,0.2958152770996101,-0.2570639668660837,411.98828125,524.62890625,112.640625,0.007505800007493235,4979.01171875
rico,5,2,46,degrees C,5,smart_building_conformal/outputs/matched_forecasting005/rico_h5_f2_s46_v1,cd907183301a189ddfcc195774dad58c8fa07d5b326d2ac29cf3636383dc681e,bc0f06119e0a0e1ed46353afd0b76b2c92cad9e7003e51737073831e86c9ecd3,True,attention_lstm,12932,4452,8692,3.0342996567007696,3.369376797863598,0,14.0,src.attention_lstm.AttentionLSTM,77.76775990000169,25.473758799998905,0.3308283000078518,0.6667202999960864,13036.951177354314,104.23906730000454,103.203125,measured,0.06189599631845375,1.6652023315429716,46.23213160848814,4008,0.8326011657714858,-0.8381040036815463,0.13955361251725726,2.623847198486331,74.51672267325716,4231,1.3119235992431655,-0.8104463874827427,514.54296875,621.63671875,107.09375,0.005722300003981218,4705.4609375
rico,15,2,46,degrees C,15,smart_building_conformal/outputs/matched_forecasting005/rico_h15_f2_s46_v1,cd907183301a189ddfcc195774dad58c8fa07d5b326d2ac29cf3636383dc681e,fba4163656ab14c306dd508668113d90ba96f38e46ee7b8f52fa4a00e8ee546f,True,persistence,12322,4242,8282,0.20938179183772038,0.33076021266260025,0,,src.pilot_forecasters.Persistence,0.0,0.00038359999598469585,0.0028039999888278544,0.004142500009038486,1999275.795275697,0.007330099993851036,0.0,measured,0.9153586090316349,1.0,1.658295097802463,3819,0.5,0.015358609031634884,0.9629316590195605,1.6000000000000014,2.1462448683892776,4031,0.8000000000000007,0.012931659019560504,411.8125,411.95703125,0.14453125,0.0006117000011727214,4239.2578125
rico,15,2,46,degrees C,15,smart_building_conformal/outputs/matched_forecasting005/rico_h15_f2_s46_v1,cd907183301a189ddfcc195774dad58c8fa07d5b326d2ac29cf3636383dc681e,fba4163656ab14c306dd508668113d90ba96f38e46ee7b8f52fa4a00e8ee546f,True,xgboost,12322,4242,8282,0.4231189134068548,0.6121914558182814,1,,xgboost.sklearn.XGBRegressor,3.7223128999903565,1.7462222000031034,0.07463360000110697,0.14529049998964183,57003.03874369244,5.688459199984209,5.59375,measured,0.6080656846172422,0.7754089355468778,4.274328425540285,3819,0.3877044677734389,-0.2919343153827578,0.8753924172905095,1.748957824707034,4.014105798702423,4031,0.874478912353517,-0.07460758270949042,416.6796875,524.515625,107.8359375,0.005465900001581758,4215.98046875
rico,15,2,46,degrees C,15,smart_building_conformal/outputs/matched_forecasting005/rico_h15_f2_s46_v1,cd907183301a189ddfcc195774dad58c8fa07d5b326d2ac29cf3636383dc681e,fba4163656ab14c306dd508668113d90ba96f38e46ee7b8f52fa4a00e8ee546f,True,attention_lstm,12322,4242,8282,3.261736469273405,3.593701619617502,0,13.0,src.attention_lstm.AttentionLSTM,88.85488119999354,23.998956799987354,0.21745409999857657,0.4467692000034731,18537.535711807388,113.51806129998295,112.1875,measured,0.053127263945906784,1.5885040283203153,51.39976741603766,3819,0.7942520141601577,-0.8468727360540932,0.12327940111084279,2.679605102539057,82.13707056107715,4031,1.3398025512695284,-0.8267205988891572,512.80078125,622.2890625,109.48828125,0.0052493999974103644,4332.20703125
rico,30,2,46,degrees C,30,smart_building_conformal/outputs/matched_forecasting005/rico_h30_f2_s46_v1,cd907183301a189ddfcc195774dad58c8fa07d5b326d2ac29cf3636383dc681e,0db7f0a10aa75d45d291b57c800923360aa803d8a48eb3fa75d6968e1b6a27fe,True,persistence,11407,3927,7667,0.38969610016955786,0.5994280130858491,0,,src.pilot_forecasters.Persistence,0.0,0.0004945000109728426,0.0024726999981794506,0.0036296000034781173,2112353.9763756297,0.0065968000126304105,0.015625,measured,0.921612103821573,2.0,3.0014347202295553,3536,1.0,0.02161210382157297,0.9641319942611191,3.0,3.8623972870744745,3732,1.5,0.014131994261119107,408.79296875,409.1640625,0.37109375,0.0006485000048996881,4586.328125
rico,30,2,46,degrees C,30,smart_building_conformal/outputs/matched_forecasting005/rico_h30_f2_s46_v1,cd907183301a189ddfcc195774dad58c8fa07d5b326d2ac29cf3636383dc681e,0db7f0a10aa75d45d291b57c800923360aa803d8a48eb3fa75d6968e1b6a27fe,True,xgboost,11407,3927,7667,0.6249124004303811,0.867018757595437,1,,xgboost.sklearn.XGBRegressor,3.1960899000114296,1.2376775000011548,0.08876199999940582,0.14666860000579618,52274.310927471925,4.669198000017786,4.609375,measured,0.676014086344072,1.3591041564941406,5.4581971059679555,3536,0.6795520782470703,-0.22398591365592802,0.8737446197991392,2.770411682128909,5.569467757555775,3732,1.3852058410644545,-0.07625538020086076,413.39453125,521.3671875,107.97265625,0.005864799997652881,4580.54296875
rico,30,2,46,degrees C,30,smart_building_conformal/outputs/matched_forecasting005/rico_h30_f2_s46_v1,cd907183301a189ddfcc195774dad58c8fa07d5b326d2ac29cf3636383dc681e,0db7f0a10aa75d45d291b57c800923360aa803d8a48eb3fa75d6968e1b6a27fe,True,attention_lstm,11407,3927,7667,3.525510582576228,3.8918747305354424,0,6.0,src.attention_lstm.AttentionLSTM,54.49249740000232,9.977263599997968,0.16380429999844637,0.3245154000032926,23625.997410052678,64.95808070000203,64.203125,measured,0.0639102647710969,2.0694923400878906,52.509464969438476,3536,1.0347461700439453,-0.8360897352289032,0.10082170340419981,2.8284805297851534,89.74616894754945,3732,1.4142402648925767,-0.8491782965958001,510.0,617.953125,107.953125,0.00412769999820739,4539.5703125
rico,60,2,46,degrees C,60,smart_building_conformal/outputs/matched_forecasting005/rico_h60_f2_s46_v1,cd907183301a189ddfcc195774dad58c8fa07d5b326d2ac29cf3636383dc681e,27622b6cebbf93f20aeec4af03f6497dc542faf718a8e023032df13475a84c65,True,persistence,9577,3297,6437,0.7156750038837967,1.041377894828978,0,,src.pilot_forecasters.Persistence,0.0,0.0005070999905001372,0.002093400005833246,0.003692999991471879,1743027.3530638365,0.006293499987805262,0.015625,measured,0.924188286468852,3.6000000000000014,5.100388379679974,2969,1.8000000000000007,0.02418828646885196,0.9608513282585055,5.0,6.397545440422556,3134,2.5,0.010851328258505544,404.46484375,404.6328125,0.16796875,0.00046690000453963876,4717.7578125
rico,60,2,46,degrees C,60,smart_building_conformal/outputs/matched_forecasting005/rico_h60_f2_s46_v1,cd907183301a189ddfcc195774dad58c8fa07d5b326d2ac29cf3636383dc681e,27622b6cebbf93f20aeec4af03f6497dc542faf718a8e023032df13475a84c65,True,xgboost,9577,3297,6437,1.1986881858798424,1.8162390871575813,0,,xgboost.sklearn.XGBRegressor,3.012374100013403,0.6318780000001425,0.05299630000081379,0.10378490001312457,62022.5100104734,3.801033300027484,3.765625,measured,0.6793537362125214,2.681539154052735,10.577610448956097,2969,1.340769577026368,-0.22064626378747865,0.8437160167780021,4.360217285156253,12.161570667446394,3134,2.1801086425781264,-0.10628398322199784,408.16796875,514.2578125,106.08984375,0.004355999990366399,4714.27734375
rico,60,2,46,degrees C,60,smart_building_conformal/outputs/matched_forecasting005/rico_h60_f2_s46_v1,cd907183301a189ddfcc195774dad58c8fa07d5b326d2ac29cf3636383dc681e,27622b6cebbf93f20aeec4af03f6497dc542faf718a8e023032df13475a84c65,True,attention_lstm,9577,3297,6437,3.7416848890711396,4.166828382204982,0,4.0,src.attention_lstm.AttentionLSTM,39.00032749999082,5.609762000007322,0.13998809999611694,0.2693571999989217,23897.634813644367,45.01943479999318,44.46875,measured,0.08373465900264099,2.412302398681639,53.88875234111121,2969,1.2061511993408196,-0.816265340997359,0.0986484387136865,2.7825973510742164,98.99721826870689,3134,1.391298675537108,-0.8513515612863134,510.78125,611.1171875,100.3359375,0.0048131999938050285,4594.03515625
bdg2,1,2,46,kWh per hour,60,smart_building_conformal/outputs/matched_forecasting005/bdg2_h1_f2_s46_v1,cd907183301a189ddfcc195774dad58c8fa07d5b326d2ac29cf3636383dc681e,b6643b6b0997a0780ea6392f425b4a0cb5398cc5509f4332b3c8d5941770a46d,True,persistence,51664,17370,34640,20.987969087759815,41.67140770234165,0,,src.pilot_forecasters.Persistence,0.0,0.000516500003868714,0.0072183000011136755,0.013694300010683946,2529519.579166131,0.021429100015666336,0.015625,measured,0.894919168591224,115.80600000000072,207.41386443418008,15634,57.90300000000036,-0.005080831408776021,0.9467667436489607,165.40000000000003,273.690915473441,16503,82.69999999999999,-0.0032332563510392154,433.0,433.46875,0.46875,0.0005541999998968095,4627.57421875
bdg2,1,2,46,kWh per hour,60,smart_building_conformal/outputs/matched_forecasting005/bdg2_h1_f2_s46_v1,cd907183301a189ddfcc195774dad58c8fa07d5b326d2ac29cf3636383dc681e,b6643b6b0997a0780ea6392f425b4a0cb5398cc5509f4332b3c8d5941770a46d,True,xgboost,51664,17370,34640,17.6870488675027,35.02284153415972,1,,xgboost.sklearn.XGBRegressor,6.2673058999935165,2.582539499999257,0.1859651999984635,0.3817566999932751,90738.4205715583,9.417567299984512,9.390625,measured,0.9032332563510392,93.579345703125,172.3708224097338,15634,46.7896728515625,0.0032332563510392154,0.9497979214780601,137.87353515625,232.90392008687422,16503,68.936767578125,-0.00020207852193987463,433.4453125,550.12109375,116.67578125,0.007949099992401898,4633.4375
bdg2,1,2,46,kWh per hour,60,smart_building_conformal/outputs/matched_forecasting005/bdg2_h1_f2_s46_v1,cd907183301a189ddfcc195774dad58c8fa07d5b326d2ac29cf3636383dc681e,b6643b6b0997a0780ea6392f425b4a0cb5398cc5509f4332b3c8d5941770a46d,True,attention_lstm,51664,17370,34640,19.931864463380457,36.97658223181227,0,22.0,src.attention_lstm.AttentionLSTM,480.2360168000014,164.01426809999975,0.6524403999937931,1.3315535000001546,26014.726407910744,646.2342787999951,635.28125,measured,0.898527713625866,97.01282153320312,179.0255236625971,15634,48.50641076660156,-0.0014722863741339909,0.9493071593533488,142.8797558593751,240.45736034462726,16503,71.43987792968755,-0.0006928406466512049,537.14453125,650.81640625,113.671875,0.00441300000238698,4484.37109375
bdg2,3,2,46,kWh per hour,180,smart_building_conformal/outputs/matched_forecasting005/bdg2_h3_f2_s46_v1,cd907183301a189ddfcc195774dad58c8fa07d5b326d2ac29cf3636383dc681e,f93cc7009437b45a97bce046887aaf78f96bc32475a26a555e30540eb666b963,True,persistence,51634,17360,34640,42.80348447459585,78.69880137930757,0,,src.pilot_forecasters.Persistence,0.0,0.00036609999369829893,0.006744300000718795,0.011709000013070181,2958408.05887207,0.018819400007487275,0.03125,measured,0.8978348729792148,250.0,402.0599384526559,15625,125.0,-0.002165127020785196,0.9459872979214781,344.19999999999993,504.7519927251731,16493,172.1,-0.00401270207852189,430.1953125,430.5859375,0.390625,0.0006110999966040254,4644.234375
bdg2,3,2,46,kWh per hour,180,smart_building_conformal/outputs/matched_forecasting005/bdg2_h3_f2_s46_v1,cd907183301a189ddfcc195774dad58c8fa07d5b326d2ac29cf3636383dc681e,f93cc7009437b45a97bce046887aaf78f96bc32475a26a555e30540eb666b963,True,xgboost,51634,17360,34640,28.46134206257845,54.02944426853317,0,,xgboost.sklearn.XGBRegressor,6.209249799998361,2.0639429000002565,0.1673503000056371,0.31717829999979585,109213.01993239227,8.75772130000405,8.625,measured,0.9080831408775981,147.5544921875,264.5470262582228,15625,73.77724609375,0.008083140877598094,0.9495669745958429,208.38509375000012,359.41048080533125,16493,104.192546875,-0.00043302540415701696,431.34375,546.39453125,115.05078125,0.005218499994953163,4629.17578125
bdg2,3,2,46,kWh per hour,180,smart_building_conformal/outputs/matched_forecasting005/bdg2_h3_f2_s46_v1,cd907183301a189ddfcc195774dad58c8fa07d5b326d2ac29cf3636383dc681e,f93cc7009437b45a97bce046887aaf78f96bc32475a26a555e30540eb666b963,True,attention_lstm,51634,17360,34640,32.13089702662303,63.20389038273789,0,24.0,src.attention_lstm.AttentionLSTM,489.48848750001343,179.5165163000056,0.6585116000060225,1.3476942999986932,25703.158349807956,671.0112097000238,657.546875,measured,0.9082852193995381,159.15976611328114,300.9147345539612,15625,79.5798830566406,0.00828521939953808,0.9519341801385681,230.71185058593755,419.8834700175577,16493,115.35592529296878,0.0019341801385681645,535.16796875,651.1640625,115.99609375,0.00420999999914784,4524.53515625
bdg2,6,2,46,kWh per hour,360,smart_building_conformal/outputs/matched_forecasting005/bdg2_h6_f2_s46_v1,cd907183301a189ddfcc195774dad58c8fa07d5b326d2ac29cf3636383dc681e,ce484c863017f245f239e40a1cfb85455667277e7f8f3899f4fecb6301a7ab69,True,persistence,51584,17350,34640,73.28396772228638,119.92957137497905,0,,src.pilot_forecasters.Persistence,0.0,0.000502099996083416,0.006911799995577894,0.012592500002938323,2750843.7555622105,0.020006399994599633,0.015625,measured,0.8975461893764434,406.3119999999999,580.2719217667436,15616,203.15599999999995,-0.0024538106235566515,0.9442263279445727,498.0,703.0353413394918,16484,249.0,-0.005773672055427226,430.5625,430.7578125,0.1953125,0.0006528000085381791,4257.5859375
bdg2,6,2,46,kWh per hour,360,smart_building_conformal/outputs/matched_forecasting005/bdg2_h6_f2_s46_v1,cd907183301a189ddfcc195774dad58c8fa07d5b326d2ac29cf3636383dc681e,ce484c863017f245f239e40a1cfb85455667277e7f8f3899f4fecb6301a7ab69,True,xgboost,51584,17350,34640,34.29406362467318,67.0179040500667,0,,xgboost.sklearn.XGBRegressor,6.362754799993127,2.0533869999926537,0.15012740000383928,0.3038068000023486,114019.83102330893,8.870075999991968,8.734375,measured,0.9067551963048499,175.81894726562496,323.932129559994,15616,87.90947363281248,0.006755196304849886,0.9496535796766744,249.6477172851563,445.02991922108066,16484,124.8238586425781,-0.00034642032332554695,431.4609375,548.8984375,117.4375,0.006597200001124293,4248.234375
bdg2,6,2,46,kWh per hour,360,smart_building_conformal/outputs/matched_forecasting005/bdg2_h6_f2_s46_v1,cd907183301a189ddfcc195774dad58c8fa07d5b326d2ac29cf3636383dc681e,ce484c863017f245f239e40a1cfb85455667277e7f8f3899f4fecb6301a7ab69,True,attention_lstm,51584,17350,34640,41.223475507482654,76.50255493998989,0,6.0,src.attention_lstm.AttentionLSTM,233.59312190000492,46.40475039999001,0.700533399998676,1.3392078000033507,25866.03811590205,282.03761349999695,277.296875,measured,0.9083718244803695,194.93951220703133,363.760376915038,15616,97.46975610351564,0.008371824480369439,0.9551096997690531,286.29556005859376,506.36826940404853,16484,143.14778002929688,0.005109699769053178,536.46484375,656.15625,119.69140625,0.004451599990716204,4574.4375
pleia,1,2,46,degrees C,10,smart_building_conformal/outputs/matched_forecasting005/pleia_h1_f2_s46_v1,cd907183301a189ddfcc195774dad58c8fa07d5b326d2ac29cf3636383dc681e,4989341ff9d463b283be2be3ec47d0d71a904ea498b2ec581d160b37a8fe96a9,True,persistence,14858,4953,9907,0.23937619864742102,0.3366736506882145,0,,src.pilot_forecasters.Persistence,0.0,0.0004400999896461144,0.0025367000052938238,0.003732599987415597,2654182.08042686,0.006709399982355535,0.0,measured,0.9408499041082063,1.2000000000000028,1.5472292318562646,4459,0.6000000000000014,0.040849904108206325,0.9651761380841829,1.599999999999994,1.9044312102553733,4707,0.7999999999999972,0.015176138084182944,375.4296875,375.51171875,0.08203125,0.0007310999935725704,4539.6640625
pleia,1,2,46,degrees C,10,smart_building_conformal/outputs/matched_forecasting005/pleia_h1_f2_s46_v1,cd907183301a189ddfcc195774dad58c8fa07d5b326d2ac29cf3636383dc681e,4989341ff9d463b283be2be3ec47d0d71a904ea498b2ec581d160b37a8fe96a9,True,xgboost,14858,4953,9907,2.4546979366451502,2.8343470210141066,0,,xgboost.sklearn.XGBRegressor,2.8340858000010485,0.7294323999958578,0.051417800001217984,0.10582490000524558,93616.90868131153,3.72076090000337,3.703125,measured,0.2234783486423741,2.3515213012695284,30.293639302082884,4459,1.1757606506347642,-0.676521651357626,0.31190067628949225,2.9899360656738314,49.543362877344066,4707,1.4949680328369155,-0.6380993237105077,370.82421875,481.39453125,110.5703125,0.004659799989894964,4544.28125
pleia,1,2,46,degrees C,10,smart_building_conformal/outputs/matched_forecasting005/pleia_h1_f2_s46_v1,cd907183301a189ddfcc195774dad58c8fa07d5b326d2ac29cf3636383dc681e,4989341ff9d463b283be2be3ec47d0d71a904ea498b2ec581d160b37a8fe96a9,True,attention_lstm,14858,4953,9907,3.3024935558223216,3.6285962975268014,0,29.0,src.attention_lstm.AttentionLSTM,152.95563120000588,60.242110899998806,0.1863286000007065,0.3778485999937402,26219.496380730612,213.76191929999914,209.875,measured,0.22590087816695267,4.036294555664064,33.53162141020006,4459,2.018147277832032,-0.6740991218330473,0.3096800242252952,4.917079162597659,51.00029238732336,4707,2.4585395812988295,-0.6403199757747047,478.75,600.28515625,121.53515625,0.0045301000063773245,4589.296875
pleia,3,2,46,degrees C,30,smart_building_conformal/outputs/matched_forecasting005/pleia_h3_f2_s46_v1,cd907183301a189ddfcc195774dad58c8fa07d5b326d2ac29cf3636383dc681e,b27f1feef915808c6510c0377190a06d1c9c41d2cf628facd895b6f01110082d,True,persistence,14855,4952,9907,0.3915918037751086,0.5655364111359953,0,,src.pilot_forecasters.Persistence,0.0,0.0008408000139752403,0.0032821000058902428,0.004775599998538382,2074503.7279152633,0.008898500018403865,0.0,measured,0.9363076612496215,2.0,2.665186231957202,4458,1.0,0.03630766124962148,0.9600282628444534,2.4000000000000057,3.2700918542444737,4706,1.2000000000000028,0.010028262844453462,366.91796875,367.00390625,0.0859375,0.0007848000095691532,4701.2421875
pleia,3,2,46,degrees C,30,smart_building_conformal/outputs/matched_forecasting005/pleia_h3_f2_s46_v1,cd907183301a189ddfcc195774dad58c8fa07d5b326d2ac29cf3636383dc681e,b27f1feef915808c6510c0377190a06d1c9c41d2cf628facd895b6f01110082d,True,xgboost,14855,4952,9907,3.342319265966087,3.727628739108575,0,,xgboost.sklearn.XGBRegressor,2.8796356999955606,0.7110142999881646,0.05178850000083912,0.09936839999863878,99699.7033275741,3.741806899983203,3.6875,measured,0.22327647118199254,3.7971824645996084,36.03067232853737,4458,1.898591232299804,-0.6767235288180075,0.295043908347633,4.510189819335935,58.403626040597956,4706,2.2550949096679673,-0.6549560916523669,371.453125,482.4375,110.984375,0.00444479999714531,4693.74609375
pleia,3,2,46,degrees C,30,smart_building_conformal/outputs/matched_forecasting005/pleia_h3_f2_s46_v1,cd907183301a189ddfcc195774dad58c8fa07d5b326d2ac29cf3636383dc681e,b27f1feef915808c6510c0377190a06d1c9c41d2cf628facd895b6f01110082d,True,attention_lstm,14855,4952,9907,3.871115346222987,4.190699403882842,0,18.0,src.attention_lstm.AttentionLSTM,126.9785464000015,37.546667099988554,0.20459999999729916,0.39068110000516754,25358.278145190437,165.12049459999253,162.0,measured,0.1893610578378924,4.726341247558594,38.53276942545655,4458,2.363170623779297,-0.7106389421621077,0.25749470071666497,5.653884124755862,58.8621705722625,4706,2.826942062377931,-0.6925052992833349,478.00390625,607.28515625,129.28125,0.004285799994249828,4535.1328125
pleia,6,2,46,degrees C,60,smart_building_conformal/outputs/matched_forecasting005/pleia_h6_f2_s46_v1,cd907183301a189ddfcc195774dad58c8fa07d5b326d2ac29cf3636383dc681e,167204fe887068fae49a0bf3704d7bec6197c99a453a7be4422e9f5affd4de08,True,persistence,14850,4951,9907,0.5479458968406178,0.7817754844230004,0,,src.pilot_forecasters.Persistence,0.0,0.0004518000059761107,0.0029402000072877854,0.003843900005449541,2577330.3119110106,0.007235900018713437,0.03125,measured,0.9193499545775714,2.6000000000000014,3.6683355203391548,4457,1.3000000000000007,0.019349954577571382,0.95306349046129,3.2000000000000033,4.51422226708388,4705,1.6000000000000014,0.0030634904612900637,368.03125,368.12109375,0.08984375,0.0008421000093221664,4718.80078125
pleia,6,2,46,degrees C,60,smart_building_conformal/outputs/matched_forecasting005/pleia_h6_f2_s46_v1,cd907183301a189ddfcc195774dad58c8fa07d5b326d2ac29cf3636383dc681e,167204fe887068fae49a0bf3704d7bec6197c99a453a7be4422e9f5affd4de08,True,xgboost,14850,4951,9907,4.96980373228163,5.353443324875352,0,,xgboost.sklearn.XGBRegressor,2.9291784999950323,0.7178888999915216,0.051802799993311055,0.10060360000352375,98475.60126728065,3.7994737999833887,3.734375,measured,0.20601594831937015,6.383818054199219,46.57644600229524,4457,3.1919090270996087,-0.6939840516806299,0.26809326738669625,7.289404296875002,73.87316886491388,4705,3.6447021484374993,-0.6819067326133037,372.2109375,482.5,110.2890625,0.004618699997081421,4693.4921875
pleia,6,2,46,degrees C,60,smart_building_conformal/outputs/matched_forecasting005/pleia_h6_f2_s46_v1,cd907183301a189ddfcc195774dad58c8fa07d5b326d2ac29cf3636383dc681e,167204fe887068fae49a0bf3704d7bec6197c99a453a7be4422e9f5affd4de08,True,attention_lstm,14850,4951,9907,4.795575385085506,5.104865173713956,0,10.0,src.attention_lstm.AttentionLSTM,76.36939500000153,20.818679800009704,0.18843110000307206,0.37282999999297317,26572.432476428185,97.74933590000728,95.9375,measured,0.2034924800646008,6.742596435546873,40.11695613397101,4457,3.371298217773436,-0.6965075199353992,0.275360855960432,7.719996643066408,59.55131634864018,4705,3.8599983215332045,-0.6746391440395679,476.12890625,604.57421875,128.4453125,0.004531200000201352,4582.984375
pleia_energy,1,1,42,kWh per 10 minutes,10,smart_building_conformal/outputs/matched_forecasting005/pleia_energy_h1_f1_s42_v1,a94b3835135749e2f18b89fb6017d8d0b8b9d419cb0a1f9be11122d93d0a217f,f36bc65f64a09244efd5d67467ff4b54107845e8893c642dc20345a790f70a53,True,persistence,22289,7430,9907,0.24709958867467446,4.643716044920821,0,,src.pilot_forecasters.Persistence,0.0,0.00028500000189524144,0.002335599987418391,0.002643599989823997,3747541.246079207,0.005264199979137629,0.0,measured,0.9015847380639952,1.015625,2.619793769556879,6688,0.5078125,0.0015847380639951725,0.9556878974462502,1.265625,4.12029846320783,7060,0.6328125,0.005687897446250201,365.75390625,365.84375,0.08984375,0.00031119999766815454,6120.08203125
pleia_energy,1,1,42,kWh per 10 minutes,10,smart_building_conformal/outputs/matched_forecasting005/pleia_energy_h1_f1_s42_v1,a94b3835135749e2f18b89fb6017d8d0b8b9d419cb0a1f9be11122d93d0a217f,f36bc65f64a09244efd5d67467ff4b54107845e8893c642dc20345a790f70a53,True,xgboost,22289,7430,9907,0.18971445762952882,3.287750651904667,0,,xgboost.sklearn.XGBRegressor,3.5174365999992006,0.6257532000017818,0.047333599999547005,0.0593522999988636,166918.5524434552,4.249875699999393,3.03125,measured,0.9015847380639952,0.7465925216674805,1.7612677882697636,6688,0.37329626083374023,0.0015847380639951725,0.9572019783991117,1.055371642112732,2.662985806179007,7060,0.527685821056366,0.007201978399111741,370.35546875,484.0859375,113.73046875,0.004238299996359274,6110.6640625
pleia_energy,1,1,42,kWh per 10 minutes,10,smart_building_conformal/outputs/matched_forecasting005/pleia_energy_h1_f1_s42_v1,a94b3835135749e2f18b89fb6017d8d0b8b9d419cb0a1f9be11122d93d0a217f,f36bc65f64a09244efd5d67467ff4b54107845e8893c642dc20345a790f70a53,True,attention_lstm,22289,7430,9907,0.19721072223486832,3.288593860964665,1,10.0,src.attention_lstm.AttentionLSTM,63.32886310000322,21.863727999996627,0.20031480000761803,0.24618010000267532,40242.89534325617,85.63908600001014,84.078125,measured,0.8939133945694964,0.7586605548858643,1.8343490409035248,6688,0.37933027744293213,-0.0060866054305036554,0.9574038558594933,1.0969135761260986,2.777169222462076,7060,0.5484567880630493,0.007403855859493325,478.39453125,592.8125,114.41796875,0.014345799994771369,5986.2109375
pleia_energy,3,1,42,kWh per 10 minutes,30,smart_building_conformal/outputs/matched_forecasting005/pleia_energy_h3_f1_s42_v1,a94b3835135749e2f18b89fb6017d8d0b8b9d419cb0a1f9be11122d93d0a217f,ea1016cbfb305bdfde318375e6472c7c5d7145352608bf0c9e57461d1aade77a,True,persistence,22285,7429,9907,0.2506844907641062,4.645720891735507,0,,src.pilot_forecasters.Persistence,0.0,0.00026709999656304717,0.0025700999976834282,0.0026519999955780804,3735671.197782367,0.005489199989824556,0.0,measured,0.9002725345715151,1.015625,2.6996930831735138,6687,0.5078125,0.00027253457151510396,0.9555869587160594,1.28125,4.265787448268899,7059,0.640625,0.005586958716059409,366.3828125,366.46875,0.0859375,0.00044010000419802964,6145.61328125
pleia_energy,3,1,42,kWh per 10 minutes,30,smart_building_conformal/outputs/matched_forecasting005/pleia_energy_h3_f1_s42_v1,a94b3835135749e2f18b89fb6017d8d0b8b9d419cb0a1f9be11122d93d0a217f,ea1016cbfb305bdfde318375e6472c7c5d7145352608bf0c9e57461d1aade77a,True,xgboost,22285,7429,9907,0.20714374531695565,3.2895336021516313,0,,xgboost.sklearn.XGBRegressor,3.3854107999941334,0.627130799999577,0.04979869999806397,0.06397410000499804,154859.54470990613,4.126314399996772,2.984375,measured,0.8917936812354901,0.7835162878036499,1.8738838760068515,6687,0.39175814390182495,-0.008206318764509946,0.9492278187140406,1.0724519491195679,2.8011691938847685,7059,0.5362259745597839,-0.0007721812859593502,369.4140625,483.51171875,114.09765625,0.003348900005221367,6145.5234375
pleia_energy,3,1,42,kWh per 10 minutes,30,smart_building_conformal/outputs/matched_forecasting005/pleia_energy_h3_f1_s42_v1,a94b3835135749e2f18b89fb6017d8d0b8b9d419cb0a1f9be11122d93d0a217f,ea1016cbfb305bdfde318375e6472c7c5d7145352608bf0c9e57461d1aade77a,True,attention_lstm,22285,7429,9907,0.20733552657807042,3.2903355844618125,0,6.0,src.attention_lstm.AttentionLSTM,65.34105190000264,13.510332100006053,0.18584210000699386,0.2596192999917548,38159.72079238575,79.29684540000744,78.296875,measured,0.8896739679014838,0.8142305612564087,1.9540860926429908,6687,0.40711528062820435,-0.010326032098516236,0.9558897749066316,1.1731793880462646,2.9333125651394103,7059,0.5865896940231323,0.005889774906631673,479.453125,593.7578125,114.3046875,0.0030970999941928312,5974.625
pleia_energy,6,1,42,kWh per 10 minutes,60,smart_building_conformal/outputs/matched_forecasting005/pleia_energy_h6_f1_s42_v1,a94b3835135749e2f18b89fb6017d8d0b8b9d419cb0a1f9be11122d93d0a217f,417858dcf4d96f77c485476c9067e3e3303649e81c8a6bfe1533aa4215559e66,True,persistence,22280,7428,9907,0.259079754214192,4.6431333993305035,0,,src.pilot_forecasters.Persistence,0.0,0.0002842999965650961,0.002668499990249984,0.0029346000083023682,3375928.5667456547,0.005887399995117448,0.0,measured,0.8938124558393056,1.015625,2.8072559175330576,6687,0.5078125,-0.006187544160694447,0.9491268799838498,1.3125,4.43197991319269,7058,0.65625,-0.0008731200161501418,366.921875,367.01171875,0.08984375,0.000337799996486865,6082.30859375
pleia_energy,6,1,42,kWh per 10 minutes,60,smart_building_conformal/outputs/matched_forecasting005/pleia_energy_h6_f1_s42_v1,a94b3835135749e2f18b89fb6017d8d0b8b9d419cb0a1f9be11122d93d0a217f,417858dcf4d96f77c485476c9067e3e3303649e81c8a6bfe1533aa4215559e66,True,xgboost,22280,7428,9907,0.2156004488495996,3.2908952999314907,0,,xgboost.sklearn.XGBRegressor,2.667545300006168,0.6323517999990145,0.048006200013333,0.06033449999813456,164201.24473238873,3.40823780001665,3.0625,measured,0.8916927425052993,0.8228492736816406,1.9842286075239672,6687,0.4114246368408203,-0.008307257494700737,0.9544766326839609,1.1905080080032349,2.987701617691943,7058,0.5952540040016174,0.004476632683960924,367.50390625,481.51171875,114.0078125,0.003042800002731383,6087.38671875
pleia_energy,6,1,42,kWh per 10 minutes,60,smart_building_conformal/outputs/matched_forecasting005/pleia_energy_h6_f1_s42_v1,a94b3835135749e2f18b89fb6017d8d0b8b9d419cb0a1f9be11122d93d0a217f,417858dcf4d96f77c485476c9067e3e3303649e81c8a6bfe1533aa4215559e66,True,attention_lstm,22280,7428,9907,0.2223054455515955,3.2930829482698116,0,4.0,src.attention_lstm.AttentionLSTM,54.88116330000048,8.676632799993968,0.2040932999952929,0.2697018000035314,36733.16232917348,64.03159119999327,63.28125,measured,0.8826082567881296,0.8784517645835876,2.1374670081378304,6687,0.4392258822917938,-0.017391743211870425,0.9526597355405269,1.3227952718734741,3.172704990617414,7058,0.6613976359367371,0.0026597355405268974,476.71484375,591.328125,114.61328125,0.0033225999941350892,5973.73828125
pleia_energy,3,0,42,kWh per 10 minutes,30,smart_building_conformal/outputs/matched_forecasting005/pleia_energy_h3_f0_s42_v1,a94b3835135749e2f18b89fb6017d8d0b8b9d419cb0a1f9be11122d93d0a217f,2e37fb412c09adb797cf213fb68ba4743e8055bd1855b5adbd4fe19f50def205,True,persistence,29715,9906,9909,0.13262406650519729,3.491696175451933,0,,src.pilot_forecasters.Persistence,0.0,0.0003243999963160604,0.0028249000024516135,0.0027809000021079555,3563234.9212445104,0.0059302000008756295,0.0,measured,0.9672015339590272,1.015625,2.1913711651024324,8917,0.5078125,0.06720153395902717,0.980825512160662,1.25,3.4831340195781593,9412,0.625,0.030825512160662094,369.953125,370.046875,0.09375,0.0004079999926034361,6084.88671875
pleia_energy,3,0,42,kWh per 10 minutes,30,smart_building_conformal/outputs/matched_forecasting005/pleia_energy_h3_f0_s42_v1,a94b3835135749e2f18b89fb6017d8d0b8b9d419cb0a1f9be11122d93d0a217f,2e37fb412c09adb797cf213fb68ba4743e8055bd1855b5adbd4fe19f50def205,True,xgboost,29715,9906,9909,0.10889510883760688,2.474722321497662,0,,xgboost.sklearn.XGBRegressor,3.304365999996662,0.8128064000047743,0.06580959999701008,0.06496800000604708,152521.2412122536,4.247950000004494,3.765625,measured,0.9584216368957513,0.8025715947151184,1.4731460638003677,8917,0.4012857973575592,0.058421636895751305,0.9802200020183671,1.0228026509284973,2.232649562234702,9412,0.5114013254642487,0.030220002018367165,371.1875,487.41015625,116.22265625,0.003614100001868792,6091.55859375
pleia_energy,3,0,42,kWh per 10 minutes,30,smart_building_conformal/outputs/matched_forecasting005/pleia_energy_h3_f0_s42_v1,a94b3835135749e2f18b89fb6017d8d0b8b9d419cb0a1f9be11122d93d0a217f,2e37fb412c09adb797cf213fb68ba4743e8055bd1855b5adbd4fe19f50def205,True,attention_lstm,29715,9906,9909,0.10718815728385918,2.4761359125333255,0,12.0,src.attention_lstm.AttentionLSTM,131.4073242000013,34.865500999992946,0.2644672000024002,0.2468232000101125,40146.14509330574,166.78411560000677,164.921875,measured,0.9651831668180442,0.808954119682312,1.4781533161185563,8917,0.404477059841156,0.06518316681804415,0.9802200020183671,1.0420770645141602,2.257054093880421,9412,0.5210385322570801,0.030220002018367165,479.12890625,599.421875,120.29296875,0.0032452000014018267,5927.1796875
pleia_energy,6,0,42,kWh per 10 minutes,60,smart_building_conformal/outputs/matched_forecasting005/pleia_energy_h6_f0_s42_v1,a94b3835135749e2f18b89fb6017d8d0b8b9d419cb0a1f9be11122d93d0a217f,64befd2dcc9d7debfcb4705e4daa4ddaa39cb0c664a78711d6fe757c3257e654,True,persistence,29710,9904,9909,0.14409564537289332,3.4910117759006383,0,,src.pilot_forecasters.Persistence,0.0,0.00025090000417549163,0.003210100010619499,0.002674699993804097,3704714.556007796,0.006135700008599088,0.0,measured,0.9617519426783732,1.0625,2.2682536078312645,8915,0.53125,0.06175194267837314,0.9772933696639419,1.328125,3.5800866005651404,9410,0.6640625,0.027293369663941913,367.72265625,367.8125,0.08984375,0.0003769000031752512,6060.6640625
pleia_energy,6,0,42,kWh per 10 minutes,60,smart_building_conformal/outputs/matched_forecasting005/pleia_energy_h6_f0_s42_v1,a94b3835135749e2f18b89fb6017d8d0b8b9d419cb0a1f9be11122d93d0a217f,64befd2dcc9d7debfcb4705e4daa4ddaa39cb0c664a78711d6fe757c3257e654,True,xgboost,29710,9904,9909,0.11576913134089174,2.475600688881363,0,,xgboost.sklearn.XGBRegressor,3.3485597999970196,0.7929659999936121,0.05913870000222232,0.061322000008658506,161589.64154138605,4.2619865000015125,3.671875,measured,0.9509536784741145,0.803614616394043,1.5017363499688001,8915,0.4018073081970215,0.05095367847411447,0.9756786759511555,1.039863109588623,2.2678708840191253,9410,0.5199315547943115,0.025678675951155583,370.3515625,484.78125,114.4296875,0.003210499999113381,6053.015625
pleia_energy,6,0,42,kWh per 10 minutes,60,smart_building_conformal/outputs/matched_forecasting005/pleia_energy_h6_f0_s42_v1,a94b3835135749e2f18b89fb6017d8d0b8b9d419cb0a1f9be11122d93d0a217f,64befd2dcc9d7debfcb4705e4daa4ddaa39cb0c664a78711d6fe757c3257e654,True,attention_lstm,29710,9904,9909,0.12123720842330989,2.477107897546134,0,6.0,src.attention_lstm.AttentionLSTM,69.1571716000035,17.517592799995327,0.2597588999924483,0.2567220000055386,38598.17234123379,87.19124529999681,85.84375,measured,0.9652840851750933,0.8574295043945312,1.5210428510042815,8915,0.4287147521972656,0.06528408517509332,0.9812291855888586,1.1240663528442383,2.312280345352858,9410,0.5620331764221191,0.031229185588858677,478.0390625,599.3984375,121.359375,0.002853300000424497,5922.2734375
pleia_energy,1,1,43,kWh per 10 minutes,10,smart_building_conformal/outputs/matched_forecasting005/pleia_energy_h1_f1_s43_v1,a94b3835135749e2f18b89fb6017d8d0b8b9d419cb0a1f9be11122d93d0a217f,1a98689f32bf81cb4f5705d6f49d04567d08cf54152374b9868cc9788a7f3e90,True,persistence,22289,7430,9907,0.24709958867467446,4.643716044920821,0,,src.pilot_forecasters.Persistence,0.0,0.00037429999792948365,0.0024873999936971813,0.0026824999949894845,3693196.651819131,0.0055441999866161495,0.0,measured,0.9015847380639952,1.015625,2.619793769556879,6688,0.5078125,0.0015847380639951725,0.9556878974462502,1.265625,4.12029846320783,7060,0.6328125,0.005687897446250201,366.3203125,366.41015625,0.08984375,0.000450699997600168,6063.08203125
pleia_energy,1,1,43,kWh per 10 minutes,10,smart_building_conformal/outputs/matched_forecasting005/pleia_energy_h1_f1_s43_v1,a94b3835135749e2f18b89fb6017d8d0b8b9d419cb0a1f9be11122d93d0a217f,1a98689f32bf81cb4f5705d6f49d04567d08cf54152374b9868cc9788a7f3e90,True,xgboost,22289,7430,9907,0.18943022945832808,3.2875886393090576,0,,xgboost.sklearn.XGBRegressor,2.902708599998732,0.6231442999996943,0.046828199992887676,0.060335300004226156,164199.06753270587,3.6330163999955403,3.09375,measured,0.9040072675885737,0.7523469924926758,1.7488207762659143,6688,0.3761734962463379,0.004007267588573726,0.9553850812556778,1.0297159552574158,2.640690452313463,7060,0.5148579776287079,0.005385081255677826,369.015625,482.7421875,113.7265625,0.0031860000017331913,6053.41015625
pleia_energy,1,1,43,kWh per 10 minutes,10,smart_building_conformal/outputs/matched_forecasting005/pleia_energy_h1_f1_s43_v1,a94b3835135749e2f18b89fb6017d8d0b8b9d419cb0a1f9be11122d93d0a217f,1a98689f32bf81cb4f5705d6f49d04567d08cf54152374b9868cc9788a7f3e90,True,attention_lstm,22289,7430,9907,0.19878190481345084,3.2891709508209592,0,6.0,src.attention_lstm.AttentionLSTM,59.76731870000367,13.226895500003593,0.18605070000921842,0.24521459999959916,40401.34641255535,73.42547950001608,72.921875,measured,0.8915918037751085,0.7838953733444214,1.8841254526687774,6688,0.3919476866722107,-0.008408196224891529,0.9563944685575856,1.1237582564353943,2.8355026594370187,7060,0.5618791282176971,0.006394468557585631,477.66796875,591.59375,113.92578125,0.003096400003414601,5920.41796875
pleia_energy,3,1,43,kWh per 10 minutes,30,smart_building_conformal/outputs/matched_forecasting005/pleia_energy_h3_f1_s43_v1,a94b3835135749e2f18b89fb6017d8d0b8b9d419cb0a1f9be11122d93d0a217f,b2590da06e2b79a545bec43bdff8c779a1f6cbab3721026734a31ca33a2e5c0d,True,persistence,22285,7429,9907,0.2506844907641062,4.645720891735507,0,,src.pilot_forecasters.Persistence,0.0,0.000255000006291084,0.002865999995265156,0.0026431000005686656,3748250.1599895954,0.005764100002124906,0.015625,measured,0.9002725345715151,1.015625,2.6996930831735138,6687,0.5078125,0.00027253457151510396,0.9555869587160594,1.28125,4.265787448268899,7059,0.640625,0.005586958716059409,367.6328125,367.71875,0.0859375,0.00036609999369829893,6105.76953125
pleia_energy,3,1,43,kWh per 10 minutes,30,smart_building_conformal/outputs/matched_forecasting005/pleia_energy_h3_f1_s43_v1,a94b3835135749e2f18b89fb6017d8d0b8b9d419cb0a1f9be11122d93d0a217f,b2590da06e2b79a545bec43bdff8c779a1f6cbab3721026734a31ca33a2e5c0d,True,xgboost,22285,7429,9907,0.20321891621278623,3.2893335827233594,0,,xgboost.sklearn.XGBRegressor,2.8827854999981355,0.6230780000041705,0.04582929999742191,0.061171099994680844,161955.56399772878,3.6128638999944087,3.0625,measured,0.8973453113959826,0.8033461570739746,1.8616207014019897,6687,0.4016730785369873,-0.002654688604017408,0.9515494095084284,1.0786885619163513,2.7860929567926727,7059,0.5393442809581757,0.001549409508428412,368.953125,483.53515625,114.58203125,0.0034306000015931204,6082.1875
pleia_energy,3,1,43,kWh per 10 minutes,30,smart_building_conformal/outputs/matched_forecasting005/pleia_energy_h3_f1_s43_v1,a94b3835135749e2f18b89fb6017d8d0b8b9d419cb0a1f9be11122d93d0a217f,b2590da06e2b79a545bec43bdff8c779a1f6cbab3721026734a31ca33a2e5c0d,True,attention_lstm,22285,7429,9907,0.20935593636134348,3.290760615449178,0,8.0,src.attention_lstm.AttentionLSTM,65.49886349998997,17.63709679999738,0.1910397999890847,0.2558110000099987,38727.810765028764,83.58281109998643,82.4375,measured,0.8876551932976683,0.8136872053146362,2.003624585661046,6687,0.4068436026573181,-0.012344806702331734,0.9519531644291915,1.1879475116729736,3.001315835182367,7059,0.5939737558364868,0.0019531644291915784,477.1875,594.58203125,117.39453125,0.0031773999944562092,5991.81640625
pleia_energy,6,1,43,kWh per 10 minutes,60,smart_building_conformal/outputs/matched_forecasting005/pleia_energy_h6_f1_s43_v1,a94b3835135749e2f18b89fb6017d8d0b8b9d419cb0a1f9be11122d93d0a217f,db5dd9e0c7159d84191407dea45948a9d0d6374cbbebfeaf5053a9bd3ddddcf0,True,persistence,22280,7428,9907,0.259079754214192,4.6431333993305035,0,,src.pilot_forecasters.Persistence,0.0,0.0003268000000389293,0.00239799999690149,0.002865600006771274,3457216.6305800667,0.005590400003711693,0.015625,measured,0.8938124558393056,1.015625,2.8072559175330576,6687,0.5078125,-0.006187544160694447,0.9491268799838498,1.3125,4.43197991319269,7058,0.65625,-0.0008731200161501418,367.0546875,367.14453125,0.08984375,0.00038519999361597,6096.69140625
pleia_energy,6,1,43,kWh per 10 minutes,60,smart_building_conformal/outputs/matched_forecasting005/pleia_energy_h6_f1_s43_v1,a94b3835135749e2f18b89fb6017d8d0b8b9d419cb0a1f9be11122d93d0a217f,db5dd9e0c7159d84191407dea45948a9d0d6374cbbebfeaf5053a9bd3ddddcf0,True,xgboost,22280,7428,9907,0.21583623779865993,3.2908935259877805,0,,xgboost.sklearn.XGBRegressor,2.8005775999918114,0.6281901000038488,0.048557500005699694,0.06117390000144951,161948.15108674215,3.5384991000028094,3.0625,measured,0.8926011910770163,0.8225703239440918,1.9839289551896935,6687,0.4112851619720459,-0.007398808922983724,0.9546785101443424,1.189652919769287,2.9820621678635932,7058,0.5948264598846436,0.004678510144342396,369.484375,483.77734375,114.29296875,0.003111799989710562,6083.11328125
pleia_energy,6,1,43,kWh per 10 minutes,60,smart_building_conformal/outputs/matched_forecasting005/pleia_energy_h6_f1_s43_v1,a94b3835135749e2f18b89fb6017d8d0b8b9d419cb0a1f9be11122d93d0a217f,db5dd9e0c7159d84191407dea45948a9d0d6374cbbebfeaf5053a9bd3ddddcf0,True,attention_lstm,22280,7428,9907,0.230438137911482,3.293491546033254,0,4.0,src.attention_lstm.AttentionLSTM,50.358673399998224,8.693294400000013,0.18316760000016075,0.24385709999478422,40626.252014855825,59.47899249999318,59.0,measured,0.882911072978702,0.8834366798400879,2.1753624266676623,6687,0.44171833992004395,-0.01708892702129805,0.95306349046129,1.3624250292778015,3.218283456720976,7058,0.6812125146389008,0.0030634904612900637,478.03125,591.28515625,113.25390625,0.0031981000065570697,5961.7109375
pleia_energy,1,0,43,kWh per 10 minutes,10,smart_building_conformal/outputs/matched_forecasting005/pleia_energy_h1_f0_s43_v1,a94b3835135749e2f18b89fb6017d8d0b8b9d419cb0a1f9be11122d93d0a217f,52768db6d93e91109aa850904e5813ea3eb00f1033b28e8dbd2606f5135f219d,True,persistence,29719,9907,9909,0.14425096503178927,3.4973458927613192,0,,src.pilot_forecasters.Persistence,0.0,0.00029630000062752515,0.0029802000062773004,0.0029131000046618283,3401531.009626393,0.006189600011566654,0.015625,measured,0.9570087798970632,1.015625,2.194871770612574,8918,0.5078125,0.05700877989706321,0.9754768392370572,1.234375,3.452844320819455,9413,0.6171875,0.025476839237057236,366.68359375,366.7734375,0.08984375,0.0004437000025063753,6073.28125
pleia_energy,1,0,43,kWh per 10 minutes,10,smart_building_conformal/outputs/matched_forecasting005/pleia_energy_h1_f0_s43_v1,a94b3835135749e2f18b89fb6017d8d0b8b9d419cb0a1f9be11122d93d0a217f,52768db6d93e91109aa850904e5813ea3eb00f1033b28e8dbd2606f5135f219d,True,xgboost,29719,9907,9909,0.10019719908035557,2.4746441190555397,0,,xgboost.sklearn.XGBRegressor,3.392069600013201,0.8298581999988528,0.06206479998945724,0.060674699998344295,163313.5392555777,4.3446672999998555,3.703125,measured,0.9566051064688667,0.6900267004966736,1.3748949019251322,8918,0.3450133502483368,0.05660510646886663,0.9789080633767282,0.9221133589744568,2.1489075928827206,9413,0.4610566794872284,0.028908063376728244,369.74609375,485.3515625,115.60546875,0.0032492000027559698,6067.2890625
pleia_energy,1,0,43,kWh per 10 minutes,10,smart_building_conformal/outputs/matched_forecasting005/pleia_energy_h1_f0_s43_v1,a94b3835135749e2f18b89fb6017d8d0b8b9d419cb0a1f9be11122d93d0a217f,52768db6d93e91109aa850904e5813ea3eb00f1033b28e8dbd2606f5135f219d,True,attention_lstm,29719,9907,9909,0.10335716063216688,2.4753431383070894,1,19.0,src.attention_lstm.AttentionLSTM,129.0069283000048,55.266990000003716,0.24553159999777563,0.25964530000055674,38163.60242214572,184.77909520000685,182.734375,measured,0.9626602078918155,0.7262616157531738,1.3836960065303483,8918,0.3631308078765869,0.06266020789181548,0.981531940660006,0.9747817516326904,2.156991646886292,9413,0.4873908758163452,0.031531940660006086,480.7109375,596.16796875,115.45703125,0.003093300008913502,5973.37890625
pleia_energy,3,0,43,kWh per 10 minutes,30,smart_building_conformal/outputs/matched_forecasting005/pleia_energy_h3_f0_s43_v1,a94b3835135749e2f18b89fb6017d8d0b8b9d419cb0a1f9be11122d93d0a217f,3eb185e1f8b4f8ebaa2bd3e7e80457404e7814019cf1e98cb4a1a1066cddc336,True,persistence,29715,9906,9909,0.13262406650519729,3.491696175451933,0,,src.pilot_forecasters.Persistence,0.0,0.0003234000032534823,0.0028929000109201297,0.0025224999990314245,3928245.7894171667,0.0057388000132050365,0.015625,measured,0.9672015339590272,1.015625,2.1913711651024324,8917,0.5078125,0.06720153395902717,0.980825512160662,1.25,3.4831340195781593,9412,0.625,0.030825512160662094,367.91796875,368.0078125,0.08984375,0.00033299998904112726,5782.19140625
pleia_energy,3,0,43,kWh per 10 minutes,30,smart_building_conformal/outputs/matched_forecasting005/pleia_energy_h3_f0_s43_v1,a94b3835135749e2f18b89fb6017d8d0b8b9d419cb0a1f9be11122d93d0a217f,3eb185e1f8b4f8ebaa2bd3e7e80457404e7814019cf1e98cb4a1a1066cddc336,True,xgboost,29715,9906,9909,0.10932710010230162,2.4755987935368946,0,,xgboost.sklearn.XGBRegressor,3.262591799997608,0.7701512000057846,0.05935730000783224,0.059783500008052215,165748.07427911315,4.151883800019277,3.625,measured,0.9572106166111616,0.8188756704330444,1.506676334637736,8917,0.4094378352165222,0.05721061661116156,0.975275002522959,1.0401742458343506,2.2704939320104507,9412,0.5200871229171753,0.025275002522959,372.72265625,486.40625,113.68359375,0.0035887999983970076,5768.33203125
pleia_energy,3,0,43,kWh per 10 minutes,30,smart_building_conformal/outputs/matched_forecasting005/pleia_energy_h3_f0_s43_v1,a94b3835135749e2f18b89fb6017d8d0b8b9d419cb0a1f9be11122d93d0a217f,3eb185e1f8b4f8ebaa2bd3e7e80457404e7814019cf1e98cb4a1a1066cddc336,True,attention_lstm,29715,9906,9909,0.10868687087549476,2.4761102319726103,0,13.0,src.attention_lstm.AttentionLSTM,146.00866039999528,38.04274400000577,0.26590959999884944,0.262776000003214,37708.923188871144,184.5800900000031,182.40625,measured,0.9668987788878797,0.7905137538909912,1.454195731137809,8917,0.3952568769454956,0.06689877888787965,0.9819356140882026,1.0619638562202454,2.2510913849803287,9412,0.5309819281101227,0.03193561408820267,479.3515625,600.765625,121.4140625,0.003458799998043105,5619.8046875
pleia_energy,6,0,43,kWh per 10 minutes,60,smart_building_conformal/outputs/matched_forecasting005/pleia_energy_h6_f0_s43_v1,a94b3835135749e2f18b89fb6017d8d0b8b9d419cb0a1f9be11122d93d0a217f,c316ec90721513caed8431e3a8234edc58438bc98095c78d35305dd478233aa6,True,persistence,29710,9904,9909,0.14409564537289332,3.4910117759006383,0,,src.pilot_forecasters.Persistence,0.0,0.0003508000081637874,0.003569900000002235,0.0030337999924086034,3266200.8124447973,0.006954500000574626,0.03125,measured,0.9617519426783732,1.0625,2.2682536078312645,8915,0.53125,0.06175194267837314,0.9772933696639419,1.328125,3.5800866005651404,9410,0.6640625,0.027293369663941913,368.79296875,368.890625,0.09765625,0.0005946000019321218,5705.97265625
pleia_energy,6,0,43,kWh per 10 minutes,60,smart_building_conformal/outputs/matched_forecasting005/pleia_energy_h6_f0_s43_v1,a94b3835135749e2f18b89fb6017d8d0b8b9d419cb0a1f9be11122d93d0a217f,c316ec90721513caed8431e3a8234edc58438bc98095c78d35305dd478233aa6,True,xgboost,29710,9904,9909,0.1161519978148435,2.47610494244532,0,,xgboost.sklearn.XGBRegressor,3.376590899992152,0.8094869999913499,0.06704219999664929,0.0723720000096364,136917.59242083415,4.325492099989788,3.734375,measured,0.9503481683318196,0.805335521697998,1.5131900649954253,8915,0.402667760848999,0.05034816833181954,0.974669492380664,1.043689250946045,2.2785049469972156,9410,0.5218446254730225,0.02466949238066407,371.875,488.84375,116.96875,0.0032346000079996884,5681.09375
pleia_energy,6,0,43,kWh per 10 minutes,60,smart_building_conformal/outputs/matched_forecasting005/pleia_energy_h6_f0_s43_v1,a94b3835135749e2f18b89fb6017d8d0b8b9d419cb0a1f9be11122d93d0a217f,c316ec90721513caed8431e3a8234edc58438bc98095c78d35305dd478233aa6,True,attention_lstm,29710,9904,9909,0.11818430753880979,2.4764863782625133,0,8.0,src.attention_lstm.AttentionLSTM,91.5113827999885,23.843509400001494,0.287395799998194,0.26674749999074265,37147.48966848382,115.90903549997893,114.4375,measured,0.9657886769603391,0.8524850606918335,1.5157055539540583,8915,0.42624253034591675,0.06578867696033908,0.9816328590170552,1.1228922605514526,2.3124479618547946,9410,0.5614461302757263,0.03163285901705526,480.40625,600.05078125,119.64453125,0.003112700011115521,5566.1640625
pleia_energy,1,1,44,kWh per 10 minutes,10,smart_building_conformal/outputs/matched_forecasting005/pleia_energy_h1_f1_s44_v1,a94b3835135749e2f18b89fb6017d8d0b8b9d419cb0a1f9be11122d93d0a217f,fa040e5e8c32fadd6392986a0df8dbfd2e99fd2c41fcb16efc018f6301ac5588,True,persistence,22289,7430,9907,0.24709958867467446,4.643716044920821,0,,src.pilot_forecasters.Persistence,0.0,0.0002734999870881438,0.0024868000036804006,0.0025806000048760325,3839029.675765623,0.005340899995644577,0.0,measured,0.9015847380639952,1.015625,2.619793769556879,6688,0.5078125,0.0015847380639951725,0.9556878974462502,1.265625,4.12029846320783,7060,0.6328125,0.005687897446250201,365.875,365.97265625,0.09765625,0.0003749000024981797,5653.62109375
pleia_energy,1,1,44,kWh per 10 minutes,10,smart_building_conformal/outputs/matched_forecasting005/pleia_energy_h1_f1_s44_v1,a94b3835135749e2f18b89fb6017d8d0b8b9d419cb0a1f9be11122d93d0a217f,fa040e5e8c32fadd6392986a0df8dbfd2e99fd2c41fcb16efc018f6301ac5588,True,xgboost,22289,7430,9907,0.19008539401824293,3.2878894470479314,0,,xgboost.sklearn.XGBRegressor,3.019714499998372,0.6520976000028895,0.04686780000338331,0.06171840000024531,160519.39129920126,3.78039830000489,3.0625,measured,0.9026950640960937,0.7477778196334839,1.744062269909887,6688,0.37388890981674194,0.002695064096093658,0.9572019783991117,1.040947437286377,2.6409391782695777,7060,0.5204737186431885,0.007201978399111741,369.67578125,483.7890625,114.11328125,0.0032026999979279935,5633.9453125
pleia_energy,1,1,44,kWh per 10 minutes,10,smart_building_conformal/outputs/matched_forecasting005/pleia_energy_h1_f1_s44_v1,a94b3835135749e2f18b89fb6017d8d0b8b9d419cb0a1f9be11122d93d0a217f,fa040e5e8c32fadd6392986a0df8dbfd2e99fd2c41fcb16efc018f6301ac5588,True,attention_lstm,22289,7430,9907,0.1985377067406916,3.288324275792781,0,16.0,src.attention_lstm.AttentionLSTM,111.57958459999645,34.90191770000092,0.19629259999783244,0.2601286999997683,38084.9940818096,146.93792359999497,145.296875,measured,0.8934087009185424,0.729144811630249,1.8007728329602002,6688,0.3645724058151245,-0.006591299081457613,0.9572019783991117,1.0470250844955444,2.7392927319175393,7060,0.5235125422477722,0.007201978399111741,479.2890625,592.5390625,113.25,0.002995499991811812,5553.3984375
pleia_energy,3,1,44,kWh per 10 minutes,30,smart_building_conformal/outputs/matched_forecasting005/pleia_energy_h3_f1_s44_v1,a94b3835135749e2f18b89fb6017d8d0b8b9d419cb0a1f9be11122d93d0a217f,15744cbdf50123bfed771b75586629e0389848d25f4e791833fcffa54aa0932f,True,persistence,22285,7429,9907,0.2506844907641062,4.645720891735507,0,,src.pilot_forecasters.Persistence,0.0,0.0004150999884586781,0.00242239999352023,0.0030799999949522316,3216558.4468300138,0.00591749997693114,0.0,measured,0.9002725345715151,1.015625,2.6996930831735138,6687,0.5078125,0.00027253457151510396,0.9555869587160594,1.28125,4.265787448268899,7059,0.640625,0.005586958716059409,369.2109375,369.296875,0.0859375,0.00035519999801181257,5701.7734375
pleia_energy,3,1,44,kWh per 10 minutes,30,smart_building_conformal/outputs/matched_forecasting005/pleia_energy_h3_f1_s44_v1,a94b3835135749e2f18b89fb6017d8d0b8b9d419cb0a1f9be11122d93d0a217f,15744cbdf50123bfed771b75586629e0389848d25f4e791833fcffa54aa0932f,True,xgboost,22285,7429,9907,0.20544100416713482,3.289265795053554,0,,xgboost.sklearn.XGBRegressor,2.9041456999984803,0.6491797999915434,0.04769479999959003,0.06066080000891816,163317.9911663464,3.661681099998532,3.125,measured,0.8952255980619764,0.8093395233154297,1.8612528215675261,6687,0.40466976165771484,-0.004774401938023587,0.9539719390330069,1.0921211242675781,2.781343209102148,7059,0.5460605621337891,0.003971939033006966,369.6640625,482.984375,113.3203125,0.0034371000074315816,5664.55078125
pleia_energy,3,1,44,kWh per 10 minutes,30,smart_building_conformal/outputs/matched_forecasting005/pleia_energy_h3_f1_s44_v1,a94b3835135749e2f18b89fb6017d8d0b8b9d419cb0a1f9be11122d93d0a217f,15744cbdf50123bfed771b75586629e0389848d25f4e791833fcffa54aa0932f,True,attention_lstm,22285,7429,9907,0.2093828496212698,3.2905310035621382,0,7.0,src.attention_lstm.AttentionLSTM,54.40665479999734,15.780574899996282,0.22270369999750983,0.26602910000656266,37240.28686995372,70.6759624999977,69.453125,measured,0.8868476834561421,0.8181416988372803,1.9816857072194483,6687,0.40907084941864014,-0.013152316543857956,0.9538710003028162,1.188175916671753,2.968547839286697,7059,0.5940879583358765,0.0038710003028162854,477.83203125,593.78125,115.94921875,0.0032309999951394275,5554.60546875
pleia_energy,6,1,44,kWh per 10 minutes,60,smart_building_conformal/outputs/matched_forecasting005/pleia_energy_h6_f1_s44_v1,a94b3835135749e2f18b89fb6017d8d0b8b9d419cb0a1f9be11122d93d0a217f,44aa0ec44a099dba2dbd7fec045eed74e79456d849161654051805ea201afed5,True,persistence,22280,7428,9907,0.259079754214192,4.6431333993305035,0,,src.pilot_forecasters.Persistence,0.0,0.0002882999979192391,0.002348100009839982,0.0028983999945921823,3418092.74719998,0.005534800002351403,0.0,measured,0.8938124558393056,1.015625,2.8072559175330576,6687,0.5078125,-0.006187544160694447,0.9491268799838498,1.3125,4.43197991319269,7058,0.65625,-0.0008731200161501418,367.6953125,367.7890625,0.09375,0.0003330000035930425,5659.109375
pleia_energy,6,1,44,kWh per 10 minutes,60,smart_building_conformal/outputs/matched_forecasting005/pleia_energy_h6_f1_s44_v1,a94b3835135749e2f18b89fb6017d8d0b8b9d419cb0a1f9be11122d93d0a217f,44aa0ec44a099dba2dbd7fec045eed74e79456d849161654051805ea201afed5,True,xgboost,22280,7428,9907,0.2144508065289766,3.290847063318055,0,,xgboost.sklearn.XGBRegressor,2.998306900000898,0.6344488999893656,0.048102300002938136,0.06296359999396373,157344.87864337137,3.7438216999871656,3.125,measured,0.8911880488543454,0.8289765119552612,1.9874163120037445,6687,0.4144882559776306,-0.008811951145654584,0.9542747552235793,1.1979727745056152,2.9749516735972614,7058,0.5989863872528076,0.004274755223579341,369.5625,482.328125,112.765625,0.0030832999909762293,5676.8203125
pleia_energy,6,1,44,kWh per 10 minutes,60,smart_building_conformal/outputs/matched_forecasting005/pleia_energy_h6_f1_s44_v1,a94b3835135749e2f18b89fb6017d8d0b8b9d419cb0a1f9be11122d93d0a217f,44aa0ec44a099dba2dbd7fec045eed74e79456d849161654051805ea201afed5,True,attention_lstm,22280,7428,9907,0.22755803818796314,3.293415545453828,1,6.0,src.attention_lstm.AttentionLSTM,51.28268400000525,13.410973699996248,0.18460949999280274,0.25067090000084136,39521.93892456902,65.12893809999514,64.484375,measured,0.8806904209145049,0.8651619553565979,2.1557484885163105,6687,0.43258097767829895,-0.019309579085495132,0.9525587968103362,1.3366327285766602,3.1970422551046394,7058,0.6683163642883301,0.002558796810336217,477.4453125,591.41796875,113.97265625,0.00337289999879431,5566.58203125
pleia_energy,1,0,44,kWh per 10 minutes,10,smart_building_conformal/outputs/matched_forecasting005/pleia_energy_h1_f0_s44_v1,a94b3835135749e2f18b89fb6017d8d0b8b9d419cb0a1f9be11122d93d0a217f,1c89ab32cbb43766a72a7fdbf9f5fba751fac2b5a7248e536e812457416857ec,True,persistence,29719,9907,9909,0.14425096503178927,3.4973458927613192,0,,src.pilot_forecasters.Persistence,0.0,0.00025409999943803996,0.003068699996219948,0.002647500004968606,3742776.1969418772,0.005970300000626594,0.0,measured,0.9570087798970632,1.015625,2.194871770612574,8918,0.5078125,0.05700877989706321,0.9754768392370572,1.234375,3.452844320819455,9413,0.6171875,0.025476839237057236,368.9296875,369.03515625,0.10546875,0.00040699999954085797,5639.5078125
pleia_energy,1,0,44,kWh per 10 minutes,10,smart_building_conformal/outputs/matched_forecasting005/pleia_energy_h1_f0_s44_v1,a94b3835135749e2f18b89fb6017d8d0b8b9d419cb0a1f9be11122d93d0a217f,1c89ab32cbb43766a72a7fdbf9f5fba751fac2b5a7248e536e812457416857ec,True,xgboost,29719,9907,9909,0.09897195075127582,2.474836829042135,0,,xgboost.sklearn.XGBRegressor,3.385921499997494,0.7927649000048405,0.06278720000409521,0.06123789999401197,161811.5578909292,4.3027115000004414,3.71875,measured,0.9571096982541124,0.7001508474349976,1.379354589403981,8918,0.3500754237174988,0.057109698254112384,0.9786053083055808,0.9220996499061584,2.1462483187233805,9413,0.4610498249530792,0.028605308305580834,371.8359375,485.81640625,113.98046875,0.003259199991589412,5628.02734375
pleia_energy,1,0,44,kWh per 10 minutes,10,smart_building_conformal/outputs/matched_forecasting005/pleia_energy_h1_f0_s44_v1,a94b3835135749e2f18b89fb6017d8d0b8b9d419cb0a1f9be11122d93d0a217f,1c89ab32cbb43766a72a7fdbf9f5fba751fac2b5a7248e536e812457416857ec,True,attention_lstm,29719,9907,9909,0.10312781858659559,2.475744162657876,1,17.0,src.attention_lstm.AttentionLSTM,139.50981790000515,49.96520019999298,0.24855489999754354,0.24413170000480022,40588.747793937306,189.96770470000047,187.421875,measured,0.9624583711777173,0.7326531410217285,1.3903216162439143,8918,0.36632657051086426,0.06245837117771724,0.9814310223029569,0.9609347581863403,2.154068752727783,9413,0.48046737909317017,0.03143102230295691,479.56640625,592.9140625,113.34765625,0.003148699994198978,5538.76953125
pleia_energy,3,0,44,kWh per 10 minutes,30,smart_building_conformal/outputs/matched_forecasting005/pleia_energy_h3_f0_s44_v1,a94b3835135749e2f18b89fb6017d8d0b8b9d419cb0a1f9be11122d93d0a217f,fc08af58fb2aaec38a8c2665c437f882729a6d19f769022d78b9cb06448158c3,True,persistence,29715,9906,9909,0.13262406650519729,3.491696175451933,0,,src.pilot_forecasters.Persistence,0.0,0.00028390000807121396,0.0029042999958619475,0.0027200999902561307,3642880.7894914723,0.005908299994189292,0.0,measured,0.9672015339590272,1.015625,2.1913711651024324,8917,0.5078125,0.06720153395902717,0.980825512160662,1.25,3.4831340195781593,9412,0.625,0.030825512160662094,367.078125,367.16796875,0.08984375,0.0005065000004833564,5738.62890625
pleia_energy,3,0,44,kWh per 10 minutes,30,smart_building_conformal/outputs/matched_forecasting005/pleia_energy_h3_f0_s44_v1,a94b3835135749e2f18b89fb6017d8d0b8b9d419cb0a1f9be11122d93d0a217f,fc08af58fb2aaec38a8c2665c437f882729a6d19f769022d78b9cb06448158c3,True,xgboost,29715,9906,9909,0.10984324850273584,2.4753283621419606,0,,xgboost.sklearn.XGBRegressor,3.4012247000064235,0.8228782999940449,0.06212210000376217,0.06199159999960102,159844.23696216542,4.348216700003832,3.8125,measured,0.9573115349682108,0.8008829951286316,1.4892533843362592,8917,0.4004414975643158,0.05731153496821073,0.975275002522959,1.0175174474716187,2.249010972357599,9412,0.5087587237358093,0.025275002522959,370.03515625,484.140625,114.10546875,0.0033429000031901523,5741.5234375
pleia_energy,3,0,44,kWh per 10 minutes,30,smart_building_conformal/outputs/matched_forecasting005/pleia_energy_h3_f0_s44_v1,a94b3835135749e2f18b89fb6017d8d0b8b9d419cb0a1f9be11122d93d0a217f,fc08af58fb2aaec38a8c2665c437f882729a6d19f769022d78b9cb06448158c3,True,attention_lstm,29715,9906,9909,0.11100501107037494,2.4758184928268583,0,10.0,src.attention_lstm.AttentionLSTM,91.37046849999751,29.578558499997598,0.26749139999446925,0.25879340000392403,38289.22994114128,121.4753117999935,119.78125,measured,0.9658895953173883,0.8136336803436279,1.4692734514792352,8917,0.40681684017181396,0.06588959531738825,0.9806236754465637,1.040884256362915,2.2351979347973536,9412,0.5204421281814575,0.030623675446563747,477.79296875,598.47265625,120.6796875,0.0030820999963907525,5607.76171875
pleia_energy,6,0,44,kWh per 10 minutes,60,smart_building_conformal/outputs/matched_forecasting005/pleia_energy_h6_f0_s44_v1,a94b3835135749e2f18b89fb6017d8d0b8b9d419cb0a1f9be11122d93d0a217f,beab242517c7fb299c78020e552436a75640da60a4f7760aef5c1def1bdd79cf,True,persistence,29710,9904,9909,0.14409564537289332,3.4910117759006383,0,,src.pilot_forecasters.Persistence,0.0,0.00028110000130254775,0.0032992000051308423,0.0027430000045569614,3612468.0946183456,0.0063233000109903514,0.0,measured,0.9617519426783732,1.0625,2.2682536078312645,8915,0.53125,0.06175194267837314,0.9772933696639419,1.328125,3.5800866005651404,9410,0.6640625,0.027293369663941913,368.9609375,369.05078125,0.08984375,0.0003333999920869246,5648.76171875
pleia_energy,6,0,44,kWh per 10 minutes,60,smart_building_conformal/outputs/matched_forecasting005/pleia_energy_h6_f0_s44_v1,a94b3835135749e2f18b89fb6017d8d0b8b9d419cb0a1f9be11122d93d0a217f,beab242517c7fb299c78020e552436a75640da60a4f7760aef5c1def1bdd79cf,True,xgboost,29710,9904,9909,0.11632013677173239,2.4756847121268746,0,,xgboost.sklearn.XGBRegressor,3.5157471999991685,0.8441521000058856,0.06384580000303686,0.06352559999504592,155984.3590737082,4.487270700003137,3.8125,measured,0.9512564335452619,0.811721920967102,1.509584802619527,8915,0.405860960483551,0.05125643354526188,0.975981431022303,1.0484364032745361,2.276338901008723,9410,0.5242182016372681,0.025981431022302992,372.78125,486.41015625,113.62890625,0.003599399991799146,5650.8515625
pleia_energy,6,0,44,kWh per 10 minutes,60,smart_building_conformal/outputs/matched_forecasting005/pleia_energy_h6_f0_s44_v1,a94b3835135749e2f18b89fb6017d8d0b8b9d419cb0a1f9be11122d93d0a217f,beab242517c7fb299c78020e552436a75640da60a4f7760aef5c1def1bdd79cf,True,attention_lstm,29710,9904,9909,0.1166389591473842,2.476962659917386,0,6.0,src.attention_lstm.AttentionLSTM,83.41844600001059,17.877530300000217,0.25710780001827516,0.253659299982246,39064.209357565625,101.80674340001133,100.109375,measured,0.9625592895347663,0.8512876033782959,1.5261251045255058,8915,0.42564380168914795,0.0625592895347663,0.9791099000908265,1.1420763731002808,2.3279344288946,9410,0.5710381865501404,0.02910990009082659,479.91796875,599.53125,119.61328125,0.0031959000043570995,5525.19140625
pleia_energy,1,1,45,kWh per 10 minutes,10,smart_building_conformal/outputs/matched_forecasting005/pleia_energy_h1_f1_s45_v1,a94b3835135749e2f18b89fb6017d8d0b8b9d419cb0a1f9be11122d93d0a217f,e5c1dae79856ba2985e5bf3d1ab459636cebb345a3f6408602b78f90761804ba,True,persistence,22289,7430,9907,0.24709958867467446,4.643716044920821,0,,src.pilot_forecasters.Persistence,0.0,0.0002710999979171902,0.002378300006967038,0.002635200013173744,3759486.9271681397,0.005284600018057972,0.0,measured,0.9015847380639952,1.015625,2.619793769556879,6688,0.5078125,0.0015847380639951725,0.9556878974462502,1.265625,4.12029846320783,7060,0.6328125,0.005687897446250201,367.37890625,367.46875,0.08984375,0.0003294000052846968,5652.38671875
pleia_energy,1,1,45,kWh per 10 minutes,10,smart_building_conformal/outputs/matched_forecasting005/pleia_energy_h1_f1_s45_v1,a94b3835135749e2f18b89fb6017d8d0b8b9d419cb0a1f9be11122d93d0a217f,e5c1dae79856ba2985e5bf3d1ab459636cebb345a3f6408602b78f90761804ba,True,xgboost,22289,7430,9907,0.19205075100348554,3.2876774245933174,0,,xgboost.sklearn.XGBRegressor,2.9581250000046566,0.6750656999938656,0.06116780001320876,0.06599180001649074,150124.71242676108,3.7603503000282217,3.1875,measured,0.9023922479055213,0.7473021745681763,1.7538876405117958,6688,0.37365108728408813,0.002392247905521283,0.9565963460179671,1.0442699790000916,2.6506665366213595,7060,0.5221349895000458,0.006596346017967103,372.5234375,485.03515625,112.51171875,0.0033850999898277223,5628.5078125
pleia_energy,1,1,45,kWh per 10 minutes,10,smart_building_conformal/outputs/matched_forecasting005/pleia_energy_h1_f1_s45_v1,a94b3835135749e2f18b89fb6017d8d0b8b9d419cb0a1f9be11122d93d0a217f,e5c1dae79856ba2985e5bf3d1ab459636cebb345a3f6408602b78f90761804ba,True,attention_lstm,22289,7430,9907,0.20607731576986024,3.2900004353118697,0,4.0,src.attention_lstm.AttentionLSTM,51.36694310000166,8.973769899981562,0.18770770000992343,0.2471981999988202,40077.1526655424,60.77561889999197,59.53125,measured,0.8907842939335823,0.8210346102714539,1.948501788199315,6688,0.41051730513572693,-0.00921570606641775,0.9532653679216715,1.1522581577301025,2.915281388549518,7060,0.5761290788650513,0.003265367921671536,477.7265625,592.81640625,115.08984375,0.002989699976751581,5554.33984375
pleia_energy,3,1,45,kWh per 10 minutes,30,smart_building_conformal/outputs/matched_forecasting005/pleia_energy_h3_f1_s45_v1,a94b3835135749e2f18b89fb6017d8d0b8b9d419cb0a1f9be11122d93d0a217f,348012fb294a1756ef25f221352a18c83e5173d14ae9c1cdbfe96d8854baf3f0,True,persistence,22285,7429,9907,0.2506844907641062,4.645720891735507,0,,src.pilot_forecasters.Persistence,0.0,0.0004214000073261559,0.002736800001002848,0.0026416999753564596,3750236.625059283,0.005799899983685464,0.015625,measured,0.9002725345715151,1.015625,2.6996930831735138,6687,0.5078125,0.00027253457151510396,0.9555869587160594,1.28125,4.265787448268899,7059,0.640625,0.005586958716059409,367.23828125,367.328125,0.08984375,0.000601100007770583,5628.63671875
pleia_energy,3,1,45,kWh per 10 minutes,30,smart_building_conformal/outputs/matched_forecasting005/pleia_energy_h3_f1_s45_v1,a94b3835135749e2f18b89fb6017d8d0b8b9d419cb0a1f9be11122d93d0a217f,348012fb294a1756ef25f221352a18c83e5173d14ae9c1cdbfe96d8854baf3f0,True,xgboost,22285,7429,9907,0.2054274363842407,3.288994159858142,0,,xgboost.sklearn.XGBRegressor,2.9874328000005335,0.6346552000031807,0.0492546999885235,0.06420880000223406,154293.49247541302,3.7355514999944717,3.0625,measured,0.8957302917129303,0.8001129627227783,1.8809463977843803,6687,0.40005648136138916,-0.00426970828706974,0.9506409609367115,1.0944660902023315,2.809012792251707,7059,0.5472330451011658,0.0006409609367115099,370.43359375,484.0859375,113.65234375,0.00333799998043105,5650.04296875
pleia_energy,3,1,45,kWh per 10 minutes,30,smart_building_conformal/outputs/matched_forecasting005/pleia_energy_h3_f1_s45_v1,a94b3835135749e2f18b89fb6017d8d0b8b9d419cb0a1f9be11122d93d0a217f,348012fb294a1756ef25f221352a18c83e5173d14ae9c1cdbfe96d8854baf3f0,True,attention_lstm,22285,7429,9907,0.21771395013174014,3.2913063850849826,1,10.0,src.attention_lstm.AttentionLSTM,57.25948479998624,22.23852509999415,0.203481800010195,0.24925970000913367,39745.694950435136,79.95075139999972,79.140625,measured,0.8841223377409912,0.8166946172714233,2.032521429607699,6687,0.40834730863571167,-0.015877662259008773,0.9502372060159483,1.202711582183838,3.035934928941884,7059,0.601355791091919,0.00023720601594834356,476.80859375,594.53515625,117.7265625,0.002916700002970174,5542.4921875
pleia_energy,6,1,45,kWh per 10 minutes,60,smart_building_conformal/outputs/matched_forecasting005/pleia_energy_h6_f1_s45_v1,a94b3835135749e2f18b89fb6017d8d0b8b9d419cb0a1f9be11122d93d0a217f,e2840eecdc0ab92509276e9c3ddbb386ba860a6883136be8b9f228010a50cac2,True,persistence,22280,7428,9907,0.259079754214192,4.6431333993305035,0,,src.pilot_forecasters.Persistence,0.0,0.00037779999547638,0.002669300010893494,0.0030741999798920006,3222627.0459958958,0.0061212999862618744,0.015625,measured,0.8938124558393056,1.015625,2.8072559175330576,6687,0.5078125,-0.006187544160694447,0.9491268799838498,1.3125,4.43197991319269,7058,0.65625,-0.0008731200161501418,365.5,365.61328125,0.11328125,0.0006933000113349408,5630.18359375
pleia_energy,6,1,45,kWh per 10 minutes,60,smart_building_conformal/outputs/matched_forecasting005/pleia_energy_h6_f1_s45_v1,a94b3835135749e2f18b89fb6017d8d0b8b9d419cb0a1f9be11122d93d0a217f,e2840eecdc0ab92509276e9c3ddbb386ba860a6883136be8b9f228010a50cac2,True,xgboost,22280,7428,9907,0.21463333424344316,3.290808367924718,0,,xgboost.sklearn.XGBRegressor,2.5628562000056263,0.6454973999934737,0.04865099999005906,0.06294170001638122,157399.62532663724,3.3199463000055403,3.1875,measured,0.8919955586958717,0.8272899389266968,1.9944278385903431,6687,0.4136449694633484,-0.008004441304128362,0.9551832037952963,1.2151398658752441,2.9999692038677757,7058,0.6075699329376221,0.005183203795296354,368.359375,482.484375,114.125,0.003273800015449524,5638.39453125
pleia_energy,6,1,45,kWh per 10 minutes,60,smart_building_conformal/outputs/matched_forecasting005/pleia_energy_h6_f1_s45_v1,a94b3835135749e2f18b89fb6017d8d0b8b9d419cb0a1f9be11122d93d0a217f,e2840eecdc0ab92509276e9c3ddbb386ba860a6883136be8b9f228010a50cac2,True,attention_lstm,22280,7428,9907,0.227532820820664,3.292473278734461,0,6.0,src.attention_lstm.AttentionLSTM,61.156608499994036,13.514498299977276,0.1862884000001941,0.2443994999921415,40536.089477754875,75.10179469996365,73.703125,measured,0.8841223377409912,0.8465346693992615,2.0910833482847235,6687,0.42326733469963074,-0.015877662259008773,0.9518522256990007,1.263314962387085,3.1134679494236686,7058,0.6316574811935425,0.0018522256990007868,477.6171875,593.2265625,115.609375,0.003270400018664077,5530.87890625
pleia_energy,1,0,45,kWh per 10 minutes,10,smart_building_conformal/outputs/matched_forecasting005/pleia_energy_h1_f0_s45_v1,a94b3835135749e2f18b89fb6017d8d0b8b9d419cb0a1f9be11122d93d0a217f,948bd682c0bd56fbbe5133392eb2d6b8646ad82ec0d0b8772fa165f286e449dc,True,persistence,29719,9907,9909,0.14425096503178927,3.4973458927613192,0,,src.pilot_forecasters.Persistence,0.0,0.0003071000101044774,0.003077600005781278,0.0026940999960061163,3678037.197835883,0.006078800011891872,0.015625,measured,0.9570087798970632,1.015625,2.194871770612574,8918,0.5078125,0.05700877989706321,0.9754768392370572,1.234375,3.452844320819455,9413,0.6171875,0.025476839237057236,370.15234375,370.24609375,0.09375,0.00037379999412223697,5704.41796875
pleia_energy,1,0,45,kWh per 10 minutes,10,smart_building_conformal/outputs/matched_forecasting005/pleia_energy_h1_f0_s45_v1,a94b3835135749e2f18b89fb6017d8d0b8b9d419cb0a1f9be11122d93d0a217f,948bd682c0bd56fbbe5133392eb2d6b8646ad82ec0d0b8772fa165f286e449dc,True,xgboost,29719,9907,9909,0.10038057911698592,2.474325350020517,0,,xgboost.sklearn.XGBRegressor,3.44476990000112,0.8057428000029176,0.0628619999915827,0.06357879997813143,155853.8381254176,4.376953499973752,3.703125,measured,0.9576142900393582,0.7038384675979614,1.3845726885243639,8918,0.3519192337989807,0.05761429003935814,0.978807145019679,0.918755829334259,2.1489264460321693,9413,0.4593779146671295,0.02880714501967907,372.12890625,487.1953125,115.06640625,0.003852599998936057,5673.36328125
pleia_energy,1,0,45,kWh per 10 minutes,10,smart_building_conformal/outputs/matched_forecasting005/pleia_energy_h1_f0_s45_v1,a94b3835135749e2f18b89fb6017d8d0b8b9d419cb0a1f9be11122d93d0a217f,948bd682c0bd56fbbe5133392eb2d6b8646ad82ec0d0b8772fa165f286e449dc,True,attention_lstm,29719,9907,9909,0.10812309865562234,2.4755037157919553,0,11.0,src.attention_lstm.AttentionLSTM,98.35761310000089,33.2973803000059,0.28128470000228845,0.2722949000017252,36390.69259078014,132.2085730000108,130.1875,measured,0.9605409223937834,0.7209179401397705,1.3773555003775033,8918,0.36045897006988525,0.06054092239378339,0.9819356140882026,0.9634587168693542,2.1450480535432415,9413,0.4817293584346771,0.03193561408820267,480.83203125,593.046875,112.21484375,0.0032879000063985586,5563.29296875
pleia_energy,3,0,45,kWh per 10 minutes,30,smart_building_conformal/outputs/matched_forecasting005/pleia_energy_h3_f0_s45_v1,a94b3835135749e2f18b89fb6017d8d0b8b9d419cb0a1f9be11122d93d0a217f,c5f9bfd1f2eb6f634a5c112233a2a733c43ca9f400bbe2628bde0b295469af88,True,persistence,29715,9906,9909,0.13262406650519729,3.491696175451933,0,,src.pilot_forecasters.Persistence,0.0,0.0003066000062972307,0.0033660999906715006,0.0025873999984469265,3829713.2279306743,0.006260099995415658,0.015625,measured,0.9672015339590272,1.015625,2.1913711651024324,8917,0.5078125,0.06720153395902717,0.980825512160662,1.25,3.4831340195781593,9412,0.625,0.030825512160662094,366.54296875,366.6484375,0.10546875,0.00047179998364299536,5727.74609375
pleia_energy,3,0,45,kWh per 10 minutes,30,smart_building_conformal/outputs/matched_forecasting005/pleia_energy_h3_f0_s45_v1,a94b3835135749e2f18b89fb6017d8d0b8b9d419cb0a1f9be11122d93d0a217f,c5f9bfd1f2eb6f634a5c112233a2a733c43ca9f400bbe2628bde0b295469af88,True,xgboost,29715,9906,9909,0.10784311211440599,2.475975618579967,0,,xgboost.sklearn.XGBRegressor,3.4944963000016287,0.8190452000126243,0.0649668000114616,0.06330409998190589,156530.14580149268,4.4418124000076205,3.8125,measured,0.9572106166111616,0.7935786247253418,1.4831330777056728,8917,0.3967893123626709,0.05721061661116156,0.9750731658088606,1.0235249996185303,2.252407905576399,9412,0.5117624998092651,0.025073165808860653,371.1953125,486.703125,115.5078125,0.0036176000139676034,5748.22265625
pleia_energy,3,0,45,kWh per 10 minutes,30,smart_building_conformal/outputs/matched_forecasting005/pleia_energy_h3_f0_s45_v1,a94b3835135749e2f18b89fb6017d8d0b8b9d419cb0a1f9be11122d93d0a217f,c5f9bfd1f2eb6f634a5c112233a2a733c43ca9f400bbe2628bde0b295469af88,True,attention_lstm,29715,9906,9909,0.10782320950530301,2.4763088514289455,0,4.0,src.attention_lstm.AttentionLSTM,67.61865530000068,11.984493800002383,0.24937669999781065,0.269873400015058,36717.21629270285,80.12239920001593,78.3125,measured,0.9664951054596831,0.8016626834869385,1.4664931442208482,8917,0.40083134174346924,0.06649510545968307,0.9810273488747603,1.0495426058769226,2.254419118096794,9412,0.5247713029384613,0.03102734887476033,480.85546875,596.8203125,115.96484375,0.00297649999265559,5630.01953125
pleia_energy,6,0,45,kWh per 10 minutes,60,smart_building_conformal/outputs/matched_forecasting005/pleia_energy_h6_f0_s45_v1,a94b3835135749e2f18b89fb6017d8d0b8b9d419cb0a1f9be11122d93d0a217f,dd428e934c524a9daae0ec49ff2886dfff2883e6229feef74a12065f07cc7184,True,persistence,29710,9904,9909,0.14409564537289332,3.4910117759006383,0,,src.pilot_forecasters.Persistence,0.0,0.0003136999730486423,0.0029168000037316233,0.0027803000120911747,3564003.8689734945,0.00601079998887144,0.015625,measured,0.9617519426783732,1.0625,2.2682536078312645,8915,0.53125,0.06175194267837314,0.9772933696639419,1.328125,3.5800866005651404,9410,0.6640625,0.027293369663941913,367.8359375,367.92578125,0.08984375,0.000371600006474182,5678.765625
pleia_energy,6,0,45,kWh per 10 minutes,60,smart_building_conformal/outputs/matched_forecasting005/pleia_energy_h6_f0_s45_v1,a94b3835135749e2f18b89fb6017d8d0b8b9d419cb0a1f9be11122d93d0a217f,dd428e934c524a9daae0ec49ff2886dfff2883e6229feef74a12065f07cc7184,True,xgboost,29710,9904,9909,0.11689774440472706,2.475172463024986,0,,xgboost.sklearn.XGBRegressor,3.427917399996659,0.8161326999834273,0.06331709999358281,0.06337700001313351,156350.0954280981,4.370744199986802,3.78125,measured,0.9544858209708346,0.8254376649856567,1.512598598008801,8915,0.41271883249282837,0.05448582097083454,0.9754768392370572,1.0425082445144653,2.2685997894967826,9410,0.5212541222572327,0.025476839237057236,370.921875,485.625,114.703125,0.0032059000222943723,5697.3359375
pleia_energy,6,0,45,kWh per 10 minutes,60,smart_building_conformal/outputs/matched_forecasting005/pleia_energy_h6_f0_s45_v1,a94b3835135749e2f18b89fb6017d8d0b8b9d419cb0a1f9be11122d93d0a217f,dd428e934c524a9daae0ec49ff2886dfff2883e6229feef74a12065f07cc7184,True,attention_lstm,29710,9904,9909,0.12566385112378778,2.476774202589842,0,4.0,src.attention_lstm.AttentionLSTM,59.445088800013764,11.881059500010451,0.252406699990388,0.24187540001003072,40967.37410910356,71.82043040002463,70.9375,measured,0.967807044101322,0.8516026735305786,1.5085755242614696,8915,0.4258013367652893,0.06780704410132199,0.980119083661318,1.101113885641098,2.2897895769071277,9410,0.550556942820549,0.03011908366131799,481.15625,600.2578125,119.1015625,0.0036671000125352293,5611.578125
pleia_energy,1,1,46,kWh per 10 minutes,10,smart_building_conformal/outputs/matched_forecasting005/pleia_energy_h1_f1_s46_v1,a94b3835135749e2f18b89fb6017d8d0b8b9d419cb0a1f9be11122d93d0a217f,42ce421db703589fa05f08743d029d900203f71dcfc809653f70282c90d5db0c,True,persistence,22289,7430,9907,0.24709958867467446,4.643716044920821,0,,src.pilot_forecasters.Persistence,0.0,0.0002796000044327229,0.0024477000115439296,0.0027174999995622784,3645630.1753802286,0.005444800015538931,0.0,measured,0.9015847380639952,1.015625,2.619793769556879,6688,0.5078125,0.0015847380639951725,0.9556878974462502,1.265625,4.12029846320783,7060,0.6328125,0.005687897446250201,366.76953125,366.8671875,0.09765625,0.0003369000041857362,5727.19140625
pleia_energy,1,1,46,kWh per 10 minutes,10,smart_building_conformal/outputs/matched_forecasting005/pleia_energy_h1_f1_s46_v1,a94b3835135749e2f18b89fb6017d8d0b8b9d419cb0a1f9be11122d93d0a217f,42ce421db703589fa05f08743d029d900203f71dcfc809653f70282c90d5db0c,True,xgboost,22289,7430,9907,0.19474720014867442,3.287887279197492,0,,xgboost.sklearn.XGBRegressor,3.555449300009059,0.6311762999976054,0.05047570000169799,0.062435400002868846,158676.0075140831,4.299536700011231,3.125,measured,0.9053194710810538,0.7476063966751099,1.7501484319120961,6688,0.37380319833755493,0.005319471081053795,0.955788836176441,1.0229778289794922,2.6507204241597146,7060,0.5114889144897461,0.005788836176440992,371.109375,484.58984375,113.48046875,0.003090500016696751,5704.52734375
pleia_energy,1,1,46,kWh per 10 minutes,10,smart_building_conformal/outputs/matched_forecasting005/pleia_energy_h1_f1_s46_v1,a94b3835135749e2f18b89fb6017d8d0b8b9d419cb0a1f9be11122d93d0a217f,42ce421db703589fa05f08743d029d900203f71dcfc809653f70282c90d5db0c,True,attention_lstm,22289,7430,9907,0.19571241419647686,3.288578038328627,0,6.0,src.attention_lstm.AttentionLSTM,72.59541890001856,13.556785200024024,0.2156474000075832,0.2817540999967605,35161.866322846436,86.64960560004693,85.515625,measured,0.8956293529827395,0.7975600957870483,1.8658987913866198,6688,0.39878004789352417,-0.004370647017260532,0.956192591097204,1.1173878908157349,2.8028665263609227,7060,0.5586939454078674,0.006192591097204048,478.515625,594.8046875,116.2890625,0.006091499992180616,5603.32421875
pleia_energy,3,1,46,kWh per 10 minutes,30,smart_building_conformal/outputs/matched_forecasting005/pleia_energy_h3_f1_s46_v1,a94b3835135749e2f18b89fb6017d8d0b8b9d419cb0a1f9be11122d93d0a217f,8776270b62861d4d439b536f09407a9ef30671a279401e7b6b22fc5064d2538e,True,persistence,22285,7429,9907,0.2506844907641062,4.645720891735507,0,,src.pilot_forecasters.Persistence,0.0,0.0002652999828569591,0.0025682999985292554,0.0025720999983604997,3851716.4987033512,0.005405699979746714,0.015625,measured,0.9002725345715151,1.015625,2.6996930831735138,6687,0.5078125,0.00027253457151510396,0.9555869587160594,1.28125,4.265787448268899,7059,0.640625,0.005586958716059409,369.08984375,369.18359375,0.09375,0.0003625999961514026,5714.4453125
pleia_energy,3,1,46,kWh per 10 minutes,30,smart_building_conformal/outputs/matched_forecasting005/pleia_energy_h3_f1_s46_v1,a94b3835135749e2f18b89fb6017d8d0b8b9d419cb0a1f9be11122d93d0a217f,8776270b62861d4d439b536f09407a9ef30671a279401e7b6b22fc5064d2538e,True,xgboost,22285,7429,9907,0.20500433750686003,3.289220896056798,0,,xgboost.sklearn.XGBRegressor,3.047051500005182,0.6593075999990106,0.050058399996487424,0.06343140001990832,156184.4764090124,3.819848900020588,3.296875,measured,0.8950237206015949,0.8055276870727539,1.8735340468587747,6687,0.40276384353637695,-0.00497627939840517,0.9531644291914808,1.1034095287322998,2.795363936388637,7059,0.5517047643661499,0.0031644291914808553,372.01171875,484.515625,112.50390625,0.0031731000053696334,5703.09765625
pleia_energy,3,1,46,kWh per 10 minutes,30,smart_building_conformal/outputs/matched_forecasting005/pleia_energy_h3_f1_s46_v1,a94b3835135749e2f18b89fb6017d8d0b8b9d419cb0a1f9be11122d93d0a217f,8776270b62861d4d439b536f09407a9ef30671a279401e7b6b22fc5064d2538e,True,attention_lstm,22285,7429,9907,0.21107239094098906,3.291271606276002,0,4.0,src.attention_lstm.AttentionLSTM,51.08721980001428,8.92401729998528,0.19305800000438467,0.2554029999882914,38789.67749186255,60.45969809999224,60.1875,measured,0.8870495609165236,0.853797197341919,2.0449335511389903,6687,0.4268985986709595,-0.012950439083476373,0.9531644291914808,1.247915267944336,3.0401968771770944,7059,0.623957633972168,0.0031644291914808553,479.328125,594.5625,115.234375,0.003115500003332272,5593.71484375
pleia_energy,6,1,46,kWh per 10 minutes,60,smart_building_conformal/outputs/matched_forecasting005/pleia_energy_h6_f1_s46_v1,a94b3835135749e2f18b89fb6017d8d0b8b9d419cb0a1f9be11122d93d0a217f,d65ac7c08324f695c221b4ac18143deff39ac0c271dc8aa96bc98db95fd1cd85,True,persistence,22280,7428,9907,0.259079754214192,4.6431333993305035,0,,src.pilot_forecasters.Persistence,0.0,0.0002786999975796789,0.002470699982950464,0.0026095000212080777,3796512.711049344,0.0053589000017382205,0.0,measured,0.8938124558393056,1.015625,2.8072559175330576,6687,0.5078125,-0.006187544160694447,0.9491268799838498,1.3125,4.43197991319269,7058,0.65625,-0.0008731200161501418,367.87890625,367.97265625,0.09375,0.00031450000824406743,5706.7265625
pleia_energy,6,1,46,kWh per 10 minutes,60,smart_building_conformal/outputs/matched_forecasting005/pleia_energy_h6_f1_s46_v1,a94b3835135749e2f18b89fb6017d8d0b8b9d419cb0a1f9be11122d93d0a217f,d65ac7c08324f695c221b4ac18143deff39ac0c271dc8aa96bc98db95fd1cd85,True,xgboost,22280,7428,9907,0.21506760680851186,3.2908635037566922,0,,xgboost.sklearn.XGBRegressor,3.0172347000043374,0.656370299984701,0.04839630000060424,0.06235500000184402,158880.602994259,3.7843562999914866,3.203125,measured,0.8946199656808317,0.8356074094772339,1.9794669598717014,6687,0.41780370473861694,-0.005380034319168336,0.9555869587160594,1.1924991607666016,2.9776674246251345,7058,0.5962495803833008,0.005586958716059409,368.52734375,483.23046875,114.703125,0.0029805999947711825,5705.16796875
pleia_energy,6,1,46,kWh per 10 minutes,60,smart_building_conformal/outputs/matched_forecasting005/pleia_energy_h6_f1_s46_v1,a94b3835135749e2f18b89fb6017d8d0b8b9d419cb0a1f9be11122d93d0a217f,d65ac7c08324f695c221b4ac18143deff39ac0c271dc8aa96bc98db95fd1cd85,True,attention_lstm,22280,7428,9907,0.2274086916736677,3.2932565956937867,0,4.0,src.attention_lstm.AttentionLSTM,52.783603500021854,8.896114900009707,0.21576900000218302,0.25310470000840724,39141.90451489413,62.14859210004215,61.40625,measured,0.8823054405975573,0.8869632482528687,2.163147029090243,6687,0.4434816241264343,-0.01769455940244269,0.9525587968103362,1.3540684580802917,3.1973761476721454,7058,0.6770342290401459,0.002558796810336217,477.5234375,591.3828125,113.859375,0.003032499982509762,5576.953125
pleia_energy,1,0,46,kWh per 10 minutes,10,smart_building_conformal/outputs/matched_forecasting005/pleia_energy_h1_f0_s46_v1,a94b3835135749e2f18b89fb6017d8d0b8b9d419cb0a1f9be11122d93d0a217f,8ee91528127149f57a3d881cb696c3cb00739a08646ec128bcd6d9d17be0bb65,True,persistence,29719,9907,9909,0.14425096503178927,3.4973458927613192,0,,src.pilot_forecasters.Persistence,0.0,0.0002880999818444252,0.0031485999934375286,0.002828199998475611,3503641.8942581546,0.006264899973757565,0.015625,measured,0.9570087798970632,1.015625,2.194871770612574,8918,0.5078125,0.05700877989706321,0.9754768392370572,1.234375,3.452844320819455,9413,0.6171875,0.025476839237057236,368.3125,368.41015625,0.09765625,0.0003767999878618866,5701.26953125
pleia_energy,1,0,46,kWh per 10 minutes,10,smart_building_conformal/outputs/matched_forecasting005/pleia_energy_h1_f0_s46_v1,a94b3835135749e2f18b89fb6017d8d0b8b9d419cb0a1f9be11122d93d0a217f,8ee91528127149f57a3d881cb696c3cb00739a08646ec128bcd6d9d17be0bb65,True,xgboost,29719,9907,9909,0.09996193661576763,2.4747789211352167,0,,xgboost.sklearn.XGBRegressor,3.4406377999985125,0.8183252000017092,0.06492199999047443,0.06375100000877865,155432.85593379728,4.387635999999475,3.671875,measured,0.9581188818246039,0.708155632019043,1.3856065864128209,8918,0.3540778160095215,0.058118881824603896,0.9792108184478757,0.9386987686157227,2.155390744668128,9413,0.46934938430786133,0.029210818447875764,370.60546875,487.7578125,117.15234375,0.0033310999860987067,5689.203125
pleia_energy,1,0,46,kWh per 10 minutes,10,smart_building_conformal/outputs/matched_forecasting005/pleia_energy_h1_f0_s46_v1,a94b3835135749e2f18b89fb6017d8d0b8b9d419cb0a1f9be11122d93d0a217f,8ee91528127149f57a3d881cb696c3cb00739a08646ec128bcd6d9d17be0bb65,True,attention_lstm,29719,9907,9909,0.10695788859178157,2.475671844853898,1,22.0,src.attention_lstm.AttentionLSTM,132.68482580001,65.0153170999838,0.2471963999851141,0.25082820001989603,39505.12741076962,198.19816749999882,195.984375,measured,0.9599354122514886,0.7376009821891785,1.4034374576546564,8918,0.36880049109458923,0.05993541225148857,0.9793117368049248,0.9626938104629517,2.165823784482287,9413,0.48134690523147583,0.029311736804924826,479.2109375,594.046875,114.8359375,0.0029559000104200095,5619.95703125
pleia_energy,3,0,46,kWh per 10 minutes,30,smart_building_conformal/outputs/matched_forecasting005/pleia_energy_h3_f0_s46_v1,a94b3835135749e2f18b89fb6017d8d0b8b9d419cb0a1f9be11122d93d0a217f,387f6578fde438aa38920408ef4477b06f8b22821c99d213e7f3a9c1367ff215,True,persistence,29715,9906,9909,0.13262406650519729,3.491696175451933,0,,src.pilot_forecasters.Persistence,0.0,0.00029540000832639635,0.0032217999978456646,0.0026289000234100968,3769257.070166734,0.006146100029582158,0.0,measured,0.9672015339590272,1.015625,2.1913711651024324,8917,0.5078125,0.06720153395902717,0.980825512160662,1.25,3.4831340195781593,9412,0.625,0.030825512160662094,369.5859375,369.68359375,0.09765625,0.0003722999827004969,5653.2265625
pleia_energy,3,0,46,kWh per 10 minutes,30,smart_building_conformal/outputs/matched_forecasting005/pleia_energy_h3_f0_s46_v1,a94b3835135749e2f18b89fb6017d8d0b8b9d419cb0a1f9be11122d93d0a217f,387f6578fde438aa38920408ef4477b06f8b22821c99d213e7f3a9c1367ff215,True,xgboost,29715,9906,9909,0.10760659450406275,2.4757874018073833,0,,xgboost.sklearn.XGBRegressor,4.025967300025513,0.8213285999954678,0.0657696999842301,0.06412100000306964,154535.9554518119,4.977186600008281,3.796875,measured,0.956806943182965,0.7874652147293091,1.4736247200190642,8917,0.39373260736465454,0.056806943182964975,0.9771924513068927,1.0148963928222656,2.2368214604098826,9412,0.5074481964111328,0.02719245130689274,371.015625,485.96875,114.953125,0.0035010999999940395,5683.24609375
pleia_energy,3,0,46,kWh per 10 minutes,30,smart_building_conformal/outputs/matched_forecasting005/pleia_energy_h3_f0_s46_v1,a94b3835135749e2f18b89fb6017d8d0b8b9d419cb0a1f9be11122d93d0a217f,387f6578fde438aa38920408ef4477b06f8b22821c99d213e7f3a9c1367ff215,True,attention_lstm,29715,9906,9909,0.10898400585542402,2.4762272996031083,0,8.0,src.attention_lstm.AttentionLSTM,75.78728180000326,23.464549900003476,0.2532227000046987,0.26713689998723567,37093.34053241417,99.77219129999867,98.875,measured,0.9632657180341104,0.7842605113983154,1.4497334439755207,8917,0.3921302556991577,0.06326571803411041,0.9809264305177112,1.0403273105621338,2.23934791931195,9412,0.5201636552810669,0.030926430517711267,480.19921875,597.8125,117.61328125,0.0031125999812502414,5562.61328125
pleia_energy,6,0,46,kWh per 10 minutes,60,smart_building_conformal/outputs/matched_forecasting005/pleia_energy_h6_f0_s46_v1,a94b3835135749e2f18b89fb6017d8d0b8b9d419cb0a1f9be11122d93d0a217f,90e1e38760c153a78db3e9dce2ebafed538278dbce33865d62c06f92cdaa1447,True,persistence,29710,9904,9909,0.14409564537289332,3.4910117759006383,0,,src.pilot_forecasters.Persistence,0.0,0.00032140000257641077,0.0031436999852303416,0.002661100006662309,3723648.1061184867,0.0061261999944690615,0.0,measured,0.9617519426783732,1.0625,2.2682536078312645,8915,0.53125,0.06175194267837314,0.9772933696639419,1.328125,3.5800866005651404,9410,0.6640625,0.027293369663941913,370.0625,370.16015625,0.09765625,0.00037949997931718826,5766.69140625
pleia_energy,6,0,46,kWh per 10 minutes,60,smart_building_conformal/outputs/matched_forecasting005/pleia_energy_h6_f0_s46_v1,a94b3835135749e2f18b89fb6017d8d0b8b9d419cb0a1f9be11122d93d0a217f,90e1e38760c153a78db3e9dce2ebafed538278dbce33865d62c06f92cdaa1447,True,xgboost,29710,9904,9909,0.11516379487855558,2.4759266540690454,0,,xgboost.sklearn.XGBRegressor,3.357063500006916,0.8090620999864768,0.06375529998331331,0.062491699995007366,158565.05745229617,4.2923725999717135,3.671875,measured,0.9520637804016551,0.8141043186187744,1.5114685780484256,8915,0.4070521593093872,0.052063780401655047,0.975981431022303,1.0469707250595093,2.271790886216428,9410,0.5234853625297546,0.025981431022302992,372.39453125,489.046875,116.65234375,0.0038343000051099807,5728.66015625
pleia_energy,6,0,46,kWh per 10 minutes,60,smart_building_conformal/outputs/matched_forecasting005/pleia_energy_h6_f0_s46_v1,a94b3835135749e2f18b89fb6017d8d0b8b9d419cb0a1f9be11122d93d0a217f,90e1e38760c153a78db3e9dce2ebafed538278dbce33865d62c06f92cdaa1447,True,attention_lstm,29710,9904,9909,0.11319268215363075,2.4766194794918137,0,7.0,src.attention_lstm.AttentionLSTM,67.72837320002145,20.75670889997855,0.25537379999877885,0.2516215000068769,39380.577572779686,88.99207740000566,87.859375,measured,0.9629629629629629,0.8664920330047607,1.5283175304446335,8915,0.43324601650238037,0.06296296296296289,0.9802200020183671,1.1253643035888672,2.3083289126260373,9410,0.5626821517944336,0.030220002018367165,478.6328125,598.7578125,120.125,0.0030508999770972878,5626.453125
rico,5,1,42,degrees C,5,smart_building_conformal/outputs/matched_forecasting005/rico_h5_f1_s42_v1,a94b3835135749e2f18b89fb6017d8d0b8b9d419cb0a1f9be11122d93d0a217f,cac92156db8910e89e83c530999b6a597b6c85ec98c14f7a800c658b2c089667,True,persistence,19504,6572,8692,0.11341463414634147,0.17473271943102328,0,,src.pilot_forecasters.Persistence,0.0,0.0003603999793995172,0.002492800005711615,0.0027365999994799495,3176204.049423294,0.005589799984591082,0.015625,measured,0.8520478601012426,0.3999999999999986,0.896088357109988,5916,0.1999999999999993,-0.04795213989875746,0.9351127473538886,0.6000000000000014,1.0970087436723412,6245,0.3000000000000007,-0.014887252646111349,416.6328125,417.0546875,0.421875,0.0004579999949783087,5703.21484375
rico,5,1,42,degrees C,5,smart_building_conformal/outputs/matched_forecasting005/rico_h5_f1_s42_v1,a94b3835135749e2f18b89fb6017d8d0b8b9d419cb0a1f9be11122d93d0a217f,cac92156db8910e89e83c530999b6a597b6c85ec98c14f7a800c658b2c089667,True,xgboost,19504,6572,8692,0.17275715078344223,0.26751626269934026,1,,xgboost.sklearn.XGBRegressor,3.461185899999691,1.1907956000068225,0.07904409998445772,0.10279259999515489,84558.6160911359,4.833818199986126,4.375,measured,0.8575701794753796,0.6297950744628906,1.2970071266830874,5916,0.3148975372314453,-0.04242982052462041,0.9139438564196962,0.7995803833007784,1.74988903865472,6245,0.3997901916503892,-0.036056143580303734,420.79296875,533.296875,112.50390625,0.004439200012711808,5652.77734375
rico,5,1,42,degrees C,5,smart_building_conformal/outputs/matched_forecasting005/rico_h5_f1_s42_v1,a94b3835135749e2f18b89fb6017d8d0b8b9d419cb0a1f9be11122d93d0a217f,cac92156db8910e89e83c530999b6a597b6c85ec98c14f7a800c658b2c089667,True,attention_lstm,19504,6572,8692,0.8934564462083306,1.0859404707462395,1,16.0,src.attention_lstm.AttentionLSTM,99.80845270000282,33.537506399996346,0.20517189998645335,0.2823989999887999,30779.145819725738,133.83352999997442,131.875,measured,0.9501840773124712,4.292807006835936,4.538055696939467,5916,2.146403503417968,0.05018407731247121,0.9796364473078693,4.8427604675292955,4.940839365973649,6245,2.4213802337646477,0.029636447307869296,517.59375,623.08203125,105.48828125,0.0034290000039618462,5589.5078125
rico,15,1,42,degrees C,15,smart_building_conformal/outputs/matched_forecasting005/rico_h15_f1_s42_v1,a94b3835135749e2f18b89fb6017d8d0b8b9d419cb0a1f9be11122d93d0a217f,ed3c67ad2e6adbe1a6cbc2af3381b7c8ea11ef24a4e2aef349a4f7112a58705e,True,persistence,18584,6262,8282,0.3265394832166143,0.4836895350204883,0,,src.pilot_forecasters.Persistence,0.0,0.00037850000080652535,0.0030537999991793185,0.0034605999826453626,2393226.6201044847,0.0068928999826312065,0.015625,measured,0.8235933349432504,1.0,2.636319729533929,5637,0.5,-0.07640666505674965,0.893021009418015,1.5999999999999943,3.1633904853900083,5950,0.7999999999999972,-0.05697899058198497,416.203125,416.390625,0.1875,0.0006210999854374677,5688.8828125
rico,15,1,42,degrees C,15,smart_building_conformal/outputs/matched_forecasting005/rico_h15_f1_s42_v1,a94b3835135749e2f18b89fb6017d8d0b8b9d419cb0a1f9be11122d93d0a217f,ed3c67ad2e6adbe1a6cbc2af3381b7c8ea11ef24a4e2aef349a4f7112a58705e,True,xgboost,18584,6262,8282,0.42851075343076983,0.5800530787360387,1,,xgboost.sklearn.XGBRegressor,4.159572300006403,1.1502758999995422,0.07877179997740313,0.10272639998584054,80621.92387878445,5.4913463999691885,4.234375,measured,0.8645254769379377,1.8099403381347656,2.6500492855938873,5637,0.9049701690673828,-0.035474523062062335,0.8932624969814055,2.040454864501953,3.1602019370105974,5950,1.0202274322509766,-0.05673750301859448,419.9453125,531.578125,111.6328125,0.003989300021203235,5689.84375
rico,15,1,42,degrees C,15,smart_building_conformal/outputs/matched_forecasting005/rico_h15_f1_s42_v1,a94b3835135749e2f18b89fb6017d8d0b8b9d419cb0a1f9be11122d93d0a217f,ed3c67ad2e6adbe1a6cbc2af3381b7c8ea11ef24a4e2aef349a4f7112a58705e,True,attention_lstm,18584,6262,8282,0.9794132351501067,1.196274075158436,1,16.0,src.attention_lstm.AttentionLSTM,77.23137370002223,32.17985869999393,0.18164550000801682,0.245656399987638,33713.756288933524,109.83853430001182,108.078125,measured,0.9302100941801498,4.1220085144043,4.735104270258898,5637,2.06100425720215,0.03021009418014975,0.9641390968365129,4.762339019775389,5.349357703180595,5950,2.3811695098876946,0.014139096836512932,516.74609375,620.171875,103.42578125,0.0036441999836824834,5547.875
rico,30,1,42,degrees C,30,smart_building_conformal/outputs/matched_forecasting005/rico_h30_f1_s42_v1,a94b3835135749e2f18b89fb6017d8d0b8b9d419cb0a1f9be11122d93d0a217f,5c3d3d8d79736ad0df2ee5929d1975d8474fd7152d7cdeb6a7495cd5966cef9c,True,persistence,17204,5797,7667,0.6189122212077736,0.8909132167183795,0,,src.pilot_forecasters.Persistence,0.0,0.0003837999829556793,0.002456100017298013,0.0025568999990355223,2998552.9363260344,0.005396799999289215,0.015625,measured,0.8014868918742664,1.8000000000000043,4.878387896178424,5219,0.9000000000000021,-0.09851310812573366,0.8923959827833573,2.799999999999997,5.8682144254597635,5509,1.3999999999999986,-0.057604017216642656,410.48828125,410.58984375,0.1015625,0.00030899999546818435,5665.5078125
rico,30,1,42,degrees C,30,smart_building_conformal/outputs/matched_forecasting005/rico_h30_f1_s42_v1,a94b3835135749e2f18b89fb6017d8d0b8b9d419cb0a1f9be11122d93d0a217f,5c3d3d8d79736ad0df2ee5929d1975d8474fd7152d7cdeb6a7495cd5966cef9c,True,xgboost,17204,5797,7667,0.735687964416878,0.9748465669627603,1,,xgboost.sklearn.XGBRegressor,4.102198100008536,1.1037614999804646,0.07720470000640489,0.10137590000522323,75629.41487676036,5.384540200000629,4.1875,measured,0.8711360375635842,3.272760009765626,4.199312327155952,5219,1.6363800048828132,-0.02886396243641587,0.9269596974044607,3.770648193359378,4.596681157056519,5509,1.885324096679689,-0.02304030259553924,414.1875,526.46875,112.28125,0.004119100020034239,5652.7265625
rico,30,1,42,degrees C,30,smart_building_conformal/outputs/matched_forecasting005/rico_h30_f1_s42_v1,a94b3835135749e2f18b89fb6017d8d0b8b9d419cb0a1f9be11122d93d0a217f,5c3d3d8d79736ad0df2ee5929d1975d8474fd7152d7cdeb6a7495cd5966cef9c,True,attention_lstm,17204,5797,7667,1.0991584087235997,1.3477295548760788,0,9.0,src.attention_lstm.AttentionLSTM,62.77437260001898,16.788961999991443,0.18034909997368231,0.23808300000382587,32203.055236521697,79.98176669998793,78.484375,measured,0.8638320073040303,4.137657165527344,5.316597512263712,5219,2.068828582763672,-0.03616799269596971,0.9316551454284596,4.643418884277345,5.92645982269888,5509,2.3217094421386726,-0.018344854571540337,512.59765625,617.21875,104.62109375,0.003179400024237111,5540.88671875
rico,60,1,42,degrees C,60,smart_building_conformal/outputs/matched_forecasting005/rico_h60_f1_s42_v1,a94b3835135749e2f18b89fb6017d8d0b8b9d419cb0a1f9be11122d93d0a217f,34d425451e5135d492a17e115b44c401310e46fac877c8dc0518c8fb9c6c1491,True,persistence,14444,4867,6437,1.1399254311014448,1.5599375990833806,0,,src.pilot_forecasters.Persistence,0.0,0.0005332999862730503,0.0022148999851197004,0.0023517000081483275,2737168.847087916,0.005099899979541078,0.0,measured,0.7825073792139196,3.2000000000000024,8.36948889234115,4382,1.6000000000000014,-0.11749262078608047,0.8842628553674072,4.799999999999997,9.847071617212986,4625,2.3999999999999986,-0.06573714463259273,406.46484375,406.60546875,0.140625,0.00045510000200010836,5628.34765625
rico,60,1,42,degrees C,60,smart_building_conformal/outputs/matched_forecasting005/rico_h60_f1_s42_v1,a94b3835135749e2f18b89fb6017d8d0b8b9d419cb0a1f9be11122d93d0a217f,34d425451e5135d492a17e115b44c401310e46fac877c8dc0518c8fb9c6c1491,True,xgboost,14444,4867,6437,0.7844061397406115,1.0432297225154823,0,,xgboost.sklearn.XGBRegressor,3.205755200004205,0.6347863999835681,0.055697000003419816,0.06893330000457354,93380.12251804168,3.9651718999957666,3.34375,measured,0.9154885816374088,3.6829467773437505,4.675974895695973,4382,1.8414733886718757,0.015488581637408738,0.9422091036196986,4.1998893737793,5.445956214073929,4625,2.09994468688965,-0.007790896380301393,412.375,517.52734375,105.15234375,0.003257800010032952,5619.60546875
rico,60,1,42,degrees C,60,smart_building_conformal/outputs/matched_forecasting005/rico_h60_f1_s42_v1,a94b3835135749e2f18b89fb6017d8d0b8b9d419cb0a1f9be11122d93d0a217f,34d425451e5135d492a17e115b44c401310e46fac877c8dc0518c8fb9c6c1491,True,attention_lstm,14444,4867,6437,1.4040624156286392,1.8010183063369434,0,14.0,src.attention_lstm.AttentionLSTM,60.030234100006055,22.117838000005577,0.16845469997497275,0.19406220002565533,33169.77752055279,82.51058900001226,81.0625,measured,0.8535031847133758,5.068256378173828,7.941994980993859,4382,2.534128189086914,-0.046496815286624193,0.8760292061519341,5.484076690673831,10.08342951083749,4625,2.7420383453369137,-0.07397079384806582,509.0859375,607.484375,98.3984375,0.0029418999911285937,5500.53125
rico,5,0,42,degrees C,5,smart_building_conformal/outputs/matched_forecasting005/rico_h5_f0_s42_v1,a94b3835135749e2f18b89fb6017d8d0b8b9d419cb0a1f9be11122d93d0a217f,3f801ca1ae6e6bae5d5867d1603ec24dd3199541578c72841a5acb5c0996d654,True,persistence,26076,8692,9116,0.10910487055726197,0.19097679676376933,0,,src.pilot_forecasters.Persistence,0.0,0.0003564999788068235,0.003464900015387684,0.003270899993367493,2787000.525385918,0.007092299987562001,0.015625,measured,0.934730144800351,0.6000000000000014,0.9780166739798162,7824,0.3000000000000007,0.03473014480035097,0.9477841158402808,0.7999999999999972,1.2967090829311105,8259,0.3999999999999986,-0.0022158841597191836,416.296875,416.625,0.328125,0.00048290000995621085,5593.55859375
rico,5,0,42,degrees C,5,smart_building_conformal/outputs/matched_forecasting005/rico_h5_f0_s42_v1,a94b3835135749e2f18b89fb6017d8d0b8b9d419cb0a1f9be11122d93d0a217f,3f801ca1ae6e6bae5d5867d1603ec24dd3199541578c72841a5acb5c0996d654,True,xgboost,26076,8692,9116,0.08978416035707809,0.11929726637515145,1,,xgboost.sklearn.XGBRegressor,4.3392018000013195,1.5235266000090633,0.10989500000141561,0.10911810002289712,83542.51034509506,6.0817415000346955,5.484375,measured,0.8701184730144801,0.3387325286865208,0.5400254533708284,7824,0.16936626434326207,-0.029881526985519935,0.9325362000877578,0.4319412231445341,0.6553245696753657,8259,0.21597061157226705,-0.017463799912242117,416.05078125,537.3515625,121.30078125,0.004255699983332306,5616.75390625
rico,5,0,42,degrees C,5,smart_building_conformal/outputs/matched_forecasting005/rico_h5_f0_s42_v1,a94b3835135749e2f18b89fb6017d8d0b8b9d419cb0a1f9be11122d93d0a217f,3f801ca1ae6e6bae5d5867d1603ec24dd3199541578c72841a5acb5c0996d654,True,attention_lstm,26076,8692,9116,0.3861000475521514,0.514083571619857,0,14.0,src.attention_lstm.AttentionLSTM,117.20324699999765,39.63067919999594,0.2593790999962948,0.2703068999981042,33724.62930122737,157.36361219998798,154.546875,measured,0.9336331724440544,1.9663482666015635,2.4450424810311633,7824,0.983174133300782,0.03363317244405439,0.9531592803861343,2.309521484374997,2.885676548929787,8259,1.1547607421875004,0.0031592803861343333,519.0546875,611.71875,92.6640625,0.00716499998816289,5495.515625
rico,15,0,42,degrees C,15,smart_building_conformal/outputs/matched_forecasting005/rico_h15_f0_s42_v1,a94b3835135749e2f18b89fb6017d8d0b8b9d419cb0a1f9be11122d93d0a217f,35d7e7979e0029b011d3a644df29a6f5dfcb2060f66e6efbcf4e730e5b8e0152,True,persistence,24846,8282,8686,0.31010822012433803,0.5257189194087168,0,,src.pilot_forecasters.Persistence,0.0,0.00030089999199844897,0.0033730999857652932,0.0026750999968498945,3246981.4250788135,0.006349099974613637,0.0,measured,0.9186046511627907,1.6000000000000014,2.721344692608796,7455,0.8000000000000007,0.018604651162790642,0.9485378770435183,2.200000000000003,3.611466728068154,7869,1.1000000000000014,-0.0014621229564816263,416.0390625,416.359375,0.3203125,0.0003609000123105943,5606.72265625
rico,15,0,42,degrees C,15,smart_building_conformal/outputs/matched_forecasting005/rico_h15_f0_s42_v1,a94b3835135749e2f18b89fb6017d8d0b8b9d419cb0a1f9be11122d93d0a217f,35d7e7979e0029b011d3a644df29a6f5dfcb2060f66e6efbcf4e730e5b8e0152,True,xgboost,24846,8282,8686,0.2174735981446928,0.3016103037108708,1,,xgboost.sklearn.XGBRegressor,4.195975100010401,1.4451629999966826,0.10394639999140054,0.1064808999944944,81573.31503066851,5.851565399992978,5.21875,measured,0.876698134929772,0.856987762451169,1.404314912554034,7455,0.4284938812255845,-0.023301865070228023,0.9271241077596132,1.0721923828125028,1.7587947563506898,7869,0.5360961914062514,-0.022875892240386775,415.3984375,537.9921875,122.59375,0.004168700019363314,5602.18359375
rico,15,0,42,degrees C,15,smart_building_conformal/outputs/matched_forecasting005/rico_h15_f0_s42_v1,a94b3835135749e2f18b89fb6017d8d0b8b9d419cb0a1f9be11122d93d0a217f,35d7e7979e0029b011d3a644df29a6f5dfcb2060f66e6efbcf4e730e5b8e0152,True,attention_lstm,24846,8282,8686,0.4377178195652094,0.5776303774939608,1,18.0,src.attention_lstm.AttentionLSTM,112.54512520000571,48.87534690002212,0.24565630001598038,0.2602721000148449,33372.766422158136,161.92640050005866,159.546875,measured,0.9453142988717477,2.4531196594238267,2.714271089368061,7455,1.2265598297119134,0.04531429887174765,0.9716785632051578,2.8117164611816396,3.050706176792946,7869,1.4058582305908196,0.02167856320515782,517.96484375,612.98046875,95.015625,0.002896399993915111,5519.88671875
rico,30,0,42,degrees C,30,smart_building_conformal/outputs/matched_forecasting005/rico_h30_f0_s42_v1,a94b3835135749e2f18b89fb6017d8d0b8b9d419cb0a1f9be11122d93d0a217f,5ba13322b01145d05b2c5f2b05c5619bcfe383aea85e60905e78991ecdf1b774,True,persistence,23001,7667,8041,0.582676284044273,0.9574682395113304,0,,src.pilot_forecasters.Persistence,0.0,0.0003386999887879938,0.0034457000147085637,0.0025265000003855675,3182663.76361483,0.006310900003882125,0.0,measured,0.9165526675786594,3.0,4.920905360029847,6902,1.5,0.016552667578659364,0.9461509762467355,4.0,6.44447208058699,7285,2.0,-0.0038490237532644578,410.89453125,411.046875,0.15234375,0.0003265000123064965,5620.92578125
rico,30,0,42,degrees C,30,smart_building_conformal/outputs/matched_forecasting005/rico_h30_f0_s42_v1,a94b3835135749e2f18b89fb6017d8d0b8b9d419cb0a1f9be11122d93d0a217f,5ba13322b01145d05b2c5f2b05c5619bcfe383aea85e60905e78991ecdf1b774,True,xgboost,23001,7667,8041,0.4009495920542534,0.5701429471647875,1,,xgboost.sklearn.XGBRegressor,4.560343199991621,1.36818819999462,0.11772629999904893,0.11855339998146519,67825.97547819921,6.164811099966755,4.984375,measured,0.8649421713717199,1.5031795501708984,2.7727868412579046,6902,0.7515897750854492,-0.03505782862828011,0.9163039422957343,2.0466087341308565,3.470949875900749,7285,1.0233043670654283,-0.03369605770426565,416.5859375,532.31640625,115.73046875,0.004268899996532127,5615.61328125
rico,30,0,42,degrees C,30,smart_building_conformal/outputs/matched_forecasting005/rico_h30_f0_s42_v1,a94b3835135749e2f18b89fb6017d8d0b8b9d419cb0a1f9be11122d93d0a217f,5ba13322b01145d05b2c5f2b05c5619bcfe383aea85e60905e78991ecdf1b774,True,attention_lstm,23001,7667,8041,0.6149909239475918,0.8193988018113295,0,6.0,src.attention_lstm.AttentionLSTM,73.44729849998839,15.01739799999632,0.2304240000084974,0.2321073999919463,34643.44523388314,88.92722789998516,87.421875,measured,0.9138166894664843,2.929208374023438,3.8222638907620543,6902,1.4646041870117195,0.013816689466484289,0.9442855366247979,3.4803596496582037,4.5044850665736345,7285,1.7401798248291023,-0.005714463375202095,516.37890625,610.484375,94.10546875,0.0036228999961167574,5548.4453125
rico,60,0,42,degrees C,60,smart_building_conformal/outputs/matched_forecasting005/rico_h60_f0_s42_v1,a94b3835135749e2f18b89fb6017d8d0b8b9d419cb0a1f9be11122d93d0a217f,bf2e8cdb70aac376e7897ea8a3d31c01c5e326f268cf59ea5c736aa306992b81,True,persistence,19311,6437,6751,1.0726114649681526,1.6478998722733917,0,,src.pilot_forecasters.Persistence,0.0,0.0003336000081617385,0.002517499990062788,0.0023167000035755336,2914058.786023518,0.00516780000180006,0.0,measured,0.9086061324248259,5.199999999999995,8.281913790549547,5795,2.599999999999998,0.008606132424825885,0.9425270330321434,6.799999999999998,10.610398459487481,6117,3.3999999999999986,-0.007472966967856598,406.26171875,406.40234375,0.140625,0.00039420000393874943,5607.26953125
rico,60,0,42,degrees C,60,smart_building_conformal/outputs/matched_forecasting005/rico_h60_f0_s42_v1,a94b3835135749e2f18b89fb6017d8d0b8b9d419cb0a1f9be11122d93d0a217f,bf2e8cdb70aac376e7897ea8a3d31c01c5e326f268cf59ea5c736aa306992b81,True,xgboost,19311,6437,6751,0.7181983899724091,1.032288364026656,1,,xgboost.sklearn.XGBRegressor,3.674151899991557,1.220589500007918,0.08146859999396838,0.08456550000119023,79831.60981611865,5.060775499994634,4.4375,measured,0.8272848466893794,2.6655845642089844,5.278198083406589,5795,1.3327922821044922,-0.07271515331062062,0.8702414457117464,3.262263488769534,6.693859928601788,6117,1.631131744384767,-0.07975855428825351,412.265625,524.7578125,112.4921875,0.0042428000015206635,5596.6015625
rico,60,0,42,degrees C,60,smart_building_conformal/outputs/matched_forecasting005/rico_h60_f0_s42_v1,a94b3835135749e2f18b89fb6017d8d0b8b9d419cb0a1f9be11122d93d0a217f,bf2e8cdb70aac376e7897ea8a3d31c01c5e326f268cf59ea5c736aa306992b81,True,attention_lstm,19311,6437,6751,0.9089567839348869,1.1386553296346404,0,8.0,src.attention_lstm.AttentionLSTM,60.988942099997075,16.640316300006816,0.18853479999233969,0.1978442000108771,34122.8097645968,78.01563740000711,76.75,measured,0.8483187675899867,3.4044357299804697,4.899331859418542,5795,1.702217864990235,-0.05168123241001332,0.9183824618575026,4.2077575683593755,5.31031718761934,6117,2.103878784179688,-0.03161753814249735,509.01171875,613.3828125,104.37109375,0.003009600011864677,5488.51953125
rico,5,1,43,degrees C,5,smart_building_conformal/outputs/matched_forecasting005/rico_h5_f1_s43_v1,a94b3835135749e2f18b89fb6017d8d0b8b9d419cb0a1f9be11122d93d0a217f,9ed966086f249e7122ffba92921ba5ed2f8c993d1d59d1175560a89a297eb56f,True,persistence,19504,6572,8692,0.11341463414634147,0.17473271943102328,0,,src.pilot_forecasters.Persistence,0.0,0.00030519999563694,0.0024873999936971813,0.0032922000100370497,2640179.810916829,0.006084799999371171,0.03125,measured,0.8520478601012426,0.3999999999999986,0.896088357109988,5916,0.1999999999999993,-0.04795213989875746,0.9351127473538886,0.6000000000000014,1.0970087436723412,6245,0.3000000000000007,-0.014887252646111349,418.6640625,418.92578125,0.26171875,0.0003789000038523227,5551.0078125
rico,5,1,43,degrees C,5,smart_building_conformal/outputs/matched_forecasting005/rico_h5_f1_s43_v1,a94b3835135749e2f18b89fb6017d8d0b8b9d419cb0a1f9be11122d93d0a217f,9ed966086f249e7122ffba92921ba5ed2f8c993d1d59d1175560a89a297eb56f,True,xgboost,19504,6572,8692,0.12750856693143173,0.23584666812655442,0,,xgboost.sklearn.XGBRegressor,3.686958099977346,0.8116505000216421,0.07251699999324046,0.0928497000131756,93613.65732755823,4.663975300005404,4.09375,measured,0.8625172572480442,0.39382095336914347,1.1491123834953176,5916,0.19691047668457173,-0.037482742751955844,0.9156695812241141,0.5122306823730443,1.7675823269601325,6245,0.2561153411865238,-0.03433041877588583,421.6796875,532.08203125,110.40234375,0.003248099994380027,5531.10546875
rico,5,1,43,degrees C,5,smart_building_conformal/outputs/matched_forecasting005/rico_h5_f1_s43_v1,a94b3835135749e2f18b89fb6017d8d0b8b9d419cb0a1f9be11122d93d0a217f,9ed966086f249e7122ffba92921ba5ed2f8c993d1d59d1175560a89a297eb56f,True,attention_lstm,19504,6572,8692,0.8079653345381014,0.97052932403186,0,18.0,src.attention_lstm.AttentionLSTM,125.55802990001393,38.52402880002046,0.20071470001130365,0.2493755999894347,34855.05398430421,164.53214900003513,162.046875,measured,0.9157846295444086,3.1392669677734375,3.7900730427980314,5916,1.5696334838867188,0.015784629544408624,0.9916014726184997,4.978664398193359,5.027480069690183,6245,2.4893321990966797,0.04160147261849978,518.3125,625.31640625,107.00390625,0.003212600015103817,5484.0390625
rico,15,1,43,degrees C,15,smart_building_conformal/outputs/matched_forecasting005/rico_h15_f1_s43_v1,a94b3835135749e2f18b89fb6017d8d0b8b9d419cb0a1f9be11122d93d0a217f,ab4a46108f81da69a97ddc0ede566e35a48c3739c89bdb9bf52592a9a54d0423,True,persistence,18584,6262,8282,0.3265394832166143,0.4836895350204883,0,,src.pilot_forecasters.Persistence,0.0,0.00027740001678466797,0.00234979999368079,0.0025668999878689647,3226459.947462036,0.005194099998334423,0.015625,measured,0.8235933349432504,1.0,2.636319729533929,5637,0.5,-0.07640666505674965,0.893021009418015,1.5999999999999943,3.1633904853900083,5950,0.7999999999999972,-0.05697899058198497,413.921875,414.07421875,0.15234375,0.0004029999836347997,5666.58984375
rico,15,1,43,degrees C,15,smart_building_conformal/outputs/matched_forecasting005/rico_h15_f1_s43_v1,a94b3835135749e2f18b89fb6017d8d0b8b9d419cb0a1f9be11122d93d0a217f,ab4a46108f81da69a97ddc0ede566e35a48c3739c89bdb9bf52592a9a54d0423,True,xgboost,18584,6262,8282,0.43296900801945354,0.586383320757381,1,,xgboost.sklearn.XGBRegressor,3.4917093999974895,1.2039260000165086,0.07796029999735765,0.10072660000878386,82222.5707933929,4.87432230002014,4.25,measured,0.8611446510504709,1.8074508666992202,2.6931831927323677,5637,0.9037254333496101,-0.038855348949529134,0.9078724945665299,2.1627799987792997,3.1155277306548146,5950,1.0813899993896499,-0.0421275054334701,417.17578125,529.31640625,112.140625,0.0046904000046197325,5643.6015625
rico,15,1,43,degrees C,15,smart_building_conformal/outputs/matched_forecasting005/rico_h15_f1_s43_v1,a94b3835135749e2f18b89fb6017d8d0b8b9d419cb0a1f9be11122d93d0a217f,ab4a46108f81da69a97ddc0ede566e35a48c3739c89bdb9bf52592a9a54d0423,True,attention_lstm,18584,6262,8282,0.9487731423247872,1.1488322966970663,0,16.0,src.attention_lstm.AttentionLSTM,123.82171629997902,32.097891400015214,0.20183710000128485,0.27413129998603836,30211.79996746744,156.39557609998155,154.078125,measured,0.9175319971021493,3.836557006835939,4.462783299814356,5637,1.9182785034179695,0.017531997102149255,0.97512678097078,4.916128540039061,5.236018125436869,5950,2.4580642700195305,0.025126780970780027,515.765625,619.921875,104.15625,0.003369299985934049,5563.51171875
rico,30,1,43,degrees C,30,smart_building_conformal/outputs/matched_forecasting005/rico_h30_f1_s43_v1,a94b3835135749e2f18b89fb6017d8d0b8b9d419cb0a1f9be11122d93d0a217f,021b9b2fbef39475fd1ad6e13630cf2ec310d5c600e8eb82531cfb67c300a2c0,True,persistence,17204,5797,7667,0.6189122212077736,0.8909132167183795,0,,src.pilot_forecasters.Persistence,0.0,0.00031590001890435815,0.0028620999946724623,0.0025456999719608575,3011745.329161628,0.005723699985537678,0.0,measured,0.8014868918742664,1.8000000000000043,4.878387896178424,5219,0.9000000000000021,-0.09851310812573366,0.8923959827833573,2.799999999999997,5.8682144254597635,5509,1.3999999999999986,-0.057604017216642656,410.5078125,410.6953125,0.1875,0.0006673000170849264,5597.6328125
rico,30,1,43,degrees C,30,smart_building_conformal/outputs/matched_forecasting005/rico_h30_f1_s43_v1,a94b3835135749e2f18b89fb6017d8d0b8b9d419cb0a1f9be11122d93d0a217f,021b9b2fbef39475fd1ad6e13630cf2ec310d5c600e8eb82531cfb67c300a2c0,True,xgboost,17204,5797,7667,0.8192794048507848,1.0700935441325938,1,,xgboost.sklearn.XGBRegressor,3.981769700010773,1.1033165999979246,0.0728557999827899,0.10416459999396466,73604.66032072536,5.262106699985452,4.03125,measured,0.8648754401982522,3.4499259948730483,4.686858411803618,5219,1.7249629974365241,-0.03512455980174778,0.9272205556280162,4.192115783691406,5.025440279252995,5509,2.096057891845703,-0.02277944437198376,414.45703125,526.58984375,112.1328125,0.00398400000995025,5673.375
rico,30,1,43,degrees C,30,smart_building_conformal/outputs/matched_forecasting005/rico_h30_f1_s43_v1,a94b3835135749e2f18b89fb6017d8d0b8b9d419cb0a1f9be11122d93d0a217f,021b9b2fbef39475fd1ad6e13630cf2ec310d5c600e8eb82531cfb67c300a2c0,True,attention_lstm,17204,5797,7667,1.2152624396436977,1.5304113054817923,0,16.0,src.attention_lstm.AttentionLSTM,69.98511830001371,30.04498279999825,0.16872449999209493,0.22475950000807643,34112.017510826,100.42358510001213,98.578125,measured,0.7982261640798226,4.037127685546878,6.673240272339868,5219,2.018563842773439,-0.10177383592017741,0.9116994913264641,5.279957580566404,7.224565262630927,5509,2.6399787902832035,-0.03830050867353585,512.81640625,616.9375,104.12109375,0.0033195000141859055,5581.703125
rico,60,1,43,degrees C,60,smart_building_conformal/outputs/matched_forecasting005/rico_h60_f1_s43_v1,a94b3835135749e2f18b89fb6017d8d0b8b9d419cb0a1f9be11122d93d0a217f,f608eea4dc5e72256c54e013a2db0fb9d5405cda0c6ccd1dcc8d38b362e790ff,True,persistence,14444,4867,6437,1.1399254311014448,1.5599375990833806,0,,src.pilot_forecasters.Persistence,0.0,0.0004037999897263944,0.0022729000193066895,0.0021132999972905964,3045947.10086249,0.00479000000632368,0.0,measured,0.7825073792139196,3.2000000000000024,8.36948889234115,4382,1.6000000000000014,-0.11749262078608047,0.8842628553674072,4.799999999999997,9.847071617212986,4625,2.3999999999999986,-0.06573714463259273,408.0703125,408.1953125,0.125,0.00033469998743385077,5685.2109375
rico,60,1,43,degrees C,60,smart_building_conformal/outputs/matched_forecasting005/rico_h60_f1_s43_v1,a94b3835135749e2f18b89fb6017d8d0b8b9d419cb0a1f9be11122d93d0a217f,f608eea4dc5e72256c54e013a2db0fb9d5405cda0c6ccd1dcc8d38b362e790ff,True,xgboost,14444,4867,6437,0.8115584596447531,1.0965833145912058,0,,xgboost.sklearn.XGBRegressor,2.951978400000371,0.6582271999795921,0.05448429999523796,0.07111900000018068,90510.27151652367,3.735808899975382,3.421875,measured,0.8977784682305422,3.3869750976562476,5.014928514860757,4382,1.6934875488281254,-0.0022215317694578296,0.9262078608047227,3.983551025390625,6.192295802793312,4625,1.9917755126953125,-0.02379213919527723,411.671875,517.046875,105.375,0.0032945999992080033,5670.49609375
rico,60,1,43,degrees C,60,smart_building_conformal/outputs/matched_forecasting005/rico_h60_f1_s43_v1,a94b3835135749e2f18b89fb6017d8d0b8b9d419cb0a1f9be11122d93d0a217f,f608eea4dc5e72256c54e013a2db0fb9d5405cda0c6ccd1dcc8d38b362e790ff,True,attention_lstm,14444,4867,6437,1.44531141378614,1.870434648383105,0,7.0,src.attention_lstm.AttentionLSTM,49.87621399998898,10.90713279999909,0.14563800001633354,0.19646589999319986,32763.955476359,61.1254506999976,59.8125,measured,0.8269380146030759,4.831104278564453,8.372393685874684,4382,2.4155521392822266,-0.0730619853969241,0.9078763399098959,6.040739440917967,10.08542652921275,4625,3.0203697204589837,-0.04212366009010404,508.11328125,614.61328125,106.5,0.0034259000094607472,5551.5390625
rico,5,0,43,degrees C,5,smart_building_conformal/outputs/matched_forecasting005/rico_h5_f0_s43_v1,a94b3835135749e2f18b89fb6017d8d0b8b9d419cb0a1f9be11122d93d0a217f,ec20d7056803562a22b537d1a31f678fe8d0eff62f13d3c26848638427c5eb00,True,persistence,26076,8692,9116,0.10910487055726197,0.19097679676376933,0,,src.pilot_forecasters.Persistence,0.0,0.00027260000933893025,0.0034021000028587878,0.0028070999833289534,3247479.624573006,0.006481799995526671,0.0,measured,0.934730144800351,0.6000000000000014,0.9780166739798162,7824,0.3000000000000007,0.03473014480035097,0.9477841158402808,0.7999999999999972,1.2967090829311105,8259,0.3999999999999986,-0.0022158841597191836,416.4765625,416.62890625,0.15234375,0.0003881000156980008,5606.1328125
rico,5,0,43,degrees C,5,smart_building_conformal/outputs/matched_forecasting005/rico_h5_f0_s43_v1,a94b3835135749e2f18b89fb6017d8d0b8b9d419cb0a1f9be11122d93d0a217f,ec20d7056803562a22b537d1a31f678fe8d0eff62f13d3c26848638427c5eb00,True,xgboost,26076,8692,9116,0.09428283265412188,0.12620575849481436,1,,xgboost.sklearn.XGBRegressor,4.266327299992554,1.4731330999929924,0.10596729998360388,0.11015240001142956,82758.06972026131,5.95558009998058,5.296875,measured,0.8570645019745502,0.3381553649902355,0.5818070354352874,7824,0.1690776824951179,-0.042935498025449825,0.9203598069328653,0.43604278564453125,0.7141639270924747,8259,0.21802139282226562,-0.029640193067134613,415.54296875,539.1875,123.64453125,0.004945100023178384,5647.6171875
rico,5,0,43,degrees C,5,smart_building_conformal/outputs/matched_forecasting005/rico_h5_f0_s43_v1,a94b3835135749e2f18b89fb6017d8d0b8b9d419cb0a1f9be11122d93d0a217f,ec20d7056803562a22b537d1a31f678fe8d0eff62f13d3c26848638427c5eb00,True,attention_lstm,26076,8692,9116,0.4521233401940861,0.565517338965498,0,14.0,src.attention_lstm.AttentionLSTM,122.31234679999761,39.64281580000534,0.2513325000181794,0.27518230001442134,33127.130631302454,162.48167740003555,160.34375,measured,0.9295743747257569,1.9589752197265615,2.3480744404142073,7824,0.9794876098632805,0.029574374725756858,0.9682974989030276,2.5248077392578097,2.721429793528162,8259,1.2624038696289048,0.018297498903027676,518.7421875,614.5859375,95.84375,0.003113399987341836,5489.73046875
rico,15,0,43,degrees C,15,smart_building_conformal/outputs/matched_forecasting005/rico_h15_f0_s43_v1,a94b3835135749e2f18b89fb6017d8d0b8b9d419cb0a1f9be11122d93d0a217f,5e4c6f01b06012be787fa7b53f389e83a242274dc394ead5405992032a32460c,True,persistence,24846,8282,8686,0.31010822012433803,0.5257189194087168,0,,src.pilot_forecasters.Persistence,0.0,0.00030849999166093767,0.0035057000059168786,0.0027071000076830387,3208599.5993307247,0.006521300005260855,0.015625,measured,0.9186046511627907,1.6000000000000014,2.721344692608796,7455,0.8000000000000007,0.018604651162790642,0.9485378770435183,2.200000000000003,3.611466728068154,7869,1.1000000000000014,-0.0014621229564816263,416.17578125,416.4609375,0.28515625,0.00036700000055134296,5547.515625
rico,15,0,43,degrees C,15,smart_building_conformal/outputs/matched_forecasting005/rico_h15_f0_s43_v1,a94b3835135749e2f18b89fb6017d8d0b8b9d419cb0a1f9be11122d93d0a217f,5e4c6f01b06012be787fa7b53f389e83a242274dc394ead5405992032a32460c,True,xgboost,24846,8282,8686,0.20195406009710076,0.2945627155383757,0,,xgboost.sklearn.XGBRegressor,3.6202730999793857,1.0150630999996793,0.11372530000517145,0.10919909999938682,79542.78011493478,4.858260599983623,4.71875,measured,0.8593138383605803,0.756781768798831,1.468329911096946,7455,0.3783908843994155,-0.04068616163941974,0.9029472714713331,0.9376541137695324,1.9392820083790336,7869,0.46882705688476634,-0.04705272852866682,415.17578125,535.51953125,120.34375,0.0032378000032622367,5549.359375
rico,15,0,43,degrees C,15,smart_building_conformal/outputs/matched_forecasting005/rico_h15_f0_s43_v1,a94b3835135749e2f18b89fb6017d8d0b8b9d419cb0a1f9be11122d93d0a217f,5e4c6f01b06012be787fa7b53f389e83a242274dc394ead5405992032a32460c,True,attention_lstm,24846,8282,8686,0.5233464450295994,0.6790916531916895,0,15.0,src.attention_lstm.AttentionLSTM,137.7068631000002,40.94633510001586,0.2435641000047326,0.2548194999981206,34086.87325759631,179.1515818000189,176.828125,measured,0.9198710568731292,2.4566913604736342,2.904427587187238,7455,1.2283456802368171,0.019871056873129178,0.9707575408703661,3.1327011108398466,3.3925404948516302,7869,1.5663505554199215,0.020757540870366187,516.80078125,613.41015625,96.609375,0.0030667999817524105,5498.6484375
rico,30,0,43,degrees C,30,smart_building_conformal/outputs/matched_forecasting005/rico_h30_f0_s43_v1,a94b3835135749e2f18b89fb6017d8d0b8b9d419cb0a1f9be11122d93d0a217f,8c6793b1bbccd40a36062d6b912ccf43bdbfde27616522befa8b716b46bc1625,True,persistence,23001,7667,8041,0.582676284044273,0.9574682395113304,0,,src.pilot_forecasters.Persistence,0.0,0.0002778999914880842,0.0032346999796573073,0.0029898999782744795,2689387.6244785264,0.006502499949419871,0.03125,measured,0.9165526675786594,3.0,4.920905360029847,6902,1.5,0.016552667578659364,0.9461509762467355,4.0,6.44447208058699,7285,2.0,-0.0038490237532644578,410.95703125,411.328125,0.37109375,0.0003726000140886754,5599.42578125
rico,30,0,43,degrees C,30,smart_building_conformal/outputs/matched_forecasting005/rico_h30_f0_s43_v1,a94b3835135749e2f18b89fb6017d8d0b8b9d419cb0a1f9be11122d93d0a217f,8c6793b1bbccd40a36062d6b912ccf43bdbfde27616522befa8b716b46bc1625,True,xgboost,23001,7667,8041,0.3616829485846402,0.557882038276023,0,,xgboost.sklearn.XGBRegressor,4.465667299984489,0.9538855999999214,0.09212230000412092,0.0879846999887377,91390.88956408639,5.599659899977269,4.46875,measured,0.8278821042158936,1.2909584045410156,2.9853242125295907,6902,0.6454792022705078,-0.07211789578410643,0.8816067653276956,1.5965766906738281,4.112006373999055,7285,0.7982883453369141,-0.0683932346723044,416.140625,530.5,114.359375,0.00391140001011081,5595.33203125
rico,30,0,43,degrees C,30,smart_building_conformal/outputs/matched_forecasting005/rico_h30_f0_s43_v1,a94b3835135749e2f18b89fb6017d8d0b8b9d419cb0a1f9be11122d93d0a217f,8c6793b1bbccd40a36062d6b912ccf43bdbfde27616522befa8b716b46bc1625,True,attention_lstm,23001,7667,8041,0.7072841971864333,0.9197174835032743,0,6.0,src.attention_lstm.AttentionLSTM,60.79757850000169,15.388653100002557,0.2606874000048265,0.25048670000978746,32101.50478921958,76.69740570001886,75.609375,measured,0.8424325332670066,2.655339431762698,4.167166414131588,6902,1.3276697158813473,-0.0575674667329934,0.9256311404054222,3.4861747741699247,4.60343242740619,7285,1.7430873870849606,-0.024368859594577796,513.24609375,610.38671875,97.140625,0.003529599984176457,5476.44140625
rico,60,0,43,degrees C,60,smart_building_conformal/outputs/matched_forecasting005/rico_h60_f0_s43_v1,a94b3835135749e2f18b89fb6017d8d0b8b9d419cb0a1f9be11122d93d0a217f,89e6eaa301e5e0b123943db829657b9330a883f25f73675dce4a9316c23e7b9b,True,persistence,19311,6437,6751,1.0726114649681526,1.6478998722733917,0,,src.pilot_forecasters.Persistence,0.0,0.00031889998354017735,0.002729300002101809,0.002607500005979091,2589069.984475442,0.005655699991621077,0.015625,measured,0.9086061324248259,5.199999999999995,8.281913790549547,5795,2.599999999999998,0.008606132424825885,0.9425270330321434,6.799999999999998,10.610398459487481,6117,3.3999999999999986,-0.007472966967856598,407.1171875,407.5234375,0.40625,0.00036520001594908535,5600.76171875
rico,60,0,43,degrees C,60,smart_building_conformal/outputs/matched_forecasting005/rico_h60_f0_s43_v1,a94b3835135749e2f18b89fb6017d8d0b8b9d419cb0a1f9be11122d93d0a217f,89e6eaa301e5e0b123943db829657b9330a883f25f73675dce4a9316c23e7b9b,True,xgboost,19311,6437,6751,0.6458300005822796,0.9452422880364744,0,,xgboost.sklearn.XGBRegressor,3.2599907999974675,0.8327437000116333,0.07058950001373887,0.07808590002241544,86456.06950886203,4.241409900045255,4.0625,measured,0.8303954969634129,2.246509552001953,5.01932923378123,5795,1.1232547760009766,-0.06960450303658716,0.8783883869056436,2.885634613037112,6.593138487698175,6117,1.442817306518556,-0.07161161309435637,411.34375,522.41796875,111.07421875,0.0033949000062420964,5587.390625
rico,60,0,43,degrees C,60,smart_building_conformal/outputs/matched_forecasting005/rico_h60_f0_s43_v1,a94b3835135749e2f18b89fb6017d8d0b8b9d419cb0a1f9be11122d93d0a217f,89e6eaa301e5e0b123943db829657b9330a883f25f73675dce4a9316c23e7b9b,True,attention_lstm,19311,6437,6751,1.0273209612381193,1.3220551705639085,0,9.0,src.attention_lstm.AttentionLSTM,61.86717110002064,19.262255700014066,0.19094630001927726,0.20036529999924824,33693.45889745045,81.52073840005323,79.921875,measured,0.8577988446156125,4.025003814697265,5.893520208083866,5795,2.012501907348632,-0.04220115538438751,0.8923122500370315,4.5096961975097685,7.039694095318303,6117,2.2548480987548842,-0.05768774996296844,510.953125,613.078125,102.125,0.0032213999947998673,5519.76953125
rico,5,1,44,degrees C,5,smart_building_conformal/outputs/matched_forecasting005/rico_h5_f1_s44_v1,a94b3835135749e2f18b89fb6017d8d0b8b9d419cb0a1f9be11122d93d0a217f,22f68cea779cc4cef709387af245bfbf7118b6a169618cd607d9be93a9792bc0,True,persistence,19504,6572,8692,0.11341463414634147,0.17473271943102328,0,,src.pilot_forecasters.Persistence,0.0,0.0004047000256832689,0.002508899982785806,0.0030035999952815473,2893860.7050388018,0.005917200003750622,0.015625,measured,0.8520478601012426,0.3999999999999986,0.896088357109988,5916,0.1999999999999993,-0.04795213989875746,0.9351127473538886,0.6000000000000014,1.0970087436723412,6245,0.3000000000000007,-0.014887252646111349,415.55078125,415.68359375,0.1328125,0.0004241999995429069,5591.07421875
rico,5,1,44,degrees C,5,smart_building_conformal/outputs/matched_forecasting005/rico_h5_f1_s44_v1,a94b3835135749e2f18b89fb6017d8d0b8b9d419cb0a1f9be11122d93d0a217f,22f68cea779cc4cef709387af245bfbf7118b6a169618cd607d9be93a9792bc0,True,xgboost,19504,6572,8692,0.13324705517571797,0.2365137735403938,0,,xgboost.sklearn.XGBRegressor,3.207070799981011,0.843238699977519,0.07425929998862557,0.1033101000066381,84135.04584199903,4.227878899953794,4.09375,measured,0.8679245283018868,0.41543273925780966,1.1454221957189619,5916,0.20771636962890483,-0.0320754716981132,0.9135987114588127,0.5394294738769505,1.7352059318236994,6245,0.2697147369384769,-0.03640128854118729,415.0234375,530.22265625,115.19921875,0.0036512000078801066,5564.3359375
rico,5,1,44,degrees C,5,smart_building_conformal/outputs/matched_forecasting005/rico_h5_f1_s44_v1,a94b3835135749e2f18b89fb6017d8d0b8b9d419cb0a1f9be11122d93d0a217f,22f68cea779cc4cef709387af245bfbf7118b6a169618cd607d9be93a9792bc0,True,attention_lstm,19504,6572,8692,0.6996193557525087,0.8790380714263534,1,7.0,src.attention_lstm.AttentionLSTM,48.8305428000167,14.69427770000766,0.19539400000940077,0.28341060000821017,30669.283363953924,64.00362510004197,63.265625,measured,1.0,5.205833435058594,5.205833435058594,5916,2.602916717529297,0.09999999999999998,1.0,6.17214660644531,6.17214660644531,6245,3.086073303222655,0.050000000000000044,517.70703125,620.42578125,102.71875,0.0031442000181414187,5475.453125
rico,15,1,44,degrees C,15,smart_building_conformal/outputs/matched_forecasting005/rico_h15_f1_s44_v1,a94b3835135749e2f18b89fb6017d8d0b8b9d419cb0a1f9be11122d93d0a217f,13e6c0359ecd6ef691c6e1fe3eda4da1c1570a24470a0ad1d86df1a9e01a3c81,True,persistence,18584,6262,8282,0.3265394832166143,0.4836895350204883,0,,src.pilot_forecasters.Persistence,0.0,0.00037059999885968864,0.002581799984909594,0.0030566000204999,2709546.5368234534,0.006009000004269183,0.015625,measured,0.8235933349432504,1.0,2.636319729533929,5637,0.5,-0.07640666505674965,0.893021009418015,1.5999999999999943,3.1633904853900083,5950,0.7999999999999972,-0.05697899058198497,415.30859375,415.40625,0.09765625,0.0003547999949660152,5548.70703125
rico,15,1,44,degrees C,15,smart_building_conformal/outputs/matched_forecasting005/rico_h15_f1_s44_v1,a94b3835135749e2f18b89fb6017d8d0b8b9d419cb0a1f9be11122d93d0a217f,13e6c0359ecd6ef691c6e1fe3eda4da1c1570a24470a0ad1d86df1a9e01a3c81,True,xgboost,18584,6262,8282,0.4358493655927226,0.5835232351194801,1,,xgboost.sklearn.XGBRegressor,4.111607899976661,1.1374436999903992,0.08081260000471957,0.10153600000194274,81567.12889853388,5.431400199973723,4.234375,measured,0.8508814296063753,1.7484779357910156,2.6375040866360804,5637,0.8742389678955078,-0.04911857039362477,0.9029219995170249,2.00138702392578,3.1561559034585667,5950,1.00069351196289,-0.04707800048297506,410.796875,531.1484375,120.3515625,0.003976500011049211,5535.16796875
rico,15,1,44,degrees C,15,smart_building_conformal/outputs/matched_forecasting005/rico_h15_f1_s44_v1,a94b3835135749e2f18b89fb6017d8d0b8b9d419cb0a1f9be11122d93d0a217f,13e6c0359ecd6ef691c6e1fe3eda4da1c1570a24470a0ad1d86df1a9e01a3c81,True,attention_lstm,18584,6262,8282,0.7414484293499422,0.9410581868566317,1,8.0,src.attention_lstm.AttentionLSTM,56.002403800026514,16.417180999997072,0.18162289998144843,0.26540589999058284,31205.033498855388,72.86661359999562,71.671875,measured,0.9847862835063994,4.3367393493652315,4.50588464191126,5637,2.1683696746826175,0.08478628350639938,0.9874426467036947,5.205996704101565,5.300970613009342,5950,2.602998352050781,0.03744264670369479,516.3984375,619.51953125,103.12109375,0.003379400004632771,5431.60546875
rico,30,1,44,degrees C,30,smart_building_conformal/outputs/matched_forecasting005/rico_h30_f1_s44_v1,a94b3835135749e2f18b89fb6017d8d0b8b9d419cb0a1f9be11122d93d0a217f,3a862f35d8cb1619052e5198c1a529caa2045b98b02cbfa6a18a11d64a615f0d,True,persistence,17204,5797,7667,0.6189122212077736,0.8909132167183795,0,,src.pilot_forecasters.Persistence,0.0,0.00035379998735152185,0.0028763999871443957,0.0027817999944090843,2756129.1305662827,0.006011999968905002,0.015625,measured,0.8014868918742664,1.8000000000000043,4.878387896178424,5219,0.9000000000000021,-0.09851310812573366,0.8923959827833573,2.799999999999997,5.8682144254597635,5509,1.3999999999999986,-0.057604017216642656,410.7109375,410.82421875,0.11328125,0.00047679999261163175,5533.1796875
rico,30,1,44,degrees C,30,smart_building_conformal/outputs/matched_forecasting005/rico_h30_f1_s44_v1,a94b3835135749e2f18b89fb6017d8d0b8b9d419cb0a1f9be11122d93d0a217f,3a862f35d8cb1619052e5198c1a529caa2045b98b02cbfa6a18a11d64a615f0d,True,xgboost,17204,5797,7667,0.8242737544318355,1.0747788827751041,1,,xgboost.sklearn.XGBRegressor,3.928281300002709,1.0942085000278894,0.07230620001791976,0.10254710001754574,74765.64426188728,5.197343100066064,4.0625,measured,0.8500065214555889,3.3500801086425795,4.758629729754924,5219,1.6750400543212898,-0.04999347854441116,0.9071344724142428,4.0848846435546875,5.10136252567823,5509,2.0424423217773438,-0.042865527585757124,415.0,528.62890625,113.62890625,0.00421220000134781,5514.15234375
rico,30,1,44,degrees C,30,smart_building_conformal/outputs/matched_forecasting005/rico_h30_f1_s44_v1,a94b3835135749e2f18b89fb6017d8d0b8b9d419cb0a1f9be11122d93d0a217f,3a862f35d8cb1619052e5198c1a529caa2045b98b02cbfa6a18a11d64a615f0d,True,attention_lstm,17204,5797,7667,0.8473744417645558,1.1171480927542694,1,17.0,src.attention_lstm.AttentionLSTM,57.57224310000311,32.056879500014475,0.17876509999041446,0.22881729999789968,33507.08185119908,90.0367050000059,88.5625,measured,0.9600886917960089,4.454927825927733,4.984403476737476,5219,2.2274639129638665,0.06008869179600884,0.9797834876744489,5.301185607910156,5.920216887874462,5509,2.650592803955078,0.02978348767444894,514.66796875,616.48046875,101.8125,0.002950100024463609,5430.05859375
rico,60,1,44,degrees C,60,smart_building_conformal/outputs/matched_forecasting005/rico_h60_f1_s44_v1,a94b3835135749e2f18b89fb6017d8d0b8b9d419cb0a1f9be11122d93d0a217f,929eff6c9180b9dc1d9e18a9f3a1bcf82b854c58a93dcef9345bc594e42ed69a,True,persistence,14444,4867,6437,1.1399254311014448,1.5599375990833806,0,,src.pilot_forecasters.Persistence,0.0,0.00033340000663883984,0.002009499992709607,0.0021220000053290278,3033458.993324511,0.0044649000046774745,0.0,measured,0.7825073792139196,3.2000000000000024,8.36948889234115,4382,1.6000000000000014,-0.11749262078608047,0.8842628553674072,4.799999999999997,9.847071617212986,4625,2.3999999999999986,-0.06573714463259273,407.26171875,407.5,0.23828125,0.0010141000093426555,5574.6796875
rico,60,1,44,degrees C,60,smart_building_conformal/outputs/matched_forecasting005/rico_h60_f1_s44_v1,a94b3835135749e2f18b89fb6017d8d0b8b9d419cb0a1f9be11122d93d0a217f,929eff6c9180b9dc1d9e18a9f3a1bcf82b854c58a93dcef9345bc594e42ed69a,True,xgboost,14444,4867,6437,0.8367998522891379,1.118565684462159,0,,xgboost.sklearn.XGBRegressor,3.7392617000150494,0.6694715000048745,0.07384860000456683,0.07445960000040941,86449.56459562779,4.5570414000249,3.40625,measured,0.9231008233649215,4.02607192993164,5.04014775689685,4382,2.0130359649658196,0.023100823364921474,0.9519962715550723,4.618117523193362,5.920338930749589,4625,2.3090587615966793,0.0019962715550723154,409.62109375,517.3515625,107.73046875,0.0038340000028256327,5535.56640625
rico,60,1,44,degrees C,60,smart_building_conformal/outputs/matched_forecasting005/rico_h60_f1_s44_v1,a94b3835135749e2f18b89fb6017d8d0b8b9d419cb0a1f9be11122d93d0a217f,929eff6c9180b9dc1d9e18a9f3a1bcf82b854c58a93dcef9345bc594e42ed69a,True,attention_lstm,14444,4867,6437,1.0921747554620824,1.4417081437941301,0,8.0,src.attention_lstm.AttentionLSTM,40.111272999987705,12.764029499987373,0.14655489998403937,0.1951324000256136,32987.85849584724,53.21698979998473,52.390625,measured,0.9067888768059655,4.768585205078125,6.4411910316191126,4382,2.3842926025390625,0.006788876805965516,0.929780953860494,5.5191825866699205,7.634124124244594,4625,2.7595912933349602,-0.02021904613950598,507.50390625,606.3046875,98.80078125,0.0032187000033445656,5456.8828125
rico,5,0,44,degrees C,5,smart_building_conformal/outputs/matched_forecasting005/rico_h5_f0_s44_v1,a94b3835135749e2f18b89fb6017d8d0b8b9d419cb0a1f9be11122d93d0a217f,e27e0345c56115aa6dfefa687af04ed3d2e15260de6f78e2a43cbb6be0d404d5,True,persistence,26076,8692,9116,0.10910487055726197,0.19097679676376933,0,,src.pilot_forecasters.Persistence,0.0,0.0003588999970816076,0.0030922000005375594,0.002792199986288324,3264809.127127715,0.006243299983907491,0.0,measured,0.934730144800351,0.6000000000000014,0.9780166739798162,7824,0.3000000000000007,0.03473014480035097,0.9477841158402808,0.7999999999999972,1.2967090829311105,8259,0.3999999999999986,-0.0022158841597191836,415.72265625,415.8203125,0.09765625,0.0003789000038523227,5496.49609375
rico,5,0,44,degrees C,5,smart_building_conformal/outputs/matched_forecasting005/rico_h5_f0_s44_v1,a94b3835135749e2f18b89fb6017d8d0b8b9d419cb0a1f9be11122d93d0a217f,e27e0345c56115aa6dfefa687af04ed3d2e15260de6f78e2a43cbb6be0d404d5,True,xgboost,26076,8692,9116,0.08638880992469264,0.11487728144574483,0,,xgboost.sklearn.XGBRegressor,4.271227199991699,1.0828750999935437,0.09614890001830645,0.10023369998089038,90947.45581314439,5.55048489998444,4.953125,measured,0.8596972356296622,0.32267074584960653,0.5232306372863058,7824,0.16133537292480327,-0.04030276437033786,0.9263931548924967,0.40619201660156534,0.635777991421653,8259,0.20309600830078267,-0.023606845107503216,415.17578125,536.03515625,120.859375,0.003725599992321804,5487.57421875
rico,5,0,44,degrees C,5,smart_building_conformal/outputs/matched_forecasting005/rico_h5_f0_s44_v1,a94b3835135749e2f18b89fb6017d8d0b8b9d419cb0a1f9be11122d93d0a217f,e27e0345c56115aa6dfefa687af04ed3d2e15260de6f78e2a43cbb6be0d404d5,True,attention_lstm,26076,8692,9116,0.43525474880180004,0.5368668969821746,0,13.0,src.attention_lstm.AttentionLSTM,99.71215470001334,36.905203000002075,0.2616862000140827,0.27259909998974763,33441.04951315998,137.15164300001925,134.53125,measured,0.878565160157964,1.5908546447753906,2.224002349371448,7824,0.7954273223876953,-0.02143483984203598,0.9442738043001316,2.029674530029297,2.575668808659632,8259,1.0148372650146484,-0.0057261956998683194,518.03515625,609.03125,90.99609375,0.0033152000105474144,5421.6640625
rico,15,0,44,degrees C,15,smart_building_conformal/outputs/matched_forecasting005/rico_h15_f0_s44_v1,a94b3835135749e2f18b89fb6017d8d0b8b9d419cb0a1f9be11122d93d0a217f,764d937d759bcd77be47c7735d6ccf9fd72aa6847f7d3182c428b3859e467156,True,persistence,24846,8282,8686,0.31010822012433803,0.5257189194087168,0,,src.pilot_forecasters.Persistence,0.0,0.0004194999928586185,0.003363399999216199,0.0027065000031143427,3209310.914467063,0.00648939999518916,0.015625,measured,0.9186046511627907,1.6000000000000014,2.721344692608796,7455,0.8000000000000007,0.018604651162790642,0.9485378770435183,2.200000000000003,3.611466728068154,7869,1.1000000000000014,-0.0014621229564816263,411.765625,412.05859375,0.29296875,0.0005463999987114221,5565.51953125
rico,15,0,44,degrees C,15,smart_building_conformal/outputs/matched_forecasting005/rico_h15_f0_s44_v1,a94b3835135749e2f18b89fb6017d8d0b8b9d419cb0a1f9be11122d93d0a217f,764d937d759bcd77be47c7735d6ccf9fd72aa6847f7d3182c428b3859e467156,True,xgboost,24846,8282,8686,0.20228269663983542,0.2940912724195172,0,,xgboost.sklearn.XGBRegressor,4.1412004999874625,1.016003400000045,0.09493399999337271,0.0939092000189703,92493.60018236093,5.346047099999851,4.71875,measured,0.8722081510476629,0.7621879577636719,1.469571491937991,7455,0.38109397888183594,-0.027791848952337106,0.9054800828920101,0.9517959594726549,1.9515180232473772,7869,0.4758979797363274,-0.04451991710798986,412.36328125,531.71484375,119.3515625,0.003407600015634671,5560.03515625
rico,15,0,44,degrees C,15,smart_building_conformal/outputs/matched_forecasting005/rico_h15_f0_s44_v1,a94b3835135749e2f18b89fb6017d8d0b8b9d419cb0a1f9be11122d93d0a217f,764d937d759bcd77be47c7735d6ccf9fd72aa6847f7d3182c428b3859e467156,True,attention_lstm,24846,8282,8686,0.6083721356542323,0.7148326973342309,0,15.0,src.attention_lstm.AttentionLSTM,96.37833209999371,40.29516969999531,0.26866529998369515,0.2944990999822039,29494.147861656897,137.23666619995493,135.28125,measured,0.8315680405249827,1.9548225402832031,2.813941176026037,7455,0.9774112701416016,-0.06843195947501735,0.9346074142297951,2.4930076599121094,3.0179913270701295,7869,1.2465038299560547,-0.015392585770204859,513.51953125,612.375,98.85546875,0.003630499995779246,5479.2109375
rico,30,0,44,degrees C,30,smart_building_conformal/outputs/matched_forecasting005/rico_h30_f0_s44_v1,a94b3835135749e2f18b89fb6017d8d0b8b9d419cb0a1f9be11122d93d0a217f,748c000f3e34a704f1bb4d7ef093ebc332ff85f8e26142edb9f3e52d9691dcef,True,persistence,23001,7667,8041,0.582676284044273,0.9574682395113304,0,,src.pilot_forecasters.Persistence,0.0,0.0003119000175502151,0.002959599980385974,0.0030002999992575496,2680065.3274638588,0.006271799997193739,0.0,measured,0.9165526675786594,3.0,4.920905360029847,6902,1.5,0.016552667578659364,0.9461509762467355,4.0,6.44447208058699,7285,2.0,-0.0038490237532644578,411.66015625,412.1640625,0.50390625,0.0003632000007200986,5556.73046875
rico,30,0,44,degrees C,30,smart_building_conformal/outputs/matched_forecasting005/rico_h30_f0_s44_v1,a94b3835135749e2f18b89fb6017d8d0b8b9d419cb0a1f9be11122d93d0a217f,748c000f3e34a704f1bb4d7ef093ebc332ff85f8e26142edb9f3e52d9691dcef,True,xgboost,23001,7667,8041,0.3509010043344069,0.5193178159775472,0,,xgboost.sklearn.XGBRegressor,3.956064600002719,0.9892798999790102,0.08214820001740009,0.08652549999533221,92932.14139685743,5.114018199994462,4.46875,measured,0.8571073249595822,1.3528953552246106,2.6377465376078906,6902,0.6764476776123054,-0.04289267504041783,0.9001367989056087,1.682927703857423,3.4703794670318486,7285,0.8414638519287116,-0.04986320109439124,418.328125,530.578125,112.25,0.0036266999959480017,5559.4375
rico,30,0,44,degrees C,30,smart_building_conformal/outputs/matched_forecasting005/rico_h30_f0_s44_v1,a94b3835135749e2f18b89fb6017d8d0b8b9d419cb0a1f9be11122d93d0a217f,748c000f3e34a704f1bb4d7ef093ebc332ff85f8e26142edb9f3e52d9691dcef,True,attention_lstm,23001,7667,8041,0.6651529088451441,0.8088915816580285,0,10.0,src.attention_lstm.AttentionLSTM,83.87409900000785,25.085101999982726,0.2616492999950424,0.25455739998142235,31588.160472203257,109.47540769996704,108.046875,measured,0.8808605894789205,2.3754806518554688,3.2498856406798335,6902,1.1877403259277344,-0.01913941052107948,0.9445342619077229,2.9786605834960938,3.7430690760162393,7285,1.4893302917480469,-0.005465738092277017,513.8828125,611.9375,98.0546875,0.0032795000006444752,5433.0546875
rico,60,0,44,degrees C,60,smart_building_conformal/outputs/matched_forecasting005/rico_h60_f0_s44_v1,a94b3835135749e2f18b89fb6017d8d0b8b9d419cb0a1f9be11122d93d0a217f,be47b44af22e24fa1a28c4289662e0d89e524fb4d4521fe0d996678db7fdde0b,True,persistence,19311,6437,6751,1.0726114649681526,1.6478998722733917,0,,src.pilot_forecasters.Persistence,0.0,0.0002982000005431473,0.002565400005551055,0.0023941000108607113,2819848.782162164,0.005257700016954914,0.015625,measured,0.9086061324248259,5.199999999999995,8.281913790549547,5795,2.599999999999998,0.008606132424825885,0.9425270330321434,6.799999999999998,10.610398459487481,6117,3.3999999999999986,-0.007472966967856598,407.50390625,407.6796875,0.17578125,0.00045640001189894974,5559.3515625
rico,60,0,44,degrees C,60,smart_building_conformal/outputs/matched_forecasting005/rico_h60_f0_s44_v1,a94b3835135749e2f18b89fb6017d8d0b8b9d419cb0a1f9be11122d93d0a217f,be47b44af22e24fa1a28c4289662e0d89e524fb4d4521fe0d996678db7fdde0b,True,xgboost,19311,6437,6751,0.5993379947468539,0.8932149591773567,0,,xgboost.sklearn.XGBRegressor,4.264368900010595,0.8396525999996811,0.07145950000267476,0.08189629999105819,82433.51654149339,5.257377300004009,4.09375,measured,0.8438749814842246,2.2936309814453115,4.626371604660636,5795,1.1468154907226555,-0.05612501851577545,0.8967560361427936,2.9158836364746104,6.003233938509583,6117,1.4579418182373054,-0.05324396385720631,409.96875,523.171875,113.203125,0.004066800000146031,5544.61328125
rico,60,0,44,degrees C,60,smart_building_conformal/outputs/matched_forecasting005/rico_h60_f0_s44_v1,a94b3835135749e2f18b89fb6017d8d0b8b9d419cb0a1f9be11122d93d0a217f,be47b44af22e24fa1a28c4289662e0d89e524fb4d4521fe0d996678db7fdde0b,True,attention_lstm,19311,6437,6751,0.8882020186078299,1.089334856826714,0,7.0,src.attention_lstm.AttentionLSTM,57.835241199994925,15.637447899993276,0.20887380000203848,0.2157872999960091,31285.437095347395,73.89735019998625,72.796875,measured,0.7992889942230781,2.7726322174072275,4.643349575844541,5795,1.386316108703614,-0.10071100577692194,0.9050511035402162,3.4997161865234365,5.151742428946433,6117,1.749858093261718,-0.04494889645978373,511.1796875,610.90625,99.7265625,0.0032865999964997172,5456.3671875
rico,5,1,45,degrees C,5,smart_building_conformal/outputs/matched_forecasting005/rico_h5_f1_s45_v1,a94b3835135749e2f18b89fb6017d8d0b8b9d419cb0a1f9be11122d93d0a217f,95bf54f3fdb06ac2294a15e606698913a6f064e04ee5ed6bf2a8707b84af167a,True,persistence,19504,6572,8692,0.11341463414634147,0.17473271943102328,0,,src.pilot_forecasters.Persistence,0.0,0.0002902999985963106,0.002541099995141849,0.002729799976805225,3184116.0795130986,0.0055611999705433846,0.0,measured,0.8520478601012426,0.3999999999999986,0.896088357109988,5916,0.1999999999999993,-0.04795213989875746,0.9351127473538886,0.6000000000000014,1.0970087436723412,6245,0.3000000000000007,-0.014887252646111349,416.8515625,417.0390625,0.1875,0.00035180000122636557,5561.8203125
rico,5,1,45,degrees C,5,smart_building_conformal/outputs/matched_forecasting005/rico_h5_f1_s45_v1,a94b3835135749e2f18b89fb6017d8d0b8b9d419cb0a1f9be11122d93d0a217f,95bf54f3fdb06ac2294a15e606698913a6f064e04ee5ed6bf2a8707b84af167a,True,xgboost,19504,6572,8692,0.1266607518466013,0.2339185710743391,0,,xgboost.sklearn.XGBRegressor,3.636296799988486,0.8244105000048876,0.07116120000137016,0.09372150001581758,92742.86048060512,4.625590000010561,4.03125,measured,0.8839162448228256,0.4292396545410142,1.119441712752938,5916,0.2146198272705071,-0.01608375517717442,0.93235158766682,0.5772609710693359,1.708840082715416,6245,0.28863048553466797,-0.01764841233317993,422.515625,531.45703125,108.94140625,0.0033045999880414456,5530.9140625
rico,5,1,45,degrees C,5,smart_building_conformal/outputs/matched_forecasting005/rico_h5_f1_s45_v1,a94b3835135749e2f18b89fb6017d8d0b8b9d419cb0a1f9be11122d93d0a217f,95bf54f3fdb06ac2294a15e606698913a6f064e04ee5ed6bf2a8707b84af167a,True,attention_lstm,19504,6572,8692,0.9400962600497349,1.1277748768404388,1,5.0,src.attention_lstm.AttentionLSTM,49.550376099999994,10.62287289998494,0.2104632000264246,0.26424239997868426,32894.03971770299,60.647954599990044,59.9375,measured,0.9799815922687529,4.64082489013672,4.738408518693331,5916,2.32041244506836,0.0799815922687529,0.997814081914404,5.409251403808597,5.413495832953212,6245,2.7046257019042983,0.04781408191440406,518.6953125,622.49609375,103.80078125,0.0029454999894369394,5385.14453125
rico,15,1,45,degrees C,15,smart_building_conformal/outputs/matched_forecasting005/rico_h15_f1_s45_v1,a94b3835135749e2f18b89fb6017d8d0b8b9d419cb0a1f9be11122d93d0a217f,48b9d8f41fabada21e667542e662b06a1e145efe95def10151da3ea9aa0f5646,True,persistence,18584,6262,8282,0.3265394832166143,0.4836895350204883,0,,src.pilot_forecasters.Persistence,0.0,0.00036120001459494233,0.0024578000011388212,0.002722600009292364,3041945.1890594056,0.005541600025026128,0.0,measured,0.8235933349432504,1.0,2.636319729533929,5637,0.5,-0.07640666505674965,0.893021009418015,1.5999999999999943,3.1633904853900083,5950,0.7999999999999972,-0.05697899058198497,413.54296875,413.703125,0.16015625,0.00034229998709633946,5502.42578125
rico,15,1,45,degrees C,15,smart_building_conformal/outputs/matched_forecasting005/rico_h15_f1_s45_v1,a94b3835135749e2f18b89fb6017d8d0b8b9d419cb0a1f9be11122d93d0a217f,48b9d8f41fabada21e667542e662b06a1e145efe95def10151da3ea9aa0f5646,True,xgboost,18584,6262,8282,0.4302033543212493,0.5891392995591155,1,,xgboost.sklearn.XGBRegressor,3.4841474999848288,1.173541700001806,0.08307590000913478,0.10399730000062846,79636.68287493956,4.844762399996398,4.28125,measured,0.8561941560009659,1.7956394195556626,2.7207914771103283,5637,0.8978197097778313,-0.04380584399903409,0.9069065443129679,2.108286285400389,3.209908412960065,5950,1.0541431427001946,-0.043093455687032045,419.16796875,531.7578125,112.58984375,0.003913499996997416,5491.03125
rico,15,1,45,degrees C,15,smart_building_conformal/outputs/matched_forecasting005/rico_h15_f1_s45_v1,a94b3835135749e2f18b89fb6017d8d0b8b9d419cb0a1f9be11122d93d0a217f,48b9d8f41fabada21e667542e662b06a1e145efe95def10151da3ea9aa0f5646,True,attention_lstm,18584,6262,8282,0.9771115040036396,1.202501296570398,1,5.0,src.attention_lstm.AttentionLSTM,50.9860800000024,10.318312899995362,0.19720960000995547,0.24507000000448897,33794.42608172481,61.74667250001221,60.6875,measured,0.9730741366819609,4.9089973449707,5.106080339842157,5637,2.45449867248535,0.07307413668196083,0.9859937213233518,5.564027404785156,5.73800669349757,5950,2.782013702392579,0.03599372132335188,516.4609375,622.32421875,105.86328125,0.0030162999755702913,5396.515625
rico,30,1,45,degrees C,30,smart_building_conformal/outputs/matched_forecasting005/rico_h30_f1_s45_v1,a94b3835135749e2f18b89fb6017d8d0b8b9d419cb0a1f9be11122d93d0a217f,61d1b3a7407c7e5d96cad7d958dbf30439d93cbf4acdc5fd1b51e69221698272,True,persistence,17204,5797,7667,0.6189122212077736,0.8909132167183795,0,,src.pilot_forecasters.Persistence,0.0,0.0003493999829515815,0.0022847999935038388,0.0023658999998588115,3240627.245639097,0.005000099976314232,0.0,measured,0.8014868918742664,1.8000000000000043,4.878387896178424,5219,0.9000000000000021,-0.09851310812573366,0.8923959827833573,2.799999999999997,5.8682144254597635,5509,1.3999999999999986,-0.057604017216642656,410.19140625,410.2890625,0.09765625,0.00035650000791065395,5603.58203125
rico,30,1,45,degrees C,30,smart_building_conformal/outputs/matched_forecasting005/rico_h30_f1_s45_v1,a94b3835135749e2f18b89fb6017d8d0b8b9d419cb0a1f9be11122d93d0a217f,61d1b3a7407c7e5d96cad7d958dbf30439d93cbf4acdc5fd1b51e69221698272,True,xgboost,17204,5797,7667,0.7981582984909391,1.0577167372758636,1,,xgboost.sklearn.XGBRegressor,3.0776216000085697,1.1031682000029832,0.0712997000082396,0.09310030000051484,82352.0439779206,4.345189800020307,4.296875,measured,0.8600495630624756,3.456618499755862,4.59482298304084,5219,1.728309249877931,-0.039950436937524425,0.9276118429633494,4.097834777832034,4.941037147116966,5509,2.048917388916017,-0.022388157036650536,415.015625,526.83203125,111.81640625,0.003644899989012629,5607.66015625
rico,30,1,45,degrees C,30,smart_building_conformal/outputs/matched_forecasting005/rico_h30_f1_s45_v1,a94b3835135749e2f18b89fb6017d8d0b8b9d419cb0a1f9be11122d93d0a217f,61d1b3a7407c7e5d96cad7d958dbf30439d93cbf4acdc5fd1b51e69221698272,True,attention_lstm,17204,5797,7667,1.0171401783246734,1.2923002898581313,0,3.0,src.attention_lstm.AttentionLSTM,41.51116729999194,5.733522499998799,0.17479859999730252,0.2252378000121098,34039.57950036711,47.64472620000015,46.984375,measured,0.9355680187817921,4.671194458007811,5.2813063040758585,5219,2.3355972290039055,0.035568018781792055,0.9718273118560062,5.2595672607421875,5.89050260329629,5509,2.6297836303710938,0.021827311856006282,511.44140625,616.875,105.43359375,0.003150899981847033,5500.8125
rico,60,1,45,degrees C,60,smart_building_conformal/outputs/matched_forecasting005/rico_h60_f1_s45_v1,a94b3835135749e2f18b89fb6017d8d0b8b9d419cb0a1f9be11122d93d0a217f,63f6fb72940cbd6193f24e3b9be56dd7c7d7b5df8d61d95d8bb0531a91b5bc5c,True,persistence,14444,4867,6437,1.1399254311014448,1.5599375990833806,0,,src.pilot_forecasters.Persistence,0.0,0.0003741999971680343,0.0021972999966237694,0.0024739000073168427,2601964.5017833523,0.005045400001108646,0.0,measured,0.7825073792139196,3.2000000000000024,8.36948889234115,4382,1.6000000000000014,-0.11749262078608047,0.8842628553674072,4.799999999999997,9.847071617212986,4625,2.3999999999999986,-0.06573714463259273,405.14453125,405.265625,0.12109375,0.0003711999743245542,5545.6015625
rico,60,1,45,degrees C,60,smart_building_conformal/outputs/matched_forecasting005/rico_h60_f1_s45_v1,a94b3835135749e2f18b89fb6017d8d0b8b9d419cb0a1f9be11122d93d0a217f,63f6fb72940cbd6193f24e3b9be56dd7c7d7b5df8d61d95d8bb0531a91b5bc5c,True,xgboost,14444,4867,6437,0.8257661317212253,1.0942674492427544,0,,xgboost.sklearn.XGBRegressor,3.7476129999849945,0.6582830999977887,0.06032829999458045,0.07035750002251007,91489.89088498818,4.536581899999874,3.375,measured,0.9224794158769614,4.061367034912109,4.9686146626954715,4382,2.0306835174560547,0.02247941587696134,0.9440733260835793,4.4818176269531245,5.745805257193065,4625,2.240908813476562,-0.005926673916420655,409.234375,517.4609375,108.2265625,0.0033722999796736985,5493.6640625
rico,60,1,45,degrees C,60,smart_building_conformal/outputs/matched_forecasting005/rico_h60_f1_s45_v1,a94b3835135749e2f18b89fb6017d8d0b8b9d419cb0a1f9be11122d93d0a217f,63f6fb72940cbd6193f24e3b9be56dd7c7d7b5df8d61d95d8bb0531a91b5bc5c,True,attention_lstm,14444,4867,6437,1.2382955279134715,1.599788583934109,0,4.0,src.attention_lstm.AttentionLSTM,40.84603389998665,6.408356100000674,0.15145799997844733,0.19830389998969622,32460.27940113363,47.60415189995547,46.59375,measured,0.9058567655740252,5.341062164306642,6.906940412084306,4382,2.670531082153321,0.005856765574025147,0.9431412148516389,5.9625396728515625,8.159547353913105,4625,2.9812698364257812,-0.006858785148361024,507.71484375,606.3828125,98.66796875,0.002981600002385676,5389.21875
rico,5,0,45,degrees C,5,smart_building_conformal/outputs/matched_forecasting005/rico_h5_f0_s45_v1,a94b3835135749e2f18b89fb6017d8d0b8b9d419cb0a1f9be11122d93d0a217f,04fd6d4a75fe7c2cdc98b330af13b52b24962d3a9a5b8569662c0bff77741edc,True,persistence,26076,8692,9116,0.10910487055726197,0.19097679676376933,0,,src.pilot_forecasters.Persistence,0.0,0.000304599991068244,0.0030005000007804483,0.003208799986168742,2840937.4343348723,0.0065138999780174345,0.0,measured,0.934730144800351,0.6000000000000014,0.9780166739798162,7824,0.3000000000000007,0.03473014480035097,0.9477841158402808,0.7999999999999972,1.2967090829311105,8259,0.3999999999999986,-0.0022158841597191836,417.67578125,417.828125,0.15234375,0.00041039998177438974,5506.171875
rico,5,0,45,degrees C,5,smart_building_conformal/outputs/matched_forecasting005/rico_h5_f0_s45_v1,a94b3835135749e2f18b89fb6017d8d0b8b9d419cb0a1f9be11122d93d0a217f,04fd6d4a75fe7c2cdc98b330af13b52b24962d3a9a5b8569662c0bff77741edc,True,xgboost,26076,8692,9116,0.08212427927664148,0.10888203606784622,0,,xgboost.sklearn.XGBRegressor,3.9482578999886755,1.0689712000021245,0.09787290001986548,0.09833860001526773,92700.11977580197,5.213440600025933,5.125,measured,0.8652917946467749,0.31325340270996094,0.49295836972165075,7824,0.15662670135498047,-0.03470820535322516,0.9281483106625713,0.3916946411132824,0.5972570711397837,8259,0.19584732055664134,-0.021851689337428648,416.2265625,534.734375,118.5078125,0.003604300000006333,5501.125
rico,5,0,45,degrees C,5,smart_building_conformal/outputs/matched_forecasting005/rico_h5_f0_s45_v1,a94b3835135749e2f18b89fb6017d8d0b8b9d419cb0a1f9be11122d93d0a217f,04fd6d4a75fe7c2cdc98b330af13b52b24962d3a9a5b8569662c0bff77741edc,True,attention_lstm,26076,8692,9116,0.3605131547458342,0.45044335330971247,0,10.0,src.attention_lstm.AttentionLSTM,98.21349030002602,28.225424900010694,0.284401999990223,0.28405330001260154,32092.56854117021,127.00737050003954,125.03125,measured,0.9697235629662132,1.845739746093749,1.9519592591470232,7824,0.9228698730468743,0.06972356296621318,0.9947345326897762,2.3432090759277315,2.4276475974162848,8259,1.1716045379638658,0.04473453268977623,518.70703125,614.671875,95.96484375,0.0028976999747101218,5447.6953125
rico,15,0,45,degrees C,15,smart_building_conformal/outputs/matched_forecasting005/rico_h15_f0_s45_v1,a94b3835135749e2f18b89fb6017d8d0b8b9d419cb0a1f9be11122d93d0a217f,02b8a64fc716d3b0d159c2a37c6233c5afa5e2db3bc98070e3a88c21683aed29,True,persistence,24846,8282,8686,0.31010822012433803,0.5257189194087168,0,,src.pilot_forecasters.Persistence,0.0,0.00030640000477433205,0.0032540999818593264,0.0029282000032253563,2966327.433383149,0.006488699989859015,0.0,measured,0.9186046511627907,1.6000000000000014,2.721344692608796,7455,0.8000000000000007,0.018604651162790642,0.9485378770435183,2.200000000000003,3.611466728068154,7869,1.1000000000000014,-0.0014621229564816263,416.53515625,416.7421875,0.20703125,0.00041099998634308577,5495.41015625
rico,15,0,45,degrees C,15,smart_building_conformal/outputs/matched_forecasting005/rico_h15_f0_s45_v1,a94b3835135749e2f18b89fb6017d8d0b8b9d419cb0a1f9be11122d93d0a217f,02b8a64fc716d3b0d159c2a37c6233c5afa5e2db3bc98070e3a88c21683aed29,True,xgboost,24846,8282,8686,0.19202807294918917,0.2762459430710547,0,,xgboost.sklearn.XGBRegressor,4.154295999993337,0.9974708999798167,0.0912471000046935,0.09316689998377115,93230.53575371752,5.336180899961619,4.765625,measured,0.8665668892470643,0.7200881958007841,1.351801535975073,7455,0.36004409790039205,-0.03343311075293576,0.9141146672806816,0.9091926574707043,1.762097242277614,7869,0.4545963287353523,-0.035885332719318375,415.53125,534.19140625,118.66015625,0.0034506999945733696,5485.3515625
rico,15,0,45,degrees C,15,smart_building_conformal/outputs/matched_forecasting005/rico_h15_f0_s45_v1,a94b3835135749e2f18b89fb6017d8d0b8b9d419cb0a1f9be11122d93d0a217f,02b8a64fc716d3b0d159c2a37c6233c5afa5e2db3bc98070e3a88c21683aed29,True,attention_lstm,24846,8282,8686,0.487920957267106,0.6314139052686676,0,6.0,src.attention_lstm.AttentionLSTM,67.86199209999177,16.55694609999773,0.24161199998343363,0.2557098000252154,33968.19362865044,84.91625999999815,83.65625,measured,0.942205848491826,2.3265914916992188,2.7808374637232216,7455,1.1632957458496094,0.04220584849182596,0.9559060557218513,2.581530761718753,3.233279169492394,7869,1.2907653808593764,0.005906055721851322,517.2578125,611.67578125,94.41796875,0.003241900005377829,5395.62890625
rico,30,0,45,degrees C,30,smart_building_conformal/outputs/matched_forecasting005/rico_h30_f0_s45_v1,a94b3835135749e2f18b89fb6017d8d0b8b9d419cb0a1f9be11122d93d0a217f,3b6f77e778a009fc19ea750996d39a8b1b9c61db93bae48713725210281ce09d,True,persistence,23001,7667,8041,0.582676284044273,0.9574682395113304,0,,src.pilot_forecasters.Persistence,0.0,0.00031770000350661576,0.003945899981772527,0.003499099984765053,2298019.5007316754,0.007762699970044196,0.015625,measured,0.9165526675786594,3.0,4.920905360029847,6902,1.5,0.016552667578659364,0.9461509762467355,4.0,6.44447208058699,7285,2.0,-0.0038490237532644578,411.8359375,412.05078125,0.21484375,0.0007253999938257039,5436.93359375
rico,30,0,45,degrees C,30,smart_building_conformal/outputs/matched_forecasting005/rico_h30_f0_s45_v1,a94b3835135749e2f18b89fb6017d8d0b8b9d419cb0a1f9be11122d93d0a217f,3b6f77e778a009fc19ea750996d39a8b1b9c61db93bae48713725210281ce09d,True,xgboost,23001,7667,8041,0.42400988004883927,0.5970130206775867,1,,xgboost.sklearn.XGBRegressor,3.4501755999808665,1.6858636000251863,0.09803419999661855,0.10146780000650324,79246.81524074277,5.335541200009175,5.125,measured,0.8501430170376819,1.560459899902341,2.9481243674841986,6902,0.7802299499511705,-0.04985698296231811,0.8967790075861212,1.9813331604003894,3.721538708604634,7285,0.9906665802001946,-0.05322099241387879,417.3828125,532.09765625,114.71484375,0.004281599976820871,5417.0234375
rico,30,0,45,degrees C,30,smart_building_conformal/outputs/matched_forecasting005/rico_h30_f0_s45_v1,a94b3835135749e2f18b89fb6017d8d0b8b9d419cb0a1f9be11122d93d0a217f,3b6f77e778a009fc19ea750996d39a8b1b9c61db93bae48713725210281ce09d,True,attention_lstm,23001,7667,8041,0.6189819956697526,0.7888561867546349,0,6.0,src.attention_lstm.AttentionLSTM,61.69154659999185,15.231883100001141,0.22940849998849444,0.23759239999344572,33843.67513532344,77.39043059997493,75.84375,measured,0.9283671185175973,2.744908142089841,3.3645352759596685,6902,1.3724540710449205,0.028367118517597323,0.9700286034075364,3.5438095092773443,3.978636885217108,7285,1.7719047546386726,0.020028603407536427,516.10546875,610.66015625,94.5546875,0.0035097000072710216,5416.42578125
rico,60,0,45,degrees C,60,smart_building_conformal/outputs/matched_forecasting005/rico_h60_f0_s45_v1,a94b3835135749e2f18b89fb6017d8d0b8b9d419cb0a1f9be11122d93d0a217f,d6b8bba37de95183b62360d706317177bfba15aba34b647f220cbbe8595bb3e2,True,persistence,19311,6437,6751,1.0726114649681526,1.6478998722733917,0,,src.pilot_forecasters.Persistence,0.0,0.0004228999896440655,0.0030923000012990087,0.0031353999802377075,2153154.316052582,0.006650599971180782,0.015625,measured,0.9086061324248259,5.199999999999995,8.281913790549547,5795,2.599999999999998,0.008606132424825885,0.9425270330321434,6.799999999999998,10.610398459487481,6117,3.3999999999999986,-0.007472966967856598,408.84375,409.09375,0.25,0.0005552000075113028,5536.0078125
rico,60,0,45,degrees C,60,smart_building_conformal/outputs/matched_forecasting005/rico_h60_f0_s45_v1,a94b3835135749e2f18b89fb6017d8d0b8b9d419cb0a1f9be11122d93d0a217f,d6b8bba37de95183b62360d706317177bfba15aba34b647f220cbbe8595bb3e2,True,xgboost,19311,6437,6751,0.7579228304983191,1.0957960158881277,1,,xgboost.sklearn.XGBRegressor,3.7179763999884017,1.21429140001419,0.08289469999726862,0.10494009999092668,64331.93793967896,5.120102599990787,4.484375,measured,0.815434750407347,2.5985427856445322,5.748184669934244,5795,1.2992713928222663,-0.08456524959265299,0.8832765516219819,3.4022720336914034,7.2880659396940475,6117,1.7011360168457017,-0.06672344837801802,411.18359375,525.28515625,114.1015625,0.004421899997396395,5519.01171875
rico,60,0,45,degrees C,60,smart_building_conformal/outputs/matched_forecasting005/rico_h60_f0_s45_v1,a94b3835135749e2f18b89fb6017d8d0b8b9d419cb0a1f9be11122d93d0a217f,d6b8bba37de95183b62360d706317177bfba15aba34b647f220cbbe8595bb3e2,True,attention_lstm,19311,6437,6751,0.8567884939897503,1.074412526901831,0,6.0,src.attention_lstm.AttentionLSTM,55.689097099995706,12.760953700024402,0.2178559000021778,0.2209613999875728,30552.847693668155,68.88886810000986,68.078125,measured,0.9117167826988595,3.576392364501956,4.336535069868664,5795,1.788196182250978,0.011716782698859451,0.9579321581987854,3.9975624084472656,4.998624409768974,6117,1.9987812042236328,0.007932158198785455,511.203125,612.71484375,101.51171875,0.0032727000070735812,5400.20703125
rico,5,1,46,degrees C,5,smart_building_conformal/outputs/matched_forecasting005/rico_h5_f1_s46_v1,a94b3835135749e2f18b89fb6017d8d0b8b9d419cb0a1f9be11122d93d0a217f,700f37b782032116d9aaac448ea39fa9e4ec658081dd60a6063305f505d86dc2,True,persistence,19504,6572,8692,0.11341463414634147,0.17473271943102328,0,,src.pilot_forecasters.Persistence,0.0,0.0002857999934349209,0.0024727999989409,0.0027138000004924834,3202888.9374392475,0.005472399992868304,0.0,measured,0.8520478601012426,0.3999999999999986,0.896088357109988,5916,0.1999999999999993,-0.04795213989875746,0.9351127473538886,0.6000000000000014,1.0970087436723412,6245,0.3000000000000007,-0.014887252646111349,416.9296875,417.05859375,0.12890625,0.0005641999887302518,5461.27734375
rico,5,1,46,degrees C,5,smart_building_conformal/outputs/matched_forecasting005/rico_h5_f1_s46_v1,a94b3835135749e2f18b89fb6017d8d0b8b9d419cb0a1f9be11122d93d0a217f,700f37b782032116d9aaac448ea39fa9e4ec658081dd60a6063305f505d86dc2,True,xgboost,19504,6572,8692,0.13322686040889706,0.23635987021615776,0,,xgboost.sklearn.XGBRegressor,4.204588099993998,0.8126235000090674,0.07757829999900423,0.1171850000100676,74173.31569102917,5.211974900012137,4.03125,measured,0.861366774045099,0.4005699157714844,1.1407222023659789,5916,0.2002849578857422,-0.03863322595490104,0.9129084215370455,0.528937530517581,1.7265947878223569,6245,0.2644687652587905,-0.03709157846295441,415.32421875,529.8359375,114.51171875,0.0038677999982610345,5464.83984375
rico,5,1,46,degrees C,5,smart_building_conformal/outputs/matched_forecasting005/rico_h5_f1_s46_v1,a94b3835135749e2f18b89fb6017d8d0b8b9d419cb0a1f9be11122d93d0a217f,700f37b782032116d9aaac448ea39fa9e4ec658081dd60a6063305f505d86dc2,True,attention_lstm,19504,6572,8692,0.5888471914555584,0.73203747181412,0,16.0,src.attention_lstm.AttentionLSTM,100.49773620002088,33.56775950000156,0.1884600000048522,0.2763193999999203,31456.350875119544,134.5302751000272,132.671875,measured,0.9967786470317533,4.0398994445800795,4.047106465402421,5916,2.0199497222900398,0.09677864703175332,1.0,5.0484016418457,5.0484016418457,6245,2.524200820922852,0.050000000000000044,515.8828125,622.3515625,106.46875,0.0033035000087693334,5371.9140625
rico,15,1,46,degrees C,15,smart_building_conformal/outputs/matched_forecasting005/rico_h15_f1_s46_v1,a94b3835135749e2f18b89fb6017d8d0b8b9d419cb0a1f9be11122d93d0a217f,9d15fb91cb02767e342d79592b63cc27f689243bd0fd81eb9afe26372d817566,True,persistence,18584,6262,8282,0.3265394832166143,0.4836895350204883,0,,src.pilot_forecasters.Persistence,0.0,0.0004284000024199486,0.0024896999821066856,0.0024550000089220703,3373523.4093283857,0.0053730999934487045,0.0,measured,0.8235933349432504,1.0,2.636319729533929,5637,0.5,-0.07640666505674965,0.893021009418015,1.5999999999999943,3.1633904853900083,5950,0.7999999999999972,-0.05697899058198497,414.6953125,414.93359375,0.23828125,0.0003637000045273453,5572.8203125
rico,15,1,46,degrees C,15,smart_building_conformal/outputs/matched_forecasting005/rico_h15_f1_s46_v1,a94b3835135749e2f18b89fb6017d8d0b8b9d419cb0a1f9be11122d93d0a217f,9d15fb91cb02767e342d79592b63cc27f689243bd0fd81eb9afe26372d817566,True,xgboost,18584,6262,8282,0.42076841343776306,0.5733974261353766,1,,xgboost.sklearn.XGBRegressor,3.605935400002636,1.1830236000241712,0.07730669999727979,0.10367870001937263,79881.40281902153,4.96994440004346,4.375,measured,0.862714320212509,1.7448173522949233,2.6555088685290644,5637,0.8724086761474616,-0.03728567978749098,0.9118570393624729,2.1141952514648423,3.1178372878494027,5950,1.0570976257324212,-0.03814296063752709,419.265625,531.0,111.734375,0.004015999991679564,5526.4453125
rico,15,1,46,degrees C,15,smart_building_conformal/outputs/matched_forecasting005/rico_h15_f1_s46_v1,a94b3835135749e2f18b89fb6017d8d0b8b9d419cb0a1f9be11122d93d0a217f,9d15fb91cb02767e342d79592b63cc27f689243bd0fd81eb9afe26372d817566,True,attention_lstm,18584,6262,8282,0.8243482508195307,1.0287043138083145,0,8.0,src.attention_lstm.AttentionLSTM,73.99023749999469,16.306812100025127,0.189905400009593,0.2517346999957226,32899.715454963996,90.73868970002513,88.734375,measured,0.948804636561217,3.8539199829101562,4.105427032448595,5637,1.9269599914550781,0.04880463656121703,0.9897367785559044,4.667549133300781,4.806065369389305,5950,2.3337745666503906,0.039736778555904406,518.5078125,623.68359375,105.17578125,0.003195199999026954,5415.90234375
rico,30,1,46,degrees C,30,smart_building_conformal/outputs/matched_forecasting005/rico_h30_f1_s46_v1,a94b3835135749e2f18b89fb6017d8d0b8b9d419cb0a1f9be11122d93d0a217f,6036eb2eba2ee0a52cc75fdce247c1aca7a1e644acd5059d7082928021caafa9,True,persistence,17204,5797,7667,0.6189122212077736,0.8909132167183795,0,,src.pilot_forecasters.Persistence,0.0,0.0003535999858286232,0.0022468999959528446,0.0027729000139515847,2764975.282709154,0.0053733999957330525,0.015625,measured,0.8014868918742664,1.8000000000000043,4.878387896178424,5219,0.9000000000000021,-0.09851310812573366,0.8923959827833573,2.799999999999997,5.8682144254597635,5509,1.3999999999999986,-0.057604017216642656,411.1484375,411.25390625,0.10546875,0.0003470999945420772,5421.73046875
rico,30,1,46,degrees C,30,smart_building_conformal/outputs/matched_forecasting005/rico_h30_f1_s46_v1,a94b3835135749e2f18b89fb6017d8d0b8b9d419cb0a1f9be11122d93d0a217f,6036eb2eba2ee0a52cc75fdce247c1aca7a1e644acd5059d7082928021caafa9,True,xgboost,17204,5797,7667,0.8325005653334577,1.0758696087994177,1,,xgboost.sklearn.XGBRegressor,3.3492245000088587,1.161328299989691,0.07828119999612682,0.09264250000705943,82758.99289651908,4.681476500001736,4.03125,measured,0.839572192513369,3.239492797851561,4.703930374887849,5219,1.6197463989257805,-0.06042780748663101,0.8929176992304683,3.7494224548339834,5.334710111925278,5509,1.8747112274169915,-0.05708230076953169,414.671875,527.3359375,112.6640625,0.0038583999848924577,5421.3046875
rico,30,1,46,degrees C,30,smart_building_conformal/outputs/matched_forecasting005/rico_h30_f1_s46_v1,a94b3835135749e2f18b89fb6017d8d0b8b9d419cb0a1f9be11122d93d0a217f,6036eb2eba2ee0a52cc75fdce247c1aca7a1e644acd5059d7082928021caafa9,True,attention_lstm,17204,5797,7667,0.9332279433199056,1.1878619086839772,0,19.0,src.attention_lstm.AttentionLSTM,88.65984310000204,35.70494820000022,0.1699912000040058,0.2446369999961462,31340.312381695247,124.7794195000024,123.015625,measured,0.9079170470849094,4.285650634765624,4.994415426098789,5219,2.142825317382812,0.007917047084909368,0.926829268292683,4.64515838623047,5.466495893942854,5509,2.322579193115235,-0.023170731707316983,512.08984375,617.078125,104.98828125,0.0033983999746851623,5310.7109375
rico,60,1,46,degrees C,60,smart_building_conformal/outputs/matched_forecasting005/rico_h60_f1_s46_v1,a94b3835135749e2f18b89fb6017d8d0b8b9d419cb0a1f9be11122d93d0a217f,4a2a4f6ad9d8dfbd01db4f8c67d990f462484df0bd056e100512edf430d256fb,True,persistence,14444,4867,6437,1.1399254311014448,1.5599375990833806,0,,src.pilot_forecasters.Persistence,0.0,0.00032740001915954053,0.002044200024101883,0.002137400006176904,3011602.8733029,0.0045090000494383276,0.0,measured,0.7825073792139196,3.2000000000000024,8.36948889234115,4382,1.6000000000000014,-0.11749262078608047,0.8842628553674072,4.799999999999997,9.847071617212986,4625,2.3999999999999986,-0.06573714463259273,404.75,405.0,0.25,0.0006103000196162611,5597.42578125
rico,60,1,46,degrees C,60,smart_building_conformal/outputs/matched_forecasting005/rico_h60_f1_s46_v1,a94b3835135749e2f18b89fb6017d8d0b8b9d419cb0a1f9be11122d93d0a217f,4a2a4f6ad9d8dfbd01db4f8c67d990f462484df0bd056e100512edf430d256fb,True,xgboost,14444,4867,6437,0.8457914278635756,1.1206449378969652,0,,xgboost.sklearn.XGBRegressor,2.696934500010684,0.6754492000036407,0.053765199991175905,0.07059210000443272,91185.84090281771,3.4967410000099335,3.359375,measured,0.9316451763243747,4.201091766357422,5.0872936222111385,4382,2.100545883178711,0.03164517632437469,0.9523069752990524,4.709014129638675,5.899105295794932,4625,2.3545070648193356,0.0023069752990524384,408.82421875,517.62109375,108.796875,0.0031276000081561506,5527.79296875
rico,60,1,46,degrees C,60,smart_building_conformal/outputs/matched_forecasting005/rico_h60_f1_s46_v1,a94b3835135749e2f18b89fb6017d8d0b8b9d419cb0a1f9be11122d93d0a217f,4a2a4f6ad9d8dfbd01db4f8c67d990f462484df0bd056e100512edf430d256fb,True,attention_lstm,14444,4867,6437,1.1949300765398592,1.5487172855188247,0,10.0,src.attention_lstm.AttentionLSTM,55.73835440000403,15.81780289998278,0.15320050000445917,0.1862144999904558,34567.662562957885,71.89557229998172,70.921875,measured,0.8897001708870592,5.079327392578122,6.928043627061144,4382,2.539663696289061,-0.010299829112940806,0.9280720832686034,5.990090942382814,8.09385989599389,4625,2.995045471191407,-0.0219279167313966,511.26953125,605.58203125,94.3125,0.0030783999827690423,5433.0703125
rico,5,0,46,degrees C,5,smart_building_conformal/outputs/matched_forecasting005/rico_h5_f0_s46_v1,a94b3835135749e2f18b89fb6017d8d0b8b9d419cb0a1f9be11122d93d0a217f,fc8c69fd2c3a2a71958f06036813be5af871658ce02f58821403d78fd1d3592c,True,persistence,26076,8692,9116,0.10910487055726197,0.19097679676376933,0,,src.pilot_forecasters.Persistence,0.0,0.0003039000148419291,0.002984399994602427,0.003174100012984127,2871995.1994926594,0.006462400022428483,0.0,measured,0.934730144800351,0.6000000000000014,0.9780166739798162,7824,0.3000000000000007,0.03473014480035097,0.9477841158402808,0.7999999999999972,1.2967090829311105,8259,0.3999999999999986,-0.0022158841597191836,417.8359375,418.046875,0.2109375,0.000434600020525977,5528.43359375
rico,5,0,46,degrees C,5,smart_building_conformal/outputs/matched_forecasting005/rico_h5_f0_s46_v1,a94b3835135749e2f18b89fb6017d8d0b8b9d419cb0a1f9be11122d93d0a217f,fc8c69fd2c3a2a71958f06036813be5af871658ce02f58821403d78fd1d3592c,True,xgboost,26076,8692,9116,0.0930959559261092,0.12367550054216335,1,,xgboost.sklearn.XGBRegressor,4.951326900016284,1.4963438999839127,0.10795559998950921,0.11118569999234751,81988.96081625082,6.666812099982053,5.515625,measured,0.864633611232997,0.34389038085937784,0.558909966810693,7824,0.17194519042968892,-0.03536638876700304,0.9359368143922773,0.445897674560548,0.6799986340069576,8259,0.22294883728027415,-0.014063185607722684,417.546875,539.78125,122.234375,0.004043699998874217,5547.46875
rico,5,0,46,degrees C,5,smart_building_conformal/outputs/matched_forecasting005/rico_h5_f0_s46_v1,a94b3835135749e2f18b89fb6017d8d0b8b9d419cb0a1f9be11122d93d0a217f,fc8c69fd2c3a2a71958f06036813be5af871658ce02f58821403d78fd1d3592c,True,attention_lstm,26076,8692,9116,0.41242850442997664,0.5276530463459739,0,15.0,src.attention_lstm.AttentionLSTM,120.6280051000067,42.773267599986866,0.2552244999969844,0.2681092999991961,34001.05852362202,163.92460649998975,160.25,measured,0.9030276437033786,1.7617614746093722,2.2417252124218936,7824,0.8808807373046861,0.003027643703378602,0.9553532250987276,2.232158660888672,2.532396317365243,8259,1.116079330444336,0.005353225098727599,519.859375,615.6015625,95.7421875,0.0033066000032704324,5390.38671875
rico,15,0,46,degrees C,15,smart_building_conformal/outputs/matched_forecasting005/rico_h15_f0_s46_v1,a94b3835135749e2f18b89fb6017d8d0b8b9d419cb0a1f9be11122d93d0a217f,a9aa95f7fc5f7421389a93a8419e797cc7b79c9f83c3c516c9012ab5755f3645,True,persistence,24846,8282,8686,0.31010822012433803,0.5257189194087168,0,,src.pilot_forecasters.Persistence,0.0,0.00035519999801181257,0.0031598000205121934,0.0027593999984674156,3147785.7522737724,0.006274400016991422,0.015625,measured,0.9186046511627907,1.6000000000000014,2.721344692608796,7455,0.8000000000000007,0.018604651162790642,0.9485378770435183,2.200000000000003,3.611466728068154,7869,1.1000000000000014,-0.0014621229564816263,414.8515625,415.078125,0.2265625,0.00034389999927952886,5487.6953125
rico,15,0,46,degrees C,15,smart_building_conformal/outputs/matched_forecasting005/rico_h15_f0_s46_v1,a94b3835135749e2f18b89fb6017d8d0b8b9d419cb0a1f9be11122d93d0a217f,a9aa95f7fc5f7421389a93a8419e797cc7b79c9f83c3c516c9012ab5755f3645,True,xgboost,24846,8282,8686,0.22218092818043889,0.31078141507224016,1,,xgboost.sklearn.XGBRegressor,4.179909200000111,1.4145140000036918,0.10243619998800568,0.10617469999124296,81808.56645430975,5.803034099983051,4.984375,measured,0.8521759152659452,0.8401222229003906,1.4895125926433002,7455,0.4200611114501953,-0.04782408473405486,0.9148054340317753,1.0679519653320284,1.8469160139245053,7869,0.5339759826660142,-0.03519456596822468,413.50390625,535.921875,122.41796875,0.004412800015415996,5476.53125
rico,15,0,46,degrees C,15,smart_building_conformal/outputs/matched_forecasting005/rico_h15_f0_s46_v1,a94b3835135749e2f18b89fb6017d8d0b8b9d419cb0a1f9be11122d93d0a217f,a9aa95f7fc5f7421389a93a8419e797cc7b79c9f83c3c516c9012ab5755f3645,True,attention_lstm,24846,8282,8686,0.4595516712962552,0.6003089751491962,0,10.0,src.attention_lstm.AttentionLSTM,100.26546840000083,27.143072000006214,0.2470653000054881,0.25470940000377595,34101.607556969764,127.9103151000163,125.203125,measured,0.8657609947041216,1.7283386230468738,2.7542981812022336,7455,0.8641693115234368,-0.03423900529587842,0.9122726226110983,2.1391677856445312,3.2884557523294813,7869,1.0695838928222656,-0.03772737738890164,516.078125,610.5234375,94.4453125,0.0031272000051103532,5415.93359375
rico,30,0,46,degrees C,30,smart_building_conformal/outputs/matched_forecasting005/rico_h30_f0_s46_v1,a94b3835135749e2f18b89fb6017d8d0b8b9d419cb0a1f9be11122d93d0a217f,7156939e7a0a8e5a2a20d5f1c3732b58a8f7dfc65075264d23a5e285f0bde468,True,persistence,23001,7667,8041,0.582676284044273,0.9574682395113304,0,,src.pilot_forecasters.Persistence,0.0,0.0002868000010494143,0.0027892999933101237,0.0025910999975167215,3103315.1972931945,0.0056671999918762594,0.015625,measured,0.9165526675786594,3.0,4.920905360029847,6902,1.5,0.016552667578659364,0.9461509762467355,4.0,6.44447208058699,7285,2.0,-0.0038490237532644578,412.44921875,412.73046875,0.28125,0.0004383999912533909,5480.9921875
rico,30,0,46,degrees C,30,smart_building_conformal/outputs/matched_forecasting005/rico_h30_f0_s46_v1,a94b3835135749e2f18b89fb6017d8d0b8b9d419cb0a1f9be11122d93d0a217f,7156939e7a0a8e5a2a20d5f1c3732b58a8f7dfc65075264d23a5e285f0bde468,True,xgboost,23001,7667,8041,0.3721412429316187,0.5602591981112246,0,,xgboost.sklearn.XGBRegressor,3.6182845999719575,0.9280341999838129,0.0858445999911055,0.08738089998951182,92022.39849858663,4.719544299936388,4.453125,measured,0.8460390498694192,1.3534996032714872,2.8855705151168305,6902,0.6767498016357436,-0.053960950130580776,0.9039920407909464,1.7377769470214872,3.8795163642647,7285,0.8688884735107436,-0.04600795920905354,416.2421875,530.1015625,113.859375,0.0032971999899018556,5457.76953125
rico,30,0,46,degrees C,30,smart_building_conformal/outputs/matched_forecasting005/rico_h30_f0_s46_v1,a94b3835135749e2f18b89fb6017d8d0b8b9d419cb0a1f9be11122d93d0a217f,7156939e7a0a8e5a2a20d5f1c3732b58a8f7dfc65075264d23a5e285f0bde468,True,attention_lstm,23001,7667,8041,0.5369846413020188,0.7240335241000975,0,7.0,src.attention_lstm.AttentionLSTM,85.53938249999192,17.7598791999917,0.22424920002231374,0.2519640999962576,31913.276534710432,103.77547500000219,102.296875,measured,0.8837209302325582,2.1051315307617178,3.470596235009838,6902,1.0525657653808587,-0.016279069767441867,0.9279940305932098,2.9690917968749995,4.183585249406603,7285,1.4845458984374993,-0.022005969406790116,513.19921875,610.94140625,97.7421875,0.0030306999979075044,5305.09375
rico,60,0,46,degrees C,60,smart_building_conformal/outputs/matched_forecasting005/rico_h60_f0_s46_v1,a94b3835135749e2f18b89fb6017d8d0b8b9d419cb0a1f9be11122d93d0a217f,c8a0f7f09c510ab5d3239bbece5a47692acdfb33881d2fa9338f70f7a34d4d65,True,persistence,19311,6437,6751,1.0726114649681526,1.6478998722733917,0,,src.pilot_forecasters.Persistence,0.0,0.00043360001291148365,0.0031328999903053045,0.0028457999869715422,2372267.9144377653,0.00641229999018833,0.015625,measured,0.9086061324248259,5.199999999999995,8.281913790549547,5795,2.599999999999998,0.008606132424825885,0.9425270330321434,6.799999999999998,10.610398459487481,6117,3.3999999999999986,-0.007472966967856598,407.58984375,407.8515625,0.26171875,0.0005281000048853457,5418.875
rico,60,0,46,degrees C,60,smart_building_conformal/outputs/matched_forecasting005/rico_h60_f0_s46_v1,a94b3835135749e2f18b89fb6017d8d0b8b9d419cb0a1f9be11122d93d0a217f,c8a0f7f09c510ab5d3239bbece5a47692acdfb33881d2fa9338f70f7a34d4d65,True,xgboost,19311,6437,6751,0.7518243099738713,1.099373064110185,1,,xgboost.sklearn.XGBRegressor,3.613505300018005,1.2600122999865562,0.0821083000046201,0.08323610000661574,81106.6352155305,5.038862000015797,4.359375,measured,0.8299511183528366,2.720465087890624,5.856023446649396,5795,1.3602325439453118,-0.07004888164716339,0.8736483483928307,3.624445343017577,7.24007530285859,6117,1.8122226715087884,-0.07635165160716928,411.0234375,524.0859375,113.0625,0.0041729999938979745,5399.83203125
rico,60,0,46,degrees C,60,smart_building_conformal/outputs/matched_forecasting005/rico_h60_f0_s46_v1,a94b3835135749e2f18b89fb6017d8d0b8b9d419cb0a1f9be11122d93d0a217f,c8a0f7f09c510ab5d3239bbece5a47692acdfb33881d2fa9338f70f7a34d4d65,True,attention_lstm,19311,6437,6751,0.8619327334682423,1.1227195198809732,1,25.0,src.attention_lstm.AttentionLSTM,96.84230600000592,52.73454510001466,0.19393149999086745,0.20050919998902828,33669.27802000811,149.97129180000047,148.0625,measured,0.8225448081765664,2.8480072021484375,4.985335617732196,5795,1.4240036010742188,-0.07745519182343363,0.9474151977484817,3.943964385986327,6.088641657918984,6117,1.9719821929931634,-0.002584802251518248,507.62109375,611.140625,103.51953125,0.003210400027455762,5320.78125
bdg2,3,1,42,kWh per hour,180,smart_building_conformal/outputs/matched_forecasting005/bdg2_h3_f1_s42_v1,a94b3835135749e2f18b89fb6017d8d0b8b9d419cb0a1f9be11122d93d0a217f,ad66c8593217d635e7ccbc0d6004290473fb9169afeb10f8d024d50a5e53f48f,True,persistence,77642,25992,34536,37.25500358176974,72.47955835894919,0,,src.pilot_forecasters.Persistence,0.0,0.00029189998167566955,0.007326699997065589,0.008878900000127032,3889671.017750609,0.01649749997886829,0.0,measured,0.9165508454945565,255.31800000000007,378.8612918114432,23394,127.65900000000002,0.016550845494556432,0.9572619874913134,356.6119999999993,478.5305016214961,24694,178.3059999999997,0.00726198749131346,435.59765625,435.734375,0.13671875,0.0005042999982833862,5554.203125
bdg2,3,1,42,kWh per hour,180,smart_building_conformal/outputs/matched_forecasting005/bdg2_h3_f1_s42_v1,a94b3835135749e2f18b89fb6017d8d0b8b9d419cb0a1f9be11122d93d0a217f,ad66c8593217d635e7ccbc0d6004290473fb9169afeb10f8d024d50a5e53f48f,True,xgboost,77642,25992,34536,24.801610615987723,46.91208082147588,1,,xgboost.sklearn.XGBRegressor,6.256820300011896,2.639289999991888,0.1987770999839995,0.26251450000563636,131558.44724485118,9.35740189999342,9.046875,measured,0.907314107018763,131.8398747558594,222.06088599721642,23394,65.91993737792967,0.007314107018763005,0.9592019921241604,196.17205810546875,295.5422929986454,24694,98.08602905273438,0.009201992124160396,437.50390625,558.8125,121.30859375,0.004501299990806729,5515.74609375
bdg2,3,1,42,kWh per hour,180,smart_building_conformal/outputs/matched_forecasting005/bdg2_h3_f1_s42_v1,a94b3835135749e2f18b89fb6017d8d0b8b9d419cb0a1f9be11122d93d0a217f,ad66c8593217d635e7ccbc0d6004290473fb9169afeb10f8d024d50a5e53f48f,True,attention_lstm,77642,25992,34536,28.598513460007936,52.658851002603264,0,20.0,src.attention_lstm.AttentionLSTM,492.8300351999933,157.2722638999985,0.7129289000004064,0.9526027000101749,36254.35871600103,651.7678307000024,641.21875,measured,0.9052003706277507,143.5853271484375,246.71236004816814,23394,71.79266357421875,0.0052003706277506945,0.9593757238823257,214.31854248046875,330.35952836425434,24694,107.15927124023438,0.00937572388232577,540.171875,657.19921875,117.02734375,0.0034057000011671335,5337.4765625
bdg2,6,1,42,kWh per hour,360,smart_building_conformal/outputs/matched_forecasting005/bdg2_h6_f1_s42_v1,a94b3835135749e2f18b89fb6017d8d0b8b9d419cb0a1f9be11122d93d0a217f,b84f501d2e055a22e83c4ad2a296e2d89b986e587233bf753b8309b2fd241ac0,True,persistence,77592,25982,34542,63.72720272711482,111.46662011507132,0,,src.pilot_forecasters.Persistence,0.0,0.00044010000419802964,0.00741400002152659,0.009221000014804304,3746014.5260321945,0.017075100040528923,0.015625,measured,0.9152046783625731,416.0,568.8483909443576,23385,208.0,0.01520467836257311,0.9529268716345318,519.5599999999997,691.4535814949911,24684,259.78,0.002926871634531869,435.50390625,436.6015625,1.09765625,0.0005161000008229166,5476.18359375
bdg2,6,1,42,kWh per hour,360,smart_building_conformal/outputs/matched_forecasting005/bdg2_h6_f1_s42_v1,a94b3835135749e2f18b89fb6017d8d0b8b9d419cb0a1f9be11122d93d0a217f,b84f501d2e055a22e83c4ad2a296e2d89b986e587233bf753b8309b2fd241ac0,True,xgboost,77592,25982,34542,31.1286265858362,57.09795819305578,1,,xgboost.sklearn.XGBRegressor,6.6715245000086725,2.531318800000008,0.1960974000103306,0.2604370999906678,132630.8732559138,9.659377800009679,9.0625,measured,0.9005268947947427,157.63340332031248,275.2336875893564,23385,78.81670166015624,0.0005268947947426605,0.9560245498234033,236.78624572753915,363.867827402869,24684,118.39312286376952,0.006024549823403391,438.265625,570.5,132.234375,0.004602200002409518,5500.7421875
bdg2,6,1,42,kWh per hour,360,smart_building_conformal/outputs/matched_forecasting005/bdg2_h6_f1_s42_v1,a94b3835135749e2f18b89fb6017d8d0b8b9d419cb0a1f9be11122d93d0a217f,b84f501d2e055a22e83c4ad2a296e2d89b986e587233bf753b8309b2fd241ac0,True,attention_lstm,77592,25982,34542,35.82808951107853,66.76274931937908,0,12.0,src.attention_lstm.AttentionLSTM,346.85116940000444,98.56651330000022,0.7792602000117768,0.9843055999954231,35092.759809718256,447.18124850001186,439.8125,measured,0.9058247930056164,181.26897314453134,320.1334557339729,23385,90.63448657226567,0.0058247930056163355,0.9539690811186382,266.0299589843752,430.20025260574977,24684,133.01497949218754,0.003969081118638251,544.87109375,658.27734375,113.40625,0.003415300016058609,5355.59765625
bdg2,1,0,42,kWh per hour,60,smart_building_conformal/outputs/matched_forecasting005/bdg2_h1_f0_s42_v1,a94b3835135749e2f18b89fb6017d8d0b8b9d419cb0a1f9be11122d93d0a217f,903363aeb03f9eeee3aef13f3b9fa7469364746d3885fdee5071f9affb2052d0,True,persistence,103684,34534,34426,18.920858339627028,37.87831670828571,0,,src.pilot_forecasters.Persistence,0.0,0.00028420001035556197,0.009869499976048246,0.009041100012836978,3807722.5062348996,0.019194799999240786,0.015625,measured,0.8909545111253122,104.0,191.0187430430489,31082,52.0,-0.009045488874687813,0.9455643990007553,152.32400000000007,251.8041827688374,32809,76.162,-0.004435600999244671,437.20703125,439.19140625,1.984375,0.0005627000064123422,5119.70703125
bdg2,1,0,42,kWh per hour,60,smart_building_conformal/outputs/matched_forecasting005/bdg2_h1_f0_s42_v1,a94b3835135749e2f18b89fb6017d8d0b8b9d419cb0a1f9be11122d93d0a217f,903363aeb03f9eeee3aef13f3b9fa7469364746d3885fdee5071f9affb2052d0,True,xgboost,103684,34534,34426,16.712607797110845,31.921384065018778,1,,xgboost.sklearn.XGBRegressor,9.100451200007228,3.343945000000531,0.2636672999942675,0.25875370000721887,133045.44050593118,12.966817200009245,11.828125,measured,0.8913321326904085,82.25079882812497,156.9030176885879,31082,41.125399414062485,-0.00866786730959157,0.9447801080578633,121.57402343749982,209.0609573544423,32809,60.78701171874991,-0.0052198919421366785,437.9609375,567.67578125,129.71484375,0.00513229999342002,5127.9609375
bdg2,1,0,42,kWh per hour,60,smart_building_conformal/outputs/matched_forecasting005/bdg2_h1_f0_s42_v1,a94b3835135749e2f18b89fb6017d8d0b8b9d419cb0a1f9be11122d93d0a217f,903363aeb03f9eeee3aef13f3b9fa7469364746d3885fdee5071f9affb2052d0,True,attention_lstm,103684,34534,34426,16.828951181171576,31.730199609877303,1,28.0,src.attention_lstm.AttentionLSTM,666.2628532999952,294.5940782999969,0.9713159000093583,0.9156069000018761,37599.10503069545,962.7438544000033,946.84375,measured,0.8971126474176494,84.76675415039062,157.5000464677349,31082,42.38337707519531,-0.002887352582350622,0.9448091558705629,123.2535102539063,209.95290022918832,32809,61.62675512695313,-0.005190844129437044,536.09375,662.34375,126.25,0.003696399973705411,5163.484375
bdg2,3,0,42,kWh per hour,180,smart_building_conformal/outputs/matched_forecasting005/bdg2_h3_f0_s42_v1,a94b3835135749e2f18b89fb6017d8d0b8b9d419cb0a1f9be11122d93d0a217f,9503143ce3e99710afe24d5eabf50b0791e4bbe18de2eea65e877e46d6f9de20,True,persistence,103644,34532,34422,35.96071829062809,70.00202988160564,0,,src.pilot_forecasters.Persistence,0.0,0.0003060000017285347,0.009403899981407449,0.008428700006334111,4083903.801788188,0.018138599989470094,0.015625,measured,0.9063389692638429,225.47200000000066,368.6008462030098,31080,112.73600000000033,0.00633896926384292,0.9515716692812736,334.0,471.38619371332277,32807,167.0,0.0015716692812736133,437.21875,438.64453125,1.42578125,0.0006240000075194985,5261.3203125
bdg2,3,0,42,kWh per hour,180,smart_building_conformal/outputs/matched_forecasting005/bdg2_h3_f0_s42_v1,a94b3835135749e2f18b89fb6017d8d0b8b9d419cb0a1f9be11122d93d0a217f,9503143ce3e99710afe24d5eabf50b0791e4bbe18de2eea65e877e46d6f9de20,True,xgboost,103644,34532,34422,24.330161955601454,47.76798757026861,1,,xgboost.sklearn.XGBRegressor,8.397161700006109,3.1988202999928035,0.27965889999177307,0.26843510000617243,128232.1127125644,12.144075999996858,11.484375,measured,0.8973331009238278,125.43434570312502,234.63094958459567,31080,62.71717285156251,-0.0026668990761722355,0.9435535413398408,179.35591015625005,314.93109241158123,32807,89.677955078125,-0.006446458660159138,439.41015625,579.71484375,140.3046875,0.004940799990436062,5237.48828125
bdg2,3,0,42,kWh per hour,180,smart_building_conformal/outputs/matched_forecasting005/bdg2_h3_f0_s42_v1,a94b3835135749e2f18b89fb6017d8d0b8b9d419cb0a1f9be11122d93d0a217f,9503143ce3e99710afe24d5eabf50b0791e4bbe18de2eea65e877e46d6f9de20,True,attention_lstm,103644,34532,34422,26.081757527552245,49.70886939325006,0,17.0,src.attention_lstm.AttentionLSTM,630.4944014000066,179.38843560000532,0.9218480999988969,0.9858690000255592,34915.38936624196,811.7905541000364,797.34375,measured,0.8941374702225321,130.08562792968746,247.6503690459817,31080,65.04281396484373,-0.005862529777467929,0.9440764627273256,189.72547070312504,332.14078934044375,32807,94.86273535156249,-0.005923537272674362,544.3828125,664.5546875,120.171875,0.0033288999984506518,5089.90625
bdg2,6,0,42,kWh per hour,360,smart_building_conformal/outputs/matched_forecasting005/bdg2_h6_f0_s42_v1,a94b3835135749e2f18b89fb6017d8d0b8b9d419cb0a1f9be11122d93d0a217f,cb1d502556e277e1cf7e312d06c35da6bdc291d61ea507a205333d5e373cf772,True,persistence,103594,34524,34416,60.834211363900515,106.62687117557456,0,,src.pilot_forecasters.Persistence,0.0,0.0002510999911464751,0.010405399982118979,0.009758899977896363,3526626.984388741,0.020415399951161817,0.015625,measured,0.9060030218503022,382.2940000000002,542.8734193979544,31073,191.14700000000016,0.006003021850302215,0.9560088331008834,506.0,661.2996587633658,32799,253.0,0.006008833100883404,438.26953125,439.9609375,1.69140625,0.0005087000026833266,5246.20703125
bdg2,6,0,42,kWh per hour,360,smart_building_conformal/outputs/matched_forecasting005/bdg2_h6_f0_s42_v1,a94b3835135749e2f18b89fb6017d8d0b8b9d419cb0a1f9be11122d93d0a217f,cb1d502556e277e1cf7e312d06c35da6bdc291d61ea507a205333d5e373cf772,True,xgboost,103594,34524,34416,29.150375921812227,57.40729978807696,1,,xgboost.sklearn.XGBRegressor,8.434804499993334,3.2699608000111766,0.2637803000106942,0.2749428999959491,125175.08180973966,12.243488500011154,11.609375,measured,0.9022838214783822,157.14646181640632,284.48986056257843,31073,78.57323090820313,0.002283821478382131,0.9476115760111576,223.72821386718758,382.344457951147,32799,111.86410693359375,-0.002388423988842314,438.12109375,578.04296875,139.921875,0.004734899994218722,5187.42578125
bdg2,6,0,42,kWh per hour,360,smart_building_conformal/outputs/matched_forecasting005/bdg2_h6_f0_s42_v1,a94b3835135749e2f18b89fb6017d8d0b8b9d419cb0a1f9be11122d93d0a217f,cb1d502556e277e1cf7e312d06c35da6bdc291d61ea507a205333d5e373cf772,True,attention_lstm,103594,34524,34416,33.86642710406855,63.3039953605962,0,16.0,src.attention_lstm.AttentionLSTM,544.2363956999907,168.79751800000668,0.8943159999907948,0.9422373000124935,36525.83059441997,714.8704670000006,703.859375,measured,0.9110878661087866,177.89471435546875,310.13665374428126,31073,88.94735717773438,0.011087866108786537,0.9577812645281265,263.50221093749997,421.7852773121114,32799,131.75110546874998,0.0077812645281265524,540.57421875,670.34375,129.76953125,0.003581800003303215,5066.66015625
bdg2,1,1,43,kWh per hour,60,smart_building_conformal/outputs/matched_forecasting005/bdg2_h1_f1_s43_v1,a94b3835135749e2f18b89fb6017d8d0b8b9d419cb0a1f9be11122d93d0a217f,d3327ce08965ad0372f97c1be428b9b0f5f943e6f24239c4a1680c22fec9d7c8,True,persistence,77682,26002,34532,18.105949944978573,38.39896815958996,0,,src.pilot_forecasters.Persistence,0.0,0.0004766999918501824,0.00784499998553656,0.00934010001947172,3697176.682049401,0.017661799996858463,0.015625,measured,0.9199872581952971,118.33199999999995,187.70410077609176,23403,59.166,0.01998725819529712,0.9598633151859145,170.0,249.7789415035329,24703,85.0,0.009863315185914545,434.6796875,435.484375,0.8046875,0.0006244000105652958,5255.76953125
bdg2,1,1,43,kWh per hour,60,smart_building_conformal/outputs/matched_forecasting005/bdg2_h1_f1_s43_v1,a94b3835135749e2f18b89fb6017d8d0b8b9d419cb0a1f9be11122d93d0a217f,d3327ce08965ad0372f97c1be428b9b0f5f943e6f24239c4a1680c22fec9d7c8,True,xgboost,77682,26002,34532,17.066788868686523,33.70894078763762,0,,xgboost.sklearn.XGBRegressor,6.710903999977745,2.1116225000005215,0.16592939998372458,0.21763930001179688,158666.19676744152,9.206095199973788,8.546875,measured,0.9176995250781883,96.48285986328126,158.53620388879668,23403,48.24142993164065,0.017699525078188283,0.9604714467740068,139.9117285156251,213.72501069347172,24703,69.95586425781255,0.010471446774006798,438.29296875,569.9921875,131.69921875,0.0033420999825466424,5259.66015625
bdg2,1,1,43,kWh per hour,60,smart_building_conformal/outputs/matched_forecasting005/bdg2_h1_f1_s43_v1,a94b3835135749e2f18b89fb6017d8d0b8b9d419cb0a1f9be11122d93d0a217f,d3327ce08965ad0372f97c1be428b9b0f5f943e6f24239c4a1680c22fec9d7c8,True,attention_lstm,77682,26002,34532,17.20753368411781,33.795305438885194,0,23.0,src.attention_lstm.AttentionLSTM,452.3509335999843,182.37159939997946,0.6878621999931056,0.9393375999934506,36762.07574384414,636.3497327999503,626.265625,measured,0.9153249160199235,95.22630322265627,157.75959183652347,23403,47.613151611328135,0.015324916019923474,0.9618035445383991,139.19859667968808,213.11371545383295,24703,69.59929833984404,0.011803544538399158,540.04296875,659.81640625,119.7734375,0.003577199997380376,5148.22265625
bdg2,3,1,43,kWh per hour,180,smart_building_conformal/outputs/matched_forecasting005/bdg2_h3_f1_s43_v1,a94b3835135749e2f18b89fb6017d8d0b8b9d419cb0a1f9be11122d93d0a217f,487d3c82fd70e5707675be8038196a38e810a0504f785ee580590aab7c6aee7d,True,persistence,77642,25992,34536,37.25500358176974,72.47955835894919,0,,src.pilot_forecasters.Persistence,0.0,0.00027779999072663486,0.007687600009376183,0.009022599988384172,3827721.5042739515,0.01698799998848699,0.015625,measured,0.9165508454945565,255.31800000000007,378.8612918114432,23394,127.65900000000002,0.016550845494556432,0.9572619874913134,356.6119999999993,478.5305016214961,24694,178.3059999999997,0.00726198749131346,433.15625,433.54296875,0.38671875,0.000533499987795949,5216.88671875
bdg2,3,1,43,kWh per hour,180,smart_building_conformal/outputs/matched_forecasting005/bdg2_h3_f1_s43_v1,a94b3835135749e2f18b89fb6017d8d0b8b9d419cb0a1f9be11122d93d0a217f,487d3c82fd70e5707675be8038196a38e810a0504f785ee580590aab7c6aee7d,True,xgboost,77642,25992,34536,24.35992278589357,46.66958742820568,1,,xgboost.sklearn.XGBRegressor,6.184147899999516,2.5790103999897838,0.2260455999930855,0.2700466999958735,127888.9910542426,9.259250599978259,8.890625,measured,0.9060111188325226,131.3284355468752,221.44749408032328,23394,65.6642177734376,0.006011118832522588,0.9608234885337039,199.42576513671884,295.25607805164327,24694,99.71288256835942,0.010823488533703962,436.4296875,559.65234375,123.22265625,0.004606000002240762,5132.7265625
bdg2,3,1,43,kWh per hour,180,smart_building_conformal/outputs/matched_forecasting005/bdg2_h3_f1_s43_v1,a94b3835135749e2f18b89fb6017d8d0b8b9d419cb0a1f9be11122d93d0a217f,487d3c82fd70e5707675be8038196a38e810a0504f785ee580590aab7c6aee7d,True,attention_lstm,77642,25992,34536,28.744179462502668,50.608865228899084,0,11.0,src.attention_lstm.AttentionLSTM,406.5036667000095,87.17404510002234,0.6956372999993619,0.9370485999970697,36856.14598870112,495.31039770002826,487.734375,measured,0.9124391938846421,148.9100341796875,240.14750961113552,23394,74.45501708984375,0.012439193884642097,0.9622712531850822,219.14966015624987,319.07021815257076,24694,109.57483007812499,0.012271253185082265,540.2265625,651.1640625,110.9375,0.0034174999746028334,5104.3984375
bdg2,6,1,43,kWh per hour,360,smart_building_conformal/outputs/matched_forecasting005/bdg2_h6_f1_s43_v1,a94b3835135749e2f18b89fb6017d8d0b8b9d419cb0a1f9be11122d93d0a217f,bb43e266e1fd63570467ce7bc0989dcaab9087af9217dbe09cfa18903e01b0f8,True,persistence,77592,25982,34542,63.72720272711482,111.46662011507132,0,,src.pilot_forecasters.Persistence,0.0,0.0004661999992094934,0.007286799984285608,0.008632000011857599,4001621.866606855,0.0163849999953527,0.015625,measured,0.9152046783625731,416.0,568.8483909443576,23385,208.0,0.01520467836257311,0.9529268716345318,519.5599999999997,691.4535814949911,24684,259.78,0.002926871634531869,436.60546875,436.83203125,0.2265625,0.0007178999949246645,5181.9375
bdg2,6,1,43,kWh per hour,360,smart_building_conformal/outputs/matched_forecasting005/bdg2_h6_f1_s43_v1,a94b3835135749e2f18b89fb6017d8d0b8b9d419cb0a1f9be11122d93d0a217f,bb43e266e1fd63570467ce7bc0989dcaab9087af9217dbe09cfa18903e01b0f8,True,xgboost,77592,25982,34542,31.797831062487912,58.12764251448266,0,,xgboost.sklearn.XGBRegressor,6.3255290999950375,2.144467599980999,0.16223979997448623,0.22242700000060722,155295.8948324875,8.85466349995113,8.65625,measured,0.9013664524347171,162.65625,280.3784314676126,23385,81.328125,0.0013664524347171136,0.9579063169474842,248.1456298828125,370.66041494693894,24684,124.07281494140625,0.007906316947484227,437.1484375,570.41796875,133.26953125,0.0033829000021796674,5204.65625
bdg2,6,1,43,kWh per hour,360,smart_building_conformal/outputs/matched_forecasting005/bdg2_h6_f1_s43_v1,a94b3835135749e2f18b89fb6017d8d0b8b9d419cb0a1f9be11122d93d0a217f,bb43e266e1fd63570467ce7bc0989dcaab9087af9217dbe09cfa18903e01b0f8,True,attention_lstm,77592,25982,34542,35.83441962506341,64.83821341227315,0,14.0,src.attention_lstm.AttentionLSTM,367.19804479999584,110.0820182999887,0.6864448999986053,0.8967091999948025,38520.84934580822,478.86321719997795,471.046875,measured,0.9010479995367958,177.20096923828123,310.793605169635,23385,88.60048461914063,0.0010479995367957962,0.9554744948179028,263.548095703125,413.77409109870416,24684,131.7740478515625,0.005474494817902853,541.640625,659.65625,118.015625,0.0032356000156141818,5033.8046875
bdg2,1,0,43,kWh per hour,60,smart_building_conformal/outputs/matched_forecasting005/bdg2_h1_f0_s43_v1,a94b3835135749e2f18b89fb6017d8d0b8b9d419cb0a1f9be11122d93d0a217f,bd967fc5210c19a9fad9a5e7343341181dbe2ecb2481131260439ea4feaa7bcd,True,persistence,103684,34534,34426,18.920858339627028,37.87831670828571,0,,src.pilot_forecasters.Persistence,0.0,0.0003262000100221485,0.009774300007848069,0.008924299996579066,3857557.456965415,0.019024800014449283,0.015625,measured,0.8909545111253122,104.0,191.0187430430489,31082,52.0,-0.009045488874687813,0.9455643990007553,152.32400000000007,251.8041827688374,32809,76.162,-0.004435600999244671,438.578125,439.67578125,1.09765625,0.0004944000102113932,5256.8125
bdg2,1,0,43,kWh per hour,60,smart_building_conformal/outputs/matched_forecasting005/bdg2_h1_f0_s43_v1,a94b3835135749e2f18b89fb6017d8d0b8b9d419cb0a1f9be11122d93d0a217f,bd967fc5210c19a9fad9a5e7343341181dbe2ecb2481131260439ea4feaa7bcd,True,xgboost,103684,34534,34426,16.58692609056373,31.96245902390468,1,,xgboost.sklearn.XGBRegressor,7.921659599989653,3.2717585999926087,0.2723565999767743,0.2851076000079047,120747.3950152347,11.75088239996694,11.453125,measured,0.8934526230174867,84.04674902343754,157.58666500657344,31082,42.02337451171877,-0.006547376982513287,0.9436472433625748,121.52484082031242,209.9604506861644,32809,60.76242041015624,-0.006352756637425183,441.03515625,575.76171875,134.7265625,0.004887199989752844,5263.7734375
bdg2,1,0,43,kWh per hour,60,smart_building_conformal/outputs/matched_forecasting005/bdg2_h1_f0_s43_v1,a94b3835135749e2f18b89fb6017d8d0b8b9d419cb0a1f9be11122d93d0a217f,bd967fc5210c19a9fad9a5e7343341181dbe2ecb2481131260439ea4feaa7bcd,True,attention_lstm,103684,34534,34426,16.98617095555872,31.820667778795382,0,20.0,src.attention_lstm.AttentionLSTM,645.9074462999997,211.91436450000037,0.9099624000082258,0.895903199998429,38426.02638327485,859.6276764000067,845.640625,measured,0.8923488061348981,81.77972109374991,156.36068021874024,31082,40.88986054687496,-0.007651193865101935,0.9433858130482775,119.3988037109375,209.30950977824824,32809,59.69940185546875,-0.006614186951722445,543.62109375,667.4140625,123.79296875,0.003490400005830452,5107.84375
bdg2,3,0,43,kWh per hour,180,smart_building_conformal/outputs/matched_forecasting005/bdg2_h3_f0_s43_v1,a94b3835135749e2f18b89fb6017d8d0b8b9d419cb0a1f9be11122d93d0a217f,c7929303b37300ff2f92a5b9afeb59fc488d3b5aede2ed6764630aade06f0e64,True,persistence,103644,34532,34422,35.96071829062809,70.00202988160564,0,,src.pilot_forecasters.Persistence,0.0,0.0002470000181347132,0.010280599992256612,0.008502200013026595,4048599.179889974,0.01902980002341792,0.015625,measured,0.9063389692638429,225.47200000000066,368.6008462030098,31080,112.73600000000033,0.00633896926384292,0.9515716692812736,334.0,471.38619371332277,32807,167.0,0.0015716692812736133,435.71484375,437.2109375,1.49609375,0.0004831000114791095,5213.08984375
bdg2,3,0,43,kWh per hour,180,smart_building_conformal/outputs/matched_forecasting005/bdg2_h3_f0_s43_v1,a94b3835135749e2f18b89fb6017d8d0b8b9d419cb0a1f9be11122d93d0a217f,c7929303b37300ff2f92a5b9afeb59fc488d3b5aede2ed6764630aade06f0e64,True,xgboost,103644,34532,34422,24.16900251986313,47.23868267776554,1,,xgboost.sklearn.XGBRegressor,8.83126700000139,3.2562388999795076,0.2573481999861542,0.2650814999942668,129854.40327123727,12.609935599961318,11.34375,measured,0.896519667654407,124.14791582031239,231.89830947497342,31080,62.073957910156196,-0.0034803323455929736,0.9450932543141014,178.81396972656245,311.4052513652426,32807,89.40698486328125,-0.00490674568589855,437.546875,578.3671875,140.8203125,0.004520199989201501,5172.5859375
bdg2,3,0,43,kWh per hour,180,smart_building_conformal/outputs/matched_forecasting005/bdg2_h3_f0_s43_v1,a94b3835135749e2f18b89fb6017d8d0b8b9d419cb0a1f9be11122d93d0a217f,c7929303b37300ff2f92a5b9afeb59fc488d3b5aede2ed6764630aade06f0e64,True,attention_lstm,103644,34532,34422,25.224797154486474,47.12248085908187,0,15.0,src.attention_lstm.AttentionLSTM,499.39815669998643,159.15412289998494,0.9724868999910541,0.8961417000100482,38411.33606394394,660.4209081999725,649.34375,measured,0.8981465341932485,129.5947265625,234.92844789175757,31080,64.79736328125,-0.0018534658067514975,0.9455871245133926,188.23114013671875,310.5284629978646,32807,94.11557006835938,-0.004412875486607404,541.73828125,663.10546875,121.3671875,0.003133200021693483,5091.66796875
bdg2,6,0,43,kWh per hour,360,smart_building_conformal/outputs/matched_forecasting005/bdg2_h6_f0_s43_v1,a94b3835135749e2f18b89fb6017d8d0b8b9d419cb0a1f9be11122d93d0a217f,0e9192f15835bf56012a596cacb22cc5efab7bb8f7f85ac9b25b08c2162b6cef,True,persistence,103594,34524,34416,60.834211363900515,106.62687117557456,0,,src.pilot_forecasters.Persistence,0.0,0.0002750999992713332,0.010719199985032901,0.009579799982020631,3592559.3503613803,0.020574099966324866,0.015625,measured,0.9060030218503022,382.2940000000002,542.8734193979544,31073,191.14700000000016,0.006003021850302215,0.9560088331008834,506.0,661.2996587633658,32799,253.0,0.006008833100883404,437.75390625,438.6796875,0.92578125,0.0006248000136110932,5243.03125
bdg2,6,0,43,kWh per hour,360,smart_building_conformal/outputs/matched_forecasting005/bdg2_h6_f0_s43_v1,a94b3835135749e2f18b89fb6017d8d0b8b9d419cb0a1f9be11122d93d0a217f,0e9192f15835bf56012a596cacb22cc5efab7bb8f7f85ac9b25b08c2162b6cef,True,xgboost,103594,34524,34416,29.223362683647665,57.7566996639807,1,,xgboost.sklearn.XGBRegressor,8.921832199994242,3.2699335000070278,0.25793689998681657,0.27508180000586435,125111.8758102728,12.72478439999395,11.46875,measured,0.9021675964667596,157.3342304687494,285.0029108165819,31073,78.6671152343747,0.0021675964667595693,0.9484251510925151,222.9802988281249,383.7933553260294,32799,111.49014941406244,-0.001574848907484827,438.40234375,577.796875,139.39453125,0.004965900006936863,5260.7890625
bdg2,6,0,43,kWh per hour,360,smart_building_conformal/outputs/matched_forecasting005/bdg2_h6_f0_s43_v1,a94b3835135749e2f18b89fb6017d8d0b8b9d419cb0a1f9be11122d93d0a217f,0e9192f15835bf56012a596cacb22cc5efab7bb8f7f85ac9b25b08c2162b6cef,True,attention_lstm,103594,34524,34416,34.488539800081206,62.26592821185376,0,10.0,src.attention_lstm.AttentionLSTM,458.4551008999988,107.99509769998258,0.8920677000132855,0.8893004000128713,38700.083795646424,568.2315667000075,559.203125,measured,0.9067584844258484,173.00184179687494,307.23176306023237,31073,86.50092089843747,0.006758484425848366,0.9527545327754533,249.079345703125,416.41148019044545,32799,124.5396728515625,0.0027545327754533444,545.48828125,670.375,124.88671875,0.003187399997841567,5108.6171875
bdg2,1,1,44,kWh per hour,60,smart_building_conformal/outputs/matched_forecasting005/bdg2_h1_f1_s44_v1,a94b3835135749e2f18b89fb6017d8d0b8b9d419cb0a1f9be11122d93d0a217f,5c5a7b4dead787180940a21cedd8d9766e0c5046d927ee4ce93eed7b92089c0e,True,persistence,77682,26002,34532,18.105949944978573,38.39896815958996,0,,src.pilot_forecasters.Persistence,0.0,0.00036689999978989363,0.007407700002659112,0.008700699982000515,3968876.0756534217,0.01647529998444952,0.015625,measured,0.9199872581952971,118.33199999999995,187.70410077609176,23403,59.166,0.01998725819529712,0.9598633151859145,170.0,249.7789415035329,24703,85.0,0.009863315185914545,432.234375,432.484375,0.25,0.0004979000077582896,5123.3125
bdg2,1,1,44,kWh per hour,60,smart_building_conformal/outputs/matched_forecasting005/bdg2_h1_f1_s44_v1,a94b3835135749e2f18b89fb6017d8d0b8b9d419cb0a1f9be11122d93d0a217f,5c5a7b4dead787180940a21cedd8d9766e0c5046d927ee4ce93eed7b92089c0e,True,xgboost,77682,26002,34532,16.46049644492717,32.77079981911912,1,,xgboost.sklearn.XGBRegressor,6.185410900012357,2.527098399994429,0.20202440000139177,0.2938580999907572,117512.50008451748,9.208391799998935,8.984375,measured,0.9130951001969188,90.035400390625,153.63797868522946,23403,45.0177001953125,0.01309510019691873,0.9604135294799027,136.07731250000006,208.7530769592553,24703,68.03865625000003,0.010413529479902706,434.61328125,570.53515625,135.921875,0.005481200001668185,5125.9140625
bdg2,1,1,44,kWh per hour,60,smart_building_conformal/outputs/matched_forecasting005/bdg2_h1_f1_s44_v1,a94b3835135749e2f18b89fb6017d8d0b8b9d419cb0a1f9be11122d93d0a217f,5c5a7b4dead787180940a21cedd8d9766e0c5046d927ee4ce93eed7b92089c0e,True,attention_lstm,77682,26002,34532,18.398189566805364,34.36414605504859,0,22.0,src.attention_lstm.AttentionLSTM,515.6998117999756,173.41064519999782,0.7227171999984421,0.943876100005582,36585.310296336334,690.7770502999774,680.40625,measured,0.9177864010193444,98.29013964843756,160.30665746952954,23403,49.14506982421875,0.017786401019344367,0.9610216610679949,141.42401074218748,215.6590528650282,24703,70.71200537109377,0.011021661067994959,540.2578125,653.23046875,112.97265625,0.0034998000191990286,5020.1328125
bdg2,3,1,44,kWh per hour,180,smart_building_conformal/outputs/matched_forecasting005/bdg2_h3_f1_s44_v1,a94b3835135749e2f18b89fb6017d8d0b8b9d419cb0a1f9be11122d93d0a217f,0a6dfd2e310a2488ceed841238b93d433bfa8d694cc9a48564a9aef3e09db30d,True,persistence,77642,25992,34536,37.25500358176974,72.47955835894919,0,,src.pilot_forecasters.Persistence,0.0,0.00036330000148154795,0.007646200014278293,0.00936670001829043,3687104.3091549077,0.01737620003405027,0.015625,measured,0.9165508454945565,255.31800000000007,378.8612918114432,23394,127.65900000000002,0.016550845494556432,0.9572619874913134,356.6119999999993,478.5305016214961,24694,178.3059999999997,0.00726198749131346,431.515625,432.125,0.609375,0.0005529000191017985,5248.08984375
bdg2,3,1,44,kWh per hour,180,smart_building_conformal/outputs/matched_forecasting005/bdg2_h3_f1_s44_v1,a94b3835135749e2f18b89fb6017d8d0b8b9d419cb0a1f9be11122d93d0a217f,0a6dfd2e310a2488ceed841238b93d433bfa8d694cc9a48564a9aef3e09db30d,True,xgboost,77642,25992,34536,24.646021627379422,46.982542385448525,1,,xgboost.sklearn.XGBRegressor,7.191044500010321,2.545496999984607,0.20054660001187585,0.2623796999978367,131626.03661900957,10.19946780000464,8.90625,measured,0.907314107018763,131.3443603515625,222.2850482636797,23394,65.67218017578125,0.007314107018763005,0.9596942321056289,199.329345703125,296.67722777870705,24694,99.6646728515625,0.00969423210562892,435.49609375,560.01171875,124.515625,0.004485500016016886,5251.7578125
bdg2,3,1,44,kWh per hour,180,smart_building_conformal/outputs/matched_forecasting005/bdg2_h3_f1_s44_v1,a94b3835135749e2f18b89fb6017d8d0b8b9d419cb0a1f9be11122d93d0a217f,0a6dfd2e310a2488ceed841238b93d433bfa8d694cc9a48564a9aef3e09db30d,True,attention_lstm,77642,25992,34536,26.9726267682989,51.23092868335551,0,16.0,src.attention_lstm.AttentionLSTM,451.08790990000125,124.71406919998117,0.6668340000032913,0.8609431999793742,40114.144580998356,577.3297562999651,567.953125,measured,0.9155084549455641,147.2095947265625,242.20247829225357,23394,73.60479736328125,0.015508454945564076,0.9662960389159139,228.8194580078125,328.9335687470761,24694,114.40972900390625,0.016296038915913913,542.46484375,657.3203125,114.85546875,0.003573800000594929,5083.83203125
bdg2,6,1,44,kWh per hour,360,smart_building_conformal/outputs/matched_forecasting005/bdg2_h6_f1_s44_v1,a94b3835135749e2f18b89fb6017d8d0b8b9d419cb0a1f9be11122d93d0a217f,45171f33dbc5849765b7ccfe1a9c8113b9126fb2de127cb5b997a4d3804f6d90,True,persistence,77592,25982,34542,63.72720272711482,111.46662011507132,0,,src.pilot_forecasters.Persistence,0.0,0.00039739999920129776,0.007354900008067489,0.0084451999864541,4090134.047198947,0.016197499993722886,0.015625,measured,0.9152046783625731,416.0,568.8483909443576,23385,208.0,0.01520467836257311,0.9529268716345318,519.5599999999997,691.4535814949911,24684,259.78,0.002926871634531869,434.27734375,434.4375,0.16015625,0.0004564999835565686,5326.09375
bdg2,6,1,44,kWh per hour,360,smart_building_conformal/outputs/matched_forecasting005/bdg2_h6_f1_s44_v1,a94b3835135749e2f18b89fb6017d8d0b8b9d419cb0a1f9be11122d93d0a217f,45171f33dbc5849765b7ccfe1a9c8113b9126fb2de127cb5b997a4d3804f6d90,True,xgboost,77592,25982,34542,32.26091931195507,58.3596258696603,0,,xgboost.sklearn.XGBRegressor,7.1771476000139955,2.1189738999819383,0.15780679997988045,0.2109823999926448,163719.81739331904,9.664910699968459,8.375,measured,0.9020612587574547,164.146345703125,280.9210210798771,23385,82.0731728515625,0.002061258757454665,0.95628510219443,244.106689453125,371.145387931021,24684,122.0533447265625,0.0062851021944300145,440.75,571.4296875,130.6796875,0.0036872999917250127,5294.0
bdg2,6,1,44,kWh per hour,360,smart_building_conformal/outputs/matched_forecasting005/bdg2_h6_f1_s44_v1,a94b3835135749e2f18b89fb6017d8d0b8b9d419cb0a1f9be11122d93d0a217f,45171f33dbc5849765b7ccfe1a9c8113b9126fb2de127cb5b997a4d3804f6d90,True,attention_lstm,77592,25982,34542,35.95328492072802,65.1119412039963,0,16.0,src.attention_lstm.AttentionLSTM,421.38175830000546,125.5157122000237,0.6534741000214126,0.9016558000002988,38309.518998256935,548.4526004000509,539.671875,measured,0.9132939609750449,191.0611699218751,314.9224003423369,23385,95.53058496093752,0.013293960975044872,0.9623936077818308,287.59912109375,422.49816736534615,24684,143.799560546875,0.012393607781830851,544.0078125,660.5,116.4921875,0.003347699996083975,5202.82421875
bdg2,1,0,44,kWh per hour,60,smart_building_conformal/outputs/matched_forecasting005/bdg2_h1_f0_s44_v1,a94b3835135749e2f18b89fb6017d8d0b8b9d419cb0a1f9be11122d93d0a217f,66bc662bdf28008cfec0aac5a1d05bb2bbebdf508a16438e411f24fd29a932c9,True,persistence,103684,34534,34426,18.920858339627028,37.87831670828571,0,,src.pilot_forecasters.Persistence,0.0,0.0002697999880183488,0.009164699993561953,0.00817109999479726,4213141.4401879655,0.01760559997637756,0.015625,measured,0.8909545111253122,104.0,191.0187430430489,31082,52.0,-0.009045488874687813,0.9455643990007553,152.32400000000007,251.8041827688374,32809,76.162,-0.004435600999244671,436.609375,437.9375,1.328125,0.0005193999968469143,5231.859375
bdg2,1,0,44,kWh per hour,60,smart_building_conformal/outputs/matched_forecasting005/bdg2_h1_f0_s44_v1,a94b3835135749e2f18b89fb6017d8d0b8b9d419cb0a1f9be11122d93d0a217f,66bc662bdf28008cfec0aac5a1d05bb2bbebdf508a16438e411f24fd29a932c9,True,xgboost,103684,34534,34426,16.844217799356453,32.08826979576585,1,,xgboost.sklearn.XGBRegressor,8.857479199999943,3.2167939000064507,0.25657320002210326,0.27314569998998195,126035.29911421864,12.60399200001848,11.3125,measured,0.8906059373729158,82.70619604492185,157.5321988313489,31082,41.35309802246093,-0.009394062627084199,0.9444024864927671,120.97784570312501,209.93491184915376,32809,60.488922851562506,-0.00559751350723281,438.46875,578.03125,139.5625,0.004930000024614856,5240.890625
bdg2,1,0,44,kWh per hour,60,smart_building_conformal/outputs/matched_forecasting005/bdg2_h1_f0_s44_v1,a94b3835135749e2f18b89fb6017d8d0b8b9d419cb0a1f9be11122d93d0a217f,66bc662bdf28008cfec0aac5a1d05bb2bbebdf508a16438e411f24fd29a932c9,True,attention_lstm,103684,34534,34426,17.922062260293846,32.17254358068514,0,22.0,src.attention_lstm.AttentionLSTM,661.070360600017,231.87420190000557,0.9993025000148918,0.9257152999925893,37188.53950050906,894.8695803000301,881.609375,measured,0.8891535467379307,83.47317382812503,157.1677407684264,31082,41.736586914062514,-0.010846453262069344,0.9448091558705629,121.933837890625,208.552333226749,32809,60.9669189453125,-0.005190844129437044,531.49609375,655.3359375,123.83984375,0.003327799990074709,5271.125
bdg2,3,0,44,kWh per hour,180,smart_building_conformal/outputs/matched_forecasting005/bdg2_h3_f0_s44_v1,a94b3835135749e2f18b89fb6017d8d0b8b9d419cb0a1f9be11122d93d0a217f,00aef7426ec16c932c691135fa33412197f05f1715b136471aa9f2fc55174583,True,persistence,103644,34532,34422,35.96071829062809,70.00202988160564,0,,src.pilot_forecasters.Persistence,0.0,0.0002785000251606107,0.00913260001107119,0.00850729999365285,4046172.114029323,0.01791840002988465,0.03125,measured,0.9063389692638429,225.47200000000066,368.6008462030098,31080,112.73600000000033,0.00633896926384292,0.9515716692812736,334.0,471.38619371332277,32807,167.0,0.0015716692812736133,438.1015625,439.58203125,1.48046875,0.0005166000046301633,5223.4609375
bdg2,3,0,44,kWh per hour,180,smart_building_conformal/outputs/matched_forecasting005/bdg2_h3_f0_s44_v1,a94b3835135749e2f18b89fb6017d8d0b8b9d419cb0a1f9be11122d93d0a217f,00aef7426ec16c932c691135fa33412197f05f1715b136471aa9f2fc55174583,True,xgboost,103644,34532,34422,24.107607285850158,47.121624633654186,1,,xgboost.sklearn.XGBRegressor,8.780037599994102,3.2110535000101663,0.25471949999337085,0.25006459999713115,137652.4306135091,12.49587519999477,11.234375,measured,0.8967230259717622,125.19124169921866,230.66217044545425,31080,62.59562084960936,-0.003276974028237789,0.9456452268897798,179.16061035156255,308.73588851851207,32807,89.58030517578129,-0.004354773110220145,439.96875,575.546875,135.578125,0.005055599991464987,5239.0234375
bdg2,3,0,44,kWh per hour,180,smart_building_conformal/outputs/matched_forecasting005/bdg2_h3_f0_s44_v1,a94b3835135749e2f18b89fb6017d8d0b8b9d419cb0a1f9be11122d93d0a217f,00aef7426ec16c932c691135fa33412197f05f1715b136471aa9f2fc55174583,True,attention_lstm,103644,34532,34422,26.399373127295583,48.20180755011979,0,18.0,src.attention_lstm.AttentionLSTM,670.0341700999998,190.96099719998892,0.8734411000041291,0.9133911999815609,37685.93347592455,862.7819995999744,848.390625,measured,0.8980593806286677,127.81171923828128,236.13973651939762,31080,63.90585961914064,-0.001940619371332275,0.9444831793620359,182.7981376953125,315.70652406025636,32807,91.39906884765622,-0.005516820637964104,543.99609375,663.1953125,119.19921875,0.003249000001233071,5108.5625
bdg2,6,0,44,kWh per hour,360,smart_building_conformal/outputs/matched_forecasting005/bdg2_h6_f0_s44_v1,a94b3835135749e2f18b89fb6017d8d0b8b9d419cb0a1f9be11122d93d0a217f,a11bbded2343c28109f27463c66ff27e3a0c0e6b460377afd1af9eb41c611732,True,persistence,103594,34524,34416,60.834211363900515,106.62687117557456,0,,src.pilot_forecasters.Persistence,0.0,0.00031380000291392207,0.010638999985530972,0.008767999999690801,3925182.4818902444,0.019720799988135695,0.015625,measured,0.9060030218503022,382.2940000000002,542.8734193979544,31073,191.14700000000016,0.006003021850302215,0.9560088331008834,506.0,661.2996587633658,32799,253.0,0.006008833100883404,434.5625,436.453125,1.890625,0.0005856000061612576,5332.13671875
bdg2,6,0,44,kWh per hour,360,smart_building_conformal/outputs/matched_forecasting005/bdg2_h6_f0_s44_v1,a94b3835135749e2f18b89fb6017d8d0b8b9d419cb0a1f9be11122d93d0a217f,a11bbded2343c28109f27463c66ff27e3a0c0e6b460377afd1af9eb41c611732,True,xgboost,103594,34524,34416,29.06172215698047,57.15909070310002,1,,xgboost.sklearn.XGBRegressor,7.809308800002327,3.2524878999975044,0.27653239999199286,0.24974759999895468,137803.12603662277,11.58807669999078,11.3125,measured,0.9044049279404928,157.24313476562497,282.36780875543747,31073,78.62156738281249,0.004404927940492742,0.9490353324035332,221.93632128906256,380.3933865105323,32799,110.96816064453128,-0.0009646675964667395,435.78125,578.30078125,142.51953125,0.004790500010130927,5310.87890625
bdg2,6,0,44,kWh per hour,360,smart_building_conformal/outputs/matched_forecasting005/bdg2_h6_f0_s44_v1,a94b3835135749e2f18b89fb6017d8d0b8b9d419cb0a1f9be11122d93d0a217f,a11bbded2343c28109f27463c66ff27e3a0c0e6b460377afd1af9eb41c611732,True,attention_lstm,103594,34524,34416,33.50876683117429,59.596650481164914,0,13.0,src.attention_lstm.AttentionLSTM,514.4281655999948,135.80162929999642,0.9160222000209615,0.8610953000024892,39967.70160039256,652.0069124000147,641.609375,measured,0.9070490469549047,170.2897773437499,293.519592417697,31073,85.14488867187498,0.007049046954904714,0.9547884704788471,249.19132812499993,392.7992935971765,32799,124.59566406249996,0.004788470478847118,543.5234375,669.2734375,125.75,0.0036878999962937087,5175.82421875
bdg2,1,1,45,kWh per hour,60,smart_building_conformal/outputs/matched_forecasting005/bdg2_h1_f1_s45_v1,a94b3835135749e2f18b89fb6017d8d0b8b9d419cb0a1f9be11122d93d0a217f,f9d483a7c9461c72addef0357070ca45aaabc7225fa289a6966e156f7b4d304d,True,persistence,77682,26002,34532,18.105949944978573,38.39896815958996,0,,src.pilot_forecasters.Persistence,0.0,0.000298700004350394,0.007012699992628768,0.008719500008737668,3960318.821652164,0.01603090000571683,0.015625,measured,0.9199872581952971,118.33199999999995,187.70410077609176,23403,59.166,0.01998725819529712,0.9598633151859145,170.0,249.7789415035329,24703,85.0,0.009863315185914545,435.6015625,437.51171875,1.91015625,0.00048740001511760056,5292.39453125
bdg2,1,1,45,kWh per hour,60,smart_building_conformal/outputs/matched_forecasting005/bdg2_h1_f1_s45_v1,a94b3835135749e2f18b89fb6017d8d0b8b9d419cb0a1f9be11122d93d0a217f,f9d483a7c9461c72addef0357070ca45aaabc7225fa289a6966e156f7b4d304d,True,xgboost,77682,26002,34532,16.519991003240364,32.90063822615152,1,,xgboost.sklearn.XGBRegressor,7.179491100017913,2.522859699995024,0.19812369998544455,0.2601423999876715,132742.6824755846,10.160616899986053,8.890625,measured,0.9145140739024673,91.36468505859375,154.46035736874055,23403,45.682342529296875,0.014514073902467284,0.9601239430093826,135.70599365234375,209.43235646088763,24703,67.85299682617188,0.010123943009382685,436.8359375,569.38671875,132.55078125,0.004435600014403462,5235.921875
bdg2,1,1,45,kWh per hour,60,smart_building_conformal/outputs/matched_forecasting005/bdg2_h1_f1_s45_v1,a94b3835135749e2f18b89fb6017d8d0b8b9d419cb0a1f9be11122d93d0a217f,f9d483a7c9461c72addef0357070ca45aaabc7225fa289a6966e156f7b4d304d,True,attention_lstm,77682,26002,34532,16.861515587387697,34.114291399689584,0,21.0,src.attention_lstm.AttentionLSTM,504.5925549000094,165.212276700011,0.6705898999935016,0.8976163000043016,38470.78088915555,671.3730378000182,660.78125,measured,0.9150642881964555,92.851318359375,156.5588443423514,23403,46.4256591796875,0.015064288196455444,0.9616877099501911,137.56671020507815,213.15657463825443,24703,68.78335510253908,0.011687709950191194,540.53515625,647.6796875,107.14453125,0.003906800004187971,5114.875
bdg2,3,1,45,kWh per hour,180,smart_building_conformal/outputs/matched_forecasting005/bdg2_h3_f1_s45_v1,a94b3835135749e2f18b89fb6017d8d0b8b9d419cb0a1f9be11122d93d0a217f,776e4cf8e7c739b553eabcac630f140cbc854ea43c07db303775bbdc5162ead4,True,persistence,77642,25992,34536,37.25500358176974,72.47955835894919,0,,src.pilot_forecasters.Persistence,0.0,0.0002921000123023987,0.006865799980005249,0.008128699992084876,4248649.849745789,0.015286599984392524,0.015625,measured,0.9165508454945565,255.31800000000007,378.8612918114432,23394,127.65900000000002,0.016550845494556432,0.9572619874913134,356.6119999999993,478.5305016214961,24694,178.3059999999997,0.00726198749131346,436.984375,437.26171875,0.27734375,0.0004893000004813075,5307.0625
bdg2,3,1,45,kWh per hour,180,smart_building_conformal/outputs/matched_forecasting005/bdg2_h3_f1_s45_v1,a94b3835135749e2f18b89fb6017d8d0b8b9d419cb0a1f9be11122d93d0a217f,776e4cf8e7c739b553eabcac630f140cbc854ea43c07db303775bbdc5162ead4,True,xgboost,77642,25992,34536,26.494020003946705,48.63748400828382,0,,xgboost.sklearn.XGBRegressor,6.505303600017214,2.0813360000029206,0.1572194999898784,0.20791570001165383,166105.78228611033,8.951774800021667,8.34375,measured,0.9064164929349084,138.28936767578125,230.85671580938714,23394,69.14468383789062,0.006416492934908424,0.9595205003474635,206.44904101562497,305.7188664075732,24694,103.22452050781249,0.009520500347463545,436.92578125,559.3984375,122.47265625,0.0037512999842874706,5293.6171875
bdg2,3,1,45,kWh per hour,180,smart_building_conformal/outputs/matched_forecasting005/bdg2_h3_f1_s45_v1,a94b3835135749e2f18b89fb6017d8d0b8b9d419cb0a1f9be11122d93d0a217f,776e4cf8e7c739b553eabcac630f140cbc854ea43c07db303775bbdc5162ead4,True,attention_lstm,77642,25992,34536,27.030513989695393,52.13222443934839,0,25.0,src.attention_lstm.AttentionLSTM,505.37630050000735,196.62324849999277,0.6662443999957759,0.9626953999977559,35874.27549781634,703.6284887999936,693.171875,measured,0.9103254574936298,143.31468701171883,243.67767310602412,23394,71.65734350585939,0.010325457493629786,0.964153347231874,218.788818359375,331.0658500051915,24694,109.3944091796875,0.014153347231874003,543.20703125,650.40625,107.19921875,0.003315400012070313,5169.28125
bdg2,6,1,45,kWh per hour,360,smart_building_conformal/outputs/matched_forecasting005/bdg2_h6_f1_s45_v1,a94b3835135749e2f18b89fb6017d8d0b8b9d419cb0a1f9be11122d93d0a217f,c0d3688dee4c0dabce6e75c3ddc5934120ec0e6f3975774d7a141c176233fbc0,True,persistence,77592,25982,34542,63.72720272711482,111.46662011507132,0,,src.pilot_forecasters.Persistence,0.0,0.00021559998276643455,0.007462299981852993,0.008345299982465804,4139096.2664704355,0.01602319994708523,0.015625,measured,0.9152046783625731,416.0,568.8483909443576,23385,208.0,0.01520467836257311,0.9529268716345318,519.5599999999997,691.4535814949911,24684,259.78,0.002926871634531869,433.5390625,433.6796875,0.140625,0.0005837999924551696,5252.83203125
bdg2,6,1,45,kWh per hour,360,smart_building_conformal/outputs/matched_forecasting005/bdg2_h6_f1_s45_v1,a94b3835135749e2f18b89fb6017d8d0b8b9d419cb0a1f9be11122d93d0a217f,c0d3688dee4c0dabce6e75c3ddc5934120ec0e6f3975774d7a141c176233fbc0,True,xgboost,77592,25982,34542,30.761338259377617,56.67533358752092,1,,xgboost.sklearn.XGBRegressor,7.143570300017018,2.492928400024539,0.19768359998124652,0.2582865000003949,133735.21264157124,10.092468800023198,8.890625,measured,0.9008742979561114,158.730712890625,273.4134257238053,23385,79.3653564453125,0.0008742979561113806,0.9561693011406404,236.6205791015626,361.3456958793908,24684,118.31028955078125,0.006169301140640404,435.6953125,561.72265625,126.02734375,0.004690999980084598,5320.02734375
bdg2,6,1,45,kWh per hour,360,smart_building_conformal/outputs/matched_forecasting005/bdg2_h6_f1_s45_v1,a94b3835135749e2f18b89fb6017d8d0b8b9d419cb0a1f9be11122d93d0a217f,c0d3688dee4c0dabce6e75c3ddc5934120ec0e6f3975774d7a141c176233fbc0,True,attention_lstm,77592,25982,34542,34.85218724291728,64.10556902968587,0,12.0,src.attention_lstm.AttentionLSTM,355.65460180002265,93.68421380000655,0.6466597999969963,0.8685790000017732,39768.4033345608,450.85405440002796,443.9375,measured,0.906085345376643,178.3101806640625,307.2895387354666,23385,89.15509033203125,0.006085345376642959,0.95839847142609,266.23883056640625,411.32012722017976,24684,133.11941528320312,0.00839847142609007,542.25,657.6328125,115.3828125,0.003736099984962493,5173.20703125
bdg2,1,0,45,kWh per hour,60,smart_building_conformal/outputs/matched_forecasting005/bdg2_h1_f0_s45_v1,a94b3835135749e2f18b89fb6017d8d0b8b9d419cb0a1f9be11122d93d0a217f,82f781b32fd6315cf99ab97bfc074bf27755e7597f62a7b010229ddf817c7190,True,persistence,103684,34534,34426,18.920858339627028,37.87831670828571,0,,src.pilot_forecasters.Persistence,0.0,0.0003155000158585608,0.010233099979814142,0.009146500000497326,3763844.093164395,0.01969509999617003,0.03125,measured,0.8909545111253122,104.0,191.0187430430489,31082,52.0,-0.009045488874687813,0.9455643990007553,152.32400000000007,251.8041827688374,32809,76.162,-0.004435600999244671,436.6328125,438.1171875,1.484375,0.0006605999951716512,5264.80859375
bdg2,1,0,45,kWh per hour,60,smart_building_conformal/outputs/matched_forecasting005/bdg2_h1_f0_s45_v1,a94b3835135749e2f18b89fb6017d8d0b8b9d419cb0a1f9be11122d93d0a217f,82f781b32fd6315cf99ab97bfc074bf27755e7597f62a7b010229ddf817c7190,True,xgboost,103684,34534,34426,16.90652167992199,32.24384906422373,1,,xgboost.sklearn.XGBRegressor,8.72354579999228,3.2779087999952026,0.2612284999922849,0.25637540000025183,134279.65397602963,12.51905849998002,11.28125,measured,0.8897054551792251,82.70532165527348,159.00704117839308,31082,41.352660827636726,-0.010294544820774965,0.9422239005402893,121.1849365234375,211.6990399287148,32809,60.59246826171875,-0.007776099459710695,439.62109375,574.76171875,135.140625,0.0044716999982483685,5266.48046875
bdg2,1,0,45,kWh per hour,60,smart_building_conformal/outputs/matched_forecasting005/bdg2_h1_f0_s45_v1,a94b3835135749e2f18b89fb6017d8d0b8b9d419cb0a1f9be11122d93d0a217f,82f781b32fd6315cf99ab97bfc074bf27755e7597f62a7b010229ddf817c7190,True,attention_lstm,103684,34534,34426,16.964656297366517,32.05485488930996,0,23.0,src.attention_lstm.AttentionLSTM,695.2772542999883,241.0365935000009,0.961051199992653,0.8621789999888279,39929.06345485809,938.1370779999706,922.171875,measured,0.8959507349096613,86.6948154296875,158.411180204049,31082,43.34740771484377,-0.004049265090338761,0.9459129727531517,125.5927065429687,210.0694515366746,32809,62.79635327148435,-0.004087027246848285,543.01953125,668.94921875,125.9296875,0.0032068999717012048,5196.25
bdg2,3,0,45,kWh per hour,180,smart_building_conformal/outputs/matched_forecasting005/bdg2_h3_f0_s45_v1,a94b3835135749e2f18b89fb6017d8d0b8b9d419cb0a1f9be11122d93d0a217f,a01df018f0e3df3c16a5d0d46c92429a88d394456a5f36fdc1cf6767927748fc,True,persistence,103644,34532,34422,35.96071829062809,70.00202988160564,0,,src.pilot_forecasters.Persistence,0.0,0.0002795000036712736,0.009474999998928979,0.008798099996056408,3912435.6412667567,0.01855259999865666,0.03125,measured,0.9063389692638429,225.47200000000066,368.6008462030098,31080,112.73600000000033,0.00633896926384292,0.9515716692812736,334.0,471.38619371332277,32807,167.0,0.0015716692812736133,436.625,439.1328125,2.5078125,0.0007777000137139112,5231.53125
bdg2,3,0,45,kWh per hour,180,smart_building_conformal/outputs/matched_forecasting005/bdg2_h3_f0_s45_v1,a94b3835135749e2f18b89fb6017d8d0b8b9d419cb0a1f9be11122d93d0a217f,a01df018f0e3df3c16a5d0d46c92429a88d394456a5f36fdc1cf6767927748fc,True,xgboost,103644,34532,34422,24.24139916466718,47.7207251318288,1,,xgboost.sklearn.XGBRegressor,7.760185399994953,3.2656578999885824,0.2592798999976367,0.257771300006425,133536.97637844874,11.542894499987597,11.265625,measured,0.8980884318168613,125.7048457031244,233.98141195308304,31080,62.85242285156221,-0.0019115681831387565,0.9445412817384231,180.3750955078126,314.4250345014945,32807,90.1875477539063,-0.005458718261576845,437.60546875,575.5078125,137.90234375,0.004832299979170784,5214.31640625
bdg2,3,0,45,kWh per hour,180,smart_building_conformal/outputs/matched_forecasting005/bdg2_h3_f0_s45_v1,a94b3835135749e2f18b89fb6017d8d0b8b9d419cb0a1f9be11122d93d0a217f,a01df018f0e3df3c16a5d0d46c92429a88d394456a5f36fdc1cf6767927748fc,True,attention_lstm,103644,34532,34422,26.584426324485232,49.250256429975046,0,22.0,src.attention_lstm.AttentionLSTM,624.9079917999916,231.5410348000005,0.8540170000051148,0.8826590999960899,38998.0684503819,858.1857026999933,843.9375,measured,0.8963744117134391,130.30754150390618,241.16050987143203,31080,65.15377075195312,-0.003625588286560899,0.9460809947126837,188.70847705078126,322.28904148728117,32807,94.3542385253906,-0.003919005287316257,542.9921875,661.10546875,118.11328125,0.003302800003439188,5208.8203125
bdg2,6,0,45,kWh per hour,360,smart_building_conformal/outputs/matched_forecasting005/bdg2_h6_f0_s45_v1,a94b3835135749e2f18b89fb6017d8d0b8b9d419cb0a1f9be11122d93d0a217f,7f7805c629899db19ecf43df4c987ee240fc9a5fb5f32ad3b1fb5a327d85c72e,True,persistence,103594,34524,34416,60.834211363900515,106.62687117557456,0,,src.pilot_forecasters.Persistence,0.0,0.00029170000925660133,0.009749099990585819,0.008328399999300018,4132366.3612329597,0.018369199999142438,0.015625,measured,0.9060030218503022,382.2940000000002,542.8734193979544,31073,191.14700000000016,0.006003021850302215,0.9560088331008834,506.0,661.2996587633658,32799,253.0,0.006008833100883404,434.55078125,436.3046875,1.75390625,0.0005692999984603375,5238.203125
bdg2,6,0,45,kWh per hour,360,smart_building_conformal/outputs/matched_forecasting005/bdg2_h6_f0_s45_v1,a94b3835135749e2f18b89fb6017d8d0b8b9d419cb0a1f9be11122d93d0a217f,7f7805c629899db19ecf43df4c987ee240fc9a5fb5f32ad3b1fb5a327d85c72e,True,xgboost,103594,34524,34416,28.905297503304695,56.9880012153806,1,,xgboost.sklearn.XGBRegressor,8.313548100006301,3.2538290999946184,0.25912120001157746,0.25131659998442046,136942.80442331906,12.077814999996917,11.1875,measured,0.9045211529521153,155.78265820312436,281.49204321225926,31073,77.89132910156218,0.004521152952115304,0.950139470013947,223.306884765625,379.68790783879376,32799,111.6534423828125,0.00013947001394709613,437.75390625,574.3515625,136.59765625,0.004854600003454834,5182.33984375
bdg2,6,0,45,kWh per hour,360,smart_building_conformal/outputs/matched_forecasting005/bdg2_h6_f0_s45_v1,a94b3835135749e2f18b89fb6017d8d0b8b9d419cb0a1f9be11122d93d0a217f,7f7805c629899db19ecf43df4c987ee240fc9a5fb5f32ad3b1fb5a327d85c72e,True,attention_lstm,103594,34524,34416,33.42037030620282,62.22332024125087,0,13.0,src.attention_lstm.AttentionLSTM,444.91096489998745,137.07592830000794,0.8931033999833744,0.9341562000045087,36841.80440041386,583.8141527999833,574.5,measured,0.9102742910274291,171.15288671874993,307.71312048200804,31073,85.57644335937499,0.01027429102742905,0.9525801952580195,248.7970117187498,419.5697150834071,32799,124.39850585937495,0.0025801952580195575,542.5703125,659.37109375,116.80078125,0.0031973000150173903,5067.34765625
bdg2,1,1,46,kWh per hour,60,smart_building_conformal/outputs/matched_forecasting005/bdg2_h1_f1_s46_v1,a94b3835135749e2f18b89fb6017d8d0b8b9d419cb0a1f9be11122d93d0a217f,b4c8f84edfa9f84a127a158bf6f9ea63e695153635fc2894c0b9f7043dead668,True,persistence,77682,26002,34532,18.105949944978573,38.39896815958996,0,,src.pilot_forecasters.Persistence,0.0,0.00027809999301098287,0.0069377000036183745,0.00876369999605231,3940344.833295898,0.015979499992681667,0.015625,measured,0.9199872581952971,118.33199999999995,187.70410077609176,23403,59.166,0.01998725819529712,0.9598633151859145,170.0,249.7789415035329,24703,85.0,0.009863315185914545,434.17578125,434.51171875,0.3359375,0.00047130000893957913,5287.08984375
bdg2,1,1,46,kWh per hour,60,smart_building_conformal/outputs/matched_forecasting005/bdg2_h1_f1_s46_v1,a94b3835135749e2f18b89fb6017d8d0b8b9d419cb0a1f9be11122d93d0a217f,b4c8f84edfa9f84a127a158bf6f9ea63e695153635fc2894c0b9f7043dead668,True,xgboost,77682,26002,34532,16.43514961586868,32.75222067520501,1,,xgboost.sklearn.XGBRegressor,7.10244389998843,2.5438005000178237,0.19362099998397753,0.25695660000201315,134388.45314628797,10.096821999992244,8.828125,measured,0.9140217769025831,90.464111328125,153.41460721095785,23403,45.2320556640625,0.014021776902583105,0.9601818603034866,135.88992285156246,207.98584542435003,24703,67.94496142578126,0.010181860303486667,436.85546875,559.38671875,122.53125,0.004517800000030547,5226.69921875
bdg2,1,1,46,kWh per hour,60,smart_building_conformal/outputs/matched_forecasting005/bdg2_h1_f1_s46_v1,a94b3835135749e2f18b89fb6017d8d0b8b9d419cb0a1f9be11122d93d0a217f,b4c8f84edfa9f84a127a158bf6f9ea63e695153635fc2894c0b9f7043dead668,True,attention_lstm,77682,26002,34532,19.009898014724254,34.31574170875888,0,20.0,src.attention_lstm.AttentionLSTM,511.3770990999765,158.25783960000263,0.682671799993841,0.9038451000233181,38205.66156646655,671.2214555999963,660.171875,measured,0.9157592957257037,97.24873632812502,159.0612498431878,23403,48.6243681640625,0.01575929572570367,0.9607031159504228,141.0548095703125,213.45381881403134,24703,70.52740478515625,0.010703115950422837,542.08203125,665.078125,122.99609375,0.003731900011189282,5111.671875
bdg2,3,1,46,kWh per hour,180,smart_building_conformal/outputs/matched_forecasting005/bdg2_h3_f1_s46_v1,a94b3835135749e2f18b89fb6017d8d0b8b9d419cb0a1f9be11122d93d0a217f,d06ea67024449995488f201755c086a541264e7ca380e9acc0ba5ccb25e1345f,True,persistence,77642,25992,34536,37.25500358176974,72.47955835894919,0,,src.pilot_forecasters.Persistence,0.0,0.0002733999863266945,0.007285300001967698,0.008872100006556138,3892652.2440548725,0.01643079999485053,0.015625,measured,0.9165508454945565,255.31800000000007,378.8612918114432,23394,127.65900000000002,0.016550845494556432,0.9572619874913134,356.6119999999993,478.5305016214961,24694,178.3059999999997,0.00726198749131346,434.265625,435.0234375,0.7578125,0.00048129999777302146,5233.046875
bdg2,3,1,46,kWh per hour,180,smart_building_conformal/outputs/matched_forecasting005/bdg2_h3_f1_s46_v1,a94b3835135749e2f18b89fb6017d8d0b8b9d419cb0a1f9be11122d93d0a217f,d06ea67024449995488f201755c086a541264e7ca380e9acc0ba5ccb25e1345f,True,xgboost,77642,25992,34536,24.984816537448218,47.048362140529186,1,,xgboost.sklearn.XGBRegressor,6.136891000001924,2.501269999978831,0.20060929999453947,0.25817950000055134,133767.3982633255,9.096949799975846,8.78125,measured,0.9055478341440816,131.71074340820314,222.83349035176465,23394,65.85537170410157,0.005547834144081554,0.9587676627287468,197.28933691406246,296.35709295169346,24694,98.64466845703123,0.00876766272874685,436.3125,569.828125,133.515625,0.004822799994144589,5235.70703125
bdg2,3,1,46,kWh per hour,180,smart_building_conformal/outputs/matched_forecasting005/bdg2_h3_f1_s46_v1,a94b3835135749e2f18b89fb6017d8d0b8b9d419cb0a1f9be11122d93d0a217f,d06ea67024449995488f201755c086a541264e7ca380e9acc0ba5ccb25e1345f,True,attention_lstm,77642,25992,34536,27.611684472274515,51.96448027857879,0,13.0,src.attention_lstm.AttentionLSTM,391.01136060000863,103.57269410000299,0.655223500012653,0.9737736000097357,35466.14942082504,496.213051800034,488.234375,measured,0.9117732221450081,143.34181328124993,242.8371969069724,23394,71.67090664062499,0.011773222145008089,0.9609972202918694,213.1566289062501,328.5598108329499,24694,106.57831445312502,0.010997220291869447,542.19921875,659.93359375,117.734375,0.0035555000067688525,5181.6484375
bdg2,6,1,46,kWh per hour,360,smart_building_conformal/outputs/matched_forecasting005/bdg2_h6_f1_s46_v1,a94b3835135749e2f18b89fb6017d8d0b8b9d419cb0a1f9be11122d93d0a217f,0c8610996943f9845703a12913ae3f70162f1a02ab2acd5dbd27dc6202197adb,True,persistence,77592,25982,34542,63.72720272711482,111.46662011507132,0,,src.pilot_forecasters.Persistence,0.0,0.00028180002118460834,0.007660699979169294,0.009004599996842444,3836039.3590067863,0.016947099997196347,0.015625,measured,0.9152046783625731,416.0,568.8483909443576,23385,208.0,0.01520467836257311,0.9529268716345318,519.5599999999997,691.4535814949911,24684,259.78,0.002926871634531869,433.453125,434.15234375,0.69921875,0.0007121000089682639,5224.7734375
bdg2,6,1,46,kWh per hour,360,smart_building_conformal/outputs/matched_forecasting005/bdg2_h6_f1_s46_v1,a94b3835135749e2f18b89fb6017d8d0b8b9d419cb0a1f9be11122d93d0a217f,0c8610996943f9845703a12913ae3f70162f1a02ab2acd5dbd27dc6202197adb,True,xgboost,77592,25982,34542,32.51561457937339,58.78587296003224,0,,xgboost.sklearn.XGBRegressor,7.122251099994173,2.0528308000066318,0.1602726000128314,0.2117566000088118,163121.2439119376,9.547111100022448,8.40625,measured,0.9005847953216374,163.47927856445312,282.585680038135,23385,81.73963928222656,0.0005847953216373547,0.9557929477158242,245.68951220703136,372.9385602210325,24684,122.84475610351564,0.0057929477158242815,434.859375,560.2265625,125.3671875,0.0033622000191826373,5189.3359375
bdg2,6,1,46,kWh per hour,360,smart_building_conformal/outputs/matched_forecasting005/bdg2_h6_f1_s46_v1,a94b3835135749e2f18b89fb6017d8d0b8b9d419cb0a1f9be11122d93d0a217f,0c8610996943f9845703a12913ae3f70162f1a02ab2acd5dbd27dc6202197adb,True,attention_lstm,77592,25982,34542,35.85122183032995,66.49796830504002,0,12.0,src.attention_lstm.AttentionLSTM,366.5465875999944,94.67729180000606,0.6861892000015359,0.8803687999898102,39235.82934833652,462.7904373999918,454.890625,measured,0.9033350703491402,184.5077416992188,320.99943936925695,23385,92.25387084960937,0.0033350703491401568,0.9552718429737711,273.3343505859375,426.21673128060115,24684,136.66717529296875,0.005271842973771146,536.8359375,653.32421875,116.48828125,0.003258400014601648,5108.88671875
bdg2,1,0,46,kWh per hour,60,smart_building_conformal/outputs/matched_forecasting005/bdg2_h1_f0_s46_v1,a94b3835135749e2f18b89fb6017d8d0b8b9d419cb0a1f9be11122d93d0a217f,9fb4b1a6d38adf5accdf782307fb105436a5c66bf2f7c65471cb745055a5d0a1,True,persistence,103684,34534,34426,18.920858339627028,37.87831670828571,0,,src.pilot_forecasters.Persistence,0.0,0.0002519999979995191,0.009500500018475577,0.00851640000473708,4042318.3482282674,0.018268900021212175,0.015625,measured,0.8909545111253122,104.0,191.0187430430489,31082,52.0,-0.009045488874687813,0.9455643990007553,152.32400000000007,251.8041827688374,32809,76.162,-0.004435600999244671,436.1875,437.69140625,1.50390625,0.0005672000115737319,5204.8828125
bdg2,1,0,46,kWh per hour,60,smart_building_conformal/outputs/matched_forecasting005/bdg2_h1_f0_s46_v1,a94b3835135749e2f18b89fb6017d8d0b8b9d419cb0a1f9be11122d93d0a217f,9fb4b1a6d38adf5accdf782307fb105436a5c66bf2f7c65471cb745055a5d0a1,True,xgboost,103684,34534,34426,17.268328897394884,32.54977603181361,1,,xgboost.sklearn.XGBRegressor,8.445108000014443,3.2093772999942303,0.25922190002165735,0.2545037000090815,135267.18864508285,12.168210900039412,11.15625,measured,0.8938011967698832,85.7247314453125,159.6568240421938,31082,42.86236572265625,-0.0061988032301167895,0.9424853308545866,120.643798828125,212.8738941212297,32809,60.3218994140625,-0.007514669145413322,436.7109375,578.22265625,141.51171875,0.00505380000686273,5190.50390625
bdg2,1,0,46,kWh per hour,60,smart_building_conformal/outputs/matched_forecasting005/bdg2_h1_f0_s46_v1,a94b3835135749e2f18b89fb6017d8d0b8b9d419cb0a1f9be11122d93d0a217f,9fb4b1a6d38adf5accdf782307fb105436a5c66bf2f7c65471cb745055a5d0a1,True,attention_lstm,103684,34534,34426,17.253005345978313,31.63941678668987,1,28.0,src.attention_lstm.AttentionLSTM,601.4417801999953,294.8024302999838,0.8807390999863856,0.8891437000129372,38718.15095748763,898.0140932999784,883.359375,measured,0.8940626270841806,83.54851953124998,155.68914221057375,31082,41.774259765625004,-0.005937372915819417,0.9467263115087434,123.0557861328125,206.73365448608286,32809,61.52789306640625,-0.0032736884912565323,544.26171875,667.5,123.23828125,0.003161300002830103,5142.671875
bdg2,3,0,46,kWh per hour,180,smart_building_conformal/outputs/matched_forecasting005/bdg2_h3_f0_s46_v1,a94b3835135749e2f18b89fb6017d8d0b8b9d419cb0a1f9be11122d93d0a217f,b26600fcaebd0b9dfcc5750144af7396366970ce39f8810113aef70eeda0d16a,True,persistence,103644,34532,34422,35.96071829062809,70.00202988160564,0,,src.pilot_forecasters.Persistence,0.0,0.00028249999741092324,0.009139100002357736,0.00860080000711605,4002185.839866088,0.01802240000688471,0.015625,measured,0.9063389692638429,225.47200000000066,368.6008462030098,31080,112.73600000000033,0.00633896926384292,0.9515716692812736,334.0,471.38619371332277,32807,167.0,0.0015716692812736133,438.59765625,440.55859375,1.9609375,0.0005805999971926212,5176.30078125
bdg2,3,0,46,kWh per hour,180,smart_building_conformal/outputs/matched_forecasting005/bdg2_h3_f0_s46_v1,a94b3835135749e2f18b89fb6017d8d0b8b9d419cb0a1f9be11122d93d0a217f,b26600fcaebd0b9dfcc5750144af7396366970ce39f8810113aef70eeda0d16a,True,xgboost,103644,34532,34422,24.225645703279966,47.5462876952358,1,,xgboost.sklearn.XGBRegressor,7.662506499997107,3.277301299996907,0.2526398000190966,0.25350749999051914,135782.96500611358,11.44595510000363,11.265625,measured,0.8961129510196967,124.49166015624996,233.32574711543728,31080,62.24583007812498,-0.0038870489803033426,0.9441636162919064,179.20506835937505,313.2392200821771,32807,89.6025341796875,-0.005836383708093584,440.18359375,578.2578125,138.07421875,0.00455450001754798,5159.32421875
bdg2,3,0,46,kWh per hour,180,smart_building_conformal/outputs/matched_forecasting005/bdg2_h3_f0_s46_v1,a94b3835135749e2f18b89fb6017d8d0b8b9d419cb0a1f9be11122d93d0a217f,b26600fcaebd0b9dfcc5750144af7396366970ce39f8810113aef70eeda0d16a,True,attention_lstm,103644,34532,34422,25.60644249001252,47.660677061750235,0,16.0,src.attention_lstm.AttentionLSTM,577.3801076000091,168.80953979998594,0.9559706999862101,1.013462700007949,33964.742856081444,748.1590807999892,735.625,measured,0.8971878449828598,127.70885620117186,237.2695635924268,31080,63.85442810058595,-0.002812155017140272,0.9437859508453896,183.32306347656248,316.59355375145003,32807,91.66153173828127,-0.006214049154610324,542.98828125,662.1015625,119.11328125,0.003926799981854856,5059.7890625
bdg2,6,0,46,kWh per hour,360,smart_building_conformal/outputs/matched_forecasting005/bdg2_h6_f0_s46_v1,a94b3835135749e2f18b89fb6017d8d0b8b9d419cb0a1f9be11122d93d0a217f,72a129edf79b45a6bae14d94d6e79308ac3c097daf78ee9f39bb77dea6468ab3,True,persistence,103594,34524,34416,60.834211363900515,106.62687117557456,0,,src.pilot_forecasters.Persistence,0.0,0.0002749999985098839,0.009426300006452948,0.008533099986379966,4033235.2902149046,0.018234399991342798,0.015625,measured,0.9060030218503022,382.2940000000002,542.8734193979544,31073,191.14700000000016,0.006003021850302215,0.9560088331008834,506.0,661.2996587633658,32799,253.0,0.006008833100883404,433.41796875,435.27734375,1.859375,0.000592199998209253,4991.2734375
bdg2,6,0,46,kWh per hour,360,smart_building_conformal/outputs/matched_forecasting005/bdg2_h6_f0_s46_v1,a94b3835135749e2f18b89fb6017d8d0b8b9d419cb0a1f9be11122d93d0a217f,72a129edf79b45a6bae14d94d6e79308ac3c097daf78ee9f39bb77dea6468ab3,True,xgboost,103594,34524,34416,29.117937686721366,57.71374473196576,1,,xgboost.sklearn.XGBRegressor,8.806154599995352,3.2921118999947794,0.2530620000034105,0.2517103000136558,136728.61221067578,12.603038800007198,11.21875,measured,0.9037075778707578,157.25223828124996,284.2556890500706,31073,78.62611914062501,0.0037075778707578166,0.9499360762436077,224.0975076171876,384.330397452263,32799,112.0487538085938,-6.392375639230341e-05,436.234375,577.44140625,141.20703125,0.004551800026092678,5225.91796875
bdg2,6,0,46,kWh per hour,360,smart_building_conformal/outputs/matched_forecasting005/bdg2_h6_f0_s46_v1,a94b3835135749e2f18b89fb6017d8d0b8b9d419cb0a1f9be11122d93d0a217f,72a129edf79b45a6bae14d94d6e79308ac3c097daf78ee9f39bb77dea6468ab3,True,attention_lstm,103594,34524,34416,33.3305177015935,61.34899232704754,0,11.0,src.attention_lstm.AttentionLSTM,419.49597180000274,115.84419780000462,0.895906300022034,0.8869916999829002,38800.81403316794,537.1230676000123,528.25,measured,0.9100708972570897,172.8612011718751,305.38998561379236,31073,86.43060058593755,0.01007089725708965,0.9527835890283589,252.25574316406255,412.98322808928674,32799,126.12787158203128,0.002783589028358957,543.19921875,671.58984375,128.390625,0.0032648000051267445,5116.78125
pleia,1,1,42,degrees C,10,smart_building_conformal/outputs/matched_forecasting005/pleia_h1_f1_s42_v1,a94b3835135749e2f18b89fb6017d8d0b8b9d419cb0a1f9be11122d93d0a217f,070314c42733d41fe1041b378179b17dfc49591072a8ba6daf548e6687c9b5e0,True,persistence,22289,7430,9907,0.21849197537094983,0.32399420033265647,0,,src.pilot_forecasters.Persistence,0.0,0.0002586999908089638,0.004306099988752976,0.0029842999938409775,3319706.4706786,0.007549099973402917,0.0,measured,0.9172302412435651,1.0,1.510951852225699,6688,0.5,0.017230241243565092,0.9606338952255981,1.3999999999999984,1.8796608458665585,7060,0.6999999999999993,0.0106338952255981,371.54296875,371.6328125,0.08984375,0.0003533000126481056,5250.66796875
pleia,1,1,42,degrees C,10,smart_building_conformal/outputs/matched_forecasting005/pleia_h1_f1_s42_v1,a94b3835135749e2f18b89fb6017d8d0b8b9d419cb0a1f9be11122d93d0a217f,070314c42733d41fe1041b378179b17dfc49591072a8ba6daf548e6687c9b5e0,True,xgboost,22289,7430,9907,1.1946724670354711,1.5486733933872094,0,,xgboost.sklearn.XGBRegressor,3.619382400007453,0.7136249000031967,0.05335799997556023,0.06971599999815226,142105.11217313923,4.456081299984362,3.234375,measured,0.8234581608963359,4.275682067871095,6.81130299936381,6688,2.1378410339355476,-0.07654183910366408,0.8731200161501969,4.90695495605469,8.047181514833548,7060,2.453477478027345,-0.0768799838498031,375.734375,487.10546875,111.37109375,0.0032076000061351806,5250.42578125
pleia,1,1,42,degrees C,10,smart_building_conformal/outputs/matched_forecasting005/pleia_h1_f1_s42_v1,a94b3835135749e2f18b89fb6017d8d0b8b9d419cb0a1f9be11122d93d0a217f,070314c42733d41fe1041b378179b17dfc49591072a8ba6daf548e6687c9b5e0,True,attention_lstm,22289,7430,9907,1.4689482222896202,1.9104366229356846,0,20.0,src.attention_lstm.AttentionLSTM,124.93737890000921,45.165726700011874,0.1884286999993492,0.2629261999973096,37679.774781293665,170.55446050001774,167.515625,measured,0.9269203593418794,7.789263916015627,8.501918687451749,6688,3.894631958007814,0.02692035934187942,0.9628545472897951,8.639421844482424,9.143074413841331,7060,4.31971092224121,0.012854547289795182,481.26953125,598.1484375,116.87890625,0.003218199999537319,5123.2734375
pleia,3,1,42,degrees C,30,smart_building_conformal/outputs/matched_forecasting005/pleia_h3_f1_s42_v1,a94b3835135749e2f18b89fb6017d8d0b8b9d419cb0a1f9be11122d93d0a217f,c142ceff9c3ec1cd16d4991c382f3bcf1e0e9cd35a875fc17560b2454c2b4adb,True,persistence,22285,7429,9907,0.36611486827495704,0.5387600956812745,0,,src.pilot_forecasters.Persistence,0.0,0.00045780002255924046,0.0026427999837324023,0.0034313999931328,2887159.7656428,0.006531999999424443,0.0,measured,0.9154133441001312,1.7999999999999974,2.549571010396689,6687,0.8999999999999986,0.015413344100131177,0.9623498536388412,2.3999999999999986,3.154214191985464,7059,1.1999999999999993,0.012349853638841224,371.37109375,371.4453125,0.07421875,0.000367600005120039,5166.47265625
pleia,3,1,42,degrees C,30,smart_building_conformal/outputs/matched_forecasting005/pleia_h3_f1_s42_v1,a94b3835135749e2f18b89fb6017d8d0b8b9d419cb0a1f9be11122d93d0a217f,c142ceff9c3ec1cd16d4991c382f3bcf1e0e9cd35a875fc17560b2454c2b4adb,True,xgboost,22285,7429,9907,1.5441035556687326,1.8831396958917581,0,,xgboost.sklearn.XGBRegressor,2.6447755999979563,0.7338159000209998,0.052885000011883676,0.06994599997415207,141637.8349535505,3.501422500004992,3.390625,measured,0.8071060866054305,4.981998443603516,7.721654118978497,6687,2.490999221801758,-0.09289391339456954,0.8716059351973352,5.666357421875,8.958707068880235,7059,2.8331787109374993,-0.07839406480266475,375.9765625,488.41015625,112.43359375,0.003189099981682375,5160.38671875
pleia,3,1,42,degrees C,30,smart_building_conformal/outputs/matched_forecasting005/pleia_h3_f1_s42_v1,a94b3835135749e2f18b89fb6017d8d0b8b9d419cb0a1f9be11122d93d0a217f,c142ceff9c3ec1cd16d4991c382f3bcf1e0e9cd35a875fc17560b2454c2b4adb,True,attention_lstm,22285,7429,9907,1.4780025308134819,1.8258489713817285,0,17.0,src.attention_lstm.AttentionLSTM,138.9166383999982,38.36625759999151,0.19405469999765046,0.267259100015508,37068.896809968806,177.74420980000286,174.734375,measured,0.9364085999798123,6.638525390625003,7.293483619462765,6687,3.3192626953124993,0.03640859997981227,0.9690118098314323,7.556049346923828,8.033211660418823,7059,3.778024673461914,0.019011809831432358,483.3984375,599.98828125,116.58984375,0.003211400005966425,5105.20703125
pleia,6,1,42,degrees C,60,smart_building_conformal/outputs/matched_forecasting005/pleia_h6_f1_s42_v1,a94b3835135749e2f18b89fb6017d8d0b8b9d419cb0a1f9be11122d93d0a217f,4eab396c855866544fbd05d0a7e98ac6e2edbe77d1a5c77a913314fb3ddefd7b,True,persistence,22280,7428,9907,0.5223276471181992,0.7472522932077557,0,,src.pilot_forecasters.Persistence,0.0,0.00027459999546408653,0.0026889999862760305,0.0027101000014226884,3655584.6628534896,0.0056736999831628054,0.0,measured,0.9111739174321187,2.5999999999999943,3.509256081558494,6687,1.2999999999999972,0.011173917432118707,0.9638639345917028,3.399999999999999,4.2761481780559185,7058,1.6999999999999993,0.013863934591702876,371.26953125,371.37109375,0.1015625,0.00039889998151920736,5217.80859375
pleia,6,1,42,degrees C,60,smart_building_conformal/outputs/matched_forecasting005/pleia_h6_f1_s42_v1,a94b3835135749e2f18b89fb6017d8d0b8b9d419cb0a1f9be11122d93d0a217f,4eab396c855866544fbd05d0a7e98ac6e2edbe77d1a5c77a913314fb3ddefd7b,True,xgboost,22280,7428,9907,1.7666467741903389,2.086584345387226,0,,xgboost.sklearn.XGBRegressor,2.5601622000103816,0.6982217000040691,0.053511699981754646,0.06950159999541938,142543.4810227813,3.381397199991625,3.328125,measured,0.773796305642475,5.340205383300784,8.262739334422184,6687,2.670102691650392,-0.126203694357525,0.8524275764610881,5.986653900146484,9.427041182783205,7058,2.993326950073243,-0.09757242353891182,375.16796875,487.37109375,112.203125,0.003577199997380376,5193.2890625
pleia,6,1,42,degrees C,60,smart_building_conformal/outputs/matched_forecasting005/pleia_h6_f1_s42_v1,a94b3835135749e2f18b89fb6017d8d0b8b9d419cb0a1f9be11122d93d0a217f,4eab396c855866544fbd05d0a7e98ac6e2edbe77d1a5c77a913314fb3ddefd7b,True,attention_lstm,22280,7428,9907,1.8894688414603222,2.2314162412215506,0,9.0,src.attention_lstm.AttentionLSTM,84.98384760000044,20.34392340001068,0.20885009999619797,0.26843570001074113,36906.41743852842,105.80505680001806,104.078125,measured,0.9419602301403048,7.854557800292967,8.373095215958857,6687,3.927278900146483,0.04196023014030481,0.9879882911072979,9.175948333740237,9.357597503785328,7058,4.587974166870119,0.037988291107297956,480.4765625,596.98046875,116.50390625,0.003173800010699779,5046.37109375
pleia,1,1,43,degrees C,10,smart_building_conformal/outputs/matched_forecasting005/pleia_h1_f1_s43_v1,a94b3835135749e2f18b89fb6017d8d0b8b9d419cb0a1f9be11122d93d0a217f,71f1f81054fc50bcc6b284f1a66ee091abbe146eb905dc8bd253e423ad03d1af,True,persistence,22289,7430,9907,0.21849197537094983,0.32399420033265647,0,,src.pilot_forecasters.Persistence,0.0,0.0003208000271115452,0.002460100018652156,0.0032828999974299222,3017758.691326533,0.006063800043193623,0.0,measured,0.9172302412435651,1.0,1.510951852225699,6688,0.5,0.017230241243565092,0.9606338952255981,1.3999999999999984,1.8796608458665585,7060,0.6999999999999993,0.0106338952255981,372.828125,372.91796875,0.08984375,0.0003598000039346516,5192.13671875
pleia,1,1,43,degrees C,10,smart_building_conformal/outputs/matched_forecasting005/pleia_h1_f1_s43_v1,a94b3835135749e2f18b89fb6017d8d0b8b9d419cb0a1f9be11122d93d0a217f,71f1f81054fc50bcc6b284f1a66ee091abbe146eb905dc8bd253e423ad03d1af,True,xgboost,22289,7430,9907,1.1609282434197237,1.5118653763815213,0,,xgboost.sklearn.XGBRegressor,3.0660995000216644,0.7231857000151649,0.0540292999939993,0.07018339997739531,141158.73558691726,3.913497900008224,3.328125,measured,0.8250731805793883,4.208994293212889,6.699875474835282,6688,2.1044971466064446,-0.07492681942061175,0.8736247098011507,4.818869018554686,7.936360491437557,7060,2.409434509277343,-0.07637529019884925,372.97265625,484.875,111.90234375,0.003064300020923838,5175.2578125
pleia,1,1,43,degrees C,10,smart_building_conformal/outputs/matched_forecasting005/pleia_h1_f1_s43_v1,a94b3835135749e2f18b89fb6017d8d0b8b9d419cb0a1f9be11122d93d0a217f,71f1f81054fc50bcc6b284f1a66ee091abbe146eb905dc8bd253e423ad03d1af,True,attention_lstm,22289,7430,9907,1.2735810902954483,1.6309847077223179,0,23.0,src.attention_lstm.AttentionLSTM,148.03417030000128,51.900787599995965,0.1967436999839265,0.26106190000427887,37948.85427493488,200.39276349998545,197.484375,measured,0.9093570202886848,5.711352539062503,6.696007151327906,6688,2.8556762695312514,0.009357020288684792,0.9386292520440093,6.275508117675784,7.391787377031439,7060,3.137754058837892,-0.01137074795599069,479.96484375,598.859375,118.89453125,0.0037865999911446124,5018.53515625
pleia,3,1,43,degrees C,30,smart_building_conformal/outputs/matched_forecasting005/pleia_h3_f1_s43_v1,a94b3835135749e2f18b89fb6017d8d0b8b9d419cb0a1f9be11122d93d0a217f,18365638b4cd953a61df0b84be3c4ca087476c0ac52377d1c699439a7840c313,True,persistence,22285,7429,9907,0.36611486827495704,0.5387600956812745,0,,src.pilot_forecasters.Persistence,0.0,0.00030189999961294234,0.002570000011473894,0.0027083000168204308,3658014.229764289,0.005580200027907267,0.0,measured,0.9154133441001312,1.7999999999999974,2.549571010396689,6687,0.8999999999999986,0.015413344100131177,0.9623498536388412,2.3999999999999986,3.154214191985464,7059,1.1999999999999993,0.012349853638841224,370.52734375,370.640625,0.11328125,0.0005635000125039369,5322.8671875
pleia,3,1,43,degrees C,30,smart_building_conformal/outputs/matched_forecasting005/pleia_h3_f1_s43_v1,a94b3835135749e2f18b89fb6017d8d0b8b9d419cb0a1f9be11122d93d0a217f,18365638b4cd953a61df0b84be3c4ca087476c0ac52377d1c699439a7840c313,True,xgboost,22285,7429,9907,1.5616482888026615,1.9043127726413398,0,,xgboost.sklearn.XGBRegressor,2.5675706999900285,0.7024777000187896,0.05407420001574792,0.06987710000248626,141777.49219196997,3.3939997000270523,3.34375,measured,0.7913596446956698,4.952691650390625,7.867985402364547,6687,2.476345825195313,-0.10864035530433025,0.8718078126577168,5.695018768310547,9.090178990924802,7059,2.8475093841552734,-0.07819218734228317,375.7109375,489.66015625,113.94921875,0.0029915999912191182,5311.00390625
pleia,3,1,43,degrees C,30,smart_building_conformal/outputs/matched_forecasting005/pleia_h3_f1_s43_v1,a94b3835135749e2f18b89fb6017d8d0b8b9d419cb0a1f9be11122d93d0a217f,18365638b4cd953a61df0b84be3c4ca087476c0ac52377d1c699439a7840c313,True,attention_lstm,22285,7429,9907,1.3243210963215228,1.6283214531303758,0,24.0,src.attention_lstm.AttentionLSTM,145.20997570001055,54.92272289999528,0.20975469998666085,0.26363709999714047,37578.170902757825,200.60609039998963,197.4375,measured,0.9167255475926113,5.603774261474612,6.423826769852574,6687,2.801887130737306,0.016725547592611245,0.9483193701423236,6.233757019042969,7.032519662321256,7059,3.1168785095214844,-0.0016806298576763634,483.13671875,600.61328125,117.4765625,0.0033742999949026853,5145.90234375
pleia,6,1,43,degrees C,60,smart_building_conformal/outputs/matched_forecasting005/pleia_h6_f1_s43_v1,a94b3835135749e2f18b89fb6017d8d0b8b9d419cb0a1f9be11122d93d0a217f,f335303cd67ebd77e5b9a6ffee0a7cfc2a3a6d3a2c9957e4e48d4752f5763d14,True,persistence,22280,7428,9907,0.5223276471181992,0.7472522932077557,0,,src.pilot_forecasters.Persistence,0.0,0.0003406000032555312,0.003415799990762025,0.0035644999879878014,2779351.952135258,0.007320899982005358,0.015625,measured,0.9111739174321187,2.5999999999999943,3.509256081558494,6687,1.2999999999999972,0.011173917432118707,0.9638639345917028,3.399999999999999,4.2761481780559185,7058,1.6999999999999993,0.013863934591702876,371.23828125,371.33984375,0.1015625,0.0004568000149447471,5194.453125
pleia,6,1,43,degrees C,60,smart_building_conformal/outputs/matched_forecasting005/pleia_h6_f1_s43_v1,a94b3835135749e2f18b89fb6017d8d0b8b9d419cb0a1f9be11122d93d0a217f,f335303cd67ebd77e5b9a6ffee0a7cfc2a3a6d3a2c9957e4e48d4752f5763d14,True,xgboost,22280,7428,9907,1.8147937163197696,2.1336819541338468,0,,xgboost.sklearn.XGBRegressor,3.62061429998721,0.7038904000073671,0.05323549997410737,0.0675104999972973,146747.54298067137,4.445250699965982,3.234375,measured,0.7646108811951146,5.392584991455081,8.481728234122132,6687,2.6962924957275405,-0.13538911880488547,0.8424346421722014,6.0293220520019535,9.705840954405634,7058,3.014661026000976,-0.10756535782779852,374.984375,488.265625,113.28125,0.003188100003171712,5182.66015625
pleia,6,1,43,degrees C,60,smart_building_conformal/outputs/matched_forecasting005/pleia_h6_f1_s43_v1,a94b3835135749e2f18b89fb6017d8d0b8b9d419cb0a1f9be11122d93d0a217f,f335303cd67ebd77e5b9a6ffee0a7cfc2a3a6d3a2c9957e4e48d4752f5763d14,True,attention_lstm,22280,7428,9907,2.0098853794635816,2.3712892004650374,1,16.0,src.attention_lstm.AttentionLSTM,104.35823339998024,36.36855970000033,0.18706349999411032,0.25307259999681264,39146.86931783518,141.1669291999715,138.9375,measured,0.8908852326637731,7.3086090087890625,8.304677223766971,6687,3.6543045043945312,-0.009114767336226959,0.9579085495104471,8.20431365966797,8.94621639311392,7058,4.102156829833984,0.007908549510447171,481.22265625,598.96484375,117.7421875,0.0033899000263772905,5070.890625
pleia,1,0,43,degrees C,10,smart_building_conformal/outputs/matched_forecasting005/pleia_h1_f0_s43_v1,a94b3835135749e2f18b89fb6017d8d0b8b9d419cb0a1f9be11122d93d0a217f,e024beedb3e47acec3ed1e18d27b32ccb908bae668b3ce2e23bd25efc91aa74c,True,persistence,29719,9907,9907,0.20377510850913494,0.3274649132433441,0,,src.pilot_forecasters.Persistence,0.0,0.00023700000019744039,0.0030440999835263938,0.002650000009452924,3738490.5527020125,0.005931099993176758,0.0,measured,0.9204602806096699,1.0,1.5598061976380337,8918,0.5,0.020460280609669868,0.9596245079236904,1.3999999999999984,1.9842333703442006,9413,0.6999999999999993,0.009624507923690406,372.60546875,372.734375,0.12890625,0.0003567000094335526,5130.8359375
pleia,1,0,43,degrees C,10,smart_building_conformal/outputs/matched_forecasting005/pleia_h1_f0_s43_v1,a94b3835135749e2f18b89fb6017d8d0b8b9d419cb0a1f9be11122d93d0a217f,e024beedb3e47acec3ed1e18d27b32ccb908bae668b3ce2e23bd25efc91aa74c,True,xgboost,29719,9907,9907,0.2787307058873229,0.3747019363001409,0,,xgboost.sklearn.XGBRegressor,3.5413689000124577,0.9350905000173952,0.07348259998252615,0.07504319999134168,132017.29138873407,4.624985200003721,4.078125,measured,0.8711012415463814,1.0029777526855455,1.6450022240682343,8918,0.5014888763427727,-0.028898758453618667,0.9331785606137075,1.2720451354980469,2.0500040209304187,9413,0.6360225677490234,-0.016821439386292436,376.44140625,490.82421875,114.3828125,0.0037090000114403665,5181.0234375
pleia,1,0,43,degrees C,10,smart_building_conformal/outputs/matched_forecasting005/pleia_h1_f0_s43_v1,a94b3835135749e2f18b89fb6017d8d0b8b9d419cb0a1f9be11122d93d0a217f,e024beedb3e47acec3ed1e18d27b32ccb908bae668b3ce2e23bd25efc91aa74c,True,attention_lstm,29719,9907,9907,0.33085154593742927,0.4561268663488022,0,14.0,src.attention_lstm.AttentionLSTM,121.1396464999998,42.39007490000222,0.26647080000839196,0.25326379999751225,39117.315621487614,164.04945600000792,161.53125,measured,0.897648127586555,1.3791976928710954,2.0573341362698,8918,0.6895988464355476,-0.002351872413445033,0.9396386393459171,1.6674453735351589,2.565302320276076,9413,0.8337226867675795,-0.010361360654082885,485.68359375,601.77734375,116.09375,0.0032706999918445945,5032.1640625
pleia,3,0,43,degrees C,30,smart_building_conformal/outputs/matched_forecasting005/pleia_h3_f0_s43_v1,a94b3835135749e2f18b89fb6017d8d0b8b9d419cb0a1f9be11122d93d0a217f,abf2d1f07c8927e4b2599a16b2c6b800e1e7cc64daf774a4db3122a3c294c4c1,True,persistence,29715,9906,9907,0.3773493489451903,0.6099061114818022,0,,src.pilot_forecasters.Persistence,0.0,0.0003541999903973192,0.00316169997677207,0.0027187000086996704,3644021.0278067524,0.0062345999758690596,0.0,measured,0.892702129807207,1.6000000000000016,2.9449076410618753,8917,0.8000000000000007,-0.007297870192793043,0.9417583526799232,2.200000000000003,3.825517310992226,9412,1.1000000000000014,-0.008241647320076706,372.59765625,372.69921875,0.1015625,0.00042779999785125256,5218.98046875
pleia,3,0,43,degrees C,30,smart_building_conformal/outputs/matched_forecasting005/pleia_h3_f0_s43_v1,a94b3835135749e2f18b89fb6017d8d0b8b9d419cb0a1f9be11122d93d0a217f,abf2d1f07c8927e4b2599a16b2c6b800e1e7cc64daf774a4db3122a3c294c4c1,True,xgboost,29715,9906,9907,0.597302503115091,0.7581425557084331,0,,xgboost.sklearn.XGBRegressor,3.559522899973672,0.8742073000175878,0.06902190000982955,0.07371920000878163,134388.32758385674,4.576471300009871,3.953125,measured,0.728676693247199,1.5976501464843766,3.603725083646563,8917,0.7988250732421882,-0.17132330675280105,0.8632280205915009,2.060556793212889,4.240785311006497,9412,1.0302783966064446,-0.08677197940849901,375.2421875,489.58984375,114.34765625,0.0037551999848801643,5154.73046875
pleia,3,0,43,degrees C,30,smart_building_conformal/outputs/matched_forecasting005/pleia_h3_f0_s43_v1,a94b3835135749e2f18b89fb6017d8d0b8b9d419cb0a1f9be11122d93d0a217f,abf2d1f07c8927e4b2599a16b2c6b800e1e7cc64daf774a4db3122a3c294c4c1,True,attention_lstm,29715,9906,9907,0.744215290296375,0.9866718984100488,1,20.0,src.attention_lstm.AttentionLSTM,143.7748773000203,60.724233800021466,0.2558755000063684,0.2596334000118077,38157.64843640859,205.01462000005995,201.09375,measured,0.8136671040678308,2.340405273437497,4.658690600877963,8917,1.1702026367187486,-0.0863328959321692,0.8914908650449177,3.0038192749023405,5.742328681302768,9412,1.5019096374511705,-0.058509134955082254,483.3046875,605.453125,122.1484375,0.0031051000114530325,5055.2578125
pleia,6,0,43,degrees C,60,smart_building_conformal/outputs/matched_forecasting005/pleia_h6_f0_s43_v1,a94b3835135749e2f18b89fb6017d8d0b8b9d419cb0a1f9be11122d93d0a217f,3e05e91101aab0b4be6f8b674c084befef8ba8731f5d4235a0c5cd8d2b64b4e0,True,persistence,29710,9904,9907,0.5481174926819421,0.8776005350395164,0,,src.pilot_forecasters.Persistence,0.0,0.0004098000063095242,0.003109999990556389,0.0026914000045508146,3680983.8683393495,0.006211200001416728,0.015625,measured,0.8939133945694964,2.3999999999999986,4.21992530533966,8915,1.1999999999999993,-0.0060866054305036554,0.9402442717270617,3.1999999999999957,5.547431109316643,9410,1.5999999999999979,-0.009755728272938247,370.4453125,370.515625,0.0703125,0.00035940000088885427,5209.625
pleia,6,0,43,degrees C,60,smart_building_conformal/outputs/matched_forecasting005/pleia_h6_f0_s43_v1,a94b3835135749e2f18b89fb6017d8d0b8b9d419cb0a1f9be11122d93d0a217f,3e05e91101aab0b4be6f8b674c084befef8ba8731f5d4235a0c5cd8d2b64b4e0,True,xgboost,29710,9904,9907,0.8149790476510897,1.0294460112285142,0,,xgboost.sklearn.XGBRegressor,4.243365100002848,0.8955844999873079,0.07110469997860491,0.0716660000034608,138238.49523514058,5.281720299972221,4.078125,measured,0.73533864943979,2.2217414855957003,4.800994294469702,8915,1.1108707427978501,-0.16466135056021003,0.8547491672554759,2.7618865966796875,5.745094532657126,9410,1.3809432983398438,-0.09525083274452406,377.62890625,490.18359375,112.5546875,0.0032327999942936003,5225.2890625
pleia,6,0,43,degrees C,60,smart_building_conformal/outputs/matched_forecasting005/pleia_h6_f0_s43_v1,a94b3835135749e2f18b89fb6017d8d0b8b9d419cb0a1f9be11122d93d0a217f,3e05e91101aab0b4be6f8b674c084befef8ba8731f5d4235a0c5cd8d2b64b4e0,True,attention_lstm,29710,9904,9907,1.048116553312259,1.36342956809844,0,12.0,src.attention_lstm.AttentionLSTM,108.3610989000008,35.765761799993925,0.25388269999530166,0.28938830000697635,34234.27968498094,144.670131699997,141.921875,measured,0.7888361764409004,3.1184814453124967,6.508907762232713,8915,1.5592407226562486,-0.1111638235590996,0.8607045523367316,3.7682678222656283,8.320543789788973,9410,1.884133911132814,-0.08929544766326836,483.26953125,608.37890625,125.109375,0.003347399993799627,5145.4453125
pleia,1,1,44,degrees C,10,smart_building_conformal/outputs/matched_forecasting005/pleia_h1_f1_s44_v1,a94b3835135749e2f18b89fb6017d8d0b8b9d419cb0a1f9be11122d93d0a217f,b702b6c063bb2e57e709c411183b181930718030a31f6b5d81bea8f19cbf7b28,True,persistence,22289,7430,9907,0.21849197537094983,0.32399420033265647,0,,src.pilot_forecasters.Persistence,0.0,0.00039250002009794116,0.0025674999924376607,0.0027319999935571104,3626281.121289798,0.005692000006092712,0.015625,measured,0.9172302412435651,1.0,1.510951852225699,6688,0.5,0.017230241243565092,0.9606338952255981,1.3999999999999984,1.8796608458665585,7060,0.6999999999999993,0.0106338952255981,371.046875,371.12890625,0.08203125,0.00036200002068653703,5176.32421875
pleia,1,1,44,degrees C,10,smart_building_conformal/outputs/matched_forecasting005/pleia_h1_f1_s44_v1,a94b3835135749e2f18b89fb6017d8d0b8b9d419cb0a1f9be11122d93d0a217f,b702b6c063bb2e57e709c411183b181930718030a31f6b5d81bea8f19cbf7b28,True,xgboost,22289,7430,9907,1.234230669021029,1.5884728483626434,0,,xgboost.sklearn.XGBRegressor,2.5847019999928307,0.7339242000016384,0.05467859999043867,0.07012180000310764,141282.73945564637,3.4434265999880154,3.265625,measured,0.8225497123246189,4.406133270263673,6.922917315990492,6688,2.2030666351318366,-0.07745028767538109,0.8741294034521045,5.05309982299805,8.092810260129278,7060,2.526549911499025,-0.07587059654789541,375.98046875,488.96484375,112.984375,0.0035586000012699515,5171.46484375
pleia,1,1,44,degrees C,10,smart_building_conformal/outputs/matched_forecasting005/pleia_h1_f1_s44_v1,a94b3835135749e2f18b89fb6017d8d0b8b9d419cb0a1f9be11122d93d0a217f,b702b6c063bb2e57e709c411183b181930718030a31f6b5d81bea8f19cbf7b28,True,attention_lstm,22289,7430,9907,1.5800854867842964,1.9780733755713034,0,24.0,src.attention_lstm.AttentionLSTM,144.98453169999993,54.050300799979595,0.2002267999923788,0.25906599999871105,38241.22038418508,199.49412529997062,196.59375,measured,0.9089532653679216,7.080043029785158,8.265792110308732,6688,3.5400215148925795,0.008953265367921626,0.9384273745836277,7.821421051025394,9.049367253811894,7060,3.9107105255126946,-0.011572625416372273,480.12890625,598.00390625,117.875,0.0033208999957423657,5057.21484375
pleia,3,1,44,degrees C,30,smart_building_conformal/outputs/matched_forecasting005/pleia_h3_f1_s44_v1,a94b3835135749e2f18b89fb6017d8d0b8b9d419cb0a1f9be11122d93d0a217f,9f50933f55f0c6130c29d5c8ea9657d0b75bfbe0fc6a7adbc6e556390d3572d3,True,persistence,22285,7429,9907,0.36611486827495704,0.5387600956812745,0,,src.pilot_forecasters.Persistence,0.0,0.00028300000121816993,0.002796199987642467,0.0027094000251963735,3656529.0868342537,0.00578860001405701,0.0,measured,0.9154133441001312,1.7999999999999974,2.549571010396689,6687,0.8999999999999986,0.015413344100131177,0.9623498536388412,2.3999999999999986,3.154214191985464,7059,1.1999999999999993,0.012349853638841224,371.6328125,371.70703125,0.07421875,0.00033209999673999846,5246.60546875
pleia,3,1,44,degrees C,30,smart_building_conformal/outputs/matched_forecasting005/pleia_h3_f1_s44_v1,a94b3835135749e2f18b89fb6017d8d0b8b9d419cb0a1f9be11122d93d0a217f,9f50933f55f0c6130c29d5c8ea9657d0b75bfbe0fc6a7adbc6e556390d3572d3,True,xgboost,22285,7429,9907,1.5891704908952207,1.9298030436229718,0,,xgboost.sklearn.XGBRegressor,2.671010100020794,0.718955200019991,0.052705999987665564,0.06868050000048243,144247.6394308488,3.511351800028933,3.34375,measured,0.8043807408902796,5.0716300964355465,7.88012637470184,6687,2.535815048217774,-0.09561925910972047,0.8706974866256183,5.761567687988281,9.16491672989096,7059,2.8807838439941413,-0.07930251337438166,375.41015625,489.30078125,113.890625,0.0031562999938614666,5258.58984375
pleia,3,1,44,degrees C,30,smart_building_conformal/outputs/matched_forecasting005/pleia_h3_f1_s44_v1,a94b3835135749e2f18b89fb6017d8d0b8b9d419cb0a1f9be11122d93d0a217f,9f50933f55f0c6130c29d5c8ea9657d0b75bfbe0fc6a7adbc6e556390d3572d3,True,attention_lstm,22285,7429,9907,1.373631900199381,1.7205117031164388,0,26.0,src.attention_lstm.AttentionLSTM,159.6825475000078,58.56999730001553,0.22439329998451285,0.2653695000044536,37332.850986393445,218.74230760001228,214.9375,measured,0.9166246088624205,6.184919738769533,7.233443635983103,6687,3.092459869384765,0.016624608862420454,0.947713737761179,6.9647918701171845,7.9867528624114374,7059,3.4823959350585945,-0.002286262238821002,483.140625,600.8203125,117.6796875,0.0032574999786447734,5063.1015625
pleia,6,1,44,degrees C,60,smart_building_conformal/outputs/matched_forecasting005/pleia_h6_f1_s44_v1,a94b3835135749e2f18b89fb6017d8d0b8b9d419cb0a1f9be11122d93d0a217f,8fddf9c9d50cf7d69e5ef493fd88bca7c8e0b7a04efb85229c6dac3caa73d797,True,persistence,22280,7428,9907,0.5223276471181992,0.7472522932077557,0,,src.pilot_forecasters.Persistence,0.0,0.00030250000418163836,0.0026362999924458563,0.003277099982369691,3023099.7080645026,0.006215899978997186,0.0,measured,0.9111739174321187,2.5999999999999943,3.509256081558494,6687,1.2999999999999972,0.011173917432118707,0.9638639345917028,3.399999999999999,4.2761481780559185,7058,1.6999999999999993,0.013863934591702876,370.87890625,370.9921875,0.11328125,0.0004917999904137105,5242.23046875
pleia,6,1,44,degrees C,60,smart_building_conformal/outputs/matched_forecasting005/pleia_h6_f1_s44_v1,a94b3835135749e2f18b89fb6017d8d0b8b9d419cb0a1f9be11122d93d0a217f,8fddf9c9d50cf7d69e5ef493fd88bca7c8e0b7a04efb85229c6dac3caa73d797,True,xgboost,22280,7428,9907,1.856129961831064,2.177094076259965,0,,xgboost.sklearn.XGBRegressor,3.031315899977926,0.6956536000070628,0.054784500011010095,0.06954289998975582,142458.82759360588,3.851296899985755,3.265625,measured,0.7629958615120622,5.48007507324219,8.578583718443582,6687,2.740037536621095,-0.1370041384879378,0.8442515393156355,6.162910461425781,9.684331303060599,7058,3.0814552307128906,-0.1057484606843645,374.234375,487.83984375,113.60546875,0.0032272999815177172,5218.99609375
pleia,6,1,44,degrees C,60,smart_building_conformal/outputs/matched_forecasting005/pleia_h6_f1_s44_v1,a94b3835135749e2f18b89fb6017d8d0b8b9d419cb0a1f9be11122d93d0a217f,8fddf9c9d50cf7d69e5ef493fd88bca7c8e0b7a04efb85229c6dac3caa73d797,True,attention_lstm,22280,7428,9907,1.7474599133806585,2.103645452335469,0,14.0,src.attention_lstm.AttentionLSTM,111.65554710000288,31.28124939999543,0.20883390001836233,0.2563527000020258,38645.97486167187,143.4019831000187,140.765625,measured,0.9282325628343595,7.205311584472654,8.043034801750766,6687,3.6026557922363267,0.028232562834359487,0.9572019783991117,8.022187805175776,8.779963874759135,7058,4.011093902587888,0.007201978399111741,483.0234375,599.1875,116.1640625,0.002951700007542968,5061.80078125
pleia,1,0,44,degrees C,10,smart_building_conformal/outputs/matched_forecasting005/pleia_h1_f0_s44_v1,a94b3835135749e2f18b89fb6017d8d0b8b9d419cb0a1f9be11122d93d0a217f,bd246eaf91d9bb8fa50a2a51b43149f1a248f229cb8a3c98512f0d65c88e0780,True,persistence,29719,9907,9907,0.20377510850913494,0.3274649132433441,0,,src.pilot_forecasters.Persistence,0.0,0.0002565000031609088,0.003091799997491762,0.0030095000111032277,3291908.942830764,0.006357800011755899,0.015625,measured,0.9204602806096699,1.0,1.5598061976380337,8918,0.5,0.020460280609669868,0.9596245079236904,1.3999999999999984,1.9842333703442006,9413,0.6999999999999993,0.009624507923690406,368.90625,369.0,0.09375,0.00033749997965060174,5221.2109375
pleia,1,0,44,degrees C,10,smart_building_conformal/outputs/matched_forecasting005/pleia_h1_f0_s44_v1,a94b3835135749e2f18b89fb6017d8d0b8b9d419cb0a1f9be11122d93d0a217f,bd246eaf91d9bb8fa50a2a51b43149f1a248f229cb8a3c98512f0d65c88e0780,True,xgboost,29719,9907,9907,0.27069284279868455,0.3766630884828888,0,,xgboost.sklearn.XGBRegressor,3.058090800011996,0.8938880999921821,0.0712022999941837,0.07612489999155514,130141.38607865528,4.099306099989917,4.046875,measured,0.8776622590087817,1.0308586120605483,1.7170833795958909,8918,0.5154293060302741,-0.022337740991218324,0.9319672958514182,1.3109634399414034,2.1624547964342313,9413,0.6554817199707017,-0.018032704148581713,375.09375,492.12890625,117.03515625,0.0031535000016447157,5206.421875
pleia,1,0,44,degrees C,10,smart_building_conformal/outputs/matched_forecasting005/pleia_h1_f0_s44_v1,a94b3835135749e2f18b89fb6017d8d0b8b9d419cb0a1f9be11122d93d0a217f,bd246eaf91d9bb8fa50a2a51b43149f1a248f229cb8a3c98512f0d65c88e0780,True,attention_lstm,29719,9907,9907,0.30694742376994233,0.43825023611929226,0,29.0,src.attention_lstm.AttentionLSTM,214.65634130002582,87.68669609999051,0.29297340000630356,0.29815810002037324,33227.33811130086,302.934168900043,297.625,measured,0.8452609266175432,1.0719032287597656,2.036765490457125,8918,0.5359516143798828,-0.05473907338245687,0.9047138386999092,1.3497451782226622,2.596946568141079,9413,0.674872589111331,-0.04528616130009078,481.37890625,600.1953125,118.81640625,0.0030848000023979694,5114.33203125
pleia,3,0,44,degrees C,30,smart_building_conformal/outputs/matched_forecasting005/pleia_h3_f0_s44_v1,a94b3835135749e2f18b89fb6017d8d0b8b9d419cb0a1f9be11122d93d0a217f,5157d4ace6e8209da439a9aeff6ac4d90f705640176a0994c4174211bc46856d,True,persistence,29715,9906,9907,0.3773493489451903,0.6099061114818022,0,,src.pilot_forecasters.Persistence,0.0,0.0002922999847214669,0.002949999994598329,0.002802500006509945,3535057.9757312997,0.006044799985829741,0.0,measured,0.892702129807207,1.6000000000000016,2.9449076410618753,8917,0.8000000000000007,-0.007297870192793043,0.9417583526799232,2.200000000000003,3.825517310992226,9412,1.1000000000000014,-0.008241647320076706,373.3828125,373.5234375,0.140625,0.00039190001552924514,5130.05078125
pleia,3,0,44,degrees C,30,smart_building_conformal/outputs/matched_forecasting005/pleia_h3_f0_s44_v1,a94b3835135749e2f18b89fb6017d8d0b8b9d419cb0a1f9be11122d93d0a217f,5157d4ace6e8209da439a9aeff6ac4d90f705640176a0994c4174211bc46856d,True,xgboost,29715,9906,9907,0.5161308997452555,0.6938016569275561,0,,xgboost.sklearn.XGBRegressor,4.211521799996262,0.9401644000026863,0.07544240000424907,0.07460590000846423,132791.10631834783,5.301734500011662,4.109375,measured,0.824770364388816,1.6274398803710997,3.1821129494410285,8917,0.8137199401855497,-0.07522963561118401,0.9097607752094479,2.1089790344238253,4.001489140988118,9412,1.0544895172119126,-0.040239224790552086,376.61328125,492.25,115.63671875,0.0039628999948035926,5069.63671875
pleia,3,0,44,degrees C,30,smart_building_conformal/outputs/matched_forecasting005/pleia_h3_f0_s44_v1,a94b3835135749e2f18b89fb6017d8d0b8b9d419cb0a1f9be11122d93d0a217f,5157d4ace6e8209da439a9aeff6ac4d90f705640176a0994c4174211bc46856d,True,attention_lstm,29715,9906,9907,0.6046275843016444,0.8355271909088106,0,23.0,src.attention_lstm.AttentionLSTM,206.65355320001254,69.98738810000941,0.25319459999445826,0.2546945000067353,38897.581218824955,277.14883040002314,272.0625,measured,0.8065004542242858,1.8986557006835911,4.068340862686563,8917,0.9493278503417955,-0.09349954577571418,0.8759463005955385,2.354402923583983,5.263880226009728,9412,1.1772014617919915,-0.07405369940446149,484.1796875,604.66796875,120.48828125,0.003125999995972961,4978.08984375
pleia,6,0,44,degrees C,60,smart_building_conformal/outputs/matched_forecasting005/pleia_h6_f0_s44_v1,a94b3835135749e2f18b89fb6017d8d0b8b9d419cb0a1f9be11122d93d0a217f,981973c5694d84c3a65d3f087a4f7cdb282e5ab268dd42b434723010c7a8938a,True,persistence,29710,9904,9907,0.5481174926819421,0.8776005350395164,0,,src.pilot_forecasters.Persistence,0.0,0.00040180000360123813,0.0030992999963928014,0.003282499994384125,3018126.433190989,0.006783599994378164,0.0,measured,0.8939133945694964,2.3999999999999986,4.21992530533966,8915,1.1999999999999993,-0.0060866054305036554,0.9402442717270617,3.1999999999999957,5.547431109316643,9410,1.5999999999999979,-0.009755728272938247,370.7265625,370.84765625,0.12109375,0.00042100000428035855,5197.94140625
pleia,6,0,44,degrees C,60,smart_building_conformal/outputs/matched_forecasting005/pleia_h6_f0_s44_v1,a94b3835135749e2f18b89fb6017d8d0b8b9d419cb0a1f9be11122d93d0a217f,981973c5694d84c3a65d3f087a4f7cdb282e5ab268dd42b434723010c7a8938a,True,xgboost,29710,9904,9907,0.7340511250017003,0.969444126221341,0,,xgboost.sklearn.XGBRegressor,3.118729300011182,0.8823970000084955,0.0722583000024315,0.07690470002125949,128821.77548656084,4.150289300043369,4.03125,measured,0.7902493186635712,2.1964752197265653,4.472939544736259,8915,1.0982376098632827,-0.10975068133642885,0.8836176440900374,2.7417831420898438,5.5568978011313295,9410,1.3708915710449219,-0.06638235590996255,374.84375,489.8828125,115.0390625,0.0037637999921571463,5156.48046875
pleia,6,0,44,degrees C,60,smart_building_conformal/outputs/matched_forecasting005/pleia_h6_f0_s44_v1,a94b3835135749e2f18b89fb6017d8d0b8b9d419cb0a1f9be11122d93d0a217f,981973c5694d84c3a65d3f087a4f7cdb282e5ab268dd42b434723010c7a8938a,True,attention_lstm,29710,9904,9907,1.153705439707628,1.4772686882415171,0,13.0,src.attention_lstm.AttentionLSTM,125.85464760000468,39.475937200011685,0.31172820000210777,0.27418750000651926,36132.2087978644,165.916500500025,163.40625,measured,0.7753103865953366,3.4206886291503906,7.040081004147286,8915,1.7103443145751953,-0.12468961340466345,0.8550519834460483,4.139154052734376,8.748727597195906,9410,2.069577026367188,-0.09494801655395169,483.8359375,606.2109375,122.375,0.0032868000271264464,5042.27734375
pleia,1,1,45,degrees C,10,smart_building_conformal/outputs/matched_forecasting005/pleia_h1_f1_s45_v1,a94b3835135749e2f18b89fb6017d8d0b8b9d419cb0a1f9be11122d93d0a217f,7288ab4c1b56f3c354af49e1970560e45d148cc2b3f3d2e7f20f2e3eb9b5de08,True,persistence,22289,7430,9907,0.21849197537094983,0.32399420033265647,0,,src.pilot_forecasters.Persistence,0.0,0.00028589999419637024,0.00242089998209849,0.0026562000275589526,3729764.286277992,0.005363000003853813,0.0,measured,0.9172302412435651,1.0,1.510951852225699,6688,0.5,0.017230241243565092,0.9606338952255981,1.3999999999999984,1.8796608458665585,7060,0.6999999999999993,0.0106338952255981,372.55078125,372.640625,0.08984375,0.0003648999845609069,5063.00390625
pleia,1,1,45,degrees C,10,smart_building_conformal/outputs/matched_forecasting005/pleia_h1_f1_s45_v1,a94b3835135749e2f18b89fb6017d8d0b8b9d419cb0a1f9be11122d93d0a217f,7288ab4c1b56f3c354af49e1970560e45d148cc2b3f3d2e7f20f2e3eb9b5de08,True,xgboost,22289,7430,9907,1.206892061180576,1.5608138718471676,0,,xgboost.sklearn.XGBRegressor,3.0392175000160933,0.7150051000062376,0.0524132999998983,0.06766520001110621,146412.04043398847,3.8743011000333354,3.3125,measured,0.8261835066114869,4.35146789550781,6.816869099575517,6688,2.175733947753905,-0.07381649338851315,0.8749369132936308,4.965371704101562,8.031307195738723,7060,2.482685852050782,-0.07506308670636919,376.1328125,488.26171875,112.12890625,0.003582199977245182,5085.78515625
pleia,1,1,45,degrees C,10,smart_building_conformal/outputs/matched_forecasting005/pleia_h1_f1_s45_v1,a94b3835135749e2f18b89fb6017d8d0b8b9d419cb0a1f9be11122d93d0a217f,7288ab4c1b56f3c354af49e1970560e45d148cc2b3f3d2e7f20f2e3eb9b5de08,True,attention_lstm,22289,7430,9907,1.2540722306855,1.5962787366173008,0,22.0,src.attention_lstm.AttentionLSTM,132.48260569997365,50.36345950001851,0.19851509999716654,0.26313109998591244,37650.43356916154,183.30771139997523,180.1875,measured,0.8691834056727566,4.920581817626953,6.165532356725038,6688,2.4602909088134766,-0.030816594327243374,0.9095588977490663,5.380603790283203,6.8610090515839035,7060,2.6903018951416016,-0.04044110225093367,481.68359375,587.7578125,106.07421875,0.0031592999876011163,4889.296875
pleia,3,1,45,degrees C,30,smart_building_conformal/outputs/matched_forecasting005/pleia_h3_f1_s45_v1,a94b3835135749e2f18b89fb6017d8d0b8b9d419cb0a1f9be11122d93d0a217f,e854081ada0b61621c32002845a0ba5eb9c0620a748d6db0f27bf8e6a2cf6f20,True,persistence,22285,7429,9907,0.36611486827495704,0.5387600956812745,0,,src.pilot_forecasters.Persistence,0.0,0.0004904999805148691,0.002958500001113862,0.002685699990252033,3688796.230389941,0.006134699971880764,0.015625,measured,0.9154133441001312,1.7999999999999974,2.549571010396689,6687,0.8999999999999986,0.015413344100131177,0.9623498536388412,2.3999999999999986,3.154214191985464,7059,1.1999999999999993,0.012349853638841224,371.015625,371.08984375,0.07421875,0.0003445000038482249,5141.703125
pleia,3,1,45,degrees C,30,smart_building_conformal/outputs/matched_forecasting005/pleia_h3_f1_s45_v1,a94b3835135749e2f18b89fb6017d8d0b8b9d419cb0a1f9be11122d93d0a217f,e854081ada0b61621c32002845a0ba5eb9c0620a748d6db0f27bf8e6a2cf6f20,True,xgboost,22285,7429,9907,1.5718024572955982,1.9161007326572725,0,,xgboost.sklearn.XGBRegressor,2.9080714999872725,0.7084364999900572,0.0532981000142172,0.06960799999069422,142325.59477825035,3.739414099982241,3.265625,measured,0.8151811850206925,5.14956970214844,7.794521317386209,6687,2.57478485107422,-0.08481881497930754,0.8741294034521045,5.817852020263672,9.048102106133056,7059,2.908926010131836,-0.07587059654789541,373.4609375,487.29296875,113.83203125,0.0036511000071186572,5110.76171875
pleia,3,1,45,degrees C,30,smart_building_conformal/outputs/matched_forecasting005/pleia_h3_f1_s45_v1,a94b3835135749e2f18b89fb6017d8d0b8b9d419cb0a1f9be11122d93d0a217f,e854081ada0b61621c32002845a0ba5eb9c0620a748d6db0f27bf8e6a2cf6f20,True,attention_lstm,22285,7429,9907,1.5858223699567968,1.9149734314055924,1,29.0,src.attention_lstm.AttentionLSTM,135.44357339999988,66.0860392000177,0.1943197000073269,0.2622230999986641,37780.805733935995,201.98615540002356,199.03125,measured,0.8925002523468255,5.988895416259766,6.76086324859462,6687,2.994447708129883,-0.0074997476531745155,0.9497325123649945,6.5337303161621065,7.203239441457041,7059,3.2668651580810533,-0.0002674876350055033,481.18359375,600.62109375,119.4375,0.0029647000192198902,5007.59765625
pleia,6,1,45,degrees C,60,smart_building_conformal/outputs/matched_forecasting005/pleia_h6_f1_s45_v1,a94b3835135749e2f18b89fb6017d8d0b8b9d419cb0a1f9be11122d93d0a217f,c4ea10f25e69a28240768efd813e6a648c897afbfb9ce3c3addb5eb5850a7326,True,persistence,22280,7428,9907,0.5223276471181992,0.7472522932077557,0,,src.pilot_forecasters.Persistence,0.0,0.00033090001670643687,0.0024763999972492456,0.0027157999866176397,3647912.2353699375,0.005523100000573322,0.0,measured,0.9111739174321187,2.5999999999999943,3.509256081558494,6687,1.2999999999999972,0.011173917432118707,0.9638639345917028,3.399999999999999,4.2761481780559185,7058,1.6999999999999993,0.013863934591702876,372.51171875,372.61328125,0.1015625,0.00034169998252764344,5066.25
pleia,6,1,45,degrees C,60,smart_building_conformal/outputs/matched_forecasting005/pleia_h6_f1_s45_v1,a94b3835135749e2f18b89fb6017d8d0b8b9d419cb0a1f9be11122d93d0a217f,c4ea10f25e69a28240768efd813e6a648c897afbfb9ce3c3addb5eb5850a7326,True,xgboost,22280,7428,9907,1.7450441213576793,2.069091675849199,0,,xgboost.sklearn.XGBRegressor,3.016611400002148,0.7155724000185728,0.052732700016349554,0.06810770000447519,145460.7922356655,3.8530242000415456,3.359375,measured,0.7645099424649238,5.212170410156247,8.343229657272602,6687,2.6060852050781236,-0.13549005753507626,0.8539416574139498,5.9365898132324215,9.400489542137011,7058,2.9682949066162116,-0.09605834258605017,376.4453125,489.82421875,113.37890625,0.00390110001899302,5038.859375
pleia,6,1,45,degrees C,60,smart_building_conformal/outputs/matched_forecasting005/pleia_h6_f1_s45_v1,a94b3835135749e2f18b89fb6017d8d0b8b9d419cb0a1f9be11122d93d0a217f,c4ea10f25e69a28240768efd813e6a648c897afbfb9ce3c3addb5eb5850a7326,True,attention_lstm,22280,7428,9907,1.91261104080479,2.2330589001056023,0,12.0,src.attention_lstm.AttentionLSTM,96.38021030000527,27.379757699993206,0.1868118999991566,0.29808440001215786,33235.55341908509,124.2448643000098,122.140625,measured,0.923993136166347,7.144260406494141,7.725890487573865,6687,3.5721302032470703,0.023993136166347018,0.9679014837993338,7.885270690917966,8.291138940874495,7058,3.942635345458985,0.017901483799333873,483.3828125,598.5,115.1171875,0.003061900002649054,5053.66796875
pleia,1,0,45,degrees C,10,smart_building_conformal/outputs/matched_forecasting005/pleia_h1_f0_s45_v1,a94b3835135749e2f18b89fb6017d8d0b8b9d419cb0a1f9be11122d93d0a217f,295dc3b4f4677caf8120a7897d372204b9891b20b6791bfa1f3dcffa0f542124,True,persistence,29719,9907,9907,0.20377510850913494,0.3274649132433441,0,,src.pilot_forecasters.Persistence,0.0,0.00025350000942125916,0.00304320000577718,0.0027666999958455563,3580800.236699401,0.006063400011043996,0.0,measured,0.9204602806096699,1.0,1.5598061976380337,8918,0.5,0.020460280609669868,0.9596245079236904,1.3999999999999984,1.9842333703442006,9413,0.6999999999999993,0.009624507923690406,370.34375,370.4453125,0.1015625,0.00039060000563040376,5123.23828125
pleia,1,0,45,degrees C,10,smart_building_conformal/outputs/matched_forecasting005/pleia_h1_f0_s45_v1,a94b3835135749e2f18b89fb6017d8d0b8b9d419cb0a1f9be11122d93d0a217f,295dc3b4f4677caf8120a7897d372204b9891b20b6791bfa1f3dcffa0f542124,True,xgboost,29719,9907,9907,0.260573321995418,0.36230082339165676,0,,xgboost.sklearn.XGBRegressor,3.4977621999860276,0.9663711000175681,0.07994510000571609,0.07355999998981133,134679.17348249324,4.617638399999123,4.15625,measured,0.8802866659937418,0.9966796874999987,1.6272066644044993,8918,0.4983398437499993,-0.019713334006258187,0.9361057837892399,1.2724029541015653,2.0476765914582753,9413,0.6362014770507827,-0.013894216210760035,375.27734375,490.296875,115.01953125,0.003464300010818988,5092.69140625
pleia,1,0,45,degrees C,10,smart_building_conformal/outputs/matched_forecasting005/pleia_h1_f0_s45_v1,a94b3835135749e2f18b89fb6017d8d0b8b9d419cb0a1f9be11122d93d0a217f,295dc3b4f4677caf8120a7897d372204b9891b20b6791bfa1f3dcffa0f542124,True,attention_lstm,29719,9907,9907,0.3390236798239558,0.4737736123491725,0,20.0,src.attention_lstm.AttentionLSTM,174.88334920001216,61.20795839998755,0.2664220999868121,0.2693701999960467,36778.38157355712,236.62709989998257,232.453125,measured,0.8581810840819623,1.1997650146484347,2.2073600102905275,8918,0.5998825073242173,-0.04181891591803777,0.9175330574341375,1.5461959838867188,2.805554922960041,9413,0.7730979919433594,-0.03246694256586247,484.375,599.8828125,115.5078125,0.0030688999977428466,4939.02734375
pleia,3,0,45,degrees C,30,smart_building_conformal/outputs/matched_forecasting005/pleia_h3_f0_s45_v1,a94b3835135749e2f18b89fb6017d8d0b8b9d419cb0a1f9be11122d93d0a217f,a949e734171edbc2f5fb63b001840d4eced532c555c8b3738305dcc84344b02b,True,persistence,29715,9906,9907,0.3773493489451903,0.6099061114818022,0,,src.pilot_forecasters.Persistence,0.0,0.0004560000088531524,0.003568800020730123,0.002831599995261058,3498728.639843294,0.0068564000248443335,0.0,measured,0.892702129807207,1.6000000000000016,2.9449076410618753,8917,0.8000000000000007,-0.007297870192793043,0.9417583526799232,2.200000000000003,3.825517310992226,9412,1.1000000000000014,-0.008241647320076706,373.625,373.734375,0.109375,0.0003566000086721033,5148.484375
pleia,3,0,45,degrees C,30,smart_building_conformal/outputs/matched_forecasting005/pleia_h3_f0_s45_v1,a94b3835135749e2f18b89fb6017d8d0b8b9d419cb0a1f9be11122d93d0a217f,a949e734171edbc2f5fb63b001840d4eced532c555c8b3738305dcc84344b02b,True,xgboost,29715,9906,9907,0.5533538045947674,0.7211388116953026,0,,xgboost.sklearn.XGBRegressor,3.622964599984698,0.897308499988867,0.07274539998616092,0.07776820001890883,127391.40159591167,4.670786699978635,3.953125,measured,0.7776319773897244,1.6094245910644531,3.3316646405350276,8917,0.8047122955322266,-0.12236802261027557,0.8889673967901484,2.0815963745117188,4.019868853980937,9412,1.0407981872558594,-0.0610326032098516,377.33203125,491.87890625,114.546875,0.003370799997355789,5150.10546875
pleia,3,0,45,degrees C,30,smart_building_conformal/outputs/matched_forecasting005/pleia_h3_f0_s45_v1,a94b3835135749e2f18b89fb6017d8d0b8b9d419cb0a1f9be11122d93d0a217f,a949e734171edbc2f5fb63b001840d4eced532c555c8b3738305dcc84344b02b,True,attention_lstm,29715,9906,9907,0.5664821995944733,0.7832386798431457,0,18.0,src.attention_lstm.AttentionLSTM,145.58413929998642,54.536648099980084,0.24935779999941587,0.2683003000274766,36925.042569782534,200.6384454999934,197.53125,measured,0.8606036136065408,2.07987823486328,3.621211446598633,8917,1.03993911743164,-0.039396386393459215,0.9099626526698295,2.5136680603027344,4.619077181351632,9412,1.2568340301513672,-0.0400373473301705,482.87109375,605.33984375,122.46875,0.0029189000197220594,5102.68359375
pleia,6,0,45,degrees C,60,smart_building_conformal/outputs/matched_forecasting005/pleia_h6_f0_s45_v1,a94b3835135749e2f18b89fb6017d8d0b8b9d419cb0a1f9be11122d93d0a217f,97257302a16e0437e5478b4a57629dc907c44415717566930b5006e11a8f127f,True,persistence,29710,9904,9907,0.5481174926819421,0.8776005350395164,0,,src.pilot_forecasters.Persistence,0.0,0.0003140999760944396,0.0036173000116832554,0.002615500008687377,3787803.466677088,0.006546899996465072,0.0,measured,0.8939133945694964,2.3999999999999986,4.21992530533966,8915,1.1999999999999993,-0.0060866054305036554,0.9402442717270617,3.1999999999999957,5.547431109316643,9410,1.5999999999999979,-0.009755728272938247,373.359375,373.4375,0.078125,0.00037510000402107835,5171.1875
pleia,6,0,45,degrees C,60,smart_building_conformal/outputs/matched_forecasting005/pleia_h6_f0_s45_v1,a94b3835135749e2f18b89fb6017d8d0b8b9d419cb0a1f9be11122d93d0a217f,97257302a16e0437e5478b4a57629dc907c44415717566930b5006e11a8f127f,True,xgboost,29710,9904,9907,0.7563325562943505,0.9781230533143114,0,,xgboost.sklearn.XGBRegressor,4.22398699997575,0.896433000016259,0.07338469999376684,0.07826899999054149,126576.29458913776,5.272073699976318,4.015625,measured,0.7921671545371959,2.273735809326169,4.410579140169227,8915,1.1368679046630845,-0.10783284546280414,0.8851317250428989,2.809059906005856,5.392287140416248,9410,1.4045299530029283,-0.06486827495710101,377.0390625,493.44140625,116.40234375,0.0035899000067729503,5152.5546875
pleia,6,0,45,degrees C,60,smart_building_conformal/outputs/matched_forecasting005/pleia_h6_f0_s45_v1,a94b3835135749e2f18b89fb6017d8d0b8b9d419cb0a1f9be11122d93d0a217f,97257302a16e0437e5478b4a57629dc907c44415717566930b5006e11a8f127f,True,attention_lstm,29710,9904,9907,1.0602844310863306,1.3652960127872897,0,10.0,src.attention_lstm.AttentionLSTM,105.78333659999771,30.391007300000638,0.25032419999479316,0.26628640000126325,37204.30333638144,136.6909544999944,135.03125,measured,0.7743009992934289,3.1952636718749967,6.46451946430663,8915,1.5976318359374986,-0.12569900070657114,0.849803169476128,3.7865753173828125,8.103458913192984,9410,1.8932876586914062,-0.10019683052387196,485.12109375,605.62890625,120.5078125,0.0033168999943882227,5038.9765625
pleia,1,1,46,degrees C,10,smart_building_conformal/outputs/matched_forecasting005/pleia_h1_f1_s46_v1,a94b3835135749e2f18b89fb6017d8d0b8b9d419cb0a1f9be11122d93d0a217f,bb118658f965949d94cdcfa94f21c6327ff63e4667d013585a52ca1e61e50469,True,persistence,22289,7430,9907,0.21849197537094983,0.32399420033265647,0,,src.pilot_forecasters.Persistence,0.0,0.00029200001154094934,0.0032303000043611974,0.0031460000027436763,3149078.191786379,0.006668300018645823,0.015625,measured,0.9172302412435651,1.0,1.510951852225699,6688,0.5,0.017230241243565092,0.9606338952255981,1.3999999999999984,1.8796608458665585,7060,0.6999999999999993,0.0106338952255981,367.83203125,367.953125,0.12109375,0.0005044999998062849,5162.3046875
pleia,1,1,46,degrees C,10,smart_building_conformal/outputs/matched_forecasting005/pleia_h1_f1_s46_v1,a94b3835135749e2f18b89fb6017d8d0b8b9d419cb0a1f9be11122d93d0a217f,bb118658f965949d94cdcfa94f21c6327ff63e4667d013585a52ca1e61e50469,True,xgboost,22289,7430,9907,1.1934727303060308,1.5475987486593124,0,,xgboost.sklearn.XGBRegressor,2.9865623000077903,0.7081814000266604,0.05268920000526123,0.06856820001848973,144483.8860773439,3.8160011000582017,3.375,measured,0.8253759967699607,4.308248138427736,6.794071961758391,6688,2.154124069213868,-0.07462400323003937,0.870798425355809,4.914194488525389,8.032642415020605,7060,2.4570972442626946,-0.07920157464419098,371.44140625,485.38671875,113.9453125,0.003024400008143857,5126.43359375
pleia,1,1,46,degrees C,10,smart_building_conformal/outputs/matched_forecasting005/pleia_h1_f1_s46_v1,a94b3835135749e2f18b89fb6017d8d0b8b9d419cb0a1f9be11122d93d0a217f,bb118658f965949d94cdcfa94f21c6327ff63e4667d013585a52ca1e61e50469,True,attention_lstm,22289,7430,9907,1.3513306382952153,1.9088117163012746,0,24.0,src.attention_lstm.AttentionLSTM,150.53900829999475,54.330260799993994,0.20667139999568462,0.27224399999249727,36390.15001349167,205.34818449997692,202.125,measured,0.9326738669627536,8.280416107177732,9.171391655793036,6688,4.140208053588868,0.03267386696275354,0.9692136872918139,9.579782867431643,10.135285259465153,7060,4.78989143371582,0.01921368729181394,482.640625,597.3125,114.671875,0.003277099982369691,5043.93359375
pleia,3,1,46,degrees C,30,smart_building_conformal/outputs/matched_forecasting005/pleia_h3_f1_s46_v1,a94b3835135749e2f18b89fb6017d8d0b8b9d419cb0a1f9be11122d93d0a217f,d0b240176a9e9d7aa8bce3eeb5b07ecd0b6cc410fe141df2b30a8c30595496ce,True,persistence,22285,7429,9907,0.36611486827495704,0.5387600956812745,0,,src.pilot_forecasters.Persistence,0.0,0.0004096000047866255,0.002825300005497411,0.002747199992882088,3606217.248714596,0.005982100003166124,0.0,measured,0.9154133441001312,1.7999999999999974,2.549571010396689,6687,0.8999999999999986,0.015413344100131177,0.9623498536388412,2.3999999999999986,3.154214191985464,7059,1.1999999999999993,0.012349853638841224,371.359375,371.43359375,0.07421875,0.00035940000088885427,5138.3984375
pleia,3,1,46,degrees C,30,smart_building_conformal/outputs/matched_forecasting005/pleia_h3_f1_s46_v1,a94b3835135749e2f18b89fb6017d8d0b8b9d419cb0a1f9be11122d93d0a217f,d0b240176a9e9d7aa8bce3eeb5b07ecd0b6cc410fe141df2b30a8c30595496ce,True,xgboost,22285,7429,9907,1.5098949266416195,1.8431152983098262,0,,xgboost.sklearn.XGBRegressor,3.1140941999910865,0.7029838000016753,0.053141299984417856,0.07064879999961704,140228.85031385816,3.9408680999767967,3.390625,measured,0.8158877561320279,4.985217285156253,7.548435974583151,6687,2.4926086425781264,-0.08411224386797211,0.875744423135157,5.6574485778808565,8.724343651282245,7059,2.8287242889404283,-0.07425557686484296,373.70703125,487.12109375,113.4140625,0.0030932000081520528,5112.33203125
pleia,3,1,46,degrees C,30,smart_building_conformal/outputs/matched_forecasting005/pleia_h3_f1_s46_v1,a94b3835135749e2f18b89fb6017d8d0b8b9d419cb0a1f9be11122d93d0a217f,d0b240176a9e9d7aa8bce3eeb5b07ecd0b6cc410fe141df2b30a8c30595496ce,True,attention_lstm,22285,7429,9907,1.3753951164623726,1.8162945736399208,0,21.0,src.attention_lstm.AttentionLSTM,125.94858369999565,47.90418939999654,0.20989619998726994,0.30462490001809783,32521.96389530673,174.36729419999756,171.265625,measured,0.9312607247400828,7.610864257812497,8.435869518529152,6687,3.8054321289062507,0.03126072474008279,0.9692136872918139,8.827492523193357,9.307898520710996,7059,4.413746261596678,0.01921368729181394,480.21484375,601.80859375,121.59375,0.0038907999987713993,5008.61328125
pleia,6,1,46,degrees C,60,smart_building_conformal/outputs/matched_forecasting005/pleia_h6_f1_s46_v1,a94b3835135749e2f18b89fb6017d8d0b8b9d419cb0a1f9be11122d93d0a217f,56be416e4bab8faa97c5c37dbcad4cc2955131dce4edd05f65f71ab110d4bd31,True,persistence,22280,7428,9907,0.5223276471181992,0.7472522932077557,0,,src.pilot_forecasters.Persistence,0.0,0.00028479998582042754,0.0029101000109221786,0.0030823999841231853,3214054.0004635802,0.0062772999808657914,0.0,measured,0.9111739174321187,2.5999999999999943,3.509256081558494,6687,1.2999999999999972,0.011173917432118707,0.9638639345917028,3.399999999999999,4.2761481780559185,7058,1.6999999999999993,0.013863934591702876,372.32421875,372.42578125,0.1015625,0.0004361000028438866,5201.15234375
pleia,6,1,46,degrees C,60,smart_building_conformal/outputs/matched_forecasting005/pleia_h6_f1_s46_v1,a94b3835135749e2f18b89fb6017d8d0b8b9d419cb0a1f9be11122d93d0a217f,56be416e4bab8faa97c5c37dbcad4cc2955131dce4edd05f65f71ab110d4bd31,True,xgboost,22280,7428,9907,1.8075128309828028,2.122310434495723,0,,xgboost.sklearn.XGBRegressor,3.1447005000081845,0.7138468000048306,0.0534965000115335,0.07013520001783036,141255.74600887086,3.982179000042379,3.328125,measured,0.7714747148480872,5.407633972167972,8.310668151954038,6687,2.703816986083986,-0.12852528515191286,0.854244473604522,6.066626739501956,9.431909746405108,7058,3.033313369750978,-0.09575552639547791,376.05859375,489.734375,113.67578125,0.004011300014099106,5142.78125
pleia,6,1,46,degrees C,60,smart_building_conformal/outputs/matched_forecasting005/pleia_h6_f1_s46_v1,a94b3835135749e2f18b89fb6017d8d0b8b9d419cb0a1f9be11122d93d0a217f,56be416e4bab8faa97c5c37dbcad4cc2955131dce4edd05f65f71ab110d4bd31,True,attention_lstm,22280,7428,9907,1.949239498225834,2.4091227977731053,1,20.0,src.attention_lstm.AttentionLSTM,107.82979230000637,45.34623539997847,0.19963070002268068,0.2562171000172384,38666.42780412959,153.63187550002476,151.3125,measured,0.9409508428383971,9.117969512939453,10.032263614773521,6687,4.558984756469727,0.04095084283839712,0.9717371555465832,10.56155014038086,11.18853074721928,7058,5.28077507019043,0.021737155546583287,481.82421875,599.671875,117.84765625,0.0030251999851316214,5132.33984375
pleia,1,0,46,degrees C,10,smart_building_conformal/outputs/matched_forecasting005/pleia_h1_f0_s46_v1,a94b3835135749e2f18b89fb6017d8d0b8b9d419cb0a1f9be11122d93d0a217f,44d8b40815e2e902524ac0f6b5beda40e04d865fc48b89abb1c495ab59c0560e,True,persistence,29719,9907,9907,0.20377510850913494,0.3274649132433441,0,,src.pilot_forecasters.Persistence,0.0,0.00024590000975877047,0.0031045000068843365,0.002658300014445558,3726817.870881404,0.006008700031088665,0.0,measured,0.9204602806096699,1.0,1.5598061976380337,8918,0.5,0.020460280609669868,0.9596245079236904,1.3999999999999984,1.9842333703442006,9413,0.6999999999999993,0.009624507923690406,372.46484375,372.5625,0.09765625,0.00044910001452080905,5095.859375
pleia,1,0,46,degrees C,10,smart_building_conformal/outputs/matched_forecasting005/pleia_h1_f0_s46_v1,a94b3835135749e2f18b89fb6017d8d0b8b9d419cb0a1f9be11122d93d0a217f,44d8b40815e2e902524ac0f6b5beda40e04d865fc48b89abb1c495ab59c0560e,True,xgboost,29719,9907,9907,0.2571140400201242,0.35952788657698026,0,,xgboost.sklearn.XGBRegressor,3.1362229000078514,0.9020025999925565,0.07261709999875166,0.0769793999788817,128696.76826161098,4.187821999978041,4.125,measured,0.8849298475825174,1.001155090332034,1.6210492056410255,8918,0.500577545166017,-0.015070152417482663,0.9379226809326738,1.280400085449216,2.049754233690953,9413,0.640200042724608,-0.01207731906732612,375.6640625,488.69140625,113.02734375,0.003090500016696751,5101.99609375
pleia,1,0,46,degrees C,10,smart_building_conformal/outputs/matched_forecasting005/pleia_h1_f0_s46_v1,a94b3835135749e2f18b89fb6017d8d0b8b9d419cb0a1f9be11122d93d0a217f,44d8b40815e2e902524ac0f6b5beda40e04d865fc48b89abb1c495ab59c0560e,True,attention_lstm,29719,9907,9907,0.3797206998605402,0.5211618538965407,0,22.0,src.attention_lstm.AttentionLSTM,197.89226520000375,67.28425309999147,0.2827856999938376,0.26531879999674857,37339.98495440734,265.7246227999858,261.921875,measured,0.8574745129706268,1.38201904296875,2.3883986422545593,8918,0.691009521484375,-0.0425254870293732,0.9127889371151711,1.6848793029785156,3.0132513453455756,9413,0.8424396514892578,-0.037211062884828894,484.24609375,602.30859375,118.0625,0.003305599995655939,5029.375
pleia,3,0,46,degrees C,30,smart_building_conformal/outputs/matched_forecasting005/pleia_h3_f0_s46_v1,a94b3835135749e2f18b89fb6017d8d0b8b9d419cb0a1f9be11122d93d0a217f,9edab1a1c4603373a6f120ec34cde7a6e1ba28afcbeda86d4c2d789875f7f006,True,persistence,29715,9906,9907,0.3773493489451903,0.6099061114818022,0,,src.pilot_forecasters.Persistence,0.0,0.0004802999901585281,0.0031125999812502414,0.00275580000015907,3594963.349817893,0.006348699971567839,0.0,measured,0.892702129807207,1.6000000000000016,2.9449076410618753,8917,0.8000000000000007,-0.007297870192793043,0.9417583526799232,2.200000000000003,3.825517310992226,9412,1.1000000000000014,-0.008241647320076706,370.421875,370.53125,0.109375,0.0004969000001437962,5204.84375
pleia,3,0,46,degrees C,30,smart_building_conformal/outputs/matched_forecasting005/pleia_h3_f0_s46_v1,a94b3835135749e2f18b89fb6017d8d0b8b9d419cb0a1f9be11122d93d0a217f,9edab1a1c4603373a6f120ec34cde7a6e1ba28afcbeda86d4c2d789875f7f006,True,xgboost,29715,9906,9907,0.5974080031558509,0.7609969706448748,0,,xgboost.sklearn.XGBRegressor,4.241358400002355,0.9053029999777209,0.07174359998316504,0.07560240000020713,131040.81351878853,5.294007399963448,4.125,measured,0.7451297062682951,1.6169242858886719,3.584957118182126,8917,0.8084621429443359,-0.1548702937317049,0.8728171999596245,2.096102142333983,4.254623343853822,9412,1.0480510711669915,-0.07718280004037548,377.546875,492.60546875,115.05859375,0.0034647000138647854,5231.1171875
pleia,3,0,46,degrees C,30,smart_building_conformal/outputs/matched_forecasting005/pleia_h3_f0_s46_v1,a94b3835135749e2f18b89fb6017d8d0b8b9d419cb0a1f9be11122d93d0a217f,9edab1a1c4603373a6f120ec34cde7a6e1ba28afcbeda86d4c2d789875f7f006,True,attention_lstm,29715,9906,9907,0.6346251394838454,0.8516738524893055,0,19.0,src.attention_lstm.AttentionLSTM,166.05971189998672,58.35051540000131,0.28447650000452995,0.285525699990103,34697.402021406124,224.98022949998267,221.46875,measured,0.8508125567780357,2.1875083923339815,3.87637724756557,8917,1.0937541961669908,-0.04918744322196433,0.9028969415564753,2.6277923583984375,4.946879280531599,9412,1.3138961791992188,-0.04710305844352469,482.02734375,605.7734375,123.74609375,0.0028230999887455255,5090.87109375
pleia,6,0,46,degrees C,60,smart_building_conformal/outputs/matched_forecasting005/pleia_h6_f0_s46_v1,a94b3835135749e2f18b89fb6017d8d0b8b9d419cb0a1f9be11122d93d0a217f,c1c44d2ead5845f043974610f7749b3c8f066206d2666d8f7631438284eba851,True,persistence,29710,9904,9907,0.5481174926819421,0.8776005350395164,0,,src.pilot_forecasters.Persistence,0.0,0.0002882999833673239,0.003413200000068173,0.0037856000126339495,2617022.391942274,0.007487099996069446,0.0,measured,0.8939133945694964,2.3999999999999986,4.21992530533966,8915,1.1999999999999993,-0.0060866054305036554,0.9402442717270617,3.1999999999999957,5.547431109316643,9410,1.5999999999999979,-0.009755728272938247,370.91015625,370.984375,0.07421875,0.00043089999235235155,5210.42578125
pleia,6,0,46,degrees C,60,smart_building_conformal/outputs/matched_forecasting005/pleia_h6_f0_s46_v1,a94b3835135749e2f18b89fb6017d8d0b8b9d419cb0a1f9be11122d93d0a217f,c1c44d2ead5845f043974610f7749b3c8f066206d2666d8f7631438284eba851,True,xgboost,29710,9904,9907,0.7602229544116977,0.980325755487391,0,,xgboost.sklearn.XGBRegressor,3.4287016000016592,0.9067795999872033,0.07430750000639819,0.07595779999974184,130427.68484650255,4.4857464999950025,4.203125,measured,0.7860098919955587,2.221996307373047,4.448868096265853,8915,1.1109981536865234,-0.11399010800444132,0.8809932371050773,2.7389678955078125,5.482034957576159,9410,1.3694839477539062,-0.06900676289492269,376.17578125,490.6328125,114.45703125,0.0031003999756649137,5152.20703125
pleia,6,0,46,degrees C,60,smart_building_conformal/outputs/matched_forecasting005/pleia_h6_f0_s46_v1,a94b3835135749e2f18b89fb6017d8d0b8b9d419cb0a1f9be11122d93d0a217f,c1c44d2ead5845f043974610f7749b3c8f066206d2666d8f7631438284eba851,True,attention_lstm,29710,9904,9907,1.2181589300822355,1.5389713300965895,0,9.0,src.attention_lstm.AttentionLSTM,95.67102800001157,27.046506100014085,0.2664941999828443,0.30150879998109303,32858.07910290262,123.2855370999896,121.375,measured,0.7383668113455133,3.4011863708496084,7.538811326115964,8915,1.700593185424804,-0.16163318865448673,0.8125567780357323,4.011403656005854,9.560478578480687,9410,2.005701828002927,-0.13744322196426761,484.4296875,606.16015625,121.73046875,0.003091499995207414,5192.93359375
