dataset,horizon,outer_fold,model_seed,target_units,physical_minutes,source_run,source_hash,protocol_hash,new_batch_unit,role,n,groups,zero_targets,negative_targets,adjacent_equal_targets,minimum,maximum,posthoc_cleaning_or_clipping
rico,5,2,42,degrees C,5,smart_building_conformal/outputs/matched_forecasting005/rico_h5_f2_s42_v2,cd907183301a189ddfcc195774dad58c8fa07d5b326d2ac29cf3636383dc681e,fcd243df8728f29a5ddeaa179aaa67eaffcd023ef5f5e0019e33c99af69c918c,False,calibration,4452,21,0,0,3712,18.9,35.6,False
rico,5,2,42,degrees C,5,smart_building_conformal/outputs/matched_forecasting005/rico_h5_f2_s42_v2,cd907183301a189ddfcc195774dad58c8fa07d5b326d2ac29cf3636383dc681e,fcd243df8728f29a5ddeaa179aaa67eaffcd023ef5f5e0019e33c99af69c918c,False,test,8692,41,0,0,7402,13.7,31.0,False
bdg2,1,2,42,kWh per hour,60,smart_building_conformal/outputs/matched_forecasting005/bdg2_h1_f2_s42_v2,cd907183301a189ddfcc195774dad58c8fa07d5b326d2ac29cf3636383dc681e,dddadb59c5972ba0474291c8081e54c3173f4957c52de269cdc336d78fbf546e,False,calibration,17370,10,58,0,618,0.0,1461.181,False
bdg2,1,2,42,kWh per hour,60,smart_building_conformal/outputs/matched_forecasting005/bdg2_h1_f2_s42_v2,cd907183301a189ddfcc195774dad58c8fa07d5b326d2ac29cf3636383dc681e,dddadb59c5972ba0474291c8081e54c3173f4957c52de269cdc336d78fbf546e,False,test,34640,10,74,0,2406,0.0,1309.0,False
pleia,1,0,42,degrees C,10,smart_building_conformal/outputs/model_comparison_pilot_v1/runs/pilot_v1_20260913,965ff02d8cb67183210632bfbc3a2251c430a2b027b8b44d87df356fd19e3d71,af29d2340427f043c605f777e54389bc86ccbb44c9630aba57964536d0845ce3,False,calibration,9907,1,0,0,2247,21.8,33.5,False
pleia,1,0,42,degrees C,10,smart_building_conformal/outputs/model_comparison_pilot_v1/runs/pilot_v1_20260913,965ff02d8cb67183210632bfbc3a2251c430a2b027b8b44d87df356fd19e3d71,af29d2340427f043c605f777e54389bc86ccbb44c9630aba57964536d0845ce3,False,test,9907,1,0,0,2620,15.4,29.3,False
pleia,3,0,42,degrees C,30,smart_building_conformal/outputs/model_comparison_pilot_v1/runs/pilot_v1_20260913,965ff02d8cb67183210632bfbc3a2251c430a2b027b8b44d87df356fd19e3d71,af29d2340427f043c605f777e54389bc86ccbb44c9630aba57964536d0845ce3,False,calibration,9906,1,0,0,2247,21.8,33.5,False
pleia,3,0,42,degrees C,30,smart_building_conformal/outputs/model_comparison_pilot_v1/runs/pilot_v1_20260913,965ff02d8cb67183210632bfbc3a2251c430a2b027b8b44d87df356fd19e3d71,af29d2340427f043c605f777e54389bc86ccbb44c9630aba57964536d0845ce3,False,test,9907,1,0,0,2620,15.4,29.3,False
pleia,6,0,42,degrees C,60,smart_building_conformal/outputs/model_comparison_pilot_v1/runs/pilot_v1_20260913,965ff02d8cb67183210632bfbc3a2251c430a2b027b8b44d87df356fd19e3d71,af29d2340427f043c605f777e54389bc86ccbb44c9630aba57964536d0845ce3,False,calibration,9904,1,0,0,2246,21.8,33.5,False
pleia,6,0,42,degrees C,60,smart_building_conformal/outputs/model_comparison_pilot_v1/runs/pilot_v1_20260913,965ff02d8cb67183210632bfbc3a2251c430a2b027b8b44d87df356fd19e3d71,af29d2340427f043c605f777e54389bc86ccbb44c9630aba57964536d0845ce3,False,test,9907,1,0,0,2620,15.4,29.3,False
pleia_energy,1,0,42,kWh per 10 minutes,10,smart_building_conformal/outputs/matched_forecasting005/pleia_energy_h1_f0_s42_v1,7335d436f6e4f8c2144de372e8817d036bae216426c157f5bbdc1eb921927955,4e6c91f9f835e0f37ebf21e4de23c4f65c9911d42d933912d0ce4fbf7500a4c3,False,calibration,9907,1,557,0,996,0.0,326.53125,False
pleia_energy,1,0,42,kWh per 10 minutes,10,smart_building_conformal/outputs/matched_forecasting005/pleia_energy_h1_f0_s42_v1,7335d436f6e4f8c2144de372e8817d036bae216426c157f5bbdc1eb921927955,4e6c91f9f835e0f37ebf21e4de23c4f65c9911d42d933912d0ce4fbf7500a4c3,False,test,9909,1,442,0,1619,0.0,246.0078125,False
pleia_energy,1,2,42,kWh per 10 minutes,10,smart_building_conformal/outputs/matched_forecasting005/pleia_energy_h1_f2_s42_v1,cd907183301a189ddfcc195774dad58c8fa07d5b326d2ac29cf3636383dc681e,7c23adb6f9815cd9e08f59c1ae4d7cf37f0cc5eb3a25efede0b901b902eb75bd,False,calibration,4953,1,51,0,865,0.0,0.671875,False
pleia_energy,1,2,42,kWh per 10 minutes,10,smart_building_conformal/outputs/matched_forecasting005/pleia_energy_h1_f2_s42_v1,cd907183301a189ddfcc195774dad58c8fa07d5b326d2ac29cf3636383dc681e,7c23adb6f9815cd9e08f59c1ae4d7cf37f0cc5eb3a25efede0b901b902eb75bd,False,test,9907,1,64,0,882,0.0,3.046875,False
pleia_energy,3,2,42,kWh per 10 minutes,30,smart_building_conformal/outputs/matched_forecasting005/pleia_energy_h3_f2_s42_v1,cd907183301a189ddfcc195774dad58c8fa07d5b326d2ac29cf3636383dc681e,45c20ac2ea3ebec21844295e8ee7adc51484f1134040e1864ee0068833924297,False,calibration,4952,1,51,0,865,0.0,0.671875,False
pleia_energy,3,2,42,kWh per 10 minutes,30,smart_building_conformal/outputs/matched_forecasting005/pleia_energy_h3_f2_s42_v1,cd907183301a189ddfcc195774dad58c8fa07d5b326d2ac29cf3636383dc681e,45c20ac2ea3ebec21844295e8ee7adc51484f1134040e1864ee0068833924297,False,test,9907,1,64,0,882,0.0,3.046875,False
pleia_energy,6,2,42,kWh per 10 minutes,60,smart_building_conformal/outputs/matched_forecasting005/pleia_energy_h6_f2_s42_v1,cd907183301a189ddfcc195774dad58c8fa07d5b326d2ac29cf3636383dc681e,2209e00bc338132a6a2a2933be0893ff9f893cbddb45082541941604ab05632b,False,calibration,4951,1,51,0,865,0.0,0.671875,False
pleia_energy,6,2,42,kWh per 10 minutes,60,smart_building_conformal/outputs/matched_forecasting005/pleia_energy_h6_f2_s42_v1,cd907183301a189ddfcc195774dad58c8fa07d5b326d2ac29cf3636383dc681e,2209e00bc338132a6a2a2933be0893ff9f893cbddb45082541941604ab05632b,False,test,9907,1,64,0,882,0.0,3.046875,False
rico,15,2,42,degrees C,15,smart_building_conformal/outputs/matched_forecasting005/rico_h15_f2_s42_v1,cd907183301a189ddfcc195774dad58c8fa07d5b326d2ac29cf3636383dc681e,03d1d452482977385b92c01bd2a2ba832e17ca51725e86b5a2d03b6d5399184a,False,calibration,4242,21,0,0,3594,18.9,35.6,False
rico,15,2,42,degrees C,15,smart_building_conformal/outputs/matched_forecasting005/rico_h15_f2_s42_v1,cd907183301a189ddfcc195774dad58c8fa07d5b326d2ac29cf3636383dc681e,03d1d452482977385b92c01bd2a2ba832e17ca51725e86b5a2d03b6d5399184a,False,test,8282,41,0,0,7173,13.7,31.0,False
rico,30,2,42,degrees C,30,smart_building_conformal/outputs/matched_forecasting005/rico_h30_f2_s42_v1,cd907183301a189ddfcc195774dad58c8fa07d5b326d2ac29cf3636383dc681e,1ad851efbc64721175170cedc494487931981286fb015270b140f28c8c0a751b,False,calibration,3927,21,0,0,3397,18.9,35.6,False
rico,30,2,42,degrees C,30,smart_building_conformal/outputs/matched_forecasting005/rico_h30_f2_s42_v1,cd907183301a189ddfcc195774dad58c8fa07d5b326d2ac29cf3636383dc681e,1ad851efbc64721175170cedc494487931981286fb015270b140f28c8c0a751b,False,test,7667,41,0,0,6767,13.7,31.0,False
rico,60,2,42,degrees C,60,smart_building_conformal/outputs/matched_forecasting005/rico_h60_f2_s42_v1,cd907183301a189ddfcc195774dad58c8fa07d5b326d2ac29cf3636383dc681e,1313d1f837d1a817bae522e566b1ae780eac3779acb6c6ce8a1d3c571d0498f2,False,calibration,3297,21,0,0,2927,18.9,35.6,False
rico,60,2,42,degrees C,60,smart_building_conformal/outputs/matched_forecasting005/rico_h60_f2_s42_v1,cd907183301a189ddfcc195774dad58c8fa07d5b326d2ac29cf3636383dc681e,1313d1f837d1a817bae522e566b1ae780eac3779acb6c6ce8a1d3c571d0498f2,False,test,6437,41,0,0,5825,13.7,31.0,False
bdg2,3,2,42,kWh per hour,180,smart_building_conformal/outputs/matched_forecasting005/bdg2_h3_f2_s42_v1,cd907183301a189ddfcc195774dad58c8fa07d5b326d2ac29cf3636383dc681e,9f6ebede3e1cdfa1160ebb06d88768caf7c37e45b8bec777807b19531e87a260,False,calibration,17360,10,59,0,620,0.0,1461.181,False
bdg2,3,2,42,kWh per hour,180,smart_building_conformal/outputs/matched_forecasting005/bdg2_h3_f2_s42_v1,cd907183301a189ddfcc195774dad58c8fa07d5b326d2ac29cf3636383dc681e,9f6ebede3e1cdfa1160ebb06d88768caf7c37e45b8bec777807b19531e87a260,False,test,34640,10,74,0,2406,0.0,1309.0,False
bdg2,6,2,42,kWh per hour,360,smart_building_conformal/outputs/matched_forecasting005/bdg2_h6_f2_s42_v1,cd907183301a189ddfcc195774dad58c8fa07d5b326d2ac29cf3636383dc681e,dcffb11d9ae7c3210ce7211cd66ccbe05e3e96c486c605648bf7838a00e07f2c,False,calibration,17350,10,61,0,622,0.0,1461.181,False
bdg2,6,2,42,kWh per hour,360,smart_building_conformal/outputs/matched_forecasting005/bdg2_h6_f2_s42_v1,cd907183301a189ddfcc195774dad58c8fa07d5b326d2ac29cf3636383dc681e,dcffb11d9ae7c3210ce7211cd66ccbe05e3e96c486c605648bf7838a00e07f2c,False,test,34640,10,74,0,2406,0.0,1309.0,False
bdg2,1,1,42,kWh per hour,60,smart_building_conformal/outputs/matched_forecasting005/bdg2_h1_f1_s42_v1,cd907183301a189ddfcc195774dad58c8fa07d5b326d2ac29cf3636383dc681e,3a12b8bb0420a6d8259bdf93ab6cb7ae75b0cf7fa3bea5f7cdbd7e0113915139,False,calibration,26002,10,74,0,2212,0.0,1309.0,False
bdg2,1,1,42,kWh per hour,60,smart_building_conformal/outputs/matched_forecasting005/bdg2_h1_f1_s42_v1,cd907183301a189ddfcc195774dad58c8fa07d5b326d2ac29cf3636383dc681e,3a12b8bb0420a6d8259bdf93ab6cb7ae75b0cf7fa3bea5f7cdbd7e0113915139,False,test,34532,10,46,0,7058,0.0,1487.017,False
pleia,1,2,42,degrees C,10,smart_building_conformal/outputs/matched_forecasting005/pleia_h1_f2_s42_v1,cd907183301a189ddfcc195774dad58c8fa07d5b326d2ac29cf3636383dc681e,afeec26a5064a899df55a5081826d94b2ef6a3b5229ee6a692855ac3f89534e2,False,calibration,4953,1,0,0,717,17.5,29.6,False
pleia,1,2,42,degrees C,10,smart_building_conformal/outputs/matched_forecasting005/pleia_h1_f2_s42_v1,cd907183301a189ddfcc195774dad58c8fa07d5b326d2ac29cf3636383dc681e,afeec26a5064a899df55a5081826d94b2ef6a3b5229ee6a692855ac3f89534e2,False,test,9907,1,0,0,1622,21.8,33.4,False
pleia,3,2,42,degrees C,30,smart_building_conformal/outputs/matched_forecasting005/pleia_h3_f2_s42_v1,cd907183301a189ddfcc195774dad58c8fa07d5b326d2ac29cf3636383dc681e,8196306a329a6c9ca8326b0c397aea778201506a8cf246687569ae5edd3a0c84,False,calibration,4952,1,0,0,716,17.5,29.6,False
pleia,3,2,42,degrees C,30,smart_building_conformal/outputs/matched_forecasting005/pleia_h3_f2_s42_v1,cd907183301a189ddfcc195774dad58c8fa07d5b326d2ac29cf3636383dc681e,8196306a329a6c9ca8326b0c397aea778201506a8cf246687569ae5edd3a0c84,False,test,9907,1,0,0,1622,21.8,33.4,False
pleia,6,2,42,degrees C,60,smart_building_conformal/outputs/matched_forecasting005/pleia_h6_f2_s42_v1,cd907183301a189ddfcc195774dad58c8fa07d5b326d2ac29cf3636383dc681e,ff4f03a56c5f3fee34466478e87f5f2f7fb26fcbfc1ef160d240ad250f347b1b,False,calibration,4951,1,0,0,715,17.5,29.6,False
pleia,6,2,42,degrees C,60,smart_building_conformal/outputs/matched_forecasting005/pleia_h6_f2_s42_v1,cd907183301a189ddfcc195774dad58c8fa07d5b326d2ac29cf3636383dc681e,ff4f03a56c5f3fee34466478e87f5f2f7fb26fcbfc1ef160d240ad250f347b1b,False,test,9907,1,0,0,1622,21.8,33.4,False
pleia_energy,1,2,43,kWh per 10 minutes,10,smart_building_conformal/outputs/matched_forecasting005/pleia_energy_h1_f2_s43_v1,cd907183301a189ddfcc195774dad58c8fa07d5b326d2ac29cf3636383dc681e,9a5f8e926042af5fac0c3fceb0e887889cd310cf57cdaa89b6239e4da7611673,True,calibration,4953,1,51,0,865,0.0,0.671875,False
pleia_energy,1,2,43,kWh per 10 minutes,10,smart_building_conformal/outputs/matched_forecasting005/pleia_energy_h1_f2_s43_v1,cd907183301a189ddfcc195774dad58c8fa07d5b326d2ac29cf3636383dc681e,9a5f8e926042af5fac0c3fceb0e887889cd310cf57cdaa89b6239e4da7611673,True,test,9907,1,64,0,882,0.0,3.046875,False
pleia_energy,3,2,43,kWh per 10 minutes,30,smart_building_conformal/outputs/matched_forecasting005/pleia_energy_h3_f2_s43_v1,cd907183301a189ddfcc195774dad58c8fa07d5b326d2ac29cf3636383dc681e,0994b58ad507c89e4477b9d8f239790b940d570f5a1e8d13854e7914fd34622b,True,calibration,4952,1,51,0,865,0.0,0.671875,False
pleia_energy,3,2,43,kWh per 10 minutes,30,smart_building_conformal/outputs/matched_forecasting005/pleia_energy_h3_f2_s43_v1,cd907183301a189ddfcc195774dad58c8fa07d5b326d2ac29cf3636383dc681e,0994b58ad507c89e4477b9d8f239790b940d570f5a1e8d13854e7914fd34622b,True,test,9907,1,64,0,882,0.0,3.046875,False
pleia_energy,6,2,43,kWh per 10 minutes,60,smart_building_conformal/outputs/matched_forecasting005/pleia_energy_h6_f2_s43_v1,cd907183301a189ddfcc195774dad58c8fa07d5b326d2ac29cf3636383dc681e,b93741f34b2850dc828bbe017dd62253e0e099a5101de4a74885b6a91db639c5,True,calibration,4951,1,51,0,865,0.0,0.671875,False
pleia_energy,6,2,43,kWh per 10 minutes,60,smart_building_conformal/outputs/matched_forecasting005/pleia_energy_h6_f2_s43_v1,cd907183301a189ddfcc195774dad58c8fa07d5b326d2ac29cf3636383dc681e,b93741f34b2850dc828bbe017dd62253e0e099a5101de4a74885b6a91db639c5,True,test,9907,1,64,0,882,0.0,3.046875,False
rico,5,2,43,degrees C,5,smart_building_conformal/outputs/matched_forecasting005/rico_h5_f2_s43_v1,cd907183301a189ddfcc195774dad58c8fa07d5b326d2ac29cf3636383dc681e,74eb284e91314998933d2de50059b1b6b26eb11ff0398586688a4f60985be4fd,True,calibration,4452,21,0,0,3712,18.9,35.6,False
rico,5,2,43,degrees C,5,smart_building_conformal/outputs/matched_forecasting005/rico_h5_f2_s43_v1,cd907183301a189ddfcc195774dad58c8fa07d5b326d2ac29cf3636383dc681e,74eb284e91314998933d2de50059b1b6b26eb11ff0398586688a4f60985be4fd,True,test,8692,41,0,0,7402,13.7,31.0,False
rico,15,2,43,degrees C,15,smart_building_conformal/outputs/matched_forecasting005/rico_h15_f2_s43_v1,cd907183301a189ddfcc195774dad58c8fa07d5b326d2ac29cf3636383dc681e,6118ae753e7869a6676eab873bbd97832260b434782324da367a8542c2dd9c41,True,calibration,4242,21,0,0,3594,18.9,35.6,False
rico,15,2,43,degrees C,15,smart_building_conformal/outputs/matched_forecasting005/rico_h15_f2_s43_v1,cd907183301a189ddfcc195774dad58c8fa07d5b326d2ac29cf3636383dc681e,6118ae753e7869a6676eab873bbd97832260b434782324da367a8542c2dd9c41,True,test,8282,41,0,0,7173,13.7,31.0,False
rico,30,2,43,degrees C,30,smart_building_conformal/outputs/matched_forecasting005/rico_h30_f2_s43_v1,cd907183301a189ddfcc195774dad58c8fa07d5b326d2ac29cf3636383dc681e,050b5ce09462d58b7bce831cbc47f90ab7c8a1dad2cdbf0f11daf141c77b099b,True,calibration,3927,21,0,0,3397,18.9,35.6,False
rico,30,2,43,degrees C,30,smart_building_conformal/outputs/matched_forecasting005/rico_h30_f2_s43_v1,cd907183301a189ddfcc195774dad58c8fa07d5b326d2ac29cf3636383dc681e,050b5ce09462d58b7bce831cbc47f90ab7c8a1dad2cdbf0f11daf141c77b099b,True,test,7667,41,0,0,6767,13.7,31.0,False
rico,60,2,43,degrees C,60,smart_building_conformal/outputs/matched_forecasting005/rico_h60_f2_s43_v1,cd907183301a189ddfcc195774dad58c8fa07d5b326d2ac29cf3636383dc681e,85ad761357274da3f86ef8417ede058f4bfe3615117513b11d0b1ac2c3765dfe,True,calibration,3297,21,0,0,2927,18.9,35.6,False
rico,60,2,43,degrees C,60,smart_building_conformal/outputs/matched_forecasting005/rico_h60_f2_s43_v1,cd907183301a189ddfcc195774dad58c8fa07d5b326d2ac29cf3636383dc681e,85ad761357274da3f86ef8417ede058f4bfe3615117513b11d0b1ac2c3765dfe,True,test,6437,41,0,0,5825,13.7,31.0,False
bdg2,1,2,43,kWh per hour,60,smart_building_conformal/outputs/matched_forecasting005/bdg2_h1_f2_s43_v1,cd907183301a189ddfcc195774dad58c8fa07d5b326d2ac29cf3636383dc681e,58027826a3a98cb7b4370662f19aaa693ba6370fe417a19ca4c32b3141872a0e,True,calibration,17370,10,58,0,618,0.0,1461.181,False
bdg2,1,2,43,kWh per hour,60,smart_building_conformal/outputs/matched_forecasting005/bdg2_h1_f2_s43_v1,cd907183301a189ddfcc195774dad58c8fa07d5b326d2ac29cf3636383dc681e,58027826a3a98cb7b4370662f19aaa693ba6370fe417a19ca4c32b3141872a0e,True,test,34640,10,74,0,2406,0.0,1309.0,False
bdg2,3,2,43,kWh per hour,180,smart_building_conformal/outputs/matched_forecasting005/bdg2_h3_f2_s43_v1,cd907183301a189ddfcc195774dad58c8fa07d5b326d2ac29cf3636383dc681e,6225a33e725729d2d0c357a6cdf095480c5fe7a60e3289df38edacdb5f0da356,True,calibration,17360,10,59,0,620,0.0,1461.181,False
bdg2,3,2,43,kWh per hour,180,smart_building_conformal/outputs/matched_forecasting005/bdg2_h3_f2_s43_v1,cd907183301a189ddfcc195774dad58c8fa07d5b326d2ac29cf3636383dc681e,6225a33e725729d2d0c357a6cdf095480c5fe7a60e3289df38edacdb5f0da356,True,test,34640,10,74,0,2406,0.0,1309.0,False
bdg2,6,2,43,kWh per hour,360,smart_building_conformal/outputs/matched_forecasting005/bdg2_h6_f2_s43_v1,cd907183301a189ddfcc195774dad58c8fa07d5b326d2ac29cf3636383dc681e,077b77572186c5f9d9893e3c98265d76a061cc7ec7c7da76d384cccbee2ffa0f,True,calibration,17350,10,61,0,622,0.0,1461.181,False
bdg2,6,2,43,kWh per hour,360,smart_building_conformal/outputs/matched_forecasting005/bdg2_h6_f2_s43_v1,cd907183301a189ddfcc195774dad58c8fa07d5b326d2ac29cf3636383dc681e,077b77572186c5f9d9893e3c98265d76a061cc7ec7c7da76d384cccbee2ffa0f,True,test,34640,10,74,0,2406,0.0,1309.0,False
pleia,1,2,43,degrees C,10,smart_building_conformal/outputs/matched_forecasting005/pleia_h1_f2_s43_v1,cd907183301a189ddfcc195774dad58c8fa07d5b326d2ac29cf3636383dc681e,006c7b08726fdfe876769e33b3062b900b78e677877db0102c7be60883189b03,True,calibration,4953,1,0,0,717,17.5,29.6,False
pleia,1,2,43,degrees C,10,smart_building_conformal/outputs/matched_forecasting005/pleia_h1_f2_s43_v1,cd907183301a189ddfcc195774dad58c8fa07d5b326d2ac29cf3636383dc681e,006c7b08726fdfe876769e33b3062b900b78e677877db0102c7be60883189b03,True,test,9907,1,0,0,1622,21.8,33.4,False
pleia,3,2,43,degrees C,30,smart_building_conformal/outputs/matched_forecasting005/pleia_h3_f2_s43_v1,cd907183301a189ddfcc195774dad58c8fa07d5b326d2ac29cf3636383dc681e,591cc9bc729f1568eb03adc14a89532c11b371bf24f5f2b6e51e6eb80bd8971b,True,calibration,4952,1,0,0,716,17.5,29.6,False
pleia,3,2,43,degrees C,30,smart_building_conformal/outputs/matched_forecasting005/pleia_h3_f2_s43_v1,cd907183301a189ddfcc195774dad58c8fa07d5b326d2ac29cf3636383dc681e,591cc9bc729f1568eb03adc14a89532c11b371bf24f5f2b6e51e6eb80bd8971b,True,test,9907,1,0,0,1622,21.8,33.4,False
pleia,6,2,43,degrees C,60,smart_building_conformal/outputs/matched_forecasting005/pleia_h6_f2_s43_v1,cd907183301a189ddfcc195774dad58c8fa07d5b326d2ac29cf3636383dc681e,12a21c7ab9474210c38718dc5d0ad8b0f6eeab8c5f54e8c84e545f094db17d5f,True,calibration,4951,1,0,0,715,17.5,29.6,False
pleia,6,2,43,degrees C,60,smart_building_conformal/outputs/matched_forecasting005/pleia_h6_f2_s43_v1,cd907183301a189ddfcc195774dad58c8fa07d5b326d2ac29cf3636383dc681e,12a21c7ab9474210c38718dc5d0ad8b0f6eeab8c5f54e8c84e545f094db17d5f,True,test,9907,1,0,0,1622,21.8,33.4,False
pleia_energy,1,2,44,kWh per 10 minutes,10,smart_building_conformal/outputs/matched_forecasting005/pleia_energy_h1_f2_s44_v1,cd907183301a189ddfcc195774dad58c8fa07d5b326d2ac29cf3636383dc681e,7305c5b5c944d7ca23477856f743db6c5d3fc66016caca920440b0e349553e29,True,calibration,4953,1,51,0,865,0.0,0.671875,False
pleia_energy,1,2,44,kWh per 10 minutes,10,smart_building_conformal/outputs/matched_forecasting005/pleia_energy_h1_f2_s44_v1,cd907183301a189ddfcc195774dad58c8fa07d5b326d2ac29cf3636383dc681e,7305c5b5c944d7ca23477856f743db6c5d3fc66016caca920440b0e349553e29,True,test,9907,1,64,0,882,0.0,3.046875,False
pleia_energy,3,2,44,kWh per 10 minutes,30,smart_building_conformal/outputs/matched_forecasting005/pleia_energy_h3_f2_s44_v1,cd907183301a189ddfcc195774dad58c8fa07d5b326d2ac29cf3636383dc681e,7005585684404ffcda0b1dfc1efe74e1c1f8f20f66456d7cf8b530c192a57eff,True,calibration,4952,1,51,0,865,0.0,0.671875,False
pleia_energy,3,2,44,kWh per 10 minutes,30,smart_building_conformal/outputs/matched_forecasting005/pleia_energy_h3_f2_s44_v1,cd907183301a189ddfcc195774dad58c8fa07d5b326d2ac29cf3636383dc681e,7005585684404ffcda0b1dfc1efe74e1c1f8f20f66456d7cf8b530c192a57eff,True,test,9907,1,64,0,882,0.0,3.046875,False
pleia_energy,6,2,44,kWh per 10 minutes,60,smart_building_conformal/outputs/matched_forecasting005/pleia_energy_h6_f2_s44_v1,cd907183301a189ddfcc195774dad58c8fa07d5b326d2ac29cf3636383dc681e,5d84a3cdb1f24e4bae241c0a4e3a47bf0400815a82460b134e1a6e358a87472e,True,calibration,4951,1,51,0,865,0.0,0.671875,False
pleia_energy,6,2,44,kWh per 10 minutes,60,smart_building_conformal/outputs/matched_forecasting005/pleia_energy_h6_f2_s44_v1,cd907183301a189ddfcc195774dad58c8fa07d5b326d2ac29cf3636383dc681e,5d84a3cdb1f24e4bae241c0a4e3a47bf0400815a82460b134e1a6e358a87472e,True,test,9907,1,64,0,882,0.0,3.046875,False
rico,5,2,44,degrees C,5,smart_building_conformal/outputs/matched_forecasting005/rico_h5_f2_s44_v1,cd907183301a189ddfcc195774dad58c8fa07d5b326d2ac29cf3636383dc681e,6e0a75894df5a2ec4fa8ed9012956025089b82b4d04a42a051dc20244c9643c2,True,calibration,4452,21,0,0,3712,18.9,35.6,False
rico,5,2,44,degrees C,5,smart_building_conformal/outputs/matched_forecasting005/rico_h5_f2_s44_v1,cd907183301a189ddfcc195774dad58c8fa07d5b326d2ac29cf3636383dc681e,6e0a75894df5a2ec4fa8ed9012956025089b82b4d04a42a051dc20244c9643c2,True,test,8692,41,0,0,7402,13.7,31.0,False
rico,15,2,44,degrees C,15,smart_building_conformal/outputs/matched_forecasting005/rico_h15_f2_s44_v1,cd907183301a189ddfcc195774dad58c8fa07d5b326d2ac29cf3636383dc681e,01fd3965e400bdbca1098dcdcbf99395ee6b446384d55833c260e9b9f41206df,True,calibration,4242,21,0,0,3594,18.9,35.6,False
rico,15,2,44,degrees C,15,smart_building_conformal/outputs/matched_forecasting005/rico_h15_f2_s44_v1,cd907183301a189ddfcc195774dad58c8fa07d5b326d2ac29cf3636383dc681e,01fd3965e400bdbca1098dcdcbf99395ee6b446384d55833c260e9b9f41206df,True,test,8282,41,0,0,7173,13.7,31.0,False
rico,30,2,44,degrees C,30,smart_building_conformal/outputs/matched_forecasting005/rico_h30_f2_s44_v1,cd907183301a189ddfcc195774dad58c8fa07d5b326d2ac29cf3636383dc681e,d77ff883b70c530d7ef4a845d9f8bb9579906f566e5c281d2756cae0377e97b9,True,calibration,3927,21,0,0,3397,18.9,35.6,False
rico,30,2,44,degrees C,30,smart_building_conformal/outputs/matched_forecasting005/rico_h30_f2_s44_v1,cd907183301a189ddfcc195774dad58c8fa07d5b326d2ac29cf3636383dc681e,d77ff883b70c530d7ef4a845d9f8bb9579906f566e5c281d2756cae0377e97b9,True,test,7667,41,0,0,6767,13.7,31.0,False
rico,60,2,44,degrees C,60,smart_building_conformal/outputs/matched_forecasting005/rico_h60_f2_s44_v1,cd907183301a189ddfcc195774dad58c8fa07d5b326d2ac29cf3636383dc681e,01b0ab222def6a097a71173f162a9d0a123cee2401f80ab01e645ea937b84d41,True,calibration,3297,21,0,0,2927,18.9,35.6,False
rico,60,2,44,degrees C,60,smart_building_conformal/outputs/matched_forecasting005/rico_h60_f2_s44_v1,cd907183301a189ddfcc195774dad58c8fa07d5b326d2ac29cf3636383dc681e,01b0ab222def6a097a71173f162a9d0a123cee2401f80ab01e645ea937b84d41,True,test,6437,41,0,0,5825,13.7,31.0,False
bdg2,1,2,44,kWh per hour,60,smart_building_conformal/outputs/matched_forecasting005/bdg2_h1_f2_s44_v1,cd907183301a189ddfcc195774dad58c8fa07d5b326d2ac29cf3636383dc681e,e7988effe69158185667915053b64a81aacdfba8f19abf3f913ea7b779a2aa11,True,calibration,17370,10,58,0,618,0.0,1461.181,False
bdg2,1,2,44,kWh per hour,60,smart_building_conformal/outputs/matched_forecasting005/bdg2_h1_f2_s44_v1,cd907183301a189ddfcc195774dad58c8fa07d5b326d2ac29cf3636383dc681e,e7988effe69158185667915053b64a81aacdfba8f19abf3f913ea7b779a2aa11,True,test,34640,10,74,0,2406,0.0,1309.0,False
bdg2,3,2,44,kWh per hour,180,smart_building_conformal/outputs/matched_forecasting005/bdg2_h3_f2_s44_v1,cd907183301a189ddfcc195774dad58c8fa07d5b326d2ac29cf3636383dc681e,1c272b5857ac435b4dc16a2df23f54cc875cd939040fe756c81d6838e1cc680f,True,calibration,17360,10,59,0,620,0.0,1461.181,False
bdg2,3,2,44,kWh per hour,180,smart_building_conformal/outputs/matched_forecasting005/bdg2_h3_f2_s44_v1,cd907183301a189ddfcc195774dad58c8fa07d5b326d2ac29cf3636383dc681e,1c272b5857ac435b4dc16a2df23f54cc875cd939040fe756c81d6838e1cc680f,True,test,34640,10,74,0,2406,0.0,1309.0,False
bdg2,6,2,44,kWh per hour,360,smart_building_conformal/outputs/matched_forecasting005/bdg2_h6_f2_s44_v1,cd907183301a189ddfcc195774dad58c8fa07d5b326d2ac29cf3636383dc681e,6dfe0e0bfd3dc2f5fff2b69f9b2dbbe2d7192a01735568515ad77c163d63c11a,True,calibration,17350,10,61,0,622,0.0,1461.181,False
bdg2,6,2,44,kWh per hour,360,smart_building_conformal/outputs/matched_forecasting005/bdg2_h6_f2_s44_v1,cd907183301a189ddfcc195774dad58c8fa07d5b326d2ac29cf3636383dc681e,6dfe0e0bfd3dc2f5fff2b69f9b2dbbe2d7192a01735568515ad77c163d63c11a,True,test,34640,10,74,0,2406,0.0,1309.0,False
pleia,1,2,44,degrees C,10,smart_building_conformal/outputs/matched_forecasting005/pleia_h1_f2_s44_v1,cd907183301a189ddfcc195774dad58c8fa07d5b326d2ac29cf3636383dc681e,556741a9a18d9a9f8ebb1031f0e532e5233caa8c07bcda907c7ae3ae195edb7f,True,calibration,4953,1,0,0,717,17.5,29.6,False
pleia,1,2,44,degrees C,10,smart_building_conformal/outputs/matched_forecasting005/pleia_h1_f2_s44_v1,cd907183301a189ddfcc195774dad58c8fa07d5b326d2ac29cf3636383dc681e,556741a9a18d9a9f8ebb1031f0e532e5233caa8c07bcda907c7ae3ae195edb7f,True,test,9907,1,0,0,1622,21.8,33.4,False
pleia,3,2,44,degrees C,30,smart_building_conformal/outputs/matched_forecasting005/pleia_h3_f2_s44_v1,cd907183301a189ddfcc195774dad58c8fa07d5b326d2ac29cf3636383dc681e,b7e3fa5ed8095f5fd84d9934e8cfc8e570437f6da1fa9ab9bb67e1ef8b940f33,True,calibration,4952,1,0,0,716,17.5,29.6,False
pleia,3,2,44,degrees C,30,smart_building_conformal/outputs/matched_forecasting005/pleia_h3_f2_s44_v1,cd907183301a189ddfcc195774dad58c8fa07d5b326d2ac29cf3636383dc681e,b7e3fa5ed8095f5fd84d9934e8cfc8e570437f6da1fa9ab9bb67e1ef8b940f33,True,test,9907,1,0,0,1622,21.8,33.4,False
pleia,6,2,44,degrees C,60,smart_building_conformal/outputs/matched_forecasting005/pleia_h6_f2_s44_v1,cd907183301a189ddfcc195774dad58c8fa07d5b326d2ac29cf3636383dc681e,525531103bdd604f7fcaff1fd54d3b905c82394b6ab9d0a9f351f372258537df,True,calibration,4951,1,0,0,715,17.5,29.6,False
pleia,6,2,44,degrees C,60,smart_building_conformal/outputs/matched_forecasting005/pleia_h6_f2_s44_v1,cd907183301a189ddfcc195774dad58c8fa07d5b326d2ac29cf3636383dc681e,525531103bdd604f7fcaff1fd54d3b905c82394b6ab9d0a9f351f372258537df,True,test,9907,1,0,0,1622,21.8,33.4,False
pleia_energy,1,2,45,kWh per 10 minutes,10,smart_building_conformal/outputs/matched_forecasting005/pleia_energy_h1_f2_s45_v1,cd907183301a189ddfcc195774dad58c8fa07d5b326d2ac29cf3636383dc681e,62525d471de44634625aece820db117b886a496789ecd0dc85fc593cfee8dbee,True,calibration,4953,1,51,0,865,0.0,0.671875,False
pleia_energy,1,2,45,kWh per 10 minutes,10,smart_building_conformal/outputs/matched_forecasting005/pleia_energy_h1_f2_s45_v1,cd907183301a189ddfcc195774dad58c8fa07d5b326d2ac29cf3636383dc681e,62525d471de44634625aece820db117b886a496789ecd0dc85fc593cfee8dbee,True,test,9907,1,64,0,882,0.0,3.046875,False
pleia_energy,3,2,45,kWh per 10 minutes,30,smart_building_conformal/outputs/matched_forecasting005/pleia_energy_h3_f2_s45_v1,cd907183301a189ddfcc195774dad58c8fa07d5b326d2ac29cf3636383dc681e,c4251293278cc903db86fe4f42a91a7108a0c33bdffb224f47cfe4b37bfbafc1,True,calibration,4952,1,51,0,865,0.0,0.671875,False
pleia_energy,3,2,45,kWh per 10 minutes,30,smart_building_conformal/outputs/matched_forecasting005/pleia_energy_h3_f2_s45_v1,cd907183301a189ddfcc195774dad58c8fa07d5b326d2ac29cf3636383dc681e,c4251293278cc903db86fe4f42a91a7108a0c33bdffb224f47cfe4b37bfbafc1,True,test,9907,1,64,0,882,0.0,3.046875,False
pleia_energy,6,2,45,kWh per 10 minutes,60,smart_building_conformal/outputs/matched_forecasting005/pleia_energy_h6_f2_s45_v1,cd907183301a189ddfcc195774dad58c8fa07d5b326d2ac29cf3636383dc681e,3fd3655fa8c8f5b07cbc7734a71eee3a1d2ad04dceebe9ed0c4d80fa5c1ad796,True,calibration,4951,1,51,0,865,0.0,0.671875,False
pleia_energy,6,2,45,kWh per 10 minutes,60,smart_building_conformal/outputs/matched_forecasting005/pleia_energy_h6_f2_s45_v1,cd907183301a189ddfcc195774dad58c8fa07d5b326d2ac29cf3636383dc681e,3fd3655fa8c8f5b07cbc7734a71eee3a1d2ad04dceebe9ed0c4d80fa5c1ad796,True,test,9907,1,64,0,882,0.0,3.046875,False
rico,5,2,45,degrees C,5,smart_building_conformal/outputs/matched_forecasting005/rico_h5_f2_s45_v1,cd907183301a189ddfcc195774dad58c8fa07d5b326d2ac29cf3636383dc681e,adda24f5b9ed20420c5e5eb85728317dc112a5ed5567a38f1aafc895df114e1c,True,calibration,4452,21,0,0,3712,18.9,35.6,False
rico,5,2,45,degrees C,5,smart_building_conformal/outputs/matched_forecasting005/rico_h5_f2_s45_v1,cd907183301a189ddfcc195774dad58c8fa07d5b326d2ac29cf3636383dc681e,adda24f5b9ed20420c5e5eb85728317dc112a5ed5567a38f1aafc895df114e1c,True,test,8692,41,0,0,7402,13.7,31.0,False
rico,15,2,45,degrees C,15,smart_building_conformal/outputs/matched_forecasting005/rico_h15_f2_s45_v1,cd907183301a189ddfcc195774dad58c8fa07d5b326d2ac29cf3636383dc681e,992e3d20e746f1fcb3e78f8d1a69d9ebf12ed9e0140eadbf817f49e2ed57c3f8,True,calibration,4242,21,0,0,3594,18.9,35.6,False
rico,15,2,45,degrees C,15,smart_building_conformal/outputs/matched_forecasting005/rico_h15_f2_s45_v1,cd907183301a189ddfcc195774dad58c8fa07d5b326d2ac29cf3636383dc681e,992e3d20e746f1fcb3e78f8d1a69d9ebf12ed9e0140eadbf817f49e2ed57c3f8,True,test,8282,41,0,0,7173,13.7,31.0,False
rico,30,2,45,degrees C,30,smart_building_conformal/outputs/matched_forecasting005/rico_h30_f2_s45_v1,cd907183301a189ddfcc195774dad58c8fa07d5b326d2ac29cf3636383dc681e,5769aea4df39adc1c5884a4ac4950471da7bbe227eea0549a15de94fbdebfb6d,True,calibration,3927,21,0,0,3397,18.9,35.6,False
rico,30,2,45,degrees C,30,smart_building_conformal/outputs/matched_forecasting005/rico_h30_f2_s45_v1,cd907183301a189ddfcc195774dad58c8fa07d5b326d2ac29cf3636383dc681e,5769aea4df39adc1c5884a4ac4950471da7bbe227eea0549a15de94fbdebfb6d,True,test,7667,41,0,0,6767,13.7,31.0,False
rico,60,2,45,degrees C,60,smart_building_conformal/outputs/matched_forecasting005/rico_h60_f2_s45_v1,cd907183301a189ddfcc195774dad58c8fa07d5b326d2ac29cf3636383dc681e,13626bbe92c4fc2e657cc07a12d739e6c76c86fd5e6e16d106077d5e6ffeef37,True,calibration,3297,21,0,0,2927,18.9,35.6,False
rico,60,2,45,degrees C,60,smart_building_conformal/outputs/matched_forecasting005/rico_h60_f2_s45_v1,cd907183301a189ddfcc195774dad58c8fa07d5b326d2ac29cf3636383dc681e,13626bbe92c4fc2e657cc07a12d739e6c76c86fd5e6e16d106077d5e6ffeef37,True,test,6437,41,0,0,5825,13.7,31.0,False
bdg2,1,2,45,kWh per hour,60,smart_building_conformal/outputs/matched_forecasting005/bdg2_h1_f2_s45_v1,cd907183301a189ddfcc195774dad58c8fa07d5b326d2ac29cf3636383dc681e,d17374d7dfe7206b1bc2d78ed29eb81be4f2ec7661fd25177f694623751f05b4,True,calibration,17370,10,58,0,618,0.0,1461.181,False
bdg2,1,2,45,kWh per hour,60,smart_building_conformal/outputs/matched_forecasting005/bdg2_h1_f2_s45_v1,cd907183301a189ddfcc195774dad58c8fa07d5b326d2ac29cf3636383dc681e,d17374d7dfe7206b1bc2d78ed29eb81be4f2ec7661fd25177f694623751f05b4,True,test,34640,10,74,0,2406,0.0,1309.0,False
bdg2,3,2,45,kWh per hour,180,smart_building_conformal/outputs/matched_forecasting005/bdg2_h3_f2_s45_v1,cd907183301a189ddfcc195774dad58c8fa07d5b326d2ac29cf3636383dc681e,b09d5d8c367121e6d22677abdb3f3bdb6a98e8404434e14ad1bfa57c42d265dd,True,calibration,17360,10,59,0,620,0.0,1461.181,False
bdg2,3,2,45,kWh per hour,180,smart_building_conformal/outputs/matched_forecasting005/bdg2_h3_f2_s45_v1,cd907183301a189ddfcc195774dad58c8fa07d5b326d2ac29cf3636383dc681e,b09d5d8c367121e6d22677abdb3f3bdb6a98e8404434e14ad1bfa57c42d265dd,True,test,34640,10,74,0,2406,0.0,1309.0,False
bdg2,6,2,45,kWh per hour,360,smart_building_conformal/outputs/matched_forecasting005/bdg2_h6_f2_s45_v1,cd907183301a189ddfcc195774dad58c8fa07d5b326d2ac29cf3636383dc681e,bf3712ec340f3bdba2b4f5fb836947320a1d97c097af41bf3d3d7cb8c8c05269,True,calibration,17350,10,61,0,622,0.0,1461.181,False
bdg2,6,2,45,kWh per hour,360,smart_building_conformal/outputs/matched_forecasting005/bdg2_h6_f2_s45_v1,cd907183301a189ddfcc195774dad58c8fa07d5b326d2ac29cf3636383dc681e,bf3712ec340f3bdba2b4f5fb836947320a1d97c097af41bf3d3d7cb8c8c05269,True,test,34640,10,74,0,2406,0.0,1309.0,False
pleia,1,2,45,degrees C,10,smart_building_conformal/outputs/matched_forecasting005/pleia_h1_f2_s45_v1,cd907183301a189ddfcc195774dad58c8fa07d5b326d2ac29cf3636383dc681e,ce8d6b4c952de02d809dfc2b4fbd7b34988a37c2c5ca18c286a65afd2a71556a,True,calibration,4953,1,0,0,717,17.5,29.6,False
pleia,1,2,45,degrees C,10,smart_building_conformal/outputs/matched_forecasting005/pleia_h1_f2_s45_v1,cd907183301a189ddfcc195774dad58c8fa07d5b326d2ac29cf3636383dc681e,ce8d6b4c952de02d809dfc2b4fbd7b34988a37c2c5ca18c286a65afd2a71556a,True,test,9907,1,0,0,1622,21.8,33.4,False
pleia,3,2,45,degrees C,30,smart_building_conformal/outputs/matched_forecasting005/pleia_h3_f2_s45_v1,cd907183301a189ddfcc195774dad58c8fa07d5b326d2ac29cf3636383dc681e,43fdef7973feabb27f49a6f3a57657663ea1c46bff243e5d984ce84c66f35ce8,True,calibration,4952,1,0,0,716,17.5,29.6,False
pleia,3,2,45,degrees C,30,smart_building_conformal/outputs/matched_forecasting005/pleia_h3_f2_s45_v1,cd907183301a189ddfcc195774dad58c8fa07d5b326d2ac29cf3636383dc681e,43fdef7973feabb27f49a6f3a57657663ea1c46bff243e5d984ce84c66f35ce8,True,test,9907,1,0,0,1622,21.8,33.4,False
pleia,6,2,45,degrees C,60,smart_building_conformal/outputs/matched_forecasting005/pleia_h6_f2_s45_v1,cd907183301a189ddfcc195774dad58c8fa07d5b326d2ac29cf3636383dc681e,7b3af2e5082254e020ca867fb95d22cc2dc6b99331e9a1c7f86c6a385461bbeb,True,calibration,4951,1,0,0,715,17.5,29.6,False
pleia,6,2,45,degrees C,60,smart_building_conformal/outputs/matched_forecasting005/pleia_h6_f2_s45_v1,cd907183301a189ddfcc195774dad58c8fa07d5b326d2ac29cf3636383dc681e,7b3af2e5082254e020ca867fb95d22cc2dc6b99331e9a1c7f86c6a385461bbeb,True,test,9907,1,0,0,1622,21.8,33.4,False
pleia_energy,1,2,46,kWh per 10 minutes,10,smart_building_conformal/outputs/matched_forecasting005/pleia_energy_h1_f2_s46_v1,cd907183301a189ddfcc195774dad58c8fa07d5b326d2ac29cf3636383dc681e,d3f48a48b1e9bd268b7a135c9afd44e18a498537f9d3262d88eb1ded5694a0c3,True,calibration,4953,1,51,0,865,0.0,0.671875,False
pleia_energy,1,2,46,kWh per 10 minutes,10,smart_building_conformal/outputs/matched_forecasting005/pleia_energy_h1_f2_s46_v1,cd907183301a189ddfcc195774dad58c8fa07d5b326d2ac29cf3636383dc681e,d3f48a48b1e9bd268b7a135c9afd44e18a498537f9d3262d88eb1ded5694a0c3,True,test,9907,1,64,0,882,0.0,3.046875,False
pleia_energy,3,2,46,kWh per 10 minutes,30,smart_building_conformal/outputs/matched_forecasting005/pleia_energy_h3_f2_s46_v1,cd907183301a189ddfcc195774dad58c8fa07d5b326d2ac29cf3636383dc681e,fb989e0b28343b79b68029382ab18ade0ee12ee10ed49917a8ceffa6f9970124,True,calibration,4952,1,51,0,865,0.0,0.671875,False
pleia_energy,3,2,46,kWh per 10 minutes,30,smart_building_conformal/outputs/matched_forecasting005/pleia_energy_h3_f2_s46_v1,cd907183301a189ddfcc195774dad58c8fa07d5b326d2ac29cf3636383dc681e,fb989e0b28343b79b68029382ab18ade0ee12ee10ed49917a8ceffa6f9970124,True,test,9907,1,64,0,882,0.0,3.046875,False
pleia_energy,6,2,46,kWh per 10 minutes,60,smart_building_conformal/outputs/matched_forecasting005/pleia_energy_h6_f2_s46_v1,cd907183301a189ddfcc195774dad58c8fa07d5b326d2ac29cf3636383dc681e,a7fb23eab8e276cf1692aec7b1d3928e3ec2e9cf037d4dbfff4e0ac7d3af6d87,True,calibration,4951,1,51,0,865,0.0,0.671875,False
pleia_energy,6,2,46,kWh per 10 minutes,60,smart_building_conformal/outputs/matched_forecasting005/pleia_energy_h6_f2_s46_v1,cd907183301a189ddfcc195774dad58c8fa07d5b326d2ac29cf3636383dc681e,a7fb23eab8e276cf1692aec7b1d3928e3ec2e9cf037d4dbfff4e0ac7d3af6d87,True,test,9907,1,64,0,882,0.0,3.046875,False
rico,5,2,46,degrees C,5,smart_building_conformal/outputs/matched_forecasting005/rico_h5_f2_s46_v1,cd907183301a189ddfcc195774dad58c8fa07d5b326d2ac29cf3636383dc681e,bc0f06119e0a0e1ed46353afd0b76b2c92cad9e7003e51737073831e86c9ecd3,True,calibration,4452,21,0,0,3712,18.9,35.6,False
rico,5,2,46,degrees C,5,smart_building_conformal/outputs/matched_forecasting005/rico_h5_f2_s46_v1,cd907183301a189ddfcc195774dad58c8fa07d5b326d2ac29cf3636383dc681e,bc0f06119e0a0e1ed46353afd0b76b2c92cad9e7003e51737073831e86c9ecd3,True,test,8692,41,0,0,7402,13.7,31.0,False
rico,15,2,46,degrees C,15,smart_building_conformal/outputs/matched_forecasting005/rico_h15_f2_s46_v1,cd907183301a189ddfcc195774dad58c8fa07d5b326d2ac29cf3636383dc681e,fba4163656ab14c306dd508668113d90ba96f38e46ee7b8f52fa4a00e8ee546f,True,calibration,4242,21,0,0,3594,18.9,35.6,False
rico,15,2,46,degrees C,15,smart_building_conformal/outputs/matched_forecasting005/rico_h15_f2_s46_v1,cd907183301a189ddfcc195774dad58c8fa07d5b326d2ac29cf3636383dc681e,fba4163656ab14c306dd508668113d90ba96f38e46ee7b8f52fa4a00e8ee546f,True,test,8282,41,0,0,7173,13.7,31.0,False
rico,30,2,46,degrees C,30,smart_building_conformal/outputs/matched_forecasting005/rico_h30_f2_s46_v1,cd907183301a189ddfcc195774dad58c8fa07d5b326d2ac29cf3636383dc681e,0db7f0a10aa75d45d291b57c800923360aa803d8a48eb3fa75d6968e1b6a27fe,True,calibration,3927,21,0,0,3397,18.9,35.6,False
rico,30,2,46,degrees C,30,smart_building_conformal/outputs/matched_forecasting005/rico_h30_f2_s46_v1,cd907183301a189ddfcc195774dad58c8fa07d5b326d2ac29cf3636383dc681e,0db7f0a10aa75d45d291b57c800923360aa803d8a48eb3fa75d6968e1b6a27fe,True,test,7667,41,0,0,6767,13.7,31.0,False
rico,60,2,46,degrees C,60,smart_building_conformal/outputs/matched_forecasting005/rico_h60_f2_s46_v1,cd907183301a189ddfcc195774dad58c8fa07d5b326d2ac29cf3636383dc681e,27622b6cebbf93f20aeec4af03f6497dc542faf718a8e023032df13475a84c65,True,calibration,3297,21,0,0,2927,18.9,35.6,False
rico,60,2,46,degrees C,60,smart_building_conformal/outputs/matched_forecasting005/rico_h60_f2_s46_v1,cd907183301a189ddfcc195774dad58c8fa07d5b326d2ac29cf3636383dc681e,27622b6cebbf93f20aeec4af03f6497dc542faf718a8e023032df13475a84c65,True,test,6437,41,0,0,5825,13.7,31.0,False
bdg2,1,2,46,kWh per hour,60,smart_building_conformal/outputs/matched_forecasting005/bdg2_h1_f2_s46_v1,cd907183301a189ddfcc195774dad58c8fa07d5b326d2ac29cf3636383dc681e,b6643b6b0997a0780ea6392f425b4a0cb5398cc5509f4332b3c8d5941770a46d,True,calibration,17370,10,58,0,618,0.0,1461.181,False
bdg2,1,2,46,kWh per hour,60,smart_building_conformal/outputs/matched_forecasting005/bdg2_h1_f2_s46_v1,cd907183301a189ddfcc195774dad58c8fa07d5b326d2ac29cf3636383dc681e,b6643b6b0997a0780ea6392f425b4a0cb5398cc5509f4332b3c8d5941770a46d,True,test,34640,10,74,0,2406,0.0,1309.0,False
bdg2,3,2,46,kWh per hour,180,smart_building_conformal/outputs/matched_forecasting005/bdg2_h3_f2_s46_v1,cd907183301a189ddfcc195774dad58c8fa07d5b326d2ac29cf3636383dc681e,f93cc7009437b45a97bce046887aaf78f96bc32475a26a555e30540eb666b963,True,calibration,17360,10,59,0,620,0.0,1461.181,False
bdg2,3,2,46,kWh per hour,180,smart_building_conformal/outputs/matched_forecasting005/bdg2_h3_f2_s46_v1,cd907183301a189ddfcc195774dad58c8fa07d5b326d2ac29cf3636383dc681e,f93cc7009437b45a97bce046887aaf78f96bc32475a26a555e30540eb666b963,True,test,34640,10,74,0,2406,0.0,1309.0,False
bdg2,6,2,46,kWh per hour,360,smart_building_conformal/outputs/matched_forecasting005/bdg2_h6_f2_s46_v1,cd907183301a189ddfcc195774dad58c8fa07d5b326d2ac29cf3636383dc681e,ce484c863017f245f239e40a1cfb85455667277e7f8f3899f4fecb6301a7ab69,True,calibration,17350,10,61,0,622,0.0,1461.181,False
bdg2,6,2,46,kWh per hour,360,smart_building_conformal/outputs/matched_forecasting005/bdg2_h6_f2_s46_v1,cd907183301a189ddfcc195774dad58c8fa07d5b326d2ac29cf3636383dc681e,ce484c863017f245f239e40a1cfb85455667277e7f8f3899f4fecb6301a7ab69,True,test,34640,10,74,0,2406,0.0,1309.0,False
pleia,1,2,46,degrees C,10,smart_building_conformal/outputs/matched_forecasting005/pleia_h1_f2_s46_v1,cd907183301a189ddfcc195774dad58c8fa07d5b326d2ac29cf3636383dc681e,4989341ff9d463b283be2be3ec47d0d71a904ea498b2ec581d160b37a8fe96a9,True,calibration,4953,1,0,0,717,17.5,29.6,False
pleia,1,2,46,degrees C,10,smart_building_conformal/outputs/matched_forecasting005/pleia_h1_f2_s46_v1,cd907183301a189ddfcc195774dad58c8fa07d5b326d2ac29cf3636383dc681e,4989341ff9d463b283be2be3ec47d0d71a904ea498b2ec581d160b37a8fe96a9,True,test,9907,1,0,0,1622,21.8,33.4,False
pleia,3,2,46,degrees C,30,smart_building_conformal/outputs/matched_forecasting005/pleia_h3_f2_s46_v1,cd907183301a189ddfcc195774dad58c8fa07d5b326d2ac29cf3636383dc681e,b27f1feef915808c6510c0377190a06d1c9c41d2cf628facd895b6f01110082d,True,calibration,4952,1,0,0,716,17.5,29.6,False
pleia,3,2,46,degrees C,30,smart_building_conformal/outputs/matched_forecasting005/pleia_h3_f2_s46_v1,cd907183301a189ddfcc195774dad58c8fa07d5b326d2ac29cf3636383dc681e,b27f1feef915808c6510c0377190a06d1c9c41d2cf628facd895b6f01110082d,True,test,9907,1,0,0,1622,21.8,33.4,False
pleia,6,2,46,degrees C,60,smart_building_conformal/outputs/matched_forecasting005/pleia_h6_f2_s46_v1,cd907183301a189ddfcc195774dad58c8fa07d5b326d2ac29cf3636383dc681e,167204fe887068fae49a0bf3704d7bec6197c99a453a7be4422e9f5affd4de08,True,calibration,4951,1,0,0,715,17.5,29.6,False
pleia,6,2,46,degrees C,60,smart_building_conformal/outputs/matched_forecasting005/pleia_h6_f2_s46_v1,cd907183301a189ddfcc195774dad58c8fa07d5b326d2ac29cf3636383dc681e,167204fe887068fae49a0bf3704d7bec6197c99a453a7be4422e9f5affd4de08,True,test,9907,1,0,0,1622,21.8,33.4,False
pleia_energy,1,1,42,kWh per 10 minutes,10,smart_building_conformal/outputs/matched_forecasting005/pleia_energy_h1_f1_s42_v1,a94b3835135749e2f18b89fb6017d8d0b8b9d419cb0a1f9be11122d93d0a217f,f36bc65f64a09244efd5d67467ff4b54107845e8893c642dc20345a790f70a53,True,calibration,7430,1,64,0,508,0.0,3.046875,False
pleia_energy,1,1,42,kWh per 10 minutes,10,smart_building_conformal/outputs/matched_forecasting005/pleia_energy_h1_f1_s42_v1,a94b3835135749e2f18b89fb6017d8d0b8b9d419cb0a1f9be11122d93d0a217f,f36bc65f64a09244efd5d67467ff4b54107845e8893c642dc20345a790f70a53,True,test,9907,1,557,0,996,0.0,326.53125,False
pleia_energy,3,1,42,kWh per 10 minutes,30,smart_building_conformal/outputs/matched_forecasting005/pleia_energy_h3_f1_s42_v1,a94b3835135749e2f18b89fb6017d8d0b8b9d419cb0a1f9be11122d93d0a217f,ea1016cbfb305bdfde318375e6472c7c5d7145352608bf0c9e57461d1aade77a,True,calibration,7429,1,64,0,508,0.0,3.046875,False
pleia_energy,3,1,42,kWh per 10 minutes,30,smart_building_conformal/outputs/matched_forecasting005/pleia_energy_h3_f1_s42_v1,a94b3835135749e2f18b89fb6017d8d0b8b9d419cb0a1f9be11122d93d0a217f,ea1016cbfb305bdfde318375e6472c7c5d7145352608bf0c9e57461d1aade77a,True,test,9907,1,557,0,996,0.0,326.53125,False
pleia_energy,6,1,42,kWh per 10 minutes,60,smart_building_conformal/outputs/matched_forecasting005/pleia_energy_h6_f1_s42_v1,a94b3835135749e2f18b89fb6017d8d0b8b9d419cb0a1f9be11122d93d0a217f,417858dcf4d96f77c485476c9067e3e3303649e81c8a6bfe1533aa4215559e66,True,calibration,7428,1,64,0,508,0.0,3.046875,False
pleia_energy,6,1,42,kWh per 10 minutes,60,smart_building_conformal/outputs/matched_forecasting005/pleia_energy_h6_f1_s42_v1,a94b3835135749e2f18b89fb6017d8d0b8b9d419cb0a1f9be11122d93d0a217f,417858dcf4d96f77c485476c9067e3e3303649e81c8a6bfe1533aa4215559e66,True,test,9907,1,557,0,996,0.0,326.53125,False
pleia_energy,3,0,42,kWh per 10 minutes,30,smart_building_conformal/outputs/matched_forecasting005/pleia_energy_h3_f0_s42_v1,a94b3835135749e2f18b89fb6017d8d0b8b9d419cb0a1f9be11122d93d0a217f,2e37fb412c09adb797cf213fb68ba4743e8055bd1855b5adbd4fe19f50def205,True,calibration,9906,1,557,0,996,0.0,326.53125,False
pleia_energy,3,0,42,kWh per 10 minutes,30,smart_building_conformal/outputs/matched_forecasting005/pleia_energy_h3_f0_s42_v1,a94b3835135749e2f18b89fb6017d8d0b8b9d419cb0a1f9be11122d93d0a217f,2e37fb412c09adb797cf213fb68ba4743e8055bd1855b5adbd4fe19f50def205,True,test,9909,1,442,0,1619,0.0,246.0078125,False
pleia_energy,6,0,42,kWh per 10 minutes,60,smart_building_conformal/outputs/matched_forecasting005/pleia_energy_h6_f0_s42_v1,a94b3835135749e2f18b89fb6017d8d0b8b9d419cb0a1f9be11122d93d0a217f,64befd2dcc9d7debfcb4705e4daa4ddaa39cb0c664a78711d6fe757c3257e654,True,calibration,9904,1,557,0,996,0.0,326.53125,False
pleia_energy,6,0,42,kWh per 10 minutes,60,smart_building_conformal/outputs/matched_forecasting005/pleia_energy_h6_f0_s42_v1,a94b3835135749e2f18b89fb6017d8d0b8b9d419cb0a1f9be11122d93d0a217f,64befd2dcc9d7debfcb4705e4daa4ddaa39cb0c664a78711d6fe757c3257e654,True,test,9909,1,442,0,1619,0.0,246.0078125,False
pleia_energy,1,1,43,kWh per 10 minutes,10,smart_building_conformal/outputs/matched_forecasting005/pleia_energy_h1_f1_s43_v1,a94b3835135749e2f18b89fb6017d8d0b8b9d419cb0a1f9be11122d93d0a217f,1a98689f32bf81cb4f5705d6f49d04567d08cf54152374b9868cc9788a7f3e90,True,calibration,7430,1,64,0,508,0.0,3.046875,False
pleia_energy,1,1,43,kWh per 10 minutes,10,smart_building_conformal/outputs/matched_forecasting005/pleia_energy_h1_f1_s43_v1,a94b3835135749e2f18b89fb6017d8d0b8b9d419cb0a1f9be11122d93d0a217f,1a98689f32bf81cb4f5705d6f49d04567d08cf54152374b9868cc9788a7f3e90,True,test,9907,1,557,0,996,0.0,326.53125,False
pleia_energy,3,1,43,kWh per 10 minutes,30,smart_building_conformal/outputs/matched_forecasting005/pleia_energy_h3_f1_s43_v1,a94b3835135749e2f18b89fb6017d8d0b8b9d419cb0a1f9be11122d93d0a217f,b2590da06e2b79a545bec43bdff8c779a1f6cbab3721026734a31ca33a2e5c0d,True,calibration,7429,1,64,0,508,0.0,3.046875,False
pleia_energy,3,1,43,kWh per 10 minutes,30,smart_building_conformal/outputs/matched_forecasting005/pleia_energy_h3_f1_s43_v1,a94b3835135749e2f18b89fb6017d8d0b8b9d419cb0a1f9be11122d93d0a217f,b2590da06e2b79a545bec43bdff8c779a1f6cbab3721026734a31ca33a2e5c0d,True,test,9907,1,557,0,996,0.0,326.53125,False
pleia_energy,6,1,43,kWh per 10 minutes,60,smart_building_conformal/outputs/matched_forecasting005/pleia_energy_h6_f1_s43_v1,a94b3835135749e2f18b89fb6017d8d0b8b9d419cb0a1f9be11122d93d0a217f,db5dd9e0c7159d84191407dea45948a9d0d6374cbbebfeaf5053a9bd3ddddcf0,True,calibration,7428,1,64,0,508,0.0,3.046875,False
pleia_energy,6,1,43,kWh per 10 minutes,60,smart_building_conformal/outputs/matched_forecasting005/pleia_energy_h6_f1_s43_v1,a94b3835135749e2f18b89fb6017d8d0b8b9d419cb0a1f9be11122d93d0a217f,db5dd9e0c7159d84191407dea45948a9d0d6374cbbebfeaf5053a9bd3ddddcf0,True,test,9907,1,557,0,996,0.0,326.53125,False
pleia_energy,1,0,43,kWh per 10 minutes,10,smart_building_conformal/outputs/matched_forecasting005/pleia_energy_h1_f0_s43_v1,a94b3835135749e2f18b89fb6017d8d0b8b9d419cb0a1f9be11122d93d0a217f,52768db6d93e91109aa850904e5813ea3eb00f1033b28e8dbd2606f5135f219d,True,calibration,9907,1,557,0,996,0.0,326.53125,False
pleia_energy,1,0,43,kWh per 10 minutes,10,smart_building_conformal/outputs/matched_forecasting005/pleia_energy_h1_f0_s43_v1,a94b3835135749e2f18b89fb6017d8d0b8b9d419cb0a1f9be11122d93d0a217f,52768db6d93e91109aa850904e5813ea3eb00f1033b28e8dbd2606f5135f219d,True,test,9909,1,442,0,1619,0.0,246.0078125,False
pleia_energy,3,0,43,kWh per 10 minutes,30,smart_building_conformal/outputs/matched_forecasting005/pleia_energy_h3_f0_s43_v1,a94b3835135749e2f18b89fb6017d8d0b8b9d419cb0a1f9be11122d93d0a217f,3eb185e1f8b4f8ebaa2bd3e7e80457404e7814019cf1e98cb4a1a1066cddc336,True,calibration,9906,1,557,0,996,0.0,326.53125,False
pleia_energy,3,0,43,kWh per 10 minutes,30,smart_building_conformal/outputs/matched_forecasting005/pleia_energy_h3_f0_s43_v1,a94b3835135749e2f18b89fb6017d8d0b8b9d419cb0a1f9be11122d93d0a217f,3eb185e1f8b4f8ebaa2bd3e7e80457404e7814019cf1e98cb4a1a1066cddc336,True,test,9909,1,442,0,1619,0.0,246.0078125,False
pleia_energy,6,0,43,kWh per 10 minutes,60,smart_building_conformal/outputs/matched_forecasting005/pleia_energy_h6_f0_s43_v1,a94b3835135749e2f18b89fb6017d8d0b8b9d419cb0a1f9be11122d93d0a217f,c316ec90721513caed8431e3a8234edc58438bc98095c78d35305dd478233aa6,True,calibration,9904,1,557,0,996,0.0,326.53125,False
pleia_energy,6,0,43,kWh per 10 minutes,60,smart_building_conformal/outputs/matched_forecasting005/pleia_energy_h6_f0_s43_v1,a94b3835135749e2f18b89fb6017d8d0b8b9d419cb0a1f9be11122d93d0a217f,c316ec90721513caed8431e3a8234edc58438bc98095c78d35305dd478233aa6,True,test,9909,1,442,0,1619,0.0,246.0078125,False
pleia_energy,1,1,44,kWh per 10 minutes,10,smart_building_conformal/outputs/matched_forecasting005/pleia_energy_h1_f1_s44_v1,a94b3835135749e2f18b89fb6017d8d0b8b9d419cb0a1f9be11122d93d0a217f,fa040e5e8c32fadd6392986a0df8dbfd2e99fd2c41fcb16efc018f6301ac5588,True,calibration,7430,1,64,0,508,0.0,3.046875,False
pleia_energy,1,1,44,kWh per 10 minutes,10,smart_building_conformal/outputs/matched_forecasting005/pleia_energy_h1_f1_s44_v1,a94b3835135749e2f18b89fb6017d8d0b8b9d419cb0a1f9be11122d93d0a217f,fa040e5e8c32fadd6392986a0df8dbfd2e99fd2c41fcb16efc018f6301ac5588,True,test,9907,1,557,0,996,0.0,326.53125,False
pleia_energy,3,1,44,kWh per 10 minutes,30,smart_building_conformal/outputs/matched_forecasting005/pleia_energy_h3_f1_s44_v1,a94b3835135749e2f18b89fb6017d8d0b8b9d419cb0a1f9be11122d93d0a217f,15744cbdf50123bfed771b75586629e0389848d25f4e791833fcffa54aa0932f,True,calibration,7429,1,64,0,508,0.0,3.046875,False
pleia_energy,3,1,44,kWh per 10 minutes,30,smart_building_conformal/outputs/matched_forecasting005/pleia_energy_h3_f1_s44_v1,a94b3835135749e2f18b89fb6017d8d0b8b9d419cb0a1f9be11122d93d0a217f,15744cbdf50123bfed771b75586629e0389848d25f4e791833fcffa54aa0932f,True,test,9907,1,557,0,996,0.0,326.53125,False
pleia_energy,6,1,44,kWh per 10 minutes,60,smart_building_conformal/outputs/matched_forecasting005/pleia_energy_h6_f1_s44_v1,a94b3835135749e2f18b89fb6017d8d0b8b9d419cb0a1f9be11122d93d0a217f,44aa0ec44a099dba2dbd7fec045eed74e79456d849161654051805ea201afed5,True,calibration,7428,1,64,0,508,0.0,3.046875,False
pleia_energy,6,1,44,kWh per 10 minutes,60,smart_building_conformal/outputs/matched_forecasting005/pleia_energy_h6_f1_s44_v1,a94b3835135749e2f18b89fb6017d8d0b8b9d419cb0a1f9be11122d93d0a217f,44aa0ec44a099dba2dbd7fec045eed74e79456d849161654051805ea201afed5,True,test,9907,1,557,0,996,0.0,326.53125,False
pleia_energy,1,0,44,kWh per 10 minutes,10,smart_building_conformal/outputs/matched_forecasting005/pleia_energy_h1_f0_s44_v1,a94b3835135749e2f18b89fb6017d8d0b8b9d419cb0a1f9be11122d93d0a217f,1c89ab32cbb43766a72a7fdbf9f5fba751fac2b5a7248e536e812457416857ec,True,calibration,9907,1,557,0,996,0.0,326.53125,False
pleia_energy,1,0,44,kWh per 10 minutes,10,smart_building_conformal/outputs/matched_forecasting005/pleia_energy_h1_f0_s44_v1,a94b3835135749e2f18b89fb6017d8d0b8b9d419cb0a1f9be11122d93d0a217f,1c89ab32cbb43766a72a7fdbf9f5fba751fac2b5a7248e536e812457416857ec,True,test,9909,1,442,0,1619,0.0,246.0078125,False
pleia_energy,3,0,44,kWh per 10 minutes,30,smart_building_conformal/outputs/matched_forecasting005/pleia_energy_h3_f0_s44_v1,a94b3835135749e2f18b89fb6017d8d0b8b9d419cb0a1f9be11122d93d0a217f,fc08af58fb2aaec38a8c2665c437f882729a6d19f769022d78b9cb06448158c3,True,calibration,9906,1,557,0,996,0.0,326.53125,False
pleia_energy,3,0,44,kWh per 10 minutes,30,smart_building_conformal/outputs/matched_forecasting005/pleia_energy_h3_f0_s44_v1,a94b3835135749e2f18b89fb6017d8d0b8b9d419cb0a1f9be11122d93d0a217f,fc08af58fb2aaec38a8c2665c437f882729a6d19f769022d78b9cb06448158c3,True,test,9909,1,442,0,1619,0.0,246.0078125,False
pleia_energy,6,0,44,kWh per 10 minutes,60,smart_building_conformal/outputs/matched_forecasting005/pleia_energy_h6_f0_s44_v1,a94b3835135749e2f18b89fb6017d8d0b8b9d419cb0a1f9be11122d93d0a217f,beab242517c7fb299c78020e552436a75640da60a4f7760aef5c1def1bdd79cf,True,calibration,9904,1,557,0,996,0.0,326.53125,False
pleia_energy,6,0,44,kWh per 10 minutes,60,smart_building_conformal/outputs/matched_forecasting005/pleia_energy_h6_f0_s44_v1,a94b3835135749e2f18b89fb6017d8d0b8b9d419cb0a1f9be11122d93d0a217f,beab242517c7fb299c78020e552436a75640da60a4f7760aef5c1def1bdd79cf,True,test,9909,1,442,0,1619,0.0,246.0078125,False
pleia_energy,1,1,45,kWh per 10 minutes,10,smart_building_conformal/outputs/matched_forecasting005/pleia_energy_h1_f1_s45_v1,a94b3835135749e2f18b89fb6017d8d0b8b9d419cb0a1f9be11122d93d0a217f,e5c1dae79856ba2985e5bf3d1ab459636cebb345a3f6408602b78f90761804ba,True,calibration,7430,1,64,0,508,0.0,3.046875,False
pleia_energy,1,1,45,kWh per 10 minutes,10,smart_building_conformal/outputs/matched_forecasting005/pleia_energy_h1_f1_s45_v1,a94b3835135749e2f18b89fb6017d8d0b8b9d419cb0a1f9be11122d93d0a217f,e5c1dae79856ba2985e5bf3d1ab459636cebb345a3f6408602b78f90761804ba,True,test,9907,1,557,0,996,0.0,326.53125,False
pleia_energy,3,1,45,kWh per 10 minutes,30,smart_building_conformal/outputs/matched_forecasting005/pleia_energy_h3_f1_s45_v1,a94b3835135749e2f18b89fb6017d8d0b8b9d419cb0a1f9be11122d93d0a217f,348012fb294a1756ef25f221352a18c83e5173d14ae9c1cdbfe96d8854baf3f0,True,calibration,7429,1,64,0,508,0.0,3.046875,False
pleia_energy,3,1,45,kWh per 10 minutes,30,smart_building_conformal/outputs/matched_forecasting005/pleia_energy_h3_f1_s45_v1,a94b3835135749e2f18b89fb6017d8d0b8b9d419cb0a1f9be11122d93d0a217f,348012fb294a1756ef25f221352a18c83e5173d14ae9c1cdbfe96d8854baf3f0,True,test,9907,1,557,0,996,0.0,326.53125,False
pleia_energy,6,1,45,kWh per 10 minutes,60,smart_building_conformal/outputs/matched_forecasting005/pleia_energy_h6_f1_s45_v1,a94b3835135749e2f18b89fb6017d8d0b8b9d419cb0a1f9be11122d93d0a217f,e2840eecdc0ab92509276e9c3ddbb386ba860a6883136be8b9f228010a50cac2,True,calibration,7428,1,64,0,508,0.0,3.046875,False
pleia_energy,6,1,45,kWh per 10 minutes,60,smart_building_conformal/outputs/matched_forecasting005/pleia_energy_h6_f1_s45_v1,a94b3835135749e2f18b89fb6017d8d0b8b9d419cb0a1f9be11122d93d0a217f,e2840eecdc0ab92509276e9c3ddbb386ba860a6883136be8b9f228010a50cac2,True,test,9907,1,557,0,996,0.0,326.53125,False
pleia_energy,1,0,45,kWh per 10 minutes,10,smart_building_conformal/outputs/matched_forecasting005/pleia_energy_h1_f0_s45_v1,a94b3835135749e2f18b89fb6017d8d0b8b9d419cb0a1f9be11122d93d0a217f,948bd682c0bd56fbbe5133392eb2d6b8646ad82ec0d0b8772fa165f286e449dc,True,calibration,9907,1,557,0,996,0.0,326.53125,False
pleia_energy,1,0,45,kWh per 10 minutes,10,smart_building_conformal/outputs/matched_forecasting005/pleia_energy_h1_f0_s45_v1,a94b3835135749e2f18b89fb6017d8d0b8b9d419cb0a1f9be11122d93d0a217f,948bd682c0bd56fbbe5133392eb2d6b8646ad82ec0d0b8772fa165f286e449dc,True,test,9909,1,442,0,1619,0.0,246.0078125,False
pleia_energy,3,0,45,kWh per 10 minutes,30,smart_building_conformal/outputs/matched_forecasting005/pleia_energy_h3_f0_s45_v1,a94b3835135749e2f18b89fb6017d8d0b8b9d419cb0a1f9be11122d93d0a217f,c5f9bfd1f2eb6f634a5c112233a2a733c43ca9f400bbe2628bde0b295469af88,True,calibration,9906,1,557,0,996,0.0,326.53125,False
pleia_energy,3,0,45,kWh per 10 minutes,30,smart_building_conformal/outputs/matched_forecasting005/pleia_energy_h3_f0_s45_v1,a94b3835135749e2f18b89fb6017d8d0b8b9d419cb0a1f9be11122d93d0a217f,c5f9bfd1f2eb6f634a5c112233a2a733c43ca9f400bbe2628bde0b295469af88,True,test,9909,1,442,0,1619,0.0,246.0078125,False
pleia_energy,6,0,45,kWh per 10 minutes,60,smart_building_conformal/outputs/matched_forecasting005/pleia_energy_h6_f0_s45_v1,a94b3835135749e2f18b89fb6017d8d0b8b9d419cb0a1f9be11122d93d0a217f,dd428e934c524a9daae0ec49ff2886dfff2883e6229feef74a12065f07cc7184,True,calibration,9904,1,557,0,996,0.0,326.53125,False
pleia_energy,6,0,45,kWh per 10 minutes,60,smart_building_conformal/outputs/matched_forecasting005/pleia_energy_h6_f0_s45_v1,a94b3835135749e2f18b89fb6017d8d0b8b9d419cb0a1f9be11122d93d0a217f,dd428e934c524a9daae0ec49ff2886dfff2883e6229feef74a12065f07cc7184,True,test,9909,1,442,0,1619,0.0,246.0078125,False
pleia_energy,1,1,46,kWh per 10 minutes,10,smart_building_conformal/outputs/matched_forecasting005/pleia_energy_h1_f1_s46_v1,a94b3835135749e2f18b89fb6017d8d0b8b9d419cb0a1f9be11122d93d0a217f,42ce421db703589fa05f08743d029d900203f71dcfc809653f70282c90d5db0c,True,calibration,7430,1,64,0,508,0.0,3.046875,False
pleia_energy,1,1,46,kWh per 10 minutes,10,smart_building_conformal/outputs/matched_forecasting005/pleia_energy_h1_f1_s46_v1,a94b3835135749e2f18b89fb6017d8d0b8b9d419cb0a1f9be11122d93d0a217f,42ce421db703589fa05f08743d029d900203f71dcfc809653f70282c90d5db0c,True,test,9907,1,557,0,996,0.0,326.53125,False
pleia_energy,3,1,46,kWh per 10 minutes,30,smart_building_conformal/outputs/matched_forecasting005/pleia_energy_h3_f1_s46_v1,a94b3835135749e2f18b89fb6017d8d0b8b9d419cb0a1f9be11122d93d0a217f,8776270b62861d4d439b536f09407a9ef30671a279401e7b6b22fc5064d2538e,True,calibration,7429,1,64,0,508,0.0,3.046875,False
pleia_energy,3,1,46,kWh per 10 minutes,30,smart_building_conformal/outputs/matched_forecasting005/pleia_energy_h3_f1_s46_v1,a94b3835135749e2f18b89fb6017d8d0b8b9d419cb0a1f9be11122d93d0a217f,8776270b62861d4d439b536f09407a9ef30671a279401e7b6b22fc5064d2538e,True,test,9907,1,557,0,996,0.0,326.53125,False
pleia_energy,6,1,46,kWh per 10 minutes,60,smart_building_conformal/outputs/matched_forecasting005/pleia_energy_h6_f1_s46_v1,a94b3835135749e2f18b89fb6017d8d0b8b9d419cb0a1f9be11122d93d0a217f,d65ac7c08324f695c221b4ac18143deff39ac0c271dc8aa96bc98db95fd1cd85,True,calibration,7428,1,64,0,508,0.0,3.046875,False
pleia_energy,6,1,46,kWh per 10 minutes,60,smart_building_conformal/outputs/matched_forecasting005/pleia_energy_h6_f1_s46_v1,a94b3835135749e2f18b89fb6017d8d0b8b9d419cb0a1f9be11122d93d0a217f,d65ac7c08324f695c221b4ac18143deff39ac0c271dc8aa96bc98db95fd1cd85,True,test,9907,1,557,0,996,0.0,326.53125,False
pleia_energy,1,0,46,kWh per 10 minutes,10,smart_building_conformal/outputs/matched_forecasting005/pleia_energy_h1_f0_s46_v1,a94b3835135749e2f18b89fb6017d8d0b8b9d419cb0a1f9be11122d93d0a217f,8ee91528127149f57a3d881cb696c3cb00739a08646ec128bcd6d9d17be0bb65,True,calibration,9907,1,557,0,996,0.0,326.53125,False
pleia_energy,1,0,46,kWh per 10 minutes,10,smart_building_conformal/outputs/matched_forecasting005/pleia_energy_h1_f0_s46_v1,a94b3835135749e2f18b89fb6017d8d0b8b9d419cb0a1f9be11122d93d0a217f,8ee91528127149f57a3d881cb696c3cb00739a08646ec128bcd6d9d17be0bb65,True,test,9909,1,442,0,1619,0.0,246.0078125,False
pleia_energy,3,0,46,kWh per 10 minutes,30,smart_building_conformal/outputs/matched_forecasting005/pleia_energy_h3_f0_s46_v1,a94b3835135749e2f18b89fb6017d8d0b8b9d419cb0a1f9be11122d93d0a217f,387f6578fde438aa38920408ef4477b06f8b22821c99d213e7f3a9c1367ff215,True,calibration,9906,1,557,0,996,0.0,326.53125,False
pleia_energy,3,0,46,kWh per 10 minutes,30,smart_building_conformal/outputs/matched_forecasting005/pleia_energy_h3_f0_s46_v1,a94b3835135749e2f18b89fb6017d8d0b8b9d419cb0a1f9be11122d93d0a217f,387f6578fde438aa38920408ef4477b06f8b22821c99d213e7f3a9c1367ff215,True,test,9909,1,442,0,1619,0.0,246.0078125,False
pleia_energy,6,0,46,kWh per 10 minutes,60,smart_building_conformal/outputs/matched_forecasting005/pleia_energy_h6_f0_s46_v1,a94b3835135749e2f18b89fb6017d8d0b8b9d419cb0a1f9be11122d93d0a217f,90e1e38760c153a78db3e9dce2ebafed538278dbce33865d62c06f92cdaa1447,True,calibration,9904,1,557,0,996,0.0,326.53125,False
pleia_energy,6,0,46,kWh per 10 minutes,60,smart_building_conformal/outputs/matched_forecasting005/pleia_energy_h6_f0_s46_v1,a94b3835135749e2f18b89fb6017d8d0b8b9d419cb0a1f9be11122d93d0a217f,90e1e38760c153a78db3e9dce2ebafed538278dbce33865d62c06f92cdaa1447,True,test,9909,1,442,0,1619,0.0,246.0078125,False
rico,5,1,42,degrees C,5,smart_building_conformal/outputs/matched_forecasting005/rico_h5_f1_s42_v1,a94b3835135749e2f18b89fb6017d8d0b8b9d419cb0a1f9be11122d93d0a217f,cac92156db8910e89e83c530999b6a597b6c85ec98c14f7a800c658b2c089667,True,calibration,6572,31,0,0,5609,13.7,31.0,False
rico,5,1,42,degrees C,5,smart_building_conformal/outputs/matched_forecasting005/rico_h5_f1_s42_v1,a94b3835135749e2f18b89fb6017d8d0b8b9d419cb0a1f9be11122d93d0a217f,cac92156db8910e89e83c530999b6a597b6c85ec98c14f7a800c658b2c089667,True,test,8692,41,0,0,6786,13.7,30.8,False
rico,15,1,42,degrees C,15,smart_building_conformal/outputs/matched_forecasting005/rico_h15_f1_s42_v1,a94b3835135749e2f18b89fb6017d8d0b8b9d419cb0a1f9be11122d93d0a217f,ed3c67ad2e6adbe1a6cbc2af3381b7c8ea11ef24a4e2aef349a4f7112a58705e,True,calibration,6262,31,0,0,5439,13.7,31.0,False
rico,15,1,42,degrees C,15,smart_building_conformal/outputs/matched_forecasting005/rico_h15_f1_s42_v1,a94b3835135749e2f18b89fb6017d8d0b8b9d419cb0a1f9be11122d93d0a217f,ed3c67ad2e6adbe1a6cbc2af3381b7c8ea11ef24a4e2aef349a4f7112a58705e,True,test,8282,41,0,0,6635,13.7,30.8,False
rico,30,1,42,degrees C,30,smart_building_conformal/outputs/matched_forecasting005/rico_h30_f1_s42_v1,a94b3835135749e2f18b89fb6017d8d0b8b9d419cb0a1f9be11122d93d0a217f,5c3d3d8d79736ad0df2ee5929d1975d8474fd7152d7cdeb6a7495cd5966cef9c,True,calibration,5797,31,0,0,5131,13.7,31.0,False
rico,30,1,42,degrees C,30,smart_building_conformal/outputs/matched_forecasting005/rico_h30_f1_s42_v1,a94b3835135749e2f18b89fb6017d8d0b8b9d419cb0a1f9be11122d93d0a217f,5c3d3d8d79736ad0df2ee5929d1975d8474fd7152d7cdeb6a7495cd5966cef9c,True,test,7667,41,0,0,6342,13.7,30.8,False
rico,60,1,42,degrees C,60,smart_building_conformal/outputs/matched_forecasting005/rico_h60_f1_s42_v1,a94b3835135749e2f18b89fb6017d8d0b8b9d419cb0a1f9be11122d93d0a217f,34d425451e5135d492a17e115b44c401310e46fac877c8dc0518c8fb9c6c1491,True,calibration,4867,31,0,0,4418,13.7,31.0,False
rico,60,1,42,degrees C,60,smart_building_conformal/outputs/matched_forecasting005/rico_h60_f1_s42_v1,a94b3835135749e2f18b89fb6017d8d0b8b9d419cb0a1f9be11122d93d0a217f,34d425451e5135d492a17e115b44c401310e46fac877c8dc0518c8fb9c6c1491,True,test,6437,41,0,0,5552,13.7,30.8,False
rico,5,0,42,degrees C,5,smart_building_conformal/outputs/matched_forecasting005/rico_h5_f0_s42_v1,a94b3835135749e2f18b89fb6017d8d0b8b9d419cb0a1f9be11122d93d0a217f,3f801ca1ae6e6bae5d5867d1603ec24dd3199541578c72841a5acb5c0996d654,True,calibration,8692,41,0,0,6786,13.7,30.8,False
rico,5,0,42,degrees C,5,smart_building_conformal/outputs/matched_forecasting005/rico_h5_f0_s42_v1,a94b3835135749e2f18b89fb6017d8d0b8b9d419cb0a1f9be11122d93d0a217f,3f801ca1ae6e6bae5d5867d1603ec24dd3199541578c72841a5acb5c0996d654,True,test,9116,43,0,0,7289,14.7,35.1,False
rico,15,0,42,degrees C,15,smart_building_conformal/outputs/matched_forecasting005/rico_h15_f0_s42_v1,a94b3835135749e2f18b89fb6017d8d0b8b9d419cb0a1f9be11122d93d0a217f,35d7e7979e0029b011d3a644df29a6f5dfcb2060f66e6efbcf4e730e5b8e0152,True,calibration,8282,41,0,0,6635,13.7,30.8,False
rico,15,0,42,degrees C,15,smart_building_conformal/outputs/matched_forecasting005/rico_h15_f0_s42_v1,a94b3835135749e2f18b89fb6017d8d0b8b9d419cb0a1f9be11122d93d0a217f,35d7e7979e0029b011d3a644df29a6f5dfcb2060f66e6efbcf4e730e5b8e0152,True,test,8686,43,0,0,7089,14.7,35.1,False
rico,30,0,42,degrees C,30,smart_building_conformal/outputs/matched_forecasting005/rico_h30_f0_s42_v1,a94b3835135749e2f18b89fb6017d8d0b8b9d419cb0a1f9be11122d93d0a217f,5ba13322b01145d05b2c5f2b05c5619bcfe383aea85e60905e78991ecdf1b774,True,calibration,7667,41,0,0,6342,13.7,30.8,False
rico,30,0,42,degrees C,30,smart_building_conformal/outputs/matched_forecasting005/rico_h30_f0_s42_v1,a94b3835135749e2f18b89fb6017d8d0b8b9d419cb0a1f9be11122d93d0a217f,5ba13322b01145d05b2c5f2b05c5619bcfe383aea85e60905e78991ecdf1b774,True,test,8041,43,0,0,6741,14.7,35.1,False
rico,60,0,42,degrees C,60,smart_building_conformal/outputs/matched_forecasting005/rico_h60_f0_s42_v1,a94b3835135749e2f18b89fb6017d8d0b8b9d419cb0a1f9be11122d93d0a217f,bf2e8cdb70aac376e7897ea8a3d31c01c5e326f268cf59ea5c736aa306992b81,True,calibration,6437,41,0,0,5552,13.7,30.8,False
rico,60,0,42,degrees C,60,smart_building_conformal/outputs/matched_forecasting005/rico_h60_f0_s42_v1,a94b3835135749e2f18b89fb6017d8d0b8b9d419cb0a1f9be11122d93d0a217f,bf2e8cdb70aac376e7897ea8a3d31c01c5e326f268cf59ea5c736aa306992b81,True,test,6751,43,0,0,5881,14.7,35.1,False
rico,5,1,43,degrees C,5,smart_building_conformal/outputs/matched_forecasting005/rico_h5_f1_s43_v1,a94b3835135749e2f18b89fb6017d8d0b8b9d419cb0a1f9be11122d93d0a217f,9ed966086f249e7122ffba92921ba5ed2f8c993d1d59d1175560a89a297eb56f,True,calibration,6572,31,0,0,5609,13.7,31.0,False
rico,5,1,43,degrees C,5,smart_building_conformal/outputs/matched_forecasting005/rico_h5_f1_s43_v1,a94b3835135749e2f18b89fb6017d8d0b8b9d419cb0a1f9be11122d93d0a217f,9ed966086f249e7122ffba92921ba5ed2f8c993d1d59d1175560a89a297eb56f,True,test,8692,41,0,0,6786,13.7,30.8,False
rico,15,1,43,degrees C,15,smart_building_conformal/outputs/matched_forecasting005/rico_h15_f1_s43_v1,a94b3835135749e2f18b89fb6017d8d0b8b9d419cb0a1f9be11122d93d0a217f,ab4a46108f81da69a97ddc0ede566e35a48c3739c89bdb9bf52592a9a54d0423,True,calibration,6262,31,0,0,5439,13.7,31.0,False
rico,15,1,43,degrees C,15,smart_building_conformal/outputs/matched_forecasting005/rico_h15_f1_s43_v1,a94b3835135749e2f18b89fb6017d8d0b8b9d419cb0a1f9be11122d93d0a217f,ab4a46108f81da69a97ddc0ede566e35a48c3739c89bdb9bf52592a9a54d0423,True,test,8282,41,0,0,6635,13.7,30.8,False
rico,30,1,43,degrees C,30,smart_building_conformal/outputs/matched_forecasting005/rico_h30_f1_s43_v1,a94b3835135749e2f18b89fb6017d8d0b8b9d419cb0a1f9be11122d93d0a217f,021b9b2fbef39475fd1ad6e13630cf2ec310d5c600e8eb82531cfb67c300a2c0,True,calibration,5797,31,0,0,5131,13.7,31.0,False
rico,30,1,43,degrees C,30,smart_building_conformal/outputs/matched_forecasting005/rico_h30_f1_s43_v1,a94b3835135749e2f18b89fb6017d8d0b8b9d419cb0a1f9be11122d93d0a217f,021b9b2fbef39475fd1ad6e13630cf2ec310d5c600e8eb82531cfb67c300a2c0,True,test,7667,41,0,0,6342,13.7,30.8,False
rico,60,1,43,degrees C,60,smart_building_conformal/outputs/matched_forecasting005/rico_h60_f1_s43_v1,a94b3835135749e2f18b89fb6017d8d0b8b9d419cb0a1f9be11122d93d0a217f,f608eea4dc5e72256c54e013a2db0fb9d5405cda0c6ccd1dcc8d38b362e790ff,True,calibration,4867,31,0,0,4418,13.7,31.0,False
rico,60,1,43,degrees C,60,smart_building_conformal/outputs/matched_forecasting005/rico_h60_f1_s43_v1,a94b3835135749e2f18b89fb6017d8d0b8b9d419cb0a1f9be11122d93d0a217f,f608eea4dc5e72256c54e013a2db0fb9d5405cda0c6ccd1dcc8d38b362e790ff,True,test,6437,41,0,0,5552,13.7,30.8,False
rico,5,0,43,degrees C,5,smart_building_conformal/outputs/matched_forecasting005/rico_h5_f0_s43_v1,a94b3835135749e2f18b89fb6017d8d0b8b9d419cb0a1f9be11122d93d0a217f,ec20d7056803562a22b537d1a31f678fe8d0eff62f13d3c26848638427c5eb00,True,calibration,8692,41,0,0,6786,13.7,30.8,False
rico,5,0,43,degrees C,5,smart_building_conformal/outputs/matched_forecasting005/rico_h5_f0_s43_v1,a94b3835135749e2f18b89fb6017d8d0b8b9d419cb0a1f9be11122d93d0a217f,ec20d7056803562a22b537d1a31f678fe8d0eff62f13d3c26848638427c5eb00,True,test,9116,43,0,0,7289,14.7,35.1,False
rico,15,0,43,degrees C,15,smart_building_conformal/outputs/matched_forecasting005/rico_h15_f0_s43_v1,a94b3835135749e2f18b89fb6017d8d0b8b9d419cb0a1f9be11122d93d0a217f,5e4c6f01b06012be787fa7b53f389e83a242274dc394ead5405992032a32460c,True,calibration,8282,41,0,0,6635,13.7,30.8,False
rico,15,0,43,degrees C,15,smart_building_conformal/outputs/matched_forecasting005/rico_h15_f0_s43_v1,a94b3835135749e2f18b89fb6017d8d0b8b9d419cb0a1f9be11122d93d0a217f,5e4c6f01b06012be787fa7b53f389e83a242274dc394ead5405992032a32460c,True,test,8686,43,0,0,7089,14.7,35.1,False
rico,30,0,43,degrees C,30,smart_building_conformal/outputs/matched_forecasting005/rico_h30_f0_s43_v1,a94b3835135749e2f18b89fb6017d8d0b8b9d419cb0a1f9be11122d93d0a217f,8c6793b1bbccd40a36062d6b912ccf43bdbfde27616522befa8b716b46bc1625,True,calibration,7667,41,0,0,6342,13.7,30.8,False
rico,30,0,43,degrees C,30,smart_building_conformal/outputs/matched_forecasting005/rico_h30_f0_s43_v1,a94b3835135749e2f18b89fb6017d8d0b8b9d419cb0a1f9be11122d93d0a217f,8c6793b1bbccd40a36062d6b912ccf43bdbfde27616522befa8b716b46bc1625,True,test,8041,43,0,0,6741,14.7,35.1,False
rico,60,0,43,degrees C,60,smart_building_conformal/outputs/matched_forecasting005/rico_h60_f0_s43_v1,a94b3835135749e2f18b89fb6017d8d0b8b9d419cb0a1f9be11122d93d0a217f,89e6eaa301e5e0b123943db829657b9330a883f25f73675dce4a9316c23e7b9b,True,calibration,6437,41,0,0,5552,13.7,30.8,False
rico,60,0,43,degrees C,60,smart_building_conformal/outputs/matched_forecasting005/rico_h60_f0_s43_v1,a94b3835135749e2f18b89fb6017d8d0b8b9d419cb0a1f9be11122d93d0a217f,89e6eaa301e5e0b123943db829657b9330a883f25f73675dce4a9316c23e7b9b,True,test,6751,43,0,0,5881,14.7,35.1,False
rico,5,1,44,degrees C,5,smart_building_conformal/outputs/matched_forecasting005/rico_h5_f1_s44_v1,a94b3835135749e2f18b89fb6017d8d0b8b9d419cb0a1f9be11122d93d0a217f,22f68cea779cc4cef709387af245bfbf7118b6a169618cd607d9be93a9792bc0,True,calibration,6572,31,0,0,5609,13.7,31.0,False
rico,5,1,44,degrees C,5,smart_building_conformal/outputs/matched_forecasting005/rico_h5_f1_s44_v1,a94b3835135749e2f18b89fb6017d8d0b8b9d419cb0a1f9be11122d93d0a217f,22f68cea779cc4cef709387af245bfbf7118b6a169618cd607d9be93a9792bc0,True,test,8692,41,0,0,6786,13.7,30.8,False
rico,15,1,44,degrees C,15,smart_building_conformal/outputs/matched_forecasting005/rico_h15_f1_s44_v1,a94b3835135749e2f18b89fb6017d8d0b8b9d419cb0a1f9be11122d93d0a217f,13e6c0359ecd6ef691c6e1fe3eda4da1c1570a24470a0ad1d86df1a9e01a3c81,True,calibration,6262,31,0,0,5439,13.7,31.0,False
rico,15,1,44,degrees C,15,smart_building_conformal/outputs/matched_forecasting005/rico_h15_f1_s44_v1,a94b3835135749e2f18b89fb6017d8d0b8b9d419cb0a1f9be11122d93d0a217f,13e6c0359ecd6ef691c6e1fe3eda4da1c1570a24470a0ad1d86df1a9e01a3c81,True,test,8282,41,0,0,6635,13.7,30.8,False
rico,30,1,44,degrees C,30,smart_building_conformal/outputs/matched_forecasting005/rico_h30_f1_s44_v1,a94b3835135749e2f18b89fb6017d8d0b8b9d419cb0a1f9be11122d93d0a217f,3a862f35d8cb1619052e5198c1a529caa2045b98b02cbfa6a18a11d64a615f0d,True,calibration,5797,31,0,0,5131,13.7,31.0,False
rico,30,1,44,degrees C,30,smart_building_conformal/outputs/matched_forecasting005/rico_h30_f1_s44_v1,a94b3835135749e2f18b89fb6017d8d0b8b9d419cb0a1f9be11122d93d0a217f,3a862f35d8cb1619052e5198c1a529caa2045b98b02cbfa6a18a11d64a615f0d,True,test,7667,41,0,0,6342,13.7,30.8,False
rico,60,1,44,degrees C,60,smart_building_conformal/outputs/matched_forecasting005/rico_h60_f1_s44_v1,a94b3835135749e2f18b89fb6017d8d0b8b9d419cb0a1f9be11122d93d0a217f,929eff6c9180b9dc1d9e18a9f3a1bcf82b854c58a93dcef9345bc594e42ed69a,True,calibration,4867,31,0,0,4418,13.7,31.0,False
rico,60,1,44,degrees C,60,smart_building_conformal/outputs/matched_forecasting005/rico_h60_f1_s44_v1,a94b3835135749e2f18b89fb6017d8d0b8b9d419cb0a1f9be11122d93d0a217f,929eff6c9180b9dc1d9e18a9f3a1bcf82b854c58a93dcef9345bc594e42ed69a,True,test,6437,41,0,0,5552,13.7,30.8,False
rico,5,0,44,degrees C,5,smart_building_conformal/outputs/matched_forecasting005/rico_h5_f0_s44_v1,a94b3835135749e2f18b89fb6017d8d0b8b9d419cb0a1f9be11122d93d0a217f,e27e0345c56115aa6dfefa687af04ed3d2e15260de6f78e2a43cbb6be0d404d5,True,calibration,8692,41,0,0,6786,13.7,30.8,False
rico,5,0,44,degrees C,5,smart_building_conformal/outputs/matched_forecasting005/rico_h5_f0_s44_v1,a94b3835135749e2f18b89fb6017d8d0b8b9d419cb0a1f9be11122d93d0a217f,e27e0345c56115aa6dfefa687af04ed3d2e15260de6f78e2a43cbb6be0d404d5,True,test,9116,43,0,0,7289,14.7,35.1,False
rico,15,0,44,degrees C,15,smart_building_conformal/outputs/matched_forecasting005/rico_h15_f0_s44_v1,a94b3835135749e2f18b89fb6017d8d0b8b9d419cb0a1f9be11122d93d0a217f,764d937d759bcd77be47c7735d6ccf9fd72aa6847f7d3182c428b3859e467156,True,calibration,8282,41,0,0,6635,13.7,30.8,False
rico,15,0,44,degrees C,15,smart_building_conformal/outputs/matched_forecasting005/rico_h15_f0_s44_v1,a94b3835135749e2f18b89fb6017d8d0b8b9d419cb0a1f9be11122d93d0a217f,764d937d759bcd77be47c7735d6ccf9fd72aa6847f7d3182c428b3859e467156,True,test,8686,43,0,0,7089,14.7,35.1,False
rico,30,0,44,degrees C,30,smart_building_conformal/outputs/matched_forecasting005/rico_h30_f0_s44_v1,a94b3835135749e2f18b89fb6017d8d0b8b9d419cb0a1f9be11122d93d0a217f,748c000f3e34a704f1bb4d7ef093ebc332ff85f8e26142edb9f3e52d9691dcef,True,calibration,7667,41,0,0,6342,13.7,30.8,False
rico,30,0,44,degrees C,30,smart_building_conformal/outputs/matched_forecasting005/rico_h30_f0_s44_v1,a94b3835135749e2f18b89fb6017d8d0b8b9d419cb0a1f9be11122d93d0a217f,748c000f3e34a704f1bb4d7ef093ebc332ff85f8e26142edb9f3e52d9691dcef,True,test,8041,43,0,0,6741,14.7,35.1,False
rico,60,0,44,degrees C,60,smart_building_conformal/outputs/matched_forecasting005/rico_h60_f0_s44_v1,a94b3835135749e2f18b89fb6017d8d0b8b9d419cb0a1f9be11122d93d0a217f,be47b44af22e24fa1a28c4289662e0d89e524fb4d4521fe0d996678db7fdde0b,True,calibration,6437,41,0,0,5552,13.7,30.8,False
rico,60,0,44,degrees C,60,smart_building_conformal/outputs/matched_forecasting005/rico_h60_f0_s44_v1,a94b3835135749e2f18b89fb6017d8d0b8b9d419cb0a1f9be11122d93d0a217f,be47b44af22e24fa1a28c4289662e0d89e524fb4d4521fe0d996678db7fdde0b,True,test,6751,43,0,0,5881,14.7,35.1,False
rico,5,1,45,degrees C,5,smart_building_conformal/outputs/matched_forecasting005/rico_h5_f1_s45_v1,a94b3835135749e2f18b89fb6017d8d0b8b9d419cb0a1f9be11122d93d0a217f,95bf54f3fdb06ac2294a15e606698913a6f064e04ee5ed6bf2a8707b84af167a,True,calibration,6572,31,0,0,5609,13.7,31.0,False
rico,5,1,45,degrees C,5,smart_building_conformal/outputs/matched_forecasting005/rico_h5_f1_s45_v1,a94b3835135749e2f18b89fb6017d8d0b8b9d419cb0a1f9be11122d93d0a217f,95bf54f3fdb06ac2294a15e606698913a6f064e04ee5ed6bf2a8707b84af167a,True,test,8692,41,0,0,6786,13.7,30.8,False
rico,15,1,45,degrees C,15,smart_building_conformal/outputs/matched_forecasting005/rico_h15_f1_s45_v1,a94b3835135749e2f18b89fb6017d8d0b8b9d419cb0a1f9be11122d93d0a217f,48b9d8f41fabada21e667542e662b06a1e145efe95def10151da3ea9aa0f5646,True,calibration,6262,31,0,0,5439,13.7,31.0,False
rico,15,1,45,degrees C,15,smart_building_conformal/outputs/matched_forecasting005/rico_h15_f1_s45_v1,a94b3835135749e2f18b89fb6017d8d0b8b9d419cb0a1f9be11122d93d0a217f,48b9d8f41fabada21e667542e662b06a1e145efe95def10151da3ea9aa0f5646,True,test,8282,41,0,0,6635,13.7,30.8,False
rico,30,1,45,degrees C,30,smart_building_conformal/outputs/matched_forecasting005/rico_h30_f1_s45_v1,a94b3835135749e2f18b89fb6017d8d0b8b9d419cb0a1f9be11122d93d0a217f,61d1b3a7407c7e5d96cad7d958dbf30439d93cbf4acdc5fd1b51e69221698272,True,calibration,5797,31,0,0,5131,13.7,31.0,False
rico,30,1,45,degrees C,30,smart_building_conformal/outputs/matched_forecasting005/rico_h30_f1_s45_v1,a94b3835135749e2f18b89fb6017d8d0b8b9d419cb0a1f9be11122d93d0a217f,61d1b3a7407c7e5d96cad7d958dbf30439d93cbf4acdc5fd1b51e69221698272,True,test,7667,41,0,0,6342,13.7,30.8,False
rico,60,1,45,degrees C,60,smart_building_conformal/outputs/matched_forecasting005/rico_h60_f1_s45_v1,a94b3835135749e2f18b89fb6017d8d0b8b9d419cb0a1f9be11122d93d0a217f,63f6fb72940cbd6193f24e3b9be56dd7c7d7b5df8d61d95d8bb0531a91b5bc5c,True,calibration,4867,31,0,0,4418,13.7,31.0,False
rico,60,1,45,degrees C,60,smart_building_conformal/outputs/matched_forecasting005/rico_h60_f1_s45_v1,a94b3835135749e2f18b89fb6017d8d0b8b9d419cb0a1f9be11122d93d0a217f,63f6fb72940cbd6193f24e3b9be56dd7c7d7b5df8d61d95d8bb0531a91b5bc5c,True,test,6437,41,0,0,5552,13.7,30.8,False
rico,5,0,45,degrees C,5,smart_building_conformal/outputs/matched_forecasting005/rico_h5_f0_s45_v1,a94b3835135749e2f18b89fb6017d8d0b8b9d419cb0a1f9be11122d93d0a217f,04fd6d4a75fe7c2cdc98b330af13b52b24962d3a9a5b8569662c0bff77741edc,True,calibration,8692,41,0,0,6786,13.7,30.8,False
rico,5,0,45,degrees C,5,smart_building_conformal/outputs/matched_forecasting005/rico_h5_f0_s45_v1,a94b3835135749e2f18b89fb6017d8d0b8b9d419cb0a1f9be11122d93d0a217f,04fd6d4a75fe7c2cdc98b330af13b52b24962d3a9a5b8569662c0bff77741edc,True,test,9116,43,0,0,7289,14.7,35.1,False
rico,15,0,45,degrees C,15,smart_building_conformal/outputs/matched_forecasting005/rico_h15_f0_s45_v1,a94b3835135749e2f18b89fb6017d8d0b8b9d419cb0a1f9be11122d93d0a217f,02b8a64fc716d3b0d159c2a37c6233c5afa5e2db3bc98070e3a88c21683aed29,True,calibration,8282,41,0,0,6635,13.7,30.8,False
rico,15,0,45,degrees C,15,smart_building_conformal/outputs/matched_forecasting005/rico_h15_f0_s45_v1,a94b3835135749e2f18b89fb6017d8d0b8b9d419cb0a1f9be11122d93d0a217f,02b8a64fc716d3b0d159c2a37c6233c5afa5e2db3bc98070e3a88c21683aed29,True,test,8686,43,0,0,7089,14.7,35.1,False
rico,30,0,45,degrees C,30,smart_building_conformal/outputs/matched_forecasting005/rico_h30_f0_s45_v1,a94b3835135749e2f18b89fb6017d8d0b8b9d419cb0a1f9be11122d93d0a217f,3b6f77e778a009fc19ea750996d39a8b1b9c61db93bae48713725210281ce09d,True,calibration,7667,41,0,0,6342,13.7,30.8,False
rico,30,0,45,degrees C,30,smart_building_conformal/outputs/matched_forecasting005/rico_h30_f0_s45_v1,a94b3835135749e2f18b89fb6017d8d0b8b9d419cb0a1f9be11122d93d0a217f,3b6f77e778a009fc19ea750996d39a8b1b9c61db93bae48713725210281ce09d,True,test,8041,43,0,0,6741,14.7,35.1,False
rico,60,0,45,degrees C,60,smart_building_conformal/outputs/matched_forecasting005/rico_h60_f0_s45_v1,a94b3835135749e2f18b89fb6017d8d0b8b9d419cb0a1f9be11122d93d0a217f,d6b8bba37de95183b62360d706317177bfba15aba34b647f220cbbe8595bb3e2,True,calibration,6437,41,0,0,5552,13.7,30.8,False
rico,60,0,45,degrees C,60,smart_building_conformal/outputs/matched_forecasting005/rico_h60_f0_s45_v1,a94b3835135749e2f18b89fb6017d8d0b8b9d419cb0a1f9be11122d93d0a217f,d6b8bba37de95183b62360d706317177bfba15aba34b647f220cbbe8595bb3e2,True,test,6751,43,0,0,5881,14.7,35.1,False
rico,5,1,46,degrees C,5,smart_building_conformal/outputs/matched_forecasting005/rico_h5_f1_s46_v1,a94b3835135749e2f18b89fb6017d8d0b8b9d419cb0a1f9be11122d93d0a217f,700f37b782032116d9aaac448ea39fa9e4ec658081dd60a6063305f505d86dc2,True,calibration,6572,31,0,0,5609,13.7,31.0,False
rico,5,1,46,degrees C,5,smart_building_conformal/outputs/matched_forecasting005/rico_h5_f1_s46_v1,a94b3835135749e2f18b89fb6017d8d0b8b9d419cb0a1f9be11122d93d0a217f,700f37b782032116d9aaac448ea39fa9e4ec658081dd60a6063305f505d86dc2,True,test,8692,41,0,0,6786,13.7,30.8,False
rico,15,1,46,degrees C,15,smart_building_conformal/outputs/matched_forecasting005/rico_h15_f1_s46_v1,a94b3835135749e2f18b89fb6017d8d0b8b9d419cb0a1f9be11122d93d0a217f,9d15fb91cb02767e342d79592b63cc27f689243bd0fd81eb9afe26372d817566,True,calibration,6262,31,0,0,5439,13.7,31.0,False
rico,15,1,46,degrees C,15,smart_building_conformal/outputs/matched_forecasting005/rico_h15_f1_s46_v1,a94b3835135749e2f18b89fb6017d8d0b8b9d419cb0a1f9be11122d93d0a217f,9d15fb91cb02767e342d79592b63cc27f689243bd0fd81eb9afe26372d817566,True,test,8282,41,0,0,6635,13.7,30.8,False
rico,30,1,46,degrees C,30,smart_building_conformal/outputs/matched_forecasting005/rico_h30_f1_s46_v1,a94b3835135749e2f18b89fb6017d8d0b8b9d419cb0a1f9be11122d93d0a217f,6036eb2eba2ee0a52cc75fdce247c1aca7a1e644acd5059d7082928021caafa9,True,calibration,5797,31,0,0,5131,13.7,31.0,False
rico,30,1,46,degrees C,30,smart_building_conformal/outputs/matched_forecasting005/rico_h30_f1_s46_v1,a94b3835135749e2f18b89fb6017d8d0b8b9d419cb0a1f9be11122d93d0a217f,6036eb2eba2ee0a52cc75fdce247c1aca7a1e644acd5059d7082928021caafa9,True,test,7667,41,0,0,6342,13.7,30.8,False
rico,60,1,46,degrees C,60,smart_building_conformal/outputs/matched_forecasting005/rico_h60_f1_s46_v1,a94b3835135749e2f18b89fb6017d8d0b8b9d419cb0a1f9be11122d93d0a217f,4a2a4f6ad9d8dfbd01db4f8c67d990f462484df0bd056e100512edf430d256fb,True,calibration,4867,31,0,0,4418,13.7,31.0,False
rico,60,1,46,degrees C,60,smart_building_conformal/outputs/matched_forecasting005/rico_h60_f1_s46_v1,a94b3835135749e2f18b89fb6017d8d0b8b9d419cb0a1f9be11122d93d0a217f,4a2a4f6ad9d8dfbd01db4f8c67d990f462484df0bd056e100512edf430d256fb,True,test,6437,41,0,0,5552,13.7,30.8,False
rico,5,0,46,degrees C,5,smart_building_conformal/outputs/matched_forecasting005/rico_h5_f0_s46_v1,a94b3835135749e2f18b89fb6017d8d0b8b9d419cb0a1f9be11122d93d0a217f,fc8c69fd2c3a2a71958f06036813be5af871658ce02f58821403d78fd1d3592c,True,calibration,8692,41,0,0,6786,13.7,30.8,False
rico,5,0,46,degrees C,5,smart_building_conformal/outputs/matched_forecasting005/rico_h5_f0_s46_v1,a94b3835135749e2f18b89fb6017d8d0b8b9d419cb0a1f9be11122d93d0a217f,fc8c69fd2c3a2a71958f06036813be5af871658ce02f58821403d78fd1d3592c,True,test,9116,43,0,0,7289,14.7,35.1,False
rico,15,0,46,degrees C,15,smart_building_conformal/outputs/matched_forecasting005/rico_h15_f0_s46_v1,a94b3835135749e2f18b89fb6017d8d0b8b9d419cb0a1f9be11122d93d0a217f,a9aa95f7fc5f7421389a93a8419e797cc7b79c9f83c3c516c9012ab5755f3645,True,calibration,8282,41,0,0,6635,13.7,30.8,False
rico,15,0,46,degrees C,15,smart_building_conformal/outputs/matched_forecasting005/rico_h15_f0_s46_v1,a94b3835135749e2f18b89fb6017d8d0b8b9d419cb0a1f9be11122d93d0a217f,a9aa95f7fc5f7421389a93a8419e797cc7b79c9f83c3c516c9012ab5755f3645,True,test,8686,43,0,0,7089,14.7,35.1,False
rico,30,0,46,degrees C,30,smart_building_conformal/outputs/matched_forecasting005/rico_h30_f0_s46_v1,a94b3835135749e2f18b89fb6017d8d0b8b9d419cb0a1f9be11122d93d0a217f,7156939e7a0a8e5a2a20d5f1c3732b58a8f7dfc65075264d23a5e285f0bde468,True,calibration,7667,41,0,0,6342,13.7,30.8,False
rico,30,0,46,degrees C,30,smart_building_conformal/outputs/matched_forecasting005/rico_h30_f0_s46_v1,a94b3835135749e2f18b89fb6017d8d0b8b9d419cb0a1f9be11122d93d0a217f,7156939e7a0a8e5a2a20d5f1c3732b58a8f7dfc65075264d23a5e285f0bde468,True,test,8041,43,0,0,6741,14.7,35.1,False
rico,60,0,46,degrees C,60,smart_building_conformal/outputs/matched_forecasting005/rico_h60_f0_s46_v1,a94b3835135749e2f18b89fb6017d8d0b8b9d419cb0a1f9be11122d93d0a217f,c8a0f7f09c510ab5d3239bbece5a47692acdfb33881d2fa9338f70f7a34d4d65,True,calibration,6437,41,0,0,5552,13.7,30.8,False
rico,60,0,46,degrees C,60,smart_building_conformal/outputs/matched_forecasting005/rico_h60_f0_s46_v1,a94b3835135749e2f18b89fb6017d8d0b8b9d419cb0a1f9be11122d93d0a217f,c8a0f7f09c510ab5d3239bbece5a47692acdfb33881d2fa9338f70f7a34d4d65,True,test,6751,43,0,0,5881,14.7,35.1,False
bdg2,3,1,42,kWh per hour,180,smart_building_conformal/outputs/matched_forecasting005/bdg2_h3_f1_s42_v1,a94b3835135749e2f18b89fb6017d8d0b8b9d419cb0a1f9be11122d93d0a217f,ad66c8593217d635e7ccbc0d6004290473fb9169afeb10f8d024d50a5e53f48f,True,calibration,25992,10,74,0,2208,0.0,1309.0,False
bdg2,3,1,42,kWh per hour,180,smart_building_conformal/outputs/matched_forecasting005/bdg2_h3_f1_s42_v1,a94b3835135749e2f18b89fb6017d8d0b8b9d419cb0a1f9be11122d93d0a217f,ad66c8593217d635e7ccbc0d6004290473fb9169afeb10f8d024d50a5e53f48f,True,test,34536,10,46,0,7062,0.0,1487.017,False
bdg2,6,1,42,kWh per hour,360,smart_building_conformal/outputs/matched_forecasting005/bdg2_h6_f1_s42_v1,a94b3835135749e2f18b89fb6017d8d0b8b9d419cb0a1f9be11122d93d0a217f,b84f501d2e055a22e83c4ad2a296e2d89b986e587233bf753b8309b2fd241ac0,True,calibration,25982,10,74,0,2202,0.0,1309.0,False
bdg2,6,1,42,kWh per hour,360,smart_building_conformal/outputs/matched_forecasting005/bdg2_h6_f1_s42_v1,a94b3835135749e2f18b89fb6017d8d0b8b9d419cb0a1f9be11122d93d0a217f,b84f501d2e055a22e83c4ad2a296e2d89b986e587233bf753b8309b2fd241ac0,True,test,34542,10,46,0,7069,0.0,1487.017,False
bdg2,1,0,42,kWh per hour,60,smart_building_conformal/outputs/matched_forecasting005/bdg2_h1_f0_s42_v1,a94b3835135749e2f18b89fb6017d8d0b8b9d419cb0a1f9be11122d93d0a217f,903363aeb03f9eeee3aef13f3b9fa7469364746d3885fdee5071f9affb2052d0,True,calibration,34534,10,46,0,7060,0.0,1487.017,False
bdg2,1,0,42,kWh per hour,60,smart_building_conformal/outputs/matched_forecasting005/bdg2_h1_f0_s42_v1,a94b3835135749e2f18b89fb6017d8d0b8b9d419cb0a1f9be11122d93d0a217f,903363aeb03f9eeee3aef13f3b9fa7469364746d3885fdee5071f9affb2052d0,True,test,34426,10,3369,0,6361,0.0,1336.095,False
bdg2,3,0,42,kWh per hour,180,smart_building_conformal/outputs/matched_forecasting005/bdg2_h3_f0_s42_v1,a94b3835135749e2f18b89fb6017d8d0b8b9d419cb0a1f9be11122d93d0a217f,9503143ce3e99710afe24d5eabf50b0791e4bbe18de2eea65e877e46d6f9de20,True,calibration,34532,10,46,0,7066,0.0,1487.017,False
bdg2,3,0,42,kWh per hour,180,smart_building_conformal/outputs/matched_forecasting005/bdg2_h3_f0_s42_v1,a94b3835135749e2f18b89fb6017d8d0b8b9d419cb0a1f9be11122d93d0a217f,9503143ce3e99710afe24d5eabf50b0791e4bbe18de2eea65e877e46d6f9de20,True,test,34422,10,3369,0,6358,0.0,1336.095,False
bdg2,6,0,42,kWh per hour,360,smart_building_conformal/outputs/matched_forecasting005/bdg2_h6_f0_s42_v1,a94b3835135749e2f18b89fb6017d8d0b8b9d419cb0a1f9be11122d93d0a217f,cb1d502556e277e1cf7e312d06c35da6bdc291d61ea507a205333d5e373cf772,True,calibration,34524,10,46,0,7075,0.0,1487.017,False
bdg2,6,0,42,kWh per hour,360,smart_building_conformal/outputs/matched_forecasting005/bdg2_h6_f0_s42_v1,a94b3835135749e2f18b89fb6017d8d0b8b9d419cb0a1f9be11122d93d0a217f,cb1d502556e277e1cf7e312d06c35da6bdc291d61ea507a205333d5e373cf772,True,test,34416,10,3369,0,6355,0.0,1336.095,False
bdg2,1,1,43,kWh per hour,60,smart_building_conformal/outputs/matched_forecasting005/bdg2_h1_f1_s43_v1,a94b3835135749e2f18b89fb6017d8d0b8b9d419cb0a1f9be11122d93d0a217f,d3327ce08965ad0372f97c1be428b9b0f5f943e6f24239c4a1680c22fec9d7c8,True,calibration,26002,10,74,0,2212,0.0,1309.0,False
bdg2,1,1,43,kWh per hour,60,smart_building_conformal/outputs/matched_forecasting005/bdg2_h1_f1_s43_v1,a94b3835135749e2f18b89fb6017d8d0b8b9d419cb0a1f9be11122d93d0a217f,d3327ce08965ad0372f97c1be428b9b0f5f943e6f24239c4a1680c22fec9d7c8,True,test,34532,10,46,0,7058,0.0,1487.017,False
bdg2,3,1,43,kWh per hour,180,smart_building_conformal/outputs/matched_forecasting005/bdg2_h3_f1_s43_v1,a94b3835135749e2f18b89fb6017d8d0b8b9d419cb0a1f9be11122d93d0a217f,487d3c82fd70e5707675be8038196a38e810a0504f785ee580590aab7c6aee7d,True,calibration,25992,10,74,0,2208,0.0,1309.0,False
bdg2,3,1,43,kWh per hour,180,smart_building_conformal/outputs/matched_forecasting005/bdg2_h3_f1_s43_v1,a94b3835135749e2f18b89fb6017d8d0b8b9d419cb0a1f9be11122d93d0a217f,487d3c82fd70e5707675be8038196a38e810a0504f785ee580590aab7c6aee7d,True,test,34536,10,46,0,7062,0.0,1487.017,False
bdg2,6,1,43,kWh per hour,360,smart_building_conformal/outputs/matched_forecasting005/bdg2_h6_f1_s43_v1,a94b3835135749e2f18b89fb6017d8d0b8b9d419cb0a1f9be11122d93d0a217f,bb43e266e1fd63570467ce7bc0989dcaab9087af9217dbe09cfa18903e01b0f8,True,calibration,25982,10,74,0,2202,0.0,1309.0,False
bdg2,6,1,43,kWh per hour,360,smart_building_conformal/outputs/matched_forecasting005/bdg2_h6_f1_s43_v1,a94b3835135749e2f18b89fb6017d8d0b8b9d419cb0a1f9be11122d93d0a217f,bb43e266e1fd63570467ce7bc0989dcaab9087af9217dbe09cfa18903e01b0f8,True,test,34542,10,46,0,7069,0.0,1487.017,False
bdg2,1,0,43,kWh per hour,60,smart_building_conformal/outputs/matched_forecasting005/bdg2_h1_f0_s43_v1,a94b3835135749e2f18b89fb6017d8d0b8b9d419cb0a1f9be11122d93d0a217f,bd967fc5210c19a9fad9a5e7343341181dbe2ecb2481131260439ea4feaa7bcd,True,calibration,34534,10,46,0,7060,0.0,1487.017,False
bdg2,1,0,43,kWh per hour,60,smart_building_conformal/outputs/matched_forecasting005/bdg2_h1_f0_s43_v1,a94b3835135749e2f18b89fb6017d8d0b8b9d419cb0a1f9be11122d93d0a217f,bd967fc5210c19a9fad9a5e7343341181dbe2ecb2481131260439ea4feaa7bcd,True,test,34426,10,3369,0,6361,0.0,1336.095,False
bdg2,3,0,43,kWh per hour,180,smart_building_conformal/outputs/matched_forecasting005/bdg2_h3_f0_s43_v1,a94b3835135749e2f18b89fb6017d8d0b8b9d419cb0a1f9be11122d93d0a217f,c7929303b37300ff2f92a5b9afeb59fc488d3b5aede2ed6764630aade06f0e64,True,calibration,34532,10,46,0,7066,0.0,1487.017,False
bdg2,3,0,43,kWh per hour,180,smart_building_conformal/outputs/matched_forecasting005/bdg2_h3_f0_s43_v1,a94b3835135749e2f18b89fb6017d8d0b8b9d419cb0a1f9be11122d93d0a217f,c7929303b37300ff2f92a5b9afeb59fc488d3b5aede2ed6764630aade06f0e64,True,test,34422,10,3369,0,6358,0.0,1336.095,False
bdg2,6,0,43,kWh per hour,360,smart_building_conformal/outputs/matched_forecasting005/bdg2_h6_f0_s43_v1,a94b3835135749e2f18b89fb6017d8d0b8b9d419cb0a1f9be11122d93d0a217f,0e9192f15835bf56012a596cacb22cc5efab7bb8f7f85ac9b25b08c2162b6cef,True,calibration,34524,10,46,0,7075,0.0,1487.017,False
bdg2,6,0,43,kWh per hour,360,smart_building_conformal/outputs/matched_forecasting005/bdg2_h6_f0_s43_v1,a94b3835135749e2f18b89fb6017d8d0b8b9d419cb0a1f9be11122d93d0a217f,0e9192f15835bf56012a596cacb22cc5efab7bb8f7f85ac9b25b08c2162b6cef,True,test,34416,10,3369,0,6355,0.0,1336.095,False
bdg2,1,1,44,kWh per hour,60,smart_building_conformal/outputs/matched_forecasting005/bdg2_h1_f1_s44_v1,a94b3835135749e2f18b89fb6017d8d0b8b9d419cb0a1f9be11122d93d0a217f,5c5a7b4dead787180940a21cedd8d9766e0c5046d927ee4ce93eed7b92089c0e,True,calibration,26002,10,74,0,2212,0.0,1309.0,False
bdg2,1,1,44,kWh per hour,60,smart_building_conformal/outputs/matched_forecasting005/bdg2_h1_f1_s44_v1,a94b3835135749e2f18b89fb6017d8d0b8b9d419cb0a1f9be11122d93d0a217f,5c5a7b4dead787180940a21cedd8d9766e0c5046d927ee4ce93eed7b92089c0e,True,test,34532,10,46,0,7058,0.0,1487.017,False
bdg2,3,1,44,kWh per hour,180,smart_building_conformal/outputs/matched_forecasting005/bdg2_h3_f1_s44_v1,a94b3835135749e2f18b89fb6017d8d0b8b9d419cb0a1f9be11122d93d0a217f,0a6dfd2e310a2488ceed841238b93d433bfa8d694cc9a48564a9aef3e09db30d,True,calibration,25992,10,74,0,2208,0.0,1309.0,False
bdg2,3,1,44,kWh per hour,180,smart_building_conformal/outputs/matched_forecasting005/bdg2_h3_f1_s44_v1,a94b3835135749e2f18b89fb6017d8d0b8b9d419cb0a1f9be11122d93d0a217f,0a6dfd2e310a2488ceed841238b93d433bfa8d694cc9a48564a9aef3e09db30d,True,test,34536,10,46,0,7062,0.0,1487.017,False
bdg2,6,1,44,kWh per hour,360,smart_building_conformal/outputs/matched_forecasting005/bdg2_h6_f1_s44_v1,a94b3835135749e2f18b89fb6017d8d0b8b9d419cb0a1f9be11122d93d0a217f,45171f33dbc5849765b7ccfe1a9c8113b9126fb2de127cb5b997a4d3804f6d90,True,calibration,25982,10,74,0,2202,0.0,1309.0,False
bdg2,6,1,44,kWh per hour,360,smart_building_conformal/outputs/matched_forecasting005/bdg2_h6_f1_s44_v1,a94b3835135749e2f18b89fb6017d8d0b8b9d419cb0a1f9be11122d93d0a217f,45171f33dbc5849765b7ccfe1a9c8113b9126fb2de127cb5b997a4d3804f6d90,True,test,34542,10,46,0,7069,0.0,1487.017,False
bdg2,1,0,44,kWh per hour,60,smart_building_conformal/outputs/matched_forecasting005/bdg2_h1_f0_s44_v1,a94b3835135749e2f18b89fb6017d8d0b8b9d419cb0a1f9be11122d93d0a217f,66bc662bdf28008cfec0aac5a1d05bb2bbebdf508a16438e411f24fd29a932c9,True,calibration,34534,10,46,0,7060,0.0,1487.017,False
bdg2,1,0,44,kWh per hour,60,smart_building_conformal/outputs/matched_forecasting005/bdg2_h1_f0_s44_v1,a94b3835135749e2f18b89fb6017d8d0b8b9d419cb0a1f9be11122d93d0a217f,66bc662bdf28008cfec0aac5a1d05bb2bbebdf508a16438e411f24fd29a932c9,True,test,34426,10,3369,0,6361,0.0,1336.095,False
bdg2,3,0,44,kWh per hour,180,smart_building_conformal/outputs/matched_forecasting005/bdg2_h3_f0_s44_v1,a94b3835135749e2f18b89fb6017d8d0b8b9d419cb0a1f9be11122d93d0a217f,00aef7426ec16c932c691135fa33412197f05f1715b136471aa9f2fc55174583,True,calibration,34532,10,46,0,7066,0.0,1487.017,False
bdg2,3,0,44,kWh per hour,180,smart_building_conformal/outputs/matched_forecasting005/bdg2_h3_f0_s44_v1,a94b3835135749e2f18b89fb6017d8d0b8b9d419cb0a1f9be11122d93d0a217f,00aef7426ec16c932c691135fa33412197f05f1715b136471aa9f2fc55174583,True,test,34422,10,3369,0,6358,0.0,1336.095,False
bdg2,6,0,44,kWh per hour,360,smart_building_conformal/outputs/matched_forecasting005/bdg2_h6_f0_s44_v1,a94b3835135749e2f18b89fb6017d8d0b8b9d419cb0a1f9be11122d93d0a217f,a11bbded2343c28109f27463c66ff27e3a0c0e6b460377afd1af9eb41c611732,True,calibration,34524,10,46,0,7075,0.0,1487.017,False
bdg2,6,0,44,kWh per hour,360,smart_building_conformal/outputs/matched_forecasting005/bdg2_h6_f0_s44_v1,a94b3835135749e2f18b89fb6017d8d0b8b9d419cb0a1f9be11122d93d0a217f,a11bbded2343c28109f27463c66ff27e3a0c0e6b460377afd1af9eb41c611732,True,test,34416,10,3369,0,6355,0.0,1336.095,False
bdg2,1,1,45,kWh per hour,60,smart_building_conformal/outputs/matched_forecasting005/bdg2_h1_f1_s45_v1,a94b3835135749e2f18b89fb6017d8d0b8b9d419cb0a1f9be11122d93d0a217f,f9d483a7c9461c72addef0357070ca45aaabc7225fa289a6966e156f7b4d304d,True,calibration,26002,10,74,0,2212,0.0,1309.0,False
bdg2,1,1,45,kWh per hour,60,smart_building_conformal/outputs/matched_forecasting005/bdg2_h1_f1_s45_v1,a94b3835135749e2f18b89fb6017d8d0b8b9d419cb0a1f9be11122d93d0a217f,f9d483a7c9461c72addef0357070ca45aaabc7225fa289a6966e156f7b4d304d,True,test,34532,10,46,0,7058,0.0,1487.017,False
bdg2,3,1,45,kWh per hour,180,smart_building_conformal/outputs/matched_forecasting005/bdg2_h3_f1_s45_v1,a94b3835135749e2f18b89fb6017d8d0b8b9d419cb0a1f9be11122d93d0a217f,776e4cf8e7c739b553eabcac630f140cbc854ea43c07db303775bbdc5162ead4,True,calibration,25992,10,74,0,2208,0.0,1309.0,False
bdg2,3,1,45,kWh per hour,180,smart_building_conformal/outputs/matched_forecasting005/bdg2_h3_f1_s45_v1,a94b3835135749e2f18b89fb6017d8d0b8b9d419cb0a1f9be11122d93d0a217f,776e4cf8e7c739b553eabcac630f140cbc854ea43c07db303775bbdc5162ead4,True,test,34536,10,46,0,7062,0.0,1487.017,False
bdg2,6,1,45,kWh per hour,360,smart_building_conformal/outputs/matched_forecasting005/bdg2_h6_f1_s45_v1,a94b3835135749e2f18b89fb6017d8d0b8b9d419cb0a1f9be11122d93d0a217f,c0d3688dee4c0dabce6e75c3ddc5934120ec0e6f3975774d7a141c176233fbc0,True,calibration,25982,10,74,0,2202,0.0,1309.0,False
bdg2,6,1,45,kWh per hour,360,smart_building_conformal/outputs/matched_forecasting005/bdg2_h6_f1_s45_v1,a94b3835135749e2f18b89fb6017d8d0b8b9d419cb0a1f9be11122d93d0a217f,c0d3688dee4c0dabce6e75c3ddc5934120ec0e6f3975774d7a141c176233fbc0,True,test,34542,10,46,0,7069,0.0,1487.017,False
bdg2,1,0,45,kWh per hour,60,smart_building_conformal/outputs/matched_forecasting005/bdg2_h1_f0_s45_v1,a94b3835135749e2f18b89fb6017d8d0b8b9d419cb0a1f9be11122d93d0a217f,82f781b32fd6315cf99ab97bfc074bf27755e7597f62a7b010229ddf817c7190,True,calibration,34534,10,46,0,7060,0.0,1487.017,False
bdg2,1,0,45,kWh per hour,60,smart_building_conformal/outputs/matched_forecasting005/bdg2_h1_f0_s45_v1,a94b3835135749e2f18b89fb6017d8d0b8b9d419cb0a1f9be11122d93d0a217f,82f781b32fd6315cf99ab97bfc074bf27755e7597f62a7b010229ddf817c7190,True,test,34426,10,3369,0,6361,0.0,1336.095,False
bdg2,3,0,45,kWh per hour,180,smart_building_conformal/outputs/matched_forecasting005/bdg2_h3_f0_s45_v1,a94b3835135749e2f18b89fb6017d8d0b8b9d419cb0a1f9be11122d93d0a217f,a01df018f0e3df3c16a5d0d46c92429a88d394456a5f36fdc1cf6767927748fc,True,calibration,34532,10,46,0,7066,0.0,1487.017,False
bdg2,3,0,45,kWh per hour,180,smart_building_conformal/outputs/matched_forecasting005/bdg2_h3_f0_s45_v1,a94b3835135749e2f18b89fb6017d8d0b8b9d419cb0a1f9be11122d93d0a217f,a01df018f0e3df3c16a5d0d46c92429a88d394456a5f36fdc1cf6767927748fc,True,test,34422,10,3369,0,6358,0.0,1336.095,False
bdg2,6,0,45,kWh per hour,360,smart_building_conformal/outputs/matched_forecasting005/bdg2_h6_f0_s45_v1,a94b3835135749e2f18b89fb6017d8d0b8b9d419cb0a1f9be11122d93d0a217f,7f7805c629899db19ecf43df4c987ee240fc9a5fb5f32ad3b1fb5a327d85c72e,True,calibration,34524,10,46,0,7075,0.0,1487.017,False
bdg2,6,0,45,kWh per hour,360,smart_building_conformal/outputs/matched_forecasting005/bdg2_h6_f0_s45_v1,a94b3835135749e2f18b89fb6017d8d0b8b9d419cb0a1f9be11122d93d0a217f,7f7805c629899db19ecf43df4c987ee240fc9a5fb5f32ad3b1fb5a327d85c72e,True,test,34416,10,3369,0,6355,0.0,1336.095,False
bdg2,1,1,46,kWh per hour,60,smart_building_conformal/outputs/matched_forecasting005/bdg2_h1_f1_s46_v1,a94b3835135749e2f18b89fb6017d8d0b8b9d419cb0a1f9be11122d93d0a217f,b4c8f84edfa9f84a127a158bf6f9ea63e695153635fc2894c0b9f7043dead668,True,calibration,26002,10,74,0,2212,0.0,1309.0,False
bdg2,1,1,46,kWh per hour,60,smart_building_conformal/outputs/matched_forecasting005/bdg2_h1_f1_s46_v1,a94b3835135749e2f18b89fb6017d8d0b8b9d419cb0a1f9be11122d93d0a217f,b4c8f84edfa9f84a127a158bf6f9ea63e695153635fc2894c0b9f7043dead668,True,test,34532,10,46,0,7058,0.0,1487.017,False
bdg2,3,1,46,kWh per hour,180,smart_building_conformal/outputs/matched_forecasting005/bdg2_h3_f1_s46_v1,a94b3835135749e2f18b89fb6017d8d0b8b9d419cb0a1f9be11122d93d0a217f,d06ea67024449995488f201755c086a541264e7ca380e9acc0ba5ccb25e1345f,True,calibration,25992,10,74,0,2208,0.0,1309.0,False
bdg2,3,1,46,kWh per hour,180,smart_building_conformal/outputs/matched_forecasting005/bdg2_h3_f1_s46_v1,a94b3835135749e2f18b89fb6017d8d0b8b9d419cb0a1f9be11122d93d0a217f,d06ea67024449995488f201755c086a541264e7ca380e9acc0ba5ccb25e1345f,True,test,34536,10,46,0,7062,0.0,1487.017,False
bdg2,6,1,46,kWh per hour,360,smart_building_conformal/outputs/matched_forecasting005/bdg2_h6_f1_s46_v1,a94b3835135749e2f18b89fb6017d8d0b8b9d419cb0a1f9be11122d93d0a217f,0c8610996943f9845703a12913ae3f70162f1a02ab2acd5dbd27dc6202197adb,True,calibration,25982,10,74,0,2202,0.0,1309.0,False
bdg2,6,1,46,kWh per hour,360,smart_building_conformal/outputs/matched_forecasting005/bdg2_h6_f1_s46_v1,a94b3835135749e2f18b89fb6017d8d0b8b9d419cb0a1f9be11122d93d0a217f,0c8610996943f9845703a12913ae3f70162f1a02ab2acd5dbd27dc6202197adb,True,test,34542,10,46,0,7069,0.0,1487.017,False
bdg2,1,0,46,kWh per hour,60,smart_building_conformal/outputs/matched_forecasting005/bdg2_h1_f0_s46_v1,a94b3835135749e2f18b89fb6017d8d0b8b9d419cb0a1f9be11122d93d0a217f,9fb4b1a6d38adf5accdf782307fb105436a5c66bf2f7c65471cb745055a5d0a1,True,calibration,34534,10,46,0,7060,0.0,1487.017,False
bdg2,1,0,46,kWh per hour,60,smart_building_conformal/outputs/matched_forecasting005/bdg2_h1_f0_s46_v1,a94b3835135749e2f18b89fb6017d8d0b8b9d419cb0a1f9be11122d93d0a217f,9fb4b1a6d38adf5accdf782307fb105436a5c66bf2f7c65471cb745055a5d0a1,True,test,34426,10,3369,0,6361,0.0,1336.095,False
bdg2,3,0,46,kWh per hour,180,smart_building_conformal/outputs/matched_forecasting005/bdg2_h3_f0_s46_v1,a94b3835135749e2f18b89fb6017d8d0b8b9d419cb0a1f9be11122d93d0a217f,b26600fcaebd0b9dfcc5750144af7396366970ce39f8810113aef70eeda0d16a,True,calibration,34532,10,46,0,7066,0.0,1487.017,False
bdg2,3,0,46,kWh per hour,180,smart_building_conformal/outputs/matched_forecasting005/bdg2_h3_f0_s46_v1,a94b3835135749e2f18b89fb6017d8d0b8b9d419cb0a1f9be11122d93d0a217f,b26600fcaebd0b9dfcc5750144af7396366970ce39f8810113aef70eeda0d16a,True,test,34422,10,3369,0,6358,0.0,1336.095,False
bdg2,6,0,46,kWh per hour,360,smart_building_conformal/outputs/matched_forecasting005/bdg2_h6_f0_s46_v1,a94b3835135749e2f18b89fb6017d8d0b8b9d419cb0a1f9be11122d93d0a217f,72a129edf79b45a6bae14d94d6e79308ac3c097daf78ee9f39bb77dea6468ab3,True,calibration,34524,10,46,0,7075,0.0,1487.017,False
bdg2,6,0,46,kWh per hour,360,smart_building_conformal/outputs/matched_forecasting005/bdg2_h6_f0_s46_v1,a94b3835135749e2f18b89fb6017d8d0b8b9d419cb0a1f9be11122d93d0a217f,72a129edf79b45a6bae14d94d6e79308ac3c097daf78ee9f39bb77dea6468ab3,True,test,34416,10,3369,0,6355,0.0,1336.095,False
pleia,1,1,42,degrees C,10,smart_building_conformal/outputs/matched_forecasting005/pleia_h1_f1_s42_v1,a94b3835135749e2f18b89fb6017d8d0b8b9d419cb0a1f9be11122d93d0a217f,070314c42733d41fe1041b378179b17dfc49591072a8ba6daf548e6687c9b5e0,True,calibration,7430,1,0,0,1277,23.5,33.4,False
pleia,1,1,42,degrees C,10,smart_building_conformal/outputs/matched_forecasting005/pleia_h1_f1_s42_v1,a94b3835135749e2f18b89fb6017d8d0b8b9d419cb0a1f9be11122d93d0a217f,070314c42733d41fe1041b378179b17dfc49591072a8ba6daf548e6687c9b5e0,True,test,9907,1,0,0,2248,21.8,33.5,False
pleia,3,1,42,degrees C,30,smart_building_conformal/outputs/matched_forecasting005/pleia_h3_f1_s42_v1,a94b3835135749e2f18b89fb6017d8d0b8b9d419cb0a1f9be11122d93d0a217f,c142ceff9c3ec1cd16d4991c382f3bcf1e0e9cd35a875fc17560b2454c2b4adb,True,calibration,7429,1,0,0,1277,23.5,33.4,False
pleia,3,1,42,degrees C,30,smart_building_conformal/outputs/matched_forecasting005/pleia_h3_f1_s42_v1,a94b3835135749e2f18b89fb6017d8d0b8b9d419cb0a1f9be11122d93d0a217f,c142ceff9c3ec1cd16d4991c382f3bcf1e0e9cd35a875fc17560b2454c2b4adb,True,test,9907,1,0,0,2248,21.8,33.5,False
pleia,6,1,42,degrees C,60,smart_building_conformal/outputs/matched_forecasting005/pleia_h6_f1_s42_v1,a94b3835135749e2f18b89fb6017d8d0b8b9d419cb0a1f9be11122d93d0a217f,4eab396c855866544fbd05d0a7e98ac6e2edbe77d1a5c77a913314fb3ddefd7b,True,calibration,7428,1,0,0,1278,23.5,33.4,False
pleia,6,1,42,degrees C,60,smart_building_conformal/outputs/matched_forecasting005/pleia_h6_f1_s42_v1,a94b3835135749e2f18b89fb6017d8d0b8b9d419cb0a1f9be11122d93d0a217f,4eab396c855866544fbd05d0a7e98ac6e2edbe77d1a5c77a913314fb3ddefd7b,True,test,9907,1,0,0,2248,21.8,33.5,False
pleia,1,1,43,degrees C,10,smart_building_conformal/outputs/matched_forecasting005/pleia_h1_f1_s43_v1,a94b3835135749e2f18b89fb6017d8d0b8b9d419cb0a1f9be11122d93d0a217f,71f1f81054fc50bcc6b284f1a66ee091abbe146eb905dc8bd253e423ad03d1af,True,calibration,7430,1,0,0,1277,23.5,33.4,False
pleia,1,1,43,degrees C,10,smart_building_conformal/outputs/matched_forecasting005/pleia_h1_f1_s43_v1,a94b3835135749e2f18b89fb6017d8d0b8b9d419cb0a1f9be11122d93d0a217f,71f1f81054fc50bcc6b284f1a66ee091abbe146eb905dc8bd253e423ad03d1af,True,test,9907,1,0,0,2248,21.8,33.5,False
pleia,3,1,43,degrees C,30,smart_building_conformal/outputs/matched_forecasting005/pleia_h3_f1_s43_v1,a94b3835135749e2f18b89fb6017d8d0b8b9d419cb0a1f9be11122d93d0a217f,18365638b4cd953a61df0b84be3c4ca087476c0ac52377d1c699439a7840c313,True,calibration,7429,1,0,0,1277,23.5,33.4,False
pleia,3,1,43,degrees C,30,smart_building_conformal/outputs/matched_forecasting005/pleia_h3_f1_s43_v1,a94b3835135749e2f18b89fb6017d8d0b8b9d419cb0a1f9be11122d93d0a217f,18365638b4cd953a61df0b84be3c4ca087476c0ac52377d1c699439a7840c313,True,test,9907,1,0,0,2248,21.8,33.5,False
pleia,6,1,43,degrees C,60,smart_building_conformal/outputs/matched_forecasting005/pleia_h6_f1_s43_v1,a94b3835135749e2f18b89fb6017d8d0b8b9d419cb0a1f9be11122d93d0a217f,f335303cd67ebd77e5b9a6ffee0a7cfc2a3a6d3a2c9957e4e48d4752f5763d14,True,calibration,7428,1,0,0,1278,23.5,33.4,False
pleia,6,1,43,degrees C,60,smart_building_conformal/outputs/matched_forecasting005/pleia_h6_f1_s43_v1,a94b3835135749e2f18b89fb6017d8d0b8b9d419cb0a1f9be11122d93d0a217f,f335303cd67ebd77e5b9a6ffee0a7cfc2a3a6d3a2c9957e4e48d4752f5763d14,True,test,9907,1,0,0,2248,21.8,33.5,False
pleia,1,0,43,degrees C,10,smart_building_conformal/outputs/matched_forecasting005/pleia_h1_f0_s43_v1,a94b3835135749e2f18b89fb6017d8d0b8b9d419cb0a1f9be11122d93d0a217f,e024beedb3e47acec3ed1e18d27b32ccb908bae668b3ce2e23bd25efc91aa74c,True,calibration,9907,1,0,0,2247,21.8,33.5,False
pleia,1,0,43,degrees C,10,smart_building_conformal/outputs/matched_forecasting005/pleia_h1_f0_s43_v1,a94b3835135749e2f18b89fb6017d8d0b8b9d419cb0a1f9be11122d93d0a217f,e024beedb3e47acec3ed1e18d27b32ccb908bae668b3ce2e23bd25efc91aa74c,True,test,9907,1,0,0,2620,15.4,29.3,False
pleia,3,0,43,degrees C,30,smart_building_conformal/outputs/matched_forecasting005/pleia_h3_f0_s43_v1,a94b3835135749e2f18b89fb6017d8d0b8b9d419cb0a1f9be11122d93d0a217f,abf2d1f07c8927e4b2599a16b2c6b800e1e7cc64daf774a4db3122a3c294c4c1,True,calibration,9906,1,0,0,2247,21.8,33.5,False
pleia,3,0,43,degrees C,30,smart_building_conformal/outputs/matched_forecasting005/pleia_h3_f0_s43_v1,a94b3835135749e2f18b89fb6017d8d0b8b9d419cb0a1f9be11122d93d0a217f,abf2d1f07c8927e4b2599a16b2c6b800e1e7cc64daf774a4db3122a3c294c4c1,True,test,9907,1,0,0,2620,15.4,29.3,False
pleia,6,0,43,degrees C,60,smart_building_conformal/outputs/matched_forecasting005/pleia_h6_f0_s43_v1,a94b3835135749e2f18b89fb6017d8d0b8b9d419cb0a1f9be11122d93d0a217f,3e05e91101aab0b4be6f8b674c084befef8ba8731f5d4235a0c5cd8d2b64b4e0,True,calibration,9904,1,0,0,2246,21.8,33.5,False
pleia,6,0,43,degrees C,60,smart_building_conformal/outputs/matched_forecasting005/pleia_h6_f0_s43_v1,a94b3835135749e2f18b89fb6017d8d0b8b9d419cb0a1f9be11122d93d0a217f,3e05e91101aab0b4be6f8b674c084befef8ba8731f5d4235a0c5cd8d2b64b4e0,True,test,9907,1,0,0,2620,15.4,29.3,False
pleia,1,1,44,degrees C,10,smart_building_conformal/outputs/matched_forecasting005/pleia_h1_f1_s44_v1,a94b3835135749e2f18b89fb6017d8d0b8b9d419cb0a1f9be11122d93d0a217f,b702b6c063bb2e57e709c411183b181930718030a31f6b5d81bea8f19cbf7b28,True,calibration,7430,1,0,0,1277,23.5,33.4,False
pleia,1,1,44,degrees C,10,smart_building_conformal/outputs/matched_forecasting005/pleia_h1_f1_s44_v1,a94b3835135749e2f18b89fb6017d8d0b8b9d419cb0a1f9be11122d93d0a217f,b702b6c063bb2e57e709c411183b181930718030a31f6b5d81bea8f19cbf7b28,True,test,9907,1,0,0,2248,21.8,33.5,False
pleia,3,1,44,degrees C,30,smart_building_conformal/outputs/matched_forecasting005/pleia_h3_f1_s44_v1,a94b3835135749e2f18b89fb6017d8d0b8b9d419cb0a1f9be11122d93d0a217f,9f50933f55f0c6130c29d5c8ea9657d0b75bfbe0fc6a7adbc6e556390d3572d3,True,calibration,7429,1,0,0,1277,23.5,33.4,False
pleia,3,1,44,degrees C,30,smart_building_conformal/outputs/matched_forecasting005/pleia_h3_f1_s44_v1,a94b3835135749e2f18b89fb6017d8d0b8b9d419cb0a1f9be11122d93d0a217f,9f50933f55f0c6130c29d5c8ea9657d0b75bfbe0fc6a7adbc6e556390d3572d3,True,test,9907,1,0,0,2248,21.8,33.5,False
pleia,6,1,44,degrees C,60,smart_building_conformal/outputs/matched_forecasting005/pleia_h6_f1_s44_v1,a94b3835135749e2f18b89fb6017d8d0b8b9d419cb0a1f9be11122d93d0a217f,8fddf9c9d50cf7d69e5ef493fd88bca7c8e0b7a04efb85229c6dac3caa73d797,True,calibration,7428,1,0,0,1278,23.5,33.4,False
pleia,6,1,44,degrees C,60,smart_building_conformal/outputs/matched_forecasting005/pleia_h6_f1_s44_v1,a94b3835135749e2f18b89fb6017d8d0b8b9d419cb0a1f9be11122d93d0a217f,8fddf9c9d50cf7d69e5ef493fd88bca7c8e0b7a04efb85229c6dac3caa73d797,True,test,9907,1,0,0,2248,21.8,33.5,False
pleia,1,0,44,degrees C,10,smart_building_conformal/outputs/matched_forecasting005/pleia_h1_f0_s44_v1,a94b3835135749e2f18b89fb6017d8d0b8b9d419cb0a1f9be11122d93d0a217f,bd246eaf91d9bb8fa50a2a51b43149f1a248f229cb8a3c98512f0d65c88e0780,True,calibration,9907,1,0,0,2247,21.8,33.5,False
pleia,1,0,44,degrees C,10,smart_building_conformal/outputs/matched_forecasting005/pleia_h1_f0_s44_v1,a94b3835135749e2f18b89fb6017d8d0b8b9d419cb0a1f9be11122d93d0a217f,bd246eaf91d9bb8fa50a2a51b43149f1a248f229cb8a3c98512f0d65c88e0780,True,test,9907,1,0,0,2620,15.4,29.3,False
pleia,3,0,44,degrees C,30,smart_building_conformal/outputs/matched_forecasting005/pleia_h3_f0_s44_v1,a94b3835135749e2f18b89fb6017d8d0b8b9d419cb0a1f9be11122d93d0a217f,5157d4ace6e8209da439a9aeff6ac4d90f705640176a0994c4174211bc46856d,True,calibration,9906,1,0,0,2247,21.8,33.5,False
pleia,3,0,44,degrees C,30,smart_building_conformal/outputs/matched_forecasting005/pleia_h3_f0_s44_v1,a94b3835135749e2f18b89fb6017d8d0b8b9d419cb0a1f9be11122d93d0a217f,5157d4ace6e8209da439a9aeff6ac4d90f705640176a0994c4174211bc46856d,True,test,9907,1,0,0,2620,15.4,29.3,False
pleia,6,0,44,degrees C,60,smart_building_conformal/outputs/matched_forecasting005/pleia_h6_f0_s44_v1,a94b3835135749e2f18b89fb6017d8d0b8b9d419cb0a1f9be11122d93d0a217f,981973c5694d84c3a65d3f087a4f7cdb282e5ab268dd42b434723010c7a8938a,True,calibration,9904,1,0,0,2246,21.8,33.5,False
pleia,6,0,44,degrees C,60,smart_building_conformal/outputs/matched_forecasting005/pleia_h6_f0_s44_v1,a94b3835135749e2f18b89fb6017d8d0b8b9d419cb0a1f9be11122d93d0a217f,981973c5694d84c3a65d3f087a4f7cdb282e5ab268dd42b434723010c7a8938a,True,test,9907,1,0,0,2620,15.4,29.3,False
pleia,1,1,45,degrees C,10,smart_building_conformal/outputs/matched_forecasting005/pleia_h1_f1_s45_v1,a94b3835135749e2f18b89fb6017d8d0b8b9d419cb0a1f9be11122d93d0a217f,7288ab4c1b56f3c354af49e1970560e45d148cc2b3f3d2e7f20f2e3eb9b5de08,True,calibration,7430,1,0,0,1277,23.5,33.4,False
pleia,1,1,45,degrees C,10,smart_building_conformal/outputs/matched_forecasting005/pleia_h1_f1_s45_v1,a94b3835135749e2f18b89fb6017d8d0b8b9d419cb0a1f9be11122d93d0a217f,7288ab4c1b56f3c354af49e1970560e45d148cc2b3f3d2e7f20f2e3eb9b5de08,True,test,9907,1,0,0,2248,21.8,33.5,False
pleia,3,1,45,degrees C,30,smart_building_conformal/outputs/matched_forecasting005/pleia_h3_f1_s45_v1,a94b3835135749e2f18b89fb6017d8d0b8b9d419cb0a1f9be11122d93d0a217f,e854081ada0b61621c32002845a0ba5eb9c0620a748d6db0f27bf8e6a2cf6f20,True,calibration,7429,1,0,0,1277,23.5,33.4,False
pleia,3,1,45,degrees C,30,smart_building_conformal/outputs/matched_forecasting005/pleia_h3_f1_s45_v1,a94b3835135749e2f18b89fb6017d8d0b8b9d419cb0a1f9be11122d93d0a217f,e854081ada0b61621c32002845a0ba5eb9c0620a748d6db0f27bf8e6a2cf6f20,True,test,9907,1,0,0,2248,21.8,33.5,False
pleia,6,1,45,degrees C,60,smart_building_conformal/outputs/matched_forecasting005/pleia_h6_f1_s45_v1,a94b3835135749e2f18b89fb6017d8d0b8b9d419cb0a1f9be11122d93d0a217f,c4ea10f25e69a28240768efd813e6a648c897afbfb9ce3c3addb5eb5850a7326,True,calibration,7428,1,0,0,1278,23.5,33.4,False
pleia,6,1,45,degrees C,60,smart_building_conformal/outputs/matched_forecasting005/pleia_h6_f1_s45_v1,a94b3835135749e2f18b89fb6017d8d0b8b9d419cb0a1f9be11122d93d0a217f,c4ea10f25e69a28240768efd813e6a648c897afbfb9ce3c3addb5eb5850a7326,True,test,9907,1,0,0,2248,21.8,33.5,False
pleia,1,0,45,degrees C,10,smart_building_conformal/outputs/matched_forecasting005/pleia_h1_f0_s45_v1,a94b3835135749e2f18b89fb6017d8d0b8b9d419cb0a1f9be11122d93d0a217f,295dc3b4f4677caf8120a7897d372204b9891b20b6791bfa1f3dcffa0f542124,True,calibration,9907,1,0,0,2247,21.8,33.5,False
pleia,1,0,45,degrees C,10,smart_building_conformal/outputs/matched_forecasting005/pleia_h1_f0_s45_v1,a94b3835135749e2f18b89fb6017d8d0b8b9d419cb0a1f9be11122d93d0a217f,295dc3b4f4677caf8120a7897d372204b9891b20b6791bfa1f3dcffa0f542124,True,test,9907,1,0,0,2620,15.4,29.3,False
pleia,3,0,45,degrees C,30,smart_building_conformal/outputs/matched_forecasting005/pleia_h3_f0_s45_v1,a94b3835135749e2f18b89fb6017d8d0b8b9d419cb0a1f9be11122d93d0a217f,a949e734171edbc2f5fb63b001840d4eced532c555c8b3738305dcc84344b02b,True,calibration,9906,1,0,0,2247,21.8,33.5,False
pleia,3,0,45,degrees C,30,smart_building_conformal/outputs/matched_forecasting005/pleia_h3_f0_s45_v1,a94b3835135749e2f18b89fb6017d8d0b8b9d419cb0a1f9be11122d93d0a217f,a949e734171edbc2f5fb63b001840d4eced532c555c8b3738305dcc84344b02b,True,test,9907,1,0,0,2620,15.4,29.3,False
pleia,6,0,45,degrees C,60,smart_building_conformal/outputs/matched_forecasting005/pleia_h6_f0_s45_v1,a94b3835135749e2f18b89fb6017d8d0b8b9d419cb0a1f9be11122d93d0a217f,97257302a16e0437e5478b4a57629dc907c44415717566930b5006e11a8f127f,True,calibration,9904,1,0,0,2246,21.8,33.5,False
pleia,6,0,45,degrees C,60,smart_building_conformal/outputs/matched_forecasting005/pleia_h6_f0_s45_v1,a94b3835135749e2f18b89fb6017d8d0b8b9d419cb0a1f9be11122d93d0a217f,97257302a16e0437e5478b4a57629dc907c44415717566930b5006e11a8f127f,True,test,9907,1,0,0,2620,15.4,29.3,False
pleia,1,1,46,degrees C,10,smart_building_conformal/outputs/matched_forecasting005/pleia_h1_f1_s46_v1,a94b3835135749e2f18b89fb6017d8d0b8b9d419cb0a1f9be11122d93d0a217f,bb118658f965949d94cdcfa94f21c6327ff63e4667d013585a52ca1e61e50469,True,calibration,7430,1,0,0,1277,23.5,33.4,False
pleia,1,1,46,degrees C,10,smart_building_conformal/outputs/matched_forecasting005/pleia_h1_f1_s46_v1,a94b3835135749e2f18b89fb6017d8d0b8b9d419cb0a1f9be11122d93d0a217f,bb118658f965949d94cdcfa94f21c6327ff63e4667d013585a52ca1e61e50469,True,test,9907,1,0,0,2248,21.8,33.5,False
pleia,3,1,46,degrees C,30,smart_building_conformal/outputs/matched_forecasting005/pleia_h3_f1_s46_v1,a94b3835135749e2f18b89fb6017d8d0b8b9d419cb0a1f9be11122d93d0a217f,d0b240176a9e9d7aa8bce3eeb5b07ecd0b6cc410fe141df2b30a8c30595496ce,True,calibration,7429,1,0,0,1277,23.5,33.4,False
pleia,3,1,46,degrees C,30,smart_building_conformal/outputs/matched_forecasting005/pleia_h3_f1_s46_v1,a94b3835135749e2f18b89fb6017d8d0b8b9d419cb0a1f9be11122d93d0a217f,d0b240176a9e9d7aa8bce3eeb5b07ecd0b6cc410fe141df2b30a8c30595496ce,True,test,9907,1,0,0,2248,21.8,33.5,False
pleia,6,1,46,degrees C,60,smart_building_conformal/outputs/matched_forecasting005/pleia_h6_f1_s46_v1,a94b3835135749e2f18b89fb6017d8d0b8b9d419cb0a1f9be11122d93d0a217f,56be416e4bab8faa97c5c37dbcad4cc2955131dce4edd05f65f71ab110d4bd31,True,calibration,7428,1,0,0,1278,23.5,33.4,False
pleia,6,1,46,degrees C,60,smart_building_conformal/outputs/matched_forecasting005/pleia_h6_f1_s46_v1,a94b3835135749e2f18b89fb6017d8d0b8b9d419cb0a1f9be11122d93d0a217f,56be416e4bab8faa97c5c37dbcad4cc2955131dce4edd05f65f71ab110d4bd31,True,test,9907,1,0,0,2248,21.8,33.5,False
pleia,1,0,46,degrees C,10,smart_building_conformal/outputs/matched_forecasting005/pleia_h1_f0_s46_v1,a94b3835135749e2f18b89fb6017d8d0b8b9d419cb0a1f9be11122d93d0a217f,44d8b40815e2e902524ac0f6b5beda40e04d865fc48b89abb1c495ab59c0560e,True,calibration,9907,1,0,0,2247,21.8,33.5,False
pleia,1,0,46,degrees C,10,smart_building_conformal/outputs/matched_forecasting005/pleia_h1_f0_s46_v1,a94b3835135749e2f18b89fb6017d8d0b8b9d419cb0a1f9be11122d93d0a217f,44d8b40815e2e902524ac0f6b5beda40e04d865fc48b89abb1c495ab59c0560e,True,test,9907,1,0,0,2620,15.4,29.3,False
pleia,3,0,46,degrees C,30,smart_building_conformal/outputs/matched_forecasting005/pleia_h3_f0_s46_v1,a94b3835135749e2f18b89fb6017d8d0b8b9d419cb0a1f9be11122d93d0a217f,9edab1a1c4603373a6f120ec34cde7a6e1ba28afcbeda86d4c2d789875f7f006,True,calibration,9906,1,0,0,2247,21.8,33.5,False
pleia,3,0,46,degrees C,30,smart_building_conformal/outputs/matched_forecasting005/pleia_h3_f0_s46_v1,a94b3835135749e2f18b89fb6017d8d0b8b9d419cb0a1f9be11122d93d0a217f,9edab1a1c4603373a6f120ec34cde7a6e1ba28afcbeda86d4c2d789875f7f006,True,test,9907,1,0,0,2620,15.4,29.3,False
pleia,6,0,46,degrees C,60,smart_building_conformal/outputs/matched_forecasting005/pleia_h6_f0_s46_v1,a94b3835135749e2f18b89fb6017d8d0b8b9d419cb0a1f9be11122d93d0a217f,c1c44d2ead5845f043974610f7749b3c8f066206d2666d8f7631438284eba851,True,calibration,9904,1,0,0,2246,21.8,33.5,False
pleia,6,0,46,degrees C,60,smart_building_conformal/outputs/matched_forecasting005/pleia_h6_f0_s46_v1,a94b3835135749e2f18b89fb6017d8d0b8b9d419cb0a1f9be11122d93d0a217f,c1c44d2ead5845f043974610f7749b3c8f066206d2666d8f7631438284eba851,True,test,9907,1,0,0,2620,15.4,29.3,False
