[review/matched-fold2-multiseed-20260914 02e13e0] Publish matched fold-2 multiseed evidence: seed44
 998 files changed, 40244 insertions(+), 135 deletions(-)
 create mode 100644 review/matched_fold2_multiseed_20260914/delivery.py
 create mode 100644 smart_building_conformal/outputs/matched_forecasting005/bdg2_h1_f2_s44_v1.process.json
 create mode 100644 smart_building_conformal/outputs/matched_forecasting005/bdg2_h1_f2_s44_v1/checkpoint_io_20260914T003412867823.json
 create mode 100644 smart_building_conformal/outputs/matched_forecasting005/bdg2_h1_f2_s44_v1/checkpoint_manifest.json
 create mode 100644 smart_building_conformal/outputs/matched_forecasting005/bdg2_h1_f2_s44_v1/execution_environment.json
 create mode 100644 smart_building_conformal/outputs/matched_forecasting005/bdg2_h1_f2_s44_v1/fit_calls.jsonl
 create mode 100644 smart_building_conformal/outputs/matched_forecasting005/bdg2_h1_f2_s44_v1/interval_quality.csv
 create mode 100644 smart_building_conformal/outputs/matched_forecasting005/bdg2_h1_f2_s44_v1/point_summary.csv
 create mode 100644 smart_building_conformal/outputs/matched_forecasting005/bdg2_h1_f2_s44_v1/run_summary.json
 create mode 100644 smart_building_conformal/outputs/matched_forecasting005/bdg2_h1_f2_s44_v1/units/bdg2_h1_f2_s44_attention_lstm/COMPLETE.json
 create mode 100644 smart_building_conformal/outputs/matched_forecasting005/bdg2_h1_f2_s44_v1/units/bdg2_h1_f2_s44_attention_lstm/calibration.csv.gz
 create mode 100644 smart_building_conformal/outputs/matched_forecasting005/bdg2_h1_f2_s44_v1/units/bdg2_h1_f2_s44_attention_lstm/fitting_membership.csv.gz
 create mode 100644 smart_building_conformal/outputs/matched_forecasting005/bdg2_h1_f2_s44_v1/units/bdg2_h1_f2_s44_attention_lstm/model.pt
 create mode 100644 smart_building_conformal/outputs/matched_forecasting005/bdg2_h1_f2_s44_v1/units/bdg2_h1_f2_s44_attention_lstm/payload.json
 create mode 100644 smart_building_conformal/outputs/matched_forecasting005/bdg2_h1_f2_s44_v1/units/bdg2_h1_f2_s44_attention_lstm/predictions.csv.gz
 create mode 100644 smart_building_conformal/outputs/matched_forecasting005/bdg2_h1_f2_s44_v1/units/bdg2_h1_f2_s44_attention_lstm/training_history.csv.gz
 create mode 100644 smart_building_conformal/outputs/matched_forecasting005/bdg2_h1_f2_s44_v1/units/bdg2_h1_f2_s44_attention_lstm/tuning.csv.gz
 create mode 100644 smart_building_conformal/outputs/matched_forecasting005/bdg2_h1_f2_s44_v1/units/bdg2_h1_f2_s44_attention_lstm/tuning_predictions.csv.gz
 create mode 100644 smart_building_conformal/outputs/matched_forecasting005/bdg2_h1_f2_s44_v1/units/bdg2_h1_f2_s44_persistence/COMPLETE.json
 create mode 100644 smart_building_conformal/outputs/matched_forecasting005/bdg2_h1_f2_s44_v1/units/bdg2_h1_f2_s44_persistence/calibration.csv.gz
 create mode 100644 smart_building_conformal/outputs/matched_forecasting005/bdg2_h1_f2_s44_v1/units/bdg2_h1_f2_s44_persistence/fitting_membership.csv.gz
 create mode 100644 smart_building_conformal/outputs/matched_forecasting005/bdg2_h1_f2_s44_v1/units/bdg2_h1_f2_s44_persistence/model.json
 create mode 100644 smart_building_conformal/outputs/matched_forecasting005/bdg2_h1_f2_s44_v1/units/bdg2_h1_f2_s44_persistence/payload.json
 create mode 100644 smart_building_conformal/outputs/matched_forecasting005/bdg2_h1_f2_s44_v1/units/bdg2_h1_f2_s44_persistence/predictions.csv.gz
 create mode 100644 smart_building_conformal/outputs/matched_forecasting005/bdg2_h1_f2_s44_v1/units/bdg2_h1_f2_s44_persistence/training_history.csv.gz
 create mode 100644 smart_building_conformal/outputs/matched_forecasting005/bdg2_h1_f2_s44_v1/units/bdg2_h1_f2_s44_persistence/tuning.csv.gz
 create mode 100644 smart_building_conformal/outputs/matched_forecasting005/bdg2_h1_f2_s44_v1/units/bdg2_h1_f2_s44_persistence/tuning_predictions.csv.gz
 create mode 100644 smart_building_conformal/outputs/matched_forecasting005/bdg2_h1_f2_s44_v1/units/bdg2_h1_f2_s44_xgboost/COMPLETE.json
 create mode 100644 smart_building_conformal/outputs/matched_forecasting005/bdg2_h1_f2_s44_v1/units/bdg2_h1_f2_s44_xgboost/booster_config.json
 create mode 100644 smart_building_conformal/outputs/matched_forecasting005/bdg2_h1_f2_s44_v1/units/bdg2_h1_f2_s44_xgboost/calibration.csv.gz
 create mode 100644 smart_building_conformal/outputs/matched_forecasting005/bdg2_h1_f2_s44_v1/units/bdg2_h1_f2_s44_xgboost/fitting_membership.csv.gz
 create mode 100644 smart_building_conformal/outputs/matched_forecasting005/bdg2_h1_f2_s44_v1/units/bdg2_h1_f2_s44_xgboost/model.ubj
 create mode 100644 smart_building_conformal/outputs/matched_forecasting005/bdg2_h1_f2_s44_v1/units/bdg2_h1_f2_s44_xgboost/payload.json
 create mode 100644 smart_building_conformal/outputs/matched_forecasting005/bdg2_h1_f2_s44_v1/units/bdg2_h1_f2_s44_xgboost/predictions.csv.gz
 create mode 100644 smart_building_conformal/outputs/matched_forecasting005/bdg2_h1_f2_s44_v1/units/bdg2_h1_f2_s44_xgboost/training_history.csv.gz
 create mode 100644 smart_building_conformal/outputs/matched_forecasting005/bdg2_h1_f2_s44_v1/units/bdg2_h1_f2_s44_xgboost/tuning.csv.gz
 create mode 100644 smart_building_conformal/outputs/matched_forecasting005/bdg2_h1_f2_s44_v1/units/bdg2_h1_f2_s44_xgboost/tuning_predictions.csv.gz
 create mode 100644 smart_building_conformal/outputs/matched_forecasting005/bdg2_h3_f2_s44_v1.process.json
 create mode 100644 smart_building_conformal/outputs/matched_forecasting005/bdg2_h3_f2_s44_v1/checkpoint_io_20260914T004524926743.json
 create mode 100644 smart_building_conformal/outputs/matched_forecasting005/bdg2_h3_f2_s44_v1/checkpoint_manifest.json
 create mode 100644 smart_building_conformal/outputs/matched_forecasting005/bdg2_h3_f2_s44_v1/execution_environment.json
 create mode 100644 smart_building_conformal/outputs/matched_forecasting005/bdg2_h3_f2_s44_v1/fit_calls.jsonl
 create mode 100644 smart_building_conformal/outputs/matched_forecasting005/bdg2_h3_f2_s44_v1/interval_quality.csv
 create mode 100644 smart_building_conformal/outputs/matched_forecasting005/bdg2_h3_f2_s44_v1/point_summary.csv
 create mode 100644 smart_building_conformal/outputs/matched_forecasting005/bdg2_h3_f2_s44_v1/run_summary.json
 create mode 100644 smart_building_conformal/outputs/matched_forecasting005/bdg2_h3_f2_s44_v1/units/bdg2_h3_f2_s44_attention_lstm/COMPLETE.json
 create mode 100644 smart_building_conformal/outputs/matched_forecasting005/bdg2_h3_f2_s44_v1/units/bdg2_h3_f2_s44_attention_lstm/calibration.csv.gz
 create mode 100644 smart_building_conformal/outputs/matched_forecasting005/bdg2_h3_f2_s44_v1/units/bdg2_h3_f2_s44_attention_lstm/fitting_membership.csv.gz
 create mode 100644 smart_building_conformal/outputs/matched_forecasting005/bdg2_h3_f2_s44_v1/units/bdg2_h3_f2_s44_attention_lstm/model.pt
 create mode 100644 smart_building_conformal/outputs/matched_forecasting005/bdg2_h3_f2_s44_v1/units/bdg2_h3_f2_s44_attention_lstm/payload.json
 create mode 100644 smart_building_conformal/outputs/matched_forecasting005/bdg2_h3_f2_s44_v1/units/bdg2_h3_f2_s44_attention_lstm/predictions.csv.gz
 create mode 100644 smart_building_conformal/outputs/matched_forecasting005/bdg2_h3_f2_s44_v1/units/bdg2_h3_f2_s44_attention_lstm/training_history.csv.gz
 create mode 100644 smart_building_conformal/outputs/matched_forecasting005/bdg2_h3_f2_s44_v1/units/bdg2_h3_f2_s44_attention_lstm/tuning.csv.gz
 create mode 100644 smart_building_conformal/outputs/matched_forecasting005/bdg2_h3_f2_s44_v1/units/bdg2_h3_f2_s44_attention_lstm/tuning_predictions.csv.gz
 create mode 100644 smart_building_conformal/outputs/matched_forecasting005/bdg2_h3_f2_s44_v1/units/bdg2_h3_f2_s44_persistence/COMPLETE.json
 create mode 100644 smart_building_conformal/outputs/matched_forecasting005/bdg2_h3_f2_s44_v1/units/bdg2_h3_f2_s44_persistence/calibration.csv.gz
 create mode 100644 smart_building_conformal/outputs/matched_forecasting005/bdg2_h3_f2_s44_v1/units/bdg2_h3_f2_s44_persistence/fitting_membership.csv.gz
 create mode 100644 smart_building_conformal/outputs/matched_forecasting005/bdg2_h3_f2_s44_v1/units/bdg2_h3_f2_s44_persistence/model.json
 create mode 100644 smart_building_conformal/outputs/matched_forecasting005/bdg2_h3_f2_s44_v1/units/bdg2_h3_f2_s44_persistence/payload.json
 create mode 100644 smart_building_conformal/outputs/matched_forecasting005/bdg2_h3_f2_s44_v1/units/bdg2_h3_f2_s44_persistence/predictions.csv.gz
 create mode 100644 smart_building_conformal/outputs/matched_forecasting005/bdg2_h3_f2_s44_v1/units/bdg2_h3_f2_s44_persistence/training_history.csv.gz
 create mode 100644 smart_building_conformal/outputs/matched_forecasting005/bdg2_h3_f2_s44_v1/units/bdg2_h3_f2_s44_persistence/tuning.csv.gz
 create mode 100644 smart_building_conformal/outputs/matched_forecasting005/bdg2_h3_f2_s44_v1/units/bdg2_h3_f2_s44_persistence/tuning_predictions.csv.gz
 create mode 100644 smart_building_conformal/outputs/matched_forecasting005/bdg2_h3_f2_s44_v1/units/bdg2_h3_f2_s44_xgboost/COMPLETE.json
 create mode 100644 smart_building_conformal/outputs/matched_forecasting005/bdg2_h3_f2_s44_v1/units/bdg2_h3_f2_s44_xgboost/booster_config.json
 create mode 100644 smart_building_conformal/outputs/matched_forecasting005/bdg2_h3_f2_s44_v1/units/bdg2_h3_f2_s44_xgboost/calibration.csv.gz
 create mode 100644 smart_building_conformal/outputs/matched_forecasting005/bdg2_h3_f2_s44_v1/units/bdg2_h3_f2_s44_xgboost/fitting_membership.csv.gz
 create mode 100644 smart_building_conformal/outputs/matched_forecasting005/bdg2_h3_f2_s44_v1/units/bdg2_h3_f2_s44_xgboost/model.ubj
 create mode 100644 smart_building_conformal/outputs/matched_forecasting005/bdg2_h3_f2_s44_v1/units/bdg2_h3_f2_s44_xgboost/payload.json
 create mode 100644 smart_building_conformal/outputs/matched_forecasting005/bdg2_h3_f2_s44_v1/units/bdg2_h3_f2_s44_xgboost/predictions.csv.gz
 create mode 100644 smart_building_conformal/outputs/matched_forecasting005/bdg2_h3_f2_s44_v1/units/bdg2_h3_f2_s44_xgboost/training_history.csv.gz
 create mode 100644 smart_building_conformal/outputs/matched_forecasting005/bdg2_h3_f2_s44_v1/units/bdg2_h3_f2_s44_xgboost/tuning.csv.gz
 create mode 100644 smart_building_conformal/outputs/matched_forecasting005/bdg2_h3_f2_s44_v1/units/bdg2_h3_f2_s44_xgboost/tuning_predictions.csv.gz
 create mode 100644 smart_building_conformal/outputs/matched_forecasting005/bdg2_h6_f2_s44_v1.process.json
 create mode 100644 smart_building_conformal/outputs/matched_forecasting005/bdg2_h6_f2_s44_v1/checkpoint_io_20260914T005122335046.json
 create mode 100644 smart_building_conformal/outputs/matched_forecasting005/bdg2_h6_f2_s44_v1/checkpoint_manifest.json
 create mode 100644 smart_building_conformal/outputs/matched_forecasting005/bdg2_h6_f2_s44_v1/execution_environment.json
 create mode 100644 smart_building_conformal/outputs/matched_forecasting005/bdg2_h6_f2_s44_v1/fit_calls.jsonl
 create mode 100644 smart_building_conformal/outputs/matched_forecasting005/bdg2_h6_f2_s44_v1/interval_quality.csv
 create mode 100644 smart_building_conformal/outputs/matched_forecasting005/bdg2_h6_f2_s44_v1/point_summary.csv
 create mode 100644 smart_building_conformal/outputs/matched_forecasting005/bdg2_h6_f2_s44_v1/run_summary.json
 create mode 100644 smart_building_conformal/outputs/matched_forecasting005/bdg2_h6_f2_s44_v1/units/bdg2_h6_f2_s44_attention_lstm/COMPLETE.json
 create mode 100644 smart_building_conformal/outputs/matched_forecasting005/bdg2_h6_f2_s44_v1/units/bdg2_h6_f2_s44_attention_lstm/calibration.csv.gz
 create mode 100644 smart_building_conformal/outputs/matched_forecasting005/bdg2_h6_f2_s44_v1/units/bdg2_h6_f2_s44_attention_lstm/fitting_membership.csv.gz
 create mode 100644 smart_building_conformal/outputs/matched_forecasting005/bdg2_h6_f2_s44_v1/units/bdg2_h6_f2_s44_attention_lstm/model.pt
 create mode 100644 smart_building_conformal/outputs/matched_forecasting005/bdg2_h6_f2_s44_v1/units/bdg2_h6_f2_s44_attention_lstm/payload.json
 create mode 100644 smart_building_conformal/outputs/matched_forecasting005/bdg2_h6_f2_s44_v1/units/bdg2_h6_f2_s44_attention_lstm/predictions.csv.gz
 create mode 100644 smart_building_conformal/outputs/matched_forecasting005/bdg2_h6_f2_s44_v1/units/bdg2_h6_f2_s44_attention_lstm/training_history.csv.gz
 create mode 100644 smart_building_conformal/outputs/matched_forecasting005/bdg2_h6_f2_s44_v1/units/bdg2_h6_f2_s44_attention_lstm/tuning.csv.gz
 create mode 100644 smart_building_conformal/outputs/matched_forecasting005/bdg2_h6_f2_s44_v1/units/bdg2_h6_f2_s44_attention_lstm/tuning_predictions.csv.gz
 create mode 100644 smart_building_conformal/outputs/matched_forecasting005/bdg2_h6_f2_s44_v1/units/bdg2_h6_f2_s44_persistence/COMPLETE.json
 create mode 100644 smart_building_conformal/outputs/matched_forecasting005/bdg2_h6_f2_s44_v1/units/bdg2_h6_f2_s44_persistence/calibration.csv.gz
 create mode 100644 smart_building_conformal/outputs/matched_forecasting005/bdg2_h6_f2_s44_v1/units/bdg2_h6_f2_s44_persistence/fitting_membership.csv.gz
 create mode 100644 smart_building_conformal/outputs/matched_forecasting005/bdg2_h6_f2_s44_v1/units/bdg2_h6_f2_s44_persistence/model.json
 create mode 100644 smart_building_conformal/outputs/matched_forecasting005/bdg2_h6_f2_s44_v1/units/bdg2_h6_f2_s44_persistence/payload.json
 create mode 100644 smart_building_conformal/outputs/matched_forecasting005/bdg2_h6_f2_s44_v1/units/bdg2_h6_f2_s44_persistence/predictions.csv.gz
 create mode 100644 smart_building_conformal/outputs/matched_forecasting005/bdg2_h6_f2_s44_v1/units/bdg2_h6_f2_s44_persistence/training_history.csv.gz
 create mode 100644 smart_building_conformal/outputs/matched_forecasting005/bdg2_h6_f2_s44_v1/units/bdg2_h6_f2_s44_persistence/tuning.csv.gz
 create mode 100644 smart_building_conformal/outputs/matched_forecasting005/bdg2_h6_f2_s44_v1/units/bdg2_h6_f2_s44_persistence/tuning_predictions.csv.gz
 create mode 100644 smart_building_conformal/outputs/matched_forecasting005/bdg2_h6_f2_s44_v1/units/bdg2_h6_f2_s44_xgboost/COMPLETE.json
 create mode 100644 smart_building_conformal/outputs/matched_forecasting005/bdg2_h6_f2_s44_v1/units/bdg2_h6_f2_s44_xgboost/booster_config.json
 create mode 100644 smart_building_conformal/outputs/matched_forecasting005/bdg2_h6_f2_s44_v1/units/bdg2_h6_f2_s44_xgboost/calibration.csv.gz
 create mode 100644 smart_building_conformal/outputs/matched_forecasting005/bdg2_h6_f2_s44_v1/units/bdg2_h6_f2_s44_xgboost/fitting_membership.csv.gz
 create mode 100644 smart_building_conformal/outputs/matched_forecasting005/bdg2_h6_f2_s44_v1/units/bdg2_h6_f2_s44_xgboost/model.ubj
 create mode 100644 smart_building_conformal/outputs/matched_forecasting005/bdg2_h6_f2_s44_v1/units/bdg2_h6_f2_s44_xgboost/payload.json
 create mode 100644 smart_building_conformal/outputs/matched_forecasting005/bdg2_h6_f2_s44_v1/units/bdg2_h6_f2_s44_xgboost/predictions.csv.gz
 create mode 100644 smart_building_conformal/outputs/matched_forecasting005/bdg2_h6_f2_s44_v1/units/bdg2_h6_f2_s44_xgboost/training_history.csv.gz
 create mode 100644 smart_building_conformal/outputs/matched_forecasting005/bdg2_h6_f2_s44_v1/units/bdg2_h6_f2_s44_xgboost/tuning.csv.gz
 create mode 100644 smart_building_conformal/outputs/matched_forecasting005/bdg2_h6_f2_s44_v1/units/bdg2_h6_f2_s44_xgboost/tuning_predictions.csv.gz
 create mode 100644 smart_building_conformal/outputs/matched_forecasting005/fold2_multiseed_batch_v1/attempts/2026-09-14T000108858353+0000_e66ca6f1/attempt.json
 create mode 100644 smart_building_conformal/outputs/matched_forecasting005/fold2_multiseed_batch_v1/attempts/2026-09-14T000108858353+0000_e66ca6f1/command.log
 create mode 100644 smart_building_conformal/outputs/matched_forecasting005/fold2_multiseed_batch_v1/attempts/2026-09-14T000108858353+0000_e66ca6f1/command.log.json
 create mode 100644 smart_building_conformal/outputs/matched_forecasting005/fold2_multiseed_batch_v1/attempts/2026-09-14T000108858353+0000_e66ca6f1/command.log.started.json
 create mode 100644 smart_building_conformal/outputs/matched_forecasting005/fold2_multiseed_batch_v1/attempts/2026-09-14T000108858353+0000_e66ca6f1/logger.stdout.log
 create mode 100644 smart_building_conformal/outputs/matched_forecasting005/fold2_multiseed_batch_v1/attempts/2026-09-14T000147560659+0000_c5100171/attempt.json
 create mode 100644 smart_building_conformal/outputs/matched_forecasting005/fold2_multiseed_batch_v1/attempts/2026-09-14T000147560659+0000_c5100171/command.log
 create mode 100644 smart_building_conformal/outputs/matched_forecasting005/fold2_multiseed_batch_v1/attempts/2026-09-14T000147560659+0000_c5100171/command.log.json
 create mode 100644 smart_building_conformal/outputs/matched_forecasting005/fold2_multiseed_batch_v1/attempts/2026-09-14T000147560659+0000_c5100171/command.log.started.json
 create mode 100644 smart_building_conformal/outputs/matched_forecasting005/fold2_multiseed_batch_v1/attempts/2026-09-14T000147560659+0000_c5100171/logger.stdout.log
 create mode 100644 smart_building_conformal/outputs/matched_forecasting005/fold2_multiseed_batch_v1/attempts/2026-09-14T000350879389+0000_7be1d85f/attempt.json
 create mode 100644 smart_building_conformal/outputs/matched_forecasting005/fold2_multiseed_batch_v1/attempts/2026-09-14T000350879389+0000_7be1d85f/command.log
 create mode 100644 smart_building_conformal/outputs/matched_forecasting005/fold2_multiseed_batch_v1/attempts/2026-09-14T000350879389+0000_7be1d85f/command.log.json
 create mode 100644 smart_building_conformal/outputs/matched_forecasting005/fold2_multiseed_batch_v1/attempts/2026-09-14T000350879389+0000_7be1d85f/command.log.started.json
 create mode 100644 smart_building_conformal/outputs/matched_forecasting005/fold2_multiseed_batch_v1/attempts/2026-09-14T000350879389+0000_7be1d85f/logger.stdout.log
 create mode 100644 smart_building_conformal/outputs/matched_forecasting005/fold2_multiseed_batch_v1/attempts/2026-09-14T000403091028+0000_0273ed2f/attempt.json
 create mode 100644 smart_building_conformal/outputs/matched_forecasting005/fold2_multiseed_batch_v1/attempts/2026-09-14T000403091028+0000_0273ed2f/command.log
 create mode 100644 smart_building_conformal/outputs/matched_forecasting005/fold2_multiseed_batch_v1/attempts/2026-09-14T000403091028+0000_0273ed2f/command.log.json
 create mode 100644 smart_building_conformal/outputs/matched_forecasting005/fold2_multiseed_batch_v1/attempts/2026-09-14T000403091028+0000_0273ed2f/command.log.started.json
 create mode 100644 smart_building_conformal/outputs/matched_forecasting005/fold2_multiseed_batch_v1/attempts/2026-09-14T000403091028+0000_0273ed2f/logger.stdout.log
 create mode 100644 smart_building_conformal/outputs/matched_forecasting005/fold2_multiseed_batch_v1/attempts/2026-09-14T000413284548+0000_88b1cb04/attempt.json
 create mode 100644 smart_building_conformal/outputs/matched_forecasting005/fold2_multiseed_batch_v1/attempts/2026-09-14T000413284548+0000_88b1cb04/command.log
 create mode 100644 smart_building_conformal/outputs/matched_forecasting005/fold2_multiseed_batch_v1/attempts/2026-09-14T000413284548+0000_88b1cb04/command.log.json
 create mode 100644 smart_building_conformal/outputs/matched_forecasting005/fold2_multiseed_batch_v1/attempts/2026-09-14T000413284548+0000_88b1cb04/command.log.started.json
 create mode 100644 smart_building_conformal/outputs/matched_forecasting005/fold2_multiseed_batch_v1/attempts/2026-09-14T000413284548+0000_88b1cb04/groups/actual_seed_metadata.csv
 create mode 100644 smart_building_conformal/outputs/matched_forecasting005/fold2_multiseed_batch_v1/attempts/2026-09-14T000413284548+0000_88b1cb04/groups/comparison.csv
 create mode 100644 smart_building_conformal/outputs/matched_forecasting005/fold2_multiseed_batch_v1/attempts/2026-09-14T000413284548+0000_88b1cb04/groups/equal_group_diagnostics.csv
 create mode 100644 smart_building_conformal/outputs/matched_forecasting005/fold2_multiseed_batch_v1/attempts/2026-09-14T000413284548+0000_88b1cb04/groups/group_metrics.csv
 create mode 100644 smart_building_conformal/outputs/matched_forecasting005/fold2_multiseed_batch_v1/attempts/2026-09-14T000413284548+0000_88b1cb04/groups/model_costs.csv
 create mode 100644 smart_building_conformal/outputs/matched_forecasting005/fold2_multiseed_batch_v1/attempts/2026-09-14T000413284548+0000_88b1cb04/groups/rico_phase_metrics.csv
 create mode 100644 smart_building_conformal/outputs/matched_forecasting005/fold2_multiseed_batch_v1/attempts/2026-09-14T000413284548+0000_88b1cb04/groups/target_diagnostics.csv
 create mode 100644 smart_building_conformal/outputs/matched_forecasting005/fold2_multiseed_batch_v1/attempts/2026-09-14T000413284548+0000_88b1cb04/groups/validation.json
 create mode 100644 smart_building_conformal/outputs/matched_forecasting005/fold2_multiseed_batch_v1/attempts/2026-09-14T000413284548+0000_88b1cb04/logger.stdout.log
 create mode 100644 smart_building_conformal/outputs/matched_forecasting005/fold2_multiseed_batch_v1/attempts/2026-09-14T000420187240+0000_accf1f47/attempt.json
 create mode 100644 smart_building_conformal/outputs/matched_forecasting005/fold2_multiseed_batch_v1/attempts/2026-09-14T000420187240+0000_accf1f47/command.log
 create mode 100644 smart_building_conformal/outputs/matched_forecasting005/fold2_multiseed_batch_v1/attempts/2026-09-14T000420187240+0000_accf1f47/command.log.json
 create mode 100644 smart_building_conformal/outputs/matched_forecasting005/fold2_multiseed_batch_v1/attempts/2026-09-14T000420187240+0000_accf1f47/command.log.started.json
 create mode 100644 smart_building_conformal/outputs/matched_forecasting005/fold2_multiseed_batch_v1/attempts/2026-09-14T000420187240+0000_accf1f47/logger.stdout.log
 create mode 100644 smart_building_conformal/outputs/matched_forecasting005/fold2_multiseed_batch_v1/attempts/2026-09-14T000547118840+0000_cd7ba761/attempt.json
 create mode 100644 smart_building_conformal/outputs/matched_forecasting005/fold2_multiseed_batch_v1/attempts/2026-09-14T000547118840+0000_cd7ba761/command.log
 create mode 100644 smart_building_conformal/outputs/matched_forecasting005/fold2_multiseed_batch_v1/attempts/2026-09-14T000547118840+0000_cd7ba761/command.log.json
 create mode 100644 smart_building_conformal/outputs/matched_forecasting005/fold2_multiseed_batch_v1/attempts/2026-09-14T000547118840+0000_cd7ba761/command.log.started.json
 create mode 100644 smart_building_conformal/outputs/matched_forecasting005/fold2_multiseed_batch_v1/attempts/2026-09-14T000547118840+0000_cd7ba761/logger.stdout.log
 create mode 100644 smart_building_conformal/outputs/matched_forecasting005/fold2_multiseed_batch_v1/attempts/2026-09-14T000559324711+0000_b4cc6cf1/attempt.json
 create mode 100644 smart_building_conformal/outputs/matched_forecasting005/fold2_multiseed_batch_v1/attempts/2026-09-14T000559324711+0000_b4cc6cf1/command.log
 create mode 100644 smart_building_conformal/outputs/matched_forecasting005/fold2_multiseed_batch_v1/attempts/2026-09-14T000559324711+0000_b4cc6cf1/command.log.json
 create mode 100644 smart_building_conformal/outputs/matched_forecasting005/fold2_multiseed_batch_v1/attempts/2026-09-14T000559324711+0000_b4cc6cf1/command.log.started.json
 create mode 100644 smart_building_conformal/outputs/matched_forecasting005/fold2_multiseed_batch_v1/attempts/2026-09-14T000559324711+0000_b4cc6cf1/logger.stdout.log
 create mode 100644 smart_building_conformal/outputs/matched_forecasting005/fold2_multiseed_batch_v1/attempts/2026-09-14T000609528328+0000_b6fde570/attempt.json
 create mode 100644 smart_building_conformal/outputs/matched_forecasting005/fold2_multiseed_batch_v1/attempts/2026-09-14T000609528328+0000_b6fde570/command.log
 create mode 100644 smart_building_conformal/outputs/matched_forecasting005/fold2_multiseed_batch_v1/attempts/2026-09-14T000609528328+0000_b6fde570/command.log.json
 create mode 100644 smart_building_conformal/outputs/matched_forecasting005/fold2_multiseed_batch_v1/attempts/2026-09-14T000609528328+0000_b6fde570/command.log.started.json
 create mode 100644 smart_building_conformal/outputs/matched_forecasting005/fold2_multiseed_batch_v1/attempts/2026-09-14T000609528328+0000_b6fde570/groups/actual_seed_metadata.csv
 create mode 100644 smart_building_conformal/outputs/matched_forecasting005/fold2_multiseed_batch_v1/attempts/2026-09-14T000609528328+0000_b6fde570/groups/comparison.csv
 create mode 100644 smart_building_conformal/outputs/matched_forecasting005/fold2_multiseed_batch_v1/attempts/2026-09-14T000609528328+0000_b6fde570/groups/equal_group_diagnostics.csv
 create mode 100644 smart_building_conformal/outputs/matched_forecasting005/fold2_multiseed_batch_v1/attempts/2026-09-14T000609528328+0000_b6fde570/groups/group_metrics.csv
 create mode 100644 smart_building_conformal/outputs/matched_forecasting005/fold2_multiseed_batch_v1/attempts/2026-09-14T000609528328+0000_b6fde570/groups/model_costs.csv
 create mode 100644 smart_building_conformal/outputs/matched_forecasting005/fold2_multiseed_batch_v1/attempts/2026-09-14T000609528328+0000_b6fde570/groups/rico_phase_metrics.csv
 create mode 100644 smart_building_conformal/outputs/matched_forecasting005/fold2_multiseed_batch_v1/attempts/2026-09-14T000609528328+0000_b6fde570/groups/target_diagnostics.csv
 create mode 100644 smart_building_conformal/outputs/matched_forecasting005/fold2_multiseed_batch_v1/attempts/2026-09-14T000609528328+0000_b6fde570/groups/validation.json
 create mode 100644 smart_building_conformal/outputs/matched_forecasting005/fold2_multiseed_batch_v1/attempts/2026-09-14T000609528328+0000_b6fde570/logger.stdout.log
 create mode 100644 smart_building_conformal/outputs/matched_forecasting005/fold2_multiseed_batch_v1/attempts/2026-09-14T000616439354+0000_f93acbe5/attempt.json
 create mode 100644 smart_building_conformal/outputs/matched_forecasting005/fold2_multiseed_batch_v1/attempts/2026-09-14T000616439354+0000_f93acbe5/command.log
 create mode 100644 smart_building_conformal/outputs/matched_forecasting005/fold2_multiseed_batch_v1/attempts/2026-09-14T000616439354+0000_f93acbe5/command.log.json
 create mode 100644 smart_building_conformal/outputs/matched_forecasting005/fold2_multiseed_batch_v1/attempts/2026-09-14T000616439354+0000_f93acbe5/command.log.started.json
 create mode 100644 smart_building_conformal/outputs/matched_forecasting005/fold2_multiseed_batch_v1/attempts/2026-09-14T000616439354+0000_f93acbe5/logger.stdout.log
 create mode 100644 smart_building_conformal/outputs/matched_forecasting005/fold2_multiseed_batch_v1/attempts/2026-09-14T000737322587+0000_561e16a5/attempt.json
 create mode 100644 smart_building_conformal/outputs/matched_forecasting005/fold2_multiseed_batch_v1/attempts/2026-09-14T000737322587+0000_561e16a5/command.log
 create mode 100644 smart_building_conformal/outputs/matched_forecasting005/fold2_multiseed_batch_v1/attempts/2026-09-14T000737322587+0000_561e16a5/command.log.json
 create mode 100644 smart_building_conformal/outputs/matched_forecasting005/fold2_multiseed_batch_v1/attempts/2026-09-14T000737322587+0000_561e16a5/command.log.started.json
 create mode 100644 smart_building_conformal/outputs/matched_forecasting005/fold2_multiseed_batch_v1/attempts/2026-09-14T000737322587+0000_561e16a5/logger.stdout.log
 create mode 100644 smart_building_conformal/outputs/matched_forecasting005/fold2_multiseed_batch_v1/attempts/2026-09-14T000749546822+0000_19c554e3/attempt.json
 create mode 100644 smart_building_conformal/outputs/matched_forecasting005/fold2_multiseed_batch_v1/attempts/2026-09-14T000749546822+0000_19c554e3/command.log
 create mode 100644 smart_building_conformal/outputs/matched_forecasting005/fold2_multiseed_batch_v1/attempts/2026-09-14T000749546822+0000_19c554e3/command.log.json
 create mode 100644 smart_building_conformal/outputs/matched_forecasting005/fold2_multiseed_batch_v1/attempts/2026-09-14T000749546822+0000_19c554e3/command.log.started.json
 create mode 100644 smart_building_conformal/outputs/matched_forecasting005/fold2_multiseed_batch_v1/attempts/2026-09-14T000749546822+0000_19c554e3/logger.stdout.log
 create mode 100644 smart_building_conformal/outputs/matched_forecasting005/fold2_multiseed_batch_v1/attempts/2026-09-14T000759747412+0000_02ea9ace/attempt.json
 create mode 100644 smart_building_conformal/outputs/matched_forecasting005/fold2_multiseed_batch_v1/attempts/2026-09-14T000759747412+0000_02ea9ace/command.log
 create mode 100644 smart_building_conformal/outputs/matched_forecasting005/fold2_multiseed_batch_v1/attempts/2026-09-14T000759747412+0000_02ea9ace/command.log.json
 create mode 100644 smart_building_conformal/outputs/matched_forecasting005/fold2_multiseed_batch_v1/attempts/2026-09-14T000759747412+0000_02ea9ace/command.log.started.json
 create mode 100644 smart_building_conformal/outputs/matched_forecasting005/fold2_multiseed_batch_v1/attempts/2026-09-14T000759747412+0000_02ea9ace/groups/actual_seed_metadata.csv
 create mode 100644 smart_building_conformal/outputs/matched_forecasting005/fold2_multiseed_batch_v1/attempts/2026-09-14T000759747412+0000_02ea9ace/groups/comparison.csv
 create mode 100644 smart_building_conformal/outputs/matched_forecasting005/fold2_multiseed_batch_v1/attempts/2026-09-14T000759747412+0000_02ea9ace/groups/equal_group_diagnostics.csv
 create mode 100644 smart_building_conformal/outputs/matched_forecasting005/fold2_multiseed_batch_v1/attempts/2026-09-14T000759747412+0000_02ea9ace/groups/group_metrics.csv
 create mode 100644 smart_building_conformal/outputs/matched_forecasting005/fold2_multiseed_batch_v1/attempts/2026-09-14T000759747412+0000_02ea9ace/groups/model_costs.csv
 create mode 100644 smart_building_conformal/outputs/matched_forecasting005/fold2_multiseed_batch_v1/attempts/2026-09-14T000759747412+0000_02ea9ace/groups/rico_phase_metrics.csv
 create mode 100644 smart_building_conformal/outputs/matched_forecasting005/fold2_multiseed_batch_v1/attempts/2026-09-14T000759747412+0000_02ea9ace/groups/target_diagnostics.csv
 create mode 100644 smart_building_conformal/outputs/matched_forecasting005/fold2_multiseed_batch_v1/attempts/2026-09-14T000759747412+0000_02ea9ace/groups/validation.json
 create mode 100644 smart_building_conformal/outputs/matched_forecasting005/fold2_multiseed_batch_v1/attempts/2026-09-14T000759747412+0000_02ea9ace/logger.stdout.log
 create mode 100644 smart_building_conformal/outputs/matched_forecasting005/fold2_multiseed_batch_v1/attempts/2026-09-14T000806639522+0000_22534058/attempt.json
 create mode 100644 smart_building_conformal/outputs/matched_forecasting005/fold2_multiseed_batch_v1/attempts/2026-09-14T000806639522+0000_22534058/command.log
 create mode 100644 smart_building_conformal/outputs/matched_forecasting005/fold2_multiseed_batch_v1/attempts/2026-09-14T000806639522+0000_22534058/command.log.json
 create mode 100644 smart_building_conformal/outputs/matched_forecasting005/fold2_multiseed_batch_v1/attempts/2026-09-14T000806639522+0000_22534058/command.log.started.json
 create mode 100644 smart_building_conformal/outputs/matched_forecasting005/fold2_multiseed_batch_v1/attempts/2026-09-14T000806639522+0000_22534058/logger.stdout.log
 create mode 100644 smart_building_conformal/outputs/matched_forecasting005/fold2_multiseed_batch_v1/attempts/2026-09-14T001032116868+0000_cbfc970f/attempt.json
 create mode 100644 smart_building_conformal/outputs/matched_forecasting005/fold2_multiseed_batch_v1/attempts/2026-09-14T001032116868+0000_cbfc970f/command.log
 create mode 100644 smart_building_conformal/outputs/matched_forecasting005/fold2_multiseed_batch_v1/attempts/2026-09-14T001032116868+0000_cbfc970f/command.log.json
 create mode 100644 smart_building_conformal/outputs/matched_forecasting005/fold2_multiseed_batch_v1/attempts/2026-09-14T001032116868+0000_cbfc970f/command.log.started.json
 create mode 100644 smart_building_conformal/outputs/matched_forecasting005/fold2_multiseed_batch_v1/attempts/2026-09-14T001032116868+0000_cbfc970f/logger.stdout.log
 create mode 100644 smart_building_conformal/outputs/matched_forecasting005/fold2_multiseed_batch_v1/attempts/2026-09-14T001058469319+0000_6f520c9a/attempt.json
 create mode 100644 smart_building_conformal/outputs/matched_forecasting005/fold2_multiseed_batch_v1/attempts/2026-09-14T001058469319+0000_6f520c9a/command.log
 create mode 100644 smart_building_conformal/outputs/matched_forecasting005/fold2_multiseed_batch_v1/attempts/2026-09-14T001058469319+0000_6f520c9a/command.log.json
 create mode 100644 smart_building_conformal/outputs/matched_forecasting005/fold2_multiseed_batch_v1/attempts/2026-09-14T001058469319+0000_6f520c9a/command.log.started.json
 create mode 100644 smart_building_conformal/outputs/matched_forecasting005/fold2_multiseed_batch_v1/attempts/2026-09-14T001058469319+0000_6f520c9a/logger.stdout.log
 create mode 100644 smart_building_conformal/outputs/matched_forecasting005/fold2_multiseed_batch_v1/attempts/2026-09-14T001122848247+0000_297db6f7/attempt.json
 create mode 100644 smart_building_conformal/outputs/matched_forecasting005/fold2_multiseed_batch_v1/attempts/2026-09-14T001122848247+0000_297db6f7/command.log
 create mode 100644 smart_building_conformal/outputs/matched_forecasting005/fold2_multiseed_batch_v1/attempts/2026-09-14T001122848247+0000_297db6f7/command.log.json
 create mode 100644 smart_building_conformal/outputs/matched_forecasting005/fold2_multiseed_batch_v1/attempts/2026-09-14T001122848247+0000_297db6f7/command.log.started.json
 create mode 100644 smart_building_conformal/outputs/matched_forecasting005/fold2_multiseed_batch_v1/attempts/2026-09-14T001122848247+0000_297db6f7/groups/actual_seed_metadata.csv
 create mode 100644 smart_building_conformal/outputs/matched_forecasting005/fold2_multiseed_batch_v1/attempts/2026-09-14T001122848247+0000_297db6f7/groups/comparison.csv
 create mode 100644 smart_building_conformal/outputs/matched_forecasting005/fold2_multiseed_batch_v1/attempts/2026-09-14T001122848247+0000_297db6f7/groups/equal_group_diagnostics.csv
 create mode 100644 smart_building_conformal/outputs/matched_forecasting005/fold2_multiseed_batch_v1/attempts/2026-09-14T001122848247+0000_297db6f7/groups/group_metrics.csv
 create mode 100644 smart_building_conformal/outputs/matched_forecasting005/fold2_multiseed_batch_v1/attempts/2026-09-14T001122848247+0000_297db6f7/groups/model_costs.csv
 create mode 100644 smart_building_conformal/outputs/matched_forecasting005/fold2_multiseed_batch_v1/attempts/2026-09-14T001122848247+0000_297db6f7/groups/rico_phase_metrics.csv
 create mode 100644 smart_building_conformal/outputs/matched_forecasting005/fold2_multiseed_batch_v1/attempts/2026-09-14T001122848247+0000_297db6f7/groups/target_diagnostics.csv
 create mode 100644 smart_building_conformal/outputs/matched_forecasting005/fold2_multiseed_batch_v1/attempts/2026-09-14T001122848247+0000_297db6f7/groups/validation.json
 create mode 100644 smart_building_conformal/outputs/matched_forecasting005/fold2_multiseed_batch_v1/attempts/2026-09-14T001122848247+0000_297db6f7/logger.stdout.log
 create mode 100644 smart_building_conformal/outputs/matched_forecasting005/fold2_multiseed_batch_v1/attempts/2026-09-14T001129754415+0000_2e149c78/attempt.json
 create mode 100644 smart_building_conformal/outputs/matched_forecasting005/fold2_multiseed_batch_v1/attempts/2026-09-14T001129754415+0000_2e149c78/command.log
 create mode 100644 smart_building_conformal/outputs/matched_forecasting005/fold2_multiseed_batch_v1/attempts/2026-09-14T001129754415+0000_2e149c78/command.log.json
 create mode 100644 smart_building_conformal/outputs/matched_forecasting005/fold2_multiseed_batch_v1/attempts/2026-09-14T001129754415+0000_2e149c78/command.log.started.json
 create mode 100644 smart_building_conformal/outputs/matched_forecasting005/fold2_multiseed_batch_v1/attempts/2026-09-14T001129754415+0000_2e149c78/logger.stdout.log
 create mode 100644 smart_building_conformal/outputs/matched_forecasting005/fold2_multiseed_batch_v1/attempts/2026-09-14T001401349922+0000_432ba73d/attempt.json
 create mode 100644 smart_building_conformal/outputs/matched_forecasting005/fold2_multiseed_batch_v1/attempts/2026-09-14T001401349922+0000_432ba73d/command.log
 create mode 100644 smart_building_conformal/outputs/matched_forecasting005/fold2_multiseed_batch_v1/attempts/2026-09-14T001401349922+0000_432ba73d/command.log.json
 create mode 100644 smart_building_conformal/outputs/matched_forecasting005/fold2_multiseed_batch_v1/attempts/2026-09-14T001401349922+0000_432ba73d/command.log.started.json
 create mode 100644 smart_building_conformal/outputs/matched_forecasting005/fold2_multiseed_batch_v1/attempts/2026-09-14T001401349922+0000_432ba73d/logger.stdout.log
 create mode 100644 smart_building_conformal/outputs/matched_forecasting005/fold2_multiseed_batch_v1/attempts/2026-09-14T001427732209+0000_5fb1a6c7/attempt.json
 create mode 100644 smart_building_conformal/outputs/matched_forecasting005/fold2_multiseed_batch_v1/attempts/2026-09-14T001427732209+0000_5fb1a6c7/command.log
 create mode 100644 smart_building_conformal/outputs/matched_forecasting005/fold2_multiseed_batch_v1/attempts/2026-09-14T001427732209+0000_5fb1a6c7/command.log.json
 create mode 100644 smart_building_conformal/outputs/matched_forecasting005/fold2_multiseed_batch_v1/attempts/2026-09-14T001427732209+0000_5fb1a6c7/command.log.started.json
 create mode 100644 smart_building_conformal/outputs/matched_forecasting005/fold2_multiseed_batch_v1/attempts/2026-09-14T001427732209+0000_5fb1a6c7/logger.stdout.log
 create mode 100644 smart_building_conformal/outputs/matched_forecasting005/fold2_multiseed_batch_v1/attempts/2026-09-14T001450070069+0000_f39bc3b1/attempt.json
 create mode 100644 smart_building_conformal/outputs/matched_forecasting005/fold2_multiseed_batch_v1/attempts/2026-09-14T001450070069+0000_f39bc3b1/command.log
 create mode 100644 smart_building_conformal/outputs/matched_forecasting005/fold2_multiseed_batch_v1/attempts/2026-09-14T001450070069+0000_f39bc3b1/command.log.json
 create mode 100644 smart_building_conformal/outputs/matched_forecasting005/fold2_multiseed_batch_v1/attempts/2026-09-14T001450070069+0000_f39bc3b1/command.log.started.json
 create mode 100644 smart_building_conformal/outputs/matched_forecasting005/fold2_multiseed_batch_v1/attempts/2026-09-14T001450070069+0000_f39bc3b1/groups/actual_seed_metadata.csv
 create mode 100644 smart_building_conformal/outputs/matched_forecasting005/fold2_multiseed_batch_v1/attempts/2026-09-14T001450070069+0000_f39bc3b1/groups/comparison.csv
 create mode 100644 smart_building_conformal/outputs/matched_forecasting005/fold2_multiseed_batch_v1/attempts/2026-09-14T001450070069+0000_f39bc3b1/groups/equal_group_diagnostics.csv
 create mode 100644 smart_building_conformal/outputs/matched_forecasting005/fold2_multiseed_batch_v1/attempts/2026-09-14T001450070069+0000_f39bc3b1/groups/group_metrics.csv
 create mode 100644 smart_building_conformal/outputs/matched_forecasting005/fold2_multiseed_batch_v1/attempts/2026-09-14T001450070069+0000_f39bc3b1/groups/model_costs.csv
 create mode 100644 smart_building_conformal/outputs/matched_forecasting005/fold2_multiseed_batch_v1/attempts/2026-09-14T001450070069+0000_f39bc3b1/groups/rico_phase_metrics.csv
 create mode 100644 smart_building_conformal/outputs/matched_forecasting005/fold2_multiseed_batch_v1/attempts/2026-09-14T001450070069+0000_f39bc3b1/groups/target_diagnostics.csv
 create mode 100644 smart_building_conformal/outputs/matched_forecasting005/fold2_multiseed_batch_v1/attempts/2026-09-14T001450070069+0000_f39bc3b1/groups/validation.json
 create mode 100644 smart_building_conformal/outputs/matched_forecasting005/fold2_multiseed_batch_v1/attempts/2026-09-14T001450070069+0000_f39bc3b1/logger.stdout.log
 create mode 100644 smart_building_conformal/outputs/matched_forecasting005/fold2_multiseed_batch_v1/attempts/2026-09-14T001456992759+0000_cf40ead3/attempt.json
 create mode 100644 smart_building_conformal/outputs/matched_forecasting005/fold2_multiseed_batch_v1/attempts/2026-09-14T001456992759+0000_cf40ead3/command.log
 create mode 100644 smart_building_conformal/outputs/matched_forecasting005/fold2_multiseed_batch_v1/attempts/2026-09-14T001456992759+0000_cf40ead3/command.log.json
 create mode 100644 smart_building_conformal/outputs/matched_forecasting005/fold2_multiseed_batch_v1/attempts/2026-09-14T001456992759+0000_cf40ead3/command.log.started.json
 create mode 100644 smart_building_conformal/outputs/matched_forecasting005/fold2_multiseed_batch_v1/attempts/2026-09-14T001456992759+0000_cf40ead3/logger.stdout.log
 create mode 100644 smart_building_conformal/outputs/matched_forecasting005/fold2_multiseed_batch_v1/attempts/2026-09-14T001730727965+0000_e6bab040/attempt.json
 create mode 100644 smart_building_conformal/outputs/matched_forecasting005/fold2_multiseed_batch_v1/attempts/2026-09-14T001730727965+0000_e6bab040/command.log
 create mode 100644 smart_building_conformal/outputs/matched_forecasting005/fold2_multiseed_batch_v1/attempts/2026-09-14T001730727965+0000_e6bab040/command.log.json
 create mode 100644 smart_building_conformal/outputs/matched_forecasting005/fold2_multiseed_batch_v1/attempts/2026-09-14T001730727965+0000_e6bab040/command.log.started.json
 create mode 100644 smart_building_conformal/outputs/matched_forecasting005/fold2_multiseed_batch_v1/attempts/2026-09-14T001730727965+0000_e6bab040/logger.stdout.log
 create mode 100644 smart_building_conformal/outputs/matched_forecasting005/fold2_multiseed_batch_v1/attempts/2026-09-14T001755090425+0000_0a386acb/attempt.json
 create mode 100644 smart_building_conformal/outputs/matched_forecasting005/fold2_multiseed_batch_v1/attempts/2026-09-14T001755090425+0000_0a386acb/command.log
 create mode 100644 smart_building_conformal/outputs/matched_forecasting005/fold2_multiseed_batch_v1/attempts/2026-09-14T001755090425+0000_0a386acb/command.log.json
 create mode 100644 smart_building_conformal/outputs/matched_forecasting005/fold2_multiseed_batch_v1/attempts/2026-09-14T001755090425+0000_0a386acb/command.log.started.json
 create mode 100644 smart_building_conformal/outputs/matched_forecasting005/fold2_multiseed_batch_v1/attempts/2026-09-14T001755090425+0000_0a386acb/logger.stdout.log
 create mode 100644 smart_building_conformal/outputs/matched_forecasting005/fold2_multiseed_batch_v1/attempts/2026-09-14T001819447639+0000_eb57f7ed/attempt.json
 create mode 100644 smart_building_conformal/outputs/matched_forecasting005/fold2_multiseed_batch_v1/attempts/2026-09-14T001819447639+0000_eb57f7ed/command.log
 create mode 100644 smart_building_conformal/outputs/matched_forecasting005/fold2_multiseed_batch_v1/attempts/2026-09-14T001819447639+0000_eb57f7ed/command.log.json
 create mode 100644 smart_building_conformal/outputs/matched_forecasting005/fold2_multiseed_batch_v1/attempts/2026-09-14T001819447639+0000_eb57f7ed/command.log.started.json
 create mode 100644 smart_building_conformal/outputs/matched_forecasting005/fold2_multiseed_batch_v1/attempts/2026-09-14T001819447639+0000_eb57f7ed/groups/actual_seed_metadata.csv
 create mode 100644 smart_building_conformal/outputs/matched_forecasting005/fold2_multiseed_batch_v1/attempts/2026-09-14T001819447639+0000_eb57f7ed/groups/comparison.csv
 create mode 100644 smart_building_conformal/outputs/matched_forecasting005/fold2_multiseed_batch_v1/attempts/2026-09-14T001819447639+0000_eb57f7ed/groups/equal_group_diagnostics.csv
 create mode 100644 smart_building_conformal/outputs/matched_forecasting005/fold2_multiseed_batch_v1/attempts/2026-09-14T001819447639+0000_eb57f7ed/groups/group_metrics.csv
 create mode 100644 smart_building_conformal/outputs/matched_forecasting005/fold2_multiseed_batch_v1/attempts/2026-09-14T001819447639+0000_eb57f7ed/groups/model_costs.csv
 create mode 100644 smart_building_conformal/outputs/matched_forecasting005/fold2_multiseed_batch_v1/attempts/2026-09-14T001819447639+0000_eb57f7ed/groups/rico_phase_metrics.csv
 create mode 100644 smart_building_conformal/outputs/matched_forecasting005/fold2_multiseed_batch_v1/attempts/2026-09-14T001819447639+0000_eb57f7ed/groups/target_diagnostics.csv
 create mode 100644 smart_building_conformal/outputs/matched_forecasting005/fold2_multiseed_batch_v1/attempts/2026-09-14T001819447639+0000_eb57f7ed/groups/validation.json
 create mode 100644 smart_building_conformal/outputs/matched_forecasting005/fold2_multiseed_batch_v1/attempts/2026-09-14T001819447639+0000_eb57f7ed/logger.stdout.log
 create mode 100644 smart_building_conformal/outputs/matched_forecasting005/fold2_multiseed_batch_v1/attempts/2026-09-14T001826471112+0000_53228006/attempt.json
 create mode 100644 smart_building_conformal/outputs/matched_forecasting005/fold2_multiseed_batch_v1/attempts/2026-09-14T001826471112+0000_53228006/command.log
 create mode 100644 smart_building_conformal/outputs/matched_forecasting005/fold2_multiseed_batch_v1/attempts/2026-09-14T001826471112+0000_53228006/command.log.json
 create mode 100644 smart_building_conformal/outputs/matched_forecasting005/fold2_multiseed_batch_v1/attempts/2026-09-14T001826471112+0000_53228006/command.log.started.json
 create mode 100644 smart_building_conformal/outputs/matched_forecasting005/fold2_multiseed_batch_v1/attempts/2026-09-14T001826471112+0000_53228006/logger.stdout.log
 create mode 100644 smart_building_conformal/outputs/matched_forecasting005/fold2_multiseed_batch_v1/attempts/2026-09-14T001959652840+0000_5d372071/attempt.json
 create mode 100644 smart_building_conformal/outputs/matched_forecasting005/fold2_multiseed_batch_v1/attempts/2026-09-14T001959652840+0000_5d372071/command.log
 create mode 100644 smart_building_conformal/outputs/matched_forecasting005/fold2_multiseed_batch_v1/attempts/2026-09-14T001959652840+0000_5d372071/command.log.json
 create mode 100644 smart_building_conformal/outputs/matched_forecasting005/fold2_multiseed_batch_v1/attempts/2026-09-14T001959652840+0000_5d372071/command.log.started.json
 create mode 100644 smart_building_conformal/outputs/matched_forecasting005/fold2_multiseed_batch_v1/attempts/2026-09-14T001959652840+0000_5d372071/logger.stdout.log
 create mode 100644 smart_building_conformal/outputs/matched_forecasting005/fold2_multiseed_batch_v1/attempts/2026-09-14T002028079148+0000_6a126d17/attempt.json
 create mode 100644 smart_building_conformal/outputs/matched_forecasting005/fold2_multiseed_batch_v1/attempts/2026-09-14T002028079148+0000_6a126d17/command.log
 create mode 100644 smart_building_conformal/outputs/matched_forecasting005/fold2_multiseed_batch_v1/attempts/2026-09-14T002028079148+0000_6a126d17/command.log.json
 create mode 100644 smart_building_conformal/outputs/matched_forecasting005/fold2_multiseed_batch_v1/attempts/2026-09-14T002028079148+0000_6a126d17/command.log.started.json
 create mode 100644 smart_building_conformal/outputs/matched_forecasting005/fold2_multiseed_batch_v1/attempts/2026-09-14T002028079148+0000_6a126d17/logger.stdout.log
 create mode 100644 smart_building_conformal/outputs/matched_forecasting005/fold2_multiseed_batch_v1/attempts/2026-09-14T002052449980+0000_48d03364/attempt.json
 create mode 100644 smart_building_conformal/outputs/matched_forecasting005/fold2_multiseed_batch_v1/attempts/2026-09-14T002052449980+0000_48d03364/command.log
 create mode 100644 smart_building_conformal/outputs/matched_forecasting005/fold2_multiseed_batch_v1/attempts/2026-09-14T002052449980+0000_48d03364/command.log.json
 create mode 100644 smart_building_conformal/outputs/matched_forecasting005/fold2_multiseed_batch_v1/attempts/2026-09-14T002052449980+0000_48d03364/command.log.started.json
 create mode 100644 smart_building_conformal/outputs/matched_forecasting005/fold2_multiseed_batch_v1/attempts/2026-09-14T002052449980+0000_48d03364/groups/actual_seed_metadata.csv
 create mode 100644 smart_building_conformal/outputs/matched_forecasting005/fold2_multiseed_batch_v1/attempts/2026-09-14T002052449980+0000_48d03364/groups/comparison.csv
 create mode 100644 smart_building_conformal/outputs/matched_forecasting005/fold2_multiseed_batch_v1/attempts/2026-09-14T002052449980+0000_48d03364/groups/equal_group_diagnostics.csv
 create mode 100644 smart_building_conformal/outputs/matched_forecasting005/fold2_multiseed_batch_v1/attempts/2026-09-14T002052449980+0000_48d03364/groups/group_metrics.csv
 create mode 100644 smart_building_conformal/outputs/matched_forecasting005/fold2_multiseed_batch_v1/attempts/2026-09-14T002052449980+0000_48d03364/groups/model_costs.csv
 create mode 100644 smart_building_conformal/outputs/matched_forecasting005/fold2_multiseed_batch_v1/attempts/2026-09-14T002052449980+0000_48d03364/groups/rico_phase_metrics.csv
 create mode 100644 smart_building_conformal/outputs/matched_forecasting005/fold2_multiseed_batch_v1/attempts/2026-09-14T002052449980+0000_48d03364/groups/target_diagnostics.csv
 create mode 100644 smart_building_conformal/outputs/matched_forecasting005/fold2_multiseed_batch_v1/attempts/2026-09-14T002052449980+0000_48d03364/groups/validation.json
 create mode 100644 smart_building_conformal/outputs/matched_forecasting005/fold2_multiseed_batch_v1/attempts/2026-09-14T002052449980+0000_48d03364/logger.stdout.log
 create mode 100644 smart_building_conformal/outputs/matched_forecasting005/fold2_multiseed_batch_v1/attempts/2026-09-14T002059404553+0000_da0ac98b/attempt.json
 create mode 100644 smart_building_conformal/outputs/matched_forecasting005/fold2_multiseed_batch_v1/attempts/2026-09-14T002059404553+0000_da0ac98b/command.log
 create mode 100644 smart_building_conformal/outputs/matched_forecasting005/fold2_multiseed_batch_v1/attempts/2026-09-14T002059404553+0000_da0ac98b/command.log.json
 create mode 100644 smart_building_conformal/outputs/matched_forecasting005/fold2_multiseed_batch_v1/attempts/2026-09-14T002059404553+0000_da0ac98b/command.log.started.json
 create mode 100644 smart_building_conformal/outputs/matched_forecasting005/fold2_multiseed_batch_v1/attempts/2026-09-14T002059404553+0000_da0ac98b/logger.stdout.log
 create mode 100644 smart_building_conformal/outputs/matched_forecasting005/fold2_multiseed_batch_v1/attempts/2026-09-14T003416007291+0000_126fb30e/attempt.json
 create mode 100644 smart_building_conformal/outputs/matched_forecasting005/fold2_multiseed_batch_v1/attempts/2026-09-14T003416007291+0000_126fb30e/command.log
 create mode 100644 smart_building_conformal/outputs/matched_forecasting005/fold2_multiseed_batch_v1/attempts/2026-09-14T003416007291+0000_126fb30e/command.log.json
 create mode 100644 smart_building_conformal/outputs/matched_forecasting005/fold2_multiseed_batch_v1/attempts/2026-09-14T003416007291+0000_126fb30e/command.log.started.json
 create mode 100644 smart_building_conformal/outputs/matched_forecasting005/fold2_multiseed_batch_v1/attempts/2026-09-14T003416007291+0000_126fb30e/logger.stdout.log
 create mode 100644 smart_building_conformal/outputs/matched_forecasting005/fold2_multiseed_batch_v1/attempts/2026-09-14T003502691707+0000_361829c4/attempt.json
 create mode 100644 smart_building_conformal/outputs/matched_forecasting005/fold2_multiseed_batch_v1/attempts/2026-09-14T003502691707+0000_361829c4/command.log
 create mode 100644 smart_building_conformal/outputs/matched_forecasting005/fold2_multiseed_batch_v1/attempts/2026-09-14T003502691707+0000_361829c4/command.log.json
 create mode 100644 smart_building_conformal/outputs/matched_forecasting005/fold2_multiseed_batch_v1/attempts/2026-09-14T003502691707+0000_361829c4/command.log.started.json
 create mode 100644 smart_building_conformal/outputs/matched_forecasting005/fold2_multiseed_batch_v1/attempts/2026-09-14T003502691707+0000_361829c4/logger.stdout.log
 create mode 100644 smart_building_conformal/outputs/matched_forecasting005/fold2_multiseed_batch_v1/attempts/2026-09-14T003525056126+0000_31b770f9/attempt.json
 create mode 100644 smart_building_conformal/outputs/matched_forecasting005/fold2_multiseed_batch_v1/attempts/2026-09-14T003525056126+0000_31b770f9/command.log
 create mode 100644 smart_building_conformal/outputs/matched_forecasting005/fold2_multiseed_batch_v1/attempts/2026-09-14T003525056126+0000_31b770f9/command.log.json
 create mode 100644 smart_building_conformal/outputs/matched_forecasting005/fold2_multiseed_batch_v1/attempts/2026-09-14T003525056126+0000_31b770f9/command.log.started.json
 create mode 100644 smart_building_conformal/outputs/matched_forecasting005/fold2_multiseed_batch_v1/attempts/2026-09-14T003525056126+0000_31b770f9/groups/actual_seed_metadata.csv
 create mode 100644 smart_building_conformal/outputs/matched_forecasting005/fold2_multiseed_batch_v1/attempts/2026-09-14T003525056126+0000_31b770f9/groups/comparison.csv
 create mode 100644 smart_building_conformal/outputs/matched_forecasting005/fold2_multiseed_batch_v1/attempts/2026-09-14T003525056126+0000_31b770f9/groups/equal_group_diagnostics.csv
 create mode 100644 smart_building_conformal/outputs/matched_forecasting005/fold2_multiseed_batch_v1/attempts/2026-09-14T003525056126+0000_31b770f9/groups/group_metrics.csv
 create mode 100644 smart_building_conformal/outputs/matched_forecasting005/fold2_multiseed_batch_v1/attempts/2026-09-14T003525056126+0000_31b770f9/groups/model_costs.csv
 create mode 100644 smart_building_conformal/outputs/matched_forecasting005/fold2_multiseed_batch_v1/attempts/2026-09-14T003525056126+0000_31b770f9/groups/rico_phase_metrics.csv
 create mode 100644 smart_building_conformal/outputs/matched_forecasting005/fold2_multiseed_batch_v1/attempts/2026-09-14T003525056126+0000_31b770f9/groups/target_diagnostics.csv
 create mode 100644 smart_building_conformal/outputs/matched_forecasting005/fold2_multiseed_batch_v1/attempts/2026-09-14T003525056126+0000_31b770f9/groups/validation.json
 create mode 100644 smart_building_conformal/outputs/matched_forecasting005/fold2_multiseed_batch_v1/attempts/2026-09-14T003525056126+0000_31b770f9/logger.stdout.log
 create mode 100644 smart_building_conformal/outputs/matched_forecasting005/fold2_multiseed_batch_v1/attempts/2026-09-14T003535850686+0000_e5492ecb/attempt.json
 create mode 100644 smart_building_conformal/outputs/matched_forecasting005/fold2_multiseed_batch_v1/attempts/2026-09-14T003535850686+0000_e5492ecb/command.log
 create mode 100644 smart_building_conformal/outputs/matched_forecasting005/fold2_multiseed_batch_v1/attempts/2026-09-14T003535850686+0000_e5492ecb/command.log.json
 create mode 100644 smart_building_conformal/outputs/matched_forecasting005/fold2_multiseed_batch_v1/attempts/2026-09-14T003535850686+0000_e5492ecb/command.log.started.json
 create mode 100644 smart_building_conformal/outputs/matched_forecasting005/fold2_multiseed_batch_v1/attempts/2026-09-14T003535850686+0000_e5492ecb/logger.stdout.log
 create mode 100644 smart_building_conformal/outputs/matched_forecasting005/fold2_multiseed_batch_v1/attempts/2026-09-14T004526313383+0000_8beff7e3/attempt.json
 create mode 100644 smart_building_conformal/outputs/matched_forecasting005/fold2_multiseed_batch_v1/attempts/2026-09-14T004526313383+0000_8beff7e3/command.log
 create mode 100644 smart_building_conformal/outputs/matched_forecasting005/fold2_multiseed_batch_v1/attempts/2026-09-14T004526313383+0000_8beff7e3/command.log.json
 create mode 100644 smart_building_conformal/outputs/matched_forecasting005/fold2_multiseed_batch_v1/attempts/2026-09-14T004526313383+0000_8beff7e3/command.log.started.json
 create mode 100644 smart_building_conformal/outputs/matched_forecasting005/fold2_multiseed_batch_v1/attempts/2026-09-14T004526313383+0000_8beff7e3/logger.stdout.log
 create mode 100644 smart_building_conformal/outputs/matched_forecasting005/fold2_multiseed_batch_v1/attempts/2026-09-14T004554725368+0000_72e81f06/attempt.json
 create mode 100644 smart_building_conformal/outputs/matched_forecasting005/fold2_multiseed_batch_v1/attempts/2026-09-14T004554725368+0000_72e81f06/command.log
 create mode 100644 smart_building_conformal/outputs/matched_forecasting005/fold2_multiseed_batch_v1/attempts/2026-09-14T004554725368+0000_72e81f06/command.log.json
 create mode 100644 smart_building_conformal/outputs/matched_forecasting005/fold2_multiseed_batch_v1/attempts/2026-09-14T004554725368+0000_72e81f06/command.log.started.json
 create mode 100644 smart_building_conformal/outputs/matched_forecasting005/fold2_multiseed_batch_v1/attempts/2026-09-14T004554725368+0000_72e81f06/logger.stdout.log
 create mode 100644 smart_building_conformal/outputs/matched_forecasting005/fold2_multiseed_batch_v1/attempts/2026-09-14T004619111905+0000_9d3aa17b/attempt.json
 create mode 100644 smart_building_conformal/outputs/matched_forecasting005/fold2_multiseed_batch_v1/attempts/2026-09-14T004619111905+0000_9d3aa17b/command.log
 create mode 100644 smart_building_conformal/outputs/matched_forecasting005/fold2_multiseed_batch_v1/attempts/2026-09-14T004619111905+0000_9d3aa17b/command.log.json
 create mode 100644 smart_building_conformal/outputs/matched_forecasting005/fold2_multiseed_batch_v1/attempts/2026-09-14T004619111905+0000_9d3aa17b/command.log.started.json
 create mode 100644 smart_building_conformal/outputs/matched_forecasting005/fold2_multiseed_batch_v1/attempts/2026-09-14T004619111905+0000_9d3aa17b/groups/actual_seed_metadata.csv
 create mode 100644 smart_building_conformal/outputs/matched_forecasting005/fold2_multiseed_batch_v1/attempts/2026-09-14T004619111905+0000_9d3aa17b/groups/comparison.csv
 create mode 100644 smart_building_conformal/outputs/matched_forecasting005/fold2_multiseed_batch_v1/attempts/2026-09-14T004619111905+0000_9d3aa17b/groups/equal_group_diagnostics.csv
 create mode 100644 smart_building_conformal/outputs/matched_forecasting005/fold2_multiseed_batch_v1/attempts/2026-09-14T004619111905+0000_9d3aa17b/groups/group_metrics.csv
 create mode 100644 smart_building_conformal/outputs/matched_forecasting005/fold2_multiseed_batch_v1/attempts/2026-09-14T004619111905+0000_9d3aa17b/groups/model_costs.csv
 create mode 100644 smart_building_conformal/outputs/matched_forecasting005/fold2_multiseed_batch_v1/attempts/2026-09-14T004619111905+0000_9d3aa17b/groups/rico_phase_metrics.csv
 create mode 100644 smart_building_conformal/outputs/matched_forecasting005/fold2_multiseed_batch_v1/attempts/2026-09-14T004619111905+0000_9d3aa17b/groups/target_diagnostics.csv
 create mode 100644 smart_building_conformal/outputs/matched_forecasting005/fold2_multiseed_batch_v1/attempts/2026-09-14T004619111905+0000_9d3aa17b/groups/validation.json
 create mode 100644 smart_building_conformal/outputs/matched_forecasting005/fold2_multiseed_batch_v1/attempts/2026-09-14T004619111905+0000_9d3aa17b/logger.stdout.log
 create mode 100644 smart_building_conformal/outputs/matched_forecasting005/fold2_multiseed_batch_v1/attempts/2026-09-14T004628195317+0000_0e3a8936/attempt.json
 create mode 100644 smart_building_conformal/outputs/matched_forecasting005/fold2_multiseed_batch_v1/attempts/2026-09-14T004628195317+0000_0e3a8936/command.log
 create mode 100644 smart_building_conformal/outputs/matched_forecasting005/fold2_multiseed_batch_v1/attempts/2026-09-14T004628195317+0000_0e3a8936/command.log.json
 create mode 100644 smart_building_conformal/outputs/matched_forecasting005/fold2_multiseed_batch_v1/attempts/2026-09-14T004628195317+0000_0e3a8936/command.log.started.json
 create mode 100644 smart_building_conformal/outputs/matched_forecasting005/fold2_multiseed_batch_v1/attempts/2026-09-14T004628195317+0000_0e3a8936/logger.stdout.log
 create mode 100644 smart_building_conformal/outputs/matched_forecasting005/fold2_multiseed_batch_v1/attempts/2026-09-14T005123568114+0000_31e5c519/attempt.json
 create mode 100644 smart_building_conformal/outputs/matched_forecasting005/fold2_multiseed_batch_v1/attempts/2026-09-14T005123568114+0000_31e5c519/command.log
 create mode 100644 smart_building_conformal/outputs/matched_forecasting005/fold2_multiseed_batch_v1/attempts/2026-09-14T005123568114+0000_31e5c519/command.log.json
 create mode 100644 smart_building_conformal/outputs/matched_forecasting005/fold2_multiseed_batch_v1/attempts/2026-09-14T005123568114+0000_31e5c519/command.log.started.json
 create mode 100644 smart_building_conformal/outputs/matched_forecasting005/fold2_multiseed_batch_v1/attempts/2026-09-14T005123568114+0000_31e5c519/logger.stdout.log
 create mode 100644 smart_building_conformal/outputs/matched_forecasting005/fold2_multiseed_batch_v1/attempts/2026-09-14T005152019911+0000_5c3c3739/attempt.json
 create mode 100644 smart_building_conformal/outputs/matched_forecasting005/fold2_multiseed_batch_v1/attempts/2026-09-14T005152019911+0000_5c3c3739/command.log
 create mode 100644 smart_building_conformal/outputs/matched_forecasting005/fold2_multiseed_batch_v1/attempts/2026-09-14T005152019911+0000_5c3c3739/command.log.json
 create mode 100644 smart_building_conformal/outputs/matched_forecasting005/fold2_multiseed_batch_v1/attempts/2026-09-14T005152019911+0000_5c3c3739/command.log.started.json
 create mode 100644 smart_building_conformal/outputs/matched_forecasting005/fold2_multiseed_batch_v1/attempts/2026-09-14T005152019911+0000_5c3c3739/logger.stdout.log
 create mode 100644 smart_building_conformal/outputs/matched_forecasting005/fold2_multiseed_batch_v1/attempts/2026-09-14T005216413345+0000_618fa4ff/attempt.json
 create mode 100644 smart_building_conformal/outputs/matched_forecasting005/fold2_multiseed_batch_v1/attempts/2026-09-14T005216413345+0000_618fa4ff/command.log
 create mode 100644 smart_building_conformal/outputs/matched_forecasting005/fold2_multiseed_batch_v1/attempts/2026-09-14T005216413345+0000_618fa4ff/command.log.json
 create mode 100644 smart_building_conformal/outputs/matched_forecasting005/fold2_multiseed_batch_v1/attempts/2026-09-14T005216413345+0000_618fa4ff/command.log.started.json
 create mode 100644 smart_building_conformal/outputs/matched_forecasting005/fold2_multiseed_batch_v1/attempts/2026-09-14T005216413345+0000_618fa4ff/groups/actual_seed_metadata.csv
 create mode 100644 smart_building_conformal/outputs/matched_forecasting005/fold2_multiseed_batch_v1/attempts/2026-09-14T005216413345+0000_618fa4ff/groups/comparison.csv
 create mode 100644 smart_building_conformal/outputs/matched_forecasting005/fold2_multiseed_batch_v1/attempts/2026-09-14T005216413345+0000_618fa4ff/groups/equal_group_diagnostics.csv
 create mode 100644 smart_building_conformal/outputs/matched_forecasting005/fold2_multiseed_batch_v1/attempts/2026-09-14T005216413345+0000_618fa4ff/groups/group_metrics.csv
 create mode 100644 smart_building_conformal/outputs/matched_forecasting005/fold2_multiseed_batch_v1/attempts/2026-09-14T005216413345+0000_618fa4ff/groups/model_costs.csv
 create mode 100644 smart_building_conformal/outputs/matched_forecasting005/fold2_multiseed_batch_v1/attempts/2026-09-14T005216413345+0000_618fa4ff/groups/rico_phase_metrics.csv
 create mode 100644 smart_building_conformal/outputs/matched_forecasting005/fold2_multiseed_batch_v1/attempts/2026-09-14T005216413345+0000_618fa4ff/groups/target_diagnostics.csv
 create mode 100644 smart_building_conformal/outputs/matched_forecasting005/fold2_multiseed_batch_v1/attempts/2026-09-14T005216413345+0000_618fa4ff/groups/validation.json
 create mode 100644 smart_building_conformal/outputs/matched_forecasting005/fold2_multiseed_batch_v1/attempts/2026-09-14T005216413345+0000_618fa4ff/logger.stdout.log
 create mode 100644 smart_building_conformal/outputs/matched_forecasting005/fold2_multiseed_batch_v1/attempts/2026-09-14T005225479475+0000_aac11c38/attempt.json
 create mode 100644 smart_building_conformal/outputs/matched_forecasting005/fold2_multiseed_batch_v1/attempts/2026-09-14T005225479475+0000_aac11c38/command.log
 create mode 100644 smart_building_conformal/outputs/matched_forecasting005/fold2_multiseed_batch_v1/attempts/2026-09-14T005225479475+0000_aac11c38/command.log.json
 create mode 100644 smart_building_conformal/outputs/matched_forecasting005/fold2_multiseed_batch_v1/attempts/2026-09-14T005225479475+0000_aac11c38/command.log.started.json
 create mode 100644 smart_building_conformal/outputs/matched_forecasting005/fold2_multiseed_batch_v1/attempts/2026-09-14T005225479475+0000_aac11c38/logger.stdout.log
 create mode 100644 smart_building_conformal/outputs/matched_forecasting005/fold2_multiseed_batch_v1/attempts/2026-09-14T005628314728+0000_c323e276/attempt.json
 create mode 100644 smart_building_conformal/outputs/matched_forecasting005/fold2_multiseed_batch_v1/attempts/2026-09-14T005628314728+0000_c323e276/command.log
 create mode 100644 smart_building_conformal/outputs/matched_forecasting005/fold2_multiseed_batch_v1/attempts/2026-09-14T005628314728+0000_c323e276/command.log.json
 create mode 100644 smart_building_conformal/outputs/matched_forecasting005/fold2_multiseed_batch_v1/attempts/2026-09-14T005628314728+0000_c323e276/command.log.started.json
 create mode 100644 smart_building_conformal/outputs/matched_forecasting005/fold2_multiseed_batch_v1/attempts/2026-09-14T005628314728+0000_c323e276/logger.stdout.log
 create mode 100644 smart_building_conformal/outputs/matched_forecasting005/fold2_multiseed_batch_v1/attempts/2026-09-14T005644606514+0000_0436ca7c/attempt.json
 create mode 100644 smart_building_conformal/outputs/matched_forecasting005/fold2_multiseed_batch_v1/attempts/2026-09-14T005644606514+0000_0436ca7c/command.log
 create mode 100644 smart_building_conformal/outputs/matched_forecasting005/fold2_multiseed_batch_v1/attempts/2026-09-14T005644606514+0000_0436ca7c/command.log.json
 create mode 100644 smart_building_conformal/outputs/matched_forecasting005/fold2_multiseed_batch_v1/attempts/2026-09-14T005644606514+0000_0436ca7c/command.log.started.json
 create mode 100644 smart_building_conformal/outputs/matched_forecasting005/fold2_multiseed_batch_v1/attempts/2026-09-14T005644606514+0000_0436ca7c/logger.stdout.log
 create mode 100644 smart_building_conformal/outputs/matched_forecasting005/fold2_multiseed_batch_v1/attempts/2026-09-14T005658891686+0000_d657f66b/attempt.json
 create mode 100644 smart_building_conformal/outputs/matched_forecasting005/fold2_multiseed_batch_v1/attempts/2026-09-14T005658891686+0000_d657f66b/command.log
 create mode 100644 smart_building_conformal/outputs/matched_forecasting005/fold2_multiseed_batch_v1/attempts/2026-09-14T005658891686+0000_d657f66b/command.log.json
 create mode 100644 smart_building_conformal/outputs/matched_forecasting005/fold2_multiseed_batch_v1/attempts/2026-09-14T005658891686+0000_d657f66b/command.log.started.json
 create mode 100644 smart_building_conformal/outputs/matched_forecasting005/fold2_multiseed_batch_v1/attempts/2026-09-14T005658891686+0000_d657f66b/groups/actual_seed_metadata.csv
 create mode 100644 smart_building_conformal/outputs/matched_forecasting005/fold2_multiseed_batch_v1/attempts/2026-09-14T005658891686+0000_d657f66b/groups/comparison.csv
 create mode 100644 smart_building_conformal/outputs/matched_forecasting005/fold2_multiseed_batch_v1/attempts/2026-09-14T005658891686+0000_d657f66b/groups/equal_group_diagnostics.csv
 create mode 100644 smart_building_conformal/outputs/matched_forecasting005/fold2_multiseed_batch_v1/attempts/2026-09-14T005658891686+0000_d657f66b/groups/group_metrics.csv
 create mode 100644 smart_building_conformal/outputs/matched_forecasting005/fold2_multiseed_batch_v1/attempts/2026-09-14T005658891686+0000_d657f66b/groups/model_costs.csv
 create mode 100644 smart_building_conformal/outputs/matched_forecasting005/fold2_multiseed_batch_v1/attempts/2026-09-14T005658891686+0000_d657f66b/groups/rico_phase_metrics.csv
 create mode 100644 smart_building_conformal/outputs/matched_forecasting005/fold2_multiseed_batch_v1/attempts/2026-09-14T005658891686+0000_d657f66b/groups/target_diagnostics.csv
 create mode 100644 smart_building_conformal/outputs/matched_forecasting005/fold2_multiseed_batch_v1/attempts/2026-09-14T005658891686+0000_d657f66b/groups/validation.json
 create mode 100644 smart_building_conformal/outputs/matched_forecasting005/fold2_multiseed_batch_v1/attempts/2026-09-14T005658891686+0000_d657f66b/logger.stdout.log
 create mode 100644 smart_building_conformal/outputs/matched_forecasting005/fold2_multiseed_batch_v1/attempts/2026-09-14T005705842866+0000_16b1e32a/attempt.json
 create mode 100644 smart_building_conformal/outputs/matched_forecasting005/fold2_multiseed_batch_v1/attempts/2026-09-14T005705842866+0000_16b1e32a/command.log
 create mode 100644 smart_building_conformal/outputs/matched_forecasting005/fold2_multiseed_batch_v1/attempts/2026-09-14T005705842866+0000_16b1e32a/command.log.json
 create mode 100644 smart_building_conformal/outputs/matched_forecasting005/fold2_multiseed_batch_v1/attempts/2026-09-14T005705842866+0000_16b1e32a/command.log.started.json
 create mode 100644 smart_building_conformal/outputs/matched_forecasting005/fold2_multiseed_batch_v1/attempts/2026-09-14T005705842866+0000_16b1e32a/logger.stdout.log
 create mode 100644 smart_building_conformal/outputs/matched_forecasting005/fold2_multiseed_batch_v1/attempts/2026-09-14T010034293339+0000_5e95307a/attempt.json
 create mode 100644 smart_building_conformal/outputs/matched_forecasting005/fold2_multiseed_batch_v1/attempts/2026-09-14T010034293339+0000_5e95307a/command.log
 create mode 100644 smart_building_conformal/outputs/matched_forecasting005/fold2_multiseed_batch_v1/attempts/2026-09-14T010034293339+0000_5e95307a/command.log.json
 create mode 100644 smart_building_conformal/outputs/matched_forecasting005/fold2_multiseed_batch_v1/attempts/2026-09-14T010034293339+0000_5e95307a/command.log.started.json
 create mode 100644 smart_building_conformal/outputs/matched_forecasting005/fold2_multiseed_batch_v1/attempts/2026-09-14T010034293339+0000_5e95307a/logger.stdout.log
 create mode 100644 smart_building_conformal/outputs/matched_forecasting005/fold2_multiseed_batch_v1/attempts/2026-09-14T010050571405+0000_a34c20be/attempt.json
 create mode 100644 smart_building_conformal/outputs/matched_forecasting005/fold2_multiseed_batch_v1/attempts/2026-09-14T010050571405+0000_a34c20be/command.log
 create mode 100644 smart_building_conformal/outputs/matched_forecasting005/fold2_multiseed_batch_v1/attempts/2026-09-14T010050571405+0000_a34c20be/command.log.json
 create mode 100644 smart_building_conformal/outputs/matched_forecasting005/fold2_multiseed_batch_v1/attempts/2026-09-14T010050571405+0000_a34c20be/command.log.started.json
 create mode 100644 smart_building_conformal/outputs/matched_forecasting005/fold2_multiseed_batch_v1/attempts/2026-09-14T010050571405+0000_a34c20be/logger.stdout.log
 create mode 100644 smart_building_conformal/outputs/matched_forecasting005/fold2_multiseed_batch_v1/attempts/2026-09-14T010104856766+0000_3eafe70d/attempt.json
 create mode 100644 smart_building_conformal/outputs/matched_forecasting005/fold2_multiseed_batch_v1/attempts/2026-09-14T010104856766+0000_3eafe70d/command.log
 create mode 100644 smart_building_conformal/outputs/matched_forecasting005/fold2_multiseed_batch_v1/attempts/2026-09-14T010104856766+0000_3eafe70d/command.log.json
 create mode 100644 smart_building_conformal/outputs/matched_forecasting005/fold2_multiseed_batch_v1/attempts/2026-09-14T010104856766+0000_3eafe70d/command.log.started.json
 create mode 100644 smart_building_conformal/outputs/matched_forecasting005/fold2_multiseed_batch_v1/attempts/2026-09-14T010104856766+0000_3eafe70d/groups/actual_seed_metadata.csv
 create mode 100644 smart_building_conformal/outputs/matched_forecasting005/fold2_multiseed_batch_v1/attempts/2026-09-14T010104856766+0000_3eafe70d/groups/comparison.csv
 create mode 100644 smart_building_conformal/outputs/matched_forecasting005/fold2_multiseed_batch_v1/attempts/2026-09-14T010104856766+0000_3eafe70d/groups/equal_group_diagnostics.csv
 create mode 100644 smart_building_conformal/outputs/matched_forecasting005/fold2_multiseed_batch_v1/attempts/2026-09-14T010104856766+0000_3eafe70d/groups/group_metrics.csv
 create mode 100644 smart_building_conformal/outputs/matched_forecasting005/fold2_multiseed_batch_v1/attempts/2026-09-14T010104856766+0000_3eafe70d/groups/model_costs.csv
 create mode 100644 smart_building_conformal/outputs/matched_forecasting005/fold2_multiseed_batch_v1/attempts/2026-09-14T010104856766+0000_3eafe70d/groups/rico_phase_metrics.csv
 create mode 100644 smart_building_conformal/outputs/matched_forecasting005/fold2_multiseed_batch_v1/attempts/2026-09-14T010104856766+0000_3eafe70d/groups/target_diagnostics.csv
 create mode 100644 smart_building_conformal/outputs/matched_forecasting005/fold2_multiseed_batch_v1/attempts/2026-09-14T010104856766+0000_3eafe70d/groups/validation.json
 create mode 100644 smart_building_conformal/outputs/matched_forecasting005/fold2_multiseed_batch_v1/attempts/2026-09-14T010104856766+0000_3eafe70d/logger.stdout.log
 create mode 100644 smart_building_conformal/outputs/matched_forecasting005/fold2_multiseed_batch_v1/attempts/2026-09-14T010111788747+0000_1c87869e/attempt.json
 create mode 100644 smart_building_conformal/outputs/matched_forecasting005/fold2_multiseed_batch_v1/attempts/2026-09-14T010111788747+0000_1c87869e/command.log
 create mode 100644 smart_building_conformal/outputs/matched_forecasting005/fold2_multiseed_batch_v1/attempts/2026-09-14T010111788747+0000_1c87869e/command.log.json
 create mode 100644 smart_building_conformal/outputs/matched_forecasting005/fold2_multiseed_batch_v1/attempts/2026-09-14T010111788747+0000_1c87869e/command.log.started.json
 create mode 100644 smart_building_conformal/outputs/matched_forecasting005/fold2_multiseed_batch_v1/attempts/2026-09-14T010111788747+0000_1c87869e/logger.stdout.log
 create mode 100644 smart_building_conformal/outputs/matched_forecasting005/fold2_multiseed_batch_v1/attempts/2026-09-14T010319371863+0000_83417da6/attempt.json
 create mode 100644 smart_building_conformal/outputs/matched_forecasting005/fold2_multiseed_batch_v1/attempts/2026-09-14T010319371863+0000_83417da6/command.log
 create mode 100644 smart_building_conformal/outputs/matched_forecasting005/fold2_multiseed_batch_v1/attempts/2026-09-14T010319371863+0000_83417da6/command.log.json
 create mode 100644 smart_building_conformal/outputs/matched_forecasting005/fold2_multiseed_batch_v1/attempts/2026-09-14T010319371863+0000_83417da6/command.log.started.json
 create mode 100644 smart_building_conformal/outputs/matched_forecasting005/fold2_multiseed_batch_v1/attempts/2026-09-14T010319371863+0000_83417da6/logger.stdout.log
 create mode 100644 smart_building_conformal/outputs/matched_forecasting005/fold2_multiseed_batch_v1/attempts/2026-09-14T010335679127+0000_747a650f/attempt.json
 create mode 100644 smart_building_conformal/outputs/matched_forecasting005/fold2_multiseed_batch_v1/attempts/2026-09-14T010335679127+0000_747a650f/command.log
 create mode 100644 smart_building_conformal/outputs/matched_forecasting005/fold2_multiseed_batch_v1/attempts/2026-09-14T010335679127+0000_747a650f/command.log.json
 create mode 100644 smart_building_conformal/outputs/matched_forecasting005/fold2_multiseed_batch_v1/attempts/2026-09-14T010335679127+0000_747a650f/command.log.started.json
 create mode 100644 smart_building_conformal/outputs/matched_forecasting005/fold2_multiseed_batch_v1/attempts/2026-09-14T010335679127+0000_747a650f/logger.stdout.log
 create mode 100644 smart_building_conformal/outputs/matched_forecasting005/fold2_multiseed_batch_v1/attempts/2026-09-14T010349955142+0000_d6248e1a/attempt.json
 create mode 100644 smart_building_conformal/outputs/matched_forecasting005/fold2_multiseed_batch_v1/attempts/2026-09-14T010349955142+0000_d6248e1a/command.log
 create mode 100644 smart_building_conformal/outputs/matched_forecasting005/fold2_multiseed_batch_v1/attempts/2026-09-14T010349955142+0000_d6248e1a/command.log.json
 create mode 100644 smart_building_conformal/outputs/matched_forecasting005/fold2_multiseed_batch_v1/attempts/2026-09-14T010349955142+0000_d6248e1a/command.log.started.json
 create mode 100644 smart_building_conformal/outputs/matched_forecasting005/fold2_multiseed_batch_v1/attempts/2026-09-14T010349955142+0000_d6248e1a/groups/actual_seed_metadata.csv
 create mode 100644 smart_building_conformal/outputs/matched_forecasting005/fold2_multiseed_batch_v1/attempts/2026-09-14T010349955142+0000_d6248e1a/groups/comparison.csv
 create mode 100644 smart_building_conformal/outputs/matched_forecasting005/fold2_multiseed_batch_v1/attempts/2026-09-14T010349955142+0000_d6248e1a/groups/equal_group_diagnostics.csv
 create mode 100644 smart_building_conformal/outputs/matched_forecasting005/fold2_multiseed_batch_v1/attempts/2026-09-14T010349955142+0000_d6248e1a/groups/group_metrics.csv
 create mode 100644 smart_building_conformal/outputs/matched_forecasting005/fold2_multiseed_batch_v1/attempts/2026-09-14T010349955142+0000_d6248e1a/groups/model_costs.csv
 create mode 100644 smart_building_conformal/outputs/matched_forecasting005/fold2_multiseed_batch_v1/attempts/2026-09-14T010349955142+0000_d6248e1a/groups/rico_phase_metrics.csv
 create mode 100644 smart_building_conformal/outputs/matched_forecasting005/fold2_multiseed_batch_v1/attempts/2026-09-14T010349955142+0000_d6248e1a/groups/target_diagnostics.csv
 create mode 100644 smart_building_conformal/outputs/matched_forecasting005/fold2_multiseed_batch_v1/attempts/2026-09-14T010349955142+0000_d6248e1a/groups/validation.json
 create mode 100644 smart_building_conformal/outputs/matched_forecasting005/fold2_multiseed_batch_v1/attempts/2026-09-14T010349955142+0000_d6248e1a/logger.stdout.log
 create mode 100644 smart_building_conformal/outputs/matched_forecasting005/fold2_multiseed_batch_v1/attempts/2026-09-14T010356254937+0000_5e2ade5c/attempt.json
 create mode 100644 smart_building_conformal/outputs/matched_forecasting005/fold2_multiseed_batch_v1/attempts/2026-09-14T010356254937+0000_5e2ade5c/command.log
 create mode 100644 smart_building_conformal/outputs/matched_forecasting005/fold2_multiseed_batch_v1/attempts/2026-09-14T010356254937+0000_5e2ade5c/command.log.json
 create mode 100644 smart_building_conformal/outputs/matched_forecasting005/fold2_multiseed_batch_v1/attempts/2026-09-14T010356254937+0000_5e2ade5c/command.log.started.json
 create mode 100644 smart_building_conformal/outputs/matched_forecasting005/fold2_multiseed_batch_v1/attempts/2026-09-14T010356254937+0000_5e2ade5c/logger.stdout.log
 create mode 100644 smart_building_conformal/outputs/matched_forecasting005/fold2_multiseed_batch_v1/receipts/bdg2_h1_f2_s44_v1/audit_v1/independent_selection.csv
 create mode 100644 smart_building_conformal/outputs/matched_forecasting005/fold2_multiseed_batch_v1/receipts/bdg2_h1_f2_s44_v1/audit_v1/learned_fit_measurements.csv
 create mode 100644 smart_building_conformal/outputs/matched_forecasting005/fold2_multiseed_batch_v1/receipts/bdg2_h1_f2_s44_v1/audit_v1/phase_measurements.csv
 create mode 100644 smart_building_conformal/outputs/matched_forecasting005/fold2_multiseed_batch_v1/receipts/bdg2_h1_f2_s44_v1/audit_v1/recomputed_interval_metrics.csv
 create mode 100644 smart_building_conformal/outputs/matched_forecasting005/fold2_multiseed_batch_v1/receipts/bdg2_h1_f2_s44_v1/audit_v1/recomputed_point_metrics.csv
 create mode 100644 smart_building_conformal/outputs/matched_forecasting005/fold2_multiseed_batch_v1/receipts/bdg2_h1_f2_s44_v1/audit_v1/saved_model_verification.csv
 create mode 100644 smart_building_conformal/outputs/matched_forecasting005/fold2_multiseed_batch_v1/receipts/bdg2_h1_f2_s44_v1/audit_v1/validation.json
 create mode 100644 smart_building_conformal/outputs/matched_forecasting005/fold2_multiseed_batch_v1/receipts/bdg2_h1_f2_s44_v1/resume_v1.json
 create mode 100644 smart_building_conformal/outputs/matched_forecasting005/fold2_multiseed_batch_v1/receipts/bdg2_h1_f2_s44_v1/resume_v1.json.process.json
 create mode 100644 smart_building_conformal/outputs/matched_forecasting005/fold2_multiseed_batch_v1/receipts/bdg2_h3_f2_s44_v1/audit_v1/independent_selection.csv
 create mode 100644 smart_building_conformal/outputs/matched_forecasting005/fold2_multiseed_batch_v1/receipts/bdg2_h3_f2_s44_v1/audit_v1/learned_fit_measurements.csv
 create mode 100644 smart_building_conformal/outputs/matched_forecasting005/fold2_multiseed_batch_v1/receipts/bdg2_h3_f2_s44_v1/audit_v1/phase_measurements.csv
 create mode 100644 smart_building_conformal/outputs/matched_forecasting005/fold2_multiseed_batch_v1/receipts/bdg2_h3_f2_s44_v1/audit_v1/recomputed_interval_metrics.csv
 create mode 100644 smart_building_conformal/outputs/matched_forecasting005/fold2_multiseed_batch_v1/receipts/bdg2_h3_f2_s44_v1/audit_v1/recomputed_point_metrics.csv
 create mode 100644 smart_building_conformal/outputs/matched_forecasting005/fold2_multiseed_batch_v1/receipts/bdg2_h3_f2_s44_v1/audit_v1/saved_model_verification.csv
 create mode 100644 smart_building_conformal/outputs/matched_forecasting005/fold2_multiseed_batch_v1/receipts/bdg2_h3_f2_s44_v1/audit_v1/validation.json
 create mode 100644 smart_building_conformal/outputs/matched_forecasting005/fold2_multiseed_batch_v1/receipts/bdg2_h3_f2_s44_v1/resume_v1.json
 create mode 100644 smart_building_conformal/outputs/matched_forecasting005/fold2_multiseed_batch_v1/receipts/bdg2_h3_f2_s44_v1/resume_v1.json.process.json
 create mode 100644 smart_building_conformal/outputs/matched_forecasting005/fold2_multiseed_batch_v1/receipts/bdg2_h6_f2_s44_v1/audit_v1/independent_selection.csv
 create mode 100644 smart_building_conformal/outputs/matched_forecasting005/fold2_multiseed_batch_v1/receipts/bdg2_h6_f2_s44_v1/audit_v1/learned_fit_measurements.csv
 create mode 100644 smart_building_conformal/outputs/matched_forecasting005/fold2_multiseed_batch_v1/receipts/bdg2_h6_f2_s44_v1/audit_v1/phase_measurements.csv
 create mode 100644 smart_building_conformal/outputs/matched_forecasting005/fold2_multiseed_batch_v1/receipts/bdg2_h6_f2_s44_v1/audit_v1/recomputed_interval_metrics.csv
 create mode 100644 smart_building_conformal/outputs/matched_forecasting005/fold2_multiseed_batch_v1/receipts/bdg2_h6_f2_s44_v1/audit_v1/recomputed_point_metrics.csv
 create mode 100644 smart_building_conformal/outputs/matched_forecasting005/fold2_multiseed_batch_v1/receipts/bdg2_h6_f2_s44_v1/audit_v1/saved_model_verification.csv
 create mode 100644 smart_building_conformal/outputs/matched_forecasting005/fold2_multiseed_batch_v1/receipts/bdg2_h6_f2_s44_v1/audit_v1/validation.json
 create mode 100644 smart_building_conformal/outputs/matched_forecasting005/fold2_multiseed_batch_v1/receipts/bdg2_h6_f2_s44_v1/resume_v1.json
 create mode 100644 smart_building_conformal/outputs/matched_forecasting005/fold2_multiseed_batch_v1/receipts/bdg2_h6_f2_s44_v1/resume_v1.json.process.json
 create mode 100644 smart_building_conformal/outputs/matched_forecasting005/fold2_multiseed_batch_v1/receipts/pleia_energy_h1_f2_s44_v1/audit_v1/independent_selection.csv
 create mode 100644 smart_building_conformal/outputs/matched_forecasting005/fold2_multiseed_batch_v1/receipts/pleia_energy_h1_f2_s44_v1/audit_v1/learned_fit_measurements.csv
 create mode 100644 smart_building_conformal/outputs/matched_forecasting005/fold2_multiseed_batch_v1/receipts/pleia_energy_h1_f2_s44_v1/audit_v1/phase_measurements.csv
 create mode 100644 smart_building_conformal/outputs/matched_forecasting005/fold2_multiseed_batch_v1/receipts/pleia_energy_h1_f2_s44_v1/audit_v1/recomputed_interval_metrics.csv
 create mode 100644 smart_building_conformal/outputs/matched_forecasting005/fold2_multiseed_batch_v1/receipts/pleia_energy_h1_f2_s44_v1/audit_v1/recomputed_point_metrics.csv
 create mode 100644 smart_building_conformal/outputs/matched_forecasting005/fold2_multiseed_batch_v1/receipts/pleia_energy_h1_f2_s44_v1/audit_v1/saved_model_verification.csv
 create mode 100644 smart_building_conformal/outputs/matched_forecasting005/fold2_multiseed_batch_v1/receipts/pleia_energy_h1_f2_s44_v1/audit_v1/validation.json
 create mode 100644 smart_building_conformal/outputs/matched_forecasting005/fold2_multiseed_batch_v1/receipts/pleia_energy_h1_f2_s44_v1/resume_v1.json
 create mode 100644 smart_building_conformal/outputs/matched_forecasting005/fold2_multiseed_batch_v1/receipts/pleia_energy_h1_f2_s44_v1/resume_v1.json.process.json
 create mode 100644 smart_building_conformal/outputs/matched_forecasting005/fold2_multiseed_batch_v1/receipts/pleia_energy_h3_f2_s44_v1/audit_v1/independent_selection.csv
 create mode 100644 smart_building_conformal/outputs/matched_forecasting005/fold2_multiseed_batch_v1/receipts/pleia_energy_h3_f2_s44_v1/audit_v1/learned_fit_measurements.csv
 create mode 100644 smart_building_conformal/outputs/matched_forecasting005/fold2_multiseed_batch_v1/receipts/pleia_energy_h3_f2_s44_v1/audit_v1/phase_measurements.csv
 create mode 100644 smart_building_conformal/outputs/matched_forecasting005/fold2_multiseed_batch_v1/receipts/pleia_energy_h3_f2_s44_v1/audit_v1/recomputed_interval_metrics.csv
 create mode 100644 smart_building_conformal/outputs/matched_forecasting005/fold2_multiseed_batch_v1/receipts/pleia_energy_h3_f2_s44_v1/audit_v1/recomputed_point_metrics.csv
 create mode 100644 smart_building_conformal/outputs/matched_forecasting005/fold2_multiseed_batch_v1/receipts/pleia_energy_h3_f2_s44_v1/audit_v1/saved_model_verification.csv
 create mode 100644 smart_building_conformal/outputs/matched_forecasting005/fold2_multiseed_batch_v1/receipts/pleia_energy_h3_f2_s44_v1/audit_v1/validation.json
 create mode 100644 smart_building_conformal/outputs/matched_forecasting005/fold2_multiseed_batch_v1/receipts/pleia_energy_h3_f2_s44_v1/resume_v1.json
 create mode 100644 smart_building_conformal/outputs/matched_forecasting005/fold2_multiseed_batch_v1/receipts/pleia_energy_h3_f2_s44_v1/resume_v1.json.process.json
 create mode 100644 smart_building_conformal/outputs/matched_forecasting005/fold2_multiseed_batch_v1/receipts/pleia_energy_h6_f2_s44_v1/audit_v1/independent_selection.csv
 create mode 100644 smart_building_conformal/outputs/matched_forecasting005/fold2_multiseed_batch_v1/receipts/pleia_energy_h6_f2_s44_v1/audit_v1/learned_fit_measurements.csv
 create mode 100644 smart_building_conformal/outputs/matched_forecasting005/fold2_multiseed_batch_v1/receipts/pleia_energy_h6_f2_s44_v1/audit_v1/phase_measurements.csv
 create mode 100644 smart_building_conformal/outputs/matched_forecasting005/fold2_multiseed_batch_v1/receipts/pleia_energy_h6_f2_s44_v1/audit_v1/recomputed_interval_metrics.csv
 create mode 100644 smart_building_conformal/outputs/matched_forecasting005/fold2_multiseed_batch_v1/receipts/pleia_energy_h6_f2_s44_v1/audit_v1/recomputed_point_metrics.csv
 create mode 100644 smart_building_conformal/outputs/matched_forecasting005/fold2_multiseed_batch_v1/receipts/pleia_energy_h6_f2_s44_v1/audit_v1/saved_model_verification.csv
 create mode 100644 smart_building_conformal/outputs/matched_forecasting005/fold2_multiseed_batch_v1/receipts/pleia_energy_h6_f2_s44_v1/audit_v1/validation.json
 create mode 100644 smart_building_conformal/outputs/matched_forecasting005/fold2_multiseed_batch_v1/receipts/pleia_energy_h6_f2_s44_v1/resume_v1.json
 create mode 100644 smart_building_conformal/outputs/matched_forecasting005/fold2_multiseed_batch_v1/receipts/pleia_energy_h6_f2_s44_v1/resume_v1.json.process.json
 create mode 100644 smart_building_conformal/outputs/matched_forecasting005/fold2_multiseed_batch_v1/receipts/pleia_h1_f2_s44_v1/audit_v1/independent_selection.csv
 create mode 100644 smart_building_conformal/outputs/matched_forecasting005/fold2_multiseed_batch_v1/receipts/pleia_h1_f2_s44_v1/audit_v1/learned_fit_measurements.csv
 create mode 100644 smart_building_conformal/outputs/matched_forecasting005/fold2_multiseed_batch_v1/receipts/pleia_h1_f2_s44_v1/audit_v1/phase_measurements.csv
 create mode 100644 smart_building_conformal/outputs/matched_forecasting005/fold2_multiseed_batch_v1/receipts/pleia_h1_f2_s44_v1/audit_v1/recomputed_interval_metrics.csv
 create mode 100644 smart_building_conformal/outputs/matched_forecasting005/fold2_multiseed_batch_v1/receipts/pleia_h1_f2_s44_v1/audit_v1/recomputed_point_metrics.csv
 create mode 100644 smart_building_conformal/outputs/matched_forecasting005/fold2_multiseed_batch_v1/receipts/pleia_h1_f2_s44_v1/audit_v1/saved_model_verification.csv
 create mode 100644 smart_building_conformal/outputs/matched_forecasting005/fold2_multiseed_batch_v1/receipts/pleia_h1_f2_s44_v1/audit_v1/validation.json
 create mode 100644 smart_building_conformal/outputs/matched_forecasting005/fold2_multiseed_batch_v1/receipts/pleia_h1_f2_s44_v1/resume_v1.json
 create mode 100644 smart_building_conformal/outputs/matched_forecasting005/fold2_multiseed_batch_v1/receipts/pleia_h1_f2_s44_v1/resume_v1.json.process.json
 create mode 100644 smart_building_conformal/outputs/matched_forecasting005/fold2_multiseed_batch_v1/receipts/pleia_h3_f2_s44_v1/audit_v1/independent_selection.csv
 create mode 100644 smart_building_conformal/outputs/matched_forecasting005/fold2_multiseed_batch_v1/receipts/pleia_h3_f2_s44_v1/audit_v1/learned_fit_measurements.csv
 create mode 100644 smart_building_conformal/outputs/matched_forecasting005/fold2_multiseed_batch_v1/receipts/pleia_h3_f2_s44_v1/audit_v1/phase_measurements.csv
 create mode 100644 smart_building_conformal/outputs/matched_forecasting005/fold2_multiseed_batch_v1/receipts/pleia_h3_f2_s44_v1/audit_v1/recomputed_interval_metrics.csv
 create mode 100644 smart_building_conformal/outputs/matched_forecasting005/fold2_multiseed_batch_v1/receipts/pleia_h3_f2_s44_v1/audit_v1/recomputed_point_metrics.csv
 create mode 100644 smart_building_conformal/outputs/matched_forecasting005/fold2_multiseed_batch_v1/receipts/pleia_h3_f2_s44_v1/audit_v1/saved_model_verification.csv
 create mode 100644 smart_building_conformal/outputs/matched_forecasting005/fold2_multiseed_batch_v1/receipts/pleia_h3_f2_s44_v1/audit_v1/validation.json
 create mode 100644 smart_building_conformal/outputs/matched_forecasting005/fold2_multiseed_batch_v1/receipts/pleia_h3_f2_s44_v1/resume_v1.json
 create mode 100644 smart_building_conformal/outputs/matched_forecasting005/fold2_multiseed_batch_v1/receipts/pleia_h3_f2_s44_v1/resume_v1.json.process.json
 create mode 100644 smart_building_conformal/outputs/matched_forecasting005/fold2_multiseed_batch_v1/receipts/pleia_h6_f2_s44_v1/audit_v1/independent_selection.csv
 create mode 100644 smart_building_conformal/outputs/matched_forecasting005/fold2_multiseed_batch_v1/receipts/pleia_h6_f2_s44_v1/audit_v1/learned_fit_measurements.csv
 create mode 100644 smart_building_conformal/outputs/matched_forecasting005/fold2_multiseed_batch_v1/receipts/pleia_h6_f2_s44_v1/audit_v1/phase_measurements.csv
 create mode 100644 smart_building_conformal/outputs/matched_forecasting005/fold2_multiseed_batch_v1/receipts/pleia_h6_f2_s44_v1/audit_v1/recomputed_interval_metrics.csv
 create mode 100644 smart_building_conformal/outputs/matched_forecasting005/fold2_multiseed_batch_v1/receipts/pleia_h6_f2_s44_v1/audit_v1/recomputed_point_metrics.csv
 create mode 100644 smart_building_conformal/outputs/matched_forecasting005/fold2_multiseed_batch_v1/receipts/pleia_h6_f2_s44_v1/audit_v1/saved_model_verification.csv
 create mode 100644 smart_building_conformal/outputs/matched_forecasting005/fold2_multiseed_batch_v1/receipts/pleia_h6_f2_s44_v1/audit_v1/validation.json
 create mode 100644 smart_building_conformal/outputs/matched_forecasting005/fold2_multiseed_batch_v1/receipts/pleia_h6_f2_s44_v1/resume_v1.json
 create mode 100644 smart_building_conformal/outputs/matched_forecasting005/fold2_multiseed_batch_v1/receipts/pleia_h6_f2_s44_v1/resume_v1.json.process.json
 create mode 100644 smart_building_conformal/outputs/matched_forecasting005/fold2_multiseed_batch_v1/receipts/rico_h15_f2_s44_v1/audit_v1/independent_selection.csv
 create mode 100644 smart_building_conformal/outputs/matched_forecasting005/fold2_multiseed_batch_v1/receipts/rico_h15_f2_s44_v1/audit_v1/learned_fit_measurements.csv
 create mode 100644 smart_building_conformal/outputs/matched_forecasting005/fold2_multiseed_batch_v1/receipts/rico_h15_f2_s44_v1/audit_v1/phase_measurements.csv
 create mode 100644 smart_building_conformal/outputs/matched_forecasting005/fold2_multiseed_batch_v1/receipts/rico_h15_f2_s44_v1/audit_v1/recomputed_interval_metrics.csv
 create mode 100644 smart_building_conformal/outputs/matched_forecasting005/fold2_multiseed_batch_v1/receipts/rico_h15_f2_s44_v1/audit_v1/recomputed_point_metrics.csv
 create mode 100644 smart_building_conformal/outputs/matched_forecasting005/fold2_multiseed_batch_v1/receipts/rico_h15_f2_s44_v1/audit_v1/saved_model_verification.csv
 create mode 100644 smart_building_conformal/outputs/matched_forecasting005/fold2_multiseed_batch_v1/receipts/rico_h15_f2_s44_v1/audit_v1/validation.json
 create mode 100644 smart_building_conformal/outputs/matched_forecasting005/fold2_multiseed_batch_v1/receipts/rico_h15_f2_s44_v1/resume_v1.json
 create mode 100644 smart_building_conformal/outputs/matched_forecasting005/fold2_multiseed_batch_v1/receipts/rico_h15_f2_s44_v1/resume_v1.json.process.json
 create mode 100644 smart_building_conformal/outputs/matched_forecasting005/fold2_multiseed_batch_v1/receipts/rico_h30_f2_s44_v1/audit_v1/independent_selection.csv
 create mode 100644 smart_building_conformal/outputs/matched_forecasting005/fold2_multiseed_batch_v1/receipts/rico_h30_f2_s44_v1/audit_v1/learned_fit_measurements.csv
 create mode 100644 smart_building_conformal/outputs/matched_forecasting005/fold2_multiseed_batch_v1/receipts/rico_h30_f2_s44_v1/audit_v1/phase_measurements.csv
 create mode 100644 smart_building_conformal/outputs/matched_forecasting005/fold2_multiseed_batch_v1/receipts/rico_h30_f2_s44_v1/audit_v1/recomputed_interval_metrics.csv
 create mode 100644 smart_building_conformal/outputs/matched_forecasting005/fold2_multiseed_batch_v1/receipts/rico_h30_f2_s44_v1/audit_v1/recomputed_point_metrics.csv
 create mode 100644 smart_building_conformal/outputs/matched_forecasting005/fold2_multiseed_batch_v1/receipts/rico_h30_f2_s44_v1/audit_v1/saved_model_verification.csv
 create mode 100644 smart_building_conformal/outputs/matched_forecasting005/fold2_multiseed_batch_v1/receipts/rico_h30_f2_s44_v1/audit_v1/validation.json
 create mode 100644 smart_building_conformal/outputs/matched_forecasting005/fold2_multiseed_batch_v1/receipts/rico_h30_f2_s44_v1/resume_v1.json
 create mode 100644 smart_building_conformal/outputs/matched_forecasting005/fold2_multiseed_batch_v1/receipts/rico_h30_f2_s44_v1/resume_v1.json.process.json
 create mode 100644 smart_building_conformal/outputs/matched_forecasting005/fold2_multiseed_batch_v1/receipts/rico_h5_f2_s44_v1/audit_v1/independent_selection.csv
 create mode 100644 smart_building_conformal/outputs/matched_forecasting005/fold2_multiseed_batch_v1/receipts/rico_h5_f2_s44_v1/audit_v1/learned_fit_measurements.csv
 create mode 100644 smart_building_conformal/outputs/matched_forecasting005/fold2_multiseed_batch_v1/receipts/rico_h5_f2_s44_v1/audit_v1/phase_measurements.csv
 create mode 100644 smart_building_conformal/outputs/matched_forecasting005/fold2_multiseed_batch_v1/receipts/rico_h5_f2_s44_v1/audit_v1/recomputed_interval_metrics.csv
 create mode 100644 smart_building_conformal/outputs/matched_forecasting005/fold2_multiseed_batch_v1/receipts/rico_h5_f2_s44_v1/audit_v1/recomputed_point_metrics.csv
 create mode 100644 smart_building_conformal/outputs/matched_forecasting005/fold2_multiseed_batch_v1/receipts/rico_h5_f2_s44_v1/audit_v1/saved_model_verification.csv
 create mode 100644 smart_building_conformal/outputs/matched_forecasting005/fold2_multiseed_batch_v1/receipts/rico_h5_f2_s44_v1/audit_v1/validation.json
 create mode 100644 smart_building_conformal/outputs/matched_forecasting005/fold2_multiseed_batch_v1/receipts/rico_h5_f2_s44_v1/resume_v1.json
 create mode 100644 smart_building_conformal/outputs/matched_forecasting005/fold2_multiseed_batch_v1/receipts/rico_h5_f2_s44_v1/resume_v1.json.process.json
 create mode 100644 smart_building_conformal/outputs/matched_forecasting005/fold2_multiseed_batch_v1/receipts/rico_h60_f2_s44_v1/audit_v1/independent_selection.csv
 create mode 100644 smart_building_conformal/outputs/matched_forecasting005/fold2_multiseed_batch_v1/receipts/rico_h60_f2_s44_v1/audit_v1/learned_fit_measurements.csv
 create mode 100644 smart_building_conformal/outputs/matched_forecasting005/fold2_multiseed_batch_v1/receipts/rico_h60_f2_s44_v1/audit_v1/phase_measurements.csv
 create mode 100644 smart_building_conformal/outputs/matched_forecasting005/fold2_multiseed_batch_v1/receipts/rico_h60_f2_s44_v1/audit_v1/recomputed_interval_metrics.csv
 create mode 100644 smart_building_conformal/outputs/matched_forecasting005/fold2_multiseed_batch_v1/receipts/rico_h60_f2_s44_v1/audit_v1/recomputed_point_metrics.csv
 create mode 100644 smart_building_conformal/outputs/matched_forecasting005/fold2_multiseed_batch_v1/receipts/rico_h60_f2_s44_v1/audit_v1/saved_model_verification.csv
 create mode 100644 smart_building_conformal/outputs/matched_forecasting005/fold2_multiseed_batch_v1/receipts/rico_h60_f2_s44_v1/audit_v1/validation.json
 create mode 100644 smart_building_conformal/outputs/matched_forecasting005/fold2_multiseed_batch_v1/receipts/rico_h60_f2_s44_v1/resume_v1.json
 create mode 100644 smart_building_conformal/outputs/matched_forecasting005/fold2_multiseed_batch_v1/receipts/rico_h60_f2_s44_v1/resume_v1.json.process.json
 create mode 100644 smart_building_conformal/outputs/matched_forecasting005/fold2_multiseed_batch_v1/seed44_summary_v1/COMPLETE.json
 create mode 100644 smart_building_conformal/outputs/matched_forecasting005/fold2_multiseed_batch_v1/seed44_summary_v1/actual_seed_metadata.csv
 create mode 100644 smart_building_conformal/outputs/matched_forecasting005/fold2_multiseed_batch_v1/seed44_summary_v1/additional_folds_comparison.csv
 create mode 100644 smart_building_conformal/outputs/matched_forecasting005/fold2_multiseed_batch_v1/seed44_summary_v1/analysis_validation.json
 create mode 100644 smart_building_conformal/outputs/matched_forecasting005/fold2_multiseed_batch_v1/seed44_summary_v1/checkpoint_io.csv
 create mode 100644 smart_building_conformal/outputs/matched_forecasting005/fold2_multiseed_batch_v1/seed44_summary_v1/combined_comparison.csv
 create mode 100644 smart_building_conformal/outputs/matched_forecasting005/fold2_multiseed_batch_v1/seed44_summary_v1/command_attempts.csv
 create mode 100644 smart_building_conformal/outputs/matched_forecasting005/fold2_multiseed_batch_v1/seed44_summary_v1/completion_overlay.csv
 create mode 100644 smart_building_conformal/outputs/matched_forecasting005/fold2_multiseed_batch_v1/seed44_summary_v1/equal_group_diagnostics.csv
 create mode 100644 smart_building_conformal/outputs/matched_forecasting005/fold2_multiseed_batch_v1/seed44_summary_v1/evidence_reuse_ledger.csv
 create mode 100644 smart_building_conformal/outputs/matched_forecasting005/fold2_multiseed_batch_v1/seed44_summary_v1/fit_attempts.csv
 create mode 100644 smart_building_conformal/outputs/matched_forecasting005/fold2_multiseed_batch_v1/seed44_summary_v1/fold2_all_seed_run_costs.csv
 create mode 100644 smart_building_conformal/outputs/matched_forecasting005/fold2_multiseed_batch_v1/seed44_summary_v1/fold2_five_seed_comparison.csv
 create mode 100644 smart_building_conformal/outputs/matched_forecasting005/fold2_multiseed_batch_v1/seed44_summary_v1/group_metrics.csv
 create mode 100644 smart_building_conformal/outputs/matched_forecasting005/fold2_multiseed_batch_v1/seed44_summary_v1/interval_quality.csv
 create mode 100644 smart_building_conformal/outputs/matched_forecasting005/fold2_multiseed_batch_v1/seed44_summary_v1/measured_timing_references.csv
 create mode 100644 smart_building_conformal/outputs/matched_forecasting005/fold2_multiseed_batch_v1/seed44_summary_v1/model_costs.csv
 create mode 100644 smart_building_conformal/outputs/matched_forecasting005/fold2_multiseed_batch_v1/seed44_summary_v1/new_only_comparison.csv
 create mode 100644 smart_building_conformal/outputs/matched_forecasting005/fold2_multiseed_batch_v1/seed44_summary_v1/paired_model_contrasts.csv
 create mode 100644 smart_building_conformal/outputs/matched_forecasting005/fold2_multiseed_batch_v1/seed44_summary_v1/panel2_horizon_summary.csv
 create mode 100644 smart_building_conformal/outputs/matched_forecasting005/fold2_multiseed_batch_v1/seed44_summary_v1/remaining_queue_updated.csv
 create mode 100644 smart_building_conformal/outputs/matched_forecasting005/fold2_multiseed_batch_v1/seed44_summary_v1/rico_phase_metrics.csv
 create mode 100644 smart_building_conformal/outputs/matched_forecasting005/fold2_multiseed_batch_v1/seed44_summary_v1/run_costs.csv
 create mode 100644 smart_building_conformal/outputs/matched_forecasting005/fold2_multiseed_batch_v1/seed44_summary_v1/seed_block_costs.csv
 create mode 100644 smart_building_conformal/outputs/matched_forecasting005/fold2_multiseed_batch_v1/seed44_summary_v1/target_diagnostics.csv
 create mode 100644 smart_building_conformal/outputs/matched_forecasting005/fold2_multiseed_batch_v1/seed44_summary_v1/training_seed_summary.csv
 create mode 100644 smart_building_conformal/outputs/matched_forecasting005/fold2_multiseed_batch_v1/seed44_summary_v1/verification_summary.csv
 create mode 100644 smart_building_conformal/outputs/matched_forecasting005/pleia_energy_h1_f2_s44_v1.process.json
 create mode 100644 smart_building_conformal/outputs/matched_forecasting005/pleia_energy_h1_f2_s44_v1/checkpoint_io_20260914T000349345998.json
 create mode 100644 smart_building_conformal/outputs/matched_forecasting005/pleia_energy_h1_f2_s44_v1/checkpoint_manifest.json
 create mode 100644 smart_building_conformal/outputs/matched_forecasting005/pleia_energy_h1_f2_s44_v1/execution_environment.json
 create mode 100644 smart_building_conformal/outputs/matched_forecasting005/pleia_energy_h1_f2_s44_v1/fit_calls.jsonl
 create mode 100644 smart_building_conformal/outputs/matched_forecasting005/pleia_energy_h1_f2_s44_v1/interval_quality.csv
 create mode 100644 smart_building_conformal/outputs/matched_forecasting005/pleia_energy_h1_f2_s44_v1/point_summary.csv
 create mode 100644 smart_building_conformal/outputs/matched_forecasting005/pleia_energy_h1_f2_s44_v1/run_summary.json
 create mode 100644 smart_building_conformal/outputs/matched_forecasting005/pleia_energy_h1_f2_s44_v1/units/pleia_energy_h1_f2_s44_attention_lstm/COMPLETE.json
 create mode 100644 smart_building_conformal/outputs/matched_forecasting005/pleia_energy_h1_f2_s44_v1/units/pleia_energy_h1_f2_s44_attention_lstm/calibration.csv.gz
 create mode 100644 smart_building_conformal/outputs/matched_forecasting005/pleia_energy_h1_f2_s44_v1/units/pleia_energy_h1_f2_s44_attention_lstm/fitting_membership.csv.gz
 create mode 100644 smart_building_conformal/outputs/matched_forecasting005/pleia_energy_h1_f2_s44_v1/units/pleia_energy_h1_f2_s44_attention_lstm/model.pt
 create mode 100644 smart_building_conformal/outputs/matched_forecasting005/pleia_energy_h1_f2_s44_v1/units/pleia_energy_h1_f2_s44_attention_lstm/payload.json
 create mode 100644 smart_building_conformal/outputs/matched_forecasting005/pleia_energy_h1_f2_s44_v1/units/pleia_energy_h1_f2_s44_attention_lstm/predictions.csv.gz
 create mode 100644 smart_building_conformal/outputs/matched_forecasting005/pleia_energy_h1_f2_s44_v1/units/pleia_energy_h1_f2_s44_attention_lstm/training_history.csv.gz
 create mode 100644 smart_building_conformal/outputs/matched_forecasting005/pleia_energy_h1_f2_s44_v1/units/pleia_energy_h1_f2_s44_attention_lstm/tuning.csv.gz
 create mode 100644 smart_building_conformal/outputs/matched_forecasting005/pleia_energy_h1_f2_s44_v1/units/pleia_energy_h1_f2_s44_attention_lstm/tuning_predictions.csv.gz
 create mode 100644 smart_building_conformal/outputs/matched_forecasting005/pleia_energy_h1_f2_s44_v1/units/pleia_energy_h1_f2_s44_persistence/COMPLETE.json
 create mode 100644 smart_building_conformal/outputs/matched_forecasting005/pleia_energy_h1_f2_s44_v1/units/pleia_energy_h1_f2_s44_persistence/calibration.csv.gz
 create mode 100644 smart_building_conformal/outputs/matched_forecasting005/pleia_energy_h1_f2_s44_v1/units/pleia_energy_h1_f2_s44_persistence/fitting_membership.csv.gz
 create mode 100644 smart_building_conformal/outputs/matched_forecasting005/pleia_energy_h1_f2_s44_v1/units/pleia_energy_h1_f2_s44_persistence/model.json
 create mode 100644 smart_building_conformal/outputs/matched_forecasting005/pleia_energy_h1_f2_s44_v1/units/pleia_energy_h1_f2_s44_persistence/payload.json
 create mode 100644 smart_building_conformal/outputs/matched_forecasting005/pleia_energy_h1_f2_s44_v1/units/pleia_energy_h1_f2_s44_persistence/predictions.csv.gz
 create mode 100644 smart_building_conformal/outputs/matched_forecasting005/pleia_energy_h1_f2_s44_v1/units/pleia_energy_h1_f2_s44_persistence/training_history.csv.gz
 create mode 100644 smart_building_conformal/outputs/matched_forecasting005/pleia_energy_h1_f2_s44_v1/units/pleia_energy_h1_f2_s44_persistence/tuning.csv.gz
 create mode 100644 smart_building_conformal/outputs/matched_forecasting005/pleia_energy_h1_f2_s44_v1/units/pleia_energy_h1_f2_s44_persistence/tuning_predictions.csv.gz
 create mode 100644 smart_building_conformal/outputs/matched_forecasting005/pleia_energy_h1_f2_s44_v1/units/pleia_energy_h1_f2_s44_xgboost/COMPLETE.json
 create mode 100644 smart_building_conformal/outputs/matched_forecasting005/pleia_energy_h1_f2_s44_v1/units/pleia_energy_h1_f2_s44_xgboost/booster_config.json
 create mode 100644 smart_building_conformal/outputs/matched_forecasting005/pleia_energy_h1_f2_s44_v1/units/pleia_energy_h1_f2_s44_xgboost/calibration.csv.gz
 create mode 100644 smart_building_conformal/outputs/matched_forecasting005/pleia_energy_h1_f2_s44_v1/units/pleia_energy_h1_f2_s44_xgboost/fitting_membership.csv.gz
 create mode 100644 smart_building_conformal/outputs/matched_forecasting005/pleia_energy_h1_f2_s44_v1/units/pleia_energy_h1_f2_s44_xgboost/model.ubj
 create mode 100644 smart_building_conformal/outputs/matched_forecasting005/pleia_energy_h1_f2_s44_v1/units/pleia_energy_h1_f2_s44_xgboost/payload.json
 create mode 100644 smart_building_conformal/outputs/matched_forecasting005/pleia_energy_h1_f2_s44_v1/units/pleia_energy_h1_f2_s44_xgboost/predictions.csv.gz
 create mode 100644 smart_building_conformal/outputs/matched_forecasting005/pleia_energy_h1_f2_s44_v1/units/pleia_energy_h1_f2_s44_xgboost/training_history.csv.gz
 create mode 100644 smart_building_conformal/outputs/matched_forecasting005/pleia_energy_h1_f2_s44_v1/units/pleia_energy_h1_f2_s44_xgboost/tuning.csv.gz
 create mode 100644 smart_building_conformal/outputs/matched_forecasting005/pleia_energy_h1_f2_s44_v1/units/pleia_energy_h1_f2_s44_xgboost/tuning_predictions.csv.gz
 create mode 100644 smart_building_conformal/outputs/matched_forecasting005/pleia_energy_h3_f2_s44_v1.process.json
 create mode 100644 smart_building_conformal/outputs/matched_forecasting005/pleia_energy_h3_f2_s44_v1/checkpoint_io_20260914T000545482559.json
 create mode 100644 smart_building_conformal/outputs/matched_forecasting005/pleia_energy_h3_f2_s44_v1/checkpoint_manifest.json
 create mode 100644 smart_building_conformal/outputs/matched_forecasting005/pleia_energy_h3_f2_s44_v1/execution_environment.json
 create mode 100644 smart_building_conformal/outputs/matched_forecasting005/pleia_energy_h3_f2_s44_v1/fit_calls.jsonl
 create mode 100644 smart_building_conformal/outputs/matched_forecasting005/pleia_energy_h3_f2_s44_v1/interval_quality.csv
 create mode 100644 smart_building_conformal/outputs/matched_forecasting005/pleia_energy_h3_f2_s44_v1/point_summary.csv
 create mode 100644 smart_building_conformal/outputs/matched_forecasting005/pleia_energy_h3_f2_s44_v1/run_summary.json
 create mode 100644 smart_building_conformal/outputs/matched_forecasting005/pleia_energy_h3_f2_s44_v1/units/pleia_energy_h3_f2_s44_attention_lstm/COMPLETE.json
 create mode 100644 smart_building_conformal/outputs/matched_forecasting005/pleia_energy_h3_f2_s44_v1/units/pleia_energy_h3_f2_s44_attention_lstm/calibration.csv.gz
 create mode 100644 smart_building_conformal/outputs/matched_forecasting005/pleia_energy_h3_f2_s44_v1/units/pleia_energy_h3_f2_s44_attention_lstm/fitting_membership.csv.gz
 create mode 100644 smart_building_conformal/outputs/matched_forecasting005/pleia_energy_h3_f2_s44_v1/units/pleia_energy_h3_f2_s44_attention_lstm/model.pt
 create mode 100644 smart_building_conformal/outputs/matched_forecasting005/pleia_energy_h3_f2_s44_v1/units/pleia_energy_h3_f2_s44_attention_lstm/payload.json
 create mode 100644 smart_building_conformal/outputs/matched_forecasting005/pleia_energy_h3_f2_s44_v1/units/pleia_energy_h3_f2_s44_attention_lstm/predictions.csv.gz
 create mode 100644 smart_building_conformal/outputs/matched_forecasting005/pleia_energy_h3_f2_s44_v1/units/pleia_energy_h3_f2_s44_attention_lstm/training_history.csv.gz
 create mode 100644 smart_building_conformal/outputs/matched_forecasting005/pleia_energy_h3_f2_s44_v1/units/pleia_energy_h3_f2_s44_attention_lstm/tuning.csv.gz
 create mode 100644 smart_building_conformal/outputs/matched_forecasting005/pleia_energy_h3_f2_s44_v1/units/pleia_energy_h3_f2_s44_attention_lstm/tuning_predictions.csv.gz
 create mode 100644 smart_building_conformal/outputs/matched_forecasting005/pleia_energy_h3_f2_s44_v1/units/pleia_energy_h3_f2_s44_persistence/COMPLETE.json
 create mode 100644 smart_building_conformal/outputs/matched_forecasting005/pleia_energy_h3_f2_s44_v1/units/pleia_energy_h3_f2_s44_persistence/calibration.csv.gz
 create mode 100644 smart_building_conformal/outputs/matched_forecasting005/pleia_energy_h3_f2_s44_v1/units/pleia_energy_h3_f2_s44_persistence/fitting_membership.csv.gz
 create mode 100644 smart_building_conformal/outputs/matched_forecasting005/pleia_energy_h3_f2_s44_v1/units/pleia_energy_h3_f2_s44_persistence/model.json
 create mode 100644 smart_building_conformal/outputs/matched_forecasting005/pleia_energy_h3_f2_s44_v1/units/pleia_energy_h3_f2_s44_persistence/payload.json
 create mode 100644 smart_building_conformal/outputs/matched_forecasting005/pleia_energy_h3_f2_s44_v1/units/pleia_energy_h3_f2_s44_persistence/predictions.csv.gz
 create mode 100644 smart_building_conformal/outputs/matched_forecasting005/pleia_energy_h3_f2_s44_v1/units/pleia_energy_h3_f2_s44_persistence/training_history.csv.gz
 create mode 100644 smart_building_conformal/outputs/matched_forecasting005/pleia_energy_h3_f2_s44_v1/units/pleia_energy_h3_f2_s44_persistence/tuning.csv.gz
 create mode 100644 smart_building_conformal/outputs/matched_forecasting005/pleia_energy_h3_f2_s44_v1/units/pleia_energy_h3_f2_s44_persistence/tuning_predictions.csv.gz
 create mode 100644 smart_building_conformal/outputs/matched_forecasting005/pleia_energy_h3_f2_s44_v1/units/pleia_energy_h3_f2_s44_xgboost/COMPLETE.json
 create mode 100644 smart_building_conformal/outputs/matched_forecasting005/pleia_energy_h3_f2_s44_v1/units/pleia_energy_h3_f2_s44_xgboost/booster_config.json
 create mode 100644 smart_building_conformal/outputs/matched_forecasting005/pleia_energy_h3_f2_s44_v1/units/pleia_energy_h3_f2_s44_xgboost/calibration.csv.gz
 create mode 100644 smart_building_conformal/outputs/matched_forecasting005/pleia_energy_h3_f2_s44_v1/units/pleia_energy_h3_f2_s44_xgboost/fitting_membership.csv.gz
 create mode 100644 smart_building_conformal/outputs/matched_forecasting005/pleia_energy_h3_f2_s44_v1/units/pleia_energy_h3_f2_s44_xgboost/model.ubj
 create mode 100644 smart_building_conformal/outputs/matched_forecasting005/pleia_energy_h3_f2_s44_v1/units/pleia_energy_h3_f2_s44_xgboost/payload.json
 create mode 100644 smart_building_conformal/outputs/matched_forecasting005/pleia_energy_h3_f2_s44_v1/units/pleia_energy_h3_f2_s44_xgboost/predictions.csv.gz
 create mode 100644 smart_building_conformal/outputs/matched_forecasting005/pleia_energy_h3_f2_s44_v1/units/pleia_energy_h3_f2_s44_xgboost/training_history.csv.gz
 create mode 100644 smart_building_conformal/outputs/matched_forecasting005/pleia_energy_h3_f2_s44_v1/units/pleia_energy_h3_f2_s44_xgboost/tuning.csv.gz
 create mode 100644 smart_building_conformal/outputs/matched_forecasting005/pleia_energy_h3_f2_s44_v1/units/pleia_energy_h3_f2_s44_xgboost/tuning_predictions.csv.gz
 create mode 100644 smart_building_conformal/outputs/matched_forecasting005/pleia_energy_h6_f2_s44_v1.process.json
 create mode 100644 smart_building_conformal/outputs/matched_forecasting005/pleia_energy_h6_f2_s44_v1/checkpoint_io_20260914T000734673983.json
 create mode 100644 smart_building_conformal/outputs/matched_forecasting005/pleia_energy_h6_f2_s44_v1/checkpoint_manifest.json
 create mode 100644 smart_building_conformal/outputs/matched_forecasting005/pleia_energy_h6_f2_s44_v1/execution_environment.json
 create mode 100644 smart_building_conformal/outputs/matched_forecasting005/pleia_energy_h6_f2_s44_v1/fit_calls.jsonl
 create mode 100644 smart_building_conformal/outputs/matched_forecasting005/pleia_energy_h6_f2_s44_v1/interval_quality.csv
 create mode 100644 smart_building_conformal/outputs/matched_forecasting005/pleia_energy_h6_f2_s44_v1/point_summary.csv
 create mode 100644 smart_building_conformal/outputs/matched_forecasting005/pleia_energy_h6_f2_s44_v1/run_summary.json
 create mode 100644 smart_building_conformal/outputs/matched_forecasting005/pleia_energy_h6_f2_s44_v1/units/pleia_energy_h6_f2_s44_attention_lstm/COMPLETE.json
 create mode 100644 smart_building_conformal/outputs/matched_forecasting005/pleia_energy_h6_f2_s44_v1/units/pleia_energy_h6_f2_s44_attention_lstm/calibration.csv.gz
 create mode 100644 smart_building_conformal/outputs/matched_forecasting005/pleia_energy_h6_f2_s44_v1/units/pleia_energy_h6_f2_s44_attention_lstm/fitting_membership.csv.gz
 create mode 100644 smart_building_conformal/outputs/matched_forecasting005/pleia_energy_h6_f2_s44_v1/units/pleia_energy_h6_f2_s44_attention_lstm/model.pt
 create mode 100644 smart_building_conformal/outputs/matched_forecasting005/pleia_energy_h6_f2_s44_v1/units/pleia_energy_h6_f2_s44_attention_lstm/payload.json
 create mode 100644 smart_building_conformal/outputs/matched_forecasting005/pleia_energy_h6_f2_s44_v1/units/pleia_energy_h6_f2_s44_attention_lstm/predictions.csv.gz
 create mode 100644 smart_building_conformal/outputs/matched_forecasting005/pleia_energy_h6_f2_s44_v1/units/pleia_energy_h6_f2_s44_attention_lstm/training_history.csv.gz
 create mode 100644 smart_building_conformal/outputs/matched_forecasting005/pleia_energy_h6_f2_s44_v1/units/pleia_energy_h6_f2_s44_attention_lstm/tuning.csv.gz
 create mode 100644 smart_building_conformal/outputs/matched_forecasting005/pleia_energy_h6_f2_s44_v1/units/pleia_energy_h6_f2_s44_attention_lstm/tuning_predictions.csv.gz
 create mode 100644 smart_building_conformal/outputs/matched_forecasting005/pleia_energy_h6_f2_s44_v1/units/pleia_energy_h6_f2_s44_persistence/COMPLETE.json
 create mode 100644 smart_building_conformal/outputs/matched_forecasting005/pleia_energy_h6_f2_s44_v1/units/pleia_energy_h6_f2_s44_persistence/calibration.csv.gz
 create mode 100644 smart_building_conformal/outputs/matched_forecasting005/pleia_energy_h6_f2_s44_v1/units/pleia_energy_h6_f2_s44_persistence/fitting_membership.csv.gz
 create mode 100644 smart_building_conformal/outputs/matched_forecasting005/pleia_energy_h6_f2_s44_v1/units/pleia_energy_h6_f2_s44_persistence/model.json
 create mode 100644 smart_building_conformal/outputs/matched_forecasting005/pleia_energy_h6_f2_s44_v1/units/pleia_energy_h6_f2_s44_persistence/payload.json
 create mode 100644 smart_building_conformal/outputs/matched_forecasting005/pleia_energy_h6_f2_s44_v1/units/pleia_energy_h6_f2_s44_persistence/predictions.csv.gz
 create mode 100644 smart_building_conformal/outputs/matched_forecasting005/pleia_energy_h6_f2_s44_v1/units/pleia_energy_h6_f2_s44_persistence/training_history.csv.gz
 create mode 100644 smart_building_conformal/outputs/matched_forecasting005/pleia_energy_h6_f2_s44_v1/units/pleia_energy_h6_f2_s44_persistence/tuning.csv.gz
 create mode 100644 smart_building_conformal/outputs/matched_forecasting005/pleia_energy_h6_f2_s44_v1/units/pleia_energy_h6_f2_s44_persistence/tuning_predictions.csv.gz
 create mode 100644 smart_building_conformal/outputs/matched_forecasting005/pleia_energy_h6_f2_s44_v1/units/pleia_energy_h6_f2_s44_xgboost/COMPLETE.json
 create mode 100644 smart_building_conformal/outputs/matched_forecasting005/pleia_energy_h6_f2_s44_v1/units/pleia_energy_h6_f2_s44_xgboost/booster_config.json
 create mode 100644 smart_building_conformal/outputs/matched_forecasting005/pleia_energy_h6_f2_s44_v1/units/pleia_energy_h6_f2_s44_xgboost/calibration.csv.gz
 create mode 100644 smart_building_conformal/outputs/matched_forecasting005/pleia_energy_h6_f2_s44_v1/units/pleia_energy_h6_f2_s44_xgboost/fitting_membership.csv.gz
 create mode 100644 smart_building_conformal/outputs/matched_forecasting005/pleia_energy_h6_f2_s44_v1/units/pleia_energy_h6_f2_s44_xgboost/model.ubj
 create mode 100644 smart_building_conformal/outputs/matched_forecasting005/pleia_energy_h6_f2_s44_v1/units/pleia_energy_h6_f2_s44_xgboost/payload.json
 create mode 100644 smart_building_conformal/outputs/matched_forecasting005/pleia_energy_h6_f2_s44_v1/units/pleia_energy_h6_f2_s44_xgboost/predictions.csv.gz
 create mode 100644 smart_building_conformal/outputs/matched_forecasting005/pleia_energy_h6_f2_s44_v1/units/pleia_energy_h6_f2_s44_xgboost/training_history.csv.gz
 create mode 100644 smart_building_conformal/outputs/matched_forecasting005/pleia_energy_h6_f2_s44_v1/units/pleia_energy_h6_f2_s44_xgboost/tuning.csv.gz
 create mode 100644 smart_building_conformal/outputs/matched_forecasting005/pleia_energy_h6_f2_s44_v1/units/pleia_energy_h6_f2_s44_xgboost/tuning_predictions.csv.gz
 create mode 100644 smart_building_conformal/outputs/matched_forecasting005/pleia_h1_f2_s44_v1.process.json
 create mode 100644 smart_building_conformal/outputs/matched_forecasting005/pleia_h1_f2_s44_v1/checkpoint_io_20260914T005625655897.json
 create mode 100644 smart_building_conformal/outputs/matched_forecasting005/pleia_h1_f2_s44_v1/checkpoint_manifest.json
 create mode 100644 smart_building_conformal/outputs/matched_forecasting005/pleia_h1_f2_s44_v1/execution_environment.json
 create mode 100644 smart_building_conformal/outputs/matched_forecasting005/pleia_h1_f2_s44_v1/fit_calls.jsonl
 create mode 100644 smart_building_conformal/outputs/matched_forecasting005/pleia_h1_f2_s44_v1/interval_quality.csv
 create mode 100644 smart_building_conformal/outputs/matched_forecasting005/pleia_h1_f2_s44_v1/point_summary.csv
 create mode 100644 smart_building_conformal/outputs/matched_forecasting005/pleia_h1_f2_s44_v1/run_summary.json
 create mode 100644 smart_building_conformal/outputs/matched_forecasting005/pleia_h1_f2_s44_v1/units/pleia_h1_f2_s44_attention_lstm/COMPLETE.json
 create mode 100644 smart_building_conformal/outputs/matched_forecasting005/pleia_h1_f2_s44_v1/units/pleia_h1_f2_s44_attention_lstm/calibration.csv.gz
 create mode 100644 smart_building_conformal/outputs/matched_forecasting005/pleia_h1_f2_s44_v1/units/pleia_h1_f2_s44_attention_lstm/fitting_membership.csv.gz
 create mode 100644 smart_building_conformal/outputs/matched_forecasting005/pleia_h1_f2_s44_v1/units/pleia_h1_f2_s44_attention_lstm/model.pt
 create mode 100644 smart_building_conformal/outputs/matched_forecasting005/pleia_h1_f2_s44_v1/units/pleia_h1_f2_s44_attention_lstm/payload.json
 create mode 100644 smart_building_conformal/outputs/matched_forecasting005/pleia_h1_f2_s44_v1/units/pleia_h1_f2_s44_attention_lstm/predictions.csv.gz
 create mode 100644 smart_building_conformal/outputs/matched_forecasting005/pleia_h1_f2_s44_v1/units/pleia_h1_f2_s44_attention_lstm/training_history.csv.gz
 create mode 100644 smart_building_conformal/outputs/matched_forecasting005/pleia_h1_f2_s44_v1/units/pleia_h1_f2_s44_attention_lstm/tuning.csv.gz
 create mode 100644 smart_building_conformal/outputs/matched_forecasting005/pleia_h1_f2_s44_v1/units/pleia_h1_f2_s44_attention_lstm/tuning_predictions.csv.gz
 create mode 100644 smart_building_conformal/outputs/matched_forecasting005/pleia_h1_f2_s44_v1/units/pleia_h1_f2_s44_persistence/COMPLETE.json
 create mode 100644 smart_building_conformal/outputs/matched_forecasting005/pleia_h1_f2_s44_v1/units/pleia_h1_f2_s44_persistence/calibration.csv.gz
 create mode 100644 smart_building_conformal/outputs/matched_forecasting005/pleia_h1_f2_s44_v1/units/pleia_h1_f2_s44_persistence/fitting_membership.csv.gz
 create mode 100644 smart_building_conformal/outputs/matched_forecasting005/pleia_h1_f2_s44_v1/units/pleia_h1_f2_s44_persistence/model.json
 create mode 100644 smart_building_conformal/outputs/matched_forecasting005/pleia_h1_f2_s44_v1/units/pleia_h1_f2_s44_persistence/payload.json
 create mode 100644 smart_building_conformal/outputs/matched_forecasting005/pleia_h1_f2_s44_v1/units/pleia_h1_f2_s44_persistence/predictions.csv.gz
 create mode 100644 smart_building_conformal/outputs/matched_forecasting005/pleia_h1_f2_s44_v1/units/pleia_h1_f2_s44_persistence/training_history.csv.gz
 create mode 100644 smart_building_conformal/outputs/matched_forecasting005/pleia_h1_f2_s44_v1/units/pleia_h1_f2_s44_persistence/tuning.csv.gz
 create mode 100644 smart_building_conformal/outputs/matched_forecasting005/pleia_h1_f2_s44_v1/units/pleia_h1_f2_s44_persistence/tuning_predictions.csv.gz
 create mode 100644 smart_building_conformal/outputs/matched_forecasting005/pleia_h1_f2_s44_v1/units/pleia_h1_f2_s44_xgboost/COMPLETE.json
 create mode 100644 smart_building_conformal/outputs/matched_forecasting005/pleia_h1_f2_s44_v1/units/pleia_h1_f2_s44_xgboost/booster_config.json
 create mode 100644 smart_building_conformal/outputs/matched_forecasting005/pleia_h1_f2_s44_v1/units/pleia_h1_f2_s44_xgboost/calibration.csv.gz
 create mode 100644 smart_building_conformal/outputs/matched_forecasting005/pleia_h1_f2_s44_v1/units/pleia_h1_f2_s44_xgboost/fitting_membership.csv.gz
 create mode 100644 smart_building_conformal/outputs/matched_forecasting005/pleia_h1_f2_s44_v1/units/pleia_h1_f2_s44_xgboost/model.ubj
 create mode 100644 smart_building_conformal/outputs/matched_forecasting005/pleia_h1_f2_s44_v1/units/pleia_h1_f2_s44_xgboost/payload.json
 create mode 100644 smart_building_conformal/outputs/matched_forecasting005/pleia_h1_f2_s44_v1/units/pleia_h1_f2_s44_xgboost/predictions.csv.gz
 create mode 100644 smart_building_conformal/outputs/matched_forecasting005/pleia_h1_f2_s44_v1/units/pleia_h1_f2_s44_xgboost/training_history.csv.gz
 create mode 100644 smart_building_conformal/outputs/matched_forecasting005/pleia_h1_f2_s44_v1/units/pleia_h1_f2_s44_xgboost/tuning.csv.gz
 create mode 100644 smart_building_conformal/outputs/matched_forecasting005/pleia_h1_f2_s44_v1/units/pleia_h1_f2_s44_xgboost/tuning_predictions.csv.gz
 create mode 100644 smart_building_conformal/outputs/matched_forecasting005/pleia_h3_f2_s44_v1.process.json
 create mode 100644 smart_building_conformal/outputs/matched_forecasting005/pleia_h3_f2_s44_v1/checkpoint_io_20260914T010031953246.json
 create mode 100644 smart_building_conformal/outputs/matched_forecasting005/pleia_h3_f2_s44_v1/checkpoint_manifest.json
 create mode 100644 smart_building_conformal/outputs/matched_forecasting005/pleia_h3_f2_s44_v1/execution_environment.json
 create mode 100644 smart_building_conformal/outputs/matched_forecasting005/pleia_h3_f2_s44_v1/fit_calls.jsonl
 create mode 100644 smart_building_conformal/outputs/matched_forecasting005/pleia_h3_f2_s44_v1/interval_quality.csv
 create mode 100644 smart_building_conformal/outputs/matched_forecasting005/pleia_h3_f2_s44_v1/point_summary.csv
 create mode 100644 smart_building_conformal/outputs/matched_forecasting005/pleia_h3_f2_s44_v1/run_summary.json
 create mode 100644 smart_building_conformal/outputs/matched_forecasting005/pleia_h3_f2_s44_v1/units/pleia_h3_f2_s44_attention_lstm/COMPLETE.json
 create mode 100644 smart_building_conformal/outputs/matched_forecasting005/pleia_h3_f2_s44_v1/units/pleia_h3_f2_s44_attention_lstm/calibration.csv.gz
 create mode 100644 smart_building_conformal/outputs/matched_forecasting005/pleia_h3_f2_s44_v1/units/pleia_h3_f2_s44_attention_lstm/fitting_membership.csv.gz
 create mode 100644 smart_building_conformal/outputs/matched_forecasting005/pleia_h3_f2_s44_v1/units/pleia_h3_f2_s44_attention_lstm/model.pt
 create mode 100644 smart_building_conformal/outputs/matched_forecasting005/pleia_h3_f2_s44_v1/units/pleia_h3_f2_s44_attention_lstm/payload.json
 create mode 100644 smart_building_conformal/outputs/matched_forecasting005/pleia_h3_f2_s44_v1/units/pleia_h3_f2_s44_attention_lstm/predictions.csv.gz
 create mode 100644 smart_building_conformal/outputs/matched_forecasting005/pleia_h3_f2_s44_v1/units/pleia_h3_f2_s44_attention_lstm/training_history.csv.gz
 create mode 100644 smart_building_conformal/outputs/matched_forecasting005/pleia_h3_f2_s44_v1/units/pleia_h3_f2_s44_attention_lstm/tuning.csv.gz
 create mode 100644 smart_building_conformal/outputs/matched_forecasting005/pleia_h3_f2_s44_v1/units/pleia_h3_f2_s44_attention_lstm/tuning_predictions.csv.gz
 create mode 100644 smart_building_conformal/outputs/matched_forecasting005/pleia_h3_f2_s44_v1/units/pleia_h3_f2_s44_persistence/COMPLETE.json
 create mode 100644 smart_building_conformal/outputs/matched_forecasting005/pleia_h3_f2_s44_v1/units/pleia_h3_f2_s44_persistence/calibration.csv.gz
 create mode 100644 smart_building_conformal/outputs/matched_forecasting005/pleia_h3_f2_s44_v1/units/pleia_h3_f2_s44_persistence/fitting_membership.csv.gz
 create mode 100644 smart_building_conformal/outputs/matched_forecasting005/pleia_h3_f2_s44_v1/units/pleia_h3_f2_s44_persistence/model.json
 create mode 100644 smart_building_conformal/outputs/matched_forecasting005/pleia_h3_f2_s44_v1/units/pleia_h3_f2_s44_persistence/payload.json
 create mode 100644 smart_building_conformal/outputs/matched_forecasting005/pleia_h3_f2_s44_v1/units/pleia_h3_f2_s44_persistence/predictions.csv.gz
 create mode 100644 smart_building_conformal/outputs/matched_forecasting005/pleia_h3_f2_s44_v1/units/pleia_h3_f2_s44_persistence/training_history.csv.gz
 create mode 100644 smart_building_conformal/outputs/matched_forecasting005/pleia_h3_f2_s44_v1/units/pleia_h3_f2_s44_persistence/tuning.csv.gz
 create mode 100644 smart_building_conformal/outputs/matched_forecasting005/pleia_h3_f2_s44_v1/units/pleia_h3_f2_s44_persistence/tuning_predictions.csv.gz
 create mode 100644 smart_building_conformal/outputs/matched_forecasting005/pleia_h3_f2_s44_v1/units/pleia_h3_f2_s44_xgboost/COMPLETE.json
 create mode 100644 smart_building_conformal/outputs/matched_forecasting005/pleia_h3_f2_s44_v1/units/pleia_h3_f2_s44_xgboost/booster_config.json
 create mode 100644 smart_building_conformal/outputs/matched_forecasting005/pleia_h3_f2_s44_v1/units/pleia_h3_f2_s44_xgboost/calibration.csv.gz
 create mode 100644 smart_building_conformal/outputs/matched_forecasting005/pleia_h3_f2_s44_v1/units/pleia_h3_f2_s44_xgboost/fitting_membership.csv.gz
 create mode 100644 smart_building_conformal/outputs/matched_forecasting005/pleia_h3_f2_s44_v1/units/pleia_h3_f2_s44_xgboost/model.ubj
 create mode 100644 smart_building_conformal/outputs/matched_forecasting005/pleia_h3_f2_s44_v1/units/pleia_h3_f2_s44_xgboost/payload.json
 create mode 100644 smart_building_conformal/outputs/matched_forecasting005/pleia_h3_f2_s44_v1/units/pleia_h3_f2_s44_xgboost/predictions.csv.gz
 create mode 100644 smart_building_conformal/outputs/matched_forecasting005/pleia_h3_f2_s44_v1/units/pleia_h3_f2_s44_xgboost/training_history.csv.gz
 create mode 100644 smart_building_conformal/outputs/matched_forecasting005/pleia_h3_f2_s44_v1/units/pleia_h3_f2_s44_xgboost/tuning.csv.gz
 create mode 100644 smart_building_conformal/outputs/matched_forecasting005/pleia_h3_f2_s44_v1/units/pleia_h3_f2_s44_xgboost/tuning_predictions.csv.gz
 create mode 100644 smart_building_conformal/outputs/matched_forecasting005/pleia_h6_f2_s44_v1.process.json
 create mode 100644 smart_building_conformal/outputs/matched_forecasting005/pleia_h6_f2_s44_v1/checkpoint_io_20260914T010317135948.json
 create mode 100644 smart_building_conformal/outputs/matched_forecasting005/pleia_h6_f2_s44_v1/checkpoint_manifest.json
 create mode 100644 smart_building_conformal/outputs/matched_forecasting005/pleia_h6_f2_s44_v1/execution_environment.json
 create mode 100644 smart_building_conformal/outputs/matched_forecasting005/pleia_h6_f2_s44_v1/fit_calls.jsonl
 create mode 100644 smart_building_conformal/outputs/matched_forecasting005/pleia_h6_f2_s44_v1/interval_quality.csv
 create mode 100644 smart_building_conformal/outputs/matched_forecasting005/pleia_h6_f2_s44_v1/point_summary.csv
 create mode 100644 smart_building_conformal/outputs/matched_forecasting005/pleia_h6_f2_s44_v1/run_summary.json
 create mode 100644 smart_building_conformal/outputs/matched_forecasting005/pleia_h6_f2_s44_v1/units/pleia_h6_f2_s44_attention_lstm/COMPLETE.json
 create mode 100644 smart_building_conformal/outputs/matched_forecasting005/pleia_h6_f2_s44_v1/units/pleia_h6_f2_s44_attention_lstm/calibration.csv.gz
 create mode 100644 smart_building_conformal/outputs/matched_forecasting005/pleia_h6_f2_s44_v1/units/pleia_h6_f2_s44_attention_lstm/fitting_membership.csv.gz
 create mode 100644 smart_building_conformal/outputs/matched_forecasting005/pleia_h6_f2_s44_v1/units/pleia_h6_f2_s44_attention_lstm/model.pt
 create mode 100644 smart_building_conformal/outputs/matched_forecasting005/pleia_h6_f2_s44_v1/units/pleia_h6_f2_s44_attention_lstm/payload.json
 create mode 100644 smart_building_conformal/outputs/matched_forecasting005/pleia_h6_f2_s44_v1/units/pleia_h6_f2_s44_attention_lstm/predictions.csv.gz
 create mode 100644 smart_building_conformal/outputs/matched_forecasting005/pleia_h6_f2_s44_v1/units/pleia_h6_f2_s44_attention_lstm/training_history.csv.gz
 create mode 100644 smart_building_conformal/outputs/matched_forecasting005/pleia_h6_f2_s44_v1/units/pleia_h6_f2_s44_attention_lstm/tuning.csv.gz
 create mode 100644 smart_building_conformal/outputs/matched_forecasting005/pleia_h6_f2_s44_v1/units/pleia_h6_f2_s44_attention_lstm/tuning_predictions.csv.gz
 create mode 100644 smart_building_conformal/outputs/matched_forecasting005/pleia_h6_f2_s44_v1/units/pleia_h6_f2_s44_persistence/COMPLETE.json
 create mode 100644 smart_building_conformal/outputs/matched_forecasting005/pleia_h6_f2_s44_v1/units/pleia_h6_f2_s44_persistence/calibration.csv.gz
 create mode 100644 smart_building_conformal/outputs/matched_forecasting005/pleia_h6_f2_s44_v1/units/pleia_h6_f2_s44_persistence/fitting_membership.csv.gz
 create mode 100644 smart_building_conformal/outputs/matched_forecasting005/pleia_h6_f2_s44_v1/units/pleia_h6_f2_s44_persistence/model.json
 create mode 100644 smart_building_conformal/outputs/matched_forecasting005/pleia_h6_f2_s44_v1/units/pleia_h6_f2_s44_persistence/payload.json
 create mode 100644 smart_building_conformal/outputs/matched_forecasting005/pleia_h6_f2_s44_v1/units/pleia_h6_f2_s44_persistence/predictions.csv.gz
 create mode 100644 smart_building_conformal/outputs/matched_forecasting005/pleia_h6_f2_s44_v1/units/pleia_h6_f2_s44_persistence/training_history.csv.gz
 create mode 100644 smart_building_conformal/outputs/matched_forecasting005/pleia_h6_f2_s44_v1/units/pleia_h6_f2_s44_persistence/tuning.csv.gz
 create mode 100644 smart_building_conformal/outputs/matched_forecasting005/pleia_h6_f2_s44_v1/units/pleia_h6_f2_s44_persistence/tuning_predictions.csv.gz
 create mode 100644 smart_building_conformal/outputs/matched_forecasting005/pleia_h6_f2_s44_v1/units/pleia_h6_f2_s44_xgboost/COMPLETE.json
 create mode 100644 smart_building_conformal/outputs/matched_forecasting005/pleia_h6_f2_s44_v1/units/pleia_h6_f2_s44_xgboost/booster_config.json
 create mode 100644 smart_building_conformal/outputs/matched_forecasting005/pleia_h6_f2_s44_v1/units/pleia_h6_f2_s44_xgboost/calibration.csv.gz
 create mode 100644 smart_building_conformal/outputs/matched_forecasting005/pleia_h6_f2_s44_v1/units/pleia_h6_f2_s44_xgboost/fitting_membership.csv.gz
 create mode 100644 smart_building_conformal/outputs/matched_forecasting005/pleia_h6_f2_s44_v1/units/pleia_h6_f2_s44_xgboost/model.ubj
 create mode 100644 smart_building_conformal/outputs/matched_forecasting005/pleia_h6_f2_s44_v1/units/pleia_h6_f2_s44_xgboost/payload.json
 create mode 100644 smart_building_conformal/outputs/matched_forecasting005/pleia_h6_f2_s44_v1/units/pleia_h6_f2_s44_xgboost/predictions.csv.gz
 create mode 100644 smart_building_conformal/outputs/matched_forecasting005/pleia_h6_f2_s44_v1/units/pleia_h6_f2_s44_xgboost/training_history.csv.gz
 create mode 100644 smart_building_conformal/outputs/matched_forecasting005/pleia_h6_f2_s44_v1/units/pleia_h6_f2_s44_xgboost/tuning.csv.gz
 create mode 100644 smart_building_conformal/outputs/matched_forecasting005/pleia_h6_f2_s44_v1/units/pleia_h6_f2_s44_xgboost/tuning_predictions.csv.gz
 create mode 100644 smart_building_conformal/outputs/matched_forecasting005/rico_h15_f2_s44_v1.process.json
 create mode 100644 smart_building_conformal/outputs/matched_forecasting005/rico_h15_f2_s44_v1/checkpoint_io_20260914T001400424590.json
 create mode 100644 smart_building_conformal/outputs/matched_forecasting005/rico_h15_f2_s44_v1/checkpoint_manifest.json
 create mode 100644 smart_building_conformal/outputs/matched_forecasting005/rico_h15_f2_s44_v1/execution_environment.json
 create mode 100644 smart_building_conformal/outputs/matched_forecasting005/rico_h15_f2_s44_v1/fit_calls.jsonl
 create mode 100644 smart_building_conformal/outputs/matched_forecasting005/rico_h15_f2_s44_v1/interval_quality.csv
 create mode 100644 smart_building_conformal/outputs/matched_forecasting005/rico_h15_f2_s44_v1/point_summary.csv
 create mode 100644 smart_building_conformal/outputs/matched_forecasting005/rico_h15_f2_s44_v1/run_summary.json
 create mode 100644 smart_building_conformal/outputs/matched_forecasting005/rico_h15_f2_s44_v1/units/rico_h15_f2_s44_attention_lstm/COMPLETE.json
 create mode 100644 smart_building_conformal/outputs/matched_forecasting005/rico_h15_f2_s44_v1/units/rico_h15_f2_s44_attention_lstm/calibration.csv.gz
 create mode 100644 smart_building_conformal/outputs/matched_forecasting005/rico_h15_f2_s44_v1/units/rico_h15_f2_s44_attention_lstm/fitting_membership.csv.gz
 create mode 100644 smart_building_conformal/outputs/matched_forecasting005/rico_h15_f2_s44_v1/units/rico_h15_f2_s44_attention_lstm/model.pt
 create mode 100644 smart_building_conformal/outputs/matched_forecasting005/rico_h15_f2_s44_v1/units/rico_h15_f2_s44_attention_lstm/payload.json
 create mode 100644 smart_building_conformal/outputs/matched_forecasting005/rico_h15_f2_s44_v1/units/rico_h15_f2_s44_attention_lstm/predictions.csv.gz
 create mode 100644 smart_building_conformal/outputs/matched_forecasting005/rico_h15_f2_s44_v1/units/rico_h15_f2_s44_attention_lstm/training_history.csv.gz
 create mode 100644 smart_building_conformal/outputs/matched_forecasting005/rico_h15_f2_s44_v1/units/rico_h15_f2_s44_attention_lstm/tuning.csv.gz
 create mode 100644 smart_building_conformal/outputs/matched_forecasting005/rico_h15_f2_s44_v1/units/rico_h15_f2_s44_attention_lstm/tuning_predictions.csv.gz
 create mode 100644 smart_building_conformal/outputs/matched_forecasting005/rico_h15_f2_s44_v1/units/rico_h15_f2_s44_persistence/COMPLETE.json
 create mode 100644 smart_building_conformal/outputs/matched_forecasting005/rico_h15_f2_s44_v1/units/rico_h15_f2_s44_persistence/calibration.csv.gz
 create mode 100644 smart_building_conformal/outputs/matched_forecasting005/rico_h15_f2_s44_v1/units/rico_h15_f2_s44_persistence/fitting_membership.csv.gz
 create mode 100644 smart_building_conformal/outputs/matched_forecasting005/rico_h15_f2_s44_v1/units/rico_h15_f2_s44_persistence/model.json
 create mode 100644 smart_building_conformal/outputs/matched_forecasting005/rico_h15_f2_s44_v1/units/rico_h15_f2_s44_persistence/payload.json
 create mode 100644 smart_building_conformal/outputs/matched_forecasting005/rico_h15_f2_s44_v1/units/rico_h15_f2_s44_persistence/predictions.csv.gz
 create mode 100644 smart_building_conformal/outputs/matched_forecasting005/rico_h15_f2_s44_v1/units/rico_h15_f2_s44_persistence/training_history.csv.gz
 create mode 100644 smart_building_conformal/outputs/matched_forecasting005/rico_h15_f2_s44_v1/units/rico_h15_f2_s44_persistence/tuning.csv.gz
 create mode 100644 smart_building_conformal/outputs/matched_forecasting005/rico_h15_f2_s44_v1/units/rico_h15_f2_s44_persistence/tuning_predictions.csv.gz
 create mode 100644 smart_building_conformal/outputs/matched_forecasting005/rico_h15_f2_s44_v1/units/rico_h15_f2_s44_xgboost/COMPLETE.json
 create mode 100644 smart_building_conformal/outputs/matched_forecasting005/rico_h15_f2_s44_v1/units/rico_h15_f2_s44_xgboost/booster_config.json
 create mode 100644 smart_building_conformal/outputs/matched_forecasting005/rico_h15_f2_s44_v1/units/rico_h15_f2_s44_xgboost/calibration.csv.gz
 create mode 100644 smart_building_conformal/outputs/matched_forecasting005/rico_h15_f2_s44_v1/units/rico_h15_f2_s44_xgboost/fitting_membership.csv.gz
 create mode 100644 smart_building_conformal/outputs/matched_forecasting005/rico_h15_f2_s44_v1/units/rico_h15_f2_s44_xgboost/model.ubj
 create mode 100644 smart_building_conformal/outputs/matched_forecasting005/rico_h15_f2_s44_v1/units/rico_h15_f2_s44_xgboost/payload.json
 create mode 100644 smart_building_conformal/outputs/matched_forecasting005/rico_h15_f2_s44_v1/units/rico_h15_f2_s44_xgboost/predictions.csv.gz
 create mode 100644 smart_building_conformal/outputs/matched_forecasting005/rico_h15_f2_s44_v1/units/rico_h15_f2_s44_xgboost/training_history.csv.gz
 create mode 100644 smart_building_conformal/outputs/matched_forecasting005/rico_h15_f2_s44_v1/units/rico_h15_f2_s44_xgboost/tuning.csv.gz
 create mode 100644 smart_building_conformal/outputs/matched_forecasting005/rico_h15_f2_s44_v1/units/rico_h15_f2_s44_xgboost/tuning_predictions.csv.gz
 create mode 100644 smart_building_conformal/outputs/matched_forecasting005/rico_h30_f2_s44_v1.process.json
 create mode 100644 smart_building_conformal/outputs/matched_forecasting005/rico_h30_f2_s44_v1/checkpoint_io_20260914T001728478814.json
 create mode 100644 smart_building_conformal/outputs/matched_forecasting005/rico_h30_f2_s44_v1/checkpoint_manifest.json
 create mode 100644 smart_building_conformal/outputs/matched_forecasting005/rico_h30_f2_s44_v1/execution_environment.json
 create mode 100644 smart_building_conformal/outputs/matched_forecasting005/rico_h30_f2_s44_v1/fit_calls.jsonl
 create mode 100644 smart_building_conformal/outputs/matched_forecasting005/rico_h30_f2_s44_v1/interval_quality.csv
 create mode 100644 smart_building_conformal/outputs/matched_forecasting005/rico_h30_f2_s44_v1/point_summary.csv
 create mode 100644 smart_building_conformal/outputs/matched_forecasting005/rico_h30_f2_s44_v1/run_summary.json
 create mode 100644 smart_building_conformal/outputs/matched_forecasting005/rico_h30_f2_s44_v1/units/rico_h30_f2_s44_attention_lstm/COMPLETE.json
 create mode 100644 smart_building_conformal/outputs/matched_forecasting005/rico_h30_f2_s44_v1/units/rico_h30_f2_s44_attention_lstm/calibration.csv.gz
 create mode 100644 smart_building_conformal/outputs/matched_forecasting005/rico_h30_f2_s44_v1/units/rico_h30_f2_s44_attention_lstm/fitting_membership.csv.gz
 create mode 100644 smart_building_conformal/outputs/matched_forecasting005/rico_h30_f2_s44_v1/units/rico_h30_f2_s44_attention_lstm/model.pt
 create mode 100644 smart_building_conformal/outputs/matched_forecasting005/rico_h30_f2_s44_v1/units/rico_h30_f2_s44_attention_lstm/payload.json
 create mode 100644 smart_building_conformal/outputs/matched_forecasting005/rico_h30_f2_s44_v1/units/rico_h30_f2_s44_attention_lstm/predictions.csv.gz
 create mode 100644 smart_building_conformal/outputs/matched_forecasting005/rico_h30_f2_s44_v1/units/rico_h30_f2_s44_attention_lstm/training_history.csv.gz
 create mode 100644 smart_building_conformal/outputs/matched_forecasting005/rico_h30_f2_s44_v1/units/rico_h30_f2_s44_attention_lstm/tuning.csv.gz
 create mode 100644 smart_building_conformal/outputs/matched_forecasting005/rico_h30_f2_s44_v1/units/rico_h30_f2_s44_attention_lstm/tuning_predictions.csv.gz
 create mode 100644 smart_building_conformal/outputs/matched_forecasting005/rico_h30_f2_s44_v1/units/rico_h30_f2_s44_persistence/COMPLETE.json
 create mode 100644 smart_building_conformal/outputs/matched_forecasting005/rico_h30_f2_s44_v1/units/rico_h30_f2_s44_persistence/calibration.csv.gz
 create mode 100644 smart_building_conformal/outputs/matched_forecasting005/rico_h30_f2_s44_v1/units/rico_h30_f2_s44_persistence/fitting_membership.csv.gz
 create mode 100644 smart_building_conformal/outputs/matched_forecasting005/rico_h30_f2_s44_v1/units/rico_h30_f2_s44_persistence/model.json
 create mode 100644 smart_building_conformal/outputs/matched_forecasting005/rico_h30_f2_s44_v1/units/rico_h30_f2_s44_persistence/payload.json
 create mode 100644 smart_building_conformal/outputs/matched_forecasting005/rico_h30_f2_s44_v1/units/rico_h30_f2_s44_persistence/predictions.csv.gz
 create mode 100644 smart_building_conformal/outputs/matched_forecasting005/rico_h30_f2_s44_v1/units/rico_h30_f2_s44_persistence/training_history.csv.gz
 create mode 100644 smart_building_conformal/outputs/matched_forecasting005/rico_h30_f2_s44_v1/units/rico_h30_f2_s44_persistence/tuning.csv.gz
 create mode 100644 smart_building_conformal/outputs/matched_forecasting005/rico_h30_f2_s44_v1/units/rico_h30_f2_s44_persistence/tuning_predictions.csv.gz
 create mode 100644 smart_building_conformal/outputs/matched_forecasting005/rico_h30_f2_s44_v1/units/rico_h30_f2_s44_xgboost/COMPLETE.json
 create mode 100644 smart_building_conformal/outputs/matched_forecasting005/rico_h30_f2_s44_v1/units/rico_h30_f2_s44_xgboost/booster_config.json
 create mode 100644 smart_building_conformal/outputs/matched_forecasting005/rico_h30_f2_s44_v1/units/rico_h30_f2_s44_xgboost/calibration.csv.gz
 create mode 100644 smart_building_conformal/outputs/matched_forecasting005/rico_h30_f2_s44_v1/units/rico_h30_f2_s44_xgboost/fitting_membership.csv.gz
 create mode 100644 smart_building_conformal/outputs/matched_forecasting005/rico_h30_f2_s44_v1/units/rico_h30_f2_s44_xgboost/model.ubj
 create mode 100644 smart_building_conformal/outputs/matched_forecasting005/rico_h30_f2_s44_v1/units/rico_h30_f2_s44_xgboost/payload.json
 create mode 100644 smart_building_conformal/outputs/matched_forecasting005/rico_h30_f2_s44_v1/units/rico_h30_f2_s44_xgboost/predictions.csv.gz
 create mode 100644 smart_building_conformal/outputs/matched_forecasting005/rico_h30_f2_s44_v1/units/rico_h30_f2_s44_xgboost/training_history.csv.gz
 create mode 100644 smart_building_conformal/outputs/matched_forecasting005/rico_h30_f2_s44_v1/units/rico_h30_f2_s44_xgboost/tuning.csv.gz
 create mode 100644 smart_building_conformal/outputs/matched_forecasting005/rico_h30_f2_s44_v1/units/rico_h30_f2_s44_xgboost/tuning_predictions.csv.gz
 create mode 100644 smart_building_conformal/outputs/matched_forecasting005/rico_h5_f2_s44_v1.process.json
 create mode 100644 smart_building_conformal/outputs/matched_forecasting005/rico_h5_f2_s44_v1/checkpoint_io_20260914T001031058023.json
 create mode 100644 smart_building_conformal/outputs/matched_forecasting005/rico_h5_f2_s44_v1/checkpoint_manifest.json
 create mode 100644 smart_building_conformal/outputs/matched_forecasting005/rico_h5_f2_s44_v1/execution_environment.json
 create mode 100644 smart_building_conformal/outputs/matched_forecasting005/rico_h5_f2_s44_v1/fit_calls.jsonl
 create mode 100644 smart_building_conformal/outputs/matched_forecasting005/rico_h5_f2_s44_v1/interval_quality.csv
 create mode 100644 smart_building_conformal/outputs/matched_forecasting005/rico_h5_f2_s44_v1/point_summary.csv
 create mode 100644 smart_building_conformal/outputs/matched_forecasting005/rico_h5_f2_s44_v1/run_summary.json
 create mode 100644 smart_building_conformal/outputs/matched_forecasting005/rico_h5_f2_s44_v1/units/rico_h5_f2_s44_attention_lstm/COMPLETE.json
 create mode 100644 smart_building_conformal/outputs/matched_forecasting005/rico_h5_f2_s44_v1/units/rico_h5_f2_s44_attention_lstm/calibration.csv.gz
 create mode 100644 smart_building_conformal/outputs/matched_forecasting005/rico_h5_f2_s44_v1/units/rico_h5_f2_s44_attention_lstm/fitting_membership.csv.gz
 create mode 100644 smart_building_conformal/outputs/matched_forecasting005/rico_h5_f2_s44_v1/units/rico_h5_f2_s44_attention_lstm/model.pt
 create mode 100644 smart_building_conformal/outputs/matched_forecasting005/rico_h5_f2_s44_v1/units/rico_h5_f2_s44_attention_lstm/payload.json
 create mode 100644 smart_building_conformal/outputs/matched_forecasting005/rico_h5_f2_s44_v1/units/rico_h5_f2_s44_attention_lstm/predictions.csv.gz
 create mode 100644 smart_building_conformal/outputs/matched_forecasting005/rico_h5_f2_s44_v1/units/rico_h5_f2_s44_attention_lstm/training_history.csv.gz
 create mode 100644 smart_building_conformal/outputs/matched_forecasting005/rico_h5_f2_s44_v1/units/rico_h5_f2_s44_attention_lstm/tuning.csv.gz
 create mode 100644 smart_building_conformal/outputs/matched_forecasting005/rico_h5_f2_s44_v1/units/rico_h5_f2_s44_attention_lstm/tuning_predictions.csv.gz
 create mode 100644 smart_building_conformal/outputs/matched_forecasting005/rico_h5_f2_s44_v1/units/rico_h5_f2_s44_persistence/COMPLETE.json
 create mode 100644 smart_building_conformal/outputs/matched_forecasting005/rico_h5_f2_s44_v1/units/rico_h5_f2_s44_persistence/calibration.csv.gz
 create mode 100644 smart_building_conformal/outputs/matched_forecasting005/rico_h5_f2_s44_v1/units/rico_h5_f2_s44_persistence/fitting_membership.csv.gz
 create mode 100644 smart_building_conformal/outputs/matched_forecasting005/rico_h5_f2_s44_v1/units/rico_h5_f2_s44_persistence/model.json
 create mode 100644 smart_building_conformal/outputs/matched_forecasting005/rico_h5_f2_s44_v1/units/rico_h5_f2_s44_persistence/payload.json
 create mode 100644 smart_building_conformal/outputs/matched_forecasting005/rico_h5_f2_s44_v1/units/rico_h5_f2_s44_persistence/predictions.csv.gz
 create mode 100644 smart_building_conformal/outputs/matched_forecasting005/rico_h5_f2_s44_v1/units/rico_h5_f2_s44_persistence/training_history.csv.gz
 create mode 100644 smart_building_conformal/outputs/matched_forecasting005/rico_h5_f2_s44_v1/units/rico_h5_f2_s44_persistence/tuning.csv.gz
 create mode 100644 smart_building_conformal/outputs/matched_forecasting005/rico_h5_f2_s44_v1/units/rico_h5_f2_s44_persistence/tuning_predictions.csv.gz
 create mode 100644 smart_building_conformal/outputs/matched_forecasting005/rico_h5_f2_s44_v1/units/rico_h5_f2_s44_xgboost/COMPLETE.json
 create mode 100644 smart_building_conformal/outputs/matched_forecasting005/rico_h5_f2_s44_v1/units/rico_h5_f2_s44_xgboost/booster_config.json
 create mode 100644 smart_building_conformal/outputs/matched_forecasting005/rico_h5_f2_s44_v1/units/rico_h5_f2_s44_xgboost/calibration.csv.gz
 create mode 100644 smart_building_conformal/outputs/matched_forecasting005/rico_h5_f2_s44_v1/units/rico_h5_f2_s44_xgboost/fitting_membership.csv.gz
 create mode 100644 smart_building_conformal/outputs/matched_forecasting005/rico_h5_f2_s44_v1/units/rico_h5_f2_s44_xgboost/model.ubj
 create mode 100644 smart_building_conformal/outputs/matched_forecasting005/rico_h5_f2_s44_v1/units/rico_h5_f2_s44_xgboost/payload.json
 create mode 100644 smart_building_conformal/outputs/matched_forecasting005/rico_h5_f2_s44_v1/units/rico_h5_f2_s44_xgboost/predictions.csv.gz
 create mode 100644 smart_building_conformal/outputs/matched_forecasting005/rico_h5_f2_s44_v1/units/rico_h5_f2_s44_xgboost/training_history.csv.gz
 create mode 100644 smart_building_conformal/outputs/matched_forecasting005/rico_h5_f2_s44_v1/units/rico_h5_f2_s44_xgboost/tuning.csv.gz
 create mode 100644 smart_building_conformal/outputs/matched_forecasting005/rico_h5_f2_s44_v1/units/rico_h5_f2_s44_xgboost/tuning_predictions.csv.gz
 create mode 100644 smart_building_conformal/outputs/matched_forecasting005/rico_h60_f2_s44_v1.process.json
 create mode 100644 smart_building_conformal/outputs/matched_forecasting005/rico_h60_f2_s44_v1/checkpoint_io_20260914T001956914562.json
 create mode 100644 smart_building_conformal/outputs/matched_forecasting005/rico_h60_f2_s44_v1/checkpoint_manifest.json
 create mode 100644 smart_building_conformal/outputs/matched_forecasting005/rico_h60_f2_s44_v1/execution_environment.json
 create mode 100644 smart_building_conformal/outputs/matched_forecasting005/rico_h60_f2_s44_v1/fit_calls.jsonl
 create mode 100644 smart_building_conformal/outputs/matched_forecasting005/rico_h60_f2_s44_v1/interval_quality.csv
 create mode 100644 smart_building_conformal/outputs/matched_forecasting005/rico_h60_f2_s44_v1/point_summary.csv
 create mode 100644 smart_building_conformal/outputs/matched_forecasting005/rico_h60_f2_s44_v1/run_summary.json
 create mode 100644 smart_building_conformal/outputs/matched_forecasting005/rico_h60_f2_s44_v1/units/rico_h60_f2_s44_attention_lstm/COMPLETE.json
 create mode 100644 smart_building_conformal/outputs/matched_forecasting005/rico_h60_f2_s44_v1/units/rico_h60_f2_s44_attention_lstm/calibration.csv.gz
 create mode 100644 smart_building_conformal/outputs/matched_forecasting005/rico_h60_f2_s44_v1/units/rico_h60_f2_s44_attention_lstm/fitting_membership.csv.gz
 create mode 100644 smart_building_conformal/outputs/matched_forecasting005/rico_h60_f2_s44_v1/units/rico_h60_f2_s44_attention_lstm/model.pt
 create mode 100644 smart_building_conformal/outputs/matched_forecasting005/rico_h60_f2_s44_v1/units/rico_h60_f2_s44_attention_lstm/payload.json
 create mode 100644 smart_building_conformal/outputs/matched_forecasting005/rico_h60_f2_s44_v1/units/rico_h60_f2_s44_attention_lstm/predictions.csv.gz
 create mode 100644 smart_building_conformal/outputs/matched_forecasting005/rico_h60_f2_s44_v1/units/rico_h60_f2_s44_attention_lstm/training_history.csv.gz
 create mode 100644 smart_building_conformal/outputs/matched_forecasting005/rico_h60_f2_s44_v1/units/rico_h60_f2_s44_attention_lstm/tuning.csv.gz
 create mode 100644 smart_building_conformal/outputs/matched_forecasting005/rico_h60_f2_s44_v1/units/rico_h60_f2_s44_attention_lstm/tuning_predictions.csv.gz
 create mode 100644 smart_building_conformal/outputs/matched_forecasting005/rico_h60_f2_s44_v1/units/rico_h60_f2_s44_persistence/COMPLETE.json
 create mode 100644 smart_building_conformal/outputs/matched_forecasting005/rico_h60_f2_s44_v1/units/rico_h60_f2_s44_persistence/calibration.csv.gz
 create mode 100644 smart_building_conformal/outputs/matched_forecasting005/rico_h60_f2_s44_v1/units/rico_h60_f2_s44_persistence/fitting_membership.csv.gz
 create mode 100644 smart_building_conformal/outputs/matched_forecasting005/rico_h60_f2_s44_v1/units/rico_h60_f2_s44_persistence/model.json
 create mode 100644 smart_building_conformal/outputs/matched_forecasting005/rico_h60_f2_s44_v1/units/rico_h60_f2_s44_persistence/payload.json
 create mode 100644 smart_building_conformal/outputs/matched_forecasting005/rico_h60_f2_s44_v1/units/rico_h60_f2_s44_persistence/predictions.csv.gz
 create mode 100644 smart_building_conformal/outputs/matched_forecasting005/rico_h60_f2_s44_v1/units/rico_h60_f2_s44_persistence/training_history.csv.gz
 create mode 100644 smart_building_conformal/outputs/matched_forecasting005/rico_h60_f2_s44_v1/units/rico_h60_f2_s44_persistence/tuning.csv.gz
 create mode 100644 smart_building_conformal/outputs/matched_forecasting005/rico_h60_f2_s44_v1/units/rico_h60_f2_s44_persistence/tuning_predictions.csv.gz
 create mode 100644 smart_building_conformal/outputs/matched_forecasting005/rico_h60_f2_s44_v1/units/rico_h60_f2_s44_xgboost/COMPLETE.json
 create mode 100644 smart_building_conformal/outputs/matched_forecasting005/rico_h60_f2_s44_v1/units/rico_h60_f2_s44_xgboost/booster_config.json
 create mode 100644 smart_building_conformal/outputs/matched_forecasting005/rico_h60_f2_s44_v1/units/rico_h60_f2_s44_xgboost/calibration.csv.gz
 create mode 100644 smart_building_conformal/outputs/matched_forecasting005/rico_h60_f2_s44_v1/units/rico_h60_f2_s44_xgboost/fitting_membership.csv.gz
 create mode 100644 smart_building_conformal/outputs/matched_forecasting005/rico_h60_f2_s44_v1/units/rico_h60_f2_s44_xgboost/model.ubj
 create mode 100644 smart_building_conformal/outputs/matched_forecasting005/rico_h60_f2_s44_v1/units/rico_h60_f2_s44_xgboost/payload.json
 create mode 100644 smart_building_conformal/outputs/matched_forecasting005/rico_h60_f2_s44_v1/units/rico_h60_f2_s44_xgboost/predictions.csv.gz
 create mode 100644 smart_building_conformal/outputs/matched_forecasting005/rico_h60_f2_s44_v1/units/rico_h60_f2_s44_xgboost/training_history.csv.gz
 create mode 100644 smart_building_conformal/outputs/matched_forecasting005/rico_h60_f2_s44_v1/units/rico_h60_f2_s44_xgboost/tuning.csv.gz
 create mode 100644 smart_building_conformal/outputs/matched_forecasting005/rico_h60_f2_s44_v1/units/rico_h60_f2_s44_xgboost/tuning_predictions.csv.gz
The bundle contains this ref:
02e13e0591ba5ce1559f2449743a1c7cf52b8db4 refs/heads/review/matched-fold2-multiseed-20260914
The bundle requires this ref:
3df9cbd480ffbfeac640580829e88c274fba2083 
The bundle uses this hash algorithm: sha1
C:/Users/nigel/ConfoSenseBackups/matched_fold2_multiseed_20260914/seed44_02e13e0.bundle is okay
{
  "label": "seed44",
  "utc": "2026-09-14T01:06:12.042780+00:00",
  "branch": "review/matched-fold2-multiseed-20260914",
  "commit": "02e13e0591ba5ce1559f2449743a1c7cf52b8db4",
  "backup": "C:\\Users\\nigel\\ConfoSenseBackups\\matched_fold2_multiseed_20260914\\seed44_02e13e0.bundle",
  "backup_sha256": "65771bafda257f9f4823e35bc25c27783d94c4640868e2164de9f77fb417fcf7",
  "local_science_preserved": true,
  "publication_status": "pending",
  "push_exit": 128,
  "push_output": "fatal: Cannot prompt because user interactivity has been disabled.\nfatal: could not read Username for 'https://github.com': terminal prompts disabled\n"
}
{"command": ["C:/cfs_venv/Scripts/python.exe", "-B", "C:\\Users\\nigel\\OneDrive\\Desktop\\GitHub\\confosense\\review\\matched_fold2_multiseed_20260914\\publish.py", "--label", "seed44"], "cwd": "C:\\Users\\nigel\\OneDrive\\Desktop\\GitHub\\confosense\\smart_building_conformal", "started_utc": "2026-09-14T01:04:30.953967+00:00", "logger_pid": 8908, "child_pid": 28004, "ended_utc": "2026-09-14T01:06:13.534074+00:00", "seconds": 102.5701912999939, "exit_status": 0}
