[review/matched-fold2-multiseed-20260914 17c4df7] Publish matched fold-2 multiseed evidence: seed43
 994 files changed, 36013 insertions(+), 51 deletions(-)
 create mode 100644 MATCHED_FOLD2_MULTISEED_REPORT.md
 create mode 100644 review/matched_fold2_multiseed_20260914/PANEL2_NUMERICAL_RESPONSE.md
 create mode 100644 review/matched_fold2_multiseed_20260914/REPORTING_NOTES.md
 create mode 100644 smart_building_conformal/outputs/matched_forecasting005/bdg2_h1_f2_s43_v1.process.json
 create mode 100644 smart_building_conformal/outputs/matched_forecasting005/bdg2_h1_f2_s43_v1/checkpoint_io_20260913T233412768760.json
 create mode 100644 smart_building_conformal/outputs/matched_forecasting005/bdg2_h1_f2_s43_v1/checkpoint_manifest.json
 create mode 100644 smart_building_conformal/outputs/matched_forecasting005/bdg2_h1_f2_s43_v1/execution_environment.json
 create mode 100644 smart_building_conformal/outputs/matched_forecasting005/bdg2_h1_f2_s43_v1/fit_calls.jsonl
 create mode 100644 smart_building_conformal/outputs/matched_forecasting005/bdg2_h1_f2_s43_v1/interval_quality.csv
 create mode 100644 smart_building_conformal/outputs/matched_forecasting005/bdg2_h1_f2_s43_v1/point_summary.csv
 create mode 100644 smart_building_conformal/outputs/matched_forecasting005/bdg2_h1_f2_s43_v1/run_summary.json
 create mode 100644 smart_building_conformal/outputs/matched_forecasting005/bdg2_h1_f2_s43_v1/units/bdg2_h1_f2_s43_attention_lstm/COMPLETE.json
 create mode 100644 smart_building_conformal/outputs/matched_forecasting005/bdg2_h1_f2_s43_v1/units/bdg2_h1_f2_s43_attention_lstm/calibration.csv.gz
 create mode 100644 smart_building_conformal/outputs/matched_forecasting005/bdg2_h1_f2_s43_v1/units/bdg2_h1_f2_s43_attention_lstm/fitting_membership.csv.gz
 create mode 100644 smart_building_conformal/outputs/matched_forecasting005/bdg2_h1_f2_s43_v1/units/bdg2_h1_f2_s43_attention_lstm/model.pt
 create mode 100644 smart_building_conformal/outputs/matched_forecasting005/bdg2_h1_f2_s43_v1/units/bdg2_h1_f2_s43_attention_lstm/payload.json
 create mode 100644 smart_building_conformal/outputs/matched_forecasting005/bdg2_h1_f2_s43_v1/units/bdg2_h1_f2_s43_attention_lstm/predictions.csv.gz
 create mode 100644 smart_building_conformal/outputs/matched_forecasting005/bdg2_h1_f2_s43_v1/units/bdg2_h1_f2_s43_attention_lstm/training_history.csv.gz
 create mode 100644 smart_building_conformal/outputs/matched_forecasting005/bdg2_h1_f2_s43_v1/units/bdg2_h1_f2_s43_attention_lstm/tuning.csv.gz
 create mode 100644 smart_building_conformal/outputs/matched_forecasting005/bdg2_h1_f2_s43_v1/units/bdg2_h1_f2_s43_attention_lstm/tuning_predictions.csv.gz
 create mode 100644 smart_building_conformal/outputs/matched_forecasting005/bdg2_h1_f2_s43_v1/units/bdg2_h1_f2_s43_persistence/COMPLETE.json
 create mode 100644 smart_building_conformal/outputs/matched_forecasting005/bdg2_h1_f2_s43_v1/units/bdg2_h1_f2_s43_persistence/calibration.csv.gz
 create mode 100644 smart_building_conformal/outputs/matched_forecasting005/bdg2_h1_f2_s43_v1/units/bdg2_h1_f2_s43_persistence/fitting_membership.csv.gz
 create mode 100644 smart_building_conformal/outputs/matched_forecasting005/bdg2_h1_f2_s43_v1/units/bdg2_h1_f2_s43_persistence/model.json
 create mode 100644 smart_building_conformal/outputs/matched_forecasting005/bdg2_h1_f2_s43_v1/units/bdg2_h1_f2_s43_persistence/payload.json
 create mode 100644 smart_building_conformal/outputs/matched_forecasting005/bdg2_h1_f2_s43_v1/units/bdg2_h1_f2_s43_persistence/predictions.csv.gz
 create mode 100644 smart_building_conformal/outputs/matched_forecasting005/bdg2_h1_f2_s43_v1/units/bdg2_h1_f2_s43_persistence/training_history.csv.gz
 create mode 100644 smart_building_conformal/outputs/matched_forecasting005/bdg2_h1_f2_s43_v1/units/bdg2_h1_f2_s43_persistence/tuning.csv.gz
 create mode 100644 smart_building_conformal/outputs/matched_forecasting005/bdg2_h1_f2_s43_v1/units/bdg2_h1_f2_s43_persistence/tuning_predictions.csv.gz
 create mode 100644 smart_building_conformal/outputs/matched_forecasting005/bdg2_h1_f2_s43_v1/units/bdg2_h1_f2_s43_xgboost/COMPLETE.json
 create mode 100644 smart_building_conformal/outputs/matched_forecasting005/bdg2_h1_f2_s43_v1/units/bdg2_h1_f2_s43_xgboost/booster_config.json
 create mode 100644 smart_building_conformal/outputs/matched_forecasting005/bdg2_h1_f2_s43_v1/units/bdg2_h1_f2_s43_xgboost/calibration.csv.gz
 create mode 100644 smart_building_conformal/outputs/matched_forecasting005/bdg2_h1_f2_s43_v1/units/bdg2_h1_f2_s43_xgboost/fitting_membership.csv.gz
 create mode 100644 smart_building_conformal/outputs/matched_forecasting005/bdg2_h1_f2_s43_v1/units/bdg2_h1_f2_s43_xgboost/model.ubj
 create mode 100644 smart_building_conformal/outputs/matched_forecasting005/bdg2_h1_f2_s43_v1/units/bdg2_h1_f2_s43_xgboost/payload.json
 create mode 100644 smart_building_conformal/outputs/matched_forecasting005/bdg2_h1_f2_s43_v1/units/bdg2_h1_f2_s43_xgboost/predictions.csv.gz
 create mode 100644 smart_building_conformal/outputs/matched_forecasting005/bdg2_h1_f2_s43_v1/units/bdg2_h1_f2_s43_xgboost/training_history.csv.gz
 create mode 100644 smart_building_conformal/outputs/matched_forecasting005/bdg2_h1_f2_s43_v1/units/bdg2_h1_f2_s43_xgboost/tuning.csv.gz
 create mode 100644 smart_building_conformal/outputs/matched_forecasting005/bdg2_h1_f2_s43_v1/units/bdg2_h1_f2_s43_xgboost/tuning_predictions.csv.gz
 create mode 100644 smart_building_conformal/outputs/matched_forecasting005/bdg2_h3_f2_s43_v1.process.json
 create mode 100644 smart_building_conformal/outputs/matched_forecasting005/bdg2_h3_f2_s43_v1/checkpoint_io_20260913T234311569349.json
 create mode 100644 smart_building_conformal/outputs/matched_forecasting005/bdg2_h3_f2_s43_v1/checkpoint_manifest.json
 create mode 100644 smart_building_conformal/outputs/matched_forecasting005/bdg2_h3_f2_s43_v1/execution_environment.json
 create mode 100644 smart_building_conformal/outputs/matched_forecasting005/bdg2_h3_f2_s43_v1/fit_calls.jsonl
 create mode 100644 smart_building_conformal/outputs/matched_forecasting005/bdg2_h3_f2_s43_v1/interval_quality.csv
 create mode 100644 smart_building_conformal/outputs/matched_forecasting005/bdg2_h3_f2_s43_v1/point_summary.csv
 create mode 100644 smart_building_conformal/outputs/matched_forecasting005/bdg2_h3_f2_s43_v1/run_summary.json
 create mode 100644 smart_building_conformal/outputs/matched_forecasting005/bdg2_h3_f2_s43_v1/units/bdg2_h3_f2_s43_attention_lstm/COMPLETE.json
 create mode 100644 smart_building_conformal/outputs/matched_forecasting005/bdg2_h3_f2_s43_v1/units/bdg2_h3_f2_s43_attention_lstm/calibration.csv.gz
 create mode 100644 smart_building_conformal/outputs/matched_forecasting005/bdg2_h3_f2_s43_v1/units/bdg2_h3_f2_s43_attention_lstm/fitting_membership.csv.gz
 create mode 100644 smart_building_conformal/outputs/matched_forecasting005/bdg2_h3_f2_s43_v1/units/bdg2_h3_f2_s43_attention_lstm/model.pt
 create mode 100644 smart_building_conformal/outputs/matched_forecasting005/bdg2_h3_f2_s43_v1/units/bdg2_h3_f2_s43_attention_lstm/payload.json
 create mode 100644 smart_building_conformal/outputs/matched_forecasting005/bdg2_h3_f2_s43_v1/units/bdg2_h3_f2_s43_attention_lstm/predictions.csv.gz
 create mode 100644 smart_building_conformal/outputs/matched_forecasting005/bdg2_h3_f2_s43_v1/units/bdg2_h3_f2_s43_attention_lstm/training_history.csv.gz
 create mode 100644 smart_building_conformal/outputs/matched_forecasting005/bdg2_h3_f2_s43_v1/units/bdg2_h3_f2_s43_attention_lstm/tuning.csv.gz
 create mode 100644 smart_building_conformal/outputs/matched_forecasting005/bdg2_h3_f2_s43_v1/units/bdg2_h3_f2_s43_attention_lstm/tuning_predictions.csv.gz
 create mode 100644 smart_building_conformal/outputs/matched_forecasting005/bdg2_h3_f2_s43_v1/units/bdg2_h3_f2_s43_persistence/COMPLETE.json
 create mode 100644 smart_building_conformal/outputs/matched_forecasting005/bdg2_h3_f2_s43_v1/units/bdg2_h3_f2_s43_persistence/calibration.csv.gz
 create mode 100644 smart_building_conformal/outputs/matched_forecasting005/bdg2_h3_f2_s43_v1/units/bdg2_h3_f2_s43_persistence/fitting_membership.csv.gz
 create mode 100644 smart_building_conformal/outputs/matched_forecasting005/bdg2_h3_f2_s43_v1/units/bdg2_h3_f2_s43_persistence/model.json
 create mode 100644 smart_building_conformal/outputs/matched_forecasting005/bdg2_h3_f2_s43_v1/units/bdg2_h3_f2_s43_persistence/payload.json
 create mode 100644 smart_building_conformal/outputs/matched_forecasting005/bdg2_h3_f2_s43_v1/units/bdg2_h3_f2_s43_persistence/predictions.csv.gz
 create mode 100644 smart_building_conformal/outputs/matched_forecasting005/bdg2_h3_f2_s43_v1/units/bdg2_h3_f2_s43_persistence/training_history.csv.gz
 create mode 100644 smart_building_conformal/outputs/matched_forecasting005/bdg2_h3_f2_s43_v1/units/bdg2_h3_f2_s43_persistence/tuning.csv.gz
 create mode 100644 smart_building_conformal/outputs/matched_forecasting005/bdg2_h3_f2_s43_v1/units/bdg2_h3_f2_s43_persistence/tuning_predictions.csv.gz
 create mode 100644 smart_building_conformal/outputs/matched_forecasting005/bdg2_h3_f2_s43_v1/units/bdg2_h3_f2_s43_xgboost/COMPLETE.json
 create mode 100644 smart_building_conformal/outputs/matched_forecasting005/bdg2_h3_f2_s43_v1/units/bdg2_h3_f2_s43_xgboost/booster_config.json
 create mode 100644 smart_building_conformal/outputs/matched_forecasting005/bdg2_h3_f2_s43_v1/units/bdg2_h3_f2_s43_xgboost/calibration.csv.gz
 create mode 100644 smart_building_conformal/outputs/matched_forecasting005/bdg2_h3_f2_s43_v1/units/bdg2_h3_f2_s43_xgboost/fitting_membership.csv.gz
 create mode 100644 smart_building_conformal/outputs/matched_forecasting005/bdg2_h3_f2_s43_v1/units/bdg2_h3_f2_s43_xgboost/model.ubj
 create mode 100644 smart_building_conformal/outputs/matched_forecasting005/bdg2_h3_f2_s43_v1/units/bdg2_h3_f2_s43_xgboost/payload.json
 create mode 100644 smart_building_conformal/outputs/matched_forecasting005/bdg2_h3_f2_s43_v1/units/bdg2_h3_f2_s43_xgboost/predictions.csv.gz
 create mode 100644 smart_building_conformal/outputs/matched_forecasting005/bdg2_h3_f2_s43_v1/units/bdg2_h3_f2_s43_xgboost/training_history.csv.gz
 create mode 100644 smart_building_conformal/outputs/matched_forecasting005/bdg2_h3_f2_s43_v1/units/bdg2_h3_f2_s43_xgboost/tuning.csv.gz
 create mode 100644 smart_building_conformal/outputs/matched_forecasting005/bdg2_h3_f2_s43_v1/units/bdg2_h3_f2_s43_xgboost/tuning_predictions.csv.gz
 create mode 100644 smart_building_conformal/outputs/matched_forecasting005/bdg2_h6_f2_s43_v1.process.json
 create mode 100644 smart_building_conformal/outputs/matched_forecasting005/bdg2_h6_f2_s43_v1/checkpoint_io_20260913T234902233702.json
 create mode 100644 smart_building_conformal/outputs/matched_forecasting005/bdg2_h6_f2_s43_v1/checkpoint_manifest.json
 create mode 100644 smart_building_conformal/outputs/matched_forecasting005/bdg2_h6_f2_s43_v1/execution_environment.json
 create mode 100644 smart_building_conformal/outputs/matched_forecasting005/bdg2_h6_f2_s43_v1/fit_calls.jsonl
 create mode 100644 smart_building_conformal/outputs/matched_forecasting005/bdg2_h6_f2_s43_v1/interval_quality.csv
 create mode 100644 smart_building_conformal/outputs/matched_forecasting005/bdg2_h6_f2_s43_v1/point_summary.csv
 create mode 100644 smart_building_conformal/outputs/matched_forecasting005/bdg2_h6_f2_s43_v1/run_summary.json
 create mode 100644 smart_building_conformal/outputs/matched_forecasting005/bdg2_h6_f2_s43_v1/units/bdg2_h6_f2_s43_attention_lstm/COMPLETE.json
 create mode 100644 smart_building_conformal/outputs/matched_forecasting005/bdg2_h6_f2_s43_v1/units/bdg2_h6_f2_s43_attention_lstm/calibration.csv.gz
 create mode 100644 smart_building_conformal/outputs/matched_forecasting005/bdg2_h6_f2_s43_v1/units/bdg2_h6_f2_s43_attention_lstm/fitting_membership.csv.gz
 create mode 100644 smart_building_conformal/outputs/matched_forecasting005/bdg2_h6_f2_s43_v1/units/bdg2_h6_f2_s43_attention_lstm/model.pt
 create mode 100644 smart_building_conformal/outputs/matched_forecasting005/bdg2_h6_f2_s43_v1/units/bdg2_h6_f2_s43_attention_lstm/payload.json
 create mode 100644 smart_building_conformal/outputs/matched_forecasting005/bdg2_h6_f2_s43_v1/units/bdg2_h6_f2_s43_attention_lstm/predictions.csv.gz
 create mode 100644 smart_building_conformal/outputs/matched_forecasting005/bdg2_h6_f2_s43_v1/units/bdg2_h6_f2_s43_attention_lstm/training_history.csv.gz
 create mode 100644 smart_building_conformal/outputs/matched_forecasting005/bdg2_h6_f2_s43_v1/units/bdg2_h6_f2_s43_attention_lstm/tuning.csv.gz
 create mode 100644 smart_building_conformal/outputs/matched_forecasting005/bdg2_h6_f2_s43_v1/units/bdg2_h6_f2_s43_attention_lstm/tuning_predictions.csv.gz
 create mode 100644 smart_building_conformal/outputs/matched_forecasting005/bdg2_h6_f2_s43_v1/units/bdg2_h6_f2_s43_persistence/COMPLETE.json
 create mode 100644 smart_building_conformal/outputs/matched_forecasting005/bdg2_h6_f2_s43_v1/units/bdg2_h6_f2_s43_persistence/calibration.csv.gz
 create mode 100644 smart_building_conformal/outputs/matched_forecasting005/bdg2_h6_f2_s43_v1/units/bdg2_h6_f2_s43_persistence/fitting_membership.csv.gz
 create mode 100644 smart_building_conformal/outputs/matched_forecasting005/bdg2_h6_f2_s43_v1/units/bdg2_h6_f2_s43_persistence/model.json
 create mode 100644 smart_building_conformal/outputs/matched_forecasting005/bdg2_h6_f2_s43_v1/units/bdg2_h6_f2_s43_persistence/payload.json
 create mode 100644 smart_building_conformal/outputs/matched_forecasting005/bdg2_h6_f2_s43_v1/units/bdg2_h6_f2_s43_persistence/predictions.csv.gz
 create mode 100644 smart_building_conformal/outputs/matched_forecasting005/bdg2_h6_f2_s43_v1/units/bdg2_h6_f2_s43_persistence/training_history.csv.gz
 create mode 100644 smart_building_conformal/outputs/matched_forecasting005/bdg2_h6_f2_s43_v1/units/bdg2_h6_f2_s43_persistence/tuning.csv.gz
 create mode 100644 smart_building_conformal/outputs/matched_forecasting005/bdg2_h6_f2_s43_v1/units/bdg2_h6_f2_s43_persistence/tuning_predictions.csv.gz
 create mode 100644 smart_building_conformal/outputs/matched_forecasting005/bdg2_h6_f2_s43_v1/units/bdg2_h6_f2_s43_xgboost/COMPLETE.json
 create mode 100644 smart_building_conformal/outputs/matched_forecasting005/bdg2_h6_f2_s43_v1/units/bdg2_h6_f2_s43_xgboost/booster_config.json
 create mode 100644 smart_building_conformal/outputs/matched_forecasting005/bdg2_h6_f2_s43_v1/units/bdg2_h6_f2_s43_xgboost/calibration.csv.gz
 create mode 100644 smart_building_conformal/outputs/matched_forecasting005/bdg2_h6_f2_s43_v1/units/bdg2_h6_f2_s43_xgboost/fitting_membership.csv.gz
 create mode 100644 smart_building_conformal/outputs/matched_forecasting005/bdg2_h6_f2_s43_v1/units/bdg2_h6_f2_s43_xgboost/model.ubj
 create mode 100644 smart_building_conformal/outputs/matched_forecasting005/bdg2_h6_f2_s43_v1/units/bdg2_h6_f2_s43_xgboost/payload.json
 create mode 100644 smart_building_conformal/outputs/matched_forecasting005/bdg2_h6_f2_s43_v1/units/bdg2_h6_f2_s43_xgboost/predictions.csv.gz
 create mode 100644 smart_building_conformal/outputs/matched_forecasting005/bdg2_h6_f2_s43_v1/units/bdg2_h6_f2_s43_xgboost/training_history.csv.gz
 create mode 100644 smart_building_conformal/outputs/matched_forecasting005/bdg2_h6_f2_s43_v1/units/bdg2_h6_f2_s43_xgboost/tuning.csv.gz
 create mode 100644 smart_building_conformal/outputs/matched_forecasting005/bdg2_h6_f2_s43_v1/units/bdg2_h6_f2_s43_xgboost/tuning_predictions.csv.gz
 create mode 100644 smart_building_conformal/outputs/matched_forecasting005/fold2_multiseed_batch_v1/attempts.jsonl
 create mode 100644 smart_building_conformal/outputs/matched_forecasting005/fold2_multiseed_batch_v1/attempts/2026-09-13T230417358680+0000_6919afb5/attempt.json
 create mode 100644 smart_building_conformal/outputs/matched_forecasting005/fold2_multiseed_batch_v1/attempts/2026-09-13T230417358680+0000_6919afb5/command.log
 create mode 100644 smart_building_conformal/outputs/matched_forecasting005/fold2_multiseed_batch_v1/attempts/2026-09-13T230417358680+0000_6919afb5/command.log.json
 create mode 100644 smart_building_conformal/outputs/matched_forecasting005/fold2_multiseed_batch_v1/attempts/2026-09-13T230417358680+0000_6919afb5/command.log.started.json
 create mode 100644 smart_building_conformal/outputs/matched_forecasting005/fold2_multiseed_batch_v1/attempts/2026-09-13T230417358680+0000_6919afb5/logger.stdout.log
 create mode 100644 smart_building_conformal/outputs/matched_forecasting005/fold2_multiseed_batch_v1/attempts/2026-09-13T230628320568+0000_e69608ff/attempt.json
 create mode 100644 smart_building_conformal/outputs/matched_forecasting005/fold2_multiseed_batch_v1/attempts/2026-09-13T230628320568+0000_e69608ff/command.log
 create mode 100644 smart_building_conformal/outputs/matched_forecasting005/fold2_multiseed_batch_v1/attempts/2026-09-13T230628320568+0000_e69608ff/command.log.json
 create mode 100644 smart_building_conformal/outputs/matched_forecasting005/fold2_multiseed_batch_v1/attempts/2026-09-13T230628320568+0000_e69608ff/command.log.started.json
 create mode 100644 smart_building_conformal/outputs/matched_forecasting005/fold2_multiseed_batch_v1/attempts/2026-09-13T230628320568+0000_e69608ff/logger.stdout.log
 create mode 100644 smart_building_conformal/outputs/matched_forecasting005/fold2_multiseed_batch_v1/attempts/2026-09-13T230640485840+0000_8c8208e9/attempt.json
 create mode 100644 smart_building_conformal/outputs/matched_forecasting005/fold2_multiseed_batch_v1/attempts/2026-09-13T230640485840+0000_8c8208e9/command.log
 create mode 100644 smart_building_conformal/outputs/matched_forecasting005/fold2_multiseed_batch_v1/attempts/2026-09-13T230640485840+0000_8c8208e9/command.log.json
 create mode 100644 smart_building_conformal/outputs/matched_forecasting005/fold2_multiseed_batch_v1/attempts/2026-09-13T230640485840+0000_8c8208e9/command.log.started.json
 create mode 100644 smart_building_conformal/outputs/matched_forecasting005/fold2_multiseed_batch_v1/attempts/2026-09-13T230640485840+0000_8c8208e9/logger.stdout.log
 create mode 100644 smart_building_conformal/outputs/matched_forecasting005/fold2_multiseed_batch_v1/attempts/2026-09-13T230650653764+0000_f48be97c/attempt.json
 create mode 100644 smart_building_conformal/outputs/matched_forecasting005/fold2_multiseed_batch_v1/attempts/2026-09-13T230650653764+0000_f48be97c/command.log
 create mode 100644 smart_building_conformal/outputs/matched_forecasting005/fold2_multiseed_batch_v1/attempts/2026-09-13T230650653764+0000_f48be97c/command.log.json
 create mode 100644 smart_building_conformal/outputs/matched_forecasting005/fold2_multiseed_batch_v1/attempts/2026-09-13T230650653764+0000_f48be97c/command.log.started.json
 create mode 100644 smart_building_conformal/outputs/matched_forecasting005/fold2_multiseed_batch_v1/attempts/2026-09-13T230650653764+0000_f48be97c/groups/actual_seed_metadata.csv
 create mode 100644 smart_building_conformal/outputs/matched_forecasting005/fold2_multiseed_batch_v1/attempts/2026-09-13T230650653764+0000_f48be97c/groups/comparison.csv
 create mode 100644 smart_building_conformal/outputs/matched_forecasting005/fold2_multiseed_batch_v1/attempts/2026-09-13T230650653764+0000_f48be97c/groups/equal_group_diagnostics.csv
 create mode 100644 smart_building_conformal/outputs/matched_forecasting005/fold2_multiseed_batch_v1/attempts/2026-09-13T230650653764+0000_f48be97c/groups/group_metrics.csv
 create mode 100644 smart_building_conformal/outputs/matched_forecasting005/fold2_multiseed_batch_v1/attempts/2026-09-13T230650653764+0000_f48be97c/groups/model_costs.csv
 create mode 100644 smart_building_conformal/outputs/matched_forecasting005/fold2_multiseed_batch_v1/attempts/2026-09-13T230650653764+0000_f48be97c/groups/rico_phase_metrics.csv
 create mode 100644 smart_building_conformal/outputs/matched_forecasting005/fold2_multiseed_batch_v1/attempts/2026-09-13T230650653764+0000_f48be97c/groups/target_diagnostics.csv
 create mode 100644 smart_building_conformal/outputs/matched_forecasting005/fold2_multiseed_batch_v1/attempts/2026-09-13T230650653764+0000_f48be97c/groups/validation.json
 create mode 100644 smart_building_conformal/outputs/matched_forecasting005/fold2_multiseed_batch_v1/attempts/2026-09-13T230650653764+0000_f48be97c/logger.stdout.log
 create mode 100644 smart_building_conformal/outputs/matched_forecasting005/fold2_multiseed_batch_v1/attempts/2026-09-13T230657504459+0000_2833e502/attempt.json
 create mode 100644 smart_building_conformal/outputs/matched_forecasting005/fold2_multiseed_batch_v1/attempts/2026-09-13T230657504459+0000_2833e502/command.log
 create mode 100644 smart_building_conformal/outputs/matched_forecasting005/fold2_multiseed_batch_v1/attempts/2026-09-13T230657504459+0000_2833e502/command.log.json
 create mode 100644 smart_building_conformal/outputs/matched_forecasting005/fold2_multiseed_batch_v1/attempts/2026-09-13T230657504459+0000_2833e502/command.log.started.json
 create mode 100644 smart_building_conformal/outputs/matched_forecasting005/fold2_multiseed_batch_v1/attempts/2026-09-13T230657504459+0000_2833e502/logger.stdout.log
 create mode 100644 smart_building_conformal/outputs/matched_forecasting005/fold2_multiseed_batch_v1/attempts/2026-09-13T230832263315+0000_8ef753ad/attempt.json
 create mode 100644 smart_building_conformal/outputs/matched_forecasting005/fold2_multiseed_batch_v1/attempts/2026-09-13T230832263315+0000_8ef753ad/command.log
 create mode 100644 smart_building_conformal/outputs/matched_forecasting005/fold2_multiseed_batch_v1/attempts/2026-09-13T230832263315+0000_8ef753ad/command.log.json
 create mode 100644 smart_building_conformal/outputs/matched_forecasting005/fold2_multiseed_batch_v1/attempts/2026-09-13T230832263315+0000_8ef753ad/command.log.started.json
 create mode 100644 smart_building_conformal/outputs/matched_forecasting005/fold2_multiseed_batch_v1/attempts/2026-09-13T230832263315+0000_8ef753ad/logger.stdout.log
 create mode 100644 smart_building_conformal/outputs/matched_forecasting005/fold2_multiseed_batch_v1/attempts/2026-09-13T230844436992+0000_a831b1d4/attempt.json
 create mode 100644 smart_building_conformal/outputs/matched_forecasting005/fold2_multiseed_batch_v1/attempts/2026-09-13T230844436992+0000_a831b1d4/command.log
 create mode 100644 smart_building_conformal/outputs/matched_forecasting005/fold2_multiseed_batch_v1/attempts/2026-09-13T230844436992+0000_a831b1d4/command.log.json
 create mode 100644 smart_building_conformal/outputs/matched_forecasting005/fold2_multiseed_batch_v1/attempts/2026-09-13T230844436992+0000_a831b1d4/command.log.started.json
 create mode 100644 smart_building_conformal/outputs/matched_forecasting005/fold2_multiseed_batch_v1/attempts/2026-09-13T230844436992+0000_a831b1d4/logger.stdout.log
 create mode 100644 smart_building_conformal/outputs/matched_forecasting005/fold2_multiseed_batch_v1/attempts/2026-09-13T230854584021+0000_5b28db19/attempt.json
 create mode 100644 smart_building_conformal/outputs/matched_forecasting005/fold2_multiseed_batch_v1/attempts/2026-09-13T230854584021+0000_5b28db19/command.log
 create mode 100644 smart_building_conformal/outputs/matched_forecasting005/fold2_multiseed_batch_v1/attempts/2026-09-13T230854584021+0000_5b28db19/command.log.json
 create mode 100644 smart_building_conformal/outputs/matched_forecasting005/fold2_multiseed_batch_v1/attempts/2026-09-13T230854584021+0000_5b28db19/command.log.started.json
 create mode 100644 smart_building_conformal/outputs/matched_forecasting005/fold2_multiseed_batch_v1/attempts/2026-09-13T230854584021+0000_5b28db19/groups/actual_seed_metadata.csv
 create mode 100644 smart_building_conformal/outputs/matched_forecasting005/fold2_multiseed_batch_v1/attempts/2026-09-13T230854584021+0000_5b28db19/groups/comparison.csv
 create mode 100644 smart_building_conformal/outputs/matched_forecasting005/fold2_multiseed_batch_v1/attempts/2026-09-13T230854584021+0000_5b28db19/groups/equal_group_diagnostics.csv
 create mode 100644 smart_building_conformal/outputs/matched_forecasting005/fold2_multiseed_batch_v1/attempts/2026-09-13T230854584021+0000_5b28db19/groups/group_metrics.csv
 create mode 100644 smart_building_conformal/outputs/matched_forecasting005/fold2_multiseed_batch_v1/attempts/2026-09-13T230854584021+0000_5b28db19/groups/model_costs.csv
 create mode 100644 smart_building_conformal/outputs/matched_forecasting005/fold2_multiseed_batch_v1/attempts/2026-09-13T230854584021+0000_5b28db19/groups/rico_phase_metrics.csv
 create mode 100644 smart_building_conformal/outputs/matched_forecasting005/fold2_multiseed_batch_v1/attempts/2026-09-13T230854584021+0000_5b28db19/groups/target_diagnostics.csv
 create mode 100644 smart_building_conformal/outputs/matched_forecasting005/fold2_multiseed_batch_v1/attempts/2026-09-13T230854584021+0000_5b28db19/groups/validation.json
 create mode 100644 smart_building_conformal/outputs/matched_forecasting005/fold2_multiseed_batch_v1/attempts/2026-09-13T230854584021+0000_5b28db19/logger.stdout.log
 create mode 100644 smart_building_conformal/outputs/matched_forecasting005/fold2_multiseed_batch_v1/attempts/2026-09-13T230901450473+0000_333caf3b/attempt.json
 create mode 100644 smart_building_conformal/outputs/matched_forecasting005/fold2_multiseed_batch_v1/attempts/2026-09-13T230901450473+0000_333caf3b/command.log
 create mode 100644 smart_building_conformal/outputs/matched_forecasting005/fold2_multiseed_batch_v1/attempts/2026-09-13T230901450473+0000_333caf3b/command.log.json
 create mode 100644 smart_building_conformal/outputs/matched_forecasting005/fold2_multiseed_batch_v1/attempts/2026-09-13T230901450473+0000_333caf3b/command.log.started.json
 create mode 100644 smart_building_conformal/outputs/matched_forecasting005/fold2_multiseed_batch_v1/attempts/2026-09-13T230901450473+0000_333caf3b/logger.stdout.log
 create mode 100644 smart_building_conformal/outputs/matched_forecasting005/fold2_multiseed_batch_v1/attempts/2026-09-13T231020127628+0000_649473ed/attempt.json
 create mode 100644 smart_building_conformal/outputs/matched_forecasting005/fold2_multiseed_batch_v1/attempts/2026-09-13T231020127628+0000_649473ed/command.log
 create mode 100644 smart_building_conformal/outputs/matched_forecasting005/fold2_multiseed_batch_v1/attempts/2026-09-13T231020127628+0000_649473ed/command.log.json
 create mode 100644 smart_building_conformal/outputs/matched_forecasting005/fold2_multiseed_batch_v1/attempts/2026-09-13T231020127628+0000_649473ed/command.log.started.json
 create mode 100644 smart_building_conformal/outputs/matched_forecasting005/fold2_multiseed_batch_v1/attempts/2026-09-13T231020127628+0000_649473ed/logger.stdout.log
 create mode 100644 smart_building_conformal/outputs/matched_forecasting005/fold2_multiseed_batch_v1/attempts/2026-09-13T231032303637+0000_5f6d3592/attempt.json
 create mode 100644 smart_building_conformal/outputs/matched_forecasting005/fold2_multiseed_batch_v1/attempts/2026-09-13T231032303637+0000_5f6d3592/command.log
 create mode 100644 smart_building_conformal/outputs/matched_forecasting005/fold2_multiseed_batch_v1/attempts/2026-09-13T231032303637+0000_5f6d3592/command.log.json
 create mode 100644 smart_building_conformal/outputs/matched_forecasting005/fold2_multiseed_batch_v1/attempts/2026-09-13T231032303637+0000_5f6d3592/command.log.started.json
 create mode 100644 smart_building_conformal/outputs/matched_forecasting005/fold2_multiseed_batch_v1/attempts/2026-09-13T231032303637+0000_5f6d3592/logger.stdout.log
 create mode 100644 smart_building_conformal/outputs/matched_forecasting005/fold2_multiseed_batch_v1/attempts/2026-09-13T231042476127+0000_8ee4d813/attempt.json
 create mode 100644 smart_building_conformal/outputs/matched_forecasting005/fold2_multiseed_batch_v1/attempts/2026-09-13T231042476127+0000_8ee4d813/command.log
 create mode 100644 smart_building_conformal/outputs/matched_forecasting005/fold2_multiseed_batch_v1/attempts/2026-09-13T231042476127+0000_8ee4d813/command.log.json
 create mode 100644 smart_building_conformal/outputs/matched_forecasting005/fold2_multiseed_batch_v1/attempts/2026-09-13T231042476127+0000_8ee4d813/command.log.started.json
 create mode 100644 smart_building_conformal/outputs/matched_forecasting005/fold2_multiseed_batch_v1/attempts/2026-09-13T231042476127+0000_8ee4d813/groups/actual_seed_metadata.csv
 create mode 100644 smart_building_conformal/outputs/matched_forecasting005/fold2_multiseed_batch_v1/attempts/2026-09-13T231042476127+0000_8ee4d813/groups/comparison.csv
 create mode 100644 smart_building_conformal/outputs/matched_forecasting005/fold2_multiseed_batch_v1/attempts/2026-09-13T231042476127+0000_8ee4d813/groups/equal_group_diagnostics.csv
 create mode 100644 smart_building_conformal/outputs/matched_forecasting005/fold2_multiseed_batch_v1/attempts/2026-09-13T231042476127+0000_8ee4d813/groups/group_metrics.csv
 create mode 100644 smart_building_conformal/outputs/matched_forecasting005/fold2_multiseed_batch_v1/attempts/2026-09-13T231042476127+0000_8ee4d813/groups/model_costs.csv
 create mode 100644 smart_building_conformal/outputs/matched_forecasting005/fold2_multiseed_batch_v1/attempts/2026-09-13T231042476127+0000_8ee4d813/groups/rico_phase_metrics.csv
 create mode 100644 smart_building_conformal/outputs/matched_forecasting005/fold2_multiseed_batch_v1/attempts/2026-09-13T231042476127+0000_8ee4d813/groups/target_diagnostics.csv
 create mode 100644 smart_building_conformal/outputs/matched_forecasting005/fold2_multiseed_batch_v1/attempts/2026-09-13T231042476127+0000_8ee4d813/groups/validation.json
 create mode 100644 smart_building_conformal/outputs/matched_forecasting005/fold2_multiseed_batch_v1/attempts/2026-09-13T231042476127+0000_8ee4d813/logger.stdout.log
 create mode 100644 smart_building_conformal/outputs/matched_forecasting005/fold2_multiseed_batch_v1/attempts/2026-09-13T231049327016+0000_e6ef6480/attempt.json
 create mode 100644 smart_building_conformal/outputs/matched_forecasting005/fold2_multiseed_batch_v1/attempts/2026-09-13T231049327016+0000_e6ef6480/command.log
 create mode 100644 smart_building_conformal/outputs/matched_forecasting005/fold2_multiseed_batch_v1/attempts/2026-09-13T231049327016+0000_e6ef6480/command.log.json
 create mode 100644 smart_building_conformal/outputs/matched_forecasting005/fold2_multiseed_batch_v1/attempts/2026-09-13T231049327016+0000_e6ef6480/command.log.started.json
 create mode 100644 smart_building_conformal/outputs/matched_forecasting005/fold2_multiseed_batch_v1/attempts/2026-09-13T231049327016+0000_e6ef6480/logger.stdout.log
 create mode 100644 smart_building_conformal/outputs/matched_forecasting005/fold2_multiseed_batch_v1/attempts/2026-09-13T231226145944+0000_be65c0cc/attempt.json
 create mode 100644 smart_building_conformal/outputs/matched_forecasting005/fold2_multiseed_batch_v1/attempts/2026-09-13T231226145944+0000_be65c0cc/command.log
 create mode 100644 smart_building_conformal/outputs/matched_forecasting005/fold2_multiseed_batch_v1/attempts/2026-09-13T231226145944+0000_be65c0cc/command.log.json
 create mode 100644 smart_building_conformal/outputs/matched_forecasting005/fold2_multiseed_batch_v1/attempts/2026-09-13T231226145944+0000_be65c0cc/command.log.started.json
 create mode 100644 smart_building_conformal/outputs/matched_forecasting005/fold2_multiseed_batch_v1/attempts/2026-09-13T231226145944+0000_be65c0cc/logger.stdout.log
 create mode 100644 smart_building_conformal/outputs/matched_forecasting005/fold2_multiseed_batch_v1/attempts/2026-09-13T231252442750+0000_c1154ba4/attempt.json
 create mode 100644 smart_building_conformal/outputs/matched_forecasting005/fold2_multiseed_batch_v1/attempts/2026-09-13T231252442750+0000_c1154ba4/command.log
 create mode 100644 smart_building_conformal/outputs/matched_forecasting005/fold2_multiseed_batch_v1/attempts/2026-09-13T231252442750+0000_c1154ba4/command.log.json
 create mode 100644 smart_building_conformal/outputs/matched_forecasting005/fold2_multiseed_batch_v1/attempts/2026-09-13T231252442750+0000_c1154ba4/command.log.started.json
 create mode 100644 smart_building_conformal/outputs/matched_forecasting005/fold2_multiseed_batch_v1/attempts/2026-09-13T231252442750+0000_c1154ba4/logger.stdout.log
 create mode 100644 smart_building_conformal/outputs/matched_forecasting005/fold2_multiseed_batch_v1/attempts/2026-09-13T231316712292+0000_fa87a55e/attempt.json
 create mode 100644 smart_building_conformal/outputs/matched_forecasting005/fold2_multiseed_batch_v1/attempts/2026-09-13T231316712292+0000_fa87a55e/command.log
 create mode 100644 smart_building_conformal/outputs/matched_forecasting005/fold2_multiseed_batch_v1/attempts/2026-09-13T231316712292+0000_fa87a55e/command.log.json
 create mode 100644 smart_building_conformal/outputs/matched_forecasting005/fold2_multiseed_batch_v1/attempts/2026-09-13T231316712292+0000_fa87a55e/command.log.started.json
 create mode 100644 smart_building_conformal/outputs/matched_forecasting005/fold2_multiseed_batch_v1/attempts/2026-09-13T231316712292+0000_fa87a55e/groups/actual_seed_metadata.csv
 create mode 100644 smart_building_conformal/outputs/matched_forecasting005/fold2_multiseed_batch_v1/attempts/2026-09-13T231316712292+0000_fa87a55e/groups/comparison.csv
 create mode 100644 smart_building_conformal/outputs/matched_forecasting005/fold2_multiseed_batch_v1/attempts/2026-09-13T231316712292+0000_fa87a55e/groups/equal_group_diagnostics.csv
 create mode 100644 smart_building_conformal/outputs/matched_forecasting005/fold2_multiseed_batch_v1/attempts/2026-09-13T231316712292+0000_fa87a55e/groups/group_metrics.csv
 create mode 100644 smart_building_conformal/outputs/matched_forecasting005/fold2_multiseed_batch_v1/attempts/2026-09-13T231316712292+0000_fa87a55e/groups/model_costs.csv
 create mode 100644 smart_building_conformal/outputs/matched_forecasting005/fold2_multiseed_batch_v1/attempts/2026-09-13T231316712292+0000_fa87a55e/groups/rico_phase_metrics.csv
 create mode 100644 smart_building_conformal/outputs/matched_forecasting005/fold2_multiseed_batch_v1/attempts/2026-09-13T231316712292+0000_fa87a55e/groups/target_diagnostics.csv
 create mode 100644 smart_building_conformal/outputs/matched_forecasting005/fold2_multiseed_batch_v1/attempts/2026-09-13T231316712292+0000_fa87a55e/groups/validation.json
 create mode 100644 smart_building_conformal/outputs/matched_forecasting005/fold2_multiseed_batch_v1/attempts/2026-09-13T231316712292+0000_fa87a55e/logger.stdout.log
 create mode 100644 smart_building_conformal/outputs/matched_forecasting005/fold2_multiseed_batch_v1/attempts/2026-09-13T231323572026+0000_05a40309/attempt.json
 create mode 100644 smart_building_conformal/outputs/matched_forecasting005/fold2_multiseed_batch_v1/attempts/2026-09-13T231323572026+0000_05a40309/command.log
 create mode 100644 smart_building_conformal/outputs/matched_forecasting005/fold2_multiseed_batch_v1/attempts/2026-09-13T231323572026+0000_05a40309/command.log.json
 create mode 100644 smart_building_conformal/outputs/matched_forecasting005/fold2_multiseed_batch_v1/attempts/2026-09-13T231323572026+0000_05a40309/command.log.started.json
 create mode 100644 smart_building_conformal/outputs/matched_forecasting005/fold2_multiseed_batch_v1/attempts/2026-09-13T231323572026+0000_05a40309/logger.stdout.log
 create mode 100644 smart_building_conformal/outputs/matched_forecasting005/fold2_multiseed_batch_v1/attempts/2026-09-13T231454379367+0000_26cf5046/attempt.json
 create mode 100644 smart_building_conformal/outputs/matched_forecasting005/fold2_multiseed_batch_v1/attempts/2026-09-13T231454379367+0000_26cf5046/command.log
 create mode 100644 smart_building_conformal/outputs/matched_forecasting005/fold2_multiseed_batch_v1/attempts/2026-09-13T231454379367+0000_26cf5046/command.log.json
 create mode 100644 smart_building_conformal/outputs/matched_forecasting005/fold2_multiseed_batch_v1/attempts/2026-09-13T231454379367+0000_26cf5046/command.log.started.json
 create mode 100644 smart_building_conformal/outputs/matched_forecasting005/fold2_multiseed_batch_v1/attempts/2026-09-13T231454379367+0000_26cf5046/logger.stdout.log
 create mode 100644 smart_building_conformal/outputs/matched_forecasting005/fold2_multiseed_batch_v1/attempts/2026-09-13T231520648577+0000_89debbc2/attempt.json
 create mode 100644 smart_building_conformal/outputs/matched_forecasting005/fold2_multiseed_batch_v1/attempts/2026-09-13T231520648577+0000_89debbc2/command.log
 create mode 100644 smart_building_conformal/outputs/matched_forecasting005/fold2_multiseed_batch_v1/attempts/2026-09-13T231520648577+0000_89debbc2/command.log.json
 create mode 100644 smart_building_conformal/outputs/matched_forecasting005/fold2_multiseed_batch_v1/attempts/2026-09-13T231520648577+0000_89debbc2/command.log.started.json
 create mode 100644 smart_building_conformal/outputs/matched_forecasting005/fold2_multiseed_batch_v1/attempts/2026-09-13T231520648577+0000_89debbc2/logger.stdout.log
 create mode 100644 smart_building_conformal/outputs/matched_forecasting005/fold2_multiseed_batch_v1/attempts/2026-09-13T231542896327+0000_1863a641/attempt.json
 create mode 100644 smart_building_conformal/outputs/matched_forecasting005/fold2_multiseed_batch_v1/attempts/2026-09-13T231542896327+0000_1863a641/command.log
 create mode 100644 smart_building_conformal/outputs/matched_forecasting005/fold2_multiseed_batch_v1/attempts/2026-09-13T231542896327+0000_1863a641/command.log.json
 create mode 100644 smart_building_conformal/outputs/matched_forecasting005/fold2_multiseed_batch_v1/attempts/2026-09-13T231542896327+0000_1863a641/command.log.started.json
 create mode 100644 smart_building_conformal/outputs/matched_forecasting005/fold2_multiseed_batch_v1/attempts/2026-09-13T231542896327+0000_1863a641/groups/actual_seed_metadata.csv
 create mode 100644 smart_building_conformal/outputs/matched_forecasting005/fold2_multiseed_batch_v1/attempts/2026-09-13T231542896327+0000_1863a641/groups/comparison.csv
 create mode 100644 smart_building_conformal/outputs/matched_forecasting005/fold2_multiseed_batch_v1/attempts/2026-09-13T231542896327+0000_1863a641/groups/equal_group_diagnostics.csv
 create mode 100644 smart_building_conformal/outputs/matched_forecasting005/fold2_multiseed_batch_v1/attempts/2026-09-13T231542896327+0000_1863a641/groups/group_metrics.csv
 create mode 100644 smart_building_conformal/outputs/matched_forecasting005/fold2_multiseed_batch_v1/attempts/2026-09-13T231542896327+0000_1863a641/groups/model_costs.csv
 create mode 100644 smart_building_conformal/outputs/matched_forecasting005/fold2_multiseed_batch_v1/attempts/2026-09-13T231542896327+0000_1863a641/groups/rico_phase_metrics.csv
 create mode 100644 smart_building_conformal/outputs/matched_forecasting005/fold2_multiseed_batch_v1/attempts/2026-09-13T231542896327+0000_1863a641/groups/target_diagnostics.csv
 create mode 100644 smart_building_conformal/outputs/matched_forecasting005/fold2_multiseed_batch_v1/attempts/2026-09-13T231542896327+0000_1863a641/groups/validation.json
 create mode 100644 smart_building_conformal/outputs/matched_forecasting005/fold2_multiseed_batch_v1/attempts/2026-09-13T231542896327+0000_1863a641/logger.stdout.log
 create mode 100644 smart_building_conformal/outputs/matched_forecasting005/fold2_multiseed_batch_v1/attempts/2026-09-13T231549781283+0000_f3b2a92b/attempt.json
 create mode 100644 smart_building_conformal/outputs/matched_forecasting005/fold2_multiseed_batch_v1/attempts/2026-09-13T231549781283+0000_f3b2a92b/command.log
 create mode 100644 smart_building_conformal/outputs/matched_forecasting005/fold2_multiseed_batch_v1/attempts/2026-09-13T231549781283+0000_f3b2a92b/command.log.json
 create mode 100644 smart_building_conformal/outputs/matched_forecasting005/fold2_multiseed_batch_v1/attempts/2026-09-13T231549781283+0000_f3b2a92b/command.log.started.json
 create mode 100644 smart_building_conformal/outputs/matched_forecasting005/fold2_multiseed_batch_v1/attempts/2026-09-13T231549781283+0000_f3b2a92b/logger.stdout.log
 create mode 100644 smart_building_conformal/outputs/matched_forecasting005/fold2_multiseed_batch_v1/attempts/2026-09-13T231808894342+0000_416f6b0a/attempt.json
 create mode 100644 smart_building_conformal/outputs/matched_forecasting005/fold2_multiseed_batch_v1/attempts/2026-09-13T231808894342+0000_416f6b0a/command.log
 create mode 100644 smart_building_conformal/outputs/matched_forecasting005/fold2_multiseed_batch_v1/attempts/2026-09-13T231808894342+0000_416f6b0a/command.log.json
 create mode 100644 smart_building_conformal/outputs/matched_forecasting005/fold2_multiseed_batch_v1/attempts/2026-09-13T231808894342+0000_416f6b0a/command.log.started.json
 create mode 100644 smart_building_conformal/outputs/matched_forecasting005/fold2_multiseed_batch_v1/attempts/2026-09-13T231808894342+0000_416f6b0a/logger.stdout.log
 create mode 100644 smart_building_conformal/outputs/matched_forecasting005/fold2_multiseed_batch_v1/attempts/2026-09-13T231833170955+0000_63d150fb/attempt.json
 create mode 100644 smart_building_conformal/outputs/matched_forecasting005/fold2_multiseed_batch_v1/attempts/2026-09-13T231833170955+0000_63d150fb/command.log
 create mode 100644 smart_building_conformal/outputs/matched_forecasting005/fold2_multiseed_batch_v1/attempts/2026-09-13T231833170955+0000_63d150fb/command.log.json
 create mode 100644 smart_building_conformal/outputs/matched_forecasting005/fold2_multiseed_batch_v1/attempts/2026-09-13T231833170955+0000_63d150fb/command.log.started.json
 create mode 100644 smart_building_conformal/outputs/matched_forecasting005/fold2_multiseed_batch_v1/attempts/2026-09-13T231833170955+0000_63d150fb/logger.stdout.log
 create mode 100644 smart_building_conformal/outputs/matched_forecasting005/fold2_multiseed_batch_v1/attempts/2026-09-13T231855425321+0000_af1ffbe9/attempt.json
 create mode 100644 smart_building_conformal/outputs/matched_forecasting005/fold2_multiseed_batch_v1/attempts/2026-09-13T231855425321+0000_af1ffbe9/command.log
 create mode 100644 smart_building_conformal/outputs/matched_forecasting005/fold2_multiseed_batch_v1/attempts/2026-09-13T231855425321+0000_af1ffbe9/command.log.json
 create mode 100644 smart_building_conformal/outputs/matched_forecasting005/fold2_multiseed_batch_v1/attempts/2026-09-13T231855425321+0000_af1ffbe9/command.log.started.json
 create mode 100644 smart_building_conformal/outputs/matched_forecasting005/fold2_multiseed_batch_v1/attempts/2026-09-13T231855425321+0000_af1ffbe9/groups/actual_seed_metadata.csv
 create mode 100644 smart_building_conformal/outputs/matched_forecasting005/fold2_multiseed_batch_v1/attempts/2026-09-13T231855425321+0000_af1ffbe9/groups/comparison.csv
 create mode 100644 smart_building_conformal/outputs/matched_forecasting005/fold2_multiseed_batch_v1/attempts/2026-09-13T231855425321+0000_af1ffbe9/groups/equal_group_diagnostics.csv
 create mode 100644 smart_building_conformal/outputs/matched_forecasting005/fold2_multiseed_batch_v1/attempts/2026-09-13T231855425321+0000_af1ffbe9/groups/group_metrics.csv
 create mode 100644 smart_building_conformal/outputs/matched_forecasting005/fold2_multiseed_batch_v1/attempts/2026-09-13T231855425321+0000_af1ffbe9/groups/model_costs.csv
 create mode 100644 smart_building_conformal/outputs/matched_forecasting005/fold2_multiseed_batch_v1/attempts/2026-09-13T231855425321+0000_af1ffbe9/groups/rico_phase_metrics.csv
 create mode 100644 smart_building_conformal/outputs/matched_forecasting005/fold2_multiseed_batch_v1/attempts/2026-09-13T231855425321+0000_af1ffbe9/groups/target_diagnostics.csv
 create mode 100644 smart_building_conformal/outputs/matched_forecasting005/fold2_multiseed_batch_v1/attempts/2026-09-13T231855425321+0000_af1ffbe9/groups/validation.json
 create mode 100644 smart_building_conformal/outputs/matched_forecasting005/fold2_multiseed_batch_v1/attempts/2026-09-13T231855425321+0000_af1ffbe9/logger.stdout.log
 create mode 100644 smart_building_conformal/outputs/matched_forecasting005/fold2_multiseed_batch_v1/attempts/2026-09-13T231902269246+0000_bad03f34/attempt.json
 create mode 100644 smart_building_conformal/outputs/matched_forecasting005/fold2_multiseed_batch_v1/attempts/2026-09-13T231902269246+0000_bad03f34/command.log
 create mode 100644 smart_building_conformal/outputs/matched_forecasting005/fold2_multiseed_batch_v1/attempts/2026-09-13T231902269246+0000_bad03f34/command.log.json
 create mode 100644 smart_building_conformal/outputs/matched_forecasting005/fold2_multiseed_batch_v1/attempts/2026-09-13T231902269246+0000_bad03f34/command.log.started.json
 create mode 100644 smart_building_conformal/outputs/matched_forecasting005/fold2_multiseed_batch_v1/attempts/2026-09-13T231902269246+0000_bad03f34/logger.stdout.log
 create mode 100644 smart_building_conformal/outputs/matched_forecasting005/fold2_multiseed_batch_v1/attempts/2026-09-13T232027004819+0000_2bf864b3/attempt.json
 create mode 100644 smart_building_conformal/outputs/matched_forecasting005/fold2_multiseed_batch_v1/attempts/2026-09-13T232027004819+0000_2bf864b3/command.log
 create mode 100644 smart_building_conformal/outputs/matched_forecasting005/fold2_multiseed_batch_v1/attempts/2026-09-13T232027004819+0000_2bf864b3/command.log.json
 create mode 100644 smart_building_conformal/outputs/matched_forecasting005/fold2_multiseed_batch_v1/attempts/2026-09-13T232027004819+0000_2bf864b3/command.log.started.json
 create mode 100644 smart_building_conformal/outputs/matched_forecasting005/fold2_multiseed_batch_v1/attempts/2026-09-13T232027004819+0000_2bf864b3/logger.stdout.log
 create mode 100644 smart_building_conformal/outputs/matched_forecasting005/fold2_multiseed_batch_v1/attempts/2026-09-13T232053309080+0000_d4e5fbcd/attempt.json
 create mode 100644 smart_building_conformal/outputs/matched_forecasting005/fold2_multiseed_batch_v1/attempts/2026-09-13T232053309080+0000_d4e5fbcd/command.log
 create mode 100644 smart_building_conformal/outputs/matched_forecasting005/fold2_multiseed_batch_v1/attempts/2026-09-13T232053309080+0000_d4e5fbcd/command.log.json
 create mode 100644 smart_building_conformal/outputs/matched_forecasting005/fold2_multiseed_batch_v1/attempts/2026-09-13T232053309080+0000_d4e5fbcd/command.log.started.json
 create mode 100644 smart_building_conformal/outputs/matched_forecasting005/fold2_multiseed_batch_v1/attempts/2026-09-13T232053309080+0000_d4e5fbcd/logger.stdout.log
 create mode 100644 smart_building_conformal/outputs/matched_forecasting005/fold2_multiseed_batch_v1/attempts/2026-09-13T232115585473+0000_2395e85e/attempt.json
 create mode 100644 smart_building_conformal/outputs/matched_forecasting005/fold2_multiseed_batch_v1/attempts/2026-09-13T232115585473+0000_2395e85e/command.log
 create mode 100644 smart_building_conformal/outputs/matched_forecasting005/fold2_multiseed_batch_v1/attempts/2026-09-13T232115585473+0000_2395e85e/command.log.json
 create mode 100644 smart_building_conformal/outputs/matched_forecasting005/fold2_multiseed_batch_v1/attempts/2026-09-13T232115585473+0000_2395e85e/command.log.started.json
 create mode 100644 smart_building_conformal/outputs/matched_forecasting005/fold2_multiseed_batch_v1/attempts/2026-09-13T232115585473+0000_2395e85e/groups/actual_seed_metadata.csv
 create mode 100644 smart_building_conformal/outputs/matched_forecasting005/fold2_multiseed_batch_v1/attempts/2026-09-13T232115585473+0000_2395e85e/groups/comparison.csv
 create mode 100644 smart_building_conformal/outputs/matched_forecasting005/fold2_multiseed_batch_v1/attempts/2026-09-13T232115585473+0000_2395e85e/groups/equal_group_diagnostics.csv
 create mode 100644 smart_building_conformal/outputs/matched_forecasting005/fold2_multiseed_batch_v1/attempts/2026-09-13T232115585473+0000_2395e85e/groups/group_metrics.csv
 create mode 100644 smart_building_conformal/outputs/matched_forecasting005/fold2_multiseed_batch_v1/attempts/2026-09-13T232115585473+0000_2395e85e/groups/model_costs.csv
 create mode 100644 smart_building_conformal/outputs/matched_forecasting005/fold2_multiseed_batch_v1/attempts/2026-09-13T232115585473+0000_2395e85e/groups/rico_phase_metrics.csv
 create mode 100644 smart_building_conformal/outputs/matched_forecasting005/fold2_multiseed_batch_v1/attempts/2026-09-13T232115585473+0000_2395e85e/groups/target_diagnostics.csv
 create mode 100644 smart_building_conformal/outputs/matched_forecasting005/fold2_multiseed_batch_v1/attempts/2026-09-13T232115585473+0000_2395e85e/groups/validation.json
 create mode 100644 smart_building_conformal/outputs/matched_forecasting005/fold2_multiseed_batch_v1/attempts/2026-09-13T232115585473+0000_2395e85e/logger.stdout.log
 create mode 100644 smart_building_conformal/outputs/matched_forecasting005/fold2_multiseed_batch_v1/attempts/2026-09-13T232122427596+0000_e193d89c/attempt.json
 create mode 100644 smart_building_conformal/outputs/matched_forecasting005/fold2_multiseed_batch_v1/attempts/2026-09-13T232122427596+0000_e193d89c/command.log
 create mode 100644 smart_building_conformal/outputs/matched_forecasting005/fold2_multiseed_batch_v1/attempts/2026-09-13T232122427596+0000_e193d89c/command.log.json
 create mode 100644 smart_building_conformal/outputs/matched_forecasting005/fold2_multiseed_batch_v1/attempts/2026-09-13T232122427596+0000_e193d89c/command.log.started.json
 create mode 100644 smart_building_conformal/outputs/matched_forecasting005/fold2_multiseed_batch_v1/attempts/2026-09-13T232122427596+0000_e193d89c/logger.stdout.log
 create mode 100644 smart_building_conformal/outputs/matched_forecasting005/fold2_multiseed_batch_v1/attempts/2026-09-13T233414903727+0000_1893c2fe/attempt.json
 create mode 100644 smart_building_conformal/outputs/matched_forecasting005/fold2_multiseed_batch_v1/attempts/2026-09-13T233414903727+0000_1893c2fe/command.log
 create mode 100644 smart_building_conformal/outputs/matched_forecasting005/fold2_multiseed_batch_v1/attempts/2026-09-13T233414903727+0000_1893c2fe/command.log.json
 create mode 100644 smart_building_conformal/outputs/matched_forecasting005/fold2_multiseed_batch_v1/attempts/2026-09-13T233414903727+0000_1893c2fe/command.log.started.json
 create mode 100644 smart_building_conformal/outputs/matched_forecasting005/fold2_multiseed_batch_v1/attempts/2026-09-13T233414903727+0000_1893c2fe/logger.stdout.log
 create mode 100644 smart_building_conformal/outputs/matched_forecasting005/fold2_multiseed_batch_v1/attempts/2026-09-13T233443228398+0000_bb4dc455/attempt.json
 create mode 100644 smart_building_conformal/outputs/matched_forecasting005/fold2_multiseed_batch_v1/attempts/2026-09-13T233443228398+0000_bb4dc455/command.log
 create mode 100644 smart_building_conformal/outputs/matched_forecasting005/fold2_multiseed_batch_v1/attempts/2026-09-13T233443228398+0000_bb4dc455/command.log.json
 create mode 100644 smart_building_conformal/outputs/matched_forecasting005/fold2_multiseed_batch_v1/attempts/2026-09-13T233443228398+0000_bb4dc455/command.log.started.json
 create mode 100644 smart_building_conformal/outputs/matched_forecasting005/fold2_multiseed_batch_v1/attempts/2026-09-13T233443228398+0000_bb4dc455/logger.stdout.log
 create mode 100644 smart_building_conformal/outputs/matched_forecasting005/fold2_multiseed_batch_v1/attempts/2026-09-13T233505518299+0000_d3618058/attempt.json
 create mode 100644 smart_building_conformal/outputs/matched_forecasting005/fold2_multiseed_batch_v1/attempts/2026-09-13T233505518299+0000_d3618058/command.log
 create mode 100644 smart_building_conformal/outputs/matched_forecasting005/fold2_multiseed_batch_v1/attempts/2026-09-13T233505518299+0000_d3618058/command.log.json
 create mode 100644 smart_building_conformal/outputs/matched_forecasting005/fold2_multiseed_batch_v1/attempts/2026-09-13T233505518299+0000_d3618058/command.log.started.json
 create mode 100644 smart_building_conformal/outputs/matched_forecasting005/fold2_multiseed_batch_v1/attempts/2026-09-13T233505518299+0000_d3618058/groups/actual_seed_metadata.csv
 create mode 100644 smart_building_conformal/outputs/matched_forecasting005/fold2_multiseed_batch_v1/attempts/2026-09-13T233505518299+0000_d3618058/groups/comparison.csv
 create mode 100644 smart_building_conformal/outputs/matched_forecasting005/fold2_multiseed_batch_v1/attempts/2026-09-13T233505518299+0000_d3618058/groups/equal_group_diagnostics.csv
 create mode 100644 smart_building_conformal/outputs/matched_forecasting005/fold2_multiseed_batch_v1/attempts/2026-09-13T233505518299+0000_d3618058/groups/group_metrics.csv
 create mode 100644 smart_building_conformal/outputs/matched_forecasting005/fold2_multiseed_batch_v1/attempts/2026-09-13T233505518299+0000_d3618058/groups/model_costs.csv
 create mode 100644 smart_building_conformal/outputs/matched_forecasting005/fold2_multiseed_batch_v1/attempts/2026-09-13T233505518299+0000_d3618058/groups/rico_phase_metrics.csv
 create mode 100644 smart_building_conformal/outputs/matched_forecasting005/fold2_multiseed_batch_v1/attempts/2026-09-13T233505518299+0000_d3618058/groups/target_diagnostics.csv
 create mode 100644 smart_building_conformal/outputs/matched_forecasting005/fold2_multiseed_batch_v1/attempts/2026-09-13T233505518299+0000_d3618058/groups/validation.json
 create mode 100644 smart_building_conformal/outputs/matched_forecasting005/fold2_multiseed_batch_v1/attempts/2026-09-13T233505518299+0000_d3618058/logger.stdout.log
 create mode 100644 smart_building_conformal/outputs/matched_forecasting005/fold2_multiseed_batch_v1/attempts/2026-09-13T233514404665+0000_d5362fa1/attempt.json
 create mode 100644 smart_building_conformal/outputs/matched_forecasting005/fold2_multiseed_batch_v1/attempts/2026-09-13T233514404665+0000_d5362fa1/command.log
 create mode 100644 smart_building_conformal/outputs/matched_forecasting005/fold2_multiseed_batch_v1/attempts/2026-09-13T233514404665+0000_d5362fa1/command.log.json
 create mode 100644 smart_building_conformal/outputs/matched_forecasting005/fold2_multiseed_batch_v1/attempts/2026-09-13T233514404665+0000_d5362fa1/command.log.started.json
 create mode 100644 smart_building_conformal/outputs/matched_forecasting005/fold2_multiseed_batch_v1/attempts/2026-09-13T233514404665+0000_d5362fa1/logger.stdout.log
 create mode 100644 smart_building_conformal/outputs/matched_forecasting005/fold2_multiseed_batch_v1/attempts/2026-09-13T234312446702+0000_fec9c18c/attempt.json
 create mode 100644 smart_building_conformal/outputs/matched_forecasting005/fold2_multiseed_batch_v1/attempts/2026-09-13T234312446702+0000_fec9c18c/command.log
 create mode 100644 smart_building_conformal/outputs/matched_forecasting005/fold2_multiseed_batch_v1/attempts/2026-09-13T234312446702+0000_fec9c18c/command.log.json
 create mode 100644 smart_building_conformal/outputs/matched_forecasting005/fold2_multiseed_batch_v1/attempts/2026-09-13T234312446702+0000_fec9c18c/command.log.started.json
 create mode 100644 smart_building_conformal/outputs/matched_forecasting005/fold2_multiseed_batch_v1/attempts/2026-09-13T234312446702+0000_fec9c18c/logger.stdout.log
 create mode 100644 smart_building_conformal/outputs/matched_forecasting005/fold2_multiseed_batch_v1/attempts/2026-09-13T234340768288+0000_c191e4f6/attempt.json
 create mode 100644 smart_building_conformal/outputs/matched_forecasting005/fold2_multiseed_batch_v1/attempts/2026-09-13T234340768288+0000_c191e4f6/command.log
 create mode 100644 smart_building_conformal/outputs/matched_forecasting005/fold2_multiseed_batch_v1/attempts/2026-09-13T234340768288+0000_c191e4f6/command.log.json
 create mode 100644 smart_building_conformal/outputs/matched_forecasting005/fold2_multiseed_batch_v1/attempts/2026-09-13T234340768288+0000_c191e4f6/command.log.started.json
 create mode 100644 smart_building_conformal/outputs/matched_forecasting005/fold2_multiseed_batch_v1/attempts/2026-09-13T234340768288+0000_c191e4f6/logger.stdout.log
 create mode 100644 smart_building_conformal/outputs/matched_forecasting005/fold2_multiseed_batch_v1/attempts/2026-09-13T234403034213+0000_962a05a4/attempt.json
 create mode 100644 smart_building_conformal/outputs/matched_forecasting005/fold2_multiseed_batch_v1/attempts/2026-09-13T234403034213+0000_962a05a4/command.log
 create mode 100644 smart_building_conformal/outputs/matched_forecasting005/fold2_multiseed_batch_v1/attempts/2026-09-13T234403034213+0000_962a05a4/command.log.json
 create mode 100644 smart_building_conformal/outputs/matched_forecasting005/fold2_multiseed_batch_v1/attempts/2026-09-13T234403034213+0000_962a05a4/command.log.started.json
 create mode 100644 smart_building_conformal/outputs/matched_forecasting005/fold2_multiseed_batch_v1/attempts/2026-09-13T234403034213+0000_962a05a4/groups/actual_seed_metadata.csv
 create mode 100644 smart_building_conformal/outputs/matched_forecasting005/fold2_multiseed_batch_v1/attempts/2026-09-13T234403034213+0000_962a05a4/groups/comparison.csv
 create mode 100644 smart_building_conformal/outputs/matched_forecasting005/fold2_multiseed_batch_v1/attempts/2026-09-13T234403034213+0000_962a05a4/groups/equal_group_diagnostics.csv
 create mode 100644 smart_building_conformal/outputs/matched_forecasting005/fold2_multiseed_batch_v1/attempts/2026-09-13T234403034213+0000_962a05a4/groups/group_metrics.csv
 create mode 100644 smart_building_conformal/outputs/matched_forecasting005/fold2_multiseed_batch_v1/attempts/2026-09-13T234403034213+0000_962a05a4/groups/model_costs.csv
 create mode 100644 smart_building_conformal/outputs/matched_forecasting005/fold2_multiseed_batch_v1/attempts/2026-09-13T234403034213+0000_962a05a4/groups/rico_phase_metrics.csv
 create mode 100644 smart_building_conformal/outputs/matched_forecasting005/fold2_multiseed_batch_v1/attempts/2026-09-13T234403034213+0000_962a05a4/groups/target_diagnostics.csv
 create mode 100644 smart_building_conformal/outputs/matched_forecasting005/fold2_multiseed_batch_v1/attempts/2026-09-13T234403034213+0000_962a05a4/groups/validation.json
 create mode 100644 smart_building_conformal/outputs/matched_forecasting005/fold2_multiseed_batch_v1/attempts/2026-09-13T234403034213+0000_962a05a4/logger.stdout.log
 create mode 100644 smart_building_conformal/outputs/matched_forecasting005/fold2_multiseed_batch_v1/attempts/2026-09-13T234411980348+0000_c34a3e58/attempt.json
 create mode 100644 smart_building_conformal/outputs/matched_forecasting005/fold2_multiseed_batch_v1/attempts/2026-09-13T234411980348+0000_c34a3e58/command.log
 create mode 100644 smart_building_conformal/outputs/matched_forecasting005/fold2_multiseed_batch_v1/attempts/2026-09-13T234411980348+0000_c34a3e58/command.log.json
 create mode 100644 smart_building_conformal/outputs/matched_forecasting005/fold2_multiseed_batch_v1/attempts/2026-09-13T234411980348+0000_c34a3e58/command.log.started.json
 create mode 100644 smart_building_conformal/outputs/matched_forecasting005/fold2_multiseed_batch_v1/attempts/2026-09-13T234411980348+0000_c34a3e58/logger.stdout.log
 create mode 100644 smart_building_conformal/outputs/matched_forecasting005/fold2_multiseed_batch_v1/attempts/2026-09-13T234904571934+0000_7c73b72a/attempt.json
 create mode 100644 smart_building_conformal/outputs/matched_forecasting005/fold2_multiseed_batch_v1/attempts/2026-09-13T234904571934+0000_7c73b72a/command.log
 create mode 100644 smart_building_conformal/outputs/matched_forecasting005/fold2_multiseed_batch_v1/attempts/2026-09-13T234904571934+0000_7c73b72a/command.log.json
 create mode 100644 smart_building_conformal/outputs/matched_forecasting005/fold2_multiseed_batch_v1/attempts/2026-09-13T234904571934+0000_7c73b72a/command.log.started.json
 create mode 100644 smart_building_conformal/outputs/matched_forecasting005/fold2_multiseed_batch_v1/attempts/2026-09-13T234904571934+0000_7c73b72a/logger.stdout.log
 create mode 100644 smart_building_conformal/outputs/matched_forecasting005/fold2_multiseed_batch_v1/attempts/2026-09-13T234932925730+0000_9c70d277/attempt.json
 create mode 100644 smart_building_conformal/outputs/matched_forecasting005/fold2_multiseed_batch_v1/attempts/2026-09-13T234932925730+0000_9c70d277/command.log
 create mode 100644 smart_building_conformal/outputs/matched_forecasting005/fold2_multiseed_batch_v1/attempts/2026-09-13T234932925730+0000_9c70d277/command.log.json
 create mode 100644 smart_building_conformal/outputs/matched_forecasting005/fold2_multiseed_batch_v1/attempts/2026-09-13T234932925730+0000_9c70d277/command.log.started.json
 create mode 100644 smart_building_conformal/outputs/matched_forecasting005/fold2_multiseed_batch_v1/attempts/2026-09-13T234932925730+0000_9c70d277/logger.stdout.log
 create mode 100644 smart_building_conformal/outputs/matched_forecasting005/fold2_multiseed_batch_v1/attempts/2026-09-13T234955201560+0000_5d6fd45c/attempt.json
 create mode 100644 smart_building_conformal/outputs/matched_forecasting005/fold2_multiseed_batch_v1/attempts/2026-09-13T234955201560+0000_5d6fd45c/command.log
 create mode 100644 smart_building_conformal/outputs/matched_forecasting005/fold2_multiseed_batch_v1/attempts/2026-09-13T234955201560+0000_5d6fd45c/command.log.json
 create mode 100644 smart_building_conformal/outputs/matched_forecasting005/fold2_multiseed_batch_v1/attempts/2026-09-13T234955201560+0000_5d6fd45c/command.log.started.json
 create mode 100644 smart_building_conformal/outputs/matched_forecasting005/fold2_multiseed_batch_v1/attempts/2026-09-13T234955201560+0000_5d6fd45c/groups/actual_seed_metadata.csv
 create mode 100644 smart_building_conformal/outputs/matched_forecasting005/fold2_multiseed_batch_v1/attempts/2026-09-13T234955201560+0000_5d6fd45c/groups/comparison.csv
 create mode 100644 smart_building_conformal/outputs/matched_forecasting005/fold2_multiseed_batch_v1/attempts/2026-09-13T234955201560+0000_5d6fd45c/groups/equal_group_diagnostics.csv
 create mode 100644 smart_building_conformal/outputs/matched_forecasting005/fold2_multiseed_batch_v1/attempts/2026-09-13T234955201560+0000_5d6fd45c/groups/group_metrics.csv
 create mode 100644 smart_building_conformal/outputs/matched_forecasting005/fold2_multiseed_batch_v1/attempts/2026-09-13T234955201560+0000_5d6fd45c/groups/model_costs.csv
 create mode 100644 smart_building_conformal/outputs/matched_forecasting005/fold2_multiseed_batch_v1/attempts/2026-09-13T234955201560+0000_5d6fd45c/groups/rico_phase_metrics.csv
 create mode 100644 smart_building_conformal/outputs/matched_forecasting005/fold2_multiseed_batch_v1/attempts/2026-09-13T234955201560+0000_5d6fd45c/groups/target_diagnostics.csv
 create mode 100644 smart_building_conformal/outputs/matched_forecasting005/fold2_multiseed_batch_v1/attempts/2026-09-13T234955201560+0000_5d6fd45c/groups/validation.json
 create mode 100644 smart_building_conformal/outputs/matched_forecasting005/fold2_multiseed_batch_v1/attempts/2026-09-13T234955201560+0000_5d6fd45c/logger.stdout.log
 create mode 100644 smart_building_conformal/outputs/matched_forecasting005/fold2_multiseed_batch_v1/attempts/2026-09-13T235004164321+0000_d6d8fde6/attempt.json
 create mode 100644 smart_building_conformal/outputs/matched_forecasting005/fold2_multiseed_batch_v1/attempts/2026-09-13T235004164321+0000_d6d8fde6/command.log
 create mode 100644 smart_building_conformal/outputs/matched_forecasting005/fold2_multiseed_batch_v1/attempts/2026-09-13T235004164321+0000_d6d8fde6/command.log.json
 create mode 100644 smart_building_conformal/outputs/matched_forecasting005/fold2_multiseed_batch_v1/attempts/2026-09-13T235004164321+0000_d6d8fde6/command.log.started.json
 create mode 100644 smart_building_conformal/outputs/matched_forecasting005/fold2_multiseed_batch_v1/attempts/2026-09-13T235004164321+0000_d6d8fde6/logger.stdout.log
 create mode 100644 smart_building_conformal/outputs/matched_forecasting005/fold2_multiseed_batch_v1/attempts/2026-09-13T235356244521+0000_ee967566/attempt.json
 create mode 100644 smart_building_conformal/outputs/matched_forecasting005/fold2_multiseed_batch_v1/attempts/2026-09-13T235356244521+0000_ee967566/command.log
 create mode 100644 smart_building_conformal/outputs/matched_forecasting005/fold2_multiseed_batch_v1/attempts/2026-09-13T235356244521+0000_ee967566/command.log.json
 create mode 100644 smart_building_conformal/outputs/matched_forecasting005/fold2_multiseed_batch_v1/attempts/2026-09-13T235356244521+0000_ee967566/command.log.started.json
 create mode 100644 smart_building_conformal/outputs/matched_forecasting005/fold2_multiseed_batch_v1/attempts/2026-09-13T235356244521+0000_ee967566/logger.stdout.log
 create mode 100644 smart_building_conformal/outputs/matched_forecasting005/fold2_multiseed_batch_v1/attempts/2026-09-13T235412477426+0000_d8b5992c/attempt.json
 create mode 100644 smart_building_conformal/outputs/matched_forecasting005/fold2_multiseed_batch_v1/attempts/2026-09-13T235412477426+0000_d8b5992c/command.log
 create mode 100644 smart_building_conformal/outputs/matched_forecasting005/fold2_multiseed_batch_v1/attempts/2026-09-13T235412477426+0000_d8b5992c/command.log.json
 create mode 100644 smart_building_conformal/outputs/matched_forecasting005/fold2_multiseed_batch_v1/attempts/2026-09-13T235412477426+0000_d8b5992c/command.log.started.json
 create mode 100644 smart_building_conformal/outputs/matched_forecasting005/fold2_multiseed_batch_v1/attempts/2026-09-13T235412477426+0000_d8b5992c/logger.stdout.log
 create mode 100644 smart_building_conformal/outputs/matched_forecasting005/fold2_multiseed_batch_v1/attempts/2026-09-13T235426686260+0000_0a46488a/attempt.json
 create mode 100644 smart_building_conformal/outputs/matched_forecasting005/fold2_multiseed_batch_v1/attempts/2026-09-13T235426686260+0000_0a46488a/command.log
 create mode 100644 smart_building_conformal/outputs/matched_forecasting005/fold2_multiseed_batch_v1/attempts/2026-09-13T235426686260+0000_0a46488a/command.log.json
 create mode 100644 smart_building_conformal/outputs/matched_forecasting005/fold2_multiseed_batch_v1/attempts/2026-09-13T235426686260+0000_0a46488a/command.log.started.json
 create mode 100644 smart_building_conformal/outputs/matched_forecasting005/fold2_multiseed_batch_v1/attempts/2026-09-13T235426686260+0000_0a46488a/groups/actual_seed_metadata.csv
 create mode 100644 smart_building_conformal/outputs/matched_forecasting005/fold2_multiseed_batch_v1/attempts/2026-09-13T235426686260+0000_0a46488a/groups/comparison.csv
 create mode 100644 smart_building_conformal/outputs/matched_forecasting005/fold2_multiseed_batch_v1/attempts/2026-09-13T235426686260+0000_0a46488a/groups/equal_group_diagnostics.csv
 create mode 100644 smart_building_conformal/outputs/matched_forecasting005/fold2_multiseed_batch_v1/attempts/2026-09-13T235426686260+0000_0a46488a/groups/group_metrics.csv
 create mode 100644 smart_building_conformal/outputs/matched_forecasting005/fold2_multiseed_batch_v1/attempts/2026-09-13T235426686260+0000_0a46488a/groups/model_costs.csv
 create mode 100644 smart_building_conformal/outputs/matched_forecasting005/fold2_multiseed_batch_v1/attempts/2026-09-13T235426686260+0000_0a46488a/groups/rico_phase_metrics.csv
 create mode 100644 smart_building_conformal/outputs/matched_forecasting005/fold2_multiseed_batch_v1/attempts/2026-09-13T235426686260+0000_0a46488a/groups/target_diagnostics.csv
 create mode 100644 smart_building_conformal/outputs/matched_forecasting005/fold2_multiseed_batch_v1/attempts/2026-09-13T235426686260+0000_0a46488a/groups/validation.json
 create mode 100644 smart_building_conformal/outputs/matched_forecasting005/fold2_multiseed_batch_v1/attempts/2026-09-13T235426686260+0000_0a46488a/logger.stdout.log
 create mode 100644 smart_building_conformal/outputs/matched_forecasting005/fold2_multiseed_batch_v1/attempts/2026-09-13T235433553699+0000_e57bf8e3/attempt.json
 create mode 100644 smart_building_conformal/outputs/matched_forecasting005/fold2_multiseed_batch_v1/attempts/2026-09-13T235433553699+0000_e57bf8e3/command.log
 create mode 100644 smart_building_conformal/outputs/matched_forecasting005/fold2_multiseed_batch_v1/attempts/2026-09-13T235433553699+0000_e57bf8e3/command.log.json
 create mode 100644 smart_building_conformal/outputs/matched_forecasting005/fold2_multiseed_batch_v1/attempts/2026-09-13T235433553699+0000_e57bf8e3/command.log.started.json
 create mode 100644 smart_building_conformal/outputs/matched_forecasting005/fold2_multiseed_batch_v1/attempts/2026-09-13T235433553699+0000_e57bf8e3/logger.stdout.log
 create mode 100644 smart_building_conformal/outputs/matched_forecasting005/fold2_multiseed_batch_v1/attempts/2026-09-13T235741291008+0000_d25a36d9/attempt.json
 create mode 100644 smart_building_conformal/outputs/matched_forecasting005/fold2_multiseed_batch_v1/attempts/2026-09-13T235741291008+0000_d25a36d9/command.log
 create mode 100644 smart_building_conformal/outputs/matched_forecasting005/fold2_multiseed_batch_v1/attempts/2026-09-13T235741291008+0000_d25a36d9/command.log.json
 create mode 100644 smart_building_conformal/outputs/matched_forecasting005/fold2_multiseed_batch_v1/attempts/2026-09-13T235741291008+0000_d25a36d9/command.log.started.json
 create mode 100644 smart_building_conformal/outputs/matched_forecasting005/fold2_multiseed_batch_v1/attempts/2026-09-13T235741291008+0000_d25a36d9/logger.stdout.log
 create mode 100644 smart_building_conformal/outputs/matched_forecasting005/fold2_multiseed_batch_v1/attempts/2026-09-13T235757549854+0000_a60dcefa/attempt.json
 create mode 100644 smart_building_conformal/outputs/matched_forecasting005/fold2_multiseed_batch_v1/attempts/2026-09-13T235757549854+0000_a60dcefa/command.log
 create mode 100644 smart_building_conformal/outputs/matched_forecasting005/fold2_multiseed_batch_v1/attempts/2026-09-13T235757549854+0000_a60dcefa/command.log.json
 create mode 100644 smart_building_conformal/outputs/matched_forecasting005/fold2_multiseed_batch_v1/attempts/2026-09-13T235757549854+0000_a60dcefa/command.log.started.json
 create mode 100644 smart_building_conformal/outputs/matched_forecasting005/fold2_multiseed_batch_v1/attempts/2026-09-13T235757549854+0000_a60dcefa/logger.stdout.log
 create mode 100644 smart_building_conformal/outputs/matched_forecasting005/fold2_multiseed_batch_v1/attempts/2026-09-13T235811807914+0000_1825cd71/attempt.json
 create mode 100644 smart_building_conformal/outputs/matched_forecasting005/fold2_multiseed_batch_v1/attempts/2026-09-13T235811807914+0000_1825cd71/command.log
 create mode 100644 smart_building_conformal/outputs/matched_forecasting005/fold2_multiseed_batch_v1/attempts/2026-09-13T235811807914+0000_1825cd71/command.log.json
 create mode 100644 smart_building_conformal/outputs/matched_forecasting005/fold2_multiseed_batch_v1/attempts/2026-09-13T235811807914+0000_1825cd71/command.log.started.json
 create mode 100644 smart_building_conformal/outputs/matched_forecasting005/fold2_multiseed_batch_v1/attempts/2026-09-13T235811807914+0000_1825cd71/groups/actual_seed_metadata.csv
 create mode 100644 smart_building_conformal/outputs/matched_forecasting005/fold2_multiseed_batch_v1/attempts/2026-09-13T235811807914+0000_1825cd71/groups/comparison.csv
 create mode 100644 smart_building_conformal/outputs/matched_forecasting005/fold2_multiseed_batch_v1/attempts/2026-09-13T235811807914+0000_1825cd71/groups/equal_group_diagnostics.csv
 create mode 100644 smart_building_conformal/outputs/matched_forecasting005/fold2_multiseed_batch_v1/attempts/2026-09-13T235811807914+0000_1825cd71/groups/group_metrics.csv
 create mode 100644 smart_building_conformal/outputs/matched_forecasting005/fold2_multiseed_batch_v1/attempts/2026-09-13T235811807914+0000_1825cd71/groups/model_costs.csv
 create mode 100644 smart_building_conformal/outputs/matched_forecasting005/fold2_multiseed_batch_v1/attempts/2026-09-13T235811807914+0000_1825cd71/groups/rico_phase_metrics.csv
 create mode 100644 smart_building_conformal/outputs/matched_forecasting005/fold2_multiseed_batch_v1/attempts/2026-09-13T235811807914+0000_1825cd71/groups/target_diagnostics.csv
 create mode 100644 smart_building_conformal/outputs/matched_forecasting005/fold2_multiseed_batch_v1/attempts/2026-09-13T235811807914+0000_1825cd71/groups/validation.json
 create mode 100644 smart_building_conformal/outputs/matched_forecasting005/fold2_multiseed_batch_v1/attempts/2026-09-13T235811807914+0000_1825cd71/logger.stdout.log
 create mode 100644 smart_building_conformal/outputs/matched_forecasting005/fold2_multiseed_batch_v1/attempts/2026-09-13T235818686454+0000_f28c6c4d/attempt.json
 create mode 100644 smart_building_conformal/outputs/matched_forecasting005/fold2_multiseed_batch_v1/attempts/2026-09-13T235818686454+0000_f28c6c4d/command.log
 create mode 100644 smart_building_conformal/outputs/matched_forecasting005/fold2_multiseed_batch_v1/attempts/2026-09-13T235818686454+0000_f28c6c4d/command.log.json
 create mode 100644 smart_building_conformal/outputs/matched_forecasting005/fold2_multiseed_batch_v1/attempts/2026-09-13T235818686454+0000_f28c6c4d/command.log.started.json
 create mode 100644 smart_building_conformal/outputs/matched_forecasting005/fold2_multiseed_batch_v1/attempts/2026-09-13T235818686454+0000_f28c6c4d/logger.stdout.log
 create mode 100644 smart_building_conformal/outputs/matched_forecasting005/fold2_multiseed_batch_v1/attempts/2026-09-14T000019895792+0000_65761d91/attempt.json
 create mode 100644 smart_building_conformal/outputs/matched_forecasting005/fold2_multiseed_batch_v1/attempts/2026-09-14T000019895792+0000_65761d91/command.log
 create mode 100644 smart_building_conformal/outputs/matched_forecasting005/fold2_multiseed_batch_v1/attempts/2026-09-14T000019895792+0000_65761d91/command.log.json
 create mode 100644 smart_building_conformal/outputs/matched_forecasting005/fold2_multiseed_batch_v1/attempts/2026-09-14T000019895792+0000_65761d91/command.log.started.json
 create mode 100644 smart_building_conformal/outputs/matched_forecasting005/fold2_multiseed_batch_v1/attempts/2026-09-14T000019895792+0000_65761d91/logger.stdout.log
 create mode 100644 smart_building_conformal/outputs/matched_forecasting005/fold2_multiseed_batch_v1/attempts/2026-09-14T000036156163+0000_925dd167/attempt.json
 create mode 100644 smart_building_conformal/outputs/matched_forecasting005/fold2_multiseed_batch_v1/attempts/2026-09-14T000036156163+0000_925dd167/command.log
 create mode 100644 smart_building_conformal/outputs/matched_forecasting005/fold2_multiseed_batch_v1/attempts/2026-09-14T000036156163+0000_925dd167/command.log.json
 create mode 100644 smart_building_conformal/outputs/matched_forecasting005/fold2_multiseed_batch_v1/attempts/2026-09-14T000036156163+0000_925dd167/command.log.started.json
 create mode 100644 smart_building_conformal/outputs/matched_forecasting005/fold2_multiseed_batch_v1/attempts/2026-09-14T000036156163+0000_925dd167/logger.stdout.log
 create mode 100644 smart_building_conformal/outputs/matched_forecasting005/fold2_multiseed_batch_v1/attempts/2026-09-14T000050395532+0000_e7592572/attempt.json
 create mode 100644 smart_building_conformal/outputs/matched_forecasting005/fold2_multiseed_batch_v1/attempts/2026-09-14T000050395532+0000_e7592572/command.log
 create mode 100644 smart_building_conformal/outputs/matched_forecasting005/fold2_multiseed_batch_v1/attempts/2026-09-14T000050395532+0000_e7592572/command.log.json
 create mode 100644 smart_building_conformal/outputs/matched_forecasting005/fold2_multiseed_batch_v1/attempts/2026-09-14T000050395532+0000_e7592572/command.log.started.json
 create mode 100644 smart_building_conformal/outputs/matched_forecasting005/fold2_multiseed_batch_v1/attempts/2026-09-14T000050395532+0000_e7592572/groups/actual_seed_metadata.csv
 create mode 100644 smart_building_conformal/outputs/matched_forecasting005/fold2_multiseed_batch_v1/attempts/2026-09-14T000050395532+0000_e7592572/groups/comparison.csv
 create mode 100644 smart_building_conformal/outputs/matched_forecasting005/fold2_multiseed_batch_v1/attempts/2026-09-14T000050395532+0000_e7592572/groups/equal_group_diagnostics.csv
 create mode 100644 smart_building_conformal/outputs/matched_forecasting005/fold2_multiseed_batch_v1/attempts/2026-09-14T000050395532+0000_e7592572/groups/group_metrics.csv
 create mode 100644 smart_building_conformal/outputs/matched_forecasting005/fold2_multiseed_batch_v1/attempts/2026-09-14T000050395532+0000_e7592572/groups/model_costs.csv
 create mode 100644 smart_building_conformal/outputs/matched_forecasting005/fold2_multiseed_batch_v1/attempts/2026-09-14T000050395532+0000_e7592572/groups/rico_phase_metrics.csv
 create mode 100644 smart_building_conformal/outputs/matched_forecasting005/fold2_multiseed_batch_v1/attempts/2026-09-14T000050395532+0000_e7592572/groups/target_diagnostics.csv
 create mode 100644 smart_building_conformal/outputs/matched_forecasting005/fold2_multiseed_batch_v1/attempts/2026-09-14T000050395532+0000_e7592572/groups/validation.json
 create mode 100644 smart_building_conformal/outputs/matched_forecasting005/fold2_multiseed_batch_v1/attempts/2026-09-14T000050395532+0000_e7592572/logger.stdout.log
 create mode 100644 smart_building_conformal/outputs/matched_forecasting005/fold2_multiseed_batch_v1/attempts/2026-09-14T000056640769+0000_73ad46b0/attempt.json
 create mode 100644 smart_building_conformal/outputs/matched_forecasting005/fold2_multiseed_batch_v1/attempts/2026-09-14T000056640769+0000_73ad46b0/command.log
 create mode 100644 smart_building_conformal/outputs/matched_forecasting005/fold2_multiseed_batch_v1/attempts/2026-09-14T000056640769+0000_73ad46b0/command.log.json
 create mode 100644 smart_building_conformal/outputs/matched_forecasting005/fold2_multiseed_batch_v1/attempts/2026-09-14T000056640769+0000_73ad46b0/command.log.started.json
 create mode 100644 smart_building_conformal/outputs/matched_forecasting005/fold2_multiseed_batch_v1/attempts/2026-09-14T000056640769+0000_73ad46b0/logger.stdout.log
 create mode 100644 smart_building_conformal/outputs/matched_forecasting005/fold2_multiseed_batch_v1/receipts/bdg2_h1_f2_s43_v1/audit_v1/independent_selection.csv
 create mode 100644 smart_building_conformal/outputs/matched_forecasting005/fold2_multiseed_batch_v1/receipts/bdg2_h1_f2_s43_v1/audit_v1/learned_fit_measurements.csv
 create mode 100644 smart_building_conformal/outputs/matched_forecasting005/fold2_multiseed_batch_v1/receipts/bdg2_h1_f2_s43_v1/audit_v1/phase_measurements.csv
 create mode 100644 smart_building_conformal/outputs/matched_forecasting005/fold2_multiseed_batch_v1/receipts/bdg2_h1_f2_s43_v1/audit_v1/recomputed_interval_metrics.csv
 create mode 100644 smart_building_conformal/outputs/matched_forecasting005/fold2_multiseed_batch_v1/receipts/bdg2_h1_f2_s43_v1/audit_v1/recomputed_point_metrics.csv
 create mode 100644 smart_building_conformal/outputs/matched_forecasting005/fold2_multiseed_batch_v1/receipts/bdg2_h1_f2_s43_v1/audit_v1/saved_model_verification.csv
 create mode 100644 smart_building_conformal/outputs/matched_forecasting005/fold2_multiseed_batch_v1/receipts/bdg2_h1_f2_s43_v1/audit_v1/validation.json
 create mode 100644 smart_building_conformal/outputs/matched_forecasting005/fold2_multiseed_batch_v1/receipts/bdg2_h1_f2_s43_v1/resume_v1.json
 create mode 100644 smart_building_conformal/outputs/matched_forecasting005/fold2_multiseed_batch_v1/receipts/bdg2_h1_f2_s43_v1/resume_v1.json.process.json
 create mode 100644 smart_building_conformal/outputs/matched_forecasting005/fold2_multiseed_batch_v1/receipts/bdg2_h3_f2_s43_v1/audit_v1/independent_selection.csv
 create mode 100644 smart_building_conformal/outputs/matched_forecasting005/fold2_multiseed_batch_v1/receipts/bdg2_h3_f2_s43_v1/audit_v1/learned_fit_measurements.csv
 create mode 100644 smart_building_conformal/outputs/matched_forecasting005/fold2_multiseed_batch_v1/receipts/bdg2_h3_f2_s43_v1/audit_v1/phase_measurements.csv
 create mode 100644 smart_building_conformal/outputs/matched_forecasting005/fold2_multiseed_batch_v1/receipts/bdg2_h3_f2_s43_v1/audit_v1/recomputed_interval_metrics.csv
 create mode 100644 smart_building_conformal/outputs/matched_forecasting005/fold2_multiseed_batch_v1/receipts/bdg2_h3_f2_s43_v1/audit_v1/recomputed_point_metrics.csv
 create mode 100644 smart_building_conformal/outputs/matched_forecasting005/fold2_multiseed_batch_v1/receipts/bdg2_h3_f2_s43_v1/audit_v1/saved_model_verification.csv
 create mode 100644 smart_building_conformal/outputs/matched_forecasting005/fold2_multiseed_batch_v1/receipts/bdg2_h3_f2_s43_v1/audit_v1/validation.json
 create mode 100644 smart_building_conformal/outputs/matched_forecasting005/fold2_multiseed_batch_v1/receipts/bdg2_h3_f2_s43_v1/resume_v1.json
 create mode 100644 smart_building_conformal/outputs/matched_forecasting005/fold2_multiseed_batch_v1/receipts/bdg2_h3_f2_s43_v1/resume_v1.json.process.json
 create mode 100644 smart_building_conformal/outputs/matched_forecasting005/fold2_multiseed_batch_v1/receipts/bdg2_h6_f2_s43_v1/audit_v1/independent_selection.csv
 create mode 100644 smart_building_conformal/outputs/matched_forecasting005/fold2_multiseed_batch_v1/receipts/bdg2_h6_f2_s43_v1/audit_v1/learned_fit_measurements.csv
 create mode 100644 smart_building_conformal/outputs/matched_forecasting005/fold2_multiseed_batch_v1/receipts/bdg2_h6_f2_s43_v1/audit_v1/phase_measurements.csv
 create mode 100644 smart_building_conformal/outputs/matched_forecasting005/fold2_multiseed_batch_v1/receipts/bdg2_h6_f2_s43_v1/audit_v1/recomputed_interval_metrics.csv
 create mode 100644 smart_building_conformal/outputs/matched_forecasting005/fold2_multiseed_batch_v1/receipts/bdg2_h6_f2_s43_v1/audit_v1/recomputed_point_metrics.csv
 create mode 100644 smart_building_conformal/outputs/matched_forecasting005/fold2_multiseed_batch_v1/receipts/bdg2_h6_f2_s43_v1/audit_v1/saved_model_verification.csv
 create mode 100644 smart_building_conformal/outputs/matched_forecasting005/fold2_multiseed_batch_v1/receipts/bdg2_h6_f2_s43_v1/audit_v1/validation.json
 create mode 100644 smart_building_conformal/outputs/matched_forecasting005/fold2_multiseed_batch_v1/receipts/bdg2_h6_f2_s43_v1/resume_v1.json
 create mode 100644 smart_building_conformal/outputs/matched_forecasting005/fold2_multiseed_batch_v1/receipts/bdg2_h6_f2_s43_v1/resume_v1.json.process.json
 create mode 100644 smart_building_conformal/outputs/matched_forecasting005/fold2_multiseed_batch_v1/receipts/pleia_energy_h1_f2_s43_v1/audit_v1/independent_selection.csv
 create mode 100644 smart_building_conformal/outputs/matched_forecasting005/fold2_multiseed_batch_v1/receipts/pleia_energy_h1_f2_s43_v1/audit_v1/learned_fit_measurements.csv
 create mode 100644 smart_building_conformal/outputs/matched_forecasting005/fold2_multiseed_batch_v1/receipts/pleia_energy_h1_f2_s43_v1/audit_v1/phase_measurements.csv
 create mode 100644 smart_building_conformal/outputs/matched_forecasting005/fold2_multiseed_batch_v1/receipts/pleia_energy_h1_f2_s43_v1/audit_v1/recomputed_interval_metrics.csv
 create mode 100644 smart_building_conformal/outputs/matched_forecasting005/fold2_multiseed_batch_v1/receipts/pleia_energy_h1_f2_s43_v1/audit_v1/recomputed_point_metrics.csv
 create mode 100644 smart_building_conformal/outputs/matched_forecasting005/fold2_multiseed_batch_v1/receipts/pleia_energy_h1_f2_s43_v1/audit_v1/saved_model_verification.csv
 create mode 100644 smart_building_conformal/outputs/matched_forecasting005/fold2_multiseed_batch_v1/receipts/pleia_energy_h1_f2_s43_v1/audit_v1/validation.json
 create mode 100644 smart_building_conformal/outputs/matched_forecasting005/fold2_multiseed_batch_v1/receipts/pleia_energy_h1_f2_s43_v1/resume_v1.json
 create mode 100644 smart_building_conformal/outputs/matched_forecasting005/fold2_multiseed_batch_v1/receipts/pleia_energy_h1_f2_s43_v1/resume_v1.json.process.json
 create mode 100644 smart_building_conformal/outputs/matched_forecasting005/fold2_multiseed_batch_v1/receipts/pleia_energy_h3_f2_s43_v1/audit_v1/independent_selection.csv
 create mode 100644 smart_building_conformal/outputs/matched_forecasting005/fold2_multiseed_batch_v1/receipts/pleia_energy_h3_f2_s43_v1/audit_v1/learned_fit_measurements.csv
 create mode 100644 smart_building_conformal/outputs/matched_forecasting005/fold2_multiseed_batch_v1/receipts/pleia_energy_h3_f2_s43_v1/audit_v1/phase_measurements.csv
 create mode 100644 smart_building_conformal/outputs/matched_forecasting005/fold2_multiseed_batch_v1/receipts/pleia_energy_h3_f2_s43_v1/audit_v1/recomputed_interval_metrics.csv
 create mode 100644 smart_building_conformal/outputs/matched_forecasting005/fold2_multiseed_batch_v1/receipts/pleia_energy_h3_f2_s43_v1/audit_v1/recomputed_point_metrics.csv
 create mode 100644 smart_building_conformal/outputs/matched_forecasting005/fold2_multiseed_batch_v1/receipts/pleia_energy_h3_f2_s43_v1/audit_v1/saved_model_verification.csv
 create mode 100644 smart_building_conformal/outputs/matched_forecasting005/fold2_multiseed_batch_v1/receipts/pleia_energy_h3_f2_s43_v1/audit_v1/validation.json
 create mode 100644 smart_building_conformal/outputs/matched_forecasting005/fold2_multiseed_batch_v1/receipts/pleia_energy_h3_f2_s43_v1/resume_v1.json
 create mode 100644 smart_building_conformal/outputs/matched_forecasting005/fold2_multiseed_batch_v1/receipts/pleia_energy_h3_f2_s43_v1/resume_v1.json.process.json
 create mode 100644 smart_building_conformal/outputs/matched_forecasting005/fold2_multiseed_batch_v1/receipts/pleia_energy_h6_f2_s43_v1/audit_v1/independent_selection.csv
 create mode 100644 smart_building_conformal/outputs/matched_forecasting005/fold2_multiseed_batch_v1/receipts/pleia_energy_h6_f2_s43_v1/audit_v1/learned_fit_measurements.csv
 create mode 100644 smart_building_conformal/outputs/matched_forecasting005/fold2_multiseed_batch_v1/receipts/pleia_energy_h6_f2_s43_v1/audit_v1/phase_measurements.csv
 create mode 100644 smart_building_conformal/outputs/matched_forecasting005/fold2_multiseed_batch_v1/receipts/pleia_energy_h6_f2_s43_v1/audit_v1/recomputed_interval_metrics.csv
 create mode 100644 smart_building_conformal/outputs/matched_forecasting005/fold2_multiseed_batch_v1/receipts/pleia_energy_h6_f2_s43_v1/audit_v1/recomputed_point_metrics.csv
 create mode 100644 smart_building_conformal/outputs/matched_forecasting005/fold2_multiseed_batch_v1/receipts/pleia_energy_h6_f2_s43_v1/audit_v1/saved_model_verification.csv
 create mode 100644 smart_building_conformal/outputs/matched_forecasting005/fold2_multiseed_batch_v1/receipts/pleia_energy_h6_f2_s43_v1/audit_v1/validation.json
 create mode 100644 smart_building_conformal/outputs/matched_forecasting005/fold2_multiseed_batch_v1/receipts/pleia_energy_h6_f2_s43_v1/resume_v1.json
 create mode 100644 smart_building_conformal/outputs/matched_forecasting005/fold2_multiseed_batch_v1/receipts/pleia_energy_h6_f2_s43_v1/resume_v1.json.process.json
 create mode 100644 smart_building_conformal/outputs/matched_forecasting005/fold2_multiseed_batch_v1/receipts/pleia_h1_f2_s43_v1/audit_v1/independent_selection.csv
 create mode 100644 smart_building_conformal/outputs/matched_forecasting005/fold2_multiseed_batch_v1/receipts/pleia_h1_f2_s43_v1/audit_v1/learned_fit_measurements.csv
 create mode 100644 smart_building_conformal/outputs/matched_forecasting005/fold2_multiseed_batch_v1/receipts/pleia_h1_f2_s43_v1/audit_v1/phase_measurements.csv
 create mode 100644 smart_building_conformal/outputs/matched_forecasting005/fold2_multiseed_batch_v1/receipts/pleia_h1_f2_s43_v1/audit_v1/recomputed_interval_metrics.csv
 create mode 100644 smart_building_conformal/outputs/matched_forecasting005/fold2_multiseed_batch_v1/receipts/pleia_h1_f2_s43_v1/audit_v1/recomputed_point_metrics.csv
 create mode 100644 smart_building_conformal/outputs/matched_forecasting005/fold2_multiseed_batch_v1/receipts/pleia_h1_f2_s43_v1/audit_v1/saved_model_verification.csv
 create mode 100644 smart_building_conformal/outputs/matched_forecasting005/fold2_multiseed_batch_v1/receipts/pleia_h1_f2_s43_v1/audit_v1/validation.json
 create mode 100644 smart_building_conformal/outputs/matched_forecasting005/fold2_multiseed_batch_v1/receipts/pleia_h1_f2_s43_v1/resume_v1.json
 create mode 100644 smart_building_conformal/outputs/matched_forecasting005/fold2_multiseed_batch_v1/receipts/pleia_h1_f2_s43_v1/resume_v1.json.process.json
 create mode 100644 smart_building_conformal/outputs/matched_forecasting005/fold2_multiseed_batch_v1/receipts/pleia_h3_f2_s43_v1/audit_v1/independent_selection.csv
 create mode 100644 smart_building_conformal/outputs/matched_forecasting005/fold2_multiseed_batch_v1/receipts/pleia_h3_f2_s43_v1/audit_v1/learned_fit_measurements.csv
 create mode 100644 smart_building_conformal/outputs/matched_forecasting005/fold2_multiseed_batch_v1/receipts/pleia_h3_f2_s43_v1/audit_v1/phase_measurements.csv
 create mode 100644 smart_building_conformal/outputs/matched_forecasting005/fold2_multiseed_batch_v1/receipts/pleia_h3_f2_s43_v1/audit_v1/recomputed_interval_metrics.csv
 create mode 100644 smart_building_conformal/outputs/matched_forecasting005/fold2_multiseed_batch_v1/receipts/pleia_h3_f2_s43_v1/audit_v1/recomputed_point_metrics.csv
 create mode 100644 smart_building_conformal/outputs/matched_forecasting005/fold2_multiseed_batch_v1/receipts/pleia_h3_f2_s43_v1/audit_v1/saved_model_verification.csv
 create mode 100644 smart_building_conformal/outputs/matched_forecasting005/fold2_multiseed_batch_v1/receipts/pleia_h3_f2_s43_v1/audit_v1/validation.json
 create mode 100644 smart_building_conformal/outputs/matched_forecasting005/fold2_multiseed_batch_v1/receipts/pleia_h3_f2_s43_v1/resume_v1.json
 create mode 100644 smart_building_conformal/outputs/matched_forecasting005/fold2_multiseed_batch_v1/receipts/pleia_h3_f2_s43_v1/resume_v1.json.process.json
 create mode 100644 smart_building_conformal/outputs/matched_forecasting005/fold2_multiseed_batch_v1/receipts/pleia_h6_f2_s43_v1/audit_v1/independent_selection.csv
 create mode 100644 smart_building_conformal/outputs/matched_forecasting005/fold2_multiseed_batch_v1/receipts/pleia_h6_f2_s43_v1/audit_v1/learned_fit_measurements.csv
 create mode 100644 smart_building_conformal/outputs/matched_forecasting005/fold2_multiseed_batch_v1/receipts/pleia_h6_f2_s43_v1/audit_v1/phase_measurements.csv
 create mode 100644 smart_building_conformal/outputs/matched_forecasting005/fold2_multiseed_batch_v1/receipts/pleia_h6_f2_s43_v1/audit_v1/recomputed_interval_metrics.csv
 create mode 100644 smart_building_conformal/outputs/matched_forecasting005/fold2_multiseed_batch_v1/receipts/pleia_h6_f2_s43_v1/audit_v1/recomputed_point_metrics.csv
 create mode 100644 smart_building_conformal/outputs/matched_forecasting005/fold2_multiseed_batch_v1/receipts/pleia_h6_f2_s43_v1/audit_v1/saved_model_verification.csv
 create mode 100644 smart_building_conformal/outputs/matched_forecasting005/fold2_multiseed_batch_v1/receipts/pleia_h6_f2_s43_v1/audit_v1/validation.json
 create mode 100644 smart_building_conformal/outputs/matched_forecasting005/fold2_multiseed_batch_v1/receipts/pleia_h6_f2_s43_v1/resume_v1.json
 create mode 100644 smart_building_conformal/outputs/matched_forecasting005/fold2_multiseed_batch_v1/receipts/pleia_h6_f2_s43_v1/resume_v1.json.process.json
 create mode 100644 smart_building_conformal/outputs/matched_forecasting005/fold2_multiseed_batch_v1/receipts/rico_h15_f2_s43_v1/audit_v1/independent_selection.csv
 create mode 100644 smart_building_conformal/outputs/matched_forecasting005/fold2_multiseed_batch_v1/receipts/rico_h15_f2_s43_v1/audit_v1/learned_fit_measurements.csv
 create mode 100644 smart_building_conformal/outputs/matched_forecasting005/fold2_multiseed_batch_v1/receipts/rico_h15_f2_s43_v1/audit_v1/phase_measurements.csv
 create mode 100644 smart_building_conformal/outputs/matched_forecasting005/fold2_multiseed_batch_v1/receipts/rico_h15_f2_s43_v1/audit_v1/recomputed_interval_metrics.csv
 create mode 100644 smart_building_conformal/outputs/matched_forecasting005/fold2_multiseed_batch_v1/receipts/rico_h15_f2_s43_v1/audit_v1/recomputed_point_metrics.csv
 create mode 100644 smart_building_conformal/outputs/matched_forecasting005/fold2_multiseed_batch_v1/receipts/rico_h15_f2_s43_v1/audit_v1/saved_model_verification.csv
 create mode 100644 smart_building_conformal/outputs/matched_forecasting005/fold2_multiseed_batch_v1/receipts/rico_h15_f2_s43_v1/audit_v1/validation.json
 create mode 100644 smart_building_conformal/outputs/matched_forecasting005/fold2_multiseed_batch_v1/receipts/rico_h15_f2_s43_v1/resume_v1.json
 create mode 100644 smart_building_conformal/outputs/matched_forecasting005/fold2_multiseed_batch_v1/receipts/rico_h15_f2_s43_v1/resume_v1.json.process.json
 create mode 100644 smart_building_conformal/outputs/matched_forecasting005/fold2_multiseed_batch_v1/receipts/rico_h30_f2_s43_v1/audit_v1/independent_selection.csv
 create mode 100644 smart_building_conformal/outputs/matched_forecasting005/fold2_multiseed_batch_v1/receipts/rico_h30_f2_s43_v1/audit_v1/learned_fit_measurements.csv
 create mode 100644 smart_building_conformal/outputs/matched_forecasting005/fold2_multiseed_batch_v1/receipts/rico_h30_f2_s43_v1/audit_v1/phase_measurements.csv
 create mode 100644 smart_building_conformal/outputs/matched_forecasting005/fold2_multiseed_batch_v1/receipts/rico_h30_f2_s43_v1/audit_v1/recomputed_interval_metrics.csv
 create mode 100644 smart_building_conformal/outputs/matched_forecasting005/fold2_multiseed_batch_v1/receipts/rico_h30_f2_s43_v1/audit_v1/recomputed_point_metrics.csv
 create mode 100644 smart_building_conformal/outputs/matched_forecasting005/fold2_multiseed_batch_v1/receipts/rico_h30_f2_s43_v1/audit_v1/saved_model_verification.csv
 create mode 100644 smart_building_conformal/outputs/matched_forecasting005/fold2_multiseed_batch_v1/receipts/rico_h30_f2_s43_v1/audit_v1/validation.json
 create mode 100644 smart_building_conformal/outputs/matched_forecasting005/fold2_multiseed_batch_v1/receipts/rico_h30_f2_s43_v1/resume_v1.json
 create mode 100644 smart_building_conformal/outputs/matched_forecasting005/fold2_multiseed_batch_v1/receipts/rico_h30_f2_s43_v1/resume_v1.json.process.json
 create mode 100644 smart_building_conformal/outputs/matched_forecasting005/fold2_multiseed_batch_v1/receipts/rico_h5_f2_s43_v1/audit_v1/independent_selection.csv
 create mode 100644 smart_building_conformal/outputs/matched_forecasting005/fold2_multiseed_batch_v1/receipts/rico_h5_f2_s43_v1/audit_v1/learned_fit_measurements.csv
 create mode 100644 smart_building_conformal/outputs/matched_forecasting005/fold2_multiseed_batch_v1/receipts/rico_h5_f2_s43_v1/audit_v1/phase_measurements.csv
 create mode 100644 smart_building_conformal/outputs/matched_forecasting005/fold2_multiseed_batch_v1/receipts/rico_h5_f2_s43_v1/audit_v1/recomputed_interval_metrics.csv
 create mode 100644 smart_building_conformal/outputs/matched_forecasting005/fold2_multiseed_batch_v1/receipts/rico_h5_f2_s43_v1/audit_v1/recomputed_point_metrics.csv
 create mode 100644 smart_building_conformal/outputs/matched_forecasting005/fold2_multiseed_batch_v1/receipts/rico_h5_f2_s43_v1/audit_v1/saved_model_verification.csv
 create mode 100644 smart_building_conformal/outputs/matched_forecasting005/fold2_multiseed_batch_v1/receipts/rico_h5_f2_s43_v1/audit_v1/validation.json
 create mode 100644 smart_building_conformal/outputs/matched_forecasting005/fold2_multiseed_batch_v1/receipts/rico_h5_f2_s43_v1/resume_v1.json
 create mode 100644 smart_building_conformal/outputs/matched_forecasting005/fold2_multiseed_batch_v1/receipts/rico_h5_f2_s43_v1/resume_v1.json.process.json
 create mode 100644 smart_building_conformal/outputs/matched_forecasting005/fold2_multiseed_batch_v1/receipts/rico_h60_f2_s43_v1/audit_v1/independent_selection.csv
 create mode 100644 smart_building_conformal/outputs/matched_forecasting005/fold2_multiseed_batch_v1/receipts/rico_h60_f2_s43_v1/audit_v1/learned_fit_measurements.csv
 create mode 100644 smart_building_conformal/outputs/matched_forecasting005/fold2_multiseed_batch_v1/receipts/rico_h60_f2_s43_v1/audit_v1/phase_measurements.csv
 create mode 100644 smart_building_conformal/outputs/matched_forecasting005/fold2_multiseed_batch_v1/receipts/rico_h60_f2_s43_v1/audit_v1/recomputed_interval_metrics.csv
 create mode 100644 smart_building_conformal/outputs/matched_forecasting005/fold2_multiseed_batch_v1/receipts/rico_h60_f2_s43_v1/audit_v1/recomputed_point_metrics.csv
 create mode 100644 smart_building_conformal/outputs/matched_forecasting005/fold2_multiseed_batch_v1/receipts/rico_h60_f2_s43_v1/audit_v1/saved_model_verification.csv
 create mode 100644 smart_building_conformal/outputs/matched_forecasting005/fold2_multiseed_batch_v1/receipts/rico_h60_f2_s43_v1/audit_v1/validation.json
 create mode 100644 smart_building_conformal/outputs/matched_forecasting005/fold2_multiseed_batch_v1/receipts/rico_h60_f2_s43_v1/resume_v1.json
 create mode 100644 smart_building_conformal/outputs/matched_forecasting005/fold2_multiseed_batch_v1/receipts/rico_h60_f2_s43_v1/resume_v1.json.process.json
 create mode 100644 smart_building_conformal/outputs/matched_forecasting005/fold2_multiseed_batch_v1/resources.jsonl
 create mode 100644 smart_building_conformal/outputs/matched_forecasting005/fold2_multiseed_batch_v1/seed43_summary_v1/COMPLETE.json
 create mode 100644 smart_building_conformal/outputs/matched_forecasting005/fold2_multiseed_batch_v1/seed43_summary_v1/actual_seed_metadata.csv
 create mode 100644 smart_building_conformal/outputs/matched_forecasting005/fold2_multiseed_batch_v1/seed43_summary_v1/additional_folds_comparison.csv
 create mode 100644 smart_building_conformal/outputs/matched_forecasting005/fold2_multiseed_batch_v1/seed43_summary_v1/analysis_validation.json
 create mode 100644 smart_building_conformal/outputs/matched_forecasting005/fold2_multiseed_batch_v1/seed43_summary_v1/checkpoint_io.csv
 create mode 100644 smart_building_conformal/outputs/matched_forecasting005/fold2_multiseed_batch_v1/seed43_summary_v1/combined_comparison.csv
 create mode 100644 smart_building_conformal/outputs/matched_forecasting005/fold2_multiseed_batch_v1/seed43_summary_v1/command_attempts.csv
 create mode 100644 smart_building_conformal/outputs/matched_forecasting005/fold2_multiseed_batch_v1/seed43_summary_v1/completion_overlay.csv
 create mode 100644 smart_building_conformal/outputs/matched_forecasting005/fold2_multiseed_batch_v1/seed43_summary_v1/equal_group_diagnostics.csv
 create mode 100644 smart_building_conformal/outputs/matched_forecasting005/fold2_multiseed_batch_v1/seed43_summary_v1/evidence_reuse_ledger.csv
 create mode 100644 smart_building_conformal/outputs/matched_forecasting005/fold2_multiseed_batch_v1/seed43_summary_v1/fit_attempts.csv
 create mode 100644 smart_building_conformal/outputs/matched_forecasting005/fold2_multiseed_batch_v1/seed43_summary_v1/fold2_all_seed_run_costs.csv
 create mode 100644 smart_building_conformal/outputs/matched_forecasting005/fold2_multiseed_batch_v1/seed43_summary_v1/fold2_five_seed_comparison.csv
 create mode 100644 smart_building_conformal/outputs/matched_forecasting005/fold2_multiseed_batch_v1/seed43_summary_v1/group_metrics.csv
 create mode 100644 smart_building_conformal/outputs/matched_forecasting005/fold2_multiseed_batch_v1/seed43_summary_v1/interval_quality.csv
 create mode 100644 smart_building_conformal/outputs/matched_forecasting005/fold2_multiseed_batch_v1/seed43_summary_v1/measured_timing_references.csv
 create mode 100644 smart_building_conformal/outputs/matched_forecasting005/fold2_multiseed_batch_v1/seed43_summary_v1/model_costs.csv
 create mode 100644 smart_building_conformal/outputs/matched_forecasting005/fold2_multiseed_batch_v1/seed43_summary_v1/new_only_comparison.csv
 create mode 100644 smart_building_conformal/outputs/matched_forecasting005/fold2_multiseed_batch_v1/seed43_summary_v1/paired_model_contrasts.csv
 create mode 100644 smart_building_conformal/outputs/matched_forecasting005/fold2_multiseed_batch_v1/seed43_summary_v1/panel2_horizon_summary.csv
 create mode 100644 smart_building_conformal/outputs/matched_forecasting005/fold2_multiseed_batch_v1/seed43_summary_v1/remaining_queue_updated.csv
 create mode 100644 smart_building_conformal/outputs/matched_forecasting005/fold2_multiseed_batch_v1/seed43_summary_v1/rico_phase_metrics.csv
 create mode 100644 smart_building_conformal/outputs/matched_forecasting005/fold2_multiseed_batch_v1/seed43_summary_v1/run_costs.csv
 create mode 100644 smart_building_conformal/outputs/matched_forecasting005/fold2_multiseed_batch_v1/seed43_summary_v1/seed_block_costs.csv
 create mode 100644 smart_building_conformal/outputs/matched_forecasting005/fold2_multiseed_batch_v1/seed43_summary_v1/target_diagnostics.csv
 create mode 100644 smart_building_conformal/outputs/matched_forecasting005/fold2_multiseed_batch_v1/seed43_summary_v1/training_seed_summary.csv
 create mode 100644 smart_building_conformal/outputs/matched_forecasting005/fold2_multiseed_batch_v1/seed43_summary_v1/verification_summary.csv
 create mode 100644 smart_building_conformal/outputs/matched_forecasting005/pleia_energy_h1_f2_s43_v1.process.json
 create mode 100644 smart_building_conformal/outputs/matched_forecasting005/pleia_energy_h1_f2_s43_v1/checkpoint_io_20260913T230627400628.json
 create mode 100644 smart_building_conformal/outputs/matched_forecasting005/pleia_energy_h1_f2_s43_v1/checkpoint_manifest.json
 create mode 100644 smart_building_conformal/outputs/matched_forecasting005/pleia_energy_h1_f2_s43_v1/execution_environment.json
 create mode 100644 smart_building_conformal/outputs/matched_forecasting005/pleia_energy_h1_f2_s43_v1/fit_calls.jsonl
 create mode 100644 smart_building_conformal/outputs/matched_forecasting005/pleia_energy_h1_f2_s43_v1/interval_quality.csv
 create mode 100644 smart_building_conformal/outputs/matched_forecasting005/pleia_energy_h1_f2_s43_v1/point_summary.csv
 create mode 100644 smart_building_conformal/outputs/matched_forecasting005/pleia_energy_h1_f2_s43_v1/run_summary.json
 create mode 100644 smart_building_conformal/outputs/matched_forecasting005/pleia_energy_h1_f2_s43_v1/units/pleia_energy_h1_f2_s43_attention_lstm/COMPLETE.json
 create mode 100644 smart_building_conformal/outputs/matched_forecasting005/pleia_energy_h1_f2_s43_v1/units/pleia_energy_h1_f2_s43_attention_lstm/calibration.csv.gz
 create mode 100644 smart_building_conformal/outputs/matched_forecasting005/pleia_energy_h1_f2_s43_v1/units/pleia_energy_h1_f2_s43_attention_lstm/fitting_membership.csv.gz
 create mode 100644 smart_building_conformal/outputs/matched_forecasting005/pleia_energy_h1_f2_s43_v1/units/pleia_energy_h1_f2_s43_attention_lstm/model.pt
 create mode 100644 smart_building_conformal/outputs/matched_forecasting005/pleia_energy_h1_f2_s43_v1/units/pleia_energy_h1_f2_s43_attention_lstm/payload.json
 create mode 100644 smart_building_conformal/outputs/matched_forecasting005/pleia_energy_h1_f2_s43_v1/units/pleia_energy_h1_f2_s43_attention_lstm/predictions.csv.gz
 create mode 100644 smart_building_conformal/outputs/matched_forecasting005/pleia_energy_h1_f2_s43_v1/units/pleia_energy_h1_f2_s43_attention_lstm/training_history.csv.gz
 create mode 100644 smart_building_conformal/outputs/matched_forecasting005/pleia_energy_h1_f2_s43_v1/units/pleia_energy_h1_f2_s43_attention_lstm/tuning.csv.gz
 create mode 100644 smart_building_conformal/outputs/matched_forecasting005/pleia_energy_h1_f2_s43_v1/units/pleia_energy_h1_f2_s43_attention_lstm/tuning_predictions.csv.gz
 create mode 100644 smart_building_conformal/outputs/matched_forecasting005/pleia_energy_h1_f2_s43_v1/units/pleia_energy_h1_f2_s43_persistence/COMPLETE.json
 create mode 100644 smart_building_conformal/outputs/matched_forecasting005/pleia_energy_h1_f2_s43_v1/units/pleia_energy_h1_f2_s43_persistence/calibration.csv.gz
 create mode 100644 smart_building_conformal/outputs/matched_forecasting005/pleia_energy_h1_f2_s43_v1/units/pleia_energy_h1_f2_s43_persistence/fitting_membership.csv.gz
 create mode 100644 smart_building_conformal/outputs/matched_forecasting005/pleia_energy_h1_f2_s43_v1/units/pleia_energy_h1_f2_s43_persistence/model.json
 create mode 100644 smart_building_conformal/outputs/matched_forecasting005/pleia_energy_h1_f2_s43_v1/units/pleia_energy_h1_f2_s43_persistence/payload.json
 create mode 100644 smart_building_conformal/outputs/matched_forecasting005/pleia_energy_h1_f2_s43_v1/units/pleia_energy_h1_f2_s43_persistence/predictions.csv.gz
 create mode 100644 smart_building_conformal/outputs/matched_forecasting005/pleia_energy_h1_f2_s43_v1/units/pleia_energy_h1_f2_s43_persistence/training_history.csv.gz
 create mode 100644 smart_building_conformal/outputs/matched_forecasting005/pleia_energy_h1_f2_s43_v1/units/pleia_energy_h1_f2_s43_persistence/tuning.csv.gz
 create mode 100644 smart_building_conformal/outputs/matched_forecasting005/pleia_energy_h1_f2_s43_v1/units/pleia_energy_h1_f2_s43_persistence/tuning_predictions.csv.gz
 create mode 100644 smart_building_conformal/outputs/matched_forecasting005/pleia_energy_h1_f2_s43_v1/units/pleia_energy_h1_f2_s43_xgboost/COMPLETE.json
 create mode 100644 smart_building_conformal/outputs/matched_forecasting005/pleia_energy_h1_f2_s43_v1/units/pleia_energy_h1_f2_s43_xgboost/booster_config.json
 create mode 100644 smart_building_conformal/outputs/matched_forecasting005/pleia_energy_h1_f2_s43_v1/units/pleia_energy_h1_f2_s43_xgboost/calibration.csv.gz
 create mode 100644 smart_building_conformal/outputs/matched_forecasting005/pleia_energy_h1_f2_s43_v1/units/pleia_energy_h1_f2_s43_xgboost/fitting_membership.csv.gz
 create mode 100644 smart_building_conformal/outputs/matched_forecasting005/pleia_energy_h1_f2_s43_v1/units/pleia_energy_h1_f2_s43_xgboost/model.ubj
 create mode 100644 smart_building_conformal/outputs/matched_forecasting005/pleia_energy_h1_f2_s43_v1/units/pleia_energy_h1_f2_s43_xgboost/payload.json
 create mode 100644 smart_building_conformal/outputs/matched_forecasting005/pleia_energy_h1_f2_s43_v1/units/pleia_energy_h1_f2_s43_xgboost/predictions.csv.gz
 create mode 100644 smart_building_conformal/outputs/matched_forecasting005/pleia_energy_h1_f2_s43_v1/units/pleia_energy_h1_f2_s43_xgboost/training_history.csv.gz
 create mode 100644 smart_building_conformal/outputs/matched_forecasting005/pleia_energy_h1_f2_s43_v1/units/pleia_energy_h1_f2_s43_xgboost/tuning.csv.gz
 create mode 100644 smart_building_conformal/outputs/matched_forecasting005/pleia_energy_h1_f2_s43_v1/units/pleia_energy_h1_f2_s43_xgboost/tuning_predictions.csv.gz
 create mode 100644 smart_building_conformal/outputs/matched_forecasting005/pleia_energy_h3_f2_s43_v1.process.json
 create mode 100644 smart_building_conformal/outputs/matched_forecasting005/pleia_energy_h3_f2_s43_v1/checkpoint_io_20260913T230830015241.json
 create mode 100644 smart_building_conformal/outputs/matched_forecasting005/pleia_energy_h3_f2_s43_v1/checkpoint_manifest.json
 create mode 100644 smart_building_conformal/outputs/matched_forecasting005/pleia_energy_h3_f2_s43_v1/execution_environment.json
 create mode 100644 smart_building_conformal/outputs/matched_forecasting005/pleia_energy_h3_f2_s43_v1/fit_calls.jsonl
 create mode 100644 smart_building_conformal/outputs/matched_forecasting005/pleia_energy_h3_f2_s43_v1/interval_quality.csv
 create mode 100644 smart_building_conformal/outputs/matched_forecasting005/pleia_energy_h3_f2_s43_v1/point_summary.csv
 create mode 100644 smart_building_conformal/outputs/matched_forecasting005/pleia_energy_h3_f2_s43_v1/run_summary.json
 create mode 100644 smart_building_conformal/outputs/matched_forecasting005/pleia_energy_h3_f2_s43_v1/units/pleia_energy_h3_f2_s43_attention_lstm/COMPLETE.json
 create mode 100644 smart_building_conformal/outputs/matched_forecasting005/pleia_energy_h3_f2_s43_v1/units/pleia_energy_h3_f2_s43_attention_lstm/calibration.csv.gz
 create mode 100644 smart_building_conformal/outputs/matched_forecasting005/pleia_energy_h3_f2_s43_v1/units/pleia_energy_h3_f2_s43_attention_lstm/fitting_membership.csv.gz
 create mode 100644 smart_building_conformal/outputs/matched_forecasting005/pleia_energy_h3_f2_s43_v1/units/pleia_energy_h3_f2_s43_attention_lstm/model.pt
 create mode 100644 smart_building_conformal/outputs/matched_forecasting005/pleia_energy_h3_f2_s43_v1/units/pleia_energy_h3_f2_s43_attention_lstm/payload.json
 create mode 100644 smart_building_conformal/outputs/matched_forecasting005/pleia_energy_h3_f2_s43_v1/units/pleia_energy_h3_f2_s43_attention_lstm/predictions.csv.gz
 create mode 100644 smart_building_conformal/outputs/matched_forecasting005/pleia_energy_h3_f2_s43_v1/units/pleia_energy_h3_f2_s43_attention_lstm/training_history.csv.gz
 create mode 100644 smart_building_conformal/outputs/matched_forecasting005/pleia_energy_h3_f2_s43_v1/units/pleia_energy_h3_f2_s43_attention_lstm/tuning.csv.gz
 create mode 100644 smart_building_conformal/outputs/matched_forecasting005/pleia_energy_h3_f2_s43_v1/units/pleia_energy_h3_f2_s43_attention_lstm/tuning_predictions.csv.gz
 create mode 100644 smart_building_conformal/outputs/matched_forecasting005/pleia_energy_h3_f2_s43_v1/units/pleia_energy_h3_f2_s43_persistence/COMPLETE.json
 create mode 100644 smart_building_conformal/outputs/matched_forecasting005/pleia_energy_h3_f2_s43_v1/units/pleia_energy_h3_f2_s43_persistence/calibration.csv.gz
 create mode 100644 smart_building_conformal/outputs/matched_forecasting005/pleia_energy_h3_f2_s43_v1/units/pleia_energy_h3_f2_s43_persistence/fitting_membership.csv.gz
 create mode 100644 smart_building_conformal/outputs/matched_forecasting005/pleia_energy_h3_f2_s43_v1/units/pleia_energy_h3_f2_s43_persistence/model.json
 create mode 100644 smart_building_conformal/outputs/matched_forecasting005/pleia_energy_h3_f2_s43_v1/units/pleia_energy_h3_f2_s43_persistence/payload.json
 create mode 100644 smart_building_conformal/outputs/matched_forecasting005/pleia_energy_h3_f2_s43_v1/units/pleia_energy_h3_f2_s43_persistence/predictions.csv.gz
 create mode 100644 smart_building_conformal/outputs/matched_forecasting005/pleia_energy_h3_f2_s43_v1/units/pleia_energy_h3_f2_s43_persistence/training_history.csv.gz
 create mode 100644 smart_building_conformal/outputs/matched_forecasting005/pleia_energy_h3_f2_s43_v1/units/pleia_energy_h3_f2_s43_persistence/tuning.csv.gz
 create mode 100644 smart_building_conformal/outputs/matched_forecasting005/pleia_energy_h3_f2_s43_v1/units/pleia_energy_h3_f2_s43_persistence/tuning_predictions.csv.gz
 create mode 100644 smart_building_conformal/outputs/matched_forecasting005/pleia_energy_h3_f2_s43_v1/units/pleia_energy_h3_f2_s43_xgboost/COMPLETE.json
 create mode 100644 smart_building_conformal/outputs/matched_forecasting005/pleia_energy_h3_f2_s43_v1/units/pleia_energy_h3_f2_s43_xgboost/booster_config.json
 create mode 100644 smart_building_conformal/outputs/matched_forecasting005/pleia_energy_h3_f2_s43_v1/units/pleia_energy_h3_f2_s43_xgboost/calibration.csv.gz
 create mode 100644 smart_building_conformal/outputs/matched_forecasting005/pleia_energy_h3_f2_s43_v1/units/pleia_energy_h3_f2_s43_xgboost/fitting_membership.csv.gz
 create mode 100644 smart_building_conformal/outputs/matched_forecasting005/pleia_energy_h3_f2_s43_v1/units/pleia_energy_h3_f2_s43_xgboost/model.ubj
 create mode 100644 smart_building_conformal/outputs/matched_forecasting005/pleia_energy_h3_f2_s43_v1/units/pleia_energy_h3_f2_s43_xgboost/payload.json
 create mode 100644 smart_building_conformal/outputs/matched_forecasting005/pleia_energy_h3_f2_s43_v1/units/pleia_energy_h3_f2_s43_xgboost/predictions.csv.gz
 create mode 100644 smart_building_conformal/outputs/matched_forecasting005/pleia_energy_h3_f2_s43_v1/units/pleia_energy_h3_f2_s43_xgboost/training_history.csv.gz
 create mode 100644 smart_building_conformal/outputs/matched_forecasting005/pleia_energy_h3_f2_s43_v1/units/pleia_energy_h3_f2_s43_xgboost/tuning.csv.gz
 create mode 100644 smart_building_conformal/outputs/matched_forecasting005/pleia_energy_h3_f2_s43_v1/units/pleia_energy_h3_f2_s43_xgboost/tuning_predictions.csv.gz
 create mode 100644 smart_building_conformal/outputs/matched_forecasting005/pleia_energy_h6_f2_s43_v1.process.json
 create mode 100644 smart_building_conformal/outputs/matched_forecasting005/pleia_energy_h6_f2_s43_v1/checkpoint_io_20260913T231017242830.json
 create mode 100644 smart_building_conformal/outputs/matched_forecasting005/pleia_energy_h6_f2_s43_v1/checkpoint_manifest.json
 create mode 100644 smart_building_conformal/outputs/matched_forecasting005/pleia_energy_h6_f2_s43_v1/execution_environment.json
 create mode 100644 smart_building_conformal/outputs/matched_forecasting005/pleia_energy_h6_f2_s43_v1/fit_calls.jsonl
 create mode 100644 smart_building_conformal/outputs/matched_forecasting005/pleia_energy_h6_f2_s43_v1/interval_quality.csv
 create mode 100644 smart_building_conformal/outputs/matched_forecasting005/pleia_energy_h6_f2_s43_v1/point_summary.csv
 create mode 100644 smart_building_conformal/outputs/matched_forecasting005/pleia_energy_h6_f2_s43_v1/run_summary.json
 create mode 100644 smart_building_conformal/outputs/matched_forecasting005/pleia_energy_h6_f2_s43_v1/units/pleia_energy_h6_f2_s43_attention_lstm/COMPLETE.json
 create mode 100644 smart_building_conformal/outputs/matched_forecasting005/pleia_energy_h6_f2_s43_v1/units/pleia_energy_h6_f2_s43_attention_lstm/calibration.csv.gz
 create mode 100644 smart_building_conformal/outputs/matched_forecasting005/pleia_energy_h6_f2_s43_v1/units/pleia_energy_h6_f2_s43_attention_lstm/fitting_membership.csv.gz
 create mode 100644 smart_building_conformal/outputs/matched_forecasting005/pleia_energy_h6_f2_s43_v1/units/pleia_energy_h6_f2_s43_attention_lstm/model.pt
 create mode 100644 smart_building_conformal/outputs/matched_forecasting005/pleia_energy_h6_f2_s43_v1/units/pleia_energy_h6_f2_s43_attention_lstm/payload.json
 create mode 100644 smart_building_conformal/outputs/matched_forecasting005/pleia_energy_h6_f2_s43_v1/units/pleia_energy_h6_f2_s43_attention_lstm/predictions.csv.gz
 create mode 100644 smart_building_conformal/outputs/matched_forecasting005/pleia_energy_h6_f2_s43_v1/units/pleia_energy_h6_f2_s43_attention_lstm/training_history.csv.gz
 create mode 100644 smart_building_conformal/outputs/matched_forecasting005/pleia_energy_h6_f2_s43_v1/units/pleia_energy_h6_f2_s43_attention_lstm/tuning.csv.gz
 create mode 100644 smart_building_conformal/outputs/matched_forecasting005/pleia_energy_h6_f2_s43_v1/units/pleia_energy_h6_f2_s43_attention_lstm/tuning_predictions.csv.gz
 create mode 100644 smart_building_conformal/outputs/matched_forecasting005/pleia_energy_h6_f2_s43_v1/units/pleia_energy_h6_f2_s43_persistence/COMPLETE.json
 create mode 100644 smart_building_conformal/outputs/matched_forecasting005/pleia_energy_h6_f2_s43_v1/units/pleia_energy_h6_f2_s43_persistence/calibration.csv.gz
 create mode 100644 smart_building_conformal/outputs/matched_forecasting005/pleia_energy_h6_f2_s43_v1/units/pleia_energy_h6_f2_s43_persistence/fitting_membership.csv.gz
 create mode 100644 smart_building_conformal/outputs/matched_forecasting005/pleia_energy_h6_f2_s43_v1/units/pleia_energy_h6_f2_s43_persistence/model.json
 create mode 100644 smart_building_conformal/outputs/matched_forecasting005/pleia_energy_h6_f2_s43_v1/units/pleia_energy_h6_f2_s43_persistence/payload.json
 create mode 100644 smart_building_conformal/outputs/matched_forecasting005/pleia_energy_h6_f2_s43_v1/units/pleia_energy_h6_f2_s43_persistence/predictions.csv.gz
 create mode 100644 smart_building_conformal/outputs/matched_forecasting005/pleia_energy_h6_f2_s43_v1/units/pleia_energy_h6_f2_s43_persistence/training_history.csv.gz
 create mode 100644 smart_building_conformal/outputs/matched_forecasting005/pleia_energy_h6_f2_s43_v1/units/pleia_energy_h6_f2_s43_persistence/tuning.csv.gz
 create mode 100644 smart_building_conformal/outputs/matched_forecasting005/pleia_energy_h6_f2_s43_v1/units/pleia_energy_h6_f2_s43_persistence/tuning_predictions.csv.gz
 create mode 100644 smart_building_conformal/outputs/matched_forecasting005/pleia_energy_h6_f2_s43_v1/units/pleia_energy_h6_f2_s43_xgboost/COMPLETE.json
 create mode 100644 smart_building_conformal/outputs/matched_forecasting005/pleia_energy_h6_f2_s43_v1/units/pleia_energy_h6_f2_s43_xgboost/booster_config.json
 create mode 100644 smart_building_conformal/outputs/matched_forecasting005/pleia_energy_h6_f2_s43_v1/units/pleia_energy_h6_f2_s43_xgboost/calibration.csv.gz
 create mode 100644 smart_building_conformal/outputs/matched_forecasting005/pleia_energy_h6_f2_s43_v1/units/pleia_energy_h6_f2_s43_xgboost/fitting_membership.csv.gz
 create mode 100644 smart_building_conformal/outputs/matched_forecasting005/pleia_energy_h6_f2_s43_v1/units/pleia_energy_h6_f2_s43_xgboost/model.ubj
 create mode 100644 smart_building_conformal/outputs/matched_forecasting005/pleia_energy_h6_f2_s43_v1/units/pleia_energy_h6_f2_s43_xgboost/payload.json
 create mode 100644 smart_building_conformal/outputs/matched_forecasting005/pleia_energy_h6_f2_s43_v1/units/pleia_energy_h6_f2_s43_xgboost/predictions.csv.gz
 create mode 100644 smart_building_conformal/outputs/matched_forecasting005/pleia_energy_h6_f2_s43_v1/units/pleia_energy_h6_f2_s43_xgboost/training_history.csv.gz
 create mode 100644 smart_building_conformal/outputs/matched_forecasting005/pleia_energy_h6_f2_s43_v1/units/pleia_energy_h6_f2_s43_xgboost/tuning.csv.gz
 create mode 100644 smart_building_conformal/outputs/matched_forecasting005/pleia_energy_h6_f2_s43_v1/units/pleia_energy_h6_f2_s43_xgboost/tuning_predictions.csv.gz
 create mode 100644 smart_building_conformal/outputs/matched_forecasting005/pleia_h1_f2_s43_v1.process.json
 create mode 100644 smart_building_conformal/outputs/matched_forecasting005/pleia_h1_f2_s43_v1/checkpoint_io_20260913T235354928894.json
 create mode 100644 smart_building_conformal/outputs/matched_forecasting005/pleia_h1_f2_s43_v1/checkpoint_manifest.json
 create mode 100644 smart_building_conformal/outputs/matched_forecasting005/pleia_h1_f2_s43_v1/execution_environment.json
 create mode 100644 smart_building_conformal/outputs/matched_forecasting005/pleia_h1_f2_s43_v1/fit_calls.jsonl
 create mode 100644 smart_building_conformal/outputs/matched_forecasting005/pleia_h1_f2_s43_v1/interval_quality.csv
 create mode 100644 smart_building_conformal/outputs/matched_forecasting005/pleia_h1_f2_s43_v1/point_summary.csv
 create mode 100644 smart_building_conformal/outputs/matched_forecasting005/pleia_h1_f2_s43_v1/run_summary.json
 create mode 100644 smart_building_conformal/outputs/matched_forecasting005/pleia_h1_f2_s43_v1/units/pleia_h1_f2_s43_attention_lstm/COMPLETE.json
 create mode 100644 smart_building_conformal/outputs/matched_forecasting005/pleia_h1_f2_s43_v1/units/pleia_h1_f2_s43_attention_lstm/calibration.csv.gz
 create mode 100644 smart_building_conformal/outputs/matched_forecasting005/pleia_h1_f2_s43_v1/units/pleia_h1_f2_s43_attention_lstm/fitting_membership.csv.gz
 create mode 100644 smart_building_conformal/outputs/matched_forecasting005/pleia_h1_f2_s43_v1/units/pleia_h1_f2_s43_attention_lstm/model.pt
 create mode 100644 smart_building_conformal/outputs/matched_forecasting005/pleia_h1_f2_s43_v1/units/pleia_h1_f2_s43_attention_lstm/payload.json
 create mode 100644 smart_building_conformal/outputs/matched_forecasting005/pleia_h1_f2_s43_v1/units/pleia_h1_f2_s43_attention_lstm/predictions.csv.gz
 create mode 100644 smart_building_conformal/outputs/matched_forecasting005/pleia_h1_f2_s43_v1/units/pleia_h1_f2_s43_attention_lstm/training_history.csv.gz
 create mode 100644 smart_building_conformal/outputs/matched_forecasting005/pleia_h1_f2_s43_v1/units/pleia_h1_f2_s43_attention_lstm/tuning.csv.gz
 create mode 100644 smart_building_conformal/outputs/matched_forecasting005/pleia_h1_f2_s43_v1/units/pleia_h1_f2_s43_attention_lstm/tuning_predictions.csv.gz
 create mode 100644 smart_building_conformal/outputs/matched_forecasting005/pleia_h1_f2_s43_v1/units/pleia_h1_f2_s43_persistence/COMPLETE.json
 create mode 100644 smart_building_conformal/outputs/matched_forecasting005/pleia_h1_f2_s43_v1/units/pleia_h1_f2_s43_persistence/calibration.csv.gz
 create mode 100644 smart_building_conformal/outputs/matched_forecasting005/pleia_h1_f2_s43_v1/units/pleia_h1_f2_s43_persistence/fitting_membership.csv.gz
 create mode 100644 smart_building_conformal/outputs/matched_forecasting005/pleia_h1_f2_s43_v1/units/pleia_h1_f2_s43_persistence/model.json
 create mode 100644 smart_building_conformal/outputs/matched_forecasting005/pleia_h1_f2_s43_v1/units/pleia_h1_f2_s43_persistence/payload.json
 create mode 100644 smart_building_conformal/outputs/matched_forecasting005/pleia_h1_f2_s43_v1/units/pleia_h1_f2_s43_persistence/predictions.csv.gz
 create mode 100644 smart_building_conformal/outputs/matched_forecasting005/pleia_h1_f2_s43_v1/units/pleia_h1_f2_s43_persistence/training_history.csv.gz
 create mode 100644 smart_building_conformal/outputs/matched_forecasting005/pleia_h1_f2_s43_v1/units/pleia_h1_f2_s43_persistence/tuning.csv.gz
 create mode 100644 smart_building_conformal/outputs/matched_forecasting005/pleia_h1_f2_s43_v1/units/pleia_h1_f2_s43_persistence/tuning_predictions.csv.gz
 create mode 100644 smart_building_conformal/outputs/matched_forecasting005/pleia_h1_f2_s43_v1/units/pleia_h1_f2_s43_xgboost/COMPLETE.json
 create mode 100644 smart_building_conformal/outputs/matched_forecasting005/pleia_h1_f2_s43_v1/units/pleia_h1_f2_s43_xgboost/booster_config.json
 create mode 100644 smart_building_conformal/outputs/matched_forecasting005/pleia_h1_f2_s43_v1/units/pleia_h1_f2_s43_xgboost/calibration.csv.gz
 create mode 100644 smart_building_conformal/outputs/matched_forecasting005/pleia_h1_f2_s43_v1/units/pleia_h1_f2_s43_xgboost/fitting_membership.csv.gz
 create mode 100644 smart_building_conformal/outputs/matched_forecasting005/pleia_h1_f2_s43_v1/units/pleia_h1_f2_s43_xgboost/model.ubj
 create mode 100644 smart_building_conformal/outputs/matched_forecasting005/pleia_h1_f2_s43_v1/units/pleia_h1_f2_s43_xgboost/payload.json
 create mode 100644 smart_building_conformal/outputs/matched_forecasting005/pleia_h1_f2_s43_v1/units/pleia_h1_f2_s43_xgboost/predictions.csv.gz
 create mode 100644 smart_building_conformal/outputs/matched_forecasting005/pleia_h1_f2_s43_v1/units/pleia_h1_f2_s43_xgboost/training_history.csv.gz
 create mode 100644 smart_building_conformal/outputs/matched_forecasting005/pleia_h1_f2_s43_v1/units/pleia_h1_f2_s43_xgboost/tuning.csv.gz
 create mode 100644 smart_building_conformal/outputs/matched_forecasting005/pleia_h1_f2_s43_v1/units/pleia_h1_f2_s43_xgboost/tuning_predictions.csv.gz
 create mode 100644 smart_building_conformal/outputs/matched_forecasting005/pleia_h3_f2_s43_v1.process.json
 create mode 100644 smart_building_conformal/outputs/matched_forecasting005/pleia_h3_f2_s43_v1/checkpoint_io_20260913T235738794082.json
 create mode 100644 smart_building_conformal/outputs/matched_forecasting005/pleia_h3_f2_s43_v1/checkpoint_manifest.json
 create mode 100644 smart_building_conformal/outputs/matched_forecasting005/pleia_h3_f2_s43_v1/execution_environment.json
 create mode 100644 smart_building_conformal/outputs/matched_forecasting005/pleia_h3_f2_s43_v1/fit_calls.jsonl
 create mode 100644 smart_building_conformal/outputs/matched_forecasting005/pleia_h3_f2_s43_v1/interval_quality.csv
 create mode 100644 smart_building_conformal/outputs/matched_forecasting005/pleia_h3_f2_s43_v1/point_summary.csv
 create mode 100644 smart_building_conformal/outputs/matched_forecasting005/pleia_h3_f2_s43_v1/run_summary.json
 create mode 100644 smart_building_conformal/outputs/matched_forecasting005/pleia_h3_f2_s43_v1/units/pleia_h3_f2_s43_attention_lstm/COMPLETE.json
 create mode 100644 smart_building_conformal/outputs/matched_forecasting005/pleia_h3_f2_s43_v1/units/pleia_h3_f2_s43_attention_lstm/calibration.csv.gz
 create mode 100644 smart_building_conformal/outputs/matched_forecasting005/pleia_h3_f2_s43_v1/units/pleia_h3_f2_s43_attention_lstm/fitting_membership.csv.gz
 create mode 100644 smart_building_conformal/outputs/matched_forecasting005/pleia_h3_f2_s43_v1/units/pleia_h3_f2_s43_attention_lstm/model.pt
 create mode 100644 smart_building_conformal/outputs/matched_forecasting005/pleia_h3_f2_s43_v1/units/pleia_h3_f2_s43_attention_lstm/payload.json
 create mode 100644 smart_building_conformal/outputs/matched_forecasting005/pleia_h3_f2_s43_v1/units/pleia_h3_f2_s43_attention_lstm/predictions.csv.gz
 create mode 100644 smart_building_conformal/outputs/matched_forecasting005/pleia_h3_f2_s43_v1/units/pleia_h3_f2_s43_attention_lstm/training_history.csv.gz
 create mode 100644 smart_building_conformal/outputs/matched_forecasting005/pleia_h3_f2_s43_v1/units/pleia_h3_f2_s43_attention_lstm/tuning.csv.gz
 create mode 100644 smart_building_conformal/outputs/matched_forecasting005/pleia_h3_f2_s43_v1/units/pleia_h3_f2_s43_attention_lstm/tuning_predictions.csv.gz
 create mode 100644 smart_building_conformal/outputs/matched_forecasting005/pleia_h3_f2_s43_v1/units/pleia_h3_f2_s43_persistence/COMPLETE.json
 create mode 100644 smart_building_conformal/outputs/matched_forecasting005/pleia_h3_f2_s43_v1/units/pleia_h3_f2_s43_persistence/calibration.csv.gz
 create mode 100644 smart_building_conformal/outputs/matched_forecasting005/pleia_h3_f2_s43_v1/units/pleia_h3_f2_s43_persistence/fitting_membership.csv.gz
 create mode 100644 smart_building_conformal/outputs/matched_forecasting005/pleia_h3_f2_s43_v1/units/pleia_h3_f2_s43_persistence/model.json
 create mode 100644 smart_building_conformal/outputs/matched_forecasting005/pleia_h3_f2_s43_v1/units/pleia_h3_f2_s43_persistence/payload.json
 create mode 100644 smart_building_conformal/outputs/matched_forecasting005/pleia_h3_f2_s43_v1/units/pleia_h3_f2_s43_persistence/predictions.csv.gz
 create mode 100644 smart_building_conformal/outputs/matched_forecasting005/pleia_h3_f2_s43_v1/units/pleia_h3_f2_s43_persistence/training_history.csv.gz
 create mode 100644 smart_building_conformal/outputs/matched_forecasting005/pleia_h3_f2_s43_v1/units/pleia_h3_f2_s43_persistence/tuning.csv.gz
 create mode 100644 smart_building_conformal/outputs/matched_forecasting005/pleia_h3_f2_s43_v1/units/pleia_h3_f2_s43_persistence/tuning_predictions.csv.gz
 create mode 100644 smart_building_conformal/outputs/matched_forecasting005/pleia_h3_f2_s43_v1/units/pleia_h3_f2_s43_xgboost/COMPLETE.json
 create mode 100644 smart_building_conformal/outputs/matched_forecasting005/pleia_h3_f2_s43_v1/units/pleia_h3_f2_s43_xgboost/booster_config.json
 create mode 100644 smart_building_conformal/outputs/matched_forecasting005/pleia_h3_f2_s43_v1/units/pleia_h3_f2_s43_xgboost/calibration.csv.gz
 create mode 100644 smart_building_conformal/outputs/matched_forecasting005/pleia_h3_f2_s43_v1/units/pleia_h3_f2_s43_xgboost/fitting_membership.csv.gz
 create mode 100644 smart_building_conformal/outputs/matched_forecasting005/pleia_h3_f2_s43_v1/units/pleia_h3_f2_s43_xgboost/model.ubj
 create mode 100644 smart_building_conformal/outputs/matched_forecasting005/pleia_h3_f2_s43_v1/units/pleia_h3_f2_s43_xgboost/payload.json
 create mode 100644 smart_building_conformal/outputs/matched_forecasting005/pleia_h3_f2_s43_v1/units/pleia_h3_f2_s43_xgboost/predictions.csv.gz
 create mode 100644 smart_building_conformal/outputs/matched_forecasting005/pleia_h3_f2_s43_v1/units/pleia_h3_f2_s43_xgboost/training_history.csv.gz
 create mode 100644 smart_building_conformal/outputs/matched_forecasting005/pleia_h3_f2_s43_v1/units/pleia_h3_f2_s43_xgboost/tuning.csv.gz
 create mode 100644 smart_building_conformal/outputs/matched_forecasting005/pleia_h3_f2_s43_v1/units/pleia_h3_f2_s43_xgboost/tuning_predictions.csv.gz
 create mode 100644 smart_building_conformal/outputs/matched_forecasting005/pleia_h6_f2_s43_v1.process.json
 create mode 100644 smart_building_conformal/outputs/matched_forecasting005/pleia_h6_f2_s43_v1/checkpoint_io_20260914T000017441377.json
 create mode 100644 smart_building_conformal/outputs/matched_forecasting005/pleia_h6_f2_s43_v1/checkpoint_manifest.json
 create mode 100644 smart_building_conformal/outputs/matched_forecasting005/pleia_h6_f2_s43_v1/execution_environment.json
 create mode 100644 smart_building_conformal/outputs/matched_forecasting005/pleia_h6_f2_s43_v1/fit_calls.jsonl
 create mode 100644 smart_building_conformal/outputs/matched_forecasting005/pleia_h6_f2_s43_v1/interval_quality.csv
 create mode 100644 smart_building_conformal/outputs/matched_forecasting005/pleia_h6_f2_s43_v1/point_summary.csv
 create mode 100644 smart_building_conformal/outputs/matched_forecasting005/pleia_h6_f2_s43_v1/run_summary.json
 create mode 100644 smart_building_conformal/outputs/matched_forecasting005/pleia_h6_f2_s43_v1/units/pleia_h6_f2_s43_attention_lstm/COMPLETE.json
 create mode 100644 smart_building_conformal/outputs/matched_forecasting005/pleia_h6_f2_s43_v1/units/pleia_h6_f2_s43_attention_lstm/calibration.csv.gz
 create mode 100644 smart_building_conformal/outputs/matched_forecasting005/pleia_h6_f2_s43_v1/units/pleia_h6_f2_s43_attention_lstm/fitting_membership.csv.gz
 create mode 100644 smart_building_conformal/outputs/matched_forecasting005/pleia_h6_f2_s43_v1/units/pleia_h6_f2_s43_attention_lstm/model.pt
 create mode 100644 smart_building_conformal/outputs/matched_forecasting005/pleia_h6_f2_s43_v1/units/pleia_h6_f2_s43_attention_lstm/payload.json
 create mode 100644 smart_building_conformal/outputs/matched_forecasting005/pleia_h6_f2_s43_v1/units/pleia_h6_f2_s43_attention_lstm/predictions.csv.gz
 create mode 100644 smart_building_conformal/outputs/matched_forecasting005/pleia_h6_f2_s43_v1/units/pleia_h6_f2_s43_attention_lstm/training_history.csv.gz
 create mode 100644 smart_building_conformal/outputs/matched_forecasting005/pleia_h6_f2_s43_v1/units/pleia_h6_f2_s43_attention_lstm/tuning.csv.gz
 create mode 100644 smart_building_conformal/outputs/matched_forecasting005/pleia_h6_f2_s43_v1/units/pleia_h6_f2_s43_attention_lstm/tuning_predictions.csv.gz
 create mode 100644 smart_building_conformal/outputs/matched_forecasting005/pleia_h6_f2_s43_v1/units/pleia_h6_f2_s43_persistence/COMPLETE.json
 create mode 100644 smart_building_conformal/outputs/matched_forecasting005/pleia_h6_f2_s43_v1/units/pleia_h6_f2_s43_persistence/calibration.csv.gz
 create mode 100644 smart_building_conformal/outputs/matched_forecasting005/pleia_h6_f2_s43_v1/units/pleia_h6_f2_s43_persistence/fitting_membership.csv.gz
 create mode 100644 smart_building_conformal/outputs/matched_forecasting005/pleia_h6_f2_s43_v1/units/pleia_h6_f2_s43_persistence/model.json
 create mode 100644 smart_building_conformal/outputs/matched_forecasting005/pleia_h6_f2_s43_v1/units/pleia_h6_f2_s43_persistence/payload.json
 create mode 100644 smart_building_conformal/outputs/matched_forecasting005/pleia_h6_f2_s43_v1/units/pleia_h6_f2_s43_persistence/predictions.csv.gz
 create mode 100644 smart_building_conformal/outputs/matched_forecasting005/pleia_h6_f2_s43_v1/units/pleia_h6_f2_s43_persistence/training_history.csv.gz
 create mode 100644 smart_building_conformal/outputs/matched_forecasting005/pleia_h6_f2_s43_v1/units/pleia_h6_f2_s43_persistence/tuning.csv.gz
 create mode 100644 smart_building_conformal/outputs/matched_forecasting005/pleia_h6_f2_s43_v1/units/pleia_h6_f2_s43_persistence/tuning_predictions.csv.gz
 create mode 100644 smart_building_conformal/outputs/matched_forecasting005/pleia_h6_f2_s43_v1/units/pleia_h6_f2_s43_xgboost/COMPLETE.json
 create mode 100644 smart_building_conformal/outputs/matched_forecasting005/pleia_h6_f2_s43_v1/units/pleia_h6_f2_s43_xgboost/booster_config.json
 create mode 100644 smart_building_conformal/outputs/matched_forecasting005/pleia_h6_f2_s43_v1/units/pleia_h6_f2_s43_xgboost/calibration.csv.gz
 create mode 100644 smart_building_conformal/outputs/matched_forecasting005/pleia_h6_f2_s43_v1/units/pleia_h6_f2_s43_xgboost/fitting_membership.csv.gz
 create mode 100644 smart_building_conformal/outputs/matched_forecasting005/pleia_h6_f2_s43_v1/units/pleia_h6_f2_s43_xgboost/model.ubj
 create mode 100644 smart_building_conformal/outputs/matched_forecasting005/pleia_h6_f2_s43_v1/units/pleia_h6_f2_s43_xgboost/payload.json
 create mode 100644 smart_building_conformal/outputs/matched_forecasting005/pleia_h6_f2_s43_v1/units/pleia_h6_f2_s43_xgboost/predictions.csv.gz
 create mode 100644 smart_building_conformal/outputs/matched_forecasting005/pleia_h6_f2_s43_v1/units/pleia_h6_f2_s43_xgboost/training_history.csv.gz
 create mode 100644 smart_building_conformal/outputs/matched_forecasting005/pleia_h6_f2_s43_v1/units/pleia_h6_f2_s43_xgboost/tuning.csv.gz
 create mode 100644 smart_building_conformal/outputs/matched_forecasting005/pleia_h6_f2_s43_v1/units/pleia_h6_f2_s43_xgboost/tuning_predictions.csv.gz
 create mode 100644 smart_building_conformal/outputs/matched_forecasting005/rico_h15_f2_s43_v1.process.json
 create mode 100644 smart_building_conformal/outputs/matched_forecasting005/rico_h15_f2_s43_v1/checkpoint_io_20260913T231451806386.json
 create mode 100644 smart_building_conformal/outputs/matched_forecasting005/rico_h15_f2_s43_v1/checkpoint_manifest.json
 create mode 100644 smart_building_conformal/outputs/matched_forecasting005/rico_h15_f2_s43_v1/execution_environment.json
 create mode 100644 smart_building_conformal/outputs/matched_forecasting005/rico_h15_f2_s43_v1/fit_calls.jsonl
 create mode 100644 smart_building_conformal/outputs/matched_forecasting005/rico_h15_f2_s43_v1/interval_quality.csv
 create mode 100644 smart_building_conformal/outputs/matched_forecasting005/rico_h15_f2_s43_v1/point_summary.csv
 create mode 100644 smart_building_conformal/outputs/matched_forecasting005/rico_h15_f2_s43_v1/run_summary.json
 create mode 100644 smart_building_conformal/outputs/matched_forecasting005/rico_h15_f2_s43_v1/units/rico_h15_f2_s43_attention_lstm/COMPLETE.json
 create mode 100644 smart_building_conformal/outputs/matched_forecasting005/rico_h15_f2_s43_v1/units/rico_h15_f2_s43_attention_lstm/calibration.csv.gz
 create mode 100644 smart_building_conformal/outputs/matched_forecasting005/rico_h15_f2_s43_v1/units/rico_h15_f2_s43_attention_lstm/fitting_membership.csv.gz
 create mode 100644 smart_building_conformal/outputs/matched_forecasting005/rico_h15_f2_s43_v1/units/rico_h15_f2_s43_attention_lstm/model.pt
 create mode 100644 smart_building_conformal/outputs/matched_forecasting005/rico_h15_f2_s43_v1/units/rico_h15_f2_s43_attention_lstm/payload.json
 create mode 100644 smart_building_conformal/outputs/matched_forecasting005/rico_h15_f2_s43_v1/units/rico_h15_f2_s43_attention_lstm/predictions.csv.gz
 create mode 100644 smart_building_conformal/outputs/matched_forecasting005/rico_h15_f2_s43_v1/units/rico_h15_f2_s43_attention_lstm/training_history.csv.gz
 create mode 100644 smart_building_conformal/outputs/matched_forecasting005/rico_h15_f2_s43_v1/units/rico_h15_f2_s43_attention_lstm/tuning.csv.gz
 create mode 100644 smart_building_conformal/outputs/matched_forecasting005/rico_h15_f2_s43_v1/units/rico_h15_f2_s43_attention_lstm/tuning_predictions.csv.gz
 create mode 100644 smart_building_conformal/outputs/matched_forecasting005/rico_h15_f2_s43_v1/units/rico_h15_f2_s43_persistence/COMPLETE.json
 create mode 100644 smart_building_conformal/outputs/matched_forecasting005/rico_h15_f2_s43_v1/units/rico_h15_f2_s43_persistence/calibration.csv.gz
 create mode 100644 smart_building_conformal/outputs/matched_forecasting005/rico_h15_f2_s43_v1/units/rico_h15_f2_s43_persistence/fitting_membership.csv.gz
 create mode 100644 smart_building_conformal/outputs/matched_forecasting005/rico_h15_f2_s43_v1/units/rico_h15_f2_s43_persistence/model.json
 create mode 100644 smart_building_conformal/outputs/matched_forecasting005/rico_h15_f2_s43_v1/units/rico_h15_f2_s43_persistence/payload.json
 create mode 100644 smart_building_conformal/outputs/matched_forecasting005/rico_h15_f2_s43_v1/units/rico_h15_f2_s43_persistence/predictions.csv.gz
 create mode 100644 smart_building_conformal/outputs/matched_forecasting005/rico_h15_f2_s43_v1/units/rico_h15_f2_s43_persistence/training_history.csv.gz
 create mode 100644 smart_building_conformal/outputs/matched_forecasting005/rico_h15_f2_s43_v1/units/rico_h15_f2_s43_persistence/tuning.csv.gz
 create mode 100644 smart_building_conformal/outputs/matched_forecasting005/rico_h15_f2_s43_v1/units/rico_h15_f2_s43_persistence/tuning_predictions.csv.gz
 create mode 100644 smart_building_conformal/outputs/matched_forecasting005/rico_h15_f2_s43_v1/units/rico_h15_f2_s43_xgboost/COMPLETE.json
 create mode 100644 smart_building_conformal/outputs/matched_forecasting005/rico_h15_f2_s43_v1/units/rico_h15_f2_s43_xgboost/booster_config.json
 create mode 100644 smart_building_conformal/outputs/matched_forecasting005/rico_h15_f2_s43_v1/units/rico_h15_f2_s43_xgboost/calibration.csv.gz
 create mode 100644 smart_building_conformal/outputs/matched_forecasting005/rico_h15_f2_s43_v1/units/rico_h15_f2_s43_xgboost/fitting_membership.csv.gz
 create mode 100644 smart_building_conformal/outputs/matched_forecasting005/rico_h15_f2_s43_v1/units/rico_h15_f2_s43_xgboost/model.ubj
 create mode 100644 smart_building_conformal/outputs/matched_forecasting005/rico_h15_f2_s43_v1/units/rico_h15_f2_s43_xgboost/payload.json
 create mode 100644 smart_building_conformal/outputs/matched_forecasting005/rico_h15_f2_s43_v1/units/rico_h15_f2_s43_xgboost/predictions.csv.gz
 create mode 100644 smart_building_conformal/outputs/matched_forecasting005/rico_h15_f2_s43_v1/units/rico_h15_f2_s43_xgboost/training_history.csv.gz
 create mode 100644 smart_building_conformal/outputs/matched_forecasting005/rico_h15_f2_s43_v1/units/rico_h15_f2_s43_xgboost/tuning.csv.gz
 create mode 100644 smart_building_conformal/outputs/matched_forecasting005/rico_h15_f2_s43_v1/units/rico_h15_f2_s43_xgboost/tuning_predictions.csv.gz
 create mode 100644 smart_building_conformal/outputs/matched_forecasting005/rico_h30_f2_s43_v1.process.json
 create mode 100644 smart_building_conformal/outputs/matched_forecasting005/rico_h30_f2_s43_v1/checkpoint_io_20260913T231806263939.json
 create mode 100644 smart_building_conformal/outputs/matched_forecasting005/rico_h30_f2_s43_v1/checkpoint_manifest.json
 create mode 100644 smart_building_conformal/outputs/matched_forecasting005/rico_h30_f2_s43_v1/execution_environment.json
 create mode 100644 smart_building_conformal/outputs/matched_forecasting005/rico_h30_f2_s43_v1/fit_calls.jsonl
 create mode 100644 smart_building_conformal/outputs/matched_forecasting005/rico_h30_f2_s43_v1/interval_quality.csv
 create mode 100644 smart_building_conformal/outputs/matched_forecasting005/rico_h30_f2_s43_v1/point_summary.csv
 create mode 100644 smart_building_conformal/outputs/matched_forecasting005/rico_h30_f2_s43_v1/run_summary.json
 create mode 100644 smart_building_conformal/outputs/matched_forecasting005/rico_h30_f2_s43_v1/units/rico_h30_f2_s43_attention_lstm/COMPLETE.json
 create mode 100644 smart_building_conformal/outputs/matched_forecasting005/rico_h30_f2_s43_v1/units/rico_h30_f2_s43_attention_lstm/calibration.csv.gz
 create mode 100644 smart_building_conformal/outputs/matched_forecasting005/rico_h30_f2_s43_v1/units/rico_h30_f2_s43_attention_lstm/fitting_membership.csv.gz
 create mode 100644 smart_building_conformal/outputs/matched_forecasting005/rico_h30_f2_s43_v1/units/rico_h30_f2_s43_attention_lstm/model.pt
 create mode 100644 smart_building_conformal/outputs/matched_forecasting005/rico_h30_f2_s43_v1/units/rico_h30_f2_s43_attention_lstm/payload.json
 create mode 100644 smart_building_conformal/outputs/matched_forecasting005/rico_h30_f2_s43_v1/units/rico_h30_f2_s43_attention_lstm/predictions.csv.gz
 create mode 100644 smart_building_conformal/outputs/matched_forecasting005/rico_h30_f2_s43_v1/units/rico_h30_f2_s43_attention_lstm/training_history.csv.gz
 create mode 100644 smart_building_conformal/outputs/matched_forecasting005/rico_h30_f2_s43_v1/units/rico_h30_f2_s43_attention_lstm/tuning.csv.gz
 create mode 100644 smart_building_conformal/outputs/matched_forecasting005/rico_h30_f2_s43_v1/units/rico_h30_f2_s43_attention_lstm/tuning_predictions.csv.gz
 create mode 100644 smart_building_conformal/outputs/matched_forecasting005/rico_h30_f2_s43_v1/units/rico_h30_f2_s43_persistence/COMPLETE.json
 create mode 100644 smart_building_conformal/outputs/matched_forecasting005/rico_h30_f2_s43_v1/units/rico_h30_f2_s43_persistence/calibration.csv.gz
 create mode 100644 smart_building_conformal/outputs/matched_forecasting005/rico_h30_f2_s43_v1/units/rico_h30_f2_s43_persistence/fitting_membership.csv.gz
 create mode 100644 smart_building_conformal/outputs/matched_forecasting005/rico_h30_f2_s43_v1/units/rico_h30_f2_s43_persistence/model.json
 create mode 100644 smart_building_conformal/outputs/matched_forecasting005/rico_h30_f2_s43_v1/units/rico_h30_f2_s43_persistence/payload.json
 create mode 100644 smart_building_conformal/outputs/matched_forecasting005/rico_h30_f2_s43_v1/units/rico_h30_f2_s43_persistence/predictions.csv.gz
 create mode 100644 smart_building_conformal/outputs/matched_forecasting005/rico_h30_f2_s43_v1/units/rico_h30_f2_s43_persistence/training_history.csv.gz
 create mode 100644 smart_building_conformal/outputs/matched_forecasting005/rico_h30_f2_s43_v1/units/rico_h30_f2_s43_persistence/tuning.csv.gz
 create mode 100644 smart_building_conformal/outputs/matched_forecasting005/rico_h30_f2_s43_v1/units/rico_h30_f2_s43_persistence/tuning_predictions.csv.gz
 create mode 100644 smart_building_conformal/outputs/matched_forecasting005/rico_h30_f2_s43_v1/units/rico_h30_f2_s43_xgboost/COMPLETE.json
 create mode 100644 smart_building_conformal/outputs/matched_forecasting005/rico_h30_f2_s43_v1/units/rico_h30_f2_s43_xgboost/booster_config.json
 create mode 100644 smart_building_conformal/outputs/matched_forecasting005/rico_h30_f2_s43_v1/units/rico_h30_f2_s43_xgboost/calibration.csv.gz
 create mode 100644 smart_building_conformal/outputs/matched_forecasting005/rico_h30_f2_s43_v1/units/rico_h30_f2_s43_xgboost/fitting_membership.csv.gz
 create mode 100644 smart_building_conformal/outputs/matched_forecasting005/rico_h30_f2_s43_v1/units/rico_h30_f2_s43_xgboost/model.ubj
 create mode 100644 smart_building_conformal/outputs/matched_forecasting005/rico_h30_f2_s43_v1/units/rico_h30_f2_s43_xgboost/payload.json
 create mode 100644 smart_building_conformal/outputs/matched_forecasting005/rico_h30_f2_s43_v1/units/rico_h30_f2_s43_xgboost/predictions.csv.gz
 create mode 100644 smart_building_conformal/outputs/matched_forecasting005/rico_h30_f2_s43_v1/units/rico_h30_f2_s43_xgboost/training_history.csv.gz
 create mode 100644 smart_building_conformal/outputs/matched_forecasting005/rico_h30_f2_s43_v1/units/rico_h30_f2_s43_xgboost/tuning.csv.gz
 create mode 100644 smart_building_conformal/outputs/matched_forecasting005/rico_h30_f2_s43_v1/units/rico_h30_f2_s43_xgboost/tuning_predictions.csv.gz
 create mode 100644 smart_building_conformal/outputs/matched_forecasting005/rico_h5_f2_s43_v1.process.json
 create mode 100644 smart_building_conformal/outputs/matched_forecasting005/rico_h5_f2_s43_v1/checkpoint_io_20260913T231224755527.json
 create mode 100644 smart_building_conformal/outputs/matched_forecasting005/rico_h5_f2_s43_v1/checkpoint_manifest.json
 create mode 100644 smart_building_conformal/outputs/matched_forecasting005/rico_h5_f2_s43_v1/execution_environment.json
 create mode 100644 smart_building_conformal/outputs/matched_forecasting005/rico_h5_f2_s43_v1/fit_calls.jsonl
 create mode 100644 smart_building_conformal/outputs/matched_forecasting005/rico_h5_f2_s43_v1/interval_quality.csv
 create mode 100644 smart_building_conformal/outputs/matched_forecasting005/rico_h5_f2_s43_v1/point_summary.csv
 create mode 100644 smart_building_conformal/outputs/matched_forecasting005/rico_h5_f2_s43_v1/run_summary.json
 create mode 100644 smart_building_conformal/outputs/matched_forecasting005/rico_h5_f2_s43_v1/units/rico_h5_f2_s43_attention_lstm/COMPLETE.json
 create mode 100644 smart_building_conformal/outputs/matched_forecasting005/rico_h5_f2_s43_v1/units/rico_h5_f2_s43_attention_lstm/calibration.csv.gz
 create mode 100644 smart_building_conformal/outputs/matched_forecasting005/rico_h5_f2_s43_v1/units/rico_h5_f2_s43_attention_lstm/fitting_membership.csv.gz
 create mode 100644 smart_building_conformal/outputs/matched_forecasting005/rico_h5_f2_s43_v1/units/rico_h5_f2_s43_attention_lstm/model.pt
 create mode 100644 smart_building_conformal/outputs/matched_forecasting005/rico_h5_f2_s43_v1/units/rico_h5_f2_s43_attention_lstm/payload.json
 create mode 100644 smart_building_conformal/outputs/matched_forecasting005/rico_h5_f2_s43_v1/units/rico_h5_f2_s43_attention_lstm/predictions.csv.gz
 create mode 100644 smart_building_conformal/outputs/matched_forecasting005/rico_h5_f2_s43_v1/units/rico_h5_f2_s43_attention_lstm/training_history.csv.gz
 create mode 100644 smart_building_conformal/outputs/matched_forecasting005/rico_h5_f2_s43_v1/units/rico_h5_f2_s43_attention_lstm/tuning.csv.gz
 create mode 100644 smart_building_conformal/outputs/matched_forecasting005/rico_h5_f2_s43_v1/units/rico_h5_f2_s43_attention_lstm/tuning_predictions.csv.gz
 create mode 100644 smart_building_conformal/outputs/matched_forecasting005/rico_h5_f2_s43_v1/units/rico_h5_f2_s43_persistence/COMPLETE.json
 create mode 100644 smart_building_conformal/outputs/matched_forecasting005/rico_h5_f2_s43_v1/units/rico_h5_f2_s43_persistence/calibration.csv.gz
 create mode 100644 smart_building_conformal/outputs/matched_forecasting005/rico_h5_f2_s43_v1/units/rico_h5_f2_s43_persistence/fitting_membership.csv.gz
 create mode 100644 smart_building_conformal/outputs/matched_forecasting005/rico_h5_f2_s43_v1/units/rico_h5_f2_s43_persistence/model.json
 create mode 100644 smart_building_conformal/outputs/matched_forecasting005/rico_h5_f2_s43_v1/units/rico_h5_f2_s43_persistence/payload.json
 create mode 100644 smart_building_conformal/outputs/matched_forecasting005/rico_h5_f2_s43_v1/units/rico_h5_f2_s43_persistence/predictions.csv.gz
 create mode 100644 smart_building_conformal/outputs/matched_forecasting005/rico_h5_f2_s43_v1/units/rico_h5_f2_s43_persistence/training_history.csv.gz
 create mode 100644 smart_building_conformal/outputs/matched_forecasting005/rico_h5_f2_s43_v1/units/rico_h5_f2_s43_persistence/tuning.csv.gz
 create mode 100644 smart_building_conformal/outputs/matched_forecasting005/rico_h5_f2_s43_v1/units/rico_h5_f2_s43_persistence/tuning_predictions.csv.gz
 create mode 100644 smart_building_conformal/outputs/matched_forecasting005/rico_h5_f2_s43_v1/units/rico_h5_f2_s43_xgboost/COMPLETE.json
 create mode 100644 smart_building_conformal/outputs/matched_forecasting005/rico_h5_f2_s43_v1/units/rico_h5_f2_s43_xgboost/booster_config.json
 create mode 100644 smart_building_conformal/outputs/matched_forecasting005/rico_h5_f2_s43_v1/units/rico_h5_f2_s43_xgboost/calibration.csv.gz
 create mode 100644 smart_building_conformal/outputs/matched_forecasting005/rico_h5_f2_s43_v1/units/rico_h5_f2_s43_xgboost/fitting_membership.csv.gz
 create mode 100644 smart_building_conformal/outputs/matched_forecasting005/rico_h5_f2_s43_v1/units/rico_h5_f2_s43_xgboost/model.ubj
 create mode 100644 smart_building_conformal/outputs/matched_forecasting005/rico_h5_f2_s43_v1/units/rico_h5_f2_s43_xgboost/payload.json
 create mode 100644 smart_building_conformal/outputs/matched_forecasting005/rico_h5_f2_s43_v1/units/rico_h5_f2_s43_xgboost/predictions.csv.gz
 create mode 100644 smart_building_conformal/outputs/matched_forecasting005/rico_h5_f2_s43_v1/units/rico_h5_f2_s43_xgboost/training_history.csv.gz
 create mode 100644 smart_building_conformal/outputs/matched_forecasting005/rico_h5_f2_s43_v1/units/rico_h5_f2_s43_xgboost/tuning.csv.gz
 create mode 100644 smart_building_conformal/outputs/matched_forecasting005/rico_h5_f2_s43_v1/units/rico_h5_f2_s43_xgboost/tuning_predictions.csv.gz
 create mode 100644 smart_building_conformal/outputs/matched_forecasting005/rico_h60_f2_s43_v1.process.json
 create mode 100644 smart_building_conformal/outputs/matched_forecasting005/rico_h60_f2_s43_v1/checkpoint_io_20260913T232025877613.json
 create mode 100644 smart_building_conformal/outputs/matched_forecasting005/rico_h60_f2_s43_v1/checkpoint_manifest.json
 create mode 100644 smart_building_conformal/outputs/matched_forecasting005/rico_h60_f2_s43_v1/execution_environment.json
 create mode 100644 smart_building_conformal/outputs/matched_forecasting005/rico_h60_f2_s43_v1/fit_calls.jsonl
 create mode 100644 smart_building_conformal/outputs/matched_forecasting005/rico_h60_f2_s43_v1/interval_quality.csv
 create mode 100644 smart_building_conformal/outputs/matched_forecasting005/rico_h60_f2_s43_v1/point_summary.csv
 create mode 100644 smart_building_conformal/outputs/matched_forecasting005/rico_h60_f2_s43_v1/run_summary.json
 create mode 100644 smart_building_conformal/outputs/matched_forecasting005/rico_h60_f2_s43_v1/units/rico_h60_f2_s43_attention_lstm/COMPLETE.json
 create mode 100644 smart_building_conformal/outputs/matched_forecasting005/rico_h60_f2_s43_v1/units/rico_h60_f2_s43_attention_lstm/calibration.csv.gz
 create mode 100644 smart_building_conformal/outputs/matched_forecasting005/rico_h60_f2_s43_v1/units/rico_h60_f2_s43_attention_lstm/fitting_membership.csv.gz
 create mode 100644 smart_building_conformal/outputs/matched_forecasting005/rico_h60_f2_s43_v1/units/rico_h60_f2_s43_attention_lstm/model.pt
 create mode 100644 smart_building_conformal/outputs/matched_forecasting005/rico_h60_f2_s43_v1/units/rico_h60_f2_s43_attention_lstm/payload.json
 create mode 100644 smart_building_conformal/outputs/matched_forecasting005/rico_h60_f2_s43_v1/units/rico_h60_f2_s43_attention_lstm/predictions.csv.gz
 create mode 100644 smart_building_conformal/outputs/matched_forecasting005/rico_h60_f2_s43_v1/units/rico_h60_f2_s43_attention_lstm/training_history.csv.gz
 create mode 100644 smart_building_conformal/outputs/matched_forecasting005/rico_h60_f2_s43_v1/units/rico_h60_f2_s43_attention_lstm/tuning.csv.gz
 create mode 100644 smart_building_conformal/outputs/matched_forecasting005/rico_h60_f2_s43_v1/units/rico_h60_f2_s43_attention_lstm/tuning_predictions.csv.gz
 create mode 100644 smart_building_conformal/outputs/matched_forecasting005/rico_h60_f2_s43_v1/units/rico_h60_f2_s43_persistence/COMPLETE.json
 create mode 100644 smart_building_conformal/outputs/matched_forecasting005/rico_h60_f2_s43_v1/units/rico_h60_f2_s43_persistence/calibration.csv.gz
 create mode 100644 smart_building_conformal/outputs/matched_forecasting005/rico_h60_f2_s43_v1/units/rico_h60_f2_s43_persistence/fitting_membership.csv.gz
 create mode 100644 smart_building_conformal/outputs/matched_forecasting005/rico_h60_f2_s43_v1/units/rico_h60_f2_s43_persistence/model.json
 create mode 100644 smart_building_conformal/outputs/matched_forecasting005/rico_h60_f2_s43_v1/units/rico_h60_f2_s43_persistence/payload.json
 create mode 100644 smart_building_conformal/outputs/matched_forecasting005/rico_h60_f2_s43_v1/units/rico_h60_f2_s43_persistence/predictions.csv.gz
 create mode 100644 smart_building_conformal/outputs/matched_forecasting005/rico_h60_f2_s43_v1/units/rico_h60_f2_s43_persistence/training_history.csv.gz
 create mode 100644 smart_building_conformal/outputs/matched_forecasting005/rico_h60_f2_s43_v1/units/rico_h60_f2_s43_persistence/tuning.csv.gz
 create mode 100644 smart_building_conformal/outputs/matched_forecasting005/rico_h60_f2_s43_v1/units/rico_h60_f2_s43_persistence/tuning_predictions.csv.gz
 create mode 100644 smart_building_conformal/outputs/matched_forecasting005/rico_h60_f2_s43_v1/units/rico_h60_f2_s43_xgboost/COMPLETE.json
 create mode 100644 smart_building_conformal/outputs/matched_forecasting005/rico_h60_f2_s43_v1/units/rico_h60_f2_s43_xgboost/booster_config.json
 create mode 100644 smart_building_conformal/outputs/matched_forecasting005/rico_h60_f2_s43_v1/units/rico_h60_f2_s43_xgboost/calibration.csv.gz
 create mode 100644 smart_building_conformal/outputs/matched_forecasting005/rico_h60_f2_s43_v1/units/rico_h60_f2_s43_xgboost/fitting_membership.csv.gz
 create mode 100644 smart_building_conformal/outputs/matched_forecasting005/rico_h60_f2_s43_v1/units/rico_h60_f2_s43_xgboost/model.ubj
 create mode 100644 smart_building_conformal/outputs/matched_forecasting005/rico_h60_f2_s43_v1/units/rico_h60_f2_s43_xgboost/payload.json
 create mode 100644 smart_building_conformal/outputs/matched_forecasting005/rico_h60_f2_s43_v1/units/rico_h60_f2_s43_xgboost/predictions.csv.gz
 create mode 100644 smart_building_conformal/outputs/matched_forecasting005/rico_h60_f2_s43_v1/units/rico_h60_f2_s43_xgboost/training_history.csv.gz
 create mode 100644 smart_building_conformal/outputs/matched_forecasting005/rico_h60_f2_s43_v1/units/rico_h60_f2_s43_xgboost/tuning.csv.gz
 create mode 100644 smart_building_conformal/outputs/matched_forecasting005/rico_h60_f2_s43_v1/units/rico_h60_f2_s43_xgboost/tuning_predictions.csv.gz
The bundle contains this ref:
17c4df7f3679fd44737aed1738f88b7f9be5ff26 refs/heads/review/matched-fold2-multiseed-20260914
The bundle requires this ref:
3df9cbd480ffbfeac640580829e88c274fba2083 
The bundle uses this hash algorithm: sha1
C:/Users/nigel/ConfoSenseBackups/matched_fold2_multiseed_20260914/seed43_17c4df7.bundle is okay
{
  "label": "seed43",
  "utc": "2026-09-14T00:01:45.512025+00:00",
  "branch": "review/matched-fold2-multiseed-20260914",
  "commit": "17c4df7f3679fd44737aed1738f88b7f9be5ff26",
  "backup": "C:\\Users\\nigel\\ConfoSenseBackups\\matched_fold2_multiseed_20260914\\seed43_17c4df7.bundle",
  "backup_sha256": "27ff051366b8216df44f80ec6d6d4ed5d848a9dad6f44ed3646b48edd62d3134",
  "local_science_preserved": true,
  "publication_status": "pending",
  "push_exit": 128,
  "push_output": "fatal: Cannot prompt because user interactivity has been disabled.\nfatal: could not read Username for 'https://github.com': terminal prompts disabled\n"
}
{"command": ["C:/cfs_venv/Scripts/python.exe", "-B", "C:\\Users\\nigel\\OneDrive\\Desktop\\GitHub\\confosense\\review\\matched_fold2_multiseed_20260914\\publish.py", "--label", "seed43"], "cwd": "C:\\Users\\nigel\\OneDrive\\Desktop\\GitHub\\confosense\\smart_building_conformal", "started_utc": "2026-09-14T00:01:08.967512+00:00", "logger_pid": 29312, "child_pid": 3288, "ended_utc": "2026-09-14T00:01:46.845517+00:00", "seconds": 37.87761229999887, "exit_status": 0}
