task,attempt_id,argv,cwd,started_utc,ended_utc,exit_code,logger_pid,child_pid,seconds,log
pleia_energy_h1_f2_s43_v1/run,2026-09-13T230417358680+0000_6919afb5,"['C:/cfs_venv/Scripts/python.exe', '-B', '-m', 'src.matched_forecasting005', 'run', '--matrix', 'C:\\Users\\nigel\\OneDrive\\Desktop\\GitHub\\confosense\\smart_building_conformal\\outputs\\amendment005\\support_design_v1\\experiment_matrix.csv', '--dataset', 'pleia_energy', '--horizon', '1', '--outer-fold', '2', '--model-seed', '43', '--design-dir', 'C:\\Users\\nigel\\OneDrive\\Desktop\\GitHub\\confosense\\smart_building_conformal\\protocols\\matched_forecasting005\\pleia_energy_h1_f2_s43_v1', '--out', 'C:\\Users\\nigel\\OneDrive\\Desktop\\GitHub\\confosense\\smart_building_conformal\\outputs\\matched_forecasting005\\pleia_energy_h1_f2_s43_v1', '--readiness', 'C:\\Users\\nigel\\OneDrive\\Desktop\\GitHub\\confosense\\smart_building_conformal\\protocols\\matched_forecasting005\\pleia_energy_h1_f2_s43_v1\\readiness.json']",C:\Users\nigel\OneDrive\Desktop\GitHub\confosense\smart_building_conformal,2026-09-13T23:04:17.358680+00:00,2026-09-13T23:06:28.260727+00:00,0,9508,14600,130.81625470001018,C:\Users\nigel\OneDrive\Desktop\GitHub\confosense\smart_building_conformal\outputs\matched_forecasting005\fold2_multiseed_batch_v1\attempts\2026-09-13T230417358680+0000_6919afb5\command.log
pleia_energy_h1_f2_s43_v1/validate,2026-09-13T230628320568+0000_e69608ff,"['C:/cfs_venv/Scripts/python.exe', '-B', '-m', 'src.matched_forecasting005', 'validate', '--matrix', 'C:\\Users\\nigel\\OneDrive\\Desktop\\GitHub\\confosense\\smart_building_conformal\\outputs\\amendment005\\support_design_v1\\experiment_matrix.csv', '--dataset', 'pleia_energy', '--horizon', '1', '--outer-fold', '2', '--model-seed', '43', '--design-dir', 'C:\\Users\\nigel\\OneDrive\\Desktop\\GitHub\\confosense\\smart_building_conformal\\protocols\\matched_forecasting005\\pleia_energy_h1_f2_s43_v1', '--out', 'C:\\Users\\nigel\\OneDrive\\Desktop\\GitHub\\confosense\\smart_building_conformal\\outputs\\matched_forecasting005\\pleia_energy_h1_f2_s43_v1', '--readiness', 'C:\\Users\\nigel\\OneDrive\\Desktop\\GitHub\\confosense\\smart_building_conformal\\protocols\\matched_forecasting005\\pleia_energy_h1_f2_s43_v1\\readiness.json', '--receipt', 'C:\\Users\\nigel\\OneDrive\\Desktop\\GitHub\\confosense\\smart_building_conformal\\outputs\\matched_forecasting005\\fold2_multiseed_batch_v1\\receipts\\pleia_energy_h1_f2_s43_v1\\audit_v1']",C:\Users\nigel\OneDrive\Desktop\GitHub\confosense\smart_building_conformal,2026-09-13T23:06:28.320568+00:00,2026-09-13T23:06:39.488220+00:00,0,15320,28352,11.078320100001292,C:\Users\nigel\OneDrive\Desktop\GitHub\confosense\smart_building_conformal\outputs\matched_forecasting005\fold2_multiseed_batch_v1\attempts\2026-09-13T230628320568+0000_e69608ff\command.log
pleia_energy_h1_f2_s43_v1/resume,2026-09-13T230640485840+0000_8c8208e9,"['C:/cfs_venv/Scripts/python.exe', '-B', '-m', 'src.matched_forecasting005', 'resume', '--matrix', 'C:\\Users\\nigel\\OneDrive\\Desktop\\GitHub\\confosense\\smart_building_conformal\\outputs\\amendment005\\support_design_v1\\experiment_matrix.csv', '--dataset', 'pleia_energy', '--horizon', '1', '--outer-fold', '2', '--model-seed', '43', '--design-dir', 'C:\\Users\\nigel\\OneDrive\\Desktop\\GitHub\\confosense\\smart_building_conformal\\protocols\\matched_forecasting005\\pleia_energy_h1_f2_s43_v1', '--out', 'C:\\Users\\nigel\\OneDrive\\Desktop\\GitHub\\confosense\\smart_building_conformal\\outputs\\matched_forecasting005\\pleia_energy_h1_f2_s43_v1', '--readiness', 'C:\\Users\\nigel\\OneDrive\\Desktop\\GitHub\\confosense\\smart_building_conformal\\protocols\\matched_forecasting005\\pleia_energy_h1_f2_s43_v1\\readiness.json', '--receipt', 'C:\\Users\\nigel\\OneDrive\\Desktop\\GitHub\\confosense\\smart_building_conformal\\outputs\\matched_forecasting005\\fold2_multiseed_batch_v1\\receipts\\pleia_energy_h1_f2_s43_v1\\resume_v1.json', '--forbid-fits']",C:\Users\nigel\OneDrive\Desktop\GitHub\confosense\smart_building_conformal,2026-09-13T23:06:40.485840+00:00,2026-09-13T23:06:49.085137+00:00,0,26140,3904,8.50174490000063,C:\Users\nigel\OneDrive\Desktop\GitHub\confosense\smart_building_conformal\outputs\matched_forecasting005\fold2_multiseed_batch_v1\attempts\2026-09-13T230640485840+0000_8c8208e9\command.log
pleia_energy_h1_f2_s43_v1/groups,2026-09-13T230650653764+0000_f48be97c,"['C:/cfs_venv/Scripts/python.exe', '-B', 'C:\\Users\\nigel\\OneDrive\\Desktop\\GitHub\\confosense\\review\\matched_fold2_multiseed_20260914\\analyze.py', 'unit', '--stem', 'pleia_energy_h1_f2_s43_v1', '--out', 'C:\\Users\\nigel\\OneDrive\\Desktop\\GitHub\\confosense\\smart_building_conformal\\outputs\\matched_forecasting005\\fold2_multiseed_batch_v1\\attempts\\2026-09-13T230650653764+0000_f48be97c\\groups']",C:\Users\nigel\OneDrive\Desktop\GitHub\confosense\smart_building_conformal,2026-09-13T23:06:50.653764+00:00,2026-09-13T23:06:55.411674+00:00,0,27304,2328,4.640265599999111,C:\Users\nigel\OneDrive\Desktop\GitHub\confosense\smart_building_conformal\outputs\matched_forecasting005\fold2_multiseed_batch_v1\attempts\2026-09-13T230650653764+0000_f48be97c\command.log
pleia_energy_h3_f2_s43_v1/run,2026-09-13T230657504459+0000_2833e502,"['C:/cfs_venv/Scripts/python.exe', '-B', '-m', 'src.matched_forecasting005', 'run', '--matrix', 'C:\\Users\\nigel\\OneDrive\\Desktop\\GitHub\\confosense\\smart_building_conformal\\outputs\\amendment005\\support_design_v1\\experiment_matrix.csv', '--dataset', 'pleia_energy', '--horizon', '3', '--outer-fold', '2', '--model-seed', '43', '--design-dir', 'C:\\Users\\nigel\\OneDrive\\Desktop\\GitHub\\confosense\\smart_building_conformal\\protocols\\matched_forecasting005\\pleia_energy_h3_f2_s43_v1', '--out', 'C:\\Users\\nigel\\OneDrive\\Desktop\\GitHub\\confosense\\smart_building_conformal\\outputs\\matched_forecasting005\\pleia_energy_h3_f2_s43_v1', '--readiness', 'C:\\Users\\nigel\\OneDrive\\Desktop\\GitHub\\confosense\\smart_building_conformal\\protocols\\matched_forecasting005\\pleia_energy_h3_f2_s43_v1\\readiness.json']",C:\Users\nigel\OneDrive\Desktop\GitHub\confosense\smart_building_conformal,2026-09-13T23:06:57.504459+00:00,2026-09-13T23:08:30.876727+00:00,0,27660,23940,93.27843440001016,C:\Users\nigel\OneDrive\Desktop\GitHub\confosense\smart_building_conformal\outputs\matched_forecasting005\fold2_multiseed_batch_v1\attempts\2026-09-13T230657504459+0000_2833e502\command.log
pleia_energy_h3_f2_s43_v1/validate,2026-09-13T230832263315+0000_8ef753ad,"['C:/cfs_venv/Scripts/python.exe', '-B', '-m', 'src.matched_forecasting005', 'validate', '--matrix', 'C:\\Users\\nigel\\OneDrive\\Desktop\\GitHub\\confosense\\smart_building_conformal\\outputs\\amendment005\\support_design_v1\\experiment_matrix.csv', '--dataset', 'pleia_energy', '--horizon', '3', '--outer-fold', '2', '--model-seed', '43', '--design-dir', 'C:\\Users\\nigel\\OneDrive\\Desktop\\GitHub\\confosense\\smart_building_conformal\\protocols\\matched_forecasting005\\pleia_energy_h3_f2_s43_v1', '--out', 'C:\\Users\\nigel\\OneDrive\\Desktop\\GitHub\\confosense\\smart_building_conformal\\outputs\\matched_forecasting005\\pleia_energy_h3_f2_s43_v1', '--readiness', 'C:\\Users\\nigel\\OneDrive\\Desktop\\GitHub\\confosense\\smart_building_conformal\\protocols\\matched_forecasting005\\pleia_energy_h3_f2_s43_v1\\readiness.json', '--receipt', 'C:\\Users\\nigel\\OneDrive\\Desktop\\GitHub\\confosense\\smart_building_conformal\\outputs\\matched_forecasting005\\fold2_multiseed_batch_v1\\receipts\\pleia_energy_h3_f2_s43_v1\\audit_v1']",C:\Users\nigel\OneDrive\Desktop\GitHub\confosense\smart_building_conformal,2026-09-13T23:08:32.263315+00:00,2026-09-13T23:08:43.736171+00:00,0,24816,22296,11.361092999999528,C:\Users\nigel\OneDrive\Desktop\GitHub\confosense\smart_building_conformal\outputs\matched_forecasting005\fold2_multiseed_batch_v1\attempts\2026-09-13T230832263315+0000_8ef753ad\command.log
pleia_energy_h3_f2_s43_v1/resume,2026-09-13T230844436992+0000_a831b1d4,"['C:/cfs_venv/Scripts/python.exe', '-B', '-m', 'src.matched_forecasting005', 'resume', '--matrix', 'C:\\Users\\nigel\\OneDrive\\Desktop\\GitHub\\confosense\\smart_building_conformal\\outputs\\amendment005\\support_design_v1\\experiment_matrix.csv', '--dataset', 'pleia_energy', '--horizon', '3', '--outer-fold', '2', '--model-seed', '43', '--design-dir', 'C:\\Users\\nigel\\OneDrive\\Desktop\\GitHub\\confosense\\smart_building_conformal\\protocols\\matched_forecasting005\\pleia_energy_h3_f2_s43_v1', '--out', 'C:\\Users\\nigel\\OneDrive\\Desktop\\GitHub\\confosense\\smart_building_conformal\\outputs\\matched_forecasting005\\pleia_energy_h3_f2_s43_v1', '--readiness', 'C:\\Users\\nigel\\OneDrive\\Desktop\\GitHub\\confosense\\smart_building_conformal\\protocols\\matched_forecasting005\\pleia_energy_h3_f2_s43_v1\\readiness.json', '--receipt', 'C:\\Users\\nigel\\OneDrive\\Desktop\\GitHub\\confosense\\smart_building_conformal\\outputs\\matched_forecasting005\\fold2_multiseed_batch_v1\\receipts\\pleia_energy_h3_f2_s43_v1\\resume_v1.json', '--forbid-fits']",C:\Users\nigel\OneDrive\Desktop\GitHub\confosense\smart_building_conformal,2026-09-13T23:08:44.436992+00:00,2026-09-13T23:08:53.299145+00:00,0,2888,9108,8.771451500011608,C:\Users\nigel\OneDrive\Desktop\GitHub\confosense\smart_building_conformal\outputs\matched_forecasting005\fold2_multiseed_batch_v1\attempts\2026-09-13T230844436992+0000_a831b1d4\command.log
pleia_energy_h3_f2_s43_v1/groups,2026-09-13T230854584021+0000_5b28db19,"['C:/cfs_venv/Scripts/python.exe', '-B', 'C:\\Users\\nigel\\OneDrive\\Desktop\\GitHub\\confosense\\review\\matched_fold2_multiseed_20260914\\analyze.py', 'unit', '--stem', 'pleia_energy_h3_f2_s43_v1', '--out', 'C:\\Users\\nigel\\OneDrive\\Desktop\\GitHub\\confosense\\smart_building_conformal\\outputs\\matched_forecasting005\\fold2_multiseed_batch_v1\\attempts\\2026-09-13T230854584021+0000_5b28db19\\groups']",C:\Users\nigel\OneDrive\Desktop\GitHub\confosense\smart_building_conformal,2026-09-13T23:08:54.584021+00:00,2026-09-13T23:08:59.542080+00:00,0,7384,23832,4.864671500006807,C:\Users\nigel\OneDrive\Desktop\GitHub\confosense\smart_building_conformal\outputs\matched_forecasting005\fold2_multiseed_batch_v1\attempts\2026-09-13T230854584021+0000_5b28db19\command.log
pleia_energy_h6_f2_s43_v1/run,2026-09-13T230901450473+0000_333caf3b,"['C:/cfs_venv/Scripts/python.exe', '-B', '-m', 'src.matched_forecasting005', 'run', '--matrix', 'C:\\Users\\nigel\\OneDrive\\Desktop\\GitHub\\confosense\\smart_building_conformal\\outputs\\amendment005\\support_design_v1\\experiment_matrix.csv', '--dataset', 'pleia_energy', '--horizon', '6', '--outer-fold', '2', '--model-seed', '43', '--design-dir', 'C:\\Users\\nigel\\OneDrive\\Desktop\\GitHub\\confosense\\smart_building_conformal\\protocols\\matched_forecasting005\\pleia_energy_h6_f2_s43_v1', '--out', 'C:\\Users\\nigel\\OneDrive\\Desktop\\GitHub\\confosense\\smart_building_conformal\\outputs\\matched_forecasting005\\pleia_energy_h6_f2_s43_v1', '--readiness', 'C:\\Users\\nigel\\OneDrive\\Desktop\\GitHub\\confosense\\smart_building_conformal\\protocols\\matched_forecasting005\\pleia_energy_h6_f2_s43_v1\\readiness.json']",C:\Users\nigel\OneDrive\Desktop\GitHub\confosense\smart_building_conformal,2026-09-13T23:09:01.455074+00:00,2026-09-13T23:10:18.094917+00:00,0,25144,26848,76.53677869999956,C:\Users\nigel\OneDrive\Desktop\GitHub\confosense\smart_building_conformal\outputs\matched_forecasting005\fold2_multiseed_batch_v1\attempts\2026-09-13T230901450473+0000_333caf3b\command.log
pleia_energy_h6_f2_s43_v1/validate,2026-09-13T231020127628+0000_649473ed,"['C:/cfs_venv/Scripts/python.exe', '-B', '-m', 'src.matched_forecasting005', 'validate', '--matrix', 'C:\\Users\\nigel\\OneDrive\\Desktop\\GitHub\\confosense\\smart_building_conformal\\outputs\\amendment005\\support_design_v1\\experiment_matrix.csv', '--dataset', 'pleia_energy', '--horizon', '6', '--outer-fold', '2', '--model-seed', '43', '--design-dir', 'C:\\Users\\nigel\\OneDrive\\Desktop\\GitHub\\confosense\\smart_building_conformal\\protocols\\matched_forecasting005\\pleia_energy_h6_f2_s43_v1', '--out', 'C:\\Users\\nigel\\OneDrive\\Desktop\\GitHub\\confosense\\smart_building_conformal\\outputs\\matched_forecasting005\\pleia_energy_h6_f2_s43_v1', '--readiness', 'C:\\Users\\nigel\\OneDrive\\Desktop\\GitHub\\confosense\\smart_building_conformal\\protocols\\matched_forecasting005\\pleia_energy_h6_f2_s43_v1\\readiness.json', '--receipt', 'C:\\Users\\nigel\\OneDrive\\Desktop\\GitHub\\confosense\\smart_building_conformal\\outputs\\matched_forecasting005\\fold2_multiseed_batch_v1\\receipts\\pleia_energy_h6_f2_s43_v1\\audit_v1']",C:\Users\nigel\OneDrive\Desktop\GitHub\confosense\smart_building_conformal,2026-09-13T23:10:20.133945+00:00,2026-09-13T23:10:31.501559+00:00,0,22648,23940,11.260854099993594,C:\Users\nigel\OneDrive\Desktop\GitHub\confosense\smart_building_conformal\outputs\matched_forecasting005\fold2_multiseed_batch_v1\attempts\2026-09-13T231020127628+0000_649473ed\command.log
pleia_energy_h6_f2_s43_v1/resume,2026-09-13T231032303637+0000_5f6d3592,"['C:/cfs_venv/Scripts/python.exe', '-B', '-m', 'src.matched_forecasting005', 'resume', '--matrix', 'C:\\Users\\nigel\\OneDrive\\Desktop\\GitHub\\confosense\\smart_building_conformal\\outputs\\amendment005\\support_design_v1\\experiment_matrix.csv', '--dataset', 'pleia_energy', '--horizon', '6', '--outer-fold', '2', '--model-seed', '43', '--design-dir', 'C:\\Users\\nigel\\OneDrive\\Desktop\\GitHub\\confosense\\smart_building_conformal\\protocols\\matched_forecasting005\\pleia_energy_h6_f2_s43_v1', '--out', 'C:\\Users\\nigel\\OneDrive\\Desktop\\GitHub\\confosense\\smart_building_conformal\\outputs\\matched_forecasting005\\pleia_energy_h6_f2_s43_v1', '--readiness', 'C:\\Users\\nigel\\OneDrive\\Desktop\\GitHub\\confosense\\smart_building_conformal\\protocols\\matched_forecasting005\\pleia_energy_h6_f2_s43_v1\\readiness.json', '--receipt', 'C:\\Users\\nigel\\OneDrive\\Desktop\\GitHub\\confosense\\smart_building_conformal\\outputs\\matched_forecasting005\\fold2_multiseed_batch_v1\\receipts\\pleia_energy_h6_f2_s43_v1\\resume_v1.json', '--forbid-fits']",C:\Users\nigel\OneDrive\Desktop\GitHub\confosense\smart_building_conformal,2026-09-13T23:10:32.303637+00:00,2026-09-13T23:10:40.963326+00:00,0,25300,7564,8.56069870000647,C:\Users\nigel\OneDrive\Desktop\GitHub\confosense\smart_building_conformal\outputs\matched_forecasting005\fold2_multiseed_batch_v1\attempts\2026-09-13T231032303637+0000_5f6d3592\command.log
pleia_energy_h6_f2_s43_v1/groups,2026-09-13T231042476127+0000_8ee4d813,"['C:/cfs_venv/Scripts/python.exe', '-B', 'C:\\Users\\nigel\\OneDrive\\Desktop\\GitHub\\confosense\\review\\matched_fold2_multiseed_20260914\\analyze.py', 'unit', '--stem', 'pleia_energy_h6_f2_s43_v1', '--out', 'C:\\Users\\nigel\\OneDrive\\Desktop\\GitHub\\confosense\\smart_building_conformal\\outputs\\matched_forecasting005\\fold2_multiseed_batch_v1\\attempts\\2026-09-13T231042476127+0000_8ee4d813\\groups']",C:\Users\nigel\OneDrive\Desktop\GitHub\confosense\smart_building_conformal,2026-09-13T23:10:42.476127+00:00,2026-09-13T23:10:47.268536+00:00,0,2632,13800,4.667201899996144,C:\Users\nigel\OneDrive\Desktop\GitHub\confosense\smart_building_conformal\outputs\matched_forecasting005\fold2_multiseed_batch_v1\attempts\2026-09-13T231042476127+0000_8ee4d813\command.log
rico_h5_f2_s43_v1/run,2026-09-13T231049327016+0000_e6ef6480,"['C:/cfs_venv/Scripts/python.exe', '-B', '-m', 'src.matched_forecasting005', 'run', '--matrix', 'C:\\Users\\nigel\\OneDrive\\Desktop\\GitHub\\confosense\\smart_building_conformal\\outputs\\amendment005\\support_design_v1\\experiment_matrix.csv', '--dataset', 'rico', '--horizon', '5', '--outer-fold', '2', '--model-seed', '43', '--design-dir', 'C:\\Users\\nigel\\OneDrive\\Desktop\\GitHub\\confosense\\smart_building_conformal\\protocols\\matched_forecasting005\\rico_h5_f2_s43_v1', '--out', 'C:\\Users\\nigel\\OneDrive\\Desktop\\GitHub\\confosense\\smart_building_conformal\\outputs\\matched_forecasting005\\rico_h5_f2_s43_v1', '--readiness', 'C:\\Users\\nigel\\OneDrive\\Desktop\\GitHub\\confosense\\smart_building_conformal\\protocols\\matched_forecasting005\\rico_h5_f2_s43_v1\\readiness.json']",C:\Users\nigel\OneDrive\Desktop\GitHub\confosense\smart_building_conformal,2026-09-13T23:10:49.327016+00:00,2026-09-13T23:12:25.651865+00:00,0,19116,12052,96.21751060000679,C:\Users\nigel\OneDrive\Desktop\GitHub\confosense\smart_building_conformal\outputs\matched_forecasting005\fold2_multiseed_batch_v1\attempts\2026-09-13T231049327016+0000_e6ef6480\command.log
rico_h5_f2_s43_v1/validate,2026-09-13T231226145944+0000_be65c0cc,"['C:/cfs_venv/Scripts/python.exe', '-B', '-m', 'src.matched_forecasting005', 'validate', '--matrix', 'C:\\Users\\nigel\\OneDrive\\Desktop\\GitHub\\confosense\\smart_building_conformal\\outputs\\amendment005\\support_design_v1\\experiment_matrix.csv', '--dataset', 'rico', '--horizon', '5', '--outer-fold', '2', '--model-seed', '43', '--design-dir', 'C:\\Users\\nigel\\OneDrive\\Desktop\\GitHub\\confosense\\smart_building_conformal\\protocols\\matched_forecasting005\\rico_h5_f2_s43_v1', '--out', 'C:\\Users\\nigel\\OneDrive\\Desktop\\GitHub\\confosense\\smart_building_conformal\\outputs\\matched_forecasting005\\rico_h5_f2_s43_v1', '--readiness', 'C:\\Users\\nigel\\OneDrive\\Desktop\\GitHub\\confosense\\smart_building_conformal\\protocols\\matched_forecasting005\\rico_h5_f2_s43_v1\\readiness.json', '--receipt', 'C:\\Users\\nigel\\OneDrive\\Desktop\\GitHub\\confosense\\smart_building_conformal\\outputs\\matched_forecasting005\\fold2_multiseed_batch_v1\\receipts\\rico_h5_f2_s43_v1\\audit_v1']",C:\Users\nigel\OneDrive\Desktop\GitHub\confosense\smart_building_conformal,2026-09-13T23:12:26.146478+00:00,2026-09-13T23:12:51.506544+00:00,0,22220,17724,25.249646099997335,C:\Users\nigel\OneDrive\Desktop\GitHub\confosense\smart_building_conformal\outputs\matched_forecasting005\fold2_multiseed_batch_v1\attempts\2026-09-13T231226145944+0000_be65c0cc\command.log
rico_h5_f2_s43_v1/resume,2026-09-13T231252442750+0000_c1154ba4,"['C:/cfs_venv/Scripts/python.exe', '-B', '-m', 'src.matched_forecasting005', 'resume', '--matrix', 'C:\\Users\\nigel\\OneDrive\\Desktop\\GitHub\\confosense\\smart_building_conformal\\outputs\\amendment005\\support_design_v1\\experiment_matrix.csv', '--dataset', 'rico', '--horizon', '5', '--outer-fold', '2', '--model-seed', '43', '--design-dir', 'C:\\Users\\nigel\\OneDrive\\Desktop\\GitHub\\confosense\\smart_building_conformal\\protocols\\matched_forecasting005\\rico_h5_f2_s43_v1', '--out', 'C:\\Users\\nigel\\OneDrive\\Desktop\\GitHub\\confosense\\smart_building_conformal\\outputs\\matched_forecasting005\\rico_h5_f2_s43_v1', '--readiness', 'C:\\Users\\nigel\\OneDrive\\Desktop\\GitHub\\confosense\\smart_building_conformal\\protocols\\matched_forecasting005\\rico_h5_f2_s43_v1\\readiness.json', '--receipt', 'C:\\Users\\nigel\\OneDrive\\Desktop\\GitHub\\confosense\\smart_building_conformal\\outputs\\matched_forecasting005\\fold2_multiseed_batch_v1\\receipts\\rico_h5_f2_s43_v1\\resume_v1.json', '--forbid-fits']",C:\Users\nigel\OneDrive\Desktop\GitHub\confosense\smart_building_conformal,2026-09-13T23:12:52.442750+00:00,2026-09-13T23:13:15.317703+00:00,0,22268,24788,22.777770300002885,C:\Users\nigel\OneDrive\Desktop\GitHub\confosense\smart_building_conformal\outputs\matched_forecasting005\fold2_multiseed_batch_v1\attempts\2026-09-13T231252442750+0000_c1154ba4\command.log
rico_h5_f2_s43_v1/groups,2026-09-13T231316712292+0000_fa87a55e,"['C:/cfs_venv/Scripts/python.exe', '-B', 'C:\\Users\\nigel\\OneDrive\\Desktop\\GitHub\\confosense\\review\\matched_fold2_multiseed_20260914\\analyze.py', 'unit', '--stem', 'rico_h5_f2_s43_v1', '--out', 'C:\\Users\\nigel\\OneDrive\\Desktop\\GitHub\\confosense\\smart_building_conformal\\outputs\\matched_forecasting005\\fold2_multiseed_batch_v1\\attempts\\2026-09-13T231316712292+0000_fa87a55e\\groups']",C:\Users\nigel\OneDrive\Desktop\GitHub\confosense\smart_building_conformal,2026-09-13T23:13:16.714551+00:00,2026-09-13T23:13:21.632664+00:00,0,26096,20688,4.827239600010216,C:\Users\nigel\OneDrive\Desktop\GitHub\confosense\smart_building_conformal\outputs\matched_forecasting005\fold2_multiseed_batch_v1\attempts\2026-09-13T231316712292+0000_fa87a55e\command.log
rico_h15_f2_s43_v1/run,2026-09-13T231323572026+0000_05a40309,"['C:/cfs_venv/Scripts/python.exe', '-B', '-m', 'src.matched_forecasting005', 'run', '--matrix', 'C:\\Users\\nigel\\OneDrive\\Desktop\\GitHub\\confosense\\smart_building_conformal\\outputs\\amendment005\\support_design_v1\\experiment_matrix.csv', '--dataset', 'rico', '--horizon', '15', '--outer-fold', '2', '--model-seed', '43', '--design-dir', 'C:\\Users\\nigel\\OneDrive\\Desktop\\GitHub\\confosense\\smart_building_conformal\\protocols\\matched_forecasting005\\rico_h15_f2_s43_v1', '--out', 'C:\\Users\\nigel\\OneDrive\\Desktop\\GitHub\\confosense\\smart_building_conformal\\outputs\\matched_forecasting005\\rico_h15_f2_s43_v1', '--readiness', 'C:\\Users\\nigel\\OneDrive\\Desktop\\GitHub\\confosense\\smart_building_conformal\\protocols\\matched_forecasting005\\rico_h15_f2_s43_v1\\readiness.json']",C:\Users\nigel\OneDrive\Desktop\GitHub\confosense\smart_building_conformal,2026-09-13T23:13:23.577737+00:00,2026-09-13T23:14:52.674369+00:00,0,28696,5820,89.00468150000961,C:\Users\nigel\OneDrive\Desktop\GitHub\confosense\smart_building_conformal\outputs\matched_forecasting005\fold2_multiseed_batch_v1\attempts\2026-09-13T231323572026+0000_05a40309\command.log
rico_h15_f2_s43_v1/validate,2026-09-13T231454379367+0000_26cf5046,"['C:/cfs_venv/Scripts/python.exe', '-B', '-m', 'src.matched_forecasting005', 'validate', '--matrix', 'C:\\Users\\nigel\\OneDrive\\Desktop\\GitHub\\confosense\\smart_building_conformal\\outputs\\amendment005\\support_design_v1\\experiment_matrix.csv', '--dataset', 'rico', '--horizon', '15', '--outer-fold', '2', '--model-seed', '43', '--design-dir', 'C:\\Users\\nigel\\OneDrive\\Desktop\\GitHub\\confosense\\smart_building_conformal\\protocols\\matched_forecasting005\\rico_h15_f2_s43_v1', '--out', 'C:\\Users\\nigel\\OneDrive\\Desktop\\GitHub\\confosense\\smart_building_conformal\\outputs\\matched_forecasting005\\rico_h15_f2_s43_v1', '--readiness', 'C:\\Users\\nigel\\OneDrive\\Desktop\\GitHub\\confosense\\smart_building_conformal\\protocols\\matched_forecasting005\\rico_h15_f2_s43_v1\\readiness.json', '--receipt', 'C:\\Users\\nigel\\OneDrive\\Desktop\\GitHub\\confosense\\smart_building_conformal\\outputs\\matched_forecasting005\\fold2_multiseed_batch_v1\\receipts\\rico_h15_f2_s43_v1\\audit_v1']",C:\Users\nigel\OneDrive\Desktop\GitHub\confosense\smart_building_conformal,2026-09-13T23:14:54.379367+00:00,2026-09-13T23:15:18.908552+00:00,0,3052,29656,24.427077199987252,C:\Users\nigel\OneDrive\Desktop\GitHub\confosense\smart_building_conformal\outputs\matched_forecasting005\fold2_multiseed_batch_v1\attempts\2026-09-13T231454379367+0000_26cf5046\command.log
rico_h15_f2_s43_v1/resume,2026-09-13T231520648577+0000_89debbc2,"['C:/cfs_venv/Scripts/python.exe', '-B', '-m', 'src.matched_forecasting005', 'resume', '--matrix', 'C:\\Users\\nigel\\OneDrive\\Desktop\\GitHub\\confosense\\smart_building_conformal\\outputs\\amendment005\\support_design_v1\\experiment_matrix.csv', '--dataset', 'rico', '--horizon', '15', '--outer-fold', '2', '--model-seed', '43', '--design-dir', 'C:\\Users\\nigel\\OneDrive\\Desktop\\GitHub\\confosense\\smart_building_conformal\\protocols\\matched_forecasting005\\rico_h15_f2_s43_v1', '--out', 'C:\\Users\\nigel\\OneDrive\\Desktop\\GitHub\\confosense\\smart_building_conformal\\outputs\\matched_forecasting005\\rico_h15_f2_s43_v1', '--readiness', 'C:\\Users\\nigel\\OneDrive\\Desktop\\GitHub\\confosense\\smart_building_conformal\\protocols\\matched_forecasting005\\rico_h15_f2_s43_v1\\readiness.json', '--receipt', 'C:\\Users\\nigel\\OneDrive\\Desktop\\GitHub\\confosense\\smart_building_conformal\\outputs\\matched_forecasting005\\fold2_multiseed_batch_v1\\receipts\\rico_h15_f2_s43_v1\\resume_v1.json', '--forbid-fits']",C:\Users\nigel\OneDrive\Desktop\GitHub\confosense\smart_building_conformal,2026-09-13T23:15:20.648577+00:00,2026-09-13T23:15:42.380763+00:00,0,10960,25156,21.640879400001722,C:\Users\nigel\OneDrive\Desktop\GitHub\confosense\smart_building_conformal\outputs\matched_forecasting005\fold2_multiseed_batch_v1\attempts\2026-09-13T231520648577+0000_89debbc2\command.log
rico_h15_f2_s43_v1/groups,2026-09-13T231542896327+0000_1863a641,"['C:/cfs_venv/Scripts/python.exe', '-B', 'C:\\Users\\nigel\\OneDrive\\Desktop\\GitHub\\confosense\\review\\matched_fold2_multiseed_20260914\\analyze.py', 'unit', '--stem', 'rico_h15_f2_s43_v1', '--out', 'C:\\Users\\nigel\\OneDrive\\Desktop\\GitHub\\confosense\\smart_building_conformal\\outputs\\matched_forecasting005\\fold2_multiseed_batch_v1\\attempts\\2026-09-13T231542896327+0000_1863a641\\groups']",C:\Users\nigel\OneDrive\Desktop\GitHub\confosense\smart_building_conformal,2026-09-13T23:15:42.902545+00:00,2026-09-13T23:15:47.969218+00:00,0,3036,29344,4.962270799995167,C:\Users\nigel\OneDrive\Desktop\GitHub\confosense\smart_building_conformal\outputs\matched_forecasting005\fold2_multiseed_batch_v1\attempts\2026-09-13T231542896327+0000_1863a641\command.log
rico_h30_f2_s43_v1/run,2026-09-13T231549781283+0000_f3b2a92b,"['C:/cfs_venv/Scripts/python.exe', '-B', '-m', 'src.matched_forecasting005', 'run', '--matrix', 'C:\\Users\\nigel\\OneDrive\\Desktop\\GitHub\\confosense\\smart_building_conformal\\outputs\\amendment005\\support_design_v1\\experiment_matrix.csv', '--dataset', 'rico', '--horizon', '30', '--outer-fold', '2', '--model-seed', '43', '--design-dir', 'C:\\Users\\nigel\\OneDrive\\Desktop\\GitHub\\confosense\\smart_building_conformal\\protocols\\matched_forecasting005\\rico_h30_f2_s43_v1', '--out', 'C:\\Users\\nigel\\OneDrive\\Desktop\\GitHub\\confosense\\smart_building_conformal\\outputs\\matched_forecasting005\\rico_h30_f2_s43_v1', '--readiness', 'C:\\Users\\nigel\\OneDrive\\Desktop\\GitHub\\confosense\\smart_building_conformal\\protocols\\matched_forecasting005\\rico_h30_f2_s43_v1\\readiness.json']",C:\Users\nigel\OneDrive\Desktop\GitHub\confosense\smart_building_conformal,2026-09-13T23:15:49.781283+00:00,2026-09-13T23:18:07.098975+00:00,0,10852,12084,137.23075780000363,C:\Users\nigel\OneDrive\Desktop\GitHub\confosense\smart_building_conformal\outputs\matched_forecasting005\fold2_multiseed_batch_v1\attempts\2026-09-13T231549781283+0000_f3b2a92b\command.log
rico_h30_f2_s43_v1/validate,2026-09-13T231808894342+0000_416f6b0a,"['C:/cfs_venv/Scripts/python.exe', '-B', '-m', 'src.matched_forecasting005', 'validate', '--matrix', 'C:\\Users\\nigel\\OneDrive\\Desktop\\GitHub\\confosense\\smart_building_conformal\\outputs\\amendment005\\support_design_v1\\experiment_matrix.csv', '--dataset', 'rico', '--horizon', '30', '--outer-fold', '2', '--model-seed', '43', '--design-dir', 'C:\\Users\\nigel\\OneDrive\\Desktop\\GitHub\\confosense\\smart_building_conformal\\protocols\\matched_forecasting005\\rico_h30_f2_s43_v1', '--out', 'C:\\Users\\nigel\\OneDrive\\Desktop\\GitHub\\confosense\\smart_building_conformal\\outputs\\matched_forecasting005\\rico_h30_f2_s43_v1', '--readiness', 'C:\\Users\\nigel\\OneDrive\\Desktop\\GitHub\\confosense\\smart_building_conformal\\protocols\\matched_forecasting005\\rico_h30_f2_s43_v1\\readiness.json', '--receipt', 'C:\\Users\\nigel\\OneDrive\\Desktop\\GitHub\\confosense\\smart_building_conformal\\outputs\\matched_forecasting005\\fold2_multiseed_batch_v1\\receipts\\rico_h30_f2_s43_v1\\audit_v1']",C:\Users\nigel\OneDrive\Desktop\GitHub\confosense\smart_building_conformal,2026-09-13T23:18:08.896358+00:00,2026-09-13T23:18:32.704118+00:00,0,7400,26752,23.70653329999186,C:\Users\nigel\OneDrive\Desktop\GitHub\confosense\smart_building_conformal\outputs\matched_forecasting005\fold2_multiseed_batch_v1\attempts\2026-09-13T231808894342+0000_416f6b0a\command.log
rico_h30_f2_s43_v1/resume,2026-09-13T231833170955+0000_63d150fb,"['C:/cfs_venv/Scripts/python.exe', '-B', '-m', 'src.matched_forecasting005', 'resume', '--matrix', 'C:\\Users\\nigel\\OneDrive\\Desktop\\GitHub\\confosense\\smart_building_conformal\\outputs\\amendment005\\support_design_v1\\experiment_matrix.csv', '--dataset', 'rico', '--horizon', '30', '--outer-fold', '2', '--model-seed', '43', '--design-dir', 'C:\\Users\\nigel\\OneDrive\\Desktop\\GitHub\\confosense\\smart_building_conformal\\protocols\\matched_forecasting005\\rico_h30_f2_s43_v1', '--out', 'C:\\Users\\nigel\\OneDrive\\Desktop\\GitHub\\confosense\\smart_building_conformal\\outputs\\matched_forecasting005\\rico_h30_f2_s43_v1', '--readiness', 'C:\\Users\\nigel\\OneDrive\\Desktop\\GitHub\\confosense\\smart_building_conformal\\protocols\\matched_forecasting005\\rico_h30_f2_s43_v1\\readiness.json', '--receipt', 'C:\\Users\\nigel\\OneDrive\\Desktop\\GitHub\\confosense\\smart_building_conformal\\outputs\\matched_forecasting005\\fold2_multiseed_batch_v1\\receipts\\rico_h30_f2_s43_v1\\resume_v1.json', '--forbid-fits']",C:\Users\nigel\OneDrive\Desktop\GitHub\confosense\smart_building_conformal,2026-09-13T23:18:33.170955+00:00,2026-09-13T23:18:54.685653+00:00,0,7860,9048,21.421549200007576,C:\Users\nigel\OneDrive\Desktop\GitHub\confosense\smart_building_conformal\outputs\matched_forecasting005\fold2_multiseed_batch_v1\attempts\2026-09-13T231833170955+0000_63d150fb\command.log
rico_h30_f2_s43_v1/groups,2026-09-13T231855425321+0000_af1ffbe9,"['C:/cfs_venv/Scripts/python.exe', '-B', 'C:\\Users\\nigel\\OneDrive\\Desktop\\GitHub\\confosense\\review\\matched_fold2_multiseed_20260914\\analyze.py', 'unit', '--stem', 'rico_h30_f2_s43_v1', '--out', 'C:\\Users\\nigel\\OneDrive\\Desktop\\GitHub\\confosense\\smart_building_conformal\\outputs\\matched_forecasting005\\fold2_multiseed_batch_v1\\attempts\\2026-09-13T231855425321+0000_af1ffbe9\\groups']",C:\Users\nigel\OneDrive\Desktop\GitHub\confosense\smart_building_conformal,2026-09-13T23:18:55.425321+00:00,2026-09-13T23:19:00.206668+00:00,0,20420,25732,4.672777699990547,C:\Users\nigel\OneDrive\Desktop\GitHub\confosense\smart_building_conformal\outputs\matched_forecasting005\fold2_multiseed_batch_v1\attempts\2026-09-13T231855425321+0000_af1ffbe9\command.log
rico_h60_f2_s43_v1/run,2026-09-13T231902269246+0000_bad03f34,"['C:/cfs_venv/Scripts/python.exe', '-B', '-m', 'src.matched_forecasting005', 'run', '--matrix', 'C:\\Users\\nigel\\OneDrive\\Desktop\\GitHub\\confosense\\smart_building_conformal\\outputs\\amendment005\\support_design_v1\\experiment_matrix.csv', '--dataset', 'rico', '--horizon', '60', '--outer-fold', '2', '--model-seed', '43', '--design-dir', 'C:\\Users\\nigel\\OneDrive\\Desktop\\GitHub\\confosense\\smart_building_conformal\\protocols\\matched_forecasting005\\rico_h60_f2_s43_v1', '--out', 'C:\\Users\\nigel\\OneDrive\\Desktop\\GitHub\\confosense\\smart_building_conformal\\outputs\\matched_forecasting005\\rico_h60_f2_s43_v1', '--readiness', 'C:\\Users\\nigel\\OneDrive\\Desktop\\GitHub\\confosense\\smart_building_conformal\\protocols\\matched_forecasting005\\rico_h60_f2_s43_v1\\readiness.json']",C:\Users\nigel\OneDrive\Desktop\GitHub\confosense\smart_building_conformal,2026-09-13T23:19:02.269246+00:00,2026-09-13T23:20:26.780304+00:00,0,25232,25392,84.42003969999496,C:\Users\nigel\OneDrive\Desktop\GitHub\confosense\smart_building_conformal\outputs\matched_forecasting005\fold2_multiseed_batch_v1\attempts\2026-09-13T231902269246+0000_bad03f34\command.log
rico_h60_f2_s43_v1/validate,2026-09-13T232027004819+0000_2bf864b3,"['C:/cfs_venv/Scripts/python.exe', '-B', '-m', 'src.matched_forecasting005', 'validate', '--matrix', 'C:\\Users\\nigel\\OneDrive\\Desktop\\GitHub\\confosense\\smart_building_conformal\\outputs\\amendment005\\support_design_v1\\experiment_matrix.csv', '--dataset', 'rico', '--horizon', '60', '--outer-fold', '2', '--model-seed', '43', '--design-dir', 'C:\\Users\\nigel\\OneDrive\\Desktop\\GitHub\\confosense\\smart_building_conformal\\protocols\\matched_forecasting005\\rico_h60_f2_s43_v1', '--out', 'C:\\Users\\nigel\\OneDrive\\Desktop\\GitHub\\confosense\\smart_building_conformal\\outputs\\matched_forecasting005\\rico_h60_f2_s43_v1', '--readiness', 'C:\\Users\\nigel\\OneDrive\\Desktop\\GitHub\\confosense\\smart_building_conformal\\protocols\\matched_forecasting005\\rico_h60_f2_s43_v1\\readiness.json', '--receipt', 'C:\\Users\\nigel\\OneDrive\\Desktop\\GitHub\\confosense\\smart_building_conformal\\outputs\\matched_forecasting005\\fold2_multiseed_batch_v1\\receipts\\rico_h60_f2_s43_v1\\audit_v1']",C:\Users\nigel\OneDrive\Desktop\GitHub\confosense\smart_building_conformal,2026-09-13T23:20:27.004819+00:00,2026-09-13T23:20:51.578266+00:00,0,12212,3156,24.466839799992158,C:\Users\nigel\OneDrive\Desktop\GitHub\confosense\smart_building_conformal\outputs\matched_forecasting005\fold2_multiseed_batch_v1\attempts\2026-09-13T232027004819+0000_2bf864b3\command.log
rico_h60_f2_s43_v1/resume,2026-09-13T232053309080+0000_d4e5fbcd,"['C:/cfs_venv/Scripts/python.exe', '-B', '-m', 'src.matched_forecasting005', 'resume', '--matrix', 'C:\\Users\\nigel\\OneDrive\\Desktop\\GitHub\\confosense\\smart_building_conformal\\outputs\\amendment005\\support_design_v1\\experiment_matrix.csv', '--dataset', 'rico', '--horizon', '60', '--outer-fold', '2', '--model-seed', '43', '--design-dir', 'C:\\Users\\nigel\\OneDrive\\Desktop\\GitHub\\confosense\\smart_building_conformal\\protocols\\matched_forecasting005\\rico_h60_f2_s43_v1', '--out', 'C:\\Users\\nigel\\OneDrive\\Desktop\\GitHub\\confosense\\smart_building_conformal\\outputs\\matched_forecasting005\\rico_h60_f2_s43_v1', '--readiness', 'C:\\Users\\nigel\\OneDrive\\Desktop\\GitHub\\confosense\\smart_building_conformal\\protocols\\matched_forecasting005\\rico_h60_f2_s43_v1\\readiness.json', '--receipt', 'C:\\Users\\nigel\\OneDrive\\Desktop\\GitHub\\confosense\\smart_building_conformal\\outputs\\matched_forecasting005\\fold2_multiseed_batch_v1\\receipts\\rico_h60_f2_s43_v1\\resume_v1.json', '--forbid-fits']",C:\Users\nigel\OneDrive\Desktop\GitHub\confosense\smart_building_conformal,2026-09-13T23:20:53.310079+00:00,2026-09-13T23:21:15.282252+00:00,0,7424,21708,21.870848100006697,C:\Users\nigel\OneDrive\Desktop\GitHub\confosense\smart_building_conformal\outputs\matched_forecasting005\fold2_multiseed_batch_v1\attempts\2026-09-13T232053309080+0000_d4e5fbcd\command.log
rico_h60_f2_s43_v1/groups,2026-09-13T232115585473+0000_2395e85e,"['C:/cfs_venv/Scripts/python.exe', '-B', 'C:\\Users\\nigel\\OneDrive\\Desktop\\GitHub\\confosense\\review\\matched_fold2_multiseed_20260914\\analyze.py', 'unit', '--stem', 'rico_h60_f2_s43_v1', '--out', 'C:\\Users\\nigel\\OneDrive\\Desktop\\GitHub\\confosense\\smart_building_conformal\\outputs\\matched_forecasting005\\fold2_multiseed_batch_v1\\attempts\\2026-09-13T232115585473+0000_2395e85e\\groups']",C:\Users\nigel\OneDrive\Desktop\GitHub\confosense\smart_building_conformal,2026-09-13T23:21:15.585473+00:00,2026-09-13T23:21:20.342624+00:00,0,25364,2584,4.658480400001281,C:\Users\nigel\OneDrive\Desktop\GitHub\confosense\smart_building_conformal\outputs\matched_forecasting005\fold2_multiseed_batch_v1\attempts\2026-09-13T232115585473+0000_2395e85e\command.log
bdg2_h1_f2_s43_v1/run,2026-09-13T232122427596+0000_e193d89c,"['C:/cfs_venv/Scripts/python.exe', '-B', '-m', 'src.matched_forecasting005', 'run', '--matrix', 'C:\\Users\\nigel\\OneDrive\\Desktop\\GitHub\\confosense\\smart_building_conformal\\outputs\\amendment005\\support_design_v1\\experiment_matrix.csv', '--dataset', 'bdg2', '--horizon', '1', '--outer-fold', '2', '--model-seed', '43', '--design-dir', 'C:\\Users\\nigel\\OneDrive\\Desktop\\GitHub\\confosense\\smart_building_conformal\\protocols\\matched_forecasting005\\bdg2_h1_f2_s43_v1', '--out', 'C:\\Users\\nigel\\OneDrive\\Desktop\\GitHub\\confosense\\smart_building_conformal\\outputs\\matched_forecasting005\\bdg2_h1_f2_s43_v1', '--readiness', 'C:\\Users\\nigel\\OneDrive\\Desktop\\GitHub\\confosense\\smart_building_conformal\\protocols\\matched_forecasting005\\bdg2_h1_f2_s43_v1\\readiness.json']",C:\Users\nigel\OneDrive\Desktop\GitHub\confosense\smart_building_conformal,2026-09-13T23:21:22.427596+00:00,2026-09-13T23:34:13.638134+00:00,0,26704,8436,771.1073002000048,C:\Users\nigel\OneDrive\Desktop\GitHub\confosense\smart_building_conformal\outputs\matched_forecasting005\fold2_multiseed_batch_v1\attempts\2026-09-13T232122427596+0000_e193d89c\command.log
bdg2_h1_f2_s43_v1/validate,2026-09-13T233414903727+0000_1893c2fe,"['C:/cfs_venv/Scripts/python.exe', '-B', '-m', 'src.matched_forecasting005', 'validate', '--matrix', 'C:\\Users\\nigel\\OneDrive\\Desktop\\GitHub\\confosense\\smart_building_conformal\\outputs\\amendment005\\support_design_v1\\experiment_matrix.csv', '--dataset', 'bdg2', '--horizon', '1', '--outer-fold', '2', '--model-seed', '43', '--design-dir', 'C:\\Users\\nigel\\OneDrive\\Desktop\\GitHub\\confosense\\smart_building_conformal\\protocols\\matched_forecasting005\\bdg2_h1_f2_s43_v1', '--out', 'C:\\Users\\nigel\\OneDrive\\Desktop\\GitHub\\confosense\\smart_building_conformal\\outputs\\matched_forecasting005\\bdg2_h1_f2_s43_v1', '--readiness', 'C:\\Users\\nigel\\OneDrive\\Desktop\\GitHub\\confosense\\smart_building_conformal\\protocols\\matched_forecasting005\\bdg2_h1_f2_s43_v1\\readiness.json', '--receipt', 'C:\\Users\\nigel\\OneDrive\\Desktop\\GitHub\\confosense\\smart_building_conformal\\outputs\\matched_forecasting005\\fold2_multiseed_batch_v1\\receipts\\bdg2_h1_f2_s43_v1\\audit_v1']",C:\Users\nigel\OneDrive\Desktop\GitHub\confosense\smart_building_conformal,2026-09-13T23:34:14.903727+00:00,2026-09-13T23:34:43.040281+00:00,0,7696,4348,28.035219600002165,C:\Users\nigel\OneDrive\Desktop\GitHub\confosense\smart_building_conformal\outputs\matched_forecasting005\fold2_multiseed_batch_v1\attempts\2026-09-13T233414903727+0000_1893c2fe\command.log
bdg2_h1_f2_s43_v1/resume,2026-09-13T233443228398+0000_bb4dc455,"['C:/cfs_venv/Scripts/python.exe', '-B', '-m', 'src.matched_forecasting005', 'resume', '--matrix', 'C:\\Users\\nigel\\OneDrive\\Desktop\\GitHub\\confosense\\smart_building_conformal\\outputs\\amendment005\\support_design_v1\\experiment_matrix.csv', '--dataset', 'bdg2', '--horizon', '1', '--outer-fold', '2', '--model-seed', '43', '--design-dir', 'C:\\Users\\nigel\\OneDrive\\Desktop\\GitHub\\confosense\\smart_building_conformal\\protocols\\matched_forecasting005\\bdg2_h1_f2_s43_v1', '--out', 'C:\\Users\\nigel\\OneDrive\\Desktop\\GitHub\\confosense\\smart_building_conformal\\outputs\\matched_forecasting005\\bdg2_h1_f2_s43_v1', '--readiness', 'C:\\Users\\nigel\\OneDrive\\Desktop\\GitHub\\confosense\\smart_building_conformal\\protocols\\matched_forecasting005\\bdg2_h1_f2_s43_v1\\readiness.json', '--receipt', 'C:\\Users\\nigel\\OneDrive\\Desktop\\GitHub\\confosense\\smart_building_conformal\\outputs\\matched_forecasting005\\fold2_multiseed_batch_v1\\receipts\\bdg2_h1_f2_s43_v1\\resume_v1.json', '--forbid-fits']",C:\Users\nigel\OneDrive\Desktop\GitHub\confosense\smart_building_conformal,2026-09-13T23:34:43.234424+00:00,2026-09-13T23:35:05.149364+00:00,0,24608,22572,21.77918559999671,C:\Users\nigel\OneDrive\Desktop\GitHub\confosense\smart_building_conformal\outputs\matched_forecasting005\fold2_multiseed_batch_v1\attempts\2026-09-13T233443228398+0000_bb4dc455\command.log
bdg2_h1_f2_s43_v1/groups,2026-09-13T233505518299+0000_d3618058,"['C:/cfs_venv/Scripts/python.exe', '-B', 'C:\\Users\\nigel\\OneDrive\\Desktop\\GitHub\\confosense\\review\\matched_fold2_multiseed_20260914\\analyze.py', 'unit', '--stem', 'bdg2_h1_f2_s43_v1', '--out', 'C:\\Users\\nigel\\OneDrive\\Desktop\\GitHub\\confosense\\smart_building_conformal\\outputs\\matched_forecasting005\\fold2_multiseed_batch_v1\\attempts\\2026-09-13T233505518299+0000_d3618058\\groups']",C:\Users\nigel\OneDrive\Desktop\GitHub\confosense\smart_building_conformal,2026-09-13T23:35:05.519181+00:00,2026-09-13T23:35:11.911902+00:00,0,29676,7712,6.298573699998087,C:\Users\nigel\OneDrive\Desktop\GitHub\confosense\smart_building_conformal\outputs\matched_forecasting005\fold2_multiseed_batch_v1\attempts\2026-09-13T233505518299+0000_d3618058\command.log
bdg2_h3_f2_s43_v1/run,2026-09-13T233514404665+0000_d5362fa1,"['C:/cfs_venv/Scripts/python.exe', '-B', '-m', 'src.matched_forecasting005', 'run', '--matrix', 'C:\\Users\\nigel\\OneDrive\\Desktop\\GitHub\\confosense\\smart_building_conformal\\outputs\\amendment005\\support_design_v1\\experiment_matrix.csv', '--dataset', 'bdg2', '--horizon', '3', '--outer-fold', '2', '--model-seed', '43', '--design-dir', 'C:\\Users\\nigel\\OneDrive\\Desktop\\GitHub\\confosense\\smart_building_conformal\\protocols\\matched_forecasting005\\bdg2_h3_f2_s43_v1', '--out', 'C:\\Users\\nigel\\OneDrive\\Desktop\\GitHub\\confosense\\smart_building_conformal\\outputs\\matched_forecasting005\\bdg2_h3_f2_s43_v1', '--readiness', 'C:\\Users\\nigel\\OneDrive\\Desktop\\GitHub\\confosense\\smart_building_conformal\\protocols\\matched_forecasting005\\bdg2_h3_f2_s43_v1\\readiness.json']",C:\Users\nigel\OneDrive\Desktop\GitHub\confosense\smart_building_conformal,2026-09-13T23:35:14.405672+00:00,2026-09-13T23:43:12.408745+00:00,0,3764,27172,477.91672170000675,C:\Users\nigel\OneDrive\Desktop\GitHub\confosense\smart_building_conformal\outputs\matched_forecasting005\fold2_multiseed_batch_v1\attempts\2026-09-13T233514404665+0000_d5362fa1\command.log
bdg2_h3_f2_s43_v1/validate,2026-09-13T234312446702+0000_fec9c18c,"['C:/cfs_venv/Scripts/python.exe', '-B', '-m', 'src.matched_forecasting005', 'validate', '--matrix', 'C:\\Users\\nigel\\OneDrive\\Desktop\\GitHub\\confosense\\smart_building_conformal\\outputs\\amendment005\\support_design_v1\\experiment_matrix.csv', '--dataset', 'bdg2', '--horizon', '3', '--outer-fold', '2', '--model-seed', '43', '--design-dir', 'C:\\Users\\nigel\\OneDrive\\Desktop\\GitHub\\confosense\\smart_building_conformal\\protocols\\matched_forecasting005\\bdg2_h3_f2_s43_v1', '--out', 'C:\\Users\\nigel\\OneDrive\\Desktop\\GitHub\\confosense\\smart_building_conformal\\outputs\\matched_forecasting005\\bdg2_h3_f2_s43_v1', '--readiness', 'C:\\Users\\nigel\\OneDrive\\Desktop\\GitHub\\confosense\\smart_building_conformal\\protocols\\matched_forecasting005\\bdg2_h3_f2_s43_v1\\readiness.json', '--receipt', 'C:\\Users\\nigel\\OneDrive\\Desktop\\GitHub\\confosense\\smart_building_conformal\\outputs\\matched_forecasting005\\fold2_multiseed_batch_v1\\receipts\\bdg2_h3_f2_s43_v1\\audit_v1']",C:\Users\nigel\OneDrive\Desktop\GitHub\confosense\smart_building_conformal,2026-09-13T23:43:12.446702+00:00,2026-09-13T23:43:40.090593+00:00,0,21216,12832,27.54518430000462,C:\Users\nigel\OneDrive\Desktop\GitHub\confosense\smart_building_conformal\outputs\matched_forecasting005\fold2_multiseed_batch_v1\attempts\2026-09-13T234312446702+0000_fec9c18c\command.log
bdg2_h3_f2_s43_v1/resume,2026-09-13T234340768288+0000_c191e4f6,"['C:/cfs_venv/Scripts/python.exe', '-B', '-m', 'src.matched_forecasting005', 'resume', '--matrix', 'C:\\Users\\nigel\\OneDrive\\Desktop\\GitHub\\confosense\\smart_building_conformal\\outputs\\amendment005\\support_design_v1\\experiment_matrix.csv', '--dataset', 'bdg2', '--horizon', '3', '--outer-fold', '2', '--model-seed', '43', '--design-dir', 'C:\\Users\\nigel\\OneDrive\\Desktop\\GitHub\\confosense\\smart_building_conformal\\protocols\\matched_forecasting005\\bdg2_h3_f2_s43_v1', '--out', 'C:\\Users\\nigel\\OneDrive\\Desktop\\GitHub\\confosense\\smart_building_conformal\\outputs\\matched_forecasting005\\bdg2_h3_f2_s43_v1', '--readiness', 'C:\\Users\\nigel\\OneDrive\\Desktop\\GitHub\\confosense\\smart_building_conformal\\protocols\\matched_forecasting005\\bdg2_h3_f2_s43_v1\\readiness.json', '--receipt', 'C:\\Users\\nigel\\OneDrive\\Desktop\\GitHub\\confosense\\smart_building_conformal\\outputs\\matched_forecasting005\\fold2_multiseed_batch_v1\\receipts\\bdg2_h3_f2_s43_v1\\resume_v1.json', '--forbid-fits']",C:\Users\nigel\OneDrive\Desktop\GitHub\confosense\smart_building_conformal,2026-09-13T23:43:40.768288+00:00,2026-09-13T23:44:02.305926+00:00,0,18472,13752,21.4440828999941,C:\Users\nigel\OneDrive\Desktop\GitHub\confosense\smart_building_conformal\outputs\matched_forecasting005\fold2_multiseed_batch_v1\attempts\2026-09-13T234340768288+0000_c191e4f6\command.log
bdg2_h3_f2_s43_v1/groups,2026-09-13T234403034213+0000_962a05a4,"['C:/cfs_venv/Scripts/python.exe', '-B', 'C:\\Users\\nigel\\OneDrive\\Desktop\\GitHub\\confosense\\review\\matched_fold2_multiseed_20260914\\analyze.py', 'unit', '--stem', 'bdg2_h3_f2_s43_v1', '--out', 'C:\\Users\\nigel\\OneDrive\\Desktop\\GitHub\\confosense\\smart_building_conformal\\outputs\\matched_forecasting005\\fold2_multiseed_batch_v1\\attempts\\2026-09-13T234403034213+0000_962a05a4\\groups']",C:\Users\nigel\OneDrive\Desktop\GitHub\confosense\smart_building_conformal,2026-09-13T23:44:03.034213+00:00,2026-09-13T23:44:09.669288+00:00,0,10204,13544,6.525552399994922,C:\Users\nigel\OneDrive\Desktop\GitHub\confosense\smart_building_conformal\outputs\matched_forecasting005\fold2_multiseed_batch_v1\attempts\2026-09-13T234403034213+0000_962a05a4\command.log
bdg2_h6_f2_s43_v1/run,2026-09-13T234411980348+0000_c34a3e58,"['C:/cfs_venv/Scripts/python.exe', '-B', '-m', 'src.matched_forecasting005', 'run', '--matrix', 'C:\\Users\\nigel\\OneDrive\\Desktop\\GitHub\\confosense\\smart_building_conformal\\outputs\\amendment005\\support_design_v1\\experiment_matrix.csv', '--dataset', 'bdg2', '--horizon', '6', '--outer-fold', '2', '--model-seed', '43', '--design-dir', 'C:\\Users\\nigel\\OneDrive\\Desktop\\GitHub\\confosense\\smart_building_conformal\\protocols\\matched_forecasting005\\bdg2_h6_f2_s43_v1', '--out', 'C:\\Users\\nigel\\OneDrive\\Desktop\\GitHub\\confosense\\smart_building_conformal\\outputs\\matched_forecasting005\\bdg2_h6_f2_s43_v1', '--readiness', 'C:\\Users\\nigel\\OneDrive\\Desktop\\GitHub\\confosense\\smart_building_conformal\\protocols\\matched_forecasting005\\bdg2_h6_f2_s43_v1\\readiness.json']",C:\Users\nigel\OneDrive\Desktop\GitHub\confosense\smart_building_conformal,2026-09-13T23:44:11.981353+00:00,2026-09-13T23:49:03.093642+00:00,0,3304,23804,291.0208321999962,C:\Users\nigel\OneDrive\Desktop\GitHub\confosense\smart_building_conformal\outputs\matched_forecasting005\fold2_multiseed_batch_v1\attempts\2026-09-13T234411980348+0000_c34a3e58\command.log
bdg2_h6_f2_s43_v1/validate,2026-09-13T234904571934+0000_7c73b72a,"['C:/cfs_venv/Scripts/python.exe', '-B', '-m', 'src.matched_forecasting005', 'validate', '--matrix', 'C:\\Users\\nigel\\OneDrive\\Desktop\\GitHub\\confosense\\smart_building_conformal\\outputs\\amendment005\\support_design_v1\\experiment_matrix.csv', '--dataset', 'bdg2', '--horizon', '6', '--outer-fold', '2', '--model-seed', '43', '--design-dir', 'C:\\Users\\nigel\\OneDrive\\Desktop\\GitHub\\confosense\\smart_building_conformal\\protocols\\matched_forecasting005\\bdg2_h6_f2_s43_v1', '--out', 'C:\\Users\\nigel\\OneDrive\\Desktop\\GitHub\\confosense\\smart_building_conformal\\outputs\\matched_forecasting005\\bdg2_h6_f2_s43_v1', '--readiness', 'C:\\Users\\nigel\\OneDrive\\Desktop\\GitHub\\confosense\\smart_building_conformal\\protocols\\matched_forecasting005\\bdg2_h6_f2_s43_v1\\readiness.json', '--receipt', 'C:\\Users\\nigel\\OneDrive\\Desktop\\GitHub\\confosense\\smart_building_conformal\\outputs\\matched_forecasting005\\fold2_multiseed_batch_v1\\receipts\\bdg2_h6_f2_s43_v1\\audit_v1']",C:\Users\nigel\OneDrive\Desktop\GitHub\confosense\smart_building_conformal,2026-09-13T23:49:04.578242+00:00,2026-09-13T23:49:32.156375+00:00,0,17592,28596,27.45384699999704,C:\Users\nigel\OneDrive\Desktop\GitHub\confosense\smart_building_conformal\outputs\matched_forecasting005\fold2_multiseed_batch_v1\attempts\2026-09-13T234904571934+0000_7c73b72a\command.log
bdg2_h6_f2_s43_v1/resume,2026-09-13T234932925730+0000_9c70d277,"['C:/cfs_venv/Scripts/python.exe', '-B', '-m', 'src.matched_forecasting005', 'resume', '--matrix', 'C:\\Users\\nigel\\OneDrive\\Desktop\\GitHub\\confosense\\smart_building_conformal\\outputs\\amendment005\\support_design_v1\\experiment_matrix.csv', '--dataset', 'bdg2', '--horizon', '6', '--outer-fold', '2', '--model-seed', '43', '--design-dir', 'C:\\Users\\nigel\\OneDrive\\Desktop\\GitHub\\confosense\\smart_building_conformal\\protocols\\matched_forecasting005\\bdg2_h6_f2_s43_v1', '--out', 'C:\\Users\\nigel\\OneDrive\\Desktop\\GitHub\\confosense\\smart_building_conformal\\outputs\\matched_forecasting005\\bdg2_h6_f2_s43_v1', '--readiness', 'C:\\Users\\nigel\\OneDrive\\Desktop\\GitHub\\confosense\\smart_building_conformal\\protocols\\matched_forecasting005\\bdg2_h6_f2_s43_v1\\readiness.json', '--receipt', 'C:\\Users\\nigel\\OneDrive\\Desktop\\GitHub\\confosense\\smart_building_conformal\\outputs\\matched_forecasting005\\fold2_multiseed_batch_v1\\receipts\\bdg2_h6_f2_s43_v1\\resume_v1.json', '--forbid-fits']",C:\Users\nigel\OneDrive\Desktop\GitHub\confosense\smart_building_conformal,2026-09-13T23:49:32.927479+00:00,2026-09-13T23:49:54.489746+00:00,0,17800,25080,21.468762200005585,C:\Users\nigel\OneDrive\Desktop\GitHub\confosense\smart_building_conformal\outputs\matched_forecasting005\fold2_multiseed_batch_v1\attempts\2026-09-13T234932925730+0000_9c70d277\command.log
bdg2_h6_f2_s43_v1/groups,2026-09-13T234955201560+0000_5d6fd45c,"['C:/cfs_venv/Scripts/python.exe', '-B', 'C:\\Users\\nigel\\OneDrive\\Desktop\\GitHub\\confosense\\review\\matched_fold2_multiseed_20260914\\analyze.py', 'unit', '--stem', 'bdg2_h6_f2_s43_v1', '--out', 'C:\\Users\\nigel\\OneDrive\\Desktop\\GitHub\\confosense\\smart_building_conformal\\outputs\\matched_forecasting005\\fold2_multiseed_batch_v1\\attempts\\2026-09-13T234955201560+0000_5d6fd45c\\groups']",C:\Users\nigel\OneDrive\Desktop\GitHub\confosense\smart_building_conformal,2026-09-13T23:49:55.206400+00:00,2026-09-13T23:50:01.757453+00:00,0,14280,17940,6.426087799991365,C:\Users\nigel\OneDrive\Desktop\GitHub\confosense\smart_building_conformal\outputs\matched_forecasting005\fold2_multiseed_batch_v1\attempts\2026-09-13T234955201560+0000_5d6fd45c\command.log
pleia_h1_f2_s43_v1/run,2026-09-13T235004164321+0000_d6d8fde6,"['C:/cfs_venv/Scripts/python.exe', '-B', '-m', 'src.matched_forecasting005', 'run', '--matrix', 'C:\\Users\\nigel\\OneDrive\\Desktop\\GitHub\\confosense\\smart_building_conformal\\outputs\\amendment005\\support_design_v1\\experiment_matrix.csv', '--dataset', 'pleia', '--horizon', '1', '--outer-fold', '2', '--model-seed', '43', '--design-dir', 'C:\\Users\\nigel\\OneDrive\\Desktop\\GitHub\\confosense\\smart_building_conformal\\protocols\\matched_forecasting005\\pleia_h1_f2_s43_v1', '--out', 'C:\\Users\\nigel\\OneDrive\\Desktop\\GitHub\\confosense\\smart_building_conformal\\outputs\\matched_forecasting005\\pleia_h1_f2_s43_v1', '--readiness', 'C:\\Users\\nigel\\OneDrive\\Desktop\\GitHub\\confosense\\smart_building_conformal\\protocols\\matched_forecasting005\\pleia_h1_f2_s43_v1\\readiness.json']",C:\Users\nigel\OneDrive\Desktop\GitHub\confosense\smart_building_conformal,2026-09-13T23:50:04.165586+00:00,2026-09-13T23:53:55.746517+00:00,0,29064,28072,231.47892100000172,C:\Users\nigel\OneDrive\Desktop\GitHub\confosense\smart_building_conformal\outputs\matched_forecasting005\fold2_multiseed_batch_v1\attempts\2026-09-13T235004164321+0000_d6d8fde6\command.log
pleia_h1_f2_s43_v1/validate,2026-09-13T235356244521+0000_ee967566,"['C:/cfs_venv/Scripts/python.exe', '-B', '-m', 'src.matched_forecasting005', 'validate', '--matrix', 'C:\\Users\\nigel\\OneDrive\\Desktop\\GitHub\\confosense\\smart_building_conformal\\outputs\\amendment005\\support_design_v1\\experiment_matrix.csv', '--dataset', 'pleia', '--horizon', '1', '--outer-fold', '2', '--model-seed', '43', '--design-dir', 'C:\\Users\\nigel\\OneDrive\\Desktop\\GitHub\\confosense\\smart_building_conformal\\protocols\\matched_forecasting005\\pleia_h1_f2_s43_v1', '--out', 'C:\\Users\\nigel\\OneDrive\\Desktop\\GitHub\\confosense\\smart_building_conformal\\outputs\\matched_forecasting005\\pleia_h1_f2_s43_v1', '--readiness', 'C:\\Users\\nigel\\OneDrive\\Desktop\\GitHub\\confosense\\smart_building_conformal\\protocols\\matched_forecasting005\\pleia_h1_f2_s43_v1\\readiness.json', '--receipt', 'C:\\Users\\nigel\\OneDrive\\Desktop\\GitHub\\confosense\\smart_building_conformal\\outputs\\matched_forecasting005\\fold2_multiseed_batch_v1\\receipts\\pleia_h1_f2_s43_v1\\audit_v1']",C:\Users\nigel\OneDrive\Desktop\GitHub\confosense\smart_building_conformal,2026-09-13T23:53:56.244521+00:00,2026-09-13T23:54:11.511105+00:00,0,5568,28688,15.153070300002582,C:\Users\nigel\OneDrive\Desktop\GitHub\confosense\smart_building_conformal\outputs\matched_forecasting005\fold2_multiseed_batch_v1\attempts\2026-09-13T235356244521+0000_ee967566\command.log
pleia_h1_f2_s43_v1/resume,2026-09-13T235412477426+0000_d8b5992c,"['C:/cfs_venv/Scripts/python.exe', '-B', '-m', 'src.matched_forecasting005', 'resume', '--matrix', 'C:\\Users\\nigel\\OneDrive\\Desktop\\GitHub\\confosense\\smart_building_conformal\\outputs\\amendment005\\support_design_v1\\experiment_matrix.csv', '--dataset', 'pleia', '--horizon', '1', '--outer-fold', '2', '--model-seed', '43', '--design-dir', 'C:\\Users\\nigel\\OneDrive\\Desktop\\GitHub\\confosense\\smart_building_conformal\\protocols\\matched_forecasting005\\pleia_h1_f2_s43_v1', '--out', 'C:\\Users\\nigel\\OneDrive\\Desktop\\GitHub\\confosense\\smart_building_conformal\\outputs\\matched_forecasting005\\pleia_h1_f2_s43_v1', '--readiness', 'C:\\Users\\nigel\\OneDrive\\Desktop\\GitHub\\confosense\\smart_building_conformal\\protocols\\matched_forecasting005\\pleia_h1_f2_s43_v1\\readiness.json', '--receipt', 'C:\\Users\\nigel\\OneDrive\\Desktop\\GitHub\\confosense\\smart_building_conformal\\outputs\\matched_forecasting005\\fold2_multiseed_batch_v1\\receipts\\pleia_h1_f2_s43_v1\\resume_v1.json', '--forbid-fits']",C:\Users\nigel\OneDrive\Desktop\GitHub\confosense\smart_building_conformal,2026-09-13T23:54:12.477426+00:00,2026-09-13T23:54:25.001111+00:00,0,29516,18504,12.418802799991681,C:\Users\nigel\OneDrive\Desktop\GitHub\confosense\smart_building_conformal\outputs\matched_forecasting005\fold2_multiseed_batch_v1\attempts\2026-09-13T235412477426+0000_d8b5992c\command.log
pleia_h1_f2_s43_v1/groups,2026-09-13T235426686260+0000_0a46488a,"['C:/cfs_venv/Scripts/python.exe', '-B', 'C:\\Users\\nigel\\OneDrive\\Desktop\\GitHub\\confosense\\review\\matched_fold2_multiseed_20260914\\analyze.py', 'unit', '--stem', 'pleia_h1_f2_s43_v1', '--out', 'C:\\Users\\nigel\\OneDrive\\Desktop\\GitHub\\confosense\\smart_building_conformal\\outputs\\matched_forecasting005\\fold2_multiseed_batch_v1\\attempts\\2026-09-13T235426686260+0000_0a46488a\\groups']",C:\Users\nigel\OneDrive\Desktop\GitHub\confosense\smart_building_conformal,2026-09-13T23:54:26.686260+00:00,2026-09-13T23:54:31.443132+00:00,0,10708,8712,4.6444192999915686,C:\Users\nigel\OneDrive\Desktop\GitHub\confosense\smart_building_conformal\outputs\matched_forecasting005\fold2_multiseed_batch_v1\attempts\2026-09-13T235426686260+0000_0a46488a\command.log
pleia_h3_f2_s43_v1/run,2026-09-13T235433553699+0000_e57bf8e3,"['C:/cfs_venv/Scripts/python.exe', '-B', '-m', 'src.matched_forecasting005', 'run', '--matrix', 'C:\\Users\\nigel\\OneDrive\\Desktop\\GitHub\\confosense\\smart_building_conformal\\outputs\\amendment005\\support_design_v1\\experiment_matrix.csv', '--dataset', 'pleia', '--horizon', '3', '--outer-fold', '2', '--model-seed', '43', '--design-dir', 'C:\\Users\\nigel\\OneDrive\\Desktop\\GitHub\\confosense\\smart_building_conformal\\protocols\\matched_forecasting005\\pleia_h3_f2_s43_v1', '--out', 'C:\\Users\\nigel\\OneDrive\\Desktop\\GitHub\\confosense\\smart_building_conformal\\outputs\\matched_forecasting005\\pleia_h3_f2_s43_v1', '--readiness', 'C:\\Users\\nigel\\OneDrive\\Desktop\\GitHub\\confosense\\smart_building_conformal\\protocols\\matched_forecasting005\\pleia_h3_f2_s43_v1\\readiness.json']",C:\Users\nigel\OneDrive\Desktop\GitHub\confosense\smart_building_conformal,2026-09-13T23:54:33.554699+00:00,2026-09-13T23:57:39.627341+00:00,0,7584,26408,185.97801399999298,C:\Users\nigel\OneDrive\Desktop\GitHub\confosense\smart_building_conformal\outputs\matched_forecasting005\fold2_multiseed_batch_v1\attempts\2026-09-13T235433553699+0000_e57bf8e3\command.log
pleia_h3_f2_s43_v1/validate,2026-09-13T235741291008+0000_d25a36d9,"['C:/cfs_venv/Scripts/python.exe', '-B', '-m', 'src.matched_forecasting005', 'validate', '--matrix', 'C:\\Users\\nigel\\OneDrive\\Desktop\\GitHub\\confosense\\smart_building_conformal\\outputs\\amendment005\\support_design_v1\\experiment_matrix.csv', '--dataset', 'pleia', '--horizon', '3', '--outer-fold', '2', '--model-seed', '43', '--design-dir', 'C:\\Users\\nigel\\OneDrive\\Desktop\\GitHub\\confosense\\smart_building_conformal\\protocols\\matched_forecasting005\\pleia_h3_f2_s43_v1', '--out', 'C:\\Users\\nigel\\OneDrive\\Desktop\\GitHub\\confosense\\smart_building_conformal\\outputs\\matched_forecasting005\\pleia_h3_f2_s43_v1', '--readiness', 'C:\\Users\\nigel\\OneDrive\\Desktop\\GitHub\\confosense\\smart_building_conformal\\protocols\\matched_forecasting005\\pleia_h3_f2_s43_v1\\readiness.json', '--receipt', 'C:\\Users\\nigel\\OneDrive\\Desktop\\GitHub\\confosense\\smart_building_conformal\\outputs\\matched_forecasting005\\fold2_multiseed_batch_v1\\receipts\\pleia_h3_f2_s43_v1\\audit_v1']",C:\Users\nigel\OneDrive\Desktop\GitHub\confosense\smart_building_conformal,2026-09-13T23:57:41.292007+00:00,2026-09-13T23:57:56.431129+00:00,0,5628,10616,15.023230700011482,C:\Users\nigel\OneDrive\Desktop\GitHub\confosense\smart_building_conformal\outputs\matched_forecasting005\fold2_multiseed_batch_v1\attempts\2026-09-13T235741291008+0000_d25a36d9\command.log
pleia_h3_f2_s43_v1/resume,2026-09-13T235757549854+0000_a60dcefa,"['C:/cfs_venv/Scripts/python.exe', '-B', '-m', 'src.matched_forecasting005', 'resume', '--matrix', 'C:\\Users\\nigel\\OneDrive\\Desktop\\GitHub\\confosense\\smart_building_conformal\\outputs\\amendment005\\support_design_v1\\experiment_matrix.csv', '--dataset', 'pleia', '--horizon', '3', '--outer-fold', '2', '--model-seed', '43', '--design-dir', 'C:\\Users\\nigel\\OneDrive\\Desktop\\GitHub\\confosense\\smart_building_conformal\\protocols\\matched_forecasting005\\pleia_h3_f2_s43_v1', '--out', 'C:\\Users\\nigel\\OneDrive\\Desktop\\GitHub\\confosense\\smart_building_conformal\\outputs\\matched_forecasting005\\pleia_h3_f2_s43_v1', '--readiness', 'C:\\Users\\nigel\\OneDrive\\Desktop\\GitHub\\confosense\\smart_building_conformal\\protocols\\matched_forecasting005\\pleia_h3_f2_s43_v1\\readiness.json', '--receipt', 'C:\\Users\\nigel\\OneDrive\\Desktop\\GitHub\\confosense\\smart_building_conformal\\outputs\\matched_forecasting005\\fold2_multiseed_batch_v1\\receipts\\pleia_h3_f2_s43_v1\\resume_v1.json', '--forbid-fits']",C:\Users\nigel\OneDrive\Desktop\GitHub\confosense\smart_building_conformal,2026-09-13T23:57:57.549854+00:00,2026-09-13T23:58:09.971451+00:00,0,14348,10708,12.303393800000777,C:\Users\nigel\OneDrive\Desktop\GitHub\confosense\smart_building_conformal\outputs\matched_forecasting005\fold2_multiseed_batch_v1\attempts\2026-09-13T235757549854+0000_a60dcefa\command.log
pleia_h3_f2_s43_v1/groups,2026-09-13T235811807914+0000_1825cd71,"['C:/cfs_venv/Scripts/python.exe', '-B', 'C:\\Users\\nigel\\OneDrive\\Desktop\\GitHub\\confosense\\review\\matched_fold2_multiseed_20260914\\analyze.py', 'unit', '--stem', 'pleia_h3_f2_s43_v1', '--out', 'C:\\Users\\nigel\\OneDrive\\Desktop\\GitHub\\confosense\\smart_building_conformal\\outputs\\matched_forecasting005\\fold2_multiseed_batch_v1\\attempts\\2026-09-13T235811807914+0000_1825cd71\\groups']",C:\Users\nigel\OneDrive\Desktop\GitHub\confosense\smart_building_conformal,2026-09-13T23:58:11.807914+00:00,2026-09-13T23:58:16.575480+00:00,0,13668,21892,4.662109500000952,C:\Users\nigel\OneDrive\Desktop\GitHub\confosense\smart_building_conformal\outputs\matched_forecasting005\fold2_multiseed_batch_v1\attempts\2026-09-13T235811807914+0000_1825cd71\command.log
pleia_h6_f2_s43_v1/run,2026-09-13T235818686454+0000_f28c6c4d,"['C:/cfs_venv/Scripts/python.exe', '-B', '-m', 'src.matched_forecasting005', 'run', '--matrix', 'C:\\Users\\nigel\\OneDrive\\Desktop\\GitHub\\confosense\\smart_building_conformal\\outputs\\amendment005\\support_design_v1\\experiment_matrix.csv', '--dataset', 'pleia', '--horizon', '6', '--outer-fold', '2', '--model-seed', '43', '--design-dir', 'C:\\Users\\nigel\\OneDrive\\Desktop\\GitHub\\confosense\\smart_building_conformal\\protocols\\matched_forecasting005\\pleia_h6_f2_s43_v1', '--out', 'C:\\Users\\nigel\\OneDrive\\Desktop\\GitHub\\confosense\\smart_building_conformal\\outputs\\matched_forecasting005\\pleia_h6_f2_s43_v1', '--readiness', 'C:\\Users\\nigel\\OneDrive\\Desktop\\GitHub\\confosense\\smart_building_conformal\\protocols\\matched_forecasting005\\pleia_h6_f2_s43_v1\\readiness.json']",C:\Users\nigel\OneDrive\Desktop\GitHub\confosense\smart_building_conformal,2026-09-13T23:58:18.686454+00:00,2026-09-14T00:00:18.241311+00:00,0,21708,22020,119.45360029999574,C:\Users\nigel\OneDrive\Desktop\GitHub\confosense\smart_building_conformal\outputs\matched_forecasting005\fold2_multiseed_batch_v1\attempts\2026-09-13T235818686454+0000_f28c6c4d\command.log
pleia_h6_f2_s43_v1/validate,2026-09-14T000019895792+0000_65761d91,"['C:/cfs_venv/Scripts/python.exe', '-B', '-m', 'src.matched_forecasting005', 'validate', '--matrix', 'C:\\Users\\nigel\\OneDrive\\Desktop\\GitHub\\confosense\\smart_building_conformal\\outputs\\amendment005\\support_design_v1\\experiment_matrix.csv', '--dataset', 'pleia', '--horizon', '6', '--outer-fold', '2', '--model-seed', '43', '--design-dir', 'C:\\Users\\nigel\\OneDrive\\Desktop\\GitHub\\confosense\\smart_building_conformal\\protocols\\matched_forecasting005\\pleia_h6_f2_s43_v1', '--out', 'C:\\Users\\nigel\\OneDrive\\Desktop\\GitHub\\confosense\\smart_building_conformal\\outputs\\matched_forecasting005\\pleia_h6_f2_s43_v1', '--readiness', 'C:\\Users\\nigel\\OneDrive\\Desktop\\GitHub\\confosense\\smart_building_conformal\\protocols\\matched_forecasting005\\pleia_h6_f2_s43_v1\\readiness.json', '--receipt', 'C:\\Users\\nigel\\OneDrive\\Desktop\\GitHub\\confosense\\smart_building_conformal\\outputs\\matched_forecasting005\\fold2_multiseed_batch_v1\\receipts\\pleia_h6_f2_s43_v1\\audit_v1']",C:\Users\nigel\OneDrive\Desktop\GitHub\confosense\smart_building_conformal,2026-09-14T00:00:19.895792+00:00,2026-09-14T00:00:34.751300+00:00,0,10396,5184,14.749116300008609,C:\Users\nigel\OneDrive\Desktop\GitHub\confosense\smart_building_conformal\outputs\matched_forecasting005\fold2_multiseed_batch_v1\attempts\2026-09-14T000019895792+0000_65761d91\command.log
pleia_h6_f2_s43_v1/resume,2026-09-14T000036156163+0000_925dd167,"['C:/cfs_venv/Scripts/python.exe', '-B', '-m', 'src.matched_forecasting005', 'resume', '--matrix', 'C:\\Users\\nigel\\OneDrive\\Desktop\\GitHub\\confosense\\smart_building_conformal\\outputs\\amendment005\\support_design_v1\\experiment_matrix.csv', '--dataset', 'pleia', '--horizon', '6', '--outer-fold', '2', '--model-seed', '43', '--design-dir', 'C:\\Users\\nigel\\OneDrive\\Desktop\\GitHub\\confosense\\smart_building_conformal\\protocols\\matched_forecasting005\\pleia_h6_f2_s43_v1', '--out', 'C:\\Users\\nigel\\OneDrive\\Desktop\\GitHub\\confosense\\smart_building_conformal\\outputs\\matched_forecasting005\\pleia_h6_f2_s43_v1', '--readiness', 'C:\\Users\\nigel\\OneDrive\\Desktop\\GitHub\\confosense\\smart_building_conformal\\protocols\\matched_forecasting005\\pleia_h6_f2_s43_v1\\readiness.json', '--receipt', 'C:\\Users\\nigel\\OneDrive\\Desktop\\GitHub\\confosense\\smart_building_conformal\\outputs\\matched_forecasting005\\fold2_multiseed_batch_v1\\receipts\\pleia_h6_f2_s43_v1\\resume_v1.json', '--forbid-fits']",C:\Users\nigel\OneDrive\Desktop\GitHub\confosense\smart_building_conformal,2026-09-14T00:00:36.156163+00:00,2026-09-14T00:00:48.688995+00:00,0,7352,29404,12.438263999996707,C:\Users\nigel\OneDrive\Desktop\GitHub\confosense\smart_building_conformal\outputs\matched_forecasting005\fold2_multiseed_batch_v1\attempts\2026-09-14T000036156163+0000_925dd167\command.log
pleia_h6_f2_s43_v1/groups,2026-09-14T000050395532+0000_e7592572,"['C:/cfs_venv/Scripts/python.exe', '-B', 'C:\\Users\\nigel\\OneDrive\\Desktop\\GitHub\\confosense\\review\\matched_fold2_multiseed_20260914\\analyze.py', 'unit', '--stem', 'pleia_h6_f2_s43_v1', '--out', 'C:\\Users\\nigel\\OneDrive\\Desktop\\GitHub\\confosense\\smart_building_conformal\\outputs\\matched_forecasting005\\fold2_multiseed_batch_v1\\attempts\\2026-09-14T000050395532+0000_e7592572\\groups']",C:\Users\nigel\OneDrive\Desktop\GitHub\confosense\smart_building_conformal,2026-09-14T00:00:50.398131+00:00,2026-09-14T00:00:55.192192+00:00,0,6452,15264,4.694311200000811,C:\Users\nigel\OneDrive\Desktop\GitHub\confosense\smart_building_conformal\outputs\matched_forecasting005\fold2_multiseed_batch_v1\attempts\2026-09-14T000050395532+0000_e7592572\command.log
seed43/analysis,2026-09-14T000056640769+0000_73ad46b0,"['C:/cfs_venv/Scripts/python.exe', '-B', 'C:\\Users\\nigel\\OneDrive\\Desktop\\GitHub\\confosense\\review\\matched_fold2_multiseed_20260914\\analyze.py', 'seed', '--out', 'C:\\Users\\nigel\\OneDrive\\Desktop\\GitHub\\confosense\\smart_building_conformal\\outputs\\matched_forecasting005\\fold2_multiseed_batch_v1\\seed43_summary_v1']",C:\Users\nigel\OneDrive\Desktop\GitHub\confosense\smart_building_conformal,2026-09-14T00:00:56.640769+00:00,2026-09-14T00:01:08.391794+00:00,0,25176,27544,11.649202200002037,C:\Users\nigel\OneDrive\Desktop\GitHub\confosense\smart_building_conformal\outputs\matched_forecasting005\fold2_multiseed_batch_v1\attempts\2026-09-14T000056640769+0000_73ad46b0\command.log
publication/seed43,2026-09-14T000108858353+0000_e66ca6f1,"['C:/cfs_venv/Scripts/python.exe', '-B', 'C:\\Users\\nigel\\OneDrive\\Desktop\\GitHub\\confosense\\review\\matched_fold2_multiseed_20260914\\publish.py', '--label', 'seed43']",C:\Users\nigel\OneDrive\Desktop\GitHub\confosense\smart_building_conformal,2026-09-14T00:01:08.859375+00:00,2026-09-14T00:01:46.845517+00:00,0,10852,3288,37.87761229999887,C:\Users\nigel\OneDrive\Desktop\GitHub\confosense\smart_building_conformal\outputs\matched_forecasting005\fold2_multiseed_batch_v1\attempts\2026-09-14T000108858353+0000_e66ca6f1\command.log
pleia_energy_h1_f2_s44_v1/run,2026-09-14T000147560659+0000_c5100171,"['C:/cfs_venv/Scripts/python.exe', '-B', '-m', 'src.matched_forecasting005', 'run', '--matrix', 'C:\\Users\\nigel\\OneDrive\\Desktop\\GitHub\\confosense\\smart_building_conformal\\outputs\\amendment005\\support_design_v1\\experiment_matrix.csv', '--dataset', 'pleia_energy', '--horizon', '1', '--outer-fold', '2', '--model-seed', '44', '--design-dir', 'C:\\Users\\nigel\\OneDrive\\Desktop\\GitHub\\confosense\\smart_building_conformal\\protocols\\matched_forecasting005\\pleia_energy_h1_f2_s44_v1', '--out', 'C:\\Users\\nigel\\OneDrive\\Desktop\\GitHub\\confosense\\smart_building_conformal\\outputs\\matched_forecasting005\\pleia_energy_h1_f2_s44_v1', '--readiness', 'C:\\Users\\nigel\\OneDrive\\Desktop\\GitHub\\confosense\\smart_building_conformal\\protocols\\matched_forecasting005\\pleia_energy_h1_f2_s44_v1\\readiness.json']",C:\Users\nigel\OneDrive\Desktop\GitHub\confosense\smart_building_conformal,2026-09-14T00:01:47.560659+00:00,2026-09-14T00:03:50.236551+00:00,0,26396,29064,122.57406109999283,C:\Users\nigel\OneDrive\Desktop\GitHub\confosense\smart_building_conformal\outputs\matched_forecasting005\fold2_multiseed_batch_v1\attempts\2026-09-14T000147560659+0000_c5100171\command.log
pleia_energy_h1_f2_s44_v1/validate,2026-09-14T000350879389+0000_7be1d85f,"['C:/cfs_venv/Scripts/python.exe', '-B', '-m', 'src.matched_forecasting005', 'validate', '--matrix', 'C:\\Users\\nigel\\OneDrive\\Desktop\\GitHub\\confosense\\smart_building_conformal\\outputs\\amendment005\\support_design_v1\\experiment_matrix.csv', '--dataset', 'pleia_energy', '--horizon', '1', '--outer-fold', '2', '--model-seed', '44', '--design-dir', 'C:\\Users\\nigel\\OneDrive\\Desktop\\GitHub\\confosense\\smart_building_conformal\\protocols\\matched_forecasting005\\pleia_energy_h1_f2_s44_v1', '--out', 'C:\\Users\\nigel\\OneDrive\\Desktop\\GitHub\\confosense\\smart_building_conformal\\outputs\\matched_forecasting005\\pleia_energy_h1_f2_s44_v1', '--readiness', 'C:\\Users\\nigel\\OneDrive\\Desktop\\GitHub\\confosense\\smart_building_conformal\\protocols\\matched_forecasting005\\pleia_energy_h1_f2_s44_v1\\readiness.json', '--receipt', 'C:\\Users\\nigel\\OneDrive\\Desktop\\GitHub\\confosense\\smart_building_conformal\\outputs\\matched_forecasting005\\fold2_multiseed_batch_v1\\receipts\\pleia_energy_h1_f2_s44_v1\\audit_v1']",C:\Users\nigel\OneDrive\Desktop\GitHub\confosense\smart_building_conformal,2026-09-14T00:03:50.885113+00:00,2026-09-14T00:04:02.545964+00:00,0,7760,29508,11.551560699997935,C:\Users\nigel\OneDrive\Desktop\GitHub\confosense\smart_building_conformal\outputs\matched_forecasting005\fold2_multiseed_batch_v1\attempts\2026-09-14T000350879389+0000_7be1d85f\command.log
pleia_energy_h1_f2_s44_v1/resume,2026-09-14T000403091028+0000_0273ed2f,"['C:/cfs_venv/Scripts/python.exe', '-B', '-m', 'src.matched_forecasting005', 'resume', '--matrix', 'C:\\Users\\nigel\\OneDrive\\Desktop\\GitHub\\confosense\\smart_building_conformal\\outputs\\amendment005\\support_design_v1\\experiment_matrix.csv', '--dataset', 'pleia_energy', '--horizon', '1', '--outer-fold', '2', '--model-seed', '44', '--design-dir', 'C:\\Users\\nigel\\OneDrive\\Desktop\\GitHub\\confosense\\smart_building_conformal\\protocols\\matched_forecasting005\\pleia_energy_h1_f2_s44_v1', '--out', 'C:\\Users\\nigel\\OneDrive\\Desktop\\GitHub\\confosense\\smart_building_conformal\\outputs\\matched_forecasting005\\pleia_energy_h1_f2_s44_v1', '--readiness', 'C:\\Users\\nigel\\OneDrive\\Desktop\\GitHub\\confosense\\smart_building_conformal\\protocols\\matched_forecasting005\\pleia_energy_h1_f2_s44_v1\\readiness.json', '--receipt', 'C:\\Users\\nigel\\OneDrive\\Desktop\\GitHub\\confosense\\smart_building_conformal\\outputs\\matched_forecasting005\\fold2_multiseed_batch_v1\\receipts\\pleia_energy_h1_f2_s44_v1\\resume_v1.json', '--forbid-fits']",C:\Users\nigel\OneDrive\Desktop\GitHub\confosense\smart_building_conformal,2026-09-14T00:04:03.091028+00:00,2026-09-14T00:04:12.005709+00:00,0,24960,28984,8.809738299998571,C:\Users\nigel\OneDrive\Desktop\GitHub\confosense\smart_building_conformal\outputs\matched_forecasting005\fold2_multiseed_batch_v1\attempts\2026-09-14T000403091028+0000_0273ed2f\command.log
pleia_energy_h1_f2_s44_v1/groups,2026-09-14T000413284548+0000_88b1cb04,"['C:/cfs_venv/Scripts/python.exe', '-B', 'C:\\Users\\nigel\\OneDrive\\Desktop\\GitHub\\confosense\\review\\matched_fold2_multiseed_20260914\\analyze.py', 'unit', '--stem', 'pleia_energy_h1_f2_s44_v1', '--out', 'C:\\Users\\nigel\\OneDrive\\Desktop\\GitHub\\confosense\\smart_building_conformal\\outputs\\matched_forecasting005\\fold2_multiseed_batch_v1\\attempts\\2026-09-14T000413284548+0000_88b1cb04\\groups']",C:\Users\nigel\OneDrive\Desktop\GitHub\confosense\smart_building_conformal,2026-09-14T00:04:13.284548+00:00,2026-09-14T00:04:18.154148+00:00,0,4000,26772,4.766680600005202,C:\Users\nigel\OneDrive\Desktop\GitHub\confosense\smart_building_conformal\outputs\matched_forecasting005\fold2_multiseed_batch_v1\attempts\2026-09-14T000413284548+0000_88b1cb04\command.log
pleia_energy_h3_f2_s44_v1/run,2026-09-14T000420187240+0000_accf1f47,"['C:/cfs_venv/Scripts/python.exe', '-B', '-m', 'src.matched_forecasting005', 'run', '--matrix', 'C:\\Users\\nigel\\OneDrive\\Desktop\\GitHub\\confosense\\smart_building_conformal\\outputs\\amendment005\\support_design_v1\\experiment_matrix.csv', '--dataset', 'pleia_energy', '--horizon', '3', '--outer-fold', '2', '--model-seed', '44', '--design-dir', 'C:\\Users\\nigel\\OneDrive\\Desktop\\GitHub\\confosense\\smart_building_conformal\\protocols\\matched_forecasting005\\pleia_energy_h3_f2_s44_v1', '--out', 'C:\\Users\\nigel\\OneDrive\\Desktop\\GitHub\\confosense\\smart_building_conformal\\outputs\\matched_forecasting005\\pleia_energy_h3_f2_s44_v1', '--readiness', 'C:\\Users\\nigel\\OneDrive\\Desktop\\GitHub\\confosense\\smart_building_conformal\\protocols\\matched_forecasting005\\pleia_energy_h3_f2_s44_v1\\readiness.json']",C:\Users\nigel\OneDrive\Desktop\GitHub\confosense\smart_building_conformal,2026-09-14T00:04:20.187240+00:00,2026-09-14T00:05:46.367206+00:00,0,17204,25344,86.09537409999757,C:\Users\nigel\OneDrive\Desktop\GitHub\confosense\smart_building_conformal\outputs\matched_forecasting005\fold2_multiseed_batch_v1\attempts\2026-09-14T000420187240+0000_accf1f47\command.log
pleia_energy_h3_f2_s44_v1/validate,2026-09-14T000547118840+0000_cd7ba761,"['C:/cfs_venv/Scripts/python.exe', '-B', '-m', 'src.matched_forecasting005', 'validate', '--matrix', 'C:\\Users\\nigel\\OneDrive\\Desktop\\GitHub\\confosense\\smart_building_conformal\\outputs\\amendment005\\support_design_v1\\experiment_matrix.csv', '--dataset', 'pleia_energy', '--horizon', '3', '--outer-fold', '2', '--model-seed', '44', '--design-dir', 'C:\\Users\\nigel\\OneDrive\\Desktop\\GitHub\\confosense\\smart_building_conformal\\protocols\\matched_forecasting005\\pleia_energy_h3_f2_s44_v1', '--out', 'C:\\Users\\nigel\\OneDrive\\Desktop\\GitHub\\confosense\\smart_building_conformal\\outputs\\matched_forecasting005\\pleia_energy_h3_f2_s44_v1', '--readiness', 'C:\\Users\\nigel\\OneDrive\\Desktop\\GitHub\\confosense\\smart_building_conformal\\protocols\\matched_forecasting005\\pleia_energy_h3_f2_s44_v1\\readiness.json', '--receipt', 'C:\\Users\\nigel\\OneDrive\\Desktop\\GitHub\\confosense\\smart_building_conformal\\outputs\\matched_forecasting005\\fold2_multiseed_batch_v1\\receipts\\pleia_energy_h3_f2_s44_v1\\audit_v1']",C:\Users\nigel\OneDrive\Desktop\GitHub\confosense\smart_building_conformal,2026-09-14T00:05:47.118840+00:00,2026-09-14T00:05:58.256128+00:00,0,21620,7020,11.036735799993039,C:\Users\nigel\OneDrive\Desktop\GitHub\confosense\smart_building_conformal\outputs\matched_forecasting005\fold2_multiseed_batch_v1\attempts\2026-09-14T000547118840+0000_cd7ba761\command.log
pleia_energy_h3_f2_s44_v1/resume,2026-09-14T000559324711+0000_b4cc6cf1,"['C:/cfs_venv/Scripts/python.exe', '-B', '-m', 'src.matched_forecasting005', 'resume', '--matrix', 'C:\\Users\\nigel\\OneDrive\\Desktop\\GitHub\\confosense\\smart_building_conformal\\outputs\\amendment005\\support_design_v1\\experiment_matrix.csv', '--dataset', 'pleia_energy', '--horizon', '3', '--outer-fold', '2', '--model-seed', '44', '--design-dir', 'C:\\Users\\nigel\\OneDrive\\Desktop\\GitHub\\confosense\\smart_building_conformal\\protocols\\matched_forecasting005\\pleia_energy_h3_f2_s44_v1', '--out', 'C:\\Users\\nigel\\OneDrive\\Desktop\\GitHub\\confosense\\smart_building_conformal\\outputs\\matched_forecasting005\\pleia_energy_h3_f2_s44_v1', '--readiness', 'C:\\Users\\nigel\\OneDrive\\Desktop\\GitHub\\confosense\\smart_building_conformal\\protocols\\matched_forecasting005\\pleia_energy_h3_f2_s44_v1\\readiness.json', '--receipt', 'C:\\Users\\nigel\\OneDrive\\Desktop\\GitHub\\confosense\\smart_building_conformal\\outputs\\matched_forecasting005\\fold2_multiseed_batch_v1\\receipts\\pleia_energy_h3_f2_s44_v1\\resume_v1.json', '--forbid-fits']",C:\Users\nigel\OneDrive\Desktop\GitHub\confosense\smart_building_conformal,2026-09-14T00:05:59.324711+00:00,2026-09-14T00:06:08.022002+00:00,0,13244,324,8.60477190000529,C:\Users\nigel\OneDrive\Desktop\GitHub\confosense\smart_building_conformal\outputs\matched_forecasting005\fold2_multiseed_batch_v1\attempts\2026-09-14T000559324711+0000_b4cc6cf1\command.log
pleia_energy_h3_f2_s44_v1/groups,2026-09-14T000609528328+0000_b6fde570,"['C:/cfs_venv/Scripts/python.exe', '-B', 'C:\\Users\\nigel\\OneDrive\\Desktop\\GitHub\\confosense\\review\\matched_fold2_multiseed_20260914\\analyze.py', 'unit', '--stem', 'pleia_energy_h3_f2_s44_v1', '--out', 'C:\\Users\\nigel\\OneDrive\\Desktop\\GitHub\\confosense\\smart_building_conformal\\outputs\\matched_forecasting005\\fold2_multiseed_batch_v1\\attempts\\2026-09-14T000609528328+0000_b6fde570\\groups']",C:\Users\nigel\OneDrive\Desktop\GitHub\confosense\smart_building_conformal,2026-09-14T00:06:09.528328+00:00,2026-09-14T00:06:14.257516+00:00,0,17956,22224,4.630431999990833,C:\Users\nigel\OneDrive\Desktop\GitHub\confosense\smart_building_conformal\outputs\matched_forecasting005\fold2_multiseed_batch_v1\attempts\2026-09-14T000609528328+0000_b6fde570\command.log
pleia_energy_h6_f2_s44_v1/run,2026-09-14T000616439354+0000_f93acbe5,"['C:/cfs_venv/Scripts/python.exe', '-B', '-m', 'src.matched_forecasting005', 'run', '--matrix', 'C:\\Users\\nigel\\OneDrive\\Desktop\\GitHub\\confosense\\smart_building_conformal\\outputs\\amendment005\\support_design_v1\\experiment_matrix.csv', '--dataset', 'pleia_energy', '--horizon', '6', '--outer-fold', '2', '--model-seed', '44', '--design-dir', 'C:\\Users\\nigel\\OneDrive\\Desktop\\GitHub\\confosense\\smart_building_conformal\\protocols\\matched_forecasting005\\pleia_energy_h6_f2_s44_v1', '--out', 'C:\\Users\\nigel\\OneDrive\\Desktop\\GitHub\\confosense\\smart_building_conformal\\outputs\\matched_forecasting005\\pleia_energy_h6_f2_s44_v1', '--readiness', 'C:\\Users\\nigel\\OneDrive\\Desktop\\GitHub\\confosense\\smart_building_conformal\\protocols\\matched_forecasting005\\pleia_energy_h6_f2_s44_v1\\readiness.json']",C:\Users\nigel\OneDrive\Desktop\GitHub\confosense\smart_building_conformal,2026-09-14T00:06:16.439354+00:00,2026-09-14T00:07:35.546599+00:00,0,21940,22856,79.00643280000077,C:\Users\nigel\OneDrive\Desktop\GitHub\confosense\smart_building_conformal\outputs\matched_forecasting005\fold2_multiseed_batch_v1\attempts\2026-09-14T000616439354+0000_f93acbe5\command.log
pleia_energy_h6_f2_s44_v1/validate,2026-09-14T000737322587+0000_561e16a5,"['C:/cfs_venv/Scripts/python.exe', '-B', '-m', 'src.matched_forecasting005', 'validate', '--matrix', 'C:\\Users\\nigel\\OneDrive\\Desktop\\GitHub\\confosense\\smart_building_conformal\\outputs\\amendment005\\support_design_v1\\experiment_matrix.csv', '--dataset', 'pleia_energy', '--horizon', '6', '--outer-fold', '2', '--model-seed', '44', '--design-dir', 'C:\\Users\\nigel\\OneDrive\\Desktop\\GitHub\\confosense\\smart_building_conformal\\protocols\\matched_forecasting005\\pleia_energy_h6_f2_s44_v1', '--out', 'C:\\Users\\nigel\\OneDrive\\Desktop\\GitHub\\confosense\\smart_building_conformal\\outputs\\matched_forecasting005\\pleia_energy_h6_f2_s44_v1', '--readiness', 'C:\\Users\\nigel\\OneDrive\\Desktop\\GitHub\\confosense\\smart_building_conformal\\protocols\\matched_forecasting005\\pleia_energy_h6_f2_s44_v1\\readiness.json', '--receipt', 'C:\\Users\\nigel\\OneDrive\\Desktop\\GitHub\\confosense\\smart_building_conformal\\outputs\\matched_forecasting005\\fold2_multiseed_batch_v1\\receipts\\pleia_energy_h6_f2_s44_v1\\audit_v1']",C:\Users\nigel\OneDrive\Desktop\GitHub\confosense\smart_building_conformal,2026-09-14T00:07:37.322587+00:00,2026-09-14T00:07:48.731764+00:00,0,26056,16008,11.299839799990878,C:\Users\nigel\OneDrive\Desktop\GitHub\confosense\smart_building_conformal\outputs\matched_forecasting005\fold2_multiseed_batch_v1\attempts\2026-09-14T000737322587+0000_561e16a5\command.log
pleia_energy_h6_f2_s44_v1/resume,2026-09-14T000749546822+0000_19c554e3,"['C:/cfs_venv/Scripts/python.exe', '-B', '-m', 'src.matched_forecasting005', 'resume', '--matrix', 'C:\\Users\\nigel\\OneDrive\\Desktop\\GitHub\\confosense\\smart_building_conformal\\outputs\\amendment005\\support_design_v1\\experiment_matrix.csv', '--dataset', 'pleia_energy', '--horizon', '6', '--outer-fold', '2', '--model-seed', '44', '--design-dir', 'C:\\Users\\nigel\\OneDrive\\Desktop\\GitHub\\confosense\\smart_building_conformal\\protocols\\matched_forecasting005\\pleia_energy_h6_f2_s44_v1', '--out', 'C:\\Users\\nigel\\OneDrive\\Desktop\\GitHub\\confosense\\smart_building_conformal\\outputs\\matched_forecasting005\\pleia_energy_h6_f2_s44_v1', '--readiness', 'C:\\Users\\nigel\\OneDrive\\Desktop\\GitHub\\confosense\\smart_building_conformal\\protocols\\matched_forecasting005\\pleia_energy_h6_f2_s44_v1\\readiness.json', '--receipt', 'C:\\Users\\nigel\\OneDrive\\Desktop\\GitHub\\confosense\\smart_building_conformal\\outputs\\matched_forecasting005\\fold2_multiseed_batch_v1\\receipts\\pleia_energy_h6_f2_s44_v1\\resume_v1.json', '--forbid-fits']",C:\Users\nigel\OneDrive\Desktop\GitHub\confosense\smart_building_conformal,2026-09-14T00:07:49.546822+00:00,2026-09-14T00:07:58.392401+00:00,0,22360,26000,8.744128100006492,C:\Users\nigel\OneDrive\Desktop\GitHub\confosense\smart_building_conformal\outputs\matched_forecasting005\fold2_multiseed_batch_v1\attempts\2026-09-14T000749546822+0000_19c554e3\command.log
pleia_energy_h6_f2_s44_v1/groups,2026-09-14T000759747412+0000_02ea9ace,"['C:/cfs_venv/Scripts/python.exe', '-B', 'C:\\Users\\nigel\\OneDrive\\Desktop\\GitHub\\confosense\\review\\matched_fold2_multiseed_20260914\\analyze.py', 'unit', '--stem', 'pleia_energy_h6_f2_s44_v1', '--out', 'C:\\Users\\nigel\\OneDrive\\Desktop\\GitHub\\confosense\\smart_building_conformal\\outputs\\matched_forecasting005\\fold2_multiseed_batch_v1\\attempts\\2026-09-14T000759747412+0000_02ea9ace\\groups']",C:\Users\nigel\OneDrive\Desktop\GitHub\confosense\smart_building_conformal,2026-09-14T00:07:59.747412+00:00,2026-09-14T00:08:04.606569+00:00,0,13604,22332,4.752205299999332,C:\Users\nigel\OneDrive\Desktop\GitHub\confosense\smart_building_conformal\outputs\matched_forecasting005\fold2_multiseed_batch_v1\attempts\2026-09-14T000759747412+0000_02ea9ace\command.log
rico_h5_f2_s44_v1/run,2026-09-14T000806639522+0000_22534058,"['C:/cfs_venv/Scripts/python.exe', '-B', '-m', 'src.matched_forecasting005', 'run', '--matrix', 'C:\\Users\\nigel\\OneDrive\\Desktop\\GitHub\\confosense\\smart_building_conformal\\outputs\\amendment005\\support_design_v1\\experiment_matrix.csv', '--dataset', 'rico', '--horizon', '5', '--outer-fold', '2', '--model-seed', '44', '--design-dir', 'C:\\Users\\nigel\\OneDrive\\Desktop\\GitHub\\confosense\\smart_building_conformal\\protocols\\matched_forecasting005\\rico_h5_f2_s44_v1', '--out', 'C:\\Users\\nigel\\OneDrive\\Desktop\\GitHub\\confosense\\smart_building_conformal\\outputs\\matched_forecasting005\\rico_h5_f2_s44_v1', '--readiness', 'C:\\Users\\nigel\\OneDrive\\Desktop\\GitHub\\confosense\\smart_building_conformal\\protocols\\matched_forecasting005\\rico_h5_f2_s44_v1\\readiness.json']",C:\Users\nigel\OneDrive\Desktop\GitHub\confosense\smart_building_conformal,2026-09-14T00:08:06.639522+00:00,2026-09-14T00:10:31.930428+00:00,0,25108,7932,145.20092809999187,C:\Users\nigel\OneDrive\Desktop\GitHub\confosense\smart_building_conformal\outputs\matched_forecasting005\fold2_multiseed_batch_v1\attempts\2026-09-14T000806639522+0000_22534058\command.log
rico_h5_f2_s44_v1/validate,2026-09-14T001032116868+0000_cbfc970f,"['C:/cfs_venv/Scripts/python.exe', '-B', '-m', 'src.matched_forecasting005', 'validate', '--matrix', 'C:\\Users\\nigel\\OneDrive\\Desktop\\GitHub\\confosense\\smart_building_conformal\\outputs\\amendment005\\support_design_v1\\experiment_matrix.csv', '--dataset', 'rico', '--horizon', '5', '--outer-fold', '2', '--model-seed', '44', '--design-dir', 'C:\\Users\\nigel\\OneDrive\\Desktop\\GitHub\\confosense\\smart_building_conformal\\protocols\\matched_forecasting005\\rico_h5_f2_s44_v1', '--out', 'C:\\Users\\nigel\\OneDrive\\Desktop\\GitHub\\confosense\\smart_building_conformal\\outputs\\matched_forecasting005\\rico_h5_f2_s44_v1', '--readiness', 'C:\\Users\\nigel\\OneDrive\\Desktop\\GitHub\\confosense\\smart_building_conformal\\protocols\\matched_forecasting005\\rico_h5_f2_s44_v1\\readiness.json', '--receipt', 'C:\\Users\\nigel\\OneDrive\\Desktop\\GitHub\\confosense\\smart_building_conformal\\outputs\\matched_forecasting005\\fold2_multiseed_batch_v1\\receipts\\rico_h5_f2_s44_v1\\audit_v1']",C:\Users\nigel\OneDrive\Desktop\GitHub\confosense\smart_building_conformal,2026-09-14T00:10:32.117865+00:00,2026-09-14T00:10:56.887450+00:00,0,2580,23848,24.666881500001182,C:\Users\nigel\OneDrive\Desktop\GitHub\confosense\smart_building_conformal\outputs\matched_forecasting005\fold2_multiseed_batch_v1\attempts\2026-09-14T001032116868+0000_cbfc970f\command.log
rico_h5_f2_s44_v1/resume,2026-09-14T001058469319+0000_6f520c9a,"['C:/cfs_venv/Scripts/python.exe', '-B', '-m', 'src.matched_forecasting005', 'resume', '--matrix', 'C:\\Users\\nigel\\OneDrive\\Desktop\\GitHub\\confosense\\smart_building_conformal\\outputs\\amendment005\\support_design_v1\\experiment_matrix.csv', '--dataset', 'rico', '--horizon', '5', '--outer-fold', '2', '--model-seed', '44', '--design-dir', 'C:\\Users\\nigel\\OneDrive\\Desktop\\GitHub\\confosense\\smart_building_conformal\\protocols\\matched_forecasting005\\rico_h5_f2_s44_v1', '--out', 'C:\\Users\\nigel\\OneDrive\\Desktop\\GitHub\\confosense\\smart_building_conformal\\outputs\\matched_forecasting005\\rico_h5_f2_s44_v1', '--readiness', 'C:\\Users\\nigel\\OneDrive\\Desktop\\GitHub\\confosense\\smart_building_conformal\\protocols\\matched_forecasting005\\rico_h5_f2_s44_v1\\readiness.json', '--receipt', 'C:\\Users\\nigel\\OneDrive\\Desktop\\GitHub\\confosense\\smart_building_conformal\\outputs\\matched_forecasting005\\fold2_multiseed_batch_v1\\receipts\\rico_h5_f2_s44_v1\\resume_v1.json', '--forbid-fits']",C:\Users\nigel\OneDrive\Desktop\GitHub\confosense\smart_building_conformal,2026-09-14T00:10:58.469319+00:00,2026-09-14T00:11:20.825657+00:00,0,5364,20548,22.23209650001081,C:\Users\nigel\OneDrive\Desktop\GitHub\confosense\smart_building_conformal\outputs\matched_forecasting005\fold2_multiseed_batch_v1\attempts\2026-09-14T001058469319+0000_6f520c9a\command.log
rico_h5_f2_s44_v1/groups,2026-09-14T001122848247+0000_297db6f7,"['C:/cfs_venv/Scripts/python.exe', '-B', 'C:\\Users\\nigel\\OneDrive\\Desktop\\GitHub\\confosense\\review\\matched_fold2_multiseed_20260914\\analyze.py', 'unit', '--stem', 'rico_h5_f2_s44_v1', '--out', 'C:\\Users\\nigel\\OneDrive\\Desktop\\GitHub\\confosense\\smart_building_conformal\\outputs\\matched_forecasting005\\fold2_multiseed_batch_v1\\attempts\\2026-09-14T001122848247+0000_297db6f7\\groups']",C:\Users\nigel\OneDrive\Desktop\GitHub\confosense\smart_building_conformal,2026-09-14T00:11:22.849250+00:00,2026-09-14T00:11:27.708381+00:00,0,6868,26780,4.749778600002173,C:\Users\nigel\OneDrive\Desktop\GitHub\confosense\smart_building_conformal\outputs\matched_forecasting005\fold2_multiseed_batch_v1\attempts\2026-09-14T001122848247+0000_297db6f7\command.log
rico_h15_f2_s44_v1/run,2026-09-14T001129754415+0000_2e149c78,"['C:/cfs_venv/Scripts/python.exe', '-B', '-m', 'src.matched_forecasting005', 'run', '--matrix', 'C:\\Users\\nigel\\OneDrive\\Desktop\\GitHub\\confosense\\smart_building_conformal\\outputs\\amendment005\\support_design_v1\\experiment_matrix.csv', '--dataset', 'rico', '--horizon', '15', '--outer-fold', '2', '--model-seed', '44', '--design-dir', 'C:\\Users\\nigel\\OneDrive\\Desktop\\GitHub\\confosense\\smart_building_conformal\\protocols\\matched_forecasting005\\rico_h15_f2_s44_v1', '--out', 'C:\\Users\\nigel\\OneDrive\\Desktop\\GitHub\\confosense\\smart_building_conformal\\outputs\\matched_forecasting005\\rico_h15_f2_s44_v1', '--readiness', 'C:\\Users\\nigel\\OneDrive\\Desktop\\GitHub\\confosense\\smart_building_conformal\\protocols\\matched_forecasting005\\rico_h15_f2_s44_v1\\readiness.json']",C:\Users\nigel\OneDrive\Desktop\GitHub\confosense\smart_building_conformal,2026-09-14T00:11:29.757991+00:00,2026-09-14T00:14:01.305501+00:00,0,14480,11020,151.4504553000006,C:\Users\nigel\OneDrive\Desktop\GitHub\confosense\smart_building_conformal\outputs\matched_forecasting005\fold2_multiseed_batch_v1\attempts\2026-09-14T001129754415+0000_2e149c78\command.log
rico_h15_f2_s44_v1/validate,2026-09-14T001401349922+0000_432ba73d,"['C:/cfs_venv/Scripts/python.exe', '-B', '-m', 'src.matched_forecasting005', 'validate', '--matrix', 'C:\\Users\\nigel\\OneDrive\\Desktop\\GitHub\\confosense\\smart_building_conformal\\outputs\\amendment005\\support_design_v1\\experiment_matrix.csv', '--dataset', 'rico', '--horizon', '15', '--outer-fold', '2', '--model-seed', '44', '--design-dir', 'C:\\Users\\nigel\\OneDrive\\Desktop\\GitHub\\confosense\\smart_building_conformal\\protocols\\matched_forecasting005\\rico_h15_f2_s44_v1', '--out', 'C:\\Users\\nigel\\OneDrive\\Desktop\\GitHub\\confosense\\smart_building_conformal\\outputs\\matched_forecasting005\\rico_h15_f2_s44_v1', '--readiness', 'C:\\Users\\nigel\\OneDrive\\Desktop\\GitHub\\confosense\\smart_building_conformal\\protocols\\matched_forecasting005\\rico_h15_f2_s44_v1\\readiness.json', '--receipt', 'C:\\Users\\nigel\\OneDrive\\Desktop\\GitHub\\confosense\\smart_building_conformal\\outputs\\matched_forecasting005\\fold2_multiseed_batch_v1\\receipts\\rico_h15_f2_s44_v1\\audit_v1']",C:\Users\nigel\OneDrive\Desktop\GitHub\confosense\smart_building_conformal,2026-09-14T00:14:01.349922+00:00,2026-09-14T00:14:25.793528+00:00,0,2560,4800,24.338702499997453,C:\Users\nigel\OneDrive\Desktop\GitHub\confosense\smart_building_conformal\outputs\matched_forecasting005\fold2_multiseed_batch_v1\attempts\2026-09-14T001401349922+0000_432ba73d\command.log
rico_h15_f2_s44_v1/resume,2026-09-14T001427732209+0000_5fb1a6c7,"['C:/cfs_venv/Scripts/python.exe', '-B', '-m', 'src.matched_forecasting005', 'resume', '--matrix', 'C:\\Users\\nigel\\OneDrive\\Desktop\\GitHub\\confosense\\smart_building_conformal\\outputs\\amendment005\\support_design_v1\\experiment_matrix.csv', '--dataset', 'rico', '--horizon', '15', '--outer-fold', '2', '--model-seed', '44', '--design-dir', 'C:\\Users\\nigel\\OneDrive\\Desktop\\GitHub\\confosense\\smart_building_conformal\\protocols\\matched_forecasting005\\rico_h15_f2_s44_v1', '--out', 'C:\\Users\\nigel\\OneDrive\\Desktop\\GitHub\\confosense\\smart_building_conformal\\outputs\\matched_forecasting005\\rico_h15_f2_s44_v1', '--readiness', 'C:\\Users\\nigel\\OneDrive\\Desktop\\GitHub\\confosense\\smart_building_conformal\\protocols\\matched_forecasting005\\rico_h15_f2_s44_v1\\readiness.json', '--receipt', 'C:\\Users\\nigel\\OneDrive\\Desktop\\GitHub\\confosense\\smart_building_conformal\\outputs\\matched_forecasting005\\fold2_multiseed_batch_v1\\receipts\\rico_h15_f2_s44_v1\\resume_v1.json', '--forbid-fits']",C:\Users\nigel\OneDrive\Desktop\GitHub\confosense\smart_building_conformal,2026-09-14T00:14:27.732209+00:00,2026-09-14T00:14:49.580745+00:00,0,8760,18676,21.73554619999777,C:\Users\nigel\OneDrive\Desktop\GitHub\confosense\smart_building_conformal\outputs\matched_forecasting005\fold2_multiseed_batch_v1\attempts\2026-09-14T001427732209+0000_5fb1a6c7\command.log
rico_h15_f2_s44_v1/groups,2026-09-14T001450070069+0000_f39bc3b1,"['C:/cfs_venv/Scripts/python.exe', '-B', 'C:\\Users\\nigel\\OneDrive\\Desktop\\GitHub\\confosense\\review\\matched_fold2_multiseed_20260914\\analyze.py', 'unit', '--stem', 'rico_h15_f2_s44_v1', '--out', 'C:\\Users\\nigel\\OneDrive\\Desktop\\GitHub\\confosense\\smart_building_conformal\\outputs\\matched_forecasting005\\fold2_multiseed_batch_v1\\attempts\\2026-09-14T001450070069+0000_f39bc3b1\\groups']",C:\Users\nigel\OneDrive\Desktop\GitHub\confosense\smart_building_conformal,2026-09-14T00:14:50.070069+00:00,2026-09-14T00:14:55.015276+00:00,0,2996,28184,4.847343300003558,C:\Users\nigel\OneDrive\Desktop\GitHub\confosense\smart_building_conformal\outputs\matched_forecasting005\fold2_multiseed_batch_v1\attempts\2026-09-14T001450070069+0000_f39bc3b1\command.log
rico_h30_f2_s44_v1/run,2026-09-14T001456992759+0000_cf40ead3,"['C:/cfs_venv/Scripts/python.exe', '-B', '-m', 'src.matched_forecasting005', 'run', '--matrix', 'C:\\Users\\nigel\\OneDrive\\Desktop\\GitHub\\confosense\\smart_building_conformal\\outputs\\amendment005\\support_design_v1\\experiment_matrix.csv', '--dataset', 'rico', '--horizon', '30', '--outer-fold', '2', '--model-seed', '44', '--design-dir', 'C:\\Users\\nigel\\OneDrive\\Desktop\\GitHub\\confosense\\smart_building_conformal\\protocols\\matched_forecasting005\\rico_h30_f2_s44_v1', '--out', 'C:\\Users\\nigel\\OneDrive\\Desktop\\GitHub\\confosense\\smart_building_conformal\\outputs\\matched_forecasting005\\rico_h30_f2_s44_v1', '--readiness', 'C:\\Users\\nigel\\OneDrive\\Desktop\\GitHub\\confosense\\smart_building_conformal\\protocols\\matched_forecasting005\\rico_h30_f2_s44_v1\\readiness.json']",C:\Users\nigel\OneDrive\Desktop\GitHub\confosense\smart_building_conformal,2026-09-14T00:14:56.993769+00:00,2026-09-14T00:17:29.320883+00:00,0,27756,15348,152.22687090000545,C:\Users\nigel\OneDrive\Desktop\GitHub\confosense\smart_building_conformal\outputs\matched_forecasting005\fold2_multiseed_batch_v1\attempts\2026-09-14T001456992759+0000_cf40ead3\command.log
rico_h30_f2_s44_v1/validate,2026-09-14T001730727965+0000_e6bab040,"['C:/cfs_venv/Scripts/python.exe', '-B', '-m', 'src.matched_forecasting005', 'validate', '--matrix', 'C:\\Users\\nigel\\OneDrive\\Desktop\\GitHub\\confosense\\smart_building_conformal\\outputs\\amendment005\\support_design_v1\\experiment_matrix.csv', '--dataset', 'rico', '--horizon', '30', '--outer-fold', '2', '--model-seed', '44', '--design-dir', 'C:\\Users\\nigel\\OneDrive\\Desktop\\GitHub\\confosense\\smart_building_conformal\\protocols\\matched_forecasting005\\rico_h30_f2_s44_v1', '--out', 'C:\\Users\\nigel\\OneDrive\\Desktop\\GitHub\\confosense\\smart_building_conformal\\outputs\\matched_forecasting005\\rico_h30_f2_s44_v1', '--readiness', 'C:\\Users\\nigel\\OneDrive\\Desktop\\GitHub\\confosense\\smart_building_conformal\\protocols\\matched_forecasting005\\rico_h30_f2_s44_v1\\readiness.json', '--receipt', 'C:\\Users\\nigel\\OneDrive\\Desktop\\GitHub\\confosense\\smart_building_conformal\\outputs\\matched_forecasting005\\fold2_multiseed_batch_v1\\receipts\\rico_h30_f2_s44_v1\\audit_v1']",C:\Users\nigel\OneDrive\Desktop\GitHub\confosense\smart_building_conformal,2026-09-14T00:17:30.727965+00:00,2026-09-14T00:17:54.922304+00:00,0,13972,13376,24.091257499996573,C:\Users\nigel\OneDrive\Desktop\GitHub\confosense\smart_building_conformal\outputs\matched_forecasting005\fold2_multiseed_batch_v1\attempts\2026-09-14T001730727965+0000_e6bab040\command.log
rico_h30_f2_s44_v1/resume,2026-09-14T001755090425+0000_0a386acb,"['C:/cfs_venv/Scripts/python.exe', '-B', '-m', 'src.matched_forecasting005', 'resume', '--matrix', 'C:\\Users\\nigel\\OneDrive\\Desktop\\GitHub\\confosense\\smart_building_conformal\\outputs\\amendment005\\support_design_v1\\experiment_matrix.csv', '--dataset', 'rico', '--horizon', '30', '--outer-fold', '2', '--model-seed', '44', '--design-dir', 'C:\\Users\\nigel\\OneDrive\\Desktop\\GitHub\\confosense\\smart_building_conformal\\protocols\\matched_forecasting005\\rico_h30_f2_s44_v1', '--out', 'C:\\Users\\nigel\\OneDrive\\Desktop\\GitHub\\confosense\\smart_building_conformal\\outputs\\matched_forecasting005\\rico_h30_f2_s44_v1', '--readiness', 'C:\\Users\\nigel\\OneDrive\\Desktop\\GitHub\\confosense\\smart_building_conformal\\protocols\\matched_forecasting005\\rico_h30_f2_s44_v1\\readiness.json', '--receipt', 'C:\\Users\\nigel\\OneDrive\\Desktop\\GitHub\\confosense\\smart_building_conformal\\outputs\\matched_forecasting005\\fold2_multiseed_batch_v1\\receipts\\rico_h30_f2_s44_v1\\resume_v1.json', '--forbid-fits']",C:\Users\nigel\OneDrive\Desktop\GitHub\confosense\smart_building_conformal,2026-09-14T00:17:55.090425+00:00,2026-09-14T00:18:18.164705+00:00,0,7428,3584,22.96950300000026,C:\Users\nigel\OneDrive\Desktop\GitHub\confosense\smart_building_conformal\outputs\matched_forecasting005\fold2_multiseed_batch_v1\attempts\2026-09-14T001755090425+0000_0a386acb\command.log
rico_h30_f2_s44_v1/groups,2026-09-14T001819447639+0000_eb57f7ed,"['C:/cfs_venv/Scripts/python.exe', '-B', 'C:\\Users\\nigel\\OneDrive\\Desktop\\GitHub\\confosense\\review\\matched_fold2_multiseed_20260914\\analyze.py', 'unit', '--stem', 'rico_h30_f2_s44_v1', '--out', 'C:\\Users\\nigel\\OneDrive\\Desktop\\GitHub\\confosense\\smart_building_conformal\\outputs\\matched_forecasting005\\fold2_multiseed_batch_v1\\attempts\\2026-09-14T001819447639+0000_eb57f7ed\\groups']",C:\Users\nigel\OneDrive\Desktop\GitHub\confosense\smart_building_conformal,2026-09-14T00:18:19.447639+00:00,2026-09-14T00:18:25.102093+00:00,0,26208,25468,5.513441100003547,C:\Users\nigel\OneDrive\Desktop\GitHub\confosense\smart_building_conformal\outputs\matched_forecasting005\fold2_multiseed_batch_v1\attempts\2026-09-14T001819447639+0000_eb57f7ed\command.log
rico_h60_f2_s44_v1/run,2026-09-14T001826471112+0000_53228006,"['C:/cfs_venv/Scripts/python.exe', '-B', '-m', 'src.matched_forecasting005', 'run', '--matrix', 'C:\\Users\\nigel\\OneDrive\\Desktop\\GitHub\\confosense\\smart_building_conformal\\outputs\\amendment005\\support_design_v1\\experiment_matrix.csv', '--dataset', 'rico', '--horizon', '60', '--outer-fold', '2', '--model-seed', '44', '--design-dir', 'C:\\Users\\nigel\\OneDrive\\Desktop\\GitHub\\confosense\\smart_building_conformal\\protocols\\matched_forecasting005\\rico_h60_f2_s44_v1', '--out', 'C:\\Users\\nigel\\OneDrive\\Desktop\\GitHub\\confosense\\smart_building_conformal\\outputs\\matched_forecasting005\\rico_h60_f2_s44_v1', '--readiness', 'C:\\Users\\nigel\\OneDrive\\Desktop\\GitHub\\confosense\\smart_building_conformal\\protocols\\matched_forecasting005\\rico_h60_f2_s44_v1\\readiness.json']",C:\Users\nigel\OneDrive\Desktop\GitHub\confosense\smart_building_conformal,2026-09-14T00:18:26.472122+00:00,2026-09-14T00:19:57.753833+00:00,0,26196,6304,91.17703780000738,C:\Users\nigel\OneDrive\Desktop\GitHub\confosense\smart_building_conformal\outputs\matched_forecasting005\fold2_multiseed_batch_v1\attempts\2026-09-14T001826471112+0000_53228006\command.log
rico_h60_f2_s44_v1/validate,2026-09-14T001959652840+0000_5d372071,"['C:/cfs_venv/Scripts/python.exe', '-B', '-m', 'src.matched_forecasting005', 'validate', '--matrix', 'C:\\Users\\nigel\\OneDrive\\Desktop\\GitHub\\confosense\\smart_building_conformal\\outputs\\amendment005\\support_design_v1\\experiment_matrix.csv', '--dataset', 'rico', '--horizon', '60', '--outer-fold', '2', '--model-seed', '44', '--design-dir', 'C:\\Users\\nigel\\OneDrive\\Desktop\\GitHub\\confosense\\smart_building_conformal\\protocols\\matched_forecasting005\\rico_h60_f2_s44_v1', '--out', 'C:\\Users\\nigel\\OneDrive\\Desktop\\GitHub\\confosense\\smart_building_conformal\\outputs\\matched_forecasting005\\rico_h60_f2_s44_v1', '--readiness', 'C:\\Users\\nigel\\OneDrive\\Desktop\\GitHub\\confosense\\smart_building_conformal\\protocols\\matched_forecasting005\\rico_h60_f2_s44_v1\\readiness.json', '--receipt', 'C:\\Users\\nigel\\OneDrive\\Desktop\\GitHub\\confosense\\smart_building_conformal\\outputs\\matched_forecasting005\\fold2_multiseed_batch_v1\\receipts\\rico_h60_f2_s44_v1\\audit_v1']",C:\Users\nigel\OneDrive\Desktop\GitHub\confosense\smart_building_conformal,2026-09-14T00:19:59.652840+00:00,2026-09-14T00:20:26.402287+00:00,0,27532,29332,26.650505799989332,C:\Users\nigel\OneDrive\Desktop\GitHub\confosense\smart_building_conformal\outputs\matched_forecasting005\fold2_multiseed_batch_v1\attempts\2026-09-14T001959652840+0000_5d372071\command.log
rico_h60_f2_s44_v1/resume,2026-09-14T002028079148+0000_6a126d17,"['C:/cfs_venv/Scripts/python.exe', '-B', '-m', 'src.matched_forecasting005', 'resume', '--matrix', 'C:\\Users\\nigel\\OneDrive\\Desktop\\GitHub\\confosense\\smart_building_conformal\\outputs\\amendment005\\support_design_v1\\experiment_matrix.csv', '--dataset', 'rico', '--horizon', '60', '--outer-fold', '2', '--model-seed', '44', '--design-dir', 'C:\\Users\\nigel\\OneDrive\\Desktop\\GitHub\\confosense\\smart_building_conformal\\protocols\\matched_forecasting005\\rico_h60_f2_s44_v1', '--out', 'C:\\Users\\nigel\\OneDrive\\Desktop\\GitHub\\confosense\\smart_building_conformal\\outputs\\matched_forecasting005\\rico_h60_f2_s44_v1', '--readiness', 'C:\\Users\\nigel\\OneDrive\\Desktop\\GitHub\\confosense\\smart_building_conformal\\protocols\\matched_forecasting005\\rico_h60_f2_s44_v1\\readiness.json', '--receipt', 'C:\\Users\\nigel\\OneDrive\\Desktop\\GitHub\\confosense\\smart_building_conformal\\outputs\\matched_forecasting005\\fold2_multiseed_batch_v1\\receipts\\rico_h60_f2_s44_v1\\resume_v1.json', '--forbid-fits']",C:\Users\nigel\OneDrive\Desktop\GitHub\confosense\smart_building_conformal,2026-09-14T00:20:28.079148+00:00,2026-09-14T00:20:51.879420+00:00,0,24796,25584,23.69803729999694,C:\Users\nigel\OneDrive\Desktop\GitHub\confosense\smart_building_conformal\outputs\matched_forecasting005\fold2_multiseed_batch_v1\attempts\2026-09-14T002028079148+0000_6a126d17\command.log
rico_h60_f2_s44_v1/groups,2026-09-14T002052449980+0000_48d03364,"['C:/cfs_venv/Scripts/python.exe', '-B', 'C:\\Users\\nigel\\OneDrive\\Desktop\\GitHub\\confosense\\review\\matched_fold2_multiseed_20260914\\analyze.py', 'unit', '--stem', 'rico_h60_f2_s44_v1', '--out', 'C:\\Users\\nigel\\OneDrive\\Desktop\\GitHub\\confosense\\smart_building_conformal\\outputs\\matched_forecasting005\\fold2_multiseed_batch_v1\\attempts\\2026-09-14T002052449980+0000_48d03364\\groups']",C:\Users\nigel\OneDrive\Desktop\GitHub\confosense\smart_building_conformal,2026-09-14T00:20:52.455667+00:00,2026-09-14T00:20:57.429595+00:00,0,6068,27744,4.870733700008714,C:\Users\nigel\OneDrive\Desktop\GitHub\confosense\smart_building_conformal\outputs\matched_forecasting005\fold2_multiseed_batch_v1\attempts\2026-09-14T002052449980+0000_48d03364\command.log
bdg2_h1_f2_s44_v1/run,2026-09-14T002059404553+0000_da0ac98b,"['C:/cfs_venv/Scripts/python.exe', '-B', '-m', 'src.matched_forecasting005', 'run', '--matrix', 'C:\\Users\\nigel\\OneDrive\\Desktop\\GitHub\\confosense\\smart_building_conformal\\outputs\\amendment005\\support_design_v1\\experiment_matrix.csv', '--dataset', 'bdg2', '--horizon', '1', '--outer-fold', '2', '--model-seed', '44', '--design-dir', 'C:\\Users\\nigel\\OneDrive\\Desktop\\GitHub\\confosense\\smart_building_conformal\\protocols\\matched_forecasting005\\bdg2_h1_f2_s44_v1', '--out', 'C:\\Users\\nigel\\OneDrive\\Desktop\\GitHub\\confosense\\smart_building_conformal\\outputs\\matched_forecasting005\\bdg2_h1_f2_s44_v1', '--readiness', 'C:\\Users\\nigel\\OneDrive\\Desktop\\GitHub\\confosense\\smart_building_conformal\\protocols\\matched_forecasting005\\bdg2_h1_f2_s44_v1\\readiness.json']",C:\Users\nigel\OneDrive\Desktop\GitHub\confosense\smart_building_conformal,2026-09-14T00:20:59.404553+00:00,2026-09-14T00:34:15.576893+00:00,0,3648,17544,796.0660000999924,C:\Users\nigel\OneDrive\Desktop\GitHub\confosense\smart_building_conformal\outputs\matched_forecasting005\fold2_multiseed_batch_v1\attempts\2026-09-14T002059404553+0000_da0ac98b\command.log
bdg2_h1_f2_s44_v1/validate,2026-09-14T003416007291+0000_126fb30e,"['C:/cfs_venv/Scripts/python.exe', '-B', '-m', 'src.matched_forecasting005', 'validate', '--matrix', 'C:\\Users\\nigel\\OneDrive\\Desktop\\GitHub\\confosense\\smart_building_conformal\\outputs\\amendment005\\support_design_v1\\experiment_matrix.csv', '--dataset', 'bdg2', '--horizon', '1', '--outer-fold', '2', '--model-seed', '44', '--design-dir', 'C:\\Users\\nigel\\OneDrive\\Desktop\\GitHub\\confosense\\smart_building_conformal\\protocols\\matched_forecasting005\\bdg2_h1_f2_s44_v1', '--out', 'C:\\Users\\nigel\\OneDrive\\Desktop\\GitHub\\confosense\\smart_building_conformal\\outputs\\matched_forecasting005\\bdg2_h1_f2_s44_v1', '--readiness', 'C:\\Users\\nigel\\OneDrive\\Desktop\\GitHub\\confosense\\smart_building_conformal\\protocols\\matched_forecasting005\\bdg2_h1_f2_s44_v1\\readiness.json', '--receipt', 'C:\\Users\\nigel\\OneDrive\\Desktop\\GitHub\\confosense\\smart_building_conformal\\outputs\\matched_forecasting005\\fold2_multiseed_batch_v1\\receipts\\bdg2_h1_f2_s44_v1\\audit_v1']",C:\Users\nigel\OneDrive\Desktop\GitHub\confosense\smart_building_conformal,2026-09-14T00:34:16.011550+00:00,2026-09-14T00:35:01.806241+00:00,0,10384,24044,45.65525029999844,C:\Users\nigel\OneDrive\Desktop\GitHub\confosense\smart_building_conformal\outputs\matched_forecasting005\fold2_multiseed_batch_v1\attempts\2026-09-14T003416007291+0000_126fb30e\command.log
bdg2_h1_f2_s44_v1/resume,2026-09-14T003502691707+0000_361829c4,"['C:/cfs_venv/Scripts/python.exe', '-B', '-m', 'src.matched_forecasting005', 'resume', '--matrix', 'C:\\Users\\nigel\\OneDrive\\Desktop\\GitHub\\confosense\\smart_building_conformal\\outputs\\amendment005\\support_design_v1\\experiment_matrix.csv', '--dataset', 'bdg2', '--horizon', '1', '--outer-fold', '2', '--model-seed', '44', '--design-dir', 'C:\\Users\\nigel\\OneDrive\\Desktop\\GitHub\\confosense\\smart_building_conformal\\protocols\\matched_forecasting005\\bdg2_h1_f2_s44_v1', '--out', 'C:\\Users\\nigel\\OneDrive\\Desktop\\GitHub\\confosense\\smart_building_conformal\\outputs\\matched_forecasting005\\bdg2_h1_f2_s44_v1', '--readiness', 'C:\\Users\\nigel\\OneDrive\\Desktop\\GitHub\\confosense\\smart_building_conformal\\protocols\\matched_forecasting005\\bdg2_h1_f2_s44_v1\\readiness.json', '--receipt', 'C:\\Users\\nigel\\OneDrive\\Desktop\\GitHub\\confosense\\smart_building_conformal\\outputs\\matched_forecasting005\\fold2_multiseed_batch_v1\\receipts\\bdg2_h1_f2_s44_v1\\resume_v1.json', '--forbid-fits']",C:\Users\nigel\OneDrive\Desktop\GitHub\confosense\smart_building_conformal,2026-09-14T00:35:02.692853+00:00,2026-09-14T00:35:23.884542+00:00,0,23744,3516,21.077067899997928,C:\Users\nigel\OneDrive\Desktop\GitHub\confosense\smart_building_conformal\outputs\matched_forecasting005\fold2_multiseed_batch_v1\attempts\2026-09-14T003502691707+0000_361829c4\command.log
bdg2_h1_f2_s44_v1/groups,2026-09-14T003525056126+0000_31b770f9,"['C:/cfs_venv/Scripts/python.exe', '-B', 'C:\\Users\\nigel\\OneDrive\\Desktop\\GitHub\\confosense\\review\\matched_fold2_multiseed_20260914\\analyze.py', 'unit', '--stem', 'bdg2_h1_f2_s44_v1', '--out', 'C:\\Users\\nigel\\OneDrive\\Desktop\\GitHub\\confosense\\smart_building_conformal\\outputs\\matched_forecasting005\\fold2_multiseed_batch_v1\\attempts\\2026-09-14T003525056126+0000_31b770f9\\groups']",C:\Users\nigel\OneDrive\Desktop\GitHub\confosense\smart_building_conformal,2026-09-14T00:35:25.060285+00:00,2026-09-14T00:35:32.018904+00:00,0,13332,22852,6.798486200001207,C:\Users\nigel\OneDrive\Desktop\GitHub\confosense\smart_building_conformal\outputs\matched_forecasting005\fold2_multiseed_batch_v1\attempts\2026-09-14T003525056126+0000_31b770f9\command.log
bdg2_h3_f2_s44_v1/run,2026-09-14T003535850686+0000_e5492ecb,"['C:/cfs_venv/Scripts/python.exe', '-B', '-m', 'src.matched_forecasting005', 'run', '--matrix', 'C:\\Users\\nigel\\OneDrive\\Desktop\\GitHub\\confosense\\smart_building_conformal\\outputs\\amendment005\\support_design_v1\\experiment_matrix.csv', '--dataset', 'bdg2', '--horizon', '3', '--outer-fold', '2', '--model-seed', '44', '--design-dir', 'C:\\Users\\nigel\\OneDrive\\Desktop\\GitHub\\confosense\\smart_building_conformal\\protocols\\matched_forecasting005\\bdg2_h3_f2_s44_v1', '--out', 'C:\\Users\\nigel\\OneDrive\\Desktop\\GitHub\\confosense\\smart_building_conformal\\outputs\\matched_forecasting005\\bdg2_h3_f2_s44_v1', '--readiness', 'C:\\Users\\nigel\\OneDrive\\Desktop\\GitHub\\confosense\\smart_building_conformal\\protocols\\matched_forecasting005\\bdg2_h3_f2_s44_v1\\readiness.json']",C:\Users\nigel\OneDrive\Desktop\GitHub\confosense\smart_building_conformal,2026-09-14T00:35:35.853974+00:00,2026-09-14T00:45:25.798301+00:00,0,16028,2756,589.8462602000072,C:\Users\nigel\OneDrive\Desktop\GitHub\confosense\smart_building_conformal\outputs\matched_forecasting005\fold2_multiseed_batch_v1\attempts\2026-09-14T003535850686+0000_e5492ecb\command.log
bdg2_h3_f2_s44_v1/validate,2026-09-14T004526313383+0000_8beff7e3,"['C:/cfs_venv/Scripts/python.exe', '-B', '-m', 'src.matched_forecasting005', 'validate', '--matrix', 'C:\\Users\\nigel\\OneDrive\\Desktop\\GitHub\\confosense\\smart_building_conformal\\outputs\\amendment005\\support_design_v1\\experiment_matrix.csv', '--dataset', 'bdg2', '--horizon', '3', '--outer-fold', '2', '--model-seed', '44', '--design-dir', 'C:\\Users\\nigel\\OneDrive\\Desktop\\GitHub\\confosense\\smart_building_conformal\\protocols\\matched_forecasting005\\bdg2_h3_f2_s44_v1', '--out', 'C:\\Users\\nigel\\OneDrive\\Desktop\\GitHub\\confosense\\smart_building_conformal\\outputs\\matched_forecasting005\\bdg2_h3_f2_s44_v1', '--readiness', 'C:\\Users\\nigel\\OneDrive\\Desktop\\GitHub\\confosense\\smart_building_conformal\\protocols\\matched_forecasting005\\bdg2_h3_f2_s44_v1\\readiness.json', '--receipt', 'C:\\Users\\nigel\\OneDrive\\Desktop\\GitHub\\confosense\\smart_building_conformal\\outputs\\matched_forecasting005\\fold2_multiseed_batch_v1\\receipts\\bdg2_h3_f2_s44_v1\\audit_v1']",C:\Users\nigel\OneDrive\Desktop\GitHub\confosense\smart_building_conformal,2026-09-14T00:45:26.313383+00:00,2026-09-14T00:45:53.894563+00:00,0,27968,24828,27.47614519999479,C:\Users\nigel\OneDrive\Desktop\GitHub\confosense\smart_building_conformal\outputs\matched_forecasting005\fold2_multiseed_batch_v1\attempts\2026-09-14T004526313383+0000_8beff7e3\command.log
bdg2_h3_f2_s44_v1/resume,2026-09-14T004554725368+0000_72e81f06,"['C:/cfs_venv/Scripts/python.exe', '-B', '-m', 'src.matched_forecasting005', 'resume', '--matrix', 'C:\\Users\\nigel\\OneDrive\\Desktop\\GitHub\\confosense\\smart_building_conformal\\outputs\\amendment005\\support_design_v1\\experiment_matrix.csv', '--dataset', 'bdg2', '--horizon', '3', '--outer-fold', '2', '--model-seed', '44', '--design-dir', 'C:\\Users\\nigel\\OneDrive\\Desktop\\GitHub\\confosense\\smart_building_conformal\\protocols\\matched_forecasting005\\bdg2_h3_f2_s44_v1', '--out', 'C:\\Users\\nigel\\OneDrive\\Desktop\\GitHub\\confosense\\smart_building_conformal\\outputs\\matched_forecasting005\\bdg2_h3_f2_s44_v1', '--readiness', 'C:\\Users\\nigel\\OneDrive\\Desktop\\GitHub\\confosense\\smart_building_conformal\\protocols\\matched_forecasting005\\bdg2_h3_f2_s44_v1\\readiness.json', '--receipt', 'C:\\Users\\nigel\\OneDrive\\Desktop\\GitHub\\confosense\\smart_building_conformal\\outputs\\matched_forecasting005\\fold2_multiseed_batch_v1\\receipts\\bdg2_h3_f2_s44_v1\\resume_v1.json', '--forbid-fits']",C:\Users\nigel\OneDrive\Desktop\GitHub\confosense\smart_building_conformal,2026-09-14T00:45:54.725368+00:00,2026-09-14T00:46:17.542962+00:00,0,6024,18188,22.720516999994288,C:\Users\nigel\OneDrive\Desktop\GitHub\confosense\smart_building_conformal\outputs\matched_forecasting005\fold2_multiseed_batch_v1\attempts\2026-09-14T004554725368+0000_72e81f06\command.log
bdg2_h3_f2_s44_v1/groups,2026-09-14T004619111905+0000_9d3aa17b,"['C:/cfs_venv/Scripts/python.exe', '-B', 'C:\\Users\\nigel\\OneDrive\\Desktop\\GitHub\\confosense\\review\\matched_fold2_multiseed_20260914\\analyze.py', 'unit', '--stem', 'bdg2_h3_f2_s44_v1', '--out', 'C:\\Users\\nigel\\OneDrive\\Desktop\\GitHub\\confosense\\smart_building_conformal\\outputs\\matched_forecasting005\\fold2_multiseed_batch_v1\\attempts\\2026-09-14T004619111905+0000_9d3aa17b\\groups']",C:\Users\nigel\OneDrive\Desktop\GitHub\confosense\smart_building_conformal,2026-09-14T00:46:19.111905+00:00,2026-09-14T00:46:25.570450+00:00,0,21016,25156,6.355564999990747,C:\Users\nigel\OneDrive\Desktop\GitHub\confosense\smart_building_conformal\outputs\matched_forecasting005\fold2_multiseed_batch_v1\attempts\2026-09-14T004619111905+0000_9d3aa17b\command.log
bdg2_h6_f2_s44_v1/run,2026-09-14T004628195317+0000_0e3a8936,"['C:/cfs_venv/Scripts/python.exe', '-B', '-m', 'src.matched_forecasting005', 'run', '--matrix', 'C:\\Users\\nigel\\OneDrive\\Desktop\\GitHub\\confosense\\smart_building_conformal\\outputs\\amendment005\\support_design_v1\\experiment_matrix.csv', '--dataset', 'bdg2', '--horizon', '6', '--outer-fold', '2', '--model-seed', '44', '--design-dir', 'C:\\Users\\nigel\\OneDrive\\Desktop\\GitHub\\confosense\\smart_building_conformal\\protocols\\matched_forecasting005\\bdg2_h6_f2_s44_v1', '--out', 'C:\\Users\\nigel\\OneDrive\\Desktop\\GitHub\\confosense\\smart_building_conformal\\outputs\\matched_forecasting005\\bdg2_h6_f2_s44_v1', '--readiness', 'C:\\Users\\nigel\\OneDrive\\Desktop\\GitHub\\confosense\\smart_building_conformal\\protocols\\matched_forecasting005\\bdg2_h6_f2_s44_v1\\readiness.json']",C:\Users\nigel\OneDrive\Desktop\GitHub\confosense\smart_building_conformal,2026-09-14T00:46:28.195317+00:00,2026-09-14T00:51:23.190053+00:00,0,27148,25516,294.89900579999085,C:\Users\nigel\OneDrive\Desktop\GitHub\confosense\smart_building_conformal\outputs\matched_forecasting005\fold2_multiseed_batch_v1\attempts\2026-09-14T004628195317+0000_0e3a8936\command.log
bdg2_h6_f2_s44_v1/validate,2026-09-14T005123568114+0000_31e5c519,"['C:/cfs_venv/Scripts/python.exe', '-B', '-m', 'src.matched_forecasting005', 'validate', '--matrix', 'C:\\Users\\nigel\\OneDrive\\Desktop\\GitHub\\confosense\\smart_building_conformal\\outputs\\amendment005\\support_design_v1\\experiment_matrix.csv', '--dataset', 'bdg2', '--horizon', '6', '--outer-fold', '2', '--model-seed', '44', '--design-dir', 'C:\\Users\\nigel\\OneDrive\\Desktop\\GitHub\\confosense\\smart_building_conformal\\protocols\\matched_forecasting005\\bdg2_h6_f2_s44_v1', '--out', 'C:\\Users\\nigel\\OneDrive\\Desktop\\GitHub\\confosense\\smart_building_conformal\\outputs\\matched_forecasting005\\bdg2_h6_f2_s44_v1', '--readiness', 'C:\\Users\\nigel\\OneDrive\\Desktop\\GitHub\\confosense\\smart_building_conformal\\protocols\\matched_forecasting005\\bdg2_h6_f2_s44_v1\\readiness.json', '--receipt', 'C:\\Users\\nigel\\OneDrive\\Desktop\\GitHub\\confosense\\smart_building_conformal\\outputs\\matched_forecasting005\\fold2_multiseed_batch_v1\\receipts\\bdg2_h6_f2_s44_v1\\audit_v1']",C:\Users\nigel\OneDrive\Desktop\GitHub\confosense\smart_building_conformal,2026-09-14T00:51:23.569098+00:00,2026-09-14T00:51:51.481040+00:00,0,26816,24216,27.80086630000733,C:\Users\nigel\OneDrive\Desktop\GitHub\confosense\smart_building_conformal\outputs\matched_forecasting005\fold2_multiseed_batch_v1\attempts\2026-09-14T005123568114+0000_31e5c519\command.log
bdg2_h6_f2_s44_v1/resume,2026-09-14T005152019911+0000_5c3c3739,"['C:/cfs_venv/Scripts/python.exe', '-B', '-m', 'src.matched_forecasting005', 'resume', '--matrix', 'C:\\Users\\nigel\\OneDrive\\Desktop\\GitHub\\confosense\\smart_building_conformal\\outputs\\amendment005\\support_design_v1\\experiment_matrix.csv', '--dataset', 'bdg2', '--horizon', '6', '--outer-fold', '2', '--model-seed', '44', '--design-dir', 'C:\\Users\\nigel\\OneDrive\\Desktop\\GitHub\\confosense\\smart_building_conformal\\protocols\\matched_forecasting005\\bdg2_h6_f2_s44_v1', '--out', 'C:\\Users\\nigel\\OneDrive\\Desktop\\GitHub\\confosense\\smart_building_conformal\\outputs\\matched_forecasting005\\bdg2_h6_f2_s44_v1', '--readiness', 'C:\\Users\\nigel\\OneDrive\\Desktop\\GitHub\\confosense\\smart_building_conformal\\protocols\\matched_forecasting005\\bdg2_h6_f2_s44_v1\\readiness.json', '--receipt', 'C:\\Users\\nigel\\OneDrive\\Desktop\\GitHub\\confosense\\smart_building_conformal\\outputs\\matched_forecasting005\\fold2_multiseed_batch_v1\\receipts\\bdg2_h6_f2_s44_v1\\resume_v1.json', '--forbid-fits']",C:\Users\nigel\OneDrive\Desktop\GitHub\confosense\smart_building_conformal,2026-09-14T00:51:52.020305+00:00,2026-09-14T00:52:14.922292+00:00,0,16824,28984,22.809178899988183,C:\Users\nigel\OneDrive\Desktop\GitHub\confosense\smart_building_conformal\outputs\matched_forecasting005\fold2_multiseed_batch_v1\attempts\2026-09-14T005152019911+0000_5c3c3739\command.log
bdg2_h6_f2_s44_v1/groups,2026-09-14T005216413345+0000_618fa4ff,"['C:/cfs_venv/Scripts/python.exe', '-B', 'C:\\Users\\nigel\\OneDrive\\Desktop\\GitHub\\confosense\\review\\matched_fold2_multiseed_20260914\\analyze.py', 'unit', '--stem', 'bdg2_h6_f2_s44_v1', '--out', 'C:\\Users\\nigel\\OneDrive\\Desktop\\GitHub\\confosense\\smart_building_conformal\\outputs\\matched_forecasting005\\fold2_multiseed_batch_v1\\attempts\\2026-09-14T005216413345+0000_618fa4ff\\groups']",C:\Users\nigel\OneDrive\Desktop\GitHub\confosense\smart_building_conformal,2026-09-14T00:52:16.413345+00:00,2026-09-14T00:52:23.061427+00:00,0,17328,24072,6.545773499994539,C:\Users\nigel\OneDrive\Desktop\GitHub\confosense\smart_building_conformal\outputs\matched_forecasting005\fold2_multiseed_batch_v1\attempts\2026-09-14T005216413345+0000_618fa4ff\command.log
pleia_h1_f2_s44_v1/run,2026-09-14T005225479475+0000_aac11c38,"['C:/cfs_venv/Scripts/python.exe', '-B', '-m', 'src.matched_forecasting005', 'run', '--matrix', 'C:\\Users\\nigel\\OneDrive\\Desktop\\GitHub\\confosense\\smart_building_conformal\\outputs\\amendment005\\support_design_v1\\experiment_matrix.csv', '--dataset', 'pleia', '--horizon', '1', '--outer-fold', '2', '--model-seed', '44', '--design-dir', 'C:\\Users\\nigel\\OneDrive\\Desktop\\GitHub\\confosense\\smart_building_conformal\\protocols\\matched_forecasting005\\pleia_h1_f2_s44_v1', '--out', 'C:\\Users\\nigel\\OneDrive\\Desktop\\GitHub\\confosense\\smart_building_conformal\\outputs\\matched_forecasting005\\pleia_h1_f2_s44_v1', '--readiness', 'C:\\Users\\nigel\\OneDrive\\Desktop\\GitHub\\confosense\\smart_building_conformal\\protocols\\matched_forecasting005\\pleia_h1_f2_s44_v1\\readiness.json']",C:\Users\nigel\OneDrive\Desktop\GitHub\confosense\smart_building_conformal,2026-09-14T00:52:25.480475+00:00,2026-09-14T00:56:26.490532+00:00,0,16524,23912,240.8850545000023,C:\Users\nigel\OneDrive\Desktop\GitHub\confosense\smart_building_conformal\outputs\matched_forecasting005\fold2_multiseed_batch_v1\attempts\2026-09-14T005225479475+0000_aac11c38\command.log
pleia_h1_f2_s44_v1/validate,2026-09-14T005628314728+0000_c323e276,"['C:/cfs_venv/Scripts/python.exe', '-B', '-m', 'src.matched_forecasting005', 'validate', '--matrix', 'C:\\Users\\nigel\\OneDrive\\Desktop\\GitHub\\confosense\\smart_building_conformal\\outputs\\amendment005\\support_design_v1\\experiment_matrix.csv', '--dataset', 'pleia', '--horizon', '1', '--outer-fold', '2', '--model-seed', '44', '--design-dir', 'C:\\Users\\nigel\\OneDrive\\Desktop\\GitHub\\confosense\\smart_building_conformal\\protocols\\matched_forecasting005\\pleia_h1_f2_s44_v1', '--out', 'C:\\Users\\nigel\\OneDrive\\Desktop\\GitHub\\confosense\\smart_building_conformal\\outputs\\matched_forecasting005\\pleia_h1_f2_s44_v1', '--readiness', 'C:\\Users\\nigel\\OneDrive\\Desktop\\GitHub\\confosense\\smart_building_conformal\\protocols\\matched_forecasting005\\pleia_h1_f2_s44_v1\\readiness.json', '--receipt', 'C:\\Users\\nigel\\OneDrive\\Desktop\\GitHub\\confosense\\smart_building_conformal\\outputs\\matched_forecasting005\\fold2_multiseed_batch_v1\\receipts\\pleia_h1_f2_s44_v1\\audit_v1']",C:\Users\nigel\OneDrive\Desktop\GitHub\confosense\smart_building_conformal,2026-09-14T00:56:28.315727+00:00,2026-09-14T00:56:43.613305+00:00,0,6008,13996,15.195676699993783,C:\Users\nigel\OneDrive\Desktop\GitHub\confosense\smart_building_conformal\outputs\matched_forecasting005\fold2_multiseed_batch_v1\attempts\2026-09-14T005628314728+0000_c323e276\command.log
pleia_h1_f2_s44_v1/resume,2026-09-14T005644606514+0000_0436ca7c,"['C:/cfs_venv/Scripts/python.exe', '-B', '-m', 'src.matched_forecasting005', 'resume', '--matrix', 'C:\\Users\\nigel\\OneDrive\\Desktop\\GitHub\\confosense\\smart_building_conformal\\outputs\\amendment005\\support_design_v1\\experiment_matrix.csv', '--dataset', 'pleia', '--horizon', '1', '--outer-fold', '2', '--model-seed', '44', '--design-dir', 'C:\\Users\\nigel\\OneDrive\\Desktop\\GitHub\\confosense\\smart_building_conformal\\protocols\\matched_forecasting005\\pleia_h1_f2_s44_v1', '--out', 'C:\\Users\\nigel\\OneDrive\\Desktop\\GitHub\\confosense\\smart_building_conformal\\outputs\\matched_forecasting005\\pleia_h1_f2_s44_v1', '--readiness', 'C:\\Users\\nigel\\OneDrive\\Desktop\\GitHub\\confosense\\smart_building_conformal\\protocols\\matched_forecasting005\\pleia_h1_f2_s44_v1\\readiness.json', '--receipt', 'C:\\Users\\nigel\\OneDrive\\Desktop\\GitHub\\confosense\\smart_building_conformal\\outputs\\matched_forecasting005\\fold2_multiseed_batch_v1\\receipts\\pleia_h1_f2_s44_v1\\resume_v1.json', '--forbid-fits']",C:\Users\nigel\OneDrive\Desktop\GitHub\confosense\smart_building_conformal,2026-09-14T00:56:44.607444+00:00,2026-09-14T00:56:57.376439+00:00,0,25068,21848,12.667632400000002,C:\Users\nigel\OneDrive\Desktop\GitHub\confosense\smart_building_conformal\outputs\matched_forecasting005\fold2_multiseed_batch_v1\attempts\2026-09-14T005644606514+0000_0436ca7c\command.log
pleia_h1_f2_s44_v1/groups,2026-09-14T005658891686+0000_d657f66b,"['C:/cfs_venv/Scripts/python.exe', '-B', 'C:\\Users\\nigel\\OneDrive\\Desktop\\GitHub\\confosense\\review\\matched_fold2_multiseed_20260914\\analyze.py', 'unit', '--stem', 'pleia_h1_f2_s44_v1', '--out', 'C:\\Users\\nigel\\OneDrive\\Desktop\\GitHub\\confosense\\smart_building_conformal\\outputs\\matched_forecasting005\\fold2_multiseed_batch_v1\\attempts\\2026-09-14T005658891686+0000_d657f66b\\groups']",C:\Users\nigel\OneDrive\Desktop\GitHub\confosense\smart_building_conformal,2026-09-14T00:56:58.891686+00:00,2026-09-14T00:57:03.783741+00:00,0,28184,24928,4.785619499991299,C:\Users\nigel\OneDrive\Desktop\GitHub\confosense\smart_building_conformal\outputs\matched_forecasting005\fold2_multiseed_batch_v1\attempts\2026-09-14T005658891686+0000_d657f66b\command.log
pleia_h3_f2_s44_v1/run,2026-09-14T005705842866+0000_16b1e32a,"['C:/cfs_venv/Scripts/python.exe', '-B', '-m', 'src.matched_forecasting005', 'run', '--matrix', 'C:\\Users\\nigel\\OneDrive\\Desktop\\GitHub\\confosense\\smart_building_conformal\\outputs\\amendment005\\support_design_v1\\experiment_matrix.csv', '--dataset', 'pleia', '--horizon', '3', '--outer-fold', '2', '--model-seed', '44', '--design-dir', 'C:\\Users\\nigel\\OneDrive\\Desktop\\GitHub\\confosense\\smart_building_conformal\\protocols\\matched_forecasting005\\pleia_h3_f2_s44_v1', '--out', 'C:\\Users\\nigel\\OneDrive\\Desktop\\GitHub\\confosense\\smart_building_conformal\\outputs\\matched_forecasting005\\pleia_h3_f2_s44_v1', '--readiness', 'C:\\Users\\nigel\\OneDrive\\Desktop\\GitHub\\confosense\\smart_building_conformal\\protocols\\matched_forecasting005\\pleia_h3_f2_s44_v1\\readiness.json']",C:\Users\nigel\OneDrive\Desktop\GitHub\confosense\smart_building_conformal,2026-09-14T00:57:05.842866+00:00,2026-09-14T01:00:32.834567+00:00,0,24012,22228,206.8879031000106,C:\Users\nigel\OneDrive\Desktop\GitHub\confosense\smart_building_conformal\outputs\matched_forecasting005\fold2_multiseed_batch_v1\attempts\2026-09-14T005705842866+0000_16b1e32a\command.log
pleia_h3_f2_s44_v1/validate,2026-09-14T010034293339+0000_5e95307a,"['C:/cfs_venv/Scripts/python.exe', '-B', '-m', 'src.matched_forecasting005', 'validate', '--matrix', 'C:\\Users\\nigel\\OneDrive\\Desktop\\GitHub\\confosense\\smart_building_conformal\\outputs\\amendment005\\support_design_v1\\experiment_matrix.csv', '--dataset', 'pleia', '--horizon', '3', '--outer-fold', '2', '--model-seed', '44', '--design-dir', 'C:\\Users\\nigel\\OneDrive\\Desktop\\GitHub\\confosense\\smart_building_conformal\\protocols\\matched_forecasting005\\pleia_h3_f2_s44_v1', '--out', 'C:\\Users\\nigel\\OneDrive\\Desktop\\GitHub\\confosense\\smart_building_conformal\\outputs\\matched_forecasting005\\pleia_h3_f2_s44_v1', '--readiness', 'C:\\Users\\nigel\\OneDrive\\Desktop\\GitHub\\confosense\\smart_building_conformal\\protocols\\matched_forecasting005\\pleia_h3_f2_s44_v1\\readiness.json', '--receipt', 'C:\\Users\\nigel\\OneDrive\\Desktop\\GitHub\\confosense\\smart_building_conformal\\outputs\\matched_forecasting005\\fold2_multiseed_batch_v1\\receipts\\pleia_h3_f2_s44_v1\\audit_v1']",C:\Users\nigel\OneDrive\Desktop\GitHub\confosense\smart_building_conformal,2026-09-14T01:00:34.293339+00:00,2026-09-14T01:00:50.144716+00:00,0,26064,11640,15.743080700005521,C:\Users\nigel\OneDrive\Desktop\GitHub\confosense\smart_building_conformal\outputs\matched_forecasting005\fold2_multiseed_batch_v1\attempts\2026-09-14T010034293339+0000_5e95307a\command.log
pleia_h3_f2_s44_v1/resume,2026-09-14T010050571405+0000_a34c20be,"['C:/cfs_venv/Scripts/python.exe', '-B', '-m', 'src.matched_forecasting005', 'resume', '--matrix', 'C:\\Users\\nigel\\OneDrive\\Desktop\\GitHub\\confosense\\smart_building_conformal\\outputs\\amendment005\\support_design_v1\\experiment_matrix.csv', '--dataset', 'pleia', '--horizon', '3', '--outer-fold', '2', '--model-seed', '44', '--design-dir', 'C:\\Users\\nigel\\OneDrive\\Desktop\\GitHub\\confosense\\smart_building_conformal\\protocols\\matched_forecasting005\\pleia_h3_f2_s44_v1', '--out', 'C:\\Users\\nigel\\OneDrive\\Desktop\\GitHub\\confosense\\smart_building_conformal\\outputs\\matched_forecasting005\\pleia_h3_f2_s44_v1', '--readiness', 'C:\\Users\\nigel\\OneDrive\\Desktop\\GitHub\\confosense\\smart_building_conformal\\protocols\\matched_forecasting005\\pleia_h3_f2_s44_v1\\readiness.json', '--receipt', 'C:\\Users\\nigel\\OneDrive\\Desktop\\GitHub\\confosense\\smart_building_conformal\\outputs\\matched_forecasting005\\fold2_multiseed_batch_v1\\receipts\\pleia_h3_f2_s44_v1\\resume_v1.json', '--forbid-fits']",C:\Users\nigel\OneDrive\Desktop\GitHub\confosense\smart_building_conformal,2026-09-14T01:00:50.571405+00:00,2026-09-14T01:01:03.001096+00:00,0,27448,7576,12.318124299999909,C:\Users\nigel\OneDrive\Desktop\GitHub\confosense\smart_building_conformal\outputs\matched_forecasting005\fold2_multiseed_batch_v1\attempts\2026-09-14T010050571405+0000_a34c20be\command.log
pleia_h3_f2_s44_v1/groups,2026-09-14T010104856766+0000_3eafe70d,"['C:/cfs_venv/Scripts/python.exe', '-B', 'C:\\Users\\nigel\\OneDrive\\Desktop\\GitHub\\confosense\\review\\matched_fold2_multiseed_20260914\\analyze.py', 'unit', '--stem', 'pleia_h3_f2_s44_v1', '--out', 'C:\\Users\\nigel\\OneDrive\\Desktop\\GitHub\\confosense\\smart_building_conformal\\outputs\\matched_forecasting005\\fold2_multiseed_batch_v1\\attempts\\2026-09-14T010104856766+0000_3eafe70d\\groups']",C:\Users\nigel\OneDrive\Desktop\GitHub\confosense\smart_building_conformal,2026-09-14T01:01:04.856766+00:00,2026-09-14T01:01:09.619121+00:00,0,16668,3928,4.651818500002264,C:\Users\nigel\OneDrive\Desktop\GitHub\confosense\smart_building_conformal\outputs\matched_forecasting005\fold2_multiseed_batch_v1\attempts\2026-09-14T010104856766+0000_3eafe70d\command.log
pleia_h6_f2_s44_v1/run,2026-09-14T010111788747+0000_1c87869e,"['C:/cfs_venv/Scripts/python.exe', '-B', '-m', 'src.matched_forecasting005', 'run', '--matrix', 'C:\\Users\\nigel\\OneDrive\\Desktop\\GitHub\\confosense\\smart_building_conformal\\outputs\\amendment005\\support_design_v1\\experiment_matrix.csv', '--dataset', 'pleia', '--horizon', '6', '--outer-fold', '2', '--model-seed', '44', '--design-dir', 'C:\\Users\\nigel\\OneDrive\\Desktop\\GitHub\\confosense\\smart_building_conformal\\protocols\\matched_forecasting005\\pleia_h6_f2_s44_v1', '--out', 'C:\\Users\\nigel\\OneDrive\\Desktop\\GitHub\\confosense\\smart_building_conformal\\outputs\\matched_forecasting005\\pleia_h6_f2_s44_v1', '--readiness', 'C:\\Users\\nigel\\OneDrive\\Desktop\\GitHub\\confosense\\smart_building_conformal\\protocols\\matched_forecasting005\\pleia_h6_f2_s44_v1\\readiness.json']",C:\Users\nigel\OneDrive\Desktop\GitHub\confosense\smart_building_conformal,2026-09-14T01:01:11.788747+00:00,2026-09-14T01:03:18.033215+00:00,0,28976,5820,126.11318349999783,C:\Users\nigel\OneDrive\Desktop\GitHub\confosense\smart_building_conformal\outputs\matched_forecasting005\fold2_multiseed_batch_v1\attempts\2026-09-14T010111788747+0000_1c87869e\command.log
pleia_h6_f2_s44_v1/validate,2026-09-14T010319371863+0000_83417da6,"['C:/cfs_venv/Scripts/python.exe', '-B', '-m', 'src.matched_forecasting005', 'validate', '--matrix', 'C:\\Users\\nigel\\OneDrive\\Desktop\\GitHub\\confosense\\smart_building_conformal\\outputs\\amendment005\\support_design_v1\\experiment_matrix.csv', '--dataset', 'pleia', '--horizon', '6', '--outer-fold', '2', '--model-seed', '44', '--design-dir', 'C:\\Users\\nigel\\OneDrive\\Desktop\\GitHub\\confosense\\smart_building_conformal\\protocols\\matched_forecasting005\\pleia_h6_f2_s44_v1', '--out', 'C:\\Users\\nigel\\OneDrive\\Desktop\\GitHub\\confosense\\smart_building_conformal\\outputs\\matched_forecasting005\\pleia_h6_f2_s44_v1', '--readiness', 'C:\\Users\\nigel\\OneDrive\\Desktop\\GitHub\\confosense\\smart_building_conformal\\protocols\\matched_forecasting005\\pleia_h6_f2_s44_v1\\readiness.json', '--receipt', 'C:\\Users\\nigel\\OneDrive\\Desktop\\GitHub\\confosense\\smart_building_conformal\\outputs\\matched_forecasting005\\fold2_multiseed_batch_v1\\receipts\\pleia_h6_f2_s44_v1\\audit_v1']",C:\Users\nigel\OneDrive\Desktop\GitHub\confosense\smart_building_conformal,2026-09-14T01:03:19.371863+00:00,2026-09-14T01:03:34.543620+00:00,0,8108,24844,15.067840000003343,C:\Users\nigel\OneDrive\Desktop\GitHub\confosense\smart_building_conformal\outputs\matched_forecasting005\fold2_multiseed_batch_v1\attempts\2026-09-14T010319371863+0000_83417da6\command.log
pleia_h6_f2_s44_v1/resume,2026-09-14T010335679127+0000_747a650f,"['C:/cfs_venv/Scripts/python.exe', '-B', '-m', 'src.matched_forecasting005', 'resume', '--matrix', 'C:\\Users\\nigel\\OneDrive\\Desktop\\GitHub\\confosense\\smart_building_conformal\\outputs\\amendment005\\support_design_v1\\experiment_matrix.csv', '--dataset', 'pleia', '--horizon', '6', '--outer-fold', '2', '--model-seed', '44', '--design-dir', 'C:\\Users\\nigel\\OneDrive\\Desktop\\GitHub\\confosense\\smart_building_conformal\\protocols\\matched_forecasting005\\pleia_h6_f2_s44_v1', '--out', 'C:\\Users\\nigel\\OneDrive\\Desktop\\GitHub\\confosense\\smart_building_conformal\\outputs\\matched_forecasting005\\pleia_h6_f2_s44_v1', '--readiness', 'C:\\Users\\nigel\\OneDrive\\Desktop\\GitHub\\confosense\\smart_building_conformal\\protocols\\matched_forecasting005\\pleia_h6_f2_s44_v1\\readiness.json', '--receipt', 'C:\\Users\\nigel\\OneDrive\\Desktop\\GitHub\\confosense\\smart_building_conformal\\outputs\\matched_forecasting005\\fold2_multiseed_batch_v1\\receipts\\pleia_h6_f2_s44_v1\\resume_v1.json', '--forbid-fits']",C:\Users\nigel\OneDrive\Desktop\GitHub\confosense\smart_building_conformal,2026-09-14T01:03:35.679639+00:00,2026-09-14T01:03:48.318548+00:00,0,26272,13184,12.545097800000804,C:\Users\nigel\OneDrive\Desktop\GitHub\confosense\smart_building_conformal\outputs\matched_forecasting005\fold2_multiseed_batch_v1\attempts\2026-09-14T010335679127+0000_747a650f\command.log
pleia_h6_f2_s44_v1/groups,2026-09-14T010349955142+0000_d6248e1a,"['C:/cfs_venv/Scripts/python.exe', '-B', 'C:\\Users\\nigel\\OneDrive\\Desktop\\GitHub\\confosense\\review\\matched_fold2_multiseed_20260914\\analyze.py', 'unit', '--stem', 'pleia_h6_f2_s44_v1', '--out', 'C:\\Users\\nigel\\OneDrive\\Desktop\\GitHub\\confosense\\smart_building_conformal\\outputs\\matched_forecasting005\\fold2_multiseed_batch_v1\\attempts\\2026-09-14T010349955142+0000_d6248e1a\\groups']",C:\Users\nigel\OneDrive\Desktop\GitHub\confosense\smart_building_conformal,2026-09-14T01:03:49.955142+00:00,2026-09-14T01:03:54.890258+00:00,0,15996,29308,4.812161999987438,C:\Users\nigel\OneDrive\Desktop\GitHub\confosense\smart_building_conformal\outputs\matched_forecasting005\fold2_multiseed_batch_v1\attempts\2026-09-14T010349955142+0000_d6248e1a\command.log
seed44/analysis,2026-09-14T010356254937+0000_5e2ade5c,"['C:/cfs_venv/Scripts/python.exe', '-B', 'C:\\Users\\nigel\\OneDrive\\Desktop\\GitHub\\confosense\\review\\matched_fold2_multiseed_20260914\\analyze.py', 'seed', '--out', 'C:\\Users\\nigel\\OneDrive\\Desktop\\GitHub\\confosense\\smart_building_conformal\\outputs\\matched_forecasting005\\fold2_multiseed_batch_v1\\seed44_summary_v1']",C:\Users\nigel\OneDrive\Desktop\GitHub\confosense\smart_building_conformal,2026-09-14T01:03:56.254937+00:00,2026-09-14T01:04:30.719218+00:00,0,26356,29192,34.34207339999557,C:\Users\nigel\OneDrive\Desktop\GitHub\confosense\smart_building_conformal\outputs\matched_forecasting005\fold2_multiseed_batch_v1\attempts\2026-09-14T010356254937+0000_5e2ade5c\command.log
publication/seed44,2026-09-14T010430850941+0000_8fa0222c,"['C:/cfs_venv/Scripts/python.exe', '-B', 'C:\\Users\\nigel\\OneDrive\\Desktop\\GitHub\\confosense\\review\\matched_fold2_multiseed_20260914\\publish.py', '--label', 'seed44']",C:\Users\nigel\OneDrive\Desktop\GitHub\confosense\smart_building_conformal,2026-09-14T01:04:30.850941+00:00,2026-09-14T01:06:13.534074+00:00,0,27236,28004,102.5701912999939,C:\Users\nigel\OneDrive\Desktop\GitHub\confosense\smart_building_conformal\outputs\matched_forecasting005\fold2_multiseed_batch_v1\attempts\2026-09-14T010430850941+0000_8fa0222c\command.log
pleia_energy_h1_f2_s45_v1/run,2026-09-14T010615631379+0000_f6b33d85,"['C:/cfs_venv/Scripts/python.exe', '-B', '-m', 'src.matched_forecasting005', 'run', '--matrix', 'C:\\Users\\nigel\\OneDrive\\Desktop\\GitHub\\confosense\\smart_building_conformal\\outputs\\amendment005\\support_design_v1\\experiment_matrix.csv', '--dataset', 'pleia_energy', '--horizon', '1', '--outer-fold', '2', '--model-seed', '45', '--design-dir', 'C:\\Users\\nigel\\OneDrive\\Desktop\\GitHub\\confosense\\smart_building_conformal\\protocols\\matched_forecasting005\\pleia_energy_h1_f2_s45_v1', '--out', 'C:\\Users\\nigel\\OneDrive\\Desktop\\GitHub\\confosense\\smart_building_conformal\\outputs\\matched_forecasting005\\pleia_energy_h1_f2_s45_v1', '--readiness', 'C:\\Users\\nigel\\OneDrive\\Desktop\\GitHub\\confosense\\smart_building_conformal\\protocols\\matched_forecasting005\\pleia_energy_h1_f2_s45_v1\\readiness.json']",C:\Users\nigel\OneDrive\Desktop\GitHub\confosense\smart_building_conformal,2026-09-14T01:06:15.631379+00:00,2026-09-14T01:08:07.756670+00:00,0,24864,23132,112.02612310000404,C:\Users\nigel\OneDrive\Desktop\GitHub\confosense\smart_building_conformal\outputs\matched_forecasting005\fold2_multiseed_batch_v1\attempts\2026-09-14T010615631379+0000_f6b33d85\command.log
pleia_energy_h1_f2_s45_v1/validate,2026-09-14T010809155331+0000_61311f07,"['C:/cfs_venv/Scripts/python.exe', '-B', '-m', 'src.matched_forecasting005', 'validate', '--matrix', 'C:\\Users\\nigel\\OneDrive\\Desktop\\GitHub\\confosense\\smart_building_conformal\\outputs\\amendment005\\support_design_v1\\experiment_matrix.csv', '--dataset', 'pleia_energy', '--horizon', '1', '--outer-fold', '2', '--model-seed', '45', '--design-dir', 'C:\\Users\\nigel\\OneDrive\\Desktop\\GitHub\\confosense\\smart_building_conformal\\protocols\\matched_forecasting005\\pleia_energy_h1_f2_s45_v1', '--out', 'C:\\Users\\nigel\\OneDrive\\Desktop\\GitHub\\confosense\\smart_building_conformal\\outputs\\matched_forecasting005\\pleia_energy_h1_f2_s45_v1', '--readiness', 'C:\\Users\\nigel\\OneDrive\\Desktop\\GitHub\\confosense\\smart_building_conformal\\protocols\\matched_forecasting005\\pleia_energy_h1_f2_s45_v1\\readiness.json', '--receipt', 'C:\\Users\\nigel\\OneDrive\\Desktop\\GitHub\\confosense\\smart_building_conformal\\outputs\\matched_forecasting005\\fold2_multiseed_batch_v1\\receipts\\pleia_energy_h1_f2_s45_v1\\audit_v1']",C:\Users\nigel\OneDrive\Desktop\GitHub\confosense\smart_building_conformal,2026-09-14T01:08:09.155331+00:00,2026-09-14T01:08:20.294216+00:00,0,16344,19064,11.033835299997008,C:\Users\nigel\OneDrive\Desktop\GitHub\confosense\smart_building_conformal\outputs\matched_forecasting005\fold2_multiseed_batch_v1\attempts\2026-09-14T010809155331+0000_61311f07\command.log
pleia_energy_h1_f2_s45_v1/resume,2026-09-14T010821421516+0000_bb7703fc,"['C:/cfs_venv/Scripts/python.exe', '-B', '-m', 'src.matched_forecasting005', 'resume', '--matrix', 'C:\\Users\\nigel\\OneDrive\\Desktop\\GitHub\\confosense\\smart_building_conformal\\outputs\\amendment005\\support_design_v1\\experiment_matrix.csv', '--dataset', 'pleia_energy', '--horizon', '1', '--outer-fold', '2', '--model-seed', '45', '--design-dir', 'C:\\Users\\nigel\\OneDrive\\Desktop\\GitHub\\confosense\\smart_building_conformal\\protocols\\matched_forecasting005\\pleia_energy_h1_f2_s45_v1', '--out', 'C:\\Users\\nigel\\OneDrive\\Desktop\\GitHub\\confosense\\smart_building_conformal\\outputs\\matched_forecasting005\\pleia_energy_h1_f2_s45_v1', '--readiness', 'C:\\Users\\nigel\\OneDrive\\Desktop\\GitHub\\confosense\\smart_building_conformal\\protocols\\matched_forecasting005\\pleia_energy_h1_f2_s45_v1\\readiness.json', '--receipt', 'C:\\Users\\nigel\\OneDrive\\Desktop\\GitHub\\confosense\\smart_building_conformal\\outputs\\matched_forecasting005\\fold2_multiseed_batch_v1\\receipts\\pleia_energy_h1_f2_s45_v1\\resume_v1.json', '--forbid-fits']",C:\Users\nigel\OneDrive\Desktop\GitHub\confosense\smart_building_conformal,2026-09-14T01:08:21.421516+00:00,2026-09-14T01:08:30.407343+00:00,0,28976,8436,8.884133299987298,C:\Users\nigel\OneDrive\Desktop\GitHub\confosense\smart_building_conformal\outputs\matched_forecasting005\fold2_multiseed_batch_v1\attempts\2026-09-14T010821421516+0000_bb7703fc\command.log
pleia_energy_h1_f2_s45_v1/groups,2026-09-14T010831660844+0000_90ab32d6,"['C:/cfs_venv/Scripts/python.exe', '-B', 'C:\\Users\\nigel\\OneDrive\\Desktop\\GitHub\\confosense\\review\\matched_fold2_multiseed_20260914\\analyze.py', 'unit', '--stem', 'pleia_energy_h1_f2_s45_v1', '--out', 'C:\\Users\\nigel\\OneDrive\\Desktop\\GitHub\\confosense\\smart_building_conformal\\outputs\\matched_forecasting005\\fold2_multiseed_batch_v1\\attempts\\2026-09-14T010831660844+0000_90ab32d6\\groups']",C:\Users\nigel\OneDrive\Desktop\GitHub\confosense\smart_building_conformal,2026-09-14T01:08:31.661843+00:00,2026-09-14T01:08:36.481695+00:00,0,4488,13224,4.7178869000053965,C:\Users\nigel\OneDrive\Desktop\GitHub\confosense\smart_building_conformal\outputs\matched_forecasting005\fold2_multiseed_batch_v1\attempts\2026-09-14T010831660844+0000_90ab32d6\command.log
pleia_energy_h3_f2_s45_v1/run,2026-09-14T010838572749+0000_a56036e3,"['C:/cfs_venv/Scripts/python.exe', '-B', '-m', 'src.matched_forecasting005', 'run', '--matrix', 'C:\\Users\\nigel\\OneDrive\\Desktop\\GitHub\\confosense\\smart_building_conformal\\outputs\\amendment005\\support_design_v1\\experiment_matrix.csv', '--dataset', 'pleia_energy', '--horizon', '3', '--outer-fold', '2', '--model-seed', '45', '--design-dir', 'C:\\Users\\nigel\\OneDrive\\Desktop\\GitHub\\confosense\\smart_building_conformal\\protocols\\matched_forecasting005\\pleia_energy_h3_f2_s45_v1', '--out', 'C:\\Users\\nigel\\OneDrive\\Desktop\\GitHub\\confosense\\smart_building_conformal\\outputs\\matched_forecasting005\\pleia_energy_h3_f2_s45_v1', '--readiness', 'C:\\Users\\nigel\\OneDrive\\Desktop\\GitHub\\confosense\\smart_building_conformal\\protocols\\matched_forecasting005\\pleia_energy_h3_f2_s45_v1\\readiness.json']",C:\Users\nigel\OneDrive\Desktop\GitHub\confosense\smart_building_conformal,2026-09-14T01:08:38.578718+00:00,2026-09-14T01:10:03.255500+00:00,0,6180,14852,84.5758988999878,C:\Users\nigel\OneDrive\Desktop\GitHub\confosense\smart_building_conformal\outputs\matched_forecasting005\fold2_multiseed_batch_v1\attempts\2026-09-14T010838572749+0000_a56036e3\command.log
pleia_energy_h3_f2_s45_v1/validate,2026-09-14T011003686167+0000_e973ad15,"['C:/cfs_venv/Scripts/python.exe', '-B', '-m', 'src.matched_forecasting005', 'validate', '--matrix', 'C:\\Users\\nigel\\OneDrive\\Desktop\\GitHub\\confosense\\smart_building_conformal\\outputs\\amendment005\\support_design_v1\\experiment_matrix.csv', '--dataset', 'pleia_energy', '--horizon', '3', '--outer-fold', '2', '--model-seed', '45', '--design-dir', 'C:\\Users\\nigel\\OneDrive\\Desktop\\GitHub\\confosense\\smart_building_conformal\\protocols\\matched_forecasting005\\pleia_energy_h3_f2_s45_v1', '--out', 'C:\\Users\\nigel\\OneDrive\\Desktop\\GitHub\\confosense\\smart_building_conformal\\outputs\\matched_forecasting005\\pleia_energy_h3_f2_s45_v1', '--readiness', 'C:\\Users\\nigel\\OneDrive\\Desktop\\GitHub\\confosense\\smart_building_conformal\\protocols\\matched_forecasting005\\pleia_energy_h3_f2_s45_v1\\readiness.json', '--receipt', 'C:\\Users\\nigel\\OneDrive\\Desktop\\GitHub\\confosense\\smart_building_conformal\\outputs\\matched_forecasting005\\fold2_multiseed_batch_v1\\receipts\\pleia_energy_h3_f2_s45_v1\\audit_v1']",C:\Users\nigel\OneDrive\Desktop\GitHub\confosense\smart_building_conformal,2026-09-14T01:10:03.691722+00:00,2026-09-14T01:10:14.980802+00:00,0,5844,9864,11.185211699994397,C:\Users\nigel\OneDrive\Desktop\GitHub\confosense\smart_building_conformal\outputs\matched_forecasting005\fold2_multiseed_batch_v1\attempts\2026-09-14T011003686167+0000_e973ad15\command.log
pleia_energy_h3_f2_s45_v1/resume,2026-09-14T011015958565+0000_04fdf5e4,"['C:/cfs_venv/Scripts/python.exe', '-B', '-m', 'src.matched_forecasting005', 'resume', '--matrix', 'C:\\Users\\nigel\\OneDrive\\Desktop\\GitHub\\confosense\\smart_building_conformal\\outputs\\amendment005\\support_design_v1\\experiment_matrix.csv', '--dataset', 'pleia_energy', '--horizon', '3', '--outer-fold', '2', '--model-seed', '45', '--design-dir', 'C:\\Users\\nigel\\OneDrive\\Desktop\\GitHub\\confosense\\smart_building_conformal\\protocols\\matched_forecasting005\\pleia_energy_h3_f2_s45_v1', '--out', 'C:\\Users\\nigel\\OneDrive\\Desktop\\GitHub\\confosense\\smart_building_conformal\\outputs\\matched_forecasting005\\pleia_energy_h3_f2_s45_v1', '--readiness', 'C:\\Users\\nigel\\OneDrive\\Desktop\\GitHub\\confosense\\smart_building_conformal\\protocols\\matched_forecasting005\\pleia_energy_h3_f2_s45_v1\\readiness.json', '--receipt', 'C:\\Users\\nigel\\OneDrive\\Desktop\\GitHub\\confosense\\smart_building_conformal\\outputs\\matched_forecasting005\\fold2_multiseed_batch_v1\\receipts\\pleia_energy_h3_f2_s45_v1\\resume_v1.json', '--forbid-fits']",C:\Users\nigel\OneDrive\Desktop\GitHub\confosense\smart_building_conformal,2026-09-14T01:10:15.958565+00:00,2026-09-14T01:10:24.497434+00:00,0,26356,14756,8.440432799994596,C:\Users\nigel\OneDrive\Desktop\GitHub\confosense\smart_building_conformal\outputs\matched_forecasting005\fold2_multiseed_batch_v1\attempts\2026-09-14T011015958565+0000_04fdf5e4\command.log
pleia_energy_h3_f2_s45_v1/groups,2026-09-14T011026204217+0000_43b627cb,"['C:/cfs_venv/Scripts/python.exe', '-B', 'C:\\Users\\nigel\\OneDrive\\Desktop\\GitHub\\confosense\\review\\matched_fold2_multiseed_20260914\\analyze.py', 'unit', '--stem', 'pleia_energy_h3_f2_s45_v1', '--out', 'C:\\Users\\nigel\\OneDrive\\Desktop\\GitHub\\confosense\\smart_building_conformal\\outputs\\matched_forecasting005\\fold2_multiseed_batch_v1\\attempts\\2026-09-14T011026204217+0000_43b627cb\\groups']",C:\Users\nigel\OneDrive\Desktop\GitHub\confosense\smart_building_conformal,2026-09-14T01:10:26.206623+00:00,2026-09-14T01:10:30.933845+00:00,0,22620,29228,4.626344000003883,C:\Users\nigel\OneDrive\Desktop\GitHub\confosense\smart_building_conformal\outputs\matched_forecasting005\fold2_multiseed_batch_v1\attempts\2026-09-14T011026204217+0000_43b627cb\command.log
pleia_energy_h6_f2_s45_v1/run,2026-09-14T011033163937+0000_bd488f3a,"['C:/cfs_venv/Scripts/python.exe', '-B', '-m', 'src.matched_forecasting005', 'run', '--matrix', 'C:\\Users\\nigel\\OneDrive\\Desktop\\GitHub\\confosense\\smart_building_conformal\\outputs\\amendment005\\support_design_v1\\experiment_matrix.csv', '--dataset', 'pleia_energy', '--horizon', '6', '--outer-fold', '2', '--model-seed', '45', '--design-dir', 'C:\\Users\\nigel\\OneDrive\\Desktop\\GitHub\\confosense\\smart_building_conformal\\protocols\\matched_forecasting005\\pleia_energy_h6_f2_s45_v1', '--out', 'C:\\Users\\nigel\\OneDrive\\Desktop\\GitHub\\confosense\\smart_building_conformal\\outputs\\matched_forecasting005\\pleia_energy_h6_f2_s45_v1', '--readiness', 'C:\\Users\\nigel\\OneDrive\\Desktop\\GitHub\\confosense\\smart_building_conformal\\protocols\\matched_forecasting005\\pleia_energy_h6_f2_s45_v1\\readiness.json']",C:\Users\nigel\OneDrive\Desktop\GitHub\confosense\smart_building_conformal,2026-09-14T01:10:33.169972+00:00,2026-09-14T01:12:06.282998+00:00,0,6548,15904,93.01245449999988,C:\Users\nigel\OneDrive\Desktop\GitHub\confosense\smart_building_conformal\outputs\matched_forecasting005\fold2_multiseed_batch_v1\attempts\2026-09-14T011033163937+0000_bd488f3a\command.log
pleia_energy_h6_f2_s45_v1/validate,2026-09-14T011206452851+0000_4b2eb033,"['C:/cfs_venv/Scripts/python.exe', '-B', '-m', 'src.matched_forecasting005', 'validate', '--matrix', 'C:\\Users\\nigel\\OneDrive\\Desktop\\GitHub\\confosense\\smart_building_conformal\\outputs\\amendment005\\support_design_v1\\experiment_matrix.csv', '--dataset', 'pleia_energy', '--horizon', '6', '--outer-fold', '2', '--model-seed', '45', '--design-dir', 'C:\\Users\\nigel\\OneDrive\\Desktop\\GitHub\\confosense\\smart_building_conformal\\protocols\\matched_forecasting005\\pleia_energy_h6_f2_s45_v1', '--out', 'C:\\Users\\nigel\\OneDrive\\Desktop\\GitHub\\confosense\\smart_building_conformal\\outputs\\matched_forecasting005\\pleia_energy_h6_f2_s45_v1', '--readiness', 'C:\\Users\\nigel\\OneDrive\\Desktop\\GitHub\\confosense\\smart_building_conformal\\protocols\\matched_forecasting005\\pleia_energy_h6_f2_s45_v1\\readiness.json', '--receipt', 'C:\\Users\\nigel\\OneDrive\\Desktop\\GitHub\\confosense\\smart_building_conformal\\outputs\\matched_forecasting005\\fold2_multiseed_batch_v1\\receipts\\pleia_energy_h6_f2_s45_v1\\audit_v1']",C:\Users\nigel\OneDrive\Desktop\GitHub\confosense\smart_building_conformal,2026-09-14T01:12:06.452851+00:00,2026-09-14T01:12:17.379901+00:00,0,27684,12260,10.820355500007281,C:\Users\nigel\OneDrive\Desktop\GitHub\confosense\smart_building_conformal\outputs\matched_forecasting005\fold2_multiseed_batch_v1\attempts\2026-09-14T011206452851+0000_4b2eb033\command.log
pleia_energy_h6_f2_s45_v1/resume,2026-09-14T011218720423+0000_79114f8b,"['C:/cfs_venv/Scripts/python.exe', '-B', '-m', 'src.matched_forecasting005', 'resume', '--matrix', 'C:\\Users\\nigel\\OneDrive\\Desktop\\GitHub\\confosense\\smart_building_conformal\\outputs\\amendment005\\support_design_v1\\experiment_matrix.csv', '--dataset', 'pleia_energy', '--horizon', '6', '--outer-fold', '2', '--model-seed', '45', '--design-dir', 'C:\\Users\\nigel\\OneDrive\\Desktop\\GitHub\\confosense\\smart_building_conformal\\protocols\\matched_forecasting005\\pleia_energy_h6_f2_s45_v1', '--out', 'C:\\Users\\nigel\\OneDrive\\Desktop\\GitHub\\confosense\\smart_building_conformal\\outputs\\matched_forecasting005\\pleia_energy_h6_f2_s45_v1', '--readiness', 'C:\\Users\\nigel\\OneDrive\\Desktop\\GitHub\\confosense\\smart_building_conformal\\protocols\\matched_forecasting005\\pleia_energy_h6_f2_s45_v1\\readiness.json', '--receipt', 'C:\\Users\\nigel\\OneDrive\\Desktop\\GitHub\\confosense\\smart_building_conformal\\outputs\\matched_forecasting005\\fold2_multiseed_batch_v1\\receipts\\pleia_energy_h6_f2_s45_v1\\resume_v1.json', '--forbid-fits']",C:\Users\nigel\OneDrive\Desktop\GitHub\confosense\smart_building_conformal,2026-09-14T01:12:18.721423+00:00,2026-09-14T01:12:27.367385+00:00,0,22360,12476,8.544227899998077,C:\Users\nigel\OneDrive\Desktop\GitHub\confosense\smart_building_conformal\outputs\matched_forecasting005\fold2_multiseed_batch_v1\attempts\2026-09-14T011218720423+0000_79114f8b\command.log
pleia_energy_h6_f2_s45_v1/groups,2026-09-14T011228959992+0000_e2c6be46,"['C:/cfs_venv/Scripts/python.exe', '-B', 'C:\\Users\\nigel\\OneDrive\\Desktop\\GitHub\\confosense\\review\\matched_fold2_multiseed_20260914\\analyze.py', 'unit', '--stem', 'pleia_energy_h6_f2_s45_v1', '--out', 'C:\\Users\\nigel\\OneDrive\\Desktop\\GitHub\\confosense\\smart_building_conformal\\outputs\\matched_forecasting005\\fold2_multiseed_batch_v1\\attempts\\2026-09-14T011228959992+0000_e2c6be46\\groups']",C:\Users\nigel\OneDrive\Desktop\GitHub\confosense\smart_building_conformal,2026-09-14T01:12:28.959992+00:00,2026-09-14T01:12:33.848786+00:00,0,10984,4048,4.776525799999945,C:\Users\nigel\OneDrive\Desktop\GitHub\confosense\smart_building_conformal\outputs\matched_forecasting005\fold2_multiseed_batch_v1\attempts\2026-09-14T011228959992+0000_e2c6be46\command.log
rico_h5_f2_s45_v1/run,2026-09-14T011235858818+0000_87138f56,"['C:/cfs_venv/Scripts/python.exe', '-B', '-m', 'src.matched_forecasting005', 'run', '--matrix', 'C:\\Users\\nigel\\OneDrive\\Desktop\\GitHub\\confosense\\smart_building_conformal\\outputs\\amendment005\\support_design_v1\\experiment_matrix.csv', '--dataset', 'rico', '--horizon', '5', '--outer-fold', '2', '--model-seed', '45', '--design-dir', 'C:\\Users\\nigel\\OneDrive\\Desktop\\GitHub\\confosense\\smart_building_conformal\\protocols\\matched_forecasting005\\rico_h5_f2_s45_v1', '--out', 'C:\\Users\\nigel\\OneDrive\\Desktop\\GitHub\\confosense\\smart_building_conformal\\outputs\\matched_forecasting005\\rico_h5_f2_s45_v1', '--readiness', 'C:\\Users\\nigel\\OneDrive\\Desktop\\GitHub\\confosense\\smart_building_conformal\\protocols\\matched_forecasting005\\rico_h5_f2_s45_v1\\readiness.json']",C:\Users\nigel\OneDrive\Desktop\GitHub\confosense\smart_building_conformal,2026-09-14T01:12:35.864304+00:00,2026-09-14T01:14:40.736673+00:00,0,9076,3656,124.77266620000592,C:\Users\nigel\OneDrive\Desktop\GitHub\confosense\smart_building_conformal\outputs\matched_forecasting005\fold2_multiseed_batch_v1\attempts\2026-09-14T011235858818+0000_87138f56\command.log
rico_h5_f2_s45_v1/validate,2026-09-14T011441569973+0000_eb5375f1,"['C:/cfs_venv/Scripts/python.exe', '-B', '-m', 'src.matched_forecasting005', 'validate', '--matrix', 'C:\\Users\\nigel\\OneDrive\\Desktop\\GitHub\\confosense\\smart_building_conformal\\outputs\\amendment005\\support_design_v1\\experiment_matrix.csv', '--dataset', 'rico', '--horizon', '5', '--outer-fold', '2', '--model-seed', '45', '--design-dir', 'C:\\Users\\nigel\\OneDrive\\Desktop\\GitHub\\confosense\\smart_building_conformal\\protocols\\matched_forecasting005\\rico_h5_f2_s45_v1', '--out', 'C:\\Users\\nigel\\OneDrive\\Desktop\\GitHub\\confosense\\smart_building_conformal\\outputs\\matched_forecasting005\\rico_h5_f2_s45_v1', '--readiness', 'C:\\Users\\nigel\\OneDrive\\Desktop\\GitHub\\confosense\\smart_building_conformal\\protocols\\matched_forecasting005\\rico_h5_f2_s45_v1\\readiness.json', '--receipt', 'C:\\Users\\nigel\\OneDrive\\Desktop\\GitHub\\confosense\\smart_building_conformal\\outputs\\matched_forecasting005\\fold2_multiseed_batch_v1\\receipts\\rico_h5_f2_s45_v1\\audit_v1']",C:\Users\nigel\OneDrive\Desktop\GitHub\confosense\smart_building_conformal,2026-09-14T01:14:41.570973+00:00,2026-09-14T01:15:07.825527+00:00,0,2768,19424,26.116489400010323,C:\Users\nigel\OneDrive\Desktop\GitHub\confosense\smart_building_conformal\outputs\matched_forecasting005\fold2_multiseed_batch_v1\attempts\2026-09-14T011441569973+0000_eb5375f1\command.log
rico_h5_f2_s45_v1/resume,2026-09-14T011508055537+0000_e31684af,"['C:/cfs_venv/Scripts/python.exe', '-B', '-m', 'src.matched_forecasting005', 'resume', '--matrix', 'C:\\Users\\nigel\\OneDrive\\Desktop\\GitHub\\confosense\\smart_building_conformal\\outputs\\amendment005\\support_design_v1\\experiment_matrix.csv', '--dataset', 'rico', '--horizon', '5', '--outer-fold', '2', '--model-seed', '45', '--design-dir', 'C:\\Users\\nigel\\OneDrive\\Desktop\\GitHub\\confosense\\smart_building_conformal\\protocols\\matched_forecasting005\\rico_h5_f2_s45_v1', '--out', 'C:\\Users\\nigel\\OneDrive\\Desktop\\GitHub\\confosense\\smart_building_conformal\\outputs\\matched_forecasting005\\rico_h5_f2_s45_v1', '--readiness', 'C:\\Users\\nigel\\OneDrive\\Desktop\\GitHub\\confosense\\smart_building_conformal\\protocols\\matched_forecasting005\\rico_h5_f2_s45_v1\\readiness.json', '--receipt', 'C:\\Users\\nigel\\OneDrive\\Desktop\\GitHub\\confosense\\smart_building_conformal\\outputs\\matched_forecasting005\\fold2_multiseed_batch_v1\\receipts\\rico_h5_f2_s45_v1\\resume_v1.json', '--forbid-fits']",C:\Users\nigel\OneDrive\Desktop\GitHub\confosense\smart_building_conformal,2026-09-14T01:15:08.055537+00:00,2026-09-14T01:15:30.575301+00:00,0,28860,21884,22.406351800003904,C:\Users\nigel\OneDrive\Desktop\GitHub\confosense\smart_building_conformal\outputs\matched_forecasting005\fold2_multiseed_batch_v1\attempts\2026-09-14T011508055537+0000_e31684af\command.log
rico_h5_f2_s45_v1/groups,2026-09-14T011532484471+0000_c819e60a,"['C:/cfs_venv/Scripts/python.exe', '-B', 'C:\\Users\\nigel\\OneDrive\\Desktop\\GitHub\\confosense\\review\\matched_fold2_multiseed_20260914\\analyze.py', 'unit', '--stem', 'rico_h5_f2_s45_v1', '--out', 'C:\\Users\\nigel\\OneDrive\\Desktop\\GitHub\\confosense\\smart_building_conformal\\outputs\\matched_forecasting005\\fold2_multiseed_batch_v1\\attempts\\2026-09-14T011532484471+0000_c819e60a\\groups']",C:\Users\nigel\OneDrive\Desktop\GitHub\confosense\smart_building_conformal,2026-09-14T01:15:32.490512+00:00,2026-09-14T01:15:37.484256+00:00,0,26408,8068,4.894996200004243,C:\Users\nigel\OneDrive\Desktop\GitHub\confosense\smart_building_conformal\outputs\matched_forecasting005\fold2_multiseed_batch_v1\attempts\2026-09-14T011532484471+0000_c819e60a\command.log
rico_h15_f2_s45_v1/run,2026-09-14T011539484198+0000_a6fafa28,"['C:/cfs_venv/Scripts/python.exe', '-B', '-m', 'src.matched_forecasting005', 'run', '--matrix', 'C:\\Users\\nigel\\OneDrive\\Desktop\\GitHub\\confosense\\smart_building_conformal\\outputs\\amendment005\\support_design_v1\\experiment_matrix.csv', '--dataset', 'rico', '--horizon', '15', '--outer-fold', '2', '--model-seed', '45', '--design-dir', 'C:\\Users\\nigel\\OneDrive\\Desktop\\GitHub\\confosense\\smart_building_conformal\\protocols\\matched_forecasting005\\rico_h15_f2_s45_v1', '--out', 'C:\\Users\\nigel\\OneDrive\\Desktop\\GitHub\\confosense\\smart_building_conformal\\outputs\\matched_forecasting005\\rico_h15_f2_s45_v1', '--readiness', 'C:\\Users\\nigel\\OneDrive\\Desktop\\GitHub\\confosense\\smart_building_conformal\\protocols\\matched_forecasting005\\rico_h15_f2_s45_v1\\readiness.json']",C:\Users\nigel\OneDrive\Desktop\GitHub\confosense\smart_building_conformal,2026-09-14T01:15:39.484198+00:00,2026-09-14T01:17:11.197260+00:00,0,26476,28504,91.62032229999022,C:\Users\nigel\OneDrive\Desktop\GitHub\confosense\smart_building_conformal\outputs\matched_forecasting005\fold2_multiseed_batch_v1\attempts\2026-09-14T011539484198+0000_a6fafa28\command.log
rico_h15_f2_s45_v1/validate,2026-09-14T011712755590+0000_8557a21a,"['C:/cfs_venv/Scripts/python.exe', '-B', '-m', 'src.matched_forecasting005', 'validate', '--matrix', 'C:\\Users\\nigel\\OneDrive\\Desktop\\GitHub\\confosense\\smart_building_conformal\\outputs\\amendment005\\support_design_v1\\experiment_matrix.csv', '--dataset', 'rico', '--horizon', '15', '--outer-fold', '2', '--model-seed', '45', '--design-dir', 'C:\\Users\\nigel\\OneDrive\\Desktop\\GitHub\\confosense\\smart_building_conformal\\protocols\\matched_forecasting005\\rico_h15_f2_s45_v1', '--out', 'C:\\Users\\nigel\\OneDrive\\Desktop\\GitHub\\confosense\\smart_building_conformal\\outputs\\matched_forecasting005\\rico_h15_f2_s45_v1', '--readiness', 'C:\\Users\\nigel\\OneDrive\\Desktop\\GitHub\\confosense\\smart_building_conformal\\protocols\\matched_forecasting005\\rico_h15_f2_s45_v1\\readiness.json', '--receipt', 'C:\\Users\\nigel\\OneDrive\\Desktop\\GitHub\\confosense\\smart_building_conformal\\outputs\\matched_forecasting005\\fold2_multiseed_batch_v1\\receipts\\rico_h15_f2_s45_v1\\audit_v1']",C:\Users\nigel\OneDrive\Desktop\GitHub\confosense\smart_building_conformal,2026-09-14T01:17:12.755590+00:00,2026-09-14T01:17:38.033492+00:00,0,29132,24904,25.178327999994508,C:\Users\nigel\OneDrive\Desktop\GitHub\confosense\smart_building_conformal\outputs\matched_forecasting005\fold2_multiseed_batch_v1\attempts\2026-09-14T011712755590+0000_8557a21a\command.log
rico_h15_f2_s45_v1/resume,2026-09-14T011739190947+0000_801651d0,"['C:/cfs_venv/Scripts/python.exe', '-B', '-m', 'src.matched_forecasting005', 'resume', '--matrix', 'C:\\Users\\nigel\\OneDrive\\Desktop\\GitHub\\confosense\\smart_building_conformal\\outputs\\amendment005\\support_design_v1\\experiment_matrix.csv', '--dataset', 'rico', '--horizon', '15', '--outer-fold', '2', '--model-seed', '45', '--design-dir', 'C:\\Users\\nigel\\OneDrive\\Desktop\\GitHub\\confosense\\smart_building_conformal\\protocols\\matched_forecasting005\\rico_h15_f2_s45_v1', '--out', 'C:\\Users\\nigel\\OneDrive\\Desktop\\GitHub\\confosense\\smart_building_conformal\\outputs\\matched_forecasting005\\rico_h15_f2_s45_v1', '--readiness', 'C:\\Users\\nigel\\OneDrive\\Desktop\\GitHub\\confosense\\smart_building_conformal\\protocols\\matched_forecasting005\\rico_h15_f2_s45_v1\\readiness.json', '--receipt', 'C:\\Users\\nigel\\OneDrive\\Desktop\\GitHub\\confosense\\smart_building_conformal\\outputs\\matched_forecasting005\\fold2_multiseed_batch_v1\\receipts\\rico_h15_f2_s45_v1\\resume_v1.json', '--forbid-fits']",C:\Users\nigel\OneDrive\Desktop\GitHub\confosense\smart_building_conformal,2026-09-14T01:17:39.190947+00:00,2026-09-14T01:18:01.445920+00:00,0,18672,29244,22.145321999996668,C:\Users\nigel\OneDrive\Desktop\GitHub\confosense\smart_building_conformal\outputs\matched_forecasting005\fold2_multiseed_batch_v1\attempts\2026-09-14T011739190947+0000_801651d0\command.log
rico_h15_f2_s45_v1/groups,2026-09-14T011801590406+0000_7249d58c,"['C:/cfs_venv/Scripts/python.exe', '-B', 'C:\\Users\\nigel\\OneDrive\\Desktop\\GitHub\\confosense\\review\\matched_fold2_multiseed_20260914\\analyze.py', 'unit', '--stem', 'rico_h15_f2_s45_v1', '--out', 'C:\\Users\\nigel\\OneDrive\\Desktop\\GitHub\\confosense\\smart_building_conformal\\outputs\\matched_forecasting005\\fold2_multiseed_batch_v1\\attempts\\2026-09-14T011801590406+0000_7249d58c\\groups']",C:\Users\nigel\OneDrive\Desktop\GitHub\confosense\smart_building_conformal,2026-09-14T01:18:01.590406+00:00,2026-09-14T01:18:06.547985+00:00,0,20672,3124,4.840786400003708,C:\Users\nigel\OneDrive\Desktop\GitHub\confosense\smart_building_conformal\outputs\matched_forecasting005\fold2_multiseed_batch_v1\attempts\2026-09-14T011801590406+0000_7249d58c\command.log
rico_h30_f2_s45_v1/run,2026-09-14T011808559795+0000_5fe63153,"['C:/cfs_venv/Scripts/python.exe', '-B', '-m', 'src.matched_forecasting005', 'run', '--matrix', 'C:\\Users\\nigel\\OneDrive\\Desktop\\GitHub\\confosense\\smart_building_conformal\\outputs\\amendment005\\support_design_v1\\experiment_matrix.csv', '--dataset', 'rico', '--horizon', '30', '--outer-fold', '2', '--model-seed', '45', '--design-dir', 'C:\\Users\\nigel\\OneDrive\\Desktop\\GitHub\\confosense\\smart_building_conformal\\protocols\\matched_forecasting005\\rico_h30_f2_s45_v1', '--out', 'C:\\Users\\nigel\\OneDrive\\Desktop\\GitHub\\confosense\\smart_building_conformal\\outputs\\matched_forecasting005\\rico_h30_f2_s45_v1', '--readiness', 'C:\\Users\\nigel\\OneDrive\\Desktop\\GitHub\\confosense\\smart_building_conformal\\protocols\\matched_forecasting005\\rico_h30_f2_s45_v1\\readiness.json']",C:\Users\nigel\OneDrive\Desktop\GitHub\confosense\smart_building_conformal,2026-09-14T01:18:08.559795+00:00,2026-09-14T01:19:30.921348+00:00,0,9268,27804,82.24779419999686,C:\Users\nigel\OneDrive\Desktop\GitHub\confosense\smart_building_conformal\outputs\matched_forecasting005\fold2_multiseed_batch_v1\attempts\2026-09-14T011808559795+0000_5fe63153\command.log
rico_h30_f2_s45_v1/validate,2026-09-14T011931740007+0000_24f534da,"['C:/cfs_venv/Scripts/python.exe', '-B', '-m', 'src.matched_forecasting005', 'validate', '--matrix', 'C:\\Users\\nigel\\OneDrive\\Desktop\\GitHub\\confosense\\smart_building_conformal\\outputs\\amendment005\\support_design_v1\\experiment_matrix.csv', '--dataset', 'rico', '--horizon', '30', '--outer-fold', '2', '--model-seed', '45', '--design-dir', 'C:\\Users\\nigel\\OneDrive\\Desktop\\GitHub\\confosense\\smart_building_conformal\\protocols\\matched_forecasting005\\rico_h30_f2_s45_v1', '--out', 'C:\\Users\\nigel\\OneDrive\\Desktop\\GitHub\\confosense\\smart_building_conformal\\outputs\\matched_forecasting005\\rico_h30_f2_s45_v1', '--readiness', 'C:\\Users\\nigel\\OneDrive\\Desktop\\GitHub\\confosense\\smart_building_conformal\\protocols\\matched_forecasting005\\rico_h30_f2_s45_v1\\readiness.json', '--receipt', 'C:\\Users\\nigel\\OneDrive\\Desktop\\GitHub\\confosense\\smart_building_conformal\\outputs\\matched_forecasting005\\fold2_multiseed_batch_v1\\receipts\\rico_h30_f2_s45_v1\\audit_v1']",C:\Users\nigel\OneDrive\Desktop\GitHub\confosense\smart_building_conformal,2026-09-14T01:19:31.740007+00:00,2026-09-14T01:19:56.906678+00:00,0,8580,3832,25.063245299999835,C:\Users\nigel\OneDrive\Desktop\GitHub\confosense\smart_building_conformal\outputs\matched_forecasting005\fold2_multiseed_batch_v1\attempts\2026-09-14T011931740007+0000_24f534da\command.log
rico_h30_f2_s45_v1/resume,2026-09-14T011958193854+0000_b1795482,"['C:/cfs_venv/Scripts/python.exe', '-B', '-m', 'src.matched_forecasting005', 'resume', '--matrix', 'C:\\Users\\nigel\\OneDrive\\Desktop\\GitHub\\confosense\\smart_building_conformal\\outputs\\amendment005\\support_design_v1\\experiment_matrix.csv', '--dataset', 'rico', '--horizon', '30', '--outer-fold', '2', '--model-seed', '45', '--design-dir', 'C:\\Users\\nigel\\OneDrive\\Desktop\\GitHub\\confosense\\smart_building_conformal\\protocols\\matched_forecasting005\\rico_h30_f2_s45_v1', '--out', 'C:\\Users\\nigel\\OneDrive\\Desktop\\GitHub\\confosense\\smart_building_conformal\\outputs\\matched_forecasting005\\rico_h30_f2_s45_v1', '--readiness', 'C:\\Users\\nigel\\OneDrive\\Desktop\\GitHub\\confosense\\smart_building_conformal\\protocols\\matched_forecasting005\\rico_h30_f2_s45_v1\\readiness.json', '--receipt', 'C:\\Users\\nigel\\OneDrive\\Desktop\\GitHub\\confosense\\smart_building_conformal\\outputs\\matched_forecasting005\\fold2_multiseed_batch_v1\\receipts\\rico_h30_f2_s45_v1\\resume_v1.json', '--forbid-fits']",C:\Users\nigel\OneDrive\Desktop\GitHub\confosense\smart_building_conformal,2026-09-14T01:19:58.193854+00:00,2026-09-14T01:20:19.891353+00:00,0,14868,10860,21.59206229999836,C:\Users\nigel\OneDrive\Desktop\GitHub\confosense\smart_building_conformal\outputs\matched_forecasting005\fold2_multiseed_batch_v1\attempts\2026-09-14T011958193854+0000_b1795482\command.log
rico_h30_f2_s45_v1/groups,2026-09-14T012020575001+0000_fe721c3b,"['C:/cfs_venv/Scripts/python.exe', '-B', 'C:\\Users\\nigel\\OneDrive\\Desktop\\GitHub\\confosense\\review\\matched_fold2_multiseed_20260914\\analyze.py', 'unit', '--stem', 'rico_h30_f2_s45_v1', '--out', 'C:\\Users\\nigel\\OneDrive\\Desktop\\GitHub\\confosense\\smart_building_conformal\\outputs\\matched_forecasting005\\fold2_multiseed_batch_v1\\attempts\\2026-09-14T012020575001+0000_fe721c3b\\groups']",C:\Users\nigel\OneDrive\Desktop\GitHub\confosense\smart_building_conformal,2026-09-14T01:20:20.575001+00:00,2026-09-14T01:20:25.453456+00:00,0,21360,11336,4.774587099993369,C:\Users\nigel\OneDrive\Desktop\GitHub\confosense\smart_building_conformal\outputs\matched_forecasting005\fold2_multiseed_batch_v1\attempts\2026-09-14T012020575001+0000_fe721c3b\command.log
rico_h60_f2_s45_v1/run,2026-09-14T012027527548+0000_dfe5174b,"['C:/cfs_venv/Scripts/python.exe', '-B', '-m', 'src.matched_forecasting005', 'run', '--matrix', 'C:\\Users\\nigel\\OneDrive\\Desktop\\GitHub\\confosense\\smart_building_conformal\\outputs\\amendment005\\support_design_v1\\experiment_matrix.csv', '--dataset', 'rico', '--horizon', '60', '--outer-fold', '2', '--model-seed', '45', '--design-dir', 'C:\\Users\\nigel\\OneDrive\\Desktop\\GitHub\\confosense\\smart_building_conformal\\protocols\\matched_forecasting005\\rico_h60_f2_s45_v1', '--out', 'C:\\Users\\nigel\\OneDrive\\Desktop\\GitHub\\confosense\\smart_building_conformal\\outputs\\matched_forecasting005\\rico_h60_f2_s45_v1', '--readiness', 'C:\\Users\\nigel\\OneDrive\\Desktop\\GitHub\\confosense\\smart_building_conformal\\protocols\\matched_forecasting005\\rico_h60_f2_s45_v1\\readiness.json']",C:\Users\nigel\OneDrive\Desktop\GitHub\confosense\smart_building_conformal,2026-09-14T01:20:27.527548+00:00,2026-09-14T01:21:46.585428+00:00,0,25116,14524,78.94048860001203,C:\Users\nigel\OneDrive\Desktop\GitHub\confosense\smart_building_conformal\outputs\matched_forecasting005\fold2_multiseed_batch_v1\attempts\2026-09-14T012027527548+0000_dfe5174b\command.log
rico_h60_f2_s45_v1/validate,2026-09-14T012146646684+0000_86ec16e8,"['C:/cfs_venv/Scripts/python.exe', '-B', '-m', 'src.matched_forecasting005', 'validate', '--matrix', 'C:\\Users\\nigel\\OneDrive\\Desktop\\GitHub\\confosense\\smart_building_conformal\\outputs\\amendment005\\support_design_v1\\experiment_matrix.csv', '--dataset', 'rico', '--horizon', '60', '--outer-fold', '2', '--model-seed', '45', '--design-dir', 'C:\\Users\\nigel\\OneDrive\\Desktop\\GitHub\\confosense\\smart_building_conformal\\protocols\\matched_forecasting005\\rico_h60_f2_s45_v1', '--out', 'C:\\Users\\nigel\\OneDrive\\Desktop\\GitHub\\confosense\\smart_building_conformal\\outputs\\matched_forecasting005\\rico_h60_f2_s45_v1', '--readiness', 'C:\\Users\\nigel\\OneDrive\\Desktop\\GitHub\\confosense\\smart_building_conformal\\protocols\\matched_forecasting005\\rico_h60_f2_s45_v1\\readiness.json', '--receipt', 'C:\\Users\\nigel\\OneDrive\\Desktop\\GitHub\\confosense\\smart_building_conformal\\outputs\\matched_forecasting005\\fold2_multiseed_batch_v1\\receipts\\rico_h60_f2_s45_v1\\audit_v1']",C:\Users\nigel\OneDrive\Desktop\GitHub\confosense\smart_building_conformal,2026-09-14T01:21:46.646684+00:00,2026-09-14T01:22:11.984405+00:00,0,9676,24284,25.23125670000445,C:\Users\nigel\OneDrive\Desktop\GitHub\confosense\smart_building_conformal\outputs\matched_forecasting005\fold2_multiseed_batch_v1\attempts\2026-09-14T012146646684+0000_86ec16e8\command.log
rico_h60_f2_s45_v1/resume,2026-09-14T012213125024+0000_5a768751,"['C:/cfs_venv/Scripts/python.exe', '-B', '-m', 'src.matched_forecasting005', 'resume', '--matrix', 'C:\\Users\\nigel\\OneDrive\\Desktop\\GitHub\\confosense\\smart_building_conformal\\outputs\\amendment005\\support_design_v1\\experiment_matrix.csv', '--dataset', 'rico', '--horizon', '60', '--outer-fold', '2', '--model-seed', '45', '--design-dir', 'C:\\Users\\nigel\\OneDrive\\Desktop\\GitHub\\confosense\\smart_building_conformal\\protocols\\matched_forecasting005\\rico_h60_f2_s45_v1', '--out', 'C:\\Users\\nigel\\OneDrive\\Desktop\\GitHub\\confosense\\smart_building_conformal\\outputs\\matched_forecasting005\\rico_h60_f2_s45_v1', '--readiness', 'C:\\Users\\nigel\\OneDrive\\Desktop\\GitHub\\confosense\\smart_building_conformal\\protocols\\matched_forecasting005\\rico_h60_f2_s45_v1\\readiness.json', '--receipt', 'C:\\Users\\nigel\\OneDrive\\Desktop\\GitHub\\confosense\\smart_building_conformal\\outputs\\matched_forecasting005\\fold2_multiseed_batch_v1\\receipts\\rico_h60_f2_s45_v1\\resume_v1.json', '--forbid-fits']",C:\Users\nigel\OneDrive\Desktop\GitHub\confosense\smart_building_conformal,2026-09-14T01:22:13.125024+00:00,2026-09-14T01:22:34.759848+00:00,0,13520,14640,21.535492499999236,C:\Users\nigel\OneDrive\Desktop\GitHub\confosense\smart_building_conformal\outputs\matched_forecasting005\fold2_multiseed_batch_v1\attempts\2026-09-14T012213125024+0000_5a768751\command.log
rico_h60_f2_s45_v1/groups,2026-09-14T012235542290+0000_7e2feca0,"['C:/cfs_venv/Scripts/python.exe', '-B', 'C:\\Users\\nigel\\OneDrive\\Desktop\\GitHub\\confosense\\review\\matched_fold2_multiseed_20260914\\analyze.py', 'unit', '--stem', 'rico_h60_f2_s45_v1', '--out', 'C:\\Users\\nigel\\OneDrive\\Desktop\\GitHub\\confosense\\smart_building_conformal\\outputs\\matched_forecasting005\\fold2_multiseed_batch_v1\\attempts\\2026-09-14T012235542290+0000_7e2feca0\\groups']",C:\Users\nigel\OneDrive\Desktop\GitHub\confosense\smart_building_conformal,2026-09-14T01:22:35.542290+00:00,2026-09-14T01:22:40.298389+00:00,0,26356,28288,4.6534726999962,C:\Users\nigel\OneDrive\Desktop\GitHub\confosense\smart_building_conformal\outputs\matched_forecasting005\fold2_multiseed_batch_v1\attempts\2026-09-14T012235542290+0000_7e2feca0\command.log
bdg2_h1_f2_s45_v1/run,2026-09-14T012242547555+0000_952eb50e,"['C:/cfs_venv/Scripts/python.exe', '-B', '-m', 'src.matched_forecasting005', 'run', '--matrix', 'C:\\Users\\nigel\\OneDrive\\Desktop\\GitHub\\confosense\\smart_building_conformal\\outputs\\amendment005\\support_design_v1\\experiment_matrix.csv', '--dataset', 'bdg2', '--horizon', '1', '--outer-fold', '2', '--model-seed', '45', '--design-dir', 'C:\\Users\\nigel\\OneDrive\\Desktop\\GitHub\\confosense\\smart_building_conformal\\protocols\\matched_forecasting005\\bdg2_h1_f2_s45_v1', '--out', 'C:\\Users\\nigel\\OneDrive\\Desktop\\GitHub\\confosense\\smart_building_conformal\\outputs\\matched_forecasting005\\bdg2_h1_f2_s45_v1', '--readiness', 'C:\\Users\\nigel\\OneDrive\\Desktop\\GitHub\\confosense\\smart_building_conformal\\protocols\\matched_forecasting005\\bdg2_h1_f2_s45_v1\\readiness.json']",C:\Users\nigel\OneDrive\Desktop\GitHub\confosense\smart_building_conformal,2026-09-14T01:22:42.547555+00:00,2026-09-14T01:33:55.554856+00:00,0,28956,27632,672.8949177000031,C:\Users\nigel\OneDrive\Desktop\GitHub\confosense\smart_building_conformal\outputs\matched_forecasting005\fold2_multiseed_batch_v1\attempts\2026-09-14T012242547555+0000_952eb50e\command.log
bdg2_h1_f2_s45_v1/validate,2026-09-14T013355611479+0000_9aa47117,"['C:/cfs_venv/Scripts/python.exe', '-B', '-m', 'src.matched_forecasting005', 'validate', '--matrix', 'C:\\Users\\nigel\\OneDrive\\Desktop\\GitHub\\confosense\\smart_building_conformal\\outputs\\amendment005\\support_design_v1\\experiment_matrix.csv', '--dataset', 'bdg2', '--horizon', '1', '--outer-fold', '2', '--model-seed', '45', '--design-dir', 'C:\\Users\\nigel\\OneDrive\\Desktop\\GitHub\\confosense\\smart_building_conformal\\protocols\\matched_forecasting005\\bdg2_h1_f2_s45_v1', '--out', 'C:\\Users\\nigel\\OneDrive\\Desktop\\GitHub\\confosense\\smart_building_conformal\\outputs\\matched_forecasting005\\bdg2_h1_f2_s45_v1', '--readiness', 'C:\\Users\\nigel\\OneDrive\\Desktop\\GitHub\\confosense\\smart_building_conformal\\protocols\\matched_forecasting005\\bdg2_h1_f2_s45_v1\\readiness.json', '--receipt', 'C:\\Users\\nigel\\OneDrive\\Desktop\\GitHub\\confosense\\smart_building_conformal\\outputs\\matched_forecasting005\\fold2_multiseed_batch_v1\\receipts\\bdg2_h1_f2_s45_v1\\audit_v1']",C:\Users\nigel\OneDrive\Desktop\GitHub\confosense\smart_building_conformal,2026-09-14T01:33:55.611479+00:00,2026-09-14T01:34:23.286026+00:00,0,7276,9900,27.559667299996363,C:\Users\nigel\OneDrive\Desktop\GitHub\confosense\smart_building_conformal\outputs\matched_forecasting005\fold2_multiseed_batch_v1\attempts\2026-09-14T013355611479+0000_9aa47117\command.log
bdg2_h1_f2_s45_v1/resume,2026-09-14T013424127092+0000_f6d17498,"['C:/cfs_venv/Scripts/python.exe', '-B', '-m', 'src.matched_forecasting005', 'resume', '--matrix', 'C:\\Users\\nigel\\OneDrive\\Desktop\\GitHub\\confosense\\smart_building_conformal\\outputs\\amendment005\\support_design_v1\\experiment_matrix.csv', '--dataset', 'bdg2', '--horizon', '1', '--outer-fold', '2', '--model-seed', '45', '--design-dir', 'C:\\Users\\nigel\\OneDrive\\Desktop\\GitHub\\confosense\\smart_building_conformal\\protocols\\matched_forecasting005\\bdg2_h1_f2_s45_v1', '--out', 'C:\\Users\\nigel\\OneDrive\\Desktop\\GitHub\\confosense\\smart_building_conformal\\outputs\\matched_forecasting005\\bdg2_h1_f2_s45_v1', '--readiness', 'C:\\Users\\nigel\\OneDrive\\Desktop\\GitHub\\confosense\\smart_building_conformal\\protocols\\matched_forecasting005\\bdg2_h1_f2_s45_v1\\readiness.json', '--receipt', 'C:\\Users\\nigel\\OneDrive\\Desktop\\GitHub\\confosense\\smart_building_conformal\\outputs\\matched_forecasting005\\fold2_multiseed_batch_v1\\receipts\\bdg2_h1_f2_s45_v1\\resume_v1.json', '--forbid-fits']",C:\Users\nigel\OneDrive\Desktop\GitHub\confosense\smart_building_conformal,2026-09-14T01:34:24.127092+00:00,2026-09-14T01:34:45.240038+00:00,0,536,28976,21.003313300010632,C:\Users\nigel\OneDrive\Desktop\GitHub\confosense\smart_building_conformal\outputs\matched_forecasting005\fold2_multiseed_batch_v1\attempts\2026-09-14T013424127092+0000_f6d17498\command.log
bdg2_h1_f2_s45_v1/groups,2026-09-14T013446537991+0000_32fdfc5b,"['C:/cfs_venv/Scripts/python.exe', '-B', 'C:\\Users\\nigel\\OneDrive\\Desktop\\GitHub\\confosense\\review\\matched_fold2_multiseed_20260914\\analyze.py', 'unit', '--stem', 'bdg2_h1_f2_s45_v1', '--out', 'C:\\Users\\nigel\\OneDrive\\Desktop\\GitHub\\confosense\\smart_building_conformal\\outputs\\matched_forecasting005\\fold2_multiseed_batch_v1\\attempts\\2026-09-14T013446537991+0000_32fdfc5b\\groups']",C:\Users\nigel\OneDrive\Desktop\GitHub\confosense\smart_building_conformal,2026-09-14T01:34:46.537991+00:00,2026-09-14T01:34:53.352573+00:00,0,23520,14532,6.66685540000617,C:\Users\nigel\OneDrive\Desktop\GitHub\confosense\smart_building_conformal\outputs\matched_forecasting005\fold2_multiseed_batch_v1\attempts\2026-09-14T013446537991+0000_32fdfc5b\command.log
bdg2_h3_f2_s45_v1/run,2026-09-14T013455569935+0000_de8c0671,"['C:/cfs_venv/Scripts/python.exe', '-B', '-m', 'src.matched_forecasting005', 'run', '--matrix', 'C:\\Users\\nigel\\OneDrive\\Desktop\\GitHub\\confosense\\smart_building_conformal\\outputs\\amendment005\\support_design_v1\\experiment_matrix.csv', '--dataset', 'bdg2', '--horizon', '3', '--outer-fold', '2', '--model-seed', '45', '--design-dir', 'C:\\Users\\nigel\\OneDrive\\Desktop\\GitHub\\confosense\\smart_building_conformal\\protocols\\matched_forecasting005\\bdg2_h3_f2_s45_v1', '--out', 'C:\\Users\\nigel\\OneDrive\\Desktop\\GitHub\\confosense\\smart_building_conformal\\outputs\\matched_forecasting005\\bdg2_h3_f2_s45_v1', '--readiness', 'C:\\Users\\nigel\\OneDrive\\Desktop\\GitHub\\confosense\\smart_building_conformal\\protocols\\matched_forecasting005\\bdg2_h3_f2_s45_v1\\readiness.json']",C:\Users\nigel\OneDrive\Desktop\GitHub\confosense\smart_building_conformal,2026-09-14T01:34:55.570941+00:00,2026-09-14T01:41:26.546717+00:00,0,25684,28928,390.87509679999494,C:\Users\nigel\OneDrive\Desktop\GitHub\confosense\smart_building_conformal\outputs\matched_forecasting005\fold2_multiseed_batch_v1\attempts\2026-09-14T013455569935+0000_de8c0671\command.log
bdg2_h3_f2_s45_v1/validate,2026-09-14T014126771910+0000_ea2f7b8b,"['C:/cfs_venv/Scripts/python.exe', '-B', '-m', 'src.matched_forecasting005', 'validate', '--matrix', 'C:\\Users\\nigel\\OneDrive\\Desktop\\GitHub\\confosense\\smart_building_conformal\\outputs\\amendment005\\support_design_v1\\experiment_matrix.csv', '--dataset', 'bdg2', '--horizon', '3', '--outer-fold', '2', '--model-seed', '45', '--design-dir', 'C:\\Users\\nigel\\OneDrive\\Desktop\\GitHub\\confosense\\smart_building_conformal\\protocols\\matched_forecasting005\\bdg2_h3_f2_s45_v1', '--out', 'C:\\Users\\nigel\\OneDrive\\Desktop\\GitHub\\confosense\\smart_building_conformal\\outputs\\matched_forecasting005\\bdg2_h3_f2_s45_v1', '--readiness', 'C:\\Users\\nigel\\OneDrive\\Desktop\\GitHub\\confosense\\smart_building_conformal\\protocols\\matched_forecasting005\\bdg2_h3_f2_s45_v1\\readiness.json', '--receipt', 'C:\\Users\\nigel\\OneDrive\\Desktop\\GitHub\\confosense\\smart_building_conformal\\outputs\\matched_forecasting005\\fold2_multiseed_batch_v1\\receipts\\bdg2_h3_f2_s45_v1\\audit_v1']",C:\Users\nigel\OneDrive\Desktop\GitHub\confosense\smart_building_conformal,2026-09-14T01:41:26.771910+00:00,2026-09-14T01:41:54.384334+00:00,0,23704,7232,27.506463600002462,C:\Users\nigel\OneDrive\Desktop\GitHub\confosense\smart_building_conformal\outputs\matched_forecasting005\fold2_multiseed_batch_v1\attempts\2026-09-14T014126771910+0000_ea2f7b8b\command.log
bdg2_h3_f2_s45_v1/resume,2026-09-14T014155277372+0000_96aeefd2,"['C:/cfs_venv/Scripts/python.exe', '-B', '-m', 'src.matched_forecasting005', 'resume', '--matrix', 'C:\\Users\\nigel\\OneDrive\\Desktop\\GitHub\\confosense\\smart_building_conformal\\outputs\\amendment005\\support_design_v1\\experiment_matrix.csv', '--dataset', 'bdg2', '--horizon', '3', '--outer-fold', '2', '--model-seed', '45', '--design-dir', 'C:\\Users\\nigel\\OneDrive\\Desktop\\GitHub\\confosense\\smart_building_conformal\\protocols\\matched_forecasting005\\bdg2_h3_f2_s45_v1', '--out', 'C:\\Users\\nigel\\OneDrive\\Desktop\\GitHub\\confosense\\smart_building_conformal\\outputs\\matched_forecasting005\\bdg2_h3_f2_s45_v1', '--readiness', 'C:\\Users\\nigel\\OneDrive\\Desktop\\GitHub\\confosense\\smart_building_conformal\\protocols\\matched_forecasting005\\bdg2_h3_f2_s45_v1\\readiness.json', '--receipt', 'C:\\Users\\nigel\\OneDrive\\Desktop\\GitHub\\confosense\\smart_building_conformal\\outputs\\matched_forecasting005\\fold2_multiseed_batch_v1\\receipts\\bdg2_h3_f2_s45_v1\\resume_v1.json', '--forbid-fits']",C:\Users\nigel\OneDrive\Desktop\GitHub\confosense\smart_building_conformal,2026-09-14T01:41:55.277372+00:00,2026-09-14T01:42:17.175293+00:00,0,27708,10252,21.78922479999892,C:\Users\nigel\OneDrive\Desktop\GitHub\confosense\smart_building_conformal\outputs\matched_forecasting005\fold2_multiseed_batch_v1\attempts\2026-09-14T014155277372+0000_96aeefd2\command.log
bdg2_h3_f2_s45_v1/groups,2026-09-14T014217697091+0000_b2b122e2,"['C:/cfs_venv/Scripts/python.exe', '-B', 'C:\\Users\\nigel\\OneDrive\\Desktop\\GitHub\\confosense\\review\\matched_fold2_multiseed_20260914\\analyze.py', 'unit', '--stem', 'bdg2_h3_f2_s45_v1', '--out', 'C:\\Users\\nigel\\OneDrive\\Desktop\\GitHub\\confosense\\smart_building_conformal\\outputs\\matched_forecasting005\\fold2_multiseed_batch_v1\\attempts\\2026-09-14T014217697091+0000_b2b122e2\\groups']",C:\Users\nigel\OneDrive\Desktop\GitHub\confosense\smart_building_conformal,2026-09-14T01:42:17.698091+00:00,2026-09-14T01:42:24.205391+00:00,0,4380,3608,6.392462199990405,C:\Users\nigel\OneDrive\Desktop\GitHub\confosense\smart_building_conformal\outputs\matched_forecasting005\fold2_multiseed_batch_v1\attempts\2026-09-14T014217697091+0000_b2b122e2\command.log
bdg2_h6_f2_s45_v1/run,2026-09-14T014226745814+0000_674a038a,"['C:/cfs_venv/Scripts/python.exe', '-B', '-m', 'src.matched_forecasting005', 'run', '--matrix', 'C:\\Users\\nigel\\OneDrive\\Desktop\\GitHub\\confosense\\smart_building_conformal\\outputs\\amendment005\\support_design_v1\\experiment_matrix.csv', '--dataset', 'bdg2', '--horizon', '6', '--outer-fold', '2', '--model-seed', '45', '--design-dir', 'C:\\Users\\nigel\\OneDrive\\Desktop\\GitHub\\confosense\\smart_building_conformal\\protocols\\matched_forecasting005\\bdg2_h6_f2_s45_v1', '--out', 'C:\\Users\\nigel\\OneDrive\\Desktop\\GitHub\\confosense\\smart_building_conformal\\outputs\\matched_forecasting005\\bdg2_h6_f2_s45_v1', '--readiness', 'C:\\Users\\nigel\\OneDrive\\Desktop\\GitHub\\confosense\\smart_building_conformal\\protocols\\matched_forecasting005\\bdg2_h6_f2_s45_v1\\readiness.json']",C:\Users\nigel\OneDrive\Desktop\GitHub\confosense\smart_building_conformal,2026-09-14T01:42:26.745814+00:00,2026-09-14T01:48:55.233229+00:00,0,6276,11776,388.39225609999266,C:\Users\nigel\OneDrive\Desktop\GitHub\confosense\smart_building_conformal\outputs\matched_forecasting005\fold2_multiseed_batch_v1\attempts\2026-09-14T014226745814+0000_674a038a\command.log
bdg2_h6_f2_s45_v1/validate,2026-09-14T014855997625+0000_c34c336c,"['C:/cfs_venv/Scripts/python.exe', '-B', '-m', 'src.matched_forecasting005', 'validate', '--matrix', 'C:\\Users\\nigel\\OneDrive\\Desktop\\GitHub\\confosense\\smart_building_conformal\\outputs\\amendment005\\support_design_v1\\experiment_matrix.csv', '--dataset', 'bdg2', '--horizon', '6', '--outer-fold', '2', '--model-seed', '45', '--design-dir', 'C:\\Users\\nigel\\OneDrive\\Desktop\\GitHub\\confosense\\smart_building_conformal\\protocols\\matched_forecasting005\\bdg2_h6_f2_s45_v1', '--out', 'C:\\Users\\nigel\\OneDrive\\Desktop\\GitHub\\confosense\\smart_building_conformal\\outputs\\matched_forecasting005\\bdg2_h6_f2_s45_v1', '--readiness', 'C:\\Users\\nigel\\OneDrive\\Desktop\\GitHub\\confosense\\smart_building_conformal\\protocols\\matched_forecasting005\\bdg2_h6_f2_s45_v1\\readiness.json', '--receipt', 'C:\\Users\\nigel\\OneDrive\\Desktop\\GitHub\\confosense\\smart_building_conformal\\outputs\\matched_forecasting005\\fold2_multiseed_batch_v1\\receipts\\bdg2_h6_f2_s45_v1\\audit_v1']",C:\Users\nigel\OneDrive\Desktop\GitHub\confosense\smart_building_conformal,2026-09-14T01:48:55.997625+00:00,2026-09-14T01:49:24.008794+00:00,0,22268,20844,27.907083799989778,C:\Users\nigel\OneDrive\Desktop\GitHub\confosense\smart_building_conformal\outputs\matched_forecasting005\fold2_multiseed_batch_v1\attempts\2026-09-14T014855997625+0000_c34c336c\command.log
bdg2_h6_f2_s45_v1/resume,2026-09-14T014924519585+0000_5fdfa3da,"['C:/cfs_venv/Scripts/python.exe', '-B', '-m', 'src.matched_forecasting005', 'resume', '--matrix', 'C:\\Users\\nigel\\OneDrive\\Desktop\\GitHub\\confosense\\smart_building_conformal\\outputs\\amendment005\\support_design_v1\\experiment_matrix.csv', '--dataset', 'bdg2', '--horizon', '6', '--outer-fold', '2', '--model-seed', '45', '--design-dir', 'C:\\Users\\nigel\\OneDrive\\Desktop\\GitHub\\confosense\\smart_building_conformal\\protocols\\matched_forecasting005\\bdg2_h6_f2_s45_v1', '--out', 'C:\\Users\\nigel\\OneDrive\\Desktop\\GitHub\\confosense\\smart_building_conformal\\outputs\\matched_forecasting005\\bdg2_h6_f2_s45_v1', '--readiness', 'C:\\Users\\nigel\\OneDrive\\Desktop\\GitHub\\confosense\\smart_building_conformal\\protocols\\matched_forecasting005\\bdg2_h6_f2_s45_v1\\readiness.json', '--receipt', 'C:\\Users\\nigel\\OneDrive\\Desktop\\GitHub\\confosense\\smart_building_conformal\\outputs\\matched_forecasting005\\fold2_multiseed_batch_v1\\receipts\\bdg2_h6_f2_s45_v1\\resume_v1.json', '--forbid-fits']",C:\Users\nigel\OneDrive\Desktop\GitHub\confosense\smart_building_conformal,2026-09-14T01:49:24.519585+00:00,2026-09-14T01:49:45.711206+00:00,0,15996,18576,21.073821199999657,C:\Users\nigel\OneDrive\Desktop\GitHub\confosense\smart_building_conformal\outputs\matched_forecasting005\fold2_multiseed_batch_v1\attempts\2026-09-14T014924519585+0000_5fdfa3da\command.log
bdg2_h6_f2_s45_v1/groups,2026-09-14T014946971338+0000_ce8a3437,"['C:/cfs_venv/Scripts/python.exe', '-B', 'C:\\Users\\nigel\\OneDrive\\Desktop\\GitHub\\confosense\\review\\matched_fold2_multiseed_20260914\\analyze.py', 'unit', '--stem', 'bdg2_h6_f2_s45_v1', '--out', 'C:\\Users\\nigel\\OneDrive\\Desktop\\GitHub\\confosense\\smart_building_conformal\\outputs\\matched_forecasting005\\fold2_multiseed_batch_v1\\attempts\\2026-09-14T014946971338+0000_ce8a3437\\groups']",C:\Users\nigel\OneDrive\Desktop\GitHub\confosense\smart_building_conformal,2026-09-14T01:49:46.971338+00:00,2026-09-14T01:49:53.428014+00:00,0,7272,7460,6.354609100002563,C:\Users\nigel\OneDrive\Desktop\GitHub\confosense\smart_building_conformal\outputs\matched_forecasting005\fold2_multiseed_batch_v1\attempts\2026-09-14T014946971338+0000_ce8a3437\command.log
pleia_h1_f2_s45_v1/run,2026-09-14T014955977841+0000_d137441d,"['C:/cfs_venv/Scripts/python.exe', '-B', '-m', 'src.matched_forecasting005', 'run', '--matrix', 'C:\\Users\\nigel\\OneDrive\\Desktop\\GitHub\\confosense\\smart_building_conformal\\outputs\\amendment005\\support_design_v1\\experiment_matrix.csv', '--dataset', 'pleia', '--horizon', '1', '--outer-fold', '2', '--model-seed', '45', '--design-dir', 'C:\\Users\\nigel\\OneDrive\\Desktop\\GitHub\\confosense\\smart_building_conformal\\protocols\\matched_forecasting005\\pleia_h1_f2_s45_v1', '--out', 'C:\\Users\\nigel\\OneDrive\\Desktop\\GitHub\\confosense\\smart_building_conformal\\outputs\\matched_forecasting005\\pleia_h1_f2_s45_v1', '--readiness', 'C:\\Users\\nigel\\OneDrive\\Desktop\\GitHub\\confosense\\smart_building_conformal\\protocols\\matched_forecasting005\\pleia_h1_f2_s45_v1\\readiness.json']",C:\Users\nigel\OneDrive\Desktop\GitHub\confosense\smart_building_conformal,2026-09-14T01:49:55.977841+00:00,2026-09-14T01:53:45.699070+00:00,0,27172,3352,229.61475709998922,C:\Users\nigel\OneDrive\Desktop\GitHub\confosense\smart_building_conformal\outputs\matched_forecasting005\fold2_multiseed_batch_v1\attempts\2026-09-14T014955977841+0000_d137441d\command.log
pleia_h1_f2_s45_v1/validate,2026-09-14T015347232505+0000_7ca11816,"['C:/cfs_venv/Scripts/python.exe', '-B', '-m', 'src.matched_forecasting005', 'validate', '--matrix', 'C:\\Users\\nigel\\OneDrive\\Desktop\\GitHub\\confosense\\smart_building_conformal\\outputs\\amendment005\\support_design_v1\\experiment_matrix.csv', '--dataset', 'pleia', '--horizon', '1', '--outer-fold', '2', '--model-seed', '45', '--design-dir', 'C:\\Users\\nigel\\OneDrive\\Desktop\\GitHub\\confosense\\smart_building_conformal\\protocols\\matched_forecasting005\\pleia_h1_f2_s45_v1', '--out', 'C:\\Users\\nigel\\OneDrive\\Desktop\\GitHub\\confosense\\smart_building_conformal\\outputs\\matched_forecasting005\\pleia_h1_f2_s45_v1', '--readiness', 'C:\\Users\\nigel\\OneDrive\\Desktop\\GitHub\\confosense\\smart_building_conformal\\protocols\\matched_forecasting005\\pleia_h1_f2_s45_v1\\readiness.json', '--receipt', 'C:\\Users\\nigel\\OneDrive\\Desktop\\GitHub\\confosense\\smart_building_conformal\\outputs\\matched_forecasting005\\fold2_multiseed_batch_v1\\receipts\\pleia_h1_f2_s45_v1\\audit_v1']",C:\Users\nigel\OneDrive\Desktop\GitHub\confosense\smart_building_conformal,2026-09-14T01:53:47.233733+00:00,2026-09-14T01:54:02.396342+00:00,0,24768,12120,15.042298499989556,C:\Users\nigel\OneDrive\Desktop\GitHub\confosense\smart_building_conformal\outputs\matched_forecasting005\fold2_multiseed_batch_v1\attempts\2026-09-14T015347232505+0000_7ca11816\command.log
pleia_h1_f2_s45_v1/resume,2026-09-14T015403594040+0000_54ddb136,"['C:/cfs_venv/Scripts/python.exe', '-B', '-m', 'src.matched_forecasting005', 'resume', '--matrix', 'C:\\Users\\nigel\\OneDrive\\Desktop\\GitHub\\confosense\\smart_building_conformal\\outputs\\amendment005\\support_design_v1\\experiment_matrix.csv', '--dataset', 'pleia', '--horizon', '1', '--outer-fold', '2', '--model-seed', '45', '--design-dir', 'C:\\Users\\nigel\\OneDrive\\Desktop\\GitHub\\confosense\\smart_building_conformal\\protocols\\matched_forecasting005\\pleia_h1_f2_s45_v1', '--out', 'C:\\Users\\nigel\\OneDrive\\Desktop\\GitHub\\confosense\\smart_building_conformal\\outputs\\matched_forecasting005\\pleia_h1_f2_s45_v1', '--readiness', 'C:\\Users\\nigel\\OneDrive\\Desktop\\GitHub\\confosense\\smart_building_conformal\\protocols\\matched_forecasting005\\pleia_h1_f2_s45_v1\\readiness.json', '--receipt', 'C:\\Users\\nigel\\OneDrive\\Desktop\\GitHub\\confosense\\smart_building_conformal\\outputs\\matched_forecasting005\\fold2_multiseed_batch_v1\\receipts\\pleia_h1_f2_s45_v1\\resume_v1.json', '--forbid-fits']",C:\Users\nigel\OneDrive\Desktop\GitHub\confosense\smart_building_conformal,2026-09-14T01:54:03.595788+00:00,2026-09-14T01:54:16.165005+00:00,0,21088,28064,12.448852899993653,C:\Users\nigel\OneDrive\Desktop\GitHub\confosense\smart_building_conformal\outputs\matched_forecasting005\fold2_multiseed_batch_v1\attempts\2026-09-14T015403594040+0000_54ddb136\command.log
pleia_h1_f2_s45_v1/groups,2026-09-14T015417910712+0000_16910650,"['C:/cfs_venv/Scripts/python.exe', '-B', 'C:\\Users\\nigel\\OneDrive\\Desktop\\GitHub\\confosense\\review\\matched_fold2_multiseed_20260914\\analyze.py', 'unit', '--stem', 'pleia_h1_f2_s45_v1', '--out', 'C:\\Users\\nigel\\OneDrive\\Desktop\\GitHub\\confosense\\smart_building_conformal\\outputs\\matched_forecasting005\\fold2_multiseed_batch_v1\\attempts\\2026-09-14T015417910712+0000_16910650\\groups']",C:\Users\nigel\OneDrive\Desktop\GitHub\confosense\smart_building_conformal,2026-09-14T01:54:17.913894+00:00,2026-09-14T01:54:22.758913+00:00,0,28656,8072,4.7447303000080865,C:\Users\nigel\OneDrive\Desktop\GitHub\confosense\smart_building_conformal\outputs\matched_forecasting005\fold2_multiseed_batch_v1\attempts\2026-09-14T015417910712+0000_16910650\command.log
pleia_h3_f2_s45_v1/run,2026-09-14T015424952877+0000_915eed80,"['C:/cfs_venv/Scripts/python.exe', '-B', '-m', 'src.matched_forecasting005', 'run', '--matrix', 'C:\\Users\\nigel\\OneDrive\\Desktop\\GitHub\\confosense\\smart_building_conformal\\outputs\\amendment005\\support_design_v1\\experiment_matrix.csv', '--dataset', 'pleia', '--horizon', '3', '--outer-fold', '2', '--model-seed', '45', '--design-dir', 'C:\\Users\\nigel\\OneDrive\\Desktop\\GitHub\\confosense\\smart_building_conformal\\protocols\\matched_forecasting005\\pleia_h3_f2_s45_v1', '--out', 'C:\\Users\\nigel\\OneDrive\\Desktop\\GitHub\\confosense\\smart_building_conformal\\outputs\\matched_forecasting005\\pleia_h3_f2_s45_v1', '--readiness', 'C:\\Users\\nigel\\OneDrive\\Desktop\\GitHub\\confosense\\smart_building_conformal\\protocols\\matched_forecasting005\\pleia_h3_f2_s45_v1\\readiness.json']",C:\Users\nigel\OneDrive\Desktop\GitHub\confosense\smart_building_conformal,2026-09-14T01:54:24.952877+00:00,2026-09-14T01:57:56.718104+00:00,0,29324,10460,211.64764539999305,C:\Users\nigel\OneDrive\Desktop\GitHub\confosense\smart_building_conformal\outputs\matched_forecasting005\fold2_multiseed_batch_v1\attempts\2026-09-14T015424952877+0000_915eed80\command.log
pleia_h3_f2_s45_v1/validate,2026-09-14T015757964705+0000_ed91cdcb,"['C:/cfs_venv/Scripts/python.exe', '-B', '-m', 'src.matched_forecasting005', 'validate', '--matrix', 'C:\\Users\\nigel\\OneDrive\\Desktop\\GitHub\\confosense\\smart_building_conformal\\outputs\\amendment005\\support_design_v1\\experiment_matrix.csv', '--dataset', 'pleia', '--horizon', '3', '--outer-fold', '2', '--model-seed', '45', '--design-dir', 'C:\\Users\\nigel\\OneDrive\\Desktop\\GitHub\\confosense\\smart_building_conformal\\protocols\\matched_forecasting005\\pleia_h3_f2_s45_v1', '--out', 'C:\\Users\\nigel\\OneDrive\\Desktop\\GitHub\\confosense\\smart_building_conformal\\outputs\\matched_forecasting005\\pleia_h3_f2_s45_v1', '--readiness', 'C:\\Users\\nigel\\OneDrive\\Desktop\\GitHub\\confosense\\smart_building_conformal\\protocols\\matched_forecasting005\\pleia_h3_f2_s45_v1\\readiness.json', '--receipt', 'C:\\Users\\nigel\\OneDrive\\Desktop\\GitHub\\confosense\\smart_building_conformal\\outputs\\matched_forecasting005\\fold2_multiseed_batch_v1\\receipts\\pleia_h3_f2_s45_v1\\audit_v1']",C:\Users\nigel\OneDrive\Desktop\GitHub\confosense\smart_building_conformal,2026-09-14T01:57:57.965598+00:00,2026-09-14T01:58:13.978911+00:00,0,22552,25012,15.907007399990107,C:\Users\nigel\OneDrive\Desktop\GitHub\confosense\smart_building_conformal\outputs\matched_forecasting005\fold2_multiseed_batch_v1\attempts\2026-09-14T015757964705+0000_ed91cdcb\command.log
pleia_h3_f2_s45_v1/resume,2026-09-14T015814311930+0000_c82f473e,"['C:/cfs_venv/Scripts/python.exe', '-B', '-m', 'src.matched_forecasting005', 'resume', '--matrix', 'C:\\Users\\nigel\\OneDrive\\Desktop\\GitHub\\confosense\\smart_building_conformal\\outputs\\amendment005\\support_design_v1\\experiment_matrix.csv', '--dataset', 'pleia', '--horizon', '3', '--outer-fold', '2', '--model-seed', '45', '--design-dir', 'C:\\Users\\nigel\\OneDrive\\Desktop\\GitHub\\confosense\\smart_building_conformal\\protocols\\matched_forecasting005\\pleia_h3_f2_s45_v1', '--out', 'C:\\Users\\nigel\\OneDrive\\Desktop\\GitHub\\confosense\\smart_building_conformal\\outputs\\matched_forecasting005\\pleia_h3_f2_s45_v1', '--readiness', 'C:\\Users\\nigel\\OneDrive\\Desktop\\GitHub\\confosense\\smart_building_conformal\\protocols\\matched_forecasting005\\pleia_h3_f2_s45_v1\\readiness.json', '--receipt', 'C:\\Users\\nigel\\OneDrive\\Desktop\\GitHub\\confosense\\smart_building_conformal\\outputs\\matched_forecasting005\\fold2_multiseed_batch_v1\\receipts\\pleia_h3_f2_s45_v1\\resume_v1.json', '--forbid-fits']",C:\Users\nigel\OneDrive\Desktop\GitHub\confosense\smart_building_conformal,2026-09-14T01:58:14.311930+00:00,2026-09-14T01:58:26.777641+00:00,0,26976,21424,12.36447390000103,C:\Users\nigel\OneDrive\Desktop\GitHub\confosense\smart_building_conformal\outputs\matched_forecasting005\fold2_multiseed_batch_v1\attempts\2026-09-14T015814311930+0000_c82f473e\command.log
pleia_h3_f2_s45_v1/groups,2026-09-14T015828620116+0000_25b5254d,"['C:/cfs_venv/Scripts/python.exe', '-B', 'C:\\Users\\nigel\\OneDrive\\Desktop\\GitHub\\confosense\\review\\matched_fold2_multiseed_20260914\\analyze.py', 'unit', '--stem', 'pleia_h3_f2_s45_v1', '--out', 'C:\\Users\\nigel\\OneDrive\\Desktop\\GitHub\\confosense\\smart_building_conformal\\outputs\\matched_forecasting005\\fold2_multiseed_batch_v1\\attempts\\2026-09-14T015828620116+0000_25b5254d\\groups']",C:\Users\nigel\OneDrive\Desktop\GitHub\confosense\smart_building_conformal,2026-09-14T01:58:28.620116+00:00,2026-09-14T01:58:33.371471+00:00,0,4816,19120,4.6502371999959,C:\Users\nigel\OneDrive\Desktop\GitHub\confosense\smart_building_conformal\outputs\matched_forecasting005\fold2_multiseed_batch_v1\attempts\2026-09-14T015828620116+0000_25b5254d\command.log
pleia_h6_f2_s45_v1/run,2026-09-14T015835589648+0000_9c79c964,"['C:/cfs_venv/Scripts/python.exe', '-B', '-m', 'src.matched_forecasting005', 'run', '--matrix', 'C:\\Users\\nigel\\OneDrive\\Desktop\\GitHub\\confosense\\smart_building_conformal\\outputs\\amendment005\\support_design_v1\\experiment_matrix.csv', '--dataset', 'pleia', '--horizon', '6', '--outer-fold', '2', '--model-seed', '45', '--design-dir', 'C:\\Users\\nigel\\OneDrive\\Desktop\\GitHub\\confosense\\smart_building_conformal\\protocols\\matched_forecasting005\\pleia_h6_f2_s45_v1', '--out', 'C:\\Users\\nigel\\OneDrive\\Desktop\\GitHub\\confosense\\smart_building_conformal\\outputs\\matched_forecasting005\\pleia_h6_f2_s45_v1', '--readiness', 'C:\\Users\\nigel\\OneDrive\\Desktop\\GitHub\\confosense\\smart_building_conformal\\protocols\\matched_forecasting005\\pleia_h6_f2_s45_v1\\readiness.json']",C:\Users\nigel\OneDrive\Desktop\GitHub\confosense\smart_building_conformal,2026-09-14T01:58:35.589648+00:00,2026-09-14T02:00:43.701887+00:00,0,4552,21380,128.0120201999962,C:\Users\nigel\OneDrive\Desktop\GitHub\confosense\smart_building_conformal\outputs\matched_forecasting005\fold2_multiseed_batch_v1\attempts\2026-09-14T015835589648+0000_9c79c964\command.log
pleia_h6_f2_s45_v1/validate,2026-09-14T020045539962+0000_d3d3be8f,"['C:/cfs_venv/Scripts/python.exe', '-B', '-m', 'src.matched_forecasting005', 'validate', '--matrix', 'C:\\Users\\nigel\\OneDrive\\Desktop\\GitHub\\confosense\\smart_building_conformal\\outputs\\amendment005\\support_design_v1\\experiment_matrix.csv', '--dataset', 'pleia', '--horizon', '6', '--outer-fold', '2', '--model-seed', '45', '--design-dir', 'C:\\Users\\nigel\\OneDrive\\Desktop\\GitHub\\confosense\\smart_building_conformal\\protocols\\matched_forecasting005\\pleia_h6_f2_s45_v1', '--out', 'C:\\Users\\nigel\\OneDrive\\Desktop\\GitHub\\confosense\\smart_building_conformal\\outputs\\matched_forecasting005\\pleia_h6_f2_s45_v1', '--readiness', 'C:\\Users\\nigel\\OneDrive\\Desktop\\GitHub\\confosense\\smart_building_conformal\\protocols\\matched_forecasting005\\pleia_h6_f2_s45_v1\\readiness.json', '--receipt', 'C:\\Users\\nigel\\OneDrive\\Desktop\\GitHub\\confosense\\smart_building_conformal\\outputs\\matched_forecasting005\\fold2_multiseed_batch_v1\\receipts\\pleia_h6_f2_s45_v1\\audit_v1']",C:\Users\nigel\OneDrive\Desktop\GitHub\confosense\smart_building_conformal,2026-09-14T02:00:45.539962+00:00,2026-09-14T02:01:01.349976+00:00,0,11952,12056,15.701756900001783,C:\Users\nigel\OneDrive\Desktop\GitHub\confosense\smart_building_conformal\outputs\matched_forecasting005\fold2_multiseed_batch_v1\attempts\2026-09-14T020045539962+0000_d3d3be8f\command.log
pleia_h6_f2_s45_v1/resume,2026-09-14T020101927137+0000_d3430955,"['C:/cfs_venv/Scripts/python.exe', '-B', '-m', 'src.matched_forecasting005', 'resume', '--matrix', 'C:\\Users\\nigel\\OneDrive\\Desktop\\GitHub\\confosense\\smart_building_conformal\\outputs\\amendment005\\support_design_v1\\experiment_matrix.csv', '--dataset', 'pleia', '--horizon', '6', '--outer-fold', '2', '--model-seed', '45', '--design-dir', 'C:\\Users\\nigel\\OneDrive\\Desktop\\GitHub\\confosense\\smart_building_conformal\\protocols\\matched_forecasting005\\pleia_h6_f2_s45_v1', '--out', 'C:\\Users\\nigel\\OneDrive\\Desktop\\GitHub\\confosense\\smart_building_conformal\\outputs\\matched_forecasting005\\pleia_h6_f2_s45_v1', '--readiness', 'C:\\Users\\nigel\\OneDrive\\Desktop\\GitHub\\confosense\\smart_building_conformal\\protocols\\matched_forecasting005\\pleia_h6_f2_s45_v1\\readiness.json', '--receipt', 'C:\\Users\\nigel\\OneDrive\\Desktop\\GitHub\\confosense\\smart_building_conformal\\outputs\\matched_forecasting005\\fold2_multiseed_batch_v1\\receipts\\pleia_h6_f2_s45_v1\\resume_v1.json', '--forbid-fits']",C:\Users\nigel\OneDrive\Desktop\GitHub\confosense\smart_building_conformal,2026-09-14T02:01:01.928136+00:00,2026-09-14T02:01:14.808344+00:00,0,23472,4692,12.773449000000255,C:\Users\nigel\OneDrive\Desktop\GitHub\confosense\smart_building_conformal\outputs\matched_forecasting005\fold2_multiseed_batch_v1\attempts\2026-09-14T020101927137+0000_d3430955\command.log
pleia_h6_f2_s45_v1/groups,2026-09-14T020116252602+0000_20789c6a,"['C:/cfs_venv/Scripts/python.exe', '-B', 'C:\\Users\\nigel\\OneDrive\\Desktop\\GitHub\\confosense\\review\\matched_fold2_multiseed_20260914\\analyze.py', 'unit', '--stem', 'pleia_h6_f2_s45_v1', '--out', 'C:\\Users\\nigel\\OneDrive\\Desktop\\GitHub\\confosense\\smart_building_conformal\\outputs\\matched_forecasting005\\fold2_multiseed_batch_v1\\attempts\\2026-09-14T020116252602+0000_20789c6a\\groups']",C:\Users\nigel\OneDrive\Desktop\GitHub\confosense\smart_building_conformal,2026-09-14T02:01:16.258763+00:00,2026-09-14T02:01:21.153174+00:00,0,29440,28252,4.777979799997411,C:\Users\nigel\OneDrive\Desktop\GitHub\confosense\smart_building_conformal\outputs\matched_forecasting005\fold2_multiseed_batch_v1\attempts\2026-09-14T020116252602+0000_20789c6a\command.log
