control_id,rule_id,channel,family,severity,scheduled,effective,null,aliases,effective_contexts,supported,recall,misses,detected,detected_delay_median,detected_delay_q90,restricted_mean_detection_minutes
cqr_rolling,180min_3of18,availability_only,random_missing,0.5,136,63,73,73,50,True,0.03,61,2,40.0,48.0,107.8
cqr_rolling,180min_3of18,availability_only,random_missing,1.0,136,105,31,44,64,True,0.140625,90,15,40.0,50.0,100.234375
cqr_rolling,180min_3of18,availability_only,random_missing,2.0,136,126,10,15,68,True,0.47794117647058826,66,60,40.0,50.0,75.73529411764706
cqr_rolling,180min_3of18,availability_only,block_missing,0.5,136,136,0,76,68,True,0.0,136,0,,,110.0
cqr_rolling,180min_3of18,availability_only,block_missing,1.0,136,136,0,72,68,True,1.0,0,136,30.0,30.0,30.0
cqr_rolling,180min_3of18,availability_only,block_missing,2.0,136,136,0,68,68,True,1.0,0,136,20.0,20.0,20.0
cqr_rolling,180min_3of18,availability_only,stuck,0.5,136,136,0,68,68,True,0.0,136,0,,,110.0
cqr_rolling,180min_3of18,availability_only,stuck,1.0,136,136,0,71,68,True,0.0,136,0,,,110.0
cqr_rolling,180min_3of18,availability_only,stuck,2.0,136,136,0,68,68,True,0.0,136,0,,,110.0
cqr_rolling,180min_3of18,availability_only,dropout,0.5,136,136,0,69,68,True,0.0,136,0,,,110.0
cqr_rolling,180min_3of18,availability_only,dropout,1.0,136,136,0,69,68,True,0.0,136,0,,,110.0
cqr_rolling,180min_3of18,availability_only,dropout,2.0,136,136,0,70,68,True,0.0,136,0,,,110.0
cqr_rolling,180min_3of18,availability_only,bias,0.5,136,136,0,0,68,True,0.0,136,0,,,110.0
cqr_rolling,180min_3of18,availability_only,bias,1.0,136,136,0,0,68,True,0.0,136,0,,,110.0
cqr_rolling,180min_3of18,availability_only,bias,2.0,136,136,0,0,68,True,0.0,136,0,,,110.0
cqr_rolling,180min_3of18,availability_only,level_shift,0.5,136,136,0,0,68,True,0.0,136,0,,,110.0
cqr_rolling,180min_3of18,availability_only,level_shift,1.0,136,136,0,0,68,True,0.0,136,0,,,110.0
cqr_rolling,180min_3of18,availability_only,level_shift,2.0,136,136,0,0,68,True,0.0,136,0,,,110.0
cqr_rolling,180min_3of18,availability_only,drift,0.5,136,136,0,0,68,True,0.0,136,0,,,110.0
cqr_rolling,180min_3of18,availability_only,drift,1.0,136,136,0,0,68,True,0.0,136,0,,,110.0
cqr_rolling,180min_3of18,availability_only,drift,2.0,136,136,0,0,68,True,0.0,136,0,,,110.0
cqr_rolling,180min_3of18,combined,random_missing,0.5,136,63,73,73,50,True,0.37,41,22,30.0,89.00000000000003,79.7
cqr_rolling,180min_3of18,combined,random_missing,1.0,136,105,31,44,64,True,0.40625,64,41,40.0,90.0,80.3125
cqr_rolling,180min_3of18,combined,random_missing,2.0,136,126,10,15,68,True,0.5,62,64,30.0,50.0,69.70588235294117
cqr_rolling,180min_3of18,combined,block_missing,0.5,136,136,0,76,68,True,0.4117647058823529,80,56,30.0,90.0,78.97058823529412
cqr_rolling,180min_3of18,combined,block_missing,1.0,136,136,0,72,68,True,0.6176470588235294,52,84,25.0,30.0,55.588235294117645
cqr_rolling,180min_3of18,combined,block_missing,2.0,136,136,0,68,68,True,0.6029411764705882,54,82,20.0,20.0,51.61764705882353
cqr_rolling,180min_3of18,combined,stuck,0.5,136,136,0,68,68,True,0.16176470588235295,114,22,50.0,100.0,99.70588235294117
cqr_rolling,180min_3of18,combined,stuck,1.0,136,136,0,71,68,True,0.20588235294117646,108,28,55.0,100.0,98.67647058823529
cqr_rolling,180min_3of18,combined,stuck,2.0,136,136,0,68,68,True,0.14705882352941177,116,20,100.0,110.0,105.58823529411765
cqr_rolling,180min_3of18,combined,dropout,0.5,136,136,0,69,68,True,0.47058823529411764,72,64,30.0,80.0,76.32352941176471
cqr_rolling,180min_3of18,combined,dropout,1.0,136,136,0,69,68,True,0.5882352941176471,56,80,30.0,30.0,59.411764705882355
cqr_rolling,180min_3of18,combined,dropout,2.0,136,136,0,70,68,True,0.5735294117647058,58,78,20.0,20.0,55.588235294117645
cqr_rolling,180min_3of18,combined,bias,0.5,136,136,0,0,68,True,0.35294117647058826,88,48,50.0,90.0,87.5
cqr_rolling,180min_3of18,combined,bias,1.0,136,136,0,0,68,True,0.40441176470588236,81,55,30.0,80.0,80.29411764705883
cqr_rolling,180min_3of18,combined,bias,2.0,136,136,0,0,68,True,0.45588235294117646,74,62,30.0,90.0,77.86764705882354
cqr_rolling,180min_3of18,combined,level_shift,0.5,136,136,0,0,68,True,0.3382352941176471,90,46,45.0,100.0,90.36764705882354
cqr_rolling,180min_3of18,combined,level_shift,1.0,136,136,0,0,68,True,0.36764705882352944,86,50,20.0,90.0,81.91176470588235
cqr_rolling,180min_3of18,combined,level_shift,2.0,136,136,0,0,68,True,0.4264705882352941,78,58,20.0,70.0,74.70588235294117
cqr_rolling,180min_3of18,combined,drift,0.5,136,136,0,0,68,True,0.3382352941176471,90,46,55.0,100.0,92.86764705882354
cqr_rolling,180min_3of18,combined,drift,1.0,136,136,0,0,68,True,0.39705882352941174,82,54,40.0,90.0,83.75
cqr_rolling,180min_3of18,combined,drift,2.0,136,136,0,0,68,True,0.40441176470588236,81,55,30.0,86.00000000000001,81.61764705882354
cqr_rolling,180min_3of18,numerical_only,random_missing,0.5,136,63,73,73,50,True,0.17,54,9,40.0,102.0,98.8
cqr_rolling,180min_3of18,numerical_only,random_missing,1.0,136,105,31,44,64,True,0.140625,93,12,40.0,88.0,100.46875
cqr_rolling,180min_3of18,numerical_only,random_missing,2.0,136,126,10,15,68,True,0.18382352941176472,103,23,50.0,100.0,99.48529411764706
cqr_rolling,180min_3of18,numerical_only,block_missing,0.5,136,136,0,76,68,True,0.14705882352941177,116,20,55.0,100.0,101.02941176470588
cqr_rolling,180min_3of18,numerical_only,block_missing,1.0,136,136,0,72,68,True,0.17647058823529413,112,24,65.0,100.0,101.32352941176471
cqr_rolling,180min_3of18,numerical_only,block_missing,2.0,136,136,0,68,68,True,0.1323529411764706,118,18,100.0,110.0,107.5
cqr_rolling,180min_3of18,numerical_only,stuck,0.5,136,136,0,68,68,True,0.16176470588235295,114,22,50.0,100.0,99.70588235294117
cqr_rolling,180min_3of18,numerical_only,stuck,1.0,136,136,0,71,68,True,0.20588235294117646,108,28,55.0,100.0,98.67647058823529
cqr_rolling,180min_3of18,numerical_only,stuck,2.0,136,136,0,68,68,True,0.14705882352941177,116,20,100.0,110.0,105.58823529411765
cqr_rolling,180min_3of18,numerical_only,dropout,0.5,136,136,0,69,68,True,0.47058823529411764,72,64,30.0,80.0,76.32352941176471
cqr_rolling,180min_3of18,numerical_only,dropout,1.0,136,136,0,69,68,True,0.5882352941176471,56,80,30.0,30.0,59.411764705882355
cqr_rolling,180min_3of18,numerical_only,dropout,2.0,136,136,0,70,68,True,0.5735294117647058,58,78,20.0,20.0,55.588235294117645
cqr_rolling,180min_3of18,numerical_only,bias,0.5,136,136,0,0,68,True,0.35294117647058826,88,48,50.0,90.0,87.5
cqr_rolling,180min_3of18,numerical_only,bias,1.0,136,136,0,0,68,True,0.40441176470588236,81,55,30.0,80.0,80.29411764705883
cqr_rolling,180min_3of18,numerical_only,bias,2.0,136,136,0,0,68,True,0.45588235294117646,74,62,30.0,90.0,77.86764705882354
cqr_rolling,180min_3of18,numerical_only,level_shift,0.5,136,136,0,0,68,True,0.3382352941176471,90,46,45.0,100.0,90.36764705882354
cqr_rolling,180min_3of18,numerical_only,level_shift,1.0,136,136,0,0,68,True,0.36764705882352944,86,50,20.0,90.0,81.91176470588235
cqr_rolling,180min_3of18,numerical_only,level_shift,2.0,136,136,0,0,68,True,0.4264705882352941,78,58,20.0,70.0,74.70588235294117
cqr_rolling,180min_3of18,numerical_only,drift,0.5,136,136,0,0,68,True,0.3382352941176471,90,46,55.0,100.0,92.86764705882354
cqr_rolling,180min_3of18,numerical_only,drift,1.0,136,136,0,0,68,True,0.39705882352941174,82,54,40.0,90.0,83.75
cqr_rolling,180min_3of18,numerical_only,drift,2.0,136,136,0,0,68,True,0.40441176470588236,81,55,30.0,86.00000000000001,81.61764705882354
cqr_rolling,30min_3of3,availability_only,random_missing,0.5,136,63,73,73,50,True,0.01,62,1,50.0,50.0,109.4
cqr_rolling,30min_3of3,availability_only,random_missing,1.0,136,105,31,44,64,True,0.0546875,99,6,45.0,50.0,106.328125
cqr_rolling,30min_3of3,availability_only,random_missing,2.0,136,126,10,15,68,True,0.19852941176470587,102,24,30.0,50.0,94.63235294117646
cqr_rolling,30min_3of3,availability_only,block_missing,0.5,136,136,0,76,68,True,0.0,136,0,,,110.0
cqr_rolling,30min_3of3,availability_only,block_missing,1.0,136,136,0,72,68,True,1.0,0,136,30.0,30.0,30.0
cqr_rolling,30min_3of3,availability_only,block_missing,2.0,136,136,0,68,68,True,1.0,0,136,20.0,20.0,20.0
cqr_rolling,30min_3of3,availability_only,stuck,0.5,136,136,0,68,68,True,0.0,136,0,,,110.0
cqr_rolling,30min_3of3,availability_only,stuck,1.0,136,136,0,71,68,True,0.0,136,0,,,110.0
cqr_rolling,30min_3of3,availability_only,stuck,2.0,136,136,0,68,68,True,0.0,136,0,,,110.0
cqr_rolling,30min_3of3,availability_only,dropout,0.5,136,136,0,69,68,True,0.0,136,0,,,110.0
cqr_rolling,30min_3of3,availability_only,dropout,1.0,136,136,0,69,68,True,0.0,136,0,,,110.0
cqr_rolling,30min_3of3,availability_only,dropout,2.0,136,136,0,70,68,True,0.0,136,0,,,110.0
cqr_rolling,30min_3of3,availability_only,bias,0.5,136,136,0,0,68,True,0.0,136,0,,,110.0
cqr_rolling,30min_3of3,availability_only,bias,1.0,136,136,0,0,68,True,0.0,136,0,,,110.0
cqr_rolling,30min_3of3,availability_only,bias,2.0,136,136,0,0,68,True,0.0,136,0,,,110.0
cqr_rolling,30min_3of3,availability_only,level_shift,0.5,136,136,0,0,68,True,0.0,136,0,,,110.0
cqr_rolling,30min_3of3,availability_only,level_shift,1.0,136,136,0,0,68,True,0.0,136,0,,,110.0
cqr_rolling,30min_3of3,availability_only,level_shift,2.0,136,136,0,0,68,True,0.0,136,0,,,110.0
cqr_rolling,30min_3of3,availability_only,drift,0.5,136,136,0,0,68,True,0.0,136,0,,,110.0
cqr_rolling,30min_3of3,availability_only,drift,1.0,136,136,0,0,68,True,0.0,136,0,,,110.0
cqr_rolling,30min_3of3,availability_only,drift,2.0,136,136,0,0,68,True,0.0,136,0,,,110.0
cqr_rolling,30min_3of3,combined,random_missing,0.5,136,63,73,73,50,True,0.14,55,8,50.0,96.0,100.8
cqr_rolling,30min_3of3,combined,random_missing,1.0,136,105,31,44,64,True,0.21875,82,23,30.0,50.0,92.734375
cqr_rolling,30min_3of3,combined,random_missing,2.0,136,126,10,15,68,True,0.38235294117647056,78,48,30.0,50.0,80.36764705882354
cqr_rolling,30min_3of3,combined,block_missing,0.5,136,136,0,76,68,True,0.25,102,34,30.0,74.99999999999997,91.32352941176471
cqr_rolling,30min_3of3,combined,block_missing,1.0,136,136,0,72,68,True,1.0,0,136,30.0,30.0,27.794117647058822
cqr_rolling,30min_3of3,combined,block_missing,2.0,136,136,0,68,68,True,1.0,0,136,20.0,20.0,17.5
cqr_rolling,30min_3of3,combined,stuck,0.5,136,136,0,68,68,True,0.07352941176470588,126,10,10.0,90.0,104.70588235294117
cqr_rolling,30min_3of3,combined,stuck,1.0,136,136,0,71,68,True,0.07352941176470588,126,10,70.0,90.0,105.58823529411765
cqr_rolling,30min_3of3,combined,stuck,2.0,136,136,0,68,68,True,0.07352941176470588,126,10,90.0,110.0,106.47058823529412
cqr_rolling,30min_3of3,combined,dropout,0.5,136,136,0,69,68,True,0.19117647058823528,110,26,30.0,80.0,95.29411764705883
cqr_rolling,30min_3of3,combined,dropout,1.0,136,136,0,69,68,True,0.7058823529411765,40,96,30.0,30.0,51.76470588235294
cqr_rolling,30min_3of3,combined,dropout,2.0,136,136,0,70,68,True,0.75,34,102,20.0,20.0,40.294117647058826
cqr_rolling,30min_3of3,combined,bias,0.5,136,136,0,0,68,True,0.17647058823529413,112,24,30.0,90.0,97.6470588235294
cqr_rolling,30min_3of3,combined,bias,1.0,136,136,0,0,68,True,0.36764705882352944,86,50,30.0,34.00000000000006,81.25
cqr_rolling,30min_3of3,combined,bias,2.0,136,136,0,0,68,True,0.4117647058823529,80,56,30.0,30.0,77.05882352941177
cqr_rolling,30min_3of3,combined,level_shift,0.5,136,136,0,0,68,True,0.14705882352941177,116,20,20.0,110.0,99.48529411764706
cqr_rolling,30min_3of3,combined,level_shift,1.0,136,136,0,0,68,True,0.33088235294117646,91,45,20.0,26.000000000000014,81.61764705882354
cqr_rolling,30min_3of3,combined,level_shift,2.0,136,136,0,0,68,True,0.40441176470588236,81,55,20.0,30.0,73.6029411764706
cqr_rolling,30min_3of3,combined,drift,0.5,136,136,0,0,68,True,0.125,119,17,50.0,110.0,102.57352941176471
cqr_rolling,30min_3of3,combined,drift,1.0,136,136,0,0,68,True,0.3014705882352941,95,41,30.0,50.0,87.13235294117646
cqr_rolling,30min_3of3,combined,drift,2.0,136,136,0,0,68,True,0.3382352941176471,90,46,30.0,40.0,82.57352941176471
cqr_rolling,30min_3of3,numerical_only,random_missing,0.5,136,63,73,73,50,True,0.06,60,3,90.0,106.0,107.4
cqr_rolling,30min_3of3,numerical_only,random_missing,1.0,136,105,31,44,64,True,0.078125,99,6,25.0,70.0,103.671875
cqr_rolling,30min_3of3,numerical_only,random_missing,2.0,136,126,10,15,68,True,0.051470588235294115,119,7,90.0,98.0,107.79411764705883
cqr_rolling,30min_3of3,numerical_only,block_missing,0.5,136,136,0,76,68,True,0.07352941176470588,126,10,10.0,90.0,104.70588235294117
cqr_rolling,30min_3of3,numerical_only,block_missing,1.0,136,136,0,72,68,True,0.07352941176470588,126,10,70.0,90.0,105.58823529411765
cqr_rolling,30min_3of3,numerical_only,block_missing,2.0,136,136,0,68,68,True,0.04411764705882353,130,6,100.0,110.0,109.55882352941177
cqr_rolling,30min_3of3,numerical_only,stuck,0.5,136,136,0,68,68,True,0.07352941176470588,126,10,10.0,90.0,104.70588235294117
cqr_rolling,30min_3of3,numerical_only,stuck,1.0,136,136,0,71,68,True,0.07352941176470588,126,10,70.0,90.0,105.58823529411765
cqr_rolling,30min_3of3,numerical_only,stuck,2.0,136,136,0,68,68,True,0.07352941176470588,126,10,90.0,110.0,106.47058823529412
cqr_rolling,30min_3of3,numerical_only,dropout,0.5,136,136,0,69,68,True,0.19117647058823528,110,26,30.0,80.0,95.29411764705883
cqr_rolling,30min_3of3,numerical_only,dropout,1.0,136,136,0,69,68,True,0.7058823529411765,40,96,30.0,30.0,51.76470588235294
cqr_rolling,30min_3of3,numerical_only,dropout,2.0,136,136,0,70,68,True,0.75,34,102,20.0,20.0,40.294117647058826
cqr_rolling,30min_3of3,numerical_only,bias,0.5,136,136,0,0,68,True,0.17647058823529413,112,24,30.0,90.0,97.6470588235294
cqr_rolling,30min_3of3,numerical_only,bias,1.0,136,136,0,0,68,True,0.36764705882352944,86,50,30.0,34.00000000000006,81.25
cqr_rolling,30min_3of3,numerical_only,bias,2.0,136,136,0,0,68,True,0.4117647058823529,80,56,30.0,30.0,77.05882352941177
cqr_rolling,30min_3of3,numerical_only,level_shift,0.5,136,136,0,0,68,True,0.14705882352941177,116,20,20.0,110.0,99.48529411764706
cqr_rolling,30min_3of3,numerical_only,level_shift,1.0,136,136,0,0,68,True,0.33088235294117646,91,45,20.0,26.000000000000014,81.61764705882354
cqr_rolling,30min_3of3,numerical_only,level_shift,2.0,136,136,0,0,68,True,0.40441176470588236,81,55,20.0,30.0,73.6029411764706
cqr_rolling,30min_3of3,numerical_only,drift,0.5,136,136,0,0,68,True,0.125,119,17,50.0,110.0,102.57352941176471
cqr_rolling,30min_3of3,numerical_only,drift,1.0,136,136,0,0,68,True,0.3014705882352941,95,41,30.0,50.0,87.13235294117646
cqr_rolling,30min_3of3,numerical_only,drift,2.0,136,136,0,0,68,True,0.3382352941176471,90,46,30.0,40.0,82.57352941176471
cqr_rolling,360min_4of36,availability_only,random_missing,0.5,136,63,73,73,50,True,0.0,63,0,,,110.0
cqr_rolling,360min_4of36,availability_only,random_missing,1.0,136,105,31,44,64,True,0.046875,100,5,50.0,50.0,107.109375
cqr_rolling,360min_4of36,availability_only,random_missing,2.0,136,126,10,15,68,True,0.20588235294117646,101,25,50.0,50.0,96.61764705882354
cqr_rolling,360min_4of36,availability_only,block_missing,0.5,136,136,0,76,68,True,0.0,136,0,,,110.0
cqr_rolling,360min_4of36,availability_only,block_missing,1.0,136,136,0,72,68,True,0.0,136,0,,,110.0
cqr_rolling,360min_4of36,availability_only,block_missing,2.0,136,136,0,68,68,True,1.0,0,136,30.0,30.0,30.0
cqr_rolling,360min_4of36,availability_only,stuck,0.5,136,136,0,68,68,True,0.0,136,0,,,110.0
cqr_rolling,360min_4of36,availability_only,stuck,1.0,136,136,0,71,68,True,0.0,136,0,,,110.0
cqr_rolling,360min_4of36,availability_only,stuck,2.0,136,136,0,68,68,True,0.0,136,0,,,110.0
cqr_rolling,360min_4of36,availability_only,dropout,0.5,136,136,0,69,68,True,0.0,136,0,,,110.0
cqr_rolling,360min_4of36,availability_only,dropout,1.0,136,136,0,69,68,True,0.0,136,0,,,110.0
cqr_rolling,360min_4of36,availability_only,dropout,2.0,136,136,0,70,68,True,0.0,136,0,,,110.0
cqr_rolling,360min_4of36,availability_only,bias,0.5,136,136,0,0,68,True,0.0,136,0,,,110.0
cqr_rolling,360min_4of36,availability_only,bias,1.0,136,136,0,0,68,True,0.0,136,0,,,110.0
cqr_rolling,360min_4of36,availability_only,bias,2.0,136,136,0,0,68,True,0.0,136,0,,,110.0
cqr_rolling,360min_4of36,availability_only,level_shift,0.5,136,136,0,0,68,True,0.0,136,0,,,110.0
cqr_rolling,360min_4of36,availability_only,level_shift,1.0,136,136,0,0,68,True,0.0,136,0,,,110.0
cqr_rolling,360min_4of36,availability_only,level_shift,2.0,136,136,0,0,68,True,0.0,136,0,,,110.0
cqr_rolling,360min_4of36,availability_only,drift,0.5,136,136,0,0,68,True,0.0,136,0,,,110.0
cqr_rolling,360min_4of36,availability_only,drift,1.0,136,136,0,0,68,True,0.0,136,0,,,110.0
cqr_rolling,360min_4of36,availability_only,drift,2.0,136,136,0,0,68,True,0.0,136,0,,,110.0
cqr_rolling,360min_4of36,combined,random_missing,0.5,136,63,73,73,50,True,0.27,48,15,50.0,86.0,90.6
cqr_rolling,360min_4of36,combined,random_missing,1.0,136,105,31,44,64,True,0.2578125,80,25,30.0,68.00000000000004,89.609375
cqr_rolling,360min_4of36,combined,random_missing,2.0,136,126,10,15,68,True,0.34558823529411764,83,43,30.0,50.0,81.98529411764706
cqr_rolling,360min_4of36,combined,block_missing,0.5,136,136,0,76,68,True,0.29411764705882354,96,40,30.0,63.00000000000004,87.20588235294117
cqr_rolling,360min_4of36,combined,block_missing,1.0,136,136,0,72,68,True,0.38235294117647056,84,52,20.0,30.0,76.76470588235294
cqr_rolling,360min_4of36,combined,block_missing,2.0,136,136,0,68,68,True,0.47058823529411764,72,64,20.0,30.0,65.44117647058823
cqr_rolling,360min_4of36,combined,stuck,0.5,136,136,0,68,68,True,0.08823529411764706,124,12,80.0,100.0,105.58823529411765
cqr_rolling,360min_4of36,combined,stuck,1.0,136,136,0,71,68,True,0.08823529411764706,124,12,80.0,100.0,105.58823529411765
cqr_rolling,360min_4of36,combined,stuck,2.0,136,136,0,68,68,True,0.058823529411764705,128,8,100.0,110.0,108.08823529411765
cqr_rolling,360min_4of36,combined,dropout,0.5,136,136,0,69,68,True,0.3235294117647059,92,44,30.0,80.0,86.91176470588235
cqr_rolling,360min_4of36,combined,dropout,1.0,136,136,0,69,68,True,0.4117647058823529,80,56,20.0,65.0,76.47058823529412
cqr_rolling,360min_4of36,combined,dropout,2.0,136,136,0,70,68,True,0.4852941176470588,70,66,20.0,30.0,65.1470588235294
cqr_rolling,360min_4of36,combined,bias,0.5,136,136,0,0,68,True,0.2867647058823529,97,39,30.0,90.0,91.98529411764706
cqr_rolling,360min_4of36,combined,bias,1.0,136,136,0,0,68,True,0.34558823529411764,89,47,30.0,90.0,85.1470588235294
cqr_rolling,360min_4of36,combined,bias,2.0,136,136,0,0,68,True,0.3161764705882353,93,43,30.0,58.00000000000004,85.0
cqr_rolling,360min_4of36,combined,level_shift,0.5,136,136,0,0,68,True,0.25735294117647056,101,35,40.0,96.00000000000001,93.23529411764706
cqr_rolling,360min_4of36,combined,level_shift,1.0,136,136,0,0,68,True,0.2867647058823529,97,39,20.0,80.0,87.05882352941177
cqr_rolling,360min_4of36,combined,level_shift,2.0,136,136,0,0,68,True,0.36764705882352944,86,50,20.0,90.0,80.73529411764706
cqr_rolling,360min_4of36,combined,drift,0.5,136,136,0,0,68,True,0.23529411764705882,104,32,50.0,109.00000000000003,96.25
cqr_rolling,360min_4of36,combined,drift,1.0,136,136,0,0,68,True,0.29411764705882354,96,40,35.0,82.00000000000003,89.11764705882354
cqr_rolling,360min_4of36,combined,drift,2.0,136,136,0,0,68,True,0.3088235294117647,94,42,30.0,68.99999999999999,86.17647058823529
cqr_rolling,360min_4of36,numerical_only,random_missing,0.5,136,63,73,73,50,True,0.12,57,6,75.0,100.0,103.8
cqr_rolling,360min_4of36,numerical_only,random_missing,1.0,136,105,31,44,64,True,0.09375,96,9,80.0,100.0,105.15625
cqr_rolling,360min_4of36,numerical_only,random_missing,2.0,136,126,10,15,68,True,0.10294117647058823,112,14,75.0,100.0,104.55882352941177
cqr_rolling,360min_4of36,numerical_only,block_missing,0.5,136,136,0,76,68,True,0.08823529411764706,124,12,80.0,100.0,105.58823529411765
cqr_rolling,360min_4of36,numerical_only,block_missing,1.0,136,136,0,72,68,True,0.08823529411764706,124,12,80.0,100.0,105.58823529411765
cqr_rolling,360min_4of36,numerical_only,block_missing,2.0,136,136,0,68,68,True,0.04411764705882353,130,6,100.0,110.0,109.70588235294117
cqr_rolling,360min_4of36,numerical_only,stuck,0.5,136,136,0,68,68,True,0.08823529411764706,124,12,80.0,100.0,105.58823529411765
cqr_rolling,360min_4of36,numerical_only,stuck,1.0,136,136,0,71,68,True,0.08823529411764706,124,12,80.0,100.0,105.58823529411765
cqr_rolling,360min_4of36,numerical_only,stuck,2.0,136,136,0,68,68,True,0.058823529411764705,128,8,100.0,110.0,108.08823529411765
cqr_rolling,360min_4of36,numerical_only,dropout,0.5,136,136,0,69,68,True,0.3235294117647059,92,44,30.0,80.0,86.91176470588235
cqr_rolling,360min_4of36,numerical_only,dropout,1.0,136,136,0,69,68,True,0.4117647058823529,80,56,20.0,65.0,76.47058823529412
cqr_rolling,360min_4of36,numerical_only,dropout,2.0,136,136,0,70,68,True,0.4852941176470588,70,66,20.0,30.0,65.1470588235294
cqr_rolling,360min_4of36,numerical_only,bias,0.5,136,136,0,0,68,True,0.2867647058823529,97,39,30.0,90.0,91.98529411764706
cqr_rolling,360min_4of36,numerical_only,bias,1.0,136,136,0,0,68,True,0.34558823529411764,89,47,30.0,90.0,85.1470588235294
cqr_rolling,360min_4of36,numerical_only,bias,2.0,136,136,0,0,68,True,0.3161764705882353,93,43,30.0,58.00000000000004,85.0
cqr_rolling,360min_4of36,numerical_only,level_shift,0.5,136,136,0,0,68,True,0.25735294117647056,101,35,40.0,96.00000000000001,93.23529411764706
cqr_rolling,360min_4of36,numerical_only,level_shift,1.0,136,136,0,0,68,True,0.2867647058823529,97,39,20.0,80.0,87.05882352941177
cqr_rolling,360min_4of36,numerical_only,level_shift,2.0,136,136,0,0,68,True,0.36764705882352944,86,50,20.0,90.0,80.73529411764706
cqr_rolling,360min_4of36,numerical_only,drift,0.5,136,136,0,0,68,True,0.23529411764705882,104,32,50.0,109.00000000000003,96.25
cqr_rolling,360min_4of36,numerical_only,drift,1.0,136,136,0,0,68,True,0.29411764705882354,96,40,35.0,82.00000000000003,89.11764705882354
cqr_rolling,360min_4of36,numerical_only,drift,2.0,136,136,0,0,68,True,0.3088235294117647,94,42,30.0,68.99999999999999,86.17647058823529
cqr_rolling,60min_4of6,availability_only,random_missing,0.5,136,63,73,73,50,True,0.0,63,0,,,110.0
cqr_rolling,60min_4of6,availability_only,random_missing,1.0,136,105,31,44,64,True,0.046875,100,5,50.0,50.0,107.109375
cqr_rolling,60min_4of6,availability_only,random_missing,2.0,136,126,10,15,68,True,0.20588235294117646,101,25,50.0,50.0,96.61764705882354
cqr_rolling,60min_4of6,availability_only,block_missing,0.5,136,136,0,76,68,True,0.0,136,0,,,110.0
cqr_rolling,60min_4of6,availability_only,block_missing,1.0,136,136,0,72,68,True,0.0,136,0,,,110.0
cqr_rolling,60min_4of6,availability_only,block_missing,2.0,136,136,0,68,68,True,1.0,0,136,30.0,30.0,30.0
cqr_rolling,60min_4of6,availability_only,stuck,0.5,136,136,0,68,68,True,0.0,136,0,,,110.0
cqr_rolling,60min_4of6,availability_only,stuck,1.0,136,136,0,71,68,True,0.0,136,0,,,110.0
cqr_rolling,60min_4of6,availability_only,stuck,2.0,136,136,0,68,68,True,0.0,136,0,,,110.0
cqr_rolling,60min_4of6,availability_only,dropout,0.5,136,136,0,69,68,True,0.0,136,0,,,110.0
cqr_rolling,60min_4of6,availability_only,dropout,1.0,136,136,0,69,68,True,0.0,136,0,,,110.0
cqr_rolling,60min_4of6,availability_only,dropout,2.0,136,136,0,70,68,True,0.0,136,0,,,110.0
cqr_rolling,60min_4of6,availability_only,bias,0.5,136,136,0,0,68,True,0.0,136,0,,,110.0
cqr_rolling,60min_4of6,availability_only,bias,1.0,136,136,0,0,68,True,0.0,136,0,,,110.0
cqr_rolling,60min_4of6,availability_only,bias,2.0,136,136,0,0,68,True,0.0,136,0,,,110.0
cqr_rolling,60min_4of6,availability_only,level_shift,0.5,136,136,0,0,68,True,0.0,136,0,,,110.0
cqr_rolling,60min_4of6,availability_only,level_shift,1.0,136,136,0,0,68,True,0.0,136,0,,,110.0
cqr_rolling,60min_4of6,availability_only,level_shift,2.0,136,136,0,0,68,True,0.0,136,0,,,110.0
cqr_rolling,60min_4of6,availability_only,drift,0.5,136,136,0,0,68,True,0.0,136,0,,,110.0
cqr_rolling,60min_4of6,availability_only,drift,1.0,136,136,0,0,68,True,0.0,136,0,,,110.0
cqr_rolling,60min_4of6,availability_only,drift,2.0,136,136,0,0,68,True,0.0,136,0,,,110.0
cqr_rolling,60min_4of6,combined,random_missing,0.5,136,63,73,73,50,True,0.18,52,11,40.0,90.0,98.0
cqr_rolling,60min_4of6,combined,random_missing,1.0,136,105,31,44,64,True,0.2265625,81,24,50.0,83.99999999999999,94.921875
cqr_rolling,60min_4of6,combined,random_missing,2.0,136,126,10,15,68,True,0.47058823529411764,68,58,40.0,60.0,77.57352941176471
cqr_rolling,60min_4of6,combined,block_missing,0.5,136,136,0,76,68,True,0.25,102,34,30.0,70.0,92.6470588235294
cqr_rolling,60min_4of6,combined,block_missing,1.0,136,136,0,72,68,True,0.5294117647058824,64,72,30.0,58.999999999999986,69.70588235294117
cqr_rolling,60min_4of6,combined,block_missing,2.0,136,136,0,68,68,True,0.9558823529411765,6,130,30.0,30.0,28.823529411764707
cqr_rolling,60min_4of6,combined,stuck,0.5,136,136,0,68,68,True,0.10294117647058823,122,14,30.0,107.00000000000001,103.97058823529412
cqr_rolling,60min_4of6,combined,stuck,1.0,136,136,0,71,68,True,0.07352941176470588,126,10,90.0,110.0,106.32352941176471
cqr_rolling,60min_4of6,combined,stuck,2.0,136,136,0,68,68,True,0.07352941176470588,126,10,100.0,110.0,106.91176470588235
cqr_rolling,60min_4of6,combined,dropout,0.5,136,136,0,69,68,True,0.17647058823529413,112,24,30.0,70.0,98.08823529411765
cqr_rolling,60min_4of6,combined,dropout,1.0,136,136,0,69,68,True,0.4117647058823529,80,56,30.0,60.0,80.44117647058823
cqr_rolling,60min_4of6,combined,dropout,2.0,136,136,0,70,68,True,0.75,34,102,30.0,30.0,47.64705882352941
cqr_rolling,60min_4of6,combined,bias,0.5,136,136,0,0,68,True,0.18382352941176472,111,25,80.0,110.0,101.61764705882354
cqr_rolling,60min_4of6,combined,bias,1.0,136,136,0,0,68,True,0.38235294117647056,84,52,40.0,90.0,85.66176470588235
cqr_rolling,60min_4of6,combined,bias,2.0,136,136,0,0,68,True,0.39705882352941174,82,54,40.0,61.000000000000085,82.27941176470588
cqr_rolling,60min_4of6,combined,level_shift,0.5,136,136,0,0,68,True,0.18382352941176472,111,25,30.0,110.0,98.97058823529412
cqr_rolling,60min_4of6,combined,level_shift,1.0,136,136,0,0,68,True,0.34558823529411764,89,47,30.0,93.99999999999999,84.33823529411765
cqr_rolling,60min_4of6,combined,level_shift,2.0,136,136,0,0,68,True,0.40441176470588236,81,55,30.0,46.000000000000014,77.79411764705883
cqr_rolling,60min_4of6,combined,drift,0.5,136,136,0,0,68,True,0.14705882352941177,116,20,90.0,110.0,103.82352941176471
cqr_rolling,60min_4of6,combined,drift,1.0,136,136,0,0,68,True,0.3088235294117647,94,42,40.0,100.0,91.1029411764706
cqr_rolling,60min_4of6,combined,drift,2.0,136,136,0,0,68,True,0.3602941176470588,87,49,40.0,50.0,84.33823529411765
cqr_rolling,60min_4of6,numerical_only,random_missing,0.5,136,63,73,73,50,True,0.1,58,5,90.0,110.0,106.8
cqr_rolling,60min_4of6,numerical_only,random_missing,1.0,136,105,31,44,64,True,0.078125,98,7,70.0,110.0,105.546875
cqr_rolling,60min_4of6,numerical_only,random_missing,2.0,136,126,10,15,68,True,0.058823529411764705,118,8,90.0,110.0,107.5
cqr_rolling,60min_4of6,numerical_only,block_missing,0.5,136,136,0,76,68,True,0.08823529411764706,124,12,90.0,109.0,106.17647058823529
cqr_rolling,60min_4of6,numerical_only,block_missing,1.0,136,136,0,72,68,True,0.058823529411764705,128,8,90.0,110.0,107.79411764705883
cqr_rolling,60min_4of6,numerical_only,block_missing,2.0,136,136,0,68,68,True,0.029411764705882353,132,4,105.0,110.0,109.8529411764706
cqr_rolling,60min_4of6,numerical_only,stuck,0.5,136,136,0,68,68,True,0.10294117647058823,122,14,30.0,107.00000000000001,103.97058823529412
cqr_rolling,60min_4of6,numerical_only,stuck,1.0,136,136,0,71,68,True,0.07352941176470588,126,10,90.0,110.0,106.32352941176471
cqr_rolling,60min_4of6,numerical_only,stuck,2.0,136,136,0,68,68,True,0.07352941176470588,126,10,100.0,110.0,106.91176470588235
cqr_rolling,60min_4of6,numerical_only,dropout,0.5,136,136,0,69,68,True,0.17647058823529413,112,24,30.0,70.0,98.08823529411765
cqr_rolling,60min_4of6,numerical_only,dropout,1.0,136,136,0,69,68,True,0.4117647058823529,80,56,30.0,60.0,80.44117647058823
cqr_rolling,60min_4of6,numerical_only,dropout,2.0,136,136,0,70,68,True,0.75,34,102,30.0,30.0,47.64705882352941
cqr_rolling,60min_4of6,numerical_only,bias,0.5,136,136,0,0,68,True,0.18382352941176472,111,25,80.0,110.0,101.61764705882354
cqr_rolling,60min_4of6,numerical_only,bias,1.0,136,136,0,0,68,True,0.38235294117647056,84,52,40.0,90.0,85.66176470588235
cqr_rolling,60min_4of6,numerical_only,bias,2.0,136,136,0,0,68,True,0.39705882352941174,82,54,40.0,61.000000000000085,82.27941176470588
cqr_rolling,60min_4of6,numerical_only,level_shift,0.5,136,136,0,0,68,True,0.18382352941176472,111,25,30.0,110.0,98.97058823529412
cqr_rolling,60min_4of6,numerical_only,level_shift,1.0,136,136,0,0,68,True,0.34558823529411764,89,47,30.0,93.99999999999999,84.33823529411765
cqr_rolling,60min_4of6,numerical_only,level_shift,2.0,136,136,0,0,68,True,0.40441176470588236,81,55,30.0,46.000000000000014,77.79411764705883
cqr_rolling,60min_4of6,numerical_only,drift,0.5,136,136,0,0,68,True,0.14705882352941177,116,20,90.0,110.0,103.82352941176471
cqr_rolling,60min_4of6,numerical_only,drift,1.0,136,136,0,0,68,True,0.3088235294117647,94,42,40.0,100.0,91.1029411764706
cqr_rolling,60min_4of6,numerical_only,drift,2.0,136,136,0,0,68,True,0.3602941176470588,87,49,40.0,50.0,84.33823529411765
cqr_rolling,single_sample,availability_only,random_missing,0.5,136,63,73,73,50,True,1.0,0,63,20.0,48.00000000000004,21.3
cqr_rolling,single_sample,availability_only,random_missing,1.0,136,105,31,44,64,True,1.0,0,105,20.0,46.000000000000085,17.8125
cqr_rolling,single_sample,availability_only,random_missing,2.0,136,126,10,15,68,True,1.0,0,126,10.0,30.0,11.911764705882353
cqr_rolling,single_sample,availability_only,block_missing,0.5,136,136,0,76,68,True,1.0,0,136,20.0,20.0,20.0
cqr_rolling,single_sample,availability_only,block_missing,1.0,136,136,0,72,68,True,1.0,0,136,10.0,10.0,10.0
cqr_rolling,single_sample,availability_only,block_missing,2.0,136,136,0,68,68,True,1.0,0,136,0.0,0.0,0.0
cqr_rolling,single_sample,availability_only,stuck,0.5,136,136,0,68,68,True,0.0,136,0,,,110.0
cqr_rolling,single_sample,availability_only,stuck,1.0,136,136,0,71,68,True,0.0,136,0,,,110.0
cqr_rolling,single_sample,availability_only,stuck,2.0,136,136,0,68,68,True,0.0,136,0,,,110.0
cqr_rolling,single_sample,availability_only,dropout,0.5,136,136,0,69,68,True,0.0,136,0,,,110.0
cqr_rolling,single_sample,availability_only,dropout,1.0,136,136,0,69,68,True,0.0,136,0,,,110.0
cqr_rolling,single_sample,availability_only,dropout,2.0,136,136,0,70,68,True,0.0,136,0,,,110.0
cqr_rolling,single_sample,availability_only,bias,0.5,136,136,0,0,68,True,0.0,136,0,,,110.0
cqr_rolling,single_sample,availability_only,bias,1.0,136,136,0,0,68,True,0.0,136,0,,,110.0
cqr_rolling,single_sample,availability_only,bias,2.0,136,136,0,0,68,True,0.0,136,0,,,110.0
cqr_rolling,single_sample,availability_only,level_shift,0.5,136,136,0,0,68,True,0.0,136,0,,,110.0
cqr_rolling,single_sample,availability_only,level_shift,1.0,136,136,0,0,68,True,0.0,136,0,,,110.0
cqr_rolling,single_sample,availability_only,level_shift,2.0,136,136,0,0,68,True,0.0,136,0,,,110.0
cqr_rolling,single_sample,availability_only,drift,0.5,136,136,0,0,68,True,0.0,136,0,,,110.0
cqr_rolling,single_sample,availability_only,drift,1.0,136,136,0,0,68,True,0.0,136,0,,,110.0
cqr_rolling,single_sample,availability_only,drift,2.0,136,136,0,0,68,True,0.0,136,0,,,110.0
cqr_rolling,single_sample,combined,random_missing,0.5,136,63,73,73,50,True,0.98,1,62,20.0,40.0,21.8
cqr_rolling,single_sample,combined,random_missing,1.0,136,105,31,44,64,True,0.9765625,2,103,10.0,40.0,19.0625
cqr_rolling,single_sample,combined,random_missing,2.0,136,126,10,15,68,True,1.0,0,126,10.0,30.0,13.235294117647058
cqr_rolling,single_sample,combined,block_missing,0.5,136,136,0,76,68,True,0.9852941176470589,2,134,20.0,20.0,19.852941176470587
cqr_rolling,single_sample,combined,block_missing,1.0,136,136,0,72,68,True,0.9852941176470589,2,134,10.0,10.0,12.941176470588236
cqr_rolling,single_sample,combined,block_missing,2.0,136,136,0,68,68,True,0.9411764705882353,8,128,0.0,80.0,18.823529411764707
cqr_rolling,single_sample,combined,stuck,0.5,136,136,0,68,68,True,0.5882352941176471,56,80,45.0,91.00000000000009,73.08823529411765
cqr_rolling,single_sample,combined,stuck,1.0,136,136,0,71,68,True,0.5588235294117647,60,76,50.0,90.0,76.32352941176471
cqr_rolling,single_sample,combined,stuck,2.0,136,136,0,68,68,True,0.5441176470588235,62,74,70.0,100.0,87.79411764705883
cqr_rolling,single_sample,combined,dropout,0.5,136,136,0,69,68,True,0.9852941176470589,2,134,20.0,20.0,19.852941176470587
cqr_rolling,single_sample,combined,dropout,1.0,136,136,0,69,68,True,0.9852941176470589,2,134,10.0,17.00000000000003,14.264705882352942
cqr_rolling,single_sample,combined,dropout,2.0,136,136,0,70,68,True,0.9411764705882353,8,128,0.0,80.0,19.852941176470587
cqr_rolling,single_sample,combined,bias,0.5,136,136,0,0,68,True,0.8382352941176471,22,114,30.0,70.0,46.1764705882353
cqr_rolling,single_sample,combined,bias,1.0,136,136,0,0,68,True,0.8602941176470589,19,117,20.0,70.0,42.794117647058826
cqr_rolling,single_sample,combined,bias,2.0,136,136,0,0,68,True,0.8676470588235294,18,118,10.0,50.0,37.64705882352941
cqr_rolling,single_sample,combined,level_shift,0.5,136,136,0,0,68,True,0.7794117647058824,30,106,30.0,75.0,51.98529411764706
cqr_rolling,single_sample,combined,level_shift,1.0,136,136,0,0,68,True,0.8235294117647058,24,112,30.0,70.0,47.5
cqr_rolling,single_sample,combined,level_shift,2.0,136,136,0,0,68,True,0.9117647058823529,12,124,0.0,60.0,25.808823529411764
cqr_rolling,single_sample,combined,drift,0.5,136,136,0,0,68,True,0.8308823529411765,23,113,30.0,67.99999999999997,49.26470588235294
cqr_rolling,single_sample,combined,drift,1.0,136,136,0,0,68,True,0.8308823529411765,23,113,30.0,70.0,47.4264705882353
cqr_rolling,single_sample,combined,drift,2.0,136,136,0,0,68,True,0.875,17,119,30.0,60.0,42.64705882352941
cqr_rolling,single_sample,numerical_only,random_missing,0.5,136,63,73,73,50,True,0.66,24,39,40.0,92.00000000000003,65.7
cqr_rolling,single_sample,numerical_only,random_missing,1.0,136,105,31,44,64,True,0.625,39,66,30.0,95.0,67.34375
cqr_rolling,single_sample,numerical_only,random_missing,2.0,136,126,10,15,68,True,0.6029411764705882,49,77,40.0,90.0,70.80882352941177
cqr_rolling,single_sample,numerical_only,block_missing,0.5,136,136,0,76,68,True,0.5735294117647058,58,78,50.0,92.99999999999997,76.02941176470588
cqr_rolling,single_sample,numerical_only,block_missing,1.0,136,136,0,72,68,True,0.5441176470588235,62,74,50.0,90.0,78.38235294117646
cqr_rolling,single_sample,numerical_only,block_missing,2.0,136,136,0,68,68,True,0.5,68,68,70.0,100.0,93.52941176470588
cqr_rolling,single_sample,numerical_only,stuck,0.5,136,136,0,68,68,True,0.5882352941176471,56,80,45.0,91.00000000000009,73.08823529411765
cqr_rolling,single_sample,numerical_only,stuck,1.0,136,136,0,71,68,True,0.5588235294117647,60,76,50.0,90.0,76.32352941176471
cqr_rolling,single_sample,numerical_only,stuck,2.0,136,136,0,68,68,True,0.5441176470588235,62,74,70.0,100.0,87.79411764705883
cqr_rolling,single_sample,numerical_only,dropout,0.5,136,136,0,69,68,True,0.9852941176470589,2,134,20.0,20.0,19.852941176470587
cqr_rolling,single_sample,numerical_only,dropout,1.0,136,136,0,69,68,True,0.9852941176470589,2,134,10.0,17.00000000000003,14.264705882352942
cqr_rolling,single_sample,numerical_only,dropout,2.0,136,136,0,70,68,True,0.9411764705882353,8,128,0.0,80.0,19.852941176470587
cqr_rolling,single_sample,numerical_only,bias,0.5,136,136,0,0,68,True,0.8382352941176471,22,114,30.0,70.0,46.1764705882353
cqr_rolling,single_sample,numerical_only,bias,1.0,136,136,0,0,68,True,0.8602941176470589,19,117,20.0,70.0,42.794117647058826
cqr_rolling,single_sample,numerical_only,bias,2.0,136,136,0,0,68,True,0.8676470588235294,18,118,10.0,50.0,37.64705882352941
cqr_rolling,single_sample,numerical_only,level_shift,0.5,136,136,0,0,68,True,0.7794117647058824,30,106,30.0,75.0,51.98529411764706
cqr_rolling,single_sample,numerical_only,level_shift,1.0,136,136,0,0,68,True,0.8235294117647058,24,112,30.0,70.0,47.5
cqr_rolling,single_sample,numerical_only,level_shift,2.0,136,136,0,0,68,True,0.9117647058823529,12,124,0.0,60.0,25.808823529411764
cqr_rolling,single_sample,numerical_only,drift,0.5,136,136,0,0,68,True,0.8308823529411765,23,113,30.0,67.99999999999997,49.26470588235294
cqr_rolling,single_sample,numerical_only,drift,1.0,136,136,0,0,68,True,0.8308823529411765,23,113,30.0,70.0,47.4264705882353
cqr_rolling,single_sample,numerical_only,drift,2.0,136,136,0,0,68,True,0.875,17,119,30.0,60.0,42.64705882352941
cqr_static,180min_3of18,availability_only,random_missing,0.5,136,63,73,73,50,True,0.03,61,2,40.0,48.0,107.8
cqr_static,180min_3of18,availability_only,random_missing,1.0,136,105,31,44,64,True,0.140625,90,15,40.0,50.0,100.234375
cqr_static,180min_3of18,availability_only,random_missing,2.0,136,126,10,15,68,True,0.47794117647058826,66,60,40.0,50.0,75.73529411764706
cqr_static,180min_3of18,availability_only,block_missing,0.5,136,136,0,76,68,True,0.0,136,0,,,110.0
cqr_static,180min_3of18,availability_only,block_missing,1.0,136,136,0,72,68,True,1.0,0,136,30.0,30.0,30.0
cqr_static,180min_3of18,availability_only,block_missing,2.0,136,136,0,68,68,True,1.0,0,136,20.0,20.0,20.0
cqr_static,180min_3of18,availability_only,stuck,0.5,136,136,0,68,68,True,0.0,136,0,,,110.0
cqr_static,180min_3of18,availability_only,stuck,1.0,136,136,0,71,68,True,0.0,136,0,,,110.0
cqr_static,180min_3of18,availability_only,stuck,2.0,136,136,0,68,68,True,0.0,136,0,,,110.0
cqr_static,180min_3of18,availability_only,dropout,0.5,136,136,0,69,68,True,0.0,136,0,,,110.0
cqr_static,180min_3of18,availability_only,dropout,1.0,136,136,0,69,68,True,0.0,136,0,,,110.0
cqr_static,180min_3of18,availability_only,dropout,2.0,136,136,0,70,68,True,0.0,136,0,,,110.0
cqr_static,180min_3of18,availability_only,bias,0.5,136,136,0,0,68,True,0.0,136,0,,,110.0
cqr_static,180min_3of18,availability_only,bias,1.0,136,136,0,0,68,True,0.0,136,0,,,110.0
cqr_static,180min_3of18,availability_only,bias,2.0,136,136,0,0,68,True,0.0,136,0,,,110.0
cqr_static,180min_3of18,availability_only,level_shift,0.5,136,136,0,0,68,True,0.0,136,0,,,110.0
cqr_static,180min_3of18,availability_only,level_shift,1.0,136,136,0,0,68,True,0.0,136,0,,,110.0
cqr_static,180min_3of18,availability_only,level_shift,2.0,136,136,0,0,68,True,0.0,136,0,,,110.0
cqr_static,180min_3of18,availability_only,drift,0.5,136,136,0,0,68,True,0.0,136,0,,,110.0
cqr_static,180min_3of18,availability_only,drift,1.0,136,136,0,0,68,True,0.0,136,0,,,110.0
cqr_static,180min_3of18,availability_only,drift,2.0,136,136,0,0,68,True,0.0,136,0,,,110.0
cqr_static,180min_3of18,combined,random_missing,0.5,136,63,73,73,50,True,0.26,47,16,45.0,80.0,91.9
cqr_static,180min_3of18,combined,random_missing,1.0,136,105,31,44,64,True,0.25,80,25,40.0,70.0,92.109375
cqr_static,180min_3of18,combined,random_missing,2.0,136,126,10,15,68,True,0.375,78,48,30.0,43.00000000000004,78.67647058823529
cqr_static,180min_3of18,combined,block_missing,0.5,136,136,0,76,68,True,0.29411764705882354,96,40,30.0,70.0,87.79411764705883
cqr_static,180min_3of18,combined,block_missing,1.0,136,136,0,72,68,True,0.5,68,68,30.0,30.0,66.76470588235294
cqr_static,180min_3of18,combined,block_missing,2.0,136,136,0,68,68,True,0.4852941176470588,70,66,20.0,20.0,63.38235294117647
cqr_static,180min_3of18,combined,stuck,0.5,136,136,0,68,68,True,0.11764705882352941,120,16,75.0,100.0,103.67647058823529
cqr_static,180min_3of18,combined,stuck,1.0,136,136,0,71,68,True,0.11764705882352941,120,16,55.0,90.0,102.79411764705883
cqr_static,180min_3of18,combined,stuck,2.0,136,136,0,68,68,True,0.1323529411764706,118,18,60.0,93.0,104.26470588235294
cqr_static,180min_3of18,combined,dropout,0.5,136,136,0,69,68,True,0.3088235294117647,94,42,30.0,80.0,87.94117647058823
cqr_static,180min_3of18,combined,dropout,1.0,136,136,0,69,68,True,0.5,68,68,30.0,30.0,66.76470588235294
cqr_static,180min_3of18,combined,dropout,2.0,136,136,0,70,68,True,0.4852941176470588,70,66,20.0,20.0,63.38235294117647
cqr_static,180min_3of18,combined,bias,0.5,136,136,0,0,68,True,0.29411764705882354,96,40,60.0,100.0,92.79411764705883
cqr_static,180min_3of18,combined,bias,1.0,136,136,0,0,68,True,0.39705882352941174,82,54,30.0,60.0,79.19117647058823
cqr_static,180min_3of18,combined,bias,2.0,136,136,0,0,68,True,0.39705882352941174,82,54,30.0,50.0,77.57352941176471
cqr_static,180min_3of18,combined,level_shift,0.5,136,136,0,0,68,True,0.2867647058823529,97,39,60.0,100.0,94.11764705882354
cqr_static,180min_3of18,combined,level_shift,1.0,136,136,0,0,68,True,0.375,85,51,20.0,80.0,79.19117647058823
cqr_static,180min_3of18,combined,level_shift,2.0,136,136,0,0,68,True,0.36764705882352944,86,50,20.0,62.00000000000003,78.6029411764706
cqr_static,180min_3of18,combined,drift,0.5,136,136,0,0,68,True,0.23529411764705882,104,32,55.0,99.00000000000003,97.27941176470588
cqr_static,180min_3of18,combined,drift,1.0,136,136,0,0,68,True,0.3897058823529412,83,53,40.0,68.00000000000004,83.30882352941177
cqr_static,180min_3of18,combined,drift,2.0,136,136,0,0,68,True,0.4338235294117647,77,59,30.0,60.0,76.3970588235294
cqr_static,180min_3of18,numerical_only,random_missing,0.5,136,63,73,73,50,True,0.17,54,9,70.0,100.0,102.7
cqr_static,180min_3of18,numerical_only,random_missing,1.0,136,105,31,44,64,True,0.1171875,96,9,30.0,84.0,102.421875
cqr_static,180min_3of18,numerical_only,random_missing,2.0,136,126,10,15,68,True,0.10294117647058823,112,14,30.0,80.0,102.86764705882354
cqr_static,180min_3of18,numerical_only,block_missing,0.5,136,136,0,76,68,True,0.11764705882352941,120,16,75.0,100.0,103.67647058823529
cqr_static,180min_3of18,numerical_only,block_missing,1.0,136,136,0,72,68,True,0.10294117647058823,122,14,70.0,94.00000000000003,104.70588235294117
cqr_static,180min_3of18,numerical_only,block_missing,2.0,136,136,0,68,68,True,0.10294117647058823,122,14,80.0,97.00000000000001,106.76470588235294
cqr_static,180min_3of18,numerical_only,stuck,0.5,136,136,0,68,68,True,0.11764705882352941,120,16,75.0,100.0,103.67647058823529
cqr_static,180min_3of18,numerical_only,stuck,1.0,136,136,0,71,68,True,0.11764705882352941,120,16,55.0,90.0,102.79411764705883
cqr_static,180min_3of18,numerical_only,stuck,2.0,136,136,0,68,68,True,0.1323529411764706,118,18,60.0,93.0,104.26470588235294
cqr_static,180min_3of18,numerical_only,dropout,0.5,136,136,0,69,68,True,0.3088235294117647,94,42,30.0,80.0,87.94117647058823
cqr_static,180min_3of18,numerical_only,dropout,1.0,136,136,0,69,68,True,0.5,68,68,30.0,30.0,66.76470588235294
cqr_static,180min_3of18,numerical_only,dropout,2.0,136,136,0,70,68,True,0.4852941176470588,70,66,20.0,20.0,63.38235294117647
cqr_static,180min_3of18,numerical_only,bias,0.5,136,136,0,0,68,True,0.29411764705882354,96,40,60.0,100.0,92.79411764705883
cqr_static,180min_3of18,numerical_only,bias,1.0,136,136,0,0,68,True,0.39705882352941174,82,54,30.0,60.0,79.19117647058823
cqr_static,180min_3of18,numerical_only,bias,2.0,136,136,0,0,68,True,0.39705882352941174,82,54,30.0,50.0,77.57352941176471
cqr_static,180min_3of18,numerical_only,level_shift,0.5,136,136,0,0,68,True,0.2867647058823529,97,39,60.0,100.0,94.11764705882354
cqr_static,180min_3of18,numerical_only,level_shift,1.0,136,136,0,0,68,True,0.375,85,51,20.0,80.0,79.19117647058823
cqr_static,180min_3of18,numerical_only,level_shift,2.0,136,136,0,0,68,True,0.36764705882352944,86,50,20.0,62.00000000000003,78.6029411764706
cqr_static,180min_3of18,numerical_only,drift,0.5,136,136,0,0,68,True,0.23529411764705882,104,32,55.0,99.00000000000003,97.27941176470588
cqr_static,180min_3of18,numerical_only,drift,1.0,136,136,0,0,68,True,0.3897058823529412,83,53,40.0,68.00000000000004,83.30882352941177
cqr_static,180min_3of18,numerical_only,drift,2.0,136,136,0,0,68,True,0.4338235294117647,77,59,30.0,60.0,76.3970588235294
cqr_static,30min_3of3,availability_only,random_missing,0.5,136,63,73,73,50,True,0.01,62,1,50.0,50.0,109.4
cqr_static,30min_3of3,availability_only,random_missing,1.0,136,105,31,44,64,True,0.0546875,99,6,45.0,50.0,106.328125
cqr_static,30min_3of3,availability_only,random_missing,2.0,136,126,10,15,68,True,0.19852941176470587,102,24,30.0,50.0,94.63235294117646
cqr_static,30min_3of3,availability_only,block_missing,0.5,136,136,0,76,68,True,0.0,136,0,,,110.0
cqr_static,30min_3of3,availability_only,block_missing,1.0,136,136,0,72,68,True,1.0,0,136,30.0,30.0,30.0
cqr_static,30min_3of3,availability_only,block_missing,2.0,136,136,0,68,68,True,1.0,0,136,20.0,20.0,20.0
cqr_static,30min_3of3,availability_only,stuck,0.5,136,136,0,68,68,True,0.0,136,0,,,110.0
cqr_static,30min_3of3,availability_only,stuck,1.0,136,136,0,71,68,True,0.0,136,0,,,110.0
cqr_static,30min_3of3,availability_only,stuck,2.0,136,136,0,68,68,True,0.0,136,0,,,110.0
cqr_static,30min_3of3,availability_only,dropout,0.5,136,136,0,69,68,True,0.0,136,0,,,110.0
cqr_static,30min_3of3,availability_only,dropout,1.0,136,136,0,69,68,True,0.0,136,0,,,110.0
cqr_static,30min_3of3,availability_only,dropout,2.0,136,136,0,70,68,True,0.0,136,0,,,110.0
cqr_static,30min_3of3,availability_only,bias,0.5,136,136,0,0,68,True,0.0,136,0,,,110.0
cqr_static,30min_3of3,availability_only,bias,1.0,136,136,0,0,68,True,0.0,136,0,,,110.0
cqr_static,30min_3of3,availability_only,bias,2.0,136,136,0,0,68,True,0.0,136,0,,,110.0
cqr_static,30min_3of3,availability_only,level_shift,0.5,136,136,0,0,68,True,0.0,136,0,,,110.0
cqr_static,30min_3of3,availability_only,level_shift,1.0,136,136,0,0,68,True,0.0,136,0,,,110.0
cqr_static,30min_3of3,availability_only,level_shift,2.0,136,136,0,0,68,True,0.0,136,0,,,110.0
cqr_static,30min_3of3,availability_only,drift,0.5,136,136,0,0,68,True,0.0,136,0,,,110.0
cqr_static,30min_3of3,availability_only,drift,1.0,136,136,0,0,68,True,0.0,136,0,,,110.0
cqr_static,30min_3of3,availability_only,drift,2.0,136,136,0,0,68,True,0.0,136,0,,,110.0
cqr_static,30min_3of3,combined,random_missing,0.5,136,63,73,73,50,True,0.25,48,15,40.0,90.0,92.4
cqr_static,30min_3of3,combined,random_missing,1.0,136,105,31,44,64,True,0.3125,70,35,30.0,90.0,87.03125
cqr_static,30min_3of3,combined,random_missing,2.0,136,126,10,15,68,True,0.49264705882352944,66,60,30.0,70.0,73.30882352941177
cqr_static,30min_3of3,combined,block_missing,0.5,136,136,0,76,68,True,0.3235294117647059,92,44,30.0,90.0,86.17647058823529
cqr_static,30min_3of3,combined,block_missing,1.0,136,136,0,72,68,True,1.0,0,136,30.0,30.0,27.352941176470587
cqr_static,30min_3of3,combined,block_missing,2.0,136,136,0,68,68,True,0.9705882352941176,4,132,20.0,20.0,20.147058823529413
cqr_static,30min_3of3,combined,stuck,0.5,136,136,0,68,68,True,0.19117647058823528,110,26,60.0,100.0,99.26470588235294
cqr_static,30min_3of3,combined,stuck,1.0,136,136,0,71,68,True,0.22058823529411764,106,30,40.0,100.0,95.88235294117646
cqr_static,30min_3of3,combined,stuck,2.0,136,136,0,68,68,True,0.2647058823529412,100,36,60.0,75.0,94.8529411764706
cqr_static,30min_3of3,combined,dropout,0.5,136,136,0,69,68,True,0.23529411764705882,104,32,30.0,85.00000000000011,91.76470588235294
cqr_static,30min_3of3,combined,dropout,1.0,136,136,0,69,68,True,0.8382352941176471,22,114,30.0,30.0,41.029411764705884
cqr_static,30min_3of3,combined,dropout,2.0,136,136,0,70,68,True,0.8529411764705882,20,116,20.0,25.0,34.55882352941177
cqr_static,30min_3of3,combined,bias,0.5,136,136,0,0,68,True,0.17647058823529413,112,24,40.0,90.0,98.52941176470588
cqr_static,30min_3of3,combined,bias,1.0,136,136,0,0,68,True,0.45588235294117646,74,62,30.0,80.0,76.47058823529412
cqr_static,30min_3of3,combined,bias,2.0,136,136,0,0,68,True,0.5294117647058824,64,72,30.0,68.99999999999999,69.48529411764706
cqr_static,30min_3of3,combined,level_shift,0.5,136,136,0,0,68,True,0.18382352941176472,111,25,50.0,100.0,99.19117647058823
cqr_static,30min_3of3,combined,level_shift,1.0,136,136,0,0,68,True,0.45588235294117646,74,62,20.0,90.0,74.77941176470588
cqr_static,30min_3of3,combined,level_shift,2.0,136,136,0,0,68,True,0.5220588235294118,65,71,20.0,70.0,66.76470588235294
cqr_static,30min_3of3,combined,drift,0.5,136,136,0,0,68,True,0.16176470588235295,114,22,50.0,99.00000000000003,100.80882352941177
cqr_static,30min_3of3,combined,drift,1.0,136,136,0,0,68,True,0.3897058823529412,83,53,40.0,90.0,84.92647058823529
cqr_static,30min_3of3,combined,drift,2.0,136,136,0,0,68,True,0.5147058823529411,66,70,30.0,61.000000000000014,72.42647058823529
cqr_static,30min_3of3,numerical_only,random_missing,0.5,136,63,73,73,50,True,0.13,55,8,60.0,93.0,103.2
cqr_static,30min_3of3,numerical_only,random_missing,1.0,136,105,31,44,64,True,0.1484375,89,16,90.0,100.0,102.578125
cqr_static,30min_3of3,numerical_only,random_missing,2.0,136,126,10,15,68,True,0.13970588235294118,109,17,90.0,100.0,104.48529411764706
cqr_static,30min_3of3,numerical_only,block_missing,0.5,136,136,0,76,68,True,0.16176470588235295,114,22,90.0,100.0,101.61764705882354
cqr_static,30min_3of3,numerical_only,block_missing,1.0,136,136,0,72,68,True,0.11764705882352941,120,16,90.0,105.0,105.44117647058823
cqr_static,30min_3of3,numerical_only,block_missing,2.0,136,136,0,68,68,True,0.10294117647058823,122,14,80.0,107.00000000000001,107.79411764705883
cqr_static,30min_3of3,numerical_only,stuck,0.5,136,136,0,68,68,True,0.19117647058823528,110,26,60.0,100.0,99.26470588235294
cqr_static,30min_3of3,numerical_only,stuck,1.0,136,136,0,71,68,True,0.22058823529411764,106,30,40.0,100.0,95.88235294117646
cqr_static,30min_3of3,numerical_only,stuck,2.0,136,136,0,68,68,True,0.2647058823529412,100,36,60.0,75.0,94.8529411764706
cqr_static,30min_3of3,numerical_only,dropout,0.5,136,136,0,69,68,True,0.23529411764705882,104,32,30.0,85.00000000000011,91.76470588235294
cqr_static,30min_3of3,numerical_only,dropout,1.0,136,136,0,69,68,True,0.8382352941176471,22,114,30.0,30.0,41.029411764705884
cqr_static,30min_3of3,numerical_only,dropout,2.0,136,136,0,70,68,True,0.8529411764705882,20,116,20.0,25.0,34.55882352941177
cqr_static,30min_3of3,numerical_only,bias,0.5,136,136,0,0,68,True,0.17647058823529413,112,24,40.0,90.0,98.52941176470588
cqr_static,30min_3of3,numerical_only,bias,1.0,136,136,0,0,68,True,0.45588235294117646,74,62,30.0,80.0,76.47058823529412
cqr_static,30min_3of3,numerical_only,bias,2.0,136,136,0,0,68,True,0.5294117647058824,64,72,30.0,68.99999999999999,69.48529411764706
cqr_static,30min_3of3,numerical_only,level_shift,0.5,136,136,0,0,68,True,0.18382352941176472,111,25,50.0,100.0,99.19117647058823
cqr_static,30min_3of3,numerical_only,level_shift,1.0,136,136,0,0,68,True,0.45588235294117646,74,62,20.0,90.0,74.77941176470588
cqr_static,30min_3of3,numerical_only,level_shift,2.0,136,136,0,0,68,True,0.5220588235294118,65,71,20.0,70.0,66.76470588235294
cqr_static,30min_3of3,numerical_only,drift,0.5,136,136,0,0,68,True,0.16176470588235295,114,22,50.0,99.00000000000003,100.80882352941177
cqr_static,30min_3of3,numerical_only,drift,1.0,136,136,0,0,68,True,0.3897058823529412,83,53,40.0,90.0,84.92647058823529
cqr_static,30min_3of3,numerical_only,drift,2.0,136,136,0,0,68,True,0.5147058823529411,66,70,30.0,61.000000000000014,72.42647058823529
cqr_static,360min_4of36,availability_only,random_missing,0.5,136,63,73,73,50,True,0.0,63,0,,,110.0
cqr_static,360min_4of36,availability_only,random_missing,1.0,136,105,31,44,64,True,0.046875,100,5,50.0,50.0,107.109375
cqr_static,360min_4of36,availability_only,random_missing,2.0,136,126,10,15,68,True,0.20588235294117646,101,25,50.0,50.0,96.61764705882354
cqr_static,360min_4of36,availability_only,block_missing,0.5,136,136,0,76,68,True,0.0,136,0,,,110.0
cqr_static,360min_4of36,availability_only,block_missing,1.0,136,136,0,72,68,True,0.0,136,0,,,110.0
cqr_static,360min_4of36,availability_only,block_missing,2.0,136,136,0,68,68,True,1.0,0,136,30.0,30.0,30.0
cqr_static,360min_4of36,availability_only,stuck,0.5,136,136,0,68,68,True,0.0,136,0,,,110.0
cqr_static,360min_4of36,availability_only,stuck,1.0,136,136,0,71,68,True,0.0,136,0,,,110.0
cqr_static,360min_4of36,availability_only,stuck,2.0,136,136,0,68,68,True,0.0,136,0,,,110.0
cqr_static,360min_4of36,availability_only,dropout,0.5,136,136,0,69,68,True,0.0,136,0,,,110.0
cqr_static,360min_4of36,availability_only,dropout,1.0,136,136,0,69,68,True,0.0,136,0,,,110.0
cqr_static,360min_4of36,availability_only,dropout,2.0,136,136,0,70,68,True,0.0,136,0,,,110.0
cqr_static,360min_4of36,availability_only,bias,0.5,136,136,0,0,68,True,0.0,136,0,,,110.0
cqr_static,360min_4of36,availability_only,bias,1.0,136,136,0,0,68,True,0.0,136,0,,,110.0
cqr_static,360min_4of36,availability_only,bias,2.0,136,136,0,0,68,True,0.0,136,0,,,110.0
cqr_static,360min_4of36,availability_only,level_shift,0.5,136,136,0,0,68,True,0.0,136,0,,,110.0
cqr_static,360min_4of36,availability_only,level_shift,1.0,136,136,0,0,68,True,0.0,136,0,,,110.0
cqr_static,360min_4of36,availability_only,level_shift,2.0,136,136,0,0,68,True,0.0,136,0,,,110.0
cqr_static,360min_4of36,availability_only,drift,0.5,136,136,0,0,68,True,0.0,136,0,,,110.0
cqr_static,360min_4of36,availability_only,drift,1.0,136,136,0,0,68,True,0.0,136,0,,,110.0
cqr_static,360min_4of36,availability_only,drift,2.0,136,136,0,0,68,True,0.0,136,0,,,110.0
cqr_static,360min_4of36,combined,random_missing,0.5,136,63,73,73,50,True,0.23,50,13,50.0,96.00000000000001,97.5
cqr_static,360min_4of36,combined,random_missing,1.0,136,105,31,44,64,True,0.1953125,87,18,50.0,80.0,97.5
cqr_static,360min_4of36,combined,random_missing,2.0,136,126,10,15,68,True,0.27205882352941174,92,34,30.0,56.99999999999999,89.41176470588235
cqr_static,360min_4of36,combined,block_missing,0.5,136,136,0,76,68,True,0.19117647058823528,110,26,30.0,80.0,96.61764705882354
cqr_static,360min_4of36,combined,block_missing,1.0,136,136,0,72,68,True,0.25,102,34,20.0,67.0,90.29411764705883
cqr_static,360min_4of36,combined,block_missing,2.0,136,136,0,68,68,True,0.4264705882352941,78,58,30.0,30.0,72.05882352941177
cqr_static,360min_4of36,combined,stuck,0.5,136,136,0,68,68,True,0.058823529411764705,128,8,95.0,110.0,108.23529411764706
cqr_static,360min_4of36,combined,stuck,1.0,136,136,0,71,68,True,0.058823529411764705,128,8,50.0,90.0,106.61764705882354
cqr_static,360min_4of36,combined,stuck,2.0,136,136,0,68,68,True,0.08823529411764706,124,12,75.0,100.0,106.47058823529412
cqr_static,360min_4of36,combined,dropout,0.5,136,136,0,69,68,True,0.25,102,34,30.0,97.0,96.17647058823529
cqr_static,360min_4of36,combined,dropout,1.0,136,136,0,69,68,True,0.2647058823529412,100,36,25.0,80.0,90.29411764705883
cqr_static,360min_4of36,combined,dropout,2.0,136,136,0,70,68,True,0.4264705882352941,78,58,30.0,30.0,72.05882352941177
cqr_static,360min_4of36,combined,bias,0.5,136,136,0,0,68,True,0.18382352941176472,111,25,50.0,90.0,99.19117647058823
cqr_static,360min_4of36,combined,bias,1.0,136,136,0,0,68,True,0.3014705882352941,95,41,40.0,70.0,88.23529411764706
cqr_static,360min_4of36,combined,bias,2.0,136,136,0,0,68,True,0.2867647058823529,97,39,40.0,50.0,87.79411764705883
cqr_static,360min_4of36,combined,level_shift,0.5,136,136,0,0,68,True,0.16176470588235295,114,22,40.0,107.00000000000006,99.41176470588235
cqr_static,360min_4of36,combined,level_shift,1.0,136,136,0,0,68,True,0.2647058823529412,100,36,30.0,50.0,87.72058823529412
cqr_static,360min_4of36,combined,level_shift,2.0,136,136,0,0,68,True,0.27205882352941174,99,37,30.0,53.999999999999986,86.83823529411765
cqr_static,360min_4of36,combined,drift,0.5,136,136,0,0,68,True,0.16911764705882354,113,23,50.0,98.0,101.1029411764706
cqr_static,360min_4of36,combined,drift,1.0,136,136,0,0,68,True,0.25,102,34,50.0,90.0,95.0
cqr_static,360min_4of36,combined,drift,2.0,136,136,0,0,68,True,0.3088235294117647,94,42,40.0,58.999999999999986,87.20588235294117
cqr_static,360min_4of36,numerical_only,random_missing,0.5,136,63,73,73,50,True,0.11,57,6,80.0,105.0,106.4
cqr_static,360min_4of36,numerical_only,random_missing,1.0,136,105,31,44,64,True,0.109375,97,8,75.0,103.0,105.78125
cqr_static,360min_4of36,numerical_only,random_missing,2.0,136,126,10,15,68,True,0.051470588235294115,119,7,80.0,94.0,108.30882352941177
cqr_static,360min_4of36,numerical_only,block_missing,0.5,136,136,0,76,68,True,0.04411764705882353,130,6,100.0,110.0,109.55882352941177
cqr_static,360min_4of36,numerical_only,block_missing,1.0,136,136,0,72,68,True,0.058823529411764705,128,8,70.0,90.0,107.5
cqr_static,360min_4of36,numerical_only,block_missing,2.0,136,136,0,68,68,True,0.04411764705882353,130,6,100.0,100.0,109.26470588235294
cqr_static,360min_4of36,numerical_only,stuck,0.5,136,136,0,68,68,True,0.058823529411764705,128,8,95.0,110.0,108.23529411764706
cqr_static,360min_4of36,numerical_only,stuck,1.0,136,136,0,71,68,True,0.058823529411764705,128,8,50.0,90.0,106.61764705882354
cqr_static,360min_4of36,numerical_only,stuck,2.0,136,136,0,68,68,True,0.08823529411764706,124,12,75.0,100.0,106.47058823529412
cqr_static,360min_4of36,numerical_only,dropout,0.5,136,136,0,69,68,True,0.25,102,34,30.0,97.0,96.17647058823529
cqr_static,360min_4of36,numerical_only,dropout,1.0,136,136,0,69,68,True,0.2647058823529412,100,36,25.0,80.0,90.29411764705883
cqr_static,360min_4of36,numerical_only,dropout,2.0,136,136,0,70,68,True,0.4264705882352941,78,58,30.0,30.0,72.05882352941177
cqr_static,360min_4of36,numerical_only,bias,0.5,136,136,0,0,68,True,0.18382352941176472,111,25,50.0,90.0,99.19117647058823
cqr_static,360min_4of36,numerical_only,bias,1.0,136,136,0,0,68,True,0.3014705882352941,95,41,40.0,70.0,88.23529411764706
cqr_static,360min_4of36,numerical_only,bias,2.0,136,136,0,0,68,True,0.2867647058823529,97,39,40.0,50.0,87.79411764705883
cqr_static,360min_4of36,numerical_only,level_shift,0.5,136,136,0,0,68,True,0.16176470588235295,114,22,40.0,107.00000000000006,99.41176470588235
cqr_static,360min_4of36,numerical_only,level_shift,1.0,136,136,0,0,68,True,0.2647058823529412,100,36,30.0,50.0,87.72058823529412
cqr_static,360min_4of36,numerical_only,level_shift,2.0,136,136,0,0,68,True,0.27205882352941174,99,37,30.0,53.999999999999986,86.83823529411765
cqr_static,360min_4of36,numerical_only,drift,0.5,136,136,0,0,68,True,0.16911764705882354,113,23,50.0,98.0,101.1029411764706
cqr_static,360min_4of36,numerical_only,drift,1.0,136,136,0,0,68,True,0.25,102,34,50.0,90.0,95.0
cqr_static,360min_4of36,numerical_only,drift,2.0,136,136,0,0,68,True,0.3088235294117647,94,42,40.0,58.999999999999986,87.20588235294117
cqr_static,60min_4of6,availability_only,random_missing,0.5,136,63,73,73,50,True,0.0,63,0,,,110.0
cqr_static,60min_4of6,availability_only,random_missing,1.0,136,105,31,44,64,True,0.046875,100,5,50.0,50.0,107.109375
cqr_static,60min_4of6,availability_only,random_missing,2.0,136,126,10,15,68,True,0.20588235294117646,101,25,50.0,50.0,96.61764705882354
cqr_static,60min_4of6,availability_only,block_missing,0.5,136,136,0,76,68,True,0.0,136,0,,,110.0
cqr_static,60min_4of6,availability_only,block_missing,1.0,136,136,0,72,68,True,0.0,136,0,,,110.0
cqr_static,60min_4of6,availability_only,block_missing,2.0,136,136,0,68,68,True,1.0,0,136,30.0,30.0,30.0
cqr_static,60min_4of6,availability_only,stuck,0.5,136,136,0,68,68,True,0.0,136,0,,,110.0
cqr_static,60min_4of6,availability_only,stuck,1.0,136,136,0,71,68,True,0.0,136,0,,,110.0
cqr_static,60min_4of6,availability_only,stuck,2.0,136,136,0,68,68,True,0.0,136,0,,,110.0
cqr_static,60min_4of6,availability_only,dropout,0.5,136,136,0,69,68,True,0.0,136,0,,,110.0
cqr_static,60min_4of6,availability_only,dropout,1.0,136,136,0,69,68,True,0.0,136,0,,,110.0
cqr_static,60min_4of6,availability_only,dropout,2.0,136,136,0,70,68,True,0.0,136,0,,,110.0
cqr_static,60min_4of6,availability_only,bias,0.5,136,136,0,0,68,True,0.0,136,0,,,110.0
cqr_static,60min_4of6,availability_only,bias,1.0,136,136,0,0,68,True,0.0,136,0,,,110.0
cqr_static,60min_4of6,availability_only,bias,2.0,136,136,0,0,68,True,0.0,136,0,,,110.0
cqr_static,60min_4of6,availability_only,level_shift,0.5,136,136,0,0,68,True,0.0,136,0,,,110.0
cqr_static,60min_4of6,availability_only,level_shift,1.0,136,136,0,0,68,True,0.0,136,0,,,110.0
cqr_static,60min_4of6,availability_only,level_shift,2.0,136,136,0,0,68,True,0.0,136,0,,,110.0
cqr_static,60min_4of6,availability_only,drift,0.5,136,136,0,0,68,True,0.0,136,0,,,110.0
cqr_static,60min_4of6,availability_only,drift,1.0,136,136,0,0,68,True,0.0,136,0,,,110.0
cqr_static,60min_4of6,availability_only,drift,2.0,136,136,0,0,68,True,0.0,136,0,,,110.0
cqr_static,60min_4of6,combined,random_missing,0.5,136,63,73,73,50,True,0.28,47,16,45.0,90.0,92.3
cqr_static,60min_4of6,combined,random_missing,1.0,136,105,31,44,64,True,0.3359375,71,34,40.0,87.0,86.25
cqr_static,60min_4of6,combined,random_missing,2.0,136,126,10,15,68,True,0.5808823529411765,56,70,40.0,61.000000000000014,68.38235294117646
cqr_static,60min_4of6,combined,block_missing,0.5,136,136,0,76,68,True,0.36764705882352944,86,50,40.0,70.0,85.88235294117646
cqr_static,60min_4of6,combined,block_missing,1.0,136,136,0,72,68,True,0.5294117647058824,64,72,30.0,50.0,68.38235294117646
cqr_static,60min_4of6,combined,block_missing,2.0,136,136,0,68,68,True,0.9264705882352942,10,126,30.0,30.0,29.705882352941178
cqr_static,60min_4of6,combined,stuck,0.5,136,136,0,68,68,True,0.25,102,34,40.0,97.0,95.88235294117646
cqr_static,60min_4of6,combined,stuck,1.0,136,136,0,71,68,True,0.23529411764705882,104,32,50.0,100.0,96.91176470588235
cqr_static,60min_4of6,combined,stuck,2.0,136,136,0,68,68,True,0.20588235294117646,108,28,70.0,100.0,99.70588235294117
cqr_static,60min_4of6,combined,dropout,0.5,136,136,0,69,68,True,0.2647058823529412,100,36,30.0,70.0,91.32352941176471
cqr_static,60min_4of6,combined,dropout,1.0,136,136,0,69,68,True,0.36764705882352944,86,50,30.0,60.0,80.73529411764706
cqr_static,60min_4of6,combined,dropout,2.0,136,136,0,70,68,True,0.9117647058823529,12,124,30.0,40.0,34.26470588235294
cqr_static,60min_4of6,combined,bias,0.5,136,136,0,0,68,True,0.19852941176470587,109,27,60.0,94.00000000000003,99.77941176470588
cqr_static,60min_4of6,combined,bias,1.0,136,136,0,0,68,True,0.4338235294117647,77,59,40.0,90.0,81.25
cqr_static,60min_4of6,combined,bias,2.0,136,136,0,0,68,True,0.49264705882352944,69,67,40.0,50.0,75.0
cqr_static,60min_4of6,combined,level_shift,0.5,136,136,0,0,68,True,0.22058823529411764,106,30,40.0,100.0,96.83823529411765
cqr_static,60min_4of6,combined,level_shift,1.0,136,136,0,0,68,True,0.41911764705882354,79,57,30.0,90.0,79.26470588235294
cqr_static,60min_4of6,combined,level_shift,2.0,136,136,0,0,68,True,0.5294117647058824,64,72,30.0,58.999999999999986,68.67647058823529
cqr_static,60min_4of6,combined,drift,0.5,136,136,0,0,68,True,0.19117647058823528,110,26,60.0,100.0,99.77941176470588
cqr_static,60min_4of6,combined,drift,1.0,136,136,0,0,68,True,0.3382352941176471,90,46,50.0,90.0,89.92647058823529
cqr_static,60min_4of6,combined,drift,2.0,136,136,0,0,68,True,0.5735294117647058,58,78,40.0,65.99999999999994,73.23529411764706
cqr_static,60min_4of6,numerical_only,random_missing,0.5,136,63,73,73,50,True,0.17,54,9,80.0,92.0,103.2
cqr_static,60min_4of6,numerical_only,random_missing,1.0,136,105,31,44,64,True,0.125,91,14,85.0,97.00000000000001,103.828125
cqr_static,60min_4of6,numerical_only,random_missing,2.0,136,126,10,15,68,True,0.1323529411764706,109,17,90.0,100.0,105.07352941176471
cqr_static,60min_4of6,numerical_only,block_missing,0.5,136,136,0,76,68,True,0.16176470588235295,114,22,90.0,100.0,103.08823529411765
cqr_static,60min_4of6,numerical_only,block_missing,1.0,136,136,0,72,68,True,0.1323529411764706,118,18,90.0,100.0,107.20588235294117
cqr_static,60min_4of6,numerical_only,block_missing,2.0,136,136,0,68,68,True,0.11764705882352941,120,16,100.0,105.0,108.52941176470588
cqr_static,60min_4of6,numerical_only,stuck,0.5,136,136,0,68,68,True,0.25,102,34,40.0,97.0,95.88235294117646
cqr_static,60min_4of6,numerical_only,stuck,1.0,136,136,0,71,68,True,0.23529411764705882,104,32,50.0,100.0,96.91176470588235
cqr_static,60min_4of6,numerical_only,stuck,2.0,136,136,0,68,68,True,0.20588235294117646,108,28,70.0,100.0,99.70588235294117
cqr_static,60min_4of6,numerical_only,dropout,0.5,136,136,0,69,68,True,0.2647058823529412,100,36,30.0,70.0,91.32352941176471
cqr_static,60min_4of6,numerical_only,dropout,1.0,136,136,0,69,68,True,0.36764705882352944,86,50,30.0,60.0,80.73529411764706
cqr_static,60min_4of6,numerical_only,dropout,2.0,136,136,0,70,68,True,0.9117647058823529,12,124,30.0,40.0,34.26470588235294
cqr_static,60min_4of6,numerical_only,bias,0.5,136,136,0,0,68,True,0.19852941176470587,109,27,60.0,94.00000000000003,99.77941176470588
cqr_static,60min_4of6,numerical_only,bias,1.0,136,136,0,0,68,True,0.4338235294117647,77,59,40.0,90.0,81.25
cqr_static,60min_4of6,numerical_only,bias,2.0,136,136,0,0,68,True,0.49264705882352944,69,67,40.0,50.0,75.0
cqr_static,60min_4of6,numerical_only,level_shift,0.5,136,136,0,0,68,True,0.22058823529411764,106,30,40.0,100.0,96.83823529411765
cqr_static,60min_4of6,numerical_only,level_shift,1.0,136,136,0,0,68,True,0.41911764705882354,79,57,30.0,90.0,79.26470588235294
cqr_static,60min_4of6,numerical_only,level_shift,2.0,136,136,0,0,68,True,0.5294117647058824,64,72,30.0,58.999999999999986,68.67647058823529
cqr_static,60min_4of6,numerical_only,drift,0.5,136,136,0,0,68,True,0.19117647058823528,110,26,60.0,100.0,99.77941176470588
cqr_static,60min_4of6,numerical_only,drift,1.0,136,136,0,0,68,True,0.3382352941176471,90,46,50.0,90.0,89.92647058823529
cqr_static,60min_4of6,numerical_only,drift,2.0,136,136,0,0,68,True,0.5735294117647058,58,78,40.0,65.99999999999994,73.23529411764706
cqr_static,single_sample,availability_only,random_missing,0.5,136,63,73,73,50,True,1.0,0,63,20.0,48.00000000000004,21.3
cqr_static,single_sample,availability_only,random_missing,1.0,136,105,31,44,64,True,1.0,0,105,20.0,46.000000000000085,17.8125
cqr_static,single_sample,availability_only,random_missing,2.0,136,126,10,15,68,True,1.0,0,126,10.0,30.0,11.911764705882353
cqr_static,single_sample,availability_only,block_missing,0.5,136,136,0,76,68,True,1.0,0,136,20.0,20.0,20.0
cqr_static,single_sample,availability_only,block_missing,1.0,136,136,0,72,68,True,1.0,0,136,10.0,10.0,10.0
cqr_static,single_sample,availability_only,block_missing,2.0,136,136,0,68,68,True,1.0,0,136,0.0,0.0,0.0
cqr_static,single_sample,availability_only,stuck,0.5,136,136,0,68,68,True,0.0,136,0,,,110.0
cqr_static,single_sample,availability_only,stuck,1.0,136,136,0,71,68,True,0.0,136,0,,,110.0
cqr_static,single_sample,availability_only,stuck,2.0,136,136,0,68,68,True,0.0,136,0,,,110.0
cqr_static,single_sample,availability_only,dropout,0.5,136,136,0,69,68,True,0.0,136,0,,,110.0
cqr_static,single_sample,availability_only,dropout,1.0,136,136,0,69,68,True,0.0,136,0,,,110.0
cqr_static,single_sample,availability_only,dropout,2.0,136,136,0,70,68,True,0.0,136,0,,,110.0
cqr_static,single_sample,availability_only,bias,0.5,136,136,0,0,68,True,0.0,136,0,,,110.0
cqr_static,single_sample,availability_only,bias,1.0,136,136,0,0,68,True,0.0,136,0,,,110.0
cqr_static,single_sample,availability_only,bias,2.0,136,136,0,0,68,True,0.0,136,0,,,110.0
cqr_static,single_sample,availability_only,level_shift,0.5,136,136,0,0,68,True,0.0,136,0,,,110.0
cqr_static,single_sample,availability_only,level_shift,1.0,136,136,0,0,68,True,0.0,136,0,,,110.0
cqr_static,single_sample,availability_only,level_shift,2.0,136,136,0,0,68,True,0.0,136,0,,,110.0
cqr_static,single_sample,availability_only,drift,0.5,136,136,0,0,68,True,0.0,136,0,,,110.0
cqr_static,single_sample,availability_only,drift,1.0,136,136,0,0,68,True,0.0,136,0,,,110.0
cqr_static,single_sample,availability_only,drift,2.0,136,136,0,0,68,True,0.0,136,0,,,110.0
cqr_static,single_sample,combined,random_missing,0.5,136,63,73,73,50,True,1.0,0,63,20.0,40.0,22.5
cqr_static,single_sample,combined,random_missing,1.0,136,105,31,44,64,True,1.0,0,105,20.0,46.000000000000085,19.453125
cqr_static,single_sample,combined,random_missing,2.0,136,126,10,15,68,True,0.9926470588235294,1,125,10.0,30.0,14.632352941176471
cqr_static,single_sample,combined,block_missing,0.5,136,136,0,76,68,True,1.0,0,136,20.0,20.0,18.970588235294116
cqr_static,single_sample,combined,block_missing,1.0,136,136,0,72,68,True,1.0,0,136,10.0,10.0,14.411764705882353
cqr_static,single_sample,combined,block_missing,2.0,136,136,0,68,68,True,0.9264705882352942,10,126,0.0,80.0,21.176470588235293
cqr_static,single_sample,combined,stuck,0.5,136,136,0,68,68,True,0.6176470588235294,52,84,40.0,80.0,67.79411764705883
cqr_static,single_sample,combined,stuck,1.0,136,136,0,71,68,True,0.6029411764705882,54,82,40.0,80.0,69.55882352941177
cqr_static,single_sample,combined,stuck,2.0,136,136,0,68,68,True,0.6176470588235294,52,84,55.0,90.0,76.47058823529412
cqr_static,single_sample,combined,dropout,0.5,136,136,0,69,68,True,1.0,0,136,20.0,20.0,19.11764705882353
cqr_static,single_sample,combined,dropout,1.0,136,136,0,69,68,True,1.0,0,136,10.0,20.0,13.676470588235293
cqr_static,single_sample,combined,dropout,2.0,136,136,0,70,68,True,0.9705882352941176,4,132,0.0,59.00000000000006,15.0
cqr_static,single_sample,combined,bias,0.5,136,136,0,0,68,True,0.9264705882352942,10,126,10.0,50.0,29.044117647058822
cqr_static,single_sample,combined,bias,1.0,136,136,0,0,68,True,0.9632352941176471,5,131,10.0,40.0,21.985294117647058
cqr_static,single_sample,combined,bias,2.0,136,136,0,0,68,True,1.0,0,136,10.0,30.0,15.588235294117647
cqr_static,single_sample,combined,level_shift,0.5,136,136,0,0,68,True,0.9191176470588235,11,125,10.0,60.0,26.102941176470587
cqr_static,single_sample,combined,level_shift,1.0,136,136,0,0,68,True,0.9632352941176471,5,131,0.0,60.0,20.294117647058822
cqr_static,single_sample,combined,level_shift,2.0,136,136,0,0,68,True,0.9705882352941176,4,132,0.0,40.0,12.941176470588236
cqr_static,single_sample,combined,drift,0.5,136,136,0,0,68,True,0.8602941176470589,19,117,30.0,60.0,44.11764705882353
cqr_static,single_sample,combined,drift,1.0,136,136,0,0,68,True,0.9411764705882353,8,128,20.0,52.99999999999997,30.58823529411765
cqr_static,single_sample,combined,drift,2.0,136,136,0,0,68,True,0.9632352941176471,5,131,10.0,50.0,24.264705882352942
cqr_static,single_sample,numerical_only,random_missing,0.5,136,63,73,73,50,True,0.68,22,41,40.0,90.0,64.2
cqr_static,single_sample,numerical_only,random_missing,1.0,136,105,31,44,64,True,0.6015625,42,63,40.0,80.0,68.28125
cqr_static,single_sample,numerical_only,random_missing,2.0,136,126,10,15,68,True,0.6176470588235294,51,75,40.0,76.00000000000009,68.6029411764706
cqr_static,single_sample,numerical_only,block_missing,0.5,136,136,0,76,68,True,0.6176470588235294,52,84,45.0,90.0,70.88235294117646
cqr_static,single_sample,numerical_only,block_missing,1.0,136,136,0,72,68,True,0.5882352941176471,56,80,40.0,90.0,75.0
cqr_static,single_sample,numerical_only,block_missing,2.0,136,136,0,68,68,True,0.5882352941176471,56,80,60.0,90.0,86.02941176470588
cqr_static,single_sample,numerical_only,stuck,0.5,136,136,0,68,68,True,0.6176470588235294,52,84,40.0,80.0,67.79411764705883
cqr_static,single_sample,numerical_only,stuck,1.0,136,136,0,71,68,True,0.6029411764705882,54,82,40.0,80.0,69.55882352941177
cqr_static,single_sample,numerical_only,stuck,2.0,136,136,0,68,68,True,0.6176470588235294,52,84,55.0,90.0,76.47058823529412
cqr_static,single_sample,numerical_only,dropout,0.5,136,136,0,69,68,True,1.0,0,136,20.0,20.0,19.11764705882353
cqr_static,single_sample,numerical_only,dropout,1.0,136,136,0,69,68,True,1.0,0,136,10.0,20.0,13.676470588235293
cqr_static,single_sample,numerical_only,dropout,2.0,136,136,0,70,68,True,0.9705882352941176,4,132,0.0,59.00000000000006,15.0
cqr_static,single_sample,numerical_only,bias,0.5,136,136,0,0,68,True,0.9264705882352942,10,126,10.0,50.0,29.044117647058822
cqr_static,single_sample,numerical_only,bias,1.0,136,136,0,0,68,True,0.9632352941176471,5,131,10.0,40.0,21.985294117647058
cqr_static,single_sample,numerical_only,bias,2.0,136,136,0,0,68,True,1.0,0,136,10.0,30.0,15.588235294117647
cqr_static,single_sample,numerical_only,level_shift,0.5,136,136,0,0,68,True,0.9191176470588235,11,125,10.0,60.0,26.102941176470587
cqr_static,single_sample,numerical_only,level_shift,1.0,136,136,0,0,68,True,0.9632352941176471,5,131,0.0,60.0,20.294117647058822
cqr_static,single_sample,numerical_only,level_shift,2.0,136,136,0,0,68,True,0.9705882352941176,4,132,0.0,40.0,12.941176470588236
cqr_static,single_sample,numerical_only,drift,0.5,136,136,0,0,68,True,0.8602941176470589,19,117,30.0,60.0,44.11764705882353
cqr_static,single_sample,numerical_only,drift,1.0,136,136,0,0,68,True,0.9411764705882353,8,128,20.0,52.99999999999997,30.58823529411765
cqr_static,single_sample,numerical_only,drift,2.0,136,136,0,0,68,True,0.9632352941176471,5,131,10.0,50.0,24.264705882352942
persistence_static,180min_3of18,availability_only,random_missing,0.5,136,63,73,73,50,True,0.03,61,2,40.0,48.0,107.8
persistence_static,180min_3of18,availability_only,random_missing,1.0,136,105,31,44,64,True,0.140625,90,15,40.0,50.0,100.234375
persistence_static,180min_3of18,availability_only,random_missing,2.0,136,126,10,15,68,True,0.47794117647058826,66,60,40.0,50.0,75.73529411764706
persistence_static,180min_3of18,availability_only,block_missing,0.5,136,136,0,76,68,True,0.0,136,0,,,110.0
persistence_static,180min_3of18,availability_only,block_missing,1.0,136,136,0,72,68,True,1.0,0,136,30.0,30.0,30.0
persistence_static,180min_3of18,availability_only,block_missing,2.0,136,136,0,68,68,True,1.0,0,136,20.0,20.0,20.0
persistence_static,180min_3of18,availability_only,stuck,0.5,136,136,0,68,68,True,0.0,136,0,,,110.0
persistence_static,180min_3of18,availability_only,stuck,1.0,136,136,0,71,68,True,0.0,136,0,,,110.0
persistence_static,180min_3of18,availability_only,stuck,2.0,136,136,0,68,68,True,0.0,136,0,,,110.0
persistence_static,180min_3of18,availability_only,dropout,0.5,136,136,0,69,68,True,0.0,136,0,,,110.0
persistence_static,180min_3of18,availability_only,dropout,1.0,136,136,0,69,68,True,0.0,136,0,,,110.0
persistence_static,180min_3of18,availability_only,dropout,2.0,136,136,0,70,68,True,0.0,136,0,,,110.0
persistence_static,180min_3of18,availability_only,bias,0.5,136,136,0,0,68,True,0.0,136,0,,,110.0
persistence_static,180min_3of18,availability_only,bias,1.0,136,136,0,0,68,True,0.0,136,0,,,110.0
persistence_static,180min_3of18,availability_only,bias,2.0,136,136,0,0,68,True,0.0,136,0,,,110.0
persistence_static,180min_3of18,availability_only,level_shift,0.5,136,136,0,0,68,True,0.0,136,0,,,110.0
persistence_static,180min_3of18,availability_only,level_shift,1.0,136,136,0,0,68,True,0.0,136,0,,,110.0
persistence_static,180min_3of18,availability_only,level_shift,2.0,136,136,0,0,68,True,0.0,136,0,,,110.0
persistence_static,180min_3of18,availability_only,drift,0.5,136,136,0,0,68,True,0.0,136,0,,,110.0
persistence_static,180min_3of18,availability_only,drift,1.0,136,136,0,0,68,True,0.0,136,0,,,110.0
persistence_static,180min_3of18,availability_only,drift,2.0,136,136,0,0,68,True,0.0,136,0,,,110.0
persistence_static,180min_3of18,combined,random_missing,0.5,136,63,73,73,50,True,0.07,59,4,65.0,94.0,107.0
persistence_static,180min_3of18,combined,random_missing,1.0,136,105,31,44,64,True,0.125,93,12,45.0,89.0,102.890625
persistence_static,180min_3of18,combined,random_missing,2.0,136,126,10,15,68,True,0.3088235294117647,86,40,40.0,52.00000000000003,88.38235294117646
persistence_static,180min_3of18,combined,block_missing,0.5,136,136,0,76,68,True,0.058823529411764705,128,8,60.0,90.0,107.05882352941177
persistence_static,180min_3of18,combined,block_missing,1.0,136,136,0,72,68,True,0.5294117647058824,64,72,30.0,30.0,67.5
persistence_static,180min_3of18,combined,block_missing,2.0,136,136,0,68,68,True,0.5294117647058824,64,72,20.0,20.0,62.205882352941174
persistence_static,180min_3of18,combined,stuck,0.5,136,136,0,68,68,True,0.014705882352941176,134,2,90.0,90.0,109.70588235294117
persistence_static,180min_3of18,combined,stuck,1.0,136,136,0,71,68,True,0.014705882352941176,134,2,90.0,90.0,109.70588235294117
persistence_static,180min_3of18,combined,stuck,2.0,136,136,0,68,68,True,0.014705882352941176,134,2,90.0,90.0,109.70588235294117
persistence_static,180min_3of18,combined,dropout,0.5,136,136,0,69,68,True,0.058823529411764705,128,8,60.0,90.0,107.20588235294117
persistence_static,180min_3of18,combined,dropout,1.0,136,136,0,69,68,True,0.058823529411764705,128,8,60.0,90.0,107.20588235294117
persistence_static,180min_3of18,combined,dropout,2.0,136,136,0,70,68,True,0.04411764705882353,130,6,70.0,90.0,108.38235294117646
persistence_static,180min_3of18,combined,bias,0.5,136,136,0,0,68,True,0.03676470588235294,131,5,70.0,100.0,108.82352941176471
persistence_static,180min_3of18,combined,bias,1.0,136,136,0,0,68,True,0.16176470588235295,114,22,50.0,50.0,100.29411764705883
persistence_static,180min_3of18,combined,bias,2.0,136,136,0,0,68,True,0.4485294117647059,75,61,50.0,50.0,80.88235294117646
persistence_static,180min_3of18,combined,level_shift,0.5,136,136,0,0,68,True,0.04411764705882353,130,6,75.0,95.0,108.52941176470588
persistence_static,180min_3of18,combined,level_shift,1.0,136,136,0,0,68,True,0.07352941176470588,126,10,60.0,90.0,106.91176470588235
persistence_static,180min_3of18,combined,level_shift,2.0,136,136,0,0,68,True,0.07352941176470588,126,10,60.0,90.0,106.91176470588235
persistence_static,180min_3of18,combined,drift,0.5,136,136,0,0,68,True,0.03676470588235294,131,5,80.0,86.0,108.67647058823529
persistence_static,180min_3of18,combined,drift,1.0,136,136,0,0,68,True,0.11764705882352941,120,16,60.0,85.0,104.77941176470588
persistence_static,180min_3of18,combined,drift,2.0,136,136,0,0,68,True,0.5147058823529411,66,70,50.0,60.0,78.16176470588235
persistence_static,180min_3of18,numerical_only,random_missing,0.5,136,63,73,73,50,True,0.02,62,1,90.0,90.0,109.6
persistence_static,180min_3of18,numerical_only,random_missing,1.0,136,105,31,44,64,True,0.015625,104,1,90.0,90.0,109.6875
persistence_static,180min_3of18,numerical_only,random_missing,2.0,136,126,10,15,68,True,0.014705882352941176,124,2,90.0,90.0,109.70588235294117
persistence_static,180min_3of18,numerical_only,block_missing,0.5,136,136,0,76,68,True,0.014705882352941176,134,2,90.0,90.0,109.70588235294117
persistence_static,180min_3of18,numerical_only,block_missing,1.0,136,136,0,72,68,True,0.014705882352941176,134,2,90.0,90.0,109.70588235294117
persistence_static,180min_3of18,numerical_only,block_missing,2.0,136,136,0,68,68,True,0.014705882352941176,134,2,90.0,90.0,109.70588235294117
persistence_static,180min_3of18,numerical_only,stuck,0.5,136,136,0,68,68,True,0.014705882352941176,134,2,90.0,90.0,109.70588235294117
persistence_static,180min_3of18,numerical_only,stuck,1.0,136,136,0,71,68,True,0.014705882352941176,134,2,90.0,90.0,109.70588235294117
persistence_static,180min_3of18,numerical_only,stuck,2.0,136,136,0,68,68,True,0.014705882352941176,134,2,90.0,90.0,109.70588235294117
persistence_static,180min_3of18,numerical_only,dropout,0.5,136,136,0,69,68,True,0.058823529411764705,128,8,60.0,90.0,107.20588235294117
persistence_static,180min_3of18,numerical_only,dropout,1.0,136,136,0,69,68,True,0.058823529411764705,128,8,60.0,90.0,107.20588235294117
persistence_static,180min_3of18,numerical_only,dropout,2.0,136,136,0,70,68,True,0.04411764705882353,130,6,70.0,90.0,108.38235294117646
persistence_static,180min_3of18,numerical_only,bias,0.5,136,136,0,0,68,True,0.03676470588235294,131,5,70.0,100.0,108.82352941176471
persistence_static,180min_3of18,numerical_only,bias,1.0,136,136,0,0,68,True,0.16176470588235295,114,22,50.0,50.0,100.29411764705883
persistence_static,180min_3of18,numerical_only,bias,2.0,136,136,0,0,68,True,0.4485294117647059,75,61,50.0,50.0,80.88235294117646
persistence_static,180min_3of18,numerical_only,level_shift,0.5,136,136,0,0,68,True,0.04411764705882353,130,6,75.0,95.0,108.52941176470588
persistence_static,180min_3of18,numerical_only,level_shift,1.0,136,136,0,0,68,True,0.07352941176470588,126,10,60.0,90.0,106.91176470588235
persistence_static,180min_3of18,numerical_only,level_shift,2.0,136,136,0,0,68,True,0.07352941176470588,126,10,60.0,90.0,106.91176470588235
persistence_static,180min_3of18,numerical_only,drift,0.5,136,136,0,0,68,True,0.03676470588235294,131,5,80.0,86.0,108.67647058823529
persistence_static,180min_3of18,numerical_only,drift,1.0,136,136,0,0,68,True,0.11764705882352941,120,16,60.0,85.0,104.77941176470588
persistence_static,180min_3of18,numerical_only,drift,2.0,136,136,0,0,68,True,0.5147058823529411,66,70,50.0,60.0,78.16176470588235
persistence_static,30min_3of3,availability_only,random_missing,0.5,136,63,73,73,50,True,0.01,62,1,50.0,50.0,109.4
persistence_static,30min_3of3,availability_only,random_missing,1.0,136,105,31,44,64,True,0.0546875,99,6,45.0,50.0,106.328125
persistence_static,30min_3of3,availability_only,random_missing,2.0,136,126,10,15,68,True,0.19852941176470587,102,24,30.0,50.0,94.63235294117646
persistence_static,30min_3of3,availability_only,block_missing,0.5,136,136,0,76,68,True,0.0,136,0,,,110.0
persistence_static,30min_3of3,availability_only,block_missing,1.0,136,136,0,72,68,True,1.0,0,136,30.0,30.0,30.0
persistence_static,30min_3of3,availability_only,block_missing,2.0,136,136,0,68,68,True,1.0,0,136,20.0,20.0,20.0
persistence_static,30min_3of3,availability_only,stuck,0.5,136,136,0,68,68,True,0.0,136,0,,,110.0
persistence_static,30min_3of3,availability_only,stuck,1.0,136,136,0,71,68,True,0.0,136,0,,,110.0
persistence_static,30min_3of3,availability_only,stuck,2.0,136,136,0,68,68,True,0.0,136,0,,,110.0
persistence_static,30min_3of3,availability_only,dropout,0.5,136,136,0,69,68,True,0.0,136,0,,,110.0
persistence_static,30min_3of3,availability_only,dropout,1.0,136,136,0,69,68,True,0.0,136,0,,,110.0
persistence_static,30min_3of3,availability_only,dropout,2.0,136,136,0,70,68,True,0.0,136,0,,,110.0
persistence_static,30min_3of3,availability_only,bias,0.5,136,136,0,0,68,True,0.0,136,0,,,110.0
persistence_static,30min_3of3,availability_only,bias,1.0,136,136,0,0,68,True,0.0,136,0,,,110.0
persistence_static,30min_3of3,availability_only,bias,2.0,136,136,0,0,68,True,0.0,136,0,,,110.0
persistence_static,30min_3of3,availability_only,level_shift,0.5,136,136,0,0,68,True,0.0,136,0,,,110.0
persistence_static,30min_3of3,availability_only,level_shift,1.0,136,136,0,0,68,True,0.0,136,0,,,110.0
persistence_static,30min_3of3,availability_only,level_shift,2.0,136,136,0,0,68,True,0.0,136,0,,,110.0
persistence_static,30min_3of3,availability_only,drift,0.5,136,136,0,0,68,True,0.0,136,0,,,110.0
persistence_static,30min_3of3,availability_only,drift,1.0,136,136,0,0,68,True,0.0,136,0,,,110.0
persistence_static,30min_3of3,availability_only,drift,2.0,136,136,0,0,68,True,0.0,136,0,,,110.0
persistence_static,30min_3of3,combined,random_missing,0.5,136,63,73,73,50,True,0.3,45,18,25.0,80.0,85.9
persistence_static,30min_3of3,combined,random_missing,1.0,136,105,31,44,64,True,0.3515625,66,39,40.0,90.0,86.640625
persistence_static,30min_3of3,combined,random_missing,2.0,136,126,10,15,68,True,0.49264705882352944,65,61,30.0,80.0,74.70588235294117
persistence_static,30min_3of3,combined,block_missing,0.5,136,136,0,76,68,True,0.36764705882352944,86,50,30.0,90.0,84.26470588235294
persistence_static,30min_3of3,combined,block_missing,1.0,136,136,0,72,68,True,0.9264705882352942,10,126,30.0,30.0,37.05882352941177
persistence_static,30min_3of3,combined,block_missing,2.0,136,136,0,68,68,True,0.8382352941176471,22,114,20.0,20.0,36.470588235294116
persistence_static,30min_3of3,combined,stuck,0.5,136,136,0,68,68,True,0.4117647058823529,80,56,60.0,95.0,88.38235294117646
persistence_static,30min_3of3,combined,stuck,1.0,136,136,0,71,68,True,0.39705882352941174,82,54,70.0,100.0,95.1470588235294
persistence_static,30min_3of3,combined,stuck,2.0,136,136,0,68,68,True,0.36764705882352944,86,50,80.0,110.0,101.76470588235294
persistence_static,30min_3of3,combined,dropout,0.5,136,136,0,69,68,True,0.4117647058823529,80,56,60.0,90.0,85.88235294117646
persistence_static,30min_3of3,combined,dropout,1.0,136,136,0,69,68,True,0.4117647058823529,80,56,60.0,90.0,86.91176470588235
persistence_static,30min_3of3,combined,dropout,2.0,136,136,0,70,68,True,0.39705882352941174,82,54,80.0,107.00000000000003,98.38235294117646
persistence_static,30min_3of3,combined,bias,0.5,136,136,0,0,68,True,0.375,85,51,50.0,90.0,86.98529411764706
persistence_static,30min_3of3,combined,bias,1.0,136,136,0,0,68,True,0.3897058823529412,83,53,50.0,80.0,84.63235294117646
persistence_static,30min_3of3,combined,bias,2.0,136,136,0,0,68,True,0.40441176470588236,81,55,30.0,70.0,80.66176470588235
persistence_static,30min_3of3,combined,level_shift,0.5,136,136,0,0,68,True,0.38235294117647056,84,52,50.0,90.0,86.32352941176471
persistence_static,30min_3of3,combined,level_shift,1.0,136,136,0,0,68,True,0.38235294117647056,84,52,50.0,80.0,85.07352941176471
persistence_static,30min_3of3,combined,level_shift,2.0,136,136,0,0,68,True,0.36764705882352944,86,50,50.0,80.0,85.88235294117646
persistence_static,30min_3of3,combined,drift,0.5,136,136,0,0,68,True,0.38235294117647056,84,52,50.0,80.0,85.66176470588235
persistence_static,30min_3of3,combined,drift,1.0,136,136,0,0,68,True,0.38235294117647056,84,52,50.0,80.0,85.58823529411765
persistence_static,30min_3of3,combined,drift,2.0,136,136,0,0,68,True,0.5147058823529411,66,70,50.0,80.0,77.3529411764706
persistence_static,30min_3of3,numerical_only,random_missing,0.5,136,63,73,73,50,True,0.38,40,23,50.0,80.0,86.6
persistence_static,30min_3of3,numerical_only,random_missing,1.0,136,105,31,44,64,True,0.3671875,65,40,60.0,91.00000000000001,91.71875
persistence_static,30min_3of3,numerical_only,random_missing,2.0,136,126,10,15,68,True,0.39705882352941174,77,49,80.0,100.0,93.67647058823529
persistence_static,30min_3of3,numerical_only,block_missing,0.5,136,136,0,76,68,True,0.4117647058823529,80,56,60.0,95.0,88.38235294117646
persistence_static,30min_3of3,numerical_only,block_missing,1.0,136,136,0,72,68,True,0.39705882352941174,82,54,70.0,100.0,95.1470588235294
persistence_static,30min_3of3,numerical_only,block_missing,2.0,136,136,0,68,68,True,0.36764705882352944,86,50,80.0,110.0,101.76470588235294
persistence_static,30min_3of3,numerical_only,stuck,0.5,136,136,0,68,68,True,0.4117647058823529,80,56,60.0,95.0,88.38235294117646
persistence_static,30min_3of3,numerical_only,stuck,1.0,136,136,0,71,68,True,0.39705882352941174,82,54,70.0,100.0,95.1470588235294
persistence_static,30min_3of3,numerical_only,stuck,2.0,136,136,0,68,68,True,0.36764705882352944,86,50,80.0,110.0,101.76470588235294
persistence_static,30min_3of3,numerical_only,dropout,0.5,136,136,0,69,68,True,0.4117647058823529,80,56,60.0,90.0,85.88235294117646
persistence_static,30min_3of3,numerical_only,dropout,1.0,136,136,0,69,68,True,0.4117647058823529,80,56,60.0,90.0,86.91176470588235
persistence_static,30min_3of3,numerical_only,dropout,2.0,136,136,0,70,68,True,0.39705882352941174,82,54,80.0,107.00000000000003,98.38235294117646
persistence_static,30min_3of3,numerical_only,bias,0.5,136,136,0,0,68,True,0.375,85,51,50.0,90.0,86.98529411764706
persistence_static,30min_3of3,numerical_only,bias,1.0,136,136,0,0,68,True,0.3897058823529412,83,53,50.0,80.0,84.63235294117646
persistence_static,30min_3of3,numerical_only,bias,2.0,136,136,0,0,68,True,0.40441176470588236,81,55,30.0,70.0,80.66176470588235
persistence_static,30min_3of3,numerical_only,level_shift,0.5,136,136,0,0,68,True,0.38235294117647056,84,52,50.0,90.0,86.32352941176471
persistence_static,30min_3of3,numerical_only,level_shift,1.0,136,136,0,0,68,True,0.38235294117647056,84,52,50.0,80.0,85.07352941176471
persistence_static,30min_3of3,numerical_only,level_shift,2.0,136,136,0,0,68,True,0.36764705882352944,86,50,50.0,80.0,85.88235294117646
persistence_static,30min_3of3,numerical_only,drift,0.5,136,136,0,0,68,True,0.38235294117647056,84,52,50.0,80.0,85.66176470588235
persistence_static,30min_3of3,numerical_only,drift,1.0,136,136,0,0,68,True,0.38235294117647056,84,52,50.0,80.0,85.58823529411765
persistence_static,30min_3of3,numerical_only,drift,2.0,136,136,0,0,68,True,0.5147058823529411,66,70,50.0,80.0,77.3529411764706
persistence_static,360min_4of36,availability_only,random_missing,0.5,136,63,73,73,50,True,0.0,63,0,,,110.0
persistence_static,360min_4of36,availability_only,random_missing,1.0,136,105,31,44,64,True,0.046875,100,5,50.0,50.0,107.109375
persistence_static,360min_4of36,availability_only,random_missing,2.0,136,126,10,15,68,True,0.20588235294117646,101,25,50.0,50.0,96.61764705882354
persistence_static,360min_4of36,availability_only,block_missing,0.5,136,136,0,76,68,True,0.0,136,0,,,110.0
persistence_static,360min_4of36,availability_only,block_missing,1.0,136,136,0,72,68,True,0.0,136,0,,,110.0
persistence_static,360min_4of36,availability_only,block_missing,2.0,136,136,0,68,68,True,1.0,0,136,30.0,30.0,30.0
persistence_static,360min_4of36,availability_only,stuck,0.5,136,136,0,68,68,True,0.0,136,0,,,110.0
persistence_static,360min_4of36,availability_only,stuck,1.0,136,136,0,71,68,True,0.0,136,0,,,110.0
persistence_static,360min_4of36,availability_only,stuck,2.0,136,136,0,68,68,True,0.0,136,0,,,110.0
persistence_static,360min_4of36,availability_only,dropout,0.5,136,136,0,69,68,True,0.0,136,0,,,110.0
persistence_static,360min_4of36,availability_only,dropout,1.0,136,136,0,69,68,True,0.0,136,0,,,110.0
persistence_static,360min_4of36,availability_only,dropout,2.0,136,136,0,70,68,True,0.0,136,0,,,110.0
persistence_static,360min_4of36,availability_only,bias,0.5,136,136,0,0,68,True,0.0,136,0,,,110.0
persistence_static,360min_4of36,availability_only,bias,1.0,136,136,0,0,68,True,0.0,136,0,,,110.0
persistence_static,360min_4of36,availability_only,bias,2.0,136,136,0,0,68,True,0.0,136,0,,,110.0
persistence_static,360min_4of36,availability_only,level_shift,0.5,136,136,0,0,68,True,0.0,136,0,,,110.0
persistence_static,360min_4of36,availability_only,level_shift,1.0,136,136,0,0,68,True,0.0,136,0,,,110.0
persistence_static,360min_4of36,availability_only,level_shift,2.0,136,136,0,0,68,True,0.0,136,0,,,110.0
persistence_static,360min_4of36,availability_only,drift,0.5,136,136,0,0,68,True,0.0,136,0,,,110.0
persistence_static,360min_4of36,availability_only,drift,1.0,136,136,0,0,68,True,0.0,136,0,,,110.0
persistence_static,360min_4of36,availability_only,drift,2.0,136,136,0,0,68,True,0.0,136,0,,,110.0
persistence_static,360min_4of36,combined,random_missing,0.5,136,63,73,73,50,True,0.02,62,1,90.0,90.0,109.6
persistence_static,360min_4of36,combined,random_missing,1.0,136,105,31,44,64,True,0.0546875,99,6,50.0,95.0,107.734375
persistence_static,360min_4of36,combined,random_missing,2.0,136,126,10,15,68,True,0.16911764705882354,105,21,50.0,80.0,99.33823529411765
persistence_static,360min_4of36,combined,block_missing,0.5,136,136,0,76,68,True,0.04411764705882353,130,6,80.0,100.0,108.23529411764706
persistence_static,360min_4of36,combined,block_missing,1.0,136,136,0,72,68,True,0.08823529411764706,124,12,40.0,88.0,104.55882352941177
persistence_static,360min_4of36,combined,block_missing,2.0,136,136,0,68,68,True,0.5147058823529411,66,70,30.0,30.0,68.23529411764706
persistence_static,360min_4of36,combined,stuck,0.5,136,136,0,68,68,True,0.014705882352941176,134,2,100.0,100.0,109.8529411764706
persistence_static,360min_4of36,combined,stuck,1.0,136,136,0,71,68,True,0.014705882352941176,134,2,100.0,100.0,109.8529411764706
persistence_static,360min_4of36,combined,stuck,2.0,136,136,0,68,68,True,0.014705882352941176,134,2,100.0,100.0,109.8529411764706
persistence_static,360min_4of36,combined,dropout,0.5,136,136,0,69,68,True,0.04411764705882353,130,6,80.0,100.0,108.38235294117646
persistence_static,360min_4of36,combined,dropout,1.0,136,136,0,69,68,True,0.04411764705882353,130,6,80.0,100.0,108.38235294117646
persistence_static,360min_4of36,combined,dropout,2.0,136,136,0,70,68,True,0.029411764705882353,132,4,90.0,100.0,109.41176470588235
persistence_static,360min_4of36,combined,bias,0.5,136,136,0,0,68,True,0.014705882352941176,134,2,80.0,80.0,109.55882352941177
persistence_static,360min_4of36,combined,bias,1.0,136,136,0,0,68,True,0.08823529411764706,124,12,50.0,89.0,105.73529411764706
persistence_static,360min_4of36,combined,bias,2.0,136,136,0,0,68,True,0.22794117647058823,105,31,50.0,50.0,96.69117647058823
persistence_static,360min_4of36,combined,level_shift,0.5,136,136,0,0,68,True,0.022058823529411766,133,3,90.0,98.0,109.55882352941177
persistence_static,360min_4of36,combined,level_shift,1.0,136,136,0,0,68,True,0.029411764705882353,132,4,90.0,100.0,109.41176470588235
persistence_static,360min_4of36,combined,level_shift,2.0,136,136,0,0,68,True,0.029411764705882353,132,4,90.0,100.0,109.41176470588235
persistence_static,360min_4of36,combined,drift,0.5,136,136,0,0,68,True,0.022058823529411766,133,3,90.0,98.0,109.63235294117646
persistence_static,360min_4of36,combined,drift,1.0,136,136,0,0,68,True,0.029411764705882353,132,4,95.0,100.0,109.48529411764706
persistence_static,360min_4of36,combined,drift,2.0,136,136,0,0,68,True,0.38235294117647056,84,52,60.0,60.0,90.07352941176471
persistence_static,360min_4of36,numerical_only,random_missing,0.5,136,63,73,73,50,True,0.02,62,1,100.0,100.0,109.8
persistence_static,360min_4of36,numerical_only,random_missing,1.0,136,105,31,44,64,True,0.015625,104,1,100.0,100.0,109.84375
persistence_static,360min_4of36,numerical_only,random_missing,2.0,136,126,10,15,68,True,0.014705882352941176,124,2,100.0,100.0,109.8529411764706
persistence_static,360min_4of36,numerical_only,block_missing,0.5,136,136,0,76,68,True,0.014705882352941176,134,2,100.0,100.0,109.8529411764706
persistence_static,360min_4of36,numerical_only,block_missing,1.0,136,136,0,72,68,True,0.014705882352941176,134,2,100.0,100.0,109.8529411764706
persistence_static,360min_4of36,numerical_only,block_missing,2.0,136,136,0,68,68,True,0.014705882352941176,134,2,100.0,100.0,109.8529411764706
persistence_static,360min_4of36,numerical_only,stuck,0.5,136,136,0,68,68,True,0.014705882352941176,134,2,100.0,100.0,109.8529411764706
persistence_static,360min_4of36,numerical_only,stuck,1.0,136,136,0,71,68,True,0.014705882352941176,134,2,100.0,100.0,109.8529411764706
persistence_static,360min_4of36,numerical_only,stuck,2.0,136,136,0,68,68,True,0.014705882352941176,134,2,100.0,100.0,109.8529411764706
persistence_static,360min_4of36,numerical_only,dropout,0.5,136,136,0,69,68,True,0.04411764705882353,130,6,80.0,100.0,108.38235294117646
persistence_static,360min_4of36,numerical_only,dropout,1.0,136,136,0,69,68,True,0.04411764705882353,130,6,80.0,100.0,108.38235294117646
persistence_static,360min_4of36,numerical_only,dropout,2.0,136,136,0,70,68,True,0.029411764705882353,132,4,90.0,100.0,109.41176470588235
persistence_static,360min_4of36,numerical_only,bias,0.5,136,136,0,0,68,True,0.014705882352941176,134,2,80.0,80.0,109.55882352941177
persistence_static,360min_4of36,numerical_only,bias,1.0,136,136,0,0,68,True,0.08823529411764706,124,12,50.0,89.0,105.73529411764706
persistence_static,360min_4of36,numerical_only,bias,2.0,136,136,0,0,68,True,0.22794117647058823,105,31,50.0,50.0,96.69117647058823
persistence_static,360min_4of36,numerical_only,level_shift,0.5,136,136,0,0,68,True,0.022058823529411766,133,3,90.0,98.0,109.55882352941177
persistence_static,360min_4of36,numerical_only,level_shift,1.0,136,136,0,0,68,True,0.029411764705882353,132,4,90.0,100.0,109.41176470588235
persistence_static,360min_4of36,numerical_only,level_shift,2.0,136,136,0,0,68,True,0.029411764705882353,132,4,90.0,100.0,109.41176470588235
persistence_static,360min_4of36,numerical_only,drift,0.5,136,136,0,0,68,True,0.022058823529411766,133,3,90.0,98.0,109.63235294117646
persistence_static,360min_4of36,numerical_only,drift,1.0,136,136,0,0,68,True,0.029411764705882353,132,4,95.0,100.0,109.48529411764706
persistence_static,360min_4of36,numerical_only,drift,2.0,136,136,0,0,68,True,0.38235294117647056,84,52,60.0,60.0,90.07352941176471
persistence_static,60min_4of6,availability_only,random_missing,0.5,136,63,73,73,50,True,0.0,63,0,,,110.0
persistence_static,60min_4of6,availability_only,random_missing,1.0,136,105,31,44,64,True,0.046875,100,5,50.0,50.0,107.109375
persistence_static,60min_4of6,availability_only,random_missing,2.0,136,126,10,15,68,True,0.20588235294117646,101,25,50.0,50.0,96.61764705882354
persistence_static,60min_4of6,availability_only,block_missing,0.5,136,136,0,76,68,True,0.0,136,0,,,110.0
persistence_static,60min_4of6,availability_only,block_missing,1.0,136,136,0,72,68,True,0.0,136,0,,,110.0
persistence_static,60min_4of6,availability_only,block_missing,2.0,136,136,0,68,68,True,1.0,0,136,30.0,30.0,30.0
persistence_static,60min_4of6,availability_only,stuck,0.5,136,136,0,68,68,True,0.0,136,0,,,110.0
persistence_static,60min_4of6,availability_only,stuck,1.0,136,136,0,71,68,True,0.0,136,0,,,110.0
persistence_static,60min_4of6,availability_only,stuck,2.0,136,136,0,68,68,True,0.0,136,0,,,110.0
persistence_static,60min_4of6,availability_only,dropout,0.5,136,136,0,69,68,True,0.0,136,0,,,110.0
persistence_static,60min_4of6,availability_only,dropout,1.0,136,136,0,69,68,True,0.0,136,0,,,110.0
persistence_static,60min_4of6,availability_only,dropout,2.0,136,136,0,70,68,True,0.0,136,0,,,110.0
persistence_static,60min_4of6,availability_only,bias,0.5,136,136,0,0,68,True,0.0,136,0,,,110.0
persistence_static,60min_4of6,availability_only,bias,1.0,136,136,0,0,68,True,0.0,136,0,,,110.0
persistence_static,60min_4of6,availability_only,bias,2.0,136,136,0,0,68,True,0.0,136,0,,,110.0
persistence_static,60min_4of6,availability_only,level_shift,0.5,136,136,0,0,68,True,0.0,136,0,,,110.0
persistence_static,60min_4of6,availability_only,level_shift,1.0,136,136,0,0,68,True,0.0,136,0,,,110.0
persistence_static,60min_4of6,availability_only,level_shift,2.0,136,136,0,0,68,True,0.0,136,0,,,110.0
persistence_static,60min_4of6,availability_only,drift,0.5,136,136,0,0,68,True,0.0,136,0,,,110.0
persistence_static,60min_4of6,availability_only,drift,1.0,136,136,0,0,68,True,0.0,136,0,,,110.0
persistence_static,60min_4of6,availability_only,drift,2.0,136,136,0,0,68,True,0.0,136,0,,,110.0
persistence_static,60min_4of6,combined,random_missing,0.5,136,63,73,73,50,True,0.13,56,7,20.0,82.00000000000001,100.4
persistence_static,60min_4of6,combined,random_missing,1.0,136,105,31,44,64,True,0.140625,90,15,40.0,92.0,100.46875
persistence_static,60min_4of6,combined,random_missing,2.0,136,126,10,15,68,True,0.25,95,31,40.0,80.0,93.45588235294117
persistence_static,60min_4of6,combined,block_missing,0.5,136,136,0,76,68,True,0.16176470588235295,114,22,20.0,100.0,98.52941176470588
persistence_static,60min_4of6,combined,block_missing,1.0,136,136,0,72,68,True,0.16176470588235295,114,22,10.0,110.0,98.82352941176471
persistence_static,60min_4of6,combined,block_missing,2.0,136,136,0,68,68,True,0.6470588235294118,48,88,30.0,30.0,56.1764705882353
persistence_static,60min_4of6,combined,stuck,0.5,136,136,0,68,68,True,0.3235294117647059,92,44,75.0,100.0,94.26470588235294
persistence_static,60min_4of6,combined,stuck,1.0,136,136,0,71,68,True,0.4264705882352941,78,58,80.0,93.00000000000004,96.17647058823529
persistence_static,60min_4of6,combined,stuck,2.0,136,136,0,68,68,True,0.36764705882352944,86,50,90.0,110.0,104.8529411764706
persistence_static,60min_4of6,combined,dropout,0.5,136,136,0,69,68,True,0.17647058823529413,112,24,40.0,90.0,98.97058823529412
persistence_static,60min_4of6,combined,dropout,1.0,136,136,0,69,68,True,0.3088235294117647,94,42,50.0,80.0,91.17647058823529
persistence_static,60min_4of6,combined,dropout,2.0,136,136,0,70,68,True,0.39705882352941174,82,54,90.0,100.0,102.79411764705883
persistence_static,60min_4of6,combined,bias,0.5,136,136,0,0,68,True,0.16911764705882354,113,23,50.0,98.0,99.33823529411765
persistence_static,60min_4of6,combined,bias,1.0,136,136,0,0,68,True,0.18382352941176472,111,25,50.0,80.0,97.5
persistence_static,60min_4of6,combined,bias,2.0,136,136,0,0,68,True,0.3235294117647059,92,44,50.0,50.0,87.57352941176471
persistence_static,60min_4of6,combined,level_shift,0.5,136,136,0,0,68,True,0.13970588235294118,117,19,20.0,102.0,100.51470588235294
persistence_static,60min_4of6,combined,level_shift,1.0,136,136,0,0,68,True,0.13970588235294118,117,19,20.0,90.0,99.77941176470588
persistence_static,60min_4of6,combined,level_shift,2.0,136,136,0,0,68,True,0.15441176470588236,115,21,10.0,90.0,98.52941176470588
persistence_static,60min_4of6,combined,drift,0.5,136,136,0,0,68,True,0.16911764705882354,113,23,20.0,98.0,98.16176470588235
persistence_static,60min_4of6,combined,drift,1.0,136,136,0,0,68,True,0.15441176470588236,115,21,20.0,90.0,99.11764705882354
persistence_static,60min_4of6,combined,drift,2.0,136,136,0,0,68,True,0.5441176470588235,62,74,60.0,60.0,79.11764705882354
persistence_static,60min_4of6,numerical_only,random_missing,0.5,136,63,73,73,50,True,0.2,53,10,60.0,101.0,100.0
persistence_static,60min_4of6,numerical_only,random_missing,1.0,136,105,31,44,64,True,0.28125,76,29,60.0,102.0,96.171875
persistence_static,60min_4of6,numerical_only,random_missing,2.0,136,126,10,15,68,True,0.3161764705882353,86,40,70.0,100.0,98.16176470588235
persistence_static,60min_4of6,numerical_only,block_missing,0.5,136,136,0,76,68,True,0.3235294117647059,92,44,75.0,100.0,94.26470588235294
persistence_static,60min_4of6,numerical_only,block_missing,1.0,136,136,0,72,68,True,0.4264705882352941,78,58,80.0,93.00000000000004,96.17647058823529
persistence_static,60min_4of6,numerical_only,block_missing,2.0,136,136,0,68,68,True,0.36764705882352944,86,50,90.0,110.0,104.8529411764706
persistence_static,60min_4of6,numerical_only,stuck,0.5,136,136,0,68,68,True,0.3235294117647059,92,44,75.0,100.0,94.26470588235294
persistence_static,60min_4of6,numerical_only,stuck,1.0,136,136,0,71,68,True,0.4264705882352941,78,58,80.0,93.00000000000004,96.17647058823529
persistence_static,60min_4of6,numerical_only,stuck,2.0,136,136,0,68,68,True,0.36764705882352944,86,50,90.0,110.0,104.8529411764706
persistence_static,60min_4of6,numerical_only,dropout,0.5,136,136,0,69,68,True,0.17647058823529413,112,24,40.0,90.0,98.97058823529412
persistence_static,60min_4of6,numerical_only,dropout,1.0,136,136,0,69,68,True,0.3088235294117647,94,42,50.0,80.0,91.17647058823529
persistence_static,60min_4of6,numerical_only,dropout,2.0,136,136,0,70,68,True,0.39705882352941174,82,54,90.0,100.0,102.79411764705883
persistence_static,60min_4of6,numerical_only,bias,0.5,136,136,0,0,68,True,0.16911764705882354,113,23,50.0,98.0,99.33823529411765
persistence_static,60min_4of6,numerical_only,bias,1.0,136,136,0,0,68,True,0.18382352941176472,111,25,50.0,80.0,97.5
persistence_static,60min_4of6,numerical_only,bias,2.0,136,136,0,0,68,True,0.3235294117647059,92,44,50.0,50.0,87.57352941176471
persistence_static,60min_4of6,numerical_only,level_shift,0.5,136,136,0,0,68,True,0.13970588235294118,117,19,20.0,102.0,100.51470588235294
persistence_static,60min_4of6,numerical_only,level_shift,1.0,136,136,0,0,68,True,0.13970588235294118,117,19,20.0,90.0,99.77941176470588
persistence_static,60min_4of6,numerical_only,level_shift,2.0,136,136,0,0,68,True,0.15441176470588236,115,21,10.0,90.0,98.52941176470588
persistence_static,60min_4of6,numerical_only,drift,0.5,136,136,0,0,68,True,0.16911764705882354,113,23,20.0,98.0,98.16176470588235
persistence_static,60min_4of6,numerical_only,drift,1.0,136,136,0,0,68,True,0.15441176470588236,115,21,20.0,90.0,99.11764705882354
persistence_static,60min_4of6,numerical_only,drift,2.0,136,136,0,0,68,True,0.5441176470588235,62,74,60.0,60.0,79.11764705882354
persistence_static,single_sample,availability_only,random_missing,0.5,136,63,73,73,50,True,1.0,0,63,20.0,48.00000000000004,21.3
persistence_static,single_sample,availability_only,random_missing,1.0,136,105,31,44,64,True,1.0,0,105,20.0,46.000000000000085,17.8125
persistence_static,single_sample,availability_only,random_missing,2.0,136,126,10,15,68,True,1.0,0,126,10.0,30.0,11.911764705882353
persistence_static,single_sample,availability_only,block_missing,0.5,136,136,0,76,68,True,1.0,0,136,20.0,20.0,20.0
persistence_static,single_sample,availability_only,block_missing,1.0,136,136,0,72,68,True,1.0,0,136,10.0,10.0,10.0
persistence_static,single_sample,availability_only,block_missing,2.0,136,136,0,68,68,True,1.0,0,136,0.0,0.0,0.0
persistence_static,single_sample,availability_only,stuck,0.5,136,136,0,68,68,True,0.0,136,0,,,110.0
persistence_static,single_sample,availability_only,stuck,1.0,136,136,0,71,68,True,0.0,136,0,,,110.0
persistence_static,single_sample,availability_only,stuck,2.0,136,136,0,68,68,True,0.0,136,0,,,110.0
persistence_static,single_sample,availability_only,dropout,0.5,136,136,0,69,68,True,0.0,136,0,,,110.0
persistence_static,single_sample,availability_only,dropout,1.0,136,136,0,69,68,True,0.0,136,0,,,110.0
persistence_static,single_sample,availability_only,dropout,2.0,136,136,0,70,68,True,0.0,136,0,,,110.0
persistence_static,single_sample,availability_only,bias,0.5,136,136,0,0,68,True,0.0,136,0,,,110.0
persistence_static,single_sample,availability_only,bias,1.0,136,136,0,0,68,True,0.0,136,0,,,110.0
persistence_static,single_sample,availability_only,bias,2.0,136,136,0,0,68,True,0.0,136,0,,,110.0
persistence_static,single_sample,availability_only,level_shift,0.5,136,136,0,0,68,True,0.0,136,0,,,110.0
persistence_static,single_sample,availability_only,level_shift,1.0,136,136,0,0,68,True,0.0,136,0,,,110.0
persistence_static,single_sample,availability_only,level_shift,2.0,136,136,0,0,68,True,0.0,136,0,,,110.0
persistence_static,single_sample,availability_only,drift,0.5,136,136,0,0,68,True,0.0,136,0,,,110.0
persistence_static,single_sample,availability_only,drift,1.0,136,136,0,0,68,True,0.0,136,0,,,110.0
persistence_static,single_sample,availability_only,drift,2.0,136,136,0,0,68,True,0.0,136,0,,,110.0
persistence_static,single_sample,combined,random_missing,0.5,136,63,73,73,50,True,0.94,5,58,20.0,50.0,32.4
persistence_static,single_sample,combined,random_missing,1.0,136,105,31,44,64,True,0.9296875,9,96,20.0,50.0,31.40625
persistence_static,single_sample,combined,random_missing,2.0,136,126,10,15,68,True,0.9117647058823529,11,115,10.0,60.0,29.779411764705884
persistence_static,single_sample,combined,block_missing,0.5,136,136,0,76,68,True,0.9264705882352942,10,126,20.0,60.0,32.94117647058823
persistence_static,single_sample,combined,block_missing,1.0,136,136,0,72,68,True,0.9264705882352942,10,126,10.0,60.0,27.794117647058822
persistence_static,single_sample,combined,block_missing,2.0,136,136,0,68,68,True,0.8382352941176471,22,114,0.0,80.0,32.794117647058826
persistence_static,single_sample,combined,stuck,0.5,136,136,0,68,68,True,0.5,68,68,40.0,60.0,73.52941176470588
persistence_static,single_sample,combined,stuck,1.0,136,136,0,71,68,True,0.47058823529411764,72,64,40.0,50.0,77.05882352941177
persistence_static,single_sample,combined,stuck,2.0,136,136,0,68,68,True,0.45588235294117646,74,62,60.0,70.0,88.67647058823529
persistence_static,single_sample,combined,dropout,0.5,136,136,0,69,68,True,1.0,0,136,20.0,40.0,23.08823529411765
persistence_static,single_sample,combined,dropout,1.0,136,136,0,69,68,True,1.0,0,136,10.0,40.0,17.794117647058822
persistence_static,single_sample,combined,dropout,2.0,136,136,0,70,68,True,1.0,0,136,0.0,60.0,20.441176470588236
persistence_static,single_sample,combined,bias,0.5,136,136,0,0,68,True,0.8602941176470589,19,117,20.0,54.00000000000006,38.088235294117645
persistence_static,single_sample,combined,bias,1.0,136,136,0,0,68,True,0.9338235294117647,9,127,10.0,40.0,23.970588235294116
persistence_static,single_sample,combined,bias,2.0,136,136,0,0,68,True,0.9191176470588235,11,125,10.0,46.000000000000085,25.88235294117647
persistence_static,single_sample,combined,level_shift,0.5,136,136,0,0,68,True,0.9411764705882353,8,128,0.0,60.0,26.397058823529413
persistence_static,single_sample,combined,level_shift,1.0,136,136,0,0,68,True,0.9411764705882353,8,128,0.0,42.99999999999997,17.86764705882353
persistence_static,single_sample,combined,level_shift,2.0,136,136,0,0,68,True,0.9191176470588235,11,125,0.0,40.0,18.529411764705884
persistence_static,single_sample,combined,drift,0.5,136,136,0,0,68,True,0.8602941176470589,19,117,60.0,60.0,53.38235294117647
persistence_static,single_sample,combined,drift,1.0,136,136,0,0,68,True,0.9485294117647058,7,129,40.0,60.0,41.3235294117647
persistence_static,single_sample,combined,drift,2.0,136,136,0,0,68,True,0.9117647058823529,12,124,20.0,47.00000000000003,27.941176470588236
persistence_static,single_sample,numerical_only,random_missing,0.5,136,63,73,73,50,True,0.46,35,28,20.0,63.00000000000001,71.6
persistence_static,single_sample,numerical_only,random_missing,1.0,136,105,31,44,64,True,0.484375,53,52,20.0,60.0,71.015625
persistence_static,single_sample,numerical_only,random_missing,2.0,136,126,10,15,68,True,0.4852941176470588,66,60,30.0,51.000000000000014,70.1470588235294
persistence_static,single_sample,numerical_only,block_missing,0.5,136,136,0,76,68,True,0.5,68,68,40.0,60.0,73.52941176470588
persistence_static,single_sample,numerical_only,block_missing,1.0,136,136,0,72,68,True,0.47058823529411764,72,64,40.0,50.0,77.05882352941177
persistence_static,single_sample,numerical_only,block_missing,2.0,136,136,0,68,68,True,0.45588235294117646,74,62,60.0,70.0,88.67647058823529
persistence_static,single_sample,numerical_only,stuck,0.5,136,136,0,68,68,True,0.5,68,68,40.0,60.0,73.52941176470588
persistence_static,single_sample,numerical_only,stuck,1.0,136,136,0,71,68,True,0.47058823529411764,72,64,40.0,50.0,77.05882352941177
persistence_static,single_sample,numerical_only,stuck,2.0,136,136,0,68,68,True,0.45588235294117646,74,62,60.0,70.0,88.67647058823529
persistence_static,single_sample,numerical_only,dropout,0.5,136,136,0,69,68,True,1.0,0,136,20.0,40.0,23.08823529411765
persistence_static,single_sample,numerical_only,dropout,1.0,136,136,0,69,68,True,1.0,0,136,10.0,40.0,17.794117647058822
persistence_static,single_sample,numerical_only,dropout,2.0,136,136,0,70,68,True,1.0,0,136,0.0,60.0,20.441176470588236
persistence_static,single_sample,numerical_only,bias,0.5,136,136,0,0,68,True,0.8602941176470589,19,117,20.0,54.00000000000006,38.088235294117645
persistence_static,single_sample,numerical_only,bias,1.0,136,136,0,0,68,True,0.9338235294117647,9,127,10.0,40.0,23.970588235294116
persistence_static,single_sample,numerical_only,bias,2.0,136,136,0,0,68,True,0.9191176470588235,11,125,10.0,46.000000000000085,25.88235294117647
persistence_static,single_sample,numerical_only,level_shift,0.5,136,136,0,0,68,True,0.9411764705882353,8,128,0.0,60.0,26.397058823529413
persistence_static,single_sample,numerical_only,level_shift,1.0,136,136,0,0,68,True,0.9411764705882353,8,128,0.0,42.99999999999997,17.86764705882353
persistence_static,single_sample,numerical_only,level_shift,2.0,136,136,0,0,68,True,0.9191176470588235,11,125,0.0,40.0,18.529411764705884
persistence_static,single_sample,numerical_only,drift,0.5,136,136,0,0,68,True,0.8602941176470589,19,117,60.0,60.0,53.38235294117647
persistence_static,single_sample,numerical_only,drift,1.0,136,136,0,0,68,True,0.9485294117647058,7,129,40.0,60.0,41.3235294117647
persistence_static,single_sample,numerical_only,drift,2.0,136,136,0,0,68,True,0.9117647058823529,12,124,20.0,47.00000000000003,27.941176470588236
quantile_static,180min_3of18,availability_only,random_missing,0.5,136,63,73,73,50,True,0.03,61,2,40.0,48.0,107.8
quantile_static,180min_3of18,availability_only,random_missing,1.0,136,105,31,44,64,True,0.140625,90,15,40.0,50.0,100.234375
quantile_static,180min_3of18,availability_only,random_missing,2.0,136,126,10,15,68,True,0.47794117647058826,66,60,40.0,50.0,75.73529411764706
quantile_static,180min_3of18,availability_only,block_missing,0.5,136,136,0,76,68,True,0.0,136,0,,,110.0
quantile_static,180min_3of18,availability_only,block_missing,1.0,136,136,0,72,68,True,1.0,0,136,30.0,30.0,30.0
quantile_static,180min_3of18,availability_only,block_missing,2.0,136,136,0,68,68,True,1.0,0,136,20.0,20.0,20.0
quantile_static,180min_3of18,availability_only,stuck,0.5,136,136,0,68,68,True,0.0,136,0,,,110.0
quantile_static,180min_3of18,availability_only,stuck,1.0,136,136,0,71,68,True,0.0,136,0,,,110.0
quantile_static,180min_3of18,availability_only,stuck,2.0,136,136,0,68,68,True,0.0,136,0,,,110.0
quantile_static,180min_3of18,availability_only,dropout,0.5,136,136,0,69,68,True,0.0,136,0,,,110.0
quantile_static,180min_3of18,availability_only,dropout,1.0,136,136,0,69,68,True,0.0,136,0,,,110.0
quantile_static,180min_3of18,availability_only,dropout,2.0,136,136,0,70,68,True,0.0,136,0,,,110.0
quantile_static,180min_3of18,availability_only,bias,0.5,136,136,0,0,68,True,0.0,136,0,,,110.0
quantile_static,180min_3of18,availability_only,bias,1.0,136,136,0,0,68,True,0.0,136,0,,,110.0
quantile_static,180min_3of18,availability_only,bias,2.0,136,136,0,0,68,True,0.0,136,0,,,110.0
quantile_static,180min_3of18,availability_only,level_shift,0.5,136,136,0,0,68,True,0.0,136,0,,,110.0
quantile_static,180min_3of18,availability_only,level_shift,1.0,136,136,0,0,68,True,0.0,136,0,,,110.0
quantile_static,180min_3of18,availability_only,level_shift,2.0,136,136,0,0,68,True,0.0,136,0,,,110.0
quantile_static,180min_3of18,availability_only,drift,0.5,136,136,0,0,68,True,0.0,136,0,,,110.0
quantile_static,180min_3of18,availability_only,drift,1.0,136,136,0,0,68,True,0.0,136,0,,,110.0
quantile_static,180min_3of18,availability_only,drift,2.0,136,136,0,0,68,True,0.0,136,0,,,110.0
quantile_static,180min_3of18,combined,random_missing,0.5,136,63,73,73,50,True,0.28,46,17,40.0,78.0,87.8
quantile_static,180min_3of18,combined,random_missing,1.0,136,105,31,44,64,True,0.296875,76,29,30.0,50.0,85.546875
quantile_static,180min_3of18,combined,random_missing,2.0,136,126,10,15,68,True,0.29411764705882354,88,38,15.0,40.0,83.23529411764706
quantile_static,180min_3of18,combined,block_missing,0.5,136,136,0,76,68,True,0.29411764705882354,96,40,20.0,61.000000000000014,85.44117647058823
quantile_static,180min_3of18,combined,block_missing,1.0,136,136,0,72,68,True,0.35294117647058826,88,48,15.0,30.0,76.91176470588235
quantile_static,180min_3of18,combined,block_missing,2.0,136,136,0,68,68,True,0.3235294117647059,92,44,10.0,20.0,77.5
quantile_static,180min_3of18,combined,stuck,0.5,136,136,0,68,68,True,0.2647058823529412,100,36,60.0,80.0,93.82352941176471
quantile_static,180min_3of18,combined,stuck,1.0,136,136,0,71,68,True,0.2647058823529412,100,36,65.0,85.0,94.26470588235294
quantile_static,180min_3of18,combined,stuck,2.0,136,136,0,68,68,True,0.2647058823529412,100,36,70.0,100.0,98.52941176470588
quantile_static,180min_3of18,combined,dropout,0.5,136,136,0,69,68,True,0.3235294117647059,92,44,20.0,60.0,83.38235294117646
quantile_static,180min_3of18,combined,dropout,1.0,136,136,0,69,68,True,0.35294117647058826,88,48,15.0,30.0,76.91176470588235
quantile_static,180min_3of18,combined,dropout,2.0,136,136,0,70,68,True,0.3235294117647059,92,44,10.0,20.0,77.5
quantile_static,180min_3of18,combined,bias,0.5,136,136,0,0,68,True,0.3382352941176471,90,46,50.0,85.0,87.72058823529412
quantile_static,180min_3of18,combined,bias,1.0,136,136,0,0,68,True,0.34558823529411764,89,47,30.0,73.99999999999999,84.8529411764706
quantile_static,180min_3of18,combined,bias,2.0,136,136,0,0,68,True,0.34558823529411764,89,47,30.0,70.0,83.30882352941177
quantile_static,180min_3of18,combined,level_shift,0.5,136,136,0,0,68,True,0.3161764705882353,93,43,70.0,98.00000000000004,93.08823529411765
quantile_static,180min_3of18,combined,level_shift,1.0,136,136,0,0,68,True,0.3161764705882353,93,43,50.0,88.00000000000004,88.97058823529412
quantile_static,180min_3of18,combined,level_shift,2.0,136,136,0,0,68,True,0.3161764705882353,93,43,20.0,70.0,85.29411764705883
quantile_static,180min_3of18,combined,drift,0.5,136,136,0,0,68,True,0.3161764705882353,93,43,40.0,78.00000000000004,87.5
quantile_static,180min_3of18,combined,drift,1.0,136,136,0,0,68,True,0.3235294117647059,92,44,30.0,80.0,87.13235294117646
quantile_static,180min_3of18,combined,drift,2.0,136,136,0,0,68,True,0.3161764705882353,93,43,30.0,88.00000000000004,87.6470588235294
quantile_static,180min_3of18,numerical_only,random_missing,0.5,136,63,73,73,50,True,0.16,55,8,30.0,73.0,97.2
quantile_static,180min_3of18,numerical_only,random_missing,1.0,136,105,31,44,64,True,0.2265625,82,23,60.0,90.0,95.546875
quantile_static,180min_3of18,numerical_only,random_missing,2.0,136,126,10,15,68,True,0.2426470588235294,97,29,60.0,82.0,95.73529411764706
quantile_static,180min_3of18,numerical_only,block_missing,0.5,136,136,0,76,68,True,0.2647058823529412,100,36,60.0,80.0,93.82352941176471
quantile_static,180min_3of18,numerical_only,block_missing,1.0,136,136,0,72,68,True,0.25,102,34,70.0,87.0,96.17647058823529
quantile_static,180min_3of18,numerical_only,block_missing,2.0,136,136,0,68,68,True,0.27941176470588236,98,38,80.0,96.00000000000009,101.32352941176471
quantile_static,180min_3of18,numerical_only,stuck,0.5,136,136,0,68,68,True,0.2647058823529412,100,36,60.0,80.0,93.82352941176471
quantile_static,180min_3of18,numerical_only,stuck,1.0,136,136,0,71,68,True,0.2647058823529412,100,36,65.0,85.0,94.26470588235294
quantile_static,180min_3of18,numerical_only,stuck,2.0,136,136,0,68,68,True,0.2647058823529412,100,36,70.0,100.0,98.52941176470588
quantile_static,180min_3of18,numerical_only,dropout,0.5,136,136,0,69,68,True,0.3235294117647059,92,44,20.0,60.0,83.38235294117646
quantile_static,180min_3of18,numerical_only,dropout,1.0,136,136,0,69,68,True,0.35294117647058826,88,48,15.0,30.0,76.91176470588235
quantile_static,180min_3of18,numerical_only,dropout,2.0,136,136,0,70,68,True,0.3235294117647059,92,44,10.0,20.0,77.5
quantile_static,180min_3of18,numerical_only,bias,0.5,136,136,0,0,68,True,0.3382352941176471,90,46,50.0,85.0,87.72058823529412
quantile_static,180min_3of18,numerical_only,bias,1.0,136,136,0,0,68,True,0.34558823529411764,89,47,30.0,73.99999999999999,84.8529411764706
quantile_static,180min_3of18,numerical_only,bias,2.0,136,136,0,0,68,True,0.34558823529411764,89,47,30.0,70.0,83.30882352941177
quantile_static,180min_3of18,numerical_only,level_shift,0.5,136,136,0,0,68,True,0.3161764705882353,93,43,70.0,98.00000000000004,93.08823529411765
quantile_static,180min_3of18,numerical_only,level_shift,1.0,136,136,0,0,68,True,0.3161764705882353,93,43,50.0,88.00000000000004,88.97058823529412
quantile_static,180min_3of18,numerical_only,level_shift,2.0,136,136,0,0,68,True,0.3161764705882353,93,43,20.0,70.0,85.29411764705883
quantile_static,180min_3of18,numerical_only,drift,0.5,136,136,0,0,68,True,0.3161764705882353,93,43,40.0,78.00000000000004,87.5
quantile_static,180min_3of18,numerical_only,drift,1.0,136,136,0,0,68,True,0.3235294117647059,92,44,30.0,80.0,87.13235294117646
quantile_static,180min_3of18,numerical_only,drift,2.0,136,136,0,0,68,True,0.3161764705882353,93,43,30.0,88.00000000000004,87.6470588235294
quantile_static,30min_3of3,availability_only,random_missing,0.5,136,63,73,73,50,True,0.01,62,1,50.0,50.0,109.4
quantile_static,30min_3of3,availability_only,random_missing,1.0,136,105,31,44,64,True,0.0546875,99,6,45.0,50.0,106.328125
quantile_static,30min_3of3,availability_only,random_missing,2.0,136,126,10,15,68,True,0.19852941176470587,102,24,30.0,50.0,94.63235294117646
quantile_static,30min_3of3,availability_only,block_missing,0.5,136,136,0,76,68,True,0.0,136,0,,,110.0
quantile_static,30min_3of3,availability_only,block_missing,1.0,136,136,0,72,68,True,1.0,0,136,30.0,30.0,30.0
quantile_static,30min_3of3,availability_only,block_missing,2.0,136,136,0,68,68,True,1.0,0,136,20.0,20.0,20.0
quantile_static,30min_3of3,availability_only,stuck,0.5,136,136,0,68,68,True,0.0,136,0,,,110.0
quantile_static,30min_3of3,availability_only,stuck,1.0,136,136,0,71,68,True,0.0,136,0,,,110.0
quantile_static,30min_3of3,availability_only,stuck,2.0,136,136,0,68,68,True,0.0,136,0,,,110.0
quantile_static,30min_3of3,availability_only,dropout,0.5,136,136,0,69,68,True,0.0,136,0,,,110.0
quantile_static,30min_3of3,availability_only,dropout,1.0,136,136,0,69,68,True,0.0,136,0,,,110.0
quantile_static,30min_3of3,availability_only,dropout,2.0,136,136,0,70,68,True,0.0,136,0,,,110.0
quantile_static,30min_3of3,availability_only,bias,0.5,136,136,0,0,68,True,0.0,136,0,,,110.0
quantile_static,30min_3of3,availability_only,bias,1.0,136,136,0,0,68,True,0.0,136,0,,,110.0
quantile_static,30min_3of3,availability_only,bias,2.0,136,136,0,0,68,True,0.0,136,0,,,110.0
quantile_static,30min_3of3,availability_only,level_shift,0.5,136,136,0,0,68,True,0.0,136,0,,,110.0
quantile_static,30min_3of3,availability_only,level_shift,1.0,136,136,0,0,68,True,0.0,136,0,,,110.0
quantile_static,30min_3of3,availability_only,level_shift,2.0,136,136,0,0,68,True,0.0,136,0,,,110.0
quantile_static,30min_3of3,availability_only,drift,0.5,136,136,0,0,68,True,0.0,136,0,,,110.0
quantile_static,30min_3of3,availability_only,drift,1.0,136,136,0,0,68,True,0.0,136,0,,,110.0
quantile_static,30min_3of3,availability_only,drift,2.0,136,136,0,0,68,True,0.0,136,0,,,110.0
quantile_static,30min_3of3,combined,random_missing,0.5,136,63,73,73,50,True,0.28,48,15,50.0,90.0,91.2
quantile_static,30min_3of3,combined,random_missing,1.0,136,105,31,44,64,True,0.3046875,72,33,30.0,70.0,87.8125
quantile_static,30min_3of3,combined,random_missing,2.0,136,126,10,15,68,True,0.5073529411764706,62,64,30.0,60.0,71.02941176470588
quantile_static,30min_3of3,combined,block_missing,0.5,136,136,0,76,68,True,0.45588235294117646,74,62,40.0,70.0,77.5
quantile_static,30min_3of3,combined,block_missing,1.0,136,136,0,72,68,True,1.0,0,136,30.0,30.0,26.029411764705884
quantile_static,30min_3of3,combined,block_missing,2.0,136,136,0,68,68,True,1.0,0,136,20.0,20.0,16.323529411764707
quantile_static,30min_3of3,combined,stuck,0.5,136,136,0,68,68,True,0.14705882352941177,116,20,65.0,92.00000000000003,101.91176470588235
quantile_static,30min_3of3,combined,stuck,1.0,136,136,0,71,68,True,0.1323529411764706,118,18,50.0,90.0,101.47058823529412
quantile_static,30min_3of3,combined,stuck,2.0,136,136,0,68,68,True,0.16176470588235295,114,22,50.0,100.0,100.1470588235294
quantile_static,30min_3of3,combined,dropout,0.5,136,136,0,69,68,True,0.3235294117647059,92,44,30.0,80.0,88.23529411764706
quantile_static,30min_3of3,combined,dropout,1.0,136,136,0,69,68,True,0.9411764705882353,8,128,30.0,30.0,31.470588235294116
quantile_static,30min_3of3,combined,dropout,2.0,136,136,0,70,68,True,1.0,0,136,20.0,20.0,16.323529411764707
quantile_static,30min_3of3,combined,bias,0.5,136,136,0,0,68,True,0.36764705882352944,86,50,30.0,90.0,86.3970588235294
quantile_static,30min_3of3,combined,bias,1.0,136,136,0,0,68,True,0.4632352941176471,73,63,30.0,70.0,76.32352941176471
quantile_static,30min_3of3,combined,bias,2.0,136,136,0,0,68,True,0.47794117647058826,71,65,30.0,70.0,73.16176470588235
quantile_static,30min_3of3,combined,level_shift,0.5,136,136,0,0,68,True,0.3088235294117647,94,42,20.0,98.99999999999999,88.38235294117646
quantile_static,30min_3of3,combined,level_shift,1.0,136,136,0,0,68,True,0.41911764705882354,79,57,20.0,80.0,77.94117647058823
quantile_static,30min_3of3,combined,level_shift,2.0,136,136,0,0,68,True,0.47794117647058826,71,65,20.0,62.00000000000003,70.0
quantile_static,30min_3of3,combined,drift,0.5,136,136,0,0,68,True,0.29411764705882354,96,40,50.0,100.0,92.6470588235294
quantile_static,30min_3of3,combined,drift,1.0,136,136,0,0,68,True,0.41911764705882354,79,57,30.0,80.0,81.3970588235294
quantile_static,30min_3of3,combined,drift,2.0,136,136,0,0,68,True,0.4264705882352941,78,58,30.0,80.0,77.6470588235294
quantile_static,30min_3of3,numerical_only,random_missing,0.5,136,63,73,73,50,True,0.12,57,6,70.0,100.0,104.6
quantile_static,30min_3of3,numerical_only,random_missing,1.0,136,105,31,44,64,True,0.1171875,95,10,50.0,92.0,102.734375
quantile_static,30min_3of3,numerical_only,random_missing,2.0,136,126,10,15,68,True,0.08823529411764706,115,11,90.0,110.0,106.61764705882354
quantile_static,30min_3of3,numerical_only,block_missing,0.5,136,136,0,76,68,True,0.1323529411764706,118,18,70.0,96.00000000000001,103.08823529411765
quantile_static,30min_3of3,numerical_only,block_missing,1.0,136,136,0,72,68,True,0.08823529411764706,124,12,80.0,90.0,105.29411764705883
quantile_static,30min_3of3,numerical_only,block_missing,2.0,136,136,0,68,68,True,0.058823529411764705,128,8,95.0,110.0,109.11764705882354
quantile_static,30min_3of3,numerical_only,stuck,0.5,136,136,0,68,68,True,0.14705882352941177,116,20,65.0,92.00000000000003,101.91176470588235
quantile_static,30min_3of3,numerical_only,stuck,1.0,136,136,0,71,68,True,0.1323529411764706,118,18,50.0,90.0,101.47058823529412
quantile_static,30min_3of3,numerical_only,stuck,2.0,136,136,0,68,68,True,0.16176470588235295,114,22,50.0,100.0,100.1470588235294
quantile_static,30min_3of3,numerical_only,dropout,0.5,136,136,0,69,68,True,0.3235294117647059,92,44,30.0,80.0,88.23529411764706
quantile_static,30min_3of3,numerical_only,dropout,1.0,136,136,0,69,68,True,0.9411764705882353,8,128,30.0,30.0,31.470588235294116
quantile_static,30min_3of3,numerical_only,dropout,2.0,136,136,0,70,68,True,1.0,0,136,20.0,20.0,16.323529411764707
quantile_static,30min_3of3,numerical_only,bias,0.5,136,136,0,0,68,True,0.36764705882352944,86,50,30.0,90.0,86.3970588235294
quantile_static,30min_3of3,numerical_only,bias,1.0,136,136,0,0,68,True,0.4632352941176471,73,63,30.0,70.0,76.32352941176471
quantile_static,30min_3of3,numerical_only,bias,2.0,136,136,0,0,68,True,0.47794117647058826,71,65,30.0,70.0,73.16176470588235
quantile_static,30min_3of3,numerical_only,level_shift,0.5,136,136,0,0,68,True,0.3088235294117647,94,42,20.0,98.99999999999999,88.38235294117646
quantile_static,30min_3of3,numerical_only,level_shift,1.0,136,136,0,0,68,True,0.41911764705882354,79,57,20.0,80.0,77.94117647058823
quantile_static,30min_3of3,numerical_only,level_shift,2.0,136,136,0,0,68,True,0.47794117647058826,71,65,20.0,62.00000000000003,70.0
quantile_static,30min_3of3,numerical_only,drift,0.5,136,136,0,0,68,True,0.29411764705882354,96,40,50.0,100.0,92.6470588235294
quantile_static,30min_3of3,numerical_only,drift,1.0,136,136,0,0,68,True,0.41911764705882354,79,57,30.0,80.0,81.3970588235294
quantile_static,30min_3of3,numerical_only,drift,2.0,136,136,0,0,68,True,0.4264705882352941,78,58,30.0,80.0,77.6470588235294
quantile_static,360min_4of36,availability_only,random_missing,0.5,136,63,73,73,50,True,0.0,63,0,,,110.0
quantile_static,360min_4of36,availability_only,random_missing,1.0,136,105,31,44,64,True,0.046875,100,5,50.0,50.0,107.109375
quantile_static,360min_4of36,availability_only,random_missing,2.0,136,126,10,15,68,True,0.20588235294117646,101,25,50.0,50.0,96.61764705882354
quantile_static,360min_4of36,availability_only,block_missing,0.5,136,136,0,76,68,True,0.0,136,0,,,110.0
quantile_static,360min_4of36,availability_only,block_missing,1.0,136,136,0,72,68,True,0.0,136,0,,,110.0
quantile_static,360min_4of36,availability_only,block_missing,2.0,136,136,0,68,68,True,1.0,0,136,30.0,30.0,30.0
quantile_static,360min_4of36,availability_only,stuck,0.5,136,136,0,68,68,True,0.0,136,0,,,110.0
quantile_static,360min_4of36,availability_only,stuck,1.0,136,136,0,71,68,True,0.0,136,0,,,110.0
quantile_static,360min_4of36,availability_only,stuck,2.0,136,136,0,68,68,True,0.0,136,0,,,110.0
quantile_static,360min_4of36,availability_only,dropout,0.5,136,136,0,69,68,True,0.0,136,0,,,110.0
quantile_static,360min_4of36,availability_only,dropout,1.0,136,136,0,69,68,True,0.0,136,0,,,110.0
quantile_static,360min_4of36,availability_only,dropout,2.0,136,136,0,70,68,True,0.0,136,0,,,110.0
quantile_static,360min_4of36,availability_only,bias,0.5,136,136,0,0,68,True,0.0,136,0,,,110.0
quantile_static,360min_4of36,availability_only,bias,1.0,136,136,0,0,68,True,0.0,136,0,,,110.0
quantile_static,360min_4of36,availability_only,bias,2.0,136,136,0,0,68,True,0.0,136,0,,,110.0
quantile_static,360min_4of36,availability_only,level_shift,0.5,136,136,0,0,68,True,0.0,136,0,,,110.0
quantile_static,360min_4of36,availability_only,level_shift,1.0,136,136,0,0,68,True,0.0,136,0,,,110.0
quantile_static,360min_4of36,availability_only,level_shift,2.0,136,136,0,0,68,True,0.0,136,0,,,110.0
quantile_static,360min_4of36,availability_only,drift,0.5,136,136,0,0,68,True,0.0,136,0,,,110.0
quantile_static,360min_4of36,availability_only,drift,1.0,136,136,0,0,68,True,0.0,136,0,,,110.0
quantile_static,360min_4of36,availability_only,drift,2.0,136,136,0,0,68,True,0.0,136,0,,,110.0
quantile_static,360min_4of36,combined,random_missing,0.5,136,63,73,73,50,True,0.17,51,12,35.0,70.0,97.2
quantile_static,360min_4of36,combined,random_missing,1.0,136,105,31,44,64,True,0.171875,89,16,30.0,55.0,95.625
quantile_static,360min_4of36,combined,random_missing,2.0,136,126,10,15,68,True,0.15441176470588236,106,20,20.0,41.000000000000014,96.54411764705883
quantile_static,360min_4of36,combined,block_missing,0.5,136,136,0,76,68,True,0.19117647058823528,110,26,30.0,90.0,96.17647058823529
quantile_static,360min_4of36,combined,block_missing,1.0,136,136,0,72,68,True,0.14705882352941177,116,20,15.0,30.0,96.17647058823529
quantile_static,360min_4of36,combined,block_missing,2.0,136,136,0,68,68,True,0.17647058823529413,112,24,10.0,20.0,92.6470588235294
quantile_static,360min_4of36,combined,stuck,0.5,136,136,0,68,68,True,0.10294117647058823,122,14,40.0,90.0,103.38235294117646
quantile_static,360min_4of36,combined,stuck,1.0,136,136,0,71,68,True,0.11764705882352941,120,16,45.0,90.0,102.79411764705883
quantile_static,360min_4of36,combined,stuck,2.0,136,136,0,68,68,True,0.07352941176470588,126,10,70.0,80.0,106.02941176470588
quantile_static,360min_4of36,combined,dropout,0.5,136,136,0,69,68,True,0.19117647058823528,110,26,30.0,70.0,95.29411764705883
quantile_static,360min_4of36,combined,dropout,1.0,136,136,0,69,68,True,0.16176470588235295,114,22,20.0,30.0,95.44117647058823
quantile_static,360min_4of36,combined,dropout,2.0,136,136,0,70,68,True,0.17647058823529413,112,24,10.0,20.0,92.6470588235294
quantile_static,360min_4of36,combined,bias,0.5,136,136,0,0,68,True,0.18382352941176472,111,25,50.0,86.00000000000001,98.01470588235294
quantile_static,360min_4of36,combined,bias,1.0,136,136,0,0,68,True,0.17647058823529413,112,24,35.0,70.0,97.13235294117646
quantile_static,360min_4of36,combined,bias,2.0,136,136,0,0,68,True,0.17647058823529413,112,24,30.0,67.0,96.61764705882354
quantile_static,360min_4of36,combined,level_shift,0.5,136,136,0,0,68,True,0.16911764705882354,113,23,70.0,100.0,100.44117647058823
quantile_static,360min_4of36,combined,level_shift,1.0,136,136,0,0,68,True,0.14705882352941177,116,20,20.0,81.00000000000001,99.11764705882354
quantile_static,360min_4of36,combined,level_shift,2.0,136,136,0,0,68,True,0.16176470588235295,114,22,15.0,88.00000000000004,96.3970588235294
quantile_static,360min_4of36,combined,drift,0.5,136,136,0,0,68,True,0.17647058823529413,112,24,40.0,87.0,98.01470588235294
quantile_static,360min_4of36,combined,drift,1.0,136,136,0,0,68,True,0.17647058823529413,112,24,35.0,90.0,98.38235294117646
quantile_static,360min_4of36,combined,drift,2.0,136,136,0,0,68,True,0.16176470588235295,114,22,25.0,79.00000000000003,98.30882352941177
quantile_static,360min_4of36,numerical_only,random_missing,0.5,136,63,73,73,50,True,0.08,58,5,40.0,62.0,103.4
quantile_static,360min_4of36,numerical_only,random_missing,1.0,136,105,31,44,64,True,0.109375,94,11,50.0,90.0,103.203125
quantile_static,360min_4of36,numerical_only,random_missing,2.0,136,126,10,15,68,True,0.11029411764705882,112,14,45.0,70.0,102.86764705882354
quantile_static,360min_4of36,numerical_only,block_missing,0.5,136,136,0,76,68,True,0.10294117647058823,122,14,40.0,90.0,103.38235294117646
quantile_static,360min_4of36,numerical_only,block_missing,1.0,136,136,0,72,68,True,0.11764705882352941,120,16,60.0,90.0,103.67647058823529
quantile_static,360min_4of36,numerical_only,block_missing,2.0,136,136,0,68,68,True,0.07352941176470588,126,10,70.0,80.0,107.20588235294117
quantile_static,360min_4of36,numerical_only,stuck,0.5,136,136,0,68,68,True,0.10294117647058823,122,14,40.0,90.0,103.38235294117646
quantile_static,360min_4of36,numerical_only,stuck,1.0,136,136,0,71,68,True,0.11764705882352941,120,16,45.0,90.0,102.79411764705883
quantile_static,360min_4of36,numerical_only,stuck,2.0,136,136,0,68,68,True,0.07352941176470588,126,10,70.0,80.0,106.02941176470588
quantile_static,360min_4of36,numerical_only,dropout,0.5,136,136,0,69,68,True,0.19117647058823528,110,26,30.0,70.0,95.29411764705883
quantile_static,360min_4of36,numerical_only,dropout,1.0,136,136,0,69,68,True,0.16176470588235295,114,22,20.0,30.0,95.44117647058823
quantile_static,360min_4of36,numerical_only,dropout,2.0,136,136,0,70,68,True,0.17647058823529413,112,24,10.0,20.0,92.6470588235294
quantile_static,360min_4of36,numerical_only,bias,0.5,136,136,0,0,68,True,0.18382352941176472,111,25,50.0,86.00000000000001,98.01470588235294
quantile_static,360min_4of36,numerical_only,bias,1.0,136,136,0,0,68,True,0.17647058823529413,112,24,35.0,70.0,97.13235294117646
quantile_static,360min_4of36,numerical_only,bias,2.0,136,136,0,0,68,True,0.17647058823529413,112,24,30.0,67.0,96.61764705882354
quantile_static,360min_4of36,numerical_only,level_shift,0.5,136,136,0,0,68,True,0.16911764705882354,113,23,70.0,100.0,100.44117647058823
quantile_static,360min_4of36,numerical_only,level_shift,1.0,136,136,0,0,68,True,0.14705882352941177,116,20,20.0,81.00000000000001,99.11764705882354
quantile_static,360min_4of36,numerical_only,level_shift,2.0,136,136,0,0,68,True,0.16176470588235295,114,22,15.0,88.00000000000004,96.3970588235294
quantile_static,360min_4of36,numerical_only,drift,0.5,136,136,0,0,68,True,0.17647058823529413,112,24,40.0,87.0,98.01470588235294
quantile_static,360min_4of36,numerical_only,drift,1.0,136,136,0,0,68,True,0.17647058823529413,112,24,35.0,90.0,98.38235294117646
quantile_static,360min_4of36,numerical_only,drift,2.0,136,136,0,0,68,True,0.16176470588235295,114,22,25.0,79.00000000000003,98.30882352941177
quantile_static,60min_4of6,availability_only,random_missing,0.5,136,63,73,73,50,True,0.0,63,0,,,110.0
quantile_static,60min_4of6,availability_only,random_missing,1.0,136,105,31,44,64,True,0.046875,100,5,50.0,50.0,107.109375
quantile_static,60min_4of6,availability_only,random_missing,2.0,136,126,10,15,68,True,0.20588235294117646,101,25,50.0,50.0,96.61764705882354
quantile_static,60min_4of6,availability_only,block_missing,0.5,136,136,0,76,68,True,0.0,136,0,,,110.0
quantile_static,60min_4of6,availability_only,block_missing,1.0,136,136,0,72,68,True,0.0,136,0,,,110.0
quantile_static,60min_4of6,availability_only,block_missing,2.0,136,136,0,68,68,True,1.0,0,136,30.0,30.0,30.0
quantile_static,60min_4of6,availability_only,stuck,0.5,136,136,0,68,68,True,0.0,136,0,,,110.0
quantile_static,60min_4of6,availability_only,stuck,1.0,136,136,0,71,68,True,0.0,136,0,,,110.0
quantile_static,60min_4of6,availability_only,stuck,2.0,136,136,0,68,68,True,0.0,136,0,,,110.0
quantile_static,60min_4of6,availability_only,dropout,0.5,136,136,0,69,68,True,0.0,136,0,,,110.0
quantile_static,60min_4of6,availability_only,dropout,1.0,136,136,0,69,68,True,0.0,136,0,,,110.0
quantile_static,60min_4of6,availability_only,dropout,2.0,136,136,0,70,68,True,0.0,136,0,,,110.0
quantile_static,60min_4of6,availability_only,bias,0.5,136,136,0,0,68,True,0.0,136,0,,,110.0
quantile_static,60min_4of6,availability_only,bias,1.0,136,136,0,0,68,True,0.0,136,0,,,110.0
quantile_static,60min_4of6,availability_only,bias,2.0,136,136,0,0,68,True,0.0,136,0,,,110.0
quantile_static,60min_4of6,availability_only,level_shift,0.5,136,136,0,0,68,True,0.0,136,0,,,110.0
quantile_static,60min_4of6,availability_only,level_shift,1.0,136,136,0,0,68,True,0.0,136,0,,,110.0
quantile_static,60min_4of6,availability_only,level_shift,2.0,136,136,0,0,68,True,0.0,136,0,,,110.0
quantile_static,60min_4of6,availability_only,drift,0.5,136,136,0,0,68,True,0.0,136,0,,,110.0
quantile_static,60min_4of6,availability_only,drift,1.0,136,136,0,0,68,True,0.0,136,0,,,110.0
quantile_static,60min_4of6,availability_only,drift,2.0,136,136,0,0,68,True,0.0,136,0,,,110.0
quantile_static,60min_4of6,combined,random_missing,0.5,136,63,73,73,50,True,0.37,42,21,40.0,90.0,86.3
quantile_static,60min_4of6,combined,random_missing,1.0,136,105,31,44,64,True,0.390625,63,42,40.0,78.99999999999999,82.109375
quantile_static,60min_4of6,combined,random_missing,2.0,136,126,10,15,68,True,0.5735294117647058,53,73,40.0,60.0,68.45588235294117
quantile_static,60min_4of6,combined,block_missing,0.5,136,136,0,76,68,True,0.4852941176470588,70,66,30.0,70.0,76.17647058823529
quantile_static,60min_4of6,combined,block_missing,1.0,136,136,0,72,68,True,0.75,34,102,30.0,50.0,49.55882352941177
quantile_static,60min_4of6,combined,block_missing,2.0,136,136,0,68,68,True,0.9264705882352942,10,126,20.0,30.0,27.5
quantile_static,60min_4of6,combined,stuck,0.5,136,136,0,68,68,True,0.19117647058823528,110,26,30.0,100.0,98.82352941176471
quantile_static,60min_4of6,combined,stuck,1.0,136,136,0,71,68,True,0.14705882352941177,116,20,75.0,101.00000000000001,102.5
quantile_static,60min_4of6,combined,stuck,2.0,136,136,0,68,68,True,0.17647058823529413,112,24,40.0,100.0,98.97058823529412
quantile_static,60min_4of6,combined,dropout,0.5,136,136,0,69,68,True,0.4117647058823529,80,56,30.0,70.0,82.05882352941177
quantile_static,60min_4of6,combined,dropout,1.0,136,136,0,69,68,True,0.7352941176470589,36,100,30.0,60.0,52.05882352941177
quantile_static,60min_4of6,combined,dropout,2.0,136,136,0,70,68,True,0.9264705882352942,10,126,20.0,30.0,27.5
quantile_static,60min_4of6,combined,bias,0.5,136,136,0,0,68,True,0.39705882352941174,82,54,40.0,107.00000000000003,88.67647058823529
quantile_static,60min_4of6,combined,bias,1.0,136,136,0,0,68,True,0.47058823529411764,72,64,30.0,90.0,79.48529411764706
quantile_static,60min_4of6,combined,bias,2.0,136,136,0,0,68,True,0.5,68,68,30.0,100.0,76.98529411764706
quantile_static,60min_4of6,combined,level_shift,0.5,136,136,0,0,68,True,0.36764705882352944,86,50,40.0,110.0,88.08823529411765
quantile_static,60min_4of6,combined,level_shift,1.0,136,136,0,0,68,True,0.45588235294117646,74,62,30.0,108.99999999999999,78.8970588235294
quantile_static,60min_4of6,combined,level_shift,2.0,136,136,0,0,68,True,0.5147058823529411,66,70,30.0,90.0,71.25
quantile_static,60min_4of6,combined,drift,0.5,136,136,0,0,68,True,0.3602941176470588,87,49,50.0,110.0,92.05882352941177
quantile_static,60min_4of6,combined,drift,1.0,136,136,0,0,68,True,0.4411764705882353,76,60,40.0,110.0,83.97058823529412
quantile_static,60min_4of6,combined,drift,2.0,136,136,0,0,68,True,0.49264705882352944,69,67,40.0,100.0,78.01470588235294
quantile_static,60min_4of6,numerical_only,random_missing,0.5,136,63,73,73,50,True,0.2,53,10,80.0,110.0,102.2
quantile_static,60min_4of6,numerical_only,random_missing,1.0,136,105,31,44,64,True,0.125,93,12,90.0,110.0,104.6875
quantile_static,60min_4of6,numerical_only,random_missing,2.0,136,126,10,15,68,True,0.125,110,16,90.0,110.0,106.17647058823529
quantile_static,60min_4of6,numerical_only,block_missing,0.5,136,136,0,76,68,True,0.16176470588235295,114,22,90.0,110.0,103.52941176470588
quantile_static,60min_4of6,numerical_only,block_missing,1.0,136,136,0,72,68,True,0.1323529411764706,118,18,90.0,103.0,105.29411764705883
quantile_static,60min_4of6,numerical_only,block_missing,2.0,136,136,0,68,68,True,0.04411764705882353,130,6,100.0,110.0,109.55882352941177
quantile_static,60min_4of6,numerical_only,stuck,0.5,136,136,0,68,68,True,0.19117647058823528,110,26,30.0,100.0,98.82352941176471
quantile_static,60min_4of6,numerical_only,stuck,1.0,136,136,0,71,68,True,0.14705882352941177,116,20,75.0,101.00000000000001,102.5
quantile_static,60min_4of6,numerical_only,stuck,2.0,136,136,0,68,68,True,0.17647058823529413,112,24,40.0,100.0,98.97058823529412
quantile_static,60min_4of6,numerical_only,dropout,0.5,136,136,0,69,68,True,0.4117647058823529,80,56,30.0,70.0,82.05882352941177
quantile_static,60min_4of6,numerical_only,dropout,1.0,136,136,0,69,68,True,0.7352941176470589,36,100,30.0,60.0,52.05882352941177
quantile_static,60min_4of6,numerical_only,dropout,2.0,136,136,0,70,68,True,0.9264705882352942,10,126,20.0,30.0,27.5
quantile_static,60min_4of6,numerical_only,bias,0.5,136,136,0,0,68,True,0.39705882352941174,82,54,40.0,107.00000000000003,88.67647058823529
quantile_static,60min_4of6,numerical_only,bias,1.0,136,136,0,0,68,True,0.47058823529411764,72,64,30.0,90.0,79.48529411764706
quantile_static,60min_4of6,numerical_only,bias,2.0,136,136,0,0,68,True,0.5,68,68,30.0,100.0,76.98529411764706
quantile_static,60min_4of6,numerical_only,level_shift,0.5,136,136,0,0,68,True,0.36764705882352944,86,50,40.0,110.0,88.08823529411765
quantile_static,60min_4of6,numerical_only,level_shift,1.0,136,136,0,0,68,True,0.45588235294117646,74,62,30.0,108.99999999999999,78.8970588235294
quantile_static,60min_4of6,numerical_only,level_shift,2.0,136,136,0,0,68,True,0.5147058823529411,66,70,30.0,90.0,71.25
quantile_static,60min_4of6,numerical_only,drift,0.5,136,136,0,0,68,True,0.3602941176470588,87,49,50.0,110.0,92.05882352941177
quantile_static,60min_4of6,numerical_only,drift,1.0,136,136,0,0,68,True,0.4411764705882353,76,60,40.0,110.0,83.97058823529412
quantile_static,60min_4of6,numerical_only,drift,2.0,136,136,0,0,68,True,0.49264705882352944,69,67,40.0,100.0,78.01470588235294
quantile_static,single_sample,availability_only,random_missing,0.5,136,63,73,73,50,True,1.0,0,63,20.0,48.00000000000004,21.3
quantile_static,single_sample,availability_only,random_missing,1.0,136,105,31,44,64,True,1.0,0,105,20.0,46.000000000000085,17.8125
quantile_static,single_sample,availability_only,random_missing,2.0,136,126,10,15,68,True,1.0,0,126,10.0,30.0,11.911764705882353
quantile_static,single_sample,availability_only,block_missing,0.5,136,136,0,76,68,True,1.0,0,136,20.0,20.0,20.0
quantile_static,single_sample,availability_only,block_missing,1.0,136,136,0,72,68,True,1.0,0,136,10.0,10.0,10.0
quantile_static,single_sample,availability_only,block_missing,2.0,136,136,0,68,68,True,1.0,0,136,0.0,0.0,0.0
quantile_static,single_sample,availability_only,stuck,0.5,136,136,0,68,68,True,0.0,136,0,,,110.0
quantile_static,single_sample,availability_only,stuck,1.0,136,136,0,71,68,True,0.0,136,0,,,110.0
quantile_static,single_sample,availability_only,stuck,2.0,136,136,0,68,68,True,0.0,136,0,,,110.0
quantile_static,single_sample,availability_only,dropout,0.5,136,136,0,69,68,True,0.0,136,0,,,110.0
quantile_static,single_sample,availability_only,dropout,1.0,136,136,0,69,68,True,0.0,136,0,,,110.0
quantile_static,single_sample,availability_only,dropout,2.0,136,136,0,70,68,True,0.0,136,0,,,110.0
quantile_static,single_sample,availability_only,bias,0.5,136,136,0,0,68,True,0.0,136,0,,,110.0
quantile_static,single_sample,availability_only,bias,1.0,136,136,0,0,68,True,0.0,136,0,,,110.0
quantile_static,single_sample,availability_only,bias,2.0,136,136,0,0,68,True,0.0,136,0,,,110.0
quantile_static,single_sample,availability_only,level_shift,0.5,136,136,0,0,68,True,0.0,136,0,,,110.0
quantile_static,single_sample,availability_only,level_shift,1.0,136,136,0,0,68,True,0.0,136,0,,,110.0
quantile_static,single_sample,availability_only,level_shift,2.0,136,136,0,0,68,True,0.0,136,0,,,110.0
quantile_static,single_sample,availability_only,drift,0.5,136,136,0,0,68,True,0.0,136,0,,,110.0
quantile_static,single_sample,availability_only,drift,1.0,136,136,0,0,68,True,0.0,136,0,,,110.0
quantile_static,single_sample,availability_only,drift,2.0,136,136,0,0,68,True,0.0,136,0,,,110.0
quantile_static,single_sample,combined,random_missing,0.5,136,63,73,73,50,True,1.0,0,63,20.0,40.0,21.2
quantile_static,single_sample,combined,random_missing,1.0,136,105,31,44,64,True,0.9921875,1,104,10.0,40.0,17.34375
quantile_static,single_sample,combined,random_missing,2.0,136,126,10,15,68,True,1.0,0,126,10.0,40.0,15.735294117647058
quantile_static,single_sample,combined,block_missing,0.5,136,136,0,76,68,True,1.0,0,136,20.0,20.0,17.794117647058822
quantile_static,single_sample,combined,block_missing,1.0,136,136,0,72,68,True,1.0,0,136,10.0,30.0,14.411764705882353
quantile_static,single_sample,combined,block_missing,2.0,136,136,0,68,68,True,0.9411764705882353,8,128,0.0,90.0,27.058823529411764
quantile_static,single_sample,combined,stuck,0.5,136,136,0,68,68,True,0.8382352941176471,22,114,40.0,80.0,49.705882352941174
quantile_static,single_sample,combined,stuck,1.0,136,136,0,71,68,True,0.8235294117647058,24,112,40.0,79.00000000000006,51.470588235294116
quantile_static,single_sample,combined,stuck,2.0,136,136,0,68,68,True,0.7794117647058824,30,106,60.0,90.0,71.02941176470588
quantile_static,single_sample,combined,dropout,0.5,136,136,0,69,68,True,1.0,0,136,20.0,20.0,17.205882352941178
quantile_static,single_sample,combined,dropout,1.0,136,136,0,69,68,True,1.0,0,136,10.0,20.0,12.941176470588236
quantile_static,single_sample,combined,dropout,2.0,136,136,0,70,68,True,0.9411764705882353,8,128,0.0,90.0,26.91176470588235
quantile_static,single_sample,combined,bias,0.5,136,136,0,0,68,True,0.9264705882352942,10,126,20.0,60.0,34.11764705882353
quantile_static,single_sample,combined,bias,1.0,136,136,0,0,68,True,0.9411764705882353,8,128,15.0,60.0,32.64705882352941
quantile_static,single_sample,combined,bias,2.0,136,136,0,0,68,True,0.9338235294117647,9,127,10.0,60.0,30.294117647058822
quantile_static,single_sample,combined,level_shift,0.5,136,136,0,0,68,True,0.9044117647058824,13,123,30.0,70.0,41.838235294117645
quantile_static,single_sample,combined,level_shift,1.0,136,136,0,0,68,True,0.9044117647058824,13,123,30.0,70.0,40.294117647058826
quantile_static,single_sample,combined,level_shift,2.0,136,136,0,0,68,True,0.9411764705882353,8,128,0.0,60.0,26.83823529411765
quantile_static,single_sample,combined,drift,0.5,136,136,0,0,68,True,0.9338235294117647,9,127,20.0,60.0,33.89705882352941
quantile_static,single_sample,combined,drift,1.0,136,136,0,0,68,True,0.9411764705882353,8,128,20.0,62.99999999999997,35.294117647058826
quantile_static,single_sample,combined,drift,2.0,136,136,0,0,68,True,0.9485294117647058,7,129,20.0,60.0,34.55882352941177
quantile_static,single_sample,numerical_only,random_missing,0.5,136,63,73,73,50,True,0.83,13,50,30.0,70.0,45.0
quantile_static,single_sample,numerical_only,random_missing,1.0,136,105,31,44,64,True,0.828125,17,88,30.0,70.0,45.546875
quantile_static,single_sample,numerical_only,random_missing,2.0,136,126,10,15,68,True,0.8088235294117647,23,103,40.0,70.0,53.38235294117647
quantile_static,single_sample,numerical_only,block_missing,0.5,136,136,0,76,68,True,0.8088235294117647,26,110,40.0,80.0,53.8235294117647
quantile_static,single_sample,numerical_only,block_missing,1.0,136,136,0,72,68,True,0.7941176470588235,28,108,40.0,80.0,57.794117647058826
quantile_static,single_sample,numerical_only,block_missing,2.0,136,136,0,68,68,True,0.7352941176470589,36,100,70.0,90.0,82.6470588235294
quantile_static,single_sample,numerical_only,stuck,0.5,136,136,0,68,68,True,0.8382352941176471,22,114,40.0,80.0,49.705882352941174
quantile_static,single_sample,numerical_only,stuck,1.0,136,136,0,71,68,True,0.8235294117647058,24,112,40.0,79.00000000000006,51.470588235294116
quantile_static,single_sample,numerical_only,stuck,2.0,136,136,0,68,68,True,0.7794117647058824,30,106,60.0,90.0,71.02941176470588
quantile_static,single_sample,numerical_only,dropout,0.5,136,136,0,69,68,True,1.0,0,136,20.0,20.0,17.205882352941178
quantile_static,single_sample,numerical_only,dropout,1.0,136,136,0,69,68,True,1.0,0,136,10.0,20.0,12.941176470588236
quantile_static,single_sample,numerical_only,dropout,2.0,136,136,0,70,68,True,0.9411764705882353,8,128,0.0,90.0,26.91176470588235
quantile_static,single_sample,numerical_only,bias,0.5,136,136,0,0,68,True,0.9264705882352942,10,126,20.0,60.0,34.11764705882353
quantile_static,single_sample,numerical_only,bias,1.0,136,136,0,0,68,True,0.9411764705882353,8,128,15.0,60.0,32.64705882352941
quantile_static,single_sample,numerical_only,bias,2.0,136,136,0,0,68,True,0.9338235294117647,9,127,10.0,60.0,30.294117647058822
quantile_static,single_sample,numerical_only,level_shift,0.5,136,136,0,0,68,True,0.9044117647058824,13,123,30.0,70.0,41.838235294117645
quantile_static,single_sample,numerical_only,level_shift,1.0,136,136,0,0,68,True,0.9044117647058824,13,123,30.0,70.0,40.294117647058826
quantile_static,single_sample,numerical_only,level_shift,2.0,136,136,0,0,68,True,0.9411764705882353,8,128,0.0,60.0,26.83823529411765
quantile_static,single_sample,numerical_only,drift,0.5,136,136,0,0,68,True,0.9338235294117647,9,127,20.0,60.0,33.89705882352941
quantile_static,single_sample,numerical_only,drift,1.0,136,136,0,0,68,True,0.9411764705882353,8,128,20.0,62.99999999999997,35.294117647058826
quantile_static,single_sample,numerical_only,drift,2.0,136,136,0,0,68,True,0.9485294117647058,7,129,20.0,60.0,34.55882352941177
