operation_id,stage,synthetic,kind,module,call,estimator_class,pid,utc,n_rows,parameters,target_hash,event,wall_seconds,process_cpu_seconds,return_is_none
e619aa9e3d49449ea64a2183416f52a9,owner_fit_h1_cqr_l90,False,cqr_wrapper_fit,mapie.regression.quantile_regression,fit,ConformalizedQuantileRegressor,28132,2026-09-14T11:44:14.278642+00:00,51664,{},32692a4e5945c7f081d6b81a9969bad5080e65499005031b78c7393221573c75,started,,,
e12c083b378e4a2ebffe331114c0d6e7,owner_fit_h1_cqr_l90,False,quantile_estimator_fit,sklearn.ensemble._hist_gradient_boosting.gradient_boosting,fit,HistGradientBoostingRegressor,28132,2026-09-14T11:44:14.286369+00:00,51664,"{'categorical_features': 'warn', 'early_stopping': 'auto', 'interaction_cst': None, 'l2_regularization': 0.0, 'learning_rate': 0.05, 'loss': 'quantile', 'max_bins': 255, 'max_depth': None, 'max_features': 1.0, 'max_iter': 300, 'max_leaf_nodes': 31, 'min_samples_leaf': 50, 'monotonic_cst': None, 'n_iter_no_change': 10, 'quantile': 0.05, 'random_state': 46, 'scoring': 'loss', 'tol': 1e-07, 'validation_fraction': 0.1, 'verbose': 0, 'warm_start': False}",32692a4e5945c7f081d6b81a9969bad5080e65499005031b78c7393221573c75,started,,,
e12c083b378e4a2ebffe331114c0d6e7,owner_fit_h1_cqr_l90,False,quantile_estimator_fit,sklearn.ensemble._hist_gradient_boosting.gradient_boosting,fit,HistGradientBoostingRegressor,28132,2026-09-14T11:44:14.286369+00:00,51664,"{'categorical_features': 'warn', 'early_stopping': 'auto', 'interaction_cst': None, 'l2_regularization': 0.0, 'learning_rate': 0.05, 'loss': 'quantile', 'max_bins': 255, 'max_depth': None, 'max_features': 1.0, 'max_iter': 300, 'max_leaf_nodes': 31, 'min_samples_leaf': 50, 'monotonic_cst': None, 'n_iter_no_change': 10, 'quantile': 0.05, 'random_state': 46, 'scoring': 'loss', 'tol': 1e-07, 'validation_fraction': 0.1, 'verbose': 0, 'warm_start': False}",32692a4e5945c7f081d6b81a9969bad5080e65499005031b78c7393221573c75,returned,4.376921599992784,4.296875,False
d5fc371009d242f2bdf49cce5285fd54,owner_fit_h1_cqr_l90,False,quantile_estimator_fit,sklearn.ensemble._hist_gradient_boosting.gradient_boosting,fit,HistGradientBoostingRegressor,28132,2026-09-14T11:44:18.668507+00:00,51664,"{'categorical_features': 'warn', 'early_stopping': 'auto', 'interaction_cst': None, 'l2_regularization': 0.0, 'learning_rate': 0.05, 'loss': 'quantile', 'max_bins': 255, 'max_depth': None, 'max_features': 1.0, 'max_iter': 300, 'max_leaf_nodes': 31, 'min_samples_leaf': 50, 'monotonic_cst': None, 'n_iter_no_change': 10, 'quantile': 0.95, 'random_state': 46, 'scoring': 'loss', 'tol': 1e-07, 'validation_fraction': 0.1, 'verbose': 0, 'warm_start': False}",32692a4e5945c7f081d6b81a9969bad5080e65499005031b78c7393221573c75,started,,,
d5fc371009d242f2bdf49cce5285fd54,owner_fit_h1_cqr_l90,False,quantile_estimator_fit,sklearn.ensemble._hist_gradient_boosting.gradient_boosting,fit,HistGradientBoostingRegressor,28132,2026-09-14T11:44:18.668507+00:00,51664,"{'categorical_features': 'warn', 'early_stopping': 'auto', 'interaction_cst': None, 'l2_regularization': 0.0, 'learning_rate': 0.05, 'loss': 'quantile', 'max_bins': 255, 'max_depth': None, 'max_features': 1.0, 'max_iter': 300, 'max_leaf_nodes': 31, 'min_samples_leaf': 50, 'monotonic_cst': None, 'n_iter_no_change': 10, 'quantile': 0.95, 'random_state': 46, 'scoring': 'loss', 'tol': 1e-07, 'validation_fraction': 0.1, 'verbose': 0, 'warm_start': False}",32692a4e5945c7f081d6b81a9969bad5080e65499005031b78c7393221573c75,returned,4.1469524999993155,4.015625,False
747e142a58794b668795d8793bd3a05c,owner_fit_h1_cqr_l90,False,quantile_estimator_fit,sklearn.ensemble._hist_gradient_boosting.gradient_boosting,fit,HistGradientBoostingRegressor,28132,2026-09-14T11:44:22.819905+00:00,51664,"{'categorical_features': 'warn', 'early_stopping': 'auto', 'interaction_cst': None, 'l2_regularization': 0.0, 'learning_rate': 0.05, 'loss': 'quantile', 'max_bins': 255, 'max_depth': None, 'max_features': 1.0, 'max_iter': 300, 'max_leaf_nodes': 31, 'min_samples_leaf': 50, 'monotonic_cst': None, 'n_iter_no_change': 10, 'quantile': 0.5, 'random_state': 46, 'scoring': 'loss', 'tol': 1e-07, 'validation_fraction': 0.1, 'verbose': 0, 'warm_start': False}",32692a4e5945c7f081d6b81a9969bad5080e65499005031b78c7393221573c75,started,,,
747e142a58794b668795d8793bd3a05c,owner_fit_h1_cqr_l90,False,quantile_estimator_fit,sklearn.ensemble._hist_gradient_boosting.gradient_boosting,fit,HistGradientBoostingRegressor,28132,2026-09-14T11:44:22.819905+00:00,51664,"{'categorical_features': 'warn', 'early_stopping': 'auto', 'interaction_cst': None, 'l2_regularization': 0.0, 'learning_rate': 0.05, 'loss': 'quantile', 'max_bins': 255, 'max_depth': None, 'max_features': 1.0, 'max_iter': 300, 'max_leaf_nodes': 31, 'min_samples_leaf': 50, 'monotonic_cst': None, 'n_iter_no_change': 10, 'quantile': 0.5, 'random_state': 46, 'scoring': 'loss', 'tol': 1e-07, 'validation_fraction': 0.1, 'verbose': 0, 'warm_start': False}",32692a4e5945c7f081d6b81a9969bad5080e65499005031b78c7393221573c75,returned,4.62884020000638,4.5,False
e619aa9e3d49449ea64a2183416f52a9,owner_fit_h1_cqr_l90,False,cqr_wrapper_fit,mapie.regression.quantile_regression,fit,ConformalizedQuantileRegressor,28132,2026-09-14T11:44:14.278642+00:00,51664,{},32692a4e5945c7f081d6b81a9969bad5080e65499005031b78c7393221573c75,returned,13.173431000002893,12.828125,False
1ae08fa0bd8348c8be678e1ac016e187,owner_cal_h1_cqr_l90,False,calibrator_conformalize,mapie.regression.quantile_regression,conformalize,ConformalizedQuantileRegressor,28132,2026-09-14T11:44:27.558787+00:00,17370,{},fa63c425f272718e0a3c978ff7f9b5c7e6dd93e7dac3116dca6b18d6bc82b553,started,,,
a8ae5e4cde8d450fac3b03350882d598,owner_cal_h1_cqr_l90,False,calibrator_conformalize,mapie.regression.quantile_regression,conformalize,_MapieQuantileRegressor,28132,2026-09-14T11:44:27.558787+00:00,17370,"{'alpha': 0.1, 'cv': 'split', 'estimator': ""HistGradientBoostingRegressor(learning_rate=0.05, loss='quantile', max_iter=300,\n                              min_samples_leaf=50, random_state=46)"", 'method': 'quantile'}",fa63c425f272718e0a3c978ff7f9b5c7e6dd93e7dac3116dca6b18d6bc82b553,started,,,
a8ae5e4cde8d450fac3b03350882d598,owner_cal_h1_cqr_l90,False,calibrator_conformalize,mapie.regression.quantile_regression,conformalize,_MapieQuantileRegressor,28132,2026-09-14T11:44:27.558787+00:00,17370,"{'alpha': 0.1, 'cv': 'split', 'estimator': ""HistGradientBoostingRegressor(learning_rate=0.05, loss='quantile', max_iter=300,\n                              min_samples_leaf=50, random_state=46)"", 'method': 'quantile'}",fa63c425f272718e0a3c978ff7f9b5c7e6dd93e7dac3116dca6b18d6bc82b553,returned,1.546640100001241,1.5,False
1ae08fa0bd8348c8be678e1ac016e187,owner_cal_h1_cqr_l90,False,calibrator_conformalize,mapie.regression.quantile_regression,conformalize,ConformalizedQuantileRegressor,28132,2026-09-14T11:44:27.558787+00:00,17370,{},fa63c425f272718e0a3c978ff7f9b5c7e6dd93e7dac3116dca6b18d6bc82b553,returned,1.5506310000055237,1.515625,False
cfbbd80bed7747c7a742bd641dc6983d,owner_fit_h1_cqr_l95,False,cqr_wrapper_fit,mapie.regression.quantile_regression,fit,ConformalizedQuantileRegressor,28132,2026-09-14T11:45:05.699963+00:00,51664,{},32692a4e5945c7f081d6b81a9969bad5080e65499005031b78c7393221573c75,started,,,
1848773f51614796adaf259b9b68801e,owner_fit_h1_cqr_l95,False,quantile_estimator_fit,sklearn.ensemble._hist_gradient_boosting.gradient_boosting,fit,HistGradientBoostingRegressor,28132,2026-09-14T11:45:05.703461+00:00,51664,"{'categorical_features': 'warn', 'early_stopping': 'auto', 'interaction_cst': None, 'l2_regularization': 0.0, 'learning_rate': 0.05, 'loss': 'quantile', 'max_bins': 255, 'max_depth': None, 'max_features': 1.0, 'max_iter': 300, 'max_leaf_nodes': 31, 'min_samples_leaf': 50, 'monotonic_cst': None, 'n_iter_no_change': 10, 'quantile': 0.025, 'random_state': 46, 'scoring': 'loss', 'tol': 1e-07, 'validation_fraction': 0.1, 'verbose': 0, 'warm_start': False}",32692a4e5945c7f081d6b81a9969bad5080e65499005031b78c7393221573c75,started,,,
1848773f51614796adaf259b9b68801e,owner_fit_h1_cqr_l95,False,quantile_estimator_fit,sklearn.ensemble._hist_gradient_boosting.gradient_boosting,fit,HistGradientBoostingRegressor,28132,2026-09-14T11:45:05.703461+00:00,51664,"{'categorical_features': 'warn', 'early_stopping': 'auto', 'interaction_cst': None, 'l2_regularization': 0.0, 'learning_rate': 0.05, 'loss': 'quantile', 'max_bins': 255, 'max_depth': None, 'max_features': 1.0, 'max_iter': 300, 'max_leaf_nodes': 31, 'min_samples_leaf': 50, 'monotonic_cst': None, 'n_iter_no_change': 10, 'quantile': 0.025, 'random_state': 46, 'scoring': 'loss', 'tol': 1e-07, 'validation_fraction': 0.1, 'verbose': 0, 'warm_start': False}",32692a4e5945c7f081d6b81a9969bad5080e65499005031b78c7393221573c75,returned,4.134399000002304,4.03125,False
c281f8dc58bb4dbc9910efc04ba956e3,owner_fit_h1_cqr_l95,False,quantile_estimator_fit,sklearn.ensemble._hist_gradient_boosting.gradient_boosting,fit,HistGradientBoostingRegressor,28132,2026-09-14T11:45:09.846420+00:00,51664,"{'categorical_features': 'warn', 'early_stopping': 'auto', 'interaction_cst': None, 'l2_regularization': 0.0, 'learning_rate': 0.05, 'loss': 'quantile', 'max_bins': 255, 'max_depth': None, 'max_features': 1.0, 'max_iter': 300, 'max_leaf_nodes': 31, 'min_samples_leaf': 50, 'monotonic_cst': None, 'n_iter_no_change': 10, 'quantile': 0.975, 'random_state': 46, 'scoring': 'loss', 'tol': 1e-07, 'validation_fraction': 0.1, 'verbose': 0, 'warm_start': False}",32692a4e5945c7f081d6b81a9969bad5080e65499005031b78c7393221573c75,started,,,
c281f8dc58bb4dbc9910efc04ba956e3,owner_fit_h1_cqr_l95,False,quantile_estimator_fit,sklearn.ensemble._hist_gradient_boosting.gradient_boosting,fit,HistGradientBoostingRegressor,28132,2026-09-14T11:45:09.846420+00:00,51664,"{'categorical_features': 'warn', 'early_stopping': 'auto', 'interaction_cst': None, 'l2_regularization': 0.0, 'learning_rate': 0.05, 'loss': 'quantile', 'max_bins': 255, 'max_depth': None, 'max_features': 1.0, 'max_iter': 300, 'max_leaf_nodes': 31, 'min_samples_leaf': 50, 'monotonic_cst': None, 'n_iter_no_change': 10, 'quantile': 0.975, 'random_state': 46, 'scoring': 'loss', 'tol': 1e-07, 'validation_fraction': 0.1, 'verbose': 0, 'warm_start': False}",32692a4e5945c7f081d6b81a9969bad5080e65499005031b78c7393221573c75,returned,4.075121499990928,4.046875,False
31b13c4c760a4e37858e6b3d96062f75,owner_fit_h1_cqr_l95,False,quantile_estimator_fit,sklearn.ensemble._hist_gradient_boosting.gradient_boosting,fit,HistGradientBoostingRegressor,28132,2026-09-14T11:45:13.925914+00:00,51664,"{'categorical_features': 'warn', 'early_stopping': 'auto', 'interaction_cst': None, 'l2_regularization': 0.0, 'learning_rate': 0.05, 'loss': 'quantile', 'max_bins': 255, 'max_depth': None, 'max_features': 1.0, 'max_iter': 300, 'max_leaf_nodes': 31, 'min_samples_leaf': 50, 'monotonic_cst': None, 'n_iter_no_change': 10, 'quantile': 0.5, 'random_state': 46, 'scoring': 'loss', 'tol': 1e-07, 'validation_fraction': 0.1, 'verbose': 0, 'warm_start': False}",32692a4e5945c7f081d6b81a9969bad5080e65499005031b78c7393221573c75,started,,,
31b13c4c760a4e37858e6b3d96062f75,owner_fit_h1_cqr_l95,False,quantile_estimator_fit,sklearn.ensemble._hist_gradient_boosting.gradient_boosting,fit,HistGradientBoostingRegressor,28132,2026-09-14T11:45:13.925914+00:00,51664,"{'categorical_features': 'warn', 'early_stopping': 'auto', 'interaction_cst': None, 'l2_regularization': 0.0, 'learning_rate': 0.05, 'loss': 'quantile', 'max_bins': 255, 'max_depth': None, 'max_features': 1.0, 'max_iter': 300, 'max_leaf_nodes': 31, 'min_samples_leaf': 50, 'monotonic_cst': None, 'n_iter_no_change': 10, 'quantile': 0.5, 'random_state': 46, 'scoring': 'loss', 'tol': 1e-07, 'validation_fraction': 0.1, 'verbose': 0, 'warm_start': False}",32692a4e5945c7f081d6b81a9969bad5080e65499005031b78c7393221573c75,returned,4.454910900007235,4.34375,False
cfbbd80bed7747c7a742bd641dc6983d,owner_fit_h1_cqr_l95,False,cqr_wrapper_fit,mapie.regression.quantile_regression,fit,ConformalizedQuantileRegressor,28132,2026-09-14T11:45:05.699963+00:00,51664,{},32692a4e5945c7f081d6b81a9969bad5080e65499005031b78c7393221573c75,returned,12.684625399997458,12.4375,False
b08e8080860048a9b9dcb6beb374eb95,owner_cal_h1_cqr_l95,False,calibrator_conformalize,mapie.regression.quantile_regression,conformalize,ConformalizedQuantileRegressor,28132,2026-09-14T11:45:18.485710+00:00,17370,{},fa63c425f272718e0a3c978ff7f9b5c7e6dd93e7dac3116dca6b18d6bc82b553,started,,,
e3d379a286b448d68f272cad1c25e97b,owner_cal_h1_cqr_l95,False,calibrator_conformalize,mapie.regression.quantile_regression,conformalize,_MapieQuantileRegressor,28132,2026-09-14T11:45:18.492110+00:00,17370,"{'alpha': 0.05, 'cv': 'split', 'estimator': ""HistGradientBoostingRegressor(learning_rate=0.05, loss='quantile', max_iter=300,\n                              min_samples_leaf=50, random_state=46)"", 'method': 'quantile'}",fa63c425f272718e0a3c978ff7f9b5c7e6dd93e7dac3116dca6b18d6bc82b553,started,,,
e3d379a286b448d68f272cad1c25e97b,owner_cal_h1_cqr_l95,False,calibrator_conformalize,mapie.regression.quantile_regression,conformalize,_MapieQuantileRegressor,28132,2026-09-14T11:45:18.492110+00:00,17370,"{'alpha': 0.05, 'cv': 'split', 'estimator': ""HistGradientBoostingRegressor(learning_rate=0.05, loss='quantile', max_iter=300,\n                              min_samples_leaf=50, random_state=46)"", 'method': 'quantile'}",fa63c425f272718e0a3c978ff7f9b5c7e6dd93e7dac3116dca6b18d6bc82b553,returned,1.5162123999907635,1.515625,False
b08e8080860048a9b9dcb6beb374eb95,owner_cal_h1_cqr_l95,False,calibrator_conformalize,mapie.regression.quantile_regression,conformalize,ConformalizedQuantileRegressor,28132,2026-09-14T11:45:18.485710+00:00,17370,{},fa63c425f272718e0a3c978ff7f9b5c7e6dd93e7dac3116dca6b18d6bc82b553,returned,1.5209982999949716,1.515625,False
ee0dd0dce8bd4da8b4da91d1e5367d6c,owner_fit_h1_enbpi,False,enbpi_wrapper_fit,mapie.regression.regression,fit,TimeSeriesRegressor,28132,2026-09-14T11:45:54.601338+00:00,51664,"{'agg_function': 'mean', 'conformity_score': None, 'cv': 'BlockBootstrap(length=24, n_blocks=None, n_resamplings=5, overlapping=True,\n        random_state=46)', 'estimator': 'XGBRegressor(base_score=None, booster=None, callbacks=None,\n             colsample_bylevel=None, colsample_bynode=None,\n             colsample_bytree=0.8, device=None, early_stopping_rounds=None,\n             enable_categorical=False, eval_metric=None, feature_types=None,\n             feature_weights=None, gamma=None, grow_policy=None,\n             importance_type=None, interaction_constraints=None,\n             learning_rate=0.05, max_bin=None, max_cat_threshold=None,\n             max_cat_to_onehot=None, max_delta_step=None, max_depth=5,\n             max_leaves=None, min_child_weight=None, missing=nan,\n             monotone_constraints=None, multi_strategy=None, n_estimators=60,\n             n_jobs=1, num_parallel_tree=None, ...)', 'method': 'enbpi', 'n_jobs': 1, 'random_state': 46, 'verbose': 0}",32692a4e5945c7f081d6b81a9969bad5080e65499005031b78c7393221573c75,started,,,
95a446695ebf41c7a7014f81634f0ce1,owner_fit_h1_enbpi,False,xgboost_estimator_fit,xgboost.sklearn,fit,XGBRegressor,28132,2026-09-14T11:45:54.606344+00:00,51664,"{'objective': 'reg:squarederror', 'base_score': None, 'booster': None, 'callbacks': None, 'colsample_bylevel': None, 'colsample_bynode': None, 'colsample_bytree': 0.8, 'device': None, 'early_stopping_rounds': None, 'enable_categorical': False, 'eval_metric': None, 'feature_types': None, 'feature_weights': None, 'gamma': None, 'grow_policy': None, 'importance_type': None, 'interaction_constraints': None, 'learning_rate': 0.05, 'max_bin': None, 'max_cat_threshold': None, 'max_cat_to_onehot': None, 'max_delta_step': None, 'max_depth': 5, 'max_leaves': None, 'min_child_weight': None, 'missing': nan, 'monotone_constraints': None, 'multi_strategy': None, 'n_estimators': 60, 'n_jobs': 1, 'num_parallel_tree': None, 'random_state': 46, 'reg_alpha': None, 'reg_lambda': None, 'sampling_method': None, 'scale_pos_weight': None, 'subsample': 0.8, 'tree_method': 'hist', 'validate_parameters': None, 'verbosity': None}",32692a4e5945c7f081d6b81a9969bad5080e65499005031b78c7393221573c75,started,,,
95a446695ebf41c7a7014f81634f0ce1,owner_fit_h1_enbpi,False,xgboost_estimator_fit,xgboost.sklearn,fit,XGBRegressor,28132,2026-09-14T11:45:54.606344+00:00,51664,"{'objective': 'reg:squarederror', 'base_score': None, 'booster': None, 'callbacks': None, 'colsample_bylevel': None, 'colsample_bynode': None, 'colsample_bytree': 0.8, 'device': None, 'early_stopping_rounds': None, 'enable_categorical': False, 'eval_metric': None, 'feature_types': None, 'feature_weights': None, 'gamma': None, 'grow_policy': None, 'importance_type': None, 'interaction_constraints': None, 'learning_rate': 0.05, 'max_bin': None, 'max_cat_threshold': None, 'max_cat_to_onehot': None, 'max_delta_step': None, 'max_depth': 5, 'max_leaves': None, 'min_child_weight': None, 'missing': nan, 'monotone_constraints': None, 'multi_strategy': None, 'n_estimators': 60, 'n_jobs': 1, 'num_parallel_tree': None, 'random_state': 46, 'reg_alpha': None, 'reg_lambda': None, 'sampling_method': None, 'scale_pos_weight': None, 'subsample': 0.8, 'tree_method': 'hist', 'validate_parameters': None, 'verbosity': None}",32692a4e5945c7f081d6b81a9969bad5080e65499005031b78c7393221573c75,returned,0.535492199996952,0.515625,False
1161b888852b498fb034f13be0e030ce,owner_fit_h1_enbpi,False,calibrator_conformalize,mapie.regression.regression,conformalize,TimeSeriesRegressor,28132,2026-09-14T11:45:55.136721+00:00,51664,"{'agg_function': 'mean', 'conformity_score': None, 'cv': 'BlockBootstrap(length=24, n_blocks=None, n_resamplings=5, overlapping=True,\n        random_state=46)', 'estimator': 'XGBRegressor(base_score=None, booster=None, callbacks=None,\n             colsample_bylevel=None, colsample_bynode=None,\n             colsample_bytree=0.8, device=None, early_stopping_rounds=None,\n             enable_categorical=False, eval_metric=None, feature_types=None,\n             feature_weights=None, gamma=None, grow_policy=None,\n             importance_type=None, interaction_constraints=None,\n             learning_rate=0.05, max_bin=None, max_cat_threshold=None,\n             max_cat_to_onehot=None, max_delta_step=None, max_depth=5,\n             max_leaves=None, min_child_weight=None, missing=nan,\n             monotone_constraints=None, multi_strategy=None, n_estimators=60,\n             n_jobs=1, num_parallel_tree=None, ...)', 'method': 'enbpi', 'n_jobs': 1, 'random_state': 46, 'verbose': 0}",32692a4e5945c7f081d6b81a9969bad5080e65499005031b78c7393221573c75,started,,,
1be08c702ed04d949f2fa108d64f9e06,owner_fit_h1_enbpi,False,xgboost_estimator_fit,xgboost.sklearn,fit,XGBRegressor,28132,2026-09-14T11:45:55.171686+00:00,51672,"{'objective': 'reg:squarederror', 'base_score': None, 'booster': None, 'callbacks': None, 'colsample_bylevel': None, 'colsample_bynode': None, 'colsample_bytree': 0.8, 'device': None, 'early_stopping_rounds': None, 'enable_categorical': False, 'eval_metric': None, 'feature_types': None, 'feature_weights': None, 'gamma': None, 'grow_policy': None, 'importance_type': None, 'interaction_constraints': None, 'learning_rate': 0.05, 'max_bin': None, 'max_cat_threshold': None, 'max_cat_to_onehot': None, 'max_delta_step': None, 'max_depth': 5, 'max_leaves': None, 'min_child_weight': None, 'missing': nan, 'monotone_constraints': None, 'multi_strategy': None, 'n_estimators': 60, 'n_jobs': 1, 'num_parallel_tree': None, 'random_state': 46, 'reg_alpha': None, 'reg_lambda': None, 'sampling_method': None, 'scale_pos_weight': None, 'subsample': 0.8, 'tree_method': 'hist', 'validate_parameters': None, 'verbosity': None}",8231fa6219458519de166f44f0d9dcf249852d653d468827ff26733d93a8d67e,started,,,
1be08c702ed04d949f2fa108d64f9e06,owner_fit_h1_enbpi,False,xgboost_estimator_fit,xgboost.sklearn,fit,XGBRegressor,28132,2026-09-14T11:45:55.171686+00:00,51672,"{'objective': 'reg:squarederror', 'base_score': None, 'booster': None, 'callbacks': None, 'colsample_bylevel': None, 'colsample_bynode': None, 'colsample_bytree': 0.8, 'device': None, 'early_stopping_rounds': None, 'enable_categorical': False, 'eval_metric': None, 'feature_types': None, 'feature_weights': None, 'gamma': None, 'grow_policy': None, 'importance_type': None, 'interaction_constraints': None, 'learning_rate': 0.05, 'max_bin': None, 'max_cat_threshold': None, 'max_cat_to_onehot': None, 'max_delta_step': None, 'max_depth': 5, 'max_leaves': None, 'min_child_weight': None, 'missing': nan, 'monotone_constraints': None, 'multi_strategy': None, 'n_estimators': 60, 'n_jobs': 1, 'num_parallel_tree': None, 'random_state': 46, 'reg_alpha': None, 'reg_lambda': None, 'sampling_method': None, 'scale_pos_weight': None, 'subsample': 0.8, 'tree_method': 'hist', 'validate_parameters': None, 'verbosity': None}",8231fa6219458519de166f44f0d9dcf249852d653d468827ff26733d93a8d67e,returned,0.5511778000072809,0.515625,False
bc3eda94fa2c47caaf26228d78fc32e2,owner_fit_h1_enbpi,False,xgboost_estimator_fit,xgboost.sklearn,fit,XGBRegressor,28132,2026-09-14T11:45:55.743016+00:00,51672,"{'objective': 'reg:squarederror', 'base_score': None, 'booster': None, 'callbacks': None, 'colsample_bylevel': None, 'colsample_bynode': None, 'colsample_bytree': 0.8, 'device': None, 'early_stopping_rounds': None, 'enable_categorical': False, 'eval_metric': None, 'feature_types': None, 'feature_weights': None, 'gamma': None, 'grow_policy': None, 'importance_type': None, 'interaction_constraints': None, 'learning_rate': 0.05, 'max_bin': None, 'max_cat_threshold': None, 'max_cat_to_onehot': None, 'max_delta_step': None, 'max_depth': 5, 'max_leaves': None, 'min_child_weight': None, 'missing': nan, 'monotone_constraints': None, 'multi_strategy': None, 'n_estimators': 60, 'n_jobs': 1, 'num_parallel_tree': None, 'random_state': 46, 'reg_alpha': None, 'reg_lambda': None, 'sampling_method': None, 'scale_pos_weight': None, 'subsample': 0.8, 'tree_method': 'hist', 'validate_parameters': None, 'verbosity': None}",242c3e23dc1b6813920c9e743956a8f6bf024dd5d3d96f16a3c2b615f18a48a0,started,,,
bc3eda94fa2c47caaf26228d78fc32e2,owner_fit_h1_enbpi,False,xgboost_estimator_fit,xgboost.sklearn,fit,XGBRegressor,28132,2026-09-14T11:45:55.743016+00:00,51672,"{'objective': 'reg:squarederror', 'base_score': None, 'booster': None, 'callbacks': None, 'colsample_bylevel': None, 'colsample_bynode': None, 'colsample_bytree': 0.8, 'device': None, 'early_stopping_rounds': None, 'enable_categorical': False, 'eval_metric': None, 'feature_types': None, 'feature_weights': None, 'gamma': None, 'grow_policy': None, 'importance_type': None, 'interaction_constraints': None, 'learning_rate': 0.05, 'max_bin': None, 'max_cat_threshold': None, 'max_cat_to_onehot': None, 'max_delta_step': None, 'max_depth': 5, 'max_leaves': None, 'min_child_weight': None, 'missing': nan, 'monotone_constraints': None, 'multi_strategy': None, 'n_estimators': 60, 'n_jobs': 1, 'num_parallel_tree': None, 'random_state': 46, 'reg_alpha': None, 'reg_lambda': None, 'sampling_method': None, 'scale_pos_weight': None, 'subsample': 0.8, 'tree_method': 'hist', 'validate_parameters': None, 'verbosity': None}",242c3e23dc1b6813920c9e743956a8f6bf024dd5d3d96f16a3c2b615f18a48a0,returned,0.5495850000006612,0.546875,False
dbbb5b6b2fcd4db99f76ce3c90a23b4d,owner_fit_h1_enbpi,False,xgboost_estimator_fit,xgboost.sklearn,fit,XGBRegressor,28132,2026-09-14T11:45:56.308422+00:00,51672,"{'objective': 'reg:squarederror', 'base_score': None, 'booster': None, 'callbacks': None, 'colsample_bylevel': None, 'colsample_bynode': None, 'colsample_bytree': 0.8, 'device': None, 'early_stopping_rounds': None, 'enable_categorical': False, 'eval_metric': None, 'feature_types': None, 'feature_weights': None, 'gamma': None, 'grow_policy': None, 'importance_type': None, 'interaction_constraints': None, 'learning_rate': 0.05, 'max_bin': None, 'max_cat_threshold': None, 'max_cat_to_onehot': None, 'max_delta_step': None, 'max_depth': 5, 'max_leaves': None, 'min_child_weight': None, 'missing': nan, 'monotone_constraints': None, 'multi_strategy': None, 'n_estimators': 60, 'n_jobs': 1, 'num_parallel_tree': None, 'random_state': 46, 'reg_alpha': None, 'reg_lambda': None, 'sampling_method': None, 'scale_pos_weight': None, 'subsample': 0.8, 'tree_method': 'hist', 'validate_parameters': None, 'verbosity': None}",16251908a5c7e28be1996426bac2e4086b4bc22c73acc20c8a3f467b85767b6c,started,,,
dbbb5b6b2fcd4db99f76ce3c90a23b4d,owner_fit_h1_enbpi,False,xgboost_estimator_fit,xgboost.sklearn,fit,XGBRegressor,28132,2026-09-14T11:45:56.308422+00:00,51672,"{'objective': 'reg:squarederror', 'base_score': None, 'booster': None, 'callbacks': None, 'colsample_bylevel': None, 'colsample_bynode': None, 'colsample_bytree': 0.8, 'device': None, 'early_stopping_rounds': None, 'enable_categorical': False, 'eval_metric': None, 'feature_types': None, 'feature_weights': None, 'gamma': None, 'grow_policy': None, 'importance_type': None, 'interaction_constraints': None, 'learning_rate': 0.05, 'max_bin': None, 'max_cat_threshold': None, 'max_cat_to_onehot': None, 'max_delta_step': None, 'max_depth': 5, 'max_leaves': None, 'min_child_weight': None, 'missing': nan, 'monotone_constraints': None, 'multi_strategy': None, 'n_estimators': 60, 'n_jobs': 1, 'num_parallel_tree': None, 'random_state': 46, 'reg_alpha': None, 'reg_lambda': None, 'sampling_method': None, 'scale_pos_weight': None, 'subsample': 0.8, 'tree_method': 'hist', 'validate_parameters': None, 'verbosity': None}",16251908a5c7e28be1996426bac2e4086b4bc22c73acc20c8a3f467b85767b6c,returned,0.5619196000043303,0.53125,False
604b9a786f1c4f75bf8839d8d6b862c4,owner_fit_h1_enbpi,False,xgboost_estimator_fit,xgboost.sklearn,fit,XGBRegressor,28132,2026-09-14T11:45:56.896356+00:00,51672,"{'objective': 'reg:squarederror', 'base_score': None, 'booster': None, 'callbacks': None, 'colsample_bylevel': None, 'colsample_bynode': None, 'colsample_bytree': 0.8, 'device': None, 'early_stopping_rounds': None, 'enable_categorical': False, 'eval_metric': None, 'feature_types': None, 'feature_weights': None, 'gamma': None, 'grow_policy': None, 'importance_type': None, 'interaction_constraints': None, 'learning_rate': 0.05, 'max_bin': None, 'max_cat_threshold': None, 'max_cat_to_onehot': None, 'max_delta_step': None, 'max_depth': 5, 'max_leaves': None, 'min_child_weight': None, 'missing': nan, 'monotone_constraints': None, 'multi_strategy': None, 'n_estimators': 60, 'n_jobs': 1, 'num_parallel_tree': None, 'random_state': 46, 'reg_alpha': None, 'reg_lambda': None, 'sampling_method': None, 'scale_pos_weight': None, 'subsample': 0.8, 'tree_method': 'hist', 'validate_parameters': None, 'verbosity': None}",436f7bc8377f23023234bdcd8c181f87899f43bba819905d462cf60912fcc25d,started,,,
604b9a786f1c4f75bf8839d8d6b862c4,owner_fit_h1_enbpi,False,xgboost_estimator_fit,xgboost.sklearn,fit,XGBRegressor,28132,2026-09-14T11:45:56.896356+00:00,51672,"{'objective': 'reg:squarederror', 'base_score': None, 'booster': None, 'callbacks': None, 'colsample_bylevel': None, 'colsample_bynode': None, 'colsample_bytree': 0.8, 'device': None, 'early_stopping_rounds': None, 'enable_categorical': False, 'eval_metric': None, 'feature_types': None, 'feature_weights': None, 'gamma': None, 'grow_policy': None, 'importance_type': None, 'interaction_constraints': None, 'learning_rate': 0.05, 'max_bin': None, 'max_cat_threshold': None, 'max_cat_to_onehot': None, 'max_delta_step': None, 'max_depth': 5, 'max_leaves': None, 'min_child_weight': None, 'missing': nan, 'monotone_constraints': None, 'multi_strategy': None, 'n_estimators': 60, 'n_jobs': 1, 'num_parallel_tree': None, 'random_state': 46, 'reg_alpha': None, 'reg_lambda': None, 'sampling_method': None, 'scale_pos_weight': None, 'subsample': 0.8, 'tree_method': 'hist', 'validate_parameters': None, 'verbosity': None}",436f7bc8377f23023234bdcd8c181f87899f43bba819905d462cf60912fcc25d,returned,0.5706652000080794,0.59375,False
73b10ac343a44f54903bc07556af43a0,owner_fit_h1_enbpi,False,xgboost_estimator_fit,xgboost.sklearn,fit,XGBRegressor,28132,2026-09-14T11:45:57.485505+00:00,51672,"{'objective': 'reg:squarederror', 'base_score': None, 'booster': None, 'callbacks': None, 'colsample_bylevel': None, 'colsample_bynode': None, 'colsample_bytree': 0.8, 'device': None, 'early_stopping_rounds': None, 'enable_categorical': False, 'eval_metric': None, 'feature_types': None, 'feature_weights': None, 'gamma': None, 'grow_policy': None, 'importance_type': None, 'interaction_constraints': None, 'learning_rate': 0.05, 'max_bin': None, 'max_cat_threshold': None, 'max_cat_to_onehot': None, 'max_delta_step': None, 'max_depth': 5, 'max_leaves': None, 'min_child_weight': None, 'missing': nan, 'monotone_constraints': None, 'multi_strategy': None, 'n_estimators': 60, 'n_jobs': 1, 'num_parallel_tree': None, 'random_state': 46, 'reg_alpha': None, 'reg_lambda': None, 'sampling_method': None, 'scale_pos_weight': None, 'subsample': 0.8, 'tree_method': 'hist', 'validate_parameters': None, 'verbosity': None}",ecbb41d12f987c76f6cf04b72e229ce53eb9202e696972cb81a1f7db2042ec2a,started,,,
73b10ac343a44f54903bc07556af43a0,owner_fit_h1_enbpi,False,xgboost_estimator_fit,xgboost.sklearn,fit,XGBRegressor,28132,2026-09-14T11:45:57.485505+00:00,51672,"{'objective': 'reg:squarederror', 'base_score': None, 'booster': None, 'callbacks': None, 'colsample_bylevel': None, 'colsample_bynode': None, 'colsample_bytree': 0.8, 'device': None, 'early_stopping_rounds': None, 'enable_categorical': False, 'eval_metric': None, 'feature_types': None, 'feature_weights': None, 'gamma': None, 'grow_policy': None, 'importance_type': None, 'interaction_constraints': None, 'learning_rate': 0.05, 'max_bin': None, 'max_cat_threshold': None, 'max_cat_to_onehot': None, 'max_delta_step': None, 'max_depth': 5, 'max_leaves': None, 'min_child_weight': None, 'missing': nan, 'monotone_constraints': None, 'multi_strategy': None, 'n_estimators': 60, 'n_jobs': 1, 'num_parallel_tree': None, 'random_state': 46, 'reg_alpha': None, 'reg_lambda': None, 'sampling_method': None, 'scale_pos_weight': None, 'subsample': 0.8, 'tree_method': 'hist', 'validate_parameters': None, 'verbosity': None}",ecbb41d12f987c76f6cf04b72e229ce53eb9202e696972cb81a1f7db2042ec2a,returned,0.560107400000561,0.546875,False
1161b888852b498fb034f13be0e030ce,owner_fit_h1_enbpi,False,calibrator_conformalize,mapie.regression.regression,conformalize,TimeSeriesRegressor,28132,2026-09-14T11:45:55.136721+00:00,51664,"{'agg_function': 'mean', 'conformity_score': None, 'cv': 'BlockBootstrap(length=24, n_blocks=None, n_resamplings=5, overlapping=True,\n        random_state=46)', 'estimator': 'XGBRegressor(base_score=None, booster=None, callbacks=None,\n             colsample_bylevel=None, colsample_bynode=None,\n             colsample_bytree=0.8, device=None, early_stopping_rounds=None,\n             enable_categorical=False, eval_metric=None, feature_types=None,\n             feature_weights=None, gamma=None, grow_policy=None,\n             importance_type=None, interaction_constraints=None,\n             learning_rate=0.05, max_bin=None, max_cat_threshold=None,\n             max_cat_to_onehot=None, max_delta_step=None, max_depth=5,\n             max_leaves=None, min_child_weight=None, missing=nan,\n             monotone_constraints=None, multi_strategy=None, n_estimators=60,\n             n_jobs=1, num_parallel_tree=None, ...)', 'method': 'enbpi', 'n_jobs': 1, 'random_state': 46, 'verbose': 0}",32692a4e5945c7f081d6b81a9969bad5080e65499005031b78c7393221573c75,returned,3.0465632999985246,2.984375,False
ee0dd0dce8bd4da8b4da91d1e5367d6c,owner_fit_h1_enbpi,False,enbpi_wrapper_fit,mapie.regression.regression,fit,TimeSeriesRegressor,28132,2026-09-14T11:45:54.601338+00:00,51664,"{'agg_function': 'mean', 'conformity_score': None, 'cv': 'BlockBootstrap(length=24, n_blocks=None, n_resamplings=5, overlapping=True,\n        random_state=46)', 'estimator': 'XGBRegressor(base_score=None, booster=None, callbacks=None,\n             colsample_bylevel=None, colsample_bynode=None,\n             colsample_bytree=0.8, device=None, early_stopping_rounds=None,\n             enable_categorical=False, eval_metric=None, feature_types=None,\n             feature_weights=None, gamma=None, grow_policy=None,\n             importance_type=None, interaction_constraints=None,\n             learning_rate=0.05, max_bin=None, max_cat_threshold=None,\n             max_cat_to_onehot=None, max_delta_step=None, max_depth=5,\n             max_leaves=None, min_child_weight=None, missing=nan,\n             monotone_constraints=None, multi_strategy=None, n_estimators=60,\n             n_jobs=1, num_parallel_tree=None, ...)', 'method': 'enbpi', 'n_jobs': 1, 'random_state': 46, 'verbose': 0}",32692a4e5945c7f081d6b81a9969bad5080e65499005031b78c7393221573c75,returned,3.596822900013649,3.515625,False
5fe8c11885b340508d8d80c7c2a3a46d,owner_cal_h1_enbpi,False,calibrator_conformalize,mapie.regression.regression,conformalize,TimeSeriesRegressor,28132,2026-09-14T11:45:58.271939+00:00,17370,"{'agg_function': 'mean', 'conformity_score': None, 'cv': 'BlockBootstrap(length=24, n_blocks=None, n_resamplings=5, overlapping=True,\n        random_state=46)', 'estimator': 'XGBRegressor(base_score=None, booster=None, callbacks=None,\n             colsample_bylevel=None, colsample_bynode=None,\n             colsample_bytree=0.8, device=None, early_stopping_rounds=None,\n             enable_categorical=False, eval_metric=None, feature_types=None,\n             feature_weights=None, gamma=None, grow_policy=None,\n             importance_type=None, interaction_constraints=None,\n             learning_rate=0.05, max_bin=None, max_cat_threshold=None,\n             max_cat_to_onehot=None, max_delta_step=None, max_depth=5,\n             max_leaves=None, min_child_weight=None, missing=nan,\n             monotone_constraints=None, multi_strategy=None, n_estimators=60,\n             n_jobs=1, num_parallel_tree=None, ...)', 'method': 'enbpi', 'n_jobs': 1, 'random_state': 46, 'verbose': 0}",fa63c425f272718e0a3c978ff7f9b5c7e6dd93e7dac3116dca6b18d6bc82b553,started,,,
9b4a982d92ef4a80b894bd78756815bd,owner_cal_h1_enbpi,False,xgboost_estimator_fit,xgboost.sklearn,fit,XGBRegressor,28132,2026-09-14T11:45:58.284029+00:00,17376,"{'objective': 'reg:squarederror', 'base_score': None, 'booster': None, 'callbacks': None, 'colsample_bylevel': None, 'colsample_bynode': None, 'colsample_bytree': 0.8, 'device': None, 'early_stopping_rounds': None, 'enable_categorical': False, 'eval_metric': None, 'feature_types': None, 'feature_weights': None, 'gamma': None, 'grow_policy': None, 'importance_type': None, 'interaction_constraints': None, 'learning_rate': 0.05, 'max_bin': None, 'max_cat_threshold': None, 'max_cat_to_onehot': None, 'max_delta_step': None, 'max_depth': 5, 'max_leaves': None, 'min_child_weight': None, 'missing': nan, 'monotone_constraints': None, 'multi_strategy': None, 'n_estimators': 60, 'n_jobs': 1, 'num_parallel_tree': None, 'random_state': 46, 'reg_alpha': None, 'reg_lambda': None, 'sampling_method': None, 'scale_pos_weight': None, 'subsample': 0.8, 'tree_method': 'hist', 'validate_parameters': None, 'verbosity': None}",7c164133a87113a0ef8768499502da9b779f954fb9a85c9338e7240a4811ebd2,started,,,
9b4a982d92ef4a80b894bd78756815bd,owner_cal_h1_enbpi,False,xgboost_estimator_fit,xgboost.sklearn,fit,XGBRegressor,28132,2026-09-14T11:45:58.284029+00:00,17376,"{'objective': 'reg:squarederror', 'base_score': None, 'booster': None, 'callbacks': None, 'colsample_bylevel': None, 'colsample_bynode': None, 'colsample_bytree': 0.8, 'device': None, 'early_stopping_rounds': None, 'enable_categorical': False, 'eval_metric': None, 'feature_types': None, 'feature_weights': None, 'gamma': None, 'grow_policy': None, 'importance_type': None, 'interaction_constraints': None, 'learning_rate': 0.05, 'max_bin': None, 'max_cat_threshold': None, 'max_cat_to_onehot': None, 'max_delta_step': None, 'max_depth': 5, 'max_leaves': None, 'min_child_weight': None, 'missing': nan, 'monotone_constraints': None, 'multi_strategy': None, 'n_estimators': 60, 'n_jobs': 1, 'num_parallel_tree': None, 'random_state': 46, 'reg_alpha': None, 'reg_lambda': None, 'sampling_method': None, 'scale_pos_weight': None, 'subsample': 0.8, 'tree_method': 'hist', 'validate_parameters': None, 'verbosity': None}",7c164133a87113a0ef8768499502da9b779f954fb9a85c9338e7240a4811ebd2,returned,0.23346839999430813,0.234375,False
57a5c757624a4c358fd293b2e35da21b,owner_cal_h1_enbpi,False,xgboost_estimator_fit,xgboost.sklearn,fit,XGBRegressor,28132,2026-09-14T11:45:58.526606+00:00,17376,"{'objective': 'reg:squarederror', 'base_score': None, 'booster': None, 'callbacks': None, 'colsample_bylevel': None, 'colsample_bynode': None, 'colsample_bytree': 0.8, 'device': None, 'early_stopping_rounds': None, 'enable_categorical': False, 'eval_metric': None, 'feature_types': None, 'feature_weights': None, 'gamma': None, 'grow_policy': None, 'importance_type': None, 'interaction_constraints': None, 'learning_rate': 0.05, 'max_bin': None, 'max_cat_threshold': None, 'max_cat_to_onehot': None, 'max_delta_step': None, 'max_depth': 5, 'max_leaves': None, 'min_child_weight': None, 'missing': nan, 'monotone_constraints': None, 'multi_strategy': None, 'n_estimators': 60, 'n_jobs': 1, 'num_parallel_tree': None, 'random_state': 46, 'reg_alpha': None, 'reg_lambda': None, 'sampling_method': None, 'scale_pos_weight': None, 'subsample': 0.8, 'tree_method': 'hist', 'validate_parameters': None, 'verbosity': None}",30bca84cf5ada841bc23fb16f48d55315b2f10dbd400a6e0b3fc63359b1a7527,started,,,
57a5c757624a4c358fd293b2e35da21b,owner_cal_h1_enbpi,False,xgboost_estimator_fit,xgboost.sklearn,fit,XGBRegressor,28132,2026-09-14T11:45:58.526606+00:00,17376,"{'objective': 'reg:squarederror', 'base_score': None, 'booster': None, 'callbacks': None, 'colsample_bylevel': None, 'colsample_bynode': None, 'colsample_bytree': 0.8, 'device': None, 'early_stopping_rounds': None, 'enable_categorical': False, 'eval_metric': None, 'feature_types': None, 'feature_weights': None, 'gamma': None, 'grow_policy': None, 'importance_type': None, 'interaction_constraints': None, 'learning_rate': 0.05, 'max_bin': None, 'max_cat_threshold': None, 'max_cat_to_onehot': None, 'max_delta_step': None, 'max_depth': 5, 'max_leaves': None, 'min_child_weight': None, 'missing': nan, 'monotone_constraints': None, 'multi_strategy': None, 'n_estimators': 60, 'n_jobs': 1, 'num_parallel_tree': None, 'random_state': 46, 'reg_alpha': None, 'reg_lambda': None, 'sampling_method': None, 'scale_pos_weight': None, 'subsample': 0.8, 'tree_method': 'hist', 'validate_parameters': None, 'verbosity': None}",30bca84cf5ada841bc23fb16f48d55315b2f10dbd400a6e0b3fc63359b1a7527,returned,0.22932209999999031,0.234375,False
f4bd7d14663e433c8182591f1324b59f,owner_cal_h1_enbpi,False,xgboost_estimator_fit,xgboost.sklearn,fit,XGBRegressor,28132,2026-09-14T11:45:58.754798+00:00,17376,"{'objective': 'reg:squarederror', 'base_score': None, 'booster': None, 'callbacks': None, 'colsample_bylevel': None, 'colsample_bynode': None, 'colsample_bytree': 0.8, 'device': None, 'early_stopping_rounds': None, 'enable_categorical': False, 'eval_metric': None, 'feature_types': None, 'feature_weights': None, 'gamma': None, 'grow_policy': None, 'importance_type': None, 'interaction_constraints': None, 'learning_rate': 0.05, 'max_bin': None, 'max_cat_threshold': None, 'max_cat_to_onehot': None, 'max_delta_step': None, 'max_depth': 5, 'max_leaves': None, 'min_child_weight': None, 'missing': nan, 'monotone_constraints': None, 'multi_strategy': None, 'n_estimators': 60, 'n_jobs': 1, 'num_parallel_tree': None, 'random_state': 46, 'reg_alpha': None, 'reg_lambda': None, 'sampling_method': None, 'scale_pos_weight': None, 'subsample': 0.8, 'tree_method': 'hist', 'validate_parameters': None, 'verbosity': None}",3fb6433f0b40b2bf91ffbc7fd1e554e4198f4ca0d9ec1f7c05b2b5fe77b17a65,started,,,
f4bd7d14663e433c8182591f1324b59f,owner_cal_h1_enbpi,False,xgboost_estimator_fit,xgboost.sklearn,fit,XGBRegressor,28132,2026-09-14T11:45:58.754798+00:00,17376,"{'objective': 'reg:squarederror', 'base_score': None, 'booster': None, 'callbacks': None, 'colsample_bylevel': None, 'colsample_bynode': None, 'colsample_bytree': 0.8, 'device': None, 'early_stopping_rounds': None, 'enable_categorical': False, 'eval_metric': None, 'feature_types': None, 'feature_weights': None, 'gamma': None, 'grow_policy': None, 'importance_type': None, 'interaction_constraints': None, 'learning_rate': 0.05, 'max_bin': None, 'max_cat_threshold': None, 'max_cat_to_onehot': None, 'max_delta_step': None, 'max_depth': 5, 'max_leaves': None, 'min_child_weight': None, 'missing': nan, 'monotone_constraints': None, 'multi_strategy': None, 'n_estimators': 60, 'n_jobs': 1, 'num_parallel_tree': None, 'random_state': 46, 'reg_alpha': None, 'reg_lambda': None, 'sampling_method': None, 'scale_pos_weight': None, 'subsample': 0.8, 'tree_method': 'hist', 'validate_parameters': None, 'verbosity': None}",3fb6433f0b40b2bf91ffbc7fd1e554e4198f4ca0d9ec1f7c05b2b5fe77b17a65,returned,0.237090900001931,0.21875,False
55b6cfa3a1b543009dd48acdaf2c60a6,owner_cal_h1_enbpi,False,xgboost_estimator_fit,xgboost.sklearn,fit,XGBRegressor,28132,2026-09-14T11:45:59.011419+00:00,17376,"{'objective': 'reg:squarederror', 'base_score': None, 'booster': None, 'callbacks': None, 'colsample_bylevel': None, 'colsample_bynode': None, 'colsample_bytree': 0.8, 'device': None, 'early_stopping_rounds': None, 'enable_categorical': False, 'eval_metric': None, 'feature_types': None, 'feature_weights': None, 'gamma': None, 'grow_policy': None, 'importance_type': None, 'interaction_constraints': None, 'learning_rate': 0.05, 'max_bin': None, 'max_cat_threshold': None, 'max_cat_to_onehot': None, 'max_delta_step': None, 'max_depth': 5, 'max_leaves': None, 'min_child_weight': None, 'missing': nan, 'monotone_constraints': None, 'multi_strategy': None, 'n_estimators': 60, 'n_jobs': 1, 'num_parallel_tree': None, 'random_state': 46, 'reg_alpha': None, 'reg_lambda': None, 'sampling_method': None, 'scale_pos_weight': None, 'subsample': 0.8, 'tree_method': 'hist', 'validate_parameters': None, 'verbosity': None}",4b07127fc2920611874b03ac318e0f7844bf627723650cfa1d50494aeeb92d47,started,,,
55b6cfa3a1b543009dd48acdaf2c60a6,owner_cal_h1_enbpi,False,xgboost_estimator_fit,xgboost.sklearn,fit,XGBRegressor,28132,2026-09-14T11:45:59.011419+00:00,17376,"{'objective': 'reg:squarederror', 'base_score': None, 'booster': None, 'callbacks': None, 'colsample_bylevel': None, 'colsample_bynode': None, 'colsample_bytree': 0.8, 'device': None, 'early_stopping_rounds': None, 'enable_categorical': False, 'eval_metric': None, 'feature_types': None, 'feature_weights': None, 'gamma': None, 'grow_policy': None, 'importance_type': None, 'interaction_constraints': None, 'learning_rate': 0.05, 'max_bin': None, 'max_cat_threshold': None, 'max_cat_to_onehot': None, 'max_delta_step': None, 'max_depth': 5, 'max_leaves': None, 'min_child_weight': None, 'missing': nan, 'monotone_constraints': None, 'multi_strategy': None, 'n_estimators': 60, 'n_jobs': 1, 'num_parallel_tree': None, 'random_state': 46, 'reg_alpha': None, 'reg_lambda': None, 'sampling_method': None, 'scale_pos_weight': None, 'subsample': 0.8, 'tree_method': 'hist', 'validate_parameters': None, 'verbosity': None}",4b07127fc2920611874b03ac318e0f7844bf627723650cfa1d50494aeeb92d47,returned,0.23548289999598637,0.21875,False
a2aaa90b4c9d450f9023707c795122db,owner_cal_h1_enbpi,False,xgboost_estimator_fit,xgboost.sklearn,fit,XGBRegressor,28132,2026-09-14T11:45:59.259883+00:00,17376,"{'objective': 'reg:squarederror', 'base_score': None, 'booster': None, 'callbacks': None, 'colsample_bylevel': None, 'colsample_bynode': None, 'colsample_bytree': 0.8, 'device': None, 'early_stopping_rounds': None, 'enable_categorical': False, 'eval_metric': None, 'feature_types': None, 'feature_weights': None, 'gamma': None, 'grow_policy': None, 'importance_type': None, 'interaction_constraints': None, 'learning_rate': 0.05, 'max_bin': None, 'max_cat_threshold': None, 'max_cat_to_onehot': None, 'max_delta_step': None, 'max_depth': 5, 'max_leaves': None, 'min_child_weight': None, 'missing': nan, 'monotone_constraints': None, 'multi_strategy': None, 'n_estimators': 60, 'n_jobs': 1, 'num_parallel_tree': None, 'random_state': 46, 'reg_alpha': None, 'reg_lambda': None, 'sampling_method': None, 'scale_pos_weight': None, 'subsample': 0.8, 'tree_method': 'hist', 'validate_parameters': None, 'verbosity': None}",5533e3661a1d25fe4c3ef0b6ad21d414f2f8b2e3d10d1b6335ae634c54ab4843,started,,,
a2aaa90b4c9d450f9023707c795122db,owner_cal_h1_enbpi,False,xgboost_estimator_fit,xgboost.sklearn,fit,XGBRegressor,28132,2026-09-14T11:45:59.259883+00:00,17376,"{'objective': 'reg:squarederror', 'base_score': None, 'booster': None, 'callbacks': None, 'colsample_bylevel': None, 'colsample_bynode': None, 'colsample_bytree': 0.8, 'device': None, 'early_stopping_rounds': None, 'enable_categorical': False, 'eval_metric': None, 'feature_types': None, 'feature_weights': None, 'gamma': None, 'grow_policy': None, 'importance_type': None, 'interaction_constraints': None, 'learning_rate': 0.05, 'max_bin': None, 'max_cat_threshold': None, 'max_cat_to_onehot': None, 'max_delta_step': None, 'max_depth': 5, 'max_leaves': None, 'min_child_weight': None, 'missing': nan, 'monotone_constraints': None, 'multi_strategy': None, 'n_estimators': 60, 'n_jobs': 1, 'num_parallel_tree': None, 'random_state': 46, 'reg_alpha': None, 'reg_lambda': None, 'sampling_method': None, 'scale_pos_weight': None, 'subsample': 0.8, 'tree_method': 'hist', 'validate_parameters': None, 'verbosity': None}",5533e3661a1d25fe4c3ef0b6ad21d414f2f8b2e3d10d1b6335ae634c54ab4843,returned,0.23390049999579787,0.21875,False
5fe8c11885b340508d8d80c7c2a3a46d,owner_cal_h1_enbpi,False,calibrator_conformalize,mapie.regression.regression,conformalize,TimeSeriesRegressor,28132,2026-09-14T11:45:58.271939+00:00,17370,"{'agg_function': 'mean', 'conformity_score': None, 'cv': 'BlockBootstrap(length=24, n_blocks=None, n_resamplings=5, overlapping=True,\n        random_state=46)', 'estimator': 'XGBRegressor(base_score=None, booster=None, callbacks=None,\n             colsample_bylevel=None, colsample_bynode=None,\n             colsample_bytree=0.8, device=None, early_stopping_rounds=None,\n             enable_categorical=False, eval_metric=None, feature_types=None,\n             feature_weights=None, gamma=None, grow_policy=None,\n             importance_type=None, interaction_constraints=None,\n             learning_rate=0.05, max_bin=None, max_cat_threshold=None,\n             max_cat_to_onehot=None, max_delta_step=None, max_depth=5,\n             max_leaves=None, min_child_weight=None, missing=nan,\n             monotone_constraints=None, multi_strategy=None, n_estimators=60,\n             n_jobs=1, num_parallel_tree=None, ...)', 'method': 'enbpi', 'n_jobs': 1, 'random_state': 46, 'verbose': 0}",fa63c425f272718e0a3c978ff7f9b5c7e6dd93e7dac3116dca6b18d6bc82b553,returned,1.2751631999999518,1.234375,False
5e0d2d2f8e73448688253b6cd44dc855,owner_fit_h3_cqr_l90,False,cqr_wrapper_fit,mapie.regression.quantile_regression,fit,ConformalizedQuantileRegressor,28132,2026-09-14T11:47:34.906658+00:00,51634,{},7219f08e91cd07b928ddb088f9ba3f3ec957cf0ba48a9beff8b2ef9365285782,started,,,
1eecf0b2c8d74af8bf97b3aa9180a2e2,owner_fit_h3_cqr_l90,False,quantile_estimator_fit,sklearn.ensemble._hist_gradient_boosting.gradient_boosting,fit,HistGradientBoostingRegressor,28132,2026-09-14T11:47:34.912548+00:00,51634,"{'categorical_features': 'warn', 'early_stopping': 'auto', 'interaction_cst': None, 'l2_regularization': 0.0, 'learning_rate': 0.05, 'loss': 'quantile', 'max_bins': 255, 'max_depth': None, 'max_features': 1.0, 'max_iter': 300, 'max_leaf_nodes': 31, 'min_samples_leaf': 50, 'monotonic_cst': None, 'n_iter_no_change': 10, 'quantile': 0.05, 'random_state': 46, 'scoring': 'loss', 'tol': 1e-07, 'validation_fraction': 0.1, 'verbose': 0, 'warm_start': False}",7219f08e91cd07b928ddb088f9ba3f3ec957cf0ba48a9beff8b2ef9365285782,started,,,
1eecf0b2c8d74af8bf97b3aa9180a2e2,owner_fit_h3_cqr_l90,False,quantile_estimator_fit,sklearn.ensemble._hist_gradient_boosting.gradient_boosting,fit,HistGradientBoostingRegressor,28132,2026-09-14T11:47:34.912548+00:00,51634,"{'categorical_features': 'warn', 'early_stopping': 'auto', 'interaction_cst': None, 'l2_regularization': 0.0, 'learning_rate': 0.05, 'loss': 'quantile', 'max_bins': 255, 'max_depth': None, 'max_features': 1.0, 'max_iter': 300, 'max_leaf_nodes': 31, 'min_samples_leaf': 50, 'monotonic_cst': None, 'n_iter_no_change': 10, 'quantile': 0.05, 'random_state': 46, 'scoring': 'loss', 'tol': 1e-07, 'validation_fraction': 0.1, 'verbose': 0, 'warm_start': False}",7219f08e91cd07b928ddb088f9ba3f3ec957cf0ba48a9beff8b2ef9365285782,returned,4.33866819999821,4.265625,False
8a7085a2e1644fa789b8bad54afaedc8,owner_fit_h3_cqr_l90,False,quantile_estimator_fit,sklearn.ensemble._hist_gradient_boosting.gradient_boosting,fit,HistGradientBoostingRegressor,28132,2026-09-14T11:47:39.250361+00:00,51634,"{'categorical_features': 'warn', 'early_stopping': 'auto', 'interaction_cst': None, 'l2_regularization': 0.0, 'learning_rate': 0.05, 'loss': 'quantile', 'max_bins': 255, 'max_depth': None, 'max_features': 1.0, 'max_iter': 300, 'max_leaf_nodes': 31, 'min_samples_leaf': 50, 'monotonic_cst': None, 'n_iter_no_change': 10, 'quantile': 0.95, 'random_state': 46, 'scoring': 'loss', 'tol': 1e-07, 'validation_fraction': 0.1, 'verbose': 0, 'warm_start': False}",7219f08e91cd07b928ddb088f9ba3f3ec957cf0ba48a9beff8b2ef9365285782,started,,,
8a7085a2e1644fa789b8bad54afaedc8,owner_fit_h3_cqr_l90,False,quantile_estimator_fit,sklearn.ensemble._hist_gradient_boosting.gradient_boosting,fit,HistGradientBoostingRegressor,28132,2026-09-14T11:47:39.250361+00:00,51634,"{'categorical_features': 'warn', 'early_stopping': 'auto', 'interaction_cst': None, 'l2_regularization': 0.0, 'learning_rate': 0.05, 'loss': 'quantile', 'max_bins': 255, 'max_depth': None, 'max_features': 1.0, 'max_iter': 300, 'max_leaf_nodes': 31, 'min_samples_leaf': 50, 'monotonic_cst': None, 'n_iter_no_change': 10, 'quantile': 0.95, 'random_state': 46, 'scoring': 'loss', 'tol': 1e-07, 'validation_fraction': 0.1, 'verbose': 0, 'warm_start': False}",7219f08e91cd07b928ddb088f9ba3f3ec957cf0ba48a9beff8b2ef9365285782,returned,4.435448899996118,4.28125,False
63efb042c8324192a88c6982c54a7e63,owner_fit_h3_cqr_l90,False,quantile_estimator_fit,sklearn.ensemble._hist_gradient_boosting.gradient_boosting,fit,HistGradientBoostingRegressor,28132,2026-09-14T11:47:43.699998+00:00,51634,"{'categorical_features': 'warn', 'early_stopping': 'auto', 'interaction_cst': None, 'l2_regularization': 0.0, 'learning_rate': 0.05, 'loss': 'quantile', 'max_bins': 255, 'max_depth': None, 'max_features': 1.0, 'max_iter': 300, 'max_leaf_nodes': 31, 'min_samples_leaf': 50, 'monotonic_cst': None, 'n_iter_no_change': 10, 'quantile': 0.5, 'random_state': 46, 'scoring': 'loss', 'tol': 1e-07, 'validation_fraction': 0.1, 'verbose': 0, 'warm_start': False}",7219f08e91cd07b928ddb088f9ba3f3ec957cf0ba48a9beff8b2ef9365285782,started,,,
63efb042c8324192a88c6982c54a7e63,owner_fit_h3_cqr_l90,False,quantile_estimator_fit,sklearn.ensemble._hist_gradient_boosting.gradient_boosting,fit,HistGradientBoostingRegressor,28132,2026-09-14T11:47:43.699998+00:00,51634,"{'categorical_features': 'warn', 'early_stopping': 'auto', 'interaction_cst': None, 'l2_regularization': 0.0, 'learning_rate': 0.05, 'loss': 'quantile', 'max_bins': 255, 'max_depth': None, 'max_features': 1.0, 'max_iter': 300, 'max_leaf_nodes': 31, 'min_samples_leaf': 50, 'monotonic_cst': None, 'n_iter_no_change': 10, 'quantile': 0.5, 'random_state': 46, 'scoring': 'loss', 'tol': 1e-07, 'validation_fraction': 0.1, 'verbose': 0, 'warm_start': False}",7219f08e91cd07b928ddb088f9ba3f3ec957cf0ba48a9beff8b2ef9365285782,returned,4.757328599996981,4.578125,False
5e0d2d2f8e73448688253b6cd44dc855,owner_fit_h3_cqr_l90,False,cqr_wrapper_fit,mapie.regression.quantile_regression,fit,ConformalizedQuantileRegressor,28132,2026-09-14T11:47:34.906658+00:00,51634,{},7219f08e91cd07b928ddb088f9ba3f3ec957cf0ba48a9beff8b2ef9365285782,returned,13.55214519999572,13.125,False
d977526970e4440199a614e417f961be,owner_cal_h3_cqr_l90,False,calibrator_conformalize,mapie.regression.quantile_regression,conformalize,ConformalizedQuantileRegressor,28132,2026-09-14T11:47:48.542914+00:00,17360,{},0f46080de37021df3a0f5b441026dca901f9e120d4122009433514315f4a6e5b,started,,,
f160db4e30a24f14acecdd3c245eb1f1,owner_cal_h3_cqr_l90,False,calibrator_conformalize,mapie.regression.quantile_regression,conformalize,_MapieQuantileRegressor,28132,2026-09-14T11:47:48.544915+00:00,17360,"{'alpha': 0.1, 'cv': 'split', 'estimator': ""HistGradientBoostingRegressor(learning_rate=0.05, loss='quantile', max_iter=300,\n                              min_samples_leaf=50, random_state=46)"", 'method': 'quantile'}",0f46080de37021df3a0f5b441026dca901f9e120d4122009433514315f4a6e5b,started,,,
f160db4e30a24f14acecdd3c245eb1f1,owner_cal_h3_cqr_l90,False,calibrator_conformalize,mapie.regression.quantile_regression,conformalize,_MapieQuantileRegressor,28132,2026-09-14T11:47:48.544915+00:00,17360,"{'alpha': 0.1, 'cv': 'split', 'estimator': ""HistGradientBoostingRegressor(learning_rate=0.05, loss='quantile', max_iter=300,\n                              min_samples_leaf=50, random_state=46)"", 'method': 'quantile'}",0f46080de37021df3a0f5b441026dca901f9e120d4122009433514315f4a6e5b,returned,1.5614726000058,1.5,False
d977526970e4440199a614e417f961be,owner_cal_h3_cqr_l90,False,calibrator_conformalize,mapie.regression.quantile_regression,conformalize,ConformalizedQuantileRegressor,28132,2026-09-14T11:47:48.542914+00:00,17360,{},0f46080de37021df3a0f5b441026dca901f9e120d4122009433514315f4a6e5b,returned,1.5659032999974443,1.53125,False
fbbfcde448f344e79d3db8f4f4a2af0c,owner_fit_h3_cqr_l95,False,cqr_wrapper_fit,mapie.regression.quantile_regression,fit,ConformalizedQuantileRegressor,28132,2026-09-14T11:48:25.321648+00:00,51634,{},7219f08e91cd07b928ddb088f9ba3f3ec957cf0ba48a9beff8b2ef9365285782,started,,,
0f59f943082044b0aad503334edabf83,owner_fit_h3_cqr_l95,False,quantile_estimator_fit,sklearn.ensemble._hist_gradient_boosting.gradient_boosting,fit,HistGradientBoostingRegressor,28132,2026-09-14T11:48:25.327219+00:00,51634,"{'categorical_features': 'warn', 'early_stopping': 'auto', 'interaction_cst': None, 'l2_regularization': 0.0, 'learning_rate': 0.05, 'loss': 'quantile', 'max_bins': 255, 'max_depth': None, 'max_features': 1.0, 'max_iter': 300, 'max_leaf_nodes': 31, 'min_samples_leaf': 50, 'monotonic_cst': None, 'n_iter_no_change': 10, 'quantile': 0.025, 'random_state': 46, 'scoring': 'loss', 'tol': 1e-07, 'validation_fraction': 0.1, 'verbose': 0, 'warm_start': False}",7219f08e91cd07b928ddb088f9ba3f3ec957cf0ba48a9beff8b2ef9365285782,started,,,
0f59f943082044b0aad503334edabf83,owner_fit_h3_cqr_l95,False,quantile_estimator_fit,sklearn.ensemble._hist_gradient_boosting.gradient_boosting,fit,HistGradientBoostingRegressor,28132,2026-09-14T11:48:25.327219+00:00,51634,"{'categorical_features': 'warn', 'early_stopping': 'auto', 'interaction_cst': None, 'l2_regularization': 0.0, 'learning_rate': 0.05, 'loss': 'quantile', 'max_bins': 255, 'max_depth': None, 'max_features': 1.0, 'max_iter': 300, 'max_leaf_nodes': 31, 'min_samples_leaf': 50, 'monotonic_cst': None, 'n_iter_no_change': 10, 'quantile': 0.025, 'random_state': 46, 'scoring': 'loss', 'tol': 1e-07, 'validation_fraction': 0.1, 'verbose': 0, 'warm_start': False}",7219f08e91cd07b928ddb088f9ba3f3ec957cf0ba48a9beff8b2ef9365285782,returned,4.177304600001662,4.078125,False
bf6b1522d0d34b488a5bd9d0bd1f4733,owner_fit_h3_cqr_l95,False,quantile_estimator_fit,sklearn.ensemble._hist_gradient_boosting.gradient_boosting,fit,HistGradientBoostingRegressor,28132,2026-09-14T11:48:29.511315+00:00,51634,"{'categorical_features': 'warn', 'early_stopping': 'auto', 'interaction_cst': None, 'l2_regularization': 0.0, 'learning_rate': 0.05, 'loss': 'quantile', 'max_bins': 255, 'max_depth': None, 'max_features': 1.0, 'max_iter': 300, 'max_leaf_nodes': 31, 'min_samples_leaf': 50, 'monotonic_cst': None, 'n_iter_no_change': 10, 'quantile': 0.975, 'random_state': 46, 'scoring': 'loss', 'tol': 1e-07, 'validation_fraction': 0.1, 'verbose': 0, 'warm_start': False}",7219f08e91cd07b928ddb088f9ba3f3ec957cf0ba48a9beff8b2ef9365285782,started,,,
bf6b1522d0d34b488a5bd9d0bd1f4733,owner_fit_h3_cqr_l95,False,quantile_estimator_fit,sklearn.ensemble._hist_gradient_boosting.gradient_boosting,fit,HistGradientBoostingRegressor,28132,2026-09-14T11:48:29.511315+00:00,51634,"{'categorical_features': 'warn', 'early_stopping': 'auto', 'interaction_cst': None, 'l2_regularization': 0.0, 'learning_rate': 0.05, 'loss': 'quantile', 'max_bins': 255, 'max_depth': None, 'max_features': 1.0, 'max_iter': 300, 'max_leaf_nodes': 31, 'min_samples_leaf': 50, 'monotonic_cst': None, 'n_iter_no_change': 10, 'quantile': 0.975, 'random_state': 46, 'scoring': 'loss', 'tol': 1e-07, 'validation_fraction': 0.1, 'verbose': 0, 'warm_start': False}",7219f08e91cd07b928ddb088f9ba3f3ec957cf0ba48a9beff8b2ef9365285782,returned,4.1935288999957265,4.125,False
b19e07203c424312859b3218ed052c73,owner_fit_h3_cqr_l95,False,quantile_estimator_fit,sklearn.ensemble._hist_gradient_boosting.gradient_boosting,fit,HistGradientBoostingRegressor,28132,2026-09-14T11:48:33.710730+00:00,51634,"{'categorical_features': 'warn', 'early_stopping': 'auto', 'interaction_cst': None, 'l2_regularization': 0.0, 'learning_rate': 0.05, 'loss': 'quantile', 'max_bins': 255, 'max_depth': None, 'max_features': 1.0, 'max_iter': 300, 'max_leaf_nodes': 31, 'min_samples_leaf': 50, 'monotonic_cst': None, 'n_iter_no_change': 10, 'quantile': 0.5, 'random_state': 46, 'scoring': 'loss', 'tol': 1e-07, 'validation_fraction': 0.1, 'verbose': 0, 'warm_start': False}",7219f08e91cd07b928ddb088f9ba3f3ec957cf0ba48a9beff8b2ef9365285782,started,,,
b19e07203c424312859b3218ed052c73,owner_fit_h3_cqr_l95,False,quantile_estimator_fit,sklearn.ensemble._hist_gradient_boosting.gradient_boosting,fit,HistGradientBoostingRegressor,28132,2026-09-14T11:48:33.710730+00:00,51634,"{'categorical_features': 'warn', 'early_stopping': 'auto', 'interaction_cst': None, 'l2_regularization': 0.0, 'learning_rate': 0.05, 'loss': 'quantile', 'max_bins': 255, 'max_depth': None, 'max_features': 1.0, 'max_iter': 300, 'max_leaf_nodes': 31, 'min_samples_leaf': 50, 'monotonic_cst': None, 'n_iter_no_change': 10, 'quantile': 0.5, 'random_state': 46, 'scoring': 'loss', 'tol': 1e-07, 'validation_fraction': 0.1, 'verbose': 0, 'warm_start': False}",7219f08e91cd07b928ddb088f9ba3f3ec957cf0ba48a9beff8b2ef9365285782,returned,4.588318800000707,4.390625,False
fbbfcde448f344e79d3db8f4f4a2af0c,owner_fit_h3_cqr_l95,False,cqr_wrapper_fit,mapie.regression.quantile_regression,fit,ConformalizedQuantileRegressor,28132,2026-09-14T11:48:25.321648+00:00,51634,{},7219f08e91cd07b928ddb088f9ba3f3ec957cf0ba48a9beff8b2ef9365285782,returned,12.979209699988132,12.609375,False
501af27f0f364563b46fa2d994c76fd6,owner_cal_h3_cqr_l95,False,calibrator_conformalize,mapie.regression.quantile_regression,conformalize,ConformalizedQuantileRegressor,28132,2026-09-14T11:48:38.420164+00:00,17360,{},0f46080de37021df3a0f5b441026dca901f9e120d4122009433514315f4a6e5b,started,,,
ed2e8159e4f747da95eb7961e6890e4e,owner_cal_h3_cqr_l95,False,calibrator_conformalize,mapie.regression.quantile_regression,conformalize,_MapieQuantileRegressor,28132,2026-09-14T11:48:38.420164+00:00,17360,"{'alpha': 0.05, 'cv': 'split', 'estimator': ""HistGradientBoostingRegressor(learning_rate=0.05, loss='quantile', max_iter=300,\n                              min_samples_leaf=50, random_state=46)"", 'method': 'quantile'}",0f46080de37021df3a0f5b441026dca901f9e120d4122009433514315f4a6e5b,started,,,
ed2e8159e4f747da95eb7961e6890e4e,owner_cal_h3_cqr_l95,False,calibrator_conformalize,mapie.regression.quantile_regression,conformalize,_MapieQuantileRegressor,28132,2026-09-14T11:48:38.420164+00:00,17360,"{'alpha': 0.05, 'cv': 'split', 'estimator': ""HistGradientBoostingRegressor(learning_rate=0.05, loss='quantile', max_iter=300,\n                              min_samples_leaf=50, random_state=46)"", 'method': 'quantile'}",0f46080de37021df3a0f5b441026dca901f9e120d4122009433514315f4a6e5b,returned,1.5681544999970356,1.515625,False
501af27f0f364563b46fa2d994c76fd6,owner_cal_h3_cqr_l95,False,calibrator_conformalize,mapie.regression.quantile_regression,conformalize,ConformalizedQuantileRegressor,28132,2026-09-14T11:48:38.420164+00:00,17360,{},0f46080de37021df3a0f5b441026dca901f9e120d4122009433514315f4a6e5b,returned,1.5729629999987083,1.515625,False
3e9d441bfd124c00b7b30a8a28f032f6,owner_fit_h3_enbpi,False,enbpi_wrapper_fit,mapie.regression.regression,fit,TimeSeriesRegressor,28132,2026-09-14T11:49:14.494238+00:00,51634,"{'agg_function': 'mean', 'conformity_score': None, 'cv': 'BlockBootstrap(length=24, n_blocks=None, n_resamplings=5, overlapping=True,\n        random_state=46)', 'estimator': 'XGBRegressor(base_score=None, booster=None, callbacks=None,\n             colsample_bylevel=None, colsample_bynode=None,\n             colsample_bytree=0.8, device=None, early_stopping_rounds=None,\n             enable_categorical=False, eval_metric=None, feature_types=None,\n             feature_weights=None, gamma=None, grow_policy=None,\n             importance_type=None, interaction_constraints=None,\n             learning_rate=0.05, max_bin=None, max_cat_threshold=None,\n             max_cat_to_onehot=None, max_delta_step=None, max_depth=5,\n             max_leaves=None, min_child_weight=None, missing=nan,\n             monotone_constraints=None, multi_strategy=None, n_estimators=60,\n             n_jobs=1, num_parallel_tree=None, ...)', 'method': 'enbpi', 'n_jobs': 1, 'random_state': 46, 'verbose': 0}",7219f08e91cd07b928ddb088f9ba3f3ec957cf0ba48a9beff8b2ef9365285782,started,,,
f5b24660940f465d9b4050372f25d684,owner_fit_h3_enbpi,False,xgboost_estimator_fit,xgboost.sklearn,fit,XGBRegressor,28132,2026-09-14T11:49:14.502460+00:00,51634,"{'objective': 'reg:squarederror', 'base_score': None, 'booster': None, 'callbacks': None, 'colsample_bylevel': None, 'colsample_bynode': None, 'colsample_bytree': 0.8, 'device': None, 'early_stopping_rounds': None, 'enable_categorical': False, 'eval_metric': None, 'feature_types': None, 'feature_weights': None, 'gamma': None, 'grow_policy': None, 'importance_type': None, 'interaction_constraints': None, 'learning_rate': 0.05, 'max_bin': None, 'max_cat_threshold': None, 'max_cat_to_onehot': None, 'max_delta_step': None, 'max_depth': 5, 'max_leaves': None, 'min_child_weight': None, 'missing': nan, 'monotone_constraints': None, 'multi_strategy': None, 'n_estimators': 60, 'n_jobs': 1, 'num_parallel_tree': None, 'random_state': 46, 'reg_alpha': None, 'reg_lambda': None, 'sampling_method': None, 'scale_pos_weight': None, 'subsample': 0.8, 'tree_method': 'hist', 'validate_parameters': None, 'verbosity': None}",7219f08e91cd07b928ddb088f9ba3f3ec957cf0ba48a9beff8b2ef9365285782,started,,,
f5b24660940f465d9b4050372f25d684,owner_fit_h3_enbpi,False,xgboost_estimator_fit,xgboost.sklearn,fit,XGBRegressor,28132,2026-09-14T11:49:14.502460+00:00,51634,"{'objective': 'reg:squarederror', 'base_score': None, 'booster': None, 'callbacks': None, 'colsample_bylevel': None, 'colsample_bynode': None, 'colsample_bytree': 0.8, 'device': None, 'early_stopping_rounds': None, 'enable_categorical': False, 'eval_metric': None, 'feature_types': None, 'feature_weights': None, 'gamma': None, 'grow_policy': None, 'importance_type': None, 'interaction_constraints': None, 'learning_rate': 0.05, 'max_bin': None, 'max_cat_threshold': None, 'max_cat_to_onehot': None, 'max_delta_step': None, 'max_depth': 5, 'max_leaves': None, 'min_child_weight': None, 'missing': nan, 'monotone_constraints': None, 'multi_strategy': None, 'n_estimators': 60, 'n_jobs': 1, 'num_parallel_tree': None, 'random_state': 46, 'reg_alpha': None, 'reg_lambda': None, 'sampling_method': None, 'scale_pos_weight': None, 'subsample': 0.8, 'tree_method': 'hist', 'validate_parameters': None, 'verbosity': None}",7219f08e91cd07b928ddb088f9ba3f3ec957cf0ba48a9beff8b2ef9365285782,returned,0.5550590000057127,0.53125,False
7f311c1827514cc2b6788b0b92bc4edb,owner_fit_h3_enbpi,False,calibrator_conformalize,mapie.regression.regression,conformalize,TimeSeriesRegressor,28132,2026-09-14T11:49:15.059806+00:00,51634,"{'agg_function': 'mean', 'conformity_score': None, 'cv': 'BlockBootstrap(length=24, n_blocks=None, n_resamplings=5, overlapping=True,\n        random_state=46)', 'estimator': 'XGBRegressor(base_score=None, booster=None, callbacks=None,\n             colsample_bylevel=None, colsample_bynode=None,\n             colsample_bytree=0.8, device=None, early_stopping_rounds=None,\n             enable_categorical=False, eval_metric=None, feature_types=None,\n             feature_weights=None, gamma=None, grow_policy=None,\n             importance_type=None, interaction_constraints=None,\n             learning_rate=0.05, max_bin=None, max_cat_threshold=None,\n             max_cat_to_onehot=None, max_delta_step=None, max_depth=5,\n             max_leaves=None, min_child_weight=None, missing=nan,\n             monotone_constraints=None, multi_strategy=None, n_estimators=60,\n             n_jobs=1, num_parallel_tree=None, ...)', 'method': 'enbpi', 'n_jobs': 1, 'random_state': 46, 'verbose': 0}",7219f08e91cd07b928ddb088f9ba3f3ec957cf0ba48a9beff8b2ef9365285782,started,,,
a21c39498934483e8fcc639e4d175e5a,owner_fit_h3_enbpi,False,xgboost_estimator_fit,xgboost.sklearn,fit,XGBRegressor,28132,2026-09-14T11:49:15.077784+00:00,51648,"{'objective': 'reg:squarederror', 'base_score': None, 'booster': None, 'callbacks': None, 'colsample_bylevel': None, 'colsample_bynode': None, 'colsample_bytree': 0.8, 'device': None, 'early_stopping_rounds': None, 'enable_categorical': False, 'eval_metric': None, 'feature_types': None, 'feature_weights': None, 'gamma': None, 'grow_policy': None, 'importance_type': None, 'interaction_constraints': None, 'learning_rate': 0.05, 'max_bin': None, 'max_cat_threshold': None, 'max_cat_to_onehot': None, 'max_delta_step': None, 'max_depth': 5, 'max_leaves': None, 'min_child_weight': None, 'missing': nan, 'monotone_constraints': None, 'multi_strategy': None, 'n_estimators': 60, 'n_jobs': 1, 'num_parallel_tree': None, 'random_state': 46, 'reg_alpha': None, 'reg_lambda': None, 'sampling_method': None, 'scale_pos_weight': None, 'subsample': 0.8, 'tree_method': 'hist', 'validate_parameters': None, 'verbosity': None}",9d5941008c52b8f990412a7a8b683d7d32d65a314b9e641e1fc812ae516e592a,started,,,
a21c39498934483e8fcc639e4d175e5a,owner_fit_h3_enbpi,False,xgboost_estimator_fit,xgboost.sklearn,fit,XGBRegressor,28132,2026-09-14T11:49:15.077784+00:00,51648,"{'objective': 'reg:squarederror', 'base_score': None, 'booster': None, 'callbacks': None, 'colsample_bylevel': None, 'colsample_bynode': None, 'colsample_bytree': 0.8, 'device': None, 'early_stopping_rounds': None, 'enable_categorical': False, 'eval_metric': None, 'feature_types': None, 'feature_weights': None, 'gamma': None, 'grow_policy': None, 'importance_type': None, 'interaction_constraints': None, 'learning_rate': 0.05, 'max_bin': None, 'max_cat_threshold': None, 'max_cat_to_onehot': None, 'max_delta_step': None, 'max_depth': 5, 'max_leaves': None, 'min_child_weight': None, 'missing': nan, 'monotone_constraints': None, 'multi_strategy': None, 'n_estimators': 60, 'n_jobs': 1, 'num_parallel_tree': None, 'random_state': 46, 'reg_alpha': None, 'reg_lambda': None, 'sampling_method': None, 'scale_pos_weight': None, 'subsample': 0.8, 'tree_method': 'hist', 'validate_parameters': None, 'verbosity': None}",9d5941008c52b8f990412a7a8b683d7d32d65a314b9e641e1fc812ae516e592a,returned,0.5538200000009965,0.546875,False
d864152df7ac4ed8ae2c0cf5d177a560,owner_fit_h3_enbpi,False,xgboost_estimator_fit,xgboost.sklearn,fit,XGBRegressor,28132,2026-09-14T11:49:15.649511+00:00,51648,"{'objective': 'reg:squarederror', 'base_score': None, 'booster': None, 'callbacks': None, 'colsample_bylevel': None, 'colsample_bynode': None, 'colsample_bytree': 0.8, 'device': None, 'early_stopping_rounds': None, 'enable_categorical': False, 'eval_metric': None, 'feature_types': None, 'feature_weights': None, 'gamma': None, 'grow_policy': None, 'importance_type': None, 'interaction_constraints': None, 'learning_rate': 0.05, 'max_bin': None, 'max_cat_threshold': None, 'max_cat_to_onehot': None, 'max_delta_step': None, 'max_depth': 5, 'max_leaves': None, 'min_child_weight': None, 'missing': nan, 'monotone_constraints': None, 'multi_strategy': None, 'n_estimators': 60, 'n_jobs': 1, 'num_parallel_tree': None, 'random_state': 46, 'reg_alpha': None, 'reg_lambda': None, 'sampling_method': None, 'scale_pos_weight': None, 'subsample': 0.8, 'tree_method': 'hist', 'validate_parameters': None, 'verbosity': None}",2154d7d416e6c3323358f5803bbcc149178ea4120db5b3d6468dbe6bd4644c16,started,,,
d864152df7ac4ed8ae2c0cf5d177a560,owner_fit_h3_enbpi,False,xgboost_estimator_fit,xgboost.sklearn,fit,XGBRegressor,28132,2026-09-14T11:49:15.649511+00:00,51648,"{'objective': 'reg:squarederror', 'base_score': None, 'booster': None, 'callbacks': None, 'colsample_bylevel': None, 'colsample_bynode': None, 'colsample_bytree': 0.8, 'device': None, 'early_stopping_rounds': None, 'enable_categorical': False, 'eval_metric': None, 'feature_types': None, 'feature_weights': None, 'gamma': None, 'grow_policy': None, 'importance_type': None, 'interaction_constraints': None, 'learning_rate': 0.05, 'max_bin': None, 'max_cat_threshold': None, 'max_cat_to_onehot': None, 'max_delta_step': None, 'max_depth': 5, 'max_leaves': None, 'min_child_weight': None, 'missing': nan, 'monotone_constraints': None, 'multi_strategy': None, 'n_estimators': 60, 'n_jobs': 1, 'num_parallel_tree': None, 'random_state': 46, 'reg_alpha': None, 'reg_lambda': None, 'sampling_method': None, 'scale_pos_weight': None, 'subsample': 0.8, 'tree_method': 'hist', 'validate_parameters': None, 'verbosity': None}",2154d7d416e6c3323358f5803bbcc149178ea4120db5b3d6468dbe6bd4644c16,returned,0.5430514000036055,0.546875,False
abcda7c70faa40f586f59270c2b3ac1c,owner_fit_h3_enbpi,False,xgboost_estimator_fit,xgboost.sklearn,fit,XGBRegressor,28132,2026-09-14T11:49:16.217425+00:00,51648,"{'objective': 'reg:squarederror', 'base_score': None, 'booster': None, 'callbacks': None, 'colsample_bylevel': None, 'colsample_bynode': None, 'colsample_bytree': 0.8, 'device': None, 'early_stopping_rounds': None, 'enable_categorical': False, 'eval_metric': None, 'feature_types': None, 'feature_weights': None, 'gamma': None, 'grow_policy': None, 'importance_type': None, 'interaction_constraints': None, 'learning_rate': 0.05, 'max_bin': None, 'max_cat_threshold': None, 'max_cat_to_onehot': None, 'max_delta_step': None, 'max_depth': 5, 'max_leaves': None, 'min_child_weight': None, 'missing': nan, 'monotone_constraints': None, 'multi_strategy': None, 'n_estimators': 60, 'n_jobs': 1, 'num_parallel_tree': None, 'random_state': 46, 'reg_alpha': None, 'reg_lambda': None, 'sampling_method': None, 'scale_pos_weight': None, 'subsample': 0.8, 'tree_method': 'hist', 'validate_parameters': None, 'verbosity': None}",b47f8808aa46fd41c5bcbdb7b1de0cbc1dcb1756548fd7d67010e1460107cceb,started,,,
abcda7c70faa40f586f59270c2b3ac1c,owner_fit_h3_enbpi,False,xgboost_estimator_fit,xgboost.sklearn,fit,XGBRegressor,28132,2026-09-14T11:49:16.217425+00:00,51648,"{'objective': 'reg:squarederror', 'base_score': None, 'booster': None, 'callbacks': None, 'colsample_bylevel': None, 'colsample_bynode': None, 'colsample_bytree': 0.8, 'device': None, 'early_stopping_rounds': None, 'enable_categorical': False, 'eval_metric': None, 'feature_types': None, 'feature_weights': None, 'gamma': None, 'grow_policy': None, 'importance_type': None, 'interaction_constraints': None, 'learning_rate': 0.05, 'max_bin': None, 'max_cat_threshold': None, 'max_cat_to_onehot': None, 'max_delta_step': None, 'max_depth': 5, 'max_leaves': None, 'min_child_weight': None, 'missing': nan, 'monotone_constraints': None, 'multi_strategy': None, 'n_estimators': 60, 'n_jobs': 1, 'num_parallel_tree': None, 'random_state': 46, 'reg_alpha': None, 'reg_lambda': None, 'sampling_method': None, 'scale_pos_weight': None, 'subsample': 0.8, 'tree_method': 'hist', 'validate_parameters': None, 'verbosity': None}",b47f8808aa46fd41c5bcbdb7b1de0cbc1dcb1756548fd7d67010e1460107cceb,returned,0.5473774999991292,0.53125,False
497b9d8800eb480da7f33716bd561ad3,owner_fit_h3_enbpi,False,xgboost_estimator_fit,xgboost.sklearn,fit,XGBRegressor,28132,2026-09-14T11:49:16.782598+00:00,51648,"{'objective': 'reg:squarederror', 'base_score': None, 'booster': None, 'callbacks': None, 'colsample_bylevel': None, 'colsample_bynode': None, 'colsample_bytree': 0.8, 'device': None, 'early_stopping_rounds': None, 'enable_categorical': False, 'eval_metric': None, 'feature_types': None, 'feature_weights': None, 'gamma': None, 'grow_policy': None, 'importance_type': None, 'interaction_constraints': None, 'learning_rate': 0.05, 'max_bin': None, 'max_cat_threshold': None, 'max_cat_to_onehot': None, 'max_delta_step': None, 'max_depth': 5, 'max_leaves': None, 'min_child_weight': None, 'missing': nan, 'monotone_constraints': None, 'multi_strategy': None, 'n_estimators': 60, 'n_jobs': 1, 'num_parallel_tree': None, 'random_state': 46, 'reg_alpha': None, 'reg_lambda': None, 'sampling_method': None, 'scale_pos_weight': None, 'subsample': 0.8, 'tree_method': 'hist', 'validate_parameters': None, 'verbosity': None}",84660ed98a5ae0e8c9b747a9c8654212907a4780e3724e79298e21ead7e39ef7,started,,,
497b9d8800eb480da7f33716bd561ad3,owner_fit_h3_enbpi,False,xgboost_estimator_fit,xgboost.sklearn,fit,XGBRegressor,28132,2026-09-14T11:49:16.782598+00:00,51648,"{'objective': 'reg:squarederror', 'base_score': None, 'booster': None, 'callbacks': None, 'colsample_bylevel': None, 'colsample_bynode': None, 'colsample_bytree': 0.8, 'device': None, 'early_stopping_rounds': None, 'enable_categorical': False, 'eval_metric': None, 'feature_types': None, 'feature_weights': None, 'gamma': None, 'grow_policy': None, 'importance_type': None, 'interaction_constraints': None, 'learning_rate': 0.05, 'max_bin': None, 'max_cat_threshold': None, 'max_cat_to_onehot': None, 'max_delta_step': None, 'max_depth': 5, 'max_leaves': None, 'min_child_weight': None, 'missing': nan, 'monotone_constraints': None, 'multi_strategy': None, 'n_estimators': 60, 'n_jobs': 1, 'num_parallel_tree': None, 'random_state': 46, 'reg_alpha': None, 'reg_lambda': None, 'sampling_method': None, 'scale_pos_weight': None, 'subsample': 0.8, 'tree_method': 'hist', 'validate_parameters': None, 'verbosity': None}",84660ed98a5ae0e8c9b747a9c8654212907a4780e3724e79298e21ead7e39ef7,returned,0.5461964999994962,0.515625,False
e28ce26c192f49c48b44bedee1441299,owner_fit_h3_enbpi,False,xgboost_estimator_fit,xgboost.sklearn,fit,XGBRegressor,28132,2026-09-14T11:49:17.352149+00:00,51648,"{'objective': 'reg:squarederror', 'base_score': None, 'booster': None, 'callbacks': None, 'colsample_bylevel': None, 'colsample_bynode': None, 'colsample_bytree': 0.8, 'device': None, 'early_stopping_rounds': None, 'enable_categorical': False, 'eval_metric': None, 'feature_types': None, 'feature_weights': None, 'gamma': None, 'grow_policy': None, 'importance_type': None, 'interaction_constraints': None, 'learning_rate': 0.05, 'max_bin': None, 'max_cat_threshold': None, 'max_cat_to_onehot': None, 'max_delta_step': None, 'max_depth': 5, 'max_leaves': None, 'min_child_weight': None, 'missing': nan, 'monotone_constraints': None, 'multi_strategy': None, 'n_estimators': 60, 'n_jobs': 1, 'num_parallel_tree': None, 'random_state': 46, 'reg_alpha': None, 'reg_lambda': None, 'sampling_method': None, 'scale_pos_weight': None, 'subsample': 0.8, 'tree_method': 'hist', 'validate_parameters': None, 'verbosity': None}",4c8e8c5766021a714786b0460f7dceed0c251b0941dd3e3ca54a0343ce3408eb,started,,,
e28ce26c192f49c48b44bedee1441299,owner_fit_h3_enbpi,False,xgboost_estimator_fit,xgboost.sklearn,fit,XGBRegressor,28132,2026-09-14T11:49:17.352149+00:00,51648,"{'objective': 'reg:squarederror', 'base_score': None, 'booster': None, 'callbacks': None, 'colsample_bylevel': None, 'colsample_bynode': None, 'colsample_bytree': 0.8, 'device': None, 'early_stopping_rounds': None, 'enable_categorical': False, 'eval_metric': None, 'feature_types': None, 'feature_weights': None, 'gamma': None, 'grow_policy': None, 'importance_type': None, 'interaction_constraints': None, 'learning_rate': 0.05, 'max_bin': None, 'max_cat_threshold': None, 'max_cat_to_onehot': None, 'max_delta_step': None, 'max_depth': 5, 'max_leaves': None, 'min_child_weight': None, 'missing': nan, 'monotone_constraints': None, 'multi_strategy': None, 'n_estimators': 60, 'n_jobs': 1, 'num_parallel_tree': None, 'random_state': 46, 'reg_alpha': None, 'reg_lambda': None, 'sampling_method': None, 'scale_pos_weight': None, 'subsample': 0.8, 'tree_method': 'hist', 'validate_parameters': None, 'verbosity': None}",4c8e8c5766021a714786b0460f7dceed0c251b0941dd3e3ca54a0343ce3408eb,returned,0.556068799996865,0.5625,False
7f311c1827514cc2b6788b0b92bc4edb,owner_fit_h3_enbpi,False,calibrator_conformalize,mapie.regression.regression,conformalize,TimeSeriesRegressor,28132,2026-09-14T11:49:15.059806+00:00,51634,"{'agg_function': 'mean', 'conformity_score': None, 'cv': 'BlockBootstrap(length=24, n_blocks=None, n_resamplings=5, overlapping=True,\n        random_state=46)', 'estimator': 'XGBRegressor(base_score=None, booster=None, callbacks=None,\n             colsample_bylevel=None, colsample_bynode=None,\n             colsample_bytree=0.8, device=None, early_stopping_rounds=None,\n             enable_categorical=False, eval_metric=None, feature_types=None,\n             feature_weights=None, gamma=None, grow_policy=None,\n             importance_type=None, interaction_constraints=None,\n             learning_rate=0.05, max_bin=None, max_cat_threshold=None,\n             max_cat_to_onehot=None, max_delta_step=None, max_depth=5,\n             max_leaves=None, min_child_weight=None, missing=nan,\n             monotone_constraints=None, multi_strategy=None, n_estimators=60,\n             n_jobs=1, num_parallel_tree=None, ...)', 'method': 'enbpi', 'n_jobs': 1, 'random_state': 46, 'verbose': 0}",7219f08e91cd07b928ddb088f9ba3f3ec957cf0ba48a9beff8b2ef9365285782,returned,2.9967425000068033,2.9375,False
3e9d441bfd124c00b7b30a8a28f032f6,owner_fit_h3_enbpi,False,enbpi_wrapper_fit,mapie.regression.regression,fit,TimeSeriesRegressor,28132,2026-09-14T11:49:14.494238+00:00,51634,"{'agg_function': 'mean', 'conformity_score': None, 'cv': 'BlockBootstrap(length=24, n_blocks=None, n_resamplings=5, overlapping=True,\n        random_state=46)', 'estimator': 'XGBRegressor(base_score=None, booster=None, callbacks=None,\n             colsample_bylevel=None, colsample_bynode=None,\n             colsample_bytree=0.8, device=None, early_stopping_rounds=None,\n             enable_categorical=False, eval_metric=None, feature_types=None,\n             feature_weights=None, gamma=None, grow_policy=None,\n             importance_type=None, interaction_constraints=None,\n             learning_rate=0.05, max_bin=None, max_cat_threshold=None,\n             max_cat_to_onehot=None, max_delta_step=None, max_depth=5,\n             max_leaves=None, min_child_weight=None, missing=nan,\n             monotone_constraints=None, multi_strategy=None, n_estimators=60,\n             n_jobs=1, num_parallel_tree=None, ...)', 'method': 'enbpi', 'n_jobs': 1, 'random_state': 46, 'verbose': 0}",7219f08e91cd07b928ddb088f9ba3f3ec957cf0ba48a9beff8b2ef9365285782,returned,3.565798800002085,3.484375,False
08b890c90a8a439eab8f9bd2b1bc93b0,owner_cal_h3_enbpi,False,calibrator_conformalize,mapie.regression.regression,conformalize,TimeSeriesRegressor,28132,2026-09-14T11:49:18.146111+00:00,17360,"{'agg_function': 'mean', 'conformity_score': None, 'cv': 'BlockBootstrap(length=24, n_blocks=None, n_resamplings=5, overlapping=True,\n        random_state=46)', 'estimator': 'XGBRegressor(base_score=None, booster=None, callbacks=None,\n             colsample_bylevel=None, colsample_bynode=None,\n             colsample_bytree=0.8, device=None, early_stopping_rounds=None,\n             enable_categorical=False, eval_metric=None, feature_types=None,\n             feature_weights=None, gamma=None, grow_policy=None,\n             importance_type=None, interaction_constraints=None,\n             learning_rate=0.05, max_bin=None, max_cat_threshold=None,\n             max_cat_to_onehot=None, max_delta_step=None, max_depth=5,\n             max_leaves=None, min_child_weight=None, missing=nan,\n             monotone_constraints=None, multi_strategy=None, n_estimators=60,\n             n_jobs=1, num_parallel_tree=None, ...)', 'method': 'enbpi', 'n_jobs': 1, 'random_state': 46, 'verbose': 0}",0f46080de37021df3a0f5b441026dca901f9e120d4122009433514315f4a6e5b,started,,,
ae78cf2c642b46e78887dcf92ff79561,owner_cal_h3_enbpi,False,xgboost_estimator_fit,xgboost.sklearn,fit,XGBRegressor,28132,2026-09-14T11:49:18.158398+00:00,17376,"{'objective': 'reg:squarederror', 'base_score': None, 'booster': None, 'callbacks': None, 'colsample_bylevel': None, 'colsample_bynode': None, 'colsample_bytree': 0.8, 'device': None, 'early_stopping_rounds': None, 'enable_categorical': False, 'eval_metric': None, 'feature_types': None, 'feature_weights': None, 'gamma': None, 'grow_policy': None, 'importance_type': None, 'interaction_constraints': None, 'learning_rate': 0.05, 'max_bin': None, 'max_cat_threshold': None, 'max_cat_to_onehot': None, 'max_delta_step': None, 'max_depth': 5, 'max_leaves': None, 'min_child_weight': None, 'missing': nan, 'monotone_constraints': None, 'multi_strategy': None, 'n_estimators': 60, 'n_jobs': 1, 'num_parallel_tree': None, 'random_state': 46, 'reg_alpha': None, 'reg_lambda': None, 'sampling_method': None, 'scale_pos_weight': None, 'subsample': 0.8, 'tree_method': 'hist', 'validate_parameters': None, 'verbosity': None}",9ed11073c1644bd8ac2a62ffb5b1730cb979e53d28708d3c0de9a57de646551a,started,,,
ae78cf2c642b46e78887dcf92ff79561,owner_cal_h3_enbpi,False,xgboost_estimator_fit,xgboost.sklearn,fit,XGBRegressor,28132,2026-09-14T11:49:18.158398+00:00,17376,"{'objective': 'reg:squarederror', 'base_score': None, 'booster': None, 'callbacks': None, 'colsample_bylevel': None, 'colsample_bynode': None, 'colsample_bytree': 0.8, 'device': None, 'early_stopping_rounds': None, 'enable_categorical': False, 'eval_metric': None, 'feature_types': None, 'feature_weights': None, 'gamma': None, 'grow_policy': None, 'importance_type': None, 'interaction_constraints': None, 'learning_rate': 0.05, 'max_bin': None, 'max_cat_threshold': None, 'max_cat_to_onehot': None, 'max_delta_step': None, 'max_depth': 5, 'max_leaves': None, 'min_child_weight': None, 'missing': nan, 'monotone_constraints': None, 'multi_strategy': None, 'n_estimators': 60, 'n_jobs': 1, 'num_parallel_tree': None, 'random_state': 46, 'reg_alpha': None, 'reg_lambda': None, 'sampling_method': None, 'scale_pos_weight': None, 'subsample': 0.8, 'tree_method': 'hist', 'validate_parameters': None, 'verbosity': None}",9ed11073c1644bd8ac2a62ffb5b1730cb979e53d28708d3c0de9a57de646551a,returned,0.23785350000252947,0.234375,False
0dd4c76849a3433c8dc71cc30b9ae082,owner_cal_h3_enbpi,False,xgboost_estimator_fit,xgboost.sklearn,fit,XGBRegressor,28132,2026-09-14T11:49:18.407517+00:00,17376,"{'objective': 'reg:squarederror', 'base_score': None, 'booster': None, 'callbacks': None, 'colsample_bylevel': None, 'colsample_bynode': None, 'colsample_bytree': 0.8, 'device': None, 'early_stopping_rounds': None, 'enable_categorical': False, 'eval_metric': None, 'feature_types': None, 'feature_weights': None, 'gamma': None, 'grow_policy': None, 'importance_type': None, 'interaction_constraints': None, 'learning_rate': 0.05, 'max_bin': None, 'max_cat_threshold': None, 'max_cat_to_onehot': None, 'max_delta_step': None, 'max_depth': 5, 'max_leaves': None, 'min_child_weight': None, 'missing': nan, 'monotone_constraints': None, 'multi_strategy': None, 'n_estimators': 60, 'n_jobs': 1, 'num_parallel_tree': None, 'random_state': 46, 'reg_alpha': None, 'reg_lambda': None, 'sampling_method': None, 'scale_pos_weight': None, 'subsample': 0.8, 'tree_method': 'hist', 'validate_parameters': None, 'verbosity': None}",b6955f5c3edc9daf4e09f9ced02851a41735a82d10c4afcd8d758d058337bde5,started,,,
0dd4c76849a3433c8dc71cc30b9ae082,owner_cal_h3_enbpi,False,xgboost_estimator_fit,xgboost.sklearn,fit,XGBRegressor,28132,2026-09-14T11:49:18.407517+00:00,17376,"{'objective': 'reg:squarederror', 'base_score': None, 'booster': None, 'callbacks': None, 'colsample_bylevel': None, 'colsample_bynode': None, 'colsample_bytree': 0.8, 'device': None, 'early_stopping_rounds': None, 'enable_categorical': False, 'eval_metric': None, 'feature_types': None, 'feature_weights': None, 'gamma': None, 'grow_policy': None, 'importance_type': None, 'interaction_constraints': None, 'learning_rate': 0.05, 'max_bin': None, 'max_cat_threshold': None, 'max_cat_to_onehot': None, 'max_delta_step': None, 'max_depth': 5, 'max_leaves': None, 'min_child_weight': None, 'missing': nan, 'monotone_constraints': None, 'multi_strategy': None, 'n_estimators': 60, 'n_jobs': 1, 'num_parallel_tree': None, 'random_state': 46, 'reg_alpha': None, 'reg_lambda': None, 'sampling_method': None, 'scale_pos_weight': None, 'subsample': 0.8, 'tree_method': 'hist', 'validate_parameters': None, 'verbosity': None}",b6955f5c3edc9daf4e09f9ced02851a41735a82d10c4afcd8d758d058337bde5,returned,0.23936680000042543,0.21875,False
a8983e9771104afea50f560a9e00d8dc,owner_cal_h3_enbpi,False,xgboost_estimator_fit,xgboost.sklearn,fit,XGBRegressor,28132,2026-09-14T11:49:18.659434+00:00,17376,"{'objective': 'reg:squarederror', 'base_score': None, 'booster': None, 'callbacks': None, 'colsample_bylevel': None, 'colsample_bynode': None, 'colsample_bytree': 0.8, 'device': None, 'early_stopping_rounds': None, 'enable_categorical': False, 'eval_metric': None, 'feature_types': None, 'feature_weights': None, 'gamma': None, 'grow_policy': None, 'importance_type': None, 'interaction_constraints': None, 'learning_rate': 0.05, 'max_bin': None, 'max_cat_threshold': None, 'max_cat_to_onehot': None, 'max_delta_step': None, 'max_depth': 5, 'max_leaves': None, 'min_child_weight': None, 'missing': nan, 'monotone_constraints': None, 'multi_strategy': None, 'n_estimators': 60, 'n_jobs': 1, 'num_parallel_tree': None, 'random_state': 46, 'reg_alpha': None, 'reg_lambda': None, 'sampling_method': None, 'scale_pos_weight': None, 'subsample': 0.8, 'tree_method': 'hist', 'validate_parameters': None, 'verbosity': None}",a493720a6e39756800e4e94b81b3d718f519bd911d2e257081f7506bf3d3c729,started,,,
a8983e9771104afea50f560a9e00d8dc,owner_cal_h3_enbpi,False,xgboost_estimator_fit,xgboost.sklearn,fit,XGBRegressor,28132,2026-09-14T11:49:18.659434+00:00,17376,"{'objective': 'reg:squarederror', 'base_score': None, 'booster': None, 'callbacks': None, 'colsample_bylevel': None, 'colsample_bynode': None, 'colsample_bytree': 0.8, 'device': None, 'early_stopping_rounds': None, 'enable_categorical': False, 'eval_metric': None, 'feature_types': None, 'feature_weights': None, 'gamma': None, 'grow_policy': None, 'importance_type': None, 'interaction_constraints': None, 'learning_rate': 0.05, 'max_bin': None, 'max_cat_threshold': None, 'max_cat_to_onehot': None, 'max_delta_step': None, 'max_depth': 5, 'max_leaves': None, 'min_child_weight': None, 'missing': nan, 'monotone_constraints': None, 'multi_strategy': None, 'n_estimators': 60, 'n_jobs': 1, 'num_parallel_tree': None, 'random_state': 46, 'reg_alpha': None, 'reg_lambda': None, 'sampling_method': None, 'scale_pos_weight': None, 'subsample': 0.8, 'tree_method': 'hist', 'validate_parameters': None, 'verbosity': None}",a493720a6e39756800e4e94b81b3d718f519bd911d2e257081f7506bf3d3c729,returned,0.23353389999829233,0.21875,False
fe49db4285c5418eb84d55a61b7abb98,owner_cal_h3_enbpi,False,xgboost_estimator_fit,xgboost.sklearn,fit,XGBRegressor,28132,2026-09-14T11:49:18.903439+00:00,17376,"{'objective': 'reg:squarederror', 'base_score': None, 'booster': None, 'callbacks': None, 'colsample_bylevel': None, 'colsample_bynode': None, 'colsample_bytree': 0.8, 'device': None, 'early_stopping_rounds': None, 'enable_categorical': False, 'eval_metric': None, 'feature_types': None, 'feature_weights': None, 'gamma': None, 'grow_policy': None, 'importance_type': None, 'interaction_constraints': None, 'learning_rate': 0.05, 'max_bin': None, 'max_cat_threshold': None, 'max_cat_to_onehot': None, 'max_delta_step': None, 'max_depth': 5, 'max_leaves': None, 'min_child_weight': None, 'missing': nan, 'monotone_constraints': None, 'multi_strategy': None, 'n_estimators': 60, 'n_jobs': 1, 'num_parallel_tree': None, 'random_state': 46, 'reg_alpha': None, 'reg_lambda': None, 'sampling_method': None, 'scale_pos_weight': None, 'subsample': 0.8, 'tree_method': 'hist', 'validate_parameters': None, 'verbosity': None}",1950372868f45f9adb87c2a7986bd2ccdd7c41f2735426277b63d295c84f401b,started,,,
fe49db4285c5418eb84d55a61b7abb98,owner_cal_h3_enbpi,False,xgboost_estimator_fit,xgboost.sklearn,fit,XGBRegressor,28132,2026-09-14T11:49:18.903439+00:00,17376,"{'objective': 'reg:squarederror', 'base_score': None, 'booster': None, 'callbacks': None, 'colsample_bylevel': None, 'colsample_bynode': None, 'colsample_bytree': 0.8, 'device': None, 'early_stopping_rounds': None, 'enable_categorical': False, 'eval_metric': None, 'feature_types': None, 'feature_weights': None, 'gamma': None, 'grow_policy': None, 'importance_type': None, 'interaction_constraints': None, 'learning_rate': 0.05, 'max_bin': None, 'max_cat_threshold': None, 'max_cat_to_onehot': None, 'max_delta_step': None, 'max_depth': 5, 'max_leaves': None, 'min_child_weight': None, 'missing': nan, 'monotone_constraints': None, 'multi_strategy': None, 'n_estimators': 60, 'n_jobs': 1, 'num_parallel_tree': None, 'random_state': 46, 'reg_alpha': None, 'reg_lambda': None, 'sampling_method': None, 'scale_pos_weight': None, 'subsample': 0.8, 'tree_method': 'hist', 'validate_parameters': None, 'verbosity': None}",1950372868f45f9adb87c2a7986bd2ccdd7c41f2735426277b63d295c84f401b,returned,0.23453110000991728,0.234375,False
b6c90361cdc64131a6ebd6df9584e741,owner_cal_h3_enbpi,False,xgboost_estimator_fit,xgboost.sklearn,fit,XGBRegressor,28132,2026-09-14T11:49:19.146321+00:00,17376,"{'objective': 'reg:squarederror', 'base_score': None, 'booster': None, 'callbacks': None, 'colsample_bylevel': None, 'colsample_bynode': None, 'colsample_bytree': 0.8, 'device': None, 'early_stopping_rounds': None, 'enable_categorical': False, 'eval_metric': None, 'feature_types': None, 'feature_weights': None, 'gamma': None, 'grow_policy': None, 'importance_type': None, 'interaction_constraints': None, 'learning_rate': 0.05, 'max_bin': None, 'max_cat_threshold': None, 'max_cat_to_onehot': None, 'max_delta_step': None, 'max_depth': 5, 'max_leaves': None, 'min_child_weight': None, 'missing': nan, 'monotone_constraints': None, 'multi_strategy': None, 'n_estimators': 60, 'n_jobs': 1, 'num_parallel_tree': None, 'random_state': 46, 'reg_alpha': None, 'reg_lambda': None, 'sampling_method': None, 'scale_pos_weight': None, 'subsample': 0.8, 'tree_method': 'hist', 'validate_parameters': None, 'verbosity': None}",f48db6564d631ebe038fd543782fc5871ce991e47ab4ca1ad1d55fd6b14ef1e1,started,,,
b6c90361cdc64131a6ebd6df9584e741,owner_cal_h3_enbpi,False,xgboost_estimator_fit,xgboost.sklearn,fit,XGBRegressor,28132,2026-09-14T11:49:19.146321+00:00,17376,"{'objective': 'reg:squarederror', 'base_score': None, 'booster': None, 'callbacks': None, 'colsample_bylevel': None, 'colsample_bynode': None, 'colsample_bytree': 0.8, 'device': None, 'early_stopping_rounds': None, 'enable_categorical': False, 'eval_metric': None, 'feature_types': None, 'feature_weights': None, 'gamma': None, 'grow_policy': None, 'importance_type': None, 'interaction_constraints': None, 'learning_rate': 0.05, 'max_bin': None, 'max_cat_threshold': None, 'max_cat_to_onehot': None, 'max_delta_step': None, 'max_depth': 5, 'max_leaves': None, 'min_child_weight': None, 'missing': nan, 'monotone_constraints': None, 'multi_strategy': None, 'n_estimators': 60, 'n_jobs': 1, 'num_parallel_tree': None, 'random_state': 46, 'reg_alpha': None, 'reg_lambda': None, 'sampling_method': None, 'scale_pos_weight': None, 'subsample': 0.8, 'tree_method': 'hist', 'validate_parameters': None, 'verbosity': None}",f48db6564d631ebe038fd543782fc5871ce991e47ab4ca1ad1d55fd6b14ef1e1,returned,0.2285583999910159,0.25,False
08b890c90a8a439eab8f9bd2b1bc93b0,owner_cal_h3_enbpi,False,calibrator_conformalize,mapie.regression.regression,conformalize,TimeSeriesRegressor,28132,2026-09-14T11:49:18.146111+00:00,17360,"{'agg_function': 'mean', 'conformity_score': None, 'cv': 'BlockBootstrap(length=24, n_blocks=None, n_resamplings=5, overlapping=True,\n        random_state=46)', 'estimator': 'XGBRegressor(base_score=None, booster=None, callbacks=None,\n             colsample_bylevel=None, colsample_bynode=None,\n             colsample_bytree=0.8, device=None, early_stopping_rounds=None,\n             enable_categorical=False, eval_metric=None, feature_types=None,\n             feature_weights=None, gamma=None, grow_policy=None,\n             importance_type=None, interaction_constraints=None,\n             learning_rate=0.05, max_bin=None, max_cat_threshold=None,\n             max_cat_to_onehot=None, max_delta_step=None, max_depth=5,\n             max_leaves=None, min_child_weight=None, missing=nan,\n             monotone_constraints=None, multi_strategy=None, n_estimators=60,\n             n_jobs=1, num_parallel_tree=None, ...)', 'method': 'enbpi', 'n_jobs': 1, 'random_state': 46, 'verbose': 0}",0f46080de37021df3a0f5b441026dca901f9e120d4122009433514315f4a6e5b,returned,1.2811345000081928,1.265625,False
15ccf5a1c8eb4c56bcb5ca6dab48551f,owner_fit_h6_cqr_l90,False,cqr_wrapper_fit,mapie.regression.quantile_regression,fit,ConformalizedQuantileRegressor,28132,2026-09-14T11:50:54.765396+00:00,51584,{},d21420037c47a56964ad3ee14da0584fb1998ced6b9884e2079e7f3ca6e757b2,started,,,
232ffba03f534566b800f3a1438054d3,owner_fit_h6_cqr_l90,False,quantile_estimator_fit,sklearn.ensemble._hist_gradient_boosting.gradient_boosting,fit,HistGradientBoostingRegressor,28132,2026-09-14T11:50:54.771068+00:00,51584,"{'categorical_features': 'warn', 'early_stopping': 'auto', 'interaction_cst': None, 'l2_regularization': 0.0, 'learning_rate': 0.05, 'loss': 'quantile', 'max_bins': 255, 'max_depth': None, 'max_features': 1.0, 'max_iter': 300, 'max_leaf_nodes': 31, 'min_samples_leaf': 50, 'monotonic_cst': None, 'n_iter_no_change': 10, 'quantile': 0.05, 'random_state': 46, 'scoring': 'loss', 'tol': 1e-07, 'validation_fraction': 0.1, 'verbose': 0, 'warm_start': False}",d21420037c47a56964ad3ee14da0584fb1998ced6b9884e2079e7f3ca6e757b2,started,,,
232ffba03f534566b800f3a1438054d3,owner_fit_h6_cqr_l90,False,quantile_estimator_fit,sklearn.ensemble._hist_gradient_boosting.gradient_boosting,fit,HistGradientBoostingRegressor,28132,2026-09-14T11:50:54.771068+00:00,51584,"{'categorical_features': 'warn', 'early_stopping': 'auto', 'interaction_cst': None, 'l2_regularization': 0.0, 'learning_rate': 0.05, 'loss': 'quantile', 'max_bins': 255, 'max_depth': None, 'max_features': 1.0, 'max_iter': 300, 'max_leaf_nodes': 31, 'min_samples_leaf': 50, 'monotonic_cst': None, 'n_iter_no_change': 10, 'quantile': 0.05, 'random_state': 46, 'scoring': 'loss', 'tol': 1e-07, 'validation_fraction': 0.1, 'verbose': 0, 'warm_start': False}",d21420037c47a56964ad3ee14da0584fb1998ced6b9884e2079e7f3ca6e757b2,returned,4.220252700004494,4.125,False
57909c063f4940d3bba9e4ed719cd0ec,owner_fit_h6_cqr_l90,False,quantile_estimator_fit,sklearn.ensemble._hist_gradient_boosting.gradient_boosting,fit,HistGradientBoostingRegressor,28132,2026-09-14T11:50:58.996679+00:00,51584,"{'categorical_features': 'warn', 'early_stopping': 'auto', 'interaction_cst': None, 'l2_regularization': 0.0, 'learning_rate': 0.05, 'loss': 'quantile', 'max_bins': 255, 'max_depth': None, 'max_features': 1.0, 'max_iter': 300, 'max_leaf_nodes': 31, 'min_samples_leaf': 50, 'monotonic_cst': None, 'n_iter_no_change': 10, 'quantile': 0.95, 'random_state': 46, 'scoring': 'loss', 'tol': 1e-07, 'validation_fraction': 0.1, 'verbose': 0, 'warm_start': False}",d21420037c47a56964ad3ee14da0584fb1998ced6b9884e2079e7f3ca6e757b2,started,,,
57909c063f4940d3bba9e4ed719cd0ec,owner_fit_h6_cqr_l90,False,quantile_estimator_fit,sklearn.ensemble._hist_gradient_boosting.gradient_boosting,fit,HistGradientBoostingRegressor,28132,2026-09-14T11:50:58.996679+00:00,51584,"{'categorical_features': 'warn', 'early_stopping': 'auto', 'interaction_cst': None, 'l2_regularization': 0.0, 'learning_rate': 0.05, 'loss': 'quantile', 'max_bins': 255, 'max_depth': None, 'max_features': 1.0, 'max_iter': 300, 'max_leaf_nodes': 31, 'min_samples_leaf': 50, 'monotonic_cst': None, 'n_iter_no_change': 10, 'quantile': 0.95, 'random_state': 46, 'scoring': 'loss', 'tol': 1e-07, 'validation_fraction': 0.1, 'verbose': 0, 'warm_start': False}",d21420037c47a56964ad3ee14da0584fb1998ced6b9884e2079e7f3ca6e757b2,returned,4.19384639999771,4.203125,False
efd5748c3dac4273ab349d60ee822b40,owner_fit_h6_cqr_l90,False,quantile_estimator_fit,sklearn.ensemble._hist_gradient_boosting.gradient_boosting,fit,HistGradientBoostingRegressor,28132,2026-09-14T11:51:03.193087+00:00,51584,"{'categorical_features': 'warn', 'early_stopping': 'auto', 'interaction_cst': None, 'l2_regularization': 0.0, 'learning_rate': 0.05, 'loss': 'quantile', 'max_bins': 255, 'max_depth': None, 'max_features': 1.0, 'max_iter': 300, 'max_leaf_nodes': 31, 'min_samples_leaf': 50, 'monotonic_cst': None, 'n_iter_no_change': 10, 'quantile': 0.5, 'random_state': 46, 'scoring': 'loss', 'tol': 1e-07, 'validation_fraction': 0.1, 'verbose': 0, 'warm_start': False}",d21420037c47a56964ad3ee14da0584fb1998ced6b9884e2079e7f3ca6e757b2,started,,,
efd5748c3dac4273ab349d60ee822b40,owner_fit_h6_cqr_l90,False,quantile_estimator_fit,sklearn.ensemble._hist_gradient_boosting.gradient_boosting,fit,HistGradientBoostingRegressor,28132,2026-09-14T11:51:03.193087+00:00,51584,"{'categorical_features': 'warn', 'early_stopping': 'auto', 'interaction_cst': None, 'l2_regularization': 0.0, 'learning_rate': 0.05, 'loss': 'quantile', 'max_bins': 255, 'max_depth': None, 'max_features': 1.0, 'max_iter': 300, 'max_leaf_nodes': 31, 'min_samples_leaf': 50, 'monotonic_cst': None, 'n_iter_no_change': 10, 'quantile': 0.5, 'random_state': 46, 'scoring': 'loss', 'tol': 1e-07, 'validation_fraction': 0.1, 'verbose': 0, 'warm_start': False}",d21420037c47a56964ad3ee14da0584fb1998ced6b9884e2079e7f3ca6e757b2,returned,4.62565979998908,4.5625,False
15ccf5a1c8eb4c56bcb5ca6dab48551f,owner_fit_h6_cqr_l90,False,cqr_wrapper_fit,mapie.regression.quantile_regression,fit,ConformalizedQuantileRegressor,28132,2026-09-14T11:50:54.765396+00:00,51584,{},d21420037c47a56964ad3ee14da0584fb1998ced6b9884e2079e7f3ca6e757b2,returned,13.059353300006478,12.90625,False
67b597c8c66342f0895492405ff7a803,owner_cal_h6_cqr_l90,False,calibrator_conformalize,mapie.regression.quantile_regression,conformalize,ConformalizedQuantileRegressor,28132,2026-09-14T11:51:07.951078+00:00,17350,{},c541735ac86756cc443c9028a43d8eea68c87123361f8edc415469d30153306a,started,,,
1dda922e77194b31b5a34fd0d49480b5,owner_cal_h6_cqr_l90,False,calibrator_conformalize,mapie.regression.quantile_regression,conformalize,_MapieQuantileRegressor,28132,2026-09-14T11:51:07.955978+00:00,17350,"{'alpha': 0.1, 'cv': 'split', 'estimator': ""HistGradientBoostingRegressor(learning_rate=0.05, loss='quantile', max_iter=300,\n                              min_samples_leaf=50, random_state=46)"", 'method': 'quantile'}",c541735ac86756cc443c9028a43d8eea68c87123361f8edc415469d30153306a,started,,,
1dda922e77194b31b5a34fd0d49480b5,owner_cal_h6_cqr_l90,False,calibrator_conformalize,mapie.regression.quantile_regression,conformalize,_MapieQuantileRegressor,28132,2026-09-14T11:51:07.955978+00:00,17350,"{'alpha': 0.1, 'cv': 'split', 'estimator': ""HistGradientBoostingRegressor(learning_rate=0.05, loss='quantile', max_iter=300,\n                              min_samples_leaf=50, random_state=46)"", 'method': 'quantile'}",c541735ac86756cc443c9028a43d8eea68c87123361f8edc415469d30153306a,returned,1.5019782000017585,1.484375,False
67b597c8c66342f0895492405ff7a803,owner_cal_h6_cqr_l90,False,calibrator_conformalize,mapie.regression.quantile_regression,conformalize,ConformalizedQuantileRegressor,28132,2026-09-14T11:51:07.951078+00:00,17350,{},c541735ac86756cc443c9028a43d8eea68c87123361f8edc415469d30153306a,returned,1.506161700002849,1.484375,False
a1a4a32358404b80b2727b951e94b8d7,owner_fit_h6_cqr_l95,False,cqr_wrapper_fit,mapie.regression.quantile_regression,fit,ConformalizedQuantileRegressor,28132,2026-09-14T11:51:44.543135+00:00,51584,{},d21420037c47a56964ad3ee14da0584fb1998ced6b9884e2079e7f3ca6e757b2,started,,,
ee44cba0e70d40f8a2d7027f6e8e5d39,owner_fit_h6_cqr_l95,False,quantile_estimator_fit,sklearn.ensemble._hist_gradient_boosting.gradient_boosting,fit,HistGradientBoostingRegressor,28132,2026-09-14T11:51:44.543135+00:00,51584,"{'categorical_features': 'warn', 'early_stopping': 'auto', 'interaction_cst': None, 'l2_regularization': 0.0, 'learning_rate': 0.05, 'loss': 'quantile', 'max_bins': 255, 'max_depth': None, 'max_features': 1.0, 'max_iter': 300, 'max_leaf_nodes': 31, 'min_samples_leaf': 50, 'monotonic_cst': None, 'n_iter_no_change': 10, 'quantile': 0.025, 'random_state': 46, 'scoring': 'loss', 'tol': 1e-07, 'validation_fraction': 0.1, 'verbose': 0, 'warm_start': False}",d21420037c47a56964ad3ee14da0584fb1998ced6b9884e2079e7f3ca6e757b2,started,,,
ee44cba0e70d40f8a2d7027f6e8e5d39,owner_fit_h6_cqr_l95,False,quantile_estimator_fit,sklearn.ensemble._hist_gradient_boosting.gradient_boosting,fit,HistGradientBoostingRegressor,28132,2026-09-14T11:51:44.543135+00:00,51584,"{'categorical_features': 'warn', 'early_stopping': 'auto', 'interaction_cst': None, 'l2_regularization': 0.0, 'learning_rate': 0.05, 'loss': 'quantile', 'max_bins': 255, 'max_depth': None, 'max_features': 1.0, 'max_iter': 300, 'max_leaf_nodes': 31, 'min_samples_leaf': 50, 'monotonic_cst': None, 'n_iter_no_change': 10, 'quantile': 0.025, 'random_state': 46, 'scoring': 'loss', 'tol': 1e-07, 'validation_fraction': 0.1, 'verbose': 0, 'warm_start': False}",d21420037c47a56964ad3ee14da0584fb1998ced6b9884e2079e7f3ca6e757b2,returned,4.359491199997137,4.09375,False
b94206a2e305484aba1d62dda813a16a,owner_fit_h6_cqr_l95,False,quantile_estimator_fit,sklearn.ensemble._hist_gradient_boosting.gradient_boosting,fit,HistGradientBoostingRegressor,28132,2026-09-14T11:51:48.915609+00:00,51584,"{'categorical_features': 'warn', 'early_stopping': 'auto', 'interaction_cst': None, 'l2_regularization': 0.0, 'learning_rate': 0.05, 'loss': 'quantile', 'max_bins': 255, 'max_depth': None, 'max_features': 1.0, 'max_iter': 300, 'max_leaf_nodes': 31, 'min_samples_leaf': 50, 'monotonic_cst': None, 'n_iter_no_change': 10, 'quantile': 0.975, 'random_state': 46, 'scoring': 'loss', 'tol': 1e-07, 'validation_fraction': 0.1, 'verbose': 0, 'warm_start': False}",d21420037c47a56964ad3ee14da0584fb1998ced6b9884e2079e7f3ca6e757b2,started,,,
b94206a2e305484aba1d62dda813a16a,owner_fit_h6_cqr_l95,False,quantile_estimator_fit,sklearn.ensemble._hist_gradient_boosting.gradient_boosting,fit,HistGradientBoostingRegressor,28132,2026-09-14T11:51:48.915609+00:00,51584,"{'categorical_features': 'warn', 'early_stopping': 'auto', 'interaction_cst': None, 'l2_regularization': 0.0, 'learning_rate': 0.05, 'loss': 'quantile', 'max_bins': 255, 'max_depth': None, 'max_features': 1.0, 'max_iter': 300, 'max_leaf_nodes': 31, 'min_samples_leaf': 50, 'monotonic_cst': None, 'n_iter_no_change': 10, 'quantile': 0.975, 'random_state': 46, 'scoring': 'loss', 'tol': 1e-07, 'validation_fraction': 0.1, 'verbose': 0, 'warm_start': False}",d21420037c47a56964ad3ee14da0584fb1998ced6b9884e2079e7f3ca6e757b2,returned,4.321787699998822,4.125,False
5bb5503df51c48dfa9b1c9f1d4f6828e,owner_fit_h6_cqr_l95,False,quantile_estimator_fit,sklearn.ensemble._hist_gradient_boosting.gradient_boosting,fit,HistGradientBoostingRegressor,28132,2026-09-14T11:51:53.233633+00:00,51584,"{'categorical_features': 'warn', 'early_stopping': 'auto', 'interaction_cst': None, 'l2_regularization': 0.0, 'learning_rate': 0.05, 'loss': 'quantile', 'max_bins': 255, 'max_depth': None, 'max_features': 1.0, 'max_iter': 300, 'max_leaf_nodes': 31, 'min_samples_leaf': 50, 'monotonic_cst': None, 'n_iter_no_change': 10, 'quantile': 0.5, 'random_state': 46, 'scoring': 'loss', 'tol': 1e-07, 'validation_fraction': 0.1, 'verbose': 0, 'warm_start': False}",d21420037c47a56964ad3ee14da0584fb1998ced6b9884e2079e7f3ca6e757b2,started,,,
5bb5503df51c48dfa9b1c9f1d4f6828e,owner_fit_h6_cqr_l95,False,quantile_estimator_fit,sklearn.ensemble._hist_gradient_boosting.gradient_boosting,fit,HistGradientBoostingRegressor,28132,2026-09-14T11:51:53.233633+00:00,51584,"{'categorical_features': 'warn', 'early_stopping': 'auto', 'interaction_cst': None, 'l2_regularization': 0.0, 'learning_rate': 0.05, 'loss': 'quantile', 'max_bins': 255, 'max_depth': None, 'max_features': 1.0, 'max_iter': 300, 'max_leaf_nodes': 31, 'min_samples_leaf': 50, 'monotonic_cst': None, 'n_iter_no_change': 10, 'quantile': 0.5, 'random_state': 46, 'scoring': 'loss', 'tol': 1e-07, 'validation_fraction': 0.1, 'verbose': 0, 'warm_start': False}",d21420037c47a56964ad3ee14da0584fb1998ced6b9884e2079e7f3ca6e757b2,returned,4.575546699998085,4.5,False
a1a4a32358404b80b2727b951e94b8d7,owner_fit_h6_cqr_l95,False,cqr_wrapper_fit,mapie.regression.quantile_regression,fit,ConformalizedQuantileRegressor,28132,2026-09-14T11:51:44.543135+00:00,51584,{},d21420037c47a56964ad3ee14da0584fb1998ced6b9884e2079e7f3ca6e757b2,returned,13.276290199995856,12.71875,False
3ee47ac848054dd5a2e531ef2b46f323,owner_cal_h6_cqr_l95,False,calibrator_conformalize,mapie.regression.quantile_regression,conformalize,ConformalizedQuantileRegressor,28132,2026-09-14T11:51:57.924467+00:00,17350,{},c541735ac86756cc443c9028a43d8eea68c87123361f8edc415469d30153306a,started,,,
595a7664f30243899cee2d9fb85028d9,owner_cal_h6_cqr_l95,False,calibrator_conformalize,mapie.regression.quantile_regression,conformalize,_MapieQuantileRegressor,28132,2026-09-14T11:51:57.924467+00:00,17350,"{'alpha': 0.05, 'cv': 'split', 'estimator': ""HistGradientBoostingRegressor(learning_rate=0.05, loss='quantile', max_iter=300,\n                              min_samples_leaf=50, random_state=46)"", 'method': 'quantile'}",c541735ac86756cc443c9028a43d8eea68c87123361f8edc415469d30153306a,started,,,
595a7664f30243899cee2d9fb85028d9,owner_cal_h6_cqr_l95,False,calibrator_conformalize,mapie.regression.quantile_regression,conformalize,_MapieQuantileRegressor,28132,2026-09-14T11:51:57.924467+00:00,17350,"{'alpha': 0.05, 'cv': 'split', 'estimator': ""HistGradientBoostingRegressor(learning_rate=0.05, loss='quantile', max_iter=300,\n                              min_samples_leaf=50, random_state=46)"", 'method': 'quantile'}",c541735ac86756cc443c9028a43d8eea68c87123361f8edc415469d30153306a,returned,1.5950215000048047,1.546875,False
3ee47ac848054dd5a2e531ef2b46f323,owner_cal_h6_cqr_l95,False,calibrator_conformalize,mapie.regression.quantile_regression,conformalize,ConformalizedQuantileRegressor,28132,2026-09-14T11:51:57.924467+00:00,17350,{},c541735ac86756cc443c9028a43d8eea68c87123361f8edc415469d30153306a,returned,1.5991231000080006,1.546875,False
9ef76116ab824795afba7f9f95cc0081,owner_fit_h6_enbpi,False,enbpi_wrapper_fit,mapie.regression.regression,fit,TimeSeriesRegressor,28132,2026-09-14T11:52:34.208927+00:00,51584,"{'agg_function': 'mean', 'conformity_score': None, 'cv': 'BlockBootstrap(length=24, n_blocks=None, n_resamplings=5, overlapping=True,\n        random_state=46)', 'estimator': 'XGBRegressor(base_score=None, booster=None, callbacks=None,\n             colsample_bylevel=None, colsample_bynode=None,\n             colsample_bytree=0.8, device=None, early_stopping_rounds=None,\n             enable_categorical=False, eval_metric=None, feature_types=None,\n             feature_weights=None, gamma=None, grow_policy=None,\n             importance_type=None, interaction_constraints=None,\n             learning_rate=0.05, max_bin=None, max_cat_threshold=None,\n             max_cat_to_onehot=None, max_delta_step=None, max_depth=5,\n             max_leaves=None, min_child_weight=None, missing=nan,\n             monotone_constraints=None, multi_strategy=None, n_estimators=60,\n             n_jobs=1, num_parallel_tree=None, ...)', 'method': 'enbpi', 'n_jobs': 1, 'random_state': 46, 'verbose': 0}",d21420037c47a56964ad3ee14da0584fb1998ced6b9884e2079e7f3ca6e757b2,started,,,
383c1655ea0a405ab1507bae6be3a3f0,owner_fit_h6_enbpi,False,xgboost_estimator_fit,xgboost.sklearn,fit,XGBRegressor,28132,2026-09-14T11:52:34.218220+00:00,51584,"{'objective': 'reg:squarederror', 'base_score': None, 'booster': None, 'callbacks': None, 'colsample_bylevel': None, 'colsample_bynode': None, 'colsample_bytree': 0.8, 'device': None, 'early_stopping_rounds': None, 'enable_categorical': False, 'eval_metric': None, 'feature_types': None, 'feature_weights': None, 'gamma': None, 'grow_policy': None, 'importance_type': None, 'interaction_constraints': None, 'learning_rate': 0.05, 'max_bin': None, 'max_cat_threshold': None, 'max_cat_to_onehot': None, 'max_delta_step': None, 'max_depth': 5, 'max_leaves': None, 'min_child_weight': None, 'missing': nan, 'monotone_constraints': None, 'multi_strategy': None, 'n_estimators': 60, 'n_jobs': 1, 'num_parallel_tree': None, 'random_state': 46, 'reg_alpha': None, 'reg_lambda': None, 'sampling_method': None, 'scale_pos_weight': None, 'subsample': 0.8, 'tree_method': 'hist', 'validate_parameters': None, 'verbosity': None}",d21420037c47a56964ad3ee14da0584fb1998ced6b9884e2079e7f3ca6e757b2,started,,,
383c1655ea0a405ab1507bae6be3a3f0,owner_fit_h6_enbpi,False,xgboost_estimator_fit,xgboost.sklearn,fit,XGBRegressor,28132,2026-09-14T11:52:34.218220+00:00,51584,"{'objective': 'reg:squarederror', 'base_score': None, 'booster': None, 'callbacks': None, 'colsample_bylevel': None, 'colsample_bynode': None, 'colsample_bytree': 0.8, 'device': None, 'early_stopping_rounds': None, 'enable_categorical': False, 'eval_metric': None, 'feature_types': None, 'feature_weights': None, 'gamma': None, 'grow_policy': None, 'importance_type': None, 'interaction_constraints': None, 'learning_rate': 0.05, 'max_bin': None, 'max_cat_threshold': None, 'max_cat_to_onehot': None, 'max_delta_step': None, 'max_depth': 5, 'max_leaves': None, 'min_child_weight': None, 'missing': nan, 'monotone_constraints': None, 'multi_strategy': None, 'n_estimators': 60, 'n_jobs': 1, 'num_parallel_tree': None, 'random_state': 46, 'reg_alpha': None, 'reg_lambda': None, 'sampling_method': None, 'scale_pos_weight': None, 'subsample': 0.8, 'tree_method': 'hist', 'validate_parameters': None, 'verbosity': None}",d21420037c47a56964ad3ee14da0584fb1998ced6b9884e2079e7f3ca6e757b2,returned,0.5535472000046866,0.546875,False
0999f6f689d0449f8f5338dc3ee3da62,owner_fit_h6_enbpi,False,calibrator_conformalize,mapie.regression.regression,conformalize,TimeSeriesRegressor,28132,2026-09-14T11:52:34.763199+00:00,51584,"{'agg_function': 'mean', 'conformity_score': None, 'cv': 'BlockBootstrap(length=24, n_blocks=None, n_resamplings=5, overlapping=True,\n        random_state=46)', 'estimator': 'XGBRegressor(base_score=None, booster=None, callbacks=None,\n             colsample_bylevel=None, colsample_bynode=None,\n             colsample_bytree=0.8, device=None, early_stopping_rounds=None,\n             enable_categorical=False, eval_metric=None, feature_types=None,\n             feature_weights=None, gamma=None, grow_policy=None,\n             importance_type=None, interaction_constraints=None,\n             learning_rate=0.05, max_bin=None, max_cat_threshold=None,\n             max_cat_to_onehot=None, max_delta_step=None, max_depth=5,\n             max_leaves=None, min_child_weight=None, missing=nan,\n             monotone_constraints=None, multi_strategy=None, n_estimators=60,\n             n_jobs=1, num_parallel_tree=None, ...)', 'method': 'enbpi', 'n_jobs': 1, 'random_state': 46, 'verbose': 0}",d21420037c47a56964ad3ee14da0584fb1998ced6b9884e2079e7f3ca6e757b2,started,,,
c4191dbc1b5b4faea1c8a33d5f7e5141,owner_fit_h6_enbpi,False,xgboost_estimator_fit,xgboost.sklearn,fit,XGBRegressor,28132,2026-09-14T11:52:34.790231+00:00,51600,"{'objective': 'reg:squarederror', 'base_score': None, 'booster': None, 'callbacks': None, 'colsample_bylevel': None, 'colsample_bynode': None, 'colsample_bytree': 0.8, 'device': None, 'early_stopping_rounds': None, 'enable_categorical': False, 'eval_metric': None, 'feature_types': None, 'feature_weights': None, 'gamma': None, 'grow_policy': None, 'importance_type': None, 'interaction_constraints': None, 'learning_rate': 0.05, 'max_bin': None, 'max_cat_threshold': None, 'max_cat_to_onehot': None, 'max_delta_step': None, 'max_depth': 5, 'max_leaves': None, 'min_child_weight': None, 'missing': nan, 'monotone_constraints': None, 'multi_strategy': None, 'n_estimators': 60, 'n_jobs': 1, 'num_parallel_tree': None, 'random_state': 46, 'reg_alpha': None, 'reg_lambda': None, 'sampling_method': None, 'scale_pos_weight': None, 'subsample': 0.8, 'tree_method': 'hist', 'validate_parameters': None, 'verbosity': None}",9a8c3142232626238e3c574c45854faf269854485b17632959e125a623d26f61,started,,,
c4191dbc1b5b4faea1c8a33d5f7e5141,owner_fit_h6_enbpi,False,xgboost_estimator_fit,xgboost.sklearn,fit,XGBRegressor,28132,2026-09-14T11:52:34.790231+00:00,51600,"{'objective': 'reg:squarederror', 'base_score': None, 'booster': None, 'callbacks': None, 'colsample_bylevel': None, 'colsample_bynode': None, 'colsample_bytree': 0.8, 'device': None, 'early_stopping_rounds': None, 'enable_categorical': False, 'eval_metric': None, 'feature_types': None, 'feature_weights': None, 'gamma': None, 'grow_policy': None, 'importance_type': None, 'interaction_constraints': None, 'learning_rate': 0.05, 'max_bin': None, 'max_cat_threshold': None, 'max_cat_to_onehot': None, 'max_delta_step': None, 'max_depth': 5, 'max_leaves': None, 'min_child_weight': None, 'missing': nan, 'monotone_constraints': None, 'multi_strategy': None, 'n_estimators': 60, 'n_jobs': 1, 'num_parallel_tree': None, 'random_state': 46, 'reg_alpha': None, 'reg_lambda': None, 'sampling_method': None, 'scale_pos_weight': None, 'subsample': 0.8, 'tree_method': 'hist', 'validate_parameters': None, 'verbosity': None}",9a8c3142232626238e3c574c45854faf269854485b17632959e125a623d26f61,returned,0.5725388999999268,0.5625,False
7a59b1a52d6e4103a31cc158f6d42af7,owner_fit_h6_enbpi,False,xgboost_estimator_fit,xgboost.sklearn,fit,XGBRegressor,28132,2026-09-14T11:52:35.388619+00:00,51600,"{'objective': 'reg:squarederror', 'base_score': None, 'booster': None, 'callbacks': None, 'colsample_bylevel': None, 'colsample_bynode': None, 'colsample_bytree': 0.8, 'device': None, 'early_stopping_rounds': None, 'enable_categorical': False, 'eval_metric': None, 'feature_types': None, 'feature_weights': None, 'gamma': None, 'grow_policy': None, 'importance_type': None, 'interaction_constraints': None, 'learning_rate': 0.05, 'max_bin': None, 'max_cat_threshold': None, 'max_cat_to_onehot': None, 'max_delta_step': None, 'max_depth': 5, 'max_leaves': None, 'min_child_weight': None, 'missing': nan, 'monotone_constraints': None, 'multi_strategy': None, 'n_estimators': 60, 'n_jobs': 1, 'num_parallel_tree': None, 'random_state': 46, 'reg_alpha': None, 'reg_lambda': None, 'sampling_method': None, 'scale_pos_weight': None, 'subsample': 0.8, 'tree_method': 'hist', 'validate_parameters': None, 'verbosity': None}",d95e685067e0ee96705048990bc9b2bfedd44d91c182b3b53a12bd4c12f416f2,started,,,
7a59b1a52d6e4103a31cc158f6d42af7,owner_fit_h6_enbpi,False,xgboost_estimator_fit,xgboost.sklearn,fit,XGBRegressor,28132,2026-09-14T11:52:35.388619+00:00,51600,"{'objective': 'reg:squarederror', 'base_score': None, 'booster': None, 'callbacks': None, 'colsample_bylevel': None, 'colsample_bynode': None, 'colsample_bytree': 0.8, 'device': None, 'early_stopping_rounds': None, 'enable_categorical': False, 'eval_metric': None, 'feature_types': None, 'feature_weights': None, 'gamma': None, 'grow_policy': None, 'importance_type': None, 'interaction_constraints': None, 'learning_rate': 0.05, 'max_bin': None, 'max_cat_threshold': None, 'max_cat_to_onehot': None, 'max_delta_step': None, 'max_depth': 5, 'max_leaves': None, 'min_child_weight': None, 'missing': nan, 'monotone_constraints': None, 'multi_strategy': None, 'n_estimators': 60, 'n_jobs': 1, 'num_parallel_tree': None, 'random_state': 46, 'reg_alpha': None, 'reg_lambda': None, 'sampling_method': None, 'scale_pos_weight': None, 'subsample': 0.8, 'tree_method': 'hist', 'validate_parameters': None, 'verbosity': None}",d95e685067e0ee96705048990bc9b2bfedd44d91c182b3b53a12bd4c12f416f2,returned,0.5459249999985332,0.5625,False
f441abdfad4245bba4570aa5a21fa3d6,owner_fit_h6_enbpi,False,xgboost_estimator_fit,xgboost.sklearn,fit,XGBRegressor,28132,2026-09-14T11:52:35.954352+00:00,51600,"{'objective': 'reg:squarederror', 'base_score': None, 'booster': None, 'callbacks': None, 'colsample_bylevel': None, 'colsample_bynode': None, 'colsample_bytree': 0.8, 'device': None, 'early_stopping_rounds': None, 'enable_categorical': False, 'eval_metric': None, 'feature_types': None, 'feature_weights': None, 'gamma': None, 'grow_policy': None, 'importance_type': None, 'interaction_constraints': None, 'learning_rate': 0.05, 'max_bin': None, 'max_cat_threshold': None, 'max_cat_to_onehot': None, 'max_delta_step': None, 'max_depth': 5, 'max_leaves': None, 'min_child_weight': None, 'missing': nan, 'monotone_constraints': None, 'multi_strategy': None, 'n_estimators': 60, 'n_jobs': 1, 'num_parallel_tree': None, 'random_state': 46, 'reg_alpha': None, 'reg_lambda': None, 'sampling_method': None, 'scale_pos_weight': None, 'subsample': 0.8, 'tree_method': 'hist', 'validate_parameters': None, 'verbosity': None}",e2b5f93652e8e454b77561336bc3951d28e130f2863adea9f5f7014464d9d1bd,started,,,
f441abdfad4245bba4570aa5a21fa3d6,owner_fit_h6_enbpi,False,xgboost_estimator_fit,xgboost.sklearn,fit,XGBRegressor,28132,2026-09-14T11:52:35.954352+00:00,51600,"{'objective': 'reg:squarederror', 'base_score': None, 'booster': None, 'callbacks': None, 'colsample_bylevel': None, 'colsample_bynode': None, 'colsample_bytree': 0.8, 'device': None, 'early_stopping_rounds': None, 'enable_categorical': False, 'eval_metric': None, 'feature_types': None, 'feature_weights': None, 'gamma': None, 'grow_policy': None, 'importance_type': None, 'interaction_constraints': None, 'learning_rate': 0.05, 'max_bin': None, 'max_cat_threshold': None, 'max_cat_to_onehot': None, 'max_delta_step': None, 'max_depth': 5, 'max_leaves': None, 'min_child_weight': None, 'missing': nan, 'monotone_constraints': None, 'multi_strategy': None, 'n_estimators': 60, 'n_jobs': 1, 'num_parallel_tree': None, 'random_state': 46, 'reg_alpha': None, 'reg_lambda': None, 'sampling_method': None, 'scale_pos_weight': None, 'subsample': 0.8, 'tree_method': 'hist', 'validate_parameters': None, 'verbosity': None}",e2b5f93652e8e454b77561336bc3951d28e130f2863adea9f5f7014464d9d1bd,returned,0.5563114999968093,0.546875,False
ff18116504b0403c9aa427c87f0660b1,owner_fit_h6_enbpi,False,xgboost_estimator_fit,xgboost.sklearn,fit,XGBRegressor,28132,2026-09-14T11:52:36.532147+00:00,51600,"{'objective': 'reg:squarederror', 'base_score': None, 'booster': None, 'callbacks': None, 'colsample_bylevel': None, 'colsample_bynode': None, 'colsample_bytree': 0.8, 'device': None, 'early_stopping_rounds': None, 'enable_categorical': False, 'eval_metric': None, 'feature_types': None, 'feature_weights': None, 'gamma': None, 'grow_policy': None, 'importance_type': None, 'interaction_constraints': None, 'learning_rate': 0.05, 'max_bin': None, 'max_cat_threshold': None, 'max_cat_to_onehot': None, 'max_delta_step': None, 'max_depth': 5, 'max_leaves': None, 'min_child_weight': None, 'missing': nan, 'monotone_constraints': None, 'multi_strategy': None, 'n_estimators': 60, 'n_jobs': 1, 'num_parallel_tree': None, 'random_state': 46, 'reg_alpha': None, 'reg_lambda': None, 'sampling_method': None, 'scale_pos_weight': None, 'subsample': 0.8, 'tree_method': 'hist', 'validate_parameters': None, 'verbosity': None}",cfbb21fe8b341f79f102ac2cb06f64977bdcf215ed4b28e3c37a45338f5969dd,started,,,
ff18116504b0403c9aa427c87f0660b1,owner_fit_h6_enbpi,False,xgboost_estimator_fit,xgboost.sklearn,fit,XGBRegressor,28132,2026-09-14T11:52:36.532147+00:00,51600,"{'objective': 'reg:squarederror', 'base_score': None, 'booster': None, 'callbacks': None, 'colsample_bylevel': None, 'colsample_bynode': None, 'colsample_bytree': 0.8, 'device': None, 'early_stopping_rounds': None, 'enable_categorical': False, 'eval_metric': None, 'feature_types': None, 'feature_weights': None, 'gamma': None, 'grow_policy': None, 'importance_type': None, 'interaction_constraints': None, 'learning_rate': 0.05, 'max_bin': None, 'max_cat_threshold': None, 'max_cat_to_onehot': None, 'max_delta_step': None, 'max_depth': 5, 'max_leaves': None, 'min_child_weight': None, 'missing': nan, 'monotone_constraints': None, 'multi_strategy': None, 'n_estimators': 60, 'n_jobs': 1, 'num_parallel_tree': None, 'random_state': 46, 'reg_alpha': None, 'reg_lambda': None, 'sampling_method': None, 'scale_pos_weight': None, 'subsample': 0.8, 'tree_method': 'hist', 'validate_parameters': None, 'verbosity': None}",cfbb21fe8b341f79f102ac2cb06f64977bdcf215ed4b28e3c37a45338f5969dd,returned,0.5524231000017608,0.546875,False
31158cfb867049bc9d19bff9ea685b38,owner_fit_h6_enbpi,False,xgboost_estimator_fit,xgboost.sklearn,fit,XGBRegressor,28132,2026-09-14T11:52:37.103144+00:00,51600,"{'objective': 'reg:squarederror', 'base_score': None, 'booster': None, 'callbacks': None, 'colsample_bylevel': None, 'colsample_bynode': None, 'colsample_bytree': 0.8, 'device': None, 'early_stopping_rounds': None, 'enable_categorical': False, 'eval_metric': None, 'feature_types': None, 'feature_weights': None, 'gamma': None, 'grow_policy': None, 'importance_type': None, 'interaction_constraints': None, 'learning_rate': 0.05, 'max_bin': None, 'max_cat_threshold': None, 'max_cat_to_onehot': None, 'max_delta_step': None, 'max_depth': 5, 'max_leaves': None, 'min_child_weight': None, 'missing': nan, 'monotone_constraints': None, 'multi_strategy': None, 'n_estimators': 60, 'n_jobs': 1, 'num_parallel_tree': None, 'random_state': 46, 'reg_alpha': None, 'reg_lambda': None, 'sampling_method': None, 'scale_pos_weight': None, 'subsample': 0.8, 'tree_method': 'hist', 'validate_parameters': None, 'verbosity': None}",8d548f614b3e3ddea48f10316da00d6586af9672d382a40c22e8fe170d9ad467,started,,,
31158cfb867049bc9d19bff9ea685b38,owner_fit_h6_enbpi,False,xgboost_estimator_fit,xgboost.sklearn,fit,XGBRegressor,28132,2026-09-14T11:52:37.103144+00:00,51600,"{'objective': 'reg:squarederror', 'base_score': None, 'booster': None, 'callbacks': None, 'colsample_bylevel': None, 'colsample_bynode': None, 'colsample_bytree': 0.8, 'device': None, 'early_stopping_rounds': None, 'enable_categorical': False, 'eval_metric': None, 'feature_types': None, 'feature_weights': None, 'gamma': None, 'grow_policy': None, 'importance_type': None, 'interaction_constraints': None, 'learning_rate': 0.05, 'max_bin': None, 'max_cat_threshold': None, 'max_cat_to_onehot': None, 'max_delta_step': None, 'max_depth': 5, 'max_leaves': None, 'min_child_weight': None, 'missing': nan, 'monotone_constraints': None, 'multi_strategy': None, 'n_estimators': 60, 'n_jobs': 1, 'num_parallel_tree': None, 'random_state': 46, 'reg_alpha': None, 'reg_lambda': None, 'sampling_method': None, 'scale_pos_weight': None, 'subsample': 0.8, 'tree_method': 'hist', 'validate_parameters': None, 'verbosity': None}",8d548f614b3e3ddea48f10316da00d6586af9672d382a40c22e8fe170d9ad467,returned,0.5637242999946466,0.5625,False
0999f6f689d0449f8f5338dc3ee3da62,owner_fit_h6_enbpi,False,calibrator_conformalize,mapie.regression.regression,conformalize,TimeSeriesRegressor,28132,2026-09-14T11:52:34.763199+00:00,51584,"{'agg_function': 'mean', 'conformity_score': None, 'cv': 'BlockBootstrap(length=24, n_blocks=None, n_resamplings=5, overlapping=True,\n        random_state=46)', 'estimator': 'XGBRegressor(base_score=None, booster=None, callbacks=None,\n             colsample_bylevel=None, colsample_bynode=None,\n             colsample_bytree=0.8, device=None, early_stopping_rounds=None,\n             enable_categorical=False, eval_metric=None, feature_types=None,\n             feature_weights=None, gamma=None, grow_policy=None,\n             importance_type=None, interaction_constraints=None,\n             learning_rate=0.05, max_bin=None, max_cat_threshold=None,\n             max_cat_to_onehot=None, max_delta_step=None, max_depth=5,\n             max_leaves=None, min_child_weight=None, missing=nan,\n             monotone_constraints=None, multi_strategy=None, n_estimators=60,\n             n_jobs=1, num_parallel_tree=None, ...)', 'method': 'enbpi', 'n_jobs': 1, 'random_state': 46, 'verbose': 0}",d21420037c47a56964ad3ee14da0584fb1998ced6b9884e2079e7f3ca6e757b2,returned,3.040403500010143,3.046875,False
9ef76116ab824795afba7f9f95cc0081,owner_fit_h6_enbpi,False,enbpi_wrapper_fit,mapie.regression.regression,fit,TimeSeriesRegressor,28132,2026-09-14T11:52:34.208927+00:00,51584,"{'agg_function': 'mean', 'conformity_score': None, 'cv': 'BlockBootstrap(length=24, n_blocks=None, n_resamplings=5, overlapping=True,\n        random_state=46)', 'estimator': 'XGBRegressor(base_score=None, booster=None, callbacks=None,\n             colsample_bylevel=None, colsample_bynode=None,\n             colsample_bytree=0.8, device=None, early_stopping_rounds=None,\n             enable_categorical=False, eval_metric=None, feature_types=None,\n             feature_weights=None, gamma=None, grow_policy=None,\n             importance_type=None, interaction_constraints=None,\n             learning_rate=0.05, max_bin=None, max_cat_threshold=None,\n             max_cat_to_onehot=None, max_delta_step=None, max_depth=5,\n             max_leaves=None, min_child_weight=None, missing=nan,\n             monotone_constraints=None, multi_strategy=None, n_estimators=60,\n             n_jobs=1, num_parallel_tree=None, ...)', 'method': 'enbpi', 'n_jobs': 1, 'random_state': 46, 'verbose': 0}",d21420037c47a56964ad3ee14da0584fb1998ced6b9884e2079e7f3ca6e757b2,returned,3.609175999998115,3.609375,False
4b236aa39e3749299edc79d1d8528f2e,owner_cal_h6_enbpi,False,calibrator_conformalize,mapie.regression.regression,conformalize,TimeSeriesRegressor,28132,2026-09-14T11:52:37.903743+00:00,17350,"{'agg_function': 'mean', 'conformity_score': None, 'cv': 'BlockBootstrap(length=24, n_blocks=None, n_resamplings=5, overlapping=True,\n        random_state=46)', 'estimator': 'XGBRegressor(base_score=None, booster=None, callbacks=None,\n             colsample_bylevel=None, colsample_bynode=None,\n             colsample_bytree=0.8, device=None, early_stopping_rounds=None,\n             enable_categorical=False, eval_metric=None, feature_types=None,\n             feature_weights=None, gamma=None, grow_policy=None,\n             importance_type=None, interaction_constraints=None,\n             learning_rate=0.05, max_bin=None, max_cat_threshold=None,\n             max_cat_to_onehot=None, max_delta_step=None, max_depth=5,\n             max_leaves=None, min_child_weight=None, missing=nan,\n             monotone_constraints=None, multi_strategy=None, n_estimators=60,\n             n_jobs=1, num_parallel_tree=None, ...)', 'method': 'enbpi', 'n_jobs': 1, 'random_state': 46, 'verbose': 0}",c541735ac86756cc443c9028a43d8eea68c87123361f8edc415469d30153306a,started,,,
dca06012ea8f410487fbc7e9dc7e73b2,owner_cal_h6_enbpi,False,xgboost_estimator_fit,xgboost.sklearn,fit,XGBRegressor,28132,2026-09-14T11:52:37.911448+00:00,17352,"{'objective': 'reg:squarederror', 'base_score': None, 'booster': None, 'callbacks': None, 'colsample_bylevel': None, 'colsample_bynode': None, 'colsample_bytree': 0.8, 'device': None, 'early_stopping_rounds': None, 'enable_categorical': False, 'eval_metric': None, 'feature_types': None, 'feature_weights': None, 'gamma': None, 'grow_policy': None, 'importance_type': None, 'interaction_constraints': None, 'learning_rate': 0.05, 'max_bin': None, 'max_cat_threshold': None, 'max_cat_to_onehot': None, 'max_delta_step': None, 'max_depth': 5, 'max_leaves': None, 'min_child_weight': None, 'missing': nan, 'monotone_constraints': None, 'multi_strategy': None, 'n_estimators': 60, 'n_jobs': 1, 'num_parallel_tree': None, 'random_state': 46, 'reg_alpha': None, 'reg_lambda': None, 'sampling_method': None, 'scale_pos_weight': None, 'subsample': 0.8, 'tree_method': 'hist', 'validate_parameters': None, 'verbosity': None}",84f1cac553744f228c46f5b05dabddeb7f7fc887a259795593729bacb864d28c,started,,,
dca06012ea8f410487fbc7e9dc7e73b2,owner_cal_h6_enbpi,False,xgboost_estimator_fit,xgboost.sklearn,fit,XGBRegressor,28132,2026-09-14T11:52:37.911448+00:00,17352,"{'objective': 'reg:squarederror', 'base_score': None, 'booster': None, 'callbacks': None, 'colsample_bylevel': None, 'colsample_bynode': None, 'colsample_bytree': 0.8, 'device': None, 'early_stopping_rounds': None, 'enable_categorical': False, 'eval_metric': None, 'feature_types': None, 'feature_weights': None, 'gamma': None, 'grow_policy': None, 'importance_type': None, 'interaction_constraints': None, 'learning_rate': 0.05, 'max_bin': None, 'max_cat_threshold': None, 'max_cat_to_onehot': None, 'max_delta_step': None, 'max_depth': 5, 'max_leaves': None, 'min_child_weight': None, 'missing': nan, 'monotone_constraints': None, 'multi_strategy': None, 'n_estimators': 60, 'n_jobs': 1, 'num_parallel_tree': None, 'random_state': 46, 'reg_alpha': None, 'reg_lambda': None, 'sampling_method': None, 'scale_pos_weight': None, 'subsample': 0.8, 'tree_method': 'hist', 'validate_parameters': None, 'verbosity': None}",84f1cac553744f228c46f5b05dabddeb7f7fc887a259795593729bacb864d28c,returned,0.23590250000415836,0.234375,False
f63fdc9241d64ed8837110c14ea1022e,owner_cal_h6_enbpi,False,xgboost_estimator_fit,xgboost.sklearn,fit,XGBRegressor,28132,2026-09-14T11:52:38.161767+00:00,17352,"{'objective': 'reg:squarederror', 'base_score': None, 'booster': None, 'callbacks': None, 'colsample_bylevel': None, 'colsample_bynode': None, 'colsample_bytree': 0.8, 'device': None, 'early_stopping_rounds': None, 'enable_categorical': False, 'eval_metric': None, 'feature_types': None, 'feature_weights': None, 'gamma': None, 'grow_policy': None, 'importance_type': None, 'interaction_constraints': None, 'learning_rate': 0.05, 'max_bin': None, 'max_cat_threshold': None, 'max_cat_to_onehot': None, 'max_delta_step': None, 'max_depth': 5, 'max_leaves': None, 'min_child_weight': None, 'missing': nan, 'monotone_constraints': None, 'multi_strategy': None, 'n_estimators': 60, 'n_jobs': 1, 'num_parallel_tree': None, 'random_state': 46, 'reg_alpha': None, 'reg_lambda': None, 'sampling_method': None, 'scale_pos_weight': None, 'subsample': 0.8, 'tree_method': 'hist', 'validate_parameters': None, 'verbosity': None}",ef324df5bafc7adf3848067e00435c3dcd583a641b16d8d43d3d341124069014,started,,,
f63fdc9241d64ed8837110c14ea1022e,owner_cal_h6_enbpi,False,xgboost_estimator_fit,xgboost.sklearn,fit,XGBRegressor,28132,2026-09-14T11:52:38.161767+00:00,17352,"{'objective': 'reg:squarederror', 'base_score': None, 'booster': None, 'callbacks': None, 'colsample_bylevel': None, 'colsample_bynode': None, 'colsample_bytree': 0.8, 'device': None, 'early_stopping_rounds': None, 'enable_categorical': False, 'eval_metric': None, 'feature_types': None, 'feature_weights': None, 'gamma': None, 'grow_policy': None, 'importance_type': None, 'interaction_constraints': None, 'learning_rate': 0.05, 'max_bin': None, 'max_cat_threshold': None, 'max_cat_to_onehot': None, 'max_delta_step': None, 'max_depth': 5, 'max_leaves': None, 'min_child_weight': None, 'missing': nan, 'monotone_constraints': None, 'multi_strategy': None, 'n_estimators': 60, 'n_jobs': 1, 'num_parallel_tree': None, 'random_state': 46, 'reg_alpha': None, 'reg_lambda': None, 'sampling_method': None, 'scale_pos_weight': None, 'subsample': 0.8, 'tree_method': 'hist', 'validate_parameters': None, 'verbosity': None}",ef324df5bafc7adf3848067e00435c3dcd583a641b16d8d43d3d341124069014,returned,0.2402040000015404,0.21875,False
21203502afc64b4e938efc80c3e659cb,owner_cal_h6_enbpi,False,xgboost_estimator_fit,xgboost.sklearn,fit,XGBRegressor,28132,2026-09-14T11:52:38.411147+00:00,17352,"{'objective': 'reg:squarederror', 'base_score': None, 'booster': None, 'callbacks': None, 'colsample_bylevel': None, 'colsample_bynode': None, 'colsample_bytree': 0.8, 'device': None, 'early_stopping_rounds': None, 'enable_categorical': False, 'eval_metric': None, 'feature_types': None, 'feature_weights': None, 'gamma': None, 'grow_policy': None, 'importance_type': None, 'interaction_constraints': None, 'learning_rate': 0.05, 'max_bin': None, 'max_cat_threshold': None, 'max_cat_to_onehot': None, 'max_delta_step': None, 'max_depth': 5, 'max_leaves': None, 'min_child_weight': None, 'missing': nan, 'monotone_constraints': None, 'multi_strategy': None, 'n_estimators': 60, 'n_jobs': 1, 'num_parallel_tree': None, 'random_state': 46, 'reg_alpha': None, 'reg_lambda': None, 'sampling_method': None, 'scale_pos_weight': None, 'subsample': 0.8, 'tree_method': 'hist', 'validate_parameters': None, 'verbosity': None}",7ab31cf75509e8f9bed81ac60cb443eec5df81ab19b5f6d795272be34a4bc920,started,,,
21203502afc64b4e938efc80c3e659cb,owner_cal_h6_enbpi,False,xgboost_estimator_fit,xgboost.sklearn,fit,XGBRegressor,28132,2026-09-14T11:52:38.411147+00:00,17352,"{'objective': 'reg:squarederror', 'base_score': None, 'booster': None, 'callbacks': None, 'colsample_bylevel': None, 'colsample_bynode': None, 'colsample_bytree': 0.8, 'device': None, 'early_stopping_rounds': None, 'enable_categorical': False, 'eval_metric': None, 'feature_types': None, 'feature_weights': None, 'gamma': None, 'grow_policy': None, 'importance_type': None, 'interaction_constraints': None, 'learning_rate': 0.05, 'max_bin': None, 'max_cat_threshold': None, 'max_cat_to_onehot': None, 'max_delta_step': None, 'max_depth': 5, 'max_leaves': None, 'min_child_weight': None, 'missing': nan, 'monotone_constraints': None, 'multi_strategy': None, 'n_estimators': 60, 'n_jobs': 1, 'num_parallel_tree': None, 'random_state': 46, 'reg_alpha': None, 'reg_lambda': None, 'sampling_method': None, 'scale_pos_weight': None, 'subsample': 0.8, 'tree_method': 'hist', 'validate_parameters': None, 'verbosity': None}",7ab31cf75509e8f9bed81ac60cb443eec5df81ab19b5f6d795272be34a4bc920,returned,0.2300701000058325,0.234375,False
39303a3eecc94c33b8f6e23888a9565d,owner_cal_h6_enbpi,False,xgboost_estimator_fit,xgboost.sklearn,fit,XGBRegressor,28132,2026-09-14T11:52:38.644821+00:00,17352,"{'objective': 'reg:squarederror', 'base_score': None, 'booster': None, 'callbacks': None, 'colsample_bylevel': None, 'colsample_bynode': None, 'colsample_bytree': 0.8, 'device': None, 'early_stopping_rounds': None, 'enable_categorical': False, 'eval_metric': None, 'feature_types': None, 'feature_weights': None, 'gamma': None, 'grow_policy': None, 'importance_type': None, 'interaction_constraints': None, 'learning_rate': 0.05, 'max_bin': None, 'max_cat_threshold': None, 'max_cat_to_onehot': None, 'max_delta_step': None, 'max_depth': 5, 'max_leaves': None, 'min_child_weight': None, 'missing': nan, 'monotone_constraints': None, 'multi_strategy': None, 'n_estimators': 60, 'n_jobs': 1, 'num_parallel_tree': None, 'random_state': 46, 'reg_alpha': None, 'reg_lambda': None, 'sampling_method': None, 'scale_pos_weight': None, 'subsample': 0.8, 'tree_method': 'hist', 'validate_parameters': None, 'verbosity': None}",5075a079c0aa72399dc40928379c7ead366bec2ff5a908bef29873d5a5526bdb,started,,,
39303a3eecc94c33b8f6e23888a9565d,owner_cal_h6_enbpi,False,xgboost_estimator_fit,xgboost.sklearn,fit,XGBRegressor,28132,2026-09-14T11:52:38.644821+00:00,17352,"{'objective': 'reg:squarederror', 'base_score': None, 'booster': None, 'callbacks': None, 'colsample_bylevel': None, 'colsample_bynode': None, 'colsample_bytree': 0.8, 'device': None, 'early_stopping_rounds': None, 'enable_categorical': False, 'eval_metric': None, 'feature_types': None, 'feature_weights': None, 'gamma': None, 'grow_policy': None, 'importance_type': None, 'interaction_constraints': None, 'learning_rate': 0.05, 'max_bin': None, 'max_cat_threshold': None, 'max_cat_to_onehot': None, 'max_delta_step': None, 'max_depth': 5, 'max_leaves': None, 'min_child_weight': None, 'missing': nan, 'monotone_constraints': None, 'multi_strategy': None, 'n_estimators': 60, 'n_jobs': 1, 'num_parallel_tree': None, 'random_state': 46, 'reg_alpha': None, 'reg_lambda': None, 'sampling_method': None, 'scale_pos_weight': None, 'subsample': 0.8, 'tree_method': 'hist', 'validate_parameters': None, 'verbosity': None}",5075a079c0aa72399dc40928379c7ead366bec2ff5a908bef29873d5a5526bdb,returned,0.24167210000450723,0.25,False
7eddc2d87b154976a6d0209f030c5fcc,owner_cal_h6_enbpi,False,xgboost_estimator_fit,xgboost.sklearn,fit,XGBRegressor,28132,2026-09-14T11:52:38.902575+00:00,17352,"{'objective': 'reg:squarederror', 'base_score': None, 'booster': None, 'callbacks': None, 'colsample_bylevel': None, 'colsample_bynode': None, 'colsample_bytree': 0.8, 'device': None, 'early_stopping_rounds': None, 'enable_categorical': False, 'eval_metric': None, 'feature_types': None, 'feature_weights': None, 'gamma': None, 'grow_policy': None, 'importance_type': None, 'interaction_constraints': None, 'learning_rate': 0.05, 'max_bin': None, 'max_cat_threshold': None, 'max_cat_to_onehot': None, 'max_delta_step': None, 'max_depth': 5, 'max_leaves': None, 'min_child_weight': None, 'missing': nan, 'monotone_constraints': None, 'multi_strategy': None, 'n_estimators': 60, 'n_jobs': 1, 'num_parallel_tree': None, 'random_state': 46, 'reg_alpha': None, 'reg_lambda': None, 'sampling_method': None, 'scale_pos_weight': None, 'subsample': 0.8, 'tree_method': 'hist', 'validate_parameters': None, 'verbosity': None}",1ab75f6ee5bf0ce01e46702165843e25bf54778f0256d3541076671e70076b09,started,,,
7eddc2d87b154976a6d0209f030c5fcc,owner_cal_h6_enbpi,False,xgboost_estimator_fit,xgboost.sklearn,fit,XGBRegressor,28132,2026-09-14T11:52:38.902575+00:00,17352,"{'objective': 'reg:squarederror', 'base_score': None, 'booster': None, 'callbacks': None, 'colsample_bylevel': None, 'colsample_bynode': None, 'colsample_bytree': 0.8, 'device': None, 'early_stopping_rounds': None, 'enable_categorical': False, 'eval_metric': None, 'feature_types': None, 'feature_weights': None, 'gamma': None, 'grow_policy': None, 'importance_type': None, 'interaction_constraints': None, 'learning_rate': 0.05, 'max_bin': None, 'max_cat_threshold': None, 'max_cat_to_onehot': None, 'max_delta_step': None, 'max_depth': 5, 'max_leaves': None, 'min_child_weight': None, 'missing': nan, 'monotone_constraints': None, 'multi_strategy': None, 'n_estimators': 60, 'n_jobs': 1, 'num_parallel_tree': None, 'random_state': 46, 'reg_alpha': None, 'reg_lambda': None, 'sampling_method': None, 'scale_pos_weight': None, 'subsample': 0.8, 'tree_method': 'hist', 'validate_parameters': None, 'verbosity': None}",1ab75f6ee5bf0ce01e46702165843e25bf54778f0256d3541076671e70076b09,returned,0.23664099999587052,0.25,False
4b236aa39e3749299edc79d1d8528f2e,owner_cal_h6_enbpi,False,calibrator_conformalize,mapie.regression.regression,conformalize,TimeSeriesRegressor,28132,2026-09-14T11:52:37.903743+00:00,17350,"{'agg_function': 'mean', 'conformity_score': None, 'cv': 'BlockBootstrap(length=24, n_blocks=None, n_resamplings=5, overlapping=True,\n        random_state=46)', 'estimator': 'XGBRegressor(base_score=None, booster=None, callbacks=None,\n             colsample_bylevel=None, colsample_bynode=None,\n             colsample_bytree=0.8, device=None, early_stopping_rounds=None,\n             enable_categorical=False, eval_metric=None, feature_types=None,\n             feature_weights=None, gamma=None, grow_policy=None,\n             importance_type=None, interaction_constraints=None,\n             learning_rate=0.05, max_bin=None, max_cat_threshold=None,\n             max_cat_to_onehot=None, max_delta_step=None, max_depth=5,\n             max_leaves=None, min_child_weight=None, missing=nan,\n             monotone_constraints=None, multi_strategy=None, n_estimators=60,\n             n_jobs=1, num_parallel_tree=None, ...)', 'method': 'enbpi', 'n_jobs': 1, 'random_state': 46, 'verbose': 0}",c541735ac86756cc443c9028a43d8eea68c87123361f8edc415469d30153306a,returned,1.2911027000081958,1.25,False
c1ee6b7004904679a54be9e7bdaa95c6,dscp_fit,False,dscp_calibrator_fit,src.conformal_dscp,fit_dscp,,28132,2026-09-14T11:54:11.125647+00:00,17270,{},33a4a115e5c57e1764d5035d5b10d9907d163fba6549ef3127a275ce8e961955,started,,,
b350f291eba4433582bdb7a3853f5c1f,dscp_fit,False,kmeans_candidate_fit,sklearn.cluster._kmeans,fit,KMeans,28132,2026-09-14T11:54:11.127632+00:00,17270,"{'algorithm': 'lloyd', 'copy_x': True, 'init': 'k-means++', 'max_iter': 300, 'n_clusters': 2, 'n_init': 10, 'random_state': 46, 'tol': 0.0001, 'verbose': 0}",,started,,,
b350f291eba4433582bdb7a3853f5c1f,dscp_fit,False,kmeans_candidate_fit,sklearn.cluster._kmeans,fit,KMeans,28132,2026-09-14T11:54:11.127632+00:00,17270,"{'algorithm': 'lloyd', 'copy_x': True, 'init': 'k-means++', 'max_iter': 300, 'n_clusters': 2, 'n_init': 10, 'random_state': 46, 'tol': 0.0001, 'verbose': 0}",,returned,0.11814430000958964,0.109375,False
1bdddd10c828407493983659f7178a16,dscp_fit,False,kmeans_candidate_fit,sklearn.cluster._kmeans,fit,KMeans,28132,2026-09-14T11:54:11.310783+00:00,17270,"{'algorithm': 'lloyd', 'copy_x': True, 'init': 'k-means++', 'max_iter': 300, 'n_clusters': 3, 'n_init': 10, 'random_state': 46, 'tol': 0.0001, 'verbose': 0}",,started,,,
1bdddd10c828407493983659f7178a16,dscp_fit,False,kmeans_candidate_fit,sklearn.cluster._kmeans,fit,KMeans,28132,2026-09-14T11:54:11.310783+00:00,17270,"{'algorithm': 'lloyd', 'copy_x': True, 'init': 'k-means++', 'max_iter': 300, 'n_clusters': 3, 'n_init': 10, 'random_state': 46, 'tol': 0.0001, 'verbose': 0}",,returned,0.03433450000011362,0.046875,False
a798ca9855884d9ab7847a05f50a79f7,dscp_fit,False,kmeans_candidate_fit,sklearn.cluster._kmeans,fit,KMeans,28132,2026-09-14T11:54:11.406212+00:00,17270,"{'algorithm': 'lloyd', 'copy_x': True, 'init': 'k-means++', 'max_iter': 300, 'n_clusters': 4, 'n_init': 10, 'random_state': 46, 'tol': 0.0001, 'verbose': 0}",,started,,,
a798ca9855884d9ab7847a05f50a79f7,dscp_fit,False,kmeans_candidate_fit,sklearn.cluster._kmeans,fit,KMeans,28132,2026-09-14T11:54:11.406212+00:00,17270,"{'algorithm': 'lloyd', 'copy_x': True, 'init': 'k-means++', 'max_iter': 300, 'n_clusters': 4, 'n_init': 10, 'random_state': 46, 'tol': 0.0001, 'verbose': 0}",,returned,0.06011370000487659,0.046875,False
648cdb35ee8d4dc2a29177e054a34779,dscp_fit,False,kmeans_candidate_fit,sklearn.cluster._kmeans,fit,KMeans,28132,2026-09-14T11:54:11.527655+00:00,17270,"{'algorithm': 'lloyd', 'copy_x': True, 'init': 'k-means++', 'max_iter': 300, 'n_clusters': 5, 'n_init': 10, 'random_state': 46, 'tol': 0.0001, 'verbose': 0}",,started,,,
648cdb35ee8d4dc2a29177e054a34779,dscp_fit,False,kmeans_candidate_fit,sklearn.cluster._kmeans,fit,KMeans,28132,2026-09-14T11:54:11.527655+00:00,17270,"{'algorithm': 'lloyd', 'copy_x': True, 'init': 'k-means++', 'max_iter': 300, 'n_clusters': 5, 'n_init': 10, 'random_state': 46, 'tol': 0.0001, 'verbose': 0}",,returned,0.08378839999204502,0.078125,False
d9061b0c0fc146cd807bf95b94c39960,dscp_fit,False,kmeans_candidate_fit,sklearn.cluster._kmeans,fit,KMeans,28132,2026-09-14T11:54:11.673030+00:00,17270,"{'algorithm': 'lloyd', 'copy_x': True, 'init': 'k-means++', 'max_iter': 300, 'n_clusters': 6, 'n_init': 10, 'random_state': 46, 'tol': 0.0001, 'verbose': 0}",,started,,,
d9061b0c0fc146cd807bf95b94c39960,dscp_fit,False,kmeans_candidate_fit,sklearn.cluster._kmeans,fit,KMeans,28132,2026-09-14T11:54:11.673030+00:00,17270,"{'algorithm': 'lloyd', 'copy_x': True, 'init': 'k-means++', 'max_iter': 300, 'n_clusters': 6, 'n_init': 10, 'random_state': 46, 'tol': 0.0001, 'verbose': 0}",,returned,0.09201529998972546,0.09375,False
c1ee6b7004904679a54be9e7bdaa95c6,dscp_fit,False,dscp_calibrator_fit,src.conformal_dscp,fit_dscp,,28132,2026-09-14T11:54:11.125647+00:00,17270,{},33a4a115e5c57e1764d5035d5b10d9907d163fba6549ef3127a275ce8e961955,returned,0.7235121999983676,0.6875,False
