group_id,channel,n_rows,n_available,n_unavailable,exposure_asset_days,observed_asset_days,episodes,background_episodes_per_asset_day,time_in_alert_fraction,event_count,event_recall_status,interpretation,horizon,level,method
__pooled__,numerical_only,34640,34640,0,1443.3333333333333,1443.3333333333333,3641,2.522632794457275,0.16960161662817552,0,not_estimable_empty_event_catalogue,"background episodes, not confirmed false alarms; no primary selection",1,0.9,quantile_uncalibrated
__pooled__,availability_only,34640,34640,0,1443.3333333333333,1443.3333333333333,0,0.0,0.0,0,not_estimable_empty_event_catalogue,"background episodes, not confirmed false alarms; no primary selection",1,0.9,quantile_uncalibrated
__pooled__,combined,34640,34640,0,1443.3333333333333,1443.3333333333333,3641,2.522632794457275,0.16960161662817552,0,not_estimable_empty_event_catalogue,"background episodes, not confirmed false alarms; no primary selection",1,0.9,quantile_uncalibrated
Eagle_assembly_Benny,numerical_only,3475,3475,0,144.79166666666666,144.79166666666666,329,2.272230215827338,0.12172661870503597,0,not_estimable_empty_event_catalogue,"background episodes, not confirmed false alarms; no primary selection",1,0.9,quantile_uncalibrated
Eagle_assembly_Benny,availability_only,3475,3475,0,144.79166666666666,144.79166666666666,0,0.0,0.0,0,not_estimable_empty_event_catalogue,"background episodes, not confirmed false alarms; no primary selection",1,0.9,quantile_uncalibrated
Eagle_assembly_Benny,combined,3475,3475,0,144.79166666666666,144.79166666666666,329,2.272230215827338,0.12172661870503597,0,not_estimable_empty_event_catalogue,"background episodes, not confirmed false alarms; no primary selection",1,0.9,quantile_uncalibrated
Eagle_assembly_Ian,numerical_only,3475,3475,0,144.79166666666666,144.79166666666666,509,3.515395683453238,0.17755395683453237,0,not_estimable_empty_event_catalogue,"background episodes, not confirmed false alarms; no primary selection",1,0.9,quantile_uncalibrated
Eagle_assembly_Ian,availability_only,3475,3475,0,144.79166666666666,144.79166666666666,0,0.0,0.0,0,not_estimable_empty_event_catalogue,"background episodes, not confirmed false alarms; no primary selection",1,0.9,quantile_uncalibrated
Eagle_assembly_Ian,combined,3475,3475,0,144.79166666666666,144.79166666666666,509,3.515395683453238,0.17755395683453237,0,not_estimable_empty_event_catalogue,"background episodes, not confirmed false alarms; no primary selection",1,0.9,quantile_uncalibrated
Fox_education_Henrietta,numerical_only,3475,3475,0,144.79166666666666,144.79166666666666,321,2.216978417266187,0.11798561151079137,0,not_estimable_empty_event_catalogue,"background episodes, not confirmed false alarms; no primary selection",1,0.9,quantile_uncalibrated
Fox_education_Henrietta,availability_only,3475,3475,0,144.79166666666666,144.79166666666666,0,0.0,0.0,0,not_estimable_empty_event_catalogue,"background episodes, not confirmed false alarms; no primary selection",1,0.9,quantile_uncalibrated
Fox_education_Henrietta,combined,3475,3475,0,144.79166666666666,144.79166666666666,321,2.216978417266187,0.11798561151079137,0,not_estimable_empty_event_catalogue,"background episodes, not confirmed false alarms; no primary selection",1,0.9,quantile_uncalibrated
Hog_assembly_Colette,numerical_only,3475,3475,0,144.79166666666666,144.79166666666666,654,4.516834532374101,0.23971223021582733,0,not_estimable_empty_event_catalogue,"background episodes, not confirmed false alarms; no primary selection",1,0.9,quantile_uncalibrated
Hog_assembly_Colette,availability_only,3475,3475,0,144.79166666666666,144.79166666666666,0,0.0,0.0,0,not_estimable_empty_event_catalogue,"background episodes, not confirmed false alarms; no primary selection",1,0.9,quantile_uncalibrated
Hog_assembly_Colette,combined,3475,3475,0,144.79166666666666,144.79166666666666,654,4.516834532374101,0.23971223021582733,0,not_estimable_empty_event_catalogue,"background episodes, not confirmed false alarms; no primary selection",1,0.9,quantile_uncalibrated
Hog_assembly_Dona,numerical_only,3475,3475,0,144.79166666666666,144.79166666666666,452,3.1217266187050363,0.1510791366906475,0,not_estimable_empty_event_catalogue,"background episodes, not confirmed false alarms; no primary selection",1,0.9,quantile_uncalibrated
Hog_assembly_Dona,availability_only,3475,3475,0,144.79166666666666,144.79166666666666,0,0.0,0.0,0,not_estimable_empty_event_catalogue,"background episodes, not confirmed false alarms; no primary selection",1,0.9,quantile_uncalibrated
Hog_assembly_Dona,combined,3475,3475,0,144.79166666666666,144.79166666666666,452,3.1217266187050363,0.1510791366906475,0,not_estimable_empty_event_catalogue,"background episodes, not confirmed false alarms; no primary selection",1,0.9,quantile_uncalibrated
Lamb_assembly_Bertie,numerical_only,3475,3475,0,144.79166666666666,144.79166666666666,347,2.3965467625899284,0.298705035971223,0,not_estimable_empty_event_catalogue,"background episodes, not confirmed false alarms; no primary selection",1,0.9,quantile_uncalibrated
Lamb_assembly_Bertie,availability_only,3475,3475,0,144.79166666666666,144.79166666666666,0,0.0,0.0,0,not_estimable_empty_event_catalogue,"background episodes, not confirmed false alarms; no primary selection",1,0.9,quantile_uncalibrated
Lamb_assembly_Bertie,combined,3475,3475,0,144.79166666666666,144.79166666666666,347,2.3965467625899284,0.298705035971223,0,not_estimable_empty_event_catalogue,"background episodes, not confirmed false alarms; no primary selection",1,0.9,quantile_uncalibrated
Lamb_assembly_Cesar,numerical_only,3475,3475,0,144.79166666666666,144.79166666666666,262,1.8094964028776979,0.2874820143884892,0,not_estimable_empty_event_catalogue,"background episodes, not confirmed false alarms; no primary selection",1,0.9,quantile_uncalibrated
Lamb_assembly_Cesar,availability_only,3475,3475,0,144.79166666666666,144.79166666666666,0,0.0,0.0,0,not_estimable_empty_event_catalogue,"background episodes, not confirmed false alarms; no primary selection",1,0.9,quantile_uncalibrated
Lamb_assembly_Cesar,combined,3475,3475,0,144.79166666666666,144.79166666666666,262,1.8094964028776979,0.2874820143884892,0,not_estimable_empty_event_catalogue,"background episodes, not confirmed false alarms; no primary selection",1,0.9,quantile_uncalibrated
Moose_education_Ricardo,numerical_only,3365,3365,0,140.20833333333331,140.20833333333331,172,1.2267459138187222,0.07191679049034175,0,not_estimable_empty_event_catalogue,"background episodes, not confirmed false alarms; no primary selection",1,0.9,quantile_uncalibrated
Moose_education_Ricardo,availability_only,3365,3365,0,140.20833333333331,140.20833333333331,0,0.0,0.0,0,not_estimable_empty_event_catalogue,"background episodes, not confirmed false alarms; no primary selection",1,0.9,quantile_uncalibrated
Moose_education_Ricardo,combined,3365,3365,0,140.20833333333331,140.20833333333331,172,1.2267459138187222,0.07191679049034175,0,not_estimable_empty_event_catalogue,"background episodes, not confirmed false alarms; no primary selection",1,0.9,quantile_uncalibrated
Mouse_health_Estela,numerical_only,3475,3475,0,144.79166666666666,144.79166666666666,217,1.498705035971223,0.07884892086330936,0,not_estimable_empty_event_catalogue,"background episodes, not confirmed false alarms; no primary selection",1,0.9,quantile_uncalibrated
Mouse_health_Estela,availability_only,3475,3475,0,144.79166666666666,144.79166666666666,0,0.0,0.0,0,not_estimable_empty_event_catalogue,"background episodes, not confirmed false alarms; no primary selection",1,0.9,quantile_uncalibrated
Mouse_health_Estela,combined,3475,3475,0,144.79166666666666,144.79166666666666,217,1.498705035971223,0.07884892086330936,0,not_estimable_empty_event_catalogue,"background episodes, not confirmed false alarms; no primary selection",1,0.9,quantile_uncalibrated
Mouse_health_Justin,numerical_only,3475,3475,0,144.79166666666666,144.79166666666666,378,2.6106474820143886,0.1479136690647482,0,not_estimable_empty_event_catalogue,"background episodes, not confirmed false alarms; no primary selection",1,0.9,quantile_uncalibrated
Mouse_health_Justin,availability_only,3475,3475,0,144.79166666666666,144.79166666666666,0,0.0,0.0,0,not_estimable_empty_event_catalogue,"background episodes, not confirmed false alarms; no primary selection",1,0.9,quantile_uncalibrated
Mouse_health_Justin,combined,3475,3475,0,144.79166666666666,144.79166666666666,378,2.6106474820143886,0.1479136690647482,0,not_estimable_empty_event_catalogue,"background episodes, not confirmed false alarms; no primary selection",1,0.9,quantile_uncalibrated
__pooled__,numerical_only,34640,34640,0,1443.3333333333333,1443.3333333333333,2676,1.8540415704387991,0.11994803695150115,0,not_estimable_empty_event_catalogue,"background episodes, not confirmed false alarms; no primary selection",1,0.9,cqr
__pooled__,availability_only,34640,34640,0,1443.3333333333333,1443.3333333333333,0,0.0,0.0,0,not_estimable_empty_event_catalogue,"background episodes, not confirmed false alarms; no primary selection",1,0.9,cqr
__pooled__,combined,34640,34640,0,1443.3333333333333,1443.3333333333333,2676,1.8540415704387991,0.11994803695150115,0,not_estimable_empty_event_catalogue,"background episodes, not confirmed false alarms; no primary selection",1,0.9,cqr
Eagle_assembly_Benny,numerical_only,3475,3475,0,144.79166666666666,144.79166666666666,222,1.5332374100719426,0.06935251798561151,0,not_estimable_empty_event_catalogue,"background episodes, not confirmed false alarms; no primary selection",1,0.9,cqr
Eagle_assembly_Benny,availability_only,3475,3475,0,144.79166666666666,144.79166666666666,0,0.0,0.0,0,not_estimable_empty_event_catalogue,"background episodes, not confirmed false alarms; no primary selection",1,0.9,cqr
Eagle_assembly_Benny,combined,3475,3475,0,144.79166666666666,144.79166666666666,222,1.5332374100719426,0.06935251798561151,0,not_estimable_empty_event_catalogue,"background episodes, not confirmed false alarms; no primary selection",1,0.9,cqr
Eagle_assembly_Ian,numerical_only,3475,3475,0,144.79166666666666,144.79166666666666,480,3.315107913669065,0.16402877697841728,0,not_estimable_empty_event_catalogue,"background episodes, not confirmed false alarms; no primary selection",1,0.9,cqr
Eagle_assembly_Ian,availability_only,3475,3475,0,144.79166666666666,144.79166666666666,0,0.0,0.0,0,not_estimable_empty_event_catalogue,"background episodes, not confirmed false alarms; no primary selection",1,0.9,cqr
Eagle_assembly_Ian,combined,3475,3475,0,144.79166666666666,144.79166666666666,480,3.315107913669065,0.16402877697841728,0,not_estimable_empty_event_catalogue,"background episodes, not confirmed false alarms; no primary selection",1,0.9,cqr
Fox_education_Henrietta,numerical_only,3475,3475,0,144.79166666666666,144.79166666666666,43,0.29697841726618707,0.013237410071942447,0,not_estimable_empty_event_catalogue,"background episodes, not confirmed false alarms; no primary selection",1,0.9,cqr
Fox_education_Henrietta,availability_only,3475,3475,0,144.79166666666666,144.79166666666666,0,0.0,0.0,0,not_estimable_empty_event_catalogue,"background episodes, not confirmed false alarms; no primary selection",1,0.9,cqr
Fox_education_Henrietta,combined,3475,3475,0,144.79166666666666,144.79166666666666,43,0.29697841726618707,0.013237410071942447,0,not_estimable_empty_event_catalogue,"background episodes, not confirmed false alarms; no primary selection",1,0.9,cqr
Hog_assembly_Colette,numerical_only,3475,3475,0,144.79166666666666,144.79166666666666,626,4.323453237410072,0.22330935251798562,0,not_estimable_empty_event_catalogue,"background episodes, not confirmed false alarms; no primary selection",1,0.9,cqr
Hog_assembly_Colette,availability_only,3475,3475,0,144.79166666666666,144.79166666666666,0,0.0,0.0,0,not_estimable_empty_event_catalogue,"background episodes, not confirmed false alarms; no primary selection",1,0.9,cqr
Hog_assembly_Colette,combined,3475,3475,0,144.79166666666666,144.79166666666666,626,4.323453237410072,0.22330935251798562,0,not_estimable_empty_event_catalogue,"background episodes, not confirmed false alarms; no primary selection",1,0.9,cqr
Hog_assembly_Dona,numerical_only,3475,3475,0,144.79166666666666,144.79166666666666,400,2.762589928057554,0.1320863309352518,0,not_estimable_empty_event_catalogue,"background episodes, not confirmed false alarms; no primary selection",1,0.9,cqr
Hog_assembly_Dona,availability_only,3475,3475,0,144.79166666666666,144.79166666666666,0,0.0,0.0,0,not_estimable_empty_event_catalogue,"background episodes, not confirmed false alarms; no primary selection",1,0.9,cqr
Hog_assembly_Dona,combined,3475,3475,0,144.79166666666666,144.79166666666666,400,2.762589928057554,0.1320863309352518,0,not_estimable_empty_event_catalogue,"background episodes, not confirmed false alarms; no primary selection",1,0.9,cqr
Lamb_assembly_Bertie,numerical_only,3475,3475,0,144.79166666666666,144.79166666666666,256,1.7680575539568346,0.2143884892086331,0,not_estimable_empty_event_catalogue,"background episodes, not confirmed false alarms; no primary selection",1,0.9,cqr
Lamb_assembly_Bertie,availability_only,3475,3475,0,144.79166666666666,144.79166666666666,0,0.0,0.0,0,not_estimable_empty_event_catalogue,"background episodes, not confirmed false alarms; no primary selection",1,0.9,cqr
Lamb_assembly_Bertie,combined,3475,3475,0,144.79166666666666,144.79166666666666,256,1.7680575539568346,0.2143884892086331,0,not_estimable_empty_event_catalogue,"background episodes, not confirmed false alarms; no primary selection",1,0.9,cqr
Lamb_assembly_Cesar,numerical_only,3475,3475,0,144.79166666666666,144.79166666666666,37,0.25553956834532376,0.15223021582733812,0,not_estimable_empty_event_catalogue,"background episodes, not confirmed false alarms; no primary selection",1,0.9,cqr
Lamb_assembly_Cesar,availability_only,3475,3475,0,144.79166666666666,144.79166666666666,0,0.0,0.0,0,not_estimable_empty_event_catalogue,"background episodes, not confirmed false alarms; no primary selection",1,0.9,cqr
Lamb_assembly_Cesar,combined,3475,3475,0,144.79166666666666,144.79166666666666,37,0.25553956834532376,0.15223021582733812,0,not_estimable_empty_event_catalogue,"background episodes, not confirmed false alarms; no primary selection",1,0.9,cqr
Moose_education_Ricardo,numerical_only,3365,3365,0,140.20833333333331,140.20833333333331,136,0.9699851411589897,0.049925705794948,0,not_estimable_empty_event_catalogue,"background episodes, not confirmed false alarms; no primary selection",1,0.9,cqr
Moose_education_Ricardo,availability_only,3365,3365,0,140.20833333333331,140.20833333333331,0,0.0,0.0,0,not_estimable_empty_event_catalogue,"background episodes, not confirmed false alarms; no primary selection",1,0.9,cqr
Moose_education_Ricardo,combined,3365,3365,0,140.20833333333331,140.20833333333331,136,0.9699851411589897,0.049925705794948,0,not_estimable_empty_event_catalogue,"background episodes, not confirmed false alarms; no primary selection",1,0.9,cqr
Mouse_health_Estela,numerical_only,3475,3475,0,144.79166666666666,144.79166666666666,144,0.9945323741007195,0.05093525179856115,0,not_estimable_empty_event_catalogue,"background episodes, not confirmed false alarms; no primary selection",1,0.9,cqr
Mouse_health_Estela,availability_only,3475,3475,0,144.79166666666666,144.79166666666666,0,0.0,0.0,0,not_estimable_empty_event_catalogue,"background episodes, not confirmed false alarms; no primary selection",1,0.9,cqr
Mouse_health_Estela,combined,3475,3475,0,144.79166666666666,144.79166666666666,144,0.9945323741007195,0.05093525179856115,0,not_estimable_empty_event_catalogue,"background episodes, not confirmed false alarms; no primary selection",1,0.9,cqr
Mouse_health_Justin,numerical_only,3475,3475,0,144.79166666666666,144.79166666666666,332,2.29294964028777,0.12776978417266188,0,not_estimable_empty_event_catalogue,"background episodes, not confirmed false alarms; no primary selection",1,0.9,cqr
Mouse_health_Justin,availability_only,3475,3475,0,144.79166666666666,144.79166666666666,0,0.0,0.0,0,not_estimable_empty_event_catalogue,"background episodes, not confirmed false alarms; no primary selection",1,0.9,cqr
Mouse_health_Justin,combined,3475,3475,0,144.79166666666666,144.79166666666666,332,2.29294964028777,0.12776978417266188,0,not_estimable_empty_event_catalogue,"background episodes, not confirmed false alarms; no primary selection",1,0.9,cqr
__pooled__,numerical_only,34640,34640,0,1443.3333333333333,1443.3333333333333,2282,1.5810623556581986,0.10060623556581987,0,not_estimable_empty_event_catalogue,"background episodes, not confirmed false alarms; no primary selection",1,0.9,recentred_enbpi_static
__pooled__,availability_only,34640,34640,0,1443.3333333333333,1443.3333333333333,0,0.0,0.0,0,not_estimable_empty_event_catalogue,"background episodes, not confirmed false alarms; no primary selection",1,0.9,recentred_enbpi_static
__pooled__,combined,34640,34640,0,1443.3333333333333,1443.3333333333333,2282,1.5810623556581986,0.10060623556581987,0,not_estimable_empty_event_catalogue,"background episodes, not confirmed false alarms; no primary selection",1,0.9,recentred_enbpi_static
Eagle_assembly_Benny,numerical_only,3475,3475,0,144.79166666666666,144.79166666666666,33,0.22791366906474822,0.009784172661870504,0,not_estimable_empty_event_catalogue,"background episodes, not confirmed false alarms; no primary selection",1,0.9,recentred_enbpi_static
Eagle_assembly_Benny,availability_only,3475,3475,0,144.79166666666666,144.79166666666666,0,0.0,0.0,0,not_estimable_empty_event_catalogue,"background episodes, not confirmed false alarms; no primary selection",1,0.9,recentred_enbpi_static
Eagle_assembly_Benny,combined,3475,3475,0,144.79166666666666,144.79166666666666,33,0.22791366906474822,0.009784172661870504,0,not_estimable_empty_event_catalogue,"background episodes, not confirmed false alarms; no primary selection",1,0.9,recentred_enbpi_static
Eagle_assembly_Ian,numerical_only,3475,3475,0,144.79166666666666,144.79166666666666,545,3.7640287769784173,0.26762589928057556,0,not_estimable_empty_event_catalogue,"background episodes, not confirmed false alarms; no primary selection",1,0.9,recentred_enbpi_static
Eagle_assembly_Ian,availability_only,3475,3475,0,144.79166666666666,144.79166666666666,0,0.0,0.0,0,not_estimable_empty_event_catalogue,"background episodes, not confirmed false alarms; no primary selection",1,0.9,recentred_enbpi_static
Eagle_assembly_Ian,combined,3475,3475,0,144.79166666666666,144.79166666666666,545,3.7640287769784173,0.26762589928057556,0,not_estimable_empty_event_catalogue,"background episodes, not confirmed false alarms; no primary selection",1,0.9,recentred_enbpi_static
Fox_education_Henrietta,numerical_only,3475,3475,0,144.79166666666666,144.79166666666666,0,0.0,0.0,0,not_estimable_empty_event_catalogue,"background episodes, not confirmed false alarms; no primary selection",1,0.9,recentred_enbpi_static
Fox_education_Henrietta,availability_only,3475,3475,0,144.79166666666666,144.79166666666666,0,0.0,0.0,0,not_estimable_empty_event_catalogue,"background episodes, not confirmed false alarms; no primary selection",1,0.9,recentred_enbpi_static
Fox_education_Henrietta,combined,3475,3475,0,144.79166666666666,144.79166666666666,0,0.0,0.0,0,not_estimable_empty_event_catalogue,"background episodes, not confirmed false alarms; no primary selection",1,0.9,recentred_enbpi_static
Hog_assembly_Colette,numerical_only,3475,3475,0,144.79166666666666,144.79166666666666,708,4.889784172661871,0.32719424460431656,0,not_estimable_empty_event_catalogue,"background episodes, not confirmed false alarms; no primary selection",1,0.9,recentred_enbpi_static
Hog_assembly_Colette,availability_only,3475,3475,0,144.79166666666666,144.79166666666666,0,0.0,0.0,0,not_estimable_empty_event_catalogue,"background episodes, not confirmed false alarms; no primary selection",1,0.9,recentred_enbpi_static
Hog_assembly_Colette,combined,3475,3475,0,144.79166666666666,144.79166666666666,708,4.889784172661871,0.32719424460431656,0,not_estimable_empty_event_catalogue,"background episodes, not confirmed false alarms; no primary selection",1,0.9,recentred_enbpi_static
Hog_assembly_Dona,numerical_only,3475,3475,0,144.79166666666666,144.79166666666666,530,3.6604316546762594,0.19654676258992806,0,not_estimable_empty_event_catalogue,"background episodes, not confirmed false alarms; no primary selection",1,0.9,recentred_enbpi_static
Hog_assembly_Dona,availability_only,3475,3475,0,144.79166666666666,144.79166666666666,0,0.0,0.0,0,not_estimable_empty_event_catalogue,"background episodes, not confirmed false alarms; no primary selection",1,0.9,recentred_enbpi_static
Hog_assembly_Dona,combined,3475,3475,0,144.79166666666666,144.79166666666666,530,3.6604316546762594,0.19654676258992806,0,not_estimable_empty_event_catalogue,"background episodes, not confirmed false alarms; no primary selection",1,0.9,recentred_enbpi_static
Lamb_assembly_Bertie,numerical_only,3475,3475,0,144.79166666666666,144.79166666666666,127,0.8771223021582735,0.047769784172661874,0,not_estimable_empty_event_catalogue,"background episodes, not confirmed false alarms; no primary selection",1,0.9,recentred_enbpi_static
Lamb_assembly_Bertie,availability_only,3475,3475,0,144.79166666666666,144.79166666666666,0,0.0,0.0,0,not_estimable_empty_event_catalogue,"background episodes, not confirmed false alarms; no primary selection",1,0.9,recentred_enbpi_static
Lamb_assembly_Bertie,combined,3475,3475,0,144.79166666666666,144.79166666666666,127,0.8771223021582735,0.047769784172661874,0,not_estimable_empty_event_catalogue,"background episodes, not confirmed false alarms; no primary selection",1,0.9,recentred_enbpi_static
Lamb_assembly_Cesar,numerical_only,3475,3475,0,144.79166666666666,144.79166666666666,0,0.0,0.0,0,not_estimable_empty_event_catalogue,"background episodes, not confirmed false alarms; no primary selection",1,0.9,recentred_enbpi_static
Lamb_assembly_Cesar,availability_only,3475,3475,0,144.79166666666666,144.79166666666666,0,0.0,0.0,0,not_estimable_empty_event_catalogue,"background episodes, not confirmed false alarms; no primary selection",1,0.9,recentred_enbpi_static
Lamb_assembly_Cesar,combined,3475,3475,0,144.79166666666666,144.79166666666666,0,0.0,0.0,0,not_estimable_empty_event_catalogue,"background episodes, not confirmed false alarms; no primary selection",1,0.9,recentred_enbpi_static
Moose_education_Ricardo,numerical_only,3365,3365,0,140.20833333333331,140.20833333333331,4,0.028528974739970285,0.001188707280832095,0,not_estimable_empty_event_catalogue,"background episodes, not confirmed false alarms; no primary selection",1,0.9,recentred_enbpi_static
Moose_education_Ricardo,availability_only,3365,3365,0,140.20833333333331,140.20833333333331,0,0.0,0.0,0,not_estimable_empty_event_catalogue,"background episodes, not confirmed false alarms; no primary selection",1,0.9,recentred_enbpi_static
Moose_education_Ricardo,combined,3365,3365,0,140.20833333333331,140.20833333333331,4,0.028528974739970285,0.001188707280832095,0,not_estimable_empty_event_catalogue,"background episodes, not confirmed false alarms; no primary selection",1,0.9,recentred_enbpi_static
Mouse_health_Estela,numerical_only,3475,3475,0,144.79166666666666,144.79166666666666,72,0.49726618705035974,0.025323741007194246,0,not_estimable_empty_event_catalogue,"background episodes, not confirmed false alarms; no primary selection",1,0.9,recentred_enbpi_static
Mouse_health_Estela,availability_only,3475,3475,0,144.79166666666666,144.79166666666666,0,0.0,0.0,0,not_estimable_empty_event_catalogue,"background episodes, not confirmed false alarms; no primary selection",1,0.9,recentred_enbpi_static
Mouse_health_Estela,combined,3475,3475,0,144.79166666666666,144.79166666666666,72,0.49726618705035974,0.025323741007194246,0,not_estimable_empty_event_catalogue,"background episodes, not confirmed false alarms; no primary selection",1,0.9,recentred_enbpi_static
Mouse_health_Justin,numerical_only,3475,3475,0,144.79166666666666,144.79166666666666,263,1.8164028776978418,0.12748201438848922,0,not_estimable_empty_event_catalogue,"background episodes, not confirmed false alarms; no primary selection",1,0.9,recentred_enbpi_static
Mouse_health_Justin,availability_only,3475,3475,0,144.79166666666666,144.79166666666666,0,0.0,0.0,0,not_estimable_empty_event_catalogue,"background episodes, not confirmed false alarms; no primary selection",1,0.9,recentred_enbpi_static
Mouse_health_Justin,combined,3475,3475,0,144.79166666666666,144.79166666666666,263,1.8164028776978418,0.12748201438848922,0,not_estimable_empty_event_catalogue,"background episodes, not confirmed false alarms; no primary selection",1,0.9,recentred_enbpi_static
__pooled__,numerical_only,34640,34640,0,1443.3333333333333,1443.3333333333333,2300,1.5935334872979217,0.09812355658198614,0,not_estimable_empty_event_catalogue,"background episodes, not confirmed false alarms; no primary selection",1,0.9,recentred_enbpi_updated
__pooled__,availability_only,34640,34640,0,1443.3333333333333,1443.3333333333333,0,0.0,0.0,0,not_estimable_empty_event_catalogue,"background episodes, not confirmed false alarms; no primary selection",1,0.9,recentred_enbpi_updated
__pooled__,combined,34640,34640,0,1443.3333333333333,1443.3333333333333,2300,1.5935334872979217,0.09812355658198614,0,not_estimable_empty_event_catalogue,"background episodes, not confirmed false alarms; no primary selection",1,0.9,recentred_enbpi_updated
Eagle_assembly_Benny,numerical_only,3475,3475,0,144.79166666666666,144.79166666666666,226,1.5608633093525182,0.08258992805755395,0,not_estimable_empty_event_catalogue,"background episodes, not confirmed false alarms; no primary selection",1,0.9,recentred_enbpi_updated
Eagle_assembly_Benny,availability_only,3475,3475,0,144.79166666666666,144.79166666666666,0,0.0,0.0,0,not_estimable_empty_event_catalogue,"background episodes, not confirmed false alarms; no primary selection",1,0.9,recentred_enbpi_updated
Eagle_assembly_Benny,combined,3475,3475,0,144.79166666666666,144.79166666666666,226,1.5608633093525182,0.08258992805755395,0,not_estimable_empty_event_catalogue,"background episodes, not confirmed false alarms; no primary selection",1,0.9,recentred_enbpi_updated
Eagle_assembly_Ian,numerical_only,3475,3475,0,144.79166666666666,144.79166666666666,367,2.534676258992806,0.13956834532374102,0,not_estimable_empty_event_catalogue,"background episodes, not confirmed false alarms; no primary selection",1,0.9,recentred_enbpi_updated
Eagle_assembly_Ian,availability_only,3475,3475,0,144.79166666666666,144.79166666666666,0,0.0,0.0,0,not_estimable_empty_event_catalogue,"background episodes, not confirmed false alarms; no primary selection",1,0.9,recentred_enbpi_updated
Eagle_assembly_Ian,combined,3475,3475,0,144.79166666666666,144.79166666666666,367,2.534676258992806,0.13956834532374102,0,not_estimable_empty_event_catalogue,"background episodes, not confirmed false alarms; no primary selection",1,0.9,recentred_enbpi_updated
Fox_education_Henrietta,numerical_only,3475,3475,0,144.79166666666666,144.79166666666666,198,1.3674820143884894,0.11165467625899281,0,not_estimable_empty_event_catalogue,"background episodes, not confirmed false alarms; no primary selection",1,0.9,recentred_enbpi_updated
Fox_education_Henrietta,availability_only,3475,3475,0,144.79166666666666,144.79166666666666,0,0.0,0.0,0,not_estimable_empty_event_catalogue,"background episodes, not confirmed false alarms; no primary selection",1,0.9,recentred_enbpi_updated
Fox_education_Henrietta,combined,3475,3475,0,144.79166666666666,144.79166666666666,198,1.3674820143884894,0.11165467625899281,0,not_estimable_empty_event_catalogue,"background episodes, not confirmed false alarms; no primary selection",1,0.9,recentred_enbpi_updated
Hog_assembly_Colette,numerical_only,3475,3475,0,144.79166666666666,144.79166666666666,281,1.9407194244604318,0.0958273381294964,0,not_estimable_empty_event_catalogue,"background episodes, not confirmed false alarms; no primary selection",1,0.9,recentred_enbpi_updated
Hog_assembly_Colette,availability_only,3475,3475,0,144.79166666666666,144.79166666666666,0,0.0,0.0,0,not_estimable_empty_event_catalogue,"background episodes, not confirmed false alarms; no primary selection",1,0.9,recentred_enbpi_updated
Hog_assembly_Colette,combined,3475,3475,0,144.79166666666666,144.79166666666666,281,1.9407194244604318,0.0958273381294964,0,not_estimable_empty_event_catalogue,"background episodes, not confirmed false alarms; no primary selection",1,0.9,recentred_enbpi_updated
Hog_assembly_Dona,numerical_only,3475,3475,0,144.79166666666666,144.79166666666666,300,2.0719424460431655,0.09525179856115108,0,not_estimable_empty_event_catalogue,"background episodes, not confirmed false alarms; no primary selection",1,0.9,recentred_enbpi_updated
Hog_assembly_Dona,availability_only,3475,3475,0,144.79166666666666,144.79166666666666,0,0.0,0.0,0,not_estimable_empty_event_catalogue,"background episodes, not confirmed false alarms; no primary selection",1,0.9,recentred_enbpi_updated
Hog_assembly_Dona,combined,3475,3475,0,144.79166666666666,144.79166666666666,300,2.0719424460431655,0.09525179856115108,0,not_estimable_empty_event_catalogue,"background episodes, not confirmed false alarms; no primary selection",1,0.9,recentred_enbpi_updated
Lamb_assembly_Bertie,numerical_only,3475,3475,0,144.79166666666666,144.79166666666666,191,1.3191366906474822,0.07568345323741008,0,not_estimable_empty_event_catalogue,"background episodes, not confirmed false alarms; no primary selection",1,0.9,recentred_enbpi_updated
Lamb_assembly_Bertie,availability_only,3475,3475,0,144.79166666666666,144.79166666666666,0,0.0,0.0,0,not_estimable_empty_event_catalogue,"background episodes, not confirmed false alarms; no primary selection",1,0.9,recentred_enbpi_updated
Lamb_assembly_Bertie,combined,3475,3475,0,144.79166666666666,144.79166666666666,191,1.3191366906474822,0.07568345323741008,0,not_estimable_empty_event_catalogue,"background episodes, not confirmed false alarms; no primary selection",1,0.9,recentred_enbpi_updated
Lamb_assembly_Cesar,numerical_only,3475,3475,0,144.79166666666666,144.79166666666666,169,1.1671942446043166,0.1297841726618705,0,not_estimable_empty_event_catalogue,"background episodes, not confirmed false alarms; no primary selection",1,0.9,recentred_enbpi_updated
Lamb_assembly_Cesar,availability_only,3475,3475,0,144.79166666666666,144.79166666666666,0,0.0,0.0,0,not_estimable_empty_event_catalogue,"background episodes, not confirmed false alarms; no primary selection",1,0.9,recentred_enbpi_updated
Lamb_assembly_Cesar,combined,3475,3475,0,144.79166666666666,144.79166666666666,169,1.1671942446043166,0.1297841726618705,0,not_estimable_empty_event_catalogue,"background episodes, not confirmed false alarms; no primary selection",1,0.9,recentred_enbpi_updated
Moose_education_Ricardo,numerical_only,3365,3365,0,140.20833333333331,140.20833333333331,198,1.412184249628529,0.09925705794947993,0,not_estimable_empty_event_catalogue,"background episodes, not confirmed false alarms; no primary selection",1,0.9,recentred_enbpi_updated
Moose_education_Ricardo,availability_only,3365,3365,0,140.20833333333331,140.20833333333331,0,0.0,0.0,0,not_estimable_empty_event_catalogue,"background episodes, not confirmed false alarms; no primary selection",1,0.9,recentred_enbpi_updated
Moose_education_Ricardo,combined,3365,3365,0,140.20833333333331,140.20833333333331,198,1.412184249628529,0.09925705794947993,0,not_estimable_empty_event_catalogue,"background episodes, not confirmed false alarms; no primary selection",1,0.9,recentred_enbpi_updated
Mouse_health_Estela,numerical_only,3475,3475,0,144.79166666666666,144.79166666666666,198,1.3674820143884894,0.08776978417266187,0,not_estimable_empty_event_catalogue,"background episodes, not confirmed false alarms; no primary selection",1,0.9,recentred_enbpi_updated
Mouse_health_Estela,availability_only,3475,3475,0,144.79166666666666,144.79166666666666,0,0.0,0.0,0,not_estimable_empty_event_catalogue,"background episodes, not confirmed false alarms; no primary selection",1,0.9,recentred_enbpi_updated
Mouse_health_Estela,combined,3475,3475,0,144.79166666666666,144.79166666666666,198,1.3674820143884894,0.08776978417266187,0,not_estimable_empty_event_catalogue,"background episodes, not confirmed false alarms; no primary selection",1,0.9,recentred_enbpi_updated
Mouse_health_Justin,numerical_only,3475,3475,0,144.79166666666666,144.79166666666666,172,1.1879136690647483,0.06388489208633094,0,not_estimable_empty_event_catalogue,"background episodes, not confirmed false alarms; no primary selection",1,0.9,recentred_enbpi_updated
Mouse_health_Justin,availability_only,3475,3475,0,144.79166666666666,144.79166666666666,0,0.0,0.0,0,not_estimable_empty_event_catalogue,"background episodes, not confirmed false alarms; no primary selection",1,0.9,recentred_enbpi_updated
Mouse_health_Justin,combined,3475,3475,0,144.79166666666666,144.79166666666666,172,1.1879136690647483,0.06388489208633094,0,not_estimable_empty_event_catalogue,"background episodes, not confirmed false alarms; no primary selection",1,0.9,recentred_enbpi_updated
__pooled__,numerical_only,34590,34590,0,1441.25,1441.25,2310,1.6027753686036428,0.1004047412546979,0,not_estimable_empty_event_catalogue,"background episodes, not confirmed false alarms; no primary selection",1,0.9,dscp
__pooled__,availability_only,34590,34590,0,1441.25,1441.25,0,0.0,0.0,0,not_estimable_empty_event_catalogue,"background episodes, not confirmed false alarms; no primary selection",1,0.9,dscp
__pooled__,combined,34590,34590,0,1441.25,1441.25,2310,1.6027753686036428,0.1004047412546979,0,not_estimable_empty_event_catalogue,"background episodes, not confirmed false alarms; no primary selection",1,0.9,dscp
Eagle_assembly_Benny,numerical_only,3470,3470,0,144.58333333333331,144.58333333333331,279,1.929682997118156,0.10259365994236311,0,not_estimable_empty_event_catalogue,"background episodes, not confirmed false alarms; no primary selection",1,0.9,dscp
Eagle_assembly_Benny,availability_only,3470,3470,0,144.58333333333331,144.58333333333331,0,0.0,0.0,0,not_estimable_empty_event_catalogue,"background episodes, not confirmed false alarms; no primary selection",1,0.9,dscp
Eagle_assembly_Benny,combined,3470,3470,0,144.58333333333331,144.58333333333331,279,1.929682997118156,0.10259365994236311,0,not_estimable_empty_event_catalogue,"background episodes, not confirmed false alarms; no primary selection",1,0.9,dscp
Eagle_assembly_Ian,numerical_only,3470,3470,0,144.58333333333331,144.58333333333331,516,3.568876080691643,0.22910662824207492,0,not_estimable_empty_event_catalogue,"background episodes, not confirmed false alarms; no primary selection",1,0.9,dscp
Eagle_assembly_Ian,availability_only,3470,3470,0,144.58333333333331,144.58333333333331,0,0.0,0.0,0,not_estimable_empty_event_catalogue,"background episodes, not confirmed false alarms; no primary selection",1,0.9,dscp
Eagle_assembly_Ian,combined,3470,3470,0,144.58333333333331,144.58333333333331,516,3.568876080691643,0.22910662824207492,0,not_estimable_empty_event_catalogue,"background episodes, not confirmed false alarms; no primary selection",1,0.9,dscp
Fox_education_Henrietta,numerical_only,3470,3470,0,144.58333333333331,144.58333333333331,1,0.0069164265129683005,0.00028818443804034583,0,not_estimable_empty_event_catalogue,"background episodes, not confirmed false alarms; no primary selection",1,0.9,dscp
Fox_education_Henrietta,availability_only,3470,3470,0,144.58333333333331,144.58333333333331,0,0.0,0.0,0,not_estimable_empty_event_catalogue,"background episodes, not confirmed false alarms; no primary selection",1,0.9,dscp
Fox_education_Henrietta,combined,3470,3470,0,144.58333333333331,144.58333333333331,1,0.0069164265129683005,0.00028818443804034583,0,not_estimable_empty_event_catalogue,"background episodes, not confirmed false alarms; no primary selection",1,0.9,dscp
Hog_assembly_Colette,numerical_only,3470,3470,0,144.58333333333331,144.58333333333331,604,4.1775216138328535,0.2610951008645533,0,not_estimable_empty_event_catalogue,"background episodes, not confirmed false alarms; no primary selection",1,0.9,dscp
Hog_assembly_Colette,availability_only,3470,3470,0,144.58333333333331,144.58333333333331,0,0.0,0.0,0,not_estimable_empty_event_catalogue,"background episodes, not confirmed false alarms; no primary selection",1,0.9,dscp
Hog_assembly_Colette,combined,3470,3470,0,144.58333333333331,144.58333333333331,604,4.1775216138328535,0.2610951008645533,0,not_estimable_empty_event_catalogue,"background episodes, not confirmed false alarms; no primary selection",1,0.9,dscp
Hog_assembly_Dona,numerical_only,3470,3470,0,144.58333333333331,144.58333333333331,418,2.89106628242075,0.15389048991354468,0,not_estimable_empty_event_catalogue,"background episodes, not confirmed false alarms; no primary selection",1,0.9,dscp
Hog_assembly_Dona,availability_only,3470,3470,0,144.58333333333331,144.58333333333331,0,0.0,0.0,0,not_estimable_empty_event_catalogue,"background episodes, not confirmed false alarms; no primary selection",1,0.9,dscp
Hog_assembly_Dona,combined,3470,3470,0,144.58333333333331,144.58333333333331,418,2.89106628242075,0.15389048991354468,0,not_estimable_empty_event_catalogue,"background episodes, not confirmed false alarms; no primary selection",1,0.9,dscp
Lamb_assembly_Bertie,numerical_only,3470,3470,0,144.58333333333331,144.58333333333331,381,2.6351585014409227,0.20922190201729107,0,not_estimable_empty_event_catalogue,"background episodes, not confirmed false alarms; no primary selection",1,0.9,dscp
Lamb_assembly_Bertie,availability_only,3470,3470,0,144.58333333333331,144.58333333333331,0,0.0,0.0,0,not_estimable_empty_event_catalogue,"background episodes, not confirmed false alarms; no primary selection",1,0.9,dscp
Lamb_assembly_Bertie,combined,3470,3470,0,144.58333333333331,144.58333333333331,381,2.6351585014409227,0.20922190201729107,0,not_estimable_empty_event_catalogue,"background episodes, not confirmed false alarms; no primary selection",1,0.9,dscp
Lamb_assembly_Cesar,numerical_only,3470,3470,0,144.58333333333331,144.58333333333331,4,0.027665706051873202,0.0011527377521613833,0,not_estimable_empty_event_catalogue,"background episodes, not confirmed false alarms; no primary selection",1,0.9,dscp
Lamb_assembly_Cesar,availability_only,3470,3470,0,144.58333333333331,144.58333333333331,0,0.0,0.0,0,not_estimable_empty_event_catalogue,"background episodes, not confirmed false alarms; no primary selection",1,0.9,dscp
Lamb_assembly_Cesar,combined,3470,3470,0,144.58333333333331,144.58333333333331,4,0.027665706051873202,0.0011527377521613833,0,not_estimable_empty_event_catalogue,"background episodes, not confirmed false alarms; no primary selection",1,0.9,dscp
Moose_education_Ricardo,numerical_only,3360,3360,0,140.0,140.0,4,0.02857142857142857,0.0011904761904761906,0,not_estimable_empty_event_catalogue,"background episodes, not confirmed false alarms; no primary selection",1,0.9,dscp
Moose_education_Ricardo,availability_only,3360,3360,0,140.0,140.0,0,0.0,0.0,0,not_estimable_empty_event_catalogue,"background episodes, not confirmed false alarms; no primary selection",1,0.9,dscp
Moose_education_Ricardo,combined,3360,3360,0,140.0,140.0,4,0.02857142857142857,0.0011904761904761906,0,not_estimable_empty_event_catalogue,"background episodes, not confirmed false alarms; no primary selection",1,0.9,dscp
Mouse_health_Estela,numerical_only,3470,3470,0,144.58333333333331,144.58333333333331,25,0.17291066282420753,0.010086455331412104,0,not_estimable_empty_event_catalogue,"background episodes, not confirmed false alarms; no primary selection",1,0.9,dscp
Mouse_health_Estela,availability_only,3470,3470,0,144.58333333333331,144.58333333333331,0,0.0,0.0,0,not_estimable_empty_event_catalogue,"background episodes, not confirmed false alarms; no primary selection",1,0.9,dscp
Mouse_health_Estela,combined,3470,3470,0,144.58333333333331,144.58333333333331,25,0.17291066282420753,0.010086455331412104,0,not_estimable_empty_event_catalogue,"background episodes, not confirmed false alarms; no primary selection",1,0.9,dscp
Mouse_health_Justin,numerical_only,3470,3470,0,144.58333333333331,144.58333333333331,78,0.5394812680115274,0.03227665706051873,0,not_estimable_empty_event_catalogue,"background episodes, not confirmed false alarms; no primary selection",1,0.9,dscp
Mouse_health_Justin,availability_only,3470,3470,0,144.58333333333331,144.58333333333331,0,0.0,0.0,0,not_estimable_empty_event_catalogue,"background episodes, not confirmed false alarms; no primary selection",1,0.9,dscp
Mouse_health_Justin,combined,3470,3470,0,144.58333333333331,144.58333333333331,78,0.5394812680115274,0.03227665706051873,0,not_estimable_empty_event_catalogue,"background episodes, not confirmed false alarms; no primary selection",1,0.9,dscp
__pooled__,numerical_only,34640,34640,0,1443.3333333333333,1443.3333333333333,2326,1.6115473441108545,0.1140877598152425,0,not_estimable_empty_event_catalogue,"background episodes, not confirmed false alarms; no primary selection",1,0.95,quantile_uncalibrated
__pooled__,availability_only,34640,34640,0,1443.3333333333333,1443.3333333333333,0,0.0,0.0,0,not_estimable_empty_event_catalogue,"background episodes, not confirmed false alarms; no primary selection",1,0.95,quantile_uncalibrated
__pooled__,combined,34640,34640,0,1443.3333333333333,1443.3333333333333,2326,1.6115473441108545,0.1140877598152425,0,not_estimable_empty_event_catalogue,"background episodes, not confirmed false alarms; no primary selection",1,0.95,quantile_uncalibrated
Eagle_assembly_Benny,numerical_only,3475,3475,0,144.79166666666666,144.79166666666666,215,1.4848920863309354,0.07884892086330936,0,not_estimable_empty_event_catalogue,"background episodes, not confirmed false alarms; no primary selection",1,0.95,quantile_uncalibrated
Eagle_assembly_Benny,availability_only,3475,3475,0,144.79166666666666,144.79166666666666,0,0.0,0.0,0,not_estimable_empty_event_catalogue,"background episodes, not confirmed false alarms; no primary selection",1,0.95,quantile_uncalibrated
Eagle_assembly_Benny,combined,3475,3475,0,144.79166666666666,144.79166666666666,215,1.4848920863309354,0.07884892086330936,0,not_estimable_empty_event_catalogue,"background episodes, not confirmed false alarms; no primary selection",1,0.95,quantile_uncalibrated
Eagle_assembly_Ian,numerical_only,3475,3475,0,144.79166666666666,144.79166666666666,357,2.465611510791367,0.1162589928057554,0,not_estimable_empty_event_catalogue,"background episodes, not confirmed false alarms; no primary selection",1,0.95,quantile_uncalibrated
Eagle_assembly_Ian,availability_only,3475,3475,0,144.79166666666666,144.79166666666666,0,0.0,0.0,0,not_estimable_empty_event_catalogue,"background episodes, not confirmed false alarms; no primary selection",1,0.95,quantile_uncalibrated
Eagle_assembly_Ian,combined,3475,3475,0,144.79166666666666,144.79166666666666,357,2.465611510791367,0.1162589928057554,0,not_estimable_empty_event_catalogue,"background episodes, not confirmed false alarms; no primary selection",1,0.95,quantile_uncalibrated
Fox_education_Henrietta,numerical_only,3475,3475,0,144.79166666666666,144.79166666666666,166,1.146474820143885,0.05755395683453238,0,not_estimable_empty_event_catalogue,"background episodes, not confirmed false alarms; no primary selection",1,0.95,quantile_uncalibrated
Fox_education_Henrietta,availability_only,3475,3475,0,144.79166666666666,144.79166666666666,0,0.0,0.0,0,not_estimable_empty_event_catalogue,"background episodes, not confirmed false alarms; no primary selection",1,0.95,quantile_uncalibrated
Fox_education_Henrietta,combined,3475,3475,0,144.79166666666666,144.79166666666666,166,1.146474820143885,0.05755395683453238,0,not_estimable_empty_event_catalogue,"background episodes, not confirmed false alarms; no primary selection",1,0.95,quantile_uncalibrated
Hog_assembly_Colette,numerical_only,3475,3475,0,144.79166666666666,144.79166666666666,525,3.6258992805755397,0.17007194244604318,0,not_estimable_empty_event_catalogue,"background episodes, not confirmed false alarms; no primary selection",1,0.95,quantile_uncalibrated
Hog_assembly_Colette,availability_only,3475,3475,0,144.79166666666666,144.79166666666666,0,0.0,0.0,0,not_estimable_empty_event_catalogue,"background episodes, not confirmed false alarms; no primary selection",1,0.95,quantile_uncalibrated
Hog_assembly_Colette,combined,3475,3475,0,144.79166666666666,144.79166666666666,525,3.6258992805755397,0.17007194244604318,0,not_estimable_empty_event_catalogue,"background episodes, not confirmed false alarms; no primary selection",1,0.95,quantile_uncalibrated
Hog_assembly_Dona,numerical_only,3475,3475,0,144.79166666666666,144.79166666666666,288,1.989064748201439,0.0920863309352518,0,not_estimable_empty_event_catalogue,"background episodes, not confirmed false alarms; no primary selection",1,0.95,quantile_uncalibrated
Hog_assembly_Dona,availability_only,3475,3475,0,144.79166666666666,144.79166666666666,0,0.0,0.0,0,not_estimable_empty_event_catalogue,"background episodes, not confirmed false alarms; no primary selection",1,0.95,quantile_uncalibrated
Hog_assembly_Dona,combined,3475,3475,0,144.79166666666666,144.79166666666666,288,1.989064748201439,0.0920863309352518,0,not_estimable_empty_event_catalogue,"background episodes, not confirmed false alarms; no primary selection",1,0.95,quantile_uncalibrated
Lamb_assembly_Bertie,numerical_only,3475,3475,0,144.79166666666666,144.79166666666666,226,1.5608633093525182,0.2316546762589928,0,not_estimable_empty_event_catalogue,"background episodes, not confirmed false alarms; no primary selection",1,0.95,quantile_uncalibrated
Lamb_assembly_Bertie,availability_only,3475,3475,0,144.79166666666666,144.79166666666666,0,0.0,0.0,0,not_estimable_empty_event_catalogue,"background episodes, not confirmed false alarms; no primary selection",1,0.95,quantile_uncalibrated
Lamb_assembly_Bertie,combined,3475,3475,0,144.79166666666666,144.79166666666666,226,1.5608633093525182,0.2316546762589928,0,not_estimable_empty_event_catalogue,"background episodes, not confirmed false alarms; no primary selection",1,0.95,quantile_uncalibrated
Lamb_assembly_Cesar,numerical_only,3475,3475,0,144.79166666666666,144.79166666666666,131,0.9047482014388489,0.23913669064748203,0,not_estimable_empty_event_catalogue,"background episodes, not confirmed false alarms; no primary selection",1,0.95,quantile_uncalibrated
Lamb_assembly_Cesar,availability_only,3475,3475,0,144.79166666666666,144.79166666666666,0,0.0,0.0,0,not_estimable_empty_event_catalogue,"background episodes, not confirmed false alarms; no primary selection",1,0.95,quantile_uncalibrated
Lamb_assembly_Cesar,combined,3475,3475,0,144.79166666666666,144.79166666666666,131,0.9047482014388489,0.23913669064748203,0,not_estimable_empty_event_catalogue,"background episodes, not confirmed false alarms; no primary selection",1,0.95,quantile_uncalibrated
Moose_education_Ricardo,numerical_only,3365,3365,0,140.20833333333331,140.20833333333331,122,0.8701337295690937,0.04606240713224369,0,not_estimable_empty_event_catalogue,"background episodes, not confirmed false alarms; no primary selection",1,0.95,quantile_uncalibrated
Moose_education_Ricardo,availability_only,3365,3365,0,140.20833333333331,140.20833333333331,0,0.0,0.0,0,not_estimable_empty_event_catalogue,"background episodes, not confirmed false alarms; no primary selection",1,0.95,quantile_uncalibrated
Moose_education_Ricardo,combined,3365,3365,0,140.20833333333331,140.20833333333331,122,0.8701337295690937,0.04606240713224369,0,not_estimable_empty_event_catalogue,"background episodes, not confirmed false alarms; no primary selection",1,0.95,quantile_uncalibrated
Mouse_health_Estela,numerical_only,3475,3475,0,144.79166666666666,144.79166666666666,84,0.5801438848920863,0.029928057553956836,0,not_estimable_empty_event_catalogue,"background episodes, not confirmed false alarms; no primary selection",1,0.95,quantile_uncalibrated
Mouse_health_Estela,availability_only,3475,3475,0,144.79166666666666,144.79166666666666,0,0.0,0.0,0,not_estimable_empty_event_catalogue,"background episodes, not confirmed false alarms; no primary selection",1,0.95,quantile_uncalibrated
Mouse_health_Estela,combined,3475,3475,0,144.79166666666666,144.79166666666666,84,0.5801438848920863,0.029928057553956836,0,not_estimable_empty_event_catalogue,"background episodes, not confirmed false alarms; no primary selection",1,0.95,quantile_uncalibrated
Mouse_health_Justin,numerical_only,3475,3475,0,144.79166666666666,144.79166666666666,212,1.4641726618705038,0.07712230215827338,0,not_estimable_empty_event_catalogue,"background episodes, not confirmed false alarms; no primary selection",1,0.95,quantile_uncalibrated
Mouse_health_Justin,availability_only,3475,3475,0,144.79166666666666,144.79166666666666,0,0.0,0.0,0,not_estimable_empty_event_catalogue,"background episodes, not confirmed false alarms; no primary selection",1,0.95,quantile_uncalibrated
Mouse_health_Justin,combined,3475,3475,0,144.79166666666666,144.79166666666666,212,1.4641726618705038,0.07712230215827338,0,not_estimable_empty_event_catalogue,"background episodes, not confirmed false alarms; no primary selection",1,0.95,quantile_uncalibrated
__pooled__,numerical_only,34640,34640,0,1443.3333333333333,1443.3333333333333,1547,1.0718244803695152,0.05002886836027714,0,not_estimable_empty_event_catalogue,"background episodes, not confirmed false alarms; no primary selection",1,0.95,cqr
__pooled__,availability_only,34640,34640,0,1443.3333333333333,1443.3333333333333,0,0.0,0.0,0,not_estimable_empty_event_catalogue,"background episodes, not confirmed false alarms; no primary selection",1,0.95,cqr
__pooled__,combined,34640,34640,0,1443.3333333333333,1443.3333333333333,1547,1.0718244803695152,0.05002886836027714,0,not_estimable_empty_event_catalogue,"background episodes, not confirmed false alarms; no primary selection",1,0.95,cqr
Eagle_assembly_Benny,numerical_only,3475,3475,0,144.79166666666666,144.79166666666666,100,0.6906474820143885,0.02964028776978417,0,not_estimable_empty_event_catalogue,"background episodes, not confirmed false alarms; no primary selection",1,0.95,cqr
Eagle_assembly_Benny,availability_only,3475,3475,0,144.79166666666666,144.79166666666666,0,0.0,0.0,0,not_estimable_empty_event_catalogue,"background episodes, not confirmed false alarms; no primary selection",1,0.95,cqr
Eagle_assembly_Benny,combined,3475,3475,0,144.79166666666666,144.79166666666666,100,0.6906474820143885,0.02964028776978417,0,not_estimable_empty_event_catalogue,"background episodes, not confirmed false alarms; no primary selection",1,0.95,cqr
Eagle_assembly_Ian,numerical_only,3475,3475,0,144.79166666666666,144.79166666666666,322,2.223884892086331,0.10244604316546763,0,not_estimable_empty_event_catalogue,"background episodes, not confirmed false alarms; no primary selection",1,0.95,cqr
Eagle_assembly_Ian,availability_only,3475,3475,0,144.79166666666666,144.79166666666666,0,0.0,0.0,0,not_estimable_empty_event_catalogue,"background episodes, not confirmed false alarms; no primary selection",1,0.95,cqr
Eagle_assembly_Ian,combined,3475,3475,0,144.79166666666666,144.79166666666666,322,2.223884892086331,0.10244604316546763,0,not_estimable_empty_event_catalogue,"background episodes, not confirmed false alarms; no primary selection",1,0.95,cqr
Fox_education_Henrietta,numerical_only,3475,3475,0,144.79166666666666,144.79166666666666,10,0.06906474820143885,0.0028776978417266188,0,not_estimable_empty_event_catalogue,"background episodes, not confirmed false alarms; no primary selection",1,0.95,cqr
Fox_education_Henrietta,availability_only,3475,3475,0,144.79166666666666,144.79166666666666,0,0.0,0.0,0,not_estimable_empty_event_catalogue,"background episodes, not confirmed false alarms; no primary selection",1,0.95,cqr
Fox_education_Henrietta,combined,3475,3475,0,144.79166666666666,144.79166666666666,10,0.06906474820143885,0.0028776978417266188,0,not_estimable_empty_event_catalogue,"background episodes, not confirmed false alarms; no primary selection",1,0.95,cqr
Hog_assembly_Colette,numerical_only,3475,3475,0,144.79166666666666,144.79166666666666,463,3.197697841726619,0.14618705035971222,0,not_estimable_empty_event_catalogue,"background episodes, not confirmed false alarms; no primary selection",1,0.95,cqr
Hog_assembly_Colette,availability_only,3475,3475,0,144.79166666666666,144.79166666666666,0,0.0,0.0,0,not_estimable_empty_event_catalogue,"background episodes, not confirmed false alarms; no primary selection",1,0.95,cqr
Hog_assembly_Colette,combined,3475,3475,0,144.79166666666666,144.79166666666666,463,3.197697841726619,0.14618705035971222,0,not_estimable_empty_event_catalogue,"background episodes, not confirmed false alarms; no primary selection",1,0.95,cqr
Hog_assembly_Dona,numerical_only,3475,3475,0,144.79166666666666,144.79166666666666,234,1.616115107913669,0.07309352517985611,0,not_estimable_empty_event_catalogue,"background episodes, not confirmed false alarms; no primary selection",1,0.95,cqr
Hog_assembly_Dona,availability_only,3475,3475,0,144.79166666666666,144.79166666666666,0,0.0,0.0,0,not_estimable_empty_event_catalogue,"background episodes, not confirmed false alarms; no primary selection",1,0.95,cqr
Hog_assembly_Dona,combined,3475,3475,0,144.79166666666666,144.79166666666666,234,1.616115107913669,0.07309352517985611,0,not_estimable_empty_event_catalogue,"background episodes, not confirmed false alarms; no primary selection",1,0.95,cqr
Lamb_assembly_Bertie,numerical_only,3475,3475,0,144.79166666666666,144.79166666666666,128,0.8840287769784173,0.04460431654676259,0,not_estimable_empty_event_catalogue,"background episodes, not confirmed false alarms; no primary selection",1,0.95,cqr
Lamb_assembly_Bertie,availability_only,3475,3475,0,144.79166666666666,144.79166666666666,0,0.0,0.0,0,not_estimable_empty_event_catalogue,"background episodes, not confirmed false alarms; no primary selection",1,0.95,cqr
Lamb_assembly_Bertie,combined,3475,3475,0,144.79166666666666,144.79166666666666,128,0.8840287769784173,0.04460431654676259,0,not_estimable_empty_event_catalogue,"background episodes, not confirmed false alarms; no primary selection",1,0.95,cqr
Lamb_assembly_Cesar,numerical_only,3475,3475,0,144.79166666666666,144.79166666666666,9,0.06215827338129497,0.0031654676258992807,0,not_estimable_empty_event_catalogue,"background episodes, not confirmed false alarms; no primary selection",1,0.95,cqr
Lamb_assembly_Cesar,availability_only,3475,3475,0,144.79166666666666,144.79166666666666,0,0.0,0.0,0,not_estimable_empty_event_catalogue,"background episodes, not confirmed false alarms; no primary selection",1,0.95,cqr
Lamb_assembly_Cesar,combined,3475,3475,0,144.79166666666666,144.79166666666666,9,0.06215827338129497,0.0031654676258992807,0,not_estimable_empty_event_catalogue,"background episodes, not confirmed false alarms; no primary selection",1,0.95,cqr
Moose_education_Ricardo,numerical_only,3365,3365,0,140.20833333333331,140.20833333333331,67,0.4778603268945023,0.02050520059435364,0,not_estimable_empty_event_catalogue,"background episodes, not confirmed false alarms; no primary selection",1,0.95,cqr
Moose_education_Ricardo,availability_only,3365,3365,0,140.20833333333331,140.20833333333331,0,0.0,0.0,0,not_estimable_empty_event_catalogue,"background episodes, not confirmed false alarms; no primary selection",1,0.95,cqr
Moose_education_Ricardo,combined,3365,3365,0,140.20833333333331,140.20833333333331,67,0.4778603268945023,0.02050520059435364,0,not_estimable_empty_event_catalogue,"background episodes, not confirmed false alarms; no primary selection",1,0.95,cqr
Mouse_health_Estela,numerical_only,3475,3475,0,144.79166666666666,144.79166666666666,54,0.37294964028776983,0.018992805755395685,0,not_estimable_empty_event_catalogue,"background episodes, not confirmed false alarms; no primary selection",1,0.95,cqr
Mouse_health_Estela,availability_only,3475,3475,0,144.79166666666666,144.79166666666666,0,0.0,0.0,0,not_estimable_empty_event_catalogue,"background episodes, not confirmed false alarms; no primary selection",1,0.95,cqr
Mouse_health_Estela,combined,3475,3475,0,144.79166666666666,144.79166666666666,54,0.37294964028776983,0.018992805755395685,0,not_estimable_empty_event_catalogue,"background episodes, not confirmed false alarms; no primary selection",1,0.95,cqr
Mouse_health_Justin,numerical_only,3475,3475,0,144.79166666666666,144.79166666666666,160,1.1050359712230216,0.057841726618705035,0,not_estimable_empty_event_catalogue,"background episodes, not confirmed false alarms; no primary selection",1,0.95,cqr
Mouse_health_Justin,availability_only,3475,3475,0,144.79166666666666,144.79166666666666,0,0.0,0.0,0,not_estimable_empty_event_catalogue,"background episodes, not confirmed false alarms; no primary selection",1,0.95,cqr
Mouse_health_Justin,combined,3475,3475,0,144.79166666666666,144.79166666666666,160,1.1050359712230216,0.057841726618705035,0,not_estimable_empty_event_catalogue,"background episodes, not confirmed false alarms; no primary selection",1,0.95,cqr
__pooled__,numerical_only,34640,34640,0,1443.3333333333333,1443.3333333333333,1395,0.966512702078522,0.0538972286374134,0,not_estimable_empty_event_catalogue,"background episodes, not confirmed false alarms; no primary selection",1,0.95,recentred_enbpi_static
__pooled__,availability_only,34640,34640,0,1443.3333333333333,1443.3333333333333,0,0.0,0.0,0,not_estimable_empty_event_catalogue,"background episodes, not confirmed false alarms; no primary selection",1,0.95,recentred_enbpi_static
__pooled__,combined,34640,34640,0,1443.3333333333333,1443.3333333333333,1395,0.966512702078522,0.0538972286374134,0,not_estimable_empty_event_catalogue,"background episodes, not confirmed false alarms; no primary selection",1,0.95,recentred_enbpi_static
Eagle_assembly_Benny,numerical_only,3475,3475,0,144.79166666666666,144.79166666666666,5,0.034532374100719423,0.0017266187050359713,0,not_estimable_empty_event_catalogue,"background episodes, not confirmed false alarms; no primary selection",1,0.95,recentred_enbpi_static
Eagle_assembly_Benny,availability_only,3475,3475,0,144.79166666666666,144.79166666666666,0,0.0,0.0,0,not_estimable_empty_event_catalogue,"background episodes, not confirmed false alarms; no primary selection",1,0.95,recentred_enbpi_static
Eagle_assembly_Benny,combined,3475,3475,0,144.79166666666666,144.79166666666666,5,0.034532374100719423,0.0017266187050359713,0,not_estimable_empty_event_catalogue,"background episodes, not confirmed false alarms; no primary selection",1,0.95,recentred_enbpi_static
Eagle_assembly_Ian,numerical_only,3475,3475,0,144.79166666666666,144.79166666666666,429,2.962877697841727,0.18532374100719423,0,not_estimable_empty_event_catalogue,"background episodes, not confirmed false alarms; no primary selection",1,0.95,recentred_enbpi_static
Eagle_assembly_Ian,availability_only,3475,3475,0,144.79166666666666,144.79166666666666,0,0.0,0.0,0,not_estimable_empty_event_catalogue,"background episodes, not confirmed false alarms; no primary selection",1,0.95,recentred_enbpi_static
Eagle_assembly_Ian,combined,3475,3475,0,144.79166666666666,144.79166666666666,429,2.962877697841727,0.18532374100719423,0,not_estimable_empty_event_catalogue,"background episodes, not confirmed false alarms; no primary selection",1,0.95,recentred_enbpi_static
Fox_education_Henrietta,numerical_only,3475,3475,0,144.79166666666666,144.79166666666666,0,0.0,0.0,0,not_estimable_empty_event_catalogue,"background episodes, not confirmed false alarms; no primary selection",1,0.95,recentred_enbpi_static
Fox_education_Henrietta,availability_only,3475,3475,0,144.79166666666666,144.79166666666666,0,0.0,0.0,0,not_estimable_empty_event_catalogue,"background episodes, not confirmed false alarms; no primary selection",1,0.95,recentred_enbpi_static
Fox_education_Henrietta,combined,3475,3475,0,144.79166666666666,144.79166666666666,0,0.0,0.0,0,not_estimable_empty_event_catalogue,"background episodes, not confirmed false alarms; no primary selection",1,0.95,recentred_enbpi_static
Hog_assembly_Colette,numerical_only,3475,3475,0,144.79166666666666,144.79166666666666,494,3.4117985611510795,0.18676258992805755,0,not_estimable_empty_event_catalogue,"background episodes, not confirmed false alarms; no primary selection",1,0.95,recentred_enbpi_static
Hog_assembly_Colette,availability_only,3475,3475,0,144.79166666666666,144.79166666666666,0,0.0,0.0,0,not_estimable_empty_event_catalogue,"background episodes, not confirmed false alarms; no primary selection",1,0.95,recentred_enbpi_static
Hog_assembly_Colette,combined,3475,3475,0,144.79166666666666,144.79166666666666,494,3.4117985611510795,0.18676258992805755,0,not_estimable_empty_event_catalogue,"background episodes, not confirmed false alarms; no primary selection",1,0.95,recentred_enbpi_static
Hog_assembly_Dona,numerical_only,3475,3475,0,144.79166666666666,144.79166666666666,248,1.7128057553956835,0.07942446043165467,0,not_estimable_empty_event_catalogue,"background episodes, not confirmed false alarms; no primary selection",1,0.95,recentred_enbpi_static
Hog_assembly_Dona,availability_only,3475,3475,0,144.79166666666666,144.79166666666666,0,0.0,0.0,0,not_estimable_empty_event_catalogue,"background episodes, not confirmed false alarms; no primary selection",1,0.95,recentred_enbpi_static
Hog_assembly_Dona,combined,3475,3475,0,144.79166666666666,144.79166666666666,248,1.7128057553956835,0.07942446043165467,0,not_estimable_empty_event_catalogue,"background episodes, not confirmed false alarms; no primary selection",1,0.95,recentred_enbpi_static
Lamb_assembly_Bertie,numerical_only,3475,3475,0,144.79166666666666,144.79166666666666,60,0.41438848920863314,0.019568345323741007,0,not_estimable_empty_event_catalogue,"background episodes, not confirmed false alarms; no primary selection",1,0.95,recentred_enbpi_static
Lamb_assembly_Bertie,availability_only,3475,3475,0,144.79166666666666,144.79166666666666,0,0.0,0.0,0,not_estimable_empty_event_catalogue,"background episodes, not confirmed false alarms; no primary selection",1,0.95,recentred_enbpi_static
Lamb_assembly_Bertie,combined,3475,3475,0,144.79166666666666,144.79166666666666,60,0.41438848920863314,0.019568345323741007,0,not_estimable_empty_event_catalogue,"background episodes, not confirmed false alarms; no primary selection",1,0.95,recentred_enbpi_static
Lamb_assembly_Cesar,numerical_only,3475,3475,0,144.79166666666666,144.79166666666666,0,0.0,0.0,0,not_estimable_empty_event_catalogue,"background episodes, not confirmed false alarms; no primary selection",1,0.95,recentred_enbpi_static
Lamb_assembly_Cesar,availability_only,3475,3475,0,144.79166666666666,144.79166666666666,0,0.0,0.0,0,not_estimable_empty_event_catalogue,"background episodes, not confirmed false alarms; no primary selection",1,0.95,recentred_enbpi_static
Lamb_assembly_Cesar,combined,3475,3475,0,144.79166666666666,144.79166666666666,0,0.0,0.0,0,not_estimable_empty_event_catalogue,"background episodes, not confirmed false alarms; no primary selection",1,0.95,recentred_enbpi_static
Moose_education_Ricardo,numerical_only,3365,3365,0,140.20833333333331,140.20833333333331,2,0.014264487369985143,0.0005943536404160475,0,not_estimable_empty_event_catalogue,"background episodes, not confirmed false alarms; no primary selection",1,0.95,recentred_enbpi_static
Moose_education_Ricardo,availability_only,3365,3365,0,140.20833333333331,140.20833333333331,0,0.0,0.0,0,not_estimable_empty_event_catalogue,"background episodes, not confirmed false alarms; no primary selection",1,0.95,recentred_enbpi_static
Moose_education_Ricardo,combined,3365,3365,0,140.20833333333331,140.20833333333331,2,0.014264487369985143,0.0005943536404160475,0,not_estimable_empty_event_catalogue,"background episodes, not confirmed false alarms; no primary selection",1,0.95,recentred_enbpi_static
Mouse_health_Estela,numerical_only,3475,3475,0,144.79166666666666,144.79166666666666,32,0.22100719424460433,0.010935251798561151,0,not_estimable_empty_event_catalogue,"background episodes, not confirmed false alarms; no primary selection",1,0.95,recentred_enbpi_static
Mouse_health_Estela,availability_only,3475,3475,0,144.79166666666666,144.79166666666666,0,0.0,0.0,0,not_estimable_empty_event_catalogue,"background episodes, not confirmed false alarms; no primary selection",1,0.95,recentred_enbpi_static
Mouse_health_Estela,combined,3475,3475,0,144.79166666666666,144.79166666666666,32,0.22100719424460433,0.010935251798561151,0,not_estimable_empty_event_catalogue,"background episodes, not confirmed false alarms; no primary selection",1,0.95,recentred_enbpi_static
Mouse_health_Justin,numerical_only,3475,3475,0,144.79166666666666,144.79166666666666,125,0.8633093525179857,0.052949640287769786,0,not_estimable_empty_event_catalogue,"background episodes, not confirmed false alarms; no primary selection",1,0.95,recentred_enbpi_static
Mouse_health_Justin,availability_only,3475,3475,0,144.79166666666666,144.79166666666666,0,0.0,0.0,0,not_estimable_empty_event_catalogue,"background episodes, not confirmed false alarms; no primary selection",1,0.95,recentred_enbpi_static
Mouse_health_Justin,combined,3475,3475,0,144.79166666666666,144.79166666666666,125,0.8633093525179857,0.052949640287769786,0,not_estimable_empty_event_catalogue,"background episodes, not confirmed false alarms; no primary selection",1,0.95,recentred_enbpi_static
__pooled__,numerical_only,34640,34640,0,1443.3333333333333,1443.3333333333333,1326,0.9187066974595843,0.04930715935334873,0,not_estimable_empty_event_catalogue,"background episodes, not confirmed false alarms; no primary selection",1,0.95,recentred_enbpi_updated
__pooled__,availability_only,34640,34640,0,1443.3333333333333,1443.3333333333333,0,0.0,0.0,0,not_estimable_empty_event_catalogue,"background episodes, not confirmed false alarms; no primary selection",1,0.95,recentred_enbpi_updated
__pooled__,combined,34640,34640,0,1443.3333333333333,1443.3333333333333,1326,0.9187066974595843,0.04930715935334873,0,not_estimable_empty_event_catalogue,"background episodes, not confirmed false alarms; no primary selection",1,0.95,recentred_enbpi_updated
Eagle_assembly_Benny,numerical_only,3475,3475,0,144.79166666666666,144.79166666666666,133,0.9185611510791367,0.04316546762589928,0,not_estimable_empty_event_catalogue,"background episodes, not confirmed false alarms; no primary selection",1,0.95,recentred_enbpi_updated
Eagle_assembly_Benny,availability_only,3475,3475,0,144.79166666666666,144.79166666666666,0,0.0,0.0,0,not_estimable_empty_event_catalogue,"background episodes, not confirmed false alarms; no primary selection",1,0.95,recentred_enbpi_updated
Eagle_assembly_Benny,combined,3475,3475,0,144.79166666666666,144.79166666666666,133,0.9185611510791367,0.04316546762589928,0,not_estimable_empty_event_catalogue,"background episodes, not confirmed false alarms; no primary selection",1,0.95,recentred_enbpi_updated
Eagle_assembly_Ian,numerical_only,3475,3475,0,144.79166666666666,144.79166666666666,224,1.5470503597122303,0.07482014388489208,0,not_estimable_empty_event_catalogue,"background episodes, not confirmed false alarms; no primary selection",1,0.95,recentred_enbpi_updated
Eagle_assembly_Ian,availability_only,3475,3475,0,144.79166666666666,144.79166666666666,0,0.0,0.0,0,not_estimable_empty_event_catalogue,"background episodes, not confirmed false alarms; no primary selection",1,0.95,recentred_enbpi_updated
Eagle_assembly_Ian,combined,3475,3475,0,144.79166666666666,144.79166666666666,224,1.5470503597122303,0.07482014388489208,0,not_estimable_empty_event_catalogue,"background episodes, not confirmed false alarms; no primary selection",1,0.95,recentred_enbpi_updated
Fox_education_Henrietta,numerical_only,3475,3475,0,144.79166666666666,144.79166666666666,132,0.9116546762589929,0.06014388489208633,0,not_estimable_empty_event_catalogue,"background episodes, not confirmed false alarms; no primary selection",1,0.95,recentred_enbpi_updated
Fox_education_Henrietta,availability_only,3475,3475,0,144.79166666666666,144.79166666666666,0,0.0,0.0,0,not_estimable_empty_event_catalogue,"background episodes, not confirmed false alarms; no primary selection",1,0.95,recentred_enbpi_updated
Fox_education_Henrietta,combined,3475,3475,0,144.79166666666666,144.79166666666666,132,0.9116546762589929,0.06014388489208633,0,not_estimable_empty_event_catalogue,"background episodes, not confirmed false alarms; no primary selection",1,0.95,recentred_enbpi_updated
Hog_assembly_Colette,numerical_only,3475,3475,0,144.79166666666666,144.79166666666666,128,0.8840287769784173,0.04287769784172662,0,not_estimable_empty_event_catalogue,"background episodes, not confirmed false alarms; no primary selection",1,0.95,recentred_enbpi_updated
Hog_assembly_Colette,availability_only,3475,3475,0,144.79166666666666,144.79166666666666,0,0.0,0.0,0,not_estimable_empty_event_catalogue,"background episodes, not confirmed false alarms; no primary selection",1,0.95,recentred_enbpi_updated
Hog_assembly_Colette,combined,3475,3475,0,144.79166666666666,144.79166666666666,128,0.8840287769784173,0.04287769784172662,0,not_estimable_empty_event_catalogue,"background episodes, not confirmed false alarms; no primary selection",1,0.95,recentred_enbpi_updated
Hog_assembly_Dona,numerical_only,3475,3475,0,144.79166666666666,144.79166666666666,162,1.1188489208633094,0.05064748201438849,0,not_estimable_empty_event_catalogue,"background episodes, not confirmed false alarms; no primary selection",1,0.95,recentred_enbpi_updated
Hog_assembly_Dona,availability_only,3475,3475,0,144.79166666666666,144.79166666666666,0,0.0,0.0,0,not_estimable_empty_event_catalogue,"background episodes, not confirmed false alarms; no primary selection",1,0.95,recentred_enbpi_updated
Hog_assembly_Dona,combined,3475,3475,0,144.79166666666666,144.79166666666666,162,1.1188489208633094,0.05064748201438849,0,not_estimable_empty_event_catalogue,"background episodes, not confirmed false alarms; no primary selection",1,0.95,recentred_enbpi_updated
Lamb_assembly_Bertie,numerical_only,3475,3475,0,144.79166666666666,144.79166666666666,93,0.6423021582733813,0.02964028776978417,0,not_estimable_empty_event_catalogue,"background episodes, not confirmed false alarms; no primary selection",1,0.95,recentred_enbpi_updated
Lamb_assembly_Bertie,availability_only,3475,3475,0,144.79166666666666,144.79166666666666,0,0.0,0.0,0,not_estimable_empty_event_catalogue,"background episodes, not confirmed false alarms; no primary selection",1,0.95,recentred_enbpi_updated
Lamb_assembly_Bertie,combined,3475,3475,0,144.79166666666666,144.79166666666666,93,0.6423021582733813,0.02964028776978417,0,not_estimable_empty_event_catalogue,"background episodes, not confirmed false alarms; no primary selection",1,0.95,recentred_enbpi_updated
Lamb_assembly_Cesar,numerical_only,3475,3475,0,144.79166666666666,144.79166666666666,130,0.8978417266187051,0.06964028776978418,0,not_estimable_empty_event_catalogue,"background episodes, not confirmed false alarms; no primary selection",1,0.95,recentred_enbpi_updated
Lamb_assembly_Cesar,availability_only,3475,3475,0,144.79166666666666,144.79166666666666,0,0.0,0.0,0,not_estimable_empty_event_catalogue,"background episodes, not confirmed false alarms; no primary selection",1,0.95,recentred_enbpi_updated
Lamb_assembly_Cesar,combined,3475,3475,0,144.79166666666666,144.79166666666666,130,0.8978417266187051,0.06964028776978418,0,not_estimable_empty_event_catalogue,"background episodes, not confirmed false alarms; no primary selection",1,0.95,recentred_enbpi_updated
Moose_education_Ricardo,numerical_only,3365,3365,0,140.20833333333331,140.20833333333331,134,0.9557206537890046,0.05111441307578009,0,not_estimable_empty_event_catalogue,"background episodes, not confirmed false alarms; no primary selection",1,0.95,recentred_enbpi_updated
Moose_education_Ricardo,availability_only,3365,3365,0,140.20833333333331,140.20833333333331,0,0.0,0.0,0,not_estimable_empty_event_catalogue,"background episodes, not confirmed false alarms; no primary selection",1,0.95,recentred_enbpi_updated
Moose_education_Ricardo,combined,3365,3365,0,140.20833333333331,140.20833333333331,134,0.9557206537890046,0.05111441307578009,0,not_estimable_empty_event_catalogue,"background episodes, not confirmed false alarms; no primary selection",1,0.95,recentred_enbpi_updated
Mouse_health_Estela,numerical_only,3475,3475,0,144.79166666666666,144.79166666666666,124,0.8564028776978417,0.045179856115107914,0,not_estimable_empty_event_catalogue,"background episodes, not confirmed false alarms; no primary selection",1,0.95,recentred_enbpi_updated
Mouse_health_Estela,availability_only,3475,3475,0,144.79166666666666,144.79166666666666,0,0.0,0.0,0,not_estimable_empty_event_catalogue,"background episodes, not confirmed false alarms; no primary selection",1,0.95,recentred_enbpi_updated
Mouse_health_Estela,combined,3475,3475,0,144.79166666666666,144.79166666666666,124,0.8564028776978417,0.045179856115107914,0,not_estimable_empty_event_catalogue,"background episodes, not confirmed false alarms; no primary selection",1,0.95,recentred_enbpi_updated
Mouse_health_Justin,numerical_only,3475,3475,0,144.79166666666666,144.79166666666666,66,0.45582733812949644,0.025899280575539568,0,not_estimable_empty_event_catalogue,"background episodes, not confirmed false alarms; no primary selection",1,0.95,recentred_enbpi_updated
Mouse_health_Justin,availability_only,3475,3475,0,144.79166666666666,144.79166666666666,0,0.0,0.0,0,not_estimable_empty_event_catalogue,"background episodes, not confirmed false alarms; no primary selection",1,0.95,recentred_enbpi_updated
Mouse_health_Justin,combined,3475,3475,0,144.79166666666666,144.79166666666666,66,0.45582733812949644,0.025899280575539568,0,not_estimable_empty_event_catalogue,"background episodes, not confirmed false alarms; no primary selection",1,0.95,recentred_enbpi_updated
__pooled__,numerical_only,34590,34590,0,1441.25,1441.25,1407,0.9762359063313096,0.053714946516334204,0,not_estimable_empty_event_catalogue,"background episodes, not confirmed false alarms; no primary selection",1,0.95,dscp
__pooled__,availability_only,34590,34590,0,1441.25,1441.25,0,0.0,0.0,0,not_estimable_empty_event_catalogue,"background episodes, not confirmed false alarms; no primary selection",1,0.95,dscp
__pooled__,combined,34590,34590,0,1441.25,1441.25,1407,0.9762359063313096,0.053714946516334204,0,not_estimable_empty_event_catalogue,"background episodes, not confirmed false alarms; no primary selection",1,0.95,dscp
Eagle_assembly_Benny,numerical_only,3470,3470,0,144.58333333333331,144.58333333333331,96,0.6639769452449569,0.030835734870317003,0,not_estimable_empty_event_catalogue,"background episodes, not confirmed false alarms; no primary selection",1,0.95,dscp
Eagle_assembly_Benny,availability_only,3470,3470,0,144.58333333333331,144.58333333333331,0,0.0,0.0,0,not_estimable_empty_event_catalogue,"background episodes, not confirmed false alarms; no primary selection",1,0.95,dscp
Eagle_assembly_Benny,combined,3470,3470,0,144.58333333333331,144.58333333333331,96,0.6639769452449569,0.030835734870317003,0,not_estimable_empty_event_catalogue,"background episodes, not confirmed false alarms; no primary selection",1,0.95,dscp
Eagle_assembly_Ian,numerical_only,3470,3470,0,144.58333333333331,144.58333333333331,424,2.9325648414985594,0.15590778097982708,0,not_estimable_empty_event_catalogue,"background episodes, not confirmed false alarms; no primary selection",1,0.95,dscp
Eagle_assembly_Ian,availability_only,3470,3470,0,144.58333333333331,144.58333333333331,0,0.0,0.0,0,not_estimable_empty_event_catalogue,"background episodes, not confirmed false alarms; no primary selection",1,0.95,dscp
Eagle_assembly_Ian,combined,3470,3470,0,144.58333333333331,144.58333333333331,424,2.9325648414985594,0.15590778097982708,0,not_estimable_empty_event_catalogue,"background episodes, not confirmed false alarms; no primary selection",1,0.95,dscp
Fox_education_Henrietta,numerical_only,3470,3470,0,144.58333333333331,144.58333333333331,0,0.0,0.0,0,not_estimable_empty_event_catalogue,"background episodes, not confirmed false alarms; no primary selection",1,0.95,dscp
Fox_education_Henrietta,availability_only,3470,3470,0,144.58333333333331,144.58333333333331,0,0.0,0.0,0,not_estimable_empty_event_catalogue,"background episodes, not confirmed false alarms; no primary selection",1,0.95,dscp
Fox_education_Henrietta,combined,3470,3470,0,144.58333333333331,144.58333333333331,0,0.0,0.0,0,not_estimable_empty_event_catalogue,"background episodes, not confirmed false alarms; no primary selection",1,0.95,dscp
Hog_assembly_Colette,numerical_only,3470,3470,0,144.58333333333331,144.58333333333331,417,2.8841498559077814,0.15648414985590778,0,not_estimable_empty_event_catalogue,"background episodes, not confirmed false alarms; no primary selection",1,0.95,dscp
Hog_assembly_Colette,availability_only,3470,3470,0,144.58333333333331,144.58333333333331,0,0.0,0.0,0,not_estimable_empty_event_catalogue,"background episodes, not confirmed false alarms; no primary selection",1,0.95,dscp
Hog_assembly_Colette,combined,3470,3470,0,144.58333333333331,144.58333333333331,417,2.8841498559077814,0.15648414985590778,0,not_estimable_empty_event_catalogue,"background episodes, not confirmed false alarms; no primary selection",1,0.95,dscp
Hog_assembly_Dona,numerical_only,3470,3470,0,144.58333333333331,144.58333333333331,191,1.3210374639769453,0.060806916426512966,0,not_estimable_empty_event_catalogue,"background episodes, not confirmed false alarms; no primary selection",1,0.95,dscp
Hog_assembly_Dona,availability_only,3470,3470,0,144.58333333333331,144.58333333333331,0,0.0,0.0,0,not_estimable_empty_event_catalogue,"background episodes, not confirmed false alarms; no primary selection",1,0.95,dscp
Hog_assembly_Dona,combined,3470,3470,0,144.58333333333331,144.58333333333331,191,1.3210374639769453,0.060806916426512966,0,not_estimable_empty_event_catalogue,"background episodes, not confirmed false alarms; no primary selection",1,0.95,dscp
Lamb_assembly_Bertie,numerical_only,3470,3470,0,144.58333333333331,144.58333333333331,245,1.6945244956772336,0.11296829971181556,0,not_estimable_empty_event_catalogue,"background episodes, not confirmed false alarms; no primary selection",1,0.95,dscp
Lamb_assembly_Bertie,availability_only,3470,3470,0,144.58333333333331,144.58333333333331,0,0.0,0.0,0,not_estimable_empty_event_catalogue,"background episodes, not confirmed false alarms; no primary selection",1,0.95,dscp
Lamb_assembly_Bertie,combined,3470,3470,0,144.58333333333331,144.58333333333331,245,1.6945244956772336,0.11296829971181556,0,not_estimable_empty_event_catalogue,"background episodes, not confirmed false alarms; no primary selection",1,0.95,dscp
Lamb_assembly_Cesar,numerical_only,3470,3470,0,144.58333333333331,144.58333333333331,0,0.0,0.0,0,not_estimable_empty_event_catalogue,"background episodes, not confirmed false alarms; no primary selection",1,0.95,dscp
Lamb_assembly_Cesar,availability_only,3470,3470,0,144.58333333333331,144.58333333333331,0,0.0,0.0,0,not_estimable_empty_event_catalogue,"background episodes, not confirmed false alarms; no primary selection",1,0.95,dscp
Lamb_assembly_Cesar,combined,3470,3470,0,144.58333333333331,144.58333333333331,0,0.0,0.0,0,not_estimable_empty_event_catalogue,"background episodes, not confirmed false alarms; no primary selection",1,0.95,dscp
Moose_education_Ricardo,numerical_only,3360,3360,0,140.0,140.0,1,0.007142857142857143,0.00029761904761904765,0,not_estimable_empty_event_catalogue,"background episodes, not confirmed false alarms; no primary selection",1,0.95,dscp
Moose_education_Ricardo,availability_only,3360,3360,0,140.0,140.0,0,0.0,0.0,0,not_estimable_empty_event_catalogue,"background episodes, not confirmed false alarms; no primary selection",1,0.95,dscp
Moose_education_Ricardo,combined,3360,3360,0,140.0,140.0,1,0.007142857142857143,0.00029761904761904765,0,not_estimable_empty_event_catalogue,"background episodes, not confirmed false alarms; no primary selection",1,0.95,dscp
Mouse_health_Estela,numerical_only,3470,3470,0,144.58333333333331,144.58333333333331,9,0.06224783861671471,0.004034582132564841,0,not_estimable_empty_event_catalogue,"background episodes, not confirmed false alarms; no primary selection",1,0.95,dscp
Mouse_health_Estela,availability_only,3470,3470,0,144.58333333333331,144.58333333333331,0,0.0,0.0,0,not_estimable_empty_event_catalogue,"background episodes, not confirmed false alarms; no primary selection",1,0.95,dscp
Mouse_health_Estela,combined,3470,3470,0,144.58333333333331,144.58333333333331,9,0.06224783861671471,0.004034582132564841,0,not_estimable_empty_event_catalogue,"background episodes, not confirmed false alarms; no primary selection",1,0.95,dscp
Mouse_health_Justin,numerical_only,3470,3470,0,144.58333333333331,144.58333333333331,24,0.16599423631123922,0.014121037463976945,0,not_estimable_empty_event_catalogue,"background episodes, not confirmed false alarms; no primary selection",1,0.95,dscp
Mouse_health_Justin,availability_only,3470,3470,0,144.58333333333331,144.58333333333331,0,0.0,0.0,0,not_estimable_empty_event_catalogue,"background episodes, not confirmed false alarms; no primary selection",1,0.95,dscp
Mouse_health_Justin,combined,3470,3470,0,144.58333333333331,144.58333333333331,24,0.16599423631123922,0.014121037463976945,0,not_estimable_empty_event_catalogue,"background episodes, not confirmed false alarms; no primary selection",1,0.95,dscp
__pooled__,numerical_only,34640,34640,0,1443.3333333333333,1443.3333333333333,2655,1.8394919168591224,0.18348729792147805,0,not_estimable_empty_event_catalogue,"background episodes, not confirmed false alarms; no primary selection",3,0.9,quantile_uncalibrated
__pooled__,availability_only,34640,34640,0,1443.3333333333333,1443.3333333333333,0,0.0,0.0,0,not_estimable_empty_event_catalogue,"background episodes, not confirmed false alarms; no primary selection",3,0.9,quantile_uncalibrated
__pooled__,combined,34640,34640,0,1443.3333333333333,1443.3333333333333,2655,1.8394919168591224,0.18348729792147805,0,not_estimable_empty_event_catalogue,"background episodes, not confirmed false alarms; no primary selection",3,0.9,quantile_uncalibrated
Eagle_assembly_Benny,numerical_only,3475,3475,0,144.79166666666666,144.79166666666666,270,1.864748201438849,0.13323741007194245,0,not_estimable_empty_event_catalogue,"background episodes, not confirmed false alarms; no primary selection",3,0.9,quantile_uncalibrated
Eagle_assembly_Benny,availability_only,3475,3475,0,144.79166666666666,144.79166666666666,0,0.0,0.0,0,not_estimable_empty_event_catalogue,"background episodes, not confirmed false alarms; no primary selection",3,0.9,quantile_uncalibrated
Eagle_assembly_Benny,combined,3475,3475,0,144.79166666666666,144.79166666666666,270,1.864748201438849,0.13323741007194245,0,not_estimable_empty_event_catalogue,"background episodes, not confirmed false alarms; no primary selection",3,0.9,quantile_uncalibrated
Eagle_assembly_Ian,numerical_only,3475,3475,0,144.79166666666666,144.79166666666666,363,2.5070503597122302,0.2279136690647482,0,not_estimable_empty_event_catalogue,"background episodes, not confirmed false alarms; no primary selection",3,0.9,quantile_uncalibrated
Eagle_assembly_Ian,availability_only,3475,3475,0,144.79166666666666,144.79166666666666,0,0.0,0.0,0,not_estimable_empty_event_catalogue,"background episodes, not confirmed false alarms; no primary selection",3,0.9,quantile_uncalibrated
Eagle_assembly_Ian,combined,3475,3475,0,144.79166666666666,144.79166666666666,363,2.5070503597122302,0.2279136690647482,0,not_estimable_empty_event_catalogue,"background episodes, not confirmed false alarms; no primary selection",3,0.9,quantile_uncalibrated
Fox_education_Henrietta,numerical_only,3475,3475,0,144.79166666666666,144.79166666666666,273,1.8854676258992806,0.1925179856115108,0,not_estimable_empty_event_catalogue,"background episodes, not confirmed false alarms; no primary selection",3,0.9,quantile_uncalibrated
Fox_education_Henrietta,availability_only,3475,3475,0,144.79166666666666,144.79166666666666,0,0.0,0.0,0,not_estimable_empty_event_catalogue,"background episodes, not confirmed false alarms; no primary selection",3,0.9,quantile_uncalibrated
Fox_education_Henrietta,combined,3475,3475,0,144.79166666666666,144.79166666666666,273,1.8854676258992806,0.1925179856115108,0,not_estimable_empty_event_catalogue,"background episodes, not confirmed false alarms; no primary selection",3,0.9,quantile_uncalibrated
Hog_assembly_Colette,numerical_only,3475,3475,0,144.79166666666666,144.79166666666666,460,3.1769784172661875,0.20863309352517986,0,not_estimable_empty_event_catalogue,"background episodes, not confirmed false alarms; no primary selection",3,0.9,quantile_uncalibrated
Hog_assembly_Colette,availability_only,3475,3475,0,144.79166666666666,144.79166666666666,0,0.0,0.0,0,not_estimable_empty_event_catalogue,"background episodes, not confirmed false alarms; no primary selection",3,0.9,quantile_uncalibrated
Hog_assembly_Colette,combined,3475,3475,0,144.79166666666666,144.79166666666666,460,3.1769784172661875,0.20863309352517986,0,not_estimable_empty_event_catalogue,"background episodes, not confirmed false alarms; no primary selection",3,0.9,quantile_uncalibrated
Hog_assembly_Dona,numerical_only,3475,3475,0,144.79166666666666,144.79166666666666,294,2.030503597122302,0.10848920863309353,0,not_estimable_empty_event_catalogue,"background episodes, not confirmed false alarms; no primary selection",3,0.9,quantile_uncalibrated
Hog_assembly_Dona,availability_only,3475,3475,0,144.79166666666666,144.79166666666666,0,0.0,0.0,0,not_estimable_empty_event_catalogue,"background episodes, not confirmed false alarms; no primary selection",3,0.9,quantile_uncalibrated
Hog_assembly_Dona,combined,3475,3475,0,144.79166666666666,144.79166666666666,294,2.030503597122302,0.10848920863309353,0,not_estimable_empty_event_catalogue,"background episodes, not confirmed false alarms; no primary selection",3,0.9,quantile_uncalibrated
Lamb_assembly_Bertie,numerical_only,3475,3475,0,144.79166666666666,144.79166666666666,235,1.623021582733813,0.33410071942446046,0,not_estimable_empty_event_catalogue,"background episodes, not confirmed false alarms; no primary selection",3,0.9,quantile_uncalibrated
Lamb_assembly_Bertie,availability_only,3475,3475,0,144.79166666666666,144.79166666666666,0,0.0,0.0,0,not_estimable_empty_event_catalogue,"background episodes, not confirmed false alarms; no primary selection",3,0.9,quantile_uncalibrated
Lamb_assembly_Bertie,combined,3475,3475,0,144.79166666666666,144.79166666666666,235,1.623021582733813,0.33410071942446046,0,not_estimable_empty_event_catalogue,"background episodes, not confirmed false alarms; no primary selection",3,0.9,quantile_uncalibrated
Lamb_assembly_Cesar,numerical_only,3475,3475,0,144.79166666666666,144.79166666666666,223,1.5401438848920865,0.319136690647482,0,not_estimable_empty_event_catalogue,"background episodes, not confirmed false alarms; no primary selection",3,0.9,quantile_uncalibrated
Lamb_assembly_Cesar,availability_only,3475,3475,0,144.79166666666666,144.79166666666666,0,0.0,0.0,0,not_estimable_empty_event_catalogue,"background episodes, not confirmed false alarms; no primary selection",3,0.9,quantile_uncalibrated
Lamb_assembly_Cesar,combined,3475,3475,0,144.79166666666666,144.79166666666666,223,1.5401438848920865,0.319136690647482,0,not_estimable_empty_event_catalogue,"background episodes, not confirmed false alarms; no primary selection",3,0.9,quantile_uncalibrated
Moose_education_Ricardo,numerical_only,3365,3365,0,140.20833333333331,140.20833333333331,127,0.9057949479940566,0.07429420505200594,0,not_estimable_empty_event_catalogue,"background episodes, not confirmed false alarms; no primary selection",3,0.9,quantile_uncalibrated
Moose_education_Ricardo,availability_only,3365,3365,0,140.20833333333331,140.20833333333331,0,0.0,0.0,0,not_estimable_empty_event_catalogue,"background episodes, not confirmed false alarms; no primary selection",3,0.9,quantile_uncalibrated
Moose_education_Ricardo,combined,3365,3365,0,140.20833333333331,140.20833333333331,127,0.9057949479940566,0.07429420505200594,0,not_estimable_empty_event_catalogue,"background episodes, not confirmed false alarms; no primary selection",3,0.9,quantile_uncalibrated
Mouse_health_Estela,numerical_only,3475,3475,0,144.79166666666666,144.79166666666666,147,1.015251798561151,0.07136690647482015,0,not_estimable_empty_event_catalogue,"background episodes, not confirmed false alarms; no primary selection",3,0.9,quantile_uncalibrated
Mouse_health_Estela,availability_only,3475,3475,0,144.79166666666666,144.79166666666666,0,0.0,0.0,0,not_estimable_empty_event_catalogue,"background episodes, not confirmed false alarms; no primary selection",3,0.9,quantile_uncalibrated
Mouse_health_Estela,combined,3475,3475,0,144.79166666666666,144.79166666666666,147,1.015251798561151,0.07136690647482015,0,not_estimable_empty_event_catalogue,"background episodes, not confirmed false alarms; no primary selection",3,0.9,quantile_uncalibrated
Mouse_health_Justin,numerical_only,3475,3475,0,144.79166666666666,144.79166666666666,263,1.8164028776978418,0.16172661870503596,0,not_estimable_empty_event_catalogue,"background episodes, not confirmed false alarms; no primary selection",3,0.9,quantile_uncalibrated
Mouse_health_Justin,availability_only,3475,3475,0,144.79166666666666,144.79166666666666,0,0.0,0.0,0,not_estimable_empty_event_catalogue,"background episodes, not confirmed false alarms; no primary selection",3,0.9,quantile_uncalibrated
Mouse_health_Justin,combined,3475,3475,0,144.79166666666666,144.79166666666666,263,1.8164028776978418,0.16172661870503596,0,not_estimable_empty_event_catalogue,"background episodes, not confirmed false alarms; no primary selection",3,0.9,quantile_uncalibrated
__pooled__,numerical_only,34640,34640,0,1443.3333333333333,1443.3333333333333,1835,1.2713625866050808,0.1305715935334873,0,not_estimable_empty_event_catalogue,"background episodes, not confirmed false alarms; no primary selection",3,0.9,cqr
__pooled__,availability_only,34640,34640,0,1443.3333333333333,1443.3333333333333,0,0.0,0.0,0,not_estimable_empty_event_catalogue,"background episodes, not confirmed false alarms; no primary selection",3,0.9,cqr
__pooled__,combined,34640,34640,0,1443.3333333333333,1443.3333333333333,1835,1.2713625866050808,0.1305715935334873,0,not_estimable_empty_event_catalogue,"background episodes, not confirmed false alarms; no primary selection",3,0.9,cqr
Eagle_assembly_Benny,numerical_only,3475,3475,0,144.79166666666666,144.79166666666666,173,1.1948201438848922,0.07194244604316546,0,not_estimable_empty_event_catalogue,"background episodes, not confirmed false alarms; no primary selection",3,0.9,cqr
Eagle_assembly_Benny,availability_only,3475,3475,0,144.79166666666666,144.79166666666666,0,0.0,0.0,0,not_estimable_empty_event_catalogue,"background episodes, not confirmed false alarms; no primary selection",3,0.9,cqr
Eagle_assembly_Benny,combined,3475,3475,0,144.79166666666666,144.79166666666666,173,1.1948201438848922,0.07194244604316546,0,not_estimable_empty_event_catalogue,"background episodes, not confirmed false alarms; no primary selection",3,0.9,cqr
Eagle_assembly_Ian,numerical_only,3475,3475,0,144.79166666666666,144.79166666666666,340,2.348201438848921,0.21093525179856115,0,not_estimable_empty_event_catalogue,"background episodes, not confirmed false alarms; no primary selection",3,0.9,cqr
Eagle_assembly_Ian,availability_only,3475,3475,0,144.79166666666666,144.79166666666666,0,0.0,0.0,0,not_estimable_empty_event_catalogue,"background episodes, not confirmed false alarms; no primary selection",3,0.9,cqr
Eagle_assembly_Ian,combined,3475,3475,0,144.79166666666666,144.79166666666666,340,2.348201438848921,0.21093525179856115,0,not_estimable_empty_event_catalogue,"background episodes, not confirmed false alarms; no primary selection",3,0.9,cqr
Fox_education_Henrietta,numerical_only,3475,3475,0,144.79166666666666,144.79166666666666,32,0.22100719424460433,0.01553956834532374,0,not_estimable_empty_event_catalogue,"background episodes, not confirmed false alarms; no primary selection",3,0.9,cqr
Fox_education_Henrietta,availability_only,3475,3475,0,144.79166666666666,144.79166666666666,0,0.0,0.0,0,not_estimable_empty_event_catalogue,"background episodes, not confirmed false alarms; no primary selection",3,0.9,cqr
Fox_education_Henrietta,combined,3475,3475,0,144.79166666666666,144.79166666666666,32,0.22100719424460433,0.01553956834532374,0,not_estimable_empty_event_catalogue,"background episodes, not confirmed false alarms; no primary selection",3,0.9,cqr
Hog_assembly_Colette,numerical_only,3475,3475,0,144.79166666666666,144.79166666666666,425,2.9352517985611515,0.19194244604316546,0,not_estimable_empty_event_catalogue,"background episodes, not confirmed false alarms; no primary selection",3,0.9,cqr
Hog_assembly_Colette,availability_only,3475,3475,0,144.79166666666666,144.79166666666666,0,0.0,0.0,0,not_estimable_empty_event_catalogue,"background episodes, not confirmed false alarms; no primary selection",3,0.9,cqr
Hog_assembly_Colette,combined,3475,3475,0,144.79166666666666,144.79166666666666,425,2.9352517985611515,0.19194244604316546,0,not_estimable_empty_event_catalogue,"background episodes, not confirmed false alarms; no primary selection",3,0.9,cqr
Hog_assembly_Dona,numerical_only,3475,3475,0,144.79166666666666,144.79166666666666,255,1.7611510791366907,0.09294964028776978,0,not_estimable_empty_event_catalogue,"background episodes, not confirmed false alarms; no primary selection",3,0.9,cqr
Hog_assembly_Dona,availability_only,3475,3475,0,144.79166666666666,144.79166666666666,0,0.0,0.0,0,not_estimable_empty_event_catalogue,"background episodes, not confirmed false alarms; no primary selection",3,0.9,cqr
Hog_assembly_Dona,combined,3475,3475,0,144.79166666666666,144.79166666666666,255,1.7611510791366907,0.09294964028776978,0,not_estimable_empty_event_catalogue,"background episodes, not confirmed false alarms; no primary selection",3,0.9,cqr
Lamb_assembly_Bertie,numerical_only,3475,3475,0,144.79166666666666,144.79166666666666,162,1.1188489208633094,0.2762589928057554,0,not_estimable_empty_event_catalogue,"background episodes, not confirmed false alarms; no primary selection",3,0.9,cqr
Lamb_assembly_Bertie,availability_only,3475,3475,0,144.79166666666666,144.79166666666666,0,0.0,0.0,0,not_estimable_empty_event_catalogue,"background episodes, not confirmed false alarms; no primary selection",3,0.9,cqr
Lamb_assembly_Bertie,combined,3475,3475,0,144.79166666666666,144.79166666666666,162,1.1188489208633094,0.2762589928057554,0,not_estimable_empty_event_catalogue,"background episodes, not confirmed false alarms; no primary selection",3,0.9,cqr
Lamb_assembly_Cesar,numerical_only,3475,3475,0,144.79166666666666,144.79166666666666,22,0.15194244604316548,0.21007194244604316,0,not_estimable_empty_event_catalogue,"background episodes, not confirmed false alarms; no primary selection",3,0.9,cqr
Lamb_assembly_Cesar,availability_only,3475,3475,0,144.79166666666666,144.79166666666666,0,0.0,0.0,0,not_estimable_empty_event_catalogue,"background episodes, not confirmed false alarms; no primary selection",3,0.9,cqr
Lamb_assembly_Cesar,combined,3475,3475,0,144.79166666666666,144.79166666666666,22,0.15194244604316548,0.21007194244604316,0,not_estimable_empty_event_catalogue,"background episodes, not confirmed false alarms; no primary selection",3,0.9,cqr
Moose_education_Ricardo,numerical_only,3365,3365,0,140.20833333333331,140.20833333333331,85,0.6062407132243686,0.04517087667161961,0,not_estimable_empty_event_catalogue,"background episodes, not confirmed false alarms; no primary selection",3,0.9,cqr
Moose_education_Ricardo,availability_only,3365,3365,0,140.20833333333331,140.20833333333331,0,0.0,0.0,0,not_estimable_empty_event_catalogue,"background episodes, not confirmed false alarms; no primary selection",3,0.9,cqr
Moose_education_Ricardo,combined,3365,3365,0,140.20833333333331,140.20833333333331,85,0.6062407132243686,0.04517087667161961,0,not_estimable_empty_event_catalogue,"background episodes, not confirmed false alarms; no primary selection",3,0.9,cqr
Mouse_health_Estela,numerical_only,3475,3475,0,144.79166666666666,144.79166666666666,101,0.6975539568345325,0.04949640287769784,0,not_estimable_empty_event_catalogue,"background episodes, not confirmed false alarms; no primary selection",3,0.9,cqr
Mouse_health_Estela,availability_only,3475,3475,0,144.79166666666666,144.79166666666666,0,0.0,0.0,0,not_estimable_empty_event_catalogue,"background episodes, not confirmed false alarms; no primary selection",3,0.9,cqr
Mouse_health_Estela,combined,3475,3475,0,144.79166666666666,144.79166666666666,101,0.6975539568345325,0.04949640287769784,0,not_estimable_empty_event_catalogue,"background episodes, not confirmed false alarms; no primary selection",3,0.9,cqr
Mouse_health_Justin,numerical_only,3475,3475,0,144.79166666666666,144.79166666666666,240,1.6575539568345325,0.13870503597122302,0,not_estimable_empty_event_catalogue,"background episodes, not confirmed false alarms; no primary selection",3,0.9,cqr
Mouse_health_Justin,availability_only,3475,3475,0,144.79166666666666,144.79166666666666,0,0.0,0.0,0,not_estimable_empty_event_catalogue,"background episodes, not confirmed false alarms; no primary selection",3,0.9,cqr
Mouse_health_Justin,combined,3475,3475,0,144.79166666666666,144.79166666666666,240,1.6575539568345325,0.13870503597122302,0,not_estimable_empty_event_catalogue,"background episodes, not confirmed false alarms; no primary selection",3,0.9,cqr
__pooled__,numerical_only,34640,34640,0,1443.3333333333333,1443.3333333333333,1444,1.0004618937644343,0.09480369515011547,0,not_estimable_empty_event_catalogue,"background episodes, not confirmed false alarms; no primary selection",3,0.9,recentred_enbpi_static
__pooled__,availability_only,34640,34640,0,1443.3333333333333,1443.3333333333333,0,0.0,0.0,0,not_estimable_empty_event_catalogue,"background episodes, not confirmed false alarms; no primary selection",3,0.9,recentred_enbpi_static
__pooled__,combined,34640,34640,0,1443.3333333333333,1443.3333333333333,1444,1.0004618937644343,0.09480369515011547,0,not_estimable_empty_event_catalogue,"background episodes, not confirmed false alarms; no primary selection",3,0.9,recentred_enbpi_static
Eagle_assembly_Benny,numerical_only,3475,3475,0,144.79166666666666,144.79166666666666,3,0.020719424460431655,0.0008633093525179857,0,not_estimable_empty_event_catalogue,"background episodes, not confirmed false alarms; no primary selection",3,0.9,recentred_enbpi_static
Eagle_assembly_Benny,availability_only,3475,3475,0,144.79166666666666,144.79166666666666,0,0.0,0.0,0,not_estimable_empty_event_catalogue,"background episodes, not confirmed false alarms; no primary selection",3,0.9,recentred_enbpi_static
Eagle_assembly_Benny,combined,3475,3475,0,144.79166666666666,144.79166666666666,3,0.020719424460431655,0.0008633093525179857,0,not_estimable_empty_event_catalogue,"background episodes, not confirmed false alarms; no primary selection",3,0.9,recentred_enbpi_static
Eagle_assembly_Ian,numerical_only,3475,3475,0,144.79166666666666,144.79166666666666,428,2.955971223021583,0.39568345323741005,0,not_estimable_empty_event_catalogue,"background episodes, not confirmed false alarms; no primary selection",3,0.9,recentred_enbpi_static
Eagle_assembly_Ian,availability_only,3475,3475,0,144.79166666666666,144.79166666666666,0,0.0,0.0,0,not_estimable_empty_event_catalogue,"background episodes, not confirmed false alarms; no primary selection",3,0.9,recentred_enbpi_static
Eagle_assembly_Ian,combined,3475,3475,0,144.79166666666666,144.79166666666666,428,2.955971223021583,0.39568345323741005,0,not_estimable_empty_event_catalogue,"background episodes, not confirmed false alarms; no primary selection",3,0.9,recentred_enbpi_static
Fox_education_Henrietta,numerical_only,3475,3475,0,144.79166666666666,144.79166666666666,0,0.0,0.0,0,not_estimable_empty_event_catalogue,"background episodes, not confirmed false alarms; no primary selection",3,0.9,recentred_enbpi_static
Fox_education_Henrietta,availability_only,3475,3475,0,144.79166666666666,144.79166666666666,0,0.0,0.0,0,not_estimable_empty_event_catalogue,"background episodes, not confirmed false alarms; no primary selection",3,0.9,recentred_enbpi_static
Fox_education_Henrietta,combined,3475,3475,0,144.79166666666666,144.79166666666666,0,0.0,0.0,0,not_estimable_empty_event_catalogue,"background episodes, not confirmed false alarms; no primary selection",3,0.9,recentred_enbpi_static
Hog_assembly_Colette,numerical_only,3475,3475,0,144.79166666666666,144.79166666666666,436,3.011223021582734,0.23424460431654676,0,not_estimable_empty_event_catalogue,"background episodes, not confirmed false alarms; no primary selection",3,0.9,recentred_enbpi_static
Hog_assembly_Colette,availability_only,3475,3475,0,144.79166666666666,144.79166666666666,0,0.0,0.0,0,not_estimable_empty_event_catalogue,"background episodes, not confirmed false alarms; no primary selection",3,0.9,recentred_enbpi_static
Hog_assembly_Colette,combined,3475,3475,0,144.79166666666666,144.79166666666666,436,3.011223021582734,0.23424460431654676,0,not_estimable_empty_event_catalogue,"background episodes, not confirmed false alarms; no primary selection",3,0.9,recentred_enbpi_static
Hog_assembly_Dona,numerical_only,3475,3475,0,144.79166666666666,144.79166666666666,285,1.9683453237410073,0.11568345323741007,0,not_estimable_empty_event_catalogue,"background episodes, not confirmed false alarms; no primary selection",3,0.9,recentred_enbpi_static
Hog_assembly_Dona,availability_only,3475,3475,0,144.79166666666666,144.79166666666666,0,0.0,0.0,0,not_estimable_empty_event_catalogue,"background episodes, not confirmed false alarms; no primary selection",3,0.9,recentred_enbpi_static
Hog_assembly_Dona,combined,3475,3475,0,144.79166666666666,144.79166666666666,285,1.9683453237410073,0.11568345323741007,0,not_estimable_empty_event_catalogue,"background episodes, not confirmed false alarms; no primary selection",3,0.9,recentred_enbpi_static
Lamb_assembly_Bertie,numerical_only,3475,3475,0,144.79166666666666,144.79166666666666,71,0.49035971223021585,0.037697841726618705,0,not_estimable_empty_event_catalogue,"background episodes, not confirmed false alarms; no primary selection",3,0.9,recentred_enbpi_static
Lamb_assembly_Bertie,availability_only,3475,3475,0,144.79166666666666,144.79166666666666,0,0.0,0.0,0,not_estimable_empty_event_catalogue,"background episodes, not confirmed false alarms; no primary selection",3,0.9,recentred_enbpi_static
Lamb_assembly_Bertie,combined,3475,3475,0,144.79166666666666,144.79166666666666,71,0.49035971223021585,0.037697841726618705,0,not_estimable_empty_event_catalogue,"background episodes, not confirmed false alarms; no primary selection",3,0.9,recentred_enbpi_static
Lamb_assembly_Cesar,numerical_only,3475,3475,0,144.79166666666666,144.79166666666666,0,0.0,0.0,0,not_estimable_empty_event_catalogue,"background episodes, not confirmed false alarms; no primary selection",3,0.9,recentred_enbpi_static
Lamb_assembly_Cesar,availability_only,3475,3475,0,144.79166666666666,144.79166666666666,0,0.0,0.0,0,not_estimable_empty_event_catalogue,"background episodes, not confirmed false alarms; no primary selection",3,0.9,recentred_enbpi_static
Lamb_assembly_Cesar,combined,3475,3475,0,144.79166666666666,144.79166666666666,0,0.0,0.0,0,not_estimable_empty_event_catalogue,"background episodes, not confirmed false alarms; no primary selection",3,0.9,recentred_enbpi_static
Moose_education_Ricardo,numerical_only,3365,3365,0,140.20833333333331,140.20833333333331,2,0.014264487369985143,0.0005943536404160475,0,not_estimable_empty_event_catalogue,"background episodes, not confirmed false alarms; no primary selection",3,0.9,recentred_enbpi_static
Moose_education_Ricardo,availability_only,3365,3365,0,140.20833333333331,140.20833333333331,0,0.0,0.0,0,not_estimable_empty_event_catalogue,"background episodes, not confirmed false alarms; no primary selection",3,0.9,recentred_enbpi_static
Moose_education_Ricardo,combined,3365,3365,0,140.20833333333331,140.20833333333331,2,0.014264487369985143,0.0005943536404160475,0,not_estimable_empty_event_catalogue,"background episodes, not confirmed false alarms; no primary selection",3,0.9,recentred_enbpi_static
Mouse_health_Estela,numerical_only,3475,3475,0,144.79166666666666,144.79166666666666,50,0.34532374100719426,0.034532374100719423,0,not_estimable_empty_event_catalogue,"background episodes, not confirmed false alarms; no primary selection",3,0.9,recentred_enbpi_static
Mouse_health_Estela,availability_only,3475,3475,0,144.79166666666666,144.79166666666666,0,0.0,0.0,0,not_estimable_empty_event_catalogue,"background episodes, not confirmed false alarms; no primary selection",3,0.9,recentred_enbpi_static
Mouse_health_Estela,combined,3475,3475,0,144.79166666666666,144.79166666666666,50,0.34532374100719426,0.034532374100719423,0,not_estimable_empty_event_catalogue,"background episodes, not confirmed false alarms; no primary selection",3,0.9,recentred_enbpi_static
Mouse_health_Justin,numerical_only,3475,3475,0,144.79166666666666,144.79166666666666,169,1.1671942446043166,0.12575539568345323,0,not_estimable_empty_event_catalogue,"background episodes, not confirmed false alarms; no primary selection",3,0.9,recentred_enbpi_static
Mouse_health_Justin,availability_only,3475,3475,0,144.79166666666666,144.79166666666666,0,0.0,0.0,0,not_estimable_empty_event_catalogue,"background episodes, not confirmed false alarms; no primary selection",3,0.9,recentred_enbpi_static
Mouse_health_Justin,combined,3475,3475,0,144.79166666666666,144.79166666666666,169,1.1671942446043166,0.12575539568345323,0,not_estimable_empty_event_catalogue,"background episodes, not confirmed false alarms; no primary selection",3,0.9,recentred_enbpi_static
__pooled__,numerical_only,34640,34640,0,1443.3333333333333,1443.3333333333333,1476,1.0226327944572748,0.0913972286374134,0,not_estimable_empty_event_catalogue,"background episodes, not confirmed false alarms; no primary selection",3,0.9,recentred_enbpi_updated
__pooled__,availability_only,34640,34640,0,1443.3333333333333,1443.3333333333333,0,0.0,0.0,0,not_estimable_empty_event_catalogue,"background episodes, not confirmed false alarms; no primary selection",3,0.9,recentred_enbpi_updated
__pooled__,combined,34640,34640,0,1443.3333333333333,1443.3333333333333,1476,1.0226327944572748,0.0913972286374134,0,not_estimable_empty_event_catalogue,"background episodes, not confirmed false alarms; no primary selection",3,0.9,recentred_enbpi_updated
Eagle_assembly_Benny,numerical_only,3475,3475,0,144.79166666666666,144.79166666666666,153,1.0566906474820144,0.07366906474820144,0,not_estimable_empty_event_catalogue,"background episodes, not confirmed false alarms; no primary selection",3,0.9,recentred_enbpi_updated
Eagle_assembly_Benny,availability_only,3475,3475,0,144.79166666666666,144.79166666666666,0,0.0,0.0,0,not_estimable_empty_event_catalogue,"background episodes, not confirmed false alarms; no primary selection",3,0.9,recentred_enbpi_updated
Eagle_assembly_Benny,combined,3475,3475,0,144.79166666666666,144.79166666666666,153,1.0566906474820144,0.07366906474820144,0,not_estimable_empty_event_catalogue,"background episodes, not confirmed false alarms; no primary selection",3,0.9,recentred_enbpi_updated
Eagle_assembly_Ian,numerical_only,3475,3475,0,144.79166666666666,144.79166666666666,230,1.5884892086330937,0.15568345323741006,0,not_estimable_empty_event_catalogue,"background episodes, not confirmed false alarms; no primary selection",3,0.9,recentred_enbpi_updated
Eagle_assembly_Ian,availability_only,3475,3475,0,144.79166666666666,144.79166666666666,0,0.0,0.0,0,not_estimable_empty_event_catalogue,"background episodes, not confirmed false alarms; no primary selection",3,0.9,recentred_enbpi_updated
Eagle_assembly_Ian,combined,3475,3475,0,144.79166666666666,144.79166666666666,230,1.5884892086330937,0.15568345323741006,0,not_estimable_empty_event_catalogue,"background episodes, not confirmed false alarms; no primary selection",3,0.9,recentred_enbpi_updated
Fox_education_Henrietta,numerical_only,3475,3475,0,144.79166666666666,144.79166666666666,104,0.7182733812949641,0.07050359712230216,0,not_estimable_empty_event_catalogue,"background episodes, not confirmed false alarms; no primary selection",3,0.9,recentred_enbpi_updated
Fox_education_Henrietta,availability_only,3475,3475,0,144.79166666666666,144.79166666666666,0,0.0,0.0,0,not_estimable_empty_event_catalogue,"background episodes, not confirmed false alarms; no primary selection",3,0.9,recentred_enbpi_updated
Fox_education_Henrietta,combined,3475,3475,0,144.79166666666666,144.79166666666666,104,0.7182733812949641,0.07050359712230216,0,not_estimable_empty_event_catalogue,"background episodes, not confirmed false alarms; no primary selection",3,0.9,recentred_enbpi_updated
Hog_assembly_Colette,numerical_only,3475,3475,0,144.79166666666666,144.79166666666666,149,1.029064748201439,0.08316546762589928,0,not_estimable_empty_event_catalogue,"background episodes, not confirmed false alarms; no primary selection",3,0.9,recentred_enbpi_updated
Hog_assembly_Colette,availability_only,3475,3475,0,144.79166666666666,144.79166666666666,0,0.0,0.0,0,not_estimable_empty_event_catalogue,"background episodes, not confirmed false alarms; no primary selection",3,0.9,recentred_enbpi_updated
Hog_assembly_Colette,combined,3475,3475,0,144.79166666666666,144.79166666666666,149,1.029064748201439,0.08316546762589928,0,not_estimable_empty_event_catalogue,"background episodes, not confirmed false alarms; no primary selection",3,0.9,recentred_enbpi_updated
Hog_assembly_Dona,numerical_only,3475,3475,0,144.79166666666666,144.79166666666666,213,1.4710791366906475,0.08258992805755395,0,not_estimable_empty_event_catalogue,"background episodes, not confirmed false alarms; no primary selection",3,0.9,recentred_enbpi_updated
Hog_assembly_Dona,availability_only,3475,3475,0,144.79166666666666,144.79166666666666,0,0.0,0.0,0,not_estimable_empty_event_catalogue,"background episodes, not confirmed false alarms; no primary selection",3,0.9,recentred_enbpi_updated
Hog_assembly_Dona,combined,3475,3475,0,144.79166666666666,144.79166666666666,213,1.4710791366906475,0.08258992805755395,0,not_estimable_empty_event_catalogue,"background episodes, not confirmed false alarms; no primary selection",3,0.9,recentred_enbpi_updated
Lamb_assembly_Bertie,numerical_only,3475,3475,0,144.79166666666666,144.79166666666666,94,0.6492086330935252,0.054388489208633095,0,not_estimable_empty_event_catalogue,"background episodes, not confirmed false alarms; no primary selection",3,0.9,recentred_enbpi_updated
Lamb_assembly_Bertie,availability_only,3475,3475,0,144.79166666666666,144.79166666666666,0,0.0,0.0,0,not_estimable_empty_event_catalogue,"background episodes, not confirmed false alarms; no primary selection",3,0.9,recentred_enbpi_updated
Lamb_assembly_Bertie,combined,3475,3475,0,144.79166666666666,144.79166666666666,94,0.6492086330935252,0.054388489208633095,0,not_estimable_empty_event_catalogue,"background episodes, not confirmed false alarms; no primary selection",3,0.9,recentred_enbpi_updated
Lamb_assembly_Cesar,numerical_only,3475,3475,0,144.79166666666666,144.79166666666666,136,0.9392805755395685,0.1312230215827338,0,not_estimable_empty_event_catalogue,"background episodes, not confirmed false alarms; no primary selection",3,0.9,recentred_enbpi_updated
Lamb_assembly_Cesar,availability_only,3475,3475,0,144.79166666666666,144.79166666666666,0,0.0,0.0,0,not_estimable_empty_event_catalogue,"background episodes, not confirmed false alarms; no primary selection",3,0.9,recentred_enbpi_updated
Lamb_assembly_Cesar,combined,3475,3475,0,144.79166666666666,144.79166666666666,136,0.9392805755395685,0.1312230215827338,0,not_estimable_empty_event_catalogue,"background episodes, not confirmed false alarms; no primary selection",3,0.9,recentred_enbpi_updated
Moose_education_Ricardo,numerical_only,3365,3365,0,140.20833333333331,140.20833333333331,181,1.2909361069836554,0.11768202080237741,0,not_estimable_empty_event_catalogue,"background episodes, not confirmed false alarms; no primary selection",3,0.9,recentred_enbpi_updated
Moose_education_Ricardo,availability_only,3365,3365,0,140.20833333333331,140.20833333333331,0,0.0,0.0,0,not_estimable_empty_event_catalogue,"background episodes, not confirmed false alarms; no primary selection",3,0.9,recentred_enbpi_updated
Moose_education_Ricardo,combined,3365,3365,0,140.20833333333331,140.20833333333331,181,1.2909361069836554,0.11768202080237741,0,not_estimable_empty_event_catalogue,"background episodes, not confirmed false alarms; no primary selection",3,0.9,recentred_enbpi_updated
Mouse_health_Estela,numerical_only,3475,3475,0,144.79166666666666,144.79166666666666,127,0.8771223021582735,0.09035971223021583,0,not_estimable_empty_event_catalogue,"background episodes, not confirmed false alarms; no primary selection",3,0.9,recentred_enbpi_updated
Mouse_health_Estela,availability_only,3475,3475,0,144.79166666666666,144.79166666666666,0,0.0,0.0,0,not_estimable_empty_event_catalogue,"background episodes, not confirmed false alarms; no primary selection",3,0.9,recentred_enbpi_updated
Mouse_health_Estela,combined,3475,3475,0,144.79166666666666,144.79166666666666,127,0.8771223021582735,0.09035971223021583,0,not_estimable_empty_event_catalogue,"background episodes, not confirmed false alarms; no primary selection",3,0.9,recentred_enbpi_updated
Mouse_health_Justin,numerical_only,3475,3475,0,144.79166666666666,144.79166666666666,89,0.6146762589928058,0.05553956834532374,0,not_estimable_empty_event_catalogue,"background episodes, not confirmed false alarms; no primary selection",3,0.9,recentred_enbpi_updated
Mouse_health_Justin,availability_only,3475,3475,0,144.79166666666666,144.79166666666666,0,0.0,0.0,0,not_estimable_empty_event_catalogue,"background episodes, not confirmed false alarms; no primary selection",3,0.9,recentred_enbpi_updated
Mouse_health_Justin,combined,3475,3475,0,144.79166666666666,144.79166666666666,89,0.6146762589928058,0.05553956834532374,0,not_estimable_empty_event_catalogue,"background episodes, not confirmed false alarms; no primary selection",3,0.9,recentred_enbpi_updated
__pooled__,numerical_only,34590,34590,0,1441.25,1441.25,1636,1.1351257588898525,0.10401850245735762,0,not_estimable_empty_event_catalogue,"background episodes, not confirmed false alarms; no primary selection",3,0.9,dscp
__pooled__,availability_only,34590,34590,0,1441.25,1441.25,0,0.0,0.0,0,not_estimable_empty_event_catalogue,"background episodes, not confirmed false alarms; no primary selection",3,0.9,dscp
__pooled__,combined,34590,34590,0,1441.25,1441.25,1636,1.1351257588898525,0.10401850245735762,0,not_estimable_empty_event_catalogue,"background episodes, not confirmed false alarms; no primary selection",3,0.9,dscp
Eagle_assembly_Benny,numerical_only,3470,3470,0,144.58333333333331,144.58333333333331,111,0.7677233429394814,0.05187319884726225,0,not_estimable_empty_event_catalogue,"background episodes, not confirmed false alarms; no primary selection",3,0.9,dscp
Eagle_assembly_Benny,availability_only,3470,3470,0,144.58333333333331,144.58333333333331,0,0.0,0.0,0,not_estimable_empty_event_catalogue,"background episodes, not confirmed false alarms; no primary selection",3,0.9,dscp
Eagle_assembly_Benny,combined,3470,3470,0,144.58333333333331,144.58333333333331,111,0.7677233429394814,0.05187319884726225,0,not_estimable_empty_event_catalogue,"background episodes, not confirmed false alarms; no primary selection",3,0.9,dscp
Eagle_assembly_Ian,numerical_only,3470,3470,0,144.58333333333331,144.58333333333331,435,3.0086455331412107,0.3268011527377522,0,not_estimable_empty_event_catalogue,"background episodes, not confirmed false alarms; no primary selection",3,0.9,dscp
Eagle_assembly_Ian,availability_only,3470,3470,0,144.58333333333331,144.58333333333331,0,0.0,0.0,0,not_estimable_empty_event_catalogue,"background episodes, not confirmed false alarms; no primary selection",3,0.9,dscp
Eagle_assembly_Ian,combined,3470,3470,0,144.58333333333331,144.58333333333331,435,3.0086455331412107,0.3268011527377522,0,not_estimable_empty_event_catalogue,"background episodes, not confirmed false alarms; no primary selection",3,0.9,dscp
Fox_education_Henrietta,numerical_only,3470,3470,0,144.58333333333331,144.58333333333331,0,0.0,0.0,0,not_estimable_empty_event_catalogue,"background episodes, not confirmed false alarms; no primary selection",3,0.9,dscp
Fox_education_Henrietta,availability_only,3470,3470,0,144.58333333333331,144.58333333333331,0,0.0,0.0,0,not_estimable_empty_event_catalogue,"background episodes, not confirmed false alarms; no primary selection",3,0.9,dscp
Fox_education_Henrietta,combined,3470,3470,0,144.58333333333331,144.58333333333331,0,0.0,0.0,0,not_estimable_empty_event_catalogue,"background episodes, not confirmed false alarms; no primary selection",3,0.9,dscp
Hog_assembly_Colette,numerical_only,3470,3470,0,144.58333333333331,144.58333333333331,424,2.9325648414985594,0.2080691642651297,0,not_estimable_empty_event_catalogue,"background episodes, not confirmed false alarms; no primary selection",3,0.9,dscp
Hog_assembly_Colette,availability_only,3470,3470,0,144.58333333333331,144.58333333333331,0,0.0,0.0,0,not_estimable_empty_event_catalogue,"background episodes, not confirmed false alarms; no primary selection",3,0.9,dscp
Hog_assembly_Colette,combined,3470,3470,0,144.58333333333331,144.58333333333331,424,2.9325648414985594,0.2080691642651297,0,not_estimable_empty_event_catalogue,"background episodes, not confirmed false alarms; no primary selection",3,0.9,dscp
Hog_assembly_Dona,numerical_only,3470,3470,0,144.58333333333331,144.58333333333331,239,1.6530259365994238,0.09279538904899136,0,not_estimable_empty_event_catalogue,"background episodes, not confirmed false alarms; no primary selection",3,0.9,dscp
Hog_assembly_Dona,availability_only,3470,3470,0,144.58333333333331,144.58333333333331,0,0.0,0.0,0,not_estimable_empty_event_catalogue,"background episodes, not confirmed false alarms; no primary selection",3,0.9,dscp
Hog_assembly_Dona,combined,3470,3470,0,144.58333333333331,144.58333333333331,239,1.6530259365994238,0.09279538904899136,0,not_estimable_empty_event_catalogue,"background episodes, not confirmed false alarms; no primary selection",3,0.9,dscp
Lamb_assembly_Bertie,numerical_only,3470,3470,0,144.58333333333331,144.58333333333331,334,2.310086455331412,0.3,0,not_estimable_empty_event_catalogue,"background episodes, not confirmed false alarms; no primary selection",3,0.9,dscp
Lamb_assembly_Bertie,availability_only,3470,3470,0,144.58333333333331,144.58333333333331,0,0.0,0.0,0,not_estimable_empty_event_catalogue,"background episodes, not confirmed false alarms; no primary selection",3,0.9,dscp
Lamb_assembly_Bertie,combined,3470,3470,0,144.58333333333331,144.58333333333331,334,2.310086455331412,0.3,0,not_estimable_empty_event_catalogue,"background episodes, not confirmed false alarms; no primary selection",3,0.9,dscp
Lamb_assembly_Cesar,numerical_only,3470,3470,0,144.58333333333331,144.58333333333331,10,0.069164265129683,0.004322766570605188,0,not_estimable_empty_event_catalogue,"background episodes, not confirmed false alarms; no primary selection",3,0.9,dscp
Lamb_assembly_Cesar,availability_only,3470,3470,0,144.58333333333331,144.58333333333331,0,0.0,0.0,0,not_estimable_empty_event_catalogue,"background episodes, not confirmed false alarms; no primary selection",3,0.9,dscp
Lamb_assembly_Cesar,combined,3470,3470,0,144.58333333333331,144.58333333333331,10,0.069164265129683,0.004322766570605188,0,not_estimable_empty_event_catalogue,"background episodes, not confirmed false alarms; no primary selection",3,0.9,dscp
Moose_education_Ricardo,numerical_only,3360,3360,0,140.0,140.0,2,0.014285714285714285,0.0005952380952380953,0,not_estimable_empty_event_catalogue,"background episodes, not confirmed false alarms; no primary selection",3,0.9,dscp
Moose_education_Ricardo,availability_only,3360,3360,0,140.0,140.0,0,0.0,0.0,0,not_estimable_empty_event_catalogue,"background episodes, not confirmed false alarms; no primary selection",3,0.9,dscp
Moose_education_Ricardo,combined,3360,3360,0,140.0,140.0,2,0.014285714285714285,0.0005952380952380953,0,not_estimable_empty_event_catalogue,"background episodes, not confirmed false alarms; no primary selection",3,0.9,dscp
Mouse_health_Estela,numerical_only,3470,3470,0,144.58333333333331,144.58333333333331,29,0.2005763688760807,0.018155619596541786,0,not_estimable_empty_event_catalogue,"background episodes, not confirmed false alarms; no primary selection",3,0.9,dscp
Mouse_health_Estela,availability_only,3470,3470,0,144.58333333333331,144.58333333333331,0,0.0,0.0,0,not_estimable_empty_event_catalogue,"background episodes, not confirmed false alarms; no primary selection",3,0.9,dscp
Mouse_health_Estela,combined,3470,3470,0,144.58333333333331,144.58333333333331,29,0.2005763688760807,0.018155619596541786,0,not_estimable_empty_event_catalogue,"background episodes, not confirmed false alarms; no primary selection",3,0.9,dscp
Mouse_health_Justin,numerical_only,3470,3470,0,144.58333333333331,144.58333333333331,52,0.3596541786743516,0.03429394812680115,0,not_estimable_empty_event_catalogue,"background episodes, not confirmed false alarms; no primary selection",3,0.9,dscp
Mouse_health_Justin,availability_only,3470,3470,0,144.58333333333331,144.58333333333331,0,0.0,0.0,0,not_estimable_empty_event_catalogue,"background episodes, not confirmed false alarms; no primary selection",3,0.9,dscp
Mouse_health_Justin,combined,3470,3470,0,144.58333333333331,144.58333333333331,52,0.3596541786743516,0.03429394812680115,0,not_estimable_empty_event_catalogue,"background episodes, not confirmed false alarms; no primary selection",3,0.9,dscp
__pooled__,numerical_only,34640,34640,0,1443.3333333333333,1443.3333333333333,1720,1.1916859122401848,0.1302540415704388,0,not_estimable_empty_event_catalogue,"background episodes, not confirmed false alarms; no primary selection",3,0.95,quantile_uncalibrated
__pooled__,availability_only,34640,34640,0,1443.3333333333333,1443.3333333333333,0,0.0,0.0,0,not_estimable_empty_event_catalogue,"background episodes, not confirmed false alarms; no primary selection",3,0.95,quantile_uncalibrated
__pooled__,combined,34640,34640,0,1443.3333333333333,1443.3333333333333,1720,1.1916859122401848,0.1302540415704388,0,not_estimable_empty_event_catalogue,"background episodes, not confirmed false alarms; no primary selection",3,0.95,quantile_uncalibrated
Eagle_assembly_Benny,numerical_only,3475,3475,0,144.79166666666666,144.79166666666666,178,1.2293525179856115,0.08834532374100719,0,not_estimable_empty_event_catalogue,"background episodes, not confirmed false alarms; no primary selection",3,0.95,quantile_uncalibrated
Eagle_assembly_Benny,availability_only,3475,3475,0,144.79166666666666,144.79166666666666,0,0.0,0.0,0,not_estimable_empty_event_catalogue,"background episodes, not confirmed false alarms; no primary selection",3,0.95,quantile_uncalibrated
Eagle_assembly_Benny,combined,3475,3475,0,144.79166666666666,144.79166666666666,178,1.2293525179856115,0.08834532374100719,0,not_estimable_empty_event_catalogue,"background episodes, not confirmed false alarms; no primary selection",3,0.95,quantile_uncalibrated
Eagle_assembly_Ian,numerical_only,3475,3475,0,144.79166666666666,144.79166666666666,287,1.982158273381295,0.17669064748201438,0,not_estimable_empty_event_catalogue,"background episodes, not confirmed false alarms; no primary selection",3,0.95,quantile_uncalibrated
Eagle_assembly_Ian,availability_only,3475,3475,0,144.79166666666666,144.79166666666666,0,0.0,0.0,0,not_estimable_empty_event_catalogue,"background episodes, not confirmed false alarms; no primary selection",3,0.95,quantile_uncalibrated
Eagle_assembly_Ian,combined,3475,3475,0,144.79166666666666,144.79166666666666,287,1.982158273381295,0.17669064748201438,0,not_estimable_empty_event_catalogue,"background episodes, not confirmed false alarms; no primary selection",3,0.95,quantile_uncalibrated
Fox_education_Henrietta,numerical_only,3475,3475,0,144.79166666666666,144.79166666666666,166,1.146474820143885,0.11712230215827338,0,not_estimable_empty_event_catalogue,"background episodes, not confirmed false alarms; no primary selection",3,0.95,quantile_uncalibrated
Fox_education_Henrietta,availability_only,3475,3475,0,144.79166666666666,144.79166666666666,0,0.0,0.0,0,not_estimable_empty_event_catalogue,"background episodes, not confirmed false alarms; no primary selection",3,0.95,quantile_uncalibrated
Fox_education_Henrietta,combined,3475,3475,0,144.79166666666666,144.79166666666666,166,1.146474820143885,0.11712230215827338,0,not_estimable_empty_event_catalogue,"background episodes, not confirmed false alarms; no primary selection",3,0.95,quantile_uncalibrated
Hog_assembly_Colette,numerical_only,3475,3475,0,144.79166666666666,144.79166666666666,330,2.279136690647482,0.14561151079136692,0,not_estimable_empty_event_catalogue,"background episodes, not confirmed false alarms; no primary selection",3,0.95,quantile_uncalibrated
Hog_assembly_Colette,availability_only,3475,3475,0,144.79166666666666,144.79166666666666,0,0.0,0.0,0,not_estimable_empty_event_catalogue,"background episodes, not confirmed false alarms; no primary selection",3,0.95,quantile_uncalibrated
Hog_assembly_Colette,combined,3475,3475,0,144.79166666666666,144.79166666666666,330,2.279136690647482,0.14561151079136692,0,not_estimable_empty_event_catalogue,"background episodes, not confirmed false alarms; no primary selection",3,0.95,quantile_uncalibrated
Hog_assembly_Dona,numerical_only,3475,3475,0,144.79166666666666,144.79166666666666,157,1.08431654676259,0.055827338129496404,0,not_estimable_empty_event_catalogue,"background episodes, not confirmed false alarms; no primary selection",3,0.95,quantile_uncalibrated
Hog_assembly_Dona,availability_only,3475,3475,0,144.79166666666666,144.79166666666666,0,0.0,0.0,0,not_estimable_empty_event_catalogue,"background episodes, not confirmed false alarms; no primary selection",3,0.95,quantile_uncalibrated
Hog_assembly_Dona,combined,3475,3475,0,144.79166666666666,144.79166666666666,157,1.08431654676259,0.055827338129496404,0,not_estimable_empty_event_catalogue,"background episodes, not confirmed false alarms; no primary selection",3,0.95,quantile_uncalibrated
Lamb_assembly_Bertie,numerical_only,3475,3475,0,144.79166666666666,144.79166666666666,183,1.263884892086331,0.2860431654676259,0,not_estimable_empty_event_catalogue,"background episodes, not confirmed false alarms; no primary selection",3,0.95,quantile_uncalibrated
Lamb_assembly_Bertie,availability_only,3475,3475,0,144.79166666666666,144.79166666666666,0,0.0,0.0,0,not_estimable_empty_event_catalogue,"background episodes, not confirmed false alarms; no primary selection",3,0.95,quantile_uncalibrated
Lamb_assembly_Bertie,combined,3475,3475,0,144.79166666666666,144.79166666666666,183,1.263884892086331,0.2860431654676259,0,not_estimable_empty_event_catalogue,"background episodes, not confirmed false alarms; no primary selection",3,0.95,quantile_uncalibrated
Lamb_assembly_Cesar,numerical_only,3475,3475,0,144.79166666666666,144.79166666666666,132,0.9116546762589929,0.2684892086330935,0,not_estimable_empty_event_catalogue,"background episodes, not confirmed false alarms; no primary selection",3,0.95,quantile_uncalibrated
Lamb_assembly_Cesar,availability_only,3475,3475,0,144.79166666666666,144.79166666666666,0,0.0,0.0,0,not_estimable_empty_event_catalogue,"background episodes, not confirmed false alarms; no primary selection",3,0.95,quantile_uncalibrated
Lamb_assembly_Cesar,combined,3475,3475,0,144.79166666666666,144.79166666666666,132,0.9116546762589929,0.2684892086330935,0,not_estimable_empty_event_catalogue,"background episodes, not confirmed false alarms; no primary selection",3,0.95,quantile_uncalibrated
Moose_education_Ricardo,numerical_only,3365,3365,0,140.20833333333331,140.20833333333331,62,0.4421991084695394,0.029420505200594353,0,not_estimable_empty_event_catalogue,"background episodes, not confirmed false alarms; no primary selection",3,0.95,quantile_uncalibrated
Moose_education_Ricardo,availability_only,3365,3365,0,140.20833333333331,140.20833333333331,0,0.0,0.0,0,not_estimable_empty_event_catalogue,"background episodes, not confirmed false alarms; no primary selection",3,0.95,quantile_uncalibrated
Moose_education_Ricardo,combined,3365,3365,0,140.20833333333331,140.20833333333331,62,0.4421991084695394,0.029420505200594353,0,not_estimable_empty_event_catalogue,"background episodes, not confirmed false alarms; no primary selection",3,0.95,quantile_uncalibrated
Mouse_health_Estela,numerical_only,3475,3475,0,144.79166666666666,144.79166666666666,48,0.3315107913669065,0.025035971223021584,0,not_estimable_empty_event_catalogue,"background episodes, not confirmed false alarms; no primary selection",3,0.95,quantile_uncalibrated
Mouse_health_Estela,availability_only,3475,3475,0,144.79166666666666,144.79166666666666,0,0.0,0.0,0,not_estimable_empty_event_catalogue,"background episodes, not confirmed false alarms; no primary selection",3,0.95,quantile_uncalibrated
Mouse_health_Estela,combined,3475,3475,0,144.79166666666666,144.79166666666666,48,0.3315107913669065,0.025035971223021584,0,not_estimable_empty_event_catalogue,"background episodes, not confirmed false alarms; no primary selection",3,0.95,quantile_uncalibrated
Mouse_health_Justin,numerical_only,3475,3475,0,144.79166666666666,144.79166666666666,177,1.2224460431654678,0.10676258992805755,0,not_estimable_empty_event_catalogue,"background episodes, not confirmed false alarms; no primary selection",3,0.95,quantile_uncalibrated
Mouse_health_Justin,availability_only,3475,3475,0,144.79166666666666,144.79166666666666,0,0.0,0.0,0,not_estimable_empty_event_catalogue,"background episodes, not confirmed false alarms; no primary selection",3,0.95,quantile_uncalibrated
Mouse_health_Justin,combined,3475,3475,0,144.79166666666666,144.79166666666666,177,1.2224460431654678,0.10676258992805755,0,not_estimable_empty_event_catalogue,"background episodes, not confirmed false alarms; no primary selection",3,0.95,quantile_uncalibrated
__pooled__,numerical_only,34640,34640,0,1443.3333333333333,1443.3333333333333,985,0.6824480369515011,0.0486431870669746,0,not_estimable_empty_event_catalogue,"background episodes, not confirmed false alarms; no primary selection",3,0.95,cqr
__pooled__,availability_only,34640,34640,0,1443.3333333333333,1443.3333333333333,0,0.0,0.0,0,not_estimable_empty_event_catalogue,"background episodes, not confirmed false alarms; no primary selection",3,0.95,cqr
__pooled__,combined,34640,34640,0,1443.3333333333333,1443.3333333333333,985,0.6824480369515011,0.0486431870669746,0,not_estimable_empty_event_catalogue,"background episodes, not confirmed false alarms; no primary selection",3,0.95,cqr
Eagle_assembly_Benny,numerical_only,3475,3475,0,144.79166666666666,144.79166666666666,61,0.42129496402877703,0.022446043165467625,0,not_estimable_empty_event_catalogue,"background episodes, not confirmed false alarms; no primary selection",3,0.95,cqr
Eagle_assembly_Benny,availability_only,3475,3475,0,144.79166666666666,144.79166666666666,0,0.0,0.0,0,not_estimable_empty_event_catalogue,"background episodes, not confirmed false alarms; no primary selection",3,0.95,cqr
Eagle_assembly_Benny,combined,3475,3475,0,144.79166666666666,144.79166666666666,61,0.42129496402877703,0.022446043165467625,0,not_estimable_empty_event_catalogue,"background episodes, not confirmed false alarms; no primary selection",3,0.95,cqr
Eagle_assembly_Ian,numerical_only,3475,3475,0,144.79166666666666,144.79166666666666,257,1.7749640287769786,0.15366906474820144,0,not_estimable_empty_event_catalogue,"background episodes, not confirmed false alarms; no primary selection",3,0.95,cqr
Eagle_assembly_Ian,availability_only,3475,3475,0,144.79166666666666,144.79166666666666,0,0.0,0.0,0,not_estimable_empty_event_catalogue,"background episodes, not confirmed false alarms; no primary selection",3,0.95,cqr
Eagle_assembly_Ian,combined,3475,3475,0,144.79166666666666,144.79166666666666,257,1.7749640287769786,0.15366906474820144,0,not_estimable_empty_event_catalogue,"background episodes, not confirmed false alarms; no primary selection",3,0.95,cqr
Fox_education_Henrietta,numerical_only,3475,3475,0,144.79166666666666,144.79166666666666,7,0.048345323741007196,0.002302158273381295,0,not_estimable_empty_event_catalogue,"background episodes, not confirmed false alarms; no primary selection",3,0.95,cqr
Fox_education_Henrietta,availability_only,3475,3475,0,144.79166666666666,144.79166666666666,0,0.0,0.0,0,not_estimable_empty_event_catalogue,"background episodes, not confirmed false alarms; no primary selection",3,0.95,cqr
Fox_education_Henrietta,combined,3475,3475,0,144.79166666666666,144.79166666666666,7,0.048345323741007196,0.002302158273381295,0,not_estimable_empty_event_catalogue,"background episodes, not confirmed false alarms; no primary selection",3,0.95,cqr
Hog_assembly_Colette,numerical_only,3475,3475,0,144.79166666666666,144.79166666666666,284,1.9614388489208634,0.12402877697841727,0,not_estimable_empty_event_catalogue,"background episodes, not confirmed false alarms; no primary selection",3,0.95,cqr
Hog_assembly_Colette,availability_only,3475,3475,0,144.79166666666666,144.79166666666666,0,0.0,0.0,0,not_estimable_empty_event_catalogue,"background episodes, not confirmed false alarms; no primary selection",3,0.95,cqr
Hog_assembly_Colette,combined,3475,3475,0,144.79166666666666,144.79166666666666,284,1.9614388489208634,0.12402877697841727,0,not_estimable_empty_event_catalogue,"background episodes, not confirmed false alarms; no primary selection",3,0.95,cqr
Hog_assembly_Dona,numerical_only,3475,3475,0,144.79166666666666,144.79166666666666,120,0.8287769784172663,0.04287769784172662,0,not_estimable_empty_event_catalogue,"background episodes, not confirmed false alarms; no primary selection",3,0.95,cqr
Hog_assembly_Dona,availability_only,3475,3475,0,144.79166666666666,144.79166666666666,0,0.0,0.0,0,not_estimable_empty_event_catalogue,"background episodes, not confirmed false alarms; no primary selection",3,0.95,cqr
Hog_assembly_Dona,combined,3475,3475,0,144.79166666666666,144.79166666666666,120,0.8287769784172663,0.04287769784172662,0,not_estimable_empty_event_catalogue,"background episodes, not confirmed false alarms; no primary selection",3,0.95,cqr
Lamb_assembly_Bertie,numerical_only,3475,3475,0,144.79166666666666,144.79166666666666,80,0.5525179856115108,0.04402877697841727,0,not_estimable_empty_event_catalogue,"background episodes, not confirmed false alarms; no primary selection",3,0.95,cqr
Lamb_assembly_Bertie,availability_only,3475,3475,0,144.79166666666666,144.79166666666666,0,0.0,0.0,0,not_estimable_empty_event_catalogue,"background episodes, not confirmed false alarms; no primary selection",3,0.95,cqr
Lamb_assembly_Bertie,combined,3475,3475,0,144.79166666666666,144.79166666666666,80,0.5525179856115108,0.04402877697841727,0,not_estimable_empty_event_catalogue,"background episodes, not confirmed false alarms; no primary selection",3,0.95,cqr
Lamb_assembly_Cesar,numerical_only,3475,3475,0,144.79166666666666,144.79166666666666,3,0.020719424460431655,0.0017266187050359713,0,not_estimable_empty_event_catalogue,"background episodes, not confirmed false alarms; no primary selection",3,0.95,cqr
Lamb_assembly_Cesar,availability_only,3475,3475,0,144.79166666666666,144.79166666666666,0,0.0,0.0,0,not_estimable_empty_event_catalogue,"background episodes, not confirmed false alarms; no primary selection",3,0.95,cqr
Lamb_assembly_Cesar,combined,3475,3475,0,144.79166666666666,144.79166666666666,3,0.020719424460431655,0.0017266187050359713,0,not_estimable_empty_event_catalogue,"background episodes, not confirmed false alarms; no primary selection",3,0.95,cqr
Moose_education_Ricardo,numerical_only,3365,3365,0,140.20833333333331,140.20833333333331,23,0.16404160475482915,0.00950965824665676,0,not_estimable_empty_event_catalogue,"background episodes, not confirmed false alarms; no primary selection",3,0.95,cqr
Moose_education_Ricardo,availability_only,3365,3365,0,140.20833333333331,140.20833333333331,0,0.0,0.0,0,not_estimable_empty_event_catalogue,"background episodes, not confirmed false alarms; no primary selection",3,0.95,cqr
Moose_education_Ricardo,combined,3365,3365,0,140.20833333333331,140.20833333333331,23,0.16404160475482915,0.00950965824665676,0,not_estimable_empty_event_catalogue,"background episodes, not confirmed false alarms; no primary selection",3,0.95,cqr
Mouse_health_Estela,numerical_only,3475,3475,0,144.79166666666666,144.79166666666666,27,0.18647482014388492,0.012949640287769784,0,not_estimable_empty_event_catalogue,"background episodes, not confirmed false alarms; no primary selection",3,0.95,cqr
Mouse_health_Estela,availability_only,3475,3475,0,144.79166666666666,144.79166666666666,0,0.0,0.0,0,not_estimable_empty_event_catalogue,"background episodes, not confirmed false alarms; no primary selection",3,0.95,cqr
Mouse_health_Estela,combined,3475,3475,0,144.79166666666666,144.79166666666666,27,0.18647482014388492,0.012949640287769784,0,not_estimable_empty_event_catalogue,"background episodes, not confirmed false alarms; no primary selection",3,0.95,cqr
Mouse_health_Justin,numerical_only,3475,3475,0,144.79166666666666,144.79166666666666,123,0.8494964028776979,0.0716546762589928,0,not_estimable_empty_event_catalogue,"background episodes, not confirmed false alarms; no primary selection",3,0.95,cqr
Mouse_health_Justin,availability_only,3475,3475,0,144.79166666666666,144.79166666666666,0,0.0,0.0,0,not_estimable_empty_event_catalogue,"background episodes, not confirmed false alarms; no primary selection",3,0.95,cqr
Mouse_health_Justin,combined,3475,3475,0,144.79166666666666,144.79166666666666,123,0.8494964028776979,0.0716546762589928,0,not_estimable_empty_event_catalogue,"background episodes, not confirmed false alarms; no primary selection",3,0.95,cqr
__pooled__,numerical_only,34640,34640,0,1443.3333333333333,1443.3333333333333,818,0.566743648960739,0.05069284064665127,0,not_estimable_empty_event_catalogue,"background episodes, not confirmed false alarms; no primary selection",3,0.95,recentred_enbpi_static
__pooled__,availability_only,34640,34640,0,1443.3333333333333,1443.3333333333333,0,0.0,0.0,0,not_estimable_empty_event_catalogue,"background episodes, not confirmed false alarms; no primary selection",3,0.95,recentred_enbpi_static
__pooled__,combined,34640,34640,0,1443.3333333333333,1443.3333333333333,818,0.566743648960739,0.05069284064665127,0,not_estimable_empty_event_catalogue,"background episodes, not confirmed false alarms; no primary selection",3,0.95,recentred_enbpi_static
Eagle_assembly_Benny,numerical_only,3475,3475,0,144.79166666666666,144.79166666666666,0,0.0,0.0,0,not_estimable_empty_event_catalogue,"background episodes, not confirmed false alarms; no primary selection",3,0.95,recentred_enbpi_static
Eagle_assembly_Benny,availability_only,3475,3475,0,144.79166666666666,144.79166666666666,0,0.0,0.0,0,not_estimable_empty_event_catalogue,"background episodes, not confirmed false alarms; no primary selection",3,0.95,recentred_enbpi_static
Eagle_assembly_Benny,combined,3475,3475,0,144.79166666666666,144.79166666666666,0,0.0,0.0,0,not_estimable_empty_event_catalogue,"background episodes, not confirmed false alarms; no primary selection",3,0.95,recentred_enbpi_static
Eagle_assembly_Ian,numerical_only,3475,3475,0,144.79166666666666,144.79166666666666,342,2.3620143884892086,0.26187050359712233,0,not_estimable_empty_event_catalogue,"background episodes, not confirmed false alarms; no primary selection",3,0.95,recentred_enbpi_static
Eagle_assembly_Ian,availability_only,3475,3475,0,144.79166666666666,144.79166666666666,0,0.0,0.0,0,not_estimable_empty_event_catalogue,"background episodes, not confirmed false alarms; no primary selection",3,0.95,recentred_enbpi_static
Eagle_assembly_Ian,combined,3475,3475,0,144.79166666666666,144.79166666666666,342,2.3620143884892086,0.26187050359712233,0,not_estimable_empty_event_catalogue,"background episodes, not confirmed false alarms; no primary selection",3,0.95,recentred_enbpi_static
Fox_education_Henrietta,numerical_only,3475,3475,0,144.79166666666666,144.79166666666666,0,0.0,0.0,0,not_estimable_empty_event_catalogue,"background episodes, not confirmed false alarms; no primary selection",3,0.95,recentred_enbpi_static
Fox_education_Henrietta,availability_only,3475,3475,0,144.79166666666666,144.79166666666666,0,0.0,0.0,0,not_estimable_empty_event_catalogue,"background episodes, not confirmed false alarms; no primary selection",3,0.95,recentred_enbpi_static
Fox_education_Henrietta,combined,3475,3475,0,144.79166666666666,144.79166666666666,0,0.0,0.0,0,not_estimable_empty_event_catalogue,"background episodes, not confirmed false alarms; no primary selection",3,0.95,recentred_enbpi_static
Hog_assembly_Colette,numerical_only,3475,3475,0,144.79166666666666,144.79166666666666,246,1.6989928057553958,0.12949640287769784,0,not_estimable_empty_event_catalogue,"background episodes, not confirmed false alarms; no primary selection",3,0.95,recentred_enbpi_static
Hog_assembly_Colette,availability_only,3475,3475,0,144.79166666666666,144.79166666666666,0,0.0,0.0,0,not_estimable_empty_event_catalogue,"background episodes, not confirmed false alarms; no primary selection",3,0.95,recentred_enbpi_static
Hog_assembly_Colette,combined,3475,3475,0,144.79166666666666,144.79166666666666,246,1.6989928057553958,0.12949640287769784,0,not_estimable_empty_event_catalogue,"background episodes, not confirmed false alarms; no primary selection",3,0.95,recentred_enbpi_static
Hog_assembly_Dona,numerical_only,3475,3475,0,144.79166666666666,144.79166666666666,102,0.7044604316546763,0.03741007194244604,0,not_estimable_empty_event_catalogue,"background episodes, not confirmed false alarms; no primary selection",3,0.95,recentred_enbpi_static
Hog_assembly_Dona,availability_only,3475,3475,0,144.79166666666666,144.79166666666666,0,0.0,0.0,0,not_estimable_empty_event_catalogue,"background episodes, not confirmed false alarms; no primary selection",3,0.95,recentred_enbpi_static
Hog_assembly_Dona,combined,3475,3475,0,144.79166666666666,144.79166666666666,102,0.7044604316546763,0.03741007194244604,0,not_estimable_empty_event_catalogue,"background episodes, not confirmed false alarms; no primary selection",3,0.95,recentred_enbpi_static
Lamb_assembly_Bertie,numerical_only,3475,3475,0,144.79166666666666,144.79166666666666,22,0.15194244604316548,0.013237410071942447,0,not_estimable_empty_event_catalogue,"background episodes, not confirmed false alarms; no primary selection",3,0.95,recentred_enbpi_static
Lamb_assembly_Bertie,availability_only,3475,3475,0,144.79166666666666,144.79166666666666,0,0.0,0.0,0,not_estimable_empty_event_catalogue,"background episodes, not confirmed false alarms; no primary selection",3,0.95,recentred_enbpi_static
Lamb_assembly_Bertie,combined,3475,3475,0,144.79166666666666,144.79166666666666,22,0.15194244604316548,0.013237410071942447,0,not_estimable_empty_event_catalogue,"background episodes, not confirmed false alarms; no primary selection",3,0.95,recentred_enbpi_static
Lamb_assembly_Cesar,numerical_only,3475,3475,0,144.79166666666666,144.79166666666666,0,0.0,0.0,0,not_estimable_empty_event_catalogue,"background episodes, not confirmed false alarms; no primary selection",3,0.95,recentred_enbpi_static
Lamb_assembly_Cesar,availability_only,3475,3475,0,144.79166666666666,144.79166666666666,0,0.0,0.0,0,not_estimable_empty_event_catalogue,"background episodes, not confirmed false alarms; no primary selection",3,0.95,recentred_enbpi_static
Lamb_assembly_Cesar,combined,3475,3475,0,144.79166666666666,144.79166666666666,0,0.0,0.0,0,not_estimable_empty_event_catalogue,"background episodes, not confirmed false alarms; no primary selection",3,0.95,recentred_enbpi_static
Moose_education_Ricardo,numerical_only,3365,3365,0,140.20833333333331,140.20833333333331,0,0.0,0.0,0,not_estimable_empty_event_catalogue,"background episodes, not confirmed false alarms; no primary selection",3,0.95,recentred_enbpi_static
Moose_education_Ricardo,availability_only,3365,3365,0,140.20833333333331,140.20833333333331,0,0.0,0.0,0,not_estimable_empty_event_catalogue,"background episodes, not confirmed false alarms; no primary selection",3,0.95,recentred_enbpi_static
Moose_education_Ricardo,combined,3365,3365,0,140.20833333333331,140.20833333333331,0,0.0,0.0,0,not_estimable_empty_event_catalogue,"background episodes, not confirmed false alarms; no primary selection",3,0.95,recentred_enbpi_static
Mouse_health_Estela,numerical_only,3475,3475,0,144.79166666666666,144.79166666666666,24,0.16575539568345324,0.013525179856115108,0,not_estimable_empty_event_catalogue,"background episodes, not confirmed false alarms; no primary selection",3,0.95,recentred_enbpi_static
Mouse_health_Estela,availability_only,3475,3475,0,144.79166666666666,144.79166666666666,0,0.0,0.0,0,not_estimable_empty_event_catalogue,"background episodes, not confirmed false alarms; no primary selection",3,0.95,recentred_enbpi_static
Mouse_health_Estela,combined,3475,3475,0,144.79166666666666,144.79166666666666,24,0.16575539568345324,0.013525179856115108,0,not_estimable_empty_event_catalogue,"background episodes, not confirmed false alarms; no primary selection",3,0.95,recentred_enbpi_static
Mouse_health_Justin,numerical_only,3475,3475,0,144.79166666666666,144.79166666666666,82,0.5663309352517986,0.049784172661870504,0,not_estimable_empty_event_catalogue,"background episodes, not confirmed false alarms; no primary selection",3,0.95,recentred_enbpi_static
Mouse_health_Justin,availability_only,3475,3475,0,144.79166666666666,144.79166666666666,0,0.0,0.0,0,not_estimable_empty_event_catalogue,"background episodes, not confirmed false alarms; no primary selection",3,0.95,recentred_enbpi_static
Mouse_health_Justin,combined,3475,3475,0,144.79166666666666,144.79166666666666,82,0.5663309352517986,0.049784172661870504,0,not_estimable_empty_event_catalogue,"background episodes, not confirmed false alarms; no primary selection",3,0.95,recentred_enbpi_static
__pooled__,numerical_only,34640,34640,0,1443.3333333333333,1443.3333333333333,778,0.5390300230946883,0.04670900692840647,0,not_estimable_empty_event_catalogue,"background episodes, not confirmed false alarms; no primary selection",3,0.95,recentred_enbpi_updated
__pooled__,availability_only,34640,34640,0,1443.3333333333333,1443.3333333333333,0,0.0,0.0,0,not_estimable_empty_event_catalogue,"background episodes, not confirmed false alarms; no primary selection",3,0.95,recentred_enbpi_updated
__pooled__,combined,34640,34640,0,1443.3333333333333,1443.3333333333333,778,0.5390300230946883,0.04670900692840647,0,not_estimable_empty_event_catalogue,"background episodes, not confirmed false alarms; no primary selection",3,0.95,recentred_enbpi_updated
Eagle_assembly_Benny,numerical_only,3475,3475,0,144.79166666666666,144.79166666666666,77,0.5317985611510792,0.036546762589928054,0,not_estimable_empty_event_catalogue,"background episodes, not confirmed false alarms; no primary selection",3,0.95,recentred_enbpi_updated
Eagle_assembly_Benny,availability_only,3475,3475,0,144.79166666666666,144.79166666666666,0,0.0,0.0,0,not_estimable_empty_event_catalogue,"background episodes, not confirmed false alarms; no primary selection",3,0.95,recentred_enbpi_updated
Eagle_assembly_Benny,combined,3475,3475,0,144.79166666666666,144.79166666666666,77,0.5317985611510792,0.036546762589928054,0,not_estimable_empty_event_catalogue,"background episodes, not confirmed false alarms; no primary selection",3,0.95,recentred_enbpi_updated
Eagle_assembly_Ian,numerical_only,3475,3475,0,144.79166666666666,144.79166666666666,136,0.9392805755395685,0.08633093525179857,0,not_estimable_empty_event_catalogue,"background episodes, not confirmed false alarms; no primary selection",3,0.95,recentred_enbpi_updated
Eagle_assembly_Ian,availability_only,3475,3475,0,144.79166666666666,144.79166666666666,0,0.0,0.0,0,not_estimable_empty_event_catalogue,"background episodes, not confirmed false alarms; no primary selection",3,0.95,recentred_enbpi_updated
Eagle_assembly_Ian,combined,3475,3475,0,144.79166666666666,144.79166666666666,136,0.9392805755395685,0.08633093525179857,0,not_estimable_empty_event_catalogue,"background episodes, not confirmed false alarms; no primary selection",3,0.95,recentred_enbpi_updated
Fox_education_Henrietta,numerical_only,3475,3475,0,144.79166666666666,144.79166666666666,65,0.44892086330935255,0.0339568345323741,0,not_estimable_empty_event_catalogue,"background episodes, not confirmed false alarms; no primary selection",3,0.95,recentred_enbpi_updated
Fox_education_Henrietta,availability_only,3475,3475,0,144.79166666666666,144.79166666666666,0,0.0,0.0,0,not_estimable_empty_event_catalogue,"background episodes, not confirmed false alarms; no primary selection",3,0.95,recentred_enbpi_updated
Fox_education_Henrietta,combined,3475,3475,0,144.79166666666666,144.79166666666666,65,0.44892086330935255,0.0339568345323741,0,not_estimable_empty_event_catalogue,"background episodes, not confirmed false alarms; no primary selection",3,0.95,recentred_enbpi_updated
Hog_assembly_Colette,numerical_only,3475,3475,0,144.79166666666666,144.79166666666666,71,0.49035971223021585,0.04316546762589928,0,not_estimable_empty_event_catalogue,"background episodes, not confirmed false alarms; no primary selection",3,0.95,recentred_enbpi_updated
Hog_assembly_Colette,availability_only,3475,3475,0,144.79166666666666,144.79166666666666,0,0.0,0.0,0,not_estimable_empty_event_catalogue,"background episodes, not confirmed false alarms; no primary selection",3,0.95,recentred_enbpi_updated
Hog_assembly_Colette,combined,3475,3475,0,144.79166666666666,144.79166666666666,71,0.49035971223021585,0.04316546762589928,0,not_estimable_empty_event_catalogue,"background episodes, not confirmed false alarms; no primary selection",3,0.95,recentred_enbpi_updated
Hog_assembly_Dona,numerical_only,3475,3475,0,144.79166666666666,144.79166666666666,98,0.6768345323741007,0.035683453237410075,0,not_estimable_empty_event_catalogue,"background episodes, not confirmed false alarms; no primary selection",3,0.95,recentred_enbpi_updated
Hog_assembly_Dona,availability_only,3475,3475,0,144.79166666666666,144.79166666666666,0,0.0,0.0,0,not_estimable_empty_event_catalogue,"background episodes, not confirmed false alarms; no primary selection",3,0.95,recentred_enbpi_updated
Hog_assembly_Dona,combined,3475,3475,0,144.79166666666666,144.79166666666666,98,0.6768345323741007,0.035683453237410075,0,not_estimable_empty_event_catalogue,"background episodes, not confirmed false alarms; no primary selection",3,0.95,recentred_enbpi_updated
Lamb_assembly_Bertie,numerical_only,3475,3475,0,144.79166666666666,144.79166666666666,31,0.21410071942446043,0.017553956834532373,0,not_estimable_empty_event_catalogue,"background episodes, not confirmed false alarms; no primary selection",3,0.95,recentred_enbpi_updated
Lamb_assembly_Bertie,availability_only,3475,3475,0,144.79166666666666,144.79166666666666,0,0.0,0.0,0,not_estimable_empty_event_catalogue,"background episodes, not confirmed false alarms; no primary selection",3,0.95,recentred_enbpi_updated
Lamb_assembly_Bertie,combined,3475,3475,0,144.79166666666666,144.79166666666666,31,0.21410071942446043,0.017553956834532373,0,not_estimable_empty_event_catalogue,"background episodes, not confirmed false alarms; no primary selection",3,0.95,recentred_enbpi_updated
Lamb_assembly_Cesar,numerical_only,3475,3475,0,144.79166666666666,144.79166666666666,99,0.6837410071942447,0.08115107913669065,0,not_estimable_empty_event_catalogue,"background episodes, not confirmed false alarms; no primary selection",3,0.95,recentred_enbpi_updated
Lamb_assembly_Cesar,availability_only,3475,3475,0,144.79166666666666,144.79166666666666,0,0.0,0.0,0,not_estimable_empty_event_catalogue,"background episodes, not confirmed false alarms; no primary selection",3,0.95,recentred_enbpi_updated
Lamb_assembly_Cesar,combined,3475,3475,0,144.79166666666666,144.79166666666666,99,0.6837410071942447,0.08115107913669065,0,not_estimable_empty_event_catalogue,"background episodes, not confirmed false alarms; no primary selection",3,0.95,recentred_enbpi_updated
Moose_education_Ricardo,numerical_only,3365,3365,0,140.20833333333331,140.20833333333331,95,0.6775631500742944,0.061218424962852895,0,not_estimable_empty_event_catalogue,"background episodes, not confirmed false alarms; no primary selection",3,0.95,recentred_enbpi_updated
Moose_education_Ricardo,availability_only,3365,3365,0,140.20833333333331,140.20833333333331,0,0.0,0.0,0,not_estimable_empty_event_catalogue,"background episodes, not confirmed false alarms; no primary selection",3,0.95,recentred_enbpi_updated
Moose_education_Ricardo,combined,3365,3365,0,140.20833333333331,140.20833333333331,95,0.6775631500742944,0.061218424962852895,0,not_estimable_empty_event_catalogue,"background episodes, not confirmed false alarms; no primary selection",3,0.95,recentred_enbpi_updated
Mouse_health_Estela,numerical_only,3475,3475,0,144.79166666666666,144.79166666666666,60,0.41438848920863314,0.04460431654676259,0,not_estimable_empty_event_catalogue,"background episodes, not confirmed false alarms; no primary selection",3,0.95,recentred_enbpi_updated
Mouse_health_Estela,availability_only,3475,3475,0,144.79166666666666,144.79166666666666,0,0.0,0.0,0,not_estimable_empty_event_catalogue,"background episodes, not confirmed false alarms; no primary selection",3,0.95,recentred_enbpi_updated
Mouse_health_Estela,combined,3475,3475,0,144.79166666666666,144.79166666666666,60,0.41438848920863314,0.04460431654676259,0,not_estimable_empty_event_catalogue,"background episodes, not confirmed false alarms; no primary selection",3,0.95,recentred_enbpi_updated
Mouse_health_Justin,numerical_only,3475,3475,0,144.79166666666666,144.79166666666666,46,0.31769784172661875,0.027338129496402876,0,not_estimable_empty_event_catalogue,"background episodes, not confirmed false alarms; no primary selection",3,0.95,recentred_enbpi_updated
Mouse_health_Justin,availability_only,3475,3475,0,144.79166666666666,144.79166666666666,0,0.0,0.0,0,not_estimable_empty_event_catalogue,"background episodes, not confirmed false alarms; no primary selection",3,0.95,recentred_enbpi_updated
Mouse_health_Justin,combined,3475,3475,0,144.79166666666666,144.79166666666666,46,0.31769784172661875,0.027338129496402876,0,not_estimable_empty_event_catalogue,"background episodes, not confirmed false alarms; no primary selection",3,0.95,recentred_enbpi_updated
__pooled__,numerical_only,34590,34590,0,1441.25,1441.25,858,0.595316565481353,0.050766117374963865,0,not_estimable_empty_event_catalogue,"background episodes, not confirmed false alarms; no primary selection",3,0.95,dscp
__pooled__,availability_only,34590,34590,0,1441.25,1441.25,0,0.0,0.0,0,not_estimable_empty_event_catalogue,"background episodes, not confirmed false alarms; no primary selection",3,0.95,dscp
__pooled__,combined,34590,34590,0,1441.25,1441.25,858,0.595316565481353,0.050766117374963865,0,not_estimable_empty_event_catalogue,"background episodes, not confirmed false alarms; no primary selection",3,0.95,dscp
Eagle_assembly_Benny,numerical_only,3470,3470,0,144.58333333333331,144.58333333333331,15,0.10374639769452451,0.006051873198847263,0,not_estimable_empty_event_catalogue,"background episodes, not confirmed false alarms; no primary selection",3,0.95,dscp
Eagle_assembly_Benny,availability_only,3470,3470,0,144.58333333333331,144.58333333333331,0,0.0,0.0,0,not_estimable_empty_event_catalogue,"background episodes, not confirmed false alarms; no primary selection",3,0.95,dscp
Eagle_assembly_Benny,combined,3470,3470,0,144.58333333333331,144.58333333333331,15,0.10374639769452451,0.006051873198847263,0,not_estimable_empty_event_catalogue,"background episodes, not confirmed false alarms; no primary selection",3,0.95,dscp
Eagle_assembly_Ian,numerical_only,3470,3470,0,144.58333333333331,144.58333333333331,331,2.2893371757925074,0.2250720461095101,0,not_estimable_empty_event_catalogue,"background episodes, not confirmed false alarms; no primary selection",3,0.95,dscp
Eagle_assembly_Ian,availability_only,3470,3470,0,144.58333333333331,144.58333333333331,0,0.0,0.0,0,not_estimable_empty_event_catalogue,"background episodes, not confirmed false alarms; no primary selection",3,0.95,dscp
Eagle_assembly_Ian,combined,3470,3470,0,144.58333333333331,144.58333333333331,331,2.2893371757925074,0.2250720461095101,0,not_estimable_empty_event_catalogue,"background episodes, not confirmed false alarms; no primary selection",3,0.95,dscp
Fox_education_Henrietta,numerical_only,3470,3470,0,144.58333333333331,144.58333333333331,0,0.0,0.0,0,not_estimable_empty_event_catalogue,"background episodes, not confirmed false alarms; no primary selection",3,0.95,dscp
Fox_education_Henrietta,availability_only,3470,3470,0,144.58333333333331,144.58333333333331,0,0.0,0.0,0,not_estimable_empty_event_catalogue,"background episodes, not confirmed false alarms; no primary selection",3,0.95,dscp
Fox_education_Henrietta,combined,3470,3470,0,144.58333333333331,144.58333333333331,0,0.0,0.0,0,not_estimable_empty_event_catalogue,"background episodes, not confirmed false alarms; no primary selection",3,0.95,dscp
Hog_assembly_Colette,numerical_only,3470,3470,0,144.58333333333331,144.58333333333331,230,1.590778097982709,0.1106628242074928,0,not_estimable_empty_event_catalogue,"background episodes, not confirmed false alarms; no primary selection",3,0.95,dscp
Hog_assembly_Colette,availability_only,3470,3470,0,144.58333333333331,144.58333333333331,0,0.0,0.0,0,not_estimable_empty_event_catalogue,"background episodes, not confirmed false alarms; no primary selection",3,0.95,dscp
Hog_assembly_Colette,combined,3470,3470,0,144.58333333333331,144.58333333333331,230,1.590778097982709,0.1106628242074928,0,not_estimable_empty_event_catalogue,"background episodes, not confirmed false alarms; no primary selection",3,0.95,dscp
Hog_assembly_Dona,numerical_only,3470,3470,0,144.58333333333331,144.58333333333331,71,0.49106628242074934,0.025072046109510086,0,not_estimable_empty_event_catalogue,"background episodes, not confirmed false alarms; no primary selection",3,0.95,dscp
Hog_assembly_Dona,availability_only,3470,3470,0,144.58333333333331,144.58333333333331,0,0.0,0.0,0,not_estimable_empty_event_catalogue,"background episodes, not confirmed false alarms; no primary selection",3,0.95,dscp
Hog_assembly_Dona,combined,3470,3470,0,144.58333333333331,144.58333333333331,71,0.49106628242074934,0.025072046109510086,0,not_estimable_empty_event_catalogue,"background episodes, not confirmed false alarms; no primary selection",3,0.95,dscp
Lamb_assembly_Bertie,numerical_only,3470,3470,0,144.58333333333331,144.58333333333331,175,1.2103746397694526,0.11498559077809799,0,not_estimable_empty_event_catalogue,"background episodes, not confirmed false alarms; no primary selection",3,0.95,dscp
Lamb_assembly_Bertie,availability_only,3470,3470,0,144.58333333333331,144.58333333333331,0,0.0,0.0,0,not_estimable_empty_event_catalogue,"background episodes, not confirmed false alarms; no primary selection",3,0.95,dscp
Lamb_assembly_Bertie,combined,3470,3470,0,144.58333333333331,144.58333333333331,175,1.2103746397694526,0.11498559077809799,0,not_estimable_empty_event_catalogue,"background episodes, not confirmed false alarms; no primary selection",3,0.95,dscp
Lamb_assembly_Cesar,numerical_only,3470,3470,0,144.58333333333331,144.58333333333331,0,0.0,0.0,0,not_estimable_empty_event_catalogue,"background episodes, not confirmed false alarms; no primary selection",3,0.95,dscp
Lamb_assembly_Cesar,availability_only,3470,3470,0,144.58333333333331,144.58333333333331,0,0.0,0.0,0,not_estimable_empty_event_catalogue,"background episodes, not confirmed false alarms; no primary selection",3,0.95,dscp
Lamb_assembly_Cesar,combined,3470,3470,0,144.58333333333331,144.58333333333331,0,0.0,0.0,0,not_estimable_empty_event_catalogue,"background episodes, not confirmed false alarms; no primary selection",3,0.95,dscp
Moose_education_Ricardo,numerical_only,3360,3360,0,140.0,140.0,0,0.0,0.0,0,not_estimable_empty_event_catalogue,"background episodes, not confirmed false alarms; no primary selection",3,0.95,dscp
Moose_education_Ricardo,availability_only,3360,3360,0,140.0,140.0,0,0.0,0.0,0,not_estimable_empty_event_catalogue,"background episodes, not confirmed false alarms; no primary selection",3,0.95,dscp
Moose_education_Ricardo,combined,3360,3360,0,140.0,140.0,0,0.0,0.0,0,not_estimable_empty_event_catalogue,"background episodes, not confirmed false alarms; no primary selection",3,0.95,dscp
Mouse_health_Estela,numerical_only,3470,3470,0,144.58333333333331,144.58333333333331,13,0.0899135446685879,0.007204610951008645,0,not_estimable_empty_event_catalogue,"background episodes, not confirmed false alarms; no primary selection",3,0.95,dscp
Mouse_health_Estela,availability_only,3470,3470,0,144.58333333333331,144.58333333333331,0,0.0,0.0,0,not_estimable_empty_event_catalogue,"background episodes, not confirmed false alarms; no primary selection",3,0.95,dscp
Mouse_health_Estela,combined,3470,3470,0,144.58333333333331,144.58333333333331,13,0.0899135446685879,0.007204610951008645,0,not_estimable_empty_event_catalogue,"background episodes, not confirmed false alarms; no primary selection",3,0.95,dscp
Mouse_health_Justin,numerical_only,3470,3470,0,144.58333333333331,144.58333333333331,23,0.1590778097982709,0.017002881844380403,0,not_estimable_empty_event_catalogue,"background episodes, not confirmed false alarms; no primary selection",3,0.95,dscp
Mouse_health_Justin,availability_only,3470,3470,0,144.58333333333331,144.58333333333331,0,0.0,0.0,0,not_estimable_empty_event_catalogue,"background episodes, not confirmed false alarms; no primary selection",3,0.95,dscp
Mouse_health_Justin,combined,3470,3470,0,144.58333333333331,144.58333333333331,23,0.1590778097982709,0.017002881844380403,0,not_estimable_empty_event_catalogue,"background episodes, not confirmed false alarms; no primary selection",3,0.95,dscp
__pooled__,numerical_only,34640,34640,0,1443.3333333333333,1443.3333333333333,2346,1.62540415704388,0.19587182448036952,0,not_estimable_empty_event_catalogue,"background episodes, not confirmed false alarms; no primary selection",6,0.9,quantile_uncalibrated
__pooled__,availability_only,34640,34640,0,1443.3333333333333,1443.3333333333333,0,0.0,0.0,0,not_estimable_empty_event_catalogue,"background episodes, not confirmed false alarms; no primary selection",6,0.9,quantile_uncalibrated
__pooled__,combined,34640,34640,0,1443.3333333333333,1443.3333333333333,2346,1.62540415704388,0.19587182448036952,0,not_estimable_empty_event_catalogue,"background episodes, not confirmed false alarms; no primary selection",6,0.9,quantile_uncalibrated
Eagle_assembly_Benny,numerical_only,3475,3475,0,144.79166666666666,144.79166666666666,207,1.4296402877697842,0.11107913669064748,0,not_estimable_empty_event_catalogue,"background episodes, not confirmed false alarms; no primary selection",6,0.9,quantile_uncalibrated
Eagle_assembly_Benny,availability_only,3475,3475,0,144.79166666666666,144.79166666666666,0,0.0,0.0,0,not_estimable_empty_event_catalogue,"background episodes, not confirmed false alarms; no primary selection",6,0.9,quantile_uncalibrated
Eagle_assembly_Benny,combined,3475,3475,0,144.79166666666666,144.79166666666666,207,1.4296402877697842,0.11107913669064748,0,not_estimable_empty_event_catalogue,"background episodes, not confirmed false alarms; no primary selection",6,0.9,quantile_uncalibrated
Eagle_assembly_Ian,numerical_only,3475,3475,0,144.79166666666666,144.79166666666666,337,2.3274820143884893,0.24805755395683454,0,not_estimable_empty_event_catalogue,"background episodes, not confirmed false alarms; no primary selection",6,0.9,quantile_uncalibrated
Eagle_assembly_Ian,availability_only,3475,3475,0,144.79166666666666,144.79166666666666,0,0.0,0.0,0,not_estimable_empty_event_catalogue,"background episodes, not confirmed false alarms; no primary selection",6,0.9,quantile_uncalibrated
Eagle_assembly_Ian,combined,3475,3475,0,144.79166666666666,144.79166666666666,337,2.3274820143884893,0.24805755395683454,0,not_estimable_empty_event_catalogue,"background episodes, not confirmed false alarms; no primary selection",6,0.9,quantile_uncalibrated
Fox_education_Henrietta,numerical_only,3475,3475,0,144.79166666666666,144.79166666666666,232,1.6023021582733814,0.25582733812949643,0,not_estimable_empty_event_catalogue,"background episodes, not confirmed false alarms; no primary selection",6,0.9,quantile_uncalibrated
Fox_education_Henrietta,availability_only,3475,3475,0,144.79166666666666,144.79166666666666,0,0.0,0.0,0,not_estimable_empty_event_catalogue,"background episodes, not confirmed false alarms; no primary selection",6,0.9,quantile_uncalibrated
Fox_education_Henrietta,combined,3475,3475,0,144.79166666666666,144.79166666666666,232,1.6023021582733814,0.25582733812949643,0,not_estimable_empty_event_catalogue,"background episodes, not confirmed false alarms; no primary selection",6,0.9,quantile_uncalibrated
Hog_assembly_Colette,numerical_only,3475,3475,0,144.79166666666666,144.79166666666666,414,2.8592805755395685,0.20172661870503597,0,not_estimable_empty_event_catalogue,"background episodes, not confirmed false alarms; no primary selection",6,0.9,quantile_uncalibrated
Hog_assembly_Colette,availability_only,3475,3475,0,144.79166666666666,144.79166666666666,0,0.0,0.0,0,not_estimable_empty_event_catalogue,"background episodes, not confirmed false alarms; no primary selection",6,0.9,quantile_uncalibrated
Hog_assembly_Colette,combined,3475,3475,0,144.79166666666666,144.79166666666666,414,2.8592805755395685,0.20172661870503597,0,not_estimable_empty_event_catalogue,"background episodes, not confirmed false alarms; no primary selection",6,0.9,quantile_uncalibrated
Hog_assembly_Dona,numerical_only,3475,3475,0,144.79166666666666,144.79166666666666,242,1.6713669064748202,0.09352517985611511,0,not_estimable_empty_event_catalogue,"background episodes, not confirmed false alarms; no primary selection",6,0.9,quantile_uncalibrated
Hog_assembly_Dona,availability_only,3475,3475,0,144.79166666666666,144.79166666666666,0,0.0,0.0,0,not_estimable_empty_event_catalogue,"background episodes, not confirmed false alarms; no primary selection",6,0.9,quantile_uncalibrated
Hog_assembly_Dona,combined,3475,3475,0,144.79166666666666,144.79166666666666,242,1.6713669064748202,0.09352517985611511,0,not_estimable_empty_event_catalogue,"background episodes, not confirmed false alarms; no primary selection",6,0.9,quantile_uncalibrated
Lamb_assembly_Bertie,numerical_only,3475,3475,0,144.79166666666666,144.79166666666666,199,1.374388489208633,0.33611510791366905,0,not_estimable_empty_event_catalogue,"background episodes, not confirmed false alarms; no primary selection",6,0.9,quantile_uncalibrated
Lamb_assembly_Bertie,availability_only,3475,3475,0,144.79166666666666,144.79166666666666,0,0.0,0.0,0,not_estimable_empty_event_catalogue,"background episodes, not confirmed false alarms; no primary selection",6,0.9,quantile_uncalibrated
Lamb_assembly_Bertie,combined,3475,3475,0,144.79166666666666,144.79166666666666,199,1.374388489208633,0.33611510791366905,0,not_estimable_empty_event_catalogue,"background episodes, not confirmed false alarms; no primary selection",6,0.9,quantile_uncalibrated
Lamb_assembly_Cesar,numerical_only,3475,3475,0,144.79166666666666,144.79166666666666,208,1.4365467625899282,0.34474820143884893,0,not_estimable_empty_event_catalogue,"background episodes, not confirmed false alarms; no primary selection",6,0.9,quantile_uncalibrated
Lamb_assembly_Cesar,availability_only,3475,3475,0,144.79166666666666,144.79166666666666,0,0.0,0.0,0,not_estimable_empty_event_catalogue,"background episodes, not confirmed false alarms; no primary selection",6,0.9,quantile_uncalibrated
Lamb_assembly_Cesar,combined,3475,3475,0,144.79166666666666,144.79166666666666,208,1.4365467625899282,0.34474820143884893,0,not_estimable_empty_event_catalogue,"background episodes, not confirmed false alarms; no primary selection",6,0.9,quantile_uncalibrated
Moose_education_Ricardo,numerical_only,3365,3365,0,140.20833333333331,140.20833333333331,91,0.6490341753343241,0.06567607726597326,0,not_estimable_empty_event_catalogue,"background episodes, not confirmed false alarms; no primary selection",6,0.9,quantile_uncalibrated
Moose_education_Ricardo,availability_only,3365,3365,0,140.20833333333331,140.20833333333331,0,0.0,0.0,0,not_estimable_empty_event_catalogue,"background episodes, not confirmed false alarms; no primary selection",6,0.9,quantile_uncalibrated
Moose_education_Ricardo,combined,3365,3365,0,140.20833333333331,140.20833333333331,91,0.6490341753343241,0.06567607726597326,0,not_estimable_empty_event_catalogue,"background episodes, not confirmed false alarms; no primary selection",6,0.9,quantile_uncalibrated
Mouse_health_Estela,numerical_only,3475,3475,0,144.79166666666666,144.79166666666666,171,1.1810071942446043,0.09985611510791367,0,not_estimable_empty_event_catalogue,"background episodes, not confirmed false alarms; no primary selection",6,0.9,quantile_uncalibrated
Mouse_health_Estela,availability_only,3475,3475,0,144.79166666666666,144.79166666666666,0,0.0,0.0,0,not_estimable_empty_event_catalogue,"background episodes, not confirmed false alarms; no primary selection",6,0.9,quantile_uncalibrated
Mouse_health_Estela,combined,3475,3475,0,144.79166666666666,144.79166666666666,171,1.1810071942446043,0.09985611510791367,0,not_estimable_empty_event_catalogue,"background episodes, not confirmed false alarms; no primary selection",6,0.9,quantile_uncalibrated
Mouse_health_Justin,numerical_only,3475,3475,0,144.79166666666666,144.79166666666666,245,1.6920863309352518,0.19798561151079136,0,not_estimable_empty_event_catalogue,"background episodes, not confirmed false alarms; no primary selection",6,0.9,quantile_uncalibrated
Mouse_health_Justin,availability_only,3475,3475,0,144.79166666666666,144.79166666666666,0,0.0,0.0,0,not_estimable_empty_event_catalogue,"background episodes, not confirmed false alarms; no primary selection",6,0.9,quantile_uncalibrated
Mouse_health_Justin,combined,3475,3475,0,144.79166666666666,144.79166666666666,245,1.6920863309352518,0.19798561151079136,0,not_estimable_empty_event_catalogue,"background episodes, not confirmed false alarms; no primary selection",6,0.9,quantile_uncalibrated
__pooled__,numerical_only,34640,34640,0,1443.3333333333333,1443.3333333333333,1506,1.043418013856813,0.11192263279445727,0,not_estimable_empty_event_catalogue,"background episodes, not confirmed false alarms; no primary selection",6,0.9,cqr
__pooled__,availability_only,34640,34640,0,1443.3333333333333,1443.3333333333333,0,0.0,0.0,0,not_estimable_empty_event_catalogue,"background episodes, not confirmed false alarms; no primary selection",6,0.9,cqr
__pooled__,combined,34640,34640,0,1443.3333333333333,1443.3333333333333,1506,1.043418013856813,0.11192263279445727,0,not_estimable_empty_event_catalogue,"background episodes, not confirmed false alarms; no primary selection",6,0.9,cqr
Eagle_assembly_Benny,numerical_only,3475,3475,0,144.79166666666666,144.79166666666666,88,0.6077697841726619,0.041151079136690645,0,not_estimable_empty_event_catalogue,"background episodes, not confirmed false alarms; no primary selection",6,0.9,cqr
Eagle_assembly_Benny,availability_only,3475,3475,0,144.79166666666666,144.79166666666666,0,0.0,0.0,0,not_estimable_empty_event_catalogue,"background episodes, not confirmed false alarms; no primary selection",6,0.9,cqr
Eagle_assembly_Benny,combined,3475,3475,0,144.79166666666666,144.79166666666666,88,0.6077697841726619,0.041151079136690645,0,not_estimable_empty_event_catalogue,"background episodes, not confirmed false alarms; no primary selection",6,0.9,cqr
Eagle_assembly_Ian,numerical_only,3475,3475,0,144.79166666666666,144.79166666666666,306,2.1133812949640287,0.220431654676259,0,not_estimable_empty_event_catalogue,"background episodes, not confirmed false alarms; no primary selection",6,0.9,cqr
Eagle_assembly_Ian,availability_only,3475,3475,0,144.79166666666666,144.79166666666666,0,0.0,0.0,0,not_estimable_empty_event_catalogue,"background episodes, not confirmed false alarms; no primary selection",6,0.9,cqr
Eagle_assembly_Ian,combined,3475,3475,0,144.79166666666666,144.79166666666666,306,2.1133812949640287,0.220431654676259,0,not_estimable_empty_event_catalogue,"background episodes, not confirmed false alarms; no primary selection",6,0.9,cqr
Fox_education_Henrietta,numerical_only,3475,3475,0,144.79166666666666,144.79166666666666,26,0.17956834532374102,0.014676258992805755,0,not_estimable_empty_event_catalogue,"background episodes, not confirmed false alarms; no primary selection",6,0.9,cqr
Fox_education_Henrietta,availability_only,3475,3475,0,144.79166666666666,144.79166666666666,0,0.0,0.0,0,not_estimable_empty_event_catalogue,"background episodes, not confirmed false alarms; no primary selection",6,0.9,cqr
Fox_education_Henrietta,combined,3475,3475,0,144.79166666666666,144.79166666666666,26,0.17956834532374102,0.014676258992805755,0,not_estimable_empty_event_catalogue,"background episodes, not confirmed false alarms; no primary selection",6,0.9,cqr
Hog_assembly_Colette,numerical_only,3475,3475,0,144.79166666666666,144.79166666666666,352,2.4310791366906477,0.17697841726618704,0,not_estimable_empty_event_catalogue,"background episodes, not confirmed false alarms; no primary selection",6,0.9,cqr
Hog_assembly_Colette,availability_only,3475,3475,0,144.79166666666666,144.79166666666666,0,0.0,0.0,0,not_estimable_empty_event_catalogue,"background episodes, not confirmed false alarms; no primary selection",6,0.9,cqr
Hog_assembly_Colette,combined,3475,3475,0,144.79166666666666,144.79166666666666,352,2.4310791366906477,0.17697841726618704,0,not_estimable_empty_event_catalogue,"background episodes, not confirmed false alarms; no primary selection",6,0.9,cqr
Hog_assembly_Dona,numerical_only,3475,3475,0,144.79166666666666,144.79166666666666,196,1.3536690647482015,0.07453237410071943,0,not_estimable_empty_event_catalogue,"background episodes, not confirmed false alarms; no primary selection",6,0.9,cqr
Hog_assembly_Dona,availability_only,3475,3475,0,144.79166666666666,144.79166666666666,0,0.0,0.0,0,not_estimable_empty_event_catalogue,"background episodes, not confirmed false alarms; no primary selection",6,0.9,cqr
Hog_assembly_Dona,combined,3475,3475,0,144.79166666666666,144.79166666666666,196,1.3536690647482015,0.07453237410071943,0,not_estimable_empty_event_catalogue,"background episodes, not confirmed false alarms; no primary selection",6,0.9,cqr
Lamb_assembly_Bertie,numerical_only,3475,3475,0,144.79166666666666,144.79166666666666,151,1.0428776978417267,0.18733812949640288,0,not_estimable_empty_event_catalogue,"background episodes, not confirmed false alarms; no primary selection",6,0.9,cqr
Lamb_assembly_Bertie,availability_only,3475,3475,0,144.79166666666666,144.79166666666666,0,0.0,0.0,0,not_estimable_empty_event_catalogue,"background episodes, not confirmed false alarms; no primary selection",6,0.9,cqr
Lamb_assembly_Bertie,combined,3475,3475,0,144.79166666666666,144.79166666666666,151,1.0428776978417267,0.18733812949640288,0,not_estimable_empty_event_catalogue,"background episodes, not confirmed false alarms; no primary selection",6,0.9,cqr
Lamb_assembly_Cesar,numerical_only,3475,3475,0,144.79166666666666,144.79166666666666,41,0.2831654676258993,0.15050359712230216,0,not_estimable_empty_event_catalogue,"background episodes, not confirmed false alarms; no primary selection",6,0.9,cqr
Lamb_assembly_Cesar,availability_only,3475,3475,0,144.79166666666666,144.79166666666666,0,0.0,0.0,0,not_estimable_empty_event_catalogue,"background episodes, not confirmed false alarms; no primary selection",6,0.9,cqr
Lamb_assembly_Cesar,combined,3475,3475,0,144.79166666666666,144.79166666666666,41,0.2831654676258993,0.15050359712230216,0,not_estimable_empty_event_catalogue,"background episodes, not confirmed false alarms; no primary selection",6,0.9,cqr
Moose_education_Ricardo,numerical_only,3365,3365,0,140.20833333333331,140.20833333333331,55,0.39227340267459143,0.036552748885586926,0,not_estimable_empty_event_catalogue,"background episodes, not confirmed false alarms; no primary selection",6,0.9,cqr
Moose_education_Ricardo,availability_only,3365,3365,0,140.20833333333331,140.20833333333331,0,0.0,0.0,0,not_estimable_empty_event_catalogue,"background episodes, not confirmed false alarms; no primary selection",6,0.9,cqr
Moose_education_Ricardo,combined,3365,3365,0,140.20833333333331,140.20833333333331,55,0.39227340267459143,0.036552748885586926,0,not_estimable_empty_event_catalogue,"background episodes, not confirmed false alarms; no primary selection",6,0.9,cqr
Mouse_health_Estela,numerical_only,3475,3475,0,144.79166666666666,144.79166666666666,95,0.6561151079136691,0.05467625899280575,0,not_estimable_empty_event_catalogue,"background episodes, not confirmed false alarms; no primary selection",6,0.9,cqr
Mouse_health_Estela,availability_only,3475,3475,0,144.79166666666666,144.79166666666666,0,0.0,0.0,0,not_estimable_empty_event_catalogue,"background episodes, not confirmed false alarms; no primary selection",6,0.9,cqr
Mouse_health_Estela,combined,3475,3475,0,144.79166666666666,144.79166666666666,95,0.6561151079136691,0.05467625899280575,0,not_estimable_empty_event_catalogue,"background episodes, not confirmed false alarms; no primary selection",6,0.9,cqr
Mouse_health_Justin,numerical_only,3475,3475,0,144.79166666666666,144.79166666666666,196,1.3536690647482015,0.16,0,not_estimable_empty_event_catalogue,"background episodes, not confirmed false alarms; no primary selection",6,0.9,cqr
Mouse_health_Justin,availability_only,3475,3475,0,144.79166666666666,144.79166666666666,0,0.0,0.0,0,not_estimable_empty_event_catalogue,"background episodes, not confirmed false alarms; no primary selection",6,0.9,cqr
Mouse_health_Justin,combined,3475,3475,0,144.79166666666666,144.79166666666666,196,1.3536690647482015,0.16,0,not_estimable_empty_event_catalogue,"background episodes, not confirmed false alarms; no primary selection",6,0.9,cqr
__pooled__,numerical_only,34640,34640,0,1443.3333333333333,1443.3333333333333,1137,0.7877598152424943,0.0934757505773672,0,not_estimable_empty_event_catalogue,"background episodes, not confirmed false alarms; no primary selection",6,0.9,recentred_enbpi_static
__pooled__,availability_only,34640,34640,0,1443.3333333333333,1443.3333333333333,0,0.0,0.0,0,not_estimable_empty_event_catalogue,"background episodes, not confirmed false alarms; no primary selection",6,0.9,recentred_enbpi_static
__pooled__,combined,34640,34640,0,1443.3333333333333,1443.3333333333333,1137,0.7877598152424943,0.0934757505773672,0,not_estimable_empty_event_catalogue,"background episodes, not confirmed false alarms; no primary selection",6,0.9,recentred_enbpi_static
Eagle_assembly_Benny,numerical_only,3475,3475,0,144.79166666666666,144.79166666666666,0,0.0,0.0,0,not_estimable_empty_event_catalogue,"background episodes, not confirmed false alarms; no primary selection",6,0.9,recentred_enbpi_static
Eagle_assembly_Benny,availability_only,3475,3475,0,144.79166666666666,144.79166666666666,0,0.0,0.0,0,not_estimable_empty_event_catalogue,"background episodes, not confirmed false alarms; no primary selection",6,0.9,recentred_enbpi_static
Eagle_assembly_Benny,combined,3475,3475,0,144.79166666666666,144.79166666666666,0,0.0,0.0,0,not_estimable_empty_event_catalogue,"background episodes, not confirmed false alarms; no primary selection",6,0.9,recentred_enbpi_static
Eagle_assembly_Ian,numerical_only,3475,3475,0,144.79166666666666,144.79166666666666,406,2.8040287769784173,0.43194244604316545,0,not_estimable_empty_event_catalogue,"background episodes, not confirmed false alarms; no primary selection",6,0.9,recentred_enbpi_static
Eagle_assembly_Ian,availability_only,3475,3475,0,144.79166666666666,144.79166666666666,0,0.0,0.0,0,not_estimable_empty_event_catalogue,"background episodes, not confirmed false alarms; no primary selection",6,0.9,recentred_enbpi_static
Eagle_assembly_Ian,combined,3475,3475,0,144.79166666666666,144.79166666666666,406,2.8040287769784173,0.43194244604316545,0,not_estimable_empty_event_catalogue,"background episodes, not confirmed false alarms; no primary selection",6,0.9,recentred_enbpi_static
Fox_education_Henrietta,numerical_only,3475,3475,0,144.79166666666666,144.79166666666666,0,0.0,0.0,0,not_estimable_empty_event_catalogue,"background episodes, not confirmed false alarms; no primary selection",6,0.9,recentred_enbpi_static
Fox_education_Henrietta,availability_only,3475,3475,0,144.79166666666666,144.79166666666666,0,0.0,0.0,0,not_estimable_empty_event_catalogue,"background episodes, not confirmed false alarms; no primary selection",6,0.9,recentred_enbpi_static
Fox_education_Henrietta,combined,3475,3475,0,144.79166666666666,144.79166666666666,0,0.0,0.0,0,not_estimable_empty_event_catalogue,"background episodes, not confirmed false alarms; no primary selection",6,0.9,recentred_enbpi_static
Hog_assembly_Colette,numerical_only,3475,3475,0,144.79166666666666,144.79166666666666,342,2.3620143884892086,0.21755395683453238,0,not_estimable_empty_event_catalogue,"background episodes, not confirmed false alarms; no primary selection",6,0.9,recentred_enbpi_static
Hog_assembly_Colette,availability_only,3475,3475,0,144.79166666666666,144.79166666666666,0,0.0,0.0,0,not_estimable_empty_event_catalogue,"background episodes, not confirmed false alarms; no primary selection",6,0.9,recentred_enbpi_static
Hog_assembly_Colette,combined,3475,3475,0,144.79166666666666,144.79166666666666,342,2.3620143884892086,0.21755395683453238,0,not_estimable_empty_event_catalogue,"background episodes, not confirmed false alarms; no primary selection",6,0.9,recentred_enbpi_static
Hog_assembly_Dona,numerical_only,3475,3475,0,144.79166666666666,144.79166666666666,166,1.146474820143885,0.07021582733812949,0,not_estimable_empty_event_catalogue,"background episodes, not confirmed false alarms; no primary selection",6,0.9,recentred_enbpi_static
Hog_assembly_Dona,availability_only,3475,3475,0,144.79166666666666,144.79166666666666,0,0.0,0.0,0,not_estimable_empty_event_catalogue,"background episodes, not confirmed false alarms; no primary selection",6,0.9,recentred_enbpi_static
Hog_assembly_Dona,combined,3475,3475,0,144.79166666666666,144.79166666666666,166,1.146474820143885,0.07021582733812949,0,not_estimable_empty_event_catalogue,"background episodes, not confirmed false alarms; no primary selection",6,0.9,recentred_enbpi_static
Lamb_assembly_Bertie,numerical_only,3475,3475,0,144.79166666666666,144.79166666666666,63,0.43510791366906476,0.052949640287769786,0,not_estimable_empty_event_catalogue,"background episodes, not confirmed false alarms; no primary selection",6,0.9,recentred_enbpi_static
Lamb_assembly_Bertie,availability_only,3475,3475,0,144.79166666666666,144.79166666666666,0,0.0,0.0,0,not_estimable_empty_event_catalogue,"background episodes, not confirmed false alarms; no primary selection",6,0.9,recentred_enbpi_static
Lamb_assembly_Bertie,combined,3475,3475,0,144.79166666666666,144.79166666666666,63,0.43510791366906476,0.052949640287769786,0,not_estimable_empty_event_catalogue,"background episodes, not confirmed false alarms; no primary selection",6,0.9,recentred_enbpi_static
Lamb_assembly_Cesar,numerical_only,3475,3475,0,144.79166666666666,144.79166666666666,0,0.0,0.0,0,not_estimable_empty_event_catalogue,"background episodes, not confirmed false alarms; no primary selection",6,0.9,recentred_enbpi_static
Lamb_assembly_Cesar,availability_only,3475,3475,0,144.79166666666666,144.79166666666666,0,0.0,0.0,0,not_estimable_empty_event_catalogue,"background episodes, not confirmed false alarms; no primary selection",6,0.9,recentred_enbpi_static
Lamb_assembly_Cesar,combined,3475,3475,0,144.79166666666666,144.79166666666666,0,0.0,0.0,0,not_estimable_empty_event_catalogue,"background episodes, not confirmed false alarms; no primary selection",6,0.9,recentred_enbpi_static
Moose_education_Ricardo,numerical_only,3365,3365,0,140.20833333333331,140.20833333333331,1,0.007132243684992571,0.00029717682020802375,0,not_estimable_empty_event_catalogue,"background episodes, not confirmed false alarms; no primary selection",6,0.9,recentred_enbpi_static
Moose_education_Ricardo,availability_only,3365,3365,0,140.20833333333331,140.20833333333331,0,0.0,0.0,0,not_estimable_empty_event_catalogue,"background episodes, not confirmed false alarms; no primary selection",6,0.9,recentred_enbpi_static
Moose_education_Ricardo,combined,3365,3365,0,140.20833333333331,140.20833333333331,1,0.007132243684992571,0.00029717682020802375,0,not_estimable_empty_event_catalogue,"background episodes, not confirmed false alarms; no primary selection",6,0.9,recentred_enbpi_static
Mouse_health_Estela,numerical_only,3475,3475,0,144.79166666666666,144.79166666666666,39,0.26935251798561155,0.03251798561151079,0,not_estimable_empty_event_catalogue,"background episodes, not confirmed false alarms; no primary selection",6,0.9,recentred_enbpi_static
Mouse_health_Estela,availability_only,3475,3475,0,144.79166666666666,144.79166666666666,0,0.0,0.0,0,not_estimable_empty_event_catalogue,"background episodes, not confirmed false alarms; no primary selection",6,0.9,recentred_enbpi_static
Mouse_health_Estela,combined,3475,3475,0,144.79166666666666,144.79166666666666,39,0.26935251798561155,0.03251798561151079,0,not_estimable_empty_event_catalogue,"background episodes, not confirmed false alarms; no primary selection",6,0.9,recentred_enbpi_static
Mouse_health_Justin,numerical_only,3475,3475,0,144.79166666666666,144.79166666666666,120,0.8287769784172663,0.12633093525179856,0,not_estimable_empty_event_catalogue,"background episodes, not confirmed false alarms; no primary selection",6,0.9,recentred_enbpi_static
Mouse_health_Justin,availability_only,3475,3475,0,144.79166666666666,144.79166666666666,0,0.0,0.0,0,not_estimable_empty_event_catalogue,"background episodes, not confirmed false alarms; no primary selection",6,0.9,recentred_enbpi_static
Mouse_health_Justin,combined,3475,3475,0,144.79166666666666,144.79166666666666,120,0.8287769784172663,0.12633093525179856,0,not_estimable_empty_event_catalogue,"background episodes, not confirmed false alarms; no primary selection",6,0.9,recentred_enbpi_static
__pooled__,numerical_only,34640,34640,0,1443.3333333333333,1443.3333333333333,1146,0.7939953810623557,0.10337759815242495,0,not_estimable_empty_event_catalogue,"background episodes, not confirmed false alarms; no primary selection",6,0.9,recentred_enbpi_updated
__pooled__,availability_only,34640,34640,0,1443.3333333333333,1443.3333333333333,0,0.0,0.0,0,not_estimable_empty_event_catalogue,"background episodes, not confirmed false alarms; no primary selection",6,0.9,recentred_enbpi_updated
__pooled__,combined,34640,34640,0,1443.3333333333333,1443.3333333333333,1146,0.7939953810623557,0.10337759815242495,0,not_estimable_empty_event_catalogue,"background episodes, not confirmed false alarms; no primary selection",6,0.9,recentred_enbpi_updated
Eagle_assembly_Benny,numerical_only,3475,3475,0,144.79166666666666,144.79166666666666,124,0.8564028776978417,0.06762589928057554,0,not_estimable_empty_event_catalogue,"background episodes, not confirmed false alarms; no primary selection",6,0.9,recentred_enbpi_updated
Eagle_assembly_Benny,availability_only,3475,3475,0,144.79166666666666,144.79166666666666,0,0.0,0.0,0,not_estimable_empty_event_catalogue,"background episodes, not confirmed false alarms; no primary selection",6,0.9,recentred_enbpi_updated
Eagle_assembly_Benny,combined,3475,3475,0,144.79166666666666,144.79166666666666,124,0.8564028776978417,0.06762589928057554,0,not_estimable_empty_event_catalogue,"background episodes, not confirmed false alarms; no primary selection",6,0.9,recentred_enbpi_updated
Eagle_assembly_Ian,numerical_only,3475,3475,0,144.79166666666666,144.79166666666666,184,1.270791366906475,0.1720863309352518,0,not_estimable_empty_event_catalogue,"background episodes, not confirmed false alarms; no primary selection",6,0.9,recentred_enbpi_updated
Eagle_assembly_Ian,availability_only,3475,3475,0,144.79166666666666,144.79166666666666,0,0.0,0.0,0,not_estimable_empty_event_catalogue,"background episodes, not confirmed false alarms; no primary selection",6,0.9,recentred_enbpi_updated
Eagle_assembly_Ian,combined,3475,3475,0,144.79166666666666,144.79166666666666,184,1.270791366906475,0.1720863309352518,0,not_estimable_empty_event_catalogue,"background episodes, not confirmed false alarms; no primary selection",6,0.9,recentred_enbpi_updated
Fox_education_Henrietta,numerical_only,3475,3475,0,144.79166666666666,144.79166666666666,107,0.7389928057553957,0.10877697841726619,0,not_estimable_empty_event_catalogue,"background episodes, not confirmed false alarms; no primary selection",6,0.9,recentred_enbpi_updated
Fox_education_Henrietta,availability_only,3475,3475,0,144.79166666666666,144.79166666666666,0,0.0,0.0,0,not_estimable_empty_event_catalogue,"background episodes, not confirmed false alarms; no primary selection",6,0.9,recentred_enbpi_updated
Fox_education_Henrietta,combined,3475,3475,0,144.79166666666666,144.79166666666666,107,0.7389928057553957,0.10877697841726619,0,not_estimable_empty_event_catalogue,"background episodes, not confirmed false alarms; no primary selection",6,0.9,recentred_enbpi_updated
Hog_assembly_Colette,numerical_only,3475,3475,0,144.79166666666666,144.79166666666666,134,0.9254676258992807,0.08028776978417267,0,not_estimable_empty_event_catalogue,"background episodes, not confirmed false alarms; no primary selection",6,0.9,recentred_enbpi_updated
Hog_assembly_Colette,availability_only,3475,3475,0,144.79166666666666,144.79166666666666,0,0.0,0.0,0,not_estimable_empty_event_catalogue,"background episodes, not confirmed false alarms; no primary selection",6,0.9,recentred_enbpi_updated
Hog_assembly_Colette,combined,3475,3475,0,144.79166666666666,144.79166666666666,134,0.9254676258992807,0.08028776978417267,0,not_estimable_empty_event_catalogue,"background episodes, not confirmed false alarms; no primary selection",6,0.9,recentred_enbpi_updated
Hog_assembly_Dona,numerical_only,3475,3475,0,144.79166666666666,144.79166666666666,198,1.3674820143884894,0.08431654676258993,0,not_estimable_empty_event_catalogue,"background episodes, not confirmed false alarms; no primary selection",6,0.9,recentred_enbpi_updated
Hog_assembly_Dona,availability_only,3475,3475,0,144.79166666666666,144.79166666666666,0,0.0,0.0,0,not_estimable_empty_event_catalogue,"background episodes, not confirmed false alarms; no primary selection",6,0.9,recentred_enbpi_updated
Hog_assembly_Dona,combined,3475,3475,0,144.79166666666666,144.79166666666666,198,1.3674820143884894,0.08431654676258993,0,not_estimable_empty_event_catalogue,"background episodes, not confirmed false alarms; no primary selection",6,0.9,recentred_enbpi_updated
Lamb_assembly_Bertie,numerical_only,3475,3475,0,144.79166666666666,144.79166666666666,63,0.43510791366906476,0.053237410071942444,0,not_estimable_empty_event_catalogue,"background episodes, not confirmed false alarms; no primary selection",6,0.9,recentred_enbpi_updated
Lamb_assembly_Bertie,availability_only,3475,3475,0,144.79166666666666,144.79166666666666,0,0.0,0.0,0,not_estimable_empty_event_catalogue,"background episodes, not confirmed false alarms; no primary selection",6,0.9,recentred_enbpi_updated
Lamb_assembly_Bertie,combined,3475,3475,0,144.79166666666666,144.79166666666666,63,0.43510791366906476,0.053237410071942444,0,not_estimable_empty_event_catalogue,"background episodes, not confirmed false alarms; no primary selection",6,0.9,recentred_enbpi_updated
Lamb_assembly_Cesar,numerical_only,3475,3475,0,144.79166666666666,144.79166666666666,95,0.6561151079136691,0.2066187050359712,0,not_estimable_empty_event_catalogue,"background episodes, not confirmed false alarms; no primary selection",6,0.9,recentred_enbpi_updated
Lamb_assembly_Cesar,availability_only,3475,3475,0,144.79166666666666,144.79166666666666,0,0.0,0.0,0,not_estimable_empty_event_catalogue,"background episodes, not confirmed false alarms; no primary selection",6,0.9,recentred_enbpi_updated
Lamb_assembly_Cesar,combined,3475,3475,0,144.79166666666666,144.79166666666666,95,0.6561151079136691,0.2066187050359712,0,not_estimable_empty_event_catalogue,"background episodes, not confirmed false alarms; no primary selection",6,0.9,recentred_enbpi_updated
Moose_education_Ricardo,numerical_only,3365,3365,0,140.20833333333331,140.20833333333331,103,0.7346210995542348,0.12065378900445765,0,not_estimable_empty_event_catalogue,"background episodes, not confirmed false alarms; no primary selection",6,0.9,recentred_enbpi_updated
Moose_education_Ricardo,availability_only,3365,3365,0,140.20833333333331,140.20833333333331,0,0.0,0.0,0,not_estimable_empty_event_catalogue,"background episodes, not confirmed false alarms; no primary selection",6,0.9,recentred_enbpi_updated
Moose_education_Ricardo,combined,3365,3365,0,140.20833333333331,140.20833333333331,103,0.7346210995542348,0.12065378900445765,0,not_estimable_empty_event_catalogue,"background episodes, not confirmed false alarms; no primary selection",6,0.9,recentred_enbpi_updated
Mouse_health_Estela,numerical_only,3475,3475,0,144.79166666666666,144.79166666666666,82,0.5663309352517986,0.08776978417266187,0,not_estimable_empty_event_catalogue,"background episodes, not confirmed false alarms; no primary selection",6,0.9,recentred_enbpi_updated
Mouse_health_Estela,availability_only,3475,3475,0,144.79166666666666,144.79166666666666,0,0.0,0.0,0,not_estimable_empty_event_catalogue,"background episodes, not confirmed false alarms; no primary selection",6,0.9,recentred_enbpi_updated
Mouse_health_Estela,combined,3475,3475,0,144.79166666666666,144.79166666666666,82,0.5663309352517986,0.08776978417266187,0,not_estimable_empty_event_catalogue,"background episodes, not confirmed false alarms; no primary selection",6,0.9,recentred_enbpi_updated
Mouse_health_Justin,numerical_only,3475,3475,0,144.79166666666666,144.79166666666666,56,0.38676258992805757,0.052949640287769786,0,not_estimable_empty_event_catalogue,"background episodes, not confirmed false alarms; no primary selection",6,0.9,recentred_enbpi_updated
Mouse_health_Justin,availability_only,3475,3475,0,144.79166666666666,144.79166666666666,0,0.0,0.0,0,not_estimable_empty_event_catalogue,"background episodes, not confirmed false alarms; no primary selection",6,0.9,recentred_enbpi_updated
Mouse_health_Justin,combined,3475,3475,0,144.79166666666666,144.79166666666666,56,0.38676258992805757,0.052949640287769786,0,not_estimable_empty_event_catalogue,"background episodes, not confirmed false alarms; no primary selection",6,0.9,recentred_enbpi_updated
__pooled__,numerical_only,34590,34590,0,1441.25,1441.25,1353,0.9387684301821335,0.11130384504191963,0,not_estimable_empty_event_catalogue,"background episodes, not confirmed false alarms; no primary selection",6,0.9,dscp
__pooled__,availability_only,34590,34590,0,1441.25,1441.25,0,0.0,0.0,0,not_estimable_empty_event_catalogue,"background episodes, not confirmed false alarms; no primary selection",6,0.9,dscp
__pooled__,combined,34590,34590,0,1441.25,1441.25,1353,0.9387684301821335,0.11130384504191963,0,not_estimable_empty_event_catalogue,"background episodes, not confirmed false alarms; no primary selection",6,0.9,dscp
Eagle_assembly_Benny,numerical_only,3470,3470,0,144.58333333333331,144.58333333333331,92,0.6363112391930836,0.04985590778097983,0,not_estimable_empty_event_catalogue,"background episodes, not confirmed false alarms; no primary selection",6,0.9,dscp
Eagle_assembly_Benny,availability_only,3470,3470,0,144.58333333333331,144.58333333333331,0,0.0,0.0,0,not_estimable_empty_event_catalogue,"background episodes, not confirmed false alarms; no primary selection",6,0.9,dscp
Eagle_assembly_Benny,combined,3470,3470,0,144.58333333333331,144.58333333333331,92,0.6363112391930836,0.04985590778097983,0,not_estimable_empty_event_catalogue,"background episodes, not confirmed false alarms; no primary selection",6,0.9,dscp
Eagle_assembly_Ian,numerical_only,3470,3470,0,144.58333333333331,144.58333333333331,408,2.8219020172910665,0.38386167146974065,0,not_estimable_empty_event_catalogue,"background episodes, not confirmed false alarms; no primary selection",6,0.9,dscp
Eagle_assembly_Ian,availability_only,3470,3470,0,144.58333333333331,144.58333333333331,0,0.0,0.0,0,not_estimable_empty_event_catalogue,"background episodes, not confirmed false alarms; no primary selection",6,0.9,dscp
Eagle_assembly_Ian,combined,3470,3470,0,144.58333333333331,144.58333333333331,408,2.8219020172910665,0.38386167146974065,0,not_estimable_empty_event_catalogue,"background episodes, not confirmed false alarms; no primary selection",6,0.9,dscp
Fox_education_Henrietta,numerical_only,3470,3470,0,144.58333333333331,144.58333333333331,0,0.0,0.0,0,not_estimable_empty_event_catalogue,"background episodes, not confirmed false alarms; no primary selection",6,0.9,dscp
Fox_education_Henrietta,availability_only,3470,3470,0,144.58333333333331,144.58333333333331,0,0.0,0.0,0,not_estimable_empty_event_catalogue,"background episodes, not confirmed false alarms; no primary selection",6,0.9,dscp
Fox_education_Henrietta,combined,3470,3470,0,144.58333333333331,144.58333333333331,0,0.0,0.0,0,not_estimable_empty_event_catalogue,"background episodes, not confirmed false alarms; no primary selection",6,0.9,dscp
Hog_assembly_Colette,numerical_only,3470,3470,0,144.58333333333331,144.58333333333331,344,2.3792507204610955,0.20778097982708935,0,not_estimable_empty_event_catalogue,"background episodes, not confirmed false alarms; no primary selection",6,0.9,dscp
Hog_assembly_Colette,availability_only,3470,3470,0,144.58333333333331,144.58333333333331,0,0.0,0.0,0,not_estimable_empty_event_catalogue,"background episodes, not confirmed false alarms; no primary selection",6,0.9,dscp
Hog_assembly_Colette,combined,3470,3470,0,144.58333333333331,144.58333333333331,344,2.3792507204610955,0.20778097982708935,0,not_estimable_empty_event_catalogue,"background episodes, not confirmed false alarms; no primary selection",6,0.9,dscp
Hog_assembly_Dona,numerical_only,3470,3470,0,144.58333333333331,144.58333333333331,175,1.2103746397694526,0.06801152737752161,0,not_estimable_empty_event_catalogue,"background episodes, not confirmed false alarms; no primary selection",6,0.9,dscp
Hog_assembly_Dona,availability_only,3470,3470,0,144.58333333333331,144.58333333333331,0,0.0,0.0,0,not_estimable_empty_event_catalogue,"background episodes, not confirmed false alarms; no primary selection",6,0.9,dscp
Hog_assembly_Dona,combined,3470,3470,0,144.58333333333331,144.58333333333331,175,1.2103746397694526,0.06801152737752161,0,not_estimable_empty_event_catalogue,"background episodes, not confirmed false alarms; no primary selection",6,0.9,dscp
Lamb_assembly_Bertie,numerical_only,3470,3470,0,144.58333333333331,144.58333333333331,243,1.680691642651297,0.3279538904899135,0,not_estimable_empty_event_catalogue,"background episodes, not confirmed false alarms; no primary selection",6,0.9,dscp
Lamb_assembly_Bertie,availability_only,3470,3470,0,144.58333333333331,144.58333333333331,0,0.0,0.0,0,not_estimable_empty_event_catalogue,"background episodes, not confirmed false alarms; no primary selection",6,0.9,dscp
Lamb_assembly_Bertie,combined,3470,3470,0,144.58333333333331,144.58333333333331,243,1.680691642651297,0.3279538904899135,0,not_estimable_empty_event_catalogue,"background episodes, not confirmed false alarms; no primary selection",6,0.9,dscp
Lamb_assembly_Cesar,numerical_only,3470,3470,0,144.58333333333331,144.58333333333331,0,0.0,0.0,0,not_estimable_empty_event_catalogue,"background episodes, not confirmed false alarms; no primary selection",6,0.9,dscp
Lamb_assembly_Cesar,availability_only,3470,3470,0,144.58333333333331,144.58333333333331,0,0.0,0.0,0,not_estimable_empty_event_catalogue,"background episodes, not confirmed false alarms; no primary selection",6,0.9,dscp
Lamb_assembly_Cesar,combined,3470,3470,0,144.58333333333331,144.58333333333331,0,0.0,0.0,0,not_estimable_empty_event_catalogue,"background episodes, not confirmed false alarms; no primary selection",6,0.9,dscp
Moose_education_Ricardo,numerical_only,3360,3360,0,140.0,140.0,1,0.007142857142857143,0.0005952380952380953,0,not_estimable_empty_event_catalogue,"background episodes, not confirmed false alarms; no primary selection",6,0.9,dscp
Moose_education_Ricardo,availability_only,3360,3360,0,140.0,140.0,0,0.0,0.0,0,not_estimable_empty_event_catalogue,"background episodes, not confirmed false alarms; no primary selection",6,0.9,dscp
Moose_education_Ricardo,combined,3360,3360,0,140.0,140.0,1,0.007142857142857143,0.0005952380952380953,0,not_estimable_empty_event_catalogue,"background episodes, not confirmed false alarms; no primary selection",6,0.9,dscp
Mouse_health_Estela,numerical_only,3470,3470,0,144.58333333333331,144.58333333333331,33,0.22824207492795393,0.02420749279538905,0,not_estimable_empty_event_catalogue,"background episodes, not confirmed false alarms; no primary selection",6,0.9,dscp
Mouse_health_Estela,availability_only,3470,3470,0,144.58333333333331,144.58333333333331,0,0.0,0.0,0,not_estimable_empty_event_catalogue,"background episodes, not confirmed false alarms; no primary selection",6,0.9,dscp
Mouse_health_Estela,combined,3470,3470,0,144.58333333333331,144.58333333333331,33,0.22824207492795393,0.02420749279538905,0,not_estimable_empty_event_catalogue,"background episodes, not confirmed false alarms; no primary selection",6,0.9,dscp
Mouse_health_Justin,numerical_only,3470,3470,0,144.58333333333331,144.58333333333331,57,0.3942363112391931,0.04726224783861672,0,not_estimable_empty_event_catalogue,"background episodes, not confirmed false alarms; no primary selection",6,0.9,dscp
Mouse_health_Justin,availability_only,3470,3470,0,144.58333333333331,144.58333333333331,0,0.0,0.0,0,not_estimable_empty_event_catalogue,"background episodes, not confirmed false alarms; no primary selection",6,0.9,dscp
Mouse_health_Justin,combined,3470,3470,0,144.58333333333331,144.58333333333331,57,0.3942363112391931,0.04726224783861672,0,not_estimable_empty_event_catalogue,"background episodes, not confirmed false alarms; no primary selection",6,0.9,dscp
__pooled__,numerical_only,34640,34640,0,1443.3333333333333,1443.3333333333333,1494,1.0351039260969976,0.13123556581986143,0,not_estimable_empty_event_catalogue,"background episodes, not confirmed false alarms; no primary selection",6,0.95,quantile_uncalibrated
__pooled__,availability_only,34640,34640,0,1443.3333333333333,1443.3333333333333,0,0.0,0.0,0,not_estimable_empty_event_catalogue,"background episodes, not confirmed false alarms; no primary selection",6,0.95,quantile_uncalibrated
__pooled__,combined,34640,34640,0,1443.3333333333333,1443.3333333333333,1494,1.0351039260969976,0.13123556581986143,0,not_estimable_empty_event_catalogue,"background episodes, not confirmed false alarms; no primary selection",6,0.95,quantile_uncalibrated
Eagle_assembly_Benny,numerical_only,3475,3475,0,144.79166666666666,144.79166666666666,162,1.1188489208633094,0.08172661870503597,0,not_estimable_empty_event_catalogue,"background episodes, not confirmed false alarms; no primary selection",6,0.95,quantile_uncalibrated
Eagle_assembly_Benny,availability_only,3475,3475,0,144.79166666666666,144.79166666666666,0,0.0,0.0,0,not_estimable_empty_event_catalogue,"background episodes, not confirmed false alarms; no primary selection",6,0.95,quantile_uncalibrated
Eagle_assembly_Benny,combined,3475,3475,0,144.79166666666666,144.79166666666666,162,1.1188489208633094,0.08172661870503597,0,not_estimable_empty_event_catalogue,"background episodes, not confirmed false alarms; no primary selection",6,0.95,quantile_uncalibrated
Eagle_assembly_Ian,numerical_only,3475,3475,0,144.79166666666666,144.79166666666666,266,1.8371223021582734,0.1850359712230216,0,not_estimable_empty_event_catalogue,"background episodes, not confirmed false alarms; no primary selection",6,0.95,quantile_uncalibrated
Eagle_assembly_Ian,availability_only,3475,3475,0,144.79166666666666,144.79166666666666,0,0.0,0.0,0,not_estimable_empty_event_catalogue,"background episodes, not confirmed false alarms; no primary selection",6,0.95,quantile_uncalibrated
Eagle_assembly_Ian,combined,3475,3475,0,144.79166666666666,144.79166666666666,266,1.8371223021582734,0.1850359712230216,0,not_estimable_empty_event_catalogue,"background episodes, not confirmed false alarms; no primary selection",6,0.95,quantile_uncalibrated
Fox_education_Henrietta,numerical_only,3475,3475,0,144.79166666666666,144.79166666666666,156,1.0774100719424462,0.1479136690647482,0,not_estimable_empty_event_catalogue,"background episodes, not confirmed false alarms; no primary selection",6,0.95,quantile_uncalibrated
Fox_education_Henrietta,availability_only,3475,3475,0,144.79166666666666,144.79166666666666,0,0.0,0.0,0,not_estimable_empty_event_catalogue,"background episodes, not confirmed false alarms; no primary selection",6,0.95,quantile_uncalibrated
Fox_education_Henrietta,combined,3475,3475,0,144.79166666666666,144.79166666666666,156,1.0774100719424462,0.1479136690647482,0,not_estimable_empty_event_catalogue,"background episodes, not confirmed false alarms; no primary selection",6,0.95,quantile_uncalibrated
Hog_assembly_Colette,numerical_only,3475,3475,0,144.79166666666666,144.79166666666666,299,2.0650359712230215,0.13870503597122302,0,not_estimable_empty_event_catalogue,"background episodes, not confirmed false alarms; no primary selection",6,0.95,quantile_uncalibrated
Hog_assembly_Colette,availability_only,3475,3475,0,144.79166666666666,144.79166666666666,0,0.0,0.0,0,not_estimable_empty_event_catalogue,"background episodes, not confirmed false alarms; no primary selection",6,0.95,quantile_uncalibrated
Hog_assembly_Colette,combined,3475,3475,0,144.79166666666666,144.79166666666666,299,2.0650359712230215,0.13870503597122302,0,not_estimable_empty_event_catalogue,"background episodes, not confirmed false alarms; no primary selection",6,0.95,quantile_uncalibrated
Hog_assembly_Dona,numerical_only,3475,3475,0,144.79166666666666,144.79166666666666,136,0.9392805755395685,0.04863309352517985,0,not_estimable_empty_event_catalogue,"background episodes, not confirmed false alarms; no primary selection",6,0.95,quantile_uncalibrated
Hog_assembly_Dona,availability_only,3475,3475,0,144.79166666666666,144.79166666666666,0,0.0,0.0,0,not_estimable_empty_event_catalogue,"background episodes, not confirmed false alarms; no primary selection",6,0.95,quantile_uncalibrated
Hog_assembly_Dona,combined,3475,3475,0,144.79166666666666,144.79166666666666,136,0.9392805755395685,0.04863309352517985,0,not_estimable_empty_event_catalogue,"background episodes, not confirmed false alarms; no primary selection",6,0.95,quantile_uncalibrated
Lamb_assembly_Bertie,numerical_only,3475,3475,0,144.79166666666666,144.79166666666666,112,0.7735251798561151,0.2598561151079137,0,not_estimable_empty_event_catalogue,"background episodes, not confirmed false alarms; no primary selection",6,0.95,quantile_uncalibrated
Lamb_assembly_Bertie,availability_only,3475,3475,0,144.79166666666666,144.79166666666666,0,0.0,0.0,0,not_estimable_empty_event_catalogue,"background episodes, not confirmed false alarms; no primary selection",6,0.95,quantile_uncalibrated
Lamb_assembly_Bertie,combined,3475,3475,0,144.79166666666666,144.79166666666666,112,0.7735251798561151,0.2598561151079137,0,not_estimable_empty_event_catalogue,"background episodes, not confirmed false alarms; no primary selection",6,0.95,quantile_uncalibrated
Lamb_assembly_Cesar,numerical_only,3475,3475,0,144.79166666666666,144.79166666666666,126,0.8702158273381295,0.27424460431654674,0,not_estimable_empty_event_catalogue,"background episodes, not confirmed false alarms; no primary selection",6,0.95,quantile_uncalibrated
Lamb_assembly_Cesar,availability_only,3475,3475,0,144.79166666666666,144.79166666666666,0,0.0,0.0,0,not_estimable_empty_event_catalogue,"background episodes, not confirmed false alarms; no primary selection",6,0.95,quantile_uncalibrated
Lamb_assembly_Cesar,combined,3475,3475,0,144.79166666666666,144.79166666666666,126,0.8702158273381295,0.27424460431654674,0,not_estimable_empty_event_catalogue,"background episodes, not confirmed false alarms; no primary selection",6,0.95,quantile_uncalibrated
Moose_education_Ricardo,numerical_only,3365,3365,0,140.20833333333331,140.20833333333331,49,0.349479940564636,0.026448736998514116,0,not_estimable_empty_event_catalogue,"background episodes, not confirmed false alarms; no primary selection",6,0.95,quantile_uncalibrated
Moose_education_Ricardo,availability_only,3365,3365,0,140.20833333333331,140.20833333333331,0,0.0,0.0,0,not_estimable_empty_event_catalogue,"background episodes, not confirmed false alarms; no primary selection",6,0.95,quantile_uncalibrated
Moose_education_Ricardo,combined,3365,3365,0,140.20833333333331,140.20833333333331,49,0.349479940564636,0.026448736998514116,0,not_estimable_empty_event_catalogue,"background episodes, not confirmed false alarms; no primary selection",6,0.95,quantile_uncalibrated
Mouse_health_Estela,numerical_only,3475,3475,0,144.79166666666666,144.79166666666666,61,0.42129496402877703,0.039712230215827336,0,not_estimable_empty_event_catalogue,"background episodes, not confirmed false alarms; no primary selection",6,0.95,quantile_uncalibrated
Mouse_health_Estela,availability_only,3475,3475,0,144.79166666666666,144.79166666666666,0,0.0,0.0,0,not_estimable_empty_event_catalogue,"background episodes, not confirmed false alarms; no primary selection",6,0.95,quantile_uncalibrated
Mouse_health_Estela,combined,3475,3475,0,144.79166666666666,144.79166666666666,61,0.42129496402877703,0.039712230215827336,0,not_estimable_empty_event_catalogue,"background episodes, not confirmed false alarms; no primary selection",6,0.95,quantile_uncalibrated
Mouse_health_Justin,numerical_only,3475,3475,0,144.79166666666666,144.79166666666666,127,0.8771223021582735,0.10676258992805755,0,not_estimable_empty_event_catalogue,"background episodes, not confirmed false alarms; no primary selection",6,0.95,quantile_uncalibrated
Mouse_health_Justin,availability_only,3475,3475,0,144.79166666666666,144.79166666666666,0,0.0,0.0,0,not_estimable_empty_event_catalogue,"background episodes, not confirmed false alarms; no primary selection",6,0.95,quantile_uncalibrated
Mouse_health_Justin,combined,3475,3475,0,144.79166666666666,144.79166666666666,127,0.8771223021582735,0.10676258992805755,0,not_estimable_empty_event_catalogue,"background episodes, not confirmed false alarms; no primary selection",6,0.95,quantile_uncalibrated
__pooled__,numerical_only,34640,34640,0,1443.3333333333333,1443.3333333333333,729,0.505080831408776,0.043187066974595845,0,not_estimable_empty_event_catalogue,"background episodes, not confirmed false alarms; no primary selection",6,0.95,cqr
__pooled__,availability_only,34640,34640,0,1443.3333333333333,1443.3333333333333,0,0.0,0.0,0,not_estimable_empty_event_catalogue,"background episodes, not confirmed false alarms; no primary selection",6,0.95,cqr
__pooled__,combined,34640,34640,0,1443.3333333333333,1443.3333333333333,729,0.505080831408776,0.043187066974595845,0,not_estimable_empty_event_catalogue,"background episodes, not confirmed false alarms; no primary selection",6,0.95,cqr
Eagle_assembly_Benny,numerical_only,3475,3475,0,144.79166666666666,144.79166666666666,33,0.22791366906474822,0.014388489208633094,0,not_estimable_empty_event_catalogue,"background episodes, not confirmed false alarms; no primary selection",6,0.95,cqr
Eagle_assembly_Benny,availability_only,3475,3475,0,144.79166666666666,144.79166666666666,0,0.0,0.0,0,not_estimable_empty_event_catalogue,"background episodes, not confirmed false alarms; no primary selection",6,0.95,cqr
Eagle_assembly_Benny,combined,3475,3475,0,144.79166666666666,144.79166666666666,33,0.22791366906474822,0.014388489208633094,0,not_estimable_empty_event_catalogue,"background episodes, not confirmed false alarms; no primary selection",6,0.95,cqr
Eagle_assembly_Ian,numerical_only,3475,3475,0,144.79166666666666,144.79166666666666,221,1.5263309352517986,0.15338129496402877,0,not_estimable_empty_event_catalogue,"background episodes, not confirmed false alarms; no primary selection",6,0.95,cqr
Eagle_assembly_Ian,availability_only,3475,3475,0,144.79166666666666,144.79166666666666,0,0.0,0.0,0,not_estimable_empty_event_catalogue,"background episodes, not confirmed false alarms; no primary selection",6,0.95,cqr
Eagle_assembly_Ian,combined,3475,3475,0,144.79166666666666,144.79166666666666,221,1.5263309352517986,0.15338129496402877,0,not_estimable_empty_event_catalogue,"background episodes, not confirmed false alarms; no primary selection",6,0.95,cqr
Fox_education_Henrietta,numerical_only,3475,3475,0,144.79166666666666,144.79166666666666,5,0.034532374100719423,0.002302158273381295,0,not_estimable_empty_event_catalogue,"background episodes, not confirmed false alarms; no primary selection",6,0.95,cqr
Fox_education_Henrietta,availability_only,3475,3475,0,144.79166666666666,144.79166666666666,0,0.0,0.0,0,not_estimable_empty_event_catalogue,"background episodes, not confirmed false alarms; no primary selection",6,0.95,cqr
Fox_education_Henrietta,combined,3475,3475,0,144.79166666666666,144.79166666666666,5,0.034532374100719423,0.002302158273381295,0,not_estimable_empty_event_catalogue,"background episodes, not confirmed false alarms; no primary selection",6,0.95,cqr
Hog_assembly_Colette,numerical_only,3475,3475,0,144.79166666666666,144.79166666666666,227,1.5677697841726619,0.10762589928057555,0,not_estimable_empty_event_catalogue,"background episodes, not confirmed false alarms; no primary selection",6,0.95,cqr
Hog_assembly_Colette,availability_only,3475,3475,0,144.79166666666666,144.79166666666666,0,0.0,0.0,0,not_estimable_empty_event_catalogue,"background episodes, not confirmed false alarms; no primary selection",6,0.95,cqr
Hog_assembly_Colette,combined,3475,3475,0,144.79166666666666,144.79166666666666,227,1.5677697841726619,0.10762589928057555,0,not_estimable_empty_event_catalogue,"background episodes, not confirmed false alarms; no primary selection",6,0.95,cqr
Hog_assembly_Dona,numerical_only,3475,3475,0,144.79166666666666,144.79166666666666,79,0.5456115107913669,0.02877697841726619,0,not_estimable_empty_event_catalogue,"background episodes, not confirmed false alarms; no primary selection",6,0.95,cqr
Hog_assembly_Dona,availability_only,3475,3475,0,144.79166666666666,144.79166666666666,0,0.0,0.0,0,not_estimable_empty_event_catalogue,"background episodes, not confirmed false alarms; no primary selection",6,0.95,cqr
Hog_assembly_Dona,combined,3475,3475,0,144.79166666666666,144.79166666666666,79,0.5456115107913669,0.02877697841726619,0,not_estimable_empty_event_catalogue,"background episodes, not confirmed false alarms; no primary selection",6,0.95,cqr
Lamb_assembly_Bertie,numerical_only,3475,3475,0,144.79166666666666,144.79166666666666,48,0.3315107913669065,0.03482014388489209,0,not_estimable_empty_event_catalogue,"background episodes, not confirmed false alarms; no primary selection",6,0.95,cqr
Lamb_assembly_Bertie,availability_only,3475,3475,0,144.79166666666666,144.79166666666666,0,0.0,0.0,0,not_estimable_empty_event_catalogue,"background episodes, not confirmed false alarms; no primary selection",6,0.95,cqr
Lamb_assembly_Bertie,combined,3475,3475,0,144.79166666666666,144.79166666666666,48,0.3315107913669065,0.03482014388489209,0,not_estimable_empty_event_catalogue,"background episodes, not confirmed false alarms; no primary selection",6,0.95,cqr
Lamb_assembly_Cesar,numerical_only,3475,3475,0,144.79166666666666,144.79166666666666,2,0.01381294964028777,0.0031654676258992807,0,not_estimable_empty_event_catalogue,"background episodes, not confirmed false alarms; no primary selection",6,0.95,cqr
Lamb_assembly_Cesar,availability_only,3475,3475,0,144.79166666666666,144.79166666666666,0,0.0,0.0,0,not_estimable_empty_event_catalogue,"background episodes, not confirmed false alarms; no primary selection",6,0.95,cqr
Lamb_assembly_Cesar,combined,3475,3475,0,144.79166666666666,144.79166666666666,2,0.01381294964028777,0.0031654676258992807,0,not_estimable_empty_event_catalogue,"background episodes, not confirmed false alarms; no primary selection",6,0.95,cqr
Moose_education_Ricardo,numerical_only,3365,3365,0,140.20833333333331,140.20833333333331,8,0.05705794947994057,0.00475482912332838,0,not_estimable_empty_event_catalogue,"background episodes, not confirmed false alarms; no primary selection",6,0.95,cqr
Moose_education_Ricardo,availability_only,3365,3365,0,140.20833333333331,140.20833333333331,0,0.0,0.0,0,not_estimable_empty_event_catalogue,"background episodes, not confirmed false alarms; no primary selection",6,0.95,cqr
Moose_education_Ricardo,combined,3365,3365,0,140.20833333333331,140.20833333333331,8,0.05705794947994057,0.00475482912332838,0,not_estimable_empty_event_catalogue,"background episodes, not confirmed false alarms; no primary selection",6,0.95,cqr
Mouse_health_Estela,numerical_only,3475,3475,0,144.79166666666666,144.79166666666666,29,0.20028776978417268,0.017266187050359712,0,not_estimable_empty_event_catalogue,"background episodes, not confirmed false alarms; no primary selection",6,0.95,cqr
Mouse_health_Estela,availability_only,3475,3475,0,144.79166666666666,144.79166666666666,0,0.0,0.0,0,not_estimable_empty_event_catalogue,"background episodes, not confirmed false alarms; no primary selection",6,0.95,cqr
Mouse_health_Estela,combined,3475,3475,0,144.79166666666666,144.79166666666666,29,0.20028776978417268,0.017266187050359712,0,not_estimable_empty_event_catalogue,"background episodes, not confirmed false alarms; no primary selection",6,0.95,cqr
Mouse_health_Justin,numerical_only,3475,3475,0,144.79166666666666,144.79166666666666,77,0.5317985611510792,0.06417266187050359,0,not_estimable_empty_event_catalogue,"background episodes, not confirmed false alarms; no primary selection",6,0.95,cqr
Mouse_health_Justin,availability_only,3475,3475,0,144.79166666666666,144.79166666666666,0,0.0,0.0,0,not_estimable_empty_event_catalogue,"background episodes, not confirmed false alarms; no primary selection",6,0.95,cqr
Mouse_health_Justin,combined,3475,3475,0,144.79166666666666,144.79166666666666,77,0.5317985611510792,0.06417266187050359,0,not_estimable_empty_event_catalogue,"background episodes, not confirmed false alarms; no primary selection",6,0.95,cqr
__pooled__,numerical_only,34640,34640,0,1443.3333333333333,1443.3333333333333,626,0.4337182448036952,0.048787528868360276,0,not_estimable_empty_event_catalogue,"background episodes, not confirmed false alarms; no primary selection",6,0.95,recentred_enbpi_static
__pooled__,availability_only,34640,34640,0,1443.3333333333333,1443.3333333333333,0,0.0,0.0,0,not_estimable_empty_event_catalogue,"background episodes, not confirmed false alarms; no primary selection",6,0.95,recentred_enbpi_static
__pooled__,combined,34640,34640,0,1443.3333333333333,1443.3333333333333,626,0.4337182448036952,0.048787528868360276,0,not_estimable_empty_event_catalogue,"background episodes, not confirmed false alarms; no primary selection",6,0.95,recentred_enbpi_static
Eagle_assembly_Benny,numerical_only,3475,3475,0,144.79166666666666,144.79166666666666,0,0.0,0.0,0,not_estimable_empty_event_catalogue,"background episodes, not confirmed false alarms; no primary selection",6,0.95,recentred_enbpi_static
Eagle_assembly_Benny,availability_only,3475,3475,0,144.79166666666666,144.79166666666666,0,0.0,0.0,0,not_estimable_empty_event_catalogue,"background episodes, not confirmed false alarms; no primary selection",6,0.95,recentred_enbpi_static
Eagle_assembly_Benny,combined,3475,3475,0,144.79166666666666,144.79166666666666,0,0.0,0.0,0,not_estimable_empty_event_catalogue,"background episodes, not confirmed false alarms; no primary selection",6,0.95,recentred_enbpi_static
Eagle_assembly_Ian,numerical_only,3475,3475,0,144.79166666666666,144.79166666666666,297,2.051223021582734,0.27482014388489207,0,not_estimable_empty_event_catalogue,"background episodes, not confirmed false alarms; no primary selection",6,0.95,recentred_enbpi_static
Eagle_assembly_Ian,availability_only,3475,3475,0,144.79166666666666,144.79166666666666,0,0.0,0.0,0,not_estimable_empty_event_catalogue,"background episodes, not confirmed false alarms; no primary selection",6,0.95,recentred_enbpi_static
Eagle_assembly_Ian,combined,3475,3475,0,144.79166666666666,144.79166666666666,297,2.051223021582734,0.27482014388489207,0,not_estimable_empty_event_catalogue,"background episodes, not confirmed false alarms; no primary selection",6,0.95,recentred_enbpi_static
Fox_education_Henrietta,numerical_only,3475,3475,0,144.79166666666666,144.79166666666666,0,0.0,0.0,0,not_estimable_empty_event_catalogue,"background episodes, not confirmed false alarms; no primary selection",6,0.95,recentred_enbpi_static
Fox_education_Henrietta,availability_only,3475,3475,0,144.79166666666666,144.79166666666666,0,0.0,0.0,0,not_estimable_empty_event_catalogue,"background episodes, not confirmed false alarms; no primary selection",6,0.95,recentred_enbpi_static
Fox_education_Henrietta,combined,3475,3475,0,144.79166666666666,144.79166666666666,0,0.0,0.0,0,not_estimable_empty_event_catalogue,"background episodes, not confirmed false alarms; no primary selection",6,0.95,recentred_enbpi_static
Hog_assembly_Colette,numerical_only,3475,3475,0,144.79166666666666,144.79166666666666,192,1.326043165467626,0.11136690647482014,0,not_estimable_empty_event_catalogue,"background episodes, not confirmed false alarms; no primary selection",6,0.95,recentred_enbpi_static
Hog_assembly_Colette,availability_only,3475,3475,0,144.79166666666666,144.79166666666666,0,0.0,0.0,0,not_estimable_empty_event_catalogue,"background episodes, not confirmed false alarms; no primary selection",6,0.95,recentred_enbpi_static
Hog_assembly_Colette,combined,3475,3475,0,144.79166666666666,144.79166666666666,192,1.326043165467626,0.11136690647482014,0,not_estimable_empty_event_catalogue,"background episodes, not confirmed false alarms; no primary selection",6,0.95,recentred_enbpi_static
Hog_assembly_Dona,numerical_only,3475,3475,0,144.79166666666666,144.79166666666666,54,0.37294964028776983,0.021007194244604316,0,not_estimable_empty_event_catalogue,"background episodes, not confirmed false alarms; no primary selection",6,0.95,recentred_enbpi_static
Hog_assembly_Dona,availability_only,3475,3475,0,144.79166666666666,144.79166666666666,0,0.0,0.0,0,not_estimable_empty_event_catalogue,"background episodes, not confirmed false alarms; no primary selection",6,0.95,recentred_enbpi_static
Hog_assembly_Dona,combined,3475,3475,0,144.79166666666666,144.79166666666666,54,0.37294964028776983,0.021007194244604316,0,not_estimable_empty_event_catalogue,"background episodes, not confirmed false alarms; no primary selection",6,0.95,recentred_enbpi_static
Lamb_assembly_Bertie,numerical_only,3475,3475,0,144.79166666666666,144.79166666666666,17,0.11741007194244606,0.01237410071942446,0,not_estimable_empty_event_catalogue,"background episodes, not confirmed false alarms; no primary selection",6,0.95,recentred_enbpi_static
Lamb_assembly_Bertie,availability_only,3475,3475,0,144.79166666666666,144.79166666666666,0,0.0,0.0,0,not_estimable_empty_event_catalogue,"background episodes, not confirmed false alarms; no primary selection",6,0.95,recentred_enbpi_static
Lamb_assembly_Bertie,combined,3475,3475,0,144.79166666666666,144.79166666666666,17,0.11741007194244606,0.01237410071942446,0,not_estimable_empty_event_catalogue,"background episodes, not confirmed false alarms; no primary selection",6,0.95,recentred_enbpi_static
Lamb_assembly_Cesar,numerical_only,3475,3475,0,144.79166666666666,144.79166666666666,0,0.0,0.0,0,not_estimable_empty_event_catalogue,"background episodes, not confirmed false alarms; no primary selection",6,0.95,recentred_enbpi_static
Lamb_assembly_Cesar,availability_only,3475,3475,0,144.79166666666666,144.79166666666666,0,0.0,0.0,0,not_estimable_empty_event_catalogue,"background episodes, not confirmed false alarms; no primary selection",6,0.95,recentred_enbpi_static
Lamb_assembly_Cesar,combined,3475,3475,0,144.79166666666666,144.79166666666666,0,0.0,0.0,0,not_estimable_empty_event_catalogue,"background episodes, not confirmed false alarms; no primary selection",6,0.95,recentred_enbpi_static
Moose_education_Ricardo,numerical_only,3365,3365,0,140.20833333333331,140.20833333333331,0,0.0,0.0,0,not_estimable_empty_event_catalogue,"background episodes, not confirmed false alarms; no primary selection",6,0.95,recentred_enbpi_static
Moose_education_Ricardo,availability_only,3365,3365,0,140.20833333333331,140.20833333333331,0,0.0,0.0,0,not_estimable_empty_event_catalogue,"background episodes, not confirmed false alarms; no primary selection",6,0.95,recentred_enbpi_static
Moose_education_Ricardo,combined,3365,3365,0,140.20833333333331,140.20833333333331,0,0.0,0.0,0,not_estimable_empty_event_catalogue,"background episodes, not confirmed false alarms; no primary selection",6,0.95,recentred_enbpi_static
Mouse_health_Estela,numerical_only,3475,3475,0,144.79166666666666,144.79166666666666,14,0.09669064748201439,0.010935251798561151,0,not_estimable_empty_event_catalogue,"background episodes, not confirmed false alarms; no primary selection",6,0.95,recentred_enbpi_static
Mouse_health_Estela,availability_only,3475,3475,0,144.79166666666666,144.79166666666666,0,0.0,0.0,0,not_estimable_empty_event_catalogue,"background episodes, not confirmed false alarms; no primary selection",6,0.95,recentred_enbpi_static
Mouse_health_Estela,combined,3475,3475,0,144.79166666666666,144.79166666666666,14,0.09669064748201439,0.010935251798561151,0,not_estimable_empty_event_catalogue,"background episodes, not confirmed false alarms; no primary selection",6,0.95,recentred_enbpi_static
Mouse_health_Justin,numerical_only,3475,3475,0,144.79166666666666,144.79166666666666,52,0.35913669064748205,0.055827338129496404,0,not_estimable_empty_event_catalogue,"background episodes, not confirmed false alarms; no primary selection",6,0.95,recentred_enbpi_static
Mouse_health_Justin,availability_only,3475,3475,0,144.79166666666666,144.79166666666666,0,0.0,0.0,0,not_estimable_empty_event_catalogue,"background episodes, not confirmed false alarms; no primary selection",6,0.95,recentred_enbpi_static
Mouse_health_Justin,combined,3475,3475,0,144.79166666666666,144.79166666666666,52,0.35913669064748205,0.055827338129496404,0,not_estimable_empty_event_catalogue,"background episodes, not confirmed false alarms; no primary selection",6,0.95,recentred_enbpi_static
__pooled__,numerical_only,34640,34640,0,1443.3333333333333,1443.3333333333333,608,0.4212471131639723,0.051991916859122404,0,not_estimable_empty_event_catalogue,"background episodes, not confirmed false alarms; no primary selection",6,0.95,recentred_enbpi_updated
__pooled__,availability_only,34640,34640,0,1443.3333333333333,1443.3333333333333,0,0.0,0.0,0,not_estimable_empty_event_catalogue,"background episodes, not confirmed false alarms; no primary selection",6,0.95,recentred_enbpi_updated
__pooled__,combined,34640,34640,0,1443.3333333333333,1443.3333333333333,608,0.4212471131639723,0.051991916859122404,0,not_estimable_empty_event_catalogue,"background episodes, not confirmed false alarms; no primary selection",6,0.95,recentred_enbpi_updated
Eagle_assembly_Benny,numerical_only,3475,3475,0,144.79166666666666,144.79166666666666,55,0.37985611510791367,0.03079136690647482,0,not_estimable_empty_event_catalogue,"background episodes, not confirmed false alarms; no primary selection",6,0.95,recentred_enbpi_updated
Eagle_assembly_Benny,availability_only,3475,3475,0,144.79166666666666,144.79166666666666,0,0.0,0.0,0,not_estimable_empty_event_catalogue,"background episodes, not confirmed false alarms; no primary selection",6,0.95,recentred_enbpi_updated
Eagle_assembly_Benny,combined,3475,3475,0,144.79166666666666,144.79166666666666,55,0.37985611510791367,0.03079136690647482,0,not_estimable_empty_event_catalogue,"background episodes, not confirmed false alarms; no primary selection",6,0.95,recentred_enbpi_updated
Eagle_assembly_Ian,numerical_only,3475,3475,0,144.79166666666666,144.79166666666666,118,0.8149640287769785,0.09697841726618706,0,not_estimable_empty_event_catalogue,"background episodes, not confirmed false alarms; no primary selection",6,0.95,recentred_enbpi_updated
Eagle_assembly_Ian,availability_only,3475,3475,0,144.79166666666666,144.79166666666666,0,0.0,0.0,0,not_estimable_empty_event_catalogue,"background episodes, not confirmed false alarms; no primary selection",6,0.95,recentred_enbpi_updated
Eagle_assembly_Ian,combined,3475,3475,0,144.79166666666666,144.79166666666666,118,0.8149640287769785,0.09697841726618706,0,not_estimable_empty_event_catalogue,"background episodes, not confirmed false alarms; no primary selection",6,0.95,recentred_enbpi_updated
Fox_education_Henrietta,numerical_only,3475,3475,0,144.79166666666666,144.79166666666666,73,0.5041726618705036,0.049784172661870504,0,not_estimable_empty_event_catalogue,"background episodes, not confirmed false alarms; no primary selection",6,0.95,recentred_enbpi_updated
Fox_education_Henrietta,availability_only,3475,3475,0,144.79166666666666,144.79166666666666,0,0.0,0.0,0,not_estimable_empty_event_catalogue,"background episodes, not confirmed false alarms; no primary selection",6,0.95,recentred_enbpi_updated
Fox_education_Henrietta,combined,3475,3475,0,144.79166666666666,144.79166666666666,73,0.5041726618705036,0.049784172661870504,0,not_estimable_empty_event_catalogue,"background episodes, not confirmed false alarms; no primary selection",6,0.95,recentred_enbpi_updated
Hog_assembly_Colette,numerical_only,3475,3475,0,144.79166666666666,144.79166666666666,68,0.4696402877697842,0.04028776978417266,0,not_estimable_empty_event_catalogue,"background episodes, not confirmed false alarms; no primary selection",6,0.95,recentred_enbpi_updated
Hog_assembly_Colette,availability_only,3475,3475,0,144.79166666666666,144.79166666666666,0,0.0,0.0,0,not_estimable_empty_event_catalogue,"background episodes, not confirmed false alarms; no primary selection",6,0.95,recentred_enbpi_updated
Hog_assembly_Colette,combined,3475,3475,0,144.79166666666666,144.79166666666666,68,0.4696402877697842,0.04028776978417266,0,not_estimable_empty_event_catalogue,"background episodes, not confirmed false alarms; no primary selection",6,0.95,recentred_enbpi_updated
Hog_assembly_Dona,numerical_only,3475,3475,0,144.79166666666666,144.79166666666666,87,0.600863309352518,0.03482014388489209,0,not_estimable_empty_event_catalogue,"background episodes, not confirmed false alarms; no primary selection",6,0.95,recentred_enbpi_updated
Hog_assembly_Dona,availability_only,3475,3475,0,144.79166666666666,144.79166666666666,0,0.0,0.0,0,not_estimable_empty_event_catalogue,"background episodes, not confirmed false alarms; no primary selection",6,0.95,recentred_enbpi_updated
Hog_assembly_Dona,combined,3475,3475,0,144.79166666666666,144.79166666666666,87,0.600863309352518,0.03482014388489209,0,not_estimable_empty_event_catalogue,"background episodes, not confirmed false alarms; no primary selection",6,0.95,recentred_enbpi_updated
Lamb_assembly_Bertie,numerical_only,3475,3475,0,144.79166666666666,144.79166666666666,22,0.15194244604316548,0.017553956834532373,0,not_estimable_empty_event_catalogue,"background episodes, not confirmed false alarms; no primary selection",6,0.95,recentred_enbpi_updated
Lamb_assembly_Bertie,availability_only,3475,3475,0,144.79166666666666,144.79166666666666,0,0.0,0.0,0,not_estimable_empty_event_catalogue,"background episodes, not confirmed false alarms; no primary selection",6,0.95,recentred_enbpi_updated
Lamb_assembly_Bertie,combined,3475,3475,0,144.79166666666666,144.79166666666666,22,0.15194244604316548,0.017553956834532373,0,not_estimable_empty_event_catalogue,"background episodes, not confirmed false alarms; no primary selection",6,0.95,recentred_enbpi_updated
Lamb_assembly_Cesar,numerical_only,3475,3475,0,144.79166666666666,144.79166666666666,62,0.42820143884892087,0.12460431654676259,0,not_estimable_empty_event_catalogue,"background episodes, not confirmed false alarms; no primary selection",6,0.95,recentred_enbpi_updated
Lamb_assembly_Cesar,availability_only,3475,3475,0,144.79166666666666,144.79166666666666,0,0.0,0.0,0,not_estimable_empty_event_catalogue,"background episodes, not confirmed false alarms; no primary selection",6,0.95,recentred_enbpi_updated
Lamb_assembly_Cesar,combined,3475,3475,0,144.79166666666666,144.79166666666666,62,0.42820143884892087,0.12460431654676259,0,not_estimable_empty_event_catalogue,"background episodes, not confirmed false alarms; no primary selection",6,0.95,recentred_enbpi_updated
Moose_education_Ricardo,numerical_only,3365,3365,0,140.20833333333331,140.20833333333331,48,0.34234769687964345,0.05170876671619613,0,not_estimable_empty_event_catalogue,"background episodes, not confirmed false alarms; no primary selection",6,0.95,recentred_enbpi_updated
Moose_education_Ricardo,availability_only,3365,3365,0,140.20833333333331,140.20833333333331,0,0.0,0.0,0,not_estimable_empty_event_catalogue,"background episodes, not confirmed false alarms; no primary selection",6,0.95,recentred_enbpi_updated
Moose_education_Ricardo,combined,3365,3365,0,140.20833333333331,140.20833333333331,48,0.34234769687964345,0.05170876671619613,0,not_estimable_empty_event_catalogue,"background episodes, not confirmed false alarms; no primary selection",6,0.95,recentred_enbpi_updated
Mouse_health_Estela,numerical_only,3475,3475,0,144.79166666666666,144.79166666666666,52,0.35913669064748205,0.04546762589928058,0,not_estimable_empty_event_catalogue,"background episodes, not confirmed false alarms; no primary selection",6,0.95,recentred_enbpi_updated
Mouse_health_Estela,availability_only,3475,3475,0,144.79166666666666,144.79166666666666,0,0.0,0.0,0,not_estimable_empty_event_catalogue,"background episodes, not confirmed false alarms; no primary selection",6,0.95,recentred_enbpi_updated
Mouse_health_Estela,combined,3475,3475,0,144.79166666666666,144.79166666666666,52,0.35913669064748205,0.04546762589928058,0,not_estimable_empty_event_catalogue,"background episodes, not confirmed false alarms; no primary selection",6,0.95,recentred_enbpi_updated
Mouse_health_Justin,numerical_only,3475,3475,0,144.79166666666666,144.79166666666666,23,0.15884892086330937,0.027913669064748202,0,not_estimable_empty_event_catalogue,"background episodes, not confirmed false alarms; no primary selection",6,0.95,recentred_enbpi_updated
Mouse_health_Justin,availability_only,3475,3475,0,144.79166666666666,144.79166666666666,0,0.0,0.0,0,not_estimable_empty_event_catalogue,"background episodes, not confirmed false alarms; no primary selection",6,0.95,recentred_enbpi_updated
Mouse_health_Justin,combined,3475,3475,0,144.79166666666666,144.79166666666666,23,0.15884892086330937,0.027913669064748202,0,not_estimable_empty_event_catalogue,"background episodes, not confirmed false alarms; no primary selection",6,0.95,recentred_enbpi_updated
__pooled__,numerical_only,34590,34590,0,1441.25,1441.25,728,0.5051170858629662,0.054553339115351256,0,not_estimable_empty_event_catalogue,"background episodes, not confirmed false alarms; no primary selection",6,0.95,dscp
__pooled__,availability_only,34590,34590,0,1441.25,1441.25,0,0.0,0.0,0,not_estimable_empty_event_catalogue,"background episodes, not confirmed false alarms; no primary selection",6,0.95,dscp
__pooled__,combined,34590,34590,0,1441.25,1441.25,728,0.5051170858629662,0.054553339115351256,0,not_estimable_empty_event_catalogue,"background episodes, not confirmed false alarms; no primary selection",6,0.95,dscp
Eagle_assembly_Benny,numerical_only,3470,3470,0,144.58333333333331,144.58333333333331,4,0.027665706051873202,0.0011527377521613833,0,not_estimable_empty_event_catalogue,"background episodes, not confirmed false alarms; no primary selection",6,0.95,dscp
Eagle_assembly_Benny,availability_only,3470,3470,0,144.58333333333331,144.58333333333331,0,0.0,0.0,0,not_estimable_empty_event_catalogue,"background episodes, not confirmed false alarms; no primary selection",6,0.95,dscp
Eagle_assembly_Benny,combined,3470,3470,0,144.58333333333331,144.58333333333331,4,0.027665706051873202,0.0011527377521613833,0,not_estimable_empty_event_catalogue,"background episodes, not confirmed false alarms; no primary selection",6,0.95,dscp
Eagle_assembly_Ian,numerical_only,3470,3470,0,144.58333333333331,144.58333333333331,321,2.2201729106628245,0.25561959654178673,0,not_estimable_empty_event_catalogue,"background episodes, not confirmed false alarms; no primary selection",6,0.95,dscp
Eagle_assembly_Ian,availability_only,3470,3470,0,144.58333333333331,144.58333333333331,0,0.0,0.0,0,not_estimable_empty_event_catalogue,"background episodes, not confirmed false alarms; no primary selection",6,0.95,dscp
Eagle_assembly_Ian,combined,3470,3470,0,144.58333333333331,144.58333333333331,321,2.2201729106628245,0.25561959654178673,0,not_estimable_empty_event_catalogue,"background episodes, not confirmed false alarms; no primary selection",6,0.95,dscp
Fox_education_Henrietta,numerical_only,3470,3470,0,144.58333333333331,144.58333333333331,0,0.0,0.0,0,not_estimable_empty_event_catalogue,"background episodes, not confirmed false alarms; no primary selection",6,0.95,dscp
Fox_education_Henrietta,availability_only,3470,3470,0,144.58333333333331,144.58333333333331,0,0.0,0.0,0,not_estimable_empty_event_catalogue,"background episodes, not confirmed false alarms; no primary selection",6,0.95,dscp
Fox_education_Henrietta,combined,3470,3470,0,144.58333333333331,144.58333333333331,0,0.0,0.0,0,not_estimable_empty_event_catalogue,"background episodes, not confirmed false alarms; no primary selection",6,0.95,dscp
Hog_assembly_Colette,numerical_only,3470,3470,0,144.58333333333331,144.58333333333331,193,1.334870317002882,0.10778097982708934,0,not_estimable_empty_event_catalogue,"background episodes, not confirmed false alarms; no primary selection",6,0.95,dscp
Hog_assembly_Colette,availability_only,3470,3470,0,144.58333333333331,144.58333333333331,0,0.0,0.0,0,not_estimable_empty_event_catalogue,"background episodes, not confirmed false alarms; no primary selection",6,0.95,dscp
Hog_assembly_Colette,combined,3470,3470,0,144.58333333333331,144.58333333333331,193,1.334870317002882,0.10778097982708934,0,not_estimable_empty_event_catalogue,"background episodes, not confirmed false alarms; no primary selection",6,0.95,dscp
Hog_assembly_Dona,numerical_only,3470,3470,0,144.58333333333331,144.58333333333331,46,0.3181556195965418,0.016714697406340056,0,not_estimable_empty_event_catalogue,"background episodes, not confirmed false alarms; no primary selection",6,0.95,dscp
Hog_assembly_Dona,availability_only,3470,3470,0,144.58333333333331,144.58333333333331,0,0.0,0.0,0,not_estimable_empty_event_catalogue,"background episodes, not confirmed false alarms; no primary selection",6,0.95,dscp
Hog_assembly_Dona,combined,3470,3470,0,144.58333333333331,144.58333333333331,46,0.3181556195965418,0.016714697406340056,0,not_estimable_empty_event_catalogue,"background episodes, not confirmed false alarms; no primary selection",6,0.95,dscp
Lamb_assembly_Bertie,numerical_only,3470,3470,0,144.58333333333331,144.58333333333331,130,0.8991354466858791,0.12997118155619597,0,not_estimable_empty_event_catalogue,"background episodes, not confirmed false alarms; no primary selection",6,0.95,dscp
Lamb_assembly_Bertie,availability_only,3470,3470,0,144.58333333333331,144.58333333333331,0,0.0,0.0,0,not_estimable_empty_event_catalogue,"background episodes, not confirmed false alarms; no primary selection",6,0.95,dscp
Lamb_assembly_Bertie,combined,3470,3470,0,144.58333333333331,144.58333333333331,130,0.8991354466858791,0.12997118155619597,0,not_estimable_empty_event_catalogue,"background episodes, not confirmed false alarms; no primary selection",6,0.95,dscp
Lamb_assembly_Cesar,numerical_only,3470,3470,0,144.58333333333331,144.58333333333331,0,0.0,0.0,0,not_estimable_empty_event_catalogue,"background episodes, not confirmed false alarms; no primary selection",6,0.95,dscp
Lamb_assembly_Cesar,availability_only,3470,3470,0,144.58333333333331,144.58333333333331,0,0.0,0.0,0,not_estimable_empty_event_catalogue,"background episodes, not confirmed false alarms; no primary selection",6,0.95,dscp
Lamb_assembly_Cesar,combined,3470,3470,0,144.58333333333331,144.58333333333331,0,0.0,0.0,0,not_estimable_empty_event_catalogue,"background episodes, not confirmed false alarms; no primary selection",6,0.95,dscp
Moose_education_Ricardo,numerical_only,3360,3360,0,140.0,140.0,0,0.0,0.0,0,not_estimable_empty_event_catalogue,"background episodes, not confirmed false alarms; no primary selection",6,0.95,dscp
Moose_education_Ricardo,availability_only,3360,3360,0,140.0,140.0,0,0.0,0.0,0,not_estimable_empty_event_catalogue,"background episodes, not confirmed false alarms; no primary selection",6,0.95,dscp
Moose_education_Ricardo,combined,3360,3360,0,140.0,140.0,0,0.0,0.0,0,not_estimable_empty_event_catalogue,"background episodes, not confirmed false alarms; no primary selection",6,0.95,dscp
Mouse_health_Estela,numerical_only,3470,3470,0,144.58333333333331,144.58333333333331,12,0.08299711815561961,0.008933717579250721,0,not_estimable_empty_event_catalogue,"background episodes, not confirmed false alarms; no primary selection",6,0.95,dscp
Mouse_health_Estela,availability_only,3470,3470,0,144.58333333333331,144.58333333333331,0,0.0,0.0,0,not_estimable_empty_event_catalogue,"background episodes, not confirmed false alarms; no primary selection",6,0.95,dscp
Mouse_health_Estela,combined,3470,3470,0,144.58333333333331,144.58333333333331,12,0.08299711815561961,0.008933717579250721,0,not_estimable_empty_event_catalogue,"background episodes, not confirmed false alarms; no primary selection",6,0.95,dscp
Mouse_health_Justin,numerical_only,3470,3470,0,144.58333333333331,144.58333333333331,22,0.15216138328530263,0.02363112391930836,0,not_estimable_empty_event_catalogue,"background episodes, not confirmed false alarms; no primary selection",6,0.95,dscp
Mouse_health_Justin,availability_only,3470,3470,0,144.58333333333331,144.58333333333331,0,0.0,0.0,0,not_estimable_empty_event_catalogue,"background episodes, not confirmed false alarms; no primary selection",6,0.95,dscp
Mouse_health_Justin,combined,3470,3470,0,144.58333333333331,144.58333333333331,22,0.15216138328530263,0.02363112391930836,0,not_estimable_empty_event_catalogue,"background episodes, not confirmed false alarms; no primary selection",6,0.95,dscp
