warning: in the working copy of 'BDG2_MATCHED_INTERVAL_METHODS_MULTISEED_REPORT.md', LF will be replaced by CRLF the next time Git touches it
[review/matched-intervals005-bdg2-multiseed-20260914 b8284fd] Publish BDG2 interval multiseed: completed
 2943 files changed, 144138 insertions(+)
 create mode 100644 BDG2_MATCHED_INTERVAL_METHODS_MULTISEED_REPORT.md
 create mode 100644 review/matched_intervals005_bdg2_multiseed_20260914/COMPLETION_VERIFICATION.md
 create mode 100644 review/matched_intervals005_bdg2_multiseed_20260914/DELIVERY_VALIDATION.json
 create mode 100644 review/matched_intervals005_bdg2_multiseed_20260914/EVIDENCE_INDEX.md
 create mode 100644 review/matched_intervals005_bdg2_multiseed_20260914/EVIDENCE_MANIFEST.csv
 create mode 100644 review/matched_intervals005_bdg2_multiseed_20260914/PANEL_RESPONSE.md
 create mode 100644 review/matched_intervals005_bdg2_multiseed_20260914/PROGRESS_AND_RESTART.md
 create mode 100644 review/matched_intervals005_bdg2_multiseed_20260914/command_receipts/README.md
 create mode 100644 review/matched_intervals005_bdg2_multiseed_20260914/command_receipts/coordinator_20260914T1001580249609.log
 create mode 100644 review/matched_intervals005_bdg2_multiseed_20260914/command_receipts/coordinator_20260914T1001580249609.log.json
 create mode 100644 review/matched_intervals005_bdg2_multiseed_20260914/command_receipts/delivery_20260914T1218317428513.log
 create mode 100644 review/matched_intervals005_bdg2_multiseed_20260914/command_receipts/delivery_20260914T1218317428513.log.json
 create mode 100644 review/matched_intervals005_bdg2_multiseed_20260914/command_receipts/delivery_final_20260914T1222208690857.log
 create mode 100644 review/matched_intervals005_bdg2_multiseed_20260914/command_receipts/delivery_final_20260914T1222208690857.log.json
 create mode 100644 review/matched_intervals005_bdg2_multiseed_20260914/command_receipts/finalize_reporting_20260914T1221113108425.log
 create mode 100644 review/matched_intervals005_bdg2_multiseed_20260914/command_receipts/finalize_reporting_20260914T1221113108425.log.json
 create mode 100644 review/matched_intervals005_bdg2_multiseed_20260914/command_receipts/freeze_batch.log
 create mode 100644 review/matched_intervals005_bdg2_multiseed_20260914/command_receipts/freeze_batch.log.json
 create mode 100644 review/matched_intervals005_bdg2_multiseed_20260914/command_receipts/prefit_regression.log
 create mode 100644 review/matched_intervals005_bdg2_multiseed_20260914/command_receipts/prefit_regression.log.json
 create mode 100644 review/matched_intervals005_bdg2_multiseed_20260914/command_receipts/report_20260914T1218008926075.log
 create mode 100644 review/matched_intervals005_bdg2_multiseed_20260914/command_receipts/report_20260914T1218008926075.log.json
 create mode 100644 review/matched_intervals005_bdg2_multiseed_20260914/delivery.py
 create mode 100644 review/matched_intervals005_bdg2_multiseed_20260914/evaluated_source.json
 create mode 100644 review/matched_intervals005_bdg2_multiseed_20260914/evaluated_source.zip
 create mode 100644 review/matched_intervals005_bdg2_multiseed_20260914/finalize_reporting.py
 create mode 100644 review/matched_intervals005_bdg2_multiseed_20260914/publish.py
 create mode 100644 review/matched_intervals005_bdg2_multiseed_20260914/report.py
 create mode 100644 review/matched_intervals005_bdg2_multiseed_20260914/verify_publication.py
 create mode 100644 smart_building_conformal/outputs/matched_intervals005/bdg2_f2_s43_v2/COMPLETE.json
 create mode 100644 smart_building_conformal/outputs/matched_intervals005/bdg2_f2_s43_v2/checkpoint_manifest.json
 create mode 100644 smart_building_conformal/outputs/matched_intervals005/bdg2_f2_s43_v2/operations.jsonl
 create mode 100644 smart_building_conformal/outputs/matched_intervals005/bdg2_f2_s43_v2/stage_journal.jsonl
 create mode 100644 smart_building_conformal/outputs/matched_intervals005/bdg2_f2_s43_v2/stages/dscp_assignment_000000_000064/COMPLETE.json
 create mode 100644 smart_building_conformal/outputs/matched_intervals005/bdg2_f2_s43_v2/stages/dscp_assignment_000000_000064/assignments.npy
 create mode 100644 smart_building_conformal/outputs/matched_intervals005/bdg2_f2_s43_v2/stages/dscp_assignment_000000_000064/stage.json
 create mode 100644 smart_building_conformal/outputs/matched_intervals005/bdg2_f2_s43_v2/stages/dscp_assignment_000064_000576/COMPLETE.json
 create mode 100644 smart_building_conformal/outputs/matched_intervals005/bdg2_f2_s43_v2/stages/dscp_assignment_000064_000576/assignments.npy
 create mode 100644 smart_building_conformal/outputs/matched_intervals005/bdg2_f2_s43_v2/stages/dscp_assignment_000064_000576/stage.json
 create mode 100644 smart_building_conformal/outputs/matched_intervals005/bdg2_f2_s43_v2/stages/dscp_assignment_000576_001088/COMPLETE.json
 create mode 100644 smart_building_conformal/outputs/matched_intervals005/bdg2_f2_s43_v2/stages/dscp_assignment_000576_001088/assignments.npy
 create mode 100644 smart_building_conformal/outputs/matched_intervals005/bdg2_f2_s43_v2/stages/dscp_assignment_000576_001088/stage.json
 create mode 100644 smart_building_conformal/outputs/matched_intervals005/bdg2_f2_s43_v2/stages/dscp_assignment_001088_001600/COMPLETE.json
 create mode 100644 smart_building_conformal/outputs/matched_intervals005/bdg2_f2_s43_v2/stages/dscp_assignment_001088_001600/assignments.npy
 create mode 100644 smart_building_conformal/outputs/matched_intervals005/bdg2_f2_s43_v2/stages/dscp_assignment_001088_001600/stage.json
 create mode 100644 smart_building_conformal/outputs/matched_intervals005/bdg2_f2_s43_v2/stages/dscp_assignment_001600_002112/COMPLETE.json
 create mode 100644 smart_building_conformal/outputs/matched_intervals005/bdg2_f2_s43_v2/stages/dscp_assignment_001600_002112/assignments.npy
 create mode 100644 smart_building_conformal/outputs/matched_intervals005/bdg2_f2_s43_v2/stages/dscp_assignment_001600_002112/stage.json
 create mode 100644 smart_building_conformal/outputs/matched_intervals005/bdg2_f2_s43_v2/stages/dscp_assignment_002112_002624/COMPLETE.json
 create mode 100644 smart_building_conformal/outputs/matched_intervals005/bdg2_f2_s43_v2/stages/dscp_assignment_002112_002624/assignments.npy
 create mode 100644 smart_building_conformal/outputs/matched_intervals005/bdg2_f2_s43_v2/stages/dscp_assignment_002112_002624/stage.json
 create mode 100644 smart_building_conformal/outputs/matched_intervals005/bdg2_f2_s43_v2/stages/dscp_assignment_002624_003136/COMPLETE.json
 create mode 100644 smart_building_conformal/outputs/matched_intervals005/bdg2_f2_s43_v2/stages/dscp_assignment_002624_003136/assignments.npy
 create mode 100644 smart_building_conformal/outputs/matched_intervals005/bdg2_f2_s43_v2/stages/dscp_assignment_002624_003136/stage.json
 create mode 100644 smart_building_conformal/outputs/matched_intervals005/bdg2_f2_s43_v2/stages/dscp_assignment_003136_003648/COMPLETE.json
 create mode 100644 smart_building_conformal/outputs/matched_intervals005/bdg2_f2_s43_v2/stages/dscp_assignment_003136_003648/assignments.npy
 create mode 100644 smart_building_conformal/outputs/matched_intervals005/bdg2_f2_s43_v2/stages/dscp_assignment_003136_003648/stage.json
 create mode 100644 smart_building_conformal/outputs/matched_intervals005/bdg2_f2_s43_v2/stages/dscp_assignment_003648_004160/COMPLETE.json
 create mode 100644 smart_building_conformal/outputs/matched_intervals005/bdg2_f2_s43_v2/stages/dscp_assignment_003648_004160/assignments.npy
 create mode 100644 smart_building_conformal/outputs/matched_intervals005/bdg2_f2_s43_v2/stages/dscp_assignment_003648_004160/stage.json
 create mode 100644 smart_building_conformal/outputs/matched_intervals005/bdg2_f2_s43_v2/stages/dscp_assignment_004160_004672/COMPLETE.json
 create mode 100644 smart_building_conformal/outputs/matched_intervals005/bdg2_f2_s43_v2/stages/dscp_assignment_004160_004672/assignments.npy
 create mode 100644 smart_building_conformal/outputs/matched_intervals005/bdg2_f2_s43_v2/stages/dscp_assignment_004160_004672/stage.json
 create mode 100644 smart_building_conformal/outputs/matched_intervals005/bdg2_f2_s43_v2/stages/dscp_assignment_004672_005184/COMPLETE.json
 create mode 100644 smart_building_conformal/outputs/matched_intervals005/bdg2_f2_s43_v2/stages/dscp_assignment_004672_005184/assignments.npy
 create mode 100644 smart_building_conformal/outputs/matched_intervals005/bdg2_f2_s43_v2/stages/dscp_assignment_004672_005184/stage.json
 create mode 100644 smart_building_conformal/outputs/matched_intervals005/bdg2_f2_s43_v2/stages/dscp_assignment_005184_005696/COMPLETE.json
 create mode 100644 smart_building_conformal/outputs/matched_intervals005/bdg2_f2_s43_v2/stages/dscp_assignment_005184_005696/assignments.npy
 create mode 100644 smart_building_conformal/outputs/matched_intervals005/bdg2_f2_s43_v2/stages/dscp_assignment_005184_005696/stage.json
 create mode 100644 smart_building_conformal/outputs/matched_intervals005/bdg2_f2_s43_v2/stages/dscp_assignment_005696_006208/COMPLETE.json
 create mode 100644 smart_building_conformal/outputs/matched_intervals005/bdg2_f2_s43_v2/stages/dscp_assignment_005696_006208/assignments.npy
 create mode 100644 smart_building_conformal/outputs/matched_intervals005/bdg2_f2_s43_v2/stages/dscp_assignment_005696_006208/stage.json
 create mode 100644 smart_building_conformal/outputs/matched_intervals005/bdg2_f2_s43_v2/stages/dscp_assignment_006208_006720/COMPLETE.json
 create mode 100644 smart_building_conformal/outputs/matched_intervals005/bdg2_f2_s43_v2/stages/dscp_assignment_006208_006720/assignments.npy
 create mode 100644 smart_building_conformal/outputs/matched_intervals005/bdg2_f2_s43_v2/stages/dscp_assignment_006208_006720/stage.json
 create mode 100644 smart_building_conformal/outputs/matched_intervals005/bdg2_f2_s43_v2/stages/dscp_assignment_006720_007232/COMPLETE.json
 create mode 100644 smart_building_conformal/outputs/matched_intervals005/bdg2_f2_s43_v2/stages/dscp_assignment_006720_007232/assignments.npy
 create mode 100644 smart_building_conformal/outputs/matched_intervals005/bdg2_f2_s43_v2/stages/dscp_assignment_006720_007232/stage.json
 create mode 100644 smart_building_conformal/outputs/matched_intervals005/bdg2_f2_s43_v2/stages/dscp_assignment_007232_007744/COMPLETE.json
 create mode 100644 smart_building_conformal/outputs/matched_intervals005/bdg2_f2_s43_v2/stages/dscp_assignment_007232_007744/assignments.npy
 create mode 100644 smart_building_conformal/outputs/matched_intervals005/bdg2_f2_s43_v2/stages/dscp_assignment_007232_007744/stage.json
 create mode 100644 smart_building_conformal/outputs/matched_intervals005/bdg2_f2_s43_v2/stages/dscp_assignment_007744_008256/COMPLETE.json
 create mode 100644 smart_building_conformal/outputs/matched_intervals005/bdg2_f2_s43_v2/stages/dscp_assignment_007744_008256/assignments.npy
 create mode 100644 smart_building_conformal/outputs/matched_intervals005/bdg2_f2_s43_v2/stages/dscp_assignment_007744_008256/stage.json
 create mode 100644 smart_building_conformal/outputs/matched_intervals005/bdg2_f2_s43_v2/stages/dscp_assignment_008256_008768/COMPLETE.json
 create mode 100644 smart_building_conformal/outputs/matched_intervals005/bdg2_f2_s43_v2/stages/dscp_assignment_008256_008768/assignments.npy
 create mode 100644 smart_building_conformal/outputs/matched_intervals005/bdg2_f2_s43_v2/stages/dscp_assignment_008256_008768/stage.json
 create mode 100644 smart_building_conformal/outputs/matched_intervals005/bdg2_f2_s43_v2/stages/dscp_assignment_008768_009280/COMPLETE.json
 create mode 100644 smart_building_conformal/outputs/matched_intervals005/bdg2_f2_s43_v2/stages/dscp_assignment_008768_009280/assignments.npy
 create mode 100644 smart_building_conformal/outputs/matched_intervals005/bdg2_f2_s43_v2/stages/dscp_assignment_008768_009280/stage.json
 create mode 100644 smart_building_conformal/outputs/matched_intervals005/bdg2_f2_s43_v2/stages/dscp_assignment_009280_009792/COMPLETE.json
 create mode 100644 smart_building_conformal/outputs/matched_intervals005/bdg2_f2_s43_v2/stages/dscp_assignment_009280_009792/assignments.npy
 create mode 100644 smart_building_conformal/outputs/matched_intervals005/bdg2_f2_s43_v2/stages/dscp_assignment_009280_009792/stage.json
 create mode 100644 smart_building_conformal/outputs/matched_intervals005/bdg2_f2_s43_v2/stages/dscp_assignment_009792_010304/COMPLETE.json
 create mode 100644 smart_building_conformal/outputs/matched_intervals005/bdg2_f2_s43_v2/stages/dscp_assignment_009792_010304/assignments.npy
 create mode 100644 smart_building_conformal/outputs/matched_intervals005/bdg2_f2_s43_v2/stages/dscp_assignment_009792_010304/stage.json
 create mode 100644 smart_building_conformal/outputs/matched_intervals005/bdg2_f2_s43_v2/stages/dscp_assignment_010304_010816/COMPLETE.json
 create mode 100644 smart_building_conformal/outputs/matched_intervals005/bdg2_f2_s43_v2/stages/dscp_assignment_010304_010816/assignments.npy
 create mode 100644 smart_building_conformal/outputs/matched_intervals005/bdg2_f2_s43_v2/stages/dscp_assignment_010304_010816/stage.json
 create mode 100644 smart_building_conformal/outputs/matched_intervals005/bdg2_f2_s43_v2/stages/dscp_assignment_010816_011328/COMPLETE.json
 create mode 100644 smart_building_conformal/outputs/matched_intervals005/bdg2_f2_s43_v2/stages/dscp_assignment_010816_011328/assignments.npy
 create mode 100644 smart_building_conformal/outputs/matched_intervals005/bdg2_f2_s43_v2/stages/dscp_assignment_010816_011328/stage.json
 create mode 100644 smart_building_conformal/outputs/matched_intervals005/bdg2_f2_s43_v2/stages/dscp_assignment_011328_011840/COMPLETE.json
 create mode 100644 smart_building_conformal/outputs/matched_intervals005/bdg2_f2_s43_v2/stages/dscp_assignment_011328_011840/assignments.npy
 create mode 100644 smart_building_conformal/outputs/matched_intervals005/bdg2_f2_s43_v2/stages/dscp_assignment_011328_011840/stage.json
 create mode 100644 smart_building_conformal/outputs/matched_intervals005/bdg2_f2_s43_v2/stages/dscp_assignment_011840_012352/COMPLETE.json
 create mode 100644 smart_building_conformal/outputs/matched_intervals005/bdg2_f2_s43_v2/stages/dscp_assignment_011840_012352/assignments.npy
 create mode 100644 smart_building_conformal/outputs/matched_intervals005/bdg2_f2_s43_v2/stages/dscp_assignment_011840_012352/stage.json
 create mode 100644 smart_building_conformal/outputs/matched_intervals005/bdg2_f2_s43_v2/stages/dscp_assignment_012352_012864/COMPLETE.json
 create mode 100644 smart_building_conformal/outputs/matched_intervals005/bdg2_f2_s43_v2/stages/dscp_assignment_012352_012864/assignments.npy
 create mode 100644 smart_building_conformal/outputs/matched_intervals005/bdg2_f2_s43_v2/stages/dscp_assignment_012352_012864/stage.json
 create mode 100644 smart_building_conformal/outputs/matched_intervals005/bdg2_f2_s43_v2/stages/dscp_assignment_012864_013376/COMPLETE.json
 create mode 100644 smart_building_conformal/outputs/matched_intervals005/bdg2_f2_s43_v2/stages/dscp_assignment_012864_013376/assignments.npy
 create mode 100644 smart_building_conformal/outputs/matched_intervals005/bdg2_f2_s43_v2/stages/dscp_assignment_012864_013376/stage.json
 create mode 100644 smart_building_conformal/outputs/matched_intervals005/bdg2_f2_s43_v2/stages/dscp_assignment_013376_013888/COMPLETE.json
 create mode 100644 smart_building_conformal/outputs/matched_intervals005/bdg2_f2_s43_v2/stages/dscp_assignment_013376_013888/assignments.npy
 create mode 100644 smart_building_conformal/outputs/matched_intervals005/bdg2_f2_s43_v2/stages/dscp_assignment_013376_013888/stage.json
 create mode 100644 smart_building_conformal/outputs/matched_intervals005/bdg2_f2_s43_v2/stages/dscp_assignment_013888_014400/COMPLETE.json
 create mode 100644 smart_building_conformal/outputs/matched_intervals005/bdg2_f2_s43_v2/stages/dscp_assignment_013888_014400/assignments.npy
 create mode 100644 smart_building_conformal/outputs/matched_intervals005/bdg2_f2_s43_v2/stages/dscp_assignment_013888_014400/stage.json
 create mode 100644 smart_building_conformal/outputs/matched_intervals005/bdg2_f2_s43_v2/stages/dscp_assignment_014400_014912/COMPLETE.json
 create mode 100644 smart_building_conformal/outputs/matched_intervals005/bdg2_f2_s43_v2/stages/dscp_assignment_014400_014912/assignments.npy
 create mode 100644 smart_building_conformal/outputs/matched_intervals005/bdg2_f2_s43_v2/stages/dscp_assignment_014400_014912/stage.json
 create mode 100644 smart_building_conformal/outputs/matched_intervals005/bdg2_f2_s43_v2/stages/dscp_assignment_014912_015424/COMPLETE.json
 create mode 100644 smart_building_conformal/outputs/matched_intervals005/bdg2_f2_s43_v2/stages/dscp_assignment_014912_015424/assignments.npy
 create mode 100644 smart_building_conformal/outputs/matched_intervals005/bdg2_f2_s43_v2/stages/dscp_assignment_014912_015424/stage.json
 create mode 100644 smart_building_conformal/outputs/matched_intervals005/bdg2_f2_s43_v2/stages/dscp_assignment_015424_015936/COMPLETE.json
 create mode 100644 smart_building_conformal/outputs/matched_intervals005/bdg2_f2_s43_v2/stages/dscp_assignment_015424_015936/assignments.npy
 create mode 100644 smart_building_conformal/outputs/matched_intervals005/bdg2_f2_s43_v2/stages/dscp_assignment_015424_015936/stage.json
 create mode 100644 smart_building_conformal/outputs/matched_intervals005/bdg2_f2_s43_v2/stages/dscp_assignment_015936_016448/COMPLETE.json
 create mode 100644 smart_building_conformal/outputs/matched_intervals005/bdg2_f2_s43_v2/stages/dscp_assignment_015936_016448/assignments.npy
 create mode 100644 smart_building_conformal/outputs/matched_intervals005/bdg2_f2_s43_v2/stages/dscp_assignment_015936_016448/stage.json
 create mode 100644 smart_building_conformal/outputs/matched_intervals005/bdg2_f2_s43_v2/stages/dscp_assignment_016448_016960/COMPLETE.json
 create mode 100644 smart_building_conformal/outputs/matched_intervals005/bdg2_f2_s43_v2/stages/dscp_assignment_016448_016960/assignments.npy
 create mode 100644 smart_building_conformal/outputs/matched_intervals005/bdg2_f2_s43_v2/stages/dscp_assignment_016448_016960/stage.json
 create mode 100644 smart_building_conformal/outputs/matched_intervals005/bdg2_f2_s43_v2/stages/dscp_assignment_016960_017472/COMPLETE.json
 create mode 100644 smart_building_conformal/outputs/matched_intervals005/bdg2_f2_s43_v2/stages/dscp_assignment_016960_017472/assignments.npy
 create mode 100644 smart_building_conformal/outputs/matched_intervals005/bdg2_f2_s43_v2/stages/dscp_assignment_016960_017472/stage.json
 create mode 100644 smart_building_conformal/outputs/matched_intervals005/bdg2_f2_s43_v2/stages/dscp_assignment_017472_017984/COMPLETE.json
 create mode 100644 smart_building_conformal/outputs/matched_intervals005/bdg2_f2_s43_v2/stages/dscp_assignment_017472_017984/assignments.npy
 create mode 100644 smart_building_conformal/outputs/matched_intervals005/bdg2_f2_s43_v2/stages/dscp_assignment_017472_017984/stage.json
 create mode 100644 smart_building_conformal/outputs/matched_intervals005/bdg2_f2_s43_v2/stages/dscp_assignment_017984_018496/COMPLETE.json
 create mode 100644 smart_building_conformal/outputs/matched_intervals005/bdg2_f2_s43_v2/stages/dscp_assignment_017984_018496/assignments.npy
 create mode 100644 smart_building_conformal/outputs/matched_intervals005/bdg2_f2_s43_v2/stages/dscp_assignment_017984_018496/stage.json
 create mode 100644 smart_building_conformal/outputs/matched_intervals005/bdg2_f2_s43_v2/stages/dscp_assignment_018496_019008/COMPLETE.json
 create mode 100644 smart_building_conformal/outputs/matched_intervals005/bdg2_f2_s43_v2/stages/dscp_assignment_018496_019008/assignments.npy
 create mode 100644 smart_building_conformal/outputs/matched_intervals005/bdg2_f2_s43_v2/stages/dscp_assignment_018496_019008/stage.json
 create mode 100644 smart_building_conformal/outputs/matched_intervals005/bdg2_f2_s43_v2/stages/dscp_assignment_019008_019520/COMPLETE.json
 create mode 100644 smart_building_conformal/outputs/matched_intervals005/bdg2_f2_s43_v2/stages/dscp_assignment_019008_019520/assignments.npy
 create mode 100644 smart_building_conformal/outputs/matched_intervals005/bdg2_f2_s43_v2/stages/dscp_assignment_019008_019520/stage.json
 create mode 100644 smart_building_conformal/outputs/matched_intervals005/bdg2_f2_s43_v2/stages/dscp_assignment_019520_020032/COMPLETE.json
 create mode 100644 smart_building_conformal/outputs/matched_intervals005/bdg2_f2_s43_v2/stages/dscp_assignment_019520_020032/assignments.npy
 create mode 100644 smart_building_conformal/outputs/matched_intervals005/bdg2_f2_s43_v2/stages/dscp_assignment_019520_020032/stage.json
 create mode 100644 smart_building_conformal/outputs/matched_intervals005/bdg2_f2_s43_v2/stages/dscp_assignment_020032_020544/COMPLETE.json
 create mode 100644 smart_building_conformal/outputs/matched_intervals005/bdg2_f2_s43_v2/stages/dscp_assignment_020032_020544/assignments.npy
 create mode 100644 smart_building_conformal/outputs/matched_intervals005/bdg2_f2_s43_v2/stages/dscp_assignment_020032_020544/stage.json
 create mode 100644 smart_building_conformal/outputs/matched_intervals005/bdg2_f2_s43_v2/stages/dscp_assignment_020544_021056/COMPLETE.json
 create mode 100644 smart_building_conformal/outputs/matched_intervals005/bdg2_f2_s43_v2/stages/dscp_assignment_020544_021056/assignments.npy
 create mode 100644 smart_building_conformal/outputs/matched_intervals005/bdg2_f2_s43_v2/stages/dscp_assignment_020544_021056/stage.json
 create mode 100644 smart_building_conformal/outputs/matched_intervals005/bdg2_f2_s43_v2/stages/dscp_assignment_021056_021568/COMPLETE.json
 create mode 100644 smart_building_conformal/outputs/matched_intervals005/bdg2_f2_s43_v2/stages/dscp_assignment_021056_021568/assignments.npy
 create mode 100644 smart_building_conformal/outputs/matched_intervals005/bdg2_f2_s43_v2/stages/dscp_assignment_021056_021568/stage.json
 create mode 100644 smart_building_conformal/outputs/matched_intervals005/bdg2_f2_s43_v2/stages/dscp_assignment_021568_022080/COMPLETE.json
 create mode 100644 smart_building_conformal/outputs/matched_intervals005/bdg2_f2_s43_v2/stages/dscp_assignment_021568_022080/assignments.npy
 create mode 100644 smart_building_conformal/outputs/matched_intervals005/bdg2_f2_s43_v2/stages/dscp_assignment_021568_022080/stage.json
 create mode 100644 smart_building_conformal/outputs/matched_intervals005/bdg2_f2_s43_v2/stages/dscp_assignment_022080_022592/COMPLETE.json
 create mode 100644 smart_building_conformal/outputs/matched_intervals005/bdg2_f2_s43_v2/stages/dscp_assignment_022080_022592/assignments.npy
 create mode 100644 smart_building_conformal/outputs/matched_intervals005/bdg2_f2_s43_v2/stages/dscp_assignment_022080_022592/stage.json
 create mode 100644 smart_building_conformal/outputs/matched_intervals005/bdg2_f2_s43_v2/stages/dscp_assignment_022592_023104/COMPLETE.json
 create mode 100644 smart_building_conformal/outputs/matched_intervals005/bdg2_f2_s43_v2/stages/dscp_assignment_022592_023104/assignments.npy
 create mode 100644 smart_building_conformal/outputs/matched_intervals005/bdg2_f2_s43_v2/stages/dscp_assignment_022592_023104/stage.json
 create mode 100644 smart_building_conformal/outputs/matched_intervals005/bdg2_f2_s43_v2/stages/dscp_assignment_023104_023616/COMPLETE.json
 create mode 100644 smart_building_conformal/outputs/matched_intervals005/bdg2_f2_s43_v2/stages/dscp_assignment_023104_023616/assignments.npy
 create mode 100644 smart_building_conformal/outputs/matched_intervals005/bdg2_f2_s43_v2/stages/dscp_assignment_023104_023616/stage.json
 create mode 100644 smart_building_conformal/outputs/matched_intervals005/bdg2_f2_s43_v2/stages/dscp_assignment_023616_024128/COMPLETE.json
 create mode 100644 smart_building_conformal/outputs/matched_intervals005/bdg2_f2_s43_v2/stages/dscp_assignment_023616_024128/assignments.npy
 create mode 100644 smart_building_conformal/outputs/matched_intervals005/bdg2_f2_s43_v2/stages/dscp_assignment_023616_024128/stage.json
 create mode 100644 smart_building_conformal/outputs/matched_intervals005/bdg2_f2_s43_v2/stages/dscp_assignment_024128_024640/COMPLETE.json
 create mode 100644 smart_building_conformal/outputs/matched_intervals005/bdg2_f2_s43_v2/stages/dscp_assignment_024128_024640/assignments.npy
 create mode 100644 smart_building_conformal/outputs/matched_intervals005/bdg2_f2_s43_v2/stages/dscp_assignment_024128_024640/stage.json
 create mode 100644 smart_building_conformal/outputs/matched_intervals005/bdg2_f2_s43_v2/stages/dscp_assignment_024640_025152/COMPLETE.json
 create mode 100644 smart_building_conformal/outputs/matched_intervals005/bdg2_f2_s43_v2/stages/dscp_assignment_024640_025152/assignments.npy
 create mode 100644 smart_building_conformal/outputs/matched_intervals005/bdg2_f2_s43_v2/stages/dscp_assignment_024640_025152/stage.json
 create mode 100644 smart_building_conformal/outputs/matched_intervals005/bdg2_f2_s43_v2/stages/dscp_assignment_025152_025664/COMPLETE.json
 create mode 100644 smart_building_conformal/outputs/matched_intervals005/bdg2_f2_s43_v2/stages/dscp_assignment_025152_025664/assignments.npy
 create mode 100644 smart_building_conformal/outputs/matched_intervals005/bdg2_f2_s43_v2/stages/dscp_assignment_025152_025664/stage.json
 create mode 100644 smart_building_conformal/outputs/matched_intervals005/bdg2_f2_s43_v2/stages/dscp_assignment_025664_026176/COMPLETE.json
 create mode 100644 smart_building_conformal/outputs/matched_intervals005/bdg2_f2_s43_v2/stages/dscp_assignment_025664_026176/assignments.npy
 create mode 100644 smart_building_conformal/outputs/matched_intervals005/bdg2_f2_s43_v2/stages/dscp_assignment_025664_026176/stage.json
 create mode 100644 smart_building_conformal/outputs/matched_intervals005/bdg2_f2_s43_v2/stages/dscp_assignment_026176_026688/COMPLETE.json
 create mode 100644 smart_building_conformal/outputs/matched_intervals005/bdg2_f2_s43_v2/stages/dscp_assignment_026176_026688/assignments.npy
 create mode 100644 smart_building_conformal/outputs/matched_intervals005/bdg2_f2_s43_v2/stages/dscp_assignment_026176_026688/stage.json
 create mode 100644 smart_building_conformal/outputs/matched_intervals005/bdg2_f2_s43_v2/stages/dscp_assignment_026688_027200/COMPLETE.json
 create mode 100644 smart_building_conformal/outputs/matched_intervals005/bdg2_f2_s43_v2/stages/dscp_assignment_026688_027200/assignments.npy
 create mode 100644 smart_building_conformal/outputs/matched_intervals005/bdg2_f2_s43_v2/stages/dscp_assignment_026688_027200/stage.json
 create mode 100644 smart_building_conformal/outputs/matched_intervals005/bdg2_f2_s43_v2/stages/dscp_assignment_027200_027712/COMPLETE.json
 create mode 100644 smart_building_conformal/outputs/matched_intervals005/bdg2_f2_s43_v2/stages/dscp_assignment_027200_027712/assignments.npy
 create mode 100644 smart_building_conformal/outputs/matched_intervals005/bdg2_f2_s43_v2/stages/dscp_assignment_027200_027712/stage.json
 create mode 100644 smart_building_conformal/outputs/matched_intervals005/bdg2_f2_s43_v2/stages/dscp_assignment_027712_028224/COMPLETE.json
 create mode 100644 smart_building_conformal/outputs/matched_intervals005/bdg2_f2_s43_v2/stages/dscp_assignment_027712_028224/assignments.npy
 create mode 100644 smart_building_conformal/outputs/matched_intervals005/bdg2_f2_s43_v2/stages/dscp_assignment_027712_028224/stage.json
 create mode 100644 smart_building_conformal/outputs/matched_intervals005/bdg2_f2_s43_v2/stages/dscp_assignment_028224_028736/COMPLETE.json
 create mode 100644 smart_building_conformal/outputs/matched_intervals005/bdg2_f2_s43_v2/stages/dscp_assignment_028224_028736/assignments.npy
 create mode 100644 smart_building_conformal/outputs/matched_intervals005/bdg2_f2_s43_v2/stages/dscp_assignment_028224_028736/stage.json
 create mode 100644 smart_building_conformal/outputs/matched_intervals005/bdg2_f2_s43_v2/stages/dscp_assignment_028736_029248/COMPLETE.json
 create mode 100644 smart_building_conformal/outputs/matched_intervals005/bdg2_f2_s43_v2/stages/dscp_assignment_028736_029248/assignments.npy
 create mode 100644 smart_building_conformal/outputs/matched_intervals005/bdg2_f2_s43_v2/stages/dscp_assignment_028736_029248/stage.json
 create mode 100644 smart_building_conformal/outputs/matched_intervals005/bdg2_f2_s43_v2/stages/dscp_assignment_029248_029760/COMPLETE.json
 create mode 100644 smart_building_conformal/outputs/matched_intervals005/bdg2_f2_s43_v2/stages/dscp_assignment_029248_029760/assignments.npy
 create mode 100644 smart_building_conformal/outputs/matched_intervals005/bdg2_f2_s43_v2/stages/dscp_assignment_029248_029760/stage.json
 create mode 100644 smart_building_conformal/outputs/matched_intervals005/bdg2_f2_s43_v2/stages/dscp_assignment_029760_030272/COMPLETE.json
 create mode 100644 smart_building_conformal/outputs/matched_intervals005/bdg2_f2_s43_v2/stages/dscp_assignment_029760_030272/assignments.npy
 create mode 100644 smart_building_conformal/outputs/matched_intervals005/bdg2_f2_s43_v2/stages/dscp_assignment_029760_030272/stage.json
 create mode 100644 smart_building_conformal/outputs/matched_intervals005/bdg2_f2_s43_v2/stages/dscp_assignment_030272_030784/COMPLETE.json
 create mode 100644 smart_building_conformal/outputs/matched_intervals005/bdg2_f2_s43_v2/stages/dscp_assignment_030272_030784/assignments.npy
 create mode 100644 smart_building_conformal/outputs/matched_intervals005/bdg2_f2_s43_v2/stages/dscp_assignment_030272_030784/stage.json
 create mode 100644 smart_building_conformal/outputs/matched_intervals005/bdg2_f2_s43_v2/stages/dscp_assignment_030784_031296/COMPLETE.json
 create mode 100644 smart_building_conformal/outputs/matched_intervals005/bdg2_f2_s43_v2/stages/dscp_assignment_030784_031296/assignments.npy
 create mode 100644 smart_building_conformal/outputs/matched_intervals005/bdg2_f2_s43_v2/stages/dscp_assignment_030784_031296/stage.json
 create mode 100644 smart_building_conformal/outputs/matched_intervals005/bdg2_f2_s43_v2/stages/dscp_assignment_031296_031808/COMPLETE.json
 create mode 100644 smart_building_conformal/outputs/matched_intervals005/bdg2_f2_s43_v2/stages/dscp_assignment_031296_031808/assignments.npy
 create mode 100644 smart_building_conformal/outputs/matched_intervals005/bdg2_f2_s43_v2/stages/dscp_assignment_031296_031808/stage.json
 create mode 100644 smart_building_conformal/outputs/matched_intervals005/bdg2_f2_s43_v2/stages/dscp_assignment_031808_032320/COMPLETE.json
 create mode 100644 smart_building_conformal/outputs/matched_intervals005/bdg2_f2_s43_v2/stages/dscp_assignment_031808_032320/assignments.npy
 create mode 100644 smart_building_conformal/outputs/matched_intervals005/bdg2_f2_s43_v2/stages/dscp_assignment_031808_032320/stage.json
 create mode 100644 smart_building_conformal/outputs/matched_intervals005/bdg2_f2_s43_v2/stages/dscp_assignment_032320_032832/COMPLETE.json
 create mode 100644 smart_building_conformal/outputs/matched_intervals005/bdg2_f2_s43_v2/stages/dscp_assignment_032320_032832/assignments.npy
 create mode 100644 smart_building_conformal/outputs/matched_intervals005/bdg2_f2_s43_v2/stages/dscp_assignment_032320_032832/stage.json
 create mode 100644 smart_building_conformal/outputs/matched_intervals005/bdg2_f2_s43_v2/stages/dscp_assignment_032832_033344/COMPLETE.json
 create mode 100644 smart_building_conformal/outputs/matched_intervals005/bdg2_f2_s43_v2/stages/dscp_assignment_032832_033344/assignments.npy
 create mode 100644 smart_building_conformal/outputs/matched_intervals005/bdg2_f2_s43_v2/stages/dscp_assignment_032832_033344/stage.json
 create mode 100644 smart_building_conformal/outputs/matched_intervals005/bdg2_f2_s43_v2/stages/dscp_assignment_033344_033856/COMPLETE.json
 create mode 100644 smart_building_conformal/outputs/matched_intervals005/bdg2_f2_s43_v2/stages/dscp_assignment_033344_033856/assignments.npy
 create mode 100644 smart_building_conformal/outputs/matched_intervals005/bdg2_f2_s43_v2/stages/dscp_assignment_033344_033856/stage.json
 create mode 100644 smart_building_conformal/outputs/matched_intervals005/bdg2_f2_s43_v2/stages/dscp_assignment_033856_034368/COMPLETE.json
 create mode 100644 smart_building_conformal/outputs/matched_intervals005/bdg2_f2_s43_v2/stages/dscp_assignment_033856_034368/assignments.npy
 create mode 100644 smart_building_conformal/outputs/matched_intervals005/bdg2_f2_s43_v2/stages/dscp_assignment_033856_034368/stage.json
 create mode 100644 smart_building_conformal/outputs/matched_intervals005/bdg2_f2_s43_v2/stages/dscp_assignment_034368_034590/COMPLETE.json
 create mode 100644 smart_building_conformal/outputs/matched_intervals005/bdg2_f2_s43_v2/stages/dscp_assignment_034368_034590/assignments.npy
 create mode 100644 smart_building_conformal/outputs/matched_intervals005/bdg2_f2_s43_v2/stages/dscp_assignment_034368_034590/stage.json
 create mode 100644 smart_building_conformal/outputs/matched_intervals005/bdg2_f2_s43_v2/stages/dscp_fit/COMPLETE.json
 create mode 100644 smart_building_conformal/outputs/matched_intervals005/bdg2_f2_s43_v2/stages/dscp_fit/calibrator.pkl
 create mode 100644 smart_building_conformal/outputs/matched_intervals005/bdg2_f2_s43_v2/stages/dscp_fit/calibrator_metadata.json
 create mode 100644 smart_building_conformal/outputs/matched_intervals005/bdg2_f2_s43_v2/stages/dscp_fit/stage.json
 create mode 100644 smart_building_conformal/outputs/matched_intervals005/bdg2_f2_s43_v2/stages/dscp_joint/COMPLETE.json
 create mode 100644 smart_building_conformal/outputs/matched_intervals005/bdg2_f2_s43_v2/stages/dscp_joint/calibration_h1.csv.gz
 create mode 100644 smart_building_conformal/outputs/matched_intervals005/bdg2_f2_s43_v2/stages/dscp_joint/calibration_h3.csv.gz
 create mode 100644 smart_building_conformal/outputs/matched_intervals005/bdg2_f2_s43_v2/stages/dscp_joint/calibration_h6.csv.gz
 create mode 100644 smart_building_conformal/outputs/matched_intervals005/bdg2_f2_s43_v2/stages/dscp_joint/fit_h1.csv.gz
 create mode 100644 smart_building_conformal/outputs/matched_intervals005/bdg2_f2_s43_v2/stages/dscp_joint/fit_h3.csv.gz
 create mode 100644 smart_building_conformal/outputs/matched_intervals005/bdg2_f2_s43_v2/stages/dscp_joint/fit_h6.csv.gz
 create mode 100644 smart_building_conformal/outputs/matched_intervals005/bdg2_f2_s43_v2/stages/dscp_joint/stage.json
 create mode 100644 smart_building_conformal/outputs/matched_intervals005/bdg2_f2_s43_v2/stages/dscp_joint/test_h1.csv.gz
 create mode 100644 smart_building_conformal/outputs/matched_intervals005/bdg2_f2_s43_v2/stages/dscp_joint/test_h3.csv.gz
 create mode 100644 smart_building_conformal/outputs/matched_intervals005/bdg2_f2_s43_v2/stages/dscp_joint/test_h6.csv.gz
 create mode 100644 smart_building_conformal/outputs/matched_intervals005/bdg2_f2_s43_v2/stages/historical_h1/COMPLETE.json
 create mode 100644 smart_building_conformal/outputs/matched_intervals005/bdg2_f2_s43_v2/stages/historical_h1/calibration.csv.gz
 create mode 100644 smart_building_conformal/outputs/matched_intervals005/bdg2_f2_s43_v2/stages/historical_h1/fit.csv.gz
 create mode 100644 smart_building_conformal/outputs/matched_intervals005/bdg2_f2_s43_v2/stages/historical_h1/reload_checks.csv
 create mode 100644 smart_building_conformal/outputs/matched_intervals005/bdg2_f2_s43_v2/stages/historical_h1/stage.json
 create mode 100644 smart_building_conformal/outputs/matched_intervals005/bdg2_f2_s43_v2/stages/historical_h1/test.csv.gz
 create mode 100644 smart_building_conformal/outputs/matched_intervals005/bdg2_f2_s43_v2/stages/historical_h3/COMPLETE.json
 create mode 100644 smart_building_conformal/outputs/matched_intervals005/bdg2_f2_s43_v2/stages/historical_h3/calibration.csv.gz
 create mode 100644 smart_building_conformal/outputs/matched_intervals005/bdg2_f2_s43_v2/stages/historical_h3/fit.csv.gz
 create mode 100644 smart_building_conformal/outputs/matched_intervals005/bdg2_f2_s43_v2/stages/historical_h3/reload_checks.csv
 create mode 100644 smart_building_conformal/outputs/matched_intervals005/bdg2_f2_s43_v2/stages/historical_h3/stage.json
 create mode 100644 smart_building_conformal/outputs/matched_intervals005/bdg2_f2_s43_v2/stages/historical_h3/test.csv.gz
 create mode 100644 smart_building_conformal/outputs/matched_intervals005/bdg2_f2_s43_v2/stages/historical_h6/COMPLETE.json
 create mode 100644 smart_building_conformal/outputs/matched_intervals005/bdg2_f2_s43_v2/stages/historical_h6/calibration.csv.gz
 create mode 100644 smart_building_conformal/outputs/matched_intervals005/bdg2_f2_s43_v2/stages/historical_h6/fit.csv.gz
 create mode 100644 smart_building_conformal/outputs/matched_intervals005/bdg2_f2_s43_v2/stages/historical_h6/reload_checks.csv
 create mode 100644 smart_building_conformal/outputs/matched_intervals005/bdg2_f2_s43_v2/stages/historical_h6/stage.json
 create mode 100644 smart_building_conformal/outputs/matched_intervals005/bdg2_f2_s43_v2/stages/historical_h6/test.csv.gz
 create mode 100644 smart_building_conformal/outputs/matched_intervals005/bdg2_f2_s43_v2/stages/owner_cal_h1_cqr_l90/COMPLETE.json
 create mode 100644 smart_building_conformal/outputs/matched_intervals005/bdg2_f2_s43_v2/stages/owner_cal_h1_cqr_l90/native_conformity_scores.npy
 create mode 100644 smart_building_conformal/outputs/matched_intervals005/bdg2_f2_s43_v2/stages/owner_cal_h1_cqr_l90/operation_counts.json
 create mode 100644 smart_building_conformal/outputs/matched_intervals005/bdg2_f2_s43_v2/stages/owner_cal_h1_cqr_l90/owner.pkl
 create mode 100644 smart_building_conformal/outputs/matched_intervals005/bdg2_f2_s43_v2/stages/owner_cal_h1_cqr_l90/stage.json
 create mode 100644 smart_building_conformal/outputs/matched_intervals005/bdg2_f2_s43_v2/stages/owner_cal_h1_cqr_l95/COMPLETE.json
 create mode 100644 smart_building_conformal/outputs/matched_intervals005/bdg2_f2_s43_v2/stages/owner_cal_h1_cqr_l95/native_conformity_scores.npy
 create mode 100644 smart_building_conformal/outputs/matched_intervals005/bdg2_f2_s43_v2/stages/owner_cal_h1_cqr_l95/operation_counts.json
 create mode 100644 smart_building_conformal/outputs/matched_intervals005/bdg2_f2_s43_v2/stages/owner_cal_h1_cqr_l95/owner.pkl
 create mode 100644 smart_building_conformal/outputs/matched_intervals005/bdg2_f2_s43_v2/stages/owner_cal_h1_cqr_l95/stage.json
 create mode 100644 smart_building_conformal/outputs/matched_intervals005/bdg2_f2_s43_v2/stages/owner_cal_h1_enbpi/COMPLETE.json
 create mode 100644 smart_building_conformal/outputs/matched_intervals005/bdg2_f2_s43_v2/stages/owner_cal_h1_enbpi/native_conformity_scores.npy
 create mode 100644 smart_building_conformal/outputs/matched_intervals005/bdg2_f2_s43_v2/stages/owner_cal_h1_enbpi/operation_counts.json
 create mode 100644 smart_building_conformal/outputs/matched_intervals005/bdg2_f2_s43_v2/stages/owner_cal_h1_enbpi/owner.pkl
 create mode 100644 smart_building_conformal/outputs/matched_intervals005/bdg2_f2_s43_v2/stages/owner_cal_h1_enbpi/stage.json
 create mode 100644 smart_building_conformal/outputs/matched_intervals005/bdg2_f2_s43_v2/stages/owner_cal_h3_cqr_l90/COMPLETE.json
 create mode 100644 smart_building_conformal/outputs/matched_intervals005/bdg2_f2_s43_v2/stages/owner_cal_h3_cqr_l90/native_conformity_scores.npy
 create mode 100644 smart_building_conformal/outputs/matched_intervals005/bdg2_f2_s43_v2/stages/owner_cal_h3_cqr_l90/operation_counts.json
 create mode 100644 smart_building_conformal/outputs/matched_intervals005/bdg2_f2_s43_v2/stages/owner_cal_h3_cqr_l90/owner.pkl
 create mode 100644 smart_building_conformal/outputs/matched_intervals005/bdg2_f2_s43_v2/stages/owner_cal_h3_cqr_l90/stage.json
 create mode 100644 smart_building_conformal/outputs/matched_intervals005/bdg2_f2_s43_v2/stages/owner_cal_h3_cqr_l95/COMPLETE.json
 create mode 100644 smart_building_conformal/outputs/matched_intervals005/bdg2_f2_s43_v2/stages/owner_cal_h3_cqr_l95/native_conformity_scores.npy
 create mode 100644 smart_building_conformal/outputs/matched_intervals005/bdg2_f2_s43_v2/stages/owner_cal_h3_cqr_l95/operation_counts.json
 create mode 100644 smart_building_conformal/outputs/matched_intervals005/bdg2_f2_s43_v2/stages/owner_cal_h3_cqr_l95/owner.pkl
 create mode 100644 smart_building_conformal/outputs/matched_intervals005/bdg2_f2_s43_v2/stages/owner_cal_h3_cqr_l95/stage.json
 create mode 100644 smart_building_conformal/outputs/matched_intervals005/bdg2_f2_s43_v2/stages/owner_cal_h3_enbpi/COMPLETE.json
 create mode 100644 smart_building_conformal/outputs/matched_intervals005/bdg2_f2_s43_v2/stages/owner_cal_h3_enbpi/native_conformity_scores.npy
 create mode 100644 smart_building_conformal/outputs/matched_intervals005/bdg2_f2_s43_v2/stages/owner_cal_h3_enbpi/operation_counts.json
 create mode 100644 smart_building_conformal/outputs/matched_intervals005/bdg2_f2_s43_v2/stages/owner_cal_h3_enbpi/owner.pkl
 create mode 100644 smart_building_conformal/outputs/matched_intervals005/bdg2_f2_s43_v2/stages/owner_cal_h3_enbpi/stage.json
 create mode 100644 smart_building_conformal/outputs/matched_intervals005/bdg2_f2_s43_v2/stages/owner_cal_h6_cqr_l90/COMPLETE.json
 create mode 100644 smart_building_conformal/outputs/matched_intervals005/bdg2_f2_s43_v2/stages/owner_cal_h6_cqr_l90/native_conformity_scores.npy
 create mode 100644 smart_building_conformal/outputs/matched_intervals005/bdg2_f2_s43_v2/stages/owner_cal_h6_cqr_l90/operation_counts.json
 create mode 100644 smart_building_conformal/outputs/matched_intervals005/bdg2_f2_s43_v2/stages/owner_cal_h6_cqr_l90/owner.pkl
 create mode 100644 smart_building_conformal/outputs/matched_intervals005/bdg2_f2_s43_v2/stages/owner_cal_h6_cqr_l90/stage.json
 create mode 100644 smart_building_conformal/outputs/matched_intervals005/bdg2_f2_s43_v2/stages/owner_cal_h6_cqr_l95/COMPLETE.json
 create mode 100644 smart_building_conformal/outputs/matched_intervals005/bdg2_f2_s43_v2/stages/owner_cal_h6_cqr_l95/native_conformity_scores.npy
 create mode 100644 smart_building_conformal/outputs/matched_intervals005/bdg2_f2_s43_v2/stages/owner_cal_h6_cqr_l95/operation_counts.json
 create mode 100644 smart_building_conformal/outputs/matched_intervals005/bdg2_f2_s43_v2/stages/owner_cal_h6_cqr_l95/owner.pkl
 create mode 100644 smart_building_conformal/outputs/matched_intervals005/bdg2_f2_s43_v2/stages/owner_cal_h6_cqr_l95/stage.json
 create mode 100644 smart_building_conformal/outputs/matched_intervals005/bdg2_f2_s43_v2/stages/owner_cal_h6_enbpi/COMPLETE.json
 create mode 100644 smart_building_conformal/outputs/matched_intervals005/bdg2_f2_s43_v2/stages/owner_cal_h6_enbpi/native_conformity_scores.npy
 create mode 100644 smart_building_conformal/outputs/matched_intervals005/bdg2_f2_s43_v2/stages/owner_cal_h6_enbpi/operation_counts.json
 create mode 100644 smart_building_conformal/outputs/matched_intervals005/bdg2_f2_s43_v2/stages/owner_cal_h6_enbpi/owner.pkl
 create mode 100644 smart_building_conformal/outputs/matched_intervals005/bdg2_f2_s43_v2/stages/owner_cal_h6_enbpi/stage.json
 create mode 100644 smart_building_conformal/outputs/matched_intervals005/bdg2_f2_s43_v2/stages/owner_fit_h1_cqr_l90/COMPLETE.json
 create mode 100644 smart_building_conformal/outputs/matched_intervals005/bdg2_f2_s43_v2/stages/owner_fit_h1_cqr_l90/operation_counts.json
 create mode 100644 smart_building_conformal/outputs/matched_intervals005/bdg2_f2_s43_v2/stages/owner_fit_h1_cqr_l90/owner.pkl
 create mode 100644 smart_building_conformal/outputs/matched_intervals005/bdg2_f2_s43_v2/stages/owner_fit_h1_cqr_l90/stage.json
 create mode 100644 smart_building_conformal/outputs/matched_intervals005/bdg2_f2_s43_v2/stages/owner_fit_h1_cqr_l95/COMPLETE.json
 create mode 100644 smart_building_conformal/outputs/matched_intervals005/bdg2_f2_s43_v2/stages/owner_fit_h1_cqr_l95/operation_counts.json
 create mode 100644 smart_building_conformal/outputs/matched_intervals005/bdg2_f2_s43_v2/stages/owner_fit_h1_cqr_l95/owner.pkl
 create mode 100644 smart_building_conformal/outputs/matched_intervals005/bdg2_f2_s43_v2/stages/owner_fit_h1_cqr_l95/stage.json
 create mode 100644 smart_building_conformal/outputs/matched_intervals005/bdg2_f2_s43_v2/stages/owner_fit_h1_enbpi/COMPLETE.json
 create mode 100644 smart_building_conformal/outputs/matched_intervals005/bdg2_f2_s43_v2/stages/owner_fit_h1_enbpi/operation_counts.json
 create mode 100644 smart_building_conformal/outputs/matched_intervals005/bdg2_f2_s43_v2/stages/owner_fit_h1_enbpi/owner.pkl
 create mode 100644 smart_building_conformal/outputs/matched_intervals005/bdg2_f2_s43_v2/stages/owner_fit_h1_enbpi/stage.json
 create mode 100644 smart_building_conformal/outputs/matched_intervals005/bdg2_f2_s43_v2/stages/owner_fit_h3_cqr_l90/COMPLETE.json
 create mode 100644 smart_building_conformal/outputs/matched_intervals005/bdg2_f2_s43_v2/stages/owner_fit_h3_cqr_l90/operation_counts.json
 create mode 100644 smart_building_conformal/outputs/matched_intervals005/bdg2_f2_s43_v2/stages/owner_fit_h3_cqr_l90/owner.pkl
 create mode 100644 smart_building_conformal/outputs/matched_intervals005/bdg2_f2_s43_v2/stages/owner_fit_h3_cqr_l90/stage.json
 create mode 100644 smart_building_conformal/outputs/matched_intervals005/bdg2_f2_s43_v2/stages/owner_fit_h3_cqr_l95/COMPLETE.json
 create mode 100644 smart_building_conformal/outputs/matched_intervals005/bdg2_f2_s43_v2/stages/owner_fit_h3_cqr_l95/operation_counts.json
 create mode 100644 smart_building_conformal/outputs/matched_intervals005/bdg2_f2_s43_v2/stages/owner_fit_h3_cqr_l95/owner.pkl
 create mode 100644 smart_building_conformal/outputs/matched_intervals005/bdg2_f2_s43_v2/stages/owner_fit_h3_cqr_l95/stage.json
 create mode 100644 smart_building_conformal/outputs/matched_intervals005/bdg2_f2_s43_v2/stages/owner_fit_h3_enbpi/COMPLETE.json
 create mode 100644 smart_building_conformal/outputs/matched_intervals005/bdg2_f2_s43_v2/stages/owner_fit_h3_enbpi/operation_counts.json
 create mode 100644 smart_building_conformal/outputs/matched_intervals005/bdg2_f2_s43_v2/stages/owner_fit_h3_enbpi/owner.pkl
 create mode 100644 smart_building_conformal/outputs/matched_intervals005/bdg2_f2_s43_v2/stages/owner_fit_h3_enbpi/stage.json
 create mode 100644 smart_building_conformal/outputs/matched_intervals005/bdg2_f2_s43_v2/stages/owner_fit_h6_cqr_l90/COMPLETE.json
 create mode 100644 smart_building_conformal/outputs/matched_intervals005/bdg2_f2_s43_v2/stages/owner_fit_h6_cqr_l90/operation_counts.json
 create mode 100644 smart_building_conformal/outputs/matched_intervals005/bdg2_f2_s43_v2/stages/owner_fit_h6_cqr_l90/owner.pkl
 create mode 100644 smart_building_conformal/outputs/matched_intervals005/bdg2_f2_s43_v2/stages/owner_fit_h6_cqr_l90/stage.json
 create mode 100644 smart_building_conformal/outputs/matched_intervals005/bdg2_f2_s43_v2/stages/owner_fit_h6_cqr_l95/COMPLETE.json
 create mode 100644 smart_building_conformal/outputs/matched_intervals005/bdg2_f2_s43_v2/stages/owner_fit_h6_cqr_l95/operation_counts.json
 create mode 100644 smart_building_conformal/outputs/matched_intervals005/bdg2_f2_s43_v2/stages/owner_fit_h6_cqr_l95/owner.pkl
 create mode 100644 smart_building_conformal/outputs/matched_intervals005/bdg2_f2_s43_v2/stages/owner_fit_h6_cqr_l95/stage.json
 create mode 100644 smart_building_conformal/outputs/matched_intervals005/bdg2_f2_s43_v2/stages/owner_fit_h6_enbpi/COMPLETE.json
 create mode 100644 smart_building_conformal/outputs/matched_intervals005/bdg2_f2_s43_v2/stages/owner_fit_h6_enbpi/operation_counts.json
 create mode 100644 smart_building_conformal/outputs/matched_intervals005/bdg2_f2_s43_v2/stages/owner_fit_h6_enbpi/owner.pkl
 create mode 100644 smart_building_conformal/outputs/matched_intervals005/bdg2_f2_s43_v2/stages/owner_fit_h6_enbpi/stage.json
 create mode 100644 smart_building_conformal/outputs/matched_intervals005/bdg2_f2_s43_v2/stages/preparation_h1/COMPLETE.json
 create mode 100644 smart_building_conformal/outputs/matched_intervals005/bdg2_f2_s43_v2/stages/preparation_h1/stage.json
 create mode 100644 smart_building_conformal/outputs/matched_intervals005/bdg2_f2_s43_v2/stages/preparation_h3/COMPLETE.json
 create mode 100644 smart_building_conformal/outputs/matched_intervals005/bdg2_f2_s43_v2/stages/preparation_h3/stage.json
 create mode 100644 smart_building_conformal/outputs/matched_intervals005/bdg2_f2_s43_v2/stages/preparation_h6/COMPLETE.json
 create mode 100644 smart_building_conformal/outputs/matched_intervals005/bdg2_f2_s43_v2/stages/preparation_h6/stage.json
 create mode 100644 smart_building_conformal/outputs/matched_intervals005/bdg2_f2_s43_v2/stages/raw_h1_cqr_l90/COMPLETE.json
 create mode 100644 smart_building_conformal/outputs/matched_intervals005/bdg2_f2_s43_v2/stages/raw_h1_cqr_l90/calibration_90.csv.gz
 create mode 100644 smart_building_conformal/outputs/matched_intervals005/bdg2_f2_s43_v2/stages/raw_h1_cqr_l90/calibration_metadata.csv.gz
 create mode 100644 smart_building_conformal/outputs/matched_intervals005/bdg2_f2_s43_v2/stages/raw_h1_cqr_l90/stage.json
 create mode 100644 smart_building_conformal/outputs/matched_intervals005/bdg2_f2_s43_v2/stages/raw_h1_cqr_l90/test_90.csv.gz
 create mode 100644 smart_building_conformal/outputs/matched_intervals005/bdg2_f2_s43_v2/stages/raw_h1_cqr_l90/test_metadata.csv.gz
 create mode 100644 smart_building_conformal/outputs/matched_intervals005/bdg2_f2_s43_v2/stages/raw_h1_cqr_l95/COMPLETE.json
 create mode 100644 smart_building_conformal/outputs/matched_intervals005/bdg2_f2_s43_v2/stages/raw_h1_cqr_l95/calibration_95.csv.gz
 create mode 100644 smart_building_conformal/outputs/matched_intervals005/bdg2_f2_s43_v2/stages/raw_h1_cqr_l95/calibration_metadata.csv.gz
 create mode 100644 smart_building_conformal/outputs/matched_intervals005/bdg2_f2_s43_v2/stages/raw_h1_cqr_l95/stage.json
 create mode 100644 smart_building_conformal/outputs/matched_intervals005/bdg2_f2_s43_v2/stages/raw_h1_cqr_l95/test_95.csv.gz
 create mode 100644 smart_building_conformal/outputs/matched_intervals005/bdg2_f2_s43_v2/stages/raw_h1_cqr_l95/test_metadata.csv.gz
 create mode 100644 smart_building_conformal/outputs/matched_intervals005/bdg2_f2_s43_v2/stages/raw_h1_enbpi/COMPLETE.json
 create mode 100644 smart_building_conformal/outputs/matched_intervals005/bdg2_f2_s43_v2/stages/raw_h1_enbpi/calibration_90.csv.gz
 create mode 100644 smart_building_conformal/outputs/matched_intervals005/bdg2_f2_s43_v2/stages/raw_h1_enbpi/calibration_95.csv.gz
 create mode 100644 smart_building_conformal/outputs/matched_intervals005/bdg2_f2_s43_v2/stages/raw_h1_enbpi/calibration_metadata.csv.gz
 create mode 100644 smart_building_conformal/outputs/matched_intervals005/bdg2_f2_s43_v2/stages/raw_h1_enbpi/stage.json
 create mode 100644 smart_building_conformal/outputs/matched_intervals005/bdg2_f2_s43_v2/stages/raw_h1_enbpi/test_90.csv.gz
 create mode 100644 smart_building_conformal/outputs/matched_intervals005/bdg2_f2_s43_v2/stages/raw_h1_enbpi/test_95.csv.gz
 create mode 100644 smart_building_conformal/outputs/matched_intervals005/bdg2_f2_s43_v2/stages/raw_h1_enbpi/test_metadata.csv.gz
 create mode 100644 smart_building_conformal/outputs/matched_intervals005/bdg2_f2_s43_v2/stages/raw_h3_cqr_l90/COMPLETE.json
 create mode 100644 smart_building_conformal/outputs/matched_intervals005/bdg2_f2_s43_v2/stages/raw_h3_cqr_l90/calibration_90.csv.gz
 create mode 100644 smart_building_conformal/outputs/matched_intervals005/bdg2_f2_s43_v2/stages/raw_h3_cqr_l90/calibration_metadata.csv.gz
 create mode 100644 smart_building_conformal/outputs/matched_intervals005/bdg2_f2_s43_v2/stages/raw_h3_cqr_l90/stage.json
 create mode 100644 smart_building_conformal/outputs/matched_intervals005/bdg2_f2_s43_v2/stages/raw_h3_cqr_l90/test_90.csv.gz
 create mode 100644 smart_building_conformal/outputs/matched_intervals005/bdg2_f2_s43_v2/stages/raw_h3_cqr_l90/test_metadata.csv.gz
 create mode 100644 smart_building_conformal/outputs/matched_intervals005/bdg2_f2_s43_v2/stages/raw_h3_cqr_l95/COMPLETE.json
 create mode 100644 smart_building_conformal/outputs/matched_intervals005/bdg2_f2_s43_v2/stages/raw_h3_cqr_l95/calibration_95.csv.gz
 create mode 100644 smart_building_conformal/outputs/matched_intervals005/bdg2_f2_s43_v2/stages/raw_h3_cqr_l95/calibration_metadata.csv.gz
 create mode 100644 smart_building_conformal/outputs/matched_intervals005/bdg2_f2_s43_v2/stages/raw_h3_cqr_l95/stage.json
 create mode 100644 smart_building_conformal/outputs/matched_intervals005/bdg2_f2_s43_v2/stages/raw_h3_cqr_l95/test_95.csv.gz
 create mode 100644 smart_building_conformal/outputs/matched_intervals005/bdg2_f2_s43_v2/stages/raw_h3_cqr_l95/test_metadata.csv.gz
 create mode 100644 smart_building_conformal/outputs/matched_intervals005/bdg2_f2_s43_v2/stages/raw_h3_enbpi/COMPLETE.json
 create mode 100644 smart_building_conformal/outputs/matched_intervals005/bdg2_f2_s43_v2/stages/raw_h3_enbpi/calibration_90.csv.gz
 create mode 100644 smart_building_conformal/outputs/matched_intervals005/bdg2_f2_s43_v2/stages/raw_h3_enbpi/calibration_95.csv.gz
 create mode 100644 smart_building_conformal/outputs/matched_intervals005/bdg2_f2_s43_v2/stages/raw_h3_enbpi/calibration_metadata.csv.gz
 create mode 100644 smart_building_conformal/outputs/matched_intervals005/bdg2_f2_s43_v2/stages/raw_h3_enbpi/stage.json
 create mode 100644 smart_building_conformal/outputs/matched_intervals005/bdg2_f2_s43_v2/stages/raw_h3_enbpi/test_90.csv.gz
 create mode 100644 smart_building_conformal/outputs/matched_intervals005/bdg2_f2_s43_v2/stages/raw_h3_enbpi/test_95.csv.gz
 create mode 100644 smart_building_conformal/outputs/matched_intervals005/bdg2_f2_s43_v2/stages/raw_h3_enbpi/test_metadata.csv.gz
 create mode 100644 smart_building_conformal/outputs/matched_intervals005/bdg2_f2_s43_v2/stages/raw_h6_cqr_l90/COMPLETE.json
 create mode 100644 smart_building_conformal/outputs/matched_intervals005/bdg2_f2_s43_v2/stages/raw_h6_cqr_l90/calibration_90.csv.gz
 create mode 100644 smart_building_conformal/outputs/matched_intervals005/bdg2_f2_s43_v2/stages/raw_h6_cqr_l90/calibration_metadata.csv.gz
 create mode 100644 smart_building_conformal/outputs/matched_intervals005/bdg2_f2_s43_v2/stages/raw_h6_cqr_l90/stage.json
 create mode 100644 smart_building_conformal/outputs/matched_intervals005/bdg2_f2_s43_v2/stages/raw_h6_cqr_l90/test_90.csv.gz
 create mode 100644 smart_building_conformal/outputs/matched_intervals005/bdg2_f2_s43_v2/stages/raw_h6_cqr_l90/test_metadata.csv.gz
 create mode 100644 smart_building_conformal/outputs/matched_intervals005/bdg2_f2_s43_v2/stages/raw_h6_cqr_l95/COMPLETE.json
 create mode 100644 smart_building_conformal/outputs/matched_intervals005/bdg2_f2_s43_v2/stages/raw_h6_cqr_l95/calibration_95.csv.gz
 create mode 100644 smart_building_conformal/outputs/matched_intervals005/bdg2_f2_s43_v2/stages/raw_h6_cqr_l95/calibration_metadata.csv.gz
 create mode 100644 smart_building_conformal/outputs/matched_intervals005/bdg2_f2_s43_v2/stages/raw_h6_cqr_l95/stage.json
 create mode 100644 smart_building_conformal/outputs/matched_intervals005/bdg2_f2_s43_v2/stages/raw_h6_cqr_l95/test_95.csv.gz
 create mode 100644 smart_building_conformal/outputs/matched_intervals005/bdg2_f2_s43_v2/stages/raw_h6_cqr_l95/test_metadata.csv.gz
 create mode 100644 smart_building_conformal/outputs/matched_intervals005/bdg2_f2_s43_v2/stages/raw_h6_enbpi/COMPLETE.json
 create mode 100644 smart_building_conformal/outputs/matched_intervals005/bdg2_f2_s43_v2/stages/raw_h6_enbpi/calibration_90.csv.gz
 create mode 100644 smart_building_conformal/outputs/matched_intervals005/bdg2_f2_s43_v2/stages/raw_h6_enbpi/calibration_95.csv.gz
 create mode 100644 smart_building_conformal/outputs/matched_intervals005/bdg2_f2_s43_v2/stages/raw_h6_enbpi/calibration_metadata.csv.gz
 create mode 100644 smart_building_conformal/outputs/matched_intervals005/bdg2_f2_s43_v2/stages/raw_h6_enbpi/stage.json
 create mode 100644 smart_building_conformal/outputs/matched_intervals005/bdg2_f2_s43_v2/stages/raw_h6_enbpi/test_90.csv.gz
 create mode 100644 smart_building_conformal/outputs/matched_intervals005/bdg2_f2_s43_v2/stages/raw_h6_enbpi/test_95.csv.gz
 create mode 100644 smart_building_conformal/outputs/matched_intervals005/bdg2_f2_s43_v2/stages/raw_h6_enbpi/test_metadata.csv.gz
 create mode 100644 smart_building_conformal/outputs/matched_intervals005/bdg2_f2_s43_v2/stages/seasonal_h1/COMPLETE.json
 create mode 100644 smart_building_conformal/outputs/matched_intervals005/bdg2_f2_s43_v2/stages/seasonal_h1/alias.json
 create mode 100644 smart_building_conformal/outputs/matched_intervals005/bdg2_f2_s43_v2/stages/seasonal_h1/calibration.csv.gz
 create mode 100644 smart_building_conformal/outputs/matched_intervals005/bdg2_f2_s43_v2/stages/seasonal_h1/calibration.json
 create mode 100644 smart_building_conformal/outputs/matched_intervals005/bdg2_f2_s43_v2/stages/seasonal_h1/interval_90.csv.gz
 create mode 100644 smart_building_conformal/outputs/matched_intervals005/bdg2_f2_s43_v2/stages/seasonal_h1/interval_95.csv.gz
 create mode 100644 smart_building_conformal/outputs/matched_intervals005/bdg2_f2_s43_v2/stages/seasonal_h1/point.json
 create mode 100644 smart_building_conformal/outputs/matched_intervals005/bdg2_f2_s43_v2/stages/seasonal_h1/stage.json
 create mode 100644 smart_building_conformal/outputs/matched_intervals005/bdg2_f2_s43_v2/stages/seasonal_h3/COMPLETE.json
 create mode 100644 smart_building_conformal/outputs/matched_intervals005/bdg2_f2_s43_v2/stages/seasonal_h3/alias.json
 create mode 100644 smart_building_conformal/outputs/matched_intervals005/bdg2_f2_s43_v2/stages/seasonal_h3/calibration.csv.gz
 create mode 100644 smart_building_conformal/outputs/matched_intervals005/bdg2_f2_s43_v2/stages/seasonal_h3/calibration.json
 create mode 100644 smart_building_conformal/outputs/matched_intervals005/bdg2_f2_s43_v2/stages/seasonal_h3/interval_90.csv.gz
 create mode 100644 smart_building_conformal/outputs/matched_intervals005/bdg2_f2_s43_v2/stages/seasonal_h3/interval_95.csv.gz
 create mode 100644 smart_building_conformal/outputs/matched_intervals005/bdg2_f2_s43_v2/stages/seasonal_h3/point.json
 create mode 100644 smart_building_conformal/outputs/matched_intervals005/bdg2_f2_s43_v2/stages/seasonal_h3/stage.json
 create mode 100644 smart_building_conformal/outputs/matched_intervals005/bdg2_f2_s43_v2/stages/seasonal_h6/COMPLETE.json
 create mode 100644 smart_building_conformal/outputs/matched_intervals005/bdg2_f2_s43_v2/stages/seasonal_h6/alias.json
 create mode 100644 smart_building_conformal/outputs/matched_intervals005/bdg2_f2_s43_v2/stages/seasonal_h6/calibration.csv.gz
 create mode 100644 smart_building_conformal/outputs/matched_intervals005/bdg2_f2_s43_v2/stages/seasonal_h6/calibration.json
 create mode 100644 smart_building_conformal/outputs/matched_intervals005/bdg2_f2_s43_v2/stages/seasonal_h6/interval_90.csv.gz
 create mode 100644 smart_building_conformal/outputs/matched_intervals005/bdg2_f2_s43_v2/stages/seasonal_h6/interval_95.csv.gz
 create mode 100644 smart_building_conformal/outputs/matched_intervals005/bdg2_f2_s43_v2/stages/seasonal_h6/point.json
 create mode 100644 smart_building_conformal/outputs/matched_intervals005/bdg2_f2_s43_v2/stages/seasonal_h6/stage.json
 create mode 100644 smart_building_conformal/outputs/matched_intervals005/bdg2_f2_s43_v2/stages/stream_h1_l90_cqr/COMPLETE.json
 create mode 100644 smart_building_conformal/outputs/matched_intervals005/bdg2_f2_s43_v2/stages/stream_h1_l90_cqr/background_workload.csv
 create mode 100644 smart_building_conformal/outputs/matched_intervals005/bdg2_f2_s43_v2/stages/stream_h1_l90_cqr/consumed.csv.gz
 create mode 100644 smart_building_conformal/outputs/matched_intervals005/bdg2_f2_s43_v2/stages/stream_h1_l90_cqr/episodes.csv.gz
 create mode 100644 smart_building_conformal/outputs/matched_intervals005/bdg2_f2_s43_v2/stages/stream_h1_l90_cqr/issued.csv.gz
 create mode 100644 smart_building_conformal/outputs/matched_intervals005/bdg2_f2_s43_v2/stages/stream_h1_l90_cqr/released_scores.csv.gz
 create mode 100644 smart_building_conformal/outputs/matched_intervals005/bdg2_f2_s43_v2/stages/stream_h1_l90_cqr/stage.json
 create mode 100644 smart_building_conformal/outputs/matched_intervals005/bdg2_f2_s43_v2/stages/stream_h1_l90_cqr/stream_identity.json
 create mode 100644 smart_building_conformal/outputs/matched_intervals005/bdg2_f2_s43_v2/stages/stream_h1_l90_cqr/updates.csv.gz
 create mode 100644 smart_building_conformal/outputs/matched_intervals005/bdg2_f2_s43_v2/stages/stream_h1_l90_dscp/COMPLETE.json
 create mode 100644 smart_building_conformal/outputs/matched_intervals005/bdg2_f2_s43_v2/stages/stream_h1_l90_dscp/background_workload.csv
 create mode 100644 smart_building_conformal/outputs/matched_intervals005/bdg2_f2_s43_v2/stages/stream_h1_l90_dscp/consumed.csv.gz
 create mode 100644 smart_building_conformal/outputs/matched_intervals005/bdg2_f2_s43_v2/stages/stream_h1_l90_dscp/episodes.csv.gz
 create mode 100644 smart_building_conformal/outputs/matched_intervals005/bdg2_f2_s43_v2/stages/stream_h1_l90_dscp/issued.csv.gz
 create mode 100644 smart_building_conformal/outputs/matched_intervals005/bdg2_f2_s43_v2/stages/stream_h1_l90_dscp/released_scores.csv.gz
 create mode 100644 smart_building_conformal/outputs/matched_intervals005/bdg2_f2_s43_v2/stages/stream_h1_l90_dscp/stage.json
 create mode 100644 smart_building_conformal/outputs/matched_intervals005/bdg2_f2_s43_v2/stages/stream_h1_l90_dscp/stream_identity.json
 create mode 100644 smart_building_conformal/outputs/matched_intervals005/bdg2_f2_s43_v2/stages/stream_h1_l90_dscp/updates.csv.gz
 create mode 100644 smart_building_conformal/outputs/matched_intervals005/bdg2_f2_s43_v2/stages/stream_h1_l90_quantile_uncalibrated/COMPLETE.json
 create mode 100644 smart_building_conformal/outputs/matched_intervals005/bdg2_f2_s43_v2/stages/stream_h1_l90_quantile_uncalibrated/background_workload.csv
 create mode 100644 smart_building_conformal/outputs/matched_intervals005/bdg2_f2_s43_v2/stages/stream_h1_l90_quantile_uncalibrated/consumed.csv.gz
 create mode 100644 smart_building_conformal/outputs/matched_intervals005/bdg2_f2_s43_v2/stages/stream_h1_l90_quantile_uncalibrated/episodes.csv.gz
 create mode 100644 smart_building_conformal/outputs/matched_intervals005/bdg2_f2_s43_v2/stages/stream_h1_l90_quantile_uncalibrated/issued.csv.gz
 create mode 100644 smart_building_conformal/outputs/matched_intervals005/bdg2_f2_s43_v2/stages/stream_h1_l90_quantile_uncalibrated/released_scores.csv.gz
 create mode 100644 smart_building_conformal/outputs/matched_intervals005/bdg2_f2_s43_v2/stages/stream_h1_l90_quantile_uncalibrated/stage.json
 create mode 100644 smart_building_conformal/outputs/matched_intervals005/bdg2_f2_s43_v2/stages/stream_h1_l90_quantile_uncalibrated/stream_identity.json
 create mode 100644 smart_building_conformal/outputs/matched_intervals005/bdg2_f2_s43_v2/stages/stream_h1_l90_quantile_uncalibrated/updates.csv.gz
 create mode 100644 smart_building_conformal/outputs/matched_intervals005/bdg2_f2_s43_v2/stages/stream_h1_l90_recentred_enbpi_static/COMPLETE.json
 create mode 100644 smart_building_conformal/outputs/matched_intervals005/bdg2_f2_s43_v2/stages/stream_h1_l90_recentred_enbpi_static/background_workload.csv
 create mode 100644 smart_building_conformal/outputs/matched_intervals005/bdg2_f2_s43_v2/stages/stream_h1_l90_recentred_enbpi_static/consumed.csv.gz
 create mode 100644 smart_building_conformal/outputs/matched_intervals005/bdg2_f2_s43_v2/stages/stream_h1_l90_recentred_enbpi_static/episodes.csv.gz
 create mode 100644 smart_building_conformal/outputs/matched_intervals005/bdg2_f2_s43_v2/stages/stream_h1_l90_recentred_enbpi_static/issued.csv.gz
 create mode 100644 smart_building_conformal/outputs/matched_intervals005/bdg2_f2_s43_v2/stages/stream_h1_l90_recentred_enbpi_static/released_scores.csv.gz
 create mode 100644 smart_building_conformal/outputs/matched_intervals005/bdg2_f2_s43_v2/stages/stream_h1_l90_recentred_enbpi_static/stage.json
 create mode 100644 smart_building_conformal/outputs/matched_intervals005/bdg2_f2_s43_v2/stages/stream_h1_l90_recentred_enbpi_static/stream_identity.json
 create mode 100644 smart_building_conformal/outputs/matched_intervals005/bdg2_f2_s43_v2/stages/stream_h1_l90_recentred_enbpi_static/updates.csv.gz
 create mode 100644 smart_building_conformal/outputs/matched_intervals005/bdg2_f2_s43_v2/stages/stream_h1_l90_recentred_enbpi_updated/COMPLETE.json
 create mode 100644 smart_building_conformal/outputs/matched_intervals005/bdg2_f2_s43_v2/stages/stream_h1_l90_recentred_enbpi_updated/background_workload.csv
 create mode 100644 smart_building_conformal/outputs/matched_intervals005/bdg2_f2_s43_v2/stages/stream_h1_l90_recentred_enbpi_updated/consumed.csv.gz
 create mode 100644 smart_building_conformal/outputs/matched_intervals005/bdg2_f2_s43_v2/stages/stream_h1_l90_recentred_enbpi_updated/episodes.csv.gz
 create mode 100644 smart_building_conformal/outputs/matched_intervals005/bdg2_f2_s43_v2/stages/stream_h1_l90_recentred_enbpi_updated/issued.csv.gz
 create mode 100644 smart_building_conformal/outputs/matched_intervals005/bdg2_f2_s43_v2/stages/stream_h1_l90_recentred_enbpi_updated/released_scores.csv.gz
 create mode 100644 smart_building_conformal/outputs/matched_intervals005/bdg2_f2_s43_v2/stages/stream_h1_l90_recentred_enbpi_updated/stage.json
 create mode 100644 smart_building_conformal/outputs/matched_intervals005/bdg2_f2_s43_v2/stages/stream_h1_l90_recentred_enbpi_updated/stream_identity.json
 create mode 100644 smart_building_conformal/outputs/matched_intervals005/bdg2_f2_s43_v2/stages/stream_h1_l90_recentred_enbpi_updated/updates.csv.gz
 create mode 100644 smart_building_conformal/outputs/matched_intervals005/bdg2_f2_s43_v2/stages/stream_h1_l95_cqr/COMPLETE.json
 create mode 100644 smart_building_conformal/outputs/matched_intervals005/bdg2_f2_s43_v2/stages/stream_h1_l95_cqr/background_workload.csv
 create mode 100644 smart_building_conformal/outputs/matched_intervals005/bdg2_f2_s43_v2/stages/stream_h1_l95_cqr/consumed.csv.gz
 create mode 100644 smart_building_conformal/outputs/matched_intervals005/bdg2_f2_s43_v2/stages/stream_h1_l95_cqr/episodes.csv.gz
 create mode 100644 smart_building_conformal/outputs/matched_intervals005/bdg2_f2_s43_v2/stages/stream_h1_l95_cqr/issued.csv.gz
 create mode 100644 smart_building_conformal/outputs/matched_intervals005/bdg2_f2_s43_v2/stages/stream_h1_l95_cqr/released_scores.csv.gz
 create mode 100644 smart_building_conformal/outputs/matched_intervals005/bdg2_f2_s43_v2/stages/stream_h1_l95_cqr/stage.json
 create mode 100644 smart_building_conformal/outputs/matched_intervals005/bdg2_f2_s43_v2/stages/stream_h1_l95_cqr/stream_identity.json
 create mode 100644 smart_building_conformal/outputs/matched_intervals005/bdg2_f2_s43_v2/stages/stream_h1_l95_cqr/updates.csv.gz
 create mode 100644 smart_building_conformal/outputs/matched_intervals005/bdg2_f2_s43_v2/stages/stream_h1_l95_dscp/COMPLETE.json
 create mode 100644 smart_building_conformal/outputs/matched_intervals005/bdg2_f2_s43_v2/stages/stream_h1_l95_dscp/background_workload.csv
 create mode 100644 smart_building_conformal/outputs/matched_intervals005/bdg2_f2_s43_v2/stages/stream_h1_l95_dscp/consumed.csv.gz
 create mode 100644 smart_building_conformal/outputs/matched_intervals005/bdg2_f2_s43_v2/stages/stream_h1_l95_dscp/episodes.csv.gz
 create mode 100644 smart_building_conformal/outputs/matched_intervals005/bdg2_f2_s43_v2/stages/stream_h1_l95_dscp/issued.csv.gz
 create mode 100644 smart_building_conformal/outputs/matched_intervals005/bdg2_f2_s43_v2/stages/stream_h1_l95_dscp/released_scores.csv.gz
 create mode 100644 smart_building_conformal/outputs/matched_intervals005/bdg2_f2_s43_v2/stages/stream_h1_l95_dscp/stage.json
 create mode 100644 smart_building_conformal/outputs/matched_intervals005/bdg2_f2_s43_v2/stages/stream_h1_l95_dscp/stream_identity.json
 create mode 100644 smart_building_conformal/outputs/matched_intervals005/bdg2_f2_s43_v2/stages/stream_h1_l95_dscp/updates.csv.gz
 create mode 100644 smart_building_conformal/outputs/matched_intervals005/bdg2_f2_s43_v2/stages/stream_h1_l95_quantile_uncalibrated/COMPLETE.json
 create mode 100644 smart_building_conformal/outputs/matched_intervals005/bdg2_f2_s43_v2/stages/stream_h1_l95_quantile_uncalibrated/background_workload.csv
 create mode 100644 smart_building_conformal/outputs/matched_intervals005/bdg2_f2_s43_v2/stages/stream_h1_l95_quantile_uncalibrated/consumed.csv.gz
 create mode 100644 smart_building_conformal/outputs/matched_intervals005/bdg2_f2_s43_v2/stages/stream_h1_l95_quantile_uncalibrated/episodes.csv.gz
 create mode 100644 smart_building_conformal/outputs/matched_intervals005/bdg2_f2_s43_v2/stages/stream_h1_l95_quantile_uncalibrated/issued.csv.gz
 create mode 100644 smart_building_conformal/outputs/matched_intervals005/bdg2_f2_s43_v2/stages/stream_h1_l95_quantile_uncalibrated/released_scores.csv.gz
 create mode 100644 smart_building_conformal/outputs/matched_intervals005/bdg2_f2_s43_v2/stages/stream_h1_l95_quantile_uncalibrated/stage.json
 create mode 100644 smart_building_conformal/outputs/matched_intervals005/bdg2_f2_s43_v2/stages/stream_h1_l95_quantile_uncalibrated/stream_identity.json
 create mode 100644 smart_building_conformal/outputs/matched_intervals005/bdg2_f2_s43_v2/stages/stream_h1_l95_quantile_uncalibrated/updates.csv.gz
 create mode 100644 smart_building_conformal/outputs/matched_intervals005/bdg2_f2_s43_v2/stages/stream_h1_l95_recentred_enbpi_static/COMPLETE.json
 create mode 100644 smart_building_conformal/outputs/matched_intervals005/bdg2_f2_s43_v2/stages/stream_h1_l95_recentred_enbpi_static/background_workload.csv
 create mode 100644 smart_building_conformal/outputs/matched_intervals005/bdg2_f2_s43_v2/stages/stream_h1_l95_recentred_enbpi_static/consumed.csv.gz
 create mode 100644 smart_building_conformal/outputs/matched_intervals005/bdg2_f2_s43_v2/stages/stream_h1_l95_recentred_enbpi_static/episodes.csv.gz
 create mode 100644 smart_building_conformal/outputs/matched_intervals005/bdg2_f2_s43_v2/stages/stream_h1_l95_recentred_enbpi_static/issued.csv.gz
 create mode 100644 smart_building_conformal/outputs/matched_intervals005/bdg2_f2_s43_v2/stages/stream_h1_l95_recentred_enbpi_static/released_scores.csv.gz
 create mode 100644 smart_building_conformal/outputs/matched_intervals005/bdg2_f2_s43_v2/stages/stream_h1_l95_recentred_enbpi_static/stage.json
 create mode 100644 smart_building_conformal/outputs/matched_intervals005/bdg2_f2_s43_v2/stages/stream_h1_l95_recentred_enbpi_static/stream_identity.json
 create mode 100644 smart_building_conformal/outputs/matched_intervals005/bdg2_f2_s43_v2/stages/stream_h1_l95_recentred_enbpi_static/updates.csv.gz
 create mode 100644 smart_building_conformal/outputs/matched_intervals005/bdg2_f2_s43_v2/stages/stream_h1_l95_recentred_enbpi_updated/COMPLETE.json
 create mode 100644 smart_building_conformal/outputs/matched_intervals005/bdg2_f2_s43_v2/stages/stream_h1_l95_recentred_enbpi_updated/background_workload.csv
 create mode 100644 smart_building_conformal/outputs/matched_intervals005/bdg2_f2_s43_v2/stages/stream_h1_l95_recentred_enbpi_updated/consumed.csv.gz
 create mode 100644 smart_building_conformal/outputs/matched_intervals005/bdg2_f2_s43_v2/stages/stream_h1_l95_recentred_enbpi_updated/episodes.csv.gz
 create mode 100644 smart_building_conformal/outputs/matched_intervals005/bdg2_f2_s43_v2/stages/stream_h1_l95_recentred_enbpi_updated/issued.csv.gz
 create mode 100644 smart_building_conformal/outputs/matched_intervals005/bdg2_f2_s43_v2/stages/stream_h1_l95_recentred_enbpi_updated/released_scores.csv.gz
 create mode 100644 smart_building_conformal/outputs/matched_intervals005/bdg2_f2_s43_v2/stages/stream_h1_l95_recentred_enbpi_updated/stage.json
 create mode 100644 smart_building_conformal/outputs/matched_intervals005/bdg2_f2_s43_v2/stages/stream_h1_l95_recentred_enbpi_updated/stream_identity.json
 create mode 100644 smart_building_conformal/outputs/matched_intervals005/bdg2_f2_s43_v2/stages/stream_h1_l95_recentred_enbpi_updated/updates.csv.gz
 create mode 100644 smart_building_conformal/outputs/matched_intervals005/bdg2_f2_s43_v2/stages/stream_h3_l90_cqr/COMPLETE.json
 create mode 100644 smart_building_conformal/outputs/matched_intervals005/bdg2_f2_s43_v2/stages/stream_h3_l90_cqr/background_workload.csv
 create mode 100644 smart_building_conformal/outputs/matched_intervals005/bdg2_f2_s43_v2/stages/stream_h3_l90_cqr/consumed.csv.gz
 create mode 100644 smart_building_conformal/outputs/matched_intervals005/bdg2_f2_s43_v2/stages/stream_h3_l90_cqr/episodes.csv.gz
 create mode 100644 smart_building_conformal/outputs/matched_intervals005/bdg2_f2_s43_v2/stages/stream_h3_l90_cqr/issued.csv.gz
 create mode 100644 smart_building_conformal/outputs/matched_intervals005/bdg2_f2_s43_v2/stages/stream_h3_l90_cqr/released_scores.csv.gz
 create mode 100644 smart_building_conformal/outputs/matched_intervals005/bdg2_f2_s43_v2/stages/stream_h3_l90_cqr/stage.json
 create mode 100644 smart_building_conformal/outputs/matched_intervals005/bdg2_f2_s43_v2/stages/stream_h3_l90_cqr/stream_identity.json
 create mode 100644 smart_building_conformal/outputs/matched_intervals005/bdg2_f2_s43_v2/stages/stream_h3_l90_cqr/updates.csv.gz
 create mode 100644 smart_building_conformal/outputs/matched_intervals005/bdg2_f2_s43_v2/stages/stream_h3_l90_dscp/COMPLETE.json
 create mode 100644 smart_building_conformal/outputs/matched_intervals005/bdg2_f2_s43_v2/stages/stream_h3_l90_dscp/background_workload.csv
 create mode 100644 smart_building_conformal/outputs/matched_intervals005/bdg2_f2_s43_v2/stages/stream_h3_l90_dscp/consumed.csv.gz
 create mode 100644 smart_building_conformal/outputs/matched_intervals005/bdg2_f2_s43_v2/stages/stream_h3_l90_dscp/episodes.csv.gz
 create mode 100644 smart_building_conformal/outputs/matched_intervals005/bdg2_f2_s43_v2/stages/stream_h3_l90_dscp/issued.csv.gz
 create mode 100644 smart_building_conformal/outputs/matched_intervals005/bdg2_f2_s43_v2/stages/stream_h3_l90_dscp/released_scores.csv.gz
 create mode 100644 smart_building_conformal/outputs/matched_intervals005/bdg2_f2_s43_v2/stages/stream_h3_l90_dscp/stage.json
 create mode 100644 smart_building_conformal/outputs/matched_intervals005/bdg2_f2_s43_v2/stages/stream_h3_l90_dscp/stream_identity.json
 create mode 100644 smart_building_conformal/outputs/matched_intervals005/bdg2_f2_s43_v2/stages/stream_h3_l90_dscp/updates.csv.gz
 create mode 100644 smart_building_conformal/outputs/matched_intervals005/bdg2_f2_s43_v2/stages/stream_h3_l90_quantile_uncalibrated/COMPLETE.json
 create mode 100644 smart_building_conformal/outputs/matched_intervals005/bdg2_f2_s43_v2/stages/stream_h3_l90_quantile_uncalibrated/background_workload.csv
 create mode 100644 smart_building_conformal/outputs/matched_intervals005/bdg2_f2_s43_v2/stages/stream_h3_l90_quantile_uncalibrated/consumed.csv.gz
 create mode 100644 smart_building_conformal/outputs/matched_intervals005/bdg2_f2_s43_v2/stages/stream_h3_l90_quantile_uncalibrated/episodes.csv.gz
 create mode 100644 smart_building_conformal/outputs/matched_intervals005/bdg2_f2_s43_v2/stages/stream_h3_l90_quantile_uncalibrated/issued.csv.gz
 create mode 100644 smart_building_conformal/outputs/matched_intervals005/bdg2_f2_s43_v2/stages/stream_h3_l90_quantile_uncalibrated/released_scores.csv.gz
 create mode 100644 smart_building_conformal/outputs/matched_intervals005/bdg2_f2_s43_v2/stages/stream_h3_l90_quantile_uncalibrated/stage.json
 create mode 100644 smart_building_conformal/outputs/matched_intervals005/bdg2_f2_s43_v2/stages/stream_h3_l90_quantile_uncalibrated/stream_identity.json
 create mode 100644 smart_building_conformal/outputs/matched_intervals005/bdg2_f2_s43_v2/stages/stream_h3_l90_quantile_uncalibrated/updates.csv.gz
 create mode 100644 smart_building_conformal/outputs/matched_intervals005/bdg2_f2_s43_v2/stages/stream_h3_l90_recentred_enbpi_static/COMPLETE.json
 create mode 100644 smart_building_conformal/outputs/matched_intervals005/bdg2_f2_s43_v2/stages/stream_h3_l90_recentred_enbpi_static/background_workload.csv
 create mode 100644 smart_building_conformal/outputs/matched_intervals005/bdg2_f2_s43_v2/stages/stream_h3_l90_recentred_enbpi_static/consumed.csv.gz
 create mode 100644 smart_building_conformal/outputs/matched_intervals005/bdg2_f2_s43_v2/stages/stream_h3_l90_recentred_enbpi_static/episodes.csv.gz
 create mode 100644 smart_building_conformal/outputs/matched_intervals005/bdg2_f2_s43_v2/stages/stream_h3_l90_recentred_enbpi_static/issued.csv.gz
 create mode 100644 smart_building_conformal/outputs/matched_intervals005/bdg2_f2_s43_v2/stages/stream_h3_l90_recentred_enbpi_static/released_scores.csv.gz
 create mode 100644 smart_building_conformal/outputs/matched_intervals005/bdg2_f2_s43_v2/stages/stream_h3_l90_recentred_enbpi_static/stage.json
 create mode 100644 smart_building_conformal/outputs/matched_intervals005/bdg2_f2_s43_v2/stages/stream_h3_l90_recentred_enbpi_static/stream_identity.json
 create mode 100644 smart_building_conformal/outputs/matched_intervals005/bdg2_f2_s43_v2/stages/stream_h3_l90_recentred_enbpi_static/updates.csv.gz
 create mode 100644 smart_building_conformal/outputs/matched_intervals005/bdg2_f2_s43_v2/stages/stream_h3_l90_recentred_enbpi_updated/COMPLETE.json
 create mode 100644 smart_building_conformal/outputs/matched_intervals005/bdg2_f2_s43_v2/stages/stream_h3_l90_recentred_enbpi_updated/background_workload.csv
 create mode 100644 smart_building_conformal/outputs/matched_intervals005/bdg2_f2_s43_v2/stages/stream_h3_l90_recentred_enbpi_updated/consumed.csv.gz
 create mode 100644 smart_building_conformal/outputs/matched_intervals005/bdg2_f2_s43_v2/stages/stream_h3_l90_recentred_enbpi_updated/episodes.csv.gz
 create mode 100644 smart_building_conformal/outputs/matched_intervals005/bdg2_f2_s43_v2/stages/stream_h3_l90_recentred_enbpi_updated/issued.csv.gz
 create mode 100644 smart_building_conformal/outputs/matched_intervals005/bdg2_f2_s43_v2/stages/stream_h3_l90_recentred_enbpi_updated/released_scores.csv.gz
 create mode 100644 smart_building_conformal/outputs/matched_intervals005/bdg2_f2_s43_v2/stages/stream_h3_l90_recentred_enbpi_updated/stage.json
 create mode 100644 smart_building_conformal/outputs/matched_intervals005/bdg2_f2_s43_v2/stages/stream_h3_l90_recentred_enbpi_updated/stream_identity.json
 create mode 100644 smart_building_conformal/outputs/matched_intervals005/bdg2_f2_s43_v2/stages/stream_h3_l90_recentred_enbpi_updated/updates.csv.gz
 create mode 100644 smart_building_conformal/outputs/matched_intervals005/bdg2_f2_s43_v2/stages/stream_h3_l95_cqr/COMPLETE.json
 create mode 100644 smart_building_conformal/outputs/matched_intervals005/bdg2_f2_s43_v2/stages/stream_h3_l95_cqr/background_workload.csv
 create mode 100644 smart_building_conformal/outputs/matched_intervals005/bdg2_f2_s43_v2/stages/stream_h3_l95_cqr/consumed.csv.gz
 create mode 100644 smart_building_conformal/outputs/matched_intervals005/bdg2_f2_s43_v2/stages/stream_h3_l95_cqr/episodes.csv.gz
 create mode 100644 smart_building_conformal/outputs/matched_intervals005/bdg2_f2_s43_v2/stages/stream_h3_l95_cqr/issued.csv.gz
 create mode 100644 smart_building_conformal/outputs/matched_intervals005/bdg2_f2_s43_v2/stages/stream_h3_l95_cqr/released_scores.csv.gz
 create mode 100644 smart_building_conformal/outputs/matched_intervals005/bdg2_f2_s43_v2/stages/stream_h3_l95_cqr/stage.json
 create mode 100644 smart_building_conformal/outputs/matched_intervals005/bdg2_f2_s43_v2/stages/stream_h3_l95_cqr/stream_identity.json
 create mode 100644 smart_building_conformal/outputs/matched_intervals005/bdg2_f2_s43_v2/stages/stream_h3_l95_cqr/updates.csv.gz
 create mode 100644 smart_building_conformal/outputs/matched_intervals005/bdg2_f2_s43_v2/stages/stream_h3_l95_dscp/COMPLETE.json
 create mode 100644 smart_building_conformal/outputs/matched_intervals005/bdg2_f2_s43_v2/stages/stream_h3_l95_dscp/background_workload.csv
 create mode 100644 smart_building_conformal/outputs/matched_intervals005/bdg2_f2_s43_v2/stages/stream_h3_l95_dscp/consumed.csv.gz
 create mode 100644 smart_building_conformal/outputs/matched_intervals005/bdg2_f2_s43_v2/stages/stream_h3_l95_dscp/episodes.csv.gz
 create mode 100644 smart_building_conformal/outputs/matched_intervals005/bdg2_f2_s43_v2/stages/stream_h3_l95_dscp/issued.csv.gz
 create mode 100644 smart_building_conformal/outputs/matched_intervals005/bdg2_f2_s43_v2/stages/stream_h3_l95_dscp/released_scores.csv.gz
 create mode 100644 smart_building_conformal/outputs/matched_intervals005/bdg2_f2_s43_v2/stages/stream_h3_l95_dscp/stage.json
 create mode 100644 smart_building_conformal/outputs/matched_intervals005/bdg2_f2_s43_v2/stages/stream_h3_l95_dscp/stream_identity.json
 create mode 100644 smart_building_conformal/outputs/matched_intervals005/bdg2_f2_s43_v2/stages/stream_h3_l95_dscp/updates.csv.gz
 create mode 100644 smart_building_conformal/outputs/matched_intervals005/bdg2_f2_s43_v2/stages/stream_h3_l95_quantile_uncalibrated/COMPLETE.json
 create mode 100644 smart_building_conformal/outputs/matched_intervals005/bdg2_f2_s43_v2/stages/stream_h3_l95_quantile_uncalibrated/background_workload.csv
 create mode 100644 smart_building_conformal/outputs/matched_intervals005/bdg2_f2_s43_v2/stages/stream_h3_l95_quantile_uncalibrated/consumed.csv.gz
 create mode 100644 smart_building_conformal/outputs/matched_intervals005/bdg2_f2_s43_v2/stages/stream_h3_l95_quantile_uncalibrated/episodes.csv.gz
 create mode 100644 smart_building_conformal/outputs/matched_intervals005/bdg2_f2_s43_v2/stages/stream_h3_l95_quantile_uncalibrated/issued.csv.gz
 create mode 100644 smart_building_conformal/outputs/matched_intervals005/bdg2_f2_s43_v2/stages/stream_h3_l95_quantile_uncalibrated/released_scores.csv.gz
 create mode 100644 smart_building_conformal/outputs/matched_intervals005/bdg2_f2_s43_v2/stages/stream_h3_l95_quantile_uncalibrated/stage.json
 create mode 100644 smart_building_conformal/outputs/matched_intervals005/bdg2_f2_s43_v2/stages/stream_h3_l95_quantile_uncalibrated/stream_identity.json
 create mode 100644 smart_building_conformal/outputs/matched_intervals005/bdg2_f2_s43_v2/stages/stream_h3_l95_quantile_uncalibrated/updates.csv.gz
 create mode 100644 smart_building_conformal/outputs/matched_intervals005/bdg2_f2_s43_v2/stages/stream_h3_l95_recentred_enbpi_static/COMPLETE.json
 create mode 100644 smart_building_conformal/outputs/matched_intervals005/bdg2_f2_s43_v2/stages/stream_h3_l95_recentred_enbpi_static/background_workload.csv
 create mode 100644 smart_building_conformal/outputs/matched_intervals005/bdg2_f2_s43_v2/stages/stream_h3_l95_recentred_enbpi_static/consumed.csv.gz
 create mode 100644 smart_building_conformal/outputs/matched_intervals005/bdg2_f2_s43_v2/stages/stream_h3_l95_recentred_enbpi_static/episodes.csv.gz
 create mode 100644 smart_building_conformal/outputs/matched_intervals005/bdg2_f2_s43_v2/stages/stream_h3_l95_recentred_enbpi_static/issued.csv.gz
 create mode 100644 smart_building_conformal/outputs/matched_intervals005/bdg2_f2_s43_v2/stages/stream_h3_l95_recentred_enbpi_static/released_scores.csv.gz
 create mode 100644 smart_building_conformal/outputs/matched_intervals005/bdg2_f2_s43_v2/stages/stream_h3_l95_recentred_enbpi_static/stage.json
 create mode 100644 smart_building_conformal/outputs/matched_intervals005/bdg2_f2_s43_v2/stages/stream_h3_l95_recentred_enbpi_static/stream_identity.json
 create mode 100644 smart_building_conformal/outputs/matched_intervals005/bdg2_f2_s43_v2/stages/stream_h3_l95_recentred_enbpi_static/updates.csv.gz
 create mode 100644 smart_building_conformal/outputs/matched_intervals005/bdg2_f2_s43_v2/stages/stream_h3_l95_recentred_enbpi_updated/COMPLETE.json
 create mode 100644 smart_building_conformal/outputs/matched_intervals005/bdg2_f2_s43_v2/stages/stream_h3_l95_recentred_enbpi_updated/background_workload.csv
 create mode 100644 smart_building_conformal/outputs/matched_intervals005/bdg2_f2_s43_v2/stages/stream_h3_l95_recentred_enbpi_updated/consumed.csv.gz
 create mode 100644 smart_building_conformal/outputs/matched_intervals005/bdg2_f2_s43_v2/stages/stream_h3_l95_recentred_enbpi_updated/episodes.csv.gz
 create mode 100644 smart_building_conformal/outputs/matched_intervals005/bdg2_f2_s43_v2/stages/stream_h3_l95_recentred_enbpi_updated/issued.csv.gz
 create mode 100644 smart_building_conformal/outputs/matched_intervals005/bdg2_f2_s43_v2/stages/stream_h3_l95_recentred_enbpi_updated/released_scores.csv.gz
 create mode 100644 smart_building_conformal/outputs/matched_intervals005/bdg2_f2_s43_v2/stages/stream_h3_l95_recentred_enbpi_updated/stage.json
 create mode 100644 smart_building_conformal/outputs/matched_intervals005/bdg2_f2_s43_v2/stages/stream_h3_l95_recentred_enbpi_updated/stream_identity.json
 create mode 100644 smart_building_conformal/outputs/matched_intervals005/bdg2_f2_s43_v2/stages/stream_h3_l95_recentred_enbpi_updated/updates.csv.gz
 create mode 100644 smart_building_conformal/outputs/matched_intervals005/bdg2_f2_s43_v2/stages/stream_h6_l90_cqr/COMPLETE.json
 create mode 100644 smart_building_conformal/outputs/matched_intervals005/bdg2_f2_s43_v2/stages/stream_h6_l90_cqr/background_workload.csv
 create mode 100644 smart_building_conformal/outputs/matched_intervals005/bdg2_f2_s43_v2/stages/stream_h6_l90_cqr/consumed.csv.gz
 create mode 100644 smart_building_conformal/outputs/matched_intervals005/bdg2_f2_s43_v2/stages/stream_h6_l90_cqr/episodes.csv.gz
 create mode 100644 smart_building_conformal/outputs/matched_intervals005/bdg2_f2_s43_v2/stages/stream_h6_l90_cqr/issued.csv.gz
 create mode 100644 smart_building_conformal/outputs/matched_intervals005/bdg2_f2_s43_v2/stages/stream_h6_l90_cqr/released_scores.csv.gz
 create mode 100644 smart_building_conformal/outputs/matched_intervals005/bdg2_f2_s43_v2/stages/stream_h6_l90_cqr/stage.json
 create mode 100644 smart_building_conformal/outputs/matched_intervals005/bdg2_f2_s43_v2/stages/stream_h6_l90_cqr/stream_identity.json
 create mode 100644 smart_building_conformal/outputs/matched_intervals005/bdg2_f2_s43_v2/stages/stream_h6_l90_cqr/updates.csv.gz
 create mode 100644 smart_building_conformal/outputs/matched_intervals005/bdg2_f2_s43_v2/stages/stream_h6_l90_dscp/COMPLETE.json
 create mode 100644 smart_building_conformal/outputs/matched_intervals005/bdg2_f2_s43_v2/stages/stream_h6_l90_dscp/background_workload.csv
 create mode 100644 smart_building_conformal/outputs/matched_intervals005/bdg2_f2_s43_v2/stages/stream_h6_l90_dscp/consumed.csv.gz
 create mode 100644 smart_building_conformal/outputs/matched_intervals005/bdg2_f2_s43_v2/stages/stream_h6_l90_dscp/episodes.csv.gz
 create mode 100644 smart_building_conformal/outputs/matched_intervals005/bdg2_f2_s43_v2/stages/stream_h6_l90_dscp/issued.csv.gz
 create mode 100644 smart_building_conformal/outputs/matched_intervals005/bdg2_f2_s43_v2/stages/stream_h6_l90_dscp/released_scores.csv.gz
 create mode 100644 smart_building_conformal/outputs/matched_intervals005/bdg2_f2_s43_v2/stages/stream_h6_l90_dscp/stage.json
 create mode 100644 smart_building_conformal/outputs/matched_intervals005/bdg2_f2_s43_v2/stages/stream_h6_l90_dscp/stream_identity.json
 create mode 100644 smart_building_conformal/outputs/matched_intervals005/bdg2_f2_s43_v2/stages/stream_h6_l90_dscp/updates.csv.gz
 create mode 100644 smart_building_conformal/outputs/matched_intervals005/bdg2_f2_s43_v2/stages/stream_h6_l90_quantile_uncalibrated/COMPLETE.json
 create mode 100644 smart_building_conformal/outputs/matched_intervals005/bdg2_f2_s43_v2/stages/stream_h6_l90_quantile_uncalibrated/background_workload.csv
 create mode 100644 smart_building_conformal/outputs/matched_intervals005/bdg2_f2_s43_v2/stages/stream_h6_l90_quantile_uncalibrated/consumed.csv.gz
 create mode 100644 smart_building_conformal/outputs/matched_intervals005/bdg2_f2_s43_v2/stages/stream_h6_l90_quantile_uncalibrated/episodes.csv.gz
 create mode 100644 smart_building_conformal/outputs/matched_intervals005/bdg2_f2_s43_v2/stages/stream_h6_l90_quantile_uncalibrated/issued.csv.gz
 create mode 100644 smart_building_conformal/outputs/matched_intervals005/bdg2_f2_s43_v2/stages/stream_h6_l90_quantile_uncalibrated/released_scores.csv.gz
 create mode 100644 smart_building_conformal/outputs/matched_intervals005/bdg2_f2_s43_v2/stages/stream_h6_l90_quantile_uncalibrated/stage.json
 create mode 100644 smart_building_conformal/outputs/matched_intervals005/bdg2_f2_s43_v2/stages/stream_h6_l90_quantile_uncalibrated/stream_identity.json
 create mode 100644 smart_building_conformal/outputs/matched_intervals005/bdg2_f2_s43_v2/stages/stream_h6_l90_quantile_uncalibrated/updates.csv.gz
 create mode 100644 smart_building_conformal/outputs/matched_intervals005/bdg2_f2_s43_v2/stages/stream_h6_l90_recentred_enbpi_static/COMPLETE.json
 create mode 100644 smart_building_conformal/outputs/matched_intervals005/bdg2_f2_s43_v2/stages/stream_h6_l90_recentred_enbpi_static/background_workload.csv
 create mode 100644 smart_building_conformal/outputs/matched_intervals005/bdg2_f2_s43_v2/stages/stream_h6_l90_recentred_enbpi_static/consumed.csv.gz
 create mode 100644 smart_building_conformal/outputs/matched_intervals005/bdg2_f2_s43_v2/stages/stream_h6_l90_recentred_enbpi_static/episodes.csv.gz
 create mode 100644 smart_building_conformal/outputs/matched_intervals005/bdg2_f2_s43_v2/stages/stream_h6_l90_recentred_enbpi_static/issued.csv.gz
 create mode 100644 smart_building_conformal/outputs/matched_intervals005/bdg2_f2_s43_v2/stages/stream_h6_l90_recentred_enbpi_static/released_scores.csv.gz
 create mode 100644 smart_building_conformal/outputs/matched_intervals005/bdg2_f2_s43_v2/stages/stream_h6_l90_recentred_enbpi_static/stage.json
 create mode 100644 smart_building_conformal/outputs/matched_intervals005/bdg2_f2_s43_v2/stages/stream_h6_l90_recentred_enbpi_static/stream_identity.json
 create mode 100644 smart_building_conformal/outputs/matched_intervals005/bdg2_f2_s43_v2/stages/stream_h6_l90_recentred_enbpi_static/updates.csv.gz
 create mode 100644 smart_building_conformal/outputs/matched_intervals005/bdg2_f2_s43_v2/stages/stream_h6_l90_recentred_enbpi_updated/COMPLETE.json
 create mode 100644 smart_building_conformal/outputs/matched_intervals005/bdg2_f2_s43_v2/stages/stream_h6_l90_recentred_enbpi_updated/background_workload.csv
 create mode 100644 smart_building_conformal/outputs/matched_intervals005/bdg2_f2_s43_v2/stages/stream_h6_l90_recentred_enbpi_updated/consumed.csv.gz
 create mode 100644 smart_building_conformal/outputs/matched_intervals005/bdg2_f2_s43_v2/stages/stream_h6_l90_recentred_enbpi_updated/episodes.csv.gz
 create mode 100644 smart_building_conformal/outputs/matched_intervals005/bdg2_f2_s43_v2/stages/stream_h6_l90_recentred_enbpi_updated/issued.csv.gz
 create mode 100644 smart_building_conformal/outputs/matched_intervals005/bdg2_f2_s43_v2/stages/stream_h6_l90_recentred_enbpi_updated/released_scores.csv.gz
 create mode 100644 smart_building_conformal/outputs/matched_intervals005/bdg2_f2_s43_v2/stages/stream_h6_l90_recentred_enbpi_updated/stage.json
 create mode 100644 smart_building_conformal/outputs/matched_intervals005/bdg2_f2_s43_v2/stages/stream_h6_l90_recentred_enbpi_updated/stream_identity.json
 create mode 100644 smart_building_conformal/outputs/matched_intervals005/bdg2_f2_s43_v2/stages/stream_h6_l90_recentred_enbpi_updated/updates.csv.gz
 create mode 100644 smart_building_conformal/outputs/matched_intervals005/bdg2_f2_s43_v2/stages/stream_h6_l95_cqr/COMPLETE.json
 create mode 100644 smart_building_conformal/outputs/matched_intervals005/bdg2_f2_s43_v2/stages/stream_h6_l95_cqr/background_workload.csv
 create mode 100644 smart_building_conformal/outputs/matched_intervals005/bdg2_f2_s43_v2/stages/stream_h6_l95_cqr/consumed.csv.gz
 create mode 100644 smart_building_conformal/outputs/matched_intervals005/bdg2_f2_s43_v2/stages/stream_h6_l95_cqr/episodes.csv.gz
 create mode 100644 smart_building_conformal/outputs/matched_intervals005/bdg2_f2_s43_v2/stages/stream_h6_l95_cqr/issued.csv.gz
 create mode 100644 smart_building_conformal/outputs/matched_intervals005/bdg2_f2_s43_v2/stages/stream_h6_l95_cqr/released_scores.csv.gz
 create mode 100644 smart_building_conformal/outputs/matched_intervals005/bdg2_f2_s43_v2/stages/stream_h6_l95_cqr/stage.json
 create mode 100644 smart_building_conformal/outputs/matched_intervals005/bdg2_f2_s43_v2/stages/stream_h6_l95_cqr/stream_identity.json
 create mode 100644 smart_building_conformal/outputs/matched_intervals005/bdg2_f2_s43_v2/stages/stream_h6_l95_cqr/updates.csv.gz
 create mode 100644 smart_building_conformal/outputs/matched_intervals005/bdg2_f2_s43_v2/stages/stream_h6_l95_dscp/COMPLETE.json
 create mode 100644 smart_building_conformal/outputs/matched_intervals005/bdg2_f2_s43_v2/stages/stream_h6_l95_dscp/background_workload.csv
 create mode 100644 smart_building_conformal/outputs/matched_intervals005/bdg2_f2_s43_v2/stages/stream_h6_l95_dscp/consumed.csv.gz
 create mode 100644 smart_building_conformal/outputs/matched_intervals005/bdg2_f2_s43_v2/stages/stream_h6_l95_dscp/episodes.csv.gz
 create mode 100644 smart_building_conformal/outputs/matched_intervals005/bdg2_f2_s43_v2/stages/stream_h6_l95_dscp/issued.csv.gz
 create mode 100644 smart_building_conformal/outputs/matched_intervals005/bdg2_f2_s43_v2/stages/stream_h6_l95_dscp/released_scores.csv.gz
 create mode 100644 smart_building_conformal/outputs/matched_intervals005/bdg2_f2_s43_v2/stages/stream_h6_l95_dscp/stage.json
 create mode 100644 smart_building_conformal/outputs/matched_intervals005/bdg2_f2_s43_v2/stages/stream_h6_l95_dscp/stream_identity.json
 create mode 100644 smart_building_conformal/outputs/matched_intervals005/bdg2_f2_s43_v2/stages/stream_h6_l95_dscp/updates.csv.gz
 create mode 100644 smart_building_conformal/outputs/matched_intervals005/bdg2_f2_s43_v2/stages/stream_h6_l95_quantile_uncalibrated/COMPLETE.json
 create mode 100644 smart_building_conformal/outputs/matched_intervals005/bdg2_f2_s43_v2/stages/stream_h6_l95_quantile_uncalibrated/background_workload.csv
 create mode 100644 smart_building_conformal/outputs/matched_intervals005/bdg2_f2_s43_v2/stages/stream_h6_l95_quantile_uncalibrated/consumed.csv.gz
 create mode 100644 smart_building_conformal/outputs/matched_intervals005/bdg2_f2_s43_v2/stages/stream_h6_l95_quantile_uncalibrated/episodes.csv.gz
 create mode 100644 smart_building_conformal/outputs/matched_intervals005/bdg2_f2_s43_v2/stages/stream_h6_l95_quantile_uncalibrated/issued.csv.gz
 create mode 100644 smart_building_conformal/outputs/matched_intervals005/bdg2_f2_s43_v2/stages/stream_h6_l95_quantile_uncalibrated/released_scores.csv.gz
 create mode 100644 smart_building_conformal/outputs/matched_intervals005/bdg2_f2_s43_v2/stages/stream_h6_l95_quantile_uncalibrated/stage.json
 create mode 100644 smart_building_conformal/outputs/matched_intervals005/bdg2_f2_s43_v2/stages/stream_h6_l95_quantile_uncalibrated/stream_identity.json
 create mode 100644 smart_building_conformal/outputs/matched_intervals005/bdg2_f2_s43_v2/stages/stream_h6_l95_quantile_uncalibrated/updates.csv.gz
 create mode 100644 smart_building_conformal/outputs/matched_intervals005/bdg2_f2_s43_v2/stages/stream_h6_l95_recentred_enbpi_static/COMPLETE.json
 create mode 100644 smart_building_conformal/outputs/matched_intervals005/bdg2_f2_s43_v2/stages/stream_h6_l95_recentred_enbpi_static/background_workload.csv
 create mode 100644 smart_building_conformal/outputs/matched_intervals005/bdg2_f2_s43_v2/stages/stream_h6_l95_recentred_enbpi_static/consumed.csv.gz
 create mode 100644 smart_building_conformal/outputs/matched_intervals005/bdg2_f2_s43_v2/stages/stream_h6_l95_recentred_enbpi_static/episodes.csv.gz
 create mode 100644 smart_building_conformal/outputs/matched_intervals005/bdg2_f2_s43_v2/stages/stream_h6_l95_recentred_enbpi_static/issued.csv.gz
 create mode 100644 smart_building_conformal/outputs/matched_intervals005/bdg2_f2_s43_v2/stages/stream_h6_l95_recentred_enbpi_static/released_scores.csv.gz
 create mode 100644 smart_building_conformal/outputs/matched_intervals005/bdg2_f2_s43_v2/stages/stream_h6_l95_recentred_enbpi_static/stage.json
 create mode 100644 smart_building_conformal/outputs/matched_intervals005/bdg2_f2_s43_v2/stages/stream_h6_l95_recentred_enbpi_static/stream_identity.json
 create mode 100644 smart_building_conformal/outputs/matched_intervals005/bdg2_f2_s43_v2/stages/stream_h6_l95_recentred_enbpi_static/updates.csv.gz
 create mode 100644 smart_building_conformal/outputs/matched_intervals005/bdg2_f2_s43_v2/stages/stream_h6_l95_recentred_enbpi_updated/COMPLETE.json
 create mode 100644 smart_building_conformal/outputs/matched_intervals005/bdg2_f2_s43_v2/stages/stream_h6_l95_recentred_enbpi_updated/background_workload.csv
 create mode 100644 smart_building_conformal/outputs/matched_intervals005/bdg2_f2_s43_v2/stages/stream_h6_l95_recentred_enbpi_updated/consumed.csv.gz
 create mode 100644 smart_building_conformal/outputs/matched_intervals005/bdg2_f2_s43_v2/stages/stream_h6_l95_recentred_enbpi_updated/episodes.csv.gz
 create mode 100644 smart_building_conformal/outputs/matched_intervals005/bdg2_f2_s43_v2/stages/stream_h6_l95_recentred_enbpi_updated/issued.csv.gz
 create mode 100644 smart_building_conformal/outputs/matched_intervals005/bdg2_f2_s43_v2/stages/stream_h6_l95_recentred_enbpi_updated/released_scores.csv.gz
 create mode 100644 smart_building_conformal/outputs/matched_intervals005/bdg2_f2_s43_v2/stages/stream_h6_l95_recentred_enbpi_updated/stage.json
 create mode 100644 smart_building_conformal/outputs/matched_intervals005/bdg2_f2_s43_v2/stages/stream_h6_l95_recentred_enbpi_updated/stream_identity.json
 create mode 100644 smart_building_conformal/outputs/matched_intervals005/bdg2_f2_s43_v2/stages/stream_h6_l95_recentred_enbpi_updated/updates.csv.gz
 create mode 100644 smart_building_conformal/outputs/matched_intervals005/bdg2_f2_s43_v2/stages/tables/COMPLETE.json
 create mode 100644 smart_building_conformal/outputs/matched_intervals005/bdg2_f2_s43_v2/stages/tables/background_workload.csv
 create mode 100644 smart_building_conformal/outputs/matched_intervals005/bdg2_f2_s43_v2/stages/tables/common_support_metrics.csv
 create mode 100644 smart_building_conformal/outputs/matched_intervals005/bdg2_f2_s43_v2/stages/tables/native_support_metrics.csv
 create mode 100644 smart_building_conformal/outputs/matched_intervals005/bdg2_f2_s43_v2/stages/tables/operation_counts.json
 create mode 100644 smart_building_conformal/outputs/matched_intervals005/bdg2_f2_s43_v2/stages/tables/operations.csv
 create mode 100644 smart_building_conformal/outputs/matched_intervals005/bdg2_f2_s43_v2/stages/tables/per_building_metrics.csv
 create mode 100644 smart_building_conformal/outputs/matched_intervals005/bdg2_f2_s43_v2/stages/tables/seasonal_interval_metrics.csv
 create mode 100644 smart_building_conformal/outputs/matched_intervals005/bdg2_f2_s43_v2/stages/tables/seasonal_point_metrics.csv
 create mode 100644 smart_building_conformal/outputs/matched_intervals005/bdg2_f2_s43_v2/stages/tables/stage.json
 create mode 100644 smart_building_conformal/outputs/matched_intervals005/bdg2_f2_s43_v2/stages/tables/stage_costs.csv
 create mode 100644 smart_building_conformal/outputs/matched_intervals005/bdg2_f2_s44_v2/COMPLETE.json
 create mode 100644 smart_building_conformal/outputs/matched_intervals005/bdg2_f2_s44_v2/checkpoint_manifest.json
 create mode 100644 smart_building_conformal/outputs/matched_intervals005/bdg2_f2_s44_v2/operations.jsonl
 create mode 100644 smart_building_conformal/outputs/matched_intervals005/bdg2_f2_s44_v2/stage_journal.jsonl
 create mode 100644 smart_building_conformal/outputs/matched_intervals005/bdg2_f2_s44_v2/stages/dscp_assignment_000000_000064/COMPLETE.json
 create mode 100644 smart_building_conformal/outputs/matched_intervals005/bdg2_f2_s44_v2/stages/dscp_assignment_000000_000064/assignments.npy
 create mode 100644 smart_building_conformal/outputs/matched_intervals005/bdg2_f2_s44_v2/stages/dscp_assignment_000000_000064/stage.json
 create mode 100644 smart_building_conformal/outputs/matched_intervals005/bdg2_f2_s44_v2/stages/dscp_assignment_000064_000576/COMPLETE.json
 create mode 100644 smart_building_conformal/outputs/matched_intervals005/bdg2_f2_s44_v2/stages/dscp_assignment_000064_000576/assignments.npy
 create mode 100644 smart_building_conformal/outputs/matched_intervals005/bdg2_f2_s44_v2/stages/dscp_assignment_000064_000576/stage.json
 create mode 100644 smart_building_conformal/outputs/matched_intervals005/bdg2_f2_s44_v2/stages/dscp_assignment_000576_001088/COMPLETE.json
 create mode 100644 smart_building_conformal/outputs/matched_intervals005/bdg2_f2_s44_v2/stages/dscp_assignment_000576_001088/assignments.npy
 create mode 100644 smart_building_conformal/outputs/matched_intervals005/bdg2_f2_s44_v2/stages/dscp_assignment_000576_001088/stage.json
 create mode 100644 smart_building_conformal/outputs/matched_intervals005/bdg2_f2_s44_v2/stages/dscp_assignment_001088_001600/COMPLETE.json
 create mode 100644 smart_building_conformal/outputs/matched_intervals005/bdg2_f2_s44_v2/stages/dscp_assignment_001088_001600/assignments.npy
 create mode 100644 smart_building_conformal/outputs/matched_intervals005/bdg2_f2_s44_v2/stages/dscp_assignment_001088_001600/stage.json
 create mode 100644 smart_building_conformal/outputs/matched_intervals005/bdg2_f2_s44_v2/stages/dscp_assignment_001600_002112/COMPLETE.json
 create mode 100644 smart_building_conformal/outputs/matched_intervals005/bdg2_f2_s44_v2/stages/dscp_assignment_001600_002112/assignments.npy
 create mode 100644 smart_building_conformal/outputs/matched_intervals005/bdg2_f2_s44_v2/stages/dscp_assignment_001600_002112/stage.json
 create mode 100644 smart_building_conformal/outputs/matched_intervals005/bdg2_f2_s44_v2/stages/dscp_assignment_002112_002624/COMPLETE.json
 create mode 100644 smart_building_conformal/outputs/matched_intervals005/bdg2_f2_s44_v2/stages/dscp_assignment_002112_002624/assignments.npy
 create mode 100644 smart_building_conformal/outputs/matched_intervals005/bdg2_f2_s44_v2/stages/dscp_assignment_002112_002624/stage.json
 create mode 100644 smart_building_conformal/outputs/matched_intervals005/bdg2_f2_s44_v2/stages/dscp_assignment_002624_003136/COMPLETE.json
 create mode 100644 smart_building_conformal/outputs/matched_intervals005/bdg2_f2_s44_v2/stages/dscp_assignment_002624_003136/assignments.npy
 create mode 100644 smart_building_conformal/outputs/matched_intervals005/bdg2_f2_s44_v2/stages/dscp_assignment_002624_003136/stage.json
 create mode 100644 smart_building_conformal/outputs/matched_intervals005/bdg2_f2_s44_v2/stages/dscp_assignment_003136_003648/COMPLETE.json
 create mode 100644 smart_building_conformal/outputs/matched_intervals005/bdg2_f2_s44_v2/stages/dscp_assignment_003136_003648/assignments.npy
 create mode 100644 smart_building_conformal/outputs/matched_intervals005/bdg2_f2_s44_v2/stages/dscp_assignment_003136_003648/stage.json
 create mode 100644 smart_building_conformal/outputs/matched_intervals005/bdg2_f2_s44_v2/stages/dscp_assignment_003648_004160/COMPLETE.json
 create mode 100644 smart_building_conformal/outputs/matched_intervals005/bdg2_f2_s44_v2/stages/dscp_assignment_003648_004160/assignments.npy
 create mode 100644 smart_building_conformal/outputs/matched_intervals005/bdg2_f2_s44_v2/stages/dscp_assignment_003648_004160/stage.json
 create mode 100644 smart_building_conformal/outputs/matched_intervals005/bdg2_f2_s44_v2/stages/dscp_assignment_004160_004672/COMPLETE.json
 create mode 100644 smart_building_conformal/outputs/matched_intervals005/bdg2_f2_s44_v2/stages/dscp_assignment_004160_004672/assignments.npy
 create mode 100644 smart_building_conformal/outputs/matched_intervals005/bdg2_f2_s44_v2/stages/dscp_assignment_004160_004672/stage.json
 create mode 100644 smart_building_conformal/outputs/matched_intervals005/bdg2_f2_s44_v2/stages/dscp_assignment_004672_005184/COMPLETE.json
 create mode 100644 smart_building_conformal/outputs/matched_intervals005/bdg2_f2_s44_v2/stages/dscp_assignment_004672_005184/assignments.npy
 create mode 100644 smart_building_conformal/outputs/matched_intervals005/bdg2_f2_s44_v2/stages/dscp_assignment_004672_005184/stage.json
 create mode 100644 smart_building_conformal/outputs/matched_intervals005/bdg2_f2_s44_v2/stages/dscp_assignment_005184_005696/COMPLETE.json
 create mode 100644 smart_building_conformal/outputs/matched_intervals005/bdg2_f2_s44_v2/stages/dscp_assignment_005184_005696/assignments.npy
 create mode 100644 smart_building_conformal/outputs/matched_intervals005/bdg2_f2_s44_v2/stages/dscp_assignment_005184_005696/stage.json
 create mode 100644 smart_building_conformal/outputs/matched_intervals005/bdg2_f2_s44_v2/stages/dscp_assignment_005696_006208/COMPLETE.json
 create mode 100644 smart_building_conformal/outputs/matched_intervals005/bdg2_f2_s44_v2/stages/dscp_assignment_005696_006208/assignments.npy
 create mode 100644 smart_building_conformal/outputs/matched_intervals005/bdg2_f2_s44_v2/stages/dscp_assignment_005696_006208/stage.json
 create mode 100644 smart_building_conformal/outputs/matched_intervals005/bdg2_f2_s44_v2/stages/dscp_assignment_006208_006720/COMPLETE.json
 create mode 100644 smart_building_conformal/outputs/matched_intervals005/bdg2_f2_s44_v2/stages/dscp_assignment_006208_006720/assignments.npy
 create mode 100644 smart_building_conformal/outputs/matched_intervals005/bdg2_f2_s44_v2/stages/dscp_assignment_006208_006720/stage.json
 create mode 100644 smart_building_conformal/outputs/matched_intervals005/bdg2_f2_s44_v2/stages/dscp_assignment_006720_007232/COMPLETE.json
 create mode 100644 smart_building_conformal/outputs/matched_intervals005/bdg2_f2_s44_v2/stages/dscp_assignment_006720_007232/assignments.npy
 create mode 100644 smart_building_conformal/outputs/matched_intervals005/bdg2_f2_s44_v2/stages/dscp_assignment_006720_007232/stage.json
 create mode 100644 smart_building_conformal/outputs/matched_intervals005/bdg2_f2_s44_v2/stages/dscp_assignment_007232_007744/COMPLETE.json
 create mode 100644 smart_building_conformal/outputs/matched_intervals005/bdg2_f2_s44_v2/stages/dscp_assignment_007232_007744/assignments.npy
 create mode 100644 smart_building_conformal/outputs/matched_intervals005/bdg2_f2_s44_v2/stages/dscp_assignment_007232_007744/stage.json
 create mode 100644 smart_building_conformal/outputs/matched_intervals005/bdg2_f2_s44_v2/stages/dscp_assignment_007744_008256/COMPLETE.json
 create mode 100644 smart_building_conformal/outputs/matched_intervals005/bdg2_f2_s44_v2/stages/dscp_assignment_007744_008256/assignments.npy
 create mode 100644 smart_building_conformal/outputs/matched_intervals005/bdg2_f2_s44_v2/stages/dscp_assignment_007744_008256/stage.json
 create mode 100644 smart_building_conformal/outputs/matched_intervals005/bdg2_f2_s44_v2/stages/dscp_assignment_008256_008768/COMPLETE.json
 create mode 100644 smart_building_conformal/outputs/matched_intervals005/bdg2_f2_s44_v2/stages/dscp_assignment_008256_008768/assignments.npy
 create mode 100644 smart_building_conformal/outputs/matched_intervals005/bdg2_f2_s44_v2/stages/dscp_assignment_008256_008768/stage.json
 create mode 100644 smart_building_conformal/outputs/matched_intervals005/bdg2_f2_s44_v2/stages/dscp_assignment_008768_009280/COMPLETE.json
 create mode 100644 smart_building_conformal/outputs/matched_intervals005/bdg2_f2_s44_v2/stages/dscp_assignment_008768_009280/assignments.npy
 create mode 100644 smart_building_conformal/outputs/matched_intervals005/bdg2_f2_s44_v2/stages/dscp_assignment_008768_009280/stage.json
 create mode 100644 smart_building_conformal/outputs/matched_intervals005/bdg2_f2_s44_v2/stages/dscp_assignment_009280_009792/COMPLETE.json
 create mode 100644 smart_building_conformal/outputs/matched_intervals005/bdg2_f2_s44_v2/stages/dscp_assignment_009280_009792/assignments.npy
 create mode 100644 smart_building_conformal/outputs/matched_intervals005/bdg2_f2_s44_v2/stages/dscp_assignment_009280_009792/stage.json
 create mode 100644 smart_building_conformal/outputs/matched_intervals005/bdg2_f2_s44_v2/stages/dscp_assignment_009792_010304/COMPLETE.json
 create mode 100644 smart_building_conformal/outputs/matched_intervals005/bdg2_f2_s44_v2/stages/dscp_assignment_009792_010304/assignments.npy
 create mode 100644 smart_building_conformal/outputs/matched_intervals005/bdg2_f2_s44_v2/stages/dscp_assignment_009792_010304/stage.json
 create mode 100644 smart_building_conformal/outputs/matched_intervals005/bdg2_f2_s44_v2/stages/dscp_assignment_010304_010816/COMPLETE.json
 create mode 100644 smart_building_conformal/outputs/matched_intervals005/bdg2_f2_s44_v2/stages/dscp_assignment_010304_010816/assignments.npy
 create mode 100644 smart_building_conformal/outputs/matched_intervals005/bdg2_f2_s44_v2/stages/dscp_assignment_010304_010816/stage.json
 create mode 100644 smart_building_conformal/outputs/matched_intervals005/bdg2_f2_s44_v2/stages/dscp_assignment_010816_011328/COMPLETE.json
 create mode 100644 smart_building_conformal/outputs/matched_intervals005/bdg2_f2_s44_v2/stages/dscp_assignment_010816_011328/assignments.npy
 create mode 100644 smart_building_conformal/outputs/matched_intervals005/bdg2_f2_s44_v2/stages/dscp_assignment_010816_011328/stage.json
 create mode 100644 smart_building_conformal/outputs/matched_intervals005/bdg2_f2_s44_v2/stages/dscp_assignment_011328_011840/COMPLETE.json
 create mode 100644 smart_building_conformal/outputs/matched_intervals005/bdg2_f2_s44_v2/stages/dscp_assignment_011328_011840/assignments.npy
 create mode 100644 smart_building_conformal/outputs/matched_intervals005/bdg2_f2_s44_v2/stages/dscp_assignment_011328_011840/stage.json
 create mode 100644 smart_building_conformal/outputs/matched_intervals005/bdg2_f2_s44_v2/stages/dscp_assignment_011840_012352/COMPLETE.json
 create mode 100644 smart_building_conformal/outputs/matched_intervals005/bdg2_f2_s44_v2/stages/dscp_assignment_011840_012352/assignments.npy
 create mode 100644 smart_building_conformal/outputs/matched_intervals005/bdg2_f2_s44_v2/stages/dscp_assignment_011840_012352/stage.json
 create mode 100644 smart_building_conformal/outputs/matched_intervals005/bdg2_f2_s44_v2/stages/dscp_assignment_012352_012864/COMPLETE.json
 create mode 100644 smart_building_conformal/outputs/matched_intervals005/bdg2_f2_s44_v2/stages/dscp_assignment_012352_012864/assignments.npy
 create mode 100644 smart_building_conformal/outputs/matched_intervals005/bdg2_f2_s44_v2/stages/dscp_assignment_012352_012864/stage.json
 create mode 100644 smart_building_conformal/outputs/matched_intervals005/bdg2_f2_s44_v2/stages/dscp_assignment_012864_013376/COMPLETE.json
 create mode 100644 smart_building_conformal/outputs/matched_intervals005/bdg2_f2_s44_v2/stages/dscp_assignment_012864_013376/assignments.npy
 create mode 100644 smart_building_conformal/outputs/matched_intervals005/bdg2_f2_s44_v2/stages/dscp_assignment_012864_013376/stage.json
 create mode 100644 smart_building_conformal/outputs/matched_intervals005/bdg2_f2_s44_v2/stages/dscp_assignment_013376_013888/COMPLETE.json
 create mode 100644 smart_building_conformal/outputs/matched_intervals005/bdg2_f2_s44_v2/stages/dscp_assignment_013376_013888/assignments.npy
 create mode 100644 smart_building_conformal/outputs/matched_intervals005/bdg2_f2_s44_v2/stages/dscp_assignment_013376_013888/stage.json
 create mode 100644 smart_building_conformal/outputs/matched_intervals005/bdg2_f2_s44_v2/stages/dscp_assignment_013888_014400/COMPLETE.json
 create mode 100644 smart_building_conformal/outputs/matched_intervals005/bdg2_f2_s44_v2/stages/dscp_assignment_013888_014400/assignments.npy
 create mode 100644 smart_building_conformal/outputs/matched_intervals005/bdg2_f2_s44_v2/stages/dscp_assignment_013888_014400/stage.json
 create mode 100644 smart_building_conformal/outputs/matched_intervals005/bdg2_f2_s44_v2/stages/dscp_assignment_014400_014912/COMPLETE.json
 create mode 100644 smart_building_conformal/outputs/matched_intervals005/bdg2_f2_s44_v2/stages/dscp_assignment_014400_014912/assignments.npy
 create mode 100644 smart_building_conformal/outputs/matched_intervals005/bdg2_f2_s44_v2/stages/dscp_assignment_014400_014912/stage.json
 create mode 100644 smart_building_conformal/outputs/matched_intervals005/bdg2_f2_s44_v2/stages/dscp_assignment_014912_015424/COMPLETE.json
 create mode 100644 smart_building_conformal/outputs/matched_intervals005/bdg2_f2_s44_v2/stages/dscp_assignment_014912_015424/assignments.npy
 create mode 100644 smart_building_conformal/outputs/matched_intervals005/bdg2_f2_s44_v2/stages/dscp_assignment_014912_015424/stage.json
 create mode 100644 smart_building_conformal/outputs/matched_intervals005/bdg2_f2_s44_v2/stages/dscp_assignment_015424_015936/COMPLETE.json
 create mode 100644 smart_building_conformal/outputs/matched_intervals005/bdg2_f2_s44_v2/stages/dscp_assignment_015424_015936/assignments.npy
 create mode 100644 smart_building_conformal/outputs/matched_intervals005/bdg2_f2_s44_v2/stages/dscp_assignment_015424_015936/stage.json
 create mode 100644 smart_building_conformal/outputs/matched_intervals005/bdg2_f2_s44_v2/stages/dscp_assignment_015936_016448/COMPLETE.json
 create mode 100644 smart_building_conformal/outputs/matched_intervals005/bdg2_f2_s44_v2/stages/dscp_assignment_015936_016448/assignments.npy
 create mode 100644 smart_building_conformal/outputs/matched_intervals005/bdg2_f2_s44_v2/stages/dscp_assignment_015936_016448/stage.json
 create mode 100644 smart_building_conformal/outputs/matched_intervals005/bdg2_f2_s44_v2/stages/dscp_assignment_016448_016960/COMPLETE.json
 create mode 100644 smart_building_conformal/outputs/matched_intervals005/bdg2_f2_s44_v2/stages/dscp_assignment_016448_016960/assignments.npy
 create mode 100644 smart_building_conformal/outputs/matched_intervals005/bdg2_f2_s44_v2/stages/dscp_assignment_016448_016960/stage.json
 create mode 100644 smart_building_conformal/outputs/matched_intervals005/bdg2_f2_s44_v2/stages/dscp_assignment_016960_017472/COMPLETE.json
 create mode 100644 smart_building_conformal/outputs/matched_intervals005/bdg2_f2_s44_v2/stages/dscp_assignment_016960_017472/assignments.npy
 create mode 100644 smart_building_conformal/outputs/matched_intervals005/bdg2_f2_s44_v2/stages/dscp_assignment_016960_017472/stage.json
 create mode 100644 smart_building_conformal/outputs/matched_intervals005/bdg2_f2_s44_v2/stages/dscp_assignment_017472_017984/COMPLETE.json
 create mode 100644 smart_building_conformal/outputs/matched_intervals005/bdg2_f2_s44_v2/stages/dscp_assignment_017472_017984/assignments.npy
 create mode 100644 smart_building_conformal/outputs/matched_intervals005/bdg2_f2_s44_v2/stages/dscp_assignment_017472_017984/stage.json
 create mode 100644 smart_building_conformal/outputs/matched_intervals005/bdg2_f2_s44_v2/stages/dscp_assignment_017984_018496/COMPLETE.json
 create mode 100644 smart_building_conformal/outputs/matched_intervals005/bdg2_f2_s44_v2/stages/dscp_assignment_017984_018496/assignments.npy
 create mode 100644 smart_building_conformal/outputs/matched_intervals005/bdg2_f2_s44_v2/stages/dscp_assignment_017984_018496/stage.json
 create mode 100644 smart_building_conformal/outputs/matched_intervals005/bdg2_f2_s44_v2/stages/dscp_assignment_018496_019008/COMPLETE.json
 create mode 100644 smart_building_conformal/outputs/matched_intervals005/bdg2_f2_s44_v2/stages/dscp_assignment_018496_019008/assignments.npy
 create mode 100644 smart_building_conformal/outputs/matched_intervals005/bdg2_f2_s44_v2/stages/dscp_assignment_018496_019008/stage.json
 create mode 100644 smart_building_conformal/outputs/matched_intervals005/bdg2_f2_s44_v2/stages/dscp_assignment_019008_019520/COMPLETE.json
 create mode 100644 smart_building_conformal/outputs/matched_intervals005/bdg2_f2_s44_v2/stages/dscp_assignment_019008_019520/assignments.npy
 create mode 100644 smart_building_conformal/outputs/matched_intervals005/bdg2_f2_s44_v2/stages/dscp_assignment_019008_019520/stage.json
 create mode 100644 smart_building_conformal/outputs/matched_intervals005/bdg2_f2_s44_v2/stages/dscp_assignment_019520_020032/COMPLETE.json
 create mode 100644 smart_building_conformal/outputs/matched_intervals005/bdg2_f2_s44_v2/stages/dscp_assignment_019520_020032/assignments.npy
 create mode 100644 smart_building_conformal/outputs/matched_intervals005/bdg2_f2_s44_v2/stages/dscp_assignment_019520_020032/stage.json
 create mode 100644 smart_building_conformal/outputs/matched_intervals005/bdg2_f2_s44_v2/stages/dscp_assignment_020032_020544/COMPLETE.json
 create mode 100644 smart_building_conformal/outputs/matched_intervals005/bdg2_f2_s44_v2/stages/dscp_assignment_020032_020544/assignments.npy
 create mode 100644 smart_building_conformal/outputs/matched_intervals005/bdg2_f2_s44_v2/stages/dscp_assignment_020032_020544/stage.json
 create mode 100644 smart_building_conformal/outputs/matched_intervals005/bdg2_f2_s44_v2/stages/dscp_assignment_020544_021056/COMPLETE.json
 create mode 100644 smart_building_conformal/outputs/matched_intervals005/bdg2_f2_s44_v2/stages/dscp_assignment_020544_021056/assignments.npy
 create mode 100644 smart_building_conformal/outputs/matched_intervals005/bdg2_f2_s44_v2/stages/dscp_assignment_020544_021056/stage.json
 create mode 100644 smart_building_conformal/outputs/matched_intervals005/bdg2_f2_s44_v2/stages/dscp_assignment_021056_021568/COMPLETE.json
 create mode 100644 smart_building_conformal/outputs/matched_intervals005/bdg2_f2_s44_v2/stages/dscp_assignment_021056_021568/assignments.npy
 create mode 100644 smart_building_conformal/outputs/matched_intervals005/bdg2_f2_s44_v2/stages/dscp_assignment_021056_021568/stage.json
 create mode 100644 smart_building_conformal/outputs/matched_intervals005/bdg2_f2_s44_v2/stages/dscp_assignment_021568_022080/COMPLETE.json
 create mode 100644 smart_building_conformal/outputs/matched_intervals005/bdg2_f2_s44_v2/stages/dscp_assignment_021568_022080/assignments.npy
 create mode 100644 smart_building_conformal/outputs/matched_intervals005/bdg2_f2_s44_v2/stages/dscp_assignment_021568_022080/stage.json
 create mode 100644 smart_building_conformal/outputs/matched_intervals005/bdg2_f2_s44_v2/stages/dscp_assignment_022080_022592/COMPLETE.json
 create mode 100644 smart_building_conformal/outputs/matched_intervals005/bdg2_f2_s44_v2/stages/dscp_assignment_022080_022592/assignments.npy
 create mode 100644 smart_building_conformal/outputs/matched_intervals005/bdg2_f2_s44_v2/stages/dscp_assignment_022080_022592/stage.json
 create mode 100644 smart_building_conformal/outputs/matched_intervals005/bdg2_f2_s44_v2/stages/dscp_assignment_022592_023104/COMPLETE.json
 create mode 100644 smart_building_conformal/outputs/matched_intervals005/bdg2_f2_s44_v2/stages/dscp_assignment_022592_023104/assignments.npy
 create mode 100644 smart_building_conformal/outputs/matched_intervals005/bdg2_f2_s44_v2/stages/dscp_assignment_022592_023104/stage.json
 create mode 100644 smart_building_conformal/outputs/matched_intervals005/bdg2_f2_s44_v2/stages/dscp_assignment_023104_023616/COMPLETE.json
 create mode 100644 smart_building_conformal/outputs/matched_intervals005/bdg2_f2_s44_v2/stages/dscp_assignment_023104_023616/assignments.npy
 create mode 100644 smart_building_conformal/outputs/matched_intervals005/bdg2_f2_s44_v2/stages/dscp_assignment_023104_023616/stage.json
 create mode 100644 smart_building_conformal/outputs/matched_intervals005/bdg2_f2_s44_v2/stages/dscp_assignment_023616_024128/COMPLETE.json
 create mode 100644 smart_building_conformal/outputs/matched_intervals005/bdg2_f2_s44_v2/stages/dscp_assignment_023616_024128/assignments.npy
 create mode 100644 smart_building_conformal/outputs/matched_intervals005/bdg2_f2_s44_v2/stages/dscp_assignment_023616_024128/stage.json
 create mode 100644 smart_building_conformal/outputs/matched_intervals005/bdg2_f2_s44_v2/stages/dscp_assignment_024128_024640/COMPLETE.json
 create mode 100644 smart_building_conformal/outputs/matched_intervals005/bdg2_f2_s44_v2/stages/dscp_assignment_024128_024640/assignments.npy
 create mode 100644 smart_building_conformal/outputs/matched_intervals005/bdg2_f2_s44_v2/stages/dscp_assignment_024128_024640/stage.json
 create mode 100644 smart_building_conformal/outputs/matched_intervals005/bdg2_f2_s44_v2/stages/dscp_assignment_024640_025152/COMPLETE.json
 create mode 100644 smart_building_conformal/outputs/matched_intervals005/bdg2_f2_s44_v2/stages/dscp_assignment_024640_025152/assignments.npy
 create mode 100644 smart_building_conformal/outputs/matched_intervals005/bdg2_f2_s44_v2/stages/dscp_assignment_024640_025152/stage.json
 create mode 100644 smart_building_conformal/outputs/matched_intervals005/bdg2_f2_s44_v2/stages/dscp_assignment_025152_025664/COMPLETE.json
 create mode 100644 smart_building_conformal/outputs/matched_intervals005/bdg2_f2_s44_v2/stages/dscp_assignment_025152_025664/assignments.npy
 create mode 100644 smart_building_conformal/outputs/matched_intervals005/bdg2_f2_s44_v2/stages/dscp_assignment_025152_025664/stage.json
 create mode 100644 smart_building_conformal/outputs/matched_intervals005/bdg2_f2_s44_v2/stages/dscp_assignment_025664_026176/COMPLETE.json
 create mode 100644 smart_building_conformal/outputs/matched_intervals005/bdg2_f2_s44_v2/stages/dscp_assignment_025664_026176/assignments.npy
 create mode 100644 smart_building_conformal/outputs/matched_intervals005/bdg2_f2_s44_v2/stages/dscp_assignment_025664_026176/stage.json
 create mode 100644 smart_building_conformal/outputs/matched_intervals005/bdg2_f2_s44_v2/stages/dscp_assignment_026176_026688/COMPLETE.json
 create mode 100644 smart_building_conformal/outputs/matched_intervals005/bdg2_f2_s44_v2/stages/dscp_assignment_026176_026688/assignments.npy
 create mode 100644 smart_building_conformal/outputs/matched_intervals005/bdg2_f2_s44_v2/stages/dscp_assignment_026176_026688/stage.json
 create mode 100644 smart_building_conformal/outputs/matched_intervals005/bdg2_f2_s44_v2/stages/dscp_assignment_026688_027200/COMPLETE.json
 create mode 100644 smart_building_conformal/outputs/matched_intervals005/bdg2_f2_s44_v2/stages/dscp_assignment_026688_027200/assignments.npy
 create mode 100644 smart_building_conformal/outputs/matched_intervals005/bdg2_f2_s44_v2/stages/dscp_assignment_026688_027200/stage.json
 create mode 100644 smart_building_conformal/outputs/matched_intervals005/bdg2_f2_s44_v2/stages/dscp_assignment_027200_027712/COMPLETE.json
 create mode 100644 smart_building_conformal/outputs/matched_intervals005/bdg2_f2_s44_v2/stages/dscp_assignment_027200_027712/assignments.npy
 create mode 100644 smart_building_conformal/outputs/matched_intervals005/bdg2_f2_s44_v2/stages/dscp_assignment_027200_027712/stage.json
 create mode 100644 smart_building_conformal/outputs/matched_intervals005/bdg2_f2_s44_v2/stages/dscp_assignment_027712_028224/COMPLETE.json
 create mode 100644 smart_building_conformal/outputs/matched_intervals005/bdg2_f2_s44_v2/stages/dscp_assignment_027712_028224/assignments.npy
 create mode 100644 smart_building_conformal/outputs/matched_intervals005/bdg2_f2_s44_v2/stages/dscp_assignment_027712_028224/stage.json
 create mode 100644 smart_building_conformal/outputs/matched_intervals005/bdg2_f2_s44_v2/stages/dscp_assignment_028224_028736/COMPLETE.json
 create mode 100644 smart_building_conformal/outputs/matched_intervals005/bdg2_f2_s44_v2/stages/dscp_assignment_028224_028736/assignments.npy
 create mode 100644 smart_building_conformal/outputs/matched_intervals005/bdg2_f2_s44_v2/stages/dscp_assignment_028224_028736/stage.json
 create mode 100644 smart_building_conformal/outputs/matched_intervals005/bdg2_f2_s44_v2/stages/dscp_assignment_028736_029248/COMPLETE.json
 create mode 100644 smart_building_conformal/outputs/matched_intervals005/bdg2_f2_s44_v2/stages/dscp_assignment_028736_029248/assignments.npy
 create mode 100644 smart_building_conformal/outputs/matched_intervals005/bdg2_f2_s44_v2/stages/dscp_assignment_028736_029248/stage.json
 create mode 100644 smart_building_conformal/outputs/matched_intervals005/bdg2_f2_s44_v2/stages/dscp_assignment_029248_029760/COMPLETE.json
 create mode 100644 smart_building_conformal/outputs/matched_intervals005/bdg2_f2_s44_v2/stages/dscp_assignment_029248_029760/assignments.npy
 create mode 100644 smart_building_conformal/outputs/matched_intervals005/bdg2_f2_s44_v2/stages/dscp_assignment_029248_029760/stage.json
 create mode 100644 smart_building_conformal/outputs/matched_intervals005/bdg2_f2_s44_v2/stages/dscp_assignment_029760_030272/COMPLETE.json
 create mode 100644 smart_building_conformal/outputs/matched_intervals005/bdg2_f2_s44_v2/stages/dscp_assignment_029760_030272/assignments.npy
 create mode 100644 smart_building_conformal/outputs/matched_intervals005/bdg2_f2_s44_v2/stages/dscp_assignment_029760_030272/stage.json
 create mode 100644 smart_building_conformal/outputs/matched_intervals005/bdg2_f2_s44_v2/stages/dscp_assignment_030272_030784/COMPLETE.json
 create mode 100644 smart_building_conformal/outputs/matched_intervals005/bdg2_f2_s44_v2/stages/dscp_assignment_030272_030784/assignments.npy
 create mode 100644 smart_building_conformal/outputs/matched_intervals005/bdg2_f2_s44_v2/stages/dscp_assignment_030272_030784/stage.json
 create mode 100644 smart_building_conformal/outputs/matched_intervals005/bdg2_f2_s44_v2/stages/dscp_assignment_030784_031296/COMPLETE.json
 create mode 100644 smart_building_conformal/outputs/matched_intervals005/bdg2_f2_s44_v2/stages/dscp_assignment_030784_031296/assignments.npy
 create mode 100644 smart_building_conformal/outputs/matched_intervals005/bdg2_f2_s44_v2/stages/dscp_assignment_030784_031296/stage.json
 create mode 100644 smart_building_conformal/outputs/matched_intervals005/bdg2_f2_s44_v2/stages/dscp_assignment_031296_031808/COMPLETE.json
 create mode 100644 smart_building_conformal/outputs/matched_intervals005/bdg2_f2_s44_v2/stages/dscp_assignment_031296_031808/assignments.npy
 create mode 100644 smart_building_conformal/outputs/matched_intervals005/bdg2_f2_s44_v2/stages/dscp_assignment_031296_031808/stage.json
 create mode 100644 smart_building_conformal/outputs/matched_intervals005/bdg2_f2_s44_v2/stages/dscp_assignment_031808_032320/COMPLETE.json
 create mode 100644 smart_building_conformal/outputs/matched_intervals005/bdg2_f2_s44_v2/stages/dscp_assignment_031808_032320/assignments.npy
 create mode 100644 smart_building_conformal/outputs/matched_intervals005/bdg2_f2_s44_v2/stages/dscp_assignment_031808_032320/stage.json
 create mode 100644 smart_building_conformal/outputs/matched_intervals005/bdg2_f2_s44_v2/stages/dscp_assignment_032320_032832/COMPLETE.json
 create mode 100644 smart_building_conformal/outputs/matched_intervals005/bdg2_f2_s44_v2/stages/dscp_assignment_032320_032832/assignments.npy
 create mode 100644 smart_building_conformal/outputs/matched_intervals005/bdg2_f2_s44_v2/stages/dscp_assignment_032320_032832/stage.json
 create mode 100644 smart_building_conformal/outputs/matched_intervals005/bdg2_f2_s44_v2/stages/dscp_assignment_032832_033344/COMPLETE.json
 create mode 100644 smart_building_conformal/outputs/matched_intervals005/bdg2_f2_s44_v2/stages/dscp_assignment_032832_033344/assignments.npy
 create mode 100644 smart_building_conformal/outputs/matched_intervals005/bdg2_f2_s44_v2/stages/dscp_assignment_032832_033344/stage.json
 create mode 100644 smart_building_conformal/outputs/matched_intervals005/bdg2_f2_s44_v2/stages/dscp_assignment_033344_033856/COMPLETE.json
 create mode 100644 smart_building_conformal/outputs/matched_intervals005/bdg2_f2_s44_v2/stages/dscp_assignment_033344_033856/assignments.npy
 create mode 100644 smart_building_conformal/outputs/matched_intervals005/bdg2_f2_s44_v2/stages/dscp_assignment_033344_033856/stage.json
 create mode 100644 smart_building_conformal/outputs/matched_intervals005/bdg2_f2_s44_v2/stages/dscp_assignment_033856_034368/COMPLETE.json
 create mode 100644 smart_building_conformal/outputs/matched_intervals005/bdg2_f2_s44_v2/stages/dscp_assignment_033856_034368/assignments.npy
 create mode 100644 smart_building_conformal/outputs/matched_intervals005/bdg2_f2_s44_v2/stages/dscp_assignment_033856_034368/stage.json
 create mode 100644 smart_building_conformal/outputs/matched_intervals005/bdg2_f2_s44_v2/stages/dscp_assignment_034368_034590/COMPLETE.json
 create mode 100644 smart_building_conformal/outputs/matched_intervals005/bdg2_f2_s44_v2/stages/dscp_assignment_034368_034590/assignments.npy
 create mode 100644 smart_building_conformal/outputs/matched_intervals005/bdg2_f2_s44_v2/stages/dscp_assignment_034368_034590/stage.json
 create mode 100644 smart_building_conformal/outputs/matched_intervals005/bdg2_f2_s44_v2/stages/dscp_fit/COMPLETE.json
 create mode 100644 smart_building_conformal/outputs/matched_intervals005/bdg2_f2_s44_v2/stages/dscp_fit/calibrator.pkl
 create mode 100644 smart_building_conformal/outputs/matched_intervals005/bdg2_f2_s44_v2/stages/dscp_fit/calibrator_metadata.json
 create mode 100644 smart_building_conformal/outputs/matched_intervals005/bdg2_f2_s44_v2/stages/dscp_fit/stage.json
 create mode 100644 smart_building_conformal/outputs/matched_intervals005/bdg2_f2_s44_v2/stages/dscp_joint/COMPLETE.json
 create mode 100644 smart_building_conformal/outputs/matched_intervals005/bdg2_f2_s44_v2/stages/dscp_joint/calibration_h1.csv.gz
 create mode 100644 smart_building_conformal/outputs/matched_intervals005/bdg2_f2_s44_v2/stages/dscp_joint/calibration_h3.csv.gz
 create mode 100644 smart_building_conformal/outputs/matched_intervals005/bdg2_f2_s44_v2/stages/dscp_joint/calibration_h6.csv.gz
 create mode 100644 smart_building_conformal/outputs/matched_intervals005/bdg2_f2_s44_v2/stages/dscp_joint/fit_h1.csv.gz
 create mode 100644 smart_building_conformal/outputs/matched_intervals005/bdg2_f2_s44_v2/stages/dscp_joint/fit_h3.csv.gz
 create mode 100644 smart_building_conformal/outputs/matched_intervals005/bdg2_f2_s44_v2/stages/dscp_joint/fit_h6.csv.gz
 create mode 100644 smart_building_conformal/outputs/matched_intervals005/bdg2_f2_s44_v2/stages/dscp_joint/stage.json
 create mode 100644 smart_building_conformal/outputs/matched_intervals005/bdg2_f2_s44_v2/stages/dscp_joint/test_h1.csv.gz
 create mode 100644 smart_building_conformal/outputs/matched_intervals005/bdg2_f2_s44_v2/stages/dscp_joint/test_h3.csv.gz
 create mode 100644 smart_building_conformal/outputs/matched_intervals005/bdg2_f2_s44_v2/stages/dscp_joint/test_h6.csv.gz
 create mode 100644 smart_building_conformal/outputs/matched_intervals005/bdg2_f2_s44_v2/stages/historical_h1/COMPLETE.json
 create mode 100644 smart_building_conformal/outputs/matched_intervals005/bdg2_f2_s44_v2/stages/historical_h1/calibration.csv.gz
 create mode 100644 smart_building_conformal/outputs/matched_intervals005/bdg2_f2_s44_v2/stages/historical_h1/fit.csv.gz
 create mode 100644 smart_building_conformal/outputs/matched_intervals005/bdg2_f2_s44_v2/stages/historical_h1/reload_checks.csv
 create mode 100644 smart_building_conformal/outputs/matched_intervals005/bdg2_f2_s44_v2/stages/historical_h1/stage.json
 create mode 100644 smart_building_conformal/outputs/matched_intervals005/bdg2_f2_s44_v2/stages/historical_h1/test.csv.gz
 create mode 100644 smart_building_conformal/outputs/matched_intervals005/bdg2_f2_s44_v2/stages/historical_h3/COMPLETE.json
 create mode 100644 smart_building_conformal/outputs/matched_intervals005/bdg2_f2_s44_v2/stages/historical_h3/calibration.csv.gz
 create mode 100644 smart_building_conformal/outputs/matched_intervals005/bdg2_f2_s44_v2/stages/historical_h3/fit.csv.gz
 create mode 100644 smart_building_conformal/outputs/matched_intervals005/bdg2_f2_s44_v2/stages/historical_h3/reload_checks.csv
 create mode 100644 smart_building_conformal/outputs/matched_intervals005/bdg2_f2_s44_v2/stages/historical_h3/stage.json
 create mode 100644 smart_building_conformal/outputs/matched_intervals005/bdg2_f2_s44_v2/stages/historical_h3/test.csv.gz
 create mode 100644 smart_building_conformal/outputs/matched_intervals005/bdg2_f2_s44_v2/stages/historical_h6/COMPLETE.json
 create mode 100644 smart_building_conformal/outputs/matched_intervals005/bdg2_f2_s44_v2/stages/historical_h6/calibration.csv.gz
 create mode 100644 smart_building_conformal/outputs/matched_intervals005/bdg2_f2_s44_v2/stages/historical_h6/fit.csv.gz
 create mode 100644 smart_building_conformal/outputs/matched_intervals005/bdg2_f2_s44_v2/stages/historical_h6/reload_checks.csv
 create mode 100644 smart_building_conformal/outputs/matched_intervals005/bdg2_f2_s44_v2/stages/historical_h6/stage.json
 create mode 100644 smart_building_conformal/outputs/matched_intervals005/bdg2_f2_s44_v2/stages/historical_h6/test.csv.gz
 create mode 100644 smart_building_conformal/outputs/matched_intervals005/bdg2_f2_s44_v2/stages/owner_cal_h1_cqr_l90/COMPLETE.json
 create mode 100644 smart_building_conformal/outputs/matched_intervals005/bdg2_f2_s44_v2/stages/owner_cal_h1_cqr_l90/native_conformity_scores.npy
 create mode 100644 smart_building_conformal/outputs/matched_intervals005/bdg2_f2_s44_v2/stages/owner_cal_h1_cqr_l90/operation_counts.json
 create mode 100644 smart_building_conformal/outputs/matched_intervals005/bdg2_f2_s44_v2/stages/owner_cal_h1_cqr_l90/owner.pkl
 create mode 100644 smart_building_conformal/outputs/matched_intervals005/bdg2_f2_s44_v2/stages/owner_cal_h1_cqr_l90/stage.json
 create mode 100644 smart_building_conformal/outputs/matched_intervals005/bdg2_f2_s44_v2/stages/owner_cal_h1_cqr_l95/COMPLETE.json
 create mode 100644 smart_building_conformal/outputs/matched_intervals005/bdg2_f2_s44_v2/stages/owner_cal_h1_cqr_l95/native_conformity_scores.npy
 create mode 100644 smart_building_conformal/outputs/matched_intervals005/bdg2_f2_s44_v2/stages/owner_cal_h1_cqr_l95/operation_counts.json
 create mode 100644 smart_building_conformal/outputs/matched_intervals005/bdg2_f2_s44_v2/stages/owner_cal_h1_cqr_l95/owner.pkl
 create mode 100644 smart_building_conformal/outputs/matched_intervals005/bdg2_f2_s44_v2/stages/owner_cal_h1_cqr_l95/stage.json
 create mode 100644 smart_building_conformal/outputs/matched_intervals005/bdg2_f2_s44_v2/stages/owner_cal_h1_enbpi/COMPLETE.json
 create mode 100644 smart_building_conformal/outputs/matched_intervals005/bdg2_f2_s44_v2/stages/owner_cal_h1_enbpi/native_conformity_scores.npy
 create mode 100644 smart_building_conformal/outputs/matched_intervals005/bdg2_f2_s44_v2/stages/owner_cal_h1_enbpi/operation_counts.json
 create mode 100644 smart_building_conformal/outputs/matched_intervals005/bdg2_f2_s44_v2/stages/owner_cal_h1_enbpi/owner.pkl
 create mode 100644 smart_building_conformal/outputs/matched_intervals005/bdg2_f2_s44_v2/stages/owner_cal_h1_enbpi/stage.json
 create mode 100644 smart_building_conformal/outputs/matched_intervals005/bdg2_f2_s44_v2/stages/owner_cal_h3_cqr_l90/COMPLETE.json
 create mode 100644 smart_building_conformal/outputs/matched_intervals005/bdg2_f2_s44_v2/stages/owner_cal_h3_cqr_l90/native_conformity_scores.npy
 create mode 100644 smart_building_conformal/outputs/matched_intervals005/bdg2_f2_s44_v2/stages/owner_cal_h3_cqr_l90/operation_counts.json
 create mode 100644 smart_building_conformal/outputs/matched_intervals005/bdg2_f2_s44_v2/stages/owner_cal_h3_cqr_l90/owner.pkl
 create mode 100644 smart_building_conformal/outputs/matched_intervals005/bdg2_f2_s44_v2/stages/owner_cal_h3_cqr_l90/stage.json
 create mode 100644 smart_building_conformal/outputs/matched_intervals005/bdg2_f2_s44_v2/stages/owner_cal_h3_cqr_l95/COMPLETE.json
 create mode 100644 smart_building_conformal/outputs/matched_intervals005/bdg2_f2_s44_v2/stages/owner_cal_h3_cqr_l95/native_conformity_scores.npy
 create mode 100644 smart_building_conformal/outputs/matched_intervals005/bdg2_f2_s44_v2/stages/owner_cal_h3_cqr_l95/operation_counts.json
 create mode 100644 smart_building_conformal/outputs/matched_intervals005/bdg2_f2_s44_v2/stages/owner_cal_h3_cqr_l95/owner.pkl
 create mode 100644 smart_building_conformal/outputs/matched_intervals005/bdg2_f2_s44_v2/stages/owner_cal_h3_cqr_l95/stage.json
 create mode 100644 smart_building_conformal/outputs/matched_intervals005/bdg2_f2_s44_v2/stages/owner_cal_h3_enbpi/COMPLETE.json
 create mode 100644 smart_building_conformal/outputs/matched_intervals005/bdg2_f2_s44_v2/stages/owner_cal_h3_enbpi/native_conformity_scores.npy
 create mode 100644 smart_building_conformal/outputs/matched_intervals005/bdg2_f2_s44_v2/stages/owner_cal_h3_enbpi/operation_counts.json
 create mode 100644 smart_building_conformal/outputs/matched_intervals005/bdg2_f2_s44_v2/stages/owner_cal_h3_enbpi/owner.pkl
 create mode 100644 smart_building_conformal/outputs/matched_intervals005/bdg2_f2_s44_v2/stages/owner_cal_h3_enbpi/stage.json
 create mode 100644 smart_building_conformal/outputs/matched_intervals005/bdg2_f2_s44_v2/stages/owner_cal_h6_cqr_l90/COMPLETE.json
 create mode 100644 smart_building_conformal/outputs/matched_intervals005/bdg2_f2_s44_v2/stages/owner_cal_h6_cqr_l90/native_conformity_scores.npy
 create mode 100644 smart_building_conformal/outputs/matched_intervals005/bdg2_f2_s44_v2/stages/owner_cal_h6_cqr_l90/operation_counts.json
 create mode 100644 smart_building_conformal/outputs/matched_intervals005/bdg2_f2_s44_v2/stages/owner_cal_h6_cqr_l90/owner.pkl
 create mode 100644 smart_building_conformal/outputs/matched_intervals005/bdg2_f2_s44_v2/stages/owner_cal_h6_cqr_l90/stage.json
 create mode 100644 smart_building_conformal/outputs/matched_intervals005/bdg2_f2_s44_v2/stages/owner_cal_h6_cqr_l95/COMPLETE.json
 create mode 100644 smart_building_conformal/outputs/matched_intervals005/bdg2_f2_s44_v2/stages/owner_cal_h6_cqr_l95/native_conformity_scores.npy
 create mode 100644 smart_building_conformal/outputs/matched_intervals005/bdg2_f2_s44_v2/stages/owner_cal_h6_cqr_l95/operation_counts.json
 create mode 100644 smart_building_conformal/outputs/matched_intervals005/bdg2_f2_s44_v2/stages/owner_cal_h6_cqr_l95/owner.pkl
 create mode 100644 smart_building_conformal/outputs/matched_intervals005/bdg2_f2_s44_v2/stages/owner_cal_h6_cqr_l95/stage.json
 create mode 100644 smart_building_conformal/outputs/matched_intervals005/bdg2_f2_s44_v2/stages/owner_cal_h6_enbpi/COMPLETE.json
 create mode 100644 smart_building_conformal/outputs/matched_intervals005/bdg2_f2_s44_v2/stages/owner_cal_h6_enbpi/native_conformity_scores.npy
 create mode 100644 smart_building_conformal/outputs/matched_intervals005/bdg2_f2_s44_v2/stages/owner_cal_h6_enbpi/operation_counts.json
 create mode 100644 smart_building_conformal/outputs/matched_intervals005/bdg2_f2_s44_v2/stages/owner_cal_h6_enbpi/owner.pkl
 create mode 100644 smart_building_conformal/outputs/matched_intervals005/bdg2_f2_s44_v2/stages/owner_cal_h6_enbpi/stage.json
 create mode 100644 smart_building_conformal/outputs/matched_intervals005/bdg2_f2_s44_v2/stages/owner_fit_h1_cqr_l90/COMPLETE.json
 create mode 100644 smart_building_conformal/outputs/matched_intervals005/bdg2_f2_s44_v2/stages/owner_fit_h1_cqr_l90/operation_counts.json
 create mode 100644 smart_building_conformal/outputs/matched_intervals005/bdg2_f2_s44_v2/stages/owner_fit_h1_cqr_l90/owner.pkl
 create mode 100644 smart_building_conformal/outputs/matched_intervals005/bdg2_f2_s44_v2/stages/owner_fit_h1_cqr_l90/stage.json
 create mode 100644 smart_building_conformal/outputs/matched_intervals005/bdg2_f2_s44_v2/stages/owner_fit_h1_cqr_l95/COMPLETE.json
 create mode 100644 smart_building_conformal/outputs/matched_intervals005/bdg2_f2_s44_v2/stages/owner_fit_h1_cqr_l95/operation_counts.json
 create mode 100644 smart_building_conformal/outputs/matched_intervals005/bdg2_f2_s44_v2/stages/owner_fit_h1_cqr_l95/owner.pkl
 create mode 100644 smart_building_conformal/outputs/matched_intervals005/bdg2_f2_s44_v2/stages/owner_fit_h1_cqr_l95/stage.json
 create mode 100644 smart_building_conformal/outputs/matched_intervals005/bdg2_f2_s44_v2/stages/owner_fit_h1_enbpi/COMPLETE.json
 create mode 100644 smart_building_conformal/outputs/matched_intervals005/bdg2_f2_s44_v2/stages/owner_fit_h1_enbpi/operation_counts.json
 create mode 100644 smart_building_conformal/outputs/matched_intervals005/bdg2_f2_s44_v2/stages/owner_fit_h1_enbpi/owner.pkl
 create mode 100644 smart_building_conformal/outputs/matched_intervals005/bdg2_f2_s44_v2/stages/owner_fit_h1_enbpi/stage.json
 create mode 100644 smart_building_conformal/outputs/matched_intervals005/bdg2_f2_s44_v2/stages/owner_fit_h3_cqr_l90/COMPLETE.json
 create mode 100644 smart_building_conformal/outputs/matched_intervals005/bdg2_f2_s44_v2/stages/owner_fit_h3_cqr_l90/operation_counts.json
 create mode 100644 smart_building_conformal/outputs/matched_intervals005/bdg2_f2_s44_v2/stages/owner_fit_h3_cqr_l90/owner.pkl
 create mode 100644 smart_building_conformal/outputs/matched_intervals005/bdg2_f2_s44_v2/stages/owner_fit_h3_cqr_l90/stage.json
 create mode 100644 smart_building_conformal/outputs/matched_intervals005/bdg2_f2_s44_v2/stages/owner_fit_h3_cqr_l95/COMPLETE.json
 create mode 100644 smart_building_conformal/outputs/matched_intervals005/bdg2_f2_s44_v2/stages/owner_fit_h3_cqr_l95/operation_counts.json
 create mode 100644 smart_building_conformal/outputs/matched_intervals005/bdg2_f2_s44_v2/stages/owner_fit_h3_cqr_l95/owner.pkl
 create mode 100644 smart_building_conformal/outputs/matched_intervals005/bdg2_f2_s44_v2/stages/owner_fit_h3_cqr_l95/stage.json
 create mode 100644 smart_building_conformal/outputs/matched_intervals005/bdg2_f2_s44_v2/stages/owner_fit_h3_enbpi/COMPLETE.json
 create mode 100644 smart_building_conformal/outputs/matched_intervals005/bdg2_f2_s44_v2/stages/owner_fit_h3_enbpi/operation_counts.json
 create mode 100644 smart_building_conformal/outputs/matched_intervals005/bdg2_f2_s44_v2/stages/owner_fit_h3_enbpi/owner.pkl
 create mode 100644 smart_building_conformal/outputs/matched_intervals005/bdg2_f2_s44_v2/stages/owner_fit_h3_enbpi/stage.json
 create mode 100644 smart_building_conformal/outputs/matched_intervals005/bdg2_f2_s44_v2/stages/owner_fit_h6_cqr_l90/COMPLETE.json
 create mode 100644 smart_building_conformal/outputs/matched_intervals005/bdg2_f2_s44_v2/stages/owner_fit_h6_cqr_l90/operation_counts.json
 create mode 100644 smart_building_conformal/outputs/matched_intervals005/bdg2_f2_s44_v2/stages/owner_fit_h6_cqr_l90/owner.pkl
 create mode 100644 smart_building_conformal/outputs/matched_intervals005/bdg2_f2_s44_v2/stages/owner_fit_h6_cqr_l90/stage.json
 create mode 100644 smart_building_conformal/outputs/matched_intervals005/bdg2_f2_s44_v2/stages/owner_fit_h6_cqr_l95/COMPLETE.json
 create mode 100644 smart_building_conformal/outputs/matched_intervals005/bdg2_f2_s44_v2/stages/owner_fit_h6_cqr_l95/operation_counts.json
 create mode 100644 smart_building_conformal/outputs/matched_intervals005/bdg2_f2_s44_v2/stages/owner_fit_h6_cqr_l95/owner.pkl
 create mode 100644 smart_building_conformal/outputs/matched_intervals005/bdg2_f2_s44_v2/stages/owner_fit_h6_cqr_l95/stage.json
 create mode 100644 smart_building_conformal/outputs/matched_intervals005/bdg2_f2_s44_v2/stages/owner_fit_h6_enbpi/COMPLETE.json
 create mode 100644 smart_building_conformal/outputs/matched_intervals005/bdg2_f2_s44_v2/stages/owner_fit_h6_enbpi/operation_counts.json
 create mode 100644 smart_building_conformal/outputs/matched_intervals005/bdg2_f2_s44_v2/stages/owner_fit_h6_enbpi/owner.pkl
 create mode 100644 smart_building_conformal/outputs/matched_intervals005/bdg2_f2_s44_v2/stages/owner_fit_h6_enbpi/stage.json
 create mode 100644 smart_building_conformal/outputs/matched_intervals005/bdg2_f2_s44_v2/stages/preparation_h1/COMPLETE.json
 create mode 100644 smart_building_conformal/outputs/matched_intervals005/bdg2_f2_s44_v2/stages/preparation_h1/stage.json
 create mode 100644 smart_building_conformal/outputs/matched_intervals005/bdg2_f2_s44_v2/stages/preparation_h3/COMPLETE.json
 create mode 100644 smart_building_conformal/outputs/matched_intervals005/bdg2_f2_s44_v2/stages/preparation_h3/stage.json
 create mode 100644 smart_building_conformal/outputs/matched_intervals005/bdg2_f2_s44_v2/stages/preparation_h6/COMPLETE.json
 create mode 100644 smart_building_conformal/outputs/matched_intervals005/bdg2_f2_s44_v2/stages/preparation_h6/stage.json
 create mode 100644 smart_building_conformal/outputs/matched_intervals005/bdg2_f2_s44_v2/stages/raw_h1_cqr_l90/COMPLETE.json
 create mode 100644 smart_building_conformal/outputs/matched_intervals005/bdg2_f2_s44_v2/stages/raw_h1_cqr_l90/calibration_90.csv.gz
 create mode 100644 smart_building_conformal/outputs/matched_intervals005/bdg2_f2_s44_v2/stages/raw_h1_cqr_l90/calibration_metadata.csv.gz
 create mode 100644 smart_building_conformal/outputs/matched_intervals005/bdg2_f2_s44_v2/stages/raw_h1_cqr_l90/stage.json
 create mode 100644 smart_building_conformal/outputs/matched_intervals005/bdg2_f2_s44_v2/stages/raw_h1_cqr_l90/test_90.csv.gz
 create mode 100644 smart_building_conformal/outputs/matched_intervals005/bdg2_f2_s44_v2/stages/raw_h1_cqr_l90/test_metadata.csv.gz
 create mode 100644 smart_building_conformal/outputs/matched_intervals005/bdg2_f2_s44_v2/stages/raw_h1_cqr_l95/COMPLETE.json
 create mode 100644 smart_building_conformal/outputs/matched_intervals005/bdg2_f2_s44_v2/stages/raw_h1_cqr_l95/calibration_95.csv.gz
 create mode 100644 smart_building_conformal/outputs/matched_intervals005/bdg2_f2_s44_v2/stages/raw_h1_cqr_l95/calibration_metadata.csv.gz
 create mode 100644 smart_building_conformal/outputs/matched_intervals005/bdg2_f2_s44_v2/stages/raw_h1_cqr_l95/stage.json
 create mode 100644 smart_building_conformal/outputs/matched_intervals005/bdg2_f2_s44_v2/stages/raw_h1_cqr_l95/test_95.csv.gz
 create mode 100644 smart_building_conformal/outputs/matched_intervals005/bdg2_f2_s44_v2/stages/raw_h1_cqr_l95/test_metadata.csv.gz
 create mode 100644 smart_building_conformal/outputs/matched_intervals005/bdg2_f2_s44_v2/stages/raw_h1_enbpi/COMPLETE.json
 create mode 100644 smart_building_conformal/outputs/matched_intervals005/bdg2_f2_s44_v2/stages/raw_h1_enbpi/calibration_90.csv.gz
 create mode 100644 smart_building_conformal/outputs/matched_intervals005/bdg2_f2_s44_v2/stages/raw_h1_enbpi/calibration_95.csv.gz
 create mode 100644 smart_building_conformal/outputs/matched_intervals005/bdg2_f2_s44_v2/stages/raw_h1_enbpi/calibration_metadata.csv.gz
 create mode 100644 smart_building_conformal/outputs/matched_intervals005/bdg2_f2_s44_v2/stages/raw_h1_enbpi/stage.json
 create mode 100644 smart_building_conformal/outputs/matched_intervals005/bdg2_f2_s44_v2/stages/raw_h1_enbpi/test_90.csv.gz
 create mode 100644 smart_building_conformal/outputs/matched_intervals005/bdg2_f2_s44_v2/stages/raw_h1_enbpi/test_95.csv.gz
 create mode 100644 smart_building_conformal/outputs/matched_intervals005/bdg2_f2_s44_v2/stages/raw_h1_enbpi/test_metadata.csv.gz
 create mode 100644 smart_building_conformal/outputs/matched_intervals005/bdg2_f2_s44_v2/stages/raw_h3_cqr_l90/COMPLETE.json
 create mode 100644 smart_building_conformal/outputs/matched_intervals005/bdg2_f2_s44_v2/stages/raw_h3_cqr_l90/calibration_90.csv.gz
 create mode 100644 smart_building_conformal/outputs/matched_intervals005/bdg2_f2_s44_v2/stages/raw_h3_cqr_l90/calibration_metadata.csv.gz
 create mode 100644 smart_building_conformal/outputs/matched_intervals005/bdg2_f2_s44_v2/stages/raw_h3_cqr_l90/stage.json
 create mode 100644 smart_building_conformal/outputs/matched_intervals005/bdg2_f2_s44_v2/stages/raw_h3_cqr_l90/test_90.csv.gz
 create mode 100644 smart_building_conformal/outputs/matched_intervals005/bdg2_f2_s44_v2/stages/raw_h3_cqr_l90/test_metadata.csv.gz
 create mode 100644 smart_building_conformal/outputs/matched_intervals005/bdg2_f2_s44_v2/stages/raw_h3_cqr_l95/COMPLETE.json
 create mode 100644 smart_building_conformal/outputs/matched_intervals005/bdg2_f2_s44_v2/stages/raw_h3_cqr_l95/calibration_95.csv.gz
 create mode 100644 smart_building_conformal/outputs/matched_intervals005/bdg2_f2_s44_v2/stages/raw_h3_cqr_l95/calibration_metadata.csv.gz
 create mode 100644 smart_building_conformal/outputs/matched_intervals005/bdg2_f2_s44_v2/stages/raw_h3_cqr_l95/stage.json
 create mode 100644 smart_building_conformal/outputs/matched_intervals005/bdg2_f2_s44_v2/stages/raw_h3_cqr_l95/test_95.csv.gz
 create mode 100644 smart_building_conformal/outputs/matched_intervals005/bdg2_f2_s44_v2/stages/raw_h3_cqr_l95/test_metadata.csv.gz
 create mode 100644 smart_building_conformal/outputs/matched_intervals005/bdg2_f2_s44_v2/stages/raw_h3_enbpi/COMPLETE.json
 create mode 100644 smart_building_conformal/outputs/matched_intervals005/bdg2_f2_s44_v2/stages/raw_h3_enbpi/calibration_90.csv.gz
 create mode 100644 smart_building_conformal/outputs/matched_intervals005/bdg2_f2_s44_v2/stages/raw_h3_enbpi/calibration_95.csv.gz
 create mode 100644 smart_building_conformal/outputs/matched_intervals005/bdg2_f2_s44_v2/stages/raw_h3_enbpi/calibration_metadata.csv.gz
 create mode 100644 smart_building_conformal/outputs/matched_intervals005/bdg2_f2_s44_v2/stages/raw_h3_enbpi/stage.json
 create mode 100644 smart_building_conformal/outputs/matched_intervals005/bdg2_f2_s44_v2/stages/raw_h3_enbpi/test_90.csv.gz
 create mode 100644 smart_building_conformal/outputs/matched_intervals005/bdg2_f2_s44_v2/stages/raw_h3_enbpi/test_95.csv.gz
 create mode 100644 smart_building_conformal/outputs/matched_intervals005/bdg2_f2_s44_v2/stages/raw_h3_enbpi/test_metadata.csv.gz
 create mode 100644 smart_building_conformal/outputs/matched_intervals005/bdg2_f2_s44_v2/stages/raw_h6_cqr_l90/COMPLETE.json
 create mode 100644 smart_building_conformal/outputs/matched_intervals005/bdg2_f2_s44_v2/stages/raw_h6_cqr_l90/calibration_90.csv.gz
 create mode 100644 smart_building_conformal/outputs/matched_intervals005/bdg2_f2_s44_v2/stages/raw_h6_cqr_l90/calibration_metadata.csv.gz
 create mode 100644 smart_building_conformal/outputs/matched_intervals005/bdg2_f2_s44_v2/stages/raw_h6_cqr_l90/stage.json
 create mode 100644 smart_building_conformal/outputs/matched_intervals005/bdg2_f2_s44_v2/stages/raw_h6_cqr_l90/test_90.csv.gz
 create mode 100644 smart_building_conformal/outputs/matched_intervals005/bdg2_f2_s44_v2/stages/raw_h6_cqr_l90/test_metadata.csv.gz
 create mode 100644 smart_building_conformal/outputs/matched_intervals005/bdg2_f2_s44_v2/stages/raw_h6_cqr_l95/COMPLETE.json
 create mode 100644 smart_building_conformal/outputs/matched_intervals005/bdg2_f2_s44_v2/stages/raw_h6_cqr_l95/calibration_95.csv.gz
 create mode 100644 smart_building_conformal/outputs/matched_intervals005/bdg2_f2_s44_v2/stages/raw_h6_cqr_l95/calibration_metadata.csv.gz
 create mode 100644 smart_building_conformal/outputs/matched_intervals005/bdg2_f2_s44_v2/stages/raw_h6_cqr_l95/stage.json
 create mode 100644 smart_building_conformal/outputs/matched_intervals005/bdg2_f2_s44_v2/stages/raw_h6_cqr_l95/test_95.csv.gz
 create mode 100644 smart_building_conformal/outputs/matched_intervals005/bdg2_f2_s44_v2/stages/raw_h6_cqr_l95/test_metadata.csv.gz
 create mode 100644 smart_building_conformal/outputs/matched_intervals005/bdg2_f2_s44_v2/stages/raw_h6_enbpi/COMPLETE.json
 create mode 100644 smart_building_conformal/outputs/matched_intervals005/bdg2_f2_s44_v2/stages/raw_h6_enbpi/calibration_90.csv.gz
 create mode 100644 smart_building_conformal/outputs/matched_intervals005/bdg2_f2_s44_v2/stages/raw_h6_enbpi/calibration_95.csv.gz
 create mode 100644 smart_building_conformal/outputs/matched_intervals005/bdg2_f2_s44_v2/stages/raw_h6_enbpi/calibration_metadata.csv.gz
 create mode 100644 smart_building_conformal/outputs/matched_intervals005/bdg2_f2_s44_v2/stages/raw_h6_enbpi/stage.json
 create mode 100644 smart_building_conformal/outputs/matched_intervals005/bdg2_f2_s44_v2/stages/raw_h6_enbpi/test_90.csv.gz
 create mode 100644 smart_building_conformal/outputs/matched_intervals005/bdg2_f2_s44_v2/stages/raw_h6_enbpi/test_95.csv.gz
 create mode 100644 smart_building_conformal/outputs/matched_intervals005/bdg2_f2_s44_v2/stages/raw_h6_enbpi/test_metadata.csv.gz
 create mode 100644 smart_building_conformal/outputs/matched_intervals005/bdg2_f2_s44_v2/stages/seasonal_h1/COMPLETE.json
 create mode 100644 smart_building_conformal/outputs/matched_intervals005/bdg2_f2_s44_v2/stages/seasonal_h1/alias.json
 create mode 100644 smart_building_conformal/outputs/matched_intervals005/bdg2_f2_s44_v2/stages/seasonal_h1/calibration.csv.gz
 create mode 100644 smart_building_conformal/outputs/matched_intervals005/bdg2_f2_s44_v2/stages/seasonal_h1/calibration.json
 create mode 100644 smart_building_conformal/outputs/matched_intervals005/bdg2_f2_s44_v2/stages/seasonal_h1/interval_90.csv.gz
 create mode 100644 smart_building_conformal/outputs/matched_intervals005/bdg2_f2_s44_v2/stages/seasonal_h1/interval_95.csv.gz
 create mode 100644 smart_building_conformal/outputs/matched_intervals005/bdg2_f2_s44_v2/stages/seasonal_h1/point.json
 create mode 100644 smart_building_conformal/outputs/matched_intervals005/bdg2_f2_s44_v2/stages/seasonal_h1/stage.json
 create mode 100644 smart_building_conformal/outputs/matched_intervals005/bdg2_f2_s44_v2/stages/seasonal_h3/COMPLETE.json
 create mode 100644 smart_building_conformal/outputs/matched_intervals005/bdg2_f2_s44_v2/stages/seasonal_h3/alias.json
 create mode 100644 smart_building_conformal/outputs/matched_intervals005/bdg2_f2_s44_v2/stages/seasonal_h3/calibration.csv.gz
 create mode 100644 smart_building_conformal/outputs/matched_intervals005/bdg2_f2_s44_v2/stages/seasonal_h3/calibration.json
 create mode 100644 smart_building_conformal/outputs/matched_intervals005/bdg2_f2_s44_v2/stages/seasonal_h3/interval_90.csv.gz
 create mode 100644 smart_building_conformal/outputs/matched_intervals005/bdg2_f2_s44_v2/stages/seasonal_h3/interval_95.csv.gz
 create mode 100644 smart_building_conformal/outputs/matched_intervals005/bdg2_f2_s44_v2/stages/seasonal_h3/point.json
 create mode 100644 smart_building_conformal/outputs/matched_intervals005/bdg2_f2_s44_v2/stages/seasonal_h3/stage.json
 create mode 100644 smart_building_conformal/outputs/matched_intervals005/bdg2_f2_s44_v2/stages/seasonal_h6/COMPLETE.json
 create mode 100644 smart_building_conformal/outputs/matched_intervals005/bdg2_f2_s44_v2/stages/seasonal_h6/alias.json
 create mode 100644 smart_building_conformal/outputs/matched_intervals005/bdg2_f2_s44_v2/stages/seasonal_h6/calibration.csv.gz
 create mode 100644 smart_building_conformal/outputs/matched_intervals005/bdg2_f2_s44_v2/stages/seasonal_h6/calibration.json
 create mode 100644 smart_building_conformal/outputs/matched_intervals005/bdg2_f2_s44_v2/stages/seasonal_h6/interval_90.csv.gz
 create mode 100644 smart_building_conformal/outputs/matched_intervals005/bdg2_f2_s44_v2/stages/seasonal_h6/interval_95.csv.gz
 create mode 100644 smart_building_conformal/outputs/matched_intervals005/bdg2_f2_s44_v2/stages/seasonal_h6/point.json
 create mode 100644 smart_building_conformal/outputs/matched_intervals005/bdg2_f2_s44_v2/stages/seasonal_h6/stage.json
 create mode 100644 smart_building_conformal/outputs/matched_intervals005/bdg2_f2_s44_v2/stages/stream_h1_l90_cqr/COMPLETE.json
 create mode 100644 smart_building_conformal/outputs/matched_intervals005/bdg2_f2_s44_v2/stages/stream_h1_l90_cqr/background_workload.csv
 create mode 100644 smart_building_conformal/outputs/matched_intervals005/bdg2_f2_s44_v2/stages/stream_h1_l90_cqr/consumed.csv.gz
 create mode 100644 smart_building_conformal/outputs/matched_intervals005/bdg2_f2_s44_v2/stages/stream_h1_l90_cqr/episodes.csv.gz
 create mode 100644 smart_building_conformal/outputs/matched_intervals005/bdg2_f2_s44_v2/stages/stream_h1_l90_cqr/issued.csv.gz
 create mode 100644 smart_building_conformal/outputs/matched_intervals005/bdg2_f2_s44_v2/stages/stream_h1_l90_cqr/released_scores.csv.gz
 create mode 100644 smart_building_conformal/outputs/matched_intervals005/bdg2_f2_s44_v2/stages/stream_h1_l90_cqr/stage.json
 create mode 100644 smart_building_conformal/outputs/matched_intervals005/bdg2_f2_s44_v2/stages/stream_h1_l90_cqr/stream_identity.json
 create mode 100644 smart_building_conformal/outputs/matched_intervals005/bdg2_f2_s44_v2/stages/stream_h1_l90_cqr/updates.csv.gz
 create mode 100644 smart_building_conformal/outputs/matched_intervals005/bdg2_f2_s44_v2/stages/stream_h1_l90_dscp/COMPLETE.json
 create mode 100644 smart_building_conformal/outputs/matched_intervals005/bdg2_f2_s44_v2/stages/stream_h1_l90_dscp/background_workload.csv
 create mode 100644 smart_building_conformal/outputs/matched_intervals005/bdg2_f2_s44_v2/stages/stream_h1_l90_dscp/consumed.csv.gz
 create mode 100644 smart_building_conformal/outputs/matched_intervals005/bdg2_f2_s44_v2/stages/stream_h1_l90_dscp/episodes.csv.gz
 create mode 100644 smart_building_conformal/outputs/matched_intervals005/bdg2_f2_s44_v2/stages/stream_h1_l90_dscp/issued.csv.gz
 create mode 100644 smart_building_conformal/outputs/matched_intervals005/bdg2_f2_s44_v2/stages/stream_h1_l90_dscp/released_scores.csv.gz
 create mode 100644 smart_building_conformal/outputs/matched_intervals005/bdg2_f2_s44_v2/stages/stream_h1_l90_dscp/stage.json
 create mode 100644 smart_building_conformal/outputs/matched_intervals005/bdg2_f2_s44_v2/stages/stream_h1_l90_dscp/stream_identity.json
 create mode 100644 smart_building_conformal/outputs/matched_intervals005/bdg2_f2_s44_v2/stages/stream_h1_l90_dscp/updates.csv.gz
 create mode 100644 smart_building_conformal/outputs/matched_intervals005/bdg2_f2_s44_v2/stages/stream_h1_l90_quantile_uncalibrated/COMPLETE.json
 create mode 100644 smart_building_conformal/outputs/matched_intervals005/bdg2_f2_s44_v2/stages/stream_h1_l90_quantile_uncalibrated/background_workload.csv
 create mode 100644 smart_building_conformal/outputs/matched_intervals005/bdg2_f2_s44_v2/stages/stream_h1_l90_quantile_uncalibrated/consumed.csv.gz
 create mode 100644 smart_building_conformal/outputs/matched_intervals005/bdg2_f2_s44_v2/stages/stream_h1_l90_quantile_uncalibrated/episodes.csv.gz
 create mode 100644 smart_building_conformal/outputs/matched_intervals005/bdg2_f2_s44_v2/stages/stream_h1_l90_quantile_uncalibrated/issued.csv.gz
 create mode 100644 smart_building_conformal/outputs/matched_intervals005/bdg2_f2_s44_v2/stages/stream_h1_l90_quantile_uncalibrated/released_scores.csv.gz
 create mode 100644 smart_building_conformal/outputs/matched_intervals005/bdg2_f2_s44_v2/stages/stream_h1_l90_quantile_uncalibrated/stage.json
 create mode 100644 smart_building_conformal/outputs/matched_intervals005/bdg2_f2_s44_v2/stages/stream_h1_l90_quantile_uncalibrated/stream_identity.json
 create mode 100644 smart_building_conformal/outputs/matched_intervals005/bdg2_f2_s44_v2/stages/stream_h1_l90_quantile_uncalibrated/updates.csv.gz
 create mode 100644 smart_building_conformal/outputs/matched_intervals005/bdg2_f2_s44_v2/stages/stream_h1_l90_recentred_enbpi_static/COMPLETE.json
 create mode 100644 smart_building_conformal/outputs/matched_intervals005/bdg2_f2_s44_v2/stages/stream_h1_l90_recentred_enbpi_static/background_workload.csv
 create mode 100644 smart_building_conformal/outputs/matched_intervals005/bdg2_f2_s44_v2/stages/stream_h1_l90_recentred_enbpi_static/consumed.csv.gz
 create mode 100644 smart_building_conformal/outputs/matched_intervals005/bdg2_f2_s44_v2/stages/stream_h1_l90_recentred_enbpi_static/episodes.csv.gz
 create mode 100644 smart_building_conformal/outputs/matched_intervals005/bdg2_f2_s44_v2/stages/stream_h1_l90_recentred_enbpi_static/issued.csv.gz
 create mode 100644 smart_building_conformal/outputs/matched_intervals005/bdg2_f2_s44_v2/stages/stream_h1_l90_recentred_enbpi_static/released_scores.csv.gz
 create mode 100644 smart_building_conformal/outputs/matched_intervals005/bdg2_f2_s44_v2/stages/stream_h1_l90_recentred_enbpi_static/stage.json
 create mode 100644 smart_building_conformal/outputs/matched_intervals005/bdg2_f2_s44_v2/stages/stream_h1_l90_recentred_enbpi_static/stream_identity.json
 create mode 100644 smart_building_conformal/outputs/matched_intervals005/bdg2_f2_s44_v2/stages/stream_h1_l90_recentred_enbpi_static/updates.csv.gz
 create mode 100644 smart_building_conformal/outputs/matched_intervals005/bdg2_f2_s44_v2/stages/stream_h1_l90_recentred_enbpi_updated/COMPLETE.json
 create mode 100644 smart_building_conformal/outputs/matched_intervals005/bdg2_f2_s44_v2/stages/stream_h1_l90_recentred_enbpi_updated/background_workload.csv
 create mode 100644 smart_building_conformal/outputs/matched_intervals005/bdg2_f2_s44_v2/stages/stream_h1_l90_recentred_enbpi_updated/consumed.csv.gz
 create mode 100644 smart_building_conformal/outputs/matched_intervals005/bdg2_f2_s44_v2/stages/stream_h1_l90_recentred_enbpi_updated/episodes.csv.gz
 create mode 100644 smart_building_conformal/outputs/matched_intervals005/bdg2_f2_s44_v2/stages/stream_h1_l90_recentred_enbpi_updated/issued.csv.gz
 create mode 100644 smart_building_conformal/outputs/matched_intervals005/bdg2_f2_s44_v2/stages/stream_h1_l90_recentred_enbpi_updated/released_scores.csv.gz
 create mode 100644 smart_building_conformal/outputs/matched_intervals005/bdg2_f2_s44_v2/stages/stream_h1_l90_recentred_enbpi_updated/stage.json
 create mode 100644 smart_building_conformal/outputs/matched_intervals005/bdg2_f2_s44_v2/stages/stream_h1_l90_recentred_enbpi_updated/stream_identity.json
 create mode 100644 smart_building_conformal/outputs/matched_intervals005/bdg2_f2_s44_v2/stages/stream_h1_l90_recentred_enbpi_updated/updates.csv.gz
 create mode 100644 smart_building_conformal/outputs/matched_intervals005/bdg2_f2_s44_v2/stages/stream_h1_l95_cqr/COMPLETE.json
 create mode 100644 smart_building_conformal/outputs/matched_intervals005/bdg2_f2_s44_v2/stages/stream_h1_l95_cqr/background_workload.csv
 create mode 100644 smart_building_conformal/outputs/matched_intervals005/bdg2_f2_s44_v2/stages/stream_h1_l95_cqr/consumed.csv.gz
 create mode 100644 smart_building_conformal/outputs/matched_intervals005/bdg2_f2_s44_v2/stages/stream_h1_l95_cqr/episodes.csv.gz
 create mode 100644 smart_building_conformal/outputs/matched_intervals005/bdg2_f2_s44_v2/stages/stream_h1_l95_cqr/issued.csv.gz
 create mode 100644 smart_building_conformal/outputs/matched_intervals005/bdg2_f2_s44_v2/stages/stream_h1_l95_cqr/released_scores.csv.gz
 create mode 100644 smart_building_conformal/outputs/matched_intervals005/bdg2_f2_s44_v2/stages/stream_h1_l95_cqr/stage.json
 create mode 100644 smart_building_conformal/outputs/matched_intervals005/bdg2_f2_s44_v2/stages/stream_h1_l95_cqr/stream_identity.json
 create mode 100644 smart_building_conformal/outputs/matched_intervals005/bdg2_f2_s44_v2/stages/stream_h1_l95_cqr/updates.csv.gz
 create mode 100644 smart_building_conformal/outputs/matched_intervals005/bdg2_f2_s44_v2/stages/stream_h1_l95_dscp/COMPLETE.json
 create mode 100644 smart_building_conformal/outputs/matched_intervals005/bdg2_f2_s44_v2/stages/stream_h1_l95_dscp/background_workload.csv
 create mode 100644 smart_building_conformal/outputs/matched_intervals005/bdg2_f2_s44_v2/stages/stream_h1_l95_dscp/consumed.csv.gz
 create mode 100644 smart_building_conformal/outputs/matched_intervals005/bdg2_f2_s44_v2/stages/stream_h1_l95_dscp/episodes.csv.gz
 create mode 100644 smart_building_conformal/outputs/matched_intervals005/bdg2_f2_s44_v2/stages/stream_h1_l95_dscp/issued.csv.gz
 create mode 100644 smart_building_conformal/outputs/matched_intervals005/bdg2_f2_s44_v2/stages/stream_h1_l95_dscp/released_scores.csv.gz
 create mode 100644 smart_building_conformal/outputs/matched_intervals005/bdg2_f2_s44_v2/stages/stream_h1_l95_dscp/stage.json
 create mode 100644 smart_building_conformal/outputs/matched_intervals005/bdg2_f2_s44_v2/stages/stream_h1_l95_dscp/stream_identity.json
 create mode 100644 smart_building_conformal/outputs/matched_intervals005/bdg2_f2_s44_v2/stages/stream_h1_l95_dscp/updates.csv.gz
 create mode 100644 smart_building_conformal/outputs/matched_intervals005/bdg2_f2_s44_v2/stages/stream_h1_l95_quantile_uncalibrated/COMPLETE.json
 create mode 100644 smart_building_conformal/outputs/matched_intervals005/bdg2_f2_s44_v2/stages/stream_h1_l95_quantile_uncalibrated/background_workload.csv
 create mode 100644 smart_building_conformal/outputs/matched_intervals005/bdg2_f2_s44_v2/stages/stream_h1_l95_quantile_uncalibrated/consumed.csv.gz
 create mode 100644 smart_building_conformal/outputs/matched_intervals005/bdg2_f2_s44_v2/stages/stream_h1_l95_quantile_uncalibrated/episodes.csv.gz
 create mode 100644 smart_building_conformal/outputs/matched_intervals005/bdg2_f2_s44_v2/stages/stream_h1_l95_quantile_uncalibrated/issued.csv.gz
 create mode 100644 smart_building_conformal/outputs/matched_intervals005/bdg2_f2_s44_v2/stages/stream_h1_l95_quantile_uncalibrated/released_scores.csv.gz
 create mode 100644 smart_building_conformal/outputs/matched_intervals005/bdg2_f2_s44_v2/stages/stream_h1_l95_quantile_uncalibrated/stage.json
 create mode 100644 smart_building_conformal/outputs/matched_intervals005/bdg2_f2_s44_v2/stages/stream_h1_l95_quantile_uncalibrated/stream_identity.json
 create mode 100644 smart_building_conformal/outputs/matched_intervals005/bdg2_f2_s44_v2/stages/stream_h1_l95_quantile_uncalibrated/updates.csv.gz
 create mode 100644 smart_building_conformal/outputs/matched_intervals005/bdg2_f2_s44_v2/stages/stream_h1_l95_recentred_enbpi_static/COMPLETE.json
 create mode 100644 smart_building_conformal/outputs/matched_intervals005/bdg2_f2_s44_v2/stages/stream_h1_l95_recentred_enbpi_static/background_workload.csv
 create mode 100644 smart_building_conformal/outputs/matched_intervals005/bdg2_f2_s44_v2/stages/stream_h1_l95_recentred_enbpi_static/consumed.csv.gz
 create mode 100644 smart_building_conformal/outputs/matched_intervals005/bdg2_f2_s44_v2/stages/stream_h1_l95_recentred_enbpi_static/episodes.csv.gz
 create mode 100644 smart_building_conformal/outputs/matched_intervals005/bdg2_f2_s44_v2/stages/stream_h1_l95_recentred_enbpi_static/issued.csv.gz
 create mode 100644 smart_building_conformal/outputs/matched_intervals005/bdg2_f2_s44_v2/stages/stream_h1_l95_recentred_enbpi_static/released_scores.csv.gz
 create mode 100644 smart_building_conformal/outputs/matched_intervals005/bdg2_f2_s44_v2/stages/stream_h1_l95_recentred_enbpi_static/stage.json
 create mode 100644 smart_building_conformal/outputs/matched_intervals005/bdg2_f2_s44_v2/stages/stream_h1_l95_recentred_enbpi_static/stream_identity.json
 create mode 100644 smart_building_conformal/outputs/matched_intervals005/bdg2_f2_s44_v2/stages/stream_h1_l95_recentred_enbpi_static/updates.csv.gz
 create mode 100644 smart_building_conformal/outputs/matched_intervals005/bdg2_f2_s44_v2/stages/stream_h1_l95_recentred_enbpi_updated/COMPLETE.json
 create mode 100644 smart_building_conformal/outputs/matched_intervals005/bdg2_f2_s44_v2/stages/stream_h1_l95_recentred_enbpi_updated/background_workload.csv
 create mode 100644 smart_building_conformal/outputs/matched_intervals005/bdg2_f2_s44_v2/stages/stream_h1_l95_recentred_enbpi_updated/consumed.csv.gz
 create mode 100644 smart_building_conformal/outputs/matched_intervals005/bdg2_f2_s44_v2/stages/stream_h1_l95_recentred_enbpi_updated/episodes.csv.gz
 create mode 100644 smart_building_conformal/outputs/matched_intervals005/bdg2_f2_s44_v2/stages/stream_h1_l95_recentred_enbpi_updated/issued.csv.gz
 create mode 100644 smart_building_conformal/outputs/matched_intervals005/bdg2_f2_s44_v2/stages/stream_h1_l95_recentred_enbpi_updated/released_scores.csv.gz
 create mode 100644 smart_building_conformal/outputs/matched_intervals005/bdg2_f2_s44_v2/stages/stream_h1_l95_recentred_enbpi_updated/stage.json
 create mode 100644 smart_building_conformal/outputs/matched_intervals005/bdg2_f2_s44_v2/stages/stream_h1_l95_recentred_enbpi_updated/stream_identity.json
 create mode 100644 smart_building_conformal/outputs/matched_intervals005/bdg2_f2_s44_v2/stages/stream_h1_l95_recentred_enbpi_updated/updates.csv.gz
 create mode 100644 smart_building_conformal/outputs/matched_intervals005/bdg2_f2_s44_v2/stages/stream_h3_l90_cqr/COMPLETE.json
 create mode 100644 smart_building_conformal/outputs/matched_intervals005/bdg2_f2_s44_v2/stages/stream_h3_l90_cqr/background_workload.csv
 create mode 100644 smart_building_conformal/outputs/matched_intervals005/bdg2_f2_s44_v2/stages/stream_h3_l90_cqr/consumed.csv.gz
 create mode 100644 smart_building_conformal/outputs/matched_intervals005/bdg2_f2_s44_v2/stages/stream_h3_l90_cqr/episodes.csv.gz
 create mode 100644 smart_building_conformal/outputs/matched_intervals005/bdg2_f2_s44_v2/stages/stream_h3_l90_cqr/issued.csv.gz
 create mode 100644 smart_building_conformal/outputs/matched_intervals005/bdg2_f2_s44_v2/stages/stream_h3_l90_cqr/released_scores.csv.gz
 create mode 100644 smart_building_conformal/outputs/matched_intervals005/bdg2_f2_s44_v2/stages/stream_h3_l90_cqr/stage.json
 create mode 100644 smart_building_conformal/outputs/matched_intervals005/bdg2_f2_s44_v2/stages/stream_h3_l90_cqr/stream_identity.json
 create mode 100644 smart_building_conformal/outputs/matched_intervals005/bdg2_f2_s44_v2/stages/stream_h3_l90_cqr/updates.csv.gz
 create mode 100644 smart_building_conformal/outputs/matched_intervals005/bdg2_f2_s44_v2/stages/stream_h3_l90_dscp/COMPLETE.json
 create mode 100644 smart_building_conformal/outputs/matched_intervals005/bdg2_f2_s44_v2/stages/stream_h3_l90_dscp/background_workload.csv
 create mode 100644 smart_building_conformal/outputs/matched_intervals005/bdg2_f2_s44_v2/stages/stream_h3_l90_dscp/consumed.csv.gz
 create mode 100644 smart_building_conformal/outputs/matched_intervals005/bdg2_f2_s44_v2/stages/stream_h3_l90_dscp/episodes.csv.gz
 create mode 100644 smart_building_conformal/outputs/matched_intervals005/bdg2_f2_s44_v2/stages/stream_h3_l90_dscp/issued.csv.gz
 create mode 100644 smart_building_conformal/outputs/matched_intervals005/bdg2_f2_s44_v2/stages/stream_h3_l90_dscp/released_scores.csv.gz
 create mode 100644 smart_building_conformal/outputs/matched_intervals005/bdg2_f2_s44_v2/stages/stream_h3_l90_dscp/stage.json
 create mode 100644 smart_building_conformal/outputs/matched_intervals005/bdg2_f2_s44_v2/stages/stream_h3_l90_dscp/stream_identity.json
 create mode 100644 smart_building_conformal/outputs/matched_intervals005/bdg2_f2_s44_v2/stages/stream_h3_l90_dscp/updates.csv.gz
 create mode 100644 smart_building_conformal/outputs/matched_intervals005/bdg2_f2_s44_v2/stages/stream_h3_l90_quantile_uncalibrated/COMPLETE.json
 create mode 100644 smart_building_conformal/outputs/matched_intervals005/bdg2_f2_s44_v2/stages/stream_h3_l90_quantile_uncalibrated/background_workload.csv
 create mode 100644 smart_building_conformal/outputs/matched_intervals005/bdg2_f2_s44_v2/stages/stream_h3_l90_quantile_uncalibrated/consumed.csv.gz
 create mode 100644 smart_building_conformal/outputs/matched_intervals005/bdg2_f2_s44_v2/stages/stream_h3_l90_quantile_uncalibrated/episodes.csv.gz
 create mode 100644 smart_building_conformal/outputs/matched_intervals005/bdg2_f2_s44_v2/stages/stream_h3_l90_quantile_uncalibrated/issued.csv.gz
 create mode 100644 smart_building_conformal/outputs/matched_intervals005/bdg2_f2_s44_v2/stages/stream_h3_l90_quantile_uncalibrated/released_scores.csv.gz
 create mode 100644 smart_building_conformal/outputs/matched_intervals005/bdg2_f2_s44_v2/stages/stream_h3_l90_quantile_uncalibrated/stage.json
 create mode 100644 smart_building_conformal/outputs/matched_intervals005/bdg2_f2_s44_v2/stages/stream_h3_l90_quantile_uncalibrated/stream_identity.json
 create mode 100644 smart_building_conformal/outputs/matched_intervals005/bdg2_f2_s44_v2/stages/stream_h3_l90_quantile_uncalibrated/updates.csv.gz
 create mode 100644 smart_building_conformal/outputs/matched_intervals005/bdg2_f2_s44_v2/stages/stream_h3_l90_recentred_enbpi_static/COMPLETE.json
 create mode 100644 smart_building_conformal/outputs/matched_intervals005/bdg2_f2_s44_v2/stages/stream_h3_l90_recentred_enbpi_static/background_workload.csv
 create mode 100644 smart_building_conformal/outputs/matched_intervals005/bdg2_f2_s44_v2/stages/stream_h3_l90_recentred_enbpi_static/consumed.csv.gz
 create mode 100644 smart_building_conformal/outputs/matched_intervals005/bdg2_f2_s44_v2/stages/stream_h3_l90_recentred_enbpi_static/episodes.csv.gz
 create mode 100644 smart_building_conformal/outputs/matched_intervals005/bdg2_f2_s44_v2/stages/stream_h3_l90_recentred_enbpi_static/issued.csv.gz
 create mode 100644 smart_building_conformal/outputs/matched_intervals005/bdg2_f2_s44_v2/stages/stream_h3_l90_recentred_enbpi_static/released_scores.csv.gz
 create mode 100644 smart_building_conformal/outputs/matched_intervals005/bdg2_f2_s44_v2/stages/stream_h3_l90_recentred_enbpi_static/stage.json
 create mode 100644 smart_building_conformal/outputs/matched_intervals005/bdg2_f2_s44_v2/stages/stream_h3_l90_recentred_enbpi_static/stream_identity.json
 create mode 100644 smart_building_conformal/outputs/matched_intervals005/bdg2_f2_s44_v2/stages/stream_h3_l90_recentred_enbpi_static/updates.csv.gz
 create mode 100644 smart_building_conformal/outputs/matched_intervals005/bdg2_f2_s44_v2/stages/stream_h3_l90_recentred_enbpi_updated/COMPLETE.json
 create mode 100644 smart_building_conformal/outputs/matched_intervals005/bdg2_f2_s44_v2/stages/stream_h3_l90_recentred_enbpi_updated/background_workload.csv
 create mode 100644 smart_building_conformal/outputs/matched_intervals005/bdg2_f2_s44_v2/stages/stream_h3_l90_recentred_enbpi_updated/consumed.csv.gz
 create mode 100644 smart_building_conformal/outputs/matched_intervals005/bdg2_f2_s44_v2/stages/stream_h3_l90_recentred_enbpi_updated/episodes.csv.gz
 create mode 100644 smart_building_conformal/outputs/matched_intervals005/bdg2_f2_s44_v2/stages/stream_h3_l90_recentred_enbpi_updated/issued.csv.gz
 create mode 100644 smart_building_conformal/outputs/matched_intervals005/bdg2_f2_s44_v2/stages/stream_h3_l90_recentred_enbpi_updated/released_scores.csv.gz
 create mode 100644 smart_building_conformal/outputs/matched_intervals005/bdg2_f2_s44_v2/stages/stream_h3_l90_recentred_enbpi_updated/stage.json
 create mode 100644 smart_building_conformal/outputs/matched_intervals005/bdg2_f2_s44_v2/stages/stream_h3_l90_recentred_enbpi_updated/stream_identity.json
 create mode 100644 smart_building_conformal/outputs/matched_intervals005/bdg2_f2_s44_v2/stages/stream_h3_l90_recentred_enbpi_updated/updates.csv.gz
 create mode 100644 smart_building_conformal/outputs/matched_intervals005/bdg2_f2_s44_v2/stages/stream_h3_l95_cqr/COMPLETE.json
 create mode 100644 smart_building_conformal/outputs/matched_intervals005/bdg2_f2_s44_v2/stages/stream_h3_l95_cqr/background_workload.csv
 create mode 100644 smart_building_conformal/outputs/matched_intervals005/bdg2_f2_s44_v2/stages/stream_h3_l95_cqr/consumed.csv.gz
 create mode 100644 smart_building_conformal/outputs/matched_intervals005/bdg2_f2_s44_v2/stages/stream_h3_l95_cqr/episodes.csv.gz
 create mode 100644 smart_building_conformal/outputs/matched_intervals005/bdg2_f2_s44_v2/stages/stream_h3_l95_cqr/issued.csv.gz
 create mode 100644 smart_building_conformal/outputs/matched_intervals005/bdg2_f2_s44_v2/stages/stream_h3_l95_cqr/released_scores.csv.gz
 create mode 100644 smart_building_conformal/outputs/matched_intervals005/bdg2_f2_s44_v2/stages/stream_h3_l95_cqr/stage.json
 create mode 100644 smart_building_conformal/outputs/matched_intervals005/bdg2_f2_s44_v2/stages/stream_h3_l95_cqr/stream_identity.json
 create mode 100644 smart_building_conformal/outputs/matched_intervals005/bdg2_f2_s44_v2/stages/stream_h3_l95_cqr/updates.csv.gz
 create mode 100644 smart_building_conformal/outputs/matched_intervals005/bdg2_f2_s44_v2/stages/stream_h3_l95_dscp/COMPLETE.json
 create mode 100644 smart_building_conformal/outputs/matched_intervals005/bdg2_f2_s44_v2/stages/stream_h3_l95_dscp/background_workload.csv
 create mode 100644 smart_building_conformal/outputs/matched_intervals005/bdg2_f2_s44_v2/stages/stream_h3_l95_dscp/consumed.csv.gz
 create mode 100644 smart_building_conformal/outputs/matched_intervals005/bdg2_f2_s44_v2/stages/stream_h3_l95_dscp/episodes.csv.gz
 create mode 100644 smart_building_conformal/outputs/matched_intervals005/bdg2_f2_s44_v2/stages/stream_h3_l95_dscp/issued.csv.gz
 create mode 100644 smart_building_conformal/outputs/matched_intervals005/bdg2_f2_s44_v2/stages/stream_h3_l95_dscp/released_scores.csv.gz
 create mode 100644 smart_building_conformal/outputs/matched_intervals005/bdg2_f2_s44_v2/stages/stream_h3_l95_dscp/stage.json
 create mode 100644 smart_building_conformal/outputs/matched_intervals005/bdg2_f2_s44_v2/stages/stream_h3_l95_dscp/stream_identity.json
 create mode 100644 smart_building_conformal/outputs/matched_intervals005/bdg2_f2_s44_v2/stages/stream_h3_l95_dscp/updates.csv.gz
 create mode 100644 smart_building_conformal/outputs/matched_intervals005/bdg2_f2_s44_v2/stages/stream_h3_l95_quantile_uncalibrated/COMPLETE.json
 create mode 100644 smart_building_conformal/outputs/matched_intervals005/bdg2_f2_s44_v2/stages/stream_h3_l95_quantile_uncalibrated/background_workload.csv
 create mode 100644 smart_building_conformal/outputs/matched_intervals005/bdg2_f2_s44_v2/stages/stream_h3_l95_quantile_uncalibrated/consumed.csv.gz
 create mode 100644 smart_building_conformal/outputs/matched_intervals005/bdg2_f2_s44_v2/stages/stream_h3_l95_quantile_uncalibrated/episodes.csv.gz
 create mode 100644 smart_building_conformal/outputs/matched_intervals005/bdg2_f2_s44_v2/stages/stream_h3_l95_quantile_uncalibrated/issued.csv.gz
 create mode 100644 smart_building_conformal/outputs/matched_intervals005/bdg2_f2_s44_v2/stages/stream_h3_l95_quantile_uncalibrated/released_scores.csv.gz
 create mode 100644 smart_building_conformal/outputs/matched_intervals005/bdg2_f2_s44_v2/stages/stream_h3_l95_quantile_uncalibrated/stage.json
 create mode 100644 smart_building_conformal/outputs/matched_intervals005/bdg2_f2_s44_v2/stages/stream_h3_l95_quantile_uncalibrated/stream_identity.json
 create mode 100644 smart_building_conformal/outputs/matched_intervals005/bdg2_f2_s44_v2/stages/stream_h3_l95_quantile_uncalibrated/updates.csv.gz
 create mode 100644 smart_building_conformal/outputs/matched_intervals005/bdg2_f2_s44_v2/stages/stream_h3_l95_recentred_enbpi_static/COMPLETE.json
 create mode 100644 smart_building_conformal/outputs/matched_intervals005/bdg2_f2_s44_v2/stages/stream_h3_l95_recentred_enbpi_static/background_workload.csv
 create mode 100644 smart_building_conformal/outputs/matched_intervals005/bdg2_f2_s44_v2/stages/stream_h3_l95_recentred_enbpi_static/consumed.csv.gz
 create mode 100644 smart_building_conformal/outputs/matched_intervals005/bdg2_f2_s44_v2/stages/stream_h3_l95_recentred_enbpi_static/episodes.csv.gz
 create mode 100644 smart_building_conformal/outputs/matched_intervals005/bdg2_f2_s44_v2/stages/stream_h3_l95_recentred_enbpi_static/issued.csv.gz
 create mode 100644 smart_building_conformal/outputs/matched_intervals005/bdg2_f2_s44_v2/stages/stream_h3_l95_recentred_enbpi_static/released_scores.csv.gz
 create mode 100644 smart_building_conformal/outputs/matched_intervals005/bdg2_f2_s44_v2/stages/stream_h3_l95_recentred_enbpi_static/stage.json
 create mode 100644 smart_building_conformal/outputs/matched_intervals005/bdg2_f2_s44_v2/stages/stream_h3_l95_recentred_enbpi_static/stream_identity.json
 create mode 100644 smart_building_conformal/outputs/matched_intervals005/bdg2_f2_s44_v2/stages/stream_h3_l95_recentred_enbpi_static/updates.csv.gz
 create mode 100644 smart_building_conformal/outputs/matched_intervals005/bdg2_f2_s44_v2/stages/stream_h3_l95_recentred_enbpi_updated/COMPLETE.json
 create mode 100644 smart_building_conformal/outputs/matched_intervals005/bdg2_f2_s44_v2/stages/stream_h3_l95_recentred_enbpi_updated/background_workload.csv
 create mode 100644 smart_building_conformal/outputs/matched_intervals005/bdg2_f2_s44_v2/stages/stream_h3_l95_recentred_enbpi_updated/consumed.csv.gz
 create mode 100644 smart_building_conformal/outputs/matched_intervals005/bdg2_f2_s44_v2/stages/stream_h3_l95_recentred_enbpi_updated/episodes.csv.gz
 create mode 100644 smart_building_conformal/outputs/matched_intervals005/bdg2_f2_s44_v2/stages/stream_h3_l95_recentred_enbpi_updated/issued.csv.gz
 create mode 100644 smart_building_conformal/outputs/matched_intervals005/bdg2_f2_s44_v2/stages/stream_h3_l95_recentred_enbpi_updated/released_scores.csv.gz
 create mode 100644 smart_building_conformal/outputs/matched_intervals005/bdg2_f2_s44_v2/stages/stream_h3_l95_recentred_enbpi_updated/stage.json
 create mode 100644 smart_building_conformal/outputs/matched_intervals005/bdg2_f2_s44_v2/stages/stream_h3_l95_recentred_enbpi_updated/stream_identity.json
 create mode 100644 smart_building_conformal/outputs/matched_intervals005/bdg2_f2_s44_v2/stages/stream_h3_l95_recentred_enbpi_updated/updates.csv.gz
 create mode 100644 smart_building_conformal/outputs/matched_intervals005/bdg2_f2_s44_v2/stages/stream_h6_l90_cqr/COMPLETE.json
 create mode 100644 smart_building_conformal/outputs/matched_intervals005/bdg2_f2_s44_v2/stages/stream_h6_l90_cqr/background_workload.csv
 create mode 100644 smart_building_conformal/outputs/matched_intervals005/bdg2_f2_s44_v2/stages/stream_h6_l90_cqr/consumed.csv.gz
 create mode 100644 smart_building_conformal/outputs/matched_intervals005/bdg2_f2_s44_v2/stages/stream_h6_l90_cqr/episodes.csv.gz
 create mode 100644 smart_building_conformal/outputs/matched_intervals005/bdg2_f2_s44_v2/stages/stream_h6_l90_cqr/issued.csv.gz
 create mode 100644 smart_building_conformal/outputs/matched_intervals005/bdg2_f2_s44_v2/stages/stream_h6_l90_cqr/released_scores.csv.gz
 create mode 100644 smart_building_conformal/outputs/matched_intervals005/bdg2_f2_s44_v2/stages/stream_h6_l90_cqr/stage.json
 create mode 100644 smart_building_conformal/outputs/matched_intervals005/bdg2_f2_s44_v2/stages/stream_h6_l90_cqr/stream_identity.json
 create mode 100644 smart_building_conformal/outputs/matched_intervals005/bdg2_f2_s44_v2/stages/stream_h6_l90_cqr/updates.csv.gz
 create mode 100644 smart_building_conformal/outputs/matched_intervals005/bdg2_f2_s44_v2/stages/stream_h6_l90_dscp/COMPLETE.json
 create mode 100644 smart_building_conformal/outputs/matched_intervals005/bdg2_f2_s44_v2/stages/stream_h6_l90_dscp/background_workload.csv
 create mode 100644 smart_building_conformal/outputs/matched_intervals005/bdg2_f2_s44_v2/stages/stream_h6_l90_dscp/consumed.csv.gz
 create mode 100644 smart_building_conformal/outputs/matched_intervals005/bdg2_f2_s44_v2/stages/stream_h6_l90_dscp/episodes.csv.gz
 create mode 100644 smart_building_conformal/outputs/matched_intervals005/bdg2_f2_s44_v2/stages/stream_h6_l90_dscp/issued.csv.gz
 create mode 100644 smart_building_conformal/outputs/matched_intervals005/bdg2_f2_s44_v2/stages/stream_h6_l90_dscp/released_scores.csv.gz
 create mode 100644 smart_building_conformal/outputs/matched_intervals005/bdg2_f2_s44_v2/stages/stream_h6_l90_dscp/stage.json
 create mode 100644 smart_building_conformal/outputs/matched_intervals005/bdg2_f2_s44_v2/stages/stream_h6_l90_dscp/stream_identity.json
 create mode 100644 smart_building_conformal/outputs/matched_intervals005/bdg2_f2_s44_v2/stages/stream_h6_l90_dscp/updates.csv.gz
 create mode 100644 smart_building_conformal/outputs/matched_intervals005/bdg2_f2_s44_v2/stages/stream_h6_l90_quantile_uncalibrated/COMPLETE.json
 create mode 100644 smart_building_conformal/outputs/matched_intervals005/bdg2_f2_s44_v2/stages/stream_h6_l90_quantile_uncalibrated/background_workload.csv
 create mode 100644 smart_building_conformal/outputs/matched_intervals005/bdg2_f2_s44_v2/stages/stream_h6_l90_quantile_uncalibrated/consumed.csv.gz
 create mode 100644 smart_building_conformal/outputs/matched_intervals005/bdg2_f2_s44_v2/stages/stream_h6_l90_quantile_uncalibrated/episodes.csv.gz
 create mode 100644 smart_building_conformal/outputs/matched_intervals005/bdg2_f2_s44_v2/stages/stream_h6_l90_quantile_uncalibrated/issued.csv.gz
 create mode 100644 smart_building_conformal/outputs/matched_intervals005/bdg2_f2_s44_v2/stages/stream_h6_l90_quantile_uncalibrated/released_scores.csv.gz
 create mode 100644 smart_building_conformal/outputs/matched_intervals005/bdg2_f2_s44_v2/stages/stream_h6_l90_quantile_uncalibrated/stage.json
 create mode 100644 smart_building_conformal/outputs/matched_intervals005/bdg2_f2_s44_v2/stages/stream_h6_l90_quantile_uncalibrated/stream_identity.json
 create mode 100644 smart_building_conformal/outputs/matched_intervals005/bdg2_f2_s44_v2/stages/stream_h6_l90_quantile_uncalibrated/updates.csv.gz
 create mode 100644 smart_building_conformal/outputs/matched_intervals005/bdg2_f2_s44_v2/stages/stream_h6_l90_recentred_enbpi_static/COMPLETE.json
 create mode 100644 smart_building_conformal/outputs/matched_intervals005/bdg2_f2_s44_v2/stages/stream_h6_l90_recentred_enbpi_static/background_workload.csv
 create mode 100644 smart_building_conformal/outputs/matched_intervals005/bdg2_f2_s44_v2/stages/stream_h6_l90_recentred_enbpi_static/consumed.csv.gz
 create mode 100644 smart_building_conformal/outputs/matched_intervals005/bdg2_f2_s44_v2/stages/stream_h6_l90_recentred_enbpi_static/episodes.csv.gz
 create mode 100644 smart_building_conformal/outputs/matched_intervals005/bdg2_f2_s44_v2/stages/stream_h6_l90_recentred_enbpi_static/issued.csv.gz
 create mode 100644 smart_building_conformal/outputs/matched_intervals005/bdg2_f2_s44_v2/stages/stream_h6_l90_recentred_enbpi_static/released_scores.csv.gz
 create mode 100644 smart_building_conformal/outputs/matched_intervals005/bdg2_f2_s44_v2/stages/stream_h6_l90_recentred_enbpi_static/stage.json
 create mode 100644 smart_building_conformal/outputs/matched_intervals005/bdg2_f2_s44_v2/stages/stream_h6_l90_recentred_enbpi_static/stream_identity.json
 create mode 100644 smart_building_conformal/outputs/matched_intervals005/bdg2_f2_s44_v2/stages/stream_h6_l90_recentred_enbpi_static/updates.csv.gz
 create mode 100644 smart_building_conformal/outputs/matched_intervals005/bdg2_f2_s44_v2/stages/stream_h6_l90_recentred_enbpi_updated/COMPLETE.json
 create mode 100644 smart_building_conformal/outputs/matched_intervals005/bdg2_f2_s44_v2/stages/stream_h6_l90_recentred_enbpi_updated/background_workload.csv
 create mode 100644 smart_building_conformal/outputs/matched_intervals005/bdg2_f2_s44_v2/stages/stream_h6_l90_recentred_enbpi_updated/consumed.csv.gz
 create mode 100644 smart_building_conformal/outputs/matched_intervals005/bdg2_f2_s44_v2/stages/stream_h6_l90_recentred_enbpi_updated/episodes.csv.gz
 create mode 100644 smart_building_conformal/outputs/matched_intervals005/bdg2_f2_s44_v2/stages/stream_h6_l90_recentred_enbpi_updated/issued.csv.gz
 create mode 100644 smart_building_conformal/outputs/matched_intervals005/bdg2_f2_s44_v2/stages/stream_h6_l90_recentred_enbpi_updated/released_scores.csv.gz
 create mode 100644 smart_building_conformal/outputs/matched_intervals005/bdg2_f2_s44_v2/stages/stream_h6_l90_recentred_enbpi_updated/stage.json
 create mode 100644 smart_building_conformal/outputs/matched_intervals005/bdg2_f2_s44_v2/stages/stream_h6_l90_recentred_enbpi_updated/stream_identity.json
 create mode 100644 smart_building_conformal/outputs/matched_intervals005/bdg2_f2_s44_v2/stages/stream_h6_l90_recentred_enbpi_updated/updates.csv.gz
 create mode 100644 smart_building_conformal/outputs/matched_intervals005/bdg2_f2_s44_v2/stages/stream_h6_l95_cqr/COMPLETE.json
 create mode 100644 smart_building_conformal/outputs/matched_intervals005/bdg2_f2_s44_v2/stages/stream_h6_l95_cqr/background_workload.csv
 create mode 100644 smart_building_conformal/outputs/matched_intervals005/bdg2_f2_s44_v2/stages/stream_h6_l95_cqr/consumed.csv.gz
 create mode 100644 smart_building_conformal/outputs/matched_intervals005/bdg2_f2_s44_v2/stages/stream_h6_l95_cqr/episodes.csv.gz
 create mode 100644 smart_building_conformal/outputs/matched_intervals005/bdg2_f2_s44_v2/stages/stream_h6_l95_cqr/issued.csv.gz
 create mode 100644 smart_building_conformal/outputs/matched_intervals005/bdg2_f2_s44_v2/stages/stream_h6_l95_cqr/released_scores.csv.gz
 create mode 100644 smart_building_conformal/outputs/matched_intervals005/bdg2_f2_s44_v2/stages/stream_h6_l95_cqr/stage.json
 create mode 100644 smart_building_conformal/outputs/matched_intervals005/bdg2_f2_s44_v2/stages/stream_h6_l95_cqr/stream_identity.json
 create mode 100644 smart_building_conformal/outputs/matched_intervals005/bdg2_f2_s44_v2/stages/stream_h6_l95_cqr/updates.csv.gz
 create mode 100644 smart_building_conformal/outputs/matched_intervals005/bdg2_f2_s44_v2/stages/stream_h6_l95_dscp/COMPLETE.json
 create mode 100644 smart_building_conformal/outputs/matched_intervals005/bdg2_f2_s44_v2/stages/stream_h6_l95_dscp/background_workload.csv
 create mode 100644 smart_building_conformal/outputs/matched_intervals005/bdg2_f2_s44_v2/stages/stream_h6_l95_dscp/consumed.csv.gz
 create mode 100644 smart_building_conformal/outputs/matched_intervals005/bdg2_f2_s44_v2/stages/stream_h6_l95_dscp/episodes.csv.gz
 create mode 100644 smart_building_conformal/outputs/matched_intervals005/bdg2_f2_s44_v2/stages/stream_h6_l95_dscp/issued.csv.gz
 create mode 100644 smart_building_conformal/outputs/matched_intervals005/bdg2_f2_s44_v2/stages/stream_h6_l95_dscp/released_scores.csv.gz
 create mode 100644 smart_building_conformal/outputs/matched_intervals005/bdg2_f2_s44_v2/stages/stream_h6_l95_dscp/stage.json
 create mode 100644 smart_building_conformal/outputs/matched_intervals005/bdg2_f2_s44_v2/stages/stream_h6_l95_dscp/stream_identity.json
 create mode 100644 smart_building_conformal/outputs/matched_intervals005/bdg2_f2_s44_v2/stages/stream_h6_l95_dscp/updates.csv.gz
 create mode 100644 smart_building_conformal/outputs/matched_intervals005/bdg2_f2_s44_v2/stages/stream_h6_l95_quantile_uncalibrated/COMPLETE.json
 create mode 100644 smart_building_conformal/outputs/matched_intervals005/bdg2_f2_s44_v2/stages/stream_h6_l95_quantile_uncalibrated/background_workload.csv
 create mode 100644 smart_building_conformal/outputs/matched_intervals005/bdg2_f2_s44_v2/stages/stream_h6_l95_quantile_uncalibrated/consumed.csv.gz
 create mode 100644 smart_building_conformal/outputs/matched_intervals005/bdg2_f2_s44_v2/stages/stream_h6_l95_quantile_uncalibrated/episodes.csv.gz
 create mode 100644 smart_building_conformal/outputs/matched_intervals005/bdg2_f2_s44_v2/stages/stream_h6_l95_quantile_uncalibrated/issued.csv.gz
 create mode 100644 smart_building_conformal/outputs/matched_intervals005/bdg2_f2_s44_v2/stages/stream_h6_l95_quantile_uncalibrated/released_scores.csv.gz
 create mode 100644 smart_building_conformal/outputs/matched_intervals005/bdg2_f2_s44_v2/stages/stream_h6_l95_quantile_uncalibrated/stage.json
 create mode 100644 smart_building_conformal/outputs/matched_intervals005/bdg2_f2_s44_v2/stages/stream_h6_l95_quantile_uncalibrated/stream_identity.json
 create mode 100644 smart_building_conformal/outputs/matched_intervals005/bdg2_f2_s44_v2/stages/stream_h6_l95_quantile_uncalibrated/updates.csv.gz
 create mode 100644 smart_building_conformal/outputs/matched_intervals005/bdg2_f2_s44_v2/stages/stream_h6_l95_recentred_enbpi_static/COMPLETE.json
 create mode 100644 smart_building_conformal/outputs/matched_intervals005/bdg2_f2_s44_v2/stages/stream_h6_l95_recentred_enbpi_static/background_workload.csv
 create mode 100644 smart_building_conformal/outputs/matched_intervals005/bdg2_f2_s44_v2/stages/stream_h6_l95_recentred_enbpi_static/consumed.csv.gz
 create mode 100644 smart_building_conformal/outputs/matched_intervals005/bdg2_f2_s44_v2/stages/stream_h6_l95_recentred_enbpi_static/episodes.csv.gz
 create mode 100644 smart_building_conformal/outputs/matched_intervals005/bdg2_f2_s44_v2/stages/stream_h6_l95_recentred_enbpi_static/issued.csv.gz
 create mode 100644 smart_building_conformal/outputs/matched_intervals005/bdg2_f2_s44_v2/stages/stream_h6_l95_recentred_enbpi_static/released_scores.csv.gz
 create mode 100644 smart_building_conformal/outputs/matched_intervals005/bdg2_f2_s44_v2/stages/stream_h6_l95_recentred_enbpi_static/stage.json
 create mode 100644 smart_building_conformal/outputs/matched_intervals005/bdg2_f2_s44_v2/stages/stream_h6_l95_recentred_enbpi_static/stream_identity.json
 create mode 100644 smart_building_conformal/outputs/matched_intervals005/bdg2_f2_s44_v2/stages/stream_h6_l95_recentred_enbpi_static/updates.csv.gz
 create mode 100644 smart_building_conformal/outputs/matched_intervals005/bdg2_f2_s44_v2/stages/stream_h6_l95_recentred_enbpi_updated/COMPLETE.json
 create mode 100644 smart_building_conformal/outputs/matched_intervals005/bdg2_f2_s44_v2/stages/stream_h6_l95_recentred_enbpi_updated/background_workload.csv
 create mode 100644 smart_building_conformal/outputs/matched_intervals005/bdg2_f2_s44_v2/stages/stream_h6_l95_recentred_enbpi_updated/consumed.csv.gz
 create mode 100644 smart_building_conformal/outputs/matched_intervals005/bdg2_f2_s44_v2/stages/stream_h6_l95_recentred_enbpi_updated/episodes.csv.gz
 create mode 100644 smart_building_conformal/outputs/matched_intervals005/bdg2_f2_s44_v2/stages/stream_h6_l95_recentred_enbpi_updated/issued.csv.gz
 create mode 100644 smart_building_conformal/outputs/matched_intervals005/bdg2_f2_s44_v2/stages/stream_h6_l95_recentred_enbpi_updated/released_scores.csv.gz
 create mode 100644 smart_building_conformal/outputs/matched_intervals005/bdg2_f2_s44_v2/stages/stream_h6_l95_recentred_enbpi_updated/stage.json
 create mode 100644 smart_building_conformal/outputs/matched_intervals005/bdg2_f2_s44_v2/stages/stream_h6_l95_recentred_enbpi_updated/stream_identity.json
 create mode 100644 smart_building_conformal/outputs/matched_intervals005/bdg2_f2_s44_v2/stages/stream_h6_l95_recentred_enbpi_updated/updates.csv.gz
 create mode 100644 smart_building_conformal/outputs/matched_intervals005/bdg2_f2_s44_v2/stages/tables/COMPLETE.json
 create mode 100644 smart_building_conformal/outputs/matched_intervals005/bdg2_f2_s44_v2/stages/tables/background_workload.csv
 create mode 100644 smart_building_conformal/outputs/matched_intervals005/bdg2_f2_s44_v2/stages/tables/common_support_metrics.csv
 create mode 100644 smart_building_conformal/outputs/matched_intervals005/bdg2_f2_s44_v2/stages/tables/native_support_metrics.csv
 create mode 100644 smart_building_conformal/outputs/matched_intervals005/bdg2_f2_s44_v2/stages/tables/operation_counts.json
 create mode 100644 smart_building_conformal/outputs/matched_intervals005/bdg2_f2_s44_v2/stages/tables/operations.csv
 create mode 100644 smart_building_conformal/outputs/matched_intervals005/bdg2_f2_s44_v2/stages/tables/per_building_metrics.csv
 create mode 100644 smart_building_conformal/outputs/matched_intervals005/bdg2_f2_s44_v2/stages/tables/seasonal_interval_metrics.csv
 create mode 100644 smart_building_conformal/outputs/matched_intervals005/bdg2_f2_s44_v2/stages/tables/seasonal_point_metrics.csv
 create mode 100644 smart_building_conformal/outputs/matched_intervals005/bdg2_f2_s44_v2/stages/tables/stage.json
 create mode 100644 smart_building_conformal/outputs/matched_intervals005/bdg2_f2_s44_v2/stages/tables/stage_costs.csv
 create mode 100644 smart_building_conformal/outputs/matched_intervals005/bdg2_f2_s45_v2/COMPLETE.json
 create mode 100644 smart_building_conformal/outputs/matched_intervals005/bdg2_f2_s45_v2/checkpoint_manifest.json
 create mode 100644 smart_building_conformal/outputs/matched_intervals005/bdg2_f2_s45_v2/operations.jsonl
 create mode 100644 smart_building_conformal/outputs/matched_intervals005/bdg2_f2_s45_v2/stage_journal.jsonl
 create mode 100644 smart_building_conformal/outputs/matched_intervals005/bdg2_f2_s45_v2/stages/dscp_assignment_000000_000064/COMPLETE.json
 create mode 100644 smart_building_conformal/outputs/matched_intervals005/bdg2_f2_s45_v2/stages/dscp_assignment_000000_000064/assignments.npy
 create mode 100644 smart_building_conformal/outputs/matched_intervals005/bdg2_f2_s45_v2/stages/dscp_assignment_000000_000064/stage.json
 create mode 100644 smart_building_conformal/outputs/matched_intervals005/bdg2_f2_s45_v2/stages/dscp_assignment_000064_000576/COMPLETE.json
 create mode 100644 smart_building_conformal/outputs/matched_intervals005/bdg2_f2_s45_v2/stages/dscp_assignment_000064_000576/assignments.npy
 create mode 100644 smart_building_conformal/outputs/matched_intervals005/bdg2_f2_s45_v2/stages/dscp_assignment_000064_000576/stage.json
 create mode 100644 smart_building_conformal/outputs/matched_intervals005/bdg2_f2_s45_v2/stages/dscp_assignment_000576_001088/COMPLETE.json
 create mode 100644 smart_building_conformal/outputs/matched_intervals005/bdg2_f2_s45_v2/stages/dscp_assignment_000576_001088/assignments.npy
 create mode 100644 smart_building_conformal/outputs/matched_intervals005/bdg2_f2_s45_v2/stages/dscp_assignment_000576_001088/stage.json
 create mode 100644 smart_building_conformal/outputs/matched_intervals005/bdg2_f2_s45_v2/stages/dscp_assignment_001088_001600/COMPLETE.json
 create mode 100644 smart_building_conformal/outputs/matched_intervals005/bdg2_f2_s45_v2/stages/dscp_assignment_001088_001600/assignments.npy
 create mode 100644 smart_building_conformal/outputs/matched_intervals005/bdg2_f2_s45_v2/stages/dscp_assignment_001088_001600/stage.json
 create mode 100644 smart_building_conformal/outputs/matched_intervals005/bdg2_f2_s45_v2/stages/dscp_assignment_001600_002112/COMPLETE.json
 create mode 100644 smart_building_conformal/outputs/matched_intervals005/bdg2_f2_s45_v2/stages/dscp_assignment_001600_002112/assignments.npy
 create mode 100644 smart_building_conformal/outputs/matched_intervals005/bdg2_f2_s45_v2/stages/dscp_assignment_001600_002112/stage.json
 create mode 100644 smart_building_conformal/outputs/matched_intervals005/bdg2_f2_s45_v2/stages/dscp_assignment_002112_002624/COMPLETE.json
 create mode 100644 smart_building_conformal/outputs/matched_intervals005/bdg2_f2_s45_v2/stages/dscp_assignment_002112_002624/assignments.npy
 create mode 100644 smart_building_conformal/outputs/matched_intervals005/bdg2_f2_s45_v2/stages/dscp_assignment_002112_002624/stage.json
 create mode 100644 smart_building_conformal/outputs/matched_intervals005/bdg2_f2_s45_v2/stages/dscp_assignment_002624_003136/COMPLETE.json
 create mode 100644 smart_building_conformal/outputs/matched_intervals005/bdg2_f2_s45_v2/stages/dscp_assignment_002624_003136/assignments.npy
 create mode 100644 smart_building_conformal/outputs/matched_intervals005/bdg2_f2_s45_v2/stages/dscp_assignment_002624_003136/stage.json
 create mode 100644 smart_building_conformal/outputs/matched_intervals005/bdg2_f2_s45_v2/stages/dscp_assignment_003136_003648/COMPLETE.json
 create mode 100644 smart_building_conformal/outputs/matched_intervals005/bdg2_f2_s45_v2/stages/dscp_assignment_003136_003648/assignments.npy
 create mode 100644 smart_building_conformal/outputs/matched_intervals005/bdg2_f2_s45_v2/stages/dscp_assignment_003136_003648/stage.json
 create mode 100644 smart_building_conformal/outputs/matched_intervals005/bdg2_f2_s45_v2/stages/dscp_assignment_003648_004160/COMPLETE.json
 create mode 100644 smart_building_conformal/outputs/matched_intervals005/bdg2_f2_s45_v2/stages/dscp_assignment_003648_004160/assignments.npy
 create mode 100644 smart_building_conformal/outputs/matched_intervals005/bdg2_f2_s45_v2/stages/dscp_assignment_003648_004160/stage.json
 create mode 100644 smart_building_conformal/outputs/matched_intervals005/bdg2_f2_s45_v2/stages/dscp_assignment_004160_004672/COMPLETE.json
 create mode 100644 smart_building_conformal/outputs/matched_intervals005/bdg2_f2_s45_v2/stages/dscp_assignment_004160_004672/assignments.npy
 create mode 100644 smart_building_conformal/outputs/matched_intervals005/bdg2_f2_s45_v2/stages/dscp_assignment_004160_004672/stage.json
 create mode 100644 smart_building_conformal/outputs/matched_intervals005/bdg2_f2_s45_v2/stages/dscp_assignment_004672_005184/COMPLETE.json
 create mode 100644 smart_building_conformal/outputs/matched_intervals005/bdg2_f2_s45_v2/stages/dscp_assignment_004672_005184/assignments.npy
 create mode 100644 smart_building_conformal/outputs/matched_intervals005/bdg2_f2_s45_v2/stages/dscp_assignment_004672_005184/stage.json
 create mode 100644 smart_building_conformal/outputs/matched_intervals005/bdg2_f2_s45_v2/stages/dscp_assignment_005184_005696/COMPLETE.json
 create mode 100644 smart_building_conformal/outputs/matched_intervals005/bdg2_f2_s45_v2/stages/dscp_assignment_005184_005696/assignments.npy
 create mode 100644 smart_building_conformal/outputs/matched_intervals005/bdg2_f2_s45_v2/stages/dscp_assignment_005184_005696/stage.json
 create mode 100644 smart_building_conformal/outputs/matched_intervals005/bdg2_f2_s45_v2/stages/dscp_assignment_005696_006208/COMPLETE.json
 create mode 100644 smart_building_conformal/outputs/matched_intervals005/bdg2_f2_s45_v2/stages/dscp_assignment_005696_006208/assignments.npy
 create mode 100644 smart_building_conformal/outputs/matched_intervals005/bdg2_f2_s45_v2/stages/dscp_assignment_005696_006208/stage.json
 create mode 100644 smart_building_conformal/outputs/matched_intervals005/bdg2_f2_s45_v2/stages/dscp_assignment_006208_006720/COMPLETE.json
 create mode 100644 smart_building_conformal/outputs/matched_intervals005/bdg2_f2_s45_v2/stages/dscp_assignment_006208_006720/assignments.npy
 create mode 100644 smart_building_conformal/outputs/matched_intervals005/bdg2_f2_s45_v2/stages/dscp_assignment_006208_006720/stage.json
 create mode 100644 smart_building_conformal/outputs/matched_intervals005/bdg2_f2_s45_v2/stages/dscp_assignment_006720_007232/COMPLETE.json
 create mode 100644 smart_building_conformal/outputs/matched_intervals005/bdg2_f2_s45_v2/stages/dscp_assignment_006720_007232/assignments.npy
 create mode 100644 smart_building_conformal/outputs/matched_intervals005/bdg2_f2_s45_v2/stages/dscp_assignment_006720_007232/stage.json
 create mode 100644 smart_building_conformal/outputs/matched_intervals005/bdg2_f2_s45_v2/stages/dscp_assignment_007232_007744/COMPLETE.json
 create mode 100644 smart_building_conformal/outputs/matched_intervals005/bdg2_f2_s45_v2/stages/dscp_assignment_007232_007744/assignments.npy
 create mode 100644 smart_building_conformal/outputs/matched_intervals005/bdg2_f2_s45_v2/stages/dscp_assignment_007232_007744/stage.json
 create mode 100644 smart_building_conformal/outputs/matched_intervals005/bdg2_f2_s45_v2/stages/dscp_assignment_007744_008256/COMPLETE.json
 create mode 100644 smart_building_conformal/outputs/matched_intervals005/bdg2_f2_s45_v2/stages/dscp_assignment_007744_008256/assignments.npy
 create mode 100644 smart_building_conformal/outputs/matched_intervals005/bdg2_f2_s45_v2/stages/dscp_assignment_007744_008256/stage.json
 create mode 100644 smart_building_conformal/outputs/matched_intervals005/bdg2_f2_s45_v2/stages/dscp_assignment_008256_008768/COMPLETE.json
 create mode 100644 smart_building_conformal/outputs/matched_intervals005/bdg2_f2_s45_v2/stages/dscp_assignment_008256_008768/assignments.npy
 create mode 100644 smart_building_conformal/outputs/matched_intervals005/bdg2_f2_s45_v2/stages/dscp_assignment_008256_008768/stage.json
 create mode 100644 smart_building_conformal/outputs/matched_intervals005/bdg2_f2_s45_v2/stages/dscp_assignment_008768_009280/COMPLETE.json
 create mode 100644 smart_building_conformal/outputs/matched_intervals005/bdg2_f2_s45_v2/stages/dscp_assignment_008768_009280/assignments.npy
 create mode 100644 smart_building_conformal/outputs/matched_intervals005/bdg2_f2_s45_v2/stages/dscp_assignment_008768_009280/stage.json
 create mode 100644 smart_building_conformal/outputs/matched_intervals005/bdg2_f2_s45_v2/stages/dscp_assignment_009280_009792/COMPLETE.json
 create mode 100644 smart_building_conformal/outputs/matched_intervals005/bdg2_f2_s45_v2/stages/dscp_assignment_009280_009792/assignments.npy
 create mode 100644 smart_building_conformal/outputs/matched_intervals005/bdg2_f2_s45_v2/stages/dscp_assignment_009280_009792/stage.json
 create mode 100644 smart_building_conformal/outputs/matched_intervals005/bdg2_f2_s45_v2/stages/dscp_assignment_009792_010304/COMPLETE.json
 create mode 100644 smart_building_conformal/outputs/matched_intervals005/bdg2_f2_s45_v2/stages/dscp_assignment_009792_010304/assignments.npy
 create mode 100644 smart_building_conformal/outputs/matched_intervals005/bdg2_f2_s45_v2/stages/dscp_assignment_009792_010304/stage.json
 create mode 100644 smart_building_conformal/outputs/matched_intervals005/bdg2_f2_s45_v2/stages/dscp_assignment_010304_010816/COMPLETE.json
 create mode 100644 smart_building_conformal/outputs/matched_intervals005/bdg2_f2_s45_v2/stages/dscp_assignment_010304_010816/assignments.npy
 create mode 100644 smart_building_conformal/outputs/matched_intervals005/bdg2_f2_s45_v2/stages/dscp_assignment_010304_010816/stage.json
 create mode 100644 smart_building_conformal/outputs/matched_intervals005/bdg2_f2_s45_v2/stages/dscp_assignment_010816_011328/COMPLETE.json
 create mode 100644 smart_building_conformal/outputs/matched_intervals005/bdg2_f2_s45_v2/stages/dscp_assignment_010816_011328/assignments.npy
 create mode 100644 smart_building_conformal/outputs/matched_intervals005/bdg2_f2_s45_v2/stages/dscp_assignment_010816_011328/stage.json
 create mode 100644 smart_building_conformal/outputs/matched_intervals005/bdg2_f2_s45_v2/stages/dscp_assignment_011328_011840/COMPLETE.json
 create mode 100644 smart_building_conformal/outputs/matched_intervals005/bdg2_f2_s45_v2/stages/dscp_assignment_011328_011840/assignments.npy
 create mode 100644 smart_building_conformal/outputs/matched_intervals005/bdg2_f2_s45_v2/stages/dscp_assignment_011328_011840/stage.json
 create mode 100644 smart_building_conformal/outputs/matched_intervals005/bdg2_f2_s45_v2/stages/dscp_assignment_011840_012352/COMPLETE.json
 create mode 100644 smart_building_conformal/outputs/matched_intervals005/bdg2_f2_s45_v2/stages/dscp_assignment_011840_012352/assignments.npy
 create mode 100644 smart_building_conformal/outputs/matched_intervals005/bdg2_f2_s45_v2/stages/dscp_assignment_011840_012352/stage.json
 create mode 100644 smart_building_conformal/outputs/matched_intervals005/bdg2_f2_s45_v2/stages/dscp_assignment_012352_012864/COMPLETE.json
 create mode 100644 smart_building_conformal/outputs/matched_intervals005/bdg2_f2_s45_v2/stages/dscp_assignment_012352_012864/assignments.npy
 create mode 100644 smart_building_conformal/outputs/matched_intervals005/bdg2_f2_s45_v2/stages/dscp_assignment_012352_012864/stage.json
 create mode 100644 smart_building_conformal/outputs/matched_intervals005/bdg2_f2_s45_v2/stages/dscp_assignment_012864_013376/COMPLETE.json
 create mode 100644 smart_building_conformal/outputs/matched_intervals005/bdg2_f2_s45_v2/stages/dscp_assignment_012864_013376/assignments.npy
 create mode 100644 smart_building_conformal/outputs/matched_intervals005/bdg2_f2_s45_v2/stages/dscp_assignment_012864_013376/stage.json
 create mode 100644 smart_building_conformal/outputs/matched_intervals005/bdg2_f2_s45_v2/stages/dscp_assignment_013376_013888/COMPLETE.json
 create mode 100644 smart_building_conformal/outputs/matched_intervals005/bdg2_f2_s45_v2/stages/dscp_assignment_013376_013888/assignments.npy
 create mode 100644 smart_building_conformal/outputs/matched_intervals005/bdg2_f2_s45_v2/stages/dscp_assignment_013376_013888/stage.json
 create mode 100644 smart_building_conformal/outputs/matched_intervals005/bdg2_f2_s45_v2/stages/dscp_assignment_013888_014400/COMPLETE.json
 create mode 100644 smart_building_conformal/outputs/matched_intervals005/bdg2_f2_s45_v2/stages/dscp_assignment_013888_014400/assignments.npy
 create mode 100644 smart_building_conformal/outputs/matched_intervals005/bdg2_f2_s45_v2/stages/dscp_assignment_013888_014400/stage.json
 create mode 100644 smart_building_conformal/outputs/matched_intervals005/bdg2_f2_s45_v2/stages/dscp_assignment_014400_014912/COMPLETE.json
 create mode 100644 smart_building_conformal/outputs/matched_intervals005/bdg2_f2_s45_v2/stages/dscp_assignment_014400_014912/assignments.npy
 create mode 100644 smart_building_conformal/outputs/matched_intervals005/bdg2_f2_s45_v2/stages/dscp_assignment_014400_014912/stage.json
 create mode 100644 smart_building_conformal/outputs/matched_intervals005/bdg2_f2_s45_v2/stages/dscp_assignment_014912_015424/COMPLETE.json
 create mode 100644 smart_building_conformal/outputs/matched_intervals005/bdg2_f2_s45_v2/stages/dscp_assignment_014912_015424/assignments.npy
 create mode 100644 smart_building_conformal/outputs/matched_intervals005/bdg2_f2_s45_v2/stages/dscp_assignment_014912_015424/stage.json
 create mode 100644 smart_building_conformal/outputs/matched_intervals005/bdg2_f2_s45_v2/stages/dscp_assignment_015424_015936/COMPLETE.json
 create mode 100644 smart_building_conformal/outputs/matched_intervals005/bdg2_f2_s45_v2/stages/dscp_assignment_015424_015936/assignments.npy
 create mode 100644 smart_building_conformal/outputs/matched_intervals005/bdg2_f2_s45_v2/stages/dscp_assignment_015424_015936/stage.json
 create mode 100644 smart_building_conformal/outputs/matched_intervals005/bdg2_f2_s45_v2/stages/dscp_assignment_015936_016448/COMPLETE.json
 create mode 100644 smart_building_conformal/outputs/matched_intervals005/bdg2_f2_s45_v2/stages/dscp_assignment_015936_016448/assignments.npy
 create mode 100644 smart_building_conformal/outputs/matched_intervals005/bdg2_f2_s45_v2/stages/dscp_assignment_015936_016448/stage.json
 create mode 100644 smart_building_conformal/outputs/matched_intervals005/bdg2_f2_s45_v2/stages/dscp_assignment_016448_016960/COMPLETE.json
 create mode 100644 smart_building_conformal/outputs/matched_intervals005/bdg2_f2_s45_v2/stages/dscp_assignment_016448_016960/assignments.npy
 create mode 100644 smart_building_conformal/outputs/matched_intervals005/bdg2_f2_s45_v2/stages/dscp_assignment_016448_016960/stage.json
 create mode 100644 smart_building_conformal/outputs/matched_intervals005/bdg2_f2_s45_v2/stages/dscp_assignment_016960_017472/COMPLETE.json
 create mode 100644 smart_building_conformal/outputs/matched_intervals005/bdg2_f2_s45_v2/stages/dscp_assignment_016960_017472/assignments.npy
 create mode 100644 smart_building_conformal/outputs/matched_intervals005/bdg2_f2_s45_v2/stages/dscp_assignment_016960_017472/stage.json
 create mode 100644 smart_building_conformal/outputs/matched_intervals005/bdg2_f2_s45_v2/stages/dscp_assignment_017472_017984/COMPLETE.json
 create mode 100644 smart_building_conformal/outputs/matched_intervals005/bdg2_f2_s45_v2/stages/dscp_assignment_017472_017984/assignments.npy
 create mode 100644 smart_building_conformal/outputs/matched_intervals005/bdg2_f2_s45_v2/stages/dscp_assignment_017472_017984/stage.json
 create mode 100644 smart_building_conformal/outputs/matched_intervals005/bdg2_f2_s45_v2/stages/dscp_assignment_017984_018496/COMPLETE.json
 create mode 100644 smart_building_conformal/outputs/matched_intervals005/bdg2_f2_s45_v2/stages/dscp_assignment_017984_018496/assignments.npy
 create mode 100644 smart_building_conformal/outputs/matched_intervals005/bdg2_f2_s45_v2/stages/dscp_assignment_017984_018496/stage.json
 create mode 100644 smart_building_conformal/outputs/matched_intervals005/bdg2_f2_s45_v2/stages/dscp_assignment_018496_019008/COMPLETE.json
 create mode 100644 smart_building_conformal/outputs/matched_intervals005/bdg2_f2_s45_v2/stages/dscp_assignment_018496_019008/assignments.npy
 create mode 100644 smart_building_conformal/outputs/matched_intervals005/bdg2_f2_s45_v2/stages/dscp_assignment_018496_019008/stage.json
 create mode 100644 smart_building_conformal/outputs/matched_intervals005/bdg2_f2_s45_v2/stages/dscp_assignment_019008_019520/COMPLETE.json
 create mode 100644 smart_building_conformal/outputs/matched_intervals005/bdg2_f2_s45_v2/stages/dscp_assignment_019008_019520/assignments.npy
 create mode 100644 smart_building_conformal/outputs/matched_intervals005/bdg2_f2_s45_v2/stages/dscp_assignment_019008_019520/stage.json
 create mode 100644 smart_building_conformal/outputs/matched_intervals005/bdg2_f2_s45_v2/stages/dscp_assignment_019520_020032/COMPLETE.json
 create mode 100644 smart_building_conformal/outputs/matched_intervals005/bdg2_f2_s45_v2/stages/dscp_assignment_019520_020032/assignments.npy
 create mode 100644 smart_building_conformal/outputs/matched_intervals005/bdg2_f2_s45_v2/stages/dscp_assignment_019520_020032/stage.json
 create mode 100644 smart_building_conformal/outputs/matched_intervals005/bdg2_f2_s45_v2/stages/dscp_assignment_020032_020544/COMPLETE.json
 create mode 100644 smart_building_conformal/outputs/matched_intervals005/bdg2_f2_s45_v2/stages/dscp_assignment_020032_020544/assignments.npy
 create mode 100644 smart_building_conformal/outputs/matched_intervals005/bdg2_f2_s45_v2/stages/dscp_assignment_020032_020544/stage.json
 create mode 100644 smart_building_conformal/outputs/matched_intervals005/bdg2_f2_s45_v2/stages/dscp_assignment_020544_021056/COMPLETE.json
 create mode 100644 smart_building_conformal/outputs/matched_intervals005/bdg2_f2_s45_v2/stages/dscp_assignment_020544_021056/assignments.npy
 create mode 100644 smart_building_conformal/outputs/matched_intervals005/bdg2_f2_s45_v2/stages/dscp_assignment_020544_021056/stage.json
 create mode 100644 smart_building_conformal/outputs/matched_intervals005/bdg2_f2_s45_v2/stages/dscp_assignment_021056_021568/COMPLETE.json
 create mode 100644 smart_building_conformal/outputs/matched_intervals005/bdg2_f2_s45_v2/stages/dscp_assignment_021056_021568/assignments.npy
 create mode 100644 smart_building_conformal/outputs/matched_intervals005/bdg2_f2_s45_v2/stages/dscp_assignment_021056_021568/stage.json
 create mode 100644 smart_building_conformal/outputs/matched_intervals005/bdg2_f2_s45_v2/stages/dscp_assignment_021568_022080/COMPLETE.json
 create mode 100644 smart_building_conformal/outputs/matched_intervals005/bdg2_f2_s45_v2/stages/dscp_assignment_021568_022080/assignments.npy
 create mode 100644 smart_building_conformal/outputs/matched_intervals005/bdg2_f2_s45_v2/stages/dscp_assignment_021568_022080/stage.json
 create mode 100644 smart_building_conformal/outputs/matched_intervals005/bdg2_f2_s45_v2/stages/dscp_assignment_022080_022592/COMPLETE.json
 create mode 100644 smart_building_conformal/outputs/matched_intervals005/bdg2_f2_s45_v2/stages/dscp_assignment_022080_022592/assignments.npy
 create mode 100644 smart_building_conformal/outputs/matched_intervals005/bdg2_f2_s45_v2/stages/dscp_assignment_022080_022592/stage.json
 create mode 100644 smart_building_conformal/outputs/matched_intervals005/bdg2_f2_s45_v2/stages/dscp_assignment_022592_023104/COMPLETE.json
 create mode 100644 smart_building_conformal/outputs/matched_intervals005/bdg2_f2_s45_v2/stages/dscp_assignment_022592_023104/assignments.npy
 create mode 100644 smart_building_conformal/outputs/matched_intervals005/bdg2_f2_s45_v2/stages/dscp_assignment_022592_023104/stage.json
 create mode 100644 smart_building_conformal/outputs/matched_intervals005/bdg2_f2_s45_v2/stages/dscp_assignment_023104_023616/COMPLETE.json
 create mode 100644 smart_building_conformal/outputs/matched_intervals005/bdg2_f2_s45_v2/stages/dscp_assignment_023104_023616/assignments.npy
 create mode 100644 smart_building_conformal/outputs/matched_intervals005/bdg2_f2_s45_v2/stages/dscp_assignment_023104_023616/stage.json
 create mode 100644 smart_building_conformal/outputs/matched_intervals005/bdg2_f2_s45_v2/stages/dscp_assignment_023616_024128/COMPLETE.json
 create mode 100644 smart_building_conformal/outputs/matched_intervals005/bdg2_f2_s45_v2/stages/dscp_assignment_023616_024128/assignments.npy
 create mode 100644 smart_building_conformal/outputs/matched_intervals005/bdg2_f2_s45_v2/stages/dscp_assignment_023616_024128/stage.json
 create mode 100644 smart_building_conformal/outputs/matched_intervals005/bdg2_f2_s45_v2/stages/dscp_assignment_024128_024640/COMPLETE.json
 create mode 100644 smart_building_conformal/outputs/matched_intervals005/bdg2_f2_s45_v2/stages/dscp_assignment_024128_024640/assignments.npy
 create mode 100644 smart_building_conformal/outputs/matched_intervals005/bdg2_f2_s45_v2/stages/dscp_assignment_024128_024640/stage.json
 create mode 100644 smart_building_conformal/outputs/matched_intervals005/bdg2_f2_s45_v2/stages/dscp_assignment_024640_025152/COMPLETE.json
 create mode 100644 smart_building_conformal/outputs/matched_intervals005/bdg2_f2_s45_v2/stages/dscp_assignment_024640_025152/assignments.npy
 create mode 100644 smart_building_conformal/outputs/matched_intervals005/bdg2_f2_s45_v2/stages/dscp_assignment_024640_025152/stage.json
 create mode 100644 smart_building_conformal/outputs/matched_intervals005/bdg2_f2_s45_v2/stages/dscp_assignment_025152_025664/COMPLETE.json
 create mode 100644 smart_building_conformal/outputs/matched_intervals005/bdg2_f2_s45_v2/stages/dscp_assignment_025152_025664/assignments.npy
 create mode 100644 smart_building_conformal/outputs/matched_intervals005/bdg2_f2_s45_v2/stages/dscp_assignment_025152_025664/stage.json
 create mode 100644 smart_building_conformal/outputs/matched_intervals005/bdg2_f2_s45_v2/stages/dscp_assignment_025664_026176/COMPLETE.json
 create mode 100644 smart_building_conformal/outputs/matched_intervals005/bdg2_f2_s45_v2/stages/dscp_assignment_025664_026176/assignments.npy
 create mode 100644 smart_building_conformal/outputs/matched_intervals005/bdg2_f2_s45_v2/stages/dscp_assignment_025664_026176/stage.json
 create mode 100644 smart_building_conformal/outputs/matched_intervals005/bdg2_f2_s45_v2/stages/dscp_assignment_026176_026688/COMPLETE.json
 create mode 100644 smart_building_conformal/outputs/matched_intervals005/bdg2_f2_s45_v2/stages/dscp_assignment_026176_026688/assignments.npy
 create mode 100644 smart_building_conformal/outputs/matched_intervals005/bdg2_f2_s45_v2/stages/dscp_assignment_026176_026688/stage.json
 create mode 100644 smart_building_conformal/outputs/matched_intervals005/bdg2_f2_s45_v2/stages/dscp_assignment_026688_027200/COMPLETE.json
 create mode 100644 smart_building_conformal/outputs/matched_intervals005/bdg2_f2_s45_v2/stages/dscp_assignment_026688_027200/assignments.npy
 create mode 100644 smart_building_conformal/outputs/matched_intervals005/bdg2_f2_s45_v2/stages/dscp_assignment_026688_027200/stage.json
 create mode 100644 smart_building_conformal/outputs/matched_intervals005/bdg2_f2_s45_v2/stages/dscp_assignment_027200_027712/COMPLETE.json
 create mode 100644 smart_building_conformal/outputs/matched_intervals005/bdg2_f2_s45_v2/stages/dscp_assignment_027200_027712/assignments.npy
 create mode 100644 smart_building_conformal/outputs/matched_intervals005/bdg2_f2_s45_v2/stages/dscp_assignment_027200_027712/stage.json
 create mode 100644 smart_building_conformal/outputs/matched_intervals005/bdg2_f2_s45_v2/stages/dscp_assignment_027712_028224/COMPLETE.json
 create mode 100644 smart_building_conformal/outputs/matched_intervals005/bdg2_f2_s45_v2/stages/dscp_assignment_027712_028224/assignments.npy
 create mode 100644 smart_building_conformal/outputs/matched_intervals005/bdg2_f2_s45_v2/stages/dscp_assignment_027712_028224/stage.json
 create mode 100644 smart_building_conformal/outputs/matched_intervals005/bdg2_f2_s45_v2/stages/dscp_assignment_028224_028736/COMPLETE.json
 create mode 100644 smart_building_conformal/outputs/matched_intervals005/bdg2_f2_s45_v2/stages/dscp_assignment_028224_028736/assignments.npy
 create mode 100644 smart_building_conformal/outputs/matched_intervals005/bdg2_f2_s45_v2/stages/dscp_assignment_028224_028736/stage.json
 create mode 100644 smart_building_conformal/outputs/matched_intervals005/bdg2_f2_s45_v2/stages/dscp_assignment_028736_029248/COMPLETE.json
 create mode 100644 smart_building_conformal/outputs/matched_intervals005/bdg2_f2_s45_v2/stages/dscp_assignment_028736_029248/assignments.npy
 create mode 100644 smart_building_conformal/outputs/matched_intervals005/bdg2_f2_s45_v2/stages/dscp_assignment_028736_029248/stage.json
 create mode 100644 smart_building_conformal/outputs/matched_intervals005/bdg2_f2_s45_v2/stages/dscp_assignment_029248_029760/COMPLETE.json
 create mode 100644 smart_building_conformal/outputs/matched_intervals005/bdg2_f2_s45_v2/stages/dscp_assignment_029248_029760/assignments.npy
 create mode 100644 smart_building_conformal/outputs/matched_intervals005/bdg2_f2_s45_v2/stages/dscp_assignment_029248_029760/stage.json
 create mode 100644 smart_building_conformal/outputs/matched_intervals005/bdg2_f2_s45_v2/stages/dscp_assignment_029760_030272/COMPLETE.json
 create mode 100644 smart_building_conformal/outputs/matched_intervals005/bdg2_f2_s45_v2/stages/dscp_assignment_029760_030272/assignments.npy
 create mode 100644 smart_building_conformal/outputs/matched_intervals005/bdg2_f2_s45_v2/stages/dscp_assignment_029760_030272/stage.json
 create mode 100644 smart_building_conformal/outputs/matched_intervals005/bdg2_f2_s45_v2/stages/dscp_assignment_030272_030784/COMPLETE.json
 create mode 100644 smart_building_conformal/outputs/matched_intervals005/bdg2_f2_s45_v2/stages/dscp_assignment_030272_030784/assignments.npy
 create mode 100644 smart_building_conformal/outputs/matched_intervals005/bdg2_f2_s45_v2/stages/dscp_assignment_030272_030784/stage.json
 create mode 100644 smart_building_conformal/outputs/matched_intervals005/bdg2_f2_s45_v2/stages/dscp_assignment_030784_031296/COMPLETE.json
 create mode 100644 smart_building_conformal/outputs/matched_intervals005/bdg2_f2_s45_v2/stages/dscp_assignment_030784_031296/assignments.npy
 create mode 100644 smart_building_conformal/outputs/matched_intervals005/bdg2_f2_s45_v2/stages/dscp_assignment_030784_031296/stage.json
 create mode 100644 smart_building_conformal/outputs/matched_intervals005/bdg2_f2_s45_v2/stages/dscp_assignment_031296_031808/COMPLETE.json
 create mode 100644 smart_building_conformal/outputs/matched_intervals005/bdg2_f2_s45_v2/stages/dscp_assignment_031296_031808/assignments.npy
 create mode 100644 smart_building_conformal/outputs/matched_intervals005/bdg2_f2_s45_v2/stages/dscp_assignment_031296_031808/stage.json
 create mode 100644 smart_building_conformal/outputs/matched_intervals005/bdg2_f2_s45_v2/stages/dscp_assignment_031808_032320/COMPLETE.json
 create mode 100644 smart_building_conformal/outputs/matched_intervals005/bdg2_f2_s45_v2/stages/dscp_assignment_031808_032320/assignments.npy
 create mode 100644 smart_building_conformal/outputs/matched_intervals005/bdg2_f2_s45_v2/stages/dscp_assignment_031808_032320/stage.json
 create mode 100644 smart_building_conformal/outputs/matched_intervals005/bdg2_f2_s45_v2/stages/dscp_assignment_032320_032832/COMPLETE.json
 create mode 100644 smart_building_conformal/outputs/matched_intervals005/bdg2_f2_s45_v2/stages/dscp_assignment_032320_032832/assignments.npy
 create mode 100644 smart_building_conformal/outputs/matched_intervals005/bdg2_f2_s45_v2/stages/dscp_assignment_032320_032832/stage.json
 create mode 100644 smart_building_conformal/outputs/matched_intervals005/bdg2_f2_s45_v2/stages/dscp_assignment_032832_033344/COMPLETE.json
 create mode 100644 smart_building_conformal/outputs/matched_intervals005/bdg2_f2_s45_v2/stages/dscp_assignment_032832_033344/assignments.npy
 create mode 100644 smart_building_conformal/outputs/matched_intervals005/bdg2_f2_s45_v2/stages/dscp_assignment_032832_033344/stage.json
 create mode 100644 smart_building_conformal/outputs/matched_intervals005/bdg2_f2_s45_v2/stages/dscp_assignment_033344_033856/COMPLETE.json
 create mode 100644 smart_building_conformal/outputs/matched_intervals005/bdg2_f2_s45_v2/stages/dscp_assignment_033344_033856/assignments.npy
 create mode 100644 smart_building_conformal/outputs/matched_intervals005/bdg2_f2_s45_v2/stages/dscp_assignment_033344_033856/stage.json
 create mode 100644 smart_building_conformal/outputs/matched_intervals005/bdg2_f2_s45_v2/stages/dscp_assignment_033856_034368/COMPLETE.json
 create mode 100644 smart_building_conformal/outputs/matched_intervals005/bdg2_f2_s45_v2/stages/dscp_assignment_033856_034368/assignments.npy
 create mode 100644 smart_building_conformal/outputs/matched_intervals005/bdg2_f2_s45_v2/stages/dscp_assignment_033856_034368/stage.json
 create mode 100644 smart_building_conformal/outputs/matched_intervals005/bdg2_f2_s45_v2/stages/dscp_assignment_034368_034590/COMPLETE.json
 create mode 100644 smart_building_conformal/outputs/matched_intervals005/bdg2_f2_s45_v2/stages/dscp_assignment_034368_034590/assignments.npy
 create mode 100644 smart_building_conformal/outputs/matched_intervals005/bdg2_f2_s45_v2/stages/dscp_assignment_034368_034590/stage.json
 create mode 100644 smart_building_conformal/outputs/matched_intervals005/bdg2_f2_s45_v2/stages/dscp_fit/COMPLETE.json
 create mode 100644 smart_building_conformal/outputs/matched_intervals005/bdg2_f2_s45_v2/stages/dscp_fit/calibrator.pkl
 create mode 100644 smart_building_conformal/outputs/matched_intervals005/bdg2_f2_s45_v2/stages/dscp_fit/calibrator_metadata.json
 create mode 100644 smart_building_conformal/outputs/matched_intervals005/bdg2_f2_s45_v2/stages/dscp_fit/stage.json
 create mode 100644 smart_building_conformal/outputs/matched_intervals005/bdg2_f2_s45_v2/stages/dscp_joint/COMPLETE.json
 create mode 100644 smart_building_conformal/outputs/matched_intervals005/bdg2_f2_s45_v2/stages/dscp_joint/calibration_h1.csv.gz
 create mode 100644 smart_building_conformal/outputs/matched_intervals005/bdg2_f2_s45_v2/stages/dscp_joint/calibration_h3.csv.gz
 create mode 100644 smart_building_conformal/outputs/matched_intervals005/bdg2_f2_s45_v2/stages/dscp_joint/calibration_h6.csv.gz
 create mode 100644 smart_building_conformal/outputs/matched_intervals005/bdg2_f2_s45_v2/stages/dscp_joint/fit_h1.csv.gz
 create mode 100644 smart_building_conformal/outputs/matched_intervals005/bdg2_f2_s45_v2/stages/dscp_joint/fit_h3.csv.gz
 create mode 100644 smart_building_conformal/outputs/matched_intervals005/bdg2_f2_s45_v2/stages/dscp_joint/fit_h6.csv.gz
 create mode 100644 smart_building_conformal/outputs/matched_intervals005/bdg2_f2_s45_v2/stages/dscp_joint/stage.json
 create mode 100644 smart_building_conformal/outputs/matched_intervals005/bdg2_f2_s45_v2/stages/dscp_joint/test_h1.csv.gz
 create mode 100644 smart_building_conformal/outputs/matched_intervals005/bdg2_f2_s45_v2/stages/dscp_joint/test_h3.csv.gz
 create mode 100644 smart_building_conformal/outputs/matched_intervals005/bdg2_f2_s45_v2/stages/dscp_joint/test_h6.csv.gz
 create mode 100644 smart_building_conformal/outputs/matched_intervals005/bdg2_f2_s45_v2/stages/historical_h1/COMPLETE.json
 create mode 100644 smart_building_conformal/outputs/matched_intervals005/bdg2_f2_s45_v2/stages/historical_h1/calibration.csv.gz
 create mode 100644 smart_building_conformal/outputs/matched_intervals005/bdg2_f2_s45_v2/stages/historical_h1/fit.csv.gz
 create mode 100644 smart_building_conformal/outputs/matched_intervals005/bdg2_f2_s45_v2/stages/historical_h1/reload_checks.csv
 create mode 100644 smart_building_conformal/outputs/matched_intervals005/bdg2_f2_s45_v2/stages/historical_h1/stage.json
 create mode 100644 smart_building_conformal/outputs/matched_intervals005/bdg2_f2_s45_v2/stages/historical_h1/test.csv.gz
 create mode 100644 smart_building_conformal/outputs/matched_intervals005/bdg2_f2_s45_v2/stages/historical_h3/COMPLETE.json
 create mode 100644 smart_building_conformal/outputs/matched_intervals005/bdg2_f2_s45_v2/stages/historical_h3/calibration.csv.gz
 create mode 100644 smart_building_conformal/outputs/matched_intervals005/bdg2_f2_s45_v2/stages/historical_h3/fit.csv.gz
 create mode 100644 smart_building_conformal/outputs/matched_intervals005/bdg2_f2_s45_v2/stages/historical_h3/reload_checks.csv
 create mode 100644 smart_building_conformal/outputs/matched_intervals005/bdg2_f2_s45_v2/stages/historical_h3/stage.json
 create mode 100644 smart_building_conformal/outputs/matched_intervals005/bdg2_f2_s45_v2/stages/historical_h3/test.csv.gz
 create mode 100644 smart_building_conformal/outputs/matched_intervals005/bdg2_f2_s45_v2/stages/historical_h6/COMPLETE.json
 create mode 100644 smart_building_conformal/outputs/matched_intervals005/bdg2_f2_s45_v2/stages/historical_h6/calibration.csv.gz
 create mode 100644 smart_building_conformal/outputs/matched_intervals005/bdg2_f2_s45_v2/stages/historical_h6/fit.csv.gz
 create mode 100644 smart_building_conformal/outputs/matched_intervals005/bdg2_f2_s45_v2/stages/historical_h6/reload_checks.csv
 create mode 100644 smart_building_conformal/outputs/matched_intervals005/bdg2_f2_s45_v2/stages/historical_h6/stage.json
 create mode 100644 smart_building_conformal/outputs/matched_intervals005/bdg2_f2_s45_v2/stages/historical_h6/test.csv.gz
 create mode 100644 smart_building_conformal/outputs/matched_intervals005/bdg2_f2_s45_v2/stages/owner_cal_h1_cqr_l90/COMPLETE.json
 create mode 100644 smart_building_conformal/outputs/matched_intervals005/bdg2_f2_s45_v2/stages/owner_cal_h1_cqr_l90/native_conformity_scores.npy
 create mode 100644 smart_building_conformal/outputs/matched_intervals005/bdg2_f2_s45_v2/stages/owner_cal_h1_cqr_l90/operation_counts.json
 create mode 100644 smart_building_conformal/outputs/matched_intervals005/bdg2_f2_s45_v2/stages/owner_cal_h1_cqr_l90/owner.pkl
 create mode 100644 smart_building_conformal/outputs/matched_intervals005/bdg2_f2_s45_v2/stages/owner_cal_h1_cqr_l90/stage.json
 create mode 100644 smart_building_conformal/outputs/matched_intervals005/bdg2_f2_s45_v2/stages/owner_cal_h1_cqr_l95/COMPLETE.json
 create mode 100644 smart_building_conformal/outputs/matched_intervals005/bdg2_f2_s45_v2/stages/owner_cal_h1_cqr_l95/native_conformity_scores.npy
 create mode 100644 smart_building_conformal/outputs/matched_intervals005/bdg2_f2_s45_v2/stages/owner_cal_h1_cqr_l95/operation_counts.json
 create mode 100644 smart_building_conformal/outputs/matched_intervals005/bdg2_f2_s45_v2/stages/owner_cal_h1_cqr_l95/owner.pkl
 create mode 100644 smart_building_conformal/outputs/matched_intervals005/bdg2_f2_s45_v2/stages/owner_cal_h1_cqr_l95/stage.json
 create mode 100644 smart_building_conformal/outputs/matched_intervals005/bdg2_f2_s45_v2/stages/owner_cal_h1_enbpi/COMPLETE.json
 create mode 100644 smart_building_conformal/outputs/matched_intervals005/bdg2_f2_s45_v2/stages/owner_cal_h1_enbpi/native_conformity_scores.npy
 create mode 100644 smart_building_conformal/outputs/matched_intervals005/bdg2_f2_s45_v2/stages/owner_cal_h1_enbpi/operation_counts.json
 create mode 100644 smart_building_conformal/outputs/matched_intervals005/bdg2_f2_s45_v2/stages/owner_cal_h1_enbpi/owner.pkl
 create mode 100644 smart_building_conformal/outputs/matched_intervals005/bdg2_f2_s45_v2/stages/owner_cal_h1_enbpi/stage.json
 create mode 100644 smart_building_conformal/outputs/matched_intervals005/bdg2_f2_s45_v2/stages/owner_cal_h3_cqr_l90/COMPLETE.json
 create mode 100644 smart_building_conformal/outputs/matched_intervals005/bdg2_f2_s45_v2/stages/owner_cal_h3_cqr_l90/native_conformity_scores.npy
 create mode 100644 smart_building_conformal/outputs/matched_intervals005/bdg2_f2_s45_v2/stages/owner_cal_h3_cqr_l90/operation_counts.json
 create mode 100644 smart_building_conformal/outputs/matched_intervals005/bdg2_f2_s45_v2/stages/owner_cal_h3_cqr_l90/owner.pkl
 create mode 100644 smart_building_conformal/outputs/matched_intervals005/bdg2_f2_s45_v2/stages/owner_cal_h3_cqr_l90/stage.json
 create mode 100644 smart_building_conformal/outputs/matched_intervals005/bdg2_f2_s45_v2/stages/owner_cal_h3_cqr_l95/COMPLETE.json
 create mode 100644 smart_building_conformal/outputs/matched_intervals005/bdg2_f2_s45_v2/stages/owner_cal_h3_cqr_l95/native_conformity_scores.npy
 create mode 100644 smart_building_conformal/outputs/matched_intervals005/bdg2_f2_s45_v2/stages/owner_cal_h3_cqr_l95/operation_counts.json
 create mode 100644 smart_building_conformal/outputs/matched_intervals005/bdg2_f2_s45_v2/stages/owner_cal_h3_cqr_l95/owner.pkl
 create mode 100644 smart_building_conformal/outputs/matched_intervals005/bdg2_f2_s45_v2/stages/owner_cal_h3_cqr_l95/stage.json
 create mode 100644 smart_building_conformal/outputs/matched_intervals005/bdg2_f2_s45_v2/stages/owner_cal_h3_enbpi/COMPLETE.json
 create mode 100644 smart_building_conformal/outputs/matched_intervals005/bdg2_f2_s45_v2/stages/owner_cal_h3_enbpi/native_conformity_scores.npy
 create mode 100644 smart_building_conformal/outputs/matched_intervals005/bdg2_f2_s45_v2/stages/owner_cal_h3_enbpi/operation_counts.json
 create mode 100644 smart_building_conformal/outputs/matched_intervals005/bdg2_f2_s45_v2/stages/owner_cal_h3_enbpi/owner.pkl
 create mode 100644 smart_building_conformal/outputs/matched_intervals005/bdg2_f2_s45_v2/stages/owner_cal_h3_enbpi/stage.json
 create mode 100644 smart_building_conformal/outputs/matched_intervals005/bdg2_f2_s45_v2/stages/owner_cal_h6_cqr_l90/COMPLETE.json
 create mode 100644 smart_building_conformal/outputs/matched_intervals005/bdg2_f2_s45_v2/stages/owner_cal_h6_cqr_l90/native_conformity_scores.npy
 create mode 100644 smart_building_conformal/outputs/matched_intervals005/bdg2_f2_s45_v2/stages/owner_cal_h6_cqr_l90/operation_counts.json
 create mode 100644 smart_building_conformal/outputs/matched_intervals005/bdg2_f2_s45_v2/stages/owner_cal_h6_cqr_l90/owner.pkl
 create mode 100644 smart_building_conformal/outputs/matched_intervals005/bdg2_f2_s45_v2/stages/owner_cal_h6_cqr_l90/stage.json
 create mode 100644 smart_building_conformal/outputs/matched_intervals005/bdg2_f2_s45_v2/stages/owner_cal_h6_cqr_l95/COMPLETE.json
 create mode 100644 smart_building_conformal/outputs/matched_intervals005/bdg2_f2_s45_v2/stages/owner_cal_h6_cqr_l95/native_conformity_scores.npy
 create mode 100644 smart_building_conformal/outputs/matched_intervals005/bdg2_f2_s45_v2/stages/owner_cal_h6_cqr_l95/operation_counts.json
 create mode 100644 smart_building_conformal/outputs/matched_intervals005/bdg2_f2_s45_v2/stages/owner_cal_h6_cqr_l95/owner.pkl
 create mode 100644 smart_building_conformal/outputs/matched_intervals005/bdg2_f2_s45_v2/stages/owner_cal_h6_cqr_l95/stage.json
 create mode 100644 smart_building_conformal/outputs/matched_intervals005/bdg2_f2_s45_v2/stages/owner_cal_h6_enbpi/COMPLETE.json
 create mode 100644 smart_building_conformal/outputs/matched_intervals005/bdg2_f2_s45_v2/stages/owner_cal_h6_enbpi/native_conformity_scores.npy
 create mode 100644 smart_building_conformal/outputs/matched_intervals005/bdg2_f2_s45_v2/stages/owner_cal_h6_enbpi/operation_counts.json
 create mode 100644 smart_building_conformal/outputs/matched_intervals005/bdg2_f2_s45_v2/stages/owner_cal_h6_enbpi/owner.pkl
 create mode 100644 smart_building_conformal/outputs/matched_intervals005/bdg2_f2_s45_v2/stages/owner_cal_h6_enbpi/stage.json
 create mode 100644 smart_building_conformal/outputs/matched_intervals005/bdg2_f2_s45_v2/stages/owner_fit_h1_cqr_l90/COMPLETE.json
 create mode 100644 smart_building_conformal/outputs/matched_intervals005/bdg2_f2_s45_v2/stages/owner_fit_h1_cqr_l90/operation_counts.json
 create mode 100644 smart_building_conformal/outputs/matched_intervals005/bdg2_f2_s45_v2/stages/owner_fit_h1_cqr_l90/owner.pkl
 create mode 100644 smart_building_conformal/outputs/matched_intervals005/bdg2_f2_s45_v2/stages/owner_fit_h1_cqr_l90/stage.json
 create mode 100644 smart_building_conformal/outputs/matched_intervals005/bdg2_f2_s45_v2/stages/owner_fit_h1_cqr_l95/COMPLETE.json
 create mode 100644 smart_building_conformal/outputs/matched_intervals005/bdg2_f2_s45_v2/stages/owner_fit_h1_cqr_l95/operation_counts.json
 create mode 100644 smart_building_conformal/outputs/matched_intervals005/bdg2_f2_s45_v2/stages/owner_fit_h1_cqr_l95/owner.pkl
 create mode 100644 smart_building_conformal/outputs/matched_intervals005/bdg2_f2_s45_v2/stages/owner_fit_h1_cqr_l95/stage.json
 create mode 100644 smart_building_conformal/outputs/matched_intervals005/bdg2_f2_s45_v2/stages/owner_fit_h1_enbpi/COMPLETE.json
 create mode 100644 smart_building_conformal/outputs/matched_intervals005/bdg2_f2_s45_v2/stages/owner_fit_h1_enbpi/operation_counts.json
 create mode 100644 smart_building_conformal/outputs/matched_intervals005/bdg2_f2_s45_v2/stages/owner_fit_h1_enbpi/owner.pkl
 create mode 100644 smart_building_conformal/outputs/matched_intervals005/bdg2_f2_s45_v2/stages/owner_fit_h1_enbpi/stage.json
 create mode 100644 smart_building_conformal/outputs/matched_intervals005/bdg2_f2_s45_v2/stages/owner_fit_h3_cqr_l90/COMPLETE.json
 create mode 100644 smart_building_conformal/outputs/matched_intervals005/bdg2_f2_s45_v2/stages/owner_fit_h3_cqr_l90/operation_counts.json
 create mode 100644 smart_building_conformal/outputs/matched_intervals005/bdg2_f2_s45_v2/stages/owner_fit_h3_cqr_l90/owner.pkl
 create mode 100644 smart_building_conformal/outputs/matched_intervals005/bdg2_f2_s45_v2/stages/owner_fit_h3_cqr_l90/stage.json
 create mode 100644 smart_building_conformal/outputs/matched_intervals005/bdg2_f2_s45_v2/stages/owner_fit_h3_cqr_l95/COMPLETE.json
 create mode 100644 smart_building_conformal/outputs/matched_intervals005/bdg2_f2_s45_v2/stages/owner_fit_h3_cqr_l95/operation_counts.json
 create mode 100644 smart_building_conformal/outputs/matched_intervals005/bdg2_f2_s45_v2/stages/owner_fit_h3_cqr_l95/owner.pkl
 create mode 100644 smart_building_conformal/outputs/matched_intervals005/bdg2_f2_s45_v2/stages/owner_fit_h3_cqr_l95/stage.json
 create mode 100644 smart_building_conformal/outputs/matched_intervals005/bdg2_f2_s45_v2/stages/owner_fit_h3_enbpi/COMPLETE.json
 create mode 100644 smart_building_conformal/outputs/matched_intervals005/bdg2_f2_s45_v2/stages/owner_fit_h3_enbpi/operation_counts.json
 create mode 100644 smart_building_conformal/outputs/matched_intervals005/bdg2_f2_s45_v2/stages/owner_fit_h3_enbpi/owner.pkl
 create mode 100644 smart_building_conformal/outputs/matched_intervals005/bdg2_f2_s45_v2/stages/owner_fit_h3_enbpi/stage.json
 create mode 100644 smart_building_conformal/outputs/matched_intervals005/bdg2_f2_s45_v2/stages/owner_fit_h6_cqr_l90/COMPLETE.json
 create mode 100644 smart_building_conformal/outputs/matched_intervals005/bdg2_f2_s45_v2/stages/owner_fit_h6_cqr_l90/operation_counts.json
 create mode 100644 smart_building_conformal/outputs/matched_intervals005/bdg2_f2_s45_v2/stages/owner_fit_h6_cqr_l90/owner.pkl
 create mode 100644 smart_building_conformal/outputs/matched_intervals005/bdg2_f2_s45_v2/stages/owner_fit_h6_cqr_l90/stage.json
 create mode 100644 smart_building_conformal/outputs/matched_intervals005/bdg2_f2_s45_v2/stages/owner_fit_h6_cqr_l95/COMPLETE.json
 create mode 100644 smart_building_conformal/outputs/matched_intervals005/bdg2_f2_s45_v2/stages/owner_fit_h6_cqr_l95/operation_counts.json
 create mode 100644 smart_building_conformal/outputs/matched_intervals005/bdg2_f2_s45_v2/stages/owner_fit_h6_cqr_l95/owner.pkl
 create mode 100644 smart_building_conformal/outputs/matched_intervals005/bdg2_f2_s45_v2/stages/owner_fit_h6_cqr_l95/stage.json
 create mode 100644 smart_building_conformal/outputs/matched_intervals005/bdg2_f2_s45_v2/stages/owner_fit_h6_enbpi/COMPLETE.json
 create mode 100644 smart_building_conformal/outputs/matched_intervals005/bdg2_f2_s45_v2/stages/owner_fit_h6_enbpi/operation_counts.json
 create mode 100644 smart_building_conformal/outputs/matched_intervals005/bdg2_f2_s45_v2/stages/owner_fit_h6_enbpi/owner.pkl
 create mode 100644 smart_building_conformal/outputs/matched_intervals005/bdg2_f2_s45_v2/stages/owner_fit_h6_enbpi/stage.json
 create mode 100644 smart_building_conformal/outputs/matched_intervals005/bdg2_f2_s45_v2/stages/preparation_h1/COMPLETE.json
 create mode 100644 smart_building_conformal/outputs/matched_intervals005/bdg2_f2_s45_v2/stages/preparation_h1/stage.json
 create mode 100644 smart_building_conformal/outputs/matched_intervals005/bdg2_f2_s45_v2/stages/preparation_h3/COMPLETE.json
 create mode 100644 smart_building_conformal/outputs/matched_intervals005/bdg2_f2_s45_v2/stages/preparation_h3/stage.json
 create mode 100644 smart_building_conformal/outputs/matched_intervals005/bdg2_f2_s45_v2/stages/preparation_h6/COMPLETE.json
 create mode 100644 smart_building_conformal/outputs/matched_intervals005/bdg2_f2_s45_v2/stages/preparation_h6/stage.json
 create mode 100644 smart_building_conformal/outputs/matched_intervals005/bdg2_f2_s45_v2/stages/raw_h1_cqr_l90/COMPLETE.json
 create mode 100644 smart_building_conformal/outputs/matched_intervals005/bdg2_f2_s45_v2/stages/raw_h1_cqr_l90/calibration_90.csv.gz
 create mode 100644 smart_building_conformal/outputs/matched_intervals005/bdg2_f2_s45_v2/stages/raw_h1_cqr_l90/calibration_metadata.csv.gz
 create mode 100644 smart_building_conformal/outputs/matched_intervals005/bdg2_f2_s45_v2/stages/raw_h1_cqr_l90/stage.json
 create mode 100644 smart_building_conformal/outputs/matched_intervals005/bdg2_f2_s45_v2/stages/raw_h1_cqr_l90/test_90.csv.gz
 create mode 100644 smart_building_conformal/outputs/matched_intervals005/bdg2_f2_s45_v2/stages/raw_h1_cqr_l90/test_metadata.csv.gz
 create mode 100644 smart_building_conformal/outputs/matched_intervals005/bdg2_f2_s45_v2/stages/raw_h1_cqr_l95/COMPLETE.json
 create mode 100644 smart_building_conformal/outputs/matched_intervals005/bdg2_f2_s45_v2/stages/raw_h1_cqr_l95/calibration_95.csv.gz
 create mode 100644 smart_building_conformal/outputs/matched_intervals005/bdg2_f2_s45_v2/stages/raw_h1_cqr_l95/calibration_metadata.csv.gz
 create mode 100644 smart_building_conformal/outputs/matched_intervals005/bdg2_f2_s45_v2/stages/raw_h1_cqr_l95/stage.json
 create mode 100644 smart_building_conformal/outputs/matched_intervals005/bdg2_f2_s45_v2/stages/raw_h1_cqr_l95/test_95.csv.gz
 create mode 100644 smart_building_conformal/outputs/matched_intervals005/bdg2_f2_s45_v2/stages/raw_h1_cqr_l95/test_metadata.csv.gz
 create mode 100644 smart_building_conformal/outputs/matched_intervals005/bdg2_f2_s45_v2/stages/raw_h1_enbpi/COMPLETE.json
 create mode 100644 smart_building_conformal/outputs/matched_intervals005/bdg2_f2_s45_v2/stages/raw_h1_enbpi/calibration_90.csv.gz
 create mode 100644 smart_building_conformal/outputs/matched_intervals005/bdg2_f2_s45_v2/stages/raw_h1_enbpi/calibration_95.csv.gz
 create mode 100644 smart_building_conformal/outputs/matched_intervals005/bdg2_f2_s45_v2/stages/raw_h1_enbpi/calibration_metadata.csv.gz
 create mode 100644 smart_building_conformal/outputs/matched_intervals005/bdg2_f2_s45_v2/stages/raw_h1_enbpi/stage.json
 create mode 100644 smart_building_conformal/outputs/matched_intervals005/bdg2_f2_s45_v2/stages/raw_h1_enbpi/test_90.csv.gz
 create mode 100644 smart_building_conformal/outputs/matched_intervals005/bdg2_f2_s45_v2/stages/raw_h1_enbpi/test_95.csv.gz
 create mode 100644 smart_building_conformal/outputs/matched_intervals005/bdg2_f2_s45_v2/stages/raw_h1_enbpi/test_metadata.csv.gz
 create mode 100644 smart_building_conformal/outputs/matched_intervals005/bdg2_f2_s45_v2/stages/raw_h3_cqr_l90/COMPLETE.json
 create mode 100644 smart_building_conformal/outputs/matched_intervals005/bdg2_f2_s45_v2/stages/raw_h3_cqr_l90/calibration_90.csv.gz
 create mode 100644 smart_building_conformal/outputs/matched_intervals005/bdg2_f2_s45_v2/stages/raw_h3_cqr_l90/calibration_metadata.csv.gz
 create mode 100644 smart_building_conformal/outputs/matched_intervals005/bdg2_f2_s45_v2/stages/raw_h3_cqr_l90/stage.json
 create mode 100644 smart_building_conformal/outputs/matched_intervals005/bdg2_f2_s45_v2/stages/raw_h3_cqr_l90/test_90.csv.gz
 create mode 100644 smart_building_conformal/outputs/matched_intervals005/bdg2_f2_s45_v2/stages/raw_h3_cqr_l90/test_metadata.csv.gz
 create mode 100644 smart_building_conformal/outputs/matched_intervals005/bdg2_f2_s45_v2/stages/raw_h3_cqr_l95/COMPLETE.json
 create mode 100644 smart_building_conformal/outputs/matched_intervals005/bdg2_f2_s45_v2/stages/raw_h3_cqr_l95/calibration_95.csv.gz
 create mode 100644 smart_building_conformal/outputs/matched_intervals005/bdg2_f2_s45_v2/stages/raw_h3_cqr_l95/calibration_metadata.csv.gz
 create mode 100644 smart_building_conformal/outputs/matched_intervals005/bdg2_f2_s45_v2/stages/raw_h3_cqr_l95/stage.json
 create mode 100644 smart_building_conformal/outputs/matched_intervals005/bdg2_f2_s45_v2/stages/raw_h3_cqr_l95/test_95.csv.gz
 create mode 100644 smart_building_conformal/outputs/matched_intervals005/bdg2_f2_s45_v2/stages/raw_h3_cqr_l95/test_metadata.csv.gz
 create mode 100644 smart_building_conformal/outputs/matched_intervals005/bdg2_f2_s45_v2/stages/raw_h3_enbpi/COMPLETE.json
 create mode 100644 smart_building_conformal/outputs/matched_intervals005/bdg2_f2_s45_v2/stages/raw_h3_enbpi/calibration_90.csv.gz
 create mode 100644 smart_building_conformal/outputs/matched_intervals005/bdg2_f2_s45_v2/stages/raw_h3_enbpi/calibration_95.csv.gz
 create mode 100644 smart_building_conformal/outputs/matched_intervals005/bdg2_f2_s45_v2/stages/raw_h3_enbpi/calibration_metadata.csv.gz
 create mode 100644 smart_building_conformal/outputs/matched_intervals005/bdg2_f2_s45_v2/stages/raw_h3_enbpi/stage.json
 create mode 100644 smart_building_conformal/outputs/matched_intervals005/bdg2_f2_s45_v2/stages/raw_h3_enbpi/test_90.csv.gz
 create mode 100644 smart_building_conformal/outputs/matched_intervals005/bdg2_f2_s45_v2/stages/raw_h3_enbpi/test_95.csv.gz
 create mode 100644 smart_building_conformal/outputs/matched_intervals005/bdg2_f2_s45_v2/stages/raw_h3_enbpi/test_metadata.csv.gz
 create mode 100644 smart_building_conformal/outputs/matched_intervals005/bdg2_f2_s45_v2/stages/raw_h6_cqr_l90/COMPLETE.json
 create mode 100644 smart_building_conformal/outputs/matched_intervals005/bdg2_f2_s45_v2/stages/raw_h6_cqr_l90/calibration_90.csv.gz
 create mode 100644 smart_building_conformal/outputs/matched_intervals005/bdg2_f2_s45_v2/stages/raw_h6_cqr_l90/calibration_metadata.csv.gz
 create mode 100644 smart_building_conformal/outputs/matched_intervals005/bdg2_f2_s45_v2/stages/raw_h6_cqr_l90/stage.json
 create mode 100644 smart_building_conformal/outputs/matched_intervals005/bdg2_f2_s45_v2/stages/raw_h6_cqr_l90/test_90.csv.gz
 create mode 100644 smart_building_conformal/outputs/matched_intervals005/bdg2_f2_s45_v2/stages/raw_h6_cqr_l90/test_metadata.csv.gz
 create mode 100644 smart_building_conformal/outputs/matched_intervals005/bdg2_f2_s45_v2/stages/raw_h6_cqr_l95/COMPLETE.json
 create mode 100644 smart_building_conformal/outputs/matched_intervals005/bdg2_f2_s45_v2/stages/raw_h6_cqr_l95/calibration_95.csv.gz
 create mode 100644 smart_building_conformal/outputs/matched_intervals005/bdg2_f2_s45_v2/stages/raw_h6_cqr_l95/calibration_metadata.csv.gz
 create mode 100644 smart_building_conformal/outputs/matched_intervals005/bdg2_f2_s45_v2/stages/raw_h6_cqr_l95/stage.json
 create mode 100644 smart_building_conformal/outputs/matched_intervals005/bdg2_f2_s45_v2/stages/raw_h6_cqr_l95/test_95.csv.gz
 create mode 100644 smart_building_conformal/outputs/matched_intervals005/bdg2_f2_s45_v2/stages/raw_h6_cqr_l95/test_metadata.csv.gz
 create mode 100644 smart_building_conformal/outputs/matched_intervals005/bdg2_f2_s45_v2/stages/raw_h6_enbpi/COMPLETE.json
 create mode 100644 smart_building_conformal/outputs/matched_intervals005/bdg2_f2_s45_v2/stages/raw_h6_enbpi/calibration_90.csv.gz
 create mode 100644 smart_building_conformal/outputs/matched_intervals005/bdg2_f2_s45_v2/stages/raw_h6_enbpi/calibration_95.csv.gz
 create mode 100644 smart_building_conformal/outputs/matched_intervals005/bdg2_f2_s45_v2/stages/raw_h6_enbpi/calibration_metadata.csv.gz
 create mode 100644 smart_building_conformal/outputs/matched_intervals005/bdg2_f2_s45_v2/stages/raw_h6_enbpi/stage.json
 create mode 100644 smart_building_conformal/outputs/matched_intervals005/bdg2_f2_s45_v2/stages/raw_h6_enbpi/test_90.csv.gz
 create mode 100644 smart_building_conformal/outputs/matched_intervals005/bdg2_f2_s45_v2/stages/raw_h6_enbpi/test_95.csv.gz
 create mode 100644 smart_building_conformal/outputs/matched_intervals005/bdg2_f2_s45_v2/stages/raw_h6_enbpi/test_metadata.csv.gz
 create mode 100644 smart_building_conformal/outputs/matched_intervals005/bdg2_f2_s45_v2/stages/seasonal_h1/COMPLETE.json
 create mode 100644 smart_building_conformal/outputs/matched_intervals005/bdg2_f2_s45_v2/stages/seasonal_h1/alias.json
 create mode 100644 smart_building_conformal/outputs/matched_intervals005/bdg2_f2_s45_v2/stages/seasonal_h1/calibration.csv.gz
 create mode 100644 smart_building_conformal/outputs/matched_intervals005/bdg2_f2_s45_v2/stages/seasonal_h1/calibration.json
 create mode 100644 smart_building_conformal/outputs/matched_intervals005/bdg2_f2_s45_v2/stages/seasonal_h1/interval_90.csv.gz
 create mode 100644 smart_building_conformal/outputs/matched_intervals005/bdg2_f2_s45_v2/stages/seasonal_h1/interval_95.csv.gz
 create mode 100644 smart_building_conformal/outputs/matched_intervals005/bdg2_f2_s45_v2/stages/seasonal_h1/point.json
 create mode 100644 smart_building_conformal/outputs/matched_intervals005/bdg2_f2_s45_v2/stages/seasonal_h1/stage.json
 create mode 100644 smart_building_conformal/outputs/matched_intervals005/bdg2_f2_s45_v2/stages/seasonal_h3/COMPLETE.json
 create mode 100644 smart_building_conformal/outputs/matched_intervals005/bdg2_f2_s45_v2/stages/seasonal_h3/alias.json
 create mode 100644 smart_building_conformal/outputs/matched_intervals005/bdg2_f2_s45_v2/stages/seasonal_h3/calibration.csv.gz
 create mode 100644 smart_building_conformal/outputs/matched_intervals005/bdg2_f2_s45_v2/stages/seasonal_h3/calibration.json
 create mode 100644 smart_building_conformal/outputs/matched_intervals005/bdg2_f2_s45_v2/stages/seasonal_h3/interval_90.csv.gz
 create mode 100644 smart_building_conformal/outputs/matched_intervals005/bdg2_f2_s45_v2/stages/seasonal_h3/interval_95.csv.gz
 create mode 100644 smart_building_conformal/outputs/matched_intervals005/bdg2_f2_s45_v2/stages/seasonal_h3/point.json
 create mode 100644 smart_building_conformal/outputs/matched_intervals005/bdg2_f2_s45_v2/stages/seasonal_h3/stage.json
 create mode 100644 smart_building_conformal/outputs/matched_intervals005/bdg2_f2_s45_v2/stages/seasonal_h6/COMPLETE.json
 create mode 100644 smart_building_conformal/outputs/matched_intervals005/bdg2_f2_s45_v2/stages/seasonal_h6/alias.json
 create mode 100644 smart_building_conformal/outputs/matched_intervals005/bdg2_f2_s45_v2/stages/seasonal_h6/calibration.csv.gz
 create mode 100644 smart_building_conformal/outputs/matched_intervals005/bdg2_f2_s45_v2/stages/seasonal_h6/calibration.json
 create mode 100644 smart_building_conformal/outputs/matched_intervals005/bdg2_f2_s45_v2/stages/seasonal_h6/interval_90.csv.gz
 create mode 100644 smart_building_conformal/outputs/matched_intervals005/bdg2_f2_s45_v2/stages/seasonal_h6/interval_95.csv.gz
 create mode 100644 smart_building_conformal/outputs/matched_intervals005/bdg2_f2_s45_v2/stages/seasonal_h6/point.json
 create mode 100644 smart_building_conformal/outputs/matched_intervals005/bdg2_f2_s45_v2/stages/seasonal_h6/stage.json
 create mode 100644 smart_building_conformal/outputs/matched_intervals005/bdg2_f2_s45_v2/stages/stream_h1_l90_cqr/COMPLETE.json
 create mode 100644 smart_building_conformal/outputs/matched_intervals005/bdg2_f2_s45_v2/stages/stream_h1_l90_cqr/background_workload.csv
 create mode 100644 smart_building_conformal/outputs/matched_intervals005/bdg2_f2_s45_v2/stages/stream_h1_l90_cqr/consumed.csv.gz
 create mode 100644 smart_building_conformal/outputs/matched_intervals005/bdg2_f2_s45_v2/stages/stream_h1_l90_cqr/episodes.csv.gz
 create mode 100644 smart_building_conformal/outputs/matched_intervals005/bdg2_f2_s45_v2/stages/stream_h1_l90_cqr/issued.csv.gz
 create mode 100644 smart_building_conformal/outputs/matched_intervals005/bdg2_f2_s45_v2/stages/stream_h1_l90_cqr/released_scores.csv.gz
 create mode 100644 smart_building_conformal/outputs/matched_intervals005/bdg2_f2_s45_v2/stages/stream_h1_l90_cqr/stage.json
 create mode 100644 smart_building_conformal/outputs/matched_intervals005/bdg2_f2_s45_v2/stages/stream_h1_l90_cqr/stream_identity.json
 create mode 100644 smart_building_conformal/outputs/matched_intervals005/bdg2_f2_s45_v2/stages/stream_h1_l90_cqr/updates.csv.gz
 create mode 100644 smart_building_conformal/outputs/matched_intervals005/bdg2_f2_s45_v2/stages/stream_h1_l90_dscp/COMPLETE.json
 create mode 100644 smart_building_conformal/outputs/matched_intervals005/bdg2_f2_s45_v2/stages/stream_h1_l90_dscp/background_workload.csv
 create mode 100644 smart_building_conformal/outputs/matched_intervals005/bdg2_f2_s45_v2/stages/stream_h1_l90_dscp/consumed.csv.gz
 create mode 100644 smart_building_conformal/outputs/matched_intervals005/bdg2_f2_s45_v2/stages/stream_h1_l90_dscp/episodes.csv.gz
 create mode 100644 smart_building_conformal/outputs/matched_intervals005/bdg2_f2_s45_v2/stages/stream_h1_l90_dscp/issued.csv.gz
 create mode 100644 smart_building_conformal/outputs/matched_intervals005/bdg2_f2_s45_v2/stages/stream_h1_l90_dscp/released_scores.csv.gz
 create mode 100644 smart_building_conformal/outputs/matched_intervals005/bdg2_f2_s45_v2/stages/stream_h1_l90_dscp/stage.json
 create mode 100644 smart_building_conformal/outputs/matched_intervals005/bdg2_f2_s45_v2/stages/stream_h1_l90_dscp/stream_identity.json
 create mode 100644 smart_building_conformal/outputs/matched_intervals005/bdg2_f2_s45_v2/stages/stream_h1_l90_dscp/updates.csv.gz
 create mode 100644 smart_building_conformal/outputs/matched_intervals005/bdg2_f2_s45_v2/stages/stream_h1_l90_quantile_uncalibrated/COMPLETE.json
 create mode 100644 smart_building_conformal/outputs/matched_intervals005/bdg2_f2_s45_v2/stages/stream_h1_l90_quantile_uncalibrated/background_workload.csv
 create mode 100644 smart_building_conformal/outputs/matched_intervals005/bdg2_f2_s45_v2/stages/stream_h1_l90_quantile_uncalibrated/consumed.csv.gz
 create mode 100644 smart_building_conformal/outputs/matched_intervals005/bdg2_f2_s45_v2/stages/stream_h1_l90_quantile_uncalibrated/episodes.csv.gz
 create mode 100644 smart_building_conformal/outputs/matched_intervals005/bdg2_f2_s45_v2/stages/stream_h1_l90_quantile_uncalibrated/issued.csv.gz
 create mode 100644 smart_building_conformal/outputs/matched_intervals005/bdg2_f2_s45_v2/stages/stream_h1_l90_quantile_uncalibrated/released_scores.csv.gz
 create mode 100644 smart_building_conformal/outputs/matched_intervals005/bdg2_f2_s45_v2/stages/stream_h1_l90_quantile_uncalibrated/stage.json
 create mode 100644 smart_building_conformal/outputs/matched_intervals005/bdg2_f2_s45_v2/stages/stream_h1_l90_quantile_uncalibrated/stream_identity.json
 create mode 100644 smart_building_conformal/outputs/matched_intervals005/bdg2_f2_s45_v2/stages/stream_h1_l90_quantile_uncalibrated/updates.csv.gz
 create mode 100644 smart_building_conformal/outputs/matched_intervals005/bdg2_f2_s45_v2/stages/stream_h1_l90_recentred_enbpi_static/COMPLETE.json
 create mode 100644 smart_building_conformal/outputs/matched_intervals005/bdg2_f2_s45_v2/stages/stream_h1_l90_recentred_enbpi_static/background_workload.csv
 create mode 100644 smart_building_conformal/outputs/matched_intervals005/bdg2_f2_s45_v2/stages/stream_h1_l90_recentred_enbpi_static/consumed.csv.gz
 create mode 100644 smart_building_conformal/outputs/matched_intervals005/bdg2_f2_s45_v2/stages/stream_h1_l90_recentred_enbpi_static/episodes.csv.gz
 create mode 100644 smart_building_conformal/outputs/matched_intervals005/bdg2_f2_s45_v2/stages/stream_h1_l90_recentred_enbpi_static/issued.csv.gz
 create mode 100644 smart_building_conformal/outputs/matched_intervals005/bdg2_f2_s45_v2/stages/stream_h1_l90_recentred_enbpi_static/released_scores.csv.gz
 create mode 100644 smart_building_conformal/outputs/matched_intervals005/bdg2_f2_s45_v2/stages/stream_h1_l90_recentred_enbpi_static/stage.json
 create mode 100644 smart_building_conformal/outputs/matched_intervals005/bdg2_f2_s45_v2/stages/stream_h1_l90_recentred_enbpi_static/stream_identity.json
 create mode 100644 smart_building_conformal/outputs/matched_intervals005/bdg2_f2_s45_v2/stages/stream_h1_l90_recentred_enbpi_static/updates.csv.gz
 create mode 100644 smart_building_conformal/outputs/matched_intervals005/bdg2_f2_s45_v2/stages/stream_h1_l90_recentred_enbpi_updated/COMPLETE.json
 create mode 100644 smart_building_conformal/outputs/matched_intervals005/bdg2_f2_s45_v2/stages/stream_h1_l90_recentred_enbpi_updated/background_workload.csv
 create mode 100644 smart_building_conformal/outputs/matched_intervals005/bdg2_f2_s45_v2/stages/stream_h1_l90_recentred_enbpi_updated/consumed.csv.gz
 create mode 100644 smart_building_conformal/outputs/matched_intervals005/bdg2_f2_s45_v2/stages/stream_h1_l90_recentred_enbpi_updated/episodes.csv.gz
 create mode 100644 smart_building_conformal/outputs/matched_intervals005/bdg2_f2_s45_v2/stages/stream_h1_l90_recentred_enbpi_updated/issued.csv.gz
 create mode 100644 smart_building_conformal/outputs/matched_intervals005/bdg2_f2_s45_v2/stages/stream_h1_l90_recentred_enbpi_updated/released_scores.csv.gz
 create mode 100644 smart_building_conformal/outputs/matched_intervals005/bdg2_f2_s45_v2/stages/stream_h1_l90_recentred_enbpi_updated/stage.json
 create mode 100644 smart_building_conformal/outputs/matched_intervals005/bdg2_f2_s45_v2/stages/stream_h1_l90_recentred_enbpi_updated/stream_identity.json
 create mode 100644 smart_building_conformal/outputs/matched_intervals005/bdg2_f2_s45_v2/stages/stream_h1_l90_recentred_enbpi_updated/updates.csv.gz
 create mode 100644 smart_building_conformal/outputs/matched_intervals005/bdg2_f2_s45_v2/stages/stream_h1_l95_cqr/COMPLETE.json
 create mode 100644 smart_building_conformal/outputs/matched_intervals005/bdg2_f2_s45_v2/stages/stream_h1_l95_cqr/background_workload.csv
 create mode 100644 smart_building_conformal/outputs/matched_intervals005/bdg2_f2_s45_v2/stages/stream_h1_l95_cqr/consumed.csv.gz
 create mode 100644 smart_building_conformal/outputs/matched_intervals005/bdg2_f2_s45_v2/stages/stream_h1_l95_cqr/episodes.csv.gz
 create mode 100644 smart_building_conformal/outputs/matched_intervals005/bdg2_f2_s45_v2/stages/stream_h1_l95_cqr/issued.csv.gz
 create mode 100644 smart_building_conformal/outputs/matched_intervals005/bdg2_f2_s45_v2/stages/stream_h1_l95_cqr/released_scores.csv.gz
 create mode 100644 smart_building_conformal/outputs/matched_intervals005/bdg2_f2_s45_v2/stages/stream_h1_l95_cqr/stage.json
 create mode 100644 smart_building_conformal/outputs/matched_intervals005/bdg2_f2_s45_v2/stages/stream_h1_l95_cqr/stream_identity.json
 create mode 100644 smart_building_conformal/outputs/matched_intervals005/bdg2_f2_s45_v2/stages/stream_h1_l95_cqr/updates.csv.gz
 create mode 100644 smart_building_conformal/outputs/matched_intervals005/bdg2_f2_s45_v2/stages/stream_h1_l95_dscp/COMPLETE.json
 create mode 100644 smart_building_conformal/outputs/matched_intervals005/bdg2_f2_s45_v2/stages/stream_h1_l95_dscp/background_workload.csv
 create mode 100644 smart_building_conformal/outputs/matched_intervals005/bdg2_f2_s45_v2/stages/stream_h1_l95_dscp/consumed.csv.gz
 create mode 100644 smart_building_conformal/outputs/matched_intervals005/bdg2_f2_s45_v2/stages/stream_h1_l95_dscp/episodes.csv.gz
 create mode 100644 smart_building_conformal/outputs/matched_intervals005/bdg2_f2_s45_v2/stages/stream_h1_l95_dscp/issued.csv.gz
 create mode 100644 smart_building_conformal/outputs/matched_intervals005/bdg2_f2_s45_v2/stages/stream_h1_l95_dscp/released_scores.csv.gz
 create mode 100644 smart_building_conformal/outputs/matched_intervals005/bdg2_f2_s45_v2/stages/stream_h1_l95_dscp/stage.json
 create mode 100644 smart_building_conformal/outputs/matched_intervals005/bdg2_f2_s45_v2/stages/stream_h1_l95_dscp/stream_identity.json
 create mode 100644 smart_building_conformal/outputs/matched_intervals005/bdg2_f2_s45_v2/stages/stream_h1_l95_dscp/updates.csv.gz
 create mode 100644 smart_building_conformal/outputs/matched_intervals005/bdg2_f2_s45_v2/stages/stream_h1_l95_quantile_uncalibrated/COMPLETE.json
 create mode 100644 smart_building_conformal/outputs/matched_intervals005/bdg2_f2_s45_v2/stages/stream_h1_l95_quantile_uncalibrated/background_workload.csv
 create mode 100644 smart_building_conformal/outputs/matched_intervals005/bdg2_f2_s45_v2/stages/stream_h1_l95_quantile_uncalibrated/consumed.csv.gz
 create mode 100644 smart_building_conformal/outputs/matched_intervals005/bdg2_f2_s45_v2/stages/stream_h1_l95_quantile_uncalibrated/episodes.csv.gz
 create mode 100644 smart_building_conformal/outputs/matched_intervals005/bdg2_f2_s45_v2/stages/stream_h1_l95_quantile_uncalibrated/issued.csv.gz
 create mode 100644 smart_building_conformal/outputs/matched_intervals005/bdg2_f2_s45_v2/stages/stream_h1_l95_quantile_uncalibrated/released_scores.csv.gz
 create mode 100644 smart_building_conformal/outputs/matched_intervals005/bdg2_f2_s45_v2/stages/stream_h1_l95_quantile_uncalibrated/stage.json
 create mode 100644 smart_building_conformal/outputs/matched_intervals005/bdg2_f2_s45_v2/stages/stream_h1_l95_quantile_uncalibrated/stream_identity.json
 create mode 100644 smart_building_conformal/outputs/matched_intervals005/bdg2_f2_s45_v2/stages/stream_h1_l95_quantile_uncalibrated/updates.csv.gz
 create mode 100644 smart_building_conformal/outputs/matched_intervals005/bdg2_f2_s45_v2/stages/stream_h1_l95_recentred_enbpi_static/COMPLETE.json
 create mode 100644 smart_building_conformal/outputs/matched_intervals005/bdg2_f2_s45_v2/stages/stream_h1_l95_recentred_enbpi_static/background_workload.csv
 create mode 100644 smart_building_conformal/outputs/matched_intervals005/bdg2_f2_s45_v2/stages/stream_h1_l95_recentred_enbpi_static/consumed.csv.gz
 create mode 100644 smart_building_conformal/outputs/matched_intervals005/bdg2_f2_s45_v2/stages/stream_h1_l95_recentred_enbpi_static/episodes.csv.gz
 create mode 100644 smart_building_conformal/outputs/matched_intervals005/bdg2_f2_s45_v2/stages/stream_h1_l95_recentred_enbpi_static/issued.csv.gz
 create mode 100644 smart_building_conformal/outputs/matched_intervals005/bdg2_f2_s45_v2/stages/stream_h1_l95_recentred_enbpi_static/released_scores.csv.gz
 create mode 100644 smart_building_conformal/outputs/matched_intervals005/bdg2_f2_s45_v2/stages/stream_h1_l95_recentred_enbpi_static/stage.json
 create mode 100644 smart_building_conformal/outputs/matched_intervals005/bdg2_f2_s45_v2/stages/stream_h1_l95_recentred_enbpi_static/stream_identity.json
 create mode 100644 smart_building_conformal/outputs/matched_intervals005/bdg2_f2_s45_v2/stages/stream_h1_l95_recentred_enbpi_static/updates.csv.gz
 create mode 100644 smart_building_conformal/outputs/matched_intervals005/bdg2_f2_s45_v2/stages/stream_h1_l95_recentred_enbpi_updated/COMPLETE.json
 create mode 100644 smart_building_conformal/outputs/matched_intervals005/bdg2_f2_s45_v2/stages/stream_h1_l95_recentred_enbpi_updated/background_workload.csv
 create mode 100644 smart_building_conformal/outputs/matched_intervals005/bdg2_f2_s45_v2/stages/stream_h1_l95_recentred_enbpi_updated/consumed.csv.gz
 create mode 100644 smart_building_conformal/outputs/matched_intervals005/bdg2_f2_s45_v2/stages/stream_h1_l95_recentred_enbpi_updated/episodes.csv.gz
 create mode 100644 smart_building_conformal/outputs/matched_intervals005/bdg2_f2_s45_v2/stages/stream_h1_l95_recentred_enbpi_updated/issued.csv.gz
 create mode 100644 smart_building_conformal/outputs/matched_intervals005/bdg2_f2_s45_v2/stages/stream_h1_l95_recentred_enbpi_updated/released_scores.csv.gz
 create mode 100644 smart_building_conformal/outputs/matched_intervals005/bdg2_f2_s45_v2/stages/stream_h1_l95_recentred_enbpi_updated/stage.json
 create mode 100644 smart_building_conformal/outputs/matched_intervals005/bdg2_f2_s45_v2/stages/stream_h1_l95_recentred_enbpi_updated/stream_identity.json
 create mode 100644 smart_building_conformal/outputs/matched_intervals005/bdg2_f2_s45_v2/stages/stream_h1_l95_recentred_enbpi_updated/updates.csv.gz
 create mode 100644 smart_building_conformal/outputs/matched_intervals005/bdg2_f2_s45_v2/stages/stream_h3_l90_cqr/COMPLETE.json
 create mode 100644 smart_building_conformal/outputs/matched_intervals005/bdg2_f2_s45_v2/stages/stream_h3_l90_cqr/background_workload.csv
 create mode 100644 smart_building_conformal/outputs/matched_intervals005/bdg2_f2_s45_v2/stages/stream_h3_l90_cqr/consumed.csv.gz
 create mode 100644 smart_building_conformal/outputs/matched_intervals005/bdg2_f2_s45_v2/stages/stream_h3_l90_cqr/episodes.csv.gz
 create mode 100644 smart_building_conformal/outputs/matched_intervals005/bdg2_f2_s45_v2/stages/stream_h3_l90_cqr/issued.csv.gz
 create mode 100644 smart_building_conformal/outputs/matched_intervals005/bdg2_f2_s45_v2/stages/stream_h3_l90_cqr/released_scores.csv.gz
 create mode 100644 smart_building_conformal/outputs/matched_intervals005/bdg2_f2_s45_v2/stages/stream_h3_l90_cqr/stage.json
 create mode 100644 smart_building_conformal/outputs/matched_intervals005/bdg2_f2_s45_v2/stages/stream_h3_l90_cqr/stream_identity.json
 create mode 100644 smart_building_conformal/outputs/matched_intervals005/bdg2_f2_s45_v2/stages/stream_h3_l90_cqr/updates.csv.gz
 create mode 100644 smart_building_conformal/outputs/matched_intervals005/bdg2_f2_s45_v2/stages/stream_h3_l90_dscp/COMPLETE.json
 create mode 100644 smart_building_conformal/outputs/matched_intervals005/bdg2_f2_s45_v2/stages/stream_h3_l90_dscp/background_workload.csv
 create mode 100644 smart_building_conformal/outputs/matched_intervals005/bdg2_f2_s45_v2/stages/stream_h3_l90_dscp/consumed.csv.gz
 create mode 100644 smart_building_conformal/outputs/matched_intervals005/bdg2_f2_s45_v2/stages/stream_h3_l90_dscp/episodes.csv.gz
 create mode 100644 smart_building_conformal/outputs/matched_intervals005/bdg2_f2_s45_v2/stages/stream_h3_l90_dscp/issued.csv.gz
 create mode 100644 smart_building_conformal/outputs/matched_intervals005/bdg2_f2_s45_v2/stages/stream_h3_l90_dscp/released_scores.csv.gz
 create mode 100644 smart_building_conformal/outputs/matched_intervals005/bdg2_f2_s45_v2/stages/stream_h3_l90_dscp/stage.json
 create mode 100644 smart_building_conformal/outputs/matched_intervals005/bdg2_f2_s45_v2/stages/stream_h3_l90_dscp/stream_identity.json
 create mode 100644 smart_building_conformal/outputs/matched_intervals005/bdg2_f2_s45_v2/stages/stream_h3_l90_dscp/updates.csv.gz
 create mode 100644 smart_building_conformal/outputs/matched_intervals005/bdg2_f2_s45_v2/stages/stream_h3_l90_quantile_uncalibrated/COMPLETE.json
 create mode 100644 smart_building_conformal/outputs/matched_intervals005/bdg2_f2_s45_v2/stages/stream_h3_l90_quantile_uncalibrated/background_workload.csv
 create mode 100644 smart_building_conformal/outputs/matched_intervals005/bdg2_f2_s45_v2/stages/stream_h3_l90_quantile_uncalibrated/consumed.csv.gz
 create mode 100644 smart_building_conformal/outputs/matched_intervals005/bdg2_f2_s45_v2/stages/stream_h3_l90_quantile_uncalibrated/episodes.csv.gz
 create mode 100644 smart_building_conformal/outputs/matched_intervals005/bdg2_f2_s45_v2/stages/stream_h3_l90_quantile_uncalibrated/issued.csv.gz
 create mode 100644 smart_building_conformal/outputs/matched_intervals005/bdg2_f2_s45_v2/stages/stream_h3_l90_quantile_uncalibrated/released_scores.csv.gz
 create mode 100644 smart_building_conformal/outputs/matched_intervals005/bdg2_f2_s45_v2/stages/stream_h3_l90_quantile_uncalibrated/stage.json
 create mode 100644 smart_building_conformal/outputs/matched_intervals005/bdg2_f2_s45_v2/stages/stream_h3_l90_quantile_uncalibrated/stream_identity.json
 create mode 100644 smart_building_conformal/outputs/matched_intervals005/bdg2_f2_s45_v2/stages/stream_h3_l90_quantile_uncalibrated/updates.csv.gz
 create mode 100644 smart_building_conformal/outputs/matched_intervals005/bdg2_f2_s45_v2/stages/stream_h3_l90_recentred_enbpi_static/COMPLETE.json
 create mode 100644 smart_building_conformal/outputs/matched_intervals005/bdg2_f2_s45_v2/stages/stream_h3_l90_recentred_enbpi_static/background_workload.csv
 create mode 100644 smart_building_conformal/outputs/matched_intervals005/bdg2_f2_s45_v2/stages/stream_h3_l90_recentred_enbpi_static/consumed.csv.gz
 create mode 100644 smart_building_conformal/outputs/matched_intervals005/bdg2_f2_s45_v2/stages/stream_h3_l90_recentred_enbpi_static/episodes.csv.gz
 create mode 100644 smart_building_conformal/outputs/matched_intervals005/bdg2_f2_s45_v2/stages/stream_h3_l90_recentred_enbpi_static/issued.csv.gz
 create mode 100644 smart_building_conformal/outputs/matched_intervals005/bdg2_f2_s45_v2/stages/stream_h3_l90_recentred_enbpi_static/released_scores.csv.gz
 create mode 100644 smart_building_conformal/outputs/matched_intervals005/bdg2_f2_s45_v2/stages/stream_h3_l90_recentred_enbpi_static/stage.json
 create mode 100644 smart_building_conformal/outputs/matched_intervals005/bdg2_f2_s45_v2/stages/stream_h3_l90_recentred_enbpi_static/stream_identity.json
 create mode 100644 smart_building_conformal/outputs/matched_intervals005/bdg2_f2_s45_v2/stages/stream_h3_l90_recentred_enbpi_static/updates.csv.gz
 create mode 100644 smart_building_conformal/outputs/matched_intervals005/bdg2_f2_s45_v2/stages/stream_h3_l90_recentred_enbpi_updated/COMPLETE.json
 create mode 100644 smart_building_conformal/outputs/matched_intervals005/bdg2_f2_s45_v2/stages/stream_h3_l90_recentred_enbpi_updated/background_workload.csv
 create mode 100644 smart_building_conformal/outputs/matched_intervals005/bdg2_f2_s45_v2/stages/stream_h3_l90_recentred_enbpi_updated/consumed.csv.gz
 create mode 100644 smart_building_conformal/outputs/matched_intervals005/bdg2_f2_s45_v2/stages/stream_h3_l90_recentred_enbpi_updated/episodes.csv.gz
 create mode 100644 smart_building_conformal/outputs/matched_intervals005/bdg2_f2_s45_v2/stages/stream_h3_l90_recentred_enbpi_updated/issued.csv.gz
 create mode 100644 smart_building_conformal/outputs/matched_intervals005/bdg2_f2_s45_v2/stages/stream_h3_l90_recentred_enbpi_updated/released_scores.csv.gz
 create mode 100644 smart_building_conformal/outputs/matched_intervals005/bdg2_f2_s45_v2/stages/stream_h3_l90_recentred_enbpi_updated/stage.json
 create mode 100644 smart_building_conformal/outputs/matched_intervals005/bdg2_f2_s45_v2/stages/stream_h3_l90_recentred_enbpi_updated/stream_identity.json
 create mode 100644 smart_building_conformal/outputs/matched_intervals005/bdg2_f2_s45_v2/stages/stream_h3_l90_recentred_enbpi_updated/updates.csv.gz
 create mode 100644 smart_building_conformal/outputs/matched_intervals005/bdg2_f2_s45_v2/stages/stream_h3_l95_cqr/COMPLETE.json
 create mode 100644 smart_building_conformal/outputs/matched_intervals005/bdg2_f2_s45_v2/stages/stream_h3_l95_cqr/background_workload.csv
 create mode 100644 smart_building_conformal/outputs/matched_intervals005/bdg2_f2_s45_v2/stages/stream_h3_l95_cqr/consumed.csv.gz
 create mode 100644 smart_building_conformal/outputs/matched_intervals005/bdg2_f2_s45_v2/stages/stream_h3_l95_cqr/episodes.csv.gz
 create mode 100644 smart_building_conformal/outputs/matched_intervals005/bdg2_f2_s45_v2/stages/stream_h3_l95_cqr/issued.csv.gz
 create mode 100644 smart_building_conformal/outputs/matched_intervals005/bdg2_f2_s45_v2/stages/stream_h3_l95_cqr/released_scores.csv.gz
 create mode 100644 smart_building_conformal/outputs/matched_intervals005/bdg2_f2_s45_v2/stages/stream_h3_l95_cqr/stage.json
 create mode 100644 smart_building_conformal/outputs/matched_intervals005/bdg2_f2_s45_v2/stages/stream_h3_l95_cqr/stream_identity.json
 create mode 100644 smart_building_conformal/outputs/matched_intervals005/bdg2_f2_s45_v2/stages/stream_h3_l95_cqr/updates.csv.gz
 create mode 100644 smart_building_conformal/outputs/matched_intervals005/bdg2_f2_s45_v2/stages/stream_h3_l95_dscp/COMPLETE.json
 create mode 100644 smart_building_conformal/outputs/matched_intervals005/bdg2_f2_s45_v2/stages/stream_h3_l95_dscp/background_workload.csv
 create mode 100644 smart_building_conformal/outputs/matched_intervals005/bdg2_f2_s45_v2/stages/stream_h3_l95_dscp/consumed.csv.gz
 create mode 100644 smart_building_conformal/outputs/matched_intervals005/bdg2_f2_s45_v2/stages/stream_h3_l95_dscp/episodes.csv.gz
 create mode 100644 smart_building_conformal/outputs/matched_intervals005/bdg2_f2_s45_v2/stages/stream_h3_l95_dscp/issued.csv.gz
 create mode 100644 smart_building_conformal/outputs/matched_intervals005/bdg2_f2_s45_v2/stages/stream_h3_l95_dscp/released_scores.csv.gz
 create mode 100644 smart_building_conformal/outputs/matched_intervals005/bdg2_f2_s45_v2/stages/stream_h3_l95_dscp/stage.json
 create mode 100644 smart_building_conformal/outputs/matched_intervals005/bdg2_f2_s45_v2/stages/stream_h3_l95_dscp/stream_identity.json
 create mode 100644 smart_building_conformal/outputs/matched_intervals005/bdg2_f2_s45_v2/stages/stream_h3_l95_dscp/updates.csv.gz
 create mode 100644 smart_building_conformal/outputs/matched_intervals005/bdg2_f2_s45_v2/stages/stream_h3_l95_quantile_uncalibrated/COMPLETE.json
 create mode 100644 smart_building_conformal/outputs/matched_intervals005/bdg2_f2_s45_v2/stages/stream_h3_l95_quantile_uncalibrated/background_workload.csv
 create mode 100644 smart_building_conformal/outputs/matched_intervals005/bdg2_f2_s45_v2/stages/stream_h3_l95_quantile_uncalibrated/consumed.csv.gz
 create mode 100644 smart_building_conformal/outputs/matched_intervals005/bdg2_f2_s45_v2/stages/stream_h3_l95_quantile_uncalibrated/episodes.csv.gz
 create mode 100644 smart_building_conformal/outputs/matched_intervals005/bdg2_f2_s45_v2/stages/stream_h3_l95_quantile_uncalibrated/issued.csv.gz
 create mode 100644 smart_building_conformal/outputs/matched_intervals005/bdg2_f2_s45_v2/stages/stream_h3_l95_quantile_uncalibrated/released_scores.csv.gz
 create mode 100644 smart_building_conformal/outputs/matched_intervals005/bdg2_f2_s45_v2/stages/stream_h3_l95_quantile_uncalibrated/stage.json
 create mode 100644 smart_building_conformal/outputs/matched_intervals005/bdg2_f2_s45_v2/stages/stream_h3_l95_quantile_uncalibrated/stream_identity.json
 create mode 100644 smart_building_conformal/outputs/matched_intervals005/bdg2_f2_s45_v2/stages/stream_h3_l95_quantile_uncalibrated/updates.csv.gz
 create mode 100644 smart_building_conformal/outputs/matched_intervals005/bdg2_f2_s45_v2/stages/stream_h3_l95_recentred_enbpi_static/COMPLETE.json
 create mode 100644 smart_building_conformal/outputs/matched_intervals005/bdg2_f2_s45_v2/stages/stream_h3_l95_recentred_enbpi_static/background_workload.csv
 create mode 100644 smart_building_conformal/outputs/matched_intervals005/bdg2_f2_s45_v2/stages/stream_h3_l95_recentred_enbpi_static/consumed.csv.gz
 create mode 100644 smart_building_conformal/outputs/matched_intervals005/bdg2_f2_s45_v2/stages/stream_h3_l95_recentred_enbpi_static/episodes.csv.gz
 create mode 100644 smart_building_conformal/outputs/matched_intervals005/bdg2_f2_s45_v2/stages/stream_h3_l95_recentred_enbpi_static/issued.csv.gz
 create mode 100644 smart_building_conformal/outputs/matched_intervals005/bdg2_f2_s45_v2/stages/stream_h3_l95_recentred_enbpi_static/released_scores.csv.gz
 create mode 100644 smart_building_conformal/outputs/matched_intervals005/bdg2_f2_s45_v2/stages/stream_h3_l95_recentred_enbpi_static/stage.json
 create mode 100644 smart_building_conformal/outputs/matched_intervals005/bdg2_f2_s45_v2/stages/stream_h3_l95_recentred_enbpi_static/stream_identity.json
 create mode 100644 smart_building_conformal/outputs/matched_intervals005/bdg2_f2_s45_v2/stages/stream_h3_l95_recentred_enbpi_static/updates.csv.gz
 create mode 100644 smart_building_conformal/outputs/matched_intervals005/bdg2_f2_s45_v2/stages/stream_h3_l95_recentred_enbpi_updated/COMPLETE.json
 create mode 100644 smart_building_conformal/outputs/matched_intervals005/bdg2_f2_s45_v2/stages/stream_h3_l95_recentred_enbpi_updated/background_workload.csv
 create mode 100644 smart_building_conformal/outputs/matched_intervals005/bdg2_f2_s45_v2/stages/stream_h3_l95_recentred_enbpi_updated/consumed.csv.gz
 create mode 100644 smart_building_conformal/outputs/matched_intervals005/bdg2_f2_s45_v2/stages/stream_h3_l95_recentred_enbpi_updated/episodes.csv.gz
 create mode 100644 smart_building_conformal/outputs/matched_intervals005/bdg2_f2_s45_v2/stages/stream_h3_l95_recentred_enbpi_updated/issued.csv.gz
 create mode 100644 smart_building_conformal/outputs/matched_intervals005/bdg2_f2_s45_v2/stages/stream_h3_l95_recentred_enbpi_updated/released_scores.csv.gz
 create mode 100644 smart_building_conformal/outputs/matched_intervals005/bdg2_f2_s45_v2/stages/stream_h3_l95_recentred_enbpi_updated/stage.json
 create mode 100644 smart_building_conformal/outputs/matched_intervals005/bdg2_f2_s45_v2/stages/stream_h3_l95_recentred_enbpi_updated/stream_identity.json
 create mode 100644 smart_building_conformal/outputs/matched_intervals005/bdg2_f2_s45_v2/stages/stream_h3_l95_recentred_enbpi_updated/updates.csv.gz
 create mode 100644 smart_building_conformal/outputs/matched_intervals005/bdg2_f2_s45_v2/stages/stream_h6_l90_cqr/COMPLETE.json
 create mode 100644 smart_building_conformal/outputs/matched_intervals005/bdg2_f2_s45_v2/stages/stream_h6_l90_cqr/background_workload.csv
 create mode 100644 smart_building_conformal/outputs/matched_intervals005/bdg2_f2_s45_v2/stages/stream_h6_l90_cqr/consumed.csv.gz
 create mode 100644 smart_building_conformal/outputs/matched_intervals005/bdg2_f2_s45_v2/stages/stream_h6_l90_cqr/episodes.csv.gz
 create mode 100644 smart_building_conformal/outputs/matched_intervals005/bdg2_f2_s45_v2/stages/stream_h6_l90_cqr/issued.csv.gz
 create mode 100644 smart_building_conformal/outputs/matched_intervals005/bdg2_f2_s45_v2/stages/stream_h6_l90_cqr/released_scores.csv.gz
 create mode 100644 smart_building_conformal/outputs/matched_intervals005/bdg2_f2_s45_v2/stages/stream_h6_l90_cqr/stage.json
 create mode 100644 smart_building_conformal/outputs/matched_intervals005/bdg2_f2_s45_v2/stages/stream_h6_l90_cqr/stream_identity.json
 create mode 100644 smart_building_conformal/outputs/matched_intervals005/bdg2_f2_s45_v2/stages/stream_h6_l90_cqr/updates.csv.gz
 create mode 100644 smart_building_conformal/outputs/matched_intervals005/bdg2_f2_s45_v2/stages/stream_h6_l90_dscp/COMPLETE.json
 create mode 100644 smart_building_conformal/outputs/matched_intervals005/bdg2_f2_s45_v2/stages/stream_h6_l90_dscp/background_workload.csv
 create mode 100644 smart_building_conformal/outputs/matched_intervals005/bdg2_f2_s45_v2/stages/stream_h6_l90_dscp/consumed.csv.gz
 create mode 100644 smart_building_conformal/outputs/matched_intervals005/bdg2_f2_s45_v2/stages/stream_h6_l90_dscp/episodes.csv.gz
 create mode 100644 smart_building_conformal/outputs/matched_intervals005/bdg2_f2_s45_v2/stages/stream_h6_l90_dscp/issued.csv.gz
 create mode 100644 smart_building_conformal/outputs/matched_intervals005/bdg2_f2_s45_v2/stages/stream_h6_l90_dscp/released_scores.csv.gz
 create mode 100644 smart_building_conformal/outputs/matched_intervals005/bdg2_f2_s45_v2/stages/stream_h6_l90_dscp/stage.json
 create mode 100644 smart_building_conformal/outputs/matched_intervals005/bdg2_f2_s45_v2/stages/stream_h6_l90_dscp/stream_identity.json
 create mode 100644 smart_building_conformal/outputs/matched_intervals005/bdg2_f2_s45_v2/stages/stream_h6_l90_dscp/updates.csv.gz
 create mode 100644 smart_building_conformal/outputs/matched_intervals005/bdg2_f2_s45_v2/stages/stream_h6_l90_quantile_uncalibrated/COMPLETE.json
 create mode 100644 smart_building_conformal/outputs/matched_intervals005/bdg2_f2_s45_v2/stages/stream_h6_l90_quantile_uncalibrated/background_workload.csv
 create mode 100644 smart_building_conformal/outputs/matched_intervals005/bdg2_f2_s45_v2/stages/stream_h6_l90_quantile_uncalibrated/consumed.csv.gz
 create mode 100644 smart_building_conformal/outputs/matched_intervals005/bdg2_f2_s45_v2/stages/stream_h6_l90_quantile_uncalibrated/episodes.csv.gz
 create mode 100644 smart_building_conformal/outputs/matched_intervals005/bdg2_f2_s45_v2/stages/stream_h6_l90_quantile_uncalibrated/issued.csv.gz
 create mode 100644 smart_building_conformal/outputs/matched_intervals005/bdg2_f2_s45_v2/stages/stream_h6_l90_quantile_uncalibrated/released_scores.csv.gz
 create mode 100644 smart_building_conformal/outputs/matched_intervals005/bdg2_f2_s45_v2/stages/stream_h6_l90_quantile_uncalibrated/stage.json
 create mode 100644 smart_building_conformal/outputs/matched_intervals005/bdg2_f2_s45_v2/stages/stream_h6_l90_quantile_uncalibrated/stream_identity.json
 create mode 100644 smart_building_conformal/outputs/matched_intervals005/bdg2_f2_s45_v2/stages/stream_h6_l90_quantile_uncalibrated/updates.csv.gz
 create mode 100644 smart_building_conformal/outputs/matched_intervals005/bdg2_f2_s45_v2/stages/stream_h6_l90_recentred_enbpi_static/COMPLETE.json
 create mode 100644 smart_building_conformal/outputs/matched_intervals005/bdg2_f2_s45_v2/stages/stream_h6_l90_recentred_enbpi_static/background_workload.csv
 create mode 100644 smart_building_conformal/outputs/matched_intervals005/bdg2_f2_s45_v2/stages/stream_h6_l90_recentred_enbpi_static/consumed.csv.gz
 create mode 100644 smart_building_conformal/outputs/matched_intervals005/bdg2_f2_s45_v2/stages/stream_h6_l90_recentred_enbpi_static/episodes.csv.gz
 create mode 100644 smart_building_conformal/outputs/matched_intervals005/bdg2_f2_s45_v2/stages/stream_h6_l90_recentred_enbpi_static/issued.csv.gz
 create mode 100644 smart_building_conformal/outputs/matched_intervals005/bdg2_f2_s45_v2/stages/stream_h6_l90_recentred_enbpi_static/released_scores.csv.gz
 create mode 100644 smart_building_conformal/outputs/matched_intervals005/bdg2_f2_s45_v2/stages/stream_h6_l90_recentred_enbpi_static/stage.json
 create mode 100644 smart_building_conformal/outputs/matched_intervals005/bdg2_f2_s45_v2/stages/stream_h6_l90_recentred_enbpi_static/stream_identity.json
 create mode 100644 smart_building_conformal/outputs/matched_intervals005/bdg2_f2_s45_v2/stages/stream_h6_l90_recentred_enbpi_static/updates.csv.gz
 create mode 100644 smart_building_conformal/outputs/matched_intervals005/bdg2_f2_s45_v2/stages/stream_h6_l90_recentred_enbpi_updated/COMPLETE.json
 create mode 100644 smart_building_conformal/outputs/matched_intervals005/bdg2_f2_s45_v2/stages/stream_h6_l90_recentred_enbpi_updated/background_workload.csv
 create mode 100644 smart_building_conformal/outputs/matched_intervals005/bdg2_f2_s45_v2/stages/stream_h6_l90_recentred_enbpi_updated/consumed.csv.gz
 create mode 100644 smart_building_conformal/outputs/matched_intervals005/bdg2_f2_s45_v2/stages/stream_h6_l90_recentred_enbpi_updated/episodes.csv.gz
 create mode 100644 smart_building_conformal/outputs/matched_intervals005/bdg2_f2_s45_v2/stages/stream_h6_l90_recentred_enbpi_updated/issued.csv.gz
 create mode 100644 smart_building_conformal/outputs/matched_intervals005/bdg2_f2_s45_v2/stages/stream_h6_l90_recentred_enbpi_updated/released_scores.csv.gz
 create mode 100644 smart_building_conformal/outputs/matched_intervals005/bdg2_f2_s45_v2/stages/stream_h6_l90_recentred_enbpi_updated/stage.json
 create mode 100644 smart_building_conformal/outputs/matched_intervals005/bdg2_f2_s45_v2/stages/stream_h6_l90_recentred_enbpi_updated/stream_identity.json
 create mode 100644 smart_building_conformal/outputs/matched_intervals005/bdg2_f2_s45_v2/stages/stream_h6_l90_recentred_enbpi_updated/updates.csv.gz
 create mode 100644 smart_building_conformal/outputs/matched_intervals005/bdg2_f2_s45_v2/stages/stream_h6_l95_cqr/COMPLETE.json
 create mode 100644 smart_building_conformal/outputs/matched_intervals005/bdg2_f2_s45_v2/stages/stream_h6_l95_cqr/background_workload.csv
 create mode 100644 smart_building_conformal/outputs/matched_intervals005/bdg2_f2_s45_v2/stages/stream_h6_l95_cqr/consumed.csv.gz
 create mode 100644 smart_building_conformal/outputs/matched_intervals005/bdg2_f2_s45_v2/stages/stream_h6_l95_cqr/episodes.csv.gz
 create mode 100644 smart_building_conformal/outputs/matched_intervals005/bdg2_f2_s45_v2/stages/stream_h6_l95_cqr/issued.csv.gz
 create mode 100644 smart_building_conformal/outputs/matched_intervals005/bdg2_f2_s45_v2/stages/stream_h6_l95_cqr/released_scores.csv.gz
 create mode 100644 smart_building_conformal/outputs/matched_intervals005/bdg2_f2_s45_v2/stages/stream_h6_l95_cqr/stage.json
 create mode 100644 smart_building_conformal/outputs/matched_intervals005/bdg2_f2_s45_v2/stages/stream_h6_l95_cqr/stream_identity.json
 create mode 100644 smart_building_conformal/outputs/matched_intervals005/bdg2_f2_s45_v2/stages/stream_h6_l95_cqr/updates.csv.gz
 create mode 100644 smart_building_conformal/outputs/matched_intervals005/bdg2_f2_s45_v2/stages/stream_h6_l95_dscp/COMPLETE.json
 create mode 100644 smart_building_conformal/outputs/matched_intervals005/bdg2_f2_s45_v2/stages/stream_h6_l95_dscp/background_workload.csv
 create mode 100644 smart_building_conformal/outputs/matched_intervals005/bdg2_f2_s45_v2/stages/stream_h6_l95_dscp/consumed.csv.gz
 create mode 100644 smart_building_conformal/outputs/matched_intervals005/bdg2_f2_s45_v2/stages/stream_h6_l95_dscp/episodes.csv.gz
 create mode 100644 smart_building_conformal/outputs/matched_intervals005/bdg2_f2_s45_v2/stages/stream_h6_l95_dscp/issued.csv.gz
 create mode 100644 smart_building_conformal/outputs/matched_intervals005/bdg2_f2_s45_v2/stages/stream_h6_l95_dscp/released_scores.csv.gz
 create mode 100644 smart_building_conformal/outputs/matched_intervals005/bdg2_f2_s45_v2/stages/stream_h6_l95_dscp/stage.json
 create mode 100644 smart_building_conformal/outputs/matched_intervals005/bdg2_f2_s45_v2/stages/stream_h6_l95_dscp/stream_identity.json
 create mode 100644 smart_building_conformal/outputs/matched_intervals005/bdg2_f2_s45_v2/stages/stream_h6_l95_dscp/updates.csv.gz
 create mode 100644 smart_building_conformal/outputs/matched_intervals005/bdg2_f2_s45_v2/stages/stream_h6_l95_quantile_uncalibrated/COMPLETE.json
 create mode 100644 smart_building_conformal/outputs/matched_intervals005/bdg2_f2_s45_v2/stages/stream_h6_l95_quantile_uncalibrated/background_workload.csv
 create mode 100644 smart_building_conformal/outputs/matched_intervals005/bdg2_f2_s45_v2/stages/stream_h6_l95_quantile_uncalibrated/consumed.csv.gz
 create mode 100644 smart_building_conformal/outputs/matched_intervals005/bdg2_f2_s45_v2/stages/stream_h6_l95_quantile_uncalibrated/episodes.csv.gz
 create mode 100644 smart_building_conformal/outputs/matched_intervals005/bdg2_f2_s45_v2/stages/stream_h6_l95_quantile_uncalibrated/issued.csv.gz
 create mode 100644 smart_building_conformal/outputs/matched_intervals005/bdg2_f2_s45_v2/stages/stream_h6_l95_quantile_uncalibrated/released_scores.csv.gz
 create mode 100644 smart_building_conformal/outputs/matched_intervals005/bdg2_f2_s45_v2/stages/stream_h6_l95_quantile_uncalibrated/stage.json
 create mode 100644 smart_building_conformal/outputs/matched_intervals005/bdg2_f2_s45_v2/stages/stream_h6_l95_quantile_uncalibrated/stream_identity.json
 create mode 100644 smart_building_conformal/outputs/matched_intervals005/bdg2_f2_s45_v2/stages/stream_h6_l95_quantile_uncalibrated/updates.csv.gz
 create mode 100644 smart_building_conformal/outputs/matched_intervals005/bdg2_f2_s45_v2/stages/stream_h6_l95_recentred_enbpi_static/COMPLETE.json
 create mode 100644 smart_building_conformal/outputs/matched_intervals005/bdg2_f2_s45_v2/stages/stream_h6_l95_recentred_enbpi_static/background_workload.csv
 create mode 100644 smart_building_conformal/outputs/matched_intervals005/bdg2_f2_s45_v2/stages/stream_h6_l95_recentred_enbpi_static/consumed.csv.gz
 create mode 100644 smart_building_conformal/outputs/matched_intervals005/bdg2_f2_s45_v2/stages/stream_h6_l95_recentred_enbpi_static/episodes.csv.gz
 create mode 100644 smart_building_conformal/outputs/matched_intervals005/bdg2_f2_s45_v2/stages/stream_h6_l95_recentred_enbpi_static/issued.csv.gz
 create mode 100644 smart_building_conformal/outputs/matched_intervals005/bdg2_f2_s45_v2/stages/stream_h6_l95_recentred_enbpi_static/released_scores.csv.gz
 create mode 100644 smart_building_conformal/outputs/matched_intervals005/bdg2_f2_s45_v2/stages/stream_h6_l95_recentred_enbpi_static/stage.json
 create mode 100644 smart_building_conformal/outputs/matched_intervals005/bdg2_f2_s45_v2/stages/stream_h6_l95_recentred_enbpi_static/stream_identity.json
 create mode 100644 smart_building_conformal/outputs/matched_intervals005/bdg2_f2_s45_v2/stages/stream_h6_l95_recentred_enbpi_static/updates.csv.gz
 create mode 100644 smart_building_conformal/outputs/matched_intervals005/bdg2_f2_s45_v2/stages/stream_h6_l95_recentred_enbpi_updated/COMPLETE.json
 create mode 100644 smart_building_conformal/outputs/matched_intervals005/bdg2_f2_s45_v2/stages/stream_h6_l95_recentred_enbpi_updated/background_workload.csv
 create mode 100644 smart_building_conformal/outputs/matched_intervals005/bdg2_f2_s45_v2/stages/stream_h6_l95_recentred_enbpi_updated/consumed.csv.gz
 create mode 100644 smart_building_conformal/outputs/matched_intervals005/bdg2_f2_s45_v2/stages/stream_h6_l95_recentred_enbpi_updated/episodes.csv.gz
 create mode 100644 smart_building_conformal/outputs/matched_intervals005/bdg2_f2_s45_v2/stages/stream_h6_l95_recentred_enbpi_updated/issued.csv.gz
 create mode 100644 smart_building_conformal/outputs/matched_intervals005/bdg2_f2_s45_v2/stages/stream_h6_l95_recentred_enbpi_updated/released_scores.csv.gz
 create mode 100644 smart_building_conformal/outputs/matched_intervals005/bdg2_f2_s45_v2/stages/stream_h6_l95_recentred_enbpi_updated/stage.json
 create mode 100644 smart_building_conformal/outputs/matched_intervals005/bdg2_f2_s45_v2/stages/stream_h6_l95_recentred_enbpi_updated/stream_identity.json
 create mode 100644 smart_building_conformal/outputs/matched_intervals005/bdg2_f2_s45_v2/stages/stream_h6_l95_recentred_enbpi_updated/updates.csv.gz
 create mode 100644 smart_building_conformal/outputs/matched_intervals005/bdg2_f2_s45_v2/stages/tables/COMPLETE.json
 create mode 100644 smart_building_conformal/outputs/matched_intervals005/bdg2_f2_s45_v2/stages/tables/background_workload.csv
 create mode 100644 smart_building_conformal/outputs/matched_intervals005/bdg2_f2_s45_v2/stages/tables/common_support_metrics.csv
 create mode 100644 smart_building_conformal/outputs/matched_intervals005/bdg2_f2_s45_v2/stages/tables/native_support_metrics.csv
 create mode 100644 smart_building_conformal/outputs/matched_intervals005/bdg2_f2_s45_v2/stages/tables/operation_counts.json
 create mode 100644 smart_building_conformal/outputs/matched_intervals005/bdg2_f2_s45_v2/stages/tables/operations.csv
 create mode 100644 smart_building_conformal/outputs/matched_intervals005/bdg2_f2_s45_v2/stages/tables/per_building_metrics.csv
 create mode 100644 smart_building_conformal/outputs/matched_intervals005/bdg2_f2_s45_v2/stages/tables/seasonal_interval_metrics.csv
 create mode 100644 smart_building_conformal/outputs/matched_intervals005/bdg2_f2_s45_v2/stages/tables/seasonal_point_metrics.csv
 create mode 100644 smart_building_conformal/outputs/matched_intervals005/bdg2_f2_s45_v2/stages/tables/stage.json
 create mode 100644 smart_building_conformal/outputs/matched_intervals005/bdg2_f2_s45_v2/stages/tables/stage_costs.csv
 create mode 100644 smart_building_conformal/outputs/matched_intervals005/bdg2_f2_s46_v2/COMPLETE.json
 create mode 100644 smart_building_conformal/outputs/matched_intervals005/bdg2_f2_s46_v2/checkpoint_manifest.json
 create mode 100644 smart_building_conformal/outputs/matched_intervals005/bdg2_f2_s46_v2/operations.jsonl
 create mode 100644 smart_building_conformal/outputs/matched_intervals005/bdg2_f2_s46_v2/stage_journal.jsonl
 create mode 100644 smart_building_conformal/outputs/matched_intervals005/bdg2_f2_s46_v2/stages/dscp_assignment_000000_000064/COMPLETE.json
 create mode 100644 smart_building_conformal/outputs/matched_intervals005/bdg2_f2_s46_v2/stages/dscp_assignment_000000_000064/assignments.npy
 create mode 100644 smart_building_conformal/outputs/matched_intervals005/bdg2_f2_s46_v2/stages/dscp_assignment_000000_000064/stage.json
 create mode 100644 smart_building_conformal/outputs/matched_intervals005/bdg2_f2_s46_v2/stages/dscp_assignment_000064_000576/COMPLETE.json
 create mode 100644 smart_building_conformal/outputs/matched_intervals005/bdg2_f2_s46_v2/stages/dscp_assignment_000064_000576/assignments.npy
 create mode 100644 smart_building_conformal/outputs/matched_intervals005/bdg2_f2_s46_v2/stages/dscp_assignment_000064_000576/stage.json
 create mode 100644 smart_building_conformal/outputs/matched_intervals005/bdg2_f2_s46_v2/stages/dscp_assignment_000576_001088/COMPLETE.json
 create mode 100644 smart_building_conformal/outputs/matched_intervals005/bdg2_f2_s46_v2/stages/dscp_assignment_000576_001088/assignments.npy
 create mode 100644 smart_building_conformal/outputs/matched_intervals005/bdg2_f2_s46_v2/stages/dscp_assignment_000576_001088/stage.json
 create mode 100644 smart_building_conformal/outputs/matched_intervals005/bdg2_f2_s46_v2/stages/dscp_assignment_001088_001600/COMPLETE.json
 create mode 100644 smart_building_conformal/outputs/matched_intervals005/bdg2_f2_s46_v2/stages/dscp_assignment_001088_001600/assignments.npy
 create mode 100644 smart_building_conformal/outputs/matched_intervals005/bdg2_f2_s46_v2/stages/dscp_assignment_001088_001600/stage.json
 create mode 100644 smart_building_conformal/outputs/matched_intervals005/bdg2_f2_s46_v2/stages/dscp_assignment_001600_002112/COMPLETE.json
 create mode 100644 smart_building_conformal/outputs/matched_intervals005/bdg2_f2_s46_v2/stages/dscp_assignment_001600_002112/assignments.npy
 create mode 100644 smart_building_conformal/outputs/matched_intervals005/bdg2_f2_s46_v2/stages/dscp_assignment_001600_002112/stage.json
 create mode 100644 smart_building_conformal/outputs/matched_intervals005/bdg2_f2_s46_v2/stages/dscp_assignment_002112_002624/COMPLETE.json
 create mode 100644 smart_building_conformal/outputs/matched_intervals005/bdg2_f2_s46_v2/stages/dscp_assignment_002112_002624/assignments.npy
 create mode 100644 smart_building_conformal/outputs/matched_intervals005/bdg2_f2_s46_v2/stages/dscp_assignment_002112_002624/stage.json
 create mode 100644 smart_building_conformal/outputs/matched_intervals005/bdg2_f2_s46_v2/stages/dscp_assignment_002624_003136/COMPLETE.json
 create mode 100644 smart_building_conformal/outputs/matched_intervals005/bdg2_f2_s46_v2/stages/dscp_assignment_002624_003136/assignments.npy
 create mode 100644 smart_building_conformal/outputs/matched_intervals005/bdg2_f2_s46_v2/stages/dscp_assignment_002624_003136/stage.json
 create mode 100644 smart_building_conformal/outputs/matched_intervals005/bdg2_f2_s46_v2/stages/dscp_assignment_003136_003648/COMPLETE.json
 create mode 100644 smart_building_conformal/outputs/matched_intervals005/bdg2_f2_s46_v2/stages/dscp_assignment_003136_003648/assignments.npy
 create mode 100644 smart_building_conformal/outputs/matched_intervals005/bdg2_f2_s46_v2/stages/dscp_assignment_003136_003648/stage.json
 create mode 100644 smart_building_conformal/outputs/matched_intervals005/bdg2_f2_s46_v2/stages/dscp_assignment_003648_004160/COMPLETE.json
 create mode 100644 smart_building_conformal/outputs/matched_intervals005/bdg2_f2_s46_v2/stages/dscp_assignment_003648_004160/assignments.npy
 create mode 100644 smart_building_conformal/outputs/matched_intervals005/bdg2_f2_s46_v2/stages/dscp_assignment_003648_004160/stage.json
 create mode 100644 smart_building_conformal/outputs/matched_intervals005/bdg2_f2_s46_v2/stages/dscp_assignment_004160_004672/COMPLETE.json
 create mode 100644 smart_building_conformal/outputs/matched_intervals005/bdg2_f2_s46_v2/stages/dscp_assignment_004160_004672/assignments.npy
 create mode 100644 smart_building_conformal/outputs/matched_intervals005/bdg2_f2_s46_v2/stages/dscp_assignment_004160_004672/stage.json
 create mode 100644 smart_building_conformal/outputs/matched_intervals005/bdg2_f2_s46_v2/stages/dscp_assignment_004672_005184/COMPLETE.json
 create mode 100644 smart_building_conformal/outputs/matched_intervals005/bdg2_f2_s46_v2/stages/dscp_assignment_004672_005184/assignments.npy
 create mode 100644 smart_building_conformal/outputs/matched_intervals005/bdg2_f2_s46_v2/stages/dscp_assignment_004672_005184/stage.json
 create mode 100644 smart_building_conformal/outputs/matched_intervals005/bdg2_f2_s46_v2/stages/dscp_assignment_005184_005696/COMPLETE.json
 create mode 100644 smart_building_conformal/outputs/matched_intervals005/bdg2_f2_s46_v2/stages/dscp_assignment_005184_005696/assignments.npy
 create mode 100644 smart_building_conformal/outputs/matched_intervals005/bdg2_f2_s46_v2/stages/dscp_assignment_005184_005696/stage.json
 create mode 100644 smart_building_conformal/outputs/matched_intervals005/bdg2_f2_s46_v2/stages/dscp_assignment_005696_006208/COMPLETE.json
 create mode 100644 smart_building_conformal/outputs/matched_intervals005/bdg2_f2_s46_v2/stages/dscp_assignment_005696_006208/assignments.npy
 create mode 100644 smart_building_conformal/outputs/matched_intervals005/bdg2_f2_s46_v2/stages/dscp_assignment_005696_006208/stage.json
 create mode 100644 smart_building_conformal/outputs/matched_intervals005/bdg2_f2_s46_v2/stages/dscp_assignment_006208_006720/COMPLETE.json
 create mode 100644 smart_building_conformal/outputs/matched_intervals005/bdg2_f2_s46_v2/stages/dscp_assignment_006208_006720/assignments.npy
 create mode 100644 smart_building_conformal/outputs/matched_intervals005/bdg2_f2_s46_v2/stages/dscp_assignment_006208_006720/stage.json
 create mode 100644 smart_building_conformal/outputs/matched_intervals005/bdg2_f2_s46_v2/stages/dscp_assignment_006720_007232/COMPLETE.json
 create mode 100644 smart_building_conformal/outputs/matched_intervals005/bdg2_f2_s46_v2/stages/dscp_assignment_006720_007232/assignments.npy
 create mode 100644 smart_building_conformal/outputs/matched_intervals005/bdg2_f2_s46_v2/stages/dscp_assignment_006720_007232/stage.json
 create mode 100644 smart_building_conformal/outputs/matched_intervals005/bdg2_f2_s46_v2/stages/dscp_assignment_007232_007744/COMPLETE.json
 create mode 100644 smart_building_conformal/outputs/matched_intervals005/bdg2_f2_s46_v2/stages/dscp_assignment_007232_007744/assignments.npy
 create mode 100644 smart_building_conformal/outputs/matched_intervals005/bdg2_f2_s46_v2/stages/dscp_assignment_007232_007744/stage.json
 create mode 100644 smart_building_conformal/outputs/matched_intervals005/bdg2_f2_s46_v2/stages/dscp_assignment_007744_008256/COMPLETE.json
 create mode 100644 smart_building_conformal/outputs/matched_intervals005/bdg2_f2_s46_v2/stages/dscp_assignment_007744_008256/assignments.npy
 create mode 100644 smart_building_conformal/outputs/matched_intervals005/bdg2_f2_s46_v2/stages/dscp_assignment_007744_008256/stage.json
 create mode 100644 smart_building_conformal/outputs/matched_intervals005/bdg2_f2_s46_v2/stages/dscp_assignment_008256_008768/COMPLETE.json
 create mode 100644 smart_building_conformal/outputs/matched_intervals005/bdg2_f2_s46_v2/stages/dscp_assignment_008256_008768/assignments.npy
 create mode 100644 smart_building_conformal/outputs/matched_intervals005/bdg2_f2_s46_v2/stages/dscp_assignment_008256_008768/stage.json
 create mode 100644 smart_building_conformal/outputs/matched_intervals005/bdg2_f2_s46_v2/stages/dscp_assignment_008768_009280/COMPLETE.json
 create mode 100644 smart_building_conformal/outputs/matched_intervals005/bdg2_f2_s46_v2/stages/dscp_assignment_008768_009280/assignments.npy
 create mode 100644 smart_building_conformal/outputs/matched_intervals005/bdg2_f2_s46_v2/stages/dscp_assignment_008768_009280/stage.json
 create mode 100644 smart_building_conformal/outputs/matched_intervals005/bdg2_f2_s46_v2/stages/dscp_assignment_009280_009792/COMPLETE.json
 create mode 100644 smart_building_conformal/outputs/matched_intervals005/bdg2_f2_s46_v2/stages/dscp_assignment_009280_009792/assignments.npy
 create mode 100644 smart_building_conformal/outputs/matched_intervals005/bdg2_f2_s46_v2/stages/dscp_assignment_009280_009792/stage.json
 create mode 100644 smart_building_conformal/outputs/matched_intervals005/bdg2_f2_s46_v2/stages/dscp_assignment_009792_010304/COMPLETE.json
 create mode 100644 smart_building_conformal/outputs/matched_intervals005/bdg2_f2_s46_v2/stages/dscp_assignment_009792_010304/assignments.npy
 create mode 100644 smart_building_conformal/outputs/matched_intervals005/bdg2_f2_s46_v2/stages/dscp_assignment_009792_010304/stage.json
 create mode 100644 smart_building_conformal/outputs/matched_intervals005/bdg2_f2_s46_v2/stages/dscp_assignment_010304_010816/COMPLETE.json
 create mode 100644 smart_building_conformal/outputs/matched_intervals005/bdg2_f2_s46_v2/stages/dscp_assignment_010304_010816/assignments.npy
 create mode 100644 smart_building_conformal/outputs/matched_intervals005/bdg2_f2_s46_v2/stages/dscp_assignment_010304_010816/stage.json
 create mode 100644 smart_building_conformal/outputs/matched_intervals005/bdg2_f2_s46_v2/stages/dscp_assignment_010816_011328/COMPLETE.json
 create mode 100644 smart_building_conformal/outputs/matched_intervals005/bdg2_f2_s46_v2/stages/dscp_assignment_010816_011328/assignments.npy
 create mode 100644 smart_building_conformal/outputs/matched_intervals005/bdg2_f2_s46_v2/stages/dscp_assignment_010816_011328/stage.json
 create mode 100644 smart_building_conformal/outputs/matched_intervals005/bdg2_f2_s46_v2/stages/dscp_assignment_011328_011840/COMPLETE.json
 create mode 100644 smart_building_conformal/outputs/matched_intervals005/bdg2_f2_s46_v2/stages/dscp_assignment_011328_011840/assignments.npy
 create mode 100644 smart_building_conformal/outputs/matched_intervals005/bdg2_f2_s46_v2/stages/dscp_assignment_011328_011840/stage.json
 create mode 100644 smart_building_conformal/outputs/matched_intervals005/bdg2_f2_s46_v2/stages/dscp_assignment_011840_012352/COMPLETE.json
 create mode 100644 smart_building_conformal/outputs/matched_intervals005/bdg2_f2_s46_v2/stages/dscp_assignment_011840_012352/assignments.npy
 create mode 100644 smart_building_conformal/outputs/matched_intervals005/bdg2_f2_s46_v2/stages/dscp_assignment_011840_012352/stage.json
 create mode 100644 smart_building_conformal/outputs/matched_intervals005/bdg2_f2_s46_v2/stages/dscp_assignment_012352_012864/COMPLETE.json
 create mode 100644 smart_building_conformal/outputs/matched_intervals005/bdg2_f2_s46_v2/stages/dscp_assignment_012352_012864/assignments.npy
 create mode 100644 smart_building_conformal/outputs/matched_intervals005/bdg2_f2_s46_v2/stages/dscp_assignment_012352_012864/stage.json
 create mode 100644 smart_building_conformal/outputs/matched_intervals005/bdg2_f2_s46_v2/stages/dscp_assignment_012864_013376/COMPLETE.json
 create mode 100644 smart_building_conformal/outputs/matched_intervals005/bdg2_f2_s46_v2/stages/dscp_assignment_012864_013376/assignments.npy
 create mode 100644 smart_building_conformal/outputs/matched_intervals005/bdg2_f2_s46_v2/stages/dscp_assignment_012864_013376/stage.json
 create mode 100644 smart_building_conformal/outputs/matched_intervals005/bdg2_f2_s46_v2/stages/dscp_assignment_013376_013888/COMPLETE.json
 create mode 100644 smart_building_conformal/outputs/matched_intervals005/bdg2_f2_s46_v2/stages/dscp_assignment_013376_013888/assignments.npy
 create mode 100644 smart_building_conformal/outputs/matched_intervals005/bdg2_f2_s46_v2/stages/dscp_assignment_013376_013888/stage.json
 create mode 100644 smart_building_conformal/outputs/matched_intervals005/bdg2_f2_s46_v2/stages/dscp_assignment_013888_014400/COMPLETE.json
 create mode 100644 smart_building_conformal/outputs/matched_intervals005/bdg2_f2_s46_v2/stages/dscp_assignment_013888_014400/assignments.npy
 create mode 100644 smart_building_conformal/outputs/matched_intervals005/bdg2_f2_s46_v2/stages/dscp_assignment_013888_014400/stage.json
 create mode 100644 smart_building_conformal/outputs/matched_intervals005/bdg2_f2_s46_v2/stages/dscp_assignment_014400_014912/COMPLETE.json
 create mode 100644 smart_building_conformal/outputs/matched_intervals005/bdg2_f2_s46_v2/stages/dscp_assignment_014400_014912/assignments.npy
 create mode 100644 smart_building_conformal/outputs/matched_intervals005/bdg2_f2_s46_v2/stages/dscp_assignment_014400_014912/stage.json
 create mode 100644 smart_building_conformal/outputs/matched_intervals005/bdg2_f2_s46_v2/stages/dscp_assignment_014912_015424/COMPLETE.json
 create mode 100644 smart_building_conformal/outputs/matched_intervals005/bdg2_f2_s46_v2/stages/dscp_assignment_014912_015424/assignments.npy
 create mode 100644 smart_building_conformal/outputs/matched_intervals005/bdg2_f2_s46_v2/stages/dscp_assignment_014912_015424/stage.json
 create mode 100644 smart_building_conformal/outputs/matched_intervals005/bdg2_f2_s46_v2/stages/dscp_assignment_015424_015936/COMPLETE.json
 create mode 100644 smart_building_conformal/outputs/matched_intervals005/bdg2_f2_s46_v2/stages/dscp_assignment_015424_015936/assignments.npy
 create mode 100644 smart_building_conformal/outputs/matched_intervals005/bdg2_f2_s46_v2/stages/dscp_assignment_015424_015936/stage.json
 create mode 100644 smart_building_conformal/outputs/matched_intervals005/bdg2_f2_s46_v2/stages/dscp_assignment_015936_016448/COMPLETE.json
 create mode 100644 smart_building_conformal/outputs/matched_intervals005/bdg2_f2_s46_v2/stages/dscp_assignment_015936_016448/assignments.npy
 create mode 100644 smart_building_conformal/outputs/matched_intervals005/bdg2_f2_s46_v2/stages/dscp_assignment_015936_016448/stage.json
 create mode 100644 smart_building_conformal/outputs/matched_intervals005/bdg2_f2_s46_v2/stages/dscp_assignment_016448_016960/COMPLETE.json
 create mode 100644 smart_building_conformal/outputs/matched_intervals005/bdg2_f2_s46_v2/stages/dscp_assignment_016448_016960/assignments.npy
 create mode 100644 smart_building_conformal/outputs/matched_intervals005/bdg2_f2_s46_v2/stages/dscp_assignment_016448_016960/stage.json
 create mode 100644 smart_building_conformal/outputs/matched_intervals005/bdg2_f2_s46_v2/stages/dscp_assignment_016960_017472/COMPLETE.json
 create mode 100644 smart_building_conformal/outputs/matched_intervals005/bdg2_f2_s46_v2/stages/dscp_assignment_016960_017472/assignments.npy
 create mode 100644 smart_building_conformal/outputs/matched_intervals005/bdg2_f2_s46_v2/stages/dscp_assignment_016960_017472/stage.json
 create mode 100644 smart_building_conformal/outputs/matched_intervals005/bdg2_f2_s46_v2/stages/dscp_assignment_017472_017984/COMPLETE.json
 create mode 100644 smart_building_conformal/outputs/matched_intervals005/bdg2_f2_s46_v2/stages/dscp_assignment_017472_017984/assignments.npy
 create mode 100644 smart_building_conformal/outputs/matched_intervals005/bdg2_f2_s46_v2/stages/dscp_assignment_017472_017984/stage.json
 create mode 100644 smart_building_conformal/outputs/matched_intervals005/bdg2_f2_s46_v2/stages/dscp_assignment_017984_018496/COMPLETE.json
 create mode 100644 smart_building_conformal/outputs/matched_intervals005/bdg2_f2_s46_v2/stages/dscp_assignment_017984_018496/assignments.npy
 create mode 100644 smart_building_conformal/outputs/matched_intervals005/bdg2_f2_s46_v2/stages/dscp_assignment_017984_018496/stage.json
 create mode 100644 smart_building_conformal/outputs/matched_intervals005/bdg2_f2_s46_v2/stages/dscp_assignment_018496_019008/COMPLETE.json
 create mode 100644 smart_building_conformal/outputs/matched_intervals005/bdg2_f2_s46_v2/stages/dscp_assignment_018496_019008/assignments.npy
 create mode 100644 smart_building_conformal/outputs/matched_intervals005/bdg2_f2_s46_v2/stages/dscp_assignment_018496_019008/stage.json
 create mode 100644 smart_building_conformal/outputs/matched_intervals005/bdg2_f2_s46_v2/stages/dscp_assignment_019008_019520/COMPLETE.json
 create mode 100644 smart_building_conformal/outputs/matched_intervals005/bdg2_f2_s46_v2/stages/dscp_assignment_019008_019520/assignments.npy
 create mode 100644 smart_building_conformal/outputs/matched_intervals005/bdg2_f2_s46_v2/stages/dscp_assignment_019008_019520/stage.json
 create mode 100644 smart_building_conformal/outputs/matched_intervals005/bdg2_f2_s46_v2/stages/dscp_assignment_019520_020032/COMPLETE.json
 create mode 100644 smart_building_conformal/outputs/matched_intervals005/bdg2_f2_s46_v2/stages/dscp_assignment_019520_020032/assignments.npy
 create mode 100644 smart_building_conformal/outputs/matched_intervals005/bdg2_f2_s46_v2/stages/dscp_assignment_019520_020032/stage.json
 create mode 100644 smart_building_conformal/outputs/matched_intervals005/bdg2_f2_s46_v2/stages/dscp_assignment_020032_020544/COMPLETE.json
 create mode 100644 smart_building_conformal/outputs/matched_intervals005/bdg2_f2_s46_v2/stages/dscp_assignment_020032_020544/assignments.npy
 create mode 100644 smart_building_conformal/outputs/matched_intervals005/bdg2_f2_s46_v2/stages/dscp_assignment_020032_020544/stage.json
 create mode 100644 smart_building_conformal/outputs/matched_intervals005/bdg2_f2_s46_v2/stages/dscp_assignment_020544_021056/COMPLETE.json
 create mode 100644 smart_building_conformal/outputs/matched_intervals005/bdg2_f2_s46_v2/stages/dscp_assignment_020544_021056/assignments.npy
 create mode 100644 smart_building_conformal/outputs/matched_intervals005/bdg2_f2_s46_v2/stages/dscp_assignment_020544_021056/stage.json
 create mode 100644 smart_building_conformal/outputs/matched_intervals005/bdg2_f2_s46_v2/stages/dscp_assignment_021056_021568/COMPLETE.json
 create mode 100644 smart_building_conformal/outputs/matched_intervals005/bdg2_f2_s46_v2/stages/dscp_assignment_021056_021568/assignments.npy
 create mode 100644 smart_building_conformal/outputs/matched_intervals005/bdg2_f2_s46_v2/stages/dscp_assignment_021056_021568/stage.json
 create mode 100644 smart_building_conformal/outputs/matched_intervals005/bdg2_f2_s46_v2/stages/dscp_assignment_021568_022080/COMPLETE.json
 create mode 100644 smart_building_conformal/outputs/matched_intervals005/bdg2_f2_s46_v2/stages/dscp_assignment_021568_022080/assignments.npy
 create mode 100644 smart_building_conformal/outputs/matched_intervals005/bdg2_f2_s46_v2/stages/dscp_assignment_021568_022080/stage.json
 create mode 100644 smart_building_conformal/outputs/matched_intervals005/bdg2_f2_s46_v2/stages/dscp_assignment_022080_022592/COMPLETE.json
 create mode 100644 smart_building_conformal/outputs/matched_intervals005/bdg2_f2_s46_v2/stages/dscp_assignment_022080_022592/assignments.npy
 create mode 100644 smart_building_conformal/outputs/matched_intervals005/bdg2_f2_s46_v2/stages/dscp_assignment_022080_022592/stage.json
 create mode 100644 smart_building_conformal/outputs/matched_intervals005/bdg2_f2_s46_v2/stages/dscp_assignment_022592_023104/COMPLETE.json
 create mode 100644 smart_building_conformal/outputs/matched_intervals005/bdg2_f2_s46_v2/stages/dscp_assignment_022592_023104/assignments.npy
 create mode 100644 smart_building_conformal/outputs/matched_intervals005/bdg2_f2_s46_v2/stages/dscp_assignment_022592_023104/stage.json
 create mode 100644 smart_building_conformal/outputs/matched_intervals005/bdg2_f2_s46_v2/stages/dscp_assignment_023104_023616/COMPLETE.json
 create mode 100644 smart_building_conformal/outputs/matched_intervals005/bdg2_f2_s46_v2/stages/dscp_assignment_023104_023616/assignments.npy
 create mode 100644 smart_building_conformal/outputs/matched_intervals005/bdg2_f2_s46_v2/stages/dscp_assignment_023104_023616/stage.json
 create mode 100644 smart_building_conformal/outputs/matched_intervals005/bdg2_f2_s46_v2/stages/dscp_assignment_023616_024128/COMPLETE.json
 create mode 100644 smart_building_conformal/outputs/matched_intervals005/bdg2_f2_s46_v2/stages/dscp_assignment_023616_024128/assignments.npy
 create mode 100644 smart_building_conformal/outputs/matched_intervals005/bdg2_f2_s46_v2/stages/dscp_assignment_023616_024128/stage.json
 create mode 100644 smart_building_conformal/outputs/matched_intervals005/bdg2_f2_s46_v2/stages/dscp_assignment_024128_024640/COMPLETE.json
 create mode 100644 smart_building_conformal/outputs/matched_intervals005/bdg2_f2_s46_v2/stages/dscp_assignment_024128_024640/assignments.npy
 create mode 100644 smart_building_conformal/outputs/matched_intervals005/bdg2_f2_s46_v2/stages/dscp_assignment_024128_024640/stage.json
 create mode 100644 smart_building_conformal/outputs/matched_intervals005/bdg2_f2_s46_v2/stages/dscp_assignment_024640_025152/COMPLETE.json
 create mode 100644 smart_building_conformal/outputs/matched_intervals005/bdg2_f2_s46_v2/stages/dscp_assignment_024640_025152/assignments.npy
 create mode 100644 smart_building_conformal/outputs/matched_intervals005/bdg2_f2_s46_v2/stages/dscp_assignment_024640_025152/stage.json
 create mode 100644 smart_building_conformal/outputs/matched_intervals005/bdg2_f2_s46_v2/stages/dscp_assignment_025152_025664/COMPLETE.json
 create mode 100644 smart_building_conformal/outputs/matched_intervals005/bdg2_f2_s46_v2/stages/dscp_assignment_025152_025664/assignments.npy
 create mode 100644 smart_building_conformal/outputs/matched_intervals005/bdg2_f2_s46_v2/stages/dscp_assignment_025152_025664/stage.json
 create mode 100644 smart_building_conformal/outputs/matched_intervals005/bdg2_f2_s46_v2/stages/dscp_assignment_025664_026176/COMPLETE.json
 create mode 100644 smart_building_conformal/outputs/matched_intervals005/bdg2_f2_s46_v2/stages/dscp_assignment_025664_026176/assignments.npy
 create mode 100644 smart_building_conformal/outputs/matched_intervals005/bdg2_f2_s46_v2/stages/dscp_assignment_025664_026176/stage.json
 create mode 100644 smart_building_conformal/outputs/matched_intervals005/bdg2_f2_s46_v2/stages/dscp_assignment_026176_026688/COMPLETE.json
 create mode 100644 smart_building_conformal/outputs/matched_intervals005/bdg2_f2_s46_v2/stages/dscp_assignment_026176_026688/assignments.npy
 create mode 100644 smart_building_conformal/outputs/matched_intervals005/bdg2_f2_s46_v2/stages/dscp_assignment_026176_026688/stage.json
 create mode 100644 smart_building_conformal/outputs/matched_intervals005/bdg2_f2_s46_v2/stages/dscp_assignment_026688_027200/COMPLETE.json
 create mode 100644 smart_building_conformal/outputs/matched_intervals005/bdg2_f2_s46_v2/stages/dscp_assignment_026688_027200/assignments.npy
 create mode 100644 smart_building_conformal/outputs/matched_intervals005/bdg2_f2_s46_v2/stages/dscp_assignment_026688_027200/stage.json
 create mode 100644 smart_building_conformal/outputs/matched_intervals005/bdg2_f2_s46_v2/stages/dscp_assignment_027200_027712/COMPLETE.json
 create mode 100644 smart_building_conformal/outputs/matched_intervals005/bdg2_f2_s46_v2/stages/dscp_assignment_027200_027712/assignments.npy
 create mode 100644 smart_building_conformal/outputs/matched_intervals005/bdg2_f2_s46_v2/stages/dscp_assignment_027200_027712/stage.json
 create mode 100644 smart_building_conformal/outputs/matched_intervals005/bdg2_f2_s46_v2/stages/dscp_assignment_027712_028224/COMPLETE.json
 create mode 100644 smart_building_conformal/outputs/matched_intervals005/bdg2_f2_s46_v2/stages/dscp_assignment_027712_028224/assignments.npy
 create mode 100644 smart_building_conformal/outputs/matched_intervals005/bdg2_f2_s46_v2/stages/dscp_assignment_027712_028224/stage.json
 create mode 100644 smart_building_conformal/outputs/matched_intervals005/bdg2_f2_s46_v2/stages/dscp_assignment_028224_028736/COMPLETE.json
 create mode 100644 smart_building_conformal/outputs/matched_intervals005/bdg2_f2_s46_v2/stages/dscp_assignment_028224_028736/assignments.npy
 create mode 100644 smart_building_conformal/outputs/matched_intervals005/bdg2_f2_s46_v2/stages/dscp_assignment_028224_028736/stage.json
 create mode 100644 smart_building_conformal/outputs/matched_intervals005/bdg2_f2_s46_v2/stages/dscp_assignment_028736_029248/COMPLETE.json
 create mode 100644 smart_building_conformal/outputs/matched_intervals005/bdg2_f2_s46_v2/stages/dscp_assignment_028736_029248/assignments.npy
 create mode 100644 smart_building_conformal/outputs/matched_intervals005/bdg2_f2_s46_v2/stages/dscp_assignment_028736_029248/stage.json
 create mode 100644 smart_building_conformal/outputs/matched_intervals005/bdg2_f2_s46_v2/stages/dscp_assignment_029248_029760/COMPLETE.json
 create mode 100644 smart_building_conformal/outputs/matched_intervals005/bdg2_f2_s46_v2/stages/dscp_assignment_029248_029760/assignments.npy
 create mode 100644 smart_building_conformal/outputs/matched_intervals005/bdg2_f2_s46_v2/stages/dscp_assignment_029248_029760/stage.json
 create mode 100644 smart_building_conformal/outputs/matched_intervals005/bdg2_f2_s46_v2/stages/dscp_assignment_029760_030272/COMPLETE.json
 create mode 100644 smart_building_conformal/outputs/matched_intervals005/bdg2_f2_s46_v2/stages/dscp_assignment_029760_030272/assignments.npy
 create mode 100644 smart_building_conformal/outputs/matched_intervals005/bdg2_f2_s46_v2/stages/dscp_assignment_029760_030272/stage.json
 create mode 100644 smart_building_conformal/outputs/matched_intervals005/bdg2_f2_s46_v2/stages/dscp_assignment_030272_030784/COMPLETE.json
 create mode 100644 smart_building_conformal/outputs/matched_intervals005/bdg2_f2_s46_v2/stages/dscp_assignment_030272_030784/assignments.npy
 create mode 100644 smart_building_conformal/outputs/matched_intervals005/bdg2_f2_s46_v2/stages/dscp_assignment_030272_030784/stage.json
 create mode 100644 smart_building_conformal/outputs/matched_intervals005/bdg2_f2_s46_v2/stages/dscp_assignment_030784_031296/COMPLETE.json
 create mode 100644 smart_building_conformal/outputs/matched_intervals005/bdg2_f2_s46_v2/stages/dscp_assignment_030784_031296/assignments.npy
 create mode 100644 smart_building_conformal/outputs/matched_intervals005/bdg2_f2_s46_v2/stages/dscp_assignment_030784_031296/stage.json
 create mode 100644 smart_building_conformal/outputs/matched_intervals005/bdg2_f2_s46_v2/stages/dscp_assignment_031296_031808/COMPLETE.json
 create mode 100644 smart_building_conformal/outputs/matched_intervals005/bdg2_f2_s46_v2/stages/dscp_assignment_031296_031808/assignments.npy
 create mode 100644 smart_building_conformal/outputs/matched_intervals005/bdg2_f2_s46_v2/stages/dscp_assignment_031296_031808/stage.json
 create mode 100644 smart_building_conformal/outputs/matched_intervals005/bdg2_f2_s46_v2/stages/dscp_assignment_031808_032320/COMPLETE.json
 create mode 100644 smart_building_conformal/outputs/matched_intervals005/bdg2_f2_s46_v2/stages/dscp_assignment_031808_032320/assignments.npy
 create mode 100644 smart_building_conformal/outputs/matched_intervals005/bdg2_f2_s46_v2/stages/dscp_assignment_031808_032320/stage.json
 create mode 100644 smart_building_conformal/outputs/matched_intervals005/bdg2_f2_s46_v2/stages/dscp_assignment_032320_032832/COMPLETE.json
 create mode 100644 smart_building_conformal/outputs/matched_intervals005/bdg2_f2_s46_v2/stages/dscp_assignment_032320_032832/assignments.npy
 create mode 100644 smart_building_conformal/outputs/matched_intervals005/bdg2_f2_s46_v2/stages/dscp_assignment_032320_032832/stage.json
 create mode 100644 smart_building_conformal/outputs/matched_intervals005/bdg2_f2_s46_v2/stages/dscp_assignment_032832_033344/COMPLETE.json
 create mode 100644 smart_building_conformal/outputs/matched_intervals005/bdg2_f2_s46_v2/stages/dscp_assignment_032832_033344/assignments.npy
 create mode 100644 smart_building_conformal/outputs/matched_intervals005/bdg2_f2_s46_v2/stages/dscp_assignment_032832_033344/stage.json
 create mode 100644 smart_building_conformal/outputs/matched_intervals005/bdg2_f2_s46_v2/stages/dscp_assignment_033344_033856/COMPLETE.json
 create mode 100644 smart_building_conformal/outputs/matched_intervals005/bdg2_f2_s46_v2/stages/dscp_assignment_033344_033856/assignments.npy
 create mode 100644 smart_building_conformal/outputs/matched_intervals005/bdg2_f2_s46_v2/stages/dscp_assignment_033344_033856/stage.json
 create mode 100644 smart_building_conformal/outputs/matched_intervals005/bdg2_f2_s46_v2/stages/dscp_assignment_033856_034368/COMPLETE.json
 create mode 100644 smart_building_conformal/outputs/matched_intervals005/bdg2_f2_s46_v2/stages/dscp_assignment_033856_034368/assignments.npy
 create mode 100644 smart_building_conformal/outputs/matched_intervals005/bdg2_f2_s46_v2/stages/dscp_assignment_033856_034368/stage.json
 create mode 100644 smart_building_conformal/outputs/matched_intervals005/bdg2_f2_s46_v2/stages/dscp_assignment_034368_034590/COMPLETE.json
 create mode 100644 smart_building_conformal/outputs/matched_intervals005/bdg2_f2_s46_v2/stages/dscp_assignment_034368_034590/assignments.npy
 create mode 100644 smart_building_conformal/outputs/matched_intervals005/bdg2_f2_s46_v2/stages/dscp_assignment_034368_034590/stage.json
 create mode 100644 smart_building_conformal/outputs/matched_intervals005/bdg2_f2_s46_v2/stages/dscp_fit/COMPLETE.json
 create mode 100644 smart_building_conformal/outputs/matched_intervals005/bdg2_f2_s46_v2/stages/dscp_fit/calibrator.pkl
 create mode 100644 smart_building_conformal/outputs/matched_intervals005/bdg2_f2_s46_v2/stages/dscp_fit/calibrator_metadata.json
 create mode 100644 smart_building_conformal/outputs/matched_intervals005/bdg2_f2_s46_v2/stages/dscp_fit/stage.json
 create mode 100644 smart_building_conformal/outputs/matched_intervals005/bdg2_f2_s46_v2/stages/dscp_joint/COMPLETE.json
 create mode 100644 smart_building_conformal/outputs/matched_intervals005/bdg2_f2_s46_v2/stages/dscp_joint/calibration_h1.csv.gz
 create mode 100644 smart_building_conformal/outputs/matched_intervals005/bdg2_f2_s46_v2/stages/dscp_joint/calibration_h3.csv.gz
 create mode 100644 smart_building_conformal/outputs/matched_intervals005/bdg2_f2_s46_v2/stages/dscp_joint/calibration_h6.csv.gz
 create mode 100644 smart_building_conformal/outputs/matched_intervals005/bdg2_f2_s46_v2/stages/dscp_joint/fit_h1.csv.gz
 create mode 100644 smart_building_conformal/outputs/matched_intervals005/bdg2_f2_s46_v2/stages/dscp_joint/fit_h3.csv.gz
 create mode 100644 smart_building_conformal/outputs/matched_intervals005/bdg2_f2_s46_v2/stages/dscp_joint/fit_h6.csv.gz
 create mode 100644 smart_building_conformal/outputs/matched_intervals005/bdg2_f2_s46_v2/stages/dscp_joint/stage.json
 create mode 100644 smart_building_conformal/outputs/matched_intervals005/bdg2_f2_s46_v2/stages/dscp_joint/test_h1.csv.gz
 create mode 100644 smart_building_conformal/outputs/matched_intervals005/bdg2_f2_s46_v2/stages/dscp_joint/test_h3.csv.gz
 create mode 100644 smart_building_conformal/outputs/matched_intervals005/bdg2_f2_s46_v2/stages/dscp_joint/test_h6.csv.gz
 create mode 100644 smart_building_conformal/outputs/matched_intervals005/bdg2_f2_s46_v2/stages/historical_h1/COMPLETE.json
 create mode 100644 smart_building_conformal/outputs/matched_intervals005/bdg2_f2_s46_v2/stages/historical_h1/calibration.csv.gz
 create mode 100644 smart_building_conformal/outputs/matched_intervals005/bdg2_f2_s46_v2/stages/historical_h1/fit.csv.gz
 create mode 100644 smart_building_conformal/outputs/matched_intervals005/bdg2_f2_s46_v2/stages/historical_h1/reload_checks.csv
 create mode 100644 smart_building_conformal/outputs/matched_intervals005/bdg2_f2_s46_v2/stages/historical_h1/stage.json
 create mode 100644 smart_building_conformal/outputs/matched_intervals005/bdg2_f2_s46_v2/stages/historical_h1/test.csv.gz
 create mode 100644 smart_building_conformal/outputs/matched_intervals005/bdg2_f2_s46_v2/stages/historical_h3/COMPLETE.json
 create mode 100644 smart_building_conformal/outputs/matched_intervals005/bdg2_f2_s46_v2/stages/historical_h3/calibration.csv.gz
 create mode 100644 smart_building_conformal/outputs/matched_intervals005/bdg2_f2_s46_v2/stages/historical_h3/fit.csv.gz
 create mode 100644 smart_building_conformal/outputs/matched_intervals005/bdg2_f2_s46_v2/stages/historical_h3/reload_checks.csv
 create mode 100644 smart_building_conformal/outputs/matched_intervals005/bdg2_f2_s46_v2/stages/historical_h3/stage.json
 create mode 100644 smart_building_conformal/outputs/matched_intervals005/bdg2_f2_s46_v2/stages/historical_h3/test.csv.gz
 create mode 100644 smart_building_conformal/outputs/matched_intervals005/bdg2_f2_s46_v2/stages/historical_h6/COMPLETE.json
 create mode 100644 smart_building_conformal/outputs/matched_intervals005/bdg2_f2_s46_v2/stages/historical_h6/calibration.csv.gz
 create mode 100644 smart_building_conformal/outputs/matched_intervals005/bdg2_f2_s46_v2/stages/historical_h6/fit.csv.gz
 create mode 100644 smart_building_conformal/outputs/matched_intervals005/bdg2_f2_s46_v2/stages/historical_h6/reload_checks.csv
 create mode 100644 smart_building_conformal/outputs/matched_intervals005/bdg2_f2_s46_v2/stages/historical_h6/stage.json
 create mode 100644 smart_building_conformal/outputs/matched_intervals005/bdg2_f2_s46_v2/stages/historical_h6/test.csv.gz
 create mode 100644 smart_building_conformal/outputs/matched_intervals005/bdg2_f2_s46_v2/stages/owner_cal_h1_cqr_l90/COMPLETE.json
 create mode 100644 smart_building_conformal/outputs/matched_intervals005/bdg2_f2_s46_v2/stages/owner_cal_h1_cqr_l90/native_conformity_scores.npy
 create mode 100644 smart_building_conformal/outputs/matched_intervals005/bdg2_f2_s46_v2/stages/owner_cal_h1_cqr_l90/operation_counts.json
 create mode 100644 smart_building_conformal/outputs/matched_intervals005/bdg2_f2_s46_v2/stages/owner_cal_h1_cqr_l90/owner.pkl
 create mode 100644 smart_building_conformal/outputs/matched_intervals005/bdg2_f2_s46_v2/stages/owner_cal_h1_cqr_l90/stage.json
 create mode 100644 smart_building_conformal/outputs/matched_intervals005/bdg2_f2_s46_v2/stages/owner_cal_h1_cqr_l95/COMPLETE.json
 create mode 100644 smart_building_conformal/outputs/matched_intervals005/bdg2_f2_s46_v2/stages/owner_cal_h1_cqr_l95/native_conformity_scores.npy
 create mode 100644 smart_building_conformal/outputs/matched_intervals005/bdg2_f2_s46_v2/stages/owner_cal_h1_cqr_l95/operation_counts.json
 create mode 100644 smart_building_conformal/outputs/matched_intervals005/bdg2_f2_s46_v2/stages/owner_cal_h1_cqr_l95/owner.pkl
 create mode 100644 smart_building_conformal/outputs/matched_intervals005/bdg2_f2_s46_v2/stages/owner_cal_h1_cqr_l95/stage.json
 create mode 100644 smart_building_conformal/outputs/matched_intervals005/bdg2_f2_s46_v2/stages/owner_cal_h1_enbpi/COMPLETE.json
 create mode 100644 smart_building_conformal/outputs/matched_intervals005/bdg2_f2_s46_v2/stages/owner_cal_h1_enbpi/native_conformity_scores.npy
 create mode 100644 smart_building_conformal/outputs/matched_intervals005/bdg2_f2_s46_v2/stages/owner_cal_h1_enbpi/operation_counts.json
 create mode 100644 smart_building_conformal/outputs/matched_intervals005/bdg2_f2_s46_v2/stages/owner_cal_h1_enbpi/owner.pkl
 create mode 100644 smart_building_conformal/outputs/matched_intervals005/bdg2_f2_s46_v2/stages/owner_cal_h1_enbpi/stage.json
 create mode 100644 smart_building_conformal/outputs/matched_intervals005/bdg2_f2_s46_v2/stages/owner_cal_h3_cqr_l90/COMPLETE.json
 create mode 100644 smart_building_conformal/outputs/matched_intervals005/bdg2_f2_s46_v2/stages/owner_cal_h3_cqr_l90/native_conformity_scores.npy
 create mode 100644 smart_building_conformal/outputs/matched_intervals005/bdg2_f2_s46_v2/stages/owner_cal_h3_cqr_l90/operation_counts.json
 create mode 100644 smart_building_conformal/outputs/matched_intervals005/bdg2_f2_s46_v2/stages/owner_cal_h3_cqr_l90/owner.pkl
 create mode 100644 smart_building_conformal/outputs/matched_intervals005/bdg2_f2_s46_v2/stages/owner_cal_h3_cqr_l90/stage.json
 create mode 100644 smart_building_conformal/outputs/matched_intervals005/bdg2_f2_s46_v2/stages/owner_cal_h3_cqr_l95/COMPLETE.json
 create mode 100644 smart_building_conformal/outputs/matched_intervals005/bdg2_f2_s46_v2/stages/owner_cal_h3_cqr_l95/native_conformity_scores.npy
 create mode 100644 smart_building_conformal/outputs/matched_intervals005/bdg2_f2_s46_v2/stages/owner_cal_h3_cqr_l95/operation_counts.json
 create mode 100644 smart_building_conformal/outputs/matched_intervals005/bdg2_f2_s46_v2/stages/owner_cal_h3_cqr_l95/owner.pkl
 create mode 100644 smart_building_conformal/outputs/matched_intervals005/bdg2_f2_s46_v2/stages/owner_cal_h3_cqr_l95/stage.json
 create mode 100644 smart_building_conformal/outputs/matched_intervals005/bdg2_f2_s46_v2/stages/owner_cal_h3_enbpi/COMPLETE.json
 create mode 100644 smart_building_conformal/outputs/matched_intervals005/bdg2_f2_s46_v2/stages/owner_cal_h3_enbpi/native_conformity_scores.npy
 create mode 100644 smart_building_conformal/outputs/matched_intervals005/bdg2_f2_s46_v2/stages/owner_cal_h3_enbpi/operation_counts.json
 create mode 100644 smart_building_conformal/outputs/matched_intervals005/bdg2_f2_s46_v2/stages/owner_cal_h3_enbpi/owner.pkl
 create mode 100644 smart_building_conformal/outputs/matched_intervals005/bdg2_f2_s46_v2/stages/owner_cal_h3_enbpi/stage.json
 create mode 100644 smart_building_conformal/outputs/matched_intervals005/bdg2_f2_s46_v2/stages/owner_cal_h6_cqr_l90/COMPLETE.json
 create mode 100644 smart_building_conformal/outputs/matched_intervals005/bdg2_f2_s46_v2/stages/owner_cal_h6_cqr_l90/native_conformity_scores.npy
 create mode 100644 smart_building_conformal/outputs/matched_intervals005/bdg2_f2_s46_v2/stages/owner_cal_h6_cqr_l90/operation_counts.json
 create mode 100644 smart_building_conformal/outputs/matched_intervals005/bdg2_f2_s46_v2/stages/owner_cal_h6_cqr_l90/owner.pkl
 create mode 100644 smart_building_conformal/outputs/matched_intervals005/bdg2_f2_s46_v2/stages/owner_cal_h6_cqr_l90/stage.json
 create mode 100644 smart_building_conformal/outputs/matched_intervals005/bdg2_f2_s46_v2/stages/owner_cal_h6_cqr_l95/COMPLETE.json
 create mode 100644 smart_building_conformal/outputs/matched_intervals005/bdg2_f2_s46_v2/stages/owner_cal_h6_cqr_l95/native_conformity_scores.npy
 create mode 100644 smart_building_conformal/outputs/matched_intervals005/bdg2_f2_s46_v2/stages/owner_cal_h6_cqr_l95/operation_counts.json
 create mode 100644 smart_building_conformal/outputs/matched_intervals005/bdg2_f2_s46_v2/stages/owner_cal_h6_cqr_l95/owner.pkl
 create mode 100644 smart_building_conformal/outputs/matched_intervals005/bdg2_f2_s46_v2/stages/owner_cal_h6_cqr_l95/stage.json
 create mode 100644 smart_building_conformal/outputs/matched_intervals005/bdg2_f2_s46_v2/stages/owner_cal_h6_enbpi/COMPLETE.json
 create mode 100644 smart_building_conformal/outputs/matched_intervals005/bdg2_f2_s46_v2/stages/owner_cal_h6_enbpi/native_conformity_scores.npy
 create mode 100644 smart_building_conformal/outputs/matched_intervals005/bdg2_f2_s46_v2/stages/owner_cal_h6_enbpi/operation_counts.json
 create mode 100644 smart_building_conformal/outputs/matched_intervals005/bdg2_f2_s46_v2/stages/owner_cal_h6_enbpi/owner.pkl
 create mode 100644 smart_building_conformal/outputs/matched_intervals005/bdg2_f2_s46_v2/stages/owner_cal_h6_enbpi/stage.json
 create mode 100644 smart_building_conformal/outputs/matched_intervals005/bdg2_f2_s46_v2/stages/owner_fit_h1_cqr_l90/COMPLETE.json
 create mode 100644 smart_building_conformal/outputs/matched_intervals005/bdg2_f2_s46_v2/stages/owner_fit_h1_cqr_l90/operation_counts.json
 create mode 100644 smart_building_conformal/outputs/matched_intervals005/bdg2_f2_s46_v2/stages/owner_fit_h1_cqr_l90/owner.pkl
 create mode 100644 smart_building_conformal/outputs/matched_intervals005/bdg2_f2_s46_v2/stages/owner_fit_h1_cqr_l90/stage.json
 create mode 100644 smart_building_conformal/outputs/matched_intervals005/bdg2_f2_s46_v2/stages/owner_fit_h1_cqr_l95/COMPLETE.json
 create mode 100644 smart_building_conformal/outputs/matched_intervals005/bdg2_f2_s46_v2/stages/owner_fit_h1_cqr_l95/operation_counts.json
 create mode 100644 smart_building_conformal/outputs/matched_intervals005/bdg2_f2_s46_v2/stages/owner_fit_h1_cqr_l95/owner.pkl
 create mode 100644 smart_building_conformal/outputs/matched_intervals005/bdg2_f2_s46_v2/stages/owner_fit_h1_cqr_l95/stage.json
 create mode 100644 smart_building_conformal/outputs/matched_intervals005/bdg2_f2_s46_v2/stages/owner_fit_h1_enbpi/COMPLETE.json
 create mode 100644 smart_building_conformal/outputs/matched_intervals005/bdg2_f2_s46_v2/stages/owner_fit_h1_enbpi/operation_counts.json
 create mode 100644 smart_building_conformal/outputs/matched_intervals005/bdg2_f2_s46_v2/stages/owner_fit_h1_enbpi/owner.pkl
 create mode 100644 smart_building_conformal/outputs/matched_intervals005/bdg2_f2_s46_v2/stages/owner_fit_h1_enbpi/stage.json
 create mode 100644 smart_building_conformal/outputs/matched_intervals005/bdg2_f2_s46_v2/stages/owner_fit_h3_cqr_l90/COMPLETE.json
 create mode 100644 smart_building_conformal/outputs/matched_intervals005/bdg2_f2_s46_v2/stages/owner_fit_h3_cqr_l90/operation_counts.json
 create mode 100644 smart_building_conformal/outputs/matched_intervals005/bdg2_f2_s46_v2/stages/owner_fit_h3_cqr_l90/owner.pkl
 create mode 100644 smart_building_conformal/outputs/matched_intervals005/bdg2_f2_s46_v2/stages/owner_fit_h3_cqr_l90/stage.json
 create mode 100644 smart_building_conformal/outputs/matched_intervals005/bdg2_f2_s46_v2/stages/owner_fit_h3_cqr_l95/COMPLETE.json
 create mode 100644 smart_building_conformal/outputs/matched_intervals005/bdg2_f2_s46_v2/stages/owner_fit_h3_cqr_l95/operation_counts.json
 create mode 100644 smart_building_conformal/outputs/matched_intervals005/bdg2_f2_s46_v2/stages/owner_fit_h3_cqr_l95/owner.pkl
 create mode 100644 smart_building_conformal/outputs/matched_intervals005/bdg2_f2_s46_v2/stages/owner_fit_h3_cqr_l95/stage.json
 create mode 100644 smart_building_conformal/outputs/matched_intervals005/bdg2_f2_s46_v2/stages/owner_fit_h3_enbpi/COMPLETE.json
 create mode 100644 smart_building_conformal/outputs/matched_intervals005/bdg2_f2_s46_v2/stages/owner_fit_h3_enbpi/operation_counts.json
 create mode 100644 smart_building_conformal/outputs/matched_intervals005/bdg2_f2_s46_v2/stages/owner_fit_h3_enbpi/owner.pkl
 create mode 100644 smart_building_conformal/outputs/matched_intervals005/bdg2_f2_s46_v2/stages/owner_fit_h3_enbpi/stage.json
 create mode 100644 smart_building_conformal/outputs/matched_intervals005/bdg2_f2_s46_v2/stages/owner_fit_h6_cqr_l90/COMPLETE.json
 create mode 100644 smart_building_conformal/outputs/matched_intervals005/bdg2_f2_s46_v2/stages/owner_fit_h6_cqr_l90/operation_counts.json
 create mode 100644 smart_building_conformal/outputs/matched_intervals005/bdg2_f2_s46_v2/stages/owner_fit_h6_cqr_l90/owner.pkl
 create mode 100644 smart_building_conformal/outputs/matched_intervals005/bdg2_f2_s46_v2/stages/owner_fit_h6_cqr_l90/stage.json
 create mode 100644 smart_building_conformal/outputs/matched_intervals005/bdg2_f2_s46_v2/stages/owner_fit_h6_cqr_l95/COMPLETE.json
 create mode 100644 smart_building_conformal/outputs/matched_intervals005/bdg2_f2_s46_v2/stages/owner_fit_h6_cqr_l95/operation_counts.json
 create mode 100644 smart_building_conformal/outputs/matched_intervals005/bdg2_f2_s46_v2/stages/owner_fit_h6_cqr_l95/owner.pkl
 create mode 100644 smart_building_conformal/outputs/matched_intervals005/bdg2_f2_s46_v2/stages/owner_fit_h6_cqr_l95/stage.json
 create mode 100644 smart_building_conformal/outputs/matched_intervals005/bdg2_f2_s46_v2/stages/owner_fit_h6_enbpi/COMPLETE.json
 create mode 100644 smart_building_conformal/outputs/matched_intervals005/bdg2_f2_s46_v2/stages/owner_fit_h6_enbpi/operation_counts.json
 create mode 100644 smart_building_conformal/outputs/matched_intervals005/bdg2_f2_s46_v2/stages/owner_fit_h6_enbpi/owner.pkl
 create mode 100644 smart_building_conformal/outputs/matched_intervals005/bdg2_f2_s46_v2/stages/owner_fit_h6_enbpi/stage.json
 create mode 100644 smart_building_conformal/outputs/matched_intervals005/bdg2_f2_s46_v2/stages/preparation_h1/COMPLETE.json
 create mode 100644 smart_building_conformal/outputs/matched_intervals005/bdg2_f2_s46_v2/stages/preparation_h1/stage.json
 create mode 100644 smart_building_conformal/outputs/matched_intervals005/bdg2_f2_s46_v2/stages/preparation_h3/COMPLETE.json
 create mode 100644 smart_building_conformal/outputs/matched_intervals005/bdg2_f2_s46_v2/stages/preparation_h3/stage.json
 create mode 100644 smart_building_conformal/outputs/matched_intervals005/bdg2_f2_s46_v2/stages/preparation_h6/COMPLETE.json
 create mode 100644 smart_building_conformal/outputs/matched_intervals005/bdg2_f2_s46_v2/stages/preparation_h6/stage.json
 create mode 100644 smart_building_conformal/outputs/matched_intervals005/bdg2_f2_s46_v2/stages/raw_h1_cqr_l90/COMPLETE.json
 create mode 100644 smart_building_conformal/outputs/matched_intervals005/bdg2_f2_s46_v2/stages/raw_h1_cqr_l90/calibration_90.csv.gz
 create mode 100644 smart_building_conformal/outputs/matched_intervals005/bdg2_f2_s46_v2/stages/raw_h1_cqr_l90/calibration_metadata.csv.gz
 create mode 100644 smart_building_conformal/outputs/matched_intervals005/bdg2_f2_s46_v2/stages/raw_h1_cqr_l90/stage.json
 create mode 100644 smart_building_conformal/outputs/matched_intervals005/bdg2_f2_s46_v2/stages/raw_h1_cqr_l90/test_90.csv.gz
 create mode 100644 smart_building_conformal/outputs/matched_intervals005/bdg2_f2_s46_v2/stages/raw_h1_cqr_l90/test_metadata.csv.gz
 create mode 100644 smart_building_conformal/outputs/matched_intervals005/bdg2_f2_s46_v2/stages/raw_h1_cqr_l95/COMPLETE.json
 create mode 100644 smart_building_conformal/outputs/matched_intervals005/bdg2_f2_s46_v2/stages/raw_h1_cqr_l95/calibration_95.csv.gz
 create mode 100644 smart_building_conformal/outputs/matched_intervals005/bdg2_f2_s46_v2/stages/raw_h1_cqr_l95/calibration_metadata.csv.gz
 create mode 100644 smart_building_conformal/outputs/matched_intervals005/bdg2_f2_s46_v2/stages/raw_h1_cqr_l95/stage.json
 create mode 100644 smart_building_conformal/outputs/matched_intervals005/bdg2_f2_s46_v2/stages/raw_h1_cqr_l95/test_95.csv.gz
 create mode 100644 smart_building_conformal/outputs/matched_intervals005/bdg2_f2_s46_v2/stages/raw_h1_cqr_l95/test_metadata.csv.gz
 create mode 100644 smart_building_conformal/outputs/matched_intervals005/bdg2_f2_s46_v2/stages/raw_h1_enbpi/COMPLETE.json
 create mode 100644 smart_building_conformal/outputs/matched_intervals005/bdg2_f2_s46_v2/stages/raw_h1_enbpi/calibration_90.csv.gz
 create mode 100644 smart_building_conformal/outputs/matched_intervals005/bdg2_f2_s46_v2/stages/raw_h1_enbpi/calibration_95.csv.gz
 create mode 100644 smart_building_conformal/outputs/matched_intervals005/bdg2_f2_s46_v2/stages/raw_h1_enbpi/calibration_metadata.csv.gz
 create mode 100644 smart_building_conformal/outputs/matched_intervals005/bdg2_f2_s46_v2/stages/raw_h1_enbpi/stage.json
 create mode 100644 smart_building_conformal/outputs/matched_intervals005/bdg2_f2_s46_v2/stages/raw_h1_enbpi/test_90.csv.gz
 create mode 100644 smart_building_conformal/outputs/matched_intervals005/bdg2_f2_s46_v2/stages/raw_h1_enbpi/test_95.csv.gz
 create mode 100644 smart_building_conformal/outputs/matched_intervals005/bdg2_f2_s46_v2/stages/raw_h1_enbpi/test_metadata.csv.gz
 create mode 100644 smart_building_conformal/outputs/matched_intervals005/bdg2_f2_s46_v2/stages/raw_h3_cqr_l90/COMPLETE.json
 create mode 100644 smart_building_conformal/outputs/matched_intervals005/bdg2_f2_s46_v2/stages/raw_h3_cqr_l90/calibration_90.csv.gz
 create mode 100644 smart_building_conformal/outputs/matched_intervals005/bdg2_f2_s46_v2/stages/raw_h3_cqr_l90/calibration_metadata.csv.gz
 create mode 100644 smart_building_conformal/outputs/matched_intervals005/bdg2_f2_s46_v2/stages/raw_h3_cqr_l90/stage.json
 create mode 100644 smart_building_conformal/outputs/matched_intervals005/bdg2_f2_s46_v2/stages/raw_h3_cqr_l90/test_90.csv.gz
 create mode 100644 smart_building_conformal/outputs/matched_intervals005/bdg2_f2_s46_v2/stages/raw_h3_cqr_l90/test_metadata.csv.gz
 create mode 100644 smart_building_conformal/outputs/matched_intervals005/bdg2_f2_s46_v2/stages/raw_h3_cqr_l95/COMPLETE.json
 create mode 100644 smart_building_conformal/outputs/matched_intervals005/bdg2_f2_s46_v2/stages/raw_h3_cqr_l95/calibration_95.csv.gz
 create mode 100644 smart_building_conformal/outputs/matched_intervals005/bdg2_f2_s46_v2/stages/raw_h3_cqr_l95/calibration_metadata.csv.gz
 create mode 100644 smart_building_conformal/outputs/matched_intervals005/bdg2_f2_s46_v2/stages/raw_h3_cqr_l95/stage.json
 create mode 100644 smart_building_conformal/outputs/matched_intervals005/bdg2_f2_s46_v2/stages/raw_h3_cqr_l95/test_95.csv.gz
 create mode 100644 smart_building_conformal/outputs/matched_intervals005/bdg2_f2_s46_v2/stages/raw_h3_cqr_l95/test_metadata.csv.gz
 create mode 100644 smart_building_conformal/outputs/matched_intervals005/bdg2_f2_s46_v2/stages/raw_h3_enbpi/COMPLETE.json
 create mode 100644 smart_building_conformal/outputs/matched_intervals005/bdg2_f2_s46_v2/stages/raw_h3_enbpi/calibration_90.csv.gz
 create mode 100644 smart_building_conformal/outputs/matched_intervals005/bdg2_f2_s46_v2/stages/raw_h3_enbpi/calibration_95.csv.gz
 create mode 100644 smart_building_conformal/outputs/matched_intervals005/bdg2_f2_s46_v2/stages/raw_h3_enbpi/calibration_metadata.csv.gz
 create mode 100644 smart_building_conformal/outputs/matched_intervals005/bdg2_f2_s46_v2/stages/raw_h3_enbpi/stage.json
 create mode 100644 smart_building_conformal/outputs/matched_intervals005/bdg2_f2_s46_v2/stages/raw_h3_enbpi/test_90.csv.gz
 create mode 100644 smart_building_conformal/outputs/matched_intervals005/bdg2_f2_s46_v2/stages/raw_h3_enbpi/test_95.csv.gz
 create mode 100644 smart_building_conformal/outputs/matched_intervals005/bdg2_f2_s46_v2/stages/raw_h3_enbpi/test_metadata.csv.gz
 create mode 100644 smart_building_conformal/outputs/matched_intervals005/bdg2_f2_s46_v2/stages/raw_h6_cqr_l90/COMPLETE.json
 create mode 100644 smart_building_conformal/outputs/matched_intervals005/bdg2_f2_s46_v2/stages/raw_h6_cqr_l90/calibration_90.csv.gz
 create mode 100644 smart_building_conformal/outputs/matched_intervals005/bdg2_f2_s46_v2/stages/raw_h6_cqr_l90/calibration_metadata.csv.gz
 create mode 100644 smart_building_conformal/outputs/matched_intervals005/bdg2_f2_s46_v2/stages/raw_h6_cqr_l90/stage.json
 create mode 100644 smart_building_conformal/outputs/matched_intervals005/bdg2_f2_s46_v2/stages/raw_h6_cqr_l90/test_90.csv.gz
 create mode 100644 smart_building_conformal/outputs/matched_intervals005/bdg2_f2_s46_v2/stages/raw_h6_cqr_l90/test_metadata.csv.gz
 create mode 100644 smart_building_conformal/outputs/matched_intervals005/bdg2_f2_s46_v2/stages/raw_h6_cqr_l95/COMPLETE.json
 create mode 100644 smart_building_conformal/outputs/matched_intervals005/bdg2_f2_s46_v2/stages/raw_h6_cqr_l95/calibration_95.csv.gz
 create mode 100644 smart_building_conformal/outputs/matched_intervals005/bdg2_f2_s46_v2/stages/raw_h6_cqr_l95/calibration_metadata.csv.gz
 create mode 100644 smart_building_conformal/outputs/matched_intervals005/bdg2_f2_s46_v2/stages/raw_h6_cqr_l95/stage.json
 create mode 100644 smart_building_conformal/outputs/matched_intervals005/bdg2_f2_s46_v2/stages/raw_h6_cqr_l95/test_95.csv.gz
 create mode 100644 smart_building_conformal/outputs/matched_intervals005/bdg2_f2_s46_v2/stages/raw_h6_cqr_l95/test_metadata.csv.gz
 create mode 100644 smart_building_conformal/outputs/matched_intervals005/bdg2_f2_s46_v2/stages/raw_h6_enbpi/COMPLETE.json
 create mode 100644 smart_building_conformal/outputs/matched_intervals005/bdg2_f2_s46_v2/stages/raw_h6_enbpi/calibration_90.csv.gz
 create mode 100644 smart_building_conformal/outputs/matched_intervals005/bdg2_f2_s46_v2/stages/raw_h6_enbpi/calibration_95.csv.gz
 create mode 100644 smart_building_conformal/outputs/matched_intervals005/bdg2_f2_s46_v2/stages/raw_h6_enbpi/calibration_metadata.csv.gz
 create mode 100644 smart_building_conformal/outputs/matched_intervals005/bdg2_f2_s46_v2/stages/raw_h6_enbpi/stage.json
 create mode 100644 smart_building_conformal/outputs/matched_intervals005/bdg2_f2_s46_v2/stages/raw_h6_enbpi/test_90.csv.gz
 create mode 100644 smart_building_conformal/outputs/matched_intervals005/bdg2_f2_s46_v2/stages/raw_h6_enbpi/test_95.csv.gz
 create mode 100644 smart_building_conformal/outputs/matched_intervals005/bdg2_f2_s46_v2/stages/raw_h6_enbpi/test_metadata.csv.gz
 create mode 100644 smart_building_conformal/outputs/matched_intervals005/bdg2_f2_s46_v2/stages/seasonal_h1/COMPLETE.json
 create mode 100644 smart_building_conformal/outputs/matched_intervals005/bdg2_f2_s46_v2/stages/seasonal_h1/alias.json
 create mode 100644 smart_building_conformal/outputs/matched_intervals005/bdg2_f2_s46_v2/stages/seasonal_h1/calibration.csv.gz
 create mode 100644 smart_building_conformal/outputs/matched_intervals005/bdg2_f2_s46_v2/stages/seasonal_h1/calibration.json
 create mode 100644 smart_building_conformal/outputs/matched_intervals005/bdg2_f2_s46_v2/stages/seasonal_h1/interval_90.csv.gz
 create mode 100644 smart_building_conformal/outputs/matched_intervals005/bdg2_f2_s46_v2/stages/seasonal_h1/interval_95.csv.gz
 create mode 100644 smart_building_conformal/outputs/matched_intervals005/bdg2_f2_s46_v2/stages/seasonal_h1/point.json
 create mode 100644 smart_building_conformal/outputs/matched_intervals005/bdg2_f2_s46_v2/stages/seasonal_h1/stage.json
 create mode 100644 smart_building_conformal/outputs/matched_intervals005/bdg2_f2_s46_v2/stages/seasonal_h3/COMPLETE.json
 create mode 100644 smart_building_conformal/outputs/matched_intervals005/bdg2_f2_s46_v2/stages/seasonal_h3/alias.json
 create mode 100644 smart_building_conformal/outputs/matched_intervals005/bdg2_f2_s46_v2/stages/seasonal_h3/calibration.csv.gz
 create mode 100644 smart_building_conformal/outputs/matched_intervals005/bdg2_f2_s46_v2/stages/seasonal_h3/calibration.json
 create mode 100644 smart_building_conformal/outputs/matched_intervals005/bdg2_f2_s46_v2/stages/seasonal_h3/interval_90.csv.gz
 create mode 100644 smart_building_conformal/outputs/matched_intervals005/bdg2_f2_s46_v2/stages/seasonal_h3/interval_95.csv.gz
 create mode 100644 smart_building_conformal/outputs/matched_intervals005/bdg2_f2_s46_v2/stages/seasonal_h3/point.json
 create mode 100644 smart_building_conformal/outputs/matched_intervals005/bdg2_f2_s46_v2/stages/seasonal_h3/stage.json
 create mode 100644 smart_building_conformal/outputs/matched_intervals005/bdg2_f2_s46_v2/stages/seasonal_h6/COMPLETE.json
 create mode 100644 smart_building_conformal/outputs/matched_intervals005/bdg2_f2_s46_v2/stages/seasonal_h6/alias.json
 create mode 100644 smart_building_conformal/outputs/matched_intervals005/bdg2_f2_s46_v2/stages/seasonal_h6/calibration.csv.gz
 create mode 100644 smart_building_conformal/outputs/matched_intervals005/bdg2_f2_s46_v2/stages/seasonal_h6/calibration.json
 create mode 100644 smart_building_conformal/outputs/matched_intervals005/bdg2_f2_s46_v2/stages/seasonal_h6/interval_90.csv.gz
 create mode 100644 smart_building_conformal/outputs/matched_intervals005/bdg2_f2_s46_v2/stages/seasonal_h6/interval_95.csv.gz
 create mode 100644 smart_building_conformal/outputs/matched_intervals005/bdg2_f2_s46_v2/stages/seasonal_h6/point.json
 create mode 100644 smart_building_conformal/outputs/matched_intervals005/bdg2_f2_s46_v2/stages/seasonal_h6/stage.json
 create mode 100644 smart_building_conformal/outputs/matched_intervals005/bdg2_f2_s46_v2/stages/stream_h1_l90_cqr/COMPLETE.json
 create mode 100644 smart_building_conformal/outputs/matched_intervals005/bdg2_f2_s46_v2/stages/stream_h1_l90_cqr/background_workload.csv
 create mode 100644 smart_building_conformal/outputs/matched_intervals005/bdg2_f2_s46_v2/stages/stream_h1_l90_cqr/consumed.csv.gz
 create mode 100644 smart_building_conformal/outputs/matched_intervals005/bdg2_f2_s46_v2/stages/stream_h1_l90_cqr/episodes.csv.gz
 create mode 100644 smart_building_conformal/outputs/matched_intervals005/bdg2_f2_s46_v2/stages/stream_h1_l90_cqr/issued.csv.gz
 create mode 100644 smart_building_conformal/outputs/matched_intervals005/bdg2_f2_s46_v2/stages/stream_h1_l90_cqr/released_scores.csv.gz
 create mode 100644 smart_building_conformal/outputs/matched_intervals005/bdg2_f2_s46_v2/stages/stream_h1_l90_cqr/stage.json
 create mode 100644 smart_building_conformal/outputs/matched_intervals005/bdg2_f2_s46_v2/stages/stream_h1_l90_cqr/stream_identity.json
 create mode 100644 smart_building_conformal/outputs/matched_intervals005/bdg2_f2_s46_v2/stages/stream_h1_l90_cqr/updates.csv.gz
 create mode 100644 smart_building_conformal/outputs/matched_intervals005/bdg2_f2_s46_v2/stages/stream_h1_l90_dscp/COMPLETE.json
 create mode 100644 smart_building_conformal/outputs/matched_intervals005/bdg2_f2_s46_v2/stages/stream_h1_l90_dscp/background_workload.csv
 create mode 100644 smart_building_conformal/outputs/matched_intervals005/bdg2_f2_s46_v2/stages/stream_h1_l90_dscp/consumed.csv.gz
 create mode 100644 smart_building_conformal/outputs/matched_intervals005/bdg2_f2_s46_v2/stages/stream_h1_l90_dscp/episodes.csv.gz
 create mode 100644 smart_building_conformal/outputs/matched_intervals005/bdg2_f2_s46_v2/stages/stream_h1_l90_dscp/issued.csv.gz
 create mode 100644 smart_building_conformal/outputs/matched_intervals005/bdg2_f2_s46_v2/stages/stream_h1_l90_dscp/released_scores.csv.gz
 create mode 100644 smart_building_conformal/outputs/matched_intervals005/bdg2_f2_s46_v2/stages/stream_h1_l90_dscp/stage.json
 create mode 100644 smart_building_conformal/outputs/matched_intervals005/bdg2_f2_s46_v2/stages/stream_h1_l90_dscp/stream_identity.json
 create mode 100644 smart_building_conformal/outputs/matched_intervals005/bdg2_f2_s46_v2/stages/stream_h1_l90_dscp/updates.csv.gz
 create mode 100644 smart_building_conformal/outputs/matched_intervals005/bdg2_f2_s46_v2/stages/stream_h1_l90_quantile_uncalibrated/COMPLETE.json
 create mode 100644 smart_building_conformal/outputs/matched_intervals005/bdg2_f2_s46_v2/stages/stream_h1_l90_quantile_uncalibrated/background_workload.csv
 create mode 100644 smart_building_conformal/outputs/matched_intervals005/bdg2_f2_s46_v2/stages/stream_h1_l90_quantile_uncalibrated/consumed.csv.gz
 create mode 100644 smart_building_conformal/outputs/matched_intervals005/bdg2_f2_s46_v2/stages/stream_h1_l90_quantile_uncalibrated/episodes.csv.gz
 create mode 100644 smart_building_conformal/outputs/matched_intervals005/bdg2_f2_s46_v2/stages/stream_h1_l90_quantile_uncalibrated/issued.csv.gz
 create mode 100644 smart_building_conformal/outputs/matched_intervals005/bdg2_f2_s46_v2/stages/stream_h1_l90_quantile_uncalibrated/released_scores.csv.gz
 create mode 100644 smart_building_conformal/outputs/matched_intervals005/bdg2_f2_s46_v2/stages/stream_h1_l90_quantile_uncalibrated/stage.json
 create mode 100644 smart_building_conformal/outputs/matched_intervals005/bdg2_f2_s46_v2/stages/stream_h1_l90_quantile_uncalibrated/stream_identity.json
 create mode 100644 smart_building_conformal/outputs/matched_intervals005/bdg2_f2_s46_v2/stages/stream_h1_l90_quantile_uncalibrated/updates.csv.gz
 create mode 100644 smart_building_conformal/outputs/matched_intervals005/bdg2_f2_s46_v2/stages/stream_h1_l90_recentred_enbpi_static/COMPLETE.json
 create mode 100644 smart_building_conformal/outputs/matched_intervals005/bdg2_f2_s46_v2/stages/stream_h1_l90_recentred_enbpi_static/background_workload.csv
 create mode 100644 smart_building_conformal/outputs/matched_intervals005/bdg2_f2_s46_v2/stages/stream_h1_l90_recentred_enbpi_static/consumed.csv.gz
 create mode 100644 smart_building_conformal/outputs/matched_intervals005/bdg2_f2_s46_v2/stages/stream_h1_l90_recentred_enbpi_static/episodes.csv.gz
 create mode 100644 smart_building_conformal/outputs/matched_intervals005/bdg2_f2_s46_v2/stages/stream_h1_l90_recentred_enbpi_static/issued.csv.gz
 create mode 100644 smart_building_conformal/outputs/matched_intervals005/bdg2_f2_s46_v2/stages/stream_h1_l90_recentred_enbpi_static/released_scores.csv.gz
 create mode 100644 smart_building_conformal/outputs/matched_intervals005/bdg2_f2_s46_v2/stages/stream_h1_l90_recentred_enbpi_static/stage.json
 create mode 100644 smart_building_conformal/outputs/matched_intervals005/bdg2_f2_s46_v2/stages/stream_h1_l90_recentred_enbpi_static/stream_identity.json
 create mode 100644 smart_building_conformal/outputs/matched_intervals005/bdg2_f2_s46_v2/stages/stream_h1_l90_recentred_enbpi_static/updates.csv.gz
 create mode 100644 smart_building_conformal/outputs/matched_intervals005/bdg2_f2_s46_v2/stages/stream_h1_l90_recentred_enbpi_updated/COMPLETE.json
 create mode 100644 smart_building_conformal/outputs/matched_intervals005/bdg2_f2_s46_v2/stages/stream_h1_l90_recentred_enbpi_updated/background_workload.csv
 create mode 100644 smart_building_conformal/outputs/matched_intervals005/bdg2_f2_s46_v2/stages/stream_h1_l90_recentred_enbpi_updated/consumed.csv.gz
 create mode 100644 smart_building_conformal/outputs/matched_intervals005/bdg2_f2_s46_v2/stages/stream_h1_l90_recentred_enbpi_updated/episodes.csv.gz
 create mode 100644 smart_building_conformal/outputs/matched_intervals005/bdg2_f2_s46_v2/stages/stream_h1_l90_recentred_enbpi_updated/issued.csv.gz
 create mode 100644 smart_building_conformal/outputs/matched_intervals005/bdg2_f2_s46_v2/stages/stream_h1_l90_recentred_enbpi_updated/released_scores.csv.gz
 create mode 100644 smart_building_conformal/outputs/matched_intervals005/bdg2_f2_s46_v2/stages/stream_h1_l90_recentred_enbpi_updated/stage.json
 create mode 100644 smart_building_conformal/outputs/matched_intervals005/bdg2_f2_s46_v2/stages/stream_h1_l90_recentred_enbpi_updated/stream_identity.json
 create mode 100644 smart_building_conformal/outputs/matched_intervals005/bdg2_f2_s46_v2/stages/stream_h1_l90_recentred_enbpi_updated/updates.csv.gz
 create mode 100644 smart_building_conformal/outputs/matched_intervals005/bdg2_f2_s46_v2/stages/stream_h1_l95_cqr/COMPLETE.json
 create mode 100644 smart_building_conformal/outputs/matched_intervals005/bdg2_f2_s46_v2/stages/stream_h1_l95_cqr/background_workload.csv
 create mode 100644 smart_building_conformal/outputs/matched_intervals005/bdg2_f2_s46_v2/stages/stream_h1_l95_cqr/consumed.csv.gz
 create mode 100644 smart_building_conformal/outputs/matched_intervals005/bdg2_f2_s46_v2/stages/stream_h1_l95_cqr/episodes.csv.gz
 create mode 100644 smart_building_conformal/outputs/matched_intervals005/bdg2_f2_s46_v2/stages/stream_h1_l95_cqr/issued.csv.gz
 create mode 100644 smart_building_conformal/outputs/matched_intervals005/bdg2_f2_s46_v2/stages/stream_h1_l95_cqr/released_scores.csv.gz
 create mode 100644 smart_building_conformal/outputs/matched_intervals005/bdg2_f2_s46_v2/stages/stream_h1_l95_cqr/stage.json
 create mode 100644 smart_building_conformal/outputs/matched_intervals005/bdg2_f2_s46_v2/stages/stream_h1_l95_cqr/stream_identity.json
 create mode 100644 smart_building_conformal/outputs/matched_intervals005/bdg2_f2_s46_v2/stages/stream_h1_l95_cqr/updates.csv.gz
 create mode 100644 smart_building_conformal/outputs/matched_intervals005/bdg2_f2_s46_v2/stages/stream_h1_l95_dscp/COMPLETE.json
 create mode 100644 smart_building_conformal/outputs/matched_intervals005/bdg2_f2_s46_v2/stages/stream_h1_l95_dscp/background_workload.csv
 create mode 100644 smart_building_conformal/outputs/matched_intervals005/bdg2_f2_s46_v2/stages/stream_h1_l95_dscp/consumed.csv.gz
 create mode 100644 smart_building_conformal/outputs/matched_intervals005/bdg2_f2_s46_v2/stages/stream_h1_l95_dscp/episodes.csv.gz
 create mode 100644 smart_building_conformal/outputs/matched_intervals005/bdg2_f2_s46_v2/stages/stream_h1_l95_dscp/issued.csv.gz
 create mode 100644 smart_building_conformal/outputs/matched_intervals005/bdg2_f2_s46_v2/stages/stream_h1_l95_dscp/released_scores.csv.gz
 create mode 100644 smart_building_conformal/outputs/matched_intervals005/bdg2_f2_s46_v2/stages/stream_h1_l95_dscp/stage.json
 create mode 100644 smart_building_conformal/outputs/matched_intervals005/bdg2_f2_s46_v2/stages/stream_h1_l95_dscp/stream_identity.json
 create mode 100644 smart_building_conformal/outputs/matched_intervals005/bdg2_f2_s46_v2/stages/stream_h1_l95_dscp/updates.csv.gz
 create mode 100644 smart_building_conformal/outputs/matched_intervals005/bdg2_f2_s46_v2/stages/stream_h1_l95_quantile_uncalibrated/COMPLETE.json
 create mode 100644 smart_building_conformal/outputs/matched_intervals005/bdg2_f2_s46_v2/stages/stream_h1_l95_quantile_uncalibrated/background_workload.csv
 create mode 100644 smart_building_conformal/outputs/matched_intervals005/bdg2_f2_s46_v2/stages/stream_h1_l95_quantile_uncalibrated/consumed.csv.gz
 create mode 100644 smart_building_conformal/outputs/matched_intervals005/bdg2_f2_s46_v2/stages/stream_h1_l95_quantile_uncalibrated/episodes.csv.gz
 create mode 100644 smart_building_conformal/outputs/matched_intervals005/bdg2_f2_s46_v2/stages/stream_h1_l95_quantile_uncalibrated/issued.csv.gz
 create mode 100644 smart_building_conformal/outputs/matched_intervals005/bdg2_f2_s46_v2/stages/stream_h1_l95_quantile_uncalibrated/released_scores.csv.gz
 create mode 100644 smart_building_conformal/outputs/matched_intervals005/bdg2_f2_s46_v2/stages/stream_h1_l95_quantile_uncalibrated/stage.json
 create mode 100644 smart_building_conformal/outputs/matched_intervals005/bdg2_f2_s46_v2/stages/stream_h1_l95_quantile_uncalibrated/stream_identity.json
 create mode 100644 smart_building_conformal/outputs/matched_intervals005/bdg2_f2_s46_v2/stages/stream_h1_l95_quantile_uncalibrated/updates.csv.gz
 create mode 100644 smart_building_conformal/outputs/matched_intervals005/bdg2_f2_s46_v2/stages/stream_h1_l95_recentred_enbpi_static/COMPLETE.json
 create mode 100644 smart_building_conformal/outputs/matched_intervals005/bdg2_f2_s46_v2/stages/stream_h1_l95_recentred_enbpi_static/background_workload.csv
 create mode 100644 smart_building_conformal/outputs/matched_intervals005/bdg2_f2_s46_v2/stages/stream_h1_l95_recentred_enbpi_static/consumed.csv.gz
 create mode 100644 smart_building_conformal/outputs/matched_intervals005/bdg2_f2_s46_v2/stages/stream_h1_l95_recentred_enbpi_static/episodes.csv.gz
 create mode 100644 smart_building_conformal/outputs/matched_intervals005/bdg2_f2_s46_v2/stages/stream_h1_l95_recentred_enbpi_static/issued.csv.gz
 create mode 100644 smart_building_conformal/outputs/matched_intervals005/bdg2_f2_s46_v2/stages/stream_h1_l95_recentred_enbpi_static/released_scores.csv.gz
 create mode 100644 smart_building_conformal/outputs/matched_intervals005/bdg2_f2_s46_v2/stages/stream_h1_l95_recentred_enbpi_static/stage.json
 create mode 100644 smart_building_conformal/outputs/matched_intervals005/bdg2_f2_s46_v2/stages/stream_h1_l95_recentred_enbpi_static/stream_identity.json
 create mode 100644 smart_building_conformal/outputs/matched_intervals005/bdg2_f2_s46_v2/stages/stream_h1_l95_recentred_enbpi_static/updates.csv.gz
 create mode 100644 smart_building_conformal/outputs/matched_intervals005/bdg2_f2_s46_v2/stages/stream_h1_l95_recentred_enbpi_updated/COMPLETE.json
 create mode 100644 smart_building_conformal/outputs/matched_intervals005/bdg2_f2_s46_v2/stages/stream_h1_l95_recentred_enbpi_updated/background_workload.csv
 create mode 100644 smart_building_conformal/outputs/matched_intervals005/bdg2_f2_s46_v2/stages/stream_h1_l95_recentred_enbpi_updated/consumed.csv.gz
 create mode 100644 smart_building_conformal/outputs/matched_intervals005/bdg2_f2_s46_v2/stages/stream_h1_l95_recentred_enbpi_updated/episodes.csv.gz
 create mode 100644 smart_building_conformal/outputs/matched_intervals005/bdg2_f2_s46_v2/stages/stream_h1_l95_recentred_enbpi_updated/issued.csv.gz
 create mode 100644 smart_building_conformal/outputs/matched_intervals005/bdg2_f2_s46_v2/stages/stream_h1_l95_recentred_enbpi_updated/released_scores.csv.gz
 create mode 100644 smart_building_conformal/outputs/matched_intervals005/bdg2_f2_s46_v2/stages/stream_h1_l95_recentred_enbpi_updated/stage.json
 create mode 100644 smart_building_conformal/outputs/matched_intervals005/bdg2_f2_s46_v2/stages/stream_h1_l95_recentred_enbpi_updated/stream_identity.json
 create mode 100644 smart_building_conformal/outputs/matched_intervals005/bdg2_f2_s46_v2/stages/stream_h1_l95_recentred_enbpi_updated/updates.csv.gz
 create mode 100644 smart_building_conformal/outputs/matched_intervals005/bdg2_f2_s46_v2/stages/stream_h3_l90_cqr/COMPLETE.json
 create mode 100644 smart_building_conformal/outputs/matched_intervals005/bdg2_f2_s46_v2/stages/stream_h3_l90_cqr/background_workload.csv
 create mode 100644 smart_building_conformal/outputs/matched_intervals005/bdg2_f2_s46_v2/stages/stream_h3_l90_cqr/consumed.csv.gz
 create mode 100644 smart_building_conformal/outputs/matched_intervals005/bdg2_f2_s46_v2/stages/stream_h3_l90_cqr/episodes.csv.gz
 create mode 100644 smart_building_conformal/outputs/matched_intervals005/bdg2_f2_s46_v2/stages/stream_h3_l90_cqr/issued.csv.gz
 create mode 100644 smart_building_conformal/outputs/matched_intervals005/bdg2_f2_s46_v2/stages/stream_h3_l90_cqr/released_scores.csv.gz
 create mode 100644 smart_building_conformal/outputs/matched_intervals005/bdg2_f2_s46_v2/stages/stream_h3_l90_cqr/stage.json
 create mode 100644 smart_building_conformal/outputs/matched_intervals005/bdg2_f2_s46_v2/stages/stream_h3_l90_cqr/stream_identity.json
 create mode 100644 smart_building_conformal/outputs/matched_intervals005/bdg2_f2_s46_v2/stages/stream_h3_l90_cqr/updates.csv.gz
 create mode 100644 smart_building_conformal/outputs/matched_intervals005/bdg2_f2_s46_v2/stages/stream_h3_l90_dscp/COMPLETE.json
 create mode 100644 smart_building_conformal/outputs/matched_intervals005/bdg2_f2_s46_v2/stages/stream_h3_l90_dscp/background_workload.csv
 create mode 100644 smart_building_conformal/outputs/matched_intervals005/bdg2_f2_s46_v2/stages/stream_h3_l90_dscp/consumed.csv.gz
 create mode 100644 smart_building_conformal/outputs/matched_intervals005/bdg2_f2_s46_v2/stages/stream_h3_l90_dscp/episodes.csv.gz
 create mode 100644 smart_building_conformal/outputs/matched_intervals005/bdg2_f2_s46_v2/stages/stream_h3_l90_dscp/issued.csv.gz
 create mode 100644 smart_building_conformal/outputs/matched_intervals005/bdg2_f2_s46_v2/stages/stream_h3_l90_dscp/released_scores.csv.gz
 create mode 100644 smart_building_conformal/outputs/matched_intervals005/bdg2_f2_s46_v2/stages/stream_h3_l90_dscp/stage.json
 create mode 100644 smart_building_conformal/outputs/matched_intervals005/bdg2_f2_s46_v2/stages/stream_h3_l90_dscp/stream_identity.json
 create mode 100644 smart_building_conformal/outputs/matched_intervals005/bdg2_f2_s46_v2/stages/stream_h3_l90_dscp/updates.csv.gz
 create mode 100644 smart_building_conformal/outputs/matched_intervals005/bdg2_f2_s46_v2/stages/stream_h3_l90_quantile_uncalibrated/COMPLETE.json
 create mode 100644 smart_building_conformal/outputs/matched_intervals005/bdg2_f2_s46_v2/stages/stream_h3_l90_quantile_uncalibrated/background_workload.csv
 create mode 100644 smart_building_conformal/outputs/matched_intervals005/bdg2_f2_s46_v2/stages/stream_h3_l90_quantile_uncalibrated/consumed.csv.gz
 create mode 100644 smart_building_conformal/outputs/matched_intervals005/bdg2_f2_s46_v2/stages/stream_h3_l90_quantile_uncalibrated/episodes.csv.gz
 create mode 100644 smart_building_conformal/outputs/matched_intervals005/bdg2_f2_s46_v2/stages/stream_h3_l90_quantile_uncalibrated/issued.csv.gz
 create mode 100644 smart_building_conformal/outputs/matched_intervals005/bdg2_f2_s46_v2/stages/stream_h3_l90_quantile_uncalibrated/released_scores.csv.gz
 create mode 100644 smart_building_conformal/outputs/matched_intervals005/bdg2_f2_s46_v2/stages/stream_h3_l90_quantile_uncalibrated/stage.json
 create mode 100644 smart_building_conformal/outputs/matched_intervals005/bdg2_f2_s46_v2/stages/stream_h3_l90_quantile_uncalibrated/stream_identity.json
 create mode 100644 smart_building_conformal/outputs/matched_intervals005/bdg2_f2_s46_v2/stages/stream_h3_l90_quantile_uncalibrated/updates.csv.gz
 create mode 100644 smart_building_conformal/outputs/matched_intervals005/bdg2_f2_s46_v2/stages/stream_h3_l90_recentred_enbpi_static/COMPLETE.json
 create mode 100644 smart_building_conformal/outputs/matched_intervals005/bdg2_f2_s46_v2/stages/stream_h3_l90_recentred_enbpi_static/background_workload.csv
 create mode 100644 smart_building_conformal/outputs/matched_intervals005/bdg2_f2_s46_v2/stages/stream_h3_l90_recentred_enbpi_static/consumed.csv.gz
 create mode 100644 smart_building_conformal/outputs/matched_intervals005/bdg2_f2_s46_v2/stages/stream_h3_l90_recentred_enbpi_static/episodes.csv.gz
 create mode 100644 smart_building_conformal/outputs/matched_intervals005/bdg2_f2_s46_v2/stages/stream_h3_l90_recentred_enbpi_static/issued.csv.gz
 create mode 100644 smart_building_conformal/outputs/matched_intervals005/bdg2_f2_s46_v2/stages/stream_h3_l90_recentred_enbpi_static/released_scores.csv.gz
 create mode 100644 smart_building_conformal/outputs/matched_intervals005/bdg2_f2_s46_v2/stages/stream_h3_l90_recentred_enbpi_static/stage.json
 create mode 100644 smart_building_conformal/outputs/matched_intervals005/bdg2_f2_s46_v2/stages/stream_h3_l90_recentred_enbpi_static/stream_identity.json
 create mode 100644 smart_building_conformal/outputs/matched_intervals005/bdg2_f2_s46_v2/stages/stream_h3_l90_recentred_enbpi_static/updates.csv.gz
 create mode 100644 smart_building_conformal/outputs/matched_intervals005/bdg2_f2_s46_v2/stages/stream_h3_l90_recentred_enbpi_updated/COMPLETE.json
 create mode 100644 smart_building_conformal/outputs/matched_intervals005/bdg2_f2_s46_v2/stages/stream_h3_l90_recentred_enbpi_updated/background_workload.csv
 create mode 100644 smart_building_conformal/outputs/matched_intervals005/bdg2_f2_s46_v2/stages/stream_h3_l90_recentred_enbpi_updated/consumed.csv.gz
 create mode 100644 smart_building_conformal/outputs/matched_intervals005/bdg2_f2_s46_v2/stages/stream_h3_l90_recentred_enbpi_updated/episodes.csv.gz
 create mode 100644 smart_building_conformal/outputs/matched_intervals005/bdg2_f2_s46_v2/stages/stream_h3_l90_recentred_enbpi_updated/issued.csv.gz
 create mode 100644 smart_building_conformal/outputs/matched_intervals005/bdg2_f2_s46_v2/stages/stream_h3_l90_recentred_enbpi_updated/released_scores.csv.gz
 create mode 100644 smart_building_conformal/outputs/matched_intervals005/bdg2_f2_s46_v2/stages/stream_h3_l90_recentred_enbpi_updated/stage.json
 create mode 100644 smart_building_conformal/outputs/matched_intervals005/bdg2_f2_s46_v2/stages/stream_h3_l90_recentred_enbpi_updated/stream_identity.json
 create mode 100644 smart_building_conformal/outputs/matched_intervals005/bdg2_f2_s46_v2/stages/stream_h3_l90_recentred_enbpi_updated/updates.csv.gz
 create mode 100644 smart_building_conformal/outputs/matched_intervals005/bdg2_f2_s46_v2/stages/stream_h3_l95_cqr/COMPLETE.json
 create mode 100644 smart_building_conformal/outputs/matched_intervals005/bdg2_f2_s46_v2/stages/stream_h3_l95_cqr/background_workload.csv
 create mode 100644 smart_building_conformal/outputs/matched_intervals005/bdg2_f2_s46_v2/stages/stream_h3_l95_cqr/consumed.csv.gz
 create mode 100644 smart_building_conformal/outputs/matched_intervals005/bdg2_f2_s46_v2/stages/stream_h3_l95_cqr/episodes.csv.gz
 create mode 100644 smart_building_conformal/outputs/matched_intervals005/bdg2_f2_s46_v2/stages/stream_h3_l95_cqr/issued.csv.gz
 create mode 100644 smart_building_conformal/outputs/matched_intervals005/bdg2_f2_s46_v2/stages/stream_h3_l95_cqr/released_scores.csv.gz
 create mode 100644 smart_building_conformal/outputs/matched_intervals005/bdg2_f2_s46_v2/stages/stream_h3_l95_cqr/stage.json
 create mode 100644 smart_building_conformal/outputs/matched_intervals005/bdg2_f2_s46_v2/stages/stream_h3_l95_cqr/stream_identity.json
 create mode 100644 smart_building_conformal/outputs/matched_intervals005/bdg2_f2_s46_v2/stages/stream_h3_l95_cqr/updates.csv.gz
 create mode 100644 smart_building_conformal/outputs/matched_intervals005/bdg2_f2_s46_v2/stages/stream_h3_l95_dscp/COMPLETE.json
 create mode 100644 smart_building_conformal/outputs/matched_intervals005/bdg2_f2_s46_v2/stages/stream_h3_l95_dscp/background_workload.csv
 create mode 100644 smart_building_conformal/outputs/matched_intervals005/bdg2_f2_s46_v2/stages/stream_h3_l95_dscp/consumed.csv.gz
 create mode 100644 smart_building_conformal/outputs/matched_intervals005/bdg2_f2_s46_v2/stages/stream_h3_l95_dscp/episodes.csv.gz
 create mode 100644 smart_building_conformal/outputs/matched_intervals005/bdg2_f2_s46_v2/stages/stream_h3_l95_dscp/issued.csv.gz
 create mode 100644 smart_building_conformal/outputs/matched_intervals005/bdg2_f2_s46_v2/stages/stream_h3_l95_dscp/released_scores.csv.gz
 create mode 100644 smart_building_conformal/outputs/matched_intervals005/bdg2_f2_s46_v2/stages/stream_h3_l95_dscp/stage.json
 create mode 100644 smart_building_conformal/outputs/matched_intervals005/bdg2_f2_s46_v2/stages/stream_h3_l95_dscp/stream_identity.json
 create mode 100644 smart_building_conformal/outputs/matched_intervals005/bdg2_f2_s46_v2/stages/stream_h3_l95_dscp/updates.csv.gz
 create mode 100644 smart_building_conformal/outputs/matched_intervals005/bdg2_f2_s46_v2/stages/stream_h3_l95_quantile_uncalibrated/COMPLETE.json
 create mode 100644 smart_building_conformal/outputs/matched_intervals005/bdg2_f2_s46_v2/stages/stream_h3_l95_quantile_uncalibrated/background_workload.csv
 create mode 100644 smart_building_conformal/outputs/matched_intervals005/bdg2_f2_s46_v2/stages/stream_h3_l95_quantile_uncalibrated/consumed.csv.gz
 create mode 100644 smart_building_conformal/outputs/matched_intervals005/bdg2_f2_s46_v2/stages/stream_h3_l95_quantile_uncalibrated/episodes.csv.gz
 create mode 100644 smart_building_conformal/outputs/matched_intervals005/bdg2_f2_s46_v2/stages/stream_h3_l95_quantile_uncalibrated/issued.csv.gz
 create mode 100644 smart_building_conformal/outputs/matched_intervals005/bdg2_f2_s46_v2/stages/stream_h3_l95_quantile_uncalibrated/released_scores.csv.gz
 create mode 100644 smart_building_conformal/outputs/matched_intervals005/bdg2_f2_s46_v2/stages/stream_h3_l95_quantile_uncalibrated/stage.json
 create mode 100644 smart_building_conformal/outputs/matched_intervals005/bdg2_f2_s46_v2/stages/stream_h3_l95_quantile_uncalibrated/stream_identity.json
 create mode 100644 smart_building_conformal/outputs/matched_intervals005/bdg2_f2_s46_v2/stages/stream_h3_l95_quantile_uncalibrated/updates.csv.gz
 create mode 100644 smart_building_conformal/outputs/matched_intervals005/bdg2_f2_s46_v2/stages/stream_h3_l95_recentred_enbpi_static/COMPLETE.json
 create mode 100644 smart_building_conformal/outputs/matched_intervals005/bdg2_f2_s46_v2/stages/stream_h3_l95_recentred_enbpi_static/background_workload.csv
 create mode 100644 smart_building_conformal/outputs/matched_intervals005/bdg2_f2_s46_v2/stages/stream_h3_l95_recentred_enbpi_static/consumed.csv.gz
 create mode 100644 smart_building_conformal/outputs/matched_intervals005/bdg2_f2_s46_v2/stages/stream_h3_l95_recentred_enbpi_static/episodes.csv.gz
 create mode 100644 smart_building_conformal/outputs/matched_intervals005/bdg2_f2_s46_v2/stages/stream_h3_l95_recentred_enbpi_static/issued.csv.gz
 create mode 100644 smart_building_conformal/outputs/matched_intervals005/bdg2_f2_s46_v2/stages/stream_h3_l95_recentred_enbpi_static/released_scores.csv.gz
 create mode 100644 smart_building_conformal/outputs/matched_intervals005/bdg2_f2_s46_v2/stages/stream_h3_l95_recentred_enbpi_static/stage.json
 create mode 100644 smart_building_conformal/outputs/matched_intervals005/bdg2_f2_s46_v2/stages/stream_h3_l95_recentred_enbpi_static/stream_identity.json
 create mode 100644 smart_building_conformal/outputs/matched_intervals005/bdg2_f2_s46_v2/stages/stream_h3_l95_recentred_enbpi_static/updates.csv.gz
 create mode 100644 smart_building_conformal/outputs/matched_intervals005/bdg2_f2_s46_v2/stages/stream_h3_l95_recentred_enbpi_updated/COMPLETE.json
 create mode 100644 smart_building_conformal/outputs/matched_intervals005/bdg2_f2_s46_v2/stages/stream_h3_l95_recentred_enbpi_updated/background_workload.csv
 create mode 100644 smart_building_conformal/outputs/matched_intervals005/bdg2_f2_s46_v2/stages/stream_h3_l95_recentred_enbpi_updated/consumed.csv.gz
 create mode 100644 smart_building_conformal/outputs/matched_intervals005/bdg2_f2_s46_v2/stages/stream_h3_l95_recentred_enbpi_updated/episodes.csv.gz
 create mode 100644 smart_building_conformal/outputs/matched_intervals005/bdg2_f2_s46_v2/stages/stream_h3_l95_recentred_enbpi_updated/issued.csv.gz
 create mode 100644 smart_building_conformal/outputs/matched_intervals005/bdg2_f2_s46_v2/stages/stream_h3_l95_recentred_enbpi_updated/released_scores.csv.gz
 create mode 100644 smart_building_conformal/outputs/matched_intervals005/bdg2_f2_s46_v2/stages/stream_h3_l95_recentred_enbpi_updated/stage.json
 create mode 100644 smart_building_conformal/outputs/matched_intervals005/bdg2_f2_s46_v2/stages/stream_h3_l95_recentred_enbpi_updated/stream_identity.json
 create mode 100644 smart_building_conformal/outputs/matched_intervals005/bdg2_f2_s46_v2/stages/stream_h3_l95_recentred_enbpi_updated/updates.csv.gz
 create mode 100644 smart_building_conformal/outputs/matched_intervals005/bdg2_f2_s46_v2/stages/stream_h6_l90_cqr/COMPLETE.json
 create mode 100644 smart_building_conformal/outputs/matched_intervals005/bdg2_f2_s46_v2/stages/stream_h6_l90_cqr/background_workload.csv
 create mode 100644 smart_building_conformal/outputs/matched_intervals005/bdg2_f2_s46_v2/stages/stream_h6_l90_cqr/consumed.csv.gz
 create mode 100644 smart_building_conformal/outputs/matched_intervals005/bdg2_f2_s46_v2/stages/stream_h6_l90_cqr/episodes.csv.gz
 create mode 100644 smart_building_conformal/outputs/matched_intervals005/bdg2_f2_s46_v2/stages/stream_h6_l90_cqr/issued.csv.gz
 create mode 100644 smart_building_conformal/outputs/matched_intervals005/bdg2_f2_s46_v2/stages/stream_h6_l90_cqr/released_scores.csv.gz
 create mode 100644 smart_building_conformal/outputs/matched_intervals005/bdg2_f2_s46_v2/stages/stream_h6_l90_cqr/stage.json
 create mode 100644 smart_building_conformal/outputs/matched_intervals005/bdg2_f2_s46_v2/stages/stream_h6_l90_cqr/stream_identity.json
 create mode 100644 smart_building_conformal/outputs/matched_intervals005/bdg2_f2_s46_v2/stages/stream_h6_l90_cqr/updates.csv.gz
 create mode 100644 smart_building_conformal/outputs/matched_intervals005/bdg2_f2_s46_v2/stages/stream_h6_l90_dscp/COMPLETE.json
 create mode 100644 smart_building_conformal/outputs/matched_intervals005/bdg2_f2_s46_v2/stages/stream_h6_l90_dscp/background_workload.csv
 create mode 100644 smart_building_conformal/outputs/matched_intervals005/bdg2_f2_s46_v2/stages/stream_h6_l90_dscp/consumed.csv.gz
 create mode 100644 smart_building_conformal/outputs/matched_intervals005/bdg2_f2_s46_v2/stages/stream_h6_l90_dscp/episodes.csv.gz
 create mode 100644 smart_building_conformal/outputs/matched_intervals005/bdg2_f2_s46_v2/stages/stream_h6_l90_dscp/issued.csv.gz
 create mode 100644 smart_building_conformal/outputs/matched_intervals005/bdg2_f2_s46_v2/stages/stream_h6_l90_dscp/released_scores.csv.gz
 create mode 100644 smart_building_conformal/outputs/matched_intervals005/bdg2_f2_s46_v2/stages/stream_h6_l90_dscp/stage.json
 create mode 100644 smart_building_conformal/outputs/matched_intervals005/bdg2_f2_s46_v2/stages/stream_h6_l90_dscp/stream_identity.json
 create mode 100644 smart_building_conformal/outputs/matched_intervals005/bdg2_f2_s46_v2/stages/stream_h6_l90_dscp/updates.csv.gz
 create mode 100644 smart_building_conformal/outputs/matched_intervals005/bdg2_f2_s46_v2/stages/stream_h6_l90_quantile_uncalibrated/COMPLETE.json
 create mode 100644 smart_building_conformal/outputs/matched_intervals005/bdg2_f2_s46_v2/stages/stream_h6_l90_quantile_uncalibrated/background_workload.csv
 create mode 100644 smart_building_conformal/outputs/matched_intervals005/bdg2_f2_s46_v2/stages/stream_h6_l90_quantile_uncalibrated/consumed.csv.gz
 create mode 100644 smart_building_conformal/outputs/matched_intervals005/bdg2_f2_s46_v2/stages/stream_h6_l90_quantile_uncalibrated/episodes.csv.gz
 create mode 100644 smart_building_conformal/outputs/matched_intervals005/bdg2_f2_s46_v2/stages/stream_h6_l90_quantile_uncalibrated/issued.csv.gz
 create mode 100644 smart_building_conformal/outputs/matched_intervals005/bdg2_f2_s46_v2/stages/stream_h6_l90_quantile_uncalibrated/released_scores.csv.gz
 create mode 100644 smart_building_conformal/outputs/matched_intervals005/bdg2_f2_s46_v2/stages/stream_h6_l90_quantile_uncalibrated/stage.json
 create mode 100644 smart_building_conformal/outputs/matched_intervals005/bdg2_f2_s46_v2/stages/stream_h6_l90_quantile_uncalibrated/stream_identity.json
 create mode 100644 smart_building_conformal/outputs/matched_intervals005/bdg2_f2_s46_v2/stages/stream_h6_l90_quantile_uncalibrated/updates.csv.gz
 create mode 100644 smart_building_conformal/outputs/matched_intervals005/bdg2_f2_s46_v2/stages/stream_h6_l90_recentred_enbpi_static/COMPLETE.json
 create mode 100644 smart_building_conformal/outputs/matched_intervals005/bdg2_f2_s46_v2/stages/stream_h6_l90_recentred_enbpi_static/background_workload.csv
 create mode 100644 smart_building_conformal/outputs/matched_intervals005/bdg2_f2_s46_v2/stages/stream_h6_l90_recentred_enbpi_static/consumed.csv.gz
 create mode 100644 smart_building_conformal/outputs/matched_intervals005/bdg2_f2_s46_v2/stages/stream_h6_l90_recentred_enbpi_static/episodes.csv.gz
 create mode 100644 smart_building_conformal/outputs/matched_intervals005/bdg2_f2_s46_v2/stages/stream_h6_l90_recentred_enbpi_static/issued.csv.gz
 create mode 100644 smart_building_conformal/outputs/matched_intervals005/bdg2_f2_s46_v2/stages/stream_h6_l90_recentred_enbpi_static/released_scores.csv.gz
 create mode 100644 smart_building_conformal/outputs/matched_intervals005/bdg2_f2_s46_v2/stages/stream_h6_l90_recentred_enbpi_static/stage.json
 create mode 100644 smart_building_conformal/outputs/matched_intervals005/bdg2_f2_s46_v2/stages/stream_h6_l90_recentred_enbpi_static/stream_identity.json
 create mode 100644 smart_building_conformal/outputs/matched_intervals005/bdg2_f2_s46_v2/stages/stream_h6_l90_recentred_enbpi_static/updates.csv.gz
 create mode 100644 smart_building_conformal/outputs/matched_intervals005/bdg2_f2_s46_v2/stages/stream_h6_l90_recentred_enbpi_updated/COMPLETE.json
 create mode 100644 smart_building_conformal/outputs/matched_intervals005/bdg2_f2_s46_v2/stages/stream_h6_l90_recentred_enbpi_updated/background_workload.csv
 create mode 100644 smart_building_conformal/outputs/matched_intervals005/bdg2_f2_s46_v2/stages/stream_h6_l90_recentred_enbpi_updated/consumed.csv.gz
 create mode 100644 smart_building_conformal/outputs/matched_intervals005/bdg2_f2_s46_v2/stages/stream_h6_l90_recentred_enbpi_updated/episodes.csv.gz
 create mode 100644 smart_building_conformal/outputs/matched_intervals005/bdg2_f2_s46_v2/stages/stream_h6_l90_recentred_enbpi_updated/issued.csv.gz
 create mode 100644 smart_building_conformal/outputs/matched_intervals005/bdg2_f2_s46_v2/stages/stream_h6_l90_recentred_enbpi_updated/released_scores.csv.gz
 create mode 100644 smart_building_conformal/outputs/matched_intervals005/bdg2_f2_s46_v2/stages/stream_h6_l90_recentred_enbpi_updated/stage.json
 create mode 100644 smart_building_conformal/outputs/matched_intervals005/bdg2_f2_s46_v2/stages/stream_h6_l90_recentred_enbpi_updated/stream_identity.json
 create mode 100644 smart_building_conformal/outputs/matched_intervals005/bdg2_f2_s46_v2/stages/stream_h6_l90_recentred_enbpi_updated/updates.csv.gz
 create mode 100644 smart_building_conformal/outputs/matched_intervals005/bdg2_f2_s46_v2/stages/stream_h6_l95_cqr/COMPLETE.json
 create mode 100644 smart_building_conformal/outputs/matched_intervals005/bdg2_f2_s46_v2/stages/stream_h6_l95_cqr/background_workload.csv
 create mode 100644 smart_building_conformal/outputs/matched_intervals005/bdg2_f2_s46_v2/stages/stream_h6_l95_cqr/consumed.csv.gz
 create mode 100644 smart_building_conformal/outputs/matched_intervals005/bdg2_f2_s46_v2/stages/stream_h6_l95_cqr/episodes.csv.gz
 create mode 100644 smart_building_conformal/outputs/matched_intervals005/bdg2_f2_s46_v2/stages/stream_h6_l95_cqr/issued.csv.gz
 create mode 100644 smart_building_conformal/outputs/matched_intervals005/bdg2_f2_s46_v2/stages/stream_h6_l95_cqr/released_scores.csv.gz
 create mode 100644 smart_building_conformal/outputs/matched_intervals005/bdg2_f2_s46_v2/stages/stream_h6_l95_cqr/stage.json
 create mode 100644 smart_building_conformal/outputs/matched_intervals005/bdg2_f2_s46_v2/stages/stream_h6_l95_cqr/stream_identity.json
 create mode 100644 smart_building_conformal/outputs/matched_intervals005/bdg2_f2_s46_v2/stages/stream_h6_l95_cqr/updates.csv.gz
 create mode 100644 smart_building_conformal/outputs/matched_intervals005/bdg2_f2_s46_v2/stages/stream_h6_l95_dscp/COMPLETE.json
 create mode 100644 smart_building_conformal/outputs/matched_intervals005/bdg2_f2_s46_v2/stages/stream_h6_l95_dscp/background_workload.csv
 create mode 100644 smart_building_conformal/outputs/matched_intervals005/bdg2_f2_s46_v2/stages/stream_h6_l95_dscp/consumed.csv.gz
 create mode 100644 smart_building_conformal/outputs/matched_intervals005/bdg2_f2_s46_v2/stages/stream_h6_l95_dscp/episodes.csv.gz
 create mode 100644 smart_building_conformal/outputs/matched_intervals005/bdg2_f2_s46_v2/stages/stream_h6_l95_dscp/issued.csv.gz
 create mode 100644 smart_building_conformal/outputs/matched_intervals005/bdg2_f2_s46_v2/stages/stream_h6_l95_dscp/released_scores.csv.gz
 create mode 100644 smart_building_conformal/outputs/matched_intervals005/bdg2_f2_s46_v2/stages/stream_h6_l95_dscp/stage.json
 create mode 100644 smart_building_conformal/outputs/matched_intervals005/bdg2_f2_s46_v2/stages/stream_h6_l95_dscp/stream_identity.json
 create mode 100644 smart_building_conformal/outputs/matched_intervals005/bdg2_f2_s46_v2/stages/stream_h6_l95_dscp/updates.csv.gz
 create mode 100644 smart_building_conformal/outputs/matched_intervals005/bdg2_f2_s46_v2/stages/stream_h6_l95_quantile_uncalibrated/COMPLETE.json
 create mode 100644 smart_building_conformal/outputs/matched_intervals005/bdg2_f2_s46_v2/stages/stream_h6_l95_quantile_uncalibrated/background_workload.csv
 create mode 100644 smart_building_conformal/outputs/matched_intervals005/bdg2_f2_s46_v2/stages/stream_h6_l95_quantile_uncalibrated/consumed.csv.gz
 create mode 100644 smart_building_conformal/outputs/matched_intervals005/bdg2_f2_s46_v2/stages/stream_h6_l95_quantile_uncalibrated/episodes.csv.gz
 create mode 100644 smart_building_conformal/outputs/matched_intervals005/bdg2_f2_s46_v2/stages/stream_h6_l95_quantile_uncalibrated/issued.csv.gz
 create mode 100644 smart_building_conformal/outputs/matched_intervals005/bdg2_f2_s46_v2/stages/stream_h6_l95_quantile_uncalibrated/released_scores.csv.gz
 create mode 100644 smart_building_conformal/outputs/matched_intervals005/bdg2_f2_s46_v2/stages/stream_h6_l95_quantile_uncalibrated/stage.json
 create mode 100644 smart_building_conformal/outputs/matched_intervals005/bdg2_f2_s46_v2/stages/stream_h6_l95_quantile_uncalibrated/stream_identity.json
 create mode 100644 smart_building_conformal/outputs/matched_intervals005/bdg2_f2_s46_v2/stages/stream_h6_l95_quantile_uncalibrated/updates.csv.gz
 create mode 100644 smart_building_conformal/outputs/matched_intervals005/bdg2_f2_s46_v2/stages/stream_h6_l95_recentred_enbpi_static/COMPLETE.json
 create mode 100644 smart_building_conformal/outputs/matched_intervals005/bdg2_f2_s46_v2/stages/stream_h6_l95_recentred_enbpi_static/background_workload.csv
 create mode 100644 smart_building_conformal/outputs/matched_intervals005/bdg2_f2_s46_v2/stages/stream_h6_l95_recentred_enbpi_static/consumed.csv.gz
 create mode 100644 smart_building_conformal/outputs/matched_intervals005/bdg2_f2_s46_v2/stages/stream_h6_l95_recentred_enbpi_static/episodes.csv.gz
 create mode 100644 smart_building_conformal/outputs/matched_intervals005/bdg2_f2_s46_v2/stages/stream_h6_l95_recentred_enbpi_static/issued.csv.gz
 create mode 100644 smart_building_conformal/outputs/matched_intervals005/bdg2_f2_s46_v2/stages/stream_h6_l95_recentred_enbpi_static/released_scores.csv.gz
 create mode 100644 smart_building_conformal/outputs/matched_intervals005/bdg2_f2_s46_v2/stages/stream_h6_l95_recentred_enbpi_static/stage.json
 create mode 100644 smart_building_conformal/outputs/matched_intervals005/bdg2_f2_s46_v2/stages/stream_h6_l95_recentred_enbpi_static/stream_identity.json
 create mode 100644 smart_building_conformal/outputs/matched_intervals005/bdg2_f2_s46_v2/stages/stream_h6_l95_recentred_enbpi_static/updates.csv.gz
 create mode 100644 smart_building_conformal/outputs/matched_intervals005/bdg2_f2_s46_v2/stages/stream_h6_l95_recentred_enbpi_updated/COMPLETE.json
 create mode 100644 smart_building_conformal/outputs/matched_intervals005/bdg2_f2_s46_v2/stages/stream_h6_l95_recentred_enbpi_updated/background_workload.csv
 create mode 100644 smart_building_conformal/outputs/matched_intervals005/bdg2_f2_s46_v2/stages/stream_h6_l95_recentred_enbpi_updated/consumed.csv.gz
 create mode 100644 smart_building_conformal/outputs/matched_intervals005/bdg2_f2_s46_v2/stages/stream_h6_l95_recentred_enbpi_updated/episodes.csv.gz
 create mode 100644 smart_building_conformal/outputs/matched_intervals005/bdg2_f2_s46_v2/stages/stream_h6_l95_recentred_enbpi_updated/issued.csv.gz
 create mode 100644 smart_building_conformal/outputs/matched_intervals005/bdg2_f2_s46_v2/stages/stream_h6_l95_recentred_enbpi_updated/released_scores.csv.gz
 create mode 100644 smart_building_conformal/outputs/matched_intervals005/bdg2_f2_s46_v2/stages/stream_h6_l95_recentred_enbpi_updated/stage.json
 create mode 100644 smart_building_conformal/outputs/matched_intervals005/bdg2_f2_s46_v2/stages/stream_h6_l95_recentred_enbpi_updated/stream_identity.json
 create mode 100644 smart_building_conformal/outputs/matched_intervals005/bdg2_f2_s46_v2/stages/stream_h6_l95_recentred_enbpi_updated/updates.csv.gz
 create mode 100644 smart_building_conformal/outputs/matched_intervals005/bdg2_f2_s46_v2/stages/tables/COMPLETE.json
 create mode 100644 smart_building_conformal/outputs/matched_intervals005/bdg2_f2_s46_v2/stages/tables/background_workload.csv
 create mode 100644 smart_building_conformal/outputs/matched_intervals005/bdg2_f2_s46_v2/stages/tables/common_support_metrics.csv
 create mode 100644 smart_building_conformal/outputs/matched_intervals005/bdg2_f2_s46_v2/stages/tables/native_support_metrics.csv
 create mode 100644 smart_building_conformal/outputs/matched_intervals005/bdg2_f2_s46_v2/stages/tables/operation_counts.json
 create mode 100644 smart_building_conformal/outputs/matched_intervals005/bdg2_f2_s46_v2/stages/tables/operations.csv
 create mode 100644 smart_building_conformal/outputs/matched_intervals005/bdg2_f2_s46_v2/stages/tables/per_building_metrics.csv
 create mode 100644 smart_building_conformal/outputs/matched_intervals005/bdg2_f2_s46_v2/stages/tables/seasonal_interval_metrics.csv
 create mode 100644 smart_building_conformal/outputs/matched_intervals005/bdg2_f2_s46_v2/stages/tables/seasonal_point_metrics.csv
 create mode 100644 smart_building_conformal/outputs/matched_intervals005/bdg2_f2_s46_v2/stages/tables/stage.json
 create mode 100644 smart_building_conformal/outputs/matched_intervals005/bdg2_f2_s46_v2/stages/tables/stage_costs.csv
 create mode 100644 smart_building_conformal/outputs/matched_intervals005/bdg2_fold2_multiseed_v2_coordinator/analysis_v1/COMPLETE.json
 create mode 100644 smart_building_conformal/outputs/matched_intervals005/bdg2_fold2_multiseed_v2_coordinator/analysis_v1/analysis_validation.json
 create mode 100644 smart_building_conformal/outputs/matched_intervals005/bdg2_fold2_multiseed_v2_coordinator/analysis_v1/background_workload.csv
 create mode 100644 smart_building_conformal/outputs/matched_intervals005/bdg2_fold2_multiseed_v2_coordinator/analysis_v1/background_workload_summary.csv
 create mode 100644 smart_building_conformal/outputs/matched_intervals005/bdg2_fold2_multiseed_v2_coordinator/analysis_v1/common_support_metrics.csv
 create mode 100644 smart_building_conformal/outputs/matched_intervals005/bdg2_fold2_multiseed_v2_coordinator/analysis_v1/dscp_summary.csv
 create mode 100644 smart_building_conformal/outputs/matched_intervals005/bdg2_fold2_multiseed_v2_coordinator/analysis_v1/enbpi_oob_support.csv
 create mode 100644 smart_building_conformal/outputs/matched_intervals005/bdg2_fold2_multiseed_v2_coordinator/analysis_v1/figures/five_seed_coverage.pdf
 create mode 100644 smart_building_conformal/outputs/matched_intervals005/bdg2_fold2_multiseed_v2_coordinator/analysis_v1/figures/five_seed_coverage.png
 create mode 100644 smart_building_conformal/outputs/matched_intervals005/bdg2_fold2_multiseed_v2_coordinator/analysis_v1/figures/five_seed_coverage.sources.json
 create mode 100644 smart_building_conformal/outputs/matched_intervals005/bdg2_fold2_multiseed_v2_coordinator/analysis_v1/figures/five_seed_mpiw.pdf
 create mode 100644 smart_building_conformal/outputs/matched_intervals005/bdg2_fold2_multiseed_v2_coordinator/analysis_v1/figures/five_seed_mpiw.png
 create mode 100644 smart_building_conformal/outputs/matched_intervals005/bdg2_fold2_multiseed_v2_coordinator/analysis_v1/figures/five_seed_mpiw.sources.json
 create mode 100644 smart_building_conformal/outputs/matched_intervals005/bdg2_fold2_multiseed_v2_coordinator/analysis_v1/figures/five_seed_winkler.pdf
 create mode 100644 smart_building_conformal/outputs/matched_intervals005/bdg2_fold2_multiseed_v2_coordinator/analysis_v1/figures/five_seed_winkler.png
 create mode 100644 smart_building_conformal/outputs/matched_intervals005/bdg2_fold2_multiseed_v2_coordinator/analysis_v1/figures/five_seed_winkler.sources.json
 create mode 100644 smart_building_conformal/outputs/matched_intervals005/bdg2_fold2_multiseed_v2_coordinator/analysis_v1/fit_operation_counts.csv
 create mode 100644 smart_building_conformal/outputs/matched_intervals005/bdg2_fold2_multiseed_v2_coordinator/analysis_v1/five_seed_summary.csv
 create mode 100644 smart_building_conformal/outputs/matched_intervals005/bdg2_fold2_multiseed_v2_coordinator/analysis_v1/interval_completion_overlay.csv
 create mode 100644 smart_building_conformal/outputs/matched_intervals005/bdg2_fold2_multiseed_v2_coordinator/analysis_v1/native_support_metrics.csv
 create mode 100644 smart_building_conformal/outputs/matched_intervals005/bdg2_fold2_multiseed_v2_coordinator/analysis_v1/next_proposed_forecasting_units.csv
 create mode 100644 smart_building_conformal/outputs/matched_intervals005/bdg2_fold2_multiseed_v2_coordinator/analysis_v1/next_proposed_measured_costs.csv
 create mode 100644 smart_building_conformal/outputs/matched_intervals005/bdg2_fold2_multiseed_v2_coordinator/analysis_v1/operations.csv
 create mode 100644 smart_building_conformal/outputs/matched_intervals005/bdg2_fold2_multiseed_v2_coordinator/analysis_v1/per_building_metrics.csv
 create mode 100644 smart_building_conformal/outputs/matched_intervals005/bdg2_fold2_multiseed_v2_coordinator/analysis_v1/seasonal_aliases.csv
 create mode 100644 smart_building_conformal/outputs/matched_intervals005/bdg2_fold2_multiseed_v2_coordinator/analysis_v1/shared_owner_contrast_summary.csv
 create mode 100644 smart_building_conformal/outputs/matched_intervals005/bdg2_fold2_multiseed_v2_coordinator/analysis_v1/shared_owner_contrasts.csv
 create mode 100644 smart_building_conformal/outputs/matched_intervals005/bdg2_fold2_multiseed_v2_coordinator/analysis_v1/validation_summary.csv
 create mode 100644 smart_building_conformal/outputs/matched_intervals005/bdg2_fold2_multiseed_v2_coordinator/analysis_v1/worker_costs.csv
 create mode 100644 smart_building_conformal/outputs/matched_intervals005/bdg2_fold2_multiseed_v2_coordinator/attempts.jsonl
 create mode 100644 smart_building_conformal/outputs/matched_intervals005/bdg2_fold2_multiseed_v2_coordinator/attempts/2026-09-14T100201792750+0000_fca7032c/attempt.json
 create mode 100644 smart_building_conformal/outputs/matched_intervals005/bdg2_fold2_multiseed_v2_coordinator/attempts/2026-09-14T100201792750+0000_fca7032c/command.log
 create mode 100644 smart_building_conformal/outputs/matched_intervals005/bdg2_fold2_multiseed_v2_coordinator/attempts/2026-09-14T100201792750+0000_fca7032c/command.log.json
 create mode 100644 smart_building_conformal/outputs/matched_intervals005/bdg2_fold2_multiseed_v2_coordinator/attempts/2026-09-14T100201792750+0000_fca7032c/command.log.started.json
 create mode 100644 smart_building_conformal/outputs/matched_intervals005/bdg2_fold2_multiseed_v2_coordinator/attempts/2026-09-14T100201792750+0000_fca7032c/logger.stdout.log
 create mode 100644 smart_building_conformal/outputs/matched_intervals005/bdg2_fold2_multiseed_v2_coordinator/attempts/2026-09-14T102049257979+0000_0c214063/attempt.json
 create mode 100644 smart_building_conformal/outputs/matched_intervals005/bdg2_fold2_multiseed_v2_coordinator/attempts/2026-09-14T102049257979+0000_0c214063/command.log
 create mode 100644 smart_building_conformal/outputs/matched_intervals005/bdg2_fold2_multiseed_v2_coordinator/attempts/2026-09-14T102049257979+0000_0c214063/command.log.json
 create mode 100644 smart_building_conformal/outputs/matched_intervals005/bdg2_fold2_multiseed_v2_coordinator/attempts/2026-09-14T102049257979+0000_0c214063/command.log.started.json
 create mode 100644 smart_building_conformal/outputs/matched_intervals005/bdg2_fold2_multiseed_v2_coordinator/attempts/2026-09-14T102049257979+0000_0c214063/logger.stdout.log
 create mode 100644 smart_building_conformal/outputs/matched_intervals005/bdg2_fold2_multiseed_v2_coordinator/attempts/2026-09-14T103649483814+0000_c51b43cd/attempt.json
 create mode 100644 smart_building_conformal/outputs/matched_intervals005/bdg2_fold2_multiseed_v2_coordinator/attempts/2026-09-14T103649483814+0000_c51b43cd/command.log
 create mode 100644 smart_building_conformal/outputs/matched_intervals005/bdg2_fold2_multiseed_v2_coordinator/attempts/2026-09-14T103649483814+0000_c51b43cd/command.log.json
 create mode 100644 smart_building_conformal/outputs/matched_intervals005/bdg2_fold2_multiseed_v2_coordinator/attempts/2026-09-14T103649483814+0000_c51b43cd/command.log.started.json
 create mode 100644 smart_building_conformal/outputs/matched_intervals005/bdg2_fold2_multiseed_v2_coordinator/attempts/2026-09-14T103649483814+0000_c51b43cd/logger.stdout.log
 create mode 100644 smart_building_conformal/outputs/matched_intervals005/bdg2_fold2_multiseed_v2_coordinator/attempts/2026-09-14T103657698271+0000_f0806dd1/attempt.json
 create mode 100644 smart_building_conformal/outputs/matched_intervals005/bdg2_fold2_multiseed_v2_coordinator/attempts/2026-09-14T103657698271+0000_f0806dd1/command.log
 create mode 100644 smart_building_conformal/outputs/matched_intervals005/bdg2_fold2_multiseed_v2_coordinator/attempts/2026-09-14T103657698271+0000_f0806dd1/command.log.json
 create mode 100644 smart_building_conformal/outputs/matched_intervals005/bdg2_fold2_multiseed_v2_coordinator/attempts/2026-09-14T103657698271+0000_f0806dd1/command.log.started.json
 create mode 100644 smart_building_conformal/outputs/matched_intervals005/bdg2_fold2_multiseed_v2_coordinator/attempts/2026-09-14T103657698271+0000_f0806dd1/logger.stdout.log
 create mode 100644 smart_building_conformal/outputs/matched_intervals005/bdg2_fold2_multiseed_v2_coordinator/attempts/2026-09-14T105450588164+0000_4732c45e/attempt.json
 create mode 100644 smart_building_conformal/outputs/matched_intervals005/bdg2_fold2_multiseed_v2_coordinator/attempts/2026-09-14T105450588164+0000_4732c45e/command.log
 create mode 100644 smart_building_conformal/outputs/matched_intervals005/bdg2_fold2_multiseed_v2_coordinator/attempts/2026-09-14T105450588164+0000_4732c45e/command.log.json
 create mode 100644 smart_building_conformal/outputs/matched_intervals005/bdg2_fold2_multiseed_v2_coordinator/attempts/2026-09-14T105450588164+0000_4732c45e/command.log.started.json
 create mode 100644 smart_building_conformal/outputs/matched_intervals005/bdg2_fold2_multiseed_v2_coordinator/attempts/2026-09-14T105450588164+0000_4732c45e/logger.stdout.log
 create mode 100644 smart_building_conformal/outputs/matched_intervals005/bdg2_fold2_multiseed_v2_coordinator/attempts/2026-09-14T111018657870+0000_6d0aa74e/attempt.json
 create mode 100644 smart_building_conformal/outputs/matched_intervals005/bdg2_fold2_multiseed_v2_coordinator/attempts/2026-09-14T111018657870+0000_6d0aa74e/command.log
 create mode 100644 smart_building_conformal/outputs/matched_intervals005/bdg2_fold2_multiseed_v2_coordinator/attempts/2026-09-14T111018657870+0000_6d0aa74e/command.log.json
 create mode 100644 smart_building_conformal/outputs/matched_intervals005/bdg2_fold2_multiseed_v2_coordinator/attempts/2026-09-14T111018657870+0000_6d0aa74e/command.log.started.json
 create mode 100644 smart_building_conformal/outputs/matched_intervals005/bdg2_fold2_multiseed_v2_coordinator/attempts/2026-09-14T111018657870+0000_6d0aa74e/logger.stdout.log
 create mode 100644 smart_building_conformal/outputs/matched_intervals005/bdg2_fold2_multiseed_v2_coordinator/attempts/2026-09-14T111026863304+0000_f0da713b/attempt.json
 create mode 100644 smart_building_conformal/outputs/matched_intervals005/bdg2_fold2_multiseed_v2_coordinator/attempts/2026-09-14T111026863304+0000_f0da713b/command.log
 create mode 100644 smart_building_conformal/outputs/matched_intervals005/bdg2_fold2_multiseed_v2_coordinator/attempts/2026-09-14T111026863304+0000_f0da713b/command.log.json
 create mode 100644 smart_building_conformal/outputs/matched_intervals005/bdg2_fold2_multiseed_v2_coordinator/attempts/2026-09-14T111026863304+0000_f0da713b/command.log.started.json
 create mode 100644 smart_building_conformal/outputs/matched_intervals005/bdg2_fold2_multiseed_v2_coordinator/attempts/2026-09-14T111026863304+0000_f0da713b/logger.stdout.log
 create mode 100644 smart_building_conformal/outputs/matched_intervals005/bdg2_fold2_multiseed_v2_coordinator/attempts/2026-09-14T112814130290+0000_d08a9e84/attempt.json
 create mode 100644 smart_building_conformal/outputs/matched_intervals005/bdg2_fold2_multiseed_v2_coordinator/attempts/2026-09-14T112814130290+0000_d08a9e84/command.log
 create mode 100644 smart_building_conformal/outputs/matched_intervals005/bdg2_fold2_multiseed_v2_coordinator/attempts/2026-09-14T112814130290+0000_d08a9e84/command.log.json
 create mode 100644 smart_building_conformal/outputs/matched_intervals005/bdg2_fold2_multiseed_v2_coordinator/attempts/2026-09-14T112814130290+0000_d08a9e84/command.log.started.json
 create mode 100644 smart_building_conformal/outputs/matched_intervals005/bdg2_fold2_multiseed_v2_coordinator/attempts/2026-09-14T112814130290+0000_d08a9e84/logger.stdout.log
 create mode 100644 smart_building_conformal/outputs/matched_intervals005/bdg2_fold2_multiseed_v2_coordinator/attempts/2026-09-14T114342373319+0000_c62d0c7d/attempt.json
 create mode 100644 smart_building_conformal/outputs/matched_intervals005/bdg2_fold2_multiseed_v2_coordinator/attempts/2026-09-14T114342373319+0000_c62d0c7d/command.log
 create mode 100644 smart_building_conformal/outputs/matched_intervals005/bdg2_fold2_multiseed_v2_coordinator/attempts/2026-09-14T114342373319+0000_c62d0c7d/command.log.json
 create mode 100644 smart_building_conformal/outputs/matched_intervals005/bdg2_fold2_multiseed_v2_coordinator/attempts/2026-09-14T114342373319+0000_c62d0c7d/command.log.started.json
 create mode 100644 smart_building_conformal/outputs/matched_intervals005/bdg2_fold2_multiseed_v2_coordinator/attempts/2026-09-14T114342373319+0000_c62d0c7d/logger.stdout.log
 create mode 100644 smart_building_conformal/outputs/matched_intervals005/bdg2_fold2_multiseed_v2_coordinator/attempts/2026-09-14T114350584110+0000_7e2fabe3/attempt.json
 create mode 100644 smart_building_conformal/outputs/matched_intervals005/bdg2_fold2_multiseed_v2_coordinator/attempts/2026-09-14T114350584110+0000_7e2fabe3/command.log
 create mode 100644 smart_building_conformal/outputs/matched_intervals005/bdg2_fold2_multiseed_v2_coordinator/attempts/2026-09-14T114350584110+0000_7e2fabe3/command.log.json
 create mode 100644 smart_building_conformal/outputs/matched_intervals005/bdg2_fold2_multiseed_v2_coordinator/attempts/2026-09-14T114350584110+0000_7e2fabe3/command.log.started.json
 create mode 100644 smart_building_conformal/outputs/matched_intervals005/bdg2_fold2_multiseed_v2_coordinator/attempts/2026-09-14T114350584110+0000_7e2fabe3/logger.stdout.log
 create mode 100644 smart_building_conformal/outputs/matched_intervals005/bdg2_fold2_multiseed_v2_coordinator/attempts/2026-09-14T120147885318+0000_f053e94f/attempt.json
 create mode 100644 smart_building_conformal/outputs/matched_intervals005/bdg2_fold2_multiseed_v2_coordinator/attempts/2026-09-14T120147885318+0000_f053e94f/command.log
 create mode 100644 smart_building_conformal/outputs/matched_intervals005/bdg2_fold2_multiseed_v2_coordinator/attempts/2026-09-14T120147885318+0000_f053e94f/command.log.json
 create mode 100644 smart_building_conformal/outputs/matched_intervals005/bdg2_fold2_multiseed_v2_coordinator/attempts/2026-09-14T120147885318+0000_f053e94f/command.log.started.json
 create mode 100644 smart_building_conformal/outputs/matched_intervals005/bdg2_fold2_multiseed_v2_coordinator/attempts/2026-09-14T120147885318+0000_f053e94f/logger.stdout.log
 create mode 100644 smart_building_conformal/outputs/matched_intervals005/bdg2_fold2_multiseed_v2_coordinator/attempts/2026-09-14T121728301481+0000_9fbeef73/attempt.json
 create mode 100644 smart_building_conformal/outputs/matched_intervals005/bdg2_fold2_multiseed_v2_coordinator/attempts/2026-09-14T121728301481+0000_9fbeef73/command.log
 create mode 100644 smart_building_conformal/outputs/matched_intervals005/bdg2_fold2_multiseed_v2_coordinator/attempts/2026-09-14T121728301481+0000_9fbeef73/command.log.json
 create mode 100644 smart_building_conformal/outputs/matched_intervals005/bdg2_fold2_multiseed_v2_coordinator/attempts/2026-09-14T121728301481+0000_9fbeef73/command.log.started.json
 create mode 100644 smart_building_conformal/outputs/matched_intervals005/bdg2_fold2_multiseed_v2_coordinator/attempts/2026-09-14T121728301481+0000_9fbeef73/logger.stdout.log
 create mode 100644 smart_building_conformal/outputs/matched_intervals005/bdg2_fold2_multiseed_v2_coordinator/progress.json
 create mode 100644 smart_building_conformal/outputs/matched_intervals005/bdg2_fold2_multiseed_v2_coordinator/seed43_completed_resume.json
 create mode 100644 smart_building_conformal/outputs/matched_intervals005/bdg2_fold2_multiseed_v2_coordinator/seed43_resume_worker_resources.json
 create mode 100644 smart_building_conformal/outputs/matched_intervals005/bdg2_fold2_multiseed_v2_coordinator/seed43_run_worker_resources.json
 create mode 100644 smart_building_conformal/outputs/matched_intervals005/bdg2_fold2_multiseed_v2_coordinator/seed43_validate_worker_resources.json
 create mode 100644 smart_building_conformal/outputs/matched_intervals005/bdg2_fold2_multiseed_v2_coordinator/seed43_validation/COMPLETE.json
 create mode 100644 smart_building_conformal/outputs/matched_intervals005/bdg2_fold2_multiseed_v2_coordinator/seed43_validation/alert_checks.csv
 create mode 100644 smart_building_conformal/outputs/matched_intervals005/bdg2_fold2_multiseed_v2_coordinator/seed43_validation/independent_metrics.csv
 create mode 100644 smart_building_conformal/outputs/matched_intervals005/bdg2_fold2_multiseed_v2_coordinator/seed43_validation/reconstruction_checks.csv
 create mode 100644 smart_building_conformal/outputs/matched_intervals005/bdg2_fold2_multiseed_v2_coordinator/seed43_validation/validation.json
 create mode 100644 smart_building_conformal/outputs/matched_intervals005/bdg2_fold2_multiseed_v2_coordinator/seed44_completed_resume.json
 create mode 100644 smart_building_conformal/outputs/matched_intervals005/bdg2_fold2_multiseed_v2_coordinator/seed44_resume_worker_resources.json
 create mode 100644 smart_building_conformal/outputs/matched_intervals005/bdg2_fold2_multiseed_v2_coordinator/seed44_run_worker_resources.json
 create mode 100644 smart_building_conformal/outputs/matched_intervals005/bdg2_fold2_multiseed_v2_coordinator/seed44_validate_worker_resources.json
 create mode 100644 smart_building_conformal/outputs/matched_intervals005/bdg2_fold2_multiseed_v2_coordinator/seed44_validation/COMPLETE.json
 create mode 100644 smart_building_conformal/outputs/matched_intervals005/bdg2_fold2_multiseed_v2_coordinator/seed44_validation/alert_checks.csv
 create mode 100644 smart_building_conformal/outputs/matched_intervals005/bdg2_fold2_multiseed_v2_coordinator/seed44_validation/independent_metrics.csv
 create mode 100644 smart_building_conformal/outputs/matched_intervals005/bdg2_fold2_multiseed_v2_coordinator/seed44_validation/reconstruction_checks.csv
 create mode 100644 smart_building_conformal/outputs/matched_intervals005/bdg2_fold2_multiseed_v2_coordinator/seed44_validation/validation.json
 create mode 100644 smart_building_conformal/outputs/matched_intervals005/bdg2_fold2_multiseed_v2_coordinator/seed45_completed_resume.json
 create mode 100644 smart_building_conformal/outputs/matched_intervals005/bdg2_fold2_multiseed_v2_coordinator/seed45_resume_worker_resources.json
 create mode 100644 smart_building_conformal/outputs/matched_intervals005/bdg2_fold2_multiseed_v2_coordinator/seed45_run_worker_resources.json
 create mode 100644 smart_building_conformal/outputs/matched_intervals005/bdg2_fold2_multiseed_v2_coordinator/seed45_validate_worker_resources.json
 create mode 100644 smart_building_conformal/outputs/matched_intervals005/bdg2_fold2_multiseed_v2_coordinator/seed45_validation/COMPLETE.json
 create mode 100644 smart_building_conformal/outputs/matched_intervals005/bdg2_fold2_multiseed_v2_coordinator/seed45_validation/alert_checks.csv
 create mode 100644 smart_building_conformal/outputs/matched_intervals005/bdg2_fold2_multiseed_v2_coordinator/seed45_validation/independent_metrics.csv
 create mode 100644 smart_building_conformal/outputs/matched_intervals005/bdg2_fold2_multiseed_v2_coordinator/seed45_validation/reconstruction_checks.csv
 create mode 100644 smart_building_conformal/outputs/matched_intervals005/bdg2_fold2_multiseed_v2_coordinator/seed45_validation/validation.json
 create mode 100644 smart_building_conformal/outputs/matched_intervals005/bdg2_fold2_multiseed_v2_coordinator/seed46_completed_resume.json
 create mode 100644 smart_building_conformal/outputs/matched_intervals005/bdg2_fold2_multiseed_v2_coordinator/seed46_resume_worker_resources.json
 create mode 100644 smart_building_conformal/outputs/matched_intervals005/bdg2_fold2_multiseed_v2_coordinator/seed46_run_worker_resources.json
 create mode 100644 smart_building_conformal/outputs/matched_intervals005/bdg2_fold2_multiseed_v2_coordinator/seed46_validate_worker_resources.json
 create mode 100644 smart_building_conformal/outputs/matched_intervals005/bdg2_fold2_multiseed_v2_coordinator/seed46_validation/COMPLETE.json
 create mode 100644 smart_building_conformal/outputs/matched_intervals005/bdg2_fold2_multiseed_v2_coordinator/seed46_validation/alert_checks.csv
 create mode 100644 smart_building_conformal/outputs/matched_intervals005/bdg2_fold2_multiseed_v2_coordinator/seed46_validation/independent_metrics.csv
 create mode 100644 smart_building_conformal/outputs/matched_intervals005/bdg2_fold2_multiseed_v2_coordinator/seed46_validation/reconstruction_checks.csv
 create mode 100644 smart_building_conformal/outputs/matched_intervals005/bdg2_fold2_multiseed_v2_coordinator/seed46_validation/validation.json
The bundle contains this ref:
b8284fd4ac879c1beffdf60b17b74a7284c1d995 refs/heads/review/matched-intervals005-bdg2-multiseed-20260914
The bundle requires this ref:
4853f634134a77b347ee29f781e3e81fe0b207cf 
The bundle uses this hash algorithm: sha1
C:/Users/nigel/ConfoSenseBackups/matched_intervals005_bdg2_multiseed_20260914/completed_b8284fd.bundle is okay
{
  "commit": "b8284fd4ac879c1beffdf60b17b74a7284c1d995",
  "branch": "review/matched-intervals005-bdg2-multiseed-20260914",
  "utc": "2026-09-14T12:25:53.522498+00:00",
  "backup": "C:\\Users\\nigel\\ConfoSenseBackups\\matched_intervals005_bdg2_multiseed_20260914\\completed_b8284fd.bundle",
  "backup_sha256": "a23a6432691d3217cca076bf847a8111302e415f85009d8c8c5b43419f4b7ded",
  "main_and_previous_review_heads_unchanged": true,
  "publication_status": "pending",
  "push_exit": 128,
  "push_output": "fatal: Cannot prompt because user interactivity has been disabled.\nfatal: could not read Username for 'https://github.com': terminal prompts disabled\n"
}
