[review/matched-fold2-multiseed-20260914 20326e8] Publish matched fold-2 multiseed evidence: final
 1013 files changed, 44483 insertions(+), 142 deletions(-)
 create mode 100644 smart_building_conformal/outputs/matched_forecasting005/bdg2_h1_f2_s46_v1.process.json
 create mode 100644 smart_building_conformal/outputs/matched_forecasting005/bdg2_h1_f2_s46_v1/checkpoint_io_20260914T023335990418.json
 create mode 100644 smart_building_conformal/outputs/matched_forecasting005/bdg2_h1_f2_s46_v1/checkpoint_manifest.json
 create mode 100644 smart_building_conformal/outputs/matched_forecasting005/bdg2_h1_f2_s46_v1/execution_environment.json
 create mode 100644 smart_building_conformal/outputs/matched_forecasting005/bdg2_h1_f2_s46_v1/fit_calls.jsonl
 create mode 100644 smart_building_conformal/outputs/matched_forecasting005/bdg2_h1_f2_s46_v1/interval_quality.csv
 create mode 100644 smart_building_conformal/outputs/matched_forecasting005/bdg2_h1_f2_s46_v1/point_summary.csv
 create mode 100644 smart_building_conformal/outputs/matched_forecasting005/bdg2_h1_f2_s46_v1/run_summary.json
 create mode 100644 smart_building_conformal/outputs/matched_forecasting005/bdg2_h1_f2_s46_v1/units/bdg2_h1_f2_s46_attention_lstm/COMPLETE.json
 create mode 100644 smart_building_conformal/outputs/matched_forecasting005/bdg2_h1_f2_s46_v1/units/bdg2_h1_f2_s46_attention_lstm/calibration.csv.gz
 create mode 100644 smart_building_conformal/outputs/matched_forecasting005/bdg2_h1_f2_s46_v1/units/bdg2_h1_f2_s46_attention_lstm/fitting_membership.csv.gz
 create mode 100644 smart_building_conformal/outputs/matched_forecasting005/bdg2_h1_f2_s46_v1/units/bdg2_h1_f2_s46_attention_lstm/model.pt
 create mode 100644 smart_building_conformal/outputs/matched_forecasting005/bdg2_h1_f2_s46_v1/units/bdg2_h1_f2_s46_attention_lstm/payload.json
 create mode 100644 smart_building_conformal/outputs/matched_forecasting005/bdg2_h1_f2_s46_v1/units/bdg2_h1_f2_s46_attention_lstm/predictions.csv.gz
 create mode 100644 smart_building_conformal/outputs/matched_forecasting005/bdg2_h1_f2_s46_v1/units/bdg2_h1_f2_s46_attention_lstm/training_history.csv.gz
 create mode 100644 smart_building_conformal/outputs/matched_forecasting005/bdg2_h1_f2_s46_v1/units/bdg2_h1_f2_s46_attention_lstm/tuning.csv.gz
 create mode 100644 smart_building_conformal/outputs/matched_forecasting005/bdg2_h1_f2_s46_v1/units/bdg2_h1_f2_s46_attention_lstm/tuning_predictions.csv.gz
 create mode 100644 smart_building_conformal/outputs/matched_forecasting005/bdg2_h1_f2_s46_v1/units/bdg2_h1_f2_s46_persistence/COMPLETE.json
 create mode 100644 smart_building_conformal/outputs/matched_forecasting005/bdg2_h1_f2_s46_v1/units/bdg2_h1_f2_s46_persistence/calibration.csv.gz
 create mode 100644 smart_building_conformal/outputs/matched_forecasting005/bdg2_h1_f2_s46_v1/units/bdg2_h1_f2_s46_persistence/fitting_membership.csv.gz
 create mode 100644 smart_building_conformal/outputs/matched_forecasting005/bdg2_h1_f2_s46_v1/units/bdg2_h1_f2_s46_persistence/model.json
 create mode 100644 smart_building_conformal/outputs/matched_forecasting005/bdg2_h1_f2_s46_v1/units/bdg2_h1_f2_s46_persistence/payload.json
 create mode 100644 smart_building_conformal/outputs/matched_forecasting005/bdg2_h1_f2_s46_v1/units/bdg2_h1_f2_s46_persistence/predictions.csv.gz
 create mode 100644 smart_building_conformal/outputs/matched_forecasting005/bdg2_h1_f2_s46_v1/units/bdg2_h1_f2_s46_persistence/training_history.csv.gz
 create mode 100644 smart_building_conformal/outputs/matched_forecasting005/bdg2_h1_f2_s46_v1/units/bdg2_h1_f2_s46_persistence/tuning.csv.gz
 create mode 100644 smart_building_conformal/outputs/matched_forecasting005/bdg2_h1_f2_s46_v1/units/bdg2_h1_f2_s46_persistence/tuning_predictions.csv.gz
 create mode 100644 smart_building_conformal/outputs/matched_forecasting005/bdg2_h1_f2_s46_v1/units/bdg2_h1_f2_s46_xgboost/COMPLETE.json
 create mode 100644 smart_building_conformal/outputs/matched_forecasting005/bdg2_h1_f2_s46_v1/units/bdg2_h1_f2_s46_xgboost/booster_config.json
 create mode 100644 smart_building_conformal/outputs/matched_forecasting005/bdg2_h1_f2_s46_v1/units/bdg2_h1_f2_s46_xgboost/calibration.csv.gz
 create mode 100644 smart_building_conformal/outputs/matched_forecasting005/bdg2_h1_f2_s46_v1/units/bdg2_h1_f2_s46_xgboost/fitting_membership.csv.gz
 create mode 100644 smart_building_conformal/outputs/matched_forecasting005/bdg2_h1_f2_s46_v1/units/bdg2_h1_f2_s46_xgboost/model.ubj
 create mode 100644 smart_building_conformal/outputs/matched_forecasting005/bdg2_h1_f2_s46_v1/units/bdg2_h1_f2_s46_xgboost/payload.json
 create mode 100644 smart_building_conformal/outputs/matched_forecasting005/bdg2_h1_f2_s46_v1/units/bdg2_h1_f2_s46_xgboost/predictions.csv.gz
 create mode 100644 smart_building_conformal/outputs/matched_forecasting005/bdg2_h1_f2_s46_v1/units/bdg2_h1_f2_s46_xgboost/training_history.csv.gz
 create mode 100644 smart_building_conformal/outputs/matched_forecasting005/bdg2_h1_f2_s46_v1/units/bdg2_h1_f2_s46_xgboost/tuning.csv.gz
 create mode 100644 smart_building_conformal/outputs/matched_forecasting005/bdg2_h1_f2_s46_v1/units/bdg2_h1_f2_s46_xgboost/tuning_predictions.csv.gz
 create mode 100644 smart_building_conformal/outputs/matched_forecasting005/bdg2_h3_f2_s46_v1.process.json
 create mode 100644 smart_building_conformal/outputs/matched_forecasting005/bdg2_h3_f2_s46_v1/checkpoint_io_20260914T024630473167.json
 create mode 100644 smart_building_conformal/outputs/matched_forecasting005/bdg2_h3_f2_s46_v1/checkpoint_manifest.json
 create mode 100644 smart_building_conformal/outputs/matched_forecasting005/bdg2_h3_f2_s46_v1/execution_environment.json
 create mode 100644 smart_building_conformal/outputs/matched_forecasting005/bdg2_h3_f2_s46_v1/fit_calls.jsonl
 create mode 100644 smart_building_conformal/outputs/matched_forecasting005/bdg2_h3_f2_s46_v1/interval_quality.csv
 create mode 100644 smart_building_conformal/outputs/matched_forecasting005/bdg2_h3_f2_s46_v1/point_summary.csv
 create mode 100644 smart_building_conformal/outputs/matched_forecasting005/bdg2_h3_f2_s46_v1/run_summary.json
 create mode 100644 smart_building_conformal/outputs/matched_forecasting005/bdg2_h3_f2_s46_v1/units/bdg2_h3_f2_s46_attention_lstm/COMPLETE.json
 create mode 100644 smart_building_conformal/outputs/matched_forecasting005/bdg2_h3_f2_s46_v1/units/bdg2_h3_f2_s46_attention_lstm/calibration.csv.gz
 create mode 100644 smart_building_conformal/outputs/matched_forecasting005/bdg2_h3_f2_s46_v1/units/bdg2_h3_f2_s46_attention_lstm/fitting_membership.csv.gz
 create mode 100644 smart_building_conformal/outputs/matched_forecasting005/bdg2_h3_f2_s46_v1/units/bdg2_h3_f2_s46_attention_lstm/model.pt
 create mode 100644 smart_building_conformal/outputs/matched_forecasting005/bdg2_h3_f2_s46_v1/units/bdg2_h3_f2_s46_attention_lstm/payload.json
 create mode 100644 smart_building_conformal/outputs/matched_forecasting005/bdg2_h3_f2_s46_v1/units/bdg2_h3_f2_s46_attention_lstm/predictions.csv.gz
 create mode 100644 smart_building_conformal/outputs/matched_forecasting005/bdg2_h3_f2_s46_v1/units/bdg2_h3_f2_s46_attention_lstm/training_history.csv.gz
 create mode 100644 smart_building_conformal/outputs/matched_forecasting005/bdg2_h3_f2_s46_v1/units/bdg2_h3_f2_s46_attention_lstm/tuning.csv.gz
 create mode 100644 smart_building_conformal/outputs/matched_forecasting005/bdg2_h3_f2_s46_v1/units/bdg2_h3_f2_s46_attention_lstm/tuning_predictions.csv.gz
 create mode 100644 smart_building_conformal/outputs/matched_forecasting005/bdg2_h3_f2_s46_v1/units/bdg2_h3_f2_s46_persistence/COMPLETE.json
 create mode 100644 smart_building_conformal/outputs/matched_forecasting005/bdg2_h3_f2_s46_v1/units/bdg2_h3_f2_s46_persistence/calibration.csv.gz
 create mode 100644 smart_building_conformal/outputs/matched_forecasting005/bdg2_h3_f2_s46_v1/units/bdg2_h3_f2_s46_persistence/fitting_membership.csv.gz
 create mode 100644 smart_building_conformal/outputs/matched_forecasting005/bdg2_h3_f2_s46_v1/units/bdg2_h3_f2_s46_persistence/model.json
 create mode 100644 smart_building_conformal/outputs/matched_forecasting005/bdg2_h3_f2_s46_v1/units/bdg2_h3_f2_s46_persistence/payload.json
 create mode 100644 smart_building_conformal/outputs/matched_forecasting005/bdg2_h3_f2_s46_v1/units/bdg2_h3_f2_s46_persistence/predictions.csv.gz
 create mode 100644 smart_building_conformal/outputs/matched_forecasting005/bdg2_h3_f2_s46_v1/units/bdg2_h3_f2_s46_persistence/training_history.csv.gz
 create mode 100644 smart_building_conformal/outputs/matched_forecasting005/bdg2_h3_f2_s46_v1/units/bdg2_h3_f2_s46_persistence/tuning.csv.gz
 create mode 100644 smart_building_conformal/outputs/matched_forecasting005/bdg2_h3_f2_s46_v1/units/bdg2_h3_f2_s46_persistence/tuning_predictions.csv.gz
 create mode 100644 smart_building_conformal/outputs/matched_forecasting005/bdg2_h3_f2_s46_v1/units/bdg2_h3_f2_s46_xgboost/COMPLETE.json
 create mode 100644 smart_building_conformal/outputs/matched_forecasting005/bdg2_h3_f2_s46_v1/units/bdg2_h3_f2_s46_xgboost/booster_config.json
 create mode 100644 smart_building_conformal/outputs/matched_forecasting005/bdg2_h3_f2_s46_v1/units/bdg2_h3_f2_s46_xgboost/calibration.csv.gz
 create mode 100644 smart_building_conformal/outputs/matched_forecasting005/bdg2_h3_f2_s46_v1/units/bdg2_h3_f2_s46_xgboost/fitting_membership.csv.gz
 create mode 100644 smart_building_conformal/outputs/matched_forecasting005/bdg2_h3_f2_s46_v1/units/bdg2_h3_f2_s46_xgboost/model.ubj
 create mode 100644 smart_building_conformal/outputs/matched_forecasting005/bdg2_h3_f2_s46_v1/units/bdg2_h3_f2_s46_xgboost/payload.json
 create mode 100644 smart_building_conformal/outputs/matched_forecasting005/bdg2_h3_f2_s46_v1/units/bdg2_h3_f2_s46_xgboost/predictions.csv.gz
 create mode 100644 smart_building_conformal/outputs/matched_forecasting005/bdg2_h3_f2_s46_v1/units/bdg2_h3_f2_s46_xgboost/training_history.csv.gz
 create mode 100644 smart_building_conformal/outputs/matched_forecasting005/bdg2_h3_f2_s46_v1/units/bdg2_h3_f2_s46_xgboost/tuning.csv.gz
 create mode 100644 smart_building_conformal/outputs/matched_forecasting005/bdg2_h3_f2_s46_v1/units/bdg2_h3_f2_s46_xgboost/tuning_predictions.csv.gz
 create mode 100644 smart_building_conformal/outputs/matched_forecasting005/bdg2_h6_f2_s46_v1.process.json
 create mode 100644 smart_building_conformal/outputs/matched_forecasting005/bdg2_h6_f2_s46_v1/checkpoint_io_20260914T025258708857.json
 create mode 100644 smart_building_conformal/outputs/matched_forecasting005/bdg2_h6_f2_s46_v1/checkpoint_manifest.json
 create mode 100644 smart_building_conformal/outputs/matched_forecasting005/bdg2_h6_f2_s46_v1/execution_environment.json
 create mode 100644 smart_building_conformal/outputs/matched_forecasting005/bdg2_h6_f2_s46_v1/fit_calls.jsonl
 create mode 100644 smart_building_conformal/outputs/matched_forecasting005/bdg2_h6_f2_s46_v1/interval_quality.csv
 create mode 100644 smart_building_conformal/outputs/matched_forecasting005/bdg2_h6_f2_s46_v1/point_summary.csv
 create mode 100644 smart_building_conformal/outputs/matched_forecasting005/bdg2_h6_f2_s46_v1/run_summary.json
 create mode 100644 smart_building_conformal/outputs/matched_forecasting005/bdg2_h6_f2_s46_v1/units/bdg2_h6_f2_s46_attention_lstm/COMPLETE.json
 create mode 100644 smart_building_conformal/outputs/matched_forecasting005/bdg2_h6_f2_s46_v1/units/bdg2_h6_f2_s46_attention_lstm/calibration.csv.gz
 create mode 100644 smart_building_conformal/outputs/matched_forecasting005/bdg2_h6_f2_s46_v1/units/bdg2_h6_f2_s46_attention_lstm/fitting_membership.csv.gz
 create mode 100644 smart_building_conformal/outputs/matched_forecasting005/bdg2_h6_f2_s46_v1/units/bdg2_h6_f2_s46_attention_lstm/model.pt
 create mode 100644 smart_building_conformal/outputs/matched_forecasting005/bdg2_h6_f2_s46_v1/units/bdg2_h6_f2_s46_attention_lstm/payload.json
 create mode 100644 smart_building_conformal/outputs/matched_forecasting005/bdg2_h6_f2_s46_v1/units/bdg2_h6_f2_s46_attention_lstm/predictions.csv.gz
 create mode 100644 smart_building_conformal/outputs/matched_forecasting005/bdg2_h6_f2_s46_v1/units/bdg2_h6_f2_s46_attention_lstm/training_history.csv.gz
 create mode 100644 smart_building_conformal/outputs/matched_forecasting005/bdg2_h6_f2_s46_v1/units/bdg2_h6_f2_s46_attention_lstm/tuning.csv.gz
 create mode 100644 smart_building_conformal/outputs/matched_forecasting005/bdg2_h6_f2_s46_v1/units/bdg2_h6_f2_s46_attention_lstm/tuning_predictions.csv.gz
 create mode 100644 smart_building_conformal/outputs/matched_forecasting005/bdg2_h6_f2_s46_v1/units/bdg2_h6_f2_s46_persistence/COMPLETE.json
 create mode 100644 smart_building_conformal/outputs/matched_forecasting005/bdg2_h6_f2_s46_v1/units/bdg2_h6_f2_s46_persistence/calibration.csv.gz
 create mode 100644 smart_building_conformal/outputs/matched_forecasting005/bdg2_h6_f2_s46_v1/units/bdg2_h6_f2_s46_persistence/fitting_membership.csv.gz
 create mode 100644 smart_building_conformal/outputs/matched_forecasting005/bdg2_h6_f2_s46_v1/units/bdg2_h6_f2_s46_persistence/model.json
 create mode 100644 smart_building_conformal/outputs/matched_forecasting005/bdg2_h6_f2_s46_v1/units/bdg2_h6_f2_s46_persistence/payload.json
 create mode 100644 smart_building_conformal/outputs/matched_forecasting005/bdg2_h6_f2_s46_v1/units/bdg2_h6_f2_s46_persistence/predictions.csv.gz
 create mode 100644 smart_building_conformal/outputs/matched_forecasting005/bdg2_h6_f2_s46_v1/units/bdg2_h6_f2_s46_persistence/training_history.csv.gz
 create mode 100644 smart_building_conformal/outputs/matched_forecasting005/bdg2_h6_f2_s46_v1/units/bdg2_h6_f2_s46_persistence/tuning.csv.gz
 create mode 100644 smart_building_conformal/outputs/matched_forecasting005/bdg2_h6_f2_s46_v1/units/bdg2_h6_f2_s46_persistence/tuning_predictions.csv.gz
 create mode 100644 smart_building_conformal/outputs/matched_forecasting005/bdg2_h6_f2_s46_v1/units/bdg2_h6_f2_s46_xgboost/COMPLETE.json
 create mode 100644 smart_building_conformal/outputs/matched_forecasting005/bdg2_h6_f2_s46_v1/units/bdg2_h6_f2_s46_xgboost/booster_config.json
 create mode 100644 smart_building_conformal/outputs/matched_forecasting005/bdg2_h6_f2_s46_v1/units/bdg2_h6_f2_s46_xgboost/calibration.csv.gz
 create mode 100644 smart_building_conformal/outputs/matched_forecasting005/bdg2_h6_f2_s46_v1/units/bdg2_h6_f2_s46_xgboost/fitting_membership.csv.gz
 create mode 100644 smart_building_conformal/outputs/matched_forecasting005/bdg2_h6_f2_s46_v1/units/bdg2_h6_f2_s46_xgboost/model.ubj
 create mode 100644 smart_building_conformal/outputs/matched_forecasting005/bdg2_h6_f2_s46_v1/units/bdg2_h6_f2_s46_xgboost/payload.json
 create mode 100644 smart_building_conformal/outputs/matched_forecasting005/bdg2_h6_f2_s46_v1/units/bdg2_h6_f2_s46_xgboost/predictions.csv.gz
 create mode 100644 smart_building_conformal/outputs/matched_forecasting005/bdg2_h6_f2_s46_v1/units/bdg2_h6_f2_s46_xgboost/training_history.csv.gz
 create mode 100644 smart_building_conformal/outputs/matched_forecasting005/bdg2_h6_f2_s46_v1/units/bdg2_h6_f2_s46_xgboost/tuning.csv.gz
 create mode 100644 smart_building_conformal/outputs/matched_forecasting005/bdg2_h6_f2_s46_v1/units/bdg2_h6_f2_s46_xgboost/tuning_predictions.csv.gz
 create mode 100644 smart_building_conformal/outputs/matched_forecasting005/fold2_multiseed_batch_v1/analysis_v1/COMPLETE.json
 create mode 100644 smart_building_conformal/outputs/matched_forecasting005/fold2_multiseed_batch_v1/analysis_v1/actual_seed_metadata.csv
 create mode 100644 smart_building_conformal/outputs/matched_forecasting005/fold2_multiseed_batch_v1/analysis_v1/additional_folds_comparison.csv
 create mode 100644 smart_building_conformal/outputs/matched_forecasting005/fold2_multiseed_batch_v1/analysis_v1/analysis_validation.json
 create mode 100644 smart_building_conformal/outputs/matched_forecasting005/fold2_multiseed_batch_v1/analysis_v1/checkpoint_io.csv
 create mode 100644 smart_building_conformal/outputs/matched_forecasting005/fold2_multiseed_batch_v1/analysis_v1/combined_comparison.csv
 create mode 100644 smart_building_conformal/outputs/matched_forecasting005/fold2_multiseed_batch_v1/analysis_v1/command_attempts.csv
 create mode 100644 smart_building_conformal/outputs/matched_forecasting005/fold2_multiseed_batch_v1/analysis_v1/completion_overlay.csv
 create mode 100644 smart_building_conformal/outputs/matched_forecasting005/fold2_multiseed_batch_v1/analysis_v1/equal_group_diagnostics.csv
 create mode 100644 smart_building_conformal/outputs/matched_forecasting005/fold2_multiseed_batch_v1/analysis_v1/evidence_reuse_ledger.csv
 create mode 100644 smart_building_conformal/outputs/matched_forecasting005/fold2_multiseed_batch_v1/analysis_v1/figures/cost_and_error.pdf
 create mode 100644 smart_building_conformal/outputs/matched_forecasting005/fold2_multiseed_batch_v1/analysis_v1/figures/cost_and_error.png
 create mode 100644 smart_building_conformal/outputs/matched_forecasting005/fold2_multiseed_batch_v1/analysis_v1/figures/cost_and_error.sources.json
 create mode 100644 smart_building_conformal/outputs/matched_forecasting005/fold2_multiseed_batch_v1/analysis_v1/figures/coverage.pdf
 create mode 100644 smart_building_conformal/outputs/matched_forecasting005/fold2_multiseed_batch_v1/analysis_v1/figures/coverage.png
 create mode 100644 smart_building_conformal/outputs/matched_forecasting005/fold2_multiseed_batch_v1/analysis_v1/figures/coverage.sources.json
 create mode 100644 smart_building_conformal/outputs/matched_forecasting005/fold2_multiseed_batch_v1/analysis_v1/figures/forecast_error.pdf
 create mode 100644 smart_building_conformal/outputs/matched_forecasting005/fold2_multiseed_batch_v1/analysis_v1/figures/forecast_error.png
 create mode 100644 smart_building_conformal/outputs/matched_forecasting005/fold2_multiseed_batch_v1/analysis_v1/figures/forecast_error.sources.json
 create mode 100644 smart_building_conformal/outputs/matched_forecasting005/fold2_multiseed_batch_v1/analysis_v1/figures/interval_width.pdf
 create mode 100644 smart_building_conformal/outputs/matched_forecasting005/fold2_multiseed_batch_v1/analysis_v1/figures/interval_width.png
 create mode 100644 smart_building_conformal/outputs/matched_forecasting005/fold2_multiseed_batch_v1/analysis_v1/figures/interval_width.sources.json
 create mode 100644 smart_building_conformal/outputs/matched_forecasting005/fold2_multiseed_batch_v1/analysis_v1/figures/winkler.pdf
 create mode 100644 smart_building_conformal/outputs/matched_forecasting005/fold2_multiseed_batch_v1/analysis_v1/figures/winkler.png
 create mode 100644 smart_building_conformal/outputs/matched_forecasting005/fold2_multiseed_batch_v1/analysis_v1/figures/winkler.sources.json
 create mode 100644 smart_building_conformal/outputs/matched_forecasting005/fold2_multiseed_batch_v1/analysis_v1/fit_attempts.csv
 create mode 100644 smart_building_conformal/outputs/matched_forecasting005/fold2_multiseed_batch_v1/analysis_v1/fold2_all_seed_run_costs.csv
 create mode 100644 smart_building_conformal/outputs/matched_forecasting005/fold2_multiseed_batch_v1/analysis_v1/fold2_five_seed_comparison.csv
 create mode 100644 smart_building_conformal/outputs/matched_forecasting005/fold2_multiseed_batch_v1/analysis_v1/group_metrics.csv
 create mode 100644 smart_building_conformal/outputs/matched_forecasting005/fold2_multiseed_batch_v1/analysis_v1/interval_quality.csv
 create mode 100644 smart_building_conformal/outputs/matched_forecasting005/fold2_multiseed_batch_v1/analysis_v1/measured_timing_references.csv
 create mode 100644 smart_building_conformal/outputs/matched_forecasting005/fold2_multiseed_batch_v1/analysis_v1/model_costs.csv
 create mode 100644 smart_building_conformal/outputs/matched_forecasting005/fold2_multiseed_batch_v1/analysis_v1/new_only_comparison.csv
 create mode 100644 smart_building_conformal/outputs/matched_forecasting005/fold2_multiseed_batch_v1/analysis_v1/paired_model_contrasts.csv
 create mode 100644 smart_building_conformal/outputs/matched_forecasting005/fold2_multiseed_batch_v1/analysis_v1/panel2_horizon_summary.csv
 create mode 100644 smart_building_conformal/outputs/matched_forecasting005/fold2_multiseed_batch_v1/analysis_v1/remaining_queue_updated.csv
 create mode 100644 smart_building_conformal/outputs/matched_forecasting005/fold2_multiseed_batch_v1/analysis_v1/rico_phase_metrics.csv
 create mode 100644 smart_building_conformal/outputs/matched_forecasting005/fold2_multiseed_batch_v1/analysis_v1/run_costs.csv
 create mode 100644 smart_building_conformal/outputs/matched_forecasting005/fold2_multiseed_batch_v1/analysis_v1/seed_block_costs.csv
 create mode 100644 smart_building_conformal/outputs/matched_forecasting005/fold2_multiseed_batch_v1/analysis_v1/target_diagnostics.csv
 create mode 100644 smart_building_conformal/outputs/matched_forecasting005/fold2_multiseed_batch_v1/analysis_v1/training_seed_summary.csv
 create mode 100644 smart_building_conformal/outputs/matched_forecasting005/fold2_multiseed_batch_v1/analysis_v1/verification_summary.csv
 create mode 100644 smart_building_conformal/outputs/matched_forecasting005/fold2_multiseed_batch_v1/attempts/2026-09-14T020140981117+0000_49cb17d2/attempt.json
 create mode 100644 smart_building_conformal/outputs/matched_forecasting005/fold2_multiseed_batch_v1/attempts/2026-09-14T020140981117+0000_49cb17d2/command.log
 create mode 100644 smart_building_conformal/outputs/matched_forecasting005/fold2_multiseed_batch_v1/attempts/2026-09-14T020140981117+0000_49cb17d2/command.log.json
 create mode 100644 smart_building_conformal/outputs/matched_forecasting005/fold2_multiseed_batch_v1/attempts/2026-09-14T020140981117+0000_49cb17d2/command.log.started.json
 create mode 100644 smart_building_conformal/outputs/matched_forecasting005/fold2_multiseed_batch_v1/attempts/2026-09-14T020140981117+0000_49cb17d2/logger.stdout.log
 create mode 100644 smart_building_conformal/outputs/matched_forecasting005/fold2_multiseed_batch_v1/attempts/2026-09-14T020505956284+0000_4d176646/attempt.json
 create mode 100644 smart_building_conformal/outputs/matched_forecasting005/fold2_multiseed_batch_v1/attempts/2026-09-14T020505956284+0000_4d176646/command.log
 create mode 100644 smart_building_conformal/outputs/matched_forecasting005/fold2_multiseed_batch_v1/attempts/2026-09-14T020505956284+0000_4d176646/command.log.json
 create mode 100644 smart_building_conformal/outputs/matched_forecasting005/fold2_multiseed_batch_v1/attempts/2026-09-14T020505956284+0000_4d176646/command.log.started.json
 create mode 100644 smart_building_conformal/outputs/matched_forecasting005/fold2_multiseed_batch_v1/attempts/2026-09-14T020505956284+0000_4d176646/logger.stdout.log
 create mode 100644 smart_building_conformal/outputs/matched_forecasting005/fold2_multiseed_batch_v1/attempts/2026-09-14T020659730425+0000_cbddf5da/attempt.json
 create mode 100644 smart_building_conformal/outputs/matched_forecasting005/fold2_multiseed_batch_v1/attempts/2026-09-14T020659730425+0000_cbddf5da/command.log
 create mode 100644 smart_building_conformal/outputs/matched_forecasting005/fold2_multiseed_batch_v1/attempts/2026-09-14T020659730425+0000_cbddf5da/command.log.json
 create mode 100644 smart_building_conformal/outputs/matched_forecasting005/fold2_multiseed_batch_v1/attempts/2026-09-14T020659730425+0000_cbddf5da/command.log.started.json
 create mode 100644 smart_building_conformal/outputs/matched_forecasting005/fold2_multiseed_batch_v1/attempts/2026-09-14T020659730425+0000_cbddf5da/logger.stdout.log
 create mode 100644 smart_building_conformal/outputs/matched_forecasting005/fold2_multiseed_batch_v1/attempts/2026-09-14T020712019286+0000_e12f9c8b/attempt.json
 create mode 100644 smart_building_conformal/outputs/matched_forecasting005/fold2_multiseed_batch_v1/attempts/2026-09-14T020712019286+0000_e12f9c8b/command.log
 create mode 100644 smart_building_conformal/outputs/matched_forecasting005/fold2_multiseed_batch_v1/attempts/2026-09-14T020712019286+0000_e12f9c8b/command.log.json
 create mode 100644 smart_building_conformal/outputs/matched_forecasting005/fold2_multiseed_batch_v1/attempts/2026-09-14T020712019286+0000_e12f9c8b/command.log.started.json
 create mode 100644 smart_building_conformal/outputs/matched_forecasting005/fold2_multiseed_batch_v1/attempts/2026-09-14T020712019286+0000_e12f9c8b/logger.stdout.log
 create mode 100644 smart_building_conformal/outputs/matched_forecasting005/fold2_multiseed_batch_v1/attempts/2026-09-14T020722283719+0000_899bffc6/attempt.json
 create mode 100644 smart_building_conformal/outputs/matched_forecasting005/fold2_multiseed_batch_v1/attempts/2026-09-14T020722283719+0000_899bffc6/command.log
 create mode 100644 smart_building_conformal/outputs/matched_forecasting005/fold2_multiseed_batch_v1/attempts/2026-09-14T020722283719+0000_899bffc6/command.log.json
 create mode 100644 smart_building_conformal/outputs/matched_forecasting005/fold2_multiseed_batch_v1/attempts/2026-09-14T020722283719+0000_899bffc6/command.log.started.json
 create mode 100644 smart_building_conformal/outputs/matched_forecasting005/fold2_multiseed_batch_v1/attempts/2026-09-14T020722283719+0000_899bffc6/groups/actual_seed_metadata.csv
 create mode 100644 smart_building_conformal/outputs/matched_forecasting005/fold2_multiseed_batch_v1/attempts/2026-09-14T020722283719+0000_899bffc6/groups/comparison.csv
 create mode 100644 smart_building_conformal/outputs/matched_forecasting005/fold2_multiseed_batch_v1/attempts/2026-09-14T020722283719+0000_899bffc6/groups/equal_group_diagnostics.csv
 create mode 100644 smart_building_conformal/outputs/matched_forecasting005/fold2_multiseed_batch_v1/attempts/2026-09-14T020722283719+0000_899bffc6/groups/group_metrics.csv
 create mode 100644 smart_building_conformal/outputs/matched_forecasting005/fold2_multiseed_batch_v1/attempts/2026-09-14T020722283719+0000_899bffc6/groups/model_costs.csv
 create mode 100644 smart_building_conformal/outputs/matched_forecasting005/fold2_multiseed_batch_v1/attempts/2026-09-14T020722283719+0000_899bffc6/groups/rico_phase_metrics.csv
 create mode 100644 smart_building_conformal/outputs/matched_forecasting005/fold2_multiseed_batch_v1/attempts/2026-09-14T020722283719+0000_899bffc6/groups/target_diagnostics.csv
 create mode 100644 smart_building_conformal/outputs/matched_forecasting005/fold2_multiseed_batch_v1/attempts/2026-09-14T020722283719+0000_899bffc6/groups/validation.json
 create mode 100644 smart_building_conformal/outputs/matched_forecasting005/fold2_multiseed_batch_v1/attempts/2026-09-14T020722283719+0000_899bffc6/logger.stdout.log
 create mode 100644 smart_building_conformal/outputs/matched_forecasting005/fold2_multiseed_batch_v1/attempts/2026-09-14T020729292629+0000_4049bed5/attempt.json
 create mode 100644 smart_building_conformal/outputs/matched_forecasting005/fold2_multiseed_batch_v1/attempts/2026-09-14T020729292629+0000_4049bed5/command.log
 create mode 100644 smart_building_conformal/outputs/matched_forecasting005/fold2_multiseed_batch_v1/attempts/2026-09-14T020729292629+0000_4049bed5/command.log.json
 create mode 100644 smart_building_conformal/outputs/matched_forecasting005/fold2_multiseed_batch_v1/attempts/2026-09-14T020729292629+0000_4049bed5/command.log.started.json
 create mode 100644 smart_building_conformal/outputs/matched_forecasting005/fold2_multiseed_batch_v1/attempts/2026-09-14T020729292629+0000_4049bed5/logger.stdout.log
 create mode 100644 smart_building_conformal/outputs/matched_forecasting005/fold2_multiseed_batch_v1/attempts/2026-09-14T020902783089+0000_49ecbb21/attempt.json
 create mode 100644 smart_building_conformal/outputs/matched_forecasting005/fold2_multiseed_batch_v1/attempts/2026-09-14T020902783089+0000_49ecbb21/command.log
 create mode 100644 smart_building_conformal/outputs/matched_forecasting005/fold2_multiseed_batch_v1/attempts/2026-09-14T020902783089+0000_49ecbb21/command.log.json
 create mode 100644 smart_building_conformal/outputs/matched_forecasting005/fold2_multiseed_batch_v1/attempts/2026-09-14T020902783089+0000_49ecbb21/command.log.started.json
 create mode 100644 smart_building_conformal/outputs/matched_forecasting005/fold2_multiseed_batch_v1/attempts/2026-09-14T020902783089+0000_49ecbb21/logger.stdout.log
 create mode 100644 smart_building_conformal/outputs/matched_forecasting005/fold2_multiseed_batch_v1/attempts/2026-09-14T020915089613+0000_3c984de8/attempt.json
 create mode 100644 smart_building_conformal/outputs/matched_forecasting005/fold2_multiseed_batch_v1/attempts/2026-09-14T020915089613+0000_3c984de8/command.log
 create mode 100644 smart_building_conformal/outputs/matched_forecasting005/fold2_multiseed_batch_v1/attempts/2026-09-14T020915089613+0000_3c984de8/command.log.json
 create mode 100644 smart_building_conformal/outputs/matched_forecasting005/fold2_multiseed_batch_v1/attempts/2026-09-14T020915089613+0000_3c984de8/command.log.started.json
 create mode 100644 smart_building_conformal/outputs/matched_forecasting005/fold2_multiseed_batch_v1/attempts/2026-09-14T020915089613+0000_3c984de8/logger.stdout.log
 create mode 100644 smart_building_conformal/outputs/matched_forecasting005/fold2_multiseed_batch_v1/attempts/2026-09-14T020925357725+0000_a6a05adf/attempt.json
 create mode 100644 smart_building_conformal/outputs/matched_forecasting005/fold2_multiseed_batch_v1/attempts/2026-09-14T020925357725+0000_a6a05adf/command.log
 create mode 100644 smart_building_conformal/outputs/matched_forecasting005/fold2_multiseed_batch_v1/attempts/2026-09-14T020925357725+0000_a6a05adf/command.log.json
 create mode 100644 smart_building_conformal/outputs/matched_forecasting005/fold2_multiseed_batch_v1/attempts/2026-09-14T020925357725+0000_a6a05adf/command.log.started.json
 create mode 100644 smart_building_conformal/outputs/matched_forecasting005/fold2_multiseed_batch_v1/attempts/2026-09-14T020925357725+0000_a6a05adf/groups/actual_seed_metadata.csv
 create mode 100644 smart_building_conformal/outputs/matched_forecasting005/fold2_multiseed_batch_v1/attempts/2026-09-14T020925357725+0000_a6a05adf/groups/comparison.csv
 create mode 100644 smart_building_conformal/outputs/matched_forecasting005/fold2_multiseed_batch_v1/attempts/2026-09-14T020925357725+0000_a6a05adf/groups/equal_group_diagnostics.csv
 create mode 100644 smart_building_conformal/outputs/matched_forecasting005/fold2_multiseed_batch_v1/attempts/2026-09-14T020925357725+0000_a6a05adf/groups/group_metrics.csv
 create mode 100644 smart_building_conformal/outputs/matched_forecasting005/fold2_multiseed_batch_v1/attempts/2026-09-14T020925357725+0000_a6a05adf/groups/model_costs.csv
 create mode 100644 smart_building_conformal/outputs/matched_forecasting005/fold2_multiseed_batch_v1/attempts/2026-09-14T020925357725+0000_a6a05adf/groups/rico_phase_metrics.csv
 create mode 100644 smart_building_conformal/outputs/matched_forecasting005/fold2_multiseed_batch_v1/attempts/2026-09-14T020925357725+0000_a6a05adf/groups/target_diagnostics.csv
 create mode 100644 smart_building_conformal/outputs/matched_forecasting005/fold2_multiseed_batch_v1/attempts/2026-09-14T020925357725+0000_a6a05adf/groups/validation.json
 create mode 100644 smart_building_conformal/outputs/matched_forecasting005/fold2_multiseed_batch_v1/attempts/2026-09-14T020925357725+0000_a6a05adf/logger.stdout.log
 create mode 100644 smart_building_conformal/outputs/matched_forecasting005/fold2_multiseed_batch_v1/attempts/2026-09-14T020932283558+0000_e664bfbc/attempt.json
 create mode 100644 smart_building_conformal/outputs/matched_forecasting005/fold2_multiseed_batch_v1/attempts/2026-09-14T020932283558+0000_e664bfbc/command.log
 create mode 100644 smart_building_conformal/outputs/matched_forecasting005/fold2_multiseed_batch_v1/attempts/2026-09-14T020932283558+0000_e664bfbc/command.log.json
 create mode 100644 smart_building_conformal/outputs/matched_forecasting005/fold2_multiseed_batch_v1/attempts/2026-09-14T020932283558+0000_e664bfbc/command.log.started.json
 create mode 100644 smart_building_conformal/outputs/matched_forecasting005/fold2_multiseed_batch_v1/attempts/2026-09-14T020932283558+0000_e664bfbc/logger.stdout.log
 create mode 100644 smart_building_conformal/outputs/matched_forecasting005/fold2_multiseed_batch_v1/attempts/2026-09-14T021047474285+0000_9dbadb0c/attempt.json
 create mode 100644 smart_building_conformal/outputs/matched_forecasting005/fold2_multiseed_batch_v1/attempts/2026-09-14T021047474285+0000_9dbadb0c/command.log
 create mode 100644 smart_building_conformal/outputs/matched_forecasting005/fold2_multiseed_batch_v1/attempts/2026-09-14T021047474285+0000_9dbadb0c/command.log.json
 create mode 100644 smart_building_conformal/outputs/matched_forecasting005/fold2_multiseed_batch_v1/attempts/2026-09-14T021047474285+0000_9dbadb0c/command.log.started.json
 create mode 100644 smart_building_conformal/outputs/matched_forecasting005/fold2_multiseed_batch_v1/attempts/2026-09-14T021047474285+0000_9dbadb0c/logger.stdout.log
 create mode 100644 smart_building_conformal/outputs/matched_forecasting005/fold2_multiseed_batch_v1/attempts/2026-09-14T021059769665+0000_db423bd7/attempt.json
 create mode 100644 smart_building_conformal/outputs/matched_forecasting005/fold2_multiseed_batch_v1/attempts/2026-09-14T021059769665+0000_db423bd7/command.log
 create mode 100644 smart_building_conformal/outputs/matched_forecasting005/fold2_multiseed_batch_v1/attempts/2026-09-14T021059769665+0000_db423bd7/command.log.json
 create mode 100644 smart_building_conformal/outputs/matched_forecasting005/fold2_multiseed_batch_v1/attempts/2026-09-14T021059769665+0000_db423bd7/command.log.started.json
 create mode 100644 smart_building_conformal/outputs/matched_forecasting005/fold2_multiseed_batch_v1/attempts/2026-09-14T021059769665+0000_db423bd7/logger.stdout.log
 create mode 100644 smart_building_conformal/outputs/matched_forecasting005/fold2_multiseed_batch_v1/attempts/2026-09-14T021110027767+0000_7a6e033e/attempt.json
 create mode 100644 smart_building_conformal/outputs/matched_forecasting005/fold2_multiseed_batch_v1/attempts/2026-09-14T021110027767+0000_7a6e033e/command.log
 create mode 100644 smart_building_conformal/outputs/matched_forecasting005/fold2_multiseed_batch_v1/attempts/2026-09-14T021110027767+0000_7a6e033e/command.log.json
 create mode 100644 smart_building_conformal/outputs/matched_forecasting005/fold2_multiseed_batch_v1/attempts/2026-09-14T021110027767+0000_7a6e033e/command.log.started.json
 create mode 100644 smart_building_conformal/outputs/matched_forecasting005/fold2_multiseed_batch_v1/attempts/2026-09-14T021110027767+0000_7a6e033e/groups/actual_seed_metadata.csv
 create mode 100644 smart_building_conformal/outputs/matched_forecasting005/fold2_multiseed_batch_v1/attempts/2026-09-14T021110027767+0000_7a6e033e/groups/comparison.csv
 create mode 100644 smart_building_conformal/outputs/matched_forecasting005/fold2_multiseed_batch_v1/attempts/2026-09-14T021110027767+0000_7a6e033e/groups/equal_group_diagnostics.csv
 create mode 100644 smart_building_conformal/outputs/matched_forecasting005/fold2_multiseed_batch_v1/attempts/2026-09-14T021110027767+0000_7a6e033e/groups/group_metrics.csv
 create mode 100644 smart_building_conformal/outputs/matched_forecasting005/fold2_multiseed_batch_v1/attempts/2026-09-14T021110027767+0000_7a6e033e/groups/model_costs.csv
 create mode 100644 smart_building_conformal/outputs/matched_forecasting005/fold2_multiseed_batch_v1/attempts/2026-09-14T021110027767+0000_7a6e033e/groups/rico_phase_metrics.csv
 create mode 100644 smart_building_conformal/outputs/matched_forecasting005/fold2_multiseed_batch_v1/attempts/2026-09-14T021110027767+0000_7a6e033e/groups/target_diagnostics.csv
 create mode 100644 smart_building_conformal/outputs/matched_forecasting005/fold2_multiseed_batch_v1/attempts/2026-09-14T021110027767+0000_7a6e033e/groups/validation.json
 create mode 100644 smart_building_conformal/outputs/matched_forecasting005/fold2_multiseed_batch_v1/attempts/2026-09-14T021110027767+0000_7a6e033e/logger.stdout.log
 create mode 100644 smart_building_conformal/outputs/matched_forecasting005/fold2_multiseed_batch_v1/attempts/2026-09-14T021116938169+0000_25b63c5e/attempt.json
 create mode 100644 smart_building_conformal/outputs/matched_forecasting005/fold2_multiseed_batch_v1/attempts/2026-09-14T021116938169+0000_25b63c5e/command.log
 create mode 100644 smart_building_conformal/outputs/matched_forecasting005/fold2_multiseed_batch_v1/attempts/2026-09-14T021116938169+0000_25b63c5e/command.log.json
 create mode 100644 smart_building_conformal/outputs/matched_forecasting005/fold2_multiseed_batch_v1/attempts/2026-09-14T021116938169+0000_25b63c5e/command.log.started.json
 create mode 100644 smart_building_conformal/outputs/matched_forecasting005/fold2_multiseed_batch_v1/attempts/2026-09-14T021116938169+0000_25b63c5e/logger.stdout.log
 create mode 100644 smart_building_conformal/outputs/matched_forecasting005/fold2_multiseed_batch_v1/attempts/2026-09-14T021324864768+0000_8b0965b5/attempt.json
 create mode 100644 smart_building_conformal/outputs/matched_forecasting005/fold2_multiseed_batch_v1/attempts/2026-09-14T021324864768+0000_8b0965b5/command.log
 create mode 100644 smart_building_conformal/outputs/matched_forecasting005/fold2_multiseed_batch_v1/attempts/2026-09-14T021324864768+0000_8b0965b5/command.log.json
 create mode 100644 smart_building_conformal/outputs/matched_forecasting005/fold2_multiseed_batch_v1/attempts/2026-09-14T021324864768+0000_8b0965b5/command.log.started.json
 create mode 100644 smart_building_conformal/outputs/matched_forecasting005/fold2_multiseed_batch_v1/attempts/2026-09-14T021324864768+0000_8b0965b5/logger.stdout.log
 create mode 100644 smart_building_conformal/outputs/matched_forecasting005/fold2_multiseed_batch_v1/attempts/2026-09-14T021349312458+0000_2644f31a/attempt.json
 create mode 100644 smart_building_conformal/outputs/matched_forecasting005/fold2_multiseed_batch_v1/attempts/2026-09-14T021349312458+0000_2644f31a/command.log
 create mode 100644 smart_building_conformal/outputs/matched_forecasting005/fold2_multiseed_batch_v1/attempts/2026-09-14T021349312458+0000_2644f31a/command.log.json
 create mode 100644 smart_building_conformal/outputs/matched_forecasting005/fold2_multiseed_batch_v1/attempts/2026-09-14T021349312458+0000_2644f31a/command.log.started.json
 create mode 100644 smart_building_conformal/outputs/matched_forecasting005/fold2_multiseed_batch_v1/attempts/2026-09-14T021349312458+0000_2644f31a/logger.stdout.log
 create mode 100644 smart_building_conformal/outputs/matched_forecasting005/fold2_multiseed_batch_v1/attempts/2026-09-14T021413780320+0000_60f5e087/attempt.json
 create mode 100644 smart_building_conformal/outputs/matched_forecasting005/fold2_multiseed_batch_v1/attempts/2026-09-14T021413780320+0000_60f5e087/command.log
 create mode 100644 smart_building_conformal/outputs/matched_forecasting005/fold2_multiseed_batch_v1/attempts/2026-09-14T021413780320+0000_60f5e087/command.log.json
 create mode 100644 smart_building_conformal/outputs/matched_forecasting005/fold2_multiseed_batch_v1/attempts/2026-09-14T021413780320+0000_60f5e087/command.log.started.json
 create mode 100644 smart_building_conformal/outputs/matched_forecasting005/fold2_multiseed_batch_v1/attempts/2026-09-14T021413780320+0000_60f5e087/groups/actual_seed_metadata.csv
 create mode 100644 smart_building_conformal/outputs/matched_forecasting005/fold2_multiseed_batch_v1/attempts/2026-09-14T021413780320+0000_60f5e087/groups/comparison.csv
 create mode 100644 smart_building_conformal/outputs/matched_forecasting005/fold2_multiseed_batch_v1/attempts/2026-09-14T021413780320+0000_60f5e087/groups/equal_group_diagnostics.csv
 create mode 100644 smart_building_conformal/outputs/matched_forecasting005/fold2_multiseed_batch_v1/attempts/2026-09-14T021413780320+0000_60f5e087/groups/group_metrics.csv
 create mode 100644 smart_building_conformal/outputs/matched_forecasting005/fold2_multiseed_batch_v1/attempts/2026-09-14T021413780320+0000_60f5e087/groups/model_costs.csv
 create mode 100644 smart_building_conformal/outputs/matched_forecasting005/fold2_multiseed_batch_v1/attempts/2026-09-14T021413780320+0000_60f5e087/groups/rico_phase_metrics.csv
 create mode 100644 smart_building_conformal/outputs/matched_forecasting005/fold2_multiseed_batch_v1/attempts/2026-09-14T021413780320+0000_60f5e087/groups/target_diagnostics.csv
 create mode 100644 smart_building_conformal/outputs/matched_forecasting005/fold2_multiseed_batch_v1/attempts/2026-09-14T021413780320+0000_60f5e087/groups/validation.json
 create mode 100644 smart_building_conformal/outputs/matched_forecasting005/fold2_multiseed_batch_v1/attempts/2026-09-14T021413780320+0000_60f5e087/logger.stdout.log
 create mode 100644 smart_building_conformal/outputs/matched_forecasting005/fold2_multiseed_batch_v1/attempts/2026-09-14T021420901345+0000_eb088196/attempt.json
 create mode 100644 smart_building_conformal/outputs/matched_forecasting005/fold2_multiseed_batch_v1/attempts/2026-09-14T021420901345+0000_eb088196/command.log
 create mode 100644 smart_building_conformal/outputs/matched_forecasting005/fold2_multiseed_batch_v1/attempts/2026-09-14T021420901345+0000_eb088196/command.log.json
 create mode 100644 smart_building_conformal/outputs/matched_forecasting005/fold2_multiseed_batch_v1/attempts/2026-09-14T021420901345+0000_eb088196/command.log.started.json
 create mode 100644 smart_building_conformal/outputs/matched_forecasting005/fold2_multiseed_batch_v1/attempts/2026-09-14T021420901345+0000_eb088196/logger.stdout.log
 create mode 100644 smart_building_conformal/outputs/matched_forecasting005/fold2_multiseed_batch_v1/attempts/2026-09-14T021641122429+0000_d89820a7/attempt.json
 create mode 100644 smart_building_conformal/outputs/matched_forecasting005/fold2_multiseed_batch_v1/attempts/2026-09-14T021641122429+0000_d89820a7/command.log
 create mode 100644 smart_building_conformal/outputs/matched_forecasting005/fold2_multiseed_batch_v1/attempts/2026-09-14T021641122429+0000_d89820a7/command.log.json
 create mode 100644 smart_building_conformal/outputs/matched_forecasting005/fold2_multiseed_batch_v1/attempts/2026-09-14T021641122429+0000_d89820a7/command.log.started.json
 create mode 100644 smart_building_conformal/outputs/matched_forecasting005/fold2_multiseed_batch_v1/attempts/2026-09-14T021641122429+0000_d89820a7/logger.stdout.log
 create mode 100644 smart_building_conformal/outputs/matched_forecasting005/fold2_multiseed_batch_v1/attempts/2026-09-14T021707644075+0000_86102dcf/attempt.json
 create mode 100644 smart_building_conformal/outputs/matched_forecasting005/fold2_multiseed_batch_v1/attempts/2026-09-14T021707644075+0000_86102dcf/command.log
 create mode 100644 smart_building_conformal/outputs/matched_forecasting005/fold2_multiseed_batch_v1/attempts/2026-09-14T021707644075+0000_86102dcf/command.log.json
 create mode 100644 smart_building_conformal/outputs/matched_forecasting005/fold2_multiseed_batch_v1/attempts/2026-09-14T021707644075+0000_86102dcf/command.log.started.json
 create mode 100644 smart_building_conformal/outputs/matched_forecasting005/fold2_multiseed_batch_v1/attempts/2026-09-14T021707644075+0000_86102dcf/logger.stdout.log
 create mode 100644 smart_building_conformal/outputs/matched_forecasting005/fold2_multiseed_batch_v1/attempts/2026-09-14T021732146270+0000_e34aa7ac/attempt.json
 create mode 100644 smart_building_conformal/outputs/matched_forecasting005/fold2_multiseed_batch_v1/attempts/2026-09-14T021732146270+0000_e34aa7ac/command.log
 create mode 100644 smart_building_conformal/outputs/matched_forecasting005/fold2_multiseed_batch_v1/attempts/2026-09-14T021732146270+0000_e34aa7ac/command.log.json
 create mode 100644 smart_building_conformal/outputs/matched_forecasting005/fold2_multiseed_batch_v1/attempts/2026-09-14T021732146270+0000_e34aa7ac/command.log.started.json
 create mode 100644 smart_building_conformal/outputs/matched_forecasting005/fold2_multiseed_batch_v1/attempts/2026-09-14T021732146270+0000_e34aa7ac/groups/actual_seed_metadata.csv
 create mode 100644 smart_building_conformal/outputs/matched_forecasting005/fold2_multiseed_batch_v1/attempts/2026-09-14T021732146270+0000_e34aa7ac/groups/comparison.csv
 create mode 100644 smart_building_conformal/outputs/matched_forecasting005/fold2_multiseed_batch_v1/attempts/2026-09-14T021732146270+0000_e34aa7ac/groups/equal_group_diagnostics.csv
 create mode 100644 smart_building_conformal/outputs/matched_forecasting005/fold2_multiseed_batch_v1/attempts/2026-09-14T021732146270+0000_e34aa7ac/groups/group_metrics.csv
 create mode 100644 smart_building_conformal/outputs/matched_forecasting005/fold2_multiseed_batch_v1/attempts/2026-09-14T021732146270+0000_e34aa7ac/groups/model_costs.csv
 create mode 100644 smart_building_conformal/outputs/matched_forecasting005/fold2_multiseed_batch_v1/attempts/2026-09-14T021732146270+0000_e34aa7ac/groups/rico_phase_metrics.csv
 create mode 100644 smart_building_conformal/outputs/matched_forecasting005/fold2_multiseed_batch_v1/attempts/2026-09-14T021732146270+0000_e34aa7ac/groups/target_diagnostics.csv
 create mode 100644 smart_building_conformal/outputs/matched_forecasting005/fold2_multiseed_batch_v1/attempts/2026-09-14T021732146270+0000_e34aa7ac/groups/validation.json
 create mode 100644 smart_building_conformal/outputs/matched_forecasting005/fold2_multiseed_batch_v1/attempts/2026-09-14T021732146270+0000_e34aa7ac/logger.stdout.log
 create mode 100644 smart_building_conformal/outputs/matched_forecasting005/fold2_multiseed_batch_v1/attempts/2026-09-14T021739324823+0000_fc17ae5f/attempt.json
 create mode 100644 smart_building_conformal/outputs/matched_forecasting005/fold2_multiseed_batch_v1/attempts/2026-09-14T021739324823+0000_fc17ae5f/command.log
 create mode 100644 smart_building_conformal/outputs/matched_forecasting005/fold2_multiseed_batch_v1/attempts/2026-09-14T021739324823+0000_fc17ae5f/command.log.json
 create mode 100644 smart_building_conformal/outputs/matched_forecasting005/fold2_multiseed_batch_v1/attempts/2026-09-14T021739324823+0000_fc17ae5f/command.log.started.json
 create mode 100644 smart_building_conformal/outputs/matched_forecasting005/fold2_multiseed_batch_v1/attempts/2026-09-14T021739324823+0000_fc17ae5f/logger.stdout.log
 create mode 100644 smart_building_conformal/outputs/matched_forecasting005/fold2_multiseed_batch_v1/attempts/2026-09-14T021908824328+0000_b5f6a855/attempt.json
 create mode 100644 smart_building_conformal/outputs/matched_forecasting005/fold2_multiseed_batch_v1/attempts/2026-09-14T021908824328+0000_b5f6a855/command.log
 create mode 100644 smart_building_conformal/outputs/matched_forecasting005/fold2_multiseed_batch_v1/attempts/2026-09-14T021908824328+0000_b5f6a855/command.log.json
 create mode 100644 smart_building_conformal/outputs/matched_forecasting005/fold2_multiseed_batch_v1/attempts/2026-09-14T021908824328+0000_b5f6a855/command.log.started.json
 create mode 100644 smart_building_conformal/outputs/matched_forecasting005/fold2_multiseed_batch_v1/attempts/2026-09-14T021908824328+0000_b5f6a855/logger.stdout.log
 create mode 100644 smart_building_conformal/outputs/matched_forecasting005/fold2_multiseed_batch_v1/attempts/2026-09-14T021933332711+0000_d199e4aa/attempt.json
 create mode 100644 smart_building_conformal/outputs/matched_forecasting005/fold2_multiseed_batch_v1/attempts/2026-09-14T021933332711+0000_d199e4aa/command.log
 create mode 100644 smart_building_conformal/outputs/matched_forecasting005/fold2_multiseed_batch_v1/attempts/2026-09-14T021933332711+0000_d199e4aa/command.log.json
 create mode 100644 smart_building_conformal/outputs/matched_forecasting005/fold2_multiseed_batch_v1/attempts/2026-09-14T021933332711+0000_d199e4aa/command.log.started.json
 create mode 100644 smart_building_conformal/outputs/matched_forecasting005/fold2_multiseed_batch_v1/attempts/2026-09-14T021933332711+0000_d199e4aa/logger.stdout.log
 create mode 100644 smart_building_conformal/outputs/matched_forecasting005/fold2_multiseed_batch_v1/attempts/2026-09-14T021957876013+0000_ad4b41ec/attempt.json
 create mode 100644 smart_building_conformal/outputs/matched_forecasting005/fold2_multiseed_batch_v1/attempts/2026-09-14T021957876013+0000_ad4b41ec/command.log
 create mode 100644 smart_building_conformal/outputs/matched_forecasting005/fold2_multiseed_batch_v1/attempts/2026-09-14T021957876013+0000_ad4b41ec/command.log.json
 create mode 100644 smart_building_conformal/outputs/matched_forecasting005/fold2_multiseed_batch_v1/attempts/2026-09-14T021957876013+0000_ad4b41ec/command.log.started.json
 create mode 100644 smart_building_conformal/outputs/matched_forecasting005/fold2_multiseed_batch_v1/attempts/2026-09-14T021957876013+0000_ad4b41ec/groups/actual_seed_metadata.csv
 create mode 100644 smart_building_conformal/outputs/matched_forecasting005/fold2_multiseed_batch_v1/attempts/2026-09-14T021957876013+0000_ad4b41ec/groups/comparison.csv
 create mode 100644 smart_building_conformal/outputs/matched_forecasting005/fold2_multiseed_batch_v1/attempts/2026-09-14T021957876013+0000_ad4b41ec/groups/equal_group_diagnostics.csv
 create mode 100644 smart_building_conformal/outputs/matched_forecasting005/fold2_multiseed_batch_v1/attempts/2026-09-14T021957876013+0000_ad4b41ec/groups/group_metrics.csv
 create mode 100644 smart_building_conformal/outputs/matched_forecasting005/fold2_multiseed_batch_v1/attempts/2026-09-14T021957876013+0000_ad4b41ec/groups/model_costs.csv
 create mode 100644 smart_building_conformal/outputs/matched_forecasting005/fold2_multiseed_batch_v1/attempts/2026-09-14T021957876013+0000_ad4b41ec/groups/rico_phase_metrics.csv
 create mode 100644 smart_building_conformal/outputs/matched_forecasting005/fold2_multiseed_batch_v1/attempts/2026-09-14T021957876013+0000_ad4b41ec/groups/target_diagnostics.csv
 create mode 100644 smart_building_conformal/outputs/matched_forecasting005/fold2_multiseed_batch_v1/attempts/2026-09-14T021957876013+0000_ad4b41ec/groups/validation.json
 create mode 100644 smart_building_conformal/outputs/matched_forecasting005/fold2_multiseed_batch_v1/attempts/2026-09-14T021957876013+0000_ad4b41ec/logger.stdout.log
 create mode 100644 smart_building_conformal/outputs/matched_forecasting005/fold2_multiseed_batch_v1/attempts/2026-09-14T022004891655+0000_c0744dd5/attempt.json
 create mode 100644 smart_building_conformal/outputs/matched_forecasting005/fold2_multiseed_batch_v1/attempts/2026-09-14T022004891655+0000_c0744dd5/command.log
 create mode 100644 smart_building_conformal/outputs/matched_forecasting005/fold2_multiseed_batch_v1/attempts/2026-09-14T022004891655+0000_c0744dd5/command.log.json
 create mode 100644 smart_building_conformal/outputs/matched_forecasting005/fold2_multiseed_batch_v1/attempts/2026-09-14T022004891655+0000_c0744dd5/command.log.started.json
 create mode 100644 smart_building_conformal/outputs/matched_forecasting005/fold2_multiseed_batch_v1/attempts/2026-09-14T022004891655+0000_c0744dd5/logger.stdout.log
 create mode 100644 smart_building_conformal/outputs/matched_forecasting005/fold2_multiseed_batch_v1/attempts/2026-09-14T022112043743+0000_b7345b7e/attempt.json
 create mode 100644 smart_building_conformal/outputs/matched_forecasting005/fold2_multiseed_batch_v1/attempts/2026-09-14T022112043743+0000_b7345b7e/command.log
 create mode 100644 smart_building_conformal/outputs/matched_forecasting005/fold2_multiseed_batch_v1/attempts/2026-09-14T022112043743+0000_b7345b7e/command.log.json
 create mode 100644 smart_building_conformal/outputs/matched_forecasting005/fold2_multiseed_batch_v1/attempts/2026-09-14T022112043743+0000_b7345b7e/command.log.started.json
 create mode 100644 smart_building_conformal/outputs/matched_forecasting005/fold2_multiseed_batch_v1/attempts/2026-09-14T022112043743+0000_b7345b7e/logger.stdout.log
 create mode 100644 smart_building_conformal/outputs/matched_forecasting005/fold2_multiseed_batch_v1/attempts/2026-09-14T022136549335+0000_bce8f83b/attempt.json
 create mode 100644 smart_building_conformal/outputs/matched_forecasting005/fold2_multiseed_batch_v1/attempts/2026-09-14T022136549335+0000_bce8f83b/command.log
 create mode 100644 smart_building_conformal/outputs/matched_forecasting005/fold2_multiseed_batch_v1/attempts/2026-09-14T022136549335+0000_bce8f83b/command.log.json
 create mode 100644 smart_building_conformal/outputs/matched_forecasting005/fold2_multiseed_batch_v1/attempts/2026-09-14T022136549335+0000_bce8f83b/command.log.started.json
 create mode 100644 smart_building_conformal/outputs/matched_forecasting005/fold2_multiseed_batch_v1/attempts/2026-09-14T022136549335+0000_bce8f83b/logger.stdout.log
 create mode 100644 smart_building_conformal/outputs/matched_forecasting005/fold2_multiseed_batch_v1/attempts/2026-09-14T022159042758+0000_b72ebca5/attempt.json
 create mode 100644 smart_building_conformal/outputs/matched_forecasting005/fold2_multiseed_batch_v1/attempts/2026-09-14T022159042758+0000_b72ebca5/command.log
 create mode 100644 smart_building_conformal/outputs/matched_forecasting005/fold2_multiseed_batch_v1/attempts/2026-09-14T022159042758+0000_b72ebca5/command.log.json
 create mode 100644 smart_building_conformal/outputs/matched_forecasting005/fold2_multiseed_batch_v1/attempts/2026-09-14T022159042758+0000_b72ebca5/command.log.started.json
 create mode 100644 smart_building_conformal/outputs/matched_forecasting005/fold2_multiseed_batch_v1/attempts/2026-09-14T022159042758+0000_b72ebca5/groups/actual_seed_metadata.csv
 create mode 100644 smart_building_conformal/outputs/matched_forecasting005/fold2_multiseed_batch_v1/attempts/2026-09-14T022159042758+0000_b72ebca5/groups/comparison.csv
 create mode 100644 smart_building_conformal/outputs/matched_forecasting005/fold2_multiseed_batch_v1/attempts/2026-09-14T022159042758+0000_b72ebca5/groups/equal_group_diagnostics.csv
 create mode 100644 smart_building_conformal/outputs/matched_forecasting005/fold2_multiseed_batch_v1/attempts/2026-09-14T022159042758+0000_b72ebca5/groups/group_metrics.csv
 create mode 100644 smart_building_conformal/outputs/matched_forecasting005/fold2_multiseed_batch_v1/attempts/2026-09-14T022159042758+0000_b72ebca5/groups/model_costs.csv
 create mode 100644 smart_building_conformal/outputs/matched_forecasting005/fold2_multiseed_batch_v1/attempts/2026-09-14T022159042758+0000_b72ebca5/groups/rico_phase_metrics.csv
 create mode 100644 smart_building_conformal/outputs/matched_forecasting005/fold2_multiseed_batch_v1/attempts/2026-09-14T022159042758+0000_b72ebca5/groups/target_diagnostics.csv
 create mode 100644 smart_building_conformal/outputs/matched_forecasting005/fold2_multiseed_batch_v1/attempts/2026-09-14T022159042758+0000_b72ebca5/groups/validation.json
 create mode 100644 smart_building_conformal/outputs/matched_forecasting005/fold2_multiseed_batch_v1/attempts/2026-09-14T022159042758+0000_b72ebca5/logger.stdout.log
 create mode 100644 smart_building_conformal/outputs/matched_forecasting005/fold2_multiseed_batch_v1/attempts/2026-09-14T022206012969+0000_13537362/attempt.json
 create mode 100644 smart_building_conformal/outputs/matched_forecasting005/fold2_multiseed_batch_v1/attempts/2026-09-14T022206012969+0000_13537362/command.log
 create mode 100644 smart_building_conformal/outputs/matched_forecasting005/fold2_multiseed_batch_v1/attempts/2026-09-14T022206012969+0000_13537362/command.log.json
 create mode 100644 smart_building_conformal/outputs/matched_forecasting005/fold2_multiseed_batch_v1/attempts/2026-09-14T022206012969+0000_13537362/command.log.started.json
 create mode 100644 smart_building_conformal/outputs/matched_forecasting005/fold2_multiseed_batch_v1/attempts/2026-09-14T022206012969+0000_13537362/logger.stdout.log
 create mode 100644 smart_building_conformal/outputs/matched_forecasting005/fold2_multiseed_batch_v1/attempts/2026-09-14T023336893391+0000_18c5a011/attempt.json
 create mode 100644 smart_building_conformal/outputs/matched_forecasting005/fold2_multiseed_batch_v1/attempts/2026-09-14T023336893391+0000_18c5a011/command.log
 create mode 100644 smart_building_conformal/outputs/matched_forecasting005/fold2_multiseed_batch_v1/attempts/2026-09-14T023336893391+0000_18c5a011/command.log.json
 create mode 100644 smart_building_conformal/outputs/matched_forecasting005/fold2_multiseed_batch_v1/attempts/2026-09-14T023336893391+0000_18c5a011/command.log.started.json
 create mode 100644 smart_building_conformal/outputs/matched_forecasting005/fold2_multiseed_batch_v1/attempts/2026-09-14T023336893391+0000_18c5a011/logger.stdout.log
 create mode 100644 smart_building_conformal/outputs/matched_forecasting005/fold2_multiseed_batch_v1/attempts/2026-09-14T023405457712+0000_65ea83f5/attempt.json
 create mode 100644 smart_building_conformal/outputs/matched_forecasting005/fold2_multiseed_batch_v1/attempts/2026-09-14T023405457712+0000_65ea83f5/command.log
 create mode 100644 smart_building_conformal/outputs/matched_forecasting005/fold2_multiseed_batch_v1/attempts/2026-09-14T023405457712+0000_65ea83f5/command.log.json
 create mode 100644 smart_building_conformal/outputs/matched_forecasting005/fold2_multiseed_batch_v1/attempts/2026-09-14T023405457712+0000_65ea83f5/command.log.started.json
 create mode 100644 smart_building_conformal/outputs/matched_forecasting005/fold2_multiseed_batch_v1/attempts/2026-09-14T023405457712+0000_65ea83f5/logger.stdout.log
 create mode 100644 smart_building_conformal/outputs/matched_forecasting005/fold2_multiseed_batch_v1/attempts/2026-09-14T023427947161+0000_c2e62c2d/attempt.json
 create mode 100644 smart_building_conformal/outputs/matched_forecasting005/fold2_multiseed_batch_v1/attempts/2026-09-14T023427947161+0000_c2e62c2d/command.log
 create mode 100644 smart_building_conformal/outputs/matched_forecasting005/fold2_multiseed_batch_v1/attempts/2026-09-14T023427947161+0000_c2e62c2d/command.log.json
 create mode 100644 smart_building_conformal/outputs/matched_forecasting005/fold2_multiseed_batch_v1/attempts/2026-09-14T023427947161+0000_c2e62c2d/command.log.started.json
 create mode 100644 smart_building_conformal/outputs/matched_forecasting005/fold2_multiseed_batch_v1/attempts/2026-09-14T023427947161+0000_c2e62c2d/groups/actual_seed_metadata.csv
 create mode 100644 smart_building_conformal/outputs/matched_forecasting005/fold2_multiseed_batch_v1/attempts/2026-09-14T023427947161+0000_c2e62c2d/groups/comparison.csv
 create mode 100644 smart_building_conformal/outputs/matched_forecasting005/fold2_multiseed_batch_v1/attempts/2026-09-14T023427947161+0000_c2e62c2d/groups/equal_group_diagnostics.csv
 create mode 100644 smart_building_conformal/outputs/matched_forecasting005/fold2_multiseed_batch_v1/attempts/2026-09-14T023427947161+0000_c2e62c2d/groups/group_metrics.csv
 create mode 100644 smart_building_conformal/outputs/matched_forecasting005/fold2_multiseed_batch_v1/attempts/2026-09-14T023427947161+0000_c2e62c2d/groups/model_costs.csv
 create mode 100644 smart_building_conformal/outputs/matched_forecasting005/fold2_multiseed_batch_v1/attempts/2026-09-14T023427947161+0000_c2e62c2d/groups/rico_phase_metrics.csv
 create mode 100644 smart_building_conformal/outputs/matched_forecasting005/fold2_multiseed_batch_v1/attempts/2026-09-14T023427947161+0000_c2e62c2d/groups/target_diagnostics.csv
 create mode 100644 smart_building_conformal/outputs/matched_forecasting005/fold2_multiseed_batch_v1/attempts/2026-09-14T023427947161+0000_c2e62c2d/groups/validation.json
 create mode 100644 smart_building_conformal/outputs/matched_forecasting005/fold2_multiseed_batch_v1/attempts/2026-09-14T023427947161+0000_c2e62c2d/logger.stdout.log
 create mode 100644 smart_building_conformal/outputs/matched_forecasting005/fold2_multiseed_batch_v1/attempts/2026-09-14T023437024283+0000_ea325355/attempt.json
 create mode 100644 smart_building_conformal/outputs/matched_forecasting005/fold2_multiseed_batch_v1/attempts/2026-09-14T023437024283+0000_ea325355/command.log
 create mode 100644 smart_building_conformal/outputs/matched_forecasting005/fold2_multiseed_batch_v1/attempts/2026-09-14T023437024283+0000_ea325355/command.log.json
 create mode 100644 smart_building_conformal/outputs/matched_forecasting005/fold2_multiseed_batch_v1/attempts/2026-09-14T023437024283+0000_ea325355/command.log.started.json
 create mode 100644 smart_building_conformal/outputs/matched_forecasting005/fold2_multiseed_batch_v1/attempts/2026-09-14T023437024283+0000_ea325355/logger.stdout.log
 create mode 100644 smart_building_conformal/outputs/matched_forecasting005/fold2_multiseed_batch_v1/attempts/2026-09-14T024632361020+0000_bd8efc87/attempt.json
 create mode 100644 smart_building_conformal/outputs/matched_forecasting005/fold2_multiseed_batch_v1/attempts/2026-09-14T024632361020+0000_bd8efc87/command.log
 create mode 100644 smart_building_conformal/outputs/matched_forecasting005/fold2_multiseed_batch_v1/attempts/2026-09-14T024632361020+0000_bd8efc87/command.log.json
 create mode 100644 smart_building_conformal/outputs/matched_forecasting005/fold2_multiseed_batch_v1/attempts/2026-09-14T024632361020+0000_bd8efc87/command.log.started.json
 create mode 100644 smart_building_conformal/outputs/matched_forecasting005/fold2_multiseed_batch_v1/attempts/2026-09-14T024632361020+0000_bd8efc87/logger.stdout.log
 create mode 100644 smart_building_conformal/outputs/matched_forecasting005/fold2_multiseed_batch_v1/attempts/2026-09-14T024700928063+0000_afa7ba83/attempt.json
 create mode 100644 smart_building_conformal/outputs/matched_forecasting005/fold2_multiseed_batch_v1/attempts/2026-09-14T024700928063+0000_afa7ba83/command.log
 create mode 100644 smart_building_conformal/outputs/matched_forecasting005/fold2_multiseed_batch_v1/attempts/2026-09-14T024700928063+0000_afa7ba83/command.log.json
 create mode 100644 smart_building_conformal/outputs/matched_forecasting005/fold2_multiseed_batch_v1/attempts/2026-09-14T024700928063+0000_afa7ba83/command.log.started.json
 create mode 100644 smart_building_conformal/outputs/matched_forecasting005/fold2_multiseed_batch_v1/attempts/2026-09-14T024700928063+0000_afa7ba83/logger.stdout.log
 create mode 100644 smart_building_conformal/outputs/matched_forecasting005/fold2_multiseed_batch_v1/attempts/2026-09-14T024723445059+0000_1da65c43/attempt.json
 create mode 100644 smart_building_conformal/outputs/matched_forecasting005/fold2_multiseed_batch_v1/attempts/2026-09-14T024723445059+0000_1da65c43/command.log
 create mode 100644 smart_building_conformal/outputs/matched_forecasting005/fold2_multiseed_batch_v1/attempts/2026-09-14T024723445059+0000_1da65c43/command.log.json
 create mode 100644 smart_building_conformal/outputs/matched_forecasting005/fold2_multiseed_batch_v1/attempts/2026-09-14T024723445059+0000_1da65c43/command.log.started.json
 create mode 100644 smart_building_conformal/outputs/matched_forecasting005/fold2_multiseed_batch_v1/attempts/2026-09-14T024723445059+0000_1da65c43/groups/actual_seed_metadata.csv
 create mode 100644 smart_building_conformal/outputs/matched_forecasting005/fold2_multiseed_batch_v1/attempts/2026-09-14T024723445059+0000_1da65c43/groups/comparison.csv
 create mode 100644 smart_building_conformal/outputs/matched_forecasting005/fold2_multiseed_batch_v1/attempts/2026-09-14T024723445059+0000_1da65c43/groups/equal_group_diagnostics.csv
 create mode 100644 smart_building_conformal/outputs/matched_forecasting005/fold2_multiseed_batch_v1/attempts/2026-09-14T024723445059+0000_1da65c43/groups/group_metrics.csv
 create mode 100644 smart_building_conformal/outputs/matched_forecasting005/fold2_multiseed_batch_v1/attempts/2026-09-14T024723445059+0000_1da65c43/groups/model_costs.csv
 create mode 100644 smart_building_conformal/outputs/matched_forecasting005/fold2_multiseed_batch_v1/attempts/2026-09-14T024723445059+0000_1da65c43/groups/rico_phase_metrics.csv
 create mode 100644 smart_building_conformal/outputs/matched_forecasting005/fold2_multiseed_batch_v1/attempts/2026-09-14T024723445059+0000_1da65c43/groups/target_diagnostics.csv
 create mode 100644 smart_building_conformal/outputs/matched_forecasting005/fold2_multiseed_batch_v1/attempts/2026-09-14T024723445059+0000_1da65c43/groups/validation.json
 create mode 100644 smart_building_conformal/outputs/matched_forecasting005/fold2_multiseed_batch_v1/attempts/2026-09-14T024723445059+0000_1da65c43/logger.stdout.log
 create mode 100644 smart_building_conformal/outputs/matched_forecasting005/fold2_multiseed_batch_v1/attempts/2026-09-14T024732547754+0000_98c13ce0/attempt.json
 create mode 100644 smart_building_conformal/outputs/matched_forecasting005/fold2_multiseed_batch_v1/attempts/2026-09-14T024732547754+0000_98c13ce0/command.log
 create mode 100644 smart_building_conformal/outputs/matched_forecasting005/fold2_multiseed_batch_v1/attempts/2026-09-14T024732547754+0000_98c13ce0/command.log.json
 create mode 100644 smart_building_conformal/outputs/matched_forecasting005/fold2_multiseed_batch_v1/attempts/2026-09-14T024732547754+0000_98c13ce0/command.log.started.json
 create mode 100644 smart_building_conformal/outputs/matched_forecasting005/fold2_multiseed_batch_v1/attempts/2026-09-14T024732547754+0000_98c13ce0/logger.stdout.log
 create mode 100644 smart_building_conformal/outputs/matched_forecasting005/fold2_multiseed_batch_v1/attempts/2026-09-14T025259867047+0000_5bccb819/attempt.json
 create mode 100644 smart_building_conformal/outputs/matched_forecasting005/fold2_multiseed_batch_v1/attempts/2026-09-14T025259867047+0000_5bccb819/command.log
 create mode 100644 smart_building_conformal/outputs/matched_forecasting005/fold2_multiseed_batch_v1/attempts/2026-09-14T025259867047+0000_5bccb819/command.log.json
 create mode 100644 smart_building_conformal/outputs/matched_forecasting005/fold2_multiseed_batch_v1/attempts/2026-09-14T025259867047+0000_5bccb819/command.log.started.json
 create mode 100644 smart_building_conformal/outputs/matched_forecasting005/fold2_multiseed_batch_v1/attempts/2026-09-14T025259867047+0000_5bccb819/logger.stdout.log
 create mode 100644 smart_building_conformal/outputs/matched_forecasting005/fold2_multiseed_batch_v1/attempts/2026-09-14T025330466171+0000_62dd86d2/attempt.json
 create mode 100644 smart_building_conformal/outputs/matched_forecasting005/fold2_multiseed_batch_v1/attempts/2026-09-14T025330466171+0000_62dd86d2/command.log
 create mode 100644 smart_building_conformal/outputs/matched_forecasting005/fold2_multiseed_batch_v1/attempts/2026-09-14T025330466171+0000_62dd86d2/command.log.json
 create mode 100644 smart_building_conformal/outputs/matched_forecasting005/fold2_multiseed_batch_v1/attempts/2026-09-14T025330466171+0000_62dd86d2/command.log.started.json
 create mode 100644 smart_building_conformal/outputs/matched_forecasting005/fold2_multiseed_batch_v1/attempts/2026-09-14T025330466171+0000_62dd86d2/logger.stdout.log
 create mode 100644 smart_building_conformal/outputs/matched_forecasting005/fold2_multiseed_batch_v1/attempts/2026-09-14T025352981003+0000_ff176527/attempt.json
 create mode 100644 smart_building_conformal/outputs/matched_forecasting005/fold2_multiseed_batch_v1/attempts/2026-09-14T025352981003+0000_ff176527/command.log
 create mode 100644 smart_building_conformal/outputs/matched_forecasting005/fold2_multiseed_batch_v1/attempts/2026-09-14T025352981003+0000_ff176527/command.log.json
 create mode 100644 smart_building_conformal/outputs/matched_forecasting005/fold2_multiseed_batch_v1/attempts/2026-09-14T025352981003+0000_ff176527/command.log.started.json
 create mode 100644 smart_building_conformal/outputs/matched_forecasting005/fold2_multiseed_batch_v1/attempts/2026-09-14T025352981003+0000_ff176527/groups/actual_seed_metadata.csv
 create mode 100644 smart_building_conformal/outputs/matched_forecasting005/fold2_multiseed_batch_v1/attempts/2026-09-14T025352981003+0000_ff176527/groups/comparison.csv
 create mode 100644 smart_building_conformal/outputs/matched_forecasting005/fold2_multiseed_batch_v1/attempts/2026-09-14T025352981003+0000_ff176527/groups/equal_group_diagnostics.csv
 create mode 100644 smart_building_conformal/outputs/matched_forecasting005/fold2_multiseed_batch_v1/attempts/2026-09-14T025352981003+0000_ff176527/groups/group_metrics.csv
 create mode 100644 smart_building_conformal/outputs/matched_forecasting005/fold2_multiseed_batch_v1/attempts/2026-09-14T025352981003+0000_ff176527/groups/model_costs.csv
 create mode 100644 smart_building_conformal/outputs/matched_forecasting005/fold2_multiseed_batch_v1/attempts/2026-09-14T025352981003+0000_ff176527/groups/rico_phase_metrics.csv
 create mode 100644 smart_building_conformal/outputs/matched_forecasting005/fold2_multiseed_batch_v1/attempts/2026-09-14T025352981003+0000_ff176527/groups/target_diagnostics.csv
 create mode 100644 smart_building_conformal/outputs/matched_forecasting005/fold2_multiseed_batch_v1/attempts/2026-09-14T025352981003+0000_ff176527/groups/validation.json
 create mode 100644 smart_building_conformal/outputs/matched_forecasting005/fold2_multiseed_batch_v1/attempts/2026-09-14T025352981003+0000_ff176527/logger.stdout.log
 create mode 100644 smart_building_conformal/outputs/matched_forecasting005/fold2_multiseed_batch_v1/attempts/2026-09-14T025402181073+0000_89e2155e/attempt.json
 create mode 100644 smart_building_conformal/outputs/matched_forecasting005/fold2_multiseed_batch_v1/attempts/2026-09-14T025402181073+0000_89e2155e/command.log
 create mode 100644 smart_building_conformal/outputs/matched_forecasting005/fold2_multiseed_batch_v1/attempts/2026-09-14T025402181073+0000_89e2155e/command.log.json
 create mode 100644 smart_building_conformal/outputs/matched_forecasting005/fold2_multiseed_batch_v1/attempts/2026-09-14T025402181073+0000_89e2155e/command.log.started.json
 create mode 100644 smart_building_conformal/outputs/matched_forecasting005/fold2_multiseed_batch_v1/attempts/2026-09-14T025402181073+0000_89e2155e/logger.stdout.log
 create mode 100644 smart_building_conformal/outputs/matched_forecasting005/fold2_multiseed_batch_v1/attempts/2026-09-14T025758102585+0000_1fdd2e0d/attempt.json
 create mode 100644 smart_building_conformal/outputs/matched_forecasting005/fold2_multiseed_batch_v1/attempts/2026-09-14T025758102585+0000_1fdd2e0d/command.log
 create mode 100644 smart_building_conformal/outputs/matched_forecasting005/fold2_multiseed_batch_v1/attempts/2026-09-14T025758102585+0000_1fdd2e0d/command.log.json
 create mode 100644 smart_building_conformal/outputs/matched_forecasting005/fold2_multiseed_batch_v1/attempts/2026-09-14T025758102585+0000_1fdd2e0d/command.log.started.json
 create mode 100644 smart_building_conformal/outputs/matched_forecasting005/fold2_multiseed_batch_v1/attempts/2026-09-14T025758102585+0000_1fdd2e0d/logger.stdout.log
 create mode 100644 smart_building_conformal/outputs/matched_forecasting005/fold2_multiseed_batch_v1/attempts/2026-09-14T025814497129+0000_9740dd5b/attempt.json
 create mode 100644 smart_building_conformal/outputs/matched_forecasting005/fold2_multiseed_batch_v1/attempts/2026-09-14T025814497129+0000_9740dd5b/command.log
 create mode 100644 smart_building_conformal/outputs/matched_forecasting005/fold2_multiseed_batch_v1/attempts/2026-09-14T025814497129+0000_9740dd5b/command.log.json
 create mode 100644 smart_building_conformal/outputs/matched_forecasting005/fold2_multiseed_batch_v1/attempts/2026-09-14T025814497129+0000_9740dd5b/command.log.started.json
 create mode 100644 smart_building_conformal/outputs/matched_forecasting005/fold2_multiseed_batch_v1/attempts/2026-09-14T025814497129+0000_9740dd5b/logger.stdout.log
 create mode 100644 smart_building_conformal/outputs/matched_forecasting005/fold2_multiseed_batch_v1/attempts/2026-09-14T025828876399+0000_de0f2de7/attempt.json
 create mode 100644 smart_building_conformal/outputs/matched_forecasting005/fold2_multiseed_batch_v1/attempts/2026-09-14T025828876399+0000_de0f2de7/command.log
 create mode 100644 smart_building_conformal/outputs/matched_forecasting005/fold2_multiseed_batch_v1/attempts/2026-09-14T025828876399+0000_de0f2de7/command.log.json
 create mode 100644 smart_building_conformal/outputs/matched_forecasting005/fold2_multiseed_batch_v1/attempts/2026-09-14T025828876399+0000_de0f2de7/command.log.started.json
 create mode 100644 smart_building_conformal/outputs/matched_forecasting005/fold2_multiseed_batch_v1/attempts/2026-09-14T025828876399+0000_de0f2de7/groups/actual_seed_metadata.csv
 create mode 100644 smart_building_conformal/outputs/matched_forecasting005/fold2_multiseed_batch_v1/attempts/2026-09-14T025828876399+0000_de0f2de7/groups/comparison.csv
 create mode 100644 smart_building_conformal/outputs/matched_forecasting005/fold2_multiseed_batch_v1/attempts/2026-09-14T025828876399+0000_de0f2de7/groups/equal_group_diagnostics.csv
 create mode 100644 smart_building_conformal/outputs/matched_forecasting005/fold2_multiseed_batch_v1/attempts/2026-09-14T025828876399+0000_de0f2de7/groups/group_metrics.csv
 create mode 100644 smart_building_conformal/outputs/matched_forecasting005/fold2_multiseed_batch_v1/attempts/2026-09-14T025828876399+0000_de0f2de7/groups/model_costs.csv
 create mode 100644 smart_building_conformal/outputs/matched_forecasting005/fold2_multiseed_batch_v1/attempts/2026-09-14T025828876399+0000_de0f2de7/groups/rico_phase_metrics.csv
 create mode 100644 smart_building_conformal/outputs/matched_forecasting005/fold2_multiseed_batch_v1/attempts/2026-09-14T025828876399+0000_de0f2de7/groups/target_diagnostics.csv
 create mode 100644 smart_building_conformal/outputs/matched_forecasting005/fold2_multiseed_batch_v1/attempts/2026-09-14T025828876399+0000_de0f2de7/groups/validation.json
 create mode 100644 smart_building_conformal/outputs/matched_forecasting005/fold2_multiseed_batch_v1/attempts/2026-09-14T025828876399+0000_de0f2de7/logger.stdout.log
 create mode 100644 smart_building_conformal/outputs/matched_forecasting005/fold2_multiseed_batch_v1/attempts/2026-09-14T025835858139+0000_375fdb3b/attempt.json
 create mode 100644 smart_building_conformal/outputs/matched_forecasting005/fold2_multiseed_batch_v1/attempts/2026-09-14T025835858139+0000_375fdb3b/command.log
 create mode 100644 smart_building_conformal/outputs/matched_forecasting005/fold2_multiseed_batch_v1/attempts/2026-09-14T025835858139+0000_375fdb3b/command.log.json
 create mode 100644 smart_building_conformal/outputs/matched_forecasting005/fold2_multiseed_batch_v1/attempts/2026-09-14T025835858139+0000_375fdb3b/command.log.started.json
 create mode 100644 smart_building_conformal/outputs/matched_forecasting005/fold2_multiseed_batch_v1/attempts/2026-09-14T025835858139+0000_375fdb3b/logger.stdout.log
 create mode 100644 smart_building_conformal/outputs/matched_forecasting005/fold2_multiseed_batch_v1/attempts/2026-09-14T030143085626+0000_3a69807b/attempt.json
 create mode 100644 smart_building_conformal/outputs/matched_forecasting005/fold2_multiseed_batch_v1/attempts/2026-09-14T030143085626+0000_3a69807b/command.log
 create mode 100644 smart_building_conformal/outputs/matched_forecasting005/fold2_multiseed_batch_v1/attempts/2026-09-14T030143085626+0000_3a69807b/command.log.json
 create mode 100644 smart_building_conformal/outputs/matched_forecasting005/fold2_multiseed_batch_v1/attempts/2026-09-14T030143085626+0000_3a69807b/command.log.started.json
 create mode 100644 smart_building_conformal/outputs/matched_forecasting005/fold2_multiseed_batch_v1/attempts/2026-09-14T030143085626+0000_3a69807b/logger.stdout.log
 create mode 100644 smart_building_conformal/outputs/matched_forecasting005/fold2_multiseed_batch_v1/attempts/2026-09-14T030159497316+0000_a47110ce/attempt.json
 create mode 100644 smart_building_conformal/outputs/matched_forecasting005/fold2_multiseed_batch_v1/attempts/2026-09-14T030159497316+0000_a47110ce/command.log
 create mode 100644 smart_building_conformal/outputs/matched_forecasting005/fold2_multiseed_batch_v1/attempts/2026-09-14T030159497316+0000_a47110ce/command.log.json
 create mode 100644 smart_building_conformal/outputs/matched_forecasting005/fold2_multiseed_batch_v1/attempts/2026-09-14T030159497316+0000_a47110ce/command.log.started.json
 create mode 100644 smart_building_conformal/outputs/matched_forecasting005/fold2_multiseed_batch_v1/attempts/2026-09-14T030159497316+0000_a47110ce/logger.stdout.log
 create mode 100644 smart_building_conformal/outputs/matched_forecasting005/fold2_multiseed_batch_v1/attempts/2026-09-14T030213883397+0000_352dda09/attempt.json
 create mode 100644 smart_building_conformal/outputs/matched_forecasting005/fold2_multiseed_batch_v1/attempts/2026-09-14T030213883397+0000_352dda09/command.log
 create mode 100644 smart_building_conformal/outputs/matched_forecasting005/fold2_multiseed_batch_v1/attempts/2026-09-14T030213883397+0000_352dda09/command.log.json
 create mode 100644 smart_building_conformal/outputs/matched_forecasting005/fold2_multiseed_batch_v1/attempts/2026-09-14T030213883397+0000_352dda09/command.log.started.json
 create mode 100644 smart_building_conformal/outputs/matched_forecasting005/fold2_multiseed_batch_v1/attempts/2026-09-14T030213883397+0000_352dda09/groups/actual_seed_metadata.csv
 create mode 100644 smart_building_conformal/outputs/matched_forecasting005/fold2_multiseed_batch_v1/attempts/2026-09-14T030213883397+0000_352dda09/groups/comparison.csv
 create mode 100644 smart_building_conformal/outputs/matched_forecasting005/fold2_multiseed_batch_v1/attempts/2026-09-14T030213883397+0000_352dda09/groups/equal_group_diagnostics.csv
 create mode 100644 smart_building_conformal/outputs/matched_forecasting005/fold2_multiseed_batch_v1/attempts/2026-09-14T030213883397+0000_352dda09/groups/group_metrics.csv
 create mode 100644 smart_building_conformal/outputs/matched_forecasting005/fold2_multiseed_batch_v1/attempts/2026-09-14T030213883397+0000_352dda09/groups/model_costs.csv
 create mode 100644 smart_building_conformal/outputs/matched_forecasting005/fold2_multiseed_batch_v1/attempts/2026-09-14T030213883397+0000_352dda09/groups/rico_phase_metrics.csv
 create mode 100644 smart_building_conformal/outputs/matched_forecasting005/fold2_multiseed_batch_v1/attempts/2026-09-14T030213883397+0000_352dda09/groups/target_diagnostics.csv
 create mode 100644 smart_building_conformal/outputs/matched_forecasting005/fold2_multiseed_batch_v1/attempts/2026-09-14T030213883397+0000_352dda09/groups/validation.json
 create mode 100644 smart_building_conformal/outputs/matched_forecasting005/fold2_multiseed_batch_v1/attempts/2026-09-14T030213883397+0000_352dda09/logger.stdout.log
 create mode 100644 smart_building_conformal/outputs/matched_forecasting005/fold2_multiseed_batch_v1/attempts/2026-09-14T030220926939+0000_f486d78a/attempt.json
 create mode 100644 smart_building_conformal/outputs/matched_forecasting005/fold2_multiseed_batch_v1/attempts/2026-09-14T030220926939+0000_f486d78a/command.log
 create mode 100644 smart_building_conformal/outputs/matched_forecasting005/fold2_multiseed_batch_v1/attempts/2026-09-14T030220926939+0000_f486d78a/command.log.json
 create mode 100644 smart_building_conformal/outputs/matched_forecasting005/fold2_multiseed_batch_v1/attempts/2026-09-14T030220926939+0000_f486d78a/command.log.started.json
 create mode 100644 smart_building_conformal/outputs/matched_forecasting005/fold2_multiseed_batch_v1/attempts/2026-09-14T030220926939+0000_f486d78a/logger.stdout.log
 create mode 100644 smart_building_conformal/outputs/matched_forecasting005/fold2_multiseed_batch_v1/attempts/2026-09-14T030421068583+0000_d4330cf4/attempt.json
 create mode 100644 smart_building_conformal/outputs/matched_forecasting005/fold2_multiseed_batch_v1/attempts/2026-09-14T030421068583+0000_d4330cf4/command.log
 create mode 100644 smart_building_conformal/outputs/matched_forecasting005/fold2_multiseed_batch_v1/attempts/2026-09-14T030421068583+0000_d4330cf4/command.log.json
 create mode 100644 smart_building_conformal/outputs/matched_forecasting005/fold2_multiseed_batch_v1/attempts/2026-09-14T030421068583+0000_d4330cf4/command.log.started.json
 create mode 100644 smart_building_conformal/outputs/matched_forecasting005/fold2_multiseed_batch_v1/attempts/2026-09-14T030421068583+0000_d4330cf4/logger.stdout.log
 create mode 100644 smart_building_conformal/outputs/matched_forecasting005/fold2_multiseed_batch_v1/attempts/2026-09-14T030437496022+0000_9b3044e0/attempt.json
 create mode 100644 smart_building_conformal/outputs/matched_forecasting005/fold2_multiseed_batch_v1/attempts/2026-09-14T030437496022+0000_9b3044e0/command.log
 create mode 100644 smart_building_conformal/outputs/matched_forecasting005/fold2_multiseed_batch_v1/attempts/2026-09-14T030437496022+0000_9b3044e0/command.log.json
 create mode 100644 smart_building_conformal/outputs/matched_forecasting005/fold2_multiseed_batch_v1/attempts/2026-09-14T030437496022+0000_9b3044e0/command.log.started.json
 create mode 100644 smart_building_conformal/outputs/matched_forecasting005/fold2_multiseed_batch_v1/attempts/2026-09-14T030437496022+0000_9b3044e0/logger.stdout.log
 create mode 100644 smart_building_conformal/outputs/matched_forecasting005/fold2_multiseed_batch_v1/attempts/2026-09-14T030451870072+0000_3b0104a2/attempt.json
 create mode 100644 smart_building_conformal/outputs/matched_forecasting005/fold2_multiseed_batch_v1/attempts/2026-09-14T030451870072+0000_3b0104a2/command.log
 create mode 100644 smart_building_conformal/outputs/matched_forecasting005/fold2_multiseed_batch_v1/attempts/2026-09-14T030451870072+0000_3b0104a2/command.log.json
 create mode 100644 smart_building_conformal/outputs/matched_forecasting005/fold2_multiseed_batch_v1/attempts/2026-09-14T030451870072+0000_3b0104a2/command.log.started.json
 create mode 100644 smart_building_conformal/outputs/matched_forecasting005/fold2_multiseed_batch_v1/attempts/2026-09-14T030451870072+0000_3b0104a2/groups/actual_seed_metadata.csv
 create mode 100644 smart_building_conformal/outputs/matched_forecasting005/fold2_multiseed_batch_v1/attempts/2026-09-14T030451870072+0000_3b0104a2/groups/comparison.csv
 create mode 100644 smart_building_conformal/outputs/matched_forecasting005/fold2_multiseed_batch_v1/attempts/2026-09-14T030451870072+0000_3b0104a2/groups/equal_group_diagnostics.csv
 create mode 100644 smart_building_conformal/outputs/matched_forecasting005/fold2_multiseed_batch_v1/attempts/2026-09-14T030451870072+0000_3b0104a2/groups/group_metrics.csv
 create mode 100644 smart_building_conformal/outputs/matched_forecasting005/fold2_multiseed_batch_v1/attempts/2026-09-14T030451870072+0000_3b0104a2/groups/model_costs.csv
 create mode 100644 smart_building_conformal/outputs/matched_forecasting005/fold2_multiseed_batch_v1/attempts/2026-09-14T030451870072+0000_3b0104a2/groups/rico_phase_metrics.csv
 create mode 100644 smart_building_conformal/outputs/matched_forecasting005/fold2_multiseed_batch_v1/attempts/2026-09-14T030451870072+0000_3b0104a2/groups/target_diagnostics.csv
 create mode 100644 smart_building_conformal/outputs/matched_forecasting005/fold2_multiseed_batch_v1/attempts/2026-09-14T030451870072+0000_3b0104a2/groups/validation.json
 create mode 100644 smart_building_conformal/outputs/matched_forecasting005/fold2_multiseed_batch_v1/attempts/2026-09-14T030451870072+0000_3b0104a2/logger.stdout.log
 create mode 100644 smart_building_conformal/outputs/matched_forecasting005/fold2_multiseed_batch_v1/attempts/2026-09-14T030458262954+0000_0cd6dee4/attempt.json
 create mode 100644 smart_building_conformal/outputs/matched_forecasting005/fold2_multiseed_batch_v1/attempts/2026-09-14T030458262954+0000_0cd6dee4/command.log
 create mode 100644 smart_building_conformal/outputs/matched_forecasting005/fold2_multiseed_batch_v1/attempts/2026-09-14T030458262954+0000_0cd6dee4/command.log.json
 create mode 100644 smart_building_conformal/outputs/matched_forecasting005/fold2_multiseed_batch_v1/attempts/2026-09-14T030458262954+0000_0cd6dee4/command.log.started.json
 create mode 100644 smart_building_conformal/outputs/matched_forecasting005/fold2_multiseed_batch_v1/attempts/2026-09-14T030458262954+0000_0cd6dee4/logger.stdout.log
 create mode 100644 smart_building_conformal/outputs/matched_forecasting005/fold2_multiseed_batch_v1/receipts/bdg2_h1_f2_s46_v1/audit_v1/independent_selection.csv
 create mode 100644 smart_building_conformal/outputs/matched_forecasting005/fold2_multiseed_batch_v1/receipts/bdg2_h1_f2_s46_v1/audit_v1/learned_fit_measurements.csv
 create mode 100644 smart_building_conformal/outputs/matched_forecasting005/fold2_multiseed_batch_v1/receipts/bdg2_h1_f2_s46_v1/audit_v1/phase_measurements.csv
 create mode 100644 smart_building_conformal/outputs/matched_forecasting005/fold2_multiseed_batch_v1/receipts/bdg2_h1_f2_s46_v1/audit_v1/recomputed_interval_metrics.csv
 create mode 100644 smart_building_conformal/outputs/matched_forecasting005/fold2_multiseed_batch_v1/receipts/bdg2_h1_f2_s46_v1/audit_v1/recomputed_point_metrics.csv
 create mode 100644 smart_building_conformal/outputs/matched_forecasting005/fold2_multiseed_batch_v1/receipts/bdg2_h1_f2_s46_v1/audit_v1/saved_model_verification.csv
 create mode 100644 smart_building_conformal/outputs/matched_forecasting005/fold2_multiseed_batch_v1/receipts/bdg2_h1_f2_s46_v1/audit_v1/validation.json
 create mode 100644 smart_building_conformal/outputs/matched_forecasting005/fold2_multiseed_batch_v1/receipts/bdg2_h1_f2_s46_v1/resume_v1.json
 create mode 100644 smart_building_conformal/outputs/matched_forecasting005/fold2_multiseed_batch_v1/receipts/bdg2_h1_f2_s46_v1/resume_v1.json.process.json
 create mode 100644 smart_building_conformal/outputs/matched_forecasting005/fold2_multiseed_batch_v1/receipts/bdg2_h3_f2_s46_v1/audit_v1/independent_selection.csv
 create mode 100644 smart_building_conformal/outputs/matched_forecasting005/fold2_multiseed_batch_v1/receipts/bdg2_h3_f2_s46_v1/audit_v1/learned_fit_measurements.csv
 create mode 100644 smart_building_conformal/outputs/matched_forecasting005/fold2_multiseed_batch_v1/receipts/bdg2_h3_f2_s46_v1/audit_v1/phase_measurements.csv
 create mode 100644 smart_building_conformal/outputs/matched_forecasting005/fold2_multiseed_batch_v1/receipts/bdg2_h3_f2_s46_v1/audit_v1/recomputed_interval_metrics.csv
 create mode 100644 smart_building_conformal/outputs/matched_forecasting005/fold2_multiseed_batch_v1/receipts/bdg2_h3_f2_s46_v1/audit_v1/recomputed_point_metrics.csv
 create mode 100644 smart_building_conformal/outputs/matched_forecasting005/fold2_multiseed_batch_v1/receipts/bdg2_h3_f2_s46_v1/audit_v1/saved_model_verification.csv
 create mode 100644 smart_building_conformal/outputs/matched_forecasting005/fold2_multiseed_batch_v1/receipts/bdg2_h3_f2_s46_v1/audit_v1/validation.json
 create mode 100644 smart_building_conformal/outputs/matched_forecasting005/fold2_multiseed_batch_v1/receipts/bdg2_h3_f2_s46_v1/resume_v1.json
 create mode 100644 smart_building_conformal/outputs/matched_forecasting005/fold2_multiseed_batch_v1/receipts/bdg2_h3_f2_s46_v1/resume_v1.json.process.json
 create mode 100644 smart_building_conformal/outputs/matched_forecasting005/fold2_multiseed_batch_v1/receipts/bdg2_h6_f2_s46_v1/audit_v1/independent_selection.csv
 create mode 100644 smart_building_conformal/outputs/matched_forecasting005/fold2_multiseed_batch_v1/receipts/bdg2_h6_f2_s46_v1/audit_v1/learned_fit_measurements.csv
 create mode 100644 smart_building_conformal/outputs/matched_forecasting005/fold2_multiseed_batch_v1/receipts/bdg2_h6_f2_s46_v1/audit_v1/phase_measurements.csv
 create mode 100644 smart_building_conformal/outputs/matched_forecasting005/fold2_multiseed_batch_v1/receipts/bdg2_h6_f2_s46_v1/audit_v1/recomputed_interval_metrics.csv
 create mode 100644 smart_building_conformal/outputs/matched_forecasting005/fold2_multiseed_batch_v1/receipts/bdg2_h6_f2_s46_v1/audit_v1/recomputed_point_metrics.csv
 create mode 100644 smart_building_conformal/outputs/matched_forecasting005/fold2_multiseed_batch_v1/receipts/bdg2_h6_f2_s46_v1/audit_v1/saved_model_verification.csv
 create mode 100644 smart_building_conformal/outputs/matched_forecasting005/fold2_multiseed_batch_v1/receipts/bdg2_h6_f2_s46_v1/audit_v1/validation.json
 create mode 100644 smart_building_conformal/outputs/matched_forecasting005/fold2_multiseed_batch_v1/receipts/bdg2_h6_f2_s46_v1/resume_v1.json
 create mode 100644 smart_building_conformal/outputs/matched_forecasting005/fold2_multiseed_batch_v1/receipts/bdg2_h6_f2_s46_v1/resume_v1.json.process.json
 create mode 100644 smart_building_conformal/outputs/matched_forecasting005/fold2_multiseed_batch_v1/receipts/pleia_energy_h1_f2_s46_v1/audit_v1/independent_selection.csv
 create mode 100644 smart_building_conformal/outputs/matched_forecasting005/fold2_multiseed_batch_v1/receipts/pleia_energy_h1_f2_s46_v1/audit_v1/learned_fit_measurements.csv
 create mode 100644 smart_building_conformal/outputs/matched_forecasting005/fold2_multiseed_batch_v1/receipts/pleia_energy_h1_f2_s46_v1/audit_v1/phase_measurements.csv
 create mode 100644 smart_building_conformal/outputs/matched_forecasting005/fold2_multiseed_batch_v1/receipts/pleia_energy_h1_f2_s46_v1/audit_v1/recomputed_interval_metrics.csv
 create mode 100644 smart_building_conformal/outputs/matched_forecasting005/fold2_multiseed_batch_v1/receipts/pleia_energy_h1_f2_s46_v1/audit_v1/recomputed_point_metrics.csv
 create mode 100644 smart_building_conformal/outputs/matched_forecasting005/fold2_multiseed_batch_v1/receipts/pleia_energy_h1_f2_s46_v1/audit_v1/saved_model_verification.csv
 create mode 100644 smart_building_conformal/outputs/matched_forecasting005/fold2_multiseed_batch_v1/receipts/pleia_energy_h1_f2_s46_v1/audit_v1/validation.json
 create mode 100644 smart_building_conformal/outputs/matched_forecasting005/fold2_multiseed_batch_v1/receipts/pleia_energy_h1_f2_s46_v1/resume_v1.json
 create mode 100644 smart_building_conformal/outputs/matched_forecasting005/fold2_multiseed_batch_v1/receipts/pleia_energy_h1_f2_s46_v1/resume_v1.json.process.json
 create mode 100644 smart_building_conformal/outputs/matched_forecasting005/fold2_multiseed_batch_v1/receipts/pleia_energy_h3_f2_s46_v1/audit_v1/independent_selection.csv
 create mode 100644 smart_building_conformal/outputs/matched_forecasting005/fold2_multiseed_batch_v1/receipts/pleia_energy_h3_f2_s46_v1/audit_v1/learned_fit_measurements.csv
 create mode 100644 smart_building_conformal/outputs/matched_forecasting005/fold2_multiseed_batch_v1/receipts/pleia_energy_h3_f2_s46_v1/audit_v1/phase_measurements.csv
 create mode 100644 smart_building_conformal/outputs/matched_forecasting005/fold2_multiseed_batch_v1/receipts/pleia_energy_h3_f2_s46_v1/audit_v1/recomputed_interval_metrics.csv
 create mode 100644 smart_building_conformal/outputs/matched_forecasting005/fold2_multiseed_batch_v1/receipts/pleia_energy_h3_f2_s46_v1/audit_v1/recomputed_point_metrics.csv
 create mode 100644 smart_building_conformal/outputs/matched_forecasting005/fold2_multiseed_batch_v1/receipts/pleia_energy_h3_f2_s46_v1/audit_v1/saved_model_verification.csv
 create mode 100644 smart_building_conformal/outputs/matched_forecasting005/fold2_multiseed_batch_v1/receipts/pleia_energy_h3_f2_s46_v1/audit_v1/validation.json
 create mode 100644 smart_building_conformal/outputs/matched_forecasting005/fold2_multiseed_batch_v1/receipts/pleia_energy_h3_f2_s46_v1/resume_v1.json
 create mode 100644 smart_building_conformal/outputs/matched_forecasting005/fold2_multiseed_batch_v1/receipts/pleia_energy_h3_f2_s46_v1/resume_v1.json.process.json
 create mode 100644 smart_building_conformal/outputs/matched_forecasting005/fold2_multiseed_batch_v1/receipts/pleia_energy_h6_f2_s46_v1/audit_v1/independent_selection.csv
 create mode 100644 smart_building_conformal/outputs/matched_forecasting005/fold2_multiseed_batch_v1/receipts/pleia_energy_h6_f2_s46_v1/audit_v1/learned_fit_measurements.csv
 create mode 100644 smart_building_conformal/outputs/matched_forecasting005/fold2_multiseed_batch_v1/receipts/pleia_energy_h6_f2_s46_v1/audit_v1/phase_measurements.csv
 create mode 100644 smart_building_conformal/outputs/matched_forecasting005/fold2_multiseed_batch_v1/receipts/pleia_energy_h6_f2_s46_v1/audit_v1/recomputed_interval_metrics.csv
 create mode 100644 smart_building_conformal/outputs/matched_forecasting005/fold2_multiseed_batch_v1/receipts/pleia_energy_h6_f2_s46_v1/audit_v1/recomputed_point_metrics.csv
 create mode 100644 smart_building_conformal/outputs/matched_forecasting005/fold2_multiseed_batch_v1/receipts/pleia_energy_h6_f2_s46_v1/audit_v1/saved_model_verification.csv
 create mode 100644 smart_building_conformal/outputs/matched_forecasting005/fold2_multiseed_batch_v1/receipts/pleia_energy_h6_f2_s46_v1/audit_v1/validation.json
 create mode 100644 smart_building_conformal/outputs/matched_forecasting005/fold2_multiseed_batch_v1/receipts/pleia_energy_h6_f2_s46_v1/resume_v1.json
 create mode 100644 smart_building_conformal/outputs/matched_forecasting005/fold2_multiseed_batch_v1/receipts/pleia_energy_h6_f2_s46_v1/resume_v1.json.process.json
 create mode 100644 smart_building_conformal/outputs/matched_forecasting005/fold2_multiseed_batch_v1/receipts/pleia_h1_f2_s46_v1/audit_v1/independent_selection.csv
 create mode 100644 smart_building_conformal/outputs/matched_forecasting005/fold2_multiseed_batch_v1/receipts/pleia_h1_f2_s46_v1/audit_v1/learned_fit_measurements.csv
 create mode 100644 smart_building_conformal/outputs/matched_forecasting005/fold2_multiseed_batch_v1/receipts/pleia_h1_f2_s46_v1/audit_v1/phase_measurements.csv
 create mode 100644 smart_building_conformal/outputs/matched_forecasting005/fold2_multiseed_batch_v1/receipts/pleia_h1_f2_s46_v1/audit_v1/recomputed_interval_metrics.csv
 create mode 100644 smart_building_conformal/outputs/matched_forecasting005/fold2_multiseed_batch_v1/receipts/pleia_h1_f2_s46_v1/audit_v1/recomputed_point_metrics.csv
 create mode 100644 smart_building_conformal/outputs/matched_forecasting005/fold2_multiseed_batch_v1/receipts/pleia_h1_f2_s46_v1/audit_v1/saved_model_verification.csv
 create mode 100644 smart_building_conformal/outputs/matched_forecasting005/fold2_multiseed_batch_v1/receipts/pleia_h1_f2_s46_v1/audit_v1/validation.json
 create mode 100644 smart_building_conformal/outputs/matched_forecasting005/fold2_multiseed_batch_v1/receipts/pleia_h1_f2_s46_v1/resume_v1.json
 create mode 100644 smart_building_conformal/outputs/matched_forecasting005/fold2_multiseed_batch_v1/receipts/pleia_h1_f2_s46_v1/resume_v1.json.process.json
 create mode 100644 smart_building_conformal/outputs/matched_forecasting005/fold2_multiseed_batch_v1/receipts/pleia_h3_f2_s46_v1/audit_v1/independent_selection.csv
 create mode 100644 smart_building_conformal/outputs/matched_forecasting005/fold2_multiseed_batch_v1/receipts/pleia_h3_f2_s46_v1/audit_v1/learned_fit_measurements.csv
 create mode 100644 smart_building_conformal/outputs/matched_forecasting005/fold2_multiseed_batch_v1/receipts/pleia_h3_f2_s46_v1/audit_v1/phase_measurements.csv
 create mode 100644 smart_building_conformal/outputs/matched_forecasting005/fold2_multiseed_batch_v1/receipts/pleia_h3_f2_s46_v1/audit_v1/recomputed_interval_metrics.csv
 create mode 100644 smart_building_conformal/outputs/matched_forecasting005/fold2_multiseed_batch_v1/receipts/pleia_h3_f2_s46_v1/audit_v1/recomputed_point_metrics.csv
 create mode 100644 smart_building_conformal/outputs/matched_forecasting005/fold2_multiseed_batch_v1/receipts/pleia_h3_f2_s46_v1/audit_v1/saved_model_verification.csv
 create mode 100644 smart_building_conformal/outputs/matched_forecasting005/fold2_multiseed_batch_v1/receipts/pleia_h3_f2_s46_v1/audit_v1/validation.json
 create mode 100644 smart_building_conformal/outputs/matched_forecasting005/fold2_multiseed_batch_v1/receipts/pleia_h3_f2_s46_v1/resume_v1.json
 create mode 100644 smart_building_conformal/outputs/matched_forecasting005/fold2_multiseed_batch_v1/receipts/pleia_h3_f2_s46_v1/resume_v1.json.process.json
 create mode 100644 smart_building_conformal/outputs/matched_forecasting005/fold2_multiseed_batch_v1/receipts/pleia_h6_f2_s46_v1/audit_v1/independent_selection.csv
 create mode 100644 smart_building_conformal/outputs/matched_forecasting005/fold2_multiseed_batch_v1/receipts/pleia_h6_f2_s46_v1/audit_v1/learned_fit_measurements.csv
 create mode 100644 smart_building_conformal/outputs/matched_forecasting005/fold2_multiseed_batch_v1/receipts/pleia_h6_f2_s46_v1/audit_v1/phase_measurements.csv
 create mode 100644 smart_building_conformal/outputs/matched_forecasting005/fold2_multiseed_batch_v1/receipts/pleia_h6_f2_s46_v1/audit_v1/recomputed_interval_metrics.csv
 create mode 100644 smart_building_conformal/outputs/matched_forecasting005/fold2_multiseed_batch_v1/receipts/pleia_h6_f2_s46_v1/audit_v1/recomputed_point_metrics.csv
 create mode 100644 smart_building_conformal/outputs/matched_forecasting005/fold2_multiseed_batch_v1/receipts/pleia_h6_f2_s46_v1/audit_v1/saved_model_verification.csv
 create mode 100644 smart_building_conformal/outputs/matched_forecasting005/fold2_multiseed_batch_v1/receipts/pleia_h6_f2_s46_v1/audit_v1/validation.json
 create mode 100644 smart_building_conformal/outputs/matched_forecasting005/fold2_multiseed_batch_v1/receipts/pleia_h6_f2_s46_v1/resume_v1.json
 create mode 100644 smart_building_conformal/outputs/matched_forecasting005/fold2_multiseed_batch_v1/receipts/pleia_h6_f2_s46_v1/resume_v1.json.process.json
 create mode 100644 smart_building_conformal/outputs/matched_forecasting005/fold2_multiseed_batch_v1/receipts/rico_h15_f2_s46_v1/audit_v1/independent_selection.csv
 create mode 100644 smart_building_conformal/outputs/matched_forecasting005/fold2_multiseed_batch_v1/receipts/rico_h15_f2_s46_v1/audit_v1/learned_fit_measurements.csv
 create mode 100644 smart_building_conformal/outputs/matched_forecasting005/fold2_multiseed_batch_v1/receipts/rico_h15_f2_s46_v1/audit_v1/phase_measurements.csv
 create mode 100644 smart_building_conformal/outputs/matched_forecasting005/fold2_multiseed_batch_v1/receipts/rico_h15_f2_s46_v1/audit_v1/recomputed_interval_metrics.csv
 create mode 100644 smart_building_conformal/outputs/matched_forecasting005/fold2_multiseed_batch_v1/receipts/rico_h15_f2_s46_v1/audit_v1/recomputed_point_metrics.csv
 create mode 100644 smart_building_conformal/outputs/matched_forecasting005/fold2_multiseed_batch_v1/receipts/rico_h15_f2_s46_v1/audit_v1/saved_model_verification.csv
 create mode 100644 smart_building_conformal/outputs/matched_forecasting005/fold2_multiseed_batch_v1/receipts/rico_h15_f2_s46_v1/audit_v1/validation.json
 create mode 100644 smart_building_conformal/outputs/matched_forecasting005/fold2_multiseed_batch_v1/receipts/rico_h15_f2_s46_v1/resume_v1.json
 create mode 100644 smart_building_conformal/outputs/matched_forecasting005/fold2_multiseed_batch_v1/receipts/rico_h15_f2_s46_v1/resume_v1.json.process.json
 create mode 100644 smart_building_conformal/outputs/matched_forecasting005/fold2_multiseed_batch_v1/receipts/rico_h30_f2_s46_v1/audit_v1/independent_selection.csv
 create mode 100644 smart_building_conformal/outputs/matched_forecasting005/fold2_multiseed_batch_v1/receipts/rico_h30_f2_s46_v1/audit_v1/learned_fit_measurements.csv
 create mode 100644 smart_building_conformal/outputs/matched_forecasting005/fold2_multiseed_batch_v1/receipts/rico_h30_f2_s46_v1/audit_v1/phase_measurements.csv
 create mode 100644 smart_building_conformal/outputs/matched_forecasting005/fold2_multiseed_batch_v1/receipts/rico_h30_f2_s46_v1/audit_v1/recomputed_interval_metrics.csv
 create mode 100644 smart_building_conformal/outputs/matched_forecasting005/fold2_multiseed_batch_v1/receipts/rico_h30_f2_s46_v1/audit_v1/recomputed_point_metrics.csv
 create mode 100644 smart_building_conformal/outputs/matched_forecasting005/fold2_multiseed_batch_v1/receipts/rico_h30_f2_s46_v1/audit_v1/saved_model_verification.csv
 create mode 100644 smart_building_conformal/outputs/matched_forecasting005/fold2_multiseed_batch_v1/receipts/rico_h30_f2_s46_v1/audit_v1/validation.json
 create mode 100644 smart_building_conformal/outputs/matched_forecasting005/fold2_multiseed_batch_v1/receipts/rico_h30_f2_s46_v1/resume_v1.json
 create mode 100644 smart_building_conformal/outputs/matched_forecasting005/fold2_multiseed_batch_v1/receipts/rico_h30_f2_s46_v1/resume_v1.json.process.json
 create mode 100644 smart_building_conformal/outputs/matched_forecasting005/fold2_multiseed_batch_v1/receipts/rico_h5_f2_s46_v1/audit_v1/independent_selection.csv
 create mode 100644 smart_building_conformal/outputs/matched_forecasting005/fold2_multiseed_batch_v1/receipts/rico_h5_f2_s46_v1/audit_v1/learned_fit_measurements.csv
 create mode 100644 smart_building_conformal/outputs/matched_forecasting005/fold2_multiseed_batch_v1/receipts/rico_h5_f2_s46_v1/audit_v1/phase_measurements.csv
 create mode 100644 smart_building_conformal/outputs/matched_forecasting005/fold2_multiseed_batch_v1/receipts/rico_h5_f2_s46_v1/audit_v1/recomputed_interval_metrics.csv
 create mode 100644 smart_building_conformal/outputs/matched_forecasting005/fold2_multiseed_batch_v1/receipts/rico_h5_f2_s46_v1/audit_v1/recomputed_point_metrics.csv
 create mode 100644 smart_building_conformal/outputs/matched_forecasting005/fold2_multiseed_batch_v1/receipts/rico_h5_f2_s46_v1/audit_v1/saved_model_verification.csv
 create mode 100644 smart_building_conformal/outputs/matched_forecasting005/fold2_multiseed_batch_v1/receipts/rico_h5_f2_s46_v1/audit_v1/validation.json
 create mode 100644 smart_building_conformal/outputs/matched_forecasting005/fold2_multiseed_batch_v1/receipts/rico_h5_f2_s46_v1/resume_v1.json
 create mode 100644 smart_building_conformal/outputs/matched_forecasting005/fold2_multiseed_batch_v1/receipts/rico_h5_f2_s46_v1/resume_v1.json.process.json
 create mode 100644 smart_building_conformal/outputs/matched_forecasting005/fold2_multiseed_batch_v1/receipts/rico_h60_f2_s46_v1/audit_v1/independent_selection.csv
 create mode 100644 smart_building_conformal/outputs/matched_forecasting005/fold2_multiseed_batch_v1/receipts/rico_h60_f2_s46_v1/audit_v1/learned_fit_measurements.csv
 create mode 100644 smart_building_conformal/outputs/matched_forecasting005/fold2_multiseed_batch_v1/receipts/rico_h60_f2_s46_v1/audit_v1/phase_measurements.csv
 create mode 100644 smart_building_conformal/outputs/matched_forecasting005/fold2_multiseed_batch_v1/receipts/rico_h60_f2_s46_v1/audit_v1/recomputed_interval_metrics.csv
 create mode 100644 smart_building_conformal/outputs/matched_forecasting005/fold2_multiseed_batch_v1/receipts/rico_h60_f2_s46_v1/audit_v1/recomputed_point_metrics.csv
 create mode 100644 smart_building_conformal/outputs/matched_forecasting005/fold2_multiseed_batch_v1/receipts/rico_h60_f2_s46_v1/audit_v1/saved_model_verification.csv
 create mode 100644 smart_building_conformal/outputs/matched_forecasting005/fold2_multiseed_batch_v1/receipts/rico_h60_f2_s46_v1/audit_v1/validation.json
 create mode 100644 smart_building_conformal/outputs/matched_forecasting005/fold2_multiseed_batch_v1/receipts/rico_h60_f2_s46_v1/resume_v1.json
 create mode 100644 smart_building_conformal/outputs/matched_forecasting005/fold2_multiseed_batch_v1/receipts/rico_h60_f2_s46_v1/resume_v1.json.process.json
 create mode 100644 smart_building_conformal/outputs/matched_forecasting005/pleia_energy_h1_f2_s46_v1.process.json
 create mode 100644 smart_building_conformal/outputs/matched_forecasting005/pleia_energy_h1_f2_s46_v1/checkpoint_io_20260914T020657530668.json
 create mode 100644 smart_building_conformal/outputs/matched_forecasting005/pleia_energy_h1_f2_s46_v1/checkpoint_manifest.json
 create mode 100644 smart_building_conformal/outputs/matched_forecasting005/pleia_energy_h1_f2_s46_v1/execution_environment.json
 create mode 100644 smart_building_conformal/outputs/matched_forecasting005/pleia_energy_h1_f2_s46_v1/fit_calls.jsonl
 create mode 100644 smart_building_conformal/outputs/matched_forecasting005/pleia_energy_h1_f2_s46_v1/interval_quality.csv
 create mode 100644 smart_building_conformal/outputs/matched_forecasting005/pleia_energy_h1_f2_s46_v1/point_summary.csv
 create mode 100644 smart_building_conformal/outputs/matched_forecasting005/pleia_energy_h1_f2_s46_v1/run_summary.json
 create mode 100644 smart_building_conformal/outputs/matched_forecasting005/pleia_energy_h1_f2_s46_v1/units/pleia_energy_h1_f2_s46_attention_lstm/COMPLETE.json
 create mode 100644 smart_building_conformal/outputs/matched_forecasting005/pleia_energy_h1_f2_s46_v1/units/pleia_energy_h1_f2_s46_attention_lstm/calibration.csv.gz
 create mode 100644 smart_building_conformal/outputs/matched_forecasting005/pleia_energy_h1_f2_s46_v1/units/pleia_energy_h1_f2_s46_attention_lstm/fitting_membership.csv.gz
 create mode 100644 smart_building_conformal/outputs/matched_forecasting005/pleia_energy_h1_f2_s46_v1/units/pleia_energy_h1_f2_s46_attention_lstm/model.pt
 create mode 100644 smart_building_conformal/outputs/matched_forecasting005/pleia_energy_h1_f2_s46_v1/units/pleia_energy_h1_f2_s46_attention_lstm/payload.json
 create mode 100644 smart_building_conformal/outputs/matched_forecasting005/pleia_energy_h1_f2_s46_v1/units/pleia_energy_h1_f2_s46_attention_lstm/predictions.csv.gz
 create mode 100644 smart_building_conformal/outputs/matched_forecasting005/pleia_energy_h1_f2_s46_v1/units/pleia_energy_h1_f2_s46_attention_lstm/training_history.csv.gz
 create mode 100644 smart_building_conformal/outputs/matched_forecasting005/pleia_energy_h1_f2_s46_v1/units/pleia_energy_h1_f2_s46_attention_lstm/tuning.csv.gz
 create mode 100644 smart_building_conformal/outputs/matched_forecasting005/pleia_energy_h1_f2_s46_v1/units/pleia_energy_h1_f2_s46_attention_lstm/tuning_predictions.csv.gz
 create mode 100644 smart_building_conformal/outputs/matched_forecasting005/pleia_energy_h1_f2_s46_v1/units/pleia_energy_h1_f2_s46_persistence/COMPLETE.json
 create mode 100644 smart_building_conformal/outputs/matched_forecasting005/pleia_energy_h1_f2_s46_v1/units/pleia_energy_h1_f2_s46_persistence/calibration.csv.gz
 create mode 100644 smart_building_conformal/outputs/matched_forecasting005/pleia_energy_h1_f2_s46_v1/units/pleia_energy_h1_f2_s46_persistence/fitting_membership.csv.gz
 create mode 100644 smart_building_conformal/outputs/matched_forecasting005/pleia_energy_h1_f2_s46_v1/units/pleia_energy_h1_f2_s46_persistence/model.json
 create mode 100644 smart_building_conformal/outputs/matched_forecasting005/pleia_energy_h1_f2_s46_v1/units/pleia_energy_h1_f2_s46_persistence/payload.json
 create mode 100644 smart_building_conformal/outputs/matched_forecasting005/pleia_energy_h1_f2_s46_v1/units/pleia_energy_h1_f2_s46_persistence/predictions.csv.gz
 create mode 100644 smart_building_conformal/outputs/matched_forecasting005/pleia_energy_h1_f2_s46_v1/units/pleia_energy_h1_f2_s46_persistence/training_history.csv.gz
 create mode 100644 smart_building_conformal/outputs/matched_forecasting005/pleia_energy_h1_f2_s46_v1/units/pleia_energy_h1_f2_s46_persistence/tuning.csv.gz
 create mode 100644 smart_building_conformal/outputs/matched_forecasting005/pleia_energy_h1_f2_s46_v1/units/pleia_energy_h1_f2_s46_persistence/tuning_predictions.csv.gz
 create mode 100644 smart_building_conformal/outputs/matched_forecasting005/pleia_energy_h1_f2_s46_v1/units/pleia_energy_h1_f2_s46_xgboost/COMPLETE.json
 create mode 100644 smart_building_conformal/outputs/matched_forecasting005/pleia_energy_h1_f2_s46_v1/units/pleia_energy_h1_f2_s46_xgboost/booster_config.json
 create mode 100644 smart_building_conformal/outputs/matched_forecasting005/pleia_energy_h1_f2_s46_v1/units/pleia_energy_h1_f2_s46_xgboost/calibration.csv.gz
 create mode 100644 smart_building_conformal/outputs/matched_forecasting005/pleia_energy_h1_f2_s46_v1/units/pleia_energy_h1_f2_s46_xgboost/fitting_membership.csv.gz
 create mode 100644 smart_building_conformal/outputs/matched_forecasting005/pleia_energy_h1_f2_s46_v1/units/pleia_energy_h1_f2_s46_xgboost/model.ubj
 create mode 100644 smart_building_conformal/outputs/matched_forecasting005/pleia_energy_h1_f2_s46_v1/units/pleia_energy_h1_f2_s46_xgboost/payload.json
 create mode 100644 smart_building_conformal/outputs/matched_forecasting005/pleia_energy_h1_f2_s46_v1/units/pleia_energy_h1_f2_s46_xgboost/predictions.csv.gz
 create mode 100644 smart_building_conformal/outputs/matched_forecasting005/pleia_energy_h1_f2_s46_v1/units/pleia_energy_h1_f2_s46_xgboost/training_history.csv.gz
 create mode 100644 smart_building_conformal/outputs/matched_forecasting005/pleia_energy_h1_f2_s46_v1/units/pleia_energy_h1_f2_s46_xgboost/tuning.csv.gz
 create mode 100644 smart_building_conformal/outputs/matched_forecasting005/pleia_energy_h1_f2_s46_v1/units/pleia_energy_h1_f2_s46_xgboost/tuning_predictions.csv.gz
 create mode 100644 smart_building_conformal/outputs/matched_forecasting005/pleia_energy_h3_f2_s46_v1.process.json
 create mode 100644 smart_building_conformal/outputs/matched_forecasting005/pleia_energy_h3_f2_s46_v1/checkpoint_io_20260914T020900035043.json
 create mode 100644 smart_building_conformal/outputs/matched_forecasting005/pleia_energy_h3_f2_s46_v1/checkpoint_manifest.json
 create mode 100644 smart_building_conformal/outputs/matched_forecasting005/pleia_energy_h3_f2_s46_v1/execution_environment.json
 create mode 100644 smart_building_conformal/outputs/matched_forecasting005/pleia_energy_h3_f2_s46_v1/fit_calls.jsonl
 create mode 100644 smart_building_conformal/outputs/matched_forecasting005/pleia_energy_h3_f2_s46_v1/interval_quality.csv
 create mode 100644 smart_building_conformal/outputs/matched_forecasting005/pleia_energy_h3_f2_s46_v1/point_summary.csv
 create mode 100644 smart_building_conformal/outputs/matched_forecasting005/pleia_energy_h3_f2_s46_v1/run_summary.json
 create mode 100644 smart_building_conformal/outputs/matched_forecasting005/pleia_energy_h3_f2_s46_v1/units/pleia_energy_h3_f2_s46_attention_lstm/COMPLETE.json
 create mode 100644 smart_building_conformal/outputs/matched_forecasting005/pleia_energy_h3_f2_s46_v1/units/pleia_energy_h3_f2_s46_attention_lstm/calibration.csv.gz
 create mode 100644 smart_building_conformal/outputs/matched_forecasting005/pleia_energy_h3_f2_s46_v1/units/pleia_energy_h3_f2_s46_attention_lstm/fitting_membership.csv.gz
 create mode 100644 smart_building_conformal/outputs/matched_forecasting005/pleia_energy_h3_f2_s46_v1/units/pleia_energy_h3_f2_s46_attention_lstm/model.pt
 create mode 100644 smart_building_conformal/outputs/matched_forecasting005/pleia_energy_h3_f2_s46_v1/units/pleia_energy_h3_f2_s46_attention_lstm/payload.json
 create mode 100644 smart_building_conformal/outputs/matched_forecasting005/pleia_energy_h3_f2_s46_v1/units/pleia_energy_h3_f2_s46_attention_lstm/predictions.csv.gz
 create mode 100644 smart_building_conformal/outputs/matched_forecasting005/pleia_energy_h3_f2_s46_v1/units/pleia_energy_h3_f2_s46_attention_lstm/training_history.csv.gz
 create mode 100644 smart_building_conformal/outputs/matched_forecasting005/pleia_energy_h3_f2_s46_v1/units/pleia_energy_h3_f2_s46_attention_lstm/tuning.csv.gz
 create mode 100644 smart_building_conformal/outputs/matched_forecasting005/pleia_energy_h3_f2_s46_v1/units/pleia_energy_h3_f2_s46_attention_lstm/tuning_predictions.csv.gz
 create mode 100644 smart_building_conformal/outputs/matched_forecasting005/pleia_energy_h3_f2_s46_v1/units/pleia_energy_h3_f2_s46_persistence/COMPLETE.json
 create mode 100644 smart_building_conformal/outputs/matched_forecasting005/pleia_energy_h3_f2_s46_v1/units/pleia_energy_h3_f2_s46_persistence/calibration.csv.gz
 create mode 100644 smart_building_conformal/outputs/matched_forecasting005/pleia_energy_h3_f2_s46_v1/units/pleia_energy_h3_f2_s46_persistence/fitting_membership.csv.gz
 create mode 100644 smart_building_conformal/outputs/matched_forecasting005/pleia_energy_h3_f2_s46_v1/units/pleia_energy_h3_f2_s46_persistence/model.json
 create mode 100644 smart_building_conformal/outputs/matched_forecasting005/pleia_energy_h3_f2_s46_v1/units/pleia_energy_h3_f2_s46_persistence/payload.json
 create mode 100644 smart_building_conformal/outputs/matched_forecasting005/pleia_energy_h3_f2_s46_v1/units/pleia_energy_h3_f2_s46_persistence/predictions.csv.gz
 create mode 100644 smart_building_conformal/outputs/matched_forecasting005/pleia_energy_h3_f2_s46_v1/units/pleia_energy_h3_f2_s46_persistence/training_history.csv.gz
 create mode 100644 smart_building_conformal/outputs/matched_forecasting005/pleia_energy_h3_f2_s46_v1/units/pleia_energy_h3_f2_s46_persistence/tuning.csv.gz
 create mode 100644 smart_building_conformal/outputs/matched_forecasting005/pleia_energy_h3_f2_s46_v1/units/pleia_energy_h3_f2_s46_persistence/tuning_predictions.csv.gz
 create mode 100644 smart_building_conformal/outputs/matched_forecasting005/pleia_energy_h3_f2_s46_v1/units/pleia_energy_h3_f2_s46_xgboost/COMPLETE.json
 create mode 100644 smart_building_conformal/outputs/matched_forecasting005/pleia_energy_h3_f2_s46_v1/units/pleia_energy_h3_f2_s46_xgboost/booster_config.json
 create mode 100644 smart_building_conformal/outputs/matched_forecasting005/pleia_energy_h3_f2_s46_v1/units/pleia_energy_h3_f2_s46_xgboost/calibration.csv.gz
 create mode 100644 smart_building_conformal/outputs/matched_forecasting005/pleia_energy_h3_f2_s46_v1/units/pleia_energy_h3_f2_s46_xgboost/fitting_membership.csv.gz
 create mode 100644 smart_building_conformal/outputs/matched_forecasting005/pleia_energy_h3_f2_s46_v1/units/pleia_energy_h3_f2_s46_xgboost/model.ubj
 create mode 100644 smart_building_conformal/outputs/matched_forecasting005/pleia_energy_h3_f2_s46_v1/units/pleia_energy_h3_f2_s46_xgboost/payload.json
 create mode 100644 smart_building_conformal/outputs/matched_forecasting005/pleia_energy_h3_f2_s46_v1/units/pleia_energy_h3_f2_s46_xgboost/predictions.csv.gz
 create mode 100644 smart_building_conformal/outputs/matched_forecasting005/pleia_energy_h3_f2_s46_v1/units/pleia_energy_h3_f2_s46_xgboost/training_history.csv.gz
 create mode 100644 smart_building_conformal/outputs/matched_forecasting005/pleia_energy_h3_f2_s46_v1/units/pleia_energy_h3_f2_s46_xgboost/tuning.csv.gz
 create mode 100644 smart_building_conformal/outputs/matched_forecasting005/pleia_energy_h3_f2_s46_v1/units/pleia_energy_h3_f2_s46_xgboost/tuning_predictions.csv.gz
 create mode 100644 smart_building_conformal/outputs/matched_forecasting005/pleia_energy_h6_f2_s46_v1.process.json
 create mode 100644 smart_building_conformal/outputs/matched_forecasting005/pleia_energy_h6_f2_s46_v1/checkpoint_io_20260914T021045718767.json
 create mode 100644 smart_building_conformal/outputs/matched_forecasting005/pleia_energy_h6_f2_s46_v1/checkpoint_manifest.json
 create mode 100644 smart_building_conformal/outputs/matched_forecasting005/pleia_energy_h6_f2_s46_v1/execution_environment.json
 create mode 100644 smart_building_conformal/outputs/matched_forecasting005/pleia_energy_h6_f2_s46_v1/fit_calls.jsonl
 create mode 100644 smart_building_conformal/outputs/matched_forecasting005/pleia_energy_h6_f2_s46_v1/interval_quality.csv
 create mode 100644 smart_building_conformal/outputs/matched_forecasting005/pleia_energy_h6_f2_s46_v1/point_summary.csv
 create mode 100644 smart_building_conformal/outputs/matched_forecasting005/pleia_energy_h6_f2_s46_v1/run_summary.json
 create mode 100644 smart_building_conformal/outputs/matched_forecasting005/pleia_energy_h6_f2_s46_v1/units/pleia_energy_h6_f2_s46_attention_lstm/COMPLETE.json
 create mode 100644 smart_building_conformal/outputs/matched_forecasting005/pleia_energy_h6_f2_s46_v1/units/pleia_energy_h6_f2_s46_attention_lstm/calibration.csv.gz
 create mode 100644 smart_building_conformal/outputs/matched_forecasting005/pleia_energy_h6_f2_s46_v1/units/pleia_energy_h6_f2_s46_attention_lstm/fitting_membership.csv.gz
 create mode 100644 smart_building_conformal/outputs/matched_forecasting005/pleia_energy_h6_f2_s46_v1/units/pleia_energy_h6_f2_s46_attention_lstm/model.pt
 create mode 100644 smart_building_conformal/outputs/matched_forecasting005/pleia_energy_h6_f2_s46_v1/units/pleia_energy_h6_f2_s46_attention_lstm/payload.json
 create mode 100644 smart_building_conformal/outputs/matched_forecasting005/pleia_energy_h6_f2_s46_v1/units/pleia_energy_h6_f2_s46_attention_lstm/predictions.csv.gz
 create mode 100644 smart_building_conformal/outputs/matched_forecasting005/pleia_energy_h6_f2_s46_v1/units/pleia_energy_h6_f2_s46_attention_lstm/training_history.csv.gz
 create mode 100644 smart_building_conformal/outputs/matched_forecasting005/pleia_energy_h6_f2_s46_v1/units/pleia_energy_h6_f2_s46_attention_lstm/tuning.csv.gz
 create mode 100644 smart_building_conformal/outputs/matched_forecasting005/pleia_energy_h6_f2_s46_v1/units/pleia_energy_h6_f2_s46_attention_lstm/tuning_predictions.csv.gz
 create mode 100644 smart_building_conformal/outputs/matched_forecasting005/pleia_energy_h6_f2_s46_v1/units/pleia_energy_h6_f2_s46_persistence/COMPLETE.json
 create mode 100644 smart_building_conformal/outputs/matched_forecasting005/pleia_energy_h6_f2_s46_v1/units/pleia_energy_h6_f2_s46_persistence/calibration.csv.gz
 create mode 100644 smart_building_conformal/outputs/matched_forecasting005/pleia_energy_h6_f2_s46_v1/units/pleia_energy_h6_f2_s46_persistence/fitting_membership.csv.gz
 create mode 100644 smart_building_conformal/outputs/matched_forecasting005/pleia_energy_h6_f2_s46_v1/units/pleia_energy_h6_f2_s46_persistence/model.json
 create mode 100644 smart_building_conformal/outputs/matched_forecasting005/pleia_energy_h6_f2_s46_v1/units/pleia_energy_h6_f2_s46_persistence/payload.json
 create mode 100644 smart_building_conformal/outputs/matched_forecasting005/pleia_energy_h6_f2_s46_v1/units/pleia_energy_h6_f2_s46_persistence/predictions.csv.gz
 create mode 100644 smart_building_conformal/outputs/matched_forecasting005/pleia_energy_h6_f2_s46_v1/units/pleia_energy_h6_f2_s46_persistence/training_history.csv.gz
 create mode 100644 smart_building_conformal/outputs/matched_forecasting005/pleia_energy_h6_f2_s46_v1/units/pleia_energy_h6_f2_s46_persistence/tuning.csv.gz
 create mode 100644 smart_building_conformal/outputs/matched_forecasting005/pleia_energy_h6_f2_s46_v1/units/pleia_energy_h6_f2_s46_persistence/tuning_predictions.csv.gz
 create mode 100644 smart_building_conformal/outputs/matched_forecasting005/pleia_energy_h6_f2_s46_v1/units/pleia_energy_h6_f2_s46_xgboost/COMPLETE.json
 create mode 100644 smart_building_conformal/outputs/matched_forecasting005/pleia_energy_h6_f2_s46_v1/units/pleia_energy_h6_f2_s46_xgboost/booster_config.json
 create mode 100644 smart_building_conformal/outputs/matched_forecasting005/pleia_energy_h6_f2_s46_v1/units/pleia_energy_h6_f2_s46_xgboost/calibration.csv.gz
 create mode 100644 smart_building_conformal/outputs/matched_forecasting005/pleia_energy_h6_f2_s46_v1/units/pleia_energy_h6_f2_s46_xgboost/fitting_membership.csv.gz
 create mode 100644 smart_building_conformal/outputs/matched_forecasting005/pleia_energy_h6_f2_s46_v1/units/pleia_energy_h6_f2_s46_xgboost/model.ubj
 create mode 100644 smart_building_conformal/outputs/matched_forecasting005/pleia_energy_h6_f2_s46_v1/units/pleia_energy_h6_f2_s46_xgboost/payload.json
 create mode 100644 smart_building_conformal/outputs/matched_forecasting005/pleia_energy_h6_f2_s46_v1/units/pleia_energy_h6_f2_s46_xgboost/predictions.csv.gz
 create mode 100644 smart_building_conformal/outputs/matched_forecasting005/pleia_energy_h6_f2_s46_v1/units/pleia_energy_h6_f2_s46_xgboost/training_history.csv.gz
 create mode 100644 smart_building_conformal/outputs/matched_forecasting005/pleia_energy_h6_f2_s46_v1/units/pleia_energy_h6_f2_s46_xgboost/tuning.csv.gz
 create mode 100644 smart_building_conformal/outputs/matched_forecasting005/pleia_energy_h6_f2_s46_v1/units/pleia_energy_h6_f2_s46_xgboost/tuning_predictions.csv.gz
 create mode 100644 smart_building_conformal/outputs/matched_forecasting005/pleia_h1_f2_s46_v1.process.json
 create mode 100644 smart_building_conformal/outputs/matched_forecasting005/pleia_h1_f2_s46_v1/checkpoint_io_20260914T025756030054.json
 create mode 100644 smart_building_conformal/outputs/matched_forecasting005/pleia_h1_f2_s46_v1/checkpoint_manifest.json
 create mode 100644 smart_building_conformal/outputs/matched_forecasting005/pleia_h1_f2_s46_v1/execution_environment.json
 create mode 100644 smart_building_conformal/outputs/matched_forecasting005/pleia_h1_f2_s46_v1/fit_calls.jsonl
 create mode 100644 smart_building_conformal/outputs/matched_forecasting005/pleia_h1_f2_s46_v1/interval_quality.csv
 create mode 100644 smart_building_conformal/outputs/matched_forecasting005/pleia_h1_f2_s46_v1/point_summary.csv
 create mode 100644 smart_building_conformal/outputs/matched_forecasting005/pleia_h1_f2_s46_v1/run_summary.json
 create mode 100644 smart_building_conformal/outputs/matched_forecasting005/pleia_h1_f2_s46_v1/units/pleia_h1_f2_s46_attention_lstm/COMPLETE.json
 create mode 100644 smart_building_conformal/outputs/matched_forecasting005/pleia_h1_f2_s46_v1/units/pleia_h1_f2_s46_attention_lstm/calibration.csv.gz
 create mode 100644 smart_building_conformal/outputs/matched_forecasting005/pleia_h1_f2_s46_v1/units/pleia_h1_f2_s46_attention_lstm/fitting_membership.csv.gz
 create mode 100644 smart_building_conformal/outputs/matched_forecasting005/pleia_h1_f2_s46_v1/units/pleia_h1_f2_s46_attention_lstm/model.pt
 create mode 100644 smart_building_conformal/outputs/matched_forecasting005/pleia_h1_f2_s46_v1/units/pleia_h1_f2_s46_attention_lstm/payload.json
 create mode 100644 smart_building_conformal/outputs/matched_forecasting005/pleia_h1_f2_s46_v1/units/pleia_h1_f2_s46_attention_lstm/predictions.csv.gz
 create mode 100644 smart_building_conformal/outputs/matched_forecasting005/pleia_h1_f2_s46_v1/units/pleia_h1_f2_s46_attention_lstm/training_history.csv.gz
 create mode 100644 smart_building_conformal/outputs/matched_forecasting005/pleia_h1_f2_s46_v1/units/pleia_h1_f2_s46_attention_lstm/tuning.csv.gz
 create mode 100644 smart_building_conformal/outputs/matched_forecasting005/pleia_h1_f2_s46_v1/units/pleia_h1_f2_s46_attention_lstm/tuning_predictions.csv.gz
 create mode 100644 smart_building_conformal/outputs/matched_forecasting005/pleia_h1_f2_s46_v1/units/pleia_h1_f2_s46_persistence/COMPLETE.json
 create mode 100644 smart_building_conformal/outputs/matched_forecasting005/pleia_h1_f2_s46_v1/units/pleia_h1_f2_s46_persistence/calibration.csv.gz
 create mode 100644 smart_building_conformal/outputs/matched_forecasting005/pleia_h1_f2_s46_v1/units/pleia_h1_f2_s46_persistence/fitting_membership.csv.gz
 create mode 100644 smart_building_conformal/outputs/matched_forecasting005/pleia_h1_f2_s46_v1/units/pleia_h1_f2_s46_persistence/model.json
 create mode 100644 smart_building_conformal/outputs/matched_forecasting005/pleia_h1_f2_s46_v1/units/pleia_h1_f2_s46_persistence/payload.json
 create mode 100644 smart_building_conformal/outputs/matched_forecasting005/pleia_h1_f2_s46_v1/units/pleia_h1_f2_s46_persistence/predictions.csv.gz
 create mode 100644 smart_building_conformal/outputs/matched_forecasting005/pleia_h1_f2_s46_v1/units/pleia_h1_f2_s46_persistence/training_history.csv.gz
 create mode 100644 smart_building_conformal/outputs/matched_forecasting005/pleia_h1_f2_s46_v1/units/pleia_h1_f2_s46_persistence/tuning.csv.gz
 create mode 100644 smart_building_conformal/outputs/matched_forecasting005/pleia_h1_f2_s46_v1/units/pleia_h1_f2_s46_persistence/tuning_predictions.csv.gz
 create mode 100644 smart_building_conformal/outputs/matched_forecasting005/pleia_h1_f2_s46_v1/units/pleia_h1_f2_s46_xgboost/COMPLETE.json
 create mode 100644 smart_building_conformal/outputs/matched_forecasting005/pleia_h1_f2_s46_v1/units/pleia_h1_f2_s46_xgboost/booster_config.json
 create mode 100644 smart_building_conformal/outputs/matched_forecasting005/pleia_h1_f2_s46_v1/units/pleia_h1_f2_s46_xgboost/calibration.csv.gz
 create mode 100644 smart_building_conformal/outputs/matched_forecasting005/pleia_h1_f2_s46_v1/units/pleia_h1_f2_s46_xgboost/fitting_membership.csv.gz
 create mode 100644 smart_building_conformal/outputs/matched_forecasting005/pleia_h1_f2_s46_v1/units/pleia_h1_f2_s46_xgboost/model.ubj
 create mode 100644 smart_building_conformal/outputs/matched_forecasting005/pleia_h1_f2_s46_v1/units/pleia_h1_f2_s46_xgboost/payload.json
 create mode 100644 smart_building_conformal/outputs/matched_forecasting005/pleia_h1_f2_s46_v1/units/pleia_h1_f2_s46_xgboost/predictions.csv.gz
 create mode 100644 smart_building_conformal/outputs/matched_forecasting005/pleia_h1_f2_s46_v1/units/pleia_h1_f2_s46_xgboost/training_history.csv.gz
 create mode 100644 smart_building_conformal/outputs/matched_forecasting005/pleia_h1_f2_s46_v1/units/pleia_h1_f2_s46_xgboost/tuning.csv.gz
 create mode 100644 smart_building_conformal/outputs/matched_forecasting005/pleia_h1_f2_s46_v1/units/pleia_h1_f2_s46_xgboost/tuning_predictions.csv.gz
 create mode 100644 smart_building_conformal/outputs/matched_forecasting005/pleia_h3_f2_s46_v1.process.json
 create mode 100644 smart_building_conformal/outputs/matched_forecasting005/pleia_h3_f2_s46_v1/checkpoint_io_20260914T030141847712.json
 create mode 100644 smart_building_conformal/outputs/matched_forecasting005/pleia_h3_f2_s46_v1/checkpoint_manifest.json
 create mode 100644 smart_building_conformal/outputs/matched_forecasting005/pleia_h3_f2_s46_v1/execution_environment.json
 create mode 100644 smart_building_conformal/outputs/matched_forecasting005/pleia_h3_f2_s46_v1/fit_calls.jsonl
 create mode 100644 smart_building_conformal/outputs/matched_forecasting005/pleia_h3_f2_s46_v1/interval_quality.csv
 create mode 100644 smart_building_conformal/outputs/matched_forecasting005/pleia_h3_f2_s46_v1/point_summary.csv
 create mode 100644 smart_building_conformal/outputs/matched_forecasting005/pleia_h3_f2_s46_v1/run_summary.json
 create mode 100644 smart_building_conformal/outputs/matched_forecasting005/pleia_h3_f2_s46_v1/units/pleia_h3_f2_s46_attention_lstm/COMPLETE.json
 create mode 100644 smart_building_conformal/outputs/matched_forecasting005/pleia_h3_f2_s46_v1/units/pleia_h3_f2_s46_attention_lstm/calibration.csv.gz
 create mode 100644 smart_building_conformal/outputs/matched_forecasting005/pleia_h3_f2_s46_v1/units/pleia_h3_f2_s46_attention_lstm/fitting_membership.csv.gz
 create mode 100644 smart_building_conformal/outputs/matched_forecasting005/pleia_h3_f2_s46_v1/units/pleia_h3_f2_s46_attention_lstm/model.pt
 create mode 100644 smart_building_conformal/outputs/matched_forecasting005/pleia_h3_f2_s46_v1/units/pleia_h3_f2_s46_attention_lstm/payload.json
 create mode 100644 smart_building_conformal/outputs/matched_forecasting005/pleia_h3_f2_s46_v1/units/pleia_h3_f2_s46_attention_lstm/predictions.csv.gz
 create mode 100644 smart_building_conformal/outputs/matched_forecasting005/pleia_h3_f2_s46_v1/units/pleia_h3_f2_s46_attention_lstm/training_history.csv.gz
 create mode 100644 smart_building_conformal/outputs/matched_forecasting005/pleia_h3_f2_s46_v1/units/pleia_h3_f2_s46_attention_lstm/tuning.csv.gz
 create mode 100644 smart_building_conformal/outputs/matched_forecasting005/pleia_h3_f2_s46_v1/units/pleia_h3_f2_s46_attention_lstm/tuning_predictions.csv.gz
 create mode 100644 smart_building_conformal/outputs/matched_forecasting005/pleia_h3_f2_s46_v1/units/pleia_h3_f2_s46_persistence/COMPLETE.json
 create mode 100644 smart_building_conformal/outputs/matched_forecasting005/pleia_h3_f2_s46_v1/units/pleia_h3_f2_s46_persistence/calibration.csv.gz
 create mode 100644 smart_building_conformal/outputs/matched_forecasting005/pleia_h3_f2_s46_v1/units/pleia_h3_f2_s46_persistence/fitting_membership.csv.gz
 create mode 100644 smart_building_conformal/outputs/matched_forecasting005/pleia_h3_f2_s46_v1/units/pleia_h3_f2_s46_persistence/model.json
 create mode 100644 smart_building_conformal/outputs/matched_forecasting005/pleia_h3_f2_s46_v1/units/pleia_h3_f2_s46_persistence/payload.json
 create mode 100644 smart_building_conformal/outputs/matched_forecasting005/pleia_h3_f2_s46_v1/units/pleia_h3_f2_s46_persistence/predictions.csv.gz
 create mode 100644 smart_building_conformal/outputs/matched_forecasting005/pleia_h3_f2_s46_v1/units/pleia_h3_f2_s46_persistence/training_history.csv.gz
 create mode 100644 smart_building_conformal/outputs/matched_forecasting005/pleia_h3_f2_s46_v1/units/pleia_h3_f2_s46_persistence/tuning.csv.gz
 create mode 100644 smart_building_conformal/outputs/matched_forecasting005/pleia_h3_f2_s46_v1/units/pleia_h3_f2_s46_persistence/tuning_predictions.csv.gz
 create mode 100644 smart_building_conformal/outputs/matched_forecasting005/pleia_h3_f2_s46_v1/units/pleia_h3_f2_s46_xgboost/COMPLETE.json
 create mode 100644 smart_building_conformal/outputs/matched_forecasting005/pleia_h3_f2_s46_v1/units/pleia_h3_f2_s46_xgboost/booster_config.json
 create mode 100644 smart_building_conformal/outputs/matched_forecasting005/pleia_h3_f2_s46_v1/units/pleia_h3_f2_s46_xgboost/calibration.csv.gz
 create mode 100644 smart_building_conformal/outputs/matched_forecasting005/pleia_h3_f2_s46_v1/units/pleia_h3_f2_s46_xgboost/fitting_membership.csv.gz
 create mode 100644 smart_building_conformal/outputs/matched_forecasting005/pleia_h3_f2_s46_v1/units/pleia_h3_f2_s46_xgboost/model.ubj
 create mode 100644 smart_building_conformal/outputs/matched_forecasting005/pleia_h3_f2_s46_v1/units/pleia_h3_f2_s46_xgboost/payload.json
 create mode 100644 smart_building_conformal/outputs/matched_forecasting005/pleia_h3_f2_s46_v1/units/pleia_h3_f2_s46_xgboost/predictions.csv.gz
 create mode 100644 smart_building_conformal/outputs/matched_forecasting005/pleia_h3_f2_s46_v1/units/pleia_h3_f2_s46_xgboost/training_history.csv.gz
 create mode 100644 smart_building_conformal/outputs/matched_forecasting005/pleia_h3_f2_s46_v1/units/pleia_h3_f2_s46_xgboost/tuning.csv.gz
 create mode 100644 smart_building_conformal/outputs/matched_forecasting005/pleia_h3_f2_s46_v1/units/pleia_h3_f2_s46_xgboost/tuning_predictions.csv.gz
 create mode 100644 smart_building_conformal/outputs/matched_forecasting005/pleia_h6_f2_s46_v1.process.json
 create mode 100644 smart_building_conformal/outputs/matched_forecasting005/pleia_h6_f2_s46_v1/checkpoint_io_20260914T030419008021.json
 create mode 100644 smart_building_conformal/outputs/matched_forecasting005/pleia_h6_f2_s46_v1/checkpoint_manifest.json
 create mode 100644 smart_building_conformal/outputs/matched_forecasting005/pleia_h6_f2_s46_v1/execution_environment.json
 create mode 100644 smart_building_conformal/outputs/matched_forecasting005/pleia_h6_f2_s46_v1/fit_calls.jsonl
 create mode 100644 smart_building_conformal/outputs/matched_forecasting005/pleia_h6_f2_s46_v1/interval_quality.csv
 create mode 100644 smart_building_conformal/outputs/matched_forecasting005/pleia_h6_f2_s46_v1/point_summary.csv
 create mode 100644 smart_building_conformal/outputs/matched_forecasting005/pleia_h6_f2_s46_v1/run_summary.json
 create mode 100644 smart_building_conformal/outputs/matched_forecasting005/pleia_h6_f2_s46_v1/units/pleia_h6_f2_s46_attention_lstm/COMPLETE.json
 create mode 100644 smart_building_conformal/outputs/matched_forecasting005/pleia_h6_f2_s46_v1/units/pleia_h6_f2_s46_attention_lstm/calibration.csv.gz
 create mode 100644 smart_building_conformal/outputs/matched_forecasting005/pleia_h6_f2_s46_v1/units/pleia_h6_f2_s46_attention_lstm/fitting_membership.csv.gz
 create mode 100644 smart_building_conformal/outputs/matched_forecasting005/pleia_h6_f2_s46_v1/units/pleia_h6_f2_s46_attention_lstm/model.pt
 create mode 100644 smart_building_conformal/outputs/matched_forecasting005/pleia_h6_f2_s46_v1/units/pleia_h6_f2_s46_attention_lstm/payload.json
 create mode 100644 smart_building_conformal/outputs/matched_forecasting005/pleia_h6_f2_s46_v1/units/pleia_h6_f2_s46_attention_lstm/predictions.csv.gz
 create mode 100644 smart_building_conformal/outputs/matched_forecasting005/pleia_h6_f2_s46_v1/units/pleia_h6_f2_s46_attention_lstm/training_history.csv.gz
 create mode 100644 smart_building_conformal/outputs/matched_forecasting005/pleia_h6_f2_s46_v1/units/pleia_h6_f2_s46_attention_lstm/tuning.csv.gz
 create mode 100644 smart_building_conformal/outputs/matched_forecasting005/pleia_h6_f2_s46_v1/units/pleia_h6_f2_s46_attention_lstm/tuning_predictions.csv.gz
 create mode 100644 smart_building_conformal/outputs/matched_forecasting005/pleia_h6_f2_s46_v1/units/pleia_h6_f2_s46_persistence/COMPLETE.json
 create mode 100644 smart_building_conformal/outputs/matched_forecasting005/pleia_h6_f2_s46_v1/units/pleia_h6_f2_s46_persistence/calibration.csv.gz
 create mode 100644 smart_building_conformal/outputs/matched_forecasting005/pleia_h6_f2_s46_v1/units/pleia_h6_f2_s46_persistence/fitting_membership.csv.gz
 create mode 100644 smart_building_conformal/outputs/matched_forecasting005/pleia_h6_f2_s46_v1/units/pleia_h6_f2_s46_persistence/model.json
 create mode 100644 smart_building_conformal/outputs/matched_forecasting005/pleia_h6_f2_s46_v1/units/pleia_h6_f2_s46_persistence/payload.json
 create mode 100644 smart_building_conformal/outputs/matched_forecasting005/pleia_h6_f2_s46_v1/units/pleia_h6_f2_s46_persistence/predictions.csv.gz
 create mode 100644 smart_building_conformal/outputs/matched_forecasting005/pleia_h6_f2_s46_v1/units/pleia_h6_f2_s46_persistence/training_history.csv.gz
 create mode 100644 smart_building_conformal/outputs/matched_forecasting005/pleia_h6_f2_s46_v1/units/pleia_h6_f2_s46_persistence/tuning.csv.gz
 create mode 100644 smart_building_conformal/outputs/matched_forecasting005/pleia_h6_f2_s46_v1/units/pleia_h6_f2_s46_persistence/tuning_predictions.csv.gz
 create mode 100644 smart_building_conformal/outputs/matched_forecasting005/pleia_h6_f2_s46_v1/units/pleia_h6_f2_s46_xgboost/COMPLETE.json
 create mode 100644 smart_building_conformal/outputs/matched_forecasting005/pleia_h6_f2_s46_v1/units/pleia_h6_f2_s46_xgboost/booster_config.json
 create mode 100644 smart_building_conformal/outputs/matched_forecasting005/pleia_h6_f2_s46_v1/units/pleia_h6_f2_s46_xgboost/calibration.csv.gz
 create mode 100644 smart_building_conformal/outputs/matched_forecasting005/pleia_h6_f2_s46_v1/units/pleia_h6_f2_s46_xgboost/fitting_membership.csv.gz
 create mode 100644 smart_building_conformal/outputs/matched_forecasting005/pleia_h6_f2_s46_v1/units/pleia_h6_f2_s46_xgboost/model.ubj
 create mode 100644 smart_building_conformal/outputs/matched_forecasting005/pleia_h6_f2_s46_v1/units/pleia_h6_f2_s46_xgboost/payload.json
 create mode 100644 smart_building_conformal/outputs/matched_forecasting005/pleia_h6_f2_s46_v1/units/pleia_h6_f2_s46_xgboost/predictions.csv.gz
 create mode 100644 smart_building_conformal/outputs/matched_forecasting005/pleia_h6_f2_s46_v1/units/pleia_h6_f2_s46_xgboost/training_history.csv.gz
 create mode 100644 smart_building_conformal/outputs/matched_forecasting005/pleia_h6_f2_s46_v1/units/pleia_h6_f2_s46_xgboost/tuning.csv.gz
 create mode 100644 smart_building_conformal/outputs/matched_forecasting005/pleia_h6_f2_s46_v1/units/pleia_h6_f2_s46_xgboost/tuning_predictions.csv.gz
 create mode 100644 smart_building_conformal/outputs/matched_forecasting005/rico_h15_f2_s46_v1.process.json
 create mode 100644 smart_building_conformal/outputs/matched_forecasting005/rico_h15_f2_s46_v1/checkpoint_io_20260914T021638958989.json
 create mode 100644 smart_building_conformal/outputs/matched_forecasting005/rico_h15_f2_s46_v1/checkpoint_manifest.json
 create mode 100644 smart_building_conformal/outputs/matched_forecasting005/rico_h15_f2_s46_v1/execution_environment.json
 create mode 100644 smart_building_conformal/outputs/matched_forecasting005/rico_h15_f2_s46_v1/fit_calls.jsonl
 create mode 100644 smart_building_conformal/outputs/matched_forecasting005/rico_h15_f2_s46_v1/interval_quality.csv
 create mode 100644 smart_building_conformal/outputs/matched_forecasting005/rico_h15_f2_s46_v1/point_summary.csv
 create mode 100644 smart_building_conformal/outputs/matched_forecasting005/rico_h15_f2_s46_v1/run_summary.json
 create mode 100644 smart_building_conformal/outputs/matched_forecasting005/rico_h15_f2_s46_v1/units/rico_h15_f2_s46_attention_lstm/COMPLETE.json
 create mode 100644 smart_building_conformal/outputs/matched_forecasting005/rico_h15_f2_s46_v1/units/rico_h15_f2_s46_attention_lstm/calibration.csv.gz
 create mode 100644 smart_building_conformal/outputs/matched_forecasting005/rico_h15_f2_s46_v1/units/rico_h15_f2_s46_attention_lstm/fitting_membership.csv.gz
 create mode 100644 smart_building_conformal/outputs/matched_forecasting005/rico_h15_f2_s46_v1/units/rico_h15_f2_s46_attention_lstm/model.pt
 create mode 100644 smart_building_conformal/outputs/matched_forecasting005/rico_h15_f2_s46_v1/units/rico_h15_f2_s46_attention_lstm/payload.json
 create mode 100644 smart_building_conformal/outputs/matched_forecasting005/rico_h15_f2_s46_v1/units/rico_h15_f2_s46_attention_lstm/predictions.csv.gz
 create mode 100644 smart_building_conformal/outputs/matched_forecasting005/rico_h15_f2_s46_v1/units/rico_h15_f2_s46_attention_lstm/training_history.csv.gz
 create mode 100644 smart_building_conformal/outputs/matched_forecasting005/rico_h15_f2_s46_v1/units/rico_h15_f2_s46_attention_lstm/tuning.csv.gz
 create mode 100644 smart_building_conformal/outputs/matched_forecasting005/rico_h15_f2_s46_v1/units/rico_h15_f2_s46_attention_lstm/tuning_predictions.csv.gz
 create mode 100644 smart_building_conformal/outputs/matched_forecasting005/rico_h15_f2_s46_v1/units/rico_h15_f2_s46_persistence/COMPLETE.json
 create mode 100644 smart_building_conformal/outputs/matched_forecasting005/rico_h15_f2_s46_v1/units/rico_h15_f2_s46_persistence/calibration.csv.gz
 create mode 100644 smart_building_conformal/outputs/matched_forecasting005/rico_h15_f2_s46_v1/units/rico_h15_f2_s46_persistence/fitting_membership.csv.gz
 create mode 100644 smart_building_conformal/outputs/matched_forecasting005/rico_h15_f2_s46_v1/units/rico_h15_f2_s46_persistence/model.json
 create mode 100644 smart_building_conformal/outputs/matched_forecasting005/rico_h15_f2_s46_v1/units/rico_h15_f2_s46_persistence/payload.json
 create mode 100644 smart_building_conformal/outputs/matched_forecasting005/rico_h15_f2_s46_v1/units/rico_h15_f2_s46_persistence/predictions.csv.gz
 create mode 100644 smart_building_conformal/outputs/matched_forecasting005/rico_h15_f2_s46_v1/units/rico_h15_f2_s46_persistence/training_history.csv.gz
 create mode 100644 smart_building_conformal/outputs/matched_forecasting005/rico_h15_f2_s46_v1/units/rico_h15_f2_s46_persistence/tuning.csv.gz
 create mode 100644 smart_building_conformal/outputs/matched_forecasting005/rico_h15_f2_s46_v1/units/rico_h15_f2_s46_persistence/tuning_predictions.csv.gz
 create mode 100644 smart_building_conformal/outputs/matched_forecasting005/rico_h15_f2_s46_v1/units/rico_h15_f2_s46_xgboost/COMPLETE.json
 create mode 100644 smart_building_conformal/outputs/matched_forecasting005/rico_h15_f2_s46_v1/units/rico_h15_f2_s46_xgboost/booster_config.json
 create mode 100644 smart_building_conformal/outputs/matched_forecasting005/rico_h15_f2_s46_v1/units/rico_h15_f2_s46_xgboost/calibration.csv.gz
 create mode 100644 smart_building_conformal/outputs/matched_forecasting005/rico_h15_f2_s46_v1/units/rico_h15_f2_s46_xgboost/fitting_membership.csv.gz
 create mode 100644 smart_building_conformal/outputs/matched_forecasting005/rico_h15_f2_s46_v1/units/rico_h15_f2_s46_xgboost/model.ubj
 create mode 100644 smart_building_conformal/outputs/matched_forecasting005/rico_h15_f2_s46_v1/units/rico_h15_f2_s46_xgboost/payload.json
 create mode 100644 smart_building_conformal/outputs/matched_forecasting005/rico_h15_f2_s46_v1/units/rico_h15_f2_s46_xgboost/predictions.csv.gz
 create mode 100644 smart_building_conformal/outputs/matched_forecasting005/rico_h15_f2_s46_v1/units/rico_h15_f2_s46_xgboost/training_history.csv.gz
 create mode 100644 smart_building_conformal/outputs/matched_forecasting005/rico_h15_f2_s46_v1/units/rico_h15_f2_s46_xgboost/tuning.csv.gz
 create mode 100644 smart_building_conformal/outputs/matched_forecasting005/rico_h15_f2_s46_v1/units/rico_h15_f2_s46_xgboost/tuning_predictions.csv.gz
 create mode 100644 smart_building_conformal/outputs/matched_forecasting005/rico_h30_f2_s46_v1.process.json
 create mode 100644 smart_building_conformal/outputs/matched_forecasting005/rico_h30_f2_s46_v1/checkpoint_io_20260914T021906392094.json
 create mode 100644 smart_building_conformal/outputs/matched_forecasting005/rico_h30_f2_s46_v1/checkpoint_manifest.json
 create mode 100644 smart_building_conformal/outputs/matched_forecasting005/rico_h30_f2_s46_v1/execution_environment.json
 create mode 100644 smart_building_conformal/outputs/matched_forecasting005/rico_h30_f2_s46_v1/fit_calls.jsonl
 create mode 100644 smart_building_conformal/outputs/matched_forecasting005/rico_h30_f2_s46_v1/interval_quality.csv
 create mode 100644 smart_building_conformal/outputs/matched_forecasting005/rico_h30_f2_s46_v1/point_summary.csv
 create mode 100644 smart_building_conformal/outputs/matched_forecasting005/rico_h30_f2_s46_v1/run_summary.json
 create mode 100644 smart_building_conformal/outputs/matched_forecasting005/rico_h30_f2_s46_v1/units/rico_h30_f2_s46_attention_lstm/COMPLETE.json
 create mode 100644 smart_building_conformal/outputs/matched_forecasting005/rico_h30_f2_s46_v1/units/rico_h30_f2_s46_attention_lstm/calibration.csv.gz
 create mode 100644 smart_building_conformal/outputs/matched_forecasting005/rico_h30_f2_s46_v1/units/rico_h30_f2_s46_attention_lstm/fitting_membership.csv.gz
 create mode 100644 smart_building_conformal/outputs/matched_forecasting005/rico_h30_f2_s46_v1/units/rico_h30_f2_s46_attention_lstm/model.pt
 create mode 100644 smart_building_conformal/outputs/matched_forecasting005/rico_h30_f2_s46_v1/units/rico_h30_f2_s46_attention_lstm/payload.json
 create mode 100644 smart_building_conformal/outputs/matched_forecasting005/rico_h30_f2_s46_v1/units/rico_h30_f2_s46_attention_lstm/predictions.csv.gz
 create mode 100644 smart_building_conformal/outputs/matched_forecasting005/rico_h30_f2_s46_v1/units/rico_h30_f2_s46_attention_lstm/training_history.csv.gz
 create mode 100644 smart_building_conformal/outputs/matched_forecasting005/rico_h30_f2_s46_v1/units/rico_h30_f2_s46_attention_lstm/tuning.csv.gz
 create mode 100644 smart_building_conformal/outputs/matched_forecasting005/rico_h30_f2_s46_v1/units/rico_h30_f2_s46_attention_lstm/tuning_predictions.csv.gz
 create mode 100644 smart_building_conformal/outputs/matched_forecasting005/rico_h30_f2_s46_v1/units/rico_h30_f2_s46_persistence/COMPLETE.json
 create mode 100644 smart_building_conformal/outputs/matched_forecasting005/rico_h30_f2_s46_v1/units/rico_h30_f2_s46_persistence/calibration.csv.gz
 create mode 100644 smart_building_conformal/outputs/matched_forecasting005/rico_h30_f2_s46_v1/units/rico_h30_f2_s46_persistence/fitting_membership.csv.gz
 create mode 100644 smart_building_conformal/outputs/matched_forecasting005/rico_h30_f2_s46_v1/units/rico_h30_f2_s46_persistence/model.json
 create mode 100644 smart_building_conformal/outputs/matched_forecasting005/rico_h30_f2_s46_v1/units/rico_h30_f2_s46_persistence/payload.json
 create mode 100644 smart_building_conformal/outputs/matched_forecasting005/rico_h30_f2_s46_v1/units/rico_h30_f2_s46_persistence/predictions.csv.gz
 create mode 100644 smart_building_conformal/outputs/matched_forecasting005/rico_h30_f2_s46_v1/units/rico_h30_f2_s46_persistence/training_history.csv.gz
 create mode 100644 smart_building_conformal/outputs/matched_forecasting005/rico_h30_f2_s46_v1/units/rico_h30_f2_s46_persistence/tuning.csv.gz
 create mode 100644 smart_building_conformal/outputs/matched_forecasting005/rico_h30_f2_s46_v1/units/rico_h30_f2_s46_persistence/tuning_predictions.csv.gz
 create mode 100644 smart_building_conformal/outputs/matched_forecasting005/rico_h30_f2_s46_v1/units/rico_h30_f2_s46_xgboost/COMPLETE.json
 create mode 100644 smart_building_conformal/outputs/matched_forecasting005/rico_h30_f2_s46_v1/units/rico_h30_f2_s46_xgboost/booster_config.json
 create mode 100644 smart_building_conformal/outputs/matched_forecasting005/rico_h30_f2_s46_v1/units/rico_h30_f2_s46_xgboost/calibration.csv.gz
 create mode 100644 smart_building_conformal/outputs/matched_forecasting005/rico_h30_f2_s46_v1/units/rico_h30_f2_s46_xgboost/fitting_membership.csv.gz
 create mode 100644 smart_building_conformal/outputs/matched_forecasting005/rico_h30_f2_s46_v1/units/rico_h30_f2_s46_xgboost/model.ubj
 create mode 100644 smart_building_conformal/outputs/matched_forecasting005/rico_h30_f2_s46_v1/units/rico_h30_f2_s46_xgboost/payload.json
 create mode 100644 smart_building_conformal/outputs/matched_forecasting005/rico_h30_f2_s46_v1/units/rico_h30_f2_s46_xgboost/predictions.csv.gz
 create mode 100644 smart_building_conformal/outputs/matched_forecasting005/rico_h30_f2_s46_v1/units/rico_h30_f2_s46_xgboost/training_history.csv.gz
 create mode 100644 smart_building_conformal/outputs/matched_forecasting005/rico_h30_f2_s46_v1/units/rico_h30_f2_s46_xgboost/tuning.csv.gz
 create mode 100644 smart_building_conformal/outputs/matched_forecasting005/rico_h30_f2_s46_v1/units/rico_h30_f2_s46_xgboost/tuning_predictions.csv.gz
 create mode 100644 smart_building_conformal/outputs/matched_forecasting005/rico_h5_f2_s46_v1.process.json
 create mode 100644 smart_building_conformal/outputs/matched_forecasting005/rico_h5_f2_s46_v1/checkpoint_io_20260914T021323551622.json
 create mode 100644 smart_building_conformal/outputs/matched_forecasting005/rico_h5_f2_s46_v1/checkpoint_manifest.json
 create mode 100644 smart_building_conformal/outputs/matched_forecasting005/rico_h5_f2_s46_v1/execution_environment.json
 create mode 100644 smart_building_conformal/outputs/matched_forecasting005/rico_h5_f2_s46_v1/fit_calls.jsonl
 create mode 100644 smart_building_conformal/outputs/matched_forecasting005/rico_h5_f2_s46_v1/interval_quality.csv
 create mode 100644 smart_building_conformal/outputs/matched_forecasting005/rico_h5_f2_s46_v1/point_summary.csv
 create mode 100644 smart_building_conformal/outputs/matched_forecasting005/rico_h5_f2_s46_v1/run_summary.json
 create mode 100644 smart_building_conformal/outputs/matched_forecasting005/rico_h5_f2_s46_v1/units/rico_h5_f2_s46_attention_lstm/COMPLETE.json
 create mode 100644 smart_building_conformal/outputs/matched_forecasting005/rico_h5_f2_s46_v1/units/rico_h5_f2_s46_attention_lstm/calibration.csv.gz
 create mode 100644 smart_building_conformal/outputs/matched_forecasting005/rico_h5_f2_s46_v1/units/rico_h5_f2_s46_attention_lstm/fitting_membership.csv.gz
 create mode 100644 smart_building_conformal/outputs/matched_forecasting005/rico_h5_f2_s46_v1/units/rico_h5_f2_s46_attention_lstm/model.pt
 create mode 100644 smart_building_conformal/outputs/matched_forecasting005/rico_h5_f2_s46_v1/units/rico_h5_f2_s46_attention_lstm/payload.json
 create mode 100644 smart_building_conformal/outputs/matched_forecasting005/rico_h5_f2_s46_v1/units/rico_h5_f2_s46_attention_lstm/predictions.csv.gz
 create mode 100644 smart_building_conformal/outputs/matched_forecasting005/rico_h5_f2_s46_v1/units/rico_h5_f2_s46_attention_lstm/training_history.csv.gz
 create mode 100644 smart_building_conformal/outputs/matched_forecasting005/rico_h5_f2_s46_v1/units/rico_h5_f2_s46_attention_lstm/tuning.csv.gz
 create mode 100644 smart_building_conformal/outputs/matched_forecasting005/rico_h5_f2_s46_v1/units/rico_h5_f2_s46_attention_lstm/tuning_predictions.csv.gz
 create mode 100644 smart_building_conformal/outputs/matched_forecasting005/rico_h5_f2_s46_v1/units/rico_h5_f2_s46_persistence/COMPLETE.json
 create mode 100644 smart_building_conformal/outputs/matched_forecasting005/rico_h5_f2_s46_v1/units/rico_h5_f2_s46_persistence/calibration.csv.gz
 create mode 100644 smart_building_conformal/outputs/matched_forecasting005/rico_h5_f2_s46_v1/units/rico_h5_f2_s46_persistence/fitting_membership.csv.gz
 create mode 100644 smart_building_conformal/outputs/matched_forecasting005/rico_h5_f2_s46_v1/units/rico_h5_f2_s46_persistence/model.json
 create mode 100644 smart_building_conformal/outputs/matched_forecasting005/rico_h5_f2_s46_v1/units/rico_h5_f2_s46_persistence/payload.json
 create mode 100644 smart_building_conformal/outputs/matched_forecasting005/rico_h5_f2_s46_v1/units/rico_h5_f2_s46_persistence/predictions.csv.gz
 create mode 100644 smart_building_conformal/outputs/matched_forecasting005/rico_h5_f2_s46_v1/units/rico_h5_f2_s46_persistence/training_history.csv.gz
 create mode 100644 smart_building_conformal/outputs/matched_forecasting005/rico_h5_f2_s46_v1/units/rico_h5_f2_s46_persistence/tuning.csv.gz
 create mode 100644 smart_building_conformal/outputs/matched_forecasting005/rico_h5_f2_s46_v1/units/rico_h5_f2_s46_persistence/tuning_predictions.csv.gz
 create mode 100644 smart_building_conformal/outputs/matched_forecasting005/rico_h5_f2_s46_v1/units/rico_h5_f2_s46_xgboost/COMPLETE.json
 create mode 100644 smart_building_conformal/outputs/matched_forecasting005/rico_h5_f2_s46_v1/units/rico_h5_f2_s46_xgboost/booster_config.json
 create mode 100644 smart_building_conformal/outputs/matched_forecasting005/rico_h5_f2_s46_v1/units/rico_h5_f2_s46_xgboost/calibration.csv.gz
 create mode 100644 smart_building_conformal/outputs/matched_forecasting005/rico_h5_f2_s46_v1/units/rico_h5_f2_s46_xgboost/fitting_membership.csv.gz
 create mode 100644 smart_building_conformal/outputs/matched_forecasting005/rico_h5_f2_s46_v1/units/rico_h5_f2_s46_xgboost/model.ubj
 create mode 100644 smart_building_conformal/outputs/matched_forecasting005/rico_h5_f2_s46_v1/units/rico_h5_f2_s46_xgboost/payload.json
 create mode 100644 smart_building_conformal/outputs/matched_forecasting005/rico_h5_f2_s46_v1/units/rico_h5_f2_s46_xgboost/predictions.csv.gz
 create mode 100644 smart_building_conformal/outputs/matched_forecasting005/rico_h5_f2_s46_v1/units/rico_h5_f2_s46_xgboost/training_history.csv.gz
 create mode 100644 smart_building_conformal/outputs/matched_forecasting005/rico_h5_f2_s46_v1/units/rico_h5_f2_s46_xgboost/tuning.csv.gz
 create mode 100644 smart_building_conformal/outputs/matched_forecasting005/rico_h5_f2_s46_v1/units/rico_h5_f2_s46_xgboost/tuning_predictions.csv.gz
 create mode 100644 smart_building_conformal/outputs/matched_forecasting005/rico_h60_f2_s46_v1.process.json
 create mode 100644 smart_building_conformal/outputs/matched_forecasting005/rico_h60_f2_s46_v1/checkpoint_io_20260914T022109916581.json
 create mode 100644 smart_building_conformal/outputs/matched_forecasting005/rico_h60_f2_s46_v1/checkpoint_manifest.json
 create mode 100644 smart_building_conformal/outputs/matched_forecasting005/rico_h60_f2_s46_v1/execution_environment.json
 create mode 100644 smart_building_conformal/outputs/matched_forecasting005/rico_h60_f2_s46_v1/fit_calls.jsonl
 create mode 100644 smart_building_conformal/outputs/matched_forecasting005/rico_h60_f2_s46_v1/interval_quality.csv
 create mode 100644 smart_building_conformal/outputs/matched_forecasting005/rico_h60_f2_s46_v1/point_summary.csv
 create mode 100644 smart_building_conformal/outputs/matched_forecasting005/rico_h60_f2_s46_v1/run_summary.json
 create mode 100644 smart_building_conformal/outputs/matched_forecasting005/rico_h60_f2_s46_v1/units/rico_h60_f2_s46_attention_lstm/COMPLETE.json
 create mode 100644 smart_building_conformal/outputs/matched_forecasting005/rico_h60_f2_s46_v1/units/rico_h60_f2_s46_attention_lstm/calibration.csv.gz
 create mode 100644 smart_building_conformal/outputs/matched_forecasting005/rico_h60_f2_s46_v1/units/rico_h60_f2_s46_attention_lstm/fitting_membership.csv.gz
 create mode 100644 smart_building_conformal/outputs/matched_forecasting005/rico_h60_f2_s46_v1/units/rico_h60_f2_s46_attention_lstm/model.pt
 create mode 100644 smart_building_conformal/outputs/matched_forecasting005/rico_h60_f2_s46_v1/units/rico_h60_f2_s46_attention_lstm/payload.json
 create mode 100644 smart_building_conformal/outputs/matched_forecasting005/rico_h60_f2_s46_v1/units/rico_h60_f2_s46_attention_lstm/predictions.csv.gz
 create mode 100644 smart_building_conformal/outputs/matched_forecasting005/rico_h60_f2_s46_v1/units/rico_h60_f2_s46_attention_lstm/training_history.csv.gz
 create mode 100644 smart_building_conformal/outputs/matched_forecasting005/rico_h60_f2_s46_v1/units/rico_h60_f2_s46_attention_lstm/tuning.csv.gz
 create mode 100644 smart_building_conformal/outputs/matched_forecasting005/rico_h60_f2_s46_v1/units/rico_h60_f2_s46_attention_lstm/tuning_predictions.csv.gz
 create mode 100644 smart_building_conformal/outputs/matched_forecasting005/rico_h60_f2_s46_v1/units/rico_h60_f2_s46_persistence/COMPLETE.json
 create mode 100644 smart_building_conformal/outputs/matched_forecasting005/rico_h60_f2_s46_v1/units/rico_h60_f2_s46_persistence/calibration.csv.gz
 create mode 100644 smart_building_conformal/outputs/matched_forecasting005/rico_h60_f2_s46_v1/units/rico_h60_f2_s46_persistence/fitting_membership.csv.gz
 create mode 100644 smart_building_conformal/outputs/matched_forecasting005/rico_h60_f2_s46_v1/units/rico_h60_f2_s46_persistence/model.json
 create mode 100644 smart_building_conformal/outputs/matched_forecasting005/rico_h60_f2_s46_v1/units/rico_h60_f2_s46_persistence/payload.json
 create mode 100644 smart_building_conformal/outputs/matched_forecasting005/rico_h60_f2_s46_v1/units/rico_h60_f2_s46_persistence/predictions.csv.gz
 create mode 100644 smart_building_conformal/outputs/matched_forecasting005/rico_h60_f2_s46_v1/units/rico_h60_f2_s46_persistence/training_history.csv.gz
 create mode 100644 smart_building_conformal/outputs/matched_forecasting005/rico_h60_f2_s46_v1/units/rico_h60_f2_s46_persistence/tuning.csv.gz
 create mode 100644 smart_building_conformal/outputs/matched_forecasting005/rico_h60_f2_s46_v1/units/rico_h60_f2_s46_persistence/tuning_predictions.csv.gz
 create mode 100644 smart_building_conformal/outputs/matched_forecasting005/rico_h60_f2_s46_v1/units/rico_h60_f2_s46_xgboost/COMPLETE.json
 create mode 100644 smart_building_conformal/outputs/matched_forecasting005/rico_h60_f2_s46_v1/units/rico_h60_f2_s46_xgboost/booster_config.json
 create mode 100644 smart_building_conformal/outputs/matched_forecasting005/rico_h60_f2_s46_v1/units/rico_h60_f2_s46_xgboost/calibration.csv.gz
 create mode 100644 smart_building_conformal/outputs/matched_forecasting005/rico_h60_f2_s46_v1/units/rico_h60_f2_s46_xgboost/fitting_membership.csv.gz
 create mode 100644 smart_building_conformal/outputs/matched_forecasting005/rico_h60_f2_s46_v1/units/rico_h60_f2_s46_xgboost/model.ubj
 create mode 100644 smart_building_conformal/outputs/matched_forecasting005/rico_h60_f2_s46_v1/units/rico_h60_f2_s46_xgboost/payload.json
 create mode 100644 smart_building_conformal/outputs/matched_forecasting005/rico_h60_f2_s46_v1/units/rico_h60_f2_s46_xgboost/predictions.csv.gz
 create mode 100644 smart_building_conformal/outputs/matched_forecasting005/rico_h60_f2_s46_v1/units/rico_h60_f2_s46_xgboost/training_history.csv.gz
 create mode 100644 smart_building_conformal/outputs/matched_forecasting005/rico_h60_f2_s46_v1/units/rico_h60_f2_s46_xgboost/tuning.csv.gz
 create mode 100644 smart_building_conformal/outputs/matched_forecasting005/rico_h60_f2_s46_v1/units/rico_h60_f2_s46_xgboost/tuning_predictions.csv.gz
The bundle contains this ref:
20326e86c3d7074e31dd6b7252d56c2fd905ee51 refs/heads/review/matched-fold2-multiseed-20260914
The bundle requires this ref:
3df9cbd480ffbfeac640580829e88c274fba2083 
The bundle uses this hash algorithm: sha1
C:/Users/nigel/ConfoSenseBackups/matched_fold2_multiseed_20260914/final_20326e8.bundle is okay
{
  "label": "final",
  "utc": "2026-09-14T03:06:27.554530+00:00",
  "branch": "review/matched-fold2-multiseed-20260914",
  "commit": "20326e86c3d7074e31dd6b7252d56c2fd905ee51",
  "backup": "C:\\Users\\nigel\\ConfoSenseBackups\\matched_fold2_multiseed_20260914\\final_20326e8.bundle",
  "backup_sha256": "ab70ebe871981da4ad824485f1f0ce4766efcc1ee82d53dbeb79d2ab1f61fb09",
  "local_science_preserved": true,
  "publication_status": "pending",
  "push_exit": 128,
  "push_output": "fatal: Cannot prompt because user interactivity has been disabled.\nfatal: could not read Username for 'https://github.com': terminal prompts disabled\n"
}
{"command": ["C:/cfs_venv/Scripts/python.exe", "-B", "C:\\Users\\nigel\\OneDrive\\Desktop\\GitHub\\confosense\\review\\matched_fold2_multiseed_20260914\\publish.py", "--label", "final"], "cwd": "C:\\Users\\nigel\\OneDrive\\Desktop\\GitHub\\confosense\\smart_building_conformal", "started_utc": "2026-09-14T03:05:39.263270+00:00", "logger_pid": 24216, "child_pid": 7272, "ended_utc": "2026-09-14T03:06:29.333561+00:00", "seconds": 50.07163550000405, "exit_status": 0}
