priority,dataset,horizon,outer_fold,model_seed,models,argv,output,command_exists,prerequisite,learned_fit_invocations,scenario_low_model_seconds,scenario_high_model_seconds,estimate_basis
1,pleia_energy,1,0,42,persistence|xgboost|attention_lstm,"[""C:/cfs_venv/Scripts/python.exe"", ""-B"", ""-m"", ""src.matched_forecasting005"", ""run"", ""--matrix"", ""outputs/amendment005/support_design_v1/experiment_matrix.csv"", ""--dataset"", ""pleia_energy"", ""--horizon"", ""1"", ""--outer-fold"", ""0"", ""--model-seed"", ""42"", ""--out"", ""outputs/matched_forecasting005/pleia_energy_h1_f0_s42_v1""]",outputs/matched_forecasting005/pleia_energy_h1_f0_s42_v1,False,implement and verify matched_forecasting005; explicit fitting authorization; per-unit resource guard,10,111.88842870000008,1026.129563100003,"PLEIA measured 3-model phase min/max times x fitting-row ratio x [0.5,3]; excludes preparation/I/O; not an ETA"
2,rico,5,2,42,persistence|xgboost|attention_lstm,"[""C:/cfs_venv/Scripts/python.exe"", ""-B"", ""-m"", ""src.matched_forecasting005"", ""run"", ""--matrix"", ""outputs/amendment005/support_design_v1/experiment_matrix.csv"", ""--dataset"", ""rico"", ""--horizon"", ""5"", ""--outer-fold"", ""2"", ""--model-seed"", ""42"", ""--out"", ""outputs/matched_forecasting005/rico_h5_f2_s42_v1""]",outputs/matched_forecasting005/rico_h5_f2_s42_v1,False,implement and verify matched_forecasting005; explicit fitting authorization; per-unit resource guard,10,48.68741074559713,446.5125848786715,"PLEIA measured 3-model phase min/max times x fitting-row ratio x [0.5,3]; excludes preparation/I/O; not an ETA"
3,bdg2,1,2,42,persistence|xgboost|attention_lstm,"[""C:/cfs_venv/Scripts/python.exe"", ""-B"", ""-m"", ""src.matched_forecasting005"", ""run"", ""--matrix"", ""outputs/amendment005/support_design_v1/experiment_matrix.csv"", ""--dataset"", ""bdg2"", ""--horizon"", ""1"", ""--outer-fold"", ""2"", ""--model-seed"", ""42"", ""--out"", ""outputs/matched_forecasting005/bdg2_h1_f2_s42_v1""]",outputs/matched_forecasting005/bdg2_h1_f2_s42_v1,False,implement and verify matched_forecasting005; explicit fitting authorization; per-unit resource guard,10,194.50869074857175,1783.8405648910984,"PLEIA measured 3-model phase min/max times x fitting-row ratio x [0.5,3]; excludes preparation/I/O; not an ETA"
4,pleia_energy,1,2,42,persistence|xgboost|attention_lstm,"[""C:/cfs_venv/Scripts/python.exe"", ""-B"", ""-m"", ""src.matched_forecasting005"", ""run"", ""--matrix"", ""outputs/amendment005/support_design_v1/experiment_matrix.csv"", ""--dataset"", ""pleia_energy"", ""--horizon"", ""1"", ""--outer-fold"", ""2"", ""--model-seed"", ""42"", ""--out"", ""outputs/matched_forecasting005/pleia_energy_h1_f2_s42_v1""]",outputs/matched_forecasting005/pleia_energy_h1_f2_s42_v1,False,implement and verify matched_forecasting005; explicit fitting authorization; per-unit resource guard,10,55.93856703201996,513.0129899572612,"PLEIA measured 3-model phase min/max times x fitting-row ratio x [0.5,3]; excludes preparation/I/O; not an ETA"
5,pleia_energy,3,2,42,persistence|xgboost|attention_lstm,"[""C:/cfs_venv/Scripts/python.exe"", ""-B"", ""-m"", ""src.matched_forecasting005"", ""run"", ""--matrix"", ""outputs/amendment005/support_design_v1/experiment_matrix.csv"", ""--dataset"", ""pleia_energy"", ""--horizon"", ""3"", ""--outer-fold"", ""2"", ""--model-seed"", ""42"", ""--out"", ""outputs/matched_forecasting005/pleia_energy_h3_f2_s42_v1""]",outputs/matched_forecasting005/pleia_energy_h3_f2_s42_v1,False,implement and verify matched_forecasting005; explicit fitting authorization; per-unit resource guard,10,55.9272723960598,512.9094067717805,"PLEIA measured 3-model phase min/max times x fitting-row ratio x [0.5,3]; excludes preparation/I/O; not an ETA"
6,pleia_energy,6,2,42,persistence|xgboost|attention_lstm,"[""C:/cfs_venv/Scripts/python.exe"", ""-B"", ""-m"", ""src.matched_forecasting005"", ""run"", ""--matrix"", ""outputs/amendment005/support_design_v1/experiment_matrix.csv"", ""--dataset"", ""pleia_energy"", ""--horizon"", ""6"", ""--outer-fold"", ""2"", ""--model-seed"", ""42"", ""--out"", ""outputs/matched_forecasting005/pleia_energy_h6_f2_s42_v1""]",outputs/matched_forecasting005/pleia_energy_h6_f2_s42_v1,False,implement and verify matched_forecasting005; explicit fitting authorization; per-unit resource guard,10,55.90844800279286,512.7367681293127,"PLEIA measured 3-model phase min/max times x fitting-row ratio x [0.5,3]; excludes preparation/I/O; not an ETA"
7,pleia_energy,1,1,42,persistence|xgboost|attention_lstm,"[""C:/cfs_venv/Scripts/python.exe"", ""-B"", ""-m"", ""src.matched_forecasting005"", ""run"", ""--matrix"", ""outputs/amendment005/support_design_v1/experiment_matrix.csv"", ""--dataset"", ""pleia_energy"", ""--horizon"", ""1"", ""--outer-fold"", ""1"", ""--model-seed"", ""42"", ""--out"", ""outputs/matched_forecasting005/pleia_energy_h1_f1_s42_v1""]",outputs/matched_forecasting005/pleia_energy_h1_f1_s42_v1,False,implement and verify matched_forecasting005; explicit fitting authorization; per-unit resource guard,10,83.91538030533671,769.5885403928788,"PLEIA measured 3-model phase min/max times x fitting-row ratio x [0.5,3]; excludes preparation/I/O; not an ETA"
8,pleia_energy,3,1,42,persistence|xgboost|attention_lstm,"[""C:/cfs_venv/Scripts/python.exe"", ""-B"", ""-m"", ""src.matched_forecasting005"", ""run"", ""--matrix"", ""outputs/amendment005/support_design_v1/experiment_matrix.csv"", ""--dataset"", ""pleia_energy"", ""--horizon"", ""3"", ""--outer-fold"", ""1"", ""--model-seed"", ""42"", ""--out"", ""outputs/matched_forecasting005/pleia_energy_h3_f1_s42_v1""]",outputs/matched_forecasting005/pleia_energy_h3_f1_s42_v1,False,implement and verify matched_forecasting005; explicit fitting authorization; per-unit resource guard,10,83.90032079072316,769.4504294789047,"PLEIA measured 3-model phase min/max times x fitting-row ratio x [0.5,3]; excludes preparation/I/O; not an ETA"
9,pleia_energy,6,1,42,persistence|xgboost|attention_lstm,"[""C:/cfs_venv/Scripts/python.exe"", ""-B"", ""-m"", ""src.matched_forecasting005"", ""run"", ""--matrix"", ""outputs/amendment005/support_design_v1/experiment_matrix.csv"", ""--dataset"", ""pleia_energy"", ""--horizon"", ""6"", ""--outer-fold"", ""1"", ""--model-seed"", ""42"", ""--out"", ""outputs/matched_forecasting005/pleia_energy_h6_f1_s42_v1""]",outputs/matched_forecasting005/pleia_energy_h6_f1_s42_v1,False,implement and verify matched_forecasting005; explicit fitting authorization; per-unit resource guard,10,83.88149639745623,769.2777908364369,"PLEIA measured 3-model phase min/max times x fitting-row ratio x [0.5,3]; excludes preparation/I/O; not an ETA"
10,pleia_energy,3,0,42,persistence|xgboost|attention_lstm,"[""C:/cfs_venv/Scripts/python.exe"", ""-B"", ""-m"", ""src.matched_forecasting005"", ""run"", ""--matrix"", ""outputs/amendment005/support_design_v1/experiment_matrix.csv"", ""--dataset"", ""pleia_energy"", ""--horizon"", ""3"", ""--outer-fold"", ""0"", ""--model-seed"", ""42"", ""--out"", ""outputs/matched_forecasting005/pleia_energy_h3_f0_s42_v1""]",outputs/matched_forecasting005/pleia_energy_h3_f0_s42_v1,False,implement and verify matched_forecasting005; explicit fitting authorization; per-unit resource guard,10,111.87336918538652,1025.9914521860287,"PLEIA measured 3-model phase min/max times x fitting-row ratio x [0.5,3]; excludes preparation/I/O; not an ETA"
11,pleia_energy,6,0,42,persistence|xgboost|attention_lstm,"[""C:/cfs_venv/Scripts/python.exe"", ""-B"", ""-m"", ""src.matched_forecasting005"", ""run"", ""--matrix"", ""outputs/amendment005/support_design_v1/experiment_matrix.csv"", ""--dataset"", ""pleia_energy"", ""--horizon"", ""6"", ""--outer-fold"", ""0"", ""--model-seed"", ""42"", ""--out"", ""outputs/matched_forecasting005/pleia_energy_h6_f0_s42_v1""]",outputs/matched_forecasting005/pleia_energy_h6_f0_s42_v1,False,implement and verify matched_forecasting005; explicit fitting authorization; per-unit resource guard,10,111.8545447921196,1025.818813543561,"PLEIA measured 3-model phase min/max times x fitting-row ratio x [0.5,3]; excludes preparation/I/O; not an ETA"
12,pleia_energy,1,2,43,persistence|xgboost|attention_lstm,"[""C:/cfs_venv/Scripts/python.exe"", ""-B"", ""-m"", ""src.matched_forecasting005"", ""run"", ""--matrix"", ""outputs/amendment005/support_design_v1/experiment_matrix.csv"", ""--dataset"", ""pleia_energy"", ""--horizon"", ""1"", ""--outer-fold"", ""2"", ""--model-seed"", ""43"", ""--out"", ""outputs/matched_forecasting005/pleia_energy_h1_f2_s43_v1""]",outputs/matched_forecasting005/pleia_energy_h1_f2_s43_v1,False,implement and verify matched_forecasting005; explicit fitting authorization; per-unit resource guard,10,55.93856703201996,513.0129899572612,"PLEIA measured 3-model phase min/max times x fitting-row ratio x [0.5,3]; excludes preparation/I/O; not an ETA"
13,pleia_energy,3,2,43,persistence|xgboost|attention_lstm,"[""C:/cfs_venv/Scripts/python.exe"", ""-B"", ""-m"", ""src.matched_forecasting005"", ""run"", ""--matrix"", ""outputs/amendment005/support_design_v1/experiment_matrix.csv"", ""--dataset"", ""pleia_energy"", ""--horizon"", ""3"", ""--outer-fold"", ""2"", ""--model-seed"", ""43"", ""--out"", ""outputs/matched_forecasting005/pleia_energy_h3_f2_s43_v1""]",outputs/matched_forecasting005/pleia_energy_h3_f2_s43_v1,False,implement and verify matched_forecasting005; explicit fitting authorization; per-unit resource guard,10,55.9272723960598,512.9094067717805,"PLEIA measured 3-model phase min/max times x fitting-row ratio x [0.5,3]; excludes preparation/I/O; not an ETA"
14,pleia_energy,6,2,43,persistence|xgboost|attention_lstm,"[""C:/cfs_venv/Scripts/python.exe"", ""-B"", ""-m"", ""src.matched_forecasting005"", ""run"", ""--matrix"", ""outputs/amendment005/support_design_v1/experiment_matrix.csv"", ""--dataset"", ""pleia_energy"", ""--horizon"", ""6"", ""--outer-fold"", ""2"", ""--model-seed"", ""43"", ""--out"", ""outputs/matched_forecasting005/pleia_energy_h6_f2_s43_v1""]",outputs/matched_forecasting005/pleia_energy_h6_f2_s43_v1,False,implement and verify matched_forecasting005; explicit fitting authorization; per-unit resource guard,10,55.90844800279286,512.7367681293127,"PLEIA measured 3-model phase min/max times x fitting-row ratio x [0.5,3]; excludes preparation/I/O; not an ETA"
15,pleia_energy,1,1,43,persistence|xgboost|attention_lstm,"[""C:/cfs_venv/Scripts/python.exe"", ""-B"", ""-m"", ""src.matched_forecasting005"", ""run"", ""--matrix"", ""outputs/amendment005/support_design_v1/experiment_matrix.csv"", ""--dataset"", ""pleia_energy"", ""--horizon"", ""1"", ""--outer-fold"", ""1"", ""--model-seed"", ""43"", ""--out"", ""outputs/matched_forecasting005/pleia_energy_h1_f1_s43_v1""]",outputs/matched_forecasting005/pleia_energy_h1_f1_s43_v1,False,implement and verify matched_forecasting005; explicit fitting authorization; per-unit resource guard,10,83.91538030533671,769.5885403928788,"PLEIA measured 3-model phase min/max times x fitting-row ratio x [0.5,3]; excludes preparation/I/O; not an ETA"
16,pleia_energy,3,1,43,persistence|xgboost|attention_lstm,"[""C:/cfs_venv/Scripts/python.exe"", ""-B"", ""-m"", ""src.matched_forecasting005"", ""run"", ""--matrix"", ""outputs/amendment005/support_design_v1/experiment_matrix.csv"", ""--dataset"", ""pleia_energy"", ""--horizon"", ""3"", ""--outer-fold"", ""1"", ""--model-seed"", ""43"", ""--out"", ""outputs/matched_forecasting005/pleia_energy_h3_f1_s43_v1""]",outputs/matched_forecasting005/pleia_energy_h3_f1_s43_v1,False,implement and verify matched_forecasting005; explicit fitting authorization; per-unit resource guard,10,83.90032079072316,769.4504294789047,"PLEIA measured 3-model phase min/max times x fitting-row ratio x [0.5,3]; excludes preparation/I/O; not an ETA"
17,pleia_energy,6,1,43,persistence|xgboost|attention_lstm,"[""C:/cfs_venv/Scripts/python.exe"", ""-B"", ""-m"", ""src.matched_forecasting005"", ""run"", ""--matrix"", ""outputs/amendment005/support_design_v1/experiment_matrix.csv"", ""--dataset"", ""pleia_energy"", ""--horizon"", ""6"", ""--outer-fold"", ""1"", ""--model-seed"", ""43"", ""--out"", ""outputs/matched_forecasting005/pleia_energy_h6_f1_s43_v1""]",outputs/matched_forecasting005/pleia_energy_h6_f1_s43_v1,False,implement and verify matched_forecasting005; explicit fitting authorization; per-unit resource guard,10,83.88149639745623,769.2777908364369,"PLEIA measured 3-model phase min/max times x fitting-row ratio x [0.5,3]; excludes preparation/I/O; not an ETA"
18,pleia_energy,1,0,43,persistence|xgboost|attention_lstm,"[""C:/cfs_venv/Scripts/python.exe"", ""-B"", ""-m"", ""src.matched_forecasting005"", ""run"", ""--matrix"", ""outputs/amendment005/support_design_v1/experiment_matrix.csv"", ""--dataset"", ""pleia_energy"", ""--horizon"", ""1"", ""--outer-fold"", ""0"", ""--model-seed"", ""43"", ""--out"", ""outputs/matched_forecasting005/pleia_energy_h1_f0_s43_v1""]",outputs/matched_forecasting005/pleia_energy_h1_f0_s43_v1,False,implement and verify matched_forecasting005; explicit fitting authorization; per-unit resource guard,10,111.88842870000008,1026.129563100003,"PLEIA measured 3-model phase min/max times x fitting-row ratio x [0.5,3]; excludes preparation/I/O; not an ETA"
19,pleia_energy,3,0,43,persistence|xgboost|attention_lstm,"[""C:/cfs_venv/Scripts/python.exe"", ""-B"", ""-m"", ""src.matched_forecasting005"", ""run"", ""--matrix"", ""outputs/amendment005/support_design_v1/experiment_matrix.csv"", ""--dataset"", ""pleia_energy"", ""--horizon"", ""3"", ""--outer-fold"", ""0"", ""--model-seed"", ""43"", ""--out"", ""outputs/matched_forecasting005/pleia_energy_h3_f0_s43_v1""]",outputs/matched_forecasting005/pleia_energy_h3_f0_s43_v1,False,implement and verify matched_forecasting005; explicit fitting authorization; per-unit resource guard,10,111.87336918538652,1025.9914521860287,"PLEIA measured 3-model phase min/max times x fitting-row ratio x [0.5,3]; excludes preparation/I/O; not an ETA"
20,pleia_energy,6,0,43,persistence|xgboost|attention_lstm,"[""C:/cfs_venv/Scripts/python.exe"", ""-B"", ""-m"", ""src.matched_forecasting005"", ""run"", ""--matrix"", ""outputs/amendment005/support_design_v1/experiment_matrix.csv"", ""--dataset"", ""pleia_energy"", ""--horizon"", ""6"", ""--outer-fold"", ""0"", ""--model-seed"", ""43"", ""--out"", ""outputs/matched_forecasting005/pleia_energy_h6_f0_s43_v1""]",outputs/matched_forecasting005/pleia_energy_h6_f0_s43_v1,False,implement and verify matched_forecasting005; explicit fitting authorization; per-unit resource guard,10,111.8545447921196,1025.818813543561,"PLEIA measured 3-model phase min/max times x fitting-row ratio x [0.5,3]; excludes preparation/I/O; not an ETA"
21,pleia_energy,1,2,44,persistence|xgboost|attention_lstm,"[""C:/cfs_venv/Scripts/python.exe"", ""-B"", ""-m"", ""src.matched_forecasting005"", ""run"", ""--matrix"", ""outputs/amendment005/support_design_v1/experiment_matrix.csv"", ""--dataset"", ""pleia_energy"", ""--horizon"", ""1"", ""--outer-fold"", ""2"", ""--model-seed"", ""44"", ""--out"", ""outputs/matched_forecasting005/pleia_energy_h1_f2_s44_v1""]",outputs/matched_forecasting005/pleia_energy_h1_f2_s44_v1,False,implement and verify matched_forecasting005; explicit fitting authorization; per-unit resource guard,10,55.93856703201996,513.0129899572612,"PLEIA measured 3-model phase min/max times x fitting-row ratio x [0.5,3]; excludes preparation/I/O; not an ETA"
22,pleia_energy,3,2,44,persistence|xgboost|attention_lstm,"[""C:/cfs_venv/Scripts/python.exe"", ""-B"", ""-m"", ""src.matched_forecasting005"", ""run"", ""--matrix"", ""outputs/amendment005/support_design_v1/experiment_matrix.csv"", ""--dataset"", ""pleia_energy"", ""--horizon"", ""3"", ""--outer-fold"", ""2"", ""--model-seed"", ""44"", ""--out"", ""outputs/matched_forecasting005/pleia_energy_h3_f2_s44_v1""]",outputs/matched_forecasting005/pleia_energy_h3_f2_s44_v1,False,implement and verify matched_forecasting005; explicit fitting authorization; per-unit resource guard,10,55.9272723960598,512.9094067717805,"PLEIA measured 3-model phase min/max times x fitting-row ratio x [0.5,3]; excludes preparation/I/O; not an ETA"
23,pleia_energy,6,2,44,persistence|xgboost|attention_lstm,"[""C:/cfs_venv/Scripts/python.exe"", ""-B"", ""-m"", ""src.matched_forecasting005"", ""run"", ""--matrix"", ""outputs/amendment005/support_design_v1/experiment_matrix.csv"", ""--dataset"", ""pleia_energy"", ""--horizon"", ""6"", ""--outer-fold"", ""2"", ""--model-seed"", ""44"", ""--out"", ""outputs/matched_forecasting005/pleia_energy_h6_f2_s44_v1""]",outputs/matched_forecasting005/pleia_energy_h6_f2_s44_v1,False,implement and verify matched_forecasting005; explicit fitting authorization; per-unit resource guard,10,55.90844800279286,512.7367681293127,"PLEIA measured 3-model phase min/max times x fitting-row ratio x [0.5,3]; excludes preparation/I/O; not an ETA"
24,pleia_energy,1,1,44,persistence|xgboost|attention_lstm,"[""C:/cfs_venv/Scripts/python.exe"", ""-B"", ""-m"", ""src.matched_forecasting005"", ""run"", ""--matrix"", ""outputs/amendment005/support_design_v1/experiment_matrix.csv"", ""--dataset"", ""pleia_energy"", ""--horizon"", ""1"", ""--outer-fold"", ""1"", ""--model-seed"", ""44"", ""--out"", ""outputs/matched_forecasting005/pleia_energy_h1_f1_s44_v1""]",outputs/matched_forecasting005/pleia_energy_h1_f1_s44_v1,False,implement and verify matched_forecasting005; explicit fitting authorization; per-unit resource guard,10,83.91538030533671,769.5885403928788,"PLEIA measured 3-model phase min/max times x fitting-row ratio x [0.5,3]; excludes preparation/I/O; not an ETA"
25,pleia_energy,3,1,44,persistence|xgboost|attention_lstm,"[""C:/cfs_venv/Scripts/python.exe"", ""-B"", ""-m"", ""src.matched_forecasting005"", ""run"", ""--matrix"", ""outputs/amendment005/support_design_v1/experiment_matrix.csv"", ""--dataset"", ""pleia_energy"", ""--horizon"", ""3"", ""--outer-fold"", ""1"", ""--model-seed"", ""44"", ""--out"", ""outputs/matched_forecasting005/pleia_energy_h3_f1_s44_v1""]",outputs/matched_forecasting005/pleia_energy_h3_f1_s44_v1,False,implement and verify matched_forecasting005; explicit fitting authorization; per-unit resource guard,10,83.90032079072316,769.4504294789047,"PLEIA measured 3-model phase min/max times x fitting-row ratio x [0.5,3]; excludes preparation/I/O; not an ETA"
26,pleia_energy,6,1,44,persistence|xgboost|attention_lstm,"[""C:/cfs_venv/Scripts/python.exe"", ""-B"", ""-m"", ""src.matched_forecasting005"", ""run"", ""--matrix"", ""outputs/amendment005/support_design_v1/experiment_matrix.csv"", ""--dataset"", ""pleia_energy"", ""--horizon"", ""6"", ""--outer-fold"", ""1"", ""--model-seed"", ""44"", ""--out"", ""outputs/matched_forecasting005/pleia_energy_h6_f1_s44_v1""]",outputs/matched_forecasting005/pleia_energy_h6_f1_s44_v1,False,implement and verify matched_forecasting005; explicit fitting authorization; per-unit resource guard,10,83.88149639745623,769.2777908364369,"PLEIA measured 3-model phase min/max times x fitting-row ratio x [0.5,3]; excludes preparation/I/O; not an ETA"
27,pleia_energy,1,0,44,persistence|xgboost|attention_lstm,"[""C:/cfs_venv/Scripts/python.exe"", ""-B"", ""-m"", ""src.matched_forecasting005"", ""run"", ""--matrix"", ""outputs/amendment005/support_design_v1/experiment_matrix.csv"", ""--dataset"", ""pleia_energy"", ""--horizon"", ""1"", ""--outer-fold"", ""0"", ""--model-seed"", ""44"", ""--out"", ""outputs/matched_forecasting005/pleia_energy_h1_f0_s44_v1""]",outputs/matched_forecasting005/pleia_energy_h1_f0_s44_v1,False,implement and verify matched_forecasting005; explicit fitting authorization; per-unit resource guard,10,111.88842870000008,1026.129563100003,"PLEIA measured 3-model phase min/max times x fitting-row ratio x [0.5,3]; excludes preparation/I/O; not an ETA"
28,pleia_energy,3,0,44,persistence|xgboost|attention_lstm,"[""C:/cfs_venv/Scripts/python.exe"", ""-B"", ""-m"", ""src.matched_forecasting005"", ""run"", ""--matrix"", ""outputs/amendment005/support_design_v1/experiment_matrix.csv"", ""--dataset"", ""pleia_energy"", ""--horizon"", ""3"", ""--outer-fold"", ""0"", ""--model-seed"", ""44"", ""--out"", ""outputs/matched_forecasting005/pleia_energy_h3_f0_s44_v1""]",outputs/matched_forecasting005/pleia_energy_h3_f0_s44_v1,False,implement and verify matched_forecasting005; explicit fitting authorization; per-unit resource guard,10,111.87336918538652,1025.9914521860287,"PLEIA measured 3-model phase min/max times x fitting-row ratio x [0.5,3]; excludes preparation/I/O; not an ETA"
29,pleia_energy,6,0,44,persistence|xgboost|attention_lstm,"[""C:/cfs_venv/Scripts/python.exe"", ""-B"", ""-m"", ""src.matched_forecasting005"", ""run"", ""--matrix"", ""outputs/amendment005/support_design_v1/experiment_matrix.csv"", ""--dataset"", ""pleia_energy"", ""--horizon"", ""6"", ""--outer-fold"", ""0"", ""--model-seed"", ""44"", ""--out"", ""outputs/matched_forecasting005/pleia_energy_h6_f0_s44_v1""]",outputs/matched_forecasting005/pleia_energy_h6_f0_s44_v1,False,implement and verify matched_forecasting005; explicit fitting authorization; per-unit resource guard,10,111.8545447921196,1025.818813543561,"PLEIA measured 3-model phase min/max times x fitting-row ratio x [0.5,3]; excludes preparation/I/O; not an ETA"
30,pleia_energy,1,2,45,persistence|xgboost|attention_lstm,"[""C:/cfs_venv/Scripts/python.exe"", ""-B"", ""-m"", ""src.matched_forecasting005"", ""run"", ""--matrix"", ""outputs/amendment005/support_design_v1/experiment_matrix.csv"", ""--dataset"", ""pleia_energy"", ""--horizon"", ""1"", ""--outer-fold"", ""2"", ""--model-seed"", ""45"", ""--out"", ""outputs/matched_forecasting005/pleia_energy_h1_f2_s45_v1""]",outputs/matched_forecasting005/pleia_energy_h1_f2_s45_v1,False,implement and verify matched_forecasting005; explicit fitting authorization; per-unit resource guard,10,55.93856703201996,513.0129899572612,"PLEIA measured 3-model phase min/max times x fitting-row ratio x [0.5,3]; excludes preparation/I/O; not an ETA"
31,pleia_energy,3,2,45,persistence|xgboost|attention_lstm,"[""C:/cfs_venv/Scripts/python.exe"", ""-B"", ""-m"", ""src.matched_forecasting005"", ""run"", ""--matrix"", ""outputs/amendment005/support_design_v1/experiment_matrix.csv"", ""--dataset"", ""pleia_energy"", ""--horizon"", ""3"", ""--outer-fold"", ""2"", ""--model-seed"", ""45"", ""--out"", ""outputs/matched_forecasting005/pleia_energy_h3_f2_s45_v1""]",outputs/matched_forecasting005/pleia_energy_h3_f2_s45_v1,False,implement and verify matched_forecasting005; explicit fitting authorization; per-unit resource guard,10,55.9272723960598,512.9094067717805,"PLEIA measured 3-model phase min/max times x fitting-row ratio x [0.5,3]; excludes preparation/I/O; not an ETA"
32,pleia_energy,6,2,45,persistence|xgboost|attention_lstm,"[""C:/cfs_venv/Scripts/python.exe"", ""-B"", ""-m"", ""src.matched_forecasting005"", ""run"", ""--matrix"", ""outputs/amendment005/support_design_v1/experiment_matrix.csv"", ""--dataset"", ""pleia_energy"", ""--horizon"", ""6"", ""--outer-fold"", ""2"", ""--model-seed"", ""45"", ""--out"", ""outputs/matched_forecasting005/pleia_energy_h6_f2_s45_v1""]",outputs/matched_forecasting005/pleia_energy_h6_f2_s45_v1,False,implement and verify matched_forecasting005; explicit fitting authorization; per-unit resource guard,10,55.90844800279286,512.7367681293127,"PLEIA measured 3-model phase min/max times x fitting-row ratio x [0.5,3]; excludes preparation/I/O; not an ETA"
33,pleia_energy,1,1,45,persistence|xgboost|attention_lstm,"[""C:/cfs_venv/Scripts/python.exe"", ""-B"", ""-m"", ""src.matched_forecasting005"", ""run"", ""--matrix"", ""outputs/amendment005/support_design_v1/experiment_matrix.csv"", ""--dataset"", ""pleia_energy"", ""--horizon"", ""1"", ""--outer-fold"", ""1"", ""--model-seed"", ""45"", ""--out"", ""outputs/matched_forecasting005/pleia_energy_h1_f1_s45_v1""]",outputs/matched_forecasting005/pleia_energy_h1_f1_s45_v1,False,implement and verify matched_forecasting005; explicit fitting authorization; per-unit resource guard,10,83.91538030533671,769.5885403928788,"PLEIA measured 3-model phase min/max times x fitting-row ratio x [0.5,3]; excludes preparation/I/O; not an ETA"
34,pleia_energy,3,1,45,persistence|xgboost|attention_lstm,"[""C:/cfs_venv/Scripts/python.exe"", ""-B"", ""-m"", ""src.matched_forecasting005"", ""run"", ""--matrix"", ""outputs/amendment005/support_design_v1/experiment_matrix.csv"", ""--dataset"", ""pleia_energy"", ""--horizon"", ""3"", ""--outer-fold"", ""1"", ""--model-seed"", ""45"", ""--out"", ""outputs/matched_forecasting005/pleia_energy_h3_f1_s45_v1""]",outputs/matched_forecasting005/pleia_energy_h3_f1_s45_v1,False,implement and verify matched_forecasting005; explicit fitting authorization; per-unit resource guard,10,83.90032079072316,769.4504294789047,"PLEIA measured 3-model phase min/max times x fitting-row ratio x [0.5,3]; excludes preparation/I/O; not an ETA"
35,pleia_energy,6,1,45,persistence|xgboost|attention_lstm,"[""C:/cfs_venv/Scripts/python.exe"", ""-B"", ""-m"", ""src.matched_forecasting005"", ""run"", ""--matrix"", ""outputs/amendment005/support_design_v1/experiment_matrix.csv"", ""--dataset"", ""pleia_energy"", ""--horizon"", ""6"", ""--outer-fold"", ""1"", ""--model-seed"", ""45"", ""--out"", ""outputs/matched_forecasting005/pleia_energy_h6_f1_s45_v1""]",outputs/matched_forecasting005/pleia_energy_h6_f1_s45_v1,False,implement and verify matched_forecasting005; explicit fitting authorization; per-unit resource guard,10,83.88149639745623,769.2777908364369,"PLEIA measured 3-model phase min/max times x fitting-row ratio x [0.5,3]; excludes preparation/I/O; not an ETA"
36,pleia_energy,1,0,45,persistence|xgboost|attention_lstm,"[""C:/cfs_venv/Scripts/python.exe"", ""-B"", ""-m"", ""src.matched_forecasting005"", ""run"", ""--matrix"", ""outputs/amendment005/support_design_v1/experiment_matrix.csv"", ""--dataset"", ""pleia_energy"", ""--horizon"", ""1"", ""--outer-fold"", ""0"", ""--model-seed"", ""45"", ""--out"", ""outputs/matched_forecasting005/pleia_energy_h1_f0_s45_v1""]",outputs/matched_forecasting005/pleia_energy_h1_f0_s45_v1,False,implement and verify matched_forecasting005; explicit fitting authorization; per-unit resource guard,10,111.88842870000008,1026.129563100003,"PLEIA measured 3-model phase min/max times x fitting-row ratio x [0.5,3]; excludes preparation/I/O; not an ETA"
37,pleia_energy,3,0,45,persistence|xgboost|attention_lstm,"[""C:/cfs_venv/Scripts/python.exe"", ""-B"", ""-m"", ""src.matched_forecasting005"", ""run"", ""--matrix"", ""outputs/amendment005/support_design_v1/experiment_matrix.csv"", ""--dataset"", ""pleia_energy"", ""--horizon"", ""3"", ""--outer-fold"", ""0"", ""--model-seed"", ""45"", ""--out"", ""outputs/matched_forecasting005/pleia_energy_h3_f0_s45_v1""]",outputs/matched_forecasting005/pleia_energy_h3_f0_s45_v1,False,implement and verify matched_forecasting005; explicit fitting authorization; per-unit resource guard,10,111.87336918538652,1025.9914521860287,"PLEIA measured 3-model phase min/max times x fitting-row ratio x [0.5,3]; excludes preparation/I/O; not an ETA"
38,pleia_energy,6,0,45,persistence|xgboost|attention_lstm,"[""C:/cfs_venv/Scripts/python.exe"", ""-B"", ""-m"", ""src.matched_forecasting005"", ""run"", ""--matrix"", ""outputs/amendment005/support_design_v1/experiment_matrix.csv"", ""--dataset"", ""pleia_energy"", ""--horizon"", ""6"", ""--outer-fold"", ""0"", ""--model-seed"", ""45"", ""--out"", ""outputs/matched_forecasting005/pleia_energy_h6_f0_s45_v1""]",outputs/matched_forecasting005/pleia_energy_h6_f0_s45_v1,False,implement and verify matched_forecasting005; explicit fitting authorization; per-unit resource guard,10,111.8545447921196,1025.818813543561,"PLEIA measured 3-model phase min/max times x fitting-row ratio x [0.5,3]; excludes preparation/I/O; not an ETA"
39,pleia_energy,1,2,46,persistence|xgboost|attention_lstm,"[""C:/cfs_venv/Scripts/python.exe"", ""-B"", ""-m"", ""src.matched_forecasting005"", ""run"", ""--matrix"", ""outputs/amendment005/support_design_v1/experiment_matrix.csv"", ""--dataset"", ""pleia_energy"", ""--horizon"", ""1"", ""--outer-fold"", ""2"", ""--model-seed"", ""46"", ""--out"", ""outputs/matched_forecasting005/pleia_energy_h1_f2_s46_v1""]",outputs/matched_forecasting005/pleia_energy_h1_f2_s46_v1,False,implement and verify matched_forecasting005; explicit fitting authorization; per-unit resource guard,10,55.93856703201996,513.0129899572612,"PLEIA measured 3-model phase min/max times x fitting-row ratio x [0.5,3]; excludes preparation/I/O; not an ETA"
40,pleia_energy,3,2,46,persistence|xgboost|attention_lstm,"[""C:/cfs_venv/Scripts/python.exe"", ""-B"", ""-m"", ""src.matched_forecasting005"", ""run"", ""--matrix"", ""outputs/amendment005/support_design_v1/experiment_matrix.csv"", ""--dataset"", ""pleia_energy"", ""--horizon"", ""3"", ""--outer-fold"", ""2"", ""--model-seed"", ""46"", ""--out"", ""outputs/matched_forecasting005/pleia_energy_h3_f2_s46_v1""]",outputs/matched_forecasting005/pleia_energy_h3_f2_s46_v1,False,implement and verify matched_forecasting005; explicit fitting authorization; per-unit resource guard,10,55.9272723960598,512.9094067717805,"PLEIA measured 3-model phase min/max times x fitting-row ratio x [0.5,3]; excludes preparation/I/O; not an ETA"
41,pleia_energy,6,2,46,persistence|xgboost|attention_lstm,"[""C:/cfs_venv/Scripts/python.exe"", ""-B"", ""-m"", ""src.matched_forecasting005"", ""run"", ""--matrix"", ""outputs/amendment005/support_design_v1/experiment_matrix.csv"", ""--dataset"", ""pleia_energy"", ""--horizon"", ""6"", ""--outer-fold"", ""2"", ""--model-seed"", ""46"", ""--out"", ""outputs/matched_forecasting005/pleia_energy_h6_f2_s46_v1""]",outputs/matched_forecasting005/pleia_energy_h6_f2_s46_v1,False,implement and verify matched_forecasting005; explicit fitting authorization; per-unit resource guard,10,55.90844800279286,512.7367681293127,"PLEIA measured 3-model phase min/max times x fitting-row ratio x [0.5,3]; excludes preparation/I/O; not an ETA"
42,pleia_energy,1,1,46,persistence|xgboost|attention_lstm,"[""C:/cfs_venv/Scripts/python.exe"", ""-B"", ""-m"", ""src.matched_forecasting005"", ""run"", ""--matrix"", ""outputs/amendment005/support_design_v1/experiment_matrix.csv"", ""--dataset"", ""pleia_energy"", ""--horizon"", ""1"", ""--outer-fold"", ""1"", ""--model-seed"", ""46"", ""--out"", ""outputs/matched_forecasting005/pleia_energy_h1_f1_s46_v1""]",outputs/matched_forecasting005/pleia_energy_h1_f1_s46_v1,False,implement and verify matched_forecasting005; explicit fitting authorization; per-unit resource guard,10,83.91538030533671,769.5885403928788,"PLEIA measured 3-model phase min/max times x fitting-row ratio x [0.5,3]; excludes preparation/I/O; not an ETA"
43,pleia_energy,3,1,46,persistence|xgboost|attention_lstm,"[""C:/cfs_venv/Scripts/python.exe"", ""-B"", ""-m"", ""src.matched_forecasting005"", ""run"", ""--matrix"", ""outputs/amendment005/support_design_v1/experiment_matrix.csv"", ""--dataset"", ""pleia_energy"", ""--horizon"", ""3"", ""--outer-fold"", ""1"", ""--model-seed"", ""46"", ""--out"", ""outputs/matched_forecasting005/pleia_energy_h3_f1_s46_v1""]",outputs/matched_forecasting005/pleia_energy_h3_f1_s46_v1,False,implement and verify matched_forecasting005; explicit fitting authorization; per-unit resource guard,10,83.90032079072316,769.4504294789047,"PLEIA measured 3-model phase min/max times x fitting-row ratio x [0.5,3]; excludes preparation/I/O; not an ETA"
44,pleia_energy,6,1,46,persistence|xgboost|attention_lstm,"[""C:/cfs_venv/Scripts/python.exe"", ""-B"", ""-m"", ""src.matched_forecasting005"", ""run"", ""--matrix"", ""outputs/amendment005/support_design_v1/experiment_matrix.csv"", ""--dataset"", ""pleia_energy"", ""--horizon"", ""6"", ""--outer-fold"", ""1"", ""--model-seed"", ""46"", ""--out"", ""outputs/matched_forecasting005/pleia_energy_h6_f1_s46_v1""]",outputs/matched_forecasting005/pleia_energy_h6_f1_s46_v1,False,implement and verify matched_forecasting005; explicit fitting authorization; per-unit resource guard,10,83.88149639745623,769.2777908364369,"PLEIA measured 3-model phase min/max times x fitting-row ratio x [0.5,3]; excludes preparation/I/O; not an ETA"
45,pleia_energy,1,0,46,persistence|xgboost|attention_lstm,"[""C:/cfs_venv/Scripts/python.exe"", ""-B"", ""-m"", ""src.matched_forecasting005"", ""run"", ""--matrix"", ""outputs/amendment005/support_design_v1/experiment_matrix.csv"", ""--dataset"", ""pleia_energy"", ""--horizon"", ""1"", ""--outer-fold"", ""0"", ""--model-seed"", ""46"", ""--out"", ""outputs/matched_forecasting005/pleia_energy_h1_f0_s46_v1""]",outputs/matched_forecasting005/pleia_energy_h1_f0_s46_v1,False,implement and verify matched_forecasting005; explicit fitting authorization; per-unit resource guard,10,111.88842870000008,1026.129563100003,"PLEIA measured 3-model phase min/max times x fitting-row ratio x [0.5,3]; excludes preparation/I/O; not an ETA"
46,pleia_energy,3,0,46,persistence|xgboost|attention_lstm,"[""C:/cfs_venv/Scripts/python.exe"", ""-B"", ""-m"", ""src.matched_forecasting005"", ""run"", ""--matrix"", ""outputs/amendment005/support_design_v1/experiment_matrix.csv"", ""--dataset"", ""pleia_energy"", ""--horizon"", ""3"", ""--outer-fold"", ""0"", ""--model-seed"", ""46"", ""--out"", ""outputs/matched_forecasting005/pleia_energy_h3_f0_s46_v1""]",outputs/matched_forecasting005/pleia_energy_h3_f0_s46_v1,False,implement and verify matched_forecasting005; explicit fitting authorization; per-unit resource guard,10,111.87336918538652,1025.9914521860287,"PLEIA measured 3-model phase min/max times x fitting-row ratio x [0.5,3]; excludes preparation/I/O; not an ETA"
47,pleia_energy,6,0,46,persistence|xgboost|attention_lstm,"[""C:/cfs_venv/Scripts/python.exe"", ""-B"", ""-m"", ""src.matched_forecasting005"", ""run"", ""--matrix"", ""outputs/amendment005/support_design_v1/experiment_matrix.csv"", ""--dataset"", ""pleia_energy"", ""--horizon"", ""6"", ""--outer-fold"", ""0"", ""--model-seed"", ""46"", ""--out"", ""outputs/matched_forecasting005/pleia_energy_h6_f0_s46_v1""]",outputs/matched_forecasting005/pleia_energy_h6_f0_s46_v1,False,implement and verify matched_forecasting005; explicit fitting authorization; per-unit resource guard,10,111.8545447921196,1025.818813543561,"PLEIA measured 3-model phase min/max times x fitting-row ratio x [0.5,3]; excludes preparation/I/O; not an ETA"
48,rico,15,2,42,persistence|xgboost|attention_lstm,"[""C:/cfs_venv/Scripts/python.exe"", ""-B"", ""-m"", ""src.matched_forecasting005"", ""run"", ""--matrix"", ""outputs/amendment005/support_design_v1/experiment_matrix.csv"", ""--dataset"", ""rico"", ""--horizon"", ""15"", ""--outer-fold"", ""2"", ""--model-seed"", ""42"", ""--out"", ""outputs/matched_forecasting005/rico_h15_f2_s42_v1""]",outputs/matched_forecasting005/rico_h15_f2_s42_v1,False,implement and verify matched_forecasting005; explicit fitting authorization; per-unit resource guard,10,46.39083476703122,425.4506704976021,"PLEIA measured 3-model phase min/max times x fitting-row ratio x [0.5,3]; excludes preparation/I/O; not an ETA"
49,rico,30,2,42,persistence|xgboost|attention_lstm,"[""C:/cfs_venv/Scripts/python.exe"", ""-B"", ""-m"", ""src.matched_forecasting005"", ""run"", ""--matrix"", ""outputs/amendment005/support_design_v1/experiment_matrix.csv"", ""--dataset"", ""rico"", ""--horizon"", ""30"", ""--outer-fold"", ""2"", ""--model-seed"", ""42"", ""--out"", ""outputs/matched_forecasting005/rico_h30_f2_s42_v1""]",outputs/matched_forecasting005/rico_h30_f2_s42_v1,False,implement and verify matched_forecasting005; explicit fitting authorization; per-unit resource guard,10,42.94597079918237,393.857798925998,"PLEIA measured 3-model phase min/max times x fitting-row ratio x [0.5,3]; excludes preparation/I/O; not an ETA"
50,rico,60,2,42,persistence|xgboost|attention_lstm,"[""C:/cfs_venv/Scripts/python.exe"", ""-B"", ""-m"", ""src.matched_forecasting005"", ""run"", ""--matrix"", ""outputs/amendment005/support_design_v1/experiment_matrix.csv"", ""--dataset"", ""rico"", ""--horizon"", ""60"", ""--outer-fold"", ""2"", ""--model-seed"", ""42"", ""--out"", ""outputs/matched_forecasting005/rico_h60_f2_s42_v1""]",outputs/matched_forecasting005/rico_h60_f2_s42_v1,False,implement and verify matched_forecasting005; explicit fitting authorization; per-unit resource guard,10,36.05624286348466,330.67205578278976,"PLEIA measured 3-model phase min/max times x fitting-row ratio x [0.5,3]; excludes preparation/I/O; not an ETA"
51,rico,5,1,42,persistence|xgboost|attention_lstm,"[""C:/cfs_venv/Scripts/python.exe"", ""-B"", ""-m"", ""src.matched_forecasting005"", ""run"", ""--matrix"", ""outputs/amendment005/support_design_v1/experiment_matrix.csv"", ""--dataset"", ""rico"", ""--horizon"", ""5"", ""--outer-fold"", ""1"", ""--model-seed"", ""42"", ""--out"", ""outputs/matched_forecasting005/rico_h5_f1_s42_v1""]",outputs/matched_forecasting005/rico_h5_f1_s42_v1,False,implement and verify matched_forecasting005; explicit fitting authorization; per-unit resource guard,10,73.43019325565469,673.4288165383243,"PLEIA measured 3-model phase min/max times x fitting-row ratio x [0.5,3]; excludes preparation/I/O; not an ETA"
52,rico,15,1,42,persistence|xgboost|attention_lstm,"[""C:/cfs_venv/Scripts/python.exe"", ""-B"", ""-m"", ""src.matched_forecasting005"", ""run"", ""--matrix"", ""outputs/amendment005/support_design_v1/experiment_matrix.csv"", ""--dataset"", ""rico"", ""--horizon"", ""15"", ""--outer-fold"", ""1"", ""--model-seed"", ""42"", ""--out"", ""outputs/matched_forecasting005/rico_h15_f1_s42_v1""]",outputs/matched_forecasting005/rico_h15_f1_s42_v1,False,implement and verify matched_forecasting005; explicit fitting authorization; per-unit resource guard,10,69.96650489453889,641.6633063242523,"PLEIA measured 3-model phase min/max times x fitting-row ratio x [0.5,3]; excludes preparation/I/O; not an ETA"
53,rico,30,1,42,persistence|xgboost|attention_lstm,"[""C:/cfs_venv/Scripts/python.exe"", ""-B"", ""-m"", ""src.matched_forecasting005"", ""run"", ""--matrix"", ""outputs/amendment005/support_design_v1/experiment_matrix.csv"", ""--dataset"", ""rico"", ""--horizon"", ""30"", ""--outer-fold"", ""1"", ""--model-seed"", ""42"", ""--out"", ""outputs/matched_forecasting005/rico_h30_f1_s42_v1""]",outputs/matched_forecasting005/rico_h30_f1_s42_v1,False,implement and verify matched_forecasting005; explicit fitting authorization; per-unit resource guard,10,64.77097235286521,594.0150410031445,"PLEIA measured 3-model phase min/max times x fitting-row ratio x [0.5,3]; excludes preparation/I/O; not an ETA"
54,rico,60,1,42,persistence|xgboost|attention_lstm,"[""C:/cfs_venv/Scripts/python.exe"", ""-B"", ""-m"", ""src.matched_forecasting005"", ""run"", ""--matrix"", ""outputs/amendment005/support_design_v1/experiment_matrix.csv"", ""--dataset"", ""rico"", ""--horizon"", ""60"", ""--outer-fold"", ""1"", ""--model-seed"", ""42"", ""--out"", ""outputs/matched_forecasting005/rico_h60_f1_s42_v1""]",outputs/matched_forecasting005/rico_h60_f1_s42_v1,False,implement and verify matched_forecasting005; explicit fitting authorization; per-unit resource guard,10,54.37990726951786,498.71851036092886,"PLEIA measured 3-model phase min/max times x fitting-row ratio x [0.5,3]; excludes preparation/I/O; not an ETA"
55,rico,5,0,42,persistence|xgboost|attention_lstm,"[""C:/cfs_venv/Scripts/python.exe"", ""-B"", ""-m"", ""src.matched_forecasting005"", ""run"", ""--matrix"", ""outputs/amendment005/support_design_v1/experiment_matrix.csv"", ""--dataset"", ""rico"", ""--horizon"", ""5"", ""--outer-fold"", ""0"", ""--model-seed"", ""42"", ""--out"", ""outputs/matched_forecasting005/rico_h5_f0_s42_v1""]",outputs/matched_forecasting005/rico_h5_f0_s42_v1,False,implement and verify matched_forecasting005; explicit fitting authorization; per-unit resource guard,10,98.17297576571224,900.345048197977,"PLEIA measured 3-model phase min/max times x fitting-row ratio x [0.5,3]; excludes preparation/I/O; not an ETA"
56,rico,15,0,42,persistence|xgboost|attention_lstm,"[""C:/cfs_venv/Scripts/python.exe"", ""-B"", ""-m"", ""src.matched_forecasting005"", ""run"", ""--matrix"", ""outputs/amendment005/support_design_v1/experiment_matrix.csv"", ""--dataset"", ""rico"", ""--horizon"", ""15"", ""--outer-fold"", ""0"", ""--model-seed"", ""42"", ""--out"", ""outputs/matched_forecasting005/rico_h15_f0_s42_v1""]",outputs/matched_forecasting005/rico_h15_f0_s42_v1,False,implement and verify matched_forecasting005; explicit fitting authorization; per-unit resource guard,10,93.54217502204656,857.8759421509026,"PLEIA measured 3-model phase min/max times x fitting-row ratio x [0.5,3]; excludes preparation/I/O; not an ETA"
57,rico,30,0,42,persistence|xgboost|attention_lstm,"[""C:/cfs_venv/Scripts/python.exe"", ""-B"", ""-m"", ""src.matched_forecasting005"", ""run"", ""--matrix"", ""outputs/amendment005/support_design_v1/experiment_matrix.csv"", ""--dataset"", ""rico"", ""--horizon"", ""30"", ""--outer-fold"", ""0"", ""--model-seed"", ""42"", ""--out"", ""outputs/matched_forecasting005/rico_h30_f0_s42_v1""]",outputs/matched_forecasting005/rico_h30_f0_s42_v1,False,implement and verify matched_forecasting005; explicit fitting authorization; per-unit resource guard,10,86.59597390654807,794.1722830802911,"PLEIA measured 3-model phase min/max times x fitting-row ratio x [0.5,3]; excludes preparation/I/O; not an ETA"
58,rico,60,0,42,persistence|xgboost|attention_lstm,"[""C:/cfs_venv/Scripts/python.exe"", ""-B"", ""-m"", ""src.matched_forecasting005"", ""run"", ""--matrix"", ""outputs/amendment005/support_design_v1/experiment_matrix.csv"", ""--dataset"", ""rico"", ""--horizon"", ""60"", ""--outer-fold"", ""0"", ""--model-seed"", ""42"", ""--out"", ""outputs/matched_forecasting005/rico_h60_f0_s42_v1""]",outputs/matched_forecasting005/rico_h60_f0_s42_v1,False,implement and verify matched_forecasting005; explicit fitting authorization; per-unit resource guard,10,72.70357167555105,666.7649649390679,"PLEIA measured 3-model phase min/max times x fitting-row ratio x [0.5,3]; excludes preparation/I/O; not an ETA"
59,rico,5,2,43,persistence|xgboost|attention_lstm,"[""C:/cfs_venv/Scripts/python.exe"", ""-B"", ""-m"", ""src.matched_forecasting005"", ""run"", ""--matrix"", ""outputs/amendment005/support_design_v1/experiment_matrix.csv"", ""--dataset"", ""rico"", ""--horizon"", ""5"", ""--outer-fold"", ""2"", ""--model-seed"", ""43"", ""--out"", ""outputs/matched_forecasting005/rico_h5_f2_s43_v1""]",outputs/matched_forecasting005/rico_h5_f2_s43_v1,False,implement and verify matched_forecasting005; explicit fitting authorization; per-unit resource guard,10,48.68741074559713,446.5125848786715,"PLEIA measured 3-model phase min/max times x fitting-row ratio x [0.5,3]; excludes preparation/I/O; not an ETA"
60,rico,15,2,43,persistence|xgboost|attention_lstm,"[""C:/cfs_venv/Scripts/python.exe"", ""-B"", ""-m"", ""src.matched_forecasting005"", ""run"", ""--matrix"", ""outputs/amendment005/support_design_v1/experiment_matrix.csv"", ""--dataset"", ""rico"", ""--horizon"", ""15"", ""--outer-fold"", ""2"", ""--model-seed"", ""43"", ""--out"", ""outputs/matched_forecasting005/rico_h15_f2_s43_v1""]",outputs/matched_forecasting005/rico_h15_f2_s43_v1,False,implement and verify matched_forecasting005; explicit fitting authorization; per-unit resource guard,10,46.39083476703122,425.4506704976021,"PLEIA measured 3-model phase min/max times x fitting-row ratio x [0.5,3]; excludes preparation/I/O; not an ETA"
61,rico,30,2,43,persistence|xgboost|attention_lstm,"[""C:/cfs_venv/Scripts/python.exe"", ""-B"", ""-m"", ""src.matched_forecasting005"", ""run"", ""--matrix"", ""outputs/amendment005/support_design_v1/experiment_matrix.csv"", ""--dataset"", ""rico"", ""--horizon"", ""30"", ""--outer-fold"", ""2"", ""--model-seed"", ""43"", ""--out"", ""outputs/matched_forecasting005/rico_h30_f2_s43_v1""]",outputs/matched_forecasting005/rico_h30_f2_s43_v1,False,implement and verify matched_forecasting005; explicit fitting authorization; per-unit resource guard,10,42.94597079918237,393.857798925998,"PLEIA measured 3-model phase min/max times x fitting-row ratio x [0.5,3]; excludes preparation/I/O; not an ETA"
62,rico,60,2,43,persistence|xgboost|attention_lstm,"[""C:/cfs_venv/Scripts/python.exe"", ""-B"", ""-m"", ""src.matched_forecasting005"", ""run"", ""--matrix"", ""outputs/amendment005/support_design_v1/experiment_matrix.csv"", ""--dataset"", ""rico"", ""--horizon"", ""60"", ""--outer-fold"", ""2"", ""--model-seed"", ""43"", ""--out"", ""outputs/matched_forecasting005/rico_h60_f2_s43_v1""]",outputs/matched_forecasting005/rico_h60_f2_s43_v1,False,implement and verify matched_forecasting005; explicit fitting authorization; per-unit resource guard,10,36.05624286348466,330.67205578278976,"PLEIA measured 3-model phase min/max times x fitting-row ratio x [0.5,3]; excludes preparation/I/O; not an ETA"
63,rico,5,1,43,persistence|xgboost|attention_lstm,"[""C:/cfs_venv/Scripts/python.exe"", ""-B"", ""-m"", ""src.matched_forecasting005"", ""run"", ""--matrix"", ""outputs/amendment005/support_design_v1/experiment_matrix.csv"", ""--dataset"", ""rico"", ""--horizon"", ""5"", ""--outer-fold"", ""1"", ""--model-seed"", ""43"", ""--out"", ""outputs/matched_forecasting005/rico_h5_f1_s43_v1""]",outputs/matched_forecasting005/rico_h5_f1_s43_v1,False,implement and verify matched_forecasting005; explicit fitting authorization; per-unit resource guard,10,73.43019325565469,673.4288165383243,"PLEIA measured 3-model phase min/max times x fitting-row ratio x [0.5,3]; excludes preparation/I/O; not an ETA"
64,rico,15,1,43,persistence|xgboost|attention_lstm,"[""C:/cfs_venv/Scripts/python.exe"", ""-B"", ""-m"", ""src.matched_forecasting005"", ""run"", ""--matrix"", ""outputs/amendment005/support_design_v1/experiment_matrix.csv"", ""--dataset"", ""rico"", ""--horizon"", ""15"", ""--outer-fold"", ""1"", ""--model-seed"", ""43"", ""--out"", ""outputs/matched_forecasting005/rico_h15_f1_s43_v1""]",outputs/matched_forecasting005/rico_h15_f1_s43_v1,False,implement and verify matched_forecasting005; explicit fitting authorization; per-unit resource guard,10,69.96650489453889,641.6633063242523,"PLEIA measured 3-model phase min/max times x fitting-row ratio x [0.5,3]; excludes preparation/I/O; not an ETA"
65,rico,30,1,43,persistence|xgboost|attention_lstm,"[""C:/cfs_venv/Scripts/python.exe"", ""-B"", ""-m"", ""src.matched_forecasting005"", ""run"", ""--matrix"", ""outputs/amendment005/support_design_v1/experiment_matrix.csv"", ""--dataset"", ""rico"", ""--horizon"", ""30"", ""--outer-fold"", ""1"", ""--model-seed"", ""43"", ""--out"", ""outputs/matched_forecasting005/rico_h30_f1_s43_v1""]",outputs/matched_forecasting005/rico_h30_f1_s43_v1,False,implement and verify matched_forecasting005; explicit fitting authorization; per-unit resource guard,10,64.77097235286521,594.0150410031445,"PLEIA measured 3-model phase min/max times x fitting-row ratio x [0.5,3]; excludes preparation/I/O; not an ETA"
66,rico,60,1,43,persistence|xgboost|attention_lstm,"[""C:/cfs_venv/Scripts/python.exe"", ""-B"", ""-m"", ""src.matched_forecasting005"", ""run"", ""--matrix"", ""outputs/amendment005/support_design_v1/experiment_matrix.csv"", ""--dataset"", ""rico"", ""--horizon"", ""60"", ""--outer-fold"", ""1"", ""--model-seed"", ""43"", ""--out"", ""outputs/matched_forecasting005/rico_h60_f1_s43_v1""]",outputs/matched_forecasting005/rico_h60_f1_s43_v1,False,implement and verify matched_forecasting005; explicit fitting authorization; per-unit resource guard,10,54.37990726951786,498.71851036092886,"PLEIA measured 3-model phase min/max times x fitting-row ratio x [0.5,3]; excludes preparation/I/O; not an ETA"
67,rico,5,0,43,persistence|xgboost|attention_lstm,"[""C:/cfs_venv/Scripts/python.exe"", ""-B"", ""-m"", ""src.matched_forecasting005"", ""run"", ""--matrix"", ""outputs/amendment005/support_design_v1/experiment_matrix.csv"", ""--dataset"", ""rico"", ""--horizon"", ""5"", ""--outer-fold"", ""0"", ""--model-seed"", ""43"", ""--out"", ""outputs/matched_forecasting005/rico_h5_f0_s43_v1""]",outputs/matched_forecasting005/rico_h5_f0_s43_v1,False,implement and verify matched_forecasting005; explicit fitting authorization; per-unit resource guard,10,98.17297576571224,900.345048197977,"PLEIA measured 3-model phase min/max times x fitting-row ratio x [0.5,3]; excludes preparation/I/O; not an ETA"
68,rico,15,0,43,persistence|xgboost|attention_lstm,"[""C:/cfs_venv/Scripts/python.exe"", ""-B"", ""-m"", ""src.matched_forecasting005"", ""run"", ""--matrix"", ""outputs/amendment005/support_design_v1/experiment_matrix.csv"", ""--dataset"", ""rico"", ""--horizon"", ""15"", ""--outer-fold"", ""0"", ""--model-seed"", ""43"", ""--out"", ""outputs/matched_forecasting005/rico_h15_f0_s43_v1""]",outputs/matched_forecasting005/rico_h15_f0_s43_v1,False,implement and verify matched_forecasting005; explicit fitting authorization; per-unit resource guard,10,93.54217502204656,857.8759421509026,"PLEIA measured 3-model phase min/max times x fitting-row ratio x [0.5,3]; excludes preparation/I/O; not an ETA"
69,rico,30,0,43,persistence|xgboost|attention_lstm,"[""C:/cfs_venv/Scripts/python.exe"", ""-B"", ""-m"", ""src.matched_forecasting005"", ""run"", ""--matrix"", ""outputs/amendment005/support_design_v1/experiment_matrix.csv"", ""--dataset"", ""rico"", ""--horizon"", ""30"", ""--outer-fold"", ""0"", ""--model-seed"", ""43"", ""--out"", ""outputs/matched_forecasting005/rico_h30_f0_s43_v1""]",outputs/matched_forecasting005/rico_h30_f0_s43_v1,False,implement and verify matched_forecasting005; explicit fitting authorization; per-unit resource guard,10,86.59597390654807,794.1722830802911,"PLEIA measured 3-model phase min/max times x fitting-row ratio x [0.5,3]; excludes preparation/I/O; not an ETA"
70,rico,60,0,43,persistence|xgboost|attention_lstm,"[""C:/cfs_venv/Scripts/python.exe"", ""-B"", ""-m"", ""src.matched_forecasting005"", ""run"", ""--matrix"", ""outputs/amendment005/support_design_v1/experiment_matrix.csv"", ""--dataset"", ""rico"", ""--horizon"", ""60"", ""--outer-fold"", ""0"", ""--model-seed"", ""43"", ""--out"", ""outputs/matched_forecasting005/rico_h60_f0_s43_v1""]",outputs/matched_forecasting005/rico_h60_f0_s43_v1,False,implement and verify matched_forecasting005; explicit fitting authorization; per-unit resource guard,10,72.70357167555105,666.7649649390679,"PLEIA measured 3-model phase min/max times x fitting-row ratio x [0.5,3]; excludes preparation/I/O; not an ETA"
71,rico,5,2,44,persistence|xgboost|attention_lstm,"[""C:/cfs_venv/Scripts/python.exe"", ""-B"", ""-m"", ""src.matched_forecasting005"", ""run"", ""--matrix"", ""outputs/amendment005/support_design_v1/experiment_matrix.csv"", ""--dataset"", ""rico"", ""--horizon"", ""5"", ""--outer-fold"", ""2"", ""--model-seed"", ""44"", ""--out"", ""outputs/matched_forecasting005/rico_h5_f2_s44_v1""]",outputs/matched_forecasting005/rico_h5_f2_s44_v1,False,implement and verify matched_forecasting005; explicit fitting authorization; per-unit resource guard,10,48.68741074559713,446.5125848786715,"PLEIA measured 3-model phase min/max times x fitting-row ratio x [0.5,3]; excludes preparation/I/O; not an ETA"
72,rico,15,2,44,persistence|xgboost|attention_lstm,"[""C:/cfs_venv/Scripts/python.exe"", ""-B"", ""-m"", ""src.matched_forecasting005"", ""run"", ""--matrix"", ""outputs/amendment005/support_design_v1/experiment_matrix.csv"", ""--dataset"", ""rico"", ""--horizon"", ""15"", ""--outer-fold"", ""2"", ""--model-seed"", ""44"", ""--out"", ""outputs/matched_forecasting005/rico_h15_f2_s44_v1""]",outputs/matched_forecasting005/rico_h15_f2_s44_v1,False,implement and verify matched_forecasting005; explicit fitting authorization; per-unit resource guard,10,46.39083476703122,425.4506704976021,"PLEIA measured 3-model phase min/max times x fitting-row ratio x [0.5,3]; excludes preparation/I/O; not an ETA"
73,rico,30,2,44,persistence|xgboost|attention_lstm,"[""C:/cfs_venv/Scripts/python.exe"", ""-B"", ""-m"", ""src.matched_forecasting005"", ""run"", ""--matrix"", ""outputs/amendment005/support_design_v1/experiment_matrix.csv"", ""--dataset"", ""rico"", ""--horizon"", ""30"", ""--outer-fold"", ""2"", ""--model-seed"", ""44"", ""--out"", ""outputs/matched_forecasting005/rico_h30_f2_s44_v1""]",outputs/matched_forecasting005/rico_h30_f2_s44_v1,False,implement and verify matched_forecasting005; explicit fitting authorization; per-unit resource guard,10,42.94597079918237,393.857798925998,"PLEIA measured 3-model phase min/max times x fitting-row ratio x [0.5,3]; excludes preparation/I/O; not an ETA"
74,rico,60,2,44,persistence|xgboost|attention_lstm,"[""C:/cfs_venv/Scripts/python.exe"", ""-B"", ""-m"", ""src.matched_forecasting005"", ""run"", ""--matrix"", ""outputs/amendment005/support_design_v1/experiment_matrix.csv"", ""--dataset"", ""rico"", ""--horizon"", ""60"", ""--outer-fold"", ""2"", ""--model-seed"", ""44"", ""--out"", ""outputs/matched_forecasting005/rico_h60_f2_s44_v1""]",outputs/matched_forecasting005/rico_h60_f2_s44_v1,False,implement and verify matched_forecasting005; explicit fitting authorization; per-unit resource guard,10,36.05624286348466,330.67205578278976,"PLEIA measured 3-model phase min/max times x fitting-row ratio x [0.5,3]; excludes preparation/I/O; not an ETA"
75,rico,5,1,44,persistence|xgboost|attention_lstm,"[""C:/cfs_venv/Scripts/python.exe"", ""-B"", ""-m"", ""src.matched_forecasting005"", ""run"", ""--matrix"", ""outputs/amendment005/support_design_v1/experiment_matrix.csv"", ""--dataset"", ""rico"", ""--horizon"", ""5"", ""--outer-fold"", ""1"", ""--model-seed"", ""44"", ""--out"", ""outputs/matched_forecasting005/rico_h5_f1_s44_v1""]",outputs/matched_forecasting005/rico_h5_f1_s44_v1,False,implement and verify matched_forecasting005; explicit fitting authorization; per-unit resource guard,10,73.43019325565469,673.4288165383243,"PLEIA measured 3-model phase min/max times x fitting-row ratio x [0.5,3]; excludes preparation/I/O; not an ETA"
76,rico,15,1,44,persistence|xgboost|attention_lstm,"[""C:/cfs_venv/Scripts/python.exe"", ""-B"", ""-m"", ""src.matched_forecasting005"", ""run"", ""--matrix"", ""outputs/amendment005/support_design_v1/experiment_matrix.csv"", ""--dataset"", ""rico"", ""--horizon"", ""15"", ""--outer-fold"", ""1"", ""--model-seed"", ""44"", ""--out"", ""outputs/matched_forecasting005/rico_h15_f1_s44_v1""]",outputs/matched_forecasting005/rico_h15_f1_s44_v1,False,implement and verify matched_forecasting005; explicit fitting authorization; per-unit resource guard,10,69.96650489453889,641.6633063242523,"PLEIA measured 3-model phase min/max times x fitting-row ratio x [0.5,3]; excludes preparation/I/O; not an ETA"
77,rico,30,1,44,persistence|xgboost|attention_lstm,"[""C:/cfs_venv/Scripts/python.exe"", ""-B"", ""-m"", ""src.matched_forecasting005"", ""run"", ""--matrix"", ""outputs/amendment005/support_design_v1/experiment_matrix.csv"", ""--dataset"", ""rico"", ""--horizon"", ""30"", ""--outer-fold"", ""1"", ""--model-seed"", ""44"", ""--out"", ""outputs/matched_forecasting005/rico_h30_f1_s44_v1""]",outputs/matched_forecasting005/rico_h30_f1_s44_v1,False,implement and verify matched_forecasting005; explicit fitting authorization; per-unit resource guard,10,64.77097235286521,594.0150410031445,"PLEIA measured 3-model phase min/max times x fitting-row ratio x [0.5,3]; excludes preparation/I/O; not an ETA"
78,rico,60,1,44,persistence|xgboost|attention_lstm,"[""C:/cfs_venv/Scripts/python.exe"", ""-B"", ""-m"", ""src.matched_forecasting005"", ""run"", ""--matrix"", ""outputs/amendment005/support_design_v1/experiment_matrix.csv"", ""--dataset"", ""rico"", ""--horizon"", ""60"", ""--outer-fold"", ""1"", ""--model-seed"", ""44"", ""--out"", ""outputs/matched_forecasting005/rico_h60_f1_s44_v1""]",outputs/matched_forecasting005/rico_h60_f1_s44_v1,False,implement and verify matched_forecasting005; explicit fitting authorization; per-unit resource guard,10,54.37990726951786,498.71851036092886,"PLEIA measured 3-model phase min/max times x fitting-row ratio x [0.5,3]; excludes preparation/I/O; not an ETA"
79,rico,5,0,44,persistence|xgboost|attention_lstm,"[""C:/cfs_venv/Scripts/python.exe"", ""-B"", ""-m"", ""src.matched_forecasting005"", ""run"", ""--matrix"", ""outputs/amendment005/support_design_v1/experiment_matrix.csv"", ""--dataset"", ""rico"", ""--horizon"", ""5"", ""--outer-fold"", ""0"", ""--model-seed"", ""44"", ""--out"", ""outputs/matched_forecasting005/rico_h5_f0_s44_v1""]",outputs/matched_forecasting005/rico_h5_f0_s44_v1,False,implement and verify matched_forecasting005; explicit fitting authorization; per-unit resource guard,10,98.17297576571224,900.345048197977,"PLEIA measured 3-model phase min/max times x fitting-row ratio x [0.5,3]; excludes preparation/I/O; not an ETA"
80,rico,15,0,44,persistence|xgboost|attention_lstm,"[""C:/cfs_venv/Scripts/python.exe"", ""-B"", ""-m"", ""src.matched_forecasting005"", ""run"", ""--matrix"", ""outputs/amendment005/support_design_v1/experiment_matrix.csv"", ""--dataset"", ""rico"", ""--horizon"", ""15"", ""--outer-fold"", ""0"", ""--model-seed"", ""44"", ""--out"", ""outputs/matched_forecasting005/rico_h15_f0_s44_v1""]",outputs/matched_forecasting005/rico_h15_f0_s44_v1,False,implement and verify matched_forecasting005; explicit fitting authorization; per-unit resource guard,10,93.54217502204656,857.8759421509026,"PLEIA measured 3-model phase min/max times x fitting-row ratio x [0.5,3]; excludes preparation/I/O; not an ETA"
81,rico,30,0,44,persistence|xgboost|attention_lstm,"[""C:/cfs_venv/Scripts/python.exe"", ""-B"", ""-m"", ""src.matched_forecasting005"", ""run"", ""--matrix"", ""outputs/amendment005/support_design_v1/experiment_matrix.csv"", ""--dataset"", ""rico"", ""--horizon"", ""30"", ""--outer-fold"", ""0"", ""--model-seed"", ""44"", ""--out"", ""outputs/matched_forecasting005/rico_h30_f0_s44_v1""]",outputs/matched_forecasting005/rico_h30_f0_s44_v1,False,implement and verify matched_forecasting005; explicit fitting authorization; per-unit resource guard,10,86.59597390654807,794.1722830802911,"PLEIA measured 3-model phase min/max times x fitting-row ratio x [0.5,3]; excludes preparation/I/O; not an ETA"
82,rico,60,0,44,persistence|xgboost|attention_lstm,"[""C:/cfs_venv/Scripts/python.exe"", ""-B"", ""-m"", ""src.matched_forecasting005"", ""run"", ""--matrix"", ""outputs/amendment005/support_design_v1/experiment_matrix.csv"", ""--dataset"", ""rico"", ""--horizon"", ""60"", ""--outer-fold"", ""0"", ""--model-seed"", ""44"", ""--out"", ""outputs/matched_forecasting005/rico_h60_f0_s44_v1""]",outputs/matched_forecasting005/rico_h60_f0_s44_v1,False,implement and verify matched_forecasting005; explicit fitting authorization; per-unit resource guard,10,72.70357167555105,666.7649649390679,"PLEIA measured 3-model phase min/max times x fitting-row ratio x [0.5,3]; excludes preparation/I/O; not an ETA"
83,rico,5,2,45,persistence|xgboost|attention_lstm,"[""C:/cfs_venv/Scripts/python.exe"", ""-B"", ""-m"", ""src.matched_forecasting005"", ""run"", ""--matrix"", ""outputs/amendment005/support_design_v1/experiment_matrix.csv"", ""--dataset"", ""rico"", ""--horizon"", ""5"", ""--outer-fold"", ""2"", ""--model-seed"", ""45"", ""--out"", ""outputs/matched_forecasting005/rico_h5_f2_s45_v1""]",outputs/matched_forecasting005/rico_h5_f2_s45_v1,False,implement and verify matched_forecasting005; explicit fitting authorization; per-unit resource guard,10,48.68741074559713,446.5125848786715,"PLEIA measured 3-model phase min/max times x fitting-row ratio x [0.5,3]; excludes preparation/I/O; not an ETA"
84,rico,15,2,45,persistence|xgboost|attention_lstm,"[""C:/cfs_venv/Scripts/python.exe"", ""-B"", ""-m"", ""src.matched_forecasting005"", ""run"", ""--matrix"", ""outputs/amendment005/support_design_v1/experiment_matrix.csv"", ""--dataset"", ""rico"", ""--horizon"", ""15"", ""--outer-fold"", ""2"", ""--model-seed"", ""45"", ""--out"", ""outputs/matched_forecasting005/rico_h15_f2_s45_v1""]",outputs/matched_forecasting005/rico_h15_f2_s45_v1,False,implement and verify matched_forecasting005; explicit fitting authorization; per-unit resource guard,10,46.39083476703122,425.4506704976021,"PLEIA measured 3-model phase min/max times x fitting-row ratio x [0.5,3]; excludes preparation/I/O; not an ETA"
85,rico,30,2,45,persistence|xgboost|attention_lstm,"[""C:/cfs_venv/Scripts/python.exe"", ""-B"", ""-m"", ""src.matched_forecasting005"", ""run"", ""--matrix"", ""outputs/amendment005/support_design_v1/experiment_matrix.csv"", ""--dataset"", ""rico"", ""--horizon"", ""30"", ""--outer-fold"", ""2"", ""--model-seed"", ""45"", ""--out"", ""outputs/matched_forecasting005/rico_h30_f2_s45_v1""]",outputs/matched_forecasting005/rico_h30_f2_s45_v1,False,implement and verify matched_forecasting005; explicit fitting authorization; per-unit resource guard,10,42.94597079918237,393.857798925998,"PLEIA measured 3-model phase min/max times x fitting-row ratio x [0.5,3]; excludes preparation/I/O; not an ETA"
86,rico,60,2,45,persistence|xgboost|attention_lstm,"[""C:/cfs_venv/Scripts/python.exe"", ""-B"", ""-m"", ""src.matched_forecasting005"", ""run"", ""--matrix"", ""outputs/amendment005/support_design_v1/experiment_matrix.csv"", ""--dataset"", ""rico"", ""--horizon"", ""60"", ""--outer-fold"", ""2"", ""--model-seed"", ""45"", ""--out"", ""outputs/matched_forecasting005/rico_h60_f2_s45_v1""]",outputs/matched_forecasting005/rico_h60_f2_s45_v1,False,implement and verify matched_forecasting005; explicit fitting authorization; per-unit resource guard,10,36.05624286348466,330.67205578278976,"PLEIA measured 3-model phase min/max times x fitting-row ratio x [0.5,3]; excludes preparation/I/O; not an ETA"
87,rico,5,1,45,persistence|xgboost|attention_lstm,"[""C:/cfs_venv/Scripts/python.exe"", ""-B"", ""-m"", ""src.matched_forecasting005"", ""run"", ""--matrix"", ""outputs/amendment005/support_design_v1/experiment_matrix.csv"", ""--dataset"", ""rico"", ""--horizon"", ""5"", ""--outer-fold"", ""1"", ""--model-seed"", ""45"", ""--out"", ""outputs/matched_forecasting005/rico_h5_f1_s45_v1""]",outputs/matched_forecasting005/rico_h5_f1_s45_v1,False,implement and verify matched_forecasting005; explicit fitting authorization; per-unit resource guard,10,73.43019325565469,673.4288165383243,"PLEIA measured 3-model phase min/max times x fitting-row ratio x [0.5,3]; excludes preparation/I/O; not an ETA"
88,rico,15,1,45,persistence|xgboost|attention_lstm,"[""C:/cfs_venv/Scripts/python.exe"", ""-B"", ""-m"", ""src.matched_forecasting005"", ""run"", ""--matrix"", ""outputs/amendment005/support_design_v1/experiment_matrix.csv"", ""--dataset"", ""rico"", ""--horizon"", ""15"", ""--outer-fold"", ""1"", ""--model-seed"", ""45"", ""--out"", ""outputs/matched_forecasting005/rico_h15_f1_s45_v1""]",outputs/matched_forecasting005/rico_h15_f1_s45_v1,False,implement and verify matched_forecasting005; explicit fitting authorization; per-unit resource guard,10,69.96650489453889,641.6633063242523,"PLEIA measured 3-model phase min/max times x fitting-row ratio x [0.5,3]; excludes preparation/I/O; not an ETA"
89,rico,30,1,45,persistence|xgboost|attention_lstm,"[""C:/cfs_venv/Scripts/python.exe"", ""-B"", ""-m"", ""src.matched_forecasting005"", ""run"", ""--matrix"", ""outputs/amendment005/support_design_v1/experiment_matrix.csv"", ""--dataset"", ""rico"", ""--horizon"", ""30"", ""--outer-fold"", ""1"", ""--model-seed"", ""45"", ""--out"", ""outputs/matched_forecasting005/rico_h30_f1_s45_v1""]",outputs/matched_forecasting005/rico_h30_f1_s45_v1,False,implement and verify matched_forecasting005; explicit fitting authorization; per-unit resource guard,10,64.77097235286521,594.0150410031445,"PLEIA measured 3-model phase min/max times x fitting-row ratio x [0.5,3]; excludes preparation/I/O; not an ETA"
90,rico,60,1,45,persistence|xgboost|attention_lstm,"[""C:/cfs_venv/Scripts/python.exe"", ""-B"", ""-m"", ""src.matched_forecasting005"", ""run"", ""--matrix"", ""outputs/amendment005/support_design_v1/experiment_matrix.csv"", ""--dataset"", ""rico"", ""--horizon"", ""60"", ""--outer-fold"", ""1"", ""--model-seed"", ""45"", ""--out"", ""outputs/matched_forecasting005/rico_h60_f1_s45_v1""]",outputs/matched_forecasting005/rico_h60_f1_s45_v1,False,implement and verify matched_forecasting005; explicit fitting authorization; per-unit resource guard,10,54.37990726951786,498.71851036092886,"PLEIA measured 3-model phase min/max times x fitting-row ratio x [0.5,3]; excludes preparation/I/O; not an ETA"
91,rico,5,0,45,persistence|xgboost|attention_lstm,"[""C:/cfs_venv/Scripts/python.exe"", ""-B"", ""-m"", ""src.matched_forecasting005"", ""run"", ""--matrix"", ""outputs/amendment005/support_design_v1/experiment_matrix.csv"", ""--dataset"", ""rico"", ""--horizon"", ""5"", ""--outer-fold"", ""0"", ""--model-seed"", ""45"", ""--out"", ""outputs/matched_forecasting005/rico_h5_f0_s45_v1""]",outputs/matched_forecasting005/rico_h5_f0_s45_v1,False,implement and verify matched_forecasting005; explicit fitting authorization; per-unit resource guard,10,98.17297576571224,900.345048197977,"PLEIA measured 3-model phase min/max times x fitting-row ratio x [0.5,3]; excludes preparation/I/O; not an ETA"
92,rico,15,0,45,persistence|xgboost|attention_lstm,"[""C:/cfs_venv/Scripts/python.exe"", ""-B"", ""-m"", ""src.matched_forecasting005"", ""run"", ""--matrix"", ""outputs/amendment005/support_design_v1/experiment_matrix.csv"", ""--dataset"", ""rico"", ""--horizon"", ""15"", ""--outer-fold"", ""0"", ""--model-seed"", ""45"", ""--out"", ""outputs/matched_forecasting005/rico_h15_f0_s45_v1""]",outputs/matched_forecasting005/rico_h15_f0_s45_v1,False,implement and verify matched_forecasting005; explicit fitting authorization; per-unit resource guard,10,93.54217502204656,857.8759421509026,"PLEIA measured 3-model phase min/max times x fitting-row ratio x [0.5,3]; excludes preparation/I/O; not an ETA"
93,rico,30,0,45,persistence|xgboost|attention_lstm,"[""C:/cfs_venv/Scripts/python.exe"", ""-B"", ""-m"", ""src.matched_forecasting005"", ""run"", ""--matrix"", ""outputs/amendment005/support_design_v1/experiment_matrix.csv"", ""--dataset"", ""rico"", ""--horizon"", ""30"", ""--outer-fold"", ""0"", ""--model-seed"", ""45"", ""--out"", ""outputs/matched_forecasting005/rico_h30_f0_s45_v1""]",outputs/matched_forecasting005/rico_h30_f0_s45_v1,False,implement and verify matched_forecasting005; explicit fitting authorization; per-unit resource guard,10,86.59597390654807,794.1722830802911,"PLEIA measured 3-model phase min/max times x fitting-row ratio x [0.5,3]; excludes preparation/I/O; not an ETA"
94,rico,60,0,45,persistence|xgboost|attention_lstm,"[""C:/cfs_venv/Scripts/python.exe"", ""-B"", ""-m"", ""src.matched_forecasting005"", ""run"", ""--matrix"", ""outputs/amendment005/support_design_v1/experiment_matrix.csv"", ""--dataset"", ""rico"", ""--horizon"", ""60"", ""--outer-fold"", ""0"", ""--model-seed"", ""45"", ""--out"", ""outputs/matched_forecasting005/rico_h60_f0_s45_v1""]",outputs/matched_forecasting005/rico_h60_f0_s45_v1,False,implement and verify matched_forecasting005; explicit fitting authorization; per-unit resource guard,10,72.70357167555105,666.7649649390679,"PLEIA measured 3-model phase min/max times x fitting-row ratio x [0.5,3]; excludes preparation/I/O; not an ETA"
95,rico,5,2,46,persistence|xgboost|attention_lstm,"[""C:/cfs_venv/Scripts/python.exe"", ""-B"", ""-m"", ""src.matched_forecasting005"", ""run"", ""--matrix"", ""outputs/amendment005/support_design_v1/experiment_matrix.csv"", ""--dataset"", ""rico"", ""--horizon"", ""5"", ""--outer-fold"", ""2"", ""--model-seed"", ""46"", ""--out"", ""outputs/matched_forecasting005/rico_h5_f2_s46_v1""]",outputs/matched_forecasting005/rico_h5_f2_s46_v1,False,implement and verify matched_forecasting005; explicit fitting authorization; per-unit resource guard,10,48.68741074559713,446.5125848786715,"PLEIA measured 3-model phase min/max times x fitting-row ratio x [0.5,3]; excludes preparation/I/O; not an ETA"
96,rico,15,2,46,persistence|xgboost|attention_lstm,"[""C:/cfs_venv/Scripts/python.exe"", ""-B"", ""-m"", ""src.matched_forecasting005"", ""run"", ""--matrix"", ""outputs/amendment005/support_design_v1/experiment_matrix.csv"", ""--dataset"", ""rico"", ""--horizon"", ""15"", ""--outer-fold"", ""2"", ""--model-seed"", ""46"", ""--out"", ""outputs/matched_forecasting005/rico_h15_f2_s46_v1""]",outputs/matched_forecasting005/rico_h15_f2_s46_v1,False,implement and verify matched_forecasting005; explicit fitting authorization; per-unit resource guard,10,46.39083476703122,425.4506704976021,"PLEIA measured 3-model phase min/max times x fitting-row ratio x [0.5,3]; excludes preparation/I/O; not an ETA"
97,rico,30,2,46,persistence|xgboost|attention_lstm,"[""C:/cfs_venv/Scripts/python.exe"", ""-B"", ""-m"", ""src.matched_forecasting005"", ""run"", ""--matrix"", ""outputs/amendment005/support_design_v1/experiment_matrix.csv"", ""--dataset"", ""rico"", ""--horizon"", ""30"", ""--outer-fold"", ""2"", ""--model-seed"", ""46"", ""--out"", ""outputs/matched_forecasting005/rico_h30_f2_s46_v1""]",outputs/matched_forecasting005/rico_h30_f2_s46_v1,False,implement and verify matched_forecasting005; explicit fitting authorization; per-unit resource guard,10,42.94597079918237,393.857798925998,"PLEIA measured 3-model phase min/max times x fitting-row ratio x [0.5,3]; excludes preparation/I/O; not an ETA"
98,rico,60,2,46,persistence|xgboost|attention_lstm,"[""C:/cfs_venv/Scripts/python.exe"", ""-B"", ""-m"", ""src.matched_forecasting005"", ""run"", ""--matrix"", ""outputs/amendment005/support_design_v1/experiment_matrix.csv"", ""--dataset"", ""rico"", ""--horizon"", ""60"", ""--outer-fold"", ""2"", ""--model-seed"", ""46"", ""--out"", ""outputs/matched_forecasting005/rico_h60_f2_s46_v1""]",outputs/matched_forecasting005/rico_h60_f2_s46_v1,False,implement and verify matched_forecasting005; explicit fitting authorization; per-unit resource guard,10,36.05624286348466,330.67205578278976,"PLEIA measured 3-model phase min/max times x fitting-row ratio x [0.5,3]; excludes preparation/I/O; not an ETA"
99,rico,5,1,46,persistence|xgboost|attention_lstm,"[""C:/cfs_venv/Scripts/python.exe"", ""-B"", ""-m"", ""src.matched_forecasting005"", ""run"", ""--matrix"", ""outputs/amendment005/support_design_v1/experiment_matrix.csv"", ""--dataset"", ""rico"", ""--horizon"", ""5"", ""--outer-fold"", ""1"", ""--model-seed"", ""46"", ""--out"", ""outputs/matched_forecasting005/rico_h5_f1_s46_v1""]",outputs/matched_forecasting005/rico_h5_f1_s46_v1,False,implement and verify matched_forecasting005; explicit fitting authorization; per-unit resource guard,10,73.43019325565469,673.4288165383243,"PLEIA measured 3-model phase min/max times x fitting-row ratio x [0.5,3]; excludes preparation/I/O; not an ETA"
100,rico,15,1,46,persistence|xgboost|attention_lstm,"[""C:/cfs_venv/Scripts/python.exe"", ""-B"", ""-m"", ""src.matched_forecasting005"", ""run"", ""--matrix"", ""outputs/amendment005/support_design_v1/experiment_matrix.csv"", ""--dataset"", ""rico"", ""--horizon"", ""15"", ""--outer-fold"", ""1"", ""--model-seed"", ""46"", ""--out"", ""outputs/matched_forecasting005/rico_h15_f1_s46_v1""]",outputs/matched_forecasting005/rico_h15_f1_s46_v1,False,implement and verify matched_forecasting005; explicit fitting authorization; per-unit resource guard,10,69.96650489453889,641.6633063242523,"PLEIA measured 3-model phase min/max times x fitting-row ratio x [0.5,3]; excludes preparation/I/O; not an ETA"
101,rico,30,1,46,persistence|xgboost|attention_lstm,"[""C:/cfs_venv/Scripts/python.exe"", ""-B"", ""-m"", ""src.matched_forecasting005"", ""run"", ""--matrix"", ""outputs/amendment005/support_design_v1/experiment_matrix.csv"", ""--dataset"", ""rico"", ""--horizon"", ""30"", ""--outer-fold"", ""1"", ""--model-seed"", ""46"", ""--out"", ""outputs/matched_forecasting005/rico_h30_f1_s46_v1""]",outputs/matched_forecasting005/rico_h30_f1_s46_v1,False,implement and verify matched_forecasting005; explicit fitting authorization; per-unit resource guard,10,64.77097235286521,594.0150410031445,"PLEIA measured 3-model phase min/max times x fitting-row ratio x [0.5,3]; excludes preparation/I/O; not an ETA"
102,rico,60,1,46,persistence|xgboost|attention_lstm,"[""C:/cfs_venv/Scripts/python.exe"", ""-B"", ""-m"", ""src.matched_forecasting005"", ""run"", ""--matrix"", ""outputs/amendment005/support_design_v1/experiment_matrix.csv"", ""--dataset"", ""rico"", ""--horizon"", ""60"", ""--outer-fold"", ""1"", ""--model-seed"", ""46"", ""--out"", ""outputs/matched_forecasting005/rico_h60_f1_s46_v1""]",outputs/matched_forecasting005/rico_h60_f1_s46_v1,False,implement and verify matched_forecasting005; explicit fitting authorization; per-unit resource guard,10,54.37990726951786,498.71851036092886,"PLEIA measured 3-model phase min/max times x fitting-row ratio x [0.5,3]; excludes preparation/I/O; not an ETA"
103,rico,5,0,46,persistence|xgboost|attention_lstm,"[""C:/cfs_venv/Scripts/python.exe"", ""-B"", ""-m"", ""src.matched_forecasting005"", ""run"", ""--matrix"", ""outputs/amendment005/support_design_v1/experiment_matrix.csv"", ""--dataset"", ""rico"", ""--horizon"", ""5"", ""--outer-fold"", ""0"", ""--model-seed"", ""46"", ""--out"", ""outputs/matched_forecasting005/rico_h5_f0_s46_v1""]",outputs/matched_forecasting005/rico_h5_f0_s46_v1,False,implement and verify matched_forecasting005; explicit fitting authorization; per-unit resource guard,10,98.17297576571224,900.345048197977,"PLEIA measured 3-model phase min/max times x fitting-row ratio x [0.5,3]; excludes preparation/I/O; not an ETA"
104,rico,15,0,46,persistence|xgboost|attention_lstm,"[""C:/cfs_venv/Scripts/python.exe"", ""-B"", ""-m"", ""src.matched_forecasting005"", ""run"", ""--matrix"", ""outputs/amendment005/support_design_v1/experiment_matrix.csv"", ""--dataset"", ""rico"", ""--horizon"", ""15"", ""--outer-fold"", ""0"", ""--model-seed"", ""46"", ""--out"", ""outputs/matched_forecasting005/rico_h15_f0_s46_v1""]",outputs/matched_forecasting005/rico_h15_f0_s46_v1,False,implement and verify matched_forecasting005; explicit fitting authorization; per-unit resource guard,10,93.54217502204656,857.8759421509026,"PLEIA measured 3-model phase min/max times x fitting-row ratio x [0.5,3]; excludes preparation/I/O; not an ETA"
105,rico,30,0,46,persistence|xgboost|attention_lstm,"[""C:/cfs_venv/Scripts/python.exe"", ""-B"", ""-m"", ""src.matched_forecasting005"", ""run"", ""--matrix"", ""outputs/amendment005/support_design_v1/experiment_matrix.csv"", ""--dataset"", ""rico"", ""--horizon"", ""30"", ""--outer-fold"", ""0"", ""--model-seed"", ""46"", ""--out"", ""outputs/matched_forecasting005/rico_h30_f0_s46_v1""]",outputs/matched_forecasting005/rico_h30_f0_s46_v1,False,implement and verify matched_forecasting005; explicit fitting authorization; per-unit resource guard,10,86.59597390654807,794.1722830802911,"PLEIA measured 3-model phase min/max times x fitting-row ratio x [0.5,3]; excludes preparation/I/O; not an ETA"
106,rico,60,0,46,persistence|xgboost|attention_lstm,"[""C:/cfs_venv/Scripts/python.exe"", ""-B"", ""-m"", ""src.matched_forecasting005"", ""run"", ""--matrix"", ""outputs/amendment005/support_design_v1/experiment_matrix.csv"", ""--dataset"", ""rico"", ""--horizon"", ""60"", ""--outer-fold"", ""0"", ""--model-seed"", ""46"", ""--out"", ""outputs/matched_forecasting005/rico_h60_f0_s46_v1""]",outputs/matched_forecasting005/rico_h60_f0_s46_v1,False,implement and verify matched_forecasting005; explicit fitting authorization; per-unit resource guard,10,72.70357167555105,666.7649649390679,"PLEIA measured 3-model phase min/max times x fitting-row ratio x [0.5,3]; excludes preparation/I/O; not an ETA"
107,bdg2,3,2,42,persistence|xgboost|attention_lstm,"[""C:/cfs_venv/Scripts/python.exe"", ""-B"", ""-m"", ""src.matched_forecasting005"", ""run"", ""--matrix"", ""outputs/amendment005/support_design_v1/experiment_matrix.csv"", ""--dataset"", ""bdg2"", ""--horizon"", ""3"", ""--outer-fold"", ""2"", ""--model-seed"", ""42"", ""--out"", ""outputs/matched_forecasting005/bdg2_h3_f2_s42_v1""]",outputs/matched_forecasting005/bdg2_h3_f2_s42_v1,False,implement and verify matched_forecasting005; explicit fitting authorization; per-unit resource guard,10,194.39574438897014,1782.8047330362917,"PLEIA measured 3-model phase min/max times x fitting-row ratio x [0.5,3]; excludes preparation/I/O; not an ETA"
108,bdg2,6,2,42,persistence|xgboost|attention_lstm,"[""C:/cfs_venv/Scripts/python.exe"", ""-B"", ""-m"", ""src.matched_forecasting005"", ""run"", ""--matrix"", ""outputs/amendment005/support_design_v1/experiment_matrix.csv"", ""--dataset"", ""bdg2"", ""--horizon"", ""6"", ""--outer-fold"", ""2"", ""--model-seed"", ""42"", ""--out"", ""outputs/matched_forecasting005/bdg2_h6_f2_s42_v1""]",outputs/matched_forecasting005/bdg2_h6_f2_s42_v1,False,implement and verify matched_forecasting005; explicit fitting authorization; per-unit resource guard,10,194.20750045630083,1781.078346611614,"PLEIA measured 3-model phase min/max times x fitting-row ratio x [0.5,3]; excludes preparation/I/O; not an ETA"
109,bdg2,1,1,42,persistence|xgboost|attention_lstm,"[""C:/cfs_venv/Scripts/python.exe"", ""-B"", ""-m"", ""src.matched_forecasting005"", ""run"", ""--matrix"", ""outputs/amendment005/support_design_v1/experiment_matrix.csv"", ""--dataset"", ""bdg2"", ""--horizon"", ""1"", ""--outer-fold"", ""1"", ""--model-seed"", ""42"", ""--out"", ""outputs/matched_forecasting005/bdg2_h1_f1_s42_v1""]",outputs/matched_forecasting005/bdg2_h1_f1_s42_v1,False,implement and verify matched_forecasting005; explicit fitting authorization; per-unit resource guard,10,292.4633035523875,2682.183004836449,"PLEIA measured 3-model phase min/max times x fitting-row ratio x [0.5,3]; excludes preparation/I/O; not an ETA"
110,bdg2,3,1,42,persistence|xgboost|attention_lstm,"[""C:/cfs_venv/Scripts/python.exe"", ""-B"", ""-m"", ""src.matched_forecasting005"", ""run"", ""--matrix"", ""outputs/amendment005/support_design_v1/experiment_matrix.csv"", ""--dataset"", ""bdg2"", ""--horizon"", ""3"", ""--outer-fold"", ""1"", ""--model-seed"", ""42"", ""--out"", ""outputs/matched_forecasting005/bdg2_h3_f1_s42_v1""]",outputs/matched_forecasting005/bdg2_h3_f1_s42_v1,False,implement and verify matched_forecasting005; explicit fitting authorization; per-unit resource guard,10,292.3127084062521,2680.801895696707,"PLEIA measured 3-model phase min/max times x fitting-row ratio x [0.5,3]; excludes preparation/I/O; not an ETA"
111,bdg2,6,1,42,persistence|xgboost|attention_lstm,"[""C:/cfs_venv/Scripts/python.exe"", ""-B"", ""-m"", ""src.matched_forecasting005"", ""run"", ""--matrix"", ""outputs/amendment005/support_design_v1/experiment_matrix.csv"", ""--dataset"", ""bdg2"", ""--horizon"", ""6"", ""--outer-fold"", ""1"", ""--model-seed"", ""42"", ""--out"", ""outputs/matched_forecasting005/bdg2_h6_f1_s42_v1""]",outputs/matched_forecasting005/bdg2_h6_f1_s42_v1,False,implement and verify matched_forecasting005; explicit fitting authorization; per-unit resource guard,10,292.1244644735828,2679.075509272029,"PLEIA measured 3-model phase min/max times x fitting-row ratio x [0.5,3]; excludes preparation/I/O; not an ETA"
112,bdg2,1,0,42,persistence|xgboost|attention_lstm,"[""C:/cfs_venv/Scripts/python.exe"", ""-B"", ""-m"", ""src.matched_forecasting005"", ""run"", ""--matrix"", ""outputs/amendment005/support_design_v1/experiment_matrix.csv"", ""--dataset"", ""bdg2"", ""--horizon"", ""1"", ""--outer-fold"", ""0"", ""--model-seed"", ""42"", ""--out"", ""outputs/matched_forecasting005/bdg2_h1_f0_s42_v1""]",outputs/matched_forecasting005/bdg2_h1_f0_s42_v1,False,implement and verify matched_forecasting005; explicit fitting authorization; per-unit resource guard,10,390.3576782977492,3579.973001125903,"PLEIA measured 3-model phase min/max times x fitting-row ratio x [0.5,3]; excludes preparation/I/O; not an ETA"
113,bdg2,3,0,42,persistence|xgboost|attention_lstm,"[""C:/cfs_venv/Scripts/python.exe"", ""-B"", ""-m"", ""src.matched_forecasting005"", ""run"", ""--matrix"", ""outputs/amendment005/support_design_v1/experiment_matrix.csv"", ""--dataset"", ""bdg2"", ""--horizon"", ""3"", ""--outer-fold"", ""0"", ""--model-seed"", ""42"", ""--out"", ""outputs/matched_forecasting005/bdg2_h3_f0_s42_v1""]",outputs/matched_forecasting005/bdg2_h3_f0_s42_v1,False,implement and verify matched_forecasting005; explicit fitting authorization; per-unit resource guard,10,390.2070831516137,3578.5918919861606,"PLEIA measured 3-model phase min/max times x fitting-row ratio x [0.5,3]; excludes preparation/I/O; not an ETA"
114,bdg2,6,0,42,persistence|xgboost|attention_lstm,"[""C:/cfs_venv/Scripts/python.exe"", ""-B"", ""-m"", ""src.matched_forecasting005"", ""run"", ""--matrix"", ""outputs/amendment005/support_design_v1/experiment_matrix.csv"", ""--dataset"", ""bdg2"", ""--horizon"", ""6"", ""--outer-fold"", ""0"", ""--model-seed"", ""42"", ""--out"", ""outputs/matched_forecasting005/bdg2_h6_f0_s42_v1""]",outputs/matched_forecasting005/bdg2_h6_f0_s42_v1,False,implement and verify matched_forecasting005; explicit fitting authorization; per-unit resource guard,10,390.0188392189444,3576.8655055614827,"PLEIA measured 3-model phase min/max times x fitting-row ratio x [0.5,3]; excludes preparation/I/O; not an ETA"
115,bdg2,1,2,43,persistence|xgboost|attention_lstm,"[""C:/cfs_venv/Scripts/python.exe"", ""-B"", ""-m"", ""src.matched_forecasting005"", ""run"", ""--matrix"", ""outputs/amendment005/support_design_v1/experiment_matrix.csv"", ""--dataset"", ""bdg2"", ""--horizon"", ""1"", ""--outer-fold"", ""2"", ""--model-seed"", ""43"", ""--out"", ""outputs/matched_forecasting005/bdg2_h1_f2_s43_v1""]",outputs/matched_forecasting005/bdg2_h1_f2_s43_v1,False,implement and verify matched_forecasting005; explicit fitting authorization; per-unit resource guard,10,194.50869074857175,1783.8405648910984,"PLEIA measured 3-model phase min/max times x fitting-row ratio x [0.5,3]; excludes preparation/I/O; not an ETA"
116,bdg2,3,2,43,persistence|xgboost|attention_lstm,"[""C:/cfs_venv/Scripts/python.exe"", ""-B"", ""-m"", ""src.matched_forecasting005"", ""run"", ""--matrix"", ""outputs/amendment005/support_design_v1/experiment_matrix.csv"", ""--dataset"", ""bdg2"", ""--horizon"", ""3"", ""--outer-fold"", ""2"", ""--model-seed"", ""43"", ""--out"", ""outputs/matched_forecasting005/bdg2_h3_f2_s43_v1""]",outputs/matched_forecasting005/bdg2_h3_f2_s43_v1,False,implement and verify matched_forecasting005; explicit fitting authorization; per-unit resource guard,10,194.39574438897014,1782.8047330362917,"PLEIA measured 3-model phase min/max times x fitting-row ratio x [0.5,3]; excludes preparation/I/O; not an ETA"
117,bdg2,6,2,43,persistence|xgboost|attention_lstm,"[""C:/cfs_venv/Scripts/python.exe"", ""-B"", ""-m"", ""src.matched_forecasting005"", ""run"", ""--matrix"", ""outputs/amendment005/support_design_v1/experiment_matrix.csv"", ""--dataset"", ""bdg2"", ""--horizon"", ""6"", ""--outer-fold"", ""2"", ""--model-seed"", ""43"", ""--out"", ""outputs/matched_forecasting005/bdg2_h6_f2_s43_v1""]",outputs/matched_forecasting005/bdg2_h6_f2_s43_v1,False,implement and verify matched_forecasting005; explicit fitting authorization; per-unit resource guard,10,194.20750045630083,1781.078346611614,"PLEIA measured 3-model phase min/max times x fitting-row ratio x [0.5,3]; excludes preparation/I/O; not an ETA"
118,bdg2,1,1,43,persistence|xgboost|attention_lstm,"[""C:/cfs_venv/Scripts/python.exe"", ""-B"", ""-m"", ""src.matched_forecasting005"", ""run"", ""--matrix"", ""outputs/amendment005/support_design_v1/experiment_matrix.csv"", ""--dataset"", ""bdg2"", ""--horizon"", ""1"", ""--outer-fold"", ""1"", ""--model-seed"", ""43"", ""--out"", ""outputs/matched_forecasting005/bdg2_h1_f1_s43_v1""]",outputs/matched_forecasting005/bdg2_h1_f1_s43_v1,False,implement and verify matched_forecasting005; explicit fitting authorization; per-unit resource guard,10,292.4633035523875,2682.183004836449,"PLEIA measured 3-model phase min/max times x fitting-row ratio x [0.5,3]; excludes preparation/I/O; not an ETA"
119,bdg2,3,1,43,persistence|xgboost|attention_lstm,"[""C:/cfs_venv/Scripts/python.exe"", ""-B"", ""-m"", ""src.matched_forecasting005"", ""run"", ""--matrix"", ""outputs/amendment005/support_design_v1/experiment_matrix.csv"", ""--dataset"", ""bdg2"", ""--horizon"", ""3"", ""--outer-fold"", ""1"", ""--model-seed"", ""43"", ""--out"", ""outputs/matched_forecasting005/bdg2_h3_f1_s43_v1""]",outputs/matched_forecasting005/bdg2_h3_f1_s43_v1,False,implement and verify matched_forecasting005; explicit fitting authorization; per-unit resource guard,10,292.3127084062521,2680.801895696707,"PLEIA measured 3-model phase min/max times x fitting-row ratio x [0.5,3]; excludes preparation/I/O; not an ETA"
120,bdg2,6,1,43,persistence|xgboost|attention_lstm,"[""C:/cfs_venv/Scripts/python.exe"", ""-B"", ""-m"", ""src.matched_forecasting005"", ""run"", ""--matrix"", ""outputs/amendment005/support_design_v1/experiment_matrix.csv"", ""--dataset"", ""bdg2"", ""--horizon"", ""6"", ""--outer-fold"", ""1"", ""--model-seed"", ""43"", ""--out"", ""outputs/matched_forecasting005/bdg2_h6_f1_s43_v1""]",outputs/matched_forecasting005/bdg2_h6_f1_s43_v1,False,implement and verify matched_forecasting005; explicit fitting authorization; per-unit resource guard,10,292.1244644735828,2679.075509272029,"PLEIA measured 3-model phase min/max times x fitting-row ratio x [0.5,3]; excludes preparation/I/O; not an ETA"
121,bdg2,1,0,43,persistence|xgboost|attention_lstm,"[""C:/cfs_venv/Scripts/python.exe"", ""-B"", ""-m"", ""src.matched_forecasting005"", ""run"", ""--matrix"", ""outputs/amendment005/support_design_v1/experiment_matrix.csv"", ""--dataset"", ""bdg2"", ""--horizon"", ""1"", ""--outer-fold"", ""0"", ""--model-seed"", ""43"", ""--out"", ""outputs/matched_forecasting005/bdg2_h1_f0_s43_v1""]",outputs/matched_forecasting005/bdg2_h1_f0_s43_v1,False,implement and verify matched_forecasting005; explicit fitting authorization; per-unit resource guard,10,390.3576782977492,3579.973001125903,"PLEIA measured 3-model phase min/max times x fitting-row ratio x [0.5,3]; excludes preparation/I/O; not an ETA"
122,bdg2,3,0,43,persistence|xgboost|attention_lstm,"[""C:/cfs_venv/Scripts/python.exe"", ""-B"", ""-m"", ""src.matched_forecasting005"", ""run"", ""--matrix"", ""outputs/amendment005/support_design_v1/experiment_matrix.csv"", ""--dataset"", ""bdg2"", ""--horizon"", ""3"", ""--outer-fold"", ""0"", ""--model-seed"", ""43"", ""--out"", ""outputs/matched_forecasting005/bdg2_h3_f0_s43_v1""]",outputs/matched_forecasting005/bdg2_h3_f0_s43_v1,False,implement and verify matched_forecasting005; explicit fitting authorization; per-unit resource guard,10,390.2070831516137,3578.5918919861606,"PLEIA measured 3-model phase min/max times x fitting-row ratio x [0.5,3]; excludes preparation/I/O; not an ETA"
123,bdg2,6,0,43,persistence|xgboost|attention_lstm,"[""C:/cfs_venv/Scripts/python.exe"", ""-B"", ""-m"", ""src.matched_forecasting005"", ""run"", ""--matrix"", ""outputs/amendment005/support_design_v1/experiment_matrix.csv"", ""--dataset"", ""bdg2"", ""--horizon"", ""6"", ""--outer-fold"", ""0"", ""--model-seed"", ""43"", ""--out"", ""outputs/matched_forecasting005/bdg2_h6_f0_s43_v1""]",outputs/matched_forecasting005/bdg2_h6_f0_s43_v1,False,implement and verify matched_forecasting005; explicit fitting authorization; per-unit resource guard,10,390.0188392189444,3576.8655055614827,"PLEIA measured 3-model phase min/max times x fitting-row ratio x [0.5,3]; excludes preparation/I/O; not an ETA"
124,bdg2,1,2,44,persistence|xgboost|attention_lstm,"[""C:/cfs_venv/Scripts/python.exe"", ""-B"", ""-m"", ""src.matched_forecasting005"", ""run"", ""--matrix"", ""outputs/amendment005/support_design_v1/experiment_matrix.csv"", ""--dataset"", ""bdg2"", ""--horizon"", ""1"", ""--outer-fold"", ""2"", ""--model-seed"", ""44"", ""--out"", ""outputs/matched_forecasting005/bdg2_h1_f2_s44_v1""]",outputs/matched_forecasting005/bdg2_h1_f2_s44_v1,False,implement and verify matched_forecasting005; explicit fitting authorization; per-unit resource guard,10,194.50869074857175,1783.8405648910984,"PLEIA measured 3-model phase min/max times x fitting-row ratio x [0.5,3]; excludes preparation/I/O; not an ETA"
125,bdg2,3,2,44,persistence|xgboost|attention_lstm,"[""C:/cfs_venv/Scripts/python.exe"", ""-B"", ""-m"", ""src.matched_forecasting005"", ""run"", ""--matrix"", ""outputs/amendment005/support_design_v1/experiment_matrix.csv"", ""--dataset"", ""bdg2"", ""--horizon"", ""3"", ""--outer-fold"", ""2"", ""--model-seed"", ""44"", ""--out"", ""outputs/matched_forecasting005/bdg2_h3_f2_s44_v1""]",outputs/matched_forecasting005/bdg2_h3_f2_s44_v1,False,implement and verify matched_forecasting005; explicit fitting authorization; per-unit resource guard,10,194.39574438897014,1782.8047330362917,"PLEIA measured 3-model phase min/max times x fitting-row ratio x [0.5,3]; excludes preparation/I/O; not an ETA"
126,bdg2,6,2,44,persistence|xgboost|attention_lstm,"[""C:/cfs_venv/Scripts/python.exe"", ""-B"", ""-m"", ""src.matched_forecasting005"", ""run"", ""--matrix"", ""outputs/amendment005/support_design_v1/experiment_matrix.csv"", ""--dataset"", ""bdg2"", ""--horizon"", ""6"", ""--outer-fold"", ""2"", ""--model-seed"", ""44"", ""--out"", ""outputs/matched_forecasting005/bdg2_h6_f2_s44_v1""]",outputs/matched_forecasting005/bdg2_h6_f2_s44_v1,False,implement and verify matched_forecasting005; explicit fitting authorization; per-unit resource guard,10,194.20750045630083,1781.078346611614,"PLEIA measured 3-model phase min/max times x fitting-row ratio x [0.5,3]; excludes preparation/I/O; not an ETA"
127,bdg2,1,1,44,persistence|xgboost|attention_lstm,"[""C:/cfs_venv/Scripts/python.exe"", ""-B"", ""-m"", ""src.matched_forecasting005"", ""run"", ""--matrix"", ""outputs/amendment005/support_design_v1/experiment_matrix.csv"", ""--dataset"", ""bdg2"", ""--horizon"", ""1"", ""--outer-fold"", ""1"", ""--model-seed"", ""44"", ""--out"", ""outputs/matched_forecasting005/bdg2_h1_f1_s44_v1""]",outputs/matched_forecasting005/bdg2_h1_f1_s44_v1,False,implement and verify matched_forecasting005; explicit fitting authorization; per-unit resource guard,10,292.4633035523875,2682.183004836449,"PLEIA measured 3-model phase min/max times x fitting-row ratio x [0.5,3]; excludes preparation/I/O; not an ETA"
128,bdg2,3,1,44,persistence|xgboost|attention_lstm,"[""C:/cfs_venv/Scripts/python.exe"", ""-B"", ""-m"", ""src.matched_forecasting005"", ""run"", ""--matrix"", ""outputs/amendment005/support_design_v1/experiment_matrix.csv"", ""--dataset"", ""bdg2"", ""--horizon"", ""3"", ""--outer-fold"", ""1"", ""--model-seed"", ""44"", ""--out"", ""outputs/matched_forecasting005/bdg2_h3_f1_s44_v1""]",outputs/matched_forecasting005/bdg2_h3_f1_s44_v1,False,implement and verify matched_forecasting005; explicit fitting authorization; per-unit resource guard,10,292.3127084062521,2680.801895696707,"PLEIA measured 3-model phase min/max times x fitting-row ratio x [0.5,3]; excludes preparation/I/O; not an ETA"
129,bdg2,6,1,44,persistence|xgboost|attention_lstm,"[""C:/cfs_venv/Scripts/python.exe"", ""-B"", ""-m"", ""src.matched_forecasting005"", ""run"", ""--matrix"", ""outputs/amendment005/support_design_v1/experiment_matrix.csv"", ""--dataset"", ""bdg2"", ""--horizon"", ""6"", ""--outer-fold"", ""1"", ""--model-seed"", ""44"", ""--out"", ""outputs/matched_forecasting005/bdg2_h6_f1_s44_v1""]",outputs/matched_forecasting005/bdg2_h6_f1_s44_v1,False,implement and verify matched_forecasting005; explicit fitting authorization; per-unit resource guard,10,292.1244644735828,2679.075509272029,"PLEIA measured 3-model phase min/max times x fitting-row ratio x [0.5,3]; excludes preparation/I/O; not an ETA"
130,bdg2,1,0,44,persistence|xgboost|attention_lstm,"[""C:/cfs_venv/Scripts/python.exe"", ""-B"", ""-m"", ""src.matched_forecasting005"", ""run"", ""--matrix"", ""outputs/amendment005/support_design_v1/experiment_matrix.csv"", ""--dataset"", ""bdg2"", ""--horizon"", ""1"", ""--outer-fold"", ""0"", ""--model-seed"", ""44"", ""--out"", ""outputs/matched_forecasting005/bdg2_h1_f0_s44_v1""]",outputs/matched_forecasting005/bdg2_h1_f0_s44_v1,False,implement and verify matched_forecasting005; explicit fitting authorization; per-unit resource guard,10,390.3576782977492,3579.973001125903,"PLEIA measured 3-model phase min/max times x fitting-row ratio x [0.5,3]; excludes preparation/I/O; not an ETA"
131,bdg2,3,0,44,persistence|xgboost|attention_lstm,"[""C:/cfs_venv/Scripts/python.exe"", ""-B"", ""-m"", ""src.matched_forecasting005"", ""run"", ""--matrix"", ""outputs/amendment005/support_design_v1/experiment_matrix.csv"", ""--dataset"", ""bdg2"", ""--horizon"", ""3"", ""--outer-fold"", ""0"", ""--model-seed"", ""44"", ""--out"", ""outputs/matched_forecasting005/bdg2_h3_f0_s44_v1""]",outputs/matched_forecasting005/bdg2_h3_f0_s44_v1,False,implement and verify matched_forecasting005; explicit fitting authorization; per-unit resource guard,10,390.2070831516137,3578.5918919861606,"PLEIA measured 3-model phase min/max times x fitting-row ratio x [0.5,3]; excludes preparation/I/O; not an ETA"
132,bdg2,6,0,44,persistence|xgboost|attention_lstm,"[""C:/cfs_venv/Scripts/python.exe"", ""-B"", ""-m"", ""src.matched_forecasting005"", ""run"", ""--matrix"", ""outputs/amendment005/support_design_v1/experiment_matrix.csv"", ""--dataset"", ""bdg2"", ""--horizon"", ""6"", ""--outer-fold"", ""0"", ""--model-seed"", ""44"", ""--out"", ""outputs/matched_forecasting005/bdg2_h6_f0_s44_v1""]",outputs/matched_forecasting005/bdg2_h6_f0_s44_v1,False,implement and verify matched_forecasting005; explicit fitting authorization; per-unit resource guard,10,390.0188392189444,3576.8655055614827,"PLEIA measured 3-model phase min/max times x fitting-row ratio x [0.5,3]; excludes preparation/I/O; not an ETA"
133,bdg2,1,2,45,persistence|xgboost|attention_lstm,"[""C:/cfs_venv/Scripts/python.exe"", ""-B"", ""-m"", ""src.matched_forecasting005"", ""run"", ""--matrix"", ""outputs/amendment005/support_design_v1/experiment_matrix.csv"", ""--dataset"", ""bdg2"", ""--horizon"", ""1"", ""--outer-fold"", ""2"", ""--model-seed"", ""45"", ""--out"", ""outputs/matched_forecasting005/bdg2_h1_f2_s45_v1""]",outputs/matched_forecasting005/bdg2_h1_f2_s45_v1,False,implement and verify matched_forecasting005; explicit fitting authorization; per-unit resource guard,10,194.50869074857175,1783.8405648910984,"PLEIA measured 3-model phase min/max times x fitting-row ratio x [0.5,3]; excludes preparation/I/O; not an ETA"
134,bdg2,3,2,45,persistence|xgboost|attention_lstm,"[""C:/cfs_venv/Scripts/python.exe"", ""-B"", ""-m"", ""src.matched_forecasting005"", ""run"", ""--matrix"", ""outputs/amendment005/support_design_v1/experiment_matrix.csv"", ""--dataset"", ""bdg2"", ""--horizon"", ""3"", ""--outer-fold"", ""2"", ""--model-seed"", ""45"", ""--out"", ""outputs/matched_forecasting005/bdg2_h3_f2_s45_v1""]",outputs/matched_forecasting005/bdg2_h3_f2_s45_v1,False,implement and verify matched_forecasting005; explicit fitting authorization; per-unit resource guard,10,194.39574438897014,1782.8047330362917,"PLEIA measured 3-model phase min/max times x fitting-row ratio x [0.5,3]; excludes preparation/I/O; not an ETA"
135,bdg2,6,2,45,persistence|xgboost|attention_lstm,"[""C:/cfs_venv/Scripts/python.exe"", ""-B"", ""-m"", ""src.matched_forecasting005"", ""run"", ""--matrix"", ""outputs/amendment005/support_design_v1/experiment_matrix.csv"", ""--dataset"", ""bdg2"", ""--horizon"", ""6"", ""--outer-fold"", ""2"", ""--model-seed"", ""45"", ""--out"", ""outputs/matched_forecasting005/bdg2_h6_f2_s45_v1""]",outputs/matched_forecasting005/bdg2_h6_f2_s45_v1,False,implement and verify matched_forecasting005; explicit fitting authorization; per-unit resource guard,10,194.20750045630083,1781.078346611614,"PLEIA measured 3-model phase min/max times x fitting-row ratio x [0.5,3]; excludes preparation/I/O; not an ETA"
136,bdg2,1,1,45,persistence|xgboost|attention_lstm,"[""C:/cfs_venv/Scripts/python.exe"", ""-B"", ""-m"", ""src.matched_forecasting005"", ""run"", ""--matrix"", ""outputs/amendment005/support_design_v1/experiment_matrix.csv"", ""--dataset"", ""bdg2"", ""--horizon"", ""1"", ""--outer-fold"", ""1"", ""--model-seed"", ""45"", ""--out"", ""outputs/matched_forecasting005/bdg2_h1_f1_s45_v1""]",outputs/matched_forecasting005/bdg2_h1_f1_s45_v1,False,implement and verify matched_forecasting005; explicit fitting authorization; per-unit resource guard,10,292.4633035523875,2682.183004836449,"PLEIA measured 3-model phase min/max times x fitting-row ratio x [0.5,3]; excludes preparation/I/O; not an ETA"
137,bdg2,3,1,45,persistence|xgboost|attention_lstm,"[""C:/cfs_venv/Scripts/python.exe"", ""-B"", ""-m"", ""src.matched_forecasting005"", ""run"", ""--matrix"", ""outputs/amendment005/support_design_v1/experiment_matrix.csv"", ""--dataset"", ""bdg2"", ""--horizon"", ""3"", ""--outer-fold"", ""1"", ""--model-seed"", ""45"", ""--out"", ""outputs/matched_forecasting005/bdg2_h3_f1_s45_v1""]",outputs/matched_forecasting005/bdg2_h3_f1_s45_v1,False,implement and verify matched_forecasting005; explicit fitting authorization; per-unit resource guard,10,292.3127084062521,2680.801895696707,"PLEIA measured 3-model phase min/max times x fitting-row ratio x [0.5,3]; excludes preparation/I/O; not an ETA"
138,bdg2,6,1,45,persistence|xgboost|attention_lstm,"[""C:/cfs_venv/Scripts/python.exe"", ""-B"", ""-m"", ""src.matched_forecasting005"", ""run"", ""--matrix"", ""outputs/amendment005/support_design_v1/experiment_matrix.csv"", ""--dataset"", ""bdg2"", ""--horizon"", ""6"", ""--outer-fold"", ""1"", ""--model-seed"", ""45"", ""--out"", ""outputs/matched_forecasting005/bdg2_h6_f1_s45_v1""]",outputs/matched_forecasting005/bdg2_h6_f1_s45_v1,False,implement and verify matched_forecasting005; explicit fitting authorization; per-unit resource guard,10,292.1244644735828,2679.075509272029,"PLEIA measured 3-model phase min/max times x fitting-row ratio x [0.5,3]; excludes preparation/I/O; not an ETA"
139,bdg2,1,0,45,persistence|xgboost|attention_lstm,"[""C:/cfs_venv/Scripts/python.exe"", ""-B"", ""-m"", ""src.matched_forecasting005"", ""run"", ""--matrix"", ""outputs/amendment005/support_design_v1/experiment_matrix.csv"", ""--dataset"", ""bdg2"", ""--horizon"", ""1"", ""--outer-fold"", ""0"", ""--model-seed"", ""45"", ""--out"", ""outputs/matched_forecasting005/bdg2_h1_f0_s45_v1""]",outputs/matched_forecasting005/bdg2_h1_f0_s45_v1,False,implement and verify matched_forecasting005; explicit fitting authorization; per-unit resource guard,10,390.3576782977492,3579.973001125903,"PLEIA measured 3-model phase min/max times x fitting-row ratio x [0.5,3]; excludes preparation/I/O; not an ETA"
140,bdg2,3,0,45,persistence|xgboost|attention_lstm,"[""C:/cfs_venv/Scripts/python.exe"", ""-B"", ""-m"", ""src.matched_forecasting005"", ""run"", ""--matrix"", ""outputs/amendment005/support_design_v1/experiment_matrix.csv"", ""--dataset"", ""bdg2"", ""--horizon"", ""3"", ""--outer-fold"", ""0"", ""--model-seed"", ""45"", ""--out"", ""outputs/matched_forecasting005/bdg2_h3_f0_s45_v1""]",outputs/matched_forecasting005/bdg2_h3_f0_s45_v1,False,implement and verify matched_forecasting005; explicit fitting authorization; per-unit resource guard,10,390.2070831516137,3578.5918919861606,"PLEIA measured 3-model phase min/max times x fitting-row ratio x [0.5,3]; excludes preparation/I/O; not an ETA"
141,bdg2,6,0,45,persistence|xgboost|attention_lstm,"[""C:/cfs_venv/Scripts/python.exe"", ""-B"", ""-m"", ""src.matched_forecasting005"", ""run"", ""--matrix"", ""outputs/amendment005/support_design_v1/experiment_matrix.csv"", ""--dataset"", ""bdg2"", ""--horizon"", ""6"", ""--outer-fold"", ""0"", ""--model-seed"", ""45"", ""--out"", ""outputs/matched_forecasting005/bdg2_h6_f0_s45_v1""]",outputs/matched_forecasting005/bdg2_h6_f0_s45_v1,False,implement and verify matched_forecasting005; explicit fitting authorization; per-unit resource guard,10,390.0188392189444,3576.8655055614827,"PLEIA measured 3-model phase min/max times x fitting-row ratio x [0.5,3]; excludes preparation/I/O; not an ETA"
142,bdg2,1,2,46,persistence|xgboost|attention_lstm,"[""C:/cfs_venv/Scripts/python.exe"", ""-B"", ""-m"", ""src.matched_forecasting005"", ""run"", ""--matrix"", ""outputs/amendment005/support_design_v1/experiment_matrix.csv"", ""--dataset"", ""bdg2"", ""--horizon"", ""1"", ""--outer-fold"", ""2"", ""--model-seed"", ""46"", ""--out"", ""outputs/matched_forecasting005/bdg2_h1_f2_s46_v1""]",outputs/matched_forecasting005/bdg2_h1_f2_s46_v1,False,implement and verify matched_forecasting005; explicit fitting authorization; per-unit resource guard,10,194.50869074857175,1783.8405648910984,"PLEIA measured 3-model phase min/max times x fitting-row ratio x [0.5,3]; excludes preparation/I/O; not an ETA"
143,bdg2,3,2,46,persistence|xgboost|attention_lstm,"[""C:/cfs_venv/Scripts/python.exe"", ""-B"", ""-m"", ""src.matched_forecasting005"", ""run"", ""--matrix"", ""outputs/amendment005/support_design_v1/experiment_matrix.csv"", ""--dataset"", ""bdg2"", ""--horizon"", ""3"", ""--outer-fold"", ""2"", ""--model-seed"", ""46"", ""--out"", ""outputs/matched_forecasting005/bdg2_h3_f2_s46_v1""]",outputs/matched_forecasting005/bdg2_h3_f2_s46_v1,False,implement and verify matched_forecasting005; explicit fitting authorization; per-unit resource guard,10,194.39574438897014,1782.8047330362917,"PLEIA measured 3-model phase min/max times x fitting-row ratio x [0.5,3]; excludes preparation/I/O; not an ETA"
144,bdg2,6,2,46,persistence|xgboost|attention_lstm,"[""C:/cfs_venv/Scripts/python.exe"", ""-B"", ""-m"", ""src.matched_forecasting005"", ""run"", ""--matrix"", ""outputs/amendment005/support_design_v1/experiment_matrix.csv"", ""--dataset"", ""bdg2"", ""--horizon"", ""6"", ""--outer-fold"", ""2"", ""--model-seed"", ""46"", ""--out"", ""outputs/matched_forecasting005/bdg2_h6_f2_s46_v1""]",outputs/matched_forecasting005/bdg2_h6_f2_s46_v1,False,implement and verify matched_forecasting005; explicit fitting authorization; per-unit resource guard,10,194.20750045630083,1781.078346611614,"PLEIA measured 3-model phase min/max times x fitting-row ratio x [0.5,3]; excludes preparation/I/O; not an ETA"
145,bdg2,1,1,46,persistence|xgboost|attention_lstm,"[""C:/cfs_venv/Scripts/python.exe"", ""-B"", ""-m"", ""src.matched_forecasting005"", ""run"", ""--matrix"", ""outputs/amendment005/support_design_v1/experiment_matrix.csv"", ""--dataset"", ""bdg2"", ""--horizon"", ""1"", ""--outer-fold"", ""1"", ""--model-seed"", ""46"", ""--out"", ""outputs/matched_forecasting005/bdg2_h1_f1_s46_v1""]",outputs/matched_forecasting005/bdg2_h1_f1_s46_v1,False,implement and verify matched_forecasting005; explicit fitting authorization; per-unit resource guard,10,292.4633035523875,2682.183004836449,"PLEIA measured 3-model phase min/max times x fitting-row ratio x [0.5,3]; excludes preparation/I/O; not an ETA"
146,bdg2,3,1,46,persistence|xgboost|attention_lstm,"[""C:/cfs_venv/Scripts/python.exe"", ""-B"", ""-m"", ""src.matched_forecasting005"", ""run"", ""--matrix"", ""outputs/amendment005/support_design_v1/experiment_matrix.csv"", ""--dataset"", ""bdg2"", ""--horizon"", ""3"", ""--outer-fold"", ""1"", ""--model-seed"", ""46"", ""--out"", ""outputs/matched_forecasting005/bdg2_h3_f1_s46_v1""]",outputs/matched_forecasting005/bdg2_h3_f1_s46_v1,False,implement and verify matched_forecasting005; explicit fitting authorization; per-unit resource guard,10,292.3127084062521,2680.801895696707,"PLEIA measured 3-model phase min/max times x fitting-row ratio x [0.5,3]; excludes preparation/I/O; not an ETA"
147,bdg2,6,1,46,persistence|xgboost|attention_lstm,"[""C:/cfs_venv/Scripts/python.exe"", ""-B"", ""-m"", ""src.matched_forecasting005"", ""run"", ""--matrix"", ""outputs/amendment005/support_design_v1/experiment_matrix.csv"", ""--dataset"", ""bdg2"", ""--horizon"", ""6"", ""--outer-fold"", ""1"", ""--model-seed"", ""46"", ""--out"", ""outputs/matched_forecasting005/bdg2_h6_f1_s46_v1""]",outputs/matched_forecasting005/bdg2_h6_f1_s46_v1,False,implement and verify matched_forecasting005; explicit fitting authorization; per-unit resource guard,10,292.1244644735828,2679.075509272029,"PLEIA measured 3-model phase min/max times x fitting-row ratio x [0.5,3]; excludes preparation/I/O; not an ETA"
148,bdg2,1,0,46,persistence|xgboost|attention_lstm,"[""C:/cfs_venv/Scripts/python.exe"", ""-B"", ""-m"", ""src.matched_forecasting005"", ""run"", ""--matrix"", ""outputs/amendment005/support_design_v1/experiment_matrix.csv"", ""--dataset"", ""bdg2"", ""--horizon"", ""1"", ""--outer-fold"", ""0"", ""--model-seed"", ""46"", ""--out"", ""outputs/matched_forecasting005/bdg2_h1_f0_s46_v1""]",outputs/matched_forecasting005/bdg2_h1_f0_s46_v1,False,implement and verify matched_forecasting005; explicit fitting authorization; per-unit resource guard,10,390.3576782977492,3579.973001125903,"PLEIA measured 3-model phase min/max times x fitting-row ratio x [0.5,3]; excludes preparation/I/O; not an ETA"
149,bdg2,3,0,46,persistence|xgboost|attention_lstm,"[""C:/cfs_venv/Scripts/python.exe"", ""-B"", ""-m"", ""src.matched_forecasting005"", ""run"", ""--matrix"", ""outputs/amendment005/support_design_v1/experiment_matrix.csv"", ""--dataset"", ""bdg2"", ""--horizon"", ""3"", ""--outer-fold"", ""0"", ""--model-seed"", ""46"", ""--out"", ""outputs/matched_forecasting005/bdg2_h3_f0_s46_v1""]",outputs/matched_forecasting005/bdg2_h3_f0_s46_v1,False,implement and verify matched_forecasting005; explicit fitting authorization; per-unit resource guard,10,390.2070831516137,3578.5918919861606,"PLEIA measured 3-model phase min/max times x fitting-row ratio x [0.5,3]; excludes preparation/I/O; not an ETA"
150,bdg2,6,0,46,persistence|xgboost|attention_lstm,"[""C:/cfs_venv/Scripts/python.exe"", ""-B"", ""-m"", ""src.matched_forecasting005"", ""run"", ""--matrix"", ""outputs/amendment005/support_design_v1/experiment_matrix.csv"", ""--dataset"", ""bdg2"", ""--horizon"", ""6"", ""--outer-fold"", ""0"", ""--model-seed"", ""46"", ""--out"", ""outputs/matched_forecasting005/bdg2_h6_f0_s46_v1""]",outputs/matched_forecasting005/bdg2_h6_f0_s46_v1,False,implement and verify matched_forecasting005; explicit fitting authorization; per-unit resource guard,10,390.0188392189444,3576.8655055614827,"PLEIA measured 3-model phase min/max times x fitting-row ratio x [0.5,3]; excludes preparation/I/O; not an ETA"
151,pleia,1,2,42,persistence|xgboost|attention_lstm,"[""C:/cfs_venv/Scripts/python.exe"", ""-B"", ""-m"", ""src.matched_forecasting005"", ""run"", ""--matrix"", ""outputs/amendment005/support_design_v1/experiment_matrix.csv"", ""--dataset"", ""pleia"", ""--horizon"", ""1"", ""--outer-fold"", ""2"", ""--model-seed"", ""42"", ""--out"", ""outputs/matched_forecasting005/pleia_h1_f2_s42_v1""]",outputs/matched_forecasting005/pleia_h1_f2_s42_v1,False,implement and verify matched_forecasting005; explicit fitting authorization; per-unit resource guard,10,55.93856703201996,513.0129899572612,"PLEIA measured 3-model phase min/max times x fitting-row ratio x [0.5,3]; excludes preparation/I/O; not an ETA"
152,pleia,3,2,42,persistence|xgboost|attention_lstm,"[""C:/cfs_venv/Scripts/python.exe"", ""-B"", ""-m"", ""src.matched_forecasting005"", ""run"", ""--matrix"", ""outputs/amendment005/support_design_v1/experiment_matrix.csv"", ""--dataset"", ""pleia"", ""--horizon"", ""3"", ""--outer-fold"", ""2"", ""--model-seed"", ""42"", ""--out"", ""outputs/matched_forecasting005/pleia_h3_f2_s42_v1""]",outputs/matched_forecasting005/pleia_h3_f2_s42_v1,False,implement and verify matched_forecasting005; explicit fitting authorization; per-unit resource guard,10,55.9272723960598,512.9094067717805,"PLEIA measured 3-model phase min/max times x fitting-row ratio x [0.5,3]; excludes preparation/I/O; not an ETA"
153,pleia,6,2,42,persistence|xgboost|attention_lstm,"[""C:/cfs_venv/Scripts/python.exe"", ""-B"", ""-m"", ""src.matched_forecasting005"", ""run"", ""--matrix"", ""outputs/amendment005/support_design_v1/experiment_matrix.csv"", ""--dataset"", ""pleia"", ""--horizon"", ""6"", ""--outer-fold"", ""2"", ""--model-seed"", ""42"", ""--out"", ""outputs/matched_forecasting005/pleia_h6_f2_s42_v1""]",outputs/matched_forecasting005/pleia_h6_f2_s42_v1,False,implement and verify matched_forecasting005; explicit fitting authorization; per-unit resource guard,10,55.90844800279286,512.7367681293127,"PLEIA measured 3-model phase min/max times x fitting-row ratio x [0.5,3]; excludes preparation/I/O; not an ETA"
154,pleia,1,1,42,persistence|xgboost|attention_lstm,"[""C:/cfs_venv/Scripts/python.exe"", ""-B"", ""-m"", ""src.matched_forecasting005"", ""run"", ""--matrix"", ""outputs/amendment005/support_design_v1/experiment_matrix.csv"", ""--dataset"", ""pleia"", ""--horizon"", ""1"", ""--outer-fold"", ""1"", ""--model-seed"", ""42"", ""--out"", ""outputs/matched_forecasting005/pleia_h1_f1_s42_v1""]",outputs/matched_forecasting005/pleia_h1_f1_s42_v1,False,implement and verify matched_forecasting005; explicit fitting authorization; per-unit resource guard,10,83.91538030533671,769.5885403928788,"PLEIA measured 3-model phase min/max times x fitting-row ratio x [0.5,3]; excludes preparation/I/O; not an ETA"
155,pleia,3,1,42,persistence|xgboost|attention_lstm,"[""C:/cfs_venv/Scripts/python.exe"", ""-B"", ""-m"", ""src.matched_forecasting005"", ""run"", ""--matrix"", ""outputs/amendment005/support_design_v1/experiment_matrix.csv"", ""--dataset"", ""pleia"", ""--horizon"", ""3"", ""--outer-fold"", ""1"", ""--model-seed"", ""42"", ""--out"", ""outputs/matched_forecasting005/pleia_h3_f1_s42_v1""]",outputs/matched_forecasting005/pleia_h3_f1_s42_v1,False,implement and verify matched_forecasting005; explicit fitting authorization; per-unit resource guard,10,83.90032079072316,769.4504294789047,"PLEIA measured 3-model phase min/max times x fitting-row ratio x [0.5,3]; excludes preparation/I/O; not an ETA"
156,pleia,6,1,42,persistence|xgboost|attention_lstm,"[""C:/cfs_venv/Scripts/python.exe"", ""-B"", ""-m"", ""src.matched_forecasting005"", ""run"", ""--matrix"", ""outputs/amendment005/support_design_v1/experiment_matrix.csv"", ""--dataset"", ""pleia"", ""--horizon"", ""6"", ""--outer-fold"", ""1"", ""--model-seed"", ""42"", ""--out"", ""outputs/matched_forecasting005/pleia_h6_f1_s42_v1""]",outputs/matched_forecasting005/pleia_h6_f1_s42_v1,False,implement and verify matched_forecasting005; explicit fitting authorization; per-unit resource guard,10,83.88149639745623,769.2777908364369,"PLEIA measured 3-model phase min/max times x fitting-row ratio x [0.5,3]; excludes preparation/I/O; not an ETA"
157,pleia,1,2,43,persistence|xgboost|attention_lstm,"[""C:/cfs_venv/Scripts/python.exe"", ""-B"", ""-m"", ""src.matched_forecasting005"", ""run"", ""--matrix"", ""outputs/amendment005/support_design_v1/experiment_matrix.csv"", ""--dataset"", ""pleia"", ""--horizon"", ""1"", ""--outer-fold"", ""2"", ""--model-seed"", ""43"", ""--out"", ""outputs/matched_forecasting005/pleia_h1_f2_s43_v1""]",outputs/matched_forecasting005/pleia_h1_f2_s43_v1,False,implement and verify matched_forecasting005; explicit fitting authorization; per-unit resource guard,10,55.93856703201996,513.0129899572612,"PLEIA measured 3-model phase min/max times x fitting-row ratio x [0.5,3]; excludes preparation/I/O; not an ETA"
158,pleia,3,2,43,persistence|xgboost|attention_lstm,"[""C:/cfs_venv/Scripts/python.exe"", ""-B"", ""-m"", ""src.matched_forecasting005"", ""run"", ""--matrix"", ""outputs/amendment005/support_design_v1/experiment_matrix.csv"", ""--dataset"", ""pleia"", ""--horizon"", ""3"", ""--outer-fold"", ""2"", ""--model-seed"", ""43"", ""--out"", ""outputs/matched_forecasting005/pleia_h3_f2_s43_v1""]",outputs/matched_forecasting005/pleia_h3_f2_s43_v1,False,implement and verify matched_forecasting005; explicit fitting authorization; per-unit resource guard,10,55.9272723960598,512.9094067717805,"PLEIA measured 3-model phase min/max times x fitting-row ratio x [0.5,3]; excludes preparation/I/O; not an ETA"
159,pleia,6,2,43,persistence|xgboost|attention_lstm,"[""C:/cfs_venv/Scripts/python.exe"", ""-B"", ""-m"", ""src.matched_forecasting005"", ""run"", ""--matrix"", ""outputs/amendment005/support_design_v1/experiment_matrix.csv"", ""--dataset"", ""pleia"", ""--horizon"", ""6"", ""--outer-fold"", ""2"", ""--model-seed"", ""43"", ""--out"", ""outputs/matched_forecasting005/pleia_h6_f2_s43_v1""]",outputs/matched_forecasting005/pleia_h6_f2_s43_v1,False,implement and verify matched_forecasting005; explicit fitting authorization; per-unit resource guard,10,55.90844800279286,512.7367681293127,"PLEIA measured 3-model phase min/max times x fitting-row ratio x [0.5,3]; excludes preparation/I/O; not an ETA"
160,pleia,1,1,43,persistence|xgboost|attention_lstm,"[""C:/cfs_venv/Scripts/python.exe"", ""-B"", ""-m"", ""src.matched_forecasting005"", ""run"", ""--matrix"", ""outputs/amendment005/support_design_v1/experiment_matrix.csv"", ""--dataset"", ""pleia"", ""--horizon"", ""1"", ""--outer-fold"", ""1"", ""--model-seed"", ""43"", ""--out"", ""outputs/matched_forecasting005/pleia_h1_f1_s43_v1""]",outputs/matched_forecasting005/pleia_h1_f1_s43_v1,False,implement and verify matched_forecasting005; explicit fitting authorization; per-unit resource guard,10,83.91538030533671,769.5885403928788,"PLEIA measured 3-model phase min/max times x fitting-row ratio x [0.5,3]; excludes preparation/I/O; not an ETA"
161,pleia,3,1,43,persistence|xgboost|attention_lstm,"[""C:/cfs_venv/Scripts/python.exe"", ""-B"", ""-m"", ""src.matched_forecasting005"", ""run"", ""--matrix"", ""outputs/amendment005/support_design_v1/experiment_matrix.csv"", ""--dataset"", ""pleia"", ""--horizon"", ""3"", ""--outer-fold"", ""1"", ""--model-seed"", ""43"", ""--out"", ""outputs/matched_forecasting005/pleia_h3_f1_s43_v1""]",outputs/matched_forecasting005/pleia_h3_f1_s43_v1,False,implement and verify matched_forecasting005; explicit fitting authorization; per-unit resource guard,10,83.90032079072316,769.4504294789047,"PLEIA measured 3-model phase min/max times x fitting-row ratio x [0.5,3]; excludes preparation/I/O; not an ETA"
162,pleia,6,1,43,persistence|xgboost|attention_lstm,"[""C:/cfs_venv/Scripts/python.exe"", ""-B"", ""-m"", ""src.matched_forecasting005"", ""run"", ""--matrix"", ""outputs/amendment005/support_design_v1/experiment_matrix.csv"", ""--dataset"", ""pleia"", ""--horizon"", ""6"", ""--outer-fold"", ""1"", ""--model-seed"", ""43"", ""--out"", ""outputs/matched_forecasting005/pleia_h6_f1_s43_v1""]",outputs/matched_forecasting005/pleia_h6_f1_s43_v1,False,implement and verify matched_forecasting005; explicit fitting authorization; per-unit resource guard,10,83.88149639745623,769.2777908364369,"PLEIA measured 3-model phase min/max times x fitting-row ratio x [0.5,3]; excludes preparation/I/O; not an ETA"
163,pleia,1,0,43,persistence|xgboost|attention_lstm,"[""C:/cfs_venv/Scripts/python.exe"", ""-B"", ""-m"", ""src.matched_forecasting005"", ""run"", ""--matrix"", ""outputs/amendment005/support_design_v1/experiment_matrix.csv"", ""--dataset"", ""pleia"", ""--horizon"", ""1"", ""--outer-fold"", ""0"", ""--model-seed"", ""43"", ""--out"", ""outputs/matched_forecasting005/pleia_h1_f0_s43_v1""]",outputs/matched_forecasting005/pleia_h1_f0_s43_v1,False,implement and verify matched_forecasting005; explicit fitting authorization; per-unit resource guard,10,111.88842870000008,1026.129563100003,"PLEIA measured 3-model phase min/max times x fitting-row ratio x [0.5,3]; excludes preparation/I/O; not an ETA"
164,pleia,3,0,43,persistence|xgboost|attention_lstm,"[""C:/cfs_venv/Scripts/python.exe"", ""-B"", ""-m"", ""src.matched_forecasting005"", ""run"", ""--matrix"", ""outputs/amendment005/support_design_v1/experiment_matrix.csv"", ""--dataset"", ""pleia"", ""--horizon"", ""3"", ""--outer-fold"", ""0"", ""--model-seed"", ""43"", ""--out"", ""outputs/matched_forecasting005/pleia_h3_f0_s43_v1""]",outputs/matched_forecasting005/pleia_h3_f0_s43_v1,False,implement and verify matched_forecasting005; explicit fitting authorization; per-unit resource guard,10,111.87336918538652,1025.9914521860287,"PLEIA measured 3-model phase min/max times x fitting-row ratio x [0.5,3]; excludes preparation/I/O; not an ETA"
165,pleia,6,0,43,persistence|xgboost|attention_lstm,"[""C:/cfs_venv/Scripts/python.exe"", ""-B"", ""-m"", ""src.matched_forecasting005"", ""run"", ""--matrix"", ""outputs/amendment005/support_design_v1/experiment_matrix.csv"", ""--dataset"", ""pleia"", ""--horizon"", ""6"", ""--outer-fold"", ""0"", ""--model-seed"", ""43"", ""--out"", ""outputs/matched_forecasting005/pleia_h6_f0_s43_v1""]",outputs/matched_forecasting005/pleia_h6_f0_s43_v1,False,implement and verify matched_forecasting005; explicit fitting authorization; per-unit resource guard,10,111.8545447921196,1025.818813543561,"PLEIA measured 3-model phase min/max times x fitting-row ratio x [0.5,3]; excludes preparation/I/O; not an ETA"
166,pleia,1,2,44,persistence|xgboost|attention_lstm,"[""C:/cfs_venv/Scripts/python.exe"", ""-B"", ""-m"", ""src.matched_forecasting005"", ""run"", ""--matrix"", ""outputs/amendment005/support_design_v1/experiment_matrix.csv"", ""--dataset"", ""pleia"", ""--horizon"", ""1"", ""--outer-fold"", ""2"", ""--model-seed"", ""44"", ""--out"", ""outputs/matched_forecasting005/pleia_h1_f2_s44_v1""]",outputs/matched_forecasting005/pleia_h1_f2_s44_v1,False,implement and verify matched_forecasting005; explicit fitting authorization; per-unit resource guard,10,55.93856703201996,513.0129899572612,"PLEIA measured 3-model phase min/max times x fitting-row ratio x [0.5,3]; excludes preparation/I/O; not an ETA"
167,pleia,3,2,44,persistence|xgboost|attention_lstm,"[""C:/cfs_venv/Scripts/python.exe"", ""-B"", ""-m"", ""src.matched_forecasting005"", ""run"", ""--matrix"", ""outputs/amendment005/support_design_v1/experiment_matrix.csv"", ""--dataset"", ""pleia"", ""--horizon"", ""3"", ""--outer-fold"", ""2"", ""--model-seed"", ""44"", ""--out"", ""outputs/matched_forecasting005/pleia_h3_f2_s44_v1""]",outputs/matched_forecasting005/pleia_h3_f2_s44_v1,False,implement and verify matched_forecasting005; explicit fitting authorization; per-unit resource guard,10,55.9272723960598,512.9094067717805,"PLEIA measured 3-model phase min/max times x fitting-row ratio x [0.5,3]; excludes preparation/I/O; not an ETA"
168,pleia,6,2,44,persistence|xgboost|attention_lstm,"[""C:/cfs_venv/Scripts/python.exe"", ""-B"", ""-m"", ""src.matched_forecasting005"", ""run"", ""--matrix"", ""outputs/amendment005/support_design_v1/experiment_matrix.csv"", ""--dataset"", ""pleia"", ""--horizon"", ""6"", ""--outer-fold"", ""2"", ""--model-seed"", ""44"", ""--out"", ""outputs/matched_forecasting005/pleia_h6_f2_s44_v1""]",outputs/matched_forecasting005/pleia_h6_f2_s44_v1,False,implement and verify matched_forecasting005; explicit fitting authorization; per-unit resource guard,10,55.90844800279286,512.7367681293127,"PLEIA measured 3-model phase min/max times x fitting-row ratio x [0.5,3]; excludes preparation/I/O; not an ETA"
169,pleia,1,1,44,persistence|xgboost|attention_lstm,"[""C:/cfs_venv/Scripts/python.exe"", ""-B"", ""-m"", ""src.matched_forecasting005"", ""run"", ""--matrix"", ""outputs/amendment005/support_design_v1/experiment_matrix.csv"", ""--dataset"", ""pleia"", ""--horizon"", ""1"", ""--outer-fold"", ""1"", ""--model-seed"", ""44"", ""--out"", ""outputs/matched_forecasting005/pleia_h1_f1_s44_v1""]",outputs/matched_forecasting005/pleia_h1_f1_s44_v1,False,implement and verify matched_forecasting005; explicit fitting authorization; per-unit resource guard,10,83.91538030533671,769.5885403928788,"PLEIA measured 3-model phase min/max times x fitting-row ratio x [0.5,3]; excludes preparation/I/O; not an ETA"
170,pleia,3,1,44,persistence|xgboost|attention_lstm,"[""C:/cfs_venv/Scripts/python.exe"", ""-B"", ""-m"", ""src.matched_forecasting005"", ""run"", ""--matrix"", ""outputs/amendment005/support_design_v1/experiment_matrix.csv"", ""--dataset"", ""pleia"", ""--horizon"", ""3"", ""--outer-fold"", ""1"", ""--model-seed"", ""44"", ""--out"", ""outputs/matched_forecasting005/pleia_h3_f1_s44_v1""]",outputs/matched_forecasting005/pleia_h3_f1_s44_v1,False,implement and verify matched_forecasting005; explicit fitting authorization; per-unit resource guard,10,83.90032079072316,769.4504294789047,"PLEIA measured 3-model phase min/max times x fitting-row ratio x [0.5,3]; excludes preparation/I/O; not an ETA"
171,pleia,6,1,44,persistence|xgboost|attention_lstm,"[""C:/cfs_venv/Scripts/python.exe"", ""-B"", ""-m"", ""src.matched_forecasting005"", ""run"", ""--matrix"", ""outputs/amendment005/support_design_v1/experiment_matrix.csv"", ""--dataset"", ""pleia"", ""--horizon"", ""6"", ""--outer-fold"", ""1"", ""--model-seed"", ""44"", ""--out"", ""outputs/matched_forecasting005/pleia_h6_f1_s44_v1""]",outputs/matched_forecasting005/pleia_h6_f1_s44_v1,False,implement and verify matched_forecasting005; explicit fitting authorization; per-unit resource guard,10,83.88149639745623,769.2777908364369,"PLEIA measured 3-model phase min/max times x fitting-row ratio x [0.5,3]; excludes preparation/I/O; not an ETA"
172,pleia,1,0,44,persistence|xgboost|attention_lstm,"[""C:/cfs_venv/Scripts/python.exe"", ""-B"", ""-m"", ""src.matched_forecasting005"", ""run"", ""--matrix"", ""outputs/amendment005/support_design_v1/experiment_matrix.csv"", ""--dataset"", ""pleia"", ""--horizon"", ""1"", ""--outer-fold"", ""0"", ""--model-seed"", ""44"", ""--out"", ""outputs/matched_forecasting005/pleia_h1_f0_s44_v1""]",outputs/matched_forecasting005/pleia_h1_f0_s44_v1,False,implement and verify matched_forecasting005; explicit fitting authorization; per-unit resource guard,10,111.88842870000008,1026.129563100003,"PLEIA measured 3-model phase min/max times x fitting-row ratio x [0.5,3]; excludes preparation/I/O; not an ETA"
173,pleia,3,0,44,persistence|xgboost|attention_lstm,"[""C:/cfs_venv/Scripts/python.exe"", ""-B"", ""-m"", ""src.matched_forecasting005"", ""run"", ""--matrix"", ""outputs/amendment005/support_design_v1/experiment_matrix.csv"", ""--dataset"", ""pleia"", ""--horizon"", ""3"", ""--outer-fold"", ""0"", ""--model-seed"", ""44"", ""--out"", ""outputs/matched_forecasting005/pleia_h3_f0_s44_v1""]",outputs/matched_forecasting005/pleia_h3_f0_s44_v1,False,implement and verify matched_forecasting005; explicit fitting authorization; per-unit resource guard,10,111.87336918538652,1025.9914521860287,"PLEIA measured 3-model phase min/max times x fitting-row ratio x [0.5,3]; excludes preparation/I/O; not an ETA"
174,pleia,6,0,44,persistence|xgboost|attention_lstm,"[""C:/cfs_venv/Scripts/python.exe"", ""-B"", ""-m"", ""src.matched_forecasting005"", ""run"", ""--matrix"", ""outputs/amendment005/support_design_v1/experiment_matrix.csv"", ""--dataset"", ""pleia"", ""--horizon"", ""6"", ""--outer-fold"", ""0"", ""--model-seed"", ""44"", ""--out"", ""outputs/matched_forecasting005/pleia_h6_f0_s44_v1""]",outputs/matched_forecasting005/pleia_h6_f0_s44_v1,False,implement and verify matched_forecasting005; explicit fitting authorization; per-unit resource guard,10,111.8545447921196,1025.818813543561,"PLEIA measured 3-model phase min/max times x fitting-row ratio x [0.5,3]; excludes preparation/I/O; not an ETA"
175,pleia,1,2,45,persistence|xgboost|attention_lstm,"[""C:/cfs_venv/Scripts/python.exe"", ""-B"", ""-m"", ""src.matched_forecasting005"", ""run"", ""--matrix"", ""outputs/amendment005/support_design_v1/experiment_matrix.csv"", ""--dataset"", ""pleia"", ""--horizon"", ""1"", ""--outer-fold"", ""2"", ""--model-seed"", ""45"", ""--out"", ""outputs/matched_forecasting005/pleia_h1_f2_s45_v1""]",outputs/matched_forecasting005/pleia_h1_f2_s45_v1,False,implement and verify matched_forecasting005; explicit fitting authorization; per-unit resource guard,10,55.93856703201996,513.0129899572612,"PLEIA measured 3-model phase min/max times x fitting-row ratio x [0.5,3]; excludes preparation/I/O; not an ETA"
176,pleia,3,2,45,persistence|xgboost|attention_lstm,"[""C:/cfs_venv/Scripts/python.exe"", ""-B"", ""-m"", ""src.matched_forecasting005"", ""run"", ""--matrix"", ""outputs/amendment005/support_design_v1/experiment_matrix.csv"", ""--dataset"", ""pleia"", ""--horizon"", ""3"", ""--outer-fold"", ""2"", ""--model-seed"", ""45"", ""--out"", ""outputs/matched_forecasting005/pleia_h3_f2_s45_v1""]",outputs/matched_forecasting005/pleia_h3_f2_s45_v1,False,implement and verify matched_forecasting005; explicit fitting authorization; per-unit resource guard,10,55.9272723960598,512.9094067717805,"PLEIA measured 3-model phase min/max times x fitting-row ratio x [0.5,3]; excludes preparation/I/O; not an ETA"
177,pleia,6,2,45,persistence|xgboost|attention_lstm,"[""C:/cfs_venv/Scripts/python.exe"", ""-B"", ""-m"", ""src.matched_forecasting005"", ""run"", ""--matrix"", ""outputs/amendment005/support_design_v1/experiment_matrix.csv"", ""--dataset"", ""pleia"", ""--horizon"", ""6"", ""--outer-fold"", ""2"", ""--model-seed"", ""45"", ""--out"", ""outputs/matched_forecasting005/pleia_h6_f2_s45_v1""]",outputs/matched_forecasting005/pleia_h6_f2_s45_v1,False,implement and verify matched_forecasting005; explicit fitting authorization; per-unit resource guard,10,55.90844800279286,512.7367681293127,"PLEIA measured 3-model phase min/max times x fitting-row ratio x [0.5,3]; excludes preparation/I/O; not an ETA"
178,pleia,1,1,45,persistence|xgboost|attention_lstm,"[""C:/cfs_venv/Scripts/python.exe"", ""-B"", ""-m"", ""src.matched_forecasting005"", ""run"", ""--matrix"", ""outputs/amendment005/support_design_v1/experiment_matrix.csv"", ""--dataset"", ""pleia"", ""--horizon"", ""1"", ""--outer-fold"", ""1"", ""--model-seed"", ""45"", ""--out"", ""outputs/matched_forecasting005/pleia_h1_f1_s45_v1""]",outputs/matched_forecasting005/pleia_h1_f1_s45_v1,False,implement and verify matched_forecasting005; explicit fitting authorization; per-unit resource guard,10,83.91538030533671,769.5885403928788,"PLEIA measured 3-model phase min/max times x fitting-row ratio x [0.5,3]; excludes preparation/I/O; not an ETA"
179,pleia,3,1,45,persistence|xgboost|attention_lstm,"[""C:/cfs_venv/Scripts/python.exe"", ""-B"", ""-m"", ""src.matched_forecasting005"", ""run"", ""--matrix"", ""outputs/amendment005/support_design_v1/experiment_matrix.csv"", ""--dataset"", ""pleia"", ""--horizon"", ""3"", ""--outer-fold"", ""1"", ""--model-seed"", ""45"", ""--out"", ""outputs/matched_forecasting005/pleia_h3_f1_s45_v1""]",outputs/matched_forecasting005/pleia_h3_f1_s45_v1,False,implement and verify matched_forecasting005; explicit fitting authorization; per-unit resource guard,10,83.90032079072316,769.4504294789047,"PLEIA measured 3-model phase min/max times x fitting-row ratio x [0.5,3]; excludes preparation/I/O; not an ETA"
180,pleia,6,1,45,persistence|xgboost|attention_lstm,"[""C:/cfs_venv/Scripts/python.exe"", ""-B"", ""-m"", ""src.matched_forecasting005"", ""run"", ""--matrix"", ""outputs/amendment005/support_design_v1/experiment_matrix.csv"", ""--dataset"", ""pleia"", ""--horizon"", ""6"", ""--outer-fold"", ""1"", ""--model-seed"", ""45"", ""--out"", ""outputs/matched_forecasting005/pleia_h6_f1_s45_v1""]",outputs/matched_forecasting005/pleia_h6_f1_s45_v1,False,implement and verify matched_forecasting005; explicit fitting authorization; per-unit resource guard,10,83.88149639745623,769.2777908364369,"PLEIA measured 3-model phase min/max times x fitting-row ratio x [0.5,3]; excludes preparation/I/O; not an ETA"
181,pleia,1,0,45,persistence|xgboost|attention_lstm,"[""C:/cfs_venv/Scripts/python.exe"", ""-B"", ""-m"", ""src.matched_forecasting005"", ""run"", ""--matrix"", ""outputs/amendment005/support_design_v1/experiment_matrix.csv"", ""--dataset"", ""pleia"", ""--horizon"", ""1"", ""--outer-fold"", ""0"", ""--model-seed"", ""45"", ""--out"", ""outputs/matched_forecasting005/pleia_h1_f0_s45_v1""]",outputs/matched_forecasting005/pleia_h1_f0_s45_v1,False,implement and verify matched_forecasting005; explicit fitting authorization; per-unit resource guard,10,111.88842870000008,1026.129563100003,"PLEIA measured 3-model phase min/max times x fitting-row ratio x [0.5,3]; excludes preparation/I/O; not an ETA"
182,pleia,3,0,45,persistence|xgboost|attention_lstm,"[""C:/cfs_venv/Scripts/python.exe"", ""-B"", ""-m"", ""src.matched_forecasting005"", ""run"", ""--matrix"", ""outputs/amendment005/support_design_v1/experiment_matrix.csv"", ""--dataset"", ""pleia"", ""--horizon"", ""3"", ""--outer-fold"", ""0"", ""--model-seed"", ""45"", ""--out"", ""outputs/matched_forecasting005/pleia_h3_f0_s45_v1""]",outputs/matched_forecasting005/pleia_h3_f0_s45_v1,False,implement and verify matched_forecasting005; explicit fitting authorization; per-unit resource guard,10,111.87336918538652,1025.9914521860287,"PLEIA measured 3-model phase min/max times x fitting-row ratio x [0.5,3]; excludes preparation/I/O; not an ETA"
183,pleia,6,0,45,persistence|xgboost|attention_lstm,"[""C:/cfs_venv/Scripts/python.exe"", ""-B"", ""-m"", ""src.matched_forecasting005"", ""run"", ""--matrix"", ""outputs/amendment005/support_design_v1/experiment_matrix.csv"", ""--dataset"", ""pleia"", ""--horizon"", ""6"", ""--outer-fold"", ""0"", ""--model-seed"", ""45"", ""--out"", ""outputs/matched_forecasting005/pleia_h6_f0_s45_v1""]",outputs/matched_forecasting005/pleia_h6_f0_s45_v1,False,implement and verify matched_forecasting005; explicit fitting authorization; per-unit resource guard,10,111.8545447921196,1025.818813543561,"PLEIA measured 3-model phase min/max times x fitting-row ratio x [0.5,3]; excludes preparation/I/O; not an ETA"
184,pleia,1,2,46,persistence|xgboost|attention_lstm,"[""C:/cfs_venv/Scripts/python.exe"", ""-B"", ""-m"", ""src.matched_forecasting005"", ""run"", ""--matrix"", ""outputs/amendment005/support_design_v1/experiment_matrix.csv"", ""--dataset"", ""pleia"", ""--horizon"", ""1"", ""--outer-fold"", ""2"", ""--model-seed"", ""46"", ""--out"", ""outputs/matched_forecasting005/pleia_h1_f2_s46_v1""]",outputs/matched_forecasting005/pleia_h1_f2_s46_v1,False,implement and verify matched_forecasting005; explicit fitting authorization; per-unit resource guard,10,55.93856703201996,513.0129899572612,"PLEIA measured 3-model phase min/max times x fitting-row ratio x [0.5,3]; excludes preparation/I/O; not an ETA"
185,pleia,3,2,46,persistence|xgboost|attention_lstm,"[""C:/cfs_venv/Scripts/python.exe"", ""-B"", ""-m"", ""src.matched_forecasting005"", ""run"", ""--matrix"", ""outputs/amendment005/support_design_v1/experiment_matrix.csv"", ""--dataset"", ""pleia"", ""--horizon"", ""3"", ""--outer-fold"", ""2"", ""--model-seed"", ""46"", ""--out"", ""outputs/matched_forecasting005/pleia_h3_f2_s46_v1""]",outputs/matched_forecasting005/pleia_h3_f2_s46_v1,False,implement and verify matched_forecasting005; explicit fitting authorization; per-unit resource guard,10,55.9272723960598,512.9094067717805,"PLEIA measured 3-model phase min/max times x fitting-row ratio x [0.5,3]; excludes preparation/I/O; not an ETA"
186,pleia,6,2,46,persistence|xgboost|attention_lstm,"[""C:/cfs_venv/Scripts/python.exe"", ""-B"", ""-m"", ""src.matched_forecasting005"", ""run"", ""--matrix"", ""outputs/amendment005/support_design_v1/experiment_matrix.csv"", ""--dataset"", ""pleia"", ""--horizon"", ""6"", ""--outer-fold"", ""2"", ""--model-seed"", ""46"", ""--out"", ""outputs/matched_forecasting005/pleia_h6_f2_s46_v1""]",outputs/matched_forecasting005/pleia_h6_f2_s46_v1,False,implement and verify matched_forecasting005; explicit fitting authorization; per-unit resource guard,10,55.90844800279286,512.7367681293127,"PLEIA measured 3-model phase min/max times x fitting-row ratio x [0.5,3]; excludes preparation/I/O; not an ETA"
187,pleia,1,1,46,persistence|xgboost|attention_lstm,"[""C:/cfs_venv/Scripts/python.exe"", ""-B"", ""-m"", ""src.matched_forecasting005"", ""run"", ""--matrix"", ""outputs/amendment005/support_design_v1/experiment_matrix.csv"", ""--dataset"", ""pleia"", ""--horizon"", ""1"", ""--outer-fold"", ""1"", ""--model-seed"", ""46"", ""--out"", ""outputs/matched_forecasting005/pleia_h1_f1_s46_v1""]",outputs/matched_forecasting005/pleia_h1_f1_s46_v1,False,implement and verify matched_forecasting005; explicit fitting authorization; per-unit resource guard,10,83.91538030533671,769.5885403928788,"PLEIA measured 3-model phase min/max times x fitting-row ratio x [0.5,3]; excludes preparation/I/O; not an ETA"
188,pleia,3,1,46,persistence|xgboost|attention_lstm,"[""C:/cfs_venv/Scripts/python.exe"", ""-B"", ""-m"", ""src.matched_forecasting005"", ""run"", ""--matrix"", ""outputs/amendment005/support_design_v1/experiment_matrix.csv"", ""--dataset"", ""pleia"", ""--horizon"", ""3"", ""--outer-fold"", ""1"", ""--model-seed"", ""46"", ""--out"", ""outputs/matched_forecasting005/pleia_h3_f1_s46_v1""]",outputs/matched_forecasting005/pleia_h3_f1_s46_v1,False,implement and verify matched_forecasting005; explicit fitting authorization; per-unit resource guard,10,83.90032079072316,769.4504294789047,"PLEIA measured 3-model phase min/max times x fitting-row ratio x [0.5,3]; excludes preparation/I/O; not an ETA"
189,pleia,6,1,46,persistence|xgboost|attention_lstm,"[""C:/cfs_venv/Scripts/python.exe"", ""-B"", ""-m"", ""src.matched_forecasting005"", ""run"", ""--matrix"", ""outputs/amendment005/support_design_v1/experiment_matrix.csv"", ""--dataset"", ""pleia"", ""--horizon"", ""6"", ""--outer-fold"", ""1"", ""--model-seed"", ""46"", ""--out"", ""outputs/matched_forecasting005/pleia_h6_f1_s46_v1""]",outputs/matched_forecasting005/pleia_h6_f1_s46_v1,False,implement and verify matched_forecasting005; explicit fitting authorization; per-unit resource guard,10,83.88149639745623,769.2777908364369,"PLEIA measured 3-model phase min/max times x fitting-row ratio x [0.5,3]; excludes preparation/I/O; not an ETA"
190,pleia,1,0,46,persistence|xgboost|attention_lstm,"[""C:/cfs_venv/Scripts/python.exe"", ""-B"", ""-m"", ""src.matched_forecasting005"", ""run"", ""--matrix"", ""outputs/amendment005/support_design_v1/experiment_matrix.csv"", ""--dataset"", ""pleia"", ""--horizon"", ""1"", ""--outer-fold"", ""0"", ""--model-seed"", ""46"", ""--out"", ""outputs/matched_forecasting005/pleia_h1_f0_s46_v1""]",outputs/matched_forecasting005/pleia_h1_f0_s46_v1,False,implement and verify matched_forecasting005; explicit fitting authorization; per-unit resource guard,10,111.88842870000008,1026.129563100003,"PLEIA measured 3-model phase min/max times x fitting-row ratio x [0.5,3]; excludes preparation/I/O; not an ETA"
191,pleia,3,0,46,persistence|xgboost|attention_lstm,"[""C:/cfs_venv/Scripts/python.exe"", ""-B"", ""-m"", ""src.matched_forecasting005"", ""run"", ""--matrix"", ""outputs/amendment005/support_design_v1/experiment_matrix.csv"", ""--dataset"", ""pleia"", ""--horizon"", ""3"", ""--outer-fold"", ""0"", ""--model-seed"", ""46"", ""--out"", ""outputs/matched_forecasting005/pleia_h3_f0_s46_v1""]",outputs/matched_forecasting005/pleia_h3_f0_s46_v1,False,implement and verify matched_forecasting005; explicit fitting authorization; per-unit resource guard,10,111.87336918538652,1025.9914521860287,"PLEIA measured 3-model phase min/max times x fitting-row ratio x [0.5,3]; excludes preparation/I/O; not an ETA"
192,pleia,6,0,46,persistence|xgboost|attention_lstm,"[""C:/cfs_venv/Scripts/python.exe"", ""-B"", ""-m"", ""src.matched_forecasting005"", ""run"", ""--matrix"", ""outputs/amendment005/support_design_v1/experiment_matrix.csv"", ""--dataset"", ""pleia"", ""--horizon"", ""6"", ""--outer-fold"", ""0"", ""--model-seed"", ""46"", ""--out"", ""outputs/matched_forecasting005/pleia_h6_f0_s46_v1""]",outputs/matched_forecasting005/pleia_h6_f0_s46_v1,False,implement and verify matched_forecasting005; explicit fitting authorization; per-unit resource guard,10,111.8545447921196,1025.818813543561,"PLEIA measured 3-model phase min/max times x fitting-row ratio x [0.5,3]; excludes preparation/I/O; not an ETA"
