Auto packing the repository in background for optimum performance.
See "git help gc" for manual housekeeping.
[review/matched-fold2-multiseed-20260914 04cc77e] Publish matched fold-2 multiseed evidence: seed45
 997 files changed, 42277 insertions(+), 134 deletions(-)
 create mode 100644 smart_building_conformal/outputs/matched_forecasting005/bdg2_h1_f2_s45_v1.process.json
 create mode 100644 smart_building_conformal/outputs/matched_forecasting005/bdg2_h1_f2_s45_v1/checkpoint_io_20260914T013354653539.json
 create mode 100644 smart_building_conformal/outputs/matched_forecasting005/bdg2_h1_f2_s45_v1/checkpoint_manifest.json
 create mode 100644 smart_building_conformal/outputs/matched_forecasting005/bdg2_h1_f2_s45_v1/execution_environment.json
 create mode 100644 smart_building_conformal/outputs/matched_forecasting005/bdg2_h1_f2_s45_v1/fit_calls.jsonl
 create mode 100644 smart_building_conformal/outputs/matched_forecasting005/bdg2_h1_f2_s45_v1/interval_quality.csv
 create mode 100644 smart_building_conformal/outputs/matched_forecasting005/bdg2_h1_f2_s45_v1/point_summary.csv
 create mode 100644 smart_building_conformal/outputs/matched_forecasting005/bdg2_h1_f2_s45_v1/run_summary.json
 create mode 100644 smart_building_conformal/outputs/matched_forecasting005/bdg2_h1_f2_s45_v1/units/bdg2_h1_f2_s45_attention_lstm/COMPLETE.json
 create mode 100644 smart_building_conformal/outputs/matched_forecasting005/bdg2_h1_f2_s45_v1/units/bdg2_h1_f2_s45_attention_lstm/calibration.csv.gz
 create mode 100644 smart_building_conformal/outputs/matched_forecasting005/bdg2_h1_f2_s45_v1/units/bdg2_h1_f2_s45_attention_lstm/fitting_membership.csv.gz
 create mode 100644 smart_building_conformal/outputs/matched_forecasting005/bdg2_h1_f2_s45_v1/units/bdg2_h1_f2_s45_attention_lstm/model.pt
 create mode 100644 smart_building_conformal/outputs/matched_forecasting005/bdg2_h1_f2_s45_v1/units/bdg2_h1_f2_s45_attention_lstm/payload.json
 create mode 100644 smart_building_conformal/outputs/matched_forecasting005/bdg2_h1_f2_s45_v1/units/bdg2_h1_f2_s45_attention_lstm/predictions.csv.gz
 create mode 100644 smart_building_conformal/outputs/matched_forecasting005/bdg2_h1_f2_s45_v1/units/bdg2_h1_f2_s45_attention_lstm/training_history.csv.gz
 create mode 100644 smart_building_conformal/outputs/matched_forecasting005/bdg2_h1_f2_s45_v1/units/bdg2_h1_f2_s45_attention_lstm/tuning.csv.gz
 create mode 100644 smart_building_conformal/outputs/matched_forecasting005/bdg2_h1_f2_s45_v1/units/bdg2_h1_f2_s45_attention_lstm/tuning_predictions.csv.gz
 create mode 100644 smart_building_conformal/outputs/matched_forecasting005/bdg2_h1_f2_s45_v1/units/bdg2_h1_f2_s45_persistence/COMPLETE.json
 create mode 100644 smart_building_conformal/outputs/matched_forecasting005/bdg2_h1_f2_s45_v1/units/bdg2_h1_f2_s45_persistence/calibration.csv.gz
 create mode 100644 smart_building_conformal/outputs/matched_forecasting005/bdg2_h1_f2_s45_v1/units/bdg2_h1_f2_s45_persistence/fitting_membership.csv.gz
 create mode 100644 smart_building_conformal/outputs/matched_forecasting005/bdg2_h1_f2_s45_v1/units/bdg2_h1_f2_s45_persistence/model.json
 create mode 100644 smart_building_conformal/outputs/matched_forecasting005/bdg2_h1_f2_s45_v1/units/bdg2_h1_f2_s45_persistence/payload.json
 create mode 100644 smart_building_conformal/outputs/matched_forecasting005/bdg2_h1_f2_s45_v1/units/bdg2_h1_f2_s45_persistence/predictions.csv.gz
 create mode 100644 smart_building_conformal/outputs/matched_forecasting005/bdg2_h1_f2_s45_v1/units/bdg2_h1_f2_s45_persistence/training_history.csv.gz
 create mode 100644 smart_building_conformal/outputs/matched_forecasting005/bdg2_h1_f2_s45_v1/units/bdg2_h1_f2_s45_persistence/tuning.csv.gz
 create mode 100644 smart_building_conformal/outputs/matched_forecasting005/bdg2_h1_f2_s45_v1/units/bdg2_h1_f2_s45_persistence/tuning_predictions.csv.gz
 create mode 100644 smart_building_conformal/outputs/matched_forecasting005/bdg2_h1_f2_s45_v1/units/bdg2_h1_f2_s45_xgboost/COMPLETE.json
 create mode 100644 smart_building_conformal/outputs/matched_forecasting005/bdg2_h1_f2_s45_v1/units/bdg2_h1_f2_s45_xgboost/booster_config.json
 create mode 100644 smart_building_conformal/outputs/matched_forecasting005/bdg2_h1_f2_s45_v1/units/bdg2_h1_f2_s45_xgboost/calibration.csv.gz
 create mode 100644 smart_building_conformal/outputs/matched_forecasting005/bdg2_h1_f2_s45_v1/units/bdg2_h1_f2_s45_xgboost/fitting_membership.csv.gz
 create mode 100644 smart_building_conformal/outputs/matched_forecasting005/bdg2_h1_f2_s45_v1/units/bdg2_h1_f2_s45_xgboost/model.ubj
 create mode 100644 smart_building_conformal/outputs/matched_forecasting005/bdg2_h1_f2_s45_v1/units/bdg2_h1_f2_s45_xgboost/payload.json
 create mode 100644 smart_building_conformal/outputs/matched_forecasting005/bdg2_h1_f2_s45_v1/units/bdg2_h1_f2_s45_xgboost/predictions.csv.gz
 create mode 100644 smart_building_conformal/outputs/matched_forecasting005/bdg2_h1_f2_s45_v1/units/bdg2_h1_f2_s45_xgboost/training_history.csv.gz
 create mode 100644 smart_building_conformal/outputs/matched_forecasting005/bdg2_h1_f2_s45_v1/units/bdg2_h1_f2_s45_xgboost/tuning.csv.gz
 create mode 100644 smart_building_conformal/outputs/matched_forecasting005/bdg2_h1_f2_s45_v1/units/bdg2_h1_f2_s45_xgboost/tuning_predictions.csv.gz
 create mode 100644 smart_building_conformal/outputs/matched_forecasting005/bdg2_h3_f2_s45_v1.process.json
 create mode 100644 smart_building_conformal/outputs/matched_forecasting005/bdg2_h3_f2_s45_v1/checkpoint_io_20260914T014125731241.json
 create mode 100644 smart_building_conformal/outputs/matched_forecasting005/bdg2_h3_f2_s45_v1/checkpoint_manifest.json
 create mode 100644 smart_building_conformal/outputs/matched_forecasting005/bdg2_h3_f2_s45_v1/execution_environment.json
 create mode 100644 smart_building_conformal/outputs/matched_forecasting005/bdg2_h3_f2_s45_v1/fit_calls.jsonl
 create mode 100644 smart_building_conformal/outputs/matched_forecasting005/bdg2_h3_f2_s45_v1/interval_quality.csv
 create mode 100644 smart_building_conformal/outputs/matched_forecasting005/bdg2_h3_f2_s45_v1/point_summary.csv
 create mode 100644 smart_building_conformal/outputs/matched_forecasting005/bdg2_h3_f2_s45_v1/run_summary.json
 create mode 100644 smart_building_conformal/outputs/matched_forecasting005/bdg2_h3_f2_s45_v1/units/bdg2_h3_f2_s45_attention_lstm/COMPLETE.json
 create mode 100644 smart_building_conformal/outputs/matched_forecasting005/bdg2_h3_f2_s45_v1/units/bdg2_h3_f2_s45_attention_lstm/calibration.csv.gz
 create mode 100644 smart_building_conformal/outputs/matched_forecasting005/bdg2_h3_f2_s45_v1/units/bdg2_h3_f2_s45_attention_lstm/fitting_membership.csv.gz
 create mode 100644 smart_building_conformal/outputs/matched_forecasting005/bdg2_h3_f2_s45_v1/units/bdg2_h3_f2_s45_attention_lstm/model.pt
 create mode 100644 smart_building_conformal/outputs/matched_forecasting005/bdg2_h3_f2_s45_v1/units/bdg2_h3_f2_s45_attention_lstm/payload.json
 create mode 100644 smart_building_conformal/outputs/matched_forecasting005/bdg2_h3_f2_s45_v1/units/bdg2_h3_f2_s45_attention_lstm/predictions.csv.gz
 create mode 100644 smart_building_conformal/outputs/matched_forecasting005/bdg2_h3_f2_s45_v1/units/bdg2_h3_f2_s45_attention_lstm/training_history.csv.gz
 create mode 100644 smart_building_conformal/outputs/matched_forecasting005/bdg2_h3_f2_s45_v1/units/bdg2_h3_f2_s45_attention_lstm/tuning.csv.gz
 create mode 100644 smart_building_conformal/outputs/matched_forecasting005/bdg2_h3_f2_s45_v1/units/bdg2_h3_f2_s45_attention_lstm/tuning_predictions.csv.gz
 create mode 100644 smart_building_conformal/outputs/matched_forecasting005/bdg2_h3_f2_s45_v1/units/bdg2_h3_f2_s45_persistence/COMPLETE.json
 create mode 100644 smart_building_conformal/outputs/matched_forecasting005/bdg2_h3_f2_s45_v1/units/bdg2_h3_f2_s45_persistence/calibration.csv.gz
 create mode 100644 smart_building_conformal/outputs/matched_forecasting005/bdg2_h3_f2_s45_v1/units/bdg2_h3_f2_s45_persistence/fitting_membership.csv.gz
 create mode 100644 smart_building_conformal/outputs/matched_forecasting005/bdg2_h3_f2_s45_v1/units/bdg2_h3_f2_s45_persistence/model.json
 create mode 100644 smart_building_conformal/outputs/matched_forecasting005/bdg2_h3_f2_s45_v1/units/bdg2_h3_f2_s45_persistence/payload.json
 create mode 100644 smart_building_conformal/outputs/matched_forecasting005/bdg2_h3_f2_s45_v1/units/bdg2_h3_f2_s45_persistence/predictions.csv.gz
 create mode 100644 smart_building_conformal/outputs/matched_forecasting005/bdg2_h3_f2_s45_v1/units/bdg2_h3_f2_s45_persistence/training_history.csv.gz
 create mode 100644 smart_building_conformal/outputs/matched_forecasting005/bdg2_h3_f2_s45_v1/units/bdg2_h3_f2_s45_persistence/tuning.csv.gz
 create mode 100644 smart_building_conformal/outputs/matched_forecasting005/bdg2_h3_f2_s45_v1/units/bdg2_h3_f2_s45_persistence/tuning_predictions.csv.gz
 create mode 100644 smart_building_conformal/outputs/matched_forecasting005/bdg2_h3_f2_s45_v1/units/bdg2_h3_f2_s45_xgboost/COMPLETE.json
 create mode 100644 smart_building_conformal/outputs/matched_forecasting005/bdg2_h3_f2_s45_v1/units/bdg2_h3_f2_s45_xgboost/booster_config.json
 create mode 100644 smart_building_conformal/outputs/matched_forecasting005/bdg2_h3_f2_s45_v1/units/bdg2_h3_f2_s45_xgboost/calibration.csv.gz
 create mode 100644 smart_building_conformal/outputs/matched_forecasting005/bdg2_h3_f2_s45_v1/units/bdg2_h3_f2_s45_xgboost/fitting_membership.csv.gz
 create mode 100644 smart_building_conformal/outputs/matched_forecasting005/bdg2_h3_f2_s45_v1/units/bdg2_h3_f2_s45_xgboost/model.ubj
 create mode 100644 smart_building_conformal/outputs/matched_forecasting005/bdg2_h3_f2_s45_v1/units/bdg2_h3_f2_s45_xgboost/payload.json
 create mode 100644 smart_building_conformal/outputs/matched_forecasting005/bdg2_h3_f2_s45_v1/units/bdg2_h3_f2_s45_xgboost/predictions.csv.gz
 create mode 100644 smart_building_conformal/outputs/matched_forecasting005/bdg2_h3_f2_s45_v1/units/bdg2_h3_f2_s45_xgboost/training_history.csv.gz
 create mode 100644 smart_building_conformal/outputs/matched_forecasting005/bdg2_h3_f2_s45_v1/units/bdg2_h3_f2_s45_xgboost/tuning.csv.gz
 create mode 100644 smart_building_conformal/outputs/matched_forecasting005/bdg2_h3_f2_s45_v1/units/bdg2_h3_f2_s45_xgboost/tuning_predictions.csv.gz
 create mode 100644 smart_building_conformal/outputs/matched_forecasting005/bdg2_h6_f2_s45_v1.process.json
 create mode 100644 smart_building_conformal/outputs/matched_forecasting005/bdg2_h6_f2_s45_v1/checkpoint_io_20260914T014854384596.json
 create mode 100644 smart_building_conformal/outputs/matched_forecasting005/bdg2_h6_f2_s45_v1/checkpoint_manifest.json
 create mode 100644 smart_building_conformal/outputs/matched_forecasting005/bdg2_h6_f2_s45_v1/execution_environment.json
 create mode 100644 smart_building_conformal/outputs/matched_forecasting005/bdg2_h6_f2_s45_v1/fit_calls.jsonl
 create mode 100644 smart_building_conformal/outputs/matched_forecasting005/bdg2_h6_f2_s45_v1/interval_quality.csv
 create mode 100644 smart_building_conformal/outputs/matched_forecasting005/bdg2_h6_f2_s45_v1/point_summary.csv
 create mode 100644 smart_building_conformal/outputs/matched_forecasting005/bdg2_h6_f2_s45_v1/run_summary.json
 create mode 100644 smart_building_conformal/outputs/matched_forecasting005/bdg2_h6_f2_s45_v1/units/bdg2_h6_f2_s45_attention_lstm/COMPLETE.json
 create mode 100644 smart_building_conformal/outputs/matched_forecasting005/bdg2_h6_f2_s45_v1/units/bdg2_h6_f2_s45_attention_lstm/calibration.csv.gz
 create mode 100644 smart_building_conformal/outputs/matched_forecasting005/bdg2_h6_f2_s45_v1/units/bdg2_h6_f2_s45_attention_lstm/fitting_membership.csv.gz
 create mode 100644 smart_building_conformal/outputs/matched_forecasting005/bdg2_h6_f2_s45_v1/units/bdg2_h6_f2_s45_attention_lstm/model.pt
 create mode 100644 smart_building_conformal/outputs/matched_forecasting005/bdg2_h6_f2_s45_v1/units/bdg2_h6_f2_s45_attention_lstm/payload.json
 create mode 100644 smart_building_conformal/outputs/matched_forecasting005/bdg2_h6_f2_s45_v1/units/bdg2_h6_f2_s45_attention_lstm/predictions.csv.gz
 create mode 100644 smart_building_conformal/outputs/matched_forecasting005/bdg2_h6_f2_s45_v1/units/bdg2_h6_f2_s45_attention_lstm/training_history.csv.gz
 create mode 100644 smart_building_conformal/outputs/matched_forecasting005/bdg2_h6_f2_s45_v1/units/bdg2_h6_f2_s45_attention_lstm/tuning.csv.gz
 create mode 100644 smart_building_conformal/outputs/matched_forecasting005/bdg2_h6_f2_s45_v1/units/bdg2_h6_f2_s45_attention_lstm/tuning_predictions.csv.gz
 create mode 100644 smart_building_conformal/outputs/matched_forecasting005/bdg2_h6_f2_s45_v1/units/bdg2_h6_f2_s45_persistence/COMPLETE.json
 create mode 100644 smart_building_conformal/outputs/matched_forecasting005/bdg2_h6_f2_s45_v1/units/bdg2_h6_f2_s45_persistence/calibration.csv.gz
 create mode 100644 smart_building_conformal/outputs/matched_forecasting005/bdg2_h6_f2_s45_v1/units/bdg2_h6_f2_s45_persistence/fitting_membership.csv.gz
 create mode 100644 smart_building_conformal/outputs/matched_forecasting005/bdg2_h6_f2_s45_v1/units/bdg2_h6_f2_s45_persistence/model.json
 create mode 100644 smart_building_conformal/outputs/matched_forecasting005/bdg2_h6_f2_s45_v1/units/bdg2_h6_f2_s45_persistence/payload.json
 create mode 100644 smart_building_conformal/outputs/matched_forecasting005/bdg2_h6_f2_s45_v1/units/bdg2_h6_f2_s45_persistence/predictions.csv.gz
 create mode 100644 smart_building_conformal/outputs/matched_forecasting005/bdg2_h6_f2_s45_v1/units/bdg2_h6_f2_s45_persistence/training_history.csv.gz
 create mode 100644 smart_building_conformal/outputs/matched_forecasting005/bdg2_h6_f2_s45_v1/units/bdg2_h6_f2_s45_persistence/tuning.csv.gz
 create mode 100644 smart_building_conformal/outputs/matched_forecasting005/bdg2_h6_f2_s45_v1/units/bdg2_h6_f2_s45_persistence/tuning_predictions.csv.gz
 create mode 100644 smart_building_conformal/outputs/matched_forecasting005/bdg2_h6_f2_s45_v1/units/bdg2_h6_f2_s45_xgboost/COMPLETE.json
 create mode 100644 smart_building_conformal/outputs/matched_forecasting005/bdg2_h6_f2_s45_v1/units/bdg2_h6_f2_s45_xgboost/booster_config.json
 create mode 100644 smart_building_conformal/outputs/matched_forecasting005/bdg2_h6_f2_s45_v1/units/bdg2_h6_f2_s45_xgboost/calibration.csv.gz
 create mode 100644 smart_building_conformal/outputs/matched_forecasting005/bdg2_h6_f2_s45_v1/units/bdg2_h6_f2_s45_xgboost/fitting_membership.csv.gz
 create mode 100644 smart_building_conformal/outputs/matched_forecasting005/bdg2_h6_f2_s45_v1/units/bdg2_h6_f2_s45_xgboost/model.ubj
 create mode 100644 smart_building_conformal/outputs/matched_forecasting005/bdg2_h6_f2_s45_v1/units/bdg2_h6_f2_s45_xgboost/payload.json
 create mode 100644 smart_building_conformal/outputs/matched_forecasting005/bdg2_h6_f2_s45_v1/units/bdg2_h6_f2_s45_xgboost/predictions.csv.gz
 create mode 100644 smart_building_conformal/outputs/matched_forecasting005/bdg2_h6_f2_s45_v1/units/bdg2_h6_f2_s45_xgboost/training_history.csv.gz
 create mode 100644 smart_building_conformal/outputs/matched_forecasting005/bdg2_h6_f2_s45_v1/units/bdg2_h6_f2_s45_xgboost/tuning.csv.gz
 create mode 100644 smart_building_conformal/outputs/matched_forecasting005/bdg2_h6_f2_s45_v1/units/bdg2_h6_f2_s45_xgboost/tuning_predictions.csv.gz
 create mode 100644 smart_building_conformal/outputs/matched_forecasting005/fold2_multiseed_batch_v1/attempts/2026-09-14T010430850941+0000_8fa0222c/attempt.json
 create mode 100644 smart_building_conformal/outputs/matched_forecasting005/fold2_multiseed_batch_v1/attempts/2026-09-14T010430850941+0000_8fa0222c/command.log
 create mode 100644 smart_building_conformal/outputs/matched_forecasting005/fold2_multiseed_batch_v1/attempts/2026-09-14T010430850941+0000_8fa0222c/command.log.json
 create mode 100644 smart_building_conformal/outputs/matched_forecasting005/fold2_multiseed_batch_v1/attempts/2026-09-14T010430850941+0000_8fa0222c/command.log.started.json
 create mode 100644 smart_building_conformal/outputs/matched_forecasting005/fold2_multiseed_batch_v1/attempts/2026-09-14T010430850941+0000_8fa0222c/logger.stdout.log
 create mode 100644 smart_building_conformal/outputs/matched_forecasting005/fold2_multiseed_batch_v1/attempts/2026-09-14T010615631379+0000_f6b33d85/attempt.json
 create mode 100644 smart_building_conformal/outputs/matched_forecasting005/fold2_multiseed_batch_v1/attempts/2026-09-14T010615631379+0000_f6b33d85/command.log
 create mode 100644 smart_building_conformal/outputs/matched_forecasting005/fold2_multiseed_batch_v1/attempts/2026-09-14T010615631379+0000_f6b33d85/command.log.json
 create mode 100644 smart_building_conformal/outputs/matched_forecasting005/fold2_multiseed_batch_v1/attempts/2026-09-14T010615631379+0000_f6b33d85/command.log.started.json
 create mode 100644 smart_building_conformal/outputs/matched_forecasting005/fold2_multiseed_batch_v1/attempts/2026-09-14T010615631379+0000_f6b33d85/logger.stdout.log
 create mode 100644 smart_building_conformal/outputs/matched_forecasting005/fold2_multiseed_batch_v1/attempts/2026-09-14T010809155331+0000_61311f07/attempt.json
 create mode 100644 smart_building_conformal/outputs/matched_forecasting005/fold2_multiseed_batch_v1/attempts/2026-09-14T010809155331+0000_61311f07/command.log
 create mode 100644 smart_building_conformal/outputs/matched_forecasting005/fold2_multiseed_batch_v1/attempts/2026-09-14T010809155331+0000_61311f07/command.log.json
 create mode 100644 smart_building_conformal/outputs/matched_forecasting005/fold2_multiseed_batch_v1/attempts/2026-09-14T010809155331+0000_61311f07/command.log.started.json
 create mode 100644 smart_building_conformal/outputs/matched_forecasting005/fold2_multiseed_batch_v1/attempts/2026-09-14T010809155331+0000_61311f07/logger.stdout.log
 create mode 100644 smart_building_conformal/outputs/matched_forecasting005/fold2_multiseed_batch_v1/attempts/2026-09-14T010821421516+0000_bb7703fc/attempt.json
 create mode 100644 smart_building_conformal/outputs/matched_forecasting005/fold2_multiseed_batch_v1/attempts/2026-09-14T010821421516+0000_bb7703fc/command.log
 create mode 100644 smart_building_conformal/outputs/matched_forecasting005/fold2_multiseed_batch_v1/attempts/2026-09-14T010821421516+0000_bb7703fc/command.log.json
 create mode 100644 smart_building_conformal/outputs/matched_forecasting005/fold2_multiseed_batch_v1/attempts/2026-09-14T010821421516+0000_bb7703fc/command.log.started.json
 create mode 100644 smart_building_conformal/outputs/matched_forecasting005/fold2_multiseed_batch_v1/attempts/2026-09-14T010821421516+0000_bb7703fc/logger.stdout.log
 create mode 100644 smart_building_conformal/outputs/matched_forecasting005/fold2_multiseed_batch_v1/attempts/2026-09-14T010831660844+0000_90ab32d6/attempt.json
 create mode 100644 smart_building_conformal/outputs/matched_forecasting005/fold2_multiseed_batch_v1/attempts/2026-09-14T010831660844+0000_90ab32d6/command.log
 create mode 100644 smart_building_conformal/outputs/matched_forecasting005/fold2_multiseed_batch_v1/attempts/2026-09-14T010831660844+0000_90ab32d6/command.log.json
 create mode 100644 smart_building_conformal/outputs/matched_forecasting005/fold2_multiseed_batch_v1/attempts/2026-09-14T010831660844+0000_90ab32d6/command.log.started.json
 create mode 100644 smart_building_conformal/outputs/matched_forecasting005/fold2_multiseed_batch_v1/attempts/2026-09-14T010831660844+0000_90ab32d6/groups/actual_seed_metadata.csv
 create mode 100644 smart_building_conformal/outputs/matched_forecasting005/fold2_multiseed_batch_v1/attempts/2026-09-14T010831660844+0000_90ab32d6/groups/comparison.csv
 create mode 100644 smart_building_conformal/outputs/matched_forecasting005/fold2_multiseed_batch_v1/attempts/2026-09-14T010831660844+0000_90ab32d6/groups/equal_group_diagnostics.csv
 create mode 100644 smart_building_conformal/outputs/matched_forecasting005/fold2_multiseed_batch_v1/attempts/2026-09-14T010831660844+0000_90ab32d6/groups/group_metrics.csv
 create mode 100644 smart_building_conformal/outputs/matched_forecasting005/fold2_multiseed_batch_v1/attempts/2026-09-14T010831660844+0000_90ab32d6/groups/model_costs.csv
 create mode 100644 smart_building_conformal/outputs/matched_forecasting005/fold2_multiseed_batch_v1/attempts/2026-09-14T010831660844+0000_90ab32d6/groups/rico_phase_metrics.csv
 create mode 100644 smart_building_conformal/outputs/matched_forecasting005/fold2_multiseed_batch_v1/attempts/2026-09-14T010831660844+0000_90ab32d6/groups/target_diagnostics.csv
 create mode 100644 smart_building_conformal/outputs/matched_forecasting005/fold2_multiseed_batch_v1/attempts/2026-09-14T010831660844+0000_90ab32d6/groups/validation.json
 create mode 100644 smart_building_conformal/outputs/matched_forecasting005/fold2_multiseed_batch_v1/attempts/2026-09-14T010831660844+0000_90ab32d6/logger.stdout.log
 create mode 100644 smart_building_conformal/outputs/matched_forecasting005/fold2_multiseed_batch_v1/attempts/2026-09-14T010838572749+0000_a56036e3/attempt.json
 create mode 100644 smart_building_conformal/outputs/matched_forecasting005/fold2_multiseed_batch_v1/attempts/2026-09-14T010838572749+0000_a56036e3/command.log
 create mode 100644 smart_building_conformal/outputs/matched_forecasting005/fold2_multiseed_batch_v1/attempts/2026-09-14T010838572749+0000_a56036e3/command.log.json
 create mode 100644 smart_building_conformal/outputs/matched_forecasting005/fold2_multiseed_batch_v1/attempts/2026-09-14T010838572749+0000_a56036e3/command.log.started.json
 create mode 100644 smart_building_conformal/outputs/matched_forecasting005/fold2_multiseed_batch_v1/attempts/2026-09-14T010838572749+0000_a56036e3/logger.stdout.log
 create mode 100644 smart_building_conformal/outputs/matched_forecasting005/fold2_multiseed_batch_v1/attempts/2026-09-14T011003686167+0000_e973ad15/attempt.json
 create mode 100644 smart_building_conformal/outputs/matched_forecasting005/fold2_multiseed_batch_v1/attempts/2026-09-14T011003686167+0000_e973ad15/command.log
 create mode 100644 smart_building_conformal/outputs/matched_forecasting005/fold2_multiseed_batch_v1/attempts/2026-09-14T011003686167+0000_e973ad15/command.log.json
 create mode 100644 smart_building_conformal/outputs/matched_forecasting005/fold2_multiseed_batch_v1/attempts/2026-09-14T011003686167+0000_e973ad15/command.log.started.json
 create mode 100644 smart_building_conformal/outputs/matched_forecasting005/fold2_multiseed_batch_v1/attempts/2026-09-14T011003686167+0000_e973ad15/logger.stdout.log
 create mode 100644 smart_building_conformal/outputs/matched_forecasting005/fold2_multiseed_batch_v1/attempts/2026-09-14T011015958565+0000_04fdf5e4/attempt.json
 create mode 100644 smart_building_conformal/outputs/matched_forecasting005/fold2_multiseed_batch_v1/attempts/2026-09-14T011015958565+0000_04fdf5e4/command.log
 create mode 100644 smart_building_conformal/outputs/matched_forecasting005/fold2_multiseed_batch_v1/attempts/2026-09-14T011015958565+0000_04fdf5e4/command.log.json
 create mode 100644 smart_building_conformal/outputs/matched_forecasting005/fold2_multiseed_batch_v1/attempts/2026-09-14T011015958565+0000_04fdf5e4/command.log.started.json
 create mode 100644 smart_building_conformal/outputs/matched_forecasting005/fold2_multiseed_batch_v1/attempts/2026-09-14T011015958565+0000_04fdf5e4/logger.stdout.log
 create mode 100644 smart_building_conformal/outputs/matched_forecasting005/fold2_multiseed_batch_v1/attempts/2026-09-14T011026204217+0000_43b627cb/attempt.json
 create mode 100644 smart_building_conformal/outputs/matched_forecasting005/fold2_multiseed_batch_v1/attempts/2026-09-14T011026204217+0000_43b627cb/command.log
 create mode 100644 smart_building_conformal/outputs/matched_forecasting005/fold2_multiseed_batch_v1/attempts/2026-09-14T011026204217+0000_43b627cb/command.log.json
 create mode 100644 smart_building_conformal/outputs/matched_forecasting005/fold2_multiseed_batch_v1/attempts/2026-09-14T011026204217+0000_43b627cb/command.log.started.json
 create mode 100644 smart_building_conformal/outputs/matched_forecasting005/fold2_multiseed_batch_v1/attempts/2026-09-14T011026204217+0000_43b627cb/groups/actual_seed_metadata.csv
 create mode 100644 smart_building_conformal/outputs/matched_forecasting005/fold2_multiseed_batch_v1/attempts/2026-09-14T011026204217+0000_43b627cb/groups/comparison.csv
 create mode 100644 smart_building_conformal/outputs/matched_forecasting005/fold2_multiseed_batch_v1/attempts/2026-09-14T011026204217+0000_43b627cb/groups/equal_group_diagnostics.csv
 create mode 100644 smart_building_conformal/outputs/matched_forecasting005/fold2_multiseed_batch_v1/attempts/2026-09-14T011026204217+0000_43b627cb/groups/group_metrics.csv
 create mode 100644 smart_building_conformal/outputs/matched_forecasting005/fold2_multiseed_batch_v1/attempts/2026-09-14T011026204217+0000_43b627cb/groups/model_costs.csv
 create mode 100644 smart_building_conformal/outputs/matched_forecasting005/fold2_multiseed_batch_v1/attempts/2026-09-14T011026204217+0000_43b627cb/groups/rico_phase_metrics.csv
 create mode 100644 smart_building_conformal/outputs/matched_forecasting005/fold2_multiseed_batch_v1/attempts/2026-09-14T011026204217+0000_43b627cb/groups/target_diagnostics.csv
 create mode 100644 smart_building_conformal/outputs/matched_forecasting005/fold2_multiseed_batch_v1/attempts/2026-09-14T011026204217+0000_43b627cb/groups/validation.json
 create mode 100644 smart_building_conformal/outputs/matched_forecasting005/fold2_multiseed_batch_v1/attempts/2026-09-14T011026204217+0000_43b627cb/logger.stdout.log
 create mode 100644 smart_building_conformal/outputs/matched_forecasting005/fold2_multiseed_batch_v1/attempts/2026-09-14T011033163937+0000_bd488f3a/attempt.json
 create mode 100644 smart_building_conformal/outputs/matched_forecasting005/fold2_multiseed_batch_v1/attempts/2026-09-14T011033163937+0000_bd488f3a/command.log
 create mode 100644 smart_building_conformal/outputs/matched_forecasting005/fold2_multiseed_batch_v1/attempts/2026-09-14T011033163937+0000_bd488f3a/command.log.json
 create mode 100644 smart_building_conformal/outputs/matched_forecasting005/fold2_multiseed_batch_v1/attempts/2026-09-14T011033163937+0000_bd488f3a/command.log.started.json
 create mode 100644 smart_building_conformal/outputs/matched_forecasting005/fold2_multiseed_batch_v1/attempts/2026-09-14T011033163937+0000_bd488f3a/logger.stdout.log
 create mode 100644 smart_building_conformal/outputs/matched_forecasting005/fold2_multiseed_batch_v1/attempts/2026-09-14T011206452851+0000_4b2eb033/attempt.json
 create mode 100644 smart_building_conformal/outputs/matched_forecasting005/fold2_multiseed_batch_v1/attempts/2026-09-14T011206452851+0000_4b2eb033/command.log
 create mode 100644 smart_building_conformal/outputs/matched_forecasting005/fold2_multiseed_batch_v1/attempts/2026-09-14T011206452851+0000_4b2eb033/command.log.json
 create mode 100644 smart_building_conformal/outputs/matched_forecasting005/fold2_multiseed_batch_v1/attempts/2026-09-14T011206452851+0000_4b2eb033/command.log.started.json
 create mode 100644 smart_building_conformal/outputs/matched_forecasting005/fold2_multiseed_batch_v1/attempts/2026-09-14T011206452851+0000_4b2eb033/logger.stdout.log
 create mode 100644 smart_building_conformal/outputs/matched_forecasting005/fold2_multiseed_batch_v1/attempts/2026-09-14T011218720423+0000_79114f8b/attempt.json
 create mode 100644 smart_building_conformal/outputs/matched_forecasting005/fold2_multiseed_batch_v1/attempts/2026-09-14T011218720423+0000_79114f8b/command.log
 create mode 100644 smart_building_conformal/outputs/matched_forecasting005/fold2_multiseed_batch_v1/attempts/2026-09-14T011218720423+0000_79114f8b/command.log.json
 create mode 100644 smart_building_conformal/outputs/matched_forecasting005/fold2_multiseed_batch_v1/attempts/2026-09-14T011218720423+0000_79114f8b/command.log.started.json
 create mode 100644 smart_building_conformal/outputs/matched_forecasting005/fold2_multiseed_batch_v1/attempts/2026-09-14T011218720423+0000_79114f8b/logger.stdout.log
 create mode 100644 smart_building_conformal/outputs/matched_forecasting005/fold2_multiseed_batch_v1/attempts/2026-09-14T011228959992+0000_e2c6be46/attempt.json
 create mode 100644 smart_building_conformal/outputs/matched_forecasting005/fold2_multiseed_batch_v1/attempts/2026-09-14T011228959992+0000_e2c6be46/command.log
 create mode 100644 smart_building_conformal/outputs/matched_forecasting005/fold2_multiseed_batch_v1/attempts/2026-09-14T011228959992+0000_e2c6be46/command.log.json
 create mode 100644 smart_building_conformal/outputs/matched_forecasting005/fold2_multiseed_batch_v1/attempts/2026-09-14T011228959992+0000_e2c6be46/command.log.started.json
 create mode 100644 smart_building_conformal/outputs/matched_forecasting005/fold2_multiseed_batch_v1/attempts/2026-09-14T011228959992+0000_e2c6be46/groups/actual_seed_metadata.csv
 create mode 100644 smart_building_conformal/outputs/matched_forecasting005/fold2_multiseed_batch_v1/attempts/2026-09-14T011228959992+0000_e2c6be46/groups/comparison.csv
 create mode 100644 smart_building_conformal/outputs/matched_forecasting005/fold2_multiseed_batch_v1/attempts/2026-09-14T011228959992+0000_e2c6be46/groups/equal_group_diagnostics.csv
 create mode 100644 smart_building_conformal/outputs/matched_forecasting005/fold2_multiseed_batch_v1/attempts/2026-09-14T011228959992+0000_e2c6be46/groups/group_metrics.csv
 create mode 100644 smart_building_conformal/outputs/matched_forecasting005/fold2_multiseed_batch_v1/attempts/2026-09-14T011228959992+0000_e2c6be46/groups/model_costs.csv
 create mode 100644 smart_building_conformal/outputs/matched_forecasting005/fold2_multiseed_batch_v1/attempts/2026-09-14T011228959992+0000_e2c6be46/groups/rico_phase_metrics.csv
 create mode 100644 smart_building_conformal/outputs/matched_forecasting005/fold2_multiseed_batch_v1/attempts/2026-09-14T011228959992+0000_e2c6be46/groups/target_diagnostics.csv
 create mode 100644 smart_building_conformal/outputs/matched_forecasting005/fold2_multiseed_batch_v1/attempts/2026-09-14T011228959992+0000_e2c6be46/groups/validation.json
 create mode 100644 smart_building_conformal/outputs/matched_forecasting005/fold2_multiseed_batch_v1/attempts/2026-09-14T011228959992+0000_e2c6be46/logger.stdout.log
 create mode 100644 smart_building_conformal/outputs/matched_forecasting005/fold2_multiseed_batch_v1/attempts/2026-09-14T011235858818+0000_87138f56/attempt.json
 create mode 100644 smart_building_conformal/outputs/matched_forecasting005/fold2_multiseed_batch_v1/attempts/2026-09-14T011235858818+0000_87138f56/command.log
 create mode 100644 smart_building_conformal/outputs/matched_forecasting005/fold2_multiseed_batch_v1/attempts/2026-09-14T011235858818+0000_87138f56/command.log.json
 create mode 100644 smart_building_conformal/outputs/matched_forecasting005/fold2_multiseed_batch_v1/attempts/2026-09-14T011235858818+0000_87138f56/command.log.started.json
 create mode 100644 smart_building_conformal/outputs/matched_forecasting005/fold2_multiseed_batch_v1/attempts/2026-09-14T011235858818+0000_87138f56/logger.stdout.log
 create mode 100644 smart_building_conformal/outputs/matched_forecasting005/fold2_multiseed_batch_v1/attempts/2026-09-14T011441569973+0000_eb5375f1/attempt.json
 create mode 100644 smart_building_conformal/outputs/matched_forecasting005/fold2_multiseed_batch_v1/attempts/2026-09-14T011441569973+0000_eb5375f1/command.log
 create mode 100644 smart_building_conformal/outputs/matched_forecasting005/fold2_multiseed_batch_v1/attempts/2026-09-14T011441569973+0000_eb5375f1/command.log.json
 create mode 100644 smart_building_conformal/outputs/matched_forecasting005/fold2_multiseed_batch_v1/attempts/2026-09-14T011441569973+0000_eb5375f1/command.log.started.json
 create mode 100644 smart_building_conformal/outputs/matched_forecasting005/fold2_multiseed_batch_v1/attempts/2026-09-14T011441569973+0000_eb5375f1/logger.stdout.log
 create mode 100644 smart_building_conformal/outputs/matched_forecasting005/fold2_multiseed_batch_v1/attempts/2026-09-14T011508055537+0000_e31684af/attempt.json
 create mode 100644 smart_building_conformal/outputs/matched_forecasting005/fold2_multiseed_batch_v1/attempts/2026-09-14T011508055537+0000_e31684af/command.log
 create mode 100644 smart_building_conformal/outputs/matched_forecasting005/fold2_multiseed_batch_v1/attempts/2026-09-14T011508055537+0000_e31684af/command.log.json
 create mode 100644 smart_building_conformal/outputs/matched_forecasting005/fold2_multiseed_batch_v1/attempts/2026-09-14T011508055537+0000_e31684af/command.log.started.json
 create mode 100644 smart_building_conformal/outputs/matched_forecasting005/fold2_multiseed_batch_v1/attempts/2026-09-14T011508055537+0000_e31684af/logger.stdout.log
 create mode 100644 smart_building_conformal/outputs/matched_forecasting005/fold2_multiseed_batch_v1/attempts/2026-09-14T011532484471+0000_c819e60a/attempt.json
 create mode 100644 smart_building_conformal/outputs/matched_forecasting005/fold2_multiseed_batch_v1/attempts/2026-09-14T011532484471+0000_c819e60a/command.log
 create mode 100644 smart_building_conformal/outputs/matched_forecasting005/fold2_multiseed_batch_v1/attempts/2026-09-14T011532484471+0000_c819e60a/command.log.json
 create mode 100644 smart_building_conformal/outputs/matched_forecasting005/fold2_multiseed_batch_v1/attempts/2026-09-14T011532484471+0000_c819e60a/command.log.started.json
 create mode 100644 smart_building_conformal/outputs/matched_forecasting005/fold2_multiseed_batch_v1/attempts/2026-09-14T011532484471+0000_c819e60a/groups/actual_seed_metadata.csv
 create mode 100644 smart_building_conformal/outputs/matched_forecasting005/fold2_multiseed_batch_v1/attempts/2026-09-14T011532484471+0000_c819e60a/groups/comparison.csv
 create mode 100644 smart_building_conformal/outputs/matched_forecasting005/fold2_multiseed_batch_v1/attempts/2026-09-14T011532484471+0000_c819e60a/groups/equal_group_diagnostics.csv
 create mode 100644 smart_building_conformal/outputs/matched_forecasting005/fold2_multiseed_batch_v1/attempts/2026-09-14T011532484471+0000_c819e60a/groups/group_metrics.csv
 create mode 100644 smart_building_conformal/outputs/matched_forecasting005/fold2_multiseed_batch_v1/attempts/2026-09-14T011532484471+0000_c819e60a/groups/model_costs.csv
 create mode 100644 smart_building_conformal/outputs/matched_forecasting005/fold2_multiseed_batch_v1/attempts/2026-09-14T011532484471+0000_c819e60a/groups/rico_phase_metrics.csv
 create mode 100644 smart_building_conformal/outputs/matched_forecasting005/fold2_multiseed_batch_v1/attempts/2026-09-14T011532484471+0000_c819e60a/groups/target_diagnostics.csv
 create mode 100644 smart_building_conformal/outputs/matched_forecasting005/fold2_multiseed_batch_v1/attempts/2026-09-14T011532484471+0000_c819e60a/groups/validation.json
 create mode 100644 smart_building_conformal/outputs/matched_forecasting005/fold2_multiseed_batch_v1/attempts/2026-09-14T011532484471+0000_c819e60a/logger.stdout.log
 create mode 100644 smart_building_conformal/outputs/matched_forecasting005/fold2_multiseed_batch_v1/attempts/2026-09-14T011539484198+0000_a6fafa28/attempt.json
 create mode 100644 smart_building_conformal/outputs/matched_forecasting005/fold2_multiseed_batch_v1/attempts/2026-09-14T011539484198+0000_a6fafa28/command.log
 create mode 100644 smart_building_conformal/outputs/matched_forecasting005/fold2_multiseed_batch_v1/attempts/2026-09-14T011539484198+0000_a6fafa28/command.log.json
 create mode 100644 smart_building_conformal/outputs/matched_forecasting005/fold2_multiseed_batch_v1/attempts/2026-09-14T011539484198+0000_a6fafa28/command.log.started.json
 create mode 100644 smart_building_conformal/outputs/matched_forecasting005/fold2_multiseed_batch_v1/attempts/2026-09-14T011539484198+0000_a6fafa28/logger.stdout.log
 create mode 100644 smart_building_conformal/outputs/matched_forecasting005/fold2_multiseed_batch_v1/attempts/2026-09-14T011712755590+0000_8557a21a/attempt.json
 create mode 100644 smart_building_conformal/outputs/matched_forecasting005/fold2_multiseed_batch_v1/attempts/2026-09-14T011712755590+0000_8557a21a/command.log
 create mode 100644 smart_building_conformal/outputs/matched_forecasting005/fold2_multiseed_batch_v1/attempts/2026-09-14T011712755590+0000_8557a21a/command.log.json
 create mode 100644 smart_building_conformal/outputs/matched_forecasting005/fold2_multiseed_batch_v1/attempts/2026-09-14T011712755590+0000_8557a21a/command.log.started.json
 create mode 100644 smart_building_conformal/outputs/matched_forecasting005/fold2_multiseed_batch_v1/attempts/2026-09-14T011712755590+0000_8557a21a/logger.stdout.log
 create mode 100644 smart_building_conformal/outputs/matched_forecasting005/fold2_multiseed_batch_v1/attempts/2026-09-14T011739190947+0000_801651d0/attempt.json
 create mode 100644 smart_building_conformal/outputs/matched_forecasting005/fold2_multiseed_batch_v1/attempts/2026-09-14T011739190947+0000_801651d0/command.log
 create mode 100644 smart_building_conformal/outputs/matched_forecasting005/fold2_multiseed_batch_v1/attempts/2026-09-14T011739190947+0000_801651d0/command.log.json
 create mode 100644 smart_building_conformal/outputs/matched_forecasting005/fold2_multiseed_batch_v1/attempts/2026-09-14T011739190947+0000_801651d0/command.log.started.json
 create mode 100644 smart_building_conformal/outputs/matched_forecasting005/fold2_multiseed_batch_v1/attempts/2026-09-14T011739190947+0000_801651d0/logger.stdout.log
 create mode 100644 smart_building_conformal/outputs/matched_forecasting005/fold2_multiseed_batch_v1/attempts/2026-09-14T011801590406+0000_7249d58c/attempt.json
 create mode 100644 smart_building_conformal/outputs/matched_forecasting005/fold2_multiseed_batch_v1/attempts/2026-09-14T011801590406+0000_7249d58c/command.log
 create mode 100644 smart_building_conformal/outputs/matched_forecasting005/fold2_multiseed_batch_v1/attempts/2026-09-14T011801590406+0000_7249d58c/command.log.json
 create mode 100644 smart_building_conformal/outputs/matched_forecasting005/fold2_multiseed_batch_v1/attempts/2026-09-14T011801590406+0000_7249d58c/command.log.started.json
 create mode 100644 smart_building_conformal/outputs/matched_forecasting005/fold2_multiseed_batch_v1/attempts/2026-09-14T011801590406+0000_7249d58c/groups/actual_seed_metadata.csv
 create mode 100644 smart_building_conformal/outputs/matched_forecasting005/fold2_multiseed_batch_v1/attempts/2026-09-14T011801590406+0000_7249d58c/groups/comparison.csv
 create mode 100644 smart_building_conformal/outputs/matched_forecasting005/fold2_multiseed_batch_v1/attempts/2026-09-14T011801590406+0000_7249d58c/groups/equal_group_diagnostics.csv
 create mode 100644 smart_building_conformal/outputs/matched_forecasting005/fold2_multiseed_batch_v1/attempts/2026-09-14T011801590406+0000_7249d58c/groups/group_metrics.csv
 create mode 100644 smart_building_conformal/outputs/matched_forecasting005/fold2_multiseed_batch_v1/attempts/2026-09-14T011801590406+0000_7249d58c/groups/model_costs.csv
 create mode 100644 smart_building_conformal/outputs/matched_forecasting005/fold2_multiseed_batch_v1/attempts/2026-09-14T011801590406+0000_7249d58c/groups/rico_phase_metrics.csv
 create mode 100644 smart_building_conformal/outputs/matched_forecasting005/fold2_multiseed_batch_v1/attempts/2026-09-14T011801590406+0000_7249d58c/groups/target_diagnostics.csv
 create mode 100644 smart_building_conformal/outputs/matched_forecasting005/fold2_multiseed_batch_v1/attempts/2026-09-14T011801590406+0000_7249d58c/groups/validation.json
 create mode 100644 smart_building_conformal/outputs/matched_forecasting005/fold2_multiseed_batch_v1/attempts/2026-09-14T011801590406+0000_7249d58c/logger.stdout.log
 create mode 100644 smart_building_conformal/outputs/matched_forecasting005/fold2_multiseed_batch_v1/attempts/2026-09-14T011808559795+0000_5fe63153/attempt.json
 create mode 100644 smart_building_conformal/outputs/matched_forecasting005/fold2_multiseed_batch_v1/attempts/2026-09-14T011808559795+0000_5fe63153/command.log
 create mode 100644 smart_building_conformal/outputs/matched_forecasting005/fold2_multiseed_batch_v1/attempts/2026-09-14T011808559795+0000_5fe63153/command.log.json
 create mode 100644 smart_building_conformal/outputs/matched_forecasting005/fold2_multiseed_batch_v1/attempts/2026-09-14T011808559795+0000_5fe63153/command.log.started.json
 create mode 100644 smart_building_conformal/outputs/matched_forecasting005/fold2_multiseed_batch_v1/attempts/2026-09-14T011808559795+0000_5fe63153/logger.stdout.log
 create mode 100644 smart_building_conformal/outputs/matched_forecasting005/fold2_multiseed_batch_v1/attempts/2026-09-14T011931740007+0000_24f534da/attempt.json
 create mode 100644 smart_building_conformal/outputs/matched_forecasting005/fold2_multiseed_batch_v1/attempts/2026-09-14T011931740007+0000_24f534da/command.log
 create mode 100644 smart_building_conformal/outputs/matched_forecasting005/fold2_multiseed_batch_v1/attempts/2026-09-14T011931740007+0000_24f534da/command.log.json
 create mode 100644 smart_building_conformal/outputs/matched_forecasting005/fold2_multiseed_batch_v1/attempts/2026-09-14T011931740007+0000_24f534da/command.log.started.json
 create mode 100644 smart_building_conformal/outputs/matched_forecasting005/fold2_multiseed_batch_v1/attempts/2026-09-14T011931740007+0000_24f534da/logger.stdout.log
 create mode 100644 smart_building_conformal/outputs/matched_forecasting005/fold2_multiseed_batch_v1/attempts/2026-09-14T011958193854+0000_b1795482/attempt.json
 create mode 100644 smart_building_conformal/outputs/matched_forecasting005/fold2_multiseed_batch_v1/attempts/2026-09-14T011958193854+0000_b1795482/command.log
 create mode 100644 smart_building_conformal/outputs/matched_forecasting005/fold2_multiseed_batch_v1/attempts/2026-09-14T011958193854+0000_b1795482/command.log.json
 create mode 100644 smart_building_conformal/outputs/matched_forecasting005/fold2_multiseed_batch_v1/attempts/2026-09-14T011958193854+0000_b1795482/command.log.started.json
 create mode 100644 smart_building_conformal/outputs/matched_forecasting005/fold2_multiseed_batch_v1/attempts/2026-09-14T011958193854+0000_b1795482/logger.stdout.log
 create mode 100644 smart_building_conformal/outputs/matched_forecasting005/fold2_multiseed_batch_v1/attempts/2026-09-14T012020575001+0000_fe721c3b/attempt.json
 create mode 100644 smart_building_conformal/outputs/matched_forecasting005/fold2_multiseed_batch_v1/attempts/2026-09-14T012020575001+0000_fe721c3b/command.log
 create mode 100644 smart_building_conformal/outputs/matched_forecasting005/fold2_multiseed_batch_v1/attempts/2026-09-14T012020575001+0000_fe721c3b/command.log.json
 create mode 100644 smart_building_conformal/outputs/matched_forecasting005/fold2_multiseed_batch_v1/attempts/2026-09-14T012020575001+0000_fe721c3b/command.log.started.json
 create mode 100644 smart_building_conformal/outputs/matched_forecasting005/fold2_multiseed_batch_v1/attempts/2026-09-14T012020575001+0000_fe721c3b/groups/actual_seed_metadata.csv
 create mode 100644 smart_building_conformal/outputs/matched_forecasting005/fold2_multiseed_batch_v1/attempts/2026-09-14T012020575001+0000_fe721c3b/groups/comparison.csv
 create mode 100644 smart_building_conformal/outputs/matched_forecasting005/fold2_multiseed_batch_v1/attempts/2026-09-14T012020575001+0000_fe721c3b/groups/equal_group_diagnostics.csv
 create mode 100644 smart_building_conformal/outputs/matched_forecasting005/fold2_multiseed_batch_v1/attempts/2026-09-14T012020575001+0000_fe721c3b/groups/group_metrics.csv
 create mode 100644 smart_building_conformal/outputs/matched_forecasting005/fold2_multiseed_batch_v1/attempts/2026-09-14T012020575001+0000_fe721c3b/groups/model_costs.csv
 create mode 100644 smart_building_conformal/outputs/matched_forecasting005/fold2_multiseed_batch_v1/attempts/2026-09-14T012020575001+0000_fe721c3b/groups/rico_phase_metrics.csv
 create mode 100644 smart_building_conformal/outputs/matched_forecasting005/fold2_multiseed_batch_v1/attempts/2026-09-14T012020575001+0000_fe721c3b/groups/target_diagnostics.csv
 create mode 100644 smart_building_conformal/outputs/matched_forecasting005/fold2_multiseed_batch_v1/attempts/2026-09-14T012020575001+0000_fe721c3b/groups/validation.json
 create mode 100644 smart_building_conformal/outputs/matched_forecasting005/fold2_multiseed_batch_v1/attempts/2026-09-14T012020575001+0000_fe721c3b/logger.stdout.log
 create mode 100644 smart_building_conformal/outputs/matched_forecasting005/fold2_multiseed_batch_v1/attempts/2026-09-14T012027527548+0000_dfe5174b/attempt.json
 create mode 100644 smart_building_conformal/outputs/matched_forecasting005/fold2_multiseed_batch_v1/attempts/2026-09-14T012027527548+0000_dfe5174b/command.log
 create mode 100644 smart_building_conformal/outputs/matched_forecasting005/fold2_multiseed_batch_v1/attempts/2026-09-14T012027527548+0000_dfe5174b/command.log.json
 create mode 100644 smart_building_conformal/outputs/matched_forecasting005/fold2_multiseed_batch_v1/attempts/2026-09-14T012027527548+0000_dfe5174b/command.log.started.json
 create mode 100644 smart_building_conformal/outputs/matched_forecasting005/fold2_multiseed_batch_v1/attempts/2026-09-14T012027527548+0000_dfe5174b/logger.stdout.log
 create mode 100644 smart_building_conformal/outputs/matched_forecasting005/fold2_multiseed_batch_v1/attempts/2026-09-14T012146646684+0000_86ec16e8/attempt.json
 create mode 100644 smart_building_conformal/outputs/matched_forecasting005/fold2_multiseed_batch_v1/attempts/2026-09-14T012146646684+0000_86ec16e8/command.log
 create mode 100644 smart_building_conformal/outputs/matched_forecasting005/fold2_multiseed_batch_v1/attempts/2026-09-14T012146646684+0000_86ec16e8/command.log.json
 create mode 100644 smart_building_conformal/outputs/matched_forecasting005/fold2_multiseed_batch_v1/attempts/2026-09-14T012146646684+0000_86ec16e8/command.log.started.json
 create mode 100644 smart_building_conformal/outputs/matched_forecasting005/fold2_multiseed_batch_v1/attempts/2026-09-14T012146646684+0000_86ec16e8/logger.stdout.log
 create mode 100644 smart_building_conformal/outputs/matched_forecasting005/fold2_multiseed_batch_v1/attempts/2026-09-14T012213125024+0000_5a768751/attempt.json
 create mode 100644 smart_building_conformal/outputs/matched_forecasting005/fold2_multiseed_batch_v1/attempts/2026-09-14T012213125024+0000_5a768751/command.log
 create mode 100644 smart_building_conformal/outputs/matched_forecasting005/fold2_multiseed_batch_v1/attempts/2026-09-14T012213125024+0000_5a768751/command.log.json
 create mode 100644 smart_building_conformal/outputs/matched_forecasting005/fold2_multiseed_batch_v1/attempts/2026-09-14T012213125024+0000_5a768751/command.log.started.json
 create mode 100644 smart_building_conformal/outputs/matched_forecasting005/fold2_multiseed_batch_v1/attempts/2026-09-14T012213125024+0000_5a768751/logger.stdout.log
 create mode 100644 smart_building_conformal/outputs/matched_forecasting005/fold2_multiseed_batch_v1/attempts/2026-09-14T012235542290+0000_7e2feca0/attempt.json
 create mode 100644 smart_building_conformal/outputs/matched_forecasting005/fold2_multiseed_batch_v1/attempts/2026-09-14T012235542290+0000_7e2feca0/command.log
 create mode 100644 smart_building_conformal/outputs/matched_forecasting005/fold2_multiseed_batch_v1/attempts/2026-09-14T012235542290+0000_7e2feca0/command.log.json
 create mode 100644 smart_building_conformal/outputs/matched_forecasting005/fold2_multiseed_batch_v1/attempts/2026-09-14T012235542290+0000_7e2feca0/command.log.started.json
 create mode 100644 smart_building_conformal/outputs/matched_forecasting005/fold2_multiseed_batch_v1/attempts/2026-09-14T012235542290+0000_7e2feca0/groups/actual_seed_metadata.csv
 create mode 100644 smart_building_conformal/outputs/matched_forecasting005/fold2_multiseed_batch_v1/attempts/2026-09-14T012235542290+0000_7e2feca0/groups/comparison.csv
 create mode 100644 smart_building_conformal/outputs/matched_forecasting005/fold2_multiseed_batch_v1/attempts/2026-09-14T012235542290+0000_7e2feca0/groups/equal_group_diagnostics.csv
 create mode 100644 smart_building_conformal/outputs/matched_forecasting005/fold2_multiseed_batch_v1/attempts/2026-09-14T012235542290+0000_7e2feca0/groups/group_metrics.csv
 create mode 100644 smart_building_conformal/outputs/matched_forecasting005/fold2_multiseed_batch_v1/attempts/2026-09-14T012235542290+0000_7e2feca0/groups/model_costs.csv
 create mode 100644 smart_building_conformal/outputs/matched_forecasting005/fold2_multiseed_batch_v1/attempts/2026-09-14T012235542290+0000_7e2feca0/groups/rico_phase_metrics.csv
 create mode 100644 smart_building_conformal/outputs/matched_forecasting005/fold2_multiseed_batch_v1/attempts/2026-09-14T012235542290+0000_7e2feca0/groups/target_diagnostics.csv
 create mode 100644 smart_building_conformal/outputs/matched_forecasting005/fold2_multiseed_batch_v1/attempts/2026-09-14T012235542290+0000_7e2feca0/groups/validation.json
 create mode 100644 smart_building_conformal/outputs/matched_forecasting005/fold2_multiseed_batch_v1/attempts/2026-09-14T012235542290+0000_7e2feca0/logger.stdout.log
 create mode 100644 smart_building_conformal/outputs/matched_forecasting005/fold2_multiseed_batch_v1/attempts/2026-09-14T012242547555+0000_952eb50e/attempt.json
 create mode 100644 smart_building_conformal/outputs/matched_forecasting005/fold2_multiseed_batch_v1/attempts/2026-09-14T012242547555+0000_952eb50e/command.log
 create mode 100644 smart_building_conformal/outputs/matched_forecasting005/fold2_multiseed_batch_v1/attempts/2026-09-14T012242547555+0000_952eb50e/command.log.json
 create mode 100644 smart_building_conformal/outputs/matched_forecasting005/fold2_multiseed_batch_v1/attempts/2026-09-14T012242547555+0000_952eb50e/command.log.started.json
 create mode 100644 smart_building_conformal/outputs/matched_forecasting005/fold2_multiseed_batch_v1/attempts/2026-09-14T012242547555+0000_952eb50e/logger.stdout.log
 create mode 100644 smart_building_conformal/outputs/matched_forecasting005/fold2_multiseed_batch_v1/attempts/2026-09-14T013355611479+0000_9aa47117/attempt.json
 create mode 100644 smart_building_conformal/outputs/matched_forecasting005/fold2_multiseed_batch_v1/attempts/2026-09-14T013355611479+0000_9aa47117/command.log
 create mode 100644 smart_building_conformal/outputs/matched_forecasting005/fold2_multiseed_batch_v1/attempts/2026-09-14T013355611479+0000_9aa47117/command.log.json
 create mode 100644 smart_building_conformal/outputs/matched_forecasting005/fold2_multiseed_batch_v1/attempts/2026-09-14T013355611479+0000_9aa47117/command.log.started.json
 create mode 100644 smart_building_conformal/outputs/matched_forecasting005/fold2_multiseed_batch_v1/attempts/2026-09-14T013355611479+0000_9aa47117/logger.stdout.log
 create mode 100644 smart_building_conformal/outputs/matched_forecasting005/fold2_multiseed_batch_v1/attempts/2026-09-14T013424127092+0000_f6d17498/attempt.json
 create mode 100644 smart_building_conformal/outputs/matched_forecasting005/fold2_multiseed_batch_v1/attempts/2026-09-14T013424127092+0000_f6d17498/command.log
 create mode 100644 smart_building_conformal/outputs/matched_forecasting005/fold2_multiseed_batch_v1/attempts/2026-09-14T013424127092+0000_f6d17498/command.log.json
 create mode 100644 smart_building_conformal/outputs/matched_forecasting005/fold2_multiseed_batch_v1/attempts/2026-09-14T013424127092+0000_f6d17498/command.log.started.json
 create mode 100644 smart_building_conformal/outputs/matched_forecasting005/fold2_multiseed_batch_v1/attempts/2026-09-14T013424127092+0000_f6d17498/logger.stdout.log
 create mode 100644 smart_building_conformal/outputs/matched_forecasting005/fold2_multiseed_batch_v1/attempts/2026-09-14T013446537991+0000_32fdfc5b/attempt.json
 create mode 100644 smart_building_conformal/outputs/matched_forecasting005/fold2_multiseed_batch_v1/attempts/2026-09-14T013446537991+0000_32fdfc5b/command.log
 create mode 100644 smart_building_conformal/outputs/matched_forecasting005/fold2_multiseed_batch_v1/attempts/2026-09-14T013446537991+0000_32fdfc5b/command.log.json
 create mode 100644 smart_building_conformal/outputs/matched_forecasting005/fold2_multiseed_batch_v1/attempts/2026-09-14T013446537991+0000_32fdfc5b/command.log.started.json
 create mode 100644 smart_building_conformal/outputs/matched_forecasting005/fold2_multiseed_batch_v1/attempts/2026-09-14T013446537991+0000_32fdfc5b/groups/actual_seed_metadata.csv
 create mode 100644 smart_building_conformal/outputs/matched_forecasting005/fold2_multiseed_batch_v1/attempts/2026-09-14T013446537991+0000_32fdfc5b/groups/comparison.csv
 create mode 100644 smart_building_conformal/outputs/matched_forecasting005/fold2_multiseed_batch_v1/attempts/2026-09-14T013446537991+0000_32fdfc5b/groups/equal_group_diagnostics.csv
 create mode 100644 smart_building_conformal/outputs/matched_forecasting005/fold2_multiseed_batch_v1/attempts/2026-09-14T013446537991+0000_32fdfc5b/groups/group_metrics.csv
 create mode 100644 smart_building_conformal/outputs/matched_forecasting005/fold2_multiseed_batch_v1/attempts/2026-09-14T013446537991+0000_32fdfc5b/groups/model_costs.csv
 create mode 100644 smart_building_conformal/outputs/matched_forecasting005/fold2_multiseed_batch_v1/attempts/2026-09-14T013446537991+0000_32fdfc5b/groups/rico_phase_metrics.csv
 create mode 100644 smart_building_conformal/outputs/matched_forecasting005/fold2_multiseed_batch_v1/attempts/2026-09-14T013446537991+0000_32fdfc5b/groups/target_diagnostics.csv
 create mode 100644 smart_building_conformal/outputs/matched_forecasting005/fold2_multiseed_batch_v1/attempts/2026-09-14T013446537991+0000_32fdfc5b/groups/validation.json
 create mode 100644 smart_building_conformal/outputs/matched_forecasting005/fold2_multiseed_batch_v1/attempts/2026-09-14T013446537991+0000_32fdfc5b/logger.stdout.log
 create mode 100644 smart_building_conformal/outputs/matched_forecasting005/fold2_multiseed_batch_v1/attempts/2026-09-14T013455569935+0000_de8c0671/attempt.json
 create mode 100644 smart_building_conformal/outputs/matched_forecasting005/fold2_multiseed_batch_v1/attempts/2026-09-14T013455569935+0000_de8c0671/command.log
 create mode 100644 smart_building_conformal/outputs/matched_forecasting005/fold2_multiseed_batch_v1/attempts/2026-09-14T013455569935+0000_de8c0671/command.log.json
 create mode 100644 smart_building_conformal/outputs/matched_forecasting005/fold2_multiseed_batch_v1/attempts/2026-09-14T013455569935+0000_de8c0671/command.log.started.json
 create mode 100644 smart_building_conformal/outputs/matched_forecasting005/fold2_multiseed_batch_v1/attempts/2026-09-14T013455569935+0000_de8c0671/logger.stdout.log
 create mode 100644 smart_building_conformal/outputs/matched_forecasting005/fold2_multiseed_batch_v1/attempts/2026-09-14T014126771910+0000_ea2f7b8b/attempt.json
 create mode 100644 smart_building_conformal/outputs/matched_forecasting005/fold2_multiseed_batch_v1/attempts/2026-09-14T014126771910+0000_ea2f7b8b/command.log
 create mode 100644 smart_building_conformal/outputs/matched_forecasting005/fold2_multiseed_batch_v1/attempts/2026-09-14T014126771910+0000_ea2f7b8b/command.log.json
 create mode 100644 smart_building_conformal/outputs/matched_forecasting005/fold2_multiseed_batch_v1/attempts/2026-09-14T014126771910+0000_ea2f7b8b/command.log.started.json
 create mode 100644 smart_building_conformal/outputs/matched_forecasting005/fold2_multiseed_batch_v1/attempts/2026-09-14T014126771910+0000_ea2f7b8b/logger.stdout.log
 create mode 100644 smart_building_conformal/outputs/matched_forecasting005/fold2_multiseed_batch_v1/attempts/2026-09-14T014155277372+0000_96aeefd2/attempt.json
 create mode 100644 smart_building_conformal/outputs/matched_forecasting005/fold2_multiseed_batch_v1/attempts/2026-09-14T014155277372+0000_96aeefd2/command.log
 create mode 100644 smart_building_conformal/outputs/matched_forecasting005/fold2_multiseed_batch_v1/attempts/2026-09-14T014155277372+0000_96aeefd2/command.log.json
 create mode 100644 smart_building_conformal/outputs/matched_forecasting005/fold2_multiseed_batch_v1/attempts/2026-09-14T014155277372+0000_96aeefd2/command.log.started.json
 create mode 100644 smart_building_conformal/outputs/matched_forecasting005/fold2_multiseed_batch_v1/attempts/2026-09-14T014155277372+0000_96aeefd2/logger.stdout.log
 create mode 100644 smart_building_conformal/outputs/matched_forecasting005/fold2_multiseed_batch_v1/attempts/2026-09-14T014217697091+0000_b2b122e2/attempt.json
 create mode 100644 smart_building_conformal/outputs/matched_forecasting005/fold2_multiseed_batch_v1/attempts/2026-09-14T014217697091+0000_b2b122e2/command.log
 create mode 100644 smart_building_conformal/outputs/matched_forecasting005/fold2_multiseed_batch_v1/attempts/2026-09-14T014217697091+0000_b2b122e2/command.log.json
 create mode 100644 smart_building_conformal/outputs/matched_forecasting005/fold2_multiseed_batch_v1/attempts/2026-09-14T014217697091+0000_b2b122e2/command.log.started.json
 create mode 100644 smart_building_conformal/outputs/matched_forecasting005/fold2_multiseed_batch_v1/attempts/2026-09-14T014217697091+0000_b2b122e2/groups/actual_seed_metadata.csv
 create mode 100644 smart_building_conformal/outputs/matched_forecasting005/fold2_multiseed_batch_v1/attempts/2026-09-14T014217697091+0000_b2b122e2/groups/comparison.csv
 create mode 100644 smart_building_conformal/outputs/matched_forecasting005/fold2_multiseed_batch_v1/attempts/2026-09-14T014217697091+0000_b2b122e2/groups/equal_group_diagnostics.csv
 create mode 100644 smart_building_conformal/outputs/matched_forecasting005/fold2_multiseed_batch_v1/attempts/2026-09-14T014217697091+0000_b2b122e2/groups/group_metrics.csv
 create mode 100644 smart_building_conformal/outputs/matched_forecasting005/fold2_multiseed_batch_v1/attempts/2026-09-14T014217697091+0000_b2b122e2/groups/model_costs.csv
 create mode 100644 smart_building_conformal/outputs/matched_forecasting005/fold2_multiseed_batch_v1/attempts/2026-09-14T014217697091+0000_b2b122e2/groups/rico_phase_metrics.csv
 create mode 100644 smart_building_conformal/outputs/matched_forecasting005/fold2_multiseed_batch_v1/attempts/2026-09-14T014217697091+0000_b2b122e2/groups/target_diagnostics.csv
 create mode 100644 smart_building_conformal/outputs/matched_forecasting005/fold2_multiseed_batch_v1/attempts/2026-09-14T014217697091+0000_b2b122e2/groups/validation.json
 create mode 100644 smart_building_conformal/outputs/matched_forecasting005/fold2_multiseed_batch_v1/attempts/2026-09-14T014217697091+0000_b2b122e2/logger.stdout.log
 create mode 100644 smart_building_conformal/outputs/matched_forecasting005/fold2_multiseed_batch_v1/attempts/2026-09-14T014226745814+0000_674a038a/attempt.json
 create mode 100644 smart_building_conformal/outputs/matched_forecasting005/fold2_multiseed_batch_v1/attempts/2026-09-14T014226745814+0000_674a038a/command.log
 create mode 100644 smart_building_conformal/outputs/matched_forecasting005/fold2_multiseed_batch_v1/attempts/2026-09-14T014226745814+0000_674a038a/command.log.json
 create mode 100644 smart_building_conformal/outputs/matched_forecasting005/fold2_multiseed_batch_v1/attempts/2026-09-14T014226745814+0000_674a038a/command.log.started.json
 create mode 100644 smart_building_conformal/outputs/matched_forecasting005/fold2_multiseed_batch_v1/attempts/2026-09-14T014226745814+0000_674a038a/logger.stdout.log
 create mode 100644 smart_building_conformal/outputs/matched_forecasting005/fold2_multiseed_batch_v1/attempts/2026-09-14T014855997625+0000_c34c336c/attempt.json
 create mode 100644 smart_building_conformal/outputs/matched_forecasting005/fold2_multiseed_batch_v1/attempts/2026-09-14T014855997625+0000_c34c336c/command.log
 create mode 100644 smart_building_conformal/outputs/matched_forecasting005/fold2_multiseed_batch_v1/attempts/2026-09-14T014855997625+0000_c34c336c/command.log.json
 create mode 100644 smart_building_conformal/outputs/matched_forecasting005/fold2_multiseed_batch_v1/attempts/2026-09-14T014855997625+0000_c34c336c/command.log.started.json
 create mode 100644 smart_building_conformal/outputs/matched_forecasting005/fold2_multiseed_batch_v1/attempts/2026-09-14T014855997625+0000_c34c336c/logger.stdout.log
 create mode 100644 smart_building_conformal/outputs/matched_forecasting005/fold2_multiseed_batch_v1/attempts/2026-09-14T014924519585+0000_5fdfa3da/attempt.json
 create mode 100644 smart_building_conformal/outputs/matched_forecasting005/fold2_multiseed_batch_v1/attempts/2026-09-14T014924519585+0000_5fdfa3da/command.log
 create mode 100644 smart_building_conformal/outputs/matched_forecasting005/fold2_multiseed_batch_v1/attempts/2026-09-14T014924519585+0000_5fdfa3da/command.log.json
 create mode 100644 smart_building_conformal/outputs/matched_forecasting005/fold2_multiseed_batch_v1/attempts/2026-09-14T014924519585+0000_5fdfa3da/command.log.started.json
 create mode 100644 smart_building_conformal/outputs/matched_forecasting005/fold2_multiseed_batch_v1/attempts/2026-09-14T014924519585+0000_5fdfa3da/logger.stdout.log
 create mode 100644 smart_building_conformal/outputs/matched_forecasting005/fold2_multiseed_batch_v1/attempts/2026-09-14T014946971338+0000_ce8a3437/attempt.json
 create mode 100644 smart_building_conformal/outputs/matched_forecasting005/fold2_multiseed_batch_v1/attempts/2026-09-14T014946971338+0000_ce8a3437/command.log
 create mode 100644 smart_building_conformal/outputs/matched_forecasting005/fold2_multiseed_batch_v1/attempts/2026-09-14T014946971338+0000_ce8a3437/command.log.json
 create mode 100644 smart_building_conformal/outputs/matched_forecasting005/fold2_multiseed_batch_v1/attempts/2026-09-14T014946971338+0000_ce8a3437/command.log.started.json
 create mode 100644 smart_building_conformal/outputs/matched_forecasting005/fold2_multiseed_batch_v1/attempts/2026-09-14T014946971338+0000_ce8a3437/groups/actual_seed_metadata.csv
 create mode 100644 smart_building_conformal/outputs/matched_forecasting005/fold2_multiseed_batch_v1/attempts/2026-09-14T014946971338+0000_ce8a3437/groups/comparison.csv
 create mode 100644 smart_building_conformal/outputs/matched_forecasting005/fold2_multiseed_batch_v1/attempts/2026-09-14T014946971338+0000_ce8a3437/groups/equal_group_diagnostics.csv
 create mode 100644 smart_building_conformal/outputs/matched_forecasting005/fold2_multiseed_batch_v1/attempts/2026-09-14T014946971338+0000_ce8a3437/groups/group_metrics.csv
 create mode 100644 smart_building_conformal/outputs/matched_forecasting005/fold2_multiseed_batch_v1/attempts/2026-09-14T014946971338+0000_ce8a3437/groups/model_costs.csv
 create mode 100644 smart_building_conformal/outputs/matched_forecasting005/fold2_multiseed_batch_v1/attempts/2026-09-14T014946971338+0000_ce8a3437/groups/rico_phase_metrics.csv
 create mode 100644 smart_building_conformal/outputs/matched_forecasting005/fold2_multiseed_batch_v1/attempts/2026-09-14T014946971338+0000_ce8a3437/groups/target_diagnostics.csv
 create mode 100644 smart_building_conformal/outputs/matched_forecasting005/fold2_multiseed_batch_v1/attempts/2026-09-14T014946971338+0000_ce8a3437/groups/validation.json
 create mode 100644 smart_building_conformal/outputs/matched_forecasting005/fold2_multiseed_batch_v1/attempts/2026-09-14T014946971338+0000_ce8a3437/logger.stdout.log
 create mode 100644 smart_building_conformal/outputs/matched_forecasting005/fold2_multiseed_batch_v1/attempts/2026-09-14T014955977841+0000_d137441d/attempt.json
 create mode 100644 smart_building_conformal/outputs/matched_forecasting005/fold2_multiseed_batch_v1/attempts/2026-09-14T014955977841+0000_d137441d/command.log
 create mode 100644 smart_building_conformal/outputs/matched_forecasting005/fold2_multiseed_batch_v1/attempts/2026-09-14T014955977841+0000_d137441d/command.log.json
 create mode 100644 smart_building_conformal/outputs/matched_forecasting005/fold2_multiseed_batch_v1/attempts/2026-09-14T014955977841+0000_d137441d/command.log.started.json
 create mode 100644 smart_building_conformal/outputs/matched_forecasting005/fold2_multiseed_batch_v1/attempts/2026-09-14T014955977841+0000_d137441d/logger.stdout.log
 create mode 100644 smart_building_conformal/outputs/matched_forecasting005/fold2_multiseed_batch_v1/attempts/2026-09-14T015347232505+0000_7ca11816/attempt.json
 create mode 100644 smart_building_conformal/outputs/matched_forecasting005/fold2_multiseed_batch_v1/attempts/2026-09-14T015347232505+0000_7ca11816/command.log
 create mode 100644 smart_building_conformal/outputs/matched_forecasting005/fold2_multiseed_batch_v1/attempts/2026-09-14T015347232505+0000_7ca11816/command.log.json
 create mode 100644 smart_building_conformal/outputs/matched_forecasting005/fold2_multiseed_batch_v1/attempts/2026-09-14T015347232505+0000_7ca11816/command.log.started.json
 create mode 100644 smart_building_conformal/outputs/matched_forecasting005/fold2_multiseed_batch_v1/attempts/2026-09-14T015347232505+0000_7ca11816/logger.stdout.log
 create mode 100644 smart_building_conformal/outputs/matched_forecasting005/fold2_multiseed_batch_v1/attempts/2026-09-14T015403594040+0000_54ddb136/attempt.json
 create mode 100644 smart_building_conformal/outputs/matched_forecasting005/fold2_multiseed_batch_v1/attempts/2026-09-14T015403594040+0000_54ddb136/command.log
 create mode 100644 smart_building_conformal/outputs/matched_forecasting005/fold2_multiseed_batch_v1/attempts/2026-09-14T015403594040+0000_54ddb136/command.log.json
 create mode 100644 smart_building_conformal/outputs/matched_forecasting005/fold2_multiseed_batch_v1/attempts/2026-09-14T015403594040+0000_54ddb136/command.log.started.json
 create mode 100644 smart_building_conformal/outputs/matched_forecasting005/fold2_multiseed_batch_v1/attempts/2026-09-14T015403594040+0000_54ddb136/logger.stdout.log
 create mode 100644 smart_building_conformal/outputs/matched_forecasting005/fold2_multiseed_batch_v1/attempts/2026-09-14T015417910712+0000_16910650/attempt.json
 create mode 100644 smart_building_conformal/outputs/matched_forecasting005/fold2_multiseed_batch_v1/attempts/2026-09-14T015417910712+0000_16910650/command.log
 create mode 100644 smart_building_conformal/outputs/matched_forecasting005/fold2_multiseed_batch_v1/attempts/2026-09-14T015417910712+0000_16910650/command.log.json
 create mode 100644 smart_building_conformal/outputs/matched_forecasting005/fold2_multiseed_batch_v1/attempts/2026-09-14T015417910712+0000_16910650/command.log.started.json
 create mode 100644 smart_building_conformal/outputs/matched_forecasting005/fold2_multiseed_batch_v1/attempts/2026-09-14T015417910712+0000_16910650/groups/actual_seed_metadata.csv
 create mode 100644 smart_building_conformal/outputs/matched_forecasting005/fold2_multiseed_batch_v1/attempts/2026-09-14T015417910712+0000_16910650/groups/comparison.csv
 create mode 100644 smart_building_conformal/outputs/matched_forecasting005/fold2_multiseed_batch_v1/attempts/2026-09-14T015417910712+0000_16910650/groups/equal_group_diagnostics.csv
 create mode 100644 smart_building_conformal/outputs/matched_forecasting005/fold2_multiseed_batch_v1/attempts/2026-09-14T015417910712+0000_16910650/groups/group_metrics.csv
 create mode 100644 smart_building_conformal/outputs/matched_forecasting005/fold2_multiseed_batch_v1/attempts/2026-09-14T015417910712+0000_16910650/groups/model_costs.csv
 create mode 100644 smart_building_conformal/outputs/matched_forecasting005/fold2_multiseed_batch_v1/attempts/2026-09-14T015417910712+0000_16910650/groups/rico_phase_metrics.csv
 create mode 100644 smart_building_conformal/outputs/matched_forecasting005/fold2_multiseed_batch_v1/attempts/2026-09-14T015417910712+0000_16910650/groups/target_diagnostics.csv
 create mode 100644 smart_building_conformal/outputs/matched_forecasting005/fold2_multiseed_batch_v1/attempts/2026-09-14T015417910712+0000_16910650/groups/validation.json
 create mode 100644 smart_building_conformal/outputs/matched_forecasting005/fold2_multiseed_batch_v1/attempts/2026-09-14T015417910712+0000_16910650/logger.stdout.log
 create mode 100644 smart_building_conformal/outputs/matched_forecasting005/fold2_multiseed_batch_v1/attempts/2026-09-14T015424952877+0000_915eed80/attempt.json
 create mode 100644 smart_building_conformal/outputs/matched_forecasting005/fold2_multiseed_batch_v1/attempts/2026-09-14T015424952877+0000_915eed80/command.log
 create mode 100644 smart_building_conformal/outputs/matched_forecasting005/fold2_multiseed_batch_v1/attempts/2026-09-14T015424952877+0000_915eed80/command.log.json
 create mode 100644 smart_building_conformal/outputs/matched_forecasting005/fold2_multiseed_batch_v1/attempts/2026-09-14T015424952877+0000_915eed80/command.log.started.json
 create mode 100644 smart_building_conformal/outputs/matched_forecasting005/fold2_multiseed_batch_v1/attempts/2026-09-14T015424952877+0000_915eed80/logger.stdout.log
 create mode 100644 smart_building_conformal/outputs/matched_forecasting005/fold2_multiseed_batch_v1/attempts/2026-09-14T015757964705+0000_ed91cdcb/attempt.json
 create mode 100644 smart_building_conformal/outputs/matched_forecasting005/fold2_multiseed_batch_v1/attempts/2026-09-14T015757964705+0000_ed91cdcb/command.log
 create mode 100644 smart_building_conformal/outputs/matched_forecasting005/fold2_multiseed_batch_v1/attempts/2026-09-14T015757964705+0000_ed91cdcb/command.log.json
 create mode 100644 smart_building_conformal/outputs/matched_forecasting005/fold2_multiseed_batch_v1/attempts/2026-09-14T015757964705+0000_ed91cdcb/command.log.started.json
 create mode 100644 smart_building_conformal/outputs/matched_forecasting005/fold2_multiseed_batch_v1/attempts/2026-09-14T015757964705+0000_ed91cdcb/logger.stdout.log
 create mode 100644 smart_building_conformal/outputs/matched_forecasting005/fold2_multiseed_batch_v1/attempts/2026-09-14T015814311930+0000_c82f473e/attempt.json
 create mode 100644 smart_building_conformal/outputs/matched_forecasting005/fold2_multiseed_batch_v1/attempts/2026-09-14T015814311930+0000_c82f473e/command.log
 create mode 100644 smart_building_conformal/outputs/matched_forecasting005/fold2_multiseed_batch_v1/attempts/2026-09-14T015814311930+0000_c82f473e/command.log.json
 create mode 100644 smart_building_conformal/outputs/matched_forecasting005/fold2_multiseed_batch_v1/attempts/2026-09-14T015814311930+0000_c82f473e/command.log.started.json
 create mode 100644 smart_building_conformal/outputs/matched_forecasting005/fold2_multiseed_batch_v1/attempts/2026-09-14T015814311930+0000_c82f473e/logger.stdout.log
 create mode 100644 smart_building_conformal/outputs/matched_forecasting005/fold2_multiseed_batch_v1/attempts/2026-09-14T015828620116+0000_25b5254d/attempt.json
 create mode 100644 smart_building_conformal/outputs/matched_forecasting005/fold2_multiseed_batch_v1/attempts/2026-09-14T015828620116+0000_25b5254d/command.log
 create mode 100644 smart_building_conformal/outputs/matched_forecasting005/fold2_multiseed_batch_v1/attempts/2026-09-14T015828620116+0000_25b5254d/command.log.json
 create mode 100644 smart_building_conformal/outputs/matched_forecasting005/fold2_multiseed_batch_v1/attempts/2026-09-14T015828620116+0000_25b5254d/command.log.started.json
 create mode 100644 smart_building_conformal/outputs/matched_forecasting005/fold2_multiseed_batch_v1/attempts/2026-09-14T015828620116+0000_25b5254d/groups/actual_seed_metadata.csv
 create mode 100644 smart_building_conformal/outputs/matched_forecasting005/fold2_multiseed_batch_v1/attempts/2026-09-14T015828620116+0000_25b5254d/groups/comparison.csv
 create mode 100644 smart_building_conformal/outputs/matched_forecasting005/fold2_multiseed_batch_v1/attempts/2026-09-14T015828620116+0000_25b5254d/groups/equal_group_diagnostics.csv
 create mode 100644 smart_building_conformal/outputs/matched_forecasting005/fold2_multiseed_batch_v1/attempts/2026-09-14T015828620116+0000_25b5254d/groups/group_metrics.csv
 create mode 100644 smart_building_conformal/outputs/matched_forecasting005/fold2_multiseed_batch_v1/attempts/2026-09-14T015828620116+0000_25b5254d/groups/model_costs.csv
 create mode 100644 smart_building_conformal/outputs/matched_forecasting005/fold2_multiseed_batch_v1/attempts/2026-09-14T015828620116+0000_25b5254d/groups/rico_phase_metrics.csv
 create mode 100644 smart_building_conformal/outputs/matched_forecasting005/fold2_multiseed_batch_v1/attempts/2026-09-14T015828620116+0000_25b5254d/groups/target_diagnostics.csv
 create mode 100644 smart_building_conformal/outputs/matched_forecasting005/fold2_multiseed_batch_v1/attempts/2026-09-14T015828620116+0000_25b5254d/groups/validation.json
 create mode 100644 smart_building_conformal/outputs/matched_forecasting005/fold2_multiseed_batch_v1/attempts/2026-09-14T015828620116+0000_25b5254d/logger.stdout.log
 create mode 100644 smart_building_conformal/outputs/matched_forecasting005/fold2_multiseed_batch_v1/attempts/2026-09-14T015835589648+0000_9c79c964/attempt.json
 create mode 100644 smart_building_conformal/outputs/matched_forecasting005/fold2_multiseed_batch_v1/attempts/2026-09-14T015835589648+0000_9c79c964/command.log
 create mode 100644 smart_building_conformal/outputs/matched_forecasting005/fold2_multiseed_batch_v1/attempts/2026-09-14T015835589648+0000_9c79c964/command.log.json
 create mode 100644 smart_building_conformal/outputs/matched_forecasting005/fold2_multiseed_batch_v1/attempts/2026-09-14T015835589648+0000_9c79c964/command.log.started.json
 create mode 100644 smart_building_conformal/outputs/matched_forecasting005/fold2_multiseed_batch_v1/attempts/2026-09-14T015835589648+0000_9c79c964/logger.stdout.log
 create mode 100644 smart_building_conformal/outputs/matched_forecasting005/fold2_multiseed_batch_v1/attempts/2026-09-14T020045539962+0000_d3d3be8f/attempt.json
 create mode 100644 smart_building_conformal/outputs/matched_forecasting005/fold2_multiseed_batch_v1/attempts/2026-09-14T020045539962+0000_d3d3be8f/command.log
 create mode 100644 smart_building_conformal/outputs/matched_forecasting005/fold2_multiseed_batch_v1/attempts/2026-09-14T020045539962+0000_d3d3be8f/command.log.json
 create mode 100644 smart_building_conformal/outputs/matched_forecasting005/fold2_multiseed_batch_v1/attempts/2026-09-14T020045539962+0000_d3d3be8f/command.log.started.json
 create mode 100644 smart_building_conformal/outputs/matched_forecasting005/fold2_multiseed_batch_v1/attempts/2026-09-14T020045539962+0000_d3d3be8f/logger.stdout.log
 create mode 100644 smart_building_conformal/outputs/matched_forecasting005/fold2_multiseed_batch_v1/attempts/2026-09-14T020101927137+0000_d3430955/attempt.json
 create mode 100644 smart_building_conformal/outputs/matched_forecasting005/fold2_multiseed_batch_v1/attempts/2026-09-14T020101927137+0000_d3430955/command.log
 create mode 100644 smart_building_conformal/outputs/matched_forecasting005/fold2_multiseed_batch_v1/attempts/2026-09-14T020101927137+0000_d3430955/command.log.json
 create mode 100644 smart_building_conformal/outputs/matched_forecasting005/fold2_multiseed_batch_v1/attempts/2026-09-14T020101927137+0000_d3430955/command.log.started.json
 create mode 100644 smart_building_conformal/outputs/matched_forecasting005/fold2_multiseed_batch_v1/attempts/2026-09-14T020101927137+0000_d3430955/logger.stdout.log
 create mode 100644 smart_building_conformal/outputs/matched_forecasting005/fold2_multiseed_batch_v1/attempts/2026-09-14T020116252602+0000_20789c6a/attempt.json
 create mode 100644 smart_building_conformal/outputs/matched_forecasting005/fold2_multiseed_batch_v1/attempts/2026-09-14T020116252602+0000_20789c6a/command.log
 create mode 100644 smart_building_conformal/outputs/matched_forecasting005/fold2_multiseed_batch_v1/attempts/2026-09-14T020116252602+0000_20789c6a/command.log.json
 create mode 100644 smart_building_conformal/outputs/matched_forecasting005/fold2_multiseed_batch_v1/attempts/2026-09-14T020116252602+0000_20789c6a/command.log.started.json
 create mode 100644 smart_building_conformal/outputs/matched_forecasting005/fold2_multiseed_batch_v1/attempts/2026-09-14T020116252602+0000_20789c6a/groups/actual_seed_metadata.csv
 create mode 100644 smart_building_conformal/outputs/matched_forecasting005/fold2_multiseed_batch_v1/attempts/2026-09-14T020116252602+0000_20789c6a/groups/comparison.csv
 create mode 100644 smart_building_conformal/outputs/matched_forecasting005/fold2_multiseed_batch_v1/attempts/2026-09-14T020116252602+0000_20789c6a/groups/equal_group_diagnostics.csv
 create mode 100644 smart_building_conformal/outputs/matched_forecasting005/fold2_multiseed_batch_v1/attempts/2026-09-14T020116252602+0000_20789c6a/groups/group_metrics.csv
 create mode 100644 smart_building_conformal/outputs/matched_forecasting005/fold2_multiseed_batch_v1/attempts/2026-09-14T020116252602+0000_20789c6a/groups/model_costs.csv
 create mode 100644 smart_building_conformal/outputs/matched_forecasting005/fold2_multiseed_batch_v1/attempts/2026-09-14T020116252602+0000_20789c6a/groups/rico_phase_metrics.csv
 create mode 100644 smart_building_conformal/outputs/matched_forecasting005/fold2_multiseed_batch_v1/attempts/2026-09-14T020116252602+0000_20789c6a/groups/target_diagnostics.csv
 create mode 100644 smart_building_conformal/outputs/matched_forecasting005/fold2_multiseed_batch_v1/attempts/2026-09-14T020116252602+0000_20789c6a/groups/validation.json
 create mode 100644 smart_building_conformal/outputs/matched_forecasting005/fold2_multiseed_batch_v1/attempts/2026-09-14T020116252602+0000_20789c6a/logger.stdout.log
 create mode 100644 smart_building_conformal/outputs/matched_forecasting005/fold2_multiseed_batch_v1/attempts/2026-09-14T020122577092+0000_3ed78418/attempt.json
 create mode 100644 smart_building_conformal/outputs/matched_forecasting005/fold2_multiseed_batch_v1/attempts/2026-09-14T020122577092+0000_3ed78418/command.log
 create mode 100644 smart_building_conformal/outputs/matched_forecasting005/fold2_multiseed_batch_v1/attempts/2026-09-14T020122577092+0000_3ed78418/command.log.json
 create mode 100644 smart_building_conformal/outputs/matched_forecasting005/fold2_multiseed_batch_v1/attempts/2026-09-14T020122577092+0000_3ed78418/command.log.started.json
 create mode 100644 smart_building_conformal/outputs/matched_forecasting005/fold2_multiseed_batch_v1/attempts/2026-09-14T020122577092+0000_3ed78418/logger.stdout.log
 create mode 100644 smart_building_conformal/outputs/matched_forecasting005/fold2_multiseed_batch_v1/receipts/bdg2_h1_f2_s45_v1/audit_v1/independent_selection.csv
 create mode 100644 smart_building_conformal/outputs/matched_forecasting005/fold2_multiseed_batch_v1/receipts/bdg2_h1_f2_s45_v1/audit_v1/learned_fit_measurements.csv
 create mode 100644 smart_building_conformal/outputs/matched_forecasting005/fold2_multiseed_batch_v1/receipts/bdg2_h1_f2_s45_v1/audit_v1/phase_measurements.csv
 create mode 100644 smart_building_conformal/outputs/matched_forecasting005/fold2_multiseed_batch_v1/receipts/bdg2_h1_f2_s45_v1/audit_v1/recomputed_interval_metrics.csv
 create mode 100644 smart_building_conformal/outputs/matched_forecasting005/fold2_multiseed_batch_v1/receipts/bdg2_h1_f2_s45_v1/audit_v1/recomputed_point_metrics.csv
 create mode 100644 smart_building_conformal/outputs/matched_forecasting005/fold2_multiseed_batch_v1/receipts/bdg2_h1_f2_s45_v1/audit_v1/saved_model_verification.csv
 create mode 100644 smart_building_conformal/outputs/matched_forecasting005/fold2_multiseed_batch_v1/receipts/bdg2_h1_f2_s45_v1/audit_v1/validation.json
 create mode 100644 smart_building_conformal/outputs/matched_forecasting005/fold2_multiseed_batch_v1/receipts/bdg2_h1_f2_s45_v1/resume_v1.json
 create mode 100644 smart_building_conformal/outputs/matched_forecasting005/fold2_multiseed_batch_v1/receipts/bdg2_h1_f2_s45_v1/resume_v1.json.process.json
 create mode 100644 smart_building_conformal/outputs/matched_forecasting005/fold2_multiseed_batch_v1/receipts/bdg2_h3_f2_s45_v1/audit_v1/independent_selection.csv
 create mode 100644 smart_building_conformal/outputs/matched_forecasting005/fold2_multiseed_batch_v1/receipts/bdg2_h3_f2_s45_v1/audit_v1/learned_fit_measurements.csv
 create mode 100644 smart_building_conformal/outputs/matched_forecasting005/fold2_multiseed_batch_v1/receipts/bdg2_h3_f2_s45_v1/audit_v1/phase_measurements.csv
 create mode 100644 smart_building_conformal/outputs/matched_forecasting005/fold2_multiseed_batch_v1/receipts/bdg2_h3_f2_s45_v1/audit_v1/recomputed_interval_metrics.csv
 create mode 100644 smart_building_conformal/outputs/matched_forecasting005/fold2_multiseed_batch_v1/receipts/bdg2_h3_f2_s45_v1/audit_v1/recomputed_point_metrics.csv
 create mode 100644 smart_building_conformal/outputs/matched_forecasting005/fold2_multiseed_batch_v1/receipts/bdg2_h3_f2_s45_v1/audit_v1/saved_model_verification.csv
 create mode 100644 smart_building_conformal/outputs/matched_forecasting005/fold2_multiseed_batch_v1/receipts/bdg2_h3_f2_s45_v1/audit_v1/validation.json
 create mode 100644 smart_building_conformal/outputs/matched_forecasting005/fold2_multiseed_batch_v1/receipts/bdg2_h3_f2_s45_v1/resume_v1.json
 create mode 100644 smart_building_conformal/outputs/matched_forecasting005/fold2_multiseed_batch_v1/receipts/bdg2_h3_f2_s45_v1/resume_v1.json.process.json
 create mode 100644 smart_building_conformal/outputs/matched_forecasting005/fold2_multiseed_batch_v1/receipts/bdg2_h6_f2_s45_v1/audit_v1/independent_selection.csv
 create mode 100644 smart_building_conformal/outputs/matched_forecasting005/fold2_multiseed_batch_v1/receipts/bdg2_h6_f2_s45_v1/audit_v1/learned_fit_measurements.csv
 create mode 100644 smart_building_conformal/outputs/matched_forecasting005/fold2_multiseed_batch_v1/receipts/bdg2_h6_f2_s45_v1/audit_v1/phase_measurements.csv
 create mode 100644 smart_building_conformal/outputs/matched_forecasting005/fold2_multiseed_batch_v1/receipts/bdg2_h6_f2_s45_v1/audit_v1/recomputed_interval_metrics.csv
 create mode 100644 smart_building_conformal/outputs/matched_forecasting005/fold2_multiseed_batch_v1/receipts/bdg2_h6_f2_s45_v1/audit_v1/recomputed_point_metrics.csv
 create mode 100644 smart_building_conformal/outputs/matched_forecasting005/fold2_multiseed_batch_v1/receipts/bdg2_h6_f2_s45_v1/audit_v1/saved_model_verification.csv
 create mode 100644 smart_building_conformal/outputs/matched_forecasting005/fold2_multiseed_batch_v1/receipts/bdg2_h6_f2_s45_v1/audit_v1/validation.json
 create mode 100644 smart_building_conformal/outputs/matched_forecasting005/fold2_multiseed_batch_v1/receipts/bdg2_h6_f2_s45_v1/resume_v1.json
 create mode 100644 smart_building_conformal/outputs/matched_forecasting005/fold2_multiseed_batch_v1/receipts/bdg2_h6_f2_s45_v1/resume_v1.json.process.json
 create mode 100644 smart_building_conformal/outputs/matched_forecasting005/fold2_multiseed_batch_v1/receipts/pleia_energy_h1_f2_s45_v1/audit_v1/independent_selection.csv
 create mode 100644 smart_building_conformal/outputs/matched_forecasting005/fold2_multiseed_batch_v1/receipts/pleia_energy_h1_f2_s45_v1/audit_v1/learned_fit_measurements.csv
 create mode 100644 smart_building_conformal/outputs/matched_forecasting005/fold2_multiseed_batch_v1/receipts/pleia_energy_h1_f2_s45_v1/audit_v1/phase_measurements.csv
 create mode 100644 smart_building_conformal/outputs/matched_forecasting005/fold2_multiseed_batch_v1/receipts/pleia_energy_h1_f2_s45_v1/audit_v1/recomputed_interval_metrics.csv
 create mode 100644 smart_building_conformal/outputs/matched_forecasting005/fold2_multiseed_batch_v1/receipts/pleia_energy_h1_f2_s45_v1/audit_v1/recomputed_point_metrics.csv
 create mode 100644 smart_building_conformal/outputs/matched_forecasting005/fold2_multiseed_batch_v1/receipts/pleia_energy_h1_f2_s45_v1/audit_v1/saved_model_verification.csv
 create mode 100644 smart_building_conformal/outputs/matched_forecasting005/fold2_multiseed_batch_v1/receipts/pleia_energy_h1_f2_s45_v1/audit_v1/validation.json
 create mode 100644 smart_building_conformal/outputs/matched_forecasting005/fold2_multiseed_batch_v1/receipts/pleia_energy_h1_f2_s45_v1/resume_v1.json
 create mode 100644 smart_building_conformal/outputs/matched_forecasting005/fold2_multiseed_batch_v1/receipts/pleia_energy_h1_f2_s45_v1/resume_v1.json.process.json
 create mode 100644 smart_building_conformal/outputs/matched_forecasting005/fold2_multiseed_batch_v1/receipts/pleia_energy_h3_f2_s45_v1/audit_v1/independent_selection.csv
 create mode 100644 smart_building_conformal/outputs/matched_forecasting005/fold2_multiseed_batch_v1/receipts/pleia_energy_h3_f2_s45_v1/audit_v1/learned_fit_measurements.csv
 create mode 100644 smart_building_conformal/outputs/matched_forecasting005/fold2_multiseed_batch_v1/receipts/pleia_energy_h3_f2_s45_v1/audit_v1/phase_measurements.csv
 create mode 100644 smart_building_conformal/outputs/matched_forecasting005/fold2_multiseed_batch_v1/receipts/pleia_energy_h3_f2_s45_v1/audit_v1/recomputed_interval_metrics.csv
 create mode 100644 smart_building_conformal/outputs/matched_forecasting005/fold2_multiseed_batch_v1/receipts/pleia_energy_h3_f2_s45_v1/audit_v1/recomputed_point_metrics.csv
 create mode 100644 smart_building_conformal/outputs/matched_forecasting005/fold2_multiseed_batch_v1/receipts/pleia_energy_h3_f2_s45_v1/audit_v1/saved_model_verification.csv
 create mode 100644 smart_building_conformal/outputs/matched_forecasting005/fold2_multiseed_batch_v1/receipts/pleia_energy_h3_f2_s45_v1/audit_v1/validation.json
 create mode 100644 smart_building_conformal/outputs/matched_forecasting005/fold2_multiseed_batch_v1/receipts/pleia_energy_h3_f2_s45_v1/resume_v1.json
 create mode 100644 smart_building_conformal/outputs/matched_forecasting005/fold2_multiseed_batch_v1/receipts/pleia_energy_h3_f2_s45_v1/resume_v1.json.process.json
 create mode 100644 smart_building_conformal/outputs/matched_forecasting005/fold2_multiseed_batch_v1/receipts/pleia_energy_h6_f2_s45_v1/audit_v1/independent_selection.csv
 create mode 100644 smart_building_conformal/outputs/matched_forecasting005/fold2_multiseed_batch_v1/receipts/pleia_energy_h6_f2_s45_v1/audit_v1/learned_fit_measurements.csv
 create mode 100644 smart_building_conformal/outputs/matched_forecasting005/fold2_multiseed_batch_v1/receipts/pleia_energy_h6_f2_s45_v1/audit_v1/phase_measurements.csv
 create mode 100644 smart_building_conformal/outputs/matched_forecasting005/fold2_multiseed_batch_v1/receipts/pleia_energy_h6_f2_s45_v1/audit_v1/recomputed_interval_metrics.csv
 create mode 100644 smart_building_conformal/outputs/matched_forecasting005/fold2_multiseed_batch_v1/receipts/pleia_energy_h6_f2_s45_v1/audit_v1/recomputed_point_metrics.csv
 create mode 100644 smart_building_conformal/outputs/matched_forecasting005/fold2_multiseed_batch_v1/receipts/pleia_energy_h6_f2_s45_v1/audit_v1/saved_model_verification.csv
 create mode 100644 smart_building_conformal/outputs/matched_forecasting005/fold2_multiseed_batch_v1/receipts/pleia_energy_h6_f2_s45_v1/audit_v1/validation.json
 create mode 100644 smart_building_conformal/outputs/matched_forecasting005/fold2_multiseed_batch_v1/receipts/pleia_energy_h6_f2_s45_v1/resume_v1.json
 create mode 100644 smart_building_conformal/outputs/matched_forecasting005/fold2_multiseed_batch_v1/receipts/pleia_energy_h6_f2_s45_v1/resume_v1.json.process.json
 create mode 100644 smart_building_conformal/outputs/matched_forecasting005/fold2_multiseed_batch_v1/receipts/pleia_h1_f2_s45_v1/audit_v1/independent_selection.csv
 create mode 100644 smart_building_conformal/outputs/matched_forecasting005/fold2_multiseed_batch_v1/receipts/pleia_h1_f2_s45_v1/audit_v1/learned_fit_measurements.csv
 create mode 100644 smart_building_conformal/outputs/matched_forecasting005/fold2_multiseed_batch_v1/receipts/pleia_h1_f2_s45_v1/audit_v1/phase_measurements.csv
 create mode 100644 smart_building_conformal/outputs/matched_forecasting005/fold2_multiseed_batch_v1/receipts/pleia_h1_f2_s45_v1/audit_v1/recomputed_interval_metrics.csv
 create mode 100644 smart_building_conformal/outputs/matched_forecasting005/fold2_multiseed_batch_v1/receipts/pleia_h1_f2_s45_v1/audit_v1/recomputed_point_metrics.csv
 create mode 100644 smart_building_conformal/outputs/matched_forecasting005/fold2_multiseed_batch_v1/receipts/pleia_h1_f2_s45_v1/audit_v1/saved_model_verification.csv
 create mode 100644 smart_building_conformal/outputs/matched_forecasting005/fold2_multiseed_batch_v1/receipts/pleia_h1_f2_s45_v1/audit_v1/validation.json
 create mode 100644 smart_building_conformal/outputs/matched_forecasting005/fold2_multiseed_batch_v1/receipts/pleia_h1_f2_s45_v1/resume_v1.json
 create mode 100644 smart_building_conformal/outputs/matched_forecasting005/fold2_multiseed_batch_v1/receipts/pleia_h1_f2_s45_v1/resume_v1.json.process.json
 create mode 100644 smart_building_conformal/outputs/matched_forecasting005/fold2_multiseed_batch_v1/receipts/pleia_h3_f2_s45_v1/audit_v1/independent_selection.csv
 create mode 100644 smart_building_conformal/outputs/matched_forecasting005/fold2_multiseed_batch_v1/receipts/pleia_h3_f2_s45_v1/audit_v1/learned_fit_measurements.csv
 create mode 100644 smart_building_conformal/outputs/matched_forecasting005/fold2_multiseed_batch_v1/receipts/pleia_h3_f2_s45_v1/audit_v1/phase_measurements.csv
 create mode 100644 smart_building_conformal/outputs/matched_forecasting005/fold2_multiseed_batch_v1/receipts/pleia_h3_f2_s45_v1/audit_v1/recomputed_interval_metrics.csv
 create mode 100644 smart_building_conformal/outputs/matched_forecasting005/fold2_multiseed_batch_v1/receipts/pleia_h3_f2_s45_v1/audit_v1/recomputed_point_metrics.csv
 create mode 100644 smart_building_conformal/outputs/matched_forecasting005/fold2_multiseed_batch_v1/receipts/pleia_h3_f2_s45_v1/audit_v1/saved_model_verification.csv
 create mode 100644 smart_building_conformal/outputs/matched_forecasting005/fold2_multiseed_batch_v1/receipts/pleia_h3_f2_s45_v1/audit_v1/validation.json
 create mode 100644 smart_building_conformal/outputs/matched_forecasting005/fold2_multiseed_batch_v1/receipts/pleia_h3_f2_s45_v1/resume_v1.json
 create mode 100644 smart_building_conformal/outputs/matched_forecasting005/fold2_multiseed_batch_v1/receipts/pleia_h3_f2_s45_v1/resume_v1.json.process.json
 create mode 100644 smart_building_conformal/outputs/matched_forecasting005/fold2_multiseed_batch_v1/receipts/pleia_h6_f2_s45_v1/audit_v1/independent_selection.csv
 create mode 100644 smart_building_conformal/outputs/matched_forecasting005/fold2_multiseed_batch_v1/receipts/pleia_h6_f2_s45_v1/audit_v1/learned_fit_measurements.csv
 create mode 100644 smart_building_conformal/outputs/matched_forecasting005/fold2_multiseed_batch_v1/receipts/pleia_h6_f2_s45_v1/audit_v1/phase_measurements.csv
 create mode 100644 smart_building_conformal/outputs/matched_forecasting005/fold2_multiseed_batch_v1/receipts/pleia_h6_f2_s45_v1/audit_v1/recomputed_interval_metrics.csv
 create mode 100644 smart_building_conformal/outputs/matched_forecasting005/fold2_multiseed_batch_v1/receipts/pleia_h6_f2_s45_v1/audit_v1/recomputed_point_metrics.csv
 create mode 100644 smart_building_conformal/outputs/matched_forecasting005/fold2_multiseed_batch_v1/receipts/pleia_h6_f2_s45_v1/audit_v1/saved_model_verification.csv
 create mode 100644 smart_building_conformal/outputs/matched_forecasting005/fold2_multiseed_batch_v1/receipts/pleia_h6_f2_s45_v1/audit_v1/validation.json
 create mode 100644 smart_building_conformal/outputs/matched_forecasting005/fold2_multiseed_batch_v1/receipts/pleia_h6_f2_s45_v1/resume_v1.json
 create mode 100644 smart_building_conformal/outputs/matched_forecasting005/fold2_multiseed_batch_v1/receipts/pleia_h6_f2_s45_v1/resume_v1.json.process.json
 create mode 100644 smart_building_conformal/outputs/matched_forecasting005/fold2_multiseed_batch_v1/receipts/rico_h15_f2_s45_v1/audit_v1/independent_selection.csv
 create mode 100644 smart_building_conformal/outputs/matched_forecasting005/fold2_multiseed_batch_v1/receipts/rico_h15_f2_s45_v1/audit_v1/learned_fit_measurements.csv
 create mode 100644 smart_building_conformal/outputs/matched_forecasting005/fold2_multiseed_batch_v1/receipts/rico_h15_f2_s45_v1/audit_v1/phase_measurements.csv
 create mode 100644 smart_building_conformal/outputs/matched_forecasting005/fold2_multiseed_batch_v1/receipts/rico_h15_f2_s45_v1/audit_v1/recomputed_interval_metrics.csv
 create mode 100644 smart_building_conformal/outputs/matched_forecasting005/fold2_multiseed_batch_v1/receipts/rico_h15_f2_s45_v1/audit_v1/recomputed_point_metrics.csv
 create mode 100644 smart_building_conformal/outputs/matched_forecasting005/fold2_multiseed_batch_v1/receipts/rico_h15_f2_s45_v1/audit_v1/saved_model_verification.csv
 create mode 100644 smart_building_conformal/outputs/matched_forecasting005/fold2_multiseed_batch_v1/receipts/rico_h15_f2_s45_v1/audit_v1/validation.json
 create mode 100644 smart_building_conformal/outputs/matched_forecasting005/fold2_multiseed_batch_v1/receipts/rico_h15_f2_s45_v1/resume_v1.json
 create mode 100644 smart_building_conformal/outputs/matched_forecasting005/fold2_multiseed_batch_v1/receipts/rico_h15_f2_s45_v1/resume_v1.json.process.json
 create mode 100644 smart_building_conformal/outputs/matched_forecasting005/fold2_multiseed_batch_v1/receipts/rico_h30_f2_s45_v1/audit_v1/independent_selection.csv
 create mode 100644 smart_building_conformal/outputs/matched_forecasting005/fold2_multiseed_batch_v1/receipts/rico_h30_f2_s45_v1/audit_v1/learned_fit_measurements.csv
 create mode 100644 smart_building_conformal/outputs/matched_forecasting005/fold2_multiseed_batch_v1/receipts/rico_h30_f2_s45_v1/audit_v1/phase_measurements.csv
 create mode 100644 smart_building_conformal/outputs/matched_forecasting005/fold2_multiseed_batch_v1/receipts/rico_h30_f2_s45_v1/audit_v1/recomputed_interval_metrics.csv
 create mode 100644 smart_building_conformal/outputs/matched_forecasting005/fold2_multiseed_batch_v1/receipts/rico_h30_f2_s45_v1/audit_v1/recomputed_point_metrics.csv
 create mode 100644 smart_building_conformal/outputs/matched_forecasting005/fold2_multiseed_batch_v1/receipts/rico_h30_f2_s45_v1/audit_v1/saved_model_verification.csv
 create mode 100644 smart_building_conformal/outputs/matched_forecasting005/fold2_multiseed_batch_v1/receipts/rico_h30_f2_s45_v1/audit_v1/validation.json
 create mode 100644 smart_building_conformal/outputs/matched_forecasting005/fold2_multiseed_batch_v1/receipts/rico_h30_f2_s45_v1/resume_v1.json
 create mode 100644 smart_building_conformal/outputs/matched_forecasting005/fold2_multiseed_batch_v1/receipts/rico_h30_f2_s45_v1/resume_v1.json.process.json
 create mode 100644 smart_building_conformal/outputs/matched_forecasting005/fold2_multiseed_batch_v1/receipts/rico_h5_f2_s45_v1/audit_v1/independent_selection.csv
 create mode 100644 smart_building_conformal/outputs/matched_forecasting005/fold2_multiseed_batch_v1/receipts/rico_h5_f2_s45_v1/audit_v1/learned_fit_measurements.csv
 create mode 100644 smart_building_conformal/outputs/matched_forecasting005/fold2_multiseed_batch_v1/receipts/rico_h5_f2_s45_v1/audit_v1/phase_measurements.csv
 create mode 100644 smart_building_conformal/outputs/matched_forecasting005/fold2_multiseed_batch_v1/receipts/rico_h5_f2_s45_v1/audit_v1/recomputed_interval_metrics.csv
 create mode 100644 smart_building_conformal/outputs/matched_forecasting005/fold2_multiseed_batch_v1/receipts/rico_h5_f2_s45_v1/audit_v1/recomputed_point_metrics.csv
 create mode 100644 smart_building_conformal/outputs/matched_forecasting005/fold2_multiseed_batch_v1/receipts/rico_h5_f2_s45_v1/audit_v1/saved_model_verification.csv
 create mode 100644 smart_building_conformal/outputs/matched_forecasting005/fold2_multiseed_batch_v1/receipts/rico_h5_f2_s45_v1/audit_v1/validation.json
 create mode 100644 smart_building_conformal/outputs/matched_forecasting005/fold2_multiseed_batch_v1/receipts/rico_h5_f2_s45_v1/resume_v1.json
 create mode 100644 smart_building_conformal/outputs/matched_forecasting005/fold2_multiseed_batch_v1/receipts/rico_h5_f2_s45_v1/resume_v1.json.process.json
 create mode 100644 smart_building_conformal/outputs/matched_forecasting005/fold2_multiseed_batch_v1/receipts/rico_h60_f2_s45_v1/audit_v1/independent_selection.csv
 create mode 100644 smart_building_conformal/outputs/matched_forecasting005/fold2_multiseed_batch_v1/receipts/rico_h60_f2_s45_v1/audit_v1/learned_fit_measurements.csv
 create mode 100644 smart_building_conformal/outputs/matched_forecasting005/fold2_multiseed_batch_v1/receipts/rico_h60_f2_s45_v1/audit_v1/phase_measurements.csv
 create mode 100644 smart_building_conformal/outputs/matched_forecasting005/fold2_multiseed_batch_v1/receipts/rico_h60_f2_s45_v1/audit_v1/recomputed_interval_metrics.csv
 create mode 100644 smart_building_conformal/outputs/matched_forecasting005/fold2_multiseed_batch_v1/receipts/rico_h60_f2_s45_v1/audit_v1/recomputed_point_metrics.csv
 create mode 100644 smart_building_conformal/outputs/matched_forecasting005/fold2_multiseed_batch_v1/receipts/rico_h60_f2_s45_v1/audit_v1/saved_model_verification.csv
 create mode 100644 smart_building_conformal/outputs/matched_forecasting005/fold2_multiseed_batch_v1/receipts/rico_h60_f2_s45_v1/audit_v1/validation.json
 create mode 100644 smart_building_conformal/outputs/matched_forecasting005/fold2_multiseed_batch_v1/receipts/rico_h60_f2_s45_v1/resume_v1.json
 create mode 100644 smart_building_conformal/outputs/matched_forecasting005/fold2_multiseed_batch_v1/receipts/rico_h60_f2_s45_v1/resume_v1.json.process.json
 create mode 100644 smart_building_conformal/outputs/matched_forecasting005/fold2_multiseed_batch_v1/seed45_summary_v1/COMPLETE.json
 create mode 100644 smart_building_conformal/outputs/matched_forecasting005/fold2_multiseed_batch_v1/seed45_summary_v1/actual_seed_metadata.csv
 create mode 100644 smart_building_conformal/outputs/matched_forecasting005/fold2_multiseed_batch_v1/seed45_summary_v1/additional_folds_comparison.csv
 create mode 100644 smart_building_conformal/outputs/matched_forecasting005/fold2_multiseed_batch_v1/seed45_summary_v1/analysis_validation.json
 create mode 100644 smart_building_conformal/outputs/matched_forecasting005/fold2_multiseed_batch_v1/seed45_summary_v1/checkpoint_io.csv
 create mode 100644 smart_building_conformal/outputs/matched_forecasting005/fold2_multiseed_batch_v1/seed45_summary_v1/combined_comparison.csv
 create mode 100644 smart_building_conformal/outputs/matched_forecasting005/fold2_multiseed_batch_v1/seed45_summary_v1/command_attempts.csv
 create mode 100644 smart_building_conformal/outputs/matched_forecasting005/fold2_multiseed_batch_v1/seed45_summary_v1/completion_overlay.csv
 create mode 100644 smart_building_conformal/outputs/matched_forecasting005/fold2_multiseed_batch_v1/seed45_summary_v1/equal_group_diagnostics.csv
 create mode 100644 smart_building_conformal/outputs/matched_forecasting005/fold2_multiseed_batch_v1/seed45_summary_v1/evidence_reuse_ledger.csv
 create mode 100644 smart_building_conformal/outputs/matched_forecasting005/fold2_multiseed_batch_v1/seed45_summary_v1/fit_attempts.csv
 create mode 100644 smart_building_conformal/outputs/matched_forecasting005/fold2_multiseed_batch_v1/seed45_summary_v1/fold2_all_seed_run_costs.csv
 create mode 100644 smart_building_conformal/outputs/matched_forecasting005/fold2_multiseed_batch_v1/seed45_summary_v1/fold2_five_seed_comparison.csv
 create mode 100644 smart_building_conformal/outputs/matched_forecasting005/fold2_multiseed_batch_v1/seed45_summary_v1/group_metrics.csv
 create mode 100644 smart_building_conformal/outputs/matched_forecasting005/fold2_multiseed_batch_v1/seed45_summary_v1/interval_quality.csv
 create mode 100644 smart_building_conformal/outputs/matched_forecasting005/fold2_multiseed_batch_v1/seed45_summary_v1/measured_timing_references.csv
 create mode 100644 smart_building_conformal/outputs/matched_forecasting005/fold2_multiseed_batch_v1/seed45_summary_v1/model_costs.csv
 create mode 100644 smart_building_conformal/outputs/matched_forecasting005/fold2_multiseed_batch_v1/seed45_summary_v1/new_only_comparison.csv
 create mode 100644 smart_building_conformal/outputs/matched_forecasting005/fold2_multiseed_batch_v1/seed45_summary_v1/paired_model_contrasts.csv
 create mode 100644 smart_building_conformal/outputs/matched_forecasting005/fold2_multiseed_batch_v1/seed45_summary_v1/panel2_horizon_summary.csv
 create mode 100644 smart_building_conformal/outputs/matched_forecasting005/fold2_multiseed_batch_v1/seed45_summary_v1/remaining_queue_updated.csv
 create mode 100644 smart_building_conformal/outputs/matched_forecasting005/fold2_multiseed_batch_v1/seed45_summary_v1/rico_phase_metrics.csv
 create mode 100644 smart_building_conformal/outputs/matched_forecasting005/fold2_multiseed_batch_v1/seed45_summary_v1/run_costs.csv
 create mode 100644 smart_building_conformal/outputs/matched_forecasting005/fold2_multiseed_batch_v1/seed45_summary_v1/seed_block_costs.csv
 create mode 100644 smart_building_conformal/outputs/matched_forecasting005/fold2_multiseed_batch_v1/seed45_summary_v1/target_diagnostics.csv
 create mode 100644 smart_building_conformal/outputs/matched_forecasting005/fold2_multiseed_batch_v1/seed45_summary_v1/training_seed_summary.csv
 create mode 100644 smart_building_conformal/outputs/matched_forecasting005/fold2_multiseed_batch_v1/seed45_summary_v1/verification_summary.csv
 create mode 100644 smart_building_conformal/outputs/matched_forecasting005/pleia_energy_h1_f2_s45_v1.process.json
 create mode 100644 smart_building_conformal/outputs/matched_forecasting005/pleia_energy_h1_f2_s45_v1/checkpoint_io_20260914T010806942967.json
 create mode 100644 smart_building_conformal/outputs/matched_forecasting005/pleia_energy_h1_f2_s45_v1/checkpoint_manifest.json
 create mode 100644 smart_building_conformal/outputs/matched_forecasting005/pleia_energy_h1_f2_s45_v1/execution_environment.json
 create mode 100644 smart_building_conformal/outputs/matched_forecasting005/pleia_energy_h1_f2_s45_v1/fit_calls.jsonl
 create mode 100644 smart_building_conformal/outputs/matched_forecasting005/pleia_energy_h1_f2_s45_v1/interval_quality.csv
 create mode 100644 smart_building_conformal/outputs/matched_forecasting005/pleia_energy_h1_f2_s45_v1/point_summary.csv
 create mode 100644 smart_building_conformal/outputs/matched_forecasting005/pleia_energy_h1_f2_s45_v1/run_summary.json
 create mode 100644 smart_building_conformal/outputs/matched_forecasting005/pleia_energy_h1_f2_s45_v1/units/pleia_energy_h1_f2_s45_attention_lstm/COMPLETE.json
 create mode 100644 smart_building_conformal/outputs/matched_forecasting005/pleia_energy_h1_f2_s45_v1/units/pleia_energy_h1_f2_s45_attention_lstm/calibration.csv.gz
 create mode 100644 smart_building_conformal/outputs/matched_forecasting005/pleia_energy_h1_f2_s45_v1/units/pleia_energy_h1_f2_s45_attention_lstm/fitting_membership.csv.gz
 create mode 100644 smart_building_conformal/outputs/matched_forecasting005/pleia_energy_h1_f2_s45_v1/units/pleia_energy_h1_f2_s45_attention_lstm/model.pt
 create mode 100644 smart_building_conformal/outputs/matched_forecasting005/pleia_energy_h1_f2_s45_v1/units/pleia_energy_h1_f2_s45_attention_lstm/payload.json
 create mode 100644 smart_building_conformal/outputs/matched_forecasting005/pleia_energy_h1_f2_s45_v1/units/pleia_energy_h1_f2_s45_attention_lstm/predictions.csv.gz
 create mode 100644 smart_building_conformal/outputs/matched_forecasting005/pleia_energy_h1_f2_s45_v1/units/pleia_energy_h1_f2_s45_attention_lstm/training_history.csv.gz
 create mode 100644 smart_building_conformal/outputs/matched_forecasting005/pleia_energy_h1_f2_s45_v1/units/pleia_energy_h1_f2_s45_attention_lstm/tuning.csv.gz
 create mode 100644 smart_building_conformal/outputs/matched_forecasting005/pleia_energy_h1_f2_s45_v1/units/pleia_energy_h1_f2_s45_attention_lstm/tuning_predictions.csv.gz
 create mode 100644 smart_building_conformal/outputs/matched_forecasting005/pleia_energy_h1_f2_s45_v1/units/pleia_energy_h1_f2_s45_persistence/COMPLETE.json
 create mode 100644 smart_building_conformal/outputs/matched_forecasting005/pleia_energy_h1_f2_s45_v1/units/pleia_energy_h1_f2_s45_persistence/calibration.csv.gz
 create mode 100644 smart_building_conformal/outputs/matched_forecasting005/pleia_energy_h1_f2_s45_v1/units/pleia_energy_h1_f2_s45_persistence/fitting_membership.csv.gz
 create mode 100644 smart_building_conformal/outputs/matched_forecasting005/pleia_energy_h1_f2_s45_v1/units/pleia_energy_h1_f2_s45_persistence/model.json
 create mode 100644 smart_building_conformal/outputs/matched_forecasting005/pleia_energy_h1_f2_s45_v1/units/pleia_energy_h1_f2_s45_persistence/payload.json
 create mode 100644 smart_building_conformal/outputs/matched_forecasting005/pleia_energy_h1_f2_s45_v1/units/pleia_energy_h1_f2_s45_persistence/predictions.csv.gz
 create mode 100644 smart_building_conformal/outputs/matched_forecasting005/pleia_energy_h1_f2_s45_v1/units/pleia_energy_h1_f2_s45_persistence/training_history.csv.gz
 create mode 100644 smart_building_conformal/outputs/matched_forecasting005/pleia_energy_h1_f2_s45_v1/units/pleia_energy_h1_f2_s45_persistence/tuning.csv.gz
 create mode 100644 smart_building_conformal/outputs/matched_forecasting005/pleia_energy_h1_f2_s45_v1/units/pleia_energy_h1_f2_s45_persistence/tuning_predictions.csv.gz
 create mode 100644 smart_building_conformal/outputs/matched_forecasting005/pleia_energy_h1_f2_s45_v1/units/pleia_energy_h1_f2_s45_xgboost/COMPLETE.json
 create mode 100644 smart_building_conformal/outputs/matched_forecasting005/pleia_energy_h1_f2_s45_v1/units/pleia_energy_h1_f2_s45_xgboost/booster_config.json
 create mode 100644 smart_building_conformal/outputs/matched_forecasting005/pleia_energy_h1_f2_s45_v1/units/pleia_energy_h1_f2_s45_xgboost/calibration.csv.gz
 create mode 100644 smart_building_conformal/outputs/matched_forecasting005/pleia_energy_h1_f2_s45_v1/units/pleia_energy_h1_f2_s45_xgboost/fitting_membership.csv.gz
 create mode 100644 smart_building_conformal/outputs/matched_forecasting005/pleia_energy_h1_f2_s45_v1/units/pleia_energy_h1_f2_s45_xgboost/model.ubj
 create mode 100644 smart_building_conformal/outputs/matched_forecasting005/pleia_energy_h1_f2_s45_v1/units/pleia_energy_h1_f2_s45_xgboost/payload.json
 create mode 100644 smart_building_conformal/outputs/matched_forecasting005/pleia_energy_h1_f2_s45_v1/units/pleia_energy_h1_f2_s45_xgboost/predictions.csv.gz
 create mode 100644 smart_building_conformal/outputs/matched_forecasting005/pleia_energy_h1_f2_s45_v1/units/pleia_energy_h1_f2_s45_xgboost/training_history.csv.gz
 create mode 100644 smart_building_conformal/outputs/matched_forecasting005/pleia_energy_h1_f2_s45_v1/units/pleia_energy_h1_f2_s45_xgboost/tuning.csv.gz
 create mode 100644 smart_building_conformal/outputs/matched_forecasting005/pleia_energy_h1_f2_s45_v1/units/pleia_energy_h1_f2_s45_xgboost/tuning_predictions.csv.gz
 create mode 100644 smart_building_conformal/outputs/matched_forecasting005/pleia_energy_h3_f2_s45_v1.process.json
 create mode 100644 smart_building_conformal/outputs/matched_forecasting005/pleia_energy_h3_f2_s45_v1/checkpoint_io_20260914T011002395444.json
 create mode 100644 smart_building_conformal/outputs/matched_forecasting005/pleia_energy_h3_f2_s45_v1/checkpoint_manifest.json
 create mode 100644 smart_building_conformal/outputs/matched_forecasting005/pleia_energy_h3_f2_s45_v1/execution_environment.json
 create mode 100644 smart_building_conformal/outputs/matched_forecasting005/pleia_energy_h3_f2_s45_v1/fit_calls.jsonl
 create mode 100644 smart_building_conformal/outputs/matched_forecasting005/pleia_energy_h3_f2_s45_v1/interval_quality.csv
 create mode 100644 smart_building_conformal/outputs/matched_forecasting005/pleia_energy_h3_f2_s45_v1/point_summary.csv
 create mode 100644 smart_building_conformal/outputs/matched_forecasting005/pleia_energy_h3_f2_s45_v1/run_summary.json
 create mode 100644 smart_building_conformal/outputs/matched_forecasting005/pleia_energy_h3_f2_s45_v1/units/pleia_energy_h3_f2_s45_attention_lstm/COMPLETE.json
 create mode 100644 smart_building_conformal/outputs/matched_forecasting005/pleia_energy_h3_f2_s45_v1/units/pleia_energy_h3_f2_s45_attention_lstm/calibration.csv.gz
 create mode 100644 smart_building_conformal/outputs/matched_forecasting005/pleia_energy_h3_f2_s45_v1/units/pleia_energy_h3_f2_s45_attention_lstm/fitting_membership.csv.gz
 create mode 100644 smart_building_conformal/outputs/matched_forecasting005/pleia_energy_h3_f2_s45_v1/units/pleia_energy_h3_f2_s45_attention_lstm/model.pt
 create mode 100644 smart_building_conformal/outputs/matched_forecasting005/pleia_energy_h3_f2_s45_v1/units/pleia_energy_h3_f2_s45_attention_lstm/payload.json
 create mode 100644 smart_building_conformal/outputs/matched_forecasting005/pleia_energy_h3_f2_s45_v1/units/pleia_energy_h3_f2_s45_attention_lstm/predictions.csv.gz
 create mode 100644 smart_building_conformal/outputs/matched_forecasting005/pleia_energy_h3_f2_s45_v1/units/pleia_energy_h3_f2_s45_attention_lstm/training_history.csv.gz
 create mode 100644 smart_building_conformal/outputs/matched_forecasting005/pleia_energy_h3_f2_s45_v1/units/pleia_energy_h3_f2_s45_attention_lstm/tuning.csv.gz
 create mode 100644 smart_building_conformal/outputs/matched_forecasting005/pleia_energy_h3_f2_s45_v1/units/pleia_energy_h3_f2_s45_attention_lstm/tuning_predictions.csv.gz
 create mode 100644 smart_building_conformal/outputs/matched_forecasting005/pleia_energy_h3_f2_s45_v1/units/pleia_energy_h3_f2_s45_persistence/COMPLETE.json
 create mode 100644 smart_building_conformal/outputs/matched_forecasting005/pleia_energy_h3_f2_s45_v1/units/pleia_energy_h3_f2_s45_persistence/calibration.csv.gz
 create mode 100644 smart_building_conformal/outputs/matched_forecasting005/pleia_energy_h3_f2_s45_v1/units/pleia_energy_h3_f2_s45_persistence/fitting_membership.csv.gz
 create mode 100644 smart_building_conformal/outputs/matched_forecasting005/pleia_energy_h3_f2_s45_v1/units/pleia_energy_h3_f2_s45_persistence/model.json
 create mode 100644 smart_building_conformal/outputs/matched_forecasting005/pleia_energy_h3_f2_s45_v1/units/pleia_energy_h3_f2_s45_persistence/payload.json
 create mode 100644 smart_building_conformal/outputs/matched_forecasting005/pleia_energy_h3_f2_s45_v1/units/pleia_energy_h3_f2_s45_persistence/predictions.csv.gz
 create mode 100644 smart_building_conformal/outputs/matched_forecasting005/pleia_energy_h3_f2_s45_v1/units/pleia_energy_h3_f2_s45_persistence/training_history.csv.gz
 create mode 100644 smart_building_conformal/outputs/matched_forecasting005/pleia_energy_h3_f2_s45_v1/units/pleia_energy_h3_f2_s45_persistence/tuning.csv.gz
 create mode 100644 smart_building_conformal/outputs/matched_forecasting005/pleia_energy_h3_f2_s45_v1/units/pleia_energy_h3_f2_s45_persistence/tuning_predictions.csv.gz
 create mode 100644 smart_building_conformal/outputs/matched_forecasting005/pleia_energy_h3_f2_s45_v1/units/pleia_energy_h3_f2_s45_xgboost/COMPLETE.json
 create mode 100644 smart_building_conformal/outputs/matched_forecasting005/pleia_energy_h3_f2_s45_v1/units/pleia_energy_h3_f2_s45_xgboost/booster_config.json
 create mode 100644 smart_building_conformal/outputs/matched_forecasting005/pleia_energy_h3_f2_s45_v1/units/pleia_energy_h3_f2_s45_xgboost/calibration.csv.gz
 create mode 100644 smart_building_conformal/outputs/matched_forecasting005/pleia_energy_h3_f2_s45_v1/units/pleia_energy_h3_f2_s45_xgboost/fitting_membership.csv.gz
 create mode 100644 smart_building_conformal/outputs/matched_forecasting005/pleia_energy_h3_f2_s45_v1/units/pleia_energy_h3_f2_s45_xgboost/model.ubj
 create mode 100644 smart_building_conformal/outputs/matched_forecasting005/pleia_energy_h3_f2_s45_v1/units/pleia_energy_h3_f2_s45_xgboost/payload.json
 create mode 100644 smart_building_conformal/outputs/matched_forecasting005/pleia_energy_h3_f2_s45_v1/units/pleia_energy_h3_f2_s45_xgboost/predictions.csv.gz
 create mode 100644 smart_building_conformal/outputs/matched_forecasting005/pleia_energy_h3_f2_s45_v1/units/pleia_energy_h3_f2_s45_xgboost/training_history.csv.gz
 create mode 100644 smart_building_conformal/outputs/matched_forecasting005/pleia_energy_h3_f2_s45_v1/units/pleia_energy_h3_f2_s45_xgboost/tuning.csv.gz
 create mode 100644 smart_building_conformal/outputs/matched_forecasting005/pleia_energy_h3_f2_s45_v1/units/pleia_energy_h3_f2_s45_xgboost/tuning_predictions.csv.gz
 create mode 100644 smart_building_conformal/outputs/matched_forecasting005/pleia_energy_h6_f2_s45_v1.process.json
 create mode 100644 smart_building_conformal/outputs/matched_forecasting005/pleia_energy_h6_f2_s45_v1/checkpoint_io_20260914T011205452049.json
 create mode 100644 smart_building_conformal/outputs/matched_forecasting005/pleia_energy_h6_f2_s45_v1/checkpoint_manifest.json
 create mode 100644 smart_building_conformal/outputs/matched_forecasting005/pleia_energy_h6_f2_s45_v1/execution_environment.json
 create mode 100644 smart_building_conformal/outputs/matched_forecasting005/pleia_energy_h6_f2_s45_v1/fit_calls.jsonl
 create mode 100644 smart_building_conformal/outputs/matched_forecasting005/pleia_energy_h6_f2_s45_v1/interval_quality.csv
 create mode 100644 smart_building_conformal/outputs/matched_forecasting005/pleia_energy_h6_f2_s45_v1/point_summary.csv
 create mode 100644 smart_building_conformal/outputs/matched_forecasting005/pleia_energy_h6_f2_s45_v1/run_summary.json
 create mode 100644 smart_building_conformal/outputs/matched_forecasting005/pleia_energy_h6_f2_s45_v1/units/pleia_energy_h6_f2_s45_attention_lstm/COMPLETE.json
 create mode 100644 smart_building_conformal/outputs/matched_forecasting005/pleia_energy_h6_f2_s45_v1/units/pleia_energy_h6_f2_s45_attention_lstm/calibration.csv.gz
 create mode 100644 smart_building_conformal/outputs/matched_forecasting005/pleia_energy_h6_f2_s45_v1/units/pleia_energy_h6_f2_s45_attention_lstm/fitting_membership.csv.gz
 create mode 100644 smart_building_conformal/outputs/matched_forecasting005/pleia_energy_h6_f2_s45_v1/units/pleia_energy_h6_f2_s45_attention_lstm/model.pt
 create mode 100644 smart_building_conformal/outputs/matched_forecasting005/pleia_energy_h6_f2_s45_v1/units/pleia_energy_h6_f2_s45_attention_lstm/payload.json
 create mode 100644 smart_building_conformal/outputs/matched_forecasting005/pleia_energy_h6_f2_s45_v1/units/pleia_energy_h6_f2_s45_attention_lstm/predictions.csv.gz
 create mode 100644 smart_building_conformal/outputs/matched_forecasting005/pleia_energy_h6_f2_s45_v1/units/pleia_energy_h6_f2_s45_attention_lstm/training_history.csv.gz
 create mode 100644 smart_building_conformal/outputs/matched_forecasting005/pleia_energy_h6_f2_s45_v1/units/pleia_energy_h6_f2_s45_attention_lstm/tuning.csv.gz
 create mode 100644 smart_building_conformal/outputs/matched_forecasting005/pleia_energy_h6_f2_s45_v1/units/pleia_energy_h6_f2_s45_attention_lstm/tuning_predictions.csv.gz
 create mode 100644 smart_building_conformal/outputs/matched_forecasting005/pleia_energy_h6_f2_s45_v1/units/pleia_energy_h6_f2_s45_persistence/COMPLETE.json
 create mode 100644 smart_building_conformal/outputs/matched_forecasting005/pleia_energy_h6_f2_s45_v1/units/pleia_energy_h6_f2_s45_persistence/calibration.csv.gz
 create mode 100644 smart_building_conformal/outputs/matched_forecasting005/pleia_energy_h6_f2_s45_v1/units/pleia_energy_h6_f2_s45_persistence/fitting_membership.csv.gz
 create mode 100644 smart_building_conformal/outputs/matched_forecasting005/pleia_energy_h6_f2_s45_v1/units/pleia_energy_h6_f2_s45_persistence/model.json
 create mode 100644 smart_building_conformal/outputs/matched_forecasting005/pleia_energy_h6_f2_s45_v1/units/pleia_energy_h6_f2_s45_persistence/payload.json
 create mode 100644 smart_building_conformal/outputs/matched_forecasting005/pleia_energy_h6_f2_s45_v1/units/pleia_energy_h6_f2_s45_persistence/predictions.csv.gz
 create mode 100644 smart_building_conformal/outputs/matched_forecasting005/pleia_energy_h6_f2_s45_v1/units/pleia_energy_h6_f2_s45_persistence/training_history.csv.gz
 create mode 100644 smart_building_conformal/outputs/matched_forecasting005/pleia_energy_h6_f2_s45_v1/units/pleia_energy_h6_f2_s45_persistence/tuning.csv.gz
 create mode 100644 smart_building_conformal/outputs/matched_forecasting005/pleia_energy_h6_f2_s45_v1/units/pleia_energy_h6_f2_s45_persistence/tuning_predictions.csv.gz
 create mode 100644 smart_building_conformal/outputs/matched_forecasting005/pleia_energy_h6_f2_s45_v1/units/pleia_energy_h6_f2_s45_xgboost/COMPLETE.json
 create mode 100644 smart_building_conformal/outputs/matched_forecasting005/pleia_energy_h6_f2_s45_v1/units/pleia_energy_h6_f2_s45_xgboost/booster_config.json
 create mode 100644 smart_building_conformal/outputs/matched_forecasting005/pleia_energy_h6_f2_s45_v1/units/pleia_energy_h6_f2_s45_xgboost/calibration.csv.gz
 create mode 100644 smart_building_conformal/outputs/matched_forecasting005/pleia_energy_h6_f2_s45_v1/units/pleia_energy_h6_f2_s45_xgboost/fitting_membership.csv.gz
 create mode 100644 smart_building_conformal/outputs/matched_forecasting005/pleia_energy_h6_f2_s45_v1/units/pleia_energy_h6_f2_s45_xgboost/model.ubj
 create mode 100644 smart_building_conformal/outputs/matched_forecasting005/pleia_energy_h6_f2_s45_v1/units/pleia_energy_h6_f2_s45_xgboost/payload.json
 create mode 100644 smart_building_conformal/outputs/matched_forecasting005/pleia_energy_h6_f2_s45_v1/units/pleia_energy_h6_f2_s45_xgboost/predictions.csv.gz
 create mode 100644 smart_building_conformal/outputs/matched_forecasting005/pleia_energy_h6_f2_s45_v1/units/pleia_energy_h6_f2_s45_xgboost/training_history.csv.gz
 create mode 100644 smart_building_conformal/outputs/matched_forecasting005/pleia_energy_h6_f2_s45_v1/units/pleia_energy_h6_f2_s45_xgboost/tuning.csv.gz
 create mode 100644 smart_building_conformal/outputs/matched_forecasting005/pleia_energy_h6_f2_s45_v1/units/pleia_energy_h6_f2_s45_xgboost/tuning_predictions.csv.gz
 create mode 100644 smart_building_conformal/outputs/matched_forecasting005/pleia_h1_f2_s45_v1.process.json
 create mode 100644 smart_building_conformal/outputs/matched_forecasting005/pleia_h1_f2_s45_v1/checkpoint_io_20260914T015344834463.json
 create mode 100644 smart_building_conformal/outputs/matched_forecasting005/pleia_h1_f2_s45_v1/checkpoint_manifest.json
 create mode 100644 smart_building_conformal/outputs/matched_forecasting005/pleia_h1_f2_s45_v1/execution_environment.json
 create mode 100644 smart_building_conformal/outputs/matched_forecasting005/pleia_h1_f2_s45_v1/fit_calls.jsonl
 create mode 100644 smart_building_conformal/outputs/matched_forecasting005/pleia_h1_f2_s45_v1/interval_quality.csv
 create mode 100644 smart_building_conformal/outputs/matched_forecasting005/pleia_h1_f2_s45_v1/point_summary.csv
 create mode 100644 smart_building_conformal/outputs/matched_forecasting005/pleia_h1_f2_s45_v1/run_summary.json
 create mode 100644 smart_building_conformal/outputs/matched_forecasting005/pleia_h1_f2_s45_v1/units/pleia_h1_f2_s45_attention_lstm/COMPLETE.json
 create mode 100644 smart_building_conformal/outputs/matched_forecasting005/pleia_h1_f2_s45_v1/units/pleia_h1_f2_s45_attention_lstm/calibration.csv.gz
 create mode 100644 smart_building_conformal/outputs/matched_forecasting005/pleia_h1_f2_s45_v1/units/pleia_h1_f2_s45_attention_lstm/fitting_membership.csv.gz
 create mode 100644 smart_building_conformal/outputs/matched_forecasting005/pleia_h1_f2_s45_v1/units/pleia_h1_f2_s45_attention_lstm/model.pt
 create mode 100644 smart_building_conformal/outputs/matched_forecasting005/pleia_h1_f2_s45_v1/units/pleia_h1_f2_s45_attention_lstm/payload.json
 create mode 100644 smart_building_conformal/outputs/matched_forecasting005/pleia_h1_f2_s45_v1/units/pleia_h1_f2_s45_attention_lstm/predictions.csv.gz
 create mode 100644 smart_building_conformal/outputs/matched_forecasting005/pleia_h1_f2_s45_v1/units/pleia_h1_f2_s45_attention_lstm/training_history.csv.gz
 create mode 100644 smart_building_conformal/outputs/matched_forecasting005/pleia_h1_f2_s45_v1/units/pleia_h1_f2_s45_attention_lstm/tuning.csv.gz
 create mode 100644 smart_building_conformal/outputs/matched_forecasting005/pleia_h1_f2_s45_v1/units/pleia_h1_f2_s45_attention_lstm/tuning_predictions.csv.gz
 create mode 100644 smart_building_conformal/outputs/matched_forecasting005/pleia_h1_f2_s45_v1/units/pleia_h1_f2_s45_persistence/COMPLETE.json
 create mode 100644 smart_building_conformal/outputs/matched_forecasting005/pleia_h1_f2_s45_v1/units/pleia_h1_f2_s45_persistence/calibration.csv.gz
 create mode 100644 smart_building_conformal/outputs/matched_forecasting005/pleia_h1_f2_s45_v1/units/pleia_h1_f2_s45_persistence/fitting_membership.csv.gz
 create mode 100644 smart_building_conformal/outputs/matched_forecasting005/pleia_h1_f2_s45_v1/units/pleia_h1_f2_s45_persistence/model.json
 create mode 100644 smart_building_conformal/outputs/matched_forecasting005/pleia_h1_f2_s45_v1/units/pleia_h1_f2_s45_persistence/payload.json
 create mode 100644 smart_building_conformal/outputs/matched_forecasting005/pleia_h1_f2_s45_v1/units/pleia_h1_f2_s45_persistence/predictions.csv.gz
 create mode 100644 smart_building_conformal/outputs/matched_forecasting005/pleia_h1_f2_s45_v1/units/pleia_h1_f2_s45_persistence/training_history.csv.gz
 create mode 100644 smart_building_conformal/outputs/matched_forecasting005/pleia_h1_f2_s45_v1/units/pleia_h1_f2_s45_persistence/tuning.csv.gz
 create mode 100644 smart_building_conformal/outputs/matched_forecasting005/pleia_h1_f2_s45_v1/units/pleia_h1_f2_s45_persistence/tuning_predictions.csv.gz
 create mode 100644 smart_building_conformal/outputs/matched_forecasting005/pleia_h1_f2_s45_v1/units/pleia_h1_f2_s45_xgboost/COMPLETE.json
 create mode 100644 smart_building_conformal/outputs/matched_forecasting005/pleia_h1_f2_s45_v1/units/pleia_h1_f2_s45_xgboost/booster_config.json
 create mode 100644 smart_building_conformal/outputs/matched_forecasting005/pleia_h1_f2_s45_v1/units/pleia_h1_f2_s45_xgboost/calibration.csv.gz
 create mode 100644 smart_building_conformal/outputs/matched_forecasting005/pleia_h1_f2_s45_v1/units/pleia_h1_f2_s45_xgboost/fitting_membership.csv.gz
 create mode 100644 smart_building_conformal/outputs/matched_forecasting005/pleia_h1_f2_s45_v1/units/pleia_h1_f2_s45_xgboost/model.ubj
 create mode 100644 smart_building_conformal/outputs/matched_forecasting005/pleia_h1_f2_s45_v1/units/pleia_h1_f2_s45_xgboost/payload.json
 create mode 100644 smart_building_conformal/outputs/matched_forecasting005/pleia_h1_f2_s45_v1/units/pleia_h1_f2_s45_xgboost/predictions.csv.gz
 create mode 100644 smart_building_conformal/outputs/matched_forecasting005/pleia_h1_f2_s45_v1/units/pleia_h1_f2_s45_xgboost/training_history.csv.gz
 create mode 100644 smart_building_conformal/outputs/matched_forecasting005/pleia_h1_f2_s45_v1/units/pleia_h1_f2_s45_xgboost/tuning.csv.gz
 create mode 100644 smart_building_conformal/outputs/matched_forecasting005/pleia_h1_f2_s45_v1/units/pleia_h1_f2_s45_xgboost/tuning_predictions.csv.gz
 create mode 100644 smart_building_conformal/outputs/matched_forecasting005/pleia_h3_f2_s45_v1.process.json
 create mode 100644 smart_building_conformal/outputs/matched_forecasting005/pleia_h3_f2_s45_v1/checkpoint_io_20260914T015755869235.json
 create mode 100644 smart_building_conformal/outputs/matched_forecasting005/pleia_h3_f2_s45_v1/checkpoint_manifest.json
 create mode 100644 smart_building_conformal/outputs/matched_forecasting005/pleia_h3_f2_s45_v1/execution_environment.json
 create mode 100644 smart_building_conformal/outputs/matched_forecasting005/pleia_h3_f2_s45_v1/fit_calls.jsonl
 create mode 100644 smart_building_conformal/outputs/matched_forecasting005/pleia_h3_f2_s45_v1/interval_quality.csv
 create mode 100644 smart_building_conformal/outputs/matched_forecasting005/pleia_h3_f2_s45_v1/point_summary.csv
 create mode 100644 smart_building_conformal/outputs/matched_forecasting005/pleia_h3_f2_s45_v1/run_summary.json
 create mode 100644 smart_building_conformal/outputs/matched_forecasting005/pleia_h3_f2_s45_v1/units/pleia_h3_f2_s45_attention_lstm/COMPLETE.json
 create mode 100644 smart_building_conformal/outputs/matched_forecasting005/pleia_h3_f2_s45_v1/units/pleia_h3_f2_s45_attention_lstm/calibration.csv.gz
 create mode 100644 smart_building_conformal/outputs/matched_forecasting005/pleia_h3_f2_s45_v1/units/pleia_h3_f2_s45_attention_lstm/fitting_membership.csv.gz
 create mode 100644 smart_building_conformal/outputs/matched_forecasting005/pleia_h3_f2_s45_v1/units/pleia_h3_f2_s45_attention_lstm/model.pt
 create mode 100644 smart_building_conformal/outputs/matched_forecasting005/pleia_h3_f2_s45_v1/units/pleia_h3_f2_s45_attention_lstm/payload.json
 create mode 100644 smart_building_conformal/outputs/matched_forecasting005/pleia_h3_f2_s45_v1/units/pleia_h3_f2_s45_attention_lstm/predictions.csv.gz
 create mode 100644 smart_building_conformal/outputs/matched_forecasting005/pleia_h3_f2_s45_v1/units/pleia_h3_f2_s45_attention_lstm/training_history.csv.gz
 create mode 100644 smart_building_conformal/outputs/matched_forecasting005/pleia_h3_f2_s45_v1/units/pleia_h3_f2_s45_attention_lstm/tuning.csv.gz
 create mode 100644 smart_building_conformal/outputs/matched_forecasting005/pleia_h3_f2_s45_v1/units/pleia_h3_f2_s45_attention_lstm/tuning_predictions.csv.gz
 create mode 100644 smart_building_conformal/outputs/matched_forecasting005/pleia_h3_f2_s45_v1/units/pleia_h3_f2_s45_persistence/COMPLETE.json
 create mode 100644 smart_building_conformal/outputs/matched_forecasting005/pleia_h3_f2_s45_v1/units/pleia_h3_f2_s45_persistence/calibration.csv.gz
 create mode 100644 smart_building_conformal/outputs/matched_forecasting005/pleia_h3_f2_s45_v1/units/pleia_h3_f2_s45_persistence/fitting_membership.csv.gz
 create mode 100644 smart_building_conformal/outputs/matched_forecasting005/pleia_h3_f2_s45_v1/units/pleia_h3_f2_s45_persistence/model.json
 create mode 100644 smart_building_conformal/outputs/matched_forecasting005/pleia_h3_f2_s45_v1/units/pleia_h3_f2_s45_persistence/payload.json
 create mode 100644 smart_building_conformal/outputs/matched_forecasting005/pleia_h3_f2_s45_v1/units/pleia_h3_f2_s45_persistence/predictions.csv.gz
 create mode 100644 smart_building_conformal/outputs/matched_forecasting005/pleia_h3_f2_s45_v1/units/pleia_h3_f2_s45_persistence/training_history.csv.gz
 create mode 100644 smart_building_conformal/outputs/matched_forecasting005/pleia_h3_f2_s45_v1/units/pleia_h3_f2_s45_persistence/tuning.csv.gz
 create mode 100644 smart_building_conformal/outputs/matched_forecasting005/pleia_h3_f2_s45_v1/units/pleia_h3_f2_s45_persistence/tuning_predictions.csv.gz
 create mode 100644 smart_building_conformal/outputs/matched_forecasting005/pleia_h3_f2_s45_v1/units/pleia_h3_f2_s45_xgboost/COMPLETE.json
 create mode 100644 smart_building_conformal/outputs/matched_forecasting005/pleia_h3_f2_s45_v1/units/pleia_h3_f2_s45_xgboost/booster_config.json
 create mode 100644 smart_building_conformal/outputs/matched_forecasting005/pleia_h3_f2_s45_v1/units/pleia_h3_f2_s45_xgboost/calibration.csv.gz
 create mode 100644 smart_building_conformal/outputs/matched_forecasting005/pleia_h3_f2_s45_v1/units/pleia_h3_f2_s45_xgboost/fitting_membership.csv.gz
 create mode 100644 smart_building_conformal/outputs/matched_forecasting005/pleia_h3_f2_s45_v1/units/pleia_h3_f2_s45_xgboost/model.ubj
 create mode 100644 smart_building_conformal/outputs/matched_forecasting005/pleia_h3_f2_s45_v1/units/pleia_h3_f2_s45_xgboost/payload.json
 create mode 100644 smart_building_conformal/outputs/matched_forecasting005/pleia_h3_f2_s45_v1/units/pleia_h3_f2_s45_xgboost/predictions.csv.gz
 create mode 100644 smart_building_conformal/outputs/matched_forecasting005/pleia_h3_f2_s45_v1/units/pleia_h3_f2_s45_xgboost/training_history.csv.gz
 create mode 100644 smart_building_conformal/outputs/matched_forecasting005/pleia_h3_f2_s45_v1/units/pleia_h3_f2_s45_xgboost/tuning.csv.gz
 create mode 100644 smart_building_conformal/outputs/matched_forecasting005/pleia_h3_f2_s45_v1/units/pleia_h3_f2_s45_xgboost/tuning_predictions.csv.gz
 create mode 100644 smart_building_conformal/outputs/matched_forecasting005/pleia_h6_f2_s45_v1.process.json
 create mode 100644 smart_building_conformal/outputs/matched_forecasting005/pleia_h6_f2_s45_v1/checkpoint_io_20260914T020042859298.json
 create mode 100644 smart_building_conformal/outputs/matched_forecasting005/pleia_h6_f2_s45_v1/checkpoint_manifest.json
 create mode 100644 smart_building_conformal/outputs/matched_forecasting005/pleia_h6_f2_s45_v1/execution_environment.json
 create mode 100644 smart_building_conformal/outputs/matched_forecasting005/pleia_h6_f2_s45_v1/fit_calls.jsonl
 create mode 100644 smart_building_conformal/outputs/matched_forecasting005/pleia_h6_f2_s45_v1/interval_quality.csv
 create mode 100644 smart_building_conformal/outputs/matched_forecasting005/pleia_h6_f2_s45_v1/point_summary.csv
 create mode 100644 smart_building_conformal/outputs/matched_forecasting005/pleia_h6_f2_s45_v1/run_summary.json
 create mode 100644 smart_building_conformal/outputs/matched_forecasting005/pleia_h6_f2_s45_v1/units/pleia_h6_f2_s45_attention_lstm/COMPLETE.json
 create mode 100644 smart_building_conformal/outputs/matched_forecasting005/pleia_h6_f2_s45_v1/units/pleia_h6_f2_s45_attention_lstm/calibration.csv.gz
 create mode 100644 smart_building_conformal/outputs/matched_forecasting005/pleia_h6_f2_s45_v1/units/pleia_h6_f2_s45_attention_lstm/fitting_membership.csv.gz
 create mode 100644 smart_building_conformal/outputs/matched_forecasting005/pleia_h6_f2_s45_v1/units/pleia_h6_f2_s45_attention_lstm/model.pt
 create mode 100644 smart_building_conformal/outputs/matched_forecasting005/pleia_h6_f2_s45_v1/units/pleia_h6_f2_s45_attention_lstm/payload.json
 create mode 100644 smart_building_conformal/outputs/matched_forecasting005/pleia_h6_f2_s45_v1/units/pleia_h6_f2_s45_attention_lstm/predictions.csv.gz
 create mode 100644 smart_building_conformal/outputs/matched_forecasting005/pleia_h6_f2_s45_v1/units/pleia_h6_f2_s45_attention_lstm/training_history.csv.gz
 create mode 100644 smart_building_conformal/outputs/matched_forecasting005/pleia_h6_f2_s45_v1/units/pleia_h6_f2_s45_attention_lstm/tuning.csv.gz
 create mode 100644 smart_building_conformal/outputs/matched_forecasting005/pleia_h6_f2_s45_v1/units/pleia_h6_f2_s45_attention_lstm/tuning_predictions.csv.gz
 create mode 100644 smart_building_conformal/outputs/matched_forecasting005/pleia_h6_f2_s45_v1/units/pleia_h6_f2_s45_persistence/COMPLETE.json
 create mode 100644 smart_building_conformal/outputs/matched_forecasting005/pleia_h6_f2_s45_v1/units/pleia_h6_f2_s45_persistence/calibration.csv.gz
 create mode 100644 smart_building_conformal/outputs/matched_forecasting005/pleia_h6_f2_s45_v1/units/pleia_h6_f2_s45_persistence/fitting_membership.csv.gz
 create mode 100644 smart_building_conformal/outputs/matched_forecasting005/pleia_h6_f2_s45_v1/units/pleia_h6_f2_s45_persistence/model.json
 create mode 100644 smart_building_conformal/outputs/matched_forecasting005/pleia_h6_f2_s45_v1/units/pleia_h6_f2_s45_persistence/payload.json
 create mode 100644 smart_building_conformal/outputs/matched_forecasting005/pleia_h6_f2_s45_v1/units/pleia_h6_f2_s45_persistence/predictions.csv.gz
 create mode 100644 smart_building_conformal/outputs/matched_forecasting005/pleia_h6_f2_s45_v1/units/pleia_h6_f2_s45_persistence/training_history.csv.gz
 create mode 100644 smart_building_conformal/outputs/matched_forecasting005/pleia_h6_f2_s45_v1/units/pleia_h6_f2_s45_persistence/tuning.csv.gz
 create mode 100644 smart_building_conformal/outputs/matched_forecasting005/pleia_h6_f2_s45_v1/units/pleia_h6_f2_s45_persistence/tuning_predictions.csv.gz
 create mode 100644 smart_building_conformal/outputs/matched_forecasting005/pleia_h6_f2_s45_v1/units/pleia_h6_f2_s45_xgboost/COMPLETE.json
 create mode 100644 smart_building_conformal/outputs/matched_forecasting005/pleia_h6_f2_s45_v1/units/pleia_h6_f2_s45_xgboost/booster_config.json
 create mode 100644 smart_building_conformal/outputs/matched_forecasting005/pleia_h6_f2_s45_v1/units/pleia_h6_f2_s45_xgboost/calibration.csv.gz
 create mode 100644 smart_building_conformal/outputs/matched_forecasting005/pleia_h6_f2_s45_v1/units/pleia_h6_f2_s45_xgboost/fitting_membership.csv.gz
 create mode 100644 smart_building_conformal/outputs/matched_forecasting005/pleia_h6_f2_s45_v1/units/pleia_h6_f2_s45_xgboost/model.ubj
 create mode 100644 smart_building_conformal/outputs/matched_forecasting005/pleia_h6_f2_s45_v1/units/pleia_h6_f2_s45_xgboost/payload.json
 create mode 100644 smart_building_conformal/outputs/matched_forecasting005/pleia_h6_f2_s45_v1/units/pleia_h6_f2_s45_xgboost/predictions.csv.gz
 create mode 100644 smart_building_conformal/outputs/matched_forecasting005/pleia_h6_f2_s45_v1/units/pleia_h6_f2_s45_xgboost/training_history.csv.gz
 create mode 100644 smart_building_conformal/outputs/matched_forecasting005/pleia_h6_f2_s45_v1/units/pleia_h6_f2_s45_xgboost/tuning.csv.gz
 create mode 100644 smart_building_conformal/outputs/matched_forecasting005/pleia_h6_f2_s45_v1/units/pleia_h6_f2_s45_xgboost/tuning_predictions.csv.gz
 create mode 100644 smart_building_conformal/outputs/matched_forecasting005/rico_h15_f2_s45_v1.process.json
 create mode 100644 smart_building_conformal/outputs/matched_forecasting005/rico_h15_f2_s45_v1/checkpoint_io_20260914T011710385512.json
 create mode 100644 smart_building_conformal/outputs/matched_forecasting005/rico_h15_f2_s45_v1/checkpoint_manifest.json
 create mode 100644 smart_building_conformal/outputs/matched_forecasting005/rico_h15_f2_s45_v1/execution_environment.json
 create mode 100644 smart_building_conformal/outputs/matched_forecasting005/rico_h15_f2_s45_v1/fit_calls.jsonl
 create mode 100644 smart_building_conformal/outputs/matched_forecasting005/rico_h15_f2_s45_v1/interval_quality.csv
 create mode 100644 smart_building_conformal/outputs/matched_forecasting005/rico_h15_f2_s45_v1/point_summary.csv
 create mode 100644 smart_building_conformal/outputs/matched_forecasting005/rico_h15_f2_s45_v1/run_summary.json
 create mode 100644 smart_building_conformal/outputs/matched_forecasting005/rico_h15_f2_s45_v1/units/rico_h15_f2_s45_attention_lstm/COMPLETE.json
 create mode 100644 smart_building_conformal/outputs/matched_forecasting005/rico_h15_f2_s45_v1/units/rico_h15_f2_s45_attention_lstm/calibration.csv.gz
 create mode 100644 smart_building_conformal/outputs/matched_forecasting005/rico_h15_f2_s45_v1/units/rico_h15_f2_s45_attention_lstm/fitting_membership.csv.gz
 create mode 100644 smart_building_conformal/outputs/matched_forecasting005/rico_h15_f2_s45_v1/units/rico_h15_f2_s45_attention_lstm/model.pt
 create mode 100644 smart_building_conformal/outputs/matched_forecasting005/rico_h15_f2_s45_v1/units/rico_h15_f2_s45_attention_lstm/payload.json
 create mode 100644 smart_building_conformal/outputs/matched_forecasting005/rico_h15_f2_s45_v1/units/rico_h15_f2_s45_attention_lstm/predictions.csv.gz
 create mode 100644 smart_building_conformal/outputs/matched_forecasting005/rico_h15_f2_s45_v1/units/rico_h15_f2_s45_attention_lstm/training_history.csv.gz
 create mode 100644 smart_building_conformal/outputs/matched_forecasting005/rico_h15_f2_s45_v1/units/rico_h15_f2_s45_attention_lstm/tuning.csv.gz
 create mode 100644 smart_building_conformal/outputs/matched_forecasting005/rico_h15_f2_s45_v1/units/rico_h15_f2_s45_attention_lstm/tuning_predictions.csv.gz
 create mode 100644 smart_building_conformal/outputs/matched_forecasting005/rico_h15_f2_s45_v1/units/rico_h15_f2_s45_persistence/COMPLETE.json
 create mode 100644 smart_building_conformal/outputs/matched_forecasting005/rico_h15_f2_s45_v1/units/rico_h15_f2_s45_persistence/calibration.csv.gz
 create mode 100644 smart_building_conformal/outputs/matched_forecasting005/rico_h15_f2_s45_v1/units/rico_h15_f2_s45_persistence/fitting_membership.csv.gz
 create mode 100644 smart_building_conformal/outputs/matched_forecasting005/rico_h15_f2_s45_v1/units/rico_h15_f2_s45_persistence/model.json
 create mode 100644 smart_building_conformal/outputs/matched_forecasting005/rico_h15_f2_s45_v1/units/rico_h15_f2_s45_persistence/payload.json
 create mode 100644 smart_building_conformal/outputs/matched_forecasting005/rico_h15_f2_s45_v1/units/rico_h15_f2_s45_persistence/predictions.csv.gz
 create mode 100644 smart_building_conformal/outputs/matched_forecasting005/rico_h15_f2_s45_v1/units/rico_h15_f2_s45_persistence/training_history.csv.gz
 create mode 100644 smart_building_conformal/outputs/matched_forecasting005/rico_h15_f2_s45_v1/units/rico_h15_f2_s45_persistence/tuning.csv.gz
 create mode 100644 smart_building_conformal/outputs/matched_forecasting005/rico_h15_f2_s45_v1/units/rico_h15_f2_s45_persistence/tuning_predictions.csv.gz
 create mode 100644 smart_building_conformal/outputs/matched_forecasting005/rico_h15_f2_s45_v1/units/rico_h15_f2_s45_xgboost/COMPLETE.json
 create mode 100644 smart_building_conformal/outputs/matched_forecasting005/rico_h15_f2_s45_v1/units/rico_h15_f2_s45_xgboost/booster_config.json
 create mode 100644 smart_building_conformal/outputs/matched_forecasting005/rico_h15_f2_s45_v1/units/rico_h15_f2_s45_xgboost/calibration.csv.gz
 create mode 100644 smart_building_conformal/outputs/matched_forecasting005/rico_h15_f2_s45_v1/units/rico_h15_f2_s45_xgboost/fitting_membership.csv.gz
 create mode 100644 smart_building_conformal/outputs/matched_forecasting005/rico_h15_f2_s45_v1/units/rico_h15_f2_s45_xgboost/model.ubj
 create mode 100644 smart_building_conformal/outputs/matched_forecasting005/rico_h15_f2_s45_v1/units/rico_h15_f2_s45_xgboost/payload.json
 create mode 100644 smart_building_conformal/outputs/matched_forecasting005/rico_h15_f2_s45_v1/units/rico_h15_f2_s45_xgboost/predictions.csv.gz
 create mode 100644 smart_building_conformal/outputs/matched_forecasting005/rico_h15_f2_s45_v1/units/rico_h15_f2_s45_xgboost/training_history.csv.gz
 create mode 100644 smart_building_conformal/outputs/matched_forecasting005/rico_h15_f2_s45_v1/units/rico_h15_f2_s45_xgboost/tuning.csv.gz
 create mode 100644 smart_building_conformal/outputs/matched_forecasting005/rico_h15_f2_s45_v1/units/rico_h15_f2_s45_xgboost/tuning_predictions.csv.gz
 create mode 100644 smart_building_conformal/outputs/matched_forecasting005/rico_h30_f2_s45_v1.process.json
 create mode 100644 smart_building_conformal/outputs/matched_forecasting005/rico_h30_f2_s45_v1/checkpoint_io_20260914T011930043453.json
 create mode 100644 smart_building_conformal/outputs/matched_forecasting005/rico_h30_f2_s45_v1/checkpoint_manifest.json
 create mode 100644 smart_building_conformal/outputs/matched_forecasting005/rico_h30_f2_s45_v1/execution_environment.json
 create mode 100644 smart_building_conformal/outputs/matched_forecasting005/rico_h30_f2_s45_v1/fit_calls.jsonl
 create mode 100644 smart_building_conformal/outputs/matched_forecasting005/rico_h30_f2_s45_v1/interval_quality.csv
 create mode 100644 smart_building_conformal/outputs/matched_forecasting005/rico_h30_f2_s45_v1/point_summary.csv
 create mode 100644 smart_building_conformal/outputs/matched_forecasting005/rico_h30_f2_s45_v1/run_summary.json
 create mode 100644 smart_building_conformal/outputs/matched_forecasting005/rico_h30_f2_s45_v1/units/rico_h30_f2_s45_attention_lstm/COMPLETE.json
 create mode 100644 smart_building_conformal/outputs/matched_forecasting005/rico_h30_f2_s45_v1/units/rico_h30_f2_s45_attention_lstm/calibration.csv.gz
 create mode 100644 smart_building_conformal/outputs/matched_forecasting005/rico_h30_f2_s45_v1/units/rico_h30_f2_s45_attention_lstm/fitting_membership.csv.gz
 create mode 100644 smart_building_conformal/outputs/matched_forecasting005/rico_h30_f2_s45_v1/units/rico_h30_f2_s45_attention_lstm/model.pt
 create mode 100644 smart_building_conformal/outputs/matched_forecasting005/rico_h30_f2_s45_v1/units/rico_h30_f2_s45_attention_lstm/payload.json
 create mode 100644 smart_building_conformal/outputs/matched_forecasting005/rico_h30_f2_s45_v1/units/rico_h30_f2_s45_attention_lstm/predictions.csv.gz
 create mode 100644 smart_building_conformal/outputs/matched_forecasting005/rico_h30_f2_s45_v1/units/rico_h30_f2_s45_attention_lstm/training_history.csv.gz
 create mode 100644 smart_building_conformal/outputs/matched_forecasting005/rico_h30_f2_s45_v1/units/rico_h30_f2_s45_attention_lstm/tuning.csv.gz
 create mode 100644 smart_building_conformal/outputs/matched_forecasting005/rico_h30_f2_s45_v1/units/rico_h30_f2_s45_attention_lstm/tuning_predictions.csv.gz
 create mode 100644 smart_building_conformal/outputs/matched_forecasting005/rico_h30_f2_s45_v1/units/rico_h30_f2_s45_persistence/COMPLETE.json
 create mode 100644 smart_building_conformal/outputs/matched_forecasting005/rico_h30_f2_s45_v1/units/rico_h30_f2_s45_persistence/calibration.csv.gz
 create mode 100644 smart_building_conformal/outputs/matched_forecasting005/rico_h30_f2_s45_v1/units/rico_h30_f2_s45_persistence/fitting_membership.csv.gz
 create mode 100644 smart_building_conformal/outputs/matched_forecasting005/rico_h30_f2_s45_v1/units/rico_h30_f2_s45_persistence/model.json
 create mode 100644 smart_building_conformal/outputs/matched_forecasting005/rico_h30_f2_s45_v1/units/rico_h30_f2_s45_persistence/payload.json
 create mode 100644 smart_building_conformal/outputs/matched_forecasting005/rico_h30_f2_s45_v1/units/rico_h30_f2_s45_persistence/predictions.csv.gz
 create mode 100644 smart_building_conformal/outputs/matched_forecasting005/rico_h30_f2_s45_v1/units/rico_h30_f2_s45_persistence/training_history.csv.gz
 create mode 100644 smart_building_conformal/outputs/matched_forecasting005/rico_h30_f2_s45_v1/units/rico_h30_f2_s45_persistence/tuning.csv.gz
 create mode 100644 smart_building_conformal/outputs/matched_forecasting005/rico_h30_f2_s45_v1/units/rico_h30_f2_s45_persistence/tuning_predictions.csv.gz
 create mode 100644 smart_building_conformal/outputs/matched_forecasting005/rico_h30_f2_s45_v1/units/rico_h30_f2_s45_xgboost/COMPLETE.json
 create mode 100644 smart_building_conformal/outputs/matched_forecasting005/rico_h30_f2_s45_v1/units/rico_h30_f2_s45_xgboost/booster_config.json
 create mode 100644 smart_building_conformal/outputs/matched_forecasting005/rico_h30_f2_s45_v1/units/rico_h30_f2_s45_xgboost/calibration.csv.gz
 create mode 100644 smart_building_conformal/outputs/matched_forecasting005/rico_h30_f2_s45_v1/units/rico_h30_f2_s45_xgboost/fitting_membership.csv.gz
 create mode 100644 smart_building_conformal/outputs/matched_forecasting005/rico_h30_f2_s45_v1/units/rico_h30_f2_s45_xgboost/model.ubj
 create mode 100644 smart_building_conformal/outputs/matched_forecasting005/rico_h30_f2_s45_v1/units/rico_h30_f2_s45_xgboost/payload.json
 create mode 100644 smart_building_conformal/outputs/matched_forecasting005/rico_h30_f2_s45_v1/units/rico_h30_f2_s45_xgboost/predictions.csv.gz
 create mode 100644 smart_building_conformal/outputs/matched_forecasting005/rico_h30_f2_s45_v1/units/rico_h30_f2_s45_xgboost/training_history.csv.gz
 create mode 100644 smart_building_conformal/outputs/matched_forecasting005/rico_h30_f2_s45_v1/units/rico_h30_f2_s45_xgboost/tuning.csv.gz
 create mode 100644 smart_building_conformal/outputs/matched_forecasting005/rico_h30_f2_s45_v1/units/rico_h30_f2_s45_xgboost/tuning_predictions.csv.gz
 create mode 100644 smart_building_conformal/outputs/matched_forecasting005/rico_h5_f2_s45_v1.process.json
 create mode 100644 smart_building_conformal/outputs/matched_forecasting005/rico_h5_f2_s45_v1/checkpoint_io_20260914T011439867559.json
 create mode 100644 smart_building_conformal/outputs/matched_forecasting005/rico_h5_f2_s45_v1/checkpoint_manifest.json
 create mode 100644 smart_building_conformal/outputs/matched_forecasting005/rico_h5_f2_s45_v1/execution_environment.json
 create mode 100644 smart_building_conformal/outputs/matched_forecasting005/rico_h5_f2_s45_v1/fit_calls.jsonl
 create mode 100644 smart_building_conformal/outputs/matched_forecasting005/rico_h5_f2_s45_v1/interval_quality.csv
 create mode 100644 smart_building_conformal/outputs/matched_forecasting005/rico_h5_f2_s45_v1/point_summary.csv
 create mode 100644 smart_building_conformal/outputs/matched_forecasting005/rico_h5_f2_s45_v1/run_summary.json
 create mode 100644 smart_building_conformal/outputs/matched_forecasting005/rico_h5_f2_s45_v1/units/rico_h5_f2_s45_attention_lstm/COMPLETE.json
 create mode 100644 smart_building_conformal/outputs/matched_forecasting005/rico_h5_f2_s45_v1/units/rico_h5_f2_s45_attention_lstm/calibration.csv.gz
 create mode 100644 smart_building_conformal/outputs/matched_forecasting005/rico_h5_f2_s45_v1/units/rico_h5_f2_s45_attention_lstm/fitting_membership.csv.gz
 create mode 100644 smart_building_conformal/outputs/matched_forecasting005/rico_h5_f2_s45_v1/units/rico_h5_f2_s45_attention_lstm/model.pt
 create mode 100644 smart_building_conformal/outputs/matched_forecasting005/rico_h5_f2_s45_v1/units/rico_h5_f2_s45_attention_lstm/payload.json
 create mode 100644 smart_building_conformal/outputs/matched_forecasting005/rico_h5_f2_s45_v1/units/rico_h5_f2_s45_attention_lstm/predictions.csv.gz
 create mode 100644 smart_building_conformal/outputs/matched_forecasting005/rico_h5_f2_s45_v1/units/rico_h5_f2_s45_attention_lstm/training_history.csv.gz
 create mode 100644 smart_building_conformal/outputs/matched_forecasting005/rico_h5_f2_s45_v1/units/rico_h5_f2_s45_attention_lstm/tuning.csv.gz
 create mode 100644 smart_building_conformal/outputs/matched_forecasting005/rico_h5_f2_s45_v1/units/rico_h5_f2_s45_attention_lstm/tuning_predictions.csv.gz
 create mode 100644 smart_building_conformal/outputs/matched_forecasting005/rico_h5_f2_s45_v1/units/rico_h5_f2_s45_persistence/COMPLETE.json
 create mode 100644 smart_building_conformal/outputs/matched_forecasting005/rico_h5_f2_s45_v1/units/rico_h5_f2_s45_persistence/calibration.csv.gz
 create mode 100644 smart_building_conformal/outputs/matched_forecasting005/rico_h5_f2_s45_v1/units/rico_h5_f2_s45_persistence/fitting_membership.csv.gz
 create mode 100644 smart_building_conformal/outputs/matched_forecasting005/rico_h5_f2_s45_v1/units/rico_h5_f2_s45_persistence/model.json
 create mode 100644 smart_building_conformal/outputs/matched_forecasting005/rico_h5_f2_s45_v1/units/rico_h5_f2_s45_persistence/payload.json
 create mode 100644 smart_building_conformal/outputs/matched_forecasting005/rico_h5_f2_s45_v1/units/rico_h5_f2_s45_persistence/predictions.csv.gz
 create mode 100644 smart_building_conformal/outputs/matched_forecasting005/rico_h5_f2_s45_v1/units/rico_h5_f2_s45_persistence/training_history.csv.gz
 create mode 100644 smart_building_conformal/outputs/matched_forecasting005/rico_h5_f2_s45_v1/units/rico_h5_f2_s45_persistence/tuning.csv.gz
 create mode 100644 smart_building_conformal/outputs/matched_forecasting005/rico_h5_f2_s45_v1/units/rico_h5_f2_s45_persistence/tuning_predictions.csv.gz
 create mode 100644 smart_building_conformal/outputs/matched_forecasting005/rico_h5_f2_s45_v1/units/rico_h5_f2_s45_xgboost/COMPLETE.json
 create mode 100644 smart_building_conformal/outputs/matched_forecasting005/rico_h5_f2_s45_v1/units/rico_h5_f2_s45_xgboost/booster_config.json
 create mode 100644 smart_building_conformal/outputs/matched_forecasting005/rico_h5_f2_s45_v1/units/rico_h5_f2_s45_xgboost/calibration.csv.gz
 create mode 100644 smart_building_conformal/outputs/matched_forecasting005/rico_h5_f2_s45_v1/units/rico_h5_f2_s45_xgboost/fitting_membership.csv.gz
 create mode 100644 smart_building_conformal/outputs/matched_forecasting005/rico_h5_f2_s45_v1/units/rico_h5_f2_s45_xgboost/model.ubj
 create mode 100644 smart_building_conformal/outputs/matched_forecasting005/rico_h5_f2_s45_v1/units/rico_h5_f2_s45_xgboost/payload.json
 create mode 100644 smart_building_conformal/outputs/matched_forecasting005/rico_h5_f2_s45_v1/units/rico_h5_f2_s45_xgboost/predictions.csv.gz
 create mode 100644 smart_building_conformal/outputs/matched_forecasting005/rico_h5_f2_s45_v1/units/rico_h5_f2_s45_xgboost/training_history.csv.gz
 create mode 100644 smart_building_conformal/outputs/matched_forecasting005/rico_h5_f2_s45_v1/units/rico_h5_f2_s45_xgboost/tuning.csv.gz
 create mode 100644 smart_building_conformal/outputs/matched_forecasting005/rico_h5_f2_s45_v1/units/rico_h5_f2_s45_xgboost/tuning_predictions.csv.gz
 create mode 100644 smart_building_conformal/outputs/matched_forecasting005/rico_h60_f2_s45_v1.process.json
 create mode 100644 smart_building_conformal/outputs/matched_forecasting005/rico_h60_f2_s45_v1/checkpoint_io_20260914T012145665895.json
 create mode 100644 smart_building_conformal/outputs/matched_forecasting005/rico_h60_f2_s45_v1/checkpoint_manifest.json
 create mode 100644 smart_building_conformal/outputs/matched_forecasting005/rico_h60_f2_s45_v1/execution_environment.json
 create mode 100644 smart_building_conformal/outputs/matched_forecasting005/rico_h60_f2_s45_v1/fit_calls.jsonl
 create mode 100644 smart_building_conformal/outputs/matched_forecasting005/rico_h60_f2_s45_v1/interval_quality.csv
 create mode 100644 smart_building_conformal/outputs/matched_forecasting005/rico_h60_f2_s45_v1/point_summary.csv
 create mode 100644 smart_building_conformal/outputs/matched_forecasting005/rico_h60_f2_s45_v1/run_summary.json
 create mode 100644 smart_building_conformal/outputs/matched_forecasting005/rico_h60_f2_s45_v1/units/rico_h60_f2_s45_attention_lstm/COMPLETE.json
 create mode 100644 smart_building_conformal/outputs/matched_forecasting005/rico_h60_f2_s45_v1/units/rico_h60_f2_s45_attention_lstm/calibration.csv.gz
 create mode 100644 smart_building_conformal/outputs/matched_forecasting005/rico_h60_f2_s45_v1/units/rico_h60_f2_s45_attention_lstm/fitting_membership.csv.gz
 create mode 100644 smart_building_conformal/outputs/matched_forecasting005/rico_h60_f2_s45_v1/units/rico_h60_f2_s45_attention_lstm/model.pt
 create mode 100644 smart_building_conformal/outputs/matched_forecasting005/rico_h60_f2_s45_v1/units/rico_h60_f2_s45_attention_lstm/payload.json
 create mode 100644 smart_building_conformal/outputs/matched_forecasting005/rico_h60_f2_s45_v1/units/rico_h60_f2_s45_attention_lstm/predictions.csv.gz
 create mode 100644 smart_building_conformal/outputs/matched_forecasting005/rico_h60_f2_s45_v1/units/rico_h60_f2_s45_attention_lstm/training_history.csv.gz
 create mode 100644 smart_building_conformal/outputs/matched_forecasting005/rico_h60_f2_s45_v1/units/rico_h60_f2_s45_attention_lstm/tuning.csv.gz
 create mode 100644 smart_building_conformal/outputs/matched_forecasting005/rico_h60_f2_s45_v1/units/rico_h60_f2_s45_attention_lstm/tuning_predictions.csv.gz
 create mode 100644 smart_building_conformal/outputs/matched_forecasting005/rico_h60_f2_s45_v1/units/rico_h60_f2_s45_persistence/COMPLETE.json
 create mode 100644 smart_building_conformal/outputs/matched_forecasting005/rico_h60_f2_s45_v1/units/rico_h60_f2_s45_persistence/calibration.csv.gz
 create mode 100644 smart_building_conformal/outputs/matched_forecasting005/rico_h60_f2_s45_v1/units/rico_h60_f2_s45_persistence/fitting_membership.csv.gz
 create mode 100644 smart_building_conformal/outputs/matched_forecasting005/rico_h60_f2_s45_v1/units/rico_h60_f2_s45_persistence/model.json
 create mode 100644 smart_building_conformal/outputs/matched_forecasting005/rico_h60_f2_s45_v1/units/rico_h60_f2_s45_persistence/payload.json
 create mode 100644 smart_building_conformal/outputs/matched_forecasting005/rico_h60_f2_s45_v1/units/rico_h60_f2_s45_persistence/predictions.csv.gz
 create mode 100644 smart_building_conformal/outputs/matched_forecasting005/rico_h60_f2_s45_v1/units/rico_h60_f2_s45_persistence/training_history.csv.gz
 create mode 100644 smart_building_conformal/outputs/matched_forecasting005/rico_h60_f2_s45_v1/units/rico_h60_f2_s45_persistence/tuning.csv.gz
 create mode 100644 smart_building_conformal/outputs/matched_forecasting005/rico_h60_f2_s45_v1/units/rico_h60_f2_s45_persistence/tuning_predictions.csv.gz
 create mode 100644 smart_building_conformal/outputs/matched_forecasting005/rico_h60_f2_s45_v1/units/rico_h60_f2_s45_xgboost/COMPLETE.json
 create mode 100644 smart_building_conformal/outputs/matched_forecasting005/rico_h60_f2_s45_v1/units/rico_h60_f2_s45_xgboost/booster_config.json
 create mode 100644 smart_building_conformal/outputs/matched_forecasting005/rico_h60_f2_s45_v1/units/rico_h60_f2_s45_xgboost/calibration.csv.gz
 create mode 100644 smart_building_conformal/outputs/matched_forecasting005/rico_h60_f2_s45_v1/units/rico_h60_f2_s45_xgboost/fitting_membership.csv.gz
 create mode 100644 smart_building_conformal/outputs/matched_forecasting005/rico_h60_f2_s45_v1/units/rico_h60_f2_s45_xgboost/model.ubj
 create mode 100644 smart_building_conformal/outputs/matched_forecasting005/rico_h60_f2_s45_v1/units/rico_h60_f2_s45_xgboost/payload.json
 create mode 100644 smart_building_conformal/outputs/matched_forecasting005/rico_h60_f2_s45_v1/units/rico_h60_f2_s45_xgboost/predictions.csv.gz
 create mode 100644 smart_building_conformal/outputs/matched_forecasting005/rico_h60_f2_s45_v1/units/rico_h60_f2_s45_xgboost/training_history.csv.gz
 create mode 100644 smart_building_conformal/outputs/matched_forecasting005/rico_h60_f2_s45_v1/units/rico_h60_f2_s45_xgboost/tuning.csv.gz
 create mode 100644 smart_building_conformal/outputs/matched_forecasting005/rico_h60_f2_s45_v1/units/rico_h60_f2_s45_xgboost/tuning_predictions.csv.gz
The bundle contains this ref:
04cc77ec9b6aee35990711b6bafaeab3bc0fa7a9 refs/heads/review/matched-fold2-multiseed-20260914
The bundle requires this ref:
3df9cbd480ffbfeac640580829e88c274fba2083 
The bundle uses this hash algorithm: sha1
C:/Users/nigel/ConfoSenseBackups/matched_fold2_multiseed_20260914/seed45_04cc77e.bundle is okay
{
  "label": "seed45",
  "utc": "2026-09-14T02:05:01.479555+00:00",
  "branch": "review/matched-fold2-multiseed-20260914",
  "commit": "04cc77ec9b6aee35990711b6bafaeab3bc0fa7a9",
  "backup": "C:\\Users\\nigel\\ConfoSenseBackups\\matched_fold2_multiseed_20260914\\seed45_04cc77e.bundle",
  "backup_sha256": "a8768b87b37a446407a9e6325b718685c9cd4096cc6147b0dab52fe3843e637f",
  "local_science_preserved": true,
  "publication_status": "pending",
  "push_exit": 128,
  "push_output": "fatal: Cannot prompt because user interactivity has been disabled.\nfatal: could not read Username for 'https://github.com': terminal prompts disabled\n"
}
{"command": ["C:/cfs_venv/Scripts/python.exe", "-B", "C:\\Users\\nigel\\OneDrive\\Desktop\\GitHub\\confosense\\review\\matched_fold2_multiseed_20260914\\publish.py", "--label", "seed45"], "cwd": "C:\\Users\\nigel\\OneDrive\\Desktop\\GitHub\\confosense\\smart_building_conformal", "started_utc": "2026-09-14T02:01:41.092884+00:00", "logger_pid": 5008, "child_pid": 21424, "ended_utc": "2026-09-14T02:05:03.393595+00:00", "seconds": 202.29977199999848, "exit_status": 0}
