operation_id,stage,synthetic,kind,module,call,estimator_class,pid,utc,n_rows,parameters,target_hash,event,wall_seconds,process_cpu_seconds,return_is_none,dataset
09219e34fad0420a8cc6b044f3fccffd,owner_fit_h1_cqr_l90,False,cqr_wrapper_fit,mapie.regression.quantile_regression,fit,ConformalizedQuantileRegressor,3300,2026-09-14T13:53:05.250726+00:00,14858,{},53ea3a37121e1e7168f56725e1a99941b9e36066efdff948b27500eb8323befe,started,,,,pleia_energy
2d870c35905b4a2a8d474f56361b9ba2,owner_fit_h1_cqr_l90,False,quantile_estimator_fit,sklearn.ensemble._hist_gradient_boosting.gradient_boosting,fit,HistGradientBoostingRegressor,3300,2026-09-14T13:53:05.257049+00:00,14858,"{'categorical_features': 'warn', 'early_stopping': 'auto', 'interaction_cst': None, 'l2_regularization': 0.0, 'learning_rate': 0.05, 'loss': 'quantile', 'max_bins': 255, 'max_depth': None, 'max_features': 1.0, 'max_iter': 300, 'max_leaf_nodes': 31, 'min_samples_leaf': 50, 'monotonic_cst': None, 'n_iter_no_change': 10, 'quantile': 0.05, 'random_state': 42, 'scoring': 'loss', 'tol': 1e-07, 'validation_fraction': 0.1, 'verbose': 0, 'warm_start': False}",53ea3a37121e1e7168f56725e1a99941b9e36066efdff948b27500eb8323befe,started,,,,pleia_energy
2d870c35905b4a2a8d474f56361b9ba2,owner_fit_h1_cqr_l90,False,quantile_estimator_fit,sklearn.ensemble._hist_gradient_boosting.gradient_boosting,fit,HistGradientBoostingRegressor,3300,2026-09-14T13:53:05.257049+00:00,14858,"{'categorical_features': 'warn', 'early_stopping': 'auto', 'interaction_cst': None, 'l2_regularization': 0.0, 'learning_rate': 0.05, 'loss': 'quantile', 'max_bins': 255, 'max_depth': None, 'max_features': 1.0, 'max_iter': 300, 'max_leaf_nodes': 31, 'min_samples_leaf': 50, 'monotonic_cst': None, 'n_iter_no_change': 10, 'quantile': 0.05, 'random_state': 42, 'scoring': 'loss', 'tol': 1e-07, 'validation_fraction': 0.1, 'verbose': 0, 'warm_start': False}",53ea3a37121e1e7168f56725e1a99941b9e36066efdff948b27500eb8323befe,returned,2.66967960000329,2.640625,False,pleia_energy
fe3b98f15fcc4f698c974988c6c3f375,owner_fit_h1_cqr_l90,False,quantile_estimator_fit,sklearn.ensemble._hist_gradient_boosting.gradient_boosting,fit,HistGradientBoostingRegressor,3300,2026-09-14T13:53:07.929535+00:00,14858,"{'categorical_features': 'warn', 'early_stopping': 'auto', 'interaction_cst': None, 'l2_regularization': 0.0, 'learning_rate': 0.05, 'loss': 'quantile', 'max_bins': 255, 'max_depth': None, 'max_features': 1.0, 'max_iter': 300, 'max_leaf_nodes': 31, 'min_samples_leaf': 50, 'monotonic_cst': None, 'n_iter_no_change': 10, 'quantile': 0.95, 'random_state': 42, 'scoring': 'loss', 'tol': 1e-07, 'validation_fraction': 0.1, 'verbose': 0, 'warm_start': False}",53ea3a37121e1e7168f56725e1a99941b9e36066efdff948b27500eb8323befe,started,,,,pleia_energy
fe3b98f15fcc4f698c974988c6c3f375,owner_fit_h1_cqr_l90,False,quantile_estimator_fit,sklearn.ensemble._hist_gradient_boosting.gradient_boosting,fit,HistGradientBoostingRegressor,3300,2026-09-14T13:53:07.929535+00:00,14858,"{'categorical_features': 'warn', 'early_stopping': 'auto', 'interaction_cst': None, 'l2_regularization': 0.0, 'learning_rate': 0.05, 'loss': 'quantile', 'max_bins': 255, 'max_depth': None, 'max_features': 1.0, 'max_iter': 300, 'max_leaf_nodes': 31, 'min_samples_leaf': 50, 'monotonic_cst': None, 'n_iter_no_change': 10, 'quantile': 0.95, 'random_state': 42, 'scoring': 'loss', 'tol': 1e-07, 'validation_fraction': 0.1, 'verbose': 0, 'warm_start': False}",53ea3a37121e1e7168f56725e1a99941b9e36066efdff948b27500eb8323befe,returned,2.96402100000705,2.953125,False,pleia_energy
33a2ee08698d45d1a639525c68b76a88,owner_fit_h1_cqr_l90,False,quantile_estimator_fit,sklearn.ensemble._hist_gradient_boosting.gradient_boosting,fit,HistGradientBoostingRegressor,3300,2026-09-14T13:53:10.901721+00:00,14858,"{'categorical_features': 'warn', 'early_stopping': 'auto', 'interaction_cst': None, 'l2_regularization': 0.0, 'learning_rate': 0.05, 'loss': 'quantile', 'max_bins': 255, 'max_depth': None, 'max_features': 1.0, 'max_iter': 300, 'max_leaf_nodes': 31, 'min_samples_leaf': 50, 'monotonic_cst': None, 'n_iter_no_change': 10, 'quantile': 0.5, 'random_state': 42, 'scoring': 'loss', 'tol': 1e-07, 'validation_fraction': 0.1, 'verbose': 0, 'warm_start': False}",53ea3a37121e1e7168f56725e1a99941b9e36066efdff948b27500eb8323befe,started,,,,pleia_energy
33a2ee08698d45d1a639525c68b76a88,owner_fit_h1_cqr_l90,False,quantile_estimator_fit,sklearn.ensemble._hist_gradient_boosting.gradient_boosting,fit,HistGradientBoostingRegressor,3300,2026-09-14T13:53:10.901721+00:00,14858,"{'categorical_features': 'warn', 'early_stopping': 'auto', 'interaction_cst': None, 'l2_regularization': 0.0, 'learning_rate': 0.05, 'loss': 'quantile', 'max_bins': 255, 'max_depth': None, 'max_features': 1.0, 'max_iter': 300, 'max_leaf_nodes': 31, 'min_samples_leaf': 50, 'monotonic_cst': None, 'n_iter_no_change': 10, 'quantile': 0.5, 'random_state': 42, 'scoring': 'loss', 'tol': 1e-07, 'validation_fraction': 0.1, 'verbose': 0, 'warm_start': False}",53ea3a37121e1e7168f56725e1a99941b9e36066efdff948b27500eb8323befe,returned,1.51274409999314,1.46875,False,pleia_energy
09219e34fad0420a8cc6b044f3fccffd,owner_fit_h1_cqr_l90,False,cqr_wrapper_fit,mapie.regression.quantile_regression,fit,ConformalizedQuantileRegressor,3300,2026-09-14T13:53:05.250726+00:00,14858,{},53ea3a37121e1e7168f56725e1a99941b9e36066efdff948b27500eb8323befe,returned,7.16511659999378,7.0625,False,pleia_energy
2f30e0e16ee84685a9424e3afe154355,owner_cal_h1_cqr_l90,False,calibrator_conformalize,mapie.regression.quantile_regression,conformalize,ConformalizedQuantileRegressor,3300,2026-09-14T13:53:12.517031+00:00,4953,{},5d44bb7ea8852b539b4f3c7299e9f9a066d69fc2ce4970131a6effeba9296bb4,started,,,,pleia_energy
c78c7ab67433497d8607ca59b0934d41,owner_cal_h1_cqr_l90,False,calibrator_conformalize,mapie.regression.quantile_regression,conformalize,_MapieQuantileRegressor,3300,2026-09-14T13:53:12.517031+00:00,4953,"{'alpha': 0.1, 'cv': 'split', 'estimator': ""HistGradientBoostingRegressor(learning_rate=0.05, loss='quantile', max_iter=300,\n                              min_samples_leaf=50, random_state=42)"", 'method': 'quantile'}",5d44bb7ea8852b539b4f3c7299e9f9a066d69fc2ce4970131a6effeba9296bb4,started,,,,pleia_energy
c78c7ab67433497d8607ca59b0934d41,owner_cal_h1_cqr_l90,False,calibrator_conformalize,mapie.regression.quantile_regression,conformalize,_MapieQuantileRegressor,3300,2026-09-14T13:53:12.517031+00:00,4953,"{'alpha': 0.1, 'cv': 'split', 'estimator': ""HistGradientBoostingRegressor(learning_rate=0.05, loss='quantile', max_iter=300,\n                              min_samples_leaf=50, random_state=42)"", 'method': 'quantile'}",5d44bb7ea8852b539b4f3c7299e9f9a066d69fc2ce4970131a6effeba9296bb4,returned,0.258991399998195,0.25,False,pleia_energy
2f30e0e16ee84685a9424e3afe154355,owner_cal_h1_cqr_l90,False,calibrator_conformalize,mapie.regression.quantile_regression,conformalize,ConformalizedQuantileRegressor,3300,2026-09-14T13:53:12.517031+00:00,4953,{},5d44bb7ea8852b539b4f3c7299e9f9a066d69fc2ce4970131a6effeba9296bb4,returned,0.263308299996424,0.265625,False,pleia_energy
b7ccf76c64e54901bbd0634b86d543f3,owner_fit_h1_cqr_l95,False,cqr_wrapper_fit,mapie.regression.quantile_regression,fit,ConformalizedQuantileRegressor,3300,2026-09-14T13:53:23.432549+00:00,14858,{},53ea3a37121e1e7168f56725e1a99941b9e36066efdff948b27500eb8323befe,started,,,,pleia_energy
78c7625cdfa24bb8ba56521e8f389a7d,owner_fit_h1_cqr_l95,False,quantile_estimator_fit,sklearn.ensemble._hist_gradient_boosting.gradient_boosting,fit,HistGradientBoostingRegressor,3300,2026-09-14T13:53:23.438324+00:00,14858,"{'categorical_features': 'warn', 'early_stopping': 'auto', 'interaction_cst': None, 'l2_regularization': 0.0, 'learning_rate': 0.05, 'loss': 'quantile', 'max_bins': 255, 'max_depth': None, 'max_features': 1.0, 'max_iter': 300, 'max_leaf_nodes': 31, 'min_samples_leaf': 50, 'monotonic_cst': None, 'n_iter_no_change': 10, 'quantile': 0.025, 'random_state': 42, 'scoring': 'loss', 'tol': 1e-07, 'validation_fraction': 0.1, 'verbose': 0, 'warm_start': False}",53ea3a37121e1e7168f56725e1a99941b9e36066efdff948b27500eb8323befe,started,,,,pleia_energy
78c7625cdfa24bb8ba56521e8f389a7d,owner_fit_h1_cqr_l95,False,quantile_estimator_fit,sklearn.ensemble._hist_gradient_boosting.gradient_boosting,fit,HistGradientBoostingRegressor,3300,2026-09-14T13:53:23.438324+00:00,14858,"{'categorical_features': 'warn', 'early_stopping': 'auto', 'interaction_cst': None, 'l2_regularization': 0.0, 'learning_rate': 0.05, 'loss': 'quantile', 'max_bins': 255, 'max_depth': None, 'max_features': 1.0, 'max_iter': 300, 'max_leaf_nodes': 31, 'min_samples_leaf': 50, 'monotonic_cst': None, 'n_iter_no_change': 10, 'quantile': 0.025, 'random_state': 42, 'scoring': 'loss', 'tol': 1e-07, 'validation_fraction': 0.1, 'verbose': 0, 'warm_start': False}",53ea3a37121e1e7168f56725e1a99941b9e36066efdff948b27500eb8323befe,returned,2.21464580000611,2.15625,False,pleia_energy
6477c2536f284e129b023a60bd869faf,owner_fit_h1_cqr_l95,False,quantile_estimator_fit,sklearn.ensemble._hist_gradient_boosting.gradient_boosting,fit,HistGradientBoostingRegressor,3300,2026-09-14T13:53:25.656360+00:00,14858,"{'categorical_features': 'warn', 'early_stopping': 'auto', 'interaction_cst': None, 'l2_regularization': 0.0, 'learning_rate': 0.05, 'loss': 'quantile', 'max_bins': 255, 'max_depth': None, 'max_features': 1.0, 'max_iter': 300, 'max_leaf_nodes': 31, 'min_samples_leaf': 50, 'monotonic_cst': None, 'n_iter_no_change': 10, 'quantile': 0.975, 'random_state': 42, 'scoring': 'loss', 'tol': 1e-07, 'validation_fraction': 0.1, 'verbose': 0, 'warm_start': False}",53ea3a37121e1e7168f56725e1a99941b9e36066efdff948b27500eb8323befe,started,,,,pleia_energy
6477c2536f284e129b023a60bd869faf,owner_fit_h1_cqr_l95,False,quantile_estimator_fit,sklearn.ensemble._hist_gradient_boosting.gradient_boosting,fit,HistGradientBoostingRegressor,3300,2026-09-14T13:53:25.656360+00:00,14858,"{'categorical_features': 'warn', 'early_stopping': 'auto', 'interaction_cst': None, 'l2_regularization': 0.0, 'learning_rate': 0.05, 'loss': 'quantile', 'max_bins': 255, 'max_depth': None, 'max_features': 1.0, 'max_iter': 300, 'max_leaf_nodes': 31, 'min_samples_leaf': 50, 'monotonic_cst': None, 'n_iter_no_change': 10, 'quantile': 0.975, 'random_state': 42, 'scoring': 'loss', 'tol': 1e-07, 'validation_fraction': 0.1, 'verbose': 0, 'warm_start': False}",53ea3a37121e1e7168f56725e1a99941b9e36066efdff948b27500eb8323befe,returned,2.51622510000016,2.46875,False,pleia_energy
ad3eba8f9775496c81636944171b4251,owner_fit_h1_cqr_l95,False,quantile_estimator_fit,sklearn.ensemble._hist_gradient_boosting.gradient_boosting,fit,HistGradientBoostingRegressor,3300,2026-09-14T13:53:28.177569+00:00,14858,"{'categorical_features': 'warn', 'early_stopping': 'auto', 'interaction_cst': None, 'l2_regularization': 0.0, 'learning_rate': 0.05, 'loss': 'quantile', 'max_bins': 255, 'max_depth': None, 'max_features': 1.0, 'max_iter': 300, 'max_leaf_nodes': 31, 'min_samples_leaf': 50, 'monotonic_cst': None, 'n_iter_no_change': 10, 'quantile': 0.5, 'random_state': 42, 'scoring': 'loss', 'tol': 1e-07, 'validation_fraction': 0.1, 'verbose': 0, 'warm_start': False}",53ea3a37121e1e7168f56725e1a99941b9e36066efdff948b27500eb8323befe,started,,,,pleia_energy
ad3eba8f9775496c81636944171b4251,owner_fit_h1_cqr_l95,False,quantile_estimator_fit,sklearn.ensemble._hist_gradient_boosting.gradient_boosting,fit,HistGradientBoostingRegressor,3300,2026-09-14T13:53:28.177569+00:00,14858,"{'categorical_features': 'warn', 'early_stopping': 'auto', 'interaction_cst': None, 'l2_regularization': 0.0, 'learning_rate': 0.05, 'loss': 'quantile', 'max_bins': 255, 'max_depth': None, 'max_features': 1.0, 'max_iter': 300, 'max_leaf_nodes': 31, 'min_samples_leaf': 50, 'monotonic_cst': None, 'n_iter_no_change': 10, 'quantile': 0.5, 'random_state': 42, 'scoring': 'loss', 'tol': 1e-07, 'validation_fraction': 0.1, 'verbose': 0, 'warm_start': False}",53ea3a37121e1e7168f56725e1a99941b9e36066efdff948b27500eb8323befe,returned,1.51978620000591,1.515625,False,pleia_energy
b7ccf76c64e54901bbd0634b86d543f3,owner_fit_h1_cqr_l95,False,cqr_wrapper_fit,mapie.regression.quantile_regression,fit,ConformalizedQuantileRegressor,3300,2026-09-14T13:53:23.432549+00:00,14858,{},53ea3a37121e1e7168f56725e1a99941b9e36066efdff948b27500eb8323befe,returned,6.26792569999816,6.171875,False,pleia_energy
8be35b0b2f75456ca6e29432be28d858,owner_cal_h1_cqr_l95,False,calibrator_conformalize,mapie.regression.quantile_regression,conformalize,ConformalizedQuantileRegressor,3300,2026-09-14T13:53:29.797484+00:00,4953,{},5d44bb7ea8852b539b4f3c7299e9f9a066d69fc2ce4970131a6effeba9296bb4,started,,,,pleia_energy
40b9e802fb4d4611a7c80f8796f336fb,owner_cal_h1_cqr_l95,False,calibrator_conformalize,mapie.regression.quantile_regression,conformalize,_MapieQuantileRegressor,3300,2026-09-14T13:53:29.798486+00:00,4953,"{'alpha': 0.05, 'cv': 'split', 'estimator': ""HistGradientBoostingRegressor(learning_rate=0.05, loss='quantile', max_iter=300,\n                              min_samples_leaf=50, random_state=42)"", 'method': 'quantile'}",5d44bb7ea8852b539b4f3c7299e9f9a066d69fc2ce4970131a6effeba9296bb4,started,,,,pleia_energy
40b9e802fb4d4611a7c80f8796f336fb,owner_cal_h1_cqr_l95,False,calibrator_conformalize,mapie.regression.quantile_regression,conformalize,_MapieQuantileRegressor,3300,2026-09-14T13:53:29.798486+00:00,4953,"{'alpha': 0.05, 'cv': 'split', 'estimator': ""HistGradientBoostingRegressor(learning_rate=0.05, loss='quantile', max_iter=300,\n                              min_samples_leaf=50, random_state=42)"", 'method': 'quantile'}",5d44bb7ea8852b539b4f3c7299e9f9a066d69fc2ce4970131a6effeba9296bb4,returned,0.261322500009555,0.234375,False,pleia_energy
8be35b0b2f75456ca6e29432be28d858,owner_cal_h1_cqr_l95,False,calibrator_conformalize,mapie.regression.quantile_regression,conformalize,ConformalizedQuantileRegressor,3300,2026-09-14T13:53:29.797484+00:00,4953,{},5d44bb7ea8852b539b4f3c7299e9f9a066d69fc2ce4970131a6effeba9296bb4,returned,0.265096899995115,0.25,False,pleia_energy
bc3d73452faa4f789decb9ee8e1722ab,owner_fit_h1_enbpi,False,enbpi_wrapper_fit,mapie.regression.regression,fit,TimeSeriesRegressor,3300,2026-09-14T13:53:40.034610+00:00,14858,"{'agg_function': 'mean', 'conformity_score': None, 'cv': 'BlockBootstrap(length=24, n_blocks=None, n_resamplings=5, overlapping=True,\n        random_state=42)', 'estimator': 'XGBRegressor(base_score=None, booster=None, callbacks=None,\n             colsample_bylevel=None, colsample_bynode=None,\n             colsample_bytree=0.8, device=None, early_stopping_rounds=None,\n             enable_categorical=False, eval_metric=None, feature_types=None,\n             feature_weights=None, gamma=None, grow_policy=None,\n             importance_type=None, interaction_constraints=None,\n             learning_rate=0.05, max_bin=None, max_cat_threshold=None,\n             max_cat_to_onehot=None, max_delta_step=None, max_depth=5,\n             max_leaves=None, min_child_weight=None, missing=nan,\n             monotone_constraints=None, multi_strategy=None, n_estimators=60,\n             n_jobs=1, num_parallel_tree=None, ...)', 'method': 'enbpi', 'n_jobs': 1, 'random_state': 42, 'verbose': 0}",53ea3a37121e1e7168f56725e1a99941b9e36066efdff948b27500eb8323befe,started,,,,pleia_energy
89e3de933e934a58ae84f2c794ecf64b,owner_fit_h1_enbpi,False,xgboost_estimator_fit,xgboost.sklearn,fit,XGBRegressor,3300,2026-09-14T13:53:40.039088+00:00,14858,"{'objective': 'reg:squarederror', 'base_score': None, 'booster': None, 'callbacks': None, 'colsample_bylevel': None, 'colsample_bynode': None, 'colsample_bytree': 0.8, 'device': None, 'early_stopping_rounds': None, 'enable_categorical': False, 'eval_metric': None, 'feature_types': None, 'feature_weights': None, 'gamma': None, 'grow_policy': None, 'importance_type': None, 'interaction_constraints': None, 'learning_rate': 0.05, 'max_bin': None, 'max_cat_threshold': None, 'max_cat_to_onehot': None, 'max_delta_step': None, 'max_depth': 5, 'max_leaves': None, 'min_child_weight': None, 'missing': nan, 'monotone_constraints': None, 'multi_strategy': None, 'n_estimators': 60, 'n_jobs': 1, 'num_parallel_tree': None, 'random_state': 42, 'reg_alpha': None, 'reg_lambda': None, 'sampling_method': None, 'scale_pos_weight': None, 'subsample': 0.8, 'tree_method': 'hist', 'validate_parameters': None, 'verbosity': None}",53ea3a37121e1e7168f56725e1a99941b9e36066efdff948b27500eb8323befe,started,,,,pleia_energy
89e3de933e934a58ae84f2c794ecf64b,owner_fit_h1_enbpi,False,xgboost_estimator_fit,xgboost.sklearn,fit,XGBRegressor,3300,2026-09-14T13:53:40.039088+00:00,14858,"{'objective': 'reg:squarederror', 'base_score': None, 'booster': None, 'callbacks': None, 'colsample_bylevel': None, 'colsample_bynode': None, 'colsample_bytree': 0.8, 'device': None, 'early_stopping_rounds': None, 'enable_categorical': False, 'eval_metric': None, 'feature_types': None, 'feature_weights': None, 'gamma': None, 'grow_policy': None, 'importance_type': None, 'interaction_constraints': None, 'learning_rate': 0.05, 'max_bin': None, 'max_cat_threshold': None, 'max_cat_to_onehot': None, 'max_delta_step': None, 'max_depth': 5, 'max_leaves': None, 'min_child_weight': None, 'missing': nan, 'monotone_constraints': None, 'multi_strategy': None, 'n_estimators': 60, 'n_jobs': 1, 'num_parallel_tree': None, 'random_state': 42, 'reg_alpha': None, 'reg_lambda': None, 'sampling_method': None, 'scale_pos_weight': None, 'subsample': 0.8, 'tree_method': 'hist', 'validate_parameters': None, 'verbosity': None}",53ea3a37121e1e7168f56725e1a99941b9e36066efdff948b27500eb8323befe,returned,0.209760500001721,0.203125,False,pleia_energy
ae48aeeefdf64692ba8583db725528e5,owner_fit_h1_enbpi,False,calibrator_conformalize,mapie.regression.regression,conformalize,TimeSeriesRegressor,3300,2026-09-14T13:53:40.253908+00:00,14858,"{'agg_function': 'mean', 'conformity_score': None, 'cv': 'BlockBootstrap(length=24, n_blocks=None, n_resamplings=5, overlapping=True,\n        random_state=42)', 'estimator': 'XGBRegressor(base_score=None, booster=None, callbacks=None,\n             colsample_bylevel=None, colsample_bynode=None,\n             colsample_bytree=0.8, device=None, early_stopping_rounds=None,\n             enable_categorical=False, eval_metric=None, feature_types=None,\n             feature_weights=None, gamma=None, grow_policy=None,\n             importance_type=None, interaction_constraints=None,\n             learning_rate=0.05, max_bin=None, max_cat_threshold=None,\n             max_cat_to_onehot=None, max_delta_step=None, max_depth=5,\n             max_leaves=None, min_child_weight=None, missing=nan,\n             monotone_constraints=None, multi_strategy=None, n_estimators=60,\n             n_jobs=1, num_parallel_tree=None, ...)', 'method': 'enbpi', 'n_jobs': 1, 'random_state': 42, 'verbose': 0}",53ea3a37121e1e7168f56725e1a99941b9e36066efdff948b27500eb8323befe,started,,,,pleia_energy
dc811bebe0264fd6a4d76e28934651a3,owner_fit_h1_enbpi,False,xgboost_estimator_fit,xgboost.sklearn,fit,XGBRegressor,3300,2026-09-14T13:53:40.261931+00:00,14880,"{'objective': 'reg:squarederror', 'base_score': None, 'booster': None, 'callbacks': None, 'colsample_bylevel': None, 'colsample_bynode': None, 'colsample_bytree': 0.8, 'device': None, 'early_stopping_rounds': None, 'enable_categorical': False, 'eval_metric': None, 'feature_types': None, 'feature_weights': None, 'gamma': None, 'grow_policy': None, 'importance_type': None, 'interaction_constraints': None, 'learning_rate': 0.05, 'max_bin': None, 'max_cat_threshold': None, 'max_cat_to_onehot': None, 'max_delta_step': None, 'max_depth': 5, 'max_leaves': None, 'min_child_weight': None, 'missing': nan, 'monotone_constraints': None, 'multi_strategy': None, 'n_estimators': 60, 'n_jobs': 1, 'num_parallel_tree': None, 'random_state': 42, 'reg_alpha': None, 'reg_lambda': None, 'sampling_method': None, 'scale_pos_weight': None, 'subsample': 0.8, 'tree_method': 'hist', 'validate_parameters': None, 'verbosity': None}",2d7a65692ab0ef9ee7cb962e0508ee18c399840479c3bab160c2f791bd090f9a,started,,,,pleia_energy
dc811bebe0264fd6a4d76e28934651a3,owner_fit_h1_enbpi,False,xgboost_estimator_fit,xgboost.sklearn,fit,XGBRegressor,3300,2026-09-14T13:53:40.261931+00:00,14880,"{'objective': 'reg:squarederror', 'base_score': None, 'booster': None, 'callbacks': None, 'colsample_bylevel': None, 'colsample_bynode': None, 'colsample_bytree': 0.8, 'device': None, 'early_stopping_rounds': None, 'enable_categorical': False, 'eval_metric': None, 'feature_types': None, 'feature_weights': None, 'gamma': None, 'grow_policy': None, 'importance_type': None, 'interaction_constraints': None, 'learning_rate': 0.05, 'max_bin': None, 'max_cat_threshold': None, 'max_cat_to_onehot': None, 'max_delta_step': None, 'max_depth': 5, 'max_leaves': None, 'min_child_weight': None, 'missing': nan, 'monotone_constraints': None, 'multi_strategy': None, 'n_estimators': 60, 'n_jobs': 1, 'num_parallel_tree': None, 'random_state': 42, 'reg_alpha': None, 'reg_lambda': None, 'sampling_method': None, 'scale_pos_weight': None, 'subsample': 0.8, 'tree_method': 'hist', 'validate_parameters': None, 'verbosity': None}",2d7a65692ab0ef9ee7cb962e0508ee18c399840479c3bab160c2f791bd090f9a,returned,0.205083699998795,0.203125,False,pleia_energy
8472f63229734e93a4110ca8330f0747,owner_fit_h1_enbpi,False,xgboost_estimator_fit,xgboost.sklearn,fit,XGBRegressor,3300,2026-09-14T13:53:40.467138+00:00,14880,"{'objective': 'reg:squarederror', 'base_score': None, 'booster': None, 'callbacks': None, 'colsample_bylevel': None, 'colsample_bynode': None, 'colsample_bytree': 0.8, 'device': None, 'early_stopping_rounds': None, 'enable_categorical': False, 'eval_metric': None, 'feature_types': None, 'feature_weights': None, 'gamma': None, 'grow_policy': None, 'importance_type': None, 'interaction_constraints': None, 'learning_rate': 0.05, 'max_bin': None, 'max_cat_threshold': None, 'max_cat_to_onehot': None, 'max_delta_step': None, 'max_depth': 5, 'max_leaves': None, 'min_child_weight': None, 'missing': nan, 'monotone_constraints': None, 'multi_strategy': None, 'n_estimators': 60, 'n_jobs': 1, 'num_parallel_tree': None, 'random_state': 42, 'reg_alpha': None, 'reg_lambda': None, 'sampling_method': None, 'scale_pos_weight': None, 'subsample': 0.8, 'tree_method': 'hist', 'validate_parameters': None, 'verbosity': None}",8455ce2a672ef1c738b3372b75085e581d240da985a173842f73ba8ea8c0d63b,started,,,,pleia_energy
8472f63229734e93a4110ca8330f0747,owner_fit_h1_enbpi,False,xgboost_estimator_fit,xgboost.sklearn,fit,XGBRegressor,3300,2026-09-14T13:53:40.467138+00:00,14880,"{'objective': 'reg:squarederror', 'base_score': None, 'booster': None, 'callbacks': None, 'colsample_bylevel': None, 'colsample_bynode': None, 'colsample_bytree': 0.8, 'device': None, 'early_stopping_rounds': None, 'enable_categorical': False, 'eval_metric': None, 'feature_types': None, 'feature_weights': None, 'gamma': None, 'grow_policy': None, 'importance_type': None, 'interaction_constraints': None, 'learning_rate': 0.05, 'max_bin': None, 'max_cat_threshold': None, 'max_cat_to_onehot': None, 'max_delta_step': None, 'max_depth': 5, 'max_leaves': None, 'min_child_weight': None, 'missing': nan, 'monotone_constraints': None, 'multi_strategy': None, 'n_estimators': 60, 'n_jobs': 1, 'num_parallel_tree': None, 'random_state': 42, 'reg_alpha': None, 'reg_lambda': None, 'sampling_method': None, 'scale_pos_weight': None, 'subsample': 0.8, 'tree_method': 'hist', 'validate_parameters': None, 'verbosity': None}",8455ce2a672ef1c738b3372b75085e581d240da985a173842f73ba8ea8c0d63b,returned,0.204175699996995,0.203125,False,pleia_energy
5b7ca90210db4747a6c68c4f51db6d91,owner_fit_h1_enbpi,False,xgboost_estimator_fit,xgboost.sklearn,fit,XGBRegressor,3300,2026-09-14T13:53:40.689431+00:00,14880,"{'objective': 'reg:squarederror', 'base_score': None, 'booster': None, 'callbacks': None, 'colsample_bylevel': None, 'colsample_bynode': None, 'colsample_bytree': 0.8, 'device': None, 'early_stopping_rounds': None, 'enable_categorical': False, 'eval_metric': None, 'feature_types': None, 'feature_weights': None, 'gamma': None, 'grow_policy': None, 'importance_type': None, 'interaction_constraints': None, 'learning_rate': 0.05, 'max_bin': None, 'max_cat_threshold': None, 'max_cat_to_onehot': None, 'max_delta_step': None, 'max_depth': 5, 'max_leaves': None, 'min_child_weight': None, 'missing': nan, 'monotone_constraints': None, 'multi_strategy': None, 'n_estimators': 60, 'n_jobs': 1, 'num_parallel_tree': None, 'random_state': 42, 'reg_alpha': None, 'reg_lambda': None, 'sampling_method': None, 'scale_pos_weight': None, 'subsample': 0.8, 'tree_method': 'hist', 'validate_parameters': None, 'verbosity': None}",4add169cce728c4311539004fb67c8fc8c92732a19fd306e6c59b07366c630d5,started,,,,pleia_energy
5b7ca90210db4747a6c68c4f51db6d91,owner_fit_h1_enbpi,False,xgboost_estimator_fit,xgboost.sklearn,fit,XGBRegressor,3300,2026-09-14T13:53:40.689431+00:00,14880,"{'objective': 'reg:squarederror', 'base_score': None, 'booster': None, 'callbacks': None, 'colsample_bylevel': None, 'colsample_bynode': None, 'colsample_bytree': 0.8, 'device': None, 'early_stopping_rounds': None, 'enable_categorical': False, 'eval_metric': None, 'feature_types': None, 'feature_weights': None, 'gamma': None, 'grow_policy': None, 'importance_type': None, 'interaction_constraints': None, 'learning_rate': 0.05, 'max_bin': None, 'max_cat_threshold': None, 'max_cat_to_onehot': None, 'max_delta_step': None, 'max_depth': 5, 'max_leaves': None, 'min_child_weight': None, 'missing': nan, 'monotone_constraints': None, 'multi_strategy': None, 'n_estimators': 60, 'n_jobs': 1, 'num_parallel_tree': None, 'random_state': 42, 'reg_alpha': None, 'reg_lambda': None, 'sampling_method': None, 'scale_pos_weight': None, 'subsample': 0.8, 'tree_method': 'hist', 'validate_parameters': None, 'verbosity': None}",4add169cce728c4311539004fb67c8fc8c92732a19fd306e6c59b07366c630d5,returned,0.205365500005428,0.203125,False,pleia_energy
a7c3f1361ff241d9a391800a7de0fdd4,owner_fit_h1_enbpi,False,xgboost_estimator_fit,xgboost.sklearn,fit,XGBRegressor,3300,2026-09-14T13:53:40.904328+00:00,14880,"{'objective': 'reg:squarederror', 'base_score': None, 'booster': None, 'callbacks': None, 'colsample_bylevel': None, 'colsample_bynode': None, 'colsample_bytree': 0.8, 'device': None, 'early_stopping_rounds': None, 'enable_categorical': False, 'eval_metric': None, 'feature_types': None, 'feature_weights': None, 'gamma': None, 'grow_policy': None, 'importance_type': None, 'interaction_constraints': None, 'learning_rate': 0.05, 'max_bin': None, 'max_cat_threshold': None, 'max_cat_to_onehot': None, 'max_delta_step': None, 'max_depth': 5, 'max_leaves': None, 'min_child_weight': None, 'missing': nan, 'monotone_constraints': None, 'multi_strategy': None, 'n_estimators': 60, 'n_jobs': 1, 'num_parallel_tree': None, 'random_state': 42, 'reg_alpha': None, 'reg_lambda': None, 'sampling_method': None, 'scale_pos_weight': None, 'subsample': 0.8, 'tree_method': 'hist', 'validate_parameters': None, 'verbosity': None}",86b3f3c21e01a140b5df9c2f50868df20a7fa58ea203b75c7e434ed6a43f5f1d,started,,,,pleia_energy
a7c3f1361ff241d9a391800a7de0fdd4,owner_fit_h1_enbpi,False,xgboost_estimator_fit,xgboost.sklearn,fit,XGBRegressor,3300,2026-09-14T13:53:40.904328+00:00,14880,"{'objective': 'reg:squarederror', 'base_score': None, 'booster': None, 'callbacks': None, 'colsample_bylevel': None, 'colsample_bynode': None, 'colsample_bytree': 0.8, 'device': None, 'early_stopping_rounds': None, 'enable_categorical': False, 'eval_metric': None, 'feature_types': None, 'feature_weights': None, 'gamma': None, 'grow_policy': None, 'importance_type': None, 'interaction_constraints': None, 'learning_rate': 0.05, 'max_bin': None, 'max_cat_threshold': None, 'max_cat_to_onehot': None, 'max_delta_step': None, 'max_depth': 5, 'max_leaves': None, 'min_child_weight': None, 'missing': nan, 'monotone_constraints': None, 'multi_strategy': None, 'n_estimators': 60, 'n_jobs': 1, 'num_parallel_tree': None, 'random_state': 42, 'reg_alpha': None, 'reg_lambda': None, 'sampling_method': None, 'scale_pos_weight': None, 'subsample': 0.8, 'tree_method': 'hist', 'validate_parameters': None, 'verbosity': None}",86b3f3c21e01a140b5df9c2f50868df20a7fa58ea203b75c7e434ed6a43f5f1d,returned,0.195715399997425,0.1875,False,pleia_energy
82e335bb49b4473d946e930333477cfa,owner_fit_h1_enbpi,False,xgboost_estimator_fit,xgboost.sklearn,fit,XGBRegressor,3300,2026-09-14T13:53:41.108013+00:00,14880,"{'objective': 'reg:squarederror', 'base_score': None, 'booster': None, 'callbacks': None, 'colsample_bylevel': None, 'colsample_bynode': None, 'colsample_bytree': 0.8, 'device': None, 'early_stopping_rounds': None, 'enable_categorical': False, 'eval_metric': None, 'feature_types': None, 'feature_weights': None, 'gamma': None, 'grow_policy': None, 'importance_type': None, 'interaction_constraints': None, 'learning_rate': 0.05, 'max_bin': None, 'max_cat_threshold': None, 'max_cat_to_onehot': None, 'max_delta_step': None, 'max_depth': 5, 'max_leaves': None, 'min_child_weight': None, 'missing': nan, 'monotone_constraints': None, 'multi_strategy': None, 'n_estimators': 60, 'n_jobs': 1, 'num_parallel_tree': None, 'random_state': 42, 'reg_alpha': None, 'reg_lambda': None, 'sampling_method': None, 'scale_pos_weight': None, 'subsample': 0.8, 'tree_method': 'hist', 'validate_parameters': None, 'verbosity': None}",a9dfcc4af7d9e9bd706cc0df9ad4f45e20cd4a45bd20f0dae2be0e69465ced88,started,,,,pleia_energy
82e335bb49b4473d946e930333477cfa,owner_fit_h1_enbpi,False,xgboost_estimator_fit,xgboost.sklearn,fit,XGBRegressor,3300,2026-09-14T13:53:41.108013+00:00,14880,"{'objective': 'reg:squarederror', 'base_score': None, 'booster': None, 'callbacks': None, 'colsample_bylevel': None, 'colsample_bynode': None, 'colsample_bytree': 0.8, 'device': None, 'early_stopping_rounds': None, 'enable_categorical': False, 'eval_metric': None, 'feature_types': None, 'feature_weights': None, 'gamma': None, 'grow_policy': None, 'importance_type': None, 'interaction_constraints': None, 'learning_rate': 0.05, 'max_bin': None, 'max_cat_threshold': None, 'max_cat_to_onehot': None, 'max_delta_step': None, 'max_depth': 5, 'max_leaves': None, 'min_child_weight': None, 'missing': nan, 'monotone_constraints': None, 'multi_strategy': None, 'n_estimators': 60, 'n_jobs': 1, 'num_parallel_tree': None, 'random_state': 42, 'reg_alpha': None, 'reg_lambda': None, 'sampling_method': None, 'scale_pos_weight': None, 'subsample': 0.8, 'tree_method': 'hist', 'validate_parameters': None, 'verbosity': None}",a9dfcc4af7d9e9bd706cc0df9ad4f45e20cd4a45bd20f0dae2be0e69465ced88,returned,0.18883050000295,0.1875,False,pleia_energy
ae48aeeefdf64692ba8583db725528e5,owner_fit_h1_enbpi,False,calibrator_conformalize,mapie.regression.regression,conformalize,TimeSeriesRegressor,3300,2026-09-14T13:53:40.253908+00:00,14858,"{'agg_function': 'mean', 'conformity_score': None, 'cv': 'BlockBootstrap(length=24, n_blocks=None, n_resamplings=5, overlapping=True,\n        random_state=42)', 'estimator': 'XGBRegressor(base_score=None, booster=None, callbacks=None,\n             colsample_bylevel=None, colsample_bynode=None,\n             colsample_bytree=0.8, device=None, early_stopping_rounds=None,\n             enable_categorical=False, eval_metric=None, feature_types=None,\n             feature_weights=None, gamma=None, grow_policy=None,\n             importance_type=None, interaction_constraints=None,\n             learning_rate=0.05, max_bin=None, max_cat_threshold=None,\n             max_cat_to_onehot=None, max_delta_step=None, max_depth=5,\n             max_leaves=None, min_child_weight=None, missing=nan,\n             monotone_constraints=None, multi_strategy=None, n_estimators=60,\n             n_jobs=1, num_parallel_tree=None, ...)', 'method': 'enbpi', 'n_jobs': 1, 'random_state': 42, 'verbose': 0}",53ea3a37121e1e7168f56725e1a99941b9e36066efdff948b27500eb8323befe,returned,1.11467080000148,1.078125,False,pleia_energy
bc3d73452faa4f789decb9ee8e1722ab,owner_fit_h1_enbpi,False,enbpi_wrapper_fit,mapie.regression.regression,fit,TimeSeriesRegressor,3300,2026-09-14T13:53:40.034610+00:00,14858,"{'agg_function': 'mean', 'conformity_score': None, 'cv': 'BlockBootstrap(length=24, n_blocks=None, n_resamplings=5, overlapping=True,\n        random_state=42)', 'estimator': 'XGBRegressor(base_score=None, booster=None, callbacks=None,\n             colsample_bylevel=None, colsample_bynode=None,\n             colsample_bytree=0.8, device=None, early_stopping_rounds=None,\n             enable_categorical=False, eval_metric=None, feature_types=None,\n             feature_weights=None, gamma=None, grow_policy=None,\n             importance_type=None, interaction_constraints=None,\n             learning_rate=0.05, max_bin=None, max_cat_threshold=None,\n             max_cat_to_onehot=None, max_delta_step=None, max_depth=5,\n             max_leaves=None, min_child_weight=None, missing=nan,\n             monotone_constraints=None, multi_strategy=None, n_estimators=60,\n             n_jobs=1, num_parallel_tree=None, ...)', 'method': 'enbpi', 'n_jobs': 1, 'random_state': 42, 'verbose': 0}",53ea3a37121e1e7168f56725e1a99941b9e36066efdff948b27500eb8323befe,returned,1.33619989998988,1.28125,False,pleia_energy
19fa8891294d4e6fa4f10b3fef10d0af,owner_cal_h1_enbpi,False,calibrator_conformalize,mapie.regression.regression,conformalize,TimeSeriesRegressor,3300,2026-09-14T13:53:41.470695+00:00,4953,"{'agg_function': 'mean', 'conformity_score': None, 'cv': 'BlockBootstrap(length=24, n_blocks=None, n_resamplings=5, overlapping=True,\n        random_state=42)', 'estimator': 'XGBRegressor(base_score=None, booster=None, callbacks=None,\n             colsample_bylevel=None, colsample_bynode=None,\n             colsample_bytree=0.8, device=None, early_stopping_rounds=None,\n             enable_categorical=False, eval_metric=None, feature_types=None,\n             feature_weights=None, gamma=None, grow_policy=None,\n             importance_type=None, interaction_constraints=None,\n             learning_rate=0.05, max_bin=None, max_cat_threshold=None,\n             max_cat_to_onehot=None, max_delta_step=None, max_depth=5,\n             max_leaves=None, min_child_weight=None, missing=nan,\n             monotone_constraints=None, multi_strategy=None, n_estimators=60,\n             n_jobs=1, num_parallel_tree=None, ...)', 'method': 'enbpi', 'n_jobs': 1, 'random_state': 42, 'verbose': 0}",5d44bb7ea8852b539b4f3c7299e9f9a066d69fc2ce4970131a6effeba9296bb4,started,,,,pleia_energy
6bf621fd6fa047b68ba7ebf8de9e4d1e,owner_cal_h1_enbpi,False,xgboost_estimator_fit,xgboost.sklearn,fit,XGBRegressor,3300,2026-09-14T13:53:41.477807+00:00,4968,"{'objective': 'reg:squarederror', 'base_score': None, 'booster': None, 'callbacks': None, 'colsample_bylevel': None, 'colsample_bynode': None, 'colsample_bytree': 0.8, 'device': None, 'early_stopping_rounds': None, 'enable_categorical': False, 'eval_metric': None, 'feature_types': None, 'feature_weights': None, 'gamma': None, 'grow_policy': None, 'importance_type': None, 'interaction_constraints': None, 'learning_rate': 0.05, 'max_bin': None, 'max_cat_threshold': None, 'max_cat_to_onehot': None, 'max_delta_step': None, 'max_depth': 5, 'max_leaves': None, 'min_child_weight': None, 'missing': nan, 'monotone_constraints': None, 'multi_strategy': None, 'n_estimators': 60, 'n_jobs': 1, 'num_parallel_tree': None, 'random_state': 42, 'reg_alpha': None, 'reg_lambda': None, 'sampling_method': None, 'scale_pos_weight': None, 'subsample': 0.8, 'tree_method': 'hist', 'validate_parameters': None, 'verbosity': None}",2682dcb2cc92c9132631458015f537beb714607dc4b5d70b5198603d373e3e5c,started,,,,pleia_energy
6bf621fd6fa047b68ba7ebf8de9e4d1e,owner_cal_h1_enbpi,False,xgboost_estimator_fit,xgboost.sklearn,fit,XGBRegressor,3300,2026-09-14T13:53:41.477807+00:00,4968,"{'objective': 'reg:squarederror', 'base_score': None, 'booster': None, 'callbacks': None, 'colsample_bylevel': None, 'colsample_bynode': None, 'colsample_bytree': 0.8, 'device': None, 'early_stopping_rounds': None, 'enable_categorical': False, 'eval_metric': None, 'feature_types': None, 'feature_weights': None, 'gamma': None, 'grow_policy': None, 'importance_type': None, 'interaction_constraints': None, 'learning_rate': 0.05, 'max_bin': None, 'max_cat_threshold': None, 'max_cat_to_onehot': None, 'max_delta_step': None, 'max_depth': 5, 'max_leaves': None, 'min_child_weight': None, 'missing': nan, 'monotone_constraints': None, 'multi_strategy': None, 'n_estimators': 60, 'n_jobs': 1, 'num_parallel_tree': None, 'random_state': 42, 'reg_alpha': None, 'reg_lambda': None, 'sampling_method': None, 'scale_pos_weight': None, 'subsample': 0.8, 'tree_method': 'hist', 'validate_parameters': None, 'verbosity': None}",2682dcb2cc92c9132631458015f537beb714607dc4b5d70b5198603d373e3e5c,returned,0.0897314000030747,0.09375,False,pleia_energy
d1678de4e2ef485193d22c57bd36689d,owner_cal_h1_enbpi,False,xgboost_estimator_fit,xgboost.sklearn,fit,XGBRegressor,3300,2026-09-14T13:53:41.574377+00:00,4968,"{'objective': 'reg:squarederror', 'base_score': None, 'booster': None, 'callbacks': None, 'colsample_bylevel': None, 'colsample_bynode': None, 'colsample_bytree': 0.8, 'device': None, 'early_stopping_rounds': None, 'enable_categorical': False, 'eval_metric': None, 'feature_types': None, 'feature_weights': None, 'gamma': None, 'grow_policy': None, 'importance_type': None, 'interaction_constraints': None, 'learning_rate': 0.05, 'max_bin': None, 'max_cat_threshold': None, 'max_cat_to_onehot': None, 'max_delta_step': None, 'max_depth': 5, 'max_leaves': None, 'min_child_weight': None, 'missing': nan, 'monotone_constraints': None, 'multi_strategy': None, 'n_estimators': 60, 'n_jobs': 1, 'num_parallel_tree': None, 'random_state': 42, 'reg_alpha': None, 'reg_lambda': None, 'sampling_method': None, 'scale_pos_weight': None, 'subsample': 0.8, 'tree_method': 'hist', 'validate_parameters': None, 'verbosity': None}",b8c8508e4ae3fbe257ecdc00bba2620f96f6bf7ad69622d8b5505975a25f3df5,started,,,,pleia_energy
d1678de4e2ef485193d22c57bd36689d,owner_cal_h1_enbpi,False,xgboost_estimator_fit,xgboost.sklearn,fit,XGBRegressor,3300,2026-09-14T13:53:41.574377+00:00,4968,"{'objective': 'reg:squarederror', 'base_score': None, 'booster': None, 'callbacks': None, 'colsample_bylevel': None, 'colsample_bynode': None, 'colsample_bytree': 0.8, 'device': None, 'early_stopping_rounds': None, 'enable_categorical': False, 'eval_metric': None, 'feature_types': None, 'feature_weights': None, 'gamma': None, 'grow_policy': None, 'importance_type': None, 'interaction_constraints': None, 'learning_rate': 0.05, 'max_bin': None, 'max_cat_threshold': None, 'max_cat_to_onehot': None, 'max_delta_step': None, 'max_depth': 5, 'max_leaves': None, 'min_child_weight': None, 'missing': nan, 'monotone_constraints': None, 'multi_strategy': None, 'n_estimators': 60, 'n_jobs': 1, 'num_parallel_tree': None, 'random_state': 42, 'reg_alpha': None, 'reg_lambda': None, 'sampling_method': None, 'scale_pos_weight': None, 'subsample': 0.8, 'tree_method': 'hist', 'validate_parameters': None, 'verbosity': None}",b8c8508e4ae3fbe257ecdc00bba2620f96f6bf7ad69622d8b5505975a25f3df5,returned,0.0754851999954553,0.0625,False,pleia_energy
44323a3cd61c488f9f8333b8d7f54f38,owner_cal_h1_enbpi,False,xgboost_estimator_fit,xgboost.sklearn,fit,XGBRegressor,3300,2026-09-14T13:53:41.655685+00:00,4968,"{'objective': 'reg:squarederror', 'base_score': None, 'booster': None, 'callbacks': None, 'colsample_bylevel': None, 'colsample_bynode': None, 'colsample_bytree': 0.8, 'device': None, 'early_stopping_rounds': None, 'enable_categorical': False, 'eval_metric': None, 'feature_types': None, 'feature_weights': None, 'gamma': None, 'grow_policy': None, 'importance_type': None, 'interaction_constraints': None, 'learning_rate': 0.05, 'max_bin': None, 'max_cat_threshold': None, 'max_cat_to_onehot': None, 'max_delta_step': None, 'max_depth': 5, 'max_leaves': None, 'min_child_weight': None, 'missing': nan, 'monotone_constraints': None, 'multi_strategy': None, 'n_estimators': 60, 'n_jobs': 1, 'num_parallel_tree': None, 'random_state': 42, 'reg_alpha': None, 'reg_lambda': None, 'sampling_method': None, 'scale_pos_weight': None, 'subsample': 0.8, 'tree_method': 'hist', 'validate_parameters': None, 'verbosity': None}",ee07dfb236f01bc818931d17c1ceb9d619129270717447360015fc0dc189080a,started,,,,pleia_energy
44323a3cd61c488f9f8333b8d7f54f38,owner_cal_h1_enbpi,False,xgboost_estimator_fit,xgboost.sklearn,fit,XGBRegressor,3300,2026-09-14T13:53:41.655685+00:00,4968,"{'objective': 'reg:squarederror', 'base_score': None, 'booster': None, 'callbacks': None, 'colsample_bylevel': None, 'colsample_bynode': None, 'colsample_bytree': 0.8, 'device': None, 'early_stopping_rounds': None, 'enable_categorical': False, 'eval_metric': None, 'feature_types': None, 'feature_weights': None, 'gamma': None, 'grow_policy': None, 'importance_type': None, 'interaction_constraints': None, 'learning_rate': 0.05, 'max_bin': None, 'max_cat_threshold': None, 'max_cat_to_onehot': None, 'max_delta_step': None, 'max_depth': 5, 'max_leaves': None, 'min_child_weight': None, 'missing': nan, 'monotone_constraints': None, 'multi_strategy': None, 'n_estimators': 60, 'n_jobs': 1, 'num_parallel_tree': None, 'random_state': 42, 'reg_alpha': None, 'reg_lambda': None, 'sampling_method': None, 'scale_pos_weight': None, 'subsample': 0.8, 'tree_method': 'hist', 'validate_parameters': None, 'verbosity': None}",ee07dfb236f01bc818931d17c1ceb9d619129270717447360015fc0dc189080a,returned,0.084915599989472,0.078125,False,pleia_energy
4d799ac382464bcabb52eeced4c02392,owner_cal_h1_enbpi,False,xgboost_estimator_fit,xgboost.sklearn,fit,XGBRegressor,3300,2026-09-14T13:53:41.746755+00:00,4968,"{'objective': 'reg:squarederror', 'base_score': None, 'booster': None, 'callbacks': None, 'colsample_bylevel': None, 'colsample_bynode': None, 'colsample_bytree': 0.8, 'device': None, 'early_stopping_rounds': None, 'enable_categorical': False, 'eval_metric': None, 'feature_types': None, 'feature_weights': None, 'gamma': None, 'grow_policy': None, 'importance_type': None, 'interaction_constraints': None, 'learning_rate': 0.05, 'max_bin': None, 'max_cat_threshold': None, 'max_cat_to_onehot': None, 'max_delta_step': None, 'max_depth': 5, 'max_leaves': None, 'min_child_weight': None, 'missing': nan, 'monotone_constraints': None, 'multi_strategy': None, 'n_estimators': 60, 'n_jobs': 1, 'num_parallel_tree': None, 'random_state': 42, 'reg_alpha': None, 'reg_lambda': None, 'sampling_method': None, 'scale_pos_weight': None, 'subsample': 0.8, 'tree_method': 'hist', 'validate_parameters': None, 'verbosity': None}",3ab566f21f9f2f0c47d5521cc8c218d2d408b58b7851a1eca9d38751faf9eded,started,,,,pleia_energy
4d799ac382464bcabb52eeced4c02392,owner_cal_h1_enbpi,False,xgboost_estimator_fit,xgboost.sklearn,fit,XGBRegressor,3300,2026-09-14T13:53:41.746755+00:00,4968,"{'objective': 'reg:squarederror', 'base_score': None, 'booster': None, 'callbacks': None, 'colsample_bylevel': None, 'colsample_bynode': None, 'colsample_bytree': 0.8, 'device': None, 'early_stopping_rounds': None, 'enable_categorical': False, 'eval_metric': None, 'feature_types': None, 'feature_weights': None, 'gamma': None, 'grow_policy': None, 'importance_type': None, 'interaction_constraints': None, 'learning_rate': 0.05, 'max_bin': None, 'max_cat_threshold': None, 'max_cat_to_onehot': None, 'max_delta_step': None, 'max_depth': 5, 'max_leaves': None, 'min_child_weight': None, 'missing': nan, 'monotone_constraints': None, 'multi_strategy': None, 'n_estimators': 60, 'n_jobs': 1, 'num_parallel_tree': None, 'random_state': 42, 'reg_alpha': None, 'reg_lambda': None, 'sampling_method': None, 'scale_pos_weight': None, 'subsample': 0.8, 'tree_method': 'hist', 'validate_parameters': None, 'verbosity': None}",3ab566f21f9f2f0c47d5521cc8c218d2d408b58b7851a1eca9d38751faf9eded,returned,0.0783893000043463,0.09375,False,pleia_energy
b4b205f30e7a4215a5de3583abda2114,owner_cal_h1_enbpi,False,xgboost_estimator_fit,xgboost.sklearn,fit,XGBRegressor,3300,2026-09-14T13:53:41.832491+00:00,4968,"{'objective': 'reg:squarederror', 'base_score': None, 'booster': None, 'callbacks': None, 'colsample_bylevel': None, 'colsample_bynode': None, 'colsample_bytree': 0.8, 'device': None, 'early_stopping_rounds': None, 'enable_categorical': False, 'eval_metric': None, 'feature_types': None, 'feature_weights': None, 'gamma': None, 'grow_policy': None, 'importance_type': None, 'interaction_constraints': None, 'learning_rate': 0.05, 'max_bin': None, 'max_cat_threshold': None, 'max_cat_to_onehot': None, 'max_delta_step': None, 'max_depth': 5, 'max_leaves': None, 'min_child_weight': None, 'missing': nan, 'monotone_constraints': None, 'multi_strategy': None, 'n_estimators': 60, 'n_jobs': 1, 'num_parallel_tree': None, 'random_state': 42, 'reg_alpha': None, 'reg_lambda': None, 'sampling_method': None, 'scale_pos_weight': None, 'subsample': 0.8, 'tree_method': 'hist', 'validate_parameters': None, 'verbosity': None}",485207f48619cbdb838d7ecef6e907867368a2bea4081923a31aac31c91fc535,started,,,,pleia_energy
b4b205f30e7a4215a5de3583abda2114,owner_cal_h1_enbpi,False,xgboost_estimator_fit,xgboost.sklearn,fit,XGBRegressor,3300,2026-09-14T13:53:41.832491+00:00,4968,"{'objective': 'reg:squarederror', 'base_score': None, 'booster': None, 'callbacks': None, 'colsample_bylevel': None, 'colsample_bynode': None, 'colsample_bytree': 0.8, 'device': None, 'early_stopping_rounds': None, 'enable_categorical': False, 'eval_metric': None, 'feature_types': None, 'feature_weights': None, 'gamma': None, 'grow_policy': None, 'importance_type': None, 'interaction_constraints': None, 'learning_rate': 0.05, 'max_bin': None, 'max_cat_threshold': None, 'max_cat_to_onehot': None, 'max_delta_step': None, 'max_depth': 5, 'max_leaves': None, 'min_child_weight': None, 'missing': nan, 'monotone_constraints': None, 'multi_strategy': None, 'n_estimators': 60, 'n_jobs': 1, 'num_parallel_tree': None, 'random_state': 42, 'reg_alpha': None, 'reg_lambda': None, 'sampling_method': None, 'scale_pos_weight': None, 'subsample': 0.8, 'tree_method': 'hist', 'validate_parameters': None, 'verbosity': None}",485207f48619cbdb838d7ecef6e907867368a2bea4081923a31aac31c91fc535,returned,0.080490499996813,0.078125,False,pleia_energy
19fa8891294d4e6fa4f10b3fef10d0af,owner_cal_h1_enbpi,False,calibrator_conformalize,mapie.regression.regression,conformalize,TimeSeriesRegressor,3300,2026-09-14T13:53:41.470695+00:00,4953,"{'agg_function': 'mean', 'conformity_score': None, 'cv': 'BlockBootstrap(length=24, n_blocks=None, n_resamplings=5, overlapping=True,\n        random_state=42)', 'estimator': 'XGBRegressor(base_score=None, booster=None, callbacks=None,\n             colsample_bylevel=None, colsample_bynode=None,\n             colsample_bytree=0.8, device=None, early_stopping_rounds=None,\n             enable_categorical=False, eval_metric=None, feature_types=None,\n             feature_weights=None, gamma=None, grow_policy=None,\n             importance_type=None, interaction_constraints=None,\n             learning_rate=0.05, max_bin=None, max_cat_threshold=None,\n             max_cat_to_onehot=None, max_delta_step=None, max_depth=5,\n             max_leaves=None, min_child_weight=None, missing=nan,\n             monotone_constraints=None, multi_strategy=None, n_estimators=60,\n             n_jobs=1, num_parallel_tree=None, ...)', 'method': 'enbpi', 'n_jobs': 1, 'random_state': 42, 'verbose': 0}",5d44bb7ea8852b539b4f3c7299e9f9a066d69fc2ce4970131a6effeba9296bb4,returned,0.467563499987591,0.453125,False,pleia_energy
da95128a7dd5434fab910cbfb339137f,owner_fit_h3_cqr_l90,False,cqr_wrapper_fit,mapie.regression.quantile_regression,fit,ConformalizedQuantileRegressor,3300,2026-09-14T13:54:16.039743+00:00,14855,{},27317169d2863e8a8073e58de3183dd5f080a367a69a439468a0e9e3d649f826,started,,,,pleia_energy
b9b548f5b5a04c7f90f3285e4e8d3166,owner_fit_h3_cqr_l90,False,quantile_estimator_fit,sklearn.ensemble._hist_gradient_boosting.gradient_boosting,fit,HistGradientBoostingRegressor,3300,2026-09-14T13:54:16.043256+00:00,14855,"{'categorical_features': 'warn', 'early_stopping': 'auto', 'interaction_cst': None, 'l2_regularization': 0.0, 'learning_rate': 0.05, 'loss': 'quantile', 'max_bins': 255, 'max_depth': None, 'max_features': 1.0, 'max_iter': 300, 'max_leaf_nodes': 31, 'min_samples_leaf': 50, 'monotonic_cst': None, 'n_iter_no_change': 10, 'quantile': 0.05, 'random_state': 42, 'scoring': 'loss', 'tol': 1e-07, 'validation_fraction': 0.1, 'verbose': 0, 'warm_start': False}",27317169d2863e8a8073e58de3183dd5f080a367a69a439468a0e9e3d649f826,started,,,,pleia_energy
b9b548f5b5a04c7f90f3285e4e8d3166,owner_fit_h3_cqr_l90,False,quantile_estimator_fit,sklearn.ensemble._hist_gradient_boosting.gradient_boosting,fit,HistGradientBoostingRegressor,3300,2026-09-14T13:54:16.043256+00:00,14855,"{'categorical_features': 'warn', 'early_stopping': 'auto', 'interaction_cst': None, 'l2_regularization': 0.0, 'learning_rate': 0.05, 'loss': 'quantile', 'max_bins': 255, 'max_depth': None, 'max_features': 1.0, 'max_iter': 300, 'max_leaf_nodes': 31, 'min_samples_leaf': 50, 'monotonic_cst': None, 'n_iter_no_change': 10, 'quantile': 0.05, 'random_state': 42, 'scoring': 'loss', 'tol': 1e-07, 'validation_fraction': 0.1, 'verbose': 0, 'warm_start': False}",27317169d2863e8a8073e58de3183dd5f080a367a69a439468a0e9e3d649f826,returned,2.779346299998,2.75,False,pleia_energy
8002d4e000834f2780dc0ffa20b61608,owner_fit_h3_cqr_l90,False,quantile_estimator_fit,sklearn.ensemble._hist_gradient_boosting.gradient_boosting,fit,HistGradientBoostingRegressor,3300,2026-09-14T13:54:18.830694+00:00,14855,"{'categorical_features': 'warn', 'early_stopping': 'auto', 'interaction_cst': None, 'l2_regularization': 0.0, 'learning_rate': 0.05, 'loss': 'quantile', 'max_bins': 255, 'max_depth': None, 'max_features': 1.0, 'max_iter': 300, 'max_leaf_nodes': 31, 'min_samples_leaf': 50, 'monotonic_cst': None, 'n_iter_no_change': 10, 'quantile': 0.95, 'random_state': 42, 'scoring': 'loss', 'tol': 1e-07, 'validation_fraction': 0.1, 'verbose': 0, 'warm_start': False}",27317169d2863e8a8073e58de3183dd5f080a367a69a439468a0e9e3d649f826,started,,,,pleia_energy
8002d4e000834f2780dc0ffa20b61608,owner_fit_h3_cqr_l90,False,quantile_estimator_fit,sklearn.ensemble._hist_gradient_boosting.gradient_boosting,fit,HistGradientBoostingRegressor,3300,2026-09-14T13:54:18.830694+00:00,14855,"{'categorical_features': 'warn', 'early_stopping': 'auto', 'interaction_cst': None, 'l2_regularization': 0.0, 'learning_rate': 0.05, 'loss': 'quantile', 'max_bins': 255, 'max_depth': None, 'max_features': 1.0, 'max_iter': 300, 'max_leaf_nodes': 31, 'min_samples_leaf': 50, 'monotonic_cst': None, 'n_iter_no_change': 10, 'quantile': 0.95, 'random_state': 42, 'scoring': 'loss', 'tol': 1e-07, 'validation_fraction': 0.1, 'verbose': 0, 'warm_start': False}",27317169d2863e8a8073e58de3183dd5f080a367a69a439468a0e9e3d649f826,returned,3.05491460001213,2.96875,False,pleia_energy
9b9c73a5130a406ea581861788fe6e59,owner_fit_h3_cqr_l90,False,quantile_estimator_fit,sklearn.ensemble._hist_gradient_boosting.gradient_boosting,fit,HistGradientBoostingRegressor,3300,2026-09-14T13:54:21.891651+00:00,14855,"{'categorical_features': 'warn', 'early_stopping': 'auto', 'interaction_cst': None, 'l2_regularization': 0.0, 'learning_rate': 0.05, 'loss': 'quantile', 'max_bins': 255, 'max_depth': None, 'max_features': 1.0, 'max_iter': 300, 'max_leaf_nodes': 31, 'min_samples_leaf': 50, 'monotonic_cst': None, 'n_iter_no_change': 10, 'quantile': 0.5, 'random_state': 42, 'scoring': 'loss', 'tol': 1e-07, 'validation_fraction': 0.1, 'verbose': 0, 'warm_start': False}",27317169d2863e8a8073e58de3183dd5f080a367a69a439468a0e9e3d649f826,started,,,,pleia_energy
9b9c73a5130a406ea581861788fe6e59,owner_fit_h3_cqr_l90,False,quantile_estimator_fit,sklearn.ensemble._hist_gradient_boosting.gradient_boosting,fit,HistGradientBoostingRegressor,3300,2026-09-14T13:54:21.891651+00:00,14855,"{'categorical_features': 'warn', 'early_stopping': 'auto', 'interaction_cst': None, 'l2_regularization': 0.0, 'learning_rate': 0.05, 'loss': 'quantile', 'max_bins': 255, 'max_depth': None, 'max_features': 1.0, 'max_iter': 300, 'max_leaf_nodes': 31, 'min_samples_leaf': 50, 'monotonic_cst': None, 'n_iter_no_change': 10, 'quantile': 0.5, 'random_state': 42, 'scoring': 'loss', 'tol': 1e-07, 'validation_fraction': 0.1, 'verbose': 0, 'warm_start': False}",27317169d2863e8a8073e58de3183dd5f080a367a69a439468a0e9e3d649f826,returned,1.65608580000116,1.640625,False,pleia_energy
da95128a7dd5434fab910cbfb339137f,owner_fit_h3_cqr_l90,False,cqr_wrapper_fit,mapie.regression.quantile_regression,fit,ConformalizedQuantileRegressor,3300,2026-09-14T13:54:16.039743+00:00,14855,{},27317169d2863e8a8073e58de3183dd5f080a367a69a439468a0e9e3d649f826,returned,7.50805950000358,7.375,False,pleia_energy
17f10a3bba2a4cbfae6d837c8f0ec409,owner_cal_h3_cqr_l90,False,calibrator_conformalize,mapie.regression.quantile_regression,conformalize,ConformalizedQuantileRegressor,3300,2026-09-14T13:54:23.658470+00:00,4952,{},168461831fd55b812f7595cc45a8988ec3b96d85f61be84598f58a32503dd346,started,,,,pleia_energy
3185ab8f69294901b47fe04aecde882f,owner_cal_h3_cqr_l90,False,calibrator_conformalize,mapie.regression.quantile_regression,conformalize,_MapieQuantileRegressor,3300,2026-09-14T13:54:23.658470+00:00,4952,"{'alpha': 0.1, 'cv': 'split', 'estimator': ""HistGradientBoostingRegressor(learning_rate=0.05, loss='quantile', max_iter=300,\n                              min_samples_leaf=50, random_state=42)"", 'method': 'quantile'}",168461831fd55b812f7595cc45a8988ec3b96d85f61be84598f58a32503dd346,started,,,,pleia_energy
3185ab8f69294901b47fe04aecde882f,owner_cal_h3_cqr_l90,False,calibrator_conformalize,mapie.regression.quantile_regression,conformalize,_MapieQuantileRegressor,3300,2026-09-14T13:54:23.658470+00:00,4952,"{'alpha': 0.1, 'cv': 'split', 'estimator': ""HistGradientBoostingRegressor(learning_rate=0.05, loss='quantile', max_iter=300,\n                              min_samples_leaf=50, random_state=42)"", 'method': 'quantile'}",168461831fd55b812f7595cc45a8988ec3b96d85f61be84598f58a32503dd346,returned,0.290204100005212,0.265625,False,pleia_energy
17f10a3bba2a4cbfae6d837c8f0ec409,owner_cal_h3_cqr_l90,False,calibrator_conformalize,mapie.regression.quantile_regression,conformalize,ConformalizedQuantileRegressor,3300,2026-09-14T13:54:23.658470+00:00,4952,{},168461831fd55b812f7595cc45a8988ec3b96d85f61be84598f58a32503dd346,returned,0.293923299992457,0.28125,False,pleia_energy
a4a84d2597ae4e368f2657fee4b8ac57,owner_fit_h3_cqr_l95,False,cqr_wrapper_fit,mapie.regression.quantile_regression,fit,ConformalizedQuantileRegressor,3300,2026-09-14T13:54:34.506414+00:00,14855,{},27317169d2863e8a8073e58de3183dd5f080a367a69a439468a0e9e3d649f826,started,,,,pleia_energy
6b33b95affe5482fb8b45946fa77ab35,owner_fit_h3_cqr_l95,False,quantile_estimator_fit,sklearn.ensemble._hist_gradient_boosting.gradient_boosting,fit,HistGradientBoostingRegressor,3300,2026-09-14T13:54:34.509471+00:00,14855,"{'categorical_features': 'warn', 'early_stopping': 'auto', 'interaction_cst': None, 'l2_regularization': 0.0, 'learning_rate': 0.05, 'loss': 'quantile', 'max_bins': 255, 'max_depth': None, 'max_features': 1.0, 'max_iter': 300, 'max_leaf_nodes': 31, 'min_samples_leaf': 50, 'monotonic_cst': None, 'n_iter_no_change': 10, 'quantile': 0.025, 'random_state': 42, 'scoring': 'loss', 'tol': 1e-07, 'validation_fraction': 0.1, 'verbose': 0, 'warm_start': False}",27317169d2863e8a8073e58de3183dd5f080a367a69a439468a0e9e3d649f826,started,,,,pleia_energy
6b33b95affe5482fb8b45946fa77ab35,owner_fit_h3_cqr_l95,False,quantile_estimator_fit,sklearn.ensemble._hist_gradient_boosting.gradient_boosting,fit,HistGradientBoostingRegressor,3300,2026-09-14T13:54:34.509471+00:00,14855,"{'categorical_features': 'warn', 'early_stopping': 'auto', 'interaction_cst': None, 'l2_regularization': 0.0, 'learning_rate': 0.05, 'loss': 'quantile', 'max_bins': 255, 'max_depth': None, 'max_features': 1.0, 'max_iter': 300, 'max_leaf_nodes': 31, 'min_samples_leaf': 50, 'monotonic_cst': None, 'n_iter_no_change': 10, 'quantile': 0.025, 'random_state': 42, 'scoring': 'loss', 'tol': 1e-07, 'validation_fraction': 0.1, 'verbose': 0, 'warm_start': False}",27317169d2863e8a8073e58de3183dd5f080a367a69a439468a0e9e3d649f826,returned,2.16146190000291,2.078125,False,pleia_energy
a81d166d304a4054b00d6679356696ba,owner_fit_h3_cqr_l95,False,quantile_estimator_fit,sklearn.ensemble._hist_gradient_boosting.gradient_boosting,fit,HistGradientBoostingRegressor,3300,2026-09-14T13:54:36.679230+00:00,14855,"{'categorical_features': 'warn', 'early_stopping': 'auto', 'interaction_cst': None, 'l2_regularization': 0.0, 'learning_rate': 0.05, 'loss': 'quantile', 'max_bins': 255, 'max_depth': None, 'max_features': 1.0, 'max_iter': 300, 'max_leaf_nodes': 31, 'min_samples_leaf': 50, 'monotonic_cst': None, 'n_iter_no_change': 10, 'quantile': 0.975, 'random_state': 42, 'scoring': 'loss', 'tol': 1e-07, 'validation_fraction': 0.1, 'verbose': 0, 'warm_start': False}",27317169d2863e8a8073e58de3183dd5f080a367a69a439468a0e9e3d649f826,started,,,,pleia_energy
a81d166d304a4054b00d6679356696ba,owner_fit_h3_cqr_l95,False,quantile_estimator_fit,sklearn.ensemble._hist_gradient_boosting.gradient_boosting,fit,HistGradientBoostingRegressor,3300,2026-09-14T13:54:36.679230+00:00,14855,"{'categorical_features': 'warn', 'early_stopping': 'auto', 'interaction_cst': None, 'l2_regularization': 0.0, 'learning_rate': 0.05, 'loss': 'quantile', 'max_bins': 255, 'max_depth': None, 'max_features': 1.0, 'max_iter': 300, 'max_leaf_nodes': 31, 'min_samples_leaf': 50, 'monotonic_cst': None, 'n_iter_no_change': 10, 'quantile': 0.975, 'random_state': 42, 'scoring': 'loss', 'tol': 1e-07, 'validation_fraction': 0.1, 'verbose': 0, 'warm_start': False}",27317169d2863e8a8073e58de3183dd5f080a367a69a439468a0e9e3d649f826,returned,2.96629599999869,2.90625,False,pleia_energy
f8747a01e2ef42dfbe12e17ec9143b59,owner_fit_h3_cqr_l95,False,quantile_estimator_fit,sklearn.ensemble._hist_gradient_boosting.gradient_boosting,fit,HistGradientBoostingRegressor,3300,2026-09-14T13:54:39.648712+00:00,14855,"{'categorical_features': 'warn', 'early_stopping': 'auto', 'interaction_cst': None, 'l2_regularization': 0.0, 'learning_rate': 0.05, 'loss': 'quantile', 'max_bins': 255, 'max_depth': None, 'max_features': 1.0, 'max_iter': 300, 'max_leaf_nodes': 31, 'min_samples_leaf': 50, 'monotonic_cst': None, 'n_iter_no_change': 10, 'quantile': 0.5, 'random_state': 42, 'scoring': 'loss', 'tol': 1e-07, 'validation_fraction': 0.1, 'verbose': 0, 'warm_start': False}",27317169d2863e8a8073e58de3183dd5f080a367a69a439468a0e9e3d649f826,started,,,,pleia_energy
f8747a01e2ef42dfbe12e17ec9143b59,owner_fit_h3_cqr_l95,False,quantile_estimator_fit,sklearn.ensemble._hist_gradient_boosting.gradient_boosting,fit,HistGradientBoostingRegressor,3300,2026-09-14T13:54:39.648712+00:00,14855,"{'categorical_features': 'warn', 'early_stopping': 'auto', 'interaction_cst': None, 'l2_regularization': 0.0, 'learning_rate': 0.05, 'loss': 'quantile', 'max_bins': 255, 'max_depth': None, 'max_features': 1.0, 'max_iter': 300, 'max_leaf_nodes': 31, 'min_samples_leaf': 50, 'monotonic_cst': None, 'n_iter_no_change': 10, 'quantile': 0.5, 'random_state': 42, 'scoring': 'loss', 'tol': 1e-07, 'validation_fraction': 0.1, 'verbose': 0, 'warm_start': False}",27317169d2863e8a8073e58de3183dd5f080a367a69a439468a0e9e3d649f826,returned,1.58854280000378,1.546875,False,pleia_energy
a4a84d2597ae4e368f2657fee4b8ac57,owner_fit_h3_cqr_l95,False,cqr_wrapper_fit,mapie.regression.quantile_regression,fit,ConformalizedQuantileRegressor,3300,2026-09-14T13:54:34.506414+00:00,14855,{},27317169d2863e8a8073e58de3183dd5f080a367a69a439468a0e9e3d649f826,returned,6.73584959999425,6.53125,False,pleia_energy
eb15a08a730746af994e3e0ea65f2752,owner_cal_h3_cqr_l95,False,calibrator_conformalize,mapie.regression.quantile_regression,conformalize,ConformalizedQuantileRegressor,3300,2026-09-14T13:54:41.327393+00:00,4952,{},168461831fd55b812f7595cc45a8988ec3b96d85f61be84598f58a32503dd346,started,,,,pleia_energy
3649ec90330f4e7080c8d2ded55cf00f,owner_cal_h3_cqr_l95,False,calibrator_conformalize,mapie.regression.quantile_regression,conformalize,_MapieQuantileRegressor,3300,2026-09-14T13:54:41.331335+00:00,4952,"{'alpha': 0.05, 'cv': 'split', 'estimator': ""HistGradientBoostingRegressor(learning_rate=0.05, loss='quantile', max_iter=300,\n                              min_samples_leaf=50, random_state=42)"", 'method': 'quantile'}",168461831fd55b812f7595cc45a8988ec3b96d85f61be84598f58a32503dd346,started,,,,pleia_energy
3649ec90330f4e7080c8d2ded55cf00f,owner_cal_h3_cqr_l95,False,calibrator_conformalize,mapie.regression.quantile_regression,conformalize,_MapieQuantileRegressor,3300,2026-09-14T13:54:41.331335+00:00,4952,"{'alpha': 0.05, 'cv': 'split', 'estimator': ""HistGradientBoostingRegressor(learning_rate=0.05, loss='quantile', max_iter=300,\n                              min_samples_leaf=50, random_state=42)"", 'method': 'quantile'}",168461831fd55b812f7595cc45a8988ec3b96d85f61be84598f58a32503dd346,returned,0.295149000012316,0.296875,False,pleia_energy
eb15a08a730746af994e3e0ea65f2752,owner_cal_h3_cqr_l95,False,calibrator_conformalize,mapie.regression.quantile_regression,conformalize,ConformalizedQuantileRegressor,3300,2026-09-14T13:54:41.327393+00:00,4952,{},168461831fd55b812f7595cc45a8988ec3b96d85f61be84598f58a32503dd346,returned,0.299204800001462,0.296875,False,pleia_energy
01e0a6658a814ad4abc9506573fa238f,owner_fit_h3_enbpi,False,enbpi_wrapper_fit,mapie.regression.regression,fit,TimeSeriesRegressor,3300,2026-09-14T13:54:51.816186+00:00,14855,"{'agg_function': 'mean', 'conformity_score': None, 'cv': 'BlockBootstrap(length=24, n_blocks=None, n_resamplings=5, overlapping=True,\n        random_state=42)', 'estimator': 'XGBRegressor(base_score=None, booster=None, callbacks=None,\n             colsample_bylevel=None, colsample_bynode=None,\n             colsample_bytree=0.8, device=None, early_stopping_rounds=None,\n             enable_categorical=False, eval_metric=None, feature_types=None,\n             feature_weights=None, gamma=None, grow_policy=None,\n             importance_type=None, interaction_constraints=None,\n             learning_rate=0.05, max_bin=None, max_cat_threshold=None,\n             max_cat_to_onehot=None, max_delta_step=None, max_depth=5,\n             max_leaves=None, min_child_weight=None, missing=nan,\n             monotone_constraints=None, multi_strategy=None, n_estimators=60,\n             n_jobs=1, num_parallel_tree=None, ...)', 'method': 'enbpi', 'n_jobs': 1, 'random_state': 42, 'verbose': 0}",27317169d2863e8a8073e58de3183dd5f080a367a69a439468a0e9e3d649f826,started,,,,pleia_energy
76cdc1a34db6455fb7675bdad39cc49c,owner_fit_h3_enbpi,False,xgboost_estimator_fit,xgboost.sklearn,fit,XGBRegressor,3300,2026-09-14T13:54:51.822185+00:00,14855,"{'objective': 'reg:squarederror', 'base_score': None, 'booster': None, 'callbacks': None, 'colsample_bylevel': None, 'colsample_bynode': None, 'colsample_bytree': 0.8, 'device': None, 'early_stopping_rounds': None, 'enable_categorical': False, 'eval_metric': None, 'feature_types': None, 'feature_weights': None, 'gamma': None, 'grow_policy': None, 'importance_type': None, 'interaction_constraints': None, 'learning_rate': 0.05, 'max_bin': None, 'max_cat_threshold': None, 'max_cat_to_onehot': None, 'max_delta_step': None, 'max_depth': 5, 'max_leaves': None, 'min_child_weight': None, 'missing': nan, 'monotone_constraints': None, 'multi_strategy': None, 'n_estimators': 60, 'n_jobs': 1, 'num_parallel_tree': None, 'random_state': 42, 'reg_alpha': None, 'reg_lambda': None, 'sampling_method': None, 'scale_pos_weight': None, 'subsample': 0.8, 'tree_method': 'hist', 'validate_parameters': None, 'verbosity': None}",27317169d2863e8a8073e58de3183dd5f080a367a69a439468a0e9e3d649f826,started,,,,pleia_energy
76cdc1a34db6455fb7675bdad39cc49c,owner_fit_h3_enbpi,False,xgboost_estimator_fit,xgboost.sklearn,fit,XGBRegressor,3300,2026-09-14T13:54:51.822185+00:00,14855,"{'objective': 'reg:squarederror', 'base_score': None, 'booster': None, 'callbacks': None, 'colsample_bylevel': None, 'colsample_bynode': None, 'colsample_bytree': 0.8, 'device': None, 'early_stopping_rounds': None, 'enable_categorical': False, 'eval_metric': None, 'feature_types': None, 'feature_weights': None, 'gamma': None, 'grow_policy': None, 'importance_type': None, 'interaction_constraints': None, 'learning_rate': 0.05, 'max_bin': None, 'max_cat_threshold': None, 'max_cat_to_onehot': None, 'max_delta_step': None, 'max_depth': 5, 'max_leaves': None, 'min_child_weight': None, 'missing': nan, 'monotone_constraints': None, 'multi_strategy': None, 'n_estimators': 60, 'n_jobs': 1, 'num_parallel_tree': None, 'random_state': 42, 'reg_alpha': None, 'reg_lambda': None, 'sampling_method': None, 'scale_pos_weight': None, 'subsample': 0.8, 'tree_method': 'hist', 'validate_parameters': None, 'verbosity': None}",27317169d2863e8a8073e58de3183dd5f080a367a69a439468a0e9e3d649f826,returned,0.204260800004704,0.203125,False,pleia_energy
e38a917618db438dab9b6c994850b00c,owner_fit_h3_enbpi,False,calibrator_conformalize,mapie.regression.regression,conformalize,TimeSeriesRegressor,3300,2026-09-14T13:54:52.028573+00:00,14855,"{'agg_function': 'mean', 'conformity_score': None, 'cv': 'BlockBootstrap(length=24, n_blocks=None, n_resamplings=5, overlapping=True,\n        random_state=42)', 'estimator': 'XGBRegressor(base_score=None, booster=None, callbacks=None,\n             colsample_bylevel=None, colsample_bynode=None,\n             colsample_bytree=0.8, device=None, early_stopping_rounds=None,\n             enable_categorical=False, eval_metric=None, feature_types=None,\n             feature_weights=None, gamma=None, grow_policy=None,\n             importance_type=None, interaction_constraints=None,\n             learning_rate=0.05, max_bin=None, max_cat_threshold=None,\n             max_cat_to_onehot=None, max_delta_step=None, max_depth=5,\n             max_leaves=None, min_child_weight=None, missing=nan,\n             monotone_constraints=None, multi_strategy=None, n_estimators=60,\n             n_jobs=1, num_parallel_tree=None, ...)', 'method': 'enbpi', 'n_jobs': 1, 'random_state': 42, 'verbose': 0}",27317169d2863e8a8073e58de3183dd5f080a367a69a439468a0e9e3d649f826,started,,,,pleia_energy
fd936fdaa4894e499a5c0f2f3b886f3a,owner_fit_h3_enbpi,False,xgboost_estimator_fit,xgboost.sklearn,fit,XGBRegressor,3300,2026-09-14T13:54:52.036162+00:00,14856,"{'objective': 'reg:squarederror', 'base_score': None, 'booster': None, 'callbacks': None, 'colsample_bylevel': None, 'colsample_bynode': None, 'colsample_bytree': 0.8, 'device': None, 'early_stopping_rounds': None, 'enable_categorical': False, 'eval_metric': None, 'feature_types': None, 'feature_weights': None, 'gamma': None, 'grow_policy': None, 'importance_type': None, 'interaction_constraints': None, 'learning_rate': 0.05, 'max_bin': None, 'max_cat_threshold': None, 'max_cat_to_onehot': None, 'max_delta_step': None, 'max_depth': 5, 'max_leaves': None, 'min_child_weight': None, 'missing': nan, 'monotone_constraints': None, 'multi_strategy': None, 'n_estimators': 60, 'n_jobs': 1, 'num_parallel_tree': None, 'random_state': 42, 'reg_alpha': None, 'reg_lambda': None, 'sampling_method': None, 'scale_pos_weight': None, 'subsample': 0.8, 'tree_method': 'hist', 'validate_parameters': None, 'verbosity': None}",bd186fd6f3e693ab2c2257bc7f5961b5f3315dbb90a1407923355c9749b07f99,started,,,,pleia_energy
fd936fdaa4894e499a5c0f2f3b886f3a,owner_fit_h3_enbpi,False,xgboost_estimator_fit,xgboost.sklearn,fit,XGBRegressor,3300,2026-09-14T13:54:52.036162+00:00,14856,"{'objective': 'reg:squarederror', 'base_score': None, 'booster': None, 'callbacks': None, 'colsample_bylevel': None, 'colsample_bynode': None, 'colsample_bytree': 0.8, 'device': None, 'early_stopping_rounds': None, 'enable_categorical': False, 'eval_metric': None, 'feature_types': None, 'feature_weights': None, 'gamma': None, 'grow_policy': None, 'importance_type': None, 'interaction_constraints': None, 'learning_rate': 0.05, 'max_bin': None, 'max_cat_threshold': None, 'max_cat_to_onehot': None, 'max_delta_step': None, 'max_depth': 5, 'max_leaves': None, 'min_child_weight': None, 'missing': nan, 'monotone_constraints': None, 'multi_strategy': None, 'n_estimators': 60, 'n_jobs': 1, 'num_parallel_tree': None, 'random_state': 42, 'reg_alpha': None, 'reg_lambda': None, 'sampling_method': None, 'scale_pos_weight': None, 'subsample': 0.8, 'tree_method': 'hist', 'validate_parameters': None, 'verbosity': None}",bd186fd6f3e693ab2c2257bc7f5961b5f3315dbb90a1407923355c9749b07f99,returned,0.190405599991209,0.1875,False,pleia_energy
27baac70f47d48fb99f2f617a2139475,owner_fit_h3_enbpi,False,xgboost_estimator_fit,xgboost.sklearn,fit,XGBRegressor,3300,2026-09-14T13:54:52.224332+00:00,14856,"{'objective': 'reg:squarederror', 'base_score': None, 'booster': None, 'callbacks': None, 'colsample_bylevel': None, 'colsample_bynode': None, 'colsample_bytree': 0.8, 'device': None, 'early_stopping_rounds': None, 'enable_categorical': False, 'eval_metric': None, 'feature_types': None, 'feature_weights': None, 'gamma': None, 'grow_policy': None, 'importance_type': None, 'interaction_constraints': None, 'learning_rate': 0.05, 'max_bin': None, 'max_cat_threshold': None, 'max_cat_to_onehot': None, 'max_delta_step': None, 'max_depth': 5, 'max_leaves': None, 'min_child_weight': None, 'missing': nan, 'monotone_constraints': None, 'multi_strategy': None, 'n_estimators': 60, 'n_jobs': 1, 'num_parallel_tree': None, 'random_state': 42, 'reg_alpha': None, 'reg_lambda': None, 'sampling_method': None, 'scale_pos_weight': None, 'subsample': 0.8, 'tree_method': 'hist', 'validate_parameters': None, 'verbosity': None}",be0d451de7e2cff088a19013a8dc3559582aa34e1a791451e97ca67c86b45f56,started,,,,pleia_energy
27baac70f47d48fb99f2f617a2139475,owner_fit_h3_enbpi,False,xgboost_estimator_fit,xgboost.sklearn,fit,XGBRegressor,3300,2026-09-14T13:54:52.224332+00:00,14856,"{'objective': 'reg:squarederror', 'base_score': None, 'booster': None, 'callbacks': None, 'colsample_bylevel': None, 'colsample_bynode': None, 'colsample_bytree': 0.8, 'device': None, 'early_stopping_rounds': None, 'enable_categorical': False, 'eval_metric': None, 'feature_types': None, 'feature_weights': None, 'gamma': None, 'grow_policy': None, 'importance_type': None, 'interaction_constraints': None, 'learning_rate': 0.05, 'max_bin': None, 'max_cat_threshold': None, 'max_cat_to_onehot': None, 'max_delta_step': None, 'max_depth': 5, 'max_leaves': None, 'min_child_weight': None, 'missing': nan, 'monotone_constraints': None, 'multi_strategy': None, 'n_estimators': 60, 'n_jobs': 1, 'num_parallel_tree': None, 'random_state': 42, 'reg_alpha': None, 'reg_lambda': None, 'sampling_method': None, 'scale_pos_weight': None, 'subsample': 0.8, 'tree_method': 'hist', 'validate_parameters': None, 'verbosity': None}",be0d451de7e2cff088a19013a8dc3559582aa34e1a791451e97ca67c86b45f56,returned,0.195485000003828,0.171875,False,pleia_energy
d39e237b14d54797b66ab99bbab1439f,owner_fit_h3_enbpi,False,xgboost_estimator_fit,xgboost.sklearn,fit,XGBRegressor,3300,2026-09-14T13:54:52.436013+00:00,14856,"{'objective': 'reg:squarederror', 'base_score': None, 'booster': None, 'callbacks': None, 'colsample_bylevel': None, 'colsample_bynode': None, 'colsample_bytree': 0.8, 'device': None, 'early_stopping_rounds': None, 'enable_categorical': False, 'eval_metric': None, 'feature_types': None, 'feature_weights': None, 'gamma': None, 'grow_policy': None, 'importance_type': None, 'interaction_constraints': None, 'learning_rate': 0.05, 'max_bin': None, 'max_cat_threshold': None, 'max_cat_to_onehot': None, 'max_delta_step': None, 'max_depth': 5, 'max_leaves': None, 'min_child_weight': None, 'missing': nan, 'monotone_constraints': None, 'multi_strategy': None, 'n_estimators': 60, 'n_jobs': 1, 'num_parallel_tree': None, 'random_state': 42, 'reg_alpha': None, 'reg_lambda': None, 'sampling_method': None, 'scale_pos_weight': None, 'subsample': 0.8, 'tree_method': 'hist', 'validate_parameters': None, 'verbosity': None}",38798272be3f8ab23dae23226f5bc8c741f93b20b6eb95b6df19155a3d60d439,started,,,,pleia_energy
d39e237b14d54797b66ab99bbab1439f,owner_fit_h3_enbpi,False,xgboost_estimator_fit,xgboost.sklearn,fit,XGBRegressor,3300,2026-09-14T13:54:52.436013+00:00,14856,"{'objective': 'reg:squarederror', 'base_score': None, 'booster': None, 'callbacks': None, 'colsample_bylevel': None, 'colsample_bynode': None, 'colsample_bytree': 0.8, 'device': None, 'early_stopping_rounds': None, 'enable_categorical': False, 'eval_metric': None, 'feature_types': None, 'feature_weights': None, 'gamma': None, 'grow_policy': None, 'importance_type': None, 'interaction_constraints': None, 'learning_rate': 0.05, 'max_bin': None, 'max_cat_threshold': None, 'max_cat_to_onehot': None, 'max_delta_step': None, 'max_depth': 5, 'max_leaves': None, 'min_child_weight': None, 'missing': nan, 'monotone_constraints': None, 'multi_strategy': None, 'n_estimators': 60, 'n_jobs': 1, 'num_parallel_tree': None, 'random_state': 42, 'reg_alpha': None, 'reg_lambda': None, 'sampling_method': None, 'scale_pos_weight': None, 'subsample': 0.8, 'tree_method': 'hist', 'validate_parameters': None, 'verbosity': None}",38798272be3f8ab23dae23226f5bc8c741f93b20b6eb95b6df19155a3d60d439,returned,0.191047400003299,0.1875,False,pleia_energy
a23a7898a3b144f3bf4a61dcf8206d65,owner_fit_h3_enbpi,False,xgboost_estimator_fit,xgboost.sklearn,fit,XGBRegressor,3300,2026-09-14T13:54:52.642076+00:00,14856,"{'objective': 'reg:squarederror', 'base_score': None, 'booster': None, 'callbacks': None, 'colsample_bylevel': None, 'colsample_bynode': None, 'colsample_bytree': 0.8, 'device': None, 'early_stopping_rounds': None, 'enable_categorical': False, 'eval_metric': None, 'feature_types': None, 'feature_weights': None, 'gamma': None, 'grow_policy': None, 'importance_type': None, 'interaction_constraints': None, 'learning_rate': 0.05, 'max_bin': None, 'max_cat_threshold': None, 'max_cat_to_onehot': None, 'max_delta_step': None, 'max_depth': 5, 'max_leaves': None, 'min_child_weight': None, 'missing': nan, 'monotone_constraints': None, 'multi_strategy': None, 'n_estimators': 60, 'n_jobs': 1, 'num_parallel_tree': None, 'random_state': 42, 'reg_alpha': None, 'reg_lambda': None, 'sampling_method': None, 'scale_pos_weight': None, 'subsample': 0.8, 'tree_method': 'hist', 'validate_parameters': None, 'verbosity': None}",cd37a4646c13abf49221e74450260cbfe5e8c22fa901c002c6c74f22f63926ba,started,,,,pleia_energy
a23a7898a3b144f3bf4a61dcf8206d65,owner_fit_h3_enbpi,False,xgboost_estimator_fit,xgboost.sklearn,fit,XGBRegressor,3300,2026-09-14T13:54:52.642076+00:00,14856,"{'objective': 'reg:squarederror', 'base_score': None, 'booster': None, 'callbacks': None, 'colsample_bylevel': None, 'colsample_bynode': None, 'colsample_bytree': 0.8, 'device': None, 'early_stopping_rounds': None, 'enable_categorical': False, 'eval_metric': None, 'feature_types': None, 'feature_weights': None, 'gamma': None, 'grow_policy': None, 'importance_type': None, 'interaction_constraints': None, 'learning_rate': 0.05, 'max_bin': None, 'max_cat_threshold': None, 'max_cat_to_onehot': None, 'max_delta_step': None, 'max_depth': 5, 'max_leaves': None, 'min_child_weight': None, 'missing': nan, 'monotone_constraints': None, 'multi_strategy': None, 'n_estimators': 60, 'n_jobs': 1, 'num_parallel_tree': None, 'random_state': 42, 'reg_alpha': None, 'reg_lambda': None, 'sampling_method': None, 'scale_pos_weight': None, 'subsample': 0.8, 'tree_method': 'hist', 'validate_parameters': None, 'verbosity': None}",cd37a4646c13abf49221e74450260cbfe5e8c22fa901c002c6c74f22f63926ba,returned,0.195523400005186,0.1875,False,pleia_energy
8018657db1be49459d9427e516811711,owner_fit_h3_enbpi,False,xgboost_estimator_fit,xgboost.sklearn,fit,XGBRegressor,3300,2026-09-14T13:54:52.846059+00:00,14856,"{'objective': 'reg:squarederror', 'base_score': None, 'booster': None, 'callbacks': None, 'colsample_bylevel': None, 'colsample_bynode': None, 'colsample_bytree': 0.8, 'device': None, 'early_stopping_rounds': None, 'enable_categorical': False, 'eval_metric': None, 'feature_types': None, 'feature_weights': None, 'gamma': None, 'grow_policy': None, 'importance_type': None, 'interaction_constraints': None, 'learning_rate': 0.05, 'max_bin': None, 'max_cat_threshold': None, 'max_cat_to_onehot': None, 'max_delta_step': None, 'max_depth': 5, 'max_leaves': None, 'min_child_weight': None, 'missing': nan, 'monotone_constraints': None, 'multi_strategy': None, 'n_estimators': 60, 'n_jobs': 1, 'num_parallel_tree': None, 'random_state': 42, 'reg_alpha': None, 'reg_lambda': None, 'sampling_method': None, 'scale_pos_weight': None, 'subsample': 0.8, 'tree_method': 'hist', 'validate_parameters': None, 'verbosity': None}",2641d0a39b467af4b11cd72863f6c085493cb029403118d5abc821f15bce9fcd,started,,,,pleia_energy
8018657db1be49459d9427e516811711,owner_fit_h3_enbpi,False,xgboost_estimator_fit,xgboost.sklearn,fit,XGBRegressor,3300,2026-09-14T13:54:52.846059+00:00,14856,"{'objective': 'reg:squarederror', 'base_score': None, 'booster': None, 'callbacks': None, 'colsample_bylevel': None, 'colsample_bynode': None, 'colsample_bytree': 0.8, 'device': None, 'early_stopping_rounds': None, 'enable_categorical': False, 'eval_metric': None, 'feature_types': None, 'feature_weights': None, 'gamma': None, 'grow_policy': None, 'importance_type': None, 'interaction_constraints': None, 'learning_rate': 0.05, 'max_bin': None, 'max_cat_threshold': None, 'max_cat_to_onehot': None, 'max_delta_step': None, 'max_depth': 5, 'max_leaves': None, 'min_child_weight': None, 'missing': nan, 'monotone_constraints': None, 'multi_strategy': None, 'n_estimators': 60, 'n_jobs': 1, 'num_parallel_tree': None, 'random_state': 42, 'reg_alpha': None, 'reg_lambda': None, 'sampling_method': None, 'scale_pos_weight': None, 'subsample': 0.8, 'tree_method': 'hist', 'validate_parameters': None, 'verbosity': None}",2641d0a39b467af4b11cd72863f6c085493cb029403118d5abc821f15bce9fcd,returned,0.189444499992533,0.1875,False,pleia_energy
e38a917618db438dab9b6c994850b00c,owner_fit_h3_enbpi,False,calibrator_conformalize,mapie.regression.regression,conformalize,TimeSeriesRegressor,3300,2026-09-14T13:54:52.028573+00:00,14855,"{'agg_function': 'mean', 'conformity_score': None, 'cv': 'BlockBootstrap(length=24, n_blocks=None, n_resamplings=5, overlapping=True,\n        random_state=42)', 'estimator': 'XGBRegressor(base_score=None, booster=None, callbacks=None,\n             colsample_bylevel=None, colsample_bynode=None,\n             colsample_bytree=0.8, device=None, early_stopping_rounds=None,\n             enable_categorical=False, eval_metric=None, feature_types=None,\n             feature_weights=None, gamma=None, grow_policy=None,\n             importance_type=None, interaction_constraints=None,\n             learning_rate=0.05, max_bin=None, max_cat_threshold=None,\n             max_cat_to_onehot=None, max_delta_step=None, max_depth=5,\n             max_leaves=None, min_child_weight=None, missing=nan,\n             monotone_constraints=None, multi_strategy=None, n_estimators=60,\n             n_jobs=1, num_parallel_tree=None, ...)', 'method': 'enbpi', 'n_jobs': 1, 'random_state': 42, 'verbose': 0}",27317169d2863e8a8073e58de3183dd5f080a367a69a439468a0e9e3d649f826,returned,1.05729419999989,1.015625,False,pleia_energy
01e0a6658a814ad4abc9506573fa238f,owner_fit_h3_enbpi,False,enbpi_wrapper_fit,mapie.regression.regression,fit,TimeSeriesRegressor,3300,2026-09-14T13:54:51.816186+00:00,14855,"{'agg_function': 'mean', 'conformity_score': None, 'cv': 'BlockBootstrap(length=24, n_blocks=None, n_resamplings=5, overlapping=True,\n        random_state=42)', 'estimator': 'XGBRegressor(base_score=None, booster=None, callbacks=None,\n             colsample_bylevel=None, colsample_bynode=None,\n             colsample_bytree=0.8, device=None, early_stopping_rounds=None,\n             enable_categorical=False, eval_metric=None, feature_types=None,\n             feature_weights=None, gamma=None, grow_policy=None,\n             importance_type=None, interaction_constraints=None,\n             learning_rate=0.05, max_bin=None, max_cat_threshold=None,\n             max_cat_to_onehot=None, max_delta_step=None, max_depth=5,\n             max_leaves=None, min_child_weight=None, missing=nan,\n             monotone_constraints=None, multi_strategy=None, n_estimators=60,\n             n_jobs=1, num_parallel_tree=None, ...)', 'method': 'enbpi', 'n_jobs': 1, 'random_state': 42, 'verbose': 0}",27317169d2863e8a8073e58de3183dd5f080a367a69a439468a0e9e3d649f826,returned,1.27154599998903,1.21875,False,pleia_energy
1ba298206e5d45469a159aef43c9f183,owner_cal_h3_enbpi,False,calibrator_conformalize,mapie.regression.regression,conformalize,TimeSeriesRegressor,3300,2026-09-14T13:54:53.188132+00:00,4952,"{'agg_function': 'mean', 'conformity_score': None, 'cv': 'BlockBootstrap(length=24, n_blocks=None, n_resamplings=5, overlapping=True,\n        random_state=42)', 'estimator': 'XGBRegressor(base_score=None, booster=None, callbacks=None,\n             colsample_bylevel=None, colsample_bynode=None,\n             colsample_bytree=0.8, device=None, early_stopping_rounds=None,\n             enable_categorical=False, eval_metric=None, feature_types=None,\n             feature_weights=None, gamma=None, grow_policy=None,\n             importance_type=None, interaction_constraints=None,\n             learning_rate=0.05, max_bin=None, max_cat_threshold=None,\n             max_cat_to_onehot=None, max_delta_step=None, max_depth=5,\n             max_leaves=None, min_child_weight=None, missing=nan,\n             monotone_constraints=None, multi_strategy=None, n_estimators=60,\n             n_jobs=1, num_parallel_tree=None, ...)', 'method': 'enbpi', 'n_jobs': 1, 'random_state': 42, 'verbose': 0}",168461831fd55b812f7595cc45a8988ec3b96d85f61be84598f58a32503dd346,started,,,,pleia_energy
ff2f6dc9a3c046319234ece116204d38,owner_cal_h3_enbpi,False,xgboost_estimator_fit,xgboost.sklearn,fit,XGBRegressor,3300,2026-09-14T13:54:53.194074+00:00,4968,"{'objective': 'reg:squarederror', 'base_score': None, 'booster': None, 'callbacks': None, 'colsample_bylevel': None, 'colsample_bynode': None, 'colsample_bytree': 0.8, 'device': None, 'early_stopping_rounds': None, 'enable_categorical': False, 'eval_metric': None, 'feature_types': None, 'feature_weights': None, 'gamma': None, 'grow_policy': None, 'importance_type': None, 'interaction_constraints': None, 'learning_rate': 0.05, 'max_bin': None, 'max_cat_threshold': None, 'max_cat_to_onehot': None, 'max_delta_step': None, 'max_depth': 5, 'max_leaves': None, 'min_child_weight': None, 'missing': nan, 'monotone_constraints': None, 'multi_strategy': None, 'n_estimators': 60, 'n_jobs': 1, 'num_parallel_tree': None, 'random_state': 42, 'reg_alpha': None, 'reg_lambda': None, 'sampling_method': None, 'scale_pos_weight': None, 'subsample': 0.8, 'tree_method': 'hist', 'validate_parameters': None, 'verbosity': None}",924885830eb38a47549d76df24c3fbb3d21a0251e6bff7d19a22469be5f80bbf,started,,,,pleia_energy
ff2f6dc9a3c046319234ece116204d38,owner_cal_h3_enbpi,False,xgboost_estimator_fit,xgboost.sklearn,fit,XGBRegressor,3300,2026-09-14T13:54:53.194074+00:00,4968,"{'objective': 'reg:squarederror', 'base_score': None, 'booster': None, 'callbacks': None, 'colsample_bylevel': None, 'colsample_bynode': None, 'colsample_bytree': 0.8, 'device': None, 'early_stopping_rounds': None, 'enable_categorical': False, 'eval_metric': None, 'feature_types': None, 'feature_weights': None, 'gamma': None, 'grow_policy': None, 'importance_type': None, 'interaction_constraints': None, 'learning_rate': 0.05, 'max_bin': None, 'max_cat_threshold': None, 'max_cat_to_onehot': None, 'max_delta_step': None, 'max_depth': 5, 'max_leaves': None, 'min_child_weight': None, 'missing': nan, 'monotone_constraints': None, 'multi_strategy': None, 'n_estimators': 60, 'n_jobs': 1, 'num_parallel_tree': None, 'random_state': 42, 'reg_alpha': None, 'reg_lambda': None, 'sampling_method': None, 'scale_pos_weight': None, 'subsample': 0.8, 'tree_method': 'hist', 'validate_parameters': None, 'verbosity': None}",924885830eb38a47549d76df24c3fbb3d21a0251e6bff7d19a22469be5f80bbf,returned,0.0862703999882797,0.09375,False,pleia_energy
04492d96bbb445a1a17afdbeb8582f29,owner_cal_h3_enbpi,False,xgboost_estimator_fit,xgboost.sklearn,fit,XGBRegressor,3300,2026-09-14T13:54:53.289897+00:00,4968,"{'objective': 'reg:squarederror', 'base_score': None, 'booster': None, 'callbacks': None, 'colsample_bylevel': None, 'colsample_bynode': None, 'colsample_bytree': 0.8, 'device': None, 'early_stopping_rounds': None, 'enable_categorical': False, 'eval_metric': None, 'feature_types': None, 'feature_weights': None, 'gamma': None, 'grow_policy': None, 'importance_type': None, 'interaction_constraints': None, 'learning_rate': 0.05, 'max_bin': None, 'max_cat_threshold': None, 'max_cat_to_onehot': None, 'max_delta_step': None, 'max_depth': 5, 'max_leaves': None, 'min_child_weight': None, 'missing': nan, 'monotone_constraints': None, 'multi_strategy': None, 'n_estimators': 60, 'n_jobs': 1, 'num_parallel_tree': None, 'random_state': 42, 'reg_alpha': None, 'reg_lambda': None, 'sampling_method': None, 'scale_pos_weight': None, 'subsample': 0.8, 'tree_method': 'hist', 'validate_parameters': None, 'verbosity': None}",df3d9fb896c6acf698e905df1cebbb26202625df30f8820cff278c5d09e8139e,started,,,,pleia_energy
04492d96bbb445a1a17afdbeb8582f29,owner_cal_h3_enbpi,False,xgboost_estimator_fit,xgboost.sklearn,fit,XGBRegressor,3300,2026-09-14T13:54:53.289897+00:00,4968,"{'objective': 'reg:squarederror', 'base_score': None, 'booster': None, 'callbacks': None, 'colsample_bylevel': None, 'colsample_bynode': None, 'colsample_bytree': 0.8, 'device': None, 'early_stopping_rounds': None, 'enable_categorical': False, 'eval_metric': None, 'feature_types': None, 'feature_weights': None, 'gamma': None, 'grow_policy': None, 'importance_type': None, 'interaction_constraints': None, 'learning_rate': 0.05, 'max_bin': None, 'max_cat_threshold': None, 'max_cat_to_onehot': None, 'max_delta_step': None, 'max_depth': 5, 'max_leaves': None, 'min_child_weight': None, 'missing': nan, 'monotone_constraints': None, 'multi_strategy': None, 'n_estimators': 60, 'n_jobs': 1, 'num_parallel_tree': None, 'random_state': 42, 'reg_alpha': None, 'reg_lambda': None, 'sampling_method': None, 'scale_pos_weight': None, 'subsample': 0.8, 'tree_method': 'hist', 'validate_parameters': None, 'verbosity': None}",df3d9fb896c6acf698e905df1cebbb26202625df30f8820cff278c5d09e8139e,returned,0.0802705999958562,0.078125,False,pleia_energy
0b9a08dfa5d24f2aa7bc6ca679e0aa97,owner_cal_h3_enbpi,False,xgboost_estimator_fit,xgboost.sklearn,fit,XGBRegressor,3300,2026-09-14T13:54:53.374700+00:00,4968,"{'objective': 'reg:squarederror', 'base_score': None, 'booster': None, 'callbacks': None, 'colsample_bylevel': None, 'colsample_bynode': None, 'colsample_bytree': 0.8, 'device': None, 'early_stopping_rounds': None, 'enable_categorical': False, 'eval_metric': None, 'feature_types': None, 'feature_weights': None, 'gamma': None, 'grow_policy': None, 'importance_type': None, 'interaction_constraints': None, 'learning_rate': 0.05, 'max_bin': None, 'max_cat_threshold': None, 'max_cat_to_onehot': None, 'max_delta_step': None, 'max_depth': 5, 'max_leaves': None, 'min_child_weight': None, 'missing': nan, 'monotone_constraints': None, 'multi_strategy': None, 'n_estimators': 60, 'n_jobs': 1, 'num_parallel_tree': None, 'random_state': 42, 'reg_alpha': None, 'reg_lambda': None, 'sampling_method': None, 'scale_pos_weight': None, 'subsample': 0.8, 'tree_method': 'hist', 'validate_parameters': None, 'verbosity': None}",4b56f4612417a6795b2d720f1503797948c5c18ddf9c3accf900c9e2d2fa27da,started,,,,pleia_energy
0b9a08dfa5d24f2aa7bc6ca679e0aa97,owner_cal_h3_enbpi,False,xgboost_estimator_fit,xgboost.sklearn,fit,XGBRegressor,3300,2026-09-14T13:54:53.374700+00:00,4968,"{'objective': 'reg:squarederror', 'base_score': None, 'booster': None, 'callbacks': None, 'colsample_bylevel': None, 'colsample_bynode': None, 'colsample_bytree': 0.8, 'device': None, 'early_stopping_rounds': None, 'enable_categorical': False, 'eval_metric': None, 'feature_types': None, 'feature_weights': None, 'gamma': None, 'grow_policy': None, 'importance_type': None, 'interaction_constraints': None, 'learning_rate': 0.05, 'max_bin': None, 'max_cat_threshold': None, 'max_cat_to_onehot': None, 'max_delta_step': None, 'max_depth': 5, 'max_leaves': None, 'min_child_weight': None, 'missing': nan, 'monotone_constraints': None, 'multi_strategy': None, 'n_estimators': 60, 'n_jobs': 1, 'num_parallel_tree': None, 'random_state': 42, 'reg_alpha': None, 'reg_lambda': None, 'sampling_method': None, 'scale_pos_weight': None, 'subsample': 0.8, 'tree_method': 'hist', 'validate_parameters': None, 'verbosity': None}",4b56f4612417a6795b2d720f1503797948c5c18ddf9c3accf900c9e2d2fa27da,returned,0.0882888999913121,0.078125,False,pleia_energy
8f1d91fd3dc745dc8c3307e036b9189a,owner_cal_h3_enbpi,False,xgboost_estimator_fit,xgboost.sklearn,fit,XGBRegressor,3300,2026-09-14T13:54:53.468464+00:00,4968,"{'objective': 'reg:squarederror', 'base_score': None, 'booster': None, 'callbacks': None, 'colsample_bylevel': None, 'colsample_bynode': None, 'colsample_bytree': 0.8, 'device': None, 'early_stopping_rounds': None, 'enable_categorical': False, 'eval_metric': None, 'feature_types': None, 'feature_weights': None, 'gamma': None, 'grow_policy': None, 'importance_type': None, 'interaction_constraints': None, 'learning_rate': 0.05, 'max_bin': None, 'max_cat_threshold': None, 'max_cat_to_onehot': None, 'max_delta_step': None, 'max_depth': 5, 'max_leaves': None, 'min_child_weight': None, 'missing': nan, 'monotone_constraints': None, 'multi_strategy': None, 'n_estimators': 60, 'n_jobs': 1, 'num_parallel_tree': None, 'random_state': 42, 'reg_alpha': None, 'reg_lambda': None, 'sampling_method': None, 'scale_pos_weight': None, 'subsample': 0.8, 'tree_method': 'hist', 'validate_parameters': None, 'verbosity': None}",662fd211413dd9f681407fc561a6ed5cdfa616821b6b0007acab7fa8d209a113,started,,,,pleia_energy
8f1d91fd3dc745dc8c3307e036b9189a,owner_cal_h3_enbpi,False,xgboost_estimator_fit,xgboost.sklearn,fit,XGBRegressor,3300,2026-09-14T13:54:53.468464+00:00,4968,"{'objective': 'reg:squarederror', 'base_score': None, 'booster': None, 'callbacks': None, 'colsample_bylevel': None, 'colsample_bynode': None, 'colsample_bytree': 0.8, 'device': None, 'early_stopping_rounds': None, 'enable_categorical': False, 'eval_metric': None, 'feature_types': None, 'feature_weights': None, 'gamma': None, 'grow_policy': None, 'importance_type': None, 'interaction_constraints': None, 'learning_rate': 0.05, 'max_bin': None, 'max_cat_threshold': None, 'max_cat_to_onehot': None, 'max_delta_step': None, 'max_depth': 5, 'max_leaves': None, 'min_child_weight': None, 'missing': nan, 'monotone_constraints': None, 'multi_strategy': None, 'n_estimators': 60, 'n_jobs': 1, 'num_parallel_tree': None, 'random_state': 42, 'reg_alpha': None, 'reg_lambda': None, 'sampling_method': None, 'scale_pos_weight': None, 'subsample': 0.8, 'tree_method': 'hist', 'validate_parameters': None, 'verbosity': None}",662fd211413dd9f681407fc561a6ed5cdfa616821b6b0007acab7fa8d209a113,returned,0.0815907999931369,0.078125,False,pleia_energy
f5a67f50ef1c40fdb01f51cc2b4489c1,owner_cal_h3_enbpi,False,xgboost_estimator_fit,xgboost.sklearn,fit,XGBRegressor,3300,2026-09-14T13:54:53.551161+00:00,4968,"{'objective': 'reg:squarederror', 'base_score': None, 'booster': None, 'callbacks': None, 'colsample_bylevel': None, 'colsample_bynode': None, 'colsample_bytree': 0.8, 'device': None, 'early_stopping_rounds': None, 'enable_categorical': False, 'eval_metric': None, 'feature_types': None, 'feature_weights': None, 'gamma': None, 'grow_policy': None, 'importance_type': None, 'interaction_constraints': None, 'learning_rate': 0.05, 'max_bin': None, 'max_cat_threshold': None, 'max_cat_to_onehot': None, 'max_delta_step': None, 'max_depth': 5, 'max_leaves': None, 'min_child_weight': None, 'missing': nan, 'monotone_constraints': None, 'multi_strategy': None, 'n_estimators': 60, 'n_jobs': 1, 'num_parallel_tree': None, 'random_state': 42, 'reg_alpha': None, 'reg_lambda': None, 'sampling_method': None, 'scale_pos_weight': None, 'subsample': 0.8, 'tree_method': 'hist', 'validate_parameters': None, 'verbosity': None}",fc47185d5b81d89ec0a1aeef6f9463ed714150a8b83bc390554ec729ecbbf0e4,started,,,,pleia_energy
f5a67f50ef1c40fdb01f51cc2b4489c1,owner_cal_h3_enbpi,False,xgboost_estimator_fit,xgboost.sklearn,fit,XGBRegressor,3300,2026-09-14T13:54:53.551161+00:00,4968,"{'objective': 'reg:squarederror', 'base_score': None, 'booster': None, 'callbacks': None, 'colsample_bylevel': None, 'colsample_bynode': None, 'colsample_bytree': 0.8, 'device': None, 'early_stopping_rounds': None, 'enable_categorical': False, 'eval_metric': None, 'feature_types': None, 'feature_weights': None, 'gamma': None, 'grow_policy': None, 'importance_type': None, 'interaction_constraints': None, 'learning_rate': 0.05, 'max_bin': None, 'max_cat_threshold': None, 'max_cat_to_onehot': None, 'max_delta_step': None, 'max_depth': 5, 'max_leaves': None, 'min_child_weight': None, 'missing': nan, 'monotone_constraints': None, 'multi_strategy': None, 'n_estimators': 60, 'n_jobs': 1, 'num_parallel_tree': None, 'random_state': 42, 'reg_alpha': None, 'reg_lambda': None, 'sampling_method': None, 'scale_pos_weight': None, 'subsample': 0.8, 'tree_method': 'hist', 'validate_parameters': None, 'verbosity': None}",fc47185d5b81d89ec0a1aeef6f9463ed714150a8b83bc390554ec729ecbbf0e4,returned,0.082155000010971,0.078125,False,pleia_energy
1ba298206e5d45469a159aef43c9f183,owner_cal_h3_enbpi,False,calibrator_conformalize,mapie.regression.regression,conformalize,TimeSeriesRegressor,3300,2026-09-14T13:54:53.188132+00:00,4952,"{'agg_function': 'mean', 'conformity_score': None, 'cv': 'BlockBootstrap(length=24, n_blocks=None, n_resamplings=5, overlapping=True,\n        random_state=42)', 'estimator': 'XGBRegressor(base_score=None, booster=None, callbacks=None,\n             colsample_bylevel=None, colsample_bynode=None,\n             colsample_bytree=0.8, device=None, early_stopping_rounds=None,\n             enable_categorical=False, eval_metric=None, feature_types=None,\n             feature_weights=None, gamma=None, grow_policy=None,\n             importance_type=None, interaction_constraints=None,\n             learning_rate=0.05, max_bin=None, max_cat_threshold=None,\n             max_cat_to_onehot=None, max_delta_step=None, max_depth=5,\n             max_leaves=None, min_child_weight=None, missing=nan,\n             monotone_constraints=None, multi_strategy=None, n_estimators=60,\n             n_jobs=1, num_parallel_tree=None, ...)', 'method': 'enbpi', 'n_jobs': 1, 'random_state': 42, 'verbose': 0}",168461831fd55b812f7595cc45a8988ec3b96d85f61be84598f58a32503dd346,returned,0.476946599999792,0.4375,False,pleia_energy
dd42ecd0a0684e24ae7c08646c959e73,owner_fit_h6_cqr_l90,False,cqr_wrapper_fit,mapie.regression.quantile_regression,fit,ConformalizedQuantileRegressor,3300,2026-09-14T13:55:27.969650+00:00,14850,{},4856cd1a8196d50b53c3acf8877f9888a10238601a7ec24718950066addd9124,started,,,,pleia_energy
d96580b8cfcd468db33fcf21d3c1ac13,owner_fit_h6_cqr_l90,False,quantile_estimator_fit,sklearn.ensemble._hist_gradient_boosting.gradient_boosting,fit,HistGradientBoostingRegressor,3300,2026-09-14T13:55:27.974346+00:00,14850,"{'categorical_features': 'warn', 'early_stopping': 'auto', 'interaction_cst': None, 'l2_regularization': 0.0, 'learning_rate': 0.05, 'loss': 'quantile', 'max_bins': 255, 'max_depth': None, 'max_features': 1.0, 'max_iter': 300, 'max_leaf_nodes': 31, 'min_samples_leaf': 50, 'monotonic_cst': None, 'n_iter_no_change': 10, 'quantile': 0.05, 'random_state': 42, 'scoring': 'loss', 'tol': 1e-07, 'validation_fraction': 0.1, 'verbose': 0, 'warm_start': False}",4856cd1a8196d50b53c3acf8877f9888a10238601a7ec24718950066addd9124,started,,,,pleia_energy
d96580b8cfcd468db33fcf21d3c1ac13,owner_fit_h6_cqr_l90,False,quantile_estimator_fit,sklearn.ensemble._hist_gradient_boosting.gradient_boosting,fit,HistGradientBoostingRegressor,3300,2026-09-14T13:55:27.974346+00:00,14850,"{'categorical_features': 'warn', 'early_stopping': 'auto', 'interaction_cst': None, 'l2_regularization': 0.0, 'learning_rate': 0.05, 'loss': 'quantile', 'max_bins': 255, 'max_depth': None, 'max_features': 1.0, 'max_iter': 300, 'max_leaf_nodes': 31, 'min_samples_leaf': 50, 'monotonic_cst': None, 'n_iter_no_change': 10, 'quantile': 0.05, 'random_state': 42, 'scoring': 'loss', 'tol': 1e-07, 'validation_fraction': 0.1, 'verbose': 0, 'warm_start': False}",4856cd1a8196d50b53c3acf8877f9888a10238601a7ec24718950066addd9124,returned,2.35968900000444,2.296875,False,pleia_energy
509ebc005b1e42308ff98a91138dd161,owner_fit_h6_cqr_l90,False,quantile_estimator_fit,sklearn.ensemble._hist_gradient_boosting.gradient_boosting,fit,HistGradientBoostingRegressor,3300,2026-09-14T13:55:30.337543+00:00,14850,"{'categorical_features': 'warn', 'early_stopping': 'auto', 'interaction_cst': None, 'l2_regularization': 0.0, 'learning_rate': 0.05, 'loss': 'quantile', 'max_bins': 255, 'max_depth': None, 'max_features': 1.0, 'max_iter': 300, 'max_leaf_nodes': 31, 'min_samples_leaf': 50, 'monotonic_cst': None, 'n_iter_no_change': 10, 'quantile': 0.95, 'random_state': 42, 'scoring': 'loss', 'tol': 1e-07, 'validation_fraction': 0.1, 'verbose': 0, 'warm_start': False}",4856cd1a8196d50b53c3acf8877f9888a10238601a7ec24718950066addd9124,started,,,,pleia_energy
509ebc005b1e42308ff98a91138dd161,owner_fit_h6_cqr_l90,False,quantile_estimator_fit,sklearn.ensemble._hist_gradient_boosting.gradient_boosting,fit,HistGradientBoostingRegressor,3300,2026-09-14T13:55:30.337543+00:00,14850,"{'categorical_features': 'warn', 'early_stopping': 'auto', 'interaction_cst': None, 'l2_regularization': 0.0, 'learning_rate': 0.05, 'loss': 'quantile', 'max_bins': 255, 'max_depth': None, 'max_features': 1.0, 'max_iter': 300, 'max_leaf_nodes': 31, 'min_samples_leaf': 50, 'monotonic_cst': None, 'n_iter_no_change': 10, 'quantile': 0.95, 'random_state': 42, 'scoring': 'loss', 'tol': 1e-07, 'validation_fraction': 0.1, 'verbose': 0, 'warm_start': False}",4856cd1a8196d50b53c3acf8877f9888a10238601a7ec24718950066addd9124,returned,2.81683519999206,2.734375,False,pleia_energy
3414eeca8b794f46b2550323b192e6aa,owner_fit_h6_cqr_l90,False,quantile_estimator_fit,sklearn.ensemble._hist_gradient_boosting.gradient_boosting,fit,HistGradientBoostingRegressor,3300,2026-09-14T13:55:33.162341+00:00,14850,"{'categorical_features': 'warn', 'early_stopping': 'auto', 'interaction_cst': None, 'l2_regularization': 0.0, 'learning_rate': 0.05, 'loss': 'quantile', 'max_bins': 255, 'max_depth': None, 'max_features': 1.0, 'max_iter': 300, 'max_leaf_nodes': 31, 'min_samples_leaf': 50, 'monotonic_cst': None, 'n_iter_no_change': 10, 'quantile': 0.5, 'random_state': 42, 'scoring': 'loss', 'tol': 1e-07, 'validation_fraction': 0.1, 'verbose': 0, 'warm_start': False}",4856cd1a8196d50b53c3acf8877f9888a10238601a7ec24718950066addd9124,started,,,,pleia_energy
3414eeca8b794f46b2550323b192e6aa,owner_fit_h6_cqr_l90,False,quantile_estimator_fit,sklearn.ensemble._hist_gradient_boosting.gradient_boosting,fit,HistGradientBoostingRegressor,3300,2026-09-14T13:55:33.162341+00:00,14850,"{'categorical_features': 'warn', 'early_stopping': 'auto', 'interaction_cst': None, 'l2_regularization': 0.0, 'learning_rate': 0.05, 'loss': 'quantile', 'max_bins': 255, 'max_depth': None, 'max_features': 1.0, 'max_iter': 300, 'max_leaf_nodes': 31, 'min_samples_leaf': 50, 'monotonic_cst': None, 'n_iter_no_change': 10, 'quantile': 0.5, 'random_state': 42, 'scoring': 'loss', 'tol': 1e-07, 'validation_fraction': 0.1, 'verbose': 0, 'warm_start': False}",4856cd1a8196d50b53c3acf8877f9888a10238601a7ec24718950066addd9124,returned,3.1196581999975,2.984375,False,pleia_energy
dd42ecd0a0684e24ae7c08646c959e73,owner_fit_h6_cqr_l90,False,cqr_wrapper_fit,mapie.regression.quantile_regression,fit,ConformalizedQuantileRegressor,3300,2026-09-14T13:55:27.969650+00:00,14850,{},4856cd1a8196d50b53c3acf8877f9888a10238601a7ec24718950066addd9124,returned,8.31381159999,8.03125,False,pleia_energy
685edacb29b840fdadba4363e7252158,owner_cal_h6_cqr_l90,False,calibrator_conformalize,mapie.regression.quantile_regression,conformalize,ConformalizedQuantileRegressor,3300,2026-09-14T13:55:36.368592+00:00,4951,{},aeb86aad2330974efd97cf0e8f0486e55c5dd7164a351ace5a67e2f7bb0a830b,started,,,,pleia_energy
ecbcabe273d5474f81b96c6d534d2663,owner_cal_h6_cqr_l90,False,calibrator_conformalize,mapie.regression.quantile_regression,conformalize,_MapieQuantileRegressor,3300,2026-09-14T13:55:36.368592+00:00,4951,"{'alpha': 0.1, 'cv': 'split', 'estimator': ""HistGradientBoostingRegressor(learning_rate=0.05, loss='quantile', max_iter=300,\n                              min_samples_leaf=50, random_state=42)"", 'method': 'quantile'}",aeb86aad2330974efd97cf0e8f0486e55c5dd7164a351ace5a67e2f7bb0a830b,started,,,,pleia_energy
ecbcabe273d5474f81b96c6d534d2663,owner_cal_h6_cqr_l90,False,calibrator_conformalize,mapie.regression.quantile_regression,conformalize,_MapieQuantileRegressor,3300,2026-09-14T13:55:36.368592+00:00,4951,"{'alpha': 0.1, 'cv': 'split', 'estimator': ""HistGradientBoostingRegressor(learning_rate=0.05, loss='quantile', max_iter=300,\n                              min_samples_leaf=50, random_state=42)"", 'method': 'quantile'}",aeb86aad2330974efd97cf0e8f0486e55c5dd7164a351ace5a67e2f7bb0a830b,returned,0.331511500000488,0.296875,False,pleia_energy
685edacb29b840fdadba4363e7252158,owner_cal_h6_cqr_l90,False,calibrator_conformalize,mapie.regression.quantile_regression,conformalize,ConformalizedQuantileRegressor,3300,2026-09-14T13:55:36.368592+00:00,4951,{},aeb86aad2330974efd97cf0e8f0486e55c5dd7164a351ace5a67e2f7bb0a830b,returned,0.334301299997605,0.296875,False,pleia_energy
7f99052a8ce749f3a2427869613f9e93,owner_fit_h6_cqr_l95,False,cqr_wrapper_fit,mapie.regression.quantile_regression,fit,ConformalizedQuantileRegressor,3300,2026-09-14T13:55:47.790049+00:00,14850,{},4856cd1a8196d50b53c3acf8877f9888a10238601a7ec24718950066addd9124,started,,,,pleia_energy
95be1735d5dc47a19fb709a782290960,owner_fit_h6_cqr_l95,False,quantile_estimator_fit,sklearn.ensemble._hist_gradient_boosting.gradient_boosting,fit,HistGradientBoostingRegressor,3300,2026-09-14T13:55:47.795048+00:00,14850,"{'categorical_features': 'warn', 'early_stopping': 'auto', 'interaction_cst': None, 'l2_regularization': 0.0, 'learning_rate': 0.05, 'loss': 'quantile', 'max_bins': 255, 'max_depth': None, 'max_features': 1.0, 'max_iter': 300, 'max_leaf_nodes': 31, 'min_samples_leaf': 50, 'monotonic_cst': None, 'n_iter_no_change': 10, 'quantile': 0.025, 'random_state': 42, 'scoring': 'loss', 'tol': 1e-07, 'validation_fraction': 0.1, 'verbose': 0, 'warm_start': False}",4856cd1a8196d50b53c3acf8877f9888a10238601a7ec24718950066addd9124,started,,,,pleia_energy
95be1735d5dc47a19fb709a782290960,owner_fit_h6_cqr_l95,False,quantile_estimator_fit,sklearn.ensemble._hist_gradient_boosting.gradient_boosting,fit,HistGradientBoostingRegressor,3300,2026-09-14T13:55:47.795048+00:00,14850,"{'categorical_features': 'warn', 'early_stopping': 'auto', 'interaction_cst': None, 'l2_regularization': 0.0, 'learning_rate': 0.05, 'loss': 'quantile', 'max_bins': 255, 'max_depth': None, 'max_features': 1.0, 'max_iter': 300, 'max_leaf_nodes': 31, 'min_samples_leaf': 50, 'monotonic_cst': None, 'n_iter_no_change': 10, 'quantile': 0.025, 'random_state': 42, 'scoring': 'loss', 'tol': 1e-07, 'validation_fraction': 0.1, 'verbose': 0, 'warm_start': False}",4856cd1a8196d50b53c3acf8877f9888a10238601a7ec24718950066addd9124,returned,2.161385600004,2,False,pleia_energy
b3c30cbcc01044f8aba6980fed4cf582,owner_fit_h6_cqr_l95,False,quantile_estimator_fit,sklearn.ensemble._hist_gradient_boosting.gradient_boosting,fit,HistGradientBoostingRegressor,3300,2026-09-14T13:55:49.962852+00:00,14850,"{'categorical_features': 'warn', 'early_stopping': 'auto', 'interaction_cst': None, 'l2_regularization': 0.0, 'learning_rate': 0.05, 'loss': 'quantile', 'max_bins': 255, 'max_depth': None, 'max_features': 1.0, 'max_iter': 300, 'max_leaf_nodes': 31, 'min_samples_leaf': 50, 'monotonic_cst': None, 'n_iter_no_change': 10, 'quantile': 0.975, 'random_state': 42, 'scoring': 'loss', 'tol': 1e-07, 'validation_fraction': 0.1, 'verbose': 0, 'warm_start': False}",4856cd1a8196d50b53c3acf8877f9888a10238601a7ec24718950066addd9124,started,,,,pleia_energy
b3c30cbcc01044f8aba6980fed4cf582,owner_fit_h6_cqr_l95,False,quantile_estimator_fit,sklearn.ensemble._hist_gradient_boosting.gradient_boosting,fit,HistGradientBoostingRegressor,3300,2026-09-14T13:55:49.962852+00:00,14850,"{'categorical_features': 'warn', 'early_stopping': 'auto', 'interaction_cst': None, 'l2_regularization': 0.0, 'learning_rate': 0.05, 'loss': 'quantile', 'max_bins': 255, 'max_depth': None, 'max_features': 1.0, 'max_iter': 300, 'max_leaf_nodes': 31, 'min_samples_leaf': 50, 'monotonic_cst': None, 'n_iter_no_change': 10, 'quantile': 0.975, 'random_state': 42, 'scoring': 'loss', 'tol': 1e-07, 'validation_fraction': 0.1, 'verbose': 0, 'warm_start': False}",4856cd1a8196d50b53c3acf8877f9888a10238601a7ec24718950066addd9124,returned,2.28995720000239,2.09375,False,pleia_energy
b4e9ad566ec540e8b8fe07771c62af03,owner_fit_h6_cqr_l95,False,quantile_estimator_fit,sklearn.ensemble._hist_gradient_boosting.gradient_boosting,fit,HistGradientBoostingRegressor,3300,2026-09-14T13:55:52.252942+00:00,14850,"{'categorical_features': 'warn', 'early_stopping': 'auto', 'interaction_cst': None, 'l2_regularization': 0.0, 'learning_rate': 0.05, 'loss': 'quantile', 'max_bins': 255, 'max_depth': None, 'max_features': 1.0, 'max_iter': 300, 'max_leaf_nodes': 31, 'min_samples_leaf': 50, 'monotonic_cst': None, 'n_iter_no_change': 10, 'quantile': 0.5, 'random_state': 42, 'scoring': 'loss', 'tol': 1e-07, 'validation_fraction': 0.1, 'verbose': 0, 'warm_start': False}",4856cd1a8196d50b53c3acf8877f9888a10238601a7ec24718950066addd9124,started,,,,pleia_energy
b4e9ad566ec540e8b8fe07771c62af03,owner_fit_h6_cqr_l95,False,quantile_estimator_fit,sklearn.ensemble._hist_gradient_boosting.gradient_boosting,fit,HistGradientBoostingRegressor,3300,2026-09-14T13:55:52.252942+00:00,14850,"{'categorical_features': 'warn', 'early_stopping': 'auto', 'interaction_cst': None, 'l2_regularization': 0.0, 'learning_rate': 0.05, 'loss': 'quantile', 'max_bins': 255, 'max_depth': None, 'max_features': 1.0, 'max_iter': 300, 'max_leaf_nodes': 31, 'min_samples_leaf': 50, 'monotonic_cst': None, 'n_iter_no_change': 10, 'quantile': 0.5, 'random_state': 42, 'scoring': 'loss', 'tol': 1e-07, 'validation_fraction': 0.1, 'verbose': 0, 'warm_start': False}",4856cd1a8196d50b53c3acf8877f9888a10238601a7ec24718950066addd9124,returned,3.08321149999392,2.96875,False,pleia_energy
7f99052a8ce749f3a2427869613f9e93,owner_fit_h6_cqr_l95,False,cqr_wrapper_fit,mapie.regression.quantile_regression,fit,ConformalizedQuantileRegressor,3300,2026-09-14T13:55:47.790049+00:00,14850,{},4856cd1a8196d50b53c3acf8877f9888a10238601a7ec24718950066addd9124,returned,7.55222749999666,7.09375,False,pleia_energy
ca43e126aeb94342bbbfdf47fc42d03d,owner_cal_h6_cqr_l95,False,calibrator_conformalize,mapie.regression.quantile_regression,conformalize,ConformalizedQuantileRegressor,3300,2026-09-14T13:55:55.446767+00:00,4951,{},aeb86aad2330974efd97cf0e8f0486e55c5dd7164a351ace5a67e2f7bb0a830b,started,,,,pleia_energy
4bcf7fb001e64713a20777ef3d0d8aa9,owner_cal_h6_cqr_l95,False,calibrator_conformalize,mapie.regression.quantile_regression,conformalize,_MapieQuantileRegressor,3300,2026-09-14T13:55:55.446767+00:00,4951,"{'alpha': 0.05, 'cv': 'split', 'estimator': ""HistGradientBoostingRegressor(learning_rate=0.05, loss='quantile', max_iter=300,\n                              min_samples_leaf=50, random_state=42)"", 'method': 'quantile'}",aeb86aad2330974efd97cf0e8f0486e55c5dd7164a351ace5a67e2f7bb0a830b,started,,,,pleia_energy
4bcf7fb001e64713a20777ef3d0d8aa9,owner_cal_h6_cqr_l95,False,calibrator_conformalize,mapie.regression.quantile_regression,conformalize,_MapieQuantileRegressor,3300,2026-09-14T13:55:55.446767+00:00,4951,"{'alpha': 0.05, 'cv': 'split', 'estimator': ""HistGradientBoostingRegressor(learning_rate=0.05, loss='quantile', max_iter=300,\n                              min_samples_leaf=50, random_state=42)"", 'method': 'quantile'}",aeb86aad2330974efd97cf0e8f0486e55c5dd7164a351ace5a67e2f7bb0a830b,returned,0.338181300001452,0.3125,False,pleia_energy
ca43e126aeb94342bbbfdf47fc42d03d,owner_cal_h6_cqr_l95,False,calibrator_conformalize,mapie.regression.quantile_regression,conformalize,ConformalizedQuantileRegressor,3300,2026-09-14T13:55:55.446767+00:00,4951,{},aeb86aad2330974efd97cf0e8f0486e55c5dd7164a351ace5a67e2f7bb0a830b,returned,0.342212900010054,0.3125,False,pleia_energy
4a413f5dea4c4ae0b7e8189b9a03dcc2,owner_fit_h6_enbpi,False,enbpi_wrapper_fit,mapie.regression.regression,fit,TimeSeriesRegressor,3300,2026-09-14T13:56:06.246545+00:00,14850,"{'agg_function': 'mean', 'conformity_score': None, 'cv': 'BlockBootstrap(length=24, n_blocks=None, n_resamplings=5, overlapping=True,\n        random_state=42)', 'estimator': 'XGBRegressor(base_score=None, booster=None, callbacks=None,\n             colsample_bylevel=None, colsample_bynode=None,\n             colsample_bytree=0.8, device=None, early_stopping_rounds=None,\n             enable_categorical=False, eval_metric=None, feature_types=None,\n             feature_weights=None, gamma=None, grow_policy=None,\n             importance_type=None, interaction_constraints=None,\n             learning_rate=0.05, max_bin=None, max_cat_threshold=None,\n             max_cat_to_onehot=None, max_delta_step=None, max_depth=5,\n             max_leaves=None, min_child_weight=None, missing=nan,\n             monotone_constraints=None, multi_strategy=None, n_estimators=60,\n             n_jobs=1, num_parallel_tree=None, ...)', 'method': 'enbpi', 'n_jobs': 1, 'random_state': 42, 'verbose': 0}",4856cd1a8196d50b53c3acf8877f9888a10238601a7ec24718950066addd9124,started,,,,pleia_energy
ba9fbb3ef97a47f1975eea69df6493a1,owner_fit_h6_enbpi,False,xgboost_estimator_fit,xgboost.sklearn,fit,XGBRegressor,3300,2026-09-14T13:56:06.255926+00:00,14850,"{'objective': 'reg:squarederror', 'base_score': None, 'booster': None, 'callbacks': None, 'colsample_bylevel': None, 'colsample_bynode': None, 'colsample_bytree': 0.8, 'device': None, 'early_stopping_rounds': None, 'enable_categorical': False, 'eval_metric': None, 'feature_types': None, 'feature_weights': None, 'gamma': None, 'grow_policy': None, 'importance_type': None, 'interaction_constraints': None, 'learning_rate': 0.05, 'max_bin': None, 'max_cat_threshold': None, 'max_cat_to_onehot': None, 'max_delta_step': None, 'max_depth': 5, 'max_leaves': None, 'min_child_weight': None, 'missing': nan, 'monotone_constraints': None, 'multi_strategy': None, 'n_estimators': 60, 'n_jobs': 1, 'num_parallel_tree': None, 'random_state': 42, 'reg_alpha': None, 'reg_lambda': None, 'sampling_method': None, 'scale_pos_weight': None, 'subsample': 0.8, 'tree_method': 'hist', 'validate_parameters': None, 'verbosity': None}",4856cd1a8196d50b53c3acf8877f9888a10238601a7ec24718950066addd9124,started,,,,pleia_energy
ba9fbb3ef97a47f1975eea69df6493a1,owner_fit_h6_enbpi,False,xgboost_estimator_fit,xgboost.sklearn,fit,XGBRegressor,3300,2026-09-14T13:56:06.255926+00:00,14850,"{'objective': 'reg:squarederror', 'base_score': None, 'booster': None, 'callbacks': None, 'colsample_bylevel': None, 'colsample_bynode': None, 'colsample_bytree': 0.8, 'device': None, 'early_stopping_rounds': None, 'enable_categorical': False, 'eval_metric': None, 'feature_types': None, 'feature_weights': None, 'gamma': None, 'grow_policy': None, 'importance_type': None, 'interaction_constraints': None, 'learning_rate': 0.05, 'max_bin': None, 'max_cat_threshold': None, 'max_cat_to_onehot': None, 'max_delta_step': None, 'max_depth': 5, 'max_leaves': None, 'min_child_weight': None, 'missing': nan, 'monotone_constraints': None, 'multi_strategy': None, 'n_estimators': 60, 'n_jobs': 1, 'num_parallel_tree': None, 'random_state': 42, 'reg_alpha': None, 'reg_lambda': None, 'sampling_method': None, 'scale_pos_weight': None, 'subsample': 0.8, 'tree_method': 'hist', 'validate_parameters': None, 'verbosity': None}",4856cd1a8196d50b53c3acf8877f9888a10238601a7ec24718950066addd9124,returned,0.190319100001943,0.1875,False,pleia_energy
7b71193411164d339107510a634a81a2,owner_fit_h6_enbpi,False,calibrator_conformalize,mapie.regression.regression,conformalize,TimeSeriesRegressor,3300,2026-09-14T13:56:06.446484+00:00,14850,"{'agg_function': 'mean', 'conformity_score': None, 'cv': 'BlockBootstrap(length=24, n_blocks=None, n_resamplings=5, overlapping=True,\n        random_state=42)', 'estimator': 'XGBRegressor(base_score=None, booster=None, callbacks=None,\n             colsample_bylevel=None, colsample_bynode=None,\n             colsample_bytree=0.8, device=None, early_stopping_rounds=None,\n             enable_categorical=False, eval_metric=None, feature_types=None,\n             feature_weights=None, gamma=None, grow_policy=None,\n             importance_type=None, interaction_constraints=None,\n             learning_rate=0.05, max_bin=None, max_cat_threshold=None,\n             max_cat_to_onehot=None, max_delta_step=None, max_depth=5,\n             max_leaves=None, min_child_weight=None, missing=nan,\n             monotone_constraints=None, multi_strategy=None, n_estimators=60,\n             n_jobs=1, num_parallel_tree=None, ...)', 'method': 'enbpi', 'n_jobs': 1, 'random_state': 42, 'verbose': 0}",4856cd1a8196d50b53c3acf8877f9888a10238601a7ec24718950066addd9124,started,,,,pleia_energy
a01e7f4418904b7d9f5ca7219c4a16f8,owner_fit_h6_enbpi,False,xgboost_estimator_fit,xgboost.sklearn,fit,XGBRegressor,3300,2026-09-14T13:56:06.446484+00:00,14856,"{'objective': 'reg:squarederror', 'base_score': None, 'booster': None, 'callbacks': None, 'colsample_bylevel': None, 'colsample_bynode': None, 'colsample_bytree': 0.8, 'device': None, 'early_stopping_rounds': None, 'enable_categorical': False, 'eval_metric': None, 'feature_types': None, 'feature_weights': None, 'gamma': None, 'grow_policy': None, 'importance_type': None, 'interaction_constraints': None, 'learning_rate': 0.05, 'max_bin': None, 'max_cat_threshold': None, 'max_cat_to_onehot': None, 'max_delta_step': None, 'max_depth': 5, 'max_leaves': None, 'min_child_weight': None, 'missing': nan, 'monotone_constraints': None, 'multi_strategy': None, 'n_estimators': 60, 'n_jobs': 1, 'num_parallel_tree': None, 'random_state': 42, 'reg_alpha': None, 'reg_lambda': None, 'sampling_method': None, 'scale_pos_weight': None, 'subsample': 0.8, 'tree_method': 'hist', 'validate_parameters': None, 'verbosity': None}",bd186fd6f3e693ab2c2257bc7f5961b5f3315dbb90a1407923355c9749b07f99,started,,,,pleia_energy
a01e7f4418904b7d9f5ca7219c4a16f8,owner_fit_h6_enbpi,False,xgboost_estimator_fit,xgboost.sklearn,fit,XGBRegressor,3300,2026-09-14T13:56:06.446484+00:00,14856,"{'objective': 'reg:squarederror', 'base_score': None, 'booster': None, 'callbacks': None, 'colsample_bylevel': None, 'colsample_bynode': None, 'colsample_bytree': 0.8, 'device': None, 'early_stopping_rounds': None, 'enable_categorical': False, 'eval_metric': None, 'feature_types': None, 'feature_weights': None, 'gamma': None, 'grow_policy': None, 'importance_type': None, 'interaction_constraints': None, 'learning_rate': 0.05, 'max_bin': None, 'max_cat_threshold': None, 'max_cat_to_onehot': None, 'max_delta_step': None, 'max_depth': 5, 'max_leaves': None, 'min_child_weight': None, 'missing': nan, 'monotone_constraints': None, 'multi_strategy': None, 'n_estimators': 60, 'n_jobs': 1, 'num_parallel_tree': None, 'random_state': 42, 'reg_alpha': None, 'reg_lambda': None, 'sampling_method': None, 'scale_pos_weight': None, 'subsample': 0.8, 'tree_method': 'hist', 'validate_parameters': None, 'verbosity': None}",bd186fd6f3e693ab2c2257bc7f5961b5f3315dbb90a1407923355c9749b07f99,returned,0.18792250000115,0.1875,False,pleia_energy
4e22471bfbb74aaf892efb78a76496e5,owner_fit_h6_enbpi,False,xgboost_estimator_fit,xgboost.sklearn,fit,XGBRegressor,3300,2026-09-14T13:56:06.654637+00:00,14856,"{'objective': 'reg:squarederror', 'base_score': None, 'booster': None, 'callbacks': None, 'colsample_bylevel': None, 'colsample_bynode': None, 'colsample_bytree': 0.8, 'device': None, 'early_stopping_rounds': None, 'enable_categorical': False, 'eval_metric': None, 'feature_types': None, 'feature_weights': None, 'gamma': None, 'grow_policy': None, 'importance_type': None, 'interaction_constraints': None, 'learning_rate': 0.05, 'max_bin': None, 'max_cat_threshold': None, 'max_cat_to_onehot': None, 'max_delta_step': None, 'max_depth': 5, 'max_leaves': None, 'min_child_weight': None, 'missing': nan, 'monotone_constraints': None, 'multi_strategy': None, 'n_estimators': 60, 'n_jobs': 1, 'num_parallel_tree': None, 'random_state': 42, 'reg_alpha': None, 'reg_lambda': None, 'sampling_method': None, 'scale_pos_weight': None, 'subsample': 0.8, 'tree_method': 'hist', 'validate_parameters': None, 'verbosity': None}",be0d451de7e2cff088a19013a8dc3559582aa34e1a791451e97ca67c86b45f56,started,,,,pleia_energy
4e22471bfbb74aaf892efb78a76496e5,owner_fit_h6_enbpi,False,xgboost_estimator_fit,xgboost.sklearn,fit,XGBRegressor,3300,2026-09-14T13:56:06.654637+00:00,14856,"{'objective': 'reg:squarederror', 'base_score': None, 'booster': None, 'callbacks': None, 'colsample_bylevel': None, 'colsample_bynode': None, 'colsample_bytree': 0.8, 'device': None, 'early_stopping_rounds': None, 'enable_categorical': False, 'eval_metric': None, 'feature_types': None, 'feature_weights': None, 'gamma': None, 'grow_policy': None, 'importance_type': None, 'interaction_constraints': None, 'learning_rate': 0.05, 'max_bin': None, 'max_cat_threshold': None, 'max_cat_to_onehot': None, 'max_delta_step': None, 'max_depth': 5, 'max_leaves': None, 'min_child_weight': None, 'missing': nan, 'monotone_constraints': None, 'multi_strategy': None, 'n_estimators': 60, 'n_jobs': 1, 'num_parallel_tree': None, 'random_state': 42, 'reg_alpha': None, 'reg_lambda': None, 'sampling_method': None, 'scale_pos_weight': None, 'subsample': 0.8, 'tree_method': 'hist', 'validate_parameters': None, 'verbosity': None}",be0d451de7e2cff088a19013a8dc3559582aa34e1a791451e97ca67c86b45f56,returned,0.198647099998198,0.203125,False,pleia_energy
cc75305f702b4b18a95b19e47191c8fb,owner_fit_h6_enbpi,False,xgboost_estimator_fit,xgboost.sklearn,fit,XGBRegressor,3300,2026-09-14T13:56:06.858598+00:00,14856,"{'objective': 'reg:squarederror', 'base_score': None, 'booster': None, 'callbacks': None, 'colsample_bylevel': None, 'colsample_bynode': None, 'colsample_bytree': 0.8, 'device': None, 'early_stopping_rounds': None, 'enable_categorical': False, 'eval_metric': None, 'feature_types': None, 'feature_weights': None, 'gamma': None, 'grow_policy': None, 'importance_type': None, 'interaction_constraints': None, 'learning_rate': 0.05, 'max_bin': None, 'max_cat_threshold': None, 'max_cat_to_onehot': None, 'max_delta_step': None, 'max_depth': 5, 'max_leaves': None, 'min_child_weight': None, 'missing': nan, 'monotone_constraints': None, 'multi_strategy': None, 'n_estimators': 60, 'n_jobs': 1, 'num_parallel_tree': None, 'random_state': 42, 'reg_alpha': None, 'reg_lambda': None, 'sampling_method': None, 'scale_pos_weight': None, 'subsample': 0.8, 'tree_method': 'hist', 'validate_parameters': None, 'verbosity': None}",38798272be3f8ab23dae23226f5bc8c741f93b20b6eb95b6df19155a3d60d439,started,,,,pleia_energy
cc75305f702b4b18a95b19e47191c8fb,owner_fit_h6_enbpi,False,xgboost_estimator_fit,xgboost.sklearn,fit,XGBRegressor,3300,2026-09-14T13:56:06.858598+00:00,14856,"{'objective': 'reg:squarederror', 'base_score': None, 'booster': None, 'callbacks': None, 'colsample_bylevel': None, 'colsample_bynode': None, 'colsample_bytree': 0.8, 'device': None, 'early_stopping_rounds': None, 'enable_categorical': False, 'eval_metric': None, 'feature_types': None, 'feature_weights': None, 'gamma': None, 'grow_policy': None, 'importance_type': None, 'interaction_constraints': None, 'learning_rate': 0.05, 'max_bin': None, 'max_cat_threshold': None, 'max_cat_to_onehot': None, 'max_delta_step': None, 'max_depth': 5, 'max_leaves': None, 'min_child_weight': None, 'missing': nan, 'monotone_constraints': None, 'multi_strategy': None, 'n_estimators': 60, 'n_jobs': 1, 'num_parallel_tree': None, 'random_state': 42, 'reg_alpha': None, 'reg_lambda': None, 'sampling_method': None, 'scale_pos_weight': None, 'subsample': 0.8, 'tree_method': 'hist', 'validate_parameters': None, 'verbosity': None}",38798272be3f8ab23dae23226f5bc8c741f93b20b6eb95b6df19155a3d60d439,returned,0.198012399996514,0.203125,False,pleia_energy
0ee798a52003486984d26f31a92f3675,owner_fit_h6_enbpi,False,xgboost_estimator_fit,xgboost.sklearn,fit,XGBRegressor,3300,2026-09-14T13:56:07.064727+00:00,14856,"{'objective': 'reg:squarederror', 'base_score': None, 'booster': None, 'callbacks': None, 'colsample_bylevel': None, 'colsample_bynode': None, 'colsample_bytree': 0.8, 'device': None, 'early_stopping_rounds': None, 'enable_categorical': False, 'eval_metric': None, 'feature_types': None, 'feature_weights': None, 'gamma': None, 'grow_policy': None, 'importance_type': None, 'interaction_constraints': None, 'learning_rate': 0.05, 'max_bin': None, 'max_cat_threshold': None, 'max_cat_to_onehot': None, 'max_delta_step': None, 'max_depth': 5, 'max_leaves': None, 'min_child_weight': None, 'missing': nan, 'monotone_constraints': None, 'multi_strategy': None, 'n_estimators': 60, 'n_jobs': 1, 'num_parallel_tree': None, 'random_state': 42, 'reg_alpha': None, 'reg_lambda': None, 'sampling_method': None, 'scale_pos_weight': None, 'subsample': 0.8, 'tree_method': 'hist', 'validate_parameters': None, 'verbosity': None}",cd37a4646c13abf49221e74450260cbfe5e8c22fa901c002c6c74f22f63926ba,started,,,,pleia_energy
0ee798a52003486984d26f31a92f3675,owner_fit_h6_enbpi,False,xgboost_estimator_fit,xgboost.sklearn,fit,XGBRegressor,3300,2026-09-14T13:56:07.064727+00:00,14856,"{'objective': 'reg:squarederror', 'base_score': None, 'booster': None, 'callbacks': None, 'colsample_bylevel': None, 'colsample_bynode': None, 'colsample_bytree': 0.8, 'device': None, 'early_stopping_rounds': None, 'enable_categorical': False, 'eval_metric': None, 'feature_types': None, 'feature_weights': None, 'gamma': None, 'grow_policy': None, 'importance_type': None, 'interaction_constraints': None, 'learning_rate': 0.05, 'max_bin': None, 'max_cat_threshold': None, 'max_cat_to_onehot': None, 'max_delta_step': None, 'max_depth': 5, 'max_leaves': None, 'min_child_weight': None, 'missing': nan, 'monotone_constraints': None, 'multi_strategy': None, 'n_estimators': 60, 'n_jobs': 1, 'num_parallel_tree': None, 'random_state': 42, 'reg_alpha': None, 'reg_lambda': None, 'sampling_method': None, 'scale_pos_weight': None, 'subsample': 0.8, 'tree_method': 'hist', 'validate_parameters': None, 'verbosity': None}",cd37a4646c13abf49221e74450260cbfe5e8c22fa901c002c6c74f22f63926ba,returned,0.207510400010506,0.21875,False,pleia_energy
5be674f1a750444bbb7886d75460dffc,owner_fit_h6_enbpi,False,xgboost_estimator_fit,xgboost.sklearn,fit,XGBRegressor,3300,2026-09-14T13:56:07.289005+00:00,14856,"{'objective': 'reg:squarederror', 'base_score': None, 'booster': None, 'callbacks': None, 'colsample_bylevel': None, 'colsample_bynode': None, 'colsample_bytree': 0.8, 'device': None, 'early_stopping_rounds': None, 'enable_categorical': False, 'eval_metric': None, 'feature_types': None, 'feature_weights': None, 'gamma': None, 'grow_policy': None, 'importance_type': None, 'interaction_constraints': None, 'learning_rate': 0.05, 'max_bin': None, 'max_cat_threshold': None, 'max_cat_to_onehot': None, 'max_delta_step': None, 'max_depth': 5, 'max_leaves': None, 'min_child_weight': None, 'missing': nan, 'monotone_constraints': None, 'multi_strategy': None, 'n_estimators': 60, 'n_jobs': 1, 'num_parallel_tree': None, 'random_state': 42, 'reg_alpha': None, 'reg_lambda': None, 'sampling_method': None, 'scale_pos_weight': None, 'subsample': 0.8, 'tree_method': 'hist', 'validate_parameters': None, 'verbosity': None}",2641d0a39b467af4b11cd72863f6c085493cb029403118d5abc821f15bce9fcd,started,,,,pleia_energy
5be674f1a750444bbb7886d75460dffc,owner_fit_h6_enbpi,False,xgboost_estimator_fit,xgboost.sklearn,fit,XGBRegressor,3300,2026-09-14T13:56:07.289005+00:00,14856,"{'objective': 'reg:squarederror', 'base_score': None, 'booster': None, 'callbacks': None, 'colsample_bylevel': None, 'colsample_bynode': None, 'colsample_bytree': 0.8, 'device': None, 'early_stopping_rounds': None, 'enable_categorical': False, 'eval_metric': None, 'feature_types': None, 'feature_weights': None, 'gamma': None, 'grow_policy': None, 'importance_type': None, 'interaction_constraints': None, 'learning_rate': 0.05, 'max_bin': None, 'max_cat_threshold': None, 'max_cat_to_onehot': None, 'max_delta_step': None, 'max_depth': 5, 'max_leaves': None, 'min_child_weight': None, 'missing': nan, 'monotone_constraints': None, 'multi_strategy': None, 'n_estimators': 60, 'n_jobs': 1, 'num_parallel_tree': None, 'random_state': 42, 'reg_alpha': None, 'reg_lambda': None, 'sampling_method': None, 'scale_pos_weight': None, 'subsample': 0.8, 'tree_method': 'hist', 'validate_parameters': None, 'verbosity': None}",2641d0a39b467af4b11cd72863f6c085493cb029403118d5abc821f15bce9fcd,returned,0.205746999999974,0.203125,False,pleia_energy
7b71193411164d339107510a634a81a2,owner_fit_h6_enbpi,False,calibrator_conformalize,mapie.regression.regression,conformalize,TimeSeriesRegressor,3300,2026-09-14T13:56:06.446484+00:00,14850,"{'agg_function': 'mean', 'conformity_score': None, 'cv': 'BlockBootstrap(length=24, n_blocks=None, n_resamplings=5, overlapping=True,\n        random_state=42)', 'estimator': 'XGBRegressor(base_score=None, booster=None, callbacks=None,\n             colsample_bylevel=None, colsample_bynode=None,\n             colsample_bytree=0.8, device=None, early_stopping_rounds=None,\n             enable_categorical=False, eval_metric=None, feature_types=None,\n             feature_weights=None, gamma=None, grow_policy=None,\n             importance_type=None, interaction_constraints=None,\n             learning_rate=0.05, max_bin=None, max_cat_threshold=None,\n             max_cat_to_onehot=None, max_delta_step=None, max_depth=5,\n             max_leaves=None, min_child_weight=None, missing=nan,\n             monotone_constraints=None, multi_strategy=None, n_estimators=60,\n             n_jobs=1, num_parallel_tree=None, ...)', 'method': 'enbpi', 'n_jobs': 1, 'random_state': 42, 'verbose': 0}",4856cd1a8196d50b53c3acf8877f9888a10238601a7ec24718950066addd9124,returned,1.09485900000436,1.09375,False,pleia_energy
4a413f5dea4c4ae0b7e8189b9a03dcc2,owner_fit_h6_enbpi,False,enbpi_wrapper_fit,mapie.regression.regression,fit,TimeSeriesRegressor,3300,2026-09-14T13:56:06.246545+00:00,14850,"{'agg_function': 'mean', 'conformity_score': None, 'cv': 'BlockBootstrap(length=24, n_blocks=None, n_resamplings=5, overlapping=True,\n        random_state=42)', 'estimator': 'XGBRegressor(base_score=None, booster=None, callbacks=None,\n             colsample_bylevel=None, colsample_bynode=None,\n             colsample_bytree=0.8, device=None, early_stopping_rounds=None,\n             enable_categorical=False, eval_metric=None, feature_types=None,\n             feature_weights=None, gamma=None, grow_policy=None,\n             importance_type=None, interaction_constraints=None,\n             learning_rate=0.05, max_bin=None, max_cat_threshold=None,\n             max_cat_to_onehot=None, max_delta_step=None, max_depth=5,\n             max_leaves=None, min_child_weight=None, missing=nan,\n             monotone_constraints=None, multi_strategy=None, n_estimators=60,\n             n_jobs=1, num_parallel_tree=None, ...)', 'method': 'enbpi', 'n_jobs': 1, 'random_state': 42, 'verbose': 0}",4856cd1a8196d50b53c3acf8877f9888a10238601a7ec24718950066addd9124,returned,1.29492450000544,1.296875,False,pleia_energy
9322faf60a2942d0b81e99dccd50724e,owner_cal_h6_enbpi,False,calibrator_conformalize,mapie.regression.regression,conformalize,TimeSeriesRegressor,3300,2026-09-14T13:56:07.658755+00:00,4951,"{'agg_function': 'mean', 'conformity_score': None, 'cv': 'BlockBootstrap(length=24, n_blocks=None, n_resamplings=5, overlapping=True,\n        random_state=42)', 'estimator': 'XGBRegressor(base_score=None, booster=None, callbacks=None,\n             colsample_bylevel=None, colsample_bynode=None,\n             colsample_bytree=0.8, device=None, early_stopping_rounds=None,\n             enable_categorical=False, eval_metric=None, feature_types=None,\n             feature_weights=None, gamma=None, grow_policy=None,\n             importance_type=None, interaction_constraints=None,\n             learning_rate=0.05, max_bin=None, max_cat_threshold=None,\n             max_cat_to_onehot=None, max_delta_step=None, max_depth=5,\n             max_leaves=None, min_child_weight=None, missing=nan,\n             monotone_constraints=None, multi_strategy=None, n_estimators=60,\n             n_jobs=1, num_parallel_tree=None, ...)', 'method': 'enbpi', 'n_jobs': 1, 'random_state': 42, 'verbose': 0}",aeb86aad2330974efd97cf0e8f0486e55c5dd7164a351ace5a67e2f7bb0a830b,started,,,,pleia_energy
16d425c5aa034f8e9eab1e5385d4144a,owner_cal_h6_enbpi,False,xgboost_estimator_fit,xgboost.sklearn,fit,XGBRegressor,3300,2026-09-14T13:56:07.670807+00:00,4968,"{'objective': 'reg:squarederror', 'base_score': None, 'booster': None, 'callbacks': None, 'colsample_bylevel': None, 'colsample_bynode': None, 'colsample_bytree': 0.8, 'device': None, 'early_stopping_rounds': None, 'enable_categorical': False, 'eval_metric': None, 'feature_types': None, 'feature_weights': None, 'gamma': None, 'grow_policy': None, 'importance_type': None, 'interaction_constraints': None, 'learning_rate': 0.05, 'max_bin': None, 'max_cat_threshold': None, 'max_cat_to_onehot': None, 'max_delta_step': None, 'max_depth': 5, 'max_leaves': None, 'min_child_weight': None, 'missing': nan, 'monotone_constraints': None, 'multi_strategy': None, 'n_estimators': 60, 'n_jobs': 1, 'num_parallel_tree': None, 'random_state': 42, 'reg_alpha': None, 'reg_lambda': None, 'sampling_method': None, 'scale_pos_weight': None, 'subsample': 0.8, 'tree_method': 'hist', 'validate_parameters': None, 'verbosity': None}",9fe2cc3efc78675e237360ff6664f2b1fe4c55bddb5fea1be77b7fc483be0b6e,started,,,,pleia_energy
16d425c5aa034f8e9eab1e5385d4144a,owner_cal_h6_enbpi,False,xgboost_estimator_fit,xgboost.sklearn,fit,XGBRegressor,3300,2026-09-14T13:56:07.670807+00:00,4968,"{'objective': 'reg:squarederror', 'base_score': None, 'booster': None, 'callbacks': None, 'colsample_bylevel': None, 'colsample_bynode': None, 'colsample_bytree': 0.8, 'device': None, 'early_stopping_rounds': None, 'enable_categorical': False, 'eval_metric': None, 'feature_types': None, 'feature_weights': None, 'gamma': None, 'grow_policy': None, 'importance_type': None, 'interaction_constraints': None, 'learning_rate': 0.05, 'max_bin': None, 'max_cat_threshold': None, 'max_cat_to_onehot': None, 'max_delta_step': None, 'max_depth': 5, 'max_leaves': None, 'min_child_weight': None, 'missing': nan, 'monotone_constraints': None, 'multi_strategy': None, 'n_estimators': 60, 'n_jobs': 1, 'num_parallel_tree': None, 'random_state': 42, 'reg_alpha': None, 'reg_lambda': None, 'sampling_method': None, 'scale_pos_weight': None, 'subsample': 0.8, 'tree_method': 'hist', 'validate_parameters': None, 'verbosity': None}",9fe2cc3efc78675e237360ff6664f2b1fe4c55bddb5fea1be77b7fc483be0b6e,returned,0.0881169000058435,0.078125,False,pleia_energy
554565dfbdf34c43a23130128af838ed,owner_cal_h6_enbpi,False,xgboost_estimator_fit,xgboost.sklearn,fit,XGBRegressor,3300,2026-09-14T13:56:07.767792+00:00,4968,"{'objective': 'reg:squarederror', 'base_score': None, 'booster': None, 'callbacks': None, 'colsample_bylevel': None, 'colsample_bynode': None, 'colsample_bytree': 0.8, 'device': None, 'early_stopping_rounds': None, 'enable_categorical': False, 'eval_metric': None, 'feature_types': None, 'feature_weights': None, 'gamma': None, 'grow_policy': None, 'importance_type': None, 'interaction_constraints': None, 'learning_rate': 0.05, 'max_bin': None, 'max_cat_threshold': None, 'max_cat_to_onehot': None, 'max_delta_step': None, 'max_depth': 5, 'max_leaves': None, 'min_child_weight': None, 'missing': nan, 'monotone_constraints': None, 'multi_strategy': None, 'n_estimators': 60, 'n_jobs': 1, 'num_parallel_tree': None, 'random_state': 42, 'reg_alpha': None, 'reg_lambda': None, 'sampling_method': None, 'scale_pos_weight': None, 'subsample': 0.8, 'tree_method': 'hist', 'validate_parameters': None, 'verbosity': None}",0abacec05681b77e935dd04f3edd2d4234a729ee1d1168e18bef08a5a953537b,started,,,,pleia_energy
554565dfbdf34c43a23130128af838ed,owner_cal_h6_enbpi,False,xgboost_estimator_fit,xgboost.sklearn,fit,XGBRegressor,3300,2026-09-14T13:56:07.767792+00:00,4968,"{'objective': 'reg:squarederror', 'base_score': None, 'booster': None, 'callbacks': None, 'colsample_bylevel': None, 'colsample_bynode': None, 'colsample_bytree': 0.8, 'device': None, 'early_stopping_rounds': None, 'enable_categorical': False, 'eval_metric': None, 'feature_types': None, 'feature_weights': None, 'gamma': None, 'grow_policy': None, 'importance_type': None, 'interaction_constraints': None, 'learning_rate': 0.05, 'max_bin': None, 'max_cat_threshold': None, 'max_cat_to_onehot': None, 'max_delta_step': None, 'max_depth': 5, 'max_leaves': None, 'min_child_weight': None, 'missing': nan, 'monotone_constraints': None, 'multi_strategy': None, 'n_estimators': 60, 'n_jobs': 1, 'num_parallel_tree': None, 'random_state': 42, 'reg_alpha': None, 'reg_lambda': None, 'sampling_method': None, 'scale_pos_weight': None, 'subsample': 0.8, 'tree_method': 'hist', 'validate_parameters': None, 'verbosity': None}",0abacec05681b77e935dd04f3edd2d4234a729ee1d1168e18bef08a5a953537b,returned,0.0876229999994393,0.09375,False,pleia_energy
7a533b7ddcc241fb93c8d5c7b34c75b1,owner_cal_h6_enbpi,False,xgboost_estimator_fit,xgboost.sklearn,fit,XGBRegressor,3300,2026-09-14T13:56:07.864186+00:00,4968,"{'objective': 'reg:squarederror', 'base_score': None, 'booster': None, 'callbacks': None, 'colsample_bylevel': None, 'colsample_bynode': None, 'colsample_bytree': 0.8, 'device': None, 'early_stopping_rounds': None, 'enable_categorical': False, 'eval_metric': None, 'feature_types': None, 'feature_weights': None, 'gamma': None, 'grow_policy': None, 'importance_type': None, 'interaction_constraints': None, 'learning_rate': 0.05, 'max_bin': None, 'max_cat_threshold': None, 'max_cat_to_onehot': None, 'max_delta_step': None, 'max_depth': 5, 'max_leaves': None, 'min_child_weight': None, 'missing': nan, 'monotone_constraints': None, 'multi_strategy': None, 'n_estimators': 60, 'n_jobs': 1, 'num_parallel_tree': None, 'random_state': 42, 'reg_alpha': None, 'reg_lambda': None, 'sampling_method': None, 'scale_pos_weight': None, 'subsample': 0.8, 'tree_method': 'hist', 'validate_parameters': None, 'verbosity': None}",837b59b91cfb5a9aa59f837c0a6661e00eeb60d481a55547febfcff9808aff87,started,,,,pleia_energy
7a533b7ddcc241fb93c8d5c7b34c75b1,owner_cal_h6_enbpi,False,xgboost_estimator_fit,xgboost.sklearn,fit,XGBRegressor,3300,2026-09-14T13:56:07.864186+00:00,4968,"{'objective': 'reg:squarederror', 'base_score': None, 'booster': None, 'callbacks': None, 'colsample_bylevel': None, 'colsample_bynode': None, 'colsample_bytree': 0.8, 'device': None, 'early_stopping_rounds': None, 'enable_categorical': False, 'eval_metric': None, 'feature_types': None, 'feature_weights': None, 'gamma': None, 'grow_policy': None, 'importance_type': None, 'interaction_constraints': None, 'learning_rate': 0.05, 'max_bin': None, 'max_cat_threshold': None, 'max_cat_to_onehot': None, 'max_delta_step': None, 'max_depth': 5, 'max_leaves': None, 'min_child_weight': None, 'missing': nan, 'monotone_constraints': None, 'multi_strategy': None, 'n_estimators': 60, 'n_jobs': 1, 'num_parallel_tree': None, 'random_state': 42, 'reg_alpha': None, 'reg_lambda': None, 'sampling_method': None, 'scale_pos_weight': None, 'subsample': 0.8, 'tree_method': 'hist', 'validate_parameters': None, 'verbosity': None}",837b59b91cfb5a9aa59f837c0a6661e00eeb60d481a55547febfcff9808aff87,returned,0.0866677000012714,0.078125,False,pleia_energy
2cb49ffe5cfc4f08b4ad84358b4786cf,owner_cal_h6_enbpi,False,xgboost_estimator_fit,xgboost.sklearn,fit,XGBRegressor,3300,2026-09-14T13:56:07.954678+00:00,4968,"{'objective': 'reg:squarederror', 'base_score': None, 'booster': None, 'callbacks': None, 'colsample_bylevel': None, 'colsample_bynode': None, 'colsample_bytree': 0.8, 'device': None, 'early_stopping_rounds': None, 'enable_categorical': False, 'eval_metric': None, 'feature_types': None, 'feature_weights': None, 'gamma': None, 'grow_policy': None, 'importance_type': None, 'interaction_constraints': None, 'learning_rate': 0.05, 'max_bin': None, 'max_cat_threshold': None, 'max_cat_to_onehot': None, 'max_delta_step': None, 'max_depth': 5, 'max_leaves': None, 'min_child_weight': None, 'missing': nan, 'monotone_constraints': None, 'multi_strategy': None, 'n_estimators': 60, 'n_jobs': 1, 'num_parallel_tree': None, 'random_state': 42, 'reg_alpha': None, 'reg_lambda': None, 'sampling_method': None, 'scale_pos_weight': None, 'subsample': 0.8, 'tree_method': 'hist', 'validate_parameters': None, 'verbosity': None}",f1eaaadc4a724035fc290fca8ca971b8e8c411144e3e8584310280c6b8b7b457,started,,,,pleia_energy
2cb49ffe5cfc4f08b4ad84358b4786cf,owner_cal_h6_enbpi,False,xgboost_estimator_fit,xgboost.sklearn,fit,XGBRegressor,3300,2026-09-14T13:56:07.954678+00:00,4968,"{'objective': 'reg:squarederror', 'base_score': None, 'booster': None, 'callbacks': None, 'colsample_bylevel': None, 'colsample_bynode': None, 'colsample_bytree': 0.8, 'device': None, 'early_stopping_rounds': None, 'enable_categorical': False, 'eval_metric': None, 'feature_types': None, 'feature_weights': None, 'gamma': None, 'grow_policy': None, 'importance_type': None, 'interaction_constraints': None, 'learning_rate': 0.05, 'max_bin': None, 'max_cat_threshold': None, 'max_cat_to_onehot': None, 'max_delta_step': None, 'max_depth': 5, 'max_leaves': None, 'min_child_weight': None, 'missing': nan, 'monotone_constraints': None, 'multi_strategy': None, 'n_estimators': 60, 'n_jobs': 1, 'num_parallel_tree': None, 'random_state': 42, 'reg_alpha': None, 'reg_lambda': None, 'sampling_method': None, 'scale_pos_weight': None, 'subsample': 0.8, 'tree_method': 'hist', 'validate_parameters': None, 'verbosity': None}",f1eaaadc4a724035fc290fca8ca971b8e8c411144e3e8584310280c6b8b7b457,returned,0.0808469000039622,0.078125,False,pleia_energy
010d39a9740949e6a567979494902afe,owner_cal_h6_enbpi,False,xgboost_estimator_fit,xgboost.sklearn,fit,XGBRegressor,3300,2026-09-14T13:56:08.043915+00:00,4968,"{'objective': 'reg:squarederror', 'base_score': None, 'booster': None, 'callbacks': None, 'colsample_bylevel': None, 'colsample_bynode': None, 'colsample_bytree': 0.8, 'device': None, 'early_stopping_rounds': None, 'enable_categorical': False, 'eval_metric': None, 'feature_types': None, 'feature_weights': None, 'gamma': None, 'grow_policy': None, 'importance_type': None, 'interaction_constraints': None, 'learning_rate': 0.05, 'max_bin': None, 'max_cat_threshold': None, 'max_cat_to_onehot': None, 'max_delta_step': None, 'max_depth': 5, 'max_leaves': None, 'min_child_weight': None, 'missing': nan, 'monotone_constraints': None, 'multi_strategy': None, 'n_estimators': 60, 'n_jobs': 1, 'num_parallel_tree': None, 'random_state': 42, 'reg_alpha': None, 'reg_lambda': None, 'sampling_method': None, 'scale_pos_weight': None, 'subsample': 0.8, 'tree_method': 'hist', 'validate_parameters': None, 'verbosity': None}",fd44a035df438f770f5ccb5418038dc327acd9c40f93dbbe2f73826f8a69bb34,started,,,,pleia_energy
010d39a9740949e6a567979494902afe,owner_cal_h6_enbpi,False,xgboost_estimator_fit,xgboost.sklearn,fit,XGBRegressor,3300,2026-09-14T13:56:08.043915+00:00,4968,"{'objective': 'reg:squarederror', 'base_score': None, 'booster': None, 'callbacks': None, 'colsample_bylevel': None, 'colsample_bynode': None, 'colsample_bytree': 0.8, 'device': None, 'early_stopping_rounds': None, 'enable_categorical': False, 'eval_metric': None, 'feature_types': None, 'feature_weights': None, 'gamma': None, 'grow_policy': None, 'importance_type': None, 'interaction_constraints': None, 'learning_rate': 0.05, 'max_bin': None, 'max_cat_threshold': None, 'max_cat_to_onehot': None, 'max_delta_step': None, 'max_depth': 5, 'max_leaves': None, 'min_child_weight': None, 'missing': nan, 'monotone_constraints': None, 'multi_strategy': None, 'n_estimators': 60, 'n_jobs': 1, 'num_parallel_tree': None, 'random_state': 42, 'reg_alpha': None, 'reg_lambda': None, 'sampling_method': None, 'scale_pos_weight': None, 'subsample': 0.8, 'tree_method': 'hist', 'validate_parameters': None, 'verbosity': None}",fd44a035df438f770f5ccb5418038dc327acd9c40f93dbbe2f73826f8a69bb34,returned,0.0824457999988226,0.09375,False,pleia_energy
9322faf60a2942d0b81e99dccd50724e,owner_cal_h6_enbpi,False,calibrator_conformalize,mapie.regression.regression,conformalize,TimeSeriesRegressor,3300,2026-09-14T13:56:07.658755+00:00,4951,"{'agg_function': 'mean', 'conformity_score': None, 'cv': 'BlockBootstrap(length=24, n_blocks=None, n_resamplings=5, overlapping=True,\n        random_state=42)', 'estimator': 'XGBRegressor(base_score=None, booster=None, callbacks=None,\n             colsample_bylevel=None, colsample_bynode=None,\n             colsample_bytree=0.8, device=None, early_stopping_rounds=None,\n             enable_categorical=False, eval_metric=None, feature_types=None,\n             feature_weights=None, gamma=None, grow_policy=None,\n             importance_type=None, interaction_constraints=None,\n             learning_rate=0.05, max_bin=None, max_cat_threshold=None,\n             max_cat_to_onehot=None, max_delta_step=None, max_depth=5,\n             max_leaves=None, min_child_weight=None, missing=nan,\n             monotone_constraints=None, multi_strategy=None, n_estimators=60,\n             n_jobs=1, num_parallel_tree=None, ...)', 'method': 'enbpi', 'n_jobs': 1, 'random_state': 42, 'verbose': 0}",aeb86aad2330974efd97cf0e8f0486e55c5dd7164a351ace5a67e2f7bb0a830b,returned,0.486342000003788,0.46875,False,pleia_energy
d61532d8b7e34033b6a666f90a52d0f2,dscp_fit,False,dscp_calibrator_fit,src.conformal_dscp,fit_dscp,,3300,2026-09-14T13:56:42.887854+00:00,4943,{},1f83ae570c87c424852169549202911e6fc0f37877f6eafc36061b4478d0ff38,started,,,,pleia_energy
3109188aa27b4be5be65cb5f99cd91d5,dscp_fit,False,kmeans_candidate_fit,sklearn.cluster._kmeans,fit,KMeans,3300,2026-09-14T13:56:42.887854+00:00,4943,"{'algorithm': 'lloyd', 'copy_x': True, 'init': 'k-means++', 'max_iter': 300, 'n_clusters': 2, 'n_init': 10, 'random_state': 42, 'tol': 0.0001, 'verbose': 0}",,started,,,,pleia_energy
3109188aa27b4be5be65cb5f99cd91d5,dscp_fit,False,kmeans_candidate_fit,sklearn.cluster._kmeans,fit,KMeans,3300,2026-09-14T13:56:42.887854+00:00,4943,"{'algorithm': 'lloyd', 'copy_x': True, 'init': 'k-means++', 'max_iter': 300, 'n_clusters': 2, 'n_init': 10, 'random_state': 42, 'tol': 0.0001, 'verbose': 0}",,returned,0.0889981999935117,0.09375,False,pleia_energy
47d756ab3f1d49a29a3a64769a9a8201,dscp_fit,False,kmeans_candidate_fit,sklearn.cluster._kmeans,fit,KMeans,3300,2026-09-14T13:56:43.053766+00:00,4943,"{'algorithm': 'lloyd', 'copy_x': True, 'init': 'k-means++', 'max_iter': 300, 'n_clusters': 3, 'n_init': 10, 'random_state': 42, 'tol': 0.0001, 'verbose': 0}",,started,,,,pleia_energy
47d756ab3f1d49a29a3a64769a9a8201,dscp_fit,False,kmeans_candidate_fit,sklearn.cluster._kmeans,fit,KMeans,3300,2026-09-14T13:56:43.053766+00:00,4943,"{'algorithm': 'lloyd', 'copy_x': True, 'init': 'k-means++', 'max_iter': 300, 'n_clusters': 3, 'n_init': 10, 'random_state': 42, 'tol': 0.0001, 'verbose': 0}",,returned,0.0478968999959761,0.03125,False,pleia_energy
134e3e553ac944379db6973e8aaae8c2,dscp_fit,False,kmeans_candidate_fit,sklearn.cluster._kmeans,fit,KMeans,3300,2026-09-14T13:56:43.170678+00:00,4943,"{'algorithm': 'lloyd', 'copy_x': True, 'init': 'k-means++', 'max_iter': 300, 'n_clusters': 4, 'n_init': 10, 'random_state': 42, 'tol': 0.0001, 'verbose': 0}",,started,,,,pleia_energy
134e3e553ac944379db6973e8aaae8c2,dscp_fit,False,kmeans_candidate_fit,sklearn.cluster._kmeans,fit,KMeans,3300,2026-09-14T13:56:43.170678+00:00,4943,"{'algorithm': 'lloyd', 'copy_x': True, 'init': 'k-means++', 'max_iter': 300, 'n_clusters': 4, 'n_init': 10, 'random_state': 42, 'tol': 0.0001, 'verbose': 0}",,returned,0.0467816999880597,0.046875,False,pleia_energy
2cae0715671144f58e356a4b6c3513e9,dscp_fit,False,kmeans_candidate_fit,sklearn.cluster._kmeans,fit,KMeans,3300,2026-09-14T13:56:43.282853+00:00,4943,"{'algorithm': 'lloyd', 'copy_x': True, 'init': 'k-means++', 'max_iter': 300, 'n_clusters': 5, 'n_init': 10, 'random_state': 42, 'tol': 0.0001, 'verbose': 0}",,started,,,,pleia_energy
2cae0715671144f58e356a4b6c3513e9,dscp_fit,False,kmeans_candidate_fit,sklearn.cluster._kmeans,fit,KMeans,3300,2026-09-14T13:56:43.282853+00:00,4943,"{'algorithm': 'lloyd', 'copy_x': True, 'init': 'k-means++', 'max_iter': 300, 'n_clusters': 5, 'n_init': 10, 'random_state': 42, 'tol': 0.0001, 'verbose': 0}",,returned,0.0466235000058077,0.046875,False,pleia_energy
1107590bf2274db2be3babe7170f205a,dscp_fit,False,kmeans_candidate_fit,sklearn.cluster._kmeans,fit,KMeans,3300,2026-09-14T13:56:43.397288+00:00,4943,"{'algorithm': 'lloyd', 'copy_x': True, 'init': 'k-means++', 'max_iter': 300, 'n_clusters': 6, 'n_init': 10, 'random_state': 42, 'tol': 0.0001, 'verbose': 0}",,started,,,,pleia_energy
1107590bf2274db2be3babe7170f205a,dscp_fit,False,kmeans_candidate_fit,sklearn.cluster._kmeans,fit,KMeans,3300,2026-09-14T13:56:43.397288+00:00,4943,"{'algorithm': 'lloyd', 'copy_x': True, 'init': 'k-means++', 'max_iter': 300, 'n_clusters': 6, 'n_init': 10, 'random_state': 42, 'tol': 0.0001, 'verbose': 0}",,returned,0.0451867000083439,0.046875,False,pleia_energy
d61532d8b7e34033b6a666f90a52d0f2,dscp_fit,False,dscp_calibrator_fit,src.conformal_dscp,fit_dscp,,3300,2026-09-14T13:56:42.887854+00:00,4943,{},1f83ae570c87c424852169549202911e6fc0f37877f6eafc36061b4478d0ff38,returned,0.620807100000093,0.59375,False,pleia_energy
321456ca825e44deb17476c9d32d117a,owner_fit_h1_cqr_l90,False,cqr_wrapper_fit,mapie.regression.quantile_regression,fit,ConformalizedQuantileRegressor,22236,2026-09-14T14:02:00.016310+00:00,14858,{},d2a280b8a39502b314b2745f32b37cc4cc7b6474da7b7367335c0e631f2525d2,started,,,,pleia
c58a2ea3fdae491aa9547791df7ae11b,owner_fit_h1_cqr_l90,False,quantile_estimator_fit,sklearn.ensemble._hist_gradient_boosting.gradient_boosting,fit,HistGradientBoostingRegressor,22236,2026-09-14T14:02:00.024832+00:00,14858,"{'categorical_features': 'warn', 'early_stopping': 'auto', 'interaction_cst': None, 'l2_regularization': 0.0, 'learning_rate': 0.05, 'loss': 'quantile', 'max_bins': 255, 'max_depth': None, 'max_features': 1.0, 'max_iter': 300, 'max_leaf_nodes': 31, 'min_samples_leaf': 50, 'monotonic_cst': None, 'n_iter_no_change': 10, 'quantile': 0.05, 'random_state': 42, 'scoring': 'loss', 'tol': 1e-07, 'validation_fraction': 0.1, 'verbose': 0, 'warm_start': False}",d2a280b8a39502b314b2745f32b37cc4cc7b6474da7b7367335c0e631f2525d2,started,,,,pleia
c58a2ea3fdae491aa9547791df7ae11b,owner_fit_h1_cqr_l90,False,quantile_estimator_fit,sklearn.ensemble._hist_gradient_boosting.gradient_boosting,fit,HistGradientBoostingRegressor,22236,2026-09-14T14:02:00.024832+00:00,14858,"{'categorical_features': 'warn', 'early_stopping': 'auto', 'interaction_cst': None, 'l2_regularization': 0.0, 'learning_rate': 0.05, 'loss': 'quantile', 'max_bins': 255, 'max_depth': None, 'max_features': 1.0, 'max_iter': 300, 'max_leaf_nodes': 31, 'min_samples_leaf': 50, 'monotonic_cst': None, 'n_iter_no_change': 10, 'quantile': 0.05, 'random_state': 42, 'scoring': 'loss', 'tol': 1e-07, 'validation_fraction': 0.1, 'verbose': 0, 'warm_start': False}",d2a280b8a39502b314b2745f32b37cc4cc7b6474da7b7367335c0e631f2525d2,returned,3.48566639999626,3.390625,False,pleia
714dab4edd944d72bb3bfc49a34717c3,owner_fit_h1_cqr_l90,False,quantile_estimator_fit,sklearn.ensemble._hist_gradient_boosting.gradient_boosting,fit,HistGradientBoostingRegressor,22236,2026-09-14T14:02:03.515930+00:00,14858,"{'categorical_features': 'warn', 'early_stopping': 'auto', 'interaction_cst': None, 'l2_regularization': 0.0, 'learning_rate': 0.05, 'loss': 'quantile', 'max_bins': 255, 'max_depth': None, 'max_features': 1.0, 'max_iter': 300, 'max_leaf_nodes': 31, 'min_samples_leaf': 50, 'monotonic_cst': None, 'n_iter_no_change': 10, 'quantile': 0.95, 'random_state': 42, 'scoring': 'loss', 'tol': 1e-07, 'validation_fraction': 0.1, 'verbose': 0, 'warm_start': False}",d2a280b8a39502b314b2745f32b37cc4cc7b6474da7b7367335c0e631f2525d2,started,,,,pleia
714dab4edd944d72bb3bfc49a34717c3,owner_fit_h1_cqr_l90,False,quantile_estimator_fit,sklearn.ensemble._hist_gradient_boosting.gradient_boosting,fit,HistGradientBoostingRegressor,22236,2026-09-14T14:02:03.515930+00:00,14858,"{'categorical_features': 'warn', 'early_stopping': 'auto', 'interaction_cst': None, 'l2_regularization': 0.0, 'learning_rate': 0.05, 'loss': 'quantile', 'max_bins': 255, 'max_depth': None, 'max_features': 1.0, 'max_iter': 300, 'max_leaf_nodes': 31, 'min_samples_leaf': 50, 'monotonic_cst': None, 'n_iter_no_change': 10, 'quantile': 0.95, 'random_state': 42, 'scoring': 'loss', 'tol': 1e-07, 'validation_fraction': 0.1, 'verbose': 0, 'warm_start': False}",d2a280b8a39502b314b2745f32b37cc4cc7b6474da7b7367335c0e631f2525d2,returned,3.78417379999883,3.515625,False,pleia
1c3657a0123b467fba56780646a11f1e,owner_fit_h1_cqr_l90,False,quantile_estimator_fit,sklearn.ensemble._hist_gradient_boosting.gradient_boosting,fit,HistGradientBoostingRegressor,22236,2026-09-14T14:02:07.305277+00:00,14858,"{'categorical_features': 'warn', 'early_stopping': 'auto', 'interaction_cst': None, 'l2_regularization': 0.0, 'learning_rate': 0.05, 'loss': 'quantile', 'max_bins': 255, 'max_depth': None, 'max_features': 1.0, 'max_iter': 300, 'max_leaf_nodes': 31, 'min_samples_leaf': 50, 'monotonic_cst': None, 'n_iter_no_change': 10, 'quantile': 0.5, 'random_state': 42, 'scoring': 'loss', 'tol': 1e-07, 'validation_fraction': 0.1, 'verbose': 0, 'warm_start': False}",d2a280b8a39502b314b2745f32b37cc4cc7b6474da7b7367335c0e631f2525d2,started,,,,pleia
1c3657a0123b467fba56780646a11f1e,owner_fit_h1_cqr_l90,False,quantile_estimator_fit,sklearn.ensemble._hist_gradient_boosting.gradient_boosting,fit,HistGradientBoostingRegressor,22236,2026-09-14T14:02:07.305277+00:00,14858,"{'categorical_features': 'warn', 'early_stopping': 'auto', 'interaction_cst': None, 'l2_regularization': 0.0, 'learning_rate': 0.05, 'loss': 'quantile', 'max_bins': 255, 'max_depth': None, 'max_features': 1.0, 'max_iter': 300, 'max_leaf_nodes': 31, 'min_samples_leaf': 50, 'monotonic_cst': None, 'n_iter_no_change': 10, 'quantile': 0.5, 'random_state': 42, 'scoring': 'loss', 'tol': 1e-07, 'validation_fraction': 0.1, 'verbose': 0, 'warm_start': False}",d2a280b8a39502b314b2745f32b37cc4cc7b6474da7b7367335c0e631f2525d2,returned,2.52306019999378,2.484375,False,pleia
321456ca825e44deb17476c9d32d117a,owner_fit_h1_cqr_l90,False,cqr_wrapper_fit,mapie.regression.quantile_regression,fit,ConformalizedQuantileRegressor,22236,2026-09-14T14:02:00.016310+00:00,14858,{},d2a280b8a39502b314b2745f32b37cc4cc7b6474da7b7367335c0e631f2525d2,returned,9.81330029999663,9.40625,False,pleia
6ddac8b601054de58df666ceeb5dc07d,owner_cal_h1_cqr_l90,False,calibrator_conformalize,mapie.regression.quantile_regression,conformalize,ConformalizedQuantileRegressor,22236,2026-09-14T14:02:09.915709+00:00,4953,{},3d5c53a84203d060fa4a439936a97990673b9c0e0f5824db832cf324aea6b5f8,started,,,,pleia
d4d6fd5a0d4044aea16ad1c49535c224,owner_cal_h1_cqr_l90,False,calibrator_conformalize,mapie.regression.quantile_regression,conformalize,_MapieQuantileRegressor,22236,2026-09-14T14:02:09.918721+00:00,4953,"{'alpha': 0.1, 'cv': 'split', 'estimator': ""HistGradientBoostingRegressor(learning_rate=0.05, loss='quantile', max_iter=300,\n                              min_samples_leaf=50, random_state=42)"", 'method': 'quantile'}",3d5c53a84203d060fa4a439936a97990673b9c0e0f5824db832cf324aea6b5f8,started,,,,pleia
d4d6fd5a0d4044aea16ad1c49535c224,owner_cal_h1_cqr_l90,False,calibrator_conformalize,mapie.regression.quantile_regression,conformalize,_MapieQuantileRegressor,22236,2026-09-14T14:02:09.918721+00:00,4953,"{'alpha': 0.1, 'cv': 'split', 'estimator': ""HistGradientBoostingRegressor(learning_rate=0.05, loss='quantile', max_iter=300,\n                              min_samples_leaf=50, random_state=42)"", 'method': 'quantile'}",3d5c53a84203d060fa4a439936a97990673b9c0e0f5824db832cf324aea6b5f8,returned,0.500186299992492,0.484375,False,pleia
6ddac8b601054de58df666ceeb5dc07d,owner_cal_h1_cqr_l90,False,calibrator_conformalize,mapie.regression.quantile_regression,conformalize,ConformalizedQuantileRegressor,22236,2026-09-14T14:02:09.915709+00:00,4953,{},3d5c53a84203d060fa4a439936a97990673b9c0e0f5824db832cf324aea6b5f8,returned,0.506359800012433,0.5,False,pleia
ea49bd2dba9546d4918633cf1d461019,owner_fit_h1_cqr_l95,False,cqr_wrapper_fit,mapie.regression.quantile_regression,fit,ConformalizedQuantileRegressor,22236,2026-09-14T14:02:23.364509+00:00,14858,{},d2a280b8a39502b314b2745f32b37cc4cc7b6474da7b7367335c0e631f2525d2,started,,,,pleia
406855af9c49486f8e611b2e95ff0353,owner_fit_h1_cqr_l95,False,quantile_estimator_fit,sklearn.ensemble._hist_gradient_boosting.gradient_boosting,fit,HistGradientBoostingRegressor,22236,2026-09-14T14:02:23.372029+00:00,14858,"{'categorical_features': 'warn', 'early_stopping': 'auto', 'interaction_cst': None, 'l2_regularization': 0.0, 'learning_rate': 0.05, 'loss': 'quantile', 'max_bins': 255, 'max_depth': None, 'max_features': 1.0, 'max_iter': 300, 'max_leaf_nodes': 31, 'min_samples_leaf': 50, 'monotonic_cst': None, 'n_iter_no_change': 10, 'quantile': 0.025, 'random_state': 42, 'scoring': 'loss', 'tol': 1e-07, 'validation_fraction': 0.1, 'verbose': 0, 'warm_start': False}",d2a280b8a39502b314b2745f32b37cc4cc7b6474da7b7367335c0e631f2525d2,started,,,,pleia
406855af9c49486f8e611b2e95ff0353,owner_fit_h1_cqr_l95,False,quantile_estimator_fit,sklearn.ensemble._hist_gradient_boosting.gradient_boosting,fit,HistGradientBoostingRegressor,22236,2026-09-14T14:02:23.372029+00:00,14858,"{'categorical_features': 'warn', 'early_stopping': 'auto', 'interaction_cst': None, 'l2_regularization': 0.0, 'learning_rate': 0.05, 'loss': 'quantile', 'max_bins': 255, 'max_depth': None, 'max_features': 1.0, 'max_iter': 300, 'max_leaf_nodes': 31, 'min_samples_leaf': 50, 'monotonic_cst': None, 'n_iter_no_change': 10, 'quantile': 0.025, 'random_state': 42, 'scoring': 'loss', 'tol': 1e-07, 'validation_fraction': 0.1, 'verbose': 0, 'warm_start': False}",d2a280b8a39502b314b2745f32b37cc4cc7b6474da7b7367335c0e631f2525d2,returned,4.12050499999896,4.015625,False,pleia
c242d50539514b95ac04aa292b00cb45,owner_fit_h1_cqr_l95,False,quantile_estimator_fit,sklearn.ensemble._hist_gradient_boosting.gradient_boosting,fit,HistGradientBoostingRegressor,22236,2026-09-14T14:02:27.498090+00:00,14858,"{'categorical_features': 'warn', 'early_stopping': 'auto', 'interaction_cst': None, 'l2_regularization': 0.0, 'learning_rate': 0.05, 'loss': 'quantile', 'max_bins': 255, 'max_depth': None, 'max_features': 1.0, 'max_iter': 300, 'max_leaf_nodes': 31, 'min_samples_leaf': 50, 'monotonic_cst': None, 'n_iter_no_change': 10, 'quantile': 0.975, 'random_state': 42, 'scoring': 'loss', 'tol': 1e-07, 'validation_fraction': 0.1, 'verbose': 0, 'warm_start': False}",d2a280b8a39502b314b2745f32b37cc4cc7b6474da7b7367335c0e631f2525d2,started,,,,pleia
c242d50539514b95ac04aa292b00cb45,owner_fit_h1_cqr_l95,False,quantile_estimator_fit,sklearn.ensemble._hist_gradient_boosting.gradient_boosting,fit,HistGradientBoostingRegressor,22236,2026-09-14T14:02:27.498090+00:00,14858,"{'categorical_features': 'warn', 'early_stopping': 'auto', 'interaction_cst': None, 'l2_regularization': 0.0, 'learning_rate': 0.05, 'loss': 'quantile', 'max_bins': 255, 'max_depth': None, 'max_features': 1.0, 'max_iter': 300, 'max_leaf_nodes': 31, 'min_samples_leaf': 50, 'monotonic_cst': None, 'n_iter_no_change': 10, 'quantile': 0.975, 'random_state': 42, 'scoring': 'loss', 'tol': 1e-07, 'validation_fraction': 0.1, 'verbose': 0, 'warm_start': False}",d2a280b8a39502b314b2745f32b37cc4cc7b6474da7b7367335c0e631f2525d2,returned,3.07965569999942,2.96875,False,pleia
49e59d55ef25444587b9d91966f2f13a,owner_fit_h1_cqr_l95,False,quantile_estimator_fit,sklearn.ensemble._hist_gradient_boosting.gradient_boosting,fit,HistGradientBoostingRegressor,22236,2026-09-14T14:02:30.583136+00:00,14858,"{'categorical_features': 'warn', 'early_stopping': 'auto', 'interaction_cst': None, 'l2_regularization': 0.0, 'learning_rate': 0.05, 'loss': 'quantile', 'max_bins': 255, 'max_depth': None, 'max_features': 1.0, 'max_iter': 300, 'max_leaf_nodes': 31, 'min_samples_leaf': 50, 'monotonic_cst': None, 'n_iter_no_change': 10, 'quantile': 0.5, 'random_state': 42, 'scoring': 'loss', 'tol': 1e-07, 'validation_fraction': 0.1, 'verbose': 0, 'warm_start': False}",d2a280b8a39502b314b2745f32b37cc4cc7b6474da7b7367335c0e631f2525d2,started,,,,pleia
49e59d55ef25444587b9d91966f2f13a,owner_fit_h1_cqr_l95,False,quantile_estimator_fit,sklearn.ensemble._hist_gradient_boosting.gradient_boosting,fit,HistGradientBoostingRegressor,22236,2026-09-14T14:02:30.583136+00:00,14858,"{'categorical_features': 'warn', 'early_stopping': 'auto', 'interaction_cst': None, 'l2_regularization': 0.0, 'learning_rate': 0.05, 'loss': 'quantile', 'max_bins': 255, 'max_depth': None, 'max_features': 1.0, 'max_iter': 300, 'max_leaf_nodes': 31, 'min_samples_leaf': 50, 'monotonic_cst': None, 'n_iter_no_change': 10, 'quantile': 0.5, 'random_state': 42, 'scoring': 'loss', 'tol': 1e-07, 'validation_fraction': 0.1, 'verbose': 0, 'warm_start': False}",d2a280b8a39502b314b2745f32b37cc4cc7b6474da7b7367335c0e631f2525d2,returned,3.52164470001298,3.40625,False,pleia
ea49bd2dba9546d4918633cf1d461019,owner_fit_h1_cqr_l95,False,cqr_wrapper_fit,mapie.regression.quantile_regression,fit,ConformalizedQuantileRegressor,22236,2026-09-14T14:02:23.364509+00:00,14858,{},d2a280b8a39502b314b2745f32b37cc4cc7b6474da7b7367335c0e631f2525d2,returned,10.7425898000074,10.40625,False,pleia
714d76945ad249518815aeba6ea5b315,owner_cal_h1_cqr_l95,False,calibrator_conformalize,mapie.regression.quantile_regression,conformalize,ConformalizedQuantileRegressor,22236,2026-09-14T14:02:34.224612+00:00,4953,{},3d5c53a84203d060fa4a439936a97990673b9c0e0f5824db832cf324aea6b5f8,started,,,,pleia
16d5ffc3fdd0408681aca03909d01293,owner_cal_h1_cqr_l95,False,calibrator_conformalize,mapie.regression.quantile_regression,conformalize,_MapieQuantileRegressor,22236,2026-09-14T14:02:34.226612+00:00,4953,"{'alpha': 0.05, 'cv': 'split', 'estimator': ""HistGradientBoostingRegressor(learning_rate=0.05, loss='quantile', max_iter=300,\n                              min_samples_leaf=50, random_state=42)"", 'method': 'quantile'}",3d5c53a84203d060fa4a439936a97990673b9c0e0f5824db832cf324aea6b5f8,started,,,,pleia
16d5ffc3fdd0408681aca03909d01293,owner_cal_h1_cqr_l95,False,calibrator_conformalize,mapie.regression.quantile_regression,conformalize,_MapieQuantileRegressor,22236,2026-09-14T14:02:34.226612+00:00,4953,"{'alpha': 0.05, 'cv': 'split', 'estimator': ""HistGradientBoostingRegressor(learning_rate=0.05, loss='quantile', max_iter=300,\n                              min_samples_leaf=50, random_state=42)"", 'method': 'quantile'}",3d5c53a84203d060fa4a439936a97990673b9c0e0f5824db832cf324aea6b5f8,returned,0.651898199997959,0.65625,False,pleia
714d76945ad249518815aeba6ea5b315,owner_cal_h1_cqr_l95,False,calibrator_conformalize,mapie.regression.quantile_regression,conformalize,ConformalizedQuantileRegressor,22236,2026-09-14T14:02:34.224612+00:00,4953,{},3d5c53a84203d060fa4a439936a97990673b9c0e0f5824db832cf324aea6b5f8,returned,0.65761979999661,0.65625,False,pleia
02c9a41a6da84bd79948ba118d1a809f,owner_fit_h1_enbpi,False,enbpi_wrapper_fit,mapie.regression.regression,fit,TimeSeriesRegressor,22236,2026-09-14T14:02:46.875134+00:00,14858,"{'agg_function': 'mean', 'conformity_score': None, 'cv': 'BlockBootstrap(length=24, n_blocks=None, n_resamplings=5, overlapping=True,\n        random_state=42)', 'estimator': 'XGBRegressor(base_score=None, booster=None, callbacks=None,\n             colsample_bylevel=None, colsample_bynode=None,\n             colsample_bytree=0.8, device=None, early_stopping_rounds=None,\n             enable_categorical=False, eval_metric=None, feature_types=None,\n             feature_weights=None, gamma=None, grow_policy=None,\n             importance_type=None, interaction_constraints=None,\n             learning_rate=0.05, max_bin=None, max_cat_threshold=None,\n             max_cat_to_onehot=None, max_delta_step=None, max_depth=5,\n             max_leaves=None, min_child_weight=None, missing=nan,\n             monotone_constraints=None, multi_strategy=None, n_estimators=60,\n             n_jobs=1, num_parallel_tree=None, ...)', 'method': 'enbpi', 'n_jobs': 1, 'random_state': 42, 'verbose': 0}",d2a280b8a39502b314b2745f32b37cc4cc7b6474da7b7367335c0e631f2525d2,started,,,,pleia
80df8f7ed90942d69b0d96149983db57,owner_fit_h1_enbpi,False,xgboost_estimator_fit,xgboost.sklearn,fit,XGBRegressor,22236,2026-09-14T14:02:46.882522+00:00,14858,"{'objective': 'reg:squarederror', 'base_score': None, 'booster': None, 'callbacks': None, 'colsample_bylevel': None, 'colsample_bynode': None, 'colsample_bytree': 0.8, 'device': None, 'early_stopping_rounds': None, 'enable_categorical': False, 'eval_metric': None, 'feature_types': None, 'feature_weights': None, 'gamma': None, 'grow_policy': None, 'importance_type': None, 'interaction_constraints': None, 'learning_rate': 0.05, 'max_bin': None, 'max_cat_threshold': None, 'max_cat_to_onehot': None, 'max_delta_step': None, 'max_depth': 5, 'max_leaves': None, 'min_child_weight': None, 'missing': nan, 'monotone_constraints': None, 'multi_strategy': None, 'n_estimators': 60, 'n_jobs': 1, 'num_parallel_tree': None, 'random_state': 42, 'reg_alpha': None, 'reg_lambda': None, 'sampling_method': None, 'scale_pos_weight': None, 'subsample': 0.8, 'tree_method': 'hist', 'validate_parameters': None, 'verbosity': None}",d2a280b8a39502b314b2745f32b37cc4cc7b6474da7b7367335c0e631f2525d2,started,,,,pleia
80df8f7ed90942d69b0d96149983db57,owner_fit_h1_enbpi,False,xgboost_estimator_fit,xgboost.sklearn,fit,XGBRegressor,22236,2026-09-14T14:02:46.882522+00:00,14858,"{'objective': 'reg:squarederror', 'base_score': None, 'booster': None, 'callbacks': None, 'colsample_bylevel': None, 'colsample_bynode': None, 'colsample_bytree': 0.8, 'device': None, 'early_stopping_rounds': None, 'enable_categorical': False, 'eval_metric': None, 'feature_types': None, 'feature_weights': None, 'gamma': None, 'grow_policy': None, 'importance_type': None, 'interaction_constraints': None, 'learning_rate': 0.05, 'max_bin': None, 'max_cat_threshold': None, 'max_cat_to_onehot': None, 'max_delta_step': None, 'max_depth': 5, 'max_leaves': None, 'min_child_weight': None, 'missing': nan, 'monotone_constraints': None, 'multi_strategy': None, 'n_estimators': 60, 'n_jobs': 1, 'num_parallel_tree': None, 'random_state': 42, 'reg_alpha': None, 'reg_lambda': None, 'sampling_method': None, 'scale_pos_weight': None, 'subsample': 0.8, 'tree_method': 'hist', 'validate_parameters': None, 'verbosity': None}",d2a280b8a39502b314b2745f32b37cc4cc7b6474da7b7367335c0e631f2525d2,returned,0.267598499995074,0.25,False,pleia
6fa0a1e3b4b247ae81306fb81cbef26e,owner_fit_h1_enbpi,False,calibrator_conformalize,mapie.regression.regression,conformalize,TimeSeriesRegressor,22236,2026-09-14T14:02:47.151466+00:00,14858,"{'agg_function': 'mean', 'conformity_score': None, 'cv': 'BlockBootstrap(length=24, n_blocks=None, n_resamplings=5, overlapping=True,\n        random_state=42)', 'estimator': 'XGBRegressor(base_score=None, booster=None, callbacks=None,\n             colsample_bylevel=None, colsample_bynode=None,\n             colsample_bytree=0.8, device=None, early_stopping_rounds=None,\n             enable_categorical=False, eval_metric=None, feature_types=None,\n             feature_weights=None, gamma=None, grow_policy=None,\n             importance_type=None, interaction_constraints=None,\n             learning_rate=0.05, max_bin=None, max_cat_threshold=None,\n             max_cat_to_onehot=None, max_delta_step=None, max_depth=5,\n             max_leaves=None, min_child_weight=None, missing=nan,\n             monotone_constraints=None, multi_strategy=None, n_estimators=60,\n             n_jobs=1, num_parallel_tree=None, ...)', 'method': 'enbpi', 'n_jobs': 1, 'random_state': 42, 'verbose': 0}",d2a280b8a39502b314b2745f32b37cc4cc7b6474da7b7367335c0e631f2525d2,started,,,,pleia
05c3e04c3ce2427e968c029a0a8b9694,owner_fit_h1_enbpi,False,xgboost_estimator_fit,xgboost.sklearn,fit,XGBRegressor,22236,2026-09-14T14:02:47.163986+00:00,14880,"{'objective': 'reg:squarederror', 'base_score': None, 'booster': None, 'callbacks': None, 'colsample_bylevel': None, 'colsample_bynode': None, 'colsample_bytree': 0.8, 'device': None, 'early_stopping_rounds': None, 'enable_categorical': False, 'eval_metric': None, 'feature_types': None, 'feature_weights': None, 'gamma': None, 'grow_policy': None, 'importance_type': None, 'interaction_constraints': None, 'learning_rate': 0.05, 'max_bin': None, 'max_cat_threshold': None, 'max_cat_to_onehot': None, 'max_delta_step': None, 'max_depth': 5, 'max_leaves': None, 'min_child_weight': None, 'missing': nan, 'monotone_constraints': None, 'multi_strategy': None, 'n_estimators': 60, 'n_jobs': 1, 'num_parallel_tree': None, 'random_state': 42, 'reg_alpha': None, 'reg_lambda': None, 'sampling_method': None, 'scale_pos_weight': None, 'subsample': 0.8, 'tree_method': 'hist', 'validate_parameters': None, 'verbosity': None}",89ea9523318f3663c27a1a770e8087b0a9577b0207e0a46d8805f54f5982e8d1,started,,,,pleia
05c3e04c3ce2427e968c029a0a8b9694,owner_fit_h1_enbpi,False,xgboost_estimator_fit,xgboost.sklearn,fit,XGBRegressor,22236,2026-09-14T14:02:47.163986+00:00,14880,"{'objective': 'reg:squarederror', 'base_score': None, 'booster': None, 'callbacks': None, 'colsample_bylevel': None, 'colsample_bynode': None, 'colsample_bytree': 0.8, 'device': None, 'early_stopping_rounds': None, 'enable_categorical': False, 'eval_metric': None, 'feature_types': None, 'feature_weights': None, 'gamma': None, 'grow_policy': None, 'importance_type': None, 'interaction_constraints': None, 'learning_rate': 0.05, 'max_bin': None, 'max_cat_threshold': None, 'max_cat_to_onehot': None, 'max_delta_step': None, 'max_depth': 5, 'max_leaves': None, 'min_child_weight': None, 'missing': nan, 'monotone_constraints': None, 'multi_strategy': None, 'n_estimators': 60, 'n_jobs': 1, 'num_parallel_tree': None, 'random_state': 42, 'reg_alpha': None, 'reg_lambda': None, 'sampling_method': None, 'scale_pos_weight': None, 'subsample': 0.8, 'tree_method': 'hist', 'validate_parameters': None, 'verbosity': None}",89ea9523318f3663c27a1a770e8087b0a9577b0207e0a46d8805f54f5982e8d1,returned,0.225778899999568,0.234375,False,pleia
ab5ff53ce0904b819a11a8e4906c2190,owner_fit_h1_enbpi,False,xgboost_estimator_fit,xgboost.sklearn,fit,XGBRegressor,22236,2026-09-14T14:02:47.399368+00:00,14880,"{'objective': 'reg:squarederror', 'base_score': None, 'booster': None, 'callbacks': None, 'colsample_bylevel': None, 'colsample_bynode': None, 'colsample_bytree': 0.8, 'device': None, 'early_stopping_rounds': None, 'enable_categorical': False, 'eval_metric': None, 'feature_types': None, 'feature_weights': None, 'gamma': None, 'grow_policy': None, 'importance_type': None, 'interaction_constraints': None, 'learning_rate': 0.05, 'max_bin': None, 'max_cat_threshold': None, 'max_cat_to_onehot': None, 'max_delta_step': None, 'max_depth': 5, 'max_leaves': None, 'min_child_weight': None, 'missing': nan, 'monotone_constraints': None, 'multi_strategy': None, 'n_estimators': 60, 'n_jobs': 1, 'num_parallel_tree': None, 'random_state': 42, 'reg_alpha': None, 'reg_lambda': None, 'sampling_method': None, 'scale_pos_weight': None, 'subsample': 0.8, 'tree_method': 'hist', 'validate_parameters': None, 'verbosity': None}",9f1badf68842f7be3cfe483d715650cde8f6355b68d5de8a9955ff19bd80e0c5,started,,,,pleia
ab5ff53ce0904b819a11a8e4906c2190,owner_fit_h1_enbpi,False,xgboost_estimator_fit,xgboost.sklearn,fit,XGBRegressor,22236,2026-09-14T14:02:47.399368+00:00,14880,"{'objective': 'reg:squarederror', 'base_score': None, 'booster': None, 'callbacks': None, 'colsample_bylevel': None, 'colsample_bynode': None, 'colsample_bytree': 0.8, 'device': None, 'early_stopping_rounds': None, 'enable_categorical': False, 'eval_metric': None, 'feature_types': None, 'feature_weights': None, 'gamma': None, 'grow_policy': None, 'importance_type': None, 'interaction_constraints': None, 'learning_rate': 0.05, 'max_bin': None, 'max_cat_threshold': None, 'max_cat_to_onehot': None, 'max_delta_step': None, 'max_depth': 5, 'max_leaves': None, 'min_child_weight': None, 'missing': nan, 'monotone_constraints': None, 'multi_strategy': None, 'n_estimators': 60, 'n_jobs': 1, 'num_parallel_tree': None, 'random_state': 42, 'reg_alpha': None, 'reg_lambda': None, 'sampling_method': None, 'scale_pos_weight': None, 'subsample': 0.8, 'tree_method': 'hist', 'validate_parameters': None, 'verbosity': None}",9f1badf68842f7be3cfe483d715650cde8f6355b68d5de8a9955ff19bd80e0c5,returned,0.226702500003739,0.21875,False,pleia
0e748620aaac424fa5785280ee1e4e70,owner_fit_h1_enbpi,False,xgboost_estimator_fit,xgboost.sklearn,fit,XGBRegressor,22236,2026-09-14T14:02:47.635185+00:00,14880,"{'objective': 'reg:squarederror', 'base_score': None, 'booster': None, 'callbacks': None, 'colsample_bylevel': None, 'colsample_bynode': None, 'colsample_bytree': 0.8, 'device': None, 'early_stopping_rounds': None, 'enable_categorical': False, 'eval_metric': None, 'feature_types': None, 'feature_weights': None, 'gamma': None, 'grow_policy': None, 'importance_type': None, 'interaction_constraints': None, 'learning_rate': 0.05, 'max_bin': None, 'max_cat_threshold': None, 'max_cat_to_onehot': None, 'max_delta_step': None, 'max_depth': 5, 'max_leaves': None, 'min_child_weight': None, 'missing': nan, 'monotone_constraints': None, 'multi_strategy': None, 'n_estimators': 60, 'n_jobs': 1, 'num_parallel_tree': None, 'random_state': 42, 'reg_alpha': None, 'reg_lambda': None, 'sampling_method': None, 'scale_pos_weight': None, 'subsample': 0.8, 'tree_method': 'hist', 'validate_parameters': None, 'verbosity': None}",bccf9d6af602a851f4c37e07fcfb2aba89424a1b7f4f93d0e44d6b220f08bf29,started,,,,pleia
0e748620aaac424fa5785280ee1e4e70,owner_fit_h1_enbpi,False,xgboost_estimator_fit,xgboost.sklearn,fit,XGBRegressor,22236,2026-09-14T14:02:47.635185+00:00,14880,"{'objective': 'reg:squarederror', 'base_score': None, 'booster': None, 'callbacks': None, 'colsample_bylevel': None, 'colsample_bynode': None, 'colsample_bytree': 0.8, 'device': None, 'early_stopping_rounds': None, 'enable_categorical': False, 'eval_metric': None, 'feature_types': None, 'feature_weights': None, 'gamma': None, 'grow_policy': None, 'importance_type': None, 'interaction_constraints': None, 'learning_rate': 0.05, 'max_bin': None, 'max_cat_threshold': None, 'max_cat_to_onehot': None, 'max_delta_step': None, 'max_depth': 5, 'max_leaves': None, 'min_child_weight': None, 'missing': nan, 'monotone_constraints': None, 'multi_strategy': None, 'n_estimators': 60, 'n_jobs': 1, 'num_parallel_tree': None, 'random_state': 42, 'reg_alpha': None, 'reg_lambda': None, 'sampling_method': None, 'scale_pos_weight': None, 'subsample': 0.8, 'tree_method': 'hist', 'validate_parameters': None, 'verbosity': None}",bccf9d6af602a851f4c37e07fcfb2aba89424a1b7f4f93d0e44d6b220f08bf29,returned,0.250870799995027,0.234375,False,pleia
7ae34379ae6842dcad8564c5783c88fa,owner_fit_h1_enbpi,False,xgboost_estimator_fit,xgboost.sklearn,fit,XGBRegressor,22236,2026-09-14T14:02:47.898422+00:00,14880,"{'objective': 'reg:squarederror', 'base_score': None, 'booster': None, 'callbacks': None, 'colsample_bylevel': None, 'colsample_bynode': None, 'colsample_bytree': 0.8, 'device': None, 'early_stopping_rounds': None, 'enable_categorical': False, 'eval_metric': None, 'feature_types': None, 'feature_weights': None, 'gamma': None, 'grow_policy': None, 'importance_type': None, 'interaction_constraints': None, 'learning_rate': 0.05, 'max_bin': None, 'max_cat_threshold': None, 'max_cat_to_onehot': None, 'max_delta_step': None, 'max_depth': 5, 'max_leaves': None, 'min_child_weight': None, 'missing': nan, 'monotone_constraints': None, 'multi_strategy': None, 'n_estimators': 60, 'n_jobs': 1, 'num_parallel_tree': None, 'random_state': 42, 'reg_alpha': None, 'reg_lambda': None, 'sampling_method': None, 'scale_pos_weight': None, 'subsample': 0.8, 'tree_method': 'hist', 'validate_parameters': None, 'verbosity': None}",d94e2654eaa77724c2b212d484247025ca2a1d2ae85270b46cd78bec111a0493,started,,,,pleia
7ae34379ae6842dcad8564c5783c88fa,owner_fit_h1_enbpi,False,xgboost_estimator_fit,xgboost.sklearn,fit,XGBRegressor,22236,2026-09-14T14:02:47.898422+00:00,14880,"{'objective': 'reg:squarederror', 'base_score': None, 'booster': None, 'callbacks': None, 'colsample_bylevel': None, 'colsample_bynode': None, 'colsample_bytree': 0.8, 'device': None, 'early_stopping_rounds': None, 'enable_categorical': False, 'eval_metric': None, 'feature_types': None, 'feature_weights': None, 'gamma': None, 'grow_policy': None, 'importance_type': None, 'interaction_constraints': None, 'learning_rate': 0.05, 'max_bin': None, 'max_cat_threshold': None, 'max_cat_to_onehot': None, 'max_delta_step': None, 'max_depth': 5, 'max_leaves': None, 'min_child_weight': None, 'missing': nan, 'monotone_constraints': None, 'multi_strategy': None, 'n_estimators': 60, 'n_jobs': 1, 'num_parallel_tree': None, 'random_state': 42, 'reg_alpha': None, 'reg_lambda': None, 'sampling_method': None, 'scale_pos_weight': None, 'subsample': 0.8, 'tree_method': 'hist', 'validate_parameters': None, 'verbosity': None}",d94e2654eaa77724c2b212d484247025ca2a1d2ae85270b46cd78bec111a0493,returned,0.273250099999132,0.28125,False,pleia
cf09ef5508a1416bb58fc76034e6c631,owner_fit_h1_enbpi,False,xgboost_estimator_fit,xgboost.sklearn,fit,XGBRegressor,22236,2026-09-14T14:02:48.181976+00:00,14880,"{'objective': 'reg:squarederror', 'base_score': None, 'booster': None, 'callbacks': None, 'colsample_bylevel': None, 'colsample_bynode': None, 'colsample_bytree': 0.8, 'device': None, 'early_stopping_rounds': None, 'enable_categorical': False, 'eval_metric': None, 'feature_types': None, 'feature_weights': None, 'gamma': None, 'grow_policy': None, 'importance_type': None, 'interaction_constraints': None, 'learning_rate': 0.05, 'max_bin': None, 'max_cat_threshold': None, 'max_cat_to_onehot': None, 'max_delta_step': None, 'max_depth': 5, 'max_leaves': None, 'min_child_weight': None, 'missing': nan, 'monotone_constraints': None, 'multi_strategy': None, 'n_estimators': 60, 'n_jobs': 1, 'num_parallel_tree': None, 'random_state': 42, 'reg_alpha': None, 'reg_lambda': None, 'sampling_method': None, 'scale_pos_weight': None, 'subsample': 0.8, 'tree_method': 'hist', 'validate_parameters': None, 'verbosity': None}",3c93517cf57500c5ebe1c00f7bb1e56fd3469599b5fb9a957942dacd26a3337a,started,,,,pleia
cf09ef5508a1416bb58fc76034e6c631,owner_fit_h1_enbpi,False,xgboost_estimator_fit,xgboost.sklearn,fit,XGBRegressor,22236,2026-09-14T14:02:48.181976+00:00,14880,"{'objective': 'reg:squarederror', 'base_score': None, 'booster': None, 'callbacks': None, 'colsample_bylevel': None, 'colsample_bynode': None, 'colsample_bytree': 0.8, 'device': None, 'early_stopping_rounds': None, 'enable_categorical': False, 'eval_metric': None, 'feature_types': None, 'feature_weights': None, 'gamma': None, 'grow_policy': None, 'importance_type': None, 'interaction_constraints': None, 'learning_rate': 0.05, 'max_bin': None, 'max_cat_threshold': None, 'max_cat_to_onehot': None, 'max_delta_step': None, 'max_depth': 5, 'max_leaves': None, 'min_child_weight': None, 'missing': nan, 'monotone_constraints': None, 'multi_strategy': None, 'n_estimators': 60, 'n_jobs': 1, 'num_parallel_tree': None, 'random_state': 42, 'reg_alpha': None, 'reg_lambda': None, 'sampling_method': None, 'scale_pos_weight': None, 'subsample': 0.8, 'tree_method': 'hist', 'validate_parameters': None, 'verbosity': None}",3c93517cf57500c5ebe1c00f7bb1e56fd3469599b5fb9a957942dacd26a3337a,returned,0.233780599999591,0.234375,False,pleia
6fa0a1e3b4b247ae81306fb81cbef26e,owner_fit_h1_enbpi,False,calibrator_conformalize,mapie.regression.regression,conformalize,TimeSeriesRegressor,22236,2026-09-14T14:02:47.151466+00:00,14858,"{'agg_function': 'mean', 'conformity_score': None, 'cv': 'BlockBootstrap(length=24, n_blocks=None, n_resamplings=5, overlapping=True,\n        random_state=42)', 'estimator': 'XGBRegressor(base_score=None, booster=None, callbacks=None,\n             colsample_bylevel=None, colsample_bynode=None,\n             colsample_bytree=0.8, device=None, early_stopping_rounds=None,\n             enable_categorical=False, eval_metric=None, feature_types=None,\n             feature_weights=None, gamma=None, grow_policy=None,\n             importance_type=None, interaction_constraints=None,\n             learning_rate=0.05, max_bin=None, max_cat_threshold=None,\n             max_cat_to_onehot=None, max_delta_step=None, max_depth=5,\n             max_leaves=None, min_child_weight=None, missing=nan,\n             monotone_constraints=None, multi_strategy=None, n_estimators=60,\n             n_jobs=1, num_parallel_tree=None, ...)', 'method': 'enbpi', 'n_jobs': 1, 'random_state': 42, 'verbose': 0}",d2a280b8a39502b314b2745f32b37cc4cc7b6474da7b7367335c0e631f2525d2,returned,1.32265929999994,1.296875,False,pleia
02c9a41a6da84bd79948ba118d1a809f,owner_fit_h1_enbpi,False,enbpi_wrapper_fit,mapie.regression.regression,fit,TimeSeriesRegressor,22236,2026-09-14T14:02:46.875134+00:00,14858,"{'agg_function': 'mean', 'conformity_score': None, 'cv': 'BlockBootstrap(length=24, n_blocks=None, n_resamplings=5, overlapping=True,\n        random_state=42)', 'estimator': 'XGBRegressor(base_score=None, booster=None, callbacks=None,\n             colsample_bylevel=None, colsample_bynode=None,\n             colsample_bytree=0.8, device=None, early_stopping_rounds=None,\n             enable_categorical=False, eval_metric=None, feature_types=None,\n             feature_weights=None, gamma=None, grow_policy=None,\n             importance_type=None, interaction_constraints=None,\n             learning_rate=0.05, max_bin=None, max_cat_threshold=None,\n             max_cat_to_onehot=None, max_delta_step=None, max_depth=5,\n             max_leaves=None, min_child_weight=None, missing=nan,\n             monotone_constraints=None, multi_strategy=None, n_estimators=60,\n             n_jobs=1, num_parallel_tree=None, ...)', 'method': 'enbpi', 'n_jobs': 1, 'random_state': 42, 'verbose': 0}",d2a280b8a39502b314b2745f32b37cc4cc7b6474da7b7367335c0e631f2525d2,returned,1.60110720001103,1.546875,False,pleia
e10d8253af0e46a4a53b633519d7b64b,owner_cal_h1_enbpi,False,calibrator_conformalize,mapie.regression.regression,conformalize,TimeSeriesRegressor,22236,2026-09-14T14:02:48.574341+00:00,4953,"{'agg_function': 'mean', 'conformity_score': None, 'cv': 'BlockBootstrap(length=24, n_blocks=None, n_resamplings=5, overlapping=True,\n        random_state=42)', 'estimator': 'XGBRegressor(base_score=None, booster=None, callbacks=None,\n             colsample_bylevel=None, colsample_bynode=None,\n             colsample_bytree=0.8, device=None, early_stopping_rounds=None,\n             enable_categorical=False, eval_metric=None, feature_types=None,\n             feature_weights=None, gamma=None, grow_policy=None,\n             importance_type=None, interaction_constraints=None,\n             learning_rate=0.05, max_bin=None, max_cat_threshold=None,\n             max_cat_to_onehot=None, max_delta_step=None, max_depth=5,\n             max_leaves=None, min_child_weight=None, missing=nan,\n             monotone_constraints=None, multi_strategy=None, n_estimators=60,\n             n_jobs=1, num_parallel_tree=None, ...)', 'method': 'enbpi', 'n_jobs': 1, 'random_state': 42, 'verbose': 0}",3d5c53a84203d060fa4a439936a97990673b9c0e0f5824db832cf324aea6b5f8,started,,,,pleia
653d13caf3b949dcbac4b48ff54f553a,owner_cal_h1_enbpi,False,xgboost_estimator_fit,xgboost.sklearn,fit,XGBRegressor,22236,2026-09-14T14:02:48.582843+00:00,4968,"{'objective': 'reg:squarederror', 'base_score': None, 'booster': None, 'callbacks': None, 'colsample_bylevel': None, 'colsample_bynode': None, 'colsample_bytree': 0.8, 'device': None, 'early_stopping_rounds': None, 'enable_categorical': False, 'eval_metric': None, 'feature_types': None, 'feature_weights': None, 'gamma': None, 'grow_policy': None, 'importance_type': None, 'interaction_constraints': None, 'learning_rate': 0.05, 'max_bin': None, 'max_cat_threshold': None, 'max_cat_to_onehot': None, 'max_delta_step': None, 'max_depth': 5, 'max_leaves': None, 'min_child_weight': None, 'missing': nan, 'monotone_constraints': None, 'multi_strategy': None, 'n_estimators': 60, 'n_jobs': 1, 'num_parallel_tree': None, 'random_state': 42, 'reg_alpha': None, 'reg_lambda': None, 'sampling_method': None, 'scale_pos_weight': None, 'subsample': 0.8, 'tree_method': 'hist', 'validate_parameters': None, 'verbosity': None}",ab5bf2939df64fcf2ca058b591401260742d2401a6908262d79df61efb921a51,started,,,,pleia
653d13caf3b949dcbac4b48ff54f553a,owner_cal_h1_enbpi,False,xgboost_estimator_fit,xgboost.sklearn,fit,XGBRegressor,22236,2026-09-14T14:02:48.582843+00:00,4968,"{'objective': 'reg:squarederror', 'base_score': None, 'booster': None, 'callbacks': None, 'colsample_bylevel': None, 'colsample_bynode': None, 'colsample_bytree': 0.8, 'device': None, 'early_stopping_rounds': None, 'enable_categorical': False, 'eval_metric': None, 'feature_types': None, 'feature_weights': None, 'gamma': None, 'grow_policy': None, 'importance_type': None, 'interaction_constraints': None, 'learning_rate': 0.05, 'max_bin': None, 'max_cat_threshold': None, 'max_cat_to_onehot': None, 'max_delta_step': None, 'max_depth': 5, 'max_leaves': None, 'min_child_weight': None, 'missing': nan, 'monotone_constraints': None, 'multi_strategy': None, 'n_estimators': 60, 'n_jobs': 1, 'num_parallel_tree': None, 'random_state': 42, 'reg_alpha': None, 'reg_lambda': None, 'sampling_method': None, 'scale_pos_weight': None, 'subsample': 0.8, 'tree_method': 'hist', 'validate_parameters': None, 'verbosity': None}",ab5bf2939df64fcf2ca058b591401260742d2401a6908262d79df61efb921a51,returned,0.131069299997762,0.125,False,pleia
3ed7ceae86d54321b37b1a5cbd5be52c,owner_cal_h1_enbpi,False,xgboost_estimator_fit,xgboost.sklearn,fit,XGBRegressor,22236,2026-09-14T14:02:48.721943+00:00,4968,"{'objective': 'reg:squarederror', 'base_score': None, 'booster': None, 'callbacks': None, 'colsample_bylevel': None, 'colsample_bynode': None, 'colsample_bytree': 0.8, 'device': None, 'early_stopping_rounds': None, 'enable_categorical': False, 'eval_metric': None, 'feature_types': None, 'feature_weights': None, 'gamma': None, 'grow_policy': None, 'importance_type': None, 'interaction_constraints': None, 'learning_rate': 0.05, 'max_bin': None, 'max_cat_threshold': None, 'max_cat_to_onehot': None, 'max_delta_step': None, 'max_depth': 5, 'max_leaves': None, 'min_child_weight': None, 'missing': nan, 'monotone_constraints': None, 'multi_strategy': None, 'n_estimators': 60, 'n_jobs': 1, 'num_parallel_tree': None, 'random_state': 42, 'reg_alpha': None, 'reg_lambda': None, 'sampling_method': None, 'scale_pos_weight': None, 'subsample': 0.8, 'tree_method': 'hist', 'validate_parameters': None, 'verbosity': None}",ecdd9d4184871e3ffcc617c2068fa172ec442fec5365843bca82bd09fbb1a151,started,,,,pleia
3ed7ceae86d54321b37b1a5cbd5be52c,owner_cal_h1_enbpi,False,xgboost_estimator_fit,xgboost.sklearn,fit,XGBRegressor,22236,2026-09-14T14:02:48.721943+00:00,4968,"{'objective': 'reg:squarederror', 'base_score': None, 'booster': None, 'callbacks': None, 'colsample_bylevel': None, 'colsample_bynode': None, 'colsample_bytree': 0.8, 'device': None, 'early_stopping_rounds': None, 'enable_categorical': False, 'eval_metric': None, 'feature_types': None, 'feature_weights': None, 'gamma': None, 'grow_policy': None, 'importance_type': None, 'interaction_constraints': None, 'learning_rate': 0.05, 'max_bin': None, 'max_cat_threshold': None, 'max_cat_to_onehot': None, 'max_delta_step': None, 'max_depth': 5, 'max_leaves': None, 'min_child_weight': None, 'missing': nan, 'monotone_constraints': None, 'multi_strategy': None, 'n_estimators': 60, 'n_jobs': 1, 'num_parallel_tree': None, 'random_state': 42, 'reg_alpha': None, 'reg_lambda': None, 'sampling_method': None, 'scale_pos_weight': None, 'subsample': 0.8, 'tree_method': 'hist', 'validate_parameters': None, 'verbosity': None}",ecdd9d4184871e3ffcc617c2068fa172ec442fec5365843bca82bd09fbb1a151,returned,0.163115499992273,0.15625,False,pleia
f979b45aacce4c0089b0ae6acd23688f,owner_cal_h1_enbpi,False,xgboost_estimator_fit,xgboost.sklearn,fit,XGBRegressor,22236,2026-09-14T14:02:48.892241+00:00,4968,"{'objective': 'reg:squarederror', 'base_score': None, 'booster': None, 'callbacks': None, 'colsample_bylevel': None, 'colsample_bynode': None, 'colsample_bytree': 0.8, 'device': None, 'early_stopping_rounds': None, 'enable_categorical': False, 'eval_metric': None, 'feature_types': None, 'feature_weights': None, 'gamma': None, 'grow_policy': None, 'importance_type': None, 'interaction_constraints': None, 'learning_rate': 0.05, 'max_bin': None, 'max_cat_threshold': None, 'max_cat_to_onehot': None, 'max_delta_step': None, 'max_depth': 5, 'max_leaves': None, 'min_child_weight': None, 'missing': nan, 'monotone_constraints': None, 'multi_strategy': None, 'n_estimators': 60, 'n_jobs': 1, 'num_parallel_tree': None, 'random_state': 42, 'reg_alpha': None, 'reg_lambda': None, 'sampling_method': None, 'scale_pos_weight': None, 'subsample': 0.8, 'tree_method': 'hist', 'validate_parameters': None, 'verbosity': None}",563ad7ca2139ec989cb3677c77922ac4337d919c968d813d14add43c500b56bc,started,,,,pleia
f979b45aacce4c0089b0ae6acd23688f,owner_cal_h1_enbpi,False,xgboost_estimator_fit,xgboost.sklearn,fit,XGBRegressor,22236,2026-09-14T14:02:48.892241+00:00,4968,"{'objective': 'reg:squarederror', 'base_score': None, 'booster': None, 'callbacks': None, 'colsample_bylevel': None, 'colsample_bynode': None, 'colsample_bytree': 0.8, 'device': None, 'early_stopping_rounds': None, 'enable_categorical': False, 'eval_metric': None, 'feature_types': None, 'feature_weights': None, 'gamma': None, 'grow_policy': None, 'importance_type': None, 'interaction_constraints': None, 'learning_rate': 0.05, 'max_bin': None, 'max_cat_threshold': None, 'max_cat_to_onehot': None, 'max_delta_step': None, 'max_depth': 5, 'max_leaves': None, 'min_child_weight': None, 'missing': nan, 'monotone_constraints': None, 'multi_strategy': None, 'n_estimators': 60, 'n_jobs': 1, 'num_parallel_tree': None, 'random_state': 42, 'reg_alpha': None, 'reg_lambda': None, 'sampling_method': None, 'scale_pos_weight': None, 'subsample': 0.8, 'tree_method': 'hist', 'validate_parameters': None, 'verbosity': None}",563ad7ca2139ec989cb3677c77922ac4337d919c968d813d14add43c500b56bc,returned,0.130909699990298,0.125,False,pleia
01f11adba9b94585b5c27bbd0bce53cf,owner_cal_h1_enbpi,False,xgboost_estimator_fit,xgboost.sklearn,fit,XGBRegressor,22236,2026-09-14T14:02:49.031880+00:00,4968,"{'objective': 'reg:squarederror', 'base_score': None, 'booster': None, 'callbacks': None, 'colsample_bylevel': None, 'colsample_bynode': None, 'colsample_bytree': 0.8, 'device': None, 'early_stopping_rounds': None, 'enable_categorical': False, 'eval_metric': None, 'feature_types': None, 'feature_weights': None, 'gamma': None, 'grow_policy': None, 'importance_type': None, 'interaction_constraints': None, 'learning_rate': 0.05, 'max_bin': None, 'max_cat_threshold': None, 'max_cat_to_onehot': None, 'max_delta_step': None, 'max_depth': 5, 'max_leaves': None, 'min_child_weight': None, 'missing': nan, 'monotone_constraints': None, 'multi_strategy': None, 'n_estimators': 60, 'n_jobs': 1, 'num_parallel_tree': None, 'random_state': 42, 'reg_alpha': None, 'reg_lambda': None, 'sampling_method': None, 'scale_pos_weight': None, 'subsample': 0.8, 'tree_method': 'hist', 'validate_parameters': None, 'verbosity': None}",622ccb1372822e1fa5a8ce28175d8bf489cd316bf9832e9e6dc2bff68853e5b4,started,,,,pleia
01f11adba9b94585b5c27bbd0bce53cf,owner_cal_h1_enbpi,False,xgboost_estimator_fit,xgboost.sklearn,fit,XGBRegressor,22236,2026-09-14T14:02:49.031880+00:00,4968,"{'objective': 'reg:squarederror', 'base_score': None, 'booster': None, 'callbacks': None, 'colsample_bylevel': None, 'colsample_bynode': None, 'colsample_bytree': 0.8, 'device': None, 'early_stopping_rounds': None, 'enable_categorical': False, 'eval_metric': None, 'feature_types': None, 'feature_weights': None, 'gamma': None, 'grow_policy': None, 'importance_type': None, 'interaction_constraints': None, 'learning_rate': 0.05, 'max_bin': None, 'max_cat_threshold': None, 'max_cat_to_onehot': None, 'max_delta_step': None, 'max_depth': 5, 'max_leaves': None, 'min_child_weight': None, 'missing': nan, 'monotone_constraints': None, 'multi_strategy': None, 'n_estimators': 60, 'n_jobs': 1, 'num_parallel_tree': None, 'random_state': 42, 'reg_alpha': None, 'reg_lambda': None, 'sampling_method': None, 'scale_pos_weight': None, 'subsample': 0.8, 'tree_method': 'hist', 'validate_parameters': None, 'verbosity': None}",622ccb1372822e1fa5a8ce28175d8bf489cd316bf9832e9e6dc2bff68853e5b4,returned,0.120113900004071,0.109375,False,pleia
3c56a61f297e4614a20ff453849f0a77,owner_cal_h1_enbpi,False,xgboost_estimator_fit,xgboost.sklearn,fit,XGBRegressor,22236,2026-09-14T14:02:49.159572+00:00,4968,"{'objective': 'reg:squarederror', 'base_score': None, 'booster': None, 'callbacks': None, 'colsample_bylevel': None, 'colsample_bynode': None, 'colsample_bytree': 0.8, 'device': None, 'early_stopping_rounds': None, 'enable_categorical': False, 'eval_metric': None, 'feature_types': None, 'feature_weights': None, 'gamma': None, 'grow_policy': None, 'importance_type': None, 'interaction_constraints': None, 'learning_rate': 0.05, 'max_bin': None, 'max_cat_threshold': None, 'max_cat_to_onehot': None, 'max_delta_step': None, 'max_depth': 5, 'max_leaves': None, 'min_child_weight': None, 'missing': nan, 'monotone_constraints': None, 'multi_strategy': None, 'n_estimators': 60, 'n_jobs': 1, 'num_parallel_tree': None, 'random_state': 42, 'reg_alpha': None, 'reg_lambda': None, 'sampling_method': None, 'scale_pos_weight': None, 'subsample': 0.8, 'tree_method': 'hist', 'validate_parameters': None, 'verbosity': None}",516cfeb6ba81f047eef5ac284d2644cba46272cb7bee98d0524c2431dbf1480c,started,,,,pleia
3c56a61f297e4614a20ff453849f0a77,owner_cal_h1_enbpi,False,xgboost_estimator_fit,xgboost.sklearn,fit,XGBRegressor,22236,2026-09-14T14:02:49.159572+00:00,4968,"{'objective': 'reg:squarederror', 'base_score': None, 'booster': None, 'callbacks': None, 'colsample_bylevel': None, 'colsample_bynode': None, 'colsample_bytree': 0.8, 'device': None, 'early_stopping_rounds': None, 'enable_categorical': False, 'eval_metric': None, 'feature_types': None, 'feature_weights': None, 'gamma': None, 'grow_policy': None, 'importance_type': None, 'interaction_constraints': None, 'learning_rate': 0.05, 'max_bin': None, 'max_cat_threshold': None, 'max_cat_to_onehot': None, 'max_delta_step': None, 'max_depth': 5, 'max_leaves': None, 'min_child_weight': None, 'missing': nan, 'monotone_constraints': None, 'multi_strategy': None, 'n_estimators': 60, 'n_jobs': 1, 'num_parallel_tree': None, 'random_state': 42, 'reg_alpha': None, 'reg_lambda': None, 'sampling_method': None, 'scale_pos_weight': None, 'subsample': 0.8, 'tree_method': 'hist', 'validate_parameters': None, 'verbosity': None}",516cfeb6ba81f047eef5ac284d2644cba46272cb7bee98d0524c2431dbf1480c,returned,0.127992699999595,0.125,False,pleia
e10d8253af0e46a4a53b633519d7b64b,owner_cal_h1_enbpi,False,calibrator_conformalize,mapie.regression.regression,conformalize,TimeSeriesRegressor,22236,2026-09-14T14:02:48.574341+00:00,4953,"{'agg_function': 'mean', 'conformity_score': None, 'cv': 'BlockBootstrap(length=24, n_blocks=None, n_resamplings=5, overlapping=True,\n        random_state=42)', 'estimator': 'XGBRegressor(base_score=None, booster=None, callbacks=None,\n             colsample_bylevel=None, colsample_bynode=None,\n             colsample_bytree=0.8, device=None, early_stopping_rounds=None,\n             enable_categorical=False, eval_metric=None, feature_types=None,\n             feature_weights=None, gamma=None, grow_policy=None,\n             importance_type=None, interaction_constraints=None,\n             learning_rate=0.05, max_bin=None, max_cat_threshold=None,\n             max_cat_to_onehot=None, max_delta_step=None, max_depth=5,\n             max_leaves=None, min_child_weight=None, missing=nan,\n             monotone_constraints=None, multi_strategy=None, n_estimators=60,\n             n_jobs=1, num_parallel_tree=None, ...)', 'method': 'enbpi', 'n_jobs': 1, 'random_state': 42, 'verbose': 0}",3d5c53a84203d060fa4a439936a97990673b9c0e0f5824db832cf324aea6b5f8,returned,0.739578000007896,0.734375,False,pleia
a2f9d8baaede41ada650b0fb44410da4,owner_fit_h3_cqr_l90,False,cqr_wrapper_fit,mapie.regression.quantile_regression,fit,ConformalizedQuantileRegressor,22236,2026-09-14T14:03:27.216381+00:00,14855,{},878191b44ad80bb634d299ba564b7d7e5818bcffb79efb9e6fd101f7b4c9cd7c,started,,,,pleia
b69cdbad24ba49c8bdfc752cf257f8dd,owner_fit_h3_cqr_l90,False,quantile_estimator_fit,sklearn.ensemble._hist_gradient_boosting.gradient_boosting,fit,HistGradientBoostingRegressor,22236,2026-09-14T14:03:27.221912+00:00,14855,"{'categorical_features': 'warn', 'early_stopping': 'auto', 'interaction_cst': None, 'l2_regularization': 0.0, 'learning_rate': 0.05, 'loss': 'quantile', 'max_bins': 255, 'max_depth': None, 'max_features': 1.0, 'max_iter': 300, 'max_leaf_nodes': 31, 'min_samples_leaf': 50, 'monotonic_cst': None, 'n_iter_no_change': 10, 'quantile': 0.05, 'random_state': 42, 'scoring': 'loss', 'tol': 1e-07, 'validation_fraction': 0.1, 'verbose': 0, 'warm_start': False}",878191b44ad80bb634d299ba564b7d7e5818bcffb79efb9e6fd101f7b4c9cd7c,started,,,,pleia
b69cdbad24ba49c8bdfc752cf257f8dd,owner_fit_h3_cqr_l90,False,quantile_estimator_fit,sklearn.ensemble._hist_gradient_boosting.gradient_boosting,fit,HistGradientBoostingRegressor,22236,2026-09-14T14:03:27.221912+00:00,14855,"{'categorical_features': 'warn', 'early_stopping': 'auto', 'interaction_cst': None, 'l2_regularization': 0.0, 'learning_rate': 0.05, 'loss': 'quantile', 'max_bins': 255, 'max_depth': None, 'max_features': 1.0, 'max_iter': 300, 'max_leaf_nodes': 31, 'min_samples_leaf': 50, 'monotonic_cst': None, 'n_iter_no_change': 10, 'quantile': 0.05, 'random_state': 42, 'scoring': 'loss', 'tol': 1e-07, 'validation_fraction': 0.1, 'verbose': 0, 'warm_start': False}",878191b44ad80bb634d299ba564b7d7e5818bcffb79efb9e6fd101f7b4c9cd7c,returned,3.33932620000269,3.296875,False,pleia
e202ae25a54f40419012d6c639a579f1,owner_fit_h3_cqr_l90,False,quantile_estimator_fit,sklearn.ensemble._hist_gradient_boosting.gradient_boosting,fit,HistGradientBoostingRegressor,22236,2026-09-14T14:03:30.566871+00:00,14855,"{'categorical_features': 'warn', 'early_stopping': 'auto', 'interaction_cst': None, 'l2_regularization': 0.0, 'learning_rate': 0.05, 'loss': 'quantile', 'max_bins': 255, 'max_depth': None, 'max_features': 1.0, 'max_iter': 300, 'max_leaf_nodes': 31, 'min_samples_leaf': 50, 'monotonic_cst': None, 'n_iter_no_change': 10, 'quantile': 0.95, 'random_state': 42, 'scoring': 'loss', 'tol': 1e-07, 'validation_fraction': 0.1, 'verbose': 0, 'warm_start': False}",878191b44ad80bb634d299ba564b7d7e5818bcffb79efb9e6fd101f7b4c9cd7c,started,,,,pleia
e202ae25a54f40419012d6c639a579f1,owner_fit_h3_cqr_l90,False,quantile_estimator_fit,sklearn.ensemble._hist_gradient_boosting.gradient_boosting,fit,HistGradientBoostingRegressor,22236,2026-09-14T14:03:30.566871+00:00,14855,"{'categorical_features': 'warn', 'early_stopping': 'auto', 'interaction_cst': None, 'l2_regularization': 0.0, 'learning_rate': 0.05, 'loss': 'quantile', 'max_bins': 255, 'max_depth': None, 'max_features': 1.0, 'max_iter': 300, 'max_leaf_nodes': 31, 'min_samples_leaf': 50, 'monotonic_cst': None, 'n_iter_no_change': 10, 'quantile': 0.95, 'random_state': 42, 'scoring': 'loss', 'tol': 1e-07, 'validation_fraction': 0.1, 'verbose': 0, 'warm_start': False}",878191b44ad80bb634d299ba564b7d7e5818bcffb79efb9e6fd101f7b4c9cd7c,returned,3.12394829999539,3.109375,False,pleia
e5cde3100777403da51bb6ecede94c8c,owner_fit_h3_cqr_l90,False,quantile_estimator_fit,sklearn.ensemble._hist_gradient_boosting.gradient_boosting,fit,HistGradientBoostingRegressor,22236,2026-09-14T14:03:33.695895+00:00,14855,"{'categorical_features': 'warn', 'early_stopping': 'auto', 'interaction_cst': None, 'l2_regularization': 0.0, 'learning_rate': 0.05, 'loss': 'quantile', 'max_bins': 255, 'max_depth': None, 'max_features': 1.0, 'max_iter': 300, 'max_leaf_nodes': 31, 'min_samples_leaf': 50, 'monotonic_cst': None, 'n_iter_no_change': 10, 'quantile': 0.5, 'random_state': 42, 'scoring': 'loss', 'tol': 1e-07, 'validation_fraction': 0.1, 'verbose': 0, 'warm_start': False}",878191b44ad80bb634d299ba564b7d7e5818bcffb79efb9e6fd101f7b4c9cd7c,started,,,,pleia
e5cde3100777403da51bb6ecede94c8c,owner_fit_h3_cqr_l90,False,quantile_estimator_fit,sklearn.ensemble._hist_gradient_boosting.gradient_boosting,fit,HistGradientBoostingRegressor,22236,2026-09-14T14:03:33.695895+00:00,14855,"{'categorical_features': 'warn', 'early_stopping': 'auto', 'interaction_cst': None, 'l2_regularization': 0.0, 'learning_rate': 0.05, 'loss': 'quantile', 'max_bins': 255, 'max_depth': None, 'max_features': 1.0, 'max_iter': 300, 'max_leaf_nodes': 31, 'min_samples_leaf': 50, 'monotonic_cst': None, 'n_iter_no_change': 10, 'quantile': 0.5, 'random_state': 42, 'scoring': 'loss', 'tol': 1e-07, 'validation_fraction': 0.1, 'verbose': 0, 'warm_start': False}",878191b44ad80bb634d299ba564b7d7e5818bcffb79efb9e6fd101f7b4c9cd7c,returned,3.51232180000807,3.390625,False,pleia
a2f9d8baaede41ada650b0fb44410da4,owner_fit_h3_cqr_l90,False,cqr_wrapper_fit,mapie.regression.quantile_regression,fit,ConformalizedQuantileRegressor,22236,2026-09-14T14:03:27.216381+00:00,14855,{},878191b44ad80bb634d299ba564b7d7e5818bcffb79efb9e6fd101f7b4c9cd7c,returned,9.99463909999758,9.8125,False,pleia
83a1c9563f104e298abe7e634fc8f0c0,owner_cal_h3_cqr_l90,False,calibrator_conformalize,mapie.regression.quantile_regression,conformalize,ConformalizedQuantileRegressor,22236,2026-09-14T14:03:37.330858+00:00,4952,{},e7c58ce2f7994dcac88a3c4407b6e7240f7b261c3ad61c28455e44f0fee0124a,started,,,,pleia
7cd14b984f7243c7b85a288f1017f7d9,owner_cal_h3_cqr_l90,False,calibrator_conformalize,mapie.regression.quantile_regression,conformalize,_MapieQuantileRegressor,22236,2026-09-14T14:03:37.332864+00:00,4952,"{'alpha': 0.1, 'cv': 'split', 'estimator': ""HistGradientBoostingRegressor(learning_rate=0.05, loss='quantile', max_iter=300,\n                              min_samples_leaf=50, random_state=42)"", 'method': 'quantile'}",e7c58ce2f7994dcac88a3c4407b6e7240f7b261c3ad61c28455e44f0fee0124a,started,,,,pleia
7cd14b984f7243c7b85a288f1017f7d9,owner_cal_h3_cqr_l90,False,calibrator_conformalize,mapie.regression.quantile_regression,conformalize,_MapieQuantileRegressor,22236,2026-09-14T14:03:37.332864+00:00,4952,"{'alpha': 0.1, 'cv': 'split', 'estimator': ""HistGradientBoostingRegressor(learning_rate=0.05, loss='quantile', max_iter=300,\n                              min_samples_leaf=50, random_state=42)"", 'method': 'quantile'}",e7c58ce2f7994dcac88a3c4407b6e7240f7b261c3ad61c28455e44f0fee0124a,returned,0.543225100002019,0.484375,False,pleia
83a1c9563f104e298abe7e634fc8f0c0,owner_cal_h3_cqr_l90,False,calibrator_conformalize,mapie.regression.quantile_regression,conformalize,ConformalizedQuantileRegressor,22236,2026-09-14T14:03:37.330858+00:00,4952,{},e7c58ce2f7994dcac88a3c4407b6e7240f7b261c3ad61c28455e44f0fee0124a,returned,0.547749599994859,0.484375,False,pleia
17204c1ff8754bd998782da4d5f13e94,owner_fit_h3_cqr_l95,False,cqr_wrapper_fit,mapie.regression.quantile_regression,fit,ConformalizedQuantileRegressor,22236,2026-09-14T14:03:49.615860+00:00,14855,{},878191b44ad80bb634d299ba564b7d7e5818bcffb79efb9e6fd101f7b4c9cd7c,started,,,,pleia
5a636eb8b5944b2f97f2e0b1969a5b61,owner_fit_h3_cqr_l95,False,quantile_estimator_fit,sklearn.ensemble._hist_gradient_boosting.gradient_boosting,fit,HistGradientBoostingRegressor,22236,2026-09-14T14:03:49.621368+00:00,14855,"{'categorical_features': 'warn', 'early_stopping': 'auto', 'interaction_cst': None, 'l2_regularization': 0.0, 'learning_rate': 0.05, 'loss': 'quantile', 'max_bins': 255, 'max_depth': None, 'max_features': 1.0, 'max_iter': 300, 'max_leaf_nodes': 31, 'min_samples_leaf': 50, 'monotonic_cst': None, 'n_iter_no_change': 10, 'quantile': 0.025, 'random_state': 42, 'scoring': 'loss', 'tol': 1e-07, 'validation_fraction': 0.1, 'verbose': 0, 'warm_start': False}",878191b44ad80bb634d299ba564b7d7e5818bcffb79efb9e6fd101f7b4c9cd7c,started,,,,pleia
5a636eb8b5944b2f97f2e0b1969a5b61,owner_fit_h3_cqr_l95,False,quantile_estimator_fit,sklearn.ensemble._hist_gradient_boosting.gradient_boosting,fit,HistGradientBoostingRegressor,22236,2026-09-14T14:03:49.621368+00:00,14855,"{'categorical_features': 'warn', 'early_stopping': 'auto', 'interaction_cst': None, 'l2_regularization': 0.0, 'learning_rate': 0.05, 'loss': 'quantile', 'max_bins': 255, 'max_depth': None, 'max_features': 1.0, 'max_iter': 300, 'max_leaf_nodes': 31, 'min_samples_leaf': 50, 'monotonic_cst': None, 'n_iter_no_change': 10, 'quantile': 0.025, 'random_state': 42, 'scoring': 'loss', 'tol': 1e-07, 'validation_fraction': 0.1, 'verbose': 0, 'warm_start': False}",878191b44ad80bb634d299ba564b7d7e5818bcffb79efb9e6fd101f7b4c9cd7c,returned,2.67421820000163,2.609375,False,pleia
83098d529f5d46c9b57e52dfa51c1c19,owner_fit_h3_cqr_l95,False,quantile_estimator_fit,sklearn.ensemble._hist_gradient_boosting.gradient_boosting,fit,HistGradientBoostingRegressor,22236,2026-09-14T14:03:52.301398+00:00,14855,"{'categorical_features': 'warn', 'early_stopping': 'auto', 'interaction_cst': None, 'l2_regularization': 0.0, 'learning_rate': 0.05, 'loss': 'quantile', 'max_bins': 255, 'max_depth': None, 'max_features': 1.0, 'max_iter': 300, 'max_leaf_nodes': 31, 'min_samples_leaf': 50, 'monotonic_cst': None, 'n_iter_no_change': 10, 'quantile': 0.975, 'random_state': 42, 'scoring': 'loss', 'tol': 1e-07, 'validation_fraction': 0.1, 'verbose': 0, 'warm_start': False}",878191b44ad80bb634d299ba564b7d7e5818bcffb79efb9e6fd101f7b4c9cd7c,started,,,,pleia
83098d529f5d46c9b57e52dfa51c1c19,owner_fit_h3_cqr_l95,False,quantile_estimator_fit,sklearn.ensemble._hist_gradient_boosting.gradient_boosting,fit,HistGradientBoostingRegressor,22236,2026-09-14T14:03:52.301398+00:00,14855,"{'categorical_features': 'warn', 'early_stopping': 'auto', 'interaction_cst': None, 'l2_regularization': 0.0, 'learning_rate': 0.05, 'loss': 'quantile', 'max_bins': 255, 'max_depth': None, 'max_features': 1.0, 'max_iter': 300, 'max_leaf_nodes': 31, 'min_samples_leaf': 50, 'monotonic_cst': None, 'n_iter_no_change': 10, 'quantile': 0.975, 'random_state': 42, 'scoring': 'loss', 'tol': 1e-07, 'validation_fraction': 0.1, 'verbose': 0, 'warm_start': False}",878191b44ad80bb634d299ba564b7d7e5818bcffb79efb9e6fd101f7b4c9cd7c,returned,3.52956899999117,3.46875,False,pleia
3a2b41f669a6400abbe93327d6d0ed80,owner_fit_h3_cqr_l95,False,quantile_estimator_fit,sklearn.ensemble._hist_gradient_boosting.gradient_boosting,fit,HistGradientBoostingRegressor,22236,2026-09-14T14:03:55.837097+00:00,14855,"{'categorical_features': 'warn', 'early_stopping': 'auto', 'interaction_cst': None, 'l2_regularization': 0.0, 'learning_rate': 0.05, 'loss': 'quantile', 'max_bins': 255, 'max_depth': None, 'max_features': 1.0, 'max_iter': 300, 'max_leaf_nodes': 31, 'min_samples_leaf': 50, 'monotonic_cst': None, 'n_iter_no_change': 10, 'quantile': 0.5, 'random_state': 42, 'scoring': 'loss', 'tol': 1e-07, 'validation_fraction': 0.1, 'verbose': 0, 'warm_start': False}",878191b44ad80bb634d299ba564b7d7e5818bcffb79efb9e6fd101f7b4c9cd7c,started,,,,pleia
3a2b41f669a6400abbe93327d6d0ed80,owner_fit_h3_cqr_l95,False,quantile_estimator_fit,sklearn.ensemble._hist_gradient_boosting.gradient_boosting,fit,HistGradientBoostingRegressor,22236,2026-09-14T14:03:55.837097+00:00,14855,"{'categorical_features': 'warn', 'early_stopping': 'auto', 'interaction_cst': None, 'l2_regularization': 0.0, 'learning_rate': 0.05, 'loss': 'quantile', 'max_bins': 255, 'max_depth': None, 'max_features': 1.0, 'max_iter': 300, 'max_leaf_nodes': 31, 'min_samples_leaf': 50, 'monotonic_cst': None, 'n_iter_no_change': 10, 'quantile': 0.5, 'random_state': 42, 'scoring': 'loss', 'tol': 1e-07, 'validation_fraction': 0.1, 'verbose': 0, 'warm_start': False}",878191b44ad80bb634d299ba564b7d7e5818bcffb79efb9e6fd101f7b4c9cd7c,returned,3.94521240000904,3.78125,False,pleia
17204c1ff8754bd998782da4d5f13e94,owner_fit_h3_cqr_l95,False,cqr_wrapper_fit,mapie.regression.quantile_regression,fit,ConformalizedQuantileRegressor,22236,2026-09-14T14:03:49.615860+00:00,14855,{},878191b44ad80bb634d299ba564b7d7e5818bcffb79efb9e6fd101f7b4c9cd7c,returned,10.1683561999962,9.859375,False,pleia
70d4b2e1dfd547c4af00db386f74961c,owner_cal_h3_cqr_l95,False,calibrator_conformalize,mapie.regression.quantile_regression,conformalize,ConformalizedQuantileRegressor,22236,2026-09-14T14:03:59.894607+00:00,4952,{},e7c58ce2f7994dcac88a3c4407b6e7240f7b261c3ad61c28455e44f0fee0124a,started,,,,pleia
ddc46c213009480d8ba7393f1c5ea492,owner_cal_h3_cqr_l95,False,calibrator_conformalize,mapie.regression.quantile_regression,conformalize,_MapieQuantileRegressor,22236,2026-09-14T14:03:59.896577+00:00,4952,"{'alpha': 0.05, 'cv': 'split', 'estimator': ""HistGradientBoostingRegressor(learning_rate=0.05, loss='quantile', max_iter=300,\n                              min_samples_leaf=50, random_state=42)"", 'method': 'quantile'}",e7c58ce2f7994dcac88a3c4407b6e7240f7b261c3ad61c28455e44f0fee0124a,started,,,,pleia
ddc46c213009480d8ba7393f1c5ea492,owner_cal_h3_cqr_l95,False,calibrator_conformalize,mapie.regression.quantile_regression,conformalize,_MapieQuantileRegressor,22236,2026-09-14T14:03:59.896577+00:00,4952,"{'alpha': 0.05, 'cv': 'split', 'estimator': ""HistGradientBoostingRegressor(learning_rate=0.05, loss='quantile', max_iter=300,\n                              min_samples_leaf=50, random_state=42)"", 'method': 'quantile'}",e7c58ce2f7994dcac88a3c4407b6e7240f7b261c3ad61c28455e44f0fee0124a,returned,0.520095800005947,0.5,False,pleia
70d4b2e1dfd547c4af00db386f74961c,owner_cal_h3_cqr_l95,False,calibrator_conformalize,mapie.regression.quantile_regression,conformalize,ConformalizedQuantileRegressor,22236,2026-09-14T14:03:59.894607+00:00,4952,{},e7c58ce2f7994dcac88a3c4407b6e7240f7b261c3ad61c28455e44f0fee0124a,returned,0.525080499995966,0.5,False,pleia
207007d6db094f558380af05c4077d5c,owner_fit_h3_enbpi,False,enbpi_wrapper_fit,mapie.regression.regression,fit,TimeSeriesRegressor,22236,2026-09-14T14:04:12.278808+00:00,14855,"{'agg_function': 'mean', 'conformity_score': None, 'cv': 'BlockBootstrap(length=24, n_blocks=None, n_resamplings=5, overlapping=True,\n        random_state=42)', 'estimator': 'XGBRegressor(base_score=None, booster=None, callbacks=None,\n             colsample_bylevel=None, colsample_bynode=None,\n             colsample_bytree=0.8, device=None, early_stopping_rounds=None,\n             enable_categorical=False, eval_metric=None, feature_types=None,\n             feature_weights=None, gamma=None, grow_policy=None,\n             importance_type=None, interaction_constraints=None,\n             learning_rate=0.05, max_bin=None, max_cat_threshold=None,\n             max_cat_to_onehot=None, max_delta_step=None, max_depth=5,\n             max_leaves=None, min_child_weight=None, missing=nan,\n             monotone_constraints=None, multi_strategy=None, n_estimators=60,\n             n_jobs=1, num_parallel_tree=None, ...)', 'method': 'enbpi', 'n_jobs': 1, 'random_state': 42, 'verbose': 0}",878191b44ad80bb634d299ba564b7d7e5818bcffb79efb9e6fd101f7b4c9cd7c,started,,,,pleia
1ef2e1cfa67c40d78a4a152a038c0da9,owner_fit_h3_enbpi,False,xgboost_estimator_fit,xgboost.sklearn,fit,XGBRegressor,22236,2026-09-14T14:04:12.285342+00:00,14855,"{'objective': 'reg:squarederror', 'base_score': None, 'booster': None, 'callbacks': None, 'colsample_bylevel': None, 'colsample_bynode': None, 'colsample_bytree': 0.8, 'device': None, 'early_stopping_rounds': None, 'enable_categorical': False, 'eval_metric': None, 'feature_types': None, 'feature_weights': None, 'gamma': None, 'grow_policy': None, 'importance_type': None, 'interaction_constraints': None, 'learning_rate': 0.05, 'max_bin': None, 'max_cat_threshold': None, 'max_cat_to_onehot': None, 'max_delta_step': None, 'max_depth': 5, 'max_leaves': None, 'min_child_weight': None, 'missing': nan, 'monotone_constraints': None, 'multi_strategy': None, 'n_estimators': 60, 'n_jobs': 1, 'num_parallel_tree': None, 'random_state': 42, 'reg_alpha': None, 'reg_lambda': None, 'sampling_method': None, 'scale_pos_weight': None, 'subsample': 0.8, 'tree_method': 'hist', 'validate_parameters': None, 'verbosity': None}",878191b44ad80bb634d299ba564b7d7e5818bcffb79efb9e6fd101f7b4c9cd7c,started,,,,pleia
1ef2e1cfa67c40d78a4a152a038c0da9,owner_fit_h3_enbpi,False,xgboost_estimator_fit,xgboost.sklearn,fit,XGBRegressor,22236,2026-09-14T14:04:12.285342+00:00,14855,"{'objective': 'reg:squarederror', 'base_score': None, 'booster': None, 'callbacks': None, 'colsample_bylevel': None, 'colsample_bynode': None, 'colsample_bytree': 0.8, 'device': None, 'early_stopping_rounds': None, 'enable_categorical': False, 'eval_metric': None, 'feature_types': None, 'feature_weights': None, 'gamma': None, 'grow_policy': None, 'importance_type': None, 'interaction_constraints': None, 'learning_rate': 0.05, 'max_bin': None, 'max_cat_threshold': None, 'max_cat_to_onehot': None, 'max_delta_step': None, 'max_depth': 5, 'max_leaves': None, 'min_child_weight': None, 'missing': nan, 'monotone_constraints': None, 'multi_strategy': None, 'n_estimators': 60, 'n_jobs': 1, 'num_parallel_tree': None, 'random_state': 42, 'reg_alpha': None, 'reg_lambda': None, 'sampling_method': None, 'scale_pos_weight': None, 'subsample': 0.8, 'tree_method': 'hist', 'validate_parameters': None, 'verbosity': None}",878191b44ad80bb634d299ba564b7d7e5818bcffb79efb9e6fd101f7b4c9cd7c,returned,0.232763099993463,0.21875,False,pleia
61006569826d4bf0a47181d61c7174ca,owner_fit_h3_enbpi,False,calibrator_conformalize,mapie.regression.regression,conformalize,TimeSeriesRegressor,22236,2026-09-14T14:04:12.520084+00:00,14855,"{'agg_function': 'mean', 'conformity_score': None, 'cv': 'BlockBootstrap(length=24, n_blocks=None, n_resamplings=5, overlapping=True,\n        random_state=42)', 'estimator': 'XGBRegressor(base_score=None, booster=None, callbacks=None,\n             colsample_bylevel=None, colsample_bynode=None,\n             colsample_bytree=0.8, device=None, early_stopping_rounds=None,\n             enable_categorical=False, eval_metric=None, feature_types=None,\n             feature_weights=None, gamma=None, grow_policy=None,\n             importance_type=None, interaction_constraints=None,\n             learning_rate=0.05, max_bin=None, max_cat_threshold=None,\n             max_cat_to_onehot=None, max_delta_step=None, max_depth=5,\n             max_leaves=None, min_child_weight=None, missing=nan,\n             monotone_constraints=None, multi_strategy=None, n_estimators=60,\n             n_jobs=1, num_parallel_tree=None, ...)', 'method': 'enbpi', 'n_jobs': 1, 'random_state': 42, 'verbose': 0}",878191b44ad80bb634d299ba564b7d7e5818bcffb79efb9e6fd101f7b4c9cd7c,started,,,,pleia
e5a1bb6ba3b24edc85f9aef8d47cdc90,owner_fit_h3_enbpi,False,xgboost_estimator_fit,xgboost.sklearn,fit,XGBRegressor,22236,2026-09-14T14:04:12.533070+00:00,14856,"{'objective': 'reg:squarederror', 'base_score': None, 'booster': None, 'callbacks': None, 'colsample_bylevel': None, 'colsample_bynode': None, 'colsample_bytree': 0.8, 'device': None, 'early_stopping_rounds': None, 'enable_categorical': False, 'eval_metric': None, 'feature_types': None, 'feature_weights': None, 'gamma': None, 'grow_policy': None, 'importance_type': None, 'interaction_constraints': None, 'learning_rate': 0.05, 'max_bin': None, 'max_cat_threshold': None, 'max_cat_to_onehot': None, 'max_delta_step': None, 'max_depth': 5, 'max_leaves': None, 'min_child_weight': None, 'missing': nan, 'monotone_constraints': None, 'multi_strategy': None, 'n_estimators': 60, 'n_jobs': 1, 'num_parallel_tree': None, 'random_state': 42, 'reg_alpha': None, 'reg_lambda': None, 'sampling_method': None, 'scale_pos_weight': None, 'subsample': 0.8, 'tree_method': 'hist', 'validate_parameters': None, 'verbosity': None}",685da6e1fbc20cb14bccd7bcc1e1fea03c5acccff6e7561632e4b1683e2680b3,started,,,,pleia
e5a1bb6ba3b24edc85f9aef8d47cdc90,owner_fit_h3_enbpi,False,xgboost_estimator_fit,xgboost.sklearn,fit,XGBRegressor,22236,2026-09-14T14:04:12.533070+00:00,14856,"{'objective': 'reg:squarederror', 'base_score': None, 'booster': None, 'callbacks': None, 'colsample_bylevel': None, 'colsample_bynode': None, 'colsample_bytree': 0.8, 'device': None, 'early_stopping_rounds': None, 'enable_categorical': False, 'eval_metric': None, 'feature_types': None, 'feature_weights': None, 'gamma': None, 'grow_policy': None, 'importance_type': None, 'interaction_constraints': None, 'learning_rate': 0.05, 'max_bin': None, 'max_cat_threshold': None, 'max_cat_to_onehot': None, 'max_delta_step': None, 'max_depth': 5, 'max_leaves': None, 'min_child_weight': None, 'missing': nan, 'monotone_constraints': None, 'multi_strategy': None, 'n_estimators': 60, 'n_jobs': 1, 'num_parallel_tree': None, 'random_state': 42, 'reg_alpha': None, 'reg_lambda': None, 'sampling_method': None, 'scale_pos_weight': None, 'subsample': 0.8, 'tree_method': 'hist', 'validate_parameters': None, 'verbosity': None}",685da6e1fbc20cb14bccd7bcc1e1fea03c5acccff6e7561632e4b1683e2680b3,returned,0.249836500006495,0.234375,False,pleia
c51c9a1fcee949c3843a7c263d03ef92,owner_fit_h3_enbpi,False,xgboost_estimator_fit,xgboost.sklearn,fit,XGBRegressor,22236,2026-09-14T14:04:12.793251+00:00,14856,"{'objective': 'reg:squarederror', 'base_score': None, 'booster': None, 'callbacks': None, 'colsample_bylevel': None, 'colsample_bynode': None, 'colsample_bytree': 0.8, 'device': None, 'early_stopping_rounds': None, 'enable_categorical': False, 'eval_metric': None, 'feature_types': None, 'feature_weights': None, 'gamma': None, 'grow_policy': None, 'importance_type': None, 'interaction_constraints': None, 'learning_rate': 0.05, 'max_bin': None, 'max_cat_threshold': None, 'max_cat_to_onehot': None, 'max_delta_step': None, 'max_depth': 5, 'max_leaves': None, 'min_child_weight': None, 'missing': nan, 'monotone_constraints': None, 'multi_strategy': None, 'n_estimators': 60, 'n_jobs': 1, 'num_parallel_tree': None, 'random_state': 42, 'reg_alpha': None, 'reg_lambda': None, 'sampling_method': None, 'scale_pos_weight': None, 'subsample': 0.8, 'tree_method': 'hist', 'validate_parameters': None, 'verbosity': None}",f9f09063d2a6e5ac89f7b13700bfb4a4a70c6ff20ab3daab9f3b7d345ee23e86,started,,,,pleia
c51c9a1fcee949c3843a7c263d03ef92,owner_fit_h3_enbpi,False,xgboost_estimator_fit,xgboost.sklearn,fit,XGBRegressor,22236,2026-09-14T14:04:12.793251+00:00,14856,"{'objective': 'reg:squarederror', 'base_score': None, 'booster': None, 'callbacks': None, 'colsample_bylevel': None, 'colsample_bynode': None, 'colsample_bytree': 0.8, 'device': None, 'early_stopping_rounds': None, 'enable_categorical': False, 'eval_metric': None, 'feature_types': None, 'feature_weights': None, 'gamma': None, 'grow_policy': None, 'importance_type': None, 'interaction_constraints': None, 'learning_rate': 0.05, 'max_bin': None, 'max_cat_threshold': None, 'max_cat_to_onehot': None, 'max_delta_step': None, 'max_depth': 5, 'max_leaves': None, 'min_child_weight': None, 'missing': nan, 'monotone_constraints': None, 'multi_strategy': None, 'n_estimators': 60, 'n_jobs': 1, 'num_parallel_tree': None, 'random_state': 42, 'reg_alpha': None, 'reg_lambda': None, 'sampling_method': None, 'scale_pos_weight': None, 'subsample': 0.8, 'tree_method': 'hist', 'validate_parameters': None, 'verbosity': None}",f9f09063d2a6e5ac89f7b13700bfb4a4a70c6ff20ab3daab9f3b7d345ee23e86,returned,0.243673899996793,0.21875,False,pleia
80c819946e344131b6bb7d9881eda078,owner_fit_h3_enbpi,False,xgboost_estimator_fit,xgboost.sklearn,fit,XGBRegressor,22236,2026-09-14T14:04:13.047727+00:00,14856,"{'objective': 'reg:squarederror', 'base_score': None, 'booster': None, 'callbacks': None, 'colsample_bylevel': None, 'colsample_bynode': None, 'colsample_bytree': 0.8, 'device': None, 'early_stopping_rounds': None, 'enable_categorical': False, 'eval_metric': None, 'feature_types': None, 'feature_weights': None, 'gamma': None, 'grow_policy': None, 'importance_type': None, 'interaction_constraints': None, 'learning_rate': 0.05, 'max_bin': None, 'max_cat_threshold': None, 'max_cat_to_onehot': None, 'max_delta_step': None, 'max_depth': 5, 'max_leaves': None, 'min_child_weight': None, 'missing': nan, 'monotone_constraints': None, 'multi_strategy': None, 'n_estimators': 60, 'n_jobs': 1, 'num_parallel_tree': None, 'random_state': 42, 'reg_alpha': None, 'reg_lambda': None, 'sampling_method': None, 'scale_pos_weight': None, 'subsample': 0.8, 'tree_method': 'hist', 'validate_parameters': None, 'verbosity': None}",9a53c66cedbe15f24ef41de0668a66e8ac8a007bc09b7f4aad8ce7323103d150,started,,,,pleia
80c819946e344131b6bb7d9881eda078,owner_fit_h3_enbpi,False,xgboost_estimator_fit,xgboost.sklearn,fit,XGBRegressor,22236,2026-09-14T14:04:13.047727+00:00,14856,"{'objective': 'reg:squarederror', 'base_score': None, 'booster': None, 'callbacks': None, 'colsample_bylevel': None, 'colsample_bynode': None, 'colsample_bytree': 0.8, 'device': None, 'early_stopping_rounds': None, 'enable_categorical': False, 'eval_metric': None, 'feature_types': None, 'feature_weights': None, 'gamma': None, 'grow_policy': None, 'importance_type': None, 'interaction_constraints': None, 'learning_rate': 0.05, 'max_bin': None, 'max_cat_threshold': None, 'max_cat_to_onehot': None, 'max_delta_step': None, 'max_depth': 5, 'max_leaves': None, 'min_child_weight': None, 'missing': nan, 'monotone_constraints': None, 'multi_strategy': None, 'n_estimators': 60, 'n_jobs': 1, 'num_parallel_tree': None, 'random_state': 42, 'reg_alpha': None, 'reg_lambda': None, 'sampling_method': None, 'scale_pos_weight': None, 'subsample': 0.8, 'tree_method': 'hist', 'validate_parameters': None, 'verbosity': None}",9a53c66cedbe15f24ef41de0668a66e8ac8a007bc09b7f4aad8ce7323103d150,returned,0.227061899990076,0.21875,False,pleia
093953b6c89644e08597daad47c85d83,owner_fit_h3_enbpi,False,xgboost_estimator_fit,xgboost.sklearn,fit,XGBRegressor,22236,2026-09-14T14:04:13.284939+00:00,14856,"{'objective': 'reg:squarederror', 'base_score': None, 'booster': None, 'callbacks': None, 'colsample_bylevel': None, 'colsample_bynode': None, 'colsample_bytree': 0.8, 'device': None, 'early_stopping_rounds': None, 'enable_categorical': False, 'eval_metric': None, 'feature_types': None, 'feature_weights': None, 'gamma': None, 'grow_policy': None, 'importance_type': None, 'interaction_constraints': None, 'learning_rate': 0.05, 'max_bin': None, 'max_cat_threshold': None, 'max_cat_to_onehot': None, 'max_delta_step': None, 'max_depth': 5, 'max_leaves': None, 'min_child_weight': None, 'missing': nan, 'monotone_constraints': None, 'multi_strategy': None, 'n_estimators': 60, 'n_jobs': 1, 'num_parallel_tree': None, 'random_state': 42, 'reg_alpha': None, 'reg_lambda': None, 'sampling_method': None, 'scale_pos_weight': None, 'subsample': 0.8, 'tree_method': 'hist', 'validate_parameters': None, 'verbosity': None}",33b15d99a8831670dcfd5575065a7367ffe7e4cffd689ba0245df31015645b18,started,,,,pleia
093953b6c89644e08597daad47c85d83,owner_fit_h3_enbpi,False,xgboost_estimator_fit,xgboost.sklearn,fit,XGBRegressor,22236,2026-09-14T14:04:13.284939+00:00,14856,"{'objective': 'reg:squarederror', 'base_score': None, 'booster': None, 'callbacks': None, 'colsample_bylevel': None, 'colsample_bynode': None, 'colsample_bytree': 0.8, 'device': None, 'early_stopping_rounds': None, 'enable_categorical': False, 'eval_metric': None, 'feature_types': None, 'feature_weights': None, 'gamma': None, 'grow_policy': None, 'importance_type': None, 'interaction_constraints': None, 'learning_rate': 0.05, 'max_bin': None, 'max_cat_threshold': None, 'max_cat_to_onehot': None, 'max_delta_step': None, 'max_depth': 5, 'max_leaves': None, 'min_child_weight': None, 'missing': nan, 'monotone_constraints': None, 'multi_strategy': None, 'n_estimators': 60, 'n_jobs': 1, 'num_parallel_tree': None, 'random_state': 42, 'reg_alpha': None, 'reg_lambda': None, 'sampling_method': None, 'scale_pos_weight': None, 'subsample': 0.8, 'tree_method': 'hist', 'validate_parameters': None, 'verbosity': None}",33b15d99a8831670dcfd5575065a7367ffe7e4cffd689ba0245df31015645b18,returned,0.219306099999812,0.21875,False,pleia
6b0f4cb474394d2a81a9e63815b34b66,owner_fit_h3_enbpi,False,xgboost_estimator_fit,xgboost.sklearn,fit,XGBRegressor,22236,2026-09-14T14:04:13.515185+00:00,14856,"{'objective': 'reg:squarederror', 'base_score': None, 'booster': None, 'callbacks': None, 'colsample_bylevel': None, 'colsample_bynode': None, 'colsample_bytree': 0.8, 'device': None, 'early_stopping_rounds': None, 'enable_categorical': False, 'eval_metric': None, 'feature_types': None, 'feature_weights': None, 'gamma': None, 'grow_policy': None, 'importance_type': None, 'interaction_constraints': None, 'learning_rate': 0.05, 'max_bin': None, 'max_cat_threshold': None, 'max_cat_to_onehot': None, 'max_delta_step': None, 'max_depth': 5, 'max_leaves': None, 'min_child_weight': None, 'missing': nan, 'monotone_constraints': None, 'multi_strategy': None, 'n_estimators': 60, 'n_jobs': 1, 'num_parallel_tree': None, 'random_state': 42, 'reg_alpha': None, 'reg_lambda': None, 'sampling_method': None, 'scale_pos_weight': None, 'subsample': 0.8, 'tree_method': 'hist', 'validate_parameters': None, 'verbosity': None}",07980d1959860e95d33be534046e8ee4205cf871687ff7e50e7c60f00d8d8688,started,,,,pleia
6b0f4cb474394d2a81a9e63815b34b66,owner_fit_h3_enbpi,False,xgboost_estimator_fit,xgboost.sklearn,fit,XGBRegressor,22236,2026-09-14T14:04:13.515185+00:00,14856,"{'objective': 'reg:squarederror', 'base_score': None, 'booster': None, 'callbacks': None, 'colsample_bylevel': None, 'colsample_bynode': None, 'colsample_bytree': 0.8, 'device': None, 'early_stopping_rounds': None, 'enable_categorical': False, 'eval_metric': None, 'feature_types': None, 'feature_weights': None, 'gamma': None, 'grow_policy': None, 'importance_type': None, 'interaction_constraints': None, 'learning_rate': 0.05, 'max_bin': None, 'max_cat_threshold': None, 'max_cat_to_onehot': None, 'max_delta_step': None, 'max_depth': 5, 'max_leaves': None, 'min_child_weight': None, 'missing': nan, 'monotone_constraints': None, 'multi_strategy': None, 'n_estimators': 60, 'n_jobs': 1, 'num_parallel_tree': None, 'random_state': 42, 'reg_alpha': None, 'reg_lambda': None, 'sampling_method': None, 'scale_pos_weight': None, 'subsample': 0.8, 'tree_method': 'hist', 'validate_parameters': None, 'verbosity': None}",07980d1959860e95d33be534046e8ee4205cf871687ff7e50e7c60f00d8d8688,returned,0.226141099992674,0.21875,False,pleia
61006569826d4bf0a47181d61c7174ca,owner_fit_h3_enbpi,False,calibrator_conformalize,mapie.regression.regression,conformalize,TimeSeriesRegressor,22236,2026-09-14T14:04:12.520084+00:00,14855,"{'agg_function': 'mean', 'conformity_score': None, 'cv': 'BlockBootstrap(length=24, n_blocks=None, n_resamplings=5, overlapping=True,\n        random_state=42)', 'estimator': 'XGBRegressor(base_score=None, booster=None, callbacks=None,\n             colsample_bylevel=None, colsample_bynode=None,\n             colsample_bytree=0.8, device=None, early_stopping_rounds=None,\n             enable_categorical=False, eval_metric=None, feature_types=None,\n             feature_weights=None, gamma=None, grow_policy=None,\n             importance_type=None, interaction_constraints=None,\n             learning_rate=0.05, max_bin=None, max_cat_threshold=None,\n             max_cat_to_onehot=None, max_delta_step=None, max_depth=5,\n             max_leaves=None, min_child_weight=None, missing=nan,\n             monotone_constraints=None, multi_strategy=None, n_estimators=60,\n             n_jobs=1, num_parallel_tree=None, ...)', 'method': 'enbpi', 'n_jobs': 1, 'random_state': 42, 'verbose': 0}",878191b44ad80bb634d299ba564b7d7e5818bcffb79efb9e6fd101f7b4c9cd7c,returned,1.27731479999784,1.21875,False,pleia
207007d6db094f558380af05c4077d5c,owner_fit_h3_enbpi,False,enbpi_wrapper_fit,mapie.regression.regression,fit,TimeSeriesRegressor,22236,2026-09-14T14:04:12.278808+00:00,14855,"{'agg_function': 'mean', 'conformity_score': None, 'cv': 'BlockBootstrap(length=24, n_blocks=None, n_resamplings=5, overlapping=True,\n        random_state=42)', 'estimator': 'XGBRegressor(base_score=None, booster=None, callbacks=None,\n             colsample_bylevel=None, colsample_bynode=None,\n             colsample_bytree=0.8, device=None, early_stopping_rounds=None,\n             enable_categorical=False, eval_metric=None, feature_types=None,\n             feature_weights=None, gamma=None, grow_policy=None,\n             importance_type=None, interaction_constraints=None,\n             learning_rate=0.05, max_bin=None, max_cat_threshold=None,\n             max_cat_to_onehot=None, max_delta_step=None, max_depth=5,\n             max_leaves=None, min_child_weight=None, missing=nan,\n             monotone_constraints=None, multi_strategy=None, n_estimators=60,\n             n_jobs=1, num_parallel_tree=None, ...)', 'method': 'enbpi', 'n_jobs': 1, 'random_state': 42, 'verbose': 0}",878191b44ad80bb634d299ba564b7d7e5818bcffb79efb9e6fd101f7b4c9cd7c,returned,1.52205010000034,1.453125,False,pleia
c212c9f055874426825c2d176a2a86f8,owner_cal_h3_enbpi,False,calibrator_conformalize,mapie.regression.regression,conformalize,TimeSeriesRegressor,22236,2026-09-14T14:04:13.900156+00:00,4952,"{'agg_function': 'mean', 'conformity_score': None, 'cv': 'BlockBootstrap(length=24, n_blocks=None, n_resamplings=5, overlapping=True,\n        random_state=42)', 'estimator': 'XGBRegressor(base_score=None, booster=None, callbacks=None,\n             colsample_bylevel=None, colsample_bynode=None,\n             colsample_bytree=0.8, device=None, early_stopping_rounds=None,\n             enable_categorical=False, eval_metric=None, feature_types=None,\n             feature_weights=None, gamma=None, grow_policy=None,\n             importance_type=None, interaction_constraints=None,\n             learning_rate=0.05, max_bin=None, max_cat_threshold=None,\n             max_cat_to_onehot=None, max_delta_step=None, max_depth=5,\n             max_leaves=None, min_child_weight=None, missing=nan,\n             monotone_constraints=None, multi_strategy=None, n_estimators=60,\n             n_jobs=1, num_parallel_tree=None, ...)', 'method': 'enbpi', 'n_jobs': 1, 'random_state': 42, 'verbose': 0}",e7c58ce2f7994dcac88a3c4407b6e7240f7b261c3ad61c28455e44f0fee0124a,started,,,,pleia
0c5d6689a2df4a91a37faadba79ac5b2,owner_cal_h3_enbpi,False,xgboost_estimator_fit,xgboost.sklearn,fit,XGBRegressor,22236,2026-09-14T14:04:13.908067+00:00,4968,"{'objective': 'reg:squarederror', 'base_score': None, 'booster': None, 'callbacks': None, 'colsample_bylevel': None, 'colsample_bynode': None, 'colsample_bytree': 0.8, 'device': None, 'early_stopping_rounds': None, 'enable_categorical': False, 'eval_metric': None, 'feature_types': None, 'feature_weights': None, 'gamma': None, 'grow_policy': None, 'importance_type': None, 'interaction_constraints': None, 'learning_rate': 0.05, 'max_bin': None, 'max_cat_threshold': None, 'max_cat_to_onehot': None, 'max_delta_step': None, 'max_depth': 5, 'max_leaves': None, 'min_child_weight': None, 'missing': nan, 'monotone_constraints': None, 'multi_strategy': None, 'n_estimators': 60, 'n_jobs': 1, 'num_parallel_tree': None, 'random_state': 42, 'reg_alpha': None, 'reg_lambda': None, 'sampling_method': None, 'scale_pos_weight': None, 'subsample': 0.8, 'tree_method': 'hist', 'validate_parameters': None, 'verbosity': None}",95b0927ab737331b27f4b0bc0a1e290fe5b9c0354eb61123e8117f5d2cd8501a,started,,,,pleia
0c5d6689a2df4a91a37faadba79ac5b2,owner_cal_h3_enbpi,False,xgboost_estimator_fit,xgboost.sklearn,fit,XGBRegressor,22236,2026-09-14T14:04:13.908067+00:00,4968,"{'objective': 'reg:squarederror', 'base_score': None, 'booster': None, 'callbacks': None, 'colsample_bylevel': None, 'colsample_bynode': None, 'colsample_bytree': 0.8, 'device': None, 'early_stopping_rounds': None, 'enable_categorical': False, 'eval_metric': None, 'feature_types': None, 'feature_weights': None, 'gamma': None, 'grow_policy': None, 'importance_type': None, 'interaction_constraints': None, 'learning_rate': 0.05, 'max_bin': None, 'max_cat_threshold': None, 'max_cat_to_onehot': None, 'max_delta_step': None, 'max_depth': 5, 'max_leaves': None, 'min_child_weight': None, 'missing': nan, 'monotone_constraints': None, 'multi_strategy': None, 'n_estimators': 60, 'n_jobs': 1, 'num_parallel_tree': None, 'random_state': 42, 'reg_alpha': None, 'reg_lambda': None, 'sampling_method': None, 'scale_pos_weight': None, 'subsample': 0.8, 'tree_method': 'hist', 'validate_parameters': None, 'verbosity': None}",95b0927ab737331b27f4b0bc0a1e290fe5b9c0354eb61123e8117f5d2cd8501a,returned,0.119934500005911,0.109375,False,pleia
a9e18a6bd50c40c0bb849383b2a8ab32,owner_cal_h3_enbpi,False,xgboost_estimator_fit,xgboost.sklearn,fit,XGBRegressor,22236,2026-09-14T14:04:14.034256+00:00,4968,"{'objective': 'reg:squarederror', 'base_score': None, 'booster': None, 'callbacks': None, 'colsample_bylevel': None, 'colsample_bynode': None, 'colsample_bytree': 0.8, 'device': None, 'early_stopping_rounds': None, 'enable_categorical': False, 'eval_metric': None, 'feature_types': None, 'feature_weights': None, 'gamma': None, 'grow_policy': None, 'importance_type': None, 'interaction_constraints': None, 'learning_rate': 0.05, 'max_bin': None, 'max_cat_threshold': None, 'max_cat_to_onehot': None, 'max_delta_step': None, 'max_depth': 5, 'max_leaves': None, 'min_child_weight': None, 'missing': nan, 'monotone_constraints': None, 'multi_strategy': None, 'n_estimators': 60, 'n_jobs': 1, 'num_parallel_tree': None, 'random_state': 42, 'reg_alpha': None, 'reg_lambda': None, 'sampling_method': None, 'scale_pos_weight': None, 'subsample': 0.8, 'tree_method': 'hist', 'validate_parameters': None, 'verbosity': None}",ea5062ab2127044e2bba5fa0ab457d818ee5160c50f45d85a7ff697148810e6e,started,,,,pleia
a9e18a6bd50c40c0bb849383b2a8ab32,owner_cal_h3_enbpi,False,xgboost_estimator_fit,xgboost.sklearn,fit,XGBRegressor,22236,2026-09-14T14:04:14.034256+00:00,4968,"{'objective': 'reg:squarederror', 'base_score': None, 'booster': None, 'callbacks': None, 'colsample_bylevel': None, 'colsample_bynode': None, 'colsample_bytree': 0.8, 'device': None, 'early_stopping_rounds': None, 'enable_categorical': False, 'eval_metric': None, 'feature_types': None, 'feature_weights': None, 'gamma': None, 'grow_policy': None, 'importance_type': None, 'interaction_constraints': None, 'learning_rate': 0.05, 'max_bin': None, 'max_cat_threshold': None, 'max_cat_to_onehot': None, 'max_delta_step': None, 'max_depth': 5, 'max_leaves': None, 'min_child_weight': None, 'missing': nan, 'monotone_constraints': None, 'multi_strategy': None, 'n_estimators': 60, 'n_jobs': 1, 'num_parallel_tree': None, 'random_state': 42, 'reg_alpha': None, 'reg_lambda': None, 'sampling_method': None, 'scale_pos_weight': None, 'subsample': 0.8, 'tree_method': 'hist', 'validate_parameters': None, 'verbosity': None}",ea5062ab2127044e2bba5fa0ab457d818ee5160c50f45d85a7ff697148810e6e,returned,0.120741700011422,0.125,False,pleia
b15e21e7ff834ce6b3f373b79a5fc031,owner_cal_h3_enbpi,False,xgboost_estimator_fit,xgboost.sklearn,fit,XGBRegressor,22236,2026-09-14T14:04:14.162448+00:00,4968,"{'objective': 'reg:squarederror', 'base_score': None, 'booster': None, 'callbacks': None, 'colsample_bylevel': None, 'colsample_bynode': None, 'colsample_bytree': 0.8, 'device': None, 'early_stopping_rounds': None, 'enable_categorical': False, 'eval_metric': None, 'feature_types': None, 'feature_weights': None, 'gamma': None, 'grow_policy': None, 'importance_type': None, 'interaction_constraints': None, 'learning_rate': 0.05, 'max_bin': None, 'max_cat_threshold': None, 'max_cat_to_onehot': None, 'max_delta_step': None, 'max_depth': 5, 'max_leaves': None, 'min_child_weight': None, 'missing': nan, 'monotone_constraints': None, 'multi_strategy': None, 'n_estimators': 60, 'n_jobs': 1, 'num_parallel_tree': None, 'random_state': 42, 'reg_alpha': None, 'reg_lambda': None, 'sampling_method': None, 'scale_pos_weight': None, 'subsample': 0.8, 'tree_method': 'hist', 'validate_parameters': None, 'verbosity': None}",4ac13cde0539c0ee80e52bf5a955a99a5adae4817f1bc981f122e17da9bfe3e6,started,,,,pleia
b15e21e7ff834ce6b3f373b79a5fc031,owner_cal_h3_enbpi,False,xgboost_estimator_fit,xgboost.sklearn,fit,XGBRegressor,22236,2026-09-14T14:04:14.162448+00:00,4968,"{'objective': 'reg:squarederror', 'base_score': None, 'booster': None, 'callbacks': None, 'colsample_bylevel': None, 'colsample_bynode': None, 'colsample_bytree': 0.8, 'device': None, 'early_stopping_rounds': None, 'enable_categorical': False, 'eval_metric': None, 'feature_types': None, 'feature_weights': None, 'gamma': None, 'grow_policy': None, 'importance_type': None, 'interaction_constraints': None, 'learning_rate': 0.05, 'max_bin': None, 'max_cat_threshold': None, 'max_cat_to_onehot': None, 'max_delta_step': None, 'max_depth': 5, 'max_leaves': None, 'min_child_weight': None, 'missing': nan, 'monotone_constraints': None, 'multi_strategy': None, 'n_estimators': 60, 'n_jobs': 1, 'num_parallel_tree': None, 'random_state': 42, 'reg_alpha': None, 'reg_lambda': None, 'sampling_method': None, 'scale_pos_weight': None, 'subsample': 0.8, 'tree_method': 'hist', 'validate_parameters': None, 'verbosity': None}",4ac13cde0539c0ee80e52bf5a955a99a5adae4817f1bc981f122e17da9bfe3e6,returned,0.120848400008981,0.125,False,pleia
21dbc21c4f5a400b85a46d835ed39aff,owner_cal_h3_enbpi,False,xgboost_estimator_fit,xgboost.sklearn,fit,XGBRegressor,22236,2026-09-14T14:04:14.290921+00:00,4968,"{'objective': 'reg:squarederror', 'base_score': None, 'booster': None, 'callbacks': None, 'colsample_bylevel': None, 'colsample_bynode': None, 'colsample_bytree': 0.8, 'device': None, 'early_stopping_rounds': None, 'enable_categorical': False, 'eval_metric': None, 'feature_types': None, 'feature_weights': None, 'gamma': None, 'grow_policy': None, 'importance_type': None, 'interaction_constraints': None, 'learning_rate': 0.05, 'max_bin': None, 'max_cat_threshold': None, 'max_cat_to_onehot': None, 'max_delta_step': None, 'max_depth': 5, 'max_leaves': None, 'min_child_weight': None, 'missing': nan, 'monotone_constraints': None, 'multi_strategy': None, 'n_estimators': 60, 'n_jobs': 1, 'num_parallel_tree': None, 'random_state': 42, 'reg_alpha': None, 'reg_lambda': None, 'sampling_method': None, 'scale_pos_weight': None, 'subsample': 0.8, 'tree_method': 'hist', 'validate_parameters': None, 'verbosity': None}",3fe2e73f622ac16aaf9c65c5f6f1cda05eedfb425113115962c6d22c8e3b4fd0,started,,,,pleia
21dbc21c4f5a400b85a46d835ed39aff,owner_cal_h3_enbpi,False,xgboost_estimator_fit,xgboost.sklearn,fit,XGBRegressor,22236,2026-09-14T14:04:14.290921+00:00,4968,"{'objective': 'reg:squarederror', 'base_score': None, 'booster': None, 'callbacks': None, 'colsample_bylevel': None, 'colsample_bynode': None, 'colsample_bytree': 0.8, 'device': None, 'early_stopping_rounds': None, 'enable_categorical': False, 'eval_metric': None, 'feature_types': None, 'feature_weights': None, 'gamma': None, 'grow_policy': None, 'importance_type': None, 'interaction_constraints': None, 'learning_rate': 0.05, 'max_bin': None, 'max_cat_threshold': None, 'max_cat_to_onehot': None, 'max_delta_step': None, 'max_depth': 5, 'max_leaves': None, 'min_child_weight': None, 'missing': nan, 'monotone_constraints': None, 'multi_strategy': None, 'n_estimators': 60, 'n_jobs': 1, 'num_parallel_tree': None, 'random_state': 42, 'reg_alpha': None, 'reg_lambda': None, 'sampling_method': None, 'scale_pos_weight': None, 'subsample': 0.8, 'tree_method': 'hist', 'validate_parameters': None, 'verbosity': None}",3fe2e73f622ac16aaf9c65c5f6f1cda05eedfb425113115962c6d22c8e3b4fd0,returned,0.120508400010294,0.125,False,pleia
e3bb81f2444845afae87e432ab13c324,owner_cal_h3_enbpi,False,xgboost_estimator_fit,xgboost.sklearn,fit,XGBRegressor,22236,2026-09-14T14:04:14.418769+00:00,4968,"{'objective': 'reg:squarederror', 'base_score': None, 'booster': None, 'callbacks': None, 'colsample_bylevel': None, 'colsample_bynode': None, 'colsample_bytree': 0.8, 'device': None, 'early_stopping_rounds': None, 'enable_categorical': False, 'eval_metric': None, 'feature_types': None, 'feature_weights': None, 'gamma': None, 'grow_policy': None, 'importance_type': None, 'interaction_constraints': None, 'learning_rate': 0.05, 'max_bin': None, 'max_cat_threshold': None, 'max_cat_to_onehot': None, 'max_delta_step': None, 'max_depth': 5, 'max_leaves': None, 'min_child_weight': None, 'missing': nan, 'monotone_constraints': None, 'multi_strategy': None, 'n_estimators': 60, 'n_jobs': 1, 'num_parallel_tree': None, 'random_state': 42, 'reg_alpha': None, 'reg_lambda': None, 'sampling_method': None, 'scale_pos_weight': None, 'subsample': 0.8, 'tree_method': 'hist', 'validate_parameters': None, 'verbosity': None}",05501cc80db11c39fc88e9d7736f59d8314c71fcbbf9138295036b3b6387ad8d,started,,,,pleia
e3bb81f2444845afae87e432ab13c324,owner_cal_h3_enbpi,False,xgboost_estimator_fit,xgboost.sklearn,fit,XGBRegressor,22236,2026-09-14T14:04:14.418769+00:00,4968,"{'objective': 'reg:squarederror', 'base_score': None, 'booster': None, 'callbacks': None, 'colsample_bylevel': None, 'colsample_bynode': None, 'colsample_bytree': 0.8, 'device': None, 'early_stopping_rounds': None, 'enable_categorical': False, 'eval_metric': None, 'feature_types': None, 'feature_weights': None, 'gamma': None, 'grow_policy': None, 'importance_type': None, 'interaction_constraints': None, 'learning_rate': 0.05, 'max_bin': None, 'max_cat_threshold': None, 'max_cat_to_onehot': None, 'max_delta_step': None, 'max_depth': 5, 'max_leaves': None, 'min_child_weight': None, 'missing': nan, 'monotone_constraints': None, 'multi_strategy': None, 'n_estimators': 60, 'n_jobs': 1, 'num_parallel_tree': None, 'random_state': 42, 'reg_alpha': None, 'reg_lambda': None, 'sampling_method': None, 'scale_pos_weight': None, 'subsample': 0.8, 'tree_method': 'hist', 'validate_parameters': None, 'verbosity': None}",05501cc80db11c39fc88e9d7736f59d8314c71fcbbf9138295036b3b6387ad8d,returned,0.120039200002793,0.125,False,pleia
c212c9f055874426825c2d176a2a86f8,owner_cal_h3_enbpi,False,calibrator_conformalize,mapie.regression.regression,conformalize,TimeSeriesRegressor,22236,2026-09-14T14:04:13.900156+00:00,4952,"{'agg_function': 'mean', 'conformity_score': None, 'cv': 'BlockBootstrap(length=24, n_blocks=None, n_resamplings=5, overlapping=True,\n        random_state=42)', 'estimator': 'XGBRegressor(base_score=None, booster=None, callbacks=None,\n             colsample_bylevel=None, colsample_bynode=None,\n             colsample_bytree=0.8, device=None, early_stopping_rounds=None,\n             enable_categorical=False, eval_metric=None, feature_types=None,\n             feature_weights=None, gamma=None, grow_policy=None,\n             importance_type=None, interaction_constraints=None,\n             learning_rate=0.05, max_bin=None, max_cat_threshold=None,\n             max_cat_to_onehot=None, max_delta_step=None, max_depth=5,\n             max_leaves=None, min_child_weight=None, missing=nan,\n             monotone_constraints=None, multi_strategy=None, n_estimators=60,\n             n_jobs=1, num_parallel_tree=None, ...)', 'method': 'enbpi', 'n_jobs': 1, 'random_state': 42, 'verbose': 0}",e7c58ce2f7994dcac88a3c4407b6e7240f7b261c3ad61c28455e44f0fee0124a,returned,0.662945000003674,0.671875,False,pleia
5798b7a7316a43a494eef27e45aa6bb0,owner_fit_h6_cqr_l90,False,cqr_wrapper_fit,mapie.regression.quantile_regression,fit,ConformalizedQuantileRegressor,22236,2026-09-14T14:04:50.453945+00:00,14850,{},32bc4b0dcbd190c3f9f20a4f0a0b71db6977e8a08b48a2bb6290316598feb354,started,,,,pleia
9322aece20774bd98021ef564fb3d849,owner_fit_h6_cqr_l90,False,quantile_estimator_fit,sklearn.ensemble._hist_gradient_boosting.gradient_boosting,fit,HistGradientBoostingRegressor,22236,2026-09-14T14:04:50.459438+00:00,14850,"{'categorical_features': 'warn', 'early_stopping': 'auto', 'interaction_cst': None, 'l2_regularization': 0.0, 'learning_rate': 0.05, 'loss': 'quantile', 'max_bins': 255, 'max_depth': None, 'max_features': 1.0, 'max_iter': 300, 'max_leaf_nodes': 31, 'min_samples_leaf': 50, 'monotonic_cst': None, 'n_iter_no_change': 10, 'quantile': 0.05, 'random_state': 42, 'scoring': 'loss', 'tol': 1e-07, 'validation_fraction': 0.1, 'verbose': 0, 'warm_start': False}",32bc4b0dcbd190c3f9f20a4f0a0b71db6977e8a08b48a2bb6290316598feb354,started,,,,pleia
9322aece20774bd98021ef564fb3d849,owner_fit_h6_cqr_l90,False,quantile_estimator_fit,sklearn.ensemble._hist_gradient_boosting.gradient_boosting,fit,HistGradientBoostingRegressor,22236,2026-09-14T14:04:50.459438+00:00,14850,"{'categorical_features': 'warn', 'early_stopping': 'auto', 'interaction_cst': None, 'l2_regularization': 0.0, 'learning_rate': 0.05, 'loss': 'quantile', 'max_bins': 255, 'max_depth': None, 'max_features': 1.0, 'max_iter': 300, 'max_leaf_nodes': 31, 'min_samples_leaf': 50, 'monotonic_cst': None, 'n_iter_no_change': 10, 'quantile': 0.05, 'random_state': 42, 'scoring': 'loss', 'tol': 1e-07, 'validation_fraction': 0.1, 'verbose': 0, 'warm_start': False}",32bc4b0dcbd190c3f9f20a4f0a0b71db6977e8a08b48a2bb6290316598feb354,returned,3.67197549999401,3.515625,False,pleia
37213d01db374437948f756a3b763a4c,owner_fit_h6_cqr_l90,False,quantile_estimator_fit,sklearn.ensemble._hist_gradient_boosting.gradient_boosting,fit,HistGradientBoostingRegressor,22236,2026-09-14T14:04:54.136973+00:00,14850,"{'categorical_features': 'warn', 'early_stopping': 'auto', 'interaction_cst': None, 'l2_regularization': 0.0, 'learning_rate': 0.05, 'loss': 'quantile', 'max_bins': 255, 'max_depth': None, 'max_features': 1.0, 'max_iter': 300, 'max_leaf_nodes': 31, 'min_samples_leaf': 50, 'monotonic_cst': None, 'n_iter_no_change': 10, 'quantile': 0.95, 'random_state': 42, 'scoring': 'loss', 'tol': 1e-07, 'validation_fraction': 0.1, 'verbose': 0, 'warm_start': False}",32bc4b0dcbd190c3f9f20a4f0a0b71db6977e8a08b48a2bb6290316598feb354,started,,,,pleia
37213d01db374437948f756a3b763a4c,owner_fit_h6_cqr_l90,False,quantile_estimator_fit,sklearn.ensemble._hist_gradient_boosting.gradient_boosting,fit,HistGradientBoostingRegressor,22236,2026-09-14T14:04:54.136973+00:00,14850,"{'categorical_features': 'warn', 'early_stopping': 'auto', 'interaction_cst': None, 'l2_regularization': 0.0, 'learning_rate': 0.05, 'loss': 'quantile', 'max_bins': 255, 'max_depth': None, 'max_features': 1.0, 'max_iter': 300, 'max_leaf_nodes': 31, 'min_samples_leaf': 50, 'monotonic_cst': None, 'n_iter_no_change': 10, 'quantile': 0.95, 'random_state': 42, 'scoring': 'loss', 'tol': 1e-07, 'validation_fraction': 0.1, 'verbose': 0, 'warm_start': False}",32bc4b0dcbd190c3f9f20a4f0a0b71db6977e8a08b48a2bb6290316598feb354,returned,3.60529209999368,3.546875,False,pleia
69e067c509fa4d2ca001e1f54bab219d,owner_fit_h6_cqr_l90,False,quantile_estimator_fit,sklearn.ensemble._hist_gradient_boosting.gradient_boosting,fit,HistGradientBoostingRegressor,22236,2026-09-14T14:04:57.748372+00:00,14850,"{'categorical_features': 'warn', 'early_stopping': 'auto', 'interaction_cst': None, 'l2_regularization': 0.0, 'learning_rate': 0.05, 'loss': 'quantile', 'max_bins': 255, 'max_depth': None, 'max_features': 1.0, 'max_iter': 300, 'max_leaf_nodes': 31, 'min_samples_leaf': 50, 'monotonic_cst': None, 'n_iter_no_change': 10, 'quantile': 0.5, 'random_state': 42, 'scoring': 'loss', 'tol': 1e-07, 'validation_fraction': 0.1, 'verbose': 0, 'warm_start': False}",32bc4b0dcbd190c3f9f20a4f0a0b71db6977e8a08b48a2bb6290316598feb354,started,,,,pleia
69e067c509fa4d2ca001e1f54bab219d,owner_fit_h6_cqr_l90,False,quantile_estimator_fit,sklearn.ensemble._hist_gradient_boosting.gradient_boosting,fit,HistGradientBoostingRegressor,22236,2026-09-14T14:04:57.748372+00:00,14850,"{'categorical_features': 'warn', 'early_stopping': 'auto', 'interaction_cst': None, 'l2_regularization': 0.0, 'learning_rate': 0.05, 'loss': 'quantile', 'max_bins': 255, 'max_depth': None, 'max_features': 1.0, 'max_iter': 300, 'max_leaf_nodes': 31, 'min_samples_leaf': 50, 'monotonic_cst': None, 'n_iter_no_change': 10, 'quantile': 0.5, 'random_state': 42, 'scoring': 'loss', 'tol': 1e-07, 'validation_fraction': 0.1, 'verbose': 0, 'warm_start': False}",32bc4b0dcbd190c3f9f20a4f0a0b71db6977e8a08b48a2bb6290316598feb354,returned,3.4498278000101,3.328125,False,pleia
5798b7a7316a43a494eef27e45aa6bb0,owner_fit_h6_cqr_l90,False,cqr_wrapper_fit,mapie.regression.quantile_regression,fit,ConformalizedQuantileRegressor,22236,2026-09-14T14:04:50.453945+00:00,14850,{},32bc4b0dcbd190c3f9f20a4f0a0b71db6977e8a08b48a2bb6290316598feb354,returned,10.7463562000048,10.390625,False,pleia
47311bff79e549a891464a4da3d748cd,owner_cal_h6_cqr_l90,False,calibrator_conformalize,mapie.regression.quantile_regression,conformalize,ConformalizedQuantileRegressor,22236,2026-09-14T14:05:01.291267+00:00,4951,{},880ffc7d6a3dafe3c8af42f2222990a6c4e8a32599bc5b6244fa5633283a24c8,started,,,,pleia
2ec0ccdffbdb4cc586b0bf70b310280d,owner_cal_h6_cqr_l90,False,calibrator_conformalize,mapie.regression.quantile_regression,conformalize,_MapieQuantileRegressor,22236,2026-09-14T14:05:01.293243+00:00,4951,"{'alpha': 0.1, 'cv': 'split', 'estimator': ""HistGradientBoostingRegressor(learning_rate=0.05, loss='quantile', max_iter=300,\n                              min_samples_leaf=50, random_state=42)"", 'method': 'quantile'}",880ffc7d6a3dafe3c8af42f2222990a6c4e8a32599bc5b6244fa5633283a24c8,started,,,,pleia
2ec0ccdffbdb4cc586b0bf70b310280d,owner_cal_h6_cqr_l90,False,calibrator_conformalize,mapie.regression.quantile_regression,conformalize,_MapieQuantileRegressor,22236,2026-09-14T14:05:01.293243+00:00,4951,"{'alpha': 0.1, 'cv': 'split', 'estimator': ""HistGradientBoostingRegressor(learning_rate=0.05, loss='quantile', max_iter=300,\n                              min_samples_leaf=50, random_state=42)"", 'method': 'quantile'}",880ffc7d6a3dafe3c8af42f2222990a6c4e8a32599bc5b6244fa5633283a24c8,returned,0.570780300011393,0.5625,False,pleia
47311bff79e549a891464a4da3d748cd,owner_cal_h6_cqr_l90,False,calibrator_conformalize,mapie.regression.quantile_regression,conformalize,ConformalizedQuantileRegressor,22236,2026-09-14T14:05:01.291267+00:00,4951,{},880ffc7d6a3dafe3c8af42f2222990a6c4e8a32599bc5b6244fa5633283a24c8,returned,0.573942799994256,0.5625,False,pleia
5924f91d23cf42fbac0700bae062e6ed,owner_fit_h6_cqr_l95,False,cqr_wrapper_fit,mapie.regression.quantile_regression,fit,ConformalizedQuantileRegressor,22236,2026-09-14T14:05:13.364857+00:00,14850,{},32bc4b0dcbd190c3f9f20a4f0a0b71db6977e8a08b48a2bb6290316598feb354,started,,,,pleia
ab2082f272b9490d9eb5cedde9ef3751,owner_fit_h6_cqr_l95,False,quantile_estimator_fit,sklearn.ensemble._hist_gradient_boosting.gradient_boosting,fit,HistGradientBoostingRegressor,22236,2026-09-14T14:05:13.370329+00:00,14850,"{'categorical_features': 'warn', 'early_stopping': 'auto', 'interaction_cst': None, 'l2_regularization': 0.0, 'learning_rate': 0.05, 'loss': 'quantile', 'max_bins': 255, 'max_depth': None, 'max_features': 1.0, 'max_iter': 300, 'max_leaf_nodes': 31, 'min_samples_leaf': 50, 'monotonic_cst': None, 'n_iter_no_change': 10, 'quantile': 0.025, 'random_state': 42, 'scoring': 'loss', 'tol': 1e-07, 'validation_fraction': 0.1, 'verbose': 0, 'warm_start': False}",32bc4b0dcbd190c3f9f20a4f0a0b71db6977e8a08b48a2bb6290316598feb354,started,,,,pleia
ab2082f272b9490d9eb5cedde9ef3751,owner_fit_h6_cqr_l95,False,quantile_estimator_fit,sklearn.ensemble._hist_gradient_boosting.gradient_boosting,fit,HistGradientBoostingRegressor,22236,2026-09-14T14:05:13.370329+00:00,14850,"{'categorical_features': 'warn', 'early_stopping': 'auto', 'interaction_cst': None, 'l2_regularization': 0.0, 'learning_rate': 0.05, 'loss': 'quantile', 'max_bins': 255, 'max_depth': None, 'max_features': 1.0, 'max_iter': 300, 'max_leaf_nodes': 31, 'min_samples_leaf': 50, 'monotonic_cst': None, 'n_iter_no_change': 10, 'quantile': 0.025, 'random_state': 42, 'scoring': 'loss', 'tol': 1e-07, 'validation_fraction': 0.1, 'verbose': 0, 'warm_start': False}",32bc4b0dcbd190c3f9f20a4f0a0b71db6977e8a08b48a2bb6290316598feb354,returned,3.46493600000395,3.359375,False,pleia
d095d78f49f04638947947a7bce83107,owner_fit_h6_cqr_l95,False,quantile_estimator_fit,sklearn.ensemble._hist_gradient_boosting.gradient_boosting,fit,HistGradientBoostingRegressor,22236,2026-09-14T14:05:16.838734+00:00,14850,"{'categorical_features': 'warn', 'early_stopping': 'auto', 'interaction_cst': None, 'l2_regularization': 0.0, 'learning_rate': 0.05, 'loss': 'quantile', 'max_bins': 255, 'max_depth': None, 'max_features': 1.0, 'max_iter': 300, 'max_leaf_nodes': 31, 'min_samples_leaf': 50, 'monotonic_cst': None, 'n_iter_no_change': 10, 'quantile': 0.975, 'random_state': 42, 'scoring': 'loss', 'tol': 1e-07, 'validation_fraction': 0.1, 'verbose': 0, 'warm_start': False}",32bc4b0dcbd190c3f9f20a4f0a0b71db6977e8a08b48a2bb6290316598feb354,started,,,,pleia
d095d78f49f04638947947a7bce83107,owner_fit_h6_cqr_l95,False,quantile_estimator_fit,sklearn.ensemble._hist_gradient_boosting.gradient_boosting,fit,HistGradientBoostingRegressor,22236,2026-09-14T14:05:16.838734+00:00,14850,"{'categorical_features': 'warn', 'early_stopping': 'auto', 'interaction_cst': None, 'l2_regularization': 0.0, 'learning_rate': 0.05, 'loss': 'quantile', 'max_bins': 255, 'max_depth': None, 'max_features': 1.0, 'max_iter': 300, 'max_leaf_nodes': 31, 'min_samples_leaf': 50, 'monotonic_cst': None, 'n_iter_no_change': 10, 'quantile': 0.975, 'random_state': 42, 'scoring': 'loss', 'tol': 1e-07, 'validation_fraction': 0.1, 'verbose': 0, 'warm_start': False}",32bc4b0dcbd190c3f9f20a4f0a0b71db6977e8a08b48a2bb6290316598feb354,returned,3.63047350000124,3.53125,False,pleia
65e4ee1b480546919e5b2a9b55dcd388,owner_fit_h6_cqr_l95,False,quantile_estimator_fit,sklearn.ensemble._hist_gradient_boosting.gradient_boosting,fit,HistGradientBoostingRegressor,22236,2026-09-14T14:05:20.476346+00:00,14850,"{'categorical_features': 'warn', 'early_stopping': 'auto', 'interaction_cst': None, 'l2_regularization': 0.0, 'learning_rate': 0.05, 'loss': 'quantile', 'max_bins': 255, 'max_depth': None, 'max_features': 1.0, 'max_iter': 300, 'max_leaf_nodes': 31, 'min_samples_leaf': 50, 'monotonic_cst': None, 'n_iter_no_change': 10, 'quantile': 0.5, 'random_state': 42, 'scoring': 'loss', 'tol': 1e-07, 'validation_fraction': 0.1, 'verbose': 0, 'warm_start': False}",32bc4b0dcbd190c3f9f20a4f0a0b71db6977e8a08b48a2bb6290316598feb354,started,,,,pleia
65e4ee1b480546919e5b2a9b55dcd388,owner_fit_h6_cqr_l95,False,quantile_estimator_fit,sklearn.ensemble._hist_gradient_boosting.gradient_boosting,fit,HistGradientBoostingRegressor,22236,2026-09-14T14:05:20.476346+00:00,14850,"{'categorical_features': 'warn', 'early_stopping': 'auto', 'interaction_cst': None, 'l2_regularization': 0.0, 'learning_rate': 0.05, 'loss': 'quantile', 'max_bins': 255, 'max_depth': None, 'max_features': 1.0, 'max_iter': 300, 'max_leaf_nodes': 31, 'min_samples_leaf': 50, 'monotonic_cst': None, 'n_iter_no_change': 10, 'quantile': 0.5, 'random_state': 42, 'scoring': 'loss', 'tol': 1e-07, 'validation_fraction': 0.1, 'verbose': 0, 'warm_start': False}",32bc4b0dcbd190c3f9f20a4f0a0b71db6977e8a08b48a2bb6290316598feb354,returned,3.49437060000491,3.421875,False,pleia
5924f91d23cf42fbac0700bae062e6ed,owner_fit_h6_cqr_l95,False,cqr_wrapper_fit,mapie.regression.quantile_regression,fit,ConformalizedQuantileRegressor,22236,2026-09-14T14:05:13.364857+00:00,14850,{},32bc4b0dcbd190c3f9f20a4f0a0b71db6977e8a08b48a2bb6290316598feb354,returned,10.6089249999932,10.3125,False,pleia
6e593bf0f9f7460e807c3e9d6ba61857,owner_cal_h6_cqr_l95,False,calibrator_conformalize,mapie.regression.quantile_regression,conformalize,ConformalizedQuantileRegressor,22236,2026-09-14T14:05:24.093885+00:00,4951,{},880ffc7d6a3dafe3c8af42f2222990a6c4e8a32599bc5b6244fa5633283a24c8,started,,,,pleia
116ab5ec65934760867d3899f7b278a1,owner_cal_h6_cqr_l95,False,calibrator_conformalize,mapie.regression.quantile_regression,conformalize,_MapieQuantileRegressor,22236,2026-09-14T14:05:24.095887+00:00,4951,"{'alpha': 0.05, 'cv': 'split', 'estimator': ""HistGradientBoostingRegressor(learning_rate=0.05, loss='quantile', max_iter=300,\n                              min_samples_leaf=50, random_state=42)"", 'method': 'quantile'}",880ffc7d6a3dafe3c8af42f2222990a6c4e8a32599bc5b6244fa5633283a24c8,started,,,,pleia
116ab5ec65934760867d3899f7b278a1,owner_cal_h6_cqr_l95,False,calibrator_conformalize,mapie.regression.quantile_regression,conformalize,_MapieQuantileRegressor,22236,2026-09-14T14:05:24.095887+00:00,4951,"{'alpha': 0.05, 'cv': 'split', 'estimator': ""HistGradientBoostingRegressor(learning_rate=0.05, loss='quantile', max_iter=300,\n                              min_samples_leaf=50, random_state=42)"", 'method': 'quantile'}",880ffc7d6a3dafe3c8af42f2222990a6c4e8a32599bc5b6244fa5633283a24c8,returned,0.565537999995286,0.546875,False,pleia
6e593bf0f9f7460e807c3e9d6ba61857,owner_cal_h6_cqr_l95,False,calibrator_conformalize,mapie.regression.quantile_regression,conformalize,ConformalizedQuantileRegressor,22236,2026-09-14T14:05:24.093885+00:00,4951,{},880ffc7d6a3dafe3c8af42f2222990a6c4e8a32599bc5b6244fa5633283a24c8,returned,0.57025980000617,0.546875,False,pleia
15d55b69625542a08a52d51ebd43ed17,owner_fit_h6_enbpi,False,enbpi_wrapper_fit,mapie.regression.regression,fit,TimeSeriesRegressor,22236,2026-09-14T14:05:35.569158+00:00,14850,"{'agg_function': 'mean', 'conformity_score': None, 'cv': 'BlockBootstrap(length=24, n_blocks=None, n_resamplings=5, overlapping=True,\n        random_state=42)', 'estimator': 'XGBRegressor(base_score=None, booster=None, callbacks=None,\n             colsample_bylevel=None, colsample_bynode=None,\n             colsample_bytree=0.8, device=None, early_stopping_rounds=None,\n             enable_categorical=False, eval_metric=None, feature_types=None,\n             feature_weights=None, gamma=None, grow_policy=None,\n             importance_type=None, interaction_constraints=None,\n             learning_rate=0.05, max_bin=None, max_cat_threshold=None,\n             max_cat_to_onehot=None, max_delta_step=None, max_depth=5,\n             max_leaves=None, min_child_weight=None, missing=nan,\n             monotone_constraints=None, multi_strategy=None, n_estimators=60,\n             n_jobs=1, num_parallel_tree=None, ...)', 'method': 'enbpi', 'n_jobs': 1, 'random_state': 42, 'verbose': 0}",32bc4b0dcbd190c3f9f20a4f0a0b71db6977e8a08b48a2bb6290316598feb354,started,,,,pleia
3565c040bd734b048782e955c146e09a,owner_fit_h6_enbpi,False,xgboost_estimator_fit,xgboost.sklearn,fit,XGBRegressor,22236,2026-09-14T14:05:35.576218+00:00,14850,"{'objective': 'reg:squarederror', 'base_score': None, 'booster': None, 'callbacks': None, 'colsample_bylevel': None, 'colsample_bynode': None, 'colsample_bytree': 0.8, 'device': None, 'early_stopping_rounds': None, 'enable_categorical': False, 'eval_metric': None, 'feature_types': None, 'feature_weights': None, 'gamma': None, 'grow_policy': None, 'importance_type': None, 'interaction_constraints': None, 'learning_rate': 0.05, 'max_bin': None, 'max_cat_threshold': None, 'max_cat_to_onehot': None, 'max_delta_step': None, 'max_depth': 5, 'max_leaves': None, 'min_child_weight': None, 'missing': nan, 'monotone_constraints': None, 'multi_strategy': None, 'n_estimators': 60, 'n_jobs': 1, 'num_parallel_tree': None, 'random_state': 42, 'reg_alpha': None, 'reg_lambda': None, 'sampling_method': None, 'scale_pos_weight': None, 'subsample': 0.8, 'tree_method': 'hist', 'validate_parameters': None, 'verbosity': None}",32bc4b0dcbd190c3f9f20a4f0a0b71db6977e8a08b48a2bb6290316598feb354,started,,,,pleia
3565c040bd734b048782e955c146e09a,owner_fit_h6_enbpi,False,xgboost_estimator_fit,xgboost.sklearn,fit,XGBRegressor,22236,2026-09-14T14:05:35.576218+00:00,14850,"{'objective': 'reg:squarederror', 'base_score': None, 'booster': None, 'callbacks': None, 'colsample_bylevel': None, 'colsample_bynode': None, 'colsample_bytree': 0.8, 'device': None, 'early_stopping_rounds': None, 'enable_categorical': False, 'eval_metric': None, 'feature_types': None, 'feature_weights': None, 'gamma': None, 'grow_policy': None, 'importance_type': None, 'interaction_constraints': None, 'learning_rate': 0.05, 'max_bin': None, 'max_cat_threshold': None, 'max_cat_to_onehot': None, 'max_delta_step': None, 'max_depth': 5, 'max_leaves': None, 'min_child_weight': None, 'missing': nan, 'monotone_constraints': None, 'multi_strategy': None, 'n_estimators': 60, 'n_jobs': 1, 'num_parallel_tree': None, 'random_state': 42, 'reg_alpha': None, 'reg_lambda': None, 'sampling_method': None, 'scale_pos_weight': None, 'subsample': 0.8, 'tree_method': 'hist', 'validate_parameters': None, 'verbosity': None}",32bc4b0dcbd190c3f9f20a4f0a0b71db6977e8a08b48a2bb6290316598feb354,returned,0.217913699991186,0.1875,False,pleia
0349ad6c3e47475fad23d597c824ac45,owner_fit_h6_enbpi,False,calibrator_conformalize,mapie.regression.regression,conformalize,TimeSeriesRegressor,22236,2026-09-14T14:05:35.795860+00:00,14850,"{'agg_function': 'mean', 'conformity_score': None, 'cv': 'BlockBootstrap(length=24, n_blocks=None, n_resamplings=5, overlapping=True,\n        random_state=42)', 'estimator': 'XGBRegressor(base_score=None, booster=None, callbacks=None,\n             colsample_bylevel=None, colsample_bynode=None,\n             colsample_bytree=0.8, device=None, early_stopping_rounds=None,\n             enable_categorical=False, eval_metric=None, feature_types=None,\n             feature_weights=None, gamma=None, grow_policy=None,\n             importance_type=None, interaction_constraints=None,\n             learning_rate=0.05, max_bin=None, max_cat_threshold=None,\n             max_cat_to_onehot=None, max_delta_step=None, max_depth=5,\n             max_leaves=None, min_child_weight=None, missing=nan,\n             monotone_constraints=None, multi_strategy=None, n_estimators=60,\n             n_jobs=1, num_parallel_tree=None, ...)', 'method': 'enbpi', 'n_jobs': 1, 'random_state': 42, 'verbose': 0}",32bc4b0dcbd190c3f9f20a4f0a0b71db6977e8a08b48a2bb6290316598feb354,started,,,,pleia
9b0ae5aeccd24994999429d8c730b776,owner_fit_h6_enbpi,False,xgboost_estimator_fit,xgboost.sklearn,fit,XGBRegressor,22236,2026-09-14T14:05:35.803569+00:00,14856,"{'objective': 'reg:squarederror', 'base_score': None, 'booster': None, 'callbacks': None, 'colsample_bylevel': None, 'colsample_bynode': None, 'colsample_bytree': 0.8, 'device': None, 'early_stopping_rounds': None, 'enable_categorical': False, 'eval_metric': None, 'feature_types': None, 'feature_weights': None, 'gamma': None, 'grow_policy': None, 'importance_type': None, 'interaction_constraints': None, 'learning_rate': 0.05, 'max_bin': None, 'max_cat_threshold': None, 'max_cat_to_onehot': None, 'max_delta_step': None, 'max_depth': 5, 'max_leaves': None, 'min_child_weight': None, 'missing': nan, 'monotone_constraints': None, 'multi_strategy': None, 'n_estimators': 60, 'n_jobs': 1, 'num_parallel_tree': None, 'random_state': 42, 'reg_alpha': None, 'reg_lambda': None, 'sampling_method': None, 'scale_pos_weight': None, 'subsample': 0.8, 'tree_method': 'hist', 'validate_parameters': None, 'verbosity': None}",685da6e1fbc20cb14bccd7bcc1e1fea03c5acccff6e7561632e4b1683e2680b3,started,,,,pleia
9b0ae5aeccd24994999429d8c730b776,owner_fit_h6_enbpi,False,xgboost_estimator_fit,xgboost.sklearn,fit,XGBRegressor,22236,2026-09-14T14:05:35.803569+00:00,14856,"{'objective': 'reg:squarederror', 'base_score': None, 'booster': None, 'callbacks': None, 'colsample_bylevel': None, 'colsample_bynode': None, 'colsample_bytree': 0.8, 'device': None, 'early_stopping_rounds': None, 'enable_categorical': False, 'eval_metric': None, 'feature_types': None, 'feature_weights': None, 'gamma': None, 'grow_policy': None, 'importance_type': None, 'interaction_constraints': None, 'learning_rate': 0.05, 'max_bin': None, 'max_cat_threshold': None, 'max_cat_to_onehot': None, 'max_delta_step': None, 'max_depth': 5, 'max_leaves': None, 'min_child_weight': None, 'missing': nan, 'monotone_constraints': None, 'multi_strategy': None, 'n_estimators': 60, 'n_jobs': 1, 'num_parallel_tree': None, 'random_state': 42, 'reg_alpha': None, 'reg_lambda': None, 'sampling_method': None, 'scale_pos_weight': None, 'subsample': 0.8, 'tree_method': 'hist', 'validate_parameters': None, 'verbosity': None}",685da6e1fbc20cb14bccd7bcc1e1fea03c5acccff6e7561632e4b1683e2680b3,returned,0.215696599989315,0.21875,False,pleia
62630aee0f444dddb7605bfd11e94f55,owner_fit_h6_enbpi,False,xgboost_estimator_fit,xgboost.sklearn,fit,XGBRegressor,22236,2026-09-14T14:05:36.031299+00:00,14856,"{'objective': 'reg:squarederror', 'base_score': None, 'booster': None, 'callbacks': None, 'colsample_bylevel': None, 'colsample_bynode': None, 'colsample_bytree': 0.8, 'device': None, 'early_stopping_rounds': None, 'enable_categorical': False, 'eval_metric': None, 'feature_types': None, 'feature_weights': None, 'gamma': None, 'grow_policy': None, 'importance_type': None, 'interaction_constraints': None, 'learning_rate': 0.05, 'max_bin': None, 'max_cat_threshold': None, 'max_cat_to_onehot': None, 'max_delta_step': None, 'max_depth': 5, 'max_leaves': None, 'min_child_weight': None, 'missing': nan, 'monotone_constraints': None, 'multi_strategy': None, 'n_estimators': 60, 'n_jobs': 1, 'num_parallel_tree': None, 'random_state': 42, 'reg_alpha': None, 'reg_lambda': None, 'sampling_method': None, 'scale_pos_weight': None, 'subsample': 0.8, 'tree_method': 'hist', 'validate_parameters': None, 'verbosity': None}",f9f09063d2a6e5ac89f7b13700bfb4a4a70c6ff20ab3daab9f3b7d345ee23e86,started,,,,pleia
62630aee0f444dddb7605bfd11e94f55,owner_fit_h6_enbpi,False,xgboost_estimator_fit,xgboost.sklearn,fit,XGBRegressor,22236,2026-09-14T14:05:36.031299+00:00,14856,"{'objective': 'reg:squarederror', 'base_score': None, 'booster': None, 'callbacks': None, 'colsample_bylevel': None, 'colsample_bynode': None, 'colsample_bytree': 0.8, 'device': None, 'early_stopping_rounds': None, 'enable_categorical': False, 'eval_metric': None, 'feature_types': None, 'feature_weights': None, 'gamma': None, 'grow_policy': None, 'importance_type': None, 'interaction_constraints': None, 'learning_rate': 0.05, 'max_bin': None, 'max_cat_threshold': None, 'max_cat_to_onehot': None, 'max_delta_step': None, 'max_depth': 5, 'max_leaves': None, 'min_child_weight': None, 'missing': nan, 'monotone_constraints': None, 'multi_strategy': None, 'n_estimators': 60, 'n_jobs': 1, 'num_parallel_tree': None, 'random_state': 42, 'reg_alpha': None, 'reg_lambda': None, 'sampling_method': None, 'scale_pos_weight': None, 'subsample': 0.8, 'tree_method': 'hist', 'validate_parameters': None, 'verbosity': None}",f9f09063d2a6e5ac89f7b13700bfb4a4a70c6ff20ab3daab9f3b7d345ee23e86,returned,0.251699000000372,0.25,False,pleia
feaa90e17d4543eaaf0d141652a0950e,owner_fit_h6_enbpi,False,xgboost_estimator_fit,xgboost.sklearn,fit,XGBRegressor,22236,2026-09-14T14:05:36.296977+00:00,14856,"{'objective': 'reg:squarederror', 'base_score': None, 'booster': None, 'callbacks': None, 'colsample_bylevel': None, 'colsample_bynode': None, 'colsample_bytree': 0.8, 'device': None, 'early_stopping_rounds': None, 'enable_categorical': False, 'eval_metric': None, 'feature_types': None, 'feature_weights': None, 'gamma': None, 'grow_policy': None, 'importance_type': None, 'interaction_constraints': None, 'learning_rate': 0.05, 'max_bin': None, 'max_cat_threshold': None, 'max_cat_to_onehot': None, 'max_delta_step': None, 'max_depth': 5, 'max_leaves': None, 'min_child_weight': None, 'missing': nan, 'monotone_constraints': None, 'multi_strategy': None, 'n_estimators': 60, 'n_jobs': 1, 'num_parallel_tree': None, 'random_state': 42, 'reg_alpha': None, 'reg_lambda': None, 'sampling_method': None, 'scale_pos_weight': None, 'subsample': 0.8, 'tree_method': 'hist', 'validate_parameters': None, 'verbosity': None}",9a53c66cedbe15f24ef41de0668a66e8ac8a007bc09b7f4aad8ce7323103d150,started,,,,pleia
feaa90e17d4543eaaf0d141652a0950e,owner_fit_h6_enbpi,False,xgboost_estimator_fit,xgboost.sklearn,fit,XGBRegressor,22236,2026-09-14T14:05:36.296977+00:00,14856,"{'objective': 'reg:squarederror', 'base_score': None, 'booster': None, 'callbacks': None, 'colsample_bylevel': None, 'colsample_bynode': None, 'colsample_bytree': 0.8, 'device': None, 'early_stopping_rounds': None, 'enable_categorical': False, 'eval_metric': None, 'feature_types': None, 'feature_weights': None, 'gamma': None, 'grow_policy': None, 'importance_type': None, 'interaction_constraints': None, 'learning_rate': 0.05, 'max_bin': None, 'max_cat_threshold': None, 'max_cat_to_onehot': None, 'max_delta_step': None, 'max_depth': 5, 'max_leaves': None, 'min_child_weight': None, 'missing': nan, 'monotone_constraints': None, 'multi_strategy': None, 'n_estimators': 60, 'n_jobs': 1, 'num_parallel_tree': None, 'random_state': 42, 'reg_alpha': None, 'reg_lambda': None, 'sampling_method': None, 'scale_pos_weight': None, 'subsample': 0.8, 'tree_method': 'hist', 'validate_parameters': None, 'verbosity': None}",9a53c66cedbe15f24ef41de0668a66e8ac8a007bc09b7f4aad8ce7323103d150,returned,0.259080200004973,0.25,False,pleia
771f44bffd414f789235a4449dc55875,owner_fit_h6_enbpi,False,xgboost_estimator_fit,xgboost.sklearn,fit,XGBRegressor,22236,2026-09-14T14:05:36.572283+00:00,14856,"{'objective': 'reg:squarederror', 'base_score': None, 'booster': None, 'callbacks': None, 'colsample_bylevel': None, 'colsample_bynode': None, 'colsample_bytree': 0.8, 'device': None, 'early_stopping_rounds': None, 'enable_categorical': False, 'eval_metric': None, 'feature_types': None, 'feature_weights': None, 'gamma': None, 'grow_policy': None, 'importance_type': None, 'interaction_constraints': None, 'learning_rate': 0.05, 'max_bin': None, 'max_cat_threshold': None, 'max_cat_to_onehot': None, 'max_delta_step': None, 'max_depth': 5, 'max_leaves': None, 'min_child_weight': None, 'missing': nan, 'monotone_constraints': None, 'multi_strategy': None, 'n_estimators': 60, 'n_jobs': 1, 'num_parallel_tree': None, 'random_state': 42, 'reg_alpha': None, 'reg_lambda': None, 'sampling_method': None, 'scale_pos_weight': None, 'subsample': 0.8, 'tree_method': 'hist', 'validate_parameters': None, 'verbosity': None}",33b15d99a8831670dcfd5575065a7367ffe7e4cffd689ba0245df31015645b18,started,,,,pleia
771f44bffd414f789235a4449dc55875,owner_fit_h6_enbpi,False,xgboost_estimator_fit,xgboost.sklearn,fit,XGBRegressor,22236,2026-09-14T14:05:36.572283+00:00,14856,"{'objective': 'reg:squarederror', 'base_score': None, 'booster': None, 'callbacks': None, 'colsample_bylevel': None, 'colsample_bynode': None, 'colsample_bytree': 0.8, 'device': None, 'early_stopping_rounds': None, 'enable_categorical': False, 'eval_metric': None, 'feature_types': None, 'feature_weights': None, 'gamma': None, 'grow_policy': None, 'importance_type': None, 'interaction_constraints': None, 'learning_rate': 0.05, 'max_bin': None, 'max_cat_threshold': None, 'max_cat_to_onehot': None, 'max_delta_step': None, 'max_depth': 5, 'max_leaves': None, 'min_child_weight': None, 'missing': nan, 'monotone_constraints': None, 'multi_strategy': None, 'n_estimators': 60, 'n_jobs': 1, 'num_parallel_tree': None, 'random_state': 42, 'reg_alpha': None, 'reg_lambda': None, 'sampling_method': None, 'scale_pos_weight': None, 'subsample': 0.8, 'tree_method': 'hist', 'validate_parameters': None, 'verbosity': None}",33b15d99a8831670dcfd5575065a7367ffe7e4cffd689ba0245df31015645b18,returned,0.218280100001721,0.21875,False,pleia
21abb66a955f4d0b9f799e6913f34468,owner_fit_h6_enbpi,False,xgboost_estimator_fit,xgboost.sklearn,fit,XGBRegressor,22236,2026-09-14T14:05:36.800378+00:00,14856,"{'objective': 'reg:squarederror', 'base_score': None, 'booster': None, 'callbacks': None, 'colsample_bylevel': None, 'colsample_bynode': None, 'colsample_bytree': 0.8, 'device': None, 'early_stopping_rounds': None, 'enable_categorical': False, 'eval_metric': None, 'feature_types': None, 'feature_weights': None, 'gamma': None, 'grow_policy': None, 'importance_type': None, 'interaction_constraints': None, 'learning_rate': 0.05, 'max_bin': None, 'max_cat_threshold': None, 'max_cat_to_onehot': None, 'max_delta_step': None, 'max_depth': 5, 'max_leaves': None, 'min_child_weight': None, 'missing': nan, 'monotone_constraints': None, 'multi_strategy': None, 'n_estimators': 60, 'n_jobs': 1, 'num_parallel_tree': None, 'random_state': 42, 'reg_alpha': None, 'reg_lambda': None, 'sampling_method': None, 'scale_pos_weight': None, 'subsample': 0.8, 'tree_method': 'hist', 'validate_parameters': None, 'verbosity': None}",07980d1959860e95d33be534046e8ee4205cf871687ff7e50e7c60f00d8d8688,started,,,,pleia
21abb66a955f4d0b9f799e6913f34468,owner_fit_h6_enbpi,False,xgboost_estimator_fit,xgboost.sklearn,fit,XGBRegressor,22236,2026-09-14T14:05:36.800378+00:00,14856,"{'objective': 'reg:squarederror', 'base_score': None, 'booster': None, 'callbacks': None, 'colsample_bylevel': None, 'colsample_bynode': None, 'colsample_bytree': 0.8, 'device': None, 'early_stopping_rounds': None, 'enable_categorical': False, 'eval_metric': None, 'feature_types': None, 'feature_weights': None, 'gamma': None, 'grow_policy': None, 'importance_type': None, 'interaction_constraints': None, 'learning_rate': 0.05, 'max_bin': None, 'max_cat_threshold': None, 'max_cat_to_onehot': None, 'max_delta_step': None, 'max_depth': 5, 'max_leaves': None, 'min_child_weight': None, 'missing': nan, 'monotone_constraints': None, 'multi_strategy': None, 'n_estimators': 60, 'n_jobs': 1, 'num_parallel_tree': None, 'random_state': 42, 'reg_alpha': None, 'reg_lambda': None, 'sampling_method': None, 'scale_pos_weight': None, 'subsample': 0.8, 'tree_method': 'hist', 'validate_parameters': None, 'verbosity': None}",07980d1959860e95d33be534046e8ee4205cf871687ff7e50e7c60f00d8d8688,returned,0.229435900007957,0.234375,False,pleia
0349ad6c3e47475fad23d597c824ac45,owner_fit_h6_enbpi,False,calibrator_conformalize,mapie.regression.regression,conformalize,TimeSeriesRegressor,22236,2026-09-14T14:05:35.795860+00:00,14850,"{'agg_function': 'mean', 'conformity_score': None, 'cv': 'BlockBootstrap(length=24, n_blocks=None, n_resamplings=5, overlapping=True,\n        random_state=42)', 'estimator': 'XGBRegressor(base_score=None, booster=None, callbacks=None,\n             colsample_bylevel=None, colsample_bynode=None,\n             colsample_bytree=0.8, device=None, early_stopping_rounds=None,\n             enable_categorical=False, eval_metric=None, feature_types=None,\n             feature_weights=None, gamma=None, grow_policy=None,\n             importance_type=None, interaction_constraints=None,\n             learning_rate=0.05, max_bin=None, max_cat_threshold=None,\n             max_cat_to_onehot=None, max_delta_step=None, max_depth=5,\n             max_leaves=None, min_child_weight=None, missing=nan,\n             monotone_constraints=None, multi_strategy=None, n_estimators=60,\n             n_jobs=1, num_parallel_tree=None, ...)', 'method': 'enbpi', 'n_jobs': 1, 'random_state': 42, 'verbose': 0}",32bc4b0dcbd190c3f9f20a4f0a0b71db6977e8a08b48a2bb6290316598feb354,returned,1.28768100000161,1.28125,False,pleia
15d55b69625542a08a52d51ebd43ed17,owner_fit_h6_enbpi,False,enbpi_wrapper_fit,mapie.regression.regression,fit,TimeSeriesRegressor,22236,2026-09-14T14:05:35.569158+00:00,14850,"{'agg_function': 'mean', 'conformity_score': None, 'cv': 'BlockBootstrap(length=24, n_blocks=None, n_resamplings=5, overlapping=True,\n        random_state=42)', 'estimator': 'XGBRegressor(base_score=None, booster=None, callbacks=None,\n             colsample_bylevel=None, colsample_bynode=None,\n             colsample_bytree=0.8, device=None, early_stopping_rounds=None,\n             enable_categorical=False, eval_metric=None, feature_types=None,\n             feature_weights=None, gamma=None, grow_policy=None,\n             importance_type=None, interaction_constraints=None,\n             learning_rate=0.05, max_bin=None, max_cat_threshold=None,\n             max_cat_to_onehot=None, max_delta_step=None, max_depth=5,\n             max_leaves=None, min_child_weight=None, missing=nan,\n             monotone_constraints=None, multi_strategy=None, n_estimators=60,\n             n_jobs=1, num_parallel_tree=None, ...)', 'method': 'enbpi', 'n_jobs': 1, 'random_state': 42, 'verbose': 0}",32bc4b0dcbd190c3f9f20a4f0a0b71db6977e8a08b48a2bb6290316598feb354,returned,1.51617560000159,1.5,False,pleia
b3a1f40adf5e45d497c004e8d267f72a,owner_cal_h6_enbpi,False,calibrator_conformalize,mapie.regression.regression,conformalize,TimeSeriesRegressor,22236,2026-09-14T14:05:37.177369+00:00,4951,"{'agg_function': 'mean', 'conformity_score': None, 'cv': 'BlockBootstrap(length=24, n_blocks=None, n_resamplings=5, overlapping=True,\n        random_state=42)', 'estimator': 'XGBRegressor(base_score=None, booster=None, callbacks=None,\n             colsample_bylevel=None, colsample_bynode=None,\n             colsample_bytree=0.8, device=None, early_stopping_rounds=None,\n             enable_categorical=False, eval_metric=None, feature_types=None,\n             feature_weights=None, gamma=None, grow_policy=None,\n             importance_type=None, interaction_constraints=None,\n             learning_rate=0.05, max_bin=None, max_cat_threshold=None,\n             max_cat_to_onehot=None, max_delta_step=None, max_depth=5,\n             max_leaves=None, min_child_weight=None, missing=nan,\n             monotone_constraints=None, multi_strategy=None, n_estimators=60,\n             n_jobs=1, num_parallel_tree=None, ...)', 'method': 'enbpi', 'n_jobs': 1, 'random_state': 42, 'verbose': 0}",880ffc7d6a3dafe3c8af42f2222990a6c4e8a32599bc5b6244fa5633283a24c8,started,,,,pleia
602b3b8aa841444a88fbd410a62605b7,owner_cal_h6_enbpi,False,xgboost_estimator_fit,xgboost.sklearn,fit,XGBRegressor,22236,2026-09-14T14:05:37.185588+00:00,4968,"{'objective': 'reg:squarederror', 'base_score': None, 'booster': None, 'callbacks': None, 'colsample_bylevel': None, 'colsample_bynode': None, 'colsample_bytree': 0.8, 'device': None, 'early_stopping_rounds': None, 'enable_categorical': False, 'eval_metric': None, 'feature_types': None, 'feature_weights': None, 'gamma': None, 'grow_policy': None, 'importance_type': None, 'interaction_constraints': None, 'learning_rate': 0.05, 'max_bin': None, 'max_cat_threshold': None, 'max_cat_to_onehot': None, 'max_delta_step': None, 'max_depth': 5, 'max_leaves': None, 'min_child_weight': None, 'missing': nan, 'monotone_constraints': None, 'multi_strategy': None, 'n_estimators': 60, 'n_jobs': 1, 'num_parallel_tree': None, 'random_state': 42, 'reg_alpha': None, 'reg_lambda': None, 'sampling_method': None, 'scale_pos_weight': None, 'subsample': 0.8, 'tree_method': 'hist', 'validate_parameters': None, 'verbosity': None}",fbf14c0990d6598c5b33c7fc7c2784abd2d666b4b1c284a8d2f113b7c1dfae82,started,,,,pleia
602b3b8aa841444a88fbd410a62605b7,owner_cal_h6_enbpi,False,xgboost_estimator_fit,xgboost.sklearn,fit,XGBRegressor,22236,2026-09-14T14:05:37.185588+00:00,4968,"{'objective': 'reg:squarederror', 'base_score': None, 'booster': None, 'callbacks': None, 'colsample_bylevel': None, 'colsample_bynode': None, 'colsample_bytree': 0.8, 'device': None, 'early_stopping_rounds': None, 'enable_categorical': False, 'eval_metric': None, 'feature_types': None, 'feature_weights': None, 'gamma': None, 'grow_policy': None, 'importance_type': None, 'interaction_constraints': None, 'learning_rate': 0.05, 'max_bin': None, 'max_cat_threshold': None, 'max_cat_to_onehot': None, 'max_delta_step': None, 'max_depth': 5, 'max_leaves': None, 'min_child_weight': None, 'missing': nan, 'monotone_constraints': None, 'multi_strategy': None, 'n_estimators': 60, 'n_jobs': 1, 'num_parallel_tree': None, 'random_state': 42, 'reg_alpha': None, 'reg_lambda': None, 'sampling_method': None, 'scale_pos_weight': None, 'subsample': 0.8, 'tree_method': 'hist', 'validate_parameters': None, 'verbosity': None}",fbf14c0990d6598c5b33c7fc7c2784abd2d666b4b1c284a8d2f113b7c1dfae82,returned,0.119098800001666,0.125,False,pleia
850ac416e10748d7b6f1701c10799689,owner_cal_h6_enbpi,False,xgboost_estimator_fit,xgboost.sklearn,fit,XGBRegressor,22236,2026-09-14T14:05:37.312319+00:00,4968,"{'objective': 'reg:squarederror', 'base_score': None, 'booster': None, 'callbacks': None, 'colsample_bylevel': None, 'colsample_bynode': None, 'colsample_bytree': 0.8, 'device': None, 'early_stopping_rounds': None, 'enable_categorical': False, 'eval_metric': None, 'feature_types': None, 'feature_weights': None, 'gamma': None, 'grow_policy': None, 'importance_type': None, 'interaction_constraints': None, 'learning_rate': 0.05, 'max_bin': None, 'max_cat_threshold': None, 'max_cat_to_onehot': None, 'max_delta_step': None, 'max_depth': 5, 'max_leaves': None, 'min_child_weight': None, 'missing': nan, 'monotone_constraints': None, 'multi_strategy': None, 'n_estimators': 60, 'n_jobs': 1, 'num_parallel_tree': None, 'random_state': 42, 'reg_alpha': None, 'reg_lambda': None, 'sampling_method': None, 'scale_pos_weight': None, 'subsample': 0.8, 'tree_method': 'hist', 'validate_parameters': None, 'verbosity': None}",c6369488bda9ee527880aa51b607a343705e03d385c29b900af20242a38c697e,started,,,,pleia
850ac416e10748d7b6f1701c10799689,owner_cal_h6_enbpi,False,xgboost_estimator_fit,xgboost.sklearn,fit,XGBRegressor,22236,2026-09-14T14:05:37.312319+00:00,4968,"{'objective': 'reg:squarederror', 'base_score': None, 'booster': None, 'callbacks': None, 'colsample_bylevel': None, 'colsample_bynode': None, 'colsample_bytree': 0.8, 'device': None, 'early_stopping_rounds': None, 'enable_categorical': False, 'eval_metric': None, 'feature_types': None, 'feature_weights': None, 'gamma': None, 'grow_policy': None, 'importance_type': None, 'interaction_constraints': None, 'learning_rate': 0.05, 'max_bin': None, 'max_cat_threshold': None, 'max_cat_to_onehot': None, 'max_delta_step': None, 'max_depth': 5, 'max_leaves': None, 'min_child_weight': None, 'missing': nan, 'monotone_constraints': None, 'multi_strategy': None, 'n_estimators': 60, 'n_jobs': 1, 'num_parallel_tree': None, 'random_state': 42, 'reg_alpha': None, 'reg_lambda': None, 'sampling_method': None, 'scale_pos_weight': None, 'subsample': 0.8, 'tree_method': 'hist', 'validate_parameters': None, 'verbosity': None}",c6369488bda9ee527880aa51b607a343705e03d385c29b900af20242a38c697e,returned,0.119503599999007,0.109375,False,pleia
3026d63e65004aca9a05233953ac390b,owner_cal_h6_enbpi,False,xgboost_estimator_fit,xgboost.sklearn,fit,XGBRegressor,22236,2026-09-14T14:05:37.439997+00:00,4968,"{'objective': 'reg:squarederror', 'base_score': None, 'booster': None, 'callbacks': None, 'colsample_bylevel': None, 'colsample_bynode': None, 'colsample_bytree': 0.8, 'device': None, 'early_stopping_rounds': None, 'enable_categorical': False, 'eval_metric': None, 'feature_types': None, 'feature_weights': None, 'gamma': None, 'grow_policy': None, 'importance_type': None, 'interaction_constraints': None, 'learning_rate': 0.05, 'max_bin': None, 'max_cat_threshold': None, 'max_cat_to_onehot': None, 'max_delta_step': None, 'max_depth': 5, 'max_leaves': None, 'min_child_weight': None, 'missing': nan, 'monotone_constraints': None, 'multi_strategy': None, 'n_estimators': 60, 'n_jobs': 1, 'num_parallel_tree': None, 'random_state': 42, 'reg_alpha': None, 'reg_lambda': None, 'sampling_method': None, 'scale_pos_weight': None, 'subsample': 0.8, 'tree_method': 'hist', 'validate_parameters': None, 'verbosity': None}",e4e611782cfca5452094b1fd135192b566b982d14af490a043e11f2525dcabe7,started,,,,pleia
3026d63e65004aca9a05233953ac390b,owner_cal_h6_enbpi,False,xgboost_estimator_fit,xgboost.sklearn,fit,XGBRegressor,22236,2026-09-14T14:05:37.439997+00:00,4968,"{'objective': 'reg:squarederror', 'base_score': None, 'booster': None, 'callbacks': None, 'colsample_bylevel': None, 'colsample_bynode': None, 'colsample_bytree': 0.8, 'device': None, 'early_stopping_rounds': None, 'enable_categorical': False, 'eval_metric': None, 'feature_types': None, 'feature_weights': None, 'gamma': None, 'grow_policy': None, 'importance_type': None, 'interaction_constraints': None, 'learning_rate': 0.05, 'max_bin': None, 'max_cat_threshold': None, 'max_cat_to_onehot': None, 'max_delta_step': None, 'max_depth': 5, 'max_leaves': None, 'min_child_weight': None, 'missing': nan, 'monotone_constraints': None, 'multi_strategy': None, 'n_estimators': 60, 'n_jobs': 1, 'num_parallel_tree': None, 'random_state': 42, 'reg_alpha': None, 'reg_lambda': None, 'sampling_method': None, 'scale_pos_weight': None, 'subsample': 0.8, 'tree_method': 'hist', 'validate_parameters': None, 'verbosity': None}",e4e611782cfca5452094b1fd135192b566b982d14af490a043e11f2525dcabe7,returned,0.115886300001875,0.109375,False,pleia
2ebe0fb31c2a4e77a557d908bf796b9a,owner_cal_h6_enbpi,False,xgboost_estimator_fit,xgboost.sklearn,fit,XGBRegressor,22236,2026-09-14T14:05:37.563104+00:00,4968,"{'objective': 'reg:squarederror', 'base_score': None, 'booster': None, 'callbacks': None, 'colsample_bylevel': None, 'colsample_bynode': None, 'colsample_bytree': 0.8, 'device': None, 'early_stopping_rounds': None, 'enable_categorical': False, 'eval_metric': None, 'feature_types': None, 'feature_weights': None, 'gamma': None, 'grow_policy': None, 'importance_type': None, 'interaction_constraints': None, 'learning_rate': 0.05, 'max_bin': None, 'max_cat_threshold': None, 'max_cat_to_onehot': None, 'max_delta_step': None, 'max_depth': 5, 'max_leaves': None, 'min_child_weight': None, 'missing': nan, 'monotone_constraints': None, 'multi_strategy': None, 'n_estimators': 60, 'n_jobs': 1, 'num_parallel_tree': None, 'random_state': 42, 'reg_alpha': None, 'reg_lambda': None, 'sampling_method': None, 'scale_pos_weight': None, 'subsample': 0.8, 'tree_method': 'hist', 'validate_parameters': None, 'verbosity': None}",2d8e6de6328f4651285e720baf6e442f2366736696d75cd5c42c5c3b646e938a,started,,,,pleia
2ebe0fb31c2a4e77a557d908bf796b9a,owner_cal_h6_enbpi,False,xgboost_estimator_fit,xgboost.sklearn,fit,XGBRegressor,22236,2026-09-14T14:05:37.563104+00:00,4968,"{'objective': 'reg:squarederror', 'base_score': None, 'booster': None, 'callbacks': None, 'colsample_bylevel': None, 'colsample_bynode': None, 'colsample_bytree': 0.8, 'device': None, 'early_stopping_rounds': None, 'enable_categorical': False, 'eval_metric': None, 'feature_types': None, 'feature_weights': None, 'gamma': None, 'grow_policy': None, 'importance_type': None, 'interaction_constraints': None, 'learning_rate': 0.05, 'max_bin': None, 'max_cat_threshold': None, 'max_cat_to_onehot': None, 'max_delta_step': None, 'max_depth': 5, 'max_leaves': None, 'min_child_weight': None, 'missing': nan, 'monotone_constraints': None, 'multi_strategy': None, 'n_estimators': 60, 'n_jobs': 1, 'num_parallel_tree': None, 'random_state': 42, 'reg_alpha': None, 'reg_lambda': None, 'sampling_method': None, 'scale_pos_weight': None, 'subsample': 0.8, 'tree_method': 'hist', 'validate_parameters': None, 'verbosity': None}",2d8e6de6328f4651285e720baf6e442f2366736696d75cd5c42c5c3b646e938a,returned,0.120632999998634,0.109375,False,pleia
251cc2dc0ecd4757af759942296e6b35,owner_cal_h6_enbpi,False,xgboost_estimator_fit,xgboost.sklearn,fit,XGBRegressor,22236,2026-09-14T14:05:37.691387+00:00,4968,"{'objective': 'reg:squarederror', 'base_score': None, 'booster': None, 'callbacks': None, 'colsample_bylevel': None, 'colsample_bynode': None, 'colsample_bytree': 0.8, 'device': None, 'early_stopping_rounds': None, 'enable_categorical': False, 'eval_metric': None, 'feature_types': None, 'feature_weights': None, 'gamma': None, 'grow_policy': None, 'importance_type': None, 'interaction_constraints': None, 'learning_rate': 0.05, 'max_bin': None, 'max_cat_threshold': None, 'max_cat_to_onehot': None, 'max_delta_step': None, 'max_depth': 5, 'max_leaves': None, 'min_child_weight': None, 'missing': nan, 'monotone_constraints': None, 'multi_strategy': None, 'n_estimators': 60, 'n_jobs': 1, 'num_parallel_tree': None, 'random_state': 42, 'reg_alpha': None, 'reg_lambda': None, 'sampling_method': None, 'scale_pos_weight': None, 'subsample': 0.8, 'tree_method': 'hist', 'validate_parameters': None, 'verbosity': None}",7649dea7f50610b777f730b0a8ef6887bbffa690107f93ac42a7d4ff2eb93c12,started,,,,pleia
251cc2dc0ecd4757af759942296e6b35,owner_cal_h6_enbpi,False,xgboost_estimator_fit,xgboost.sklearn,fit,XGBRegressor,22236,2026-09-14T14:05:37.691387+00:00,4968,"{'objective': 'reg:squarederror', 'base_score': None, 'booster': None, 'callbacks': None, 'colsample_bylevel': None, 'colsample_bynode': None, 'colsample_bytree': 0.8, 'device': None, 'early_stopping_rounds': None, 'enable_categorical': False, 'eval_metric': None, 'feature_types': None, 'feature_weights': None, 'gamma': None, 'grow_policy': None, 'importance_type': None, 'interaction_constraints': None, 'learning_rate': 0.05, 'max_bin': None, 'max_cat_threshold': None, 'max_cat_to_onehot': None, 'max_delta_step': None, 'max_depth': 5, 'max_leaves': None, 'min_child_weight': None, 'missing': nan, 'monotone_constraints': None, 'multi_strategy': None, 'n_estimators': 60, 'n_jobs': 1, 'num_parallel_tree': None, 'random_state': 42, 'reg_alpha': None, 'reg_lambda': None, 'sampling_method': None, 'scale_pos_weight': None, 'subsample': 0.8, 'tree_method': 'hist', 'validate_parameters': None, 'verbosity': None}",7649dea7f50610b777f730b0a8ef6887bbffa690107f93ac42a7d4ff2eb93c12,returned,0.119221000000834,0.125,False,pleia
b3a1f40adf5e45d497c004e8d267f72a,owner_cal_h6_enbpi,False,calibrator_conformalize,mapie.regression.regression,conformalize,TimeSeriesRegressor,22236,2026-09-14T14:05:37.177369+00:00,4951,"{'agg_function': 'mean', 'conformity_score': None, 'cv': 'BlockBootstrap(length=24, n_blocks=None, n_resamplings=5, overlapping=True,\n        random_state=42)', 'estimator': 'XGBRegressor(base_score=None, booster=None, callbacks=None,\n             colsample_bylevel=None, colsample_bynode=None,\n             colsample_bytree=0.8, device=None, early_stopping_rounds=None,\n             enable_categorical=False, eval_metric=None, feature_types=None,\n             feature_weights=None, gamma=None, grow_policy=None,\n             importance_type=None, interaction_constraints=None,\n             learning_rate=0.05, max_bin=None, max_cat_threshold=None,\n             max_cat_to_onehot=None, max_delta_step=None, max_depth=5,\n             max_leaves=None, min_child_weight=None, missing=nan,\n             monotone_constraints=None, multi_strategy=None, n_estimators=60,\n             n_jobs=1, num_parallel_tree=None, ...)', 'method': 'enbpi', 'n_jobs': 1, 'random_state': 42, 'verbose': 0}",880ffc7d6a3dafe3c8af42f2222990a6c4e8a32599bc5b6244fa5633283a24c8,returned,0.663080900005298,0.65625,False,pleia
46ad551e497045e7adbf29a9fc1e43a6,dscp_fit,False,dscp_calibrator_fit,src.conformal_dscp,fit_dscp,,22236,2026-09-14T14:06:14.421757+00:00,4943,{},16b59c9712d5f9c6b608a4ae462e4c27e4cf156237d1685da2067c266850b686,started,,,,pleia
bdfcfe1ac5d449b19b7d4cf9cb05e607,dscp_fit,False,kmeans_candidate_fit,sklearn.cluster._kmeans,fit,KMeans,22236,2026-09-14T14:06:14.423755+00:00,4943,"{'algorithm': 'lloyd', 'copy_x': True, 'init': 'k-means++', 'max_iter': 300, 'n_clusters': 2, 'n_init': 10, 'random_state': 42, 'tol': 0.0001, 'verbose': 0}",,started,,,,pleia
bdfcfe1ac5d449b19b7d4cf9cb05e607,dscp_fit,False,kmeans_candidate_fit,sklearn.cluster._kmeans,fit,KMeans,22236,2026-09-14T14:06:14.423755+00:00,4943,"{'algorithm': 'lloyd', 'copy_x': True, 'init': 'k-means++', 'max_iter': 300, 'n_clusters': 2, 'n_init': 10, 'random_state': 42, 'tol': 0.0001, 'verbose': 0}",,returned,0.0946240999910515,0.078125,False,pleia
5b009f0fdd1544dba586a27f51059219,dscp_fit,False,kmeans_candidate_fit,sklearn.cluster._kmeans,fit,KMeans,22236,2026-09-14T14:06:14.595956+00:00,4943,"{'algorithm': 'lloyd', 'copy_x': True, 'init': 'k-means++', 'max_iter': 300, 'n_clusters': 3, 'n_init': 10, 'random_state': 42, 'tol': 0.0001, 'verbose': 0}",,started,,,,pleia
5b009f0fdd1544dba586a27f51059219,dscp_fit,False,kmeans_candidate_fit,sklearn.cluster._kmeans,fit,KMeans,22236,2026-09-14T14:06:14.595956+00:00,4943,"{'algorithm': 'lloyd', 'copy_x': True, 'init': 'k-means++', 'max_iter': 300, 'n_clusters': 3, 'n_init': 10, 'random_state': 42, 'tol': 0.0001, 'verbose': 0}",,returned,0.0305220999871381,0.03125,False,pleia
466448faec534527955d8f966341c0a3,dscp_fit,False,kmeans_candidate_fit,sklearn.cluster._kmeans,fit,KMeans,22236,2026-09-14T14:06:14.698211+00:00,4943,"{'algorithm': 'lloyd', 'copy_x': True, 'init': 'k-means++', 'max_iter': 300, 'n_clusters': 4, 'n_init': 10, 'random_state': 42, 'tol': 0.0001, 'verbose': 0}",,started,,,,pleia
466448faec534527955d8f966341c0a3,dscp_fit,False,kmeans_candidate_fit,sklearn.cluster._kmeans,fit,KMeans,22236,2026-09-14T14:06:14.698211+00:00,4943,"{'algorithm': 'lloyd', 'copy_x': True, 'init': 'k-means++', 'max_iter': 300, 'n_clusters': 4, 'n_init': 10, 'random_state': 42, 'tol': 0.0001, 'verbose': 0}",,returned,0.0485027999966405,0.046875,False,pleia
b5e51359b5d44b45b52f45af57666aa5,dscp_fit,False,kmeans_candidate_fit,sklearn.cluster._kmeans,fit,KMeans,22236,2026-09-14T14:06:14.813392+00:00,4943,"{'algorithm': 'lloyd', 'copy_x': True, 'init': 'k-means++', 'max_iter': 300, 'n_clusters': 5, 'n_init': 10, 'random_state': 42, 'tol': 0.0001, 'verbose': 0}",,started,,,,pleia
b5e51359b5d44b45b52f45af57666aa5,dscp_fit,False,kmeans_candidate_fit,sklearn.cluster._kmeans,fit,KMeans,22236,2026-09-14T14:06:14.813392+00:00,4943,"{'algorithm': 'lloyd', 'copy_x': True, 'init': 'k-means++', 'max_iter': 300, 'n_clusters': 5, 'n_init': 10, 'random_state': 42, 'tol': 0.0001, 'verbose': 0}",,returned,0.0513980999967316,0.046875,False,pleia
1d985366b94941d2a13e446d648086bc,dscp_fit,False,kmeans_candidate_fit,sklearn.cluster._kmeans,fit,KMeans,22236,2026-09-14T14:06:14.928655+00:00,4943,"{'algorithm': 'lloyd', 'copy_x': True, 'init': 'k-means++', 'max_iter': 300, 'n_clusters': 6, 'n_init': 10, 'random_state': 42, 'tol': 0.0001, 'verbose': 0}",,started,,,,pleia
1d985366b94941d2a13e446d648086bc,dscp_fit,False,kmeans_candidate_fit,sklearn.cluster._kmeans,fit,KMeans,22236,2026-09-14T14:06:14.928655+00:00,4943,"{'algorithm': 'lloyd', 'copy_x': True, 'init': 'k-means++', 'max_iter': 300, 'n_clusters': 6, 'n_init': 10, 'random_state': 42, 'tol': 0.0001, 'verbose': 0}",,returned,0.0650683999992907,0.0625,False,pleia
46ad551e497045e7adbf29a9fc1e43a6,dscp_fit,False,dscp_calibrator_fit,src.conformal_dscp,fit_dscp,,22236,2026-09-14T14:06:14.421757+00:00,4943,{},16b59c9712d5f9c6b608a4ae462e4c27e4cf156237d1685da2067c266850b686,returned,0.646578799991403,0.59375,False,pleia
adf309325f01485b8917d30ca4fe84bf,owner_fit_h5_cqr_l90,False,cqr_wrapper_fit,mapie.regression.quantile_regression,fit,ConformalizedQuantileRegressor,19084,2026-09-14T14:11:14.385343+00:00,12932,{},1bee9059aa55146c9eb17ca19b69544001e0ff64751870487d65be244949e195,started,,,,rico
ddb1708e022640b88983444b2b80a649,owner_fit_h5_cqr_l90,False,quantile_estimator_fit,sklearn.ensemble._hist_gradient_boosting.gradient_boosting,fit,HistGradientBoostingRegressor,19084,2026-09-14T14:11:14.392398+00:00,12932,"{'categorical_features': 'warn', 'early_stopping': 'auto', 'interaction_cst': None, 'l2_regularization': 0.0, 'learning_rate': 0.05, 'loss': 'quantile', 'max_bins': 255, 'max_depth': None, 'max_features': 1.0, 'max_iter': 300, 'max_leaf_nodes': 31, 'min_samples_leaf': 50, 'monotonic_cst': None, 'n_iter_no_change': 10, 'quantile': 0.05, 'random_state': 42, 'scoring': 'loss', 'tol': 1e-07, 'validation_fraction': 0.1, 'verbose': 0, 'warm_start': False}",1bee9059aa55146c9eb17ca19b69544001e0ff64751870487d65be244949e195,started,,,,rico
ddb1708e022640b88983444b2b80a649,owner_fit_h5_cqr_l90,False,quantile_estimator_fit,sklearn.ensemble._hist_gradient_boosting.gradient_boosting,fit,HistGradientBoostingRegressor,19084,2026-09-14T14:11:14.392398+00:00,12932,"{'categorical_features': 'warn', 'early_stopping': 'auto', 'interaction_cst': None, 'l2_regularization': 0.0, 'learning_rate': 0.05, 'loss': 'quantile', 'max_bins': 255, 'max_depth': None, 'max_features': 1.0, 'max_iter': 300, 'max_leaf_nodes': 31, 'min_samples_leaf': 50, 'monotonic_cst': None, 'n_iter_no_change': 10, 'quantile': 0.05, 'random_state': 42, 'scoring': 'loss', 'tol': 1e-07, 'validation_fraction': 0.1, 'verbose': 0, 'warm_start': False}",1bee9059aa55146c9eb17ca19b69544001e0ff64751870487d65be244949e195,returned,3.52890340000158,3.46875,False,rico
9115714a5fd8463f91433226255e559b,owner_fit_h5_cqr_l90,False,quantile_estimator_fit,sklearn.ensemble._hist_gradient_boosting.gradient_boosting,fit,HistGradientBoostingRegressor,19084,2026-09-14T14:11:17.926140+00:00,12932,"{'categorical_features': 'warn', 'early_stopping': 'auto', 'interaction_cst': None, 'l2_regularization': 0.0, 'learning_rate': 0.05, 'loss': 'quantile', 'max_bins': 255, 'max_depth': None, 'max_features': 1.0, 'max_iter': 300, 'max_leaf_nodes': 31, 'min_samples_leaf': 50, 'monotonic_cst': None, 'n_iter_no_change': 10, 'quantile': 0.95, 'random_state': 42, 'scoring': 'loss', 'tol': 1e-07, 'validation_fraction': 0.1, 'verbose': 0, 'warm_start': False}",1bee9059aa55146c9eb17ca19b69544001e0ff64751870487d65be244949e195,started,,,,rico
9115714a5fd8463f91433226255e559b,owner_fit_h5_cqr_l90,False,quantile_estimator_fit,sklearn.ensemble._hist_gradient_boosting.gradient_boosting,fit,HistGradientBoostingRegressor,19084,2026-09-14T14:11:17.926140+00:00,12932,"{'categorical_features': 'warn', 'early_stopping': 'auto', 'interaction_cst': None, 'l2_regularization': 0.0, 'learning_rate': 0.05, 'loss': 'quantile', 'max_bins': 255, 'max_depth': None, 'max_features': 1.0, 'max_iter': 300, 'max_leaf_nodes': 31, 'min_samples_leaf': 50, 'monotonic_cst': None, 'n_iter_no_change': 10, 'quantile': 0.95, 'random_state': 42, 'scoring': 'loss', 'tol': 1e-07, 'validation_fraction': 0.1, 'verbose': 0, 'warm_start': False}",1bee9059aa55146c9eb17ca19b69544001e0ff64751870487d65be244949e195,returned,3.531256199989,3.4375,False,rico
e4e87fabb65547dfad7633b866d613c4,owner_fit_h5_cqr_l90,False,quantile_estimator_fit,sklearn.ensemble._hist_gradient_boosting.gradient_boosting,fit,HistGradientBoostingRegressor,19084,2026-09-14T14:11:21.462194+00:00,12932,"{'categorical_features': 'warn', 'early_stopping': 'auto', 'interaction_cst': None, 'l2_regularization': 0.0, 'learning_rate': 0.05, 'loss': 'quantile', 'max_bins': 255, 'max_depth': None, 'max_features': 1.0, 'max_iter': 300, 'max_leaf_nodes': 31, 'min_samples_leaf': 50, 'monotonic_cst': None, 'n_iter_no_change': 10, 'quantile': 0.5, 'random_state': 42, 'scoring': 'loss', 'tol': 1e-07, 'validation_fraction': 0.1, 'verbose': 0, 'warm_start': False}",1bee9059aa55146c9eb17ca19b69544001e0ff64751870487d65be244949e195,started,,,,rico
e4e87fabb65547dfad7633b866d613c4,owner_fit_h5_cqr_l90,False,quantile_estimator_fit,sklearn.ensemble._hist_gradient_boosting.gradient_boosting,fit,HistGradientBoostingRegressor,19084,2026-09-14T14:11:21.462194+00:00,12932,"{'categorical_features': 'warn', 'early_stopping': 'auto', 'interaction_cst': None, 'l2_regularization': 0.0, 'learning_rate': 0.05, 'loss': 'quantile', 'max_bins': 255, 'max_depth': None, 'max_features': 1.0, 'max_iter': 300, 'max_leaf_nodes': 31, 'min_samples_leaf': 50, 'monotonic_cst': None, 'n_iter_no_change': 10, 'quantile': 0.5, 'random_state': 42, 'scoring': 'loss', 'tol': 1e-07, 'validation_fraction': 0.1, 'verbose': 0, 'warm_start': False}",1bee9059aa55146c9eb17ca19b69544001e0ff64751870487d65be244949e195,returned,4.05698310000298,3.90625,False,rico
adf309325f01485b8917d30ca4fe84bf,owner_fit_h5_cqr_l90,False,cqr_wrapper_fit,mapie.regression.quantile_regression,fit,ConformalizedQuantileRegressor,19084,2026-09-14T14:11:14.385343+00:00,12932,{},1bee9059aa55146c9eb17ca19b69544001e0ff64751870487d65be244949e195,returned,11.1365009000001,10.828125,False,rico
1136c2d760fd41a9a16889e61c22145f,owner_cal_h5_cqr_l90,False,calibrator_conformalize,mapie.regression.quantile_regression,conformalize,ConformalizedQuantileRegressor,19084,2026-09-14T14:11:25.634714+00:00,4452,{},b8248de2943b4e836285568280785394bb0ed1a8d6a36dfd1108f5adbc924456,started,,,,rico
d2c5ddb961d841fe84a63b0b666a47bf,owner_cal_h5_cqr_l90,False,calibrator_conformalize,mapie.regression.quantile_regression,conformalize,_MapieQuantileRegressor,19084,2026-09-14T14:11:25.636715+00:00,4452,"{'alpha': 0.1, 'cv': 'split', 'estimator': ""HistGradientBoostingRegressor(learning_rate=0.05, loss='quantile', max_iter=300,\n                              min_samples_leaf=50, random_state=42)"", 'method': 'quantile'}",b8248de2943b4e836285568280785394bb0ed1a8d6a36dfd1108f5adbc924456,started,,,,rico
d2c5ddb961d841fe84a63b0b666a47bf,owner_cal_h5_cqr_l90,False,calibrator_conformalize,mapie.regression.quantile_regression,conformalize,_MapieQuantileRegressor,19084,2026-09-14T14:11:25.636715+00:00,4452,"{'alpha': 0.1, 'cv': 'split', 'estimator': ""HistGradientBoostingRegressor(learning_rate=0.05, loss='quantile', max_iter=300,\n                              min_samples_leaf=50, random_state=42)"", 'method': 'quantile'}",b8248de2943b4e836285568280785394bb0ed1a8d6a36dfd1108f5adbc924456,returned,0.539024099998642,0.515625,False,rico
1136c2d760fd41a9a16889e61c22145f,owner_cal_h5_cqr_l90,False,calibrator_conformalize,mapie.regression.quantile_regression,conformalize,ConformalizedQuantileRegressor,19084,2026-09-14T14:11:25.634714+00:00,4452,{},b8248de2943b4e836285568280785394bb0ed1a8d6a36dfd1108f5adbc924456,returned,0.543483599991305,0.515625,False,rico
b164ef4ee0594e65ae2072ded9e6fd69,owner_fit_h5_cqr_l95,False,cqr_wrapper_fit,mapie.regression.quantile_regression,fit,ConformalizedQuantileRegressor,19084,2026-09-14T14:11:36.711342+00:00,12932,{},1bee9059aa55146c9eb17ca19b69544001e0ff64751870487d65be244949e195,started,,,,rico
62ace7be9aca447d92bc76e5ba4b359b,owner_fit_h5_cqr_l95,False,quantile_estimator_fit,sklearn.ensemble._hist_gradient_boosting.gradient_boosting,fit,HistGradientBoostingRegressor,19084,2026-09-14T14:11:36.716347+00:00,12932,"{'categorical_features': 'warn', 'early_stopping': 'auto', 'interaction_cst': None, 'l2_regularization': 0.0, 'learning_rate': 0.05, 'loss': 'quantile', 'max_bins': 255, 'max_depth': None, 'max_features': 1.0, 'max_iter': 300, 'max_leaf_nodes': 31, 'min_samples_leaf': 50, 'monotonic_cst': None, 'n_iter_no_change': 10, 'quantile': 0.025, 'random_state': 42, 'scoring': 'loss', 'tol': 1e-07, 'validation_fraction': 0.1, 'verbose': 0, 'warm_start': False}",1bee9059aa55146c9eb17ca19b69544001e0ff64751870487d65be244949e195,started,,,,rico
62ace7be9aca447d92bc76e5ba4b359b,owner_fit_h5_cqr_l95,False,quantile_estimator_fit,sklearn.ensemble._hist_gradient_boosting.gradient_boosting,fit,HistGradientBoostingRegressor,19084,2026-09-14T14:11:36.716347+00:00,12932,"{'categorical_features': 'warn', 'early_stopping': 'auto', 'interaction_cst': None, 'l2_regularization': 0.0, 'learning_rate': 0.05, 'loss': 'quantile', 'max_bins': 255, 'max_depth': None, 'max_features': 1.0, 'max_iter': 300, 'max_leaf_nodes': 31, 'min_samples_leaf': 50, 'monotonic_cst': None, 'n_iter_no_change': 10, 'quantile': 0.025, 'random_state': 42, 'scoring': 'loss', 'tol': 1e-07, 'validation_fraction': 0.1, 'verbose': 0, 'warm_start': False}",1bee9059aa55146c9eb17ca19b69544001e0ff64751870487d65be244949e195,returned,3.61112810000486,3.53125,False,rico
f2a5e4e241a040ba8deef8fd7f31ecdd,owner_fit_h5_cqr_l95,False,quantile_estimator_fit,sklearn.ensemble._hist_gradient_boosting.gradient_boosting,fit,HistGradientBoostingRegressor,19084,2026-09-14T14:11:40.333387+00:00,12932,"{'categorical_features': 'warn', 'early_stopping': 'auto', 'interaction_cst': None, 'l2_regularization': 0.0, 'learning_rate': 0.05, 'loss': 'quantile', 'max_bins': 255, 'max_depth': None, 'max_features': 1.0, 'max_iter': 300, 'max_leaf_nodes': 31, 'min_samples_leaf': 50, 'monotonic_cst': None, 'n_iter_no_change': 10, 'quantile': 0.975, 'random_state': 42, 'scoring': 'loss', 'tol': 1e-07, 'validation_fraction': 0.1, 'verbose': 0, 'warm_start': False}",1bee9059aa55146c9eb17ca19b69544001e0ff64751870487d65be244949e195,started,,,,rico
f2a5e4e241a040ba8deef8fd7f31ecdd,owner_fit_h5_cqr_l95,False,quantile_estimator_fit,sklearn.ensemble._hist_gradient_boosting.gradient_boosting,fit,HistGradientBoostingRegressor,19084,2026-09-14T14:11:40.333387+00:00,12932,"{'categorical_features': 'warn', 'early_stopping': 'auto', 'interaction_cst': None, 'l2_regularization': 0.0, 'learning_rate': 0.05, 'loss': 'quantile', 'max_bins': 255, 'max_depth': None, 'max_features': 1.0, 'max_iter': 300, 'max_leaf_nodes': 31, 'min_samples_leaf': 50, 'monotonic_cst': None, 'n_iter_no_change': 10, 'quantile': 0.975, 'random_state': 42, 'scoring': 'loss', 'tol': 1e-07, 'validation_fraction': 0.1, 'verbose': 0, 'warm_start': False}",1bee9059aa55146c9eb17ca19b69544001e0ff64751870487d65be244949e195,returned,3.43617240000458,3.296875,False,rico
0f733c55ff844bcf98cf12a3ce25f2ab,owner_fit_h5_cqr_l95,False,quantile_estimator_fit,sklearn.ensemble._hist_gradient_boosting.gradient_boosting,fit,HistGradientBoostingRegressor,19084,2026-09-14T14:11:43.774453+00:00,12932,"{'categorical_features': 'warn', 'early_stopping': 'auto', 'interaction_cst': None, 'l2_regularization': 0.0, 'learning_rate': 0.05, 'loss': 'quantile', 'max_bins': 255, 'max_depth': None, 'max_features': 1.0, 'max_iter': 300, 'max_leaf_nodes': 31, 'min_samples_leaf': 50, 'monotonic_cst': None, 'n_iter_no_change': 10, 'quantile': 0.5, 'random_state': 42, 'scoring': 'loss', 'tol': 1e-07, 'validation_fraction': 0.1, 'verbose': 0, 'warm_start': False}",1bee9059aa55146c9eb17ca19b69544001e0ff64751870487d65be244949e195,started,,,,rico
0f733c55ff844bcf98cf12a3ce25f2ab,owner_fit_h5_cqr_l95,False,quantile_estimator_fit,sklearn.ensemble._hist_gradient_boosting.gradient_boosting,fit,HistGradientBoostingRegressor,19084,2026-09-14T14:11:43.774453+00:00,12932,"{'categorical_features': 'warn', 'early_stopping': 'auto', 'interaction_cst': None, 'l2_regularization': 0.0, 'learning_rate': 0.05, 'loss': 'quantile', 'max_bins': 255, 'max_depth': None, 'max_features': 1.0, 'max_iter': 300, 'max_leaf_nodes': 31, 'min_samples_leaf': 50, 'monotonic_cst': None, 'n_iter_no_change': 10, 'quantile': 0.5, 'random_state': 42, 'scoring': 'loss', 'tol': 1e-07, 'validation_fraction': 0.1, 'verbose': 0, 'warm_start': False}",1bee9059aa55146c9eb17ca19b69544001e0ff64751870487d65be244949e195,returned,4.32377350000024,4.171875,False,rico
b164ef4ee0594e65ae2072ded9e6fd69,owner_fit_h5_cqr_l95,False,cqr_wrapper_fit,mapie.regression.quantile_regression,fit,ConformalizedQuantileRegressor,19084,2026-09-14T14:11:36.711342+00:00,12932,{},1bee9059aa55146c9eb17ca19b69544001e0ff64751870487d65be244949e195,returned,11.3898509999999,11,False,rico
9b91470d12634264b409029b1c153a2b,owner_cal_h5_cqr_l95,False,calibrator_conformalize,mapie.regression.quantile_regression,conformalize,ConformalizedQuantileRegressor,19084,2026-09-14T14:11:48.191003+00:00,4452,{},b8248de2943b4e836285568280785394bb0ed1a8d6a36dfd1108f5adbc924456,started,,,,rico
56748fe7e1d14147b19c526b5d4019e6,owner_cal_h5_cqr_l95,False,calibrator_conformalize,mapie.regression.quantile_regression,conformalize,_MapieQuantileRegressor,19084,2026-09-14T14:11:48.192002+00:00,4452,"{'alpha': 0.05, 'cv': 'split', 'estimator': ""HistGradientBoostingRegressor(learning_rate=0.05, loss='quantile', max_iter=300,\n                              min_samples_leaf=50, random_state=42)"", 'method': 'quantile'}",b8248de2943b4e836285568280785394bb0ed1a8d6a36dfd1108f5adbc924456,started,,,,rico
56748fe7e1d14147b19c526b5d4019e6,owner_cal_h5_cqr_l95,False,calibrator_conformalize,mapie.regression.quantile_regression,conformalize,_MapieQuantileRegressor,19084,2026-09-14T14:11:48.192002+00:00,4452,"{'alpha': 0.05, 'cv': 'split', 'estimator': ""HistGradientBoostingRegressor(learning_rate=0.05, loss='quantile', max_iter=300,\n                              min_samples_leaf=50, random_state=42)"", 'method': 'quantile'}",b8248de2943b4e836285568280785394bb0ed1a8d6a36dfd1108f5adbc924456,returned,0.555855400001747,0.515625,False,rico
9b91470d12634264b409029b1c153a2b,owner_cal_h5_cqr_l95,False,calibrator_conformalize,mapie.regression.quantile_regression,conformalize,ConformalizedQuantileRegressor,19084,2026-09-14T14:11:48.191003+00:00,4452,{},b8248de2943b4e836285568280785394bb0ed1a8d6a36dfd1108f5adbc924456,returned,0.560267100008787,0.515625,False,rico
35d7510a275e45b0be4e72c0bbdbaf0b,owner_fit_h5_enbpi,False,enbpi_wrapper_fit,mapie.regression.regression,fit,TimeSeriesRegressor,19084,2026-09-14T14:11:58.601201+00:00,12932,"{'agg_function': 'mean', 'conformity_score': None, 'cv': 'BlockBootstrap(length=24, n_blocks=None, n_resamplings=5, overlapping=True,\n        random_state=42)', 'estimator': 'XGBRegressor(base_score=None, booster=None, callbacks=None,\n             colsample_bylevel=None, colsample_bynode=None,\n             colsample_bytree=0.8, device=None, early_stopping_rounds=None,\n             enable_categorical=False, eval_metric=None, feature_types=None,\n             feature_weights=None, gamma=None, grow_policy=None,\n             importance_type=None, interaction_constraints=None,\n             learning_rate=0.05, max_bin=None, max_cat_threshold=None,\n             max_cat_to_onehot=None, max_delta_step=None, max_depth=5,\n             max_leaves=None, min_child_weight=None, missing=nan,\n             monotone_constraints=None, multi_strategy=None, n_estimators=60,\n             n_jobs=1, num_parallel_tree=None, ...)', 'method': 'enbpi', 'n_jobs': 1, 'random_state': 42, 'verbose': 0}",1bee9059aa55146c9eb17ca19b69544001e0ff64751870487d65be244949e195,started,,,,rico
7486ef0276954d20a5646ee46e46b876,owner_fit_h5_enbpi,False,xgboost_estimator_fit,xgboost.sklearn,fit,XGBRegressor,19084,2026-09-14T14:11:58.609199+00:00,12932,"{'objective': 'reg:squarederror', 'base_score': None, 'booster': None, 'callbacks': None, 'colsample_bylevel': None, 'colsample_bynode': None, 'colsample_bytree': 0.8, 'device': None, 'early_stopping_rounds': None, 'enable_categorical': False, 'eval_metric': None, 'feature_types': None, 'feature_weights': None, 'gamma': None, 'grow_policy': None, 'importance_type': None, 'interaction_constraints': None, 'learning_rate': 0.05, 'max_bin': None, 'max_cat_threshold': None, 'max_cat_to_onehot': None, 'max_delta_step': None, 'max_depth': 5, 'max_leaves': None, 'min_child_weight': None, 'missing': nan, 'monotone_constraints': None, 'multi_strategy': None, 'n_estimators': 60, 'n_jobs': 1, 'num_parallel_tree': None, 'random_state': 42, 'reg_alpha': None, 'reg_lambda': None, 'sampling_method': None, 'scale_pos_weight': None, 'subsample': 0.8, 'tree_method': 'hist', 'validate_parameters': None, 'verbosity': None}",1bee9059aa55146c9eb17ca19b69544001e0ff64751870487d65be244949e195,started,,,,rico
7486ef0276954d20a5646ee46e46b876,owner_fit_h5_enbpi,False,xgboost_estimator_fit,xgboost.sklearn,fit,XGBRegressor,19084,2026-09-14T14:11:58.609199+00:00,12932,"{'objective': 'reg:squarederror', 'base_score': None, 'booster': None, 'callbacks': None, 'colsample_bylevel': None, 'colsample_bynode': None, 'colsample_bytree': 0.8, 'device': None, 'early_stopping_rounds': None, 'enable_categorical': False, 'eval_metric': None, 'feature_types': None, 'feature_weights': None, 'gamma': None, 'grow_policy': None, 'importance_type': None, 'interaction_constraints': None, 'learning_rate': 0.05, 'max_bin': None, 'max_cat_threshold': None, 'max_cat_to_onehot': None, 'max_delta_step': None, 'max_depth': 5, 'max_leaves': None, 'min_child_weight': None, 'missing': nan, 'monotone_constraints': None, 'multi_strategy': None, 'n_estimators': 60, 'n_jobs': 1, 'num_parallel_tree': None, 'random_state': 42, 'reg_alpha': None, 'reg_lambda': None, 'sampling_method': None, 'scale_pos_weight': None, 'subsample': 0.8, 'tree_method': 'hist', 'validate_parameters': None, 'verbosity': None}",1bee9059aa55146c9eb17ca19b69544001e0ff64751870487d65be244949e195,returned,0.256821899994975,0.28125,False,rico
9e49b01fef684a33ab887945ff594e31,owner_fit_h5_enbpi,False,calibrator_conformalize,mapie.regression.regression,conformalize,TimeSeriesRegressor,19084,2026-09-14T14:11:58.867330+00:00,12932,"{'agg_function': 'mean', 'conformity_score': None, 'cv': 'BlockBootstrap(length=24, n_blocks=None, n_resamplings=5, overlapping=True,\n        random_state=42)', 'estimator': 'XGBRegressor(base_score=None, booster=None, callbacks=None,\n             colsample_bylevel=None, colsample_bynode=None,\n             colsample_bytree=0.8, device=None, early_stopping_rounds=None,\n             enable_categorical=False, eval_metric=None, feature_types=None,\n             feature_weights=None, gamma=None, grow_policy=None,\n             importance_type=None, interaction_constraints=None,\n             learning_rate=0.05, max_bin=None, max_cat_threshold=None,\n             max_cat_to_onehot=None, max_delta_step=None, max_depth=5,\n             max_leaves=None, min_child_weight=None, missing=nan,\n             monotone_constraints=None, multi_strategy=None, n_estimators=60,\n             n_jobs=1, num_parallel_tree=None, ...)', 'method': 'enbpi', 'n_jobs': 1, 'random_state': 42, 'verbose': 0}",1bee9059aa55146c9eb17ca19b69544001e0ff64751870487d65be244949e195,started,,,,rico
6f33c7fbee2840b9b14e23042d608b28,owner_fit_h5_enbpi,False,xgboost_estimator_fit,xgboost.sklearn,fit,XGBRegressor,19084,2026-09-14T14:11:58.877795+00:00,12936,"{'objective': 'reg:squarederror', 'base_score': None, 'booster': None, 'callbacks': None, 'colsample_bylevel': None, 'colsample_bynode': None, 'colsample_bytree': 0.8, 'device': None, 'early_stopping_rounds': None, 'enable_categorical': False, 'eval_metric': None, 'feature_types': None, 'feature_weights': None, 'gamma': None, 'grow_policy': None, 'importance_type': None, 'interaction_constraints': None, 'learning_rate': 0.05, 'max_bin': None, 'max_cat_threshold': None, 'max_cat_to_onehot': None, 'max_delta_step': None, 'max_depth': 5, 'max_leaves': None, 'min_child_weight': None, 'missing': nan, 'monotone_constraints': None, 'multi_strategy': None, 'n_estimators': 60, 'n_jobs': 1, 'num_parallel_tree': None, 'random_state': 42, 'reg_alpha': None, 'reg_lambda': None, 'sampling_method': None, 'scale_pos_weight': None, 'subsample': 0.8, 'tree_method': 'hist', 'validate_parameters': None, 'verbosity': None}",f7b49275fc400187c20d4fc226de1f62b5a7ec18b88cb9fa0a578d504905540b,started,,,,rico
6f33c7fbee2840b9b14e23042d608b28,owner_fit_h5_enbpi,False,xgboost_estimator_fit,xgboost.sklearn,fit,XGBRegressor,19084,2026-09-14T14:11:58.877795+00:00,12936,"{'objective': 'reg:squarederror', 'base_score': None, 'booster': None, 'callbacks': None, 'colsample_bylevel': None, 'colsample_bynode': None, 'colsample_bytree': 0.8, 'device': None, 'early_stopping_rounds': None, 'enable_categorical': False, 'eval_metric': None, 'feature_types': None, 'feature_weights': None, 'gamma': None, 'grow_policy': None, 'importance_type': None, 'interaction_constraints': None, 'learning_rate': 0.05, 'max_bin': None, 'max_cat_threshold': None, 'max_cat_to_onehot': None, 'max_delta_step': None, 'max_depth': 5, 'max_leaves': None, 'min_child_weight': None, 'missing': nan, 'monotone_constraints': None, 'multi_strategy': None, 'n_estimators': 60, 'n_jobs': 1, 'num_parallel_tree': None, 'random_state': 42, 'reg_alpha': None, 'reg_lambda': None, 'sampling_method': None, 'scale_pos_weight': None, 'subsample': 0.8, 'tree_method': 'hist', 'validate_parameters': None, 'verbosity': None}",f7b49275fc400187c20d4fc226de1f62b5a7ec18b88cb9fa0a578d504905540b,returned,0.250687500010827,0.265625,False,rico
421aec7c993c4ec6b95cac1c04810634,owner_fit_h5_enbpi,False,xgboost_estimator_fit,xgboost.sklearn,fit,XGBRegressor,19084,2026-09-14T14:11:59.139159+00:00,12936,"{'objective': 'reg:squarederror', 'base_score': None, 'booster': None, 'callbacks': None, 'colsample_bylevel': None, 'colsample_bynode': None, 'colsample_bytree': 0.8, 'device': None, 'early_stopping_rounds': None, 'enable_categorical': False, 'eval_metric': None, 'feature_types': None, 'feature_weights': None, 'gamma': None, 'grow_policy': None, 'importance_type': None, 'interaction_constraints': None, 'learning_rate': 0.05, 'max_bin': None, 'max_cat_threshold': None, 'max_cat_to_onehot': None, 'max_delta_step': None, 'max_depth': 5, 'max_leaves': None, 'min_child_weight': None, 'missing': nan, 'monotone_constraints': None, 'multi_strategy': None, 'n_estimators': 60, 'n_jobs': 1, 'num_parallel_tree': None, 'random_state': 42, 'reg_alpha': None, 'reg_lambda': None, 'sampling_method': None, 'scale_pos_weight': None, 'subsample': 0.8, 'tree_method': 'hist', 'validate_parameters': None, 'verbosity': None}",1392aeb10597ab7e413f021cca39e7c2de94da029d4fcd7e3c790b402d1297aa,started,,,,rico
421aec7c993c4ec6b95cac1c04810634,owner_fit_h5_enbpi,False,xgboost_estimator_fit,xgboost.sklearn,fit,XGBRegressor,19084,2026-09-14T14:11:59.139159+00:00,12936,"{'objective': 'reg:squarederror', 'base_score': None, 'booster': None, 'callbacks': None, 'colsample_bylevel': None, 'colsample_bynode': None, 'colsample_bytree': 0.8, 'device': None, 'early_stopping_rounds': None, 'enable_categorical': False, 'eval_metric': None, 'feature_types': None, 'feature_weights': None, 'gamma': None, 'grow_policy': None, 'importance_type': None, 'interaction_constraints': None, 'learning_rate': 0.05, 'max_bin': None, 'max_cat_threshold': None, 'max_cat_to_onehot': None, 'max_delta_step': None, 'max_depth': 5, 'max_leaves': None, 'min_child_weight': None, 'missing': nan, 'monotone_constraints': None, 'multi_strategy': None, 'n_estimators': 60, 'n_jobs': 1, 'num_parallel_tree': None, 'random_state': 42, 'reg_alpha': None, 'reg_lambda': None, 'sampling_method': None, 'scale_pos_weight': None, 'subsample': 0.8, 'tree_method': 'hist', 'validate_parameters': None, 'verbosity': None}",1392aeb10597ab7e413f021cca39e7c2de94da029d4fcd7e3c790b402d1297aa,returned,0.250222599992412,0.234375,False,rico
e1a06753055d45eb9c9eb3039f9e1e15,owner_fit_h5_enbpi,False,xgboost_estimator_fit,xgboost.sklearn,fit,XGBRegressor,19084,2026-09-14T14:11:59.398603+00:00,12936,"{'objective': 'reg:squarederror', 'base_score': None, 'booster': None, 'callbacks': None, 'colsample_bylevel': None, 'colsample_bynode': None, 'colsample_bytree': 0.8, 'device': None, 'early_stopping_rounds': None, 'enable_categorical': False, 'eval_metric': None, 'feature_types': None, 'feature_weights': None, 'gamma': None, 'grow_policy': None, 'importance_type': None, 'interaction_constraints': None, 'learning_rate': 0.05, 'max_bin': None, 'max_cat_threshold': None, 'max_cat_to_onehot': None, 'max_delta_step': None, 'max_depth': 5, 'max_leaves': None, 'min_child_weight': None, 'missing': nan, 'monotone_constraints': None, 'multi_strategy': None, 'n_estimators': 60, 'n_jobs': 1, 'num_parallel_tree': None, 'random_state': 42, 'reg_alpha': None, 'reg_lambda': None, 'sampling_method': None, 'scale_pos_weight': None, 'subsample': 0.8, 'tree_method': 'hist', 'validate_parameters': None, 'verbosity': None}",687feac3a146b731dc85f2796d85cfd0c8d10fd689a4ec45f049493c1222c84a,started,,,,rico
e1a06753055d45eb9c9eb3039f9e1e15,owner_fit_h5_enbpi,False,xgboost_estimator_fit,xgboost.sklearn,fit,XGBRegressor,19084,2026-09-14T14:11:59.398603+00:00,12936,"{'objective': 'reg:squarederror', 'base_score': None, 'booster': None, 'callbacks': None, 'colsample_bylevel': None, 'colsample_bynode': None, 'colsample_bytree': 0.8, 'device': None, 'early_stopping_rounds': None, 'enable_categorical': False, 'eval_metric': None, 'feature_types': None, 'feature_weights': None, 'gamma': None, 'grow_policy': None, 'importance_type': None, 'interaction_constraints': None, 'learning_rate': 0.05, 'max_bin': None, 'max_cat_threshold': None, 'max_cat_to_onehot': None, 'max_delta_step': None, 'max_depth': 5, 'max_leaves': None, 'min_child_weight': None, 'missing': nan, 'monotone_constraints': None, 'multi_strategy': None, 'n_estimators': 60, 'n_jobs': 1, 'num_parallel_tree': None, 'random_state': 42, 'reg_alpha': None, 'reg_lambda': None, 'sampling_method': None, 'scale_pos_weight': None, 'subsample': 0.8, 'tree_method': 'hist', 'validate_parameters': None, 'verbosity': None}",687feac3a146b731dc85f2796d85cfd0c8d10fd689a4ec45f049493c1222c84a,returned,0.250877999991644,0.25,False,rico
898235479386424cb173f2150af391e9,owner_fit_h5_enbpi,False,xgboost_estimator_fit,xgboost.sklearn,fit,XGBRegressor,19084,2026-09-14T14:11:59.659162+00:00,12936,"{'objective': 'reg:squarederror', 'base_score': None, 'booster': None, 'callbacks': None, 'colsample_bylevel': None, 'colsample_bynode': None, 'colsample_bytree': 0.8, 'device': None, 'early_stopping_rounds': None, 'enable_categorical': False, 'eval_metric': None, 'feature_types': None, 'feature_weights': None, 'gamma': None, 'grow_policy': None, 'importance_type': None, 'interaction_constraints': None, 'learning_rate': 0.05, 'max_bin': None, 'max_cat_threshold': None, 'max_cat_to_onehot': None, 'max_delta_step': None, 'max_depth': 5, 'max_leaves': None, 'min_child_weight': None, 'missing': nan, 'monotone_constraints': None, 'multi_strategy': None, 'n_estimators': 60, 'n_jobs': 1, 'num_parallel_tree': None, 'random_state': 42, 'reg_alpha': None, 'reg_lambda': None, 'sampling_method': None, 'scale_pos_weight': None, 'subsample': 0.8, 'tree_method': 'hist', 'validate_parameters': None, 'verbosity': None}",42f8970a0b76d0249a6f924ba8d7779b30c15ec8103a12c50d503de9b2331ade,started,,,,rico
898235479386424cb173f2150af391e9,owner_fit_h5_enbpi,False,xgboost_estimator_fit,xgboost.sklearn,fit,XGBRegressor,19084,2026-09-14T14:11:59.659162+00:00,12936,"{'objective': 'reg:squarederror', 'base_score': None, 'booster': None, 'callbacks': None, 'colsample_bylevel': None, 'colsample_bynode': None, 'colsample_bytree': 0.8, 'device': None, 'early_stopping_rounds': None, 'enable_categorical': False, 'eval_metric': None, 'feature_types': None, 'feature_weights': None, 'gamma': None, 'grow_policy': None, 'importance_type': None, 'interaction_constraints': None, 'learning_rate': 0.05, 'max_bin': None, 'max_cat_threshold': None, 'max_cat_to_onehot': None, 'max_delta_step': None, 'max_depth': 5, 'max_leaves': None, 'min_child_weight': None, 'missing': nan, 'monotone_constraints': None, 'multi_strategy': None, 'n_estimators': 60, 'n_jobs': 1, 'num_parallel_tree': None, 'random_state': 42, 'reg_alpha': None, 'reg_lambda': None, 'sampling_method': None, 'scale_pos_weight': None, 'subsample': 0.8, 'tree_method': 'hist', 'validate_parameters': None, 'verbosity': None}",42f8970a0b76d0249a6f924ba8d7779b30c15ec8103a12c50d503de9b2331ade,returned,0.266307099998812,0.265625,False,rico
fba54f3e221a4c5191c960bccfb44a2b,owner_fit_h5_enbpi,False,xgboost_estimator_fit,xgboost.sklearn,fit,XGBRegressor,19084,2026-09-14T14:11:59.935225+00:00,12936,"{'objective': 'reg:squarederror', 'base_score': None, 'booster': None, 'callbacks': None, 'colsample_bylevel': None, 'colsample_bynode': None, 'colsample_bytree': 0.8, 'device': None, 'early_stopping_rounds': None, 'enable_categorical': False, 'eval_metric': None, 'feature_types': None, 'feature_weights': None, 'gamma': None, 'grow_policy': None, 'importance_type': None, 'interaction_constraints': None, 'learning_rate': 0.05, 'max_bin': None, 'max_cat_threshold': None, 'max_cat_to_onehot': None, 'max_delta_step': None, 'max_depth': 5, 'max_leaves': None, 'min_child_weight': None, 'missing': nan, 'monotone_constraints': None, 'multi_strategy': None, 'n_estimators': 60, 'n_jobs': 1, 'num_parallel_tree': None, 'random_state': 42, 'reg_alpha': None, 'reg_lambda': None, 'sampling_method': None, 'scale_pos_weight': None, 'subsample': 0.8, 'tree_method': 'hist', 'validate_parameters': None, 'verbosity': None}",7465c46fb69114e3226dbc2dabb855bcfa37e24d86c4379a26701af0fc8e363f,started,,,,rico
fba54f3e221a4c5191c960bccfb44a2b,owner_fit_h5_enbpi,False,xgboost_estimator_fit,xgboost.sklearn,fit,XGBRegressor,19084,2026-09-14T14:11:59.935225+00:00,12936,"{'objective': 'reg:squarederror', 'base_score': None, 'booster': None, 'callbacks': None, 'colsample_bylevel': None, 'colsample_bynode': None, 'colsample_bytree': 0.8, 'device': None, 'early_stopping_rounds': None, 'enable_categorical': False, 'eval_metric': None, 'feature_types': None, 'feature_weights': None, 'gamma': None, 'grow_policy': None, 'importance_type': None, 'interaction_constraints': None, 'learning_rate': 0.05, 'max_bin': None, 'max_cat_threshold': None, 'max_cat_to_onehot': None, 'max_delta_step': None, 'max_depth': 5, 'max_leaves': None, 'min_child_weight': None, 'missing': nan, 'monotone_constraints': None, 'multi_strategy': None, 'n_estimators': 60, 'n_jobs': 1, 'num_parallel_tree': None, 'random_state': 42, 'reg_alpha': None, 'reg_lambda': None, 'sampling_method': None, 'scale_pos_weight': None, 'subsample': 0.8, 'tree_method': 'hist', 'validate_parameters': None, 'verbosity': None}",7465c46fb69114e3226dbc2dabb855bcfa37e24d86c4379a26701af0fc8e363f,returned,0.262252700005774,0.25,False,rico
9e49b01fef684a33ab887945ff594e31,owner_fit_h5_enbpi,False,calibrator_conformalize,mapie.regression.regression,conformalize,TimeSeriesRegressor,19084,2026-09-14T14:11:58.867330+00:00,12932,"{'agg_function': 'mean', 'conformity_score': None, 'cv': 'BlockBootstrap(length=24, n_blocks=None, n_resamplings=5, overlapping=True,\n        random_state=42)', 'estimator': 'XGBRegressor(base_score=None, booster=None, callbacks=None,\n             colsample_bylevel=None, colsample_bynode=None,\n             colsample_bytree=0.8, device=None, early_stopping_rounds=None,\n             enable_categorical=False, eval_metric=None, feature_types=None,\n             feature_weights=None, gamma=None, grow_policy=None,\n             importance_type=None, interaction_constraints=None,\n             learning_rate=0.05, max_bin=None, max_cat_threshold=None,\n             max_cat_to_onehot=None, max_delta_step=None, max_depth=5,\n             max_leaves=None, min_child_weight=None, missing=nan,\n             monotone_constraints=None, multi_strategy=None, n_estimators=60,\n             n_jobs=1, num_parallel_tree=None, ...)', 'method': 'enbpi', 'n_jobs': 1, 'random_state': 42, 'verbose': 0}",1bee9059aa55146c9eb17ca19b69544001e0ff64751870487d65be244949e195,returned,1.38498479999544,1.390625,False,rico
35d7510a275e45b0be4e72c0bbdbaf0b,owner_fit_h5_enbpi,False,enbpi_wrapper_fit,mapie.regression.regression,fit,TimeSeriesRegressor,19084,2026-09-14T14:11:58.601201+00:00,12932,"{'agg_function': 'mean', 'conformity_score': None, 'cv': 'BlockBootstrap(length=24, n_blocks=None, n_resamplings=5, overlapping=True,\n        random_state=42)', 'estimator': 'XGBRegressor(base_score=None, booster=None, callbacks=None,\n             colsample_bylevel=None, colsample_bynode=None,\n             colsample_bytree=0.8, device=None, early_stopping_rounds=None,\n             enable_categorical=False, eval_metric=None, feature_types=None,\n             feature_weights=None, gamma=None, grow_policy=None,\n             importance_type=None, interaction_constraints=None,\n             learning_rate=0.05, max_bin=None, max_cat_threshold=None,\n             max_cat_to_onehot=None, max_delta_step=None, max_depth=5,\n             max_leaves=None, min_child_weight=None, missing=nan,\n             monotone_constraints=None, multi_strategy=None, n_estimators=60,\n             n_jobs=1, num_parallel_tree=None, ...)', 'method': 'enbpi', 'n_jobs': 1, 'random_state': 42, 'verbose': 0}",1bee9059aa55146c9eb17ca19b69544001e0ff64751870487d65be244949e195,returned,1.65352910000365,1.6875,False,rico
4b449bc6e6db4e42af77dacd66e6de98,owner_cal_h5_enbpi,False,calibrator_conformalize,mapie.regression.regression,conformalize,TimeSeriesRegressor,19084,2026-09-14T14:12:00.332408+00:00,4452,"{'agg_function': 'mean', 'conformity_score': None, 'cv': 'BlockBootstrap(length=24, n_blocks=None, n_resamplings=5, overlapping=True,\n        random_state=42)', 'estimator': 'XGBRegressor(base_score=None, booster=None, callbacks=None,\n             colsample_bylevel=None, colsample_bynode=None,\n             colsample_bytree=0.8, device=None, early_stopping_rounds=None,\n             enable_categorical=False, eval_metric=None, feature_types=None,\n             feature_weights=None, gamma=None, grow_policy=None,\n             importance_type=None, interaction_constraints=None,\n             learning_rate=0.05, max_bin=None, max_cat_threshold=None,\n             max_cat_to_onehot=None, max_delta_step=None, max_depth=5,\n             max_leaves=None, min_child_weight=None, missing=nan,\n             monotone_constraints=None, multi_strategy=None, n_estimators=60,\n             n_jobs=1, num_parallel_tree=None, ...)', 'method': 'enbpi', 'n_jobs': 1, 'random_state': 42, 'verbose': 0}",b8248de2943b4e836285568280785394bb0ed1a8d6a36dfd1108f5adbc924456,started,,,,rico
f0dc8b46c7c54d5e9f2c83f771303be1,owner_cal_h5_enbpi,False,xgboost_estimator_fit,xgboost.sklearn,fit,XGBRegressor,19084,2026-09-14T14:12:00.339383+00:00,4464,"{'objective': 'reg:squarederror', 'base_score': None, 'booster': None, 'callbacks': None, 'colsample_bylevel': None, 'colsample_bynode': None, 'colsample_bytree': 0.8, 'device': None, 'early_stopping_rounds': None, 'enable_categorical': False, 'eval_metric': None, 'feature_types': None, 'feature_weights': None, 'gamma': None, 'grow_policy': None, 'importance_type': None, 'interaction_constraints': None, 'learning_rate': 0.05, 'max_bin': None, 'max_cat_threshold': None, 'max_cat_to_onehot': None, 'max_delta_step': None, 'max_depth': 5, 'max_leaves': None, 'min_child_weight': None, 'missing': nan, 'monotone_constraints': None, 'multi_strategy': None, 'n_estimators': 60, 'n_jobs': 1, 'num_parallel_tree': None, 'random_state': 42, 'reg_alpha': None, 'reg_lambda': None, 'sampling_method': None, 'scale_pos_weight': None, 'subsample': 0.8, 'tree_method': 'hist', 'validate_parameters': None, 'verbosity': None}",2a8c128931a11825501b0cfbe8f8c6dfbb66ab96241d9fb8b5cba48efd39742f,started,,,,rico
f0dc8b46c7c54d5e9f2c83f771303be1,owner_cal_h5_enbpi,False,xgboost_estimator_fit,xgboost.sklearn,fit,XGBRegressor,19084,2026-09-14T14:12:00.339383+00:00,4464,"{'objective': 'reg:squarederror', 'base_score': None, 'booster': None, 'callbacks': None, 'colsample_bylevel': None, 'colsample_bynode': None, 'colsample_bytree': 0.8, 'device': None, 'early_stopping_rounds': None, 'enable_categorical': False, 'eval_metric': None, 'feature_types': None, 'feature_weights': None, 'gamma': None, 'grow_policy': None, 'importance_type': None, 'interaction_constraints': None, 'learning_rate': 0.05, 'max_bin': None, 'max_cat_threshold': None, 'max_cat_to_onehot': None, 'max_delta_step': None, 'max_depth': 5, 'max_leaves': None, 'min_child_weight': None, 'missing': nan, 'monotone_constraints': None, 'multi_strategy': None, 'n_estimators': 60, 'n_jobs': 1, 'num_parallel_tree': None, 'random_state': 42, 'reg_alpha': None, 'reg_lambda': None, 'sampling_method': None, 'scale_pos_weight': None, 'subsample': 0.8, 'tree_method': 'hist', 'validate_parameters': None, 'verbosity': None}",2a8c128931a11825501b0cfbe8f8c6dfbb66ab96241d9fb8b5cba48efd39742f,returned,0.137001600000076,0.140625,False,rico
d4f04ac88a294d29adf50634bfb90001,owner_cal_h5_enbpi,False,xgboost_estimator_fit,xgboost.sklearn,fit,XGBRegressor,19084,2026-09-14T14:12:00.484375+00:00,4464,"{'objective': 'reg:squarederror', 'base_score': None, 'booster': None, 'callbacks': None, 'colsample_bylevel': None, 'colsample_bynode': None, 'colsample_bytree': 0.8, 'device': None, 'early_stopping_rounds': None, 'enable_categorical': False, 'eval_metric': None, 'feature_types': None, 'feature_weights': None, 'gamma': None, 'grow_policy': None, 'importance_type': None, 'interaction_constraints': None, 'learning_rate': 0.05, 'max_bin': None, 'max_cat_threshold': None, 'max_cat_to_onehot': None, 'max_delta_step': None, 'max_depth': 5, 'max_leaves': None, 'min_child_weight': None, 'missing': nan, 'monotone_constraints': None, 'multi_strategy': None, 'n_estimators': 60, 'n_jobs': 1, 'num_parallel_tree': None, 'random_state': 42, 'reg_alpha': None, 'reg_lambda': None, 'sampling_method': None, 'scale_pos_weight': None, 'subsample': 0.8, 'tree_method': 'hist', 'validate_parameters': None, 'verbosity': None}",129d49b6c3a06a1749a0e7f4cce90486aa0a82183bd6f93035dfae1b408d1d35,started,,,,rico
d4f04ac88a294d29adf50634bfb90001,owner_cal_h5_enbpi,False,xgboost_estimator_fit,xgboost.sklearn,fit,XGBRegressor,19084,2026-09-14T14:12:00.484375+00:00,4464,"{'objective': 'reg:squarederror', 'base_score': None, 'booster': None, 'callbacks': None, 'colsample_bylevel': None, 'colsample_bynode': None, 'colsample_bytree': 0.8, 'device': None, 'early_stopping_rounds': None, 'enable_categorical': False, 'eval_metric': None, 'feature_types': None, 'feature_weights': None, 'gamma': None, 'grow_policy': None, 'importance_type': None, 'interaction_constraints': None, 'learning_rate': 0.05, 'max_bin': None, 'max_cat_threshold': None, 'max_cat_to_onehot': None, 'max_delta_step': None, 'max_depth': 5, 'max_leaves': None, 'min_child_weight': None, 'missing': nan, 'monotone_constraints': None, 'multi_strategy': None, 'n_estimators': 60, 'n_jobs': 1, 'num_parallel_tree': None, 'random_state': 42, 'reg_alpha': None, 'reg_lambda': None, 'sampling_method': None, 'scale_pos_weight': None, 'subsample': 0.8, 'tree_method': 'hist', 'validate_parameters': None, 'verbosity': None}",129d49b6c3a06a1749a0e7f4cce90486aa0a82183bd6f93035dfae1b408d1d35,returned,0.131047999995644,0.109375,False,rico
d170a3e4dbbf474f88b8976199ce6b86,owner_cal_h5_enbpi,False,xgboost_estimator_fit,xgboost.sklearn,fit,XGBRegressor,19084,2026-09-14T14:12:00.621870+00:00,4464,"{'objective': 'reg:squarederror', 'base_score': None, 'booster': None, 'callbacks': None, 'colsample_bylevel': None, 'colsample_bynode': None, 'colsample_bytree': 0.8, 'device': None, 'early_stopping_rounds': None, 'enable_categorical': False, 'eval_metric': None, 'feature_types': None, 'feature_weights': None, 'gamma': None, 'grow_policy': None, 'importance_type': None, 'interaction_constraints': None, 'learning_rate': 0.05, 'max_bin': None, 'max_cat_threshold': None, 'max_cat_to_onehot': None, 'max_delta_step': None, 'max_depth': 5, 'max_leaves': None, 'min_child_weight': None, 'missing': nan, 'monotone_constraints': None, 'multi_strategy': None, 'n_estimators': 60, 'n_jobs': 1, 'num_parallel_tree': None, 'random_state': 42, 'reg_alpha': None, 'reg_lambda': None, 'sampling_method': None, 'scale_pos_weight': None, 'subsample': 0.8, 'tree_method': 'hist', 'validate_parameters': None, 'verbosity': None}",70ac1fd8a4e608246710643c934d5e21dca42b45b6cdd4039f56b2db15296593,started,,,,rico
d170a3e4dbbf474f88b8976199ce6b86,owner_cal_h5_enbpi,False,xgboost_estimator_fit,xgboost.sklearn,fit,XGBRegressor,19084,2026-09-14T14:12:00.621870+00:00,4464,"{'objective': 'reg:squarederror', 'base_score': None, 'booster': None, 'callbacks': None, 'colsample_bylevel': None, 'colsample_bynode': None, 'colsample_bytree': 0.8, 'device': None, 'early_stopping_rounds': None, 'enable_categorical': False, 'eval_metric': None, 'feature_types': None, 'feature_weights': None, 'gamma': None, 'grow_policy': None, 'importance_type': None, 'interaction_constraints': None, 'learning_rate': 0.05, 'max_bin': None, 'max_cat_threshold': None, 'max_cat_to_onehot': None, 'max_delta_step': None, 'max_depth': 5, 'max_leaves': None, 'min_child_weight': None, 'missing': nan, 'monotone_constraints': None, 'multi_strategy': None, 'n_estimators': 60, 'n_jobs': 1, 'num_parallel_tree': None, 'random_state': 42, 'reg_alpha': None, 'reg_lambda': None, 'sampling_method': None, 'scale_pos_weight': None, 'subsample': 0.8, 'tree_method': 'hist', 'validate_parameters': None, 'verbosity': None}",70ac1fd8a4e608246710643c934d5e21dca42b45b6cdd4039f56b2db15296593,returned,0.13024939999741,0.125,False,rico
576574cf4703445687afe9f4dfbfda63,owner_cal_h5_enbpi,False,xgboost_estimator_fit,xgboost.sklearn,fit,XGBRegressor,19084,2026-09-14T14:12:00.759038+00:00,4464,"{'objective': 'reg:squarederror', 'base_score': None, 'booster': None, 'callbacks': None, 'colsample_bylevel': None, 'colsample_bynode': None, 'colsample_bytree': 0.8, 'device': None, 'early_stopping_rounds': None, 'enable_categorical': False, 'eval_metric': None, 'feature_types': None, 'feature_weights': None, 'gamma': None, 'grow_policy': None, 'importance_type': None, 'interaction_constraints': None, 'learning_rate': 0.05, 'max_bin': None, 'max_cat_threshold': None, 'max_cat_to_onehot': None, 'max_delta_step': None, 'max_depth': 5, 'max_leaves': None, 'min_child_weight': None, 'missing': nan, 'monotone_constraints': None, 'multi_strategy': None, 'n_estimators': 60, 'n_jobs': 1, 'num_parallel_tree': None, 'random_state': 42, 'reg_alpha': None, 'reg_lambda': None, 'sampling_method': None, 'scale_pos_weight': None, 'subsample': 0.8, 'tree_method': 'hist', 'validate_parameters': None, 'verbosity': None}",623b0ee9980da39717133948509836e19edeef576e68d84364f9e120c360abdb,started,,,,rico
576574cf4703445687afe9f4dfbfda63,owner_cal_h5_enbpi,False,xgboost_estimator_fit,xgboost.sklearn,fit,XGBRegressor,19084,2026-09-14T14:12:00.759038+00:00,4464,"{'objective': 'reg:squarederror', 'base_score': None, 'booster': None, 'callbacks': None, 'colsample_bylevel': None, 'colsample_bynode': None, 'colsample_bytree': 0.8, 'device': None, 'early_stopping_rounds': None, 'enable_categorical': False, 'eval_metric': None, 'feature_types': None, 'feature_weights': None, 'gamma': None, 'grow_policy': None, 'importance_type': None, 'interaction_constraints': None, 'learning_rate': 0.05, 'max_bin': None, 'max_cat_threshold': None, 'max_cat_to_onehot': None, 'max_delta_step': None, 'max_depth': 5, 'max_leaves': None, 'min_child_weight': None, 'missing': nan, 'monotone_constraints': None, 'multi_strategy': None, 'n_estimators': 60, 'n_jobs': 1, 'num_parallel_tree': None, 'random_state': 42, 'reg_alpha': None, 'reg_lambda': None, 'sampling_method': None, 'scale_pos_weight': None, 'subsample': 0.8, 'tree_method': 'hist', 'validate_parameters': None, 'verbosity': None}",623b0ee9980da39717133948509836e19edeef576e68d84364f9e120c360abdb,returned,0.128784300002735,0.125,False,rico
36ebb6236a6f427d93cc1ff1132f652b,owner_cal_h5_enbpi,False,xgboost_estimator_fit,xgboost.sklearn,fit,XGBRegressor,19084,2026-09-14T14:12:00.895402+00:00,4464,"{'objective': 'reg:squarederror', 'base_score': None, 'booster': None, 'callbacks': None, 'colsample_bylevel': None, 'colsample_bynode': None, 'colsample_bytree': 0.8, 'device': None, 'early_stopping_rounds': None, 'enable_categorical': False, 'eval_metric': None, 'feature_types': None, 'feature_weights': None, 'gamma': None, 'grow_policy': None, 'importance_type': None, 'interaction_constraints': None, 'learning_rate': 0.05, 'max_bin': None, 'max_cat_threshold': None, 'max_cat_to_onehot': None, 'max_delta_step': None, 'max_depth': 5, 'max_leaves': None, 'min_child_weight': None, 'missing': nan, 'monotone_constraints': None, 'multi_strategy': None, 'n_estimators': 60, 'n_jobs': 1, 'num_parallel_tree': None, 'random_state': 42, 'reg_alpha': None, 'reg_lambda': None, 'sampling_method': None, 'scale_pos_weight': None, 'subsample': 0.8, 'tree_method': 'hist', 'validate_parameters': None, 'verbosity': None}",36b47a2ce26d93d87f3da59ffc134825631cbe4499f67cf4d16591cd2d6eae5c,started,,,,rico
36ebb6236a6f427d93cc1ff1132f652b,owner_cal_h5_enbpi,False,xgboost_estimator_fit,xgboost.sklearn,fit,XGBRegressor,19084,2026-09-14T14:12:00.895402+00:00,4464,"{'objective': 'reg:squarederror', 'base_score': None, 'booster': None, 'callbacks': None, 'colsample_bylevel': None, 'colsample_bynode': None, 'colsample_bytree': 0.8, 'device': None, 'early_stopping_rounds': None, 'enable_categorical': False, 'eval_metric': None, 'feature_types': None, 'feature_weights': None, 'gamma': None, 'grow_policy': None, 'importance_type': None, 'interaction_constraints': None, 'learning_rate': 0.05, 'max_bin': None, 'max_cat_threshold': None, 'max_cat_to_onehot': None, 'max_delta_step': None, 'max_depth': 5, 'max_leaves': None, 'min_child_weight': None, 'missing': nan, 'monotone_constraints': None, 'multi_strategy': None, 'n_estimators': 60, 'n_jobs': 1, 'num_parallel_tree': None, 'random_state': 42, 'reg_alpha': None, 'reg_lambda': None, 'sampling_method': None, 'scale_pos_weight': None, 'subsample': 0.8, 'tree_method': 'hist', 'validate_parameters': None, 'verbosity': None}",36b47a2ce26d93d87f3da59ffc134825631cbe4499f67cf4d16591cd2d6eae5c,returned,0.143262700003106,0.140625,False,rico
4b449bc6e6db4e42af77dacd66e6de98,owner_cal_h5_enbpi,False,calibrator_conformalize,mapie.regression.regression,conformalize,TimeSeriesRegressor,19084,2026-09-14T14:12:00.332408+00:00,4452,"{'agg_function': 'mean', 'conformity_score': None, 'cv': 'BlockBootstrap(length=24, n_blocks=None, n_resamplings=5, overlapping=True,\n        random_state=42)', 'estimator': 'XGBRegressor(base_score=None, booster=None, callbacks=None,\n             colsample_bylevel=None, colsample_bynode=None,\n             colsample_bytree=0.8, device=None, early_stopping_rounds=None,\n             enable_categorical=False, eval_metric=None, feature_types=None,\n             feature_weights=None, gamma=None, grow_policy=None,\n             importance_type=None, interaction_constraints=None,\n             learning_rate=0.05, max_bin=None, max_cat_threshold=None,\n             max_cat_to_onehot=None, max_delta_step=None, max_depth=5,\n             max_leaves=None, min_child_weight=None, missing=nan,\n             monotone_constraints=None, multi_strategy=None, n_estimators=60,\n             n_jobs=1, num_parallel_tree=None, ...)', 'method': 'enbpi', 'n_jobs': 1, 'random_state': 42, 'verbose': 0}",b8248de2943b4e836285568280785394bb0ed1a8d6a36dfd1108f5adbc924456,returned,0.738080800001626,0.71875,False,rico
c9cc4d7afa6349dba166eb92fc2a1d69,owner_fit_h15_cqr_l90,False,cqr_wrapper_fit,mapie.regression.quantile_regression,fit,ConformalizedQuantileRegressor,19084,2026-09-14T14:12:29.694322+00:00,12322,{},04179c201366146f170dce05f39ccd44f5f7ce40ac39463808ddcefb9dfb8434,started,,,,rico
39a4e402850d492192d427d335a5afed,owner_fit_h15_cqr_l90,False,quantile_estimator_fit,sklearn.ensemble._hist_gradient_boosting.gradient_boosting,fit,HistGradientBoostingRegressor,19084,2026-09-14T14:12:29.699327+00:00,12322,"{'categorical_features': 'warn', 'early_stopping': 'auto', 'interaction_cst': None, 'l2_regularization': 0.0, 'learning_rate': 0.05, 'loss': 'quantile', 'max_bins': 255, 'max_depth': None, 'max_features': 1.0, 'max_iter': 300, 'max_leaf_nodes': 31, 'min_samples_leaf': 50, 'monotonic_cst': None, 'n_iter_no_change': 10, 'quantile': 0.05, 'random_state': 42, 'scoring': 'loss', 'tol': 1e-07, 'validation_fraction': 0.1, 'verbose': 0, 'warm_start': False}",04179c201366146f170dce05f39ccd44f5f7ce40ac39463808ddcefb9dfb8434,started,,,,rico
39a4e402850d492192d427d335a5afed,owner_fit_h15_cqr_l90,False,quantile_estimator_fit,sklearn.ensemble._hist_gradient_boosting.gradient_boosting,fit,HistGradientBoostingRegressor,19084,2026-09-14T14:12:29.699327+00:00,12322,"{'categorical_features': 'warn', 'early_stopping': 'auto', 'interaction_cst': None, 'l2_regularization': 0.0, 'learning_rate': 0.05, 'loss': 'quantile', 'max_bins': 255, 'max_depth': None, 'max_features': 1.0, 'max_iter': 300, 'max_leaf_nodes': 31, 'min_samples_leaf': 50, 'monotonic_cst': None, 'n_iter_no_change': 10, 'quantile': 0.05, 'random_state': 42, 'scoring': 'loss', 'tol': 1e-07, 'validation_fraction': 0.1, 'verbose': 0, 'warm_start': False}",04179c201366146f170dce05f39ccd44f5f7ce40ac39463808ddcefb9dfb8434,returned,3.56469870000728,3.515625,False,rico
8a3427cf10324024bd11a628d965cda4,owner_fit_h15_cqr_l90,False,quantile_estimator_fit,sklearn.ensemble._hist_gradient_boosting.gradient_boosting,fit,HistGradientBoostingRegressor,19084,2026-09-14T14:12:33.269385+00:00,12322,"{'categorical_features': 'warn', 'early_stopping': 'auto', 'interaction_cst': None, 'l2_regularization': 0.0, 'learning_rate': 0.05, 'loss': 'quantile', 'max_bins': 255, 'max_depth': None, 'max_features': 1.0, 'max_iter': 300, 'max_leaf_nodes': 31, 'min_samples_leaf': 50, 'monotonic_cst': None, 'n_iter_no_change': 10, 'quantile': 0.95, 'random_state': 42, 'scoring': 'loss', 'tol': 1e-07, 'validation_fraction': 0.1, 'verbose': 0, 'warm_start': False}",04179c201366146f170dce05f39ccd44f5f7ce40ac39463808ddcefb9dfb8434,started,,,,rico
8a3427cf10324024bd11a628d965cda4,owner_fit_h15_cqr_l90,False,quantile_estimator_fit,sklearn.ensemble._hist_gradient_boosting.gradient_boosting,fit,HistGradientBoostingRegressor,19084,2026-09-14T14:12:33.269385+00:00,12322,"{'categorical_features': 'warn', 'early_stopping': 'auto', 'interaction_cst': None, 'l2_regularization': 0.0, 'learning_rate': 0.05, 'loss': 'quantile', 'max_bins': 255, 'max_depth': None, 'max_features': 1.0, 'max_iter': 300, 'max_leaf_nodes': 31, 'min_samples_leaf': 50, 'monotonic_cst': None, 'n_iter_no_change': 10, 'quantile': 0.95, 'random_state': 42, 'scoring': 'loss', 'tol': 1e-07, 'validation_fraction': 0.1, 'verbose': 0, 'warm_start': False}",04179c201366146f170dce05f39ccd44f5f7ce40ac39463808ddcefb9dfb8434,returned,3.59672739999951,3.5,False,rico
5a13c05b15b046e2a322006478436c7e,owner_fit_h15_cqr_l90,False,quantile_estimator_fit,sklearn.ensemble._hist_gradient_boosting.gradient_boosting,fit,HistGradientBoostingRegressor,19084,2026-09-14T14:12:36.871687+00:00,12322,"{'categorical_features': 'warn', 'early_stopping': 'auto', 'interaction_cst': None, 'l2_regularization': 0.0, 'learning_rate': 0.05, 'loss': 'quantile', 'max_bins': 255, 'max_depth': None, 'max_features': 1.0, 'max_iter': 300, 'max_leaf_nodes': 31, 'min_samples_leaf': 50, 'monotonic_cst': None, 'n_iter_no_change': 10, 'quantile': 0.5, 'random_state': 42, 'scoring': 'loss', 'tol': 1e-07, 'validation_fraction': 0.1, 'verbose': 0, 'warm_start': False}",04179c201366146f170dce05f39ccd44f5f7ce40ac39463808ddcefb9dfb8434,started,,,,rico
5a13c05b15b046e2a322006478436c7e,owner_fit_h15_cqr_l90,False,quantile_estimator_fit,sklearn.ensemble._hist_gradient_boosting.gradient_boosting,fit,HistGradientBoostingRegressor,19084,2026-09-14T14:12:36.871687+00:00,12322,"{'categorical_features': 'warn', 'early_stopping': 'auto', 'interaction_cst': None, 'l2_regularization': 0.0, 'learning_rate': 0.05, 'loss': 'quantile', 'max_bins': 255, 'max_depth': None, 'max_features': 1.0, 'max_iter': 300, 'max_leaf_nodes': 31, 'min_samples_leaf': 50, 'monotonic_cst': None, 'n_iter_no_change': 10, 'quantile': 0.5, 'random_state': 42, 'scoring': 'loss', 'tol': 1e-07, 'validation_fraction': 0.1, 'verbose': 0, 'warm_start': False}",04179c201366146f170dce05f39ccd44f5f7ce40ac39463808ddcefb9dfb8434,returned,3.87050240000826,3.8125,False,rico
c9cc4d7afa6349dba166eb92fc2a1d69,owner_fit_h15_cqr_l90,False,cqr_wrapper_fit,mapie.regression.quantile_regression,fit,ConformalizedQuantileRegressor,19084,2026-09-14T14:12:29.694322+00:00,12322,{},04179c201366146f170dce05f39ccd44f5f7ce40ac39463808ddcefb9dfb8434,returned,11.0503265000007,10.828125,False,rico
1ca7d7daabe54b1ca1f8f344a49d1a7d,owner_cal_h15_cqr_l90,False,calibrator_conformalize,mapie.regression.quantile_regression,conformalize,ConformalizedQuantileRegressor,19084,2026-09-14T14:12:40.987104+00:00,4242,{},5e2458271b1ab0ce2ce5f943f549f2b4b9155972ae7cab58f4e65327c5f824ca,started,,,,rico
7995567c5f3a49838610b32ed0e0336e,owner_cal_h15_cqr_l90,False,calibrator_conformalize,mapie.regression.quantile_regression,conformalize,_MapieQuantileRegressor,19084,2026-09-14T14:12:40.989091+00:00,4242,"{'alpha': 0.1, 'cv': 'split', 'estimator': ""HistGradientBoostingRegressor(learning_rate=0.05, loss='quantile', max_iter=300,\n                              min_samples_leaf=50, random_state=42)"", 'method': 'quantile'}",5e2458271b1ab0ce2ce5f943f549f2b4b9155972ae7cab58f4e65327c5f824ca,started,,,,rico
7995567c5f3a49838610b32ed0e0336e,owner_cal_h15_cqr_l90,False,calibrator_conformalize,mapie.regression.quantile_regression,conformalize,_MapieQuantileRegressor,19084,2026-09-14T14:12:40.989091+00:00,4242,"{'alpha': 0.1, 'cv': 'split', 'estimator': ""HistGradientBoostingRegressor(learning_rate=0.05, loss='quantile', max_iter=300,\n                              min_samples_leaf=50, random_state=42)"", 'method': 'quantile'}",5e2458271b1ab0ce2ce5f943f549f2b4b9155972ae7cab58f4e65327c5f824ca,returned,0.493801399992662,0.5,False,rico
1ca7d7daabe54b1ca1f8f344a49d1a7d,owner_cal_h15_cqr_l90,False,calibrator_conformalize,mapie.regression.quantile_regression,conformalize,ConformalizedQuantileRegressor,19084,2026-09-14T14:12:40.987104+00:00,4242,{},5e2458271b1ab0ce2ce5f943f549f2b4b9155972ae7cab58f4e65327c5f824ca,returned,0.498763299998245,0.5,False,rico
cb3ea93d744945aba16fedc8d3f53abb,owner_fit_h15_cqr_l95,False,cqr_wrapper_fit,mapie.regression.quantile_regression,fit,ConformalizedQuantileRegressor,19084,2026-09-14T14:12:51.274068+00:00,12322,{},04179c201366146f170dce05f39ccd44f5f7ce40ac39463808ddcefb9dfb8434,started,,,,rico
fba244adbce341bd8f5a875617db5026,owner_fit_h15_cqr_l95,False,quantile_estimator_fit,sklearn.ensemble._hist_gradient_boosting.gradient_boosting,fit,HistGradientBoostingRegressor,19084,2026-09-14T14:12:51.278241+00:00,12322,"{'categorical_features': 'warn', 'early_stopping': 'auto', 'interaction_cst': None, 'l2_regularization': 0.0, 'learning_rate': 0.05, 'loss': 'quantile', 'max_bins': 255, 'max_depth': None, 'max_features': 1.0, 'max_iter': 300, 'max_leaf_nodes': 31, 'min_samples_leaf': 50, 'monotonic_cst': None, 'n_iter_no_change': 10, 'quantile': 0.025, 'random_state': 42, 'scoring': 'loss', 'tol': 1e-07, 'validation_fraction': 0.1, 'verbose': 0, 'warm_start': False}",04179c201366146f170dce05f39ccd44f5f7ce40ac39463808ddcefb9dfb8434,started,,,,rico
fba244adbce341bd8f5a875617db5026,owner_fit_h15_cqr_l95,False,quantile_estimator_fit,sklearn.ensemble._hist_gradient_boosting.gradient_boosting,fit,HistGradientBoostingRegressor,19084,2026-09-14T14:12:51.278241+00:00,12322,"{'categorical_features': 'warn', 'early_stopping': 'auto', 'interaction_cst': None, 'l2_regularization': 0.0, 'learning_rate': 0.05, 'loss': 'quantile', 'max_bins': 255, 'max_depth': None, 'max_features': 1.0, 'max_iter': 300, 'max_leaf_nodes': 31, 'min_samples_leaf': 50, 'monotonic_cst': None, 'n_iter_no_change': 10, 'quantile': 0.025, 'random_state': 42, 'scoring': 'loss', 'tol': 1e-07, 'validation_fraction': 0.1, 'verbose': 0, 'warm_start': False}",04179c201366146f170dce05f39ccd44f5f7ce40ac39463808ddcefb9dfb8434,returned,3.36728849999781,3.3125,False,rico
836c5da334c04f30be701d7253496c45,owner_fit_h15_cqr_l95,False,quantile_estimator_fit,sklearn.ensemble._hist_gradient_boosting.gradient_boosting,fit,HistGradientBoostingRegressor,19084,2026-09-14T14:12:54.651326+00:00,12322,"{'categorical_features': 'warn', 'early_stopping': 'auto', 'interaction_cst': None, 'l2_regularization': 0.0, 'learning_rate': 0.05, 'loss': 'quantile', 'max_bins': 255, 'max_depth': None, 'max_features': 1.0, 'max_iter': 300, 'max_leaf_nodes': 31, 'min_samples_leaf': 50, 'monotonic_cst': None, 'n_iter_no_change': 10, 'quantile': 0.975, 'random_state': 42, 'scoring': 'loss', 'tol': 1e-07, 'validation_fraction': 0.1, 'verbose': 0, 'warm_start': False}",04179c201366146f170dce05f39ccd44f5f7ce40ac39463808ddcefb9dfb8434,started,,,,rico
836c5da334c04f30be701d7253496c45,owner_fit_h15_cqr_l95,False,quantile_estimator_fit,sklearn.ensemble._hist_gradient_boosting.gradient_boosting,fit,HistGradientBoostingRegressor,19084,2026-09-14T14:12:54.651326+00:00,12322,"{'categorical_features': 'warn', 'early_stopping': 'auto', 'interaction_cst': None, 'l2_regularization': 0.0, 'learning_rate': 0.05, 'loss': 'quantile', 'max_bins': 255, 'max_depth': None, 'max_features': 1.0, 'max_iter': 300, 'max_leaf_nodes': 31, 'min_samples_leaf': 50, 'monotonic_cst': None, 'n_iter_no_change': 10, 'quantile': 0.975, 'random_state': 42, 'scoring': 'loss', 'tol': 1e-07, 'validation_fraction': 0.1, 'verbose': 0, 'warm_start': False}",04179c201366146f170dce05f39ccd44f5f7ce40ac39463808ddcefb9dfb8434,returned,3.34703239999362,3.3125,False,rico
3db9c4058b334046afc6a014ea6d6070,owner_fit_h15_cqr_l95,False,quantile_estimator_fit,sklearn.ensemble._hist_gradient_boosting.gradient_boosting,fit,HistGradientBoostingRegressor,19084,2026-09-14T14:12:58.004281+00:00,12322,"{'categorical_features': 'warn', 'early_stopping': 'auto', 'interaction_cst': None, 'l2_regularization': 0.0, 'learning_rate': 0.05, 'loss': 'quantile', 'max_bins': 255, 'max_depth': None, 'max_features': 1.0, 'max_iter': 300, 'max_leaf_nodes': 31, 'min_samples_leaf': 50, 'monotonic_cst': None, 'n_iter_no_change': 10, 'quantile': 0.5, 'random_state': 42, 'scoring': 'loss', 'tol': 1e-07, 'validation_fraction': 0.1, 'verbose': 0, 'warm_start': False}",04179c201366146f170dce05f39ccd44f5f7ce40ac39463808ddcefb9dfb8434,started,,,,rico
3db9c4058b334046afc6a014ea6d6070,owner_fit_h15_cqr_l95,False,quantile_estimator_fit,sklearn.ensemble._hist_gradient_boosting.gradient_boosting,fit,HistGradientBoostingRegressor,19084,2026-09-14T14:12:58.004281+00:00,12322,"{'categorical_features': 'warn', 'early_stopping': 'auto', 'interaction_cst': None, 'l2_regularization': 0.0, 'learning_rate': 0.05, 'loss': 'quantile', 'max_bins': 255, 'max_depth': None, 'max_features': 1.0, 'max_iter': 300, 'max_leaf_nodes': 31, 'min_samples_leaf': 50, 'monotonic_cst': None, 'n_iter_no_change': 10, 'quantile': 0.5, 'random_state': 42, 'scoring': 'loss', 'tol': 1e-07, 'validation_fraction': 0.1, 'verbose': 0, 'warm_start': False}",04179c201366146f170dce05f39ccd44f5f7ce40ac39463808ddcefb9dfb8434,returned,4.07362690000446,3.921875,False,rico
cb3ea93d744945aba16fedc8d3f53abb,owner_fit_h15_cqr_l95,False,cqr_wrapper_fit,mapie.regression.quantile_regression,fit,ConformalizedQuantileRegressor,19084,2026-09-14T14:12:51.274068+00:00,12322,{},04179c201366146f170dce05f39ccd44f5f7ce40ac39463808ddcefb9dfb8434,returned,10.806551200003,10.5625,False,rico
42d34f8f66264ee6980636e2ebb9244f,owner_cal_h15_cqr_l95,False,calibrator_conformalize,mapie.regression.quantile_regression,conformalize,ConformalizedQuantileRegressor,19084,2026-09-14T14:13:02.200043+00:00,4242,{},5e2458271b1ab0ce2ce5f943f549f2b4b9155972ae7cab58f4e65327c5f824ca,started,,,,rico
4402e0c854fc4c7fadf126875a9e6ebc,owner_cal_h15_cqr_l95,False,calibrator_conformalize,mapie.regression.quantile_regression,conformalize,_MapieQuantileRegressor,19084,2026-09-14T14:13:02.201297+00:00,4242,"{'alpha': 0.05, 'cv': 'split', 'estimator': ""HistGradientBoostingRegressor(learning_rate=0.05, loss='quantile', max_iter=300,\n                              min_samples_leaf=50, random_state=42)"", 'method': 'quantile'}",5e2458271b1ab0ce2ce5f943f549f2b4b9155972ae7cab58f4e65327c5f824ca,started,,,,rico
4402e0c854fc4c7fadf126875a9e6ebc,owner_cal_h15_cqr_l95,False,calibrator_conformalize,mapie.regression.quantile_regression,conformalize,_MapieQuantileRegressor,19084,2026-09-14T14:13:02.201297+00:00,4242,"{'alpha': 0.05, 'cv': 'split', 'estimator': ""HistGradientBoostingRegressor(learning_rate=0.05, loss='quantile', max_iter=300,\n                              min_samples_leaf=50, random_state=42)"", 'method': 'quantile'}",5e2458271b1ab0ce2ce5f943f549f2b4b9155972ae7cab58f4e65327c5f824ca,returned,0.504627200003597,0.46875,False,rico
42d34f8f66264ee6980636e2ebb9244f,owner_cal_h15_cqr_l95,False,calibrator_conformalize,mapie.regression.quantile_regression,conformalize,ConformalizedQuantileRegressor,19084,2026-09-14T14:13:02.200043+00:00,4242,{},5e2458271b1ab0ce2ce5f943f549f2b4b9155972ae7cab58f4e65327c5f824ca,returned,0.508804500001133,0.46875,False,rico
94ed5c129bce4fea8d9a9178d061c3e0,owner_fit_h15_enbpi,False,enbpi_wrapper_fit,mapie.regression.regression,fit,TimeSeriesRegressor,19084,2026-09-14T14:13:12.313391+00:00,12322,"{'agg_function': 'mean', 'conformity_score': None, 'cv': 'BlockBootstrap(length=24, n_blocks=None, n_resamplings=5, overlapping=True,\n        random_state=42)', 'estimator': 'XGBRegressor(base_score=None, booster=None, callbacks=None,\n             colsample_bylevel=None, colsample_bynode=None,\n             colsample_bytree=0.8, device=None, early_stopping_rounds=None,\n             enable_categorical=False, eval_metric=None, feature_types=None,\n             feature_weights=None, gamma=None, grow_policy=None,\n             importance_type=None, interaction_constraints=None,\n             learning_rate=0.05, max_bin=None, max_cat_threshold=None,\n             max_cat_to_onehot=None, max_delta_step=None, max_depth=5,\n             max_leaves=None, min_child_weight=None, missing=nan,\n             monotone_constraints=None, multi_strategy=None, n_estimators=60,\n             n_jobs=1, num_parallel_tree=None, ...)', 'method': 'enbpi', 'n_jobs': 1, 'random_state': 42, 'verbose': 0}",04179c201366146f170dce05f39ccd44f5f7ce40ac39463808ddcefb9dfb8434,started,,,,rico
005b5b54c10140029bc6d72f642d558b,owner_fit_h15_enbpi,False,xgboost_estimator_fit,xgboost.sklearn,fit,XGBRegressor,19084,2026-09-14T14:13:12.319394+00:00,12322,"{'objective': 'reg:squarederror', 'base_score': None, 'booster': None, 'callbacks': None, 'colsample_bylevel': None, 'colsample_bynode': None, 'colsample_bytree': 0.8, 'device': None, 'early_stopping_rounds': None, 'enable_categorical': False, 'eval_metric': None, 'feature_types': None, 'feature_weights': None, 'gamma': None, 'grow_policy': None, 'importance_type': None, 'interaction_constraints': None, 'learning_rate': 0.05, 'max_bin': None, 'max_cat_threshold': None, 'max_cat_to_onehot': None, 'max_delta_step': None, 'max_depth': 5, 'max_leaves': None, 'min_child_weight': None, 'missing': nan, 'monotone_constraints': None, 'multi_strategy': None, 'n_estimators': 60, 'n_jobs': 1, 'num_parallel_tree': None, 'random_state': 42, 'reg_alpha': None, 'reg_lambda': None, 'sampling_method': None, 'scale_pos_weight': None, 'subsample': 0.8, 'tree_method': 'hist', 'validate_parameters': None, 'verbosity': None}",04179c201366146f170dce05f39ccd44f5f7ce40ac39463808ddcefb9dfb8434,started,,,,rico
005b5b54c10140029bc6d72f642d558b,owner_fit_h15_enbpi,False,xgboost_estimator_fit,xgboost.sklearn,fit,XGBRegressor,19084,2026-09-14T14:13:12.319394+00:00,12322,"{'objective': 'reg:squarederror', 'base_score': None, 'booster': None, 'callbacks': None, 'colsample_bylevel': None, 'colsample_bynode': None, 'colsample_bytree': 0.8, 'device': None, 'early_stopping_rounds': None, 'enable_categorical': False, 'eval_metric': None, 'feature_types': None, 'feature_weights': None, 'gamma': None, 'grow_policy': None, 'importance_type': None, 'interaction_constraints': None, 'learning_rate': 0.05, 'max_bin': None, 'max_cat_threshold': None, 'max_cat_to_onehot': None, 'max_delta_step': None, 'max_depth': 5, 'max_leaves': None, 'min_child_weight': None, 'missing': nan, 'monotone_constraints': None, 'multi_strategy': None, 'n_estimators': 60, 'n_jobs': 1, 'num_parallel_tree': None, 'random_state': 42, 'reg_alpha': None, 'reg_lambda': None, 'sampling_method': None, 'scale_pos_weight': None, 'subsample': 0.8, 'tree_method': 'hist', 'validate_parameters': None, 'verbosity': None}",04179c201366146f170dce05f39ccd44f5f7ce40ac39463808ddcefb9dfb8434,returned,0.263702200012631,0.265625,False,rico
c73ecfde222144a5924758c9126c2021,owner_fit_h15_enbpi,False,calibrator_conformalize,mapie.regression.regression,conformalize,TimeSeriesRegressor,19084,2026-09-14T14:13:12.586344+00:00,12322,"{'agg_function': 'mean', 'conformity_score': None, 'cv': 'BlockBootstrap(length=24, n_blocks=None, n_resamplings=5, overlapping=True,\n        random_state=42)', 'estimator': 'XGBRegressor(base_score=None, booster=None, callbacks=None,\n             colsample_bylevel=None, colsample_bynode=None,\n             colsample_bytree=0.8, device=None, early_stopping_rounds=None,\n             enable_categorical=False, eval_metric=None, feature_types=None,\n             feature_weights=None, gamma=None, grow_policy=None,\n             importance_type=None, interaction_constraints=None,\n             learning_rate=0.05, max_bin=None, max_cat_threshold=None,\n             max_cat_to_onehot=None, max_delta_step=None, max_depth=5,\n             max_leaves=None, min_child_weight=None, missing=nan,\n             monotone_constraints=None, multi_strategy=None, n_estimators=60,\n             n_jobs=1, num_parallel_tree=None, ...)', 'method': 'enbpi', 'n_jobs': 1, 'random_state': 42, 'verbose': 0}",04179c201366146f170dce05f39ccd44f5f7ce40ac39463808ddcefb9dfb8434,started,,,,rico
aa51adeefc5246a5b691833fb3baf151,owner_fit_h15_enbpi,False,xgboost_estimator_fit,xgboost.sklearn,fit,XGBRegressor,19084,2026-09-14T14:13:12.597426+00:00,12336,"{'objective': 'reg:squarederror', 'base_score': None, 'booster': None, 'callbacks': None, 'colsample_bylevel': None, 'colsample_bynode': None, 'colsample_bytree': 0.8, 'device': None, 'early_stopping_rounds': None, 'enable_categorical': False, 'eval_metric': None, 'feature_types': None, 'feature_weights': None, 'gamma': None, 'grow_policy': None, 'importance_type': None, 'interaction_constraints': None, 'learning_rate': 0.05, 'max_bin': None, 'max_cat_threshold': None, 'max_cat_to_onehot': None, 'max_delta_step': None, 'max_depth': 5, 'max_leaves': None, 'min_child_weight': None, 'missing': nan, 'monotone_constraints': None, 'multi_strategy': None, 'n_estimators': 60, 'n_jobs': 1, 'num_parallel_tree': None, 'random_state': 42, 'reg_alpha': None, 'reg_lambda': None, 'sampling_method': None, 'scale_pos_weight': None, 'subsample': 0.8, 'tree_method': 'hist', 'validate_parameters': None, 'verbosity': None}",6ffeb85cacc39b41a9a939f64fef088c3562e2e50acba8c0ef324dca22a0aad2,started,,,,rico
aa51adeefc5246a5b691833fb3baf151,owner_fit_h15_enbpi,False,xgboost_estimator_fit,xgboost.sklearn,fit,XGBRegressor,19084,2026-09-14T14:13:12.597426+00:00,12336,"{'objective': 'reg:squarederror', 'base_score': None, 'booster': None, 'callbacks': None, 'colsample_bylevel': None, 'colsample_bynode': None, 'colsample_bytree': 0.8, 'device': None, 'early_stopping_rounds': None, 'enable_categorical': False, 'eval_metric': None, 'feature_types': None, 'feature_weights': None, 'gamma': None, 'grow_policy': None, 'importance_type': None, 'interaction_constraints': None, 'learning_rate': 0.05, 'max_bin': None, 'max_cat_threshold': None, 'max_cat_to_onehot': None, 'max_delta_step': None, 'max_depth': 5, 'max_leaves': None, 'min_child_weight': None, 'missing': nan, 'monotone_constraints': None, 'multi_strategy': None, 'n_estimators': 60, 'n_jobs': 1, 'num_parallel_tree': None, 'random_state': 42, 'reg_alpha': None, 'reg_lambda': None, 'sampling_method': None, 'scale_pos_weight': None, 'subsample': 0.8, 'tree_method': 'hist', 'validate_parameters': None, 'verbosity': None}",6ffeb85cacc39b41a9a939f64fef088c3562e2e50acba8c0ef324dca22a0aad2,returned,0.254991599998903,0.25,False,rico
775d2cfb554e4e18a758346e753f1d75,owner_fit_h15_enbpi,False,xgboost_estimator_fit,xgboost.sklearn,fit,XGBRegressor,19084,2026-09-14T14:13:12.861888+00:00,12336,"{'objective': 'reg:squarederror', 'base_score': None, 'booster': None, 'callbacks': None, 'colsample_bylevel': None, 'colsample_bynode': None, 'colsample_bytree': 0.8, 'device': None, 'early_stopping_rounds': None, 'enable_categorical': False, 'eval_metric': None, 'feature_types': None, 'feature_weights': None, 'gamma': None, 'grow_policy': None, 'importance_type': None, 'interaction_constraints': None, 'learning_rate': 0.05, 'max_bin': None, 'max_cat_threshold': None, 'max_cat_to_onehot': None, 'max_delta_step': None, 'max_depth': 5, 'max_leaves': None, 'min_child_weight': None, 'missing': nan, 'monotone_constraints': None, 'multi_strategy': None, 'n_estimators': 60, 'n_jobs': 1, 'num_parallel_tree': None, 'random_state': 42, 'reg_alpha': None, 'reg_lambda': None, 'sampling_method': None, 'scale_pos_weight': None, 'subsample': 0.8, 'tree_method': 'hist', 'validate_parameters': None, 'verbosity': None}",ae1a0df2abc3262ed71d9b0f8ea48d79977f9b362a308e03d5742f50f23e0aa3,started,,,,rico
775d2cfb554e4e18a758346e753f1d75,owner_fit_h15_enbpi,False,xgboost_estimator_fit,xgboost.sklearn,fit,XGBRegressor,19084,2026-09-14T14:13:12.861888+00:00,12336,"{'objective': 'reg:squarederror', 'base_score': None, 'booster': None, 'callbacks': None, 'colsample_bylevel': None, 'colsample_bynode': None, 'colsample_bytree': 0.8, 'device': None, 'early_stopping_rounds': None, 'enable_categorical': False, 'eval_metric': None, 'feature_types': None, 'feature_weights': None, 'gamma': None, 'grow_policy': None, 'importance_type': None, 'interaction_constraints': None, 'learning_rate': 0.05, 'max_bin': None, 'max_cat_threshold': None, 'max_cat_to_onehot': None, 'max_delta_step': None, 'max_depth': 5, 'max_leaves': None, 'min_child_weight': None, 'missing': nan, 'monotone_constraints': None, 'multi_strategy': None, 'n_estimators': 60, 'n_jobs': 1, 'num_parallel_tree': None, 'random_state': 42, 'reg_alpha': None, 'reg_lambda': None, 'sampling_method': None, 'scale_pos_weight': None, 'subsample': 0.8, 'tree_method': 'hist', 'validate_parameters': None, 'verbosity': None}",ae1a0df2abc3262ed71d9b0f8ea48d79977f9b362a308e03d5742f50f23e0aa3,returned,0.283755900003598,0.28125,False,rico
b2da7d4b63584f0aaf00a185fdefe8e4,owner_fit_h15_enbpi,False,xgboost_estimator_fit,xgboost.sklearn,fit,XGBRegressor,19084,2026-09-14T14:13:13.156608+00:00,12336,"{'objective': 'reg:squarederror', 'base_score': None, 'booster': None, 'callbacks': None, 'colsample_bylevel': None, 'colsample_bynode': None, 'colsample_bytree': 0.8, 'device': None, 'early_stopping_rounds': None, 'enable_categorical': False, 'eval_metric': None, 'feature_types': None, 'feature_weights': None, 'gamma': None, 'grow_policy': None, 'importance_type': None, 'interaction_constraints': None, 'learning_rate': 0.05, 'max_bin': None, 'max_cat_threshold': None, 'max_cat_to_onehot': None, 'max_delta_step': None, 'max_depth': 5, 'max_leaves': None, 'min_child_weight': None, 'missing': nan, 'monotone_constraints': None, 'multi_strategy': None, 'n_estimators': 60, 'n_jobs': 1, 'num_parallel_tree': None, 'random_state': 42, 'reg_alpha': None, 'reg_lambda': None, 'sampling_method': None, 'scale_pos_weight': None, 'subsample': 0.8, 'tree_method': 'hist', 'validate_parameters': None, 'verbosity': None}",21a48cbd0aeabc776fdf803c5284118a200053c0c6b624d65a9fd84d4fd3ee6c,started,,,,rico
b2da7d4b63584f0aaf00a185fdefe8e4,owner_fit_h15_enbpi,False,xgboost_estimator_fit,xgboost.sklearn,fit,XGBRegressor,19084,2026-09-14T14:13:13.156608+00:00,12336,"{'objective': 'reg:squarederror', 'base_score': None, 'booster': None, 'callbacks': None, 'colsample_bylevel': None, 'colsample_bynode': None, 'colsample_bytree': 0.8, 'device': None, 'early_stopping_rounds': None, 'enable_categorical': False, 'eval_metric': None, 'feature_types': None, 'feature_weights': None, 'gamma': None, 'grow_policy': None, 'importance_type': None, 'interaction_constraints': None, 'learning_rate': 0.05, 'max_bin': None, 'max_cat_threshold': None, 'max_cat_to_onehot': None, 'max_delta_step': None, 'max_depth': 5, 'max_leaves': None, 'min_child_weight': None, 'missing': nan, 'monotone_constraints': None, 'multi_strategy': None, 'n_estimators': 60, 'n_jobs': 1, 'num_parallel_tree': None, 'random_state': 42, 'reg_alpha': None, 'reg_lambda': None, 'sampling_method': None, 'scale_pos_weight': None, 'subsample': 0.8, 'tree_method': 'hist', 'validate_parameters': None, 'verbosity': None}",21a48cbd0aeabc776fdf803c5284118a200053c0c6b624d65a9fd84d4fd3ee6c,returned,0.243927799994708,0.234375,False,rico
99011e1279a643d4a1d4667e886716f4,owner_fit_h15_enbpi,False,xgboost_estimator_fit,xgboost.sklearn,fit,XGBRegressor,19084,2026-09-14T14:13:13.414350+00:00,12336,"{'objective': 'reg:squarederror', 'base_score': None, 'booster': None, 'callbacks': None, 'colsample_bylevel': None, 'colsample_bynode': None, 'colsample_bytree': 0.8, 'device': None, 'early_stopping_rounds': None, 'enable_categorical': False, 'eval_metric': None, 'feature_types': None, 'feature_weights': None, 'gamma': None, 'grow_policy': None, 'importance_type': None, 'interaction_constraints': None, 'learning_rate': 0.05, 'max_bin': None, 'max_cat_threshold': None, 'max_cat_to_onehot': None, 'max_delta_step': None, 'max_depth': 5, 'max_leaves': None, 'min_child_weight': None, 'missing': nan, 'monotone_constraints': None, 'multi_strategy': None, 'n_estimators': 60, 'n_jobs': 1, 'num_parallel_tree': None, 'random_state': 42, 'reg_alpha': None, 'reg_lambda': None, 'sampling_method': None, 'scale_pos_weight': None, 'subsample': 0.8, 'tree_method': 'hist', 'validate_parameters': None, 'verbosity': None}",6af139437264806d94a87740fb79cced07d241f061f5a068d470f609fe4fb876,started,,,,rico
99011e1279a643d4a1d4667e886716f4,owner_fit_h15_enbpi,False,xgboost_estimator_fit,xgboost.sklearn,fit,XGBRegressor,19084,2026-09-14T14:13:13.414350+00:00,12336,"{'objective': 'reg:squarederror', 'base_score': None, 'booster': None, 'callbacks': None, 'colsample_bylevel': None, 'colsample_bynode': None, 'colsample_bytree': 0.8, 'device': None, 'early_stopping_rounds': None, 'enable_categorical': False, 'eval_metric': None, 'feature_types': None, 'feature_weights': None, 'gamma': None, 'grow_policy': None, 'importance_type': None, 'interaction_constraints': None, 'learning_rate': 0.05, 'max_bin': None, 'max_cat_threshold': None, 'max_cat_to_onehot': None, 'max_delta_step': None, 'max_depth': 5, 'max_leaves': None, 'min_child_weight': None, 'missing': nan, 'monotone_constraints': None, 'multi_strategy': None, 'n_estimators': 60, 'n_jobs': 1, 'num_parallel_tree': None, 'random_state': 42, 'reg_alpha': None, 'reg_lambda': None, 'sampling_method': None, 'scale_pos_weight': None, 'subsample': 0.8, 'tree_method': 'hist', 'validate_parameters': None, 'verbosity': None}",6af139437264806d94a87740fb79cced07d241f061f5a068d470f609fe4fb876,returned,0.276185700000497,0.265625,False,rico
982108d1a3eb4a52aacc3adf1fe79cc1,owner_fit_h15_enbpi,False,xgboost_estimator_fit,xgboost.sklearn,fit,XGBRegressor,19084,2026-09-14T14:13:13.699825+00:00,12336,"{'objective': 'reg:squarederror', 'base_score': None, 'booster': None, 'callbacks': None, 'colsample_bylevel': None, 'colsample_bynode': None, 'colsample_bytree': 0.8, 'device': None, 'early_stopping_rounds': None, 'enable_categorical': False, 'eval_metric': None, 'feature_types': None, 'feature_weights': None, 'gamma': None, 'grow_policy': None, 'importance_type': None, 'interaction_constraints': None, 'learning_rate': 0.05, 'max_bin': None, 'max_cat_threshold': None, 'max_cat_to_onehot': None, 'max_delta_step': None, 'max_depth': 5, 'max_leaves': None, 'min_child_weight': None, 'missing': nan, 'monotone_constraints': None, 'multi_strategy': None, 'n_estimators': 60, 'n_jobs': 1, 'num_parallel_tree': None, 'random_state': 42, 'reg_alpha': None, 'reg_lambda': None, 'sampling_method': None, 'scale_pos_weight': None, 'subsample': 0.8, 'tree_method': 'hist', 'validate_parameters': None, 'verbosity': None}",4b7f2823ae3227b2b5a18a1937bdae2f79ec223eb39aa936b507d35355a99b99,started,,,,rico
982108d1a3eb4a52aacc3adf1fe79cc1,owner_fit_h15_enbpi,False,xgboost_estimator_fit,xgboost.sklearn,fit,XGBRegressor,19084,2026-09-14T14:13:13.699825+00:00,12336,"{'objective': 'reg:squarederror', 'base_score': None, 'booster': None, 'callbacks': None, 'colsample_bylevel': None, 'colsample_bynode': None, 'colsample_bytree': 0.8, 'device': None, 'early_stopping_rounds': None, 'enable_categorical': False, 'eval_metric': None, 'feature_types': None, 'feature_weights': None, 'gamma': None, 'grow_policy': None, 'importance_type': None, 'interaction_constraints': None, 'learning_rate': 0.05, 'max_bin': None, 'max_cat_threshold': None, 'max_cat_to_onehot': None, 'max_delta_step': None, 'max_depth': 5, 'max_leaves': None, 'min_child_weight': None, 'missing': nan, 'monotone_constraints': None, 'multi_strategy': None, 'n_estimators': 60, 'n_jobs': 1, 'num_parallel_tree': None, 'random_state': 42, 'reg_alpha': None, 'reg_lambda': None, 'sampling_method': None, 'scale_pos_weight': None, 'subsample': 0.8, 'tree_method': 'hist', 'validate_parameters': None, 'verbosity': None}",4b7f2823ae3227b2b5a18a1937bdae2f79ec223eb39aa936b507d35355a99b99,returned,0.249661399997422,0.234375,False,rico
c73ecfde222144a5924758c9126c2021,owner_fit_h15_enbpi,False,calibrator_conformalize,mapie.regression.regression,conformalize,TimeSeriesRegressor,19084,2026-09-14T14:13:12.586344+00:00,12322,"{'agg_function': 'mean', 'conformity_score': None, 'cv': 'BlockBootstrap(length=24, n_blocks=None, n_resamplings=5, overlapping=True,\n        random_state=42)', 'estimator': 'XGBRegressor(base_score=None, booster=None, callbacks=None,\n             colsample_bylevel=None, colsample_bynode=None,\n             colsample_bytree=0.8, device=None, early_stopping_rounds=None,\n             enable_categorical=False, eval_metric=None, feature_types=None,\n             feature_weights=None, gamma=None, grow_policy=None,\n             importance_type=None, interaction_constraints=None,\n             learning_rate=0.05, max_bin=None, max_cat_threshold=None,\n             max_cat_to_onehot=None, max_delta_step=None, max_depth=5,\n             max_leaves=None, min_child_weight=None, missing=nan,\n             monotone_constraints=None, multi_strategy=None, n_estimators=60,\n             n_jobs=1, num_parallel_tree=None, ...)', 'method': 'enbpi', 'n_jobs': 1, 'random_state': 42, 'verbose': 0}",04179c201366146f170dce05f39ccd44f5f7ce40ac39463808ddcefb9dfb8434,returned,1.4151114999986,1.390625,False,rico
94ed5c129bce4fea8d9a9178d061c3e0,owner_fit_h15_enbpi,False,enbpi_wrapper_fit,mapie.regression.regression,fit,TimeSeriesRegressor,19084,2026-09-14T14:13:12.313391+00:00,12322,"{'agg_function': 'mean', 'conformity_score': None, 'cv': 'BlockBootstrap(length=24, n_blocks=None, n_resamplings=5, overlapping=True,\n        random_state=42)', 'estimator': 'XGBRegressor(base_score=None, booster=None, callbacks=None,\n             colsample_bylevel=None, colsample_bynode=None,\n             colsample_bytree=0.8, device=None, early_stopping_rounds=None,\n             enable_categorical=False, eval_metric=None, feature_types=None,\n             feature_weights=None, gamma=None, grow_policy=None,\n             importance_type=None, interaction_constraints=None,\n             learning_rate=0.05, max_bin=None, max_cat_threshold=None,\n             max_cat_to_onehot=None, max_delta_step=None, max_depth=5,\n             max_leaves=None, min_child_weight=None, missing=nan,\n             monotone_constraints=None, multi_strategy=None, n_estimators=60,\n             n_jobs=1, num_parallel_tree=None, ...)', 'method': 'enbpi', 'n_jobs': 1, 'random_state': 42, 'verbose': 0}",04179c201366146f170dce05f39ccd44f5f7ce40ac39463808ddcefb9dfb8434,returned,1.6904949000018,1.65625,False,rico
a94d736b6d5a4c6c93041c38efc24eaa,owner_cal_h15_enbpi,False,calibrator_conformalize,mapie.regression.regression,conformalize,TimeSeriesRegressor,19084,2026-09-14T14:13:14.102384+00:00,4242,"{'agg_function': 'mean', 'conformity_score': None, 'cv': 'BlockBootstrap(length=24, n_blocks=None, n_resamplings=5, overlapping=True,\n        random_state=42)', 'estimator': 'XGBRegressor(base_score=None, booster=None, callbacks=None,\n             colsample_bylevel=None, colsample_bynode=None,\n             colsample_bytree=0.8, device=None, early_stopping_rounds=None,\n             enable_categorical=False, eval_metric=None, feature_types=None,\n             feature_weights=None, gamma=None, grow_policy=None,\n             importance_type=None, interaction_constraints=None,\n             learning_rate=0.05, max_bin=None, max_cat_threshold=None,\n             max_cat_to_onehot=None, max_delta_step=None, max_depth=5,\n             max_leaves=None, min_child_weight=None, missing=nan,\n             monotone_constraints=None, multi_strategy=None, n_estimators=60,\n             n_jobs=1, num_parallel_tree=None, ...)', 'method': 'enbpi', 'n_jobs': 1, 'random_state': 42, 'verbose': 0}",5e2458271b1ab0ce2ce5f943f549f2b4b9155972ae7cab58f4e65327c5f824ca,started,,,,rico
56744a78d4894286aed1059c1fc8782a,owner_cal_h15_enbpi,False,xgboost_estimator_fit,xgboost.sklearn,fit,XGBRegressor,19084,2026-09-14T14:13:14.111919+00:00,4248,"{'objective': 'reg:squarederror', 'base_score': None, 'booster': None, 'callbacks': None, 'colsample_bylevel': None, 'colsample_bynode': None, 'colsample_bytree': 0.8, 'device': None, 'early_stopping_rounds': None, 'enable_categorical': False, 'eval_metric': None, 'feature_types': None, 'feature_weights': None, 'gamma': None, 'grow_policy': None, 'importance_type': None, 'interaction_constraints': None, 'learning_rate': 0.05, 'max_bin': None, 'max_cat_threshold': None, 'max_cat_to_onehot': None, 'max_delta_step': None, 'max_depth': 5, 'max_leaves': None, 'min_child_weight': None, 'missing': nan, 'monotone_constraints': None, 'multi_strategy': None, 'n_estimators': 60, 'n_jobs': 1, 'num_parallel_tree': None, 'random_state': 42, 'reg_alpha': None, 'reg_lambda': None, 'sampling_method': None, 'scale_pos_weight': None, 'subsample': 0.8, 'tree_method': 'hist', 'validate_parameters': None, 'verbosity': None}",e309c635481d1c765d6d363fe755eef9ab4d1f073e977cf18c2c025e9711fc39,started,,,,rico
56744a78d4894286aed1059c1fc8782a,owner_cal_h15_enbpi,False,xgboost_estimator_fit,xgboost.sklearn,fit,XGBRegressor,19084,2026-09-14T14:13:14.111919+00:00,4248,"{'objective': 'reg:squarederror', 'base_score': None, 'booster': None, 'callbacks': None, 'colsample_bylevel': None, 'colsample_bynode': None, 'colsample_bytree': 0.8, 'device': None, 'early_stopping_rounds': None, 'enable_categorical': False, 'eval_metric': None, 'feature_types': None, 'feature_weights': None, 'gamma': None, 'grow_policy': None, 'importance_type': None, 'interaction_constraints': None, 'learning_rate': 0.05, 'max_bin': None, 'max_cat_threshold': None, 'max_cat_to_onehot': None, 'max_delta_step': None, 'max_depth': 5, 'max_leaves': None, 'min_child_weight': None, 'missing': nan, 'monotone_constraints': None, 'multi_strategy': None, 'n_estimators': 60, 'n_jobs': 1, 'num_parallel_tree': None, 'random_state': 42, 'reg_alpha': None, 'reg_lambda': None, 'sampling_method': None, 'scale_pos_weight': None, 'subsample': 0.8, 'tree_method': 'hist', 'validate_parameters': None, 'verbosity': None}",e309c635481d1c765d6d363fe755eef9ab4d1f073e977cf18c2c025e9711fc39,returned,0.155439599999227,0.15625,False,rico
e0a8500d87374bf781fc07df86fbced2,owner_cal_h15_enbpi,False,xgboost_estimator_fit,xgboost.sklearn,fit,XGBRegressor,19084,2026-09-14T14:13:14.275747+00:00,4248,"{'objective': 'reg:squarederror', 'base_score': None, 'booster': None, 'callbacks': None, 'colsample_bylevel': None, 'colsample_bynode': None, 'colsample_bytree': 0.8, 'device': None, 'early_stopping_rounds': None, 'enable_categorical': False, 'eval_metric': None, 'feature_types': None, 'feature_weights': None, 'gamma': None, 'grow_policy': None, 'importance_type': None, 'interaction_constraints': None, 'learning_rate': 0.05, 'max_bin': None, 'max_cat_threshold': None, 'max_cat_to_onehot': None, 'max_delta_step': None, 'max_depth': 5, 'max_leaves': None, 'min_child_weight': None, 'missing': nan, 'monotone_constraints': None, 'multi_strategy': None, 'n_estimators': 60, 'n_jobs': 1, 'num_parallel_tree': None, 'random_state': 42, 'reg_alpha': None, 'reg_lambda': None, 'sampling_method': None, 'scale_pos_weight': None, 'subsample': 0.8, 'tree_method': 'hist', 'validate_parameters': None, 'verbosity': None}",964965362340c04d04b3dd2eaa771910f1017f05c9a2076918c1ca94a3d97f4c,started,,,,rico
e0a8500d87374bf781fc07df86fbced2,owner_cal_h15_enbpi,False,xgboost_estimator_fit,xgboost.sklearn,fit,XGBRegressor,19084,2026-09-14T14:13:14.275747+00:00,4248,"{'objective': 'reg:squarederror', 'base_score': None, 'booster': None, 'callbacks': None, 'colsample_bylevel': None, 'colsample_bynode': None, 'colsample_bytree': 0.8, 'device': None, 'early_stopping_rounds': None, 'enable_categorical': False, 'eval_metric': None, 'feature_types': None, 'feature_weights': None, 'gamma': None, 'grow_policy': None, 'importance_type': None, 'interaction_constraints': None, 'learning_rate': 0.05, 'max_bin': None, 'max_cat_threshold': None, 'max_cat_to_onehot': None, 'max_delta_step': None, 'max_depth': 5, 'max_leaves': None, 'min_child_weight': None, 'missing': nan, 'monotone_constraints': None, 'multi_strategy': None, 'n_estimators': 60, 'n_jobs': 1, 'num_parallel_tree': None, 'random_state': 42, 'reg_alpha': None, 'reg_lambda': None, 'sampling_method': None, 'scale_pos_weight': None, 'subsample': 0.8, 'tree_method': 'hist', 'validate_parameters': None, 'verbosity': None}",964965362340c04d04b3dd2eaa771910f1017f05c9a2076918c1ca94a3d97f4c,returned,0.129151400004048,0.140625,False,rico
731d1fb4a41c44e6a99bd0151143c7ea,owner_cal_h15_enbpi,False,xgboost_estimator_fit,xgboost.sklearn,fit,XGBRegressor,19084,2026-09-14T14:13:14.412302+00:00,4248,"{'objective': 'reg:squarederror', 'base_score': None, 'booster': None, 'callbacks': None, 'colsample_bylevel': None, 'colsample_bynode': None, 'colsample_bytree': 0.8, 'device': None, 'early_stopping_rounds': None, 'enable_categorical': False, 'eval_metric': None, 'feature_types': None, 'feature_weights': None, 'gamma': None, 'grow_policy': None, 'importance_type': None, 'interaction_constraints': None, 'learning_rate': 0.05, 'max_bin': None, 'max_cat_threshold': None, 'max_cat_to_onehot': None, 'max_delta_step': None, 'max_depth': 5, 'max_leaves': None, 'min_child_weight': None, 'missing': nan, 'monotone_constraints': None, 'multi_strategy': None, 'n_estimators': 60, 'n_jobs': 1, 'num_parallel_tree': None, 'random_state': 42, 'reg_alpha': None, 'reg_lambda': None, 'sampling_method': None, 'scale_pos_weight': None, 'subsample': 0.8, 'tree_method': 'hist', 'validate_parameters': None, 'verbosity': None}",151c7af687a119869c7b95966f9005997b28f77376a27669ae90fe20aaac0ea6,started,,,,rico
731d1fb4a41c44e6a99bd0151143c7ea,owner_cal_h15_enbpi,False,xgboost_estimator_fit,xgboost.sklearn,fit,XGBRegressor,19084,2026-09-14T14:13:14.412302+00:00,4248,"{'objective': 'reg:squarederror', 'base_score': None, 'booster': None, 'callbacks': None, 'colsample_bylevel': None, 'colsample_bynode': None, 'colsample_bytree': 0.8, 'device': None, 'early_stopping_rounds': None, 'enable_categorical': False, 'eval_metric': None, 'feature_types': None, 'feature_weights': None, 'gamma': None, 'grow_policy': None, 'importance_type': None, 'interaction_constraints': None, 'learning_rate': 0.05, 'max_bin': None, 'max_cat_threshold': None, 'max_cat_to_onehot': None, 'max_delta_step': None, 'max_depth': 5, 'max_leaves': None, 'min_child_weight': None, 'missing': nan, 'monotone_constraints': None, 'multi_strategy': None, 'n_estimators': 60, 'n_jobs': 1, 'num_parallel_tree': None, 'random_state': 42, 'reg_alpha': None, 'reg_lambda': None, 'sampling_method': None, 'scale_pos_weight': None, 'subsample': 0.8, 'tree_method': 'hist', 'validate_parameters': None, 'verbosity': None}",151c7af687a119869c7b95966f9005997b28f77376a27669ae90fe20aaac0ea6,returned,0.136640099997749,0.140625,False,rico
853698de49964d338c030e81457e6625,owner_cal_h15_enbpi,False,xgboost_estimator_fit,xgboost.sklearn,fit,XGBRegressor,19084,2026-09-14T14:13:14.556226+00:00,4248,"{'objective': 'reg:squarederror', 'base_score': None, 'booster': None, 'callbacks': None, 'colsample_bylevel': None, 'colsample_bynode': None, 'colsample_bytree': 0.8, 'device': None, 'early_stopping_rounds': None, 'enable_categorical': False, 'eval_metric': None, 'feature_types': None, 'feature_weights': None, 'gamma': None, 'grow_policy': None, 'importance_type': None, 'interaction_constraints': None, 'learning_rate': 0.05, 'max_bin': None, 'max_cat_threshold': None, 'max_cat_to_onehot': None, 'max_delta_step': None, 'max_depth': 5, 'max_leaves': None, 'min_child_weight': None, 'missing': nan, 'monotone_constraints': None, 'multi_strategy': None, 'n_estimators': 60, 'n_jobs': 1, 'num_parallel_tree': None, 'random_state': 42, 'reg_alpha': None, 'reg_lambda': None, 'sampling_method': None, 'scale_pos_weight': None, 'subsample': 0.8, 'tree_method': 'hist', 'validate_parameters': None, 'verbosity': None}",4f0183b9abb53b0051a5ebc9050163f966279a9da8705fd68c3823dcee36d4b4,started,,,,rico
853698de49964d338c030e81457e6625,owner_cal_h15_enbpi,False,xgboost_estimator_fit,xgboost.sklearn,fit,XGBRegressor,19084,2026-09-14T14:13:14.556226+00:00,4248,"{'objective': 'reg:squarederror', 'base_score': None, 'booster': None, 'callbacks': None, 'colsample_bylevel': None, 'colsample_bynode': None, 'colsample_bytree': 0.8, 'device': None, 'early_stopping_rounds': None, 'enable_categorical': False, 'eval_metric': None, 'feature_types': None, 'feature_weights': None, 'gamma': None, 'grow_policy': None, 'importance_type': None, 'interaction_constraints': None, 'learning_rate': 0.05, 'max_bin': None, 'max_cat_threshold': None, 'max_cat_to_onehot': None, 'max_delta_step': None, 'max_depth': 5, 'max_leaves': None, 'min_child_weight': None, 'missing': nan, 'monotone_constraints': None, 'multi_strategy': None, 'n_estimators': 60, 'n_jobs': 1, 'num_parallel_tree': None, 'random_state': 42, 'reg_alpha': None, 'reg_lambda': None, 'sampling_method': None, 'scale_pos_weight': None, 'subsample': 0.8, 'tree_method': 'hist', 'validate_parameters': None, 'verbosity': None}",4f0183b9abb53b0051a5ebc9050163f966279a9da8705fd68c3823dcee36d4b4,returned,0.129178899995168,0.140625,False,rico
d5e234f4bf2c4d06af267d04d1a21bc3,owner_cal_h15_enbpi,False,xgboost_estimator_fit,xgboost.sklearn,fit,XGBRegressor,19084,2026-09-14T14:13:14.693364+00:00,4248,"{'objective': 'reg:squarederror', 'base_score': None, 'booster': None, 'callbacks': None, 'colsample_bylevel': None, 'colsample_bynode': None, 'colsample_bytree': 0.8, 'device': None, 'early_stopping_rounds': None, 'enable_categorical': False, 'eval_metric': None, 'feature_types': None, 'feature_weights': None, 'gamma': None, 'grow_policy': None, 'importance_type': None, 'interaction_constraints': None, 'learning_rate': 0.05, 'max_bin': None, 'max_cat_threshold': None, 'max_cat_to_onehot': None, 'max_delta_step': None, 'max_depth': 5, 'max_leaves': None, 'min_child_weight': None, 'missing': nan, 'monotone_constraints': None, 'multi_strategy': None, 'n_estimators': 60, 'n_jobs': 1, 'num_parallel_tree': None, 'random_state': 42, 'reg_alpha': None, 'reg_lambda': None, 'sampling_method': None, 'scale_pos_weight': None, 'subsample': 0.8, 'tree_method': 'hist', 'validate_parameters': None, 'verbosity': None}",96c0756a13b335364e29b5a1719893e0e9e657b57d258e3994f794b834cc68f1,started,,,,rico
d5e234f4bf2c4d06af267d04d1a21bc3,owner_cal_h15_enbpi,False,xgboost_estimator_fit,xgboost.sklearn,fit,XGBRegressor,19084,2026-09-14T14:13:14.693364+00:00,4248,"{'objective': 'reg:squarederror', 'base_score': None, 'booster': None, 'callbacks': None, 'colsample_bylevel': None, 'colsample_bynode': None, 'colsample_bytree': 0.8, 'device': None, 'early_stopping_rounds': None, 'enable_categorical': False, 'eval_metric': None, 'feature_types': None, 'feature_weights': None, 'gamma': None, 'grow_policy': None, 'importance_type': None, 'interaction_constraints': None, 'learning_rate': 0.05, 'max_bin': None, 'max_cat_threshold': None, 'max_cat_to_onehot': None, 'max_delta_step': None, 'max_depth': 5, 'max_leaves': None, 'min_child_weight': None, 'missing': nan, 'monotone_constraints': None, 'multi_strategy': None, 'n_estimators': 60, 'n_jobs': 1, 'num_parallel_tree': None, 'random_state': 42, 'reg_alpha': None, 'reg_lambda': None, 'sampling_method': None, 'scale_pos_weight': None, 'subsample': 0.8, 'tree_method': 'hist', 'validate_parameters': None, 'verbosity': None}",96c0756a13b335364e29b5a1719893e0e9e657b57d258e3994f794b834cc68f1,returned,0.137104400011594,0.125,False,rico
a94d736b6d5a4c6c93041c38efc24eaa,owner_cal_h15_enbpi,False,calibrator_conformalize,mapie.regression.regression,conformalize,TimeSeriesRegressor,19084,2026-09-14T14:13:14.102384+00:00,4242,"{'agg_function': 'mean', 'conformity_score': None, 'cv': 'BlockBootstrap(length=24, n_blocks=None, n_resamplings=5, overlapping=True,\n        random_state=42)', 'estimator': 'XGBRegressor(base_score=None, booster=None, callbacks=None,\n             colsample_bylevel=None, colsample_bynode=None,\n             colsample_bytree=0.8, device=None, early_stopping_rounds=None,\n             enable_categorical=False, eval_metric=None, feature_types=None,\n             feature_weights=None, gamma=None, grow_policy=None,\n             importance_type=None, interaction_constraints=None,\n             learning_rate=0.05, max_bin=None, max_cat_threshold=None,\n             max_cat_to_onehot=None, max_delta_step=None, max_depth=5,\n             max_leaves=None, min_child_weight=None, missing=nan,\n             monotone_constraints=None, multi_strategy=None, n_estimators=60,\n             n_jobs=1, num_parallel_tree=None, ...)', 'method': 'enbpi', 'n_jobs': 1, 'random_state': 42, 'verbose': 0}",5e2458271b1ab0ce2ce5f943f549f2b4b9155972ae7cab58f4e65327c5f824ca,returned,0.755281099991407,0.75,False,rico
aa23e8bf2580465da63682a33443ce00,owner_fit_h30_cqr_l90,False,cqr_wrapper_fit,mapie.regression.quantile_regression,fit,ConformalizedQuantileRegressor,19084,2026-09-14T14:13:41.416827+00:00,11407,{},58994c32b805d86d8cd3dd4afc710d06c1084f4a1d293dcb70a43a4c6e4d4248,started,,,,rico
69397db52f4f4be8bc9ac92a1364eabd,owner_fit_h30_cqr_l90,False,quantile_estimator_fit,sklearn.ensemble._hist_gradient_boosting.gradient_boosting,fit,HistGradientBoostingRegressor,19084,2026-09-14T14:13:41.423490+00:00,11407,"{'categorical_features': 'warn', 'early_stopping': 'auto', 'interaction_cst': None, 'l2_regularization': 0.0, 'learning_rate': 0.05, 'loss': 'quantile', 'max_bins': 255, 'max_depth': None, 'max_features': 1.0, 'max_iter': 300, 'max_leaf_nodes': 31, 'min_samples_leaf': 50, 'monotonic_cst': None, 'n_iter_no_change': 10, 'quantile': 0.05, 'random_state': 42, 'scoring': 'loss', 'tol': 1e-07, 'validation_fraction': 0.1, 'verbose': 0, 'warm_start': False}",58994c32b805d86d8cd3dd4afc710d06c1084f4a1d293dcb70a43a4c6e4d4248,started,,,,rico
69397db52f4f4be8bc9ac92a1364eabd,owner_fit_h30_cqr_l90,False,quantile_estimator_fit,sklearn.ensemble._hist_gradient_boosting.gradient_boosting,fit,HistGradientBoostingRegressor,19084,2026-09-14T14:13:41.423490+00:00,11407,"{'categorical_features': 'warn', 'early_stopping': 'auto', 'interaction_cst': None, 'l2_regularization': 0.0, 'learning_rate': 0.05, 'loss': 'quantile', 'max_bins': 255, 'max_depth': None, 'max_features': 1.0, 'max_iter': 300, 'max_leaf_nodes': 31, 'min_samples_leaf': 50, 'monotonic_cst': None, 'n_iter_no_change': 10, 'quantile': 0.05, 'random_state': 42, 'scoring': 'loss', 'tol': 1e-07, 'validation_fraction': 0.1, 'verbose': 0, 'warm_start': False}",58994c32b805d86d8cd3dd4afc710d06c1084f4a1d293dcb70a43a4c6e4d4248,returned,4.09569689999626,3.953125,False,rico
1337d4509f384d1ab15f6a963a79ad63,owner_fit_h30_cqr_l90,False,quantile_estimator_fit,sklearn.ensemble._hist_gradient_boosting.gradient_boosting,fit,HistGradientBoostingRegressor,19084,2026-09-14T14:13:45.523973+00:00,11407,"{'categorical_features': 'warn', 'early_stopping': 'auto', 'interaction_cst': None, 'l2_regularization': 0.0, 'learning_rate': 0.05, 'loss': 'quantile', 'max_bins': 255, 'max_depth': None, 'max_features': 1.0, 'max_iter': 300, 'max_leaf_nodes': 31, 'min_samples_leaf': 50, 'monotonic_cst': None, 'n_iter_no_change': 10, 'quantile': 0.95, 'random_state': 42, 'scoring': 'loss', 'tol': 1e-07, 'validation_fraction': 0.1, 'verbose': 0, 'warm_start': False}",58994c32b805d86d8cd3dd4afc710d06c1084f4a1d293dcb70a43a4c6e4d4248,started,,,,rico
1337d4509f384d1ab15f6a963a79ad63,owner_fit_h30_cqr_l90,False,quantile_estimator_fit,sklearn.ensemble._hist_gradient_boosting.gradient_boosting,fit,HistGradientBoostingRegressor,19084,2026-09-14T14:13:45.523973+00:00,11407,"{'categorical_features': 'warn', 'early_stopping': 'auto', 'interaction_cst': None, 'l2_regularization': 0.0, 'learning_rate': 0.05, 'loss': 'quantile', 'max_bins': 255, 'max_depth': None, 'max_features': 1.0, 'max_iter': 300, 'max_leaf_nodes': 31, 'min_samples_leaf': 50, 'monotonic_cst': None, 'n_iter_no_change': 10, 'quantile': 0.95, 'random_state': 42, 'scoring': 'loss', 'tol': 1e-07, 'validation_fraction': 0.1, 'verbose': 0, 'warm_start': False}",58994c32b805d86d8cd3dd4afc710d06c1084f4a1d293dcb70a43a4c6e4d4248,returned,4.26215579999553,4.0625,False,rico
e9b3e77d6d644a64818193614fdd757e,owner_fit_h30_cqr_l90,False,quantile_estimator_fit,sklearn.ensemble._hist_gradient_boosting.gradient_boosting,fit,HistGradientBoostingRegressor,19084,2026-09-14T14:13:49.792417+00:00,11407,"{'categorical_features': 'warn', 'early_stopping': 'auto', 'interaction_cst': None, 'l2_regularization': 0.0, 'learning_rate': 0.05, 'loss': 'quantile', 'max_bins': 255, 'max_depth': None, 'max_features': 1.0, 'max_iter': 300, 'max_leaf_nodes': 31, 'min_samples_leaf': 50, 'monotonic_cst': None, 'n_iter_no_change': 10, 'quantile': 0.5, 'random_state': 42, 'scoring': 'loss', 'tol': 1e-07, 'validation_fraction': 0.1, 'verbose': 0, 'warm_start': False}",58994c32b805d86d8cd3dd4afc710d06c1084f4a1d293dcb70a43a4c6e4d4248,started,,,,rico
e9b3e77d6d644a64818193614fdd757e,owner_fit_h30_cqr_l90,False,quantile_estimator_fit,sklearn.ensemble._hist_gradient_boosting.gradient_boosting,fit,HistGradientBoostingRegressor,19084,2026-09-14T14:13:49.792417+00:00,11407,"{'categorical_features': 'warn', 'early_stopping': 'auto', 'interaction_cst': None, 'l2_regularization': 0.0, 'learning_rate': 0.05, 'loss': 'quantile', 'max_bins': 255, 'max_depth': None, 'max_features': 1.0, 'max_iter': 300, 'max_leaf_nodes': 31, 'min_samples_leaf': 50, 'monotonic_cst': None, 'n_iter_no_change': 10, 'quantile': 0.5, 'random_state': 42, 'scoring': 'loss', 'tol': 1e-07, 'validation_fraction': 0.1, 'verbose': 0, 'warm_start': False}",58994c32b805d86d8cd3dd4afc710d06c1084f4a1d293dcb70a43a4c6e4d4248,returned,4.1217375999986,3.90625,False,rico
aa23e8bf2580465da63682a33443ce00,owner_fit_h30_cqr_l90,False,cqr_wrapper_fit,mapie.regression.quantile_regression,fit,ConformalizedQuantileRegressor,19084,2026-09-14T14:13:41.416827+00:00,11407,{},58994c32b805d86d8cd3dd4afc710d06c1084f4a1d293dcb70a43a4c6e4d4248,returned,12.4992020000063,11.9375,False,rico
e4b7126418804134bd6ebbcba1fca591,owner_cal_h30_cqr_l90,False,calibrator_conformalize,mapie.regression.quantile_regression,conformalize,ConformalizedQuantileRegressor,19084,2026-09-14T14:13:54.175268+00:00,3927,{},09a0077e3fe97873914f6c3cf60ef9df2ed1a35eb74099aec459e1dfff1c884e,started,,,,rico
8baf28896fd94943abebccce8e95db56,owner_cal_h30_cqr_l90,False,calibrator_conformalize,mapie.regression.quantile_regression,conformalize,_MapieQuantileRegressor,19084,2026-09-14T14:13:54.177300+00:00,3927,"{'alpha': 0.1, 'cv': 'split', 'estimator': ""HistGradientBoostingRegressor(learning_rate=0.05, loss='quantile', max_iter=300,\n                              min_samples_leaf=50, random_state=42)"", 'method': 'quantile'}",09a0077e3fe97873914f6c3cf60ef9df2ed1a35eb74099aec459e1dfff1c884e,started,,,,rico
8baf28896fd94943abebccce8e95db56,owner_cal_h30_cqr_l90,False,calibrator_conformalize,mapie.regression.quantile_regression,conformalize,_MapieQuantileRegressor,19084,2026-09-14T14:13:54.177300+00:00,3927,"{'alpha': 0.1, 'cv': 'split', 'estimator': ""HistGradientBoostingRegressor(learning_rate=0.05, loss='quantile', max_iter=300,\n                              min_samples_leaf=50, random_state=42)"", 'method': 'quantile'}",09a0077e3fe97873914f6c3cf60ef9df2ed1a35eb74099aec459e1dfff1c884e,returned,0.530334899987793,0.53125,False,rico
e4b7126418804134bd6ebbcba1fca591,owner_cal_h30_cqr_l90,False,calibrator_conformalize,mapie.regression.quantile_regression,conformalize,ConformalizedQuantileRegressor,19084,2026-09-14T14:13:54.175268+00:00,3927,{},09a0077e3fe97873914f6c3cf60ef9df2ed1a35eb74099aec459e1dfff1c884e,returned,0.533832600005553,0.53125,False,rico
e6467e576e654e308aa5a3cbc4cc0357,owner_fit_h30_cqr_l95,False,cqr_wrapper_fit,mapie.regression.quantile_regression,fit,ConformalizedQuantileRegressor,19084,2026-09-14T14:14:03.097530+00:00,11407,{},58994c32b805d86d8cd3dd4afc710d06c1084f4a1d293dcb70a43a4c6e4d4248,started,,,,rico
7d353da35b804dbea894d71c1026b4ce,owner_fit_h30_cqr_l95,False,quantile_estimator_fit,sklearn.ensemble._hist_gradient_boosting.gradient_boosting,fit,HistGradientBoostingRegressor,19084,2026-09-14T14:14:03.102488+00:00,11407,"{'categorical_features': 'warn', 'early_stopping': 'auto', 'interaction_cst': None, 'l2_regularization': 0.0, 'learning_rate': 0.05, 'loss': 'quantile', 'max_bins': 255, 'max_depth': None, 'max_features': 1.0, 'max_iter': 300, 'max_leaf_nodes': 31, 'min_samples_leaf': 50, 'monotonic_cst': None, 'n_iter_no_change': 10, 'quantile': 0.025, 'random_state': 42, 'scoring': 'loss', 'tol': 1e-07, 'validation_fraction': 0.1, 'verbose': 0, 'warm_start': False}",58994c32b805d86d8cd3dd4afc710d06c1084f4a1d293dcb70a43a4c6e4d4248,started,,,,rico
7d353da35b804dbea894d71c1026b4ce,owner_fit_h30_cqr_l95,False,quantile_estimator_fit,sklearn.ensemble._hist_gradient_boosting.gradient_boosting,fit,HistGradientBoostingRegressor,19084,2026-09-14T14:14:03.102488+00:00,11407,"{'categorical_features': 'warn', 'early_stopping': 'auto', 'interaction_cst': None, 'l2_regularization': 0.0, 'learning_rate': 0.05, 'loss': 'quantile', 'max_bins': 255, 'max_depth': None, 'max_features': 1.0, 'max_iter': 300, 'max_leaf_nodes': 31, 'min_samples_leaf': 50, 'monotonic_cst': None, 'n_iter_no_change': 10, 'quantile': 0.025, 'random_state': 42, 'scoring': 'loss', 'tol': 1e-07, 'validation_fraction': 0.1, 'verbose': 0, 'warm_start': False}",58994c32b805d86d8cd3dd4afc710d06c1084f4a1d293dcb70a43a4c6e4d4248,returned,3.91384360000666,3.8125,False,rico
b0c647282b724327b0b87824720e4e7e,owner_fit_h30_cqr_l95,False,quantile_estimator_fit,sklearn.ensemble._hist_gradient_boosting.gradient_boosting,fit,HistGradientBoostingRegressor,19084,2026-09-14T14:14:07.021196+00:00,11407,"{'categorical_features': 'warn', 'early_stopping': 'auto', 'interaction_cst': None, 'l2_regularization': 0.0, 'learning_rate': 0.05, 'loss': 'quantile', 'max_bins': 255, 'max_depth': None, 'max_features': 1.0, 'max_iter': 300, 'max_leaf_nodes': 31, 'min_samples_leaf': 50, 'monotonic_cst': None, 'n_iter_no_change': 10, 'quantile': 0.975, 'random_state': 42, 'scoring': 'loss', 'tol': 1e-07, 'validation_fraction': 0.1, 'verbose': 0, 'warm_start': False}",58994c32b805d86d8cd3dd4afc710d06c1084f4a1d293dcb70a43a4c6e4d4248,started,,,,rico
b0c647282b724327b0b87824720e4e7e,owner_fit_h30_cqr_l95,False,quantile_estimator_fit,sklearn.ensemble._hist_gradient_boosting.gradient_boosting,fit,HistGradientBoostingRegressor,19084,2026-09-14T14:14:07.021196+00:00,11407,"{'categorical_features': 'warn', 'early_stopping': 'auto', 'interaction_cst': None, 'l2_regularization': 0.0, 'learning_rate': 0.05, 'loss': 'quantile', 'max_bins': 255, 'max_depth': None, 'max_features': 1.0, 'max_iter': 300, 'max_leaf_nodes': 31, 'min_samples_leaf': 50, 'monotonic_cst': None, 'n_iter_no_change': 10, 'quantile': 0.975, 'random_state': 42, 'scoring': 'loss', 'tol': 1e-07, 'validation_fraction': 0.1, 'verbose': 0, 'warm_start': False}",58994c32b805d86d8cd3dd4afc710d06c1084f4a1d293dcb70a43a4c6e4d4248,returned,3.71220229999744,3.578125,False,rico
c989cdd44b5b4a61875e613ac7634acf,owner_fit_h30_cqr_l95,False,quantile_estimator_fit,sklearn.ensemble._hist_gradient_boosting.gradient_boosting,fit,HistGradientBoostingRegressor,19084,2026-09-14T14:14:10.739842+00:00,11407,"{'categorical_features': 'warn', 'early_stopping': 'auto', 'interaction_cst': None, 'l2_regularization': 0.0, 'learning_rate': 0.05, 'loss': 'quantile', 'max_bins': 255, 'max_depth': None, 'max_features': 1.0, 'max_iter': 300, 'max_leaf_nodes': 31, 'min_samples_leaf': 50, 'monotonic_cst': None, 'n_iter_no_change': 10, 'quantile': 0.5, 'random_state': 42, 'scoring': 'loss', 'tol': 1e-07, 'validation_fraction': 0.1, 'verbose': 0, 'warm_start': False}",58994c32b805d86d8cd3dd4afc710d06c1084f4a1d293dcb70a43a4c6e4d4248,started,,,,rico
c989cdd44b5b4a61875e613ac7634acf,owner_fit_h30_cqr_l95,False,quantile_estimator_fit,sklearn.ensemble._hist_gradient_boosting.gradient_boosting,fit,HistGradientBoostingRegressor,19084,2026-09-14T14:14:10.739842+00:00,11407,"{'categorical_features': 'warn', 'early_stopping': 'auto', 'interaction_cst': None, 'l2_regularization': 0.0, 'learning_rate': 0.05, 'loss': 'quantile', 'max_bins': 255, 'max_depth': None, 'max_features': 1.0, 'max_iter': 300, 'max_leaf_nodes': 31, 'min_samples_leaf': 50, 'monotonic_cst': None, 'n_iter_no_change': 10, 'quantile': 0.5, 'random_state': 42, 'scoring': 'loss', 'tol': 1e-07, 'validation_fraction': 0.1, 'verbose': 0, 'warm_start': False}",58994c32b805d86d8cd3dd4afc710d06c1084f4a1d293dcb70a43a4c6e4d4248,returned,4.21099979999417,4.15625,False,rico
e6467e576e654e308aa5a3cbc4cc0357,owner_fit_h30_cqr_l95,False,cqr_wrapper_fit,mapie.regression.quantile_regression,fit,ConformalizedQuantileRegressor,19084,2026-09-14T14:14:03.097530+00:00,11407,{},58994c32b805d86d8cd3dd4afc710d06c1084f4a1d293dcb70a43a4c6e4d4248,returned,11.8556159,11.5625,False,rico
4fa5f46115ba44e696018579ef5eeca4,owner_cal_h30_cqr_l95,False,calibrator_conformalize,mapie.regression.quantile_regression,conformalize,ConformalizedQuantileRegressor,19084,2026-09-14T14:14:15.072397+00:00,3927,{},09a0077e3fe97873914f6c3cf60ef9df2ed1a35eb74099aec459e1dfff1c884e,started,,,,rico
4c2a59687c4d41588d81e4d202479b37,owner_cal_h30_cqr_l95,False,calibrator_conformalize,mapie.regression.quantile_regression,conformalize,_MapieQuantileRegressor,19084,2026-09-14T14:14:15.074834+00:00,3927,"{'alpha': 0.05, 'cv': 'split', 'estimator': ""HistGradientBoostingRegressor(learning_rate=0.05, loss='quantile', max_iter=300,\n                              min_samples_leaf=50, random_state=42)"", 'method': 'quantile'}",09a0077e3fe97873914f6c3cf60ef9df2ed1a35eb74099aec459e1dfff1c884e,started,,,,rico
4c2a59687c4d41588d81e4d202479b37,owner_cal_h30_cqr_l95,False,calibrator_conformalize,mapie.regression.quantile_regression,conformalize,_MapieQuantileRegressor,19084,2026-09-14T14:14:15.074834+00:00,3927,"{'alpha': 0.05, 'cv': 'split', 'estimator': ""HistGradientBoostingRegressor(learning_rate=0.05, loss='quantile', max_iter=300,\n                              min_samples_leaf=50, random_state=42)"", 'method': 'quantile'}",09a0077e3fe97873914f6c3cf60ef9df2ed1a35eb74099aec459e1dfff1c884e,returned,0.560093399995822,0.53125,False,rico
4fa5f46115ba44e696018579ef5eeca4,owner_cal_h30_cqr_l95,False,calibrator_conformalize,mapie.regression.quantile_regression,conformalize,ConformalizedQuantileRegressor,19084,2026-09-14T14:14:15.072397+00:00,3927,{},09a0077e3fe97873914f6c3cf60ef9df2ed1a35eb74099aec459e1dfff1c884e,returned,0.564619400000083,0.53125,False,rico
d42d389f91bd47efaa7dd57f0558d7a6,owner_fit_h30_enbpi,False,enbpi_wrapper_fit,mapie.regression.regression,fit,TimeSeriesRegressor,19084,2026-09-14T14:14:25.149517+00:00,11407,"{'agg_function': 'mean', 'conformity_score': None, 'cv': 'BlockBootstrap(length=24, n_blocks=None, n_resamplings=5, overlapping=True,\n        random_state=42)', 'estimator': 'XGBRegressor(base_score=None, booster=None, callbacks=None,\n             colsample_bylevel=None, colsample_bynode=None,\n             colsample_bytree=0.8, device=None, early_stopping_rounds=None,\n             enable_categorical=False, eval_metric=None, feature_types=None,\n             feature_weights=None, gamma=None, grow_policy=None,\n             importance_type=None, interaction_constraints=None,\n             learning_rate=0.05, max_bin=None, max_cat_threshold=None,\n             max_cat_to_onehot=None, max_delta_step=None, max_depth=5,\n             max_leaves=None, min_child_weight=None, missing=nan,\n             monotone_constraints=None, multi_strategy=None, n_estimators=60,\n             n_jobs=1, num_parallel_tree=None, ...)', 'method': 'enbpi', 'n_jobs': 1, 'random_state': 42, 'verbose': 0}",58994c32b805d86d8cd3dd4afc710d06c1084f4a1d293dcb70a43a4c6e4d4248,started,,,,rico
5d21d7e13f084b589d70f54a2d2ea8b8,owner_fit_h30_enbpi,False,xgboost_estimator_fit,xgboost.sklearn,fit,XGBRegressor,19084,2026-09-14T14:14:25.157963+00:00,11407,"{'objective': 'reg:squarederror', 'base_score': None, 'booster': None, 'callbacks': None, 'colsample_bylevel': None, 'colsample_bynode': None, 'colsample_bytree': 0.8, 'device': None, 'early_stopping_rounds': None, 'enable_categorical': False, 'eval_metric': None, 'feature_types': None, 'feature_weights': None, 'gamma': None, 'grow_policy': None, 'importance_type': None, 'interaction_constraints': None, 'learning_rate': 0.05, 'max_bin': None, 'max_cat_threshold': None, 'max_cat_to_onehot': None, 'max_delta_step': None, 'max_depth': 5, 'max_leaves': None, 'min_child_weight': None, 'missing': nan, 'monotone_constraints': None, 'multi_strategy': None, 'n_estimators': 60, 'n_jobs': 1, 'num_parallel_tree': None, 'random_state': 42, 'reg_alpha': None, 'reg_lambda': None, 'sampling_method': None, 'scale_pos_weight': None, 'subsample': 0.8, 'tree_method': 'hist', 'validate_parameters': None, 'verbosity': None}",58994c32b805d86d8cd3dd4afc710d06c1084f4a1d293dcb70a43a4c6e4d4248,started,,,,rico
5d21d7e13f084b589d70f54a2d2ea8b8,owner_fit_h30_enbpi,False,xgboost_estimator_fit,xgboost.sklearn,fit,XGBRegressor,19084,2026-09-14T14:14:25.157963+00:00,11407,"{'objective': 'reg:squarederror', 'base_score': None, 'booster': None, 'callbacks': None, 'colsample_bylevel': None, 'colsample_bynode': None, 'colsample_bytree': 0.8, 'device': None, 'early_stopping_rounds': None, 'enable_categorical': False, 'eval_metric': None, 'feature_types': None, 'feature_weights': None, 'gamma': None, 'grow_policy': None, 'importance_type': None, 'interaction_constraints': None, 'learning_rate': 0.05, 'max_bin': None, 'max_cat_threshold': None, 'max_cat_to_onehot': None, 'max_delta_step': None, 'max_depth': 5, 'max_leaves': None, 'min_child_weight': None, 'missing': nan, 'monotone_constraints': None, 'multi_strategy': None, 'n_estimators': 60, 'n_jobs': 1, 'num_parallel_tree': None, 'random_state': 42, 'reg_alpha': None, 'reg_lambda': None, 'sampling_method': None, 'scale_pos_weight': None, 'subsample': 0.8, 'tree_method': 'hist', 'validate_parameters': None, 'verbosity': None}",58994c32b805d86d8cd3dd4afc710d06c1084f4a1d293dcb70a43a4c6e4d4248,returned,0.259205999987898,0.25,False,rico
6b30d25816c74b89ba6b60a159887e02,owner_fit_h30_enbpi,False,calibrator_conformalize,mapie.regression.regression,conformalize,TimeSeriesRegressor,19084,2026-09-14T14:14:25.420278+00:00,11407,"{'agg_function': 'mean', 'conformity_score': None, 'cv': 'BlockBootstrap(length=24, n_blocks=None, n_resamplings=5, overlapping=True,\n        random_state=42)', 'estimator': 'XGBRegressor(base_score=None, booster=None, callbacks=None,\n             colsample_bylevel=None, colsample_bynode=None,\n             colsample_bytree=0.8, device=None, early_stopping_rounds=None,\n             enable_categorical=False, eval_metric=None, feature_types=None,\n             feature_weights=None, gamma=None, grow_policy=None,\n             importance_type=None, interaction_constraints=None,\n             learning_rate=0.05, max_bin=None, max_cat_threshold=None,\n             max_cat_to_onehot=None, max_delta_step=None, max_depth=5,\n             max_leaves=None, min_child_weight=None, missing=nan,\n             monotone_constraints=None, multi_strategy=None, n_estimators=60,\n             n_jobs=1, num_parallel_tree=None, ...)', 'method': 'enbpi', 'n_jobs': 1, 'random_state': 42, 'verbose': 0}",58994c32b805d86d8cd3dd4afc710d06c1084f4a1d293dcb70a43a4c6e4d4248,started,,,,rico
4bb2e11ceb7c43a4b63e6659eea393ee,owner_fit_h30_enbpi,False,xgboost_estimator_fit,xgboost.sklearn,fit,XGBRegressor,19084,2026-09-14T14:14:25.432593+00:00,11424,"{'objective': 'reg:squarederror', 'base_score': None, 'booster': None, 'callbacks': None, 'colsample_bylevel': None, 'colsample_bynode': None, 'colsample_bytree': 0.8, 'device': None, 'early_stopping_rounds': None, 'enable_categorical': False, 'eval_metric': None, 'feature_types': None, 'feature_weights': None, 'gamma': None, 'grow_policy': None, 'importance_type': None, 'interaction_constraints': None, 'learning_rate': 0.05, 'max_bin': None, 'max_cat_threshold': None, 'max_cat_to_onehot': None, 'max_delta_step': None, 'max_depth': 5, 'max_leaves': None, 'min_child_weight': None, 'missing': nan, 'monotone_constraints': None, 'multi_strategy': None, 'n_estimators': 60, 'n_jobs': 1, 'num_parallel_tree': None, 'random_state': 42, 'reg_alpha': None, 'reg_lambda': None, 'sampling_method': None, 'scale_pos_weight': None, 'subsample': 0.8, 'tree_method': 'hist', 'validate_parameters': None, 'verbosity': None}",973cc5e69a4a4157d718b58e799a33f8163753b9364faaa3245dd26a83c5bd0a,started,,,,rico
4bb2e11ceb7c43a4b63e6659eea393ee,owner_fit_h30_enbpi,False,xgboost_estimator_fit,xgboost.sklearn,fit,XGBRegressor,19084,2026-09-14T14:14:25.432593+00:00,11424,"{'objective': 'reg:squarederror', 'base_score': None, 'booster': None, 'callbacks': None, 'colsample_bylevel': None, 'colsample_bynode': None, 'colsample_bytree': 0.8, 'device': None, 'early_stopping_rounds': None, 'enable_categorical': False, 'eval_metric': None, 'feature_types': None, 'feature_weights': None, 'gamma': None, 'grow_policy': None, 'importance_type': None, 'interaction_constraints': None, 'learning_rate': 0.05, 'max_bin': None, 'max_cat_threshold': None, 'max_cat_to_onehot': None, 'max_delta_step': None, 'max_depth': 5, 'max_leaves': None, 'min_child_weight': None, 'missing': nan, 'monotone_constraints': None, 'multi_strategy': None, 'n_estimators': 60, 'n_jobs': 1, 'num_parallel_tree': None, 'random_state': 42, 'reg_alpha': None, 'reg_lambda': None, 'sampling_method': None, 'scale_pos_weight': None, 'subsample': 0.8, 'tree_method': 'hist', 'validate_parameters': None, 'verbosity': None}",973cc5e69a4a4157d718b58e799a33f8163753b9364faaa3245dd26a83c5bd0a,returned,0.286377300013555,0.28125,False,rico
b31facb2d7a345409382feb952b79616,owner_fit_h30_enbpi,False,xgboost_estimator_fit,xgboost.sklearn,fit,XGBRegressor,19084,2026-09-14T14:14:25.738794+00:00,11424,"{'objective': 'reg:squarederror', 'base_score': None, 'booster': None, 'callbacks': None, 'colsample_bylevel': None, 'colsample_bynode': None, 'colsample_bytree': 0.8, 'device': None, 'early_stopping_rounds': None, 'enable_categorical': False, 'eval_metric': None, 'feature_types': None, 'feature_weights': None, 'gamma': None, 'grow_policy': None, 'importance_type': None, 'interaction_constraints': None, 'learning_rate': 0.05, 'max_bin': None, 'max_cat_threshold': None, 'max_cat_to_onehot': None, 'max_delta_step': None, 'max_depth': 5, 'max_leaves': None, 'min_child_weight': None, 'missing': nan, 'monotone_constraints': None, 'multi_strategy': None, 'n_estimators': 60, 'n_jobs': 1, 'num_parallel_tree': None, 'random_state': 42, 'reg_alpha': None, 'reg_lambda': None, 'sampling_method': None, 'scale_pos_weight': None, 'subsample': 0.8, 'tree_method': 'hist', 'validate_parameters': None, 'verbosity': None}",276dc19640b8af45444505386a701906e71fbbe215575656c82491e385e179d5,started,,,,rico
b31facb2d7a345409382feb952b79616,owner_fit_h30_enbpi,False,xgboost_estimator_fit,xgboost.sklearn,fit,XGBRegressor,19084,2026-09-14T14:14:25.738794+00:00,11424,"{'objective': 'reg:squarederror', 'base_score': None, 'booster': None, 'callbacks': None, 'colsample_bylevel': None, 'colsample_bynode': None, 'colsample_bytree': 0.8, 'device': None, 'early_stopping_rounds': None, 'enable_categorical': False, 'eval_metric': None, 'feature_types': None, 'feature_weights': None, 'gamma': None, 'grow_policy': None, 'importance_type': None, 'interaction_constraints': None, 'learning_rate': 0.05, 'max_bin': None, 'max_cat_threshold': None, 'max_cat_to_onehot': None, 'max_delta_step': None, 'max_depth': 5, 'max_leaves': None, 'min_child_weight': None, 'missing': nan, 'monotone_constraints': None, 'multi_strategy': None, 'n_estimators': 60, 'n_jobs': 1, 'num_parallel_tree': None, 'random_state': 42, 'reg_alpha': None, 'reg_lambda': None, 'sampling_method': None, 'scale_pos_weight': None, 'subsample': 0.8, 'tree_method': 'hist', 'validate_parameters': None, 'verbosity': None}",276dc19640b8af45444505386a701906e71fbbe215575656c82491e385e179d5,returned,0.260444200001075,0.265625,False,rico
8c982eacfe1545c3a23ca26eaec287c8,owner_fit_h30_enbpi,False,xgboost_estimator_fit,xgboost.sklearn,fit,XGBRegressor,19084,2026-09-14T14:14:26.011531+00:00,11424,"{'objective': 'reg:squarederror', 'base_score': None, 'booster': None, 'callbacks': None, 'colsample_bylevel': None, 'colsample_bynode': None, 'colsample_bytree': 0.8, 'device': None, 'early_stopping_rounds': None, 'enable_categorical': False, 'eval_metric': None, 'feature_types': None, 'feature_weights': None, 'gamma': None, 'grow_policy': None, 'importance_type': None, 'interaction_constraints': None, 'learning_rate': 0.05, 'max_bin': None, 'max_cat_threshold': None, 'max_cat_to_onehot': None, 'max_delta_step': None, 'max_depth': 5, 'max_leaves': None, 'min_child_weight': None, 'missing': nan, 'monotone_constraints': None, 'multi_strategy': None, 'n_estimators': 60, 'n_jobs': 1, 'num_parallel_tree': None, 'random_state': 42, 'reg_alpha': None, 'reg_lambda': None, 'sampling_method': None, 'scale_pos_weight': None, 'subsample': 0.8, 'tree_method': 'hist', 'validate_parameters': None, 'verbosity': None}",9e26f5230f234660ed5e72784b12599b0a1d8ea36e37ba8f1a193948deffd59a,started,,,,rico
8c982eacfe1545c3a23ca26eaec287c8,owner_fit_h30_enbpi,False,xgboost_estimator_fit,xgboost.sklearn,fit,XGBRegressor,19084,2026-09-14T14:14:26.011531+00:00,11424,"{'objective': 'reg:squarederror', 'base_score': None, 'booster': None, 'callbacks': None, 'colsample_bylevel': None, 'colsample_bynode': None, 'colsample_bytree': 0.8, 'device': None, 'early_stopping_rounds': None, 'enable_categorical': False, 'eval_metric': None, 'feature_types': None, 'feature_weights': None, 'gamma': None, 'grow_policy': None, 'importance_type': None, 'interaction_constraints': None, 'learning_rate': 0.05, 'max_bin': None, 'max_cat_threshold': None, 'max_cat_to_onehot': None, 'max_delta_step': None, 'max_depth': 5, 'max_leaves': None, 'min_child_weight': None, 'missing': nan, 'monotone_constraints': None, 'multi_strategy': None, 'n_estimators': 60, 'n_jobs': 1, 'num_parallel_tree': None, 'random_state': 42, 'reg_alpha': None, 'reg_lambda': None, 'sampling_method': None, 'scale_pos_weight': None, 'subsample': 0.8, 'tree_method': 'hist', 'validate_parameters': None, 'verbosity': None}",9e26f5230f234660ed5e72784b12599b0a1d8ea36e37ba8f1a193948deffd59a,returned,0.284150000006775,0.28125,False,rico
5883941e0db7467194be1b7c38e9badd,owner_fit_h30_enbpi,False,xgboost_estimator_fit,xgboost.sklearn,fit,XGBRegressor,19084,2026-09-14T14:14:26.309142+00:00,11424,"{'objective': 'reg:squarederror', 'base_score': None, 'booster': None, 'callbacks': None, 'colsample_bylevel': None, 'colsample_bynode': None, 'colsample_bytree': 0.8, 'device': None, 'early_stopping_rounds': None, 'enable_categorical': False, 'eval_metric': None, 'feature_types': None, 'feature_weights': None, 'gamma': None, 'grow_policy': None, 'importance_type': None, 'interaction_constraints': None, 'learning_rate': 0.05, 'max_bin': None, 'max_cat_threshold': None, 'max_cat_to_onehot': None, 'max_delta_step': None, 'max_depth': 5, 'max_leaves': None, 'min_child_weight': None, 'missing': nan, 'monotone_constraints': None, 'multi_strategy': None, 'n_estimators': 60, 'n_jobs': 1, 'num_parallel_tree': None, 'random_state': 42, 'reg_alpha': None, 'reg_lambda': None, 'sampling_method': None, 'scale_pos_weight': None, 'subsample': 0.8, 'tree_method': 'hist', 'validate_parameters': None, 'verbosity': None}",3a1bf5d3d3036fcfb0d0718e450c295080df85acbe4e7d0b7635482cf22c4389,started,,,,rico
5883941e0db7467194be1b7c38e9badd,owner_fit_h30_enbpi,False,xgboost_estimator_fit,xgboost.sklearn,fit,XGBRegressor,19084,2026-09-14T14:14:26.309142+00:00,11424,"{'objective': 'reg:squarederror', 'base_score': None, 'booster': None, 'callbacks': None, 'colsample_bylevel': None, 'colsample_bynode': None, 'colsample_bytree': 0.8, 'device': None, 'early_stopping_rounds': None, 'enable_categorical': False, 'eval_metric': None, 'feature_types': None, 'feature_weights': None, 'gamma': None, 'grow_policy': None, 'importance_type': None, 'interaction_constraints': None, 'learning_rate': 0.05, 'max_bin': None, 'max_cat_threshold': None, 'max_cat_to_onehot': None, 'max_delta_step': None, 'max_depth': 5, 'max_leaves': None, 'min_child_weight': None, 'missing': nan, 'monotone_constraints': None, 'multi_strategy': None, 'n_estimators': 60, 'n_jobs': 1, 'num_parallel_tree': None, 'random_state': 42, 'reg_alpha': None, 'reg_lambda': None, 'sampling_method': None, 'scale_pos_weight': None, 'subsample': 0.8, 'tree_method': 'hist', 'validate_parameters': None, 'verbosity': None}",3a1bf5d3d3036fcfb0d0718e450c295080df85acbe4e7d0b7635482cf22c4389,returned,0.299063200000091,0.28125,False,rico
61aa9df07a7e4654b8243af0b4429a25,owner_fit_h30_enbpi,False,xgboost_estimator_fit,xgboost.sklearn,fit,XGBRegressor,19084,2026-09-14T14:14:26.618260+00:00,11424,"{'objective': 'reg:squarederror', 'base_score': None, 'booster': None, 'callbacks': None, 'colsample_bylevel': None, 'colsample_bynode': None, 'colsample_bytree': 0.8, 'device': None, 'early_stopping_rounds': None, 'enable_categorical': False, 'eval_metric': None, 'feature_types': None, 'feature_weights': None, 'gamma': None, 'grow_policy': None, 'importance_type': None, 'interaction_constraints': None, 'learning_rate': 0.05, 'max_bin': None, 'max_cat_threshold': None, 'max_cat_to_onehot': None, 'max_delta_step': None, 'max_depth': 5, 'max_leaves': None, 'min_child_weight': None, 'missing': nan, 'monotone_constraints': None, 'multi_strategy': None, 'n_estimators': 60, 'n_jobs': 1, 'num_parallel_tree': None, 'random_state': 42, 'reg_alpha': None, 'reg_lambda': None, 'sampling_method': None, 'scale_pos_weight': None, 'subsample': 0.8, 'tree_method': 'hist', 'validate_parameters': None, 'verbosity': None}",5353d3d77113d409976a950c8916ff50ce4563cfc2bf8eade08b5865e5cfded4,started,,,,rico
61aa9df07a7e4654b8243af0b4429a25,owner_fit_h30_enbpi,False,xgboost_estimator_fit,xgboost.sklearn,fit,XGBRegressor,19084,2026-09-14T14:14:26.618260+00:00,11424,"{'objective': 'reg:squarederror', 'base_score': None, 'booster': None, 'callbacks': None, 'colsample_bylevel': None, 'colsample_bynode': None, 'colsample_bytree': 0.8, 'device': None, 'early_stopping_rounds': None, 'enable_categorical': False, 'eval_metric': None, 'feature_types': None, 'feature_weights': None, 'gamma': None, 'grow_policy': None, 'importance_type': None, 'interaction_constraints': None, 'learning_rate': 0.05, 'max_bin': None, 'max_cat_threshold': None, 'max_cat_to_onehot': None, 'max_delta_step': None, 'max_depth': 5, 'max_leaves': None, 'min_child_weight': None, 'missing': nan, 'monotone_constraints': None, 'multi_strategy': None, 'n_estimators': 60, 'n_jobs': 1, 'num_parallel_tree': None, 'random_state': 42, 'reg_alpha': None, 'reg_lambda': None, 'sampling_method': None, 'scale_pos_weight': None, 'subsample': 0.8, 'tree_method': 'hist', 'validate_parameters': None, 'verbosity': None}",5353d3d77113d409976a950c8916ff50ce4563cfc2bf8eade08b5865e5cfded4,returned,0.268999699997948,0.234375,False,rico
6b30d25816c74b89ba6b60a159887e02,owner_fit_h30_enbpi,False,calibrator_conformalize,mapie.regression.regression,conformalize,TimeSeriesRegressor,19084,2026-09-14T14:14:25.420278+00:00,11407,"{'agg_function': 'mean', 'conformity_score': None, 'cv': 'BlockBootstrap(length=24, n_blocks=None, n_resamplings=5, overlapping=True,\n        random_state=42)', 'estimator': 'XGBRegressor(base_score=None, booster=None, callbacks=None,\n             colsample_bylevel=None, colsample_bynode=None,\n             colsample_bytree=0.8, device=None, early_stopping_rounds=None,\n             enable_categorical=False, eval_metric=None, feature_types=None,\n             feature_weights=None, gamma=None, grow_policy=None,\n             importance_type=None, interaction_constraints=None,\n             learning_rate=0.05, max_bin=None, max_cat_threshold=None,\n             max_cat_to_onehot=None, max_delta_step=None, max_depth=5,\n             max_leaves=None, min_child_weight=None, missing=nan,\n             monotone_constraints=None, multi_strategy=None, n_estimators=60,\n             n_jobs=1, num_parallel_tree=None, ...)', 'method': 'enbpi', 'n_jobs': 1, 'random_state': 42, 'verbose': 0}",58994c32b805d86d8cd3dd4afc710d06c1084f4a1d293dcb70a43a4c6e4d4248,returned,1.54201110001304,1.4375,False,rico
d42d389f91bd47efaa7dd57f0558d7a6,owner_fit_h30_enbpi,False,enbpi_wrapper_fit,mapie.regression.regression,fit,TimeSeriesRegressor,19084,2026-09-14T14:14:25.149517+00:00,11407,"{'agg_function': 'mean', 'conformity_score': None, 'cv': 'BlockBootstrap(length=24, n_blocks=None, n_resamplings=5, overlapping=True,\n        random_state=42)', 'estimator': 'XGBRegressor(base_score=None, booster=None, callbacks=None,\n             colsample_bylevel=None, colsample_bynode=None,\n             colsample_bytree=0.8, device=None, early_stopping_rounds=None,\n             enable_categorical=False, eval_metric=None, feature_types=None,\n             feature_weights=None, gamma=None, grow_policy=None,\n             importance_type=None, interaction_constraints=None,\n             learning_rate=0.05, max_bin=None, max_cat_threshold=None,\n             max_cat_to_onehot=None, max_delta_step=None, max_depth=5,\n             max_leaves=None, min_child_weight=None, missing=nan,\n             monotone_constraints=None, multi_strategy=None, n_estimators=60,\n             n_jobs=1, num_parallel_tree=None, ...)', 'method': 'enbpi', 'n_jobs': 1, 'random_state': 42, 'verbose': 0}",58994c32b805d86d8cd3dd4afc710d06c1084f4a1d293dcb70a43a4c6e4d4248,returned,1.81601090000186,1.71875,False,rico
d677c16e61f044b3b2ac6f797fd1908f,owner_cal_h30_enbpi,False,calibrator_conformalize,mapie.regression.regression,conformalize,TimeSeriesRegressor,19084,2026-09-14T14:14:27.085305+00:00,3927,"{'agg_function': 'mean', 'conformity_score': None, 'cv': 'BlockBootstrap(length=24, n_blocks=None, n_resamplings=5, overlapping=True,\n        random_state=42)', 'estimator': 'XGBRegressor(base_score=None, booster=None, callbacks=None,\n             colsample_bylevel=None, colsample_bynode=None,\n             colsample_bytree=0.8, device=None, early_stopping_rounds=None,\n             enable_categorical=False, eval_metric=None, feature_types=None,\n             feature_weights=None, gamma=None, grow_policy=None,\n             importance_type=None, interaction_constraints=None,\n             learning_rate=0.05, max_bin=None, max_cat_threshold=None,\n             max_cat_to_onehot=None, max_delta_step=None, max_depth=5,\n             max_leaves=None, min_child_weight=None, missing=nan,\n             monotone_constraints=None, multi_strategy=None, n_estimators=60,\n             n_jobs=1, num_parallel_tree=None, ...)', 'method': 'enbpi', 'n_jobs': 1, 'random_state': 42, 'verbose': 0}",09a0077e3fe97873914f6c3cf60ef9df2ed1a35eb74099aec459e1dfff1c884e,started,,,,rico
b5e8ba76834547389b4f0e5a506b4149,owner_cal_h30_enbpi,False,xgboost_estimator_fit,xgboost.sklearn,fit,XGBRegressor,19084,2026-09-14T14:14:27.097578+00:00,3936,"{'objective': 'reg:squarederror', 'base_score': None, 'booster': None, 'callbacks': None, 'colsample_bylevel': None, 'colsample_bynode': None, 'colsample_bytree': 0.8, 'device': None, 'early_stopping_rounds': None, 'enable_categorical': False, 'eval_metric': None, 'feature_types': None, 'feature_weights': None, 'gamma': None, 'grow_policy': None, 'importance_type': None, 'interaction_constraints': None, 'learning_rate': 0.05, 'max_bin': None, 'max_cat_threshold': None, 'max_cat_to_onehot': None, 'max_delta_step': None, 'max_depth': 5, 'max_leaves': None, 'min_child_weight': None, 'missing': nan, 'monotone_constraints': None, 'multi_strategy': None, 'n_estimators': 60, 'n_jobs': 1, 'num_parallel_tree': None, 'random_state': 42, 'reg_alpha': None, 'reg_lambda': None, 'sampling_method': None, 'scale_pos_weight': None, 'subsample': 0.8, 'tree_method': 'hist', 'validate_parameters': None, 'verbosity': None}",8f1f87a71d5de4836b05683203a794203ea24e15a298ee16d981157a7cce34cf,started,,,,rico
b5e8ba76834547389b4f0e5a506b4149,owner_cal_h30_enbpi,False,xgboost_estimator_fit,xgboost.sklearn,fit,XGBRegressor,19084,2026-09-14T14:14:27.097578+00:00,3936,"{'objective': 'reg:squarederror', 'base_score': None, 'booster': None, 'callbacks': None, 'colsample_bylevel': None, 'colsample_bynode': None, 'colsample_bytree': 0.8, 'device': None, 'early_stopping_rounds': None, 'enable_categorical': False, 'eval_metric': None, 'feature_types': None, 'feature_weights': None, 'gamma': None, 'grow_policy': None, 'importance_type': None, 'interaction_constraints': None, 'learning_rate': 0.05, 'max_bin': None, 'max_cat_threshold': None, 'max_cat_to_onehot': None, 'max_delta_step': None, 'max_depth': 5, 'max_leaves': None, 'min_child_weight': None, 'missing': nan, 'monotone_constraints': None, 'multi_strategy': None, 'n_estimators': 60, 'n_jobs': 1, 'num_parallel_tree': None, 'random_state': 42, 'reg_alpha': None, 'reg_lambda': None, 'sampling_method': None, 'scale_pos_weight': None, 'subsample': 0.8, 'tree_method': 'hist', 'validate_parameters': None, 'verbosity': None}",8f1f87a71d5de4836b05683203a794203ea24e15a298ee16d981157a7cce34cf,returned,0.178735199995572,0.171875,False,rico
9c0854c502544dfaa63818f1985c9d9e,owner_cal_h30_enbpi,False,xgboost_estimator_fit,xgboost.sklearn,fit,XGBRegressor,19084,2026-09-14T14:14:27.285816+00:00,3936,"{'objective': 'reg:squarederror', 'base_score': None, 'booster': None, 'callbacks': None, 'colsample_bylevel': None, 'colsample_bynode': None, 'colsample_bytree': 0.8, 'device': None, 'early_stopping_rounds': None, 'enable_categorical': False, 'eval_metric': None, 'feature_types': None, 'feature_weights': None, 'gamma': None, 'grow_policy': None, 'importance_type': None, 'interaction_constraints': None, 'learning_rate': 0.05, 'max_bin': None, 'max_cat_threshold': None, 'max_cat_to_onehot': None, 'max_delta_step': None, 'max_depth': 5, 'max_leaves': None, 'min_child_weight': None, 'missing': nan, 'monotone_constraints': None, 'multi_strategy': None, 'n_estimators': 60, 'n_jobs': 1, 'num_parallel_tree': None, 'random_state': 42, 'reg_alpha': None, 'reg_lambda': None, 'sampling_method': None, 'scale_pos_weight': None, 'subsample': 0.8, 'tree_method': 'hist', 'validate_parameters': None, 'verbosity': None}",3324c29f68ccf5a143e039b8b51644112bcece6847983bad382011cda73a64a2,started,,,,rico
9c0854c502544dfaa63818f1985c9d9e,owner_cal_h30_enbpi,False,xgboost_estimator_fit,xgboost.sklearn,fit,XGBRegressor,19084,2026-09-14T14:14:27.285816+00:00,3936,"{'objective': 'reg:squarederror', 'base_score': None, 'booster': None, 'callbacks': None, 'colsample_bylevel': None, 'colsample_bynode': None, 'colsample_bytree': 0.8, 'device': None, 'early_stopping_rounds': None, 'enable_categorical': False, 'eval_metric': None, 'feature_types': None, 'feature_weights': None, 'gamma': None, 'grow_policy': None, 'importance_type': None, 'interaction_constraints': None, 'learning_rate': 0.05, 'max_bin': None, 'max_cat_threshold': None, 'max_cat_to_onehot': None, 'max_delta_step': None, 'max_depth': 5, 'max_leaves': None, 'min_child_weight': None, 'missing': nan, 'monotone_constraints': None, 'multi_strategy': None, 'n_estimators': 60, 'n_jobs': 1, 'num_parallel_tree': None, 'random_state': 42, 'reg_alpha': None, 'reg_lambda': None, 'sampling_method': None, 'scale_pos_weight': None, 'subsample': 0.8, 'tree_method': 'hist', 'validate_parameters': None, 'verbosity': None}",3324c29f68ccf5a143e039b8b51644112bcece6847983bad382011cda73a64a2,returned,0.221987900004024,0.21875,False,rico
f7ba8ccd65474ca795a5db056882ebde,owner_cal_h30_enbpi,False,xgboost_estimator_fit,xgboost.sklearn,fit,XGBRegressor,19084,2026-09-14T14:14:27.518125+00:00,3936,"{'objective': 'reg:squarederror', 'base_score': None, 'booster': None, 'callbacks': None, 'colsample_bylevel': None, 'colsample_bynode': None, 'colsample_bytree': 0.8, 'device': None, 'early_stopping_rounds': None, 'enable_categorical': False, 'eval_metric': None, 'feature_types': None, 'feature_weights': None, 'gamma': None, 'grow_policy': None, 'importance_type': None, 'interaction_constraints': None, 'learning_rate': 0.05, 'max_bin': None, 'max_cat_threshold': None, 'max_cat_to_onehot': None, 'max_delta_step': None, 'max_depth': 5, 'max_leaves': None, 'min_child_weight': None, 'missing': nan, 'monotone_constraints': None, 'multi_strategy': None, 'n_estimators': 60, 'n_jobs': 1, 'num_parallel_tree': None, 'random_state': 42, 'reg_alpha': None, 'reg_lambda': None, 'sampling_method': None, 'scale_pos_weight': None, 'subsample': 0.8, 'tree_method': 'hist', 'validate_parameters': None, 'verbosity': None}",c5942a6624bf755ca6d9a9a15c74cf6399e3fd95a73a21c9971d7450882d46a5,started,,,,rico
f7ba8ccd65474ca795a5db056882ebde,owner_cal_h30_enbpi,False,xgboost_estimator_fit,xgboost.sklearn,fit,XGBRegressor,19084,2026-09-14T14:14:27.518125+00:00,3936,"{'objective': 'reg:squarederror', 'base_score': None, 'booster': None, 'callbacks': None, 'colsample_bylevel': None, 'colsample_bynode': None, 'colsample_bytree': 0.8, 'device': None, 'early_stopping_rounds': None, 'enable_categorical': False, 'eval_metric': None, 'feature_types': None, 'feature_weights': None, 'gamma': None, 'grow_policy': None, 'importance_type': None, 'interaction_constraints': None, 'learning_rate': 0.05, 'max_bin': None, 'max_cat_threshold': None, 'max_cat_to_onehot': None, 'max_delta_step': None, 'max_depth': 5, 'max_leaves': None, 'min_child_weight': None, 'missing': nan, 'monotone_constraints': None, 'multi_strategy': None, 'n_estimators': 60, 'n_jobs': 1, 'num_parallel_tree': None, 'random_state': 42, 'reg_alpha': None, 'reg_lambda': None, 'sampling_method': None, 'scale_pos_weight': None, 'subsample': 0.8, 'tree_method': 'hist', 'validate_parameters': None, 'verbosity': None}",c5942a6624bf755ca6d9a9a15c74cf6399e3fd95a73a21c9971d7450882d46a5,returned,0.209567199999583,0.1875,False,rico
4109700efcf9467b9793affca66dc870,owner_cal_h30_enbpi,False,xgboost_estimator_fit,xgboost.sklearn,fit,XGBRegressor,19084,2026-09-14T14:14:27.738977+00:00,3936,"{'objective': 'reg:squarederror', 'base_score': None, 'booster': None, 'callbacks': None, 'colsample_bylevel': None, 'colsample_bynode': None, 'colsample_bytree': 0.8, 'device': None, 'early_stopping_rounds': None, 'enable_categorical': False, 'eval_metric': None, 'feature_types': None, 'feature_weights': None, 'gamma': None, 'grow_policy': None, 'importance_type': None, 'interaction_constraints': None, 'learning_rate': 0.05, 'max_bin': None, 'max_cat_threshold': None, 'max_cat_to_onehot': None, 'max_delta_step': None, 'max_depth': 5, 'max_leaves': None, 'min_child_weight': None, 'missing': nan, 'monotone_constraints': None, 'multi_strategy': None, 'n_estimators': 60, 'n_jobs': 1, 'num_parallel_tree': None, 'random_state': 42, 'reg_alpha': None, 'reg_lambda': None, 'sampling_method': None, 'scale_pos_weight': None, 'subsample': 0.8, 'tree_method': 'hist', 'validate_parameters': None, 'verbosity': None}",5a069d1199836df796bf9fe3bd228427c0897c1e34f57af0b95ff2c50a3b922e,started,,,,rico
4109700efcf9467b9793affca66dc870,owner_cal_h30_enbpi,False,xgboost_estimator_fit,xgboost.sklearn,fit,XGBRegressor,19084,2026-09-14T14:14:27.738977+00:00,3936,"{'objective': 'reg:squarederror', 'base_score': None, 'booster': None, 'callbacks': None, 'colsample_bylevel': None, 'colsample_bynode': None, 'colsample_bytree': 0.8, 'device': None, 'early_stopping_rounds': None, 'enable_categorical': False, 'eval_metric': None, 'feature_types': None, 'feature_weights': None, 'gamma': None, 'grow_policy': None, 'importance_type': None, 'interaction_constraints': None, 'learning_rate': 0.05, 'max_bin': None, 'max_cat_threshold': None, 'max_cat_to_onehot': None, 'max_delta_step': None, 'max_depth': 5, 'max_leaves': None, 'min_child_weight': None, 'missing': nan, 'monotone_constraints': None, 'multi_strategy': None, 'n_estimators': 60, 'n_jobs': 1, 'num_parallel_tree': None, 'random_state': 42, 'reg_alpha': None, 'reg_lambda': None, 'sampling_method': None, 'scale_pos_weight': None, 'subsample': 0.8, 'tree_method': 'hist', 'validate_parameters': None, 'verbosity': None}",5a069d1199836df796bf9fe3bd228427c0897c1e34f57af0b95ff2c50a3b922e,returned,0.16357109999808,0.15625,False,rico
6306cdd97cfa402c81e0a09175dde776,owner_cal_h30_enbpi,False,xgboost_estimator_fit,xgboost.sklearn,fit,XGBRegressor,19084,2026-09-14T14:14:27.912543+00:00,3936,"{'objective': 'reg:squarederror', 'base_score': None, 'booster': None, 'callbacks': None, 'colsample_bylevel': None, 'colsample_bynode': None, 'colsample_bytree': 0.8, 'device': None, 'early_stopping_rounds': None, 'enable_categorical': False, 'eval_metric': None, 'feature_types': None, 'feature_weights': None, 'gamma': None, 'grow_policy': None, 'importance_type': None, 'interaction_constraints': None, 'learning_rate': 0.05, 'max_bin': None, 'max_cat_threshold': None, 'max_cat_to_onehot': None, 'max_delta_step': None, 'max_depth': 5, 'max_leaves': None, 'min_child_weight': None, 'missing': nan, 'monotone_constraints': None, 'multi_strategy': None, 'n_estimators': 60, 'n_jobs': 1, 'num_parallel_tree': None, 'random_state': 42, 'reg_alpha': None, 'reg_lambda': None, 'sampling_method': None, 'scale_pos_weight': None, 'subsample': 0.8, 'tree_method': 'hist', 'validate_parameters': None, 'verbosity': None}",d21af998748014d8eccffd5f3216e57b5b3ea4d4396f06fa43f58b07303f68d6,started,,,,rico
6306cdd97cfa402c81e0a09175dde776,owner_cal_h30_enbpi,False,xgboost_estimator_fit,xgboost.sklearn,fit,XGBRegressor,19084,2026-09-14T14:14:27.912543+00:00,3936,"{'objective': 'reg:squarederror', 'base_score': None, 'booster': None, 'callbacks': None, 'colsample_bylevel': None, 'colsample_bynode': None, 'colsample_bytree': 0.8, 'device': None, 'early_stopping_rounds': None, 'enable_categorical': False, 'eval_metric': None, 'feature_types': None, 'feature_weights': None, 'gamma': None, 'grow_policy': None, 'importance_type': None, 'interaction_constraints': None, 'learning_rate': 0.05, 'max_bin': None, 'max_cat_threshold': None, 'max_cat_to_onehot': None, 'max_delta_step': None, 'max_depth': 5, 'max_leaves': None, 'min_child_weight': None, 'missing': nan, 'monotone_constraints': None, 'multi_strategy': None, 'n_estimators': 60, 'n_jobs': 1, 'num_parallel_tree': None, 'random_state': 42, 'reg_alpha': None, 'reg_lambda': None, 'sampling_method': None, 'scale_pos_weight': None, 'subsample': 0.8, 'tree_method': 'hist', 'validate_parameters': None, 'verbosity': None}",d21af998748014d8eccffd5f3216e57b5b3ea4d4396f06fa43f58b07303f68d6,returned,0.15611299999,0.125,False,rico
d677c16e61f044b3b2ac6f797fd1908f,owner_cal_h30_enbpi,False,calibrator_conformalize,mapie.regression.regression,conformalize,TimeSeriesRegressor,19084,2026-09-14T14:14:27.085305+00:00,3927,"{'agg_function': 'mean', 'conformity_score': None, 'cv': 'BlockBootstrap(length=24, n_blocks=None, n_resamplings=5, overlapping=True,\n        random_state=42)', 'estimator': 'XGBRegressor(base_score=None, booster=None, callbacks=None,\n             colsample_bylevel=None, colsample_bynode=None,\n             colsample_bytree=0.8, device=None, early_stopping_rounds=None,\n             enable_categorical=False, eval_metric=None, feature_types=None,\n             feature_weights=None, gamma=None, grow_policy=None,\n             importance_type=None, interaction_constraints=None,\n             learning_rate=0.05, max_bin=None, max_cat_threshold=None,\n             max_cat_to_onehot=None, max_delta_step=None, max_depth=5,\n             max_leaves=None, min_child_weight=None, missing=nan,\n             monotone_constraints=None, multi_strategy=None, n_estimators=60,\n             n_jobs=1, num_parallel_tree=None, ...)', 'method': 'enbpi', 'n_jobs': 1, 'random_state': 42, 'verbose': 0}",09a0077e3fe97873914f6c3cf60ef9df2ed1a35eb74099aec459e1dfff1c884e,returned,1.01873330000672,0.9375,False,rico
de5a7f8a038e4be7a3784c3ee664dc05,owner_fit_h60_cqr_l90,False,cqr_wrapper_fit,mapie.regression.quantile_regression,fit,ConformalizedQuantileRegressor,19084,2026-09-14T14:14:55.863714+00:00,9577,{},15280355661ff04b39edd8f3a3f855822d07d3081a94bbc50fa5eae13b978c50,started,,,,rico
e0893a63a0654f97adda97bb93b60035,owner_fit_h60_cqr_l90,False,quantile_estimator_fit,sklearn.ensemble._hist_gradient_boosting.gradient_boosting,fit,HistGradientBoostingRegressor,19084,2026-09-14T14:14:55.867728+00:00,9577,"{'categorical_features': 'warn', 'early_stopping': 'auto', 'interaction_cst': None, 'l2_regularization': 0.0, 'learning_rate': 0.05, 'loss': 'quantile', 'max_bins': 255, 'max_depth': None, 'max_features': 1.0, 'max_iter': 300, 'max_leaf_nodes': 31, 'min_samples_leaf': 50, 'monotonic_cst': None, 'n_iter_no_change': 10, 'quantile': 0.05, 'random_state': 42, 'scoring': 'loss', 'tol': 1e-07, 'validation_fraction': 0.1, 'verbose': 0, 'warm_start': False}",15280355661ff04b39edd8f3a3f855822d07d3081a94bbc50fa5eae13b978c50,started,,,,rico
e0893a63a0654f97adda97bb93b60035,owner_fit_h60_cqr_l90,False,quantile_estimator_fit,sklearn.ensemble._hist_gradient_boosting.gradient_boosting,fit,HistGradientBoostingRegressor,19084,2026-09-14T14:14:55.867728+00:00,9577,"{'categorical_features': 'warn', 'early_stopping': 'auto', 'interaction_cst': None, 'l2_regularization': 0.0, 'learning_rate': 0.05, 'loss': 'quantile', 'max_bins': 255, 'max_depth': None, 'max_features': 1.0, 'max_iter': 300, 'max_leaf_nodes': 31, 'min_samples_leaf': 50, 'monotonic_cst': None, 'n_iter_no_change': 10, 'quantile': 0.05, 'random_state': 42, 'scoring': 'loss', 'tol': 1e-07, 'validation_fraction': 0.1, 'verbose': 0, 'warm_start': False}",15280355661ff04b39edd8f3a3f855822d07d3081a94bbc50fa5eae13b978c50,returned,4.32029119999788,4.21875,False,rico
b3cb8a96c4354e8b8f41f7498ef635af,owner_fit_h60_cqr_l90,False,quantile_estimator_fit,sklearn.ensemble._hist_gradient_boosting.gradient_boosting,fit,HistGradientBoostingRegressor,19084,2026-09-14T14:15:00.195844+00:00,9577,"{'categorical_features': 'warn', 'early_stopping': 'auto', 'interaction_cst': None, 'l2_regularization': 0.0, 'learning_rate': 0.05, 'loss': 'quantile', 'max_bins': 255, 'max_depth': None, 'max_features': 1.0, 'max_iter': 300, 'max_leaf_nodes': 31, 'min_samples_leaf': 50, 'monotonic_cst': None, 'n_iter_no_change': 10, 'quantile': 0.95, 'random_state': 42, 'scoring': 'loss', 'tol': 1e-07, 'validation_fraction': 0.1, 'verbose': 0, 'warm_start': False}",15280355661ff04b39edd8f3a3f855822d07d3081a94bbc50fa5eae13b978c50,started,,,,rico
b3cb8a96c4354e8b8f41f7498ef635af,owner_fit_h60_cqr_l90,False,quantile_estimator_fit,sklearn.ensemble._hist_gradient_boosting.gradient_boosting,fit,HistGradientBoostingRegressor,19084,2026-09-14T14:15:00.195844+00:00,9577,"{'categorical_features': 'warn', 'early_stopping': 'auto', 'interaction_cst': None, 'l2_regularization': 0.0, 'learning_rate': 0.05, 'loss': 'quantile', 'max_bins': 255, 'max_depth': None, 'max_features': 1.0, 'max_iter': 300, 'max_leaf_nodes': 31, 'min_samples_leaf': 50, 'monotonic_cst': None, 'n_iter_no_change': 10, 'quantile': 0.95, 'random_state': 42, 'scoring': 'loss', 'tol': 1e-07, 'validation_fraction': 0.1, 'verbose': 0, 'warm_start': False}",15280355661ff04b39edd8f3a3f855822d07d3081a94bbc50fa5eae13b978c50,returned,4.57863509999879,4.40625,False,rico
f7d04f6acfd143aba919b232f12d1176,owner_fit_h60_cqr_l90,False,quantile_estimator_fit,sklearn.ensemble._hist_gradient_boosting.gradient_boosting,fit,HistGradientBoostingRegressor,19084,2026-09-14T14:15:04.779748+00:00,9577,"{'categorical_features': 'warn', 'early_stopping': 'auto', 'interaction_cst': None, 'l2_regularization': 0.0, 'learning_rate': 0.05, 'loss': 'quantile', 'max_bins': 255, 'max_depth': None, 'max_features': 1.0, 'max_iter': 300, 'max_leaf_nodes': 31, 'min_samples_leaf': 50, 'monotonic_cst': None, 'n_iter_no_change': 10, 'quantile': 0.5, 'random_state': 42, 'scoring': 'loss', 'tol': 1e-07, 'validation_fraction': 0.1, 'verbose': 0, 'warm_start': False}",15280355661ff04b39edd8f3a3f855822d07d3081a94bbc50fa5eae13b978c50,started,,,,rico
f7d04f6acfd143aba919b232f12d1176,owner_fit_h60_cqr_l90,False,quantile_estimator_fit,sklearn.ensemble._hist_gradient_boosting.gradient_boosting,fit,HistGradientBoostingRegressor,19084,2026-09-14T14:15:04.779748+00:00,9577,"{'categorical_features': 'warn', 'early_stopping': 'auto', 'interaction_cst': None, 'l2_regularization': 0.0, 'learning_rate': 0.05, 'loss': 'quantile', 'max_bins': 255, 'max_depth': None, 'max_features': 1.0, 'max_iter': 300, 'max_leaf_nodes': 31, 'min_samples_leaf': 50, 'monotonic_cst': None, 'n_iter_no_change': 10, 'quantile': 0.5, 'random_state': 42, 'scoring': 'loss', 'tol': 1e-07, 'validation_fraction': 0.1, 'verbose': 0, 'warm_start': False}",15280355661ff04b39edd8f3a3f855822d07d3081a94bbc50fa5eae13b978c50,returned,4.34445059999416,4.1875,False,rico
de5a7f8a038e4be7a3784c3ee664dc05,owner_fit_h60_cqr_l90,False,cqr_wrapper_fit,mapie.regression.quantile_regression,fit,ConformalizedQuantileRegressor,19084,2026-09-14T14:14:55.863714+00:00,9577,{},15280355661ff04b39edd8f3a3f855822d07d3081a94bbc50fa5eae13b978c50,returned,13.2627404999948,12.828125,False,rico
b5a5f57ba9cf4f6e83fc355b567741ff,owner_cal_h60_cqr_l90,False,calibrator_conformalize,mapie.regression.quantile_regression,conformalize,ConformalizedQuantileRegressor,19084,2026-09-14T14:15:09.237777+00:00,3297,{},938e8f521225750c380622456ea1de914c688aa42b96944d5db09a695867397c,started,,,,rico
1b02317261ae4885b235710247d89b2b,owner_cal_h60_cqr_l90,False,calibrator_conformalize,mapie.regression.quantile_regression,conformalize,_MapieQuantileRegressor,19084,2026-09-14T14:15:09.240305+00:00,3297,"{'alpha': 0.1, 'cv': 'split', 'estimator': ""HistGradientBoostingRegressor(learning_rate=0.05, loss='quantile', max_iter=300,\n                              min_samples_leaf=50, random_state=42)"", 'method': 'quantile'}",938e8f521225750c380622456ea1de914c688aa42b96944d5db09a695867397c,started,,,,rico
1b02317261ae4885b235710247d89b2b,owner_cal_h60_cqr_l90,False,calibrator_conformalize,mapie.regression.quantile_regression,conformalize,_MapieQuantileRegressor,19084,2026-09-14T14:15:09.240305+00:00,3297,"{'alpha': 0.1, 'cv': 'split', 'estimator': ""HistGradientBoostingRegressor(learning_rate=0.05, loss='quantile', max_iter=300,\n                              min_samples_leaf=50, random_state=42)"", 'method': 'quantile'}",938e8f521225750c380622456ea1de914c688aa42b96944d5db09a695867397c,returned,0.469012299989117,0.4375,False,rico
b5a5f57ba9cf4f6e83fc355b567741ff,owner_cal_h60_cqr_l90,False,calibrator_conformalize,mapie.regression.quantile_regression,conformalize,ConformalizedQuantileRegressor,19084,2026-09-14T14:15:09.237777+00:00,3297,{},938e8f521225750c380622456ea1de914c688aa42b96944d5db09a695867397c,returned,0.472390599999926,0.4375,False,rico
a82a7f5698c64d05b50b5fe112df1924,owner_fit_h60_cqr_l95,False,cqr_wrapper_fit,mapie.regression.quantile_regression,fit,ConformalizedQuantileRegressor,19084,2026-09-14T14:15:17.398477+00:00,9577,{},15280355661ff04b39edd8f3a3f855822d07d3081a94bbc50fa5eae13b978c50,started,,,,rico
8809d8342d174c88bdf0d0f5561a8bd7,owner_fit_h60_cqr_l95,False,quantile_estimator_fit,sklearn.ensemble._hist_gradient_boosting.gradient_boosting,fit,HistGradientBoostingRegressor,19084,2026-09-14T14:15:17.403202+00:00,9577,"{'categorical_features': 'warn', 'early_stopping': 'auto', 'interaction_cst': None, 'l2_regularization': 0.0, 'learning_rate': 0.05, 'loss': 'quantile', 'max_bins': 255, 'max_depth': None, 'max_features': 1.0, 'max_iter': 300, 'max_leaf_nodes': 31, 'min_samples_leaf': 50, 'monotonic_cst': None, 'n_iter_no_change': 10, 'quantile': 0.025, 'random_state': 42, 'scoring': 'loss', 'tol': 1e-07, 'validation_fraction': 0.1, 'verbose': 0, 'warm_start': False}",15280355661ff04b39edd8f3a3f855822d07d3081a94bbc50fa5eae13b978c50,started,,,,rico
8809d8342d174c88bdf0d0f5561a8bd7,owner_fit_h60_cqr_l95,False,quantile_estimator_fit,sklearn.ensemble._hist_gradient_boosting.gradient_boosting,fit,HistGradientBoostingRegressor,19084,2026-09-14T14:15:17.403202+00:00,9577,"{'categorical_features': 'warn', 'early_stopping': 'auto', 'interaction_cst': None, 'l2_regularization': 0.0, 'learning_rate': 0.05, 'loss': 'quantile', 'max_bins': 255, 'max_depth': None, 'max_features': 1.0, 'max_iter': 300, 'max_leaf_nodes': 31, 'min_samples_leaf': 50, 'monotonic_cst': None, 'n_iter_no_change': 10, 'quantile': 0.025, 'random_state': 42, 'scoring': 'loss', 'tol': 1e-07, 'validation_fraction': 0.1, 'verbose': 0, 'warm_start': False}",15280355661ff04b39edd8f3a3f855822d07d3081a94bbc50fa5eae13b978c50,returned,3.67139139999927,3.53125,False,rico
8cf6b301f51542a3a785e414c98a4efc,owner_fit_h60_cqr_l95,False,quantile_estimator_fit,sklearn.ensemble._hist_gradient_boosting.gradient_boosting,fit,HistGradientBoostingRegressor,19084,2026-09-14T14:15:21.079795+00:00,9577,"{'categorical_features': 'warn', 'early_stopping': 'auto', 'interaction_cst': None, 'l2_regularization': 0.0, 'learning_rate': 0.05, 'loss': 'quantile', 'max_bins': 255, 'max_depth': None, 'max_features': 1.0, 'max_iter': 300, 'max_leaf_nodes': 31, 'min_samples_leaf': 50, 'monotonic_cst': None, 'n_iter_no_change': 10, 'quantile': 0.975, 'random_state': 42, 'scoring': 'loss', 'tol': 1e-07, 'validation_fraction': 0.1, 'verbose': 0, 'warm_start': False}",15280355661ff04b39edd8f3a3f855822d07d3081a94bbc50fa5eae13b978c50,started,,,,rico
8cf6b301f51542a3a785e414c98a4efc,owner_fit_h60_cqr_l95,False,quantile_estimator_fit,sklearn.ensemble._hist_gradient_boosting.gradient_boosting,fit,HistGradientBoostingRegressor,19084,2026-09-14T14:15:21.079795+00:00,9577,"{'categorical_features': 'warn', 'early_stopping': 'auto', 'interaction_cst': None, 'l2_regularization': 0.0, 'learning_rate': 0.05, 'loss': 'quantile', 'max_bins': 255, 'max_depth': None, 'max_features': 1.0, 'max_iter': 300, 'max_leaf_nodes': 31, 'min_samples_leaf': 50, 'monotonic_cst': None, 'n_iter_no_change': 10, 'quantile': 0.975, 'random_state': 42, 'scoring': 'loss', 'tol': 1e-07, 'validation_fraction': 0.1, 'verbose': 0, 'warm_start': False}",15280355661ff04b39edd8f3a3f855822d07d3081a94bbc50fa5eae13b978c50,returned,3.31189480000467,3.21875,False,rico
fe8a442fc8a041cca56448c992213dae,owner_fit_h60_cqr_l95,False,quantile_estimator_fit,sklearn.ensemble._hist_gradient_boosting.gradient_boosting,fit,HistGradientBoostingRegressor,19084,2026-09-14T14:15:24.399298+00:00,9577,"{'categorical_features': 'warn', 'early_stopping': 'auto', 'interaction_cst': None, 'l2_regularization': 0.0, 'learning_rate': 0.05, 'loss': 'quantile', 'max_bins': 255, 'max_depth': None, 'max_features': 1.0, 'max_iter': 300, 'max_leaf_nodes': 31, 'min_samples_leaf': 50, 'monotonic_cst': None, 'n_iter_no_change': 10, 'quantile': 0.5, 'random_state': 42, 'scoring': 'loss', 'tol': 1e-07, 'validation_fraction': 0.1, 'verbose': 0, 'warm_start': False}",15280355661ff04b39edd8f3a3f855822d07d3081a94bbc50fa5eae13b978c50,started,,,,rico
fe8a442fc8a041cca56448c992213dae,owner_fit_h60_cqr_l95,False,quantile_estimator_fit,sklearn.ensemble._hist_gradient_boosting.gradient_boosting,fit,HistGradientBoostingRegressor,19084,2026-09-14T14:15:24.399298+00:00,9577,"{'categorical_features': 'warn', 'early_stopping': 'auto', 'interaction_cst': None, 'l2_regularization': 0.0, 'learning_rate': 0.05, 'loss': 'quantile', 'max_bins': 255, 'max_depth': None, 'max_features': 1.0, 'max_iter': 300, 'max_leaf_nodes': 31, 'min_samples_leaf': 50, 'monotonic_cst': None, 'n_iter_no_change': 10, 'quantile': 0.5, 'random_state': 42, 'scoring': 'loss', 'tol': 1e-07, 'validation_fraction': 0.1, 'verbose': 0, 'warm_start': False}",15280355661ff04b39edd8f3a3f855822d07d3081a94bbc50fa5eae13b978c50,returned,4.24382969998987,4.03125,False,rico
a82a7f5698c64d05b50b5fe112df1924,owner_fit_h60_cqr_l95,False,cqr_wrapper_fit,mapie.regression.quantile_regression,fit,ConformalizedQuantileRegressor,19084,2026-09-14T14:15:17.398477+00:00,9577,{},15280355661ff04b39edd8f3a3f855822d07d3081a94bbc50fa5eae13b978c50,returned,11.2469810000039,10.796875,False,rico
30919b98ae254731bfcc501114a5edc2,owner_cal_h60_cqr_l95,False,calibrator_conformalize,mapie.regression.quantile_regression,conformalize,ConformalizedQuantileRegressor,19084,2026-09-14T14:15:28.757646+00:00,3297,{},938e8f521225750c380622456ea1de914c688aa42b96944d5db09a695867397c,started,,,,rico
4cb919efc6c6444c8848b8f89f22fbc1,owner_cal_h60_cqr_l95,False,calibrator_conformalize,mapie.regression.quantile_regression,conformalize,_MapieQuantileRegressor,19084,2026-09-14T14:15:28.759175+00:00,3297,"{'alpha': 0.05, 'cv': 'split', 'estimator': ""HistGradientBoostingRegressor(learning_rate=0.05, loss='quantile', max_iter=300,\n                              min_samples_leaf=50, random_state=42)"", 'method': 'quantile'}",938e8f521225750c380622456ea1de914c688aa42b96944d5db09a695867397c,started,,,,rico
4cb919efc6c6444c8848b8f89f22fbc1,owner_cal_h60_cqr_l95,False,calibrator_conformalize,mapie.regression.quantile_regression,conformalize,_MapieQuantileRegressor,19084,2026-09-14T14:15:28.759175+00:00,3297,"{'alpha': 0.05, 'cv': 'split', 'estimator': ""HistGradientBoostingRegressor(learning_rate=0.05, loss='quantile', max_iter=300,\n                              min_samples_leaf=50, random_state=42)"", 'method': 'quantile'}",938e8f521225750c380622456ea1de914c688aa42b96944d5db09a695867397c,returned,0.466519399997196,0.453125,False,rico
30919b98ae254731bfcc501114a5edc2,owner_cal_h60_cqr_l95,False,calibrator_conformalize,mapie.regression.quantile_regression,conformalize,ConformalizedQuantileRegressor,19084,2026-09-14T14:15:28.757646+00:00,3297,{},938e8f521225750c380622456ea1de914c688aa42b96944d5db09a695867397c,returned,0.471709500008728,0.453125,False,rico
26b5c7f7dde74e46988a80885268699d,owner_fit_h60_enbpi,False,enbpi_wrapper_fit,mapie.regression.regression,fit,TimeSeriesRegressor,19084,2026-09-14T14:15:37.281695+00:00,9577,"{'agg_function': 'mean', 'conformity_score': None, 'cv': 'BlockBootstrap(length=24, n_blocks=None, n_resamplings=5, overlapping=True,\n        random_state=42)', 'estimator': 'XGBRegressor(base_score=None, booster=None, callbacks=None,\n             colsample_bylevel=None, colsample_bynode=None,\n             colsample_bytree=0.8, device=None, early_stopping_rounds=None,\n             enable_categorical=False, eval_metric=None, feature_types=None,\n             feature_weights=None, gamma=None, grow_policy=None,\n             importance_type=None, interaction_constraints=None,\n             learning_rate=0.05, max_bin=None, max_cat_threshold=None,\n             max_cat_to_onehot=None, max_delta_step=None, max_depth=5,\n             max_leaves=None, min_child_weight=None, missing=nan,\n             monotone_constraints=None, multi_strategy=None, n_estimators=60,\n             n_jobs=1, num_parallel_tree=None, ...)', 'method': 'enbpi', 'n_jobs': 1, 'random_state': 42, 'verbose': 0}",15280355661ff04b39edd8f3a3f855822d07d3081a94bbc50fa5eae13b978c50,started,,,,rico
0ebdc168e44047aea7f3bf9388b6d730,owner_fit_h60_enbpi,False,xgboost_estimator_fit,xgboost.sklearn,fit,XGBRegressor,19084,2026-09-14T14:15:37.289208+00:00,9577,"{'objective': 'reg:squarederror', 'base_score': None, 'booster': None, 'callbacks': None, 'colsample_bylevel': None, 'colsample_bynode': None, 'colsample_bytree': 0.8, 'device': None, 'early_stopping_rounds': None, 'enable_categorical': False, 'eval_metric': None, 'feature_types': None, 'feature_weights': None, 'gamma': None, 'grow_policy': None, 'importance_type': None, 'interaction_constraints': None, 'learning_rate': 0.05, 'max_bin': None, 'max_cat_threshold': None, 'max_cat_to_onehot': None, 'max_delta_step': None, 'max_depth': 5, 'max_leaves': None, 'min_child_weight': None, 'missing': nan, 'monotone_constraints': None, 'multi_strategy': None, 'n_estimators': 60, 'n_jobs': 1, 'num_parallel_tree': None, 'random_state': 42, 'reg_alpha': None, 'reg_lambda': None, 'sampling_method': None, 'scale_pos_weight': None, 'subsample': 0.8, 'tree_method': 'hist', 'validate_parameters': None, 'verbosity': None}",15280355661ff04b39edd8f3a3f855822d07d3081a94bbc50fa5eae13b978c50,started,,,,rico
0ebdc168e44047aea7f3bf9388b6d730,owner_fit_h60_enbpi,False,xgboost_estimator_fit,xgboost.sklearn,fit,XGBRegressor,19084,2026-09-14T14:15:37.289208+00:00,9577,"{'objective': 'reg:squarederror', 'base_score': None, 'booster': None, 'callbacks': None, 'colsample_bylevel': None, 'colsample_bynode': None, 'colsample_bytree': 0.8, 'device': None, 'early_stopping_rounds': None, 'enable_categorical': False, 'eval_metric': None, 'feature_types': None, 'feature_weights': None, 'gamma': None, 'grow_policy': None, 'importance_type': None, 'interaction_constraints': None, 'learning_rate': 0.05, 'max_bin': None, 'max_cat_threshold': None, 'max_cat_to_onehot': None, 'max_delta_step': None, 'max_depth': 5, 'max_leaves': None, 'min_child_weight': None, 'missing': nan, 'monotone_constraints': None, 'multi_strategy': None, 'n_estimators': 60, 'n_jobs': 1, 'num_parallel_tree': None, 'random_state': 42, 'reg_alpha': None, 'reg_lambda': None, 'sampling_method': None, 'scale_pos_weight': None, 'subsample': 0.8, 'tree_method': 'hist', 'validate_parameters': None, 'verbosity': None}",15280355661ff04b39edd8f3a3f855822d07d3081a94bbc50fa5eae13b978c50,returned,0.227987999998732,0.234375,False,rico
b456f13840884bfab6f7c301cb73a03b,owner_fit_h60_enbpi,False,calibrator_conformalize,mapie.regression.regression,conformalize,TimeSeriesRegressor,19084,2026-09-14T14:15:37.520405+00:00,9577,"{'agg_function': 'mean', 'conformity_score': None, 'cv': 'BlockBootstrap(length=24, n_blocks=None, n_resamplings=5, overlapping=True,\n        random_state=42)', 'estimator': 'XGBRegressor(base_score=None, booster=None, callbacks=None,\n             colsample_bylevel=None, colsample_bynode=None,\n             colsample_bytree=0.8, device=None, early_stopping_rounds=None,\n             enable_categorical=False, eval_metric=None, feature_types=None,\n             feature_weights=None, gamma=None, grow_policy=None,\n             importance_type=None, interaction_constraints=None,\n             learning_rate=0.05, max_bin=None, max_cat_threshold=None,\n             max_cat_to_onehot=None, max_delta_step=None, max_depth=5,\n             max_leaves=None, min_child_weight=None, missing=nan,\n             monotone_constraints=None, multi_strategy=None, n_estimators=60,\n             n_jobs=1, num_parallel_tree=None, ...)', 'method': 'enbpi', 'n_jobs': 1, 'random_state': 42, 'verbose': 0}",15280355661ff04b39edd8f3a3f855822d07d3081a94bbc50fa5eae13b978c50,started,,,,rico
1e8822809dc941c89dfa2405156373d5,owner_fit_h60_enbpi,False,xgboost_estimator_fit,xgboost.sklearn,fit,XGBRegressor,19084,2026-09-14T14:15:37.530912+00:00,9600,"{'objective': 'reg:squarederror', 'base_score': None, 'booster': None, 'callbacks': None, 'colsample_bylevel': None, 'colsample_bynode': None, 'colsample_bytree': 0.8, 'device': None, 'early_stopping_rounds': None, 'enable_categorical': False, 'eval_metric': None, 'feature_types': None, 'feature_weights': None, 'gamma': None, 'grow_policy': None, 'importance_type': None, 'interaction_constraints': None, 'learning_rate': 0.05, 'max_bin': None, 'max_cat_threshold': None, 'max_cat_to_onehot': None, 'max_delta_step': None, 'max_depth': 5, 'max_leaves': None, 'min_child_weight': None, 'missing': nan, 'monotone_constraints': None, 'multi_strategy': None, 'n_estimators': 60, 'n_jobs': 1, 'num_parallel_tree': None, 'random_state': 42, 'reg_alpha': None, 'reg_lambda': None, 'sampling_method': None, 'scale_pos_weight': None, 'subsample': 0.8, 'tree_method': 'hist', 'validate_parameters': None, 'verbosity': None}",741a6fecaceea5256e371e0913bfecb4803c7990d3b5eaf98d8961987772b1fc,started,,,,rico
1e8822809dc941c89dfa2405156373d5,owner_fit_h60_enbpi,False,xgboost_estimator_fit,xgboost.sklearn,fit,XGBRegressor,19084,2026-09-14T14:15:37.530912+00:00,9600,"{'objective': 'reg:squarederror', 'base_score': None, 'booster': None, 'callbacks': None, 'colsample_bylevel': None, 'colsample_bynode': None, 'colsample_bytree': 0.8, 'device': None, 'early_stopping_rounds': None, 'enable_categorical': False, 'eval_metric': None, 'feature_types': None, 'feature_weights': None, 'gamma': None, 'grow_policy': None, 'importance_type': None, 'interaction_constraints': None, 'learning_rate': 0.05, 'max_bin': None, 'max_cat_threshold': None, 'max_cat_to_onehot': None, 'max_delta_step': None, 'max_depth': 5, 'max_leaves': None, 'min_child_weight': None, 'missing': nan, 'monotone_constraints': None, 'multi_strategy': None, 'n_estimators': 60, 'n_jobs': 1, 'num_parallel_tree': None, 'random_state': 42, 'reg_alpha': None, 'reg_lambda': None, 'sampling_method': None, 'scale_pos_weight': None, 'subsample': 0.8, 'tree_method': 'hist', 'validate_parameters': None, 'verbosity': None}",741a6fecaceea5256e371e0913bfecb4803c7990d3b5eaf98d8961987772b1fc,returned,0.248656099996879,0.25,False,rico
3137ff79cb404686945aa03e996a8dc1,owner_fit_h60_enbpi,False,xgboost_estimator_fit,xgboost.sklearn,fit,XGBRegressor,19084,2026-09-14T14:15:37.791923+00:00,9600,"{'objective': 'reg:squarederror', 'base_score': None, 'booster': None, 'callbacks': None, 'colsample_bylevel': None, 'colsample_bynode': None, 'colsample_bytree': 0.8, 'device': None, 'early_stopping_rounds': None, 'enable_categorical': False, 'eval_metric': None, 'feature_types': None, 'feature_weights': None, 'gamma': None, 'grow_policy': None, 'importance_type': None, 'interaction_constraints': None, 'learning_rate': 0.05, 'max_bin': None, 'max_cat_threshold': None, 'max_cat_to_onehot': None, 'max_delta_step': None, 'max_depth': 5, 'max_leaves': None, 'min_child_weight': None, 'missing': nan, 'monotone_constraints': None, 'multi_strategy': None, 'n_estimators': 60, 'n_jobs': 1, 'num_parallel_tree': None, 'random_state': 42, 'reg_alpha': None, 'reg_lambda': None, 'sampling_method': None, 'scale_pos_weight': None, 'subsample': 0.8, 'tree_method': 'hist', 'validate_parameters': None, 'verbosity': None}",1f54a0174412d6e65662f3df1b1488785fefcffc52754562b34ce2cbb77eb395,started,,,,rico
3137ff79cb404686945aa03e996a8dc1,owner_fit_h60_enbpi,False,xgboost_estimator_fit,xgboost.sklearn,fit,XGBRegressor,19084,2026-09-14T14:15:37.791923+00:00,9600,"{'objective': 'reg:squarederror', 'base_score': None, 'booster': None, 'callbacks': None, 'colsample_bylevel': None, 'colsample_bynode': None, 'colsample_bytree': 0.8, 'device': None, 'early_stopping_rounds': None, 'enable_categorical': False, 'eval_metric': None, 'feature_types': None, 'feature_weights': None, 'gamma': None, 'grow_policy': None, 'importance_type': None, 'interaction_constraints': None, 'learning_rate': 0.05, 'max_bin': None, 'max_cat_threshold': None, 'max_cat_to_onehot': None, 'max_delta_step': None, 'max_depth': 5, 'max_leaves': None, 'min_child_weight': None, 'missing': nan, 'monotone_constraints': None, 'multi_strategy': None, 'n_estimators': 60, 'n_jobs': 1, 'num_parallel_tree': None, 'random_state': 42, 'reg_alpha': None, 'reg_lambda': None, 'sampling_method': None, 'scale_pos_weight': None, 'subsample': 0.8, 'tree_method': 'hist', 'validate_parameters': None, 'verbosity': None}",1f54a0174412d6e65662f3df1b1488785fefcffc52754562b34ce2cbb77eb395,returned,0.242937899995013,0.25,False,rico
e75f9984089146b1a42aa8a9e85f51d2,owner_fit_h60_enbpi,False,xgboost_estimator_fit,xgboost.sklearn,fit,XGBRegressor,19084,2026-09-14T14:15:38.046605+00:00,9600,"{'objective': 'reg:squarederror', 'base_score': None, 'booster': None, 'callbacks': None, 'colsample_bylevel': None, 'colsample_bynode': None, 'colsample_bytree': 0.8, 'device': None, 'early_stopping_rounds': None, 'enable_categorical': False, 'eval_metric': None, 'feature_types': None, 'feature_weights': None, 'gamma': None, 'grow_policy': None, 'importance_type': None, 'interaction_constraints': None, 'learning_rate': 0.05, 'max_bin': None, 'max_cat_threshold': None, 'max_cat_to_onehot': None, 'max_delta_step': None, 'max_depth': 5, 'max_leaves': None, 'min_child_weight': None, 'missing': nan, 'monotone_constraints': None, 'multi_strategy': None, 'n_estimators': 60, 'n_jobs': 1, 'num_parallel_tree': None, 'random_state': 42, 'reg_alpha': None, 'reg_lambda': None, 'sampling_method': None, 'scale_pos_weight': None, 'subsample': 0.8, 'tree_method': 'hist', 'validate_parameters': None, 'verbosity': None}",294adecbd5fc81fb2d3295499c7238c542907dfd291ad5cef5fa6215636223a9,started,,,,rico
e75f9984089146b1a42aa8a9e85f51d2,owner_fit_h60_enbpi,False,xgboost_estimator_fit,xgboost.sklearn,fit,XGBRegressor,19084,2026-09-14T14:15:38.046605+00:00,9600,"{'objective': 'reg:squarederror', 'base_score': None, 'booster': None, 'callbacks': None, 'colsample_bylevel': None, 'colsample_bynode': None, 'colsample_bytree': 0.8, 'device': None, 'early_stopping_rounds': None, 'enable_categorical': False, 'eval_metric': None, 'feature_types': None, 'feature_weights': None, 'gamma': None, 'grow_policy': None, 'importance_type': None, 'interaction_constraints': None, 'learning_rate': 0.05, 'max_bin': None, 'max_cat_threshold': None, 'max_cat_to_onehot': None, 'max_delta_step': None, 'max_depth': 5, 'max_leaves': None, 'min_child_weight': None, 'missing': nan, 'monotone_constraints': None, 'multi_strategy': None, 'n_estimators': 60, 'n_jobs': 1, 'num_parallel_tree': None, 'random_state': 42, 'reg_alpha': None, 'reg_lambda': None, 'sampling_method': None, 'scale_pos_weight': None, 'subsample': 0.8, 'tree_method': 'hist', 'validate_parameters': None, 'verbosity': None}",294adecbd5fc81fb2d3295499c7238c542907dfd291ad5cef5fa6215636223a9,returned,0.268771999995806,0.25,False,rico
b15a5de3cb7648baa3ec5eb23aab5b62,owner_fit_h60_enbpi,False,xgboost_estimator_fit,xgboost.sklearn,fit,XGBRegressor,19084,2026-09-14T14:15:38.325424+00:00,9600,"{'objective': 'reg:squarederror', 'base_score': None, 'booster': None, 'callbacks': None, 'colsample_bylevel': None, 'colsample_bynode': None, 'colsample_bytree': 0.8, 'device': None, 'early_stopping_rounds': None, 'enable_categorical': False, 'eval_metric': None, 'feature_types': None, 'feature_weights': None, 'gamma': None, 'grow_policy': None, 'importance_type': None, 'interaction_constraints': None, 'learning_rate': 0.05, 'max_bin': None, 'max_cat_threshold': None, 'max_cat_to_onehot': None, 'max_delta_step': None, 'max_depth': 5, 'max_leaves': None, 'min_child_weight': None, 'missing': nan, 'monotone_constraints': None, 'multi_strategy': None, 'n_estimators': 60, 'n_jobs': 1, 'num_parallel_tree': None, 'random_state': 42, 'reg_alpha': None, 'reg_lambda': None, 'sampling_method': None, 'scale_pos_weight': None, 'subsample': 0.8, 'tree_method': 'hist', 'validate_parameters': None, 'verbosity': None}",d0416471d0b61f4b4526a4c3bd78bf84f742e587fc0530040579c4fe731764da,started,,,,rico
b15a5de3cb7648baa3ec5eb23aab5b62,owner_fit_h60_enbpi,False,xgboost_estimator_fit,xgboost.sklearn,fit,XGBRegressor,19084,2026-09-14T14:15:38.325424+00:00,9600,"{'objective': 'reg:squarederror', 'base_score': None, 'booster': None, 'callbacks': None, 'colsample_bylevel': None, 'colsample_bynode': None, 'colsample_bytree': 0.8, 'device': None, 'early_stopping_rounds': None, 'enable_categorical': False, 'eval_metric': None, 'feature_types': None, 'feature_weights': None, 'gamma': None, 'grow_policy': None, 'importance_type': None, 'interaction_constraints': None, 'learning_rate': 0.05, 'max_bin': None, 'max_cat_threshold': None, 'max_cat_to_onehot': None, 'max_delta_step': None, 'max_depth': 5, 'max_leaves': None, 'min_child_weight': None, 'missing': nan, 'monotone_constraints': None, 'multi_strategy': None, 'n_estimators': 60, 'n_jobs': 1, 'num_parallel_tree': None, 'random_state': 42, 'reg_alpha': None, 'reg_lambda': None, 'sampling_method': None, 'scale_pos_weight': None, 'subsample': 0.8, 'tree_method': 'hist', 'validate_parameters': None, 'verbosity': None}",d0416471d0b61f4b4526a4c3bd78bf84f742e587fc0530040579c4fe731764da,returned,0.257410100006382,0.265625,False,rico
8295a92e1beb44a1ae896d284832c41e,owner_fit_h60_enbpi,False,xgboost_estimator_fit,xgboost.sklearn,fit,XGBRegressor,19084,2026-09-14T14:15:38.598268+00:00,9600,"{'objective': 'reg:squarederror', 'base_score': None, 'booster': None, 'callbacks': None, 'colsample_bylevel': None, 'colsample_bynode': None, 'colsample_bytree': 0.8, 'device': None, 'early_stopping_rounds': None, 'enable_categorical': False, 'eval_metric': None, 'feature_types': None, 'feature_weights': None, 'gamma': None, 'grow_policy': None, 'importance_type': None, 'interaction_constraints': None, 'learning_rate': 0.05, 'max_bin': None, 'max_cat_threshold': None, 'max_cat_to_onehot': None, 'max_delta_step': None, 'max_depth': 5, 'max_leaves': None, 'min_child_weight': None, 'missing': nan, 'monotone_constraints': None, 'multi_strategy': None, 'n_estimators': 60, 'n_jobs': 1, 'num_parallel_tree': None, 'random_state': 42, 'reg_alpha': None, 'reg_lambda': None, 'sampling_method': None, 'scale_pos_weight': None, 'subsample': 0.8, 'tree_method': 'hist', 'validate_parameters': None, 'verbosity': None}",1c42133d820145e3ad467a408ad9f110c890eca0f286dc62f5f0e47e96340b9a,started,,,,rico
8295a92e1beb44a1ae896d284832c41e,owner_fit_h60_enbpi,False,xgboost_estimator_fit,xgboost.sklearn,fit,XGBRegressor,19084,2026-09-14T14:15:38.598268+00:00,9600,"{'objective': 'reg:squarederror', 'base_score': None, 'booster': None, 'callbacks': None, 'colsample_bylevel': None, 'colsample_bynode': None, 'colsample_bytree': 0.8, 'device': None, 'early_stopping_rounds': None, 'enable_categorical': False, 'eval_metric': None, 'feature_types': None, 'feature_weights': None, 'gamma': None, 'grow_policy': None, 'importance_type': None, 'interaction_constraints': None, 'learning_rate': 0.05, 'max_bin': None, 'max_cat_threshold': None, 'max_cat_to_onehot': None, 'max_delta_step': None, 'max_depth': 5, 'max_leaves': None, 'min_child_weight': None, 'missing': nan, 'monotone_constraints': None, 'multi_strategy': None, 'n_estimators': 60, 'n_jobs': 1, 'num_parallel_tree': None, 'random_state': 42, 'reg_alpha': None, 'reg_lambda': None, 'sampling_method': None, 'scale_pos_weight': None, 'subsample': 0.8, 'tree_method': 'hist', 'validate_parameters': None, 'verbosity': None}",1c42133d820145e3ad467a408ad9f110c890eca0f286dc62f5f0e47e96340b9a,returned,0.235635100005311,0.21875,False,rico
b456f13840884bfab6f7c301cb73a03b,owner_fit_h60_enbpi,False,calibrator_conformalize,mapie.regression.regression,conformalize,TimeSeriesRegressor,19084,2026-09-14T14:15:37.520405+00:00,9577,"{'agg_function': 'mean', 'conformity_score': None, 'cv': 'BlockBootstrap(length=24, n_blocks=None, n_resamplings=5, overlapping=True,\n        random_state=42)', 'estimator': 'XGBRegressor(base_score=None, booster=None, callbacks=None,\n             colsample_bylevel=None, colsample_bynode=None,\n             colsample_bytree=0.8, device=None, early_stopping_rounds=None,\n             enable_categorical=False, eval_metric=None, feature_types=None,\n             feature_weights=None, gamma=None, grow_policy=None,\n             importance_type=None, interaction_constraints=None,\n             learning_rate=0.05, max_bin=None, max_cat_threshold=None,\n             max_cat_to_onehot=None, max_delta_step=None, max_depth=5,\n             max_leaves=None, min_child_weight=None, missing=nan,\n             monotone_constraints=None, multi_strategy=None, n_estimators=60,\n             n_jobs=1, num_parallel_tree=None, ...)', 'method': 'enbpi', 'n_jobs': 1, 'random_state': 42, 'verbose': 0}",15280355661ff04b39edd8f3a3f855822d07d3081a94bbc50fa5eae13b978c50,returned,1.36260880000191,1.3125,False,rico
26b5c7f7dde74e46988a80885268699d,owner_fit_h60_enbpi,False,enbpi_wrapper_fit,mapie.regression.regression,fit,TimeSeriesRegressor,19084,2026-09-14T14:15:37.281695+00:00,9577,"{'agg_function': 'mean', 'conformity_score': None, 'cv': 'BlockBootstrap(length=24, n_blocks=None, n_resamplings=5, overlapping=True,\n        random_state=42)', 'estimator': 'XGBRegressor(base_score=None, booster=None, callbacks=None,\n             colsample_bylevel=None, colsample_bynode=None,\n             colsample_bytree=0.8, device=None, early_stopping_rounds=None,\n             enable_categorical=False, eval_metric=None, feature_types=None,\n             feature_weights=None, gamma=None, grow_policy=None,\n             importance_type=None, interaction_constraints=None,\n             learning_rate=0.05, max_bin=None, max_cat_threshold=None,\n             max_cat_to_onehot=None, max_delta_step=None, max_depth=5,\n             max_leaves=None, min_child_weight=None, missing=nan,\n             monotone_constraints=None, multi_strategy=None, n_estimators=60,\n             n_jobs=1, num_parallel_tree=None, ...)', 'method': 'enbpi', 'n_jobs': 1, 'random_state': 42, 'verbose': 0}",15280355661ff04b39edd8f3a3f855822d07d3081a94bbc50fa5eae13b978c50,returned,1.60334649999277,1.546875,False,rico
5e68da74f80c487d9155ea00b678d259,owner_cal_h60_enbpi,False,calibrator_conformalize,mapie.regression.regression,conformalize,TimeSeriesRegressor,19084,2026-09-14T14:15:38.973348+00:00,3297,"{'agg_function': 'mean', 'conformity_score': None, 'cv': 'BlockBootstrap(length=24, n_blocks=None, n_resamplings=5, overlapping=True,\n        random_state=42)', 'estimator': 'XGBRegressor(base_score=None, booster=None, callbacks=None,\n             colsample_bylevel=None, colsample_bynode=None,\n             colsample_bytree=0.8, device=None, early_stopping_rounds=None,\n             enable_categorical=False, eval_metric=None, feature_types=None,\n             feature_weights=None, gamma=None, grow_policy=None,\n             importance_type=None, interaction_constraints=None,\n             learning_rate=0.05, max_bin=None, max_cat_threshold=None,\n             max_cat_to_onehot=None, max_delta_step=None, max_depth=5,\n             max_leaves=None, min_child_weight=None, missing=nan,\n             monotone_constraints=None, multi_strategy=None, n_estimators=60,\n             n_jobs=1, num_parallel_tree=None, ...)', 'method': 'enbpi', 'n_jobs': 1, 'random_state': 42, 'verbose': 0}",938e8f521225750c380622456ea1de914c688aa42b96944d5db09a695867397c,started,,,,rico
122f4c565a4a4ed0802aea3fe5649924,owner_cal_h60_enbpi,False,xgboost_estimator_fit,xgboost.sklearn,fit,XGBRegressor,19084,2026-09-14T14:15:38.980899+00:00,3312,"{'objective': 'reg:squarederror', 'base_score': None, 'booster': None, 'callbacks': None, 'colsample_bylevel': None, 'colsample_bynode': None, 'colsample_bytree': 0.8, 'device': None, 'early_stopping_rounds': None, 'enable_categorical': False, 'eval_metric': None, 'feature_types': None, 'feature_weights': None, 'gamma': None, 'grow_policy': None, 'importance_type': None, 'interaction_constraints': None, 'learning_rate': 0.05, 'max_bin': None, 'max_cat_threshold': None, 'max_cat_to_onehot': None, 'max_delta_step': None, 'max_depth': 5, 'max_leaves': None, 'min_child_weight': None, 'missing': nan, 'monotone_constraints': None, 'multi_strategy': None, 'n_estimators': 60, 'n_jobs': 1, 'num_parallel_tree': None, 'random_state': 42, 'reg_alpha': None, 'reg_lambda': None, 'sampling_method': None, 'scale_pos_weight': None, 'subsample': 0.8, 'tree_method': 'hist', 'validate_parameters': None, 'verbosity': None}",1faaf0f9702859f81b6cf4675a9bf49bbc10a9cbe5f4759fffa2933058ddc426,started,,,,rico
122f4c565a4a4ed0802aea3fe5649924,owner_cal_h60_enbpi,False,xgboost_estimator_fit,xgboost.sklearn,fit,XGBRegressor,19084,2026-09-14T14:15:38.980899+00:00,3312,"{'objective': 'reg:squarederror', 'base_score': None, 'booster': None, 'callbacks': None, 'colsample_bylevel': None, 'colsample_bynode': None, 'colsample_bytree': 0.8, 'device': None, 'early_stopping_rounds': None, 'enable_categorical': False, 'eval_metric': None, 'feature_types': None, 'feature_weights': None, 'gamma': None, 'grow_policy': None, 'importance_type': None, 'interaction_constraints': None, 'learning_rate': 0.05, 'max_bin': None, 'max_cat_threshold': None, 'max_cat_to_onehot': None, 'max_delta_step': None, 'max_depth': 5, 'max_leaves': None, 'min_child_weight': None, 'missing': nan, 'monotone_constraints': None, 'multi_strategy': None, 'n_estimators': 60, 'n_jobs': 1, 'num_parallel_tree': None, 'random_state': 42, 'reg_alpha': None, 'reg_lambda': None, 'sampling_method': None, 'scale_pos_weight': None, 'subsample': 0.8, 'tree_method': 'hist', 'validate_parameters': None, 'verbosity': None}",1faaf0f9702859f81b6cf4675a9bf49bbc10a9cbe5f4759fffa2933058ddc426,returned,0.125918100005947,0.125,False,rico
7c116816652f446ea73063e9fa401f9d,owner_cal_h60_enbpi,False,xgboost_estimator_fit,xgboost.sklearn,fit,XGBRegressor,19084,2026-09-14T14:15:39.113369+00:00,3312,"{'objective': 'reg:squarederror', 'base_score': None, 'booster': None, 'callbacks': None, 'colsample_bylevel': None, 'colsample_bynode': None, 'colsample_bytree': 0.8, 'device': None, 'early_stopping_rounds': None, 'enable_categorical': False, 'eval_metric': None, 'feature_types': None, 'feature_weights': None, 'gamma': None, 'grow_policy': None, 'importance_type': None, 'interaction_constraints': None, 'learning_rate': 0.05, 'max_bin': None, 'max_cat_threshold': None, 'max_cat_to_onehot': None, 'max_delta_step': None, 'max_depth': 5, 'max_leaves': None, 'min_child_weight': None, 'missing': nan, 'monotone_constraints': None, 'multi_strategy': None, 'n_estimators': 60, 'n_jobs': 1, 'num_parallel_tree': None, 'random_state': 42, 'reg_alpha': None, 'reg_lambda': None, 'sampling_method': None, 'scale_pos_weight': None, 'subsample': 0.8, 'tree_method': 'hist', 'validate_parameters': None, 'verbosity': None}",ad4fe4118ca19118abf20af7979210abaa8baa8ef475d9510f8bba456a08b219,started,,,,rico
7c116816652f446ea73063e9fa401f9d,owner_cal_h60_enbpi,False,xgboost_estimator_fit,xgboost.sklearn,fit,XGBRegressor,19084,2026-09-14T14:15:39.113369+00:00,3312,"{'objective': 'reg:squarederror', 'base_score': None, 'booster': None, 'callbacks': None, 'colsample_bylevel': None, 'colsample_bynode': None, 'colsample_bytree': 0.8, 'device': None, 'early_stopping_rounds': None, 'enable_categorical': False, 'eval_metric': None, 'feature_types': None, 'feature_weights': None, 'gamma': None, 'grow_policy': None, 'importance_type': None, 'interaction_constraints': None, 'learning_rate': 0.05, 'max_bin': None, 'max_cat_threshold': None, 'max_cat_to_onehot': None, 'max_delta_step': None, 'max_depth': 5, 'max_leaves': None, 'min_child_weight': None, 'missing': nan, 'monotone_constraints': None, 'multi_strategy': None, 'n_estimators': 60, 'n_jobs': 1, 'num_parallel_tree': None, 'random_state': 42, 'reg_alpha': None, 'reg_lambda': None, 'sampling_method': None, 'scale_pos_weight': None, 'subsample': 0.8, 'tree_method': 'hist', 'validate_parameters': None, 'verbosity': None}",ad4fe4118ca19118abf20af7979210abaa8baa8ef475d9510f8bba456a08b219,returned,0.121251500007929,0.109375,False,rico
389c7475be5f4f8dae66854387889857,owner_cal_h60_enbpi,False,xgboost_estimator_fit,xgboost.sklearn,fit,XGBRegressor,19084,2026-09-14T14:15:39.242344+00:00,3312,"{'objective': 'reg:squarederror', 'base_score': None, 'booster': None, 'callbacks': None, 'colsample_bylevel': None, 'colsample_bynode': None, 'colsample_bytree': 0.8, 'device': None, 'early_stopping_rounds': None, 'enable_categorical': False, 'eval_metric': None, 'feature_types': None, 'feature_weights': None, 'gamma': None, 'grow_policy': None, 'importance_type': None, 'interaction_constraints': None, 'learning_rate': 0.05, 'max_bin': None, 'max_cat_threshold': None, 'max_cat_to_onehot': None, 'max_delta_step': None, 'max_depth': 5, 'max_leaves': None, 'min_child_weight': None, 'missing': nan, 'monotone_constraints': None, 'multi_strategy': None, 'n_estimators': 60, 'n_jobs': 1, 'num_parallel_tree': None, 'random_state': 42, 'reg_alpha': None, 'reg_lambda': None, 'sampling_method': None, 'scale_pos_weight': None, 'subsample': 0.8, 'tree_method': 'hist', 'validate_parameters': None, 'verbosity': None}",13dda4cd5854df64f26d7cfca7d34ad1e520b46df4d1ea1b1a4a2d0b62e4159e,started,,,,rico
389c7475be5f4f8dae66854387889857,owner_cal_h60_enbpi,False,xgboost_estimator_fit,xgboost.sklearn,fit,XGBRegressor,19084,2026-09-14T14:15:39.242344+00:00,3312,"{'objective': 'reg:squarederror', 'base_score': None, 'booster': None, 'callbacks': None, 'colsample_bylevel': None, 'colsample_bynode': None, 'colsample_bytree': 0.8, 'device': None, 'early_stopping_rounds': None, 'enable_categorical': False, 'eval_metric': None, 'feature_types': None, 'feature_weights': None, 'gamma': None, 'grow_policy': None, 'importance_type': None, 'interaction_constraints': None, 'learning_rate': 0.05, 'max_bin': None, 'max_cat_threshold': None, 'max_cat_to_onehot': None, 'max_delta_step': None, 'max_depth': 5, 'max_leaves': None, 'min_child_weight': None, 'missing': nan, 'monotone_constraints': None, 'multi_strategy': None, 'n_estimators': 60, 'n_jobs': 1, 'num_parallel_tree': None, 'random_state': 42, 'reg_alpha': None, 'reg_lambda': None, 'sampling_method': None, 'scale_pos_weight': None, 'subsample': 0.8, 'tree_method': 'hist', 'validate_parameters': None, 'verbosity': None}",13dda4cd5854df64f26d7cfca7d34ad1e520b46df4d1ea1b1a4a2d0b62e4159e,returned,0.111618100010674,0.109375,False,rico
cbd2ae1553ab4473a5e10bd15d98ae18,owner_cal_h60_enbpi,False,xgboost_estimator_fit,xgboost.sklearn,fit,XGBRegressor,19084,2026-09-14T14:15:39.359761+00:00,3312,"{'objective': 'reg:squarederror', 'base_score': None, 'booster': None, 'callbacks': None, 'colsample_bylevel': None, 'colsample_bynode': None, 'colsample_bytree': 0.8, 'device': None, 'early_stopping_rounds': None, 'enable_categorical': False, 'eval_metric': None, 'feature_types': None, 'feature_weights': None, 'gamma': None, 'grow_policy': None, 'importance_type': None, 'interaction_constraints': None, 'learning_rate': 0.05, 'max_bin': None, 'max_cat_threshold': None, 'max_cat_to_onehot': None, 'max_delta_step': None, 'max_depth': 5, 'max_leaves': None, 'min_child_weight': None, 'missing': nan, 'monotone_constraints': None, 'multi_strategy': None, 'n_estimators': 60, 'n_jobs': 1, 'num_parallel_tree': None, 'random_state': 42, 'reg_alpha': None, 'reg_lambda': None, 'sampling_method': None, 'scale_pos_weight': None, 'subsample': 0.8, 'tree_method': 'hist', 'validate_parameters': None, 'verbosity': None}",129ec63c0ac6e968fb97e13b889289ccdbab1362fb2ca85510677d4f08cf21cb,started,,,,rico
cbd2ae1553ab4473a5e10bd15d98ae18,owner_cal_h60_enbpi,False,xgboost_estimator_fit,xgboost.sklearn,fit,XGBRegressor,19084,2026-09-14T14:15:39.359761+00:00,3312,"{'objective': 'reg:squarederror', 'base_score': None, 'booster': None, 'callbacks': None, 'colsample_bylevel': None, 'colsample_bynode': None, 'colsample_bytree': 0.8, 'device': None, 'early_stopping_rounds': None, 'enable_categorical': False, 'eval_metric': None, 'feature_types': None, 'feature_weights': None, 'gamma': None, 'grow_policy': None, 'importance_type': None, 'interaction_constraints': None, 'learning_rate': 0.05, 'max_bin': None, 'max_cat_threshold': None, 'max_cat_to_onehot': None, 'max_delta_step': None, 'max_depth': 5, 'max_leaves': None, 'min_child_weight': None, 'missing': nan, 'monotone_constraints': None, 'multi_strategy': None, 'n_estimators': 60, 'n_jobs': 1, 'num_parallel_tree': None, 'random_state': 42, 'reg_alpha': None, 'reg_lambda': None, 'sampling_method': None, 'scale_pos_weight': None, 'subsample': 0.8, 'tree_method': 'hist', 'validate_parameters': None, 'verbosity': None}",129ec63c0ac6e968fb97e13b889289ccdbab1362fb2ca85510677d4f08cf21cb,returned,0.117899799995939,0.109375,False,rico
5afdb7be93ab4163ab949f78ad074ba4,owner_cal_h60_enbpi,False,xgboost_estimator_fit,xgboost.sklearn,fit,XGBRegressor,19084,2026-09-14T14:15:39.484426+00:00,3312,"{'objective': 'reg:squarederror', 'base_score': None, 'booster': None, 'callbacks': None, 'colsample_bylevel': None, 'colsample_bynode': None, 'colsample_bytree': 0.8, 'device': None, 'early_stopping_rounds': None, 'enable_categorical': False, 'eval_metric': None, 'feature_types': None, 'feature_weights': None, 'gamma': None, 'grow_policy': None, 'importance_type': None, 'interaction_constraints': None, 'learning_rate': 0.05, 'max_bin': None, 'max_cat_threshold': None, 'max_cat_to_onehot': None, 'max_delta_step': None, 'max_depth': 5, 'max_leaves': None, 'min_child_weight': None, 'missing': nan, 'monotone_constraints': None, 'multi_strategy': None, 'n_estimators': 60, 'n_jobs': 1, 'num_parallel_tree': None, 'random_state': 42, 'reg_alpha': None, 'reg_lambda': None, 'sampling_method': None, 'scale_pos_weight': None, 'subsample': 0.8, 'tree_method': 'hist', 'validate_parameters': None, 'verbosity': None}",637239dc5b1eaf9b0ba9314ddca8b0580573de8566dfb811c18da4049bdade48,started,,,,rico
5afdb7be93ab4163ab949f78ad074ba4,owner_cal_h60_enbpi,False,xgboost_estimator_fit,xgboost.sklearn,fit,XGBRegressor,19084,2026-09-14T14:15:39.484426+00:00,3312,"{'objective': 'reg:squarederror', 'base_score': None, 'booster': None, 'callbacks': None, 'colsample_bylevel': None, 'colsample_bynode': None, 'colsample_bytree': 0.8, 'device': None, 'early_stopping_rounds': None, 'enable_categorical': False, 'eval_metric': None, 'feature_types': None, 'feature_weights': None, 'gamma': None, 'grow_policy': None, 'importance_type': None, 'interaction_constraints': None, 'learning_rate': 0.05, 'max_bin': None, 'max_cat_threshold': None, 'max_cat_to_onehot': None, 'max_delta_step': None, 'max_depth': 5, 'max_leaves': None, 'min_child_weight': None, 'missing': nan, 'monotone_constraints': None, 'multi_strategy': None, 'n_estimators': 60, 'n_jobs': 1, 'num_parallel_tree': None, 'random_state': 42, 'reg_alpha': None, 'reg_lambda': None, 'sampling_method': None, 'scale_pos_weight': None, 'subsample': 0.8, 'tree_method': 'hist', 'validate_parameters': None, 'verbosity': None}",637239dc5b1eaf9b0ba9314ddca8b0580573de8566dfb811c18da4049bdade48,returned,0.0868445999949472,0.078125,False,rico
5e68da74f80c487d9155ea00b678d259,owner_cal_h60_enbpi,False,calibrator_conformalize,mapie.regression.regression,conformalize,TimeSeriesRegressor,19084,2026-09-14T14:15:38.973348+00:00,3297,"{'agg_function': 'mean', 'conformity_score': None, 'cv': 'BlockBootstrap(length=24, n_blocks=None, n_resamplings=5, overlapping=True,\n        random_state=42)', 'estimator': 'XGBRegressor(base_score=None, booster=None, callbacks=None,\n             colsample_bylevel=None, colsample_bynode=None,\n             colsample_bytree=0.8, device=None, early_stopping_rounds=None,\n             enable_categorical=False, eval_metric=None, feature_types=None,\n             feature_weights=None, gamma=None, grow_policy=None,\n             importance_type=None, interaction_constraints=None,\n             learning_rate=0.05, max_bin=None, max_cat_threshold=None,\n             max_cat_to_onehot=None, max_delta_step=None, max_depth=5,\n             max_leaves=None, min_child_weight=None, missing=nan,\n             monotone_constraints=None, multi_strategy=None, n_estimators=60,\n             n_jobs=1, num_parallel_tree=None, ...)', 'method': 'enbpi', 'n_jobs': 1, 'random_state': 42, 'verbose': 0}",938e8f521225750c380622456ea1de914c688aa42b96944d5db09a695867397c,returned,0.616331299999729,0.59375,False,rico
cbe888b462e04cc39970f2fb24c9056d,dscp_fit,False,dscp_calibrator_fit,src.conformal_dscp,fit_dscp,,19084,2026-09-14T14:15:56.494126+00:00,3297,{},7ccd05c5de68d57cd3efb3b26c461746780155a1f1cd4e085b3bab341d44cb2e,started,,,,rico
897f4197a9d2400f81f0fca023e9564c,dscp_fit,False,kmeans_candidate_fit,sklearn.cluster._kmeans,fit,KMeans,19084,2026-09-14T14:15:56.495126+00:00,3297,"{'algorithm': 'lloyd', 'copy_x': True, 'init': 'k-means++', 'max_iter': 300, 'n_clusters': 2, 'n_init': 10, 'random_state': 42, 'tol': 0.0001, 'verbose': 0}",,started,,,,rico
897f4197a9d2400f81f0fca023e9564c,dscp_fit,False,kmeans_candidate_fit,sklearn.cluster._kmeans,fit,KMeans,19084,2026-09-14T14:15:56.495126+00:00,3297,"{'algorithm': 'lloyd', 'copy_x': True, 'init': 'k-means++', 'max_iter': 300, 'n_clusters': 2, 'n_init': 10, 'random_state': 42, 'tol': 0.0001, 'verbose': 0}",,returned,0.111760100000538,0.125,False,rico
422c016ce4d040ddbf94875c71706868,dscp_fit,False,kmeans_candidate_fit,sklearn.cluster._kmeans,fit,KMeans,19084,2026-09-14T14:15:56.675037+00:00,3297,"{'algorithm': 'lloyd', 'copy_x': True, 'init': 'k-means++', 'max_iter': 300, 'n_clusters': 3, 'n_init': 10, 'random_state': 42, 'tol': 0.0001, 'verbose': 0}",,started,,,,rico
422c016ce4d040ddbf94875c71706868,dscp_fit,False,kmeans_candidate_fit,sklearn.cluster._kmeans,fit,KMeans,19084,2026-09-14T14:15:56.675037+00:00,3297,"{'algorithm': 'lloyd', 'copy_x': True, 'init': 'k-means++', 'max_iter': 300, 'n_clusters': 3, 'n_init': 10, 'random_state': 42, 'tol': 0.0001, 'verbose': 0}",,returned,0.0220034999947529,0.015625,False,rico
e8ec2ec14a3b402d92a7c5205d59f493,dscp_fit,False,kmeans_candidate_fit,sklearn.cluster._kmeans,fit,KMeans,19084,2026-09-14T14:15:56.757790+00:00,3297,"{'algorithm': 'lloyd', 'copy_x': True, 'init': 'k-means++', 'max_iter': 300, 'n_clusters': 4, 'n_init': 10, 'random_state': 42, 'tol': 0.0001, 'verbose': 0}",,started,,,,rico
e8ec2ec14a3b402d92a7c5205d59f493,dscp_fit,False,kmeans_candidate_fit,sklearn.cluster._kmeans,fit,KMeans,19084,2026-09-14T14:15:56.757790+00:00,3297,"{'algorithm': 'lloyd', 'copy_x': True, 'init': 'k-means++', 'max_iter': 300, 'n_clusters': 4, 'n_init': 10, 'random_state': 42, 'tol': 0.0001, 'verbose': 0}",,returned,0.0291477999999188,0.03125,False,rico
8c9df4b3d2244b34a70ba55cfbc96265,dscp_fit,False,kmeans_candidate_fit,sklearn.cluster._kmeans,fit,KMeans,19084,2026-09-14T14:15:56.848074+00:00,3297,"{'algorithm': 'lloyd', 'copy_x': True, 'init': 'k-means++', 'max_iter': 300, 'n_clusters': 5, 'n_init': 10, 'random_state': 42, 'tol': 0.0001, 'verbose': 0}",,started,,,,rico
8c9df4b3d2244b34a70ba55cfbc96265,dscp_fit,False,kmeans_candidate_fit,sklearn.cluster._kmeans,fit,KMeans,19084,2026-09-14T14:15:56.848074+00:00,3297,"{'algorithm': 'lloyd', 'copy_x': True, 'init': 'k-means++', 'max_iter': 300, 'n_clusters': 5, 'n_init': 10, 'random_state': 42, 'tol': 0.0001, 'verbose': 0}",,returned,0.0326507999998285,0.03125,False,rico
a29ebe0d6acb4233a8a47b39bdd765a1,dscp_fit,False,kmeans_candidate_fit,sklearn.cluster._kmeans,fit,KMeans,19084,2026-09-14T14:15:56.947236+00:00,3297,"{'algorithm': 'lloyd', 'copy_x': True, 'init': 'k-means++', 'max_iter': 300, 'n_clusters': 6, 'n_init': 10, 'random_state': 42, 'tol': 0.0001, 'verbose': 0}",,started,,,,rico
a29ebe0d6acb4233a8a47b39bdd765a1,dscp_fit,False,kmeans_candidate_fit,sklearn.cluster._kmeans,fit,KMeans,19084,2026-09-14T14:15:56.947236+00:00,3297,"{'algorithm': 'lloyd', 'copy_x': True, 'init': 'k-means++', 'max_iter': 300, 'n_clusters': 6, 'n_init': 10, 'random_state': 42, 'tol': 0.0001, 'verbose': 0}",,returned,0.0362033999990672,0.046875,False,rico
cbe888b462e04cc39970f2fb24c9056d,dscp_fit,False,dscp_calibrator_fit,src.conformal_dscp,fit_dscp,,19084,2026-09-14T14:15:56.494126+00:00,3297,{},7ccd05c5de68d57cd3efb3b26c461746780155a1f1cd4e085b3bab341d44cb2e,returned,0.561655699988478,0.578125,False,rico
