control_id,rule_id,channel,family,severity,scheduled,effective,null,aliases,effective_contexts,supported,recall,misses,detected,detected_delay_median,detected_delay_q90,restricted_mean_detection_minutes
cqr_rolling,180min_3of18,availability_only,random_missing,0.5,136,58,78,78,46,True,0.07608695652173914,54,4,35.0,47.0,104.23913043478261
cqr_rolling,180min_3of18,availability_only,random_missing,1.0,136,94,42,52,64,True,0.09375,84,10,45.0,50.0,103.75
cqr_rolling,180min_3of18,availability_only,random_missing,2.0,136,127,9,17,67,True,0.5597014925373134,56,71,40.0,50.0,69.1044776119403
cqr_rolling,180min_3of18,availability_only,block_missing,0.5,136,136,0,71,68,True,0.0,136,0,,,110.0
cqr_rolling,180min_3of18,availability_only,block_missing,1.0,136,136,0,70,68,True,1.0,0,136,30.0,30.0,30.0
cqr_rolling,180min_3of18,availability_only,block_missing,2.0,136,136,0,68,68,True,1.0,0,136,20.0,20.0,20.0
cqr_rolling,180min_3of18,availability_only,stuck,0.5,136,136,0,68,68,True,0.0,136,0,,,110.0
cqr_rolling,180min_3of18,availability_only,stuck,1.0,136,136,0,77,68,True,0.0,136,0,,,110.0
cqr_rolling,180min_3of18,availability_only,stuck,2.0,136,136,0,68,68,True,0.0,136,0,,,110.0
cqr_rolling,180min_3of18,availability_only,dropout,0.5,136,136,0,68,68,True,0.0,136,0,,,110.0
cqr_rolling,180min_3of18,availability_only,dropout,1.0,136,136,0,68,68,True,0.0,136,0,,,110.0
cqr_rolling,180min_3of18,availability_only,dropout,2.0,136,136,0,68,68,True,0.0,136,0,,,110.0
cqr_rolling,180min_3of18,availability_only,bias,0.5,136,136,0,0,68,True,0.0,136,0,,,110.0
cqr_rolling,180min_3of18,availability_only,bias,1.0,136,136,0,0,68,True,0.0,136,0,,,110.0
cqr_rolling,180min_3of18,availability_only,bias,2.0,136,136,0,0,68,True,0.0,136,0,,,110.0
cqr_rolling,180min_3of18,availability_only,level_shift,0.5,136,136,0,0,68,True,0.0,136,0,,,110.0
cqr_rolling,180min_3of18,availability_only,level_shift,1.0,136,136,0,0,68,True,0.0,136,0,,,110.0
cqr_rolling,180min_3of18,availability_only,level_shift,2.0,136,136,0,0,68,True,0.0,136,0,,,110.0
cqr_rolling,180min_3of18,availability_only,drift,0.5,136,136,0,0,68,True,0.0,136,0,,,110.0
cqr_rolling,180min_3of18,availability_only,drift,1.0,136,136,0,0,68,True,0.0,136,0,,,110.0
cqr_rolling,180min_3of18,availability_only,drift,2.0,136,136,0,0,68,True,0.0,136,0,,,110.0
cqr_rolling,180min_3of18,combined,random_missing,0.5,136,58,78,78,46,True,0.14130434782608695,48,10,45.0,110.0,102.3913043478261
cqr_rolling,180min_3of18,combined,random_missing,1.0,136,94,42,52,64,True,0.140625,80,14,40.0,77.00000000000001,102.03125
cqr_rolling,180min_3of18,combined,random_missing,2.0,136,127,9,17,67,True,0.4701492537313433,70,57,40.0,50.0,76.7910447761194
cqr_rolling,180min_3of18,combined,block_missing,0.5,136,136,0,71,68,True,0.08823529411764706,124,12,35.0,97.00000000000001,104.41176470588235
cqr_rolling,180min_3of18,combined,block_missing,1.0,136,136,0,70,68,True,0.8235294117647058,24,112,30.0,30.0,43.6764705882353
cqr_rolling,180min_3of18,combined,block_missing,2.0,136,136,0,68,68,True,0.8088235294117647,26,110,20.0,20.0,37.05882352941177
cqr_rolling,180min_3of18,combined,stuck,0.5,136,136,0,68,68,True,0.04411764705882353,130,6,40.0,80.0,107.20588235294117
cqr_rolling,180min_3of18,combined,stuck,1.0,136,136,0,77,68,True,0.04411764705882353,130,6,20.0,80.0,106.76470588235294
cqr_rolling,180min_3of18,combined,stuck,2.0,136,136,0,68,68,True,0.04411764705882353,130,6,80.0,90.0,107.79411764705883
cqr_rolling,180min_3of18,combined,dropout,0.5,136,136,0,68,68,True,0.8235294117647058,24,112,40.0,40.0,51.61764705882353
cqr_rolling,180min_3of18,combined,dropout,1.0,136,136,0,68,68,True,0.8235294117647058,24,112,30.0,30.0,43.6764705882353
cqr_rolling,180min_3of18,combined,dropout,2.0,136,136,0,68,68,True,0.8088235294117647,26,110,20.0,20.0,37.05882352941177
cqr_rolling,180min_3of18,combined,bias,0.5,136,136,0,0,68,True,0.15441176470588236,115,21,30.0,80.0,99.55882352941177
cqr_rolling,180min_3of18,combined,bias,1.0,136,136,0,0,68,True,0.3161764705882353,93,43,30.0,46.000000000000085,85.95588235294117
cqr_rolling,180min_3of18,combined,bias,2.0,136,136,0,0,68,True,0.4852941176470588,70,66,30.0,50.0,73.52941176470588
cqr_rolling,180min_3of18,combined,level_shift,0.5,136,136,0,0,68,True,0.19852941176470587,109,27,20.0,80.0,95.0
cqr_rolling,180min_3of18,combined,level_shift,1.0,136,136,0,0,68,True,0.34558823529411764,89,47,20.0,73.99999999999999,81.91176470588235
cqr_rolling,180min_3of18,combined,level_shift,2.0,136,136,0,0,68,True,0.5,68,68,20.0,70.0,69.8529411764706
cqr_rolling,180min_3of18,combined,drift,0.5,136,136,0,0,68,True,0.11764705882352941,120,16,50.0,100.0,104.26470588235294
cqr_rolling,180min_3of18,combined,drift,1.0,136,136,0,0,68,True,0.25735294117647056,101,35,50.0,70.0,94.26470588235294
cqr_rolling,180min_3of18,combined,drift,2.0,136,136,0,0,68,True,0.4411764705882353,76,60,40.0,60.0,80.0
cqr_rolling,180min_3of18,numerical_only,random_missing,0.5,136,58,78,78,46,True,0.043478260869565216,54,4,65.0,80.0,107.93478260869566
cqr_rolling,180min_3of18,numerical_only,random_missing,1.0,136,94,42,52,64,True,0.046875,89,5,50.0,80.0,107.265625
cqr_rolling,180min_3of18,numerical_only,random_missing,2.0,136,127,9,17,67,True,0.04477611940298507,122,5,50.0,78.0,107.76119402985074
cqr_rolling,180min_3of18,numerical_only,block_missing,0.5,136,136,0,71,68,True,0.04411764705882353,130,6,40.0,80.0,107.5
cqr_rolling,180min_3of18,numerical_only,block_missing,1.0,136,136,0,70,68,True,0.04411764705882353,130,6,50.0,80.0,107.6470588235294
cqr_rolling,180min_3of18,numerical_only,block_missing,2.0,136,136,0,68,68,True,0.029411764705882353,132,4,85.0,90.0,109.26470588235294
cqr_rolling,180min_3of18,numerical_only,stuck,0.5,136,136,0,68,68,True,0.04411764705882353,130,6,40.0,80.0,107.20588235294117
cqr_rolling,180min_3of18,numerical_only,stuck,1.0,136,136,0,77,68,True,0.04411764705882353,130,6,20.0,80.0,106.76470588235294
cqr_rolling,180min_3of18,numerical_only,stuck,2.0,136,136,0,68,68,True,0.04411764705882353,130,6,80.0,90.0,107.79411764705883
cqr_rolling,180min_3of18,numerical_only,dropout,0.5,136,136,0,68,68,True,0.8235294117647058,24,112,40.0,40.0,51.61764705882353
cqr_rolling,180min_3of18,numerical_only,dropout,1.0,136,136,0,68,68,True,0.8235294117647058,24,112,30.0,30.0,43.6764705882353
cqr_rolling,180min_3of18,numerical_only,dropout,2.0,136,136,0,68,68,True,0.8088235294117647,26,110,20.0,20.0,37.05882352941177
cqr_rolling,180min_3of18,numerical_only,bias,0.5,136,136,0,0,68,True,0.15441176470588236,115,21,30.0,80.0,99.55882352941177
cqr_rolling,180min_3of18,numerical_only,bias,1.0,136,136,0,0,68,True,0.3161764705882353,93,43,30.0,46.000000000000085,85.95588235294117
cqr_rolling,180min_3of18,numerical_only,bias,2.0,136,136,0,0,68,True,0.4852941176470588,70,66,30.0,50.0,73.52941176470588
cqr_rolling,180min_3of18,numerical_only,level_shift,0.5,136,136,0,0,68,True,0.19852941176470587,109,27,20.0,80.0,95.0
cqr_rolling,180min_3of18,numerical_only,level_shift,1.0,136,136,0,0,68,True,0.34558823529411764,89,47,20.0,73.99999999999999,81.91176470588235
cqr_rolling,180min_3of18,numerical_only,level_shift,2.0,136,136,0,0,68,True,0.5,68,68,20.0,70.0,69.8529411764706
cqr_rolling,180min_3of18,numerical_only,drift,0.5,136,136,0,0,68,True,0.11764705882352941,120,16,50.0,100.0,104.26470588235294
cqr_rolling,180min_3of18,numerical_only,drift,1.0,136,136,0,0,68,True,0.25735294117647056,101,35,50.0,70.0,94.26470588235294
cqr_rolling,180min_3of18,numerical_only,drift,2.0,136,136,0,0,68,True,0.4411764705882353,76,60,40.0,60.0,80.0
cqr_rolling,30min_3of3,availability_only,random_missing,0.5,136,58,78,78,46,True,0.021739130434782608,57,1,20.0,20.0,108.04347826086956
cqr_rolling,30min_3of3,availability_only,random_missing,1.0,136,94,42,52,64,True,0.03125,91,3,50.0,50.0,107.8125
cqr_rolling,30min_3of3,availability_only,random_missing,2.0,136,127,9,17,67,True,0.2537313432835821,96,31,40.0,50.0,91.19402985074628
cqr_rolling,30min_3of3,availability_only,block_missing,0.5,136,136,0,71,68,True,0.0,136,0,,,110.0
cqr_rolling,30min_3of3,availability_only,block_missing,1.0,136,136,0,70,68,True,1.0,0,136,30.0,30.0,30.0
cqr_rolling,30min_3of3,availability_only,block_missing,2.0,136,136,0,68,68,True,1.0,0,136,20.0,20.0,20.0
cqr_rolling,30min_3of3,availability_only,stuck,0.5,136,136,0,68,68,True,0.0,136,0,,,110.0
cqr_rolling,30min_3of3,availability_only,stuck,1.0,136,136,0,77,68,True,0.0,136,0,,,110.0
cqr_rolling,30min_3of3,availability_only,stuck,2.0,136,136,0,68,68,True,0.0,136,0,,,110.0
cqr_rolling,30min_3of3,availability_only,dropout,0.5,136,136,0,68,68,True,0.0,136,0,,,110.0
cqr_rolling,30min_3of3,availability_only,dropout,1.0,136,136,0,68,68,True,0.0,136,0,,,110.0
cqr_rolling,30min_3of3,availability_only,dropout,2.0,136,136,0,68,68,True,0.0,136,0,,,110.0
cqr_rolling,30min_3of3,availability_only,bias,0.5,136,136,0,0,68,True,0.0,136,0,,,110.0
cqr_rolling,30min_3of3,availability_only,bias,1.0,136,136,0,0,68,True,0.0,136,0,,,110.0
cqr_rolling,30min_3of3,availability_only,bias,2.0,136,136,0,0,68,True,0.0,136,0,,,110.0
cqr_rolling,30min_3of3,availability_only,level_shift,0.5,136,136,0,0,68,True,0.0,136,0,,,110.0
cqr_rolling,30min_3of3,availability_only,level_shift,1.0,136,136,0,0,68,True,0.0,136,0,,,110.0
cqr_rolling,30min_3of3,availability_only,level_shift,2.0,136,136,0,0,68,True,0.0,136,0,,,110.0
cqr_rolling,30min_3of3,availability_only,drift,0.5,136,136,0,0,68,True,0.0,136,0,,,110.0
cqr_rolling,30min_3of3,availability_only,drift,1.0,136,136,0,0,68,True,0.0,136,0,,,110.0
cqr_rolling,30min_3of3,availability_only,drift,2.0,136,136,0,0,68,True,0.0,136,0,,,110.0
cqr_rolling,30min_3of3,combined,random_missing,0.5,136,58,78,78,46,True,0.08695652173913043,52,6,50.0,90.0,104.56521739130434
cqr_rolling,30min_3of3,combined,random_missing,1.0,136,94,42,52,64,True,0.0859375,86,8,50.0,90.0,104.921875
cqr_rolling,30min_3of3,combined,random_missing,2.0,136,127,9,17,67,True,0.2835820895522388,93,34,40.0,50.0,89.40298507462687
cqr_rolling,30min_3of3,combined,block_missing,0.5,136,136,0,71,68,True,0.07352941176470588,126,10,40.0,40.0,104.41176470588235
cqr_rolling,30min_3of3,combined,block_missing,1.0,136,136,0,70,68,True,0.9705882352941176,4,132,30.0,30.0,31.91176470588235
cqr_rolling,30min_3of3,combined,block_missing,2.0,136,136,0,68,68,True,0.9558823529411765,6,130,20.0,20.0,23.676470588235293
cqr_rolling,30min_3of3,combined,stuck,0.5,136,136,0,68,68,True,0.04411764705882353,130,6,60.0,90.0,107.6470588235294
cqr_rolling,30min_3of3,combined,stuck,1.0,136,136,0,77,68,True,0.058823529411764705,128,8,40.0,90.0,106.17647058823529
cqr_rolling,30min_3of3,combined,stuck,2.0,136,136,0,68,68,True,0.058823529411764705,128,8,85.0,110.0,107.79411764705883
cqr_rolling,30min_3of3,combined,dropout,0.5,136,136,0,68,68,True,0.9705882352941176,4,132,40.0,40.0,41.61764705882353
cqr_rolling,30min_3of3,combined,dropout,1.0,136,136,0,68,68,True,0.9705882352941176,4,132,30.0,30.0,31.91176470588235
cqr_rolling,30min_3of3,combined,dropout,2.0,136,136,0,68,68,True,0.9558823529411765,6,130,20.0,20.0,23.676470588235293
cqr_rolling,30min_3of3,combined,bias,0.5,136,136,0,0,68,True,0.20588235294117646,108,28,30.0,70.0,95.58823529411765
cqr_rolling,30min_3of3,combined,bias,1.0,136,136,0,0,68,True,0.3897058823529412,83,53,30.0,30.0,80.22058823529412
cqr_rolling,30min_3of3,combined,bias,2.0,136,136,0,0,68,True,0.5294117647058824,64,72,30.0,30.0,69.63235294117646
cqr_rolling,30min_3of3,combined,level_shift,0.5,136,136,0,0,68,True,0.23529411764705882,104,32,20.0,77.00000000000006,91.61764705882354
cqr_rolling,30min_3of3,combined,level_shift,1.0,136,136,0,0,68,True,0.4117647058823529,80,56,20.0,50.0,75.73529411764706
cqr_rolling,30min_3of3,combined,level_shift,2.0,136,136,0,0,68,True,0.5514705882352942,61,75,20.0,80.0,64.55882352941177
cqr_rolling,30min_3of3,combined,drift,0.5,136,136,0,0,68,True,0.11029411764705882,121,15,40.0,102.0,103.97058823529412
cqr_rolling,30min_3of3,combined,drift,1.0,136,136,0,0,68,True,0.3161764705882353,93,43,50.0,80.0,90.58823529411765
cqr_rolling,30min_3of3,combined,drift,2.0,136,136,0,0,68,True,0.5,68,68,40.0,66.00000000000009,76.02941176470588
cqr_rolling,30min_3of3,numerical_only,random_missing,0.5,136,58,78,78,46,True,0.06521739130434782,52,6,70.0,90.0,107.6086956521739
cqr_rolling,30min_3of3,numerical_only,random_missing,1.0,136,94,42,52,64,True,0.078125,88,6,85.0,100.0,107.5
cqr_rolling,30min_3of3,numerical_only,random_missing,2.0,136,127,9,17,67,True,0.06716417910447761,119,8,75.0,83.0,107.38805970149254
cqr_rolling,30min_3of3,numerical_only,block_missing,0.5,136,136,0,71,68,True,0.07352941176470588,126,10,60.0,90.0,106.76470588235294
cqr_rolling,30min_3of3,numerical_only,block_missing,1.0,136,136,0,70,68,True,0.07352941176470588,126,10,60.0,90.0,106.76470588235294
cqr_rolling,30min_3of3,numerical_only,block_missing,2.0,136,136,0,68,68,True,0.058823529411764705,128,8,85.0,110.0,108.82352941176471
cqr_rolling,30min_3of3,numerical_only,stuck,0.5,136,136,0,68,68,True,0.04411764705882353,130,6,60.0,90.0,107.6470588235294
cqr_rolling,30min_3of3,numerical_only,stuck,1.0,136,136,0,77,68,True,0.058823529411764705,128,8,40.0,90.0,106.17647058823529
cqr_rolling,30min_3of3,numerical_only,stuck,2.0,136,136,0,68,68,True,0.058823529411764705,128,8,85.0,110.0,107.79411764705883
cqr_rolling,30min_3of3,numerical_only,dropout,0.5,136,136,0,68,68,True,0.9705882352941176,4,132,40.0,40.0,41.61764705882353
cqr_rolling,30min_3of3,numerical_only,dropout,1.0,136,136,0,68,68,True,0.9705882352941176,4,132,30.0,30.0,31.91176470588235
cqr_rolling,30min_3of3,numerical_only,dropout,2.0,136,136,0,68,68,True,0.9558823529411765,6,130,20.0,20.0,23.676470588235293
cqr_rolling,30min_3of3,numerical_only,bias,0.5,136,136,0,0,68,True,0.20588235294117646,108,28,30.0,70.0,95.58823529411765
cqr_rolling,30min_3of3,numerical_only,bias,1.0,136,136,0,0,68,True,0.3897058823529412,83,53,30.0,30.0,80.22058823529412
cqr_rolling,30min_3of3,numerical_only,bias,2.0,136,136,0,0,68,True,0.5294117647058824,64,72,30.0,30.0,69.63235294117646
cqr_rolling,30min_3of3,numerical_only,level_shift,0.5,136,136,0,0,68,True,0.23529411764705882,104,32,20.0,77.00000000000006,91.61764705882354
cqr_rolling,30min_3of3,numerical_only,level_shift,1.0,136,136,0,0,68,True,0.4117647058823529,80,56,20.0,50.0,75.73529411764706
cqr_rolling,30min_3of3,numerical_only,level_shift,2.0,136,136,0,0,68,True,0.5514705882352942,61,75,20.0,80.0,64.55882352941177
cqr_rolling,30min_3of3,numerical_only,drift,0.5,136,136,0,0,68,True,0.11029411764705882,121,15,40.0,102.0,103.97058823529412
cqr_rolling,30min_3of3,numerical_only,drift,1.0,136,136,0,0,68,True,0.3161764705882353,93,43,50.0,80.0,90.58823529411765
cqr_rolling,30min_3of3,numerical_only,drift,2.0,136,136,0,0,68,True,0.5,68,68,40.0,66.00000000000009,76.02941176470588
cqr_rolling,360min_4of36,availability_only,random_missing,0.5,136,58,78,78,46,True,0.021739130434782608,57,1,40.0,40.0,108.47826086956522
cqr_rolling,360min_4of36,availability_only,random_missing,1.0,136,94,42,52,64,True,0.0234375,92,2,50.0,50.0,108.59375
cqr_rolling,360min_4of36,availability_only,random_missing,2.0,136,127,9,17,67,True,0.26865671641791045,94,33,50.0,50.0,92.61194029850746
cqr_rolling,360min_4of36,availability_only,block_missing,0.5,136,136,0,71,68,True,0.0,136,0,,,110.0
cqr_rolling,360min_4of36,availability_only,block_missing,1.0,136,136,0,70,68,True,0.0,136,0,,,110.0
cqr_rolling,360min_4of36,availability_only,block_missing,2.0,136,136,0,68,68,True,1.0,0,136,30.0,30.0,30.0
cqr_rolling,360min_4of36,availability_only,stuck,0.5,136,136,0,68,68,True,0.0,136,0,,,110.0
cqr_rolling,360min_4of36,availability_only,stuck,1.0,136,136,0,77,68,True,0.0,136,0,,,110.0
cqr_rolling,360min_4of36,availability_only,stuck,2.0,136,136,0,68,68,True,0.0,136,0,,,110.0
cqr_rolling,360min_4of36,availability_only,dropout,0.5,136,136,0,68,68,True,0.0,136,0,,,110.0
cqr_rolling,360min_4of36,availability_only,dropout,1.0,136,136,0,68,68,True,0.0,136,0,,,110.0
cqr_rolling,360min_4of36,availability_only,dropout,2.0,136,136,0,68,68,True,0.0,136,0,,,110.0
cqr_rolling,360min_4of36,availability_only,bias,0.5,136,136,0,0,68,True,0.0,136,0,,,110.0
cqr_rolling,360min_4of36,availability_only,bias,1.0,136,136,0,0,68,True,0.0,136,0,,,110.0
cqr_rolling,360min_4of36,availability_only,bias,2.0,136,136,0,0,68,True,0.0,136,0,,,110.0
cqr_rolling,360min_4of36,availability_only,level_shift,0.5,136,136,0,0,68,True,0.0,136,0,,,110.0
cqr_rolling,360min_4of36,availability_only,level_shift,1.0,136,136,0,0,68,True,0.0,136,0,,,110.0
cqr_rolling,360min_4of36,availability_only,level_shift,2.0,136,136,0,0,68,True,0.0,136,0,,,110.0
cqr_rolling,360min_4of36,availability_only,drift,0.5,136,136,0,0,68,True,0.0,136,0,,,110.0
cqr_rolling,360min_4of36,availability_only,drift,1.0,136,136,0,0,68,True,0.0,136,0,,,110.0
cqr_rolling,360min_4of36,availability_only,drift,2.0,136,136,0,0,68,True,0.0,136,0,,,110.0
cqr_rolling,360min_4of36,combined,random_missing,0.5,136,58,78,78,46,True,0.06521739130434782,54,4,40.0,68.0,106.30434782608695
cqr_rolling,360min_4of36,combined,random_missing,1.0,136,94,42,52,64,True,0.0625,88,6,45.0,50.0,105.859375
cqr_rolling,360min_4of36,combined,random_missing,2.0,136,127,9,17,67,True,0.17164179104477612,105,22,40.0,50.0,98.43283582089552
cqr_rolling,360min_4of36,combined,block_missing,0.5,136,136,0,71,68,True,0.058823529411764705,128,8,55.0,110.0,107.20588235294117
cqr_rolling,360min_4of36,combined,block_missing,1.0,136,136,0,70,68,True,0.08823529411764706,124,12,40.0,97.00000000000001,104.70588235294117
cqr_rolling,360min_4of36,combined,block_missing,2.0,136,136,0,68,68,True,0.5882352941176471,56,80,30.0,30.0,62.64705882352941
cqr_rolling,360min_4of36,combined,stuck,0.5,136,136,0,68,68,True,0.029411764705882353,132,4,40.0,50.0,107.94117647058823
cqr_rolling,360min_4of36,combined,stuck,1.0,136,136,0,77,68,True,0.029411764705882353,132,4,25.0,30.0,107.5
cqr_rolling,360min_4of36,combined,stuck,2.0,136,136,0,68,68,True,0.029411764705882353,132,4,55.0,90.0,108.38235294117646
cqr_rolling,360min_4of36,combined,dropout,0.5,136,136,0,68,68,True,0.08823529411764706,124,12,40.0,79.0,104.55882352941177
cqr_rolling,360min_4of36,combined,dropout,1.0,136,136,0,68,68,True,0.5882352941176471,56,80,40.0,40.0,68.23529411764706
cqr_rolling,360min_4of36,combined,dropout,2.0,136,136,0,68,68,True,0.5882352941176471,56,80,30.0,30.0,62.64705882352941
cqr_rolling,360min_4of36,combined,bias,0.5,136,136,0,0,68,True,0.10294117647058823,122,14,40.0,91.00000000000003,103.8970588235294
cqr_rolling,360min_4of36,combined,bias,1.0,136,136,0,0,68,True,0.21323529411764705,107,29,40.0,45.99999999999998,95.51470588235294
cqr_rolling,360min_4of36,combined,bias,2.0,136,136,0,0,68,True,0.3235294117647059,92,44,40.0,57.00000000000003,88.52941176470588
cqr_rolling,360min_4of36,combined,level_shift,0.5,136,136,0,0,68,True,0.125,119,17,30.0,50.0,100.88235294117646
cqr_rolling,360min_4of36,combined,level_shift,1.0,136,136,0,0,68,True,0.19852941176470587,109,27,30.0,30.0,94.77941176470588
cqr_rolling,360min_4of36,combined,level_shift,2.0,136,136,0,0,68,True,0.34558823529411764,89,47,30.0,73.99999999999999,85.1470588235294
cqr_rolling,360min_4of36,combined,drift,0.5,136,136,0,0,68,True,0.051470588235294115,129,7,50.0,98.0,107.42647058823529
cqr_rolling,360min_4of36,combined,drift,1.0,136,136,0,0,68,True,0.11764705882352941,120,16,50.0,95.0,103.82352941176471
cqr_rolling,360min_4of36,combined,drift,2.0,136,136,0,0,68,True,0.27941176470588236,98,38,50.0,63.00000000000004,93.08823529411765
cqr_rolling,360min_4of36,numerical_only,random_missing,0.5,136,58,78,78,46,True,0.021739130434782608,56,2,55.0,59.0,108.80434782608695
cqr_rolling,360min_4of36,numerical_only,random_missing,1.0,136,94,42,52,64,True,0.03125,91,3,60.0,84.0,108.59375
cqr_rolling,360min_4of36,numerical_only,random_missing,2.0,136,127,9,17,67,True,0.029850746268656716,123,4,70.0,84.0,108.88059701492537
cqr_rolling,360min_4of36,numerical_only,block_missing,0.5,136,136,0,71,68,True,0.029411764705882353,132,4,50.0,50.0,108.23529411764706
cqr_rolling,360min_4of36,numerical_only,block_missing,1.0,136,136,0,70,68,True,0.029411764705882353,132,4,55.0,60.0,108.38235294117646
cqr_rolling,360min_4of36,numerical_only,block_missing,2.0,136,136,0,68,68,True,0.014705882352941176,134,2,90.0,90.0,109.70588235294117
cqr_rolling,360min_4of36,numerical_only,stuck,0.5,136,136,0,68,68,True,0.029411764705882353,132,4,40.0,50.0,107.94117647058823
cqr_rolling,360min_4of36,numerical_only,stuck,1.0,136,136,0,77,68,True,0.029411764705882353,132,4,25.0,30.0,107.5
cqr_rolling,360min_4of36,numerical_only,stuck,2.0,136,136,0,68,68,True,0.029411764705882353,132,4,55.0,90.0,108.38235294117646
cqr_rolling,360min_4of36,numerical_only,dropout,0.5,136,136,0,68,68,True,0.08823529411764706,124,12,40.0,79.0,104.55882352941177
cqr_rolling,360min_4of36,numerical_only,dropout,1.0,136,136,0,68,68,True,0.5882352941176471,56,80,40.0,40.0,68.23529411764706
cqr_rolling,360min_4of36,numerical_only,dropout,2.0,136,136,0,68,68,True,0.5882352941176471,56,80,30.0,30.0,62.64705882352941
cqr_rolling,360min_4of36,numerical_only,bias,0.5,136,136,0,0,68,True,0.10294117647058823,122,14,40.0,91.00000000000003,103.8970588235294
cqr_rolling,360min_4of36,numerical_only,bias,1.0,136,136,0,0,68,True,0.21323529411764705,107,29,40.0,45.99999999999998,95.51470588235294
cqr_rolling,360min_4of36,numerical_only,bias,2.0,136,136,0,0,68,True,0.3235294117647059,92,44,40.0,57.00000000000003,88.52941176470588
cqr_rolling,360min_4of36,numerical_only,level_shift,0.5,136,136,0,0,68,True,0.125,119,17,30.0,50.0,100.88235294117646
cqr_rolling,360min_4of36,numerical_only,level_shift,1.0,136,136,0,0,68,True,0.19852941176470587,109,27,30.0,30.0,94.77941176470588
cqr_rolling,360min_4of36,numerical_only,level_shift,2.0,136,136,0,0,68,True,0.34558823529411764,89,47,30.0,73.99999999999999,85.1470588235294
cqr_rolling,360min_4of36,numerical_only,drift,0.5,136,136,0,0,68,True,0.051470588235294115,129,7,50.0,98.0,107.42647058823529
cqr_rolling,360min_4of36,numerical_only,drift,1.0,136,136,0,0,68,True,0.11764705882352941,120,16,50.0,95.0,103.82352941176471
cqr_rolling,360min_4of36,numerical_only,drift,2.0,136,136,0,0,68,True,0.27941176470588236,98,38,50.0,63.00000000000004,93.08823529411765
cqr_rolling,60min_4of6,availability_only,random_missing,0.5,136,58,78,78,46,True,0.021739130434782608,57,1,40.0,40.0,108.47826086956522
cqr_rolling,60min_4of6,availability_only,random_missing,1.0,136,94,42,52,64,True,0.0234375,92,2,50.0,50.0,108.59375
cqr_rolling,60min_4of6,availability_only,random_missing,2.0,136,127,9,17,67,True,0.26865671641791045,94,33,50.0,50.0,92.61194029850746
cqr_rolling,60min_4of6,availability_only,block_missing,0.5,136,136,0,71,68,True,0.0,136,0,,,110.0
cqr_rolling,60min_4of6,availability_only,block_missing,1.0,136,136,0,70,68,True,0.0,136,0,,,110.0
cqr_rolling,60min_4of6,availability_only,block_missing,2.0,136,136,0,68,68,True,1.0,0,136,30.0,30.0,30.0
cqr_rolling,60min_4of6,availability_only,stuck,0.5,136,136,0,68,68,True,0.0,136,0,,,110.0
cqr_rolling,60min_4of6,availability_only,stuck,1.0,136,136,0,77,68,True,0.0,136,0,,,110.0
cqr_rolling,60min_4of6,availability_only,stuck,2.0,136,136,0,68,68,True,0.0,136,0,,,110.0
cqr_rolling,60min_4of6,availability_only,dropout,0.5,136,136,0,68,68,True,0.0,136,0,,,110.0
cqr_rolling,60min_4of6,availability_only,dropout,1.0,136,136,0,68,68,True,0.0,136,0,,,110.0
cqr_rolling,60min_4of6,availability_only,dropout,2.0,136,136,0,68,68,True,0.0,136,0,,,110.0
cqr_rolling,60min_4of6,availability_only,bias,0.5,136,136,0,0,68,True,0.0,136,0,,,110.0
cqr_rolling,60min_4of6,availability_only,bias,1.0,136,136,0,0,68,True,0.0,136,0,,,110.0
cqr_rolling,60min_4of6,availability_only,bias,2.0,136,136,0,0,68,True,0.0,136,0,,,110.0
cqr_rolling,60min_4of6,availability_only,level_shift,0.5,136,136,0,0,68,True,0.0,136,0,,,110.0
cqr_rolling,60min_4of6,availability_only,level_shift,1.0,136,136,0,0,68,True,0.0,136,0,,,110.0
cqr_rolling,60min_4of6,availability_only,level_shift,2.0,136,136,0,0,68,True,0.0,136,0,,,110.0
cqr_rolling,60min_4of6,availability_only,drift,0.5,136,136,0,0,68,True,0.0,136,0,,,110.0
cqr_rolling,60min_4of6,availability_only,drift,1.0,136,136,0,0,68,True,0.0,136,0,,,110.0
cqr_rolling,60min_4of6,availability_only,drift,2.0,136,136,0,0,68,True,0.0,136,0,,,110.0
cqr_rolling,60min_4of6,combined,random_missing,0.5,136,58,78,78,46,True,0.06521739130434782,53,5,40.0,90.0,106.52173913043478
cqr_rolling,60min_4of6,combined,random_missing,1.0,136,94,42,52,64,True,0.0859375,86,8,50.0,90.0,105.078125
cqr_rolling,60min_4of6,combined,random_missing,2.0,136,127,9,17,67,True,0.31343283582089554,89,38,40.0,50.0,90.14925373134328
cqr_rolling,60min_4of6,combined,block_missing,0.5,136,136,0,71,68,True,0.058823529411764705,128,8,40.0,70.0,106.17647058823529
cqr_rolling,60min_4of6,combined,block_missing,1.0,136,136,0,70,68,True,0.07352941176470588,126,10,40.0,50.0,104.55882352941177
cqr_rolling,60min_4of6,combined,block_missing,2.0,136,136,0,68,68,True,0.9264705882352942,10,126,30.0,30.0,35.73529411764706
cqr_rolling,60min_4of6,combined,stuck,0.5,136,136,0,68,68,True,0.04411764705882353,130,6,70.0,90.0,107.94117647058823
cqr_rolling,60min_4of6,combined,stuck,1.0,136,136,0,77,68,True,0.058823529411764705,128,8,50.0,90.0,106.61764705882354
cqr_rolling,60min_4of6,combined,stuck,2.0,136,136,0,68,68,True,0.058823529411764705,128,8,95.0,100.0,108.08823529411765
cqr_rolling,60min_4of6,combined,dropout,0.5,136,136,0,68,68,True,0.1323529411764706,118,18,50.0,82.00000000000003,102.6470588235294
cqr_rolling,60min_4of6,combined,dropout,1.0,136,136,0,68,68,True,0.9264705882352942,10,126,40.0,40.0,44.705882352941174
cqr_rolling,60min_4of6,combined,dropout,2.0,136,136,0,68,68,True,0.9264705882352942,10,126,30.0,30.0,35.73529411764706
cqr_rolling,60min_4of6,combined,bias,0.5,136,136,0,0,68,True,0.13970588235294118,117,19,40.0,82.0,101.1029411764706
cqr_rolling,60min_4of6,combined,bias,1.0,136,136,0,0,68,True,0.34558823529411764,89,47,40.0,40.0,86.98529411764706
cqr_rolling,60min_4of6,combined,bias,2.0,136,136,0,0,68,True,0.49264705882352944,69,67,40.0,50.0,77.5
cqr_rolling,60min_4of6,combined,level_shift,0.5,136,136,0,0,68,True,0.21323529411764705,107,29,30.0,57.99999999999997,95.1470588235294
cqr_rolling,60min_4of6,combined,level_shift,1.0,136,136,0,0,68,True,0.36764705882352944,86,50,30.0,31.000000000000014,82.5
cqr_rolling,60min_4of6,combined,level_shift,2.0,136,136,0,0,68,True,0.5,68,68,30.0,40.0,72.79411764705883
cqr_rolling,60min_4of6,combined,drift,0.5,136,136,0,0,68,True,0.07352941176470588,126,10,50.0,100.0,106.25
cqr_rolling,60min_4of6,combined,drift,1.0,136,136,0,0,68,True,0.16176470588235295,114,22,50.0,90.0,100.95588235294117
cqr_rolling,60min_4of6,combined,drift,2.0,136,136,0,0,68,True,0.41911764705882354,79,57,50.0,53.999999999999986,84.77941176470588
cqr_rolling,60min_4of6,numerical_only,random_missing,0.5,136,58,78,78,46,True,0.043478260869565216,54,4,75.0,90.0,108.3695652173913
cqr_rolling,60min_4of6,numerical_only,random_missing,1.0,136,94,42,52,64,True,0.046875,90,4,85.0,90.0,108.59375
cqr_rolling,60min_4of6,numerical_only,random_missing,2.0,136,127,9,17,67,True,0.05970149253731343,120,7,80.0,94.0,108.35820895522389
cqr_rolling,60min_4of6,numerical_only,block_missing,0.5,136,136,0,71,68,True,0.04411764705882353,130,6,70.0,90.0,108.23529411764706
cqr_rolling,60min_4of6,numerical_only,block_missing,1.0,136,136,0,70,68,True,0.07352941176470588,126,10,70.0,90.0,107.3529411764706
cqr_rolling,60min_4of6,numerical_only,block_missing,2.0,136,136,0,68,68,True,0.058823529411764705,128,8,95.0,100.0,109.11764705882354
cqr_rolling,60min_4of6,numerical_only,stuck,0.5,136,136,0,68,68,True,0.04411764705882353,130,6,70.0,90.0,107.94117647058823
cqr_rolling,60min_4of6,numerical_only,stuck,1.0,136,136,0,77,68,True,0.058823529411764705,128,8,50.0,90.0,106.61764705882354
cqr_rolling,60min_4of6,numerical_only,stuck,2.0,136,136,0,68,68,True,0.058823529411764705,128,8,95.0,100.0,108.08823529411765
cqr_rolling,60min_4of6,numerical_only,dropout,0.5,136,136,0,68,68,True,0.1323529411764706,118,18,50.0,82.00000000000003,102.6470588235294
cqr_rolling,60min_4of6,numerical_only,dropout,1.0,136,136,0,68,68,True,0.9264705882352942,10,126,40.0,40.0,44.705882352941174
cqr_rolling,60min_4of6,numerical_only,dropout,2.0,136,136,0,68,68,True,0.9264705882352942,10,126,30.0,30.0,35.73529411764706
cqr_rolling,60min_4of6,numerical_only,bias,0.5,136,136,0,0,68,True,0.13970588235294118,117,19,40.0,82.0,101.1029411764706
cqr_rolling,60min_4of6,numerical_only,bias,1.0,136,136,0,0,68,True,0.34558823529411764,89,47,40.0,40.0,86.98529411764706
cqr_rolling,60min_4of6,numerical_only,bias,2.0,136,136,0,0,68,True,0.49264705882352944,69,67,40.0,50.0,77.5
cqr_rolling,60min_4of6,numerical_only,level_shift,0.5,136,136,0,0,68,True,0.21323529411764705,107,29,30.0,57.99999999999997,95.1470588235294
cqr_rolling,60min_4of6,numerical_only,level_shift,1.0,136,136,0,0,68,True,0.36764705882352944,86,50,30.0,31.000000000000014,82.5
cqr_rolling,60min_4of6,numerical_only,level_shift,2.0,136,136,0,0,68,True,0.5,68,68,30.0,40.0,72.79411764705883
cqr_rolling,60min_4of6,numerical_only,drift,0.5,136,136,0,0,68,True,0.07352941176470588,126,10,50.0,100.0,106.25
cqr_rolling,60min_4of6,numerical_only,drift,1.0,136,136,0,0,68,True,0.16176470588235295,114,22,50.0,90.0,100.95588235294117
cqr_rolling,60min_4of6,numerical_only,drift,2.0,136,136,0,0,68,True,0.41911764705882354,79,57,50.0,53.999999999999986,84.77941176470588
cqr_rolling,single_sample,availability_only,random_missing,0.5,136,58,78,78,46,True,1.0,0,58,15.0,50.0,17.5
cqr_rolling,single_sample,availability_only,random_missing,1.0,136,94,42,52,64,True,1.0,0,94,20.0,47.00000000000003,20.234375
cqr_rolling,single_sample,availability_only,random_missing,2.0,136,127,9,17,67,True,1.0,0,127,10.0,30.0,10.671641791044776
cqr_rolling,single_sample,availability_only,block_missing,0.5,136,136,0,71,68,True,1.0,0,136,20.0,20.0,20.0
cqr_rolling,single_sample,availability_only,block_missing,1.0,136,136,0,70,68,True,1.0,0,136,10.0,10.0,10.0
cqr_rolling,single_sample,availability_only,block_missing,2.0,136,136,0,68,68,True,1.0,0,136,0.0,0.0,0.0
cqr_rolling,single_sample,availability_only,stuck,0.5,136,136,0,68,68,True,0.0,136,0,,,110.0
cqr_rolling,single_sample,availability_only,stuck,1.0,136,136,0,77,68,True,0.0,136,0,,,110.0
cqr_rolling,single_sample,availability_only,stuck,2.0,136,136,0,68,68,True,0.0,136,0,,,110.0
cqr_rolling,single_sample,availability_only,dropout,0.5,136,136,0,68,68,True,0.0,136,0,,,110.0
cqr_rolling,single_sample,availability_only,dropout,1.0,136,136,0,68,68,True,0.0,136,0,,,110.0
cqr_rolling,single_sample,availability_only,dropout,2.0,136,136,0,68,68,True,0.0,136,0,,,110.0
cqr_rolling,single_sample,availability_only,bias,0.5,136,136,0,0,68,True,0.0,136,0,,,110.0
cqr_rolling,single_sample,availability_only,bias,1.0,136,136,0,0,68,True,0.0,136,0,,,110.0
cqr_rolling,single_sample,availability_only,bias,2.0,136,136,0,0,68,True,0.0,136,0,,,110.0
cqr_rolling,single_sample,availability_only,level_shift,0.5,136,136,0,0,68,True,0.0,136,0,,,110.0
cqr_rolling,single_sample,availability_only,level_shift,1.0,136,136,0,0,68,True,0.0,136,0,,,110.0
cqr_rolling,single_sample,availability_only,level_shift,2.0,136,136,0,0,68,True,0.0,136,0,,,110.0
cqr_rolling,single_sample,availability_only,drift,0.5,136,136,0,0,68,True,0.0,136,0,,,110.0
cqr_rolling,single_sample,availability_only,drift,1.0,136,136,0,0,68,True,0.0,136,0,,,110.0
cqr_rolling,single_sample,availability_only,drift,2.0,136,136,0,0,68,True,0.0,136,0,,,110.0
cqr_rolling,single_sample,combined,random_missing,0.5,136,58,78,78,46,True,0.9565217391304348,3,55,10.0,50.0,21.52173913043478
cqr_rolling,single_sample,combined,random_missing,1.0,136,94,42,52,64,True,0.96875,2,92,15.0,49.00000000000006,22.96875
cqr_rolling,single_sample,combined,random_missing,2.0,136,127,9,17,67,True,0.9701492537313433,4,123,10.0,30.0,14.253731343283581
cqr_rolling,single_sample,combined,block_missing,0.5,136,136,0,71,68,True,0.9705882352941176,4,132,20.0,20.0,22.205882352941178
cqr_rolling,single_sample,combined,block_missing,1.0,136,136,0,70,68,True,0.9705882352941176,4,132,10.0,10.0,13.970588235294118
cqr_rolling,single_sample,combined,block_missing,2.0,136,136,0,68,68,True,0.9411764705882353,8,128,0.0,0.0,7.794117647058823
cqr_rolling,single_sample,combined,stuck,0.5,136,136,0,68,68,True,0.10294117647058823,122,14,40.0,91.00000000000003,103.08823529411765
cqr_rolling,single_sample,combined,stuck,1.0,136,136,0,77,68,True,0.10294117647058823,122,14,50.0,97.00000000000001,104.41176470588235
cqr_rolling,single_sample,combined,stuck,2.0,136,136,0,68,68,True,0.14705882352941177,116,20,65.0,100.0,104.55882352941177
cqr_rolling,single_sample,combined,dropout,0.5,136,136,0,68,68,True,0.9705882352941176,4,132,20.0,20.0,22.205882352941178
cqr_rolling,single_sample,combined,dropout,1.0,136,136,0,68,68,True,0.9705882352941176,4,132,10.0,10.0,13.676470588235293
cqr_rolling,single_sample,combined,dropout,2.0,136,136,0,68,68,True,0.9264705882352942,10,126,0.0,0.0,8.088235294117647
cqr_rolling,single_sample,combined,bias,0.5,136,136,0,0,68,True,0.38235294117647056,84,52,10.0,50.0,77.42647058823529
cqr_rolling,single_sample,combined,bias,1.0,136,136,0,0,68,True,0.5882352941176471,56,80,10.0,50.0,56.98529411764706
cqr_rolling,single_sample,combined,bias,2.0,136,136,0,0,68,True,0.8602941176470589,19,117,10.0,50.0,34.044117647058826
cqr_rolling,single_sample,combined,level_shift,0.5,136,136,0,0,68,True,0.4117647058823529,80,56,0.0,60.0,72.3529411764706
cqr_rolling,single_sample,combined,level_shift,1.0,136,136,0,0,68,True,0.6102941176470589,53,83,0.0,60.0,51.470588235294116
cqr_rolling,single_sample,combined,level_shift,2.0,136,136,0,0,68,True,0.9191176470588235,11,125,0.0,60.0,28.16176470588235
cqr_rolling,single_sample,combined,drift,0.5,136,136,0,0,68,True,0.3602941176470588,87,49,40.0,70.0,85.88235294117646
cqr_rolling,single_sample,combined,drift,1.0,136,136,0,0,68,True,0.5882352941176471,56,80,30.0,60.0,68.08823529411765
cqr_rolling,single_sample,combined,drift,2.0,136,136,0,0,68,True,0.9117647058823529,12,124,30.0,60.0,42.94117647058823
cqr_rolling,single_sample,numerical_only,random_missing,0.5,136,58,78,78,46,True,0.15217391304347827,47,11,40.0,100.0,99.45652173913044
cqr_rolling,single_sample,numerical_only,random_missing,1.0,136,94,42,52,64,True,0.1484375,81,13,30.0,64.00000000000003,98.828125
cqr_rolling,single_sample,numerical_only,random_missing,2.0,136,127,9,17,67,True,0.13432835820895522,111,16,35.0,70.0,100.97014925373135
cqr_rolling,single_sample,numerical_only,block_missing,0.5,136,136,0,71,68,True,0.1323529411764706,118,18,40.0,79.00000000000003,101.02941176470588
cqr_rolling,single_sample,numerical_only,block_missing,1.0,136,136,0,70,68,True,0.1323529411764706,118,18,40.0,79.00000000000003,101.61764705882354
cqr_rolling,single_sample,numerical_only,block_missing,2.0,136,136,0,68,68,True,0.17647058823529413,112,24,60.0,100.0,103.08823529411765
cqr_rolling,single_sample,numerical_only,stuck,0.5,136,136,0,68,68,True,0.10294117647058823,122,14,40.0,91.00000000000003,103.08823529411765
cqr_rolling,single_sample,numerical_only,stuck,1.0,136,136,0,77,68,True,0.10294117647058823,122,14,50.0,97.00000000000001,104.41176470588235
cqr_rolling,single_sample,numerical_only,stuck,2.0,136,136,0,68,68,True,0.14705882352941177,116,20,65.0,100.0,104.55882352941177
cqr_rolling,single_sample,numerical_only,dropout,0.5,136,136,0,68,68,True,0.9705882352941176,4,132,20.0,20.0,22.205882352941178
cqr_rolling,single_sample,numerical_only,dropout,1.0,136,136,0,68,68,True,0.9705882352941176,4,132,10.0,10.0,13.676470588235293
cqr_rolling,single_sample,numerical_only,dropout,2.0,136,136,0,68,68,True,0.9264705882352942,10,126,0.0,0.0,8.088235294117647
cqr_rolling,single_sample,numerical_only,bias,0.5,136,136,0,0,68,True,0.38235294117647056,84,52,10.0,50.0,77.42647058823529
cqr_rolling,single_sample,numerical_only,bias,1.0,136,136,0,0,68,True,0.5882352941176471,56,80,10.0,50.0,56.98529411764706
cqr_rolling,single_sample,numerical_only,bias,2.0,136,136,0,0,68,True,0.8602941176470589,19,117,10.0,50.0,34.044117647058826
cqr_rolling,single_sample,numerical_only,level_shift,0.5,136,136,0,0,68,True,0.4117647058823529,80,56,0.0,60.0,72.3529411764706
cqr_rolling,single_sample,numerical_only,level_shift,1.0,136,136,0,0,68,True,0.6102941176470589,53,83,0.0,60.0,51.470588235294116
cqr_rolling,single_sample,numerical_only,level_shift,2.0,136,136,0,0,68,True,0.9191176470588235,11,125,0.0,60.0,28.16176470588235
cqr_rolling,single_sample,numerical_only,drift,0.5,136,136,0,0,68,True,0.3602941176470588,87,49,40.0,70.0,85.88235294117646
cqr_rolling,single_sample,numerical_only,drift,1.0,136,136,0,0,68,True,0.5882352941176471,56,80,30.0,60.0,68.08823529411765
cqr_rolling,single_sample,numerical_only,drift,2.0,136,136,0,0,68,True,0.9117647058823529,12,124,30.0,60.0,42.94117647058823
cqr_static,180min_3of18,availability_only,random_missing,0.5,136,58,78,78,46,True,0.07608695652173914,54,4,35.0,47.0,104.23913043478261
cqr_static,180min_3of18,availability_only,random_missing,1.0,136,94,42,52,64,True,0.09375,84,10,45.0,50.0,103.75
cqr_static,180min_3of18,availability_only,random_missing,2.0,136,127,9,17,67,True,0.5597014925373134,56,71,40.0,50.0,69.1044776119403
cqr_static,180min_3of18,availability_only,block_missing,0.5,136,136,0,71,68,True,0.0,136,0,,,110.0
cqr_static,180min_3of18,availability_only,block_missing,1.0,136,136,0,70,68,True,1.0,0,136,30.0,30.0,30.0
cqr_static,180min_3of18,availability_only,block_missing,2.0,136,136,0,68,68,True,1.0,0,136,20.0,20.0,20.0
cqr_static,180min_3of18,availability_only,stuck,0.5,136,136,0,68,68,True,0.0,136,0,,,110.0
cqr_static,180min_3of18,availability_only,stuck,1.0,136,136,0,77,68,True,0.0,136,0,,,110.0
cqr_static,180min_3of18,availability_only,stuck,2.0,136,136,0,68,68,True,0.0,136,0,,,110.0
cqr_static,180min_3of18,availability_only,dropout,0.5,136,136,0,68,68,True,0.0,136,0,,,110.0
cqr_static,180min_3of18,availability_only,dropout,1.0,136,136,0,68,68,True,0.0,136,0,,,110.0
cqr_static,180min_3of18,availability_only,dropout,2.0,136,136,0,68,68,True,0.0,136,0,,,110.0
cqr_static,180min_3of18,availability_only,bias,0.5,136,136,0,0,68,True,0.0,136,0,,,110.0
cqr_static,180min_3of18,availability_only,bias,1.0,136,136,0,0,68,True,0.0,136,0,,,110.0
cqr_static,180min_3of18,availability_only,bias,2.0,136,136,0,0,68,True,0.0,136,0,,,110.0
cqr_static,180min_3of18,availability_only,level_shift,0.5,136,136,0,0,68,True,0.0,136,0,,,110.0
cqr_static,180min_3of18,availability_only,level_shift,1.0,136,136,0,0,68,True,0.0,136,0,,,110.0
cqr_static,180min_3of18,availability_only,level_shift,2.0,136,136,0,0,68,True,0.0,136,0,,,110.0
cqr_static,180min_3of18,availability_only,drift,0.5,136,136,0,0,68,True,0.0,136,0,,,110.0
cqr_static,180min_3of18,availability_only,drift,1.0,136,136,0,0,68,True,0.0,136,0,,,110.0
cqr_static,180min_3of18,availability_only,drift,2.0,136,136,0,0,68,True,0.0,136,0,,,110.0
cqr_static,180min_3of18,combined,random_missing,0.5,136,58,78,78,46,True,0.09782608695652174,53,5,70.0,88.0,105.1086956521739
cqr_static,180min_3of18,combined,random_missing,1.0,136,94,42,52,64,True,0.109375,83,11,60.0,100.0,104.84375
cqr_static,180min_3of18,combined,random_missing,2.0,136,127,9,17,67,True,0.20149253731343283,103,24,35.0,56.99999999999999,95.5223880597015
cqr_static,180min_3of18,combined,block_missing,0.5,136,136,0,71,68,True,0.10294117647058823,122,14,40.0,100.0,104.11764705882354
cqr_static,180min_3of18,combined,block_missing,1.0,136,136,0,70,68,True,0.2647058823529412,100,36,30.0,30.0,88.23529411764706
cqr_static,180min_3of18,combined,block_missing,2.0,136,136,0,68,68,True,0.2647058823529412,100,36,20.0,20.0,85.73529411764706
cqr_static,180min_3of18,combined,stuck,0.5,136,136,0,68,68,True,0.058823529411764705,128,8,80.0,110.0,107.5
cqr_static,180min_3of18,combined,stuck,1.0,136,136,0,77,68,True,0.07352941176470588,126,10,80.0,110.0,107.3529411764706
cqr_static,180min_3of18,combined,stuck,2.0,136,136,0,68,68,True,0.04411764705882353,130,6,80.0,110.0,109.11764705882354
cqr_static,180min_3of18,combined,dropout,0.5,136,136,0,68,68,True,0.27941176470588236,98,38,40.0,40.0,89.41176470588235
cqr_static,180min_3of18,combined,dropout,1.0,136,136,0,68,68,True,0.2647058823529412,100,36,30.0,30.0,88.23529411764706
cqr_static,180min_3of18,combined,dropout,2.0,136,136,0,68,68,True,0.2647058823529412,100,36,20.0,20.0,85.73529411764706
cqr_static,180min_3of18,combined,bias,0.5,136,136,0,0,68,True,0.08088235294117647,125,11,30.0,80.0,104.63235294117646
cqr_static,180min_3of18,combined,bias,1.0,136,136,0,0,68,True,0.15441176470588236,115,21,30.0,60.0,98.97058823529412
cqr_static,180min_3of18,combined,bias,2.0,136,136,0,0,68,True,0.2647058823529412,100,36,30.0,50.0,89.11764705882354
cqr_static,180min_3of18,combined,level_shift,0.5,136,136,0,0,68,True,0.08088235294117647,125,11,20.0,100.0,104.8529411764706
cqr_static,180min_3of18,combined,level_shift,1.0,136,136,0,0,68,True,0.19117647058823528,110,26,30.0,75.0,96.91176470588235
cqr_static,180min_3of18,combined,level_shift,2.0,136,136,0,0,68,True,0.2647058823529412,100,36,20.0,60.0,88.45588235294117
cqr_static,180min_3of18,combined,drift,0.5,136,136,0,0,68,True,0.08823529411764706,124,12,55.0,109.0,105.44117647058823
cqr_static,180min_3of18,combined,drift,1.0,136,136,0,0,68,True,0.13970588235294118,117,19,40.0,80.0,100.73529411764706
cqr_static,180min_3of18,combined,drift,2.0,136,136,0,0,68,True,0.25735294117647056,101,35,40.0,66.00000000000001,92.72058823529412
cqr_static,180min_3of18,numerical_only,random_missing,0.5,136,58,78,78,46,True,0.043478260869565216,56,2,95.0,107.0,109.34782608695652
cqr_static,180min_3of18,numerical_only,random_missing,1.0,136,94,42,52,64,True,0.046875,90,4,95.0,110.0,107.8125
cqr_static,180min_3of18,numerical_only,random_missing,2.0,136,127,9,17,67,True,0.04477611940298507,121,6,80.0,110.0,108.50746268656717
cqr_static,180min_3of18,numerical_only,block_missing,0.5,136,136,0,71,68,True,0.058823529411764705,128,8,80.0,110.0,107.5
cqr_static,180min_3of18,numerical_only,block_missing,1.0,136,136,0,70,68,True,0.058823529411764705,128,8,80.0,110.0,107.5
cqr_static,180min_3of18,numerical_only,block_missing,2.0,136,136,0,68,68,True,0.04411764705882353,130,6,80.0,110.0,109.11764705882354
cqr_static,180min_3of18,numerical_only,stuck,0.5,136,136,0,68,68,True,0.058823529411764705,128,8,80.0,110.0,107.5
cqr_static,180min_3of18,numerical_only,stuck,1.0,136,136,0,77,68,True,0.07352941176470588,126,10,80.0,110.0,107.3529411764706
cqr_static,180min_3of18,numerical_only,stuck,2.0,136,136,0,68,68,True,0.04411764705882353,130,6,80.0,110.0,109.11764705882354
cqr_static,180min_3of18,numerical_only,dropout,0.5,136,136,0,68,68,True,0.27941176470588236,98,38,40.0,40.0,89.41176470588235
cqr_static,180min_3of18,numerical_only,dropout,1.0,136,136,0,68,68,True,0.2647058823529412,100,36,30.0,30.0,88.23529411764706
cqr_static,180min_3of18,numerical_only,dropout,2.0,136,136,0,68,68,True,0.2647058823529412,100,36,20.0,20.0,85.73529411764706
cqr_static,180min_3of18,numerical_only,bias,0.5,136,136,0,0,68,True,0.08088235294117647,125,11,30.0,80.0,104.63235294117646
cqr_static,180min_3of18,numerical_only,bias,1.0,136,136,0,0,68,True,0.15441176470588236,115,21,30.0,60.0,98.97058823529412
cqr_static,180min_3of18,numerical_only,bias,2.0,136,136,0,0,68,True,0.2647058823529412,100,36,30.0,50.0,89.11764705882354
cqr_static,180min_3of18,numerical_only,level_shift,0.5,136,136,0,0,68,True,0.08088235294117647,125,11,20.0,100.0,104.8529411764706
cqr_static,180min_3of18,numerical_only,level_shift,1.0,136,136,0,0,68,True,0.19117647058823528,110,26,30.0,75.0,96.91176470588235
cqr_static,180min_3of18,numerical_only,level_shift,2.0,136,136,0,0,68,True,0.2647058823529412,100,36,20.0,60.0,88.45588235294117
cqr_static,180min_3of18,numerical_only,drift,0.5,136,136,0,0,68,True,0.08823529411764706,124,12,55.0,109.0,105.44117647058823
cqr_static,180min_3of18,numerical_only,drift,1.0,136,136,0,0,68,True,0.13970588235294118,117,19,40.0,80.0,100.73529411764706
cqr_static,180min_3of18,numerical_only,drift,2.0,136,136,0,0,68,True,0.25735294117647056,101,35,40.0,66.00000000000001,92.72058823529412
cqr_static,30min_3of3,availability_only,random_missing,0.5,136,58,78,78,46,True,0.021739130434782608,57,1,20.0,20.0,108.04347826086956
cqr_static,30min_3of3,availability_only,random_missing,1.0,136,94,42,52,64,True,0.03125,91,3,50.0,50.0,107.8125
cqr_static,30min_3of3,availability_only,random_missing,2.0,136,127,9,17,67,True,0.2537313432835821,96,31,40.0,50.0,91.19402985074628
cqr_static,30min_3of3,availability_only,block_missing,0.5,136,136,0,71,68,True,0.0,136,0,,,110.0
cqr_static,30min_3of3,availability_only,block_missing,1.0,136,136,0,70,68,True,1.0,0,136,30.0,30.0,30.0
cqr_static,30min_3of3,availability_only,block_missing,2.0,136,136,0,68,68,True,1.0,0,136,20.0,20.0,20.0
cqr_static,30min_3of3,availability_only,stuck,0.5,136,136,0,68,68,True,0.0,136,0,,,110.0
cqr_static,30min_3of3,availability_only,stuck,1.0,136,136,0,77,68,True,0.0,136,0,,,110.0
cqr_static,30min_3of3,availability_only,stuck,2.0,136,136,0,68,68,True,0.0,136,0,,,110.0
cqr_static,30min_3of3,availability_only,dropout,0.5,136,136,0,68,68,True,0.0,136,0,,,110.0
cqr_static,30min_3of3,availability_only,dropout,1.0,136,136,0,68,68,True,0.0,136,0,,,110.0
cqr_static,30min_3of3,availability_only,dropout,2.0,136,136,0,68,68,True,0.0,136,0,,,110.0
cqr_static,30min_3of3,availability_only,bias,0.5,136,136,0,0,68,True,0.0,136,0,,,110.0
cqr_static,30min_3of3,availability_only,bias,1.0,136,136,0,0,68,True,0.0,136,0,,,110.0
cqr_static,30min_3of3,availability_only,bias,2.0,136,136,0,0,68,True,0.0,136,0,,,110.0
cqr_static,30min_3of3,availability_only,level_shift,0.5,136,136,0,0,68,True,0.0,136,0,,,110.0
cqr_static,30min_3of3,availability_only,level_shift,1.0,136,136,0,0,68,True,0.0,136,0,,,110.0
cqr_static,30min_3of3,availability_only,level_shift,2.0,136,136,0,0,68,True,0.0,136,0,,,110.0
cqr_static,30min_3of3,availability_only,drift,0.5,136,136,0,0,68,True,0.0,136,0,,,110.0
cqr_static,30min_3of3,availability_only,drift,1.0,136,136,0,0,68,True,0.0,136,0,,,110.0
cqr_static,30min_3of3,availability_only,drift,2.0,136,136,0,0,68,True,0.0,136,0,,,110.0
cqr_static,30min_3of3,combined,random_missing,0.5,136,58,78,78,46,True,0.13043478260869565,51,7,70.0,90.0,103.47826086956522
cqr_static,30min_3of3,combined,random_missing,1.0,136,94,42,52,64,True,0.1328125,82,12,80.0,90.0,103.90625
cqr_static,30min_3of3,combined,random_missing,2.0,136,127,9,17,67,True,0.208955223880597,100,27,40.0,90.0,97.31343283582089
cqr_static,30min_3of3,combined,block_missing,0.5,136,136,0,71,68,True,0.14705882352941177,116,20,80.0,92.00000000000003,103.38235294117646
cqr_static,30min_3of3,combined,block_missing,1.0,136,136,0,70,68,True,0.39705882352941174,82,54,30.0,65.00000000000014,80.1470588235294
cqr_static,30min_3of3,combined,block_missing,2.0,136,136,0,68,68,True,0.36764705882352944,86,50,20.0,20.0,77.79411764705883
cqr_static,30min_3of3,combined,stuck,0.5,136,136,0,68,68,True,0.1323529411764706,118,18,80.0,96.00000000000001,105.0
cqr_static,30min_3of3,combined,stuck,1.0,136,136,0,77,68,True,0.1323529411764706,118,18,80.0,96.00000000000001,104.41176470588235
cqr_static,30min_3of3,combined,stuck,2.0,136,136,0,68,68,True,0.08823529411764706,124,12,80.0,108.0,106.91176470588235
cqr_static,30min_3of3,combined,dropout,0.5,136,136,0,68,68,True,0.38235294117647056,84,52,40.0,40.0,82.79411764705883
cqr_static,30min_3of3,combined,dropout,1.0,136,136,0,68,68,True,0.35294117647058826,88,48,30.0,30.0,81.32352941176471
cqr_static,30min_3of3,combined,dropout,2.0,136,136,0,68,68,True,0.35294117647058826,88,48,20.0,20.0,78.08823529411765
cqr_static,30min_3of3,combined,bias,0.5,136,136,0,0,68,True,0.27941176470588236,98,38,60.0,83.00000000000004,95.80882352941177
cqr_static,30min_3of3,combined,bias,1.0,136,136,0,0,68,True,0.47058823529411764,72,64,70.0,70.0,85.73529411764706
cqr_static,30min_3of3,combined,bias,2.0,136,136,0,0,68,True,0.6470588235294118,48,88,65.0,70.0,73.16176470588235
cqr_static,30min_3of3,combined,level_shift,0.5,136,136,0,0,68,True,0.3014705882352941,95,41,80.0,90.0,95.44117647058823
cqr_static,30min_3of3,combined,level_shift,1.0,136,136,0,0,68,True,0.5,68,68,80.0,80.0,86.25
cqr_static,30min_3of3,combined,level_shift,2.0,136,136,0,0,68,True,0.6102941176470589,53,83,80.0,80.0,78.16176470588235
cqr_static,30min_3of3,combined,drift,0.5,136,136,0,0,68,True,0.2426470588235294,103,33,80.0,90.0,100.95588235294117
cqr_static,30min_3of3,combined,drift,1.0,136,136,0,0,68,True,0.4632352941176471,73,63,80.0,80.0,90.44117647058823
cqr_static,30min_3of3,combined,drift,2.0,136,136,0,0,68,True,0.6470588235294118,48,88,80.0,80.0,80.07352941176471
cqr_static,30min_3of3,numerical_only,random_missing,0.5,136,58,78,78,46,True,0.6521739130434783,19,39,50.0,80.0,73.58695652173913
cqr_static,30min_3of3,numerical_only,random_missing,1.0,136,94,42,52,64,True,0.6875,30,64,60.0,80.0,75.390625
cqr_static,30min_3of3,numerical_only,random_missing,2.0,136,127,9,17,67,True,0.6940298507462687,38,89,70.0,80.0,79.17910447761194
cqr_static,30min_3of3,numerical_only,block_missing,0.5,136,136,0,71,68,True,0.6911764705882353,42,94,60.0,80.0,77.05882352941177
cqr_static,30min_3of3,numerical_only,block_missing,1.0,136,136,0,70,68,True,0.6764705882352942,44,92,60.0,80.0,78.52941176470588
cqr_static,30min_3of3,numerical_only,block_missing,2.0,136,136,0,68,68,True,0.6764705882352942,44,92,80.0,80.0,90.29411764705883
cqr_static,30min_3of3,numerical_only,stuck,0.5,136,136,0,68,68,True,0.1323529411764706,118,18,80.0,96.00000000000001,105.0
cqr_static,30min_3of3,numerical_only,stuck,1.0,136,136,0,77,68,True,0.1323529411764706,118,18,80.0,96.00000000000001,104.41176470588235
cqr_static,30min_3of3,numerical_only,stuck,2.0,136,136,0,68,68,True,0.08823529411764706,124,12,80.0,108.0,106.91176470588235
cqr_static,30min_3of3,numerical_only,dropout,0.5,136,136,0,68,68,True,0.38235294117647056,84,52,40.0,40.0,82.79411764705883
cqr_static,30min_3of3,numerical_only,dropout,1.0,136,136,0,68,68,True,0.35294117647058826,88,48,30.0,30.0,81.32352941176471
cqr_static,30min_3of3,numerical_only,dropout,2.0,136,136,0,68,68,True,0.35294117647058826,88,48,20.0,20.0,78.08823529411765
cqr_static,30min_3of3,numerical_only,bias,0.5,136,136,0,0,68,True,0.27941176470588236,98,38,60.0,83.00000000000004,95.80882352941177
cqr_static,30min_3of3,numerical_only,bias,1.0,136,136,0,0,68,True,0.47058823529411764,72,64,70.0,70.0,85.73529411764706
cqr_static,30min_3of3,numerical_only,bias,2.0,136,136,0,0,68,True,0.6470588235294118,48,88,65.0,70.0,73.16176470588235
cqr_static,30min_3of3,numerical_only,level_shift,0.5,136,136,0,0,68,True,0.3014705882352941,95,41,80.0,90.0,95.44117647058823
cqr_static,30min_3of3,numerical_only,level_shift,1.0,136,136,0,0,68,True,0.5,68,68,80.0,80.0,86.25
cqr_static,30min_3of3,numerical_only,level_shift,2.0,136,136,0,0,68,True,0.6102941176470589,53,83,80.0,80.0,78.16176470588235
cqr_static,30min_3of3,numerical_only,drift,0.5,136,136,0,0,68,True,0.2426470588235294,103,33,80.0,90.0,100.95588235294117
cqr_static,30min_3of3,numerical_only,drift,1.0,136,136,0,0,68,True,0.4632352941176471,73,63,80.0,80.0,90.44117647058823
cqr_static,30min_3of3,numerical_only,drift,2.0,136,136,0,0,68,True,0.6470588235294118,48,88,80.0,80.0,80.07352941176471
cqr_static,360min_4of36,availability_only,random_missing,0.5,136,58,78,78,46,True,0.021739130434782608,57,1,40.0,40.0,108.47826086956522
cqr_static,360min_4of36,availability_only,random_missing,1.0,136,94,42,52,64,True,0.0234375,92,2,50.0,50.0,108.59375
cqr_static,360min_4of36,availability_only,random_missing,2.0,136,127,9,17,67,True,0.26865671641791045,94,33,50.0,50.0,92.61194029850746
cqr_static,360min_4of36,availability_only,block_missing,0.5,136,136,0,71,68,True,0.0,136,0,,,110.0
cqr_static,360min_4of36,availability_only,block_missing,1.0,136,136,0,70,68,True,0.0,136,0,,,110.0
cqr_static,360min_4of36,availability_only,block_missing,2.0,136,136,0,68,68,True,1.0,0,136,30.0,30.0,30.0
cqr_static,360min_4of36,availability_only,stuck,0.5,136,136,0,68,68,True,0.0,136,0,,,110.0
cqr_static,360min_4of36,availability_only,stuck,1.0,136,136,0,77,68,True,0.0,136,0,,,110.0
cqr_static,360min_4of36,availability_only,stuck,2.0,136,136,0,68,68,True,0.0,136,0,,,110.0
cqr_static,360min_4of36,availability_only,dropout,0.5,136,136,0,68,68,True,0.0,136,0,,,110.0
cqr_static,360min_4of36,availability_only,dropout,1.0,136,136,0,68,68,True,0.0,136,0,,,110.0
cqr_static,360min_4of36,availability_only,dropout,2.0,136,136,0,68,68,True,0.0,136,0,,,110.0
cqr_static,360min_4of36,availability_only,bias,0.5,136,136,0,0,68,True,0.0,136,0,,,110.0
cqr_static,360min_4of36,availability_only,bias,1.0,136,136,0,0,68,True,0.0,136,0,,,110.0
cqr_static,360min_4of36,availability_only,bias,2.0,136,136,0,0,68,True,0.0,136,0,,,110.0
cqr_static,360min_4of36,availability_only,level_shift,0.5,136,136,0,0,68,True,0.0,136,0,,,110.0
cqr_static,360min_4of36,availability_only,level_shift,1.0,136,136,0,0,68,True,0.0,136,0,,,110.0
cqr_static,360min_4of36,availability_only,level_shift,2.0,136,136,0,0,68,True,0.0,136,0,,,110.0
cqr_static,360min_4of36,availability_only,drift,0.5,136,136,0,0,68,True,0.0,136,0,,,110.0
cqr_static,360min_4of36,availability_only,drift,1.0,136,136,0,0,68,True,0.0,136,0,,,110.0
cqr_static,360min_4of36,availability_only,drift,2.0,136,136,0,0,68,True,0.0,136,0,,,110.0
cqr_static,360min_4of36,combined,random_missing,0.5,136,58,78,78,46,True,0.043478260869565216,56,2,95.0,107.0,109.34782608695652
cqr_static,360min_4of36,combined,random_missing,1.0,136,94,42,52,64,True,0.0390625,90,4,105.0,110.0,108.984375
cqr_static,360min_4of36,combined,random_missing,2.0,136,127,9,17,67,True,0.11940298507462686,113,14,50.0,91.00000000000003,103.50746268656717
cqr_static,360min_4of36,combined,block_missing,0.5,136,136,0,71,68,True,0.058823529411764705,128,8,85.0,110.0,107.94117647058823
cqr_static,360min_4of36,combined,block_missing,1.0,136,136,0,70,68,True,0.10294117647058823,122,14,40.0,100.0,104.55882352941177
cqr_static,360min_4of36,combined,block_missing,2.0,136,136,0,68,68,True,0.20588235294117646,108,28,30.0,30.0,92.94117647058823
cqr_static,360min_4of36,combined,stuck,0.5,136,136,0,68,68,True,0.014705882352941176,134,2,80.0,80.0,109.55882352941177
cqr_static,360min_4of36,combined,stuck,1.0,136,136,0,77,68,True,0.014705882352941176,134,2,10.0,10.0,108.52941176470588
cqr_static,360min_4of36,combined,stuck,2.0,136,136,0,68,68,True,0.0,136,0,,,110.0
cqr_static,360min_4of36,combined,dropout,0.5,136,136,0,68,68,True,0.10294117647058823,122,14,50.0,97.00000000000001,104.70588235294117
cqr_static,360min_4of36,combined,dropout,1.0,136,136,0,68,68,True,0.20588235294117646,108,28,40.0,40.0,95.0
cqr_static,360min_4of36,combined,dropout,2.0,136,136,0,68,68,True,0.20588235294117646,108,28,30.0,30.0,92.94117647058823
cqr_static,360min_4of36,combined,bias,0.5,136,136,0,0,68,True,0.04411764705882353,130,6,40.0,60.0,106.98529411764706
cqr_static,360min_4of36,combined,bias,1.0,136,136,0,0,68,True,0.08088235294117647,125,11,40.0,80.0,105.1470588235294
cqr_static,360min_4of36,combined,bias,2.0,136,136,0,0,68,True,0.20588235294117646,108,28,50.0,60.0,96.61764705882354
cqr_static,360min_4of36,combined,level_shift,0.5,136,136,0,0,68,True,0.058823529411764705,128,8,30.0,89.0,106.3970588235294
cqr_static,360min_4of36,combined,level_shift,1.0,136,136,0,0,68,True,0.11029411764705882,121,15,30.0,92.0,103.38235294117646
cqr_static,360min_4of36,combined,level_shift,2.0,136,136,0,0,68,True,0.20588235294117646,108,28,30.0,70.0,95.73529411764706
cqr_static,360min_4of36,combined,drift,0.5,136,136,0,0,68,True,0.04411764705882353,130,6,50.0,80.0,107.5
cqr_static,360min_4of36,combined,drift,1.0,136,136,0,0,68,True,0.10294117647058823,122,14,50.0,100.0,104.70588235294117
cqr_static,360min_4of36,combined,drift,2.0,136,136,0,0,68,True,0.18382352941176472,111,25,50.0,76.00000000000001,99.04411764705883
cqr_static,360min_4of36,numerical_only,random_missing,0.5,136,58,78,78,46,True,0.0,58,0,,,110.0
cqr_static,360min_4of36,numerical_only,random_missing,1.0,136,94,42,52,64,True,0.015625,93,1,80.0,80.0,109.53125
cqr_static,360min_4of36,numerical_only,random_missing,2.0,136,127,9,17,67,True,0.007462686567164179,126,1,80.0,80.0,109.77611940298507
cqr_static,360min_4of36,numerical_only,block_missing,0.5,136,136,0,71,68,True,0.014705882352941176,134,2,80.0,80.0,109.55882352941177
cqr_static,360min_4of36,numerical_only,block_missing,1.0,136,136,0,70,68,True,0.014705882352941176,134,2,80.0,80.0,109.55882352941177
cqr_static,360min_4of36,numerical_only,block_missing,2.0,136,136,0,68,68,True,0.0,136,0,,,110.0
cqr_static,360min_4of36,numerical_only,stuck,0.5,136,136,0,68,68,True,0.014705882352941176,134,2,80.0,80.0,109.55882352941177
cqr_static,360min_4of36,numerical_only,stuck,1.0,136,136,0,77,68,True,0.014705882352941176,134,2,10.0,10.0,108.52941176470588
cqr_static,360min_4of36,numerical_only,stuck,2.0,136,136,0,68,68,True,0.0,136,0,,,110.0
cqr_static,360min_4of36,numerical_only,dropout,0.5,136,136,0,68,68,True,0.10294117647058823,122,14,50.0,97.00000000000001,104.70588235294117
cqr_static,360min_4of36,numerical_only,dropout,1.0,136,136,0,68,68,True,0.20588235294117646,108,28,40.0,40.0,95.0
cqr_static,360min_4of36,numerical_only,dropout,2.0,136,136,0,68,68,True,0.20588235294117646,108,28,30.0,30.0,92.94117647058823
cqr_static,360min_4of36,numerical_only,bias,0.5,136,136,0,0,68,True,0.04411764705882353,130,6,40.0,60.0,106.98529411764706
cqr_static,360min_4of36,numerical_only,bias,1.0,136,136,0,0,68,True,0.08088235294117647,125,11,40.0,80.0,105.1470588235294
cqr_static,360min_4of36,numerical_only,bias,2.0,136,136,0,0,68,True,0.20588235294117646,108,28,50.0,60.0,96.61764705882354
cqr_static,360min_4of36,numerical_only,level_shift,0.5,136,136,0,0,68,True,0.058823529411764705,128,8,30.0,89.0,106.3970588235294
cqr_static,360min_4of36,numerical_only,level_shift,1.0,136,136,0,0,68,True,0.11029411764705882,121,15,30.0,92.0,103.38235294117646
cqr_static,360min_4of36,numerical_only,level_shift,2.0,136,136,0,0,68,True,0.20588235294117646,108,28,30.0,70.0,95.73529411764706
cqr_static,360min_4of36,numerical_only,drift,0.5,136,136,0,0,68,True,0.04411764705882353,130,6,50.0,80.0,107.5
cqr_static,360min_4of36,numerical_only,drift,1.0,136,136,0,0,68,True,0.10294117647058823,122,14,50.0,100.0,104.70588235294117
cqr_static,360min_4of36,numerical_only,drift,2.0,136,136,0,0,68,True,0.18382352941176472,111,25,50.0,76.00000000000001,99.04411764705883
cqr_static,60min_4of6,availability_only,random_missing,0.5,136,58,78,78,46,True,0.021739130434782608,57,1,40.0,40.0,108.47826086956522
cqr_static,60min_4of6,availability_only,random_missing,1.0,136,94,42,52,64,True,0.0234375,92,2,50.0,50.0,108.59375
cqr_static,60min_4of6,availability_only,random_missing,2.0,136,127,9,17,67,True,0.26865671641791045,94,33,50.0,50.0,92.61194029850746
cqr_static,60min_4of6,availability_only,block_missing,0.5,136,136,0,71,68,True,0.0,136,0,,,110.0
cqr_static,60min_4of6,availability_only,block_missing,1.0,136,136,0,70,68,True,0.0,136,0,,,110.0
cqr_static,60min_4of6,availability_only,block_missing,2.0,136,136,0,68,68,True,1.0,0,136,30.0,30.0,30.0
cqr_static,60min_4of6,availability_only,stuck,0.5,136,136,0,68,68,True,0.0,136,0,,,110.0
cqr_static,60min_4of6,availability_only,stuck,1.0,136,136,0,77,68,True,0.0,136,0,,,110.0
cqr_static,60min_4of6,availability_only,stuck,2.0,136,136,0,68,68,True,0.0,136,0,,,110.0
cqr_static,60min_4of6,availability_only,dropout,0.5,136,136,0,68,68,True,0.0,136,0,,,110.0
cqr_static,60min_4of6,availability_only,dropout,1.0,136,136,0,68,68,True,0.0,136,0,,,110.0
cqr_static,60min_4of6,availability_only,dropout,2.0,136,136,0,68,68,True,0.0,136,0,,,110.0
cqr_static,60min_4of6,availability_only,bias,0.5,136,136,0,0,68,True,0.0,136,0,,,110.0
cqr_static,60min_4of6,availability_only,bias,1.0,136,136,0,0,68,True,0.0,136,0,,,110.0
cqr_static,60min_4of6,availability_only,bias,2.0,136,136,0,0,68,True,0.0,136,0,,,110.0
cqr_static,60min_4of6,availability_only,level_shift,0.5,136,136,0,0,68,True,0.0,136,0,,,110.0
cqr_static,60min_4of6,availability_only,level_shift,1.0,136,136,0,0,68,True,0.0,136,0,,,110.0
cqr_static,60min_4of6,availability_only,level_shift,2.0,136,136,0,0,68,True,0.0,136,0,,,110.0
cqr_static,60min_4of6,availability_only,drift,0.5,136,136,0,0,68,True,0.0,136,0,,,110.0
cqr_static,60min_4of6,availability_only,drift,1.0,136,136,0,0,68,True,0.0,136,0,,,110.0
cqr_static,60min_4of6,availability_only,drift,2.0,136,136,0,0,68,True,0.0,136,0,,,110.0
cqr_static,60min_4of6,combined,random_missing,0.5,136,58,78,78,46,True,0.06521739130434782,55,3,40.0,72.0,105.65217391304348
cqr_static,60min_4of6,combined,random_missing,1.0,136,94,42,52,64,True,0.0625,89,5,80.0,86.0,106.484375
cqr_static,60min_4of6,combined,random_missing,2.0,136,127,9,17,67,True,0.1417910447761194,109,18,45.0,80.0,101.19402985074628
cqr_static,60min_4of6,combined,block_missing,0.5,136,136,0,71,68,True,0.07352941176470588,126,10,70.0,70.0,105.88235294117646
cqr_static,60min_4of6,combined,block_missing,1.0,136,136,0,70,68,True,0.10294117647058823,122,14,40.0,60.0,102.79411764705883
cqr_static,60min_4of6,combined,block_missing,2.0,136,136,0,68,68,True,0.3382352941176471,90,46,30.0,30.0,82.6470588235294
cqr_static,60min_4of6,combined,stuck,0.5,136,136,0,68,68,True,0.058823529411764705,128,8,80.0,90.0,107.3529411764706
cqr_static,60min_4of6,combined,stuck,1.0,136,136,0,77,68,True,0.058823529411764705,128,8,80.0,90.0,107.3529411764706
cqr_static,60min_4of6,combined,stuck,2.0,136,136,0,68,68,True,0.07352941176470588,126,10,90.0,100.0,107.5
cqr_static,60min_4of6,combined,dropout,0.5,136,136,0,68,68,True,0.10294117647058823,122,14,50.0,67.00000000000001,103.52941176470588
cqr_static,60min_4of6,combined,dropout,1.0,136,136,0,68,68,True,0.35294117647058826,88,48,40.0,40.0,84.70588235294117
cqr_static,60min_4of6,combined,dropout,2.0,136,136,0,68,68,True,0.3382352941176471,90,46,30.0,30.0,82.6470588235294
cqr_static,60min_4of6,combined,bias,0.5,136,136,0,0,68,True,0.20588235294117646,108,28,70.0,90.0,100.66176470588235
cqr_static,60min_4of6,combined,bias,1.0,136,136,0,0,68,True,0.40441176470588236,81,55,80.0,80.0,93.23529411764706
cqr_static,60min_4of6,combined,bias,2.0,136,136,0,0,68,True,0.6029411764705882,54,82,65.0,80.0,80.73529411764706
cqr_static,60min_4of6,combined,level_shift,0.5,136,136,0,0,68,True,0.2426470588235294,103,33,90.0,98.0,100.44117647058823
cqr_static,60min_4of6,combined,level_shift,1.0,136,136,0,0,68,True,0.45588235294117646,74,62,90.0,90.0,93.8970588235294
cqr_static,60min_4of6,combined,level_shift,2.0,136,136,0,0,68,True,0.5735294117647058,58,78,90.0,90.0,86.25
cqr_static,60min_4of6,combined,drift,0.5,136,136,0,0,68,True,0.15441176470588236,115,21,90.0,100.0,104.41176470588235
cqr_static,60min_4of6,combined,drift,1.0,136,136,0,0,68,True,0.3161764705882353,93,43,90.0,90.0,98.97058823529412
cqr_static,60min_4of6,combined,drift,2.0,136,136,0,0,68,True,0.5441176470588235,62,74,90.0,90.0,89.63235294117646
cqr_static,60min_4of6,numerical_only,random_missing,0.5,136,58,78,78,46,True,0.14130434782608695,51,7,70.0,90.0,104.34782608695652
cqr_static,60min_4of6,numerical_only,random_missing,1.0,136,94,42,52,64,True,0.1484375,80,14,75.0,90.0,104.0625
cqr_static,60min_4of6,numerical_only,random_missing,2.0,136,127,9,17,67,True,0.4552238805970149,68,59,80.0,90.0,93.50746268656717
cqr_static,60min_4of6,numerical_only,block_missing,0.5,136,136,0,71,68,True,0.11764705882352941,120,16,85.0,90.0,105.73529411764706
cqr_static,60min_4of6,numerical_only,block_missing,1.0,136,136,0,70,68,True,0.6617647058823529,46,90,70.0,80.0,84.8529411764706
cqr_static,60min_4of6,numerical_only,block_missing,2.0,136,136,0,68,68,True,0.6764705882352942,44,92,90.0,90.0,96.76470588235294
cqr_static,60min_4of6,numerical_only,stuck,0.5,136,136,0,68,68,True,0.058823529411764705,128,8,80.0,90.0,107.3529411764706
cqr_static,60min_4of6,numerical_only,stuck,1.0,136,136,0,77,68,True,0.058823529411764705,128,8,80.0,90.0,107.3529411764706
cqr_static,60min_4of6,numerical_only,stuck,2.0,136,136,0,68,68,True,0.07352941176470588,126,10,90.0,100.0,107.5
cqr_static,60min_4of6,numerical_only,dropout,0.5,136,136,0,68,68,True,0.10294117647058823,122,14,50.0,67.00000000000001,103.52941176470588
cqr_static,60min_4of6,numerical_only,dropout,1.0,136,136,0,68,68,True,0.35294117647058826,88,48,40.0,40.0,84.70588235294117
cqr_static,60min_4of6,numerical_only,dropout,2.0,136,136,0,68,68,True,0.3382352941176471,90,46,30.0,30.0,82.6470588235294
cqr_static,60min_4of6,numerical_only,bias,0.5,136,136,0,0,68,True,0.20588235294117646,108,28,70.0,90.0,100.66176470588235
cqr_static,60min_4of6,numerical_only,bias,1.0,136,136,0,0,68,True,0.40441176470588236,81,55,80.0,80.0,93.23529411764706
cqr_static,60min_4of6,numerical_only,bias,2.0,136,136,0,0,68,True,0.6029411764705882,54,82,65.0,80.0,80.73529411764706
cqr_static,60min_4of6,numerical_only,level_shift,0.5,136,136,0,0,68,True,0.2426470588235294,103,33,90.0,98.0,100.44117647058823
cqr_static,60min_4of6,numerical_only,level_shift,1.0,136,136,0,0,68,True,0.45588235294117646,74,62,90.0,90.0,93.8970588235294
cqr_static,60min_4of6,numerical_only,level_shift,2.0,136,136,0,0,68,True,0.5735294117647058,58,78,90.0,90.0,86.25
cqr_static,60min_4of6,numerical_only,drift,0.5,136,136,0,0,68,True,0.15441176470588236,115,21,90.0,100.0,104.41176470588235
cqr_static,60min_4of6,numerical_only,drift,1.0,136,136,0,0,68,True,0.3161764705882353,93,43,90.0,90.0,98.97058823529412
cqr_static,60min_4of6,numerical_only,drift,2.0,136,136,0,0,68,True,0.5441176470588235,62,74,90.0,90.0,89.63235294117646
cqr_static,single_sample,availability_only,random_missing,0.5,136,58,78,78,46,True,1.0,0,58,15.0,50.0,17.5
cqr_static,single_sample,availability_only,random_missing,1.0,136,94,42,52,64,True,1.0,0,94,20.0,47.00000000000003,20.234375
cqr_static,single_sample,availability_only,random_missing,2.0,136,127,9,17,67,True,1.0,0,127,10.0,30.0,10.671641791044776
cqr_static,single_sample,availability_only,block_missing,0.5,136,136,0,71,68,True,1.0,0,136,20.0,20.0,20.0
cqr_static,single_sample,availability_only,block_missing,1.0,136,136,0,70,68,True,1.0,0,136,10.0,10.0,10.0
cqr_static,single_sample,availability_only,block_missing,2.0,136,136,0,68,68,True,1.0,0,136,0.0,0.0,0.0
cqr_static,single_sample,availability_only,stuck,0.5,136,136,0,68,68,True,0.0,136,0,,,110.0
cqr_static,single_sample,availability_only,stuck,1.0,136,136,0,77,68,True,0.0,136,0,,,110.0
cqr_static,single_sample,availability_only,stuck,2.0,136,136,0,68,68,True,0.0,136,0,,,110.0
cqr_static,single_sample,availability_only,dropout,0.5,136,136,0,68,68,True,0.0,136,0,,,110.0
cqr_static,single_sample,availability_only,dropout,1.0,136,136,0,68,68,True,0.0,136,0,,,110.0
cqr_static,single_sample,availability_only,dropout,2.0,136,136,0,68,68,True,0.0,136,0,,,110.0
cqr_static,single_sample,availability_only,bias,0.5,136,136,0,0,68,True,0.0,136,0,,,110.0
cqr_static,single_sample,availability_only,bias,1.0,136,136,0,0,68,True,0.0,136,0,,,110.0
cqr_static,single_sample,availability_only,bias,2.0,136,136,0,0,68,True,0.0,136,0,,,110.0
cqr_static,single_sample,availability_only,level_shift,0.5,136,136,0,0,68,True,0.0,136,0,,,110.0
cqr_static,single_sample,availability_only,level_shift,1.0,136,136,0,0,68,True,0.0,136,0,,,110.0
cqr_static,single_sample,availability_only,level_shift,2.0,136,136,0,0,68,True,0.0,136,0,,,110.0
cqr_static,single_sample,availability_only,drift,0.5,136,136,0,0,68,True,0.0,136,0,,,110.0
cqr_static,single_sample,availability_only,drift,1.0,136,136,0,0,68,True,0.0,136,0,,,110.0
cqr_static,single_sample,availability_only,drift,2.0,136,136,0,0,68,True,0.0,136,0,,,110.0
cqr_static,single_sample,combined,random_missing,0.5,136,58,78,78,46,True,0.43478260869565216,34,24,25.0,56.99999999999999,73.69565217391305
cqr_static,single_sample,combined,random_missing,1.0,136,94,42,52,64,True,0.40625,55,39,20.0,52.00000000000003,75.078125
cqr_static,single_sample,combined,random_missing,2.0,136,127,9,17,67,True,0.39552238805970147,77,50,10.0,40.0,72.68656716417911
cqr_static,single_sample,combined,block_missing,0.5,136,136,0,71,68,True,0.4117647058823529,80,56,20.0,40.0,74.55882352941177
cqr_static,single_sample,combined,block_missing,1.0,136,136,0,70,68,True,0.38235294117647056,84,52,10.0,54.99999999999993,73.97058823529412
cqr_static,single_sample,combined,block_missing,2.0,136,136,0,68,68,True,0.35294117647058826,88,48,0.0,0.0,72.20588235294117
cqr_static,single_sample,combined,stuck,0.5,136,136,0,68,68,True,0.19117647058823528,110,26,60.0,100.0,100.44117647058823
cqr_static,single_sample,combined,stuck,1.0,136,136,0,77,68,True,0.19117647058823528,110,26,60.0,90.0,99.55882352941177
cqr_static,single_sample,combined,stuck,2.0,136,136,0,68,68,True,0.19117647058823528,110,26,60.0,100.0,102.3529411764706
cqr_static,single_sample,combined,dropout,0.5,136,136,0,68,68,True,0.36764705882352944,86,50,20.0,20.0,76.61764705882354
cqr_static,single_sample,combined,dropout,1.0,136,136,0,68,68,True,0.3382352941176471,90,46,10.0,10.0,76.02941176470588
cqr_static,single_sample,combined,dropout,2.0,136,136,0,68,68,True,0.35294117647058826,88,48,0.0,0.0,72.3529411764706
cqr_static,single_sample,combined,bias,0.5,136,136,0,0,68,True,0.4264705882352941,78,58,40.0,60.0,79.19117647058823
cqr_static,single_sample,combined,bias,1.0,136,136,0,0,68,True,0.6617647058823529,46,90,50.0,50.0,59.63235294117647
cqr_static,single_sample,combined,bias,2.0,136,136,0,0,68,True,0.6911764705882353,42,94,40.0,50.0,54.55882352941177
cqr_static,single_sample,combined,level_shift,0.5,136,136,0,0,68,True,0.45588235294117646,74,62,40.0,60.0,75.66176470588235
cqr_static,single_sample,combined,level_shift,1.0,136,136,0,0,68,True,0.6544117647058824,47,89,60.0,60.0,58.970588235294116
cqr_static,single_sample,combined,level_shift,2.0,136,136,0,0,68,True,0.6764705882352942,44,92,10.0,60.0,55.661764705882355
cqr_static,single_sample,combined,drift,0.5,136,136,0,0,68,True,0.375,85,51,60.0,70.0,87.5
cqr_static,single_sample,combined,drift,1.0,136,136,0,0,68,True,0.625,51,85,60.0,60.0,71.1029411764706
cqr_static,single_sample,combined,drift,2.0,136,136,0,0,68,True,0.6764705882352942,44,92,55.0,60.0,63.8235294117647
cqr_static,single_sample,numerical_only,random_missing,0.5,136,58,78,78,46,True,0.7934782608695652,11,47,30.0,60.0,47.93478260869565
cqr_static,single_sample,numerical_only,random_missing,1.0,136,94,42,52,64,True,0.796875,19,75,30.0,70.0,51.71875
cqr_static,single_sample,numerical_only,random_missing,2.0,136,127,9,17,67,True,0.8059701492537313,25,102,30.0,60.0,47.985074626865675
cqr_static,single_sample,numerical_only,block_missing,0.5,136,136,0,71,68,True,0.7647058823529411,32,104,40.0,60.0,60.14705882352941
cqr_static,single_sample,numerical_only,block_missing,1.0,136,136,0,70,68,True,0.7794117647058824,30,106,40.0,60.0,59.11764705882353
cqr_static,single_sample,numerical_only,block_missing,2.0,136,136,0,68,68,True,0.7794117647058824,30,106,60.0,70.0,73.23529411764706
cqr_static,single_sample,numerical_only,stuck,0.5,136,136,0,68,68,True,0.19117647058823528,110,26,60.0,100.0,100.44117647058823
cqr_static,single_sample,numerical_only,stuck,1.0,136,136,0,77,68,True,0.19117647058823528,110,26,60.0,90.0,99.55882352941177
cqr_static,single_sample,numerical_only,stuck,2.0,136,136,0,68,68,True,0.19117647058823528,110,26,60.0,100.0,102.3529411764706
cqr_static,single_sample,numerical_only,dropout,0.5,136,136,0,68,68,True,0.36764705882352944,86,50,20.0,20.0,76.61764705882354
cqr_static,single_sample,numerical_only,dropout,1.0,136,136,0,68,68,True,0.3382352941176471,90,46,10.0,10.0,76.02941176470588
cqr_static,single_sample,numerical_only,dropout,2.0,136,136,0,68,68,True,0.35294117647058826,88,48,0.0,0.0,72.3529411764706
cqr_static,single_sample,numerical_only,bias,0.5,136,136,0,0,68,True,0.4264705882352941,78,58,40.0,60.0,79.19117647058823
cqr_static,single_sample,numerical_only,bias,1.0,136,136,0,0,68,True,0.6617647058823529,46,90,50.0,50.0,59.63235294117647
cqr_static,single_sample,numerical_only,bias,2.0,136,136,0,0,68,True,0.6911764705882353,42,94,40.0,50.0,54.55882352941177
cqr_static,single_sample,numerical_only,level_shift,0.5,136,136,0,0,68,True,0.45588235294117646,74,62,40.0,60.0,75.66176470588235
cqr_static,single_sample,numerical_only,level_shift,1.0,136,136,0,0,68,True,0.6544117647058824,47,89,60.0,60.0,58.970588235294116
cqr_static,single_sample,numerical_only,level_shift,2.0,136,136,0,0,68,True,0.6764705882352942,44,92,10.0,60.0,55.661764705882355
cqr_static,single_sample,numerical_only,drift,0.5,136,136,0,0,68,True,0.375,85,51,60.0,70.0,87.5
cqr_static,single_sample,numerical_only,drift,1.0,136,136,0,0,68,True,0.625,51,85,60.0,60.0,71.1029411764706
cqr_static,single_sample,numerical_only,drift,2.0,136,136,0,0,68,True,0.6764705882352942,44,92,55.0,60.0,63.8235294117647
persistence_static,180min_3of18,availability_only,random_missing,0.5,136,58,78,78,46,True,0.07608695652173914,54,4,35.0,47.0,104.23913043478261
persistence_static,180min_3of18,availability_only,random_missing,1.0,136,94,42,52,64,True,0.09375,84,10,45.0,50.0,103.75
persistence_static,180min_3of18,availability_only,random_missing,2.0,136,127,9,17,67,True,0.5597014925373134,56,71,40.0,50.0,69.1044776119403
persistence_static,180min_3of18,availability_only,block_missing,0.5,136,136,0,71,68,True,0.0,136,0,,,110.0
persistence_static,180min_3of18,availability_only,block_missing,1.0,136,136,0,70,68,True,1.0,0,136,30.0,30.0,30.0
persistence_static,180min_3of18,availability_only,block_missing,2.0,136,136,0,68,68,True,1.0,0,136,20.0,20.0,20.0
persistence_static,180min_3of18,availability_only,stuck,0.5,136,136,0,68,68,True,0.0,136,0,,,110.0
persistence_static,180min_3of18,availability_only,stuck,1.0,136,136,0,77,68,True,0.0,136,0,,,110.0
persistence_static,180min_3of18,availability_only,stuck,2.0,136,136,0,68,68,True,0.0,136,0,,,110.0
persistence_static,180min_3of18,availability_only,dropout,0.5,136,136,0,68,68,True,0.0,136,0,,,110.0
persistence_static,180min_3of18,availability_only,dropout,1.0,136,136,0,68,68,True,0.0,136,0,,,110.0
persistence_static,180min_3of18,availability_only,dropout,2.0,136,136,0,68,68,True,0.0,136,0,,,110.0
persistence_static,180min_3of18,availability_only,bias,0.5,136,136,0,0,68,True,0.0,136,0,,,110.0
persistence_static,180min_3of18,availability_only,bias,1.0,136,136,0,0,68,True,0.0,136,0,,,110.0
persistence_static,180min_3of18,availability_only,bias,2.0,136,136,0,0,68,True,0.0,136,0,,,110.0
persistence_static,180min_3of18,availability_only,level_shift,0.5,136,136,0,0,68,True,0.0,136,0,,,110.0
persistence_static,180min_3of18,availability_only,level_shift,1.0,136,136,0,0,68,True,0.0,136,0,,,110.0
persistence_static,180min_3of18,availability_only,level_shift,2.0,136,136,0,0,68,True,0.0,136,0,,,110.0
persistence_static,180min_3of18,availability_only,drift,0.5,136,136,0,0,68,True,0.0,136,0,,,110.0
persistence_static,180min_3of18,availability_only,drift,1.0,136,136,0,0,68,True,0.0,136,0,,,110.0
persistence_static,180min_3of18,availability_only,drift,2.0,136,136,0,0,68,True,0.0,136,0,,,110.0
persistence_static,180min_3of18,combined,random_missing,0.5,136,58,78,78,46,True,0.33695652173913043,40,18,40.0,63.00000000000001,86.41304347826087
persistence_static,180min_3of18,combined,random_missing,1.0,136,94,42,52,64,True,0.3828125,60,34,40.0,67.0,84.296875
persistence_static,180min_3of18,combined,random_missing,2.0,136,127,9,17,67,True,0.7014925373134329,38,89,30.0,50.0,55.149253731343286
persistence_static,180min_3of18,combined,block_missing,0.5,136,136,0,71,68,True,0.5588235294117647,60,76,30.0,60.0,69.70588235294117
persistence_static,180min_3of18,combined,block_missing,1.0,136,136,0,70,68,True,0.9411764705882353,8,128,30.0,30.0,30.294117647058822
persistence_static,180min_3of18,combined,block_missing,2.0,136,136,0,68,68,True,0.9411764705882353,8,128,20.0,20.0,20.735294117647058
persistence_static,180min_3of18,combined,stuck,0.5,136,136,0,68,68,True,0.08823529411764706,124,12,90.0,110.0,108.38235294117646
persistence_static,180min_3of18,combined,stuck,1.0,136,136,0,77,68,True,0.08823529411764706,124,12,100.0,110.0,108.67647058823529
persistence_static,180min_3of18,combined,stuck,2.0,136,136,0,68,68,True,0.07352941176470588,126,10,100.0,110.0,108.52941176470588
persistence_static,180min_3of18,combined,dropout,0.5,136,136,0,68,68,True,0.5,68,68,40.0,70.0,77.5
persistence_static,180min_3of18,combined,dropout,1.0,136,136,0,68,68,True,0.4852941176470588,70,66,40.0,70.0,78.67647058823529
persistence_static,180min_3of18,combined,dropout,2.0,136,136,0,68,68,True,0.4264705882352941,78,58,60.0,110.0,88.38235294117646
persistence_static,180min_3of18,combined,bias,0.5,136,136,0,0,68,True,0.4632352941176471,73,63,50.0,70.0,81.98529411764706
persistence_static,180min_3of18,combined,bias,1.0,136,136,0,0,68,True,0.6691176470588235,45,91,50.0,50.0,65.07352941176471
persistence_static,180min_3of18,combined,bias,2.0,136,136,0,0,68,True,0.9411764705882353,8,128,40.0,50.0,37.5735294117647
persistence_static,180min_3of18,combined,level_shift,0.5,136,136,0,0,68,True,0.5,68,68,60.0,110.0,81.91176470588235
persistence_static,180min_3of18,combined,level_shift,1.0,136,136,0,0,68,True,0.5,68,68,60.0,110.0,81.91176470588235
persistence_static,180min_3of18,combined,level_shift,2.0,136,136,0,0,68,True,0.5,68,68,60.0,110.0,81.83823529411765
persistence_static,180min_3of18,combined,drift,0.5,136,136,0,0,68,True,0.25,102,34,60.0,90.99999999999997,96.98529411764706
persistence_static,180min_3of18,combined,drift,1.0,136,136,0,0,68,True,0.4852941176470588,70,66,60.0,60.0,82.05882352941177
persistence_static,180min_3of18,combined,drift,2.0,136,136,0,0,68,True,0.9338235294117647,9,127,30.0,40.0,34.11764705882353
persistence_static,180min_3of18,numerical_only,random_missing,0.5,136,58,78,78,46,True,0.08695652173913043,54,4,80.0,94.0,106.73913043478261
persistence_static,180min_3of18,numerical_only,random_missing,1.0,136,94,42,52,64,True,0.109375,84,10,90.0,110.0,107.03125
persistence_static,180min_3of18,numerical_only,random_missing,2.0,136,127,9,17,67,True,0.08208955223880597,116,11,80.0,110.0,107.91044776119404
persistence_static,180min_3of18,numerical_only,block_missing,0.5,136,136,0,71,68,True,0.08823529411764706,124,12,90.0,110.0,108.38235294117646
persistence_static,180min_3of18,numerical_only,block_missing,1.0,136,136,0,70,68,True,0.08823529411764706,124,12,100.0,110.0,108.67647058823529
persistence_static,180min_3of18,numerical_only,block_missing,2.0,136,136,0,68,68,True,0.07352941176470588,126,10,100.0,110.0,108.52941176470588
persistence_static,180min_3of18,numerical_only,stuck,0.5,136,136,0,68,68,True,0.08823529411764706,124,12,90.0,110.0,108.38235294117646
persistence_static,180min_3of18,numerical_only,stuck,1.0,136,136,0,77,68,True,0.08823529411764706,124,12,100.0,110.0,108.67647058823529
persistence_static,180min_3of18,numerical_only,stuck,2.0,136,136,0,68,68,True,0.07352941176470588,126,10,100.0,110.0,108.52941176470588
persistence_static,180min_3of18,numerical_only,dropout,0.5,136,136,0,68,68,True,0.5,68,68,40.0,70.0,77.5
persistence_static,180min_3of18,numerical_only,dropout,1.0,136,136,0,68,68,True,0.4852941176470588,70,66,40.0,70.0,78.67647058823529
persistence_static,180min_3of18,numerical_only,dropout,2.0,136,136,0,68,68,True,0.4264705882352941,78,58,60.0,110.0,88.38235294117646
persistence_static,180min_3of18,numerical_only,bias,0.5,136,136,0,0,68,True,0.4632352941176471,73,63,50.0,70.0,81.98529411764706
persistence_static,180min_3of18,numerical_only,bias,1.0,136,136,0,0,68,True,0.6691176470588235,45,91,50.0,50.0,65.07352941176471
persistence_static,180min_3of18,numerical_only,bias,2.0,136,136,0,0,68,True,0.9411764705882353,8,128,40.0,50.0,37.5735294117647
persistence_static,180min_3of18,numerical_only,level_shift,0.5,136,136,0,0,68,True,0.5,68,68,60.0,110.0,81.91176470588235
persistence_static,180min_3of18,numerical_only,level_shift,1.0,136,136,0,0,68,True,0.5,68,68,60.0,110.0,81.91176470588235
persistence_static,180min_3of18,numerical_only,level_shift,2.0,136,136,0,0,68,True,0.5,68,68,60.0,110.0,81.83823529411765
persistence_static,180min_3of18,numerical_only,drift,0.5,136,136,0,0,68,True,0.25,102,34,60.0,90.99999999999997,96.98529411764706
persistence_static,180min_3of18,numerical_only,drift,1.0,136,136,0,0,68,True,0.4852941176470588,70,66,60.0,60.0,82.05882352941177
persistence_static,180min_3of18,numerical_only,drift,2.0,136,136,0,0,68,True,0.9338235294117647,9,127,30.0,40.0,34.11764705882353
persistence_static,30min_3of3,availability_only,random_missing,0.5,136,58,78,78,46,True,0.021739130434782608,57,1,20.0,20.0,108.04347826086956
persistence_static,30min_3of3,availability_only,random_missing,1.0,136,94,42,52,64,True,0.03125,91,3,50.0,50.0,107.8125
persistence_static,30min_3of3,availability_only,random_missing,2.0,136,127,9,17,67,True,0.2537313432835821,96,31,40.0,50.0,91.19402985074628
persistence_static,30min_3of3,availability_only,block_missing,0.5,136,136,0,71,68,True,0.0,136,0,,,110.0
persistence_static,30min_3of3,availability_only,block_missing,1.0,136,136,0,70,68,True,1.0,0,136,30.0,30.0,30.0
persistence_static,30min_3of3,availability_only,block_missing,2.0,136,136,0,68,68,True,1.0,0,136,20.0,20.0,20.0
persistence_static,30min_3of3,availability_only,stuck,0.5,136,136,0,68,68,True,0.0,136,0,,,110.0
persistence_static,30min_3of3,availability_only,stuck,1.0,136,136,0,77,68,True,0.0,136,0,,,110.0
persistence_static,30min_3of3,availability_only,stuck,2.0,136,136,0,68,68,True,0.0,136,0,,,110.0
persistence_static,30min_3of3,availability_only,dropout,0.5,136,136,0,68,68,True,0.0,136,0,,,110.0
persistence_static,30min_3of3,availability_only,dropout,1.0,136,136,0,68,68,True,0.0,136,0,,,110.0
persistence_static,30min_3of3,availability_only,dropout,2.0,136,136,0,68,68,True,0.0,136,0,,,110.0
persistence_static,30min_3of3,availability_only,bias,0.5,136,136,0,0,68,True,0.0,136,0,,,110.0
persistence_static,30min_3of3,availability_only,bias,1.0,136,136,0,0,68,True,0.0,136,0,,,110.0
persistence_static,30min_3of3,availability_only,bias,2.0,136,136,0,0,68,True,0.0,136,0,,,110.0
persistence_static,30min_3of3,availability_only,level_shift,0.5,136,136,0,0,68,True,0.0,136,0,,,110.0
persistence_static,30min_3of3,availability_only,level_shift,1.0,136,136,0,0,68,True,0.0,136,0,,,110.0
persistence_static,30min_3of3,availability_only,level_shift,2.0,136,136,0,0,68,True,0.0,136,0,,,110.0
persistence_static,30min_3of3,availability_only,drift,0.5,136,136,0,0,68,True,0.0,136,0,,,110.0
persistence_static,30min_3of3,availability_only,drift,1.0,136,136,0,0,68,True,0.0,136,0,,,110.0
persistence_static,30min_3of3,availability_only,drift,2.0,136,136,0,0,68,True,0.0,136,0,,,110.0
persistence_static,30min_3of3,combined,random_missing,0.5,136,58,78,78,46,True,0.021739130434782608,57,1,20.0,20.0,108.04347826086956
persistence_static,30min_3of3,combined,random_missing,1.0,136,94,42,52,64,True,0.1015625,86,8,40.0,50.0,102.734375
persistence_static,30min_3of3,combined,random_missing,2.0,136,127,9,17,67,True,0.3283582089552239,87,40,40.0,50.0,85.97014925373135
persistence_static,30min_3of3,combined,block_missing,0.5,136,136,0,71,68,True,0.19117647058823528,110,26,40.0,40.0,96.02941176470588
persistence_static,30min_3of3,combined,block_missing,1.0,136,136,0,70,68,True,1.0,0,136,30.0,30.0,30.0
persistence_static,30min_3of3,combined,block_missing,2.0,136,136,0,68,68,True,0.9852941176470589,2,134,20.0,20.0,21.323529411764707
persistence_static,30min_3of3,combined,stuck,0.5,136,136,0,68,68,True,0.0,136,0,,,110.0
persistence_static,30min_3of3,combined,stuck,1.0,136,136,0,77,68,True,0.0,136,0,,,110.0
persistence_static,30min_3of3,combined,stuck,2.0,136,136,0,68,68,True,0.0,136,0,,,110.0
persistence_static,30min_3of3,combined,dropout,0.5,136,136,0,68,68,True,0.0,136,0,,,110.0
persistence_static,30min_3of3,combined,dropout,1.0,136,136,0,68,68,True,0.0,136,0,,,110.0
persistence_static,30min_3of3,combined,dropout,2.0,136,136,0,68,68,True,0.014705882352941176,134,2,80.0,80.0,109.55882352941177
persistence_static,30min_3of3,combined,bias,0.5,136,136,0,0,68,True,0.022058823529411766,133,3,30.0,46.0,108.38235294117646
persistence_static,30min_3of3,combined,bias,1.0,136,136,0,0,68,True,0.04411764705882353,130,6,30.0,55.0,106.83823529411765
persistence_static,30min_3of3,combined,bias,2.0,136,136,0,0,68,True,0.058823529411764705,128,8,30.0,60.0,105.73529411764706
persistence_static,30min_3of3,combined,level_shift,0.5,136,136,0,0,68,True,0.029411764705882353,132,4,50.0,80.0,108.23529411764706
persistence_static,30min_3of3,combined,level_shift,1.0,136,136,0,0,68,True,0.029411764705882353,132,4,50.0,80.0,108.23529411764706
persistence_static,30min_3of3,combined,level_shift,2.0,136,136,0,0,68,True,0.022058823529411766,133,3,80.0,80.0,108.8970588235294
persistence_static,30min_3of3,combined,drift,0.5,136,136,0,0,68,True,0.03676470588235294,131,5,40.0,80.0,107.94117647058823
persistence_static,30min_3of3,combined,drift,1.0,136,136,0,0,68,True,0.07352941176470588,126,10,60.0,80.0,105.88235294117646
persistence_static,30min_3of3,combined,drift,2.0,136,136,0,0,68,True,0.9264705882352942,10,126,30.0,60.0,41.61764705882353
persistence_static,30min_3of3,numerical_only,random_missing,0.5,136,58,78,78,46,True,0.0,58,0,,,110.0
persistence_static,30min_3of3,numerical_only,random_missing,1.0,136,94,42,52,64,True,0.0,94,0,,,110.0
persistence_static,30min_3of3,numerical_only,random_missing,2.0,136,127,9,17,67,True,0.0,127,0,,,110.0
persistence_static,30min_3of3,numerical_only,block_missing,0.5,136,136,0,71,68,True,0.0,136,0,,,110.0
persistence_static,30min_3of3,numerical_only,block_missing,1.0,136,136,0,70,68,True,0.0,136,0,,,110.0
persistence_static,30min_3of3,numerical_only,block_missing,2.0,136,136,0,68,68,True,0.0,136,0,,,110.0
persistence_static,30min_3of3,numerical_only,stuck,0.5,136,136,0,68,68,True,0.0,136,0,,,110.0
persistence_static,30min_3of3,numerical_only,stuck,1.0,136,136,0,77,68,True,0.0,136,0,,,110.0
persistence_static,30min_3of3,numerical_only,stuck,2.0,136,136,0,68,68,True,0.0,136,0,,,110.0
persistence_static,30min_3of3,numerical_only,dropout,0.5,136,136,0,68,68,True,0.0,136,0,,,110.0
persistence_static,30min_3of3,numerical_only,dropout,1.0,136,136,0,68,68,True,0.0,136,0,,,110.0
persistence_static,30min_3of3,numerical_only,dropout,2.0,136,136,0,68,68,True,0.014705882352941176,134,2,80.0,80.0,109.55882352941177
persistence_static,30min_3of3,numerical_only,bias,0.5,136,136,0,0,68,True,0.022058823529411766,133,3,30.0,46.0,108.38235294117646
persistence_static,30min_3of3,numerical_only,bias,1.0,136,136,0,0,68,True,0.04411764705882353,130,6,30.0,55.0,106.83823529411765
persistence_static,30min_3of3,numerical_only,bias,2.0,136,136,0,0,68,True,0.058823529411764705,128,8,30.0,60.0,105.73529411764706
persistence_static,30min_3of3,numerical_only,level_shift,0.5,136,136,0,0,68,True,0.029411764705882353,132,4,50.0,80.0,108.23529411764706
persistence_static,30min_3of3,numerical_only,level_shift,1.0,136,136,0,0,68,True,0.029411764705882353,132,4,50.0,80.0,108.23529411764706
persistence_static,30min_3of3,numerical_only,level_shift,2.0,136,136,0,0,68,True,0.022058823529411766,133,3,80.0,80.0,108.8970588235294
persistence_static,30min_3of3,numerical_only,drift,0.5,136,136,0,0,68,True,0.03676470588235294,131,5,40.0,80.0,107.94117647058823
persistence_static,30min_3of3,numerical_only,drift,1.0,136,136,0,0,68,True,0.07352941176470588,126,10,60.0,80.0,105.88235294117646
persistence_static,30min_3of3,numerical_only,drift,2.0,136,136,0,0,68,True,0.9264705882352942,10,126,30.0,60.0,41.61764705882353
persistence_static,360min_4of36,availability_only,random_missing,0.5,136,58,78,78,46,True,0.021739130434782608,57,1,40.0,40.0,108.47826086956522
persistence_static,360min_4of36,availability_only,random_missing,1.0,136,94,42,52,64,True,0.0234375,92,2,50.0,50.0,108.59375
persistence_static,360min_4of36,availability_only,random_missing,2.0,136,127,9,17,67,True,0.26865671641791045,94,33,50.0,50.0,92.61194029850746
persistence_static,360min_4of36,availability_only,block_missing,0.5,136,136,0,71,68,True,0.0,136,0,,,110.0
persistence_static,360min_4of36,availability_only,block_missing,1.0,136,136,0,70,68,True,0.0,136,0,,,110.0
persistence_static,360min_4of36,availability_only,block_missing,2.0,136,136,0,68,68,True,1.0,0,136,30.0,30.0,30.0
persistence_static,360min_4of36,availability_only,stuck,0.5,136,136,0,68,68,True,0.0,136,0,,,110.0
persistence_static,360min_4of36,availability_only,stuck,1.0,136,136,0,77,68,True,0.0,136,0,,,110.0
persistence_static,360min_4of36,availability_only,stuck,2.0,136,136,0,68,68,True,0.0,136,0,,,110.0
persistence_static,360min_4of36,availability_only,dropout,0.5,136,136,0,68,68,True,0.0,136,0,,,110.0
persistence_static,360min_4of36,availability_only,dropout,1.0,136,136,0,68,68,True,0.0,136,0,,,110.0
persistence_static,360min_4of36,availability_only,dropout,2.0,136,136,0,68,68,True,0.0,136,0,,,110.0
persistence_static,360min_4of36,availability_only,bias,0.5,136,136,0,0,68,True,0.0,136,0,,,110.0
persistence_static,360min_4of36,availability_only,bias,1.0,136,136,0,0,68,True,0.0,136,0,,,110.0
persistence_static,360min_4of36,availability_only,bias,2.0,136,136,0,0,68,True,0.0,136,0,,,110.0
persistence_static,360min_4of36,availability_only,level_shift,0.5,136,136,0,0,68,True,0.0,136,0,,,110.0
persistence_static,360min_4of36,availability_only,level_shift,1.0,136,136,0,0,68,True,0.0,136,0,,,110.0
persistence_static,360min_4of36,availability_only,level_shift,2.0,136,136,0,0,68,True,0.0,136,0,,,110.0
persistence_static,360min_4of36,availability_only,drift,0.5,136,136,0,0,68,True,0.0,136,0,,,110.0
persistence_static,360min_4of36,availability_only,drift,1.0,136,136,0,0,68,True,0.0,136,0,,,110.0
persistence_static,360min_4of36,availability_only,drift,2.0,136,136,0,0,68,True,0.0,136,0,,,110.0
persistence_static,360min_4of36,combined,random_missing,0.5,136,58,78,78,46,True,0.18478260869565216,47,11,40.0,70.0,96.52173913043478
persistence_static,360min_4of36,combined,random_missing,1.0,136,94,42,52,64,True,0.2734375,71,23,40.0,108.0,93.59375
persistence_static,360min_4of36,combined,random_missing,2.0,136,127,9,17,67,True,0.5,64,63,30.0,50.0,72.23880597014926
persistence_static,360min_4of36,combined,block_missing,0.5,136,136,0,71,68,True,0.3382352941176471,90,46,30.0,70.0,85.58823529411765
persistence_static,360min_4of36,combined,block_missing,1.0,136,136,0,70,68,True,0.6764705882352942,44,92,30.0,40.0,56.76470588235294
persistence_static,360min_4of36,combined,block_missing,2.0,136,136,0,68,68,True,0.8823529411764706,16,120,20.0,30.0,30.58823529411765
persistence_static,360min_4of36,combined,stuck,0.5,136,136,0,68,68,True,0.029411764705882353,132,4,55.0,100.0,108.38235294117646
persistence_static,360min_4of36,combined,stuck,1.0,136,136,0,77,68,True,0.014705882352941176,134,2,80.0,80.0,109.55882352941177
persistence_static,360min_4of36,combined,stuck,2.0,136,136,0,68,68,True,0.0,136,0,,,110.0
persistence_static,360min_4of36,combined,dropout,0.5,136,136,0,68,68,True,0.29411764705882354,96,40,40.0,91.00000000000001,91.32352941176471
persistence_static,360min_4of36,combined,dropout,1.0,136,136,0,68,68,True,0.29411764705882354,96,40,40.0,101.00000000000001,91.76470588235294
persistence_static,360min_4of36,combined,dropout,2.0,136,136,0,68,68,True,0.3088235294117647,94,42,60.0,100.0,91.61764705882354
persistence_static,360min_4of36,combined,bias,0.5,136,136,0,0,68,True,0.3014705882352941,95,41,50.0,100.0,92.3529411764706
persistence_static,360min_4of36,combined,bias,1.0,136,136,0,0,68,True,0.4485294117647059,75,61,50.0,70.0,80.88235294117646
persistence_static,360min_4of36,combined,bias,2.0,136,136,0,0,68,True,0.8235294117647058,24,112,40.0,50.0,51.25
persistence_static,360min_4of36,combined,level_shift,0.5,136,136,0,0,68,True,0.3382352941176471,90,46,60.0,90.0,88.38235294117646
persistence_static,360min_4of36,combined,level_shift,1.0,136,136,0,0,68,True,0.3382352941176471,90,46,60.0,90.0,88.38235294117646
persistence_static,360min_4of36,combined,level_shift,2.0,136,136,0,0,68,True,0.34558823529411764,89,47,60.0,90.0,88.23529411764706
persistence_static,360min_4of36,combined,drift,0.5,136,136,0,0,68,True,0.16911764705882354,113,23,60.0,110.0,102.27941176470588
persistence_static,360min_4of36,combined,drift,1.0,136,136,0,0,68,True,0.3235294117647059,92,44,60.0,77.00000000000003,91.69117647058823
persistence_static,360min_4of36,combined,drift,2.0,136,136,0,0,68,True,0.8897058823529411,15,121,40.0,50.0,43.38235294117647
persistence_static,360min_4of36,numerical_only,random_missing,0.5,136,58,78,78,46,True,0.043478260869565216,56,2,15.0,19.0,105.8695652173913
persistence_static,360min_4of36,numerical_only,random_missing,1.0,136,94,42,52,64,True,0.046875,91,3,20.0,84.0,106.875
persistence_static,360min_4of36,numerical_only,random_missing,2.0,136,127,9,17,67,True,0.05223880597014925,120,7,20.0,88.0,106.26865671641791
persistence_static,360min_4of36,numerical_only,block_missing,0.5,136,136,0,71,68,True,0.029411764705882353,132,4,55.0,100.0,108.38235294117646
persistence_static,360min_4of36,numerical_only,block_missing,1.0,136,136,0,70,68,True,0.014705882352941176,134,2,80.0,80.0,109.55882352941177
persistence_static,360min_4of36,numerical_only,block_missing,2.0,136,136,0,68,68,True,0.0,136,0,,,110.0
persistence_static,360min_4of36,numerical_only,stuck,0.5,136,136,0,68,68,True,0.029411764705882353,132,4,55.0,100.0,108.38235294117646
persistence_static,360min_4of36,numerical_only,stuck,1.0,136,136,0,77,68,True,0.014705882352941176,134,2,80.0,80.0,109.55882352941177
persistence_static,360min_4of36,numerical_only,stuck,2.0,136,136,0,68,68,True,0.0,136,0,,,110.0
persistence_static,360min_4of36,numerical_only,dropout,0.5,136,136,0,68,68,True,0.29411764705882354,96,40,40.0,91.00000000000001,91.32352941176471
persistence_static,360min_4of36,numerical_only,dropout,1.0,136,136,0,68,68,True,0.29411764705882354,96,40,40.0,101.00000000000001,91.76470588235294
persistence_static,360min_4of36,numerical_only,dropout,2.0,136,136,0,68,68,True,0.3088235294117647,94,42,60.0,100.0,91.61764705882354
persistence_static,360min_4of36,numerical_only,bias,0.5,136,136,0,0,68,True,0.3014705882352941,95,41,50.0,100.0,92.3529411764706
persistence_static,360min_4of36,numerical_only,bias,1.0,136,136,0,0,68,True,0.4485294117647059,75,61,50.0,70.0,80.88235294117646
persistence_static,360min_4of36,numerical_only,bias,2.0,136,136,0,0,68,True,0.8235294117647058,24,112,40.0,50.0,51.25
persistence_static,360min_4of36,numerical_only,level_shift,0.5,136,136,0,0,68,True,0.3382352941176471,90,46,60.0,90.0,88.38235294117646
persistence_static,360min_4of36,numerical_only,level_shift,1.0,136,136,0,0,68,True,0.3382352941176471,90,46,60.0,90.0,88.38235294117646
persistence_static,360min_4of36,numerical_only,level_shift,2.0,136,136,0,0,68,True,0.34558823529411764,89,47,60.0,90.0,88.23529411764706
persistence_static,360min_4of36,numerical_only,drift,0.5,136,136,0,0,68,True,0.16911764705882354,113,23,60.0,110.0,102.27941176470588
persistence_static,360min_4of36,numerical_only,drift,1.0,136,136,0,0,68,True,0.3235294117647059,92,44,60.0,77.00000000000003,91.69117647058823
persistence_static,360min_4of36,numerical_only,drift,2.0,136,136,0,0,68,True,0.8897058823529411,15,121,40.0,50.0,43.38235294117647
persistence_static,60min_4of6,availability_only,random_missing,0.5,136,58,78,78,46,True,0.021739130434782608,57,1,40.0,40.0,108.47826086956522
persistence_static,60min_4of6,availability_only,random_missing,1.0,136,94,42,52,64,True,0.0234375,92,2,50.0,50.0,108.59375
persistence_static,60min_4of6,availability_only,random_missing,2.0,136,127,9,17,67,True,0.26865671641791045,94,33,50.0,50.0,92.61194029850746
persistence_static,60min_4of6,availability_only,block_missing,0.5,136,136,0,71,68,True,0.0,136,0,,,110.0
persistence_static,60min_4of6,availability_only,block_missing,1.0,136,136,0,70,68,True,0.0,136,0,,,110.0
persistence_static,60min_4of6,availability_only,block_missing,2.0,136,136,0,68,68,True,1.0,0,136,30.0,30.0,30.0
persistence_static,60min_4of6,availability_only,stuck,0.5,136,136,0,68,68,True,0.0,136,0,,,110.0
persistence_static,60min_4of6,availability_only,stuck,1.0,136,136,0,77,68,True,0.0,136,0,,,110.0
persistence_static,60min_4of6,availability_only,stuck,2.0,136,136,0,68,68,True,0.0,136,0,,,110.0
persistence_static,60min_4of6,availability_only,dropout,0.5,136,136,0,68,68,True,0.0,136,0,,,110.0
persistence_static,60min_4of6,availability_only,dropout,1.0,136,136,0,68,68,True,0.0,136,0,,,110.0
persistence_static,60min_4of6,availability_only,dropout,2.0,136,136,0,68,68,True,0.0,136,0,,,110.0
persistence_static,60min_4of6,availability_only,bias,0.5,136,136,0,0,68,True,0.0,136,0,,,110.0
persistence_static,60min_4of6,availability_only,bias,1.0,136,136,0,0,68,True,0.0,136,0,,,110.0
persistence_static,60min_4of6,availability_only,bias,2.0,136,136,0,0,68,True,0.0,136,0,,,110.0
persistence_static,60min_4of6,availability_only,level_shift,0.5,136,136,0,0,68,True,0.0,136,0,,,110.0
persistence_static,60min_4of6,availability_only,level_shift,1.0,136,136,0,0,68,True,0.0,136,0,,,110.0
persistence_static,60min_4of6,availability_only,level_shift,2.0,136,136,0,0,68,True,0.0,136,0,,,110.0
persistence_static,60min_4of6,availability_only,drift,0.5,136,136,0,0,68,True,0.0,136,0,,,110.0
persistence_static,60min_4of6,availability_only,drift,1.0,136,136,0,0,68,True,0.0,136,0,,,110.0
persistence_static,60min_4of6,availability_only,drift,2.0,136,136,0,0,68,True,0.0,136,0,,,110.0
persistence_static,60min_4of6,combined,random_missing,0.5,136,58,78,78,46,True,0.021739130434782608,57,1,40.0,40.0,108.47826086956522
persistence_static,60min_4of6,combined,random_missing,1.0,136,94,42,52,64,True,0.078125,88,6,50.0,50.0,104.53125
persistence_static,60min_4of6,combined,random_missing,2.0,136,127,9,17,67,True,0.3208955223880597,88,39,40.0,50.0,88.28358208955224
persistence_static,60min_4of6,combined,block_missing,0.5,136,136,0,71,68,True,0.04411764705882353,130,6,40.0,60.0,106.91176470588235
persistence_static,60min_4of6,combined,block_missing,1.0,136,136,0,70,68,True,0.29411764705882354,96,40,40.0,41.000000000000014,89.70588235294117
persistence_static,60min_4of6,combined,block_missing,2.0,136,136,0,68,68,True,0.9852941176470589,2,134,30.0,30.0,30.441176470588236
persistence_static,60min_4of6,combined,stuck,0.5,136,136,0,68,68,True,0.0,136,0,,,110.0
persistence_static,60min_4of6,combined,stuck,1.0,136,136,0,77,68,True,0.0,136,0,,,110.0
persistence_static,60min_4of6,combined,stuck,2.0,136,136,0,68,68,True,0.0,136,0,,,110.0
persistence_static,60min_4of6,combined,dropout,0.5,136,136,0,68,68,True,0.014705882352941176,134,2,20.0,20.0,108.67647058823529
persistence_static,60min_4of6,combined,dropout,1.0,136,136,0,68,68,True,0.0,136,0,,,110.0
persistence_static,60min_4of6,combined,dropout,2.0,136,136,0,68,68,True,0.0,136,0,,,110.0
persistence_static,60min_4of6,combined,bias,0.5,136,136,0,0,68,True,0.03676470588235294,131,5,40.0,62.0,107.57352941176471
persistence_static,60min_4of6,combined,bias,1.0,136,136,0,0,68,True,0.08823529411764706,124,12,50.0,59.0,104.63235294117646
persistence_static,60min_4of6,combined,bias,2.0,136,136,0,0,68,True,0.7720588235294118,31,105,50.0,50.0,63.455882352941174
persistence_static,60min_4of6,combined,level_shift,0.5,136,136,0,0,68,True,0.022058823529411766,133,3,30.0,30.0,108.16176470588235
persistence_static,60min_4of6,combined,level_shift,1.0,136,136,0,0,68,True,0.014705882352941176,134,2,30.0,30.0,108.82352941176471
persistence_static,60min_4of6,combined,level_shift,2.0,136,136,0,0,68,True,0.014705882352941176,134,2,50.0,66.0,109.11764705882354
persistence_static,60min_4of6,combined,drift,0.5,136,136,0,0,68,True,0.04411764705882353,130,6,60.0,60.0,107.20588235294117
persistence_static,60min_4of6,combined,drift,1.0,136,136,0,0,68,True,0.0661764705882353,127,9,50.0,60.0,106.1029411764706
persistence_static,60min_4of6,combined,drift,2.0,136,136,0,0,68,True,0.9705882352941176,4,132,40.0,50.0,46.544117647058826
persistence_static,60min_4of6,numerical_only,random_missing,0.5,136,58,78,78,46,True,0.0,58,0,,,110.0
persistence_static,60min_4of6,numerical_only,random_missing,1.0,136,94,42,52,64,True,0.0,94,0,,,110.0
persistence_static,60min_4of6,numerical_only,random_missing,2.0,136,127,9,17,67,True,0.0,127,0,,,110.0
persistence_static,60min_4of6,numerical_only,block_missing,0.5,136,136,0,71,68,True,0.0,136,0,,,110.0
persistence_static,60min_4of6,numerical_only,block_missing,1.0,136,136,0,70,68,True,0.0,136,0,,,110.0
persistence_static,60min_4of6,numerical_only,block_missing,2.0,136,136,0,68,68,True,0.0,136,0,,,110.0
persistence_static,60min_4of6,numerical_only,stuck,0.5,136,136,0,68,68,True,0.0,136,0,,,110.0
persistence_static,60min_4of6,numerical_only,stuck,1.0,136,136,0,77,68,True,0.0,136,0,,,110.0
persistence_static,60min_4of6,numerical_only,stuck,2.0,136,136,0,68,68,True,0.0,136,0,,,110.0
persistence_static,60min_4of6,numerical_only,dropout,0.5,136,136,0,68,68,True,0.014705882352941176,134,2,20.0,20.0,108.67647058823529
persistence_static,60min_4of6,numerical_only,dropout,1.0,136,136,0,68,68,True,0.0,136,0,,,110.0
persistence_static,60min_4of6,numerical_only,dropout,2.0,136,136,0,68,68,True,0.0,136,0,,,110.0
persistence_static,60min_4of6,numerical_only,bias,0.5,136,136,0,0,68,True,0.03676470588235294,131,5,40.0,62.0,107.57352941176471
persistence_static,60min_4of6,numerical_only,bias,1.0,136,136,0,0,68,True,0.08823529411764706,124,12,50.0,59.0,104.63235294117646
persistence_static,60min_4of6,numerical_only,bias,2.0,136,136,0,0,68,True,0.7720588235294118,31,105,50.0,50.0,63.455882352941174
persistence_static,60min_4of6,numerical_only,level_shift,0.5,136,136,0,0,68,True,0.022058823529411766,133,3,30.0,30.0,108.16176470588235
persistence_static,60min_4of6,numerical_only,level_shift,1.0,136,136,0,0,68,True,0.014705882352941176,134,2,30.0,30.0,108.82352941176471
persistence_static,60min_4of6,numerical_only,level_shift,2.0,136,136,0,0,68,True,0.014705882352941176,134,2,50.0,66.0,109.11764705882354
persistence_static,60min_4of6,numerical_only,drift,0.5,136,136,0,0,68,True,0.04411764705882353,130,6,60.0,60.0,107.20588235294117
persistence_static,60min_4of6,numerical_only,drift,1.0,136,136,0,0,68,True,0.0661764705882353,127,9,50.0,60.0,106.1029411764706
persistence_static,60min_4of6,numerical_only,drift,2.0,136,136,0,0,68,True,0.9705882352941176,4,132,40.0,50.0,46.544117647058826
persistence_static,single_sample,availability_only,random_missing,0.5,136,58,78,78,46,True,1.0,0,58,15.0,50.0,17.5
persistence_static,single_sample,availability_only,random_missing,1.0,136,94,42,52,64,True,1.0,0,94,20.0,47.00000000000003,20.234375
persistence_static,single_sample,availability_only,random_missing,2.0,136,127,9,17,67,True,1.0,0,127,10.0,30.0,10.671641791044776
persistence_static,single_sample,availability_only,block_missing,0.5,136,136,0,71,68,True,1.0,0,136,20.0,20.0,20.0
persistence_static,single_sample,availability_only,block_missing,1.0,136,136,0,70,68,True,1.0,0,136,10.0,10.0,10.0
persistence_static,single_sample,availability_only,block_missing,2.0,136,136,0,68,68,True,1.0,0,136,0.0,0.0,0.0
persistence_static,single_sample,availability_only,stuck,0.5,136,136,0,68,68,True,0.0,136,0,,,110.0
persistence_static,single_sample,availability_only,stuck,1.0,136,136,0,77,68,True,0.0,136,0,,,110.0
persistence_static,single_sample,availability_only,stuck,2.0,136,136,0,68,68,True,0.0,136,0,,,110.0
persistence_static,single_sample,availability_only,dropout,0.5,136,136,0,68,68,True,0.0,136,0,,,110.0
persistence_static,single_sample,availability_only,dropout,1.0,136,136,0,68,68,True,0.0,136,0,,,110.0
persistence_static,single_sample,availability_only,dropout,2.0,136,136,0,68,68,True,0.0,136,0,,,110.0
persistence_static,single_sample,availability_only,bias,0.5,136,136,0,0,68,True,0.0,136,0,,,110.0
persistence_static,single_sample,availability_only,bias,1.0,136,136,0,0,68,True,0.0,136,0,,,110.0
persistence_static,single_sample,availability_only,bias,2.0,136,136,0,0,68,True,0.0,136,0,,,110.0
persistence_static,single_sample,availability_only,level_shift,0.5,136,136,0,0,68,True,0.0,136,0,,,110.0
persistence_static,single_sample,availability_only,level_shift,1.0,136,136,0,0,68,True,0.0,136,0,,,110.0
persistence_static,single_sample,availability_only,level_shift,2.0,136,136,0,0,68,True,0.0,136,0,,,110.0
persistence_static,single_sample,availability_only,drift,0.5,136,136,0,0,68,True,0.0,136,0,,,110.0
persistence_static,single_sample,availability_only,drift,1.0,136,136,0,0,68,True,0.0,136,0,,,110.0
persistence_static,single_sample,availability_only,drift,2.0,136,136,0,0,68,True,0.0,136,0,,,110.0
persistence_static,single_sample,combined,random_missing,0.5,136,58,78,78,46,True,1.0,0,58,10.0,43.00000000000004,16.73913043478261
persistence_static,single_sample,combined,random_missing,1.0,136,94,42,52,64,True,1.0,0,94,10.0,40.0,18.75
persistence_static,single_sample,combined,random_missing,2.0,136,127,9,17,67,True,1.0,0,127,10.0,30.0,10.522388059701493
persistence_static,single_sample,combined,block_missing,0.5,136,136,0,71,68,True,1.0,0,136,20.0,20.0,19.41176470588235
persistence_static,single_sample,combined,block_missing,1.0,136,136,0,70,68,True,1.0,0,136,10.0,10.0,10.0
persistence_static,single_sample,combined,block_missing,2.0,136,136,0,68,68,True,0.9852941176470589,2,134,0.0,0.0,1.6176470588235294
persistence_static,single_sample,combined,stuck,0.5,136,136,0,68,68,True,0.3382352941176471,90,46,40.0,110.0,91.76470588235294
persistence_static,single_sample,combined,stuck,1.0,136,136,0,77,68,True,0.4117647058823529,80,56,40.0,105.0,88.23529411764706
persistence_static,single_sample,combined,stuck,2.0,136,136,0,68,68,True,0.36764705882352944,86,50,60.0,110.0,95.29411764705883
persistence_static,single_sample,combined,dropout,0.5,136,136,0,68,68,True,1.0,0,136,20.0,20.0,19.41176470588235
persistence_static,single_sample,combined,dropout,1.0,136,136,0,68,68,True,1.0,0,136,10.0,10.0,10.0
persistence_static,single_sample,combined,dropout,2.0,136,136,0,68,68,True,1.0,0,136,0.0,0.0,0.8823529411764706
persistence_static,single_sample,combined,bias,0.5,136,136,0,0,68,True,0.9852941176470589,2,134,10.0,20.0,15.514705882352942
persistence_static,single_sample,combined,bias,1.0,136,136,0,0,68,True,1.0,0,136,10.0,10.0,10.0
persistence_static,single_sample,combined,bias,2.0,136,136,0,0,68,True,1.0,0,136,10.0,10.0,10.0
persistence_static,single_sample,combined,level_shift,0.5,136,136,0,0,68,True,1.0,0,136,0.0,0.0,0.29411764705882354
persistence_static,single_sample,combined,level_shift,1.0,136,136,0,0,68,True,1.0,0,136,0.0,0.0,0.29411764705882354
persistence_static,single_sample,combined,level_shift,2.0,136,136,0,0,68,True,1.0,0,136,0.0,0.0,0.29411764705882354
persistence_static,single_sample,combined,drift,0.5,136,136,0,0,68,True,0.9926470588235294,1,135,60.0,60.0,50.73529411764706
persistence_static,single_sample,combined,drift,1.0,136,136,0,0,68,True,1.0,0,136,30.0,60.0,35.73529411764706
persistence_static,single_sample,combined,drift,2.0,136,136,0,0,68,True,1.0,0,136,10.0,20.0,11.617647058823529
persistence_static,single_sample,numerical_only,random_missing,0.5,136,58,78,78,46,True,0.25,44,14,65.0,107.00000000000001,96.84782608695652
persistence_static,single_sample,numerical_only,random_missing,1.0,136,94,42,52,64,True,0.359375,60,34,60.0,100.0,90.859375
persistence_static,single_sample,numerical_only,random_missing,2.0,136,127,9,17,67,True,0.373134328358209,81,46,55.0,110.0,89.55223880597015
persistence_static,single_sample,numerical_only,block_missing,0.5,136,136,0,71,68,True,0.3382352941176471,90,46,40.0,110.0,91.76470588235294
persistence_static,single_sample,numerical_only,block_missing,1.0,136,136,0,70,68,True,0.4117647058823529,80,56,40.0,105.0,88.23529411764706
persistence_static,single_sample,numerical_only,block_missing,2.0,136,136,0,68,68,True,0.36764705882352944,86,50,60.0,110.0,95.29411764705883
persistence_static,single_sample,numerical_only,stuck,0.5,136,136,0,68,68,True,0.3382352941176471,90,46,40.0,110.0,91.76470588235294
persistence_static,single_sample,numerical_only,stuck,1.0,136,136,0,77,68,True,0.4117647058823529,80,56,40.0,105.0,88.23529411764706
persistence_static,single_sample,numerical_only,stuck,2.0,136,136,0,68,68,True,0.36764705882352944,86,50,60.0,110.0,95.29411764705883
persistence_static,single_sample,numerical_only,dropout,0.5,136,136,0,68,68,True,1.0,0,136,20.0,20.0,19.41176470588235
persistence_static,single_sample,numerical_only,dropout,1.0,136,136,0,68,68,True,1.0,0,136,10.0,10.0,10.0
persistence_static,single_sample,numerical_only,dropout,2.0,136,136,0,68,68,True,1.0,0,136,0.0,0.0,0.8823529411764706
persistence_static,single_sample,numerical_only,bias,0.5,136,136,0,0,68,True,0.9852941176470589,2,134,10.0,20.0,15.514705882352942
persistence_static,single_sample,numerical_only,bias,1.0,136,136,0,0,68,True,1.0,0,136,10.0,10.0,10.0
persistence_static,single_sample,numerical_only,bias,2.0,136,136,0,0,68,True,1.0,0,136,10.0,10.0,10.0
persistence_static,single_sample,numerical_only,level_shift,0.5,136,136,0,0,68,True,1.0,0,136,0.0,0.0,0.29411764705882354
persistence_static,single_sample,numerical_only,level_shift,1.0,136,136,0,0,68,True,1.0,0,136,0.0,0.0,0.29411764705882354
persistence_static,single_sample,numerical_only,level_shift,2.0,136,136,0,0,68,True,1.0,0,136,0.0,0.0,0.29411764705882354
persistence_static,single_sample,numerical_only,drift,0.5,136,136,0,0,68,True,0.9926470588235294,1,135,60.0,60.0,50.73529411764706
persistence_static,single_sample,numerical_only,drift,1.0,136,136,0,0,68,True,1.0,0,136,30.0,60.0,35.73529411764706
persistence_static,single_sample,numerical_only,drift,2.0,136,136,0,0,68,True,1.0,0,136,10.0,20.0,11.617647058823529
quantile_static,180min_3of18,availability_only,random_missing,0.5,136,58,78,78,46,True,0.07608695652173914,54,4,35.0,47.0,104.23913043478261
quantile_static,180min_3of18,availability_only,random_missing,1.0,136,94,42,52,64,True,0.09375,84,10,45.0,50.0,103.75
quantile_static,180min_3of18,availability_only,random_missing,2.0,136,127,9,17,67,True,0.5597014925373134,56,71,40.0,50.0,69.1044776119403
quantile_static,180min_3of18,availability_only,block_missing,0.5,136,136,0,71,68,True,0.0,136,0,,,110.0
quantile_static,180min_3of18,availability_only,block_missing,1.0,136,136,0,70,68,True,1.0,0,136,30.0,30.0,30.0
quantile_static,180min_3of18,availability_only,block_missing,2.0,136,136,0,68,68,True,1.0,0,136,20.0,20.0,20.0
quantile_static,180min_3of18,availability_only,stuck,0.5,136,136,0,68,68,True,0.0,136,0,,,110.0
quantile_static,180min_3of18,availability_only,stuck,1.0,136,136,0,77,68,True,0.0,136,0,,,110.0
quantile_static,180min_3of18,availability_only,stuck,2.0,136,136,0,68,68,True,0.0,136,0,,,110.0
quantile_static,180min_3of18,availability_only,dropout,0.5,136,136,0,68,68,True,0.0,136,0,,,110.0
quantile_static,180min_3of18,availability_only,dropout,1.0,136,136,0,68,68,True,0.0,136,0,,,110.0
quantile_static,180min_3of18,availability_only,dropout,2.0,136,136,0,68,68,True,0.0,136,0,,,110.0
quantile_static,180min_3of18,availability_only,bias,0.5,136,136,0,0,68,True,0.0,136,0,,,110.0
quantile_static,180min_3of18,availability_only,bias,1.0,136,136,0,0,68,True,0.0,136,0,,,110.0
quantile_static,180min_3of18,availability_only,bias,2.0,136,136,0,0,68,True,0.0,136,0,,,110.0
quantile_static,180min_3of18,availability_only,level_shift,0.5,136,136,0,0,68,True,0.0,136,0,,,110.0
quantile_static,180min_3of18,availability_only,level_shift,1.0,136,136,0,0,68,True,0.0,136,0,,,110.0
quantile_static,180min_3of18,availability_only,level_shift,2.0,136,136,0,0,68,True,0.0,136,0,,,110.0
quantile_static,180min_3of18,availability_only,drift,0.5,136,136,0,0,68,True,0.0,136,0,,,110.0
quantile_static,180min_3of18,availability_only,drift,1.0,136,136,0,0,68,True,0.0,136,0,,,110.0
quantile_static,180min_3of18,availability_only,drift,2.0,136,136,0,0,68,True,0.0,136,0,,,110.0
quantile_static,180min_3of18,combined,random_missing,0.5,136,58,78,78,46,True,0.14130434782608695,51,7,50.0,84.0,102.17391304347827
quantile_static,180min_3of18,combined,random_missing,1.0,136,94,42,52,64,True,0.1171875,83,11,30.0,80.0,101.484375
quantile_static,180min_3of18,combined,random_missing,2.0,136,127,9,17,67,True,0.1044776119402985,113,14,20.0,54.00000000000002,101.11940298507463
quantile_static,180min_3of18,combined,block_missing,0.5,136,136,0,71,68,True,0.08823529411764706,124,12,30.0,40.0,102.5
quantile_static,180min_3of18,combined,block_missing,1.0,136,136,0,70,68,True,0.10294117647058823,122,14,20.0,30.0,100.73529411764706
quantile_static,180min_3of18,combined,block_missing,2.0,136,136,0,68,68,True,0.10294117647058823,122,14,10.0,20.0,99.70588235294117
quantile_static,180min_3of18,combined,stuck,0.5,136,136,0,68,68,True,0.10294117647058823,122,14,70.0,104.00000000000003,104.8529411764706
quantile_static,180min_3of18,combined,stuck,1.0,136,136,0,77,68,True,0.1323529411764706,118,18,60.0,96.00000000000001,103.52941176470588
quantile_static,180min_3of18,combined,stuck,2.0,136,136,0,68,68,True,0.08823529411764706,124,12,85.0,90.0,107.05882352941177
quantile_static,180min_3of18,combined,dropout,0.5,136,136,0,68,68,True,0.10294117647058823,122,14,30.0,40.0,101.47058823529412
quantile_static,180min_3of18,combined,dropout,1.0,136,136,0,68,68,True,0.10294117647058823,122,14,20.0,30.0,100.73529411764706
quantile_static,180min_3of18,combined,dropout,2.0,136,136,0,68,68,True,0.10294117647058823,122,14,10.0,20.0,99.70588235294117
quantile_static,180min_3of18,combined,bias,0.5,136,136,0,0,68,True,0.09558823529411764,123,13,50.0,88.0,103.75
quantile_static,180min_3of18,combined,bias,1.0,136,136,0,0,68,True,0.09558823529411764,123,13,20.0,58.00000000000001,102.13235294117646
quantile_static,180min_3of18,combined,bias,2.0,136,136,0,0,68,True,0.10294117647058823,122,14,20.0,37.000000000000014,100.95588235294117
quantile_static,180min_3of18,combined,level_shift,0.5,136,136,0,0,68,True,0.10294117647058823,122,14,60.0,77.00000000000001,103.23529411764706
quantile_static,180min_3of18,combined,level_shift,1.0,136,136,0,0,68,True,0.1323529411764706,118,18,25.0,63.00000000000001,99.77941176470588
quantile_static,180min_3of18,combined,level_shift,2.0,136,136,0,0,68,True,0.11029411764705882,121,15,10.0,70.0,100.22058823529412
quantile_static,180min_3of18,combined,drift,0.5,136,136,0,0,68,True,0.11764705882352941,120,16,40.0,90.0,102.72058823529412
quantile_static,180min_3of18,combined,drift,1.0,136,136,0,0,68,True,0.09558823529411764,123,13,30.0,80.0,103.23529411764706
quantile_static,180min_3of18,combined,drift,2.0,136,136,0,0,68,True,0.11764705882352941,120,16,30.0,70.0,100.88235294117646
quantile_static,180min_3of18,numerical_only,random_missing,0.5,136,58,78,78,46,True,0.14130434782608695,51,7,70.0,98.0,105.65217391304348
quantile_static,180min_3of18,numerical_only,random_missing,1.0,136,94,42,52,64,True,0.125,83,11,70.0,110.0,104.140625
quantile_static,180min_3of18,numerical_only,random_missing,2.0,136,127,9,17,67,True,0.11940298507462686,112,15,70.0,90.0,103.95522388059702
quantile_static,180min_3of18,numerical_only,block_missing,0.5,136,136,0,71,68,True,0.10294117647058823,122,14,70.0,104.00000000000003,104.8529411764706
quantile_static,180min_3of18,numerical_only,block_missing,1.0,136,136,0,70,68,True,0.1323529411764706,118,18,60.0,96.00000000000001,103.52941176470588
quantile_static,180min_3of18,numerical_only,block_missing,2.0,136,136,0,68,68,True,0.10294117647058823,122,14,80.0,90.0,106.76470588235294
quantile_static,180min_3of18,numerical_only,stuck,0.5,136,136,0,68,68,True,0.10294117647058823,122,14,70.0,104.00000000000003,104.8529411764706
quantile_static,180min_3of18,numerical_only,stuck,1.0,136,136,0,77,68,True,0.1323529411764706,118,18,60.0,96.00000000000001,103.52941176470588
quantile_static,180min_3of18,numerical_only,stuck,2.0,136,136,0,68,68,True,0.08823529411764706,124,12,85.0,90.0,107.05882352941177
quantile_static,180min_3of18,numerical_only,dropout,0.5,136,136,0,68,68,True,0.10294117647058823,122,14,30.0,40.0,101.47058823529412
quantile_static,180min_3of18,numerical_only,dropout,1.0,136,136,0,68,68,True,0.10294117647058823,122,14,20.0,30.0,100.73529411764706
quantile_static,180min_3of18,numerical_only,dropout,2.0,136,136,0,68,68,True,0.10294117647058823,122,14,10.0,20.0,99.70588235294117
quantile_static,180min_3of18,numerical_only,bias,0.5,136,136,0,0,68,True,0.09558823529411764,123,13,50.0,88.0,103.75
quantile_static,180min_3of18,numerical_only,bias,1.0,136,136,0,0,68,True,0.09558823529411764,123,13,20.0,58.00000000000001,102.13235294117646
quantile_static,180min_3of18,numerical_only,bias,2.0,136,136,0,0,68,True,0.10294117647058823,122,14,20.0,37.000000000000014,100.95588235294117
quantile_static,180min_3of18,numerical_only,level_shift,0.5,136,136,0,0,68,True,0.10294117647058823,122,14,60.0,77.00000000000001,103.23529411764706
quantile_static,180min_3of18,numerical_only,level_shift,1.0,136,136,0,0,68,True,0.1323529411764706,118,18,25.0,63.00000000000001,99.77941176470588
quantile_static,180min_3of18,numerical_only,level_shift,2.0,136,136,0,0,68,True,0.11029411764705882,121,15,10.0,70.0,100.22058823529412
quantile_static,180min_3of18,numerical_only,drift,0.5,136,136,0,0,68,True,0.11764705882352941,120,16,40.0,90.0,102.72058823529412
quantile_static,180min_3of18,numerical_only,drift,1.0,136,136,0,0,68,True,0.09558823529411764,123,13,30.0,80.0,103.23529411764706
quantile_static,180min_3of18,numerical_only,drift,2.0,136,136,0,0,68,True,0.11764705882352941,120,16,30.0,70.0,100.88235294117646
quantile_static,30min_3of3,availability_only,random_missing,0.5,136,58,78,78,46,True,0.021739130434782608,57,1,20.0,20.0,108.04347826086956
quantile_static,30min_3of3,availability_only,random_missing,1.0,136,94,42,52,64,True,0.03125,91,3,50.0,50.0,107.8125
quantile_static,30min_3of3,availability_only,random_missing,2.0,136,127,9,17,67,True,0.2537313432835821,96,31,40.0,50.0,91.19402985074628
quantile_static,30min_3of3,availability_only,block_missing,0.5,136,136,0,71,68,True,0.0,136,0,,,110.0
quantile_static,30min_3of3,availability_only,block_missing,1.0,136,136,0,70,68,True,1.0,0,136,30.0,30.0,30.0
quantile_static,30min_3of3,availability_only,block_missing,2.0,136,136,0,68,68,True,1.0,0,136,20.0,20.0,20.0
quantile_static,30min_3of3,availability_only,stuck,0.5,136,136,0,68,68,True,0.0,136,0,,,110.0
quantile_static,30min_3of3,availability_only,stuck,1.0,136,136,0,77,68,True,0.0,136,0,,,110.0
quantile_static,30min_3of3,availability_only,stuck,2.0,136,136,0,68,68,True,0.0,136,0,,,110.0
quantile_static,30min_3of3,availability_only,dropout,0.5,136,136,0,68,68,True,0.0,136,0,,,110.0
quantile_static,30min_3of3,availability_only,dropout,1.0,136,136,0,68,68,True,0.0,136,0,,,110.0
quantile_static,30min_3of3,availability_only,dropout,2.0,136,136,0,68,68,True,0.0,136,0,,,110.0
quantile_static,30min_3of3,availability_only,bias,0.5,136,136,0,0,68,True,0.0,136,0,,,110.0
quantile_static,30min_3of3,availability_only,bias,1.0,136,136,0,0,68,True,0.0,136,0,,,110.0
quantile_static,30min_3of3,availability_only,bias,2.0,136,136,0,0,68,True,0.0,136,0,,,110.0
quantile_static,30min_3of3,availability_only,level_shift,0.5,136,136,0,0,68,True,0.0,136,0,,,110.0
quantile_static,30min_3of3,availability_only,level_shift,1.0,136,136,0,0,68,True,0.0,136,0,,,110.0
quantile_static,30min_3of3,availability_only,level_shift,2.0,136,136,0,0,68,True,0.0,136,0,,,110.0
quantile_static,30min_3of3,availability_only,drift,0.5,136,136,0,0,68,True,0.0,136,0,,,110.0
quantile_static,30min_3of3,availability_only,drift,1.0,136,136,0,0,68,True,0.0,136,0,,,110.0
quantile_static,30min_3of3,availability_only,drift,2.0,136,136,0,0,68,True,0.0,136,0,,,110.0
quantile_static,30min_3of3,combined,random_missing,0.5,136,58,78,78,46,True,0.15217391304347827,50,8,75.0,90.0,103.3695652173913
quantile_static,30min_3of3,combined,random_missing,1.0,136,94,42,52,64,True,0.171875,79,15,60.0,86.0,100.703125
quantile_static,30min_3of3,combined,random_missing,2.0,136,127,9,17,67,True,0.22388059701492538,99,28,40.0,83.0,94.4776119402985
quantile_static,30min_3of3,combined,block_missing,0.5,136,136,0,71,68,True,0.19117647058823528,110,26,40.0,80.0,98.08823529411765
quantile_static,30min_3of3,combined,block_missing,1.0,136,136,0,70,68,True,0.3235294117647059,92,44,30.0,30.0,85.0
quantile_static,30min_3of3,combined,block_missing,2.0,136,136,0,68,68,True,0.3088235294117647,94,42,20.0,20.0,83.97058823529412
quantile_static,30min_3of3,combined,stuck,0.5,136,136,0,68,68,True,0.16176470588235295,114,22,80.0,90.0,103.38235294117646
quantile_static,30min_3of3,combined,stuck,1.0,136,136,0,77,68,True,0.16176470588235295,114,22,80.0,90.0,102.5
quantile_static,30min_3of3,combined,stuck,2.0,136,136,0,68,68,True,0.1323529411764706,118,18,80.0,90.0,105.44117647058823
quantile_static,30min_3of3,combined,dropout,0.5,136,136,0,68,68,True,0.29411764705882354,96,40,40.0,40.0,88.52941176470588
quantile_static,30min_3of3,combined,dropout,1.0,136,136,0,68,68,True,0.3088235294117647,94,42,30.0,30.0,85.29411764705883
quantile_static,30min_3of3,combined,dropout,2.0,136,136,0,68,68,True,0.29411764705882354,96,40,20.0,20.0,84.55882352941177
quantile_static,30min_3of3,combined,bias,0.5,136,136,0,0,68,True,0.22794117647058823,105,31,70.0,90.0,98.6029411764706
quantile_static,30min_3of3,combined,bias,1.0,136,136,0,0,68,True,0.5294117647058824,64,72,60.0,70.0,81.47058823529412
quantile_static,30min_3of3,combined,bias,2.0,136,136,0,0,68,True,0.6397058823529411,49,87,60.0,70.0,72.20588235294117
quantile_static,30min_3of3,combined,level_shift,0.5,136,136,0,0,68,True,0.27941176470588236,98,38,80.0,80.0,96.1029411764706
quantile_static,30min_3of3,combined,level_shift,1.0,136,136,0,0,68,True,0.5294117647058824,64,72,80.0,80.0,84.92647058823529
quantile_static,30min_3of3,combined,level_shift,2.0,136,136,0,0,68,True,0.6102941176470589,53,83,80.0,80.0,80.29411764705883
quantile_static,30min_3of3,combined,drift,0.5,136,136,0,0,68,True,0.2647058823529412,100,36,80.0,80.0,98.23529411764706
quantile_static,30min_3of3,combined,drift,1.0,136,136,0,0,68,True,0.47794117647058826,71,65,80.0,80.0,89.26470588235294
quantile_static,30min_3of3,combined,drift,2.0,136,136,0,0,68,True,0.6544117647058824,47,89,80.0,80.0,79.33823529411765
quantile_static,30min_3of3,numerical_only,random_missing,0.5,136,58,78,78,46,True,0.782608695652174,12,46,60.0,80.0,68.80434782608695
quantile_static,30min_3of3,numerical_only,random_missing,1.0,136,94,42,52,64,True,0.7890625,20,74,70.0,80.0,71.171875
quantile_static,30min_3of3,numerical_only,random_missing,2.0,136,127,9,17,67,True,0.7985074626865671,26,101,70.0,80.0,75.3731343283582
quantile_static,30min_3of3,numerical_only,block_missing,0.5,136,136,0,71,68,True,0.7941176470588235,28,108,60.0,80.0,72.79411764705883
quantile_static,30min_3of3,numerical_only,block_missing,1.0,136,136,0,70,68,True,0.7941176470588235,28,108,60.0,80.0,73.08823529411765
quantile_static,30min_3of3,numerical_only,block_missing,2.0,136,136,0,68,68,True,0.7794117647058824,30,106,80.0,80.0,87.05882352941177
quantile_static,30min_3of3,numerical_only,stuck,0.5,136,136,0,68,68,True,0.16176470588235295,114,22,80.0,90.0,103.38235294117646
quantile_static,30min_3of3,numerical_only,stuck,1.0,136,136,0,77,68,True,0.16176470588235295,114,22,80.0,90.0,102.5
quantile_static,30min_3of3,numerical_only,stuck,2.0,136,136,0,68,68,True,0.1323529411764706,118,18,80.0,90.0,105.44117647058823
quantile_static,30min_3of3,numerical_only,dropout,0.5,136,136,0,68,68,True,0.29411764705882354,96,40,40.0,40.0,88.52941176470588
quantile_static,30min_3of3,numerical_only,dropout,1.0,136,136,0,68,68,True,0.3088235294117647,94,42,30.0,30.0,85.29411764705883
quantile_static,30min_3of3,numerical_only,dropout,2.0,136,136,0,68,68,True,0.29411764705882354,96,40,20.0,20.0,84.55882352941177
quantile_static,30min_3of3,numerical_only,bias,0.5,136,136,0,0,68,True,0.22794117647058823,105,31,70.0,90.0,98.6029411764706
quantile_static,30min_3of3,numerical_only,bias,1.0,136,136,0,0,68,True,0.5294117647058824,64,72,60.0,70.0,81.47058823529412
quantile_static,30min_3of3,numerical_only,bias,2.0,136,136,0,0,68,True,0.6397058823529411,49,87,60.0,70.0,72.20588235294117
quantile_static,30min_3of3,numerical_only,level_shift,0.5,136,136,0,0,68,True,0.27941176470588236,98,38,80.0,80.0,96.1029411764706
quantile_static,30min_3of3,numerical_only,level_shift,1.0,136,136,0,0,68,True,0.5294117647058824,64,72,80.0,80.0,84.92647058823529
quantile_static,30min_3of3,numerical_only,level_shift,2.0,136,136,0,0,68,True,0.6102941176470589,53,83,80.0,80.0,80.29411764705883
quantile_static,30min_3of3,numerical_only,drift,0.5,136,136,0,0,68,True,0.2647058823529412,100,36,80.0,80.0,98.23529411764706
quantile_static,30min_3of3,numerical_only,drift,1.0,136,136,0,0,68,True,0.47794117647058826,71,65,80.0,80.0,89.26470588235294
quantile_static,30min_3of3,numerical_only,drift,2.0,136,136,0,0,68,True,0.6544117647058824,47,89,80.0,80.0,79.33823529411765
quantile_static,360min_4of36,availability_only,random_missing,0.5,136,58,78,78,46,True,0.021739130434782608,57,1,40.0,40.0,108.47826086956522
quantile_static,360min_4of36,availability_only,random_missing,1.0,136,94,42,52,64,True,0.0234375,92,2,50.0,50.0,108.59375
quantile_static,360min_4of36,availability_only,random_missing,2.0,136,127,9,17,67,True,0.26865671641791045,94,33,50.0,50.0,92.61194029850746
quantile_static,360min_4of36,availability_only,block_missing,0.5,136,136,0,71,68,True,0.0,136,0,,,110.0
quantile_static,360min_4of36,availability_only,block_missing,1.0,136,136,0,70,68,True,0.0,136,0,,,110.0
quantile_static,360min_4of36,availability_only,block_missing,2.0,136,136,0,68,68,True,1.0,0,136,30.0,30.0,30.0
quantile_static,360min_4of36,availability_only,stuck,0.5,136,136,0,68,68,True,0.0,136,0,,,110.0
quantile_static,360min_4of36,availability_only,stuck,1.0,136,136,0,77,68,True,0.0,136,0,,,110.0
quantile_static,360min_4of36,availability_only,stuck,2.0,136,136,0,68,68,True,0.0,136,0,,,110.0
quantile_static,360min_4of36,availability_only,dropout,0.5,136,136,0,68,68,True,0.0,136,0,,,110.0
quantile_static,360min_4of36,availability_only,dropout,1.0,136,136,0,68,68,True,0.0,136,0,,,110.0
quantile_static,360min_4of36,availability_only,dropout,2.0,136,136,0,68,68,True,0.0,136,0,,,110.0
quantile_static,360min_4of36,availability_only,bias,0.5,136,136,0,0,68,True,0.0,136,0,,,110.0
quantile_static,360min_4of36,availability_only,bias,1.0,136,136,0,0,68,True,0.0,136,0,,,110.0
quantile_static,360min_4of36,availability_only,bias,2.0,136,136,0,0,68,True,0.0,136,0,,,110.0
quantile_static,360min_4of36,availability_only,level_shift,0.5,136,136,0,0,68,True,0.0,136,0,,,110.0
quantile_static,360min_4of36,availability_only,level_shift,1.0,136,136,0,0,68,True,0.0,136,0,,,110.0
quantile_static,360min_4of36,availability_only,level_shift,2.0,136,136,0,0,68,True,0.0,136,0,,,110.0
quantile_static,360min_4of36,availability_only,drift,0.5,136,136,0,0,68,True,0.0,136,0,,,110.0
quantile_static,360min_4of36,availability_only,drift,1.0,136,136,0,0,68,True,0.0,136,0,,,110.0
quantile_static,360min_4of36,availability_only,drift,2.0,136,136,0,0,68,True,0.0,136,0,,,110.0
quantile_static,360min_4of36,combined,random_missing,0.5,136,58,78,78,46,True,0.07608695652173914,54,4,70.0,77.0,106.73913043478261
quantile_static,360min_4of36,combined,random_missing,1.0,136,94,42,52,64,True,0.078125,87,7,40.0,74.0,105.234375
quantile_static,360min_4of36,combined,random_missing,2.0,136,127,9,17,67,True,0.06716417910447761,118,9,20.0,54.0,104.4776119402985
quantile_static,360min_4of36,combined,block_missing,0.5,136,136,0,71,68,True,0.07352941176470588,126,10,40.0,70.0,104.8529411764706
quantile_static,360min_4of36,combined,block_missing,1.0,136,136,0,70,68,True,0.07352941176470588,126,10,30.0,40.0,103.82352941176471
quantile_static,360min_4of36,combined,block_missing,2.0,136,136,0,68,68,True,0.07352941176470588,126,10,20.0,30.0,103.23529411764706
quantile_static,360min_4of36,combined,stuck,0.5,136,136,0,68,68,True,0.07352941176470588,126,10,80.0,90.0,106.76470588235294
quantile_static,360min_4of36,combined,stuck,1.0,136,136,0,77,68,True,0.07352941176470588,126,10,80.0,90.0,106.76470588235294
quantile_static,360min_4of36,combined,stuck,2.0,136,136,0,68,68,True,0.04411764705882353,130,6,80.0,100.0,108.67647058823529
quantile_static,360min_4of36,combined,dropout,0.5,136,136,0,68,68,True,0.07352941176470588,126,10,40.0,50.0,104.41176470588235
quantile_static,360min_4of36,combined,dropout,1.0,136,136,0,68,68,True,0.07352941176470588,126,10,30.0,40.0,103.82352941176471
quantile_static,360min_4of36,combined,dropout,2.0,136,136,0,68,68,True,0.07352941176470588,126,10,20.0,30.0,103.23529411764706
quantile_static,360min_4of36,combined,bias,0.5,136,136,0,0,68,True,0.051470588235294115,129,7,50.0,78.0,106.98529411764706
quantile_static,360min_4of36,combined,bias,1.0,136,136,0,0,68,True,0.058823529411764705,128,8,45.0,56.0,105.80882352941177
quantile_static,360min_4of36,combined,bias,2.0,136,136,0,0,68,True,0.07352941176470588,126,10,30.0,50.0,104.04411764705883
quantile_static,360min_4of36,combined,level_shift,0.5,136,136,0,0,68,True,0.058823529411764705,128,8,65.0,79.0,106.61764705882354
quantile_static,360min_4of36,combined,level_shift,1.0,136,136,0,0,68,True,0.0661764705882353,127,9,30.0,60.0,105.07352941176471
quantile_static,360min_4of36,combined,level_shift,2.0,136,136,0,0,68,True,0.07352941176470588,126,10,25.0,71.0,104.26470588235294
quantile_static,360min_4of36,combined,drift,0.5,136,136,0,0,68,True,0.0661764705882353,127,9,60.0,84.0,106.47058823529412
quantile_static,360min_4of36,combined,drift,1.0,136,136,0,0,68,True,0.0661764705882353,127,9,30.0,66.0,105.44117647058823
quantile_static,360min_4of36,combined,drift,2.0,136,136,0,0,68,True,0.07352941176470588,126,10,30.0,43.999999999999986,104.41176470588235
quantile_static,360min_4of36,numerical_only,random_missing,0.5,136,58,78,78,46,True,0.06521739130434782,55,3,90.0,90.0,108.47826086956522
quantile_static,360min_4of36,numerical_only,random_missing,1.0,136,94,42,52,64,True,0.0703125,87,7,50.0,90.0,106.5625
quantile_static,360min_4of36,numerical_only,random_missing,2.0,136,127,9,17,67,True,0.04477611940298507,121,6,80.0,85.0,108.13432835820896
quantile_static,360min_4of36,numerical_only,block_missing,0.5,136,136,0,71,68,True,0.07352941176470588,126,10,80.0,90.0,107.20588235294117
quantile_static,360min_4of36,numerical_only,block_missing,1.0,136,136,0,70,68,True,0.07352941176470588,126,10,80.0,90.0,107.5
quantile_static,360min_4of36,numerical_only,block_missing,2.0,136,136,0,68,68,True,0.04411764705882353,130,6,80.0,100.0,108.82352941176471
quantile_static,360min_4of36,numerical_only,stuck,0.5,136,136,0,68,68,True,0.07352941176470588,126,10,80.0,90.0,106.76470588235294
quantile_static,360min_4of36,numerical_only,stuck,1.0,136,136,0,77,68,True,0.07352941176470588,126,10,80.0,90.0,106.76470588235294
quantile_static,360min_4of36,numerical_only,stuck,2.0,136,136,0,68,68,True,0.04411764705882353,130,6,80.0,100.0,108.67647058823529
quantile_static,360min_4of36,numerical_only,dropout,0.5,136,136,0,68,68,True,0.07352941176470588,126,10,40.0,50.0,104.41176470588235
quantile_static,360min_4of36,numerical_only,dropout,1.0,136,136,0,68,68,True,0.07352941176470588,126,10,30.0,40.0,103.82352941176471
quantile_static,360min_4of36,numerical_only,dropout,2.0,136,136,0,68,68,True,0.07352941176470588,126,10,20.0,30.0,103.23529411764706
quantile_static,360min_4of36,numerical_only,bias,0.5,136,136,0,0,68,True,0.051470588235294115,129,7,50.0,78.0,106.98529411764706
quantile_static,360min_4of36,numerical_only,bias,1.0,136,136,0,0,68,True,0.058823529411764705,128,8,45.0,56.0,105.80882352941177
quantile_static,360min_4of36,numerical_only,bias,2.0,136,136,0,0,68,True,0.07352941176470588,126,10,30.0,50.0,104.04411764705883
quantile_static,360min_4of36,numerical_only,level_shift,0.5,136,136,0,0,68,True,0.058823529411764705,128,8,65.0,79.0,106.61764705882354
quantile_static,360min_4of36,numerical_only,level_shift,1.0,136,136,0,0,68,True,0.0661764705882353,127,9,30.0,60.0,105.07352941176471
quantile_static,360min_4of36,numerical_only,level_shift,2.0,136,136,0,0,68,True,0.07352941176470588,126,10,25.0,71.0,104.26470588235294
quantile_static,360min_4of36,numerical_only,drift,0.5,136,136,0,0,68,True,0.0661764705882353,127,9,60.0,84.0,106.47058823529412
quantile_static,360min_4of36,numerical_only,drift,1.0,136,136,0,0,68,True,0.0661764705882353,127,9,30.0,66.0,105.44117647058823
quantile_static,360min_4of36,numerical_only,drift,2.0,136,136,0,0,68,True,0.07352941176470588,126,10,30.0,43.999999999999986,104.41176470588235
quantile_static,60min_4of6,availability_only,random_missing,0.5,136,58,78,78,46,True,0.021739130434782608,57,1,40.0,40.0,108.47826086956522
quantile_static,60min_4of6,availability_only,random_missing,1.0,136,94,42,52,64,True,0.0234375,92,2,50.0,50.0,108.59375
quantile_static,60min_4of6,availability_only,random_missing,2.0,136,127,9,17,67,True,0.26865671641791045,94,33,50.0,50.0,92.61194029850746
quantile_static,60min_4of6,availability_only,block_missing,0.5,136,136,0,71,68,True,0.0,136,0,,,110.0
quantile_static,60min_4of6,availability_only,block_missing,1.0,136,136,0,70,68,True,0.0,136,0,,,110.0
quantile_static,60min_4of6,availability_only,block_missing,2.0,136,136,0,68,68,True,1.0,0,136,30.0,30.0,30.0
quantile_static,60min_4of6,availability_only,stuck,0.5,136,136,0,68,68,True,0.0,136,0,,,110.0
quantile_static,60min_4of6,availability_only,stuck,1.0,136,136,0,77,68,True,0.0,136,0,,,110.0
quantile_static,60min_4of6,availability_only,stuck,2.0,136,136,0,68,68,True,0.0,136,0,,,110.0
quantile_static,60min_4of6,availability_only,dropout,0.5,136,136,0,68,68,True,0.0,136,0,,,110.0
quantile_static,60min_4of6,availability_only,dropout,1.0,136,136,0,68,68,True,0.0,136,0,,,110.0
quantile_static,60min_4of6,availability_only,dropout,2.0,136,136,0,68,68,True,0.0,136,0,,,110.0
quantile_static,60min_4of6,availability_only,bias,0.5,136,136,0,0,68,True,0.0,136,0,,,110.0
quantile_static,60min_4of6,availability_only,bias,1.0,136,136,0,0,68,True,0.0,136,0,,,110.0
quantile_static,60min_4of6,availability_only,bias,2.0,136,136,0,0,68,True,0.0,136,0,,,110.0
quantile_static,60min_4of6,availability_only,level_shift,0.5,136,136,0,0,68,True,0.0,136,0,,,110.0
quantile_static,60min_4of6,availability_only,level_shift,1.0,136,136,0,0,68,True,0.0,136,0,,,110.0
quantile_static,60min_4of6,availability_only,level_shift,2.0,136,136,0,0,68,True,0.0,136,0,,,110.0
quantile_static,60min_4of6,availability_only,drift,0.5,136,136,0,0,68,True,0.0,136,0,,,110.0
quantile_static,60min_4of6,availability_only,drift,1.0,136,136,0,0,68,True,0.0,136,0,,,110.0
quantile_static,60min_4of6,availability_only,drift,2.0,136,136,0,0,68,True,0.0,136,0,,,110.0
quantile_static,60min_4of6,combined,random_missing,0.5,136,58,78,78,46,True,0.10869565217391304,52,6,75.0,80.0,105.21739130434783
quantile_static,60min_4of6,combined,random_missing,1.0,136,94,42,52,64,True,0.15625,79,15,50.0,80.0,101.953125
quantile_static,60min_4of6,combined,random_missing,2.0,136,127,9,17,67,True,0.1791044776119403,106,21,40.0,80.0,98.13432835820896
quantile_static,60min_4of6,combined,block_missing,0.5,136,136,0,71,68,True,0.16176470588235295,114,22,50.0,70.0,100.1470588235294
quantile_static,60min_4of6,combined,block_missing,1.0,136,136,0,70,68,True,0.20588235294117646,108,28,40.0,60.0,95.29411764705883
quantile_static,60min_4of6,combined,block_missing,2.0,136,136,0,68,68,True,0.27941176470588236,98,38,30.0,30.0,86.61764705882354
quantile_static,60min_4of6,combined,stuck,0.5,136,136,0,68,68,True,0.14705882352941177,116,20,85.0,101.00000000000001,105.29411764705883
quantile_static,60min_4of6,combined,stuck,1.0,136,136,0,77,68,True,0.14705882352941177,116,20,80.0,91.00000000000001,103.23529411764706
quantile_static,60min_4of6,combined,stuck,2.0,136,136,0,68,68,True,0.1323529411764706,118,18,90.0,103.0,105.44117647058823
quantile_static,60min_4of6,combined,dropout,0.5,136,136,0,68,68,True,0.22058823529411764,106,30,50.0,60.0,95.1470588235294
quantile_static,60min_4of6,combined,dropout,1.0,136,136,0,68,68,True,0.27941176470588236,98,38,40.0,40.0,88.82352941176471
quantile_static,60min_4of6,combined,dropout,2.0,136,136,0,68,68,True,0.27941176470588236,98,38,30.0,30.0,86.61764705882354
quantile_static,60min_4of6,combined,bias,0.5,136,136,0,0,68,True,0.17647058823529413,112,24,80.0,90.0,101.54411764705883
quantile_static,60min_4of6,combined,bias,1.0,136,136,0,0,68,True,0.40441176470588236,81,55,70.0,80.0,91.02941176470588
quantile_static,60min_4of6,combined,bias,2.0,136,136,0,0,68,True,0.5441176470588235,62,74,65.0,80.0,80.95588235294117
quantile_static,60min_4of6,combined,level_shift,0.5,136,136,0,0,68,True,0.22058823529411764,106,30,90.0,90.0,100.73529411764706
quantile_static,60min_4of6,combined,level_shift,1.0,136,136,0,0,68,True,0.5,68,68,90.0,90.0,92.13235294117646
quantile_static,60min_4of6,combined,level_shift,2.0,136,136,0,0,68,True,0.5955882352941176,55,81,90.0,90.0,86.17647058823529
quantile_static,60min_4of6,combined,drift,0.5,136,136,0,0,68,True,0.17647058823529413,112,24,65.0,90.0,101.91176470588235
quantile_static,60min_4of6,combined,drift,1.0,136,136,0,0,68,True,0.3014705882352941,95,41,90.0,90.0,97.57352941176471
quantile_static,60min_4of6,combined,drift,2.0,136,136,0,0,68,True,0.5735294117647058,58,78,90.0,90.0,87.20588235294117
quantile_static,60min_4of6,numerical_only,random_missing,0.5,136,58,78,78,46,True,0.13043478260869565,51,7,80.0,90.0,105.65217391304348
quantile_static,60min_4of6,numerical_only,random_missing,1.0,136,94,42,52,64,True,0.2109375,74,20,80.0,91.00000000000001,102.34375
quantile_static,60min_4of6,numerical_only,random_missing,2.0,136,127,9,17,67,True,0.5447761194029851,58,69,80.0,90.0,90.5223880597015
quantile_static,60min_4of6,numerical_only,block_missing,0.5,136,136,0,71,68,True,0.16176470588235295,114,22,80.0,100.0,104.41176470588235
quantile_static,60min_4of6,numerical_only,block_missing,1.0,136,136,0,70,68,True,0.7941176470588235,28,108,70.0,90.0,79.70588235294117
quantile_static,60min_4of6,numerical_only,block_missing,2.0,136,136,0,68,68,True,0.7794117647058824,30,106,90.0,90.0,95.1470588235294
quantile_static,60min_4of6,numerical_only,stuck,0.5,136,136,0,68,68,True,0.14705882352941177,116,20,85.0,101.00000000000001,105.29411764705883
quantile_static,60min_4of6,numerical_only,stuck,1.0,136,136,0,77,68,True,0.14705882352941177,116,20,80.0,91.00000000000001,103.23529411764706
quantile_static,60min_4of6,numerical_only,stuck,2.0,136,136,0,68,68,True,0.1323529411764706,118,18,90.0,103.0,105.44117647058823
quantile_static,60min_4of6,numerical_only,dropout,0.5,136,136,0,68,68,True,0.22058823529411764,106,30,50.0,60.0,95.1470588235294
quantile_static,60min_4of6,numerical_only,dropout,1.0,136,136,0,68,68,True,0.27941176470588236,98,38,40.0,40.0,88.82352941176471
quantile_static,60min_4of6,numerical_only,dropout,2.0,136,136,0,68,68,True,0.27941176470588236,98,38,30.0,30.0,86.61764705882354
quantile_static,60min_4of6,numerical_only,bias,0.5,136,136,0,0,68,True,0.17647058823529413,112,24,80.0,90.0,101.54411764705883
quantile_static,60min_4of6,numerical_only,bias,1.0,136,136,0,0,68,True,0.40441176470588236,81,55,70.0,80.0,91.02941176470588
quantile_static,60min_4of6,numerical_only,bias,2.0,136,136,0,0,68,True,0.5441176470588235,62,74,65.0,80.0,80.95588235294117
quantile_static,60min_4of6,numerical_only,level_shift,0.5,136,136,0,0,68,True,0.22058823529411764,106,30,90.0,90.0,100.73529411764706
quantile_static,60min_4of6,numerical_only,level_shift,1.0,136,136,0,0,68,True,0.5,68,68,90.0,90.0,92.13235294117646
quantile_static,60min_4of6,numerical_only,level_shift,2.0,136,136,0,0,68,True,0.5955882352941176,55,81,90.0,90.0,86.17647058823529
quantile_static,60min_4of6,numerical_only,drift,0.5,136,136,0,0,68,True,0.17647058823529413,112,24,65.0,90.0,101.91176470588235
quantile_static,60min_4of6,numerical_only,drift,1.0,136,136,0,0,68,True,0.3014705882352941,95,41,90.0,90.0,97.57352941176471
quantile_static,60min_4of6,numerical_only,drift,2.0,136,136,0,0,68,True,0.5735294117647058,58,78,90.0,90.0,87.20588235294117
quantile_static,single_sample,availability_only,random_missing,0.5,136,58,78,78,46,True,1.0,0,58,15.0,50.0,17.5
quantile_static,single_sample,availability_only,random_missing,1.0,136,94,42,52,64,True,1.0,0,94,20.0,47.00000000000003,20.234375
quantile_static,single_sample,availability_only,random_missing,2.0,136,127,9,17,67,True,1.0,0,127,10.0,30.0,10.671641791044776
quantile_static,single_sample,availability_only,block_missing,0.5,136,136,0,71,68,True,1.0,0,136,20.0,20.0,20.0
quantile_static,single_sample,availability_only,block_missing,1.0,136,136,0,70,68,True,1.0,0,136,10.0,10.0,10.0
quantile_static,single_sample,availability_only,block_missing,2.0,136,136,0,68,68,True,1.0,0,136,0.0,0.0,0.0
quantile_static,single_sample,availability_only,stuck,0.5,136,136,0,68,68,True,0.0,136,0,,,110.0
quantile_static,single_sample,availability_only,stuck,1.0,136,136,0,77,68,True,0.0,136,0,,,110.0
quantile_static,single_sample,availability_only,stuck,2.0,136,136,0,68,68,True,0.0,136,0,,,110.0
quantile_static,single_sample,availability_only,dropout,0.5,136,136,0,68,68,True,0.0,136,0,,,110.0
quantile_static,single_sample,availability_only,dropout,1.0,136,136,0,68,68,True,0.0,136,0,,,110.0
quantile_static,single_sample,availability_only,dropout,2.0,136,136,0,68,68,True,0.0,136,0,,,110.0
quantile_static,single_sample,availability_only,bias,0.5,136,136,0,0,68,True,0.0,136,0,,,110.0
quantile_static,single_sample,availability_only,bias,1.0,136,136,0,0,68,True,0.0,136,0,,,110.0
quantile_static,single_sample,availability_only,bias,2.0,136,136,0,0,68,True,0.0,136,0,,,110.0
quantile_static,single_sample,availability_only,level_shift,0.5,136,136,0,0,68,True,0.0,136,0,,,110.0
quantile_static,single_sample,availability_only,level_shift,1.0,136,136,0,0,68,True,0.0,136,0,,,110.0
quantile_static,single_sample,availability_only,level_shift,2.0,136,136,0,0,68,True,0.0,136,0,,,110.0
quantile_static,single_sample,availability_only,drift,0.5,136,136,0,0,68,True,0.0,136,0,,,110.0
quantile_static,single_sample,availability_only,drift,1.0,136,136,0,0,68,True,0.0,136,0,,,110.0
quantile_static,single_sample,availability_only,drift,2.0,136,136,0,0,68,True,0.0,136,0,,,110.0
quantile_static,single_sample,combined,random_missing,0.5,136,58,78,78,46,True,0.34782608695652173,39,19,40.0,57.99999999999997,83.69565217391305
quantile_static,single_sample,combined,random_missing,1.0,136,94,42,52,64,True,0.34375,63,31,10.0,50.0,80.234375
quantile_static,single_sample,combined,random_missing,2.0,136,127,9,17,67,True,0.3358208955223881,84,43,10.0,40.0,78.65671641791045
quantile_static,single_sample,combined,block_missing,0.5,136,136,0,71,68,True,0.36764705882352944,86,50,20.0,100.0,80.73529411764706
quantile_static,single_sample,combined,block_missing,1.0,136,136,0,70,68,True,0.36764705882352944,86,50,10.0,100.0,79.26470588235294
quantile_static,single_sample,combined,block_missing,2.0,136,136,0,68,68,True,0.35294117647058826,88,48,0.0,100.0,80.44117647058823
quantile_static,single_sample,combined,stuck,0.5,136,136,0,68,68,True,0.29411764705882354,96,40,45.0,100.0,92.6470588235294
quantile_static,single_sample,combined,stuck,1.0,136,136,0,77,68,True,0.29411764705882354,96,40,45.0,100.0,93.38235294117646
quantile_static,single_sample,combined,stuck,2.0,136,136,0,68,68,True,0.2647058823529412,100,36,65.0,100.0,99.70588235294117
quantile_static,single_sample,combined,dropout,0.5,136,136,0,68,68,True,0.3235294117647059,92,44,20.0,20.0,82.05882352941177
quantile_static,single_sample,combined,dropout,1.0,136,136,0,68,68,True,0.3235294117647059,92,44,10.0,60.0,80.0
quantile_static,single_sample,combined,dropout,2.0,136,136,0,68,68,True,0.29411764705882354,96,40,0.0,92.00000000000003,82.20588235294117
quantile_static,single_sample,combined,bias,0.5,136,136,0,0,68,True,0.40441176470588236,81,55,40.0,60.0,79.48529411764706
quantile_static,single_sample,combined,bias,1.0,136,136,0,0,68,True,0.625,51,85,40.0,50.0,61.39705882352941
quantile_static,single_sample,combined,bias,2.0,136,136,0,0,68,True,0.6838235294117647,43,93,40.0,50.0,56.39705882352941
quantile_static,single_sample,combined,level_shift,0.5,136,136,0,0,68,True,0.41911764705882354,79,57,40.0,70.0,79.19117647058823
quantile_static,single_sample,combined,level_shift,1.0,136,136,0,0,68,True,0.6323529411764706,50,86,60.0,60.0,63.088235294117645
quantile_static,single_sample,combined,level_shift,2.0,136,136,0,0,68,True,0.6691176470588235,45,91,60.0,60.0,62.13235294117647
quantile_static,single_sample,combined,drift,0.5,136,136,0,0,68,True,0.3897058823529412,83,53,60.0,68.00000000000004,84.70588235294117
quantile_static,single_sample,combined,drift,1.0,136,136,0,0,68,True,0.5735294117647058,58,78,60.0,60.0,72.3529411764706
quantile_static,single_sample,combined,drift,2.0,136,136,0,0,68,True,0.6691176470588235,45,91,60.0,60.0,65.36764705882354
quantile_static,single_sample,numerical_only,random_missing,0.5,136,58,78,78,46,True,0.9021739130434783,6,52,30.0,60.0,40.108695652173914
quantile_static,single_sample,numerical_only,random_missing,1.0,136,94,42,52,64,True,0.921875,7,87,30.0,60.0,41.25
quantile_static,single_sample,numerical_only,random_missing,2.0,136,127,9,17,67,True,0.9328358208955224,9,118,20.0,60.0,35.07462686567164
quantile_static,single_sample,numerical_only,block_missing,0.5,136,136,0,71,68,True,0.9264705882352942,10,126,40.0,50.0,46.1764705882353
quantile_static,single_sample,numerical_only,block_missing,1.0,136,136,0,70,68,True,0.9264705882352942,10,126,40.0,50.0,46.911764705882355
quantile_static,single_sample,numerical_only,block_missing,2.0,136,136,0,68,68,True,0.9117647058823529,12,124,60.0,70.0,66.76470588235294
quantile_static,single_sample,numerical_only,stuck,0.5,136,136,0,68,68,True,0.29411764705882354,96,40,45.0,100.0,92.6470588235294
quantile_static,single_sample,numerical_only,stuck,1.0,136,136,0,77,68,True,0.29411764705882354,96,40,45.0,100.0,93.38235294117646
quantile_static,single_sample,numerical_only,stuck,2.0,136,136,0,68,68,True,0.2647058823529412,100,36,65.0,100.0,99.70588235294117
quantile_static,single_sample,numerical_only,dropout,0.5,136,136,0,68,68,True,0.3235294117647059,92,44,20.0,20.0,82.05882352941177
quantile_static,single_sample,numerical_only,dropout,1.0,136,136,0,68,68,True,0.3235294117647059,92,44,10.0,60.0,80.0
quantile_static,single_sample,numerical_only,dropout,2.0,136,136,0,68,68,True,0.29411764705882354,96,40,0.0,92.00000000000003,82.20588235294117
quantile_static,single_sample,numerical_only,bias,0.5,136,136,0,0,68,True,0.40441176470588236,81,55,40.0,60.0,79.48529411764706
quantile_static,single_sample,numerical_only,bias,1.0,136,136,0,0,68,True,0.625,51,85,40.0,50.0,61.39705882352941
quantile_static,single_sample,numerical_only,bias,2.0,136,136,0,0,68,True,0.6838235294117647,43,93,40.0,50.0,56.39705882352941
quantile_static,single_sample,numerical_only,level_shift,0.5,136,136,0,0,68,True,0.41911764705882354,79,57,40.0,70.0,79.19117647058823
quantile_static,single_sample,numerical_only,level_shift,1.0,136,136,0,0,68,True,0.6323529411764706,50,86,60.0,60.0,63.088235294117645
quantile_static,single_sample,numerical_only,level_shift,2.0,136,136,0,0,68,True,0.6691176470588235,45,91,60.0,60.0,62.13235294117647
quantile_static,single_sample,numerical_only,drift,0.5,136,136,0,0,68,True,0.3897058823529412,83,53,60.0,68.00000000000004,84.70588235294117
quantile_static,single_sample,numerical_only,drift,1.0,136,136,0,0,68,True,0.5735294117647058,58,78,60.0,60.0,72.3529411764706
quantile_static,single_sample,numerical_only,drift,2.0,136,136,0,0,68,True,0.6691176470588235,45,91,60.0,60.0,65.36764705882354
