path,bytes,sha256
.gitattributes,3622,2d2f513458c68876154351646bb938252aa56aa6df4062adddcca536dd995b59
MATCHED_FAILURE_DIAGNOSIS.md,16090,f89b6c37e43e7375e4262e356cd9c115d05f6d49e1a273b7167d9bef550f743b
MATCHED_METHOD_READINESS_MAP.md,10847,2d548fed5da49db96c5e020bb77a33fccd773905ff571341cc86666e9ac16db4
PANEL_RESPONSE_MATRIX.md,39680,41bafedcdb00943e765f15366f762f0a10f647b2240dd777d6bc3000d1c166e2
PROJECT_RECOVERY_STATUS.md,37973,c4314ee0115d83e2b05a885f6ed277bf61dd704f7019e3c95d428f2a083f1d41
review/CURRENT_EVIDENCE.md,32899,f17b2378a0f1e9b5e3c4eac66c93ab595907167aabafca5d51c1c835283fa33f
review/matched_fold2_multiseed_20260914/analyze.py,26363,b162260559f16ca4b9c7f9482c93ea649ebeabf8a00356f39c07e92f54622f85
review/matched_fold2_multiseed_20260914/AUTHORIZING_HANDOFF.md,15598,152ee0ae7308224d7bbe153a14149f7b7efe2f244edbe98ecb8992ae527a800a
review/matched_fold2_multiseed_20260914/bootstrap.py,5598,c7d1257ef92dfd44003e46fc7d6629ccf243e3eb3b7e46a67f9aa3fc1bff4ef4
review/matched_fold2_multiseed_20260914/BOOTSTRAP_OUTPUT_RECOVERY.md,964,3a460ada93e870549ff1d02344cd53f12163e7f9bab9d7b6b8078343037ac8ca
review/matched_fold2_multiseed_20260914/common.py,4297,237f468803b94d1535cdf84480807d220efe22b4be2f00acb67fe4cf10af8095
review/matched_fold2_multiseed_20260914/coordinator.py,17381,c896d272fd67ecad42d2c42fd25fbe3a22cb53570b77282f8d9bef213dae93f3
review/matched_fold2_multiseed_20260914/cross_seed_support.csv,15141,d7b69a929631a9e8507b3c638021f4910f539f2bedd0d6189383b9ee60b68c18
review/matched_fold2_multiseed_20260914/DATA_NOTICE.md,1800,d545927f1c2f1b23cf71d404de19a078140462291a1dbdb4f1487cfd2bc1b533
review/matched_fold2_multiseed_20260914/diagnose.py,18301,fee50f75ff77874a1ab0df7aeb15140a48ff821ad0ab3f0b8dd4aa2ef766aa6c
review/matched_fold2_multiseed_20260914/entry_preservation.json,690232,3df8c2a3d7570f87a91f0fbce3c4fb8cac0c6192ba67d2ae673dcc64901fdc2f
review/matched_fold2_multiseed_20260914/evaluated_commit.json,1321,0a469bc739054270e3ead1c881c464f638600bc8b15824b56b1cb69e0f18c261
review/matched_fold2_multiseed_20260914/evaluated_source.zip,320896,554f806f843ceba10846b139604ed406b41e658a77303b48336c678ac13caabb
review/matched_fold2_multiseed_20260914/EVIDENCE_INDEX.md,23966,ec80600adcf4c7e12e2376b8e4c42b888bb2750fa15636f2a185b87393c82341
review/matched_fold2_multiseed_20260914/fresh_role_support.csv,94220,7a08ad05f5dc16c3d64cbe2a064d067614fb27ef72aa335c7325bfa2242e4e03
review/matched_fold2_multiseed_20260914/frozen_scope.csv,42335,8e1757be1a69c690cf4abcbbe581675e94f43feb79afbea02c35f03e9c2d018a
review/matched_fold2_multiseed_20260914/inventory.py,12187,5f11f4ae897ee206853f76854860bb8a9c9b44494f0bf964f42f4150b774603e
review/matched_fold2_multiseed_20260914/joint_pre_fit_manifest.json,397220,702487776f574087e9649a5eb89107111fbb93a6ed8f0a99ac8ad5b221c6c69e
review/matched_fold2_multiseed_20260914/launch.ps1,1293,5b96a4d35915b41b21be48db1fb94a6b30db66b05e02999bf8bc0eb63cf12b86
review/matched_fold2_multiseed_20260914/PRE_FIT_RECORD.md,1988,552315fc8f26971b0a81e379e8f0062fc35f9e79754be240cbdbd182c8c3534c
review/matched_fold2_multiseed_20260914/PREFLIGHT_AND_BOOTSTRAP.md,2072,0b4881605deb44967c24f2c9aae5d77b504fd247d9f7aa502696799cd3efdd94
review/matched_fold2_multiseed_20260914/prepare.py,6889,f00bed6dc4dd8f9134989c7bff250f465568812fa21ff77bac00f2683454cd21
review/matched_fold2_multiseed_20260914/PROGRESS_AND_RESTART.md,4437,6eb3dd360b21b3c5372afaa78ee90d03bdee2db549f7b5f5efa906102ae97726
review/matched_fold2_multiseed_20260914/publish.py,10713,ac3e1eeaa10714125cd66345fcfac8d390de49bd3d5df32c1eb8e31bc605b185
review/matched_fold2_multiseed_20260914/seed_checks.py,3812,a9638ca5e21a16a7354b3392f1b565b22f0b3efd3b0814dd54ff2dad9faa1569
review/matched_fold2_multiseed_20260914/seed_path_preflight.json,2843,c7f80af5b0ba6c58ad2cd596ed1ca5a74f81f0cdecb0b0f9c1ca08afc4d43d67
review/matched_fold2_multiseed_20260914/test_coordinator.py,9084,5f67ede8d63f215737610d504dc706448fd5b1d8d5ca7fa4f15f7cf81cb8b97c
review/matched_fold2_multiseed_20260914/verify_publication.py,6147,ab7ce4444657c77b96857c000ce68aca7879ce4f75f02019fc3be344b7020556
smart_building_conformal/configs/matched_forecasting005_fold2_multiseed_authorization_v1.json,3972,133965734433d7327a8ff7c74c60c071d7956e70429e3eca42271b5a400d18e0
smart_building_conformal/outputs/matched_forecasting005/fold2_multiseed_batch_v1/diagnosis_command_v1.log,1209,d00deb681243f35fae437043e5d6f4bc623c1de45b8c39d50d9b7b7a29eb861e
smart_building_conformal/outputs/matched_forecasting005/fold2_multiseed_batch_v1/diagnosis_command_v1.log.json,441,4b8c8b1bce9341b616324846882cbbbf24fd910a7a7bbf6fa5ed22c78ceadafb
smart_building_conformal/outputs/matched_forecasting005/fold2_multiseed_batch_v1/diagnosis_command_v1.log.started.json,381,7b5c27537ff7372510f01edb88ba6b4837fbce9bcde597f0eef7a14eede65a96
smart_building_conformal/outputs/matched_forecasting005/fold2_multiseed_batch_v1/diagnosis_command_v2.log,815,ce283e1dbcf57125f31e8e44d755e76451c534d239d1a164ca730dbe33bbc2c4
smart_building_conformal/outputs/matched_forecasting005/fold2_multiseed_batch_v1/diagnosis_command_v2.log.json,442,7c0e0ccaadb94a7fca8520f0b4c82f19135f249b0af31a5532a398bd8f2d9136
smart_building_conformal/outputs/matched_forecasting005/fold2_multiseed_batch_v1/diagnosis_command_v2.log.started.json,381,d4f43c46456c0bc0dcaa0ebe304d082117dfd3591c3307550177d1ddd7cc3f93
smart_building_conformal/outputs/matched_forecasting005/fold2_multiseed_batch_v1/diagnosis_v1/rico_h5_persistence_saved_model_fit_predictions.csv.gz,616175,d9c9061c3547a5b19abdcdebda7228cf76282f0797efb1b5f2d6b45dbf4f942f
smart_building_conformal/outputs/matched_forecasting005/fold2_multiseed_batch_v1/diagnosis_v2/artifact_identity.csv,18582,c08b2a90d16f78f4dd252f500c05258021a49bed5b98708a8ad05d9ac33904e2
smart_building_conformal/outputs/matched_forecasting005/fold2_multiseed_batch_v1/diagnosis_v2/COMPLETE.json,3992,e50202bdd1588102af750ae58d9f0e0f64bb0f52d7b89aaa9efbbe40cd8aa200
smart_building_conformal/outputs/matched_forecasting005/fold2_multiseed_batch_v1/diagnosis_v2/equal_group_bias_diagnostics.csv,67362,5eca7c2c2234176d0b777439424867aea63e18cc0ddb13271663f4b4606095ae
smart_building_conformal/outputs/matched_forecasting005/fold2_multiseed_batch_v1/diagnosis_v2/frozen_radius_residual_shift.csv,59785,f1fc4ba85583e75d4ab2f7df6fc8f3e153faf2fb7b005ee96302c173adbae23c
smart_building_conformal/outputs/matched_forecasting005/fold2_multiseed_batch_v1/diagnosis_v2/input_manifest.csv,30657,3fc9b9bd0a824ed3a2971d57a57c2edbdbfc9a1918dcd6b51ecd12dc2dad1906
smart_building_conformal/outputs/matched_forecasting005/fold2_multiseed_batch_v1/diagnosis_v2/permitted_feature_ranges.csv,874295,3e03cae9699a9ff490b471a33b0ad907a18ee20b036a8e7e9ecb83bf60a6326f
smart_building_conformal/outputs/matched_forecasting005/fold2_multiseed_batch_v1/diagnosis_v2/pleia_h1_attention_lstm_saved_model_fit_predictions.csv.gz,829755,005ec934e598f082c4fb5f91b2a4c89185b111fdb84b8c61357802d6af656c6f
smart_building_conformal/outputs/matched_forecasting005/fold2_multiseed_batch_v1/diagnosis_v2/pleia_h1_persistence_saved_model_fit_predictions.csv.gz,713351,116221a2c9fc135cd3ededa544f9be92d01e288d3a016c9e4268038e69d6556e
smart_building_conformal/outputs/matched_forecasting005/fold2_multiseed_batch_v1/diagnosis_v2/pleia_h1_xgboost_saved_model_fit_predictions.csv.gz,827854,67ef0c9bee407244f7ff36bc68d75345d71164661480b189ec766205d56103fb
smart_building_conformal/outputs/matched_forecasting005/fold2_multiseed_batch_v1/diagnosis_v2/pleia_h3_attention_lstm_saved_model_fit_predictions.csv.gz,831142,14fe72975fac75d5d1b6454ff8c54660b121e9dee3ffb001b9f803df26456328
smart_building_conformal/outputs/matched_forecasting005/fold2_multiseed_batch_v1/diagnosis_v2/pleia_h3_persistence_saved_model_fit_predictions.csv.gz,715812,4acdfd2ae5164ab17036918e2533b806b3cac7c2f076a7d9199fe757aea22832
smart_building_conformal/outputs/matched_forecasting005/fold2_multiseed_batch_v1/diagnosis_v2/pleia_h3_xgboost_saved_model_fit_predictions.csv.gz,830086,84ff35149fb244f1b787353042b4811d8e9c28361ee72de04306eafeef2ff480
smart_building_conformal/outputs/matched_forecasting005/fold2_multiseed_batch_v1/diagnosis_v2/pleia_h6_attention_lstm_saved_model_fit_predictions.csv.gz,828979,dc699a90414f33f8acb35fbe63b20c6d859684761e6b363143119b1ea06b0b3f
smart_building_conformal/outputs/matched_forecasting005/fold2_multiseed_batch_v1/diagnosis_v2/pleia_h6_persistence_saved_model_fit_predictions.csv.gz,714613,a98c54d452aeade3093fcf63b5c77898de7563a2dc94097a589b03c4ea15729f
smart_building_conformal/outputs/matched_forecasting005/fold2_multiseed_batch_v1/diagnosis_v2/pleia_h6_xgboost_saved_model_fit_predictions.csv.gz,828164,bab8313ee882124dd0afd214fd088d520a7ab2081673c954aa0e8559cc102f85
smart_building_conformal/outputs/matched_forecasting005/fold2_multiseed_batch_v1/diagnosis_v2/point_bias_by_original_group.csv,1133473,1475bee3c5cc7e06f36aa78b2ba44208b0074fd62baffee6a7583995db504baf
smart_building_conformal/outputs/matched_forecasting005/fold2_multiseed_batch_v1/diagnosis_v2/point_bias_by_role.csv,73098,9fb18975bcad694f5e9d6c65c182a7019584981a6fbedd080182350fd7d0c55a
smart_building_conformal/outputs/matched_forecasting005/fold2_multiseed_batch_v1/diagnosis_v2/preserved_tuning_choices.csv,18834,ebec13352c1fc2127d839ef95c556b9411368a97adc07c46f3477578fc032534
smart_building_conformal/outputs/matched_forecasting005/fold2_multiseed_batch_v1/diagnosis_v2/rico_h15_attention_lstm_saved_model_fit_predictions.csv.gz,684778,dfe6256f840b788edb735236ba17690beb0244025e182c81d715b7df30cc24a5
smart_building_conformal/outputs/matched_forecasting005/fold2_multiseed_batch_v1/diagnosis_v2/rico_h15_persistence_saved_model_fit_predictions.csv.gz,588514,20fc2ac597fd4f769095e9a81278fde2fdd43dd8736b07fb62dbe571b9ef31f7
smart_building_conformal/outputs/matched_forecasting005/fold2_multiseed_batch_v1/diagnosis_v2/rico_h15_xgboost_saved_model_fit_predictions.csv.gz,677885,91940e455fda1e2a153c979d8e4a770d3e4d42143191eb6ec35fe47fcfb4fba5
smart_building_conformal/outputs/matched_forecasting005/fold2_multiseed_batch_v1/diagnosis_v2/rico_h30_attention_lstm_saved_model_fit_predictions.csv.gz,632255,5b2b20df76fc46a66bb205c3ea3ed6b0c8a9e4e750b23f32672cef8df1fee457
smart_building_conformal/outputs/matched_forecasting005/fold2_multiseed_batch_v1/diagnosis_v2/rico_h30_persistence_saved_model_fit_predictions.csv.gz,543567,0548c3f2ec896e6fdc59dcfb0f066ad7479db2a39971e15238cf780a94620b2c
smart_building_conformal/outputs/matched_forecasting005/fold2_multiseed_batch_v1/diagnosis_v2/rico_h30_xgboost_saved_model_fit_predictions.csv.gz,626036,5fa57f1df2da21e5a53dc1dbeaecbc78dc994525f92327f421336fa5e621bcf7
smart_building_conformal/outputs/matched_forecasting005/fold2_multiseed_batch_v1/diagnosis_v2/rico_h5_attention_lstm_saved_model_fit_predictions.csv.gz,717908,b7ef9912f316b04df97cb8fb7ab86495c9395a3b085189273f624885d111c066
smart_building_conformal/outputs/matched_forecasting005/fold2_multiseed_batch_v1/diagnosis_v2/rico_h5_persistence_saved_model_fit_predictions.csv.gz,616175,d9c9061c3547a5b19abdcdebda7228cf76282f0797efb1b5f2d6b45dbf4f942f
smart_building_conformal/outputs/matched_forecasting005/fold2_multiseed_batch_v1/diagnosis_v2/rico_h5_xgboost_saved_model_fit_predictions.csv.gz,712427,631ab6411feca491ef0ba610961f9edddffd10409b1dc43b0f60daab23556e37
smart_building_conformal/outputs/matched_forecasting005/fold2_multiseed_batch_v1/diagnosis_v2/rico_h60_attention_lstm_saved_model_fit_predictions.csv.gz,529271,0b6d4d91be7a93a9690b75448db1357b9ab2bb1c11792e66a86aee64fa772e36
smart_building_conformal/outputs/matched_forecasting005/fold2_multiseed_batch_v1/diagnosis_v2/rico_h60_persistence_saved_model_fit_predictions.csv.gz,454674,4d2bc844febdf39ee6afa886d09f28b0de933b3dc0dffeb00564cc4a811ad1e8
smart_building_conformal/outputs/matched_forecasting005/fold2_multiseed_batch_v1/diagnosis_v2/rico_h60_xgboost_saved_model_fit_predictions.csv.gz,509843,c95df89d49201a73681acf5d196d6d903cde2e72434c76ed81c89031c40060e6
smart_building_conformal/outputs/matched_forecasting005/fold2_multiseed_batch_v1/diagnosis_v2/rico_phase_bias.csv,38673,7562737504f76e37f383b23d5aeb8c93927c879b6c1819bcba4294b025827f2f
smart_building_conformal/outputs/matched_forecasting005/fold2_multiseed_batch_v1/diagnosis_v2/role_target_ranges.csv,27389,ea57c8307f784959edb64aa74f6079c7a35a738c083f4f5aeb18c04c8d514fec
smart_building_conformal/outputs/matched_forecasting005/fold2_multiseed_batch_v1/diagnosis_v2/timeblock_group_coverage.csv,926072,071fb52b23aa02190b1835b11abee7789e4795c4e4796a1adbb79ed72e75408d
smart_building_conformal/outputs/matched_forecasting005/fold2_multiseed_batch_v1/diagnosis_v2/validation.json,418,f90cc82e23139538d072d88d9e97dc8d6a0afec7aa393af9cb6d38c1ca5c035f
smart_building_conformal/outputs/matched_forecasting005/fold2_multiseed_batch_v1/preflight/01_freeze.log,3088,86baf064b18670d3781af9448a5cef55e69e37f8bca818dec74de79922bab393
smart_building_conformal/outputs/matched_forecasting005/fold2_multiseed_batch_v1/preflight/01_freeze.log.json,1099,fe3358fa7ad89bc5e8f71b12d901b3f05f091855431bb9a05ae5f7ef88998a16
smart_building_conformal/outputs/matched_forecasting005/fold2_multiseed_batch_v1/preflight/01_freeze.log.started.json,1039,22b2d111931581524085574dfcbcaf17edb894865c9f147e57825ab7f9b8e35e
smart_building_conformal/outputs/matched_forecasting005/fold2_multiseed_batch_v1/preflight/01_readiness.log,1174,627c098c0661df60e6c955de038ba47d8197b0b25e3a11a21f3cce84a19cb623
smart_building_conformal/outputs/matched_forecasting005/fold2_multiseed_batch_v1/preflight/01_readiness.log.json,917,ece09064f442e33285008fe513d5d5af49cc2a8640f7ebd4498cd3a6fe164fa6
smart_building_conformal/outputs/matched_forecasting005/fold2_multiseed_batch_v1/preflight/01_readiness.log.started.json,857,154bac11d98e49c035877e41179f0b8fff98c05f8717db882f1d9b5a345555d5
smart_building_conformal/outputs/matched_forecasting005/fold2_multiseed_batch_v1/preflight/02_freeze.log,3088,b679ce57003ffec0c860109734198d4ea49fc2765f2cbb4d0892c484b4db1250
smart_building_conformal/outputs/matched_forecasting005/fold2_multiseed_batch_v1/preflight/02_freeze.log.json,1099,f833b1bba8374c9e28fe624ec71be1285b168f08d82f37972d84bb805c208a7f
smart_building_conformal/outputs/matched_forecasting005/fold2_multiseed_batch_v1/preflight/02_freeze.log.started.json,1039,807c8d1e3184c83cf47ed1b07ea00ac173f446dec74490c27e18d253c21a34f8
smart_building_conformal/outputs/matched_forecasting005/fold2_multiseed_batch_v1/preflight/02_readiness.log,1172,4a616bfe7e79e48a589a77f0e9f4d08f0ab49d370ecffac090a2bf1f7c79e7d8
smart_building_conformal/outputs/matched_forecasting005/fold2_multiseed_batch_v1/preflight/02_readiness.log.json,916,aeef077f725e883a34d86c4fa098b9b878d6faf57a346d30230fab991d95d82d
smart_building_conformal/outputs/matched_forecasting005/fold2_multiseed_batch_v1/preflight/02_readiness.log.started.json,856,0dca9cd9ab8ead940ec9ea001870ac1dfce9f0bd310085b6951407e0218e35e7
smart_building_conformal/outputs/matched_forecasting005/fold2_multiseed_batch_v1/preflight/03_freeze.log,3088,9b1291c54db83db1b30464246bc46e6909c2f700807d164f4ec9791349a954e2
smart_building_conformal/outputs/matched_forecasting005/fold2_multiseed_batch_v1/preflight/03_freeze.log.json,1098,252752d59928eda28ca602d6a766d01df98650004d6d5e5a823524427d6a0480
smart_building_conformal/outputs/matched_forecasting005/fold2_multiseed_batch_v1/preflight/03_freeze.log.started.json,1039,f2445f8fa57045691d915e3db03121f0a2d6265f63ace8320c7bbd27903828a5
smart_building_conformal/outputs/matched_forecasting005/fold2_multiseed_batch_v1/preflight/03_readiness.log,1171,47158e37da4f63433e78fed3bb7f363f896c0cf6e9747dde72b85943d0be2302
smart_building_conformal/outputs/matched_forecasting005/fold2_multiseed_batch_v1/preflight/03_readiness.log.json,916,1140f99693e36ae6361d253ddcd0426f0b46b56f57c839ce962be6742837470d
smart_building_conformal/outputs/matched_forecasting005/fold2_multiseed_batch_v1/preflight/03_readiness.log.started.json,856,f8b73601661940aa80a55b3f80fdebd118c3fb88cd05f979bcd12ccec852065e
smart_building_conformal/outputs/matched_forecasting005/fold2_multiseed_batch_v1/preflight/04_freeze.log,3088,3ca19acf45d0c4a443cebebb9ea9cb9f4d2295e1d0f36a69d60ddcf163f03ba5
smart_building_conformal/outputs/matched_forecasting005/fold2_multiseed_batch_v1/preflight/04_freeze.log.json,1082,dd265dcd2f61729222aae76a7399f1c722572fd0c7fb343b06c0a28fceedad46
smart_building_conformal/outputs/matched_forecasting005/fold2_multiseed_batch_v1/preflight/04_freeze.log.started.json,1022,363184778c6ac686589499f68b5a1192a3891f65053f78a900656aa52059de76
smart_building_conformal/outputs/matched_forecasting005/fold2_multiseed_batch_v1/preflight/04_readiness.log,1175,c1fd7fce7b419a8a8675ed905fbe643ea5184663ce058527c47a958e16cb0833
smart_building_conformal/outputs/matched_forecasting005/fold2_multiseed_batch_v1/preflight/04_readiness.log.json,901,507522373486786a14cf478e1e70a2dd33c34f066498e59baa3c8e63ca57ceb9
smart_building_conformal/outputs/matched_forecasting005/fold2_multiseed_batch_v1/preflight/04_readiness.log.started.json,840,c2e9392ab08511bbfb371d0b190809078b78e9d949ec69a8bae821c7c2828c30
smart_building_conformal/outputs/matched_forecasting005/fold2_multiseed_batch_v1/preflight/05_freeze.log,3088,8a07082f501a1b1e1484e8fd9eb3f79c0c4e15a278b88e1d2b006c13286b689b
smart_building_conformal/outputs/matched_forecasting005/fold2_multiseed_batch_v1/preflight/05_freeze.log.json,1085,f79ba90c73507872e270011433df09020582db1bcb5fcb3e753dd0fb5c8c30f6
smart_building_conformal/outputs/matched_forecasting005/fold2_multiseed_batch_v1/preflight/05_freeze.log.started.json,1024,816e31ddb466667690f650b2ecf7bf7b41a16778f28e3a84655f83bd21bcc359
smart_building_conformal/outputs/matched_forecasting005/fold2_multiseed_batch_v1/preflight/05_readiness.log,1175,32e9bba2626d36cc60f4651def421c578a45e368055985057b20b662e4d9753b
smart_building_conformal/outputs/matched_forecasting005/fold2_multiseed_batch_v1/preflight/05_readiness.log.json,904,2498d7eb0968e5f7e3f111f50b53f44cb557ae5203d6239e81c59264123e8da9
smart_building_conformal/outputs/matched_forecasting005/fold2_multiseed_batch_v1/preflight/05_readiness.log.started.json,843,70b202d41fa3d0aa67939b034bd38a4885414686f38a7cc6f9dfdbc60f7fc0b0
smart_building_conformal/outputs/matched_forecasting005/fold2_multiseed_batch_v1/preflight/06_freeze.log,3088,ebac36e3c9c6300d19c13fe8f54367560796f6d4eb5014e98102efa5d3ae8b0d
smart_building_conformal/outputs/matched_forecasting005/fold2_multiseed_batch_v1/preflight/06_freeze.log.json,1085,c5d5b03b6c21a9b7c29da5168dc4ca9c56104bed6fb190e352a7e49d00a2df37
smart_building_conformal/outputs/matched_forecasting005/fold2_multiseed_batch_v1/preflight/06_freeze.log.started.json,1024,de462e331aa81d13b3658c2a917cca0db479386c5f5d45e235d8bab52d1351be
smart_building_conformal/outputs/matched_forecasting005/fold2_multiseed_batch_v1/preflight/06_readiness.log,1174,61b3010a53828f9c626867b8c8415055a3ec8d76679185838cff6ac8348cfdac
smart_building_conformal/outputs/matched_forecasting005/fold2_multiseed_batch_v1/preflight/06_readiness.log.json,903,26e3a23200aeab250d9c29d95033781ee7e9b9c5a9410a38fc45f2c75724501a
smart_building_conformal/outputs/matched_forecasting005/fold2_multiseed_batch_v1/preflight/06_readiness.log.started.json,842,6dcf3ea7bba0cf9cbeb883568a20bff54915df52c31f4f0813a5222fdef35368
smart_building_conformal/outputs/matched_forecasting005/fold2_multiseed_batch_v1/preflight/07_freeze.log,3087,1ad8c6f036c21dcf7f428325296e097651789bc9da7831c1db96d363108e4ae3
smart_building_conformal/outputs/matched_forecasting005/fold2_multiseed_batch_v1/preflight/07_freeze.log.json,1085,84bbe8baa1e5132b2055a979cc263f7da018a62b098b726b1c2a0a57d057a0a1
smart_building_conformal/outputs/matched_forecasting005/fold2_multiseed_batch_v1/preflight/07_freeze.log.started.json,1024,54529199d19fb9c02e137f4bd56d6b3156d113beeca10b1197c6fee323e143ce
smart_building_conformal/outputs/matched_forecasting005/fold2_multiseed_batch_v1/preflight/07_readiness.log,1175,05e873ee27086d44788dc811aec8463a951e6e6428f3d61aa1e7e1f64d7a2f60
smart_building_conformal/outputs/matched_forecasting005/fold2_multiseed_batch_v1/preflight/07_readiness.log.json,903,71060fe2a4c516f25bd3dd37301f356c1e79b28cb1575907b5f4613a00d53972
smart_building_conformal/outputs/matched_forecasting005/fold2_multiseed_batch_v1/preflight/07_readiness.log.started.json,842,593c367e3067de3ed5951d299acc0c15db55d813deb82e0b3ad960f03c7cb4a1
smart_building_conformal/outputs/matched_forecasting005/fold2_multiseed_batch_v1/preflight/08_freeze.log,3094,84dc9361cd0a63afdfbf89d8cc34436c02508635e4a9ea36c208c9d7f891c52e
smart_building_conformal/outputs/matched_forecasting005/fold2_multiseed_batch_v1/preflight/08_freeze.log.json,1084,d552bb323774768f2172b3be27ad9dc34012fec0bb2b7d060a7d35659fc8510c
smart_building_conformal/outputs/matched_forecasting005/fold2_multiseed_batch_v1/preflight/08_freeze.log.started.json,1023,13882ca1079896ddb3d4d04e03832e7b9185f2630bd63ee3883006581c65f926
smart_building_conformal/outputs/matched_forecasting005/fold2_multiseed_batch_v1/preflight/08_readiness.log,1178,fc669ddc4979a27d4775b4d0650b8846f0c7cd6491f18c5c2359ea93307d06b5
smart_building_conformal/outputs/matched_forecasting005/fold2_multiseed_batch_v1/preflight/08_readiness.log.json,901,69a76077e3e9825732de1d171e55a108ede330c2cc65f85ee344fb99d15c770d
smart_building_conformal/outputs/matched_forecasting005/fold2_multiseed_batch_v1/preflight/08_readiness.log.started.json,840,3266147eeb10c20264883d2bb76c1623267162aad4b7d5d051a3908c88859791
smart_building_conformal/outputs/matched_forecasting005/fold2_multiseed_batch_v1/preflight/09_freeze.log,3094,d65511284828f671329d379a67ea60bd9806fb53ebd545af3f3c0428479eb766
smart_building_conformal/outputs/matched_forecasting005/fold2_multiseed_batch_v1/preflight/09_freeze.log.json,1083,3cd8b9aec3c12a16e08253208e630eeeb0b811b4cb7c946eae7b693e391a6270
smart_building_conformal/outputs/matched_forecasting005/fold2_multiseed_batch_v1/preflight/09_freeze.log.started.json,1022,5081a80b807ec3fe85f9c7e56f2be7ab926e121f267607c6936c51be7d88c03c
smart_building_conformal/outputs/matched_forecasting005/fold2_multiseed_batch_v1/preflight/09_readiness.log,1177,8ea433bdb18a3d7ff0fec4be093d0e23d35981dab9cad5e1b3f8c13b12c9cb50
smart_building_conformal/outputs/matched_forecasting005/fold2_multiseed_batch_v1/preflight/09_readiness.log.json,900,0ed100126a49b5a8c267305b7c52445db3428bf63d0551ea6e5c471dbb069819
smart_building_conformal/outputs/matched_forecasting005/fold2_multiseed_batch_v1/preflight/09_readiness.log.started.json,840,337412526cd01527499d883c2755ade623e3e23bde03e60b6fa4aece4a371982
smart_building_conformal/outputs/matched_forecasting005/fold2_multiseed_batch_v1/preflight/10_freeze.log,3094,8bd320944795a1dda89aa70f4950e2d91c63ba4d652469be63108f9004f1cf3e
smart_building_conformal/outputs/matched_forecasting005/fold2_multiseed_batch_v1/preflight/10_freeze.log.json,1083,e81e1bf163d4dace519cd7f2bb816eea58ff155426c5028cfc19c22966ecf699
smart_building_conformal/outputs/matched_forecasting005/fold2_multiseed_batch_v1/preflight/10_freeze.log.started.json,1023,bf93a3f4251cd27a2baa9f90bff9025763d06dc5a4a0d7ba94fbd4e65d51b9a3
smart_building_conformal/outputs/matched_forecasting005/fold2_multiseed_batch_v1/preflight/10_readiness.log,1179,3a0b711ce1ec4128f9fa7f92a0e0695b3a9ebcf78f655059ba1f262ee3e9d91f
smart_building_conformal/outputs/matched_forecasting005/fold2_multiseed_batch_v1/preflight/10_readiness.log.json,902,0480f0a19222883180b8d6a5bf5c67a42b1b23c8a6296baf5ef86472c1a32b43
smart_building_conformal/outputs/matched_forecasting005/fold2_multiseed_batch_v1/preflight/10_readiness.log.started.json,841,30efbb970604402d5f95f5b1d94340cb6f2e60646717c6747b59ab5df3c2acea
smart_building_conformal/outputs/matched_forecasting005/fold2_multiseed_batch_v1/preflight/11_freeze.log,3088,e64065b3f5e1bcd457ee49e45a2e3fc15ec26bf3ebf4e08d5fe99fa64e8e6c36
smart_building_conformal/outputs/matched_forecasting005/fold2_multiseed_batch_v1/preflight/11_freeze.log.json,1085,bec8626994ed7cf5d828d9213b3091b97367bbe13a64f34e78fc5e31b79e5e18
smart_building_conformal/outputs/matched_forecasting005/fold2_multiseed_batch_v1/preflight/11_freeze.log.started.json,1024,46f7d3f73b2fbbeb93278f8c0b8878398dbccf146d15a2208f6205412c775df9
smart_building_conformal/outputs/matched_forecasting005/fold2_multiseed_batch_v1/preflight/11_readiness.log,1176,7dcfcf62105e8f3bbd74afefa837f1b86475acdee50958694e04049aed4cb4a4
smart_building_conformal/outputs/matched_forecasting005/fold2_multiseed_batch_v1/preflight/11_readiness.log.json,903,136788f9166b19ea34b8cc624397a8c26e9e0819e00ef1e6662d1aad3fbc4a3d
smart_building_conformal/outputs/matched_forecasting005/fold2_multiseed_batch_v1/preflight/11_readiness.log.started.json,842,301a2543ec1a5d57922d4d553c3431ed7e604477610fa1bda3e4b688029c9325
smart_building_conformal/outputs/matched_forecasting005/fold2_multiseed_batch_v1/preflight/12_freeze.log,3088,3d7566b6a36a4db76c00837786b9f0bea1bd6749ba00f23a4c679737abd2284a
smart_building_conformal/outputs/matched_forecasting005/fold2_multiseed_batch_v1/preflight/12_freeze.log.json,1085,58ff622f97f5dbbbaffdb505a2d90e50bd5db08540a4a55a47c37e22ed03961b
smart_building_conformal/outputs/matched_forecasting005/fold2_multiseed_batch_v1/preflight/12_freeze.log.started.json,1024,8cd7c2e8c34339402979f02fab1ee7bc788dd7b4f3eb38a3cd990b73dc6b4f5a
smart_building_conformal/outputs/matched_forecasting005/fold2_multiseed_batch_v1/preflight/12_readiness.log,1178,50334627ab8bd04f53aad007f9f4b93e185cc45570e65b444a0f9801830559bf
smart_building_conformal/outputs/matched_forecasting005/fold2_multiseed_batch_v1/preflight/12_readiness.log.json,904,864f1b0b7e39c9655abbb45d925e05876f5cdf71cea7b58919290b6765f4f9e0
smart_building_conformal/outputs/matched_forecasting005/fold2_multiseed_batch_v1/preflight/12_readiness.log.started.json,843,2073d4a8c5f800ad0be3a72cf53f416bc11f28f27468d7cc7e865f48b3759b7b
smart_building_conformal/outputs/matched_forecasting005/fold2_multiseed_batch_v1/preflight/13_freeze.log,3088,69f7dc0aead609b07d04a65cc73408233c89b986d8292047cfd04d2bc226817e
smart_building_conformal/outputs/matched_forecasting005/fold2_multiseed_batch_v1/preflight/13_freeze.log.json,1086,27d966c3217a195d8b33dce742f5d732b6cba43bf4710ae35de5e7fd3b07ae89
smart_building_conformal/outputs/matched_forecasting005/fold2_multiseed_batch_v1/preflight/13_freeze.log.started.json,1025,00edc54a7aca3b71fe496b19bfd56ad0777dc5b0485070f1016ef772e8cbbfa8
smart_building_conformal/outputs/matched_forecasting005/fold2_multiseed_batch_v1/preflight/13_readiness.log,1177,0d8e22aca1e27ed5cdc2ca0ee7eed4dd761c77ed7081e9f1abb9605ef034b232
smart_building_conformal/outputs/matched_forecasting005/fold2_multiseed_batch_v1/preflight/13_readiness.log.json,903,63e45080e704faf027dbd95ecaa2c8c4695c2dcef3a0304494a3a0656103d80c
smart_building_conformal/outputs/matched_forecasting005/fold2_multiseed_batch_v1/preflight/13_readiness.log.started.json,843,772f73bf92417e496e742555027791ae9d7f259fc70dcc28444e4393ae74c8e7
smart_building_conformal/outputs/matched_forecasting005/fold2_multiseed_batch_v1/preflight/14_freeze.log,3088,86baf064b18670d3781af9448a5cef55e69e37f8bca818dec74de79922bab393
smart_building_conformal/outputs/matched_forecasting005/fold2_multiseed_batch_v1/preflight/14_freeze.log.json,1097,a28aaebcb4dac7649aee5e2a175e98bf8ee4445d1ce56fa4e2c0208ca654019e
smart_building_conformal/outputs/matched_forecasting005/fold2_multiseed_batch_v1/preflight/14_freeze.log.started.json,1037,810187186ac1b48d2d51867047a740d8cc95912f093fdc69790b276f39b97782
smart_building_conformal/outputs/matched_forecasting005/fold2_multiseed_batch_v1/preflight/14_readiness.log,1171,f4ab8faa2822d08d9fb18ae196b52dbdba939136445bb3c6aaef3d133697a253
smart_building_conformal/outputs/matched_forecasting005/fold2_multiseed_batch_v1/preflight/14_readiness.log.json,917,84a9195b4bfc686edd7c496bae0af305e05311dc3834d41a3417294adb5fcf5b
smart_building_conformal/outputs/matched_forecasting005/fold2_multiseed_batch_v1/preflight/14_readiness.log.started.json,857,66dc5c1c2ddc637e2862879411bfe164fd52cf034e6044a7ea252d1373734ed1
smart_building_conformal/outputs/matched_forecasting005/fold2_multiseed_batch_v1/preflight/15_freeze.log,3088,b679ce57003ffec0c860109734198d4ea49fc2765f2cbb4d0892c484b4db1250
smart_building_conformal/outputs/matched_forecasting005/fold2_multiseed_batch_v1/preflight/15_freeze.log.json,1098,78258730edecb5ed0bad45aeebfa2a017c04062a0d60597dbdc16a6eb99966f3
smart_building_conformal/outputs/matched_forecasting005/fold2_multiseed_batch_v1/preflight/15_freeze.log.started.json,1038,b00a0cc843bf040a24dcfe2c753e43d68066da0015e2bfc018930c0eb1bda635
smart_building_conformal/outputs/matched_forecasting005/fold2_multiseed_batch_v1/preflight/15_readiness.log,1173,73b756f0583b706018d5e4af29c0f05650778552cc009d62f5fcba2f343f3caa
smart_building_conformal/outputs/matched_forecasting005/fold2_multiseed_batch_v1/preflight/15_readiness.log.json,917,07c52830f4f75e4c9388da4560ec5a7cefbfce040ddb3665820df129c8689786
smart_building_conformal/outputs/matched_forecasting005/fold2_multiseed_batch_v1/preflight/15_readiness.log.started.json,857,a42944f8f9749a538b18b0c07c04d9b50a87e7bf673f47b803127256a0c86662
smart_building_conformal/outputs/matched_forecasting005/fold2_multiseed_batch_v1/preflight/16_freeze.log,3088,9b1291c54db83db1b30464246bc46e6909c2f700807d164f4ec9791349a954e2
smart_building_conformal/outputs/matched_forecasting005/fold2_multiseed_batch_v1/preflight/16_freeze.log.json,1099,7b39b1221b720db83e17e5635320d08ecabd2d2184d5d5db7319cca6a8cc8268
smart_building_conformal/outputs/matched_forecasting005/fold2_multiseed_batch_v1/preflight/16_freeze.log.started.json,1039,6497fd5d37a5f8b91c9c4943f6f44e2713c1c02ea00a90b2a25594c1bdca2fda
smart_building_conformal/outputs/matched_forecasting005/fold2_multiseed_batch_v1/preflight/16_readiness.log,1173,c63569fe0cea5e8ed3b5926dacb116d743c344fa235f365602e43788af4da14e
smart_building_conformal/outputs/matched_forecasting005/fold2_multiseed_batch_v1/preflight/16_readiness.log.json,916,121ec1e63cd6fc77d15b21a84cfbf32a6b9202647b806ff5d2ea8f075c4f4ab2
smart_building_conformal/outputs/matched_forecasting005/fold2_multiseed_batch_v1/preflight/16_readiness.log.started.json,856,9a0fcbe9a081de2f42f5ccd1b0ab9d9dd1b9fad133ac527eeacd84add9bc5020
smart_building_conformal/outputs/matched_forecasting005/fold2_multiseed_batch_v1/preflight/17_freeze.log,3088,3ca19acf45d0c4a443cebebb9ea9cb9f4d2295e1d0f36a69d60ddcf163f03ba5
smart_building_conformal/outputs/matched_forecasting005/fold2_multiseed_batch_v1/preflight/17_freeze.log.json,1084,d606273e07074d7206366f97f7211f316747072c72dbcab3e4e791ca79207533
smart_building_conformal/outputs/matched_forecasting005/fold2_multiseed_batch_v1/preflight/17_freeze.log.started.json,1023,e918e5a428f672238dbe171cbbf2e5c4f7e7cf2106758db54c8f09177b45c722
smart_building_conformal/outputs/matched_forecasting005/fold2_multiseed_batch_v1/preflight/17_readiness.log,1175,9c3ed84cee71e868dfa886e199bd47fe08d1a18bb13440f01047775d6ea44894
smart_building_conformal/outputs/matched_forecasting005/fold2_multiseed_batch_v1/preflight/17_readiness.log.json,901,01ebdf10f69de203d254adaaa246981125630f9154c19f8243ddea4b94023bfc
smart_building_conformal/outputs/matched_forecasting005/fold2_multiseed_batch_v1/preflight/17_readiness.log.started.json,841,7a4cf2fa691d45a7f334c327e961fb510bd17665f74d4982a4105040367b1f49
smart_building_conformal/outputs/matched_forecasting005/fold2_multiseed_batch_v1/preflight/18_freeze.log,3088,8a07082f501a1b1e1484e8fd9eb3f79c0c4e15a278b88e1d2b006c13286b689b
smart_building_conformal/outputs/matched_forecasting005/fold2_multiseed_batch_v1/preflight/18_freeze.log.json,1085,faa6b4bc50079c03ef3fb445ff3e5e0a2d96deb0765e93d05d0356725b3f106d
smart_building_conformal/outputs/matched_forecasting005/fold2_multiseed_batch_v1/preflight/18_freeze.log.started.json,1024,eaaaa19c2393f741089d22337e95b68db7b83bbbbf14a159fb555636099a901d
smart_building_conformal/outputs/matched_forecasting005/fold2_multiseed_batch_v1/preflight/18_readiness.log,1174,23cf9ff543b446601d7a81ff00ce51722526c53d06b983595e5a8218b38be23d
smart_building_conformal/outputs/matched_forecasting005/fold2_multiseed_batch_v1/preflight/18_readiness.log.json,903,da3cc84550bcb09dace4b54a9f9e54972fd1041bb3af946bb2f807ea9a1b2070
smart_building_conformal/outputs/matched_forecasting005/fold2_multiseed_batch_v1/preflight/18_readiness.log.started.json,842,7b8f516b5581e8ed68d8d4a7c0131231005d9f05bb53cdd7102da4954876a5f5
smart_building_conformal/outputs/matched_forecasting005/fold2_multiseed_batch_v1/preflight/19_freeze.log,3088,ebac36e3c9c6300d19c13fe8f54367560796f6d4eb5014e98102efa5d3ae8b0d
smart_building_conformal/outputs/matched_forecasting005/fold2_multiseed_batch_v1/preflight/19_freeze.log.json,1086,195826a3618961b19021458eb0cc7a92271d01fe00d1b1d5936f69f49b443178
smart_building_conformal/outputs/matched_forecasting005/fold2_multiseed_batch_v1/preflight/19_freeze.log.started.json,1025,764e72057592f23d5993a97701004b1c4dcea15a29970c0d3ecee53ffb720845
smart_building_conformal/outputs/matched_forecasting005/fold2_multiseed_batch_v1/preflight/19_readiness.log,1173,679146abff72a56612d47cd2019834bc71adaef02f4b904f4dad1ac01060d842
smart_building_conformal/outputs/matched_forecasting005/fold2_multiseed_batch_v1/preflight/19_readiness.log.json,904,0a87f8f0930ced1d8258000dee77760e95751e2f746607659c2f97fdea8ab5a5
smart_building_conformal/outputs/matched_forecasting005/fold2_multiseed_batch_v1/preflight/19_readiness.log.started.json,843,35b0a7e9a06e69a60a4407fedeb45ba812015bcd93b8c5412f575e08a1e2611e
smart_building_conformal/outputs/matched_forecasting005/fold2_multiseed_batch_v1/preflight/20_freeze.log,3087,1ad8c6f036c21dcf7f428325296e097651789bc9da7831c1db96d363108e4ae3
smart_building_conformal/outputs/matched_forecasting005/fold2_multiseed_batch_v1/preflight/20_freeze.log.json,1086,2464821a973e87f1de49674cb584a1d4b80074c9ae996a6e6b461da572418c27
smart_building_conformal/outputs/matched_forecasting005/fold2_multiseed_batch_v1/preflight/20_freeze.log.started.json,1025,95d6dcb7ea5cb7c1355556982273b6bd2d92682594dfac46876ed0b199216b74
smart_building_conformal/outputs/matched_forecasting005/fold2_multiseed_batch_v1/preflight/20_readiness.log,1176,0360e34094d85bba07af7dcd8a3e6ef4872abe56854b287263bb68adb22081a4
smart_building_conformal/outputs/matched_forecasting005/fold2_multiseed_batch_v1/preflight/20_readiness.log.json,904,bd0c4bf08b39b00518f45c563523c237ae94aa737b3fda404545de4acef148d7
smart_building_conformal/outputs/matched_forecasting005/fold2_multiseed_batch_v1/preflight/20_readiness.log.started.json,843,d9214bfd4204b7452bb8183b651cba52a85c58265cce661d437b1eb8fafa80cd
smart_building_conformal/outputs/matched_forecasting005/fold2_multiseed_batch_v1/preflight/21_freeze.log,3094,84dc9361cd0a63afdfbf89d8cc34436c02508635e4a9ea36c208c9d7f891c52e
smart_building_conformal/outputs/matched_forecasting005/fold2_multiseed_batch_v1/preflight/21_freeze.log.json,1083,e084463d1d3a628ea8753666f042c59b175685800ecb65e504c7eda27ddd34ec
smart_building_conformal/outputs/matched_forecasting005/fold2_multiseed_batch_v1/preflight/21_freeze.log.started.json,1022,fd376f96a66a427fb26e05b54aa737250187b89864cf13bd547297df0b22605d
smart_building_conformal/outputs/matched_forecasting005/fold2_multiseed_batch_v1/preflight/21_readiness.log,1178,dadcdfd68de012a596d92c181014a76403f93fdafacb0196b63edee12f18ae1c
smart_building_conformal/outputs/matched_forecasting005/fold2_multiseed_batch_v1/preflight/21_readiness.log.json,901,0508a0b1866e0ceebcc002a209c51b167e1a376ee8fa064701fa382d9dae1250
smart_building_conformal/outputs/matched_forecasting005/fold2_multiseed_batch_v1/preflight/21_readiness.log.started.json,840,4e45cd436115623b0f5e949e3f13090abbb330bc6139a7e2348383f6fe407b20
smart_building_conformal/outputs/matched_forecasting005/fold2_multiseed_batch_v1/preflight/22_freeze.log,3094,d65511284828f671329d379a67ea60bd9806fb53ebd545af3f3c0428479eb766
smart_building_conformal/outputs/matched_forecasting005/fold2_multiseed_batch_v1/preflight/22_freeze.log.json,1084,98aabdc6af2524604b44ba78a26886f03f67104fed899738d81fe61b0c2017b4
smart_building_conformal/outputs/matched_forecasting005/fold2_multiseed_batch_v1/preflight/22_freeze.log.started.json,1023,005f6c7ed31a56781847dcba9d7d27fc94a41841fa8a6466e31c2c11c684a62d
smart_building_conformal/outputs/matched_forecasting005/fold2_multiseed_batch_v1/preflight/22_readiness.log,1178,7276b7aa7547a6984f96acb7f2effad66dd521ffbde881726755eaa2d08939cd
smart_building_conformal/outputs/matched_forecasting005/fold2_multiseed_batch_v1/preflight/22_readiness.log.json,900,372d99df79ff8a12d2836e09a08e1d06bbceb34cd316edc5858f81312d3b42b5
smart_building_conformal/outputs/matched_forecasting005/fold2_multiseed_batch_v1/preflight/22_readiness.log.started.json,839,6ff90a2f18587aa60851e1fa5fb3de80e6077fb81b698d0f2d8de726b6553d3f
smart_building_conformal/outputs/matched_forecasting005/fold2_multiseed_batch_v1/preflight/23_freeze.log,3094,8bd320944795a1dda89aa70f4950e2d91c63ba4d652469be63108f9004f1cf3e
smart_building_conformal/outputs/matched_forecasting005/fold2_multiseed_batch_v1/preflight/23_freeze.log.json,1082,21ccd95dbf12ea99b6bf97cd5ace78b03b647a6cb46a945ec5b69027ea77ec89
smart_building_conformal/outputs/matched_forecasting005/fold2_multiseed_batch_v1/preflight/23_freeze.log.started.json,1022,13fb3466587bfdd1f86344ecec800658b03f63fa19233a41a607ac8b891f7251
smart_building_conformal/outputs/matched_forecasting005/fold2_multiseed_batch_v1/preflight/23_readiness.log,1178,07e6d820c92103fb49eb49940a9975d80477ac9aa9af9f71e26ff0f6d9416e88
smart_building_conformal/outputs/matched_forecasting005/fold2_multiseed_batch_v1/preflight/23_readiness.log.json,900,dbe49613b77dfe904ad33041170f985fc17078a08d6b2a267f3806afae6595b8
smart_building_conformal/outputs/matched_forecasting005/fold2_multiseed_batch_v1/preflight/23_readiness.log.started.json,840,0ae5fb079149bbb5d17374905205f13c136e131e86e818b969879873c354e1d9
smart_building_conformal/outputs/matched_forecasting005/fold2_multiseed_batch_v1/preflight/24_freeze.log,3088,e64065b3f5e1bcd457ee49e45a2e3fc15ec26bf3ebf4e08d5fe99fa64e8e6c36
smart_building_conformal/outputs/matched_forecasting005/fold2_multiseed_batch_v1/preflight/24_freeze.log.json,1086,3e8afb914b3a1ca248f167d25c5159e10bcc31d97ff8fb7c8a5e14103f11d155
smart_building_conformal/outputs/matched_forecasting005/fold2_multiseed_batch_v1/preflight/24_freeze.log.started.json,1025,1e9df42fc5504b2f430cfa17542c8a0390eafc12a345c484d501ea2bd782ee50
smart_building_conformal/outputs/matched_forecasting005/fold2_multiseed_batch_v1/preflight/24_readiness.log,1178,8025d300f25b1d65911c14c2a5f6b3b29b270186ea1499a7b64cac3cfc75d38b
smart_building_conformal/outputs/matched_forecasting005/fold2_multiseed_batch_v1/preflight/24_readiness.log.json,902,69c1f98653fa0c8829772b7f8fe7350d251b9cee7e96aa08ef1bd2b89989973e
smart_building_conformal/outputs/matched_forecasting005/fold2_multiseed_batch_v1/preflight/24_readiness.log.started.json,841,9017d4c682b124a33b84b0194959f59cca9af8aa49fa5977fc1d12db687a2b99
smart_building_conformal/outputs/matched_forecasting005/fold2_multiseed_batch_v1/preflight/25_freeze.log,3088,3d7566b6a36a4db76c00837786b9f0bea1bd6749ba00f23a4c679737abd2284a
smart_building_conformal/outputs/matched_forecasting005/fold2_multiseed_batch_v1/preflight/25_freeze.log.json,1086,8301764046d06d112f1121574d29761133a6e9b3eea0f4075bce6804dc91ea60
smart_building_conformal/outputs/matched_forecasting005/fold2_multiseed_batch_v1/preflight/25_freeze.log.started.json,1025,ca3748537480c6a8726cbe67ee5c02c6e2fd6326b20eeeb67d5abcf83735f7e3
smart_building_conformal/outputs/matched_forecasting005/fold2_multiseed_batch_v1/preflight/25_readiness.log,1176,ec337e6423d7122e88eacbcb1ca74749ee1a75445514872a75724115ffb2eaf2
smart_building_conformal/outputs/matched_forecasting005/fold2_multiseed_batch_v1/preflight/25_readiness.log.json,904,7eb4ce67aff392f8ff014178c018d9e7834671a9ea3edb32025bd92dbae3b7da
smart_building_conformal/outputs/matched_forecasting005/fold2_multiseed_batch_v1/preflight/25_readiness.log.started.json,843,b76c4b9c3dd559d315a8f7d635b0eb44720c09ed626ee8fad2293787c4640202
smart_building_conformal/outputs/matched_forecasting005/fold2_multiseed_batch_v1/preflight/26_freeze.log,3088,69f7dc0aead609b07d04a65cc73408233c89b986d8292047cfd04d2bc226817e
smart_building_conformal/outputs/matched_forecasting005/fold2_multiseed_batch_v1/preflight/26_freeze.log.json,1086,d35ec04a6acd951c2b8227ac2a42875da072291d06e39d77271afa8bea9b517b
smart_building_conformal/outputs/matched_forecasting005/fold2_multiseed_batch_v1/preflight/26_freeze.log.started.json,1025,ba42dc9a445f29fea102fd505445a05b32a700a72b4f722733536fedb7eb9d6a
smart_building_conformal/outputs/matched_forecasting005/fold2_multiseed_batch_v1/preflight/26_readiness.log,1178,297a4aec1bc2d23fd4b2112f8f0194727e46c0401b540b75ba52109d7f0b3814
smart_building_conformal/outputs/matched_forecasting005/fold2_multiseed_batch_v1/preflight/26_readiness.log.json,904,de77d0a99af8a29f2679a2e2b05bb29960ea0bf11abbf352a981827c52bbcd1a
smart_building_conformal/outputs/matched_forecasting005/fold2_multiseed_batch_v1/preflight/26_readiness.log.started.json,843,e358e83e319d90c25dc769d8d662e71fdc8e2515f9a5f6428f5884d3bdc398eb
smart_building_conformal/outputs/matched_forecasting005/fold2_multiseed_batch_v1/preflight/27_freeze.log,3088,86baf064b18670d3781af9448a5cef55e69e37f8bca818dec74de79922bab393
smart_building_conformal/outputs/matched_forecasting005/fold2_multiseed_batch_v1/preflight/27_freeze.log.json,1098,ef3ad6b3db4642877ab5d12cfa0d56a49371dd09c4b7452719907765215fd091
smart_building_conformal/outputs/matched_forecasting005/fold2_multiseed_batch_v1/preflight/27_freeze.log.started.json,1038,fd139d42a1bea2b8cd8131fa11763fc6a79e71017fd45e92590ba190703f23ad
smart_building_conformal/outputs/matched_forecasting005/fold2_multiseed_batch_v1/preflight/27_readiness.log,1170,b7795f7f6e455eb1afe92cc0ddf3459368aa9510a71904134c44ae628687d6d6
smart_building_conformal/outputs/matched_forecasting005/fold2_multiseed_batch_v1/preflight/27_readiness.log.json,916,5b47b35d2835dc7e683b0ebce54c34cb28f2c01763dd689f3bd5dcec10a707d3
smart_building_conformal/outputs/matched_forecasting005/fold2_multiseed_batch_v1/preflight/27_readiness.log.started.json,856,876a5b4e714f3c2fc66261aaf2abf58a940cec2b92d8ddc3c767341cb118dd9e
smart_building_conformal/outputs/matched_forecasting005/fold2_multiseed_batch_v1/preflight/28_freeze.log,3088,b679ce57003ffec0c860109734198d4ea49fc2765f2cbb4d0892c484b4db1250
smart_building_conformal/outputs/matched_forecasting005/fold2_multiseed_batch_v1/preflight/28_freeze.log.json,1099,2aad8264e3e16e56b5d3266b6c2c65215566b0a444aa84a7e8d14f6f4c25f067
smart_building_conformal/outputs/matched_forecasting005/fold2_multiseed_batch_v1/preflight/28_freeze.log.started.json,1039,356a56a8010911466db18fad1b6e52c10eef73f7e2c39e4ecbc7176712e63267
smart_building_conformal/outputs/matched_forecasting005/fold2_multiseed_batch_v1/preflight/28_readiness.log,1173,4e674ab4318734567cd7b32de4d425e2c25f77a6f0ec497a1ca0353dfb546b09
smart_building_conformal/outputs/matched_forecasting005/fold2_multiseed_batch_v1/preflight/28_readiness.log.json,916,4ced02359501c28914a1dee528bfe948fbb8d0b89b218f2a786c019989a21c66
smart_building_conformal/outputs/matched_forecasting005/fold2_multiseed_batch_v1/preflight/28_readiness.log.started.json,856,8eb5f07062bfd6886a3b818eb61bc169ea68175e59d53fef3e558032396f3997
smart_building_conformal/outputs/matched_forecasting005/fold2_multiseed_batch_v1/preflight/29_freeze.log,3088,9b1291c54db83db1b30464246bc46e6909c2f700807d164f4ec9791349a954e2
smart_building_conformal/outputs/matched_forecasting005/fold2_multiseed_batch_v1/preflight/29_freeze.log.json,1099,e041df3f78eac315e412a40606793d04a22e27444d6038fee19a5821c05a5263
smart_building_conformal/outputs/matched_forecasting005/fold2_multiseed_batch_v1/preflight/29_freeze.log.started.json,1039,37147249767cf1ca34a09a346201259cecd504f8d34911b8473fa7a9084115d8
smart_building_conformal/outputs/matched_forecasting005/fold2_multiseed_batch_v1/preflight/29_readiness.log,1170,3839287e980fc82ea7ac2771a3f13b8194167df7306866b32f30b3af242a7af7
smart_building_conformal/outputs/matched_forecasting005/fold2_multiseed_batch_v1/preflight/29_readiness.log.json,916,f499c4a550ccb6d0e811768a07c18e53cfa165bb9f3a236f3345444e8fdcb51c
smart_building_conformal/outputs/matched_forecasting005/fold2_multiseed_batch_v1/preflight/29_readiness.log.started.json,856,57a1fcc23d085407baaca4c2a4a42e9b76e94403391a309434545b11b26bbb79
smart_building_conformal/outputs/matched_forecasting005/fold2_multiseed_batch_v1/preflight/30_freeze.log,3088,3ca19acf45d0c4a443cebebb9ea9cb9f4d2295e1d0f36a69d60ddcf163f03ba5
smart_building_conformal/outputs/matched_forecasting005/fold2_multiseed_batch_v1/preflight/30_freeze.log.json,1083,2b355b23ea3d9b8e6546d5d5e2b318764f2293801c47149e8af753239844686c
smart_building_conformal/outputs/matched_forecasting005/fold2_multiseed_batch_v1/preflight/30_freeze.log.started.json,1023,0c493178171ca58f31a9dbf083e6219451666cf1cd4351d7fc4c69b49408ad12
smart_building_conformal/outputs/matched_forecasting005/fold2_multiseed_batch_v1/preflight/30_readiness.log,1175,330107d48d4ea2b2e407f6f1394b147b3b2df1e91145f60c89bad99b3b6cadc1
smart_building_conformal/outputs/matched_forecasting005/fold2_multiseed_batch_v1/preflight/30_readiness.log.json,900,7a381ebaf04de4ca8b2909a8050381cc6d2cc10b4c5d71b9b2661c586c5a6ea7
smart_building_conformal/outputs/matched_forecasting005/fold2_multiseed_batch_v1/preflight/30_readiness.log.started.json,839,c9fc7a240e41e0a76abd9e8789582a9fac255a8e28a7c39096b06bf32dd25779
smart_building_conformal/outputs/matched_forecasting005/fold2_multiseed_batch_v1/preflight/31_freeze.log,3088,8a07082f501a1b1e1484e8fd9eb3f79c0c4e15a278b88e1d2b006c13286b689b
smart_building_conformal/outputs/matched_forecasting005/fold2_multiseed_batch_v1/preflight/31_freeze.log.json,1084,1790c4bc782e492b275eb8c4c14991ecb865b1acf8e51052bd813703c7e79de0
smart_building_conformal/outputs/matched_forecasting005/fold2_multiseed_batch_v1/preflight/31_freeze.log.started.json,1024,155dcdbed6354a37a49b2023d2587e1b951cd935d596c038714a88832b72d1d1
smart_building_conformal/outputs/matched_forecasting005/fold2_multiseed_batch_v1/preflight/31_readiness.log,1174,7eee3f28c5529c6f6aee0e06de0eff1da6a90e3432e08276d62db471d3b8eb56
smart_building_conformal/outputs/matched_forecasting005/fold2_multiseed_batch_v1/preflight/31_readiness.log.json,904,b523273e8cf5ce191bf664bdcb9d4ad375e7501e6307a634dd668ea108a13724
smart_building_conformal/outputs/matched_forecasting005/fold2_multiseed_batch_v1/preflight/31_readiness.log.started.json,843,cd76199ab0471673e7970806ddb4df89e37cdc48a20ef8939627ff001b86a6bf
smart_building_conformal/outputs/matched_forecasting005/fold2_multiseed_batch_v1/preflight/32_freeze.log,3088,ebac36e3c9c6300d19c13fe8f54367560796f6d4eb5014e98102efa5d3ae8b0d
smart_building_conformal/outputs/matched_forecasting005/fold2_multiseed_batch_v1/preflight/32_freeze.log.json,1086,ad183c78ebbe1fdb47569eae4e477ad81cc67f2c2a0326b75567c6c70e3bfa32
smart_building_conformal/outputs/matched_forecasting005/fold2_multiseed_batch_v1/preflight/32_freeze.log.started.json,1025,3d424bc6c5be5b87f2251c77aef1b64433bc92719489f5213a8f41227a7c28c3
smart_building_conformal/outputs/matched_forecasting005/fold2_multiseed_batch_v1/preflight/32_readiness.log,1176,4885d46b6f66fe31789767ed213564ffffa65ca98d25a13b7b2a4e8db9548a4a
smart_building_conformal/outputs/matched_forecasting005/fold2_multiseed_batch_v1/preflight/32_readiness.log.json,904,d42c28d47547dc5763304782798a35acefcf471d885e0dd78bf7b692ec1422ce
smart_building_conformal/outputs/matched_forecasting005/fold2_multiseed_batch_v1/preflight/32_readiness.log.started.json,843,346e1010af6b7bb1fcdf8d42b35d47cfc18deabf4715030e2d7d9685c0e06368
smart_building_conformal/outputs/matched_forecasting005/fold2_multiseed_batch_v1/preflight/33_freeze.log,3087,1ad8c6f036c21dcf7f428325296e097651789bc9da7831c1db96d363108e4ae3
smart_building_conformal/outputs/matched_forecasting005/fold2_multiseed_batch_v1/preflight/33_freeze.log.json,1085,6665fb5a66e80dc9a6822ddcee21a1b77ec038b6bced321f51a7a9b1d683955c
smart_building_conformal/outputs/matched_forecasting005/fold2_multiseed_batch_v1/preflight/33_freeze.log.started.json,1025,e6cc5786b937cd31c7645240ebecf17242be0a17da7f78decc13e9d6b7f626fb
smart_building_conformal/outputs/matched_forecasting005/fold2_multiseed_batch_v1/preflight/33_readiness.log,1176,00d8511ed3566e1bc805c84099b665dc9c4f84e0ae7f861f9e91a967d0177ea9
smart_building_conformal/outputs/matched_forecasting005/fold2_multiseed_batch_v1/preflight/33_readiness.log.json,903,430817b1bec9534fd91e6e42be4896da12c27ab67cbd7f12af36ed34df9bd07c
smart_building_conformal/outputs/matched_forecasting005/fold2_multiseed_batch_v1/preflight/33_readiness.log.started.json,842,3d5aa7badde0677697df56f6d09abd55bd33a4b55d87d37b32158ec9e2f9652a
smart_building_conformal/outputs/matched_forecasting005/fold2_multiseed_batch_v1/preflight/34_freeze.log,3094,84dc9361cd0a63afdfbf89d8cc34436c02508635e4a9ea36c208c9d7f891c52e
smart_building_conformal/outputs/matched_forecasting005/fold2_multiseed_batch_v1/preflight/34_freeze.log.json,1083,232466f5b661821a67b03fcb91db9628f1845dcf6eb7257c1166ee449251562e
smart_building_conformal/outputs/matched_forecasting005/fold2_multiseed_batch_v1/preflight/34_freeze.log.started.json,1023,15253763ebcc41d04974b4e60906340007675012b10bddb16b06cd019a0eb07b
smart_building_conformal/outputs/matched_forecasting005/fold2_multiseed_batch_v1/preflight/34_readiness.log,1179,5baf1dbe8f537a828587a81e3bd3cf845cd28f898f932ec3887adebc6bbcaa10
smart_building_conformal/outputs/matched_forecasting005/fold2_multiseed_batch_v1/preflight/34_readiness.log.json,900,ed7cb98c85d196dbfe87987b1f72242fcccb6be746cc786ddd51c50b9e93e49b
smart_building_conformal/outputs/matched_forecasting005/fold2_multiseed_batch_v1/preflight/34_readiness.log.started.json,840,610de266b95975a1b625d5e4631a9e96c51a1c232fc496558cb666550614e374
smart_building_conformal/outputs/matched_forecasting005/fold2_multiseed_batch_v1/preflight/35_freeze.log,3094,d65511284828f671329d379a67ea60bd9806fb53ebd545af3f3c0428479eb766
smart_building_conformal/outputs/matched_forecasting005/fold2_multiseed_batch_v1/preflight/35_freeze.log.json,1084,2c716a1bb4e94c3c3db17dbedc3410fe4b084f8f0d508d6676d63b521a947c55
smart_building_conformal/outputs/matched_forecasting005/fold2_multiseed_batch_v1/preflight/35_freeze.log.started.json,1023,5c0c3d6ad0547db1f43553e51dc4b4f57b5b490abb43a67152b157ab8447e037
smart_building_conformal/outputs/matched_forecasting005/fold2_multiseed_batch_v1/preflight/35_readiness.log,1177,57f8f728f0174035df5718cd6e20178d761ce1e0b6be45bfbccc25d251433463
smart_building_conformal/outputs/matched_forecasting005/fold2_multiseed_batch_v1/preflight/35_readiness.log.json,902,11afea054a943fa5700cd7f7d93efa30d098ce1d0d6ff5c1ade69df4e72bd239
smart_building_conformal/outputs/matched_forecasting005/fold2_multiseed_batch_v1/preflight/35_readiness.log.started.json,841,b299df1a6764e988419703b798c943b1c3b72d3be8f51973e122299bf73358ad
smart_building_conformal/outputs/matched_forecasting005/fold2_multiseed_batch_v1/preflight/36_freeze.log,3094,8bd320944795a1dda89aa70f4950e2d91c63ba4d652469be63108f9004f1cf3e
smart_building_conformal/outputs/matched_forecasting005/fold2_multiseed_batch_v1/preflight/36_freeze.log.json,1083,09da56bc8f6a58a74c94153e757e117536b76c2658b9020a9f5445b98679efda
smart_building_conformal/outputs/matched_forecasting005/fold2_multiseed_batch_v1/preflight/36_freeze.log.started.json,1022,eea4a65a891781cfdde067eba03a0a15d070f5173b6485d912fdab65668a41fd
smart_building_conformal/outputs/matched_forecasting005/fold2_multiseed_batch_v1/preflight/36_readiness.log,1173,4963331f47fadd2c158ed3a980cff4ec9094a0fda511eeecff59cf5804a8c04b
smart_building_conformal/outputs/matched_forecasting005/fold2_multiseed_batch_v1/preflight/36_readiness.log.json,901,472ba9ae3aa95a2ac1bd4e87b705fcec87837621003b84b109a5fa036520e972
smart_building_conformal/outputs/matched_forecasting005/fold2_multiseed_batch_v1/preflight/36_readiness.log.started.json,841,dd6bd2e52975bce903de5e6589ba5c34589a3b01c2b5baf2627247f96ca9a6bd
smart_building_conformal/outputs/matched_forecasting005/fold2_multiseed_batch_v1/preflight/37_freeze.log,3088,e64065b3f5e1bcd457ee49e45a2e3fc15ec26bf3ebf4e08d5fe99fa64e8e6c36
smart_building_conformal/outputs/matched_forecasting005/fold2_multiseed_batch_v1/preflight/37_freeze.log.json,1086,f29a608e86fea2ad20a77f4255b67f61c756af08b3194ce43a4c8bbb87a1b17f
smart_building_conformal/outputs/matched_forecasting005/fold2_multiseed_batch_v1/preflight/37_freeze.log.started.json,1025,5946063d0510c2d34322b7b128f4e9f4349119d4714d064ee0ab3291b05bfe2e
smart_building_conformal/outputs/matched_forecasting005/fold2_multiseed_batch_v1/preflight/37_readiness.log,1176,703d7fffa73c91865a2fee314d2e0a3423e851840be474dc5928df5e7f81f921
smart_building_conformal/outputs/matched_forecasting005/fold2_multiseed_batch_v1/preflight/37_readiness.log.json,903,32ce110ad39be7be548fca9c9ed0a5c36ba0d4c735a4051495c13a1ac3b1c24b
smart_building_conformal/outputs/matched_forecasting005/fold2_multiseed_batch_v1/preflight/37_readiness.log.started.json,842,0abb6d302fcbbaef9e2ef7b73e314fc49430acd3608a42b5b11aecc98edf3028
smart_building_conformal/outputs/matched_forecasting005/fold2_multiseed_batch_v1/preflight/38_freeze.log,3088,3d7566b6a36a4db76c00837786b9f0bea1bd6749ba00f23a4c679737abd2284a
smart_building_conformal/outputs/matched_forecasting005/fold2_multiseed_batch_v1/preflight/38_freeze.log.json,1086,8a5509527af7df7e46f7025d3b132fba22087198f204e99d5b23ecc47b6378e9
smart_building_conformal/outputs/matched_forecasting005/fold2_multiseed_batch_v1/preflight/38_freeze.log.started.json,1025,8ad8213edba313830df5a30335f7f33e49075f3d350fe8814b1e216bec260342
smart_building_conformal/outputs/matched_forecasting005/fold2_multiseed_batch_v1/preflight/38_readiness.log,1176,5df534cb602e39d061919d814cba9a76beb29783efc638df8daa1dbd539375ba
smart_building_conformal/outputs/matched_forecasting005/fold2_multiseed_batch_v1/preflight/38_readiness.log.json,904,8938debf5c998ee0afdf54c3f75cc18ea93da32bf11850da60f9a56348ad9db9
smart_building_conformal/outputs/matched_forecasting005/fold2_multiseed_batch_v1/preflight/38_readiness.log.started.json,843,adeddf13ea42faa214814e889728bc297a52664f7412b79f07a4a2c8cf12d541
smart_building_conformal/outputs/matched_forecasting005/fold2_multiseed_batch_v1/preflight/39_freeze.log,3088,69f7dc0aead609b07d04a65cc73408233c89b986d8292047cfd04d2bc226817e
smart_building_conformal/outputs/matched_forecasting005/fold2_multiseed_batch_v1/preflight/39_freeze.log.json,1084,3405bd772c6b93f908894e11587e0658e1453ec20b899959ba6db67ff5eb29a2
smart_building_conformal/outputs/matched_forecasting005/fold2_multiseed_batch_v1/preflight/39_freeze.log.started.json,1024,41acc2424442d5fdab965245421e4dc357a7e58fbd08036c834aa812712f693d
smart_building_conformal/outputs/matched_forecasting005/fold2_multiseed_batch_v1/preflight/39_readiness.log,1173,a8f15c7a735192fe3e73e013d68fd99ce18892d910223f5ea4d588cb810fdc02
smart_building_conformal/outputs/matched_forecasting005/fold2_multiseed_batch_v1/preflight/39_readiness.log.json,904,e6a5026930382c1a8f72303353e5efeb566e369dbcd438f9a0996d35fd342299
smart_building_conformal/outputs/matched_forecasting005/fold2_multiseed_batch_v1/preflight/39_readiness.log.started.json,843,ab5f0b2cfb5c6d1e64ccfa9826526a555bd8057948340368308317e91ef67aed
smart_building_conformal/outputs/matched_forecasting005/fold2_multiseed_batch_v1/preflight/40_freeze.log,3088,86baf064b18670d3781af9448a5cef55e69e37f8bca818dec74de79922bab393
smart_building_conformal/outputs/matched_forecasting005/fold2_multiseed_batch_v1/preflight/40_freeze.log.json,1099,d4cb5dc8aa69d3bacc073d6bc7c59f26d4174ce815814444246cfb82ecaa3c7a
smart_building_conformal/outputs/matched_forecasting005/fold2_multiseed_batch_v1/preflight/40_freeze.log.started.json,1039,f58f2ed028f2ac232e4bf2b664ff8c66a35c98ba62f892a42c19593c55fce69f
smart_building_conformal/outputs/matched_forecasting005/fold2_multiseed_batch_v1/preflight/40_readiness.log,1172,fce47014dc95e35ce3721ad66c526804cdcee54e54d56bf0d2afb5c4ae926b46
smart_building_conformal/outputs/matched_forecasting005/fold2_multiseed_batch_v1/preflight/40_readiness.log.json,916,1b4467ccb9b4cd36a06d05bceb9b710803aa1aaf5d8375cd61a0b864d68f0fa0
smart_building_conformal/outputs/matched_forecasting005/fold2_multiseed_batch_v1/preflight/40_readiness.log.started.json,856,4c14693404204302d97cbcf470625f193eedc22bb0104936cc38f2285915ab65
smart_building_conformal/outputs/matched_forecasting005/fold2_multiseed_batch_v1/preflight/41_freeze.log,3088,b679ce57003ffec0c860109734198d4ea49fc2765f2cbb4d0892c484b4db1250
smart_building_conformal/outputs/matched_forecasting005/fold2_multiseed_batch_v1/preflight/41_freeze.log.json,1098,86c87f26012d181eddbb74b9030051495e28b76dce868c73e09cd0adc7b134a3
smart_building_conformal/outputs/matched_forecasting005/fold2_multiseed_batch_v1/preflight/41_freeze.log.started.json,1039,efb9c9df7faf032f469d807f5b7a71bdff85f3cbb175d51817b9939af53b6a58
smart_building_conformal/outputs/matched_forecasting005/fold2_multiseed_batch_v1/preflight/41_readiness.log,1172,482d8c61ab254884aeaa37cacd2c3b43c680a722ac0c1ac70df77aa4535c637c
smart_building_conformal/outputs/matched_forecasting005/fold2_multiseed_batch_v1/preflight/41_readiness.log.json,917,e08d1340ffe9e0bd592b26466868a8ad9c2e3190d8f67329e6c8446a39ba6017
smart_building_conformal/outputs/matched_forecasting005/fold2_multiseed_batch_v1/preflight/41_readiness.log.started.json,857,3f5bcf9da3acc749e27a0ee3afed3aaae45a6e06499a9c717e5b78b03f200733
smart_building_conformal/outputs/matched_forecasting005/fold2_multiseed_batch_v1/preflight/42_freeze.log,3088,9b1291c54db83db1b30464246bc46e6909c2f700807d164f4ec9791349a954e2
smart_building_conformal/outputs/matched_forecasting005/fold2_multiseed_batch_v1/preflight/42_freeze.log.json,1099,d495e7a9d93fc441e586a1a9f63a5dad7d7baa0896ec59952263e601ca52b651
smart_building_conformal/outputs/matched_forecasting005/fold2_multiseed_batch_v1/preflight/42_freeze.log.started.json,1039,5721e9c71a33014177484a8f1d9335f87f04aa3e70bfbb9fcb282402eb47172e
smart_building_conformal/outputs/matched_forecasting005/fold2_multiseed_batch_v1/preflight/42_readiness.log,1173,69522f13c74fd632cb8142150ab6e6d0e95a5f19dca36b80d304a66fcd3363a9
smart_building_conformal/outputs/matched_forecasting005/fold2_multiseed_batch_v1/preflight/42_readiness.log.json,917,85a67b6b51ae780d8a702764835dbfc9f82476fa13186431b47cd17fac19c329
smart_building_conformal/outputs/matched_forecasting005/fold2_multiseed_batch_v1/preflight/42_readiness.log.started.json,857,7a3f81f6043a752adfe20492f4eba2b757e2671da25208257fbc0c645bce6bea
smart_building_conformal/outputs/matched_forecasting005/fold2_multiseed_batch_v1/preflight/43_freeze.log,3088,3ca19acf45d0c4a443cebebb9ea9cb9f4d2295e1d0f36a69d60ddcf163f03ba5
smart_building_conformal/outputs/matched_forecasting005/fold2_multiseed_batch_v1/preflight/43_freeze.log.json,1084,4a039ce6b1d2820900d8068c305acd10acea955117b2b9c29d5719cfae19d094
smart_building_conformal/outputs/matched_forecasting005/fold2_multiseed_batch_v1/preflight/43_freeze.log.started.json,1023,f7714d0b0b8fa6927be9b0cf7a6d5bf05d62803c589aa0d6c1ccc93ab82958a0
smart_building_conformal/outputs/matched_forecasting005/fold2_multiseed_batch_v1/preflight/43_readiness.log,1175,800732077d17a53c0e7757164a5cb41fd7dacefa5feabb44e61794a7dd031568
smart_building_conformal/outputs/matched_forecasting005/fold2_multiseed_batch_v1/preflight/43_readiness.log.json,900,6652869a7660417988fc1c6ef03d88ea794933970ddebac8c36a77057201c058
smart_building_conformal/outputs/matched_forecasting005/fold2_multiseed_batch_v1/preflight/43_readiness.log.started.json,840,24125ef7030ed8d663e35cf335e9336af4c765c27b605ba7c5a96febdbfdd993
smart_building_conformal/outputs/matched_forecasting005/fold2_multiseed_batch_v1/preflight/44_freeze.log,3088,8a07082f501a1b1e1484e8fd9eb3f79c0c4e15a278b88e1d2b006c13286b689b
smart_building_conformal/outputs/matched_forecasting005/fold2_multiseed_batch_v1/preflight/44_freeze.log.json,1086,7b4138fed0aa9f4460677153bf9a22380c576014b0d50e9c907e40ff9387c8c2
smart_building_conformal/outputs/matched_forecasting005/fold2_multiseed_batch_v1/preflight/44_freeze.log.started.json,1025,b495e9fedde902a10211753033eb24f992b0336cee1a1b3887a9b306c0462fcc
smart_building_conformal/outputs/matched_forecasting005/fold2_multiseed_batch_v1/preflight/44_readiness.log,1175,270bc16b0e8308fcdafbc346c610c00636b02a25195f17b07518dfef3a244bef
smart_building_conformal/outputs/matched_forecasting005/fold2_multiseed_batch_v1/preflight/44_readiness.log.json,904,b24f08c284851aea4770745a5663f1c5dfb8c7b1273ec2ee53fb62670e518bbf
smart_building_conformal/outputs/matched_forecasting005/fold2_multiseed_batch_v1/preflight/44_readiness.log.started.json,843,3de3094cf2b8b9da8f1353deec507518df0b32684a8fe4606042c8c4eee01edd
smart_building_conformal/outputs/matched_forecasting005/fold2_multiseed_batch_v1/preflight/45_freeze.log,3088,ebac36e3c9c6300d19c13fe8f54367560796f6d4eb5014e98102efa5d3ae8b0d
smart_building_conformal/outputs/matched_forecasting005/fold2_multiseed_batch_v1/preflight/45_freeze.log.json,1086,1175c0069aa97f70695ee01429c288d4848a22531a9ea88889034e8efb41bad6
smart_building_conformal/outputs/matched_forecasting005/fold2_multiseed_batch_v1/preflight/45_freeze.log.started.json,1025,24a5a0a3d01b568a0284dd1dad4ecc82cf378b1a8d47e8bdf2e800abaf5b5377
smart_building_conformal/outputs/matched_forecasting005/fold2_multiseed_batch_v1/preflight/45_readiness.log,1175,cf13588e408c78854fda7a29b3a438f789910781bd9003d110d3c527bec920aa
smart_building_conformal/outputs/matched_forecasting005/fold2_multiseed_batch_v1/preflight/45_readiness.log.json,902,51651f82bb5614743b6713b293a81010ea6fef6145eb40e4b383332b768ebf0e
smart_building_conformal/outputs/matched_forecasting005/fold2_multiseed_batch_v1/preflight/45_readiness.log.started.json,842,abad65a3001175bdacd7a23bc381dc41d994bfc61e9ee518f6973c35d84edb9b
smart_building_conformal/outputs/matched_forecasting005/fold2_multiseed_batch_v1/preflight/46_freeze.log,3087,1ad8c6f036c21dcf7f428325296e097651789bc9da7831c1db96d363108e4ae3
smart_building_conformal/outputs/matched_forecasting005/fold2_multiseed_batch_v1/preflight/46_freeze.log.json,1086,cb5d74b708e4f7943e6adfb20f3e227fb2bfe2cfa59a6a3a465fc10f3fff7deb
smart_building_conformal/outputs/matched_forecasting005/fold2_multiseed_batch_v1/preflight/46_freeze.log.started.json,1025,7ae383c5f23f7902389c2b787741ade33b83c9dc1f00623ec3de30093ee8e838
smart_building_conformal/outputs/matched_forecasting005/fold2_multiseed_batch_v1/preflight/46_readiness.log,1175,f95efda1f21a0ded799b7ca4cbcf67ef058aff5cd042403695c37fbd9a051545
smart_building_conformal/outputs/matched_forecasting005/fold2_multiseed_batch_v1/preflight/46_readiness.log.json,904,c88cc074d07de2851a33aee9b1416eadb92a758cc69b8a7fc5e046a9846d7c4c
smart_building_conformal/outputs/matched_forecasting005/fold2_multiseed_batch_v1/preflight/46_readiness.log.started.json,843,c559aa9832f3968746a6a28ff5583da1743da5a0adf06da34db179513595c9a6
smart_building_conformal/outputs/matched_forecasting005/fold2_multiseed_batch_v1/preflight/47_freeze.log,3094,84dc9361cd0a63afdfbf89d8cc34436c02508635e4a9ea36c208c9d7f891c52e
smart_building_conformal/outputs/matched_forecasting005/fold2_multiseed_batch_v1/preflight/47_freeze.log.json,1082,93f37d1f0fbe0c2a58128f35c44fdaba188092ce9eaa657a69056f79daf00002
smart_building_conformal/outputs/matched_forecasting005/fold2_multiseed_batch_v1/preflight/47_freeze.log.started.json,1022,f0c6aa591abb26701ac56df25f337b098b2d404af7057282fe7f631f8a4002dc
smart_building_conformal/outputs/matched_forecasting005/fold2_multiseed_batch_v1/preflight/47_readiness.log,1175,a06f39adc73a76d7fd5fd965719556296c8bc0bd3f486d02ccf04b09971b5554
smart_building_conformal/outputs/matched_forecasting005/fold2_multiseed_batch_v1/preflight/47_readiness.log.json,900,7a328a110fad7b67aa7281e0e648d0189500eae21aa05c86efc2744b91301b3d
smart_building_conformal/outputs/matched_forecasting005/fold2_multiseed_batch_v1/preflight/47_readiness.log.started.json,840,8779e86515650a2bf840ed55a861736af77202cb0ed4c3d7c0e7c3653790f9ee
smart_building_conformal/outputs/matched_forecasting005/fold2_multiseed_batch_v1/preflight/48_freeze.log,3094,d65511284828f671329d379a67ea60bd9806fb53ebd545af3f3c0428479eb766
smart_building_conformal/outputs/matched_forecasting005/fold2_multiseed_batch_v1/preflight/48_freeze.log.json,1083,be379896f1b156f9710ffecc15f2ec9eca9dcf11cc3dc37f91e47244053ed96c
smart_building_conformal/outputs/matched_forecasting005/fold2_multiseed_batch_v1/preflight/48_freeze.log.started.json,1023,7db63ca17a88cc9a4c1dc420eb91c053a858730fb646a14b256945b31b343bc3
smart_building_conformal/outputs/matched_forecasting005/fold2_multiseed_batch_v1/preflight/48_readiness.log,1176,86914eff38f59e647a750848c0b7701d16a2f29605b828479c24cbc52663b4dc
smart_building_conformal/outputs/matched_forecasting005/fold2_multiseed_batch_v1/preflight/48_readiness.log.json,900,6d993f8c3753663c0a769c249ba3210b03fbe67753dace9e9992369c321f4a08
smart_building_conformal/outputs/matched_forecasting005/fold2_multiseed_batch_v1/preflight/48_readiness.log.started.json,839,a6ba359c8265956cc0c1fab6efa339bfbdb695808191512d71cd54aadcc636df
smart_building_conformal/outputs/matched_forecasting005/fold2_multiseed_batch_v1/preflight/49_freeze.log,3094,8bd320944795a1dda89aa70f4950e2d91c63ba4d652469be63108f9004f1cf3e
smart_building_conformal/outputs/matched_forecasting005/fold2_multiseed_batch_v1/preflight/49_freeze.log.json,1082,70a138dd6de91fa3d9901ab857e44635a9903230e21d4a5db8c91e08c2de086f
smart_building_conformal/outputs/matched_forecasting005/fold2_multiseed_batch_v1/preflight/49_freeze.log.started.json,1022,9bc759d040b89ce929c2d2eb59487178e9eb6d3b02de160f1d7c4b4933172a17
smart_building_conformal/outputs/matched_forecasting005/fold2_multiseed_batch_v1/preflight/49_readiness.log,1178,4d99c0fc3af0ff2a07f15089cb762c3f3ec5d3f4b5b88de5760a7a8478265eed
smart_building_conformal/outputs/matched_forecasting005/fold2_multiseed_batch_v1/preflight/49_readiness.log.json,901,8f673260e268dc898c744498989f1256c1781131a4721a10d75b35439b636d2a
smart_building_conformal/outputs/matched_forecasting005/fold2_multiseed_batch_v1/preflight/49_readiness.log.started.json,840,278f6eaf689339853c8a2bd19fecbe9caf7acf1523d9e29d1376f7b91192b2a8
smart_building_conformal/outputs/matched_forecasting005/fold2_multiseed_batch_v1/preflight/50_freeze.log,3088,e64065b3f5e1bcd457ee49e45a2e3fc15ec26bf3ebf4e08d5fe99fa64e8e6c36
smart_building_conformal/outputs/matched_forecasting005/fold2_multiseed_batch_v1/preflight/50_freeze.log.json,1086,c39750e98b9931ddd9ee8883ba00d0d8e65f59d3b8437fd2e3265ab258457fa7
smart_building_conformal/outputs/matched_forecasting005/fold2_multiseed_batch_v1/preflight/50_freeze.log.started.json,1025,610a232e64866c027f39fc511f6d7ea69cd337e985448cff2cb1a5e868ca45b9
smart_building_conformal/outputs/matched_forecasting005/fold2_multiseed_batch_v1/preflight/50_readiness.log,1178,925df9dff062444923444b86a6992022784c34dd9be0d65cb11cd77400398d16
smart_building_conformal/outputs/matched_forecasting005/fold2_multiseed_batch_v1/preflight/50_readiness.log.json,904,2560d4df0f1a5ebc1cf390834d4f0dbd90ce7036857c900f76326f8b3778a892
smart_building_conformal/outputs/matched_forecasting005/fold2_multiseed_batch_v1/preflight/50_readiness.log.started.json,843,afec609e38cd1d48c77ad156e8c9a99c69426f1b9d42339b4ac4b4a0a74abe0b
smart_building_conformal/outputs/matched_forecasting005/fold2_multiseed_batch_v1/preflight/51_freeze.log,3088,3d7566b6a36a4db76c00837786b9f0bea1bd6749ba00f23a4c679737abd2284a
smart_building_conformal/outputs/matched_forecasting005/fold2_multiseed_batch_v1/preflight/51_freeze.log.json,1086,67d0c0f9bc6b1670f7ac5effbe6846a5f054da1feaf117a76bbdd500444aa42b
smart_building_conformal/outputs/matched_forecasting005/fold2_multiseed_batch_v1/preflight/51_freeze.log.started.json,1025,06d091e451d1762cb960f87dc1dcfd23f3d590ac598eecb456d47fb0e4fdd9b2
smart_building_conformal/outputs/matched_forecasting005/fold2_multiseed_batch_v1/preflight/51_readiness.log,1178,2ef896ff025c6097c565bdd659d88e7b7b28924a0833f18fa1f92ed472574212
smart_building_conformal/outputs/matched_forecasting005/fold2_multiseed_batch_v1/preflight/51_readiness.log.json,904,c1954d1c387f7a64c030b9c27b562eec5f87df97601f0975376c8bbd82bef300
smart_building_conformal/outputs/matched_forecasting005/fold2_multiseed_batch_v1/preflight/51_readiness.log.started.json,843,704d2b574e72e856591b7722d8fc759136405d753aa2d44abd4e7d7b65014a3c
smart_building_conformal/outputs/matched_forecasting005/fold2_multiseed_batch_v1/preflight/52_freeze.log,3088,69f7dc0aead609b07d04a65cc73408233c89b986d8292047cfd04d2bc226817e
smart_building_conformal/outputs/matched_forecasting005/fold2_multiseed_batch_v1/preflight/52_freeze.log.json,1086,e813d626a1b74eee2b86e1a0eb709aa8ee8af503cc55ddec1e664ef89abe844c
smart_building_conformal/outputs/matched_forecasting005/fold2_multiseed_batch_v1/preflight/52_freeze.log.started.json,1025,f43c1073eb46425ed428f1e45dc065353d894baa65d80bb25c031002f51eb28b
smart_building_conformal/outputs/matched_forecasting005/fold2_multiseed_batch_v1/preflight/52_readiness.log,1177,627956ceb96d981a7c3abe0a6f6f619ad8bd84b3c4563fd11ceea89f84bb437f
smart_building_conformal/outputs/matched_forecasting005/fold2_multiseed_batch_v1/preflight/52_readiness.log.json,904,ff28ffbd02250b7830f99a924810bd679385ff275b4fa45c21acf67b92887772
smart_building_conformal/outputs/matched_forecasting005/fold2_multiseed_batch_v1/preflight/52_readiness.log.started.json,843,f5826ed865c3ef124faf6db4d9a414fc6186fcccf8462ae8d45f435561e18a74
smart_building_conformal/outputs/matched_forecasting005/fold2_multiseed_batch_v1/preflight_progress.json,106,a6f294564c23b0df4bfe49f2850646eac91720cceae7a8344488b6b85fcda986
smart_building_conformal/outputs/matched_forecasting005/fold2_multiseed_batch_v1/prepare_command_v1.log,314688,14d96e69e78a5f22b47e246296917965d3126a4fff64b68b1ffaa0b0ebc2c02a
smart_building_conformal/outputs/matched_forecasting005/fold2_multiseed_batch_v1/prepare_command_v1.log.json,486,11e04350b5506570e7d57dd01d005a4130a7cf1f9999bd297d023d8f5681e33c
smart_building_conformal/outputs/matched_forecasting005/fold2_multiseed_batch_v1/prepare_command_v1.log.started.json,425,6ad7e78a0abb64b61d11ee8ea1577d2796911c26088f9058202f5a61932f7f40
smart_building_conformal/outputs/matched_forecasting005/fold2_multiseed_batch_v1/progress.json,3545,160ec50a0a53a2644748a6ffd1c4640582f0fbdb7677a590e34c566842020640
smart_building_conformal/outputs/matched_forecasting005/fold2_multiseed_batch_v1/readiness_map_v1/COMPLETE.json,235,34c2e6cdf4cf587ac1df230bc7c33eb1067b136f330b54f393f27a66be330982
smart_building_conformal/outputs/matched_forecasting005/fold2_multiseed_batch_v1/readiness_map_v1/entrypoints_and_owners.csv,4878,5fcc8a0e6ef4225acccdc14566edcdec2e458c28c5ac799fc9e1061746374929
smart_building_conformal/outputs/matched_forecasting005/fold2_multiseed_batch_v1/readiness_map_v1/validation.json,235,9f2eafc4ff9f587261beadfae2d3f6cc674fa9e80464141b820b83912aa0d7d8
smart_building_conformal/outputs/matched_forecasting005/fold2_multiseed_batch_v1/regression_v1.log,81,19932ebea0a183b7da572b238fb5973469697826509e41c17ad341f8d17bc318
smart_building_conformal/outputs/matched_forecasting005/fold2_multiseed_batch_v1/regression_v1.log.json,746,c6c3c9c9fff467ae7bfb044f0fb9c5626af937b482f7cf1c8148b023006b1653
smart_building_conformal/outputs/matched_forecasting005/fold2_multiseed_batch_v1/regression_v1.log.started.json,686,75f4754bf0f33b2ce527c77d165824a9eb97d11d32253ebd3ac644a422f8f023
smart_building_conformal/protocols/matched_forecasting005/bdg2_h1_f2_s43_v1/boundaries.csv,2344,75d492d447a1afa634cf1dc3401ad499c46cec3a330fe602078c04f0f6baa26e
smart_building_conformal/protocols/matched_forecasting005/bdg2_h1_f2_s43_v1/frozen_protocol.json,21299,58027826a3a98cb7b4370662f19aaa693ba6370fe417a19ca4c32b3141872a0e
smart_building_conformal/protocols/matched_forecasting005/bdg2_h1_f2_s43_v1/membership.csv.gz,8728562,5f69b99660ab615ee6ec46212044d6530eccf82f3f1bb7898eb5b33dbdb6cacb
smart_building_conformal/protocols/matched_forecasting005/bdg2_h1_f2_s43_v1/readiness.json,1178,fc669ddc4979a27d4775b4d0650b8846f0c7cd6491f18c5c2359ea93307d06b5
smart_building_conformal/protocols/matched_forecasting005/bdg2_h1_f2_s44_v1/boundaries.csv,2344,75d492d447a1afa634cf1dc3401ad499c46cec3a330fe602078c04f0f6baa26e
smart_building_conformal/protocols/matched_forecasting005/bdg2_h1_f2_s44_v1/frozen_protocol.json,21301,e7988effe69158185667915053b64a81aacdfba8f19abf3f913ea7b779a2aa11
smart_building_conformal/protocols/matched_forecasting005/bdg2_h1_f2_s44_v1/membership.csv.gz,8728562,5f69b99660ab615ee6ec46212044d6530eccf82f3f1bb7898eb5b33dbdb6cacb
smart_building_conformal/protocols/matched_forecasting005/bdg2_h1_f2_s44_v1/readiness.json,1178,dadcdfd68de012a596d92c181014a76403f93fdafacb0196b63edee12f18ae1c
smart_building_conformal/protocols/matched_forecasting005/bdg2_h1_f2_s45_v1/boundaries.csv,2344,75d492d447a1afa634cf1dc3401ad499c46cec3a330fe602078c04f0f6baa26e
smart_building_conformal/protocols/matched_forecasting005/bdg2_h1_f2_s45_v1/frozen_protocol.json,21304,d17374d7dfe7206b1bc2d78ed29eb81be4f2ec7661fd25177f694623751f05b4
smart_building_conformal/protocols/matched_forecasting005/bdg2_h1_f2_s45_v1/membership.csv.gz,8728562,5f69b99660ab615ee6ec46212044d6530eccf82f3f1bb7898eb5b33dbdb6cacb
smart_building_conformal/protocols/matched_forecasting005/bdg2_h1_f2_s45_v1/readiness.json,1179,5baf1dbe8f537a828587a81e3bd3cf845cd28f898f932ec3887adebc6bbcaa10
smart_building_conformal/protocols/matched_forecasting005/bdg2_h1_f2_s46_v1/boundaries.csv,2344,75d492d447a1afa634cf1dc3401ad499c46cec3a330fe602078c04f0f6baa26e
smart_building_conformal/protocols/matched_forecasting005/bdg2_h1_f2_s46_v1/frozen_protocol.json,21305,b6643b6b0997a0780ea6392f425b4a0cb5398cc5509f4332b3c8d5941770a46d
smart_building_conformal/protocols/matched_forecasting005/bdg2_h1_f2_s46_v1/membership.csv.gz,8728562,5f69b99660ab615ee6ec46212044d6530eccf82f3f1bb7898eb5b33dbdb6cacb
smart_building_conformal/protocols/matched_forecasting005/bdg2_h1_f2_s46_v1/readiness.json,1175,a06f39adc73a76d7fd5fd965719556296c8bc0bd3f486d02ccf04b09971b5554
smart_building_conformal/protocols/matched_forecasting005/bdg2_h3_f2_s43_v1/boundaries.csv,2344,4601d8ef8c67031e202349bb652eda69bb05558eab508f3aa86bfb40b74f1c04
smart_building_conformal/protocols/matched_forecasting005/bdg2_h3_f2_s43_v1/frozen_protocol.json,21305,6225a33e725729d2d0c357a6cdf095480c5fe7a60e3289df38edacdb5f0da356
smart_building_conformal/protocols/matched_forecasting005/bdg2_h3_f2_s43_v1/membership.csv.gz,8720731,3033c75479f3a34acce81505caa5ad66d6031f2662584b7b8ba79d3aefff8d7b
smart_building_conformal/protocols/matched_forecasting005/bdg2_h3_f2_s43_v1/readiness.json,1177,8ea433bdb18a3d7ff0fec4be093d0e23d35981dab9cad5e1b3f8c13b12c9cb50
smart_building_conformal/protocols/matched_forecasting005/bdg2_h3_f2_s44_v1/boundaries.csv,2344,4601d8ef8c67031e202349bb652eda69bb05558eab508f3aa86bfb40b74f1c04
smart_building_conformal/protocols/matched_forecasting005/bdg2_h3_f2_s44_v1/frozen_protocol.json,21305,1c272b5857ac435b4dc16a2df23f54cc875cd939040fe756c81d6838e1cc680f
smart_building_conformal/protocols/matched_forecasting005/bdg2_h3_f2_s44_v1/membership.csv.gz,8720731,3033c75479f3a34acce81505caa5ad66d6031f2662584b7b8ba79d3aefff8d7b
smart_building_conformal/protocols/matched_forecasting005/bdg2_h3_f2_s44_v1/readiness.json,1178,7276b7aa7547a6984f96acb7f2effad66dd521ffbde881726755eaa2d08939cd
smart_building_conformal/protocols/matched_forecasting005/bdg2_h3_f2_s45_v1/boundaries.csv,2344,4601d8ef8c67031e202349bb652eda69bb05558eab508f3aa86bfb40b74f1c04
smart_building_conformal/protocols/matched_forecasting005/bdg2_h3_f2_s45_v1/frozen_protocol.json,21305,b09d5d8c367121e6d22677abdb3f3bdb6a98e8404434e14ad1bfa57c42d265dd
smart_building_conformal/protocols/matched_forecasting005/bdg2_h3_f2_s45_v1/membership.csv.gz,8720731,3033c75479f3a34acce81505caa5ad66d6031f2662584b7b8ba79d3aefff8d7b
smart_building_conformal/protocols/matched_forecasting005/bdg2_h3_f2_s45_v1/readiness.json,1177,57f8f728f0174035df5718cd6e20178d761ce1e0b6be45bfbccc25d251433463
smart_building_conformal/protocols/matched_forecasting005/bdg2_h3_f2_s46_v1/boundaries.csv,2344,4601d8ef8c67031e202349bb652eda69bb05558eab508f3aa86bfb40b74f1c04
smart_building_conformal/protocols/matched_forecasting005/bdg2_h3_f2_s46_v1/frozen_protocol.json,21304,f93cc7009437b45a97bce046887aaf78f96bc32475a26a555e30540eb666b963
smart_building_conformal/protocols/matched_forecasting005/bdg2_h3_f2_s46_v1/membership.csv.gz,8720731,3033c75479f3a34acce81505caa5ad66d6031f2662584b7b8ba79d3aefff8d7b
smart_building_conformal/protocols/matched_forecasting005/bdg2_h3_f2_s46_v1/readiness.json,1176,86914eff38f59e647a750848c0b7701d16a2f29605b828479c24cbc52663b4dc
smart_building_conformal/protocols/matched_forecasting005/bdg2_h6_f2_s43_v1/boundaries.csv,2344,7156dc396c03369777724af5071b257c752c2bc8509808c909678ab74d299309
smart_building_conformal/protocols/matched_forecasting005/bdg2_h6_f2_s43_v1/frozen_protocol.json,21305,077b77572186c5f9d9893e3c98265d76a061cc7ec7c7da76d384cccbee2ffa0f
smart_building_conformal/protocols/matched_forecasting005/bdg2_h6_f2_s43_v1/membership.csv.gz,8713978,a1bccf5ce735d8cd7091cb87dec02e4993406affa2b47febfda1e0f844d76a63
smart_building_conformal/protocols/matched_forecasting005/bdg2_h6_f2_s43_v1/readiness.json,1179,3a0b711ce1ec4128f9fa7f92a0e0695b3a9ebcf78f655059ba1f262ee3e9d91f
smart_building_conformal/protocols/matched_forecasting005/bdg2_h6_f2_s44_v1/boundaries.csv,2344,7156dc396c03369777724af5071b257c752c2bc8509808c909678ab74d299309
smart_building_conformal/protocols/matched_forecasting005/bdg2_h6_f2_s44_v1/frozen_protocol.json,21304,6dfe0e0bfd3dc2f5fff2b69f9b2dbbe2d7192a01735568515ad77c163d63c11a
smart_building_conformal/protocols/matched_forecasting005/bdg2_h6_f2_s44_v1/membership.csv.gz,8713978,a1bccf5ce735d8cd7091cb87dec02e4993406affa2b47febfda1e0f844d76a63
smart_building_conformal/protocols/matched_forecasting005/bdg2_h6_f2_s44_v1/readiness.json,1178,07e6d820c92103fb49eb49940a9975d80477ac9aa9af9f71e26ff0f6d9416e88
smart_building_conformal/protocols/matched_forecasting005/bdg2_h6_f2_s45_v1/boundaries.csv,2344,7156dc396c03369777724af5071b257c752c2bc8509808c909678ab74d299309
smart_building_conformal/protocols/matched_forecasting005/bdg2_h6_f2_s45_v1/frozen_protocol.json,21305,bf3712ec340f3bdba2b4f5fb836947320a1d97c097af41bf3d3d7cb8c8c05269
smart_building_conformal/protocols/matched_forecasting005/bdg2_h6_f2_s45_v1/membership.csv.gz,8713978,a1bccf5ce735d8cd7091cb87dec02e4993406affa2b47febfda1e0f844d76a63
smart_building_conformal/protocols/matched_forecasting005/bdg2_h6_f2_s45_v1/readiness.json,1173,4963331f47fadd2c158ed3a980cff4ec9094a0fda511eeecff59cf5804a8c04b
smart_building_conformal/protocols/matched_forecasting005/bdg2_h6_f2_s46_v1/boundaries.csv,2344,7156dc396c03369777724af5071b257c752c2bc8509808c909678ab74d299309
smart_building_conformal/protocols/matched_forecasting005/bdg2_h6_f2_s46_v1/frozen_protocol.json,21305,ce484c863017f245f239e40a1cfb85455667277e7f8f3899f4fecb6301a7ab69
smart_building_conformal/protocols/matched_forecasting005/bdg2_h6_f2_s46_v1/membership.csv.gz,8713978,a1bccf5ce735d8cd7091cb87dec02e4993406affa2b47febfda1e0f844d76a63
smart_building_conformal/protocols/matched_forecasting005/bdg2_h6_f2_s46_v1/readiness.json,1178,4d99c0fc3af0ff2a07f15089cb762c3f3ec5d3f4b5b88de5760a7a8478265eed
smart_building_conformal/protocols/matched_forecasting005/pleia_energy_h1_f2_s43_v1/boundaries.csv,1509,02b38af15cc191f987fad4cbccb79496c58749296a40d802b8d22b8ee80c72f1
smart_building_conformal/protocols/matched_forecasting005/pleia_energy_h1_f2_s43_v1/frozen_protocol.json,21547,9a5f8e926042af5fac0c3fceb0e887889cd310cf57cdaa89b6239e4da7611673
smart_building_conformal/protocols/matched_forecasting005/pleia_energy_h1_f2_s43_v1/membership.csv.gz,2474407,043c4b06bbb8748dd6e19db4b06c191154ad941b5e814b9fbbab30fee2870410
smart_building_conformal/protocols/matched_forecasting005/pleia_energy_h1_f2_s43_v1/readiness.json,1174,627c098c0661df60e6c955de038ba47d8197b0b25e3a11a21f3cce84a19cb623
smart_building_conformal/protocols/matched_forecasting005/pleia_energy_h1_f2_s44_v1/boundaries.csv,1509,02b38af15cc191f987fad4cbccb79496c58749296a40d802b8d22b8ee80c72f1
smart_building_conformal/protocols/matched_forecasting005/pleia_energy_h1_f2_s44_v1/frozen_protocol.json,21547,7305c5b5c944d7ca23477856f743db6c5d3fc66016caca920440b0e349553e29
smart_building_conformal/protocols/matched_forecasting005/pleia_energy_h1_f2_s44_v1/membership.csv.gz,2474407,043c4b06bbb8748dd6e19db4b06c191154ad941b5e814b9fbbab30fee2870410
smart_building_conformal/protocols/matched_forecasting005/pleia_energy_h1_f2_s44_v1/readiness.json,1171,f4ab8faa2822d08d9fb18ae196b52dbdba939136445bb3c6aaef3d133697a253
smart_building_conformal/protocols/matched_forecasting005/pleia_energy_h1_f2_s45_v1/boundaries.csv,1509,02b38af15cc191f987fad4cbccb79496c58749296a40d802b8d22b8ee80c72f1
smart_building_conformal/protocols/matched_forecasting005/pleia_energy_h1_f2_s45_v1/frozen_protocol.json,21544,62525d471de44634625aece820db117b886a496789ecd0dc85fc593cfee8dbee
smart_building_conformal/protocols/matched_forecasting005/pleia_energy_h1_f2_s45_v1/membership.csv.gz,2474407,043c4b06bbb8748dd6e19db4b06c191154ad941b5e814b9fbbab30fee2870410
smart_building_conformal/protocols/matched_forecasting005/pleia_energy_h1_f2_s45_v1/readiness.json,1170,b7795f7f6e455eb1afe92cc0ddf3459368aa9510a71904134c44ae628687d6d6
smart_building_conformal/protocols/matched_forecasting005/pleia_energy_h1_f2_s46_v1/boundaries.csv,1509,02b38af15cc191f987fad4cbccb79496c58749296a40d802b8d22b8ee80c72f1
smart_building_conformal/protocols/matched_forecasting005/pleia_energy_h1_f2_s46_v1/frozen_protocol.json,21545,d3f48a48b1e9bd268b7a135c9afd44e18a498537f9d3262d88eb1ded5694a0c3
smart_building_conformal/protocols/matched_forecasting005/pleia_energy_h1_f2_s46_v1/membership.csv.gz,2474407,043c4b06bbb8748dd6e19db4b06c191154ad941b5e814b9fbbab30fee2870410
smart_building_conformal/protocols/matched_forecasting005/pleia_energy_h1_f2_s46_v1/readiness.json,1172,fce47014dc95e35ce3721ad66c526804cdcee54e54d56bf0d2afb5c4ae926b46
smart_building_conformal/protocols/matched_forecasting005/pleia_energy_h3_f2_s43_v1/boundaries.csv,1509,698b5654c99217d069896141f4ea78eac471fdbaa2d828241c3cacf5b4261f16
smart_building_conformal/protocols/matched_forecasting005/pleia_energy_h3_f2_s43_v1/frozen_protocol.json,21544,0994b58ad507c89e4477b9d8f239790b940d570f5a1e8d13854e7914fd34622b
smart_building_conformal/protocols/matched_forecasting005/pleia_energy_h3_f2_s43_v1/membership.csv.gz,2473891,211f8235c9a8275c1e3671fbdb01d089aba4241c049fd61a71717e4106046a45
smart_building_conformal/protocols/matched_forecasting005/pleia_energy_h3_f2_s43_v1/readiness.json,1172,4a616bfe7e79e48a589a77f0e9f4d08f0ab49d370ecffac090a2bf1f7c79e7d8
smart_building_conformal/protocols/matched_forecasting005/pleia_energy_h3_f2_s44_v1/boundaries.csv,1509,698b5654c99217d069896141f4ea78eac471fdbaa2d828241c3cacf5b4261f16
smart_building_conformal/protocols/matched_forecasting005/pleia_energy_h3_f2_s44_v1/frozen_protocol.json,21546,7005585684404ffcda0b1dfc1efe74e1c1f8f20f66456d7cf8b530c192a57eff
smart_building_conformal/protocols/matched_forecasting005/pleia_energy_h3_f2_s44_v1/membership.csv.gz,2473891,211f8235c9a8275c1e3671fbdb01d089aba4241c049fd61a71717e4106046a45
smart_building_conformal/protocols/matched_forecasting005/pleia_energy_h3_f2_s44_v1/readiness.json,1173,73b756f0583b706018d5e4af29c0f05650778552cc009d62f5fcba2f343f3caa
smart_building_conformal/protocols/matched_forecasting005/pleia_energy_h3_f2_s45_v1/boundaries.csv,1509,698b5654c99217d069896141f4ea78eac471fdbaa2d828241c3cacf5b4261f16
smart_building_conformal/protocols/matched_forecasting005/pleia_energy_h3_f2_s45_v1/frozen_protocol.json,21546,c4251293278cc903db86fe4f42a91a7108a0c33bdffb224f47cfe4b37bfbafc1
smart_building_conformal/protocols/matched_forecasting005/pleia_energy_h3_f2_s45_v1/membership.csv.gz,2473891,211f8235c9a8275c1e3671fbdb01d089aba4241c049fd61a71717e4106046a45
smart_building_conformal/protocols/matched_forecasting005/pleia_energy_h3_f2_s45_v1/readiness.json,1173,4e674ab4318734567cd7b32de4d425e2c25f77a6f0ec497a1ca0353dfb546b09
smart_building_conformal/protocols/matched_forecasting005/pleia_energy_h3_f2_s46_v1/boundaries.csv,1509,698b5654c99217d069896141f4ea78eac471fdbaa2d828241c3cacf5b4261f16
smart_building_conformal/protocols/matched_forecasting005/pleia_energy_h3_f2_s46_v1/frozen_protocol.json,21546,fb989e0b28343b79b68029382ab18ade0ee12ee10ed49917a8ceffa6f9970124
smart_building_conformal/protocols/matched_forecasting005/pleia_energy_h3_f2_s46_v1/membership.csv.gz,2473891,211f8235c9a8275c1e3671fbdb01d089aba4241c049fd61a71717e4106046a45
smart_building_conformal/protocols/matched_forecasting005/pleia_energy_h3_f2_s46_v1/readiness.json,1172,482d8c61ab254884aeaa37cacd2c3b43c680a722ac0c1ac70df77aa4535c637c
smart_building_conformal/protocols/matched_forecasting005/pleia_energy_h6_f2_s43_v1/boundaries.csv,1509,73d10ba559450a96e244030472e4d95e3af66837ac3c0df3e0febbaed0612a9b
smart_building_conformal/protocols/matched_forecasting005/pleia_energy_h6_f2_s43_v1/frozen_protocol.json,21546,b93741f34b2850dc828bbe017dd62253e0e099a5101de4a74885b6a91db639c5
smart_building_conformal/protocols/matched_forecasting005/pleia_energy_h6_f2_s43_v1/membership.csv.gz,2467597,0ccb66d4e7dbf5f827c6d79ed293573a89e0159f0751c18b7a512432fc7cc8b7
smart_building_conformal/protocols/matched_forecasting005/pleia_energy_h6_f2_s43_v1/readiness.json,1171,47158e37da4f63433e78fed3bb7f363f896c0cf6e9747dde72b85943d0be2302
smart_building_conformal/protocols/matched_forecasting005/pleia_energy_h6_f2_s44_v1/boundaries.csv,1509,73d10ba559450a96e244030472e4d95e3af66837ac3c0df3e0febbaed0612a9b
smart_building_conformal/protocols/matched_forecasting005/pleia_energy_h6_f2_s44_v1/frozen_protocol.json,21546,5d84a3cdb1f24e4bae241c0a4e3a47bf0400815a82460b134e1a6e358a87472e
smart_building_conformal/protocols/matched_forecasting005/pleia_energy_h6_f2_s44_v1/membership.csv.gz,2467597,0ccb66d4e7dbf5f827c6d79ed293573a89e0159f0751c18b7a512432fc7cc8b7
smart_building_conformal/protocols/matched_forecasting005/pleia_energy_h6_f2_s44_v1/readiness.json,1173,c63569fe0cea5e8ed3b5926dacb116d743c344fa235f365602e43788af4da14e
smart_building_conformal/protocols/matched_forecasting005/pleia_energy_h6_f2_s45_v1/boundaries.csv,1509,73d10ba559450a96e244030472e4d95e3af66837ac3c0df3e0febbaed0612a9b
smart_building_conformal/protocols/matched_forecasting005/pleia_energy_h6_f2_s45_v1/frozen_protocol.json,21547,3fd3655fa8c8f5b07cbc7734a71eee3a1d2ad04dceebe9ed0c4d80fa5c1ad796
smart_building_conformal/protocols/matched_forecasting005/pleia_energy_h6_f2_s45_v1/membership.csv.gz,2467597,0ccb66d4e7dbf5f827c6d79ed293573a89e0159f0751c18b7a512432fc7cc8b7
smart_building_conformal/protocols/matched_forecasting005/pleia_energy_h6_f2_s45_v1/readiness.json,1170,3839287e980fc82ea7ac2771a3f13b8194167df7306866b32f30b3af242a7af7
smart_building_conformal/protocols/matched_forecasting005/pleia_energy_h6_f2_s46_v1/boundaries.csv,1509,73d10ba559450a96e244030472e4d95e3af66837ac3c0df3e0febbaed0612a9b
smart_building_conformal/protocols/matched_forecasting005/pleia_energy_h6_f2_s46_v1/frozen_protocol.json,21547,a7fb23eab8e276cf1692aec7b1d3928e3ec2e9cf037d4dbfff4e0ac7d3af6d87
smart_building_conformal/protocols/matched_forecasting005/pleia_energy_h6_f2_s46_v1/membership.csv.gz,2467597,0ccb66d4e7dbf5f827c6d79ed293573a89e0159f0751c18b7a512432fc7cc8b7
smart_building_conformal/protocols/matched_forecasting005/pleia_energy_h6_f2_s46_v1/readiness.json,1173,69522f13c74fd632cb8142150ab6e6d0e95a5f19dca36b80d304a66fcd3363a9
smart_building_conformal/protocols/matched_forecasting005/pleia_h1_f2_s43_v1/boundaries.csv,1509,f36e6fb0067810471010c83d725c547f342cfdbd9c0441dea2b3a048ae1d1ef9
smart_building_conformal/protocols/matched_forecasting005/pleia_h1_f2_s43_v1/frozen_protocol.json,21724,006c7b08726fdfe876769e33b3062b900b78e677877db0102c7be60883189b03
smart_building_conformal/protocols/matched_forecasting005/pleia_h1_f2_s43_v1/membership.csv.gz,2474421,80bc4067731a348dc2a2bd47189a115850ce5fdfe2d7ddf4eefc0b878e38806d
smart_building_conformal/protocols/matched_forecasting005/pleia_h1_f2_s43_v1/readiness.json,1176,7dcfcf62105e8f3bbd74afefa837f1b86475acdee50958694e04049aed4cb4a4
smart_building_conformal/protocols/matched_forecasting005/pleia_h1_f2_s44_v1/boundaries.csv,1509,f36e6fb0067810471010c83d725c547f342cfdbd9c0441dea2b3a048ae1d1ef9
smart_building_conformal/protocols/matched_forecasting005/pleia_h1_f2_s44_v1/frozen_protocol.json,21723,556741a9a18d9a9f8ebb1031f0e532e5233caa8c07bcda907c7ae3ae195edb7f
smart_building_conformal/protocols/matched_forecasting005/pleia_h1_f2_s44_v1/membership.csv.gz,2474421,80bc4067731a348dc2a2bd47189a115850ce5fdfe2d7ddf4eefc0b878e38806d
smart_building_conformal/protocols/matched_forecasting005/pleia_h1_f2_s44_v1/readiness.json,1178,8025d300f25b1d65911c14c2a5f6b3b29b270186ea1499a7b64cac3cfc75d38b
smart_building_conformal/protocols/matched_forecasting005/pleia_h1_f2_s45_v1/boundaries.csv,1509,f36e6fb0067810471010c83d725c547f342cfdbd9c0441dea2b3a048ae1d1ef9
smart_building_conformal/protocols/matched_forecasting005/pleia_h1_f2_s45_v1/frozen_protocol.json,21725,ce8d6b4c952de02d809dfc2b4fbd7b34988a37c2c5ca18c286a65afd2a71556a
smart_building_conformal/protocols/matched_forecasting005/pleia_h1_f2_s45_v1/membership.csv.gz,2474421,80bc4067731a348dc2a2bd47189a115850ce5fdfe2d7ddf4eefc0b878e38806d
smart_building_conformal/protocols/matched_forecasting005/pleia_h1_f2_s45_v1/readiness.json,1176,703d7fffa73c91865a2fee314d2e0a3423e851840be474dc5928df5e7f81f921
smart_building_conformal/protocols/matched_forecasting005/pleia_h1_f2_s46_v1/boundaries.csv,1509,f36e6fb0067810471010c83d725c547f342cfdbd9c0441dea2b3a048ae1d1ef9
smart_building_conformal/protocols/matched_forecasting005/pleia_h1_f2_s46_v1/frozen_protocol.json,21725,4989341ff9d463b283be2be3ec47d0d71a904ea498b2ec581d160b37a8fe96a9
smart_building_conformal/protocols/matched_forecasting005/pleia_h1_f2_s46_v1/membership.csv.gz,2474421,80bc4067731a348dc2a2bd47189a115850ce5fdfe2d7ddf4eefc0b878e38806d
smart_building_conformal/protocols/matched_forecasting005/pleia_h1_f2_s46_v1/readiness.json,1178,925df9dff062444923444b86a6992022784c34dd9be0d65cb11cd77400398d16
smart_building_conformal/protocols/matched_forecasting005/pleia_h3_f2_s43_v1/boundaries.csv,1509,3e577820770f1c0c6167456c8b799ef45d502ab4d340ee381991b94bf22b0ecd
smart_building_conformal/protocols/matched_forecasting005/pleia_h3_f2_s43_v1/frozen_protocol.json,21725,591cc9bc729f1568eb03adc14a89532c11b371bf24f5f2b6e51e6eb80bd8971b
smart_building_conformal/protocols/matched_forecasting005/pleia_h3_f2_s43_v1/membership.csv.gz,2473906,daa751bda4d51a7286c2f026e3bfee859f6d30d1de8db0940f094e40f82f7715
smart_building_conformal/protocols/matched_forecasting005/pleia_h3_f2_s43_v1/readiness.json,1178,50334627ab8bd04f53aad007f9f4b93e185cc45570e65b444a0f9801830559bf
smart_building_conformal/protocols/matched_forecasting005/pleia_h3_f2_s44_v1/boundaries.csv,1509,3e577820770f1c0c6167456c8b799ef45d502ab4d340ee381991b94bf22b0ecd
smart_building_conformal/protocols/matched_forecasting005/pleia_h3_f2_s44_v1/frozen_protocol.json,21727,b7e3fa5ed8095f5fd84d9934e8cfc8e570437f6da1fa9ab9bb67e1ef8b940f33
smart_building_conformal/protocols/matched_forecasting005/pleia_h3_f2_s44_v1/membership.csv.gz,2473906,daa751bda4d51a7286c2f026e3bfee859f6d30d1de8db0940f094e40f82f7715
smart_building_conformal/protocols/matched_forecasting005/pleia_h3_f2_s44_v1/readiness.json,1176,ec337e6423d7122e88eacbcb1ca74749ee1a75445514872a75724115ffb2eaf2
smart_building_conformal/protocols/matched_forecasting005/pleia_h3_f2_s45_v1/boundaries.csv,1509,3e577820770f1c0c6167456c8b799ef45d502ab4d340ee381991b94bf22b0ecd
smart_building_conformal/protocols/matched_forecasting005/pleia_h3_f2_s45_v1/frozen_protocol.json,21726,43fdef7973feabb27f49a6f3a57657663ea1c46bff243e5d984ce84c66f35ce8
smart_building_conformal/protocols/matched_forecasting005/pleia_h3_f2_s45_v1/membership.csv.gz,2473906,daa751bda4d51a7286c2f026e3bfee859f6d30d1de8db0940f094e40f82f7715
smart_building_conformal/protocols/matched_forecasting005/pleia_h3_f2_s45_v1/readiness.json,1176,5df534cb602e39d061919d814cba9a76beb29783efc638df8daa1dbd539375ba
smart_building_conformal/protocols/matched_forecasting005/pleia_h3_f2_s46_v1/boundaries.csv,1509,3e577820770f1c0c6167456c8b799ef45d502ab4d340ee381991b94bf22b0ecd
smart_building_conformal/protocols/matched_forecasting005/pleia_h3_f2_s46_v1/frozen_protocol.json,21726,b27f1feef915808c6510c0377190a06d1c9c41d2cf628facd895b6f01110082d
smart_building_conformal/protocols/matched_forecasting005/pleia_h3_f2_s46_v1/membership.csv.gz,2473906,daa751bda4d51a7286c2f026e3bfee859f6d30d1de8db0940f094e40f82f7715
smart_building_conformal/protocols/matched_forecasting005/pleia_h3_f2_s46_v1/readiness.json,1178,2ef896ff025c6097c565bdd659d88e7b7b28924a0833f18fa1f92ed472574212
smart_building_conformal/protocols/matched_forecasting005/pleia_h6_f2_s43_v1/boundaries.csv,1509,3fda329bdf81bc884fe8aba4ce8c6d600dfbf0e02f8e52155003d86e20af90cd
smart_building_conformal/protocols/matched_forecasting005/pleia_h6_f2_s43_v1/frozen_protocol.json,21721,12a21c7ab9474210c38718dc5d0ad8b0f6eeab8c5f54e8c84e545f094db17d5f
smart_building_conformal/protocols/matched_forecasting005/pleia_h6_f2_s43_v1/membership.csv.gz,2467651,13e4463a85c67fc2fcd548b558269dbde90875ab302e95724abe44868f7382d4
smart_building_conformal/protocols/matched_forecasting005/pleia_h6_f2_s43_v1/readiness.json,1177,0d8e22aca1e27ed5cdc2ca0ee7eed4dd761c77ed7081e9f1abb9605ef034b232
smart_building_conformal/protocols/matched_forecasting005/pleia_h6_f2_s44_v1/boundaries.csv,1509,3fda329bdf81bc884fe8aba4ce8c6d600dfbf0e02f8e52155003d86e20af90cd
smart_building_conformal/protocols/matched_forecasting005/pleia_h6_f2_s44_v1/frozen_protocol.json,21725,525531103bdd604f7fcaff1fd54d3b905c82394b6ab9d0a9f351f372258537df
smart_building_conformal/protocols/matched_forecasting005/pleia_h6_f2_s44_v1/membership.csv.gz,2467651,13e4463a85c67fc2fcd548b558269dbde90875ab302e95724abe44868f7382d4
smart_building_conformal/protocols/matched_forecasting005/pleia_h6_f2_s44_v1/readiness.json,1178,297a4aec1bc2d23fd4b2112f8f0194727e46c0401b540b75ba52109d7f0b3814
smart_building_conformal/protocols/matched_forecasting005/pleia_h6_f2_s45_v1/boundaries.csv,1509,3fda329bdf81bc884fe8aba4ce8c6d600dfbf0e02f8e52155003d86e20af90cd
smart_building_conformal/protocols/matched_forecasting005/pleia_h6_f2_s45_v1/frozen_protocol.json,21726,7b3af2e5082254e020ca867fb95d22cc2dc6b99331e9a1c7f86c6a385461bbeb
smart_building_conformal/protocols/matched_forecasting005/pleia_h6_f2_s45_v1/membership.csv.gz,2467651,13e4463a85c67fc2fcd548b558269dbde90875ab302e95724abe44868f7382d4
smart_building_conformal/protocols/matched_forecasting005/pleia_h6_f2_s45_v1/readiness.json,1173,a8f15c7a735192fe3e73e013d68fd99ce18892d910223f5ea4d588cb810fdc02
smart_building_conformal/protocols/matched_forecasting005/pleia_h6_f2_s46_v1/boundaries.csv,1509,3fda329bdf81bc884fe8aba4ce8c6d600dfbf0e02f8e52155003d86e20af90cd
smart_building_conformal/protocols/matched_forecasting005/pleia_h6_f2_s46_v1/frozen_protocol.json,21726,167204fe887068fae49a0bf3704d7bec6197c99a453a7be4422e9f5affd4de08
smart_building_conformal/protocols/matched_forecasting005/pleia_h6_f2_s46_v1/membership.csv.gz,2467651,13e4463a85c67fc2fcd548b558269dbde90875ab302e95724abe44868f7382d4
smart_building_conformal/protocols/matched_forecasting005/pleia_h6_f2_s46_v1/readiness.json,1177,627956ceb96d981a7c3abe0a6f6f619ad8bd84b3c4563fd11ceea89f84bb437f
smart_building_conformal/protocols/matched_forecasting005/rico_h15_f2_s43_v1/boundaries.csv,1509,c0425b82f0314d8ad69d9ff77e62a035c0faaad9b0751819b598db22ba3e0c25
smart_building_conformal/protocols/matched_forecasting005/rico_h15_f2_s43_v1/frozen_protocol.json,22119,6118ae753e7869a6676eab873bbd97832260b434782324da367a8542c2dd9c41
smart_building_conformal/protocols/matched_forecasting005/rico_h15_f2_s43_v1/membership.csv.gz,2069009,3db99b86677c3cebea8b286e45bc9d2fa883a8ec0bc00671a8c2f955cb6e4acd
smart_building_conformal/protocols/matched_forecasting005/rico_h15_f2_s43_v1/readiness.json,1175,32e9bba2626d36cc60f4651def421c578a45e368055985057b20b662e4d9753b
smart_building_conformal/protocols/matched_forecasting005/rico_h15_f2_s44_v1/boundaries.csv,1509,c0425b82f0314d8ad69d9ff77e62a035c0faaad9b0751819b598db22ba3e0c25
smart_building_conformal/protocols/matched_forecasting005/rico_h15_f2_s44_v1/frozen_protocol.json,22123,01fd3965e400bdbca1098dcdcbf99395ee6b446384d55833c260e9b9f41206df
smart_building_conformal/protocols/matched_forecasting005/rico_h15_f2_s44_v1/membership.csv.gz,2069009,3db99b86677c3cebea8b286e45bc9d2fa883a8ec0bc00671a8c2f955cb6e4acd
smart_building_conformal/protocols/matched_forecasting005/rico_h15_f2_s44_v1/readiness.json,1174,23cf9ff543b446601d7a81ff00ce51722526c53d06b983595e5a8218b38be23d
smart_building_conformal/protocols/matched_forecasting005/rico_h15_f2_s45_v1/boundaries.csv,1509,c0425b82f0314d8ad69d9ff77e62a035c0faaad9b0751819b598db22ba3e0c25
smart_building_conformal/protocols/matched_forecasting005/rico_h15_f2_s45_v1/frozen_protocol.json,22124,992e3d20e746f1fcb3e78f8d1a69d9ebf12ed9e0140eadbf817f49e2ed57c3f8
smart_building_conformal/protocols/matched_forecasting005/rico_h15_f2_s45_v1/membership.csv.gz,2069009,3db99b86677c3cebea8b286e45bc9d2fa883a8ec0bc00671a8c2f955cb6e4acd
smart_building_conformal/protocols/matched_forecasting005/rico_h15_f2_s45_v1/readiness.json,1174,7eee3f28c5529c6f6aee0e06de0eff1da6a90e3432e08276d62db471d3b8eb56
smart_building_conformal/protocols/matched_forecasting005/rico_h15_f2_s46_v1/boundaries.csv,1509,c0425b82f0314d8ad69d9ff77e62a035c0faaad9b0751819b598db22ba3e0c25
smart_building_conformal/protocols/matched_forecasting005/rico_h15_f2_s46_v1/frozen_protocol.json,22124,fba4163656ab14c306dd508668113d90ba96f38e46ee7b8f52fa4a00e8ee546f
smart_building_conformal/protocols/matched_forecasting005/rico_h15_f2_s46_v1/membership.csv.gz,2069009,3db99b86677c3cebea8b286e45bc9d2fa883a8ec0bc00671a8c2f955cb6e4acd
smart_building_conformal/protocols/matched_forecasting005/rico_h15_f2_s46_v1/readiness.json,1175,270bc16b0e8308fcdafbc346c610c00636b02a25195f17b07518dfef3a244bef
smart_building_conformal/protocols/matched_forecasting005/rico_h30_f2_s43_v1/boundaries.csv,1509,f20157301860bca18440910afa6d9e00c54d80c4f8c8c6df753abfe88a1d6370
smart_building_conformal/protocols/matched_forecasting005/rico_h30_f2_s43_v1/frozen_protocol.json,22122,050b5ce09462d58b7bce831cbc47f90ab7c8a1dad2cdbf0f11daf141c77b099b
smart_building_conformal/protocols/matched_forecasting005/rico_h30_f2_s43_v1/membership.csv.gz,1914716,182f5747fb16718c754688dbba1da76a160c1445d0dacbe8ff59647d784479f7
smart_building_conformal/protocols/matched_forecasting005/rico_h30_f2_s43_v1/readiness.json,1174,61b3010a53828f9c626867b8c8415055a3ec8d76679185838cff6ac8348cfdac
smart_building_conformal/protocols/matched_forecasting005/rico_h30_f2_s44_v1/boundaries.csv,1509,f20157301860bca18440910afa6d9e00c54d80c4f8c8c6df753abfe88a1d6370
smart_building_conformal/protocols/matched_forecasting005/rico_h30_f2_s44_v1/frozen_protocol.json,22124,d77ff883b70c530d7ef4a845d9f8bb9579906f566e5c281d2756cae0377e97b9
smart_building_conformal/protocols/matched_forecasting005/rico_h30_f2_s44_v1/membership.csv.gz,1914716,182f5747fb16718c754688dbba1da76a160c1445d0dacbe8ff59647d784479f7
smart_building_conformal/protocols/matched_forecasting005/rico_h30_f2_s44_v1/readiness.json,1173,679146abff72a56612d47cd2019834bc71adaef02f4b904f4dad1ac01060d842
smart_building_conformal/protocols/matched_forecasting005/rico_h30_f2_s45_v1/boundaries.csv,1509,f20157301860bca18440910afa6d9e00c54d80c4f8c8c6df753abfe88a1d6370
smart_building_conformal/protocols/matched_forecasting005/rico_h30_f2_s45_v1/frozen_protocol.json,22124,5769aea4df39adc1c5884a4ac4950471da7bbe227eea0549a15de94fbdebfb6d
smart_building_conformal/protocols/matched_forecasting005/rico_h30_f2_s45_v1/membership.csv.gz,1914716,182f5747fb16718c754688dbba1da76a160c1445d0dacbe8ff59647d784479f7
smart_building_conformal/protocols/matched_forecasting005/rico_h30_f2_s45_v1/readiness.json,1176,4885d46b6f66fe31789767ed213564ffffa65ca98d25a13b7b2a4e8db9548a4a
smart_building_conformal/protocols/matched_forecasting005/rico_h30_f2_s46_v1/boundaries.csv,1509,f20157301860bca18440910afa6d9e00c54d80c4f8c8c6df753abfe88a1d6370
smart_building_conformal/protocols/matched_forecasting005/rico_h30_f2_s46_v1/frozen_protocol.json,22121,0db7f0a10aa75d45d291b57c800923360aa803d8a48eb3fa75d6968e1b6a27fe
smart_building_conformal/protocols/matched_forecasting005/rico_h30_f2_s46_v1/membership.csv.gz,1914716,182f5747fb16718c754688dbba1da76a160c1445d0dacbe8ff59647d784479f7
smart_building_conformal/protocols/matched_forecasting005/rico_h30_f2_s46_v1/readiness.json,1175,cf13588e408c78854fda7a29b3a438f789910781bd9003d110d3c527bec920aa
smart_building_conformal/protocols/matched_forecasting005/rico_h5_f2_s43_v1/boundaries.csv,1509,859cb5237d9d4ad9011997ccb27d4333726d7787cc0757e638426c8b6820c5cb
smart_building_conformal/protocols/matched_forecasting005/rico_h5_f2_s43_v1/frozen_protocol.json,22119,74eb284e91314998933d2de50059b1b6b26eb11ff0398586688a4f60985be4fd
smart_building_conformal/protocols/matched_forecasting005/rico_h5_f2_s43_v1/membership.csv.gz,2169350,ffa13c859f087b4aaf0ab89e2182247fd8ae3457738fffc887394c8baf59fb2b
smart_building_conformal/protocols/matched_forecasting005/rico_h5_f2_s43_v1/readiness.json,1175,c1fd7fce7b419a8a8675ed905fbe643ea5184663ce058527c47a958e16cb0833
smart_building_conformal/protocols/matched_forecasting005/rico_h5_f2_s44_v1/boundaries.csv,1509,859cb5237d9d4ad9011997ccb27d4333726d7787cc0757e638426c8b6820c5cb
smart_building_conformal/protocols/matched_forecasting005/rico_h5_f2_s44_v1/frozen_protocol.json,22121,6e0a75894df5a2ec4fa8ed9012956025089b82b4d04a42a051dc20244c9643c2
smart_building_conformal/protocols/matched_forecasting005/rico_h5_f2_s44_v1/membership.csv.gz,2169350,ffa13c859f087b4aaf0ab89e2182247fd8ae3457738fffc887394c8baf59fb2b
smart_building_conformal/protocols/matched_forecasting005/rico_h5_f2_s44_v1/readiness.json,1175,9c3ed84cee71e868dfa886e199bd47fe08d1a18bb13440f01047775d6ea44894
smart_building_conformal/protocols/matched_forecasting005/rico_h5_f2_s45_v1/boundaries.csv,1509,859cb5237d9d4ad9011997ccb27d4333726d7787cc0757e638426c8b6820c5cb
smart_building_conformal/protocols/matched_forecasting005/rico_h5_f2_s45_v1/frozen_protocol.json,22120,adda24f5b9ed20420c5e5eb85728317dc112a5ed5567a38f1aafc895df114e1c
smart_building_conformal/protocols/matched_forecasting005/rico_h5_f2_s45_v1/membership.csv.gz,2169350,ffa13c859f087b4aaf0ab89e2182247fd8ae3457738fffc887394c8baf59fb2b
smart_building_conformal/protocols/matched_forecasting005/rico_h5_f2_s45_v1/readiness.json,1175,330107d48d4ea2b2e407f6f1394b147b3b2df1e91145f60c89bad99b3b6cadc1
smart_building_conformal/protocols/matched_forecasting005/rico_h5_f2_s46_v1/boundaries.csv,1509,859cb5237d9d4ad9011997ccb27d4333726d7787cc0757e638426c8b6820c5cb
smart_building_conformal/protocols/matched_forecasting005/rico_h5_f2_s46_v1/frozen_protocol.json,22121,bc0f06119e0a0e1ed46353afd0b76b2c92cad9e7003e51737073831e86c9ecd3
smart_building_conformal/protocols/matched_forecasting005/rico_h5_f2_s46_v1/membership.csv.gz,2169350,ffa13c859f087b4aaf0ab89e2182247fd8ae3457738fffc887394c8baf59fb2b
smart_building_conformal/protocols/matched_forecasting005/rico_h5_f2_s46_v1/readiness.json,1175,800732077d17a53c0e7757164a5cb41fd7dacefa5feabb44e61794a7dd031568
smart_building_conformal/protocols/matched_forecasting005/rico_h60_f2_s43_v1/boundaries.csv,1508,7049ea88b5796c55e0c2889e765a1c3a39d617391ed3e87f200e0755b681bff6
smart_building_conformal/protocols/matched_forecasting005/rico_h60_f2_s43_v1/frozen_protocol.json,22123,85ad761357274da3f86ef8417ede058f4bfe3615117513b11d0b1ac2c3765dfe
smart_building_conformal/protocols/matched_forecasting005/rico_h60_f2_s43_v1/membership.csv.gz,1606887,829c2c496d5f0aad3774f34ef56f4fbab38005c54b690c9e17dd7af307225bd6
smart_building_conformal/protocols/matched_forecasting005/rico_h60_f2_s43_v1/readiness.json,1175,05e873ee27086d44788dc811aec8463a951e6e6428f3d61aa1e7e1f64d7a2f60
smart_building_conformal/protocols/matched_forecasting005/rico_h60_f2_s44_v1/boundaries.csv,1508,7049ea88b5796c55e0c2889e765a1c3a39d617391ed3e87f200e0755b681bff6
smart_building_conformal/protocols/matched_forecasting005/rico_h60_f2_s44_v1/frozen_protocol.json,22123,01b0ab222def6a097a71173f162a9d0a123cee2401f80ab01e645ea937b84d41
smart_building_conformal/protocols/matched_forecasting005/rico_h60_f2_s44_v1/membership.csv.gz,1606887,829c2c496d5f0aad3774f34ef56f4fbab38005c54b690c9e17dd7af307225bd6
smart_building_conformal/protocols/matched_forecasting005/rico_h60_f2_s44_v1/readiness.json,1176,0360e34094d85bba07af7dcd8a3e6ef4872abe56854b287263bb68adb22081a4
smart_building_conformal/protocols/matched_forecasting005/rico_h60_f2_s45_v1/boundaries.csv,1508,7049ea88b5796c55e0c2889e765a1c3a39d617391ed3e87f200e0755b681bff6
smart_building_conformal/protocols/matched_forecasting005/rico_h60_f2_s45_v1/frozen_protocol.json,22122,13626bbe92c4fc2e657cc07a12d739e6c76c86fd5e6e16d106077d5e6ffeef37
smart_building_conformal/protocols/matched_forecasting005/rico_h60_f2_s45_v1/membership.csv.gz,1606887,829c2c496d5f0aad3774f34ef56f4fbab38005c54b690c9e17dd7af307225bd6
smart_building_conformal/protocols/matched_forecasting005/rico_h60_f2_s45_v1/readiness.json,1176,00d8511ed3566e1bc805c84099b665dc9c4f84e0ae7f861f9e91a967d0177ea9
smart_building_conformal/protocols/matched_forecasting005/rico_h60_f2_s46_v1/boundaries.csv,1508,7049ea88b5796c55e0c2889e765a1c3a39d617391ed3e87f200e0755b681bff6
smart_building_conformal/protocols/matched_forecasting005/rico_h60_f2_s46_v1/frozen_protocol.json,22122,27622b6cebbf93f20aeec4af03f6497dc542faf718a8e023032df13475a84c65
smart_building_conformal/protocols/matched_forecasting005/rico_h60_f2_s46_v1/membership.csv.gz,1606887,829c2c496d5f0aad3774f34ef56f4fbab38005c54b690c9e17dd7af307225bd6
smart_building_conformal/protocols/matched_forecasting005/rico_h60_f2_s46_v1/readiness.json,1175,f95efda1f21a0ded799b7ca4cbcf67ef058aff5cd042403695c37fbd9a051545
