dataset,horizon,outer_fold,model,physical_minutes,target_units,metric,nominal_level,source_runs,protocol_hashes,n_fit,n_calibration,n_test,model_seeds,n_seed_rows,n_measured,mean,sample_std,minimum,maximum,interpretation,deterministic_baseline_alias,independent_baseline_realizations
bdg2,1,2,attention_lstm,60,kWh per hour,mae,,smart_building_conformal/outputs/matched_forecasting005/bdg2_h1_f2_s42_v2|smart_building_conformal/outputs/matched_forecasting005/bdg2_h1_f2_s43_v1|smart_building_conformal/outputs/matched_forecasting005/bdg2_h1_f2_s44_v1,dddadb59c5972ba0474291c8081e54c3173f4957c52de269cdc336d78fbf546e|58027826a3a98cb7b4370662f19aaa693ba6370fe417a19ca4c32b3141872a0e|e7988effe69158185667915053b64a81aacdfba8f19abf3f913ea7b779a2aa11,51664,17370,34640,42|43|44,3,3,19.30442111933684,0.27093040968963644,19.09463833441331,19.610301750955557,training-seed variability on same evaluation support; not a population confidence interval,False,
bdg2,1,2,attention_lstm,60,kWh per hour,rmse,,smart_building_conformal/outputs/matched_forecasting005/bdg2_h1_f2_s42_v2|smart_building_conformal/outputs/matched_forecasting005/bdg2_h1_f2_s43_v1|smart_building_conformal/outputs/matched_forecasting005/bdg2_h1_f2_s44_v1,dddadb59c5972ba0474291c8081e54c3173f4957c52de269cdc336d78fbf546e|58027826a3a98cb7b4370662f19aaa693ba6370fe417a19ca4c32b3141872a0e|e7988effe69158185667915053b64a81aacdfba8f19abf3f913ea7b779a2aa11,51664,17370,34640,42|43|44,3,3,36.555789547820744,1.0055880608917116,35.917441042667775,37.71495828709621,training-seed variability on same evaluation support; not a population confidence interval,False,
bdg2,1,2,attention_lstm,60,kWh per hour,coverage90,0.9,smart_building_conformal/outputs/matched_forecasting005/bdg2_h1_f2_s42_v2|smart_building_conformal/outputs/matched_forecasting005/bdg2_h1_f2_s43_v1|smart_building_conformal/outputs/matched_forecasting005/bdg2_h1_f2_s44_v1,dddadb59c5972ba0474291c8081e54c3173f4957c52de269cdc336d78fbf546e|58027826a3a98cb7b4370662f19aaa693ba6370fe417a19ca4c32b3141872a0e|e7988effe69158185667915053b64a81aacdfba8f19abf3f913ea7b779a2aa11,51664,17370,34640,42|43|44,3,3,0.9008852963818321,0.0038252846825059497,0.8965069284064665,0.9035796766743649,training-seed variability on same evaluation support; not a population confidence interval,False,
bdg2,1,2,attention_lstm,60,kWh per hour,signed_coverage_deviation90,0.9,smart_building_conformal/outputs/matched_forecasting005/bdg2_h1_f2_s42_v2|smart_building_conformal/outputs/matched_forecasting005/bdg2_h1_f2_s43_v1|smart_building_conformal/outputs/matched_forecasting005/bdg2_h1_f2_s44_v1,dddadb59c5972ba0474291c8081e54c3173f4957c52de269cdc336d78fbf546e|58027826a3a98cb7b4370662f19aaa693ba6370fe417a19ca4c32b3141872a0e|e7988effe69158185667915053b64a81aacdfba8f19abf3f913ea7b779a2aa11,51664,17370,34640,42|43|44,3,3,0.0008852963818321383,0.00382528468250595,-0.0034930715935335144,0.0035796766743648734,training-seed variability on same evaluation support; not a population confidence interval,False,
bdg2,1,2,attention_lstm,60,kWh per hour,absolute_coverage_deviation90,0.9,smart_building_conformal/outputs/matched_forecasting005/bdg2_h1_f2_s42_v2|smart_building_conformal/outputs/matched_forecasting005/bdg2_h1_f2_s43_v1|smart_building_conformal/outputs/matched_forecasting005/bdg2_h1_f2_s44_v1,dddadb59c5972ba0474291c8081e54c3173f4957c52de269cdc336d78fbf546e|58027826a3a98cb7b4370662f19aaa693ba6370fe417a19ca4c32b3141872a0e|e7988effe69158185667915053b64a81aacdfba8f19abf3f913ea7b779a2aa11,51664,17370,34640,42|43|44,3,3,0.003214010777521148,0.0005600263482275791,0.002569284064665056,0.0035796766743648734,training-seed variability on same evaluation support; not a population confidence interval,False,
bdg2,1,2,attention_lstm,60,kWh per hour,mpiw90,0.9,smart_building_conformal/outputs/matched_forecasting005/bdg2_h1_f2_s42_v2|smart_building_conformal/outputs/matched_forecasting005/bdg2_h1_f2_s43_v1|smart_building_conformal/outputs/matched_forecasting005/bdg2_h1_f2_s44_v1,dddadb59c5972ba0474291c8081e54c3173f4957c52de269cdc336d78fbf546e|58027826a3a98cb7b4370662f19aaa693ba6370fe417a19ca4c32b3141872a0e|e7988effe69158185667915053b64a81aacdfba8f19abf3f913ea7b779a2aa11,51664,17370,34640,42|43|44,3,3,98.09585498046856,2.3971084926053887,95.48613525390624,100.19955859375,training-seed variability on same evaluation support; not a population confidence interval,False,
bdg2,1,2,attention_lstm,60,kWh per hour,winkler90,0.9,smart_building_conformal/outputs/matched_forecasting005/bdg2_h1_f2_s42_v2|smart_building_conformal/outputs/matched_forecasting005/bdg2_h1_f2_s43_v1|smart_building_conformal/outputs/matched_forecasting005/bdg2_h1_f2_s44_v1,dddadb59c5972ba0474291c8081e54c3173f4957c52de269cdc336d78fbf546e|58027826a3a98cb7b4370662f19aaa693ba6370fe417a19ca4c32b3141872a0e|e7988effe69158185667915053b64a81aacdfba8f19abf3f913ea7b779a2aa11,51664,17370,34640,42|43|44,3,3,178.45443162218763,3.503609046605931,176.2896792719958,182.4966493130092,training-seed variability on same evaluation support; not a population confidence interval,False,
bdg2,1,2,attention_lstm,60,kWh per hour,coverage95,0.95,smart_building_conformal/outputs/matched_forecasting005/bdg2_h1_f2_s42_v2|smart_building_conformal/outputs/matched_forecasting005/bdg2_h1_f2_s43_v1|smart_building_conformal/outputs/matched_forecasting005/bdg2_h1_f2_s44_v1,dddadb59c5972ba0474291c8081e54c3173f4957c52de269cdc336d78fbf546e|58027826a3a98cb7b4370662f19aaa693ba6370fe417a19ca4c32b3141872a0e|e7988effe69158185667915053b64a81aacdfba8f19abf3f913ea7b779a2aa11,51664,17370,34640,42|43|44,3,3,0.9493937644341801,0.0024619481966693143,0.946824480369515,0.9517321016166281,training-seed variability on same evaluation support; not a population confidence interval,False,
bdg2,1,2,attention_lstm,60,kWh per hour,signed_coverage_deviation95,0.95,smart_building_conformal/outputs/matched_forecasting005/bdg2_h1_f2_s42_v2|smart_building_conformal/outputs/matched_forecasting005/bdg2_h1_f2_s43_v1|smart_building_conformal/outputs/matched_forecasting005/bdg2_h1_f2_s44_v1,dddadb59c5972ba0474291c8081e54c3173f4957c52de269cdc336d78fbf546e|58027826a3a98cb7b4370662f19aaa693ba6370fe417a19ca4c32b3141872a0e|e7988effe69158185667915053b64a81aacdfba8f19abf3f913ea7b779a2aa11,51664,17370,34640,42|43|44,3,3,-0.000606235565819809,0.0024619481966693143,-0.003175519630484902,0.0017321016166281789,training-seed variability on same evaluation support; not a population confidence interval,False,
bdg2,1,2,attention_lstm,60,kWh per hour,absolute_coverage_deviation95,0.95,smart_building_conformal/outputs/matched_forecasting005/bdg2_h1_f2_s42_v2|smart_building_conformal/outputs/matched_forecasting005/bdg2_h1_f2_s43_v1|smart_building_conformal/outputs/matched_forecasting005/bdg2_h1_f2_s44_v1,dddadb59c5972ba0474291c8081e54c3173f4957c52de269cdc336d78fbf546e|58027826a3a98cb7b4370662f19aaa693ba6370fe417a19ca4c32b3141872a0e|e7988effe69158185667915053b64a81aacdfba8f19abf3f913ea7b779a2aa11,51664,17370,34640,42|43|44,3,3,0.0017609699769052616,0.001400338664622958,0.0003752886836027036,0.003175519630484902,training-seed variability on same evaluation support; not a population confidence interval,False,
bdg2,1,2,attention_lstm,60,kWh per hour,mpiw95,0.95,smart_building_conformal/outputs/matched_forecasting005/bdg2_h1_f2_s42_v2|smart_building_conformal/outputs/matched_forecasting005/bdg2_h1_f2_s43_v1|smart_building_conformal/outputs/matched_forecasting005/bdg2_h1_f2_s44_v1,dddadb59c5972ba0474291c8081e54c3173f4957c52de269cdc336d78fbf546e|58027826a3a98cb7b4370662f19aaa693ba6370fe417a19ca4c32b3141872a0e|e7988effe69158185667915053b64a81aacdfba8f19abf3f913ea7b779a2aa11,51664,17370,34640,42|43|44,3,3,142.00201220703127,4.347010447876325,138.217396484375,146.74984326171875,training-seed variability on same evaluation support; not a population confidence interval,False,
bdg2,1,2,attention_lstm,60,kWh per hour,winkler95,0.95,smart_building_conformal/outputs/matched_forecasting005/bdg2_h1_f2_s42_v2|smart_building_conformal/outputs/matched_forecasting005/bdg2_h1_f2_s43_v1|smart_building_conformal/outputs/matched_forecasting005/bdg2_h1_f2_s44_v1,dddadb59c5972ba0474291c8081e54c3173f4957c52de269cdc336d78fbf546e|58027826a3a98cb7b4370662f19aaa693ba6370fe417a19ca4c32b3141872a0e|e7988effe69158185667915053b64a81aacdfba8f19abf3f913ea7b779a2aa11,51664,17370,34640,42|43|44,3,3,239.85315310056706,6.1035210952547665,235.71867635512137,246.8633203915778,training-seed variability on same evaluation support; not a population confidence interval,False,
bdg2,1,2,attention_lstm,60,kWh per hour,tuning_seconds,,smart_building_conformal/outputs/matched_forecasting005/bdg2_h1_f2_s42_v2|smart_building_conformal/outputs/matched_forecasting005/bdg2_h1_f2_s43_v1|smart_building_conformal/outputs/matched_forecasting005/bdg2_h1_f2_s44_v1,dddadb59c5972ba0474291c8081e54c3173f4957c52de269cdc336d78fbf546e|58027826a3a98cb7b4370662f19aaa693ba6370fe417a19ca4c32b3141872a0e|e7988effe69158185667915053b64a81aacdfba8f19abf3f913ea7b779a2aa11,51664,17370,34640,42|43|44,3,3,555.7368940666662,54.71960710812448,515.6497181000013,618.0770438999971,training-seed variability on same evaluation support; not a population confidence interval,False,
bdg2,1,2,attention_lstm,60,kWh per hour,final_fit_seconds,,smart_building_conformal/outputs/matched_forecasting005/bdg2_h1_f2_s42_v2|smart_building_conformal/outputs/matched_forecasting005/bdg2_h1_f2_s43_v1|smart_building_conformal/outputs/matched_forecasting005/bdg2_h1_f2_s44_v1,dddadb59c5972ba0474291c8081e54c3173f4957c52de269cdc336d78fbf546e|58027826a3a98cb7b4370662f19aaa693ba6370fe417a19ca4c32b3141872a0e|e7988effe69158185667915053b64a81aacdfba8f19abf3f913ea7b779a2aa11,51664,17370,34640,42|43|44,3,3,440.6580837000026,399.1920493678283,208.0477402000106,901.5987344000023,training-seed variability on same evaluation support; not a population confidence interval,False,
bdg2,1,2,attention_lstm,60,kWh per hour,calibration_seconds,,smart_building_conformal/outputs/matched_forecasting005/bdg2_h1_f2_s42_v2|smart_building_conformal/outputs/matched_forecasting005/bdg2_h1_f2_s43_v1|smart_building_conformal/outputs/matched_forecasting005/bdg2_h1_f2_s44_v1,dddadb59c5972ba0474291c8081e54c3173f4957c52de269cdc336d78fbf546e|58027826a3a98cb7b4370662f19aaa693ba6370fe417a19ca4c32b3141872a0e|e7988effe69158185667915053b64a81aacdfba8f19abf3f913ea7b779a2aa11,51664,17370,34640,42|43|44,3,3,1.5266846666612157,1.4687968857644063,0.6631092999887187,3.222609399999783,training-seed variability on same evaluation support; not a population confidence interval,False,
bdg2,1,2,attention_lstm,60,kWh per hour,inference_seconds,,smart_building_conformal/outputs/matched_forecasting005/bdg2_h1_f2_s42_v2|smart_building_conformal/outputs/matched_forecasting005/bdg2_h1_f2_s43_v1|smart_building_conformal/outputs/matched_forecasting005/bdg2_h1_f2_s44_v1,dddadb59c5972ba0474291c8081e54c3173f4957c52de269cdc336d78fbf546e|58027826a3a98cb7b4370662f19aaa693ba6370fe417a19ca4c32b3141872a0e|e7988effe69158185667915053b64a81aacdfba8f19abf3f913ea7b779a2aa11,51664,17370,34640,42|43|44,3,3,3.0834308333311733,3.050650915784392,1.2767772999941371,6.60562629999913,training-seed variability on same evaluation support; not a population confidence interval,False,
bdg2,1,2,attention_lstm,60,kWh per hour,model_phase_seconds,,smart_building_conformal/outputs/matched_forecasting005/bdg2_h1_f2_s42_v2|smart_building_conformal/outputs/matched_forecasting005/bdg2_h1_f2_s43_v1|smart_building_conformal/outputs/matched_forecasting005/bdg2_h1_f2_s44_v1,dddadb59c5972ba0474291c8081e54c3173f4957c52de269cdc336d78fbf546e|58027826a3a98cb7b4370662f19aaa693ba6370fe417a19ca4c32b3141872a0e|e7988effe69158185667915053b64a81aacdfba8f19abf3f913ea7b779a2aa11,51664,17370,34640,42|43|44,3,3,1001.0050932666612,457.8277567557675,725.6685709000012,1529.5040139999983,training-seed variability on same evaluation support; not a population confidence interval,False,
bdg2,1,2,attention_lstm,60,kWh per hour,process_cpu_seconds,,smart_building_conformal/outputs/matched_forecasting005/bdg2_h1_f2_s42_v2|smart_building_conformal/outputs/matched_forecasting005/bdg2_h1_f2_s43_v1|smart_building_conformal/outputs/matched_forecasting005/bdg2_h1_f2_s44_v1,dddadb59c5972ba0474291c8081e54c3173f4957c52de269cdc336d78fbf546e|58027826a3a98cb7b4370662f19aaa693ba6370fe417a19ca4c32b3141872a0e|e7988effe69158185667915053b64a81aacdfba8f19abf3f913ea7b779a2aa11,51664,17370,34640,42|43|44,3,3,944.5260416666666,387.0910447013994,713.828125,1391.421875,training-seed variability on same evaluation support; not a population confidence interval,False,
bdg2,1,2,attention_lstm,60,kWh per hour,inference_rows_per_second,,smart_building_conformal/outputs/matched_forecasting005/bdg2_h1_f2_s42_v2|smart_building_conformal/outputs/matched_forecasting005/bdg2_h1_f2_s43_v1|smart_building_conformal/outputs/matched_forecasting005/bdg2_h1_f2_s44_v1,dddadb59c5972ba0474291c8081e54c3173f4957c52de269cdc336d78fbf546e|58027826a3a98cb7b4370662f19aaa693ba6370fe417a19ca4c32b3141872a0e|e7988effe69158185667915053b64a81aacdfba8f19abf3f913ea7b779a2aa11,51664,17370,34640,42|43|44,3,3,19232.8389016607,12148.325883722287,5244.014485046567,27130.80816847156,training-seed variability on same evaluation support; not a population confidence interval,False,
bdg2,1,2,persistence,60,kWh per hour,mae,,smart_building_conformal/outputs/matched_forecasting005/bdg2_h1_f2_s42_v2|smart_building_conformal/outputs/matched_forecasting005/bdg2_h1_f2_s43_v1|smart_building_conformal/outputs/matched_forecasting005/bdg2_h1_f2_s44_v1,dddadb59c5972ba0474291c8081e54c3173f4957c52de269cdc336d78fbf546e|58027826a3a98cb7b4370662f19aaa693ba6370fe417a19ca4c32b3141872a0e|e7988effe69158185667915053b64a81aacdfba8f19abf3f913ea7b779a2aa11,51664,17370,34640,42|43|44,3,3,20.987969087759815,0.0,20.987969087759815,20.987969087759815,training-seed variability on same evaluation support; not a population confidence interval,True,1.0
bdg2,1,2,persistence,60,kWh per hour,rmse,,smart_building_conformal/outputs/matched_forecasting005/bdg2_h1_f2_s42_v2|smart_building_conformal/outputs/matched_forecasting005/bdg2_h1_f2_s43_v1|smart_building_conformal/outputs/matched_forecasting005/bdg2_h1_f2_s44_v1,dddadb59c5972ba0474291c8081e54c3173f4957c52de269cdc336d78fbf546e|58027826a3a98cb7b4370662f19aaa693ba6370fe417a19ca4c32b3141872a0e|e7988effe69158185667915053b64a81aacdfba8f19abf3f913ea7b779a2aa11,51664,17370,34640,42|43|44,3,3,41.67140770234165,0.0,41.67140770234165,41.67140770234165,training-seed variability on same evaluation support; not a population confidence interval,True,1.0
bdg2,1,2,persistence,60,kWh per hour,coverage90,0.9,smart_building_conformal/outputs/matched_forecasting005/bdg2_h1_f2_s42_v2|smart_building_conformal/outputs/matched_forecasting005/bdg2_h1_f2_s43_v1|smart_building_conformal/outputs/matched_forecasting005/bdg2_h1_f2_s44_v1,dddadb59c5972ba0474291c8081e54c3173f4957c52de269cdc336d78fbf546e|58027826a3a98cb7b4370662f19aaa693ba6370fe417a19ca4c32b3141872a0e|e7988effe69158185667915053b64a81aacdfba8f19abf3f913ea7b779a2aa11,51664,17370,34640,42|43|44,3,3,0.894919168591224,0.0,0.894919168591224,0.894919168591224,training-seed variability on same evaluation support; not a population confidence interval,True,1.0
bdg2,1,2,persistence,60,kWh per hour,signed_coverage_deviation90,0.9,smart_building_conformal/outputs/matched_forecasting005/bdg2_h1_f2_s42_v2|smart_building_conformal/outputs/matched_forecasting005/bdg2_h1_f2_s43_v1|smart_building_conformal/outputs/matched_forecasting005/bdg2_h1_f2_s44_v1,dddadb59c5972ba0474291c8081e54c3173f4957c52de269cdc336d78fbf546e|58027826a3a98cb7b4370662f19aaa693ba6370fe417a19ca4c32b3141872a0e|e7988effe69158185667915053b64a81aacdfba8f19abf3f913ea7b779a2aa11,51664,17370,34640,42|43|44,3,3,-0.005080831408776021,0.0,-0.005080831408776021,-0.005080831408776021,training-seed variability on same evaluation support; not a population confidence interval,True,1.0
bdg2,1,2,persistence,60,kWh per hour,absolute_coverage_deviation90,0.9,smart_building_conformal/outputs/matched_forecasting005/bdg2_h1_f2_s42_v2|smart_building_conformal/outputs/matched_forecasting005/bdg2_h1_f2_s43_v1|smart_building_conformal/outputs/matched_forecasting005/bdg2_h1_f2_s44_v1,dddadb59c5972ba0474291c8081e54c3173f4957c52de269cdc336d78fbf546e|58027826a3a98cb7b4370662f19aaa693ba6370fe417a19ca4c32b3141872a0e|e7988effe69158185667915053b64a81aacdfba8f19abf3f913ea7b779a2aa11,51664,17370,34640,42|43|44,3,3,0.005080831408776021,0.0,0.005080831408776021,0.005080831408776021,training-seed variability on same evaluation support; not a population confidence interval,True,1.0
bdg2,1,2,persistence,60,kWh per hour,mpiw90,0.9,smart_building_conformal/outputs/matched_forecasting005/bdg2_h1_f2_s42_v2|smart_building_conformal/outputs/matched_forecasting005/bdg2_h1_f2_s43_v1|smart_building_conformal/outputs/matched_forecasting005/bdg2_h1_f2_s44_v1,dddadb59c5972ba0474291c8081e54c3173f4957c52de269cdc336d78fbf546e|58027826a3a98cb7b4370662f19aaa693ba6370fe417a19ca4c32b3141872a0e|e7988effe69158185667915053b64a81aacdfba8f19abf3f913ea7b779a2aa11,51664,17370,34640,42|43|44,3,3,115.80600000000072,0.0,115.80600000000072,115.80600000000072,training-seed variability on same evaluation support; not a population confidence interval,True,1.0
bdg2,1,2,persistence,60,kWh per hour,winkler90,0.9,smart_building_conformal/outputs/matched_forecasting005/bdg2_h1_f2_s42_v2|smart_building_conformal/outputs/matched_forecasting005/bdg2_h1_f2_s43_v1|smart_building_conformal/outputs/matched_forecasting005/bdg2_h1_f2_s44_v1,dddadb59c5972ba0474291c8081e54c3173f4957c52de269cdc336d78fbf546e|58027826a3a98cb7b4370662f19aaa693ba6370fe417a19ca4c32b3141872a0e|e7988effe69158185667915053b64a81aacdfba8f19abf3f913ea7b779a2aa11,51664,17370,34640,42|43|44,3,3,207.41386443418006,3.4809342861069267e-14,207.41386443418008,207.41386443418008,training-seed variability on same evaluation support; not a population confidence interval,True,1.0
bdg2,1,2,persistence,60,kWh per hour,coverage95,0.95,smart_building_conformal/outputs/matched_forecasting005/bdg2_h1_f2_s42_v2|smart_building_conformal/outputs/matched_forecasting005/bdg2_h1_f2_s43_v1|smart_building_conformal/outputs/matched_forecasting005/bdg2_h1_f2_s44_v1,dddadb59c5972ba0474291c8081e54c3173f4957c52de269cdc336d78fbf546e|58027826a3a98cb7b4370662f19aaa693ba6370fe417a19ca4c32b3141872a0e|e7988effe69158185667915053b64a81aacdfba8f19abf3f913ea7b779a2aa11,51664,17370,34640,42|43|44,3,3,0.9467667436489607,0.0,0.9467667436489607,0.9467667436489607,training-seed variability on same evaluation support; not a population confidence interval,True,1.0
bdg2,1,2,persistence,60,kWh per hour,signed_coverage_deviation95,0.95,smart_building_conformal/outputs/matched_forecasting005/bdg2_h1_f2_s42_v2|smart_building_conformal/outputs/matched_forecasting005/bdg2_h1_f2_s43_v1|smart_building_conformal/outputs/matched_forecasting005/bdg2_h1_f2_s44_v1,dddadb59c5972ba0474291c8081e54c3173f4957c52de269cdc336d78fbf546e|58027826a3a98cb7b4370662f19aaa693ba6370fe417a19ca4c32b3141872a0e|e7988effe69158185667915053b64a81aacdfba8f19abf3f913ea7b779a2aa11,51664,17370,34640,42|43|44,3,3,-0.0032332563510392154,0.0,-0.0032332563510392154,-0.0032332563510392154,training-seed variability on same evaluation support; not a population confidence interval,True,1.0
bdg2,1,2,persistence,60,kWh per hour,absolute_coverage_deviation95,0.95,smart_building_conformal/outputs/matched_forecasting005/bdg2_h1_f2_s42_v2|smart_building_conformal/outputs/matched_forecasting005/bdg2_h1_f2_s43_v1|smart_building_conformal/outputs/matched_forecasting005/bdg2_h1_f2_s44_v1,dddadb59c5972ba0474291c8081e54c3173f4957c52de269cdc336d78fbf546e|58027826a3a98cb7b4370662f19aaa693ba6370fe417a19ca4c32b3141872a0e|e7988effe69158185667915053b64a81aacdfba8f19abf3f913ea7b779a2aa11,51664,17370,34640,42|43|44,3,3,0.0032332563510392154,0.0,0.0032332563510392154,0.0032332563510392154,training-seed variability on same evaluation support; not a population confidence interval,True,1.0
bdg2,1,2,persistence,60,kWh per hour,mpiw95,0.95,smart_building_conformal/outputs/matched_forecasting005/bdg2_h1_f2_s42_v2|smart_building_conformal/outputs/matched_forecasting005/bdg2_h1_f2_s43_v1|smart_building_conformal/outputs/matched_forecasting005/bdg2_h1_f2_s44_v1,dddadb59c5972ba0474291c8081e54c3173f4957c52de269cdc336d78fbf546e|58027826a3a98cb7b4370662f19aaa693ba6370fe417a19ca4c32b3141872a0e|e7988effe69158185667915053b64a81aacdfba8f19abf3f913ea7b779a2aa11,51664,17370,34640,42|43|44,3,3,165.40000000000003,0.0,165.40000000000003,165.40000000000003,training-seed variability on same evaluation support; not a population confidence interval,True,1.0
bdg2,1,2,persistence,60,kWh per hour,winkler95,0.95,smart_building_conformal/outputs/matched_forecasting005/bdg2_h1_f2_s42_v2|smart_building_conformal/outputs/matched_forecasting005/bdg2_h1_f2_s43_v1|smart_building_conformal/outputs/matched_forecasting005/bdg2_h1_f2_s44_v1,dddadb59c5972ba0474291c8081e54c3173f4957c52de269cdc336d78fbf546e|58027826a3a98cb7b4370662f19aaa693ba6370fe417a19ca4c32b3141872a0e|e7988effe69158185667915053b64a81aacdfba8f19abf3f913ea7b779a2aa11,51664,17370,34640,42|43|44,3,3,273.690915473441,0.0,273.690915473441,273.690915473441,training-seed variability on same evaluation support; not a population confidence interval,True,1.0
bdg2,1,2,persistence,60,kWh per hour,tuning_seconds,,smart_building_conformal/outputs/matched_forecasting005/bdg2_h1_f2_s42_v2|smart_building_conformal/outputs/matched_forecasting005/bdg2_h1_f2_s43_v1|smart_building_conformal/outputs/matched_forecasting005/bdg2_h1_f2_s44_v1,dddadb59c5972ba0474291c8081e54c3173f4957c52de269cdc336d78fbf546e|58027826a3a98cb7b4370662f19aaa693ba6370fe417a19ca4c32b3141872a0e|e7988effe69158185667915053b64a81aacdfba8f19abf3f913ea7b779a2aa11,51664,17370,34640,42|43|44,3,3,0.0,0.0,0.0,0.0,training-seed variability on same evaluation support; not a population confidence interval,True,1.0
bdg2,1,2,persistence,60,kWh per hour,final_fit_seconds,,smart_building_conformal/outputs/matched_forecasting005/bdg2_h1_f2_s42_v2|smart_building_conformal/outputs/matched_forecasting005/bdg2_h1_f2_s43_v1|smart_building_conformal/outputs/matched_forecasting005/bdg2_h1_f2_s44_v1,dddadb59c5972ba0474291c8081e54c3173f4957c52de269cdc336d78fbf546e|58027826a3a98cb7b4370662f19aaa693ba6370fe417a19ca4c32b3141872a0e|e7988effe69158185667915053b64a81aacdfba8f19abf3f913ea7b779a2aa11,51664,17370,34640,42|43|44,3,3,0.000516699998115655,8.519407364256199e-05,0.00043759999971371144,0.0006069000010029413,training-seed variability on same evaluation support; not a population confidence interval,True,1.0
bdg2,1,2,persistence,60,kWh per hour,calibration_seconds,,smart_building_conformal/outputs/matched_forecasting005/bdg2_h1_f2_s42_v2|smart_building_conformal/outputs/matched_forecasting005/bdg2_h1_f2_s43_v1|smart_building_conformal/outputs/matched_forecasting005/bdg2_h1_f2_s44_v1,dddadb59c5972ba0474291c8081e54c3173f4957c52de269cdc336d78fbf546e|58027826a3a98cb7b4370662f19aaa693ba6370fe417a19ca4c32b3141872a0e|e7988effe69158185667915053b64a81aacdfba8f19abf3f913ea7b779a2aa11,51664,17370,34640,42|43|44,3,3,0.007314866665789547,0.0008736697535735202,0.006632700009504333,0.008299599998281337,training-seed variability on same evaluation support; not a population confidence interval,True,1.0
bdg2,1,2,persistence,60,kWh per hour,inference_seconds,,smart_building_conformal/outputs/matched_forecasting005/bdg2_h1_f2_s42_v2|smart_building_conformal/outputs/matched_forecasting005/bdg2_h1_f2_s43_v1|smart_building_conformal/outputs/matched_forecasting005/bdg2_h1_f2_s44_v1,dddadb59c5972ba0474291c8081e54c3173f4957c52de269cdc336d78fbf546e|58027826a3a98cb7b4370662f19aaa693ba6370fe417a19ca4c32b3141872a0e|e7988effe69158185667915053b64a81aacdfba8f19abf3f913ea7b779a2aa11,51664,17370,34640,42|43|44,3,3,0.01387103333157332,0.004013209946978269,0.011502200009999797,0.01850469999772031,training-seed variability on same evaluation support; not a population confidence interval,True,1.0
bdg2,1,2,persistence,60,kWh per hour,model_phase_seconds,,smart_building_conformal/outputs/matched_forecasting005/bdg2_h1_f2_s42_v2|smart_building_conformal/outputs/matched_forecasting005/bdg2_h1_f2_s43_v1|smart_building_conformal/outputs/matched_forecasting005/bdg2_h1_f2_s44_v1,dddadb59c5972ba0474291c8081e54c3173f4957c52de269cdc336d78fbf546e|58027826a3a98cb7b4370662f19aaa693ba6370fe417a19ca4c32b3141872a0e|e7988effe69158185667915053b64a81aacdfba8f19abf3f913ea7b779a2aa11,51664,17370,34640,42|43|44,3,3,0.021702599995478522,0.004951479688896245,0.01857250001921784,0.027411199997004587,training-seed variability on same evaluation support; not a population confidence interval,True,1.0
bdg2,1,2,persistence,60,kWh per hour,process_cpu_seconds,,smart_building_conformal/outputs/matched_forecasting005/bdg2_h1_f2_s42_v2|smart_building_conformal/outputs/matched_forecasting005/bdg2_h1_f2_s43_v1|smart_building_conformal/outputs/matched_forecasting005/bdg2_h1_f2_s44_v1,dddadb59c5972ba0474291c8081e54c3173f4957c52de269cdc336d78fbf546e|58027826a3a98cb7b4370662f19aaa693ba6370fe417a19ca4c32b3141872a0e|e7988effe69158185667915053b64a81aacdfba8f19abf3f913ea7b779a2aa11,51664,17370,34640,42|43|44,3,3,0.026041666666666668,0.009021097956087902,0.015625,0.03125,training-seed variability on same evaluation support; not a population confidence interval,True,1.0
bdg2,1,2,persistence,60,kWh per hour,inference_rows_per_second,,smart_building_conformal/outputs/matched_forecasting005/bdg2_h1_f2_s42_v2|smart_building_conformal/outputs/matched_forecasting005/bdg2_h1_f2_s43_v1|smart_building_conformal/outputs/matched_forecasting005/bdg2_h1_f2_s44_v1,dddadb59c5972ba0474291c8081e54c3173f4957c52de269cdc336d78fbf546e|58027826a3a98cb7b4370662f19aaa693ba6370fe417a19ca4c32b3141872a0e|e7988effe69158185667915053b64a81aacdfba8f19abf3f913ea7b779a2aa11,51664,17370,34640,42|43|44,3,3,2622722.1031751246,650321.7714834942,1871956.8544352236,3011597.7786757867,training-seed variability on same evaluation support; not a population confidence interval,True,1.0
bdg2,1,2,xgboost,60,kWh per hour,mae,,smart_building_conformal/outputs/matched_forecasting005/bdg2_h1_f2_s42_v2|smart_building_conformal/outputs/matched_forecasting005/bdg2_h1_f2_s43_v1|smart_building_conformal/outputs/matched_forecasting005/bdg2_h1_f2_s44_v1,dddadb59c5972ba0474291c8081e54c3173f4957c52de269cdc336d78fbf546e|58027826a3a98cb7b4370662f19aaa693ba6370fe417a19ca4c32b3141872a0e|e7988effe69158185667915053b64a81aacdfba8f19abf3f913ea7b779a2aa11,51664,17370,34640,42|43|44,3,3,17.720854608781806,0.05438317815204212,17.658105629844663,17.75433961896247,training-seed variability on same evaluation support; not a population confidence interval,False,
bdg2,1,2,xgboost,60,kWh per hour,rmse,,smart_building_conformal/outputs/matched_forecasting005/bdg2_h1_f2_s42_v2|smart_building_conformal/outputs/matched_forecasting005/bdg2_h1_f2_s43_v1|smart_building_conformal/outputs/matched_forecasting005/bdg2_h1_f2_s44_v1,dddadb59c5972ba0474291c8081e54c3173f4957c52de269cdc336d78fbf546e|58027826a3a98cb7b4370662f19aaa693ba6370fe417a19ca4c32b3141872a0e|e7988effe69158185667915053b64a81aacdfba8f19abf3f913ea7b779a2aa11,51664,17370,34640,42|43|44,3,3,34.897279722003574,0.08753848016432556,34.7969887491396,34.95834656737017,training-seed variability on same evaluation support; not a population confidence interval,False,
bdg2,1,2,xgboost,60,kWh per hour,coverage90,0.9,smart_building_conformal/outputs/matched_forecasting005/bdg2_h1_f2_s42_v2|smart_building_conformal/outputs/matched_forecasting005/bdg2_h1_f2_s43_v1|smart_building_conformal/outputs/matched_forecasting005/bdg2_h1_f2_s44_v1,dddadb59c5972ba0474291c8081e54c3173f4957c52de269cdc336d78fbf546e|58027826a3a98cb7b4370662f19aaa693ba6370fe417a19ca4c32b3141872a0e|e7988effe69158185667915053b64a81aacdfba8f19abf3f913ea7b779a2aa11,51664,17370,34640,42|43|44,3,3,0.9027713625866051,0.0008578324456179879,0.9021651270207852,0.9037528868360277,training-seed variability on same evaluation support; not a population confidence interval,False,
bdg2,1,2,xgboost,60,kWh per hour,signed_coverage_deviation90,0.9,smart_building_conformal/outputs/matched_forecasting005/bdg2_h1_f2_s42_v2|smart_building_conformal/outputs/matched_forecasting005/bdg2_h1_f2_s43_v1|smart_building_conformal/outputs/matched_forecasting005/bdg2_h1_f2_s44_v1,dddadb59c5972ba0474291c8081e54c3173f4957c52de269cdc336d78fbf546e|58027826a3a98cb7b4370662f19aaa693ba6370fe417a19ca4c32b3141872a0e|e7988effe69158185667915053b64a81aacdfba8f19abf3f913ea7b779a2aa11,51664,17370,34640,42|43|44,3,3,0.0027713625866050786,0.0008578324456179878,0.002165127020785196,0.0037528868360277023,training-seed variability on same evaluation support; not a population confidence interval,False,
bdg2,1,2,xgboost,60,kWh per hour,absolute_coverage_deviation90,0.9,smart_building_conformal/outputs/matched_forecasting005/bdg2_h1_f2_s42_v2|smart_building_conformal/outputs/matched_forecasting005/bdg2_h1_f2_s43_v1|smart_building_conformal/outputs/matched_forecasting005/bdg2_h1_f2_s44_v1,dddadb59c5972ba0474291c8081e54c3173f4957c52de269cdc336d78fbf546e|58027826a3a98cb7b4370662f19aaa693ba6370fe417a19ca4c32b3141872a0e|e7988effe69158185667915053b64a81aacdfba8f19abf3f913ea7b779a2aa11,51664,17370,34640,42|43|44,3,3,0.0027713625866050786,0.0008578324456179878,0.002165127020785196,0.0037528868360277023,training-seed variability on same evaluation support; not a population confidence interval,False,
bdg2,1,2,xgboost,60,kWh per hour,mpiw90,0.9,smart_building_conformal/outputs/matched_forecasting005/bdg2_h1_f2_s42_v2|smart_building_conformal/outputs/matched_forecasting005/bdg2_h1_f2_s43_v1|smart_building_conformal/outputs/matched_forecasting005/bdg2_h1_f2_s44_v1,dddadb59c5972ba0474291c8081e54c3173f4957c52de269cdc336d78fbf546e|58027826a3a98cb7b4370662f19aaa693ba6370fe417a19ca4c32b3141872a0e|e7988effe69158185667915053b64a81aacdfba8f19abf3f913ea7b779a2aa11,51664,17370,34640,42|43|44,3,3,93.34118090820313,0.2737753857398037,93.04669775390632,93.5879851074219,training-seed variability on same evaluation support; not a population confidence interval,False,
bdg2,1,2,xgboost,60,kWh per hour,winkler90,0.9,smart_building_conformal/outputs/matched_forecasting005/bdg2_h1_f2_s42_v2|smart_building_conformal/outputs/matched_forecasting005/bdg2_h1_f2_s43_v1|smart_building_conformal/outputs/matched_forecasting005/bdg2_h1_f2_s44_v1,dddadb59c5972ba0474291c8081e54c3173f4957c52de269cdc336d78fbf546e|58027826a3a98cb7b4370662f19aaa693ba6370fe417a19ca4c32b3141872a0e|e7988effe69158185667915053b64a81aacdfba8f19abf3f913ea7b779a2aa11,51664,17370,34640,42|43|44,3,3,171.92761147892438,0.38230215323412886,171.48683920934565,172.1690876859106,training-seed variability on same evaluation support; not a population confidence interval,False,
bdg2,1,2,xgboost,60,kWh per hour,coverage95,0.95,smart_building_conformal/outputs/matched_forecasting005/bdg2_h1_f2_s42_v2|smart_building_conformal/outputs/matched_forecasting005/bdg2_h1_f2_s43_v1|smart_building_conformal/outputs/matched_forecasting005/bdg2_h1_f2_s44_v1,dddadb59c5972ba0474291c8081e54c3173f4957c52de269cdc336d78fbf546e|58027826a3a98cb7b4370662f19aaa693ba6370fe417a19ca4c32b3141872a0e|e7988effe69158185667915053b64a81aacdfba8f19abf3f913ea7b779a2aa11,51664,17370,34640,42|43|44,3,3,0.9486528098537338,0.0007096764460158882,0.9478348729792148,0.9491050808314088,training-seed variability on same evaluation support; not a population confidence interval,False,
bdg2,1,2,xgboost,60,kWh per hour,signed_coverage_deviation95,0.95,smart_building_conformal/outputs/matched_forecasting005/bdg2_h1_f2_s42_v2|smart_building_conformal/outputs/matched_forecasting005/bdg2_h1_f2_s43_v1|smart_building_conformal/outputs/matched_forecasting005/bdg2_h1_f2_s44_v1,dddadb59c5972ba0474291c8081e54c3173f4957c52de269cdc336d78fbf546e|58027826a3a98cb7b4370662f19aaa693ba6370fe417a19ca4c32b3141872a0e|e7988effe69158185667915053b64a81aacdfba8f19abf3f913ea7b779a2aa11,51664,17370,34640,42|43|44,3,3,-0.001347190146266312,0.0007096764460158882,-0.002165127020785196,-0.0008949191685911906,training-seed variability on same evaluation support; not a population confidence interval,False,
bdg2,1,2,xgboost,60,kWh per hour,absolute_coverage_deviation95,0.95,smart_building_conformal/outputs/matched_forecasting005/bdg2_h1_f2_s42_v2|smart_building_conformal/outputs/matched_forecasting005/bdg2_h1_f2_s43_v1|smart_building_conformal/outputs/matched_forecasting005/bdg2_h1_f2_s44_v1,dddadb59c5972ba0474291c8081e54c3173f4957c52de269cdc336d78fbf546e|58027826a3a98cb7b4370662f19aaa693ba6370fe417a19ca4c32b3141872a0e|e7988effe69158185667915053b64a81aacdfba8f19abf3f913ea7b779a2aa11,51664,17370,34640,42|43|44,3,3,0.001347190146266312,0.0007096764460158882,0.0008949191685911906,0.002165127020785196,training-seed variability on same evaluation support; not a population confidence interval,False,
bdg2,1,2,xgboost,60,kWh per hour,mpiw95,0.95,smart_building_conformal/outputs/matched_forecasting005/bdg2_h1_f2_s42_v2|smart_building_conformal/outputs/matched_forecasting005/bdg2_h1_f2_s43_v1|smart_building_conformal/outputs/matched_forecasting005/bdg2_h1_f2_s44_v1,dddadb59c5972ba0474291c8081e54c3173f4957c52de269cdc336d78fbf546e|58027826a3a98cb7b4370662f19aaa693ba6370fe417a19ca4c32b3141872a0e|e7988effe69158185667915053b64a81aacdfba8f19abf3f913ea7b779a2aa11,51664,17370,34640,42|43|44,3,3,136.4049873860677,0.49634540365106045,135.84407348632817,136.78737792968747,training-seed variability on same evaluation support; not a population confidence interval,False,
bdg2,1,2,xgboost,60,kWh per hour,winkler95,0.95,smart_building_conformal/outputs/matched_forecasting005/bdg2_h1_f2_s42_v2|smart_building_conformal/outputs/matched_forecasting005/bdg2_h1_f2_s43_v1|smart_building_conformal/outputs/matched_forecasting005/bdg2_h1_f2_s44_v1,dddadb59c5972ba0474291c8081e54c3173f4957c52de269cdc336d78fbf546e|58027826a3a98cb7b4370662f19aaa693ba6370fe417a19ca4c32b3141872a0e|e7988effe69158185667915053b64a81aacdfba8f19abf3f913ea7b779a2aa11,51664,17370,34640,42|43|44,3,3,232.09972127863026,0.8002680218579479,231.17632592464022,232.59199136116771,training-seed variability on same evaluation support; not a population confidence interval,False,
bdg2,1,2,xgboost,60,kWh per hour,tuning_seconds,,smart_building_conformal/outputs/matched_forecasting005/bdg2_h1_f2_s42_v2|smart_building_conformal/outputs/matched_forecasting005/bdg2_h1_f2_s43_v1|smart_building_conformal/outputs/matched_forecasting005/bdg2_h1_f2_s44_v1,dddadb59c5972ba0474291c8081e54c3173f4957c52de269cdc336d78fbf546e|58027826a3a98cb7b4370662f19aaa693ba6370fe417a19ca4c32b3141872a0e|e7988effe69158185667915053b64a81aacdfba8f19abf3f913ea7b779a2aa11,51664,17370,34640,42|43|44,3,3,6.513126033329172,0.21833349233185523,6.267910799986566,6.686444899998605,training-seed variability on same evaluation support; not a population confidence interval,False,
bdg2,1,2,xgboost,60,kWh per hour,final_fit_seconds,,smart_building_conformal/outputs/matched_forecasting005/bdg2_h1_f2_s42_v2|smart_building_conformal/outputs/matched_forecasting005/bdg2_h1_f2_s43_v1|smart_building_conformal/outputs/matched_forecasting005/bdg2_h1_f2_s44_v1,dddadb59c5972ba0474291c8081e54c3173f4957c52de269cdc336d78fbf546e|58027826a3a98cb7b4370662f19aaa693ba6370fe417a19ca4c32b3141872a0e|e7988effe69158185667915053b64a81aacdfba8f19abf3f913ea7b779a2aa11,51664,17370,34640,42|43|44,3,3,2.5740436333338343,0.13096722131357164,2.4947601000021677,2.725211199998739,training-seed variability on same evaluation support; not a population confidence interval,False,
bdg2,1,2,xgboost,60,kWh per hour,calibration_seconds,,smart_building_conformal/outputs/matched_forecasting005/bdg2_h1_f2_s42_v2|smart_building_conformal/outputs/matched_forecasting005/bdg2_h1_f2_s43_v1|smart_building_conformal/outputs/matched_forecasting005/bdg2_h1_f2_s44_v1,dddadb59c5972ba0474291c8081e54c3173f4957c52de269cdc336d78fbf546e|58027826a3a98cb7b4370662f19aaa693ba6370fe417a19ca4c32b3141872a0e|e7988effe69158185667915053b64a81aacdfba8f19abf3f913ea7b779a2aa11,51664,17370,34640,42|43|44,3,3,0.2041206333330289,0.0047451801337423756,0.20047180000983644,0.20948499999940395,training-seed variability on same evaluation support; not a population confidence interval,False,
bdg2,1,2,xgboost,60,kWh per hour,inference_seconds,,smart_building_conformal/outputs/matched_forecasting005/bdg2_h1_f2_s42_v2|smart_building_conformal/outputs/matched_forecasting005/bdg2_h1_f2_s43_v1|smart_building_conformal/outputs/matched_forecasting005/bdg2_h1_f2_s44_v1,dddadb59c5972ba0474291c8081e54c3173f4957c52de269cdc336d78fbf546e|58027826a3a98cb7b4370662f19aaa693ba6370fe417a19ca4c32b3141872a0e|e7988effe69158185667915053b64a81aacdfba8f19abf3f913ea7b779a2aa11,51664,17370,34640,42|43|44,3,3,0.39923216666890465,0.01464730005501501,0.3869944000034593,0.4154615000006743,training-seed variability on same evaluation support; not a population confidence interval,False,
bdg2,1,2,xgboost,60,kWh per hour,model_phase_seconds,,smart_building_conformal/outputs/matched_forecasting005/bdg2_h1_f2_s42_v2|smart_building_conformal/outputs/matched_forecasting005/bdg2_h1_f2_s43_v1|smart_building_conformal/outputs/matched_forecasting005/bdg2_h1_f2_s44_v1,dddadb59c5972ba0474291c8081e54c3173f4957c52de269cdc336d78fbf546e|58027826a3a98cb7b4370662f19aaa693ba6370fe417a19ca4c32b3141872a0e|e7988effe69158185667915053b64a81aacdfba8f19abf3f913ea7b779a2aa11,51664,17370,34640,42|43|44,3,3,9.69052246666494,0.3359186845881971,9.365782799999579,10.036602599997423,training-seed variability on same evaluation support; not a population confidence interval,False,
bdg2,1,2,xgboost,60,kWh per hour,process_cpu_seconds,,smart_building_conformal/outputs/matched_forecasting005/bdg2_h1_f2_s42_v2|smart_building_conformal/outputs/matched_forecasting005/bdg2_h1_f2_s43_v1|smart_building_conformal/outputs/matched_forecasting005/bdg2_h1_f2_s44_v1,dddadb59c5972ba0474291c8081e54c3173f4957c52de269cdc336d78fbf546e|58027826a3a98cb7b4370662f19aaa693ba6370fe417a19ca4c32b3141872a0e|e7988effe69158185667915053b64a81aacdfba8f19abf3f913ea7b779a2aa11,51664,17370,34640,42|43|44,3,3,9.427083333333334,0.27790253274904375,9.125,9.671875,training-seed variability on same evaluation support; not a population confidence interval,False,
bdg2,1,2,xgboost,60,kWh per hour,inference_rows_per_second,,smart_building_conformal/outputs/matched_forecasting005/bdg2_h1_f2_s42_v2|smart_building_conformal/outputs/matched_forecasting005/bdg2_h1_f2_s43_v1|smart_building_conformal/outputs/matched_forecasting005/bdg2_h1_f2_s44_v1,dddadb59c5972ba0474291c8081e54c3173f4957c52de269cdc336d78fbf546e|58027826a3a98cb7b4370662f19aaa693ba6370fe417a19ca4c32b3141872a0e|e7988effe69158185667915053b64a81aacdfba8f19abf3f913ea7b779a2aa11,51664,17370,34640,42|43|44,3,3,86843.43911162454,3143.759916601137,83377.16009773176,89510.33916689843,training-seed variability on same evaluation support; not a population confidence interval,False,
bdg2,3,2,attention_lstm,180,kWh per hour,mae,,smart_building_conformal/outputs/matched_forecasting005/bdg2_h3_f2_s42_v1|smart_building_conformal/outputs/matched_forecasting005/bdg2_h3_f2_s43_v1|smart_building_conformal/outputs/matched_forecasting005/bdg2_h3_f2_s44_v1,9f6ebede3e1cdfa1160ebb06d88768caf7c37e45b8bec777807b19531e87a260|6225a33e725729d2d0c357a6cdf095480c5fe7a60e3289df38edacdb5f0da356|1c272b5857ac435b4dc16a2df23f54cc875cd939040fe756c81d6838e1cc680f,51634,17360,34640,42|43|44,3,3,33.25196922233459,0.30573689948023886,32.89965335330461,33.44762582413813,training-seed variability on same evaluation support; not a population confidence interval,False,
bdg2,3,2,attention_lstm,180,kWh per hour,rmse,,smart_building_conformal/outputs/matched_forecasting005/bdg2_h3_f2_s42_v1|smart_building_conformal/outputs/matched_forecasting005/bdg2_h3_f2_s43_v1|smart_building_conformal/outputs/matched_forecasting005/bdg2_h3_f2_s44_v1,9f6ebede3e1cdfa1160ebb06d88768caf7c37e45b8bec777807b19531e87a260|6225a33e725729d2d0c357a6cdf095480c5fe7a60e3289df38edacdb5f0da356|1c272b5857ac435b4dc16a2df23f54cc875cd939040fe756c81d6838e1cc680f,51634,17360,34640,42|43|44,3,3,65.34231036487472,0.6636592175660361,64.60586569125029,65.89405515011768,training-seed variability on same evaluation support; not a population confidence interval,False,
bdg2,3,2,attention_lstm,180,kWh per hour,coverage90,0.9,smart_building_conformal/outputs/matched_forecasting005/bdg2_h3_f2_s42_v1|smart_building_conformal/outputs/matched_forecasting005/bdg2_h3_f2_s43_v1|smart_building_conformal/outputs/matched_forecasting005/bdg2_h3_f2_s44_v1,9f6ebede3e1cdfa1160ebb06d88768caf7c37e45b8bec777807b19531e87a260|6225a33e725729d2d0c357a6cdf095480c5fe7a60e3289df38edacdb5f0da356|1c272b5857ac435b4dc16a2df23f54cc875cd939040fe756c81d6838e1cc680f,51634,17360,34640,42|43|44,3,3,0.9054561200923787,0.0011471314368536405,0.9043879907621247,0.9066685912240184,training-seed variability on same evaluation support; not a population confidence interval,False,
bdg2,3,2,attention_lstm,180,kWh per hour,signed_coverage_deviation90,0.9,smart_building_conformal/outputs/matched_forecasting005/bdg2_h3_f2_s42_v1|smart_building_conformal/outputs/matched_forecasting005/bdg2_h3_f2_s43_v1|smart_building_conformal/outputs/matched_forecasting005/bdg2_h3_f2_s44_v1,9f6ebede3e1cdfa1160ebb06d88768caf7c37e45b8bec777807b19531e87a260|6225a33e725729d2d0c357a6cdf095480c5fe7a60e3289df38edacdb5f0da356|1c272b5857ac435b4dc16a2df23f54cc875cd939040fe756c81d6838e1cc680f,51634,17360,34640,42|43|44,3,3,0.0054561200923787245,0.0011471314368536405,0.004387990762124705,0.006668591224018416,training-seed variability on same evaluation support; not a population confidence interval,False,
bdg2,3,2,attention_lstm,180,kWh per hour,absolute_coverage_deviation90,0.9,smart_building_conformal/outputs/matched_forecasting005/bdg2_h3_f2_s42_v1|smart_building_conformal/outputs/matched_forecasting005/bdg2_h3_f2_s43_v1|smart_building_conformal/outputs/matched_forecasting005/bdg2_h3_f2_s44_v1,9f6ebede3e1cdfa1160ebb06d88768caf7c37e45b8bec777807b19531e87a260|6225a33e725729d2d0c357a6cdf095480c5fe7a60e3289df38edacdb5f0da356|1c272b5857ac435b4dc16a2df23f54cc875cd939040fe756c81d6838e1cc680f,51634,17360,34640,42|43|44,3,3,0.0054561200923787245,0.0011471314368536405,0.004387990762124705,0.006668591224018416,training-seed variability on same evaluation support; not a population confidence interval,False,
bdg2,3,2,attention_lstm,180,kWh per hour,mpiw90,0.9,smart_building_conformal/outputs/matched_forecasting005/bdg2_h3_f2_s42_v1|smart_building_conformal/outputs/matched_forecasting005/bdg2_h3_f2_s43_v1|smart_building_conformal/outputs/matched_forecasting005/bdg2_h3_f2_s44_v1,9f6ebede3e1cdfa1160ebb06d88768caf7c37e45b8bec777807b19531e87a260|6225a33e725729d2d0c357a6cdf095480c5fe7a60e3289df38edacdb5f0da356|1c272b5857ac435b4dc16a2df23f54cc875cd939040fe756c81d6838e1cc680f,51634,17360,34640,42|43|44,3,3,166.16106583658848,3.0483053675501175,163.77541503906247,169.59524536132812,training-seed variability on same evaluation support; not a population confidence interval,False,
bdg2,3,2,attention_lstm,180,kWh per hour,winkler90,0.9,smart_building_conformal/outputs/matched_forecasting005/bdg2_h3_f2_s42_v1|smart_building_conformal/outputs/matched_forecasting005/bdg2_h3_f2_s43_v1|smart_building_conformal/outputs/matched_forecasting005/bdg2_h3_f2_s44_v1,9f6ebede3e1cdfa1160ebb06d88768caf7c37e45b8bec777807b19531e87a260|6225a33e725729d2d0c357a6cdf095480c5fe7a60e3289df38edacdb5f0da356|1c272b5857ac435b4dc16a2df23f54cc875cd939040fe756c81d6838e1cc680f,51634,17360,34640,42|43|44,3,3,315.40566449646985,1.1787453294775332,314.6459218817097,316.76356132562995,training-seed variability on same evaluation support; not a population confidence interval,False,
bdg2,3,2,attention_lstm,180,kWh per hour,coverage95,0.95,smart_building_conformal/outputs/matched_forecasting005/bdg2_h3_f2_s42_v1|smart_building_conformal/outputs/matched_forecasting005/bdg2_h3_f2_s43_v1|smart_building_conformal/outputs/matched_forecasting005/bdg2_h3_f2_s44_v1,9f6ebede3e1cdfa1160ebb06d88768caf7c37e45b8bec777807b19531e87a260|6225a33e725729d2d0c357a6cdf095480c5fe7a60e3289df38edacdb5f0da356|1c272b5857ac435b4dc16a2df23f54cc875cd939040fe756c81d6838e1cc680f,51634,17360,34640,42|43|44,3,3,0.9497305619707467,0.00031929676718701525,0.9493937644341801,0.9500288683602771,training-seed variability on same evaluation support; not a population confidence interval,False,
bdg2,3,2,attention_lstm,180,kWh per hour,signed_coverage_deviation95,0.95,smart_building_conformal/outputs/matched_forecasting005/bdg2_h3_f2_s42_v1|smart_building_conformal/outputs/matched_forecasting005/bdg2_h3_f2_s43_v1|smart_building_conformal/outputs/matched_forecasting005/bdg2_h3_f2_s44_v1,9f6ebede3e1cdfa1160ebb06d88768caf7c37e45b8bec777807b19531e87a260|6225a33e725729d2d0c357a6cdf095480c5fe7a60e3289df38edacdb5f0da356|1c272b5857ac435b4dc16a2df23f54cc875cd939040fe756c81d6838e1cc680f,51634,17360,34640,42|43|44,3,3,-0.0002694380292532402,0.00031929676718701525,-0.0006062355658198459,2.8868360277156668e-05,training-seed variability on same evaluation support; not a population confidence interval,False,
bdg2,3,2,attention_lstm,180,kWh per hour,absolute_coverage_deviation95,0.95,smart_building_conformal/outputs/matched_forecasting005/bdg2_h3_f2_s42_v1|smart_building_conformal/outputs/matched_forecasting005/bdg2_h3_f2_s43_v1|smart_building_conformal/outputs/matched_forecasting005/bdg2_h3_f2_s44_v1,9f6ebede3e1cdfa1160ebb06d88768caf7c37e45b8bec777807b19531e87a260|6225a33e725729d2d0c357a6cdf095480c5fe7a60e3289df38edacdb5f0da356|1c272b5857ac435b4dc16a2df23f54cc875cd939040fe756c81d6838e1cc680f,51634,17360,34640,42|43|44,3,3,0.00028868360277134464,0.0002929818581146598,2.8868360277156668e-05,0.0006062355658198459,training-seed variability on same evaluation support; not a population confidence interval,False,
bdg2,3,2,attention_lstm,180,kWh per hour,mpiw95,0.95,smart_building_conformal/outputs/matched_forecasting005/bdg2_h3_f2_s42_v1|smart_building_conformal/outputs/matched_forecasting005/bdg2_h3_f2_s43_v1|smart_building_conformal/outputs/matched_forecasting005/bdg2_h3_f2_s44_v1,9f6ebede3e1cdfa1160ebb06d88768caf7c37e45b8bec777807b19531e87a260|6225a33e725729d2d0c357a6cdf095480c5fe7a60e3289df38edacdb5f0da356|1c272b5857ac435b4dc16a2df23f54cc875cd939040fe756c81d6838e1cc680f,51634,17360,34640,42|43|44,3,3,238.31851025390628,2.8078571035841935,236.0532165527343,241.45998632812507,training-seed variability on same evaluation support; not a population confidence interval,False,
bdg2,3,2,attention_lstm,180,kWh per hour,winkler95,0.95,smart_building_conformal/outputs/matched_forecasting005/bdg2_h3_f2_s42_v1|smart_building_conformal/outputs/matched_forecasting005/bdg2_h3_f2_s43_v1|smart_building_conformal/outputs/matched_forecasting005/bdg2_h3_f2_s44_v1,9f6ebede3e1cdfa1160ebb06d88768caf7c37e45b8bec777807b19531e87a260|6225a33e725729d2d0c357a6cdf095480c5fe7a60e3289df38edacdb5f0da356|1c272b5857ac435b4dc16a2df23f54cc875cd939040fe756c81d6838e1cc680f,51634,17360,34640,42|43|44,3,3,436.4648159424202,4.304163488718968,432.6068431583113,441.1072609826629,training-seed variability on same evaluation support; not a population confidence interval,False,
bdg2,3,2,attention_lstm,180,kWh per hour,tuning_seconds,,smart_building_conformal/outputs/matched_forecasting005/bdg2_h3_f2_s42_v1|smart_building_conformal/outputs/matched_forecasting005/bdg2_h3_f2_s43_v1|smart_building_conformal/outputs/matched_forecasting005/bdg2_h3_f2_s44_v1,9f6ebede3e1cdfa1160ebb06d88768caf7c37e45b8bec777807b19531e87a260|6225a33e725729d2d0c357a6cdf095480c5fe7a60e3289df38edacdb5f0da356|1c272b5857ac435b4dc16a2df23f54cc875cd939040fe756c81d6838e1cc680f,51634,17360,34640,42|43|44,3,3,361.89386823333433,30.71761027935823,326.4265493999992,379.97902780000004,training-seed variability on same evaluation support; not a population confidence interval,False,
bdg2,3,2,attention_lstm,180,kWh per hour,final_fit_seconds,,smart_building_conformal/outputs/matched_forecasting005/bdg2_h3_f2_s42_v1|smart_building_conformal/outputs/matched_forecasting005/bdg2_h3_f2_s43_v1|smart_building_conformal/outputs/matched_forecasting005/bdg2_h3_f2_s44_v1,9f6ebede3e1cdfa1160ebb06d88768caf7c37e45b8bec777807b19531e87a260|6225a33e725729d2d0c357a6cdf095480c5fe7a60e3289df38edacdb5f0da356|1c272b5857ac435b4dc16a2df23f54cc875cd939040fe756c81d6838e1cc680f,51634,17360,34640,42|43|44,3,3,139.35532423332916,29.639262769381308,106.58459459998994,164.28734670000267,training-seed variability on same evaluation support; not a population confidence interval,False,
bdg2,3,2,attention_lstm,180,kWh per hour,calibration_seconds,,smart_building_conformal/outputs/matched_forecasting005/bdg2_h3_f2_s42_v1|smart_building_conformal/outputs/matched_forecasting005/bdg2_h3_f2_s43_v1|smart_building_conformal/outputs/matched_forecasting005/bdg2_h3_f2_s44_v1,9f6ebede3e1cdfa1160ebb06d88768caf7c37e45b8bec777807b19531e87a260|6225a33e725729d2d0c357a6cdf095480c5fe7a60e3289df38edacdb5f0da356|1c272b5857ac435b4dc16a2df23f54cc875cd939040fe756c81d6838e1cc680f,51634,17360,34640,42|43|44,3,3,0.7237805666663917,0.07386111306508081,0.662775300006615,0.8058994000020903,training-seed variability on same evaluation support; not a population confidence interval,False,
bdg2,3,2,attention_lstm,180,kWh per hour,inference_seconds,,smart_building_conformal/outputs/matched_forecasting005/bdg2_h3_f2_s42_v1|smart_building_conformal/outputs/matched_forecasting005/bdg2_h3_f2_s43_v1|smart_building_conformal/outputs/matched_forecasting005/bdg2_h3_f2_s44_v1,9f6ebede3e1cdfa1160ebb06d88768caf7c37e45b8bec777807b19531e87a260|6225a33e725729d2d0c357a6cdf095480c5fe7a60e3289df38edacdb5f0da356|1c272b5857ac435b4dc16a2df23f54cc875cd939040fe756c81d6838e1cc680f,51634,17360,34640,42|43|44,3,3,1.4254521999998058,0.13664090406173152,1.2893418000021484,1.5626174999997602,training-seed variability on same evaluation support; not a population confidence interval,False,
bdg2,3,2,attention_lstm,180,kWh per hour,model_phase_seconds,,smart_building_conformal/outputs/matched_forecasting005/bdg2_h3_f2_s42_v1|smart_building_conformal/outputs/matched_forecasting005/bdg2_h3_f2_s43_v1|smart_building_conformal/outputs/matched_forecasting005/bdg2_h3_f2_s44_v1,9f6ebede3e1cdfa1160ebb06d88768caf7c37e45b8bec777807b19531e87a260|6225a33e725729d2d0c357a6cdf095480c5fe7a60e3289df38edacdb5f0da356|1c272b5857ac435b4dc16a2df23f54cc875cd939040fe756c81d6838e1cc680f,51634,17360,34640,42|43|44,3,3,503.39842523332965,59.81408869715025,434.9632610999979,545.6904384999943,training-seed variability on same evaluation support; not a population confidence interval,False,
bdg2,3,2,attention_lstm,180,kWh per hour,process_cpu_seconds,,smart_building_conformal/outputs/matched_forecasting005/bdg2_h3_f2_s42_v1|smart_building_conformal/outputs/matched_forecasting005/bdg2_h3_f2_s43_v1|smart_building_conformal/outputs/matched_forecasting005/bdg2_h3_f2_s44_v1,9f6ebede3e1cdfa1160ebb06d88768caf7c37e45b8bec777807b19531e87a260|6225a33e725729d2d0c357a6cdf095480c5fe7a60e3289df38edacdb5f0da356|1c272b5857ac435b4dc16a2df23f54cc875cd939040fe756c81d6838e1cc680f,51634,17360,34640,42|43|44,3,3,492.5260416666667,56.700970726965586,427.4375,531.203125,training-seed variability on same evaluation support; not a population confidence interval,False,
bdg2,3,2,attention_lstm,180,kWh per hour,inference_rows_per_second,,smart_building_conformal/outputs/matched_forecasting005/bdg2_h3_f2_s42_v1|smart_building_conformal/outputs/matched_forecasting005/bdg2_h3_f2_s43_v1|smart_building_conformal/outputs/matched_forecasting005/bdg2_h3_f2_s44_v1,9f6ebede3e1cdfa1160ebb06d88768caf7c37e45b8bec777807b19531e87a260|6225a33e725729d2d0c357a6cdf095480c5fe7a60e3289df38edacdb5f0da356|1c272b5857ac435b4dc16a2df23f54cc875cd939040fe756c81d6838e1cc680f,51634,17360,34640,42|43|44,3,3,24451.137294616183,2352.0271954386594,22167.93297144395,26866.421301118353,training-seed variability on same evaluation support; not a population confidence interval,False,
bdg2,3,2,persistence,180,kWh per hour,mae,,smart_building_conformal/outputs/matched_forecasting005/bdg2_h3_f2_s42_v1|smart_building_conformal/outputs/matched_forecasting005/bdg2_h3_f2_s43_v1|smart_building_conformal/outputs/matched_forecasting005/bdg2_h3_f2_s44_v1,9f6ebede3e1cdfa1160ebb06d88768caf7c37e45b8bec777807b19531e87a260|6225a33e725729d2d0c357a6cdf095480c5fe7a60e3289df38edacdb5f0da356|1c272b5857ac435b4dc16a2df23f54cc875cd939040fe756c81d6838e1cc680f,51634,17360,34640,42|43|44,3,3,42.80348447459585,0.0,42.80348447459585,42.80348447459585,training-seed variability on same evaluation support; not a population confidence interval,True,1.0
bdg2,3,2,persistence,180,kWh per hour,rmse,,smart_building_conformal/outputs/matched_forecasting005/bdg2_h3_f2_s42_v1|smart_building_conformal/outputs/matched_forecasting005/bdg2_h3_f2_s43_v1|smart_building_conformal/outputs/matched_forecasting005/bdg2_h3_f2_s44_v1,9f6ebede3e1cdfa1160ebb06d88768caf7c37e45b8bec777807b19531e87a260|6225a33e725729d2d0c357a6cdf095480c5fe7a60e3289df38edacdb5f0da356|1c272b5857ac435b4dc16a2df23f54cc875cd939040fe756c81d6838e1cc680f,51634,17360,34640,42|43|44,3,3,78.69880137930757,0.0,78.69880137930757,78.69880137930757,training-seed variability on same evaluation support; not a population confidence interval,True,1.0
bdg2,3,2,persistence,180,kWh per hour,coverage90,0.9,smart_building_conformal/outputs/matched_forecasting005/bdg2_h3_f2_s42_v1|smart_building_conformal/outputs/matched_forecasting005/bdg2_h3_f2_s43_v1|smart_building_conformal/outputs/matched_forecasting005/bdg2_h3_f2_s44_v1,9f6ebede3e1cdfa1160ebb06d88768caf7c37e45b8bec777807b19531e87a260|6225a33e725729d2d0c357a6cdf095480c5fe7a60e3289df38edacdb5f0da356|1c272b5857ac435b4dc16a2df23f54cc875cd939040fe756c81d6838e1cc680f,51634,17360,34640,42|43|44,3,3,0.8978348729792148,0.0,0.8978348729792148,0.8978348729792148,training-seed variability on same evaluation support; not a population confidence interval,True,1.0
bdg2,3,2,persistence,180,kWh per hour,signed_coverage_deviation90,0.9,smart_building_conformal/outputs/matched_forecasting005/bdg2_h3_f2_s42_v1|smart_building_conformal/outputs/matched_forecasting005/bdg2_h3_f2_s43_v1|smart_building_conformal/outputs/matched_forecasting005/bdg2_h3_f2_s44_v1,9f6ebede3e1cdfa1160ebb06d88768caf7c37e45b8bec777807b19531e87a260|6225a33e725729d2d0c357a6cdf095480c5fe7a60e3289df38edacdb5f0da356|1c272b5857ac435b4dc16a2df23f54cc875cd939040fe756c81d6838e1cc680f,51634,17360,34640,42|43|44,3,3,-0.002165127020785196,0.0,-0.002165127020785196,-0.002165127020785196,training-seed variability on same evaluation support; not a population confidence interval,True,1.0
bdg2,3,2,persistence,180,kWh per hour,absolute_coverage_deviation90,0.9,smart_building_conformal/outputs/matched_forecasting005/bdg2_h3_f2_s42_v1|smart_building_conformal/outputs/matched_forecasting005/bdg2_h3_f2_s43_v1|smart_building_conformal/outputs/matched_forecasting005/bdg2_h3_f2_s44_v1,9f6ebede3e1cdfa1160ebb06d88768caf7c37e45b8bec777807b19531e87a260|6225a33e725729d2d0c357a6cdf095480c5fe7a60e3289df38edacdb5f0da356|1c272b5857ac435b4dc16a2df23f54cc875cd939040fe756c81d6838e1cc680f,51634,17360,34640,42|43|44,3,3,0.002165127020785196,0.0,0.002165127020785196,0.002165127020785196,training-seed variability on same evaluation support; not a population confidence interval,True,1.0
bdg2,3,2,persistence,180,kWh per hour,mpiw90,0.9,smart_building_conformal/outputs/matched_forecasting005/bdg2_h3_f2_s42_v1|smart_building_conformal/outputs/matched_forecasting005/bdg2_h3_f2_s43_v1|smart_building_conformal/outputs/matched_forecasting005/bdg2_h3_f2_s44_v1,9f6ebede3e1cdfa1160ebb06d88768caf7c37e45b8bec777807b19531e87a260|6225a33e725729d2d0c357a6cdf095480c5fe7a60e3289df38edacdb5f0da356|1c272b5857ac435b4dc16a2df23f54cc875cd939040fe756c81d6838e1cc680f,51634,17360,34640,42|43|44,3,3,250.0,0.0,250.0,250.0,training-seed variability on same evaluation support; not a population confidence interval,True,1.0
bdg2,3,2,persistence,180,kWh per hour,winkler90,0.9,smart_building_conformal/outputs/matched_forecasting005/bdg2_h3_f2_s42_v1|smart_building_conformal/outputs/matched_forecasting005/bdg2_h3_f2_s43_v1|smart_building_conformal/outputs/matched_forecasting005/bdg2_h3_f2_s44_v1,9f6ebede3e1cdfa1160ebb06d88768caf7c37e45b8bec777807b19531e87a260|6225a33e725729d2d0c357a6cdf095480c5fe7a60e3289df38edacdb5f0da356|1c272b5857ac435b4dc16a2df23f54cc875cd939040fe756c81d6838e1cc680f,51634,17360,34640,42|43|44,3,3,402.0599384526559,0.0,402.0599384526559,402.0599384526559,training-seed variability on same evaluation support; not a population confidence interval,True,1.0
bdg2,3,2,persistence,180,kWh per hour,coverage95,0.95,smart_building_conformal/outputs/matched_forecasting005/bdg2_h3_f2_s42_v1|smart_building_conformal/outputs/matched_forecasting005/bdg2_h3_f2_s43_v1|smart_building_conformal/outputs/matched_forecasting005/bdg2_h3_f2_s44_v1,9f6ebede3e1cdfa1160ebb06d88768caf7c37e45b8bec777807b19531e87a260|6225a33e725729d2d0c357a6cdf095480c5fe7a60e3289df38edacdb5f0da356|1c272b5857ac435b4dc16a2df23f54cc875cd939040fe756c81d6838e1cc680f,51634,17360,34640,42|43|44,3,3,0.945987297921478,1.3597399555105182e-16,0.9459872979214781,0.9459872979214781,training-seed variability on same evaluation support; not a population confidence interval,True,1.0
bdg2,3,2,persistence,180,kWh per hour,signed_coverage_deviation95,0.95,smart_building_conformal/outputs/matched_forecasting005/bdg2_h3_f2_s42_v1|smart_building_conformal/outputs/matched_forecasting005/bdg2_h3_f2_s43_v1|smart_building_conformal/outputs/matched_forecasting005/bdg2_h3_f2_s44_v1,9f6ebede3e1cdfa1160ebb06d88768caf7c37e45b8bec777807b19531e87a260|6225a33e725729d2d0c357a6cdf095480c5fe7a60e3289df38edacdb5f0da356|1c272b5857ac435b4dc16a2df23f54cc875cd939040fe756c81d6838e1cc680f,51634,17360,34640,42|43|44,3,3,-0.00401270207852189,0.0,-0.00401270207852189,-0.00401270207852189,training-seed variability on same evaluation support; not a population confidence interval,True,1.0
bdg2,3,2,persistence,180,kWh per hour,absolute_coverage_deviation95,0.95,smart_building_conformal/outputs/matched_forecasting005/bdg2_h3_f2_s42_v1|smart_building_conformal/outputs/matched_forecasting005/bdg2_h3_f2_s43_v1|smart_building_conformal/outputs/matched_forecasting005/bdg2_h3_f2_s44_v1,9f6ebede3e1cdfa1160ebb06d88768caf7c37e45b8bec777807b19531e87a260|6225a33e725729d2d0c357a6cdf095480c5fe7a60e3289df38edacdb5f0da356|1c272b5857ac435b4dc16a2df23f54cc875cd939040fe756c81d6838e1cc680f,51634,17360,34640,42|43|44,3,3,0.00401270207852189,0.0,0.00401270207852189,0.00401270207852189,training-seed variability on same evaluation support; not a population confidence interval,True,1.0
bdg2,3,2,persistence,180,kWh per hour,mpiw95,0.95,smart_building_conformal/outputs/matched_forecasting005/bdg2_h3_f2_s42_v1|smart_building_conformal/outputs/matched_forecasting005/bdg2_h3_f2_s43_v1|smart_building_conformal/outputs/matched_forecasting005/bdg2_h3_f2_s44_v1,9f6ebede3e1cdfa1160ebb06d88768caf7c37e45b8bec777807b19531e87a260|6225a33e725729d2d0c357a6cdf095480c5fe7a60e3289df38edacdb5f0da356|1c272b5857ac435b4dc16a2df23f54cc875cd939040fe756c81d6838e1cc680f,51634,17360,34640,42|43|44,3,3,344.2,6.961868572213853e-14,344.19999999999993,344.19999999999993,training-seed variability on same evaluation support; not a population confidence interval,True,1.0
bdg2,3,2,persistence,180,kWh per hour,winkler95,0.95,smart_building_conformal/outputs/matched_forecasting005/bdg2_h3_f2_s42_v1|smart_building_conformal/outputs/matched_forecasting005/bdg2_h3_f2_s43_v1|smart_building_conformal/outputs/matched_forecasting005/bdg2_h3_f2_s44_v1,9f6ebede3e1cdfa1160ebb06d88768caf7c37e45b8bec777807b19531e87a260|6225a33e725729d2d0c357a6cdf095480c5fe7a60e3289df38edacdb5f0da356|1c272b5857ac435b4dc16a2df23f54cc875cd939040fe756c81d6838e1cc680f,51634,17360,34640,42|43|44,3,3,504.7519927251731,0.0,504.7519927251731,504.7519927251731,training-seed variability on same evaluation support; not a population confidence interval,True,1.0
bdg2,3,2,persistence,180,kWh per hour,tuning_seconds,,smart_building_conformal/outputs/matched_forecasting005/bdg2_h3_f2_s42_v1|smart_building_conformal/outputs/matched_forecasting005/bdg2_h3_f2_s43_v1|smart_building_conformal/outputs/matched_forecasting005/bdg2_h3_f2_s44_v1,9f6ebede3e1cdfa1160ebb06d88768caf7c37e45b8bec777807b19531e87a260|6225a33e725729d2d0c357a6cdf095480c5fe7a60e3289df38edacdb5f0da356|1c272b5857ac435b4dc16a2df23f54cc875cd939040fe756c81d6838e1cc680f,51634,17360,34640,42|43|44,3,3,0.0,0.0,0.0,0.0,training-seed variability on same evaluation support; not a population confidence interval,True,1.0
bdg2,3,2,persistence,180,kWh per hour,final_fit_seconds,,smart_building_conformal/outputs/matched_forecasting005/bdg2_h3_f2_s42_v1|smart_building_conformal/outputs/matched_forecasting005/bdg2_h3_f2_s43_v1|smart_building_conformal/outputs/matched_forecasting005/bdg2_h3_f2_s44_v1,9f6ebede3e1cdfa1160ebb06d88768caf7c37e45b8bec777807b19531e87a260|6225a33e725729d2d0c357a6cdf095480c5fe7a60e3289df38edacdb5f0da356|1c272b5857ac435b4dc16a2df23f54cc875cd939040fe756c81d6838e1cc680f,51634,17360,34640,42|43|44,3,3,0.00047896666850040975,8.175526280701746e-05,0.00038860000495333225,0.0005478000020957552,training-seed variability on same evaluation support; not a population confidence interval,True,1.0
bdg2,3,2,persistence,180,kWh per hour,calibration_seconds,,smart_building_conformal/outputs/matched_forecasting005/bdg2_h3_f2_s42_v1|smart_building_conformal/outputs/matched_forecasting005/bdg2_h3_f2_s43_v1|smart_building_conformal/outputs/matched_forecasting005/bdg2_h3_f2_s44_v1,9f6ebede3e1cdfa1160ebb06d88768caf7c37e45b8bec777807b19531e87a260|6225a33e725729d2d0c357a6cdf095480c5fe7a60e3289df38edacdb5f0da356|1c272b5857ac435b4dc16a2df23f54cc875cd939040fe756c81d6838e1cc680f,51634,17360,34640,42|43|44,3,3,0.007768233333384463,0.0014850694394250028,0.006797399997594766,0.009477799998421688,training-seed variability on same evaluation support; not a population confidence interval,True,1.0
bdg2,3,2,persistence,180,kWh per hour,inference_seconds,,smart_building_conformal/outputs/matched_forecasting005/bdg2_h3_f2_s42_v1|smart_building_conformal/outputs/matched_forecasting005/bdg2_h3_f2_s43_v1|smart_building_conformal/outputs/matched_forecasting005/bdg2_h3_f2_s44_v1,9f6ebede3e1cdfa1160ebb06d88768caf7c37e45b8bec777807b19531e87a260|6225a33e725729d2d0c357a6cdf095480c5fe7a60e3289df38edacdb5f0da356|1c272b5857ac435b4dc16a2df23f54cc875cd939040fe756c81d6838e1cc680f,51634,17360,34640,42|43|44,3,3,0.014845866663866522,0.003956645779988184,0.01217000000178814,0.019390800000110175,training-seed variability on same evaluation support; not a population confidence interval,True,1.0
bdg2,3,2,persistence,180,kWh per hour,model_phase_seconds,,smart_building_conformal/outputs/matched_forecasting005/bdg2_h3_f2_s42_v1|smart_building_conformal/outputs/matched_forecasting005/bdg2_h3_f2_s43_v1|smart_building_conformal/outputs/matched_forecasting005/bdg2_h3_f2_s44_v1,9f6ebede3e1cdfa1160ebb06d88768caf7c37e45b8bec777807b19531e87a260|6225a33e725729d2d0c357a6cdf095480c5fe7a60e3289df38edacdb5f0da356|1c272b5857ac435b4dc16a2df23f54cc875cd939040fe756c81d6838e1cc680f,51634,17360,34640,42|43|44,3,3,0.023093066665751394,0.005506313966805419,0.019356000004336238,0.02941640000062762,training-seed variability on same evaluation support; not a population confidence interval,True,1.0
bdg2,3,2,persistence,180,kWh per hour,process_cpu_seconds,,smart_building_conformal/outputs/matched_forecasting005/bdg2_h3_f2_s42_v1|smart_building_conformal/outputs/matched_forecasting005/bdg2_h3_f2_s43_v1|smart_building_conformal/outputs/matched_forecasting005/bdg2_h3_f2_s44_v1,9f6ebede3e1cdfa1160ebb06d88768caf7c37e45b8bec777807b19531e87a260|6225a33e725729d2d0c357a6cdf095480c5fe7a60e3289df38edacdb5f0da356|1c272b5857ac435b4dc16a2df23f54cc875cd939040fe756c81d6838e1cc680f,51634,17360,34640,42|43|44,3,3,0.026041666666666668,0.009021097956087902,0.015625,0.03125,training-seed variability on same evaluation support; not a population confidence interval,True,1.0
bdg2,3,2,persistence,180,kWh per hour,inference_rows_per_second,,smart_building_conformal/outputs/matched_forecasting005/bdg2_h3_f2_s42_v1|smart_building_conformal/outputs/matched_forecasting005/bdg2_h3_f2_s43_v1|smart_building_conformal/outputs/matched_forecasting005/bdg2_h3_f2_s44_v1,9f6ebede3e1cdfa1160ebb06d88768caf7c37e45b8bec777807b19531e87a260|6225a33e725729d2d0c357a6cdf095480c5fe7a60e3289df38edacdb5f0da356|1c272b5857ac435b4dc16a2df23f54cc875cd939040fe756c81d6838e1cc680f,51634,17360,34640,42|43|44,3,3,2434045.614943567,567801.8567512351,1786414.1757845567,2846343.4671249255,training-seed variability on same evaluation support; not a population confidence interval,True,1.0
bdg2,3,2,xgboost,180,kWh per hour,mae,,smart_building_conformal/outputs/matched_forecasting005/bdg2_h3_f2_s42_v1|smart_building_conformal/outputs/matched_forecasting005/bdg2_h3_f2_s43_v1|smart_building_conformal/outputs/matched_forecasting005/bdg2_h3_f2_s44_v1,9f6ebede3e1cdfa1160ebb06d88768caf7c37e45b8bec777807b19531e87a260|6225a33e725729d2d0c357a6cdf095480c5fe7a60e3289df38edacdb5f0da356|1c272b5857ac435b4dc16a2df23f54cc875cd939040fe756c81d6838e1cc680f,51634,17360,34640,42|43|44,3,3,28.05874053230625,0.9437937743286531,26.969410939511018,28.631108526298345,training-seed variability on same evaluation support; not a population confidence interval,False,
bdg2,3,2,xgboost,180,kWh per hour,rmse,,smart_building_conformal/outputs/matched_forecasting005/bdg2_h3_f2_s42_v1|smart_building_conformal/outputs/matched_forecasting005/bdg2_h3_f2_s43_v1|smart_building_conformal/outputs/matched_forecasting005/bdg2_h3_f2_s44_v1,9f6ebede3e1cdfa1160ebb06d88768caf7c37e45b8bec777807b19531e87a260|6225a33e725729d2d0c357a6cdf095480c5fe7a60e3289df38edacdb5f0da356|1c272b5857ac435b4dc16a2df23f54cc875cd939040fe756c81d6838e1cc680f,51634,17360,34640,42|43|44,3,3,53.530278618181036,1.2359292024576258,52.10842213185799,54.347339291416304,training-seed variability on same evaluation support; not a population confidence interval,False,
bdg2,3,2,xgboost,180,kWh per hour,coverage90,0.9,smart_building_conformal/outputs/matched_forecasting005/bdg2_h3_f2_s42_v1|smart_building_conformal/outputs/matched_forecasting005/bdg2_h3_f2_s43_v1|smart_building_conformal/outputs/matched_forecasting005/bdg2_h3_f2_s44_v1,9f6ebede3e1cdfa1160ebb06d88768caf7c37e45b8bec777807b19531e87a260|6225a33e725729d2d0c357a6cdf095480c5fe7a60e3289df38edacdb5f0da356|1c272b5857ac435b4dc16a2df23f54cc875cd939040fe756c81d6838e1cc680f,51634,17360,34640,42|43|44,3,3,0.9061682063125481,0.00016415244523894525,0.9060334872979214,0.9063510392609699,training-seed variability on same evaluation support; not a population confidence interval,False,
bdg2,3,2,xgboost,180,kWh per hour,signed_coverage_deviation90,0.9,smart_building_conformal/outputs/matched_forecasting005/bdg2_h3_f2_s42_v1|smart_building_conformal/outputs/matched_forecasting005/bdg2_h3_f2_s43_v1|smart_building_conformal/outputs/matched_forecasting005/bdg2_h3_f2_s44_v1,9f6ebede3e1cdfa1160ebb06d88768caf7c37e45b8bec777807b19531e87a260|6225a33e725729d2d0c357a6cdf095480c5fe7a60e3289df38edacdb5f0da356|1c272b5857ac435b4dc16a2df23f54cc875cd939040fe756c81d6838e1cc680f,51634,17360,34640,42|43|44,3,3,0.006168206312548071,0.00016415244523894525,0.006033487297921414,0.006351039260969915,training-seed variability on same evaluation support; not a population confidence interval,False,
bdg2,3,2,xgboost,180,kWh per hour,absolute_coverage_deviation90,0.9,smart_building_conformal/outputs/matched_forecasting005/bdg2_h3_f2_s42_v1|smart_building_conformal/outputs/matched_forecasting005/bdg2_h3_f2_s43_v1|smart_building_conformal/outputs/matched_forecasting005/bdg2_h3_f2_s44_v1,9f6ebede3e1cdfa1160ebb06d88768caf7c37e45b8bec777807b19531e87a260|6225a33e725729d2d0c357a6cdf095480c5fe7a60e3289df38edacdb5f0da356|1c272b5857ac435b4dc16a2df23f54cc875cd939040fe756c81d6838e1cc680f,51634,17360,34640,42|43|44,3,3,0.006168206312548071,0.00016415244523894525,0.006033487297921414,0.006351039260969915,training-seed variability on same evaluation support; not a population confidence interval,False,
bdg2,3,2,xgboost,180,kWh per hour,mpiw90,0.9,smart_building_conformal/outputs/matched_forecasting005/bdg2_h3_f2_s42_v1|smart_building_conformal/outputs/matched_forecasting005/bdg2_h3_f2_s43_v1|smart_building_conformal/outputs/matched_forecasting005/bdg2_h3_f2_s44_v1,9f6ebede3e1cdfa1160ebb06d88768caf7c37e45b8bec777807b19531e87a260|6225a33e725729d2d0c357a6cdf095480c5fe7a60e3289df38edacdb5f0da356|1c272b5857ac435b4dc16a2df23f54cc875cd939040fe756c81d6838e1cc680f,51634,17360,34640,42|43|44,3,3,144.37189111328127,4.61490991378856,139.05042675781255,147.27532958984375,training-seed variability on same evaluation support; not a population confidence interval,False,
bdg2,3,2,xgboost,180,kWh per hour,winkler90,0.9,smart_building_conformal/outputs/matched_forecasting005/bdg2_h3_f2_s42_v1|smart_building_conformal/outputs/matched_forecasting005/bdg2_h3_f2_s43_v1|smart_building_conformal/outputs/matched_forecasting005/bdg2_h3_f2_s44_v1,9f6ebede3e1cdfa1160ebb06d88768caf7c37e45b8bec777807b19531e87a260|6225a33e725729d2d0c357a6cdf095480c5fe7a60e3289df38edacdb5f0da356|1c272b5857ac435b4dc16a2df23f54cc875cd939040fe756c81d6838e1cc680f,51634,17360,34640,42|43|44,3,3,262.4976510897877,5.611953288959378,256.0602868949838,266.3599762443684,training-seed variability on same evaluation support; not a population confidence interval,False,
bdg2,3,2,xgboost,180,kWh per hour,coverage95,0.95,smart_building_conformal/outputs/matched_forecasting005/bdg2_h3_f2_s42_v1|smart_building_conformal/outputs/matched_forecasting005/bdg2_h3_f2_s43_v1|smart_building_conformal/outputs/matched_forecasting005/bdg2_h3_f2_s44_v1,9f6ebede3e1cdfa1160ebb06d88768caf7c37e45b8bec777807b19531e87a260|6225a33e725729d2d0c357a6cdf095480c5fe7a60e3289df38edacdb5f0da356|1c272b5857ac435b4dc16a2df23f54cc875cd939040fe756c81d6838e1cc680f,51634,17360,34640,42|43|44,3,3,0.9490762124711317,0.000916542024618237,0.9483833718244804,0.9501154734411086,training-seed variability on same evaluation support; not a population confidence interval,False,
bdg2,3,2,xgboost,180,kWh per hour,signed_coverage_deviation95,0.95,smart_building_conformal/outputs/matched_forecasting005/bdg2_h3_f2_s42_v1|smart_building_conformal/outputs/matched_forecasting005/bdg2_h3_f2_s43_v1|smart_building_conformal/outputs/matched_forecasting005/bdg2_h3_f2_s44_v1,9f6ebede3e1cdfa1160ebb06d88768caf7c37e45b8bec777807b19531e87a260|6225a33e725729d2d0c357a6cdf095480c5fe7a60e3289df38edacdb5f0da356|1c272b5857ac435b4dc16a2df23f54cc875cd939040fe756c81d6838e1cc680f,51634,17360,34640,42|43|44,3,3,-0.0009237875288683103,0.000916542024618237,-0.0016166281755195522,0.00011547344110862667,training-seed variability on same evaluation support; not a population confidence interval,False,
bdg2,3,2,xgboost,180,kWh per hour,absolute_coverage_deviation95,0.95,smart_building_conformal/outputs/matched_forecasting005/bdg2_h3_f2_s42_v1|smart_building_conformal/outputs/matched_forecasting005/bdg2_h3_f2_s43_v1|smart_building_conformal/outputs/matched_forecasting005/bdg2_h3_f2_s44_v1,9f6ebede3e1cdfa1160ebb06d88768caf7c37e45b8bec777807b19531e87a260|6225a33e725729d2d0c357a6cdf095480c5fe7a60e3289df38edacdb5f0da356|1c272b5857ac435b4dc16a2df23f54cc875cd939040fe756c81d6838e1cc680f,51634,17360,34640,42|43|44,3,3,0.001000769822940728,0.000786011464844503,0.00011547344110862667,0.0016166281755195522,training-seed variability on same evaluation support; not a population confidence interval,False,
bdg2,3,2,xgboost,180,kWh per hour,mpiw95,0.95,smart_building_conformal/outputs/matched_forecasting005/bdg2_h3_f2_s42_v1|smart_building_conformal/outputs/matched_forecasting005/bdg2_h3_f2_s43_v1|smart_building_conformal/outputs/matched_forecasting005/bdg2_h3_f2_s44_v1,9f6ebede3e1cdfa1160ebb06d88768caf7c37e45b8bec777807b19531e87a260|6225a33e725729d2d0c357a6cdf095480c5fe7a60e3289df38edacdb5f0da356|1c272b5857ac435b4dc16a2df23f54cc875cd939040fe756c81d6838e1cc680f,51634,17360,34640,42|43|44,3,3,205.8980957031249,3.8378967315925343,201.50898242187492,208.6229492187499,training-seed variability on same evaluation support; not a population confidence interval,False,
bdg2,3,2,xgboost,180,kWh per hour,winkler95,0.95,smart_building_conformal/outputs/matched_forecasting005/bdg2_h3_f2_s42_v1|smart_building_conformal/outputs/matched_forecasting005/bdg2_h3_f2_s43_v1|smart_building_conformal/outputs/matched_forecasting005/bdg2_h3_f2_s44_v1,9f6ebede3e1cdfa1160ebb06d88768caf7c37e45b8bec777807b19531e87a260|6225a33e725729d2d0c357a6cdf095480c5fe7a60e3289df38edacdb5f0da356|1c272b5857ac435b4dc16a2df23f54cc875cd939040fe756c81d6838e1cc680f,51634,17360,34640,42|43|44,3,3,356.77811219134475,6.396720026141314,349.48453975487536,361.43528344921424,training-seed variability on same evaluation support; not a population confidence interval,False,
bdg2,3,2,xgboost,180,kWh per hour,tuning_seconds,,smart_building_conformal/outputs/matched_forecasting005/bdg2_h3_f2_s42_v1|smart_building_conformal/outputs/matched_forecasting005/bdg2_h3_f2_s43_v1|smart_building_conformal/outputs/matched_forecasting005/bdg2_h3_f2_s44_v1,9f6ebede3e1cdfa1160ebb06d88768caf7c37e45b8bec777807b19531e87a260|6225a33e725729d2d0c357a6cdf095480c5fe7a60e3289df38edacdb5f0da356|1c272b5857ac435b4dc16a2df23f54cc875cd939040fe756c81d6838e1cc680f,51634,17360,34640,42|43|44,3,3,6.462216566666029,0.21093628563330852,6.326060299994424,6.705195300004561,training-seed variability on same evaluation support; not a population confidence interval,False,
bdg2,3,2,xgboost,180,kWh per hour,final_fit_seconds,,smart_building_conformal/outputs/matched_forecasting005/bdg2_h3_f2_s42_v1|smart_building_conformal/outputs/matched_forecasting005/bdg2_h3_f2_s43_v1|smart_building_conformal/outputs/matched_forecasting005/bdg2_h3_f2_s44_v1,9f6ebede3e1cdfa1160ebb06d88768caf7c37e45b8bec777807b19531e87a260|6225a33e725729d2d0c357a6cdf095480c5fe7a60e3289df38edacdb5f0da356|1c272b5857ac435b4dc16a2df23f54cc875cd939040fe756c81d6838e1cc680f,51634,17360,34640,42|43|44,3,3,2.244414033339126,0.3362981947357818,2.035436500009382,2.632350800005952,training-seed variability on same evaluation support; not a population confidence interval,False,
bdg2,3,2,xgboost,180,kWh per hour,calibration_seconds,,smart_building_conformal/outputs/matched_forecasting005/bdg2_h3_f2_s42_v1|smart_building_conformal/outputs/matched_forecasting005/bdg2_h3_f2_s43_v1|smart_building_conformal/outputs/matched_forecasting005/bdg2_h3_f2_s44_v1,9f6ebede3e1cdfa1160ebb06d88768caf7c37e45b8bec777807b19531e87a260|6225a33e725729d2d0c357a6cdf095480c5fe7a60e3289df38edacdb5f0da356|1c272b5857ac435b4dc16a2df23f54cc875cd939040fe756c81d6838e1cc680f,51634,17360,34640,42|43|44,3,3,0.176773633332535,0.01637217092969057,0.16146439999283757,0.19403389999934006,training-seed variability on same evaluation support; not a population confidence interval,False,
bdg2,3,2,xgboost,180,kWh per hour,inference_seconds,,smart_building_conformal/outputs/matched_forecasting005/bdg2_h3_f2_s42_v1|smart_building_conformal/outputs/matched_forecasting005/bdg2_h3_f2_s43_v1|smart_building_conformal/outputs/matched_forecasting005/bdg2_h3_f2_s44_v1,9f6ebede3e1cdfa1160ebb06d88768caf7c37e45b8bec777807b19531e87a260|6225a33e725729d2d0c357a6cdf095480c5fe7a60e3289df38edacdb5f0da356|1c272b5857ac435b4dc16a2df23f54cc875cd939040fe756c81d6838e1cc680f,51634,17360,34640,42|43|44,3,3,0.33180383333334856,0.04352635740621998,0.29817609999736305,0.380966199998511,training-seed variability on same evaluation support; not a population confidence interval,False,
bdg2,3,2,xgboost,180,kWh per hour,model_phase_seconds,,smart_building_conformal/outputs/matched_forecasting005/bdg2_h3_f2_s42_v1|smart_building_conformal/outputs/matched_forecasting005/bdg2_h3_f2_s43_v1|smart_building_conformal/outputs/matched_forecasting005/bdg2_h3_f2_s44_v1,9f6ebede3e1cdfa1160ebb06d88768caf7c37e45b8bec777807b19531e87a260|6225a33e725729d2d0c357a6cdf095480c5fe7a60e3289df38edacdb5f0da356|1c272b5857ac435b4dc16a2df23f54cc875cd939040fe756c81d6838e1cc680f,51634,17360,34640,42|43|44,3,3,9.215208066671039,0.6039186175544109,8.863829300011275,9.912546200008364,training-seed variability on same evaluation support; not a population confidence interval,False,
bdg2,3,2,xgboost,180,kWh per hour,process_cpu_seconds,,smart_building_conformal/outputs/matched_forecasting005/bdg2_h3_f2_s42_v1|smart_building_conformal/outputs/matched_forecasting005/bdg2_h3_f2_s43_v1|smart_building_conformal/outputs/matched_forecasting005/bdg2_h3_f2_s44_v1,9f6ebede3e1cdfa1160ebb06d88768caf7c37e45b8bec777807b19531e87a260|6225a33e725729d2d0c357a6cdf095480c5fe7a60e3289df38edacdb5f0da356|1c272b5857ac435b4dc16a2df23f54cc875cd939040fe756c81d6838e1cc680f,51634,17360,34640,42|43|44,3,3,8.90625,0.6273393718713979,8.46875,9.625,training-seed variability on same evaluation support; not a population confidence interval,False,
bdg2,3,2,xgboost,180,kWh per hour,inference_rows_per_second,,smart_building_conformal/outputs/matched_forecasting005/bdg2_h3_f2_s42_v1|smart_building_conformal/outputs/matched_forecasting005/bdg2_h3_f2_s43_v1|smart_building_conformal/outputs/matched_forecasting005/bdg2_h3_f2_s44_v1,9f6ebede3e1cdfa1160ebb06d88768caf7c37e45b8bec777807b19531e87a260|6225a33e725729d2d0c357a6cdf095480c5fe7a60e3289df38edacdb5f0da356|1c272b5857ac435b4dc16a2df23f54cc875cd939040fe756c81d6838e1cc680f,51634,17360,34640,42|43|44,3,3,105542.2028223202,13086.329734268338,90926.70163425362,116172.95953735508,training-seed variability on same evaluation support; not a population confidence interval,False,
bdg2,6,2,attention_lstm,360,kWh per hour,mae,,smart_building_conformal/outputs/matched_forecasting005/bdg2_h6_f2_s42_v1|smart_building_conformal/outputs/matched_forecasting005/bdg2_h6_f2_s43_v1|smart_building_conformal/outputs/matched_forecasting005/bdg2_h6_f2_s44_v1,dcffb11d9ae7c3210ce7211cd66ccbe05e3e96c486c605648bf7838a00e07f2c|077b77572186c5f9d9893e3c98265d76a061cc7ec7c7da76d384cccbee2ffa0f|6dfe0e0bfd3dc2f5fff2b69f9b2dbbe2d7192a01735568515ad77c163d63c11a,51584,17350,34640,42|43|44,3,3,40.817435610895195,1.3199070530904988,39.96476742178126,42.33778631787307,training-seed variability on same evaluation support; not a population confidence interval,False,
bdg2,6,2,attention_lstm,360,kWh per hour,rmse,,smart_building_conformal/outputs/matched_forecasting005/bdg2_h6_f2_s42_v1|smart_building_conformal/outputs/matched_forecasting005/bdg2_h6_f2_s43_v1|smart_building_conformal/outputs/matched_forecasting005/bdg2_h6_f2_s44_v1,dcffb11d9ae7c3210ce7211cd66ccbe05e3e96c486c605648bf7838a00e07f2c|077b77572186c5f9d9893e3c98265d76a061cc7ec7c7da76d384cccbee2ffa0f|6dfe0e0bfd3dc2f5fff2b69f9b2dbbe2d7192a01735568515ad77c163d63c11a,51584,17350,34640,42|43|44,3,3,77.40483579169769,0.5199863627609995,76.80445089540677,77.7112971860644,training-seed variability on same evaluation support; not a population confidence interval,False,
bdg2,6,2,attention_lstm,360,kWh per hour,coverage90,0.9,smart_building_conformal/outputs/matched_forecasting005/bdg2_h6_f2_s42_v1|smart_building_conformal/outputs/matched_forecasting005/bdg2_h6_f2_s43_v1|smart_building_conformal/outputs/matched_forecasting005/bdg2_h6_f2_s44_v1,dcffb11d9ae7c3210ce7211cd66ccbe05e3e96c486c605648bf7838a00e07f2c|077b77572186c5f9d9893e3c98265d76a061cc7ec7c7da76d384cccbee2ffa0f|6dfe0e0bfd3dc2f5fff2b69f9b2dbbe2d7192a01735568515ad77c163d63c11a,51584,17350,34640,42|43|44,3,3,0.9045323325635105,0.004189494365986386,0.9000288683602772,0.9083140877598153,training-seed variability on same evaluation support; not a population confidence interval,False,
bdg2,6,2,attention_lstm,360,kWh per hour,signed_coverage_deviation90,0.9,smart_building_conformal/outputs/matched_forecasting005/bdg2_h6_f2_s42_v1|smart_building_conformal/outputs/matched_forecasting005/bdg2_h6_f2_s43_v1|smart_building_conformal/outputs/matched_forecasting005/bdg2_h6_f2_s44_v1,dcffb11d9ae7c3210ce7211cd66ccbe05e3e96c486c605648bf7838a00e07f2c|077b77572186c5f9d9893e3c98265d76a061cc7ec7c7da76d384cccbee2ffa0f|6dfe0e0bfd3dc2f5fff2b69f9b2dbbe2d7192a01735568515ad77c163d63c11a,51584,17350,34640,42|43|44,3,3,0.004532332563510377,0.004189494365986386,2.8868360277156668e-05,0.008314087759815236,training-seed variability on same evaluation support; not a population confidence interval,False,
bdg2,6,2,attention_lstm,360,kWh per hour,absolute_coverage_deviation90,0.9,smart_building_conformal/outputs/matched_forecasting005/bdg2_h6_f2_s42_v1|smart_building_conformal/outputs/matched_forecasting005/bdg2_h6_f2_s43_v1|smart_building_conformal/outputs/matched_forecasting005/bdg2_h6_f2_s44_v1,dcffb11d9ae7c3210ce7211cd66ccbe05e3e96c486c605648bf7838a00e07f2c|077b77572186c5f9d9893e3c98265d76a061cc7ec7c7da76d384cccbee2ffa0f|6dfe0e0bfd3dc2f5fff2b69f9b2dbbe2d7192a01735568515ad77c163d63c11a,51584,17350,34640,42|43|44,3,3,0.004532332563510377,0.004189494365986386,2.8868360277156668e-05,0.008314087759815236,training-seed variability on same evaluation support; not a population confidence interval,False,
bdg2,6,2,attention_lstm,360,kWh per hour,mpiw90,0.9,smart_building_conformal/outputs/matched_forecasting005/bdg2_h6_f2_s42_v1|smart_building_conformal/outputs/matched_forecasting005/bdg2_h6_f2_s43_v1|smart_building_conformal/outputs/matched_forecasting005/bdg2_h6_f2_s44_v1,dcffb11d9ae7c3210ce7211cd66ccbe05e3e96c486c605648bf7838a00e07f2c|077b77572186c5f9d9893e3c98265d76a061cc7ec7c7da76d384cccbee2ffa0f|6dfe0e0bfd3dc2f5fff2b69f9b2dbbe2d7192a01735568515ad77c163d63c11a,51584,17350,34640,42|43|44,3,3,200.5363566080729,2.703744954758931,197.42545068359368,202.3197021484375,training-seed variability on same evaluation support; not a population confidence interval,False,
bdg2,6,2,attention_lstm,360,kWh per hour,winkler90,0.9,smart_building_conformal/outputs/matched_forecasting005/bdg2_h6_f2_s42_v1|smart_building_conformal/outputs/matched_forecasting005/bdg2_h6_f2_s43_v1|smart_building_conformal/outputs/matched_forecasting005/bdg2_h6_f2_s44_v1,dcffb11d9ae7c3210ce7211cd66ccbe05e3e96c486c605648bf7838a00e07f2c|077b77572186c5f9d9893e3c98265d76a061cc7ec7c7da76d384cccbee2ffa0f|6dfe0e0bfd3dc2f5fff2b69f9b2dbbe2d7192a01735568515ad77c163d63c11a,51584,17350,34640,42|43|44,3,3,371.0709233175676,3.697626567025315,366.89751064282575,373.93827824034656,training-seed variability on same evaluation support; not a population confidence interval,False,
bdg2,6,2,attention_lstm,360,kWh per hour,coverage95,0.95,smart_building_conformal/outputs/matched_forecasting005/bdg2_h6_f2_s42_v1|smart_building_conformal/outputs/matched_forecasting005/bdg2_h6_f2_s43_v1|smart_building_conformal/outputs/matched_forecasting005/bdg2_h6_f2_s44_v1,dcffb11d9ae7c3210ce7211cd66ccbe05e3e96c486c605648bf7838a00e07f2c|077b77572186c5f9d9893e3c98265d76a061cc7ec7c7da76d384cccbee2ffa0f|6dfe0e0bfd3dc2f5fff2b69f9b2dbbe2d7192a01735568515ad77c163d63c11a,51584,17350,34640,42|43|44,3,3,0.9513568129330254,0.002610312830359624,0.9491628175519631,0.954243648960739,training-seed variability on same evaluation support; not a population confidence interval,False,
bdg2,6,2,attention_lstm,360,kWh per hour,signed_coverage_deviation95,0.95,smart_building_conformal/outputs/matched_forecasting005/bdg2_h6_f2_s42_v1|smart_building_conformal/outputs/matched_forecasting005/bdg2_h6_f2_s43_v1|smart_building_conformal/outputs/matched_forecasting005/bdg2_h6_f2_s44_v1,dcffb11d9ae7c3210ce7211cd66ccbe05e3e96c486c605648bf7838a00e07f2c|077b77572186c5f9d9893e3c98265d76a061cc7ec7c7da76d384cccbee2ffa0f|6dfe0e0bfd3dc2f5fff2b69f9b2dbbe2d7192a01735568515ad77c163d63c11a,51584,17350,34640,42|43|44,3,3,0.0013568129330254382,0.002610312830359624,-0.0008371824480368772,0.004243648960739033,training-seed variability on same evaluation support; not a population confidence interval,False,
bdg2,6,2,attention_lstm,360,kWh per hour,absolute_coverage_deviation95,0.95,smart_building_conformal/outputs/matched_forecasting005/bdg2_h6_f2_s42_v1|smart_building_conformal/outputs/matched_forecasting005/bdg2_h6_f2_s43_v1|smart_building_conformal/outputs/matched_forecasting005/bdg2_h6_f2_s44_v1,dcffb11d9ae7c3210ce7211cd66ccbe05e3e96c486c605648bf7838a00e07f2c|077b77572186c5f9d9893e3c98265d76a061cc7ec7c7da76d384cccbee2ffa0f|6dfe0e0bfd3dc2f5fff2b69f9b2dbbe2d7192a01735568515ad77c163d63c11a,51584,17350,34640,42|43|44,3,3,0.0019149345650500231,0.002018584526974961,0.0006639722863741593,0.004243648960739033,training-seed variability on same evaluation support; not a population confidence interval,False,
bdg2,6,2,attention_lstm,360,kWh per hour,mpiw95,0.95,smart_building_conformal/outputs/matched_forecasting005/bdg2_h6_f2_s42_v1|smart_building_conformal/outputs/matched_forecasting005/bdg2_h6_f2_s43_v1|smart_building_conformal/outputs/matched_forecasting005/bdg2_h6_f2_s44_v1,dcffb11d9ae7c3210ce7211cd66ccbe05e3e96c486c605648bf7838a00e07f2c|077b77572186c5f9d9893e3c98265d76a061cc7ec7c7da76d384cccbee2ffa0f|6dfe0e0bfd3dc2f5fff2b69f9b2dbbe2d7192a01735568515ad77c163d63c11a,51584,17350,34640,42|43|44,3,3,283.9878784179687,6.621258438987398,276.34259033203125,287.867451171875,training-seed variability on same evaluation support; not a population confidence interval,False,
bdg2,6,2,attention_lstm,360,kWh per hour,winkler95,0.95,smart_building_conformal/outputs/matched_forecasting005/bdg2_h6_f2_s42_v1|smart_building_conformal/outputs/matched_forecasting005/bdg2_h6_f2_s43_v1|smart_building_conformal/outputs/matched_forecasting005/bdg2_h6_f2_s44_v1,dcffb11d9ae7c3210ce7211cd66ccbe05e3e96c486c605648bf7838a00e07f2c|077b77572186c5f9d9893e3c98265d76a061cc7ec7c7da76d384cccbee2ffa0f|6dfe0e0bfd3dc2f5fff2b69f9b2dbbe2d7192a01735568515ad77c163d63c11a,51584,17350,34640,42|43|44,3,3,510.3674814308593,5.390195441933234,505.5403163812719,516.1837195494899,training-seed variability on same evaluation support; not a population confidence interval,False,
bdg2,6,2,attention_lstm,360,kWh per hour,tuning_seconds,,smart_building_conformal/outputs/matched_forecasting005/bdg2_h6_f2_s42_v1|smart_building_conformal/outputs/matched_forecasting005/bdg2_h6_f2_s43_v1|smart_building_conformal/outputs/matched_forecasting005/bdg2_h6_f2_s44_v1,dcffb11d9ae7c3210ce7211cd66ccbe05e3e96c486c605648bf7838a00e07f2c|077b77572186c5f9d9893e3c98265d76a061cc7ec7c7da76d384cccbee2ffa0f|6dfe0e0bfd3dc2f5fff2b69f9b2dbbe2d7192a01735568515ad77c163d63c11a,51584,17350,34640,42|43|44,3,3,232.89837856667145,58.07196369388517,194.0276326000021,299.6534281999993,training-seed variability on same evaluation support; not a population confidence interval,False,
bdg2,6,2,attention_lstm,360,kWh per hour,final_fit_seconds,,smart_building_conformal/outputs/matched_forecasting005/bdg2_h6_f2_s42_v1|smart_building_conformal/outputs/matched_forecasting005/bdg2_h6_f2_s43_v1|smart_building_conformal/outputs/matched_forecasting005/bdg2_h6_f2_s44_v1,dcffb11d9ae7c3210ce7211cd66ccbe05e3e96c486c605648bf7838a00e07f2c|077b77572186c5f9d9893e3c98265d76a061cc7ec7c7da76d384cccbee2ffa0f|6dfe0e0bfd3dc2f5fff2b69f9b2dbbe2d7192a01735568515ad77c163d63c11a,51584,17350,34640,42|43|44,3,3,63.77058820000093,28.595026017376224,43.86285990000761,96.53754679999838,training-seed variability on same evaluation support; not a population confidence interval,False,
bdg2,6,2,attention_lstm,360,kWh per hour,calibration_seconds,,smart_building_conformal/outputs/matched_forecasting005/bdg2_h6_f2_s42_v1|smart_building_conformal/outputs/matched_forecasting005/bdg2_h6_f2_s43_v1|smart_building_conformal/outputs/matched_forecasting005/bdg2_h6_f2_s44_v1,dcffb11d9ae7c3210ce7211cd66ccbe05e3e96c486c605648bf7838a00e07f2c|077b77572186c5f9d9893e3c98265d76a061cc7ec7c7da76d384cccbee2ffa0f|6dfe0e0bfd3dc2f5fff2b69f9b2dbbe2d7192a01735568515ad77c163d63c11a,51584,17350,34640,42|43|44,3,3,0.7008678999967136,0.041688106227846036,0.6599244999961229,0.7432627999951364,training-seed variability on same evaluation support; not a population confidence interval,False,
bdg2,6,2,attention_lstm,360,kWh per hour,inference_seconds,,smart_building_conformal/outputs/matched_forecasting005/bdg2_h6_f2_s42_v1|smart_building_conformal/outputs/matched_forecasting005/bdg2_h6_f2_s43_v1|smart_building_conformal/outputs/matched_forecasting005/bdg2_h6_f2_s44_v1,dcffb11d9ae7c3210ce7211cd66ccbe05e3e96c486c605648bf7838a00e07f2c|077b77572186c5f9d9893e3c98265d76a061cc7ec7c7da76d384cccbee2ffa0f|6dfe0e0bfd3dc2f5fff2b69f9b2dbbe2d7192a01735568515ad77c163d63c11a,51584,17350,34640,42|43|44,3,3,1.4035415999993954,0.07037292905969449,1.3371962000019266,1.4773475999973016,training-seed variability on same evaluation support; not a population confidence interval,False,
bdg2,6,2,attention_lstm,360,kWh per hour,model_phase_seconds,,smart_building_conformal/outputs/matched_forecasting005/bdg2_h6_f2_s42_v1|smart_building_conformal/outputs/matched_forecasting005/bdg2_h6_f2_s43_v1|smart_building_conformal/outputs/matched_forecasting005/bdg2_h6_f2_s44_v1,dcffb11d9ae7c3210ce7211cd66ccbe05e3e96c486c605648bf7838a00e07f2c|077b77572186c5f9d9893e3c98265d76a061cc7ec7c7da76d384cccbee2ffa0f|6dfe0e0bfd3dc2f5fff2b69f9b2dbbe2d7192a01735568515ad77c163d63c11a,51584,17350,34640,42|43|44,3,3,298.7733762666685,86.15429670907683,246.994995999994,398.2275875999985,training-seed variability on same evaluation support; not a population confidence interval,False,
bdg2,6,2,attention_lstm,360,kWh per hour,process_cpu_seconds,,smart_building_conformal/outputs/matched_forecasting005/bdg2_h6_f2_s42_v1|smart_building_conformal/outputs/matched_forecasting005/bdg2_h6_f2_s43_v1|smart_building_conformal/outputs/matched_forecasting005/bdg2_h6_f2_s44_v1,dcffb11d9ae7c3210ce7211cd66ccbe05e3e96c486c605648bf7838a00e07f2c|077b77572186c5f9d9893e3c98265d76a061cc7ec7c7da76d384cccbee2ffa0f|6dfe0e0bfd3dc2f5fff2b69f9b2dbbe2d7192a01735568515ad77c163d63c11a,51584,17350,34640,42|43|44,3,3,292.0885416666667,82.99424680816863,242.0625,387.890625,training-seed variability on same evaluation support; not a population confidence interval,False,
bdg2,6,2,attention_lstm,360,kWh per hour,inference_rows_per_second,,smart_building_conformal/outputs/matched_forecasting005/bdg2_h6_f2_s42_v1|smart_building_conformal/outputs/matched_forecasting005/bdg2_h6_f2_s43_v1|smart_building_conformal/outputs/matched_forecasting005/bdg2_h6_f2_s44_v1,dcffb11d9ae7c3210ce7211cd66ccbe05e3e96c486c605648bf7838a00e07f2c|077b77572186c5f9d9893e3c98265d76a061cc7ec7c7da76d384cccbee2ffa0f|6dfe0e0bfd3dc2f5fff2b69f9b2dbbe2d7192a01735568515ad77c163d63c11a,51584,17350,34640,42|43|44,3,3,24721.563457070693,1231.2720720029433,23447.42699691208,25904.949475589365,training-seed variability on same evaluation support; not a population confidence interval,False,
bdg2,6,2,persistence,360,kWh per hour,mae,,smart_building_conformal/outputs/matched_forecasting005/bdg2_h6_f2_s42_v1|smart_building_conformal/outputs/matched_forecasting005/bdg2_h6_f2_s43_v1|smart_building_conformal/outputs/matched_forecasting005/bdg2_h6_f2_s44_v1,dcffb11d9ae7c3210ce7211cd66ccbe05e3e96c486c605648bf7838a00e07f2c|077b77572186c5f9d9893e3c98265d76a061cc7ec7c7da76d384cccbee2ffa0f|6dfe0e0bfd3dc2f5fff2b69f9b2dbbe2d7192a01735568515ad77c163d63c11a,51584,17350,34640,42|43|44,3,3,73.28396772228638,0.0,73.28396772228638,73.28396772228638,training-seed variability on same evaluation support; not a population confidence interval,True,1.0
bdg2,6,2,persistence,360,kWh per hour,rmse,,smart_building_conformal/outputs/matched_forecasting005/bdg2_h6_f2_s42_v1|smart_building_conformal/outputs/matched_forecasting005/bdg2_h6_f2_s43_v1|smart_building_conformal/outputs/matched_forecasting005/bdg2_h6_f2_s44_v1,dcffb11d9ae7c3210ce7211cd66ccbe05e3e96c486c605648bf7838a00e07f2c|077b77572186c5f9d9893e3c98265d76a061cc7ec7c7da76d384cccbee2ffa0f|6dfe0e0bfd3dc2f5fff2b69f9b2dbbe2d7192a01735568515ad77c163d63c11a,51584,17350,34640,42|43|44,3,3,119.92957137497905,0.0,119.92957137497905,119.92957137497905,training-seed variability on same evaluation support; not a population confidence interval,True,1.0
bdg2,6,2,persistence,360,kWh per hour,coverage90,0.9,smart_building_conformal/outputs/matched_forecasting005/bdg2_h6_f2_s42_v1|smart_building_conformal/outputs/matched_forecasting005/bdg2_h6_f2_s43_v1|smart_building_conformal/outputs/matched_forecasting005/bdg2_h6_f2_s44_v1,dcffb11d9ae7c3210ce7211cd66ccbe05e3e96c486c605648bf7838a00e07f2c|077b77572186c5f9d9893e3c98265d76a061cc7ec7c7da76d384cccbee2ffa0f|6dfe0e0bfd3dc2f5fff2b69f9b2dbbe2d7192a01735568515ad77c163d63c11a,51584,17350,34640,42|43|44,3,3,0.8975461893764433,1.3597399555105182e-16,0.8975461893764434,0.8975461893764434,training-seed variability on same evaluation support; not a population confidence interval,True,1.0
bdg2,6,2,persistence,360,kWh per hour,signed_coverage_deviation90,0.9,smart_building_conformal/outputs/matched_forecasting005/bdg2_h6_f2_s42_v1|smart_building_conformal/outputs/matched_forecasting005/bdg2_h6_f2_s43_v1|smart_building_conformal/outputs/matched_forecasting005/bdg2_h6_f2_s44_v1,dcffb11d9ae7c3210ce7211cd66ccbe05e3e96c486c605648bf7838a00e07f2c|077b77572186c5f9d9893e3c98265d76a061cc7ec7c7da76d384cccbee2ffa0f|6dfe0e0bfd3dc2f5fff2b69f9b2dbbe2d7192a01735568515ad77c163d63c11a,51584,17350,34640,42|43|44,3,3,-0.0024538106235566515,0.0,-0.0024538106235566515,-0.0024538106235566515,training-seed variability on same evaluation support; not a population confidence interval,True,1.0
bdg2,6,2,persistence,360,kWh per hour,absolute_coverage_deviation90,0.9,smart_building_conformal/outputs/matched_forecasting005/bdg2_h6_f2_s42_v1|smart_building_conformal/outputs/matched_forecasting005/bdg2_h6_f2_s43_v1|smart_building_conformal/outputs/matched_forecasting005/bdg2_h6_f2_s44_v1,dcffb11d9ae7c3210ce7211cd66ccbe05e3e96c486c605648bf7838a00e07f2c|077b77572186c5f9d9893e3c98265d76a061cc7ec7c7da76d384cccbee2ffa0f|6dfe0e0bfd3dc2f5fff2b69f9b2dbbe2d7192a01735568515ad77c163d63c11a,51584,17350,34640,42|43|44,3,3,0.0024538106235566515,0.0,0.0024538106235566515,0.0024538106235566515,training-seed variability on same evaluation support; not a population confidence interval,True,1.0
bdg2,6,2,persistence,360,kWh per hour,mpiw90,0.9,smart_building_conformal/outputs/matched_forecasting005/bdg2_h6_f2_s42_v1|smart_building_conformal/outputs/matched_forecasting005/bdg2_h6_f2_s43_v1|smart_building_conformal/outputs/matched_forecasting005/bdg2_h6_f2_s44_v1,dcffb11d9ae7c3210ce7211cd66ccbe05e3e96c486c605648bf7838a00e07f2c|077b77572186c5f9d9893e3c98265d76a061cc7ec7c7da76d384cccbee2ffa0f|6dfe0e0bfd3dc2f5fff2b69f9b2dbbe2d7192a01735568515ad77c163d63c11a,51584,17350,34640,42|43|44,3,3,406.3119999999999,0.0,406.3119999999999,406.3119999999999,training-seed variability on same evaluation support; not a population confidence interval,True,1.0
bdg2,6,2,persistence,360,kWh per hour,winkler90,0.9,smart_building_conformal/outputs/matched_forecasting005/bdg2_h6_f2_s42_v1|smart_building_conformal/outputs/matched_forecasting005/bdg2_h6_f2_s43_v1|smart_building_conformal/outputs/matched_forecasting005/bdg2_h6_f2_s44_v1,dcffb11d9ae7c3210ce7211cd66ccbe05e3e96c486c605648bf7838a00e07f2c|077b77572186c5f9d9893e3c98265d76a061cc7ec7c7da76d384cccbee2ffa0f|6dfe0e0bfd3dc2f5fff2b69f9b2dbbe2d7192a01735568515ad77c163d63c11a,51584,17350,34640,42|43|44,3,3,580.2719217667436,0.0,580.2719217667436,580.2719217667436,training-seed variability on same evaluation support; not a population confidence interval,True,1.0
bdg2,6,2,persistence,360,kWh per hour,coverage95,0.95,smart_building_conformal/outputs/matched_forecasting005/bdg2_h6_f2_s42_v1|smart_building_conformal/outputs/matched_forecasting005/bdg2_h6_f2_s43_v1|smart_building_conformal/outputs/matched_forecasting005/bdg2_h6_f2_s44_v1,dcffb11d9ae7c3210ce7211cd66ccbe05e3e96c486c605648bf7838a00e07f2c|077b77572186c5f9d9893e3c98265d76a061cc7ec7c7da76d384cccbee2ffa0f|6dfe0e0bfd3dc2f5fff2b69f9b2dbbe2d7192a01735568515ad77c163d63c11a,51584,17350,34640,42|43|44,3,3,0.9442263279445727,0.0,0.9442263279445727,0.9442263279445727,training-seed variability on same evaluation support; not a population confidence interval,True,1.0
bdg2,6,2,persistence,360,kWh per hour,signed_coverage_deviation95,0.95,smart_building_conformal/outputs/matched_forecasting005/bdg2_h6_f2_s42_v1|smart_building_conformal/outputs/matched_forecasting005/bdg2_h6_f2_s43_v1|smart_building_conformal/outputs/matched_forecasting005/bdg2_h6_f2_s44_v1,dcffb11d9ae7c3210ce7211cd66ccbe05e3e96c486c605648bf7838a00e07f2c|077b77572186c5f9d9893e3c98265d76a061cc7ec7c7da76d384cccbee2ffa0f|6dfe0e0bfd3dc2f5fff2b69f9b2dbbe2d7192a01735568515ad77c163d63c11a,51584,17350,34640,42|43|44,3,3,-0.005773672055427226,0.0,-0.005773672055427226,-0.005773672055427226,training-seed variability on same evaluation support; not a population confidence interval,True,1.0
bdg2,6,2,persistence,360,kWh per hour,absolute_coverage_deviation95,0.95,smart_building_conformal/outputs/matched_forecasting005/bdg2_h6_f2_s42_v1|smart_building_conformal/outputs/matched_forecasting005/bdg2_h6_f2_s43_v1|smart_building_conformal/outputs/matched_forecasting005/bdg2_h6_f2_s44_v1,dcffb11d9ae7c3210ce7211cd66ccbe05e3e96c486c605648bf7838a00e07f2c|077b77572186c5f9d9893e3c98265d76a061cc7ec7c7da76d384cccbee2ffa0f|6dfe0e0bfd3dc2f5fff2b69f9b2dbbe2d7192a01735568515ad77c163d63c11a,51584,17350,34640,42|43|44,3,3,0.005773672055427226,0.0,0.005773672055427226,0.005773672055427226,training-seed variability on same evaluation support; not a population confidence interval,True,1.0
bdg2,6,2,persistence,360,kWh per hour,mpiw95,0.95,smart_building_conformal/outputs/matched_forecasting005/bdg2_h6_f2_s42_v1|smart_building_conformal/outputs/matched_forecasting005/bdg2_h6_f2_s43_v1|smart_building_conformal/outputs/matched_forecasting005/bdg2_h6_f2_s44_v1,dcffb11d9ae7c3210ce7211cd66ccbe05e3e96c486c605648bf7838a00e07f2c|077b77572186c5f9d9893e3c98265d76a061cc7ec7c7da76d384cccbee2ffa0f|6dfe0e0bfd3dc2f5fff2b69f9b2dbbe2d7192a01735568515ad77c163d63c11a,51584,17350,34640,42|43|44,3,3,498.0,0.0,498.0,498.0,training-seed variability on same evaluation support; not a population confidence interval,True,1.0
bdg2,6,2,persistence,360,kWh per hour,winkler95,0.95,smart_building_conformal/outputs/matched_forecasting005/bdg2_h6_f2_s42_v1|smart_building_conformal/outputs/matched_forecasting005/bdg2_h6_f2_s43_v1|smart_building_conformal/outputs/matched_forecasting005/bdg2_h6_f2_s44_v1,dcffb11d9ae7c3210ce7211cd66ccbe05e3e96c486c605648bf7838a00e07f2c|077b77572186c5f9d9893e3c98265d76a061cc7ec7c7da76d384cccbee2ffa0f|6dfe0e0bfd3dc2f5fff2b69f9b2dbbe2d7192a01735568515ad77c163d63c11a,51584,17350,34640,42|43|44,3,3,703.0353413394918,0.0,703.0353413394918,703.0353413394918,training-seed variability on same evaluation support; not a population confidence interval,True,1.0
bdg2,6,2,persistence,360,kWh per hour,tuning_seconds,,smart_building_conformal/outputs/matched_forecasting005/bdg2_h6_f2_s42_v1|smart_building_conformal/outputs/matched_forecasting005/bdg2_h6_f2_s43_v1|smart_building_conformal/outputs/matched_forecasting005/bdg2_h6_f2_s44_v1,dcffb11d9ae7c3210ce7211cd66ccbe05e3e96c486c605648bf7838a00e07f2c|077b77572186c5f9d9893e3c98265d76a061cc7ec7c7da76d384cccbee2ffa0f|6dfe0e0bfd3dc2f5fff2b69f9b2dbbe2d7192a01735568515ad77c163d63c11a,51584,17350,34640,42|43|44,3,3,0.0,0.0,0.0,0.0,training-seed variability on same evaluation support; not a population confidence interval,True,1.0
bdg2,6,2,persistence,360,kWh per hour,final_fit_seconds,,smart_building_conformal/outputs/matched_forecasting005/bdg2_h6_f2_s42_v1|smart_building_conformal/outputs/matched_forecasting005/bdg2_h6_f2_s43_v1|smart_building_conformal/outputs/matched_forecasting005/bdg2_h6_f2_s44_v1,dcffb11d9ae7c3210ce7211cd66ccbe05e3e96c486c605648bf7838a00e07f2c|077b77572186c5f9d9893e3c98265d76a061cc7ec7c7da76d384cccbee2ffa0f|6dfe0e0bfd3dc2f5fff2b69f9b2dbbe2d7192a01735568515ad77c163d63c11a,51584,17350,34640,42|43|44,3,3,0.00043000000005122274,0.00010963927322099876,0.00035930000012740493,0.0005563000013353303,training-seed variability on same evaluation support; not a population confidence interval,True,1.0
bdg2,6,2,persistence,360,kWh per hour,calibration_seconds,,smart_building_conformal/outputs/matched_forecasting005/bdg2_h6_f2_s42_v1|smart_building_conformal/outputs/matched_forecasting005/bdg2_h6_f2_s43_v1|smart_building_conformal/outputs/matched_forecasting005/bdg2_h6_f2_s44_v1,dcffb11d9ae7c3210ce7211cd66ccbe05e3e96c486c605648bf7838a00e07f2c|077b77572186c5f9d9893e3c98265d76a061cc7ec7c7da76d384cccbee2ffa0f|6dfe0e0bfd3dc2f5fff2b69f9b2dbbe2d7192a01735568515ad77c163d63c11a,51584,17350,34640,42|43|44,3,3,0.007345933333757178,0.0006267723129728953,0.0068103999947197735,0.008035300008486956,training-seed variability on same evaluation support; not a population confidence interval,True,1.0
bdg2,6,2,persistence,360,kWh per hour,inference_seconds,,smart_building_conformal/outputs/matched_forecasting005/bdg2_h6_f2_s42_v1|smart_building_conformal/outputs/matched_forecasting005/bdg2_h6_f2_s43_v1|smart_building_conformal/outputs/matched_forecasting005/bdg2_h6_f2_s44_v1,dcffb11d9ae7c3210ce7211cd66ccbe05e3e96c486c605648bf7838a00e07f2c|077b77572186c5f9d9893e3c98265d76a061cc7ec7c7da76d384cccbee2ffa0f|6dfe0e0bfd3dc2f5fff2b69f9b2dbbe2d7192a01735568515ad77c163d63c11a,51584,17350,34640,42|43|44,3,3,0.012729900001431815,0.00015353771756186982,0.012553699998534285,0.012835000001359731,training-seed variability on same evaluation support; not a population confidence interval,True,1.0
bdg2,6,2,persistence,360,kWh per hour,model_phase_seconds,,smart_building_conformal/outputs/matched_forecasting005/bdg2_h6_f2_s42_v1|smart_building_conformal/outputs/matched_forecasting005/bdg2_h6_f2_s43_v1|smart_building_conformal/outputs/matched_forecasting005/bdg2_h6_f2_s44_v1,dcffb11d9ae7c3210ce7211cd66ccbe05e3e96c486c605648bf7838a00e07f2c|077b77572186c5f9d9893e3c98265d76a061cc7ec7c7da76d384cccbee2ffa0f|6dfe0e0bfd3dc2f5fff2b69f9b2dbbe2d7192a01735568515ad77c163d63c11a,51584,17350,34640,42|43|44,3,3,0.020505833335240215,0.0008009032499920208,0.01997069999924861,0.021426600011182018,training-seed variability on same evaluation support; not a population confidence interval,True,1.0
bdg2,6,2,persistence,360,kWh per hour,process_cpu_seconds,,smart_building_conformal/outputs/matched_forecasting005/bdg2_h6_f2_s42_v1|smart_building_conformal/outputs/matched_forecasting005/bdg2_h6_f2_s43_v1|smart_building_conformal/outputs/matched_forecasting005/bdg2_h6_f2_s44_v1,dcffb11d9ae7c3210ce7211cd66ccbe05e3e96c486c605648bf7838a00e07f2c|077b77572186c5f9d9893e3c98265d76a061cc7ec7c7da76d384cccbee2ffa0f|6dfe0e0bfd3dc2f5fff2b69f9b2dbbe2d7192a01735568515ad77c163d63c11a,51584,17350,34640,42|43|44,3,3,0.026041666666666668,0.009021097956087902,0.015625,0.03125,training-seed variability on same evaluation support; not a population confidence interval,True,1.0
bdg2,6,2,persistence,360,kWh per hour,inference_rows_per_second,,smart_building_conformal/outputs/matched_forecasting005/bdg2_h6_f2_s42_v1|smart_building_conformal/outputs/matched_forecasting005/bdg2_h6_f2_s43_v1|smart_building_conformal/outputs/matched_forecasting005/bdg2_h6_f2_s44_v1,dcffb11d9ae7c3210ce7211cd66ccbe05e3e96c486c605648bf7838a00e07f2c|077b77572186c5f9d9893e3c98265d76a061cc7ec7c7da76d384cccbee2ffa0f|6dfe0e0bfd3dc2f5fff2b69f9b2dbbe2d7192a01735568515ad77c163d63c11a,51584,17350,34640,42|43|44,3,3,2721418.2388852667,33041.246564554465,2698870.27630154,2759345.850549592,training-seed variability on same evaluation support; not a population confidence interval,True,1.0
bdg2,6,2,xgboost,360,kWh per hour,mae,,smart_building_conformal/outputs/matched_forecasting005/bdg2_h6_f2_s42_v1|smart_building_conformal/outputs/matched_forecasting005/bdg2_h6_f2_s43_v1|smart_building_conformal/outputs/matched_forecasting005/bdg2_h6_f2_s44_v1,dcffb11d9ae7c3210ce7211cd66ccbe05e3e96c486c605648bf7838a00e07f2c|077b77572186c5f9d9893e3c98265d76a061cc7ec7c7da76d384cccbee2ffa0f|6dfe0e0bfd3dc2f5fff2b69f9b2dbbe2d7192a01735568515ad77c163d63c11a,51584,17350,34640,42|43|44,3,3,34.22193328457422,0.05342790013598495,34.160346078852164,34.25585779488397,training-seed variability on same evaluation support; not a population confidence interval,False,
bdg2,6,2,xgboost,360,kWh per hour,rmse,,smart_building_conformal/outputs/matched_forecasting005/bdg2_h6_f2_s42_v1|smart_building_conformal/outputs/matched_forecasting005/bdg2_h6_f2_s43_v1|smart_building_conformal/outputs/matched_forecasting005/bdg2_h6_f2_s44_v1,dcffb11d9ae7c3210ce7211cd66ccbe05e3e96c486c605648bf7838a00e07f2c|077b77572186c5f9d9893e3c98265d76a061cc7ec7c7da76d384cccbee2ffa0f|6dfe0e0bfd3dc2f5fff2b69f9b2dbbe2d7192a01735568515ad77c163d63c11a,51584,17350,34640,42|43|44,3,3,66.9185690003665,0.15629957884730047,66.77849584385011,67.08716617656066,training-seed variability on same evaluation support; not a population confidence interval,False,
bdg2,6,2,xgboost,360,kWh per hour,coverage90,0.9,smart_building_conformal/outputs/matched_forecasting005/bdg2_h6_f2_s42_v1|smart_building_conformal/outputs/matched_forecasting005/bdg2_h6_f2_s43_v1|smart_building_conformal/outputs/matched_forecasting005/bdg2_h6_f2_s44_v1,dcffb11d9ae7c3210ce7211cd66ccbe05e3e96c486c605648bf7838a00e07f2c|077b77572186c5f9d9893e3c98265d76a061cc7ec7c7da76d384cccbee2ffa0f|6dfe0e0bfd3dc2f5fff2b69f9b2dbbe2d7192a01735568515ad77c163d63c11a,51584,17350,34640,42|43|44,3,3,0.9079195535026944,0.0007361903560791269,0.9071882217090069,0.9086605080831409,training-seed variability on same evaluation support; not a population confidence interval,False,
bdg2,6,2,xgboost,360,kWh per hour,signed_coverage_deviation90,0.9,smart_building_conformal/outputs/matched_forecasting005/bdg2_h6_f2_s42_v1|smart_building_conformal/outputs/matched_forecasting005/bdg2_h6_f2_s43_v1|smart_building_conformal/outputs/matched_forecasting005/bdg2_h6_f2_s44_v1,dcffb11d9ae7c3210ce7211cd66ccbe05e3e96c486c605648bf7838a00e07f2c|077b77572186c5f9d9893e3c98265d76a061cc7ec7c7da76d384cccbee2ffa0f|6dfe0e0bfd3dc2f5fff2b69f9b2dbbe2d7192a01735568515ad77c163d63c11a,51584,17350,34640,42|43|44,3,3,0.007919553502694354,0.0007361903560791269,0.007188221709006903,0.008660508083140894,training-seed variability on same evaluation support; not a population confidence interval,False,
bdg2,6,2,xgboost,360,kWh per hour,absolute_coverage_deviation90,0.9,smart_building_conformal/outputs/matched_forecasting005/bdg2_h6_f2_s42_v1|smart_building_conformal/outputs/matched_forecasting005/bdg2_h6_f2_s43_v1|smart_building_conformal/outputs/matched_forecasting005/bdg2_h6_f2_s44_v1,dcffb11d9ae7c3210ce7211cd66ccbe05e3e96c486c605648bf7838a00e07f2c|077b77572186c5f9d9893e3c98265d76a061cc7ec7c7da76d384cccbee2ffa0f|6dfe0e0bfd3dc2f5fff2b69f9b2dbbe2d7192a01735568515ad77c163d63c11a,51584,17350,34640,42|43|44,3,3,0.007919553502694354,0.0007361903560791269,0.007188221709006903,0.008660508083140894,training-seed variability on same evaluation support; not a population confidence interval,False,
bdg2,6,2,xgboost,360,kWh per hour,mpiw90,0.9,smart_building_conformal/outputs/matched_forecasting005/bdg2_h6_f2_s42_v1|smart_building_conformal/outputs/matched_forecasting005/bdg2_h6_f2_s43_v1|smart_building_conformal/outputs/matched_forecasting005/bdg2_h6_f2_s44_v1,dcffb11d9ae7c3210ce7211cd66ccbe05e3e96c486c605648bf7838a00e07f2c|077b77572186c5f9d9893e3c98265d76a061cc7ec7c7da76d384cccbee2ffa0f|6dfe0e0bfd3dc2f5fff2b69f9b2dbbe2d7192a01735568515ad77c163d63c11a,51584,17350,34640,42|43|44,3,3,176.23609912109364,0.9537644694608524,175.28107470703117,177.1885986328125,training-seed variability on same evaluation support; not a population confidence interval,False,
bdg2,6,2,xgboost,360,kWh per hour,winkler90,0.9,smart_building_conformal/outputs/matched_forecasting005/bdg2_h6_f2_s42_v1|smart_building_conformal/outputs/matched_forecasting005/bdg2_h6_f2_s43_v1|smart_building_conformal/outputs/matched_forecasting005/bdg2_h6_f2_s44_v1,dcffb11d9ae7c3210ce7211cd66ccbe05e3e96c486c605648bf7838a00e07f2c|077b77572186c5f9d9893e3c98265d76a061cc7ec7c7da76d384cccbee2ffa0f|6dfe0e0bfd3dc2f5fff2b69f9b2dbbe2d7192a01735568515ad77c163d63c11a,51584,17350,34640,42|43|44,3,3,323.7136825144039,0.7304761200299041,322.91227723374925,324.3422174264534,training-seed variability on same evaluation support; not a population confidence interval,False,
bdg2,6,2,xgboost,360,kWh per hour,coverage95,0.95,smart_building_conformal/outputs/matched_forecasting005/bdg2_h6_f2_s42_v1|smart_building_conformal/outputs/matched_forecasting005/bdg2_h6_f2_s43_v1|smart_building_conformal/outputs/matched_forecasting005/bdg2_h6_f2_s44_v1,dcffb11d9ae7c3210ce7211cd66ccbe05e3e96c486c605648bf7838a00e07f2c|077b77572186c5f9d9893e3c98265d76a061cc7ec7c7da76d384cccbee2ffa0f|6dfe0e0bfd3dc2f5fff2b69f9b2dbbe2d7192a01735568515ad77c163d63c11a,51584,17350,34640,42|43|44,3,3,0.9493937644341801,0.0008005441468742717,0.9484699769053118,0.9498845265588914,training-seed variability on same evaluation support; not a population confidence interval,False,
bdg2,6,2,xgboost,360,kWh per hour,signed_coverage_deviation95,0.95,smart_building_conformal/outputs/matched_forecasting005/bdg2_h6_f2_s42_v1|smart_building_conformal/outputs/matched_forecasting005/bdg2_h6_f2_s43_v1|smart_building_conformal/outputs/matched_forecasting005/bdg2_h6_f2_s44_v1,dcffb11d9ae7c3210ce7211cd66ccbe05e3e96c486c605648bf7838a00e07f2c|077b77572186c5f9d9893e3c98265d76a061cc7ec7c7da76d384cccbee2ffa0f|6dfe0e0bfd3dc2f5fff2b69f9b2dbbe2d7192a01735568515ad77c163d63c11a,51584,17350,34640,42|43|44,3,3,-0.000606235565819809,0.0008005441468742717,-0.0015300230946881932,-0.00011547344110851565,training-seed variability on same evaluation support; not a population confidence interval,False,
bdg2,6,2,xgboost,360,kWh per hour,absolute_coverage_deviation95,0.95,smart_building_conformal/outputs/matched_forecasting005/bdg2_h6_f2_s42_v1|smart_building_conformal/outputs/matched_forecasting005/bdg2_h6_f2_s43_v1|smart_building_conformal/outputs/matched_forecasting005/bdg2_h6_f2_s44_v1,dcffb11d9ae7c3210ce7211cd66ccbe05e3e96c486c605648bf7838a00e07f2c|077b77572186c5f9d9893e3c98265d76a061cc7ec7c7da76d384cccbee2ffa0f|6dfe0e0bfd3dc2f5fff2b69f9b2dbbe2d7192a01735568515ad77c163d63c11a,51584,17350,34640,42|43|44,3,3,0.000606235565819809,0.0008005441468742717,0.00011547344110851565,0.0015300230946881932,training-seed variability on same evaluation support; not a population confidence interval,False,
bdg2,6,2,xgboost,360,kWh per hour,mpiw95,0.95,smart_building_conformal/outputs/matched_forecasting005/bdg2_h6_f2_s42_v1|smart_building_conformal/outputs/matched_forecasting005/bdg2_h6_f2_s43_v1|smart_building_conformal/outputs/matched_forecasting005/bdg2_h6_f2_s44_v1,dcffb11d9ae7c3210ce7211cd66ccbe05e3e96c486c605648bf7838a00e07f2c|077b77572186c5f9d9893e3c98265d76a061cc7ec7c7da76d384cccbee2ffa0f|6dfe0e0bfd3dc2f5fff2b69f9b2dbbe2d7192a01735568515ad77c163d63c11a,51584,17350,34640,42|43|44,3,3,248.5075598958332,1.333976581957598,247.06861914062472,249.7030351562499,training-seed variability on same evaluation support; not a population confidence interval,False,
bdg2,6,2,xgboost,360,kWh per hour,winkler95,0.95,smart_building_conformal/outputs/matched_forecasting005/bdg2_h6_f2_s42_v1|smart_building_conformal/outputs/matched_forecasting005/bdg2_h6_f2_s43_v1|smart_building_conformal/outputs/matched_forecasting005/bdg2_h6_f2_s44_v1,dcffb11d9ae7c3210ce7211cd66ccbe05e3e96c486c605648bf7838a00e07f2c|077b77572186c5f9d9893e3c98265d76a061cc7ec7c7da76d384cccbee2ffa0f|6dfe0e0bfd3dc2f5fff2b69f9b2dbbe2d7192a01735568515ad77c163d63c11a,51584,17350,34640,42|43|44,3,3,444.2738190968007,1.310387763923883,442.884291132395,445.4872593932327,training-seed variability on same evaluation support; not a population confidence interval,False,
bdg2,6,2,xgboost,360,kWh per hour,tuning_seconds,,smart_building_conformal/outputs/matched_forecasting005/bdg2_h6_f2_s42_v1|smart_building_conformal/outputs/matched_forecasting005/bdg2_h6_f2_s43_v1|smart_building_conformal/outputs/matched_forecasting005/bdg2_h6_f2_s44_v1,dcffb11d9ae7c3210ce7211cd66ccbe05e3e96c486c605648bf7838a00e07f2c|077b77572186c5f9d9893e3c98265d76a061cc7ec7c7da76d384cccbee2ffa0f|6dfe0e0bfd3dc2f5fff2b69f9b2dbbe2d7192a01735568515ad77c163d63c11a,51584,17350,34640,42|43|44,3,3,6.459554200000032,0.16044654149242296,6.317276100002346,6.633458999996947,training-seed variability on same evaluation support; not a population confidence interval,False,
bdg2,6,2,xgboost,360,kWh per hour,final_fit_seconds,,smart_building_conformal/outputs/matched_forecasting005/bdg2_h6_f2_s42_v1|smart_building_conformal/outputs/matched_forecasting005/bdg2_h6_f2_s43_v1|smart_building_conformal/outputs/matched_forecasting005/bdg2_h6_f2_s44_v1,dcffb11d9ae7c3210ce7211cd66ccbe05e3e96c486c605648bf7838a00e07f2c|077b77572186c5f9d9893e3c98265d76a061cc7ec7c7da76d384cccbee2ffa0f|6dfe0e0bfd3dc2f5fff2b69f9b2dbbe2d7192a01735568515ad77c163d63c11a,51584,17350,34640,42|43|44,3,3,2.0787500999989184,0.06957691726416848,2.025735299990629,2.1575358000045526,training-seed variability on same evaluation support; not a population confidence interval,False,
bdg2,6,2,xgboost,360,kWh per hour,calibration_seconds,,smart_building_conformal/outputs/matched_forecasting005/bdg2_h6_f2_s42_v1|smart_building_conformal/outputs/matched_forecasting005/bdg2_h6_f2_s43_v1|smart_building_conformal/outputs/matched_forecasting005/bdg2_h6_f2_s44_v1,dcffb11d9ae7c3210ce7211cd66ccbe05e3e96c486c605648bf7838a00e07f2c|077b77572186c5f9d9893e3c98265d76a061cc7ec7c7da76d384cccbee2ffa0f|6dfe0e0bfd3dc2f5fff2b69f9b2dbbe2d7192a01735568515ad77c163d63c11a,51584,17350,34640,42|43|44,3,3,0.15705953333478342,0.005094943967297682,0.15322079999896232,0.1628398000029847,training-seed variability on same evaluation support; not a population confidence interval,False,
bdg2,6,2,xgboost,360,kWh per hour,inference_seconds,,smart_building_conformal/outputs/matched_forecasting005/bdg2_h6_f2_s42_v1|smart_building_conformal/outputs/matched_forecasting005/bdg2_h6_f2_s43_v1|smart_building_conformal/outputs/matched_forecasting005/bdg2_h6_f2_s44_v1,dcffb11d9ae7c3210ce7211cd66ccbe05e3e96c486c605648bf7838a00e07f2c|077b77572186c5f9d9893e3c98265d76a061cc7ec7c7da76d384cccbee2ffa0f|6dfe0e0bfd3dc2f5fff2b69f9b2dbbe2d7192a01735568515ad77c163d63c11a,51584,17350,34640,42|43|44,3,3,0.3188447666640665,0.0020690690008412006,0.31717500000377186,0.3211594999884255,training-seed variability on same evaluation support; not a population confidence interval,False,
bdg2,6,2,xgboost,360,kWh per hour,model_phase_seconds,,smart_building_conformal/outputs/matched_forecasting005/bdg2_h6_f2_s42_v1|smart_building_conformal/outputs/matched_forecasting005/bdg2_h6_f2_s43_v1|smart_building_conformal/outputs/matched_forecasting005/bdg2_h6_f2_s44_v1,dcffb11d9ae7c3210ce7211cd66ccbe05e3e96c486c605648bf7838a00e07f2c|077b77572186c5f9d9893e3c98265d76a061cc7ec7c7da76d384cccbee2ffa0f|6dfe0e0bfd3dc2f5fff2b69f9b2dbbe2d7192a01735568515ad77c163d63c11a,51584,17350,34640,42|43|44,3,3,9.0142085999978,0.22196123905624845,8.840651100006653,9.264312600003905,training-seed variability on same evaluation support; not a population confidence interval,False,
bdg2,6,2,xgboost,360,kWh per hour,process_cpu_seconds,,smart_building_conformal/outputs/matched_forecasting005/bdg2_h6_f2_s42_v1|smart_building_conformal/outputs/matched_forecasting005/bdg2_h6_f2_s43_v1|smart_building_conformal/outputs/matched_forecasting005/bdg2_h6_f2_s44_v1,dcffb11d9ae7c3210ce7211cd66ccbe05e3e96c486c605648bf7838a00e07f2c|077b77572186c5f9d9893e3c98265d76a061cc7ec7c7da76d384cccbee2ffa0f|6dfe0e0bfd3dc2f5fff2b69f9b2dbbe2d7192a01735568515ad77c163d63c11a,51584,17350,34640,42|43|44,3,3,8.760416666666666,0.20982538623420507,8.609375,9.0,training-seed variability on same evaluation support; not a population confidence interval,False,
bdg2,6,2,xgboost,360,kWh per hour,inference_rows_per_second,,smart_building_conformal/outputs/matched_forecasting005/bdg2_h6_f2_s42_v1|smart_building_conformal/outputs/matched_forecasting005/bdg2_h6_f2_s43_v1|smart_building_conformal/outputs/matched_forecasting005/bdg2_h6_f2_s44_v1,dcffb11d9ae7c3210ce7211cd66ccbe05e3e96c486c605648bf7838a00e07f2c|077b77572186c5f9d9893e3c98265d76a061cc7ec7c7da76d384cccbee2ffa0f|6dfe0e0bfd3dc2f5fff2b69f9b2dbbe2d7192a01735568515ad77c163d63c11a,51584,17350,34640,42|43|44,3,3,108645.25145942514,703.1089277794024,107859.1790099574,109214.15622160655,training-seed variability on same evaluation support; not a population confidence interval,False,
pleia,1,2,attention_lstm,10,degrees C,mae,,smart_building_conformal/outputs/matched_forecasting005/pleia_h1_f2_s42_v1|smart_building_conformal/outputs/matched_forecasting005/pleia_h1_f2_s43_v1|smart_building_conformal/outputs/matched_forecasting005/pleia_h1_f2_s44_v1,afeec26a5064a899df55a5081826d94b2ef6a3b5229ee6a692855ac3f89534e2|006c7b08726fdfe876769e33b3062b900b78e677877db0102c7be60883189b03|556741a9a18d9a9f8ebb1031f0e532e5233caa8c07bcda907c7ae3ae195edb7f,14858,4953,9907,42|43|44,3,3,3.1130504410494937,0.08767259922420725,3.031291556211537,3.205631897135918,training-seed variability on same evaluation support; not a population confidence interval,False,
pleia,1,2,attention_lstm,10,degrees C,rmse,,smart_building_conformal/outputs/matched_forecasting005/pleia_h1_f2_s42_v1|smart_building_conformal/outputs/matched_forecasting005/pleia_h1_f2_s43_v1|smart_building_conformal/outputs/matched_forecasting005/pleia_h1_f2_s44_v1,afeec26a5064a899df55a5081826d94b2ef6a3b5229ee6a692855ac3f89534e2|006c7b08726fdfe876769e33b3062b900b78e677877db0102c7be60883189b03|556741a9a18d9a9f8ebb1031f0e532e5233caa8c07bcda907c7ae3ae195edb7f,14858,4953,9907,42|43|44,3,3,3.4797912012157326,0.13544158897811157,3.3386067777834803,3.608646977532667,training-seed variability on same evaluation support; not a population confidence interval,False,
pleia,1,2,attention_lstm,10,degrees C,coverage90,0.9,smart_building_conformal/outputs/matched_forecasting005/pleia_h1_f2_s42_v1|smart_building_conformal/outputs/matched_forecasting005/pleia_h1_f2_s43_v1|smart_building_conformal/outputs/matched_forecasting005/pleia_h1_f2_s44_v1,afeec26a5064a899df55a5081826d94b2ef6a3b5229ee6a692855ac3f89534e2|006c7b08726fdfe876769e33b3062b900b78e677877db0102c7be60883189b03|556741a9a18d9a9f8ebb1031f0e532e5233caa8c07bcda907c7ae3ae195edb7f,14858,4953,9907,42|43|44,3,3,0.21076006863833652,0.015057135638068977,0.20127182800040375,0.2281215302311497,training-seed variability on same evaluation support; not a population confidence interval,False,
pleia,1,2,attention_lstm,10,degrees C,signed_coverage_deviation90,0.9,smart_building_conformal/outputs/matched_forecasting005/pleia_h1_f2_s42_v1|smart_building_conformal/outputs/matched_forecasting005/pleia_h1_f2_s43_v1|smart_building_conformal/outputs/matched_forecasting005/pleia_h1_f2_s44_v1,afeec26a5064a899df55a5081826d94b2ef6a3b5229ee6a692855ac3f89534e2|006c7b08726fdfe876769e33b3062b900b78e677877db0102c7be60883189b03|556741a9a18d9a9f8ebb1031f0e532e5233caa8c07bcda907c7ae3ae195edb7f,14858,4953,9907,42|43|44,3,3,-0.6892399313616635,0.01505713563806896,-0.6987281719995962,-0.6718784697688504,training-seed variability on same evaluation support; not a population confidence interval,False,
pleia,1,2,attention_lstm,10,degrees C,absolute_coverage_deviation90,0.9,smart_building_conformal/outputs/matched_forecasting005/pleia_h1_f2_s42_v1|smart_building_conformal/outputs/matched_forecasting005/pleia_h1_f2_s43_v1|smart_building_conformal/outputs/matched_forecasting005/pleia_h1_f2_s44_v1,afeec26a5064a899df55a5081826d94b2ef6a3b5229ee6a692855ac3f89534e2|006c7b08726fdfe876769e33b3062b900b78e677877db0102c7be60883189b03|556741a9a18d9a9f8ebb1031f0e532e5233caa8c07bcda907c7ae3ae195edb7f,14858,4953,9907,42|43|44,3,3,0.6892399313616635,0.01505713563806896,0.6718784697688504,0.6987281719995962,training-seed variability on same evaluation support; not a population confidence interval,False,
pleia,1,2,attention_lstm,10,degrees C,mpiw90,0.9,smart_building_conformal/outputs/matched_forecasting005/pleia_h1_f2_s42_v1|smart_building_conformal/outputs/matched_forecasting005/pleia_h1_f2_s43_v1|smart_building_conformal/outputs/matched_forecasting005/pleia_h1_f2_s44_v1,afeec26a5064a899df55a5081826d94b2ef6a3b5229ee6a692855ac3f89534e2|006c7b08726fdfe876769e33b3062b900b78e677877db0102c7be60883189b03|556741a9a18d9a9f8ebb1031f0e532e5233caa8c07bcda907c7ae3ae195edb7f,14858,4953,9907,42|43|44,3,3,3.3380627950032555,0.08904272661208743,3.28509521484375,3.4408645629882812,training-seed variability on same evaluation support; not a population confidence interval,False,
pleia,1,2,attention_lstm,10,degrees C,winkler90,0.9,smart_building_conformal/outputs/matched_forecasting005/pleia_h1_f2_s42_v1|smart_building_conformal/outputs/matched_forecasting005/pleia_h1_f2_s43_v1|smart_building_conformal/outputs/matched_forecasting005/pleia_h1_f2_s44_v1,afeec26a5064a899df55a5081826d94b2ef6a3b5229ee6a692855ac3f89534e2|006c7b08726fdfe876769e33b3062b900b78e677877db0102c7be60883189b03|556741a9a18d9a9f8ebb1031f0e532e5233caa8c07bcda907c7ae3ae195edb7f,14858,4953,9907,42|43|44,3,3,35.33199809402882,2.5345482815176186,32.573000491176835,37.557005122461895,training-seed variability on same evaluation support; not a population confidence interval,False,
pleia,1,2,attention_lstm,10,degrees C,coverage95,0.95,smart_building_conformal/outputs/matched_forecasting005/pleia_h1_f2_s42_v1|smart_building_conformal/outputs/matched_forecasting005/pleia_h1_f2_s43_v1|smart_building_conformal/outputs/matched_forecasting005/pleia_h1_f2_s44_v1,afeec26a5064a899df55a5081826d94b2ef6a3b5229ee6a692855ac3f89534e2|006c7b08726fdfe876769e33b3062b900b78e677877db0102c7be60883189b03|556741a9a18d9a9f8ebb1031f0e532e5233caa8c07bcda907c7ae3ae195edb7f,14858,4953,9907,42|43|44,3,3,0.2844789879209986,0.009015435419461646,0.2768749369132936,0.29443827596648836,training-seed variability on same evaluation support; not a population confidence interval,False,
pleia,1,2,attention_lstm,10,degrees C,signed_coverage_deviation95,0.95,smart_building_conformal/outputs/matched_forecasting005/pleia_h1_f2_s42_v1|smart_building_conformal/outputs/matched_forecasting005/pleia_h1_f2_s43_v1|smart_building_conformal/outputs/matched_forecasting005/pleia_h1_f2_s44_v1,afeec26a5064a899df55a5081826d94b2ef6a3b5229ee6a692855ac3f89534e2|006c7b08726fdfe876769e33b3062b900b78e677877db0102c7be60883189b03|556741a9a18d9a9f8ebb1031f0e532e5233caa8c07bcda907c7ae3ae195edb7f,14858,4953,9907,42|43|44,3,3,-0.6655210120790013,0.009015435419461586,-0.6731250630867063,-0.6555617240335117,training-seed variability on same evaluation support; not a population confidence interval,False,
pleia,1,2,attention_lstm,10,degrees C,absolute_coverage_deviation95,0.95,smart_building_conformal/outputs/matched_forecasting005/pleia_h1_f2_s42_v1|smart_building_conformal/outputs/matched_forecasting005/pleia_h1_f2_s43_v1|smart_building_conformal/outputs/matched_forecasting005/pleia_h1_f2_s44_v1,afeec26a5064a899df55a5081826d94b2ef6a3b5229ee6a692855ac3f89534e2|006c7b08726fdfe876769e33b3062b900b78e677877db0102c7be60883189b03|556741a9a18d9a9f8ebb1031f0e532e5233caa8c07bcda907c7ae3ae195edb7f,14858,4953,9907,42|43|44,3,3,0.6655210120790013,0.009015435419461586,0.6555617240335117,0.6731250630867063,training-seed variability on same evaluation support; not a population confidence interval,False,
pleia,1,2,attention_lstm,10,degrees C,mpiw95,0.95,smart_building_conformal/outputs/matched_forecasting005/pleia_h1_f2_s42_v1|smart_building_conformal/outputs/matched_forecasting005/pleia_h1_f2_s43_v1|smart_building_conformal/outputs/matched_forecasting005/pleia_h1_f2_s44_v1,afeec26a5064a899df55a5081826d94b2ef6a3b5229ee6a692855ac3f89534e2|006c7b08726fdfe876769e33b3062b900b78e677877db0102c7be60883189b03|556741a9a18d9a9f8ebb1031f0e532e5233caa8c07bcda907c7ae3ae195edb7f,14858,4953,9907,42|43|44,3,3,4.182230885823567,0.0991234592931034,4.078415679931638,4.27587890625,training-seed variability on same evaluation support; not a population confidence interval,False,
pleia,1,2,attention_lstm,10,degrees C,winkler95,0.95,smart_building_conformal/outputs/matched_forecasting005/pleia_h1_f2_s42_v1|smart_building_conformal/outputs/matched_forecasting005/pleia_h1_f2_s43_v1|smart_building_conformal/outputs/matched_forecasting005/pleia_h1_f2_s44_v1,afeec26a5064a899df55a5081826d94b2ef6a3b5229ee6a692855ac3f89534e2|006c7b08726fdfe876769e33b3062b900b78e677877db0102c7be60883189b03|556741a9a18d9a9f8ebb1031f0e532e5233caa8c07bcda907c7ae3ae195edb7f,14858,4953,9907,42|43|44,3,3,55.46474549550953,3.840077986690467,51.032570378888856,57.795142920284086,training-seed variability on same evaluation support; not a population confidence interval,False,
pleia,1,2,attention_lstm,10,degrees C,tuning_seconds,,smart_building_conformal/outputs/matched_forecasting005/pleia_h1_f2_s42_v1|smart_building_conformal/outputs/matched_forecasting005/pleia_h1_f2_s43_v1|smart_building_conformal/outputs/matched_forecasting005/pleia_h1_f2_s44_v1,afeec26a5064a899df55a5081826d94b2ef6a3b5229ee6a692855ac3f89534e2|006c7b08726fdfe876769e33b3062b900b78e677877db0102c7be60883189b03|556741a9a18d9a9f8ebb1031f0e532e5233caa8c07bcda907c7ae3ae195edb7f,14858,4953,9907,42|43|44,3,3,154.0479751666644,2.533430674263388,151.60269299999345,156.66119790000084,training-seed variability on same evaluation support; not a population confidence interval,False,
pleia,1,2,attention_lstm,10,degrees C,final_fit_seconds,,smart_building_conformal/outputs/matched_forecasting005/pleia_h1_f2_s42_v1|smart_building_conformal/outputs/matched_forecasting005/pleia_h1_f2_s43_v1|smart_building_conformal/outputs/matched_forecasting005/pleia_h1_f2_s44_v1,afeec26a5064a899df55a5081826d94b2ef6a3b5229ee6a692855ac3f89534e2|006c7b08726fdfe876769e33b3062b900b78e677877db0102c7be60883189b03|556741a9a18d9a9f8ebb1031f0e532e5233caa8c07bcda907c7ae3ae195edb7f,14858,4953,9907,42|43|44,3,3,58.9137003333332,2.4373067433628686,56.58516039999813,61.446871500011184,training-seed variability on same evaluation support; not a population confidence interval,False,
pleia,1,2,attention_lstm,10,degrees C,calibration_seconds,,smart_building_conformal/outputs/matched_forecasting005/pleia_h1_f2_s42_v1|smart_building_conformal/outputs/matched_forecasting005/pleia_h1_f2_s43_v1|smart_building_conformal/outputs/matched_forecasting005/pleia_h1_f2_s44_v1,afeec26a5064a899df55a5081826d94b2ef6a3b5229ee6a692855ac3f89534e2|006c7b08726fdfe876769e33b3062b900b78e677877db0102c7be60883189b03|556741a9a18d9a9f8ebb1031f0e532e5233caa8c07bcda907c7ae3ae195edb7f,14858,4953,9907,42|43|44,3,3,0.19505603333527688,0.002396177150705918,0.19358250001096167,0.19782089999353047,training-seed variability on same evaluation support; not a population confidence interval,False,
pleia,1,2,attention_lstm,10,degrees C,inference_seconds,,smart_building_conformal/outputs/matched_forecasting005/pleia_h1_f2_s42_v1|smart_building_conformal/outputs/matched_forecasting005/pleia_h1_f2_s43_v1|smart_building_conformal/outputs/matched_forecasting005/pleia_h1_f2_s44_v1,afeec26a5064a899df55a5081826d94b2ef6a3b5229ee6a692855ac3f89534e2|006c7b08726fdfe876769e33b3062b900b78e677877db0102c7be60883189b03|556741a9a18d9a9f8ebb1031f0e532e5233caa8c07bcda907c7ae3ae195edb7f,14858,4953,9907,42|43|44,3,3,0.3866291333324625,0.010436810452984845,0.37794960000610445,0.3982094999955734,training-seed variability on same evaluation support; not a population confidence interval,False,
pleia,1,2,attention_lstm,10,degrees C,model_phase_seconds,,smart_building_conformal/outputs/matched_forecasting005/pleia_h1_f2_s42_v1|smart_building_conformal/outputs/matched_forecasting005/pleia_h1_f2_s43_v1|smart_building_conformal/outputs/matched_forecasting005/pleia_h1_f2_s44_v1,afeec26a5064a899df55a5081826d94b2ef6a3b5229ee6a692855ac3f89534e2|006c7b08726fdfe876769e33b3062b900b78e677877db0102c7be60883189b03|556741a9a18d9a9f8ebb1031f0e532e5233caa8c07bcda907c7ae3ae195edb7f,14858,4953,9907,42|43|44,3,3,213.54336066666534,4.4523291232658355,210.9035540999903,218.68383990001166,training-seed variability on same evaluation support; not a population confidence interval,False,
pleia,1,2,attention_lstm,10,degrees C,process_cpu_seconds,,smart_building_conformal/outputs/matched_forecasting005/pleia_h1_f2_s42_v1|smart_building_conformal/outputs/matched_forecasting005/pleia_h1_f2_s43_v1|smart_building_conformal/outputs/matched_forecasting005/pleia_h1_f2_s44_v1,afeec26a5064a899df55a5081826d94b2ef6a3b5229ee6a692855ac3f89534e2|006c7b08726fdfe876769e33b3062b900b78e677877db0102c7be60883189b03|556741a9a18d9a9f8ebb1031f0e532e5233caa8c07bcda907c7ae3ae195edb7f,14858,4953,9907,42|43|44,3,3,208.71875,4.575404481778087,205.953125,214.0,training-seed variability on same evaluation support; not a population confidence interval,False,
pleia,1,2,attention_lstm,10,degrees C,inference_rows_per_second,,smart_building_conformal/outputs/matched_forecasting005/pleia_h1_f2_s42_v1|smart_building_conformal/outputs/matched_forecasting005/pleia_h1_f2_s43_v1|smart_building_conformal/outputs/matched_forecasting005/pleia_h1_f2_s44_v1,afeec26a5064a899df55a5081826d94b2ef6a3b5229ee6a692855ac3f89534e2|006c7b08726fdfe876769e33b3062b900b78e677877db0102c7be60883189b03|556741a9a18d9a9f8ebb1031f0e532e5233caa8c07bcda907c7ae3ae195edb7f,14858,4953,9907,42|43|44,3,3,25636.366763282917,685.0644834563511,24878.864015323914,26212.48970719902,training-seed variability on same evaluation support; not a population confidence interval,False,
pleia,1,2,persistence,10,degrees C,mae,,smart_building_conformal/outputs/matched_forecasting005/pleia_h1_f2_s42_v1|smart_building_conformal/outputs/matched_forecasting005/pleia_h1_f2_s43_v1|smart_building_conformal/outputs/matched_forecasting005/pleia_h1_f2_s44_v1,afeec26a5064a899df55a5081826d94b2ef6a3b5229ee6a692855ac3f89534e2|006c7b08726fdfe876769e33b3062b900b78e677877db0102c7be60883189b03|556741a9a18d9a9f8ebb1031f0e532e5233caa8c07bcda907c7ae3ae195edb7f,14858,4953,9907,42|43|44,3,3,0.23937619864742102,0.0,0.23937619864742102,0.23937619864742102,training-seed variability on same evaluation support; not a population confidence interval,True,1.0
pleia,1,2,persistence,10,degrees C,rmse,,smart_building_conformal/outputs/matched_forecasting005/pleia_h1_f2_s42_v1|smart_building_conformal/outputs/matched_forecasting005/pleia_h1_f2_s43_v1|smart_building_conformal/outputs/matched_forecasting005/pleia_h1_f2_s44_v1,afeec26a5064a899df55a5081826d94b2ef6a3b5229ee6a692855ac3f89534e2|006c7b08726fdfe876769e33b3062b900b78e677877db0102c7be60883189b03|556741a9a18d9a9f8ebb1031f0e532e5233caa8c07bcda907c7ae3ae195edb7f,14858,4953,9907,42|43|44,3,3,0.3366736506882145,0.0,0.3366736506882145,0.3366736506882145,training-seed variability on same evaluation support; not a population confidence interval,True,1.0
pleia,1,2,persistence,10,degrees C,coverage90,0.9,smart_building_conformal/outputs/matched_forecasting005/pleia_h1_f2_s42_v1|smart_building_conformal/outputs/matched_forecasting005/pleia_h1_f2_s43_v1|smart_building_conformal/outputs/matched_forecasting005/pleia_h1_f2_s44_v1,afeec26a5064a899df55a5081826d94b2ef6a3b5229ee6a692855ac3f89534e2|006c7b08726fdfe876769e33b3062b900b78e677877db0102c7be60883189b03|556741a9a18d9a9f8ebb1031f0e532e5233caa8c07bcda907c7ae3ae195edb7f,14858,4953,9907,42|43|44,3,3,0.9408499041082065,1.3597399555105182e-16,0.9408499041082063,0.9408499041082063,training-seed variability on same evaluation support; not a population confidence interval,True,1.0
pleia,1,2,persistence,10,degrees C,signed_coverage_deviation90,0.9,smart_building_conformal/outputs/matched_forecasting005/pleia_h1_f2_s42_v1|smart_building_conformal/outputs/matched_forecasting005/pleia_h1_f2_s43_v1|smart_building_conformal/outputs/matched_forecasting005/pleia_h1_f2_s44_v1,afeec26a5064a899df55a5081826d94b2ef6a3b5229ee6a692855ac3f89534e2|006c7b08726fdfe876769e33b3062b900b78e677877db0102c7be60883189b03|556741a9a18d9a9f8ebb1031f0e532e5233caa8c07bcda907c7ae3ae195edb7f,14858,4953,9907,42|43|44,3,3,0.040849904108206325,0.0,0.040849904108206325,0.040849904108206325,training-seed variability on same evaluation support; not a population confidence interval,True,1.0
pleia,1,2,persistence,10,degrees C,absolute_coverage_deviation90,0.9,smart_building_conformal/outputs/matched_forecasting005/pleia_h1_f2_s42_v1|smart_building_conformal/outputs/matched_forecasting005/pleia_h1_f2_s43_v1|smart_building_conformal/outputs/matched_forecasting005/pleia_h1_f2_s44_v1,afeec26a5064a899df55a5081826d94b2ef6a3b5229ee6a692855ac3f89534e2|006c7b08726fdfe876769e33b3062b900b78e677877db0102c7be60883189b03|556741a9a18d9a9f8ebb1031f0e532e5233caa8c07bcda907c7ae3ae195edb7f,14858,4953,9907,42|43|44,3,3,0.040849904108206325,0.0,0.040849904108206325,0.040849904108206325,training-seed variability on same evaluation support; not a population confidence interval,True,1.0
pleia,1,2,persistence,10,degrees C,mpiw90,0.9,smart_building_conformal/outputs/matched_forecasting005/pleia_h1_f2_s42_v1|smart_building_conformal/outputs/matched_forecasting005/pleia_h1_f2_s43_v1|smart_building_conformal/outputs/matched_forecasting005/pleia_h1_f2_s44_v1,afeec26a5064a899df55a5081826d94b2ef6a3b5229ee6a692855ac3f89534e2|006c7b08726fdfe876769e33b3062b900b78e677877db0102c7be60883189b03|556741a9a18d9a9f8ebb1031f0e532e5233caa8c07bcda907c7ae3ae195edb7f,14858,4953,9907,42|43|44,3,3,1.2000000000000028,0.0,1.2000000000000028,1.2000000000000028,training-seed variability on same evaluation support; not a population confidence interval,True,1.0
pleia,1,2,persistence,10,degrees C,winkler90,0.9,smart_building_conformal/outputs/matched_forecasting005/pleia_h1_f2_s42_v1|smart_building_conformal/outputs/matched_forecasting005/pleia_h1_f2_s43_v1|smart_building_conformal/outputs/matched_forecasting005/pleia_h1_f2_s44_v1,afeec26a5064a899df55a5081826d94b2ef6a3b5229ee6a692855ac3f89534e2|006c7b08726fdfe876769e33b3062b900b78e677877db0102c7be60883189b03|556741a9a18d9a9f8ebb1031f0e532e5233caa8c07bcda907c7ae3ae195edb7f,14858,4953,9907,42|43|44,3,3,1.5472292318562646,0.0,1.5472292318562646,1.5472292318562646,training-seed variability on same evaluation support; not a population confidence interval,True,1.0
pleia,1,2,persistence,10,degrees C,coverage95,0.95,smart_building_conformal/outputs/matched_forecasting005/pleia_h1_f2_s42_v1|smart_building_conformal/outputs/matched_forecasting005/pleia_h1_f2_s43_v1|smart_building_conformal/outputs/matched_forecasting005/pleia_h1_f2_s44_v1,afeec26a5064a899df55a5081826d94b2ef6a3b5229ee6a692855ac3f89534e2|006c7b08726fdfe876769e33b3062b900b78e677877db0102c7be60883189b03|556741a9a18d9a9f8ebb1031f0e532e5233caa8c07bcda907c7ae3ae195edb7f,14858,4953,9907,42|43|44,3,3,0.9651761380841829,0.0,0.9651761380841829,0.9651761380841829,training-seed variability on same evaluation support; not a population confidence interval,True,1.0
pleia,1,2,persistence,10,degrees C,signed_coverage_deviation95,0.95,smart_building_conformal/outputs/matched_forecasting005/pleia_h1_f2_s42_v1|smart_building_conformal/outputs/matched_forecasting005/pleia_h1_f2_s43_v1|smart_building_conformal/outputs/matched_forecasting005/pleia_h1_f2_s44_v1,afeec26a5064a899df55a5081826d94b2ef6a3b5229ee6a692855ac3f89534e2|006c7b08726fdfe876769e33b3062b900b78e677877db0102c7be60883189b03|556741a9a18d9a9f8ebb1031f0e532e5233caa8c07bcda907c7ae3ae195edb7f,14858,4953,9907,42|43|44,3,3,0.015176138084182944,0.0,0.015176138084182944,0.015176138084182944,training-seed variability on same evaluation support; not a population confidence interval,True,1.0
pleia,1,2,persistence,10,degrees C,absolute_coverage_deviation95,0.95,smart_building_conformal/outputs/matched_forecasting005/pleia_h1_f2_s42_v1|smart_building_conformal/outputs/matched_forecasting005/pleia_h1_f2_s43_v1|smart_building_conformal/outputs/matched_forecasting005/pleia_h1_f2_s44_v1,afeec26a5064a899df55a5081826d94b2ef6a3b5229ee6a692855ac3f89534e2|006c7b08726fdfe876769e33b3062b900b78e677877db0102c7be60883189b03|556741a9a18d9a9f8ebb1031f0e532e5233caa8c07bcda907c7ae3ae195edb7f,14858,4953,9907,42|43|44,3,3,0.015176138084182944,0.0,0.015176138084182944,0.015176138084182944,training-seed variability on same evaluation support; not a population confidence interval,True,1.0
pleia,1,2,persistence,10,degrees C,mpiw95,0.95,smart_building_conformal/outputs/matched_forecasting005/pleia_h1_f2_s42_v1|smart_building_conformal/outputs/matched_forecasting005/pleia_h1_f2_s43_v1|smart_building_conformal/outputs/matched_forecasting005/pleia_h1_f2_s44_v1,afeec26a5064a899df55a5081826d94b2ef6a3b5229ee6a692855ac3f89534e2|006c7b08726fdfe876769e33b3062b900b78e677877db0102c7be60883189b03|556741a9a18d9a9f8ebb1031f0e532e5233caa8c07bcda907c7ae3ae195edb7f,14858,4953,9907,42|43|44,3,3,1.599999999999994,0.0,1.599999999999994,1.599999999999994,training-seed variability on same evaluation support; not a population confidence interval,True,1.0
pleia,1,2,persistence,10,degrees C,winkler95,0.95,smart_building_conformal/outputs/matched_forecasting005/pleia_h1_f2_s42_v1|smart_building_conformal/outputs/matched_forecasting005/pleia_h1_f2_s43_v1|smart_building_conformal/outputs/matched_forecasting005/pleia_h1_f2_s44_v1,afeec26a5064a899df55a5081826d94b2ef6a3b5229ee6a692855ac3f89534e2|006c7b08726fdfe876769e33b3062b900b78e677877db0102c7be60883189b03|556741a9a18d9a9f8ebb1031f0e532e5233caa8c07bcda907c7ae3ae195edb7f,14858,4953,9907,42|43|44,3,3,1.9044312102553735,2.7194799110210365e-16,1.9044312102553733,1.9044312102553733,training-seed variability on same evaluation support; not a population confidence interval,True,1.0
pleia,1,2,persistence,10,degrees C,tuning_seconds,,smart_building_conformal/outputs/matched_forecasting005/pleia_h1_f2_s42_v1|smart_building_conformal/outputs/matched_forecasting005/pleia_h1_f2_s43_v1|smart_building_conformal/outputs/matched_forecasting005/pleia_h1_f2_s44_v1,afeec26a5064a899df55a5081826d94b2ef6a3b5229ee6a692855ac3f89534e2|006c7b08726fdfe876769e33b3062b900b78e677877db0102c7be60883189b03|556741a9a18d9a9f8ebb1031f0e532e5233caa8c07bcda907c7ae3ae195edb7f,14858,4953,9907,42|43|44,3,3,0.0,0.0,0.0,0.0,training-seed variability on same evaluation support; not a population confidence interval,True,1.0
pleia,1,2,persistence,10,degrees C,final_fit_seconds,,smart_building_conformal/outputs/matched_forecasting005/pleia_h1_f2_s42_v1|smart_building_conformal/outputs/matched_forecasting005/pleia_h1_f2_s43_v1|smart_building_conformal/outputs/matched_forecasting005/pleia_h1_f2_s44_v1,afeec26a5064a899df55a5081826d94b2ef6a3b5229ee6a692855ac3f89534e2|006c7b08726fdfe876769e33b3062b900b78e677877db0102c7be60883189b03|556741a9a18d9a9f8ebb1031f0e532e5233caa8c07bcda907c7ae3ae195edb7f,14858,4953,9907,42|43|44,3,3,0.0006003666640026495,0.00019636469736916996,0.00038529999437741935,0.0007700999994995072,training-seed variability on same evaluation support; not a population confidence interval,True,1.0
pleia,1,2,persistence,10,degrees C,calibration_seconds,,smart_building_conformal/outputs/matched_forecasting005/pleia_h1_f2_s42_v1|smart_building_conformal/outputs/matched_forecasting005/pleia_h1_f2_s43_v1|smart_building_conformal/outputs/matched_forecasting005/pleia_h1_f2_s44_v1,afeec26a5064a899df55a5081826d94b2ef6a3b5229ee6a692855ac3f89534e2|006c7b08726fdfe876769e33b3062b900b78e677877db0102c7be60883189b03|556741a9a18d9a9f8ebb1031f0e532e5233caa8c07bcda907c7ae3ae195edb7f,14858,4953,9907,42|43|44,3,3,0.0037016999995103106,0.0013699931134143024,0.0025375999975949526,0.005211399999097921,training-seed variability on same evaluation support; not a population confidence interval,True,1.0
pleia,1,2,persistence,10,degrees C,inference_seconds,,smart_building_conformal/outputs/matched_forecasting005/pleia_h1_f2_s42_v1|smart_building_conformal/outputs/matched_forecasting005/pleia_h1_f2_s43_v1|smart_building_conformal/outputs/matched_forecasting005/pleia_h1_f2_s44_v1,afeec26a5064a899df55a5081826d94b2ef6a3b5229ee6a692855ac3f89534e2|006c7b08726fdfe876769e33b3062b900b78e677877db0102c7be60883189b03|556741a9a18d9a9f8ebb1031f0e532e5233caa8c07bcda907c7ae3ae195edb7f,14858,4953,9907,42|43|44,3,3,0.0063573999917328665,0.003334840194702478,0.003860899989376776,0.010144699997908901,training-seed variability on same evaluation support; not a population confidence interval,True,1.0
pleia,1,2,persistence,10,degrees C,model_phase_seconds,,smart_building_conformal/outputs/matched_forecasting005/pleia_h1_f2_s42_v1|smart_building_conformal/outputs/matched_forecasting005/pleia_h1_f2_s43_v1|smart_building_conformal/outputs/matched_forecasting005/pleia_h1_f2_s44_v1,afeec26a5064a899df55a5081826d94b2ef6a3b5229ee6a692855ac3f89534e2|006c7b08726fdfe876769e33b3062b900b78e677877db0102c7be60883189b03|556741a9a18d9a9f8ebb1031f0e532e5233caa8c07bcda907c7ae3ae195edb7f,14858,4953,9907,42|43|44,3,3,0.010659466655245827,0.004815768648666341,0.00704419998510275,0.01612619999650633,training-seed variability on same evaluation support; not a population confidence interval,True,1.0
pleia,1,2,persistence,10,degrees C,process_cpu_seconds,,smart_building_conformal/outputs/matched_forecasting005/pleia_h1_f2_s42_v1|smart_building_conformal/outputs/matched_forecasting005/pleia_h1_f2_s43_v1|smart_building_conformal/outputs/matched_forecasting005/pleia_h1_f2_s44_v1,afeec26a5064a899df55a5081826d94b2ef6a3b5229ee6a692855ac3f89534e2|006c7b08726fdfe876769e33b3062b900b78e677877db0102c7be60883189b03|556741a9a18d9a9f8ebb1031f0e532e5233caa8c07bcda907c7ae3ae195edb7f,14858,4953,9907,42|43|44,3,3,0.010416666666666666,0.009021097956087904,0.0,0.015625,training-seed variability on same evaluation support; not a population confidence interval,True,1.0
pleia,1,2,persistence,10,degrees C,inference_rows_per_second,,smart_building_conformal/outputs/matched_forecasting005/pleia_h1_f2_s42_v1|smart_building_conformal/outputs/matched_forecasting005/pleia_h1_f2_s43_v1|smart_building_conformal/outputs/matched_forecasting005/pleia_h1_f2_s44_v1,afeec26a5064a899df55a5081826d94b2ef6a3b5229ee6a692855ac3f89534e2|006c7b08726fdfe876769e33b3062b900b78e677877db0102c7be60883189b03|556741a9a18d9a9f8ebb1031f0e532e5233caa8c07bcda907c7ae3ae195edb7f,14858,4953,9907,42|43|44,3,3,1832635.2528226569,801781.4249149087,976569.0461070413,2565982.0319767417,training-seed variability on same evaluation support; not a population confidence interval,True,1.0
pleia,1,2,xgboost,10,degrees C,mae,,smart_building_conformal/outputs/matched_forecasting005/pleia_h1_f2_s42_v1|smart_building_conformal/outputs/matched_forecasting005/pleia_h1_f2_s43_v1|smart_building_conformal/outputs/matched_forecasting005/pleia_h1_f2_s44_v1,afeec26a5064a899df55a5081826d94b2ef6a3b5229ee6a692855ac3f89534e2|006c7b08726fdfe876769e33b3062b900b78e677877db0102c7be60883189b03|556741a9a18d9a9f8ebb1031f0e532e5233caa8c07bcda907c7ae3ae195edb7f,14858,4953,9907,42|43|44,3,3,2.218284504612788,0.10068472171966095,2.1031593262300947,2.289884834524432,training-seed variability on same evaluation support; not a population confidence interval,False,
pleia,1,2,xgboost,10,degrees C,rmse,,smart_building_conformal/outputs/matched_forecasting005/pleia_h1_f2_s42_v1|smart_building_conformal/outputs/matched_forecasting005/pleia_h1_f2_s43_v1|smart_building_conformal/outputs/matched_forecasting005/pleia_h1_f2_s44_v1,afeec26a5064a899df55a5081826d94b2ef6a3b5229ee6a692855ac3f89534e2|006c7b08726fdfe876769e33b3062b900b78e677877db0102c7be60883189b03|556741a9a18d9a9f8ebb1031f0e532e5233caa8c07bcda907c7ae3ae195edb7f,14858,4953,9907,42|43|44,3,3,2.611653144809494,0.11712057679945093,2.4771971847891163,2.691467848820989,training-seed variability on same evaluation support; not a population confidence interval,False,
pleia,1,2,xgboost,10,degrees C,coverage90,0.9,smart_building_conformal/outputs/matched_forecasting005/pleia_h1_f2_s42_v1|smart_building_conformal/outputs/matched_forecasting005/pleia_h1_f2_s43_v1|smart_building_conformal/outputs/matched_forecasting005/pleia_h1_f2_s44_v1,afeec26a5064a899df55a5081826d94b2ef6a3b5229ee6a692855ac3f89534e2|006c7b08726fdfe876769e33b3062b900b78e677877db0102c7be60883189b03|556741a9a18d9a9f8ebb1031f0e532e5233caa8c07bcda907c7ae3ae195edb7f,14858,4953,9907,42|43|44,3,3,0.26005181521483123,0.008048769364359012,0.2546684162713233,0.2693045321489856,training-seed variability on same evaluation support; not a population confidence interval,False,
pleia,1,2,xgboost,10,degrees C,signed_coverage_deviation90,0.9,smart_building_conformal/outputs/matched_forecasting005/pleia_h1_f2_s42_v1|smart_building_conformal/outputs/matched_forecasting005/pleia_h1_f2_s43_v1|smart_building_conformal/outputs/matched_forecasting005/pleia_h1_f2_s44_v1,afeec26a5064a899df55a5081826d94b2ef6a3b5229ee6a692855ac3f89534e2|006c7b08726fdfe876769e33b3062b900b78e677877db0102c7be60883189b03|556741a9a18d9a9f8ebb1031f0e532e5233caa8c07bcda907c7ae3ae195edb7f,14858,4953,9907,42|43|44,3,3,-0.6399481847851687,0.008048769364359032,-0.6453315837286767,-0.6306954678510144,training-seed variability on same evaluation support; not a population confidence interval,False,
pleia,1,2,xgboost,10,degrees C,absolute_coverage_deviation90,0.9,smart_building_conformal/outputs/matched_forecasting005/pleia_h1_f2_s42_v1|smart_building_conformal/outputs/matched_forecasting005/pleia_h1_f2_s43_v1|smart_building_conformal/outputs/matched_forecasting005/pleia_h1_f2_s44_v1,afeec26a5064a899df55a5081826d94b2ef6a3b5229ee6a692855ac3f89534e2|006c7b08726fdfe876769e33b3062b900b78e677877db0102c7be60883189b03|556741a9a18d9a9f8ebb1031f0e532e5233caa8c07bcda907c7ae3ae195edb7f,14858,4953,9907,42|43|44,3,3,0.6399481847851687,0.008048769364359032,0.6306954678510144,0.6453315837286767,training-seed variability on same evaluation support; not a population confidence interval,False,
pleia,1,2,xgboost,10,degrees C,mpiw90,0.9,smart_building_conformal/outputs/matched_forecasting005/pleia_h1_f2_s42_v1|smart_building_conformal/outputs/matched_forecasting005/pleia_h1_f2_s43_v1|smart_building_conformal/outputs/matched_forecasting005/pleia_h1_f2_s44_v1,afeec26a5064a899df55a5081826d94b2ef6a3b5229ee6a692855ac3f89534e2|006c7b08726fdfe876769e33b3062b900b78e677877db0102c7be60883189b03|556741a9a18d9a9f8ebb1031f0e532e5233caa8c07bcda907c7ae3ae195edb7f,14858,4953,9907,42|43|44,3,3,2.1245099385579445,0.024642518530946733,2.1098129272460966,2.1529594421386733,training-seed variability on same evaluation support; not a population confidence interval,False,
pleia,1,2,xgboost,10,degrees C,winkler90,0.9,smart_building_conformal/outputs/matched_forecasting005/pleia_h1_f2_s42_v1|smart_building_conformal/outputs/matched_forecasting005/pleia_h1_f2_s43_v1|smart_building_conformal/outputs/matched_forecasting005/pleia_h1_f2_s44_v1,afeec26a5064a899df55a5081826d94b2ef6a3b5229ee6a692855ac3f89534e2|006c7b08726fdfe876769e33b3062b900b78e677877db0102c7be60883189b03|556741a9a18d9a9f8ebb1031f0e532e5233caa8c07bcda907c7ae3ae195edb7f,14858,4953,9907,42|43|44,3,3,27.749250563273716,1.8394919858987093,25.6277101660925,28.899633950244716,training-seed variability on same evaluation support; not a population confidence interval,False,
pleia,1,2,xgboost,10,degrees C,coverage95,0.95,smart_building_conformal/outputs/matched_forecasting005/pleia_h1_f2_s42_v1|smart_building_conformal/outputs/matched_forecasting005/pleia_h1_f2_s43_v1|smart_building_conformal/outputs/matched_forecasting005/pleia_h1_f2_s44_v1,afeec26a5064a899df55a5081826d94b2ef6a3b5229ee6a692855ac3f89534e2|006c7b08726fdfe876769e33b3062b900b78e677877db0102c7be60883189b03|556741a9a18d9a9f8ebb1031f0e532e5233caa8c07bcda907c7ae3ae195edb7f,14858,4953,9907,42|43|44,3,3,0.3376400524881397,0.012542018025491234,0.32724336327848996,0.3515695972544665,training-seed variability on same evaluation support; not a population confidence interval,False,
pleia,1,2,xgboost,10,degrees C,signed_coverage_deviation95,0.95,smart_building_conformal/outputs/matched_forecasting005/pleia_h1_f2_s42_v1|smart_building_conformal/outputs/matched_forecasting005/pleia_h1_f2_s43_v1|smart_building_conformal/outputs/matched_forecasting005/pleia_h1_f2_s44_v1,afeec26a5064a899df55a5081826d94b2ef6a3b5229ee6a692855ac3f89534e2|006c7b08726fdfe876769e33b3062b900b78e677877db0102c7be60883189b03|556741a9a18d9a9f8ebb1031f0e532e5233caa8c07bcda907c7ae3ae195edb7f,14858,4953,9907,42|43|44,3,3,-0.6123599475118603,0.01254201802549129,-0.62275663672151,-0.5984304027455334,training-seed variability on same evaluation support; not a population confidence interval,False,
pleia,1,2,xgboost,10,degrees C,absolute_coverage_deviation95,0.95,smart_building_conformal/outputs/matched_forecasting005/pleia_h1_f2_s42_v1|smart_building_conformal/outputs/matched_forecasting005/pleia_h1_f2_s43_v1|smart_building_conformal/outputs/matched_forecasting005/pleia_h1_f2_s44_v1,afeec26a5064a899df55a5081826d94b2ef6a3b5229ee6a692855ac3f89534e2|006c7b08726fdfe876769e33b3062b900b78e677877db0102c7be60883189b03|556741a9a18d9a9f8ebb1031f0e532e5233caa8c07bcda907c7ae3ae195edb7f,14858,4953,9907,42|43|44,3,3,0.6123599475118603,0.01254201802549129,0.5984304027455334,0.62275663672151,training-seed variability on same evaluation support; not a population confidence interval,False,
pleia,1,2,xgboost,10,degrees C,mpiw95,0.95,smart_building_conformal/outputs/matched_forecasting005/pleia_h1_f2_s42_v1|smart_building_conformal/outputs/matched_forecasting005/pleia_h1_f2_s43_v1|smart_building_conformal/outputs/matched_forecasting005/pleia_h1_f2_s44_v1,afeec26a5064a899df55a5081826d94b2ef6a3b5229ee6a692855ac3f89534e2|006c7b08726fdfe876769e33b3062b900b78e677877db0102c7be60883189b03|556741a9a18d9a9f8ebb1031f0e532e5233caa8c07bcda907c7ae3ae195edb7f,14858,4953,9907,42|43|44,3,3,2.6957654317220068,0.028411024762735226,2.6714607238769545,2.727000427246097,training-seed variability on same evaluation support; not a population confidence interval,False,
pleia,1,2,xgboost,10,degrees C,winkler95,0.95,smart_building_conformal/outputs/matched_forecasting005/pleia_h1_f2_s42_v1|smart_building_conformal/outputs/matched_forecasting005/pleia_h1_f2_s43_v1|smart_building_conformal/outputs/matched_forecasting005/pleia_h1_f2_s44_v1,afeec26a5064a899df55a5081826d94b2ef6a3b5229ee6a692855ac3f89534e2|006c7b08726fdfe876769e33b3062b900b78e677877db0102c7be60883189b03|556741a9a18d9a9f8ebb1031f0e532e5233caa8c07bcda907c7ae3ae195edb7f,14858,4953,9907,42|43|44,3,3,45.94847563416325,3.4497032207568163,41.96926949646293,48.09584814418001,training-seed variability on same evaluation support; not a population confidence interval,False,
pleia,1,2,xgboost,10,degrees C,tuning_seconds,,smart_building_conformal/outputs/matched_forecasting005/pleia_h1_f2_s42_v1|smart_building_conformal/outputs/matched_forecasting005/pleia_h1_f2_s43_v1|smart_building_conformal/outputs/matched_forecasting005/pleia_h1_f2_s44_v1,afeec26a5064a899df55a5081826d94b2ef6a3b5229ee6a692855ac3f89534e2|006c7b08726fdfe876769e33b3062b900b78e677877db0102c7be60883189b03|556741a9a18d9a9f8ebb1031f0e532e5233caa8c07bcda907c7ae3ae195edb7f,14858,4953,9907,42|43|44,3,3,2.9846991333348947,0.17172842911212768,2.8076847000047565,3.1506019000007655,training-seed variability on same evaluation support; not a population confidence interval,False,
pleia,1,2,xgboost,10,degrees C,final_fit_seconds,,smart_building_conformal/outputs/matched_forecasting005/pleia_h1_f2_s42_v1|smart_building_conformal/outputs/matched_forecasting005/pleia_h1_f2_s43_v1|smart_building_conformal/outputs/matched_forecasting005/pleia_h1_f2_s44_v1,afeec26a5064a899df55a5081826d94b2ef6a3b5229ee6a692855ac3f89534e2|006c7b08726fdfe876769e33b3062b900b78e677877db0102c7be60883189b03|556741a9a18d9a9f8ebb1031f0e532e5233caa8c07bcda907c7ae3ae195edb7f,14858,4953,9907,42|43|44,3,3,0.7185264666647223,0.0408617193241681,0.6751154999947175,0.7562412000042968,training-seed variability on same evaluation support; not a population confidence interval,False,
pleia,1,2,xgboost,10,degrees C,calibration_seconds,,smart_building_conformal/outputs/matched_forecasting005/pleia_h1_f2_s42_v1|smart_building_conformal/outputs/matched_forecasting005/pleia_h1_f2_s43_v1|smart_building_conformal/outputs/matched_forecasting005/pleia_h1_f2_s44_v1,afeec26a5064a899df55a5081826d94b2ef6a3b5229ee6a692855ac3f89534e2|006c7b08726fdfe876769e33b3062b900b78e677877db0102c7be60883189b03|556741a9a18d9a9f8ebb1031f0e532e5233caa8c07bcda907c7ae3ae195edb7f,14858,4953,9907,42|43|44,3,3,0.055706666668508355,0.0024438890280321845,0.05424450000282377,0.058528000001388136,training-seed variability on same evaluation support; not a population confidence interval,False,
pleia,1,2,xgboost,10,degrees C,inference_seconds,,smart_building_conformal/outputs/matched_forecasting005/pleia_h1_f2_s42_v1|smart_building_conformal/outputs/matched_forecasting005/pleia_h1_f2_s43_v1|smart_building_conformal/outputs/matched_forecasting005/pleia_h1_f2_s44_v1,afeec26a5064a899df55a5081826d94b2ef6a3b5229ee6a692855ac3f89534e2|006c7b08726fdfe876769e33b3062b900b78e677877db0102c7be60883189b03|556741a9a18d9a9f8ebb1031f0e532e5233caa8c07bcda907c7ae3ae195edb7f,14858,4953,9907,42|43|44,3,3,0.10796163333240354,0.004611561389103308,0.10268959999666549,0.11124630000267643,training-seed variability on same evaluation support; not a population confidence interval,False,
pleia,1,2,xgboost,10,degrees C,model_phase_seconds,,smart_building_conformal/outputs/matched_forecasting005/pleia_h1_f2_s42_v1|smart_building_conformal/outputs/matched_forecasting005/pleia_h1_f2_s43_v1|smart_building_conformal/outputs/matched_forecasting005/pleia_h1_f2_s44_v1,afeec26a5064a899df55a5081826d94b2ef6a3b5229ee6a692855ac3f89534e2|006c7b08726fdfe876769e33b3062b900b78e677877db0102c7be60883189b03|556741a9a18d9a9f8ebb1031f0e532e5233caa8c07bcda907c7ae3ae195edb7f,14858,4953,9907,42|43|44,3,3,3.866893900000529,0.21839631979084254,3.6397342999989633,4.075320100004319,training-seed variability on same evaluation support; not a population confidence interval,False,
pleia,1,2,xgboost,10,degrees C,process_cpu_seconds,,smart_building_conformal/outputs/matched_forecasting005/pleia_h1_f2_s42_v1|smart_building_conformal/outputs/matched_forecasting005/pleia_h1_f2_s43_v1|smart_building_conformal/outputs/matched_forecasting005/pleia_h1_f2_s44_v1,afeec26a5064a899df55a5081826d94b2ef6a3b5229ee6a692855ac3f89534e2|006c7b08726fdfe876769e33b3062b900b78e677877db0102c7be60883189b03|556741a9a18d9a9f8ebb1031f0e532e5233caa8c07bcda907c7ae3ae195edb7f,14858,4953,9907,42|43|44,3,3,3.7447916666666665,0.15651020001371582,3.59375,3.90625,training-seed variability on same evaluation support; not a population confidence interval,False,
pleia,1,2,xgboost,10,degrees C,inference_rows_per_second,,smart_building_conformal/outputs/matched_forecasting005/pleia_h1_f2_s42_v1|smart_building_conformal/outputs/matched_forecasting005/pleia_h1_f2_s43_v1|smart_building_conformal/outputs/matched_forecasting005/pleia_h1_f2_s44_v1,afeec26a5064a899df55a5081826d94b2ef6a3b5229ee6a692855ac3f89534e2|006c7b08726fdfe876769e33b3062b900b78e677877db0102c7be60883189b03|556741a9a18d9a9f8ebb1031f0e532e5233caa8c07bcda907c7ae3ae195edb7f,14858,4953,9907,42|43|44,3,3,91878.42088819743,4015.449026858528,89054.64720859616,96475.20294481328,training-seed variability on same evaluation support; not a population confidence interval,False,
pleia,3,2,attention_lstm,30,degrees C,mae,,smart_building_conformal/outputs/matched_forecasting005/pleia_h3_f2_s42_v1|smart_building_conformal/outputs/matched_forecasting005/pleia_h3_f2_s43_v1|smart_building_conformal/outputs/matched_forecasting005/pleia_h3_f2_s44_v1,8196306a329a6c9ca8326b0c397aea778201506a8cf246687569ae5edd3a0c84|591cc9bc729f1568eb03adc14a89532c11b371bf24f5f2b6e51e6eb80bd8971b|b7e3fa5ed8095f5fd84d9934e8cfc8e570437f6da1fa9ab9bb67e1ef8b940f33,14855,4952,9907,42|43|44,3,3,3.646868346798834,0.09954485375746558,3.5752859793097294,3.7605450324553997,training-seed variability on same evaluation support; not a population confidence interval,False,
pleia,3,2,attention_lstm,30,degrees C,rmse,,smart_building_conformal/outputs/matched_forecasting005/pleia_h3_f2_s42_v1|smart_building_conformal/outputs/matched_forecasting005/pleia_h3_f2_s43_v1|smart_building_conformal/outputs/matched_forecasting005/pleia_h3_f2_s44_v1,8196306a329a6c9ca8326b0c397aea778201506a8cf246687569ae5edd3a0c84|591cc9bc729f1568eb03adc14a89532c11b371bf24f5f2b6e51e6eb80bd8971b|b7e3fa5ed8095f5fd84d9934e8cfc8e570437f6da1fa9ab9bb67e1ef8b940f33,14855,4952,9907,42|43|44,3,3,3.9862135315389984,0.08931581066375442,3.914436126986378,4.086237381599427,training-seed variability on same evaluation support; not a population confidence interval,False,
pleia,3,2,attention_lstm,30,degrees C,coverage90,0.9,smart_building_conformal/outputs/matched_forecasting005/pleia_h3_f2_s42_v1|smart_building_conformal/outputs/matched_forecasting005/pleia_h3_f2_s43_v1|smart_building_conformal/outputs/matched_forecasting005/pleia_h3_f2_s44_v1,8196306a329a6c9ca8326b0c397aea778201506a8cf246687569ae5edd3a0c84|591cc9bc729f1568eb03adc14a89532c11b371bf24f5f2b6e51e6eb80bd8971b|b7e3fa5ed8095f5fd84d9934e8cfc8e570437f6da1fa9ab9bb67e1ef8b940f33,14855,4952,9907,42|43|44,3,3,0.21432657043841055,0.015632256146624057,0.20298778641364693,0.23215907943878067,training-seed variability on same evaluation support; not a population confidence interval,False,
pleia,3,2,attention_lstm,30,degrees C,signed_coverage_deviation90,0.9,smart_building_conformal/outputs/matched_forecasting005/pleia_h3_f2_s42_v1|smart_building_conformal/outputs/matched_forecasting005/pleia_h3_f2_s43_v1|smart_building_conformal/outputs/matched_forecasting005/pleia_h3_f2_s44_v1,8196306a329a6c9ca8326b0c397aea778201506a8cf246687569ae5edd3a0c84|591cc9bc729f1568eb03adc14a89532c11b371bf24f5f2b6e51e6eb80bd8971b|b7e3fa5ed8095f5fd84d9934e8cfc8e570437f6da1fa9ab9bb67e1ef8b940f33,14855,4952,9907,42|43|44,3,3,-0.6856734295615894,0.01563225614662406,-0.6970122135863531,-0.6678409205612194,training-seed variability on same evaluation support; not a population confidence interval,False,
pleia,3,2,attention_lstm,30,degrees C,absolute_coverage_deviation90,0.9,smart_building_conformal/outputs/matched_forecasting005/pleia_h3_f2_s42_v1|smart_building_conformal/outputs/matched_forecasting005/pleia_h3_f2_s43_v1|smart_building_conformal/outputs/matched_forecasting005/pleia_h3_f2_s44_v1,8196306a329a6c9ca8326b0c397aea778201506a8cf246687569ae5edd3a0c84|591cc9bc729f1568eb03adc14a89532c11b371bf24f5f2b6e51e6eb80bd8971b|b7e3fa5ed8095f5fd84d9934e8cfc8e570437f6da1fa9ab9bb67e1ef8b940f33,14855,4952,9907,42|43|44,3,3,0.6856734295615894,0.01563225614662406,0.6678409205612194,0.6970122135863531,training-seed variability on same evaluation support; not a population confidence interval,False,
pleia,3,2,attention_lstm,30,degrees C,mpiw90,0.9,smart_building_conformal/outputs/matched_forecasting005/pleia_h3_f2_s42_v1|smart_building_conformal/outputs/matched_forecasting005/pleia_h3_f2_s43_v1|smart_building_conformal/outputs/matched_forecasting005/pleia_h3_f2_s44_v1,8196306a329a6c9ca8326b0c397aea778201506a8cf246687569ae5edd3a0c84|591cc9bc729f1568eb03adc14a89532c11b371bf24f5f2b6e51e6eb80bd8971b|b7e3fa5ed8095f5fd84d9934e8cfc8e570437f6da1fa9ab9bb67e1ef8b940f33,14855,4952,9907,42|43|44,3,3,4.501580556233724,0.2064259139933356,4.265376281738284,4.64738311767578,training-seed variability on same evaluation support; not a population confidence interval,False,
pleia,3,2,attention_lstm,30,degrees C,winkler90,0.9,smart_building_conformal/outputs/matched_forecasting005/pleia_h3_f2_s42_v1|smart_building_conformal/outputs/matched_forecasting005/pleia_h3_f2_s43_v1|smart_building_conformal/outputs/matched_forecasting005/pleia_h3_f2_s44_v1,8196306a329a6c9ca8326b0c397aea778201506a8cf246687569ae5edd3a0c84|591cc9bc729f1568eb03adc14a89532c11b371bf24f5f2b6e51e6eb80bd8971b|b7e3fa5ed8095f5fd84d9934e8cfc8e570437f6da1fa9ab9bb67e1ef8b940f33,14855,4952,9907,42|43|44,3,3,36.404054226189764,1.6748417328762177,34.4771654432641,37.51039558704052,training-seed variability on same evaluation support; not a population confidence interval,False,
pleia,3,2,attention_lstm,30,degrees C,coverage95,0.95,smart_building_conformal/outputs/matched_forecasting005/pleia_h3_f2_s42_v1|smart_building_conformal/outputs/matched_forecasting005/pleia_h3_f2_s43_v1|smart_building_conformal/outputs/matched_forecasting005/pleia_h3_f2_s44_v1,8196306a329a6c9ca8326b0c397aea778201506a8cf246687569ae5edd3a0c84|591cc9bc729f1568eb03adc14a89532c11b371bf24f5f2b6e51e6eb80bd8971b|b7e3fa5ed8095f5fd84d9934e8cfc8e570437f6da1fa9ab9bb67e1ef8b940f33,14855,4952,9907,42|43|44,3,3,0.27418323744153966,0.024178214852424704,0.2527505803976986,0.300393661047744,training-seed variability on same evaluation support; not a population confidence interval,False,
pleia,3,2,attention_lstm,30,degrees C,signed_coverage_deviation95,0.95,smart_building_conformal/outputs/matched_forecasting005/pleia_h3_f2_s42_v1|smart_building_conformal/outputs/matched_forecasting005/pleia_h3_f2_s43_v1|smart_building_conformal/outputs/matched_forecasting005/pleia_h3_f2_s44_v1,8196306a329a6c9ca8326b0c397aea778201506a8cf246687569ae5edd3a0c84|591cc9bc729f1568eb03adc14a89532c11b371bf24f5f2b6e51e6eb80bd8971b|b7e3fa5ed8095f5fd84d9934e8cfc8e570437f6da1fa9ab9bb67e1ef8b940f33,14855,4952,9907,42|43|44,3,3,-0.6758167625584602,0.024178214852424704,-0.6972494196023014,-0.649606338952256,training-seed variability on same evaluation support; not a population confidence interval,False,
pleia,3,2,attention_lstm,30,degrees C,absolute_coverage_deviation95,0.95,smart_building_conformal/outputs/matched_forecasting005/pleia_h3_f2_s42_v1|smart_building_conformal/outputs/matched_forecasting005/pleia_h3_f2_s43_v1|smart_building_conformal/outputs/matched_forecasting005/pleia_h3_f2_s44_v1,8196306a329a6c9ca8326b0c397aea778201506a8cf246687569ae5edd3a0c84|591cc9bc729f1568eb03adc14a89532c11b371bf24f5f2b6e51e6eb80bd8971b|b7e3fa5ed8095f5fd84d9934e8cfc8e570437f6da1fa9ab9bb67e1ef8b940f33,14855,4952,9907,42|43|44,3,3,0.6758167625584602,0.024178214852424704,0.649606338952256,0.6972494196023014,training-seed variability on same evaluation support; not a population confidence interval,False,
pleia,3,2,attention_lstm,30,degrees C,mpiw95,0.95,smart_building_conformal/outputs/matched_forecasting005/pleia_h3_f2_s42_v1|smart_building_conformal/outputs/matched_forecasting005/pleia_h3_f2_s43_v1|smart_building_conformal/outputs/matched_forecasting005/pleia_h3_f2_s44_v1,8196306a329a6c9ca8326b0c397aea778201506a8cf246687569ae5edd3a0c84|591cc9bc729f1568eb03adc14a89532c11b371bf24f5f2b6e51e6eb80bd8971b|b7e3fa5ed8095f5fd84d9934e8cfc8e570437f6da1fa9ab9bb67e1ef8b940f33,14855,4952,9907,42|43|44,3,3,5.280653889973958,0.17570083679315496,5.093133544921875,5.441480255126953,training-seed variability on same evaluation support; not a population confidence interval,False,
pleia,3,2,attention_lstm,30,degrees C,winkler95,0.95,smart_building_conformal/outputs/matched_forecasting005/pleia_h3_f2_s42_v1|smart_building_conformal/outputs/matched_forecasting005/pleia_h3_f2_s43_v1|smart_building_conformal/outputs/matched_forecasting005/pleia_h3_f2_s44_v1,8196306a329a6c9ca8326b0c397aea778201506a8cf246687569ae5edd3a0c84|591cc9bc729f1568eb03adc14a89532c11b371bf24f5f2b6e51e6eb80bd8971b|b7e3fa5ed8095f5fd84d9934e8cfc8e570437f6da1fa9ab9bb67e1ef8b940f33,14855,4952,9907,42|43|44,3,3,57.333525624366104,4.034763755894856,52.73237168587474,60.26762875061859,training-seed variability on same evaluation support; not a population confidence interval,False,
pleia,3,2,attention_lstm,30,degrees C,tuning_seconds,,smart_building_conformal/outputs/matched_forecasting005/pleia_h3_f2_s42_v1|smart_building_conformal/outputs/matched_forecasting005/pleia_h3_f2_s43_v1|smart_building_conformal/outputs/matched_forecasting005/pleia_h3_f2_s44_v1,8196306a329a6c9ca8326b0c397aea778201506a8cf246687569ae5edd3a0c84|591cc9bc729f1568eb03adc14a89532c11b371bf24f5f2b6e51e6eb80bd8971b|b7e3fa5ed8095f5fd84d9934e8cfc8e570437f6da1fa9ab9bb67e1ef8b940f33,14855,4952,9907,42|43|44,3,3,131.299424999995,5.671118924550921,127.47844429999532,137.81552819999342,training-seed variability on same evaluation support; not a population confidence interval,False,
pleia,3,2,attention_lstm,30,degrees C,final_fit_seconds,,smart_building_conformal/outputs/matched_forecasting005/pleia_h3_f2_s42_v1|smart_building_conformal/outputs/matched_forecasting005/pleia_h3_f2_s43_v1|smart_building_conformal/outputs/matched_forecasting005/pleia_h3_f2_s44_v1,8196306a329a6c9ca8326b0c397aea778201506a8cf246687569ae5edd3a0c84|591cc9bc729f1568eb03adc14a89532c11b371bf24f5f2b6e51e6eb80bd8971b|b7e3fa5ed8095f5fd84d9934e8cfc8e570437f6da1fa9ab9bb67e1ef8b940f33,14855,4952,9907,42|43|44,3,3,40.001182000002395,6.227895044661613,35.82644370000344,47.15958130000217,training-seed variability on same evaluation support; not a population confidence interval,False,
pleia,3,2,attention_lstm,30,degrees C,calibration_seconds,,smart_building_conformal/outputs/matched_forecasting005/pleia_h3_f2_s42_v1|smart_building_conformal/outputs/matched_forecasting005/pleia_h3_f2_s43_v1|smart_building_conformal/outputs/matched_forecasting005/pleia_h3_f2_s44_v1,8196306a329a6c9ca8326b0c397aea778201506a8cf246687569ae5edd3a0c84|591cc9bc729f1568eb03adc14a89532c11b371bf24f5f2b6e51e6eb80bd8971b|b7e3fa5ed8095f5fd84d9934e8cfc8e570437f6da1fa9ab9bb67e1ef8b940f33,14855,4952,9907,42|43|44,3,3,0.20521659999940312,0.005875988711758636,0.1997886000026483,0.21145619999879273,training-seed variability on same evaluation support; not a population confidence interval,False,
pleia,3,2,attention_lstm,30,degrees C,inference_seconds,,smart_building_conformal/outputs/matched_forecasting005/pleia_h3_f2_s42_v1|smart_building_conformal/outputs/matched_forecasting005/pleia_h3_f2_s43_v1|smart_building_conformal/outputs/matched_forecasting005/pleia_h3_f2_s44_v1,8196306a329a6c9ca8326b0c397aea778201506a8cf246687569ae5edd3a0c84|591cc9bc729f1568eb03adc14a89532c11b371bf24f5f2b6e51e6eb80bd8971b|b7e3fa5ed8095f5fd84d9934e8cfc8e570437f6da1fa9ab9bb67e1ef8b940f33,14855,4952,9907,42|43|44,3,3,0.39477350000379374,0.029297524109110663,0.376654800005781,0.42857410000578966,training-seed variability on same evaluation support; not a population confidence interval,False,
pleia,3,2,attention_lstm,30,degrees C,model_phase_seconds,,smart_building_conformal/outputs/matched_forecasting005/pleia_h3_f2_s42_v1|smart_building_conformal/outputs/matched_forecasting005/pleia_h3_f2_s43_v1|smart_building_conformal/outputs/matched_forecasting005/pleia_h3_f2_s44_v1,8196306a329a6c9ca8326b0c397aea778201506a8cf246687569ae5edd3a0c84|591cc9bc729f1568eb03adc14a89532c11b371bf24f5f2b6e51e6eb80bd8971b|b7e3fa5ed8095f5fd84d9934e8cfc8e570437f6da1fa9ab9bb67e1ef8b940f33,14855,4952,9907,42|43|44,3,3,171.9005971000006,11.867076629782748,165.01885720000428,185.60347220000403,training-seed variability on same evaluation support; not a population confidence interval,False,
pleia,3,2,attention_lstm,30,degrees C,process_cpu_seconds,,smart_building_conformal/outputs/matched_forecasting005/pleia_h3_f2_s42_v1|smart_building_conformal/outputs/matched_forecasting005/pleia_h3_f2_s43_v1|smart_building_conformal/outputs/matched_forecasting005/pleia_h3_f2_s44_v1,8196306a329a6c9ca8326b0c397aea778201506a8cf246687569ae5edd3a0c84|591cc9bc729f1568eb03adc14a89532c11b371bf24f5f2b6e51e6eb80bd8971b|b7e3fa5ed8095f5fd84d9934e8cfc8e570437f6da1fa9ab9bb67e1ef8b940f33,14855,4952,9907,42|43|44,3,3,167.78645833333334,12.11937423181714,160.234375,181.765625,training-seed variability on same evaluation support; not a population confidence interval,False,
pleia,3,2,attention_lstm,30,degrees C,inference_rows_per_second,,smart_building_conformal/outputs/matched_forecasting005/pleia_h3_f2_s42_v1|smart_building_conformal/outputs/matched_forecasting005/pleia_h3_f2_s43_v1|smart_building_conformal/outputs/matched_forecasting005/pleia_h3_f2_s44_v1,8196306a329a6c9ca8326b0c397aea778201506a8cf246687569ae5edd3a0c84|591cc9bc729f1568eb03adc14a89532c11b371bf24f5f2b6e51e6eb80bd8971b|b7e3fa5ed8095f5fd84d9934e8cfc8e570437f6da1fa9ab9bb67e1ef8b940f33,14855,4952,9907,42|43|44,3,3,25184.104437833183,1792.8612233975625,23116.18924210811,26302.598559338538,training-seed variability on same evaluation support; not a population confidence interval,False,
pleia,3,2,persistence,30,degrees C,mae,,smart_building_conformal/outputs/matched_forecasting005/pleia_h3_f2_s42_v1|smart_building_conformal/outputs/matched_forecasting005/pleia_h3_f2_s43_v1|smart_building_conformal/outputs/matched_forecasting005/pleia_h3_f2_s44_v1,8196306a329a6c9ca8326b0c397aea778201506a8cf246687569ae5edd3a0c84|591cc9bc729f1568eb03adc14a89532c11b371bf24f5f2b6e51e6eb80bd8971b|b7e3fa5ed8095f5fd84d9934e8cfc8e570437f6da1fa9ab9bb67e1ef8b940f33,14855,4952,9907,42|43|44,3,3,0.39159180377510855,6.798699777552591e-17,0.3915918037751086,0.3915918037751086,training-seed variability on same evaluation support; not a population confidence interval,True,1.0
pleia,3,2,persistence,30,degrees C,rmse,,smart_building_conformal/outputs/matched_forecasting005/pleia_h3_f2_s42_v1|smart_building_conformal/outputs/matched_forecasting005/pleia_h3_f2_s43_v1|smart_building_conformal/outputs/matched_forecasting005/pleia_h3_f2_s44_v1,8196306a329a6c9ca8326b0c397aea778201506a8cf246687569ae5edd3a0c84|591cc9bc729f1568eb03adc14a89532c11b371bf24f5f2b6e51e6eb80bd8971b|b7e3fa5ed8095f5fd84d9934e8cfc8e570437f6da1fa9ab9bb67e1ef8b940f33,14855,4952,9907,42|43|44,3,3,0.5655364111359953,0.0,0.5655364111359953,0.5655364111359953,training-seed variability on same evaluation support; not a population confidence interval,True,1.0
pleia,3,2,persistence,30,degrees C,coverage90,0.9,smart_building_conformal/outputs/matched_forecasting005/pleia_h3_f2_s42_v1|smart_building_conformal/outputs/matched_forecasting005/pleia_h3_f2_s43_v1|smart_building_conformal/outputs/matched_forecasting005/pleia_h3_f2_s44_v1,8196306a329a6c9ca8326b0c397aea778201506a8cf246687569ae5edd3a0c84|591cc9bc729f1568eb03adc14a89532c11b371bf24f5f2b6e51e6eb80bd8971b|b7e3fa5ed8095f5fd84d9934e8cfc8e570437f6da1fa9ab9bb67e1ef8b940f33,14855,4952,9907,42|43|44,3,3,0.9363076612496215,0.0,0.9363076612496215,0.9363076612496215,training-seed variability on same evaluation support; not a population confidence interval,True,1.0
pleia,3,2,persistence,30,degrees C,signed_coverage_deviation90,0.9,smart_building_conformal/outputs/matched_forecasting005/pleia_h3_f2_s42_v1|smart_building_conformal/outputs/matched_forecasting005/pleia_h3_f2_s43_v1|smart_building_conformal/outputs/matched_forecasting005/pleia_h3_f2_s44_v1,8196306a329a6c9ca8326b0c397aea778201506a8cf246687569ae5edd3a0c84|591cc9bc729f1568eb03adc14a89532c11b371bf24f5f2b6e51e6eb80bd8971b|b7e3fa5ed8095f5fd84d9934e8cfc8e570437f6da1fa9ab9bb67e1ef8b940f33,14855,4952,9907,42|43|44,3,3,0.03630766124962148,0.0,0.03630766124962148,0.03630766124962148,training-seed variability on same evaluation support; not a population confidence interval,True,1.0
pleia,3,2,persistence,30,degrees C,absolute_coverage_deviation90,0.9,smart_building_conformal/outputs/matched_forecasting005/pleia_h3_f2_s42_v1|smart_building_conformal/outputs/matched_forecasting005/pleia_h3_f2_s43_v1|smart_building_conformal/outputs/matched_forecasting005/pleia_h3_f2_s44_v1,8196306a329a6c9ca8326b0c397aea778201506a8cf246687569ae5edd3a0c84|591cc9bc729f1568eb03adc14a89532c11b371bf24f5f2b6e51e6eb80bd8971b|b7e3fa5ed8095f5fd84d9934e8cfc8e570437f6da1fa9ab9bb67e1ef8b940f33,14855,4952,9907,42|43|44,3,3,0.03630766124962148,0.0,0.03630766124962148,0.03630766124962148,training-seed variability on same evaluation support; not a population confidence interval,True,1.0
pleia,3,2,persistence,30,degrees C,mpiw90,0.9,smart_building_conformal/outputs/matched_forecasting005/pleia_h3_f2_s42_v1|smart_building_conformal/outputs/matched_forecasting005/pleia_h3_f2_s43_v1|smart_building_conformal/outputs/matched_forecasting005/pleia_h3_f2_s44_v1,8196306a329a6c9ca8326b0c397aea778201506a8cf246687569ae5edd3a0c84|591cc9bc729f1568eb03adc14a89532c11b371bf24f5f2b6e51e6eb80bd8971b|b7e3fa5ed8095f5fd84d9934e8cfc8e570437f6da1fa9ab9bb67e1ef8b940f33,14855,4952,9907,42|43|44,3,3,2.0,0.0,2.0,2.0,training-seed variability on same evaluation support; not a population confidence interval,True,1.0
pleia,3,2,persistence,30,degrees C,winkler90,0.9,smart_building_conformal/outputs/matched_forecasting005/pleia_h3_f2_s42_v1|smart_building_conformal/outputs/matched_forecasting005/pleia_h3_f2_s43_v1|smart_building_conformal/outputs/matched_forecasting005/pleia_h3_f2_s44_v1,8196306a329a6c9ca8326b0c397aea778201506a8cf246687569ae5edd3a0c84|591cc9bc729f1568eb03adc14a89532c11b371bf24f5f2b6e51e6eb80bd8971b|b7e3fa5ed8095f5fd84d9934e8cfc8e570437f6da1fa9ab9bb67e1ef8b940f33,14855,4952,9907,42|43|44,3,3,2.665186231957202,0.0,2.665186231957202,2.665186231957202,training-seed variability on same evaluation support; not a population confidence interval,True,1.0
pleia,3,2,persistence,30,degrees C,coverage95,0.95,smart_building_conformal/outputs/matched_forecasting005/pleia_h3_f2_s42_v1|smart_building_conformal/outputs/matched_forecasting005/pleia_h3_f2_s43_v1|smart_building_conformal/outputs/matched_forecasting005/pleia_h3_f2_s44_v1,8196306a329a6c9ca8326b0c397aea778201506a8cf246687569ae5edd3a0c84|591cc9bc729f1568eb03adc14a89532c11b371bf24f5f2b6e51e6eb80bd8971b|b7e3fa5ed8095f5fd84d9934e8cfc8e570437f6da1fa9ab9bb67e1ef8b940f33,14855,4952,9907,42|43|44,3,3,0.9600282628444535,1.3597399555105182e-16,0.9600282628444534,0.9600282628444534,training-seed variability on same evaluation support; not a population confidence interval,True,1.0
pleia,3,2,persistence,30,degrees C,signed_coverage_deviation95,0.95,smart_building_conformal/outputs/matched_forecasting005/pleia_h3_f2_s42_v1|smart_building_conformal/outputs/matched_forecasting005/pleia_h3_f2_s43_v1|smart_building_conformal/outputs/matched_forecasting005/pleia_h3_f2_s44_v1,8196306a329a6c9ca8326b0c397aea778201506a8cf246687569ae5edd3a0c84|591cc9bc729f1568eb03adc14a89532c11b371bf24f5f2b6e51e6eb80bd8971b|b7e3fa5ed8095f5fd84d9934e8cfc8e570437f6da1fa9ab9bb67e1ef8b940f33,14855,4952,9907,42|43|44,3,3,0.010028262844453462,0.0,0.010028262844453462,0.010028262844453462,training-seed variability on same evaluation support; not a population confidence interval,True,1.0
pleia,3,2,persistence,30,degrees C,absolute_coverage_deviation95,0.95,smart_building_conformal/outputs/matched_forecasting005/pleia_h3_f2_s42_v1|smart_building_conformal/outputs/matched_forecasting005/pleia_h3_f2_s43_v1|smart_building_conformal/outputs/matched_forecasting005/pleia_h3_f2_s44_v1,8196306a329a6c9ca8326b0c397aea778201506a8cf246687569ae5edd3a0c84|591cc9bc729f1568eb03adc14a89532c11b371bf24f5f2b6e51e6eb80bd8971b|b7e3fa5ed8095f5fd84d9934e8cfc8e570437f6da1fa9ab9bb67e1ef8b940f33,14855,4952,9907,42|43|44,3,3,0.010028262844453462,0.0,0.010028262844453462,0.010028262844453462,training-seed variability on same evaluation support; not a population confidence interval,True,1.0
pleia,3,2,persistence,30,degrees C,mpiw95,0.95,smart_building_conformal/outputs/matched_forecasting005/pleia_h3_f2_s42_v1|smart_building_conformal/outputs/matched_forecasting005/pleia_h3_f2_s43_v1|smart_building_conformal/outputs/matched_forecasting005/pleia_h3_f2_s44_v1,8196306a329a6c9ca8326b0c397aea778201506a8cf246687569ae5edd3a0c84|591cc9bc729f1568eb03adc14a89532c11b371bf24f5f2b6e51e6eb80bd8971b|b7e3fa5ed8095f5fd84d9934e8cfc8e570437f6da1fa9ab9bb67e1ef8b940f33,14855,4952,9907,42|43|44,3,3,2.4000000000000057,0.0,2.4000000000000057,2.4000000000000057,training-seed variability on same evaluation support; not a population confidence interval,True,1.0
pleia,3,2,persistence,30,degrees C,winkler95,0.95,smart_building_conformal/outputs/matched_forecasting005/pleia_h3_f2_s42_v1|smart_building_conformal/outputs/matched_forecasting005/pleia_h3_f2_s43_v1|smart_building_conformal/outputs/matched_forecasting005/pleia_h3_f2_s44_v1,8196306a329a6c9ca8326b0c397aea778201506a8cf246687569ae5edd3a0c84|591cc9bc729f1568eb03adc14a89532c11b371bf24f5f2b6e51e6eb80bd8971b|b7e3fa5ed8095f5fd84d9934e8cfc8e570437f6da1fa9ab9bb67e1ef8b940f33,14855,4952,9907,42|43|44,3,3,3.2700918542444737,0.0,3.2700918542444737,3.2700918542444737,training-seed variability on same evaluation support; not a population confidence interval,True,1.0
pleia,3,2,persistence,30,degrees C,tuning_seconds,,smart_building_conformal/outputs/matched_forecasting005/pleia_h3_f2_s42_v1|smart_building_conformal/outputs/matched_forecasting005/pleia_h3_f2_s43_v1|smart_building_conformal/outputs/matched_forecasting005/pleia_h3_f2_s44_v1,8196306a329a6c9ca8326b0c397aea778201506a8cf246687569ae5edd3a0c84|591cc9bc729f1568eb03adc14a89532c11b371bf24f5f2b6e51e6eb80bd8971b|b7e3fa5ed8095f5fd84d9934e8cfc8e570437f6da1fa9ab9bb67e1ef8b940f33,14855,4952,9907,42|43|44,3,3,0.0,0.0,0.0,0.0,training-seed variability on same evaluation support; not a population confidence interval,True,1.0
pleia,3,2,persistence,30,degrees C,final_fit_seconds,,smart_building_conformal/outputs/matched_forecasting005/pleia_h3_f2_s42_v1|smart_building_conformal/outputs/matched_forecasting005/pleia_h3_f2_s43_v1|smart_building_conformal/outputs/matched_forecasting005/pleia_h3_f2_s44_v1,8196306a329a6c9ca8326b0c397aea778201506a8cf246687569ae5edd3a0c84|591cc9bc729f1568eb03adc14a89532c11b371bf24f5f2b6e51e6eb80bd8971b|b7e3fa5ed8095f5fd84d9934e8cfc8e570437f6da1fa9ab9bb67e1ef8b940f33,14855,4952,9907,42|43|44,3,3,0.0004967666706458355,0.00011025944312215932,0.0003701999958138913,0.0005720000044675544,training-seed variability on same evaluation support; not a population confidence interval,True,1.0
pleia,3,2,persistence,30,degrees C,calibration_seconds,,smart_building_conformal/outputs/matched_forecasting005/pleia_h3_f2_s42_v1|smart_building_conformal/outputs/matched_forecasting005/pleia_h3_f2_s43_v1|smart_building_conformal/outputs/matched_forecasting005/pleia_h3_f2_s44_v1,8196306a329a6c9ca8326b0c397aea778201506a8cf246687569ae5edd3a0c84|591cc9bc729f1568eb03adc14a89532c11b371bf24f5f2b6e51e6eb80bd8971b|b7e3fa5ed8095f5fd84d9934e8cfc8e570437f6da1fa9ab9bb67e1ef8b940f33,14855,4952,9907,42|43|44,3,3,0.0032759000023361295,0.0007818907370596335,0.002665099993464537,0.004157100003794767,training-seed variability on same evaluation support; not a population confidence interval,True,1.0
pleia,3,2,persistence,30,degrees C,inference_seconds,,smart_building_conformal/outputs/matched_forecasting005/pleia_h3_f2_s42_v1|smart_building_conformal/outputs/matched_forecasting005/pleia_h3_f2_s43_v1|smart_building_conformal/outputs/matched_forecasting005/pleia_h3_f2_s44_v1,8196306a329a6c9ca8326b0c397aea778201506a8cf246687569ae5edd3a0c84|591cc9bc729f1568eb03adc14a89532c11b371bf24f5f2b6e51e6eb80bd8971b|b7e3fa5ed8095f5fd84d9934e8cfc8e570437f6da1fa9ab9bb67e1ef8b940f33,14855,4952,9907,42|43|44,3,3,0.005337400005373638,0.002375981886211254,0.0037943999996059574,0.008073500008322299,training-seed variability on same evaluation support; not a population confidence interval,True,1.0
pleia,3,2,persistence,30,degrees C,model_phase_seconds,,smart_building_conformal/outputs/matched_forecasting005/pleia_h3_f2_s42_v1|smart_building_conformal/outputs/matched_forecasting005/pleia_h3_f2_s43_v1|smart_building_conformal/outputs/matched_forecasting005/pleia_h3_f2_s44_v1,8196306a329a6c9ca8326b0c397aea778201506a8cf246687569ae5edd3a0c84|591cc9bc729f1568eb03adc14a89532c11b371bf24f5f2b6e51e6eb80bd8971b|b7e3fa5ed8095f5fd84d9934e8cfc8e570437f6da1fa9ab9bb67e1ef8b940f33,14855,4952,9907,42|43|44,3,3,0.009110066678355603,0.0019087350528825837,0.0077218000224092975,0.011286700013442896,training-seed variability on same evaluation support; not a population confidence interval,True,1.0
pleia,3,2,persistence,30,degrees C,process_cpu_seconds,,smart_building_conformal/outputs/matched_forecasting005/pleia_h3_f2_s42_v1|smart_building_conformal/outputs/matched_forecasting005/pleia_h3_f2_s43_v1|smart_building_conformal/outputs/matched_forecasting005/pleia_h3_f2_s44_v1,8196306a329a6c9ca8326b0c397aea778201506a8cf246687569ae5edd3a0c84|591cc9bc729f1568eb03adc14a89532c11b371bf24f5f2b6e51e6eb80bd8971b|b7e3fa5ed8095f5fd84d9934e8cfc8e570437f6da1fa9ab9bb67e1ef8b940f33,14855,4952,9907,42|43|44,3,3,0.005208333333333333,0.009021097956087904,0.0,0.015625,training-seed variability on same evaluation support; not a population confidence interval,True,1.0
pleia,3,2,persistence,30,degrees C,inference_rows_per_second,,smart_building_conformal/outputs/matched_forecasting005/pleia_h3_f2_s42_v1|smart_building_conformal/outputs/matched_forecasting005/pleia_h3_f2_s43_v1|smart_building_conformal/outputs/matched_forecasting005/pleia_h3_f2_s44_v1,8196306a329a6c9ca8326b0c397aea778201506a8cf246687569ae5edd3a0c84|591cc9bc729f1568eb03adc14a89532c11b371bf24f5f2b6e51e6eb80bd8971b|b7e3fa5ed8095f5fd84d9934e8cfc8e570437f6da1fa9ab9bb67e1ef8b940f33,14855,4952,9907,42|43|44,3,3,2076188.7523214992,743546.2497317529,1227101.0082105282,2610952.9836150184,training-seed variability on same evaluation support; not a population confidence interval,True,1.0
pleia,3,2,xgboost,30,degrees C,mae,,smart_building_conformal/outputs/matched_forecasting005/pleia_h3_f2_s42_v1|smart_building_conformal/outputs/matched_forecasting005/pleia_h3_f2_s43_v1|smart_building_conformal/outputs/matched_forecasting005/pleia_h3_f2_s44_v1,8196306a329a6c9ca8326b0c397aea778201506a8cf246687569ae5edd3a0c84|591cc9bc729f1568eb03adc14a89532c11b371bf24f5f2b6e51e6eb80bd8971b|b7e3fa5ed8095f5fd84d9934e8cfc8e570437f6da1fa9ab9bb67e1ef8b940f33,14855,4952,9907,42|43|44,3,3,3.391464079365323,0.1143766122120454,3.319667929328509,3.5233621233994703,training-seed variability on same evaluation support; not a population confidence interval,False,
pleia,3,2,xgboost,30,degrees C,rmse,,smart_building_conformal/outputs/matched_forecasting005/pleia_h3_f2_s42_v1|smart_building_conformal/outputs/matched_forecasting005/pleia_h3_f2_s43_v1|smart_building_conformal/outputs/matched_forecasting005/pleia_h3_f2_s44_v1,8196306a329a6c9ca8326b0c397aea778201506a8cf246687569ae5edd3a0c84|591cc9bc729f1568eb03adc14a89532c11b371bf24f5f2b6e51e6eb80bd8971b|b7e3fa5ed8095f5fd84d9934e8cfc8e570437f6da1fa9ab9bb67e1ef8b940f33,14855,4952,9907,42|43|44,3,3,3.78339380751761,0.11786590748340951,3.6956747238295584,3.9173721260654064,training-seed variability on same evaluation support; not a population confidence interval,False,
pleia,3,2,xgboost,30,degrees C,coverage90,0.9,smart_building_conformal/outputs/matched_forecasting005/pleia_h3_f2_s42_v1|smart_building_conformal/outputs/matched_forecasting005/pleia_h3_f2_s43_v1|smart_building_conformal/outputs/matched_forecasting005/pleia_h3_f2_s44_v1,8196306a329a6c9ca8326b0c397aea778201506a8cf246687569ae5edd3a0c84|591cc9bc729f1568eb03adc14a89532c11b371bf24f5f2b6e51e6eb80bd8971b|b7e3fa5ed8095f5fd84d9934e8cfc8e570437f6da1fa9ab9bb67e1ef8b940f33,14855,4952,9907,42|43|44,3,3,0.23209178695198682,0.017396149081437787,0.21378823054405977,0.2484102149994953,training-seed variability on same evaluation support; not a population confidence interval,False,
pleia,3,2,xgboost,30,degrees C,signed_coverage_deviation90,0.9,smart_building_conformal/outputs/matched_forecasting005/pleia_h3_f2_s42_v1|smart_building_conformal/outputs/matched_forecasting005/pleia_h3_f2_s43_v1|smart_building_conformal/outputs/matched_forecasting005/pleia_h3_f2_s44_v1,8196306a329a6c9ca8326b0c397aea778201506a8cf246687569ae5edd3a0c84|591cc9bc729f1568eb03adc14a89532c11b371bf24f5f2b6e51e6eb80bd8971b|b7e3fa5ed8095f5fd84d9934e8cfc8e570437f6da1fa9ab9bb67e1ef8b940f33,14855,4952,9907,42|43|44,3,3,-0.6679082130480132,0.01739614908143777,-0.6862117694559402,-0.6515897850005047,training-seed variability on same evaluation support; not a population confidence interval,False,
pleia,3,2,xgboost,30,degrees C,absolute_coverage_deviation90,0.9,smart_building_conformal/outputs/matched_forecasting005/pleia_h3_f2_s42_v1|smart_building_conformal/outputs/matched_forecasting005/pleia_h3_f2_s43_v1|smart_building_conformal/outputs/matched_forecasting005/pleia_h3_f2_s44_v1,8196306a329a6c9ca8326b0c397aea778201506a8cf246687569ae5edd3a0c84|591cc9bc729f1568eb03adc14a89532c11b371bf24f5f2b6e51e6eb80bd8971b|b7e3fa5ed8095f5fd84d9934e8cfc8e570437f6da1fa9ab9bb67e1ef8b940f33,14855,4952,9907,42|43|44,3,3,0.6679082130480132,0.01739614908143777,0.6515897850005047,0.6862117694559402,training-seed variability on same evaluation support; not a population confidence interval,False,
pleia,3,2,xgboost,30,degrees C,mpiw90,0.9,smart_building_conformal/outputs/matched_forecasting005/pleia_h3_f2_s42_v1|smart_building_conformal/outputs/matched_forecasting005/pleia_h3_f2_s43_v1|smart_building_conformal/outputs/matched_forecasting005/pleia_h3_f2_s44_v1,8196306a329a6c9ca8326b0c397aea778201506a8cf246687569ae5edd3a0c84|591cc9bc729f1568eb03adc14a89532c11b371bf24f5f2b6e51e6eb80bd8971b|b7e3fa5ed8095f5fd84d9934e8cfc8e570437f6da1fa9ab9bb67e1ef8b940f33,14855,4952,9907,42|43|44,3,3,3.9481109619140633,0.026235966229282506,3.930916595458981,3.9783088684082064,training-seed variability on same evaluation support; not a population confidence interval,False,
pleia,3,2,xgboost,30,degrees C,winkler90,0.9,smart_building_conformal/outputs/matched_forecasting005/pleia_h3_f2_s42_v1|smart_building_conformal/outputs/matched_forecasting005/pleia_h3_f2_s43_v1|smart_building_conformal/outputs/matched_forecasting005/pleia_h3_f2_s44_v1,8196306a329a6c9ca8326b0c397aea778201506a8cf246687569ae5edd3a0c84|591cc9bc729f1568eb03adc14a89532c11b371bf24f5f2b6e51e6eb80bd8971b|b7e3fa5ed8095f5fd84d9934e8cfc8e570437f6da1fa9ab9bb67e1ef8b940f33,14855,4952,9907,42|43|44,3,3,35.99817396118826,2.1827306874577674,34.31631218388569,38.4647797790632,training-seed variability on same evaluation support; not a population confidence interval,False,
pleia,3,2,xgboost,30,degrees C,coverage95,0.95,smart_building_conformal/outputs/matched_forecasting005/pleia_h3_f2_s42_v1|smart_building_conformal/outputs/matched_forecasting005/pleia_h3_f2_s43_v1|smart_building_conformal/outputs/matched_forecasting005/pleia_h3_f2_s44_v1,8196306a329a6c9ca8326b0c397aea778201506a8cf246687569ae5edd3a0c84|591cc9bc729f1568eb03adc14a89532c11b371bf24f5f2b6e51e6eb80bd8971b|b7e3fa5ed8095f5fd84d9934e8cfc8e570437f6da1fa9ab9bb67e1ef8b940f33,14855,4952,9907,42|43|44,3,3,0.304868611419535,0.019381638072734256,0.28293126072474006,0.31967295851418187,training-seed variability on same evaluation support; not a population confidence interval,False,
pleia,3,2,xgboost,30,degrees C,signed_coverage_deviation95,0.95,smart_building_conformal/outputs/matched_forecasting005/pleia_h3_f2_s42_v1|smart_building_conformal/outputs/matched_forecasting005/pleia_h3_f2_s43_v1|smart_building_conformal/outputs/matched_forecasting005/pleia_h3_f2_s44_v1,8196306a329a6c9ca8326b0c397aea778201506a8cf246687569ae5edd3a0c84|591cc9bc729f1568eb03adc14a89532c11b371bf24f5f2b6e51e6eb80bd8971b|b7e3fa5ed8095f5fd84d9934e8cfc8e570437f6da1fa9ab9bb67e1ef8b940f33,14855,4952,9907,42|43|44,3,3,-0.6451313885804649,0.019381638072734256,-0.6670687392752599,-0.6303270414858181,training-seed variability on same evaluation support; not a population confidence interval,False,
pleia,3,2,xgboost,30,degrees C,absolute_coverage_deviation95,0.95,smart_building_conformal/outputs/matched_forecasting005/pleia_h3_f2_s42_v1|smart_building_conformal/outputs/matched_forecasting005/pleia_h3_f2_s43_v1|smart_building_conformal/outputs/matched_forecasting005/pleia_h3_f2_s44_v1,8196306a329a6c9ca8326b0c397aea778201506a8cf246687569ae5edd3a0c84|591cc9bc729f1568eb03adc14a89532c11b371bf24f5f2b6e51e6eb80bd8971b|b7e3fa5ed8095f5fd84d9934e8cfc8e570437f6da1fa9ab9bb67e1ef8b940f33,14855,4952,9907,42|43|44,3,3,0.6451313885804649,0.019381638072734256,0.6303270414858181,0.6670687392752599,training-seed variability on same evaluation support; not a population confidence interval,False,
pleia,3,2,xgboost,30,degrees C,mpiw95,0.95,smart_building_conformal/outputs/matched_forecasting005/pleia_h3_f2_s42_v1|smart_building_conformal/outputs/matched_forecasting005/pleia_h3_f2_s43_v1|smart_building_conformal/outputs/matched_forecasting005/pleia_h3_f2_s44_v1,8196306a329a6c9ca8326b0c397aea778201506a8cf246687569ae5edd3a0c84|591cc9bc729f1568eb03adc14a89532c11b371bf24f5f2b6e51e6eb80bd8971b|b7e3fa5ed8095f5fd84d9934e8cfc8e570437f6da1fa9ab9bb67e1ef8b940f33,14855,4952,9907,42|43|44,3,3,4.700172424316406,0.030503027269888686,4.665321350097656,4.72201232910156,training-seed variability on same evaluation support; not a population confidence interval,False,
pleia,3,2,xgboost,30,degrees C,winkler95,0.95,smart_building_conformal/outputs/matched_forecasting005/pleia_h3_f2_s42_v1|smart_building_conformal/outputs/matched_forecasting005/pleia_h3_f2_s43_v1|smart_building_conformal/outputs/matched_forecasting005/pleia_h3_f2_s44_v1,8196306a329a6c9ca8326b0c397aea778201506a8cf246687569ae5edd3a0c84|591cc9bc729f1568eb03adc14a89532c11b371bf24f5f2b6e51e6eb80bd8971b|b7e3fa5ed8095f5fd84d9934e8cfc8e570437f6da1fa9ab9bb67e1ef8b940f33,14855,4952,9907,42|43|44,3,3,57.785869747146535,3.8454627939039288,54.59111551793248,62.053966457759216,training-seed variability on same evaluation support; not a population confidence interval,False,
pleia,3,2,xgboost,30,degrees C,tuning_seconds,,smart_building_conformal/outputs/matched_forecasting005/pleia_h3_f2_s42_v1|smart_building_conformal/outputs/matched_forecasting005/pleia_h3_f2_s43_v1|smart_building_conformal/outputs/matched_forecasting005/pleia_h3_f2_s44_v1,8196306a329a6c9ca8326b0c397aea778201506a8cf246687569ae5edd3a0c84|591cc9bc729f1568eb03adc14a89532c11b371bf24f5f2b6e51e6eb80bd8971b|b7e3fa5ed8095f5fd84d9934e8cfc8e570437f6da1fa9ab9bb67e1ef8b940f33,14855,4952,9907,42|43|44,3,3,2.942355099999986,0.06872528177208762,2.8655339000033564,2.9980005999968853,training-seed variability on same evaluation support; not a population confidence interval,False,
pleia,3,2,xgboost,30,degrees C,final_fit_seconds,,smart_building_conformal/outputs/matched_forecasting005/pleia_h3_f2_s42_v1|smart_building_conformal/outputs/matched_forecasting005/pleia_h3_f2_s43_v1|smart_building_conformal/outputs/matched_forecasting005/pleia_h3_f2_s44_v1,8196306a329a6c9ca8326b0c397aea778201506a8cf246687569ae5edd3a0c84|591cc9bc729f1568eb03adc14a89532c11b371bf24f5f2b6e51e6eb80bd8971b|b7e3fa5ed8095f5fd84d9934e8cfc8e570437f6da1fa9ab9bb67e1ef8b940f33,14855,4952,9907,42|43|44,3,3,0.7138068666681647,0.02276154936594839,0.6883396000048378,0.7321665000054054,training-seed variability on same evaluation support; not a population confidence interval,False,
pleia,3,2,xgboost,30,degrees C,calibration_seconds,,smart_building_conformal/outputs/matched_forecasting005/pleia_h3_f2_s42_v1|smart_building_conformal/outputs/matched_forecasting005/pleia_h3_f2_s43_v1|smart_building_conformal/outputs/matched_forecasting005/pleia_h3_f2_s44_v1,8196306a329a6c9ca8326b0c397aea778201506a8cf246687569ae5edd3a0c84|591cc9bc729f1568eb03adc14a89532c11b371bf24f5f2b6e51e6eb80bd8971b|b7e3fa5ed8095f5fd84d9934e8cfc8e570437f6da1fa9ab9bb67e1ef8b940f33,14855,4952,9907,42|43|44,3,3,0.05564823333891885,0.001191977871361558,0.0545540000020992,0.05691840000508819,training-seed variability on same evaluation support; not a population confidence interval,False,
pleia,3,2,xgboost,30,degrees C,inference_seconds,,smart_building_conformal/outputs/matched_forecasting005/pleia_h3_f2_s42_v1|smart_building_conformal/outputs/matched_forecasting005/pleia_h3_f2_s43_v1|smart_building_conformal/outputs/matched_forecasting005/pleia_h3_f2_s44_v1,8196306a329a6c9ca8326b0c397aea778201506a8cf246687569ae5edd3a0c84|591cc9bc729f1568eb03adc14a89532c11b371bf24f5f2b6e51e6eb80bd8971b|b7e3fa5ed8095f5fd84d9934e8cfc8e570437f6da1fa9ab9bb67e1ef8b940f33,14855,4952,9907,42|43|44,3,3,0.10504830000233294,0.010796617439750588,0.09815780000644736,0.11749119999876712,training-seed variability on same evaluation support; not a population confidence interval,False,
pleia,3,2,xgboost,30,degrees C,model_phase_seconds,,smart_building_conformal/outputs/matched_forecasting005/pleia_h3_f2_s42_v1|smart_building_conformal/outputs/matched_forecasting005/pleia_h3_f2_s43_v1|smart_building_conformal/outputs/matched_forecasting005/pleia_h3_f2_s44_v1,8196306a329a6c9ca8326b0c397aea778201506a8cf246687569ae5edd3a0c84|591cc9bc729f1568eb03adc14a89532c11b371bf24f5f2b6e51e6eb80bd8971b|b7e3fa5ed8095f5fd84d9934e8cfc8e570437f6da1fa9ab9bb67e1ef8b940f33,14855,4952,9907,42|43|44,3,3,3.8168585000094026,0.09232416831354265,3.7102878000150668,3.8725452000071527,training-seed variability on same evaluation support; not a population confidence interval,False,
pleia,3,2,xgboost,30,degrees C,process_cpu_seconds,,smart_building_conformal/outputs/matched_forecasting005/pleia_h3_f2_s42_v1|smart_building_conformal/outputs/matched_forecasting005/pleia_h3_f2_s43_v1|smart_building_conformal/outputs/matched_forecasting005/pleia_h3_f2_s44_v1,8196306a329a6c9ca8326b0c397aea778201506a8cf246687569ae5edd3a0c84|591cc9bc729f1568eb03adc14a89532c11b371bf24f5f2b6e51e6eb80bd8971b|b7e3fa5ed8095f5fd84d9934e8cfc8e570437f6da1fa9ab9bb67e1ef8b940f33,14855,4952,9907,42|43|44,3,3,3.7708333333333335,0.047735163489123336,3.71875,3.8125,training-seed variability on same evaluation support; not a population confidence interval,False,
pleia,3,2,xgboost,30,degrees C,inference_rows_per_second,,smart_building_conformal/outputs/matched_forecasting005/pleia_h3_f2_s42_v1|smart_building_conformal/outputs/matched_forecasting005/pleia_h3_f2_s43_v1|smart_building_conformal/outputs/matched_forecasting005/pleia_h3_f2_s44_v1,8196306a329a6c9ca8326b0c397aea778201506a8cf246687569ae5edd3a0c84|591cc9bc729f1568eb03adc14a89532c11b371bf24f5f2b6e51e6eb80bd8971b|b7e3fa5ed8095f5fd84d9934e8cfc8e570437f6da1fa9ab9bb67e1ef8b940f33,14855,4952,9907,42|43|44,3,3,94940.82360733965,9221.864430611258,84321.20873822004,100929.3199251539,training-seed variability on same evaluation support; not a population confidence interval,False,
pleia,6,2,attention_lstm,60,degrees C,mae,,smart_building_conformal/outputs/matched_forecasting005/pleia_h6_f2_s42_v1|smart_building_conformal/outputs/matched_forecasting005/pleia_h6_f2_s43_v1|smart_building_conformal/outputs/matched_forecasting005/pleia_h6_f2_s44_v1,ff4f03a56c5f3fee34466478e87f5f2f7fb26fcbfc1ef160d240ad250f347b1b|12a21c7ab9474210c38718dc5d0ad8b0f6eeab8c5f54e8c84e545f094db17d5f|525531103bdd604f7fcaff1fd54d3b905c82394b6ab9d0a9f351f372258537df,14850,4951,9907,42|43|44,3,3,4.660840812640235,0.20566855924895566,4.463557159309852,4.873976859072209,training-seed variability on same evaluation support; not a population confidence interval,False,
pleia,6,2,attention_lstm,60,degrees C,rmse,,smart_building_conformal/outputs/matched_forecasting005/pleia_h6_f2_s42_v1|smart_building_conformal/outputs/matched_forecasting005/pleia_h6_f2_s43_v1|smart_building_conformal/outputs/matched_forecasting005/pleia_h6_f2_s44_v1,ff4f03a56c5f3fee34466478e87f5f2f7fb26fcbfc1ef160d240ad250f347b1b|12a21c7ab9474210c38718dc5d0ad8b0f6eeab8c5f54e8c84e545f094db17d5f|525531103bdd604f7fcaff1fd54d3b905c82394b6ab9d0a9f351f372258537df,14850,4951,9907,42|43|44,3,3,4.959991031380782,0.2131588869411475,4.752998409263015,5.178822731083383,training-seed variability on same evaluation support; not a population confidence interval,False,
pleia,6,2,attention_lstm,60,degrees C,coverage90,0.9,smart_building_conformal/outputs/matched_forecasting005/pleia_h6_f2_s42_v1|smart_building_conformal/outputs/matched_forecasting005/pleia_h6_f2_s43_v1|smart_building_conformal/outputs/matched_forecasting005/pleia_h6_f2_s44_v1,ff4f03a56c5f3fee34466478e87f5f2f7fb26fcbfc1ef160d240ad250f347b1b|12a21c7ab9474210c38718dc5d0ad8b0f6eeab8c5f54e8c84e545f094db17d5f|525531103bdd604f7fcaff1fd54d3b905c82394b6ab9d0a9f351f372258537df,14850,4951,9907,42|43|44,3,3,0.1994212846135729,0.008755719710971171,0.19279297466437872,0.20934692641566569,training-seed variability on same evaluation support; not a population confidence interval,False,
pleia,6,2,attention_lstm,60,degrees C,signed_coverage_deviation90,0.9,smart_building_conformal/outputs/matched_forecasting005/pleia_h6_f2_s42_v1|smart_building_conformal/outputs/matched_forecasting005/pleia_h6_f2_s43_v1|smart_building_conformal/outputs/matched_forecasting005/pleia_h6_f2_s44_v1,ff4f03a56c5f3fee34466478e87f5f2f7fb26fcbfc1ef160d240ad250f347b1b|12a21c7ab9474210c38718dc5d0ad8b0f6eeab8c5f54e8c84e545f094db17d5f|525531103bdd604f7fcaff1fd54d3b905c82394b6ab9d0a9f351f372258537df,14850,4951,9907,42|43|44,3,3,-0.7005787153864271,0.008755719710971149,-0.7072070253356213,-0.6906530735843344,training-seed variability on same evaluation support; not a population confidence interval,False,
pleia,6,2,attention_lstm,60,degrees C,absolute_coverage_deviation90,0.9,smart_building_conformal/outputs/matched_forecasting005/pleia_h6_f2_s42_v1|smart_building_conformal/outputs/matched_forecasting005/pleia_h6_f2_s43_v1|smart_building_conformal/outputs/matched_forecasting005/pleia_h6_f2_s44_v1,ff4f03a56c5f3fee34466478e87f5f2f7fb26fcbfc1ef160d240ad250f347b1b|12a21c7ab9474210c38718dc5d0ad8b0f6eeab8c5f54e8c84e545f094db17d5f|525531103bdd604f7fcaff1fd54d3b905c82394b6ab9d0a9f351f372258537df,14850,4951,9907,42|43|44,3,3,0.7005787153864271,0.008755719710971149,0.6906530735843344,0.7072070253356213,training-seed variability on same evaluation support; not a population confidence interval,False,
pleia,6,2,attention_lstm,60,degrees C,mpiw90,0.9,smart_building_conformal/outputs/matched_forecasting005/pleia_h6_f2_s42_v1|smart_building_conformal/outputs/matched_forecasting005/pleia_h6_f2_s43_v1|smart_building_conformal/outputs/matched_forecasting005/pleia_h6_f2_s44_v1,ff4f03a56c5f3fee34466478e87f5f2f7fb26fcbfc1ef160d240ad250f347b1b|12a21c7ab9474210c38718dc5d0ad8b0f6eeab8c5f54e8c84e545f094db17d5f|525531103bdd604f7fcaff1fd54d3b905c82394b6ab9d0a9f351f372258537df,14850,4951,9907,42|43|44,3,3,6.4219011942545565,0.15946711098407884,6.312603759765622,6.604886627197265,training-seed variability on same evaluation support; not a population confidence interval,False,
pleia,6,2,attention_lstm,60,degrees C,winkler90,0.9,smart_building_conformal/outputs/matched_forecasting005/pleia_h6_f2_s42_v1|smart_building_conformal/outputs/matched_forecasting005/pleia_h6_f2_s43_v1|smart_building_conformal/outputs/matched_forecasting005/pleia_h6_f2_s44_v1,ff4f03a56c5f3fee34466478e87f5f2f7fb26fcbfc1ef160d240ad250f347b1b|12a21c7ab9474210c38718dc5d0ad8b0f6eeab8c5f54e8c84e545f094db17d5f|525531103bdd604f7fcaff1fd54d3b905c82394b6ab9d0a9f351f372258537df,14850,4951,9907,42|43|44,3,3,39.81571562899776,2.6538164130388506,37.03828693488853,42.32566096963417,training-seed variability on same evaluation support; not a population confidence interval,False,
pleia,6,2,attention_lstm,60,degrees C,coverage95,0.95,smart_building_conformal/outputs/matched_forecasting005/pleia_h6_f2_s42_v1|smart_building_conformal/outputs/matched_forecasting005/pleia_h6_f2_s43_v1|smart_building_conformal/outputs/matched_forecasting005/pleia_h6_f2_s44_v1,ff4f03a56c5f3fee34466478e87f5f2f7fb26fcbfc1ef160d240ad250f347b1b|12a21c7ab9474210c38718dc5d0ad8b0f6eeab8c5f54e8c84e545f094db17d5f|525531103bdd604f7fcaff1fd54d3b905c82394b6ab9d0a9f351f372258537df,14850,4951,9907,42|43|44,3,3,0.26496416675078227,0.012560282814415881,0.2508327445240739,0.2748561623094781,training-seed variability on same evaluation support; not a population confidence interval,False,
pleia,6,2,attention_lstm,60,degrees C,signed_coverage_deviation95,0.95,smart_building_conformal/outputs/matched_forecasting005/pleia_h6_f2_s42_v1|smart_building_conformal/outputs/matched_forecasting005/pleia_h6_f2_s43_v1|smart_building_conformal/outputs/matched_forecasting005/pleia_h6_f2_s44_v1,ff4f03a56c5f3fee34466478e87f5f2f7fb26fcbfc1ef160d240ad250f347b1b|12a21c7ab9474210c38718dc5d0ad8b0f6eeab8c5f54e8c84e545f094db17d5f|525531103bdd604f7fcaff1fd54d3b905c82394b6ab9d0a9f351f372258537df,14850,4951,9907,42|43|44,3,3,-0.6850358332492177,0.012560282814415869,-0.6991672554759261,-0.6751438376905219,training-seed variability on same evaluation support; not a population confidence interval,False,
pleia,6,2,attention_lstm,60,degrees C,absolute_coverage_deviation95,0.95,smart_building_conformal/outputs/matched_forecasting005/pleia_h6_f2_s42_v1|smart_building_conformal/outputs/matched_forecasting005/pleia_h6_f2_s43_v1|smart_building_conformal/outputs/matched_forecasting005/pleia_h6_f2_s44_v1,ff4f03a56c5f3fee34466478e87f5f2f7fb26fcbfc1ef160d240ad250f347b1b|12a21c7ab9474210c38718dc5d0ad8b0f6eeab8c5f54e8c84e545f094db17d5f|525531103bdd604f7fcaff1fd54d3b905c82394b6ab9d0a9f351f372258537df,14850,4951,9907,42|43|44,3,3,0.6850358332492177,0.012560282814415869,0.6751438376905219,0.6991672554759261,training-seed variability on same evaluation support; not a population confidence interval,False,
pleia,6,2,attention_lstm,60,degrees C,mpiw95,0.95,smart_building_conformal/outputs/matched_forecasting005/pleia_h6_f2_s42_v1|smart_building_conformal/outputs/matched_forecasting005/pleia_h6_f2_s43_v1|smart_building_conformal/outputs/matched_forecasting005/pleia_h6_f2_s44_v1,ff4f03a56c5f3fee34466478e87f5f2f7fb26fcbfc1ef160d240ad250f347b1b|12a21c7ab9474210c38718dc5d0ad8b0f6eeab8c5f54e8c84e545f094db17d5f|525531103bdd604f7fcaff1fd54d3b905c82394b6ab9d0a9f351f372258537df,14850,4951,9907,42|43|44,3,3,7.288478851318359,0.2044187055967582,7.084327697753906,7.4931640625,training-seed variability on same evaluation support; not a population confidence interval,False,
pleia,6,2,attention_lstm,60,degrees C,winkler95,0.95,smart_building_conformal/outputs/matched_forecasting005/pleia_h6_f2_s42_v1|smart_building_conformal/outputs/matched_forecasting005/pleia_h6_f2_s43_v1|smart_building_conformal/outputs/matched_forecasting005/pleia_h6_f2_s44_v1,ff4f03a56c5f3fee34466478e87f5f2f7fb26fcbfc1ef160d240ad250f347b1b|12a21c7ab9474210c38718dc5d0ad8b0f6eeab8c5f54e8c84e545f094db17d5f|525531103bdd604f7fcaff1fd54d3b905c82394b6ab9d0a9f351f372258537df,14850,4951,9907,42|43|44,3,3,60.75624931006612,4.164729895583863,56.822748299141686,65.1189656856864,training-seed variability on same evaluation support; not a population confidence interval,False,
pleia,6,2,attention_lstm,60,degrees C,tuning_seconds,,smart_building_conformal/outputs/matched_forecasting005/pleia_h6_f2_s42_v1|smart_building_conformal/outputs/matched_forecasting005/pleia_h6_f2_s43_v1|smart_building_conformal/outputs/matched_forecasting005/pleia_h6_f2_s44_v1,ff4f03a56c5f3fee34466478e87f5f2f7fb26fcbfc1ef160d240ad250f347b1b|12a21c7ab9474210c38718dc5d0ad8b0f6eeab8c5f54e8c84e545f094db17d5f|525531103bdd604f7fcaff1fd54d3b905c82394b6ab9d0a9f351f372258537df,14850,4951,9907,42|43|44,3,3,79.75524326666589,4.084388465652479,76.29643309999665,84.26128360000439,training-seed variability on same evaluation support; not a population confidence interval,False,
pleia,6,2,attention_lstm,60,degrees C,final_fit_seconds,,smart_building_conformal/outputs/matched_forecasting005/pleia_h6_f2_s42_v1|smart_building_conformal/outputs/matched_forecasting005/pleia_h6_f2_s43_v1|smart_building_conformal/outputs/matched_forecasting005/pleia_h6_f2_s44_v1,ff4f03a56c5f3fee34466478e87f5f2f7fb26fcbfc1ef160d240ad250f347b1b|12a21c7ab9474210c38718dc5d0ad8b0f6eeab8c5f54e8c84e545f094db17d5f|525531103bdd604f7fcaff1fd54d3b905c82394b6ab9d0a9f351f372258537df,14850,4951,9907,42|43|44,3,3,21.13636633333711,3.479928685368776,18.78419920000306,25.133865499999956,training-seed variability on same evaluation support; not a population confidence interval,False,
pleia,6,2,attention_lstm,60,degrees C,calibration_seconds,,smart_building_conformal/outputs/matched_forecasting005/pleia_h6_f2_s42_v1|smart_building_conformal/outputs/matched_forecasting005/pleia_h6_f2_s43_v1|smart_building_conformal/outputs/matched_forecasting005/pleia_h6_f2_s44_v1,ff4f03a56c5f3fee34466478e87f5f2f7fb26fcbfc1ef160d240ad250f347b1b|12a21c7ab9474210c38718dc5d0ad8b0f6eeab8c5f54e8c84e545f094db17d5f|525531103bdd604f7fcaff1fd54d3b905c82394b6ab9d0a9f351f372258537df,14850,4951,9907,42|43|44,3,3,0.19404546666919487,0.004039247941994275,0.18938730000081705,0.19657860000734217,training-seed variability on same evaluation support; not a population confidence interval,False,
pleia,6,2,attention_lstm,60,degrees C,inference_seconds,,smart_building_conformal/outputs/matched_forecasting005/pleia_h6_f2_s42_v1|smart_building_conformal/outputs/matched_forecasting005/pleia_h6_f2_s43_v1|smart_building_conformal/outputs/matched_forecasting005/pleia_h6_f2_s44_v1,ff4f03a56c5f3fee34466478e87f5f2f7fb26fcbfc1ef160d240ad250f347b1b|12a21c7ab9474210c38718dc5d0ad8b0f6eeab8c5f54e8c84e545f094db17d5f|525531103bdd604f7fcaff1fd54d3b905c82394b6ab9d0a9f351f372258537df,14850,4951,9907,42|43|44,3,3,0.3840827333309183,0.014959653712805231,0.3694182000035653,0.39932099998986814,training-seed variability on same evaluation support; not a population confidence interval,False,
pleia,6,2,attention_lstm,60,degrees C,model_phase_seconds,,smart_building_conformal/outputs/matched_forecasting005/pleia_h6_f2_s42_v1|smart_building_conformal/outputs/matched_forecasting005/pleia_h6_f2_s43_v1|smart_building_conformal/outputs/matched_forecasting005/pleia_h6_f2_s44_v1,ff4f03a56c5f3fee34466478e87f5f2f7fb26fcbfc1ef160d240ad250f347b1b|12a21c7ab9474210c38718dc5d0ad8b0f6eeab8c5f54e8c84e545f094db17d5f|525531103bdd604f7fcaff1fd54d3b905c82394b6ab9d0a9f351f372258537df,14850,4951,9907,42|43|44,3,3,101.4697378000031,3.149374605387219,98.08770379998896,104.31831470002362,training-seed variability on same evaluation support; not a population confidence interval,False,
pleia,6,2,attention_lstm,60,degrees C,process_cpu_seconds,,smart_building_conformal/outputs/matched_forecasting005/pleia_h6_f2_s42_v1|smart_building_conformal/outputs/matched_forecasting005/pleia_h6_f2_s43_v1|smart_building_conformal/outputs/matched_forecasting005/pleia_h6_f2_s44_v1,ff4f03a56c5f3fee34466478e87f5f2f7fb26fcbfc1ef160d240ad250f347b1b|12a21c7ab9474210c38718dc5d0ad8b0f6eeab8c5f54e8c84e545f094db17d5f|525531103bdd604f7fcaff1fd54d3b905c82394b6ab9d0a9f351f372258537df,14850,4951,9907,42|43|44,3,3,99.33333333333333,3.2049283541458977,95.953125,102.328125,training-seed variability on same evaluation support; not a population confidence interval,False,
pleia,6,2,attention_lstm,60,degrees C,inference_rows_per_second,,smart_building_conformal/outputs/matched_forecasting005/pleia_h6_f2_s42_v1|smart_building_conformal/outputs/matched_forecasting005/pleia_h6_f2_s43_v1|smart_building_conformal/outputs/matched_forecasting005/pleia_h6_f2_s44_v1,ff4f03a56c5f3fee34466478e87f5f2f7fb26fcbfc1ef160d240ad250f347b1b|12a21c7ab9474210c38718dc5d0ad8b0f6eeab8c5f54e8c84e545f094db17d5f|525531103bdd604f7fcaff1fd54d3b905c82394b6ab9d0a9f351f372258537df,14850,4951,9907,42|43|44,3,3,25819.989681070827,1004.1738416759046,24809.61432093821,26817.84492454456,training-seed variability on same evaluation support; not a population confidence interval,False,
pleia,6,2,persistence,60,degrees C,mae,,smart_building_conformal/outputs/matched_forecasting005/pleia_h6_f2_s42_v1|smart_building_conformal/outputs/matched_forecasting005/pleia_h6_f2_s43_v1|smart_building_conformal/outputs/matched_forecasting005/pleia_h6_f2_s44_v1,ff4f03a56c5f3fee34466478e87f5f2f7fb26fcbfc1ef160d240ad250f347b1b|12a21c7ab9474210c38718dc5d0ad8b0f6eeab8c5f54e8c84e545f094db17d5f|525531103bdd604f7fcaff1fd54d3b905c82394b6ab9d0a9f351f372258537df,14850,4951,9907,42|43|44,3,3,0.5479458968406178,0.0,0.5479458968406178,0.5479458968406178,training-seed variability on same evaluation support; not a population confidence interval,True,1.0
pleia,6,2,persistence,60,degrees C,rmse,,smart_building_conformal/outputs/matched_forecasting005/pleia_h6_f2_s42_v1|smart_building_conformal/outputs/matched_forecasting005/pleia_h6_f2_s43_v1|smart_building_conformal/outputs/matched_forecasting005/pleia_h6_f2_s44_v1,ff4f03a56c5f3fee34466478e87f5f2f7fb26fcbfc1ef160d240ad250f347b1b|12a21c7ab9474210c38718dc5d0ad8b0f6eeab8c5f54e8c84e545f094db17d5f|525531103bdd604f7fcaff1fd54d3b905c82394b6ab9d0a9f351f372258537df,14850,4951,9907,42|43|44,3,3,0.7817754844230004,0.0,0.7817754844230004,0.7817754844230004,training-seed variability on same evaluation support; not a population confidence interval,True,1.0
pleia,6,2,persistence,60,degrees C,coverage90,0.9,smart_building_conformal/outputs/matched_forecasting005/pleia_h6_f2_s42_v1|smart_building_conformal/outputs/matched_forecasting005/pleia_h6_f2_s43_v1|smart_building_conformal/outputs/matched_forecasting005/pleia_h6_f2_s44_v1,ff4f03a56c5f3fee34466478e87f5f2f7fb26fcbfc1ef160d240ad250f347b1b|12a21c7ab9474210c38718dc5d0ad8b0f6eeab8c5f54e8c84e545f094db17d5f|525531103bdd604f7fcaff1fd54d3b905c82394b6ab9d0a9f351f372258537df,14850,4951,9907,42|43|44,3,3,0.9193499545775715,1.3597399555105182e-16,0.9193499545775714,0.9193499545775714,training-seed variability on same evaluation support; not a population confidence interval,True,1.0
pleia,6,2,persistence,60,degrees C,signed_coverage_deviation90,0.9,smart_building_conformal/outputs/matched_forecasting005/pleia_h6_f2_s42_v1|smart_building_conformal/outputs/matched_forecasting005/pleia_h6_f2_s43_v1|smart_building_conformal/outputs/matched_forecasting005/pleia_h6_f2_s44_v1,ff4f03a56c5f3fee34466478e87f5f2f7fb26fcbfc1ef160d240ad250f347b1b|12a21c7ab9474210c38718dc5d0ad8b0f6eeab8c5f54e8c84e545f094db17d5f|525531103bdd604f7fcaff1fd54d3b905c82394b6ab9d0a9f351f372258537df,14850,4951,9907,42|43|44,3,3,0.019349954577571382,0.0,0.019349954577571382,0.019349954577571382,training-seed variability on same evaluation support; not a population confidence interval,True,1.0
pleia,6,2,persistence,60,degrees C,absolute_coverage_deviation90,0.9,smart_building_conformal/outputs/matched_forecasting005/pleia_h6_f2_s42_v1|smart_building_conformal/outputs/matched_forecasting005/pleia_h6_f2_s43_v1|smart_building_conformal/outputs/matched_forecasting005/pleia_h6_f2_s44_v1,ff4f03a56c5f3fee34466478e87f5f2f7fb26fcbfc1ef160d240ad250f347b1b|12a21c7ab9474210c38718dc5d0ad8b0f6eeab8c5f54e8c84e545f094db17d5f|525531103bdd604f7fcaff1fd54d3b905c82394b6ab9d0a9f351f372258537df,14850,4951,9907,42|43|44,3,3,0.019349954577571382,0.0,0.019349954577571382,0.019349954577571382,training-seed variability on same evaluation support; not a population confidence interval,True,1.0
pleia,6,2,persistence,60,degrees C,mpiw90,0.9,smart_building_conformal/outputs/matched_forecasting005/pleia_h6_f2_s42_v1|smart_building_conformal/outputs/matched_forecasting005/pleia_h6_f2_s43_v1|smart_building_conformal/outputs/matched_forecasting005/pleia_h6_f2_s44_v1,ff4f03a56c5f3fee34466478e87f5f2f7fb26fcbfc1ef160d240ad250f347b1b|12a21c7ab9474210c38718dc5d0ad8b0f6eeab8c5f54e8c84e545f094db17d5f|525531103bdd604f7fcaff1fd54d3b905c82394b6ab9d0a9f351f372258537df,14850,4951,9907,42|43|44,3,3,2.6000000000000014,0.0,2.6000000000000014,2.6000000000000014,training-seed variability on same evaluation support; not a population confidence interval,True,1.0
pleia,6,2,persistence,60,degrees C,winkler90,0.9,smart_building_conformal/outputs/matched_forecasting005/pleia_h6_f2_s42_v1|smart_building_conformal/outputs/matched_forecasting005/pleia_h6_f2_s43_v1|smart_building_conformal/outputs/matched_forecasting005/pleia_h6_f2_s44_v1,ff4f03a56c5f3fee34466478e87f5f2f7fb26fcbfc1ef160d240ad250f347b1b|12a21c7ab9474210c38718dc5d0ad8b0f6eeab8c5f54e8c84e545f094db17d5f|525531103bdd604f7fcaff1fd54d3b905c82394b6ab9d0a9f351f372258537df,14850,4951,9907,42|43|44,3,3,3.6683355203391543,5.438959822042073e-16,3.6683355203391548,3.6683355203391548,training-seed variability on same evaluation support; not a population confidence interval,True,1.0
pleia,6,2,persistence,60,degrees C,coverage95,0.95,smart_building_conformal/outputs/matched_forecasting005/pleia_h6_f2_s42_v1|smart_building_conformal/outputs/matched_forecasting005/pleia_h6_f2_s43_v1|smart_building_conformal/outputs/matched_forecasting005/pleia_h6_f2_s44_v1,ff4f03a56c5f3fee34466478e87f5f2f7fb26fcbfc1ef160d240ad250f347b1b|12a21c7ab9474210c38718dc5d0ad8b0f6eeab8c5f54e8c84e545f094db17d5f|525531103bdd604f7fcaff1fd54d3b905c82394b6ab9d0a9f351f372258537df,14850,4951,9907,42|43|44,3,3,0.95306349046129,0.0,0.95306349046129,0.95306349046129,training-seed variability on same evaluation support; not a population confidence interval,True,1.0
pleia,6,2,persistence,60,degrees C,signed_coverage_deviation95,0.95,smart_building_conformal/outputs/matched_forecasting005/pleia_h6_f2_s42_v1|smart_building_conformal/outputs/matched_forecasting005/pleia_h6_f2_s43_v1|smart_building_conformal/outputs/matched_forecasting005/pleia_h6_f2_s44_v1,ff4f03a56c5f3fee34466478e87f5f2f7fb26fcbfc1ef160d240ad250f347b1b|12a21c7ab9474210c38718dc5d0ad8b0f6eeab8c5f54e8c84e545f094db17d5f|525531103bdd604f7fcaff1fd54d3b905c82394b6ab9d0a9f351f372258537df,14850,4951,9907,42|43|44,3,3,0.0030634904612900637,0.0,0.0030634904612900637,0.0030634904612900637,training-seed variability on same evaluation support; not a population confidence interval,True,1.0
pleia,6,2,persistence,60,degrees C,absolute_coverage_deviation95,0.95,smart_building_conformal/outputs/matched_forecasting005/pleia_h6_f2_s42_v1|smart_building_conformal/outputs/matched_forecasting005/pleia_h6_f2_s43_v1|smart_building_conformal/outputs/matched_forecasting005/pleia_h6_f2_s44_v1,ff4f03a56c5f3fee34466478e87f5f2f7fb26fcbfc1ef160d240ad250f347b1b|12a21c7ab9474210c38718dc5d0ad8b0f6eeab8c5f54e8c84e545f094db17d5f|525531103bdd604f7fcaff1fd54d3b905c82394b6ab9d0a9f351f372258537df,14850,4951,9907,42|43|44,3,3,0.0030634904612900637,0.0,0.0030634904612900637,0.0030634904612900637,training-seed variability on same evaluation support; not a population confidence interval,True,1.0
pleia,6,2,persistence,60,degrees C,mpiw95,0.95,smart_building_conformal/outputs/matched_forecasting005/pleia_h6_f2_s42_v1|smart_building_conformal/outputs/matched_forecasting005/pleia_h6_f2_s43_v1|smart_building_conformal/outputs/matched_forecasting005/pleia_h6_f2_s44_v1,ff4f03a56c5f3fee34466478e87f5f2f7fb26fcbfc1ef160d240ad250f347b1b|12a21c7ab9474210c38718dc5d0ad8b0f6eeab8c5f54e8c84e545f094db17d5f|525531103bdd604f7fcaff1fd54d3b905c82394b6ab9d0a9f351f372258537df,14850,4951,9907,42|43|44,3,3,3.2000000000000033,0.0,3.2000000000000033,3.2000000000000033,training-seed variability on same evaluation support; not a population confidence interval,True,1.0
pleia,6,2,persistence,60,degrees C,winkler95,0.95,smart_building_conformal/outputs/matched_forecasting005/pleia_h6_f2_s42_v1|smart_building_conformal/outputs/matched_forecasting005/pleia_h6_f2_s43_v1|smart_building_conformal/outputs/matched_forecasting005/pleia_h6_f2_s44_v1,ff4f03a56c5f3fee34466478e87f5f2f7fb26fcbfc1ef160d240ad250f347b1b|12a21c7ab9474210c38718dc5d0ad8b0f6eeab8c5f54e8c84e545f094db17d5f|525531103bdd604f7fcaff1fd54d3b905c82394b6ab9d0a9f351f372258537df,14850,4951,9907,42|43|44,3,3,4.51422226708388,0.0,4.51422226708388,4.51422226708388,training-seed variability on same evaluation support; not a population confidence interval,True,1.0
pleia,6,2,persistence,60,degrees C,tuning_seconds,,smart_building_conformal/outputs/matched_forecasting005/pleia_h6_f2_s42_v1|smart_building_conformal/outputs/matched_forecasting005/pleia_h6_f2_s43_v1|smart_building_conformal/outputs/matched_forecasting005/pleia_h6_f2_s44_v1,ff4f03a56c5f3fee34466478e87f5f2f7fb26fcbfc1ef160d240ad250f347b1b|12a21c7ab9474210c38718dc5d0ad8b0f6eeab8c5f54e8c84e545f094db17d5f|525531103bdd604f7fcaff1fd54d3b905c82394b6ab9d0a9f351f372258537df,14850,4951,9907,42|43|44,3,3,0.0,0.0,0.0,0.0,training-seed variability on same evaluation support; not a population confidence interval,True,1.0
pleia,6,2,persistence,60,degrees C,final_fit_seconds,,smart_building_conformal/outputs/matched_forecasting005/pleia_h6_f2_s42_v1|smart_building_conformal/outputs/matched_forecasting005/pleia_h6_f2_s43_v1|smart_building_conformal/outputs/matched_forecasting005/pleia_h6_f2_s44_v1,ff4f03a56c5f3fee34466478e87f5f2f7fb26fcbfc1ef160d240ad250f347b1b|12a21c7ab9474210c38718dc5d0ad8b0f6eeab8c5f54e8c84e545f094db17d5f|525531103bdd604f7fcaff1fd54d3b905c82394b6ab9d0a9f351f372258537df,14850,4951,9907,42|43|44,3,3,0.0006663000046197946,0.0004281602569904613,0.0003952000115532428,0.0011598999990383163,training-seed variability on same evaluation support; not a population confidence interval,True,1.0
pleia,6,2,persistence,60,degrees C,calibration_seconds,,smart_building_conformal/outputs/matched_forecasting005/pleia_h6_f2_s42_v1|smart_building_conformal/outputs/matched_forecasting005/pleia_h6_f2_s43_v1|smart_building_conformal/outputs/matched_forecasting005/pleia_h6_f2_s44_v1,ff4f03a56c5f3fee34466478e87f5f2f7fb26fcbfc1ef160d240ad250f347b1b|12a21c7ab9474210c38718dc5d0ad8b0f6eeab8c5f54e8c84e545f094db17d5f|525531103bdd604f7fcaff1fd54d3b905c82394b6ab9d0a9f351f372258537df,14850,4951,9907,42|43|44,3,3,0.003983800003576714,0.002104518075348436,0.002595300000393763,0.006405200008885004,training-seed variability on same evaluation support; not a population confidence interval,True,1.0
pleia,6,2,persistence,60,degrees C,inference_seconds,,smart_building_conformal/outputs/matched_forecasting005/pleia_h6_f2_s42_v1|smart_building_conformal/outputs/matched_forecasting005/pleia_h6_f2_s43_v1|smart_building_conformal/outputs/matched_forecasting005/pleia_h6_f2_s44_v1,ff4f03a56c5f3fee34466478e87f5f2f7fb26fcbfc1ef160d240ad250f347b1b|12a21c7ab9474210c38718dc5d0ad8b0f6eeab8c5f54e8c84e545f094db17d5f|525531103bdd604f7fcaff1fd54d3b905c82394b6ab9d0a9f351f372258537df,14850,4951,9907,42|43|44,3,3,0.004123700006554524,0.0003845350903836864,0.003680500012706034,0.004368699999758974,training-seed variability on same evaluation support; not a population confidence interval,True,1.0
pleia,6,2,persistence,60,degrees C,model_phase_seconds,,smart_building_conformal/outputs/matched_forecasting005/pleia_h6_f2_s42_v1|smart_building_conformal/outputs/matched_forecasting005/pleia_h6_f2_s43_v1|smart_building_conformal/outputs/matched_forecasting005/pleia_h6_f2_s44_v1,ff4f03a56c5f3fee34466478e87f5f2f7fb26fcbfc1ef160d240ad250f347b1b|12a21c7ab9474210c38718dc5d0ad8b0f6eeab8c5f54e8c84e545f094db17d5f|525531103bdd604f7fcaff1fd54d3b905c82394b6ab9d0a9f351f372258537df,14850,4951,9907,42|43|44,3,3,0.008773800014751032,0.0027508807881680905,0.00667100002465304,0.011887000015121885,training-seed variability on same evaluation support; not a population confidence interval,True,1.0
pleia,6,2,persistence,60,degrees C,process_cpu_seconds,,smart_building_conformal/outputs/matched_forecasting005/pleia_h6_f2_s42_v1|smart_building_conformal/outputs/matched_forecasting005/pleia_h6_f2_s43_v1|smart_building_conformal/outputs/matched_forecasting005/pleia_h6_f2_s44_v1,ff4f03a56c5f3fee34466478e87f5f2f7fb26fcbfc1ef160d240ad250f347b1b|12a21c7ab9474210c38718dc5d0ad8b0f6eeab8c5f54e8c84e545f094db17d5f|525531103bdd604f7fcaff1fd54d3b905c82394b6ab9d0a9f351f372258537df,14850,4951,9907,42|43|44,3,3,0.010416666666666666,0.009021097956087904,0.0,0.015625,training-seed variability on same evaluation support; not a population confidence interval,True,1.0
pleia,6,2,persistence,60,degrees C,inference_rows_per_second,,smart_building_conformal/outputs/matched_forecasting005/pleia_h6_f2_s42_v1|smart_building_conformal/outputs/matched_forecasting005/pleia_h6_f2_s43_v1|smart_building_conformal/outputs/matched_forecasting005/pleia_h6_f2_s44_v1,ff4f03a56c5f3fee34466478e87f5f2f7fb26fcbfc1ef160d240ad250f347b1b|12a21c7ab9474210c38718dc5d0ad8b0f6eeab8c5f54e8c84e545f094db17d5f|525531103bdd604f7fcaff1fd54d3b905c82394b6ab9d0a9f351f372258537df,14850,4951,9907,42|43|44,3,3,2417251.7823786815,238042.60464899748,2267722.663617685,2691753.8285011505,training-seed variability on same evaluation support; not a population confidence interval,True,1.0
pleia,6,2,xgboost,60,degrees C,mae,,smart_building_conformal/outputs/matched_forecasting005/pleia_h6_f2_s42_v1|smart_building_conformal/outputs/matched_forecasting005/pleia_h6_f2_s43_v1|smart_building_conformal/outputs/matched_forecasting005/pleia_h6_f2_s44_v1,ff4f03a56c5f3fee34466478e87f5f2f7fb26fcbfc1ef160d240ad250f347b1b|12a21c7ab9474210c38718dc5d0ad8b0f6eeab8c5f54e8c84e545f094db17d5f|525531103bdd604f7fcaff1fd54d3b905c82394b6ab9d0a9f351f372258537df,14850,4951,9907,42|43|44,3,3,4.392371528037388,0.1200283152769395,4.279730004668417,4.518625914524671,training-seed variability on same evaluation support; not a population confidence interval,False,
pleia,6,2,xgboost,60,degrees C,rmse,,smart_building_conformal/outputs/matched_forecasting005/pleia_h6_f2_s42_v1|smart_building_conformal/outputs/matched_forecasting005/pleia_h6_f2_s43_v1|smart_building_conformal/outputs/matched_forecasting005/pleia_h6_f2_s44_v1,ff4f03a56c5f3fee34466478e87f5f2f7fb26fcbfc1ef160d240ad250f347b1b|12a21c7ab9474210c38718dc5d0ad8b0f6eeab8c5f54e8c84e545f094db17d5f|525531103bdd604f7fcaff1fd54d3b905c82394b6ab9d0a9f351f372258537df,14850,4951,9907,42|43|44,3,3,4.807144712118806,0.12534207838244704,4.691436060986669,4.940293577016207,training-seed variability on same evaluation support; not a population confidence interval,False,
pleia,6,2,xgboost,60,degrees C,coverage90,0.9,smart_building_conformal/outputs/matched_forecasting005/pleia_h6_f2_s42_v1|smart_building_conformal/outputs/matched_forecasting005/pleia_h6_f2_s43_v1|smart_building_conformal/outputs/matched_forecasting005/pleia_h6_f2_s44_v1,ff4f03a56c5f3fee34466478e87f5f2f7fb26fcbfc1ef160d240ad250f347b1b|12a21c7ab9474210c38718dc5d0ad8b0f6eeab8c5f54e8c84e545f094db17d5f|525531103bdd604f7fcaff1fd54d3b905c82394b6ab9d0a9f351f372258537df,14850,4951,9907,42|43|44,3,3,0.24497829817300898,0.001850237486607795,0.2433632784899566,0.24699707277682448,training-seed variability on same evaluation support; not a population confidence interval,False,
pleia,6,2,xgboost,60,degrees C,signed_coverage_deviation90,0.9,smart_building_conformal/outputs/matched_forecasting005/pleia_h6_f2_s42_v1|smart_building_conformal/outputs/matched_forecasting005/pleia_h6_f2_s43_v1|smart_building_conformal/outputs/matched_forecasting005/pleia_h6_f2_s44_v1,ff4f03a56c5f3fee34466478e87f5f2f7fb26fcbfc1ef160d240ad250f347b1b|12a21c7ab9474210c38718dc5d0ad8b0f6eeab8c5f54e8c84e545f094db17d5f|525531103bdd604f7fcaff1fd54d3b905c82394b6ab9d0a9f351f372258537df,14850,4951,9907,42|43|44,3,3,-0.6550217018269909,0.0018502374866078161,-0.6566367215100435,-0.6530029272231755,training-seed variability on same evaluation support; not a population confidence interval,False,
pleia,6,2,xgboost,60,degrees C,absolute_coverage_deviation90,0.9,smart_building_conformal/outputs/matched_forecasting005/pleia_h6_f2_s42_v1|smart_building_conformal/outputs/matched_forecasting005/pleia_h6_f2_s43_v1|smart_building_conformal/outputs/matched_forecasting005/pleia_h6_f2_s44_v1,ff4f03a56c5f3fee34466478e87f5f2f7fb26fcbfc1ef160d240ad250f347b1b|12a21c7ab9474210c38718dc5d0ad8b0f6eeab8c5f54e8c84e545f094db17d5f|525531103bdd604f7fcaff1fd54d3b905c82394b6ab9d0a9f351f372258537df,14850,4951,9907,42|43|44,3,3,0.6550217018269909,0.0018502374866078161,0.6530029272231755,0.6566367215100435,training-seed variability on same evaluation support; not a population confidence interval,False,
pleia,6,2,xgboost,60,degrees C,mpiw90,0.9,smart_building_conformal/outputs/matched_forecasting005/pleia_h6_f2_s42_v1|smart_building_conformal/outputs/matched_forecasting005/pleia_h6_f2_s43_v1|smart_building_conformal/outputs/matched_forecasting005/pleia_h6_f2_s44_v1,ff4f03a56c5f3fee34466478e87f5f2f7fb26fcbfc1ef160d240ad250f347b1b|12a21c7ab9474210c38718dc5d0ad8b0f6eeab8c5f54e8c84e545f094db17d5f|525531103bdd604f7fcaff1fd54d3b905c82394b6ab9d0a9f351f372258537df,14850,4951,9907,42|43|44,3,3,5.7810541788737,0.23239580204813257,5.532695007324222,5.993245697021484,training-seed variability on same evaluation support; not a population confidence interval,False,
pleia,6,2,xgboost,60,degrees C,winkler90,0.9,smart_building_conformal/outputs/matched_forecasting005/pleia_h6_f2_s42_v1|smart_building_conformal/outputs/matched_forecasting005/pleia_h6_f2_s43_v1|smart_building_conformal/outputs/matched_forecasting005/pleia_h6_f2_s44_v1,ff4f03a56c5f3fee34466478e87f5f2f7fb26fcbfc1ef160d240ad250f347b1b|12a21c7ab9474210c38718dc5d0ad8b0f6eeab8c5f54e8c84e545f094db17d5f|525531103bdd604f7fcaff1fd54d3b905c82394b6ab9d0a9f351f372258537df,14850,4951,9907,42|43|44,3,3,41.00713433407865,0.706563820632287,40.46334559420493,41.805766577550735,training-seed variability on same evaluation support; not a population confidence interval,False,
pleia,6,2,xgboost,60,degrees C,coverage95,0.95,smart_building_conformal/outputs/matched_forecasting005/pleia_h6_f2_s42_v1|smart_building_conformal/outputs/matched_forecasting005/pleia_h6_f2_s43_v1|smart_building_conformal/outputs/matched_forecasting005/pleia_h6_f2_s44_v1,ff4f03a56c5f3fee34466478e87f5f2f7fb26fcbfc1ef160d240ad250f347b1b|12a21c7ab9474210c38718dc5d0ad8b0f6eeab8c5f54e8c84e545f094db17d5f|525531103bdd604f7fcaff1fd54d3b905c82394b6ab9d0a9f351f372258537df,14850,4951,9907,42|43|44,3,3,0.32229736549914206,0.010232220367396131,0.31079035025739377,0.33037246391440395,training-seed variability on same evaluation support; not a population confidence interval,False,
pleia,6,2,xgboost,60,degrees C,signed_coverage_deviation95,0.95,smart_building_conformal/outputs/matched_forecasting005/pleia_h6_f2_s42_v1|smart_building_conformal/outputs/matched_forecasting005/pleia_h6_f2_s43_v1|smart_building_conformal/outputs/matched_forecasting005/pleia_h6_f2_s44_v1,ff4f03a56c5f3fee34466478e87f5f2f7fb26fcbfc1ef160d240ad250f347b1b|12a21c7ab9474210c38718dc5d0ad8b0f6eeab8c5f54e8c84e545f094db17d5f|525531103bdd604f7fcaff1fd54d3b905c82394b6ab9d0a9f351f372258537df,14850,4951,9907,42|43|44,3,3,-0.627702634500858,0.010232220367396109,-0.6392096497426062,-0.6196275360855961,training-seed variability on same evaluation support; not a population confidence interval,False,
pleia,6,2,xgboost,60,degrees C,absolute_coverage_deviation95,0.95,smart_building_conformal/outputs/matched_forecasting005/pleia_h6_f2_s42_v1|smart_building_conformal/outputs/matched_forecasting005/pleia_h6_f2_s43_v1|smart_building_conformal/outputs/matched_forecasting005/pleia_h6_f2_s44_v1,ff4f03a56c5f3fee34466478e87f5f2f7fb26fcbfc1ef160d240ad250f347b1b|12a21c7ab9474210c38718dc5d0ad8b0f6eeab8c5f54e8c84e545f094db17d5f|525531103bdd604f7fcaff1fd54d3b905c82394b6ab9d0a9f351f372258537df,14850,4951,9907,42|43|44,3,3,0.627702634500858,0.010232220367396109,0.6196275360855961,0.6392096497426062,training-seed variability on same evaluation support; not a population confidence interval,False,
pleia,6,2,xgboost,60,degrees C,mpiw95,0.95,smart_building_conformal/outputs/matched_forecasting005/pleia_h6_f2_s42_v1|smart_building_conformal/outputs/matched_forecasting005/pleia_h6_f2_s43_v1|smart_building_conformal/outputs/matched_forecasting005/pleia_h6_f2_s44_v1,ff4f03a56c5f3fee34466478e87f5f2f7fb26fcbfc1ef160d240ad250f347b1b|12a21c7ab9474210c38718dc5d0ad8b0f6eeab8c5f54e8c84e545f094db17d5f|525531103bdd604f7fcaff1fd54d3b905c82394b6ab9d0a9f351f372258537df,14850,4951,9907,42|43|44,3,3,6.667083740234375,0.330986092406546,6.303394317626953,6.950659942626955,training-seed variability on same evaluation support; not a population confidence interval,False,
pleia,6,2,xgboost,60,degrees C,winkler95,0.95,smart_building_conformal/outputs/matched_forecasting005/pleia_h6_f2_s42_v1|smart_building_conformal/outputs/matched_forecasting005/pleia_h6_f2_s43_v1|smart_building_conformal/outputs/matched_forecasting005/pleia_h6_f2_s44_v1,ff4f03a56c5f3fee34466478e87f5f2f7fb26fcbfc1ef160d240ad250f347b1b|12a21c7ab9474210c38718dc5d0ad8b0f6eeab8c5f54e8c84e545f094db17d5f|525531103bdd604f7fcaff1fd54d3b905c82394b6ab9d0a9f351f372258537df,14850,4951,9907,42|43|44,3,3,64.44195494262408,1.4501801571490949,62.81865643252634,65.60955215528027,training-seed variability on same evaluation support; not a population confidence interval,False,
pleia,6,2,xgboost,60,degrees C,tuning_seconds,,smart_building_conformal/outputs/matched_forecasting005/pleia_h6_f2_s42_v1|smart_building_conformal/outputs/matched_forecasting005/pleia_h6_f2_s43_v1|smart_building_conformal/outputs/matched_forecasting005/pleia_h6_f2_s44_v1,ff4f03a56c5f3fee34466478e87f5f2f7fb26fcbfc1ef160d240ad250f347b1b|12a21c7ab9474210c38718dc5d0ad8b0f6eeab8c5f54e8c84e545f094db17d5f|525531103bdd604f7fcaff1fd54d3b905c82394b6ab9d0a9f351f372258537df,14850,4951,9907,42|43|44,3,3,2.8888943000007807,0.06137933727879733,2.8505593000008957,2.95968780000112,training-seed variability on same evaluation support; not a population confidence interval,False,
pleia,6,2,xgboost,60,degrees C,final_fit_seconds,,smart_building_conformal/outputs/matched_forecasting005/pleia_h6_f2_s42_v1|smart_building_conformal/outputs/matched_forecasting005/pleia_h6_f2_s43_v1|smart_building_conformal/outputs/matched_forecasting005/pleia_h6_f2_s44_v1,ff4f03a56c5f3fee34466478e87f5f2f7fb26fcbfc1ef160d240ad250f347b1b|12a21c7ab9474210c38718dc5d0ad8b0f6eeab8c5f54e8c84e545f094db17d5f|525531103bdd604f7fcaff1fd54d3b905c82394b6ab9d0a9f351f372258537df,14850,4951,9907,42|43|44,3,3,0.6993129999973462,0.009742673651042203,0.6883738999968045,0.707056700004614,training-seed variability on same evaluation support; not a population confidence interval,False,
pleia,6,2,xgboost,60,degrees C,calibration_seconds,,smart_building_conformal/outputs/matched_forecasting005/pleia_h6_f2_s42_v1|smart_building_conformal/outputs/matched_forecasting005/pleia_h6_f2_s43_v1|smart_building_conformal/outputs/matched_forecasting005/pleia_h6_f2_s44_v1,ff4f03a56c5f3fee34466478e87f5f2f7fb26fcbfc1ef160d240ad250f347b1b|12a21c7ab9474210c38718dc5d0ad8b0f6eeab8c5f54e8c84e545f094db17d5f|525531103bdd604f7fcaff1fd54d3b905c82394b6ab9d0a9f351f372258537df,14850,4951,9907,42|43|44,3,3,0.05119216666207649,0.0021908938384149384,0.04936439999437425,0.05362079999758862,training-seed variability on same evaluation support; not a population confidence interval,False,
pleia,6,2,xgboost,60,degrees C,inference_seconds,,smart_building_conformal/outputs/matched_forecasting005/pleia_h6_f2_s42_v1|smart_building_conformal/outputs/matched_forecasting005/pleia_h6_f2_s43_v1|smart_building_conformal/outputs/matched_forecasting005/pleia_h6_f2_s44_v1,ff4f03a56c5f3fee34466478e87f5f2f7fb26fcbfc1ef160d240ad250f347b1b|12a21c7ab9474210c38718dc5d0ad8b0f6eeab8c5f54e8c84e545f094db17d5f|525531103bdd604f7fcaff1fd54d3b905c82394b6ab9d0a9f351f372258537df,14850,4951,9907,42|43|44,3,3,0.10318289999850094,0.0013583016236542822,0.10163809999357909,0.10419019999972079,training-seed variability on same evaluation support; not a population confidence interval,False,
pleia,6,2,xgboost,60,degrees C,model_phase_seconds,,smart_building_conformal/outputs/matched_forecasting005/pleia_h6_f2_s42_v1|smart_building_conformal/outputs/matched_forecasting005/pleia_h6_f2_s43_v1|smart_building_conformal/outputs/matched_forecasting005/pleia_h6_f2_s44_v1,ff4f03a56c5f3fee34466478e87f5f2f7fb26fcbfc1ef160d240ad250f347b1b|12a21c7ab9474210c38718dc5d0ad8b0f6eeab8c5f54e8c84e545f094db17d5f|525531103bdd604f7fcaff1fd54d3b905c82394b6ab9d0a9f351f372258537df,14850,4951,9907,42|43|44,3,3,3.7425823666587044,0.07061947585621269,3.6995911999911186,3.8240857000055257,training-seed variability on same evaluation support; not a population confidence interval,False,
pleia,6,2,xgboost,60,degrees C,process_cpu_seconds,,smart_building_conformal/outputs/matched_forecasting005/pleia_h6_f2_s42_v1|smart_building_conformal/outputs/matched_forecasting005/pleia_h6_f2_s43_v1|smart_building_conformal/outputs/matched_forecasting005/pleia_h6_f2_s44_v1,ff4f03a56c5f3fee34466478e87f5f2f7fb26fcbfc1ef160d240ad250f347b1b|12a21c7ab9474210c38718dc5d0ad8b0f6eeab8c5f54e8c84e545f094db17d5f|525531103bdd604f7fcaff1fd54d3b905c82394b6ab9d0a9f351f372258537df,14850,4951,9907,42|43|44,3,3,3.6510416666666665,0.10045469542700994,3.578125,3.765625,training-seed variability on same evaluation support; not a population confidence interval,False,
pleia,6,2,xgboost,60,degrees C,inference_rows_per_second,,smart_building_conformal/outputs/matched_forecasting005/pleia_h6_f2_s42_v1|smart_building_conformal/outputs/matched_forecasting005/pleia_h6_f2_s43_v1|smart_building_conformal/outputs/matched_forecasting005/pleia_h6_f2_s44_v1,ff4f03a56c5f3fee34466478e87f5f2f7fb26fcbfc1ef160d240ad250f347b1b|12a21c7ab9474210c38718dc5d0ad8b0f6eeab8c5f54e8c84e545f094db17d5f|525531103bdd604f7fcaff1fd54d3b905c82394b6ab9d0a9f351f372258537df,14850,4951,9907,42|43|44,3,3,96025.13861583616,1272.489780312873,95085.71823479126,97473.29004207937,training-seed variability on same evaluation support; not a population confidence interval,False,
pleia_energy,1,2,attention_lstm,10,kWh per 10 minutes,mae,,smart_building_conformal/outputs/matched_forecasting005/pleia_energy_h1_f2_s42_v1|smart_building_conformal/outputs/matched_forecasting005/pleia_energy_h1_f2_s43_v1|smart_building_conformal/outputs/matched_forecasting005/pleia_energy_h1_f2_s44_v1,7c23adb6f9815cd9e08f59c1ae4d7cf37f0cc5eb3a25efede0b901b902eb75bd|9a5f8e926042af5fac0c3fceb0e887889cd310cf57cdaa89b6239e4da7611673|7305c5b5c944d7ca23477856f743db6c5d3fc66016caca920440b0e349553e29,14858,4953,9907,42|43|44,3,3,0.12496414129740696,0.004165702793809937,0.12046819212964437,0.1286929638063052,training-seed variability on same evaluation support; not a population confidence interval,False,
pleia_energy,1,2,attention_lstm,10,kWh per 10 minutes,rmse,,smart_building_conformal/outputs/matched_forecasting005/pleia_energy_h1_f2_s42_v1|smart_building_conformal/outputs/matched_forecasting005/pleia_energy_h1_f2_s43_v1|smart_building_conformal/outputs/matched_forecasting005/pleia_energy_h1_f2_s44_v1,7c23adb6f9815cd9e08f59c1ae4d7cf37f0cc5eb3a25efede0b901b902eb75bd|9a5f8e926042af5fac0c3fceb0e887889cd310cf57cdaa89b6239e4da7611673|7305c5b5c944d7ca23477856f743db6c5d3fc66016caca920440b0e349553e29,14858,4953,9907,42|43|44,3,3,0.2234842157891405,0.003831173817542269,0.22024027508302332,0.22771109100449605,training-seed variability on same evaluation support; not a population confidence interval,False,
pleia_energy,1,2,attention_lstm,10,kWh per 10 minutes,coverage90,0.9,smart_building_conformal/outputs/matched_forecasting005/pleia_energy_h1_f2_s42_v1|smart_building_conformal/outputs/matched_forecasting005/pleia_energy_h1_f2_s43_v1|smart_building_conformal/outputs/matched_forecasting005/pleia_energy_h1_f2_s44_v1,7c23adb6f9815cd9e08f59c1ae4d7cf37f0cc5eb3a25efede0b901b902eb75bd|9a5f8e926042af5fac0c3fceb0e887889cd310cf57cdaa89b6239e4da7611673|7305c5b5c944d7ca23477856f743db6c5d3fc66016caca920440b0e349553e29,14858,4953,9907,42|43|44,3,3,0.5375996769960634,0.04240976515215743,0.49318663571212273,0.5776723528818007,training-seed variability on same evaluation support; not a population confidence interval,False,
pleia_energy,1,2,attention_lstm,10,kWh per 10 minutes,signed_coverage_deviation90,0.9,smart_building_conformal/outputs/matched_forecasting005/pleia_energy_h1_f2_s42_v1|smart_building_conformal/outputs/matched_forecasting005/pleia_energy_h1_f2_s43_v1|smart_building_conformal/outputs/matched_forecasting005/pleia_energy_h1_f2_s44_v1,7c23adb6f9815cd9e08f59c1ae4d7cf37f0cc5eb3a25efede0b901b902eb75bd|9a5f8e926042af5fac0c3fceb0e887889cd310cf57cdaa89b6239e4da7611673|7305c5b5c944d7ca23477856f743db6c5d3fc66016caca920440b0e349553e29,14858,4953,9907,42|43|44,3,3,-0.3624003230039367,0.04240976515215743,-0.4068133642878773,-0.3223276471181993,training-seed variability on same evaluation support; not a population confidence interval,False,
pleia_energy,1,2,attention_lstm,10,kWh per 10 minutes,absolute_coverage_deviation90,0.9,smart_building_conformal/outputs/matched_forecasting005/pleia_energy_h1_f2_s42_v1|smart_building_conformal/outputs/matched_forecasting005/pleia_energy_h1_f2_s43_v1|smart_building_conformal/outputs/matched_forecasting005/pleia_energy_h1_f2_s44_v1,7c23adb6f9815cd9e08f59c1ae4d7cf37f0cc5eb3a25efede0b901b902eb75bd|9a5f8e926042af5fac0c3fceb0e887889cd310cf57cdaa89b6239e4da7611673|7305c5b5c944d7ca23477856f743db6c5d3fc66016caca920440b0e349553e29,14858,4953,9907,42|43|44,3,3,0.3624003230039367,0.04240976515215743,0.3223276471181993,0.4068133642878773,training-seed variability on same evaluation support; not a population confidence interval,False,
pleia_energy,1,2,attention_lstm,10,kWh per 10 minutes,mpiw90,0.9,smart_building_conformal/outputs/matched_forecasting005/pleia_energy_h1_f2_s42_v1|smart_building_conformal/outputs/matched_forecasting005/pleia_energy_h1_f2_s43_v1|smart_building_conformal/outputs/matched_forecasting005/pleia_energy_h1_f2_s44_v1,7c23adb6f9815cd9e08f59c1ae4d7cf37f0cc5eb3a25efede0b901b902eb75bd|9a5f8e926042af5fac0c3fceb0e887889cd310cf57cdaa89b6239e4da7611673|7305c5b5c944d7ca23477856f743db6c5d3fc66016caca920440b0e349553e29,14858,4953,9907,42|43|44,3,3,0.12495710452397664,0.023334973785116512,0.10988640785217285,0.151836097240448,training-seed variability on same evaluation support; not a population confidence interval,False,
pleia_energy,1,2,attention_lstm,10,kWh per 10 minutes,winkler90,0.9,smart_building_conformal/outputs/matched_forecasting005/pleia_energy_h1_f2_s42_v1|smart_building_conformal/outputs/matched_forecasting005/pleia_energy_h1_f2_s43_v1|smart_building_conformal/outputs/matched_forecasting005/pleia_energy_h1_f2_s44_v1,7c23adb6f9815cd9e08f59c1ae4d7cf37f0cc5eb3a25efede0b901b902eb75bd|9a5f8e926042af5fac0c3fceb0e887889cd310cf57cdaa89b6239e4da7611673|7305c5b5c944d7ca23477856f743db6c5d3fc66016caca920440b0e349553e29,14858,4953,9907,42|43|44,3,3,1.7333993440918414,0.06816628607024351,1.6559600614028585,1.7843259784760672,training-seed variability on same evaluation support; not a population confidence interval,False,
pleia_energy,1,2,attention_lstm,10,kWh per 10 minutes,coverage95,0.95,smart_building_conformal/outputs/matched_forecasting005/pleia_energy_h1_f2_s42_v1|smart_building_conformal/outputs/matched_forecasting005/pleia_energy_h1_f2_s43_v1|smart_building_conformal/outputs/matched_forecasting005/pleia_energy_h1_f2_s44_v1,7c23adb6f9815cd9e08f59c1ae4d7cf37f0cc5eb3a25efede0b901b902eb75bd|9a5f8e926042af5fac0c3fceb0e887889cd310cf57cdaa89b6239e4da7611673|7305c5b5c944d7ca23477856f743db6c5d3fc66016caca920440b0e349553e29,14858,4953,9907,42|43|44,3,3,0.607516570774873,0.028869594432901335,0.5811042697082871,0.638336529726456,training-seed variability on same evaluation support; not a population confidence interval,False,
pleia_energy,1,2,attention_lstm,10,kWh per 10 minutes,signed_coverage_deviation95,0.95,smart_building_conformal/outputs/matched_forecasting005/pleia_energy_h1_f2_s42_v1|smart_building_conformal/outputs/matched_forecasting005/pleia_energy_h1_f2_s43_v1|smart_building_conformal/outputs/matched_forecasting005/pleia_energy_h1_f2_s44_v1,7c23adb6f9815cd9e08f59c1ae4d7cf37f0cc5eb3a25efede0b901b902eb75bd|9a5f8e926042af5fac0c3fceb0e887889cd310cf57cdaa89b6239e4da7611673|7305c5b5c944d7ca23477856f743db6c5d3fc66016caca920440b0e349553e29,14858,4953,9907,42|43|44,3,3,-0.3424834292251269,0.028869594432901335,-0.36889573029171285,-0.3116634702735439,training-seed variability on same evaluation support; not a population confidence interval,False,
pleia_energy,1,2,attention_lstm,10,kWh per 10 minutes,absolute_coverage_deviation95,0.95,smart_building_conformal/outputs/matched_forecasting005/pleia_energy_h1_f2_s42_v1|smart_building_conformal/outputs/matched_forecasting005/pleia_energy_h1_f2_s43_v1|smart_building_conformal/outputs/matched_forecasting005/pleia_energy_h1_f2_s44_v1,7c23adb6f9815cd9e08f59c1ae4d7cf37f0cc5eb3a25efede0b901b902eb75bd|9a5f8e926042af5fac0c3fceb0e887889cd310cf57cdaa89b6239e4da7611673|7305c5b5c944d7ca23477856f743db6c5d3fc66016caca920440b0e349553e29,14858,4953,9907,42|43|44,3,3,0.3424834292251269,0.028869594432901335,0.3116634702735439,0.36889573029171285,training-seed variability on same evaluation support; not a population confidence interval,False,
pleia_energy,1,2,attention_lstm,10,kWh per 10 minutes,mpiw95,0.95,smart_building_conformal/outputs/matched_forecasting005/pleia_energy_h1_f2_s42_v1|smart_building_conformal/outputs/matched_forecasting005/pleia_energy_h1_f2_s43_v1|smart_building_conformal/outputs/matched_forecasting005/pleia_energy_h1_f2_s44_v1,7c23adb6f9815cd9e08f59c1ae4d7cf37f0cc5eb3a25efede0b901b902eb75bd|9a5f8e926042af5fac0c3fceb0e887889cd310cf57cdaa89b6239e4da7611673|7305c5b5c944d7ca23477856f743db6c5d3fc66016caca920440b0e349553e29,14858,4953,9907,42|43|44,3,3,0.1571244994799296,0.021507076350878562,0.14232784509658813,0.18179559707641602,training-seed variability on same evaluation support; not a population confidence interval,False,
pleia_energy,1,2,attention_lstm,10,kWh per 10 minutes,winkler95,0.95,smart_building_conformal/outputs/matched_forecasting005/pleia_energy_h1_f2_s42_v1|smart_building_conformal/outputs/matched_forecasting005/pleia_energy_h1_f2_s43_v1|smart_building_conformal/outputs/matched_forecasting005/pleia_energy_h1_f2_s44_v1,7c23adb6f9815cd9e08f59c1ae4d7cf37f0cc5eb3a25efede0b901b902eb75bd|9a5f8e926042af5fac0c3fceb0e887889cd310cf57cdaa89b6239e4da7611673|7305c5b5c944d7ca23477856f743db6c5d3fc66016caca920440b0e349553e29,14858,4953,9907,42|43|44,3,3,3.100276304044975,0.12401997985290016,2.9571747471083643,3.1765613939153954,training-seed variability on same evaluation support; not a population confidence interval,False,
pleia_energy,1,2,attention_lstm,10,kWh per 10 minutes,tuning_seconds,,smart_building_conformal/outputs/matched_forecasting005/pleia_energy_h1_f2_s42_v1|smart_building_conformal/outputs/matched_forecasting005/pleia_energy_h1_f2_s43_v1|smart_building_conformal/outputs/matched_forecasting005/pleia_energy_h1_f2_s44_v1,7c23adb6f9815cd9e08f59c1ae4d7cf37f0cc5eb3a25efede0b901b902eb75bd|9a5f8e926042af5fac0c3fceb0e887889cd310cf57cdaa89b6239e4da7611673|7305c5b5c944d7ca23477856f743db6c5d3fc66016caca920440b0e349553e29,14858,4953,9907,42|43|44,3,3,85.62517880000087,7.983452758461013,77.31889980000415,93.2409495000029,training-seed variability on same evaluation support; not a population confidence interval,False,
pleia_energy,1,2,attention_lstm,10,kWh per 10 minutes,final_fit_seconds,,smart_building_conformal/outputs/matched_forecasting005/pleia_energy_h1_f2_s42_v1|smart_building_conformal/outputs/matched_forecasting005/pleia_energy_h1_f2_s43_v1|smart_building_conformal/outputs/matched_forecasting005/pleia_energy_h1_f2_s44_v1,7c23adb6f9815cd9e08f59c1ae4d7cf37f0cc5eb3a25efede0b901b902eb75bd|9a5f8e926042af5fac0c3fceb0e887889cd310cf57cdaa89b6239e4da7611673|7305c5b5c944d7ca23477856f743db6c5d3fc66016caca920440b0e349553e29,14858,4953,9907,42|43|44,3,3,16.99754186666299,2.1738535154837835,14.578470799999195,18.787344999989728,training-seed variability on same evaluation support; not a population confidence interval,False,
pleia_energy,1,2,attention_lstm,10,kWh per 10 minutes,calibration_seconds,,smart_building_conformal/outputs/matched_forecasting005/pleia_energy_h1_f2_s42_v1|smart_building_conformal/outputs/matched_forecasting005/pleia_energy_h1_f2_s43_v1|smart_building_conformal/outputs/matched_forecasting005/pleia_energy_h1_f2_s44_v1,7c23adb6f9815cd9e08f59c1ae4d7cf37f0cc5eb3a25efede0b901b902eb75bd|9a5f8e926042af5fac0c3fceb0e887889cd310cf57cdaa89b6239e4da7611673|7305c5b5c944d7ca23477856f743db6c5d3fc66016caca920440b0e349553e29,14858,4953,9907,42|43|44,3,3,0.19331279999945158,0.006063744000791057,0.1863630000007106,0.19752539999899454,training-seed variability on same evaluation support; not a population confidence interval,False,
pleia_energy,1,2,attention_lstm,10,kWh per 10 minutes,inference_seconds,,smart_building_conformal/outputs/matched_forecasting005/pleia_energy_h1_f2_s42_v1|smart_building_conformal/outputs/matched_forecasting005/pleia_energy_h1_f2_s43_v1|smart_building_conformal/outputs/matched_forecasting005/pleia_energy_h1_f2_s44_v1,7c23adb6f9815cd9e08f59c1ae4d7cf37f0cc5eb3a25efede0b901b902eb75bd|9a5f8e926042af5fac0c3fceb0e887889cd310cf57cdaa89b6239e4da7611673|7305c5b5c944d7ca23477856f743db6c5d3fc66016caca920440b0e349553e29,14858,4953,9907,42|43|44,3,3,0.3784531000007216,0.00270765267552569,0.3760857000015676,0.381405399995856,training-seed variability on same evaluation support; not a population confidence interval,False,
pleia_energy,1,2,attention_lstm,10,kWh per 10 minutes,model_phase_seconds,,smart_building_conformal/outputs/matched_forecasting005/pleia_energy_h1_f2_s42_v1|smart_building_conformal/outputs/matched_forecasting005/pleia_energy_h1_f2_s43_v1|smart_building_conformal/outputs/matched_forecasting005/pleia_energy_h1_f2_s44_v1,7c23adb6f9815cd9e08f59c1ae4d7cf37f0cc5eb3a25efede0b901b902eb75bd|9a5f8e926042af5fac0c3fceb0e887889cd310cf57cdaa89b6239e4da7611673|7305c5b5c944d7ca23477856f743db6c5d3fc66016caca920440b0e349553e29,14858,4953,9907,42|43|44,3,3,103.19448656666403,10.134775868734653,92.4616018000088,112.60043019999284,training-seed variability on same evaluation support; not a population confidence interval,False,
pleia_energy,1,2,attention_lstm,10,kWh per 10 minutes,process_cpu_seconds,,smart_building_conformal/outputs/matched_forecasting005/pleia_energy_h1_f2_s42_v1|smart_building_conformal/outputs/matched_forecasting005/pleia_energy_h1_f2_s43_v1|smart_building_conformal/outputs/matched_forecasting005/pleia_energy_h1_f2_s44_v1,7c23adb6f9815cd9e08f59c1ae4d7cf37f0cc5eb3a25efede0b901b902eb75bd|9a5f8e926042af5fac0c3fceb0e887889cd310cf57cdaa89b6239e4da7611673|7305c5b5c944d7ca23477856f743db6c5d3fc66016caca920440b0e349553e29,14858,4953,9907,42|43|44,3,3,100.56770833333333,10.176570216934994,89.890625,110.15625,training-seed variability on same evaluation support; not a population confidence interval,False,
pleia_energy,1,2,attention_lstm,10,kWh per 10 minutes,inference_rows_per_second,,smart_building_conformal/outputs/matched_forecasting005/pleia_energy_h1_f2_s42_v1|smart_building_conformal/outputs/matched_forecasting005/pleia_energy_h1_f2_s43_v1|smart_building_conformal/outputs/matched_forecasting005/pleia_energy_h1_f2_s44_v1,7c23adb6f9815cd9e08f59c1ae4d7cf37f0cc5eb3a25efede0b901b902eb75bd|9a5f8e926042af5fac0c3fceb0e887889cd310cf57cdaa89b6239e4da7611673|7305c5b5c944d7ca23477856f743db6c5d3fc66016caca920440b0e349553e29,14858,4953,9907,42|43|44,3,3,26178.507574013052,186.88521824628154,25974.98619607284,26342.4001496433,training-seed variability on same evaluation support; not a population confidence interval,False,
pleia_energy,1,2,persistence,10,kWh per 10 minutes,mae,,smart_building_conformal/outputs/matched_forecasting005/pleia_energy_h1_f2_s42_v1|smart_building_conformal/outputs/matched_forecasting005/pleia_energy_h1_f2_s43_v1|smart_building_conformal/outputs/matched_forecasting005/pleia_energy_h1_f2_s44_v1,7c23adb6f9815cd9e08f59c1ae4d7cf37f0cc5eb3a25efede0b901b902eb75bd|9a5f8e926042af5fac0c3fceb0e887889cd310cf57cdaa89b6239e4da7611673|7305c5b5c944d7ca23477856f743db6c5d3fc66016caca920440b0e349553e29,14858,4953,9907,42|43|44,3,3,0.12760863530836783,0.0,0.12760863530836783,0.12760863530836783,training-seed variability on same evaluation support; not a population confidence interval,True,1.0
pleia_energy,1,2,persistence,10,kWh per 10 minutes,rmse,,smart_building_conformal/outputs/matched_forecasting005/pleia_energy_h1_f2_s42_v1|smart_building_conformal/outputs/matched_forecasting005/pleia_energy_h1_f2_s43_v1|smart_building_conformal/outputs/matched_forecasting005/pleia_energy_h1_f2_s44_v1,7c23adb6f9815cd9e08f59c1ae4d7cf37f0cc5eb3a25efede0b901b902eb75bd|9a5f8e926042af5fac0c3fceb0e887889cd310cf57cdaa89b6239e4da7611673|7305c5b5c944d7ca23477856f743db6c5d3fc66016caca920440b0e349553e29,14858,4953,9907,42|43|44,3,3,0.24188010063684087,0.0,0.24188010063684087,0.24188010063684087,training-seed variability on same evaluation support; not a population confidence interval,True,1.0
pleia_energy,1,2,persistence,10,kWh per 10 minutes,coverage90,0.9,smart_building_conformal/outputs/matched_forecasting005/pleia_energy_h1_f2_s42_v1|smart_building_conformal/outputs/matched_forecasting005/pleia_energy_h1_f2_s43_v1|smart_building_conformal/outputs/matched_forecasting005/pleia_energy_h1_f2_s44_v1,7c23adb6f9815cd9e08f59c1ae4d7cf37f0cc5eb3a25efede0b901b902eb75bd|9a5f8e926042af5fac0c3fceb0e887889cd310cf57cdaa89b6239e4da7611673|7305c5b5c944d7ca23477856f743db6c5d3fc66016caca920440b0e349553e29,14858,4953,9907,42|43|44,3,3,0.5603108912889876,0.0,0.5603108912889876,0.5603108912889876,training-seed variability on same evaluation support; not a population confidence interval,True,1.0
pleia_energy,1,2,persistence,10,kWh per 10 minutes,signed_coverage_deviation90,0.9,smart_building_conformal/outputs/matched_forecasting005/pleia_energy_h1_f2_s42_v1|smart_building_conformal/outputs/matched_forecasting005/pleia_energy_h1_f2_s43_v1|smart_building_conformal/outputs/matched_forecasting005/pleia_energy_h1_f2_s44_v1,7c23adb6f9815cd9e08f59c1ae4d7cf37f0cc5eb3a25efede0b901b902eb75bd|9a5f8e926042af5fac0c3fceb0e887889cd310cf57cdaa89b6239e4da7611673|7305c5b5c944d7ca23477856f743db6c5d3fc66016caca920440b0e349553e29,14858,4953,9907,42|43|44,3,3,-0.3396891087110124,6.798699777552591e-17,-0.33968910871101243,-0.33968910871101243,training-seed variability on same evaluation support; not a population confidence interval,True,1.0
pleia_energy,1,2,persistence,10,kWh per 10 minutes,absolute_coverage_deviation90,0.9,smart_building_conformal/outputs/matched_forecasting005/pleia_energy_h1_f2_s42_v1|smart_building_conformal/outputs/matched_forecasting005/pleia_energy_h1_f2_s43_v1|smart_building_conformal/outputs/matched_forecasting005/pleia_energy_h1_f2_s44_v1,7c23adb6f9815cd9e08f59c1ae4d7cf37f0cc5eb3a25efede0b901b902eb75bd|9a5f8e926042af5fac0c3fceb0e887889cd310cf57cdaa89b6239e4da7611673|7305c5b5c944d7ca23477856f743db6c5d3fc66016caca920440b0e349553e29,14858,4953,9907,42|43|44,3,3,0.3396891087110124,6.798699777552591e-17,0.33968910871101243,0.33968910871101243,training-seed variability on same evaluation support; not a population confidence interval,True,1.0
pleia_energy,1,2,persistence,10,kWh per 10 minutes,mpiw90,0.9,smart_building_conformal/outputs/matched_forecasting005/pleia_energy_h1_f2_s42_v1|smart_building_conformal/outputs/matched_forecasting005/pleia_energy_h1_f2_s43_v1|smart_building_conformal/outputs/matched_forecasting005/pleia_energy_h1_f2_s44_v1,7c23adb6f9815cd9e08f59c1ae4d7cf37f0cc5eb3a25efede0b901b902eb75bd|9a5f8e926042af5fac0c3fceb0e887889cd310cf57cdaa89b6239e4da7611673|7305c5b5c944d7ca23477856f743db6c5d3fc66016caca920440b0e349553e29,14858,4953,9907,42|43|44,3,3,0.078125,0.0,0.078125,0.078125,training-seed variability on same evaluation support; not a population confidence interval,True,1.0
pleia_energy,1,2,persistence,10,kWh per 10 minutes,winkler90,0.9,smart_building_conformal/outputs/matched_forecasting005/pleia_energy_h1_f2_s42_v1|smart_building_conformal/outputs/matched_forecasting005/pleia_energy_h1_f2_s43_v1|smart_building_conformal/outputs/matched_forecasting005/pleia_energy_h1_f2_s44_v1,7c23adb6f9815cd9e08f59c1ae4d7cf37f0cc5eb3a25efede0b901b902eb75bd|9a5f8e926042af5fac0c3fceb0e887889cd310cf57cdaa89b6239e4da7611673|7305c5b5c944d7ca23477856f743db6c5d3fc66016caca920440b0e349553e29,14858,4953,9907,42|43|44,3,3,2.097025777228223,0.0,2.097025777228223,2.097025777228223,training-seed variability on same evaluation support; not a population confidence interval,True,1.0
pleia_energy,1,2,persistence,10,kWh per 10 minutes,coverage95,0.95,smart_building_conformal/outputs/matched_forecasting005/pleia_energy_h1_f2_s42_v1|smart_building_conformal/outputs/matched_forecasting005/pleia_energy_h1_f2_s43_v1|smart_building_conformal/outputs/matched_forecasting005/pleia_energy_h1_f2_s44_v1,7c23adb6f9815cd9e08f59c1ae4d7cf37f0cc5eb3a25efede0b901b902eb75bd|9a5f8e926042af5fac0c3fceb0e887889cd310cf57cdaa89b6239e4da7611673|7305c5b5c944d7ca23477856f743db6c5d3fc66016caca920440b0e349553e29,14858,4953,9907,42|43|44,3,3,0.6428787725850409,0.0,0.6428787725850409,0.6428787725850409,training-seed variability on same evaluation support; not a population confidence interval,True,1.0
pleia_energy,1,2,persistence,10,kWh per 10 minutes,signed_coverage_deviation95,0.95,smart_building_conformal/outputs/matched_forecasting005/pleia_energy_h1_f2_s42_v1|smart_building_conformal/outputs/matched_forecasting005/pleia_energy_h1_f2_s43_v1|smart_building_conformal/outputs/matched_forecasting005/pleia_energy_h1_f2_s44_v1,7c23adb6f9815cd9e08f59c1ae4d7cf37f0cc5eb3a25efede0b901b902eb75bd|9a5f8e926042af5fac0c3fceb0e887889cd310cf57cdaa89b6239e4da7611673|7305c5b5c944d7ca23477856f743db6c5d3fc66016caca920440b0e349553e29,14858,4953,9907,42|43|44,3,3,-0.30712122741495906,0.0,-0.30712122741495906,-0.30712122741495906,training-seed variability on same evaluation support; not a population confidence interval,True,1.0
pleia_energy,1,2,persistence,10,kWh per 10 minutes,absolute_coverage_deviation95,0.95,smart_building_conformal/outputs/matched_forecasting005/pleia_energy_h1_f2_s42_v1|smart_building_conformal/outputs/matched_forecasting005/pleia_energy_h1_f2_s43_v1|smart_building_conformal/outputs/matched_forecasting005/pleia_energy_h1_f2_s44_v1,7c23adb6f9815cd9e08f59c1ae4d7cf37f0cc5eb3a25efede0b901b902eb75bd|9a5f8e926042af5fac0c3fceb0e887889cd310cf57cdaa89b6239e4da7611673|7305c5b5c944d7ca23477856f743db6c5d3fc66016caca920440b0e349553e29,14858,4953,9907,42|43|44,3,3,0.30712122741495906,0.0,0.30712122741495906,0.30712122741495906,training-seed variability on same evaluation support; not a population confidence interval,True,1.0
pleia_energy,1,2,persistence,10,kWh per 10 minutes,mpiw95,0.95,smart_building_conformal/outputs/matched_forecasting005/pleia_energy_h1_f2_s42_v1|smart_building_conformal/outputs/matched_forecasting005/pleia_energy_h1_f2_s43_v1|smart_building_conformal/outputs/matched_forecasting005/pleia_energy_h1_f2_s44_v1,7c23adb6f9815cd9e08f59c1ae4d7cf37f0cc5eb3a25efede0b901b902eb75bd|9a5f8e926042af5fac0c3fceb0e887889cd310cf57cdaa89b6239e4da7611673|7305c5b5c944d7ca23477856f743db6c5d3fc66016caca920440b0e349553e29,14858,4953,9907,42|43|44,3,3,0.125,0.0,0.125,0.125,training-seed variability on same evaluation support; not a population confidence interval,True,1.0
pleia_energy,1,2,persistence,10,kWh per 10 minutes,winkler95,0.95,smart_building_conformal/outputs/matched_forecasting005/pleia_energy_h1_f2_s42_v1|smart_building_conformal/outputs/matched_forecasting005/pleia_energy_h1_f2_s43_v1|smart_building_conformal/outputs/matched_forecasting005/pleia_energy_h1_f2_s44_v1,7c23adb6f9815cd9e08f59c1ae4d7cf37f0cc5eb3a25efede0b901b902eb75bd|9a5f8e926042af5fac0c3fceb0e887889cd310cf57cdaa89b6239e4da7611673|7305c5b5c944d7ca23477856f743db6c5d3fc66016caca920440b0e349553e29,14858,4953,9907,42|43|44,3,3,3.783587362470977,0.0,3.783587362470977,3.783587362470977,training-seed variability on same evaluation support; not a population confidence interval,True,1.0
pleia_energy,1,2,persistence,10,kWh per 10 minutes,tuning_seconds,,smart_building_conformal/outputs/matched_forecasting005/pleia_energy_h1_f2_s42_v1|smart_building_conformal/outputs/matched_forecasting005/pleia_energy_h1_f2_s43_v1|smart_building_conformal/outputs/matched_forecasting005/pleia_energy_h1_f2_s44_v1,7c23adb6f9815cd9e08f59c1ae4d7cf37f0cc5eb3a25efede0b901b902eb75bd|9a5f8e926042af5fac0c3fceb0e887889cd310cf57cdaa89b6239e4da7611673|7305c5b5c944d7ca23477856f743db6c5d3fc66016caca920440b0e349553e29,14858,4953,9907,42|43|44,3,3,0.0,0.0,0.0,0.0,training-seed variability on same evaluation support; not a population confidence interval,True,1.0
pleia_energy,1,2,persistence,10,kWh per 10 minutes,final_fit_seconds,,smart_building_conformal/outputs/matched_forecasting005/pleia_energy_h1_f2_s42_v1|smart_building_conformal/outputs/matched_forecasting005/pleia_energy_h1_f2_s43_v1|smart_building_conformal/outputs/matched_forecasting005/pleia_energy_h1_f2_s44_v1,7c23adb6f9815cd9e08f59c1ae4d7cf37f0cc5eb3a25efede0b901b902eb75bd|9a5f8e926042af5fac0c3fceb0e887889cd310cf57cdaa89b6239e4da7611673|7305c5b5c944d7ca23477856f743db6c5d3fc66016caca920440b0e349553e29,14858,4953,9907,42|43|44,3,3,0.0004275333315793735,3.835052973228117e-05,0.00038930000300752,0.0004659999976865947,training-seed variability on same evaluation support; not a population confidence interval,True,1.0
pleia_energy,1,2,persistence,10,kWh per 10 minutes,calibration_seconds,,smart_building_conformal/outputs/matched_forecasting005/pleia_energy_h1_f2_s42_v1|smart_building_conformal/outputs/matched_forecasting005/pleia_energy_h1_f2_s43_v1|smart_building_conformal/outputs/matched_forecasting005/pleia_energy_h1_f2_s44_v1,7c23adb6f9815cd9e08f59c1ae4d7cf37f0cc5eb3a25efede0b901b902eb75bd|9a5f8e926042af5fac0c3fceb0e887889cd310cf57cdaa89b6239e4da7611673|7305c5b5c944d7ca23477856f743db6c5d3fc66016caca920440b0e349553e29,14858,4953,9907,42|43|44,3,3,0.002987999997761411,0.000822050078532358,0.002486400000634603,0.0039366999990306795,training-seed variability on same evaluation support; not a population confidence interval,True,1.0
pleia_energy,1,2,persistence,10,kWh per 10 minutes,inference_seconds,,smart_building_conformal/outputs/matched_forecasting005/pleia_energy_h1_f2_s42_v1|smart_building_conformal/outputs/matched_forecasting005/pleia_energy_h1_f2_s43_v1|smart_building_conformal/outputs/matched_forecasting005/pleia_energy_h1_f2_s44_v1,7c23adb6f9815cd9e08f59c1ae4d7cf37f0cc5eb3a25efede0b901b902eb75bd|9a5f8e926042af5fac0c3fceb0e887889cd310cf57cdaa89b6239e4da7611673|7305c5b5c944d7ca23477856f743db6c5d3fc66016caca920440b0e349553e29,14858,4953,9907,42|43|44,3,3,0.004225033330537069,0.000988170994602,0.0035684000031324103,0.005361499992432073,training-seed variability on same evaluation support; not a population confidence interval,True,1.0
pleia_energy,1,2,persistence,10,kWh per 10 minutes,model_phase_seconds,,smart_building_conformal/outputs/matched_forecasting005/pleia_energy_h1_f2_s42_v1|smart_building_conformal/outputs/matched_forecasting005/pleia_energy_h1_f2_s43_v1|smart_building_conformal/outputs/matched_forecasting005/pleia_energy_h1_f2_s44_v1,7c23adb6f9815cd9e08f59c1ae4d7cf37f0cc5eb3a25efede0b901b902eb75bd|9a5f8e926042af5fac0c3fceb0e887889cd310cf57cdaa89b6239e4da7611673|7305c5b5c944d7ca23477856f743db6c5d3fc66016caca920440b0e349553e29,14858,4953,9907,42|43|44,3,3,0.0076405666598778526,0.0007926423706205118,0.006752099987352267,0.008275199987110682,training-seed variability on same evaluation support; not a population confidence interval,True,1.0
pleia_energy,1,2,persistence,10,kWh per 10 minutes,process_cpu_seconds,,smart_building_conformal/outputs/matched_forecasting005/pleia_energy_h1_f2_s42_v1|smart_building_conformal/outputs/matched_forecasting005/pleia_energy_h1_f2_s43_v1|smart_building_conformal/outputs/matched_forecasting005/pleia_energy_h1_f2_s44_v1,7c23adb6f9815cd9e08f59c1ae4d7cf37f0cc5eb3a25efede0b901b902eb75bd|9a5f8e926042af5fac0c3fceb0e887889cd310cf57cdaa89b6239e4da7611673|7305c5b5c944d7ca23477856f743db6c5d3fc66016caca920440b0e349553e29,14858,4953,9907,42|43|44,3,3,0.010416666666666666,0.009021097956087904,0.0,0.015625,training-seed variability on same evaluation support; not a population confidence interval,True,1.0
pleia_energy,1,2,persistence,10,kWh per 10 minutes,inference_rows_per_second,,smart_building_conformal/outputs/matched_forecasting005/pleia_energy_h1_f2_s42_v1|smart_building_conformal/outputs/matched_forecasting005/pleia_energy_h1_f2_s43_v1|smart_building_conformal/outputs/matched_forecasting005/pleia_energy_h1_f2_s44_v1,7c23adb6f9815cd9e08f59c1ae4d7cf37f0cc5eb3a25efede0b901b902eb75bd|9a5f8e926042af5fac0c3fceb0e887889cd310cf57cdaa89b6239e4da7611673|7305c5b5c944d7ca23477856f743db6c5d3fc66016caca920440b0e349553e29,14858,4953,9907,42|43|44,3,3,2423123.5645792563,502532.51319364464,1847803.7888620805,2776314.312101627,training-seed variability on same evaluation support; not a population confidence interval,True,1.0
pleia_energy,1,2,xgboost,10,kWh per 10 minutes,mae,,smart_building_conformal/outputs/matched_forecasting005/pleia_energy_h1_f2_s42_v1|smart_building_conformal/outputs/matched_forecasting005/pleia_energy_h1_f2_s43_v1|smart_building_conformal/outputs/matched_forecasting005/pleia_energy_h1_f2_s44_v1,7c23adb6f9815cd9e08f59c1ae4d7cf37f0cc5eb3a25efede0b901b902eb75bd|9a5f8e926042af5fac0c3fceb0e887889cd310cf57cdaa89b6239e4da7611673|7305c5b5c944d7ca23477856f743db6c5d3fc66016caca920440b0e349553e29,14858,4953,9907,42|43|44,3,3,0.1330267012767061,0.015680549018550625,0.12377272844555232,0.1511315438887769,training-seed variability on same evaluation support; not a population confidence interval,False,
pleia_energy,1,2,xgboost,10,kWh per 10 minutes,rmse,,smart_building_conformal/outputs/matched_forecasting005/pleia_energy_h1_f2_s42_v1|smart_building_conformal/outputs/matched_forecasting005/pleia_energy_h1_f2_s43_v1|smart_building_conformal/outputs/matched_forecasting005/pleia_energy_h1_f2_s44_v1,7c23adb6f9815cd9e08f59c1ae4d7cf37f0cc5eb3a25efede0b901b902eb75bd|9a5f8e926042af5fac0c3fceb0e887889cd310cf57cdaa89b6239e4da7611673|7305c5b5c944d7ca23477856f743db6c5d3fc66016caca920440b0e349553e29,14858,4953,9907,42|43|44,3,3,0.22416233979622405,0.0170534784005685,0.21421679296037713,0.24385366270656145,training-seed variability on same evaluation support; not a population confidence interval,False,
pleia_energy,1,2,xgboost,10,kWh per 10 minutes,coverage90,0.9,smart_building_conformal/outputs/matched_forecasting005/pleia_energy_h1_f2_s42_v1|smart_building_conformal/outputs/matched_forecasting005/pleia_energy_h1_f2_s43_v1|smart_building_conformal/outputs/matched_forecasting005/pleia_energy_h1_f2_s44_v1,7c23adb6f9815cd9e08f59c1ae4d7cf37f0cc5eb3a25efede0b901b902eb75bd|9a5f8e926042af5fac0c3fceb0e887889cd310cf57cdaa89b6239e4da7611673|7305c5b5c944d7ca23477856f743db6c5d3fc66016caca920440b0e349553e29,14858,4953,9907,42|43|44,3,3,0.6788466067763533,0.008685619861977948,0.6688200262440699,0.6840617745028768,training-seed variability on same evaluation support; not a population confidence interval,False,
pleia_energy,1,2,xgboost,10,kWh per 10 minutes,signed_coverage_deviation90,0.9,smart_building_conformal/outputs/matched_forecasting005/pleia_energy_h1_f2_s42_v1|smart_building_conformal/outputs/matched_forecasting005/pleia_energy_h1_f2_s43_v1|smart_building_conformal/outputs/matched_forecasting005/pleia_energy_h1_f2_s44_v1,7c23adb6f9815cd9e08f59c1ae4d7cf37f0cc5eb3a25efede0b901b902eb75bd|9a5f8e926042af5fac0c3fceb0e887889cd310cf57cdaa89b6239e4da7611673|7305c5b5c944d7ca23477856f743db6c5d3fc66016caca920440b0e349553e29,14858,4953,9907,42|43|44,3,3,-0.22115339322364658,0.008685619861977948,-0.23117997375593013,-0.21593822549712327,training-seed variability on same evaluation support; not a population confidence interval,False,
pleia_energy,1,2,xgboost,10,kWh per 10 minutes,absolute_coverage_deviation90,0.9,smart_building_conformal/outputs/matched_forecasting005/pleia_energy_h1_f2_s42_v1|smart_building_conformal/outputs/matched_forecasting005/pleia_energy_h1_f2_s43_v1|smart_building_conformal/outputs/matched_forecasting005/pleia_energy_h1_f2_s44_v1,7c23adb6f9815cd9e08f59c1ae4d7cf37f0cc5eb3a25efede0b901b902eb75bd|9a5f8e926042af5fac0c3fceb0e887889cd310cf57cdaa89b6239e4da7611673|7305c5b5c944d7ca23477856f743db6c5d3fc66016caca920440b0e349553e29,14858,4953,9907,42|43|44,3,3,0.22115339322364658,0.008685619861977948,0.21593822549712327,0.23117997375593013,training-seed variability on same evaluation support; not a population confidence interval,False,
pleia_energy,1,2,xgboost,10,kWh per 10 minutes,mpiw90,0.9,smart_building_conformal/outputs/matched_forecasting005/pleia_energy_h1_f2_s42_v1|smart_building_conformal/outputs/matched_forecasting005/pleia_energy_h1_f2_s43_v1|smart_building_conformal/outputs/matched_forecasting005/pleia_energy_h1_f2_s44_v1,7c23adb6f9815cd9e08f59c1ae4d7cf37f0cc5eb3a25efede0b901b902eb75bd|9a5f8e926042af5fac0c3fceb0e887889cd310cf57cdaa89b6239e4da7611673|7305c5b5c944d7ca23477856f743db6c5d3fc66016caca920440b0e349553e29,14858,4953,9907,42|43|44,3,3,0.2593786418437958,0.06141820275888341,0.2122400999069214,0.3288354277610779,training-seed variability on same evaluation support; not a population confidence interval,False,
pleia_energy,1,2,xgboost,10,kWh per 10 minutes,winkler90,0.9,smart_building_conformal/outputs/matched_forecasting005/pleia_energy_h1_f2_s42_v1|smart_building_conformal/outputs/matched_forecasting005/pleia_energy_h1_f2_s43_v1|smart_building_conformal/outputs/matched_forecasting005/pleia_energy_h1_f2_s44_v1,7c23adb6f9815cd9e08f59c1ae4d7cf37f0cc5eb3a25efede0b901b902eb75bd|9a5f8e926042af5fac0c3fceb0e887889cd310cf57cdaa89b6239e4da7611673|7305c5b5c944d7ca23477856f743db6c5d3fc66016caca920440b0e349553e29,14858,4953,9907,42|43|44,3,3,1.5319214387717883,0.07839951413932036,1.4594009115042088,1.6151078535465537,training-seed variability on same evaluation support; not a population confidence interval,False,
pleia_energy,1,2,xgboost,10,kWh per 10 minutes,coverage95,0.95,smart_building_conformal/outputs/matched_forecasting005/pleia_energy_h1_f2_s42_v1|smart_building_conformal/outputs/matched_forecasting005/pleia_energy_h1_f2_s43_v1|smart_building_conformal/outputs/matched_forecasting005/pleia_energy_h1_f2_s44_v1,7c23adb6f9815cd9e08f59c1ae4d7cf37f0cc5eb3a25efede0b901b902eb75bd|9a5f8e926042af5fac0c3fceb0e887889cd310cf57cdaa89b6239e4da7611673|7305c5b5c944d7ca23477856f743db6c5d3fc66016caca920440b0e349553e29,14858,4953,9907,42|43|44,3,3,0.7870865717842603,0.01584780924872104,0.7711718986575149,0.802866659937418,training-seed variability on same evaluation support; not a population confidence interval,False,
pleia_energy,1,2,xgboost,10,kWh per 10 minutes,signed_coverage_deviation95,0.95,smart_building_conformal/outputs/matched_forecasting005/pleia_energy_h1_f2_s42_v1|smart_building_conformal/outputs/matched_forecasting005/pleia_energy_h1_f2_s43_v1|smart_building_conformal/outputs/matched_forecasting005/pleia_energy_h1_f2_s44_v1,7c23adb6f9815cd9e08f59c1ae4d7cf37f0cc5eb3a25efede0b901b902eb75bd|9a5f8e926042af5fac0c3fceb0e887889cd310cf57cdaa89b6239e4da7611673|7305c5b5c944d7ca23477856f743db6c5d3fc66016caca920440b0e349553e29,14858,4953,9907,42|43|44,3,3,-0.16291342821573965,0.01584780924872104,-0.17882810134248506,-0.14713334006258194,training-seed variability on same evaluation support; not a population confidence interval,False,
pleia_energy,1,2,xgboost,10,kWh per 10 minutes,absolute_coverage_deviation95,0.95,smart_building_conformal/outputs/matched_forecasting005/pleia_energy_h1_f2_s42_v1|smart_building_conformal/outputs/matched_forecasting005/pleia_energy_h1_f2_s43_v1|smart_building_conformal/outputs/matched_forecasting005/pleia_energy_h1_f2_s44_v1,7c23adb6f9815cd9e08f59c1ae4d7cf37f0cc5eb3a25efede0b901b902eb75bd|9a5f8e926042af5fac0c3fceb0e887889cd310cf57cdaa89b6239e4da7611673|7305c5b5c944d7ca23477856f743db6c5d3fc66016caca920440b0e349553e29,14858,4953,9907,42|43|44,3,3,0.16291342821573965,0.01584780924872104,0.14713334006258194,0.17882810134248506,training-seed variability on same evaluation support; not a population confidence interval,False,
pleia_energy,1,2,xgboost,10,kWh per 10 minutes,mpiw95,0.95,smart_building_conformal/outputs/matched_forecasting005/pleia_energy_h1_f2_s42_v1|smart_building_conformal/outputs/matched_forecasting005/pleia_energy_h1_f2_s43_v1|smart_building_conformal/outputs/matched_forecasting005/pleia_energy_h1_f2_s44_v1,7c23adb6f9815cd9e08f59c1ae4d7cf37f0cc5eb3a25efede0b901b902eb75bd|9a5f8e926042af5fac0c3fceb0e887889cd310cf57cdaa89b6239e4da7611673|7305c5b5c944d7ca23477856f743db6c5d3fc66016caca920440b0e349553e29,14858,4953,9907,42|43|44,3,3,0.42110780874888104,0.04131576736220509,0.3861774206161499,0.4667136073112488,training-seed variability on same evaluation support; not a population confidence interval,False,
pleia_energy,1,2,xgboost,10,kWh per 10 minutes,winkler95,0.95,smart_building_conformal/outputs/matched_forecasting005/pleia_energy_h1_f2_s42_v1|smart_building_conformal/outputs/matched_forecasting005/pleia_energy_h1_f2_s43_v1|smart_building_conformal/outputs/matched_forecasting005/pleia_energy_h1_f2_s44_v1,7c23adb6f9815cd9e08f59c1ae4d7cf37f0cc5eb3a25efede0b901b902eb75bd|9a5f8e926042af5fac0c3fceb0e887889cd310cf57cdaa89b6239e4da7611673|7305c5b5c944d7ca23477856f743db6c5d3fc66016caca920440b0e349553e29,14858,4953,9907,42|43|44,3,3,2.1160957980800084,0.1588643066357519,2.0013129589078003,2.2974087363645754,training-seed variability on same evaluation support; not a population confidence interval,False,
pleia_energy,1,2,xgboost,10,kWh per 10 minutes,tuning_seconds,,smart_building_conformal/outputs/matched_forecasting005/pleia_energy_h1_f2_s42_v1|smart_building_conformal/outputs/matched_forecasting005/pleia_energy_h1_f2_s43_v1|smart_building_conformal/outputs/matched_forecasting005/pleia_energy_h1_f2_s44_v1,7c23adb6f9815cd9e08f59c1ae4d7cf37f0cc5eb3a25efede0b901b902eb75bd|9a5f8e926042af5fac0c3fceb0e887889cd310cf57cdaa89b6239e4da7611673|7305c5b5c944d7ca23477856f743db6c5d3fc66016caca920440b0e349553e29,14858,4953,9907,42|43|44,3,3,2.9593896999964877,0.037507359604536286,2.9368235000001732,3.0026864999963436,training-seed variability on same evaluation support; not a population confidence interval,False,
pleia_energy,1,2,xgboost,10,kWh per 10 minutes,final_fit_seconds,,smart_building_conformal/outputs/matched_forecasting005/pleia_energy_h1_f2_s42_v1|smart_building_conformal/outputs/matched_forecasting005/pleia_energy_h1_f2_s43_v1|smart_building_conformal/outputs/matched_forecasting005/pleia_energy_h1_f2_s44_v1,7c23adb6f9815cd9e08f59c1ae4d7cf37f0cc5eb3a25efede0b901b902eb75bd|9a5f8e926042af5fac0c3fceb0e887889cd310cf57cdaa89b6239e4da7611673|7305c5b5c944d7ca23477856f743db6c5d3fc66016caca920440b0e349553e29,14858,4953,9907,42|43|44,3,3,0.7762103666682378,0.17669220200678012,0.6655583000028855,0.9799857999896631,training-seed variability on same evaluation support; not a population confidence interval,False,
pleia_energy,1,2,xgboost,10,kWh per 10 minutes,calibration_seconds,,smart_building_conformal/outputs/matched_forecasting005/pleia_energy_h1_f2_s42_v1|smart_building_conformal/outputs/matched_forecasting005/pleia_energy_h1_f2_s43_v1|smart_building_conformal/outputs/matched_forecasting005/pleia_energy_h1_f2_s44_v1,7c23adb6f9815cd9e08f59c1ae4d7cf37f0cc5eb3a25efede0b901b902eb75bd|9a5f8e926042af5fac0c3fceb0e887889cd310cf57cdaa89b6239e4da7611673|7305c5b5c944d7ca23477856f743db6c5d3fc66016caca920440b0e349553e29,14858,4953,9907,42|43|44,3,3,0.06383606666834869,0.017448171387865155,0.04806010000174865,0.08257660000526812,training-seed variability on same evaluation support; not a population confidence interval,False,
pleia_energy,1,2,xgboost,10,kWh per 10 minutes,inference_seconds,,smart_building_conformal/outputs/matched_forecasting005/pleia_energy_h1_f2_s42_v1|smart_building_conformal/outputs/matched_forecasting005/pleia_energy_h1_f2_s43_v1|smart_building_conformal/outputs/matched_forecasting005/pleia_energy_h1_f2_s44_v1,7c23adb6f9815cd9e08f59c1ae4d7cf37f0cc5eb3a25efede0b901b902eb75bd|9a5f8e926042af5fac0c3fceb0e887889cd310cf57cdaa89b6239e4da7611673|7305c5b5c944d7ca23477856f743db6c5d3fc66016caca920440b0e349553e29,14858,4953,9907,42|43|44,3,3,0.1121695666637,0.02287183051024227,0.09245499999815365,0.13724599999841303,training-seed variability on same evaluation support; not a population confidence interval,False,
pleia_energy,1,2,xgboost,10,kWh per 10 minutes,model_phase_seconds,,smart_building_conformal/outputs/matched_forecasting005/pleia_energy_h1_f2_s42_v1|smart_building_conformal/outputs/matched_forecasting005/pleia_energy_h1_f2_s43_v1|smart_building_conformal/outputs/matched_forecasting005/pleia_energy_h1_f2_s44_v1,7c23adb6f9815cd9e08f59c1ae4d7cf37f0cc5eb3a25efede0b901b902eb75bd|9a5f8e926042af5fac0c3fceb0e887889cd310cf57cdaa89b6239e4da7611673|7305c5b5c944d7ca23477856f743db6c5d3fc66016caca920440b0e349553e29,14858,4953,9907,42|43|44,3,3,3.9116056999967745,0.1895789811088507,3.742896900002961,4.116762399979052,training-seed variability on same evaluation support; not a population confidence interval,False,
pleia_energy,1,2,xgboost,10,kWh per 10 minutes,process_cpu_seconds,,smart_building_conformal/outputs/matched_forecasting005/pleia_energy_h1_f2_s42_v1|smart_building_conformal/outputs/matched_forecasting005/pleia_energy_h1_f2_s43_v1|smart_building_conformal/outputs/matched_forecasting005/pleia_energy_h1_f2_s44_v1,7c23adb6f9815cd9e08f59c1ae4d7cf37f0cc5eb3a25efede0b901b902eb75bd|9a5f8e926042af5fac0c3fceb0e887889cd310cf57cdaa89b6239e4da7611673|7305c5b5c944d7ca23477856f743db6c5d3fc66016caca920440b0e349553e29,14858,4953,9907,42|43|44,3,3,3.7760416666666665,0.2662370399819179,3.5,4.03125,training-seed variability on same evaluation support; not a population confidence interval,False,
pleia_energy,1,2,xgboost,10,kWh per 10 minutes,inference_rows_per_second,,smart_building_conformal/outputs/matched_forecasting005/pleia_energy_h1_f2_s42_v1|smart_building_conformal/outputs/matched_forecasting005/pleia_energy_h1_f2_s43_v1|smart_building_conformal/outputs/matched_forecasting005/pleia_energy_h1_f2_s44_v1,7c23adb6f9815cd9e08f59c1ae4d7cf37f0cc5eb3a25efede0b901b902eb75bd|9a5f8e926042af5fac0c3fceb0e887889cd310cf57cdaa89b6239e4da7611673|7305c5b5c944d7ca23477856f743db6c5d3fc66016caca920440b0e349553e29,14858,4953,9907,42|43|44,3,3,90698.19001284835,17575.827015404302,72184.25309382098,107154.83208261148,training-seed variability on same evaluation support; not a population confidence interval,False,
pleia_energy,3,2,attention_lstm,30,kWh per 10 minutes,mae,,smart_building_conformal/outputs/matched_forecasting005/pleia_energy_h3_f2_s42_v1|smart_building_conformal/outputs/matched_forecasting005/pleia_energy_h3_f2_s43_v1|smart_building_conformal/outputs/matched_forecasting005/pleia_energy_h3_f2_s44_v1,45c20ac2ea3ebec21844295e8ee7adc51484f1134040e1864ee0068833924297|0994b58ad507c89e4477b9d8f239790b940d570f5a1e8d13854e7914fd34622b|7005585684404ffcda0b1dfc1efe74e1c1f8f20f66456d7cf8b530c192a57eff,14855,4952,9907,42|43|44,3,3,0.14330864924488637,0.01562058030675663,0.12752749631524482,0.15876354579007673,training-seed variability on same evaluation support; not a population confidence interval,False,
pleia_energy,3,2,attention_lstm,30,kWh per 10 minutes,rmse,,smart_building_conformal/outputs/matched_forecasting005/pleia_energy_h3_f2_s42_v1|smart_building_conformal/outputs/matched_forecasting005/pleia_energy_h3_f2_s43_v1|smart_building_conformal/outputs/matched_forecasting005/pleia_energy_h3_f2_s44_v1,45c20ac2ea3ebec21844295e8ee7adc51484f1134040e1864ee0068833924297|0994b58ad507c89e4477b9d8f239790b940d570f5a1e8d13854e7914fd34622b|7005585684404ffcda0b1dfc1efe74e1c1f8f20f66456d7cf8b530c192a57eff,14855,4952,9907,42|43|44,3,3,0.24813739237770238,0.009441168457495075,0.2402362233179673,0.2585929217543702,training-seed variability on same evaluation support; not a population confidence interval,False,
pleia_energy,3,2,attention_lstm,30,kWh per 10 minutes,coverage90,0.9,smart_building_conformal/outputs/matched_forecasting005/pleia_energy_h3_f2_s42_v1|smart_building_conformal/outputs/matched_forecasting005/pleia_energy_h3_f2_s43_v1|smart_building_conformal/outputs/matched_forecasting005/pleia_energy_h3_f2_s44_v1,45c20ac2ea3ebec21844295e8ee7adc51484f1134040e1864ee0068833924297|0994b58ad507c89e4477b9d8f239790b940d570f5a1e8d13854e7914fd34622b|7005585684404ffcda0b1dfc1efe74e1c1f8f20f66456d7cf8b530c192a57eff,14855,4952,9907,42|43|44,3,3,0.5650886578513509,0.012321280058164434,0.552538609064298,0.5771676592308469,training-seed variability on same evaluation support; not a population confidence interval,False,
pleia_energy,3,2,attention_lstm,30,kWh per 10 minutes,signed_coverage_deviation90,0.9,smart_building_conformal/outputs/matched_forecasting005/pleia_energy_h3_f2_s42_v1|smart_building_conformal/outputs/matched_forecasting005/pleia_energy_h3_f2_s43_v1|smart_building_conformal/outputs/matched_forecasting005/pleia_energy_h3_f2_s44_v1,45c20ac2ea3ebec21844295e8ee7adc51484f1134040e1864ee0068833924297|0994b58ad507c89e4477b9d8f239790b940d570f5a1e8d13854e7914fd34622b|7005585684404ffcda0b1dfc1efe74e1c1f8f20f66456d7cf8b530c192a57eff,14855,4952,9907,42|43|44,3,3,-0.3349113421486491,0.012321280058164434,-0.34746139093570205,-0.3228323407691531,training-seed variability on same evaluation support; not a population confidence interval,False,
pleia_energy,3,2,attention_lstm,30,kWh per 10 minutes,absolute_coverage_deviation90,0.9,smart_building_conformal/outputs/matched_forecasting005/pleia_energy_h3_f2_s42_v1|smart_building_conformal/outputs/matched_forecasting005/pleia_energy_h3_f2_s43_v1|smart_building_conformal/outputs/matched_forecasting005/pleia_energy_h3_f2_s44_v1,45c20ac2ea3ebec21844295e8ee7adc51484f1134040e1864ee0068833924297|0994b58ad507c89e4477b9d8f239790b940d570f5a1e8d13854e7914fd34622b|7005585684404ffcda0b1dfc1efe74e1c1f8f20f66456d7cf8b530c192a57eff,14855,4952,9907,42|43|44,3,3,0.3349113421486491,0.012321280058164434,0.3228323407691531,0.34746139093570205,training-seed variability on same evaluation support; not a population confidence interval,False,
pleia_energy,3,2,attention_lstm,30,kWh per 10 minutes,mpiw90,0.9,smart_building_conformal/outputs/matched_forecasting005/pleia_energy_h3_f2_s42_v1|smart_building_conformal/outputs/matched_forecasting005/pleia_energy_h3_f2_s43_v1|smart_building_conformal/outputs/matched_forecasting005/pleia_energy_h3_f2_s44_v1,45c20ac2ea3ebec21844295e8ee7adc51484f1134040e1864ee0068833924297|0994b58ad507c89e4477b9d8f239790b940d570f5a1e8d13854e7914fd34622b|7005585684404ffcda0b1dfc1efe74e1c1f8f20f66456d7cf8b530c192a57eff,14855,4952,9907,42|43|44,3,3,0.18253477414449057,0.04758048991609909,0.13233381509780884,0.2269691824913025,training-seed variability on same evaluation support; not a population confidence interval,False,
pleia_energy,3,2,attention_lstm,30,kWh per 10 minutes,winkler90,0.9,smart_building_conformal/outputs/matched_forecasting005/pleia_energy_h3_f2_s42_v1|smart_building_conformal/outputs/matched_forecasting005/pleia_energy_h3_f2_s43_v1|smart_building_conformal/outputs/matched_forecasting005/pleia_energy_h3_f2_s44_v1,45c20ac2ea3ebec21844295e8ee7adc51484f1134040e1864ee0068833924297|0994b58ad507c89e4477b9d8f239790b940d570f5a1e8d13854e7914fd34622b|7005585684404ffcda0b1dfc1efe74e1c1f8f20f66456d7cf8b530c192a57eff,14855,4952,9907,42|43|44,3,3,1.7403170721458963,0.04204659039432399,1.706536331781528,1.787407805721828,training-seed variability on same evaluation support; not a population confidence interval,False,
pleia_energy,3,2,attention_lstm,30,kWh per 10 minutes,coverage95,0.95,smart_building_conformal/outputs/matched_forecasting005/pleia_energy_h3_f2_s42_v1|smart_building_conformal/outputs/matched_forecasting005/pleia_energy_h3_f2_s43_v1|smart_building_conformal/outputs/matched_forecasting005/pleia_energy_h3_f2_s44_v1,45c20ac2ea3ebec21844295e8ee7adc51484f1134040e1864ee0068833924297|0994b58ad507c89e4477b9d8f239790b940d570f5a1e8d13854e7914fd34622b|7005585684404ffcda0b1dfc1efe74e1c1f8f20f66456d7cf8b530c192a57eff,14855,4952,9907,42|43|44,3,3,0.6553951751286968,0.007816725505823921,0.6464116281417179,0.6606439890986171,training-seed variability on same evaluation support; not a population confidence interval,False,
pleia_energy,3,2,attention_lstm,30,kWh per 10 minutes,signed_coverage_deviation95,0.95,smart_building_conformal/outputs/matched_forecasting005/pleia_energy_h3_f2_s42_v1|smart_building_conformal/outputs/matched_forecasting005/pleia_energy_h3_f2_s43_v1|smart_building_conformal/outputs/matched_forecasting005/pleia_energy_h3_f2_s44_v1,45c20ac2ea3ebec21844295e8ee7adc51484f1134040e1864ee0068833924297|0994b58ad507c89e4477b9d8f239790b940d570f5a1e8d13854e7914fd34622b|7005585684404ffcda0b1dfc1efe74e1c1f8f20f66456d7cf8b530c192a57eff,14855,4952,9907,42|43|44,3,3,-0.2946048248713031,0.007816725505823921,-0.303588371858282,-0.28935601090138285,training-seed variability on same evaluation support; not a population confidence interval,False,
pleia_energy,3,2,attention_lstm,30,kWh per 10 minutes,absolute_coverage_deviation95,0.95,smart_building_conformal/outputs/matched_forecasting005/pleia_energy_h3_f2_s42_v1|smart_building_conformal/outputs/matched_forecasting005/pleia_energy_h3_f2_s43_v1|smart_building_conformal/outputs/matched_forecasting005/pleia_energy_h3_f2_s44_v1,45c20ac2ea3ebec21844295e8ee7adc51484f1134040e1864ee0068833924297|0994b58ad507c89e4477b9d8f239790b940d570f5a1e8d13854e7914fd34622b|7005585684404ffcda0b1dfc1efe74e1c1f8f20f66456d7cf8b530c192a57eff,14855,4952,9907,42|43|44,3,3,0.2946048248713031,0.007816725505823921,0.28935601090138285,0.303588371858282,training-seed variability on same evaluation support; not a population confidence interval,False,
pleia_energy,3,2,attention_lstm,30,kWh per 10 minutes,mpiw95,0.95,smart_building_conformal/outputs/matched_forecasting005/pleia_energy_h3_f2_s42_v1|smart_building_conformal/outputs/matched_forecasting005/pleia_energy_h3_f2_s43_v1|smart_building_conformal/outputs/matched_forecasting005/pleia_energy_h3_f2_s44_v1,45c20ac2ea3ebec21844295e8ee7adc51484f1134040e1864ee0068833924297|0994b58ad507c89e4477b9d8f239790b940d570f5a1e8d13854e7914fd34622b|7005585684404ffcda0b1dfc1efe74e1c1f8f20f66456d7cf8b530c192a57eff,14855,4952,9907,42|43|44,3,3,0.22811081012090048,0.039662157127023534,0.1859319806098938,0.2646532654762268,training-seed variability on same evaluation support; not a population confidence interval,False,
pleia_energy,3,2,attention_lstm,30,kWh per 10 minutes,winkler95,0.95,smart_building_conformal/outputs/matched_forecasting005/pleia_energy_h3_f2_s42_v1|smart_building_conformal/outputs/matched_forecasting005/pleia_energy_h3_f2_s43_v1|smart_building_conformal/outputs/matched_forecasting005/pleia_energy_h3_f2_s44_v1,45c20ac2ea3ebec21844295e8ee7adc51484f1134040e1864ee0068833924297|0994b58ad507c89e4477b9d8f239790b940d570f5a1e8d13854e7914fd34622b|7005585684404ffcda0b1dfc1efe74e1c1f8f20f66456d7cf8b530c192a57eff,14855,4952,9907,42|43|44,3,3,2.9909277970852366,0.08260818398904413,2.9377796090827193,3.0860990094370835,training-seed variability on same evaluation support; not a population confidence interval,False,
pleia_energy,3,2,attention_lstm,30,kWh per 10 minutes,tuning_seconds,,smart_building_conformal/outputs/matched_forecasting005/pleia_energy_h3_f2_s42_v1|smart_building_conformal/outputs/matched_forecasting005/pleia_energy_h3_f2_s43_v1|smart_building_conformal/outputs/matched_forecasting005/pleia_energy_h3_f2_s44_v1,45c20ac2ea3ebec21844295e8ee7adc51484f1134040e1864ee0068833924297|0994b58ad507c89e4477b9d8f239790b940d570f5a1e8d13854e7914fd34622b|7005585684404ffcda0b1dfc1efe74e1c1f8f20f66456d7cf8b530c192a57eff,14855,4952,9907,42|43|44,3,3,59.080245866668214,2.016221557521074,57.05709859999479,61.08946960000321,training-seed variability on same evaluation support; not a population confidence interval,False,
pleia_energy,3,2,attention_lstm,30,kWh per 10 minutes,final_fit_seconds,,smart_building_conformal/outputs/matched_forecasting005/pleia_energy_h3_f2_s42_v1|smart_building_conformal/outputs/matched_forecasting005/pleia_energy_h3_f2_s43_v1|smart_building_conformal/outputs/matched_forecasting005/pleia_energy_h3_f2_s44_v1,45c20ac2ea3ebec21844295e8ee7adc51484f1134040e1864ee0068833924297|0994b58ad507c89e4477b9d8f239790b940d570f5a1e8d13854e7914fd34622b|7005585684404ffcda0b1dfc1efe74e1c1f8f20f66456d7cf8b530c192a57eff,14855,4952,9907,42|43|44,3,3,13.898184766665509,2.7681999537401443,10.890947799998685,16.340059800000745,training-seed variability on same evaluation support; not a population confidence interval,False,
pleia_energy,3,2,attention_lstm,30,kWh per 10 minutes,calibration_seconds,,smart_building_conformal/outputs/matched_forecasting005/pleia_energy_h3_f2_s42_v1|smart_building_conformal/outputs/matched_forecasting005/pleia_energy_h3_f2_s43_v1|smart_building_conformal/outputs/matched_forecasting005/pleia_energy_h3_f2_s44_v1,45c20ac2ea3ebec21844295e8ee7adc51484f1134040e1864ee0068833924297|0994b58ad507c89e4477b9d8f239790b940d570f5a1e8d13854e7914fd34622b|7005585684404ffcda0b1dfc1efe74e1c1f8f20f66456d7cf8b530c192a57eff,14855,4952,9907,42|43|44,3,3,0.19489326666371198,0.011879401425467942,0.18376969999371795,0.20740630000364035,training-seed variability on same evaluation support; not a population confidence interval,False,
pleia_energy,3,2,attention_lstm,30,kWh per 10 minutes,inference_seconds,,smart_building_conformal/outputs/matched_forecasting005/pleia_energy_h3_f2_s42_v1|smart_building_conformal/outputs/matched_forecasting005/pleia_energy_h3_f2_s43_v1|smart_building_conformal/outputs/matched_forecasting005/pleia_energy_h3_f2_s44_v1,45c20ac2ea3ebec21844295e8ee7adc51484f1134040e1864ee0068833924297|0994b58ad507c89e4477b9d8f239790b940d570f5a1e8d13854e7914fd34622b|7005585684404ffcda0b1dfc1efe74e1c1f8f20f66456d7cf8b530c192a57eff,14855,4952,9907,42|43|44,3,3,0.3803814000008667,0.011164643662069209,0.3676936000047135,0.3887036999949487,training-seed variability on same evaluation support; not a population confidence interval,False,
pleia_energy,3,2,attention_lstm,30,kWh per 10 minutes,model_phase_seconds,,smart_building_conformal/outputs/matched_forecasting005/pleia_energy_h3_f2_s42_v1|smart_building_conformal/outputs/matched_forecasting005/pleia_energy_h3_f2_s43_v1|smart_building_conformal/outputs/matched_forecasting005/pleia_energy_h3_f2_s44_v1,45c20ac2ea3ebec21844295e8ee7adc51484f1134040e1864ee0068833924297|0994b58ad507c89e4477b9d8f239790b940d570f5a1e8d13854e7914fd34622b|7005585684404ffcda0b1dfc1efe74e1c1f8f20f66456d7cf8b530c192a57eff,14855,4952,9907,42|43|44,3,3,73.5537052999983,4.342046457719729,68.54019960000005,76.10447959999874,training-seed variability on same evaluation support; not a population confidence interval,False,
pleia_energy,3,2,attention_lstm,30,kWh per 10 minutes,process_cpu_seconds,,smart_building_conformal/outputs/matched_forecasting005/pleia_energy_h3_f2_s42_v1|smart_building_conformal/outputs/matched_forecasting005/pleia_energy_h3_f2_s43_v1|smart_building_conformal/outputs/matched_forecasting005/pleia_energy_h3_f2_s44_v1,45c20ac2ea3ebec21844295e8ee7adc51484f1134040e1864ee0068833924297|0994b58ad507c89e4477b9d8f239790b940d570f5a1e8d13854e7914fd34622b|7005585684404ffcda0b1dfc1efe74e1c1f8f20f66456d7cf8b530c192a57eff,14855,4952,9907,42|43|44,3,3,71.90104166666667,4.260337076477439,67.015625,74.84375,training-seed variability on same evaluation support; not a population confidence interval,False,
pleia_energy,3,2,attention_lstm,30,kWh per 10 minutes,inference_rows_per_second,,smart_building_conformal/outputs/matched_forecasting005/pleia_energy_h3_f2_s42_v1|smart_building_conformal/outputs/matched_forecasting005/pleia_energy_h3_f2_s43_v1|smart_building_conformal/outputs/matched_forecasting005/pleia_energy_h3_f2_s44_v1,45c20ac2ea3ebec21844295e8ee7adc51484f1134040e1864ee0068833924297|0994b58ad507c89e4477b9d8f239790b940d570f5a1e8d13854e7914fd34622b|7005585684404ffcda0b1dfc1efe74e1c1f8f20f66456d7cf8b530c192a57eff,14855,4952,9907,42|43|44,3,3,26060.101434502114,776.3002220317431,25487.27990016237,26943.629151752983,training-seed variability on same evaluation support; not a population confidence interval,False,
pleia_energy,3,2,persistence,30,kWh per 10 minutes,mae,,smart_building_conformal/outputs/matched_forecasting005/pleia_energy_h3_f2_s42_v1|smart_building_conformal/outputs/matched_forecasting005/pleia_energy_h3_f2_s43_v1|smart_building_conformal/outputs/matched_forecasting005/pleia_energy_h3_f2_s44_v1,45c20ac2ea3ebec21844295e8ee7adc51484f1134040e1864ee0068833924297|0994b58ad507c89e4477b9d8f239790b940d570f5a1e8d13854e7914fd34622b|7005585684404ffcda0b1dfc1efe74e1c1f8f20f66456d7cf8b530c192a57eff,14855,4952,9907,42|43|44,3,3,0.13126135560714647,0.0,0.13126135560714647,0.13126135560714647,training-seed variability on same evaluation support; not a population confidence interval,True,1.0
pleia_energy,3,2,persistence,30,kWh per 10 minutes,rmse,,smart_building_conformal/outputs/matched_forecasting005/pleia_energy_h3_f2_s42_v1|smart_building_conformal/outputs/matched_forecasting005/pleia_energy_h3_f2_s43_v1|smart_building_conformal/outputs/matched_forecasting005/pleia_energy_h3_f2_s44_v1,45c20ac2ea3ebec21844295e8ee7adc51484f1134040e1864ee0068833924297|0994b58ad507c89e4477b9d8f239790b940d570f5a1e8d13854e7914fd34622b|7005585684404ffcda0b1dfc1efe74e1c1f8f20f66456d7cf8b530c192a57eff,14855,4952,9907,42|43|44,3,3,0.257541502923049,0.0,0.257541502923049,0.257541502923049,training-seed variability on same evaluation support; not a population confidence interval,True,1.0
pleia_energy,3,2,persistence,30,kWh per 10 minutes,coverage90,0.9,smart_building_conformal/outputs/matched_forecasting005/pleia_energy_h3_f2_s42_v1|smart_building_conformal/outputs/matched_forecasting005/pleia_energy_h3_f2_s43_v1|smart_building_conformal/outputs/matched_forecasting005/pleia_energy_h3_f2_s44_v1,45c20ac2ea3ebec21844295e8ee7adc51484f1134040e1864ee0068833924297|0994b58ad507c89e4477b9d8f239790b940d570f5a1e8d13854e7914fd34622b|7005585684404ffcda0b1dfc1efe74e1c1f8f20f66456d7cf8b530c192a57eff,14855,4952,9907,42|43|44,3,3,0.5711113354194004,0.0,0.5711113354194004,0.5711113354194004,training-seed variability on same evaluation support; not a population confidence interval,True,1.0
pleia_energy,3,2,persistence,30,kWh per 10 minutes,signed_coverage_deviation90,0.9,smart_building_conformal/outputs/matched_forecasting005/pleia_energy_h3_f2_s42_v1|smart_building_conformal/outputs/matched_forecasting005/pleia_energy_h3_f2_s43_v1|smart_building_conformal/outputs/matched_forecasting005/pleia_energy_h3_f2_s44_v1,45c20ac2ea3ebec21844295e8ee7adc51484f1134040e1864ee0068833924297|0994b58ad507c89e4477b9d8f239790b940d570f5a1e8d13854e7914fd34622b|7005585684404ffcda0b1dfc1efe74e1c1f8f20f66456d7cf8b530c192a57eff,14855,4952,9907,42|43|44,3,3,-0.3288886645805996,0.0,-0.3288886645805996,-0.3288886645805996,training-seed variability on same evaluation support; not a population confidence interval,True,1.0
pleia_energy,3,2,persistence,30,kWh per 10 minutes,absolute_coverage_deviation90,0.9,smart_building_conformal/outputs/matched_forecasting005/pleia_energy_h3_f2_s42_v1|smart_building_conformal/outputs/matched_forecasting005/pleia_energy_h3_f2_s43_v1|smart_building_conformal/outputs/matched_forecasting005/pleia_energy_h3_f2_s44_v1,45c20ac2ea3ebec21844295e8ee7adc51484f1134040e1864ee0068833924297|0994b58ad507c89e4477b9d8f239790b940d570f5a1e8d13854e7914fd34622b|7005585684404ffcda0b1dfc1efe74e1c1f8f20f66456d7cf8b530c192a57eff,14855,4952,9907,42|43|44,3,3,0.3288886645805996,0.0,0.3288886645805996,0.3288886645805996,training-seed variability on same evaluation support; not a population confidence interval,True,1.0
pleia_energy,3,2,persistence,30,kWh per 10 minutes,mpiw90,0.9,smart_building_conformal/outputs/matched_forecasting005/pleia_energy_h3_f2_s42_v1|smart_building_conformal/outputs/matched_forecasting005/pleia_energy_h3_f2_s43_v1|smart_building_conformal/outputs/matched_forecasting005/pleia_energy_h3_f2_s44_v1,45c20ac2ea3ebec21844295e8ee7adc51484f1134040e1864ee0068833924297|0994b58ad507c89e4477b9d8f239790b940d570f5a1e8d13854e7914fd34622b|7005585684404ffcda0b1dfc1efe74e1c1f8f20f66456d7cf8b530c192a57eff,14855,4952,9907,42|43|44,3,3,0.078125,0.0,0.078125,0.078125,training-seed variability on same evaluation support; not a population confidence interval,True,1.0
pleia_energy,3,2,persistence,30,kWh per 10 minutes,winkler90,0.9,smart_building_conformal/outputs/matched_forecasting005/pleia_energy_h3_f2_s42_v1|smart_building_conformal/outputs/matched_forecasting005/pleia_energy_h3_f2_s43_v1|smart_building_conformal/outputs/matched_forecasting005/pleia_energy_h3_f2_s44_v1,45c20ac2ea3ebec21844295e8ee7adc51484f1134040e1864ee0068833924297|0994b58ad507c89e4477b9d8f239790b940d570f5a1e8d13854e7914fd34622b|7005585684404ffcda0b1dfc1efe74e1c1f8f20f66456d7cf8b530c192a57eff,14855,4952,9907,42|43|44,3,3,2.1860568915918046,0.0,2.1860568915918046,2.1860568915918046,training-seed variability on same evaluation support; not a population confidence interval,True,1.0
pleia_energy,3,2,persistence,30,kWh per 10 minutes,coverage95,0.95,smart_building_conformal/outputs/matched_forecasting005/pleia_energy_h3_f2_s42_v1|smart_building_conformal/outputs/matched_forecasting005/pleia_energy_h3_f2_s43_v1|smart_building_conformal/outputs/matched_forecasting005/pleia_energy_h3_f2_s44_v1,45c20ac2ea3ebec21844295e8ee7adc51484f1134040e1864ee0068833924297|0994b58ad507c89e4477b9d8f239790b940d570f5a1e8d13854e7914fd34622b|7005585684404ffcda0b1dfc1efe74e1c1f8f20f66456d7cf8b530c192a57eff,14855,4952,9907,42|43|44,3,3,0.6392449782981731,0.0,0.6392449782981731,0.6392449782981731,training-seed variability on same evaluation support; not a population confidence interval,True,1.0
pleia_energy,3,2,persistence,30,kWh per 10 minutes,signed_coverage_deviation95,0.95,smart_building_conformal/outputs/matched_forecasting005/pleia_energy_h3_f2_s42_v1|smart_building_conformal/outputs/matched_forecasting005/pleia_energy_h3_f2_s43_v1|smart_building_conformal/outputs/matched_forecasting005/pleia_energy_h3_f2_s44_v1,45c20ac2ea3ebec21844295e8ee7adc51484f1134040e1864ee0068833924297|0994b58ad507c89e4477b9d8f239790b940d570f5a1e8d13854e7914fd34622b|7005585684404ffcda0b1dfc1efe74e1c1f8f20f66456d7cf8b530c192a57eff,14855,4952,9907,42|43|44,3,3,-0.3107550217018269,0.0,-0.3107550217018269,-0.3107550217018269,training-seed variability on same evaluation support; not a population confidence interval,True,1.0
pleia_energy,3,2,persistence,30,kWh per 10 minutes,absolute_coverage_deviation95,0.95,smart_building_conformal/outputs/matched_forecasting005/pleia_energy_h3_f2_s42_v1|smart_building_conformal/outputs/matched_forecasting005/pleia_energy_h3_f2_s43_v1|smart_building_conformal/outputs/matched_forecasting005/pleia_energy_h3_f2_s44_v1,45c20ac2ea3ebec21844295e8ee7adc51484f1134040e1864ee0068833924297|0994b58ad507c89e4477b9d8f239790b940d570f5a1e8d13854e7914fd34622b|7005585684404ffcda0b1dfc1efe74e1c1f8f20f66456d7cf8b530c192a57eff,14855,4952,9907,42|43|44,3,3,0.3107550217018269,0.0,0.3107550217018269,0.3107550217018269,training-seed variability on same evaluation support; not a population confidence interval,True,1.0
pleia_energy,3,2,persistence,30,kWh per 10 minutes,mpiw95,0.95,smart_building_conformal/outputs/matched_forecasting005/pleia_energy_h3_f2_s42_v1|smart_building_conformal/outputs/matched_forecasting005/pleia_energy_h3_f2_s43_v1|smart_building_conformal/outputs/matched_forecasting005/pleia_energy_h3_f2_s44_v1,45c20ac2ea3ebec21844295e8ee7adc51484f1134040e1864ee0068833924297|0994b58ad507c89e4477b9d8f239790b940d570f5a1e8d13854e7914fd34622b|7005585684404ffcda0b1dfc1efe74e1c1f8f20f66456d7cf8b530c192a57eff,14855,4952,9907,42|43|44,3,3,0.125,0.0,0.125,0.125,training-seed variability on same evaluation support; not a population confidence interval,True,1.0
pleia_energy,3,2,persistence,30,kWh per 10 minutes,winkler95,0.95,smart_building_conformal/outputs/matched_forecasting005/pleia_energy_h3_f2_s42_v1|smart_building_conformal/outputs/matched_forecasting005/pleia_energy_h3_f2_s43_v1|smart_building_conformal/outputs/matched_forecasting005/pleia_energy_h3_f2_s44_v1,45c20ac2ea3ebec21844295e8ee7adc51484f1134040e1864ee0068833924297|0994b58ad507c89e4477b9d8f239790b940d570f5a1e8d13854e7914fd34622b|7005585684404ffcda0b1dfc1efe74e1c1f8f20f66456d7cf8b530c192a57eff,14855,4952,9907,42|43|44,3,3,3.9634475623296628,0.0,3.9634475623296628,3.9634475623296628,training-seed variability on same evaluation support; not a population confidence interval,True,1.0
pleia_energy,3,2,persistence,30,kWh per 10 minutes,tuning_seconds,,smart_building_conformal/outputs/matched_forecasting005/pleia_energy_h3_f2_s42_v1|smart_building_conformal/outputs/matched_forecasting005/pleia_energy_h3_f2_s43_v1|smart_building_conformal/outputs/matched_forecasting005/pleia_energy_h3_f2_s44_v1,45c20ac2ea3ebec21844295e8ee7adc51484f1134040e1864ee0068833924297|0994b58ad507c89e4477b9d8f239790b940d570f5a1e8d13854e7914fd34622b|7005585684404ffcda0b1dfc1efe74e1c1f8f20f66456d7cf8b530c192a57eff,14855,4952,9907,42|43|44,3,3,0.0,0.0,0.0,0.0,training-seed variability on same evaluation support; not a population confidence interval,True,1.0
pleia_energy,3,2,persistence,30,kWh per 10 minutes,final_fit_seconds,,smart_building_conformal/outputs/matched_forecasting005/pleia_energy_h3_f2_s42_v1|smart_building_conformal/outputs/matched_forecasting005/pleia_energy_h3_f2_s43_v1|smart_building_conformal/outputs/matched_forecasting005/pleia_energy_h3_f2_s44_v1,45c20ac2ea3ebec21844295e8ee7adc51484f1134040e1864ee0068833924297|0994b58ad507c89e4477b9d8f239790b940d570f5a1e8d13854e7914fd34622b|7005585684404ffcda0b1dfc1efe74e1c1f8f20f66456d7cf8b530c192a57eff,14855,4952,9907,42|43|44,3,3,0.00044120000529801473,0.00010432084685022493,0.0003704000118887052,0.0005610000007436611,training-seed variability on same evaluation support; not a population confidence interval,True,1.0
pleia_energy,3,2,persistence,30,kWh per 10 minutes,calibration_seconds,,smart_building_conformal/outputs/matched_forecasting005/pleia_energy_h3_f2_s42_v1|smart_building_conformal/outputs/matched_forecasting005/pleia_energy_h3_f2_s43_v1|smart_building_conformal/outputs/matched_forecasting005/pleia_energy_h3_f2_s44_v1,45c20ac2ea3ebec21844295e8ee7adc51484f1134040e1864ee0068833924297|0994b58ad507c89e4477b9d8f239790b940d570f5a1e8d13854e7914fd34622b|7005585684404ffcda0b1dfc1efe74e1c1f8f20f66456d7cf8b530c192a57eff,14855,4952,9907,42|43|44,3,3,0.002896633329025159,0.0007057908108604259,0.002419599986751564,0.003707399999257177,training-seed variability on same evaluation support; not a population confidence interval,True,1.0
pleia_energy,3,2,persistence,30,kWh per 10 minutes,inference_seconds,,smart_building_conformal/outputs/matched_forecasting005/pleia_energy_h3_f2_s42_v1|smart_building_conformal/outputs/matched_forecasting005/pleia_energy_h3_f2_s43_v1|smart_building_conformal/outputs/matched_forecasting005/pleia_energy_h3_f2_s44_v1,45c20ac2ea3ebec21844295e8ee7adc51484f1134040e1864ee0068833924297|0994b58ad507c89e4477b9d8f239790b940d570f5a1e8d13854e7914fd34622b|7005585684404ffcda0b1dfc1efe74e1c1f8f20f66456d7cf8b530c192a57eff,14855,4952,9907,42|43|44,3,3,0.004402100004275174,0.00019840121193731534,0.004190100000414532,0.004583300004014745,training-seed variability on same evaluation support; not a population confidence interval,True,1.0
pleia_energy,3,2,persistence,30,kWh per 10 minutes,model_phase_seconds,,smart_building_conformal/outputs/matched_forecasting005/pleia_energy_h3_f2_s42_v1|smart_building_conformal/outputs/matched_forecasting005/pleia_energy_h3_f2_s43_v1|smart_building_conformal/outputs/matched_forecasting005/pleia_energy_h3_f2_s44_v1,45c20ac2ea3ebec21844295e8ee7adc51484f1134040e1864ee0068833924297|0994b58ad507c89e4477b9d8f239790b940d570f5a1e8d13854e7914fd34622b|7005585684404ffcda0b1dfc1efe74e1c1f8f20f66456d7cf8b530c192a57eff,14855,4952,9907,42|43|44,3,3,0.007739933338598348,0.0006223403877141154,0.007373300002655014,0.00845850000041537,training-seed variability on same evaluation support; not a population confidence interval,True,1.0
pleia_energy,3,2,persistence,30,kWh per 10 minutes,process_cpu_seconds,,smart_building_conformal/outputs/matched_forecasting005/pleia_energy_h3_f2_s42_v1|smart_building_conformal/outputs/matched_forecasting005/pleia_energy_h3_f2_s43_v1|smart_building_conformal/outputs/matched_forecasting005/pleia_energy_h3_f2_s44_v1,45c20ac2ea3ebec21844295e8ee7adc51484f1134040e1864ee0068833924297|0994b58ad507c89e4477b9d8f239790b940d570f5a1e8d13854e7914fd34622b|7005585684404ffcda0b1dfc1efe74e1c1f8f20f66456d7cf8b530c192a57eff,14855,4952,9907,42|43|44,3,3,0.015625,0.015625,0.0,0.03125,training-seed variability on same evaluation support; not a population confidence interval,True,1.0
pleia_energy,3,2,persistence,30,kWh per 10 minutes,inference_rows_per_second,,smart_building_conformal/outputs/matched_forecasting005/pleia_energy_h3_f2_s42_v1|smart_building_conformal/outputs/matched_forecasting005/pleia_energy_h3_f2_s43_v1|smart_building_conformal/outputs/matched_forecasting005/pleia_energy_h3_f2_s44_v1,45c20ac2ea3ebec21844295e8ee7adc51484f1134040e1864ee0068833924297|0994b58ad507c89e4477b9d8f239790b940d570f5a1e8d13854e7914fd34622b|7005585684404ffcda0b1dfc1efe74e1c1f8f20f66456d7cf8b530c192a57eff,14855,4952,9907,42|43|44,3,3,2253601.9331239685,102707.68419833921,2161542.991146544,2364382.711395883,training-seed variability on same evaluation support; not a population confidence interval,True,1.0
pleia_energy,3,2,xgboost,30,kWh per 10 minutes,mae,,smart_building_conformal/outputs/matched_forecasting005/pleia_energy_h3_f2_s42_v1|smart_building_conformal/outputs/matched_forecasting005/pleia_energy_h3_f2_s43_v1|smart_building_conformal/outputs/matched_forecasting005/pleia_energy_h3_f2_s44_v1,45c20ac2ea3ebec21844295e8ee7adc51484f1134040e1864ee0068833924297|0994b58ad507c89e4477b9d8f239790b940d570f5a1e8d13854e7914fd34622b|7005585684404ffcda0b1dfc1efe74e1c1f8f20f66456d7cf8b530c192a57eff,14855,4952,9907,42|43|44,3,3,0.12030812529703196,0.0007649038553262287,0.1194715031413368,0.12097164125725939,training-seed variability on same evaluation support; not a population confidence interval,False,
pleia_energy,3,2,xgboost,30,kWh per 10 minutes,rmse,,smart_building_conformal/outputs/matched_forecasting005/pleia_energy_h3_f2_s42_v1|smart_building_conformal/outputs/matched_forecasting005/pleia_energy_h3_f2_s43_v1|smart_building_conformal/outputs/matched_forecasting005/pleia_energy_h3_f2_s44_v1,45c20ac2ea3ebec21844295e8ee7adc51484f1134040e1864ee0068833924297|0994b58ad507c89e4477b9d8f239790b940d570f5a1e8d13854e7914fd34622b|7005585684404ffcda0b1dfc1efe74e1c1f8f20f66456d7cf8b530c192a57eff,14855,4952,9907,42|43|44,3,3,0.22596857232724507,0.0001730702799779674,0.22580041940214277,0.22614617294253928,training-seed variability on same evaluation support; not a population confidence interval,False,
pleia_energy,3,2,xgboost,30,kWh per 10 minutes,coverage90,0.9,smart_building_conformal/outputs/matched_forecasting005/pleia_energy_h3_f2_s42_v1|smart_building_conformal/outputs/matched_forecasting005/pleia_energy_h3_f2_s43_v1|smart_building_conformal/outputs/matched_forecasting005/pleia_energy_h3_f2_s44_v1,45c20ac2ea3ebec21844295e8ee7adc51484f1134040e1864ee0068833924297|0994b58ad507c89e4477b9d8f239790b940d570f5a1e8d13854e7914fd34622b|7005585684404ffcda0b1dfc1efe74e1c1f8f20f66456d7cf8b530c192a57eff,14855,4952,9907,42|43|44,3,3,0.6945257561993202,0.03163110166287493,0.6710406783082669,0.7304935903906329,training-seed variability on same evaluation support; not a population confidence interval,False,
pleia_energy,3,2,xgboost,30,kWh per 10 minutes,signed_coverage_deviation90,0.9,smart_building_conformal/outputs/matched_forecasting005/pleia_energy_h3_f2_s42_v1|smart_building_conformal/outputs/matched_forecasting005/pleia_energy_h3_f2_s43_v1|smart_building_conformal/outputs/matched_forecasting005/pleia_energy_h3_f2_s44_v1,45c20ac2ea3ebec21844295e8ee7adc51484f1134040e1864ee0068833924297|0994b58ad507c89e4477b9d8f239790b940d570f5a1e8d13854e7914fd34622b|7005585684404ffcda0b1dfc1efe74e1c1f8f20f66456d7cf8b530c192a57eff,14855,4952,9907,42|43|44,3,3,-0.2054742438006797,0.03163110166287493,-0.22895932169173316,-0.16950640960936714,training-seed variability on same evaluation support; not a population confidence interval,False,
pleia_energy,3,2,xgboost,30,kWh per 10 minutes,absolute_coverage_deviation90,0.9,smart_building_conformal/outputs/matched_forecasting005/pleia_energy_h3_f2_s42_v1|smart_building_conformal/outputs/matched_forecasting005/pleia_energy_h3_f2_s43_v1|smart_building_conformal/outputs/matched_forecasting005/pleia_energy_h3_f2_s44_v1,45c20ac2ea3ebec21844295e8ee7adc51484f1134040e1864ee0068833924297|0994b58ad507c89e4477b9d8f239790b940d570f5a1e8d13854e7914fd34622b|7005585684404ffcda0b1dfc1efe74e1c1f8f20f66456d7cf8b530c192a57eff,14855,4952,9907,42|43|44,3,3,0.2054742438006797,0.03163110166287493,0.16950640960936714,0.22895932169173316,training-seed variability on same evaluation support; not a population confidence interval,False,
pleia_energy,3,2,xgboost,30,kWh per 10 minutes,mpiw90,0.9,smart_building_conformal/outputs/matched_forecasting005/pleia_energy_h3_f2_s42_v1|smart_building_conformal/outputs/matched_forecasting005/pleia_energy_h3_f2_s43_v1|smart_building_conformal/outputs/matched_forecasting005/pleia_energy_h3_f2_s44_v1,45c20ac2ea3ebec21844295e8ee7adc51484f1134040e1864ee0068833924297|0994b58ad507c89e4477b9d8f239790b940d570f5a1e8d13854e7914fd34622b|7005585684404ffcda0b1dfc1efe74e1c1f8f20f66456d7cf8b530c192a57eff,14855,4952,9907,42|43|44,3,3,0.22031757235527039,0.03472542107833478,0.19844549894332886,0.26035797595977783,training-seed variability on same evaluation support; not a population confidence interval,False,
pleia_energy,3,2,xgboost,30,kWh per 10 minutes,winkler90,0.9,smart_building_conformal/outputs/matched_forecasting005/pleia_energy_h3_f2_s42_v1|smart_building_conformal/outputs/matched_forecasting005/pleia_energy_h3_f2_s43_v1|smart_building_conformal/outputs/matched_forecasting005/pleia_energy_h3_f2_s44_v1,45c20ac2ea3ebec21844295e8ee7adc51484f1134040e1864ee0068833924297|0994b58ad507c89e4477b9d8f239790b940d570f5a1e8d13854e7914fd34622b|7005585684404ffcda0b1dfc1efe74e1c1f8f20f66456d7cf8b530c192a57eff,14855,4952,9907,42|43|44,3,3,1.5115092235165262,0.07262420904530761,1.4276504947768098,1.553685468577275,training-seed variability on same evaluation support; not a population confidence interval,False,
pleia_energy,3,2,xgboost,30,kWh per 10 minutes,coverage95,0.95,smart_building_conformal/outputs/matched_forecasting005/pleia_energy_h3_f2_s42_v1|smart_building_conformal/outputs/matched_forecasting005/pleia_energy_h3_f2_s43_v1|smart_building_conformal/outputs/matched_forecasting005/pleia_energy_h3_f2_s44_v1,45c20ac2ea3ebec21844295e8ee7adc51484f1134040e1864ee0068833924297|0994b58ad507c89e4477b9d8f239790b940d570f5a1e8d13854e7914fd34622b|7005585684404ffcda0b1dfc1efe74e1c1f8f20f66456d7cf8b530c192a57eff,14855,4952,9907,42|43|44,3,3,0.7529019884929848,0.028242829868357747,0.7359442818209347,0.7855051983446049,training-seed variability on same evaluation support; not a population confidence interval,False,
pleia_energy,3,2,xgboost,30,kWh per 10 minutes,signed_coverage_deviation95,0.95,smart_building_conformal/outputs/matched_forecasting005/pleia_energy_h3_f2_s42_v1|smart_building_conformal/outputs/matched_forecasting005/pleia_energy_h3_f2_s43_v1|smart_building_conformal/outputs/matched_forecasting005/pleia_energy_h3_f2_s44_v1,45c20ac2ea3ebec21844295e8ee7adc51484f1134040e1864ee0068833924297|0994b58ad507c89e4477b9d8f239790b940d570f5a1e8d13854e7914fd34622b|7005585684404ffcda0b1dfc1efe74e1c1f8f20f66456d7cf8b530c192a57eff,14855,4952,9907,42|43|44,3,3,-0.19709801150701514,0.028242829868357747,-0.2140557181790652,-0.1644948016553951,training-seed variability on same evaluation support; not a population confidence interval,False,
pleia_energy,3,2,xgboost,30,kWh per 10 minutes,absolute_coverage_deviation95,0.95,smart_building_conformal/outputs/matched_forecasting005/pleia_energy_h3_f2_s42_v1|smart_building_conformal/outputs/matched_forecasting005/pleia_energy_h3_f2_s43_v1|smart_building_conformal/outputs/matched_forecasting005/pleia_energy_h3_f2_s44_v1,45c20ac2ea3ebec21844295e8ee7adc51484f1134040e1864ee0068833924297|0994b58ad507c89e4477b9d8f239790b940d570f5a1e8d13854e7914fd34622b|7005585684404ffcda0b1dfc1efe74e1c1f8f20f66456d7cf8b530c192a57eff,14855,4952,9907,42|43|44,3,3,0.19709801150701514,0.028242829868357747,0.1644948016553951,0.2140557181790652,training-seed variability on same evaluation support; not a population confidence interval,False,
pleia_energy,3,2,xgboost,30,kWh per 10 minutes,mpiw95,0.95,smart_building_conformal/outputs/matched_forecasting005/pleia_energy_h3_f2_s42_v1|smart_building_conformal/outputs/matched_forecasting005/pleia_energy_h3_f2_s43_v1|smart_building_conformal/outputs/matched_forecasting005/pleia_energy_h3_f2_s44_v1,45c20ac2ea3ebec21844295e8ee7adc51484f1134040e1864ee0068833924297|0994b58ad507c89e4477b9d8f239790b940d570f5a1e8d13854e7914fd34622b|7005585684404ffcda0b1dfc1efe74e1c1f8f20f66456d7cf8b530c192a57eff,14855,4952,9907,42|43|44,3,3,0.2929979960123698,0.04429441269489868,0.2602016031742096,0.3433857858181,training-seed variability on same evaluation support; not a population confidence interval,False,
pleia_energy,3,2,xgboost,30,kWh per 10 minutes,winkler95,0.95,smart_building_conformal/outputs/matched_forecasting005/pleia_energy_h3_f2_s42_v1|smart_building_conformal/outputs/matched_forecasting005/pleia_energy_h3_f2_s43_v1|smart_building_conformal/outputs/matched_forecasting005/pleia_energy_h3_f2_s44_v1,45c20ac2ea3ebec21844295e8ee7adc51484f1134040e1864ee0068833924297|0994b58ad507c89e4477b9d8f239790b940d570f5a1e8d13854e7914fd34622b|7005585684404ffcda0b1dfc1efe74e1c1f8f20f66456d7cf8b530c192a57eff,14855,4952,9907,42|43|44,3,3,2.4802809497725353,0.17656661633495793,2.279570917660476,2.6116582523522616,training-seed variability on same evaluation support; not a population confidence interval,False,
pleia_energy,3,2,xgboost,30,kWh per 10 minutes,tuning_seconds,,smart_building_conformal/outputs/matched_forecasting005/pleia_energy_h3_f2_s42_v1|smart_building_conformal/outputs/matched_forecasting005/pleia_energy_h3_f2_s43_v1|smart_building_conformal/outputs/matched_forecasting005/pleia_energy_h3_f2_s44_v1,45c20ac2ea3ebec21844295e8ee7adc51484f1134040e1864ee0068833924297|0994b58ad507c89e4477b9d8f239790b940d570f5a1e8d13854e7914fd34622b|7005585684404ffcda0b1dfc1efe74e1c1f8f20f66456d7cf8b530c192a57eff,14855,4952,9907,42|43|44,3,3,2.8763467000001888,0.11467420590010471,2.777250400002231,3.0019547999982024,training-seed variability on same evaluation support; not a population confidence interval,False,
pleia_energy,3,2,xgboost,30,kWh per 10 minutes,final_fit_seconds,,smart_building_conformal/outputs/matched_forecasting005/pleia_energy_h3_f2_s42_v1|smart_building_conformal/outputs/matched_forecasting005/pleia_energy_h3_f2_s43_v1|smart_building_conformal/outputs/matched_forecasting005/pleia_energy_h3_f2_s44_v1,45c20ac2ea3ebec21844295e8ee7adc51484f1134040e1864ee0068833924297|0994b58ad507c89e4477b9d8f239790b940d570f5a1e8d13854e7914fd34622b|7005585684404ffcda0b1dfc1efe74e1c1f8f20f66456d7cf8b530c192a57eff,14855,4952,9907,42|43|44,3,3,0.6694819999999405,0.031877924671740575,0.6468208000005689,0.7059333999932278,training-seed variability on same evaluation support; not a population confidence interval,False,
pleia_energy,3,2,xgboost,30,kWh per 10 minutes,calibration_seconds,,smart_building_conformal/outputs/matched_forecasting005/pleia_energy_h3_f2_s42_v1|smart_building_conformal/outputs/matched_forecasting005/pleia_energy_h3_f2_s43_v1|smart_building_conformal/outputs/matched_forecasting005/pleia_energy_h3_f2_s44_v1,45c20ac2ea3ebec21844295e8ee7adc51484f1134040e1864ee0068833924297|0994b58ad507c89e4477b9d8f239790b940d570f5a1e8d13854e7914fd34622b|7005585684404ffcda0b1dfc1efe74e1c1f8f20f66456d7cf8b530c192a57eff,14855,4952,9907,42|43|44,3,3,0.05622713333044279,0.013449041833256558,0.045407899997371715,0.07128479999664705,training-seed variability on same evaluation support; not a population confidence interval,False,
pleia_energy,3,2,xgboost,30,kWh per 10 minutes,inference_seconds,,smart_building_conformal/outputs/matched_forecasting005/pleia_energy_h3_f2_s42_v1|smart_building_conformal/outputs/matched_forecasting005/pleia_energy_h3_f2_s43_v1|smart_building_conformal/outputs/matched_forecasting005/pleia_energy_h3_f2_s44_v1,45c20ac2ea3ebec21844295e8ee7adc51484f1134040e1864ee0068833924297|0994b58ad507c89e4477b9d8f239790b940d570f5a1e8d13854e7914fd34622b|7005585684404ffcda0b1dfc1efe74e1c1f8f20f66456d7cf8b530c192a57eff,14855,4952,9907,42|43|44,3,3,0.09631830000095458,0.005315626976931233,0.09316620000026887,0.10245550000399817,training-seed variability on same evaluation support; not a population confidence interval,False,
pleia_energy,3,2,xgboost,30,kWh per 10 minutes,model_phase_seconds,,smart_building_conformal/outputs/matched_forecasting005/pleia_energy_h3_f2_s42_v1|smart_building_conformal/outputs/matched_forecasting005/pleia_energy_h3_f2_s43_v1|smart_building_conformal/outputs/matched_forecasting005/pleia_energy_h3_f2_s44_v1,45c20ac2ea3ebec21844295e8ee7adc51484f1134040e1864ee0068833924297|0994b58ad507c89e4477b9d8f239790b940d570f5a1e8d13854e7914fd34622b|7005585684404ffcda0b1dfc1efe74e1c1f8f20f66456d7cf8b530c192a57eff,14855,4952,9907,42|43|44,3,3,3.6983741333315265,0.08314644580298786,3.644100800003798,3.7940974999946775,training-seed variability on same evaluation support; not a population confidence interval,False,
pleia_energy,3,2,xgboost,30,kWh per 10 minutes,process_cpu_seconds,,smart_building_conformal/outputs/matched_forecasting005/pleia_energy_h3_f2_s42_v1|smart_building_conformal/outputs/matched_forecasting005/pleia_energy_h3_f2_s43_v1|smart_building_conformal/outputs/matched_forecasting005/pleia_energy_h3_f2_s44_v1,45c20ac2ea3ebec21844295e8ee7adc51484f1134040e1864ee0068833924297|0994b58ad507c89e4477b9d8f239790b940d570f5a1e8d13854e7914fd34622b|7005585684404ffcda0b1dfc1efe74e1c1f8f20f66456d7cf8b530c192a57eff,14855,4952,9907,42|43|44,3,3,3.609375,0.06810779599282303,3.5625,3.6875,training-seed variability on same evaluation support; not a population confidence interval,False,
pleia_energy,3,2,xgboost,30,kWh per 10 minutes,inference_rows_per_second,,smart_building_conformal/outputs/matched_forecasting005/pleia_energy_h3_f2_s42_v1|smart_building_conformal/outputs/matched_forecasting005/pleia_energy_h3_f2_s43_v1|smart_building_conformal/outputs/matched_forecasting005/pleia_energy_h3_f2_s44_v1,45c20ac2ea3ebec21844295e8ee7adc51484f1134040e1864ee0068833924297|0994b58ad507c89e4477b9d8f239790b940d570f5a1e8d13854e7914fd34622b|7005585684404ffcda0b1dfc1efe74e1c1f8f20f66456d7cf8b530c192a57eff,14855,4952,9907,42|43|44,3,3,103059.68876151578,5512.250116122463,96695.63859054315,106336.84748300788,training-seed variability on same evaluation support; not a population confidence interval,False,
pleia_energy,6,2,attention_lstm,60,kWh per 10 minutes,mae,,smart_building_conformal/outputs/matched_forecasting005/pleia_energy_h6_f2_s42_v1|smart_building_conformal/outputs/matched_forecasting005/pleia_energy_h6_f2_s43_v1|smart_building_conformal/outputs/matched_forecasting005/pleia_energy_h6_f2_s44_v1,2209e00bc338132a6a2a2933be0893ff9f893cbddb45082541941604ab05632b|b93741f34b2850dc828bbe017dd62253e0e099a5101de4a74885b6a91db639c5|5d84a3cdb1f24e4bae241c0a4e3a47bf0400815a82460b134e1a6e358a87472e,14850,4951,9907,42|43|44,3,3,0.15328143376356052,0.004456945699462521,0.1482799730400054,0.1568325963892224,training-seed variability on same evaluation support; not a population confidence interval,False,
pleia_energy,6,2,attention_lstm,60,kWh per 10 minutes,rmse,,smart_building_conformal/outputs/matched_forecasting005/pleia_energy_h6_f2_s42_v1|smart_building_conformal/outputs/matched_forecasting005/pleia_energy_h6_f2_s43_v1|smart_building_conformal/outputs/matched_forecasting005/pleia_energy_h6_f2_s44_v1,2209e00bc338132a6a2a2933be0893ff9f893cbddb45082541941604ab05632b|b93741f34b2850dc828bbe017dd62253e0e099a5101de4a74885b6a91db639c5|5d84a3cdb1f24e4bae241c0a4e3a47bf0400815a82460b134e1a6e358a87472e,14850,4951,9907,42|43|44,3,3,0.2630639346570504,0.0017508904498970287,0.26174505106155915,0.2650504133471614,training-seed variability on same evaluation support; not a population confidence interval,False,
pleia_energy,6,2,attention_lstm,60,kWh per 10 minutes,coverage90,0.9,smart_building_conformal/outputs/matched_forecasting005/pleia_energy_h6_f2_s42_v1|smart_building_conformal/outputs/matched_forecasting005/pleia_energy_h6_f2_s43_v1|smart_building_conformal/outputs/matched_forecasting005/pleia_energy_h6_f2_s44_v1,2209e00bc338132a6a2a2933be0893ff9f893cbddb45082541941604ab05632b|b93741f34b2850dc828bbe017dd62253e0e099a5101de4a74885b6a91db639c5|5d84a3cdb1f24e4bae241c0a4e3a47bf0400815a82460b134e1a6e358a87472e,14850,4951,9907,42|43|44,3,3,0.5861848524612228,0.004354817048514743,0.5812052084384779,0.5892803068537398,training-seed variability on same evaluation support; not a population confidence interval,False,
pleia_energy,6,2,attention_lstm,60,kWh per 10 minutes,signed_coverage_deviation90,0.9,smart_building_conformal/outputs/matched_forecasting005/pleia_energy_h6_f2_s42_v1|smart_building_conformal/outputs/matched_forecasting005/pleia_energy_h6_f2_s43_v1|smart_building_conformal/outputs/matched_forecasting005/pleia_energy_h6_f2_s44_v1,2209e00bc338132a6a2a2933be0893ff9f893cbddb45082541941604ab05632b|b93741f34b2850dc828bbe017dd62253e0e099a5101de4a74885b6a91db639c5|5d84a3cdb1f24e4bae241c0a4e3a47bf0400815a82460b134e1a6e358a87472e,14850,4951,9907,42|43|44,3,3,-0.3138151475387773,0.004354817048514743,-0.31879479156152213,-0.31071969314626025,training-seed variability on same evaluation support; not a population confidence interval,False,
pleia_energy,6,2,attention_lstm,60,kWh per 10 minutes,absolute_coverage_deviation90,0.9,smart_building_conformal/outputs/matched_forecasting005/pleia_energy_h6_f2_s42_v1|smart_building_conformal/outputs/matched_forecasting005/pleia_energy_h6_f2_s43_v1|smart_building_conformal/outputs/matched_forecasting005/pleia_energy_h6_f2_s44_v1,2209e00bc338132a6a2a2933be0893ff9f893cbddb45082541941604ab05632b|b93741f34b2850dc828bbe017dd62253e0e099a5101de4a74885b6a91db639c5|5d84a3cdb1f24e4bae241c0a4e3a47bf0400815a82460b134e1a6e358a87472e,14850,4951,9907,42|43|44,3,3,0.3138151475387773,0.004354817048514743,0.31071969314626025,0.31879479156152213,training-seed variability on same evaluation support; not a population confidence interval,False,
pleia_energy,6,2,attention_lstm,60,kWh per 10 minutes,mpiw90,0.9,smart_building_conformal/outputs/matched_forecasting005/pleia_energy_h6_f2_s42_v1|smart_building_conformal/outputs/matched_forecasting005/pleia_energy_h6_f2_s43_v1|smart_building_conformal/outputs/matched_forecasting005/pleia_energy_h6_f2_s44_v1,2209e00bc338132a6a2a2933be0893ff9f893cbddb45082541941604ab05632b|b93741f34b2850dc828bbe017dd62253e0e099a5101de4a74885b6a91db639c5|5d84a3cdb1f24e4bae241c0a4e3a47bf0400815a82460b134e1a6e358a87472e,14850,4951,9907,42|43|44,3,3,0.2098621924718221,0.003087541142379079,0.20716702938079834,0.2132309079170227,training-seed variability on same evaluation support; not a population confidence interval,False,
pleia_energy,6,2,attention_lstm,60,kWh per 10 minutes,winkler90,0.9,smart_building_conformal/outputs/matched_forecasting005/pleia_energy_h6_f2_s42_v1|smart_building_conformal/outputs/matched_forecasting005/pleia_energy_h6_f2_s43_v1|smart_building_conformal/outputs/matched_forecasting005/pleia_energy_h6_f2_s44_v1,2209e00bc338132a6a2a2933be0893ff9f893cbddb45082541941604ab05632b|b93741f34b2850dc828bbe017dd62253e0e099a5101de4a74885b6a91db639c5|5d84a3cdb1f24e4bae241c0a4e3a47bf0400815a82460b134e1a6e358a87472e,14850,4951,9907,42|43|44,3,3,1.7874607958915092,0.01468530135803385,1.774322251041638,1.8033140359702668,training-seed variability on same evaluation support; not a population confidence interval,False,
pleia_energy,6,2,attention_lstm,60,kWh per 10 minutes,coverage95,0.95,smart_building_conformal/outputs/matched_forecasting005/pleia_energy_h6_f2_s42_v1|smart_building_conformal/outputs/matched_forecasting005/pleia_energy_h6_f2_s43_v1|smart_building_conformal/outputs/matched_forecasting005/pleia_energy_h6_f2_s44_v1,2209e00bc338132a6a2a2933be0893ff9f893cbddb45082541941604ab05632b|b93741f34b2850dc828bbe017dd62253e0e099a5101de4a74885b6a91db639c5|5d84a3cdb1f24e4bae241c0a4e3a47bf0400815a82460b134e1a6e358a87472e,14850,4951,9907,42|43|44,3,3,0.6719491268799839,0.023482956828638737,0.6448975471888564,0.6870899364085999,training-seed variability on same evaluation support; not a population confidence interval,False,
pleia_energy,6,2,attention_lstm,60,kWh per 10 minutes,signed_coverage_deviation95,0.95,smart_building_conformal/outputs/matched_forecasting005/pleia_energy_h6_f2_s42_v1|smart_building_conformal/outputs/matched_forecasting005/pleia_energy_h6_f2_s43_v1|smart_building_conformal/outputs/matched_forecasting005/pleia_energy_h6_f2_s44_v1,2209e00bc338132a6a2a2933be0893ff9f893cbddb45082541941604ab05632b|b93741f34b2850dc828bbe017dd62253e0e099a5101de4a74885b6a91db639c5|5d84a3cdb1f24e4bae241c0a4e3a47bf0400815a82460b134e1a6e358a87472e,14850,4951,9907,42|43|44,3,3,-0.27805087312001614,0.02348295682863874,-0.30510245281114357,-0.2629100635914,training-seed variability on same evaluation support; not a population confidence interval,False,
pleia_energy,6,2,attention_lstm,60,kWh per 10 minutes,absolute_coverage_deviation95,0.95,smart_building_conformal/outputs/matched_forecasting005/pleia_energy_h6_f2_s42_v1|smart_building_conformal/outputs/matched_forecasting005/pleia_energy_h6_f2_s43_v1|smart_building_conformal/outputs/matched_forecasting005/pleia_energy_h6_f2_s44_v1,2209e00bc338132a6a2a2933be0893ff9f893cbddb45082541941604ab05632b|b93741f34b2850dc828bbe017dd62253e0e099a5101de4a74885b6a91db639c5|5d84a3cdb1f24e4bae241c0a4e3a47bf0400815a82460b134e1a6e358a87472e,14850,4951,9907,42|43|44,3,3,0.27805087312001614,0.02348295682863874,0.2629100635914,0.30510245281114357,training-seed variability on same evaluation support; not a population confidence interval,False,
pleia_energy,6,2,attention_lstm,60,kWh per 10 minutes,mpiw95,0.95,smart_building_conformal/outputs/matched_forecasting005/pleia_energy_h6_f2_s42_v1|smart_building_conformal/outputs/matched_forecasting005/pleia_energy_h6_f2_s43_v1|smart_building_conformal/outputs/matched_forecasting005/pleia_energy_h6_f2_s44_v1,2209e00bc338132a6a2a2933be0893ff9f893cbddb45082541941604ab05632b|b93741f34b2850dc828bbe017dd62253e0e099a5101de4a74885b6a91db639c5|5d84a3cdb1f24e4bae241c0a4e3a47bf0400815a82460b134e1a6e358a87472e,14850,4951,9907,42|43|44,3,3,0.26172765096028644,0.019342919879262635,0.23959028720855713,0.2753656506538391,training-seed variability on same evaluation support; not a population confidence interval,False,
pleia_energy,6,2,attention_lstm,60,kWh per 10 minutes,winkler95,0.95,smart_building_conformal/outputs/matched_forecasting005/pleia_energy_h6_f2_s42_v1|smart_building_conformal/outputs/matched_forecasting005/pleia_energy_h6_f2_s43_v1|smart_building_conformal/outputs/matched_forecasting005/pleia_energy_h6_f2_s44_v1,2209e00bc338132a6a2a2933be0893ff9f893cbddb45082541941604ab05632b|b93741f34b2850dc828bbe017dd62253e0e099a5101de4a74885b6a91db639c5|5d84a3cdb1f24e4bae241c0a4e3a47bf0400815a82460b134e1a6e358a87472e,14850,4951,9907,42|43|44,3,3,3.037722688701365,0.08933914585305687,2.9654084210187865,3.1375937770495206,training-seed variability on same evaluation support; not a population confidence interval,False,
pleia_energy,6,2,attention_lstm,60,kWh per 10 minutes,tuning_seconds,,smart_building_conformal/outputs/matched_forecasting005/pleia_energy_h6_f2_s42_v1|smart_building_conformal/outputs/matched_forecasting005/pleia_energy_h6_f2_s43_v1|smart_building_conformal/outputs/matched_forecasting005/pleia_energy_h6_f2_s44_v1,2209e00bc338132a6a2a2933be0893ff9f893cbddb45082541941604ab05632b|b93741f34b2850dc828bbe017dd62253e0e099a5101de4a74885b6a91db639c5|5d84a3cdb1f24e4bae241c0a4e3a47bf0400815a82460b134e1a6e358a87472e,14850,4951,9907,42|43|44,3,3,50.221303133330366,2.0067079171158566,49.0571581999975,52.5384408999962,training-seed variability on same evaluation support; not a population confidence interval,False,
pleia_energy,6,2,attention_lstm,60,kWh per 10 minutes,final_fit_seconds,,smart_building_conformal/outputs/matched_forecasting005/pleia_energy_h6_f2_s42_v1|smart_building_conformal/outputs/matched_forecasting005/pleia_energy_h6_f2_s43_v1|smart_building_conformal/outputs/matched_forecasting005/pleia_energy_h6_f2_s44_v1,2209e00bc338132a6a2a2933be0893ff9f893cbddb45082541941604ab05632b|b93741f34b2850dc828bbe017dd62253e0e099a5101de4a74885b6a91db639c5|5d84a3cdb1f24e4bae241c0a4e3a47bf0400815a82460b134e1a6e358a87472e,14850,4951,9907,42|43|44,3,3,9.193765066663522,1.0699521386056985,8.350724399992032,10.397435900005803,training-seed variability on same evaluation support; not a population confidence interval,False,
pleia_energy,6,2,attention_lstm,60,kWh per 10 minutes,calibration_seconds,,smart_building_conformal/outputs/matched_forecasting005/pleia_energy_h6_f2_s42_v1|smart_building_conformal/outputs/matched_forecasting005/pleia_energy_h6_f2_s43_v1|smart_building_conformal/outputs/matched_forecasting005/pleia_energy_h6_f2_s44_v1,2209e00bc338132a6a2a2933be0893ff9f893cbddb45082541941604ab05632b|b93741f34b2850dc828bbe017dd62253e0e099a5101de4a74885b6a91db639c5|5d84a3cdb1f24e4bae241c0a4e3a47bf0400815a82460b134e1a6e358a87472e,14850,4951,9907,42|43|44,3,3,0.19172773333411897,0.0027926455576433953,0.1885167000000365,0.1935898000083398,training-seed variability on same evaluation support; not a population confidence interval,False,
pleia_energy,6,2,attention_lstm,60,kWh per 10 minutes,inference_seconds,,smart_building_conformal/outputs/matched_forecasting005/pleia_energy_h6_f2_s42_v1|smart_building_conformal/outputs/matched_forecasting005/pleia_energy_h6_f2_s43_v1|smart_building_conformal/outputs/matched_forecasting005/pleia_energy_h6_f2_s44_v1,2209e00bc338132a6a2a2933be0893ff9f893cbddb45082541941604ab05632b|b93741f34b2850dc828bbe017dd62253e0e099a5101de4a74885b6a91db639c5|5d84a3cdb1f24e4bae241c0a4e3a47bf0400815a82460b134e1a6e358a87472e,14850,4951,9907,42|43|44,3,3,0.4152981666654038,0.02274560266630192,0.3932974000053946,0.43872179999016225,training-seed variability on same evaluation support; not a population confidence interval,False,
pleia_energy,6,2,attention_lstm,60,kWh per 10 minutes,model_phase_seconds,,smart_building_conformal/outputs/matched_forecasting005/pleia_energy_h6_f2_s42_v1|smart_building_conformal/outputs/matched_forecasting005/pleia_energy_h6_f2_s43_v1|smart_building_conformal/outputs/matched_forecasting005/pleia_energy_h6_f2_s44_v1,2209e00bc338132a6a2a2933be0893ff9f893cbddb45082541941604ab05632b|b93741f34b2850dc828bbe017dd62253e0e099a5101de4a74885b6a91db639c5|5d84a3cdb1f24e4bae241c0a4e3a47bf0400815a82460b134e1a6e358a87472e,14850,4951,9907,42|43|44,3,3,60.02209409999341,1.4748386095129997,58.52260469998873,61.47097939999367,training-seed variability on same evaluation support; not a population confidence interval,False,
pleia_energy,6,2,attention_lstm,60,kWh per 10 minutes,process_cpu_seconds,,smart_building_conformal/outputs/matched_forecasting005/pleia_energy_h6_f2_s42_v1|smart_building_conformal/outputs/matched_forecasting005/pleia_energy_h6_f2_s43_v1|smart_building_conformal/outputs/matched_forecasting005/pleia_energy_h6_f2_s44_v1,2209e00bc338132a6a2a2933be0893ff9f893cbddb45082541941604ab05632b|b93741f34b2850dc828bbe017dd62253e0e099a5101de4a74885b6a91db639c5|5d84a3cdb1f24e4bae241c0a4e3a47bf0400815a82460b134e1a6e358a87472e,14850,4951,9907,42|43|44,3,3,58.984375,1.7345861357972396,57.265625,60.734375,training-seed variability on same evaluation support; not a population confidence interval,False,
pleia_energy,6,2,attention_lstm,60,kWh per 10 minutes,inference_rows_per_second,,smart_building_conformal/outputs/matched_forecasting005/pleia_energy_h6_f2_s42_v1|smart_building_conformal/outputs/matched_forecasting005/pleia_energy_h6_f2_s43_v1|smart_building_conformal/outputs/matched_forecasting005/pleia_energy_h6_f2_s44_v1,2209e00bc338132a6a2a2933be0893ff9f893cbddb45082541941604ab05632b|b93741f34b2850dc828bbe017dd62253e0e099a5101de4a74885b6a91db639c5|5d84a3cdb1f24e4bae241c0a4e3a47bf0400815a82460b134e1a6e358a87472e,14850,4951,9907,42|43|44,3,3,23902.753158608975,1304.3809119392615,22581.508373238237,25189.589353664967,training-seed variability on same evaluation support; not a population confidence interval,False,
pleia_energy,6,2,persistence,60,kWh per 10 minutes,mae,,smart_building_conformal/outputs/matched_forecasting005/pleia_energy_h6_f2_s42_v1|smart_building_conformal/outputs/matched_forecasting005/pleia_energy_h6_f2_s43_v1|smart_building_conformal/outputs/matched_forecasting005/pleia_energy_h6_f2_s44_v1,2209e00bc338132a6a2a2933be0893ff9f893cbddb45082541941604ab05632b|b93741f34b2850dc828bbe017dd62253e0e099a5101de4a74885b6a91db639c5|5d84a3cdb1f24e4bae241c0a4e3a47bf0400815a82460b134e1a6e358a87472e,14850,4951,9907,42|43|44,3,3,0.12998936988997678,0.0,0.12998936988997678,0.12998936988997678,training-seed variability on same evaluation support; not a population confidence interval,True,1.0
pleia_energy,6,2,persistence,60,kWh per 10 minutes,rmse,,smart_building_conformal/outputs/matched_forecasting005/pleia_energy_h6_f2_s42_v1|smart_building_conformal/outputs/matched_forecasting005/pleia_energy_h6_f2_s43_v1|smart_building_conformal/outputs/matched_forecasting005/pleia_energy_h6_f2_s44_v1,2209e00bc338132a6a2a2933be0893ff9f893cbddb45082541941604ab05632b|b93741f34b2850dc828bbe017dd62253e0e099a5101de4a74885b6a91db639c5|5d84a3cdb1f24e4bae241c0a4e3a47bf0400815a82460b134e1a6e358a87472e,14850,4951,9907,42|43|44,3,3,0.25754481604675455,0.0,0.25754481604675455,0.25754481604675455,training-seed variability on same evaluation support; not a population confidence interval,True,1.0
pleia_energy,6,2,persistence,60,kWh per 10 minutes,coverage90,0.9,smart_building_conformal/outputs/matched_forecasting005/pleia_energy_h6_f2_s42_v1|smart_building_conformal/outputs/matched_forecasting005/pleia_energy_h6_f2_s43_v1|smart_building_conformal/outputs/matched_forecasting005/pleia_energy_h6_f2_s44_v1,2209e00bc338132a6a2a2933be0893ff9f893cbddb45082541941604ab05632b|b93741f34b2850dc828bbe017dd62253e0e099a5101de4a74885b6a91db639c5|5d84a3cdb1f24e4bae241c0a4e3a47bf0400815a82460b134e1a6e358a87472e,14850,4951,9907,42|43|44,3,3,0.5607146462097506,0.0,0.5607146462097506,0.5607146462097506,training-seed variability on same evaluation support; not a population confidence interval,True,1.0
pleia_energy,6,2,persistence,60,kWh per 10 minutes,signed_coverage_deviation90,0.9,smart_building_conformal/outputs/matched_forecasting005/pleia_energy_h6_f2_s42_v1|smart_building_conformal/outputs/matched_forecasting005/pleia_energy_h6_f2_s43_v1|smart_building_conformal/outputs/matched_forecasting005/pleia_energy_h6_f2_s44_v1,2209e00bc338132a6a2a2933be0893ff9f893cbddb45082541941604ab05632b|b93741f34b2850dc828bbe017dd62253e0e099a5101de4a74885b6a91db639c5|5d84a3cdb1f24e4bae241c0a4e3a47bf0400815a82460b134e1a6e358a87472e,14850,4951,9907,42|43|44,3,3,-0.3392853537902494,0.0,-0.3392853537902494,-0.3392853537902494,training-seed variability on same evaluation support; not a population confidence interval,True,1.0
pleia_energy,6,2,persistence,60,kWh per 10 minutes,absolute_coverage_deviation90,0.9,smart_building_conformal/outputs/matched_forecasting005/pleia_energy_h6_f2_s42_v1|smart_building_conformal/outputs/matched_forecasting005/pleia_energy_h6_f2_s43_v1|smart_building_conformal/outputs/matched_forecasting005/pleia_energy_h6_f2_s44_v1,2209e00bc338132a6a2a2933be0893ff9f893cbddb45082541941604ab05632b|b93741f34b2850dc828bbe017dd62253e0e099a5101de4a74885b6a91db639c5|5d84a3cdb1f24e4bae241c0a4e3a47bf0400815a82460b134e1a6e358a87472e,14850,4951,9907,42|43|44,3,3,0.3392853537902494,0.0,0.3392853537902494,0.3392853537902494,training-seed variability on same evaluation support; not a population confidence interval,True,1.0
pleia_energy,6,2,persistence,60,kWh per 10 minutes,mpiw90,0.9,smart_building_conformal/outputs/matched_forecasting005/pleia_energy_h6_f2_s42_v1|smart_building_conformal/outputs/matched_forecasting005/pleia_energy_h6_f2_s43_v1|smart_building_conformal/outputs/matched_forecasting005/pleia_energy_h6_f2_s44_v1,2209e00bc338132a6a2a2933be0893ff9f893cbddb45082541941604ab05632b|b93741f34b2850dc828bbe017dd62253e0e099a5101de4a74885b6a91db639c5|5d84a3cdb1f24e4bae241c0a4e3a47bf0400815a82460b134e1a6e358a87472e,14850,4951,9907,42|43|44,3,3,0.078125,0.0,0.078125,0.078125,training-seed variability on same evaluation support; not a population confidence interval,True,1.0
pleia_energy,6,2,persistence,60,kWh per 10 minutes,winkler90,0.9,smart_building_conformal/outputs/matched_forecasting005/pleia_energy_h6_f2_s42_v1|smart_building_conformal/outputs/matched_forecasting005/pleia_energy_h6_f2_s43_v1|smart_building_conformal/outputs/matched_forecasting005/pleia_energy_h6_f2_s44_v1,2209e00bc338132a6a2a2933be0893ff9f893cbddb45082541941604ab05632b|b93741f34b2850dc828bbe017dd62253e0e099a5101de4a74885b6a91db639c5|5d84a3cdb1f24e4bae241c0a4e3a47bf0400815a82460b134e1a6e358a87472e,14850,4951,9907,42|43|44,3,3,2.156516541334411,0.0,2.156516541334411,2.156516541334411,training-seed variability on same evaluation support; not a population confidence interval,True,1.0
pleia_energy,6,2,persistence,60,kWh per 10 minutes,coverage95,0.95,smart_building_conformal/outputs/matched_forecasting005/pleia_energy_h6_f2_s42_v1|smart_building_conformal/outputs/matched_forecasting005/pleia_energy_h6_f2_s43_v1|smart_building_conformal/outputs/matched_forecasting005/pleia_energy_h6_f2_s44_v1,2209e00bc338132a6a2a2933be0893ff9f893cbddb45082541941604ab05632b|b93741f34b2850dc828bbe017dd62253e0e099a5101de4a74885b6a91db639c5|5d84a3cdb1f24e4bae241c0a4e3a47bf0400815a82460b134e1a6e358a87472e,14850,4951,9907,42|43|44,3,3,0.6406581205208438,0.0,0.6406581205208438,0.6406581205208438,training-seed variability on same evaluation support; not a population confidence interval,True,1.0
pleia_energy,6,2,persistence,60,kWh per 10 minutes,signed_coverage_deviation95,0.95,smart_building_conformal/outputs/matched_forecasting005/pleia_energy_h6_f2_s42_v1|smart_building_conformal/outputs/matched_forecasting005/pleia_energy_h6_f2_s43_v1|smart_building_conformal/outputs/matched_forecasting005/pleia_energy_h6_f2_s44_v1,2209e00bc338132a6a2a2933be0893ff9f893cbddb45082541941604ab05632b|b93741f34b2850dc828bbe017dd62253e0e099a5101de4a74885b6a91db639c5|5d84a3cdb1f24e4bae241c0a4e3a47bf0400815a82460b134e1a6e358a87472e,14850,4951,9907,42|43|44,3,3,-0.30934187947915615,0.0,-0.30934187947915615,-0.30934187947915615,training-seed variability on same evaluation support; not a population confidence interval,True,1.0
pleia_energy,6,2,persistence,60,kWh per 10 minutes,absolute_coverage_deviation95,0.95,smart_building_conformal/outputs/matched_forecasting005/pleia_energy_h6_f2_s42_v1|smart_building_conformal/outputs/matched_forecasting005/pleia_energy_h6_f2_s43_v1|smart_building_conformal/outputs/matched_forecasting005/pleia_energy_h6_f2_s44_v1,2209e00bc338132a6a2a2933be0893ff9f893cbddb45082541941604ab05632b|b93741f34b2850dc828bbe017dd62253e0e099a5101de4a74885b6a91db639c5|5d84a3cdb1f24e4bae241c0a4e3a47bf0400815a82460b134e1a6e358a87472e,14850,4951,9907,42|43|44,3,3,0.30934187947915615,0.0,0.30934187947915615,0.30934187947915615,training-seed variability on same evaluation support; not a population confidence interval,True,1.0
pleia_energy,6,2,persistence,60,kWh per 10 minutes,mpiw95,0.95,smart_building_conformal/outputs/matched_forecasting005/pleia_energy_h6_f2_s42_v1|smart_building_conformal/outputs/matched_forecasting005/pleia_energy_h6_f2_s43_v1|smart_building_conformal/outputs/matched_forecasting005/pleia_energy_h6_f2_s44_v1,2209e00bc338132a6a2a2933be0893ff9f893cbddb45082541941604ab05632b|b93741f34b2850dc828bbe017dd62253e0e099a5101de4a74885b6a91db639c5|5d84a3cdb1f24e4bae241c0a4e3a47bf0400815a82460b134e1a6e358a87472e,14850,4951,9907,42|43|44,3,3,0.125,0.0,0.125,0.125,training-seed variability on same evaluation support; not a population confidence interval,True,1.0
pleia_energy,6,2,persistence,60,kWh per 10 minutes,winkler95,0.95,smart_building_conformal/outputs/matched_forecasting005/pleia_energy_h6_f2_s42_v1|smart_building_conformal/outputs/matched_forecasting005/pleia_energy_h6_f2_s43_v1|smart_building_conformal/outputs/matched_forecasting005/pleia_energy_h6_f2_s44_v1,2209e00bc338132a6a2a2933be0893ff9f893cbddb45082541941604ab05632b|b93741f34b2850dc828bbe017dd62253e0e099a5101de4a74885b6a91db639c5|5d84a3cdb1f24e4bae241c0a4e3a47bf0400815a82460b134e1a6e358a87472e,14850,4951,9907,42|43|44,3,3,3.899036035126675,0.0,3.899036035126675,3.899036035126675,training-seed variability on same evaluation support; not a population confidence interval,True,1.0
pleia_energy,6,2,persistence,60,kWh per 10 minutes,tuning_seconds,,smart_building_conformal/outputs/matched_forecasting005/pleia_energy_h6_f2_s42_v1|smart_building_conformal/outputs/matched_forecasting005/pleia_energy_h6_f2_s43_v1|smart_building_conformal/outputs/matched_forecasting005/pleia_energy_h6_f2_s44_v1,2209e00bc338132a6a2a2933be0893ff9f893cbddb45082541941604ab05632b|b93741f34b2850dc828bbe017dd62253e0e099a5101de4a74885b6a91db639c5|5d84a3cdb1f24e4bae241c0a4e3a47bf0400815a82460b134e1a6e358a87472e,14850,4951,9907,42|43|44,3,3,0.0,0.0,0.0,0.0,training-seed variability on same evaluation support; not a population confidence interval,True,1.0
pleia_energy,6,2,persistence,60,kWh per 10 minutes,final_fit_seconds,,smart_building_conformal/outputs/matched_forecasting005/pleia_energy_h6_f2_s42_v1|smart_building_conformal/outputs/matched_forecasting005/pleia_energy_h6_f2_s43_v1|smart_building_conformal/outputs/matched_forecasting005/pleia_energy_h6_f2_s44_v1,2209e00bc338132a6a2a2933be0893ff9f893cbddb45082541941604ab05632b|b93741f34b2850dc828bbe017dd62253e0e099a5101de4a74885b6a91db639c5|5d84a3cdb1f24e4bae241c0a4e3a47bf0400815a82460b134e1a6e358a87472e,14850,4951,9907,42|43|44,3,3,0.0005694666663960865,5.4638576364341366e-05,0.0005238000012468547,0.000630000009550713,training-seed variability on same evaluation support; not a population confidence interval,True,1.0
pleia_energy,6,2,persistence,60,kWh per 10 minutes,calibration_seconds,,smart_building_conformal/outputs/matched_forecasting005/pleia_energy_h6_f2_s42_v1|smart_building_conformal/outputs/matched_forecasting005/pleia_energy_h6_f2_s43_v1|smart_building_conformal/outputs/matched_forecasting005/pleia_energy_h6_f2_s44_v1,2209e00bc338132a6a2a2933be0893ff9f893cbddb45082541941604ab05632b|b93741f34b2850dc828bbe017dd62253e0e099a5101de4a74885b6a91db639c5|5d84a3cdb1f24e4bae241c0a4e3a47bf0400815a82460b134e1a6e358a87472e,14850,4951,9907,42|43|44,3,3,0.002648499998031184,9.440614790650854e-05,0.002550699995481409,0.0027391000039642677,training-seed variability on same evaluation support; not a population confidence interval,True,1.0
pleia_energy,6,2,persistence,60,kWh per 10 minutes,inference_seconds,,smart_building_conformal/outputs/matched_forecasting005/pleia_energy_h6_f2_s42_v1|smart_building_conformal/outputs/matched_forecasting005/pleia_energy_h6_f2_s43_v1|smart_building_conformal/outputs/matched_forecasting005/pleia_energy_h6_f2_s44_v1,2209e00bc338132a6a2a2933be0893ff9f893cbddb45082541941604ab05632b|b93741f34b2850dc828bbe017dd62253e0e099a5101de4a74885b6a91db639c5|5d84a3cdb1f24e4bae241c0a4e3a47bf0400815a82460b134e1a6e358a87472e,14850,4951,9907,42|43|44,3,3,0.004265566664495661,0.00030891612316462044,0.004077700003108475,0.004622099993866868,training-seed variability on same evaluation support; not a population confidence interval,True,1.0
pleia_energy,6,2,persistence,60,kWh per 10 minutes,model_phase_seconds,,smart_building_conformal/outputs/matched_forecasting005/pleia_energy_h6_f2_s42_v1|smart_building_conformal/outputs/matched_forecasting005/pleia_energy_h6_f2_s43_v1|smart_building_conformal/outputs/matched_forecasting005/pleia_energy_h6_f2_s44_v1,2209e00bc338132a6a2a2933be0893ff9f893cbddb45082541941604ab05632b|b93741f34b2850dc828bbe017dd62253e0e099a5101de4a74885b6a91db639c5|5d84a3cdb1f24e4bae241c0a4e3a47bf0400815a82460b134e1a6e358a87472e,14850,4951,9907,42|43|44,3,3,0.007483533328922931,0.000303765046984261,0.00727760000154376,0.007832399976905435,training-seed variability on same evaluation support; not a population confidence interval,True,1.0
pleia_energy,6,2,persistence,60,kWh per 10 minutes,process_cpu_seconds,,smart_building_conformal/outputs/matched_forecasting005/pleia_energy_h6_f2_s42_v1|smart_building_conformal/outputs/matched_forecasting005/pleia_energy_h6_f2_s43_v1|smart_building_conformal/outputs/matched_forecasting005/pleia_energy_h6_f2_s44_v1,2209e00bc338132a6a2a2933be0893ff9f893cbddb45082541941604ab05632b|b93741f34b2850dc828bbe017dd62253e0e099a5101de4a74885b6a91db639c5|5d84a3cdb1f24e4bae241c0a4e3a47bf0400815a82460b134e1a6e358a87472e,14850,4951,9907,42|43|44,3,3,0.005208333333333333,0.009021097956087904,0.0,0.015625,training-seed variability on same evaluation support; not a population confidence interval,True,1.0
pleia_energy,6,2,persistence,60,kWh per 10 minutes,inference_rows_per_second,,smart_building_conformal/outputs/matched_forecasting005/pleia_energy_h6_f2_s42_v1|smart_building_conformal/outputs/matched_forecasting005/pleia_energy_h6_f2_s43_v1|smart_building_conformal/outputs/matched_forecasting005/pleia_energy_h6_f2_s44_v1,2209e00bc338132a6a2a2933be0893ff9f893cbddb45082541941604ab05632b|b93741f34b2850dc828bbe017dd62253e0e099a5101de4a74885b6a91db639c5|5d84a3cdb1f24e4bae241c0a4e3a47bf0400815a82460b134e1a6e358a87472e,14850,4951,9907,42|43|44,3,3,2330374.579470635,162026.4925703727,2143398.025387971,2429555.875235497,training-seed variability on same evaluation support; not a population confidence interval,True,1.0
pleia_energy,6,2,xgboost,60,kWh per 10 minutes,mae,,smart_building_conformal/outputs/matched_forecasting005/pleia_energy_h6_f2_s42_v1|smart_building_conformal/outputs/matched_forecasting005/pleia_energy_h6_f2_s43_v1|smart_building_conformal/outputs/matched_forecasting005/pleia_energy_h6_f2_s44_v1,2209e00bc338132a6a2a2933be0893ff9f893cbddb45082541941604ab05632b|b93741f34b2850dc828bbe017dd62253e0e099a5101de4a74885b6a91db639c5|5d84a3cdb1f24e4bae241c0a4e3a47bf0400815a82460b134e1a6e358a87472e,14850,4951,9907,42|43|44,3,3,0.12841834404658173,0.0007336580248244274,0.1275753094787926,0.12891213605305413,training-seed variability on same evaluation support; not a population confidence interval,False,
pleia_energy,6,2,xgboost,60,kWh per 10 minutes,rmse,,smart_building_conformal/outputs/matched_forecasting005/pleia_energy_h6_f2_s42_v1|smart_building_conformal/outputs/matched_forecasting005/pleia_energy_h6_f2_s43_v1|smart_building_conformal/outputs/matched_forecasting005/pleia_energy_h6_f2_s44_v1,2209e00bc338132a6a2a2933be0893ff9f893cbddb45082541941604ab05632b|b93741f34b2850dc828bbe017dd62253e0e099a5101de4a74885b6a91db639c5|5d84a3cdb1f24e4bae241c0a4e3a47bf0400815a82460b134e1a6e358a87472e,14850,4951,9907,42|43|44,3,3,0.24533195118436216,0.0008088257335919987,0.24450573261577294,0.2461221827631574,training-seed variability on same evaluation support; not a population confidence interval,False,
pleia_energy,6,2,xgboost,60,kWh per 10 minutes,coverage90,0.9,smart_building_conformal/outputs/matched_forecasting005/pleia_energy_h6_f2_s42_v1|smart_building_conformal/outputs/matched_forecasting005/pleia_energy_h6_f2_s43_v1|smart_building_conformal/outputs/matched_forecasting005/pleia_energy_h6_f2_s44_v1,2209e00bc338132a6a2a2933be0893ff9f893cbddb45082541941604ab05632b|b93741f34b2850dc828bbe017dd62253e0e099a5101de4a74885b6a91db639c5|5d84a3cdb1f24e4bae241c0a4e3a47bf0400815a82460b134e1a6e358a87472e,14850,4951,9907,42|43|44,3,3,0.637057972477373,0.022691316908516668,0.6169375189260119,0.6616533764005249,training-seed variability on same evaluation support; not a population confidence interval,False,
pleia_energy,6,2,xgboost,60,kWh per 10 minutes,signed_coverage_deviation90,0.9,smart_building_conformal/outputs/matched_forecasting005/pleia_energy_h6_f2_s42_v1|smart_building_conformal/outputs/matched_forecasting005/pleia_energy_h6_f2_s43_v1|smart_building_conformal/outputs/matched_forecasting005/pleia_energy_h6_f2_s44_v1,2209e00bc338132a6a2a2933be0893ff9f893cbddb45082541941604ab05632b|b93741f34b2850dc828bbe017dd62253e0e099a5101de4a74885b6a91db639c5|5d84a3cdb1f24e4bae241c0a4e3a47bf0400815a82460b134e1a6e358a87472e,14850,4951,9907,42|43|44,3,3,-0.26294202752262713,0.022691316908516668,-0.2830624810739881,-0.23834662359947512,training-seed variability on same evaluation support; not a population confidence interval,False,
pleia_energy,6,2,xgboost,60,kWh per 10 minutes,absolute_coverage_deviation90,0.9,smart_building_conformal/outputs/matched_forecasting005/pleia_energy_h6_f2_s42_v1|smart_building_conformal/outputs/matched_forecasting005/pleia_energy_h6_f2_s43_v1|smart_building_conformal/outputs/matched_forecasting005/pleia_energy_h6_f2_s44_v1,2209e00bc338132a6a2a2933be0893ff9f893cbddb45082541941604ab05632b|b93741f34b2850dc828bbe017dd62253e0e099a5101de4a74885b6a91db639c5|5d84a3cdb1f24e4bae241c0a4e3a47bf0400815a82460b134e1a6e358a87472e,14850,4951,9907,42|43|44,3,3,0.26294202752262713,0.022691316908516668,0.23834662359947512,0.2830624810739881,training-seed variability on same evaluation support; not a population confidence interval,False,
pleia_energy,6,2,xgboost,60,kWh per 10 minutes,mpiw90,0.9,smart_building_conformal/outputs/matched_forecasting005/pleia_energy_h6_f2_s42_v1|smart_building_conformal/outputs/matched_forecasting005/pleia_energy_h6_f2_s43_v1|smart_building_conformal/outputs/matched_forecasting005/pleia_energy_h6_f2_s44_v1,2209e00bc338132a6a2a2933be0893ff9f893cbddb45082541941604ab05632b|b93741f34b2850dc828bbe017dd62253e0e099a5101de4a74885b6a91db639c5|5d84a3cdb1f24e4bae241c0a4e3a47bf0400815a82460b134e1a6e358a87472e,14850,4951,9907,42|43|44,3,3,0.1608517567316691,0.01499276575380648,0.14787453413009644,0.17726391553878784,training-seed variability on same evaluation support; not a population confidence interval,False,
pleia_energy,6,2,xgboost,60,kWh per 10 minutes,winkler90,0.9,smart_building_conformal/outputs/matched_forecasting005/pleia_energy_h6_f2_s42_v1|smart_building_conformal/outputs/matched_forecasting005/pleia_energy_h6_f2_s43_v1|smart_building_conformal/outputs/matched_forecasting005/pleia_energy_h6_f2_s44_v1,2209e00bc338132a6a2a2933be0893ff9f893cbddb45082541941604ab05632b|b93741f34b2850dc828bbe017dd62253e0e099a5101de4a74885b6a91db639c5|5d84a3cdb1f24e4bae241c0a4e3a47bf0400815a82460b134e1a6e358a87472e,14850,4951,9907,42|43|44,3,3,1.7734794245686831,0.04731505362622452,1.721472655559953,1.813980611755074,training-seed variability on same evaluation support; not a population confidence interval,False,
pleia_energy,6,2,xgboost,60,kWh per 10 minutes,coverage95,0.95,smart_building_conformal/outputs/matched_forecasting005/pleia_energy_h6_f2_s42_v1|smart_building_conformal/outputs/matched_forecasting005/pleia_energy_h6_f2_s43_v1|smart_building_conformal/outputs/matched_forecasting005/pleia_energy_h6_f2_s44_v1,2209e00bc338132a6a2a2933be0893ff9f893cbddb45082541941604ab05632b|b93741f34b2850dc828bbe017dd62253e0e099a5101de4a74885b6a91db639c5|5d84a3cdb1f24e4bae241c0a4e3a47bf0400815a82460b134e1a6e358a87472e,14850,4951,9907,42|43|44,3,3,0.7068066350391978,0.022851497109720002,0.6847683456142122,0.7303926516604421,training-seed variability on same evaluation support; not a population confidence interval,False,
pleia_energy,6,2,xgboost,60,kWh per 10 minutes,signed_coverage_deviation95,0.95,smart_building_conformal/outputs/matched_forecasting005/pleia_energy_h6_f2_s42_v1|smart_building_conformal/outputs/matched_forecasting005/pleia_energy_h6_f2_s43_v1|smart_building_conformal/outputs/matched_forecasting005/pleia_energy_h6_f2_s44_v1,2209e00bc338132a6a2a2933be0893ff9f893cbddb45082541941604ab05632b|b93741f34b2850dc828bbe017dd62253e0e099a5101de4a74885b6a91db639c5|5d84a3cdb1f24e4bae241c0a4e3a47bf0400815a82460b134e1a6e358a87472e,14850,4951,9907,42|43|44,3,3,-0.2431933649608021,0.022851497109720002,-0.2652316543857878,-0.21960734833955786,training-seed variability on same evaluation support; not a population confidence interval,False,
pleia_energy,6,2,xgboost,60,kWh per 10 minutes,absolute_coverage_deviation95,0.95,smart_building_conformal/outputs/matched_forecasting005/pleia_energy_h6_f2_s42_v1|smart_building_conformal/outputs/matched_forecasting005/pleia_energy_h6_f2_s43_v1|smart_building_conformal/outputs/matched_forecasting005/pleia_energy_h6_f2_s44_v1,2209e00bc338132a6a2a2933be0893ff9f893cbddb45082541941604ab05632b|b93741f34b2850dc828bbe017dd62253e0e099a5101de4a74885b6a91db639c5|5d84a3cdb1f24e4bae241c0a4e3a47bf0400815a82460b134e1a6e358a87472e,14850,4951,9907,42|43|44,3,3,0.2431933649608021,0.022851497109720002,0.21960734833955786,0.2652316543857878,training-seed variability on same evaluation support; not a population confidence interval,False,
pleia_energy,6,2,xgboost,60,kWh per 10 minutes,mpiw95,0.95,smart_building_conformal/outputs/matched_forecasting005/pleia_energy_h6_f2_s42_v1|smart_building_conformal/outputs/matched_forecasting005/pleia_energy_h6_f2_s43_v1|smart_building_conformal/outputs/matched_forecasting005/pleia_energy_h6_f2_s44_v1,2209e00bc338132a6a2a2933be0893ff9f893cbddb45082541941604ab05632b|b93741f34b2850dc828bbe017dd62253e0e099a5101de4a74885b6a91db639c5|5d84a3cdb1f24e4bae241c0a4e3a47bf0400815a82460b134e1a6e358a87472e,14850,4951,9907,42|43|44,3,3,0.2289672096570333,0.01846231730440186,0.2103307843208313,0.24725034832954407,training-seed variability on same evaluation support; not a population confidence interval,False,
pleia_energy,6,2,xgboost,60,kWh per 10 minutes,winkler95,0.95,smart_building_conformal/outputs/matched_forecasting005/pleia_energy_h6_f2_s42_v1|smart_building_conformal/outputs/matched_forecasting005/pleia_energy_h6_f2_s43_v1|smart_building_conformal/outputs/matched_forecasting005/pleia_energy_h6_f2_s44_v1,2209e00bc338132a6a2a2933be0893ff9f893cbddb45082541941604ab05632b|b93741f34b2850dc828bbe017dd62253e0e099a5101de4a74885b6a91db639c5|5d84a3cdb1f24e4bae241c0a4e3a47bf0400815a82460b134e1a6e358a87472e,14850,4951,9907,42|43|44,3,3,3.0112110593320036,0.09717403337800994,2.914543624129172,3.108883889120713,training-seed variability on same evaluation support; not a population confidence interval,False,
pleia_energy,6,2,xgboost,60,kWh per 10 minutes,tuning_seconds,,smart_building_conformal/outputs/matched_forecasting005/pleia_energy_h6_f2_s42_v1|smart_building_conformal/outputs/matched_forecasting005/pleia_energy_h6_f2_s43_v1|smart_building_conformal/outputs/matched_forecasting005/pleia_energy_h6_f2_s44_v1,2209e00bc338132a6a2a2933be0893ff9f893cbddb45082541941604ab05632b|b93741f34b2850dc828bbe017dd62253e0e099a5101de4a74885b6a91db639c5|5d84a3cdb1f24e4bae241c0a4e3a47bf0400815a82460b134e1a6e358a87472e,14850,4951,9907,42|43|44,3,3,2.852329033329928,0.07095356347409496,2.800623100003577,2.9332208999985596,training-seed variability on same evaluation support; not a population confidence interval,False,
pleia_energy,6,2,xgboost,60,kWh per 10 minutes,final_fit_seconds,,smart_building_conformal/outputs/matched_forecasting005/pleia_energy_h6_f2_s42_v1|smart_building_conformal/outputs/matched_forecasting005/pleia_energy_h6_f2_s43_v1|smart_building_conformal/outputs/matched_forecasting005/pleia_energy_h6_f2_s44_v1,2209e00bc338132a6a2a2933be0893ff9f893cbddb45082541941604ab05632b|b93741f34b2850dc828bbe017dd62253e0e099a5101de4a74885b6a91db639c5|5d84a3cdb1f24e4bae241c0a4e3a47bf0400815a82460b134e1a6e358a87472e,14850,4951,9907,42|43|44,3,3,0.6821830333331794,0.03402110395546502,0.6621644999977434,0.721464800008107,training-seed variability on same evaluation support; not a population confidence interval,False,
pleia_energy,6,2,xgboost,60,kWh per 10 minutes,calibration_seconds,,smart_building_conformal/outputs/matched_forecasting005/pleia_energy_h6_f2_s42_v1|smart_building_conformal/outputs/matched_forecasting005/pleia_energy_h6_f2_s43_v1|smart_building_conformal/outputs/matched_forecasting005/pleia_energy_h6_f2_s44_v1,2209e00bc338132a6a2a2933be0893ff9f893cbddb45082541941604ab05632b|b93741f34b2850dc828bbe017dd62253e0e099a5101de4a74885b6a91db639c5|5d84a3cdb1f24e4bae241c0a4e3a47bf0400815a82460b134e1a6e358a87472e,14850,4951,9907,42|43|44,3,3,0.048979833326787535,0.00171940203607796,0.04706459998851642,0.05039050000050338,training-seed variability on same evaluation support; not a population confidence interval,False,
pleia_energy,6,2,xgboost,60,kWh per 10 minutes,inference_seconds,,smart_building_conformal/outputs/matched_forecasting005/pleia_energy_h6_f2_s42_v1|smart_building_conformal/outputs/matched_forecasting005/pleia_energy_h6_f2_s43_v1|smart_building_conformal/outputs/matched_forecasting005/pleia_energy_h6_f2_s44_v1,2209e00bc338132a6a2a2933be0893ff9f893cbddb45082541941604ab05632b|b93741f34b2850dc828bbe017dd62253e0e099a5101de4a74885b6a91db639c5|5d84a3cdb1f24e4bae241c0a4e3a47bf0400815a82460b134e1a6e358a87472e,14850,4951,9907,42|43|44,3,3,0.09418393333665638,0.003362157566340902,0.09128829999826849,0.09787130000040634,training-seed variability on same evaluation support; not a population confidence interval,False,
pleia_energy,6,2,xgboost,60,kWh per 10 minutes,model_phase_seconds,,smart_building_conformal/outputs/matched_forecasting005/pleia_energy_h6_f2_s42_v1|smart_building_conformal/outputs/matched_forecasting005/pleia_energy_h6_f2_s43_v1|smart_building_conformal/outputs/matched_forecasting005/pleia_energy_h6_f2_s44_v1,2209e00bc338132a6a2a2933be0893ff9f893cbddb45082541941604ab05632b|b93741f34b2850dc828bbe017dd62253e0e099a5101de4a74885b6a91db639c5|5d84a3cdb1f24e4bae241c0a4e3a47bf0400815a82460b134e1a6e358a87472e,14850,4951,9907,42|43|44,3,3,3.677675833326551,0.07213291632653793,3.601140499988105,3.744402499993157,training-seed variability on same evaluation support; not a population confidence interval,False,
pleia_energy,6,2,xgboost,60,kWh per 10 minutes,process_cpu_seconds,,smart_building_conformal/outputs/matched_forecasting005/pleia_energy_h6_f2_s42_v1|smart_building_conformal/outputs/matched_forecasting005/pleia_energy_h6_f2_s43_v1|smart_building_conformal/outputs/matched_forecasting005/pleia_energy_h6_f2_s44_v1,2209e00bc338132a6a2a2933be0893ff9f893cbddb45082541941604ab05632b|b93741f34b2850dc828bbe017dd62253e0e099a5101de4a74885b6a91db639c5|5d84a3cdb1f24e4bae241c0a4e3a47bf0400815a82460b134e1a6e358a87472e,14850,4951,9907,42|43|44,3,3,3.6197916666666665,0.07864410870073697,3.546875,3.703125,training-seed variability on same evaluation support; not a population confidence interval,False,
pleia_energy,6,2,xgboost,60,kWh per 10 minutes,inference_rows_per_second,,smart_building_conformal/outputs/matched_forecasting005/pleia_energy_h6_f2_s42_v1|smart_building_conformal/outputs/matched_forecasting005/pleia_energy_h6_f2_s43_v1|smart_building_conformal/outputs/matched_forecasting005/pleia_energy_h6_f2_s44_v1,2209e00bc338132a6a2a2933be0893ff9f893cbddb45082541941604ab05632b|b93741f34b2850dc828bbe017dd62253e0e099a5101de4a74885b6a91db639c5|5d84a3cdb1f24e4bae241c0a4e3a47bf0400815a82460b134e1a6e358a87472e,14850,4951,9907,42|43|44,3,3,105276.202313493,3715.4833833133434,101224.77171508776,108524.31253718068,training-seed variability on same evaluation support; not a population confidence interval,False,
rico,5,2,attention_lstm,5,degrees C,mae,,smart_building_conformal/outputs/matched_forecasting005/rico_h5_f2_s42_v2|smart_building_conformal/outputs/matched_forecasting005/rico_h5_f2_s43_v1|smart_building_conformal/outputs/matched_forecasting005/rico_h5_f2_s44_v1,fcd243df8728f29a5ddeaa179aaa67eaffcd023ef5f5e0019e33c99af69c918c|74eb284e91314998933d2de50059b1b6b26eb11ff0398586688a4f60985be4fd|6e0a75894df5a2ec4fa8ed9012956025089b82b4d04a42a051dc20244c9643c2,12932,4452,8692,42|43|44,3,3,2.5230920127462544,0.2715480697137004,2.2230605132449237,2.7520012263926943,training-seed variability on same evaluation support; not a population confidence interval,False,
rico,5,2,attention_lstm,5,degrees C,rmse,,smart_building_conformal/outputs/matched_forecasting005/rico_h5_f2_s42_v2|smart_building_conformal/outputs/matched_forecasting005/rico_h5_f2_s43_v1|smart_building_conformal/outputs/matched_forecasting005/rico_h5_f2_s44_v1,fcd243df8728f29a5ddeaa179aaa67eaffcd023ef5f5e0019e33c99af69c918c|74eb284e91314998933d2de50059b1b6b26eb11ff0398586688a4f60985be4fd|6e0a75894df5a2ec4fa8ed9012956025089b82b4d04a42a051dc20244c9643c2,12932,4452,8692,42|43|44,3,3,2.897234857032822,0.16884121338639327,2.702293397046354,2.997098435025381,training-seed variability on same evaluation support; not a population confidence interval,False,
rico,5,2,attention_lstm,5,degrees C,coverage90,0.9,smart_building_conformal/outputs/matched_forecasting005/rico_h5_f2_s42_v2|smart_building_conformal/outputs/matched_forecasting005/rico_h5_f2_s43_v1|smart_building_conformal/outputs/matched_forecasting005/rico_h5_f2_s44_v1,fcd243df8728f29a5ddeaa179aaa67eaffcd023ef5f5e0019e33c99af69c918c|74eb284e91314998933d2de50059b1b6b26eb11ff0398586688a4f60985be4fd|6e0a75894df5a2ec4fa8ed9012956025089b82b4d04a42a051dc20244c9643c2,12932,4452,8692,42|43|44,3,3,0.11838472158306489,0.06054548342389932,0.05050621260929591,0.16682006442705938,training-seed variability on same evaluation support; not a population confidence interval,False,
rico,5,2,attention_lstm,5,degrees C,signed_coverage_deviation90,0.9,smart_building_conformal/outputs/matched_forecasting005/rico_h5_f2_s42_v2|smart_building_conformal/outputs/matched_forecasting005/rico_h5_f2_s43_v1|smart_building_conformal/outputs/matched_forecasting005/rico_h5_f2_s44_v1,fcd243df8728f29a5ddeaa179aaa67eaffcd023ef5f5e0019e33c99af69c918c|74eb284e91314998933d2de50059b1b6b26eb11ff0398586688a4f60985be4fd|6e0a75894df5a2ec4fa8ed9012956025089b82b4d04a42a051dc20244c9643c2,12932,4452,8692,42|43|44,3,3,-0.7816152784169351,0.06054548342389931,-0.8494937873907041,-0.7331799355729407,training-seed variability on same evaluation support; not a population confidence interval,False,
rico,5,2,attention_lstm,5,degrees C,absolute_coverage_deviation90,0.9,smart_building_conformal/outputs/matched_forecasting005/rico_h5_f2_s42_v2|smart_building_conformal/outputs/matched_forecasting005/rico_h5_f2_s43_v1|smart_building_conformal/outputs/matched_forecasting005/rico_h5_f2_s44_v1,fcd243df8728f29a5ddeaa179aaa67eaffcd023ef5f5e0019e33c99af69c918c|74eb284e91314998933d2de50059b1b6b26eb11ff0398586688a4f60985be4fd|6e0a75894df5a2ec4fa8ed9012956025089b82b4d04a42a051dc20244c9643c2,12932,4452,8692,42|43|44,3,3,0.7816152784169351,0.06054548342389931,0.7331799355729407,0.8494937873907041,training-seed variability on same evaluation support; not a population confidence interval,False,
rico,5,2,attention_lstm,5,degrees C,mpiw90,0.9,smart_building_conformal/outputs/matched_forecasting005/rico_h5_f2_s42_v2|smart_building_conformal/outputs/matched_forecasting005/rico_h5_f2_s43_v1|smart_building_conformal/outputs/matched_forecasting005/rico_h5_f2_s44_v1,fcd243df8728f29a5ddeaa179aaa67eaffcd023ef5f5e0019e33c99af69c918c|74eb284e91314998933d2de50059b1b6b26eb11ff0398586688a4f60985be4fd|6e0a75894df5a2ec4fa8ed9012956025089b82b4d04a42a051dc20244c9643c2,12932,4452,8692,42|43|44,3,3,1.4730837504069025,0.12066337620549265,1.361872863769534,1.6013786315917997,training-seed variability on same evaluation support; not a population confidence interval,False,
rico,5,2,attention_lstm,5,degrees C,winkler90,0.9,smart_building_conformal/outputs/matched_forecasting005/rico_h5_f2_s42_v2|smart_building_conformal/outputs/matched_forecasting005/rico_h5_f2_s43_v1|smart_building_conformal/outputs/matched_forecasting005/rico_h5_f2_s44_v1,fcd243df8728f29a5ddeaa179aaa67eaffcd023ef5f5e0019e33c99af69c918c|74eb284e91314998933d2de50059b1b6b26eb11ff0398586688a4f60985be4fd|6e0a75894df5a2ec4fa8ed9012956025089b82b4d04a42a051dc20244c9643c2,12932,4452,8692,42|43|44,3,3,38.08393437935177,4.5571141026586375,33.32642641677539,42.40996272091049,training-seed variability on same evaluation support; not a population confidence interval,False,
rico,5,2,attention_lstm,5,degrees C,coverage95,0.95,smart_building_conformal/outputs/matched_forecasting005/rico_h5_f2_s42_v2|smart_building_conformal/outputs/matched_forecasting005/rico_h5_f2_s43_v1|smart_building_conformal/outputs/matched_forecasting005/rico_h5_f2_s44_v1,fcd243df8728f29a5ddeaa179aaa67eaffcd023ef5f5e0019e33c99af69c918c|74eb284e91314998933d2de50059b1b6b26eb11ff0398586688a4f60985be4fd|6e0a75894df5a2ec4fa8ed9012956025089b82b4d04a42a051dc20244c9643c2,12932,4452,8692,42|43|44,3,3,0.13583371682773435,0.0681237947039596,0.05878969167050161,0.18810400368154626,training-seed variability on same evaluation support; not a population confidence interval,False,
rico,5,2,attention_lstm,5,degrees C,signed_coverage_deviation95,0.95,smart_building_conformal/outputs/matched_forecasting005/rico_h5_f2_s42_v2|smart_building_conformal/outputs/matched_forecasting005/rico_h5_f2_s43_v1|smart_building_conformal/outputs/matched_forecasting005/rico_h5_f2_s44_v1,fcd243df8728f29a5ddeaa179aaa67eaffcd023ef5f5e0019e33c99af69c918c|74eb284e91314998933d2de50059b1b6b26eb11ff0398586688a4f60985be4fd|6e0a75894df5a2ec4fa8ed9012956025089b82b4d04a42a051dc20244c9643c2,12932,4452,8692,42|43|44,3,3,-0.8141662831722657,0.06812379470395959,-0.8912103083294983,-0.7618959963184537,training-seed variability on same evaluation support; not a population confidence interval,False,
rico,5,2,attention_lstm,5,degrees C,absolute_coverage_deviation95,0.95,smart_building_conformal/outputs/matched_forecasting005/rico_h5_f2_s42_v2|smart_building_conformal/outputs/matched_forecasting005/rico_h5_f2_s43_v1|smart_building_conformal/outputs/matched_forecasting005/rico_h5_f2_s44_v1,fcd243df8728f29a5ddeaa179aaa67eaffcd023ef5f5e0019e33c99af69c918c|74eb284e91314998933d2de50059b1b6b26eb11ff0398586688a4f60985be4fd|6e0a75894df5a2ec4fa8ed9012956025089b82b4d04a42a051dc20244c9643c2,12932,4452,8692,42|43|44,3,3,0.8141662831722657,0.06812379470395959,0.7618959963184537,0.8912103083294983,training-seed variability on same evaluation support; not a population confidence interval,False,
rico,5,2,attention_lstm,5,degrees C,mpiw95,0.95,smart_building_conformal/outputs/matched_forecasting005/rico_h5_f2_s42_v2|smart_building_conformal/outputs/matched_forecasting005/rico_h5_f2_s43_v1|smart_building_conformal/outputs/matched_forecasting005/rico_h5_f2_s44_v1,fcd243df8728f29a5ddeaa179aaa67eaffcd023ef5f5e0019e33c99af69c918c|74eb284e91314998933d2de50059b1b6b26eb11ff0398586688a4f60985be4fd|6e0a75894df5a2ec4fa8ed9012956025089b82b4d04a42a051dc20244c9643c2,12932,4452,8692,42|43|44,3,3,1.6808186848958329,0.2030455071854323,1.5061462402343722,1.903597259521483,training-seed variability on same evaluation support; not a population confidence interval,False,
rico,5,2,attention_lstm,5,degrees C,winkler95,0.95,smart_building_conformal/outputs/matched_forecasting005/rico_h5_f2_s42_v2|smart_building_conformal/outputs/matched_forecasting005/rico_h5_f2_s43_v1|smart_building_conformal/outputs/matched_forecasting005/rico_h5_f2_s44_v1,fcd243df8728f29a5ddeaa179aaa67eaffcd023ef5f5e0019e33c99af69c918c|74eb284e91314998933d2de50059b1b6b26eb11ff0398586688a4f60985be4fd|6e0a75894df5a2ec4fa8ed9012956025089b82b4d04a42a051dc20244c9643c2,12932,4452,8692,42|43|44,3,3,71.28314160813503,8.58862094778007,63.06255947732726,80.19769451669751,training-seed variability on same evaluation support; not a population confidence interval,False,
rico,5,2,attention_lstm,5,degrees C,tuning_seconds,,smart_building_conformal/outputs/matched_forecasting005/rico_h5_f2_s42_v2|smart_building_conformal/outputs/matched_forecasting005/rico_h5_f2_s43_v1|smart_building_conformal/outputs/matched_forecasting005/rico_h5_f2_s44_v1,fcd243df8728f29a5ddeaa179aaa67eaffcd023ef5f5e0019e33c99af69c918c|74eb284e91314998933d2de50059b1b6b26eb11ff0398586688a4f60985be4fd|6e0a75894df5a2ec4fa8ed9012956025089b82b4d04a42a051dc20244c9643c2,12932,4452,8692,42|43|44,3,3,87.8437413666664,26.028357367049857,62.33006059999752,114.35792370000127,training-seed variability on same evaluation support; not a population confidence interval,False,
rico,5,2,attention_lstm,5,degrees C,final_fit_seconds,,smart_building_conformal/outputs/matched_forecasting005/rico_h5_f2_s42_v2|smart_building_conformal/outputs/matched_forecasting005/rico_h5_f2_s43_v1|smart_building_conformal/outputs/matched_forecasting005/rico_h5_f2_s44_v1,fcd243df8728f29a5ddeaa179aaa67eaffcd023ef5f5e0019e33c99af69c918c|74eb284e91314998933d2de50059b1b6b26eb11ff0398586688a4f60985be4fd|6e0a75894df5a2ec4fa8ed9012956025089b82b4d04a42a051dc20244c9643c2,12932,4452,8692,42|43|44,3,3,28.72356923334155,17.39359150840941,9.229634700008319,42.65705210000306,training-seed variability on same evaluation support; not a population confidence interval,False,
rico,5,2,attention_lstm,5,degrees C,calibration_seconds,,smart_building_conformal/outputs/matched_forecasting005/rico_h5_f2_s42_v2|smart_building_conformal/outputs/matched_forecasting005/rico_h5_f2_s43_v1|smart_building_conformal/outputs/matched_forecasting005/rico_h5_f2_s44_v1,fcd243df8728f29a5ddeaa179aaa67eaffcd023ef5f5e0019e33c99af69c918c|74eb284e91314998933d2de50059b1b6b26eb11ff0398586688a4f60985be4fd|6e0a75894df5a2ec4fa8ed9012956025089b82b4d04a42a051dc20244c9643c2,12932,4452,8692,42|43|44,3,3,0.2032361333282703,0.024095961479078668,0.18640159998903982,0.23083839999890188,training-seed variability on same evaluation support; not a population confidence interval,False,
rico,5,2,attention_lstm,5,degrees C,inference_seconds,,smart_building_conformal/outputs/matched_forecasting005/rico_h5_f2_s42_v2|smart_building_conformal/outputs/matched_forecasting005/rico_h5_f2_s43_v1|smart_building_conformal/outputs/matched_forecasting005/rico_h5_f2_s44_v1,fcd243df8728f29a5ddeaa179aaa67eaffcd023ef5f5e0019e33c99af69c918c|74eb284e91314998933d2de50059b1b6b26eb11ff0398586688a4f60985be4fd|6e0a75894df5a2ec4fa8ed9012956025089b82b4d04a42a051dc20244c9643c2,12932,4452,8692,42|43|44,3,3,0.40783043333067326,0.06765380295233524,0.36251659999834374,0.4855965999959153,training-seed variability on same evaluation support; not a population confidence interval,False,
rico,5,2,attention_lstm,5,degrees C,model_phase_seconds,,smart_building_conformal/outputs/matched_forecasting005/rico_h5_f2_s42_v2|smart_building_conformal/outputs/matched_forecasting005/rico_h5_f2_s43_v1|smart_building_conformal/outputs/matched_forecasting005/rico_h5_f2_s44_v1,fcd243df8728f29a5ddeaa179aaa67eaffcd023ef5f5e0019e33c99af69c918c|74eb284e91314998933d2de50059b1b6b26eb11ff0398586688a4f60985be4fd|6e0a75894df5a2ec4fa8ed9012956025089b82b4d04a42a051dc20244c9643c2,12932,4452,8692,42|43|44,3,3,117.1783771666669,42.989725423815415,72.10861349999323,157.73141079999914,training-seed variability on same evaluation support; not a population confidence interval,False,
rico,5,2,attention_lstm,5,degrees C,process_cpu_seconds,,smart_building_conformal/outputs/matched_forecasting005/rico_h5_f2_s42_v2|smart_building_conformal/outputs/matched_forecasting005/rico_h5_f2_s43_v1|smart_building_conformal/outputs/matched_forecasting005/rico_h5_f2_s44_v1,fcd243df8728f29a5ddeaa179aaa67eaffcd023ef5f5e0019e33c99af69c918c|74eb284e91314998933d2de50059b1b6b26eb11ff0398586688a4f60985be4fd|6e0a75894df5a2ec4fa8ed9012956025089b82b4d04a42a051dc20244c9643c2,12932,4452,8692,42|43|44,3,3,113.671875,41.590841488278706,69.4375,151.984375,training-seed variability on same evaluation support; not a population confidence interval,False,
rico,5,2,attention_lstm,5,degrees C,inference_rows_per_second,,smart_building_conformal/outputs/matched_forecasting005/rico_h5_f2_s42_v2|smart_building_conformal/outputs/matched_forecasting005/rico_h5_f2_s43_v1|smart_building_conformal/outputs/matched_forecasting005/rico_h5_f2_s44_v1,fcd243df8728f29a5ddeaa179aaa67eaffcd023ef5f5e0019e33c99af69c918c|74eb284e91314998933d2de50059b1b6b26eb11ff0398586688a4f60985be4fd|6e0a75894df5a2ec4fa8ed9012956025089b82b4d04a42a051dc20244c9643c2,12932,4452,8692,42|43|44,3,3,21677.26136122635,3297.2092423997583,17899.631093119504,23976.833060995585,training-seed variability on same evaluation support; not a population confidence interval,False,
rico,5,2,persistence,5,degrees C,mae,,smart_building_conformal/outputs/matched_forecasting005/rico_h5_f2_s42_v2|smart_building_conformal/outputs/matched_forecasting005/rico_h5_f2_s43_v1|smart_building_conformal/outputs/matched_forecasting005/rico_h5_f2_s44_v1,fcd243df8728f29a5ddeaa179aaa67eaffcd023ef5f5e0019e33c99af69c918c|74eb284e91314998933d2de50059b1b6b26eb11ff0398586688a4f60985be4fd|6e0a75894df5a2ec4fa8ed9012956025089b82b4d04a42a051dc20244c9643c2,12932,4452,8692,42|43|44,3,3,0.07447077772664519,0.0,0.07447077772664519,0.07447077772664519,training-seed variability on same evaluation support; not a population confidence interval,True,1.0
rico,5,2,persistence,5,degrees C,rmse,,smart_building_conformal/outputs/matched_forecasting005/rico_h5_f2_s42_v2|smart_building_conformal/outputs/matched_forecasting005/rico_h5_f2_s43_v1|smart_building_conformal/outputs/matched_forecasting005/rico_h5_f2_s44_v1,fcd243df8728f29a5ddeaa179aaa67eaffcd023ef5f5e0019e33c99af69c918c|74eb284e91314998933d2de50059b1b6b26eb11ff0398586688a4f60985be4fd|6e0a75894df5a2ec4fa8ed9012956025089b82b4d04a42a051dc20244c9643c2,12932,4452,8692,42|43|44,3,3,0.12451008457023498,0.0,0.12451008457023498,0.12451008457023498,training-seed variability on same evaluation support; not a population confidence interval,True,1.0
rico,5,2,persistence,5,degrees C,coverage90,0.9,smart_building_conformal/outputs/matched_forecasting005/rico_h5_f2_s42_v2|smart_building_conformal/outputs/matched_forecasting005/rico_h5_f2_s43_v1|smart_building_conformal/outputs/matched_forecasting005/rico_h5_f2_s44_v1,fcd243df8728f29a5ddeaa179aaa67eaffcd023ef5f5e0019e33c99af69c918c|74eb284e91314998933d2de50059b1b6b26eb11ff0398586688a4f60985be4fd|6e0a75894df5a2ec4fa8ed9012956025089b82b4d04a42a051dc20244c9643c2,12932,4452,8692,42|43|44,3,3,0.9282098481362172,0.0,0.9282098481362172,0.9282098481362172,training-seed variability on same evaluation support; not a population confidence interval,True,1.0
rico,5,2,persistence,5,degrees C,signed_coverage_deviation90,0.9,smart_building_conformal/outputs/matched_forecasting005/rico_h5_f2_s42_v2|smart_building_conformal/outputs/matched_forecasting005/rico_h5_f2_s43_v1|smart_building_conformal/outputs/matched_forecasting005/rico_h5_f2_s44_v1,fcd243df8728f29a5ddeaa179aaa67eaffcd023ef5f5e0019e33c99af69c918c|74eb284e91314998933d2de50059b1b6b26eb11ff0398586688a4f60985be4fd|6e0a75894df5a2ec4fa8ed9012956025089b82b4d04a42a051dc20244c9643c2,12932,4452,8692,42|43|44,3,3,0.028209848136217186,0.0,0.028209848136217186,0.028209848136217186,training-seed variability on same evaluation support; not a population confidence interval,True,1.0
rico,5,2,persistence,5,degrees C,absolute_coverage_deviation90,0.9,smart_building_conformal/outputs/matched_forecasting005/rico_h5_f2_s42_v2|smart_building_conformal/outputs/matched_forecasting005/rico_h5_f2_s43_v1|smart_building_conformal/outputs/matched_forecasting005/rico_h5_f2_s44_v1,fcd243df8728f29a5ddeaa179aaa67eaffcd023ef5f5e0019e33c99af69c918c|74eb284e91314998933d2de50059b1b6b26eb11ff0398586688a4f60985be4fd|6e0a75894df5a2ec4fa8ed9012956025089b82b4d04a42a051dc20244c9643c2,12932,4452,8692,42|43|44,3,3,0.028209848136217186,0.0,0.028209848136217186,0.028209848136217186,training-seed variability on same evaluation support; not a population confidence interval,True,1.0
rico,5,2,persistence,5,degrees C,mpiw90,0.9,smart_building_conformal/outputs/matched_forecasting005/rico_h5_f2_s42_v2|smart_building_conformal/outputs/matched_forecasting005/rico_h5_f2_s43_v1|smart_building_conformal/outputs/matched_forecasting005/rico_h5_f2_s44_v1,fcd243df8728f29a5ddeaa179aaa67eaffcd023ef5f5e0019e33c99af69c918c|74eb284e91314998933d2de50059b1b6b26eb11ff0398586688a4f60985be4fd|6e0a75894df5a2ec4fa8ed9012956025089b82b4d04a42a051dc20244c9643c2,12932,4452,8692,42|43|44,3,3,0.3999999999999986,0.0,0.3999999999999986,0.3999999999999986,training-seed variability on same evaluation support; not a population confidence interval,True,1.0
rico,5,2,persistence,5,degrees C,winkler90,0.9,smart_building_conformal/outputs/matched_forecasting005/rico_h5_f2_s42_v2|smart_building_conformal/outputs/matched_forecasting005/rico_h5_f2_s43_v1|smart_building_conformal/outputs/matched_forecasting005/rico_h5_f2_s44_v1,fcd243df8728f29a5ddeaa179aaa67eaffcd023ef5f5e0019e33c99af69c918c|74eb284e91314998933d2de50059b1b6b26eb11ff0398586688a4f60985be4fd|6e0a75894df5a2ec4fa8ed9012956025089b82b4d04a42a051dc20244c9643c2,12932,4452,8692,42|43|44,3,3,0.6013345605154169,0.0,0.6013345605154169,0.6013345605154169,training-seed variability on same evaluation support; not a population confidence interval,True,1.0
rico,5,2,persistence,5,degrees C,coverage95,0.95,smart_building_conformal/outputs/matched_forecasting005/rico_h5_f2_s42_v2|smart_building_conformal/outputs/matched_forecasting005/rico_h5_f2_s43_v1|smart_building_conformal/outputs/matched_forecasting005/rico_h5_f2_s44_v1,fcd243df8728f29a5ddeaa179aaa67eaffcd023ef5f5e0019e33c99af69c918c|74eb284e91314998933d2de50059b1b6b26eb11ff0398586688a4f60985be4fd|6e0a75894df5a2ec4fa8ed9012956025089b82b4d04a42a051dc20244c9643c2,12932,4452,8692,42|43|44,3,3,0.9723884031293143,0.0,0.9723884031293143,0.9723884031293143,training-seed variability on same evaluation support; not a population confidence interval,True,1.0
rico,5,2,persistence,5,degrees C,signed_coverage_deviation95,0.95,smart_building_conformal/outputs/matched_forecasting005/rico_h5_f2_s42_v2|smart_building_conformal/outputs/matched_forecasting005/rico_h5_f2_s43_v1|smart_building_conformal/outputs/matched_forecasting005/rico_h5_f2_s44_v1,fcd243df8728f29a5ddeaa179aaa67eaffcd023ef5f5e0019e33c99af69c918c|74eb284e91314998933d2de50059b1b6b26eb11ff0398586688a4f60985be4fd|6e0a75894df5a2ec4fa8ed9012956025089b82b4d04a42a051dc20244c9643c2,12932,4452,8692,42|43|44,3,3,0.022388403129314338,0.0,0.022388403129314338,0.022388403129314338,training-seed variability on same evaluation support; not a population confidence interval,True,1.0
rico,5,2,persistence,5,degrees C,absolute_coverage_deviation95,0.95,smart_building_conformal/outputs/matched_forecasting005/rico_h5_f2_s42_v2|smart_building_conformal/outputs/matched_forecasting005/rico_h5_f2_s43_v1|smart_building_conformal/outputs/matched_forecasting005/rico_h5_f2_s44_v1,fcd243df8728f29a5ddeaa179aaa67eaffcd023ef5f5e0019e33c99af69c918c|74eb284e91314998933d2de50059b1b6b26eb11ff0398586688a4f60985be4fd|6e0a75894df5a2ec4fa8ed9012956025089b82b4d04a42a051dc20244c9643c2,12932,4452,8692,42|43|44,3,3,0.022388403129314338,0.0,0.022388403129314338,0.022388403129314338,training-seed variability on same evaluation support; not a population confidence interval,True,1.0
rico,5,2,persistence,5,degrees C,mpiw95,0.95,smart_building_conformal/outputs/matched_forecasting005/rico_h5_f2_s42_v2|smart_building_conformal/outputs/matched_forecasting005/rico_h5_f2_s43_v1|smart_building_conformal/outputs/matched_forecasting005/rico_h5_f2_s44_v1,fcd243df8728f29a5ddeaa179aaa67eaffcd023ef5f5e0019e33c99af69c918c|74eb284e91314998933d2de50059b1b6b26eb11ff0398586688a4f60985be4fd|6e0a75894df5a2ec4fa8ed9012956025089b82b4d04a42a051dc20244c9643c2,12932,4452,8692,42|43|44,3,3,0.6000000000000014,0.0,0.6000000000000014,0.6000000000000014,training-seed variability on same evaluation support; not a population confidence interval,True,1.0
rico,5,2,persistence,5,degrees C,winkler95,0.95,smart_building_conformal/outputs/matched_forecasting005/rico_h5_f2_s42_v2|smart_building_conformal/outputs/matched_forecasting005/rico_h5_f2_s43_v1|smart_building_conformal/outputs/matched_forecasting005/rico_h5_f2_s44_v1,fcd243df8728f29a5ddeaa179aaa67eaffcd023ef5f5e0019e33c99af69c918c|74eb284e91314998933d2de50059b1b6b26eb11ff0398586688a4f60985be4fd|6e0a75894df5a2ec4fa8ed9012956025089b82b4d04a42a051dc20244c9643c2,12932,4452,8692,42|43|44,3,3,0.7808559595029919,1.3597399555105182e-16,0.7808559595029918,0.7808559595029918,training-seed variability on same evaluation support; not a population confidence interval,True,1.0
rico,5,2,persistence,5,degrees C,tuning_seconds,,smart_building_conformal/outputs/matched_forecasting005/rico_h5_f2_s42_v2|smart_building_conformal/outputs/matched_forecasting005/rico_h5_f2_s43_v1|smart_building_conformal/outputs/matched_forecasting005/rico_h5_f2_s44_v1,fcd243df8728f29a5ddeaa179aaa67eaffcd023ef5f5e0019e33c99af69c918c|74eb284e91314998933d2de50059b1b6b26eb11ff0398586688a4f60985be4fd|6e0a75894df5a2ec4fa8ed9012956025089b82b4d04a42a051dc20244c9643c2,12932,4452,8692,42|43|44,3,3,0.0,0.0,0.0,0.0,training-seed variability on same evaluation support; not a population confidence interval,True,1.0
rico,5,2,persistence,5,degrees C,final_fit_seconds,,smart_building_conformal/outputs/matched_forecasting005/rico_h5_f2_s42_v2|smart_building_conformal/outputs/matched_forecasting005/rico_h5_f2_s43_v1|smart_building_conformal/outputs/matched_forecasting005/rico_h5_f2_s44_v1,fcd243df8728f29a5ddeaa179aaa67eaffcd023ef5f5e0019e33c99af69c918c|74eb284e91314998933d2de50059b1b6b26eb11ff0398586688a4f60985be4fd|6e0a75894df5a2ec4fa8ed9012956025089b82b4d04a42a051dc20244c9643c2,12932,4452,8692,42|43|44,3,3,0.00043699999757033464,8.597260689021248e-05,0.0003485000052023679,0.0005201999956625514,training-seed variability on same evaluation support; not a population confidence interval,True,1.0
rico,5,2,persistence,5,degrees C,calibration_seconds,,smart_building_conformal/outputs/matched_forecasting005/rico_h5_f2_s42_v2|smart_building_conformal/outputs/matched_forecasting005/rico_h5_f2_s43_v1|smart_building_conformal/outputs/matched_forecasting005/rico_h5_f2_s44_v1,fcd243df8728f29a5ddeaa179aaa67eaffcd023ef5f5e0019e33c99af69c918c|74eb284e91314998933d2de50059b1b6b26eb11ff0398586688a4f60985be4fd|6e0a75894df5a2ec4fa8ed9012956025089b82b4d04a42a051dc20244c9643c2,12932,4452,8692,42|43|44,3,3,0.003375099998568961,0.0005925626675979073,0.002747199992882088,0.003924500000721309,training-seed variability on same evaluation support; not a population confidence interval,True,1.0
rico,5,2,persistence,5,degrees C,inference_seconds,,smart_building_conformal/outputs/matched_forecasting005/rico_h5_f2_s42_v2|smart_building_conformal/outputs/matched_forecasting005/rico_h5_f2_s43_v1|smart_building_conformal/outputs/matched_forecasting005/rico_h5_f2_s44_v1,fcd243df8728f29a5ddeaa179aaa67eaffcd023ef5f5e0019e33c99af69c918c|74eb284e91314998933d2de50059b1b6b26eb11ff0398586688a4f60985be4fd|6e0a75894df5a2ec4fa8ed9012956025089b82b4d04a42a051dc20244c9643c2,12932,4452,8692,42|43|44,3,3,0.004228200006764382,0.00033662252298908906,0.003927400000975467,0.004591800010530278,training-seed variability on same evaluation support; not a population confidence interval,True,1.0
rico,5,2,persistence,5,degrees C,model_phase_seconds,,smart_building_conformal/outputs/matched_forecasting005/rico_h5_f2_s42_v2|smart_building_conformal/outputs/matched_forecasting005/rico_h5_f2_s43_v1|smart_building_conformal/outputs/matched_forecasting005/rico_h5_f2_s44_v1,fcd243df8728f29a5ddeaa179aaa67eaffcd023ef5f5e0019e33c99af69c918c|74eb284e91314998933d2de50059b1b6b26eb11ff0398586688a4f60985be4fd|6e0a75894df5a2ec4fa8ed9012956025089b82b4d04a42a051dc20244c9643c2,12932,4452,8692,42|43|44,3,3,0.008040300002903678,0.0006772778719060281,0.007261100006871857,0.008487700004479848,training-seed variability on same evaluation support; not a population confidence interval,True,1.0
rico,5,2,persistence,5,degrees C,process_cpu_seconds,,smart_building_conformal/outputs/matched_forecasting005/rico_h5_f2_s42_v2|smart_building_conformal/outputs/matched_forecasting005/rico_h5_f2_s43_v1|smart_building_conformal/outputs/matched_forecasting005/rico_h5_f2_s44_v1,fcd243df8728f29a5ddeaa179aaa67eaffcd023ef5f5e0019e33c99af69c918c|74eb284e91314998933d2de50059b1b6b26eb11ff0398586688a4f60985be4fd|6e0a75894df5a2ec4fa8ed9012956025089b82b4d04a42a051dc20244c9643c2,12932,4452,8692,42|43|44,3,3,0.015625,0.0,0.015625,0.015625,training-seed variability on same evaluation support; not a population confidence interval,True,1.0
rico,5,2,persistence,5,degrees C,inference_rows_per_second,,smart_building_conformal/outputs/matched_forecasting005/rico_h5_f2_s42_v2|smart_building_conformal/outputs/matched_forecasting005/rico_h5_f2_s43_v1|smart_building_conformal/outputs/matched_forecasting005/rico_h5_f2_s44_v1,fcd243df8728f29a5ddeaa179aaa67eaffcd023ef5f5e0019e33c99af69c918c|74eb284e91314998933d2de50059b1b6b26eb11ff0398586688a4f60985be4fd|6e0a75894df5a2ec4fa8ed9012956025089b82b4d04a42a051dc20244c9643c2,12932,4452,8692,42|43|44,3,3,2064274.3191682545,161289.76714454332,1892939.5836201098,2213169.017121028,training-seed variability on same evaluation support; not a population confidence interval,True,1.0
rico,5,2,xgboost,5,degrees C,mae,,smart_building_conformal/outputs/matched_forecasting005/rico_h5_f2_s42_v2|smart_building_conformal/outputs/matched_forecasting005/rico_h5_f2_s43_v1|smart_building_conformal/outputs/matched_forecasting005/rico_h5_f2_s44_v1,fcd243df8728f29a5ddeaa179aaa67eaffcd023ef5f5e0019e33c99af69c918c|74eb284e91314998933d2de50059b1b6b26eb11ff0398586688a4f60985be4fd|6e0a75894df5a2ec4fa8ed9012956025089b82b4d04a42a051dc20244c9643c2,12932,4452,8692,42|43|44,3,3,0.2735842640258396,0.026059561840586176,0.24349519415380105,0.2889231949537183,training-seed variability on same evaluation support; not a population confidence interval,False,
rico,5,2,xgboost,5,degrees C,rmse,,smart_building_conformal/outputs/matched_forecasting005/rico_h5_f2_s42_v2|smart_building_conformal/outputs/matched_forecasting005/rico_h5_f2_s43_v1|smart_building_conformal/outputs/matched_forecasting005/rico_h5_f2_s44_v1,fcd243df8728f29a5ddeaa179aaa67eaffcd023ef5f5e0019e33c99af69c918c|74eb284e91314998933d2de50059b1b6b26eb11ff0398586688a4f60985be4fd|6e0a75894df5a2ec4fa8ed9012956025089b82b4d04a42a051dc20244c9643c2,12932,4452,8692,42|43|44,3,3,0.4372292918823488,0.02350382028268577,0.41148572415493,0.4575429241977966,training-seed variability on same evaluation support; not a population confidence interval,False,
rico,5,2,xgboost,5,degrees C,coverage90,0.9,smart_building_conformal/outputs/matched_forecasting005/rico_h5_f2_s42_v2|smart_building_conformal/outputs/matched_forecasting005/rico_h5_f2_s43_v1|smart_building_conformal/outputs/matched_forecasting005/rico_h5_f2_s44_v1,fcd243df8728f29a5ddeaa179aaa67eaffcd023ef5f5e0019e33c99af69c918c|74eb284e91314998933d2de50059b1b6b26eb11ff0398586688a4f60985be4fd|6e0a75894df5a2ec4fa8ed9012956025089b82b4d04a42a051dc20244c9643c2,12932,4452,8692,42|43|44,3,3,0.49777573247430595,0.06289264915912715,0.446617579383341,0.5679935572940635,training-seed variability on same evaluation support; not a population confidence interval,False,
rico,5,2,xgboost,5,degrees C,signed_coverage_deviation90,0.9,smart_building_conformal/outputs/matched_forecasting005/rico_h5_f2_s42_v2|smart_building_conformal/outputs/matched_forecasting005/rico_h5_f2_s43_v1|smart_building_conformal/outputs/matched_forecasting005/rico_h5_f2_s44_v1,fcd243df8728f29a5ddeaa179aaa67eaffcd023ef5f5e0019e33c99af69c918c|74eb284e91314998933d2de50059b1b6b26eb11ff0398586688a4f60985be4fd|6e0a75894df5a2ec4fa8ed9012956025089b82b4d04a42a051dc20244c9643c2,12932,4452,8692,42|43|44,3,3,-0.4022242675256941,0.06289264915912715,-0.453382420616659,-0.3320064427059365,training-seed variability on same evaluation support; not a population confidence interval,False,
rico,5,2,xgboost,5,degrees C,absolute_coverage_deviation90,0.9,smart_building_conformal/outputs/matched_forecasting005/rico_h5_f2_s42_v2|smart_building_conformal/outputs/matched_forecasting005/rico_h5_f2_s43_v1|smart_building_conformal/outputs/matched_forecasting005/rico_h5_f2_s44_v1,fcd243df8728f29a5ddeaa179aaa67eaffcd023ef5f5e0019e33c99af69c918c|74eb284e91314998933d2de50059b1b6b26eb11ff0398586688a4f60985be4fd|6e0a75894df5a2ec4fa8ed9012956025089b82b4d04a42a051dc20244c9643c2,12932,4452,8692,42|43|44,3,3,0.4022242675256941,0.06289264915912715,0.3320064427059365,0.453382420616659,training-seed variability on same evaluation support; not a population confidence interval,False,
rico,5,2,xgboost,5,degrees C,mpiw90,0.9,smart_building_conformal/outputs/matched_forecasting005/rico_h5_f2_s42_v2|smart_building_conformal/outputs/matched_forecasting005/rico_h5_f2_s43_v1|smart_building_conformal/outputs/matched_forecasting005/rico_h5_f2_s44_v1,fcd243df8728f29a5ddeaa179aaa67eaffcd023ef5f5e0019e33c99af69c918c|74eb284e91314998933d2de50059b1b6b26eb11ff0398586688a4f60985be4fd|6e0a75894df5a2ec4fa8ed9012956025089b82b4d04a42a051dc20244c9643c2,12932,4452,8692,42|43|44,3,3,0.33950653076171733,0.002643541387992603,0.3372200012207003,0.3424011230468764,training-seed variability on same evaluation support; not a population confidence interval,False,
rico,5,2,xgboost,5,degrees C,winkler90,0.9,smart_building_conformal/outputs/matched_forecasting005/rico_h5_f2_s42_v2|smart_building_conformal/outputs/matched_forecasting005/rico_h5_f2_s43_v1|smart_building_conformal/outputs/matched_forecasting005/rico_h5_f2_s44_v1,fcd243df8728f29a5ddeaa179aaa67eaffcd023ef5f5e0019e33c99af69c918c|74eb284e91314998933d2de50059b1b6b26eb11ff0398586688a4f60985be4fd|6e0a75894df5a2ec4fa8ed9012956025089b82b4d04a42a051dc20244c9643c2,12932,4452,8692,42|43|44,3,3,3.346503599868784,0.4159736750517442,2.866583804759457,3.60354685285265,training-seed variability on same evaluation support; not a population confidence interval,False,
rico,5,2,xgboost,5,degrees C,coverage95,0.95,smart_building_conformal/outputs/matched_forecasting005/rico_h5_f2_s42_v2|smart_building_conformal/outputs/matched_forecasting005/rico_h5_f2_s43_v1|smart_building_conformal/outputs/matched_forecasting005/rico_h5_f2_s44_v1,fcd243df8728f29a5ddeaa179aaa67eaffcd023ef5f5e0019e33c99af69c918c|74eb284e91314998933d2de50059b1b6b26eb11ff0398586688a4f60985be4fd|6e0a75894df5a2ec4fa8ed9012956025089b82b4d04a42a051dc20244c9643c2,12932,4452,8692,42|43|44,3,3,0.6705399601165823,0.06630560524392626,0.6022779567418316,0.7346985734008283,training-seed variability on same evaluation support; not a population confidence interval,False,
rico,5,2,xgboost,5,degrees C,signed_coverage_deviation95,0.95,smart_building_conformal/outputs/matched_forecasting005/rico_h5_f2_s42_v2|smart_building_conformal/outputs/matched_forecasting005/rico_h5_f2_s43_v1|smart_building_conformal/outputs/matched_forecasting005/rico_h5_f2_s44_v1,fcd243df8728f29a5ddeaa179aaa67eaffcd023ef5f5e0019e33c99af69c918c|74eb284e91314998933d2de50059b1b6b26eb11ff0398586688a4f60985be4fd|6e0a75894df5a2ec4fa8ed9012956025089b82b4d04a42a051dc20244c9643c2,12932,4452,8692,42|43|44,3,3,-0.27946003988341767,0.06630560524392626,-0.34772204325816836,-0.21530142659917162,training-seed variability on same evaluation support; not a population confidence interval,False,
rico,5,2,xgboost,5,degrees C,absolute_coverage_deviation95,0.95,smart_building_conformal/outputs/matched_forecasting005/rico_h5_f2_s42_v2|smart_building_conformal/outputs/matched_forecasting005/rico_h5_f2_s43_v1|smart_building_conformal/outputs/matched_forecasting005/rico_h5_f2_s44_v1,fcd243df8728f29a5ddeaa179aaa67eaffcd023ef5f5e0019e33c99af69c918c|74eb284e91314998933d2de50059b1b6b26eb11ff0398586688a4f60985be4fd|6e0a75894df5a2ec4fa8ed9012956025089b82b4d04a42a051dc20244c9643c2,12932,4452,8692,42|43|44,3,3,0.27946003988341767,0.06630560524392626,0.21530142659917162,0.34772204325816836,training-seed variability on same evaluation support; not a population confidence interval,False,
rico,5,2,xgboost,5,degrees C,mpiw95,0.95,smart_building_conformal/outputs/matched_forecasting005/rico_h5_f2_s42_v2|smart_building_conformal/outputs/matched_forecasting005/rico_h5_f2_s43_v1|smart_building_conformal/outputs/matched_forecasting005/rico_h5_f2_s44_v1,fcd243df8728f29a5ddeaa179aaa67eaffcd023ef5f5e0019e33c99af69c918c|74eb284e91314998933d2de50059b1b6b26eb11ff0398586688a4f60985be4fd|6e0a75894df5a2ec4fa8ed9012956025089b82b4d04a42a051dc20244c9643c2,12932,4452,8692,42|43|44,3,3,0.554193878173829,0.030068773135249693,0.5208442687988253,0.5792343139648466,training-seed variability on same evaluation support; not a population confidence interval,False,
rico,5,2,xgboost,5,degrees C,winkler95,0.95,smart_building_conformal/outputs/matched_forecasting005/rico_h5_f2_s42_v2|smart_building_conformal/outputs/matched_forecasting005/rico_h5_f2_s43_v1|smart_building_conformal/outputs/matched_forecasting005/rico_h5_f2_s44_v1,fcd243df8728f29a5ddeaa179aaa67eaffcd023ef5f5e0019e33c99af69c918c|74eb284e91314998933d2de50059b1b6b26eb11ff0398586688a4f60985be4fd|6e0a75894df5a2ec4fa8ed9012956025089b82b4d04a42a051dc20244c9643c2,12932,4452,8692,42|43|44,3,3,4.824964488146946,0.6287240620640049,4.1114770709343516,5.297879300422526,training-seed variability on same evaluation support; not a population confidence interval,False,
rico,5,2,xgboost,5,degrees C,tuning_seconds,,smart_building_conformal/outputs/matched_forecasting005/rico_h5_f2_s42_v2|smart_building_conformal/outputs/matched_forecasting005/rico_h5_f2_s43_v1|smart_building_conformal/outputs/matched_forecasting005/rico_h5_f2_s44_v1,fcd243df8728f29a5ddeaa179aaa67eaffcd023ef5f5e0019e33c99af69c918c|74eb284e91314998933d2de50059b1b6b26eb11ff0398586688a4f60985be4fd|6e0a75894df5a2ec4fa8ed9012956025089b82b4d04a42a051dc20244c9643c2,12932,4452,8692,42|43|44,3,3,3.597039233330482,0.23910276843594142,3.344610799991642,3.8201040999992983,training-seed variability on same evaluation support; not a population confidence interval,False,
rico,5,2,xgboost,5,degrees C,final_fit_seconds,,smart_building_conformal/outputs/matched_forecasting005/rico_h5_f2_s42_v2|smart_building_conformal/outputs/matched_forecasting005/rico_h5_f2_s43_v1|smart_building_conformal/outputs/matched_forecasting005/rico_h5_f2_s44_v1,fcd243df8728f29a5ddeaa179aaa67eaffcd023ef5f5e0019e33c99af69c918c|74eb284e91314998933d2de50059b1b6b26eb11ff0398586688a4f60985be4fd|6e0a75894df5a2ec4fa8ed9012956025089b82b4d04a42a051dc20244c9643c2,12932,4452,8692,42|43|44,3,3,1.3974642333341762,0.19582037867849805,1.2744161000009626,1.6232746000023326,training-seed variability on same evaluation support; not a population confidence interval,False,
rico,5,2,xgboost,5,degrees C,calibration_seconds,,smart_building_conformal/outputs/matched_forecasting005/rico_h5_f2_s42_v2|smart_building_conformal/outputs/matched_forecasting005/rico_h5_f2_s43_v1|smart_building_conformal/outputs/matched_forecasting005/rico_h5_f2_s44_v1,fcd243df8728f29a5ddeaa179aaa67eaffcd023ef5f5e0019e33c99af69c918c|74eb284e91314998933d2de50059b1b6b26eb11ff0398586688a4f60985be4fd|6e0a75894df5a2ec4fa8ed9012956025089b82b4d04a42a051dc20244c9643c2,12932,4452,8692,42|43|44,3,3,0.09434746666859913,0.01983696225765945,0.0786733999993885,0.1166499000028125,training-seed variability on same evaluation support; not a population confidence interval,False,
rico,5,2,xgboost,5,degrees C,inference_seconds,,smart_building_conformal/outputs/matched_forecasting005/rico_h5_f2_s42_v2|smart_building_conformal/outputs/matched_forecasting005/rico_h5_f2_s43_v1|smart_building_conformal/outputs/matched_forecasting005/rico_h5_f2_s44_v1,fcd243df8728f29a5ddeaa179aaa67eaffcd023ef5f5e0019e33c99af69c918c|74eb284e91314998933d2de50059b1b6b26eb11ff0398586688a4f60985be4fd|6e0a75894df5a2ec4fa8ed9012956025089b82b4d04a42a051dc20244c9643c2,12932,4452,8692,42|43|44,3,3,0.1673256000043087,0.028684271319810786,0.14803580001171213,0.20028820000152336,training-seed variability on same evaluation support; not a population confidence interval,False,
rico,5,2,xgboost,5,degrees C,model_phase_seconds,,smart_building_conformal/outputs/matched_forecasting005/rico_h5_f2_s42_v2|smart_building_conformal/outputs/matched_forecasting005/rico_h5_f2_s43_v1|smart_building_conformal/outputs/matched_forecasting005/rico_h5_f2_s44_v1,fcd243df8728f29a5ddeaa179aaa67eaffcd023ef5f5e0019e33c99af69c918c|74eb284e91314998933d2de50059b1b6b26eb11ff0398586688a4f60985be4fd|6e0a75894df5a2ec4fa8ed9012956025089b82b4d04a42a051dc20244c9643c2,12932,4452,8692,42|43|44,3,3,5.256176533337566,0.45964108895666933,4.860398799995892,5.760316800005967,training-seed variability on same evaluation support; not a population confidence interval,False,
rico,5,2,xgboost,5,degrees C,process_cpu_seconds,,smart_building_conformal/outputs/matched_forecasting005/rico_h5_f2_s42_v2|smart_building_conformal/outputs/matched_forecasting005/rico_h5_f2_s43_v1|smart_building_conformal/outputs/matched_forecasting005/rico_h5_f2_s44_v1,fcd243df8728f29a5ddeaa179aaa67eaffcd023ef5f5e0019e33c99af69c918c|74eb284e91314998933d2de50059b1b6b26eb11ff0398586688a4f60985be4fd|6e0a75894df5a2ec4fa8ed9012956025089b82b4d04a42a051dc20244c9643c2,12932,4452,8692,42|43|44,3,3,5.072916666666667,0.4063501479122818,4.671875,5.484375,training-seed variability on same evaluation support; not a population confidence interval,False,
rico,5,2,xgboost,5,degrees C,inference_rows_per_second,,smart_building_conformal/outputs/matched_forecasting005/rico_h5_f2_s42_v2|smart_building_conformal/outputs/matched_forecasting005/rico_h5_f2_s43_v1|smart_building_conformal/outputs/matched_forecasting005/rico_h5_f2_s44_v1,fcd243df8728f29a5ddeaa179aaa67eaffcd023ef5f5e0019e33c99af69c918c|74eb284e91314998933d2de50059b1b6b26eb11ff0398586688a4f60985be4fd|6e0a75894df5a2ec4fa8ed9012956025089b82b4d04a42a051dc20244c9643c2,12932,4452,8692,42|43|44,3,3,52894.02906963034,8293.99474638968,43397.4642536799,58715.52691519427,training-seed variability on same evaluation support; not a population confidence interval,False,
rico,15,2,attention_lstm,15,degrees C,mae,,smart_building_conformal/outputs/matched_forecasting005/rico_h15_f2_s42_v1|smart_building_conformal/outputs/matched_forecasting005/rico_h15_f2_s43_v1|smart_building_conformal/outputs/matched_forecasting005/rico_h15_f2_s44_v1,03d1d452482977385b92c01bd2a2ba832e17ca51725e86b5a2d03b6d5399184a|6118ae753e7869a6676eab873bbd97832260b434782324da367a8542c2dd9c41|01fd3965e400bdbca1098dcdcbf99395ee6b446384d55833c260e9b9f41206df,12322,4242,8282,42|43|44,3,3,2.6938963839025742,0.27267809745120797,2.382613208966968,2.8905310632410446,training-seed variability on same evaluation support; not a population confidence interval,False,
rico,15,2,attention_lstm,15,degrees C,rmse,,smart_building_conformal/outputs/matched_forecasting005/rico_h15_f2_s42_v1|smart_building_conformal/outputs/matched_forecasting005/rico_h15_f2_s43_v1|smart_building_conformal/outputs/matched_forecasting005/rico_h15_f2_s44_v1,03d1d452482977385b92c01bd2a2ba832e17ca51725e86b5a2d03b6d5399184a|6118ae753e7869a6676eab873bbd97832260b434782324da367a8542c2dd9c41|01fd3965e400bdbca1098dcdcbf99395ee6b446384d55833c260e9b9f41206df,12322,4242,8282,42|43|44,3,3,3.077966642000946,0.18373986872162215,2.86615015691731,3.194394953123783,training-seed variability on same evaluation support; not a population confidence interval,False,
rico,15,2,attention_lstm,15,degrees C,coverage90,0.9,smart_building_conformal/outputs/matched_forecasting005/rico_h15_f2_s42_v1|smart_building_conformal/outputs/matched_forecasting005/rico_h15_f2_s43_v1|smart_building_conformal/outputs/matched_forecasting005/rico_h15_f2_s44_v1,03d1d452482977385b92c01bd2a2ba832e17ca51725e86b5a2d03b6d5399184a|6118ae753e7869a6676eab873bbd97832260b434782324da367a8542c2dd9c41|01fd3965e400bdbca1098dcdcbf99395ee6b446384d55833c260e9b9f41206df,12322,4242,8282,42|43|44,3,3,0.10363841262174998,0.046126863913956505,0.06049263462931659,0.15225790871770103,training-seed variability on same evaluation support; not a population confidence interval,False,
rico,15,2,attention_lstm,15,degrees C,signed_coverage_deviation90,0.9,smart_building_conformal/outputs/matched_forecasting005/rico_h15_f2_s42_v1|smart_building_conformal/outputs/matched_forecasting005/rico_h15_f2_s43_v1|smart_building_conformal/outputs/matched_forecasting005/rico_h15_f2_s44_v1,03d1d452482977385b92c01bd2a2ba832e17ca51725e86b5a2d03b6d5399184a|6118ae753e7869a6676eab873bbd97832260b434782324da367a8542c2dd9c41|01fd3965e400bdbca1098dcdcbf99395ee6b446384d55833c260e9b9f41206df,12322,4242,8282,42|43|44,3,3,-0.7963615873782501,0.04612686391395655,-0.8395073653706835,-0.747742091282299,training-seed variability on same evaluation support; not a population confidence interval,False,
rico,15,2,attention_lstm,15,degrees C,absolute_coverage_deviation90,0.9,smart_building_conformal/outputs/matched_forecasting005/rico_h15_f2_s42_v1|smart_building_conformal/outputs/matched_forecasting005/rico_h15_f2_s43_v1|smart_building_conformal/outputs/matched_forecasting005/rico_h15_f2_s44_v1,03d1d452482977385b92c01bd2a2ba832e17ca51725e86b5a2d03b6d5399184a|6118ae753e7869a6676eab873bbd97832260b434782324da367a8542c2dd9c41|01fd3965e400bdbca1098dcdcbf99395ee6b446384d55833c260e9b9f41206df,12322,4242,8282,42|43|44,3,3,0.7963615873782501,0.04612686391395655,0.747742091282299,0.8395073653706835,training-seed variability on same evaluation support; not a population confidence interval,False,
rico,15,2,attention_lstm,15,degrees C,mpiw90,0.9,smart_building_conformal/outputs/matched_forecasting005/rico_h15_f2_s42_v1|smart_building_conformal/outputs/matched_forecasting005/rico_h15_f2_s43_v1|smart_building_conformal/outputs/matched_forecasting005/rico_h15_f2_s44_v1,03d1d452482977385b92c01bd2a2ba832e17ca51725e86b5a2d03b6d5399184a|6118ae753e7869a6676eab873bbd97832260b434782324da367a8542c2dd9c41|01fd3965e400bdbca1098dcdcbf99395ee6b446384d55833c260e9b9f41206df,12322,4242,8282,42|43|44,3,3,1.448049418131511,0.11023676144997561,1.382209014892581,1.5753143310546847,training-seed variability on same evaluation support; not a population confidence interval,False,
rico,15,2,attention_lstm,15,degrees C,winkler90,0.9,smart_building_conformal/outputs/matched_forecasting005/rico_h15_f2_s42_v1|smart_building_conformal/outputs/matched_forecasting005/rico_h15_f2_s43_v1|smart_building_conformal/outputs/matched_forecasting005/rico_h15_f2_s44_v1,03d1d452482977385b92c01bd2a2ba832e17ca51725e86b5a2d03b6d5399184a|6118ae753e7869a6676eab873bbd97832260b434782324da367a8542c2dd9c41|01fd3965e400bdbca1098dcdcbf99395ee6b446384d55833c260e9b9f41206df,12322,4242,8282,42|43|44,3,3,41.67161140494096,4.960610955027398,36.229294898653336,45.939881267238995,training-seed variability on same evaluation support; not a population confidence interval,False,
rico,15,2,attention_lstm,15,degrees C,coverage95,0.95,smart_building_conformal/outputs/matched_forecasting005/rico_h15_f2_s42_v1|smart_building_conformal/outputs/matched_forecasting005/rico_h15_f2_s43_v1|smart_building_conformal/outputs/matched_forecasting005/rico_h15_f2_s44_v1,03d1d452482977385b92c01bd2a2ba832e17ca51725e86b5a2d03b6d5399184a|6118ae753e7869a6676eab873bbd97832260b434782324da367a8542c2dd9c41|01fd3965e400bdbca1098dcdcbf99395ee6b446384d55833c260e9b9f41206df,12322,4242,8282,42|43|44,3,3,0.11897287289704579,0.05567130772396149,0.06737503018594543,0.17797633421878772,training-seed variability on same evaluation support; not a population confidence interval,False,
rico,15,2,attention_lstm,15,degrees C,signed_coverage_deviation95,0.95,smart_building_conformal/outputs/matched_forecasting005/rico_h15_f2_s42_v1|smart_building_conformal/outputs/matched_forecasting005/rico_h15_f2_s43_v1|smart_building_conformal/outputs/matched_forecasting005/rico_h15_f2_s44_v1,03d1d452482977385b92c01bd2a2ba832e17ca51725e86b5a2d03b6d5399184a|6118ae753e7869a6676eab873bbd97832260b434782324da367a8542c2dd9c41|01fd3965e400bdbca1098dcdcbf99395ee6b446384d55833c260e9b9f41206df,12322,4242,8282,42|43|44,3,3,-0.8310271271029542,0.05567130772396144,-0.8826249698140545,-0.7720236657812123,training-seed variability on same evaluation support; not a population confidence interval,False,
rico,15,2,attention_lstm,15,degrees C,absolute_coverage_deviation95,0.95,smart_building_conformal/outputs/matched_forecasting005/rico_h15_f2_s42_v1|smart_building_conformal/outputs/matched_forecasting005/rico_h15_f2_s43_v1|smart_building_conformal/outputs/matched_forecasting005/rico_h15_f2_s44_v1,03d1d452482977385b92c01bd2a2ba832e17ca51725e86b5a2d03b6d5399184a|6118ae753e7869a6676eab873bbd97832260b434782324da367a8542c2dd9c41|01fd3965e400bdbca1098dcdcbf99395ee6b446384d55833c260e9b9f41206df,12322,4242,8282,42|43|44,3,3,0.8310271271029542,0.05567130772396144,0.7720236657812123,0.8826249698140545,training-seed variability on same evaluation support; not a population confidence interval,False,
rico,15,2,attention_lstm,15,degrees C,mpiw95,0.95,smart_building_conformal/outputs/matched_forecasting005/rico_h15_f2_s42_v1|smart_building_conformal/outputs/matched_forecasting005/rico_h15_f2_s43_v1|smart_building_conformal/outputs/matched_forecasting005/rico_h15_f2_s44_v1,03d1d452482977385b92c01bd2a2ba832e17ca51725e86b5a2d03b6d5399184a|6118ae753e7869a6676eab873bbd97832260b434782324da367a8542c2dd9c41|01fd3965e400bdbca1098dcdcbf99395ee6b446384d55833c260e9b9f41206df,12322,4242,8282,42|43|44,3,3,1.6391983032226538,0.15654956876741508,1.5453124999999943,1.819920349121091,training-seed variability on same evaluation support; not a population confidence interval,False,
rico,15,2,attention_lstm,15,degrees C,winkler95,0.95,smart_building_conformal/outputs/matched_forecasting005/rico_h15_f2_s42_v1|smart_building_conformal/outputs/matched_forecasting005/rico_h15_f2_s43_v1|smart_building_conformal/outputs/matched_forecasting005/rico_h15_f2_s44_v1,03d1d452482977385b92c01bd2a2ba832e17ca51725e86b5a2d03b6d5399184a|6118ae753e7869a6676eab873bbd97832260b434782324da367a8542c2dd9c41|01fd3965e400bdbca1098dcdcbf99395ee6b446384d55833c260e9b9f41206df,12322,4242,8282,42|43|44,3,3,78.68300047322265,9.63550982460766,68.46653170554534,87.60710618867303,training-seed variability on same evaluation support; not a population confidence interval,False,
rico,15,2,attention_lstm,15,degrees C,tuning_seconds,,smart_building_conformal/outputs/matched_forecasting005/rico_h15_f2_s42_v1|smart_building_conformal/outputs/matched_forecasting005/rico_h15_f2_s43_v1|smart_building_conformal/outputs/matched_forecasting005/rico_h15_f2_s44_v1,03d1d452482977385b92c01bd2a2ba832e17ca51725e86b5a2d03b6d5399184a|6118ae753e7869a6676eab873bbd97832260b434782324da367a8542c2dd9c41|01fd3965e400bdbca1098dcdcbf99395ee6b446384d55833c260e9b9f41206df,12322,4242,8282,42|43|44,3,3,82.89616786666738,24.599639084180033,54.55791780000436,98.75346659999923,training-seed variability on same evaluation support; not a population confidence interval,False,
rico,15,2,attention_lstm,15,degrees C,final_fit_seconds,,smart_building_conformal/outputs/matched_forecasting005/rico_h15_f2_s42_v1|smart_building_conformal/outputs/matched_forecasting005/rico_h15_f2_s43_v1|smart_building_conformal/outputs/matched_forecasting005/rico_h15_f2_s44_v1,03d1d452482977385b92c01bd2a2ba832e17ca51725e86b5a2d03b6d5399184a|6118ae753e7869a6676eab873bbd97832260b434782324da367a8542c2dd9c41|01fd3965e400bdbca1098dcdcbf99395ee6b446384d55833c260e9b9f41206df,12322,4242,8282,42|43|44,3,3,23.262875266666622,10.734123236974193,10.874750499991933,29.80647339999996,training-seed variability on same evaluation support; not a population confidence interval,False,
rico,15,2,attention_lstm,15,degrees C,calibration_seconds,,smart_building_conformal/outputs/matched_forecasting005/rico_h15_f2_s42_v1|smart_building_conformal/outputs/matched_forecasting005/rico_h15_f2_s43_v1|smart_building_conformal/outputs/matched_forecasting005/rico_h15_f2_s44_v1,03d1d452482977385b92c01bd2a2ba832e17ca51725e86b5a2d03b6d5399184a|6118ae753e7869a6676eab873bbd97832260b434782324da367a8542c2dd9c41|01fd3965e400bdbca1098dcdcbf99395ee6b446384d55833c260e9b9f41206df,12322,4242,8282,42|43|44,3,3,0.1827950333293605,0.009692202430204973,0.17297339999640826,0.19235240000125486,training-seed variability on same evaluation support; not a population confidence interval,False,
rico,15,2,attention_lstm,15,degrees C,inference_seconds,,smart_building_conformal/outputs/matched_forecasting005/rico_h15_f2_s42_v1|smart_building_conformal/outputs/matched_forecasting005/rico_h15_f2_s43_v1|smart_building_conformal/outputs/matched_forecasting005/rico_h15_f2_s44_v1,03d1d452482977385b92c01bd2a2ba832e17ca51725e86b5a2d03b6d5399184a|6118ae753e7869a6676eab873bbd97832260b434782324da367a8542c2dd9c41|01fd3965e400bdbca1098dcdcbf99395ee6b446384d55833c260e9b9f41206df,12322,4242,8282,42|43|44,3,3,0.3518352666699987,0.019487720490005092,0.33749940000416245,0.37402429999929154,training-seed variability on same evaluation support; not a population confidence interval,False,
rico,15,2,attention_lstm,15,degrees C,model_phase_seconds,,smart_building_conformal/outputs/matched_forecasting005/rico_h15_f2_s42_v1|smart_building_conformal/outputs/matched_forecasting005/rico_h15_f2_s43_v1|smart_building_conformal/outputs/matched_forecasting005/rico_h15_f2_s44_v1,03d1d452482977385b92c01bd2a2ba832e17ca51725e86b5a2d03b6d5399184a|6118ae753e7869a6676eab873bbd97832260b434782324da367a8542c2dd9c41|01fd3965e400bdbca1098dcdcbf99395ee6b446384d55833c260e9b9f41206df,12322,4242,8282,42|43|44,3,3,106.69367343333336,35.300987930402286,65.95970969999325,128.37134130000777,training-seed variability on same evaluation support; not a population confidence interval,False,
rico,15,2,attention_lstm,15,degrees C,process_cpu_seconds,,smart_building_conformal/outputs/matched_forecasting005/rico_h15_f2_s42_v1|smart_building_conformal/outputs/matched_forecasting005/rico_h15_f2_s43_v1|smart_building_conformal/outputs/matched_forecasting005/rico_h15_f2_s44_v1,03d1d452482977385b92c01bd2a2ba832e17ca51725e86b5a2d03b6d5399184a|6118ae753e7869a6676eab873bbd97832260b434782324da367a8542c2dd9c41|01fd3965e400bdbca1098dcdcbf99395ee6b446384d55833c260e9b9f41206df,12322,4242,8282,42|43|44,3,3,104.75520833333333,34.28007252611688,65.203125,125.890625,training-seed variability on same evaluation support; not a population confidence interval,False,
rico,15,2,attention_lstm,15,degrees C,inference_rows_per_second,,smart_building_conformal/outputs/matched_forecasting005/rico_h15_f2_s42_v1|smart_building_conformal/outputs/matched_forecasting005/rico_h15_f2_s43_v1|smart_building_conformal/outputs/matched_forecasting005/rico_h15_f2_s44_v1,03d1d452482977385b92c01bd2a2ba832e17ca51725e86b5a2d03b6d5399184a|6118ae753e7869a6676eab873bbd97832260b434782324da367a8542c2dd9c41|01fd3965e400bdbca1098dcdcbf99395ee6b446384d55833c260e9b9f41206df,12322,4242,8282,42|43|44,3,3,23586.361147290154,1271.2411537170588,22142.946327326026,24539.30288438396,training-seed variability on same evaluation support; not a population confidence interval,False,
rico,15,2,persistence,15,degrees C,mae,,smart_building_conformal/outputs/matched_forecasting005/rico_h15_f2_s42_v1|smart_building_conformal/outputs/matched_forecasting005/rico_h15_f2_s43_v1|smart_building_conformal/outputs/matched_forecasting005/rico_h15_f2_s44_v1,03d1d452482977385b92c01bd2a2ba832e17ca51725e86b5a2d03b6d5399184a|6118ae753e7869a6676eab873bbd97832260b434782324da367a8542c2dd9c41|01fd3965e400bdbca1098dcdcbf99395ee6b446384d55833c260e9b9f41206df,12322,4242,8282,42|43|44,3,3,0.2093817918377204,3.3993498887762956e-17,0.20938179183772038,0.20938179183772038,training-seed variability on same evaluation support; not a population confidence interval,True,1.0
rico,15,2,persistence,15,degrees C,rmse,,smart_building_conformal/outputs/matched_forecasting005/rico_h15_f2_s42_v1|smart_building_conformal/outputs/matched_forecasting005/rico_h15_f2_s43_v1|smart_building_conformal/outputs/matched_forecasting005/rico_h15_f2_s44_v1,03d1d452482977385b92c01bd2a2ba832e17ca51725e86b5a2d03b6d5399184a|6118ae753e7869a6676eab873bbd97832260b434782324da367a8542c2dd9c41|01fd3965e400bdbca1098dcdcbf99395ee6b446384d55833c260e9b9f41206df,12322,4242,8282,42|43|44,3,3,0.33076021266260025,0.0,0.33076021266260025,0.33076021266260025,training-seed variability on same evaluation support; not a population confidence interval,True,1.0
rico,15,2,persistence,15,degrees C,coverage90,0.9,smart_building_conformal/outputs/matched_forecasting005/rico_h15_f2_s42_v1|smart_building_conformal/outputs/matched_forecasting005/rico_h15_f2_s43_v1|smart_building_conformal/outputs/matched_forecasting005/rico_h15_f2_s44_v1,03d1d452482977385b92c01bd2a2ba832e17ca51725e86b5a2d03b6d5399184a|6118ae753e7869a6676eab873bbd97832260b434782324da367a8542c2dd9c41|01fd3965e400bdbca1098dcdcbf99395ee6b446384d55833c260e9b9f41206df,12322,4242,8282,42|43|44,3,3,0.9153586090316349,0.0,0.9153586090316349,0.9153586090316349,training-seed variability on same evaluation support; not a population confidence interval,True,1.0
rico,15,2,persistence,15,degrees C,signed_coverage_deviation90,0.9,smart_building_conformal/outputs/matched_forecasting005/rico_h15_f2_s42_v1|smart_building_conformal/outputs/matched_forecasting005/rico_h15_f2_s43_v1|smart_building_conformal/outputs/matched_forecasting005/rico_h15_f2_s44_v1,03d1d452482977385b92c01bd2a2ba832e17ca51725e86b5a2d03b6d5399184a|6118ae753e7869a6676eab873bbd97832260b434782324da367a8542c2dd9c41|01fd3965e400bdbca1098dcdcbf99395ee6b446384d55833c260e9b9f41206df,12322,4242,8282,42|43|44,3,3,0.015358609031634884,0.0,0.015358609031634884,0.015358609031634884,training-seed variability on same evaluation support; not a population confidence interval,True,1.0
rico,15,2,persistence,15,degrees C,absolute_coverage_deviation90,0.9,smart_building_conformal/outputs/matched_forecasting005/rico_h15_f2_s42_v1|smart_building_conformal/outputs/matched_forecasting005/rico_h15_f2_s43_v1|smart_building_conformal/outputs/matched_forecasting005/rico_h15_f2_s44_v1,03d1d452482977385b92c01bd2a2ba832e17ca51725e86b5a2d03b6d5399184a|6118ae753e7869a6676eab873bbd97832260b434782324da367a8542c2dd9c41|01fd3965e400bdbca1098dcdcbf99395ee6b446384d55833c260e9b9f41206df,12322,4242,8282,42|43|44,3,3,0.015358609031634884,0.0,0.015358609031634884,0.015358609031634884,training-seed variability on same evaluation support; not a population confidence interval,True,1.0
rico,15,2,persistence,15,degrees C,mpiw90,0.9,smart_building_conformal/outputs/matched_forecasting005/rico_h15_f2_s42_v1|smart_building_conformal/outputs/matched_forecasting005/rico_h15_f2_s43_v1|smart_building_conformal/outputs/matched_forecasting005/rico_h15_f2_s44_v1,03d1d452482977385b92c01bd2a2ba832e17ca51725e86b5a2d03b6d5399184a|6118ae753e7869a6676eab873bbd97832260b434782324da367a8542c2dd9c41|01fd3965e400bdbca1098dcdcbf99395ee6b446384d55833c260e9b9f41206df,12322,4242,8282,42|43|44,3,3,1.0,0.0,1.0,1.0,training-seed variability on same evaluation support; not a population confidence interval,True,1.0
rico,15,2,persistence,15,degrees C,winkler90,0.9,smart_building_conformal/outputs/matched_forecasting005/rico_h15_f2_s42_v1|smart_building_conformal/outputs/matched_forecasting005/rico_h15_f2_s43_v1|smart_building_conformal/outputs/matched_forecasting005/rico_h15_f2_s44_v1,03d1d452482977385b92c01bd2a2ba832e17ca51725e86b5a2d03b6d5399184a|6118ae753e7869a6676eab873bbd97832260b434782324da367a8542c2dd9c41|01fd3965e400bdbca1098dcdcbf99395ee6b446384d55833c260e9b9f41206df,12322,4242,8282,42|43|44,3,3,1.658295097802463,0.0,1.658295097802463,1.658295097802463,training-seed variability on same evaluation support; not a population confidence interval,True,1.0
rico,15,2,persistence,15,degrees C,coverage95,0.95,smart_building_conformal/outputs/matched_forecasting005/rico_h15_f2_s42_v1|smart_building_conformal/outputs/matched_forecasting005/rico_h15_f2_s43_v1|smart_building_conformal/outputs/matched_forecasting005/rico_h15_f2_s44_v1,03d1d452482977385b92c01bd2a2ba832e17ca51725e86b5a2d03b6d5399184a|6118ae753e7869a6676eab873bbd97832260b434782324da367a8542c2dd9c41|01fd3965e400bdbca1098dcdcbf99395ee6b446384d55833c260e9b9f41206df,12322,4242,8282,42|43|44,3,3,0.9629316590195605,0.0,0.9629316590195605,0.9629316590195605,training-seed variability on same evaluation support; not a population confidence interval,True,1.0
rico,15,2,persistence,15,degrees C,signed_coverage_deviation95,0.95,smart_building_conformal/outputs/matched_forecasting005/rico_h15_f2_s42_v1|smart_building_conformal/outputs/matched_forecasting005/rico_h15_f2_s43_v1|smart_building_conformal/outputs/matched_forecasting005/rico_h15_f2_s44_v1,03d1d452482977385b92c01bd2a2ba832e17ca51725e86b5a2d03b6d5399184a|6118ae753e7869a6676eab873bbd97832260b434782324da367a8542c2dd9c41|01fd3965e400bdbca1098dcdcbf99395ee6b446384d55833c260e9b9f41206df,12322,4242,8282,42|43|44,3,3,0.012931659019560504,0.0,0.012931659019560504,0.012931659019560504,training-seed variability on same evaluation support; not a population confidence interval,True,1.0
rico,15,2,persistence,15,degrees C,absolute_coverage_deviation95,0.95,smart_building_conformal/outputs/matched_forecasting005/rico_h15_f2_s42_v1|smart_building_conformal/outputs/matched_forecasting005/rico_h15_f2_s43_v1|smart_building_conformal/outputs/matched_forecasting005/rico_h15_f2_s44_v1,03d1d452482977385b92c01bd2a2ba832e17ca51725e86b5a2d03b6d5399184a|6118ae753e7869a6676eab873bbd97832260b434782324da367a8542c2dd9c41|01fd3965e400bdbca1098dcdcbf99395ee6b446384d55833c260e9b9f41206df,12322,4242,8282,42|43|44,3,3,0.012931659019560504,0.0,0.012931659019560504,0.012931659019560504,training-seed variability on same evaluation support; not a population confidence interval,True,1.0
rico,15,2,persistence,15,degrees C,mpiw95,0.95,smart_building_conformal/outputs/matched_forecasting005/rico_h15_f2_s42_v1|smart_building_conformal/outputs/matched_forecasting005/rico_h15_f2_s43_v1|smart_building_conformal/outputs/matched_forecasting005/rico_h15_f2_s44_v1,03d1d452482977385b92c01bd2a2ba832e17ca51725e86b5a2d03b6d5399184a|6118ae753e7869a6676eab873bbd97832260b434782324da367a8542c2dd9c41|01fd3965e400bdbca1098dcdcbf99395ee6b446384d55833c260e9b9f41206df,12322,4242,8282,42|43|44,3,3,1.6000000000000014,0.0,1.6000000000000014,1.6000000000000014,training-seed variability on same evaluation support; not a population confidence interval,True,1.0
rico,15,2,persistence,15,degrees C,winkler95,0.95,smart_building_conformal/outputs/matched_forecasting005/rico_h15_f2_s42_v1|smart_building_conformal/outputs/matched_forecasting005/rico_h15_f2_s43_v1|smart_building_conformal/outputs/matched_forecasting005/rico_h15_f2_s44_v1,03d1d452482977385b92c01bd2a2ba832e17ca51725e86b5a2d03b6d5399184a|6118ae753e7869a6676eab873bbd97832260b434782324da367a8542c2dd9c41|01fd3965e400bdbca1098dcdcbf99395ee6b446384d55833c260e9b9f41206df,12322,4242,8282,42|43|44,3,3,2.1462448683892776,0.0,2.1462448683892776,2.1462448683892776,training-seed variability on same evaluation support; not a population confidence interval,True,1.0
rico,15,2,persistence,15,degrees C,tuning_seconds,,smart_building_conformal/outputs/matched_forecasting005/rico_h15_f2_s42_v1|smart_building_conformal/outputs/matched_forecasting005/rico_h15_f2_s43_v1|smart_building_conformal/outputs/matched_forecasting005/rico_h15_f2_s44_v1,03d1d452482977385b92c01bd2a2ba832e17ca51725e86b5a2d03b6d5399184a|6118ae753e7869a6676eab873bbd97832260b434782324da367a8542c2dd9c41|01fd3965e400bdbca1098dcdcbf99395ee6b446384d55833c260e9b9f41206df,12322,4242,8282,42|43|44,3,3,0.0,0.0,0.0,0.0,training-seed variability on same evaluation support; not a population confidence interval,True,1.0
rico,15,2,persistence,15,degrees C,final_fit_seconds,,smart_building_conformal/outputs/matched_forecasting005/rico_h15_f2_s42_v1|smart_building_conformal/outputs/matched_forecasting005/rico_h15_f2_s43_v1|smart_building_conformal/outputs/matched_forecasting005/rico_h15_f2_s44_v1,03d1d452482977385b92c01bd2a2ba832e17ca51725e86b5a2d03b6d5399184a|6118ae753e7869a6676eab873bbd97832260b434782324da367a8542c2dd9c41|01fd3965e400bdbca1098dcdcbf99395ee6b446384d55833c260e9b9f41206df,12322,4242,8282,42|43|44,3,3,0.0005410000012489036,0.00022581966198266274,0.00039180000021588057,0.0008008000004338101,training-seed variability on same evaluation support; not a population confidence interval,True,1.0
rico,15,2,persistence,15,degrees C,calibration_seconds,,smart_building_conformal/outputs/matched_forecasting005/rico_h15_f2_s42_v1|smart_building_conformal/outputs/matched_forecasting005/rico_h15_f2_s43_v1|smart_building_conformal/outputs/matched_forecasting005/rico_h15_f2_s44_v1,03d1d452482977385b92c01bd2a2ba832e17ca51725e86b5a2d03b6d5399184a|6118ae753e7869a6676eab873bbd97832260b434782324da367a8542c2dd9c41|01fd3965e400bdbca1098dcdcbf99395ee6b446384d55833c260e9b9f41206df,12322,4242,8282,42|43|44,3,3,0.002696733337264353,0.0001296503100182585,0.0025613000034354627,0.002819699999236036,training-seed variability on same evaluation support; not a population confidence interval,True,1.0
rico,15,2,persistence,15,degrees C,inference_seconds,,smart_building_conformal/outputs/matched_forecasting005/rico_h15_f2_s42_v1|smart_building_conformal/outputs/matched_forecasting005/rico_h15_f2_s43_v1|smart_building_conformal/outputs/matched_forecasting005/rico_h15_f2_s44_v1,03d1d452482977385b92c01bd2a2ba832e17ca51725e86b5a2d03b6d5399184a|6118ae753e7869a6676eab873bbd97832260b434782324da367a8542c2dd9c41|01fd3965e400bdbca1098dcdcbf99395ee6b446384d55833c260e9b9f41206df,12322,4242,8282,42|43|44,3,3,0.004622766665609864,0.00035591052937045884,0.004285000002710149,0.004994400005671196,training-seed variability on same evaluation support; not a population confidence interval,True,1.0
rico,15,2,persistence,15,degrees C,model_phase_seconds,,smart_building_conformal/outputs/matched_forecasting005/rico_h15_f2_s42_v1|smart_building_conformal/outputs/matched_forecasting005/rico_h15_f2_s43_v1|smart_building_conformal/outputs/matched_forecasting005/rico_h15_f2_s44_v1,03d1d452482977385b92c01bd2a2ba832e17ca51725e86b5a2d03b6d5399184a|6118ae753e7869a6676eab873bbd97832260b434782324da367a8542c2dd9c41|01fd3965e400bdbca1098dcdcbf99395ee6b446384d55833c260e9b9f41206df,12322,4242,8282,42|43|44,3,3,0.00786050000412312,0.0002985544464854508,0.007541999992099591,0.008134000017889775,training-seed variability on same evaluation support; not a population confidence interval,True,1.0
rico,15,2,persistence,15,degrees C,process_cpu_seconds,,smart_building_conformal/outputs/matched_forecasting005/rico_h15_f2_s42_v1|smart_building_conformal/outputs/matched_forecasting005/rico_h15_f2_s43_v1|smart_building_conformal/outputs/matched_forecasting005/rico_h15_f2_s44_v1,03d1d452482977385b92c01bd2a2ba832e17ca51725e86b5a2d03b6d5399184a|6118ae753e7869a6676eab873bbd97832260b434782324da367a8542c2dd9c41|01fd3965e400bdbca1098dcdcbf99395ee6b446384d55833c260e9b9f41206df,12322,4242,8282,42|43|44,3,3,0.010416666666666666,0.009021097956087904,0.0,0.015625,training-seed variability on same evaluation support; not a population confidence interval,True,1.0
rico,15,2,persistence,15,degrees C,inference_rows_per_second,,smart_building_conformal/outputs/matched_forecasting005/rico_h15_f2_s42_v1|smart_building_conformal/outputs/matched_forecasting005/rico_h15_f2_s43_v1|smart_building_conformal/outputs/matched_forecasting005/rico_h15_f2_s44_v1,03d1d452482977385b92c01bd2a2ba832e17ca51725e86b5a2d03b6d5399184a|6118ae753e7869a6676eab873bbd97832260b434782324da367a8542c2dd9c41|01fd3965e400bdbca1098dcdcbf99395ee6b446384d55833c260e9b9f41206df,12322,4242,8282,42|43|44,3,3,1798611.9555332,137370.00261385983,1658257.246234923,1932788.7969105847,training-seed variability on same evaluation support; not a population confidence interval,True,1.0
rico,15,2,xgboost,15,degrees C,mae,,smart_building_conformal/outputs/matched_forecasting005/rico_h15_f2_s42_v1|smart_building_conformal/outputs/matched_forecasting005/rico_h15_f2_s43_v1|smart_building_conformal/outputs/matched_forecasting005/rico_h15_f2_s44_v1,03d1d452482977385b92c01bd2a2ba832e17ca51725e86b5a2d03b6d5399184a|6118ae753e7869a6676eab873bbd97832260b434782324da367a8542c2dd9c41|01fd3965e400bdbca1098dcdcbf99395ee6b446384d55833c260e9b9f41206df,12322,4242,8282,42|43|44,3,3,0.39978937319316676,0.021725156195637967,0.383518598022682,0.4244604439586869,training-seed variability on same evaluation support; not a population confidence interval,False,
rico,15,2,xgboost,15,degrees C,rmse,,smart_building_conformal/outputs/matched_forecasting005/rico_h15_f2_s42_v1|smart_building_conformal/outputs/matched_forecasting005/rico_h15_f2_s43_v1|smart_building_conformal/outputs/matched_forecasting005/rico_h15_f2_s44_v1,03d1d452482977385b92c01bd2a2ba832e17ca51725e86b5a2d03b6d5399184a|6118ae753e7869a6676eab873bbd97832260b434782324da367a8542c2dd9c41|01fd3965e400bdbca1098dcdcbf99395ee6b446384d55833c260e9b9f41206df,12322,4242,8282,42|43|44,3,3,0.5772801027721624,0.03546796784939246,0.5478541777805537,0.6166621338996906,training-seed variability on same evaluation support; not a population confidence interval,False,
rico,15,2,xgboost,15,degrees C,coverage90,0.9,smart_building_conformal/outputs/matched_forecasting005/rico_h15_f2_s42_v1|smart_building_conformal/outputs/matched_forecasting005/rico_h15_f2_s43_v1|smart_building_conformal/outputs/matched_forecasting005/rico_h15_f2_s44_v1,03d1d452482977385b92c01bd2a2ba832e17ca51725e86b5a2d03b6d5399184a|6118ae753e7869a6676eab873bbd97832260b434782324da367a8542c2dd9c41|01fd3965e400bdbca1098dcdcbf99395ee6b446384d55833c260e9b9f41206df,12322,4242,8282,42|43|44,3,3,0.6474281574498914,0.041482650416036264,0.6016662641873943,0.682564597923207,training-seed variability on same evaluation support; not a population confidence interval,False,
rico,15,2,xgboost,15,degrees C,signed_coverage_deviation90,0.9,smart_building_conformal/outputs/matched_forecasting005/rico_h15_f2_s42_v1|smart_building_conformal/outputs/matched_forecasting005/rico_h15_f2_s43_v1|smart_building_conformal/outputs/matched_forecasting005/rico_h15_f2_s44_v1,03d1d452482977385b92c01bd2a2ba832e17ca51725e86b5a2d03b6d5399184a|6118ae753e7869a6676eab873bbd97832260b434782324da367a8542c2dd9c41|01fd3965e400bdbca1098dcdcbf99395ee6b446384d55833c260e9b9f41206df,12322,4242,8282,42|43|44,3,3,-0.25257184255010867,0.041482650416036264,-0.2983337358126057,-0.21743540207679302,training-seed variability on same evaluation support; not a population confidence interval,False,
rico,15,2,xgboost,15,degrees C,absolute_coverage_deviation90,0.9,smart_building_conformal/outputs/matched_forecasting005/rico_h15_f2_s42_v1|smart_building_conformal/outputs/matched_forecasting005/rico_h15_f2_s43_v1|smart_building_conformal/outputs/matched_forecasting005/rico_h15_f2_s44_v1,03d1d452482977385b92c01bd2a2ba832e17ca51725e86b5a2d03b6d5399184a|6118ae753e7869a6676eab873bbd97832260b434782324da367a8542c2dd9c41|01fd3965e400bdbca1098dcdcbf99395ee6b446384d55833c260e9b9f41206df,12322,4242,8282,42|43|44,3,3,0.25257184255010867,0.041482650416036264,0.21743540207679302,0.2983337358126057,training-seed variability on same evaluation support; not a population confidence interval,False,
rico,15,2,xgboost,15,degrees C,mpiw90,0.9,smart_building_conformal/outputs/matched_forecasting005/rico_h15_f2_s42_v1|smart_building_conformal/outputs/matched_forecasting005/rico_h15_f2_s43_v1|smart_building_conformal/outputs/matched_forecasting005/rico_h15_f2_s44_v1,03d1d452482977385b92c01bd2a2ba832e17ca51725e86b5a2d03b6d5399184a|6118ae753e7869a6676eab873bbd97832260b434782324da367a8542c2dd9c41|01fd3965e400bdbca1098dcdcbf99395ee6b446384d55833c260e9b9f41206df,12322,4242,8282,42|43|44,3,3,0.8120656331380237,0.06323124051064448,0.7542602539062528,0.8795959472656278,training-seed variability on same evaluation support; not a population confidence interval,False,
rico,15,2,xgboost,15,degrees C,winkler90,0.9,smart_building_conformal/outputs/matched_forecasting005/rico_h15_f2_s42_v1|smart_building_conformal/outputs/matched_forecasting005/rico_h15_f2_s43_v1|smart_building_conformal/outputs/matched_forecasting005/rico_h15_f2_s44_v1,03d1d452482977385b92c01bd2a2ba832e17ca51725e86b5a2d03b6d5399184a|6118ae753e7869a6676eab873bbd97832260b434782324da367a8542c2dd9c41|01fd3965e400bdbca1098dcdcbf99395ee6b446384d55833c260e9b9f41206df,12322,4242,8282,42|43|44,3,3,3.793308984700731,0.6118889282177198,3.2587551151027774,4.460707377120791,training-seed variability on same evaluation support; not a population confidence interval,False,
rico,15,2,xgboost,15,degrees C,coverage95,0.95,smart_building_conformal/outputs/matched_forecasting005/rico_h15_f2_s42_v1|smart_building_conformal/outputs/matched_forecasting005/rico_h15_f2_s43_v1|smart_building_conformal/outputs/matched_forecasting005/rico_h15_f2_s44_v1,03d1d452482977385b92c01bd2a2ba832e17ca51725e86b5a2d03b6d5399184a|6118ae753e7869a6676eab873bbd97832260b434782324da367a8542c2dd9c41|01fd3965e400bdbca1098dcdcbf99395ee6b446384d55833c260e9b9f41206df,12322,4242,8282,42|43|44,3,3,0.7740481365209693,0.03960218110318969,0.7327940111084279,0.8117604443371167,training-seed variability on same evaluation support; not a population confidence interval,False,
rico,15,2,xgboost,15,degrees C,signed_coverage_deviation95,0.95,smart_building_conformal/outputs/matched_forecasting005/rico_h15_f2_s42_v1|smart_building_conformal/outputs/matched_forecasting005/rico_h15_f2_s43_v1|smart_building_conformal/outputs/matched_forecasting005/rico_h15_f2_s44_v1,03d1d452482977385b92c01bd2a2ba832e17ca51725e86b5a2d03b6d5399184a|6118ae753e7869a6676eab873bbd97832260b434782324da367a8542c2dd9c41|01fd3965e400bdbca1098dcdcbf99395ee6b446384d55833c260e9b9f41206df,12322,4242,8282,42|43|44,3,3,-0.17595186347903077,0.03960218110318969,-0.21720598889157205,-0.13823955566288326,training-seed variability on same evaluation support; not a population confidence interval,False,
rico,15,2,xgboost,15,degrees C,absolute_coverage_deviation95,0.95,smart_building_conformal/outputs/matched_forecasting005/rico_h15_f2_s42_v1|smart_building_conformal/outputs/matched_forecasting005/rico_h15_f2_s43_v1|smart_building_conformal/outputs/matched_forecasting005/rico_h15_f2_s44_v1,03d1d452482977385b92c01bd2a2ba832e17ca51725e86b5a2d03b6d5399184a|6118ae753e7869a6676eab873bbd97832260b434782324da367a8542c2dd9c41|01fd3965e400bdbca1098dcdcbf99395ee6b446384d55833c260e9b9f41206df,12322,4242,8282,42|43|44,3,3,0.17595186347903077,0.03960218110318969,0.13823955566288326,0.21720598889157205,training-seed variability on same evaluation support; not a population confidence interval,False,
rico,15,2,xgboost,15,degrees C,mpiw95,0.95,smart_building_conformal/outputs/matched_forecasting005/rico_h15_f2_s42_v1|smart_building_conformal/outputs/matched_forecasting005/rico_h15_f2_s43_v1|smart_building_conformal/outputs/matched_forecasting005/rico_h15_f2_s44_v1,03d1d452482977385b92c01bd2a2ba832e17ca51725e86b5a2d03b6d5399184a|6118ae753e7869a6676eab873bbd97832260b434782324da367a8542c2dd9c41|01fd3965e400bdbca1098dcdcbf99395ee6b446384d55833c260e9b9f41206df,12322,4242,8282,42|43|44,3,3,1.2389320373535166,0.25821205321000695,1.030574035644534,1.5278099060058565,training-seed variability on same evaluation support; not a population confidence interval,False,
rico,15,2,xgboost,15,degrees C,winkler95,0.95,smart_building_conformal/outputs/matched_forecasting005/rico_h15_f2_s42_v1|smart_building_conformal/outputs/matched_forecasting005/rico_h15_f2_s43_v1|smart_building_conformal/outputs/matched_forecasting005/rico_h15_f2_s44_v1,03d1d452482977385b92c01bd2a2ba832e17ca51725e86b5a2d03b6d5399184a|6118ae753e7869a6676eab873bbd97832260b434782324da367a8542c2dd9c41|01fd3965e400bdbca1098dcdcbf99395ee6b446384d55833c260e9b9f41206df,12322,4242,8282,42|43|44,3,3,4.823102379075507,0.4975393995700942,4.442901674706806,5.386205442272429,training-seed variability on same evaluation support; not a population confidence interval,False,
rico,15,2,xgboost,15,degrees C,tuning_seconds,,smart_building_conformal/outputs/matched_forecasting005/rico_h15_f2_s42_v1|smart_building_conformal/outputs/matched_forecasting005/rico_h15_f2_s43_v1|smart_building_conformal/outputs/matched_forecasting005/rico_h15_f2_s44_v1,03d1d452482977385b92c01bd2a2ba832e17ca51725e86b5a2d03b6d5399184a|6118ae753e7869a6676eab873bbd97832260b434782324da367a8542c2dd9c41|01fd3965e400bdbca1098dcdcbf99395ee6b446384d55833c260e9b9f41206df,12322,4242,8282,42|43|44,3,3,3.365751099998306,0.06517862870134924,3.3065476000047056,3.4355953999984195,training-seed variability on same evaluation support; not a population confidence interval,False,
rico,15,2,xgboost,15,degrees C,final_fit_seconds,,smart_building_conformal/outputs/matched_forecasting005/rico_h15_f2_s42_v1|smart_building_conformal/outputs/matched_forecasting005/rico_h15_f2_s43_v1|smart_building_conformal/outputs/matched_forecasting005/rico_h15_f2_s44_v1,03d1d452482977385b92c01bd2a2ba832e17ca51725e86b5a2d03b6d5399184a|6118ae753e7869a6676eab873bbd97832260b434782324da367a8542c2dd9c41|01fd3965e400bdbca1098dcdcbf99395ee6b446384d55833c260e9b9f41206df,12322,4242,8282,42|43|44,3,3,1.1312760666623944,0.5658711315844269,0.7891462999978103,1.7844410999969114,training-seed variability on same evaluation support; not a population confidence interval,False,
rico,15,2,xgboost,15,degrees C,calibration_seconds,,smart_building_conformal/outputs/matched_forecasting005/rico_h15_f2_s42_v1|smart_building_conformal/outputs/matched_forecasting005/rico_h15_f2_s43_v1|smart_building_conformal/outputs/matched_forecasting005/rico_h15_f2_s44_v1,03d1d452482977385b92c01bd2a2ba832e17ca51725e86b5a2d03b6d5399184a|6118ae753e7869a6676eab873bbd97832260b434782324da367a8542c2dd9c41|01fd3965e400bdbca1098dcdcbf99395ee6b446384d55833c260e9b9f41206df,12322,4242,8282,42|43|44,3,3,0.07254213333362713,0.007780524996110692,0.06465300000854768,0.08020929999474902,training-seed variability on same evaluation support; not a population confidence interval,False,
rico,15,2,xgboost,15,degrees C,inference_seconds,,smart_building_conformal/outputs/matched_forecasting005/rico_h15_f2_s42_v1|smart_building_conformal/outputs/matched_forecasting005/rico_h15_f2_s43_v1|smart_building_conformal/outputs/matched_forecasting005/rico_h15_f2_s44_v1,03d1d452482977385b92c01bd2a2ba832e17ca51725e86b5a2d03b6d5399184a|6118ae753e7869a6676eab873bbd97832260b434782324da367a8542c2dd9c41|01fd3965e400bdbca1098dcdcbf99395ee6b446384d55833c260e9b9f41206df,12322,4242,8282,42|43|44,3,3,0.1449244999991303,0.0057240437204550375,0.13884970000071917,0.15021739999792771,training-seed variability on same evaluation support; not a population confidence interval,False,
rico,15,2,xgboost,15,degrees C,model_phase_seconds,,smart_building_conformal/outputs/matched_forecasting005/rico_h15_f2_s42_v1|smart_building_conformal/outputs/matched_forecasting005/rico_h15_f2_s43_v1|smart_building_conformal/outputs/matched_forecasting005/rico_h15_f2_s44_v1,03d1d452482977385b92c01bd2a2ba832e17ca51725e86b5a2d03b6d5399184a|6118ae753e7869a6676eab873bbd97832260b434782324da367a8542c2dd9c41|01fd3965e400bdbca1098dcdcbf99395ee6b446384d55833c260e9b9f41206df,12322,4242,8282,42|43|44,3,3,4.714493799993458,0.6391218122948292,4.299196600011783,5.4504631999880075,training-seed variability on same evaluation support; not a population confidence interval,False,
rico,15,2,xgboost,15,degrees C,process_cpu_seconds,,smart_building_conformal/outputs/matched_forecasting005/rico_h15_f2_s42_v1|smart_building_conformal/outputs/matched_forecasting005/rico_h15_f2_s43_v1|smart_building_conformal/outputs/matched_forecasting005/rico_h15_f2_s44_v1,03d1d452482977385b92c01bd2a2ba832e17ca51725e86b5a2d03b6d5399184a|6118ae753e7869a6676eab873bbd97832260b434782324da367a8542c2dd9c41|01fd3965e400bdbca1098dcdcbf99395ee6b446384d55833c260e9b9f41206df,12322,4242,8282,42|43|44,3,3,4.583333333333333,0.6322496210622299,4.1875,5.3125,training-seed variability on same evaluation support; not a population confidence interval,False,
rico,15,2,xgboost,15,degrees C,inference_rows_per_second,,smart_building_conformal/outputs/matched_forecasting005/rico_h15_f2_s42_v1|smart_building_conformal/outputs/matched_forecasting005/rico_h15_f2_s43_v1|smart_building_conformal/outputs/matched_forecasting005/rico_h15_f2_s44_v1,03d1d452482977385b92c01bd2a2ba832e17ca51725e86b5a2d03b6d5399184a|6118ae753e7869a6676eab873bbd97832260b434782324da367a8542c2dd9c41|01fd3965e400bdbca1098dcdcbf99395ee6b446384d55833c260e9b9f41206df,12322,4242,8282,42|43|44,3,3,57206.99588355279,2279.1309191372784,55133.42662111215,59647.230062125476,training-seed variability on same evaluation support; not a population confidence interval,False,
rico,30,2,attention_lstm,30,degrees C,mae,,smart_building_conformal/outputs/matched_forecasting005/rico_h30_f2_s42_v1|smart_building_conformal/outputs/matched_forecasting005/rico_h30_f2_s43_v1|smart_building_conformal/outputs/matched_forecasting005/rico_h30_f2_s44_v1,1ad851efbc64721175170cedc494487931981286fb015270b140f28c8c0a751b|050b5ce09462d58b7bce831cbc47f90ab7c8a1dad2cdbf0f11daf141c77b099b|d77ff883b70c530d7ef4a845d9f8bb9579906f566e5c281d2756cae0377e97b9,11407,3927,7667,42|43|44,3,3,2.8312468189295728,0.3033126074755866,2.647748233262293,3.1813461449492375,training-seed variability on same evaluation support; not a population confidence interval,False,
rico,30,2,attention_lstm,30,degrees C,rmse,,smart_building_conformal/outputs/matched_forecasting005/rico_h30_f2_s42_v1|smart_building_conformal/outputs/matched_forecasting005/rico_h30_f2_s43_v1|smart_building_conformal/outputs/matched_forecasting005/rico_h30_f2_s44_v1,1ad851efbc64721175170cedc494487931981286fb015270b140f28c8c0a751b|050b5ce09462d58b7bce831cbc47f90ab7c8a1dad2cdbf0f11daf141c77b099b|d77ff883b70c530d7ef4a845d9f8bb9579906f566e5c281d2756cae0377e97b9,11407,3927,7667,42|43|44,3,3,3.188223096072685,0.27788844188803447,2.969485774770644,3.500907949726539,training-seed variability on same evaluation support; not a population confidence interval,False,
rico,30,2,attention_lstm,30,degrees C,coverage90,0.9,smart_building_conformal/outputs/matched_forecasting005/rico_h30_f2_s42_v1|smart_building_conformal/outputs/matched_forecasting005/rico_h30_f2_s43_v1|smart_building_conformal/outputs/matched_forecasting005/rico_h30_f2_s44_v1,1ad851efbc64721175170cedc494487931981286fb015270b140f28c8c0a751b|050b5ce09462d58b7bce831cbc47f90ab7c8a1dad2cdbf0f11daf141c77b099b|d77ff883b70c530d7ef4a845d9f8bb9579906f566e5c281d2756cae0377e97b9,11407,3927,7667,42|43|44,3,3,0.09147428372679449,0.026623624459856214,0.06312769010043041,0.11595148037041868,training-seed variability on same evaluation support; not a population confidence interval,False,
rico,30,2,attention_lstm,30,degrees C,signed_coverage_deviation90,0.9,smart_building_conformal/outputs/matched_forecasting005/rico_h30_f2_s42_v1|smart_building_conformal/outputs/matched_forecasting005/rico_h30_f2_s43_v1|smart_building_conformal/outputs/matched_forecasting005/rico_h30_f2_s44_v1,1ad851efbc64721175170cedc494487931981286fb015270b140f28c8c0a751b|050b5ce09462d58b7bce831cbc47f90ab7c8a1dad2cdbf0f11daf141c77b099b|d77ff883b70c530d7ef4a845d9f8bb9579906f566e5c281d2756cae0377e97b9,11407,3927,7667,42|43|44,3,3,-0.8085257162732056,0.026623624459856228,-0.8368723098995696,-0.7840485196295813,training-seed variability on same evaluation support; not a population confidence interval,False,
rico,30,2,attention_lstm,30,degrees C,absolute_coverage_deviation90,0.9,smart_building_conformal/outputs/matched_forecasting005/rico_h30_f2_s42_v1|smart_building_conformal/outputs/matched_forecasting005/rico_h30_f2_s43_v1|smart_building_conformal/outputs/matched_forecasting005/rico_h30_f2_s44_v1,1ad851efbc64721175170cedc494487931981286fb015270b140f28c8c0a751b|050b5ce09462d58b7bce831cbc47f90ab7c8a1dad2cdbf0f11daf141c77b099b|d77ff883b70c530d7ef4a845d9f8bb9579906f566e5c281d2756cae0377e97b9,11407,3927,7667,42|43|44,3,3,0.8085257162732056,0.026623624459856228,0.7840485196295813,0.8368723098995696,training-seed variability on same evaluation support; not a population confidence interval,False,
rico,30,2,attention_lstm,30,degrees C,mpiw90,0.9,smart_building_conformal/outputs/matched_forecasting005/rico_h30_f2_s42_v1|smart_building_conformal/outputs/matched_forecasting005/rico_h30_f2_s43_v1|smart_building_conformal/outputs/matched_forecasting005/rico_h30_f2_s44_v1,1ad851efbc64721175170cedc494487931981286fb015270b140f28c8c0a751b|050b5ce09462d58b7bce831cbc47f90ab7c8a1dad2cdbf0f11daf141c77b099b|d77ff883b70c530d7ef4a845d9f8bb9579906f566e5c281d2756cae0377e97b9,11407,3927,7667,42|43|44,3,3,1.5815584818522126,0.10660183657752058,1.470456695556642,1.6830032348632784,training-seed variability on same evaluation support; not a population confidence interval,False,
rico,30,2,attention_lstm,30,degrees C,winkler90,0.9,smart_building_conformal/outputs/matched_forecasting005/rico_h30_f2_s42_v1|smart_building_conformal/outputs/matched_forecasting005/rico_h30_f2_s43_v1|smart_building_conformal/outputs/matched_forecasting005/rico_h30_f2_s44_v1,1ad851efbc64721175170cedc494487931981286fb015270b140f28c8c0a751b|050b5ce09462d58b7bce831cbc47f90ab7c8a1dad2cdbf0f11daf141c77b099b|d77ff883b70c530d7ef4a845d9f8bb9579906f566e5c281d2756cae0377e97b9,11407,3927,7667,42|43|44,3,3,43.21915661767175,5.722028098233506,39.171068092466626,49.76551666160258,training-seed variability on same evaluation support; not a population confidence interval,False,
rico,30,2,attention_lstm,30,degrees C,coverage95,0.95,smart_building_conformal/outputs/matched_forecasting005/rico_h30_f2_s42_v1|smart_building_conformal/outputs/matched_forecasting005/rico_h30_f2_s43_v1|smart_building_conformal/outputs/matched_forecasting005/rico_h30_f2_s44_v1,1ad851efbc64721175170cedc494487931981286fb015270b140f28c8c0a751b|050b5ce09462d58b7bce831cbc47f90ab7c8a1dad2cdbf0f11daf141c77b099b|d77ff883b70c530d7ef4a845d9f8bb9579906f566e5c281d2756cae0377e97b9,11407,3927,7667,42|43|44,3,3,0.10960393026390157,0.023258964343169125,0.09130037824442415,0.1357767053606365,training-seed variability on same evaluation support; not a population confidence interval,False,
rico,30,2,attention_lstm,30,degrees C,signed_coverage_deviation95,0.95,smart_building_conformal/outputs/matched_forecasting005/rico_h30_f2_s42_v1|smart_building_conformal/outputs/matched_forecasting005/rico_h30_f2_s43_v1|smart_building_conformal/outputs/matched_forecasting005/rico_h30_f2_s44_v1,1ad851efbc64721175170cedc494487931981286fb015270b140f28c8c0a751b|050b5ce09462d58b7bce831cbc47f90ab7c8a1dad2cdbf0f11daf141c77b099b|d77ff883b70c530d7ef4a845d9f8bb9579906f566e5c281d2756cae0377e97b9,11407,3927,7667,42|43|44,3,3,-0.8403960697360984,0.02325896434316911,-0.8586996217555758,-0.8142232946393635,training-seed variability on same evaluation support; not a population confidence interval,False,
rico,30,2,attention_lstm,30,degrees C,absolute_coverage_deviation95,0.95,smart_building_conformal/outputs/matched_forecasting005/rico_h30_f2_s42_v1|smart_building_conformal/outputs/matched_forecasting005/rico_h30_f2_s43_v1|smart_building_conformal/outputs/matched_forecasting005/rico_h30_f2_s44_v1,1ad851efbc64721175170cedc494487931981286fb015270b140f28c8c0a751b|050b5ce09462d58b7bce831cbc47f90ab7c8a1dad2cdbf0f11daf141c77b099b|d77ff883b70c530d7ef4a845d9f8bb9579906f566e5c281d2756cae0377e97b9,11407,3927,7667,42|43|44,3,3,0.8403960697360984,0.02325896434316911,0.8142232946393635,0.8586996217555758,training-seed variability on same evaluation support; not a population confidence interval,False,
rico,30,2,attention_lstm,30,degrees C,mpiw95,0.95,smart_building_conformal/outputs/matched_forecasting005/rico_h30_f2_s42_v1|smart_building_conformal/outputs/matched_forecasting005/rico_h30_f2_s43_v1|smart_building_conformal/outputs/matched_forecasting005/rico_h30_f2_s44_v1,1ad851efbc64721175170cedc494487931981286fb015270b140f28c8c0a751b|050b5ce09462d58b7bce831cbc47f90ab7c8a1dad2cdbf0f11daf141c77b099b|d77ff883b70c530d7ef4a845d9f8bb9579906f566e5c281d2756cae0377e97b9,11407,3927,7667,42|43|44,3,3,1.8782735188802089,0.037004152718719756,1.8360275268554744,1.9049430847167912,training-seed variability on same evaluation support; not a population confidence interval,False,
rico,30,2,attention_lstm,30,degrees C,winkler95,0.95,smart_building_conformal/outputs/matched_forecasting005/rico_h30_f2_s42_v1|smart_building_conformal/outputs/matched_forecasting005/rico_h30_f2_s43_v1|smart_building_conformal/outputs/matched_forecasting005/rico_h30_f2_s44_v1,1ad851efbc64721175170cedc494487931981286fb015270b140f28c8c0a751b|050b5ce09462d58b7bce831cbc47f90ab7c8a1dad2cdbf0f11daf141c77b099b|d77ff883b70c530d7ef4a845d9f8bb9579906f566e5c281d2756cae0377e97b9,11407,3927,7667,42|43|44,3,3,79.82501697632323,10.967855320504615,73.06946274934131,92.47995505889581,training-seed variability on same evaluation support; not a population confidence interval,False,
rico,30,2,attention_lstm,30,degrees C,tuning_seconds,,smart_building_conformal/outputs/matched_forecasting005/rico_h30_f2_s42_v1|smart_building_conformal/outputs/matched_forecasting005/rico_h30_f2_s43_v1|smart_building_conformal/outputs/matched_forecasting005/rico_h30_f2_s44_v1,1ad851efbc64721175170cedc494487931981286fb015270b140f28c8c0a751b|050b5ce09462d58b7bce831cbc47f90ab7c8a1dad2cdbf0f11daf141c77b099b|d77ff883b70c530d7ef4a845d9f8bb9579906f566e5c281d2756cae0377e97b9,11407,3927,7667,42|43|44,3,3,79.68828796666882,12.22318900678317,66.42844630000036,90.50614370001131,training-seed variability on same evaluation support; not a population confidence interval,False,
rico,30,2,attention_lstm,30,degrees C,final_fit_seconds,,smart_building_conformal/outputs/matched_forecasting005/rico_h30_f2_s42_v1|smart_building_conformal/outputs/matched_forecasting005/rico_h30_f2_s43_v1|smart_building_conformal/outputs/matched_forecasting005/rico_h30_f2_s44_v1,1ad851efbc64721175170cedc494487931981286fb015270b140f28c8c0a751b|050b5ce09462d58b7bce831cbc47f90ab7c8a1dad2cdbf0f11daf141c77b099b|d77ff883b70c530d7ef4a845d9f8bb9579906f566e5c281d2756cae0377e97b9,11407,3927,7667,42|43|44,3,3,33.42617329999727,4.505126416352625,30.212644800005364,38.57568929999252,training-seed variability on same evaluation support; not a population confidence interval,False,
rico,30,2,attention_lstm,30,degrees C,calibration_seconds,,smart_building_conformal/outputs/matched_forecasting005/rico_h30_f2_s42_v1|smart_building_conformal/outputs/matched_forecasting005/rico_h30_f2_s43_v1|smart_building_conformal/outputs/matched_forecasting005/rico_h30_f2_s44_v1,1ad851efbc64721175170cedc494487931981286fb015270b140f28c8c0a751b|050b5ce09462d58b7bce831cbc47f90ab7c8a1dad2cdbf0f11daf141c77b099b|d77ff883b70c530d7ef4a845d9f8bb9579906f566e5c281d2756cae0377e97b9,11407,3927,7667,42|43|44,3,3,0.1686592333377727,0.007164998092343363,0.16130350000457838,0.17561690000002272,training-seed variability on same evaluation support; not a population confidence interval,False,
rico,30,2,attention_lstm,30,degrees C,inference_seconds,,smart_building_conformal/outputs/matched_forecasting005/rico_h30_f2_s42_v1|smart_building_conformal/outputs/matched_forecasting005/rico_h30_f2_s43_v1|smart_building_conformal/outputs/matched_forecasting005/rico_h30_f2_s44_v1,1ad851efbc64721175170cedc494487931981286fb015270b140f28c8c0a751b|050b5ce09462d58b7bce831cbc47f90ab7c8a1dad2cdbf0f11daf141c77b099b|d77ff883b70c530d7ef4a845d9f8bb9579906f566e5c281d2756cae0377e97b9,11407,3927,7667,42|43|44,3,3,0.32320686666935217,0.008556359818559229,0.3134071000094991,0.3291951999999583,training-seed variability on same evaluation support; not a population confidence interval,False,
rico,30,2,attention_lstm,30,degrees C,model_phase_seconds,,smart_building_conformal/outputs/matched_forecasting005/rico_h30_f2_s42_v1|smart_building_conformal/outputs/matched_forecasting005/rico_h30_f2_s43_v1|smart_building_conformal/outputs/matched_forecasting005/rico_h30_f2_s44_v1,1ad851efbc64721175170cedc494487931981286fb015270b140f28c8c0a751b|050b5ce09462d58b7bce831cbc47f90ab7c8a1dad2cdbf0f11daf141c77b099b|d77ff883b70c530d7ef4a845d9f8bb9579906f566e5c281d2756cae0377e97b9,11407,3927,7667,42|43|44,3,3,113.60632736667321,16.223704111518064,97.14372630000435,129.5800855000125,training-seed variability on same evaluation support; not a population confidence interval,False,
rico,30,2,attention_lstm,30,degrees C,process_cpu_seconds,,smart_building_conformal/outputs/matched_forecasting005/rico_h30_f2_s42_v1|smart_building_conformal/outputs/matched_forecasting005/rico_h30_f2_s43_v1|smart_building_conformal/outputs/matched_forecasting005/rico_h30_f2_s44_v1,1ad851efbc64721175170cedc494487931981286fb015270b140f28c8c0a751b|050b5ce09462d58b7bce831cbc47f90ab7c8a1dad2cdbf0f11daf141c77b099b|d77ff883b70c530d7ef4a845d9f8bb9579906f566e5c281d2756cae0377e97b9,11407,3927,7667,42|43|44,3,3,111.25,16.235202096351465,94.609375,127.046875,training-seed variability on same evaluation support; not a population confidence interval,False,
rico,30,2,attention_lstm,30,degrees C,inference_rows_per_second,,smart_building_conformal/outputs/matched_forecasting005/rico_h30_f2_s42_v1|smart_building_conformal/outputs/matched_forecasting005/rico_h30_f2_s43_v1|smart_building_conformal/outputs/matched_forecasting005/rico_h30_f2_s44_v1,1ad851efbc64721175170cedc494487931981286fb015270b140f28c8c0a751b|050b5ce09462d58b7bce831cbc47f90ab7c8a1dad2cdbf0f11daf141c77b099b|d77ff883b70c530d7ef4a845d9f8bb9579906f566e5c281d2756cae0377e97b9,11407,3927,7667,42|43|44,3,3,23732.897922563778,637.3561026971161,23290.133027459004,24463.389628912744,training-seed variability on same evaluation support; not a population confidence interval,False,
rico,30,2,persistence,30,degrees C,mae,,smart_building_conformal/outputs/matched_forecasting005/rico_h30_f2_s42_v1|smart_building_conformal/outputs/matched_forecasting005/rico_h30_f2_s43_v1|smart_building_conformal/outputs/matched_forecasting005/rico_h30_f2_s44_v1,1ad851efbc64721175170cedc494487931981286fb015270b140f28c8c0a751b|050b5ce09462d58b7bce831cbc47f90ab7c8a1dad2cdbf0f11daf141c77b099b|d77ff883b70c530d7ef4a845d9f8bb9579906f566e5c281d2756cae0377e97b9,11407,3927,7667,42|43|44,3,3,0.38969610016955786,0.0,0.38969610016955786,0.38969610016955786,training-seed variability on same evaluation support; not a population confidence interval,True,1.0
rico,30,2,persistence,30,degrees C,rmse,,smart_building_conformal/outputs/matched_forecasting005/rico_h30_f2_s42_v1|smart_building_conformal/outputs/matched_forecasting005/rico_h30_f2_s43_v1|smart_building_conformal/outputs/matched_forecasting005/rico_h30_f2_s44_v1,1ad851efbc64721175170cedc494487931981286fb015270b140f28c8c0a751b|050b5ce09462d58b7bce831cbc47f90ab7c8a1dad2cdbf0f11daf141c77b099b|d77ff883b70c530d7ef4a845d9f8bb9579906f566e5c281d2756cae0377e97b9,11407,3927,7667,42|43|44,3,3,0.5994280130858491,0.0,0.5994280130858491,0.5994280130858491,training-seed variability on same evaluation support; not a population confidence interval,True,1.0
rico,30,2,persistence,30,degrees C,coverage90,0.9,smart_building_conformal/outputs/matched_forecasting005/rico_h30_f2_s42_v1|smart_building_conformal/outputs/matched_forecasting005/rico_h30_f2_s43_v1|smart_building_conformal/outputs/matched_forecasting005/rico_h30_f2_s44_v1,1ad851efbc64721175170cedc494487931981286fb015270b140f28c8c0a751b|050b5ce09462d58b7bce831cbc47f90ab7c8a1dad2cdbf0f11daf141c77b099b|d77ff883b70c530d7ef4a845d9f8bb9579906f566e5c281d2756cae0377e97b9,11407,3927,7667,42|43|44,3,3,0.9216121038215729,1.3597399555105182e-16,0.921612103821573,0.921612103821573,training-seed variability on same evaluation support; not a population confidence interval,True,1.0
rico,30,2,persistence,30,degrees C,signed_coverage_deviation90,0.9,smart_building_conformal/outputs/matched_forecasting005/rico_h30_f2_s42_v1|smart_building_conformal/outputs/matched_forecasting005/rico_h30_f2_s43_v1|smart_building_conformal/outputs/matched_forecasting005/rico_h30_f2_s44_v1,1ad851efbc64721175170cedc494487931981286fb015270b140f28c8c0a751b|050b5ce09462d58b7bce831cbc47f90ab7c8a1dad2cdbf0f11daf141c77b099b|d77ff883b70c530d7ef4a845d9f8bb9579906f566e5c281d2756cae0377e97b9,11407,3927,7667,42|43|44,3,3,0.02161210382157297,0.0,0.02161210382157297,0.02161210382157297,training-seed variability on same evaluation support; not a population confidence interval,True,1.0
rico,30,2,persistence,30,degrees C,absolute_coverage_deviation90,0.9,smart_building_conformal/outputs/matched_forecasting005/rico_h30_f2_s42_v1|smart_building_conformal/outputs/matched_forecasting005/rico_h30_f2_s43_v1|smart_building_conformal/outputs/matched_forecasting005/rico_h30_f2_s44_v1,1ad851efbc64721175170cedc494487931981286fb015270b140f28c8c0a751b|050b5ce09462d58b7bce831cbc47f90ab7c8a1dad2cdbf0f11daf141c77b099b|d77ff883b70c530d7ef4a845d9f8bb9579906f566e5c281d2756cae0377e97b9,11407,3927,7667,42|43|44,3,3,0.02161210382157297,0.0,0.02161210382157297,0.02161210382157297,training-seed variability on same evaluation support; not a population confidence interval,True,1.0
rico,30,2,persistence,30,degrees C,mpiw90,0.9,smart_building_conformal/outputs/matched_forecasting005/rico_h30_f2_s42_v1|smart_building_conformal/outputs/matched_forecasting005/rico_h30_f2_s43_v1|smart_building_conformal/outputs/matched_forecasting005/rico_h30_f2_s44_v1,1ad851efbc64721175170cedc494487931981286fb015270b140f28c8c0a751b|050b5ce09462d58b7bce831cbc47f90ab7c8a1dad2cdbf0f11daf141c77b099b|d77ff883b70c530d7ef4a845d9f8bb9579906f566e5c281d2756cae0377e97b9,11407,3927,7667,42|43|44,3,3,2.0,0.0,2.0,2.0,training-seed variability on same evaluation support; not a population confidence interval,True,1.0
rico,30,2,persistence,30,degrees C,winkler90,0.9,smart_building_conformal/outputs/matched_forecasting005/rico_h30_f2_s42_v1|smart_building_conformal/outputs/matched_forecasting005/rico_h30_f2_s43_v1|smart_building_conformal/outputs/matched_forecasting005/rico_h30_f2_s44_v1,1ad851efbc64721175170cedc494487931981286fb015270b140f28c8c0a751b|050b5ce09462d58b7bce831cbc47f90ab7c8a1dad2cdbf0f11daf141c77b099b|d77ff883b70c530d7ef4a845d9f8bb9579906f566e5c281d2756cae0377e97b9,11407,3927,7667,42|43|44,3,3,3.0014347202295553,0.0,3.0014347202295553,3.0014347202295553,training-seed variability on same evaluation support; not a population confidence interval,True,1.0
rico,30,2,persistence,30,degrees C,coverage95,0.95,smart_building_conformal/outputs/matched_forecasting005/rico_h30_f2_s42_v1|smart_building_conformal/outputs/matched_forecasting005/rico_h30_f2_s43_v1|smart_building_conformal/outputs/matched_forecasting005/rico_h30_f2_s44_v1,1ad851efbc64721175170cedc494487931981286fb015270b140f28c8c0a751b|050b5ce09462d58b7bce831cbc47f90ab7c8a1dad2cdbf0f11daf141c77b099b|d77ff883b70c530d7ef4a845d9f8bb9579906f566e5c281d2756cae0377e97b9,11407,3927,7667,42|43|44,3,3,0.9641319942611192,1.3597399555105182e-16,0.9641319942611191,0.9641319942611191,training-seed variability on same evaluation support; not a population confidence interval,True,1.0
rico,30,2,persistence,30,degrees C,signed_coverage_deviation95,0.95,smart_building_conformal/outputs/matched_forecasting005/rico_h30_f2_s42_v1|smart_building_conformal/outputs/matched_forecasting005/rico_h30_f2_s43_v1|smart_building_conformal/outputs/matched_forecasting005/rico_h30_f2_s44_v1,1ad851efbc64721175170cedc494487931981286fb015270b140f28c8c0a751b|050b5ce09462d58b7bce831cbc47f90ab7c8a1dad2cdbf0f11daf141c77b099b|d77ff883b70c530d7ef4a845d9f8bb9579906f566e5c281d2756cae0377e97b9,11407,3927,7667,42|43|44,3,3,0.014131994261119107,0.0,0.014131994261119107,0.014131994261119107,training-seed variability on same evaluation support; not a population confidence interval,True,1.0
rico,30,2,persistence,30,degrees C,absolute_coverage_deviation95,0.95,smart_building_conformal/outputs/matched_forecasting005/rico_h30_f2_s42_v1|smart_building_conformal/outputs/matched_forecasting005/rico_h30_f2_s43_v1|smart_building_conformal/outputs/matched_forecasting005/rico_h30_f2_s44_v1,1ad851efbc64721175170cedc494487931981286fb015270b140f28c8c0a751b|050b5ce09462d58b7bce831cbc47f90ab7c8a1dad2cdbf0f11daf141c77b099b|d77ff883b70c530d7ef4a845d9f8bb9579906f566e5c281d2756cae0377e97b9,11407,3927,7667,42|43|44,3,3,0.014131994261119107,0.0,0.014131994261119107,0.014131994261119107,training-seed variability on same evaluation support; not a population confidence interval,True,1.0
rico,30,2,persistence,30,degrees C,mpiw95,0.95,smart_building_conformal/outputs/matched_forecasting005/rico_h30_f2_s42_v1|smart_building_conformal/outputs/matched_forecasting005/rico_h30_f2_s43_v1|smart_building_conformal/outputs/matched_forecasting005/rico_h30_f2_s44_v1,1ad851efbc64721175170cedc494487931981286fb015270b140f28c8c0a751b|050b5ce09462d58b7bce831cbc47f90ab7c8a1dad2cdbf0f11daf141c77b099b|d77ff883b70c530d7ef4a845d9f8bb9579906f566e5c281d2756cae0377e97b9,11407,3927,7667,42|43|44,3,3,3.0,0.0,3.0,3.0,training-seed variability on same evaluation support; not a population confidence interval,True,1.0
rico,30,2,persistence,30,degrees C,winkler95,0.95,smart_building_conformal/outputs/matched_forecasting005/rico_h30_f2_s42_v1|smart_building_conformal/outputs/matched_forecasting005/rico_h30_f2_s43_v1|smart_building_conformal/outputs/matched_forecasting005/rico_h30_f2_s44_v1,1ad851efbc64721175170cedc494487931981286fb015270b140f28c8c0a751b|050b5ce09462d58b7bce831cbc47f90ab7c8a1dad2cdbf0f11daf141c77b099b|d77ff883b70c530d7ef4a845d9f8bb9579906f566e5c281d2756cae0377e97b9,11407,3927,7667,42|43|44,3,3,3.8623972870744745,0.0,3.8623972870744745,3.8623972870744745,training-seed variability on same evaluation support; not a population confidence interval,True,1.0
rico,30,2,persistence,30,degrees C,tuning_seconds,,smart_building_conformal/outputs/matched_forecasting005/rico_h30_f2_s42_v1|smart_building_conformal/outputs/matched_forecasting005/rico_h30_f2_s43_v1|smart_building_conformal/outputs/matched_forecasting005/rico_h30_f2_s44_v1,1ad851efbc64721175170cedc494487931981286fb015270b140f28c8c0a751b|050b5ce09462d58b7bce831cbc47f90ab7c8a1dad2cdbf0f11daf141c77b099b|d77ff883b70c530d7ef4a845d9f8bb9579906f566e5c281d2756cae0377e97b9,11407,3927,7667,42|43|44,3,3,0.0,0.0,0.0,0.0,training-seed variability on same evaluation support; not a population confidence interval,True,1.0
rico,30,2,persistence,30,degrees C,final_fit_seconds,,smart_building_conformal/outputs/matched_forecasting005/rico_h30_f2_s42_v1|smart_building_conformal/outputs/matched_forecasting005/rico_h30_f2_s43_v1|smart_building_conformal/outputs/matched_forecasting005/rico_h30_f2_s44_v1,1ad851efbc64721175170cedc494487931981286fb015270b140f28c8c0a751b|050b5ce09462d58b7bce831cbc47f90ab7c8a1dad2cdbf0f11daf141c77b099b|d77ff883b70c530d7ef4a845d9f8bb9579906f566e5c281d2756cae0377e97b9,11407,3927,7667,42|43|44,3,3,0.0005761999976433193,6.616622554527789e-05,0.0005375000037020072,0.0006525999924633652,training-seed variability on same evaluation support; not a population confidence interval,True,1.0
rico,30,2,persistence,30,degrees C,calibration_seconds,,smart_building_conformal/outputs/matched_forecasting005/rico_h30_f2_s42_v1|smart_building_conformal/outputs/matched_forecasting005/rico_h30_f2_s43_v1|smart_building_conformal/outputs/matched_forecasting005/rico_h30_f2_s44_v1,1ad851efbc64721175170cedc494487931981286fb015270b140f28c8c0a751b|050b5ce09462d58b7bce831cbc47f90ab7c8a1dad2cdbf0f11daf141c77b099b|d77ff883b70c530d7ef4a845d9f8bb9579906f566e5c281d2756cae0377e97b9,11407,3927,7667,42|43|44,3,3,0.0031143000014708377,0.0003761477193458324,0.0028848000001744367,0.0035483999963616952,training-seed variability on same evaluation support; not a population confidence interval,True,1.0
rico,30,2,persistence,30,degrees C,inference_seconds,,smart_building_conformal/outputs/matched_forecasting005/rico_h30_f2_s42_v1|smart_building_conformal/outputs/matched_forecasting005/rico_h30_f2_s43_v1|smart_building_conformal/outputs/matched_forecasting005/rico_h30_f2_s44_v1,1ad851efbc64721175170cedc494487931981286fb015270b140f28c8c0a751b|050b5ce09462d58b7bce831cbc47f90ab7c8a1dad2cdbf0f11daf141c77b099b|d77ff883b70c530d7ef4a845d9f8bb9579906f566e5c281d2756cae0377e97b9,11407,3927,7667,42|43|44,3,3,0.00451466666709166,0.0002970157655949514,0.004305299997213297,0.004854600003454834,training-seed variability on same evaluation support; not a population confidence interval,True,1.0
rico,30,2,persistence,30,degrees C,model_phase_seconds,,smart_building_conformal/outputs/matched_forecasting005/rico_h30_f2_s42_v1|smart_building_conformal/outputs/matched_forecasting005/rico_h30_f2_s43_v1|smart_building_conformal/outputs/matched_forecasting005/rico_h30_f2_s44_v1,1ad851efbc64721175170cedc494487931981286fb015270b140f28c8c0a751b|050b5ce09462d58b7bce831cbc47f90ab7c8a1dad2cdbf0f11daf141c77b099b|d77ff883b70c530d7ef4a845d9f8bb9579906f566e5c281d2756cae0377e97b9,11407,3927,7667,42|43|44,3,3,0.008205166666205818,0.0007382848061548159,0.007728599994152319,0.009055599992279895,training-seed variability on same evaluation support; not a population confidence interval,True,1.0
rico,30,2,persistence,30,degrees C,process_cpu_seconds,,smart_building_conformal/outputs/matched_forecasting005/rico_h30_f2_s42_v1|smart_building_conformal/outputs/matched_forecasting005/rico_h30_f2_s43_v1|smart_building_conformal/outputs/matched_forecasting005/rico_h30_f2_s44_v1,1ad851efbc64721175170cedc494487931981286fb015270b140f28c8c0a751b|050b5ce09462d58b7bce831cbc47f90ab7c8a1dad2cdbf0f11daf141c77b099b|d77ff883b70c530d7ef4a845d9f8bb9579906f566e5c281d2756cae0377e97b9,11407,3927,7667,42|43|44,3,3,0.005208333333333333,0.009021097956087904,0.0,0.015625,training-seed variability on same evaluation support; not a population confidence interval,True,1.0
rico,30,2,persistence,30,degrees C,inference_rows_per_second,,smart_building_conformal/outputs/matched_forecasting005/rico_h30_f2_s42_v1|smart_building_conformal/outputs/matched_forecasting005/rico_h30_f2_s43_v1|smart_building_conformal/outputs/matched_forecasting005/rico_h30_f2_s44_v1,1ad851efbc64721175170cedc494487931981286fb015270b140f28c8c0a751b|050b5ce09462d58b7bce831cbc47f90ab7c8a1dad2cdbf0f11daf141c77b099b|d77ff883b70c530d7ef4a845d9f8bb9579906f566e5c281d2756cae0377e97b9,11407,3927,7667,42|43|44,3,3,1702991.5677811739,108286.03703035349,1579326.8229192288,1780828.2825732562,training-seed variability on same evaluation support; not a population confidence interval,True,1.0
rico,30,2,xgboost,30,degrees C,mae,,smart_building_conformal/outputs/matched_forecasting005/rico_h30_f2_s42_v1|smart_building_conformal/outputs/matched_forecasting005/rico_h30_f2_s43_v1|smart_building_conformal/outputs/matched_forecasting005/rico_h30_f2_s44_v1,1ad851efbc64721175170cedc494487931981286fb015270b140f28c8c0a751b|050b5ce09462d58b7bce831cbc47f90ab7c8a1dad2cdbf0f11daf141c77b099b|d77ff883b70c530d7ef4a845d9f8bb9579906f566e5c281d2756cae0377e97b9,11407,3927,7667,42|43|44,3,3,0.6832837812931952,0.03468104180100325,0.6456994589201953,0.7140483563643197,training-seed variability on same evaluation support; not a population confidence interval,False,
rico,30,2,xgboost,30,degrees C,rmse,,smart_building_conformal/outputs/matched_forecasting005/rico_h30_f2_s42_v1|smart_building_conformal/outputs/matched_forecasting005/rico_h30_f2_s43_v1|smart_building_conformal/outputs/matched_forecasting005/rico_h30_f2_s44_v1,1ad851efbc64721175170cedc494487931981286fb015270b140f28c8c0a751b|050b5ce09462d58b7bce831cbc47f90ab7c8a1dad2cdbf0f11daf141c77b099b|d77ff883b70c530d7ef4a845d9f8bb9579906f566e5c281d2756cae0377e97b9,11407,3927,7667,42|43|44,3,3,0.9447265007512905,0.037742617683055826,0.9054184288208361,0.9806796716752199,training-seed variability on same evaluation support; not a population confidence interval,False,
rico,30,2,xgboost,30,degrees C,coverage90,0.9,smart_building_conformal/outputs/matched_forecasting005/rico_h30_f2_s42_v1|smart_building_conformal/outputs/matched_forecasting005/rico_h30_f2_s43_v1|smart_building_conformal/outputs/matched_forecasting005/rico_h30_f2_s44_v1,1ad851efbc64721175170cedc494487931981286fb015270b140f28c8c0a751b|050b5ce09462d58b7bce831cbc47f90ab7c8a1dad2cdbf0f11daf141c77b099b|d77ff883b70c530d7ef4a845d9f8bb9579906f566e5c281d2756cae0377e97b9,11407,3927,7667,42|43|44,3,3,0.6424068518760054,0.03994823183123147,0.6164079822616408,0.6884048519629581,training-seed variability on same evaluation support; not a population confidence interval,False,
rico,30,2,xgboost,30,degrees C,signed_coverage_deviation90,0.9,smart_building_conformal/outputs/matched_forecasting005/rico_h30_f2_s42_v1|smart_building_conformal/outputs/matched_forecasting005/rico_h30_f2_s43_v1|smart_building_conformal/outputs/matched_forecasting005/rico_h30_f2_s44_v1,1ad851efbc64721175170cedc494487931981286fb015270b140f28c8c0a751b|050b5ce09462d58b7bce831cbc47f90ab7c8a1dad2cdbf0f11daf141c77b099b|d77ff883b70c530d7ef4a845d9f8bb9579906f566e5c281d2756cae0377e97b9,11407,3927,7667,42|43|44,3,3,-0.25759314812399464,0.03994823183123148,-0.2835920177383592,-0.21159514803704194,training-seed variability on same evaluation support; not a population confidence interval,False,
rico,30,2,xgboost,30,degrees C,absolute_coverage_deviation90,0.9,smart_building_conformal/outputs/matched_forecasting005/rico_h30_f2_s42_v1|smart_building_conformal/outputs/matched_forecasting005/rico_h30_f2_s43_v1|smart_building_conformal/outputs/matched_forecasting005/rico_h30_f2_s44_v1,1ad851efbc64721175170cedc494487931981286fb015270b140f28c8c0a751b|050b5ce09462d58b7bce831cbc47f90ab7c8a1dad2cdbf0f11daf141c77b099b|d77ff883b70c530d7ef4a845d9f8bb9579906f566e5c281d2756cae0377e97b9,11407,3927,7667,42|43|44,3,3,0.25759314812399464,0.03994823183123148,0.21159514803704194,0.2835920177383592,training-seed variability on same evaluation support; not a population confidence interval,False,
rico,30,2,xgboost,30,degrees C,mpiw90,0.9,smart_building_conformal/outputs/matched_forecasting005/rico_h30_f2_s42_v1|smart_building_conformal/outputs/matched_forecasting005/rico_h30_f2_s43_v1|smart_building_conformal/outputs/matched_forecasting005/rico_h30_f2_s44_v1,1ad851efbc64721175170cedc494487931981286fb015270b140f28c8c0a751b|050b5ce09462d58b7bce831cbc47f90ab7c8a1dad2cdbf0f11daf141c77b099b|d77ff883b70c530d7ef4a845d9f8bb9579906f566e5c281d2756cae0377e97b9,11407,3927,7667,42|43|44,3,3,1.350866699218751,0.07255469553761375,1.295999145507814,1.4331306457519517,training-seed variability on same evaluation support; not a population confidence interval,False,
rico,30,2,xgboost,30,degrees C,winkler90,0.9,smart_building_conformal/outputs/matched_forecasting005/rico_h30_f2_s42_v1|smart_building_conformal/outputs/matched_forecasting005/rico_h30_f2_s43_v1|smart_building_conformal/outputs/matched_forecasting005/rico_h30_f2_s44_v1,1ad851efbc64721175170cedc494487931981286fb015270b140f28c8c0a751b|050b5ce09462d58b7bce831cbc47f90ab7c8a1dad2cdbf0f11daf141c77b099b|d77ff883b70c530d7ef4a845d9f8bb9579906f566e5c281d2756cae0377e97b9,11407,3927,7667,42|43|44,3,3,6.342600560879675,0.6028643234711238,5.652209475940068,6.765032784345169,training-seed variability on same evaluation support; not a population confidence interval,False,
rico,30,2,xgboost,30,degrees C,coverage95,0.95,smart_building_conformal/outputs/matched_forecasting005/rico_h30_f2_s42_v1|smart_building_conformal/outputs/matched_forecasting005/rico_h30_f2_s43_v1|smart_building_conformal/outputs/matched_forecasting005/rico_h30_f2_s44_v1,1ad851efbc64721175170cedc494487931981286fb015270b140f28c8c0a751b|050b5ce09462d58b7bce831cbc47f90ab7c8a1dad2cdbf0f11daf141c77b099b|d77ff883b70c530d7ef4a845d9f8bb9579906f566e5c281d2756cae0377e97b9,11407,3927,7667,42|43|44,3,3,0.8121386026694492,0.03267251419511458,0.7888352680318247,0.8494848050084779,training-seed variability on same evaluation support; not a population confidence interval,False,
rico,30,2,xgboost,30,degrees C,signed_coverage_deviation95,0.95,smart_building_conformal/outputs/matched_forecasting005/rico_h30_f2_s42_v1|smart_building_conformal/outputs/matched_forecasting005/rico_h30_f2_s43_v1|smart_building_conformal/outputs/matched_forecasting005/rico_h30_f2_s44_v1,1ad851efbc64721175170cedc494487931981286fb015270b140f28c8c0a751b|050b5ce09462d58b7bce831cbc47f90ab7c8a1dad2cdbf0f11daf141c77b099b|d77ff883b70c530d7ef4a845d9f8bb9579906f566e5c281d2756cae0377e97b9,11407,3927,7667,42|43|44,3,3,-0.1378613973305508,0.03267251419511458,-0.16116473196817527,-0.10051519499152206,training-seed variability on same evaluation support; not a population confidence interval,False,
rico,30,2,xgboost,30,degrees C,absolute_coverage_deviation95,0.95,smart_building_conformal/outputs/matched_forecasting005/rico_h30_f2_s42_v1|smart_building_conformal/outputs/matched_forecasting005/rico_h30_f2_s43_v1|smart_building_conformal/outputs/matched_forecasting005/rico_h30_f2_s44_v1,1ad851efbc64721175170cedc494487931981286fb015270b140f28c8c0a751b|050b5ce09462d58b7bce831cbc47f90ab7c8a1dad2cdbf0f11daf141c77b099b|d77ff883b70c530d7ef4a845d9f8bb9579906f566e5c281d2756cae0377e97b9,11407,3927,7667,42|43|44,3,3,0.1378613973305508,0.03267251419511458,0.10051519499152206,0.16116473196817527,training-seed variability on same evaluation support; not a population confidence interval,False,
rico,30,2,xgboost,30,degrees C,mpiw95,0.95,smart_building_conformal/outputs/matched_forecasting005/rico_h30_f2_s42_v1|smart_building_conformal/outputs/matched_forecasting005/rico_h30_f2_s43_v1|smart_building_conformal/outputs/matched_forecasting005/rico_h30_f2_s44_v1,1ad851efbc64721175170cedc494487931981286fb015270b140f28c8c0a751b|050b5ce09462d58b7bce831cbc47f90ab7c8a1dad2cdbf0f11daf141c77b099b|d77ff883b70c530d7ef4a845d9f8bb9579906f566e5c281d2756cae0377e97b9,11407,3927,7667,42|43|44,3,3,2.2604927062988267,0.14857109307046693,2.1206932067871094,2.4165054321289006,training-seed variability on same evaluation support; not a population confidence interval,False,
rico,30,2,xgboost,30,degrees C,winkler95,0.95,smart_building_conformal/outputs/matched_forecasting005/rico_h30_f2_s42_v1|smart_building_conformal/outputs/matched_forecasting005/rico_h30_f2_s43_v1|smart_building_conformal/outputs/matched_forecasting005/rico_h30_f2_s44_v1,1ad851efbc64721175170cedc494487931981286fb015270b140f28c8c0a751b|050b5ce09462d58b7bce831cbc47f90ab7c8a1dad2cdbf0f11daf141c77b099b|d77ff883b70c530d7ef4a845d9f8bb9579906f566e5c281d2756cae0377e97b9,11407,3927,7667,42|43|44,3,3,7.555950067872653,0.6971282355031478,6.751449154482784,7.982106318883667,training-seed variability on same evaluation support; not a population confidence interval,False,
rico,30,2,xgboost,30,degrees C,tuning_seconds,,smart_building_conformal/outputs/matched_forecasting005/rico_h30_f2_s42_v1|smart_building_conformal/outputs/matched_forecasting005/rico_h30_f2_s43_v1|smart_building_conformal/outputs/matched_forecasting005/rico_h30_f2_s44_v1,1ad851efbc64721175170cedc494487931981286fb015270b140f28c8c0a751b|050b5ce09462d58b7bce831cbc47f90ab7c8a1dad2cdbf0f11daf141c77b099b|d77ff883b70c530d7ef4a845d9f8bb9579906f566e5c281d2756cae0377e97b9,11407,3927,7667,42|43|44,3,3,3.212345166662999,0.01969511305284344,3.189616899995599,3.2243925999937346,training-seed variability on same evaluation support; not a population confidence interval,False,
rico,30,2,xgboost,30,degrees C,final_fit_seconds,,smart_building_conformal/outputs/matched_forecasting005/rico_h30_f2_s42_v1|smart_building_conformal/outputs/matched_forecasting005/rico_h30_f2_s43_v1|smart_building_conformal/outputs/matched_forecasting005/rico_h30_f2_s44_v1,1ad851efbc64721175170cedc494487931981286fb015270b140f28c8c0a751b|050b5ce09462d58b7bce831cbc47f90ab7c8a1dad2cdbf0f11daf141c77b099b|d77ff883b70c530d7ef4a845d9f8bb9579906f566e5c281d2756cae0377e97b9,11407,3927,7667,42|43|44,3,3,1.1946243666655694,0.011430658754092571,1.1814759999979287,1.2021987000043737,training-seed variability on same evaluation support; not a population confidence interval,False,
rico,30,2,xgboost,30,degrees C,calibration_seconds,,smart_building_conformal/outputs/matched_forecasting005/rico_h30_f2_s42_v1|smart_building_conformal/outputs/matched_forecasting005/rico_h30_f2_s43_v1|smart_building_conformal/outputs/matched_forecasting005/rico_h30_f2_s44_v1,1ad851efbc64721175170cedc494487931981286fb015270b140f28c8c0a751b|050b5ce09462d58b7bce831cbc47f90ab7c8a1dad2cdbf0f11daf141c77b099b|d77ff883b70c530d7ef4a845d9f8bb9579906f566e5c281d2756cae0377e97b9,11407,3927,7667,42|43|44,3,3,0.07181473333669904,0.0013410535199252296,0.07050300000264542,0.0731833000027109,training-seed variability on same evaluation support; not a population confidence interval,False,
rico,30,2,xgboost,30,degrees C,inference_seconds,,smart_building_conformal/outputs/matched_forecasting005/rico_h30_f2_s42_v1|smart_building_conformal/outputs/matched_forecasting005/rico_h30_f2_s43_v1|smart_building_conformal/outputs/matched_forecasting005/rico_h30_f2_s44_v1,1ad851efbc64721175170cedc494487931981286fb015270b140f28c8c0a751b|050b5ce09462d58b7bce831cbc47f90ab7c8a1dad2cdbf0f11daf141c77b099b|d77ff883b70c530d7ef4a845d9f8bb9579906f566e5c281d2756cae0377e97b9,11407,3927,7667,42|43|44,3,3,0.1391783333310741,0.005579327551066853,0.13492669999686768,0.1454959999973653,training-seed variability on same evaluation support; not a population confidence interval,False,
rico,30,2,xgboost,30,degrees C,model_phase_seconds,,smart_building_conformal/outputs/matched_forecasting005/rico_h30_f2_s42_v1|smart_building_conformal/outputs/matched_forecasting005/rico_h30_f2_s43_v1|smart_building_conformal/outputs/matched_forecasting005/rico_h30_f2_s44_v1,1ad851efbc64721175170cedc494487931981286fb015270b140f28c8c0a751b|050b5ce09462d58b7bce831cbc47f90ab7c8a1dad2cdbf0f11daf141c77b099b|d77ff883b70c530d7ef4a845d9f8bb9579906f566e5c281d2756cae0377e97b9,11407,3927,7667,42|43|44,3,3,4.617962599996342,0.015912095218134747,4.600110899991705,4.63065440000355,training-seed variability on same evaluation support; not a population confidence interval,False,
rico,30,2,xgboost,30,degrees C,process_cpu_seconds,,smart_building_conformal/outputs/matched_forecasting005/rico_h30_f2_s42_v1|smart_building_conformal/outputs/matched_forecasting005/rico_h30_f2_s43_v1|smart_building_conformal/outputs/matched_forecasting005/rico_h30_f2_s44_v1,1ad851efbc64721175170cedc494487931981286fb015270b140f28c8c0a751b|050b5ce09462d58b7bce831cbc47f90ab7c8a1dad2cdbf0f11daf141c77b099b|d77ff883b70c530d7ef4a845d9f8bb9579906f566e5c281d2756cae0377e97b9,11407,3927,7667,42|43|44,3,3,4.473958333333333,0.054873196629441345,4.421875,4.53125,training-seed variability on same evaluation support; not a population confidence interval,False,
rico,30,2,xgboost,30,degrees C,inference_rows_per_second,,smart_building_conformal/outputs/matched_forecasting005/rico_h30_f2_s42_v1|smart_building_conformal/outputs/matched_forecasting005/rico_h30_f2_s43_v1|smart_building_conformal/outputs/matched_forecasting005/rico_h30_f2_s44_v1,1ad851efbc64721175170cedc494487931981286fb015270b140f28c8c0a751b|050b5ce09462d58b7bce831cbc47f90ab7c8a1dad2cdbf0f11daf141c77b099b|d77ff883b70c530d7ef4a845d9f8bb9579906f566e5c281d2756cae0377e97b9,11407,3927,7667,42|43|44,3,3,55145.57328745784,2169.530022986083,52695.6067530299,56823.4456203108,training-seed variability on same evaluation support; not a population confidence interval,False,
rico,60,2,attention_lstm,60,degrees C,mae,,smart_building_conformal/outputs/matched_forecasting005/rico_h60_f2_s42_v1|smart_building_conformal/outputs/matched_forecasting005/rico_h60_f2_s43_v1|smart_building_conformal/outputs/matched_forecasting005/rico_h60_f2_s44_v1,1313d1f837d1a817bae522e566b1ae780eac3779acb6c6ce8a1d3c571d0498f2|85ad761357274da3f86ef8417ede058f4bfe3615117513b11d0b1ac2c3765dfe|01b0ab222def6a097a71173f162a9d0a123cee2401f80ab01e645ea937b84d41,9577,3297,6437,42|43|44,3,3,2.7714606291959734,0.3493848545285221,2.5098706116675586,3.1682401743923374,training-seed variability on same evaluation support; not a population confidence interval,False,
rico,60,2,attention_lstm,60,degrees C,rmse,,smart_building_conformal/outputs/matched_forecasting005/rico_h60_f2_s42_v1|smart_building_conformal/outputs/matched_forecasting005/rico_h60_f2_s43_v1|smart_building_conformal/outputs/matched_forecasting005/rico_h60_f2_s44_v1,1313d1f837d1a817bae522e566b1ae780eac3779acb6c6ce8a1d3c571d0498f2|85ad761357274da3f86ef8417ede058f4bfe3615117513b11d0b1ac2c3765dfe|01b0ab222def6a097a71173f162a9d0a123cee2401f80ab01e645ea937b84d41,9577,3297,6437,42|43|44,3,3,3.223222785912315,0.3618117751120851,2.928313333282194,3.6269567967429404,training-seed variability on same evaluation support; not a population confidence interval,False,
rico,60,2,attention_lstm,60,degrees C,coverage90,0.9,smart_building_conformal/outputs/matched_forecasting005/rico_h60_f2_s42_v1|smart_building_conformal/outputs/matched_forecasting005/rico_h60_f2_s43_v1|smart_building_conformal/outputs/matched_forecasting005/rico_h60_f2_s44_v1,1313d1f837d1a817bae522e566b1ae780eac3779acb6c6ce8a1d3c571d0498f2|85ad761357274da3f86ef8417ede058f4bfe3615117513b11d0b1ac2c3765dfe|01b0ab222def6a097a71173f162a9d0a123cee2401f80ab01e645ea937b84d41,9577,3297,6437,42|43|44,3,3,0.16368908912019056,0.04572344560033263,0.1132515146807519,0.2024234892030449,training-seed variability on same evaluation support; not a population confidence interval,False,
rico,60,2,attention_lstm,60,degrees C,signed_coverage_deviation90,0.9,smart_building_conformal/outputs/matched_forecasting005/rico_h60_f2_s42_v1|smart_building_conformal/outputs/matched_forecasting005/rico_h60_f2_s43_v1|smart_building_conformal/outputs/matched_forecasting005/rico_h60_f2_s44_v1,1313d1f837d1a817bae522e566b1ae780eac3779acb6c6ce8a1d3c571d0498f2|85ad761357274da3f86ef8417ede058f4bfe3615117513b11d0b1ac2c3765dfe|01b0ab222def6a097a71173f162a9d0a123cee2401f80ab01e645ea937b84d41,9577,3297,6437,42|43|44,3,3,-0.7363109108798094,0.045723445600332625,-0.7867484853192481,-0.6975765107969552,training-seed variability on same evaluation support; not a population confidence interval,False,
rico,60,2,attention_lstm,60,degrees C,absolute_coverage_deviation90,0.9,smart_building_conformal/outputs/matched_forecasting005/rico_h60_f2_s42_v1|smart_building_conformal/outputs/matched_forecasting005/rico_h60_f2_s43_v1|smart_building_conformal/outputs/matched_forecasting005/rico_h60_f2_s44_v1,1313d1f837d1a817bae522e566b1ae780eac3779acb6c6ce8a1d3c571d0498f2|85ad761357274da3f86ef8417ede058f4bfe3615117513b11d0b1ac2c3765dfe|01b0ab222def6a097a71173f162a9d0a123cee2401f80ab01e645ea937b84d41,9577,3297,6437,42|43|44,3,3,0.7363109108798094,0.045723445600332625,0.6975765107969552,0.7867484853192481,training-seed variability on same evaluation support; not a population confidence interval,False,
rico,60,2,attention_lstm,60,degrees C,mpiw90,0.9,smart_building_conformal/outputs/matched_forecasting005/rico_h60_f2_s42_v1|smart_building_conformal/outputs/matched_forecasting005/rico_h60_f2_s43_v1|smart_building_conformal/outputs/matched_forecasting005/rico_h60_f2_s44_v1,1313d1f837d1a817bae522e566b1ae780eac3779acb6c6ce8a1d3c571d0498f2|85ad761357274da3f86ef8417ede058f4bfe3615117513b11d0b1ac2c3765dfe|01b0ab222def6a097a71173f162a9d0a123cee2401f80ab01e645ea937b84d41,9577,3297,6437,42|43|44,3,3,2.0212465922037786,0.336712025175654,1.7072830200195312,2.3768363952636733,training-seed variability on same evaluation support; not a population confidence interval,False,
rico,60,2,attention_lstm,60,degrees C,winkler90,0.9,smart_building_conformal/outputs/matched_forecasting005/rico_h60_f2_s42_v1|smart_building_conformal/outputs/matched_forecasting005/rico_h60_f2_s43_v1|smart_building_conformal/outputs/matched_forecasting005/rico_h60_f2_s44_v1,1313d1f837d1a817bae522e566b1ae780eac3779acb6c6ce8a1d3c571d0498f2|85ad761357274da3f86ef8417ede058f4bfe3615117513b11d0b1ac2c3765dfe|01b0ab222def6a097a71173f162a9d0a123cee2401f80ab01e645ea937b84d41,9577,3297,6437,42|43|44,3,3,39.14836231208181,8.907461533643817,31.62038951066037,48.98195249715428,training-seed variability on same evaluation support; not a population confidence interval,False,
rico,60,2,attention_lstm,60,degrees C,coverage95,0.95,smart_building_conformal/outputs/matched_forecasting005/rico_h60_f2_s42_v1|smart_building_conformal/outputs/matched_forecasting005/rico_h60_f2_s43_v1|smart_building_conformal/outputs/matched_forecasting005/rico_h60_f2_s44_v1,1313d1f837d1a817bae522e566b1ae780eac3779acb6c6ce8a1d3c571d0498f2|85ad761357274da3f86ef8417ede058f4bfe3615117513b11d0b1ac2c3765dfe|01b0ab222def6a097a71173f162a9d0a123cee2401f80ab01e645ea937b84d41,9577,3297,6437,42|43|44,3,3,0.19631298223810265,0.05579497321057304,0.13733105483921082,0.24825229144011185,training-seed variability on same evaluation support; not a population confidence interval,False,
rico,60,2,attention_lstm,60,degrees C,signed_coverage_deviation95,0.95,smart_building_conformal/outputs/matched_forecasting005/rico_h60_f2_s42_v1|smart_building_conformal/outputs/matched_forecasting005/rico_h60_f2_s43_v1|smart_building_conformal/outputs/matched_forecasting005/rico_h60_f2_s44_v1,1313d1f837d1a817bae522e566b1ae780eac3779acb6c6ce8a1d3c571d0498f2|85ad761357274da3f86ef8417ede058f4bfe3615117513b11d0b1ac2c3765dfe|01b0ab222def6a097a71173f162a9d0a123cee2401f80ab01e645ea937b84d41,9577,3297,6437,42|43|44,3,3,-0.7536870177618974,0.05579497321057304,-0.8126689451607891,-0.7017477085598881,training-seed variability on same evaluation support; not a population confidence interval,False,
rico,60,2,attention_lstm,60,degrees C,absolute_coverage_deviation95,0.95,smart_building_conformal/outputs/matched_forecasting005/rico_h60_f2_s42_v1|smart_building_conformal/outputs/matched_forecasting005/rico_h60_f2_s43_v1|smart_building_conformal/outputs/matched_forecasting005/rico_h60_f2_s44_v1,1313d1f837d1a817bae522e566b1ae780eac3779acb6c6ce8a1d3c571d0498f2|85ad761357274da3f86ef8417ede058f4bfe3615117513b11d0b1ac2c3765dfe|01b0ab222def6a097a71173f162a9d0a123cee2401f80ab01e645ea937b84d41,9577,3297,6437,42|43|44,3,3,0.7536870177618974,0.05579497321057304,0.7017477085598881,0.8126689451607891,training-seed variability on same evaluation support; not a population confidence interval,False,
rico,60,2,attention_lstm,60,degrees C,mpiw95,0.95,smart_building_conformal/outputs/matched_forecasting005/rico_h60_f2_s42_v1|smart_building_conformal/outputs/matched_forecasting005/rico_h60_f2_s43_v1|smart_building_conformal/outputs/matched_forecasting005/rico_h60_f2_s44_v1,1313d1f837d1a817bae522e566b1ae780eac3779acb6c6ce8a1d3c571d0498f2|85ad761357274da3f86ef8417ede058f4bfe3615117513b11d0b1ac2c3765dfe|01b0ab222def6a097a71173f162a9d0a123cee2401f80ab01e645ea937b84d41,9577,3297,6437,42|43|44,3,3,2.414852142333982,0.4078597031370201,2.108522796630858,2.8778091430664006,training-seed variability on same evaluation support; not a population confidence interval,False,
rico,60,2,attention_lstm,60,degrees C,winkler95,0.95,smart_building_conformal/outputs/matched_forecasting005/rico_h60_f2_s42_v1|smart_building_conformal/outputs/matched_forecasting005/rico_h60_f2_s43_v1|smart_building_conformal/outputs/matched_forecasting005/rico_h60_f2_s44_v1,1313d1f837d1a817bae522e566b1ae780eac3779acb6c6ce8a1d3c571d0498f2|85ad761357274da3f86ef8417ede058f4bfe3615117513b11d0b1ac2c3765dfe|01b0ab222def6a097a71173f162a9d0a123cee2401f80ab01e645ea937b84d41,9577,3297,6437,42|43|44,3,3,70.23519125019801,18.19036309977728,53.59170256942555,89.65355773885477,training-seed variability on same evaluation support; not a population confidence interval,False,
rico,60,2,attention_lstm,60,degrees C,tuning_seconds,,smart_building_conformal/outputs/matched_forecasting005/rico_h60_f2_s42_v1|smart_building_conformal/outputs/matched_forecasting005/rico_h60_f2_s43_v1|smart_building_conformal/outputs/matched_forecasting005/rico_h60_f2_s44_v1,1313d1f837d1a817bae522e566b1ae780eac3779acb6c6ce8a1d3c571d0498f2|85ad761357274da3f86ef8417ede058f4bfe3615117513b11d0b1ac2c3765dfe|01b0ab222def6a097a71173f162a9d0a123cee2401f80ab01e645ea937b84d41,9577,3297,6437,42|43|44,3,3,47.358149566665816,5.642344244211275,40.84425190000184,50.72868299999391,training-seed variability on same evaluation support; not a population confidence interval,False,
rico,60,2,attention_lstm,60,degrees C,final_fit_seconds,,smart_building_conformal/outputs/matched_forecasting005/rico_h60_f2_s42_v1|smart_building_conformal/outputs/matched_forecasting005/rico_h60_f2_s43_v1|smart_building_conformal/outputs/matched_forecasting005/rico_h60_f2_s44_v1,1313d1f837d1a817bae522e566b1ae780eac3779acb6c6ce8a1d3c571d0498f2|85ad761357274da3f86ef8417ede058f4bfe3615117513b11d0b1ac2c3765dfe|01b0ab222def6a097a71173f162a9d0a123cee2401f80ab01e645ea937b84d41,9577,3297,6437,42|43|44,3,3,11.667734166665468,3.1085777961182797,8.297801699998672,14.423177999997279,training-seed variability on same evaluation support; not a population confidence interval,False,
rico,60,2,attention_lstm,60,degrees C,calibration_seconds,,smart_building_conformal/outputs/matched_forecasting005/rico_h60_f2_s42_v1|smart_building_conformal/outputs/matched_forecasting005/rico_h60_f2_s43_v1|smart_building_conformal/outputs/matched_forecasting005/rico_h60_f2_s44_v1,1313d1f837d1a817bae522e566b1ae780eac3779acb6c6ce8a1d3c571d0498f2|85ad761357274da3f86ef8417ede058f4bfe3615117513b11d0b1ac2c3765dfe|01b0ab222def6a097a71173f162a9d0a123cee2401f80ab01e645ea937b84d41,9577,3297,6437,42|43|44,3,3,0.1409322333347518,0.0043400230249633145,0.13625080000201706,0.14482180000049993,training-seed variability on same evaluation support; not a population confidence interval,False,
rico,60,2,attention_lstm,60,degrees C,inference_seconds,,smart_building_conformal/outputs/matched_forecasting005/rico_h60_f2_s42_v1|smart_building_conformal/outputs/matched_forecasting005/rico_h60_f2_s43_v1|smart_building_conformal/outputs/matched_forecasting005/rico_h60_f2_s44_v1,1313d1f837d1a817bae522e566b1ae780eac3779acb6c6ce8a1d3c571d0498f2|85ad761357274da3f86ef8417ede058f4bfe3615117513b11d0b1ac2c3765dfe|01b0ab222def6a097a71173f162a9d0a123cee2401f80ab01e645ea937b84d41,9577,3297,6437,42|43|44,3,3,0.2724851333356734,0.007324238285613712,0.2677724000022863,0.28092319999996107,training-seed variability on same evaluation support; not a population confidence interval,False,
rico,60,2,attention_lstm,60,degrees C,model_phase_seconds,,smart_building_conformal/outputs/matched_forecasting005/rico_h60_f2_s42_v1|smart_building_conformal/outputs/matched_forecasting005/rico_h60_f2_s43_v1|smart_building_conformal/outputs/matched_forecasting005/rico_h60_f2_s44_v1,1313d1f837d1a817bae522e566b1ae780eac3779acb6c6ce8a1d3c571d0498f2|85ad761357274da3f86ef8417ede058f4bfe3615117513b11d0b1ac2c3765dfe|01b0ab222def6a097a71173f162a9d0a123cee2401f80ab01e645ea937b84d41,9577,3297,6437,42|43|44,3,3,59.43930110000171,8.64476575872895,49.55155010000453,65.56903499999316,training-seed variability on same evaluation support; not a population confidence interval,False,
rico,60,2,attention_lstm,60,degrees C,process_cpu_seconds,,smart_building_conformal/outputs/matched_forecasting005/rico_h60_f2_s42_v1|smart_building_conformal/outputs/matched_forecasting005/rico_h60_f2_s43_v1|smart_building_conformal/outputs/matched_forecasting005/rico_h60_f2_s44_v1,1313d1f837d1a817bae522e566b1ae780eac3779acb6c6ce8a1d3c571d0498f2|85ad761357274da3f86ef8417ede058f4bfe3615117513b11d0b1ac2c3765dfe|01b0ab222def6a097a71173f162a9d0a123cee2401f80ab01e645ea937b84d41,9577,3297,6437,42|43|44,3,3,58.229166666666664,8.257399814270128,48.765625,63.96875,training-seed variability on same evaluation support; not a population confidence interval,False,
rico,60,2,attention_lstm,60,degrees C,inference_rows_per_second,,smart_building_conformal/outputs/matched_forecasting005/rico_h60_f2_s42_v1|smart_building_conformal/outputs/matched_forecasting005/rico_h60_f2_s43_v1|smart_building_conformal/outputs/matched_forecasting005/rico_h60_f2_s44_v1,1313d1f837d1a817bae522e566b1ae780eac3779acb6c6ce8a1d3c571d0498f2|85ad761357274da3f86ef8417ede058f4bfe3615117513b11d0b1ac2c3765dfe|01b0ab222def6a097a71173f162a9d0a123cee2401f80ab01e645ea937b84d41,9577,3297,6437,42|43|44,3,3,23634.520793695585,625.7780677815106,22913.735853788123,24039.0719877965,training-seed variability on same evaluation support; not a population confidence interval,False,
rico,60,2,persistence,60,degrees C,mae,,smart_building_conformal/outputs/matched_forecasting005/rico_h60_f2_s42_v1|smart_building_conformal/outputs/matched_forecasting005/rico_h60_f2_s43_v1|smart_building_conformal/outputs/matched_forecasting005/rico_h60_f2_s44_v1,1313d1f837d1a817bae522e566b1ae780eac3779acb6c6ce8a1d3c571d0498f2|85ad761357274da3f86ef8417ede058f4bfe3615117513b11d0b1ac2c3765dfe|01b0ab222def6a097a71173f162a9d0a123cee2401f80ab01e645ea937b84d41,9577,3297,6437,42|43|44,3,3,0.7156750038837968,1.3597399555105182e-16,0.7156750038837967,0.7156750038837967,training-seed variability on same evaluation support; not a population confidence interval,True,1.0
rico,60,2,persistence,60,degrees C,rmse,,smart_building_conformal/outputs/matched_forecasting005/rico_h60_f2_s42_v1|smart_building_conformal/outputs/matched_forecasting005/rico_h60_f2_s43_v1|smart_building_conformal/outputs/matched_forecasting005/rico_h60_f2_s44_v1,1313d1f837d1a817bae522e566b1ae780eac3779acb6c6ce8a1d3c571d0498f2|85ad761357274da3f86ef8417ede058f4bfe3615117513b11d0b1ac2c3765dfe|01b0ab222def6a097a71173f162a9d0a123cee2401f80ab01e645ea937b84d41,9577,3297,6437,42|43|44,3,3,1.041377894828978,0.0,1.041377894828978,1.041377894828978,training-seed variability on same evaluation support; not a population confidence interval,True,1.0
rico,60,2,persistence,60,degrees C,coverage90,0.9,smart_building_conformal/outputs/matched_forecasting005/rico_h60_f2_s42_v1|smart_building_conformal/outputs/matched_forecasting005/rico_h60_f2_s43_v1|smart_building_conformal/outputs/matched_forecasting005/rico_h60_f2_s44_v1,1313d1f837d1a817bae522e566b1ae780eac3779acb6c6ce8a1d3c571d0498f2|85ad761357274da3f86ef8417ede058f4bfe3615117513b11d0b1ac2c3765dfe|01b0ab222def6a097a71173f162a9d0a123cee2401f80ab01e645ea937b84d41,9577,3297,6437,42|43|44,3,3,0.9241882864688519,1.3597399555105182e-16,0.924188286468852,0.924188286468852,training-seed variability on same evaluation support; not a population confidence interval,True,1.0
rico,60,2,persistence,60,degrees C,signed_coverage_deviation90,0.9,smart_building_conformal/outputs/matched_forecasting005/rico_h60_f2_s42_v1|smart_building_conformal/outputs/matched_forecasting005/rico_h60_f2_s43_v1|smart_building_conformal/outputs/matched_forecasting005/rico_h60_f2_s44_v1,1313d1f837d1a817bae522e566b1ae780eac3779acb6c6ce8a1d3c571d0498f2|85ad761357274da3f86ef8417ede058f4bfe3615117513b11d0b1ac2c3765dfe|01b0ab222def6a097a71173f162a9d0a123cee2401f80ab01e645ea937b84d41,9577,3297,6437,42|43|44,3,3,0.02418828646885196,0.0,0.02418828646885196,0.02418828646885196,training-seed variability on same evaluation support; not a population confidence interval,True,1.0
rico,60,2,persistence,60,degrees C,absolute_coverage_deviation90,0.9,smart_building_conformal/outputs/matched_forecasting005/rico_h60_f2_s42_v1|smart_building_conformal/outputs/matched_forecasting005/rico_h60_f2_s43_v1|smart_building_conformal/outputs/matched_forecasting005/rico_h60_f2_s44_v1,1313d1f837d1a817bae522e566b1ae780eac3779acb6c6ce8a1d3c571d0498f2|85ad761357274da3f86ef8417ede058f4bfe3615117513b11d0b1ac2c3765dfe|01b0ab222def6a097a71173f162a9d0a123cee2401f80ab01e645ea937b84d41,9577,3297,6437,42|43|44,3,3,0.02418828646885196,0.0,0.02418828646885196,0.02418828646885196,training-seed variability on same evaluation support; not a population confidence interval,True,1.0
rico,60,2,persistence,60,degrees C,mpiw90,0.9,smart_building_conformal/outputs/matched_forecasting005/rico_h60_f2_s42_v1|smart_building_conformal/outputs/matched_forecasting005/rico_h60_f2_s43_v1|smart_building_conformal/outputs/matched_forecasting005/rico_h60_f2_s44_v1,1313d1f837d1a817bae522e566b1ae780eac3779acb6c6ce8a1d3c571d0498f2|85ad761357274da3f86ef8417ede058f4bfe3615117513b11d0b1ac2c3765dfe|01b0ab222def6a097a71173f162a9d0a123cee2401f80ab01e645ea937b84d41,9577,3297,6437,42|43|44,3,3,3.6000000000000014,0.0,3.6000000000000014,3.6000000000000014,training-seed variability on same evaluation support; not a population confidence interval,True,1.0
rico,60,2,persistence,60,degrees C,winkler90,0.9,smart_building_conformal/outputs/matched_forecasting005/rico_h60_f2_s42_v1|smart_building_conformal/outputs/matched_forecasting005/rico_h60_f2_s43_v1|smart_building_conformal/outputs/matched_forecasting005/rico_h60_f2_s44_v1,1313d1f837d1a817bae522e566b1ae780eac3779acb6c6ce8a1d3c571d0498f2|85ad761357274da3f86ef8417ede058f4bfe3615117513b11d0b1ac2c3765dfe|01b0ab222def6a097a71173f162a9d0a123cee2401f80ab01e645ea937b84d41,9577,3297,6437,42|43|44,3,3,5.100388379679974,0.0,5.100388379679974,5.100388379679974,training-seed variability on same evaluation support; not a population confidence interval,True,1.0
rico,60,2,persistence,60,degrees C,coverage95,0.95,smart_building_conformal/outputs/matched_forecasting005/rico_h60_f2_s42_v1|smart_building_conformal/outputs/matched_forecasting005/rico_h60_f2_s43_v1|smart_building_conformal/outputs/matched_forecasting005/rico_h60_f2_s44_v1,1313d1f837d1a817bae522e566b1ae780eac3779acb6c6ce8a1d3c571d0498f2|85ad761357274da3f86ef8417ede058f4bfe3615117513b11d0b1ac2c3765dfe|01b0ab222def6a097a71173f162a9d0a123cee2401f80ab01e645ea937b84d41,9577,3297,6437,42|43|44,3,3,0.9608513282585055,0.0,0.9608513282585055,0.9608513282585055,training-seed variability on same evaluation support; not a population confidence interval,True,1.0
rico,60,2,persistence,60,degrees C,signed_coverage_deviation95,0.95,smart_building_conformal/outputs/matched_forecasting005/rico_h60_f2_s42_v1|smart_building_conformal/outputs/matched_forecasting005/rico_h60_f2_s43_v1|smart_building_conformal/outputs/matched_forecasting005/rico_h60_f2_s44_v1,1313d1f837d1a817bae522e566b1ae780eac3779acb6c6ce8a1d3c571d0498f2|85ad761357274da3f86ef8417ede058f4bfe3615117513b11d0b1ac2c3765dfe|01b0ab222def6a097a71173f162a9d0a123cee2401f80ab01e645ea937b84d41,9577,3297,6437,42|43|44,3,3,0.010851328258505544,0.0,0.010851328258505544,0.010851328258505544,training-seed variability on same evaluation support; not a population confidence interval,True,1.0
rico,60,2,persistence,60,degrees C,absolute_coverage_deviation95,0.95,smart_building_conformal/outputs/matched_forecasting005/rico_h60_f2_s42_v1|smart_building_conformal/outputs/matched_forecasting005/rico_h60_f2_s43_v1|smart_building_conformal/outputs/matched_forecasting005/rico_h60_f2_s44_v1,1313d1f837d1a817bae522e566b1ae780eac3779acb6c6ce8a1d3c571d0498f2|85ad761357274da3f86ef8417ede058f4bfe3615117513b11d0b1ac2c3765dfe|01b0ab222def6a097a71173f162a9d0a123cee2401f80ab01e645ea937b84d41,9577,3297,6437,42|43|44,3,3,0.010851328258505544,0.0,0.010851328258505544,0.010851328258505544,training-seed variability on same evaluation support; not a population confidence interval,True,1.0
rico,60,2,persistence,60,degrees C,mpiw95,0.95,smart_building_conformal/outputs/matched_forecasting005/rico_h60_f2_s42_v1|smart_building_conformal/outputs/matched_forecasting005/rico_h60_f2_s43_v1|smart_building_conformal/outputs/matched_forecasting005/rico_h60_f2_s44_v1,1313d1f837d1a817bae522e566b1ae780eac3779acb6c6ce8a1d3c571d0498f2|85ad761357274da3f86ef8417ede058f4bfe3615117513b11d0b1ac2c3765dfe|01b0ab222def6a097a71173f162a9d0a123cee2401f80ab01e645ea937b84d41,9577,3297,6437,42|43|44,3,3,5.0,0.0,5.0,5.0,training-seed variability on same evaluation support; not a population confidence interval,True,1.0
rico,60,2,persistence,60,degrees C,winkler95,0.95,smart_building_conformal/outputs/matched_forecasting005/rico_h60_f2_s42_v1|smart_building_conformal/outputs/matched_forecasting005/rico_h60_f2_s43_v1|smart_building_conformal/outputs/matched_forecasting005/rico_h60_f2_s44_v1,1313d1f837d1a817bae522e566b1ae780eac3779acb6c6ce8a1d3c571d0498f2|85ad761357274da3f86ef8417ede058f4bfe3615117513b11d0b1ac2c3765dfe|01b0ab222def6a097a71173f162a9d0a123cee2401f80ab01e645ea937b84d41,9577,3297,6437,42|43|44,3,3,6.397545440422557,1.0877919644084146e-15,6.397545440422556,6.397545440422556,training-seed variability on same evaluation support; not a population confidence interval,True,1.0
rico,60,2,persistence,60,degrees C,tuning_seconds,,smart_building_conformal/outputs/matched_forecasting005/rico_h60_f2_s42_v1|smart_building_conformal/outputs/matched_forecasting005/rico_h60_f2_s43_v1|smart_building_conformal/outputs/matched_forecasting005/rico_h60_f2_s44_v1,1313d1f837d1a817bae522e566b1ae780eac3779acb6c6ce8a1d3c571d0498f2|85ad761357274da3f86ef8417ede058f4bfe3615117513b11d0b1ac2c3765dfe|01b0ab222def6a097a71173f162a9d0a123cee2401f80ab01e645ea937b84d41,9577,3297,6437,42|43|44,3,3,0.0,0.0,0.0,0.0,training-seed variability on same evaluation support; not a population confidence interval,True,1.0
rico,60,2,persistence,60,degrees C,final_fit_seconds,,smart_building_conformal/outputs/matched_forecasting005/rico_h60_f2_s42_v1|smart_building_conformal/outputs/matched_forecasting005/rico_h60_f2_s43_v1|smart_building_conformal/outputs/matched_forecasting005/rico_h60_f2_s44_v1,1313d1f837d1a817bae522e566b1ae780eac3779acb6c6ce8a1d3c571d0498f2|85ad761357274da3f86ef8417ede058f4bfe3615117513b11d0b1ac2c3765dfe|01b0ab222def6a097a71173f162a9d0a123cee2401f80ab01e645ea937b84d41,9577,3297,6437,42|43|44,3,3,0.0004202000006140831,4.086550562784186e-05,0.0003800000049523078,0.0004616999940481037,training-seed variability on same evaluation support; not a population confidence interval,True,1.0
rico,60,2,persistence,60,degrees C,calibration_seconds,,smart_building_conformal/outputs/matched_forecasting005/rico_h60_f2_s42_v1|smart_building_conformal/outputs/matched_forecasting005/rico_h60_f2_s43_v1|smart_building_conformal/outputs/matched_forecasting005/rico_h60_f2_s44_v1,1313d1f837d1a817bae522e566b1ae780eac3779acb6c6ce8a1d3c571d0498f2|85ad761357274da3f86ef8417ede058f4bfe3615117513b11d0b1ac2c3765dfe|01b0ab222def6a097a71173f162a9d0a123cee2401f80ab01e645ea937b84d41,9577,3297,6437,42|43|44,3,3,0.0026591333371470682,0.0007112656466207242,0.002090300011332147,0.0034566000031190924,training-seed variability on same evaluation support; not a population confidence interval,True,1.0
rico,60,2,persistence,60,degrees C,inference_seconds,,smart_building_conformal/outputs/matched_forecasting005/rico_h60_f2_s42_v1|smart_building_conformal/outputs/matched_forecasting005/rico_h60_f2_s43_v1|smart_building_conformal/outputs/matched_forecasting005/rico_h60_f2_s44_v1,1313d1f837d1a817bae522e566b1ae780eac3779acb6c6ce8a1d3c571d0498f2|85ad761357274da3f86ef8417ede058f4bfe3615117513b11d0b1ac2c3765dfe|01b0ab222def6a097a71173f162a9d0a123cee2401f80ab01e645ea937b84d41,9577,3297,6437,42|43|44,3,3,0.003251433331267132,0.00016012814703093286,0.003089599995291792,0.003409799996006768,training-seed variability on same evaluation support; not a population confidence interval,True,1.0
rico,60,2,persistence,60,degrees C,model_phase_seconds,,smart_building_conformal/outputs/matched_forecasting005/rico_h60_f2_s42_v1|smart_building_conformal/outputs/matched_forecasting005/rico_h60_f2_s43_v1|smart_building_conformal/outputs/matched_forecasting005/rico_h60_f2_s44_v1,1313d1f837d1a817bae522e566b1ae780eac3779acb6c6ce8a1d3c571d0498f2|85ad761357274da3f86ef8417ede058f4bfe3615117513b11d0b1ac2c3765dfe|01b0ab222def6a097a71173f162a9d0a123cee2401f80ab01e645ea937b84d41,9577,3297,6437,42|43|44,3,3,0.006330766669028283,0.0008260212624839466,0.005641600000672042,0.007246400004078168,training-seed variability on same evaluation support; not a population confidence interval,True,1.0
rico,60,2,persistence,60,degrees C,process_cpu_seconds,,smart_building_conformal/outputs/matched_forecasting005/rico_h60_f2_s42_v1|smart_building_conformal/outputs/matched_forecasting005/rico_h60_f2_s43_v1|smart_building_conformal/outputs/matched_forecasting005/rico_h60_f2_s44_v1,1313d1f837d1a817bae522e566b1ae780eac3779acb6c6ce8a1d3c571d0498f2|85ad761357274da3f86ef8417ede058f4bfe3615117513b11d0b1ac2c3765dfe|01b0ab222def6a097a71173f162a9d0a123cee2401f80ab01e645ea937b84d41,9577,3297,6437,42|43|44,3,3,0.010416666666666666,0.009021097956087904,0.0,0.015625,training-seed variability on same evaluation support; not a population confidence interval,True,1.0
rico,60,2,persistence,60,degrees C,inference_rows_per_second,,smart_building_conformal/outputs/matched_forecasting005/rico_h60_f2_s42_v1|smart_building_conformal/outputs/matched_forecasting005/rico_h60_f2_s43_v1|smart_building_conformal/outputs/matched_forecasting005/rico_h60_f2_s44_v1,1313d1f837d1a817bae522e566b1ae780eac3779acb6c6ce8a1d3c571d0498f2|85ad761357274da3f86ef8417ede058f4bfe3615117513b11d0b1ac2c3765dfe|01b0ab222def6a097a71173f162a9d0a123cee2401f80ab01e645ea937b84d41,9577,3297,6437,42|43|44,3,3,1982956.317669782,97932.14985413598,1887794.0077243238,2083441.2253396153,training-seed variability on same evaluation support; not a population confidence interval,True,1.0
rico,60,2,xgboost,60,degrees C,mae,,smart_building_conformal/outputs/matched_forecasting005/rico_h60_f2_s42_v1|smart_building_conformal/outputs/matched_forecasting005/rico_h60_f2_s43_v1|smart_building_conformal/outputs/matched_forecasting005/rico_h60_f2_s44_v1,1313d1f837d1a817bae522e566b1ae780eac3779acb6c6ce8a1d3c571d0498f2|85ad761357274da3f86ef8417ede058f4bfe3615117513b11d0b1ac2c3765dfe|01b0ab222def6a097a71173f162a9d0a123cee2401f80ab01e645ea937b84d41,9577,3297,6437,42|43|44,3,3,1.241152070899684,0.043383531498538,1.1955028583123037,1.281844045435473,training-seed variability on same evaluation support; not a population confidence interval,False,
rico,60,2,xgboost,60,degrees C,rmse,,smart_building_conformal/outputs/matched_forecasting005/rico_h60_f2_s42_v1|smart_building_conformal/outputs/matched_forecasting005/rico_h60_f2_s43_v1|smart_building_conformal/outputs/matched_forecasting005/rico_h60_f2_s44_v1,1313d1f837d1a817bae522e566b1ae780eac3779acb6c6ce8a1d3c571d0498f2|85ad761357274da3f86ef8417ede058f4bfe3615117513b11d0b1ac2c3765dfe|01b0ab222def6a097a71173f162a9d0a123cee2401f80ab01e645ea937b84d41,9577,3297,6437,42|43|44,3,3,1.848530604993489,0.05354104889941655,1.788193478359507,1.8903703841604178,training-seed variability on same evaluation support; not a population confidence interval,False,
rico,60,2,xgboost,60,degrees C,coverage90,0.9,smart_building_conformal/outputs/matched_forecasting005/rico_h60_f2_s42_v1|smart_building_conformal/outputs/matched_forecasting005/rico_h60_f2_s43_v1|smart_building_conformal/outputs/matched_forecasting005/rico_h60_f2_s44_v1,1313d1f837d1a817bae522e566b1ae780eac3779acb6c6ce8a1d3c571d0498f2|85ad761357274da3f86ef8417ede058f4bfe3615117513b11d0b1ac2c3765dfe|01b0ab222def6a097a71173f162a9d0a123cee2401f80ab01e645ea937b84d41,9577,3297,6437,42|43|44,3,3,0.6558438195846926,0.027290833336702427,0.6381854901351561,0.6872766816840143,training-seed variability on same evaluation support; not a population confidence interval,False,
rico,60,2,xgboost,60,degrees C,signed_coverage_deviation90,0.9,smart_building_conformal/outputs/matched_forecasting005/rico_h60_f2_s42_v1|smart_building_conformal/outputs/matched_forecasting005/rico_h60_f2_s43_v1|smart_building_conformal/outputs/matched_forecasting005/rico_h60_f2_s44_v1,1313d1f837d1a817bae522e566b1ae780eac3779acb6c6ce8a1d3c571d0498f2|85ad761357274da3f86ef8417ede058f4bfe3615117513b11d0b1ac2c3765dfe|01b0ab222def6a097a71173f162a9d0a123cee2401f80ab01e645ea937b84d41,9577,3297,6437,42|43|44,3,3,-0.24415618041530732,0.027290833336702427,-0.2618145098648439,-0.21272331831598568,training-seed variability on same evaluation support; not a population confidence interval,False,
rico,60,2,xgboost,60,degrees C,absolute_coverage_deviation90,0.9,smart_building_conformal/outputs/matched_forecasting005/rico_h60_f2_s42_v1|smart_building_conformal/outputs/matched_forecasting005/rico_h60_f2_s43_v1|smart_building_conformal/outputs/matched_forecasting005/rico_h60_f2_s44_v1,1313d1f837d1a817bae522e566b1ae780eac3779acb6c6ce8a1d3c571d0498f2|85ad761357274da3f86ef8417ede058f4bfe3615117513b11d0b1ac2c3765dfe|01b0ab222def6a097a71173f162a9d0a123cee2401f80ab01e645ea937b84d41,9577,3297,6437,42|43|44,3,3,0.24415618041530732,0.027290833336702427,0.21272331831598568,0.2618145098648439,training-seed variability on same evaluation support; not a population confidence interval,False,
rico,60,2,xgboost,60,degrees C,mpiw90,0.9,smart_building_conformal/outputs/matched_forecasting005/rico_h60_f2_s42_v1|smart_building_conformal/outputs/matched_forecasting005/rico_h60_f2_s43_v1|smart_building_conformal/outputs/matched_forecasting005/rico_h60_f2_s44_v1,1313d1f837d1a817bae522e566b1ae780eac3779acb6c6ce8a1d3c571d0498f2|85ad761357274da3f86ef8417ede058f4bfe3615117513b11d0b1ac2c3765dfe|01b0ab222def6a097a71173f162a9d0a123cee2401f80ab01e645ea937b84d41,9577,3297,6437,42|43|44,3,3,2.762272135416668,0.24281520623295397,2.535365295410159,3.0183586120605463,training-seed variability on same evaluation support; not a population confidence interval,False,
rico,60,2,xgboost,60,degrees C,winkler90,0.9,smart_building_conformal/outputs/matched_forecasting005/rico_h60_f2_s42_v1|smart_building_conformal/outputs/matched_forecasting005/rico_h60_f2_s43_v1|smart_building_conformal/outputs/matched_forecasting005/rico_h60_f2_s44_v1,1313d1f837d1a817bae522e566b1ae780eac3779acb6c6ce8a1d3c571d0498f2|85ad761357274da3f86ef8417ede058f4bfe3615117513b11d0b1ac2c3765dfe|01b0ab222def6a097a71173f162a9d0a123cee2401f80ab01e645ea937b84d41,9577,3297,6437,42|43|44,3,3,10.967413602446442,0.5100818511207167,10.606001338037222,11.550884400670412,training-seed variability on same evaluation support; not a population confidence interval,False,
rico,60,2,xgboost,60,degrees C,coverage95,0.95,smart_building_conformal/outputs/matched_forecasting005/rico_h60_f2_s42_v1|smart_building_conformal/outputs/matched_forecasting005/rico_h60_f2_s43_v1|smart_building_conformal/outputs/matched_forecasting005/rico_h60_f2_s44_v1,1313d1f837d1a817bae522e566b1ae780eac3779acb6c6ce8a1d3c571d0498f2|85ad761357274da3f86ef8417ede058f4bfe3615117513b11d0b1ac2c3765dfe|01b0ab222def6a097a71173f162a9d0a123cee2401f80ab01e645ea937b84d41,9577,3297,6437,42|43|44,3,3,0.8571280617264772,0.0367634004175959,0.8155973279478018,0.8855056703433276,training-seed variability on same evaluation support; not a population confidence interval,False,
rico,60,2,xgboost,60,degrees C,signed_coverage_deviation95,0.95,smart_building_conformal/outputs/matched_forecasting005/rico_h60_f2_s42_v1|smart_building_conformal/outputs/matched_forecasting005/rico_h60_f2_s43_v1|smart_building_conformal/outputs/matched_forecasting005/rico_h60_f2_s44_v1,1313d1f837d1a817bae522e566b1ae780eac3779acb6c6ce8a1d3c571d0498f2|85ad761357274da3f86ef8417ede058f4bfe3615117513b11d0b1ac2c3765dfe|01b0ab222def6a097a71173f162a9d0a123cee2401f80ab01e645ea937b84d41,9577,3297,6437,42|43|44,3,3,-0.0928719382735228,0.0367634004175959,-0.13440267205219814,-0.06449432965667234,training-seed variability on same evaluation support; not a population confidence interval,False,
rico,60,2,xgboost,60,degrees C,absolute_coverage_deviation95,0.95,smart_building_conformal/outputs/matched_forecasting005/rico_h60_f2_s42_v1|smart_building_conformal/outputs/matched_forecasting005/rico_h60_f2_s43_v1|smart_building_conformal/outputs/matched_forecasting005/rico_h60_f2_s44_v1,1313d1f837d1a817bae522e566b1ae780eac3779acb6c6ce8a1d3c571d0498f2|85ad761357274da3f86ef8417ede058f4bfe3615117513b11d0b1ac2c3765dfe|01b0ab222def6a097a71173f162a9d0a123cee2401f80ab01e645ea937b84d41,9577,3297,6437,42|43|44,3,3,0.0928719382735228,0.0367634004175959,0.06449432965667234,0.13440267205219814,training-seed variability on same evaluation support; not a population confidence interval,False,
rico,60,2,xgboost,60,degrees C,mpiw95,0.95,smart_building_conformal/outputs/matched_forecasting005/rico_h60_f2_s42_v1|smart_building_conformal/outputs/matched_forecasting005/rico_h60_f2_s43_v1|smart_building_conformal/outputs/matched_forecasting005/rico_h60_f2_s44_v1,1313d1f837d1a817bae522e566b1ae780eac3779acb6c6ce8a1d3c571d0498f2|85ad761357274da3f86ef8417ede058f4bfe3615117513b11d0b1ac2c3765dfe|01b0ab222def6a097a71173f162a9d0a123cee2401f80ab01e645ea937b84d41,9577,3297,6437,42|43|44,3,3,4.670220692952472,0.6977873556417642,3.875130462646482,5.1808181762695265,training-seed variability on same evaluation support; not a population confidence interval,False,
rico,60,2,xgboost,60,degrees C,winkler95,0.95,smart_building_conformal/outputs/matched_forecasting005/rico_h60_f2_s42_v1|smart_building_conformal/outputs/matched_forecasting005/rico_h60_f2_s43_v1|smart_building_conformal/outputs/matched_forecasting005/rico_h60_f2_s44_v1,1313d1f837d1a817bae522e566b1ae780eac3779acb6c6ce8a1d3c571d0498f2|85ad761357274da3f86ef8417ede058f4bfe3615117513b11d0b1ac2c3765dfe|01b0ab222def6a097a71173f162a9d0a123cee2401f80ab01e645ea937b84d41,9577,3297,6437,42|43|44,3,3,12.109915663161269,0.9667227088686653,11.397255344933118,13.210315206781646,training-seed variability on same evaluation support; not a population confidence interval,False,
rico,60,2,xgboost,60,degrees C,tuning_seconds,,smart_building_conformal/outputs/matched_forecasting005/rico_h60_f2_s42_v1|smart_building_conformal/outputs/matched_forecasting005/rico_h60_f2_s43_v1|smart_building_conformal/outputs/matched_forecasting005/rico_h60_f2_s44_v1,1313d1f837d1a817bae522e566b1ae780eac3779acb6c6ce8a1d3c571d0498f2|85ad761357274da3f86ef8417ede058f4bfe3615117513b11d0b1ac2c3765dfe|01b0ab222def6a097a71173f162a9d0a123cee2401f80ab01e645ea937b84d41,9577,3297,6437,42|43|44,3,3,3.1649148333308403,0.3612308548505583,2.916719499989995,3.5793348000006517,training-seed variability on same evaluation support; not a population confidence interval,False,
rico,60,2,xgboost,60,degrees C,final_fit_seconds,,smart_building_conformal/outputs/matched_forecasting005/rico_h60_f2_s42_v1|smart_building_conformal/outputs/matched_forecasting005/rico_h60_f2_s43_v1|smart_building_conformal/outputs/matched_forecasting005/rico_h60_f2_s44_v1,1313d1f837d1a817bae522e566b1ae780eac3779acb6c6ce8a1d3c571d0498f2|85ad761357274da3f86ef8417ede058f4bfe3615117513b11d0b1ac2c3765dfe|01b0ab222def6a097a71173f162a9d0a123cee2401f80ab01e645ea937b84d41,9577,3297,6437,42|43|44,3,3,0.7215432666707784,0.1310480310929523,0.6289911000058055,0.8714975000038976,training-seed variability on same evaluation support; not a population confidence interval,False,
rico,60,2,xgboost,60,degrees C,calibration_seconds,,smart_building_conformal/outputs/matched_forecasting005/rico_h60_f2_s42_v1|smart_building_conformal/outputs/matched_forecasting005/rico_h60_f2_s43_v1|smart_building_conformal/outputs/matched_forecasting005/rico_h60_f2_s44_v1,1313d1f837d1a817bae522e566b1ae780eac3779acb6c6ce8a1d3c571d0498f2|85ad761357274da3f86ef8417ede058f4bfe3615117513b11d0b1ac2c3765dfe|01b0ab222def6a097a71173f162a9d0a123cee2401f80ab01e645ea937b84d41,9577,3297,6437,42|43|44,3,3,0.05511856666513874,0.005435676285030103,0.05156880000140518,0.061376300000119954,training-seed variability on same evaluation support; not a population confidence interval,False,
rico,60,2,xgboost,60,degrees C,inference_seconds,,smart_building_conformal/outputs/matched_forecasting005/rico_h60_f2_s42_v1|smart_building_conformal/outputs/matched_forecasting005/rico_h60_f2_s43_v1|smart_building_conformal/outputs/matched_forecasting005/rico_h60_f2_s44_v1,1313d1f837d1a817bae522e566b1ae780eac3779acb6c6ce8a1d3c571d0498f2|85ad761357274da3f86ef8417ede058f4bfe3615117513b11d0b1ac2c3765dfe|01b0ab222def6a097a71173f162a9d0a123cee2401f80ab01e645ea937b84d41,9577,3297,6437,42|43|44,3,3,0.1230552333339195,0.028596007264789416,0.1040074999909848,0.15593760000774637,training-seed variability on same evaluation support; not a population confidence interval,False,
rico,60,2,xgboost,60,degrees C,model_phase_seconds,,smart_building_conformal/outputs/matched_forecasting005/rico_h60_f2_s42_v1|smart_building_conformal/outputs/matched_forecasting005/rico_h60_f2_s43_v1|smart_building_conformal/outputs/matched_forecasting005/rico_h60_f2_s44_v1,1313d1f837d1a817bae522e566b1ae780eac3779acb6c6ce8a1d3c571d0498f2|85ad761357274da3f86ef8417ede058f4bfe3615117513b11d0b1ac2c3765dfe|01b0ab222def6a097a71173f162a9d0a123cee2401f80ab01e645ea937b84d41,9577,3297,6437,42|43|44,3,3,4.064631900000677,0.5261769809971865,3.702128699980676,4.668146200012416,training-seed variability on same evaluation support; not a population confidence interval,False,
rico,60,2,xgboost,60,degrees C,process_cpu_seconds,,smart_building_conformal/outputs/matched_forecasting005/rico_h60_f2_s42_v1|smart_building_conformal/outputs/matched_forecasting005/rico_h60_f2_s43_v1|smart_building_conformal/outputs/matched_forecasting005/rico_h60_f2_s44_v1,1313d1f837d1a817bae522e566b1ae780eac3779acb6c6ce8a1d3c571d0498f2|85ad761357274da3f86ef8417ede058f4bfe3615117513b11d0b1ac2c3765dfe|01b0ab222def6a097a71173f162a9d0a123cee2401f80ab01e645ea937b84d41,9577,3297,6437,42|43|44,3,3,3.984375,0.5179870141953368,3.625,4.578125,training-seed variability on same evaluation support; not a population confidence interval,False,
rico,60,2,xgboost,60,degrees C,inference_rows_per_second,,smart_building_conformal/outputs/matched_forecasting005/rico_h60_f2_s42_v1|smart_building_conformal/outputs/matched_forecasting005/rico_h60_f2_s43_v1|smart_building_conformal/outputs/matched_forecasting005/rico_h60_f2_s44_v1,1313d1f837d1a817bae522e566b1ae780eac3779acb6c6ce8a1d3c571d0498f2|85ad761357274da3f86ef8417ede058f4bfe3615117513b11d0b1ac2c3765dfe|01b0ab222def6a097a71173f162a9d0a123cee2401f80ab01e645ea937b84d41,9577,3297,6437,42|43|44,3,3,54034.95611314027,11144.998107381585,41279.33224366821,61889.76757020358,training-seed variability on same evaluation support; not a population confidence interval,False,
